"","pathway","pval","padj","log2err","ES","NES","size","leadingEdge"
"1","TABULA_MURIS_SENIS_MARROW_HEMATOPOIETIC_PRECURSOR_CELL_AGEING","3.06985189641202e-10","3.32181143885338e-08","0.814035837847908","-0.729082812154423","-2.4535238600276","63","c(""Cd8b1"", ""Sh2d1a"", ""Tmsb4x"", ""Cd3d"", ""Thy1"", ""Ltb"", ""Anxa2"", ""Cd52"", ""Lat"", ""S100a11"", ""Cd3e"", ""Cd3g"", ""Ostf1"", ""Sat1"", ""Ctsb"", ""AW112010"", ""Ms4a6b"", ""Msrb1"", ""Gimap3"", ""B2m"", ""Cd9"", ""Gimap7"", ""Glrx"", ""Prr13"", ""Tnfrsf18"", ""Ms4a4b"", ""Vasp"", ""Vsir"")"
"2","ZENG_GU_ICB_CONTROL_METAGENE_25_PRECICTIVE_ICB_RESPONSE","3.04700053347634e-12","5.13957295867259e-10","0.898671232061694","-0.623716680583872","-2.35934209424483","127","c(""Cd8a"", ""Cd8b1"", ""Sh2d1a"", ""Cd3d"", ""Ltb"", ""Slamf6"", ""Cd4"", ""Cd27"", ""Cd52"", ""Ccr9"", ""Lat"", ""Cd3e"", ""Cd3g"", ""Ctsb"", ""Zbp1"", ""Lcp2"", ""Gpr171"", ""S1pr4"", ""Gimap3"", ""Itgal"", ""B2m"", ""Spn"", ""Icos"", ""Gng2"", ""Stat1"", ""Myo1f"", ""Plekho1"", ""Cyth4"")"
"3","MORI_IMMATURE_B_LYMPHOCYTE_DN","8.77435616968995e-10","8.38682210552864e-08","0.801215574617779","-0.672304483538133","-2.33835132779475","80","c(""Tubb5"", ""Smc4"", ""Stmn1"", ""Hmgb1"", ""Tuba1a"", ""Rrm2"", ""Rbbp4"", ""Hjurp"", ""Top2a"", ""Slbp"", ""Rag1"", ""Cdkn2c"", ""Smc2"", ""Hmgn2"", ""Nusap1"", ""Ezh2"", ""Cenpl"", ""Ndc80"", ""Tmpo"", ""Tubb4b"", ""Anp32e"", ""Cdca3"", ""Cdk1"", ""Lmnb1"", ""Haus3"", ""Cbx1"", ""Xrcc6"", ""Lgals1"", ""Ccna2"", ""Ncaph"", ""Rrm1"", ""Mki67"", ""Lig1"", ""Prc1"", ""Ckap5"", ""Cdc45"", ""E2f8"", ""Tuba1b"", ""Ube2c"", ""Txn1"", ""Hnrnpa3"", ""Cenpa"", ""Actn4"", ""Ttk"", ""Prdx4"", ""Pcna"", ""Rad51"", ""Smarca4"", ""Melk"", ""Cdca5"", ""Dnmt1"")"
"4","LI_INDUCED_T_TO_NATURAL_KILLER_DN","1.86100066770553e-09","1.57366246136792e-07","0.788186810800237","-0.680935485236588","-2.31647909380935","72","c(""H3f3b"", ""Satb1"", ""Sh2d1a"", ""Cd3d"", ""Tcf7"", ""Ets1"", ""Dntt"", ""Fyb"", ""Dgka"", ""Cd27"", ""Aqp11"", ""Tdrp"", ""Marcks"", ""Endou"", ""Actn1"", ""Rgcc"", ""Sox4"", ""Anp32e"", ""Xrcc6"", ""Dpp4"", ""Nck2"", ""Gfi1"", ""Aldh2"", ""Ly6d"", ""Rapgef3"")"
"5","MORI_LARGE_PRE_BII_LYMPHOCYTE_UP","8.15648525934982e-10","7.92838016311377e-08","0.801215574617779","-0.670390295438404","-2.29532747137159","77","c(""Tubb5"", ""Smc4"", ""Stmn1"", ""Hmgb1"", ""Calm2"", ""Ube2s"", ""Tuba1a"", ""Rrm2"", ""Rbbp4"", ""Hjurp"", ""Top2a"", ""Slbp"", ""Cdkn2c"", ""Smc2"", ""Hmgn2"", ""Bub3"", ""Asf1b"", ""Rad21"", ""Cenpl"", ""Ndc80"", ""Tmpo"", ""Tubb4b"", ""Anp32e"", ""Cdca3"", ""Cdk1"", ""Cmc2"", ""Lmnb1"", ""Lgals9"", ""Haus3"", ""Cbx1"", ""Xrcc6"", ""Lgals1"", ""Kif23"", ""Kif22"", ""Ccna2"", ""Ncaph"", ""Rrm1"", ""Mki67"", ""Lig1"", ""Prc1"", ""Racgap1"", ""E2f8"")"
"6","ZHENG_BOUND_BY_FOXP3","5.2734156552756e-14","1.37468358104571e-11","0.965327754226083","-0.581267663257597","-2.26210361175671","185","c(""Satb1"", ""Sh2d1a"", ""Tmsb4x"", ""Ets1"", ""Themis"", ""Ifngr1"", ""Fyb"", ""Slamf6"", ""Sp100"", ""Cd28"", ""Foxp1"", ""Tcf12"", ""Camk4"", ""Rrm2"", ""Ankrd44"", ""Ptprc"", ""Ablim1"", ""Tox"", ""Tube1"", ""Cdk19"", ""Nsmce1"", ""Clec2d"", ""Klf3"", ""Ift80"", ""St8sia4"", ""Ndc80"", ""Ms4a6b"", ""Cd226"", ""Klf6"", ""Slamf1"", ""Fli1"", ""Zfp36l2"", ""Ldlrad4"", ""Rpl37"", ""Stat5b"", ""Cmah"", ""Ifnar2"", ""Bcl6"", ""Nck2"", ""Cited2"", ""Trim59"", ""Sell"", ""Stat4"", ""Tmem71"", ""Lsm5"", ""Icos"", ""A930002I21Rik"", ""Gdi2"", ""P2ry10"", ""Rbl1"", ""Gng2"", ""Cytip"", ""Ms4a4b"", ""Stk10"", 
""Rasa3"", ""Ccr7"", ""Fam169b"", ""Add3"", ""Gata3"", ""Lta4h"", ""Elk3"", ""Dusp6"", ""Syne2"", ""Atp1b3"", ""Cnga1"", ""Rdm1"", ""Utp3"", ""Itga6"", ""Cadm3"", ""Samhd1"", ""Crem"", ""Klf2"", ""Nfkbiz"", ""Cd44"", ""Samsn1"", ""Aim2"", ""Rnf125"", ""St6gal1"")"
"7","GOBP_T_CELL_DIFFERENTIATION","2.62385128922668e-12","4.70243348241093e-10","0.898671232061694","-0.586063110454316","-2.24993928272317","162","c(""Cd8a"", ""Satb1"", ""Cd3d"", ""Hmgb1"", ""Tcf7"", ""Themis"", ""Ctsl"", ""Slamf6"", ""Cd4"", ""Cd27"", ""Psap"", ""Cd28"", ""Ccr9"", ""Foxp1"", ""Cd3e"", ""Cd1d1"", ""Rag1"", ""Ptprc"", ""Tox"", ""Nfatc3"", ""Rorc"", ""Sox4"", ""Cd3g"", ""Tcf3"", ""Igtp"", ""Gimap5"", ""Zfp36l2"", ""Stat5b"", ""Lgals9"", ""Gimap3"", ""Rag2"", ""Ifnar2"", ""Bcl6"", ""Lig4"", ""Drosha"", ""B2m"", ""Ikzf1"", ""Dusp10"", ""Stat4"", ""Nkap"", ""Runx1"", ""Spn"", ""Prelid1"", ""Irf1"", ""Myb"", ""Ccr7"", ""Vsir"", ""Cyld"", ""Gata3"", ""Il18r1"", ""Cbfb"", ""Ankle1"", ""Patz1"", ""Ikzf3"", ""Nfkbiz"", ""Blm"", ""Cd44"", ""Nlrp3"", 
""Ada"", ""Mafb"", ""Ncaph2"", ""Lag3"", ""Egr1"", ""Smarca4"")"
"8","REACTOME_IMMUNOREGULATORY_INTERACTIONS_BETWEEN_A_LYMPHOID_AND_A_NON_LYMPHOID_CELL","2.13756133956093e-07","1.0131334117671e-05","0.690132458796796","-0.664536873015924","-2.23867580134861","62","c(""Cd8a"", ""Cd8b1"", ""Cd3d"", ""Cd247"", ""Slamf6"", ""Cd3e"", ""Cd1d1"", ""Cd3g"", ""Cd226"", ""Itga4"", ""Itgb7"", ""Itgal"", ""B2m"", ""Sell"", ""Trbc2"", ""Icam2"", ""Treml2"", ""Trbc1"")"
"9","GOBP_ALPHA_BETA_T_CELL_DIFFERENTIATION","1.93593267261946e-08","1.24096102174074e-06","0.73376198835648","-0.648157844965919","-2.21496742128077","74","c(""Satb1"", ""Hmgb1"", ""Tcf7"", ""Ctsl"", ""Slamf6"", ""Psap"", ""Foxp1"", ""Cd1d1"", ""Tox"", ""Rorc"", ""Igtp"", ""Gimap5"", ""Gimap3"", ""Bcl6"", ""Stat4"", ""Nkap"", ""Runx1"", ""Spn"", ""Irf1"", ""Myb"", ""Ccr7"", ""Gata3"", ""Il18r1"", ""Cbfb"", ""Ankle1"", ""Nfkbiz"", ""Blm"", ""Nlrp3"", ""Ada"")"
"10","ZHENG_FOXP3_TARGETS_IN_THYMUS_UP","4.74759890905028e-07","1.98740728054039e-05","0.674962860011025","-0.637698082595222","-2.17001271926739","70","c(""Ets1"", ""Slamf6"", ""Cd28"", ""Tcf12"", ""Cxcr4"", ""Tox"", ""Hbp1"", ""Cdk19"", ""Klf3"", ""Klf6"", ""Slamf1"", ""Dbf4"", ""Tubb4b"", ""Fli1"", ""Zfp36l2"", ""Ldlrad4"", ""Stat5b"", ""Cdk2"", ""Ifnar2"", ""Nck2"", ""Cited2"", ""Stat4"", ""Gdi2"", ""P2ry10"", ""Nr3c1"", ""Add3"", ""Lta4h"", ""Elk3"", ""Itga6"", ""Samhd1"", ""Nfkbiz"", ""Smc5"", ""Rnf125"", ""Nsmce2"", ""Trim34a"")"
"11","ZENG_GU_ICB_CONTROL_METAGENE_8_PRECICTIVE_ICB_RESPONSE","5.33768086142787e-10","5.46635709648015e-08","0.801215574617779","-0.573720682693978","-2.16863436346847","137","c(""Cd8a"", ""Cd8b1"", ""Sh2d1a"", ""Slamf6"", ""Epsti1"", ""Cd27"", ""Cd28"", ""Lat"", ""Ptprc"", ""Cd3g"", ""Cd48"", ""Cd226"", ""Igtp"", ""AB124611"", ""Gpr171"", ""S1pr4"", ""Gimap3"", ""Itgal"", ""B2m"", ""Ikzf1"", ""Stat4"", ""Icos"", ""P2ry10"", ""Gimap7"", ""Stat1"", ""Irf1"", ""Gbp9"", ""Ifi47"", ""Gbp2"", ""Klri2"", ""Gpr174"", ""Slfn5"", ""Ikzf3"", ""Parp9"", ""Klra9"", ""Klrk1"", ""Lag3"", ""Klrb1b"", ""Slfn1"", ""Gimap4"", ""Prcp"", ""Dtx3l"", ""Ctsw"", ""Ipcef1"", ""Klrc2"", ""Fgl2"", ""Card11"", ""Cxcr6"", ""Lax1"", ""Klrb1c"", ""Klra8"", ""Cd7"", ""Parp14"", ""Syk"", ""Il10ra"", ""Klrc1"", 
""Klre1"", ""Clnk"", ""Il12b"", ""Fgr"")"
"12","GOBP_T_CELL_SELECTION","1.32166314196143e-06","4.737336324468e-05","0.643551836150722","-0.774217144801402","-2.16463007685056","28","c(""Cd3d"", ""Themis"", ""Ctsl"", ""Slamf6"", ""Cd4"", ""Cd28"", ""Cd3e"", ""Cd1d1"", ""Ptprc"", ""Tox"", ""Cd3g"", ""Spn"", ""Ccr7"", ""Cyld"", ""Gata3"")"
"13","GOBP_CHROMOSOME_SEPARATION","3.45830526062304e-06","0.000113984946377432","0.627256739718528","-0.663992441484675","-2.14573902967811","51","c(""Smc4"", ""Top2a"", ""Smc2"", ""Bub3"", ""Fbxo5"", ""Rad21"", ""Spc25"", ""Ncapd3"", ""Ndc80"", ""Ncapd2"", ""Birc5"", ""Mad1l1"", ""Incenp"", ""Ncaph"", ""Spc24"", ""Aurkb"", ""Ube2c"", ""Zw10"", ""Ncapg"", ""Mad2l1"", ""Ncapg2"", ""Ttk"", ""Spdl1"", ""Nuf2"", ""Cdca8"", ""Ncaph2"", ""Cep192"", ""Nsmce2"", ""Plscr2"")"
"14","TABULA_MURIS_SENIS_MESENTERIC_ADIPOSE_TISSUE_CD4_POSITIVE_ALPHA_BETA_T_CELL_AGEING","6.22536211552366e-06","0.000186923831060357","0.610526878385931","-0.722491124068369","-2.14148163408266","34","c(""Jund"", ""Klf13"", ""Ltb"", ""Mier1"", ""Ppp1r35"", ""Cotl1"", ""Ctsb"", ""Hexb"", ""Dpysl2"", ""Nfkbia"", ""Cst3"", ""B2m"", ""Prr13"")"
"15","GOBP_CD4_POSITIVE_ALPHA_BETA_T_CELL_DIFFERENTIATION","3.53842044040582e-06","0.000115959092718442","0.627256739718528","-0.652033921531008","-2.13571499808328","54","c(""Satb1"", ""Hmgb1"", ""Ctsl"", ""Slamf6"", ""Foxp1"", ""Tox"", ""Rorc"", ""Gimap5"", ""Gimap3"", ""Bcl6"", ""Stat4"", ""Runx1"", ""Spn"", ""Irf1"", ""Myb"", ""Ccr7"", ""Gata3"", ""Il18r1"", ""Cbfb"", ""Nfkbiz"", ""Nlrp3"")"
"16","GOBP_MONONUCLEAR_CELL_DIFFERENTIATION","4.86067736444354e-12","7.96456705288106e-10","0.887074988399873","-0.525604272121308","-2.12838045266669","239","c(""Cd8a"", ""Satb1"", ""Cd3d"", ""Hmgb1"", ""Tcf7"", ""Themis"", ""Ctsl"", ""Slamf6"", ""Cd4"", ""Cd27"", ""Psap"", ""Cd28"", ""Ccr9"", ""Foxp1"", ""Camk4"", ""Cd3e"", ""Ighm"", ""Cd1d1"", ""Rag1"", ""Ptprc"", ""Tox"", ""Nfatc3"", ""Rorc"", ""Sox4"", ""Ezh2"", ""Cd3g"", ""Cmtm7"", ""Tcf3"", ""Igtp"", ""Slamf1"", ""Gimap5"", ""Zfp36l2"", ""Stat5b"", ""Lgals9"", ""Gimap3"", ""Rag2"", ""Xrcc6"", ""Ifnar2"", ""Bcl6"", ""Lgals1"", ""Dpp4"", ""Lig4"", ""Drosha"", ""B2m"", ""Ikzf1"", ""Dusp10"", ""Stat4"", ""Nkap"", ""Runx1"", ""Spn"", ""Ly6d"", ""Prelid1"", ""Irf1"", ""Myb"", ""Ccr7"", ""Vsir"", ""Cebpg"", ""Cyld"", 
""Gata3"", ""Il18r1"", ""Cbfb"", ""Ankle1"", ""Patz1"", ""Id2"", ""Ikzf3"", ""Nfkbiz"", ""Blm"", ""Cd44"", ""Nlrp3"", ""Ada"", ""Mafb"", ""Ncaph2"", ""Lag3"", ""Ppp2r3c"", ""Egr1"", ""Smarca4"")"
"17","GOBP_ANTIGEN_RECEPTOR_MEDIATED_SIGNALING_PATHWAY","3.67156924412948e-07","1.61972689346789e-05","0.674962860011025","-0.620327998055568","-2.12516032518102","75","c(""Cd8a"", ""Sh2d1a"", ""Thy1"", ""Themis"", ""Cd247"", ""Fyb"", ""Cd28"", ""Lat"", ""Foxp1"", ""Cd3e"", ""Ighm"", ""Ptprc"", ""Bcl10"", ""Nfkbia"", ""Fcho1"", ""Cd226"", ""Lcp2"")"
"18","TORCHIA_TARGETS_OF_EWSR1_FLI1_FUSION_UP","3.1491861718112e-07","1.43337957899502e-05","0.674962860011025","-0.600855186946427","-2.11315630524503","83","c(""Mxd4"", ""Sp100"", ""Tsc22d3"", ""Cdkn2c"", ""Pecam1"", ""Emp3"", ""St8sia4"", ""Ddit4"", ""Klf6"", ""Slamf1"", ""Lyst"", ""S1pr4"", ""Itgb7"", ""Cmah"", ""Gramd3"", ""Orai2"", ""Stim2"", ""Dusp10"", ""Ypel2"", ""Runx1"", ""Icam2"", ""Serpinb6b"", ""Rsu1"", ""Tnfrsf18"", ""Slc43a1"", ""Cytip"", ""Il18r1"", ""Pgm2l1"", ""Id2"", ""Crem"", ""Gnb4"", ""Fry"", ""P2rx1"", ""St6galnac3"", ""Apoe"", ""Cdkn2b"", ""Mest"", ""Bbc3"", ""Ttc39b"", ""Nfic"", ""F2r"", ""Ppm1e"", ""Faah"")"
"19","IVANOVA_HEMATOPOIESIS_MATURE_CELL","1.91045766379109e-07","9.13039558486824e-06","0.690132458796796","-0.584688145461507","-2.10267328778463","96","c(""Arl6ip1"", ""Cdkn2d"", ""Lbr"", ""Klf3"", ""Ift80"", ""Mpp1"", ""Ctsb"", ""Tmpo"", ""Cd226"", ""E2f2"", ""Cdca3"", ""Cmah"", ""Trim59"", ""Ccna2"", ""Cdc42ep3"", ""Tfdp2"", ""G2e3"", ""Nudt4"", ""Prc1"", ""Ublcp1"", ""Nr3c1"", ""Aak1"", ""Gtf2a1"", ""Pqlc3"", ""Mxd1"", ""Spdl1"", ""Bpgm"")"
"20","HALLMARK_IL6_JAK_STAT3_SIGNALING","1.51219000357627e-05","0.000399650215230873","0.593325476396405","-0.676736203034982","-2.09137027218228","41","c(""Dntt"", ""Ltb"", ""Ifngr1"", ""Pim1"", ""Itga4"", ""Cd9"", ""Stat1"", ""Stat2"", ""Irf1"", ""Il18r1"", ""Irf9"", ""Cd44"", ""Socs3"")"
"21","MONNIER_POSTRADIATION_TUMOR_ESCAPE_DN","2.98434737152091e-09","2.4450331679532e-07","0.774939030136436","-0.546423383642122","-2.08963879216536","146","c(""Clic1"", ""Tmsb4x"", ""Ubald2"", ""Hmgb2"", ""Tsc22d3"", ""Marcks"", ""Hjurp"", ""Endou"", ""Hspb11"", ""Ppp1r35"", ""Nsmce1"", ""Klf3"", ""Pim1"", ""Anp32a"", ""Rpl15"", ""Hexb"", ""Mxd3"", ""Klf6"", ""Mndal"", ""Ifi203"", ""E2f7"", ""H1f0"", ""Nck2"", ""Miip"", ""Cep57l1"", ""Crip1"", ""Stim2"", ""Cdc42ep3"", ""Thoc7"", ""Rbl1"", ""Stat1"", ""Rapgef3"", ""Ube2t"", ""Skap2"", ""Mzt1"", ""Sgk1"", ""Skil"", ""Gbp2"", ""Hnrnpa3"", ""Ogn"", ""Dusp6"", ""Mfge8"", ""Rdm1"", ""Cep70"", ""Pqlc3"", ""Cep162"", ""Nfkbiz"", ""Pcgf5"", ""Fam111a"", ""St6gal1"", ""Egr1"", ""Ipp"", ""Pcbd2"", ""Cep72"", ""Spice1"", 
""Clu"")"
"22","GOBP_T_CELL_RECEPTOR_SIGNALING_PATHWAY","1.42312964866322e-05","0.000377854098846461","0.593325476396405","-0.64614425126043","-2.08806132737227","51","c(""Cd8a"", ""Sh2d1a"", ""Thy1"", ""Themis"", ""Cd247"", ""Fyb"", ""Cd28"", ""Lat"", ""Cd3e"", ""Ptprc"", ""Bcl10"", ""Fcho1"", ""Cd226"", ""Lcp2"")"
"23","YU_MYC_TARGETS_DN","1.5621881510008e-05","0.000410970139724294","0.575610261071129","-0.734337360494107","-2.08478213014371","30","c(""Ltb"", ""Dgka"", ""Cd1d1"", ""Rag1"", ""Ptprc"", ""Klf3"", ""Ifi203"", ""Cmah"")"
"24","GOBP_POSITIVE_REGULATION_OF_CALCIUM_ION_TRANSMEMBRANE_TRANSPORT","2.21479610542413e-05","0.00054281434464134","0.575610261071129","-0.671855895842464","-2.0835012677591","40","c(""Thy1"", ""Calm2"", ""Cd4"", ""Capn3"", ""Gimap5"", ""Gimap3"", ""Calm3"", ""Stim2"", ""Rapgef3"", ""Stim1"", ""Cacnb3"", ""Cxcr3"", ""Ramp3"")"
"25","GOBP_T_CELL_DIFFERENTIATION_IN_THYMUS","1.07901595057784e-05","0.000297507522911725","0.593325476396405","-0.640020001347552","-2.08248015382993","50","c(""Cd3d"", ""Cd28"", ""Cd3e"", ""Cd1d1"", ""Rag1"", ""Ptprc"", ""Tox"", ""Rorc"", ""Cd3g"", ""Tcf3"", ""Zfp36l2"", ""Stat5b"", ""Lgals9"", ""Rag2"", ""Ifnar2"", ""Lig4"", ""B2m"", ""Nkap"", ""Spn"", ""Ccr7"", ""Gata3"", ""Ankle1"", ""Blm"", ""Ada"", ""Mafb"", ""Ncaph2"")"
"26","TABULA_MURIS_SENIS_MARROW_GRANULOCYTOPOIETIC_CELL_AGEING","8.26681306472823e-07","3.19644690767191e-05","0.659444398037935","-0.605074117246684","-2.07169353879741","77","c(""Arl6ip1"", ""Cdkn2d"", ""Anxa2"", ""Cd52"", ""Ap3s1"", ""S100a11"", ""Rgcc"", ""Smc2"", ""Nusap1"", ""Emp3"", ""Spc25"", ""Atpif1"", ""Ccdc34"", ""Msrb1"", ""Birc5"", ""Fth1"", ""Cdca3"", ""Cdk1"", ""Cd9"", ""Cks2"", ""Tuba1c"", ""Blvrb"")"
"27","QI_PLASMACYTOMA_UP","1.6327270095063e-08","1.07628613787571e-06","0.73376198835648","-0.538920388051646","-2.06176167882221","147","c(""Sh2d1a"", ""Tmsb4x"", ""Cd3d"", ""Dntt"", ""Ltb"", ""Ifngr1"", ""Cd4"", ""Sp100"", ""Lat"", ""Cd3e"", ""Marcks"", ""Dek"", ""Rag1"", ""Psmb9"", ""Cd3g"", ""Nfkbia"", ""Slamf1"", ""Zyx"", ""Lgals9"", ""Itgb7"", ""Dpp4"", ""Cdc42ep3"", ""Ddt"", ""Traf1"", ""Stk10"", ""Irf1"", ""Plekho1"", ""Myb"", ""Vasp"", ""Gbp2"", ""Trim30a"", ""Itga6"", ""Id2"", ""Mta3"", ""Gnb4"", ""Lag3"", ""Nfkbie"", ""Irgm1"", ""Pdlim7"", ""Zfp36l1"", ""Ubash3b"", ""Clu"", ""Lst1"", ""Plxnc1"", ""Itgb1"", ""Casp7"", ""Fgl2"", ""Il18rap"", ""Ccl5"")"
"28","ISHIDA_E2F_TARGETS","2.27785079881698e-05","0.000551201448574489","0.575610261071129","-0.635492683173521","-2.06157492056079","49","c(""Stmn1"", ""Hmgb2"", ""Lbr"", ""Rrm2"", ""Top2a"", ""Slbp"", ""Cdkn2c"", ""Smc2"", ""Nusap1"", ""Asf1b"", ""Ezh2"", ""Rpa1"", ""Dbf4"", ""Cdk1"", ""Cdk2"", ""Ccna2"", ""Ncaph"", ""Rrm1"", ""Mki67"", ""Aurkb"", ""Lig1"", ""Ube2t"", ""Prc1"", ""E2f8"", ""Kifc1"")"
"29","TABULA_MURIS_SENIS_MESENTERIC_ADIPOSE_TISSUE_B_CELL_AGEING","3.8374478855866e-05","0.000869872079993642","0.557332238758646","-0.685647343274769","-2.05673326931974","36","c(""Jund"", ""Klf13"", ""H3f3a"", ""Anxa2"", ""Cotl1"", ""Hexb"", ""Dpysl2"", ""Cst3"", ""S1pr4"", ""Lgals1"")"
"30","TABULA_MURIS_SENIS_MAMMARY_GLAND_BASAL_CELL_AGEING","7.74938428769845e-08","4.27333835480294e-06","0.704975715167238","-0.539304178546276","-2.04738080781412","131","c(""H3f3b"", ""Ubb"", ""Jund"", ""Calm2"", ""Klf13"", ""Ptms"", ""Ctsl"", ""Hmgb2"", ""Psap"", ""Tubb2a"", ""Ddah2"", ""Csrp1"", ""Rgcc"", ""Vim"", ""Pim1"", ""Anp32a"", ""Cst3"", ""Zfp36l2"", ""Lgals9"", ""Sf3b2"", ""Ly6e"", ""Dusp1"", ""Aldh2"", ""Foxo1"", ""Ly6d"", ""Fxyd6"", ""Rgs2"", ""Sgk1"", ""Fam110a"", ""Arid5a"", ""Skil"", ""Irf1"", ""Marcksl1"", ""Ier5"", ""Crem"", ""Klf2"", ""Cldn4"", ""Ptov1"", ""Socs3"", ""Egr1"", ""Timp2"", ""Phlda1"", ""Pdlim7"", ""Zfp36l1"", ""Bcl7c"", ""Clic4"", ""Clu"", ""Apoe"", ""Dkk3"")"
"31","GOBP_POSITIVE_T_CELL_SELECTION","9.66605086462277e-06","0.000270413666871276","0.593325476396405","-0.805819586968096","-2.04586316846155","20","c(""Cd3d"", ""Themis"", ""Ctsl"", ""Slamf6"", ""Cd3e"", ""Cd1d1"", ""Ptprc"", ""Tox"", ""Cd3g"")"
"32","GOBP_HEMATOPOIETIC_OR_LYMPHOID_ORGAN_DEVELOPMENT","1.74367450806545e-05","0.000446427379631935","0.575610261071129","-0.626207847152679","-2.04448393330361","55","c(""Ltb"", ""Rag1"", ""Ptprc"", ""Tox"", ""Nfatc3"", ""Rorc"", ""Tcf3"", ""Mapk3"", ""Lmo4"", ""Mad1l1"", ""Stat5b"", ""Cited2"", ""Ikzf1"", ""Samd9l"", ""Myb"", ""Ccr7"", ""Raf1"", ""Gata3"", ""Ctc1"", ""Id2"", ""Nfkbiz"", ""Mapk1"", ""Ada"", ""Mafb"", ""Ppp2r3c"")"
"33","TABULA_MURIS_SENIS_MARROW_GRANULOCYTE_AGEING","5.60005154907736e-05","0.00119391433583489","0.557332238758646","-0.66642550018083","-2.04294224152351","38","c(""Clic1"", ""H3f3b"", ""Tmsb4x"", ""Anxa2"", ""Cd52"", ""S100a11"", ""Emp3"", ""Cotl1"", ""B2m"", ""Cd9"", ""Prr13"")"
"34","GOBP_IMMUNE_RESPONSE_REGULATING_CELL_SURFACE_RECEPTOR_SIGNALING_PATHWAY","1.20916540265822e-07","6.2473545804008e-06","0.690132458796796","-0.552358181939575","-2.0419841472804","118","c(""Cd8a"", ""Sh2d1a"", ""Hmgb1"", ""Thy1"", ""Themis"", ""Cd247"", ""Fyb"", ""Cd28"", ""Lat"", ""Foxp1"", ""Cd3e"", ""Ighm"", ""Ptprc"", ""Bcl10"", ""Nfkbia"", ""Fcho1"", ""Cd226"", ""Lcp2"")"
"35","GOCC_SPINDLE_MICROTUBULE","4.79073194372781e-05","0.00105672491143381","0.557332238758646","-0.693019147235683","-2.03006870202864","33","c(""Calm2"", ""Ska2"", ""Birc5"", ""Cdk1"", ""Haus3"", ""Calm3"", ""Haus8"", ""Aurkb"", ""Kif11"", ""Ccsap"", ""Fam110a"", ""Haus4"", ""Kif2a"", ""Zw10"", ""Cep295"", ""Haus5"", ""Aurka"", ""Kif18a"", ""Tubg1"", ""Ska1"", ""Kif3a"")"
"36","HUANG_GATA2_TARGETS_UP","3.7681776949583e-06","0.000122093215144553","0.627256739718528","-0.599302611105291","-2.02615855965212","68","c(""Satb1"", ""Anxa2"", ""Ap3s1"", ""Tox"", ""Hbp1"", ""Emp3"", ""Psmb9"", ""Cmtm7"", ""Sat1"", ""St8sia4"", ""Cst3"", ""Gpr171"", ""Lgals1"", ""B2m"", ""Dap"", ""Cytip"", ""Myo1f"", ""Plin2"", ""Fut8"")"
"37","GOBP_CHROMOSOME_CONDENSATION","2.78531081099595e-05","0.00065735627576386","0.575610261071129","-0.779854681496369","-2.02413962550629","22","c(""H3f3b"", ""Smc4"", ""H3f3a"", ""Top2a"", ""Smc2"", ""Nusap1"", ""Ncapd3"", ""Ncapd2"", ""Cdk1"", ""H1f0"", ""Ncaph"", ""Ncapg"", ""Ncapg2"", ""Smc5"", ""Ncaph2"", ""Cdca5"")"
"38","TABULA_MURIS_SENIS_BROWN_ADIPOSE_TISSUE_T_CELL_AGEING","8.50528101574881e-05","0.00169367314671248","0.538434096309916","-0.64743338782078","-2.01952595516031","43","c(""Clic1"", ""Tmsb4x"", ""Jund"", ""Klf13"", ""Ctsl"", ""S100a11"", ""Cd3e"", ""Cotl1"", ""Vim"", ""Cst3"", ""Sf3b2"", ""Lgals1"", ""Crip1"")"
"39","LAZARO_GENETIC_MOUSE_MODEL_HIGH_GRADE_LARGE_CELL_NEUROENDOCRINE_LUNG_CARCINOMA_DN","4.19619478984877e-08","2.5067892833107e-06","0.719512826338911","-0.53282558236305","-2.01320534162087","141","c(""Cd8a"", ""Cd8b1"", ""Ets1"", ""Themis"", ""Dgka"", ""Cd27"", ""Ankrd44"", ""Cd3g"", ""St8sia4"", ""Dpysl2"", ""Cd226"", ""Slamf1"", ""Gimap5"", ""Itgb7"", ""Gimap3"", ""Dpp4"", ""Rasgrp2"", ""Pitpnc1"", ""Tmem71"", ""Icam2"", ""P2ry10"", ""Rapgef3"", ""Ms4a4b"", ""Ccr7"", ""Akap12"", ""Syne1"", ""Cbfa2t3"", ""Ikzf3"", ""Mmd"", ""Klf2"")"
"40","BOYLAN_MULTIPLE_MYELOMA_C_D_DN","1.46582052749181e-08","9.77497758740178e-07","0.747739663149885","-0.523615997801486","-2.01163811160546","167","c(""Cd8b1"", ""Sh2d1a"", ""Cd3d"", ""Ltb"", ""Fyb"", ""Anxa2"", ""Cd28"", ""Cd3e"", ""Rgcc"", ""Arl4c"", ""Cd3g"", ""Zbp1"", ""Cd226"", ""Dhrs3"", ""Plin3"", ""Itgal"", ""Stat4"", ""Icos"", ""F13a1"", ""Cd9"", ""Cep250"", ""Myo1f"", ""Ms4a4b"", ""Trbc1"", ""Cacnb3"", ""Il18r1"", ""Gpr174"", ""Id2"", ""Zfp467"", ""Rtp4"", ""Ada"", ""Klrk1"", ""Upp1"", ""Trim34a"", ""Cldn7"", ""Tspan2"", ""Slfn1"", ""Cers4"", ""Raph1"", ""Gimap4"", ""Rnf128"", ""Ctsw"", ""Fgl2"", ""Il18rap"", ""Ccl5"", ""Cxcr6"", ""Ttc39b"", ""Khk"", ""Rora"", ""F2r"", ""Lax1"", ""Cd7"", ""Oosp1"", ""Klrc1"", ""Gzma"")"
"41","REACTOME_FACTORS_INVOLVED_IN_MEGAKARYOCYTE_DEVELOPMENT_AND_PLATELET_PRODUCTION","0.00010296827900225","0.00201543713337168","0.538434096309916","-0.643830321097449","-2.00828698154106","43","c(""H3f3b"", ""Tubb2b"", ""H3f3a"", ""Tuba1a"", ""Tubb2a"", ""Hdac1"", ""Tubb4b"", ""Kif23"", ""Kif20b"", ""Kif22"", ""Tuba1c"", ""Kif11"", ""Racgap1"", ""Kifc1"", ""Tuba1b"", ""Kif2a"", ""Gata3"")"
"42","VILIMAS_NOTCH1_TARGETS_UP","9.65736882648829e-05","0.00190326495601066","0.538434096309916","-0.628521166775911","-1.98945974720358","44","c(""Cd3d"", ""Thy1"", ""Cd28"", ""Lat"", ""Rag1"", ""Tox"", ""Cd3g"", ""Nfkbia"", ""Rag2"", ""P2ry10"", ""Traf1"", ""Tnfrsf18"", ""Irf7"", ""Ccr7"", ""Gata3"", ""Id2"", ""Egr1"", ""Ccl5"", ""Card11"", ""Icam1"", ""Ctla4"", ""Birc3"", ""Cd7"", ""Il10ra"", ""Gzma"", ""Egr2"", ""Il12b"")"
"43","GOBP_MICROTUBULE_CYTOSKELETON_ORGANIZATION_INVOLVED_IN_MITOSIS","8.44331860461748e-06","0.000243328805012468","0.593325476396405","-0.583826527365651","-1.98316775162713","73","c(""Stmn1"", ""Plk5"", ""Nusap1"", ""Stag2"", ""Spc25"", ""Ndc80"", ""Birc5"", ""Cdk1"", ""Incenp"", ""Kif23"", ""Smc3"", ""Nde1"", ""Aurkb"", ""Sass6"", ""Tacc3"", ""Kif11"", ""Ccsap"", ""Prc1"", ""Racgap1"", ""Mzt1"", ""Fam110a"", ""Ckap5"", ""Kifc1"", ""Kif2a"", ""Ccdc61"", ""Pcnt"", ""Zw10"", ""Cenpa"", ""Mad2l1"", ""Gpsm2"", ""Cenph"", ""Spdl1"", ""Aurka"", ""Nuf2"", ""Cdca8"", ""Cep192"", ""Tubg1"", ""Chek2"", ""Cdk5rap2"", ""Spice1"", ""Itgb1"", ""Kif4"", ""Aaas"", ""Stil"")"
"44","REACTOME_MITOTIC_PROMETAPHASE","7.42118042661159e-07","2.95558817684843e-05","0.659444398037935","-0.526933441190251","-1.98210701498342","125","c(""Tubb5"", ""Smc4"", ""Tubb2b"", ""Tuba1a"", ""Tubb2a"", ""Smc2"", ""Bub3"", ""Rad21"", ""Stag2"", ""Spc25"", ""Cenpl"", ""Ndc80"", ""Ska2"", ""Ncapd2"", ""Tubb4b"", ""Mad1l1"", ""Cdk1"", ""Incenp"", ""Haus3"", ""Odf2"", ""B9d2"", ""Smc3"", ""Nde1"", ""Cep57"", ""Ncaph"", ""Cenpq"", ""Haus8"", ""Spc24"", ""Aurkb"", ""Cep250"", ""Tuba1c"", ""Mzt1"", ""Haus4"", ""Ckap5"", ""Plk4"", ""Pcm1"", ""Tuba1b"", ""Kif2a"", ""Itgb3bp"", ""Zw10"", ""Cenpa"", ""Ncapg"", ""Mad2l1"", ""Cep70"", ""Haus5"", ""Pds5a"", ""Cenph"", ""Spdl1"", ""Nuf2"", ""Cenpo"", ""Kif18a"", ""Cep135"", ""Cdca8"", ""Cenpk"", ""Cep192"", ""Cdca5"", 
""Tubg1"", ""Ska1"", ""Pds5b"", ""Cep72"", ""Cdk5rap2"")"
"45","GOBP_NATURAL_KILLER_CELL_DIFFERENTIATION","3.90628912334729e-05","0.000881990870960501","0.557332238758646","-0.786999092162011","-1.97906117765691","19","c(""Slamf6"", ""Ptprc"", ""Tox"", ""Tcf3"", ""Slamf1"", ""Stat5b"", ""Lgals9"", ""Ikzf1"", ""Irf1"", ""Id2"")"
"46","KONG_E2F3_TARGETS","5.78026148599983e-06","0.000174472629590574","0.610526878385931","-0.563165135153095","-1.97892805747272","82","c(""Hmgb2"", ""Hjurp"", ""Top2a"", ""Smc2"", ""Nusap1"", ""Asf1b"", ""Tyms"", ""Ezh2"", ""Spc25"", ""Ncapd2"", ""Cdca3"", ""Lmnb1"", ""Incenp"", ""Pbk"", ""Ccna2"", ""Ccnf"", ""F13a1"", ""Ncaph"", ""Rbl1"", ""Cenpq"", ""Mki67"", ""Psip1"", ""Tacc3"", ""Ube2t"", ""Kif11"", ""Prc1"", ""Brca1"", ""Racgap1"", ""Myb"", ""Shcbp1"", ""Ube2c"", ""Rad51ap1"", ""Ncapg"", ""Ncapg2"", ""Cenph"", ""Spdl1"", ""Aurka"", ""Nuf2"", ""Ccne1"", ""Tk1"", ""Rad51"", ""Fam111a"", ""Cenpk"", ""Melk"", ""Cdca5"", ""Cdc7"", ""Depdc1a"")"
"47","ZHANG_UTERUS_C5_MACROPHAGE","7.56913176485203e-07","2.97321716927578e-05","0.659444398037935","-0.54771693106813","-1.97814593669782","109","c(""H3f3b"", ""Tmsb4x"", ""Psap"", ""Cd52"", ""Ighm"", ""Marcks"", ""Serinc3"", ""Cotl1"", ""Sat1"", ""Ctsb"", ""Hexb"", ""Ms4a6b"", ""Klf6"", ""Fth1"", ""Cst3"", ""Ly6e"", ""B2m"", ""Blvrb"", ""Rgs2"", ""Plin2"", ""Ier5"", ""Id2"", ""Klf2"", ""Nfkbiz"", ""Ifi27l2a"", ""Mafb"")"
"48","GOBP_POSITIVE_REGULATION_OF_CATION_TRANSMEMBRANE_TRANSPORT","6.71098355587538e-05","0.00137455323903376","0.538434096309916","-0.605183569089827","-1.97584250872828","55","c(""Thy1"", ""Calm2"", ""Cd4"", ""Capn3"", ""Gimap5"", ""Gimap3"", ""Calm3"", ""Stim2"", ""Glrx"", ""Rapgef3"", ""Stim1"", ""Fgf13"", ""Cacnb3"", ""Cxcr3"", ""Ramp3"", ""Atp1b3"")"
"49","TABULA_MURIS_SENIS_LUNG_CD4_POSITIVE_ALPHA_BETA_T_CELL_AGEING","1.26889671276324e-05","0.000343260502249866","0.593325476396405","-0.563159605235715","-1.9721580712104","86","c(""Cd8a"", ""Cd8b1"", ""Clic1"", ""Sh2d1a"", ""Thy1"", ""Ifngr1"", ""Epsti1"", ""Hmgb2"", ""Anxa2"", ""S100a11"", ""Dek"", ""Emp3"", ""Vim"", ""Apobec3"", ""AW112010"", ""Ms4a6b"", ""Cd48"", ""Klf6"", ""Itga4"", ""Ifi203"", ""Smpdl3a"", ""Ly6e"", ""Lgals1"", ""Crip1"", ""B2m"", ""Gbp7"", ""Cdc42ep3"", ""Gng2"", ""Gimap7"", ""Prr13"", ""Tnfrsf18"", ""Trps1"", ""Ms4a4b"", ""Nr3c1"", ""Ifi47"", ""Cxcr3"", ""Txn1"")"
"50","HALLMARK_MITOTIC_SPINDLE","2.79919621755562e-05","0.000657736220672996","0.575610261071129","-0.559798097839615","-1.97202800919595","85","c(""Smc4"", ""Marcks"", ""Top2a"", ""Nusap1"", ""Fbxo5"", ""Ndc80"", ""Birc5"", ""Cdk1"", ""Lmnb1"", ""Incenp"", ""Nck2"", ""Kif23"", ""Smc3"", ""Kif20b"", ""Kif22"", ""Cep57"", ""Sass6"", ""Cep250"", ""Kif11"", ""Prc1"", ""Racgap1"", ""Ckap5"", ""Pcm1"", ""Pcnt"", ""Actn4"", ""Ttk"", ""Aurka"", ""Pcgf5"", ""Cntrl"", ""Cep192"", ""Cntrob"", ""Ccdc88a"", ""Cep72"", ""Cdk5rap2"", ""Epb41l2"", ""Kif4"", ""Ect2"", ""Cdc27"", ""Als2"", ""Ywhae"", ""Tubd1"", ""Kif15"", ""Kif1b"", ""Tpx2"")"
"51","GOMF_DNA_BINDING_TRANSCRIPTION_REPRESSOR_ACTIVITY","9.5176209266179e-06","0.000267566451049773","0.593325476396405","-0.575552712394479","-1.97061616340606","77","c(""Satb1"", ""Tcf7"", ""Mxd4"", ""Foxp1"", ""Ctcf"", ""Hbp1"", ""Nfatc3"", ""Rorc"", ""Tcf3"", ""Mxd3"", ""E2f7"", ""Bcl6"", ""Gfi1"", ""Ikzf1"", ""Foxo1"", ""Myef2"", ""Zfp101"", ""Trps1"", ""E2f8"", ""Nr3c1"", ""Skil"", ""Gata3"", ""Elk3"", ""Patz1"", ""Mxd1"", ""Crem"")"
"52","GOBP_POSITIVE_REGULATION_OF_CALCIUM_ION_TRANSPORT","6.38774521535169e-05","0.0013418944619063","0.538434096309916","-0.596030447302106","-1.97013045343566","56","c(""Thy1"", ""Calm2"", ""Cd4"", ""Capn3"", ""Cxcr4"", ""Gimap5"", ""Gimap3"", ""Calm3"", ""Stim2"", ""Rapgef3"", ""Stim1"", ""Cacnb3"", ""Cxcr3"", ""Ramp3"")"
"53","PLASARI_TGFB1_TARGETS_10HR_DN","5.83521291389519e-07","2.35668634233725e-05","0.659444398037935","-0.53230400460028","-1.96782714143207","119","c(""Arl6ip1"", ""Stmn1"", ""Marcks"", ""Ablim1"", ""Tox"", ""Nusap1"", ""Dhrs3"", ""Sh3bgrl"", ""Sesn3"", ""Lrrcc1"", ""Serpinb6b"", ""Mki67"", ""Stat1"", ""Glrx"", ""Trps1"", ""Ifit2"", ""Nfia"", ""Gbp2"", ""Herc6"", ""Mastl"", ""Itgb3bp"", ""Arhgap28"", ""Ogn"", ""Sord"", ""Nuf2"", ""Parp9"", ""Zfp467"", ""Msh6"", ""Tk1"", ""Rtp4"", ""Cenpk"", ""Plscr2"", ""Tmem86a"", ""Arhgap18"", ""Hmmr"", ""Dixdc1"", ""Rarb"", ""Mest"", ""Pde5a"", ""Fmnl2"", ""Irgm2"", ""Bub1"", ""Knstrn"", ""Tcf7l2"", ""Prim1"", ""Serpinb9"", ""Ifit3"", ""Tgfbr3"", ""Ccnb1"", ""Mmp11"", ""Mt1"", ""Ifit1"", ""Ddc"", ""Rfc3"")"
"54","GOBP_CILIUM_ORGANIZATION","4.21677314687303e-06","0.00013360880661501","0.610526878385931","-0.557192373450918","-1.96369038809303","89","c(""Mns1"", ""Ablim1"", ""Hspb11"", ""Ppp1r35"", ""Ift80"", ""Odf2"", ""B9d2"", ""Gdi2"", ""Vdac3"", ""Cep250"", ""Hyls1"", ""Limk2"", ""Cby1"", ""Plk4"", ""Pcm1"", ""Poc1b"", ""Cyld"", ""Pcnt"", ""Sclt1"", ""Syne2"", ""Syne1"", ""Cep70"", ""Cdc14b"", ""Rpgr"", ""Aurka"", ""Cep162"", ""Cep135"", ""Cntrl"", ""Ift74"", ""Ccdc103"", ""Cntrob"", ""Ccdc88a"", ""Kif3a"", ""Lpar1"", ""Rpgrip1"", ""Stil"", ""Cep128"", ""Tmem138"", ""Tbc1d31"", ""Akt1"", ""Alms1"", ""Ssx2ip"", ""Rpgrip1l"", ""Ehd2"", ""Cfap20"", ""Dync2h1"", ""Kifap3"", ""Ift22"", ""Poc1a"", ""Odf2l"", ""Enkd1"")"
"55","GOBP_POSITIVE_REGULATION_OF_CHROMOSOME_SEPARATION","0.000103453981771588","0.00201805641312944","0.538434096309916","-0.755117501402705","-1.95993342448074","22","c(""Smc4"", ""Smc2"", ""Ncapd3"", ""Ncapd2"", ""Birc5"", ""Mad1l1"", ""Incenp"", ""Ncaph"", ""Aurkb"", ""Ube2c"", ""Ncapg"", ""Ncapg2"", ""Cdca8"", ""Ncaph2"", ""Nsmce2"", ""Plscr2"")"
"56","GOBP_REGULATION_OF_LYMPHOCYTE_DIFFERENTIATION","4.16617161355103e-06","0.000132738856687307","0.610526878385931","-0.541000264274374","-1.95526484237637","102","c(""Hmgb1"", ""Tcf7"", ""Cd27"", ""Cd28"", ""Cd1d1"", ""Rag1"", ""Ptprc"", ""Tox"", ""Rorc"", ""Sox4"", ""Gimap5"", ""Zfp36l2"", ""Stat5b"", ""Lgals9"", ""Gimap3"", ""Rag2"", ""Xrcc6"", ""Bcl6"", ""Drosha"", ""Dusp10"", ""Nkap"", ""Runx1"", ""Prelid1"", ""Irf1"", ""Ccr7"", ""Vsir"", ""Cyld"", ""Gata3"", ""Cbfb"", ""Ankle1"", ""Id2"", ""Ikzf3"", ""Nfkbiz"", ""Cd44"", ""Nlrp3"", ""Ada"", ""Lag3"", ""Ppp2r3c"", ""Smarca4"", ""Zfp36l1"")"
"57","GOBP_T_CELL_ACTIVATION","9.75430454949698e-11","1.1188187318273e-08","0.839088935621274","-0.481234092245396","-1.95499886334383","270","c(""Cd8a"", ""Satb1"", ""Cd3d"", ""Hmgb1"", ""Tcf7"", ""Thy1"", ""Themis"", ""Ctsl"", ""Slamf6"", ""Cd4"", ""Cd27"", ""Psap"", ""Cd28"", ""Ccr9"", ""Lat"", ""Foxp1"", ""Cd3e"", ""Ephb6"", ""Cd1d1"", ""Rag1"", ""Ptprc"", ""Cxcr4"", ""Tox"", ""Sit1"", ""Nfatc3"", ""Rorc"", ""Sox4"", ""Cd3g"", ""Tcf3"", ""Bcl10"", ""Cd48"", ""Fcho1"", ""Igtp"", ""Slamf1"", ""Gimap5"", ""Zfp36l2"", ""Mad1l1"", ""Stat5b"", ""Lgals9"", ""Gimap3"", ""Rag2"", ""Cd1d2"", ""Ifnar2"", ""Bcl6"", ""Lgals1"", ""Dpp4"", ""Nck2"", ""Lig4"", ""Itgal"", ""Drosha"", ""B2m"", ""Ikzf1"", ""Dusp10"", ""Stat4"", ""Nkap"", ""Runx1"", ""Spn"", ""Icos""
)"
"58","GOCC_MICROTUBULE_ASSOCIATED_COMPLEX","0.000113368345195135","0.002167224865647","0.538434096309916","-0.619398913355685","-1.95358267030174","45","c(""Dynlt1f"", ""Birc5"", ""Incenp"", ""Haus3"", ""Kif23"", ""Nde1"", ""Kif20b"", ""Kif22"", ""Haus8"", ""Aurkb"", ""Haus4"", ""Kifc1"", ""Kif2a"", ""Haus5"", ""Dynlt1a"", ""Aurka"", ""Kif18a"", ""Cdca8"", ""Ccdc103"", ""Kif3a"", ""Kif4"", ""Ywhae"", ""Kif1a"", ""Kif15"", ""Kif1b"", ""Kif18b"", ""Dync2h1"", ""Kifap3"", ""Kif14"", ""Kif20a"")"
"59","ZHANG_UTERUS_C9_DENDRITIC_CELL","0.000157266929518651","0.00284519192678065","0.518848077743792","-0.595732896709351","-1.95130290057042","54","c(""Tmsb4x"", ""Psap"", ""Cd52"", ""Cotl1"", ""Pim1"", ""Fth1"", ""Cst3"", ""Lmnb1"", ""Crip1"", ""B2m"", ""Gm2a"", ""Rpl18a"", ""Cytip"", ""Rgs2"")"
"60","GOBP_CD4_POSITIVE_ALPHA_BETA_T_CELL_ACTIVATION","1.73823034976146e-05","0.000446427379631935","0.575610261071129","-0.565989008873726","-1.94857326469659","78","c(""Satb1"", ""Hmgb1"", ""Ctsl"", ""Slamf6"", ""Cd28"", ""Foxp1"", ""Cd3e"", ""Tox"", ""Rorc"", ""Gimap5"", ""Lgals9"", ""Gimap3"", ""Bcl6"", ""Stat4"", ""Runx1"", ""Spn"", ""Irf1"", ""Myb"", ""Ccr7"", ""Vsir"", ""Gata3"", ""Il18r1"", ""Cbfb"", ""Nfkbiz"", ""Cd44"", ""Nlrp3"")"
"61","GOCC_EXTERNAL_SIDE_OF_PLASMA_MEMBRANE","1.94859537179902e-09","1.61959339960397e-07","0.774939030136436","-0.487715580568969","-1.94791502045435","228","c(""Cd8a"", ""Cd8b1"", ""Cd3d"", ""Thy1"", ""Ctsl"", ""Slamf6"", ""Cd4"", ""Cd27"", ""Cd28"", ""Ccr9"", ""Cd3e"", ""Ighm"", ""Cd1d1"", ""Ptprc"", ""Cxcr4"", ""Pecam1"", ""Clec2d"", ""Rorc"", ""Cd3g"", ""Ctsb"", ""Cd48"", ""Cd226"", ""Slamf1"", ""Itga4"", ""Cd1d2"", ""Itgal"", ""B2m"", ""Sell"", ""Spn"", ""Icos"", ""Cd9"", ""Tnfrsf18"", ""Abca1"", ""Ccr7"", ""Vsir"", ""Klri2"", ""Cxcr3"")"
"62","GOBP_REGULATION_OF_ACTIN_FILAMENT_LENGTH","0.000185601524403197","0.00328526155077882","0.518848077743792","-0.612852212517115","-1.93293439173666","45","c(""Tmsb4x"", ""Pecam1"", ""Cotl1"", ""Nck2"", ""Cdc42ep3"", ""Vasp"", ""Cit"", ""Add3"", ""Arhgap28"", ""Rdx"", ""Baiap2"", ""Arhgap18"", ""Icam1"", ""Capg"", ""Dstn"", ""Fmn1"", ""Tmod2"", ""Prkcd"")"
"63","GOCC_CHROMOSOME_CENTROMERIC_REGION","2.47150694689757e-06","8.43695972646282e-05","0.627256739718528","-0.516818304338096","-1.93265057662977","124","c(""Smc4"", ""H3f3a"", ""Ctcf"", ""Plk5"", ""Hjurp"", ""Top2a"", ""Cbx3"", ""Bub3"", ""Esco2"", ""Nsmce1"", ""Rad21"", ""Stag2"", ""Ezh2"", ""Spc25"", ""Cenpl"", ""Ncapd3"", ""Ndc80"", ""Ska2"", ""Ncapd2"", ""Smc6"", ""Birc5"", ""Mad1l1"", ""Incenp"", ""Cbx1"", ""Smc3"", ""Nde1"", ""Ikzf1"", ""Mis18bp1"", ""Cenpq"", ""Mki67"", ""Spc24"", ""Aurkb"", ""Fmr1"", ""Mis18a"", ""Ckap5"", ""Itgb3bp"", ""Zw10"", ""Cenpa"", ""Ncapg"", ""Mad2l1"", ""Ttk"", ""Cenph"", ""Spdl1"", ""Aurka"", ""Nuf2"", ""Cenpo"", ""Smc5"", ""Kif18a"", ""Cdca8"", ""Cenpk"", ""Smarca4"", ""Dnmt1"", ""Ska1"", ""Oip5"", ""Cbx5"", ""Sin3a"")"
"64","BOYLAN_MULTIPLE_MYELOMA_D_DN","0.000279408025866437","0.00450113772006746","0.49849310876659","-0.625711147000086","-1.93225283812436","39","c(""Cd52"", ""Marcks"", ""Csrp1"", ""Lgals1"", ""Mtch1"", ""Hnrnpll"", ""Cyth4"", ""Ctnna1"", ""Ctdspl"", ""Cd44"", ""Ifi27l2a"", ""Nfkbie"", ""Ccdc88a"", ""Rpgrip1"", ""Casp7"", ""Ipcef1"")"
"65","DESCARTES_ORGANOGENESIS_WHITE_BLOOD_CELLS","4.69911713854891e-11","5.92549783853521e-09","0.851339057116899","-0.466523972066623","-1.93198386437767","309","c(""Themis"", ""Ifngr1"", ""Fyb"", ""Epsti1"", ""Cd27"", ""Psap"", ""Cd52"", ""Sp100"", ""Cd28"", ""Ighm"", ""Ptprc"", ""Emp3"", ""Cmtm7"", ""Sat1"", ""Ctsb"", ""Apobec3"", ""Hexb"", ""Ms4a6b"", ""Cd48"", ""Lcp2"", ""Mndal"", ""Cst3"", ""AB124611"", ""Gpr171"", ""Ifi203"", ""Itgb7"", ""Ly6e"", ""Ifnar2"", ""Sp140"", ""Itgal"", ""B2m"", ""Orai2"", ""Sell"", ""Gm2a"", ""Gbp7"", ""Icos"", ""F13a1"", ""Stat1"", ""Trim5"", ""Cytip"", ""Skap2"", ""Myo1f"", ""Haus4"", ""Stk10"", ""Arid5a"", ""Irf1"", ""Trbc1"", ""Myb"", ""Vsir"", ""Cyth4"", ""Herc6"", ""Sp110"", ""Il18r1"", ""Rreb1"", ""C030034L19Rik"", ""Irf9"", 
""Gpr174"", ""Slfn8"", ""Fxyd5"", ""Arhgef6"", ""Samhd1"", ""Dynlt1a"", ""Morc3"", ""Cd44"", ""Cryl1"", ""Nlrp3"", ""Samsn1"", ""Fam111a"")"
"66","HOFFMANN_LARGE_TO_SMALL_PRE_BII_LYMPHOCYTE_UP","2.69806972767274e-06","9.04878940830595e-05","0.627256739718528","-0.515822178387428","-1.92892554720107","124","c(""Tubb5"", ""Smc4"", ""Stmn1"", ""Ube2s"", ""Tuba1a"", ""Rrm2"", ""Hjurp"", ""Top2a"", ""Cdkn2c"", ""Smc2"", ""Nusap1"", ""Rpa1"", ""Anp32a"", ""Cenpl"", ""Ndc80"", ""Tmpo"", ""Dbf4"", ""Tubb4b"", ""Anp32e"", ""Cdca3"", ""Cdk1"", ""Itgb7"", ""Incenp"", ""Cbx1"", ""Kif23"", ""Kif22"", ""Ccna2"", ""Ncaph"", ""Mis18bp1"", ""Rrm1"", ""Rbl1"", ""Mki67"", ""Myef2"", ""Aurkb"", ""Stim1"", ""Lig1"", ""Ube2t"", ""Cks2"", ""Prc1"", ""Racgap1"", ""Ckap5"", ""Plk4"", ""Cdc45"", ""E2f8"", ""Tuba1b"", ""Cit"", ""Ube2c"", ""Cenpa"", ""Actn4"", ""Pola1"", ""Ttk"", ""Ctc1"", ""Spdl1"", ""Aurka"", ""Ccne1"", ""Tk1"", ""Rad51"", 
""Ncaph2"", ""Fam111a"", ""Melk"", ""Cdca5"", ""Dnmt1"", ""Pih1d1"", ""Psmc3"")"
"67","GOBP_ALPHA_BETA_T_CELL_ACTIVATION","1.27453141942142e-06","4.59713062288168e-05","0.643551836150722","-0.532444444793704","-1.92740426527228","110","c(""Satb1"", ""Hmgb1"", ""Tcf7"", ""Ctsl"", ""Slamf6"", ""Psap"", ""Cd28"", ""Foxp1"", ""Cd3e"", ""Cd1d1"", ""Ptprc"", ""Tox"", ""Rorc"", ""Igtp"", ""Gimap5"", ""Lgals9"", ""Gimap3"", ""Cd1d2"", ""Bcl6"", ""Stat4"", ""Nkap"", ""Runx1"", ""Spn"", ""Irf1"", ""Myb"", ""Ccr7"", ""Vsir"", ""Gata3"", ""Il18r1"", ""Cbfb"", ""Ankle1"", ""Nfkbiz"", ""Blm"", ""Cd44"", ""Nlrp3"", ""Ada"")"
"68","MIR_201_3P","0.000189717222476167","0.00333751003343809","0.518848077743792","-0.741422016510904","-1.92438632279915","22","c(""Cd247"", ""Tcf12"", ""Camk4"", ""Trafd1"", ""Cmah"", ""Smpdl3a"", ""Ypel2"", ""Gch1"", ""Atxn1"", ""Rhno1"")"
"69","GOBP_REGULATION_OF_ALPHA_BETA_T_CELL_DIFFERENTIATION","0.000360661027319893","0.00556019083784834","0.49849310876659","-0.640094357757279","-1.92008818238164","36","c(""Hmgb1"", ""Cd1d1"", ""Gimap5"", ""Gimap3"", ""Bcl6"", ""Nkap"", ""Runx1"", ""Irf1"", ""Ccr7"", ""Gata3"", ""Cbfb"", ""Ankle1"", ""Nfkbiz"", ""Nlrp3"", ""Ada"")"
"70","GOBP_REGULATION_OF_CHROMOSOME_SEGREGATION","5.4661035540827e-05","0.00116970536875613","0.557332238758646","-0.560979002469634","-1.9083983129994","72","c(""Smc4"", ""Smc2"", ""Bub3"", ""Fbxo5"", ""Rad21"", ""Spc25"", ""Ncapd3"", ""Ndc80"", ""Ncapd2"", ""Smc6"", ""Birc5"", ""Mad1l1"", ""Cdk1"", ""Incenp"", ""Ncaph"", ""Mki67"", ""Spc24"", ""Aurkb"", ""Tacc3"", ""Cit"", ""Ube2c"", ""Zw10"", ""Ncapg"", ""Mad2l1"", ""Ncapg2"", ""Ttk"", ""Spdl1"", ""Nuf2"", ""Smc5"", ""Cdca8"", ""Ncaph2"", ""Cep192"", ""Smarca4"", ""Nsmce2"", ""Plscr2"", ""Bcl7c"", ""Cdk5rap2"")"
"71","BIOCARTA_TCR_PATHWAY","0.000330488813590112","0.00519274889298437","0.49849310876659","-0.770431499127792","-1.90722279973482","18","c(""Cd3d"", ""Cd247"", ""Lat"", ""Cd3e"", ""Nfatc3"", ""Cd3g"", ""Mapk3"", ""Nfkbia"", ""Calm3"")"
"72","GOBP_MITOTIC_SPINDLE_ORGANIZATION","0.000123965650474583","0.00233096067367781","0.518848077743792","-0.572144191993484","-1.90509201686903","59","c(""Stmn1"", ""Plk5"", ""Stag2"", ""Spc25"", ""Ndc80"", ""Birc5"", ""Incenp"", ""Kif23"", ""Smc3"", ""Aurkb"", ""Sass6"", ""Tacc3"", ""Kif11"", ""Ccsap"", ""Prc1"", ""Racgap1"", ""Mzt1"", ""Fam110a"", ""Ckap5"", ""Kifc1"", ""Kif2a"", ""Ccdc61"", ""Pcnt"", ""Gpsm2"", ""Cenph"", ""Aurka"", ""Nuf2"", ""Cdca8"", ""Cep192"", ""Tubg1"", ""Chek2"", ""Spice1"", ""Kif4"", ""Aaas"", ""Stil"")"
"73","GOBP_POSITIVE_REGULATION_OF_CELL_KILLING","0.000397960858441527","0.0060060671662162","0.49849310876659","-0.609571549368519","-1.90317035987696","42","c(""Sh2d1a"", ""Slamf6"", ""Cd1d1"", ""Ptprc"", ""Cd226"", ""Gimap5"", ""Stat5b"", ""Gimap3"", ""Cd1d2"", ""B2m"")"
"74","GOBP_SPINDLE_ASSEMBLY","0.000130789261315248","0.00243531303130826","0.518848077743792","-0.571295790442661","-1.90226705937721","59","c(""Tubb5"", ""Fbxo5"", ""Stag2"", ""Ndc80"", ""Birc5"", ""Incenp"", ""Haus3"", ""Kif23"", ""Smc3"", ""Haus8"", ""Aurkb"", ""Sass6"", ""Kif11"", ""Ccsap"", ""Prc1"", ""Racgap1"", ""Mzt1"", ""Haus4"", ""Kifc1"", ""Kif2a"", ""Ccdc61"", ""Gpsm2"", ""Haus5"", ""Aurka"", ""Cdca8"", ""Cep192"", ""Chek2"", ""Spice1"", ""Aaas"", ""Stil"", ""Spag5"", ""Tpx2"")"
"75","GOBP_CYTOKINESIS","0.000359653277617414","0.00555959985750908","0.49849310876659","-0.586159765052983","-1.90153608856748","49","c(""Stmn1"", ""Calm2"", ""Nusap1"", ""Birc5"", ""Incenp"", ""E2f7"", ""Calm3"", ""Kif23"", ""Kif20b"", ""Cdc25b"", ""Aurkb"", ""Prc1"", ""Racgap1"", ""E2f8"", ""Cit"", ""Cenpa"", ""Cdc14b"", ""Aurka"", ""Exoc4"", ""Cdca8"")"
"76","chr1H3","0.000736862077621683","0.00996675475273667","0.477270815362862","-0.65200768610198","-1.89512958556022","32","c(""Slamf6"", ""Gm37065"", ""Cd48"", ""Slamf1"", ""Mndal"", ""Ifi203"", ""B930036N10Rik"", ""Cadm3"", ""Aim2"")"
"77","GOBP_REGULATION_OF_B_CELL_DIFFERENTIATION","0.000335205087612439","0.00525246223348999","0.49849310876659","-0.704445877842594","-1.88962979470723","24","c(""Cd27"", ""Zfp36l2"", ""Stat5b"", ""Bcl6"", ""Cyld"", ""Ankle1"", ""Id2"", ""Ikzf3"", ""Ppp2r3c"", ""Zfp36l1"", ""Xbp1"", ""Card11"", ""Pnp"", ""Hmgb3"", ""Syk"")"
"78","TABULA_MURIS_SENIS_SPLEEN_T_CELL_AGEING","1.10618751653371e-06","4.11947104371481e-05","0.643551836150722","-0.498384514209781","-1.88580183549635","144","c(""Clic1"", ""H3f3b"", ""Sh2d1a"", ""Ubb"", ""Hmgb1"", ""Jund"", ""Calm2"", ""Ptms"", ""Cd4"", ""Anxa2"", ""S100a11"", ""Maz"", ""Serinc3"", ""Tox"", ""Vim"", ""Clec2d"", ""Pim1"", ""Psmb9"", ""Cd3g"", ""Cox8a"", ""Mif4gd"", ""Ctsb"", ""Atpif1"", ""Apobec3"", ""AW112010"", ""Nfkbia"", ""Lcp2"", ""Gimap5"", ""Fth1"", ""Cst3"", ""Itga4"", ""Cox7a2"", ""Gimap3"", ""Smpdl3a"", ""Cox7c"", ""Sh3bgrl"", ""Dusp1"", ""Lgals1"", ""Itgal"", ""B2m"", ""Icos"", ""Gdi2"", ""Gng2"", ""Gimap7"", ""Tomm7"", ""Traf1"", ""Glrx"", ""Prr13"", ""Tnfrsf18"")"
"79","MIR_505_3P","0.000382403104123703","0.00583266436741872","0.49849310876659","-0.719158621724338","-1.88381639128256","23","c(""Hmgb1"", ""Mier1"", ""Foxp1"", ""Lmnb1"", ""Ctdspl2"", ""Fmr1"", ""Ublcp1"", ""Mzt1"", ""Sp4"", ""Hnrnpm"")"
"80","PASQUALUCCI_LYMPHOMA_BY_GC_STAGE_DN","5.38683998962626e-05","0.00116141080227468","0.557332238758646","-0.549842952952832","-1.88368803658457","75","c(""Clic1"", ""Cdkn2d"", ""Ets1"", ""Cux1"", ""Ankrd44"", ""Dek"", ""Cdkn2c"", ""Cotl1"", ""Cdk19"", ""Stag2"", ""Ezh2"", ""Fcho1"", ""E2f2"", ""Anp32e"", ""S1pr4"", ""Rasgrp2"", ""Crip1"", ""Sesn3"", ""Sypl"", ""Blvrb"", ""Ccr7"", ""Cbfb"", ""Pde3b"", ""Cxxc5"", ""Klf2"", ""Fam111a"", ""Cpn1"", ""Dnajc9"")"
"81","GOMF_CIS_REGULATORY_REGION_SEQUENCE_SPECIFIC_DNA_BINDING","3.19545980063527e-09","2.58112140234412e-07","0.774939030136436","-0.467128985261506","-1.88300305500222","260","c(""H3f3b"", ""Satb1"", ""Tcf7"", ""Ets1"", ""Jund"", ""Klf13"", ""H3f3a"", ""Mxd4"", ""Hmgb2"", ""Foxp1"", ""Ctcf"", ""Tcf12"", ""Cux1"", ""Maz"", ""Rbbp4"", ""Hdac1"", ""Hbp1"", ""Klf3"", ""Nfatc3"", ""Rorc"", ""Sox4"", ""Ezh2"", ""Tcf3"", ""Mxd3"", ""Klf6"", ""Nfyb"", ""Fli1"", ""E2f2"", ""Stat5b"", ""E2f7"", ""Bcl6"", ""Gfi1"", ""Ikzf1"", ""Smad4"", ""Elk4"", ""Foxo1"", ""Stat4"", ""Runx1"", ""Nfat5"", ""Pou2f1"", ""Stat1"", ""Myef2"", ""Irf7"", ""E2f8"", ""Nr3c1"", ""Stat2"", ""Nfia"", ""Skil"", ""Irf1"", ""Thrap3"", ""Sp4"", ""Myb"", ""Pbx4"", ""Cebpg"", ""Gata3"", ""Elk3"", ""Tcf4"", ""Rreb1"", ""Irf9"", 
""Zbtb38"", ""Pknox2"", ""Carf"", ""Patz1"", ""Mxd1"", ""Ikzf3"", ""Crem"", ""Klf2"", ""Zfp467"", ""Suz12"", ""Klf15"", ""Nfkbiz"")"
"82","ZENG_GU_POST_ICB_METAGENE_41","0.000186921676283515","0.00329844865687987","0.518848077743792","-0.57865356267347","-1.88237748992577","52","c(""Lztfl1"", ""Hjurp"", ""Esco2"", ""Fbxo5"", ""Ift80"", ""Cenpl"", ""Ube2e3"", ""Mdm1"", ""Plk4"", ""Poc1b"", ""Glo1"", ""Tex9"", ""Med7"", ""Nt5c2"", ""Arl6ip6"", ""Mapk1"", ""Ppp2r3c"", ""Spice1"", ""Sin3a"", ""Ipo9"", ""Twsg1"", ""Psmc6"", ""Card6"", ""Cdc123"", ""Akt1"", ""Primpol"")"
"83","REACTOME_RHO_GTPASES_ACTIVATE_IQGAPS","0.000615097259542699","0.00858292648048024","0.477270815362862","-0.771971458741039","-1.87652760711041","16","c(""Calm2"", ""Tubb2b"", ""Tuba1a"", ""Tubb2a"", ""Tubb4b"", ""Calm3"", ""Tuba1c"", ""Tuba1b"", ""Ctnna1"")"
"84","GOMF_TRANSCRIPTION_COREGULATOR_BINDING","0.000488639275942644","0.00707663193820975","0.477270815362862","-0.578017198263014","-1.87512113222312","49","c(""Ets1"", ""Jund"", ""Foxp1"", ""Ctcf"", ""Hdac1"", ""Cbx3"", ""Rorc"", ""Ezh2"", ""Bcl6"", ""Smad4"", ""Foxo1"", ""Runx1"", ""Stat1"", ""Cit"", ""Gata3"", ""Rpl23"", ""Suz12"", ""Baiap2"", ""Smarca4"", ""Nfya"", ""Zbtb7a"")"
"85","REACTOME_COPI_DEPENDENT_GOLGI_TO_ER_RETROGRADE_TRAFFIC","0.000610205114739157","0.0085354300805587","0.477270815362862","-0.639340626460003","-1.87282761362211","33","c(""Tubb2b"", ""Tuba1a"", ""Tubb2a"", ""Tubb4b"", ""Kif23"", ""Kif20b"", ""Kif22"", ""Tuba1c"", ""Kif11"", ""Racgap1"", ""Kifc1"", ""Tuba1b"", ""Kif2a"", ""Zw10"", ""Kif18a"", ""Rab1a"", ""Kif3a"", ""Kif4"", ""Kif1a"", ""Kif15"", ""Kif1b"")"
"86","GOMF_STRUCTURAL_CONSTITUENT_OF_CYTOSKELETON","0.00100541771180304","0.0127173881331002","0.45505986738723","-0.659968983740846","-1.85984158840584","29","c(""Tubb5"", ""Tubb2b"", ""Tuba1a"", ""Tubb2a"", ""Tube1"", ""Vim"", ""Tubb4b"", ""Lmnb1"", ""Odf2"", ""Tuba1c"", ""Tuba1b"", ""Add3"", ""Actn4"")"
"87","ZEMEK_IMMUNE_CHECKPOINT_BLOCKADE_OVARIAN_CANCER_OVERLAP_UP","0.000509577890296941","0.00732438396203748","0.477270815362862","-0.575173167819149","-1.85871319898395","51","c(""Cd8a"", ""Satb1"", ""Cd27"", ""Psap"", ""Ighm"", ""Psmb9"", ""AW112010"", ""Igtp"", ""B2m"", ""P2ry10"", ""Stat1"", ""Gbp2"", ""Gpr174"", ""Crem"", ""Klrk1"", ""Lag3"")"
"88","GOBP_REGULATION_OF_ACTIN_FILAMENT_ORGANIZATION","8.84507601091331e-05","0.00175524259247709","0.538434096309916","-0.537479658220144","-1.85711231319709","79","c(""Tmsb4x"", ""Stmn1"", ""Rgcc"", ""Pecam1"", ""Cotl1"", ""Nck2"", ""Cdc42ep3"", ""Rapgef3"", ""Vasp"", ""Cit"", ""Add3"", ""Arhgap28"", ""Rdx"", ""Pak1"", ""Baiap2"", ""Ccdc88a"", ""Arhgap18"", ""Met"", ""Lpar1"", ""Sdc4"", ""Icam1"", ""Capg"", ""Dstn"", ""Fmn1"", ""Tmod2"", ""Alms1"", ""Prkcd"", ""Ppm1e"")"
"89","ZEMEK_IMMUNE_CHECKPOINT_BLOCKADE_OVARIAN_CANCER_RENCA_UP","0.000494314971389148","0.00712285517818283","0.477270815362862","-0.56555280270194","-1.85486382275776","53","c(""Cd8a"", ""Satb1"", ""Cd27"", ""Psap"", ""Ighm"", ""Psmb9"", ""AW112010"", ""Igtp"", ""B2m"", ""P2ry10"", ""Stat1"", ""Gbp2"", ""Gpr174"", ""Crem"", ""Klrk1"", ""Lag3"")"
"90","BORLAK_LIVER_CANCER_EGF_UP","0.00102561924225526","0.0128426339614278","0.45505986738723","-0.625389080836519","-1.85366876651139","34","c(""Ltb"", ""Anxa2"", ""S100a11"", ""Rrm2"", ""Cdk1"", ""Mki67"", ""Ly6d"")"
"91","MIR_211_3P","0.0009023329486703","0.0117610896832368","0.477270815362862","-0.749832517743487","-1.85213006437738","17","c(""Satb1"", ""Hmgb1"", ""Tcf12"", ""Tmpo"")"
"92","GOBP_LEUKOCYTE_DIFFERENTIATION","8.98813427770632e-10","8.45031968567963e-08","0.801215574617779","-0.450140234834669","-1.85198386996821","304","c(""Cd8a"", ""Satb1"", ""Cd3d"", ""Hmgb1"", ""Tcf7"", ""Themis"", ""Ctsl"", ""Slamf6"", ""Cd4"", ""Cd27"", ""Psap"", ""Cd28"", ""Ccr9"", ""Foxp1"", ""Camk4"", ""Cd3e"", ""Lbr"", ""Ighm"", ""Cd1d1"", ""Rag1"", ""Ptprc"", ""Tox"", ""Clec2d"", ""Nfatc3"", ""Rorc"", ""Sox4"", ""Ezh2"", ""Cd3g"", ""Cmtm7"", ""Tcf3"", ""Igtp"", ""Slamf1"", ""Gimap5"", ""Zfp36l2"", ""Stat5b"", ""Lgals9"", ""Gimap3"", ""Rag2"", ""Xrcc6"", ""Ifnar2"", ""Bcl6"", ""Lgals1"", ""Dpp4"", ""Lig4"", ""Cited2"", ""Drosha"", ""B2m"", ""Ikzf1"", ""Dusp10"", ""Stat4"", ""Nkap"", ""Runx1"", ""Spn"", ""Ly6d"", ""Nr3c1"", ""Prelid1"", ""Irf1"", ""Myb"", 
""Ccr7"", ""Vsir"", ""Cebpg"", ""Cyld"", ""Gata3"", ""Il18r1"", ""Glo1"", ""Cbfb"", ""Cbfa2t3"", ""Ankle1"", ""Igsf23"", ""Patz1"", ""Id2"", ""Ikzf3"", ""Nfkbiz"", ""Blm"", ""Cd44"", ""Nlrp3"", ""Car2"", ""Ada"", ""Mafb"", ""Ncaph2"", ""Fam20c"", ""Lag3"", ""Ppp2r3c"", ""Egr1"", ""Smarca4"")"
"93","TABULA_MURIS_SENIS_SPLEEN_B_CELL_AGEING","0.000494314971389148","0.00712285517818283","0.477270815362862","-0.564401483931658","-1.85108780127001","53","c(""Psap"", ""Emp3"", ""Psmb9"", ""Sat1"", ""AW112010"", ""Cst3"", ""Itgb7"", ""Gimap3"", ""Sp140"", ""Lgals1"", ""Crip1"", ""B2m"", ""Gimap7"", ""Prr13"", ""Txn1"", ""Tcf4"", ""Fxyd5"", ""Cd44"", ""Gimap4"", ""Rpl38"", ""Apoe"", ""Itgb1"")"
"94","MORI_SMALL_PRE_BII_LYMPHOCYTE_UP","0.000754120347500666","0.0101561064104969","0.477270815362862","-0.712894086055012","-1.85034109893942","22","c(""Tcf12"", ""Marcks"", ""Cd1d1"", ""Desi1"", ""Pafah1b3"", ""Skap2"", ""Rgs2"")"
"95","REACTOME_GENERATION_OF_SECOND_MESSENGER_MOLECULES","0.000963463479170978","0.0123889306122098","0.477270815362862","-0.760854338925699","-1.84950383309801","16","c(""Cd3d"", ""Cd247"", ""Fyb"", ""Cd4"", ""Lat"", ""Cd3e"", ""Cd3g"", ""Lcp2"", ""Trbc2"")"
"96","MIR_1928","0.00098088380863723","0.0125008192056323","0.45505986738723","-0.597713639373234","-1.84716072681934","41","c(""Psap"", ""Tcf12"", ""Esco2"", ""Cdk19"", ""Ddit4"", ""Atad2"", ""Nfyb"", ""Cdca3"", ""Nfat5"", ""Stat1"", ""Fmr1"", ""Atxn1"", ""Nsmce4a"", ""Cbfb"", ""Syne1"", ""Slfn8"", ""Fry"", ""St6galnac3"", ""Rab1a"")"
"97","GOBP_CALCIUM_MEDIATED_SIGNALING","8.09171223005069e-05","0.00161693274004672","0.538434096309916","-0.530338904307474","-1.84457892433237","80","c(""Cd8a"", ""Calm2"", ""Cd4"", ""Ccr9"", ""Lat"", ""Cd3e"", ""Ptprc"", ""Cxcr4"", ""Nfatc3"", ""Igtp"", ""Itgal"", ""Nfat5"")"
"98","GOBP_MITOTIC_SPINDLE_ASSEMBLY","0.00132633787875225","0.0157812193664816","0.45505986738723","-0.634483154890105","-1.84419267441543","32","c(""Stag2"", ""Birc5"", ""Incenp"", ""Kif23"", ""Smc3"", ""Aurkb"", ""Kif11"", ""Ccsap"", ""Prc1"", ""Racgap1"", ""Mzt1"", ""Kifc1"", ""Kif2a"", ""Ccdc61"", ""Cdca8"", ""Cep192"", ""Chek2"", ""Spice1"", ""Aaas"", ""Tpx2"")"
"99","GOCC_CONDENSED_CHROMOSOME","2.09016168644899e-06","7.22113088661743e-05","0.627256739718528","-0.484612176127466","-1.84416314519576","148","c(""Smc4"", ""Hmgb1"", ""H3f3a"", ""Hmgb2"", ""Tuba1a"", ""Ctcf"", ""Plk5"", ""Hjurp"", ""Top2a"", ""Cbx3"", ""Smc2"", ""Bub3"", ""Nsmce1"", ""Rad21"", ""Rpa1"", ""Spc25"", ""Cenpl"", ""Ncapd3"", ""Ndc80"", ""Ska2"", ""Ncapd2"", ""Smc6"", ""Birc5"", ""Mad1l1"", ""Cdk2"", ""Incenp"", ""Lig4"", ""Smc3"", ""Nde1"", ""Ncaph"", ""Cenpq"", ""Mki67"", ""Spc24"", ""Aurkb"", ""Brca1"", ""Ckap5"", ""Add3"", ""Itgb3bp"", ""P3h4"", ""Zw10"", ""Cenpa"", ""Nsmce4a"", ""Ncapg"", ""Mad2l1"", ""Ncapg2"", ""Ttk"", ""Cenph"", ""Spdl1"", ""Aurka"", ""Nuf2"", ""Blm"", ""Cenpo"", ""Smc5"", ""Kif18a"", ""Rad51"", ""Ncaph2"", ""Cenpk"", 
""Smarca4"", ""Nsmce2"")"
"100","GOBP_MITOTIC_SISTER_CHROMATID_SEPARATION","0.000895177991292619","0.011694409521784","0.477270815362862","-0.59638609574801","-1.84169441706756","39","c(""Bub3"", ""Fbxo5"", ""Rad21"", ""Spc25"", ""Ndc80"", ""Birc5"", ""Mad1l1"", ""Incenp"", ""Spc24"", ""Aurkb"", ""Ube2c"", ""Zw10"", ""Mad2l1"", ""Ttk"", ""Spdl1"", ""Nuf2"", ""Cdca8"", ""Ncaph2"", ""Cep192"", ""Nsmce2"", ""Cdk5rap2"")"
"101","REACTOME_FCERI_MEDIATED_CA_2_MOBILIZATION","0.00119079741596888","0.0144994122729968","0.45505986738723","-0.759500397840113","-1.8345685258271","15","c(""Calm2"", ""Lat"", ""Nfatc3"", ""Lcp2"", ""Calm3"")"
"102","GOBP_REGULATION_OF_MITOTIC_SISTER_CHROMATID_SEGREGATION","0.00121094845228718","0.0147135368090402","0.45505986738723","-0.612968646111654","-1.83246005227033","35","c(""Bub3"", ""Fbxo5"", ""Rad21"", ""Spc25"", ""Ndc80"", ""Birc5"", ""Mad1l1"", ""Cdk1"", ""Incenp"", ""Spc24"", ""Aurkb"", ""Zw10"", ""Mad2l1"", ""Ttk"", ""Spdl1"", ""Nuf2"", ""Cdca8"", ""Cep192"", ""Cdk5rap2"")"
"103","REACTOME_KINESINS","0.0016139066124993","0.0183064946471917","0.45505986738723","-0.649660606732021","-1.83079181676156","29","c(""Tubb2b"", ""Tuba1a"", ""Tubb2a"", ""Tubb4b"", ""Kif23"", ""Kif20b"", ""Kif22"", ""Tuba1c"", ""Kif11"", ""Racgap1"", ""Kifc1"", ""Tuba1b"", ""Kif2a"", ""Kif18a"", ""Kif3a"", ""Kif4"", ""Kif1a"", ""Kif15"", ""Kif1b"")"
"104","REACTOME_INTRA_GOLGI_AND_RETROGRADE_GOLGI_TO_ER_TRAFFIC","0.000693018666025186","0.00950828241544125","0.477270815362862","-0.579930522707619","-1.82909946193279","45","c(""Tubb2b"", ""Tuba1a"", ""Tubb2a"", ""Tubb4b"", ""Plin3"", ""Kif23"", ""Kif20b"", ""Kif22"", ""Pafah1b3"", ""Tuba1c"", ""Kif11"", ""Racgap1"", ""Kifc1"", ""Tuba1b"", ""Cyth4"", ""Kif2a"", ""Zw10"", ""Igf2r"", ""Kif18a"", ""Rab1a"", ""Kif3a"", ""Kif4"", ""Kif1a"", ""Kif15"", ""Kif1b"")"
"105","PASINI_SUZ12_TARGETS_DN","1.66481324177825e-05","0.000435968216511336","0.575610261071129","-0.482549415866699","-1.82706257276538","134","c(""Clic1"", ""Ets1"", ""Ltb"", ""Tuba1a"", ""Anxa2"", ""Foxp1"", ""Tcf12"", ""Marcks"", ""Csrp1"", ""Actn1"", ""Arl4c"", ""Vim"", ""Sox4"", ""Cmtm7"", ""Dpysl2"", ""Klf6"", ""Zyx"", ""Sh3bgrl"", ""Dusp1"", ""Lgals1"", ""Cited2"", ""B2m"", ""Gng2"", ""Skil"", ""Plin2"", ""Gbp2"", ""Dusp6"", ""Ier5"", ""Id2"", ""Suz12"", ""Spsb1"", ""Tmem123"", ""F3"", ""Timp2"", ""Phlda1"", ""Pdlim7"")"
"106","GOBP_IMMUNE_SYSTEM_DEVELOPMENT","1.14442534351258e-05","0.00031403250454759","0.593325476396405","-0.501830256402912","-1.82500814076965","111","c(""Hmgb1"", ""Tcf7"", ""Ltb"", ""Cd28"", ""Foxp1"", ""Cd3e"", ""Rag1"", ""Ptprc"", ""Tox"", ""Nfatc3"", ""Rorc"", ""Ezh2"", ""Tcf3"", ""Mapk3"", ""Lmo4"", ""Mad1l1"", ""Stat5b"", ""Rag2"", ""Xrcc6"", ""Bcl6"", ""Lig4"", ""Cited2"", ""Ikzf1"", ""Runx1"", ""Icos"", ""Samd9l"", ""Myb"", ""Ccr7"", ""Raf1"", ""Gata3"", ""Ctc1"", ""Id2"", ""Samhd1"", ""Msh6"", ""Nfkbiz"", ""Mapk1"", ""Ada"", ""Mafb"", ""Ppp2r3c"", ""Atad5"")"
"107","YAUCH_HEDGEHOG_SIGNALING_PARACRINE_DN","0.000783631265018823","0.010478489657583","0.477270815362862","-0.564222641015768","-1.82332578899324","51","c(""Cd27"", ""Cd28"", ""Arpp21"", ""Ccdc34"", ""Nav2"", ""Mylpf"", ""Thoc7"", ""Pbx4"", ""Pcnt"", ""Cenph"", ""Dynlt1a"", ""Ikzf3"", ""Kcnh2"", ""Hepacam"", ""Rpgrip1"", ""Ehf"", ""Insm1"", ""Cep128"", ""Als2"", ""Adora2a"", ""Hspa4l"")"
"108","MARSHALL_VIRAL_INFECTION_RESPONSE_DN","0.000859143845895098","0.011326873462548","0.477270815362862","-0.678471601511547","-1.81995550460928","24","c(""Tcf7"", ""Klf3"", ""Pim1"", ""Nfkbia"", ""S1pr4"", ""Stat5b"", ""Itgb7"", ""Kif23"", ""Cks2"", ""Sgk1"", ""Rasa3"", ""Myb"", ""Klf2"", ""Pcna"")"
"109","TABULA_MURIS_SENIS_SPLEEN_CD8_POSITIVE_ALPHA_BETA_T_CELL_AGEING","4.95612853390409e-05","0.00108073753391407","0.557332238758646","-0.503334716494677","-1.81933641454166","99","c(""Clic1"", ""H3f3b"", ""Arl6ip1"", ""Tmsb4x"", ""Ubb"", ""Jund"", ""Thy1"", ""Calm2"", ""Hmgb2"", ""Anxa2"", ""Cd28"", ""Lat"", ""S100a11"", ""Arl4c"", ""Cotl1"", ""Vim"", ""Cd3g"", ""AW112010"", ""Fth1"", ""Zyx"", ""Dusp1"", ""Lgals1"", ""Gng2"", ""Gimap7"", ""Glrx"", ""Prr13"", ""Myo1f"", ""Ms4a4b"")"
"110","HALLMARK_APICAL_JUNCTION","0.0004666289957356","0.00686183920652223","0.49849310876659","-0.545528711656226","-1.81811238773915","65","c(""Thy1"", ""Fyb"", ""Actn1"", ""Ptprc"", ""Pecam1"", ""Jup"", ""Zyx"", ""Ldlrap1"", ""Icam2"", ""Traf1"", ""Rsu1"", ""Skap2"", ""Vasp"", ""Ctnna1"", ""Actn4"", ""Cadm3"", ""Arhgef6"", ""Exoc4"", ""Kcnh2"", ""Cldn4"", ""Baiap2"", ""Cldn7"", ""Tubg1"", ""Itgb1"", ""Epb41l2"")"
"111","REACTOME_GOLGI_TO_ER_RETROGRADE_TRANSPORT","0.00196017473811823","0.0211706254672468","0.431707695803346","-0.592545516078656","-1.81646150168918","38","c(""Tubb2b"", ""Tuba1a"", ""Tubb2a"", ""Tubb4b"", ""Kif23"", ""Kif20b"", ""Kif22"", ""Pafah1b3"", ""Tuba1c"", ""Kif11"", ""Racgap1"", ""Kifc1"", ""Tuba1b"", ""Kif2a"", ""Zw10"", ""Kif18a"", ""Rab1a"", ""Kif3a"", ""Kif4"", ""Kif1a"", ""Kif15"", ""Kif1b"")"
"112","GOBP_REGULATION_OF_CALCIUM_MEDIATED_SIGNALING","0.00160009129279136","0.0182073880241239","0.45505986738723","-0.611387979595112","-1.81216915472852","34","c(""Cd8a"", ""Calm2"", ""Cd4"", ""Cd3e"", ""Itgal"", ""Nfat5"")"
"113","MIR_6377","0.00153320548393219","0.017656492872191","0.45505986738723","-0.603144209296064","-1.80924898728827","36","c(""Sh2d1a"", ""Tdrp"", ""Hjurp"", ""Akirin2"", ""Ctdspl2"", ""P2ry10"", ""Trim30a"", ""Arpp19"", ""Cbfb"", ""Carf"")"
"114","GOMF_KINASE_ACTIVATOR_ACTIVITY","0.0014126388649602","0.0166354905350035","0.45505986738723","-0.583191623077173","-1.80854331047306","40","c(""Hmgb1"", ""Calm2"", ""Rgcc"", ""Pim1"", ""Bcl10"", ""Igtp"", ""Dbf4"", ""Lgals9"", ""Calm3"", ""Cks2"", ""Fgf13"")"
"115","BURTON_ADIPOGENESIS_3","0.000121686039458061","0.00231068751544734","0.538434096309916","-0.513708328934387","-1.80486295321839","87","c(""Hmgb2"", ""Rrm2"", ""Top2a"", ""Slbp"", ""Smc2"", ""Nusap1"", ""Asf1b"", ""Tyms"", ""Ezh2"", ""Tcf19"", ""Birc5"", ""Lmo4"", ""Cdk1"", ""Incenp"", ""Kif22"", ""Ccne2"", ""Ccnf"", ""Ncaph"", ""Rrm1"", ""Mki67"", ""Tacc3"", ""Cks2"", ""Kif11"", ""Prc1"", ""Brca1"", ""Racgap1"", ""Cdc45"", ""E2f8"", ""Abca1"", ""Rad51ap1"", ""Pola1"", ""Mad2l1"", ""Ttk"", ""Aurka"", ""Tk1"", ""Cdca8"", ""Pcna"", ""Rad51"", ""Cenpk"", ""Dnmt1"", ""Cdc7"")"
"116","REACTOME_RESOLUTION_OF_SISTER_CHROMATID_COHESION","0.000220407129451276","0.00375802498867572","0.518848077743792","-0.511045172492381","-1.79730216527796","83","c(""Tubb2b"", ""Tuba1a"", ""Tubb2a"", ""Bub3"", ""Rad21"", ""Stag2"", ""Spc25"", ""Cenpl"", ""Ndc80"", ""Ska2"", ""Tubb4b"", ""Mad1l1"", ""Cdk1"", ""Incenp"", ""B9d2"", ""Smc3"", ""Nde1"", ""Cenpq"", ""Spc24"", ""Aurkb"", ""Tuba1c"", ""Ckap5"", ""Tuba1b"", ""Kif2a"", ""Itgb3bp"", ""Zw10"", ""Cenpa"", ""Mad2l1"", ""Pds5a"", ""Cenph"", ""Spdl1"", ""Nuf2"", ""Cenpo"", ""Kif18a"", ""Cdca8"", ""Cenpk"", ""Cdca5"", ""Ska1"", ""Pds5b"")"
"117","GOCC_RNA_POLYMERASE_II_TRANSCRIPTION_REGULATOR_COMPLEX","0.00013827021503803","0.00255799897820356","0.518848077743792","-0.497543231882242","-1.79635755921955","97","c(""Tcf7"", ""Jund"", ""Mxd4"", ""Anxa2"", ""Tcf12"", ""Cbx3"", ""Tcf3"", ""Mxd3"", ""Nfyb"", ""E2f2"", ""Lmo4"", ""E2f7"", ""Smad4"", ""Stat4"", ""Runx1"", ""Tfdp2"", ""Gtf2h4"", ""Pou2f1"", ""Stat1"", ""Med30"", ""E2f8"", ""Stat2"", ""Myb"", ""Cebpg"", ""Taf1"", ""Ing2"", ""Tcf4"", ""Cbfb"", ""Irf9"", ""Gtf2a1"", ""Med7"")"
"118","TABULA_MURIS_SENIS_LIVER_HEPATOCYTE_AGEING","0.000837776633025905","0.0111218726629712","0.477270815362862","-0.54307329042829","-1.79508485306955","56","c(""H3f3b"", ""Tmsb4x"", ""Jund"", ""Ptms"", ""Psap"", ""Clec2d"", ""Anp32a"", ""Ctsb"", ""Ly6e"", ""Aldh2"")"
"119","GOBP_B_CELL_DIFFERENTIATION","0.000185023467399186","0.00328516899546232","0.518848077743792","-0.523805167985583","-1.79343943357275","77","c(""Cd27"", ""Foxp1"", ""Ighm"", ""Rag1"", ""Ptprc"", ""Ezh2"", ""Cmtm7"", ""Tcf3"", ""Zfp36l2"", ""Stat5b"", ""Rag2"", ""Bcl6"", ""Lgals1"", ""Dpp4"", ""Ikzf1"", ""Myb"", ""Cebpg"", ""Cyld"", ""Ankle1"", ""Id2"", ""Ikzf3"", ""Nfkbiz"", ""Ada"", ""Ppp2r3c"", ""Zfp36l1"", ""Zbtb7a"", ""Lfng"", ""Cd79b"", ""Xbp1"", ""Card11"", ""Pnp"", ""Hmgb3"", ""Tnfaip3"", ""Syk"")"
"120","GOCC_CHROMOSOMAL_REGION","2.55515553047641e-06","8.67089761377646e-05","0.627256739718528","-0.467024292541409","-1.79185659062107","168","c(""H3f3b"", ""Smc4"", ""H3f3a"", ""Ctcf"", ""Plk5"", ""Rbbp4"", ""Hjurp"", ""Top2a"", ""Cbx3"", ""Bub3"", ""Esco2"", ""Nsmce1"", ""Rad21"", ""Stag2"", ""Ezh2"", ""Spc25"", ""Cenpl"", ""Ncapd3"", ""Ndc80"", ""Ska2"", ""Ncapd2"", ""Smc6"", ""Birc5"", ""Mad1l1"", ""Cdk2"", ""Incenp"", ""Cbx1"", ""Smc3"", ""Nde1"", ""Ikzf1"", ""Wrn"", ""Mis18bp1"", ""Thoc7"", ""Terf1"", ""Cenpq"", ""Mki67"", ""Spc24"", ""Aurkb"", ""Fmr1"", ""Mis18a"", ""Ckap5"", ""Itgb3bp"", ""Zw10"", ""Cenpa"", ""Rad51ap1"", ""Ncapg"", ""Smchd1"", ""Mad2l1"", ""Ttk"", ""Ctc1"", ""Cenph"", ""Spdl1"", ""Aurka"", ""Nuf2"", ""Blm"", ""Cenpo"", ""Smc5"", 
""Kif18a"", ""Cdca8"", ""Rad51"", ""Cenpk"", ""Tinf2"", ""Smarca4"", ""Nsmce2"")"
"121","GOBP_POSITIVE_REGULATION_OF_LYMPHOCYTE_DIFFERENTIATION","0.000559544644601485","0.00792342848590004","0.477270815362862","-0.535327253147387","-1.79150591503842","66","c(""Cd27"", ""Cd1d1"", ""Rag1"", ""Ptprc"", ""Tox"", ""Sox4"", ""Gimap5"", ""Stat5b"", ""Lgals9"", ""Gimap3"", ""Xrcc6"", ""Bcl6"", ""Dusp10"", ""Nkap"", ""Runx1"", ""Irf1"", ""Ccr7"", ""Vsir"", ""Cyld"", ""Gata3"", ""Cbfb"", ""Nfkbiz"", ""Nlrp3"", ""Ada"", ""Ppp2r3c"", ""Smarca4"")"
"122","TABULA_MURIS_SENIS_KIDNEY_T_CELL_AGEING","0.00161518505518379","0.0183064946471917","0.45505986738723","-0.55214732271938","-1.79119776373924","49","c(""Jund"", ""Cd28"", ""S100a11"", ""AW112010"", ""Zbp1"", ""Klf6"", ""Cst3"", ""Ifi203"", ""Dusp1"", ""B2m"", ""Lsm5"", ""Gimap7"", ""Trps1"", ""Txn1"", ""Id2"", ""Ifi27"", ""Lag3"", ""Rpl38"", ""Atp5k"", ""Fgl2"", ""Ccl5"", ""Cxcr6"")"
"123","GOBP_REGULATION_OF_SISTER_CHROMATID_SEGREGATION","0.00122403119357255","0.0148097445045118","0.45505986738723","-0.54683683836214","-1.79114551962605","54","c(""Bub3"", ""Fbxo5"", ""Rad21"", ""Spc25"", ""Ndc80"", ""Birc5"", ""Mad1l1"", ""Cdk1"", ""Incenp"", ""Spc24"", ""Aurkb"", ""Tacc3"", ""Cit"", ""Ube2c"", ""Zw10"", ""Mad2l1"", ""Ttk"", ""Spdl1"", ""Nuf2"", ""Cdca8"", ""Cep192"", ""Smarca4"", ""Nsmce2"", ""Bcl7c"", ""Cdk5rap2"", ""Cdc27"", ""Rmi2"", ""Bub1b"", ""Anapc11"")"
"124","GOBP_ACTIVATED_T_CELL_PROLIFERATION","0.00247593039113439","0.0251317890144349","0.431707695803346","-0.626097472481951","-1.79042321253373","31","c(""Satb1"", ""Hmgb1"", ""Ephb6"", ""Slamf1"", ""Stat5b"", ""Itgal"")"
"125","GOCC_MITOTIC_SPINDLE_POLE","0.00223293012847928","0.0233257819432217","0.431707695803346","-0.722918230345324","-1.78960249265438","18","c(""Nsmce1"", ""Stag2"", ""Smc6"", ""Mad1l1"", ""Smc3"", ""Kif20b"", ""Aurkb"", ""Gpsm2"", ""Aurka"", ""Cntrl"", ""Ttc28"", ""Cdk5rap2"", ""Fam83d"", ""Spag5"")"
"126","GOCC_CORTICAL_CYTOSKELETON","0.00140378557167063","0.0165652474352491","0.45505986738723","-0.667082293865107","-1.78940443497181","24","c(""Actn1"", ""Cotl1"", ""Eef1a1"", ""Mpp1"", ""Rapgef3"", ""Myo1f"", ""Actn4"", ""Rdx"")"
"127","GOBP_REGULATION_OF_ANTIGEN_RECEPTOR_MEDIATED_SIGNALING_PATHWAY","0.00187289987809271","0.0205767831434132","0.45505986738723","-0.648341211204568","-1.7891275536315","27","c(""Sh2d1a"", ""Thy1"", ""Foxp1"", ""Ptprc"", ""Bcl10"", ""Cd226"")"
"128","REACTOME_RECRUITMENT_OF_NUMA_TO_MITOTIC_CENTROSOMES","0.00129959475847879","0.0155274498747413","0.45505986738723","-0.552853454760557","-1.78658545106268","51","c(""Tubb5"", ""Tubb2b"", ""Tuba1a"", ""Tubb2a"", ""Tubb4b"", ""Cdk1"", ""Haus3"", ""Odf2"", ""Nde1"", ""Cep57"", ""Haus8"", ""Cep250"", ""Tuba1c"", ""Mzt1"", ""Haus4"", ""Ckap5"", ""Plk4"", ""Pcm1"", ""Tuba1b"", ""Cep70"", ""Haus5"", ""Cep135"", ""Cep192"", ""Tubg1"", ""Cep72"", ""Cdk5rap2"")"
"129","WP_INTEGRIN_MEDIATED_CELL_ADHESION","0.00280762887908118","0.0280518320932588","0.431707695803346","-0.633103534464622","-1.78413275801215","29","c(""Actn1"", ""Capn3"", ""Zyx"", ""Itga4"", ""Itgb7"", ""Itgal"", ""Vasp"", ""Raf1"", ""Itga6"", ""Mapk1"", ""Pak1"")"
"130","TABULA_MURIS_SENIS_MAMMARY_GLAND_STROMAL_CELL_AGEING","9.38714465326373e-06","0.000265198396977672","0.593325476396405","-0.463669500027365","-1.78006123180739","162","c(""Hmgb1"", ""Jund"", ""Ptms"", ""Ifngr1"", ""Tuba1a"", ""Tsc22d3"", ""S100a11"", ""Marcks"", ""Ddah2"", ""Ablim1"", ""Cbx3"", ""Hmgn2"", ""Emp3"", ""Anp32a"", ""Mapk3"", ""Dpysl2"", ""Rps28"", ""Klf6"", ""Cst3"", ""Smpdl3a"", ""Calm3"", ""Dusp1"", ""Lgals1"", ""Crip1"", ""Mtch1"", ""Gm2a"", ""Cd9"", ""Tomm7"", ""Blvrb"", ""Arid5a"", ""Nfia"", ""Irf1"", ""Tuba1b"", ""Htra3"", ""Add3"", ""Tcf4"", ""Tmem256"", ""Ogn"", ""Fxyd5"", ""Tsen34"", ""Prdx4"", ""Klf2"", ""Nfkbiz"", ""Ptov1"", ""Socs3"", ""Egr1"", ""Timp2"", ""Fbln2"", ""Zfp36l1"", ""Bcl7c"", ""Etfa"", ""Atp5j2"", ""Apoe"", ""Atp5k"")"
"131","GOBP_REGULATION_OF_CYTOKINESIS","0.00298581714792756","0.0293213379167201","0.431707695803346","-0.621118821341895","-1.77618598437032","31","c(""Calm2"", ""Birc5"", ""Incenp"", ""E2f7"", ""Calm3"", ""Kif23"", ""Kif20b"", ""Cdc25b"", ""Aurkb"", ""Prc1"", ""Racgap1"", ""E2f8"", ""Cit"", ""Cdc14b"", ""Aurka"", ""Cdca8"")"
"132","GOCC_MEMBRANE_MICRODOMAIN","7.49779042933385e-05","0.00150876589867472","0.538434096309916","-0.490639778645379","-1.77569543651343","107","c(""Cd8a"", ""Tubb5"", ""Hmgb1"", ""Thy1"", ""Cd4"", ""Tuba1a"", ""Anxa2"", ""Ptprc"", ""Pecam1"", ""Ctsb"", ""Mapk3"", ""Bcl10"", ""Cd48"", ""Lcp2"", ""Ppt1"")"
"133","GOCC_SEX_CHROMOSOME","0.00156790508312773","0.0179479753527696","0.45505986738723","-0.699043874586002","-1.7747745764472","20","c(""H3f3a"", ""Esco2"", ""Smc6"", ""Cdk2"", ""Brca1"", ""Plk4"", ""Pbx4"", ""Smchd1"", ""Suz12"", ""Pcgf5"", ""Smc5"")"
"134","GOBP_REGULATION_OF_BIOLOGICAL_PROCESS_INVOLVED_IN_SYMBIOTIC_INTERACTION","0.00318923706665847","0.0309480111290801","0.431707695803346","-0.629469618456675","-1.77389211294116","29","c(""Hmgb1"", ""Cd4"", ""Ly6e"", ""Lgals1"", ""Trim59"", ""Trim5"", ""Trim30a"", ""Fuca2"", ""Furin"", ""Trim34a"")"
"135","GOBP_ACTIN_POLYMERIZATION_OR_DEPOLYMERIZATION","0.00104237716073679","0.012968434949822","0.45505986738723","-0.535706353738886","-1.77073403947266","56","c(""Tmsb4x"", ""Pecam1"", ""Cotl1"", ""Msrb1"", ""Nck2"", ""Cdc42ep3"", ""Vasp"", ""Cit"", ""Add3"", ""Arhgap28"", ""Rdx"", ""Baiap2"", ""Arhgap18"", ""Icam1"", ""Capg"", ""Dstn"", ""Fmn1"", ""Tmod2"", ""Prkcd"")"
"136","REACTOME_L1CAM_INTERACTIONS","0.00189640148183125","0.0207951481803102","0.45505986738723","-0.675593224833114","-1.76969802257047","23","c(""Tubb2b"", ""Tuba1a"", ""Tubb2a"", ""Mapk3"", ""Dpysl2"", ""Tubb4b"", ""Tuba1c"", ""Tuba1b"", ""Rdx"", ""Mapk1"", ""Pak1"")"
"137","GOBP_THYMUS_DEVELOPMENT","0.00181630928638818","0.0200801756564679","0.45505986738723","-0.652376526986114","-1.76916408933292","25","c(""Rag1"", ""Nfatc3"", ""Mapk3"", ""Lmo4"", ""Mad1l1"", ""Cited2"", ""Ikzf1"", ""Myb"", ""Raf1"", ""Gata3"", ""Ctc1"", ""Mapk1"", ""Mafb"")"
"138","REACTOME_RHO_GTPASE_EFFECTORS","7.07244694587709e-05","0.00143831500831933","0.538434096309916","-0.490114096478577","-1.76867115971196","108","c(""Calm2"", ""Tubb2b"", ""Tuba1a"", ""Tubb2a"", ""Bub3"", ""Spc25"", ""Cenpl"", ""Mapk3"", ""Ndc80"", ""Ska2"", ""Tubb4b"", ""Mad1l1"", ""Incenp"", ""Calm3"", ""B9d2"", ""Nde1"", ""Cenpq"", ""Spc24"", ""Aurkb"", ""Tuba1c"", ""Prc1"", ""Ckap5"", ""Tuba1b"", ""Kif2a"", ""Itgb3bp"", ""Ctnna1"", ""Zw10"", ""Cenpa"", ""Mad2l1"", ""Cenph"", ""Spdl1"", ""Nuf2"", ""Mapk1"", ""Cenpo"", ""Pak1"", ""Kif18a"", ""Cdca8"", ""Srgap2"", ""Baiap2"", ""Cenpk"")"
"139","GOBP_T_CELL_DIFFERENTIATION_INVOLVED_IN_IMMUNE_RESPONSE","0.00235796747241888","0.0242346656887496","0.431707695803346","-0.550224299368789","-1.76680259719186","47","c(""Hmgb1"", ""Slamf6"", ""Foxp1"", ""Rorc"", ""Bcl6"", ""Stat4"", ""Spn"", ""Irf1"", ""Myb"", ""Ccr7"", ""Gata3"", ""Il18r1"", ""Nfkbiz"", ""Nlrp3"")"
"140","TABULA_MURIS_SENIS_SPLEEN_MEGAKARYOCYTE_ERYTHROID_PROGENITOR_CELL_AGEING","0.000883153335772601","0.0115901244408601","0.477270815362862","-0.543032701779579","-1.76650175521388","52","c(""Rrm2"", ""Slbp"", ""Dek"", ""Rgcc"", ""Smc2"", ""Mpp1"", ""Rps28"", ""Clspn"", ""Fth1"", ""Rpl39"", ""E2f2"", ""Smc3"", ""Cdc42ep3"", ""Rrm1"", ""Lig1"", ""Blvrb"", ""Fundc2"", ""Cenph"", ""Tk1"", ""Pcna"", ""Car2"", ""Fam111a"", ""Casp8ap2"", ""Ctse"", ""Hemgn"", ""Rpl41"", ""Atp8a1"")"
"141","GOBP_MEIOTIC_CHROMOSOME_SEGREGATION","0.00350829523608385","0.0328223053490064","0.431707695803346","-0.566136706306486","-1.76593885033222","43","c(""Smc4"", ""Top2a"", ""Smc2"", ""Fbxo5"", ""Ncapd3"", ""Ndc80"", ""Ccne2"", ""Ncaph"", ""Terf1"", ""Brip1"", ""Ttk"", ""Aurka"", ""Nuf2"", ""Ccne1"", ""Ncaph2"")"
"142","GOBP_LEARNING","0.00350829523608385","0.0328223053490064","0.431707695803346","-0.5660004117624","-1.76551370949996","43","c(""Tuba1a"", ""Rag1"", ""Ppt1"", ""Slc7a11"", ""Vdac3"", ""Rapgef3"", ""Sgk1"", ""Ckap5"", ""Fgf13"", ""Atxn1"", ""Cacna1e"", ""Pak1"", ""Itgb1"", ""Pgrmc1"", ""Aaas"", ""Vdac1"", ""Atp8a1"", ""Lgmn"")"
"143","LE_EGR2_TARGETS_UP","0.000559032251129458","0.00792342848590004","0.477270815362862","-0.505953440102892","-1.76423204840071","81","c(""Ets1"", ""Rrm2"", ""Marcks"", ""Top2a"", ""Cxcr4"", ""Smc2"", ""Nusap1"", ""Cotl1"", ""Ezh2"", ""Tcf19"", ""Nav2"", ""Birc5"", ""Cdk1"", ""Lmnb1"", ""Incenp"", ""Rpa3"", ""Kif23"", ""Trim59"", ""Kif22"", ""Ccna2"", ""Ncaph"", ""Rrm1"", ""Rbl1"", ""Mki67"", ""Ube2t"", ""Cks2"", ""Kif11"", ""Prc1"", ""Lin9"", ""Plk4"", ""Plekho1"", ""Marcksl1"", ""Cdkn1c"", ""Mad2l1"", ""Id2"", ""Aurka"", ""Cd44"", ""Cdca8"", ""Rad51"", ""Dnajc9"", ""Cdc7"", ""Cuedc2"")"
"144","GOBP_POSITIVE_REGULATION_OF_VIRAL_LIFE_CYCLE","0.00290166666656316","0.0287410333898786","0.431707695803346","-0.730018117921796","-1.76335426055274","15","c(""Hmgb1"", ""Cd4"", ""Lgals1"", ""Fmr1"", ""Trim30a"", ""Furin"")"
"145","SWEET_LUNG_CANCER_KRAS_DN","1.95177049837592e-05","0.000492186363897143","0.575610261071129","-0.45547365732294","-1.76219842517419","153","c(""Satb1"", ""Ets1"", ""Ltb"", ""Tuba1a"", ""Marcks"", ""Top2a"", ""Ablim1"", ""Cxcr4"", ""Tcf3"", ""St8sia4"", ""AW112010"", ""Ms4a6b"", ""Nfkbia"", ""Glul"", ""Ifi203"", ""Dusp1"", ""Crip1"", ""Gbp7"", ""Tmem71"", ""Icam2"", ""Gng2"", ""Psip1"", ""Lin9"", ""Rgs2"", ""Abca1"", ""Trbc1"", ""Myb"", ""Gbp2"", ""Cdkn1c"", ""Tcf4"", ""Ogn"", ""Akap12"", ""Bpgm"", ""Klf2"", ""Car2"", ""Gnb4"", ""Ppp2r3c"", ""Gyg"", ""Clic4"", ""Gimap4"", ""Postn"", ""Pgrmc1"", ""Cfh"", ""Eng"", ""Fgl2"")"
"146","GOCC_KINESIN_COMPLEX","0.0032531572163788","0.0312510161405903","0.431707695803346","-0.711617358049483","-1.76162689544176","18","c(""Kif23"", ""Nde1"", ""Kif20b"", ""Kif22"", ""Kifc1"", ""Kif2a"", ""Kif18a"", ""Kif3a"", ""Ywhae"", ""Kif1a"", ""Kif15"", ""Kif1b"", ""Kif18b"", ""Kifap3"", ""Kif14"", ""Kif20a"")"
"147","GOBP_REGULATION_OF_CD4_POSITIVE_ALPHA_BETA_T_CELL_DIFFERENTIATION","0.00285748104736105","0.0284810311195885","0.431707695803346","-0.630041222124366","-1.76152929216767","28","c(""Hmgb1"", ""Gimap5"", ""Gimap3"", ""Bcl6"", ""Runx1"", ""Irf1"", ""Ccr7"", ""Gata3"", ""Cbfb"", ""Nfkbiz"", ""Nlrp3"")"
"148","GOBP_MODULATION_BY_SYMBIONT_OF_ENTRY_INTO_HOST","0.00201399991444676","0.021589326185705","0.431707695803346","-0.649189639057969","-1.76052164521365","25","c(""Hmgb1"", ""Cd4"", ""Ly6e"", ""Lgals1"", ""Trim59"", ""Trim5"", ""Trim30a"", ""Fuca2"", ""Furin"", ""Trim34a"")"
"149","ONGUSAHA_TP53_TARGETS","0.00339562877800601","0.0321803276522353","0.431707695803346","-0.710331218658259","-1.75844302461956","18","c(""Dgka"", ""Sat1"", ""Ddit4"", ""Pitpnc1"", ""Tnfrsf18"", ""Cox6b2"", ""Pqlc3"")"
"150","MORI_MATURE_B_LYMPHOCYTE_DN","0.000954954419981755","0.0123071092103267","0.477270815362862","-0.525951300421825","-1.75587854504804","61","c(""Stmn1"", ""Dntt"", ""Rrm2"", ""Marcks"", ""Rag1"", ""Sox4"", ""Ezh2"", ""Desi1"", ""Mpp1"", ""Cox7a2"", ""Lmnb1"", ""Lgals9"", ""Rag2"", ""Pafah1b3"", ""Idh2"", ""Rgs2"", ""Brca1"", ""Cdc45"", ""Dgcr6"", ""Plin2"", ""Myb"", ""Txn1"")"
"151","MARSON_FOXP3_TARGETS_UP","0.0038713999352127","0.0347769539879756","0.431707695803346","-0.585157060980149","-1.74931775932095","35","c(""Ets1"", ""Serinc3"", ""Vim"", ""Ddit4"", ""Sh3bgrl"", ""Crip1"", ""Gm2a"", ""Hnrnpll"", ""Stk10"", ""Plin2"", ""Samhd1"", ""Cd44"")"
"152","GOMF_CHEMOKINE_BINDING","0.00265008322940743","0.0266837802077338","0.431707695803346","-0.673631280268094","-1.74843313725434","22","c(""Hmgb1"", ""Ccr9"", ""Cxcr4"", ""Itga4"", ""Ccr7"", ""Cxcr3"")"
"153","RIZ_ERYTHROID_DIFFERENTIATION_HBZ","0.00358417049063033","0.0333147775749837","0.431707695803346","-0.718682628471089","-1.7469917803387","16","c(""Hmgb1"", ""Cux1"", ""Cbx3"", ""Sox4"", ""Tmpo"")"
"154","GOBP_METAPHASE_ANAPHASE_TRANSITION_OF_CELL_CYCLE","0.00209308790777977","0.0222706106699758","0.431707695803346","-0.540523132946063","-1.74673913488069","51","c(""Bub3"", ""Fbxo5"", ""Rad21"", ""Spc25"", ""Ndc80"", ""Birc5"", ""Mad1l1"", ""Incenp"", ""Spc24"", ""Aurkb"", ""Tacc3"", ""Cit"", ""Ube2c"", ""Zw10"", ""Mad2l1"", ""Ttk"", ""Spdl1"", ""Nuf2"", ""Cdca8"", ""Cep192"", ""Smarca4"", ""Nsmce2"", ""Bcl7c"", ""Cdk5rap2"", ""Cdc27"", ""Bub1b"", ""Anapc11"")"
"155","ZENG_GU_POST_ICB_METAGENE_31","0.000280910386209445","0.00451266404737021","0.49849310876659","-0.483474301119858","-1.74556231469469","97","c(""Cd8b1"", ""Ltb"", ""Cd247"", ""Cd3e"", ""Emp3"", ""Psmb9"", ""Zbp1"", ""Igtp"", ""Nrm"", ""Itgb7"", ""Gimap3"", ""Calm3"", ""Sp140"", ""B2m"", ""Spn"", ""Gimap7"", ""Stat1"", ""Lmf2"", ""Irf1"", ""Vasp"", ""Ifi47"", ""Sp110"")"
"156","ZHANG_UTERUS_C8_NK_CELL","0.000214379656554372","0.0036870575012336","0.518848077743792","-0.491894423177141","-1.74483867738116","90","c(""Clic1"", ""H3f3b"", ""Tmsb4x"", ""Ets1"", ""Ubald2"", ""Thy1"", ""Calm2"", ""Ifngr1"", ""Hmgb2"", ""Anxa2"", ""Cd52"", ""Sp100"", ""Serinc3"", ""Ptprc"", ""Cotl1"", ""Eef1a1"", ""Cmtm7"", ""Ostf1"", ""AW112010"", ""Zfp36l2"", ""Ly6e"", ""Crip1"", ""B2m"", ""Serpinb6b"", ""Rpl36"", ""Rpl18a"", ""Rgs2"", ""Ms4a4b"", ""Rpl35"", ""Trbc1"")"
"157","GOBP_NEGATIVE_REGULATION_OF_MITOTIC_CELL_CYCLE_PHASE_TRANSITION","0.000619495856523073","0.00860244246285672","0.477270815362862","-0.497826205997199","-1.74387558725418","84","c(""Rgcc"", ""Bub3"", ""Fbxo5"", ""Rad21"", ""Ezh2"", ""Spc25"", ""Ndc80"", ""Clspn"", ""Birc5"", ""Zfp36l2"", ""Mad1l1"", ""Cdk1"", ""Incenp"", ""E2f7"", ""Miip"", ""Fzr1"", ""Rbl1"", ""Spc24"", ""Aurkb"", ""Brca1"", ""Rpl26"", ""Zw10"", ""Mad2l1"", ""Ctdspl"", ""Ttk"", ""Spdl1"", ""Nuf2"", ""Rfwd3"", ""Blm"", ""Cdca8"", ""Babam1"", ""Cep192"", ""Zfp36l1"", ""Slfn1"", ""Cdk5rap2"", ""Cdkn2b"", ""Inip"", ""Mbd4"", ""Donson"", ""Bub1b"", ""Mre11a"", ""Pidd1"", ""Bub1"", ""Rbbp8"", ""Bard1"")"
"158","GOBP_REGULATION_OF_CD4_POSITIVE_ALPHA_BETA_T_CELL_ACTIVATION","0.00321539807698327","0.0310917734811271","0.431707695803346","-0.542867236068468","-1.74317863408877","47","c(""Hmgb1"", ""Cd28"", ""Cd3e"", ""Gimap5"", ""Lgals9"", ""Gimap3"", ""Bcl6"", ""Runx1"", ""Irf1"", ""Ccr7"", ""Vsir"", ""Gata3"", ""Cbfb"", ""Nfkbiz"", ""Cd44"", ""Nlrp3"", ""Irgm1"")"
"159","GOBP_CHROMOSOME_SEGREGATION","1.25534528575594e-06","4.57462471216708e-05","0.643551836150722","-0.443895948103043","-1.74218421579107","202","c(""Tubb5"", ""Smc4"", ""Ctcf"", ""Hjurp"", ""Top2a"", ""Smc2"", ""Bub3"", ""Nusap1"", ""Esco2"", ""Fbxo5"", ""Rad21"", ""Stag2"", ""Spc25"", ""Cenpl"", ""Ncapd3"", ""Ndc80"", ""Ska2"", ""Ncapd2"", ""Smc6"", ""Birc5"", ""Mad1l1"", ""Cdk1"", ""Incenp"", ""Haus3"", ""Kif23"", ""Smc3"", ""Nde1"", ""Kif22"", ""Ccne2"", ""Ncaph"", ""Terf1"", ""Cenpq"", ""Mki67"", ""Haus8"", ""Spc24"", ""Aurkb"", ""Sass6"", ""Tacc3"", ""Kif11"", ""Ccsap"", ""Prc1"", ""Mis18a"", ""Brca1"", ""Racgap1"", ""Mzt1"", ""Haus4"", ""Kifc1"", ""Kif2a"", ""Cit"", ""Ccdc61"", ""Ube2c"", ""Itgb3bp"", ""Zw10"", ""Ncapg"", ""Mad2l1"", ""Ncapg2"", 
""Brip1"", ""Gpsm2"", ""Haus5"", ""Ttk"", ""Cenph"", ""Spdl1"", ""Aurka"", ""Nuf2"", ""Cenpo"", ""Ccne1"", ""Smc5"", ""Kif18a"", ""Cdca8"", ""Ncaph2"", ""Cenpk"", ""Cep192"", ""Smarca4"", ""Nsmce2"", ""Cdca5"", ""Plscr2"", ""Tubg1"", ""Ska1"", ""Bcl7c"", ""Chek2"", ""Cdk5rap2"", ""Oip5"", ""Spice1"", ""Kif4"", ""Fam83d"", ""Aaas"", ""Stil"", ""Ect2"", ""Cdc27"", ""Spag5"", ""Rmi2"", ""Tpx2"", ""Cenpu"", ""Bub1b"", ""Anapc11"", ""Cenpn"")"
"160","MIR_7037_3P","0.00333199749913994","0.0318483427626126","0.431707695803346","-0.705016691289616","-1.74143235846176","17","c(""Csrp1"", ""Ablim1"", ""Cdk5rap1"", ""Adam12"", ""Ctnna1"", ""Lin54"")"
"161","CUI_TCF21_TARGETS_2_DN","4.8448644810583e-07","1.99894228768844e-05","0.659444398037935","-0.434912231878815","-1.73862288866021","231","c(""H3f3b"", ""Ets1"", ""Calm2"", ""Tubb2a"", ""Lztfl1"", ""Tdrp"", ""Serinc3"", ""Ptprc"", ""Cxcr4"", ""Vim"", ""Klf3"", ""Stag2"", ""St8sia4"", ""Dpysl2"", ""Nfkbia"", ""Fli1"", ""Mndal"", ""Lyst"", ""Itga4"", ""Dpp4"", ""Nck2"", ""Cited2"", ""Pitpnc1"", ""Cdc42ep3"", ""Icam2"", ""Serpinb6b"", ""Stat1"", ""Rapgef3"", ""Rgs2"", ""Ublcp1"", ""Sgk1"", ""Gata3"", ""Arhgap28"", ""Trim30a"", ""Lin54"", ""Cdkn1c"", ""Dusp6"", ""Rreb1"", ""Zbtb38"", ""Gtf2a1"", ""Slfn5"", ""Cbfa2t3"", ""Ctdspl"", ""Ppp1r2"", ""Mmd"", ""Arvcf"", ""Mafb"", ""P3h2"", ""Sfmbt1"", ""Fry"", ""Gyg"", ""Camk2d"", ""Plscr2"", ""St6galnac3"", 
""Tspan2"")"
"162","ZHENG_FOXP3_TARGETS_IN_T_LYMPHOCYTE_DN","0.00397996374039872","0.0355531028834683","0.407017918923954","-0.715192489675403","-1.73850786331224","16","c(""Satb1"", ""Foxp1"", ""Ankrd44"", ""Ptprc"", ""Clec2d"", ""Cmah"", ""Gfi1"", ""Ms4a4b"", ""Stk10"", ""Syne2"")"
"163","GOBP_NEGATIVE_REGULATION_OF_ENDOTHELIAL_CELL_MIGRATION","0.0029529928296025","0.0291123350927238","0.431707695803346","-0.691196561749503","-1.73814721657491","19","c(""Hmgb1"", ""Sp100"", ""Rgcc"", ""Jup"")"
"164","GOBP_POSITIVE_REGULATION_OF_LEUKOCYTE_CELL_CELL_ADHESION","2.18356431024387e-05","0.000537456708980627","0.575610261071129","-0.460644417647602","-1.73807862388735","133","c(""Hmgb1"", ""Ets1"", ""Thy1"", ""Cd4"", ""Cd27"", ""Cd28"", ""Cd3e"", ""Ephb6"", ""Cd1d1"", ""Rag1"", ""Ptprc"", ""Sox4"", ""Bcl10"", ""Fcho1"", ""Slamf1"", ""Gimap5"", ""Itga4"", ""Stat5b"", ""Lgals9"", ""Gimap3"", ""Cd1d2"", ""Bcl6"", ""Lgals1"", ""Dpp4"", ""Nck2"", ""Itgal"", ""B2m"", ""Dusp10"", ""Nkap"", ""Runx1"", ""Spn"", ""Icos"", ""Nfat5"")"
"165","MIR_20A_3P","0.00454870553276949","0.039346645898089","0.407017918923954","-0.586103899251233","-1.73722651268443","34","c(""Satb1"", ""Ctcf"", ""Ablim1"", ""Hmgn2"", ""Ezh2"", ""Ms4a6b"", ""Ctdspl2"", ""G2e3"", ""Gng2"")"
"166","GOBP_REGULATORY_T_CELL_DIFFERENTIATION","0.00247213149033964","0.0251317890144349","0.431707695803346","-0.647498773453895","-1.73687292784224","24","c(""Cd28"", ""Tox"", ""Gimap5"", ""Lgals9"", ""Gimap3"", ""Bcl6"", ""Drosha"", ""Dusp10"", ""Irf1"", ""Vsir"", ""Cd44"", ""Lag3"")"
"167","GOBP_POSITIVE_REGULATION_OF_MONOATOMIC_ION_TRANSMEMBRANE_TRANSPORT","0.000977886206816485","0.0125008192056323","0.45505986738723","-0.518819128006109","-1.73626044852628","66","c(""Thy1"", ""Calm2"", ""Cd4"", ""Capn3"", ""Gimap5"", ""Gimap3"", ""Calm3"", ""Stim2"", ""Glrx"", ""Rapgef3"", ""Stim1"", ""Fgf13"", ""Cacnb3"", ""Cxcr3"", ""Ramp3"", ""Atp1b3"")"
"168","GOBP_POSITIVE_REGULATION_OF_CHROMOSOME_SEGREGATION","0.00324447870191965","0.0312199418716597","0.431707695803346","-0.668882115791782","-1.73610651765118","22","c(""Smc4"", ""Smc2"", ""Ncapd3"", ""Ncapd2"", ""Smc6"", ""Birc5"", ""Mad1l1"", ""Cdk1"", ""Incenp"", ""Ncaph"", ""Aurkb"", ""Ncapg"", ""Ncapg2"", ""Smc5"", ""Cdca8"", ""Ncaph2"")"
"169","MIR_7057_5P","0.00182069596187678","0.0200801756564679","0.45505986738723","-0.636301233281315","-1.7340825295351","26","c(""Anxa2"", ""Klf3"", ""Hyls1"", ""Pcnp"", ""Socs3"", ""Ldlrad3"", ""St6galnac3"", ""Phactr2"", ""Cdc27"", ""Ptpn14"")"
"170","MIR_8113","0.00182069596187678","0.0200801756564679","0.45505986738723","-0.636301233281315","-1.7340825295351","26","c(""Anxa2"", ""Klf3"", ""Hyls1"", ""Pcnp"", ""Socs3"", ""Ldlrad3"", ""St6galnac3"", ""Phactr2"", ""Cdc27"", ""Ptpn14"")"
"171","GOBP_REGULATION_OF_NATURAL_KILLER_CELL_MEDIATED_IMMUNITY","0.00360522451013566","0.0333759196297699","0.431707695803346","-0.577975521654423","-1.73375058752719","36","c(""Sh2d1a"", ""Slamf6"", ""Clec2d"", ""Cd226"", ""Gimap5"", ""Stat5b"", ""Lgals9"", ""Gimap3"", ""Dpp4"", ""Klri2"", ""Klrk1"", ""Lag3"", ""Klrb1b"", ""Klrc2"", ""Il18rap"", ""Klrb1c"", ""Klrc1"", ""Klre1"", ""Clnk"", ""Il12b"", ""Serpinb9"")"
"172","REACTOME_ADAPTIVE_IMMUNE_SYSTEM","3.19666634368482e-07","1.44353397488444e-05","0.674962860011025","-0.428420767029479","-1.73197518920193","257","c(""Cd8a"", ""Cd8b1"", ""Ubb"", ""Cd3d"", ""Calm2"", ""Tubb2b"", ""Ube2s"", ""Cd247"", ""Fyb"", ""Ctsl"", ""Slamf6"", ""Cd4"", ""Tuba1a"", ""Cd28"", ""Lat"", ""Tubb2a"", ""Cd3e"", ""Cd1d1"", ""Ptprc"", ""Nfatc3"", ""Cd3g"", ""Ctsb"", ""Bcl10"", ""Nfkbia"", ""Cd226"", ""Lcp2"", ""Tubb4b"", ""Itga4"", ""Itgb7"", ""Calm3"", ""Rasgrp2"", ""Kif23"", ""Itgal"", ""B2m"", ""Kif22"", ""Sell"", ""Fzr1"", ""Trbc2"", ""Anapc13"", ""Ube2e3"", ""Ccnf"", ""Icos"", ""Icam2"", ""Rapgef3"", ""Stim1"", ""Tuba1c"", ""Kif11"", ""Racgap1"", ""Stub1"", ""Treml2"", ""Tuba1b"", ""Trbc1"", ""Raf1"", ""Kif2a"", ""Herc6"", ""Ube2c"")"
"173","MIR_7012_5P","0.00339577080031514","0.0321803276522353","0.431707695803346","-0.627454272842467","-1.73148908134435","27","c(""Anxa2"", ""Klf3"", ""Hyls1"", ""Pcnp"", ""Socs3"", ""Ldlrad3"", ""St6galnac3"", ""Phactr2"", ""Cdc27"", ""Ptpn14"")"
"174","GOBP_VESICLE_LOCALIZATION","0.0050865094274997","0.0425558470848837","0.407017918923954","-0.546928483540473","-1.73119420652831","44","c(""Ap3s1"", ""Dpysl2"", ""Trappc1"", ""Itga4"", ""Nde1"", ""Limk2"", ""Myo1f"", ""Kifc1"", ""Actn4"", ""a"", ""Exoc4"", ""Rab1a"", ""Kif1a"", ""Kif1b"", ""Sdc4"", ""Atp13a2"")"
"175","GOBP_MITOTIC_CYTOKINESIS","0.00387226172893913","0.0347769539879756","0.431707695803346","-0.619129845435057","-1.73102222535816","28","c(""Stmn1"", ""Nusap1"", ""Birc5"", ""Incenp"", ""Kif23"", ""Kif20b"", ""Aurkb"", ""Racgap1"", ""Cit"", ""Cenpa"", ""Exoc4"", ""Cdca8"", ""Cntrob"")"
"176","REACTOME_RECYCLING_PATHWAY_OF_L1","0.00506575865594649","0.0425397231549132","0.407017918923954","-0.716530826429196","-1.73077579115187","15","c(""Tubb2b"", ""Tuba1a"", ""Tubb2a"", ""Dpysl2"", ""Tubb4b"", ""Tuba1c"", ""Tuba1b"", ""Rdx"", ""Mapk1"")"
"177","TOX3_TARGET_GENES","0.00344841736318317","0.0324207763571401","0.431707695803346","-0.625679766594333","-1.72659224929394","27","c(""Ets1"", ""Ubald2"", ""Klf3"", ""Zyx"", ""Zfp36l2"", ""Dusp1"")"
"178","GOCC_CONDENSED_CHROMOSOME_CENTROMERIC_REGION","0.000576418883723878","0.00810235857391285","0.477270815362862","-0.483824779867868","-1.72563304811196","92","c(""H3f3a"", ""Plk5"", ""Hjurp"", ""Cbx3"", ""Bub3"", ""Spc25"", ""Cenpl"", ""Ncapd3"", ""Ndc80"", ""Ska2"", ""Ncapd2"", ""Birc5"", ""Mad1l1"", ""Incenp"", ""Nde1"", ""Cenpq"", ""Spc24"", ""Aurkb"", ""Ckap5"", ""Itgb3bp"", ""Zw10"", ""Cenpa"", ""Ncapg"", ""Mad2l1"", ""Ttk"", ""Cenph"", ""Spdl1"", ""Aurka"", ""Nuf2"", ""Cenpo"", ""Kif18a"", ""Cenpk"", ""Smarca4"", ""Ska1"", ""Cbx5"", ""Sin3a"", ""Ercc6l"", ""Spag5"", ""Cenpu"", ""Bub1b"", ""Cenpn"", ""Meaf6"", ""Cenpp"", ""Bub1"", ""Knstrn"", ""Ska3"")"
"179","REACTOME_COSTIMULATION_BY_THE_CD28_FAMILY","0.00365900376404346","0.0335672471417305","0.431707695803346","-0.625270984493575","-1.72546419618354","27","c(""Cd3d"", ""Cd247"", ""Cd4"", ""Cd28"", ""Cd3e"", ""Cd3g"", ""Trbc2"", ""Icos"", ""Trbc1"", ""Trbv16"", ""Pak1"")"
"180","MCMURRAY_TP53_HRAS_COOPERATION_RESPONSE_DN","0.00267019164935633","0.0267719390018506","0.431707695803346","-0.679399121944328","-1.72489929849031","20","c(""Satb1"", ""Dgka"", ""Tnfrsf18"", ""Abca1"", ""Id2"", ""Cers4"", ""Dixdc1"", ""Atp8a1"")"
"181","GOMF_RNA_POLYMERASE_II_CORE_PROMOTER_SEQUENCE_SPECIFIC_DNA_BINDING","0.00540630609664457","0.0442930935203666","0.407017918923954","-0.713979252355639","-1.72461247971717","15","c(""H3f3b"", ""H3f3a"", ""Hdac1"", ""Ezh2"", ""Pou2f1"", ""Stat1"", ""Taf1"", ""Gtf2a1"", ""Gbx2"", ""Egr1"")"
"182","GOMF_RNA_POLYMERASE_II_TRANSCRIPTION_REGULATORY_REGION_SEQUENCE_SPECIFIC_DNA_BINDING","8.38367913934231e-08","4.53588677963473e-06","0.704975715167238","-0.423048608307421","-1.72456588837175","281","c(""H3f3b"", ""Satb1"", ""Tcf7"", ""Ets1"", ""Jund"", ""Klf13"", ""H3f3a"", ""Mxd4"", ""Foxp1"", ""Ctcf"", ""Tcf12"", ""Cux1"", ""Maz"", ""Rbbp4"", ""Hdac1"", ""Hbp1"", ""Klf3"", ""Nfatc3"", ""Rorc"", ""Sox4"", ""Ezh2"", ""Tcf3"", ""Mxd3"", ""Klf6"", ""Nfyb"", ""Fli1"", ""E2f2"", ""Stat5b"", ""E2f7"", ""Bcl6"", ""Gfi1"", ""Ikzf1"", ""Smad4"", ""Elk4"", ""Foxo1"", ""Stat4"", ""Runx1"", ""Tfdp2"", ""Nfat5"", ""Rbl1"", ""Pou2f1"", ""Stat1"", ""Myef2"", ""Zfp101"", ""Irf7"", ""Trps1"", ""E2f8"", ""Nr3c1"", ""Stat2"", ""Nfia"", ""Skil"", ""Irf1"", ""Thrap3"", ""Sp4"", ""Myb"", ""Pbx4"", ""Cebpg"", ""Gata3"", ""Taf1"", 
""Actn4"", ""Elk3"", ""Tcf4"", ""Rreb1"", ""Foxm1"", ""Irf9"", ""Zbtb38"", ""Gtf2a1"", ""Pknox2"", ""Carf"", ""Patz1"", ""Mxd1"", ""Ikzf3"", ""Crem"", ""Klf2"", ""Zfp467"", ""Suz12"", ""Klf15"", ""Nfkbiz"", ""Gbx2"")"
"183","YAO_TEMPORAL_RESPONSE_TO_PROGESTERONE_CLUSTER_0","0.00571564429098756","0.0460914122490888","0.407017918923954","-0.603054799077649","-1.72452909994716","31","c(""Foxp1"", ""Ablim1"", ""AW112010"", ""Smpdl3a"", ""Haus4"", ""Abca1"", ""St6gal1"", ""Dkk3"", ""Met"", ""Cfh"", ""Rora"", ""Angptl2"", ""Nt5e"", ""Nrep"", ""Ncam1"", ""Cpd"")"
"184","GOBP_MAST_CELL_ACTIVATION","0.00537191668825935","0.0441374530188644","0.407017918923954","-0.576156091686747","-1.72240950427968","35","c(""Fyb"", ""Lat"", ""Bcl10"", ""Cd48"", ""Cd226"", ""Lcp2"")"
"185","GOBP_REGULATION_OF_CALCIUM_ION_TRANSMEMBRANE_TRANSPORT","0.00101393444940233","0.0127241008037689","0.45505986738723","-0.509368739857838","-1.72210468160442","68","c(""Thy1"", ""Calm2"", ""Cd4"", ""Capn3"", ""Gimap5"", ""Gimap3"", ""Calm3"", ""Stim2"", ""Rapgef3"", ""Stim1"", ""Fmr1"", ""Cacnb3"", ""Cxcr3"", ""Ramp3"", ""Rem1"", ""Camk2d"", ""P2rx1"", ""Ubash3b"", ""Vdac1"", ""Ywhae"", ""Tmc2"", ""Cacnb1"", ""Akt1"", ""F2r"", ""Prnp"")"
"186","GOBP_MYELOID_DENDRITIC_CELL_ACTIVATION","0.00498745374328726","0.0422221186574419","0.407017918923954","-0.672688118567307","-1.72154979428375","21","c(""Hmgb1"", ""Camk4"", ""Slamf1"", ""Gimap5"", ""Gimap3"")"
"187","GOBP_HETEROTYPIC_CELL_CELL_ADHESION","0.00295522476199253","0.0291123350927238","0.431707695803346","-0.634507034356737","-1.72070424544408","25","c(""Thy1"", ""Ptprc"", ""Jup"", ""Itga4"", ""Itgb7"")"
"188","WP_REGULATION_OF_ACTIN_CYTOSKELETON","0.00564298669541158","0.0457744394599511","0.407017918923954","-0.610221806148063","-1.71965034901087","29","c(""Tmsb4x"", ""Actn1"", ""Mapk3"", ""Fgf13"", ""Raf1"", ""Rdx"", ""Arhgef6"", ""Mapk1"", ""Pak1"", ""Baiap2"", ""Pik3cd"", ""Fgfr3"")"
"189","GOCC_SIDE_OF_MEMBRANE","2.1895863588708e-08","1.37992063385978e-06","0.73376198835648","-0.419263164184157","-1.71811965802449","320","c(""Cd8a"", ""Cd8b1"", ""Cd3d"", ""Thy1"", ""Ctsl"", ""Slamf6"", ""Cd4"", ""Cd27"", ""Cd52"", ""Cd28"", ""Ccr9"", ""Cd3e"", ""Ighm"", ""Cd1d1"", ""Ptprc"", ""Cxcr4"", ""Pecam1"", ""Clec2d"", ""Rorc"", ""Cd3g"", ""Jup"", ""Ctsb"", ""Cd48"", ""Cd226"", ""Slamf1"", ""Itga4"", ""Ly6e"", ""Cd1d2"", ""Itgal"", ""B2m"", ""Sell"", ""Gm2a"", ""Spn"", ""Icos"", ""Ldlrap1"", ""Gng2"", ""Cd9"", ""Ly6d"", ""Traf1"", ""Tnfrsf18"", ""Rgs2"", ""Racgap1"", ""Abca1"", ""Art1"", ""Rasa3"", ""Ccr7"", ""Vsir"", ""Cyld"", ""Klri2"", ""Cxcr3"")"
"190","GOBP_POSITIVE_REGULATION_OF_CELL_CELL_ADHESION","4.75122854137806e-05","0.001052057748448","0.557332238758646","-0.44394118978519","-1.71758004646741","153","c(""Hmgb1"", ""Ets1"", ""Thy1"", ""Cd4"", ""Cd27"", ""Cd28"", ""Cd3e"", ""Ephb6"", ""Cd1d1"", ""Rag1"", ""Ptprc"", ""Sox4"", ""Bcl10"", ""Fcho1"", ""Slamf1"", ""Gimap5"", ""Itga4"", ""Stat5b"", ""Lgals9"", ""Gimap3"", ""Cd1d2"", ""Bcl6"", ""Lgals1"", ""Dpp4"", ""Nck2"", ""Cited2"", ""Itgal"", ""B2m"", ""Dusp10"", ""Nkap"", ""Runx1"", ""Spn"", ""Icos"", ""Nfat5"", ""Ptpru"", ""Irf1"", ""Ccr7"", ""Vsir"", ""Cyld"", ""Gata3"", ""Cbfb"", ""Itga6"", ""Nfkbiz"", ""Blm"", ""Cd44"", ""Nlrp3"", ""Ada"")"
"191","GOCC_PLASMA_MEMBRANE_SIGNALING_RECEPTOR_COMPLEX","0.00171055809965088","0.0191229058508729","0.45505986738723","-0.51377708618349","-1.71704262682681","67","c(""Cd3d"", ""Cd247"", ""Cd3e"", ""Ighm"", ""Cd3g"", ""Itga4"", ""Itgb7"", ""Itgal"", ""B2m"", ""Trbc2"", ""Traf1"", ""Trbc1"", ""Ramp3"", ""Il18r1"", ""Traf5"", ""Itga6"")"
"192","MARTORIATI_MDM4_TARGETS_NEUROEPITHELIUM_DN","0.00195180152632022","0.0211199655725405","0.45505986738723","-0.519305539205803","-1.71652247306857","56","c(""Satb1"", ""Cd1d1"", ""St8sia4"", ""F13a1"", ""Rbl1"", ""Myb"", ""Pgm2l1"", ""Parp9"", ""Pak1"", ""Zmat1"", ""Pknox1"", ""Hemgn"", ""Lst1"", ""Fabp7"")"
"193","REICHERT_MITOSIS_LIN9_TARGETS","0.00413607571876264","0.0367758050342693","0.407017918923954","-0.661280868138529","-1.71637721815052","22","c(""Hmgb2"", ""Top2a"", ""Nusap1"", ""Fbxo5"", ""Ncapd2"", ""Kif23"", ""Ccnf"", ""Mki67"", ""Cenpa"", ""Aurka"")"
"194","GOBP_ASSOCIATIVE_LEARNING","0.00207894664743422","0.0221870400707183","0.431707695803346","-0.629738748613179","-1.71619809144487","26","c(""Tuba1a"", ""Rag1"", ""Ppt1"", ""Slc7a11"", ""Rapgef3"", ""Sgk1"", ""Ckap5"", ""Atxn1"", ""Cacna1e"")"
"195","ZHANG_UTERUS_C10_STROMAL2_RETNLG_HIGH_CELL","0.00425898311676474","0.0374620677525242","0.407017918923954","-0.58357943790262","-1.70948574330036","33","c(""Tmsb4x"", ""Cd52"", ""Cxcr4"", ""Msrb1"", ""Fth1"", ""Slc7a11"", ""Cd9"", ""Vasp"")"
"196","GOBP_POSITIVE_REGULATION_OF_NATURAL_KILLER_CELL_MEDIATED_IMMUNITY","0.00340222371955518","0.0321803276522353","0.431707695803346","-0.629960695487402","-1.70837513927172","25","c(""Sh2d1a"", ""Slamf6"", ""Cd226"", ""Gimap5"", ""Stat5b"", ""Gimap3"", ""Dpp4"", ""Klri2"", ""Klrk1"", ""Lag3"", ""Klrc2"", ""Il18rap"", ""Klrb1c"", ""Klrc1"", ""Klre1"", ""Clnk"", ""Il12b"")"
"197","GOMF_MICROTUBULE_MOTOR_ACTIVITY","0.00343995813542123","0.0323943512424314","0.431707695803346","-0.672594154386519","-1.70762243811827","20","c(""Kif23"", ""Kif20b"", ""Kif22"", ""Kif11"", ""Kifc1"", ""Kif2a"", ""Kif18a"", ""Kif3a"", ""Kif4"", ""Kif1a"", ""Kif15"", ""Kif1b"", ""Kif18b"", ""Dync2h1"", ""Kif14"", ""Kif20a"")"
"198","GOBP_REGULATION_OF_CELL_CYCLE_CHECKPOINT","0.00492252563195861","0.0419475252589638","0.407017918923954","-0.618588526641436","-1.70702364472294","27","c(""Ndc80"", ""Birc5"", ""Mad1l1"", ""Incenp"", ""Wdr76"", ""Aurkb"", ""Brca1"", ""Mad2l1"", ""Aurka"", ""Rfwd3"", ""Cdca8"", ""Rad51"", ""Chek2"", ""Cdk5rap2"", ""Etaa1"", ""Bard1"", ""Lcmt1"", ""Ccnb1"", ""Brca2"")"
"199","MIR_382_3P","0.00389156003079626","0.0348720262134634","0.431707695803346","-0.531377924085435","-1.70697162186168","48","c(""Slbp"", ""Cxcr4"", ""Tox"", ""St8sia4"", ""Tmpo"", ""Nfyb"", ""Lmo4"", ""P2ry10"", ""Skil"", ""Eif4h"", ""Taf1"", ""Pqlc3"", ""Mkrn2os"")"
"200","GOBP_CYTOSKELETON_DEPENDENT_CYTOKINESIS","0.00510918543403082","0.0426509147950025","0.407017918923954","-0.601089504263157","-1.70649176321572","30","c(""Stmn1"", ""Nusap1"", ""Birc5"", ""Incenp"", ""Kif23"", ""Kif20b"", ""Aurkb"", ""Racgap1"", ""Cit"", ""Cenpa"", ""Exoc4"", ""Cdca8"", ""Cntrob"")"
"201","GOBP_SPINDLE_CHECKPOINT_SIGNALING","0.00599789151902237","0.0480417707564152","0.407017918923954","-0.574912724644375","-1.70405559322808","34","c(""Bub3"", ""Spc25"", ""Ndc80"", ""Birc5"", ""Mad1l1"", ""Incenp"", ""Spc24"", ""Aurkb"", ""Zw10"", ""Mad2l1"", ""Ttk"", ""Spdl1"", ""Aurka"", ""Nuf2"", ""Cdca8"", ""Cep192"", ""Cdk5rap2"", ""Stil"", ""Bub1b"", ""Bub1"", ""Lcmt1"", ""Ccnb1"")"
"202","MIR_8119","0.00384922373826375","0.0347757368153301","0.431707695803346","-0.627742494034397","-1.70235965252254","25","c(""Anxa2"", ""Klf3"", ""Hyls1"", ""Pcnp"", ""Socs3"", ""St6galnac3"", ""Phactr2"", ""Cdc27"", ""Ptpn14"")"
"203","GOBP_INTERLEUKIN_2_PRODUCTION","0.00361732257896162","0.0334063526414572","0.431707695803346","-0.563305786459149","-1.7007476719668","37","c(""Cd247"", ""Cd28"", ""Cd3e"", ""Cd1d1"", ""Ptprc"", ""Stat5b"", ""Cd1d2"", ""Runx1"")"
"204","RAMALHO_STEMNESS_DN","0.00367915566006452","0.0335986587746338","0.431707695803346","-0.563121536584109","-1.70019137988962","37","c(""Stmn1"", ""Ptprc"", ""Ablim1"", ""Ctsb"")"
"205","GOBP_POSITIVE_REGULATION_OF_HEMOPOIESIS","0.000324882312981349","0.00511868149710999","0.49849310876659","-0.470352725162535","-1.69993289792518","102","c(""Hmgb1"", ""Cd4"", ""Cd27"", ""Cd1d1"", ""Rag1"", ""Ptprc"", ""Tox"", ""Sox4"", ""Gimap5"", ""Stat5b"", ""Lgals9"", ""Gimap3"", ""Xrcc6"", ""Bcl6"", ""Ikzf1"", ""Dusp10"", ""Nkap"", ""Runx1"", ""Irf1"", ""Ccr7"", ""Vsir"", ""Cyld"", ""Gata3"", ""Cbfb"", ""Id2"", ""Nfkbiz"", ""Nlrp3"", ""Car2"", ""Ada"", ""Ppp2r3c"", ""Smarca4"", ""Zfp36l1"")"
"206","GOLDRATH_ANTIGEN_RESPONSE","4.58070935788034e-07","1.94281334983808e-05","0.674962860011025","-0.415802162640068","-1.69787105963347","282","c(""Stmn1"", ""Anxa2"", ""Sp100"", ""S100a11"", ""Rrm2"", ""Serinc3"", ""Top2a"", ""Cdkn2c"", ""Hmgn2"", ""Nusap1"", ""Asf1b"", ""Emp3"", ""Rad21"", ""Pim1"", ""Tyms"", ""Ezh2"", ""Tcf19"", ""Atpif1"", ""Tmpo"", ""Mxd3"", ""Cd48"", ""Birc5"", ""Cst3"", ""Trappc1"", ""Itga4"", ""Cdca3"", ""Cdk1"", ""Cmc2"", ""Lmnb1"", ""Incenp"", ""Brip1os"", ""Rpa3"", ""Sh3bgrl"", ""H1f0"", ""Dusp1"", ""Lgals1"", ""Cited2"", ""Kif22"", ""Ccna2"", ""Carhsp1"", ""Ccnf"", ""Ncaph"", ""Mis18bp1"", ""Rrm1"", ""Mki67"", ""Aurkb"", ""Glrx"", ""Sypl"", ""Lig1"", ""Tacc3"", ""Ube2t"", ""Cks2"", ""Nudt4"", ""Kif11"", ""Prc1"", ""Skap2"", 
""Brca1"", ""Racgap1"", ""Myo1f"", ""Plk4"", ""Cdc45"", ""E2f8"", ""Kifc1"", ""Rell1"", ""Cxcr3"", ""Txn1"", ""Ctnna1"", ""Cenpa"", ""Rad51ap1"", ""Il18r1"", ""Pola1"", ""Mad2l1"", ""Prim2"", ""Pqlc3"", ""Ttk"", ""Id2"", ""Spdl1"", ""Prdx4"", ""Aurka"", ""Cd44"", ""Tk1"", ""Cdca8"", ""Pcna"", ""Car2"", ""Rad51"", ""Klrk1"")"
"207","GOBP_REGULATION_OF_T_CELL_ACTIVATION","1.97885759959534e-05","0.000493423840594751","0.575610261071129","-0.442434310297099","-1.69266075016418","174","c(""Hmgb1"", ""Tcf7"", ""Thy1"", ""Cd4"", ""Cd27"", ""Cd28"", ""Lat"", ""Cd3e"", ""Ephb6"", ""Cd1d1"", ""Rag1"", ""Ptprc"", ""Tox"", ""Sit1"", ""Rorc"", ""Sox4"", ""Bcl10"", ""Fcho1"", ""Slamf1"", ""Gimap5"", ""Mad1l1"", ""Stat5b"", ""Lgals9"", ""Gimap3"", ""Rag2"", ""Cd1d2"", ""Bcl6"", ""Lgals1"", ""Dpp4"", ""Nck2"", ""Itgal"", ""Drosha"", ""B2m"", ""Dusp10"", ""Nkap"", ""Runx1"", ""Spn"", ""Icos"")"
"208","GOBP_ADAPTIVE_IMMUNE_RESPONSE","1.90161219864596e-06","6.64984509709426e-05","0.643551836150722","-0.423241493477753","-1.69196746849877","231","c(""Cd8a"", ""Cd8b1"", ""Sh2d1a"", ""Cd3d"", ""Hmgb1"", ""Themis"", ""Cd247"", ""Slamf6"", ""Cd4"", ""Cd28"", ""Lat"", ""Camk4"", ""Cd3e"", ""Ighm"", ""Ephb6"", ""Cd1d1"", ""Rag1"", ""Ptprc"", ""Sit1"", ""Rorc"", ""Cd3g"", ""Bcl10"", ""Cd226"", ""Slamf1"", ""Gimap5"", ""Lyst"", ""Lgals9"", ""Gimap3"", ""Cd1d2"", ""Bcl6"", ""Dpp4"", ""Lig4"", ""Akirin2"", ""B2m"", ""Dusp10"", ""Stat4"", ""Spn"")"
"209","GOBP_HETEROCHROMATIN_ORGANIZATION","0.00502252902576631","0.0423218054483556","0.407017918923954","-0.541745576448902","-1.69140788273353","42","c(""H3f3b"", ""Hmgb1"", ""H3f3a"", ""Hdac1"", ""Cbx3"", ""Ezh2"", ""Samd1"", ""Lmnb1"", ""Cdk2"", ""Bcl6"", ""H1f0"")"
"210","GOMF_DNA_SECONDARY_STRUCTURE_BINDING","0.00435405954889573","0.0379905015244678","0.407017918923954","-0.665766814891639","-1.69028877852865","20","c(""Hmgb1"", ""Clspn"", ""Smc6"", ""H1f0"", ""Neil3"", ""Wrn"", ""Rad51ap1"", ""Lin54"", ""Msh6"", ""Blm"", ""Smc5"")"
"211","GOMF_DNA_BINDING_TRANSCRIPTION_ACTIVATOR_ACTIVITY","0.000168649837362011","0.003031996292386","0.518848077743792","-0.446036488401619","-1.68995021653814","142","c(""Ets1"", ""Jund"", ""Klf13"", ""Ctcf"", ""Tcf12"", ""Nfatc3"", ""Sox4"", ""Tcf3"", ""Klf6"", ""Nfyb"", ""Fli1"", ""E2f2"", ""Stat5b"", ""Smad4"", ""Elk4"", ""Foxo1"", ""Stat4"", ""Runx1"", ""Tfdp2"", ""Nfat5"", ""Nr3c1"", ""Nfia"", ""Irf1"", ""Myb"", ""Cebpg"", ""Gata3"", ""Elk3"", ""Tcf4"", ""Rreb1"", ""Carf"", ""Patz1"", ""Ikzf3"", ""Zfp467"", ""Klf15"", ""Gbx2"", ""Mafb"", ""Egr1"", ""Plscr2"", ""Litaf"", ""Nfya"")"
"212","GOMF_CYTOKINE_RECEPTOR_ACTIVITY","0.00341587930254198","0.0322205062501287","0.431707695803346","-0.51470166504306","-1.68588784919318","54","c(""Ifngr1"", ""Cd4"", ""Ccr9"", ""Cxcr4"", ""Ifnar2"", ""Ccr7"", ""Cxcr3"", ""Il18r1"", ""Cd44"", ""F3"")"
"213","SCHAEFFER_SOX9_TARGETS_IN_PROSTATE_DEVELOPMENT_DN","0.00497264643276377","0.0422221186574419","0.407017918923954","-0.643562914387129","-1.6857954981297","23","c(""Stmn1"", ""Hmgb1"", ""Ets1"", ""Rrm2"", ""Klf3"", ""Sox4"", ""Cdk2"")"
"214","GOCC_CORTICAL_ACTIN_CYTOSKELETON","0.00498554839733579","0.0422221186574419","0.407017918923954","-0.670242948268947","-1.68545530957781","19","c(""Actn1"", ""Cotl1"", ""Eef1a1"", ""Rapgef3"", ""Myo1f"", ""Actn4"", ""Rdx"", ""Dstn"", ""Myzap"", ""Actn2"", ""Anln"")"
"215","GOBP_POSITIVE_REGULATION_OF_OSTEOBLAST_DIFFERENTIATION","0.00507361301446567","0.0425397231549132","0.407017918923954","-0.642829231878338","-1.68387363681245","23","c(""Clic1"", ""Jund"", ""Fbxo5"")"
"216","GOBP_SPINDLE_ORGANIZATION","0.000728286702130471","0.00987405256907388","0.477270815362862","-0.479038383328908","-1.68305355888128","87","c(""Tubb5"", ""Stmn1"", ""Plk5"", ""Fbxo5"", ""Stag2"", ""Spc25"", ""Ndc80"", ""Birc5"", ""Incenp"", ""Haus3"", ""Kif23"", ""Smc3"", ""Haus8"", ""Aurkb"", ""Sass6"", ""Tacc3"", ""Kif11"", ""Ccsap"", ""Prc1"", ""Limk2"", ""Racgap1"", ""Mzt1"", ""Fam110a"", ""Haus4"", ""Ckap5"", ""Kifc1"", ""Kif2a"", ""Ccdc61"", ""Pcnt"", ""Gpsm2"", ""Haus5"", ""Cenph"", ""Aurka"", ""Nuf2"", ""Cdca8"", ""Cep192"", ""Tubg1"", ""Chek2"", ""Cep72"", ""Spice1"", ""Kif4"", ""Aaas"", ""Stil"")"
"217","BIOCARTA_NKT_PATHWAY","0.00464272363463885","0.0399790090760568","0.407017918923954","-0.662841347851298","-1.68286142709022","20","c(""Ifngr1"", ""Cd4"", ""Cd28"", ""Cxcr4"", ""Ccr7"", ""Cxcr3"", ""Il18r1"")"
"218","ZHANG_UTERUS_C12_MONOCYTE","0.000156254057417339","0.0028358133521786","0.518848077743792","-0.464863393517515","-1.68276652371076","110","c(""H3f3b"", ""Tmsb4x"", ""H3f3a"", ""Psap"", ""Cd52"", ""Ptprc"", ""Emp3"", ""Cotl1"", ""Pim1"", ""Sat1"", ""Ctsb"", ""Ms4a6b"", ""Msrb1"", ""Fth1"", ""Cst3"", ""Lmnb1"", ""Ly6e"", ""Crip1"", ""B2m"")"
"219","GOBP_REGULATION_OF_ALPHA_BETA_T_CELL_ACTIVATION","0.00193229399050228","0.0210215043356265","0.45505986738723","-0.496325500303404","-1.67800730745804","68","c(""Hmgb1"", ""Cd28"", ""Cd3e"", ""Cd1d1"", ""Ptprc"", ""Gimap5"", ""Lgals9"", ""Gimap3"", ""Cd1d2"", ""Bcl6"", ""Nkap"", ""Runx1"", ""Irf1"", ""Ccr7"", ""Vsir"", ""Gata3"", ""Cbfb"", ""Ankle1"", ""Nfkbiz"", ""Blm"", ""Cd44"", ""Nlrp3"", ""Ada"", ""Irgm1"")"
"220","GOBP_NEGATIVE_REGULATION_OF_EPITHELIAL_CELL_MIGRATION","0.00499155997380046","0.0422221186574419","0.407017918923954","-0.617387214335802","-1.67427742052932","25","c(""Hmgb1"", ""Sp100"", ""Rgcc"", ""Jup"", ""Dusp10"")"
"221","GOBP_MEIOSIS_I_CELL_CYCLE_PROCESS","0.00366400988853065","0.0335672471417305","0.431707695803346","-0.510754942383097","-1.67296049296243","54","c(""Ubb"", ""Top2a"", ""Fbxo5"", ""Ndc80"", ""Birc5"", ""Ccne2"", ""Cdc25b"", ""Terf1"", ""Cks2"", ""Rad51ap1"", ""Ing2"", ""Brip1"", ""Ankle1"", ""Aurka"", ""Ccne1"", ""Rad51"", ""Gm960"", ""Pkmyt1"", ""Mre11a"", ""Cenpc1"", ""Brca2"", ""Rad54b"", ""Eme1"", ""Espl1"", ""Ccnb2"", ""Cenpe"", ""Cdc25c"", ""Plk1"", ""Fancd2"", ""Chtf18"", ""Msh5"")"
"222","REACTOME_PLATELET_ACTIVATION_SIGNALING_AND_AGGREGATION","0.00130497089770949","0.0155592683957669","0.45505986738723","-0.476775781344622","-1.66964604100622","86","c(""Tmsb4x"", ""Calm2"", ""Dgka"", ""Psap"", ""Lat"", ""Actn1"", ""Pecam1"", ""Mapk3"", ""Lcp2"", ""Calm3"", ""Rasgrp2"", ""F13a1"", ""Gng2"", ""Cd9"", ""Rapgef3"", ""Dgke"", ""Raf1"", ""Actn4"", ""Mapk1"", ""Gnb4"", ""Dgkg"", ""Clu"", ""Ctsw"", ""Sod1"", ""Trf"", ""Phactr2"", ""Akt1"", ""F2r"", ""Prkcd"", ""Cd63"", ""Syk"", ""Dagla"")"
"223","GOBP_MEIOTIC_CELL_CYCLE","0.000400993220233717","0.00603594781637891","0.49849310876659","-0.458437075164285","-1.66874148817848","112","c(""Smc4"", ""Ubb"", ""Top2a"", ""Mns1"", ""Smc2"", ""Bub3"", ""Fbxo5"", ""Stag2"", ""Rpa1"", ""Ncapd3"", ""Ndc80"", ""Ncapd2"", ""Birc5"", ""Cdk2"", ""Incenp"", ""Smc3"", ""Fzr1"", ""Ccne2"", ""Cdc25b"", ""Ncaph"", ""Terf1"", ""Mki67"", ""Cks2"", ""Mastl"", ""Rad51ap1"", ""Ing2"", ""Brip1"", ""Ankle1"", ""Ttk"", ""Aurka"", ""Nuf2"", ""Tdrkh"", ""Ccne1"", ""Kif18a"", ""Rad51"", ""Ncaph2"")"
"224","MARSON_BOUND_BY_FOXP3_UNSTIMULATED","3.08008664056013e-08","1.89938676167874e-06","0.719512826338911","-0.402340117467239","-1.66874075419564","389","c(""H3f3b"", ""Ubb"", ""Cd3d"", ""Hmgb1"", ""Cdkn2d"", ""Ets1"", ""Jund"", ""Dntt"", ""Ubald2"", ""Themis"", ""Fyb"", ""H3f3a"", ""Dgka"", ""Mier1"", ""Cd28"", ""Aqp11"", ""Arpp21"", ""Tsc22d3"", ""Lztfl1"", ""Cd3e"", ""Lbr"", ""Mns1"", ""Rag1"", ""Pik3ip1"", ""Ptprc"", ""Arl4c"", ""Hbp1"", ""Emp3"", ""Cdk19"", ""Nsmce1"", ""Clec2d"", ""Nfatc3"", ""Cd3g"", ""Ostf1"", ""Cenpl"", ""Ncapd3"", ""St8sia4"", ""Bcl10"", ""Ms4a6b"", ""Ncapd2"", ""Tmpo"", ""Cd48"", ""Cd226"", ""Ddit4"", ""Lcp2"", ""Klf6"", ""Gimap5"", ""Dbf4"", ""Tubb4b"", ""Ppt1"", ""Fli1"", ""Fth1"", ""Trappc1"", ""E2f2"", ""Mylpf"", ""Gpr171"", 
""Mad1l1"", ""Dhrs3"", ""Scmh1"", ""Ifi203"", ""Haus3"", ""Kif23"", ""B9d2"", ""Cep57l1"", ""Cited2"", ""Itgal"", ""Dap"", ""Orai2"", ""Fzr1"", ""Dusp10"", ""Elk4"", ""Tmem71"", ""Nkap"", ""Nyap1"", ""Lsm5"", ""Gdi2"", ""Mis18bp1"", ""Ldlrap1"", ""Icam2"", ""P2ry10"", ""Terf1"", ""Rbl1"", ""Gng2"", ""Aurkb"", ""Sypl"", ""Tnfrsf18"", ""Nudt4"", ""Kif11"", ""Cytip"", ""Rasgrp4"", ""Rgs2"", ""Sytl1"", ""Haus4"", ""Stk10"", ""Hibadh"", ""Ifit2"", ""Arid5a"", ""Nfia"", ""Rpl29"", ""Rasa3"", ""Vsir"", ""Gbp2"", ""Atxn1"", ""Itgb3bp"", ""Txn1"", ""Gata3"", ""Cenpa"", ""Tcf4"", ""Dusp6"", ""Mdh1"", ""Rdm1"", ""Slfn5"", 
""Ttk"", ""Rdx"", ""Arhgef6"", ""Id2"", ""Atp5l"", ""Arl6ip6"", ""Arhgap11a"", ""Nuf2"", ""Ifi27"", ""Msh6"", ""Blm"")"
"225","TABULA_MURIS_SENIS_MAMMARY_GLAND_B_CELL_AGEING","0.000152041923236541","0.00276812834844941","0.518848077743792","-0.441634682113299","-1.66774857952173","139","c(""H3f3b"", ""Jund"", ""Calm2"", ""Klf13"", ""Ptms"", ""Ltb"", ""Psap"", ""Cd52"", ""Tsc22d3"", ""Ptprc"", ""Rgcc"", ""Cotl1"", ""Vim"", ""Psmb9"", ""Ostf1"", ""Ctsb"", ""AW112010"", ""Rps28"", ""Cst3"", ""Nrm"", ""Gimap3"", ""Calm3"", ""Sp140"", ""Lgals1"", ""Aldh2"", ""Crip1"", ""B2m"", ""Ikzf1"", ""Rnf187"", ""Gm2a"", ""Anapc13"", ""Pafah1b3"", ""Ly6d"")"
"226","GOBP_POSITIVE_REGULATION_OF_MONOATOMIC_ION_TRANSPORT","0.000970043971450948","0.0124456424525082","0.477270815362862","-0.468232009274421","-1.66438353143391","91","c(""Thy1"", ""Calm2"", ""Cd4"", ""Capn3"", ""Cxcr4"", ""Hbp1"", ""Gimap5"", ""Gimap3"", ""Calm3"", ""Stim2"", ""Glrx"", ""Rapgef3"", ""Stim1"", ""Sgk1"", ""Fgf13"", ""Cacnb3"", ""Cxcr3"", ""Ramp3"", ""Atp1b3"")"
"227","GOCC_CILIARY_BASAL_BODY","0.00518031309300247","0.0430566602729988","0.407017918923954","-0.514602748071208","-1.66297555864796","51","c(""Ift80"", ""Odf2"", ""B9d2"", ""Cep250"", ""Ccsap"", ""Cby1"", ""Cdc45"", ""Pcm1"", ""Ccdc61"", ""Poc1b"", ""Cyld"", ""Pcnt"", ""Topors"", ""Rpgr"", ""Aurka"", ""Tubg1"", ""Ccdc88a"", ""Cep128"", ""Spag5"", ""Tbc1d31"", ""Akt1"", ""Alms1"", ""Ssx2ip"", ""Rpgrip1l"", ""Cfap20"", ""Kifap3"", ""Poc1a"", ""Odf2l"", ""Enkd1"")"
"228","TABULA_MURIS_SENIS_MAMMARY_GLAND_LUMINAL_EPITHELIAL_CELL_OF_MAMMARY_GLAND_AGEING","6.16373975955223e-05","0.00130439289745506","0.538434096309916","-0.431939765880269","-1.65974768191922","155","c(""H3f3b"", ""Ubb"", ""Jund"", ""Calm2"", ""Klf13"", ""Ptms"", ""Ube2s"", ""Hmgb2"", ""Cd52"", ""Foxp1"", ""Serinc3"", ""Cbx3"", ""Arl4c"", ""Pim1"", ""Anp32a"", ""Mapk3"", ""Apobec3"", ""Fth1"", ""Cst3"", ""Zfp36l2"", ""Dhrs3"", ""Sf3b2"", ""Ly6e"", ""Dusp1"", ""Aldh2"", ""Crip1"", ""Mtch1"", ""Gm2a"", ""Ube2e3"", ""Idh2"", ""Ly6d"", ""Cytip"", ""Trps1"", ""Sgk1"", ""Fam110a"", ""Skil"")"
"229","TABULA_MURIS_SENIS_SPLEEN_CD4_POSITIVE_ALPHA_BETA_T_CELL_AGEING","0.000520437550635183","0.00744316546856053","0.477270815362862","-0.454052489480069","-1.6592411680777","113","c(""Clic1"", ""H3f3b"", ""Sh2d1a"", ""Jund"", ""Calm2"", ""Ptms"", ""Ltb"", ""Anxa2"", ""Lat"", ""S100a11"", ""Cotl1"", ""Cd3g"", ""Ctsb"", ""Apobec3"", ""AW112010"", ""Nfkbia"", ""Ddit4"", ""Fth1"", ""Plin3"", ""Smpdl3a"", ""Dusp1"", ""B2m"", ""Icos"", ""Gimap7"", ""Traf1"", ""Prr13"", ""Tnfrsf18"", ""Rgs2"", ""Fam110a"", ""Vasp"", ""Atxn1"", ""Cxcr3"")"
"230","REACTOME_RHO_GTPASES_ACTIVATE_FORMINS","0.00123313756817412","0.0148885135862707","0.45505986738723","-0.47703616284303","-1.65918593747835","80","c(""Tubb2b"", ""Tuba1a"", ""Tubb2a"", ""Bub3"", ""Spc25"", ""Cenpl"", ""Ndc80"", ""Ska2"", ""Tubb4b"", ""Mad1l1"", ""Incenp"", ""B9d2"", ""Nde1"", ""Cenpq"", ""Spc24"", ""Aurkb"", ""Tuba1c"", ""Ckap5"", ""Tuba1b"", ""Kif2a"", ""Itgb3bp"", ""Zw10"", ""Cenpa"", ""Mad2l1"", ""Cenph"", ""Spdl1"", ""Nuf2"", ""Cenpo"", ""Kif18a"", ""Cdca8"", ""Srgap2"", ""Cenpk"")"
"231","GOBP_MYELOID_LEUKOCYTE_ACTIVATION","0.000233548378872193","0.00396272175394092","0.518848077743792","-0.444248729224417","-1.65755048390005","122","c(""Hmgb1"", ""Jund"", ""Ifngr1"", ""Fyb"", ""Lat"", ""Foxp1"", ""Camk4"", ""Cd1d1"", ""Bcl10"", ""Cd48"", ""Cd226"", ""Lcp2"", ""Slamf1"", ""Gimap5"", ""Lgals9"", ""Gimap3"")"
"232","CADWELL_ATG16L1_TARGETS_DN","0.0057535378990515","0.0462136412479837","0.407017918923954","-0.651900885084393","-1.65508512308531","20","c(""H3f3b"", ""Ighm"", ""Rnf187"", ""Slc15a2"", ""Sgk1"", ""Camk2d"", ""Oip5"", ""Slc22a15"", ""Hspa4l"")"
"233","REACTOME_HEMOSTASIS","1.70551195970054e-05","0.000440590589589305","0.575610261071129","-0.425729567601471","-1.65371575119889","184","c(""H3f3b"", ""Tmsb4x"", ""Calm2"", ""Tubb2b"", ""H3f3a"", ""Dgka"", ""Tuba1a"", ""Psap"", ""Anxa2"", ""Lat"", ""Tubb2a"", ""Hdac1"", ""Actn1"", ""Pecam1"", ""Mapk3"", ""Cd48"", ""Lcp2"", ""Tubb4b"", ""Itga4"", ""Calm3"", ""Rasgrp2"", ""Kif23"", ""Itgal"", ""Kif20b"", ""Kif22"", ""Sell"", ""Spn"", ""F13a1"", ""Gng2"", ""Cd9"", ""Rapgef3"", ""Tuba1c"", ""Kif11"", ""Racgap1"", ""Kifc1"", ""Tuba1b"", ""Dgke"", ""Raf1"", ""Kif2a"", ""Gata3"", ""Actn4"")"
"234","GOBP_POSITIVE_REGULATION_OF_CELL_ACTIVATION","2.33387632884921e-05","0.000561739057126095","0.575610261071129","-0.424462473043361","-1.65354610542922","189","c(""Hmgb1"", ""Jund"", ""Thy1"", ""Cd4"", ""Cd27"", ""Cd28"", ""Cd3e"", ""Ighm"", ""Ephb6"", ""Cd1d1"", ""Capn3"", ""Rag1"", ""Ptprc"", ""Tox"", ""Sox4"", ""Tcf3"", ""Bcl10"", ""Fcho1"", ""Cd226"", ""Slamf1"", ""Gimap5"", ""Lyst"", ""Stat5b"", ""Lgals9"", ""Gimap3"", ""Xrcc6"", ""Cd1d2"", ""Bcl6"", ""Lgals1"", ""Dpp4"", ""Nck2"", ""Itgal"", ""Akirin2"", ""B2m"", ""Dusp10"", ""Nkap"", ""Runx1"", ""Spn"", ""Icos"")"
"235","REACTOME_G_ALPHA_I_SIGNALLING_EVENTS","0.00172684912917136","0.0192300577782481","0.45505986738723","-0.485984032443655","-1.65081204051619","73","c(""Calm2"", ""Psap"", ""Ccr9"", ""Cxcr4"", ""S1pr4"", ""Calm3"", ""Gng2"", ""Rgs12"", ""Ccr7"", ""Cxcr3"", ""Gpsm2"", ""Mapk1"", ""Insl5"", ""Gnb4"", ""Rgs3"", ""Lpar3"", ""Lpar1"", ""Ccl5"", ""Cxcr6"", ""Prkcd"", ""Ppp2r5d"", ""Ccr3"", ""Rgs1"", ""Ccl1"", ""Gpr18"", ""Ccl21a"", ""Anxa1"", ""Cnr2"")"
"236","GOMF_CYTOKINE_BINDING","0.00314755134624593","0.0306041504101019","0.431707695803346","-0.491501510970669","-1.64484034574613","66","c(""Hmgb1"", ""Ifngr1"", ""Cd4"", ""Ccr9"", ""Cxcr4"", ""Itga4"", ""Ifnar2"", ""Ccr7"", ""Gbp2"", ""Cxcr3"", ""Il18r1"", ""Cd44"", ""Itgb1"", ""Eng"", ""Plp2"", ""Twsg1"", ""Cxcr6"", ""Il10ra"", ""Ccr3"", ""Tsku"", ""Il12b"")"
"237","REACTOME_ANCHORING_OF_THE_BASAL_BODY_TO_THE_PLASMA_MEMBRANE","0.00601471428169704","0.0480914766759723","0.407017918923954","-0.508622153134498","-1.64364883868154","51","c(""Tubb5"", ""Tuba1a"", ""Tubb4b"", ""Cdk1"", ""Haus3"", ""Odf2"", ""B9d2"", ""Nde1"", ""Cep57"", ""Haus8"", ""Cep250"", ""Haus4"", ""Ckap5"", ""Plk4"", ""Pcm1"", ""Sclt1"", ""Cep70"", ""Haus5"", ""Cep162"", ""Cep135"", ""Cep192"", ""Tubg1"", ""Cep72"", ""Cdk5rap2"")"
"238","GOCC_PLASMA_MEMBRANE_PROTEIN_COMPLEX","0.000157953825493518","0.00284863267045699","0.518848077743792","-0.432170656577823","-1.64324578204361","145","c(""Cd3d"", ""Hmgb1"", ""Calm2"", ""Cd247"", ""Anxa2"", ""Cd3e"", ""Ighm"", ""Cd3g"", ""Jup"", ""Itga4"", ""Itgb7"", ""Calm3"", ""Itgal"", ""B2m"", ""Trbc2"", ""Gng2"", ""Traf1"", ""Trbc1"", ""Cacnb3"", ""Ramp3"", ""Ctnna1"", ""Cacna1e"", ""Il18r1"", ""Atp1b3"", ""Traf5"", ""Itga6"")"
"239","GOBP_REGULATION_OF_LYMPHOCYTE_MEDIATED_IMMUNITY","0.000754403021947985","0.0101561064104969","0.477270815362862","-0.454334384732468","-1.64203995416084","102","c(""Sh2d1a"", ""Hmgb1"", ""Slamf6"", ""Cd28"", ""Cd1d1"", ""Ptprc"", ""Clec2d"", ""Cd226"", ""Slamf1"", ""Gimap5"", ""Stat5b"", ""Lgals9"", ""Gimap3"", ""Cd1d2"", ""Bcl6"", ""Dpp4"", ""B2m"", ""Spn"", ""Arid5a"", ""Vsir"", ""Klri2"", ""Gata3"", ""Il18r1"")"
"240","SHIN_B_CELL_LYMPHOMA_CLUSTER_8","0.00480128896123312","0.0412206469950179","0.407017918923954","-0.602044374409979","-1.64072388526658","26","c(""Hdac1"", ""Sox4"", ""Mapk3"", ""Nfkbia"", ""Cdk2"", ""Spn"", ""Stat1"")"
"241","GOBP_HEMOPOIESIS","3.85855832057301e-08","2.32935073352487e-06","0.719512826338911","-0.391138316072974","-1.63935249345506","418","c(""Cd8a"", ""Satb1"", ""Cd3d"", ""Hmgb1"", ""Tcf7"", ""Ets1"", ""Klf13"", ""Themis"", ""Ctsl"", ""Slamf6"", ""Cd4"", ""Hmgb2"", ""Cd27"", ""Psap"", ""Cd28"", ""Ccr9"", ""Foxp1"", ""Camk4"", ""Cd3e"", ""Lbr"", ""Ighm"", ""Top2a"", ""Cd1d1"", ""Actn1"", ""Rag1"", ""Ptprc"", ""Tox"", ""Esco2"", ""Clec2d"", ""Nfatc3"", ""Pim1"", ""Rorc"", ""Sox4"", ""Ezh2"", ""Rpa1"", ""Cd3g"", ""Cmtm7"", ""Tcf3"", ""Atpif1"", ""Apobec3"", ""Nfkbia"", ""Igtp"", ""Slamf1"", ""Gimap5"", ""Fli1"", ""Zfp36l2"", ""Gpr171"", ""Stat5b"", ""Lgals9"", ""Gimap3"", ""Rag2"", ""Xrcc6"", ""Ifnar2"", ""Bcl6"", ""Lgals1"", ""Dpp4"", ""Lig4"", 
""Cited2"", ""Drosha"", ""B2m"", ""Ikzf1"", ""Dusp10"", ""Stat4"", ""Nkap"", ""Runx1"", ""Spn"", ""Samd9l"", ""Ly6d"", ""Stat1"", ""Tacc3"", ""Racgap1"", ""Nr3c1"", ""Prelid1"", ""Irf1"", ""Rps14"", ""Myb"", ""Ccr7"", ""Vsir"", ""Cebpg"", ""Herc6"", ""Cyld"", ""Gata3"", ""Cdkn1c"", ""Il18r1"", ""Glo1"", ""Cbfb"", ""Ncapg2"", ""Cbfa2t3"", ""Ankle1"", ""Igsf23"", ""Ctc1"", ""Patz1"", ""Id2"", ""Bpgm"", ""Ikzf3"", ""Klf2"", ""Nfkbiz"", ""Blm"", ""Cd44"", ""Nlrp3"", ""Car2"", ""Ada"", ""Mafb"", ""Ncaph2"", ""Babam1"", ""Fam20c"", ""Srsf4"", ""Lag3"", ""Ppp2r3c"", ""Egr1"", ""Irgm1"", ""Smarca4"")"
"242","GOBP_SISTER_CHROMATID_SEGREGATION","0.000453580762867194","0.00670434452330762","0.49849310876659","-0.44516841754809","-1.63779740386951","114","c(""Smc4"", ""Top2a"", ""Smc2"", ""Bub3"", ""Nusap1"", ""Fbxo5"", ""Rad21"", ""Stag2"", ""Spc25"", ""Ncapd3"", ""Ndc80"", ""Ncapd2"", ""Birc5"", ""Mad1l1"", ""Cdk1"", ""Incenp"", ""Kif23"", ""Smc3"", ""Kif22"", ""Ncaph"", ""Spc24"", ""Aurkb"", ""Tacc3"", ""Kif11"", ""Ccsap"", ""Prc1"", ""Racgap1"", ""Mzt1"", ""Kifc1"", ""Kif2a"", ""Cit"", ""Ccdc61"", ""Ube2c"", ""Zw10"", ""Ncapg"", ""Mad2l1"", ""Ncapg2"", ""Ttk"", ""Spdl1"", ""Nuf2"", ""Kif18a"", ""Cdca8"", ""Ncaph2"", ""Cenpk"", ""Cep192"", ""Smarca4"", ""Nsmce2"", ""Cdca5"", ""Tubg1"", ""Bcl7c"", ""Chek2"", ""Cdk5rap2"", ""Spice1"")"
"243","GOMF_MICROTUBULE_BINDING","0.00150824069500133","0.0175096364085681","0.45505986738723","-0.460531099079665","-1.63700977686069","91","c(""Nusap1"", ""Ska2"", ""Birc5"", ""Kif23"", ""Cep57l1"", ""Nde1"", ""Kif20b"", ""Kif22"", ""Cep57"", ""Terf1"", ""Haus8"", ""Spc24"", ""Mdm1"", ""Stim1"", ""Fmr1"", ""Kif11"", ""Ccsap"", ""Prc1"", ""Racgap1"", ""Haus4"", ""Ckap5"", ""Kifc1"", ""Fgf13"", ""Kif2a"", ""Ccdc61"", ""Mast2"", ""Reep4"", ""Cep295"", ""Kif18a"", ""Ska1"", ""Ccdc88a"", ""Cdk5rap2"", ""Kif3a"", ""Gtse1"", ""Kif4"", ""Fam83d"", ""Spag5"", ""Kif1a"", ""Kif15"", ""Kif1b"", ""Fmn1"", ""Alms1"", ""Prnp"", ""Ccdc181"", ""Knstrn"", ""Kif18b"", ""Kif14"", ""Dlgap5"", ""Kif20a"", ""Enkd1"")"
"244","GOBP_POSITIVE_REGULATION_OF_LYMPHOCYTE_ACTIVATION","0.00023802538949614","0.0040097612741413","0.518848077743792","-0.425313265014355","-1.63696345989774","157","c(""Hmgb1"", ""Thy1"", ""Cd4"", ""Cd27"", ""Cd28"", ""Cd3e"", ""Ighm"", ""Ephb6"", ""Cd1d1"", ""Rag1"", ""Ptprc"", ""Tox"", ""Sox4"", ""Tcf3"", ""Bcl10"", ""Fcho1"", ""Slamf1"", ""Gimap5"", ""Lyst"", ""Stat5b"", ""Lgals9"", ""Gimap3"", ""Xrcc6"", ""Cd1d2"", ""Bcl6"", ""Lgals1"", ""Dpp4"", ""Nck2"", ""Itgal"", ""Akirin2"", ""B2m"", ""Dusp10"", ""Nkap"", ""Runx1"", ""Spn"", ""Icos"")"
"245","GOMF_ACTIN_BINDING","0.000355730857428858","0.0055138282901473","0.49849310876659","-0.442767466228208","-1.6368439475174","118","c(""Tmsb4x"", ""Marcks"", ""Actn1"", ""Ablim1"", ""Cxcr4"", ""Cotl1"", ""Msrb1"", ""Myo1f"", ""Phactr1"", ""Vasp"", ""Gbp2"", ""Marcksl1"", ""Add3"", ""Ctnna1"", ""Actn4"", ""Syne2"", ""Syne1"", ""Pknox2"", ""Fxyd5"", ""Rdx"", ""Anxa6"", ""Kif18a"", ""Ipp"", ""Pdlim7"", ""Ccdc88a"", ""Smtn"", ""Itgb1"", ""Epb41l2"", ""Dixdc1"", ""Phactr2"", ""Capg"", ""Dstn"", ""Fmn1"", ""Tmod2"", ""Slc6a4"", ""Fmnl2"", ""Rai14"", ""Emd"", ""Fscn1"", ""Actn2"", ""S100a4"", ""Anln"")"
"246","GOBP_POSITIVE_REGULATION_OF_T_CELL_PROLIFERATION","0.00393253965824605","0.0351842666771312","0.407017918923954","-0.489672005914369","-1.63476080124927","61","c(""Hmgb1"", ""Cd4"", ""Cd28"", ""Cd3e"", ""Cd1d1"", ""Ptprc"", ""Slamf1"", ""Stat5b"", ""Cd1d2"", ""Nck2"", ""Itgal"", ""Spn"")"
"247","GOBP_REGULATION_OF_CALCIUM_ION_TRANSPORT","0.00099684076624241","0.0126700307782567","0.45505986738723","-0.451833380452083","-1.63318145048043","99","c(""Thy1"", ""Calm2"", ""Cd4"", ""Capn3"", ""Cxcr4"", ""Nfatc3"", ""Gimap5"", ""Gimap3"", ""Calm3"", ""Stim2"", ""Rapgef3"", ""Stim1"", ""Fmr1"", ""Cacnb3"", ""Cxcr3"", ""Ramp3"", ""Rem1"", ""Camk2d"", ""P2rx1"", ""Ubash3b"", ""Lpar3"", ""Vdac1"", ""Ccl5"", ""Ywhae"", ""Adora2a"", ""Tmc2"", ""Cacnb1"", ""Icam1"", ""Akt1"", ""F2r"")"
"248","GOBP_MITOTIC_SISTER_CHROMATID_SEGREGATION","0.00128863214451717","0.0154608898510585","0.45505986738723","-0.45320801600711","-1.63277054105047","100","c(""Smc4"", ""Smc2"", ""Bub3"", ""Nusap1"", ""Fbxo5"", ""Rad21"", ""Stag2"", ""Spc25"", ""Ncapd3"", ""Ndc80"", ""Ncapd2"", ""Birc5"", ""Mad1l1"", ""Cdk1"", ""Incenp"", ""Kif23"", ""Smc3"", ""Kif22"", ""Ncaph"", ""Spc24"", ""Aurkb"", ""Kif11"", ""Ccsap"", ""Prc1"", ""Racgap1"", ""Mzt1"", ""Kifc1"", ""Kif2a"", ""Cit"", ""Ccdc61"", ""Ube2c"", ""Zw10"", ""Ncapg"", ""Mad2l1"", ""Ncapg2"", ""Ttk"", ""Spdl1"", ""Nuf2"", ""Kif18a"", ""Cdca8"", ""Ncaph2"", ""Cenpk"", ""Cep192"", ""Nsmce2"", ""Cdca5"", ""Tubg1"", ""Chek2"", ""Cdk5rap2"", ""Spice1"")"
"249","TABULA_MURIS_SENIS_MAMMARY_GLAND_T_CELL_AGEING","5.74612454026952e-06","0.000174359916605533","0.610526878385931","-0.400228477744707","-1.62896380437428","262","c(""Cd8a"", ""Cd8b1"", ""Clic1"", ""H3f3b"", ""Tmsb4x"", ""Hmgb1"", ""Jund"", ""Thy1"", ""Calm2"", ""Ptms"", ""Ltb"", ""Hmgb2"", ""Psap"", ""Anxa2"", ""Cd52"", ""Cd28"", ""Lat"", ""S100a11"", ""Cd3e"", ""Serinc3"", ""Ptprc"", ""Cxcr4"", ""Cbx3"", ""Emp3"", ""Cotl1"", ""Vim"", ""Sit1"", ""Clec2d"", ""Psmb9"", ""Cd3g"", ""Cmtm7"", ""Ostf1"", ""Cox8a"", ""Ctsb"", ""Atpif1"", ""Apobec3"", ""AW112010"", ""Nfkbia"", ""Cd48"", ""Rps28"", ""Klf6"", ""Zyx"", ""Cst3"", ""Lmo4"", ""Cox7a2"", ""Zfp36l2"", ""Itgb7"", ""Smpdl3a"", ""Ly6e"", ""Cox7c"", ""Calm3"", ""Sptssa"", ""Dusp1"", ""Lgals1"", ""Itgal"", ""Crip1"", ""B2m"", 
""Rnf187"", ""Dap"", ""Gm2a"", ""Anapc13"", ""Lsm5"", ""Spn"", ""Icos"", ""Serpinb6b"", ""Gng2"", ""Tomm7"", ""Dnajc15"", ""Glrx"", ""Prr13"")"
"250","GOBP_MICROTUBULE_BASED_PROCESS","4.54825171719026e-06","0.000143319909879594","0.610526878385931","-0.399114149243985","-1.6289249402397","279","c(""Tubb5"", ""Ubb"", ""Stmn1"", ""Tubb2b"", ""Tuba1a"", ""Ap3s1"", ""Tubb2a"", ""Plk5"", ""Lztfl1"", ""Mns1"", ""Hspb11"", ""Ppp1r35"", ""Tube1"", ""Nusap1"", ""Fbxo5"", ""Stag2"", ""Ift80"", ""Spc25"", ""Ndc80"", ""Ska2"", ""Tubb4b"", ""Birc5"", ""Lyst"", ""Cdk1"", ""Cdk2"", ""Incenp"", ""Haus3"", ""Odf2"", ""Kif23"", ""Smc3"", ""Nde1"", ""Kif20b"", ""Kif22"", ""Ccnf"", ""Haus8"", ""Mdm1"", ""Aurkb"", ""Vdac3"", ""Sass6"", ""Fmr1"", ""Tacc3"", ""Cep250"", ""Tuba1c"", ""Kif11"", ""Ccsap"", ""Prc1"", ""Limk2"", ""Brca1"", ""Racgap1"", ""Mzt1"", ""Sgk1"", ""Fam110a"", ""Haus4"", ""Ckap5"", ""Plk4"", ""Pcm1"", 
""Kifc1"", ""Tuba1b"", ""Fgf13"", ""Kif2a"", ""Ccdc61"", ""Poc1b"", ""Cyld"", ""Pcnt"", ""Zw10"", ""Cenpa"", ""Cacna1e"", ""Ing2"", ""Syne2"", ""Cep295"", ""Mad2l1"", ""Cep70"", ""Cdc14b"", ""Gpsm2"", ""Haus5"", ""Cenph"", ""Spdl1"", ""Sord"", ""Rpgr"", ""Aurka"", ""Nuf2"", ""Pak1"", ""Kif18a"", ""Cep135"", ""Cdca8"", ""Srgap2"", ""Cntrl"", ""Ppp2r3c"", ""Ift74"", ""Ccdc103"", ""Cep192"", ""Tubg1"", ""Map7"", ""Cntrob"", ""Ska1"", ""Rab1a"", ""Ccdc88a"", ""Chek2"", ""Cep72"", ""Cdk5rap2"", ""Spice1"", ""Kif3a"", ""Dpcd"", ""Itgb1"", ""Slk"", ""Met"", ""Dixdc1"", ""Kif4"", ""Aaas"", ""Stil"", ""Sod1"", ""Cep128"", 
""Spag5"", ""Kif1a"", ""Tubd1"", ""Kif15"", ""Kif1b"", ""Tpx2"")"
"251","GOBP_LEUKOCYTE_MEDIATED_CYTOTOXICITY","0.00573738636343169","0.0461485424884723","0.407017918923954","-0.478165768500368","-1.62714273083787","70","c(""Sh2d1a"", ""Slamf6"", ""Cd1d1"", ""Ptprc"", ""Clec2d"", ""Cd226"", ""Gimap5"", ""Lyst"", ""Stat5b"", ""Lgals9"", ""Gimap3"", ""Cd1d2"", ""B2m"")"
"252","GOBP_CALCIUM_ION_TRANSMEMBRANE_IMPORT_INTO_CYTOSOL","0.00430705641476437","0.0377690650438435","0.407017918923954","-0.487075000136831","-1.62609074620332","61","c(""Thy1"", ""Calm2"", ""Cd4"", ""Capn3"", ""Ptprc"", ""Gimap5"", ""Gimap3"", ""Calm3"", ""Cacnb3"", ""Cxcr3"", ""Ramp3"", ""Cacna1e"")"
"253","GOBP_LEUKOCYTE_CELL_CELL_ADHESION","0.000108874604998214","0.00210234296183419","0.538434096309916","-0.418955124710515","-1.62500383960843","192","c(""Hmgb1"", ""Ets1"", ""Thy1"", ""Cd4"", ""Cd27"", ""Cd28"", ""Cd3e"", ""Ephb6"", ""Cd1d1"", ""Rag1"", ""Ptprc"", ""Pecam1"", ""Sox4"", ""Bcl10"", ""Fcho1"", ""Slamf1"", ""Gimap5"", ""Itga4"", ""Mad1l1"", ""Stat5b"", ""Lgals9"", ""Itgb7"", ""Gimap3"", ""Rag2"", ""Cd1d2"", ""Bcl6"", ""Lgals1"", ""Dpp4"", ""Nck2"", ""Itgal"", ""B2m"", ""Sell"", ""Dusp10"", ""Nkap"", ""Runx1"", ""Spn"", ""Icos"", ""Nfat5"", ""Stk10"", ""Podxl2"", ""Irf1"", ""Ccr7"", ""Vsir"", ""Cyld"", ""Gata3"")"
"254","MIR_692","0.00138045869183546","0.0163235682426317","0.45505986738723","-0.451678840755484","-1.62434118168146","96","c(""Satb1"", ""Foxp1"", ""Ablim1"", ""Bub3"", ""Raly"", ""Desi1"", ""St8sia4"", ""Nav2"", ""Scmh1"", ""Ctdspl2"", ""Ypel2"", ""Lsm8"", ""Cd9"", ""Oard1"", ""Vdac3"", ""Zfp101"", ""Ms4a4b"", ""Nfia"", ""Atp5a1"", ""Aak1"", ""Pak1"", ""Fry"", ""Tspan2"", ""Raph1"", ""Slk"", ""Postn"", ""Fgfr3"", ""Ipcef1"", ""Cldnd1"", ""Phactr2"")"
"255","WP_CHEMOKINE_SIGNALING_PATHWAY","0.00595025836206604","0.0477268974915367","0.407017918923954","-0.48130440768388","-1.61969508607581","63","c(""Ccr9"", ""Cxcr4"", ""Mapk3"", ""Nfkbia"", ""Stat5b"", ""Rasgrp2"", ""Gng2"", ""Stat1"", ""Stat2"", ""Ccr7"", ""Raf1"", ""Cxcr3"", ""Mapk1"", ""Pak1"", ""Gnb4"", ""Pik3cd"", ""Ccl5"", ""Cxcr6"", ""Akt1"", ""Prkcd"", ""Ccr3"", ""Ikbkb"", ""Fgr"", ""Chuk"", ""Ccl1"", ""Ikbkg"", ""Ccl21a"")"
"256","REACTOME_MEMBRANE_TRAFFICKING","0.000474925739943297","0.00693222910260838","0.49849310876659","-0.438075330247576","-1.61948156955974","119","c(""Ubb"", ""Cd3d"", ""Tubb2b"", ""Cd4"", ""Tuba1a"", ""Ap3s1"", ""Tubb2a"", ""Cd3g"", ""Fcho1"", ""Tubb4b"", ""Fth1"", ""Trappc1"", ""Plin3"", ""Kif23"", ""Kif20b"", ""Kif22"", ""Gdi2"", ""Ldlrap1"", ""Pafah1b3"", ""Tuba1c"", ""Kif11"", ""Sytl1"", ""Racgap1"", ""Kifc1"", ""Tuba1b"", ""Cyth4"", ""Kif2a"", ""Zw10"", ""Aak1"")"
"257","LEE_BMP2_TARGETS_UP","7.34941474147823e-06","0.000216148172012193","0.610526878385931","-0.397605553469979","-1.61828828041051","262","c(""Satb1"", ""Dgka"", ""Mxd4"", ""Foxp1"", ""Serinc3"", ""Ddah2"", ""Pik3ip1"", ""Arl4c"", ""Hbp1"", ""Sat1"", ""Ctsb"", ""Apobec3"", ""Msrb1"", ""Ddit4"", ""Igtp"", ""Scmh1"", ""Plin3"", ""Smpdl3a"", ""H1f0"", ""Dpp4"", ""Padi4"", ""Crip1"", ""Dap"", ""Gbp7"", ""Ypel2"", ""Foxo1"", ""Sesn3"", ""Slc15a2"", ""Gng2"", ""Fxyd6"", ""Blvrb"", ""Trps1"", ""Abca1"", ""Nfia"", ""Cacnb3"", ""Htra3"", ""Vsir"", ""Gbp2"", ""Ramp3"", ""Mfge8"", ""Traf5"", ""Naga"", ""Fbxo32"", ""Zfp467"", ""Anxa6"", ""Igf2r"", ""Cryl1"", ""Car2"", ""F3"", ""Fam20c"", ""Timp2"", ""Cldn7"", ""Ttc28"", ""Zfp36l1"", ""Tmem86a"", ""Clu"", 
""Apoe"", ""Rgs3"", ""Ccdc80"", ""Dtx3l"", ""Tcn2"", ""Rnf128"", ""Ehf"", ""Atp8a1"", ""Phactr2"", ""Fgl2"")"
"258","GOBP_POSITIVE_REGULATION_OF_CYTOSKELETON_ORGANIZATION","0.00363069594008175","0.0334222170407204","0.431707695803346","-0.484401108315056","-1.61771471316324","64","c(""Rgcc"", ""Ppp1r35"", ""Nck2"", ""Cdc42ep3"", ""Rapgef3"", ""Sass6"", ""Ckap5"", ""Plk4"", ""Vasp"", ""Add3"", ""Cep295"", ""Gpsm2"", ""Pak1"", ""Baiap2"", ""Ccdc88a"", ""Cdk5rap2"", ""Met"", ""Lpar1"", ""Stil"", ""Spag5"", ""Sdc4"", ""Icam1"", ""Dstn"", ""Fmn1"", ""Ppm1e"")"
"259","GOBP_REGULATION_OF_SMALL_GTPASE_MEDIATED_SIGNAL_TRANSDUCTION","0.00419662284225985","0.0371414074079633","0.407017918923954","-0.475338750156196","-1.60890119189783","69","c(""Stmn1"", ""Dynlt1f"", ""Bcl6"", ""P2ry10"", ""Rasgrp4"", ""Chn1"", ""Abca1"", ""Rasa3"", ""Cyth4"", ""Arhgap28"", ""Foxm1"", ""Gpr174"", ""Rdx"", ""Dynlt1a"", ""Timp2"", ""Camk2d"", ""Arhgap18"", ""Apoe"", ""Itgb1"", ""Met"", ""Lpar1"", ""F2r"", ""Ssx2ip"", ""Cyth3"", ""Gm5127"", ""Arhgap19"", ""Kif14"")"
"260","GOBP_LYMPHOCYTE_ACTIVATION","5.32269844292724e-08","3.05256755701877e-06","0.719512826338911","-0.386471093320236","-1.60879558946087","379","c(""Cd8a"", ""Satb1"", ""Cd3d"", ""Hmgb1"", ""Tcf7"", ""Thy1"", ""Themis"", ""Ctsl"", ""Slamf6"", ""Cd4"", ""Cd27"", ""Psap"", ""Cd28"", ""Ccr9"", ""Lat"", ""Foxp1"", ""Cd3e"", ""Ighm"", ""Ephb6"", ""Cd1d1"", ""Rag1"", ""Ptprc"", ""Cxcr4"", ""Tox"", ""Sit1"", ""Nfatc3"", ""Rorc"", ""Sox4"", ""Ezh2"", ""Cd3g"", ""Cmtm7"", ""Tcf3"", ""Bcl10"", ""Cd48"", ""Fcho1"", ""Igtp"", ""Slamf1"", ""Gimap5"", ""Lyst"", ""Zfp36l2"", ""Mad1l1"", ""Stat5b"", ""Lgals9"", ""Gimap3"", ""Rag2"", ""Xrcc6"", ""Cd1d2"", ""Ifnar2"", ""Bcl6"", ""Lgals1"", ""Dpp4"", ""Nck2"", ""Lig4"", ""Itgal"", ""Drosha"", ""Akirin2"", ""B2m"", ""Ikzf1"", 
""Dusp10"", ""Stat4"", ""Nkap"", ""Runx1"", ""Spn"", ""Icos"")"
"261","AFFAR_YY1_TARGETS_UP","0.00520589966428947","0.0431938005501736","0.407017918923954","-0.481049017999783","-1.6059731179385","61","c(""Sh2d1a"", ""Fyb"", ""Rorc"", ""Mylpf"", ""Lgals9"", ""Dusp1"", ""Fxyd6"", ""Abca1"", ""Pbx4"", ""Gbp2"", ""Cdkn1c"", ""Klrb1b"", ""St6galnac3"", ""Hemgn"", ""Clu"", ""Sin3a"", ""Rpgrip1"", ""Casp7"", ""Ehf"", ""Cfh"")"
"262","GOBP_CALCIUM_ION_TRANSPORT","0.0009233237678555","0.0119802303363151","0.477270815362862","-0.420209824776534","-1.59525841765491","131","c(""Thy1"", ""Calm2"", ""Cd4"", ""Capn3"", ""Ptprc"", ""Cxcr4"", ""Nfatc3"", ""Gimap5"", ""Slc24a5"", ""Gimap3"", ""Calm3"", ""Orai2"", ""Stim2"", ""Rapgef3"", ""Stim1"", ""Fmr1"", ""Cacnb3"", ""Myb"", ""Cxcr3"", ""Ramp3"", ""Cacna1e"", ""Anxa6"", ""Rem1"", ""Camk2d"", ""P2rx1"", ""Ubash3b"", ""Lpar3"", ""Vdac1"", ""Ccl5"", ""Ywhae"", ""Adora2a"", ""Tmc2"", ""Cacnb1"", ""Bbc3"", ""Icam1"", ""Akt1"", ""F2r"", ""Plch2"", ""Prnp"", ""Cacng4"", ""Atp2b2"", ""Best1"")"
"263","GOBP_NEGATIVE_REGULATION_OF_MITOTIC_CELL_CYCLE","0.00128691286137975","0.0154608898510585","0.45505986738723","-0.441221218707856","-1.59520380262942","101","c(""Rgcc"", ""Bub3"", ""Fbxo5"", ""Rad21"", ""Ezh2"", ""Spc25"", ""Ndc80"", ""Clspn"", ""Birc5"", ""Zfp36l2"", ""Mad1l1"", ""Cdk1"", ""Incenp"", ""E2f7"", ""Miip"", ""Fzr1"", ""Rbl1"", ""Spc24"", ""Aurkb"", ""Brca1"", ""Rpl26"", ""Zw10"", ""Cdkn1c"", ""Mad2l1"", ""Ctdspl"", ""Ttk"", ""Spdl1"", ""Nuf2"", ""Rfwd3"", ""Blm"", ""Cdca8"", ""Babam1"", ""Cep192"", ""Timp2"", ""Zfp36l1"", ""Slfn1"", ""Chek2"", ""Cdk5rap2"", ""Fgfr3"", ""Stil"", ""Cdkn2b"", ""Inip"", ""Mbd4"", ""Donson"", ""Bub1b"", ""Mre11a"", ""Pidd1"", ""Bub1"", ""Rbbp8"", ""Bard1"")"
"264","GOBP_T_CELL_PROLIFERATION","0.002306512045048","0.0239201565612121","0.431707695803346","-0.43180037794988","-1.59359731808966","115","c(""Satb1"", ""Hmgb1"", ""Cd4"", ""Cd28"", ""Cd3e"", ""Ephb6"", ""Cd1d1"", ""Ptprc"", ""Cxcr4"", ""Slamf1"", ""Mad1l1"", ""Stat5b"", ""Lgals9"", ""Cd1d2"", ""Ifnar2"", ""Bcl6"", ""Nck2"", ""Itgal"", ""Spn"")"
"265","GOBP_REGULATION_OF_LYMPHOCYTE_ACTIVATION","4.40195577669526e-05","0.000986141264818255","0.557332238758646","-0.395295081032822","-1.59297368109098","240","c(""Hmgb1"", ""Tcf7"", ""Thy1"", ""Cd4"", ""Cd27"", ""Cd28"", ""Lat"", ""Cd3e"", ""Ighm"", ""Ephb6"", ""Cd1d1"", ""Rag1"", ""Ptprc"", ""Tox"", ""Sit1"", ""Rorc"", ""Sox4"", ""Tcf3"", ""Bcl10"", ""Fcho1"", ""Slamf1"", ""Gimap5"", ""Lyst"", ""Zfp36l2"", ""Mad1l1"", ""Stat5b"", ""Lgals9"", ""Gimap3"", ""Rag2"", ""Xrcc6"", ""Cd1d2"", ""Bcl6"", ""Lgals1"", ""Dpp4"", ""Nck2"", ""Itgal"", ""Drosha"", ""Akirin2"", ""B2m"", ""Dusp10"", ""Nkap"", ""Runx1"", ""Spn"", ""Icos"")"
"266","GOBP_CELL_PROJECTION_ASSEMBLY","0.000255993037537402","0.00419462877222","0.49849310876659","-0.415931902425856","-1.59235167417242","158","c(""Mns1"", ""Ablim1"", ""Hspb11"", ""Ppp1r35"", ""Emp3"", ""Ift80"", ""Odf2"", ""Nck2"", ""B9d2"", ""Cdc42ep3"", ""Gdi2"", ""Vdac3"", ""Fmr1"", ""Cep250"", ""Hyls1"", ""Limk2"", ""Cby1"", ""Plk4"", ""Pcm1"", ""Ccr7"", ""Poc1b"", ""Cyld"", ""Pcnt"", ""Sclt1"", ""Syne2"", ""Syne1"", ""Cep70"", ""Cdc14b"", ""Itga6"", ""Rdx"", ""Arhgef6"", ""Rpgr"", ""Cep162"", ""Rap2a"", ""Cep135"", ""Srgap2"", ""Cntrl"", ""Ift74"", ""Ccdc103"", ""Cntrob"", ""Ccdc88a"", ""Kif3a"", ""Itgb1"", ""Lpar3"", ""Lpar1"", ""Rpgrip1"", ""Stil"", ""Cep128"", ""Ccl5"", ""Tmem138"", ""Tbc1d31"", ""Icam1"", ""Capg"", ""Akt1"", ""Alms1"", 
""Prkcd"", ""Ssx2ip"", ""Rpgrip1l"", ""Ehd2"", ""Cfap20"", ""Fscn1"", ""Dync2h1"", ""Klf5"", ""Ift22"", ""Poc1a"", ""Actn2"", ""Odf2l"", ""Enkd1"", ""Anln"", ""Palm"", ""Ccl21a"", ""Ccp110"", ""Ift27"")"
"267","GOCC_MITOTIC_SPINDLE","0.00220909391460008","0.0232022880400609","0.431707695803346","-0.45176386752125","-1.59213299859955","89","c(""Tubb5"", ""Tubb2b"", ""Tubb2a"", ""Nusap1"", ""Nsmce1"", ""Stag2"", ""Tubb4b"", ""Smc6"", ""Mad1l1"", ""Cdk1"", ""Haus3"", ""Kif23"", ""Smc3"", ""Kif20b"", ""Kif22"", ""Tfdp2"", ""Haus8"", ""Aurkb"", ""Tacc3"", ""Kif11"", ""Ccsap"", ""Prc1"", ""Limk2"", ""Racgap1"", ""Haus4"", ""Kifc1"", ""Cep295"", ""Mad2l1"", ""Cdc14b"", ""Gpsm2"", ""Haus5"", ""Aurka"", ""Kif18a"", ""Ckap2l"", ""Cntrl"", ""Ttc28"", ""Tubg1"", ""Cdc7"", ""Ska1"", ""Cdk5rap2"", ""Fam83d"", ""Aaas"", ""Ect2"", ""Cdc27"", ""Spag5"", ""Tpx2"", ""Capg"")"
"268","BOYLAN_MULTIPLE_MYELOMA_PCA1_UP","0.00432574858393246","0.0378750658455766","0.407017918923954","-0.464286715187128","-1.59058386807799","75","c(""Cd3d"", ""Ltb"", ""Fyb"", ""Zbp1"", ""Plin3"", ""Itgal"", ""Stat4"", ""Cd9"", ""Ms4a4b"", ""Trbc1"", ""Il18r1"", ""Slfn1"", ""Gimap4"", ""Ctsw"", ""Fgl2"", ""Ccl5"", ""Cxcr6"", ""F2r"", ""Oosp1"", ""Klrc1"", ""Fscn1"", ""Prg2"", ""Ifitm6"", ""Itga1"")"
"269","ZHENG_GLIOBLASTOMA_PLASTICITY_UP","0.000482261348167589","0.0070019464094712","0.49849310876659","-0.418893903738415","-1.58502294919948","144","c(""Ctsl"", ""Rrm2"", ""Top2a"", ""Smc2"", ""Nusap1"", ""Spc25"", ""Ndc80"", ""Clspn"", ""Dbf4"", ""Birc5"", ""Cdca3"", ""Lmnb1"", ""Incenp"", ""E2f7"", ""Kif23"", ""Kif22"", ""Ccnf"", ""Mis18bp1"", ""Rrm1"", ""Rbl1"", ""Cenpq"", ""Aurkb"", ""Lig1"", ""Ube2t"", ""Cks2"", ""Prc1"", ""Racgap1"", ""Plk4"", ""Cdc45"", ""Shcbp1"", ""Cit"", ""Rad51ap1"", ""Pola1"", ""Dusp6"", ""Mfge8"", ""Mad2l1"", ""Fbxo32"", ""Aurka"", ""Nuf2"", ""Tk1"", ""Kif18a"", ""Cdca8"", ""F3"", ""Rad51"", ""Fbln2"", ""Melk"", ""Upp1"", ""Camk2d"", ""Clu"", ""Rnf128"", ""Kif4"", ""Rpgrip1"", ""Ect2"", ""Spag5"", ""Metrn"", ""Tpx2"", ""Sdc4"", 
""Zfp367"", ""Cenpn"")"
"270","GOBP_CELL_ACTIVATION","1.82229978735053e-08","1.18760105459719e-06","0.73376198835648","-0.373976080840024","-1.57680632046819","499","c(""Cd8a"", ""Satb1"", ""Cd3d"", ""Hmgb1"", ""Tcf7"", ""Jund"", ""Thy1"", ""Themis"", ""Ifngr1"", ""Fyb"", ""Ctsl"", ""Slamf6"", ""Cd4"", ""Cd27"", ""Psap"", ""Cd28"", ""Ccr9"", ""Lat"", ""Foxp1"", ""Camk4"", ""Cd3e"", ""Ighm"", ""Ephb6"", ""Cd1d1"", ""Capn3"", ""Rag1"", ""Ptprc"", ""Cxcr4"", ""Tox"", ""Rgcc"", ""Sit1"", ""Nfatc3"", ""Rorc"", ""Sox4"", ""Ezh2"", ""Cd3g"", ""Cmtm7"", ""Tcf3"", ""Bcl10"", ""Cd48"", ""Fcho1"", ""Cd226"", ""Igtp"", ""Lcp2"", ""Slamf1"", ""Gimap5"", ""Lyst"", ""Lmo4"", ""Zfp36l2"", ""Mad1l1"", ""Stat5b"", ""Lgals9"", ""Gimap3"", ""Rag2"", ""Xrcc6"", ""Cd1d2"", ""Ifnar2"", ""Bcl6"", 
""Lgals1"", ""Dpp4"", ""Nck2"", ""Lig4"", ""Itgal"", ""Drosha"", ""Akirin2"", ""B2m"", ""Ikzf1"", ""Slc7a11"", ""Dusp10"", ""Smad4"", ""Stat4"", ""Nkap"", ""Runx1"", ""Spn"", ""Icos"")"
"271","GOMF_PROTEIN_SERINE_THREONINE_KINASE_ACTIVITY","0.00360347992112308","0.0333759196297699","0.431707695803346","-0.436401162984226","-1.57560685734432","97","c(""Camk4"", ""Cdk19"", ""Pim1"", ""Mapk3"", ""Dbf4"", ""Cdk1"", ""Cdk2"", ""Pbk"", ""Aurkb"", ""Limk2"", ""Sgk1"", ""Stk10"", ""Plk4"", ""Raf1"", ""Cit"", ""Mastl"", ""Taf1"", ""Mast2"", ""Stk32c"", ""Aak1"", ""Nim1k"", ""Ttk"", ""Aurka"", ""Mapk1"", ""Pak1"", ""Fam20c"", ""Melk"", ""Cpne3"", ""Camk2d"", ""Sik2"", ""Cdc7"", ""Chek2"", ""Slk"", ""Eng"", ""Pkmyt1"", ""Bub1b"", ""Akt1"", ""Vrk1"", ""Prkcd"", ""Syk"", ""Bub1"", ""Pdik1l"", ""Ikbkb"", ""Chuk"", ""Tgfbr3"", ""Amhr2"")"
"272","GOCC_TRANSCRIPTION_REGULATOR_COMPLEX","0.000214730114282829","0.0036870575012336","0.518848077743792","-0.40990202194123","-1.57353767442455","176","c(""Hmgb1"", ""Tcf7"", ""Ets1"", ""Jund"", ""Mier1"", ""Mxd4"", ""Anxa2"", ""Tcf12"", ""Rbbp4"", ""Hdac1"", ""Cbx3"", ""Nfatc3"", ""Sox4"", ""Tcf3"", ""Mxd3"", ""Nfyb"", ""E2f2"", ""Lmo4"", ""Cdk2"", ""Xrcc6"", ""E2f7"", ""H1f0"", ""Gfi1"", ""Akirin2"", ""Ikzf1"", ""Smad4"", ""Stat4"", ""Runx1"", ""Tfdp2"", ""Nfat5"", ""Gtf2h4"", ""Rbl1"", ""Pou2f1"", ""Stat1"", ""Med30"", ""Lin9"", ""E2f8"", ""Arid5a"", ""Stat2"", ""Myb"", ""Cebpg"", ""Taf1"", ""Lin54"", ""Ing2"", ""Tcf4"", ""Cbfb"", ""Irf9"", ""Gtf2a1"", ""Med7"")"
"273","GOBERT_OLIGODENDROCYTE_DIFFERENTIATION_DN","1.32653079674948e-05","0.000353844377644572","0.593325476396405","-0.384605595615587","-1.57155824027243","272","c(""Klf13"", ""Dgka"", ""Foxp1"", ""Tcf12"", ""Lztfl1"", ""Ankrd44"", ""Marcks"", ""Pik3ip1"", ""Ablim1"", ""Tube1"", ""Hbp1"", ""Emp3"", ""Cdk19"", ""Sox4"", ""Sat1"", ""Mif4gd"", ""Nav2"", ""Ppt1"", ""Lgals9"", ""Gramd3"", ""Rnf187"", ""Dusp10"", ""Tmem71"", ""Sesn3"", ""Cdc42ep3"", ""Wrn"", ""Slc15a2"", ""Samd9l"", ""Terf1"", ""Cd9"", ""Stat1"", ""Sass6"", ""Ccsap"", ""Lin9"", ""Brca1"", ""E2f8"", ""Skil"", ""Cacnb3"", ""Htra3"", ""Poc1b"", ""Cyld"", ""Mastl"", ""Add3"", ""Arhgap28"", ""Lin54"", ""Tcf4"", ""Cep295"", ""Syne1"", ""Mad2l1"", ""Ier5"", ""Naga"", ""Mxd1"", ""Fbxo32"", ""Spsb1"", ""Rap2a"", 
""Pak1"", ""Ifi27l2a"", ""Socs3"", ""Ldlrad3"", ""Gnb4"", ""Irgm1"", ""Cep192"", ""Timp2"", ""Camk2d"", ""Pdlim7"", ""Ubash3b"", ""Tspan2"", ""Zmat1"", ""Cers4"", ""Plxnc1"", ""Rgs3"", ""Epb41l2"", ""Dixdc1"", ""Rnf128"", ""Lpar1"", ""Slc25a10"", ""Atp8a1"", ""Cep128"", ""Ccl5"", ""Lims2"", ""Spats2l"", ""Chpt1"", ""Kif1b"", ""Sorl1"", ""Atp13a2"", ""Serpinb8"", ""Nfic"", ""Rora"", ""Rad18"", ""Fmnl2"", ""Alms1"", ""Prnp"", ""Dscam"")"
"274","MIR_338_5P","0.00367214323728692","0.0335881044112288","0.431707695803346","-0.439644978201965","-1.56863785673412","95","c(""H3f3b"", ""Sh2d1a"", ""Ets1"", ""Klf13"", ""Hmgn2"", ""Atad2"", ""Nck2"", ""Lig4"", ""Ikzf1"", ""Runx1"", ""Lrrcc1"", ""Cdc42ep3"", ""Gdi2"", ""Cd9"", ""Tomm7"", ""Sypl"", ""Nr3c1"", ""Gata3"", ""Lin54"", ""Aak1"", ""Klf2"", ""Mapk1"", ""Kif18a"", ""Kcna2"", ""Sumo2"", ""Rab1a"", ""Depdc1a"", ""Triqk"", ""Zcchc8"", ""Slk"")"
"275","GOBP_MAINTENANCE_OF_LOCATION","0.00141704245696477","0.0166531526448627","0.45505986738723","-0.418461969696041","-1.56484544034574","124","c(""Tmsb4x"", ""Thy1"", ""Calm2"", ""Cd4"", ""Sp100"", ""Capn3"", ""Ptprc"", ""Hexb"", ""Nfkbia"", ""Fth1"", ""Mad1l1"", ""Stat5b"", ""Lgals9"", ""Plin3"", ""Calm3"", ""Lgals1"", ""Gm2a"", ""Tacc3"", ""Plin2"", ""Cxcr3"", ""Txn1"", ""Faf1"", ""Syne1"", ""Gpsm2"", ""Topors"", ""Anxa6"", ""Morc3"")"
"276","MIR_7026_3P","0.00311231458213636","0.0303556532798504","0.431707695803346","-0.43466726299169","-1.56316362844277","96","c(""Sh2d1a"", ""Cd27"", ""Ankrd44"", ""Cdk19"", ""St8sia4"", ""Tmpo"", ""Gpr171"", ""Dpp4"", ""Cdc25b"", ""Rbl1"", ""Sass6"", ""Pcnp"", ""Nr3c1"", ""Skil"", ""Htra3"", ""Atxn1"", ""Smchd1"", ""Spsb1"", ""Fanci"", ""Egr1"", ""Tubg1"", ""Cbx5"", ""Plxnc1"", ""Ehf"", ""Pold3"", ""Larp4b"")"
"277","GOBP_MICROTUBULE_BASED_MOVEMENT","0.00435594434908249","0.0379905015244678","0.407017918923954","-0.444534096225241","-1.56182618916002","87","c(""Ubb"", ""Tuba1a"", ""Ap3s1"", ""Lztfl1"", ""Mns1"", ""Hspb11"", ""Ift80"", ""Kif23"", ""Nde1"", ""Kif20b"", ""Kif22"", ""Vdac3"", ""Fmr1"", ""Kif11"", ""Pcm1"", ""Kifc1"", ""Kif2a"", ""Cacna1e"", ""Ing2"", ""Syne2"", ""Sord"", ""Rpgr"", ""Kif18a"", ""Ift74"", ""Ccdc103"", ""Rab1a"", ""Kif3a"", ""Dpcd"", ""Met"", ""Kif4"", ""Sod1"", ""Cep128"", ""Kif1a"", ""Kif15"", ""Kif1b"", ""Ssx2ip"", ""Kif18b"", ""Cfap20"", ""Dync2h1"", ""Kifap3"", ""Kif14"", ""Ift22"", ""Kif20a"")"
"278","GAVIN_FOXP3_TARGETS_CLUSTER_P3","0.00521777245767078","0.0431938005501736","0.407017918923954","-0.445193392404571","-1.55950385750799","84","c(""Tcf7"", ""Themis"", ""Tdrp"", ""Serinc3"", ""Sox4"", ""F13a1"", ""Slc15a2"", ""Myo1f"", ""Ms4a4b"", ""Sp4"", ""Il18r1"", ""Pde3b"", ""Id2"", ""Crem"", ""Samsn1"", ""Slfn1"", ""Fgl2"", ""Lgmn"", ""Sdc4"", ""Cxcr6"", ""Atp6v0d2"", ""Rnf216"", ""Il10ra"", ""Cd200r1"", ""Tgfbr3"", ""S100a4"", ""Slc35d1"", ""Matk"", ""Casp3"", ""Pglyrp1"", ""Klrg1"", ""Sema4a"", ""S100a6"", ""Rnf144a"", ""Prkch"", ""Spock2"")"
"279","GOBP_MITOTIC_CELL_CYCLE","3.41771330701924e-07","1.5194252570353e-05","0.674962860011025","-0.374354982844171","-1.55835884158446","379","c(""Tubb5"", ""Smc4"", ""Stmn1"", ""Hmgb1"", ""Cdkn2d"", ""Calm2"", ""Tubb2b"", ""Ube2s"", ""Tuba1a"", ""Cd28"", ""Tubb2a"", ""Plk5"", ""Rrm2"", ""Cdkn2c"", ""Rgcc"", ""Smc2"", ""Bub3"", ""Tube1"", ""Rpl17"", ""Nusap1"", ""Fbxo5"", ""Rad21"", ""Stag2"", ""Ezh2"", ""Tcf19"", ""Spc25"", ""Tcf3"", ""Ncapd3"", ""Ndc80"", ""Ska2"", ""Ncapd2"", ""Clspn"", ""Dbf4"", ""Tubb4b"", ""Birc5"", ""Zfp36l2"", ""Mad1l1"", ""Cdk1"", ""Stat5b"", ""Lmnb1"", ""Cdk2"", ""Incenp"", ""Rpa3"", ""E2f7"", ""Calm3"", ""Miip"", ""Kif23"", ""Smc3"", ""Nde1"", ""Kif20b"", ""Kif22"", ""Fzr1"", ""Ccne2"", ""Cdc25b"", ""Ccna2"", ""Ccnf"", 
""Ncaph"", ""Rrm1"", ""Rbl1"", ""Mki67"", ""Spc24"", ""Aurkb"", ""Sass6"", ""Lig1"", ""Tacc3"", ""Cep250"", ""Cks2"", ""Tuba1c"", ""Kif11"", ""Ccsap"", ""Prc1"", ""Brca1"", ""Racgap1"", ""Mzt1"", ""Fam110a"", ""Ckap5"", ""Cdc45"", ""E2f8"", ""Kifc1"", ""Nfia"", ""Tuba1b"", ""Myb"", ""Kif2a"", ""Cit"", ""Ccdc61"", ""Cyld"", ""Mastl"", ""Ube2c"", ""Rpl26"", ""Pcnt"", ""Zw10"", ""Cenpa"", ""Cdkn1c"", ""Arpp19"", ""Reep4"", ""Ncapg"", ""Pola1"", ""Foxm1"", ""Mad2l1"", ""Ncapg2"", ""Ctdspl"", ""Cdc14b"", ""Gpsm2"", ""Ttk"", ""Ctc1"", ""Rdx"", ""Id2"", ""Cenph"", ""Spdl1"", ""Aurka"", ""Nuf2"", ""Rfwd3"", ""Blm"", 
""Exoc4"", ""Ccne1"", ""Tk1"", ""Smc5"", ""Kif18a"", ""Mta3"", ""Cdca8"", ""Pcna"", ""Rad51"", ""Ncaph2"", ""Babam1"", ""Cenpk"", ""Cep192"", ""Atad5"", ""Smarca4"", ""Nsmce2"", ""Timp2"", ""Cdca5"", ""Camk2d"", ""Ttc28"", ""Zfp36l1"", ""Tubg1"", ""Cdc7"", ""Cntrob"", ""Ska1"", ""Bcl7c"", ""Slfn1"")"
"280","GOBP_MICROTUBULE_CYTOSKELETON_ORGANIZATION","0.000217610178810702","0.00372535634471455","0.518848077743792","-0.389825146350385","-1.5568685430324","225","c(""Tubb5"", ""Stmn1"", ""Tubb2b"", ""Tuba1a"", ""Tubb2a"", ""Plk5"", ""Mns1"", ""Ppp1r35"", ""Tube1"", ""Nusap1"", ""Fbxo5"", ""Stag2"", ""Spc25"", ""Ndc80"", ""Ska2"", ""Tubb4b"", ""Birc5"", ""Cdk1"", ""Cdk2"", ""Incenp"", ""Haus3"", ""Odf2"", ""Kif23"", ""Smc3"", ""Nde1"", ""Ccnf"", ""Haus8"", ""Mdm1"", ""Aurkb"", ""Sass6"", ""Tacc3"", ""Cep250"", ""Tuba1c"", ""Kif11"", ""Ccsap"", ""Prc1"", ""Limk2"", ""Brca1"", ""Racgap1"", ""Mzt1"", ""Sgk1"", ""Fam110a"", ""Haus4"", ""Ckap5"", ""Plk4"", ""Pcm1"", ""Kifc1"", ""Tuba1b"", ""Fgf13"", ""Kif2a"", ""Ccdc61"", ""Poc1b"", ""Cyld"", ""Pcnt"", ""Zw10"", ""Cenpa"", 
""Syne2"", ""Cep295"", ""Mad2l1"", ""Cep70"", ""Cdc14b"", ""Gpsm2"", ""Haus5"", ""Cenph"", ""Spdl1"", ""Aurka"", ""Nuf2"", ""Pak1"", ""Kif18a"", ""Cep135"", ""Cdca8"", ""Srgap2"", ""Cntrl"", ""Ppp2r3c"", ""Ccdc103"", ""Cep192"", ""Tubg1"", ""Map7"", ""Cntrob"", ""Ska1"", ""Ccdc88a"", ""Chek2"", ""Cep72"", ""Cdk5rap2"", ""Spice1"", ""Kif3a"", ""Itgb1"", ""Slk"", ""Met"", ""Dixdc1"", ""Kif4"", ""Aaas"", ""Stil"")"
"281","GOBP_REGULATION_OF_METAL_ION_TRANSPORT","0.000951990807271856","0.0122965479272615","0.477270815362862","-0.411825868865788","-1.55668038111149","137","c(""Thy1"", ""Calm2"", ""Cd4"", ""Capn3"", ""Cxcr4"", ""Hbp1"", ""Nfatc3"", ""Gimap5"", ""Gimap3"", ""Calm3"", ""B2m"", ""Stim2"", ""Glrx"", ""Rapgef3"", ""Fxyd6"", ""Stim1"", ""Fmr1"", ""Sgk1"", ""Fgf13"", ""Cacnb3"", ""Cxcr3"", ""Ramp3"", ""Atp1b3"", ""Fxyd5"", ""Kcnh2"", ""Rem1"", ""Camk2d"", ""Kcnip1"", ""P2rx1"", ""Ubash3b"", ""Itgb1"", ""Lpar3"", ""Vdac1"", ""Trf"", ""Ccl5"", ""Ywhae"", ""Adora2a"", ""Tmc2"", ""Cacnb1"", ""Icam1"", ""Akt1"", ""F2r"", ""Cd63"", ""Prnp"", ""Ikbkb"", ""Atp2b2"", ""Best1"", ""Nedd4"", ""Actn2"", ""Lgals3"")"
"282","GOBP_NUCLEAR_CHROMOSOME_SEGREGATION","0.000861143176443421","0.0113271929286766","0.477270815362862","-0.407520027332336","-1.55603736336262","149","c(""Smc4"", ""Top2a"", ""Smc2"", ""Bub3"", ""Nusap1"", ""Fbxo5"", ""Rad21"", ""Stag2"", ""Spc25"", ""Ncapd3"", ""Ndc80"", ""Ncapd2"", ""Birc5"", ""Mad1l1"", ""Cdk1"", ""Incenp"", ""Kif23"", ""Smc3"", ""Kif22"", ""Ccne2"", ""Ncaph"", ""Terf1"", ""Cenpq"", ""Spc24"", ""Aurkb"", ""Tacc3"", ""Kif11"", ""Ccsap"", ""Prc1"", ""Racgap1"", ""Mzt1"", ""Kifc1"", ""Kif2a"", ""Cit"", ""Ccdc61"", ""Ube2c"", ""Zw10"", ""Ncapg"", ""Mad2l1"", ""Ncapg2"", ""Brip1"", ""Ttk"", ""Spdl1"", ""Aurka"", ""Nuf2"", ""Ccne1"", ""Kif18a"", ""Cdca8"", ""Ncaph2"", ""Cenpk"", ""Cep192"", ""Smarca4"", ""Nsmce2"", ""Cdca5"", ""Tubg1"", ""Bcl7c"", 
""Chek2"", ""Cdk5rap2"", ""Spice1"", ""Kif4"", ""Fam83d"", ""Aaas"", ""Ect2"", ""Cdc27"", ""Spag5"", ""Rmi2"", ""Tpx2"", ""Bub1b"", ""Anapc11"")"
"283","GOBP_POSITIVE_REGULATION_OF_TRANSMEMBRANE_TRANSPORT","0.00540579529608181","0.0442930935203666","0.407017918923954","-0.443751332525572","-1.55445234959609","84","c(""Arl6ip1"", ""Thy1"", ""Calm2"", ""Cd4"", ""Capn3"", ""Gimap5"", ""Gimap3"", ""Calm3"", ""Stim2"", ""Glrx"", ""Rapgef3"", ""Stim1"", ""Fgf13"", ""Cacnb3"", ""Cxcr3"", ""Ramp3"", ""Atp1b3"", ""Klf15"", ""Kcnh2"", ""Car2"")"
"284","GOBP_CALCIUM_ION_TRANSMEMBRANE_TRANSPORT","0.00441512169712485","0.0383647317166834","0.407017918923954","-0.429026603369461","-1.5428785167893","96","c(""Thy1"", ""Calm2"", ""Cd4"", ""Capn3"", ""Ptprc"", ""Gimap5"", ""Slc24a5"", ""Gimap3"", ""Calm3"", ""Stim2"", ""Rapgef3"", ""Stim1"", ""Fmr1"", ""Cacnb3"", ""Cxcr3"", ""Ramp3"", ""Cacna1e"", ""Rem1"", ""Camk2d"", ""P2rx1"", ""Ubash3b"", ""Vdac1"", ""Ywhae"", ""Tmc2"", ""Cacnb1"", ""Bbc3"", ""Akt1"", ""F2r"", ""Plch2"", ""Prnp"")"
"285","GRAESSMANN_RESPONSE_TO_MC_AND_DOXORUBICIN_UP","0.000470938440074221","0.00690749860313468","0.49849310876659","-0.394953596224208","-1.53956519550593","191","c(""Tcf7"", ""Ubald2"", ""Dgka"", ""Mxd4"", ""Cd27"", ""Arpp21"", ""Serinc3"", ""Cxcr4"", ""Emp3"", ""Cotl1"", ""Nfatc3"", ""Spc25"", ""Jup"", ""Ctsb"", ""Hexb"", ""Trafd1"", ""Msrb1"", ""Mxd3"", ""Igtp"", ""Klf6"", ""Lmo4"", ""Scmh1"", ""Lgals9"", ""Cbx1"", ""Aldh2"", ""Pitpnc1"", ""Carhsp1"", ""Ldlrap1"", ""Ly6d"", ""Stat1"", ""Stim1"", ""Tacc3"", ""Ube2t"", ""Tnfrsf18"", ""Cby1"", ""Fam110a"", ""Ppm1m"", ""Gata3"", ""Sp110"", ""Gsta4"", ""Rdm1"", ""Pqlc3"", ""Itga6"", ""Patz1"", ""Sord"", ""Mmd"", ""Msh6"", ""Exoc4"", ""Rap2a"", ""Baiap2"", ""Arvcf"", ""Mafb"", ""Cntrl"", ""Dnajc9"", ""Irgm1"")"
"286","GOBP_MULTICELLULAR_ORGANISM_REPRODUCTION","0.000123523965031801","0.00233029585347822","0.518848077743792","-0.385941193571579","-1.53905665798982","229","c(""H3f3b"", ""Ubb"", ""H3f3a"", ""Ctsl"", ""Hmgb2"", ""Ctcf"", ""S100a11"", ""Lztfl1"", ""Tdrp"", ""Top2a"", ""Mns1"", ""Cxcr4"", ""Hspb11"", ""Fbxo5"", ""Ctsb"", ""Mapk3"", ""Ccdc34"", ""Hexb"", ""Ndc80"", ""Scmh1"", ""Stat5b"", ""Tdrd5"", ""Odf2"", ""Bcl6"", ""Cited2"", ""Smad4"", ""Cep57"", ""Cdc25b"", ""Runx1"", ""Ncaph"", ""Pafah1b3"", ""Cd9"", ""Vdac3"", ""Rgs2"", ""Limk2"", ""Racgap1"", ""Nr3c1"", ""Cit"", ""Mastl"", ""Morc1"", ""Mast2"", ""Cdkn1c"", ""Gmcl1"", ""Ing2"", ""Syne1"", ""Brip1"", ""Ttk"", ""Patz1"", ""Prdx4"", ""Aurka"", ""Crem"", ""Mapk1"", ""Pcgf5"", ""Tdrkh"", ""Kif18a"", ""Ada"", ""Ncaph2"", 
""Cntrl"", ""Sfmbt1"", ""Egr1"", ""Adamts2"", ""P2rx1"", ""Map7"", ""Foxa3"")"
"287","GOBP_REGULATION_OF_CELL_ACTIVATION","1.78557042398802e-05","0.000453108246972182","0.575610261071129","-0.372246217950415","-1.5300997227026","303","c(""Hmgb1"", ""Tcf7"", ""Jund"", ""Thy1"", ""Cd4"", ""Cd27"", ""Cd28"", ""Lat"", ""Cd3e"", ""Ighm"", ""Ephb6"", ""Cd1d1"", ""Capn3"", ""Rag1"", ""Ptprc"", ""Tox"", ""Sit1"", ""Rorc"", ""Sox4"", ""Tcf3"", ""Bcl10"", ""Fcho1"", ""Cd226"", ""Slamf1"", ""Gimap5"", ""Lyst"", ""Lmo4"", ""Zfp36l2"", ""Mad1l1"", ""Stat5b"", ""Lgals9"", ""Gimap3"", ""Rag2"", ""Xrcc6"", ""Cd1d2"", ""Bcl6"", ""Lgals1"", ""Dpp4"", ""Nck2"", ""Itgal"", ""Drosha"", ""Akirin2"", ""B2m"", ""Dusp10"", ""Nkap"", ""Runx1"", ""Spn"", ""Icos"")"
"288","GOBP_ORGANELLE_FISSION","0.000347663420334181","0.00542617361101129","0.49849310876659","-0.390322286464127","-1.52922258480449","201","c(""Smc4"", ""Ubb"", ""Ube2s"", ""Cd28"", ""Top2a"", ""Rgcc"", ""Smc2"", ""Bub3"", ""Nusap1"", ""Fbxo5"", ""Rad21"", ""Stag2"", ""Spc25"", ""Ncapd3"", ""Ndc80"", ""Ncapd2"", ""Igtp"", ""Birc5"", ""Mad1l1"", ""Cdk1"", ""Incenp"", ""Kif23"", ""Smc3"", ""Nde1"", ""Kif22"", ""Fzr1"", ""Ccne2"", ""Cdc25b"", ""Ncaph"", ""Terf1"", ""Mki67"", ""Spc24"", ""Aurkb"", ""Cks2"", ""Kif11"", ""Ccsap"", ""Prc1"", ""Racgap1"", ""Mzt1"", ""Kifc1"", ""Stat2"", ""Nfia"", ""Kif2a"", ""Cit"", ""Ccdc61"", ""Mastl"", ""Ube2c"", ""Zw10"", ""Rad51ap1"", ""Cdkn1c"", ""Reep4"", ""Ing2"", ""Ncapg"", ""Mad2l1"", ""Ncapg2"", ""Brip1"", 
""Ankle1"", ""Cdc14b"", ""Ttk"", ""Spdl1"", ""Aurka"", ""Nuf2"", ""Tdrkh"", ""Ccne1"", ""Kif18a"", ""Cdca8"", ""Rad51"", ""Ncaph2"", ""Cenpk"", ""Irgm1"", ""Cep192"", ""Nsmce2"", ""Cdca5"")"
"289","GOBP_ACTIN_FILAMENT_ORGANIZATION","0.00166847623346628","0.0187980982897437","0.45505986738723","-0.404092594039556","-1.5274490041781","137","c(""Tmsb4x"", ""Stmn1"", ""Marcks"", ""Actn1"", ""Rgcc"", ""Pecam1"", ""Cotl1"", ""Msrb1"", ""Zyx"", ""Nck2"", ""Cdc42ep3"", ""Rapgef3"", ""Myo1f"", ""Phactr1"", ""Vasp"", ""Marcksl1"", ""Cit"", ""Add3"", ""Arhgap28"", ""Actn4"", ""Rdx"", ""Pak1"", ""Baiap2"", ""Ccdc88a"", ""Arhgap18"", ""Itgb1"", ""Met"", ""Lpar1"", ""Trf"", ""Sdc4"", ""Icam1"", ""Capg"", ""Dstn"", ""Fmn1"", ""Tmod2"", ""Alms1"", ""Prkcd"", ""Ppm1e"")"
"290","GOBP_MALE_GAMETE_GENERATION","0.00143701132246518","0.0168532922992593","0.45505986738723","-0.40746520592074","-1.52702366308125","123","c(""H3f3b"", ""Ubb"", ""H3f3a"", ""Hmgb2"", ""S100a11"", ""Lztfl1"", ""Tdrp"", ""Mns1"", ""Hspb11"", ""Ccdc34"", ""Scmh1"", ""Tdrd5"", ""Odf2"", ""Bcl6"", ""Smad4"", ""Cep57"", ""Pafah1b3"", ""Vdac3"", ""Rgs2"", ""Limk2"", ""Racgap1"", ""Cit"", ""Morc1"", ""Mast2"", ""Gmcl1"", ""Ing2"", ""Syne1"", ""Brip1"", ""Patz1"", ""Prdx4"", ""Crem"", ""Tdrkh"", ""Kif18a"", ""Sfmbt1"", ""Adamts2"", ""Map7"", ""Foxa3"")"
"291","AFFAR_YY1_TARGETS_DN","0.00328724467590775","0.0314730354195842","0.431707695803346","-0.402705575225752","-1.52475220183911","134","c(""Stmn1"", ""Hmgb1"", ""Thy1"", ""Hmgb2"", ""Tubb2a"", ""Ighm"", ""Rbbp4"", ""Top2a"", ""Smc2"", ""Eef1a1"", ""Ift80"", ""Mxd3"", ""Birc5"", ""Itga4"", ""Anp32e"", ""Cdca3"", ""Lmnb1"", ""Kif23"", ""Crip1"", ""Kif22"", ""Ccna2"", ""Terf1"", ""Mki67"", ""Aurkb"", ""Lig1"", ""Tacc3"", ""Kif11"", ""Prc1"", ""Racgap1"", ""Plk4"", ""Shcbp1"", ""Cenpa"", ""Rad51ap1"", ""Ncapg"", ""Pola1"", ""Foxm1"", ""Mad2l1"", ""Ttk"", ""Cenph"", ""Prdx4"", ""Aurka"")"
"292","GOBP_SMALL_GTPASE_MEDIATED_SIGNAL_TRANSDUCTION","0.00210836230887201","0.02239158859515","0.431707695803346","-0.405200259953105","-1.51185550521273","122","c(""Stmn1"", ""Lat"", ""Pecam1"", ""Dynlt1f"", ""Bcl6"", ""Rasgrp2"", ""Cdc42ep3"", ""Gdi2"", ""P2ry10"", ""Rapgef3"", ""Rsu1"", ""Rasgrp4"", ""Racgap1"", ""Chn1"", ""Abca1"", ""Rasa3"", ""Cyth4"", ""Arhgap28"", ""Foxm1"", ""Gpr174"", ""Gpsm2"", ""Rdx"", ""Dynlt1a"", ""Arhgap8"", ""Rap2a"", ""Baiap2"", ""Timp2"", ""Camk2d"", ""Ccdc88a"", ""Arhgap18"", ""Apoe"", ""Itgb1"", ""Met"", ""Lpar1"")"
"293","LAZARO_GENETIC_MOUSE_MODEL_HIGH_GRADE_LARGE_CELL_NEUROENDOCRINE_LUNG_CARCINOMA_UP","3.76383410632718e-05","0.000856570976182","0.557332238758646","-0.367032752861158","-1.50779231829054","302","c(""Smc4"", ""Epsti1"", ""Hmgb2"", ""Hjurp"", ""Top2a"", ""Slbp"", ""Smc2"", ""Tube1"", ""Nusap1"", ""Asf1b"", ""Esco2"", ""Fbxo5"", ""Tyms"", ""Ezh2"", ""Rpa1"", ""Tcf19"", ""Spc25"", ""Cenpl"", ""Ncapd3"", ""Ccdc34"", ""Ndc80"", ""Ncapd2"", ""Ddit4"", ""Atad2"", ""Clspn"", ""Dbf4"", ""Birc5"", ""Cdk1"", ""Lmnb1"", ""Nrm"", ""Cdk2"", ""Incenp"", ""E2f7"", ""Pbk"", ""H1f0"", ""Kif23"", ""Neil3"", ""Wdr76"", ""Kif20b"", ""Trim59"", ""Kif22"", ""Ccne2"", ""Cdc25b"", ""Ccna2"", ""Ccnf"", ""Ncaph"", ""Mis18bp1"", ""Rrm1"", ""Mki67"", ""Spc24"", ""Aurkb"", ""Lig1"", ""Tacc3"", ""Cks2"", ""Tuba1c"", ""Kif11"", ""Prc1"", 
""Brca1"", ""Racgap1"", ""Plk4"", ""Cdc45"", ""E2f8"", ""Kifc1"", ""Cacnb3"", ""Shcbp1"", ""Eri1"", ""Cit"", ""Mastl"", ""Ube2c"", ""Cenpa"", ""Cdkn1c"", ""Ncapg"", ""Pola1"", ""Foxm1"", ""Tnfaip8l1"", ""Mad2l1"", ""Ncapg2"", ""Prim2"", ""Brip1"", ""Nt5c2"", ""Gpsm2"", ""Ttk"", ""Cenph"", ""Spdl1"", ""Arhgap11a"", ""Aurka"", ""Nuf2"", ""Msh6"", ""Rfwd3"", ""Blm"", ""Ccne1"", ""Tk1"", ""Kif18a"", ""Cdca8"", ""Pcna"", ""F3"", ""Rad51"", ""Ckap2l"", ""Fanci"", ""Cenpk"", ""Atad5"", ""Melk"", ""Cdca5"", ""Casp8ap2"", ""Dnmt1"", ""Tubg1"", ""Depdc1a"", ""Chek2"", ""Cdk5rap2"", ""Oip5"", ""Clu"", ""Hmmr"", ""Gtse1"", 
""Rnf128"", ""Kif4"", ""Fam83d"", ""Rfc2"", ""Stil"", ""Ehf"", ""Ect2"", ""Egln3"", ""Spag5"", ""Mms22l"", ""Kif15"", ""Tpx2"", ""Cenpu"", ""Pkmyt1"", ""Prr11"", ""Bub1b"", ""Cenpn"")"
"294","GOBP_CELL_DIVISION","0.000273178506121274","0.00442564613730369","0.49849310876659","-0.372361986693535","-1.50526349654007","241","c(""Smc4"", ""Stmn1"", ""Calm2"", ""Ube2s"", ""Plk5"", ""Top2a"", ""Smc2"", ""Bub3"", ""Nusap1"", ""Fbxo5"", ""Rad21"", ""Stag2"", ""Spc25"", ""Ncapd3"", ""Ndc80"", ""Ska2"", ""Ncapd2"", ""Birc5"", ""Zfp36l2"", ""Cdca3"", ""Mad1l1"", ""Cdk1"", ""Cdk2"", ""Incenp"", ""Haus3"", ""E2f7"", ""Calm3"", ""Lig4"", ""Kif23"", ""Smc3"", ""Nde1"", ""Kif20b"", ""Fzr1"", ""Anapc13"", ""Ccne2"", ""Cdc25b"", ""Ccna2"", ""Lrrcc1"", ""Ccnf"", ""Ncaph"", ""Mis18bp1"", ""Samd9l"", ""Terf1"", ""Haus8"", ""Spc24"", ""Aurkb"", ""Lig1"", ""Tacc3"", ""Cks2"", ""Kif11"", ""Ccsap"", ""Prc1"", ""Mis18a"", ""Racgap1"", ""Haus4"", ""Ckap5"", 
""E2f8"", ""Fgf13"", ""Myb"", ""Kif2a"", ""Cit"", ""Mastl"", ""Ube2c"", ""Itgb3bp"", ""Zw10"", ""Cenpa"", ""Arpp19"", ""Reep4"", ""Ing2"", ""Mad2l1"", ""Ncapg2"", ""Brip1"", ""Cdc14b"", ""Gpsm2"", ""Haus5"", ""Spdl1"", ""Aurka"", ""Nuf2"", ""Blm"", ""Exoc4"", ""Ccne1"", ""Smc5"", ""Cdca8"", ""Cntrl"", ""Babam1"", ""Nsmce2"", ""Cdca5"", ""Ttc28"", ""Cdc7"", ""Cntrob"", ""Ska1"", ""Pds5b"", ""Chek2"", ""Oip5"", ""Spice1"")"
"295","GOBP_CYTOSKELETON_ORGANIZATION","2.08445392608317e-06","7.22113088661743e-05","0.627256739718528","-0.352463887000917","-1.50464247153536","452","c(""Tubb5"", ""Tmsb4x"", ""Stmn1"", ""Thy1"", ""Tubb2b"", ""Tuba1a"", ""Tubb2a"", ""Plk5"", ""Marcks"", ""Csrp1"", ""Actn1"", ""Capn3"", ""Mns1"", ""Ablim1"", ""Rgcc"", ""Pecam1"", ""Ppp1r35"", ""Tube1"", ""Nusap1"", ""Cotl1"", ""Vim"", ""Fbxo5"", ""Stag2"", ""Dynlt1f"", ""Spc25"", ""Mapk3"", ""Ndc80"", ""Ska2"", ""Msrb1"", ""Dpysl2"", ""Tubb4b"", ""Birc5"", ""Zyx"", ""Cdk1"", ""Cdk2"", ""Incenp"", ""Haus3"", ""Odf2"", ""Bcl6"", ""Nck2"", ""Kif23"", ""Smc3"", ""Nde1"", ""Smad4"", ""Ccnf"", ""Cdc42ep3"", ""Haus8"", ""Mdm1"", ""Aurkb"", ""Rapgef3"", ""Sass6"", ""Tacc3"", ""Cep250"", ""Tuba1c"", ""Kif11"", 
""Ccsap"", ""Prc1"", ""Limk2"", ""Brca1"", ""Racgap1"", ""Mzt1"", ""Myo1f"", ""Sgk1"", ""Fam110a"", ""Haus4"", ""Ckap5"", ""Plk4"", ""Pcm1"", ""Kifc1"", ""Tuba1b"", ""Fgf13"", ""Phactr1"", ""Vasp"", ""Ccr7"", ""Raf1"", ""Marcksl1"", ""Kif2a"", ""Cit"", ""Ccdc61"", ""Poc1b"", ""Cyld"", ""Add3"", ""Pcnt"", ""Arhgap28"", ""Zw10"", ""Cenpa"", ""Mast2"", ""Actn4"", ""Syne2"", ""Cep295"", ""Mad2l1"", ""Cep70"", ""Cdc14b"", ""Gpsm2"", ""Haus5"", ""Rdx"", ""Cenph"", ""Spdl1"", ""Dynlt1a"", ""Aurka"", ""Nuf2"", ""Mapk1"", ""Rap2a"", ""Pak1"", ""Kif18a"", ""Cep135"", ""Cdca8"", ""Srgap2"", ""Baiap2"", ""Cntrl"", ""Ppp2r3c"", 
""Ccdc103"", ""Cep192"", ""Pdlim7"", ""Tubg1"", ""Map7"", ""Cntrob"", ""Ska1"", ""Ccdc88a"", ""Chek2"", ""Cep72"", ""Cdk5rap2"", ""Smtn"", ""Spice1"", ""Arhgap18"", ""Kif3a"", ""Itgb1"", ""Slk"", ""Epb41l2"", ""Met"", ""Dixdc1"", ""Kif4"", ""Lpar1"", ""Aaas"", ""Stil"", ""Sod1"", ""Trf"", ""Phactr2"", ""Ect2"")"
"296","GOBP_REGULATION_OF_VASCULATURE_DEVELOPMENT","0.00351615572350849","0.032842268850686","0.431707695803346","-0.416866997853366","-1.50388693141118","106","c(""Hmgb1"", ""Ets1"", ""Sp100"", ""Cxcr4"", ""Rgcc"", ""Jup"", ""E2f2"", ""Glul"", ""Runx1"", ""Stat1"", ""Rapgef3"", ""Stim1"", ""Brca1"", ""Cxcr3"", ""Adam12"", ""Tcf4"", ""Pde3b"", ""Klf2"", ""F3"", ""Pik3cd"", ""Itgb1"", ""Prok1"", ""Eng"", ""Xbp1"", ""Ccl5"")"
"297","GOBP_REGULATION_OF_CELL_CELL_ADHESION","0.000268412642853536","0.00436339883462976","0.49849310876659","-0.383782984984302","-1.5012999283885","213","c(""Hmgb1"", ""Ets1"", ""Thy1"", ""Cd4"", ""Cd27"", ""Cd28"", ""Cd3e"", ""Ephb6"", ""Cd1d1"", ""Rag1"", ""Ptprc"", ""Rgcc"", ""Sox4"", ""Bcl10"", ""Fcho1"", ""Slamf1"", ""Gimap5"", ""Itga4"", ""Mad1l1"", ""Stat5b"", ""Lgals9"", ""Gimap3"", ""Rag2"", ""Cd1d2"", ""Bcl6"", ""Lgals1"", ""Dpp4"", ""Nck2"", ""Cited2"", ""Itgal"", ""B2m"", ""Dusp10"", ""Nkap"", ""Runx1"", ""Spn"", ""Icos"", ""Nfat5"", ""Cd9"")"
"298","GOMF_AMINOACYLTRANSFERASE_ACTIVITY","0.00387488641644576","0.0347769539879756","0.431707695803346","-0.413565938830455","-1.5010978509459","105","c(""Ube2s"", ""Rag1"", ""Nsmce1"", ""Birc5"", ""Trim59"", ""Rnf187"", ""Ube2e3"", ""F13a1"", ""G2e3"", ""Trim5"", ""Med30"", ""Ube2t"", ""Brca1"", ""Stub1"", ""Herc6"", ""Ube2c"", ""Taf1"", ""Trim30a"", ""Med7"", ""Nt5c2"", ""Rnf157"", ""Topors"", ""Rpgr"", ""Rfwd3"", ""Pcgf5"", ""Sumo2"", ""Rnf125"", ""Nsmce2"", ""Smurf2"", ""Trim34a"", ""Rnf180"", ""Ube2m"", ""Fbxw7"", ""Dtx3l"", ""Rnf128"", ""Dzip3"", ""Anapc11"", ""Pdzrn3"", ""Rad18"", ""Birc3"", ""Tnfaip3"", ""Rnf216"", ""Rnf26"", ""Bard1"", ""Egr2"")"
"299","HALLMARK_ALLOGRAFT_REJECTION","0.00377660710391365","0.0343246303343023","0.431707695803346","-0.41557109321914","-1.49921183346914","106","c(""Cd8a"", ""Cd8b1"", ""Cd3d"", ""Ets1"", ""Thy1"", ""Ltb"", ""Ifngr1"", ""Cd247"", ""Fyb"", ""Cd4"", ""Cd28"", ""Cd3e"", ""Ptprc"", ""Sit1"", ""Cd3g"", ""St8sia4"", ""Bcl10"", ""Lcp2"", ""Cd1d2"", ""Ifnar2"", ""Itgal"", ""B2m"", ""Stat4"", ""Ncr1"")"
"300","GOCC_SPINDLE","0.0015514394137736","0.0177950100759832","0.45505986738723","-0.389097032131335","-1.49621784377541","161","c(""Tubb5"", ""Calm2"", ""Tubb2b"", ""Tubb2a"", ""Plk5"", ""Cbx3"", ""Nusap1"", ""Nsmce1"", ""Fbxo5"", ""Stag2"", ""Ska2"", ""Tubb4b"", ""Smc6"", ""Birc5"", ""Mad1l1"", ""Cdk1"", ""Incenp"", ""Haus3"", ""Cbx1"", ""Calm3"", ""Kif23"", ""Smc3"", ""Nde1"", ""Kif20b"", ""Kif22"", ""Cdc25b"", ""Tfdp2"", ""Terf1"", ""Haus8"", ""Aurkb"", ""Tacc3"", ""Cep250"", ""Kif11"", ""Ccsap"", ""Prc1"", ""Limk2"", ""Racgap1"", ""Mzt1"", ""Fam110a"", ""Haus4"", ""Ckap5"", ""Kifc1"", ""Kif2a"", ""Poc1b"", ""Cyld"", ""Zw10"", ""Cep295"", ""Mad2l1"", ""Cdc14b"", ""Gpsm2"", ""Haus5"", ""Spdl1"", ""Topors"", ""Aurka"", ""Kif18a"", 
""Cdca8"", ""Ckap2l"", ""Cntrl"", ""Ttc28"", ""Tubg1"", ""Cdc7"", ""Ska1"", ""Cdk5rap2"", ""Spice1"", ""Kif3a"", ""Hmmr"", ""Fam83d"", ""Aaas"", ""Cep128"", ""Ect2"", ""Cdc27"", ""Spag5"", ""Tpx2"", ""Bub1b"", ""Capg"", ""Akt1"", ""Mzt2"")"
"301","GOBP_REGULATION_OF_LEUKOCYTE_MEDIATED_IMMUNITY","0.00569061621134429","0.0460305838816072","0.407017918923954","-0.392395934843795","-1.48185908892867","126","c(""Sh2d1a"", ""Hmgb1"", ""Slamf6"", ""Cd28"", ""Cd1d1"", ""Ptprc"", ""Clec2d"", ""Cd226"", ""Slamf1"", ""Gimap5"", ""Stat5b"", ""Lgals9"", ""Gimap3"", ""Cd1d2"", ""Bcl6"", ""Dpp4"", ""B2m"", ""Spn"", ""Arid5a"", ""Vsir"", ""Klri2"", ""Gata3"", ""Il18r1"")"
"302","GOBP_REGULATION_OF_ACTIN_FILAMENT_BASED_PROCESS","0.00445075458886162","0.0386158510849038","0.407017918923954","-0.397928040156879","-1.48162510087215","121","c(""Tmsb4x"", ""Stmn1"", ""Rgcc"", ""Pecam1"", ""Cotl1"", ""Jup"", ""Nck2"", ""Smad4"", ""Cdc42ep3"", ""Rapgef3"", ""Myo1f"", ""Fgf13"", ""Vasp"", ""Cit"", ""Add3"", ""Arhgap28"", ""Rdx"", ""Pak1"", ""Baiap2"", ""Ccdc88a"", ""Arhgap18"", ""Met"", ""Dixdc1"", ""Lpar1"", ""Ect2"", ""Sdc4"", ""Icam1"", ""Capg"", ""Dstn"", ""Fmn1"", ""Tmod2"", ""Alms1"", ""Prkcd"", ""Ppm1e"")"
"303","GOBP_SECOND_MESSENGER_MEDIATED_SIGNALING","0.00381574660410819","0.0345707847939344","0.431707695803346","-0.408338755003893","-1.47783627698084","107","c(""Cd8a"", ""Calm2"", ""Cd4"", ""Ccr9"", ""Lat"", ""Cd3e"", ""Ptprc"", ""Cxcr4"", ""Nfatc3"", ""Igtp"", ""Itgal"", ""Nfat5"")"
"304","GOBP_REGULATION_OF_LEUKOCYTE_DIFFERENTIATION","0.0012387927218728","0.0149253702939926","0.45505986738723","-0.384080105531785","-1.47527364750978","164","c(""Hmgb1"", ""Tcf7"", ""Cd4"", ""Cd27"", ""Cd28"", ""Foxp1"", ""Cd1d1"", ""Rag1"", ""Ptprc"", ""Tox"", ""Clec2d"", ""Rorc"", ""Sox4"", ""Gimap5"", ""Zfp36l2"", ""Stat5b"", ""Lgals9"", ""Gimap3"", ""Rag2"", ""Xrcc6"", ""Bcl6"", ""Drosha"", ""Ikzf1"", ""Dusp10"", ""Nkap"", ""Runx1"", ""Prelid1"", ""Irf1"", ""Ccr7"", ""Vsir"", ""Cyld"", ""Gata3"", ""Cbfb"", ""Ankle1"", ""Id2"", ""Ikzf3"", ""Nfkbiz"", ""Cd44"", ""Nlrp3"", ""Car2"", ""Ada"", ""Mafb"", ""Lag3"", ""Ppp2r3c"", ""Smarca4"")"
"305","GOBP_REGULATION_OF_HEMOPOIESIS","0.000606646460075777","0.0085063996296689","0.477270815362862","-0.379869374583542","-1.47402639991307","193","c(""Hmgb1"", ""Tcf7"", ""Ets1"", ""Klf13"", ""Cd4"", ""Hmgb2"", ""Cd27"", ""Cd28"", ""Foxp1"", ""Cd1d1"", ""Rag1"", ""Ptprc"", ""Tox"", ""Clec2d"", ""Rorc"", ""Sox4"", ""Nfkbia"", ""Gimap5"", ""Zfp36l2"", ""Gpr171"", ""Stat5b"", ""Lgals9"", ""Gimap3"", ""Rag2"", ""Xrcc6"", ""Bcl6"", ""Drosha"", ""B2m"", ""Ikzf1"", ""Dusp10"", ""Nkap"", ""Runx1"", ""Stat1"", ""Prelid1"", ""Irf1"", ""Myb"", ""Ccr7"", ""Vsir"", ""Cyld"", ""Gata3"", ""Cbfb"", ""Ankle1"", ""Id2"", ""Ikzf3"", ""Nfkbiz"", ""Cd44"", ""Nlrp3"", ""Car2"", ""Ada"", ""Mafb"", ""Lag3"", ""Ppp2r3c"", ""Irgm1"", ""Smarca4"")"
"306","GOBP_CELLULAR_PROCESS_INVOLVED_IN_REPRODUCTION_IN_MULTICELLULAR_ORGANISM","0.00340600852395934","0.0321803276522353","0.431707695803346","-0.402778326090225","-1.46478558170087","111","c(""H3f3b"", ""Ubb"", ""H3f3a"", ""Hmgb2"", ""Ctcf"", ""Top2a"", ""Mns1"", ""Cxcr4"", ""Fbxo5"", ""Hexb"", ""Ndc80"", ""Tdrd5"", ""Cep57"", ""Cdc25b"", ""Runx1"", ""Ncaph"", ""Cd9"", ""Vdac3"", ""Mastl"", ""Mast2"", ""Cdkn1c"", ""Gmcl1"", ""Ing2"", ""Brip1"", ""Ttk"", ""Prdx4"", ""Aurka"", ""Pcgf5"", ""Tdrkh"", ""Kif18a"", ""Ncaph2"", ""Cntrl"")"
"307","GOBP_CYTOKINE_MEDIATED_SIGNALING_PATHWAY","0.00273259988995526","0.0273498435757303","0.431707695803346","-0.382917739514858","-1.46025974218626","173","c(""Ifngr1"", ""Cd4"", ""Ptprc"", ""Cxcr4"", ""Mapk3"", ""Zbp1"", ""Nfkbia"", ""Igtp"", ""Klf6"", ""Stat5b"", ""Ifnar2"", ""Gfi1"", ""Smad4"", ""Stat4"", ""Stat1"", ""Traf1"", ""Irf7"", ""Stat2"", ""Irf1"", ""Cyld"", ""Actn4"", ""Il18r1"", ""Traf5"", ""Samhd1"", ""Parp9"", ""Nfkbiz"", ""F3"", ""Aim2"", ""Egr1"", ""Irgm1"", ""Sin3a"", ""Il18rap"", ""Ccl5"", ""Srsf1"", ""Rbm15"", ""Cxcr6"", ""Akt1"", ""Slit3"", ""Parp14"", ""Syk"", ""Irgm2"", ""Il10ra"", ""Il12b"", ""Ikbkb"", ""Chuk"", ""Ccl1"", ""Ifitm6"", ""Il1rl1"", ""Ecm1"", ""Ccl21a"", ""Lilra5"")"
"308","GOBP_FOREBRAIN_DEVELOPMENT","0.00370453010337464","0.033776598001357","0.431707695803346","-0.39059568783513","-1.45736392428336","122","c(""Ubb"", ""Tubb2b"", ""Tuba1a"", ""Tubb2a"", ""Hdac1"", ""Cxcr4"", ""Tox"", ""Akirin2"", ""Nde1"", ""B2m"", ""Ikzf1"", ""Slc7a11"", ""Tacc3"", ""Pcm1"", ""Fgf13"", ""Phactr1"", ""Pcnt"", ""Syne2"", ""Id2"", ""Pak1"", ""Gbx2"", ""Srgap2"", ""Smarca4"", ""Kif3a"", ""Dpcd"", ""Sin3a"", ""Xrcc1"", ""Fabp7"", ""Dixdc1"", ""Rarb"", ""Fgfr3"", ""Stil"", ""Ywhae"", ""Kif1a"", ""Twsg1"")"
"309","REACTOME_VESICLE_MEDIATED_TRANSPORT","0.00379909791480575","0.034474409084511","0.431707695803346","-0.385749611880058","-1.45318496026958","140","c(""Ubb"", ""Cd3d"", ""Tubb2b"", ""Cd4"", ""Tuba1a"", ""Ap3s1"", ""Tubb2a"", ""Cd3g"", ""Fcho1"", ""Tubb4b"", ""Fth1"", ""Trappc1"", ""Plin3"", ""Kif23"", ""Kif20b"", ""Kif22"", ""Gdi2"", ""Ldlrap1"", ""Pafah1b3"", ""Tuba1c"", ""Kif11"", ""Sytl1"", ""Racgap1"", ""Kifc1"", ""Tuba1b"", ""Cyth4"", ""Kif2a"", ""Zw10"", ""Aak1"")"
"310","GOBP_GAMETE_GENERATION","0.00206803133549602","0.022127163636324","0.431707695803346","-0.374698421426037","-1.44368471699945","181","c(""H3f3b"", ""Ubb"", ""H3f3a"", ""Hmgb2"", ""Ctcf"", ""S100a11"", ""Lztfl1"", ""Tdrp"", ""Top2a"", ""Mns1"", ""Cxcr4"", ""Hspb11"", ""Fbxo5"", ""Ccdc34"", ""Hexb"", ""Ndc80"", ""Scmh1"", ""Tdrd5"", ""Odf2"", ""Bcl6"", ""Smad4"", ""Cep57"", ""Cdc25b"", ""Ncaph"", ""Pafah1b3"", ""Vdac3"", ""Rgs2"", ""Limk2"", ""Racgap1"", ""Cit"", ""Mastl"", ""Morc1"", ""Mast2"", ""Cdkn1c"", ""Gmcl1"", ""Ing2"", ""Syne1"", ""Brip1"", ""Ttk"", ""Patz1"", ""Prdx4"", ""Aurka"", ""Crem"", ""Pcgf5"", ""Tdrkh"", ""Kif18a"", ""Ncaph2"", ""Cntrl"", ""Sfmbt1"", ""Adamts2"", ""Map7"", ""Foxa3"")"
"311","REACTOME_M_PHASE","0.00162912515233538","0.0184280724825313","0.45505986738723","-0.36842757480392","-1.44344247764771","201","c(""Tubb5"", ""Smc4"", ""Ubb"", ""Tubb2b"", ""Ube2s"", ""Tuba1a"", ""Tubb2a"", ""Lbr"", ""Smc2"", ""Bub3"", ""Fbxo5"", ""Rad21"", ""Stag2"", ""Spc25"", ""Cenpl"", ""Mapk3"", ""Ncapd3"", ""Ndc80"", ""Ska2"", ""Ncapd2"", ""Tubb4b"", ""Mad1l1"", ""Cdk1"", ""Lmnb1"", ""Incenp"", ""Haus3"", ""Odf2"", ""Kif23"", ""B9d2"", ""Smc3"", ""Nde1"", ""Cep57"", ""Ncaph"", ""Cenpq"", ""Haus8"", ""Spc24"", ""Aurkb"", ""Cep250"", ""Tuba1c"", ""Mzt1"", ""Haus4"", ""Ckap5"", ""Plk4"", ""Pcm1"", ""Tuba1b"", ""Kif2a"", ""Mastl"", ""Ube2c"", ""Itgb3bp"", ""Zw10"", ""Cenpa"", ""Arpp19"", ""Ncapg"", ""Mad2l1"", ""Ncapg2"", ""Cep70"", 
""Haus5"", ""Pds5a"", ""Cenph"", ""Spdl1"", ""Nuf2"", ""Mapk1"", ""Cenpo"", ""Kif18a"", ""Cep135"", ""Cdca8"", ""Ncaph2"", ""Cenpk"", ""Cep192"", ""Cdca5"", ""Tubg1"", ""Psmc3"", ""Ska1"", ""Rab1a"", ""Pds5b"", ""Cep72"", ""Cdk5rap2"")"
"312","GOBP_LYMPHOCYTE_MEDIATED_IMMUNITY","0.00214771459790326","0.0227029488071798","0.431707695803346","-0.375770968212325","-1.44335777593928","164","c(""Cd8a"", ""Sh2d1a"", ""Hmgb1"", ""Slamf6"", ""Cd28"", ""Ighm"", ""Ephb6"", ""Cd1d1"", ""Ptprc"", ""Clec2d"", ""Bcl10"", ""Cd226"", ""Slamf1"", ""Gimap5"", ""Lyst"", ""Stat5b"", ""Lgals9"", ""Gimap3"", ""Cd1d2"", ""Bcl6"", ""Dpp4"", ""Lig4"", ""B2m"", ""Spn"", ""Irf7"", ""Arid5a"", ""Vsir"", ""Cebpg"", ""Klri2"", ""Gata3"", ""Il18r1"")"
"313","MIR_19B_3P","0.00509037682654407","0.0425558470848837","0.407017918923954","-0.385042928489551","-1.4366458482715","122","c(""Klf13"", ""Psap"", ""Foxp1"", ""Hbp1"", ""Cdk19"", ""Tm6sf1"", ""Fmr1"", ""Prc1"", ""Lin9"", ""Sgk1"", ""E2f8"", ""Abca1"", ""Stat2"", ""Nfia"", ""Skil"", ""Dgke"", ""Raf1"", ""Atxn1"", ""Mastl"", ""Arpp19"", ""Gtf2a1"", ""Pgm2l1"", ""Itga6"", ""Id2"", ""Fbxo32"", ""Arhgap11a"", ""Suz12"", ""Mapk1"", ""Igf2r"", ""Socs3"", ""F3"", ""Edaradd"", ""Tspan2"", ""Ccdc88a"", ""Pknox1"", ""Kif3a"", ""Plxnc1"", ""Fam83d"", ""Zfp367"", ""Pde5a"", ""Mfsd6"", ""Rora"", ""Tnfaip3"", ""Klf10"", ""Ddx3x"", ""Rnf216"", ""Otud1"", ""Rbbp8"", ""Elovl5"", ""Pdik1l"")"
"314","GOBP_DEVELOPMENTAL_PROCESS_INVOLVED_IN_REPRODUCTION","0.00150806220041","0.0175096364085681","0.45505986738723","-0.359846840119055","-1.43499757052783","229","c(""H3f3b"", ""Ubb"", ""Tcf7"", ""H3f3a"", ""Ctsl"", ""Hmgb2"", ""Psap"", ""Ctcf"", ""S100a11"", ""Lztfl1"", ""Tdrp"", ""Mns1"", ""Cxcr4"", ""Hspb11"", ""Fbxo5"", ""Ctsb"", ""Mapk3"", ""Ccdc34"", ""Hexb"", ""Scmh1"", ""Stat5b"", ""Tdrd5"", ""Odf2"", ""E2f7"", ""Bcl6"", ""Cited2"", ""Smad4"", ""Cep57"", ""Cdc25b"", ""Runx1"", ""Serpinb6b"", ""Pafah1b3"", ""Vdac3"", ""Rgs2"", ""Limk2"", ""Racgap1"", ""Plk4"", ""E2f8"", ""Cit"", ""Morc1"", ""Gata3"", ""Mast2"", ""Cdkn1c"", ""Gmcl1"", ""Ing2"", ""Syne1"", ""Brip1"", ""Patz1"", ""Prdx4"", ""Aurka"", ""Crem"", ""Mapk1"", ""Pcgf5"", ""Cd44"", ""Tdrkh"", ""Kif18a""
)"
"315","HEVNER_CORTEX_RADIAL_GLIA_PROGENITORS","0.000317853842071126","0.00502174045255622","0.49849310876659","-0.349940993504649","-1.42880557368129","277","c(""Ifngr1"", ""Lbr"", ""Rrm2"", ""Top2a"", ""Slbp"", ""Mns1"", ""Cdkn2c"", ""Rgcc"", ""Nusap1"", ""Asf1b"", ""Vim"", ""Fbxo5"", ""Tyms"", ""Rpa1"", ""Spc25"", ""Cenpl"", ""Ccdc34"", ""Ndc80"", ""Mxd3"", ""Clspn"", ""Dbf4"", ""Birc5"", ""Glul"", ""Cdca3"", ""Cdk1"", ""Cmc2"", ""Incenp"", ""Smpdl3a"", ""Pbk"", ""Kif23"", ""Neil3"", ""Nde1"", ""Kif20b"", ""Ccne2"", ""Ccna2"", ""Ccnf"", ""Ncaph"", ""Mis18bp1"", ""Rbl1"", ""Cenpq"", ""Spc24"", ""Aurkb"", ""Sypl"", ""Lig1"", ""Tacc3"", ""Ube2t"", ""Kif11"", ""Prc1"", ""Mis18a"", ""Racgap1"", ""Cdc45"", ""E2f8"", ""Shcbp1"", ""Cit"", ""Ppm1m"", ""Ctnna1"", ""Cenpa"", 
""Rad51ap1"", ""Ncapg"", ""Pola1"", ""Glo1"", ""Foxm1"", ""Mfge8"", ""Mad2l1"", ""Prim2"", ""Tex9"", ""Gpsm2"", ""Ttk"", ""Aurka"", ""Nuf2"", ""Rpain"", ""Blm"", ""Pcgf5"", ""Tmem123"", ""Ccne1"", ""Cdca8"", ""Prps2"", ""Rad51"", ""Fanci"", ""Cntrl"", ""Cenpk"", ""Tinf2"", ""Ift74"", ""Cep192"", ""Nsmce2"", ""Melk"", ""Cdca5"", ""Dnmt1"", ""Litaf"", ""Ska1"", ""Bcl7c"", ""Ctse"", ""Msl3"", ""Chek2"", ""Oip5"", ""Naa38"", ""Rgs3"", ""Ccdc80"", ""Gmnn"", ""Kif4"", ""Lpar1"", ""Casp7"", ""Fam83d"", ""Rfc2"", ""Stil"", ""Pold3"", ""Phactr2"", ""Ercc6l"", ""Spag5"", ""Mms22l"", ""Mest"", ""Metrn"", ""Tbc1d4"", 
""Tpx2"", ""Pnp"", ""Tbc1d31"", ""Cenpu"", ""Pkmyt1"", ""Prr11"", ""Bub1b"", ""Cenpn"")"
"316","GOBP_REGULATION_OF_ANATOMICAL_STRUCTURE_MORPHOGENESIS","0.000783831222860174","0.010478489657583","0.477270815362862","-0.349875534991027","-1.42796487171941","279","c(""Hmgb1"", ""Ets1"", ""Thy1"", ""Sp100"", ""Foxp1"", ""Cux1"", ""Ighm"", ""Marcks"", ""Cxcr4"", ""Rgcc"", ""Vim"", ""Jup"", ""Hexb"", ""Igtp"", ""Cst3"", ""E2f2"", ""Glul"", ""Cited2"", ""Runx1"", ""Cdc42ep3"", ""Stat1"", ""Rapgef3"", ""Stim1"", ""Brca1"", ""Chn1"", ""Sgk1"", ""Stat2"", ""Skil"", ""Plekho1"", ""Fgf13"", ""Cit"", ""Cxcr3"", ""Gata3"", ""Adam12"", ""Tcf4"", ""Rreb1"", ""Pde3b"", ""Rdx"", ""Rnf157"", ""Aurka"", ""Klf2"", ""Rap2a"", ""Pak1"", ""Cd44"", ""Cldn4"", ""Baiap2"", ""Ada"", ""F3"", ""Irgm1"", ""Pik3cd"", ""Arhgap18"", ""Lst1"", ""Kif3a"", ""Plxnc1"", ""Apoe"", ""Itgb1"", ""Epb41l2"", 
""Met"", ""Dixdc1"", ""Lpar3"", ""Lpar1"", ""Lfng"", ""Prok1"", ""Eng"", ""Xbp1"", ""Ccl5"", ""Kif1a"", ""Metrn"")"
"317","GOMF_SEQUENCE_SPECIFIC_DNA_BINDING","0.000198882535832298","0.00346684298783657","0.518848077743792","-0.341553636767837","-1.42756655728475","359","c(""H3f3b"", ""Satb1"", ""Hmgb1"", ""Tcf7"", ""Ets1"", ""Jund"", ""Klf13"", ""H3f3a"", ""Mxd4"", ""Hmgb2"", ""Foxp1"", ""Ctcf"", ""Tcf12"", ""Cux1"", ""Maz"", ""Rbbp4"", ""Hdac1"", ""Top2a"", ""Rag1"", ""Cbx3"", ""Hbp1"", ""Klf3"", ""Nfatc3"", ""Rorc"", ""Sox4"", ""Ezh2"", ""Rpa1"", ""Tcf3"", ""Mxd3"", ""Klf6"", ""Nfyb"", ""Fli1"", ""E2f2"", ""Stat5b"", ""Lmnb1"", ""Rag2"", ""Xrcc6"", ""E2f7"", ""Bcl6"", ""Gfi1"", ""Ikzf1"", ""Smad4"", ""Elk4"", ""Foxo1"", ""Stat4"", ""Runx1"", ""Wrn"", ""Tfdp2"", ""Nfat5"", ""Terf1"", ""Rbl1"", ""Pou2f1"", ""Stat1"", ""Myef2"", ""Zfp101"", ""Irf7"", ""Trps1"", ""Brca1"", ""Cdc45"", 
""E2f8"", ""Nr3c1"", ""Arid5a"", ""Stat2"", ""Nfia"", ""Skil"", ""Irf1"", ""Thrap3"", ""Sp4"", ""Myb"", ""Pbx4"", ""Cebpg"", ""Gata3"", ""Taf1"", ""Actn4"", ""Elk3"", ""Tcf4"", ""Pola1"", ""Rreb1"", ""Foxm1"", ""Cbfb"", ""Irf9"", ""Zbtb38"", ""Gtf2a1"", ""Pknox2"", ""Carf"", ""Ctc1"", ""Patz1"", ""Cxxc5"", ""Mxd1"", ""Ikzf3"", ""Crem"", ""Klf2"", ""Zfp467"", ""Suz12"", ""Klf15"", ""Nfkbiz"", ""Blm"", ""Kcnh2"", ""Gbx2"")"
"318","GOBP_MITOTIC_CELL_CYCLE_PROCESS","0.000235660376580655","0.00398676182799427","0.518848077743792","-0.345720546112977","-1.42338093328051","332","c(""Smc4"", ""Stmn1"", ""Cdkn2d"", ""Calm2"", ""Ube2s"", ""Cd28"", ""Plk5"", ""Rrm2"", ""Cdkn2c"", ""Rgcc"", ""Smc2"", ""Bub3"", ""Rpl17"", ""Nusap1"", ""Fbxo5"", ""Rad21"", ""Stag2"", ""Ezh2"", ""Tcf19"", ""Spc25"", ""Tcf3"", ""Ncapd3"", ""Ndc80"", ""Ncapd2"", ""Clspn"", ""Dbf4"", ""Birc5"", ""Zfp36l2"", ""Mad1l1"", ""Cdk1"", ""Lmnb1"", ""Cdk2"", ""Incenp"", ""E2f7"", ""Calm3"", ""Miip"", ""Kif23"", ""Smc3"", ""Nde1"", ""Kif20b"", ""Kif22"", ""Fzr1"", ""Ccne2"", ""Cdc25b"", ""Ccna2"", ""Ccnf"", ""Ncaph"", ""Rrm1"", ""Rbl1"", ""Mki67"", ""Spc24"", ""Aurkb"", ""Sass6"", ""Lig1"", ""Tacc3"", ""Cks2"", ""Kif11"", 
""Ccsap"", ""Prc1"", ""Brca1"", ""Racgap1"", ""Mzt1"", ""Fam110a"", ""Ckap5"", ""Cdc45"", ""Kifc1"", ""Nfia"", ""Myb"", ""Kif2a"", ""Cit"", ""Ccdc61"", ""Mastl"", ""Ube2c"", ""Rpl26"", ""Pcnt"", ""Zw10"", ""Cenpa"", ""Cdkn1c"", ""Arpp19"", ""Reep4"", ""Ncapg"", ""Pola1"", ""Foxm1"", ""Mad2l1"", ""Ncapg2"", ""Ctdspl"", ""Cdc14b"", ""Gpsm2"", ""Ttk"", ""Ctc1"", ""Rdx"", ""Id2"", ""Cenph"", ""Spdl1"", ""Aurka"", ""Nuf2"", ""Rfwd3"", ""Blm"", ""Exoc4"", ""Ccne1"", ""Tk1"", ""Smc5"", ""Kif18a"", ""Mta3"", ""Cdca8"", ""Pcna"", ""Rad51"", ""Ncaph2"", ""Babam1"", ""Cenpk"", ""Cep192"", ""Atad5"", ""Smarca4"", ""Nsmce2"", 
""Cdca5"", ""Camk2d"", ""Zfp36l1"", ""Tubg1"", ""Cdc7"", ""Cntrob"", ""Bcl7c"", ""Slfn1"")"
"319","GOBP_MITOTIC_CELL_CYCLE_PHASE_TRANSITION","0.00237109084383215","0.0243259498915516","0.431707695803346","-0.361856266506239","-1.41769710412175","201","c(""Cdkn2d"", ""Calm2"", ""Ube2s"", ""Plk5"", ""Rrm2"", ""Cdkn2c"", ""Rgcc"", ""Bub3"", ""Rpl17"", ""Fbxo5"", ""Rad21"", ""Ezh2"", ""Tcf19"", ""Spc25"", ""Tcf3"", ""Ndc80"", ""Clspn"", ""Dbf4"", ""Birc5"", ""Zfp36l2"", ""Mad1l1"", ""Cdk1"", ""Lmnb1"", ""Cdk2"", ""Incenp"", ""E2f7"", ""Calm3"", ""Miip"", ""Fzr1"", ""Ccne2"", ""Cdc25b"", ""Ccna2"", ""Ccnf"", ""Rrm1"", ""Rbl1"", ""Spc24"", ""Aurkb"", ""Sass6"", ""Tacc3"", ""Cks2"", ""Brca1"", ""Nfia"", ""Myb"", ""Cit"", ""Mastl"", ""Ube2c"", ""Rpl26"", ""Zw10"", ""Cdkn1c"", ""Arpp19"", ""Foxm1"", ""Mad2l1"", ""Ctdspl"", ""Cdc14b"", ""Ttk"", ""Ctc1"", ""Rdx"", ""Id2"", 
""Spdl1"", ""Nuf2"", ""Rfwd3"", ""Blm"", ""Ccne1"", ""Smc5"", ""Mta3"", ""Cdca8"", ""Babam1"", ""Cep192"", ""Atad5"", ""Smarca4"", ""Nsmce2"", ""Cdca5"", ""Camk2d"", ""Zfp36l1"", ""Cdc7"", ""Bcl7c"", ""Slfn1"", ""Chek2"", ""Cdk5rap2"")"
"320","GOBP_TISSUE_MIGRATION","0.00602213479626013","0.0480914766759723","0.407017918923954","-0.388318923875695","-1.41220101467748","111","c(""Hmgb1"", ""Ets1"", ""Sp100"", ""Foxp1"", ""Cxcr4"", ""Rgcc"", ""Pecam1"", ""Jup"", ""Glul"", ""Dpp4"", ""Dusp10"", ""Smad4"")"
"321","GOBP_POSITIVE_REGULATION_OF_CELL_ADHESION","0.00286257927826783","0.0284810311195885","0.431707695803346","-0.356350148020784","-1.40602526140855","208","c(""Hmgb1"", ""Ets1"", ""Thy1"", ""Cd4"", ""Cd27"", ""Cd28"", ""Cd3e"", ""Ephb6"", ""Cd1d1"", ""Rag1"", ""Ptprc"", ""Sox4"", ""Jup"", ""Bcl10"", ""Fcho1"", ""Slamf1"", ""Gimap5"", ""Itga4"", ""Stat5b"", ""Lgals9"", ""Gimap3"", ""Cd1d2"", ""Bcl6"", ""Lgals1"", ""Dpp4"", ""Nck2"", ""Cited2"", ""Itgal"", ""B2m"", ""Dusp10"", ""Nkap"", ""Runx1"", ""Spn"", ""Icos"", ""Nfat5"", ""Rsu1"", ""Tnfrsf18"", ""Ptpru"", ""Irf1"", ""Ccr7"", ""Vsir"", ""Cyld"", ""Gata3"", ""Rreb1"", ""Cbfb"", ""Itga6"", ""Nfkbiz"", ""Blm"", ""Cd44"", ""Nlrp3"", ""Ada"", ""Ift74"", ""Irgm1"", ""Smarca4"", ""Fbln2"")"
"322","GOBP_POSITIVE_REGULATION_OF_IMMUNE_SYSTEM_PROCESS","2.59327867561761e-05","0.000617114240857553","0.575610261071129","-0.336640170938492","-1.40490586052604","437","c(""Cd8a"", ""Sh2d1a"", ""Hmgb1"", ""Jund"", ""Thy1"", ""Themis"", ""Cd247"", ""Fyb"", ""Slamf6"", ""Cd4"", ""Hmgb2"", ""Cd27"", ""Cd28"", ""Lat"", ""Foxp1"", ""Cd3e"", ""Ighm"", ""Ephb6"", ""Cd1d1"", ""Rag1"", ""Ptprc"", ""Tox"", ""Rgcc"", ""Pecam1"", ""Sox4"", ""Tcf3"", ""Mapk3"", ""Bcl10"", ""Zbp1"", ""Nfkbia"", ""Fcho1"", ""Cd226"", ""Igtp"", ""Lcp2"", ""Slamf1"", ""Gimap5"", ""Mndal"", ""Lyst"", ""Itga4"", ""Stat5b"", ""Lgals9"", ""Ifi203"", ""Gimap3"", ""Xrcc6"", ""Cd1d2"", ""Bcl6"", ""Lgals1"", ""Dpp4"", ""Nck2"", ""Gfi1"", ""Itgal"", ""Akirin2"", ""B2m"", ""Ikzf1"", ""Sell"", ""Dusp10"", ""Gbp7"", ""Nkap"", 
""Runx1"", ""Spn"", ""Icos"", ""Slc15a2"")"
"323","GOBP_ADAPTIVE_IMMUNE_RESPONSE_BASED_ON_SOMATIC_RECOMBINATION_OF_IMMUNE_RECEPTORS_BUILT_FROM_IMMUNOGLOBULIN_SUPERFAMILY_DOMAINS","0.00385824899382739","0.0347769539879756","0.431707695803346","-0.362613544670995","-1.39637453674656","169","c(""Cd8a"", ""Hmgb1"", ""Slamf6"", ""Cd4"", ""Cd28"", ""Ighm"", ""Ephb6"", ""Cd1d1"", ""Ptprc"", ""Rorc"", ""Bcl10"", ""Cd226"", ""Slamf1"", ""Gimap5"", ""Lyst"", ""Lgals9"", ""Gimap3"", ""Cd1d2"", ""Bcl6"", ""Dpp4"", ""Lig4"", ""B2m"", ""Stat4"", ""Spn"", ""Irf7"", ""Arid5a"", ""Irf1"", ""Ccr7"", ""Vsir"", ""Gata3"", ""Il18r1"")"
"324","KUMAR_TARGETS_OF_MLL_AF9_FUSION","0.0033646652137567","0.0321070798683772","0.431707695803346","-0.353310506172706","-1.39182793496512","204","c(""Cd8a"", ""Cd8b1"", ""Satb1"", ""Tcf7"", ""Dntt"", ""Thy1"", ""Ltb"", ""Cd27"", ""Ccr9"", ""Cd3e"", ""Ighm"", ""Marcks"", ""Ddah2"", ""Rag1"", ""Ablim1"", ""Sit1"", ""Sox4"", ""Ctsb"", ""Mapk3"", ""AW112010"", ""H1f0"", ""Cited2"", ""Ncr1"", ""Icos"", ""Cd9"", ""Ly6d"", ""Psip1"", ""Ifit2"", ""Trbc1"", ""Cxcr3"", ""Txn1"", ""Gata3"", ""Trim30a"", ""Atp1b3"", ""Irf9"", ""Vnn3"")"
"325","GOBP_CELL_CELL_ADHESION","0.0011014309855764","0.0135843154887755","0.45505986738723","-0.335154874291703","-1.38195448462319","299","c(""Hmgb1"", ""Ets1"", ""Thy1"", ""Cd4"", ""Cd27"", ""Cd28"", ""Cd3e"", ""Ephb6"", ""Cd1d1"", ""Rag1"", ""Ptprc"", ""Rgcc"", ""Pecam1"", ""Sox4"", ""Jup"", ""Bcl10"", ""Fcho1"", ""Slamf1"", ""Gimap5"", ""Itga4"", ""Mad1l1"", ""Stat5b"", ""Lgals9"", ""Itgb7"", ""Gimap3"", ""Rag2"", ""Cd1d2"", ""Bcl6"", ""Lgals1"", ""Dpp4"", ""Nck2"", ""Cited2"", ""Itgal"", ""B2m"", ""Slc7a11"", ""Sell"", ""Dusp10"", ""Nkap"", ""Runx1"", ""Spn"", ""Icos"", ""Nfat5"", ""Icam2"", ""Cd9"", ""Ptpru"", ""Stk10"", ""Podxl2"", ""Irf1"", ""Ccr7"", ""Vsir"", ""Cyld"", ""Gata3"", ""Ctnna1"")"
"326","GOBP_REGULATION_OF_CELL_DEVELOPMENT","0.00025932305468216","0.00423708751738515","0.49849310876659","-0.334504152931348","-1.38109356791607","345","c(""Hmgb1"", ""Tcf7"", ""Ets1"", ""Thy1"", ""Klf13"", ""Cd4"", ""Hmgb2"", ""Cd27"", ""Anxa2"", ""Cd28"", ""Foxp1"", ""Cux1"", ""Hdac1"", ""Marcks"", ""Cd1d1"", ""Rag1"", ""Ptprc"", ""Cxcr4"", ""Tox"", ""Vim"", ""Clec2d"", ""Rorc"", ""Sox4"", ""Ezh2"", ""Nfkbia"", ""Gimap5"", ""Zfp36l2"", ""Gpr171"", ""Stat5b"", ""Lgals9"", ""Gimap3"", ""Rag2"", ""Xrcc6"", ""Bcl6"", ""Lig4"", ""Drosha"", ""B2m"", ""Ikzf1"", ""Dusp10"", ""Smad4"", ""Nkap"", ""Runx1"", ""Idh2"", ""Stat1"", ""Fmr1"", ""Sgk1"", ""Pcm1"", ""Prelid1"", ""Skil"", ""Irf1"", ""Fgf13"", ""Myb"", ""Ccr7"", ""Vsir"", ""Atxn1"", ""Cit"", ""Cyld"", ""Gata3"", 
""Ctnna1"", ""Cbfb"", ""Ankle1"", ""Id2"", ""Ikzf3"", ""Aurka"", ""Nfkbiz"", ""Pak1"", ""Cd44"", ""Baiap2"", ""Nlrp3"", ""Car2"", ""Ada"", ""Mafb"", ""Lag3"", ""Ppp2r3c"", ""Irgm1"", ""Srrt"", ""Smarca4"")"
"327","MARSON_BOUND_BY_FOXP3_STIMULATED","0.000566668253127065","0.00798487083951773","0.477270815362862","-0.334003758269351","-1.37369634562628","316","c(""Clic1"", ""Ubb"", ""Cd3d"", ""Ets1"", ""Ubald2"", ""Thy1"", ""Ltb"", ""Themis"", ""Fyb"", ""Dgka"", ""Mier1"", ""Cd28"", ""Aqp11"", ""Cd3e"", ""Ptprc"", ""Cbx3"", ""Pecam1"", ""Cdk19"", ""Clec2d"", ""Nfatc3"", ""Pim1"", ""Cd3g"", ""Cmtm7"", ""Cenpl"", ""Ncapd3"", ""Atpif1"", ""St8sia4"", ""Bcl10"", ""Ms4a6b"", ""Dpysl2"", ""Ddit4"", ""Lcp2"", ""Klf6"", ""Gimap5"", ""Dbf4"", ""Ppt1"", ""Fth1"", ""Gpr171"", ""Itgb7"", ""Cep57l1"", ""Cited2"", ""Itgal"", ""Akirin2"", ""Dap"", ""Orai2"", ""Elk4"", ""Ctdspl2"", ""Tmem71"", ""Nfat5"", ""P2ry10"", ""Rbl1"", ""Gng2"", ""Mdm1"", ""Sypl"", ""Prr13"", ""Tnfrsf18"", 
""Cytip"", ""Rgs2"", ""Brca1"", ""Sgk1"", ""Nfia"", ""Skil"", ""Plin2"", ""Gbp2"", ""Atxn1"", ""Cyld"", ""Txn1"", ""Cenpa"", ""Glo1"", ""Dusp6"", ""Ssmem1"", ""Faf1"")"
"328","GOMF_TRANSCRIPTION_REGULATOR_ACTIVITY","0.000979395406238229","0.0125008192056323","0.45505986738723","-0.324551001991649","-1.36535750099361","397","c(""Satb1"", ""Hmgb1"", ""Tcf7"", ""Ets1"", ""Jund"", ""Klf13"", ""Mier1"", ""Mxd4"", ""Hmgb2"", ""Sp100"", ""Foxp1"", ""Ctcf"", ""Tcf12"", ""Cux1"", ""Maz"", ""Hdac1"", ""Actn1"", ""Hbp1"", ""Klf3"", ""Nfatc3"", ""Rorc"", ""Sox4"", ""Ezh2"", ""Raly"", ""Jup"", ""Tcf3"", ""Bcl10"", ""Mxd3"", ""Brd8"", ""Klf6"", ""Nfyb"", ""Fli1"", ""E2f2"", ""Lmo4"", ""Stat5b"", ""E2f7"", ""Cdca4"", ""Bcl6"", ""Gfi1"", ""Cited2"", ""Akirin2"", ""Ikzf1"", ""Smad4"", ""Elk4"", ""Foxo1"", ""Stat4"", ""Runx1"", ""Tfdp2"", ""Nfat5"", ""Pou2f1"", ""Stat1"", ""Myef2"", ""Psip1"", ""Ncoa7"", ""Trim5"", ""Med30"", ""Zfp101"", ""Irf7"", 
""Trps1"", ""Brca1"", ""E2f8"", ""Nr3c1"", ""Arid5a"", ""Stat2"", ""Nfia"", ""Skil"", ""Irf1"", ""Thrap3"", ""Sp4"", ""Myb"", ""Pbx4"", ""Cebpg"", ""Gata3"", ""Sp110"", ""Trim30a"", ""Actn4"", ""Elk3"", ""Tcf4"", ""Rreb1"", ""Foxm1"", ""Cbfb"", ""Irf9"", ""Zbtb38"", ""Pknox2"", ""Cbfa2t3"", ""Med7"", ""Carf"", ""Patz1"", ""Id2"", ""Mxd1"", ""Ikzf3"", ""Crem"", ""Klf2"", ""Parp9"", ""Zfp467"", ""Klf15"", ""Nfkbiz"")"
"329","GOBP_NEGATIVE_REGULATION_OF_TRANSCRIPTION_BY_RNA_POLYMERASE_II","0.00429542919580652","0.0377247878069684","0.407017918923954","-0.334526232059081","-1.3567217491472","269","c(""Satb1"", ""Hmgb1"", ""Tcf7"", ""Jund"", ""Mier1"", ""Mxd4"", ""Hmgb2"", ""Sp100"", ""Foxp1"", ""Ctcf"", ""Cux1"", ""Maz"", ""Rbbp4"", ""Hdac1"", ""Cbx3"", ""Hmgn2"", ""Hbp1"", ""Klf3"", ""Rorc"", ""Sox4"", ""Ezh2"", ""Raly"", ""Samd1"", ""Tcf3"", ""Mxd3"", ""Lmo4"", ""Cdk2"", ""Cbx1"", ""E2f7"", ""Bcl6"", ""Nck2"", ""Gfi1"", ""Cited2"", ""Akirin2"", ""Ikzf1"", ""Smad4"", ""Elk4"", ""Nkap"", ""Runx1"", ""Rbl1"", ""Myef2"", ""Aurkb"", ""Zfp101"", ""Trps1"", ""E2f8"", ""Nr3c1"", ""Arid5a"", ""Skil"", ""Rps14"", ""Myb"", ""Atxn1"", ""Txn1"", ""Gata3"", ""Cdkn1c"", ""Ing2"", ""Tcf4"", ""Rreb1"", ""Foxm1"", ""Cbfb"", 
""Cbfa2t3"", ""Rpl23"", ""Patz1"", ""Cxxc5"", ""Id2"", ""Mxd1"", ""Crem"", ""Klf2"", ""Parp9"", ""Ifi27"", ""Suz12"", ""Morc3"", ""Ccne1"", ""Mta3"", ""Pcna"")"
"330","GOBP_LEUKOCYTE_MEDIATED_IMMUNITY","0.00521945272298295","0.0431938005501736","0.407017918923954","-0.344124629053714","-1.35564118093997","204","c(""Cd8a"", ""Sh2d1a"", ""Hmgb1"", ""Slamf6"", ""Cd28"", ""Lat"", ""Ighm"", ""Ephb6"", ""Cd1d1"", ""Ptprc"", ""Clec2d"", ""Bcl10"", ""Cd226"", ""Slamf1"", ""Gimap5"", ""Lyst"", ""Stat5b"", ""Lgals9"", ""Gimap3"", ""Cd1d2"", ""Bcl6"", ""Dpp4"", ""Lig4"", ""B2m"", ""Spn"", ""Irf7"", ""Myo1f"", ""Arid5a"", ""Vsir"", ""Cebpg"", ""Klri2"", ""Gata3"", ""Il18r1"")"
"331","GOBP_SEXUAL_REPRODUCTION","0.00239766333265702","0.0245108720370553","0.431707695803346","-0.331220018242707","-1.35341647377586","272","c(""H3f3b"", ""Smc4"", ""Ubb"", ""H3f3a"", ""Hmgb2"", ""Ctcf"", ""S100a11"", ""Lztfl1"", ""Tdrp"", ""Top2a"", ""Mns1"", ""Cxcr4"", ""Hspb11"", ""Smc2"", ""Bub3"", ""Fbxo5"", ""Stag2"", ""Rpa1"", ""Ncapd3"", ""Ccdc34"", ""Hexb"", ""Ndc80"", ""Ncapd2"", ""Birc5"", ""Scmh1"", ""Cdk2"", ""Tdrd5"", ""Incenp"", ""Odf2"", ""Bcl6"", ""Smc3"", ""Fzr1"", ""Smad4"", ""Ccne2"", ""Cep57"", ""Cdc25b"", ""Ncaph"", ""Terf1"", ""Pafah1b3"", ""Mki67"", ""Cd9"", ""Vdac3"", ""Cks2"", ""Rgs2"", ""Limk2"", ""Racgap1"", ""Cit"", ""Mastl"", ""Morc1"", ""Eif4h"", ""Mast2"", ""Rad51ap1"", ""Cdkn1c"", ""Gmcl1"", ""Ing2"", ""Mfge8"", 
""Syne1"", ""Brip1"", ""Ankle1"", ""Ttk"", ""Patz1"", ""Prdx4"", ""Aurka"", ""Nuf2"", ""Crem"", ""Pcgf5"", ""Tdrkh"", ""Ccne1"", ""Kif18a"", ""Rad51"", ""Ncaph2"", ""Cntrl"")"
"332","GOBP_POSITIVE_REGULATION_OF_IMMUNE_RESPONSE","0.00258578903361701","0.0261543211777665","0.431707695803346","-0.329757139728679","-1.35286218328859","288","c(""Cd8a"", ""Sh2d1a"", ""Hmgb1"", ""Thy1"", ""Themis"", ""Cd247"", ""Fyb"", ""Slamf6"", ""Cd4"", ""Hmgb2"", ""Cd28"", ""Lat"", ""Foxp1"", ""Cd3e"", ""Ighm"", ""Cd1d1"", ""Ptprc"", ""Rgcc"", ""Bcl10"", ""Zbp1"", ""Nfkbia"", ""Fcho1"", ""Cd226"", ""Igtp"", ""Lcp2"", ""Slamf1"", ""Gimap5"", ""Mndal"", ""Stat5b"", ""Lgals9"", ""Ifi203"", ""Gimap3"", ""Xrcc6"", ""Cd1d2"", ""Dpp4"", ""Gfi1"", ""Akirin2"", ""B2m"", ""Gbp7"")"
"333","GOBP_ACTIVATION_OF_IMMUNE_RESPONSE","0.00563836159548637","0.0457744394599511","0.407017918923954","-0.341543742827434","-1.34655663290705","206","c(""Cd8a"", ""Sh2d1a"", ""Hmgb1"", ""Thy1"", ""Themis"", ""Cd247"", ""Fyb"", ""Cd28"", ""Lat"", ""Foxp1"", ""Cd3e"", ""Ighm"", ""Ptprc"", ""Rgcc"", ""Bcl10"", ""Zbp1"", ""Nfkbia"", ""Fcho1"", ""Cd226"", ""Igtp"", ""Lcp2"", ""Mndal"", ""Ifi203"", ""Xrcc6"", ""Gfi1"", ""Gbp7"", ""Slc15a2"", ""Trim5"", ""Irf7"", ""Irf1"", ""Cacnb3"", ""Ccr7"", ""Gbp2"", ""Cyld"", ""Klri2"", ""Gata3"", ""Trim30a"")"
"334","GOBP_POSITIVE_REGULATION_OF_CELL_DEVELOPMENT","0.00339633327020761","0.0321803276522353","0.431707695803346","-0.340920813292558","-1.34296322895068","210","c(""Hmgb1"", ""Cd4"", ""Cd27"", ""Cux1"", ""Hdac1"", ""Marcks"", ""Cd1d1"", ""Rag1"", ""Ptprc"", ""Cxcr4"", ""Tox"", ""Vim"", ""Sox4"", ""Gimap5"", ""Stat5b"", ""Lgals9"", ""Gimap3"", ""Xrcc6"", ""Bcl6"", ""Lig4"", ""Ikzf1"", ""Dusp10"", ""Nkap"", ""Runx1"", ""Fmr1"", ""Sgk1"", ""Skil"", ""Irf1"", ""Myb"", ""Ccr7"", ""Vsir"", ""Atxn1"", ""Cyld"", ""Gata3"", ""Cbfb"", ""Id2"", ""Aurka"", ""Nfkbiz"", ""Pak1"", ""Baiap2"", ""Nlrp3"", ""Car2"", ""Ada"", ""Ppp2r3c"", ""Srrt"", ""Smarca4"")"
"335","GOBP_TUBE_DEVELOPMENT","0.00171509369817945","0.0191363080915548","0.45505986738723","-0.325052155504331","-1.34142617925209","338","c(""Ubb"", ""Hmgb1"", ""Tcf7"", ""Ets1"", ""Thy1"", ""Ctsl"", ""Anxa2"", ""Sp100"", ""Foxp1"", ""Aqp11"", ""Cux1"", ""Marcks"", ""Cxcr4"", ""Hspb11"", ""Rgcc"", ""Pecam1"", ""Nfatc3"", ""Sox4"", ""Jup"", ""Mapk3"", ""Bcl10"", ""E2f2"", ""Lmo4"", ""Glul"", ""E2f7"", ""Cited2"", ""Kif20b"", ""Slc7a11"", ""Smad4"", ""Runx1"", ""Stat1"", ""Rapgef3"", ""Stim1"", ""Cby1"", ""Brca1"", ""E2f8"", ""Nr3c1"", ""Nfia"", ""Myb"", ""Vasp"", ""Atxn1"", ""Cxcr3"", ""Rps7"", ""Pcnt"", ""Gata3"", ""Adam12"", ""Ing2"", ""Elk3"", ""Tcf4"", ""Foxm1"", ""Mfge8"", ""Brip1"", ""Gpsm2"", ""Pde3b"", ""Id2"", ""Klf2"", ""Mapk1"", ""Pak1"", 
""Gbx2"", ""Cd44"", ""Kif18a"", ""Ada"", ""F3"", ""Ccdc103"", ""Smarca4"", ""Adamts2"", ""Zfp36l1"", ""Pik3cd"", ""Clic4"", ""Pknox1"", ""Fbxw7"", ""Kif3a"", ""Apoe"", ""Itgb1"", ""Prcp"", ""Met"", ""Rarb"", ""Fgfr3"", ""Stil"", ""Prok1"", ""Cfh"", ""Eng"", ""Xbp1"", ""Ccl5"")"
"336","IKZF3_TARGET_GENES","7.3492653884919e-05","0.00148408580996482","0.538434096309916","-0.318274056571185","-1.34115249574631","473","c(""Arl6ip1"", ""Stmn1"", ""Tcf7"", ""Klf13"", ""Ptms"", ""Dgka"", ""Hmgb2"", ""Lat"", ""Foxp1"", ""Ctcf"", ""Arpp21"", ""Tcf12"", ""Cux1"", ""Maz"", ""Cd3e"", ""Hjurp"", ""Endou"", ""Csrp1"", ""Actn1"", ""Capn3"", ""Dek"", ""Rag1"", ""Asf1b"", ""Cotl1"", ""Cdk19"", ""Sit1"", ""Eef1a1"", ""Tyms"", ""Raly"", ""Cmtm7"", ""Desi1"", ""Tcf19"", ""Cenpl"", ""Nav2"", ""Dpysl2"", ""Nfkbia"", ""Atad2"", ""Nfyb"", ""Cst3"", ""Rpl37"", ""Nrm"", ""Plin3"", ""Xrcc6"", ""Calm3"", ""Gramd3"", ""Rasgrp2"", ""Mospd3"", ""Drosha"", ""Mtch1"", ""Gbp7"", ""Elk4"", ""Cep57"", ""Spn"", ""F13a1"", ""A930002I21Rik"", ""Mis18bp1"", 
""Nfat5"", ""Gng2"", ""Rpl36"", ""Pafah1b3"", ""Pou2f1"", ""Haus8"", ""Stat1"", ""Oard1"", ""Traf1"", ""Sypl"", ""Rapgef3"", ""Rsu1"", ""Hnrnpll"", ""Lig1"", ""Cep250"", ""Slc43a1"", ""Prc1"", ""Rasgrp4"", ""Ganc"", ""Sgk1"", ""Fam110a"", ""Hibadh"", ""Ifit2"", ""Nfia"", ""Cchcr1"", ""Rpl29"", ""BC028471"", ""Cacnb3"", ""Fut8"", ""Myb"", ""Vsir"", ""Ctnna1"", ""Ncapg"", ""Elk3"", ""Tcf4"", ""Dusp6"", ""Rreb1"", ""Tnfaip8l1"", ""Rdm1"", ""Zbtb38"", ""Mad2l1"", ""Cep70"", ""Cbfa2t3"", ""a"", ""Carf"", ""Pqlc3"", ""Utp3"", ""Ctc1"", ""Rdx"", ""Agl"", ""Arhgap11a"", ""Zfp467"", ""Msh6"", ""Suz12"", ""Cep162"", 
""Xrra1"", ""Plekho2"", ""Mlf2"", ""Smc5"", ""Pcna"", ""Srgap2"", ""Car2"", ""Prps2"", ""Cntrl"", ""St6gal1"", ""Tinf2"", ""Mvb12a"", ""Fry"", ""Phlda1"", ""Melk"", ""Cdkn2aipnl"", ""Ttc28"", ""Zfp36l1"", ""Litaf"", ""Cdc7"", ""Dgkg"", ""Nfya"", ""Uba2"", ""Edaradd"", ""Rab1a"", ""Pik3cd"", ""Ccdc88a"", ""Cep72"", ""Cdk5rap2"", ""Ccdc163"", ""Rps26"", ""Naa16"")"
"337","LAZARO_GENETIC_MOUSE_MODEL_HIGH_GRADE_SMALL_CELL_NEUROENDOCRINE_LUNG_CARCINOMA_UP","0.000373721828827075","0.00572662419514363","0.49849310876659","-0.316934512064603","-1.31932983855786","379","c(""Tubb5"", ""Smc4"", ""Stmn1"", ""Cdkn2d"", ""Hmgb2"", ""Hjurp"", ""Top2a"", ""Slbp"", ""Cdkn2c"", ""Tox"", ""Smc2"", ""Hmgn2"", ""Tube1"", ""Nusap1"", ""Tyms"", ""Ezh2"", ""Ift80"", ""Rpa1"", ""Spc25"", ""Cenpl"", ""Lockd"", ""Ncapd3"", ""Atpif1"", ""Ndc80"", ""Ska2"", ""Ncapd2"", ""Tmpo"", ""Fcho1"", ""Atad2"", ""Clspn"", ""Dbf4"", ""Gpr162"", ""Birc5"", ""Cdk1"", ""Nrm"", ""Cdk2"", ""Incenp"", ""Xrcc6"", ""E2f7"", ""Pbk"", ""H1f0"", ""Kif23"", ""Neil3"", ""Wdr76"", ""Kif20b"", ""Trim59"", ""Kif22"", ""Ctdspl2"", ""Ccne2"", ""Cdc25b"", ""Ccna2"", ""Sesn3"", ""Ncaph"", ""G2e3"", ""Mis18bp1"", ""Rrm1"", 
""Thoc7"", ""Rbl1"", ""Cenpq"", ""Mki67"", ""Myef2"", ""Aurkb"", ""Psip1"", ""Fxyd6"", ""Sass6"", ""Lig1"", ""Tacc3"", ""Cks2"", ""Kif11"", ""Prc1"", ""Hyls1"", ""Lin9"", ""Racgap1"", ""Ckap5"", ""Plk4"", ""Cdc45"", ""Pcm1"", ""E2f8"", ""Kifc1"", ""Cacnb3"", ""Myb"", ""Shcbp1"", ""Eri1"", ""Ube2c"", ""Hnrnpa3"", ""Cenpa"", ""Sclt1"", ""Ncapg"", ""Pola1"", ""Foxm1"", ""Cep295"", ""Mad2l1"", ""Ncapg2"", ""Prim2"", ""Tex9"", ""Brip1"", ""Nt5c2"", ""Ttk"", ""Ctc1"", ""Cenph"", ""Spdl1"", ""Arhgap11a"", ""Aurka"", ""Nuf2"", ""Msh6"", ""Suz12"", ""Blm"", ""Tdrkh"", ""Ccne1"", ""Smc5"", ""Kif18a"", ""Cdca8"", ""Pcna"", 
""Rad51"", ""Ckap2l"", ""Fanci"", ""Cenpk"", ""Sfmbt1"", ""Atad5"", ""Melk"", ""Cdca5"", ""Dnmt1"", ""Tubg1"", ""Cdc7"", ""Cntrob"", ""Ska1"", ""Uba2"", ""Smyd4"", ""Gtf2a2"", ""Depdc1a"")"
"338","GOBP_CELL_MORPHOGENESIS","0.00561135654646612","0.0457118320937261","0.407017918923954","-0.322139559935471","-1.31661986602735","274","c(""Ubb"", ""Stmn1"", ""Thy1"", ""Tubb2b"", ""Tuba1a"", ""Foxp1"", ""Cux1"", ""Ighm"", ""Marcks"", ""Ephb6"", ""Actn1"", ""Ablim1"", ""Cxcr4"", ""Pecam1"", ""Vim"", ""Dynlt1f"", ""Hexb"", ""Lmo4"", ""Itga4"", ""Bcl6"", ""Kif20b"", ""Smad4"", ""Nyap1"", ""Cdc42ep3"", ""Chn1"", ""Sgk1"", ""Nfia"", ""Skil"", ""Plekho1"", ""Fgf13"", ""Phactr1"", ""Vasp"", ""Cit"", ""Gata3"", ""Rreb1"", ""Rdx"", ""Id2"", ""Rnf157"", ""Dynlt1a"", ""Aurka"", ""Klf2"", ""Rap2a"", ""Pak1"", ""Gbx2"", ""Cd44"", ""Cldn4"", ""Srgap2"", ""Baiap2"", ""Fry"", ""Smarca4"", ""Map7"", ""Clic4"", ""Raph1"", ""Clu"", ""Arhgap18"", ""Lst1"", ""Kif3a"", 
""Plxnc1"", ""Apoe"", ""Itgb1"", ""Sin3a"", ""Epb41l2"", ""Met"", ""Postn"", ""Dixdc1"", ""Lpar3"", ""Lpar1"", ""Fgfr3"", ""Sod1"", ""Ect2"", ""Als2"", ""Adora2a"", ""Kif1a"", ""Metrn"")"
"339","GOBP_REGULATION_OF_IMMUNE_RESPONSE","0.0013481248728851","0.0159741655909009","0.45505986738723","-0.314600718521989","-1.30947852887283","368","c(""Cd8a"", ""Cd8b1"", ""Sh2d1a"", ""Hmgb1"", ""Thy1"", ""Themis"", ""Cd247"", ""Fyb"", ""Slamf6"", ""Cd4"", ""Hmgb2"", ""Cd28"", ""Lat"", ""Foxp1"", ""Cd3e"", ""Ighm"", ""Cd1d1"", ""Ptprc"", ""Rgcc"", ""Clec2d"", ""Bcl10"", ""Trafd1"", ""Zbp1"", ""Nfkbia"", ""Fcho1"", ""Cd226"", ""Igtp"", ""Lcp2"", ""Slamf1"", ""Gimap5"", ""Mndal"", ""Stat5b"", ""Lgals9"", ""Ifi203"", ""Gimap3"", ""Xrcc6"", ""Cd1d2"", ""Bcl6"", ""Dpp4"", ""Gfi1"", ""Akirin2"", ""B2m"", ""Dusp10"", ""Gbp7"", ""Spn"", ""Slc15a2"", ""Aurkb"", ""Trim5"", ""Irf7"", ""Myo1f"", ""Arid5a"", ""Stat2"", ""Irf1"", ""Cacnb3"", ""Ccr7"", ""Vsir"", ""Gbp2"", 
""Cyld"", ""Klri2"")"
"340","GOBP_REPRODUCTION","0.00542847985484945","0.0443480512358427","0.407017918923954","-0.307967006477467","-1.29559009145619","397","c(""H3f3b"", ""Smc4"", ""Ubb"", ""Tcf7"", ""H3f3a"", ""Ctsl"", ""Hmgb2"", ""Psap"", ""Ctcf"", ""S100a11"", ""Lztfl1"", ""Tdrp"", ""Top2a"", ""Mns1"", ""Cxcr4"", ""Hspb11"", ""Smc2"", ""Bub3"", ""Fbxo5"", ""Stag2"", ""Rpa1"", ""Ctsb"", ""Mapk3"", ""Ncapd3"", ""Ccdc34"", ""Hexb"", ""Ndc80"", ""Ncapd2"", ""Birc5"", ""Scmh1"", ""Stat5b"", ""Lgals9"", ""Cdk2"", ""Tdrd5"", ""Incenp"", ""Odf2"", ""E2f7"", ""Bcl6"", ""Cited2"", ""Smc3"", ""Fzr1"", ""Smad4"", ""Ccne2"", ""Cep57"", ""Cdc25b"", ""Runx1"", ""Ncaph"", ""Serpinb6b"", ""Terf1"", ""Pafah1b3"", ""Mki67"", ""Cd9"", ""Vdac3"", ""Cks2"", ""Lin9"", ""Rgs2"", ""Limk2"", 
""Racgap1"", ""Plk4"", ""E2f8"", ""Nr3c1"", ""Cit"", ""Mastl"", ""Morc1"", ""Gata3"", ""Eif4h"", ""Mast2"", ""Cacna1e"", ""Rad51ap1"", ""Cdkn1c"", ""Gmcl1"", ""Ing2"", ""Mfge8"", ""Syne1"", ""Brip1"", ""Ankle1"", ""Ttk"", ""Patz1"", ""Prdx4"", ""Sord"", ""Aurka"", ""Nuf2"", ""Crem"", ""Mapk1"", ""Pcgf5"", ""Cd44"", ""Tdrkh"", ""Ccne1"", ""Kif18a"", ""Ada"", ""Rad51"", ""Ncaph2"", ""Cntrl"", ""Sfmbt1"", ""Egr1"", ""Smurf2"", ""Adamts2"", ""Tubg1"", ""P2rx1"", ""Map7"", ""Foxa3"")"
"341","GOBP_REGULATION_OF_CELL_ADHESION","0.00514135301539024","0.0427948614561147","0.407017918923954","-0.309248968065141","-1.27911183085245","312","c(""Hmgb1"", ""Ets1"", ""Thy1"", ""Cd4"", ""Cd27"", ""Cd28"", ""Cd3e"", ""Ephb6"", ""Cd1d1"", ""Rag1"", ""Ptprc"", ""Cxcr4"", ""Rgcc"", ""Sox4"", ""Jup"", ""Bcl10"", ""Fcho1"", ""Slamf1"", ""Gimap5"", ""Itga4"", ""Mad1l1"", ""Stat5b"", ""Lgals9"", ""Gimap3"", ""Rag2"", ""Cd1d2"", ""Bcl6"", ""Dusp1"", ""Lgals1"", ""Dpp4"", ""Nck2"", ""Cited2"", ""Itgal"", ""B2m"", ""Dusp10"", ""Nkap"", ""Runx1"", ""Spn"", ""Icos"", ""Nfat5"", ""Cd9"", ""Rsu1"", ""Tnfrsf18"", ""Cytip"", ""Ptpru"", ""Myo1f"", ""Irf1"", ""Ccr7"", ""Vsir"", ""Cyld"", ""Cxcr3"", ""Gata3"", ""Actn4"", ""Rreb1"", ""Cbfb"", ""Faf1"", ""Itga6"", ""Pde3b"", 
""Rdx"", ""Nfkbiz"", ""Blm"", ""Cd44"", ""Nlrp3"", ""Ada"", ""St6gal1"", ""Lag3"", ""Ift74"", ""Irgm1"", ""Smarca4"", ""Fbln2"", ""Cldn7"", ""Ubash3b"", ""Slfn1"", ""Plxnc1"", ""Itgb1"", ""Slk"", ""Ccdc80"", ""Postn"", ""Xbp1"", ""Fgl2"", ""Ccl5"", ""Lims2"", ""Adora2a"", ""Card11"", ""Twsg1"", ""Pnp"", ""Sdc4"", ""Icam1"", ""Pde5a"", ""Akt1"", ""Ctla4"", ""Lax1"", ""Fmn1"", ""Prkcd"", ""Tnfaip3"", ""Cd63"", ""Syk"", ""Prnp"", ""Dscam"")"
"342","GOBP_REGULATION_OF_LOCOMOTION","0.00121524208028647","0.0147344890707038","0.45505986738723","-0.304292685540098","-1.2667046484547","379","c(""Tmsb4x"", ""Stmn1"", ""Hmgb1"", ""Ets1"", ""Thy1"", ""Tubb2b"", ""Sp100"", ""Foxp1"", ""S100a11"", ""Maz"", ""Rbbp4"", ""Hdac1"", ""Ptprc"", ""Cxcr4"", ""Rgcc"", ""Pecam1"", ""Vim"", ""Fbxo5"", ""Mpp1"", ""Jup"", ""Mapk3"", ""Slamf1"", ""Lmo4"", ""Itga4"", ""Glul"", ""Ldlrad4"", ""Stat5b"", ""Lgals9"", ""Bcl6"", ""Dusp1"", ""Dpp4"", ""Miip"", ""Cited2"", ""Kif20b"", ""Sell"", ""Dusp10"", ""Spn"", ""Idh2"", ""Cd9"", ""Rapgef3"", ""Tnfrsf18"", ""Ptpru"", ""Myo1f"", ""Stk10"", ""Phactr1"", ""Atp5a1"", ""Ccr7"", ""Vsir"", ""Kif2a"", ""Cxcr3"", ""Gata3"", ""Ctnna1"", ""Actn4"", ""Ing2"", ""Rreb1"", ""Syne2"", 
""Akap12"", ""Itga6"", ""Rdx"", ""Patz1"", ""Mapk1"", ""Rap2a"", ""Pak1"", ""Cldn4"", ""Srgap2"", ""Ada"", ""F3"", ""Furin"", ""St6gal1"", ""Egr1"", ""Smarca4"", ""Smurf2"", ""Cpne3"", ""Camk2d"", ""Cldn7"", ""Ccar1"", ""Pik3cd"", ""Clic4"", ""Fbxw7"", ""Arhgap18"", ""Plxnc1"", ""Apoe"", ""Itgb1"", ""Sin3a"", ""Prcp"", ""Slk"", ""Met"", ""Postn"", ""Lpar1"", ""Insm1"", ""Trf"", ""Atp8a1"", ""Eng"", ""Xbp1"")"
"343","GOBERT_OLIGODENDROCYTE_DIFFERENTIATION_UP","0.00322031620711238","0.0310917734811271","0.431707695803346","-0.298410248664665","-1.25389399784668","441","c(""Clic1"", ""Smc4"", ""Stmn1"", ""Hmgb2"", ""Anxa2"", ""Rrm2"", ""Rbbp4"", ""Hjurp"", ""Top2a"", ""Slbp"", ""Mns1"", ""Cdkn2c"", ""Rgcc"", ""Smc2"", ""Hmgn2"", ""Nusap1"", ""Asf1b"", ""Vim"", ""Esco2"", ""Fbxo5"", ""Tyms"", ""Ezh2"", ""Rpa1"", ""Tcf19"", ""Spc25"", ""Cenpl"", ""Lockd"", ""Ccdc34"", ""Ndc80"", ""Ska2"", ""Ncapd2"", ""Mxd3"", ""Atad2"", ""Clspn"", ""Dbf4"", ""Birc5"", ""E2f2"", ""Anp32e"", ""Cdca3"", ""Mad1l1"", ""Cdk1"", ""Cmc2"", ""Lmnb1"", ""Cdk2"", ""Incenp"", ""Haus3"", ""Brip1os"", ""E2f7"", ""Pbk"", ""Cdca4"", ""Kif23"", ""Wdr76"", ""Kif20b"", ""Trim59"", ""Kif22"", ""Ctdspl2"", ""Ccne2"", 
""Cdc25b"", ""Ccna2"", ""Lsm5"", ""Ccnf"", ""Ncaph"", ""Mis18bp1"", ""Rrm1"", ""Terf1"", ""Rbl1"", ""Pafah1b3"", ""Cenpq"", ""Mki67"", ""Haus8"", ""Spc24"", ""Aurkb"", ""Sass6"", ""Lig1"", ""Tacc3"", ""Ube2t"", ""Cks2"", ""Kif11"", ""Zfp101"", ""Prc1"", ""Hyls1"", ""Lin9"", ""Blvrb"", ""Trps1"", ""Mis18a"", ""Racgap1"", ""Fam110a"", ""Stub1"", ""Haus4"", ""Ckap5"", ""Plk4"", ""Cdc45"", ""Ifit2"", ""Plekho1"", ""Myb"", ""Shcbp1"", ""Cit"", ""Ccdc61"", ""Poc1b"", ""Ube2c"", ""Cenpa"", ""Rad51ap1"", ""Lin54"", ""Ncapg"", ""Pola1"", ""Akap12"", ""Foxm1"", ""Rdm1"", ""Mad2l1"", ""Ncapg2"", ""Prim2"", ""Cep70"", 
""Ankle1"", ""Haus5"", ""Ttk"", ""Ctc1"", ""Cenph"", ""Spdl1"", ""Samhd1"", ""Arhgap11a"", ""Aurka"", ""Nuf2"", ""Msh6"", ""Blm"", ""Ccne1"", ""Tk1"", ""Ptov1"", ""Kif18a"", ""Cdca8"", ""Srgap2"", ""Rad51"", ""Ckap2l"", ""Ncaph2"", ""Fanci"", ""Fam111a"", ""Cenpk"", ""Dnajc9"", ""Eri2"", ""Cep192"", ""Atad5"", ""Melk"", ""Cdca5"", ""Upp1"")"
"344","MATSUDA_NATURAL_KILLER_DIFFERENTIATION","0.00399051154099533","0.0355918875390485","0.407017918923954","0.431008941304315","1.37756396238871","287","c(""Eif5a"", ""Nhp2"", ""Atp5g1"", ""Ncl"", ""Ranbp1"", ""Gpatch4"", ""Hsp90aa1"", ""Atad3a"", ""Mrpl12"", ""Grwd1"", ""Ebna1bp2"", ""Prmt1"", ""Fkbp4"", ""Mthfd1"", ""Sdad1"", ""Shmt2"", ""Phgdh"", ""Abce1"", ""Nop2"", ""Galk1"", ""Rps18"", ""Tpi1"", ""Prmt3"", ""Tkt"", ""Syncrip"", ""Cdk4"", ""Rrp12"", ""Pinx1"", ""Ipo4"", ""St13"", ""Ruvbl1"", ""Mrpl19"", ""Cct7"", ""Aldoa"", ""Mrpl54"", ""Dph5"", ""Mcm3"", ""Hnrnpab"", ""Elovl4"", ""Mcm2"", ""Cd160"", ""Tfrc"", ""Tacc2"", ""Dtymk"", ""Ppih"", ""Ssrp1"", ""Asns"", ""Pfdn6"", ""Cisd1"", ""Chchd6"", ""Mrpl38"", ""Ccl4"", ""Nkg7"", ""Tars"")"
"345","ZFP449_TARGET_GENES","0.00605783826637219","0.0481854403018648","0.407017918923954","0.434548533567738","1.38323276359135","272","c(""Hsp90ab1"", ""Set"", ""Nolc1"", ""Erh"", ""Fkbp4"", ""Timm10"", ""Ldha"", ""Utp18"", ""Calr"", ""Fam136a"", ""Mphosph10"", ""Ctps"", ""Nat10"", ""Serbp1"", ""Pum3"", ""Sigmar1"", ""Cdk4"", ""Ndufab1"", ""Nol11"", ""Rps27l"", ""Snrpd3"", ""Nop14"", ""Wdr4"", ""Ndufa12"", ""Polr1a"", ""Atp5g3"", ""Idi1"", ""Eif5b"", ""Polr3e"", ""Mir17hg"", ""Hdgf"", ""Psme2"", ""Srsf6"", ""Rpl5"", ""Mrpl2"", ""Ndufa5"", ""Eml4"", ""Trap1"", ""Cdk2ap1"", ""Vdac2"", ""Dimt1"", ""Rwdd1"", ""Thg1l"", ""Stoml2"", ""Hnrnpd"", ""Dpy30"", ""Gga2"", ""Got1"", ""Ppp3ca"", ""Eif2b1"", ""Mrps18a"", ""Ifrd1"", ""Eci1"", ""Pabpc4"", 
""Rplp0"", ""Nucks1"", ""Nutf2"", ""Metap2"", ""Znhit3"", ""Prdx3"", ""Dph3"", ""Chchd1"", ""Ppil1"", ""Pmm1"", ""Orai1"", ""Tcof1"", ""Ndufa10"", ""Rpn2"", ""Ndufs6"", ""Uchl5"", ""Psmd12"", ""Mrpl47"", ""Samm50"", ""Dnajc11"", ""Nup54"", ""Nup188"", ""Txndc17"", ""Dusp18"", ""Mtx1"", ""Mef2c"", ""Slc25a5"")"
"346","ZFP652_TARGET_GENES","0.0042320567336356","0.0373397621036925","0.407017918923954","0.435560204334184","1.39434261103862","299","c(""Mrto4"", ""Pa2g4"", ""Set"", ""Nsun2"", ""Noc2l"", ""Ifrd2"", ""Fkbp4"", ""Rexo2"", ""Smyd2"", ""Odc1"", ""Rrp1b"", ""Cct5"", ""Tsr1"", ""Fam136a"", ""Hsph1"", ""Pusl1"", ""Serbp1"", ""Ece2"", ""Chchd4"", ""Timm13"", ""Ndufab1"", ""Aatf"", ""Rpl8"", ""Rps8"", ""Nop14"", ""Prmt7"", ""Spata5"", ""Guk1"", ""Wdr4"", ""Snrpa1"", ""Cdv3"", ""Mbd3"", ""Hsp90b1"", ""Gspt1"", ""Denr"", ""Polr3e"", ""Kat2a"", ""Ahsa1"", ""Nufip1"", ""Rps19bp1"", ""Thyn1"", ""Bcat1"", ""Mme"", ""Adpgk"", ""Dynll1"", ""Abcf2"", ""Dimt1"", ""Xpot"", ""Kcnn2"", ""Fzd9"", ""Asns"", ""Luc7l"", ""Tmed5"", ""Ifrd1"", ""Cdc34"", ""Wdr5"", 
""Rpl18"", ""Atp5e"", ""Mrpl50"", ""Nfkb2"", ""Nek6"", ""Nutf2"", ""Fdps"", ""Pdss1"", ""Ndc1"", ""Nup93"", ""Otud4"")"
"347","PCGF3_TARGET_GENES","0.00566190695950137","0.0458630457807067","0.407017918923954","0.438625542423005","1.39564276790682","266","c(""Rps2"", ""Mettl1"", ""Eif4a1"", ""Ncl"", ""Apex1"", ""Gar1"", ""Hspa9"", ""Shmt1"", ""Nsun2"", ""Hspa8"", ""Eif3b"", ""Utp18"", ""Calr"", ""Nop2"", ""Rpl3"", ""Atic"", ""Srsf7"", ""Eif3a"", ""Nat10"", ""Prmt3"", ""Aars"", ""Sigmar1"", ""Cdk4"", ""Sdf2l1"", ""Aatf"", ""Uqcc2"", ""Srsf2"", ""Snrpa"", ""St13"", ""Mtdh"", ""Agpat5"", ""Adh5"", ""Cops7a"", ""Eif4g1"", ""Mrpl54"", ""Imp4"", ""Mrpl36"", ""Pcbp1"", ""Cdca7l"", ""Tsen2"", ""Rpp38"", ""Gpx1"", ""Mrpl2"", ""Comtd1"", ""Pla2g12a"", ""Eif4e"", ""Rps20"", ""Mcm2"", ""Vdac2"", ""Rcc1"", ""Dohh"", ""Hnrnpd"", ""Gga2"", ""Mid1"", ""Chsy1"", ""Pelp1"", 
""Nme6"", ""Prkar2a"", ""Dph3"", ""Serf1"", ""Gadd45g"", ""Osgep"", ""Dcaf13"", ""Pradc1"", ""Relb"", ""Eftud2"", ""Thoc3"", ""Psmd12"", ""Slc3a2"", ""Ptp4a1"", ""Eid1"", ""Bola1"", ""Nup54"", ""Nup188"", ""Gadd45b"", ""Dusp18"", ""Pepd"", ""Ccnh"", ""Gcat"", ""Rtcb"", ""Smarcc1"", ""Supt16"")"
"348","GOBP_NEGATIVE_REGULATION_OF_PROTEIN_METABOLIC_PROCESS","0.00376661679601155","0.0342881703573432","0.431707695803346","0.437062064391205","1.40065020026148","307","c(""Npm1"", ""Mif"", ""Hsp90ab1"", ""Ncl"", ""Shmt1"", ""Nolc1"", ""Ybx1"", ""Noc2l"", ""Pebp1"", ""Gtpbp4"", ""Ifrd2"", ""Ppia"", ""Phb"", ""Eif2s1"", ""Calr"", ""Pus7"", ""Eprs"", ""Tfap4"", ""Hspa4"", ""Serbp1"", ""Itm2a"", ""Prmt3"", ""Park7"", ""Syncrip"", ""Nle1"", ""Aatf"", ""Exosc5"", ""Pinx1"", ""Exosc7"", ""Larp1"", ""Eif6"", ""Cyp51"", ""Pwp1"", ""Eif4g1"", ""Mettl16"", ""Eif4ebp1"", ""Trib1"", ""Bag2"", ""Timp3"", ""Gpx1"", ""Rpl5"", ""Akap1"", ""Eif4e"", ""Alad"", ""Ivns1abp"", ""Hnrnpd"", ""Tfpi"")"
"349","GOBP_MACROMOLECULE_CATABOLIC_PROCESS","0.00178851792364927","0.0198781982405593","0.45505986738723","0.431433982702213","1.40067327579451","368","c(""Npm1"", ""Hsp90ab1"", ""Mrto4"", ""Mettl1"", ""Apex1"", ""Hsp90aa1"", ""Nsun2"", ""Dkc1"", ""Ybx1"", ""Hspa8"", ""Phb"", ""Odc1"", ""Hspa5"", ""Calr"", ""Psmb5"", ""Psma7"", ""Rps27a"", ""Wdr77"", ""Park7"", ""Syncrip"", ""Sdf2l1"", ""Exosc5"", ""Prpf19"", ""Naf1"", ""Uchl3"", ""Psmd7"", ""Canx"", ""Exosc7"", ""Hspbp1"", ""Endog"", ""Exosc1"", ""Lsm7"", ""Hsp90b1"", ""Psme3"", ""Lsm2"", ""Lrpprc"", ""Gspt1"", ""Larp1"", ""Usp50"", ""Cyp51"", ""Magohb"", ""Pop1"", ""Lsm4"", ""Tbrg4"", ""Rnf43"", ""Mettl16"", ""Gusb"", ""Etf1"", ""Psme2"", ""Usp10"", ""Trib1"", ""Bag2"", ""Timp3"", ""Clpp"", ""Gpx1"", 
""Rpl5"", ""Lsm6"", ""Dis3"", ""Hnrnpab"", ""Mme"", ""Alad"", ""Psma5"", ""Psma3"", ""Snx5"", ""Hnrnpd"", ""Psma4"", ""Sec61b"", ""Psmb2"", ""Magoh"", ""Fastkd2"", ""Sf3b3"", ""Psmd6"", ""Cdc34"", ""Pabpc4"")"
"350","GOCC_NUCLEAR_PROTEIN_CONTAINING_COMPLEX","0.000366131788735961","0.00562939895013602","0.49849310876659","0.430376002633677","1.41883969272343","497","c(""Eif5a"", ""Hsp90ab1"", ""Nhp2"", ""Ncl"", ""Ranbp1"", ""Gar1"", ""Ran"", ""Nolc1"", ""Dkc1"", ""Ybx1"", ""Noc2l"", ""Mybbp1a"", ""Hspa8"", ""Ddx21"", ""Shmt2"", ""Utp18"", ""Polr2f"", ""Hspa5"", ""Ptges3"", ""Polr2h"", ""Bop1"", ""Nop10"", ""Mphosph10"", ""Txnl4a"", ""Polr1b"", ""Snrpd1"", ""Nat10"", ""Polr3h"", ""Wdr74"", ""Syncrip"", ""Nol11"", ""Exosc5"", ""Prpf19"", ""Polr3d"", ""Snrpd2"", ""Snrpd3"", ""Nop14"", ""Srsf2"", ""Wdr18"", ""Rpp40"", ""Rbmxl1"", ""Exosc7"", ""Heatr1"", ""Snrpa"", ""Snrpa1"", ""Exosc1"", ""Lsm7"", ""Mbd3"", ""Ruvbl1"", ""Polr2e"", ""Polr1a"", ""Lsm2"", ""Pes1"", ""Snrpf"", 
""Myc"", ""Polr3e"", ""Wdr36"", ""Kat2a"", ""Ruvbl2"", ""Magohb"", ""Pop1"", ""Lsm4"", ""U2af1"", ""Nufip1"", ""Nup43"", ""Noc4l"", ""Cops7a"", ""Imp4"", ""Pcgf6"", ""Mcm3"", ""Tsen2"", ""Ppargc1b"", ""Rpp38"", ""Hint1"", ""Prmt5"", ""Lsm6"", ""Dis3"", ""Hnrnpab"", ""Clns1a"", ""Cdk2ap1"", ""Telo2"", ""Dynll1"", ""Wdr3"", ""Mcm2"", ""Las1l"", ""Med29"", ""Xpot"", ""Ppie"", ""Rbbp7"", ""Gtf2f2"", ""Prpf31"", ""Snrpb"", ""Baz1a"", ""Ppih"", ""Ssrp1"", ""Mcm6"", ""Pold2"", ""Pole4"", ""Dpy30"", ""Carm1"", ""Xrcc5"", ""Magoh"", ""Luc7l"", ""Snrnp40"", ""Utp6"", ""Taf1d"", ""Sf3b3"", ""Wdr5"", ""Nutf2"", ""Pelp1"", 
""Rheb"", ""Rps3"", ""Polr3k"", ""Pole3"", ""Ndc1"", ""Nup93"", ""Phf5a"", ""Htatsf1"", ""Exosc8"", ""Ppil1"", ""E2f1"", ""Sf3b5"", ""Psmc5"", ""Polr2l"", ""Zc3h8"", ""Kpnb1"", ""Wdr12"", ""Kdm2b"", ""Eftud2"", ""Sf3b6"", ""Sf3a1"", ""Thoc3"")"
"351","GLI2_TARGET_GENES","0.00214955557145573","0.0227029488071798","0.431707695803346","0.443666796921959","1.42181634735036","307","c(""Npm1"", ""C1qbp"", ""Hsp90ab1"", ""Hspd1"", ""Hspe1"", ""Eif4a1"", ""Ranbp1"", ""Gar1"", ""Hsp90aa1"", ""Mrpl12"", ""Hspa8"", ""Ftsj3"", ""Mrps18b"", ""Timm10"", ""Mat2a"", ""Shmt2"", ""Polr2f"", ""Eef1d"", ""Tfap4"", ""Ppid"", ""Txnl4a"", ""Polr1b"", ""Rangrf"", ""Sigmar1"", ""Park7"", ""Mrpl17"", ""Syncrip"", ""Cdk4"", ""Rps27l"", ""Rps8"", ""Prmt7"", ""Spata5"", ""Mrpl23"", ""Polr3e"", ""Lsm4"", ""Hdgf"", ""Sfxn1"", ""Pcbp1"", ""Tomm70a"", ""Prmt5"", ""Akap1"", ""Dynll1"", ""Abcb1b"", ""Dimt1"", ""Rps15"", ""Pdap1"", ""Ssrp1"", ""Ube2e1"", ""Sgf29"", ""Mid1"", ""Bcl2"", ""Mrps18a"", ""Atp5d"", 
""Chsy1"", ""Rpl18"", ""Rabggtb"", ""Dtd1"", ""Dtx1"", ""Tnfrsf9"", ""Irs1"")"
"352","TABULA_MURIS_SENIS_BRAIN_NON_MYELOID_BRAIN_PERICYTE_AGEING","0.00321621206772541","0.0310917734811271","0.431707695803346","0.440019301559319","1.42336830468262","335","c(""Npm1"", ""Mif"", ""Eif5a"", ""Rps2"", ""Atp5g1"", ""Mrto4"", ""Rpl14"", ""Ranbp1"", ""Gpatch4"", ""Set"", ""Rrp15"", ""Ybx1"", ""Pebp1"", ""Ebna1bp2"", ""Cycs"", ""Rpsa"", ""Tomm5"", ""Phb2"", ""Rpl3"", ""Anp32b"", ""Rps19"", ""Rps18"", ""Psma7"", ""Serbp1"", ""Polr3h"", ""Timm13"", ""Cox5a"", ""Park7"", ""Mrpl17"", ""Uqcc2"", ""Snrpd2"", ""Snrpd3"", ""Ptma"", ""Psmd7"", ""Exosc7"", ""Uqcrq"", ""Snrpa"", ""Ndufa12"", ""Sod2"", ""Polr2e"", ""Lsm2"", ""Mrpl19"", ""Atp5g3"", ""Rpl10a"", ""Eif6"", ""Rpl21"", ""Mrpl23"", ""Eif1ax"", ""Lsm4"", ""U2af1"", ""Rpl13"", ""Rps5"", ""Eif4ebp1"", ""Sfxn1"", ""Btf3"", 
""Gadd45gip1"", ""Psme2"", ""Mrps24"", ""Eif3i"", ""Banf1"", ""Clpp"", ""Hint1"", ""Gpx1"", ""Ndufa5"", ""Tuba4a"", ""Rps20"", ""Atp5o"", ""Dynll1"", ""Slc25a3"", ""Med29"", ""Psma3"", ""Snrpb"", ""Chchd2"", ""Manf"", ""Rps15"", ""Nme2"", ""Hmgn1"", ""Psmb2"", ""Mrps12"", ""Cltb"", ""Pfdn6"", ""Cyc1"", ""Cisd1"", ""Mrps18a"", ""Atp5d"", ""Ndufb6"", ""Rplp0"")"
"353","GOBP_PROTEIN_CONTAINING_COMPLEX_ASSEMBLY","0.000122081659490941","0.00231068751544734","0.518848077743792","0.439912979786102","1.44958233160881","495","c(""Npm1"", ""Mif"", ""Mrto4"", ""Set"", ""Hsp90aa1"", ""Shmt1"", ""Rrs1"", ""Ndufaf4"", ""Grwd1"", ""Ppan"", ""Hspa8"", ""Prmt1"", ""Rpsa"", ""Fkbp4"", ""Mat2a"", ""Shmt2"", ""Aimp2"", ""Ptges3"", ""Calr"", ""Nop2"", ""Bop1"", ""Znhit6"", ""Anp32b"", ""Tfap4"", ""Ppid"", ""Rps19"", ""Hspa4"", ""Snrpd1"", ""Eif3a"", ""Rangrf"", ""Wdr77"", ""Chchd4"", ""Mdn1"", ""Sigmar1"", ""Park7"", ""Brix1"", ""Ndufab1"", ""Nle1"", ""Prpf19"", ""Rps27l"", ""Naf1"", ""Uqcc2"", ""Snrpd2"", ""Snrpd3"", ""Prmt7"", ""Rpf2"", ""Ndufa12"", ""Sod2"", ""Rps25"", ""Ruvbl1"", ""Cct2"", ""Strap"", ""Lsm2"", ""Atp5g3"", ""Eif2s2"", 
""Eif6"", ""Usp50"", ""Psmg1"", ""Snrpf"", ""Mrpl20"", ""Denr"", ""Nap1l1"", ""Ruvbl2"", ""Lsm4"", ""Nufip1"", ""Cops7a"", ""Eif4g1"", ""Psmg4"", ""Ndufaf6"", ""Rps5"", ""Eif4ebp1"", ""Farsb"", ""Dhx29"", ""Srsf6"", ""Rpl5"", ""Prmt5"", ""Ndufa5"", ""Clns1a"", ""Alad"", ""Mrps7"", ""Mcm2"", ""Vdac2"", ""Lcp1"", ""Med29"", ""Thg1l"", ""Tfrc"", ""Gtf2f2"", ""Prpf31"", ""Snrpb"", ""Stoml2"", ""Baz1a"", ""Rps15"", ""Psmg2"", ""Ssrp1"", ""Hacd1"", ""Acaca"", ""Xrcc5"", ""Pfdn6"", ""Luc7l"", ""Fastkd2"", ""Dut"", ""Atp5d"", ""Higd1a"", ""Ndufb6"", ""Tspan4"", ""Rplp0"", ""Smn1"", ""Rps6"", ""Rps3"", ""Pole3"", 
""Nasp"", ""Znhit3"", ""Ndc1"", ""Ndufs7"", ""Ndufaf2"", ""Psmg3"", ""Nup93"")"
"354","GCM2_TARGET_GENES","0.001009551660776","0.0127173881331002","0.45505986738723","0.452792479915942","1.45018477763269","301","c(""Hsp90ab1"", ""Hspe1"", ""Ncl"", ""Nop56"", ""Mrpl12"", ""Mybbp1a"", ""Cycs"", ""Hspa8"", ""Lap3"", ""Phb2"", ""Calr"", ""Eef1d"", ""Bop1"", ""Prdx1"", ""Nudc"", ""Wdr77"", ""Chchd4"", ""Aars"", ""Syncrip"", ""Tcp1"", ""Rps27l"", ""Prmt7"", ""Srsf2"", ""Wdr18"", ""Glrx3"", ""Ndufa12"", ""Nudt19"", ""St13"", ""Mbd3"", ""Noa1"", ""Mrpl19"", ""Atp5b"", ""Idi1"", ""Hk2"", ""Cyp51"", ""Thumpd3"", ""Timm50"", ""Rps5"", ""Eif4ebp1"", ""Uck2"", ""Nol10"", ""Dhx29"", ""Srsf6"", ""Eif3i"", ""Rpl22l1"", ""Ndufa5"", ""Nars"", ""Rps20"", ""Nudcd1"", ""Mrps7"", ""Tfrc"", ""Hyou1"", ""Mrps15"", ""Hnrnpd"", ""Bola3"", 
""Atp2a2"", ""Mcm6"", ""Pold2"", ""Asns"", ""Carm1"", ""Immt"", ""Mtx2"", ""Luc7l"", ""Cyc1"", ""Taf1d"", ""Ifrd1"", ""Cdc34"", ""Rplp0"", ""Pfkp"", ""Rabggtb"", ""Ciapin1"", ""Txnrd1"", ""Pgls"", ""Zfp771"", ""Exosc8"", ""Crls1"", ""Wdr12"", ""Ddx46"", ""Thoc3"", ""Phlda3"", ""Slc3a2"", ""Klhdc4"", ""Bola1"", ""Rfc4"", ""Snhg6"", ""Sap30"", ""Sfpq"", ""Naa15"", ""P4hb"", ""Zc3h18"", ""Gcat"")"
"355","NR1H2_TARGET_GENES","0.000476250787520088","0.00693222910260838","0.49849310876659","0.447777494742082","1.45196942209916","351","c(""Nme1"", ""C1qbp"", ""Nhp2"", ""Ranbp1"", ""Hsp90aa1"", ""Pebp1"", ""Ndufaf4"", ""Cycs"", ""Gtpbp4"", ""Ung"", ""Ddx21"", ""Nop16"", ""Eef1b2"", ""Hsph1"", ""Hspa4"", ""Psma7"", ""Pum3"", ""Sigmar1"", ""Syncrip"", ""Cdk4"", ""Sdf2l1"", ""Rps27l"", ""Polr3d"", ""Prmt7"", ""Uchl3"", ""Spata5"", ""Ipo4"", ""Wdr4"", ""Tomm20"", ""Uqcrq"", ""Ndufa12"", ""Rsl24d1"", ""Mrpl15"", ""Fasn"", ""Wdr83os"", ""Mrpl19"", ""Atp5b"", ""Agpat5"", ""Pes1"", ""Wdr36"", ""Nol9"", ""Rps5"", ""Uck2"", ""Btf3"", ""Dph5"", ""Pcbp1"", ""Nudcd2"", ""Prmt5"", ""Mrpl2"", ""Ndufa5"", ""Dis3"", ""Eif4e"", ""Nudcd1"", ""Alad"", ""Wdr3"", 
""Cinp"", ""Lcp1"", ""Ivns1abp"", ""Mrpl16"", ""Tcerg1"", ""Psma3"", ""Adsl"", ""Pole4"", ""Acaca"", ""Ppm1g"", ""Ampd2"", ""Mrps18a"", ""Ifrd1"", ""Ndufb6"", ""Yif1b"", ""Qdpr"", ""Pfkp"", ""Mrpl50"", ""Nfkb2"", ""Hras"", ""Pdss1"", ""Ciapin1"", ""Coq7"", ""Mogs"", ""Prkar2a"", ""Phf5a"", ""Tagap"", ""Rev1"", ""Gm37336"", ""Orai1"", ""Kpnb1"")"
"356","CTR9_TARGET_GENES","0.000695137812653709","0.00951459512068979","0.477270815362862","0.455027652883119","1.46117971388746","312","c(""C1qbp"", ""Rps2"", ""Hsp90ab1"", ""Eif4a1"", ""Ncl"", ""Ranbp1"", ""Apex1"", ""Set"", ""Hsp90aa1"", ""Dkc1"", ""Mrpl12"", ""Nop58"", ""Tomm40"", ""Hspa8"", ""Mrps18b"", ""Eef1g"", ""Cnbp"", ""Ldha"", ""Polr2f"", ""Nop2"", ""Rpl3"", ""Rps19"", ""Prdx1"", ""Impdh2"", ""Rps18"", ""Npm3"", ""Nat10"", ""Rps27a"", ""Timm13"", ""Park7"", ""Rps27l"", ""Rps8"", ""Srsf2"", ""Larp4"", ""Wdr4"", ""Ipo5"", ""Rars"", ""Sod2"", ""Mbd3"", ""Snhg12"", ""Rpl10a"", ""Psmg1"", ""Rpl21"", ""Kat2a"", ""Cops7a"", ""Coq2"", ""Btf3"", ""Pcbp1"", ""Nudcd2"", ""Stip1"", ""Usp10"", ""Gpx1"", ""Rpl5"", ""Rps17"", ""Rcc1"", ""Thg1l"", 
""Xpot"", ""Kcnn2"", ""Snx5"", ""Rps15"", ""Mcm6"", ""Pole4"", ""Asns"", ""Pfas"", ""Sgf29"", ""Luc7l"", ""Ppp3ca"", ""Taf1d"", ""Atp5d"", ""Trmt1"", ""Ifrd1"", ""Ndufb6"", ""Eci1"", ""Rplp0"", ""Rpl18"", ""Rabggtb"", ""Nucks1"", ""Nutf2"")"
"357","TABULA_MURIS_SENIS_MESENTERIC_ADIPOSE_TISSUE_MESENCHYMAL_STEM_CELL_OF_ADIPOSE_AGEING","0.000707862460371461","0.00966569335769127","0.477270815362862","0.456833126124888","1.46223990542057","298","c(""Srm"", ""Eif5a"", ""Rps2"", ""Hsp90ab1"", ""Eif4a1"", ""Pa2g4"", ""Set"", ""Hsp90aa1"", ""Ybx1"", ""G3bp1"", ""Pebp1"", ""Tomm40"", ""Rpsa"", ""Rexo2"", ""Ldha"", ""Phb2"", ""Ptges3"", ""Calr"", ""Ybx3"", ""Eef1d"", ""Eef1b2"", ""Rpl3"", ""Anp32b"", ""Hspa4"", ""Srsf7"", ""Nudc"", ""Eif1a"", ""Serbp1"", ""Tkt"", ""Sigmar1"", ""Cdk4"", ""Sdf2l1"", ""Rpl8"", ""Srsf2"", ""Ptma"", ""Canx"", ""Snrpa"", ""Rps25"", ""Cdv3"", ""Mbd3"", ""Mtdh"", ""Lsm2"", ""Adh5"", ""Myc"", ""Aldoa"", ""U2af1"", ""Hdgf"", ""Eif4g1"", ""Rpl13"", ""Rps5"", ""Btf3"", ""Gadd45gip1"", ""Pcbp1"", ""Pdxk"", ""Rpl5"", ""Tuba4a"", ""Eif4e"", 
""Rps20"", ""Alad"", ""Slc25a3"", ""Rpl4"", ""Snrpb"", ""Manf"", ""Hnrnpd"", ""Ube2e1"", ""Cltb"", ""Rps3a1"", ""Atp5d"", ""Yif1b"", ""Chsy1"", ""Rplp0"", ""Rpl18"", ""Ak2"", ""Nucks1"", ""Rps6"", ""Rheb"", ""Rps3"", ""Hras"")"
"358","GOBP_POSITIVE_REGULATION_OF_PROTEIN_LOCALIZATION","0.00326905234425119","0.0313511959770578","0.431707695803346","0.483797477270764","1.48135186034694","159","c(""Npm1"", ""Hsp90ab1"", ""Gnl3"", ""Ran"", ""Hsp90aa1"", ""Dkc1"", ""Cct3"", ""Cct8"", ""Ppia"", ""Cct5"", ""Anp32b"", ""Ppid"", ""Rangrf"", ""Park7"", ""Tcp1"", ""Pinx1"", ""Ipo5"", ""Cct2"", ""Cct7"", ""Parp1"", ""Eif4g1"", ""Pdcd5"", ""Tomm70a"")"
"359","PEX2_TARGET_GENES","0.000134412641166628","0.00249468122035797","0.518848077743792","0.463508016909836","1.50208359854174","345","c(""Npm1"", ""Eif4a1"", ""Ncl"", ""Apex1"", ""Nop56"", ""Hsp90aa1"", ""Nop58"", ""Mybbp1a"", ""Hspa8"", ""Cct8"", ""Ftsj3"", ""Mat2a"", ""Eif3b"", ""Rrp9"", ""Hspa5"", ""Phgdh"", ""Cct5"", ""Bzw2"", ""Eef1d"", ""Nop2"", ""Znhit6"", ""Rpl3"", ""Ppid"", ""Rps19"", ""Rcc2"", ""Impdh2"", ""Rps18"", ""Pusl1"", ""Pprc1"", ""Srsf7"", ""Nat10"", ""Rps27a"", ""Prmt3"", ""Mdn1"", ""Aars"", ""Syncrip"", ""Slc7a1"", ""Vars"", ""Nol11"", ""Uchl3"", ""Sod2"", ""Nol8"", ""Psat1"", ""Polr1a"", ""Lrpprc"", ""Mir17hg"", ""Aldoa"", ""Tbrg4"", ""Eif4g1"", ""Rps5"", ""Colgalt1"", ""Pcbp1"", ""Cdca7l"", ""Mrpl21"", ""Gpx1"", 
""Tuba4a"", ""Yars"", ""Adpgk"", ""Rps17"", ""Trap1"", ""Dynll1"", ""Slc25a3"", ""Rcc1"", ""Morf4l2"", ""Psma3"", ""Fkbp3"", ""Chchd2"", ""Stoml2"", ""Nme2"", ""Tacc2"", ""Atp2a2"", ""Hmgn1"", ""Mid1"", ""Ppp3ca"", ""Dut"", ""Mrps18a"", ""Trmt1"", ""Eci1"", ""Rplp0"", ""Rabggtb"")"
"360","MAFA_TARGET_GENES","0.000243764446758705","0.00406392180860806","0.518848077743792","0.468813913904041","1.50425758323673","304","c(""Hspd1"", ""Mrto4"", ""Hspe1"", ""Rpl14"", ""Apex1"", ""Hsp90aa1"", ""Atad3a"", ""Nop58"", ""Gart"", ""Cct8"", ""Ftsj3"", ""Gcsh"", ""Abce1"", ""Eef1d"", ""Nop2"", ""Prdx1"", ""Txnl4a"", ""Polr1b"", ""Pusl1"", ""Eif3a"", ""Serbp1"", ""Polr3h"", ""Prmt3"", ""Syncrip"", ""Cdk4"", ""Rps27l"", ""Srsf2"", ""Rbmxl1"", ""Tomm20"", ""Noa1"", ""Siva1"", ""Cyp51"", ""Rpl21"", ""Denr"", ""Polr3e"", ""Mecr"", ""Rps5"", ""Gnl2"", ""Gars"", ""Mrps24"", ""Rpl22l1"", ""Mrpl2"", ""Comtd1"", ""Eif4e"", ""Alad"", ""Trap1"", ""Cinp"", ""Rwdd1"", ""Xpot"", ""Krtcap2"", ""Psma3"", ""Manf"", ""Snx5"", ""Psmg2"", ""Sec61b"", 
""Ube2e1"", ""Rps3a1"", ""Taf1d"", ""Yif1b"", ""Tspan4"", ""Wdr5"", ""Qdpr"", ""Creg1"", ""Nme4"", ""Rabggtb"", ""Dtd1"", ""Nutf2"", ""Pole3"", ""Nfkb1"", ""Txnrd1"", ""Cbs"", ""Pgls"", ""Osgep"", ""Psmc5"", ""Polr2l"", ""Psmd1"", ""Dpy19l1"", ""Uchl5"", ""Ergic1"", ""Phlda3"", ""Etv5"", ""Slc16a6"", ""Ing5"", ""Eif2b5"", ""Txndc17"", ""Tipin"", ""Pepd"", ""Ccnh"")"
"361","TBX20_TARGET_GENES","0.00129578459449506","0.0155142477023573","0.45505986738723","0.483297612462031","1.50487375729019","192","c(""Npm1"", ""Rps2"", ""Ncl"", ""Nop58"", ""Erh"", ""Cct8"", ""Aen"", ""Ptges3"", ""Cct5"", ""Rps19"", ""Prdx1"", ""Hspa4"", ""Wdr77"", ""Timm13"", ""Mrpl17"", ""Nol11"", ""Rpl8"", ""Snrpd3"", ""Nop14"", ""Uqcrq"", ""Polr2e"", ""Noa1"", ""Naa25"", ""Timm17a"", ""Eif2s2"", ""Rpl10a"", ""Denr"", ""Nol9"", ""Mettl16"", ""Etf1"", ""Uck2"", ""Stip1"", ""Rpp38"", ""Dis3"", ""Cox7b"", ""Akap1"", ""Mrps7"", ""Snx5"", ""Mrps14"", ""Rps15"", ""Dars"", ""Psmb2"", ""Cyc1"", ""Rps3a1"")"
"362","TABULA_MURIS_SENIS_GONADAL_ADIPOSE_TISSUE_ENDOTHELIAL_CELL_AGEING","9.86270916300065e-05","0.00193707661129482","0.538434096309916","0.462497070911404","1.50541998073437","384","c(""Npm1"", ""Eif5a"", ""Hspe1"", ""Rpl14"", ""Ncl"", ""Ranbp1"", ""Ppa1"", ""Set"", ""Nop56"", ""Hsp90aa1"", ""Dkc1"", ""Lyar"", ""Ybx1"", ""Erh"", ""Pebp1"", ""Fam162a"", ""Cacybp"", ""Ebna1bp2"", ""Cycs"", ""Prmt1"", ""Rpsa"", ""Phb"", ""Eif2s1"", ""Rexo2"", ""Cnbp"", ""Phb2"", ""Eif3g"", ""Rpl3"", ""Pno1"", ""Galk1"", ""Ppid"", ""Prdx1"", ""Txnl4a"", ""Hspa4"", ""Psmb5"", ""Srsf7"", ""Serbp1"", ""Tkt"", ""Timm13"", ""Cox5a"", ""Park7"", ""Exosc5"", ""Rpl8"", ""Snrpd3"", ""Srsf2"", ""Ptma"", ""Psmd7"", ""Rbmxl1"", ""Snrpa"", ""Snrpa1"", ""St13"", ""Sod2"", ""Polr2e"", ""Smco4"", ""Mtdh"", ""Lsm2"", ""Eif6"", 
""Denr"", ""Eif1ax"", ""Ahsa1"", ""Cops7a"", ""Mrpl42"", ""Pdia6"", ""Rpl13"", ""Rps5"", ""Imp4"", ""Farsb"", ""Btf3"", ""Dph5"", ""Psme2"", ""Mrps24"", ""Srsf6"", ""Banf1"", ""Egfl7"", ""Rps20"", ""Mrps7"", ""Slc25a3"", ""Abcb1b"", ""Rpn1"", ""Psma5"", ""Psma3"", ""Snrpb"", ""Manf"", ""Mrps15"", ""Mrps14"", ""Hnrnpd"", ""Bola3"", ""Nme2"", ""Ube2e1"", ""Pold2"", ""Hmgn1"", ""Dpy30"", ""Cltb"", ""Magoh"", ""Sgf29"", ""Tmed5"", ""Rps3a1"", ""Atp5d"", ""Qdpr"", ""Rplp0"", ""Dtd1"", ""Rheb"", ""Rps3"", ""Hras"")"
"363","TABULA_MURIS_SENIS_MARROW_NK_CELL_AGEING","0.00198145845847028","0.0213201956084935","0.431707695803346","0.4798529013911","1.50799308517779","215","c(""Atp5g1"", ""Mrto4"", ""Rpl14"", ""Gar1"", ""Dctpp1"", ""Mrpl12"", ""Ybx1"", ""Erh"", ""Pebp1"", ""Aprt"", ""Cycs"", ""Rexo2"", ""Eef1d"", ""Eif3g"", ""Rps18"", ""Npm3"", ""Psma7"", ""Timm13"", ""Cox5a"", ""Park7"", ""Mrpl17"", ""Exosc5"", ""Snrpd3"", ""Ptma"", ""Wdr18"", ""Guk1"", ""Uqcrq"", ""Snrpa1"", ""Polr2e"", ""Lsm2"", ""Wdr83os"", ""Mrpl19"", ""Atp5g3"", ""Rpl10a"", ""Psmg1"", ""Lsm4"", ""U2af1"", ""Mrpl54"", ""Rpl13"", ""Mrpl36"", ""Gadd45gip1"", ""Psme2"", ""Mrps24"", ""Clpp"", ""Gpx1"", ""Rpl22l1"", ""Ndufa5"", ""Thyn1"", ""Tuba4a"", ""Rps20"", ""Atp5o"", ""Med29"", ""Krtcap2"", ""Fkbp3"", 
""Snrpb"", ""Mrps15"", ""Nme2"", ""Mrps34"", ""Psmb2"", ""Mrps12"", ""Pfdn6"", ""Atp5d"", ""Sdhb"", ""Rpl18"", ""Rps3"", ""Nme6"", ""Mrps17"", ""Ndufs7"", ""Psmb6"", ""Bcl2a1b"", ""Pgls"", ""Pin1"", ""Sf3b5"", ""Zc3h8"")"
"364","GOBP_PROTEIN_LOCALIZATION_TO_NUCLEUS","0.00323500556456321","0.0311811040550757","0.431707695803346","0.505421892514711","1.5100361628419","125","c(""Npm1"", ""Hsp90ab1"", ""Ran"", ""Hsp90aa1"", ""Nolc1"", ""Rrs1"", ""Phb2"", ""Calr"", ""Rangrf"", ""Park7"", ""Rpf2"", ""Pinx1"", ""Ipo4"", ""Ipo5"", ""Nol8"", ""Polr1a"", ""Parp1"", ""Hdgf"", ""Heatr3"", ""Akap1"", ""Tfrc"", ""Ipo7"", ""Ppp3ca"", ""Nutf2"", ""Irs1"", ""Nup93"", ""Pin1"", ""Kpnb1"", ""Tgfb2"", ""Nmd3"", ""Nup54"", ""Nup188"")"
"365","ZFP985_UNIPROT_Q5U4F7_UNREVIEWED_TARGET_GENES","0.00287045091318608","0.0284810311195885","0.431707695803346","0.497024809500009","1.51065704562085","152","c(""C1qbp"", ""Hsp90ab1"", ""Gnl3"", ""Shmt1"", ""Dkc1"", ""Nop58"", ""Erh"", ""Tomm40"", ""Ptges3"", ""Eprs"", ""Prdx1"", ""Hsph1"", ""Aars"", ""Park7"", ""Pus1"", ""St6galnac4"", ""Hspbp1"", ""Rsl24d1"", ""Eif2b3"", ""Thumpd3"", ""Banf1"", ""Rpl5"", ""Mrpl2"", ""Fkbp3"", ""Snx5"", ""Got1"", ""Taf1d"", ""Trmt1"", ""Ifrd1"", ""Pfkp"", ""Rabggtb"", ""Pkib"", ""Metap2"", ""Pgls"", ""Rpl27a"", ""Dpy19l1"", ""Nubp1"", ""Ptp4a1"", ""Mrps22"", ""Snhg6"", ""Rnf149"", ""Zc3h18"")"
"366","MILI_PSEUDOPODIA_HAPTOTAXIS_UP","0.00221385281363296","0.0232022880400609","0.431707695803346","0.489385860382221","1.51380392288444","181","c(""Npm1"", ""Gpatch4"", ""Dkc1"", ""Cacybp"", ""Gtpbp4"", ""Wdr43"", ""Mtap"", ""Nifk"", ""Tsr1"", ""Pno1"", ""Eif1a"", ""Wdr75"", ""Pum3"", ""Mak16"", ""Rpf2"", ""Utp14a"", ""St13"", ""Cdv3"", ""Strap"", ""Smco4"", ""Naa50"", ""Gspt1"", ""Ccnd2"", ""Eif2s2"", ""Idi1"", ""Eif5b"", ""Rpl21"", ""Nap1l1"", ""Thumpd3"", ""Eif3j1"", ""Pdcd5"", ""Gnl2"", ""Nudcd2"", ""Tomm70a"", ""Aasdhppt"", ""Rps20"", ""Ak6"", ""Ddx10"", ""Rwdd1"", ""Ivns1abp"", ""Fkbp3"", ""Snx5"", ""Mrps14"", ""Carnmt1"", ""Gmps"", ""Ola1"", ""Fastkd2"", ""Ppp3ca"", ""Cisd1"", ""Psmd6"", ""Metap2"", ""Pdss1"", ""Htatsf1"", ""Serf1"", ""Uchl5"", 
""Mrpl47"", ""Ptp4a1"", ""Mrps22"", ""Nup54"", ""Nudt2"", ""Snhg6"", ""Orc2"", ""Naa15"", ""Ccnh"", ""Txnl1"", ""Chek1"")"
"367","GOBP_CELLULAR_CATABOLIC_PROCESS","0.000112919002270835","0.002167224865647","0.538434096309916","0.46689747647248","1.51500056757608","358","c(""Npm1"", ""Mrto4"", ""Mettl1"", ""Apex1"", ""Shmt1"", ""Nsun2"", ""Dkc1"", ""Dctpp1"", ""Ybx1"", ""Hspa8"", ""Gcsh"", ""Shmt2"", ""Ldha"", ""Phb2"", ""Calr"", ""Prdx1"", ""Ppat"", ""Thop1"", ""Park7"", ""Syncrip"", ""Exosc5"", ""Naf1"", ""Exosc7"", ""Slc7a5"", ""Endog"", ""Nudt19"", ""Exosc1"", ""Lsm7"", ""Mtdh"", ""Lsm2"", ""Lrpprc"", ""Gspt1"", ""Larp1"", ""Hk2"", ""Adh5"", ""Myc"", ""Magohb"", ""Pop1"", ""Lsm4"", ""Tbrg4"", ""Eif4g1"", ""Rnf43"", ""Mettl16"", ""Gusb"", ""Etf1"", ""Usp10"", ""Timp3"", ""Nudt5"", ""Hint1"", ""Gpx1"", ""Lsm6"", ""Pycrl"", ""Dis3"", ""Hnrnpab"", ""Acsl5"", ""Bcat1"", ""Aasdhppt"", 
""Mme"", ""Hnrnpd"", ""Atp2a2"", ""Scarb1"", ""Magoh"", ""Got1"", ""Fastkd2"", ""Bcl2"", ""Cisd1"", ""Dut"", ""Dnph1"", ""Eci1"", ""Pabpc4"", ""Qdpr"", ""Creg1"", ""Irs1"", ""Pgd"", ""Prdx3"", ""Txnrd1"", ""Cbs"", ""Hprt"", ""Bid"", ""Exosc8"", ""E2f1"")"
"368","TABULA_MURIS_SENIS_BLADDER_ENDOTHELIAL_CELL_AGEING","0.00266335577807518","0.0267501670529968","0.431707695803346","0.493748797070898","1.51784760927833","167","c(""Eif5a"", ""Rps2"", ""Eif4a1"", ""Rpl14"", ""Fbl"", ""Hspa9"", ""Hsp90aa1"", ""Nolc1"", ""Nop58"", ""Mat2a"", ""Odc1"", ""Hspa5"", ""Eprs"", ""Hsph1"", ""Impdh2"", ""Tpi1"", ""Srsf7"", ""Eif1a"", ""Naf1"", ""Nop14"", ""Tomm20"", ""Rps12"", ""Snhg12"", ""Eif2s2"", ""Hk2"", ""Eif6"", ""Rpl21"", ""Aldoa"", ""U2af1"", ""Etf1"", ""Nol10"", ""Trib1"", ""Nars"", ""Tuba4a"")"
"369","CEBPG_TARGET_GENES","0.00412252324525513","0.0367122217570468","0.407017918923954","0.518263766856725","1.52660943271372","103","c(""Eif4a1"", ""Ran"", ""Hspa9"", ""Hsp90aa1"", ""Gtpbp4"", ""Rcc2"", ""Prmt3"", ""Mdn1"", ""Aars"", ""Vars"", ""Srsf2"", ""Uqcrq"", ""Psat1"", ""Eif2s2"", ""Ruvbl2"", ""Iars"", ""Mrpl54"", ""Mcm3"", ""Gars"", ""Nars"", ""Yars"", ""Bcat1"", ""Morf4l2"", ""Pdap1"", ""Asns"", ""Got1"", ""Pfkp"", ""Tars"", ""Cars"", ""Crls1"", ""Josd1"", ""Lars"", ""Chac1"")"
"370","GOBP_MONOCARBOXYLIC_ACID_METABOLIC_PROCESS","0.00224393914858607","0.0233981654857111","0.431707695803346","0.49706677007141","1.52804748706306","167","c(""Mif"", ""Fabp5"", ""Pgam1"", ""Ldha"", ""Ptges3"", ""Phgdh"", ""Galk1"", ""Tpi1"", ""Prmt3"", ""Park7"", ""Ndufab1"", ""Nudt19"", ""Fasn"", ""Rpp14"", ""Hk2"", ""Eif6"", ""Adh5"", ""Myc"", ""Aldoa"", ""Mecr"", ""Gpx1"", ""Acsl5"", ""Elovl4"", ""Adpgk"", ""Hacd1"", ""Acaca"", ""Eci1"", ""Pfkp"", ""Irs1"", ""Pgd"", ""Erlin1"")"
"371","GOMF_ADENYL_NUCLEOTIDE_BINDING","1.28697172517703e-05","0.000346515626473722","0.593325476396405","0.463921490926538","1.52889312831128","484","c(""Nme1"", ""Npm1"", ""Hsp90ab1"", ""Hspd1"", ""Hspe1"", ""Eif4a1"", ""Hspa9"", ""Hsp90aa1"", ""Atad3a"", ""Cct3"", ""G3bp1"", ""Pebp1"", ""Aprt"", ""Gart"", ""Hspa8"", ""Cct8"", ""Fkbp4"", ""Mat2a"", ""Mthfd1"", ""Ddx21"", ""Ldha"", ""Hspa5"", ""Phgdh"", ""Abce1"", ""Cct5"", ""Eprs"", ""Galk1"", ""Hsph1"", ""Hspa4"", ""Ddx27"", ""Slc19a1"", ""Ctps"", ""Ddx18"", ""Nat10"", ""Aars"", ""Tcp1"", ""Cdk4"", ""Cad"", ""Vars"", ""Spata5"", ""Guk1"", ""Rars"", ""Hspbp1"", ""St13"", ""Ruvbl1"", ""Hsp90b1"", ""Cct2"", ""Kti12"", ""Atp5b"", ""Hk2"", ""Cct7"", ""Ruvbl2"", ""Nol9"", ""Parp1"", ""Iars"", ""Eif4g1"", ""Idh3a"", 
""Farsb"", ""Uck2"", ""Cdk6"", ""Dhx29"", ""Mcm3"", ""Gars"", ""Trib1"", ""Bag2"", ""Pdxk"", ""Ddx56"", ""Nars"", ""Yars"", ""Acsl5"", ""Kars"", ""Ak6"", ""Trap1"", ""Abcf2"", ""Mcm2"", ""Abcb1b"", ""Ddx10"", ""Thg1l"", ""Hyou1"", ""Nme2"", ""Adk"", ""Dtymk"", ""Dars"", ""Ube2e1"", ""Atp2a2"", ""Mcm6"", ""Paics"", ""Acaca"", ""Asns"", ""Gmps"", ""Ola1"", ""Pfas"", ""Xrcc5"", ""Gsr"", ""Camkk2"", ""Cdc34"", ""Qdpr"", ""Pfkp"", ""Nme4"", ""Ak2"", ""Suclg2"", ""Nek6"", ""Tars"", ""Nme6"", ""Ppp5c"", ""Pgd"", ""Cars"", ""Stk39"", ""Prkar2a"")"
"372","UTP3_TARGET_GENES","2.80985830976258e-05","0.000657736220672996","0.575610261071129","0.470773966533759","1.53150493361715","377","c(""Rps2"", ""Eif4a1"", ""Pa2g4"", ""Ranbp1"", ""Gar1"", ""Hspa9"", ""Gpatch4"", ""Nop56"", ""Hsp90aa1"", ""Cct3"", ""Mrpl12"", ""Rrp15"", ""Cacybp"", ""Gtpbp4"", ""Ppia"", ""Eif3b"", ""Ppp1r14b"", ""Phb2"", ""Pus7"", ""Mrps28"", ""Eprs"", ""Eef1b2"", ""Rps19"", ""Prdx1"", ""Polr1b"", ""Srsf7"", ""Serbp1"", ""Prmt3"", ""Sigmar1"", ""Aatf"", ""Dctd"", ""Rps27l"", ""Rps8"", ""Srsf2"", ""Uchl3"", ""Glrx3"", ""Mri1"", ""Hspbp1"", ""Zmynd19"", ""Ndufa12"", ""Snhg12"", ""Naa25"", ""Wdr83os"", ""Naa50"", ""Trmt6"", ""Cyp51"", ""Polr3e"", ""Aldoa"", ""U2af1"", ""Rps19bp1"", ""Pdcd5"", ""Rnf43"", ""Mettl16"", 
""Rpl13"", ""Rps5"", ""Mrps10"", ""Dhx29"", ""Eif3i"", ""Mrpl21"", ""Banf1"", ""Hint1"", ""Gpx1"", ""Tuba4a"", ""Yars"", ""Bcat1"", ""Egfl7"", ""Rps20"", ""Rps17"", ""Ak6"", ""Alad"", ""Trap1"", ""Mrps7"", ""Rcc1"", ""Kcnn2"", ""Ppie"", ""Stoml2"", ""Snx5"", ""Mrps14"", ""Ssrp1"", ""Adsl"", ""Asns"", ""Xrcc5"", ""Hirip3"", ""Tmed5"", ""Alg8"", ""Sf3b3"", ""Ifrd1"", ""Pfkp"", ""Rps6"", ""Tars"", ""Pole3"", ""Mrpl11"", ""Ndufs7"", ""Nup93"", ""Drg2"", ""Prr5"", ""Syce2"", ""Crls1"", ""Wdr12"", ""Psmd1"", ""Relb"", ""Irak1"", ""Rab26os"", ""Psmd3"", ""Nubp1"", ""Tgfb2"", ""Phlda3"", ""Dus1l"", ""Ptp4a1"", ""Klhdc4"", 
""Nup188"", ""Rfc4"", ""Ing5"", ""Pdia3"", ""Tipin"", ""Sfpq"", ""Mthfd1l"")"
"373","GOMF_ATP_DEPENDENT_ACTIVITY","0.000387296377677676","0.00587533275326488","0.49849310876659","0.4917597231462","1.53248174650009","201","c(""Hsp90ab1"", ""Hspd1"", ""Eif4a1"", ""Hspa9"", ""Hsp90aa1"", ""Atad3a"", ""Cct3"", ""G3bp1"", ""Hspa8"", ""Cct8"", ""Ddx21"", ""Hspa5"", ""Abce1"", ""Cct5"", ""Hsph1"", ""Hspa4"", ""Ddx27"", ""Ddx18"", ""Tcp1"", ""Spata5"", ""Tomm20"", ""Ruvbl1"", ""Hsp90b1"", ""Cct2"", ""Atp5b"", ""Cct7"", ""Ruvbl2"", ""Dhx29"", ""Mcm3"", ""Clpp"", ""Ddx56"", ""Acsl5"", ""Atp5o"", ""Trap1"", ""Abcf2"", ""Mcm2"", ""Abcb1b"", ""Ddx10"", ""Hyou1"", ""Atp2a2"", ""Mcm6"", ""Ola1"", ""Xrcc5"")"
"374","ND5_UNIPROT_A0A023J5X2_UNREVIEWED_TARGET_GENES","0.00231471760303913","0.0239619232011362","0.431707695803346","0.505220953544371","1.53480480633159","143","c(""Gar1"", ""Gpatch4"", ""Ebna1bp2"", ""Cct8"", ""Timm10"", ""Ppp1r14b"", ""Phb2"", ""Polr2f"", ""Hspa5"", ""Smyd5"", ""Pprc1"", ""Psma7"", ""Chchd4"", ""Wdr74"", ""Syncrip"", ""Aatf"", ""Rrp12"", ""Spata5"", ""Ipo4"", ""Rbmxl1"", ""Psme3"", ""Hk2"", ""Nufip1"", ""Nup43"", ""Yrdc"", ""Yars"", ""Akap1"", ""Dynll1"", ""Hmgn1"", ""Psmb2"", ""Mid1"", ""Cars"", ""Otud4"", ""Hars"", ""Pmm1"", ""Orai1"", ""Syce2"", ""Tcof1"", ""Relb"", ""Ddx46"", ""Pdgfa"")"
"375","NLRC5_TARGET_GENES","1.69106801978287e-05","0.00043951159189072","0.575610261071129","0.469968506614064","1.53529743058234","390","c(""Nme1"", ""Atp5g1"", ""Pa2g4"", ""Hspa9"", ""Nsun2"", ""Erh"", ""Grwd1"", ""Cct8"", ""Ftsj3"", ""Ifrd2"", ""Hivep3"", ""Tomm5"", ""Pgam1"", ""Phb"", ""Nop16"", ""Rexo2"", ""Cct5"", ""Nop10"", ""Pno1"", ""Mphosph10"", ""Hsph1"", ""Rps18"", ""Psmb5"", ""Pprc1"", ""Ddx18"", ""Nat10"", ""Rps27a"", ""Serbp1"", ""Wdr77"", ""Wdr75"", ""Chchd4"", ""Bysl"", ""Timm13"", ""Wdr46"", ""Exosc5"", ""Prpf19"", ""Rps8"", ""Mak16"", ""Snrpd3"", ""Nop14"", ""Srsf2"", ""Larp4"", ""St13"", ""Rps25"", ""Hsp90b1"", ""Rps12"", ""Snhg12"", ""Lsm2"", ""Noa1"", ""Umps"", ""Kti12"", ""Rpp14"", ""Lrpprc"", ""Mrpl19"", ""Pes1"", ""Gspt1"", 
""Eif2s2"", ""Wdr36"", ""Eif3c"", ""Ahsa1"", ""Hdgf"", ""Tbrg4"", ""Eif4g1"", ""Mrpl54"", ""Rps5"", ""Farsb"", ""Dnajc2"", ""Mrps10"", ""Nudt5"", ""Prmt5"", ""Nars"", ""Dis3"", ""Yars"", ""Atp5o"", ""Ak6"", ""Trap1"", ""Abcf2"", ""Cinp"", ""Thg1l"", ""Rpn1"", ""Gtf3a"", ""Rpl4"", ""Prpf31"", ""Sac3d1"", ""Adk"", ""Pdap1"", ""Sec61b"", ""Ppih"", ""Adsl"", ""Hirip3"", ""Sgf29"", ""Pfdn6"", ""Mid1"", ""Rps3a1"", ""Trmt1"", ""Ifrd1"", ""Mrpl55"", ""Yif1b"", ""Pabpc4"", ""Rpl18"", ""Smn1"", ""Nutf2"", ""Rps3"", ""Fdps"", ""Pole3"", ""Nasp"", ""Ndc1"", ""Ndufs7"", ""Dph3"", ""Drg2"", ""Pin1"", ""Psmc5"", ""Pmm1"", 
""Wdr12"", ""Pradc1"", ""Psmd1"", ""Mrps5"", ""Eftud2"", ""Rab26os"", ""Psmd3"")"
"376","ZFP810_TARGET_GENES","0.00507318367513372","0.0425397231549132","0.407017918923954","0.518625315067317","1.53725261635147","117","c(""Eif5a"", ""Hsp90ab1"", ""Gnl3"", ""Shmt1"", ""Nop58"", ""Fam162a"", ""Hspa8"", ""Wdr43"", ""Abce1"", ""Tfap4"", ""Pprc1"", ""Timm13"", ""Ndufab1"", ""Prpf19"", ""Rps8"", ""Polr2e"", ""Atp5b"", ""Atp5g3"", ""Cops7a"", ""Bola2"", ""Rpl22l1"", ""Ppif"", ""Yars"", ""Akap1"", ""Aasdhppt"", ""Mthfd2"", ""Tfrc"", ""Psma3"", ""Baz1a"", ""Adk"", ""Carnmt1"", ""Taf1d"", ""Chsy1"")"
"377","ELK4_TARGET_GENES","0.000421629079499921","0.00631342760034477","0.49849310876659","0.489370341061654","1.54121693459694","223","c(""Hspd1"", ""Hspe1"", ""Gar1"", ""Hspa9"", ""Hsp90aa1"", ""Shmt1"", ""Nsun2"", ""Erh"", ""Noc2l"", ""Ebna1bp2"", ""Cycs"", ""Mrps18b"", ""Aen"", ""Phb2"", ""Polr2h"", ""Eef1b2"", ""Rps19"", ""Psmb5"", ""Rps27a"", ""Wdr75"", ""Wdr46"", ""Tcp1"", ""Vars"", ""Rps27l"", ""Psmd7"", ""Hspbp1"", ""Rps12"", ""Polr2e"", ""Bola2"", ""Gusb"", ""Imp4"", ""Mrpl36"", ""Nudcd2"", ""Nars"", ""Atp5o"", ""Ak6"", ""Dynll1"", ""Wdr3"", ""Vdac2"", ""Cinp"", ""Rpn1"", ""Manf"", ""Snx5"", ""Adk"", ""Pfdn6"", ""Rpl18"", ""Rabggtb"", ""Smn1"", ""Nme6"", ""Ciapin1"", ""Ndc1"", ""Ndufs7"", ""Pin1"", ""Rev1"", ""Mrps5"", ""Eftud2"", 
""Nfix"", ""Sf3a1"", ""Psmd12"", ""Phlda3"", ""Klhdc4"", ""Dnlz"", ""Txndc17"", ""Pdia3"", ""Dusp18"", ""Mtx1"")"
"378","GOBP_FATTY_ACID_METABOLIC_PROCESS","0.00602925400697892","0.0480914766759723","0.407017918923954","0.524929569289472","1.5462429990668","99","c(""Mif"", ""Fabp5"", ""Ptges3"", ""Ndufab1"", ""Nudt19"", ""Fasn"", ""Rpp14"", ""Eif6"", ""Adh5"", ""Mecr"", ""Gpx1"", ""Acsl5"", ""Elovl4"", ""Hacd1"", ""Acaca"", ""Eci1"", ""Irs1"", ""Erlin1"")"
"379","L3MBTL2_TARGET_GENES","0.00416936427590815","0.0369571933884594","0.407017918923954","0.539242232321988","1.54667194754628","79","c(""Mrto4"", ""Apex1"", ""Nop56"", ""Shmt1"", ""Nop58"", ""Ung"", ""Smyd2"", ""Timm13"", ""Uqcc2"", ""Cct7"", ""Tbrg4"", ""Cops7a"", ""Bcap29"", ""Cdca7l"", ""Tfrc"", ""Eci1"", ""Pelp1"", ""Zfp771"", ""Osgep"", ""Pradc1"", ""Dpy19l1"", ""Ptp4a1"", ""Pdia3"")"
"380","PCGF5_TARGET_GENES","0.00151294484313024","0.0175236349603953","0.45505986738723","0.503368182040068","1.54741884178523","167","c(""Rps2"", ""Hsp90ab1"", ""Eif4a1"", ""Mrpl12"", ""Aprt"", ""Cct8"", ""Pgam1"", ""Ldha"", ""Ptges3"", ""Cct5"", ""Ybx3"", ""Nop2"", ""Nip7"", ""Ppid"", ""Polr1b"", ""Impdh2"", ""Pprc1"", ""Npm3"", ""Nat10"", ""Wdr75"", ""Wdr46"", ""Mrpl17"", ""Cad"", ""Ipo4"", ""Hdgf"", ""Yrdc"", ""Pcbp1"", ""Prmt5"", ""Nars"", ""Lrrc59"", ""Egfl7"", ""Atp5o"", ""Sqle"", ""Krtcap2"", ""Mrps14"", ""Hnrnpd"", ""Sac3d1"", ""Dnajc21"", ""Ppm1g"", ""Pfdn6"", ""Bcl2"", ""Snrnp40"")"
"381","ETV2_TARGET_GENES","0.0010284289965449","0.0128497609916885","0.45505986738723","0.502535003350233","1.54912030524412","171","c(""Eif5a"", ""Ppan"", ""Cacybp"", ""Ebna1bp2"", ""Rpsa"", ""Mrps18b"", ""Ddx21"", ""Rrp9"", ""Rpl36al"", ""Tsr1"", ""Nip7"", ""Llph"", ""Ppid"", ""Rps19"", ""Srsf7"", ""Ddx18"", ""Pum3"", ""Park7"", ""Brix1"", ""Prpf19"", ""Snrpd3"", ""Rars"", ""Glrx5"", ""Hsp90b1"", ""Kti12"", ""Trmt6"", ""Noc3l"", ""Thumpd3"", ""Tbrg4"", ""Cops7a"", ""Bola2"", ""Btf3"", ""Trib1"", ""Egfl7"", ""Rps17"", ""Thg1l"", ""Snrpb"", ""Dtymk"", ""Ppm1g"", ""Rps6"", ""Rps3"", ""Tnfrsf9"", ""Mogs"", ""Phf5a"", ""Dph3"", ""Pin1"", ""Kpnb1"", ""Wdr12"", ""Dcaf13"", ""Ddx46"", ""Txndc5"", ""Rpn2"", ""Psmd12"")"
"382","ZENG_GU_POST_ICB_METAGENE_22","0.00501557353444723","0.0423218054483556","0.407017918923954","0.542329629718384","1.54918629275976","77","c(""Mif"", ""Atp5g1"", ""Fabp5"", ""Fam162a"", ""Wdr83os"", ""Hk2"", ""Usp50"", ""Comtd1"", ""Pla2g12a"", ""Cltb"", ""Ifrd1"", ""Higd1a"", ""Ccl4"", ""Tnfrsf9"", ""Psmb6"", ""Bcl2a1b"", ""Pgls"", ""Gadd45g"", ""Ndufs6"", ""Rilpl2"", ""Bola1"")"
"383","PPARGC1A_TARGET_GENES","2.24261119604808e-05","0.000547292562099393","0.575610261071129","0.474822566568863","1.55123647174776","398","c(""Nme1"", ""Hspd1"", ""Atp5g1"", ""Hspe1"", ""Gar1"", ""Shmt1"", ""Timm9"", ""Atad3a"", ""Rrp15"", ""Ndufaf4"", ""Grwd1"", ""Fam162a"", ""Cycs"", ""Gtpbp4"", ""Ung"", ""Hspa8"", ""Trmt61a"", ""Tomm5"", ""Mrps18b"", ""Timm10"", ""Smyd2"", ""Hspa5"", ""Calr"", ""Prdx1"", ""Wdr77"", ""Polr3h"", ""Tkt"", ""Timm13"", ""Sigmar1"", ""Cox5a"", ""Park7"", ""Tmem97"", ""Ndufab1"", ""Nop14"", ""Spata5"", ""Uqcrq"", ""Hsp90b1"", ""Polr2e"", ""Cluh"", ""Mrpl19"", ""Atp5b"", ""Atp5g3"", ""Ccnd2"", ""Mrpl20"", ""Myc"", ""Wdr36"", ""Thumpd3"", ""Pop1"", ""Tbrg4"", ""Uck2"", ""Dph5"", ""Gars"", ""Trib1"", ""Tomm70a"", 
""Eif3i"", ""Nudt5"", ""Banf1"", ""Ddx56"", ""Ndufa5"", ""Lrrc59"", ""Akap1"", ""Atp5o"", ""Trap1"", ""Slc25a3"", ""Tfrc"", ""Chchd2"", ""Manf"", ""Mrps15"", ""Acaca"", ""Asns"", ""Magoh"", ""Mtx2"", ""Got1"", ""Ppp3ca"", ""Bcl2"", ""Rabggtb"", ""Mrpl38"", ""Nucks1"", ""Dtd1"", ""Pkib"", ""Knop1"", ""Tnfrsf9"", ""Pdss1"", ""Ndufs7"", ""Phf5a"", ""L2hgdh"", ""Dph3"", ""Txnrd1"", ""Mrps27"", ""Drg2"", ""Pgls"", ""Tpst1"", ""Rev1"", ""Orai1"", ""Kpnb1"", ""Pradc1"", ""Ndufa10"", ""Gfm1"", ""Rpl27a"", ""Ndufa4"", ""Usp14"", ""Samm50"", ""Nup54"", ""Chd7"", ""Rfc4"", ""Got2"", ""Gadd45b"", ""Stard7"", ""Ncbp1"", 
""Larp1b"", ""Slc25a5"", ""P2ry2"")"
"384","RUVBL1_TARGET_GENES","0.0001703968409266","0.00305383088348141","0.518848077743792","0.487867349482291","1.55152089032987","265","c(""Rpl14"", ""Gar1"", ""Shmt1"", ""Nsun2"", ""Fam162a"", ""Mybbp1a"", ""Gtpbp4"", ""Mrps18b"", ""Eef1g"", ""Timm10"", ""Wdr43"", ""Eif2s1"", ""Aen"", ""Cnbp"", ""Cct5"", ""Eprs"", ""Bop1"", ""Nip7"", ""Prdx1"", ""Tpi1"", ""Ppat"", ""Ctps"", ""Nat10"", ""Serbp1"", ""Wdr77"", ""Chchd4"", ""Park7"", ""Tcp1"", ""Brix1"", ""Rps27l"", ""Mak16"", ""Canx"", ""Wdr4"", ""Naa25"", ""Gspt1"", ""Thumpd1"", ""Mrpl20"", ""Denr"", ""Lsm4"", ""U2af1"", ""Nufip1"", ""Nol10"", ""Btf3"", ""Dhx29"", ""Psme2"", ""Tomm70a"", ""Gpx1"", ""Prmt5"", ""Akap1"", ""Kars"", ""Mme"", ""Dynll1"", ""Ttc27"", ""Thg1l"", ""Ivns1abp"", ""Tcerg1"", 
""Hnrnpd"", ""Pdap1"", ""Ppih"", ""Mcm6"", ""Paics"", ""Pole4"", ""Asns"", ""Mrps6"", ""Ppm1g"", ""Mrps12"", ""Mtx2"", ""Sgf29"", ""Tmed5"", ""Mrps18a"", ""Sf3b3"", ""Smn1"", ""Nutf2"", ""Tars"", ""Mrpl11"", ""Nasp"", ""Ndufs7"", ""Mrps27"", ""Zfp771"", ""Exosc8"", ""Crls1"", ""Pradc1"", ""Thoc3"", ""Rpn2"", ""Usp14"")"
"385","NRD1_TARGET_GENES","0.000456647157492879","0.00673231734761353","0.49849310876659","0.494797292647781","1.55172490785299","213","c(""Npm1"", ""Hsp90ab1"", ""Eif4a1"", ""Ncl"", ""Nop56"", ""Cct3"", ""Mrpl12"", ""Rrp15"", ""Rcl1"", ""Hspa8"", ""Ppia"", ""Mat2a"", ""Phb2"", ""Hspa5"", ""Phgdh"", ""Tsr1"", ""Calr"", ""Nip7"", ""Rpl3"", ""Nop10"", ""Ppid"", ""Prdx1"", ""Rps18"", ""Snrpd1"", ""Srsf7"", ""Ddx18"", ""Surf2"", ""Wdr74"", ""Brix1"", ""Rpl8"", ""Srsf2"", ""Rpf2"", ""Ptma"", ""Utp14a"", ""Ccnd2"", ""Myc"", ""Eif3j1"", ""Rps19bp1"", ""Pcbp1"", ""Trib1"", ""Mrpl21"", ""Rpl22l1"", ""Ddx56"")"
"386","WDR5_TARGET_GENES","0.00221706257122116","0.0232022880400609","0.431707695803346","0.506474160657256","1.55317631659668","162","c(""Rps2"", ""Atad3a"", ""Noc2l"", ""Ung"", ""Fkbp4"", ""Eef1g"", ""Rexo2"", ""Ltv1"", ""Rpl3"", ""Rps18"", ""Serbp1"", ""Wdr77"", ""Rpl8"", ""Prpf19"", ""Dctd"", ""Rps8"", ""Uqcc2"", ""Prmt7"", ""Glrx5"", ""Rps12"", ""Naa50"", ""Rpl10a"", ""Eif6"", ""Pwp1"", ""Cops7a"", ""Eif4g1"", ""Rpl13"", ""Cdk6"", ""Tomm70a"", ""Clpp"", ""Rpl5"", ""Dis3"", ""Rps17"", ""Alad"", ""Telo2"", ""Ddx10"", ""Cinp"", ""Hyou1"", ""Snrpb"", ""Mrps15"", ""Rps15"", ""Hmgn1"", ""Sgf29"", ""Chchd6"", ""Rpl18"", ""Smn1"", ""Knop1"", ""Serf1"", ""Ppil1"", ""Syce2"", ""Rpl36a"", ""Tcof1"", ""Dcaf13"", ""Pradc1"", ""Psmd3"")"
"387","PWWP2B_TARGET_GENES","0.000517307127664007","0.0074168909428827","0.477270815362862","0.501783495985556","1.55624044317545","187","c(""Eif5a"", ""Hsp90ab1"", ""Mettl1"", ""Ran"", ""Nop56"", ""Hsp90aa1"", ""Timm9"", ""Ppan"", ""Lap3"", ""Utp18"", ""Ptges3"", ""Bop1"", ""Rpl3"", ""Rps19"", ""Prdx1"", ""Pprc1"", ""Ece2"", ""Wdr77"", ""Prmt3"", ""Syncrip"", ""Cdk4"", ""Ndufab1"", ""Prpf19"", ""Rps27l"", ""Srsf2"", ""Wdr4"", ""Psat1"", ""Snhg12"", ""Atp5g3"", ""Hk2"", ""Rpl10a"", ""Rpl21"", ""Rps5"", ""Nudcd2"", ""Mrpl21"", ""Mme"", ""Adpgk"", ""Atp5o"", ""Clns1a"", ""Slc25a3"", ""Vdac2"", ""Snx5"", ""Hnrnpd"", ""Cdca7"", ""Ssrp1"", ""Ube2e1"", ""Pole4"", ""Dpy30"", ""Acaca"", ""Immt"", ""Ampd2"", ""Ndrg1"", ""Rif1"", ""Camkk2"", ""Pelp1"", 
""Rps3"", ""Mrpl11"", ""Ndufs7"", ""Otud4"", ""Pradc1"", ""Mrps5"", ""Josd1"", ""Rpn2"", ""Nubp1"", ""Slc16a6"", ""Samm50"", ""Ptp4a1"")"
"388","GOBP_GENERATION_OF_PRECURSOR_METABOLITES_AND_ENERGY","0.000821711559056494","0.0109339113484663","0.477270815362862","0.505209019358489","1.55736325840623","171","c(""Mybbp1a"", ""Cycs"", ""Pgam1"", ""Shmt2"", ""Ldha"", ""Phb2"", ""Ptges3"", ""Galk1"", ""Tpi1"", ""Tkt"", ""Chchd4"", ""Cox5a"", ""Park7"", ""Ndufab1"", ""Uqcc2"", ""Uqcrq"", ""Ndufa12"", ""Sod2"", ""Atp5b"", ""Hk2"", ""Eif6"", ""Adh5"", ""Myc"", ""Aldoa"", ""Idh3a"", ""Gadd45gip1"", ""Ndufa5"", ""Ppif"", ""Cox7b"", ""Adpgk"", ""Atp5o"", ""Trap1"", ""Fxn"", ""Chchd2"", ""Stoml2"", ""Adsl"", ""Cyc1"", ""Cisd1"", ""Atp5d"", ""Sdhb"", ""Ndufb6"", ""Pfkp"", ""Atp5e"", ""Suclg2"", ""Irs1"", ""Pgd"", ""Coq7"", ""Ndufs7"", ""Uqcr11"", ""Pgls"", ""Bid"", ""Ndufa10"", ""Ndufa4"", ""Ide"", ""Ndufs6"", ""Prps1"", 
""Cox4i2"")"
"389","ELL2_TARGET_GENES","6.43112207678613e-06","0.000192096276616502","0.610526878385931","0.476583517731257","1.55850395304224","411","c(""Npm1"", ""Rps2"", ""Hsp90ab1"", ""Hspe1"", ""Eif4a1"", ""Ncl"", ""Set"", ""Nop56"", ""Hsp90aa1"", ""Nsun2"", ""Rrp15"", ""Erh"", ""Ndufaf4"", ""Gart"", ""Hspa8"", ""Cct8"", ""Rpsa"", ""Ppia"", ""Mrps18b"", ""Mat2a"", ""Ldha"", ""Rpl36al"", ""Phb2"", ""Hspa5"", ""Calr"", ""Eprs"", ""Eef1b2"", ""Rpl3"", ""Rps19"", ""Prdx1"", ""Rcc2"", ""Hspa4"", ""Rps18"", ""Psmb5"", ""Tpi1"", ""Srsf7"", ""Rps27a"", ""Wdr75"", ""Sigmar1"", ""Rps8"", ""Mak16"", ""Nop14"", ""Prmt7"", ""Srsf2"", ""Ptma"", ""Wdr4"", ""Slc7a5"", ""Psat1"", ""Hsp90b1"", ""Rps12"", ""Snhg12"", ""Fasn"", ""Ccnd2"", ""Eif2s2"", ""Noc3l"", ""Hk2"", 
""Rpl10a"", ""Cct7"", ""Myc"", ""Polr3e"", ""Aldoa"", ""Parp1"", ""Rps19bp1"", ""Cops7a"", ""Rpl13"", ""Imp4"", ""Alpl"", ""Pcbp1"", ""Mcm3"", ""Nudt5"", ""Gpx1"", ""Rpl5"", ""Prmt5"", ""Rpl22l1"", ""Nars"", ""Tuba4a"", ""Hnrnpab"", ""Rps20"", ""Rcc1"", ""Dimt1"", ""Rwdd1"", ""Ivns1abp"", ""Tfrc"", ""Rpl4"", ""Snx5"", ""Rps15"", ""Bola3"", ""Cmss1"", ""Ipo7"", ""Spry1"", ""Immt"", ""Xrcc5"", ""Sgf29"", ""Got1"", ""Rif1"", ""Dnph1"", ""Sf3b3"", ""Ifrd1"", ""Eci1"", ""Rplp0"", ""Rpl18"", ""Ak2"", ""Rabggtb"", ""Rps6"", ""Pdss1"", ""Utf1"", ""Ciapin1"", ""Ndc1"", ""Ndufs7"", ""Otud4"", ""Chchd1"", ""Txnrd1"", 
""Kpnb1"", ""Cenpv"", ""Rpl36a"", ""Pradc1"", ""Gsto1"", ""Ddx46"", ""Kdm2b"", ""Rab26os"", ""Josd1"", ""Nfix"", ""Pdgfa"", ""Etv5"", ""Rnf126"", ""Slc3a2"", ""Dus1l"", ""Slc16a6"", ""Ptp4a1"", ""Chac1"", ""Eid1"", ""Bola1"")"
"390","MARTORIATI_MDM4_TARGETS_NEUROEPITHELIUM_UP","0.0052636661660649","0.043434712895514","0.407017918923954","0.540879535897064","1.55892385901241","82","c(""Fam162a"", ""Aen"", ""Ldha"", ""Galk1"", ""Rps19"", ""Tpi1"", ""Cad"", ""Timm17a"", ""Agpat5"", ""Ccnd2"", ""Hk2"", ""Snrpf"", ""Myc"", ""Aldoa"", ""Eif4ebp1"", ""Cdk6"", ""Pla2g12a"", ""Higd1a"", ""Ndufb6"", ""Pfkp"", ""Nme4"", ""Ccdc58"", ""Sf3b5"", ""Rpl27a"", ""Phlda3"", ""Rnf126"", ""Fst"")"
"391","SRSF1_TARGET_GENES","0.00363816021517228","0.0334372577468157","0.431707695803346","0.517563964830086","1.56128004347493","134","c(""Eif5a"", ""Atp5g1"", ""Hspe1"", ""Eif4a1"", ""Nop56"", ""Timm9"", ""Gart"", ""Cct8"", ""Rpsa"", ""Ftsj3"", ""Utp18"", ""Hspa5"", ""Rpl3"", ""Prdx1"", ""Polr1b"", ""Hspa4"", ""Srsf7"", ""Cad"", ""Canx"", ""Rars"", ""Atp5b"", ""Rpl10a"", ""Rpl21"", ""Rps5"", ""Mrpl21"", ""Gpx1"", ""Ak6"", ""Rcc1"", ""Tfrc"", ""Hyou1"", ""Mtx2"", ""Mid1"", ""Taf1d"", ""Eif2b1"", ""Ndufb6"", ""Eci1"")"
"392","GOMF_MAGNESIUM_ION_BINDING","0.0053101884680377","0.0437556477933854","0.407017918923954","0.553552411347519","1.56585118753427","73","c(""Nme1"", ""Ran"", ""Ppa1"", ""Dctpp1"", ""Rexo2"", ""Tkt"", ""Endog"", ""Nudt19"", ""Idi1"", ""Idh3a"", ""Farsb"", ""Pdxk"", ""Nudt5"", ""Aasdhppt"", ""Thg1l"", ""Mthfd2"", ""Dut"", ""Nek6"", ""Rheb"")"
"393","TABULA_MURIS_SENIS_BLADDER_BLADDER_CELL_AGEING","0.000659977422551238","0.0090984868229119","0.477270815362862","0.509102262255538","1.57227546230465","173","c(""Eif5a"", ""Rps2"", ""Hsp90ab1"", ""Eif4a1"", ""Rpl14"", ""Hspa9"", ""Nop56"", ""Hsp90aa1"", ""Nop58"", ""Hspa8"", ""Rpsa"", ""Mat2a"", ""Cnbp"", ""Ldha"", ""Odc1"", ""Hspa5"", ""Ybx3"", ""Eef1d"", ""Eef1b2"", ""Hsph1"", ""Impdh2"", ""Rpl8"", ""Ptma"", ""Tomm20"", ""Rps25"", ""Rps12"", ""Snhg12"", ""Rpl21"", ""Myc"", ""Rpl13"", ""Rps5"", ""Etf1"", ""Timp3"", ""Rpl5"", ""Tuba4a"", ""Hnrnpab"", ""Rps16"", ""Rps20"", ""Rps17"", ""Slc25a3"", ""Rpl4"", ""Chchd2"", ""Rps15"", ""Cltb"", ""Ndrg1"", ""Rps3a1"", ""Ifrd1"", ""Rplp0"", ""Rpl18"", ""Rps6"", ""Rps3"")"
"394","SOX10_TARGET_GENES","3.64011401314946e-06","0.000118613942417114","0.627256739718528","0.480573721544756","1.57477409199327","428","c(""Nme1"", ""Hspd1"", ""Mrto4"", ""Hspe1"", ""Mettl1"", ""Eif4a1"", ""Pa2g4"", ""Ranbp1"", ""Ran"", ""Hspa9"", ""Nop56"", ""Hsp90aa1"", ""Mrpl12"", ""Noc2l"", ""Grwd1"", ""Cacybp"", ""Cct8"", ""Ppia"", ""Pgam1"", ""Mat2a"", ""Sdad1"", ""Eif3b"", ""Pus7"", ""Nop2"", ""Eif3g"", ""Eef1b2"", ""Rps19"", ""Prdx1"", ""Snrpd1"", ""Serbp1"", ""Wdr75"", ""Mdn1"", ""Sigmar1"", ""Tmem97"", ""Cdk4"", ""Brix1"", ""Rps27l"", ""Naf1"", ""Snrpd3"", ""Ptma"", ""Glrx3"", ""Exosc7"", ""Tomm20"", ""Snrpa1"", ""St13"", ""Sod2"", ""Glrx5"", ""Eif2b3"", ""Naa25"", ""Fasn"", ""Mrpl19"", ""Trmt6"", ""Atp5g3"", ""Eif5b"", ""Psmg1"", 
""Rpl21"", ""Mrpl20"", ""Denr"", ""Polr3e"", ""Kat2a"", ""Nol9"", ""Hdgf"", ""Pdcd5"", ""Pdia6"", ""Psmg4"", ""Rpl13"", ""Mrps10"", ""Pcbp1"", ""Trib1"", ""Mrpl21"", ""Banf1"", ""Rpp38"", ""Lrrc59"", ""Comtd1"", ""Tsfm"", ""Rps20"", ""Rps17"", ""Ak6"", ""Trap1"", ""Telo2"", ""Wdr3"", ""Vdac2"", ""Rcc1"", ""Tfrc"", ""Tcerg1"", ""Snrpb"", ""Snx5"", ""Rps15"", ""Utp15"", ""Ipo7"", ""Gga2"", ""Spry1"", ""Ppp3ca"", ""Bcl2"", ""Alg8"", ""Chchd6"", ""Dut"", ""Rps3a1"", ""Taf1d"", ""Atp5d"", ""Ifrd1"", ""Psmd6"", ""Yif1b"", ""Tspan4"", ""Rplp0"", ""Rpl18"", ""Smn1"", ""Ppp5c"", ""Coq7"", ""Ndufs7"", ""Hprt"", ""Pgls"", 
""Dcaf13"", ""Ddx46"", ""Kdm2b"", ""Eftud2"", ""Rab26os"", ""Josd1"", ""Psmd3"", ""Gfm1"", ""Rpn2"", ""Ndufs6"", ""Uchl5"", ""Usp14"", ""Dus1l"", ""Nmd3"", ""Ddx1"", ""Eid1"", ""Nup54"", ""Nup188"", ""Rfc4"", ""Rnps1"", ""Ing5"", ""Dnlz"", ""Snhg6"", ""Tipin"", ""Ccnh"", ""P4hb"", ""Txnl1"", ""Poldip2"", ""Zc3h18"")"
"395","GOBP_ESTABLISHMENT_OF_RNA_LOCALIZATION","0.00536613753371405","0.0441374530188644","0.407017918923954","0.578053247752791","1.58442637819615","61","c(""Npm1"", ""Ran"", ""Nsun2"", ""Ybx1"", ""Srsf7"", ""Tomm20"", ""Lrpprc"", ""Magohb"", ""Nup43"", ""Xpot"", ""Magoh"", ""Ndc1"", ""Nup93"", ""Kpnb1"", ""Thoc3"", ""Nup54"", ""Nup188"", ""Ncbp1"", ""Hnrnpa1"", ""Atm"", ""Ssb"", ""Ranbp2"", ""Xpo1"", ""Eif4a3"", ""Alyref"")"
"396","GOBP_PROTEIN_LOCALIZATION_TO_ORGANELLE","2.97908268830851e-05","0.000688912871671343","0.575610261071129","0.494028166790726","1.58489621464552","302","c(""Npm1"", ""Hsp90ab1"", ""Hspd1"", ""Gnl3"", ""Ran"", ""Hsp90aa1"", ""Timm9"", ""Nolc1"", ""Dkc1"", ""Cct3"", ""Ybx1"", ""Rrs1"", ""Tomm40"", ""Hspa8"", ""Cct8"", ""Tomm5"", ""Timm10"", ""Phb2"", ""Hspa5"", ""Cct5"", ""Calr"", ""Rcc2"", ""Hspa4"", ""Rangrf"", ""Chchd4"", ""Timm13"", ""Park7"", ""Tcp1"", ""Rpf2"", ""Pinx1"", ""Ipo4"", ""Tomm20"", ""Ipo5"", ""Nol8"", ""Cct2"", ""Polr1a"", ""Wdr83os"", ""Timm17a"", ""Pes1"", ""Hk2"", ""Cct7"", ""Ruvbl2"", ""Parp1"", ""Hdgf"", ""Heatr3"", ""Pdcd5"", ""Bcap29"", ""Timm50"", ""Btf3"", ""Tomm70a"")"
"397","ARID4B_TARGET_GENES","0.000150894197843407","0.00275598160710809","0.518848077743792","0.502854864266261","1.58548801244689","230","c(""Eif5a"", ""C1qbp"", ""Eif4a1"", ""Apex1"", ""Gar1"", ""Ran"", ""Set"", ""Hsp90aa1"", ""Nsun2"", ""Ybx1"", ""Ung"", ""Trmt61a"", ""Fkbp4"", ""Ddx21"", ""Zfp593"", ""Tsr1"", ""Ltv1"", ""Rpl3"", ""Prdx1"", ""Rps18"", ""Pprc1"", ""Syncrip"", ""Nle1"", ""Naf1"", ""Srsf2"", ""Wdr4"", ""Rsl24d1"", ""Eif2b3"", ""Lsm2"", ""Lrpprc"", ""Utp20"", ""Atp5g3"", ""Rpl21"", ""Myc"", ""Polr3e"", ""Eif3j1"", ""Hdgf"", ""Idh3a"", ""Nol10"", ""Cdk6"", ""Pcbp1"", ""Trib1"", ""Eif3i"", ""Rpl5"", ""Comtd1"", ""Akap1"", ""Adpgk"", ""Rps17"", ""Mrps7"", ""Snx5"", ""Psma4"", ""Utp15"", ""Adk"", ""Atp2a2"")"
"398","REACTOME_NONSENSE_MEDIATED_DECAY_NMD","0.0057222468215085","0.0460914122490888","0.407017918923954","0.561022577304405","1.58598758785517","72","c(""Rps2"", ""Rpl14"", ""Rpsa"", ""Rpl36al"", ""Rpl3"", ""Rps19"", ""Rps18"", ""Rpl8"", ""Rps27l"", ""Rps8"", ""Rps25"", ""Rps12"", ""Gspt1"", ""Rpl21"", ""Magohb"", ""Eif4g1"", ""Rpl13"", ""Rps5"", ""Etf1"", ""Rpl5"", ""Rpl22l1"", ""Rps16"", ""Rps20"", ""Rps17"", ""Rpl4"", ""Rps15"", ""Magoh"", ""Rps3a1"", ""Rplp0"", ""Rpl18"", ""Rps6"", ""Rps3"")"
"399","ZFP64_TARGET_GENES","0.000930790528818807","0.0120498502997198","0.477270815362862","0.523313796907176","1.58641737911456","142","c(""Hspd1"", ""Hspe1"", ""Mrpl12"", ""Abce1"", ""Rrp1b"", ""Nop14"", ""Wdr4"", ""Lrpprc"", ""Siva1"", ""Thumpd1"", ""Psmg1"", ""U2af1"", ""Noc4l"", ""Mecr"", ""Eif3i"", ""Mrpl21"", ""Egfl7"", ""Atp5o"", ""Abcf2"", ""Dimt1"", ""Med29"", ""Gtf2f2"", ""Fxn"", ""Prpf31"", ""Chchd2"", ""Mrps15"", ""Mrps14"", ""Sec61b"", ""Dtymk"", ""Psmb2"", ""Dut"", ""Eif2b1"", ""Sdhb"", ""Rpl18"", ""Mrpl50"", ""Nfkb2"", ""Pelp1"", ""Nme6"", ""Znhit3"", ""Ndufs7"", ""Phf5a"", ""Sf3b6"", ""Pdgfa"", ""Thoc3"", ""Dus1l"", ""Me2"", ""Mrps22"", ""Dnajc11"", ""Rfc4"", ""Zc3h18"", ""Trim27"", ""Gid4"", ""Ranbp2"", ""Ptp4a3"", ""Prpf40a"", 
""Serp1"", ""Rpia"", ""Mrpl46"", ""Rpl9"", ""Clpb"", ""Cpsf1"", ""Lad1"", ""Wdr89"")"
"400","GOBP_SIGNAL_TRANSDUCTION_BY_P53_CLASS_MEDIATOR","0.00487432842870139","0.041598621337206","0.407017918923954","0.579454425569658","1.58826696399377","61","c(""Npm1"", ""Mif"", ""Rrs1"", ""Mybbp1a"", ""Aen"", ""Eef1e1"", ""Smyd2"", ""Nop2"", ""Bop1"", ""Tfap4"", ""Rps27l"", ""Rpf2"", ""Myc"", ""Usp10"", ""Hint1"", ""Rpl5"", ""Rps20"", ""Rps15"")"
"401","HSF1_TARGET_GENES","5.37211335800691e-05","0.00116141080227468","0.557332238758646","0.500888583584566","1.59109803367235","261","c(""Nme1"", ""Hsp90ab1"", ""Hspd1"", ""Hspe1"", ""Ran"", ""Hspa9"", ""Set"", ""Hsp90aa1"", ""Timm9"", ""Cct3"", ""Cacybp"", ""Hspa8"", ""Cct8"", ""Fkbp4"", ""Timm10"", ""Phb"", ""Rexo2"", ""Ptges3"", ""Abce1"", ""Cct5"", ""Polr2h"", ""Rpl3"", ""Atic"", ""Prdx1"", ""Hsph1"", ""Hspa4"", ""Rps18"", ""Tpi1"", ""Psma7"", ""Nudc"", ""Wdr77"", ""Timm13"", ""Tcp1"", ""Hspbp1"", ""St13"", ""Umps"", ""Naa50"", ""Eif2s2"", ""Psmg1"", ""Polr3e"", ""Ahsa1"", ""Colgalt1"", ""Stip1"", ""Prmt5"", ""Clns1a"", ""Mrps7"", ""Dynll1"", ""Mrpl16"", ""Morf4l2"", ""Chchd2"", ""Nme2"", ""Pole4"", ""Ipo7"", ""Mrps6"", ""Magoh"", 
""Sgf29"", ""Fastkd2"", ""Cisd1"", ""Dut"")"
"402","AFF4_TARGET_GENES","2.94793305283409e-05","0.000687251872276566","0.575610261071129","0.503490407238594","1.59897871214404","258","c(""Srm"", ""Npm1"", ""Eif5a"", ""Rps2"", ""Hsp90ab1"", ""Hspe1"", ""Eif4a1"", ""Rpl14"", ""Ncl"", ""Set"", ""Nop56"", ""Hsp90aa1"", ""Nop58"", ""Rrs1"", ""Hspa8"", ""Rpsa"", ""Mrps18b"", ""Eef1g"", ""Mat2a"", ""Rpl36al"", ""Hspa5"", ""Nop2"", ""Eef1b2"", ""Rpl3"", ""Anp32b"", ""Prdx1"", ""Rcc2"", ""Rps18"", ""Tpi1"", ""Srsf7"", ""Surf2"", ""Rps27a"", ""Serbp1"", ""Rps8"", ""Srsf2"", ""Rbmxl1"", ""Rps12"", ""Snhg12"", ""Atp5b"", ""Eif2s2"", ""Hk2"", ""Rpl10a"", ""Rpl21"", ""Mir17hg"", ""Aldoa"", ""Hdgf"", ""Rpl13"", ""Rps5"", ""Etf1"", ""Rpl5"", ""Rpl22l1"", ""Hnrnpab"", ""Bcat1"", ""Rps20"", ""Rps17"", 
""Dynll1"", ""Rcc1"", ""Tfrc"", ""Snx5"", ""Rps15"", ""Nme2"", ""Zfp428"", ""Ipo7"", ""Dpy30"", ""Asns"", ""Dnmt3b"")"
"403","DARWICHE_SQUAMOUS_CELL_CARCINOMA_UP","0.00286860712485011","0.0284810311195885","0.431707695803346","0.560557517794262","1.6012549845769","77","c(""Srm"", ""Nhp2"", ""Hspd1"", ""Ncl"", ""Fam162a"", ""Cacybp"", ""Pgam1"", ""Ldha"", ""Eef1d"", ""Eef1b2"", ""Galk1"", ""Tcp1"", ""Plac8"", ""Pdcd5"", ""Uck2"", ""Dynll1"", ""Mrps18a"", ""Trmt1"", ""Qdpr"", ""Suclg2"")"
"404","GOBP_SULFUR_COMPOUND_METABOLIC_PROCESS","0.00193537127972289","0.0210215043356265","0.45505986738723","0.558766753970938","1.60267280970735","79","c(""Hspa9"", ""Mat2a"", ""Mthfd1"", ""Mtap"", ""Phgdh"", ""Ndufab1"", ""Glrx3"", ""Mri1"", ""Nudt19"", ""Glrx5"", ""Fasn"", ""Rpp14"", ""Mettl16"", ""Gusb"", ""Acsl5"", ""Fxn"", ""Acaca"", ""Chsy1"", ""Suclg2"", ""Ciapin1"", ""Cbs"", ""Tpst1"", ""Nubp1"", ""Chst2"")"
"405","HALLMARK_FATTY_ACID_METABOLISM","0.00502548378558503","0.0423218054483556","0.407017918923954","0.59091287625731","1.60448517573575","58","c(""Mif"", ""Apex1"", ""Hsp90aa1"", ""Ldha"", ""Odc1"", ""Hsph1"", ""Fasn"", ""Idi1"", ""Aldoa"", ""Acsl5"", ""Alad"", ""Adsl"", ""Eci1"", ""Ccdc58"", ""Suclg2"")"
"406","GOBP_SMALL_MOLECULE_CATABOLIC_PROCESS","0.0036082075275427","0.0333759196297699","0.431707695803346","0.550260848643791","1.60839739069776","91","c(""Shmt1"", ""Gcsh"", ""Shmt2"", ""Ldha"", ""Galk1"", ""Tpi1"", ""Ppat"", ""Park7"", ""Nudt19"", ""Adh5"", ""Aldoa"", ""Nudt5"", ""Pycrl"", ""Acsl5"", ""Bcat1"", ""Aasdhppt"", ""Scarb1"", ""Got1"", ""Eci1"", ""Qdpr"", ""Pfkp"", ""Irs1"", ""Pgd"", ""Cbs"")"
"407","GOBP_CARBOHYDRATE_DERIVATIVE_METABOLIC_PROCESS","2.06894695315339e-05","0.000513654146161675","0.575610261071129","0.505274678743234","1.60864967187594","276","c(""Nme1"", ""Atp5g1"", ""Ran"", ""Shmt1"", ""Dctpp1"", ""Aprt"", ""Gart"", ""Hspa8"", ""Pgam1"", ""Mthfd1"", ""Mtap"", ""Atic"", ""Impdh2"", ""Tpi1"", ""Ppat"", ""Ctps"", ""Itm2a"", ""Tkt"", ""Cad"", ""Ndufab1"", ""Aatf"", ""Guk1"", ""St6galnac4"", ""Ndufa12"", ""Nudt19"", ""Umps"", ""Fasn"", ""Atp5b"", ""Atp5g3"", ""Hk2"", ""Myc"", ""Aldoa"", ""Parp1"", ""Gusb"", ""Uck2"", ""Nudt5"", ""Hint1"", ""Ndufa5"", ""Pycrl"", ""Acsl5"", ""Atp5o"", ""Rpn1"", ""Krtcap2"", ""Stoml2"", ""Nme2"", ""Adk"", ""Dtymk"", ""Paics"", ""Adsl"", ""Acaca"", ""Gmps"", ""Ola1"", ""Pfas"", ""Ampd2"", ""Bcl2"", ""Alg8"", ""Dut"", ""Dnph1"", 
""Atp5d"", ""Sdhb"", ""Ndufb6"", ""Chsy1"", ""Pfkp"", ""Nme4"", ""Ak2"", ""Atp5e"", ""Suclg2"", ""Nme6"", ""Pgd"", ""Ndufs7"", ""Nfkb1"", ""Mogs"", ""Hprt"", ""Pgls"", ""Pmm1"", ""Ndufa10"", ""Rpn2"", ""Ndufs6"", ""Dpy19l1"")"
"408","GOBP_NEGATIVE_REGULATION_OF_NEURON_APOPTOTIC_PROCESS","0.00454776161853251","0.039346645898089","0.407017918923954","0.564855560512496","1.60908088675278","76","c(""Npm1"", ""Hsp90ab1"", ""Hspd1"", ""Set"", ""Hsph1"", ""Aars"", ""Park7"", ""Sod2"", ""Nes"", ""Hdgf"", ""Hyou1"", ""Chl1"", ""Fzd9"", ""Bcl2"", ""Hras"", ""Prdx3"", ""Pin1"", ""Kdm2b"", ""Nfix"")"
"409","MIR_7028_3P","0.0056229220686665","0.0457410752678048","0.407017918923954","0.640878753517067","1.61116087773077","35","c(""Hspd1"", ""Hivep3"", ""Mat2a"", ""Tcp1"", ""Naa50"", ""Eif4e"", ""Kars"")"
"410","NUCKS1_TARGET_GENES","1.16390512149718e-06","4.30644894953957e-05","0.643551836150722","0.494625153682807","1.61731358699863","407","c(""Srm"", ""Nme1"", ""Eif5a"", ""Rps2"", ""Hsp90ab1"", ""Rpl14"", ""Fbl"", ""Ncl"", ""Gar1"", ""Set"", ""Nsun2"", ""Mrpl12"", ""Nop58"", ""Fam162a"", ""Cacybp"", ""Ccdc86"", ""Smyd2"", ""Tsr1"", ""Znhit6"", ""Rpl3"", ""Ppid"", ""Polr1b"", ""Hsph1"", ""Slc19a1"", ""Ppat"", ""Sigmar1"", ""Wdr74"", ""Syncrip"", ""Tcp1"", ""Cdk4"", ""Polr3d"", ""Snrpd3"", ""Larp4"", ""Spata5"", ""Wdr4"", ""Uqcrq"", ""Mettl13"", ""Rsl24d1"", ""Mbd3"", ""Mrpl15"", ""Eif2b3"", ""Lrpprc"", ""Noc3l"", ""Myc"", ""Magohb"", ""Parp1"", ""Hdgf"", ""Cops7a"", ""Eif4g1"", ""Rps5"", ""Gnl2"", ""Clpp"", ""Rpl5"", ""Gfer"", ""Ndufa5"", ""Eif4e"", 
""Kars"", ""Atp5o"", ""Dimt1"", ""Ivns1abp"", ""Tfrc"", ""Hnrnpd"", ""Utp15"", ""Psmg2"", ""Sec61b"", ""Dtymk"", ""Cmss1"", ""Fzd9"", ""Atp2a2"", ""Paics"", ""Pold2"", ""Mrps6"", ""Ola1"", ""Ppm1g"", ""Ndrg1"", ""Luc7l"", ""Tmed5"", ""Snrnp40"", ""Rif1"", ""Dut"", ""Mrps18a"", ""Trmt1"", ""Higd1a"", ""Rplp0"", ""Ak2"", ""Atp5e"", ""Ccdc58"", ""Rheb"", ""Mogs"", ""Ndufaf2"", ""Prkar2a"", ""Phf5a"", ""Serf1"", ""Rev1"", ""Cenpv"", ""Ddx46"", ""Kdm2b"", ""Sf3a1"", ""Rpn2"", ""Ifitm2"", ""Dpy19l1"", ""Ergic1"", ""Etv5"", ""Dus1l"", ""Nmd3"")"
"411","GOBP_DNA_BIOSYNTHETIC_PROCESS","0.00239453679182384","0.0245108720370553","0.431707695803346","0.552900593267215","1.61800316376911","96","c(""Npm1"", ""Nhp2"", ""Gar1"", ""Hsp90aa1"", ""Dkc1"", ""Cct3"", ""Cct8"", ""Phb"", ""Ptges3"", ""Cct5"", ""Nop10"", ""Nat10"", ""Tcp1"", ""Naf1"", ""Pinx1"", ""Cct2"", ""Cct7"", ""Myc"", ""Dnajc2"", ""Gfer"", ""Telo2"", ""Hnrnpd"", ""Pold2"", ""Xrcc5"")"
"412","TABULA_MURIS_SENIS_KIDNEY_EPITHELIAL_CELL_OF_PROXIMAL_TUBULE_AGEING","0.000207362324278991","0.00358199677632534","0.518848077743792","0.523155285778377","1.61960531097597","183","c(""Nme1"", ""Npm1"", ""C1qbp"", ""Rps2"", ""Hspe1"", ""Rpl14"", ""Fam162a"", ""Rpsa"", ""Eef1g"", ""Ldha"", ""Rpl36al"", ""Eef1d"", ""Eef1b2"", ""Rpl3"", ""Nop10"", ""Rps19"", ""Rps18"", ""Rps27a"", ""Cox5a"", ""Rpl8"", ""Rps27l"", ""Rps8"", ""Guk1"", ""Tomm20"", ""St13"", ""Rps25"", ""Rps12"", ""Polr2e"", ""Rpl10a"", ""Rpl21"", ""Mrpl23"", ""Hdgf"", ""Bola2"", ""Mrpl42"", ""Psmg4"", ""Rpl13"", ""Rps5"", ""Btf3"", ""Mrps24"", ""Eif3i"", ""Hint1"", ""Gpx1"", ""Rpl5"", ""Rpl22l1"", ""Cox7b"", ""Rps16"", ""Rps20"", ""Rps17"", ""Slc25a3"", ""Rpl4"", ""Krtcap2"", ""Rps15"", ""Bola3"", ""Adk"", ""Hmgn1"", ""Mrps12"", 
""Gsr"", ""Cisd1"", ""Rps3a1"", ""Ndufb6"", ""Eci1"", ""Rplp0"", ""Rpl18"", ""Rps6"", ""Rps3"")"
"413","TABULA_MURIS_SENIS_LARGE_INTESTINE_SECRETORY_CELL_AGEING","9.0896539211412e-06","0.0002593490807848","0.593325476396405","0.507247617835888","1.62383284987567","299","c(""Srm"", ""Npm1"", ""Eif5a"", ""Fbl"", ""Pa2g4"", ""Gar1"", ""Set"", ""Atad3a"", ""Ybx1"", ""G3bp1"", ""Pebp1"", ""Tomm40"", ""Ung"", ""Hspa8"", ""Cct8"", ""Lap3"", ""Fkbp4"", ""Eef1g"", ""Phb"", ""Eif2s1"", ""Cnbp"", ""Phb2"", ""Cct5"", ""Bzw2"", ""Ybx3"", ""Bop1"", ""Rpl3"", ""Rcc2"", ""Srsf7"", ""Eif1a"", ""Serbp1"", ""Tkt"", ""Wdr46"", ""Cdk4"", ""Brix1"", ""Sdf2l1"", ""Exosc5"", ""Prpf19"", ""Polr3d"", ""Ptma"", ""Wdr18"", ""St6galnac4"", ""Rars"", ""Snrpa"", ""Endog"", ""Cdv3"", ""Smco4"", ""Lsm2"", ""Naa50"", ""Pes1"", ""Gspt1"", ""Cct7"", ""Myc"", ""Polr3e"", ""Ruvbl2"", ""Hdgf"", ""Noc4l"", ""Cops7a"", 
""Eif4g1"", ""Idh3a"", ""Colgalt1"", ""Sfxn1"", ""Farsb"", ""Gadd45gip1"", ""Nudcd2"", ""Gars"", ""Stip1"", ""Tomm70a"", ""Ddx56"", ""Ppif"", ""Yars"", ""Kars"", ""Abcf2"", ""Slc25a3"", ""Rcc1"", ""Rpl4"", ""Tcerg1"", ""Hnrnpd"", ""Cdca7"", ""Dtymk"", ""Ube2e1"", ""Mcm6"", ""Pold2"", ""Ppm1g"", ""Cltb"", ""Tmed5"")"
"414","LRRFIP1_TARGET_GENES","1.61211506491026e-07","7.83515245530536e-06","0.690132458796796","0.49347050971566","1.6248312272548","474","c(""Nme1"", ""C1qbp"", ""Hsp90ab1"", ""Gar1"", ""Hspa9"", ""Rsl1d1"", ""Lyar"", ""Mrpl12"", ""Rrp15"", ""Nop58"", ""Noc2l"", ""Ppan"", ""Cacybp"", ""Ebna1bp2"", ""Gart"", ""Gtpbp4"", ""Ung"", ""Rpsa"", ""Ftsj3"", ""Tomm5"", ""Timm10"", ""Eif2s1"", ""Phb2"", ""Rrp1b"", ""Nifk"", ""Bzw2"", ""Pus7"", ""Ltv1"", ""Mrps28"", ""Nop2"", ""Eprs"", ""Nip7"", ""Eef1b2"", ""Tma16"", ""Ppid"", ""Rps19"", ""Txnl4a"", ""Ddx27"", ""Rps18"", ""Eif3a"", ""Nudc"", ""Serbp1"", ""Mdn1"", ""Bysl"", ""Thop1"", ""Cox5a"", ""Park7"", ""Cad"", ""Rps8"", ""Snrpd2"", ""Snrpd3"", ""Nop14"", ""Wdr18"", ""Spata5"", ""Pinx1"", ""Psmd7"", 
""Wdr4"", ""Tomm20"", ""Rars"", ""Ndufa12"", ""St13"", ""Rsl24d1"", ""Lsm7"", ""Kti12"", ""Naa50"", ""Trmt6"", ""Ccnd2"", ""Eif2s2"", ""Noc3l"", ""Rpl10a"", ""Eif6"", ""Psmg1"", ""Mrpl20"", ""Wdr36"", ""Thumpd3"", ""Magohb"", ""Eif3c"", ""Rps19bp1"", ""Cops7a"", ""Coq2"", ""Yrdc"", ""Mecr"", ""Imp4"", ""Gnl2"", ""Nol10"", ""Btf3"", ""Pcbp1"", ""Eif3i"", ""Banf1"", ""Clpp"", ""Ddx56"", ""Kars"", ""Rps20"", ""Atp5o"", ""Nom1"", ""Clns1a"", ""Ak6"", ""Trap1"", ""Wdr3"", ""Rcc1"", ""Xpot"", ""Prpf31"", ""Snrpb"", ""Stoml2"", ""Utp15"", ""Pdap1"", ""Sec61b"", ""Ppih"", ""Adsl"", ""Hmgn1"", ""Ipo7"", ""Ppm1g"", 
""Immt"", ""Mtx2"", ""Luc7l"", ""Tmed5"", ""Cisd1"", ""Alg8"", ""Snrnp40"", ""Rif1"", ""Utp6"", ""Eif2b1"", ""Mrps18a"", ""Camkk2"", ""Sdhb"", ""Cdc34"", ""Chsy1"", ""Qdpr"", ""Rpl18"", ""Creg1"")"
"415","GOMF_NUCLEASE_ACTIVITY","0.00219862419572203","0.0231359812155337","0.431707695803346","0.574886856307056","1.62620060574737","73","c(""Nme1"", ""Apex1"", ""G3bp1"", ""Rcl1"", ""Aen"", ""Rexo2"", ""Rpp40"", ""Endog"", ""Rpp14"", ""Nob1"", ""Pop1"", ""Tsen2"", ""Rpp38"", ""Dis3"", ""Las1l"")"
"416","RCOR2_TARGET_GENES","5.09993457034203e-06","0.000157247982585546","0.610526878385931","0.506562496162539","1.62711781066128","315","c(""Nolc1"", ""Dctpp1"", ""Nop58"", ""Rrs1"", ""Pebp1"", ""Ndufaf4"", ""Grwd1"", ""Ppia"", ""Pgam1"", ""Phb"", ""Wdr43"", ""Eef1e1"", ""Rrp9"", ""Polr2f"", ""Mrps28"", ""Atic"", ""Ppid"", ""Txnl4a"", ""Pprc1"", ""Polr3h"", ""Timm13"", ""Nol11"", ""Naf1"", ""Uqcc2"", ""Rpp40"", ""St6galnac4"", ""Wdr4"", ""Tomm20"", ""Slc7a5"", ""Heatr1"", ""Rars"", ""Glrx5"", ""Cdv3"", ""Nol8"", ""Psat1"", ""Cct2"", ""Strap"", ""Polr2e"", ""Eif2b3"", ""Rpp14"", ""Utp20"", ""Gspt1"", ""Thumpd1"", ""Polr3e"", ""Eif3c"", ""Nup43"", ""Cops7a"", ""Iars"", ""Imp4"", ""Mcm3"", ""Timp3"", ""Tsen2"", ""Elovl4"", ""Egfl7"", ""Ddx10"", 
""Rcc1"", ""Dohh"", ""Hyou1"", ""Gtf3a"", ""Tcerg1"", ""Gtf2f2"", ""Psma3"", ""Ube2e1"", ""Adsl"", ""Ipo7"", ""Psmb2"", ""Pfas"", ""Xrcc5"", ""Scarb1"", ""Ndrg1"", ""Hirip3"", ""Sgf29"", ""Gsr"", ""Bcl2"", ""Qdpr"", ""Creg1"", ""Nutf2"", ""Rheb"")"
"417","GOBP_NUCLEOBASE_CONTAINING_COMPOUND_TRANSPORT","0.00294117992155646","0.0290821842243557","0.431707695803346","0.575726189676535","1.62755409099107","72","c(""Npm1"", ""Ran"", ""Nsun2"", ""Ybx1"", ""Slc19a1"", ""Srsf7"", ""Tomm20"", ""Lrpprc"", ""Magohb"", ""Nup43"", ""Xpot"", ""Magoh"", ""Ndc1"", ""Nup93"", ""Kpnb1"", ""Gja1"", ""Thoc3"", ""Nup54"", ""Nup188"", ""Ncbp1"", ""Hnrnpa1"", ""Slc25a5"", ""Ssb"", ""Ranbp2"", ""Xpo1"", ""Slc35b2"", ""Eif4a3"", ""Alyref"")"
"418","GOBP_PROTEIN_METHYLATION","0.00603981667097099","0.048108817511137","0.407017918923954","0.65587064841919","1.62759657297465","33","c(""Prmt1"", ""Smyd2"", ""Smyd5"", ""Prmt3"", ""Snrpd3"", ""Prmt7"", ""Gspt1"", ""Etf1"", ""Prmt5"", ""Snrpb"", ""Carm1"", ""Wdr5"")"
"419","GOCC_PRECATALYTIC_SPLICEOSOME","0.00439626109976855","0.0382588124539797","0.407017918923954","0.648800581102591","1.631076249579","35","c(""Txnl4a"", ""Snrpd1"", ""Snrpd2"", ""Snrpd3"", ""Snrpa1"", ""Lsm7"", ""Lsm2"", ""Snrpf"", ""Magohb"", ""Lsm4"", ""Lsm6"", ""Prpf31"", ""Snrpb"", ""Sf3b3"", ""Phf5a"", ""Sf3b5"", ""Eftud2"", ""Sf3b6"", ""Sf3a1"")"
"420","BOYLAN_MULTIPLE_MYELOMA_D_UP","0.00522693942141596","0.0431938005501736","0.407017918923954","0.644226411117076","1.63207496576874","38","c(""Timm9"", ""Fabp5"", ""Gart"", ""Trmt61a"", ""Nefh"", ""Ydjc"", ""Snhg12"", ""Polr1a"", ""Myc"", ""Bcap29"", ""Cinp"")"
"421","BAZ1A_TARGET_GENES","0.000807634082975458","0.0107715848043355","0.477270815362862","0.552366112216833","1.63278668581624","113","c(""Gar1"", ""Ppa1"", ""Hsp90aa1"", ""Nsun2"", ""Wdr43"", ""Rpl3"", ""Llph"", ""Mphosph10"", ""Prdx1"", ""Rps18"", ""Ddx18"", ""Ydjc"", ""Nop14"", ""Canx"", ""Snrpa1"", ""Nob1"", ""Pes1"", ""Gspt1"", ""Cyp51"", ""Rpl21"", ""Nufip1"", ""Mrpl42"", ""Alad"", ""Dimt1"", ""Thg1l"", ""Xpot"", ""Adk"", ""Acaca"", ""Fastkd2"", ""Sf3b3"", ""Ifrd1"", ""Eci1"", ""Smn1"", ""Pkib"", ""Phf5a"", ""Hars"", ""Relb"", ""Sf3b6"", ""Ndufa4"", ""Psmd12"", ""Dus1l"", ""Mrps22"", ""Rfc4"", ""Nudt2"")"
"422","GOBP_POSITIVE_REGULATION_OF_TELOMERASE_ACTIVITY","0.00571530001467439","0.0460914122490888","0.407017918923954","0.764867768605596","1.63338704258462","15","c(""Hsp90aa1"", ""Dkc1"", ""Ptges3"", ""Tcp1"", ""Naf1"", ""Cct2"", ""Myc"")"
"423","GOBP_TELOMERE_ORGANIZATION","0.00314846534297474","0.0306041504101019","0.431707695803346","0.573569592522095","1.63390419262672","76","c(""Nhp2"", ""Gnl3"", ""Apex1"", ""Gar1"", ""Hsp90aa1"", ""Dkc1"", ""Cct3"", ""Cct8"", ""Ptges3"", ""Cct5"", ""Nop10"", ""Nat10"", ""Tcp1"", ""Naf1"", ""Pinx1"", ""Ruvbl1"", ""Cct2"", ""Cct7"", ""Myc"", ""Ruvbl2"", ""Parp1"")"
"424","GOCC_ORGANELLE_ENVELOPE_LUMEN","0.00512187620583662","0.0426947093611526","0.407017918923954","0.645642425968183","1.63566227971578","38","c(""Timm9"", ""Cacybp"", ""Cycs"", ""Timm10"", ""Rexo2"", ""Chchd4"", ""Timm13"", ""Thop1"", ""Park7"", ""Uqcc2"", ""Alpl"", ""Trap1"", ""Chchd2"", ""Stoml2"", ""Immt"", ""Nme4"", ""Ccdc58"")"
"425","WANG_TUMOR_INVASIVENESS_UP","2.25527086183642e-05","0.00054804993189118","0.575610261071129","0.522762229704165","1.63628327060697","211","c(""Npm1"", ""Nhp2"", ""Hspd1"", ""Hspe1"", ""Rpl14"", ""Ncl"", ""Cct3"", ""Ybx1"", ""Ppan"", ""Cycs"", ""Hspa8"", ""Ppia"", ""Fkbp4"", ""Eif3b"", ""Hspa5"", ""Abce1"", ""Cct5"", ""Hsph1"", ""Hspa4"", ""Srsf7"", ""Psma7"", ""Serbp1"", ""Wdr75"", ""Tkt"", ""Rpl8"", ""Rps8"", ""Snrpd2"", ""Tomm20"", ""Ipo5"", ""Hsp90b1"", ""Cct2"", ""Strap"", ""Eif2b3"", ""Fasn"", ""Eif2s2"", ""Eif5b"", ""Psmg1"", ""Rpl21"", ""Adh5"", ""Nap1l1"", ""Plac8"", ""Eif4g1"", ""Rps5"", ""Pcbp1"", ""Nudcd2"", ""Stip1"", ""Nudt5"", ""Hint1"", ""Hnrnpab"", ""Rps16"", ""Rps20"", ""Wdr3"", ""Vdac2"", ""Rpn1"", ""Gtf3a"", ""Fkbp3"", ""Psma4"", 
""Sec61b"", ""Ipo7"", ""Dpy30"", ""Higd1a"", ""Rplp0"", ""Ak2"", ""Nucks1"", ""Nutf2"", ""Rps6"", ""Rps3"")"
"426","NR2F2_TARGET_GENES","0.00251765980711753","0.0255102102364294","0.431707695803346","0.580317252875302","1.640532836487","72","c(""Hspd1"", ""Hspe1"", ""Smyd5"", ""Eprs"", ""Eef1b2"", ""Ppat"", ""Wdr77"", ""Pum3"", ""Glrx3"", ""Cluh"", ""Gspt1"", ""Snrpf"", ""Pcbp1"", ""Timp3"", ""Tomm70a"", ""Rps20"", ""Mrpl16"", ""Paics"", ""Rps3a1"", ""Mrpl11"", ""Chchd1"", ""Josd1"", ""Ndufs6"")"
"427","REACTOME_THE_CITRIC_ACID_TCA_CYCLE_AND_RESPIRATORY_ELECTRON_TRANSPORT","0.00265209323773466","0.0266837802077338","0.431707695803346","0.578959915459618","1.64356469806741","75","c(""Atp5g1"", ""Ndufaf4"", ""Cycs"", ""Ldha"", ""Cox5a"", ""Ndufab1"", ""Uqcrq"", ""Ndufa12"", ""Lrpprc"", ""Atp5b"", ""Atp5g3"", ""Idh3a"", ""Ndufaf6"", ""Ndufa5"", ""Cox7b"", ""Atp5o"", ""Cyc1"", ""Atp5d"", ""Sdhb"", ""Ndufb6"", ""Atp5e"", ""Suclg2"", ""Ndufs7"", ""Ndufaf2"", ""L2hgdh"", ""Uqcr11"", ""Ndufa10"", ""Ndufa4"", ""Ndufs6"", ""Me2"")"
"428","REACTOME_RESPIRATORY_ELECTRON_TRANSPORT_ATP_SYNTHESIS_BY_CHEMIOSMOTIC_COUPLING_AND_HEAT_PRODUCTION_BY_UNCOUPLING_PROTEINS","0.00476518392875683","0.0409720087427593","0.407017918923954","0.609955372687995","1.64468637668964","55","c(""Atp5g1"", ""Ndufaf4"", ""Cycs"", ""Cox5a"", ""Ndufab1"", ""Uqcrq"", ""Ndufa12"", ""Lrpprc"", ""Atp5b"", ""Atp5g3"", ""Ndufaf6"", ""Ndufa5"", ""Cox7b"", ""Atp5o"", ""Cyc1"", ""Atp5d"", ""Ndufb6"", ""Atp5e"", ""Ndufs7"", ""Ndufaf2"", ""Uqcr11"", ""Ndufa10"", ""Ndufa4"", ""Ndufs6"")"
"429","GOCC_PRESYNAPTIC_ACTIVE_ZONE","0.00456111531400654","0.0393934352326408","0.407017918923954","0.669946419857829","1.6462572201368","31","c(""C1qbp"", ""Phb"", ""Phb2"", ""Canx"", ""Nufip1"")"
"430","GOBP_NEGATIVE_REGULATION_OF_MRNA_PROCESSING","0.00486617977484771","0.0415909702067834","0.407017918923954","0.771567406527543","1.64769422380062","15","c(""Npm1"", ""C1qbp"", ""Srsf7"", ""Srsf6"")"
"431","GOCC_CYTOSOLIC_SMALL_RIBOSOMAL_SUBUNIT","0.00543813663420906","0.0443637462264423","0.407017918923954","0.677587535359857","1.64791355247974","29","c(""Rps2"", ""Rpsa"", ""Rps19"", ""Rps18"", ""Rps27a"", ""Rps27l"", ""Rps8"", ""Larp4"", ""Rps25"", ""Rps12"", ""Rps5"", ""Dhx29"", ""Rps16"", ""Rps20"", ""Rps17"", ""Rps15"", ""Rps3a1"", ""Rps6"", ""Rps3"")"
"432","GOBP_NUCLEAR_TRANSPORT","0.000286770347550598","0.00459393280224212","0.49849310876659","0.544172099615724","1.64857041236219","141","c(""Npm1"", ""Hsp90ab1"", ""Ranbp1"", ""Ran"", ""Hspa9"", ""Hsp90aa1"", ""Nsun2"", ""Nolc1"", ""Sdad1"", ""Phb2"", ""Abce1"", ""Calr"", ""Ltv1"", ""Anp32b"", ""Rangrf"", ""Chchd4"", ""Mdn1"", ""Park7"", ""Ipo4"", ""Ipo5"", ""Eif6"", ""Magohb"", ""Nup43"", ""Heatr3"", ""Akap1"", ""Eif4e"", ""Xpot"", ""Rps15"", ""Ipo7"", ""Magoh"", ""Ppp3ca"", ""Nutf2"", ""Ndc1"", ""Nop9"", ""Nup93"")"
"433","TABULA_MURIS_SENIS_MARROW_ERYTHROBLAST_AGEING","0.000291104167197278","0.00465036879909858","0.49849310876659","0.544637114719596","1.64939697683528","139","c(""Nme1"", ""Npm1"", ""Rps2"", ""Hsp90ab1"", ""Rpl14"", ""Ncl"", ""Hsp90aa1"", ""Cycs"", ""Rpsa"", ""Ppia"", ""Eef1g"", ""Rexo2"", ""Ldha"", ""Rpl36al"", ""Calr"", ""Eef1b2"", ""Rpl3"", ""Rps19"", ""Prdx1"", ""Rps18"", ""Psma7"", ""Rps27a"", ""Park7"", ""Rpl8"", ""Rps8"", ""Snrpa1"", ""Rps25"", ""Rps12"", ""Atp5b"", ""Eif2s2"", ""Eif5b"", ""Rpl10a"", ""Aldoa"", ""Eif3c"", ""Rpl13"", ""Rps5"", ""Eif4ebp1"", ""Gadd45gip1"", ""Eif3i"", ""Hint1"", ""Rpl5"", ""Rpl22l1"", ""Nars"", ""Rps16"", ""Rps20"", ""Rps17"", ""Mthfd2"", ""Tfrc"", ""Rpl4"", ""Rps15"", ""Asns"", ""Psmb2"", ""Rps3a1"", ""Rplp0"", ""Rpl18"", 
""Rps6"", ""Rps3"")"
"434","REACTOME_METABOLISM_OF_POLYAMINES","0.00422883977860763","0.0373397621036925","0.407017918923954","0.651934205122003","1.65160179270359","38","c(""Srm"", ""Odc1"", ""Psmb5"", ""Psma7"", ""Psmd7"", ""Psme3"", ""Psme2"", ""Psma5"", ""Psma3"", ""Psma4"", ""Psmb2"", ""Psmd6"", ""Psmb6"", ""Psmc5"", ""Psmd1"", ""Psmd3"", ""Psmd12"")"
"435","SWEET_LUNG_CANCER_KRAS_UP","1.07611560690567e-05","0.000297507522911725","0.593325476396405","0.520670913211171","1.65308637124088","246","c(""Rps2"", ""Gnl3"", ""Ncl"", ""Apex1"", ""Hspa9"", ""Shmt1"", ""Cct3"", ""Erh"", ""Ndufaf4"", ""Fam162a"", ""Hspa8"", ""Lap3"", ""Fkbp4"", ""Mrps18b"", ""Ldha"", ""Ppp1r14b"", ""Phb2"", ""Hspa5"", ""Tsr1"", ""Eef1d"", ""Rpl3"", ""Hsph1"", ""Rps18"", ""Psmb5"", ""Tpi1"", ""Rpl8"", ""Rps8"", ""St13"", ""Psat1"", ""Polr2e"", ""Fasn"", ""Siva1"", ""Hk2"", ""Rpl10a"", ""Eif1ax"", ""Aldoa"", ""Eif4g1"", ""Pdia6"", ""Gars"", ""Srsf6"", ""Acsl5"", ""Las1l"", ""Lcp1"", ""Chl1"", ""Manf"", ""Nme2"", ""Mrps34"", ""Hmgn1"")"
"436","FOXJ2_TARGET_GENES","0.000238418237921915","0.0040097612741413","0.518848077743792","0.541080008921395","1.65355862452712","157","c(""Nme1"", ""Hsp90aa1"", ""Rrp15"", ""Ppan"", ""Cacybp"", ""Gtpbp4"", ""Nop16"", ""Hspa5"", ""Eef1b2"", ""Tma16"", ""Mphosph10"", ""Polr1b"", ""Rps18"", ""Ddx18"", ""Ece2"", ""Wdr77"", ""Snrpd3"", ""Ndufa12"", ""Psmg1"", ""Mrpl20"", ""Polr3e"", ""Wdr36"", ""Rps19bp1"", ""Dnajc2"", ""Eif3i"", ""Mrpl21"", ""Nudt5"", ""Prmt5"", ""Ddx56"", ""Lrrc59"", ""Egfl7"", ""Dynll1"", ""Las1l"", ""Mrpl16"", ""Chchd2"", ""Mrps15"", ""Stoml2"", ""Mrps34"", ""Pabpc4"", ""Rpl18"", ""Pdss1"", ""Pgd"", ""Ndufs7"", ""Psmg3"", ""Mrps27"", ""Drg2"")"
"437","VANOEVELEN_MYOGENESIS_SIN3A_TARGETS","0.00107960827007514","0.0134016307984435","0.45505986738723","0.580207012069163","1.657384551398","77","c(""Rpsa"", ""Nop16"", ""Cct5"", ""Surf2"", ""Chchd4"", ""Dctd"", ""Uchl3"", ""Sod2"", ""Hsp90b1"", ""Noa1"", ""Trmt6"", ""Idh3a"", ""Gnl2"", ""Colgalt1"", ""Rpp38"", ""Gfer"", ""Baz1a"", ""Ola1"", ""Ndrg1"", ""Eif2b1"", ""Suclg2"", ""Phf5a"", ""Txnrd1"", ""Pgls"", ""Serf1"", ""Thoc3"", ""Ergic1"", ""Nmd3"", ""Ing5"", ""Cks1b"", ""Tjp1"", ""Pfkl"", ""Mrps36"", ""N6amt1"", ""Gnptab"", ""Myo6"", ""Ldlr"", ""E2f6"", ""Pkp4"", ""Dtl"", ""Pop7"")"
"438","MIR_12202_3P","0.00495357587038493","0.0421494920128451","0.407017918923954","0.639612753813211","1.6575241806672","44","c(""Hspd1"", ""Ran"", ""Hivep3"", ""Mat2a"", ""Tcp1"", ""Naa50"", ""Cdk6"", ""Eif4e"", ""Kars"")"
"439","GOBP_ICOSANOID_METABOLIC_PROCESS","0.00456785255966977","0.0393934352326408","0.407017918923954","0.674571754583722","1.6585149712071","32","c(""Mif"", ""Fabp5"", ""Ptges3"", ""Gpx1"")"
"440","TSENG_IRS1_TARGETS_UP","0.00362945236210225","0.0334222170407204","0.431707695803346","0.6165867587203","1.66256727544759","55","c(""Hspa9"", ""Nop56"", ""Nsun2"", ""Rcl1"", ""Phb"", ""Hspa4"", ""Ddx18"", ""Tmem97"", ""St13"", ""Iars"", ""Farsb"", ""Uck2"", ""Nars"", ""Yars"", ""Mthfd2"", ""Sqle"", ""Ppih"", ""Asns"", ""Cars"", ""Sf3a1"", ""Pdgfa"", ""Slc3a2"")"
"441","GOBP_PYRIMIDINE_NUCLEOTIDE_BIOSYNTHETIC_PROCESS","0.00625721699312491","0.0497024092182429","0.407017918923954","0.767407187179302","1.66374770427994","16","c(""Nme1"", ""Shmt1"", ""Ctps"", ""Cad"", ""Umps"", ""Uck2"", ""Nme2"", ""Dtymk"", ""Dut"", ""Nme4"", ""Nme6"")"
"442","CHAF1A_TARGET_GENES","4.94800961470929e-06","0.00015422193011064","0.610526878385931","0.526784825385812","1.66558884766919","239","c(""Nme1"", ""Hspd1"", ""Hspe1"", ""Timm10"", ""Sdad1"", ""Eif2s1"", ""Rrp1b"", ""Calr"", ""Ybx3"", ""Eif3g"", ""Nip7"", ""Mphosph10"", ""Polr1b"", ""Ppat"", ""Ddx18"", ""Prmt3"", ""Timm13"", ""Mrpl17"", ""Vars"", ""Rps27l"", ""Rps8"", ""Naf1"", ""Snrpd3"", ""Nop14"", ""Eif2b3"", ""Naa50"", ""Agpat5"", ""Mrpl20"", ""Myc"", ""Denr"", ""Wdr36"", ""Mrpl21"", ""Banf1"", ""Rpl5"", ""Prmt5"", ""Ndufa5"", ""Lrrc59"", ""Comtd1"", ""Ppif"", ""Bcat1"", ""Rps20"", ""Rps17"", ""Trap1"", ""Las1l"", ""Ddx10"", ""Rwdd1"", ""Xpot"", ""Kcnn2"", ""Stoml2"", ""Hnrnpd"", ""Ssrp1"", ""Paics"", ""Pfas"", ""Xrcc5"", ""Magoh"", 
""Tmed5"", ""Pabpc4"", ""Rpl18"", ""Pole3"", ""Nme6"", ""Ndufs7"", ""Psmg3"", ""Mrps27"", ""Drg2"", ""Bid"", ""Exosc8"", ""Orai1"", ""Crls1"", ""Ddx46"", ""Eftud2"", ""Psmd3"", ""Trnt1"", ""Uchl5"", ""Phlda3"", ""Rnf126"", ""Dus1l"", ""Ddx1"", ""Klhdc4"", ""Dnajc11"", ""Nup54"", ""Got2"")"
"443","NFAT5_TARGET_GENES","0.000240416761456442","0.00403155007880904","0.518848077743792","0.564701821308907","1.66606266896289","108","c(""Npm1"", ""Rps2"", ""Erh"", ""Cct8"", ""Hspa5"", ""Cct5"", ""Rps19"", ""Prdx1"", ""Hspa4"", ""Wdr77"", ""Pum3"", ""Mak16"", ""Nop14"", ""Spata5"", ""Noa1"", ""Eif5b"", ""Rpl10a"", ""Denr"", ""Nol9"", ""Mettl16"", ""Etf1"", ""Stip1"", ""Rpp38"", ""Dis3"", ""Mrps14"", ""Dars"", ""Dpy30"", ""Psmb2"", ""Ppm1g"", ""Ampd2"", ""Rps3a1"", ""Ciapin1"", ""Nasp"")"
"444","GOMF_NUCLEOBASE_CONTAINING_COMPOUND_KINASE_ACTIVITY","0.00355984599928912","0.0331423974122128","0.431707695803346","0.780866260880381","1.66755207222126","15","c(""Nme1"", ""Guk1"", ""Nol9"", ""Uck2"", ""Ak6"", ""Nme2"", ""Adk"", ""Dtymk"", ""Nme4"", ""Ak2"", ""Nme6"")"
"445","REACTOME_PHASE_I_FUNCTIONALIZATION_OF_COMPOUNDS","0.00484984359418911","0.0415623979577809","0.407017918923954","0.713430018736203","1.66780835263609","22","c(""Hsp90ab1"", ""Ptges3"", ""Cyp51"", ""Adh5"")"
"446","GOMF_DNA_NUCLEASE_ACTIVITY","0.00542462142861172","0.0443480512358427","0.407017918923954","0.692368303819506","1.66911527818527","27","c(""Nme1"", ""Apex1"", ""Aen"", ""Rexo2"", ""Endog"")"
"447","PASQUALUCCI_LYMPHOMA_BY_GC_STAGE_UP","0.000312773970568436","0.00495513458897784","0.49849310876659","0.567062262810868","1.6721447866994","104","c(""Ppa1"", ""Fabp5"", ""Hivep3"", ""Rexo2"", ""Rrp1b"", ""Slc7a5"", ""Cdv3"", ""Hsp90b1"", ""Mtdh"", ""Agpat5"", ""Ccnd2"", ""Pdia6"", ""Gusb"", ""Uck2"", ""Trib1"", ""Nars"", ""Pla2g12a"", ""Abcb1b"", ""Rpn1"", ""Manf"", ""Tacc2"", ""Asns"", ""Cltb"", ""Ckap4"", ""Tpst1"", ""Pdia4"", ""Ergic1"", ""Phlda3"", ""Lars"", ""Slc16a6"", ""Spats2"", ""Pdia3"", ""P4hb"", ""Tjp1"", ""Lman1"", ""Slc25a39"", ""Rrbp1"", ""Ctsz"", ""Kdelr2"", ""Hdlbp"", ""Pgam2"")"
"448","TABULA_MURIS_SENIS_TRACHEA_ENDOTHELIAL_CELL_AGEING","0.000616972773695585","0.00858820110957325","0.477270815362862","0.584185706168387","1.67558026751258","79","c(""Rpl14"", ""Ybx1"", ""Rpsa"", ""Rrp9"", ""Phb2"", ""Eef1d"", ""Rpl3"", ""Prdx1"", ""Txnl4a"", ""Psma7"", ""Cox5a"", ""Ptma"", ""Glrx3"", ""Mrpl15"", ""Smco4"", ""Lsm2"", ""Timm17a"", ""Denr"", ""Aldoa"", ""Ahsa1"", ""Rpl13"", ""Mrps24"", ""Egfl7"", ""Vdac2"", ""Stoml2"", ""Ube2e1"", ""Dpy30"", ""Rps3a1"", ""Rplp0"", ""Rps3"")"
"449","DARWICHE_PAPILLOMA_RISK_HIGH_UP","0.00227386592335893","0.0236243135334483","0.431707695803346","0.595859215410331","1.67581514841813","70","c(""Srm"", ""Nhp2"", ""Hspd1"", ""Ncl"", ""Fam162a"", ""Cacybp"", ""Pgam1"", ""Ldha"", ""Eef1d"", ""Eef1b2"", ""Galk1"", ""Pdcd5"", ""Eml4"", ""Dynll1"", ""Rps3a1"", ""Mrps18a"", ""Trmt1"", ""Qdpr"", ""Suclg2"")"
"450","GOCC_INNER_MITOCHONDRIAL_MEMBRANE_PROTEIN_COMPLEX","0.00197845811599417","0.0213201956084935","0.431707695803346","0.593414490849427","1.67694722132374","71","c(""Atp5g1"", ""Timm9"", ""Timm10"", ""Phb"", ""Phb2"", ""Cox5a"", ""Ndufab1"", ""Uqcrq"", ""Ndufa12"", ""Timm17a"", ""Atp5b"", ""Atp5g3"", ""Timm50"", ""Ndufa5"", ""Cox7b"", ""Atp5o"", ""Immt"", ""Cyc1"", ""Chchd6"", ""Atp5d"", ""Sdhb"", ""Ndufb6"", ""Atp5e"", ""Ndufs7"", ""Uqcr11"", ""Ndufa10"", ""Ndufa4"", ""Ndufs6"", ""Cox4i2"", ""Dnajc11"")"
"451","GOBP_NUCLEAR_TRANSCRIBED_MRNA_CATABOLIC_PROCESS","0.00234640581511663","0.02420258516132","0.431707695803346","0.667492657993058","1.67806788855","35","c(""Mrto4"", ""Ybx1"", ""Syncrip"", ""Exosc5"", ""Exosc7"", ""Lsm7"", ""Gspt1"", ""Magohb"", ""Lsm4"", ""Etf1"", ""Hnrnpab"", ""Hnrnpd"", ""Magoh"", ""Exosc8"", ""Rnps1"", ""Ncbp1"", ""Atm"", ""Ssb"", ""Eif4a3"")"
"452","ZFP984_TARGET_GENES","0.00339797683907461","0.0321803276522353","0.431707695803346","0.662400592723068","1.67864590884142","36","c(""Hsp90ab1"", ""Shmt1"", ""Rexo2"", ""Tfap4"", ""Hspa4"", ""Wdr75"", ""Cyp51"", ""Ahsa1"", ""Yars"", ""Psma3"", ""Rab26os"", ""Slc3a2"", ""Lars"", ""Ptp4a1"")"
"453","GOBP_FATTY_ACID_BIOSYNTHETIC_PROCESS","0.00171033197825877","0.0191229058508729","0.45505986738723","0.628903836910753","1.6790948345422","53","c(""Mif"", ""Fabp5"", ""Ptges3"", ""Ndufab1"", ""Fasn"", ""Rpp14"", ""Eif6"", ""Mecr"", ""Elovl4"", ""Hacd1"", ""Acaca"")"
"454","GOBP_POSITIVE_REGULATION_OF_AMIDE_METABOLIC_PROCESS","0.00186213429018473","0.0204977738084634","0.45505986738723","0.614556797690169","1.68067153583258","60","c(""Npm1"", ""Eif5a"", ""C1qbp"", ""Ybx1"", ""Prmt1"", ""Cnbp"", ""Nat10"", ""Syncrip"", ""Cdk4"", ""Rps27l"", ""Uqcc2"", ""Larp4"", ""Larp1"", ""Eif6"", ""Eif4g1"", ""Rpl5"")"
"455","GOBP_POSITIVE_REGULATION_OF_TELOMERE_MAINTENANCE","0.00347377127332406","0.0326056927209713","0.431707695803346","0.683914006579779","1.68148401000092","32","c(""Gnl3"", ""Dkc1"", ""Cct3"", ""Cct8"", ""Cct5"", ""Tcp1"", ""Naf1"", ""Ruvbl1"", ""Cct2"", ""Cct7"", ""Ruvbl2"", ""Hnrnpd"", ""Xrcc5"", ""Pkib"")"
"456","MIR_878_3P","0.00415701722715397","0.0369047891605697","0.407017918923954","0.715031757856254","1.68220661716286","23","c(""Timm9"", ""Ybx3"", ""Hsp90b1"", ""Heatr3"", ""Mrpl36"", ""Tfrc"", ""Hnrnpd"")"
"457","GOCC_INTRACELLULAR_PROTEIN_CONTAINING_COMPLEX","2.90253001751221e-06","9.62197089620378e-05","0.627256739718528","0.52716641482568","1.68250207825823","280","c(""Hsp90ab1"", ""Eif4a1"", ""Cct3"", ""Ybx1"", ""Cacybp"", ""Hspa8"", ""Cct8"", ""Mat2a"", ""Eef1e1"", ""Aimp2"", ""Polr2f"", ""Ptges3"", ""Cct5"", ""Polr2h"", ""Eprs"", ""Polr1b"", ""Psmb5"", ""Psma7"", ""Wdr77"", ""Polr3h"", ""Syncrip"", ""Tcp1"", ""Sdf2l1"", ""Polr3d"", ""Rpp40"", ""Psmd7"", ""Rars"", ""Ruvbl1"", ""Psme3"", ""Cct2"", ""Polr2e"", ""Eif2b3"", ""Polr1a"", ""Naa25"", ""Wdr83os"", ""Rpp14"", ""Naa50"", ""Larp1"", ""Psmg1"", ""Cct7"", ""Polr3e"", ""Kat2a"", ""Ruvbl2"", ""Pop1"", ""Iars"", ""Eif4g1"", ""Pcgf6"", ""Stip1"", ""Bag2"", ""Tsen2"", ""Rpp38"", ""Rpl5"", ""Eif4e"", ""Kars"", ""Telo2"", 
""Las1l"", ""Psma5"", ""Morf4l2"", ""Gtf2f2"", ""Psma3"", ""Psma4"", ""Psmg2"", ""Dars"", ""Ube2e1"", ""Pold2"", ""Pole4"", ""Psmb2"", ""Xrcc5"", ""Sgf29"", ""Ppp3ca"", ""Sf3b3"", ""Psmd6"", ""Wdr5"", ""Nfkb2"", ""Polr3k"", ""Pole3"", ""Dcun1d5"", ""Ppp5c"", ""Prkar2a"", ""Psmb6"", ""Prr5"", ""Tada2a"", ""Sf3b5"", ""Psmc5"", ""Polr2l"", ""Dcaf13"", ""Psmd1"", ""Psmd3"", ""Ide"", ""Naa10"", ""Uchl5"", ""Usp14"", ""Psmd12"", ""Ddx1"", ""Lars"", ""Ing5"", ""Cks1b"", ""Ncbp1"", ""Naa15"", ""Ccnh"", ""Txnl1"")"
"458","GOBP_PURINE_NUCLEOSIDE_MONOPHOSPHATE_BIOSYNTHETIC_PROCESS","0.00485558964807554","0.0415623979577809","0.407017918923954","0.753002273569935","1.68502458940847","18","c(""Aprt"", ""Gart"", ""Atic"", ""Impdh2"", ""Ppat"", ""Adk"", ""Paics"", ""Adsl"", ""Gmps"", ""Pfas"", ""Ampd2"", ""Hprt"", ""Nudt2"")"
"459","TABULA_MURIS_SENIS_MARROW_NAIVE_B_CELL_AGEING","3.24373165915159e-05","0.000747100444386923","0.557332238758646","0.544937832547627","1.68704060101909","183","c(""Srm"", ""Nme1"", ""Npm1"", ""Mif"", ""Eif5a"", ""C1qbp"", ""Hsp90ab1"", ""Nhp2"", ""Pa2g4"", ""Ranbp1"", ""Mrpl12"", ""Ybx1"", ""Erh"", ""Pebp1"", ""Cycs"", ""Ldha"", ""Phb2"", ""Phgdh"", ""Eef1d"", ""Rpl3"", ""Anp32b"", ""Psmb5"", ""Tpi1"", ""Psma7"", ""Serbp1"", ""Cdk4"", ""Sdf2l1"", ""Exosc5"", ""Uqcc2"", ""Ptma"", ""Psmd7"", ""Glrx3"", ""Tomm20"", ""Snrpa"", ""Ndufa12"", ""Mtdh"", ""Atp5g3"", ""Denr"", ""Nap1l1"", ""Aldoa"", ""Rpl13"", ""Mrpl36"", ""Gadd45gip1"", ""Psme2"", ""Eif3i"", ""Hint1"", ""Atp5o"", ""Slc25a3"", ""Vdac2"", ""Psma5"", ""Nme2"", ""Adk"", ""Dtymk"", ""Psmb2"", ""Rps3a1"", ""Atp5d"", 
""Sdhb"", ""Rplp0"", ""Creg1"")"
"460","GOBP_MITOCHONDRIAL_TRANSPORT","0.00191429223444484","0.0209276969077836","0.45505986738723","0.624120036084776","1.68919497579634","57","c(""Hspd1"", ""Hsp90aa1"", ""Timm9"", ""Tomm40"", ""Tomm5"", ""Timm10"", ""Hspa4"", ""Chchd4"", ""Timm13"", ""Tomm20"", ""Timm17a"", ""Siva1"", ""Hk2"", ""Pdcd5"", ""Timm50"", ""Tomm70a"", ""Ppif"", ""Vdac2"", ""Mtx2"", ""Bcl2"")"
"461","WP_AMINO_ACID_METABOLISM","0.0024117872063876","0.0246113872395603","0.431707695803346","0.645213432102612","1.68927587769075","45","c(""Srm"", ""Ldha"", ""Odc1"", ""Eprs"", ""Cad"", ""Vars"", ""Rars"", ""Adh5"", ""Iars"", ""Farsb"", ""Bcat1"", ""Asns"", ""Got1"", ""Gsr"")"
"462","GOMF_INTRAMOLECULAR_OXIDOREDUCTASE_ACTIVITY","0.00385049570666689","0.0347757368153301","0.431707695803346","0.723295968052983","1.69087230038861","22","c(""Mif"", ""Ptges3"", ""Tpi1"", ""Mri1"", ""Idi1"", ""Pdia6"", ""Eci1"", ""Txndc5"", ""Pdia4"", ""Pdia3"", ""P4hb"")"
"463","GOCC_SPLICEOSOMAL_TRI_SNRNP_COMPLEX","0.00425523711345082","0.0374620677525242","0.407017918923954","0.710345446180016","1.69185203545919","25","c(""Txnl4a"", ""Snrpd1"", ""Snrpd2"", ""Snrpd3"", ""Snrpa"", ""Lsm7"", ""Lsm2"", ""Snrpf"", ""Lsm4"", ""Lsm6"", ""Prpf31"", ""Snrpb"", ""Ppih"", ""Snrnp40"")"
"464","REACTOME_CHAPERONIN_MEDIATED_PROTEIN_FOLDING","0.00219364847843419","0.0231260551908458","0.431707695803346","0.792370881683564","1.69212036928002","15","c(""Cct3"", ""Cct8"", ""Cct5"", ""Tcp1"", ""Cct2"", ""Cct7"")"
"465","GOBP_SPERM_EGG_RECOGNITION","0.00212865269332294","0.0225652924144308","0.431707695803346","0.793318243518333","1.6941434752456","15","c(""Cct3"", ""Cct8"", ""Cct5"", ""Tcp1"", ""Cct2"", ""Cct7"", ""Aldoa"", ""Vdac2"")"
"466","GOCC_U2_TYPE_SPLICEOSOMAL_COMPLEX","0.00164843242733744","0.0186097637220084","0.45505986738723","0.644067523322095","1.698430479829","49","c(""Txnl4a"", ""Snrpd1"", ""Prpf19"", ""Snrpd2"", ""Snrpd3"", ""Snrpa1"", ""Lsm7"", ""Lsm2"", ""Snrpf"", ""Magohb"", ""Lsm4"", ""Lsm6"", ""Ppie"", ""Prpf31"", ""Snrpb"", ""Luc7l"", ""Snrnp40"", ""Sf3b3"", ""Phf5a"", ""Htatsf1"", ""Ppil1"", ""Sf3b5"", ""Eftud2"", ""Sf3b6"", ""Sf3a1"")"
"467","GOBP_PYRIMIDINE_CONTAINING_COMPOUND_METABOLIC_PROCESS","0.00435880558031383","0.0379905015244678","0.407017918923954","0.716187456777229","1.69866510566746","24","c(""Nme1"", ""Shmt1"", ""Dctpp1"", ""Ctps"", ""Cad"", ""Dctd"", ""Umps"", ""Uck2"", ""Pycrl"", ""Nme2"", ""Dtymk"", ""Dut"", ""Nme4"", ""Nme6"")"
"468","TABULA_MURIS_SENIS_KIDNEY_PODOCYTE_AGEING","0.000893208520690086","0.011694409521784","0.477270815362862","0.581765332714899","1.70048413483036","91","c(""Nme1"", ""Mif"", ""Rps2"", ""Nhp2"", ""Hspe1"", ""Pebp1"", ""Rpsa"", ""Lap3"", ""Eef1b2"", ""Rps19"", ""Rps18"", ""Timm13"", ""Rps27l"", ""St13"", ""Rps12"", ""Eif6"", ""Bola2"", ""Psmg4"", ""Sfxn1"", ""Hint1"", ""Gpx1"", ""Rps16"", ""Rps17"", ""Ivns1abp"", ""Krtcap2"", ""Nme2"", ""Ndrg1"", ""Rplp0"", ""Ak2"")"
"469","GOCC_AXONAL_GROWTH_CONE","0.00193366558500745","0.0210215043356265","0.45505986738723","0.796630200240755","1.70121621045298","15","c(""Hsp90ab1"", ""Hsp90aa1"", ""Fkbp4"", ""Smo"")"
"470","GOBP_REGULATION_OF_TELOMERE_MAINTENANCE_VIA_TELOMERE_LENGTHENING","0.00295945795275641","0.0291123350927238","0.431707695803346","0.703239587395748","1.70232434778608","28","c(""Dkc1"", ""Cct3"", ""Cct8"", ""Cct5"", ""Nat10"", ""Tcp1"", ""Naf1"", ""Pinx1"", ""Cct2"", ""Cct7"", ""Parp1"")"
"471","GOBP_POSITIVE_REGULATION_OF_MYELOID_LEUKOCYTE_CYTOKINE_PRODUCTION_INVOLVED_IN_IMMUNE_RESPONSE","0.00308162872930423","0.0301075651832364","0.431707695803346","0.785257891853114","1.702448239559","16","c(""Mif"", ""Ddx21"", ""Ddx1"", ""Nr4a3"")"
"472","TABULA_MURIS_SENIS_TRACHEA_MACROPHAGE_AGEING","0.0019472098860222","0.0211101109571594","0.45505986738723","0.6727746466116","1.70439870112553","38","c(""Eif5a"", ""Hsp90ab1"", ""Rpl14"", ""Ranbp1"", ""Fabp5"", ""Pebp1"", ""Rpsa"", ""Ldha"", ""Rpl3"", ""Serbp1"", ""Exosc5"")"
"473","GOBP_REGULATION_OF_DNA_BIOSYNTHETIC_PROCESS","0.00118844492665716","0.0144994122729968","0.45505986738723","0.612771234374826","1.70744463200983","65","c(""Npm1"", ""Hsp90aa1"", ""Dkc1"", ""Cct3"", ""Cct8"", ""Ptges3"", ""Cct5"", ""Nat10"", ""Tcp1"", ""Naf1"", ""Pinx1"", ""Cct2"", ""Cct7"", ""Myc"", ""Dnajc2"", ""Gfer"", ""Hnrnpd"", ""Xrcc5"")"
"474","GOMF_PROTEIN_FOLDING_CHAPERONE_BINDING","0.00167167046691705","0.0187980982897437","0.45505986738723","0.65219241978534","1.70754802603198","45","c(""Hspd1"", ""Hspe1"", ""Hspa9"", ""Timm9"", ""Hspa8"", ""Timm10"", ""Ptges3"", ""Sdf2l1"", ""St13"", ""Ahsa1"", ""Dnajc2"", ""Stip1"", ""Bag2"", ""Tfrc"", ""Pfdn6"")"
"475","GOBP_NEGATIVE_REGULATION_OF_MRNA_METABOLIC_PROCESS","0.00235720126013424","0.0242346656887496","0.431707695803346","0.685277215212061","1.70898561867394","34","c(""Npm1"", ""C1qbp"", ""Ybx1"", ""Srsf7"", ""Syncrip"", ""Larp1"", ""Mettl16"", ""Srsf6"", ""Hnrnpab"", ""Hnrnpd"")"
"476","GOMF_MRNA_5_UTR_BINDING","0.00263914265416758","0.0266469773268505","0.431707695803346","0.789993463835176","1.71271501467557","16","c(""Gnl3"", ""Ncl"", ""Rsl1d1"", ""Shmt1"", ""Shmt2"", ""Cct5"", ""Syncrip"", ""Larp1"", ""Rpl5"")"
"477","TABULA_MURIS_SENIS_MARROW_HEMATOPOIETIC_STEM_CELL_AGEING","9.84619240577094e-09","6.80336306591522e-07","0.747739663149885","0.528349337378098","1.71443307534968","369","c(""Srm"", ""Nme1"", ""Npm1"", ""Eif5a"", ""C1qbp"", ""Nhp2"", ""Mrto4"", ""Rpl14"", ""Fbl"", ""Ranbp1"", ""Apex1"", ""Gar1"", ""Ppa1"", ""Lyar"", ""Mrpl12"", ""Rrp15"", ""Ybx1"", ""Erh"", ""Pebp1"", ""Tomm40"", ""Ebna1bp2"", ""Rpsa"", ""Mrps18b"", ""Phb"", ""Nop16"", ""Rexo2"", ""Ldha"", ""Phb2"", ""Eef1d"", ""Eif3g"", ""Rpl3"", ""Anp32b"", ""Galk1"", ""Prdx1"", ""Npm3"", ""Psma7"", ""Nudc"", ""Serbp1"", ""Chchd4"", ""Cox5a"", ""Wdr74"", ""Park7"", ""Tmem97"", ""Mrpl17"", ""Brix1"", ""Sdf2l1"", ""Exosc5"", ""Ptma"", ""Wdr18"", ""Psmd7"", ""Guk1"", ""Glrx3"", ""Exosc7"", ""Mri1"", ""Snrpa"", ""Ndufa12"", ""Snrpa1"", 
""Sod2"", ""Polr2e"", ""Smco4"", ""Lsm2"", ""Wdr83os"", ""Atp5g3"", ""Ccnd2"", ""Eif6"", ""Psmg1"", ""Ruvbl2"", ""Aldoa"", ""Lsm4"", ""U2af1"", ""Ahsa1"", ""Hdgf"", ""Rpl13"", ""Timm50"", ""Bri3bp"", ""Eif4ebp1"", ""Sfxn1"", ""Uck2"", ""Mrps10"", ""Gadd45gip1"", ""Psme2"", ""Eif3i"", ""Clpp"", ""Rpl5"", ""Mrpl2"", ""Tuba4a"", ""Pycrl"", ""Ppif"", ""Tsfm"", ""Egfl7"", ""Atp5o"", ""Alad"", ""Slc25a3"", ""Mrpl16"", ""Dohh"", ""Ppie"", ""Gtf3a"", ""Rpl4"", ""Psma5"", ""Psma3"", ""Fxn"", ""Fkbp3"", ""Snrpb"", ""Chchd2"", ""Manf"", ""Stoml2"", ""Sac3d1"", ""Dtymk"", ""Ube2e1"", ""Pold2"", ""Psmb2"", ""Mrps12"", 
""Cltb"", ""Sgf29"", ""Pfdn6"", ""Cyc1"", ""Chchd6"", ""Rps3a1"", ""Dnph1"", ""Mrps18a"", ""Atp5d"", ""Yif1b"", ""Tspan4"", ""Rplp0"", ""Creg1"", ""Ak2"", ""Mrpl38"", ""Dtd1"", ""Rps3"", ""Fdps"", ""Ciapin1"", ""Ndufs7"", ""Psmb6"", ""Hmbs"", ""Pgls"", ""Pin1"", ""Exosc8"", ""Ppil1"", ""Psmc5"", ""Orai1"", ""Ndufa10"", ""Thoc3"", ""Ifitm2"", ""Nubp1"", ""Naa10"", ""Uchl5"", ""Psmd12"")"
"478","GOBP_SMALL_MOLECULE_BIOSYNTHETIC_PROCESS","8.03265393233432e-06","0.000232662981322916","0.593325476396405","0.550351958610362","1.71639266209291","195","c(""Mif"", ""Shmt1"", ""Fabp5"", ""Aprt"", ""Pgam1"", ""Mthfd1"", ""Shmt2"", ""Ldha"", ""Mtap"", ""Ptges3"", ""Phgdh"", ""Tpi1"", ""Prmt3"", ""Park7"", ""Cad"", ""Ndufab1"", ""Mri1"", ""Psat1"", ""Fasn"", ""Rpp14"", ""Idi1"", ""Eif6"", ""Cyp51"", ""Kat2a"", ""Aldoa"", ""Coq2"", ""Mecr"", ""Pdxk"", ""Pycrl"", ""Bcat1"", ""Elovl4"", ""Aasdhppt"", ""Adk"", ""Dtymk"", ""Hacd1"", ""Acaca"", ""Asns"", ""Got1"", ""Wdr5"", ""Qdpr"", ""Fdps"", ""Pdss1"", ""Pgd"", ""Msmo1"", ""Coq7"", ""Nfkb1"", ""Erlin1"", ""Cbs"", ""Hprt"")"
"479","GOCC_CYTOSOLIC_RIBOSOME","0.000388273951785072","0.00587533275326488","0.49849310876659","0.598796537976509","1.7164838570334","80","c(""Rps2"", ""Nhp2"", ""Rpl14"", ""Rsl1d1"", ""Rpsa"", ""Rpl36al"", ""Abce1"", ""Rpl3"", ""Rps19"", ""Rps18"", ""Rps27a"", ""Rpl8"", ""Rps27l"", ""Rps8"", ""Larp4"", ""Rps25"", ""Rps12"", ""Gspt1"", ""Rpl10a"", ""Rpl21"", ""Rpl13"", ""Rps5"", ""Etf1"", ""Dhx29"", ""Usp10"", ""Rpl5"", ""Rps16"", ""Rps20"", ""Rps17"", ""Rpl4"", ""Rps15"", ""Rps3a1"", ""Rplp0"", ""Rpl18"", ""Rps6"", ""Rps3"")"
"480","GOBP_POSITIVE_REGULATION_OF_TRANSCRIPTION_BY_RNA_POLYMERASE_I","0.00354014790205862","0.0330125987289532","0.431707695803346","0.761333245614941","1.71681037358923","19","c(""Ncl"", ""Lyar"", ""Mybbp1a"", ""Ddx21"", ""Wdr43"", ""Wdr75"", ""Nol11"", ""Heatr1"", ""Pwp1"", ""Utp15"", ""Carm1"")"
"481","GOCC_SMALL_NUCLEAR_RIBONUCLEOPROTEIN_COMPLEX","0.00111108233618773","0.0136739424850572","0.45505986738723","0.654863835617283","1.71822132541154","46","c(""Nolc1"", ""Txnl4a"", ""Snrpd1"", ""Snrpd2"", ""Snrpd3"", ""Snrpa"", ""Snrpa1"", ""Lsm7"", ""Lsm2"", ""Snrpf"", ""Lsm4"", ""Lsm6"", ""Prpf31"", ""Snrpb"", ""Ppih"", ""Luc7l"", ""Snrnp40"", ""Sf3b3"", ""Phf5a"", ""Htatsf1"", ""Sf3b5"", ""Eftud2"", ""Sf3b6"", ""Sf3a1"")"
"482","GOMF_RNA_POLYMERASE_II_GENERAL_TRANSCRIPTION_INITIATION_FACTOR_BINDING","0.00241789992739253","0.0246299397577196","0.431707695803346","0.792563157154938","1.71828613967007","16","c(""Fbl"", ""Nolc1"", ""Nop58"", ""Znhit6"", ""Ruvbl1"", ""Ruvbl2"")"
"483","REACTOME_RMTS_METHYLATE_HISTONE_ARGININES","0.00133397156629924","0.0158391861961203","0.45505986738723","0.804640988898864","1.71832337450422","15","c(""Rps2"", ""Prmt1"", ""Wdr77"", ""Prmt3"", ""Cdk4"", ""Prmt7"", ""Prmt5"", ""Rbbp7"", ""Carm1"", ""Wdr5"")"
"484","GOMF_SNRNA_BINDING","0.00308130775936852","0.0301075651832364","0.431707695803346","0.750967329272327","1.71932241306302","20","c(""Eif5a"", ""Ddx21"", ""Snrpd3"", ""Snrpa"", ""Snrpa1"", ""Lsm4"", ""Mettl16"", ""Prpf31"", ""Sf3b3"", ""Eftud2"")"
"485","GOMF_HEAT_SHOCK_PROTEIN_BINDING","0.0011713274087901","0.0143845025469191","0.45505986738723","0.654888786004208","1.72172621980158","47","c(""Hsp90ab1"", ""Hspa9"", ""Hspa8"", ""Fkbp4"", ""Hspa5"", ""Ptges3"", ""Eef1d"", ""Ppid"", ""St13"", ""Ahsa1"", ""Dnajc2"", ""Stip1"", ""Bag2"", ""Telo2"", ""Tfrc"", ""Rps3"", ""Ppp5c"", ""Nfkb1"", ""Kpnb1"", ""Irak1"")"
"486","GOCC_ENVELOPE","1.31598445949086e-09","1.16110321156616e-07","0.788186810800237","0.525908343190371","1.72218136514566","430","c(""Nme1"", ""Eif5a"", ""Hspd1"", ""Atp5g1"", ""Ranbp1"", ""Ran"", ""Timm9"", ""Atad3a"", ""Mrpl12"", ""Pebp1"", ""Ndufaf4"", ""Tomm40"", ""Cacybp"", ""Cycs"", ""Gtpbp4"", ""Tomm5"", ""Mrps18b"", ""Timm10"", ""Phb"", ""Shmt2"", ""Aen"", ""Rexo2"", ""Utp18"", ""Phb2"", ""Calr"", ""Mrps28"", ""Chchd4"", ""Timm13"", ""Sigmar1"", ""Thop1"", ""Cox5a"", ""Park7"", ""Tmem97"", ""Mrpl17"", ""Cdk4"", ""Ndufab1"", ""Uqcc2"", ""Canx"", ""Tomm20"", ""Ipo5"", ""Uqcrq"", ""Ndufa12"", ""Endog"", ""Sod2"", ""Mrpl15"", ""Noa1"", ""Timm17a"", ""Mrpl19"", ""Atp5b"", ""Atp5g3"", ""Agpat5"", ""Ccnd2"", ""Hk2"", ""Mrpl20"", 
""Mrpl23"", ""Parp1"", ""Nup43"", ""Coq2"", ""Mrpl42"", ""Mrpl54"", ""Ndufaf6"", ""Timm50"", ""Bri3bp"", ""Alpl"", ""Mrpl36"", ""Sfxn1"", ""Dnajc2"", ""Mrps10"", ""Gadd45gip1"", ""Mrps24"", ""Tomm70a"", ""Mrpl21"", ""Mrpl2"", ""Ndufa5"", ""Ppif"", ""Cox7b"", ""Akap1"", ""Acsl5"", ""Atp5o"", ""Trap1"", ""Mrps7"", ""Wdr3"", ""Slc25a3"", ""Vdac2"", ""Xpot"", ""Mrpl16"", ""Chchd2"", ""Mrps15"", ""Stoml2"", ""Mrps14"", ""Nme2"", ""Mrps34"", ""Ipo7"", ""Mrps6"", ""Mrps12"", ""Immt"", ""Mtx2"", ""Cyc1"", ""Bcl2"", ""Cisd1"", ""Chchd6"", ""Rif1"", ""Mrps18a"", ""Atp5d"", ""Higd1a"", ""Sdhb"", ""Mrpl55"", ""Ndufb6"", 
""Eci1"", ""Nme4"", ""Ak2"", ""Atp5e"", ""Ccdc58"", ""Mrpl50"", ""Mrpl38"", ""Nutf2"", ""Rps3"", ""Mrps17"", ""Mrpl11"", ""Ndc1"", ""Coq7"", ""Ndufs7"", ""Nup93"", ""Chchd1"", ""Mrps27"", ""Bcl2a1b"", ""Uqcr11"", ""Bid"", ""Kpnb1"", ""Cenpv"", ""Crls1"", ""Gja1"", ""Gsto1"", ""Mrps5"", ""Ndufa10"", ""Ndufa4"", ""Ndufs6"", ""Dpy19l1"", ""Mrpl47"", ""Samm50"", ""Cox4i2"", ""Mrps22"", ""Dnajc11"", ""Nup54"", ""Nup188"")"
"487","GOBP_POSITIVE_REGULATION_OF_MRNA_METABOLIC_PROCESS","0.00117620117054651","0.0144134908399235","0.45505986738723","0.665367308075676","1.72221870612414","43","c(""Ncl"", ""Ybx1"", ""Hspa8"", ""Wdr77"", ""Syncrip"", ""Exosc5"", ""Prpf19"", ""Rbmxl1"", ""Exosc7"", ""Mettl16"", ""Prmt5"", ""Clns1a"", ""Hnrnpd"")"
"488","GOBP_REGULATION_OF_TRANSCRIPTION_BY_RNA_POLYMERASE_I","0.00302147843898663","0.029620818542886","0.431707695803346","0.752693844271557","1.72327522940929","20","c(""Ncl"", ""Lyar"", ""Mybbp1a"", ""Ddx21"", ""Wdr43"", ""Wdr75"", ""Nol11"", ""Heatr1"", ""Pwp1"", ""Utp15"", ""Carm1"")"
"489","REACTOME_GAMMA_CARBOXYLATION_HYPUSINYLATION_HYDROXYLATION_AND_ARYLSULFATASE_ACTIVATION","0.00232526145257129","0.02402770167657","0.431707695803346","0.737449654821447","1.72395983019967","22","c(""Eif5a"", ""Rpl8"", ""Etf1"", ""Dph5"", ""Rwdd1"", ""Dohh"", ""Rps6"", ""Dph3"", ""Drg2"", ""Tpst1"", ""Rpl27a"")"
"490","CCL5_TARGET_GENES","3.32633929085997e-09","2.6495216434836e-07","0.774939030136436","0.527802303421224","1.72422940876651","390","c(""Npm1"", ""Rps2"", ""Hsp90ab1"", ""Hspd1"", ""Hspe1"", ""Eif4a1"", ""Ncl"", ""Ranbp1"", ""Set"", ""Nop56"", ""Hsp90aa1"", ""Shmt1"", ""Cct3"", ""Mrpl12"", ""Ybx1"", ""Ebna1bp2"", ""Hspa8"", ""Lap3"", ""Fkbp4"", ""Ddx21"", ""Zfp593"", ""Ldha"", ""Rpl36al"", ""Phb2"", ""Hspa5"", ""Nifk"", ""Tma16"", ""Rpl3"", ""Ppid"", ""Rps19"", ""Hsph1"", ""Ddx27"", ""Pprc1"", ""Srsf7"", ""Ddx18"", ""Psma7"", ""Eif1a"", ""Rps27a"", ""Ece2"", ""Wdr77"", ""Mrpl17"", ""Syncrip"", ""Slc7a1"", ""Brix1"", ""Ndufab1"", ""Aatf"", ""Prpf19"", ""Rps27l"", ""Ipo4"", ""Snrpa"", ""Zmynd19"", ""Ndufa12"", ""Nudt19"", ""Exosc1"", 
""St13"", ""Rsl24d1"", ""Ruvbl1"", ""Psme3"", ""Snhg12"", ""Mtdh"", ""Polr1a"", ""Noa1"", ""Fasn"", ""Cluh"", ""Rpp14"", ""Timm17a"", ""Eif6"", ""Rpl21"", ""Kat2a"", ""Mir17hg"", ""Eif3c"", ""Parp1"", ""Ahsa1"", ""Hdgf"", ""Eif4g1"", ""Bola2"", ""Yrdc"", ""Bcap29"", ""Cdk6"", ""Btf3"", ""Nudcd2"", ""Cdca7l"", ""Abhd14a"", ""Banf1"", ""Rpl5"", ""Prmt5"", ""Rps20"", ""Mrps7"", ""Dynll1"", ""Rcc1"", ""Rpn1"", ""Tfrc"", ""Ppie"", ""Gtf3a"", ""Tcerg1"", ""Stoml2"", ""Snx5"", ""Atp2a2"", ""Pole4"", ""Asns"", ""Dnmt3b"", ""Ppm1g"", ""Xrcc5"", ""Ampd2"", ""Hirip3"", ""Mrps18a"", ""Higd1a"", ""Rplp0"", ""Rpl18"", 
""Rabggtb"", ""Nfkb2"", ""Metap2"", ""Pdss1"", ""Ppp5c"", ""Znhit3"", ""Stk39"", ""Ndufs7"", ""Mogs"", ""Nfkbid"", ""Drg2"", ""Pgls"", ""Aven"", ""E2f1"", ""Orai1"", ""Crls1"", ""Wdr12"", ""Pradc1"", ""Psmd3"", ""Txndc5"", ""Rpn2"", ""Usp14"", ""Ddx1"", ""Mir155hg"", ""Ptp4a1"", ""Chac1"", ""Nup54"", ""Nlrp6"", ""Dnlz"", ""Pdia3"", ""Stard7"", ""Snhg6"")"
"491","REACTOME_PROCESSING_OF_CAPPED_INTRON_CONTAINING_PRE_MRNA","6.11255784824966e-05","0.00129835256517451","0.538434096309916","0.575530367150645","1.72537620835812","129","c(""Ybx1"", ""Hspa8"", ""Polr2f"", ""Polr2h"", ""Txnl4a"", ""Snrpd1"", ""Srsf7"", ""Prpf19"", ""Snrpd2"", ""Snrpd3"", ""Srsf2"", ""Snrpa"", ""Snrpa1"", ""Lsm7"", ""Polr2e"", ""Lsm2"", ""Snrpf"", ""Magohb"", ""Lsm4"", ""U2af1"", ""Nup43"", ""Pcbp1"", ""Lsm6"", ""Eif4e"", ""Ppie"", ""Tcerg1"", ""Gtf2f2"", ""Prpf31"", ""Snrpb"", ""Hnrnpd"", ""Ppih"", ""Magoh"", ""Snrnp40"", ""Sf3b3"", ""Ndc1"", ""Nup93"", ""Phf5a"", ""Htatsf1"", ""Ppil1"", ""Sf3b5"", ""Polr2l"", ""Ddx46"", ""Eftud2"", ""Sf3b6"", ""Sf3a1"", ""Thoc3"", ""Nup54"", ""Nup188"", ""Rnps1"", ""Ncbp1"", ""Hnrnpa1"")"
"492","YAO_TEMPORAL_RESPONSE_TO_PROGESTERONE_CLUSTER_17","0.000246808340909709","0.0041027415510643","0.49849310876659","0.586375753925377","1.72713562922436","101","c(""Set"", ""Erh"", ""Fam162a"", ""Phb2"", ""Impdh2"", ""Psma7"", ""Cdk4"", ""Ndufab1"", ""Uqcrq"", ""Lsm7"", ""Ruvbl1"", ""Psmg1"", ""Nap1l1"", ""Eif1ax"", ""Lsm4"", ""Bcap29"", ""Mrpl36"", ""Tomm70a"", ""Mrpl2"", ""Mrps7"", ""Mrpl16"", ""Dohh"", ""Krtcap2"", ""Mrps15"", ""Mrps14"", ""Hnrnpd"", ""Nme2"", ""Pdap1"", ""Mrps34"", ""Adsl"", ""Mrps12"", ""Xrcc5"", ""Sdhb"", ""Ndufb6"", ""Polr3k"", ""Coq7"", ""Psmb6"", ""Txnrd1"", ""Hmbs"", ""Rpn2"", ""Ndufs6"", ""Naa10"", ""Ddx1"", ""Samm50"", ""Mrps22"", ""Stard7"", ""Cks1b"", ""Cnih1"", ""Romo1"", ""Tmem109"", ""Aldh9a1"", ""Slc25a39"", ""Eif4a3"")"
"493","ZHONG_SECRETOME_OF_LUNG_CANCER_AND_FIBROBLAST","0.000559317262138098","0.00792342848590004","0.477270815362862","0.611740995912075","1.72936645644527","72","c(""Npm1"", ""Hsp90ab1"", ""Ran"", ""Set"", ""Pebp1"", ""Lap3"", ""Ldha"", ""Mtap"", ""Calr"", ""Prdx1"", ""Psmb5"", ""Tpi1"", ""Psma7"", ""Park7"", ""Hsp90b1"", ""Rpl10a"", ""Aldoa"", ""Psma5"", ""Psma3"", ""Psma4"", ""Psmb2"", ""Got1"", ""Gsr"")"
"494","GOBP_MRNA_CATABOLIC_PROCESS","0.000355633198647485","0.0055138282901473","0.49849310876659","0.624048346338765","1.73350426701115","64","c(""Npm1"", ""Mrto4"", ""Apex1"", ""Ybx1"", ""Syncrip"", ""Exosc5"", ""Exosc7"", ""Lsm7"", ""Lsm2"", ""Gspt1"", ""Larp1"", ""Magohb"", ""Lsm4"", ""Tbrg4"", ""Mettl16"", ""Etf1"", ""Lsm6"", ""Hnrnpab"", ""Hnrnpd"", ""Magoh"", ""Fastkd2"", ""Pabpc4"")"
"495","BOYLAN_MULTIPLE_MYELOMA_C_D_UP","0.000304682156777413","0.00484031071777968","0.49849310876659","0.620175958857082","1.73706395833036","68","c(""Ncl"", ""Gar1"", ""Shmt1"", ""Nolc1"", ""Mthfd1"", ""Zfp593"", ""Eprs"", ""Sod2"", ""Agpat5"", ""Siva1"", ""Idi1"", ""Snrpf"", ""Nap1l1"", ""Farsb"", ""Bag2"", ""Bcat1"", ""Atp5o"", ""Tfrc"", ""Mrps6"", ""Scarb1"", ""Chchd6"", ""Taf1d"")"
"496","GOBP_PURINE_NUCLEOSIDE_MONOPHOSPHATE_METABOLIC_PROCESS","0.00226317275260832","0.023555890628328","0.431707695803346","0.72956131505782","1.7376190732418","25","c(""Aprt"", ""Gart"", ""Atic"", ""Impdh2"", ""Ppat"", ""Guk1"", ""Adk"", ""Paics"", ""Adsl"", ""Gmps"", ""Pfas"", ""Ampd2"", ""Dnph1"", ""Ak2"", ""Hprt"")"
"497","GOMF_P53_BINDING","0.00191578742399065","0.0209276969077836","0.45505986738723","0.743785695743425","1.73877179730898","22","c(""Npm1"", ""Hspd1"", ""Ybx1"", ""Noc2l"", ""Smyd2"", ""Ptges3"", ""Psme3"", ""Usp10"", ""Prmt5"")"
"498","GOCC_SM_LIKE_PROTEIN_FAMILY_COMPLEX","0.000412146505309815","0.00618759216741306","0.49849310876659","0.651214091283113","1.73893090392252","52","c(""Nolc1"", ""Txnl4a"", ""Snrpd1"", ""Snrpd2"", ""Snrpd3"", ""Snrpa"", ""Snrpa1"", ""Lsm7"", ""Strap"", ""Lsm2"", ""Snrpf"", ""Lsm4"", ""Lsm6"", ""Clns1a"", ""Prpf31"", ""Snrpb"", ""Ppih"", ""Luc7l"", ""Snrnp40"", ""Sf3b3"", ""Smn1"", ""Phf5a"", ""Htatsf1"", ""Sf3b5"", ""Eftud2"", ""Sf3b6"", ""Sf3a1"")"
"499","NFE2L1_TARGET_GENES","2.18371891322075e-07","1.02652688256729e-05","0.690132458796796","0.546121383905666","1.7390631770772","269","c(""Nme1"", ""Hsp90ab1"", ""Hspd1"", ""Hspe1"", ""Rpl14"", ""Hsp90aa1"", ""Cct3"", ""Mrpl12"", ""G3bp1"", ""Ndufaf4"", ""Fam162a"", ""Ftsj3"", ""Mrps18b"", ""Eif3b"", ""Ptges3"", ""Phgdh"", ""Mrps28"", ""Rps19"", ""Prdx1"", ""Txnl4a"", ""Hspa4"", ""Psmb5"", ""Psma7"", ""Surf2"", ""Ece2"", ""Mdn1"", ""Timm13"", ""Srsf2"", ""Ptma"", ""Guk1"", ""Rbmxl1"", ""Canx"", ""Tomm20"", ""Rps25"", ""Ruvbl1"", ""Hsp90b1"", ""Naa25"", ""Nes"", ""Nap1l1"", ""Eif1ax"", ""Aldoa"", ""Ahsa1"", ""Eif4g1"", ""Bcap29"", ""Dph5"", ""Dhx29"", ""Trib1"", ""Clpp"", ""Rpl5"", ""Ndufa5"", ""Nars"", ""Tuba4a"", ""Bcat1"", ""Atp5o"", 
""Slc25a3"", ""Cinp"", ""Rwdd1"", ""Xpot"", ""Rpl4"", ""Rbbp7"", ""Tfpi"", ""Psma4"", ""Ppih"", ""Paics"", ""Pold2"", ""Psmb2"", ""Luc7l"", ""Alg8"", ""Atp5d"", ""Trmt1"", ""Ifrd1"", ""Cdc34"", ""Creg1"", ""Rabggtb"", ""Rps6"", ""Rheb"", ""Dph3"", ""Psmb6"", ""Txnrd1"", ""Zfp771"", ""Gadd45g"", ""Col5a1"", ""Psmd1"", ""Ndufa10"", ""Psmd3"")"
"500","IVANOVA_HEMATOPOIESIS_EARLY_PROGENITOR","5.68801339324145e-06","0.000173514663884254","0.610526878385931","0.566232090414792","1.74145706410628","169","c(""Ncl"", ""Hspa9"", ""Ppa1"", ""Gpatch4"", ""Shmt1"", ""Nolc1"", ""G3bp1"", ""Ppan"", ""Gart"", ""Gcsh"", ""Sdad1"", ""Ccdc86"", ""Ppp1r14b"", ""Bzw2"", ""Ppid"", ""Prdx1"", ""Rcc2"", ""Pprc1"", ""Ddx18"", ""Cdk4"", ""Dctd"", ""Pinx1"", ""Umps"", ""Cluh"", ""Wdr36"", ""Parp1"", ""Mettl16"", ""Bri3bp"", ""Cdk6"", ""Dph5"", ""Mcm3"", ""Cdca7l"", ""Pdxk"", ""Lrrc59"", ""Ppif"", ""Rps20"", ""Dimt1"", ""Manf"", ""Nme2"", ""Pdap1"", ""Gmps"", ""Mrps12"", ""Pfas"", ""Luc7l"", ""Bcl2"", ""Utp6"", ""Qdpr"", ""Rpl18"", ""Nkg7"", ""Smn1"", ""Mrps27"", ""Syce2"", ""Cenpv"", ""Wdr12"", ""Gsto1"", ""Kdm2b"")"
"501","SCHLINGEMANN_SKIN_CARCINOGENESIS_TPA_UP","0.00179879511833429","0.0199537524248494","0.45505986738723","0.746696472236369","1.74557641334713","22","c(""Srm"", ""Nme1"", ""Mat2a"", ""Odc1"", ""Bop1"")"
"502","GOBP_TRANSCRIPTION_BY_RNA_POLYMERASE_I","0.0020813648749863","0.0221870400707183","0.431707695803346","0.736169038275285","1.74605774697332","24","c(""Ncl"", ""Lyar"", ""Mybbp1a"", ""Ddx21"", ""Wdr43"", ""Polr2f"", ""Wdr75"", ""Nol11"", ""Heatr1"", ""Pwp1"", ""Utp15"", ""Carm1"", ""Polr2l"", ""Tcof1"")"
"503","MIR_6913_3P","0.00200936783081129","0.0215800084451362","0.431707695803346","0.762663728327276","1.74610104944762","20","c(""Hspd1"", ""Fam136a"", ""Ptma"", ""Mri1"")"
"504","REACTOME_CELLULAR_RESPONSE_TO_HEAT_STRESS","0.000652151518020117","0.00901226254420572","0.477270815362862","0.664177433979295","1.74614641007968","47","c(""Hsp90ab1"", ""Hspa9"", ""Hsp90aa1"", ""Hspa8"", ""Fkbp4"", ""Hspa5"", ""Ptges3"", ""Hsph1"", ""Hspa4"", ""St13"", ""Nup43"", ""Rps19bp1"", ""Dnajc2"", ""Bag2"")"
"505","YAO_TEMPORAL_RESPONSE_TO_PROGESTERONE_CLUSTER_8","0.00104244960974157","0.012968434949822","0.45505986738723","0.718675670311099","1.7478411498732","29","c(""Mat2a"", ""Wdr43"", ""Hsph1"", ""Ctps"", ""Hk2"", ""Myc"", ""Alpl"", ""Bcat1"", ""Mthfd2"", ""Tfrc"", ""Usp14"", ""Fst"")"
"506","GOMF_ATP_DEPENDENT_ACTIVITY_ACTING_ON_RNA","0.00169224823945143","0.0189922576384618","0.45505986738723","0.743779100669334","1.74983853668906","23","c(""Eif4a1"", ""G3bp1"", ""Ddx21"", ""Ddx27"", ""Ddx18"", ""Dhx29"", ""Ddx56"", ""Ddx10"", ""Ddx46"", ""Ddx1"")"
"507","REACTOME_METABOLISM_OF_AMINO_ACIDS_AND_DERIVATIVES","7.86680363857373e-05","0.00157748667367903","0.538434096309916","0.600152487807655","1.75290655836301","94","c(""Srm"", ""Shmt1"", ""Gcsh"", ""Mtap"", ""Odc1"", ""Phgdh"", ""Psmb5"", ""Psma7"", ""Ndufab1"", ""Psmd7"", ""Slc7a5"", ""Mri1"", ""Psat1"", ""Psme3"", ""Psme2"", ""Pycrl"", ""Bcat1"", ""Psma5"", ""Psma3"", ""Psma4"", ""Asns"", ""Carnmt1"", ""Psmb2"", ""Got1"", ""Psmd6"", ""Qdpr"", ""Psmb6"", ""Txnrd1"", ""Cbs"", ""Psmc5"", ""Psmd1"", ""Psmd3"", ""Psmd12"", ""Slc3a2"", ""Got2"")"
"508","GOMF_RRNA_BINDING","0.000444011315315534","0.00657985760551573","0.49849310876659","0.683651183753952","1.75318408563824","42","c(""Npm1"", ""Ncl"", ""Rrs1"", ""Ppan"", ""Ddx21"", ""Rpl3"", ""Rps18"", ""Brix1"", ""Rpl8"", ""Rpf2"", ""Mrpl20"", ""Rps5"", ""Imp4"", ""Rpl5"", ""Mrps7"", ""Mrpl16"", ""Gtf3a"", ""Rpl4"", ""Mrps6"", ""Fastkd2"", ""Mrps18a"", ""Rplp0"", ""Rps3"", ""Mrps17"", ""Mrpl11"", ""Mrps27"", ""Kdm2b"")"
"509","TABULA_MURIS_SENIS_LARGE_INTESTINE_INTESTINAL_CRYPT_STEM_CELL_AGEING","5.12689197140566e-07","2.08529967773131e-05","0.659444398037935","0.562157054038848","1.75421723632624","199","c(""Nme1"", ""Npm1"", ""Eif5a"", ""Rps2"", ""Hsp90ab1"", ""Mrto4"", ""Rpl14"", ""Fbl"", ""Ranbp1"", ""Apex1"", ""Gar1"", ""Set"", ""Nop56"", ""Ybx1"", ""Erh"", ""Pebp1"", ""Tomm40"", ""Rpsa"", ""Eef1g"", ""Phb2"", ""Eef1d"", ""Eif3g"", ""Eef1b2"", ""Rpl3"", ""Anp32b"", ""Rps18"", ""Srsf7"", ""Npm3"", ""Serbp1"", ""Tkt"", ""Park7"", ""Tmem97"", ""Cdk4"", ""Sdf2l1"", ""Exosc5"", ""Ptma"", ""Wdr18"", ""Guk1"", ""Mri1"", ""Snrpa"", ""Endog"", ""Smco4"", ""Lsm2"", ""Rpl10a"", ""Eif6"", ""Lsm4"", ""U2af1"", ""Hdgf"", ""Rpl13"", ""Mecr"", ""Rps5"", ""Sfxn1"", ""Gadd45gip1"", ""Mrps24"", ""Eif3i"", ""Pla2g12a"", ""Rps20"", 
""Slc25a3"", ""Rpl4"", ""Manf"", ""Nme2"", ""Ube2e1"", ""Pold2"", ""Hmgn1"", ""Mrps12"", ""Cltb"", ""Sgf29"", ""Pfdn6"", ""Rps3a1"", ""Mrps18a"", ""Rplp0"", ""Rpl18"", ""Mrpl38"", ""Rps6"", ""Rps3"", ""Fdps"")"
"510","FEV_TARGET_GENES","8.33851714069999e-07","3.19644690767191e-05","0.659444398037935","0.557581215849937","1.7560394249001","223","c(""Npm1"", ""Rps2"", ""Atp5g1"", ""Hspa9"", ""Nsun2"", ""Fam162a"", ""Cct8"", ""Eif2s1"", ""Ptges3"", ""Cct5"", ""Eef1b2"", ""Pno1"", ""Rps19"", ""Prdx1"", ""Hspa4"", ""Ddx27"", ""Nat10"", ""Rps27a"", ""Wdr77"", ""Tkt"", ""Mdn1"", ""Park7"", ""Vars"", ""Nol11"", ""Exosc5"", ""Mak16"", ""Nop14"", ""St13"", ""Rps12"", ""Polr2e"", ""Noa1"", ""Naa25"", ""Naa50"", ""Atp5g3"", ""Pes1"", ""Noc3l"", ""Rpl10a"", ""Cyp51"", ""Rpl21"", ""Denr"", ""Thumpd3"", ""Nol9"", ""Yrdc"", ""Mettl16"", ""Rpl13"", ""Farsb"", ""Etf1"", ""Nol10"", ""Mcm3"", ""Eif3i"", ""Rpp38"", ""Hint1"", ""Dis3"", ""Ak6"", ""Vdac2"", ""Rpl4"", ""Prpf31"", 
""Snrpb"", ""Mrps14"", ""Rps15"", ""Utp15"", ""Psmg2"", ""Adk"", ""Pdap1"", ""Dars"", ""Hmgn1"", ""Pole4"", ""Spry1"", ""Psmb2"", ""Rps3a1"", ""Mrps18a"", ""Rpl18"", ""Rabggtb"", ""Rps6"", ""Tnfrsf9"", ""Nme6"", ""Ciapin1"", ""Phf5a"", ""Dph3"", ""Mrps27"", ""Drg2"", ""Tcof1"", ""Pradc1"", ""Ndufa10"", ""Eftud2"", ""Rpl27a"", ""Ndufa4"", ""Psmd12"", ""Dus1l"", ""Nmd3"")"
"511","TABULA_MURIS_SENIS_SKIN_BULGE_KERATINOCYTE_AGEING","1.77442626368863e-09","1.54186888215974e-07","0.788186810800237","0.538346158925166","1.75744306826752","388","c(""Nme1"", ""Npm1"", ""Mif"", ""Eif5a"", ""C1qbp"", ""Atp5g1"", ""Hspe1"", ""Rpl14"", ""Fbl"", ""Ncl"", ""Ranbp1"", ""Set"", ""Fabp5"", ""Dctpp1"", ""Mrpl12"", ""Ybx1"", ""Erh"", ""Pebp1"", ""Aprt"", ""Ebna1bp2"", ""Cycs"", ""Rpsa"", ""Rexo2"", ""Phb2"", ""Polr2f"", ""Eef1d"", ""Eif3g"", ""Znhit6"", ""Eef1b2"", ""Rpl3"", ""Anp32b"", ""Nop10"", ""Rps19"", ""Rps18"", ""Psmb5"", ""Snrpd1"", ""Npm3"", ""Psma7"", ""Nudc"", ""Rps27a"", ""Serbp1"", ""Timm13"", ""Cox5a"", ""Park7"", ""Mrpl17"", ""Ndufab1"", ""Exosc5"", ""Rpl8"", ""Rps27l"", ""Rps8"", ""Uqcc2"", ""Snrpd2"", ""Snrpd3"", ""Ptma"", ""Psmd7"", ""Exosc7"", 
""Uqcrq"", ""Snrpa"", ""Ndufa12"", ""Endog"", ""Exosc1"", ""Glrx5"", ""Rps12"", ""Polr2e"", ""Smco4"", ""Lsm2"", ""Wdr83os"", ""Atp5g3"", ""Siva1"", ""Eif5b"", ""Rpl10a"", ""Rpl21"", ""Mrpl23"", ""Eif1ax"", ""Lsm4"", ""U2af1"", ""Eif4g1"", ""Bola2"", ""Pdcd5"", ""Mrpl42"", ""Mrpl54"", ""Rpl13"", ""Rps5"", ""Eif4ebp1"", ""Btf3"", ""Gadd45gip1"", ""Psme2"", ""Timp3"", ""Mrps24"", ""Banf1"", ""Hint1"", ""Gpx1"", ""Rpl5"", ""Ndufa5"", ""Rps16"", ""Egfl7"", ""Rps20"", ""Atp5o"", ""Rps17"", ""Alad"", ""Dynll1"", ""Rwdd1"", ""Rpl4"", ""Krtcap2"", ""Fkbp3"", ""Snrpb"", ""Chchd2"", ""Manf"", ""Mrps15"", ""Mrps14"", 
""Rps15"", ""Nme2"", ""Pdap1"", ""Sec61b"", ""Hmgn1"", ""Pole4"", ""Dpy30"", ""Psmb2"", ""Mrps12"", ""Cltb"", ""Magoh"", ""Pfdn6"", ""Cisd1"", ""Dut"", ""Rps3a1"", ""Atp5d"", ""Ndufb6"", ""Eci1"", ""Rplp0"", ""Rpl18"")"
"512","GOBP_RIBONUCLEOSIDE_MONOPHOSPHATE_BIOSYNTHETIC_PROCESS","0.00148976226236961","0.0173654198672555","0.45505986738723","0.747609967320153","1.75885115628066","23","c(""Aprt"", ""Gart"", ""Atic"", ""Impdh2"", ""Ppat"", ""Cad"", ""Umps"", ""Uck2"", ""Adk"", ""Paics"", ""Adsl"", ""Gmps"", ""Pfas"", ""Ampd2"", ""Hprt"", ""Prps1"", ""Nudt2"")"
"513","GOBP_REGULATION_OF_PROTEIN_STABILITY","0.00011333638386292","0.002167224865647","0.538434096309916","0.601124205684015","1.759124295504","96","c(""Npm1"", ""Hsp90ab1"", ""Hspd1"", ""Hsp90aa1"", ""Cct3"", ""Gtpbp4"", ""Hspa8"", ""Cct8"", ""Phb"", ""Phb2"", ""Ptges3"", ""Cct5"", ""Calr"", ""Park7"", ""Tcp1"", ""Pinx1"", ""Cct2"", ""Cct7"", ""Kat2a"", ""Bag2"", ""Rpl5"", ""Telo2"")"
"514","GOCC_MYELIN_SHEATH","0.000114164609759433","0.00217519613611412","0.538434096309916","0.600741617974635","1.75985331486226","95","c(""Nme1"", ""Mif"", ""Hspd1"", ""Hspa9"", ""Hsp90aa1"", ""Cct3"", ""Pebp1"", ""Cycs"", ""Hspa8"", ""Ppia"", ""Pgam1"", ""Phb"", ""Hspa5"", ""Phgdh"", ""Cct5"", ""Prdx1"", ""Nefh"", ""Rps27a"", ""Tkt"", ""Cox5a"", ""Tcp1"", ""Canx"", ""Sod2"", ""Cct2"", ""Atp5b"", ""Aldoa"", ""Idh3a"", ""Stip1"", ""Atp5o"", ""Slc25a3"", ""Vdac2"", ""Nme2"", ""Immt"", ""Ndrg1"", ""Bcl2"")"
"515","GOMF_LIGASE_ACTIVITY","0.000439986565749712","0.00655408559629766","0.49849310876659","0.639103805417586","1.76045952390279","63","c(""Rcl1"", ""Gart"", ""Mthfd1"", ""Eprs"", ""Ctps"", ""Aars"", ""Cad"", ""Vars"", ""Rars"", ""Atp5b"", ""Iars"", ""Farsb"", ""Gars"", ""Nars"", ""Yars"", ""Acsl5"", ""Kars"", ""Atp5o"", ""Dars"", ""Paics"", ""Acaca"", ""Asns"", ""Gmps"", ""Pfas"", ""Atp5d"", ""Atp5e"", ""Suclg2"", ""Tars"", ""Cars"", ""Hars"")"
"516","GOBP_SNRNA_METABOLIC_PROCESS","0.000998579583569662","0.0126700307782567","0.45505986738723","0.812381992436469","1.76125360498969","16","c(""Nhp2"", ""Dkc1"", ""Nop10"", ""Exosc5"", ""Exosc7"", ""Mettl16"", ""Exosc8"", ""Zc3h8"")"
"517","REACTOME_DEADENYLATION_DEPENDENT_MRNA_DECAY","0.00154291029653673","0.0177326463940644","0.45505986738723","0.760586540623972","1.76186855165931","21","c(""Eif4a1"", ""Exosc5"", ""Exosc7"", ""Exosc1"", ""Lsm7"", ""Lsm2"", ""Lsm4"", ""Eif4g1"", ""Lsm6"", ""Dis3"", ""Eif4e"")"
"518","GOBP_GMP_METABOLIC_PROCESS","0.00151555761819635","0.0175236349603953","0.45505986738723","0.787506057705418","1.76223514605167","18","c(""Aprt"", ""Gart"", ""Atic"", ""Impdh2"", ""Ppat"", ""Guk1"", ""Adk"", ""Paics"", ""Adsl"", ""Gmps"", ""Pfas"", ""Ampd2"", ""Hprt"")"
"519","GOBP_POSITIVE_REGULATION_OF_DNA_BIOSYNTHETIC_PROCESS","0.000436400364328352","0.00651759398287265","0.49849310876659","0.688846181824374","1.76323332596958","41","c(""Npm1"", ""Hsp90aa1"", ""Dkc1"", ""Cct3"", ""Cct8"", ""Ptges3"", ""Cct5"", ""Tcp1"", ""Naf1"", ""Cct2"", ""Cct7"", ""Myc"", ""Gfer"")"
"520","GOMF_N_METHYLTRANSFERASE_ACTIVITY","0.00152369545802096","0.0175822805870226","0.45505986738723","0.73155538639831","1.76362503244808","26","c(""Fbl"", ""Prmt1"", ""Smyd2"", ""Smyd5"", ""Prmt3"", ""Prmt7"", ""Thumpd3"", ""Mettl16"", ""Prmt5"", ""Dimt1"", ""Carm1"", ""Trmt1"", ""Wdr5"")"
"521","GOBP_UNSATURATED_FATTY_ACID_METABOLIC_PROCESS","0.000780115777027804","0.0104776674034062","0.477270815362862","0.725434132754438","1.76427793666915","29","c(""Mif"", ""Fabp5"", ""Ptges3"", ""Gpx1"")"
"522","MLLT3_TARGET_GENES","7.02375786415354e-09","5.09889257606589e-07","0.761460801445585","0.547887176448694","1.76493646739712","323","c(""Nme1"", ""Eif5a"", ""Rps2"", ""Hsp90ab1"", ""Hspd1"", ""Hspe1"", ""Eif4a1"", ""Gpatch4"", ""Set"", ""Nop56"", ""Hsp90aa1"", ""Nsun2"", ""Cct3"", ""Mrpl12"", ""Rrp15"", ""Noc2l"", ""Gart"", ""Hspa8"", ""Cct8"", ""Ppia"", ""Eef1g"", ""Ddx21"", ""Ccdc86"", ""Ldha"", ""Rpl36al"", ""Phb2"", ""Hspa5"", ""Cct5"", ""Tma16"", ""Rpl3"", ""Mphosph10"", ""Ppid"", ""Rps19"", ""Prdx1"", ""Rcc2"", ""Rps18"", ""Srsf7"", ""Rps27a"", ""Syncrip"", ""Vars"", ""Prpf19"", ""Srsf2"", ""Ptma"", ""Canx"", ""Snrpa"", ""Rps25"", ""Rps12"", ""Snhg12"", ""Mtdh"", ""Lsm2"", ""Rpl10a"", ""Rpl21"", ""Myc"", ""Thumpd3"", ""Aldoa"", 
""Hdgf"", ""Tbrg4"", ""Pdia6"", ""Rpl13"", ""Rps5"", ""Gusb"", ""Etf1"", ""Cdk6"", ""Pcbp1"", ""Trib1"", ""Mrpl21"", ""Hint1"", ""Rpl5"", ""Comtd1"", ""Rps20"", ""Rps17"", ""Vdac2"", ""Tfrc"", ""Hyou1"", ""Tcerg1"", ""Morf4l2"", ""Manf"", ""Hnrnpd"", ""Ssrp1"", ""Atp2a2"", ""Ipo7"")"
"523","TABULA_MURIS_SENIS_DIAPHRAGM_MESENCHYMAL_STEM_CELL_AGEING","2.84993821207135e-06","9.5025556082728e-05","0.627256739718528","0.56753295117355","1.7650853669271","191","c(""Nme1"", ""Mif"", ""Eif5a"", ""Nhp2"", ""Atp5g1"", ""Hspe1"", ""Rpl14"", ""Ncl"", ""Hsp90aa1"", ""Erh"", ""Fam162a"", ""Aprt"", ""Cycs"", ""Rpsa"", ""Tomm5"", ""Rpl36al"", ""Polr2f"", ""Nop10"", ""Rps19"", ""Rps18"", ""Psma7"", ""Rps27a"", ""Timm13"", ""Cox5a"", ""Park7"", ""Rps27l"", ""Rps8"", ""Snrpd2"", ""Snrpd3"", ""Ptma"", ""Wdr83os"", ""Atp5g3"", ""Eif5b"", ""Rpl21"", ""Mrpl23"", ""U2af1"", ""Pdcd5"", ""Rpl13"", ""Rps5"", ""Mrps24"", ""Hint1"", ""Gpx1"", ""Rpl22l1"", ""Ndufa5"", ""Rps20"", ""Atp5o"", ""Rps17"", ""Dynll1"", ""Krtcap2"", ""Fkbp3"", ""Mrps14"", ""Rps15"", ""Nme2"", ""Pdap1"", ""Sec61b"", 
""Psmb2"", ""Cltb"", ""Magoh"", ""Pfdn6"", ""Atp5d"", ""Ndufb6"", ""Rpl18"")"
"524","GOCC_METHYLTRANSFERASE_COMPLEX","0.000348183415667333","0.00542617361101129","0.49849310876659","0.688829955329191","1.76646474707001","42","c(""Mettl1"", ""Erh"", ""Prmt1"", ""Trmt61a"", ""Snrpd1"", ""Wdr77"", ""Snrpd2"", ""Snrpd3"", ""Wdr4"", ""Ruvbl1"", ""Trmt6"", ""Snrpf"", ""Ruvbl2"", ""Prmt5"", ""Clns1a"", ""Las1l"", ""Rbbp7"", ""Prpf31"", ""Snrpb"", ""Dpy30"", ""Wdr5"", ""Pelp1"")"
"525","GOBP_ORGANOPHOSPHATE_METABOLIC_PROCESS","3.19823368806189e-08","1.95126278734414e-06","0.719512826338911","0.555187795490345","1.76648774195953","268","c(""Nme1"", ""Atp5g1"", ""Ran"", ""Shmt1"", ""Fabp5"", ""Dctpp1"", ""Aprt"", ""Gart"", ""Hspa8"", ""Pgam1"", ""Mthfd1"", ""Ldha"", ""Phb2"", ""Atic"", ""Impdh2"", ""Tpi1"", ""Ppat"", ""Ctps"", ""Tkt"", ""Park7"", ""Cad"", ""Ndufab1"", ""Dctd"", ""Guk1"", ""Ndufa12"", ""Nudt19"", ""Umps"", ""Fasn"", ""Atp5b"", ""Atp5g3"", ""Agpat5"", ""Idi1"", ""Hk2"", ""Myc"", ""Aldoa"", ""Parp1"", ""Idh3a"", ""Alpl"", ""Uck2"", ""Gars"", ""Pdxk"", ""Nudt5"", ""Hint1"", ""Ndufa5"", ""Pla2g12a"", ""Acsl5"", ""Kars"", ""Atp5o"", ""Stoml2"", ""Nme2"", ""Adk"", ""Dtymk"", ""Paics"", ""Adsl"", ""Acaca"", ""Gmps"", ""Ola1"", ""Pfas"", 
""Ampd2"", ""Scarb1"", ""Dut"", ""Dnph1"", ""Atp5d"", ""Sdhb"", ""Ndufb6"", ""Pfkp"", ""Nme4"", ""Ak2"", ""Atp5e"", ""Suclg2"", ""Fdps"", ""Nme6"", ""Pgd"", ""Ndufs7"", ""Txnrd1"", ""Hprt"", ""Pgls"")"
"526","GOBP_RIBONUCLEOSIDE_MONOPHOSPHATE_METABOLIC_PROCESS","0.0011801094204667","0.0144305490967517","0.45505986738723","0.7223257270998","1.76653024637152","30","c(""Aprt"", ""Gart"", ""Atic"", ""Impdh2"", ""Ppat"", ""Cad"", ""Guk1"", ""Umps"", ""Uck2"", ""Adk"", ""Paics"", ""Adsl"", ""Gmps"", ""Pfas"", ""Ampd2"", ""Ak2"", ""Hprt"", ""Prps1"", ""Nudt2"")"
"527","GOBP_PYRIMIDINE_NUCLEOTIDE_METABOLIC_PROCESS","0.00158072672537341","0.0180227987475478","0.45505986738723","0.783663545712967","1.76716531483797","19","c(""Nme1"", ""Shmt1"", ""Dctpp1"", ""Ctps"", ""Cad"", ""Dctd"", ""Umps"", ""Uck2"", ""Nme2"", ""Dtymk"", ""Dut"", ""Nme4"", ""Nme6"")"
"528","GOBP_REGULATION_OF_RNA_STABILITY","0.000248230551347952","0.0041117615870393","0.49849310876659","0.66185664597976","1.76734961829988","52","c(""Npm1"", ""Mettl1"", ""Apex1"", ""Nsun2"", ""Dkc1"", ""Ybx1"", ""Syncrip"", ""Exosc5"", ""Naf1"", ""Exosc7"", ""Larp1"", ""Tbrg4"", ""Mettl16"", ""Hnrnpd"", ""Fastkd2"", ""Pabpc4"", ""Exosc8"", ""E2f1"")"
"529","GOBP_SERINE_FAMILY_AMINO_ACID_METABOLIC_PROCESS","0.00158072672537341","0.0180227987475478","0.45505986738723","0.783804539775275","1.7674832571716","19","c(""Shmt1"", ""Gart"", ""Gcsh"", ""Mthfd1"", ""Shmt2"", ""Phgdh"", ""Psat1"")"
"530","GOBP_POSITIVE_REGULATION_OF_TRANSLATION","0.000374452323134937","0.00572662419514363","0.49849310876659","0.662911373495389","1.76841369590931","51","c(""Npm1"", ""Eif5a"", ""C1qbp"", ""Ybx1"", ""Prmt1"", ""Cnbp"", ""Nat10"", ""Syncrip"", ""Cdk4"", ""Rps27l"", ""Uqcc2"", ""Larp4"", ""Larp1"", ""Eif6"", ""Eif4g1"", ""Rpl5"")"
"531","GOBP_NEGATIVE_REGULATION_OF_RNA_CATABOLIC_PROCESS","0.000858198111946175","0.011326873462548","0.477270815362862","0.731002582209162","1.76952992449906","28","c(""Mettl1"", ""Nsun2"", ""Dkc1"", ""Ybx1"", ""Syncrip"", ""Naf1"", ""Lrpprc"", ""Larp1"", ""Mettl16"", ""Hnrnpab"", ""Hnrnpd"")"
"532","GOCC_LARGE_RIBOSOMAL_SUBUNIT","0.000268575377266662","0.00436339883462976","0.49849310876659","0.612824148100503","1.77106256333294","83","c(""Npm1"", ""Nhp2"", ""Rpl14"", ""Rsl1d1"", ""Mrpl12"", ""Rpl36al"", ""Rpl3"", ""Mrpl17"", ""Rpl8"", ""Rps12"", ""Mrpl15"", ""Mrpl19"", ""Rpl10a"", ""Rpl21"", ""Mrpl20"", ""Mrpl23"", ""Mrpl42"", ""Mrpl54"", ""Rpl13"", ""Mrpl36"", ""Gadd45gip1"", ""Mrpl21"", ""Rpl5"", ""Mrpl2"", ""Mrpl16"", ""Rpl4"", ""Mrps18a"", ""Mrpl55"", ""Rplp0"", ""Rpl18"", ""Mrpl50"", ""Mrpl38"", ""Mrpl11"")"
"533","GOBP_AMINO_ACID_ACTIVATION","0.00147556959521016","0.0172350135000616","0.45505986738723","0.786074149043698","1.77260123771227","19","c(""Eprs"", ""Aars"", ""Vars"", ""Rars"", ""Iars"", ""Farsb"", ""Gars"", ""Nars"", ""Yars"", ""Kars"", ""Dars"", ""Tars"", ""Cars"", ""Hars"", ""Lars"", ""Rars2"")"
"534","GOMF_LIGASE_ACTIVITY_FORMING_CARBON_OXYGEN_BONDS","0.00147556959521016","0.0172350135000616","0.45505986738723","0.786074149043698","1.77260123771227","19","c(""Eprs"", ""Aars"", ""Vars"", ""Rars"", ""Iars"", ""Farsb"", ""Gars"", ""Nars"", ""Yars"", ""Kars"", ""Dars"", ""Tars"", ""Cars"", ""Hars"", ""Lars"", ""Rars2"")"
"535","REACTOME_METABOLISM_OF_NUCLEOTIDES","0.000442955232154019","0.00657985760551573","0.49849310876659","0.669495186275986","1.77337956396568","50","c(""Nme1"", ""Aprt"", ""Gart"", ""Atic"", ""Impdh2"", ""Ppat"", ""Ctps"", ""Cad"", ""Dctd"", ""Guk1"", ""Umps"", ""Uck2"", ""Nudt5"", ""Ak6"", ""Nme2"", ""Adk"", ""Dtymk"", ""Paics"", ""Adsl"", ""Gmps"", ""Pfas"", ""Ampd2"", ""Gsr"", ""Dut"", ""Dnph1"", ""Nme4"", ""Ak2"", ""Txnrd1"", ""Hprt"")"
"536","GOBP_NEGATIVE_REGULATION_OF_AMIDE_METABOLIC_PROCESS","0.000254567496361761","0.00418322232560086","0.49849310876659","0.630455589928496","1.77357869207264","69","c(""Ncl"", ""Shmt1"", ""Ybx1"", ""Ifrd2"", ""Eif2s1"", ""Calr"", ""Pus7"", ""Eprs"", ""Serbp1"", ""Syncrip"", ""Exosc5"", ""Exosc7"", ""Larp1"", ""Eif6"", ""Eif4g1"", ""Mettl16"", ""Eif4ebp1"", ""Eif4e"", ""Hnrnpd"")"
"537","TABULA_MURIS_SENIS_LUNG_INTERMEDIATE_MONOCYTE_AGEING","4.60719469185664e-07","1.94281334983808e-05","0.674962860011025","0.563961318828277","1.77613284276714","223","c(""Nme1"", ""Npm1"", ""Mif"", ""Rps2"", ""Nhp2"", ""Atp5g1"", ""Rpl14"", ""Ncl"", ""Aprt"", ""Rpsa"", ""Ldha"", ""Rpl36al"", ""Eef1d"", ""Eef1b2"", ""Llph"", ""Rps19"", ""Prdx1"", ""Rps18"", ""Tpi1"", ""Eif3a"", ""Rps27a"", ""Cox5a"", ""Park7"", ""Rpl8"", ""Rps8"", ""Snrpd2"", ""Uqcrq"", ""Sod2"", ""Rps25"", ""Cdv3"", ""Rps12"", ""Wdr83os"", ""Siva1"", ""Eif5b"", ""Rpl10a"", ""Rpl21"", ""Mrpl20"", ""Mrpl23"", ""Aldoa"", ""Eif3c"", ""Mrpl42"", ""Mrpl54"", ""Rpl13"", ""Rps5"", ""Mrpl36"", ""Mrps24"", ""Eif3i"", ""Hint1"", ""Ndufa5"", ""Lsm6"", ""Rps16"", ""Rps20"", ""Atp5o"", ""Rps17"", ""Rwdd1"", ""Krtcap2"", 
""Mrps14"", ""Rps15"", ""Nme2"", ""Sec61b"", ""Pfdn6"", ""Rps3a1"", ""Atp5d"", ""Ndufb6"", ""Rplp0"", ""Rpl18"", ""Creg1"", ""Ak2"", ""Rps6"", ""Rps3"", ""Metap2"", ""Dph3"", ""Psmb6"", ""Bcl2a1b"", ""Uqcr11"", ""Pgls"", ""Rpl36a"", ""Rpl27a"", ""Ndufa4"", ""Ifitm2"", ""Ndufs6"")"
"538","NDUFS2_TARGET_GENES","0.000845138682625632","0.0111936959465543","0.477270815362862","0.723052381077765","1.77675433080004","31","c(""Mybbp1a"", ""Ifrd2"", ""Rrp9"", ""Odc1"", ""Mdn1"", ""Nle1"", ""Psme3"", ""Atp5b"", ""Parp1"", ""Pdia6"", ""Prmt5"", ""Dohh"", ""Mid1"", ""Ciapin1"", ""Ndufs7"", ""Psmd3"")"
"539","GOMF_TRNA_BINDING","0.000690289033693808","0.00949354342502156","0.477270815362862","0.712918762428639","1.77791977498674","34","c(""Mettl1"", ""Nsun2"", ""Nat10"", ""Eif1a"", ""Aars"", ""Pus1"", ""Rars"", ""Eif5b"", ""Eif1ax"", ""Thumpd3"", ""Iars"", ""Yrdc"", ""Yars"", ""Kars"", ""Xpot"", ""Trmt1"", ""Dtd1"", ""Cars"", ""Mrps27"", ""Trnt1"")"
"540","GOCC_SPLICEOSOMAL_COMPLEX","7.30987687905412e-05","0.001481347841038","0.538434096309916","0.609328960974685","1.77793617665119","92","c(""Ncl"", ""Ybx1"", ""Hspa8"", ""Txnl4a"", ""Snrpd1"", ""Syncrip"", ""Prpf19"", ""Snrpd2"", ""Snrpd3"", ""Srsf2"", ""Rbmxl1"", ""Snrpa"", ""Snrpa1"", ""Lsm7"", ""Lsm2"", ""Snrpf"", ""Magohb"", ""Lsm4"", ""U2af1"", ""Lsm6"", ""Clns1a"", ""Ppie"", ""Prpf31"", ""Snrpb"", ""Magoh"", ""Luc7l"", ""Snrnp40"", ""Sf3b3"", ""Rheb"", ""Phf5a"", ""Htatsf1"", ""Ppil1"", ""Sf3b5"", ""Eftud2"", ""Sf3b6"", ""Sf3a1"")"
"541","QI_PLASMACYTOMA_DN","0.000274950610054519","0.00444180774271174","0.49849310876659","0.693431611403981","1.77826542904002","42","c(""C1qbp"", ""Eif4a1"", ""Mybbp1a"", ""Park7"", ""Prmt7"", ""Ipo4"", ""Nol8"", ""Myc"", ""Kat2a"", ""Tbrg4"", ""Alpl"", ""Trib1"", ""Med29"")"
"542","REACTOME_MRNA_SPLICING_MINOR_PATHWAY","0.000522332497332478","0.00745168376169593","0.477270815362862","0.70188816200055","1.77871473025543","36","c(""Ybx1"", ""Polr2f"", ""Polr2h"", ""Txnl4a"", ""Snrpd1"", ""Srsf7"", ""Snrpd2"", ""Snrpd3"", ""Srsf2"", ""Polr2e"", ""Snrpf"", ""Gtf2f2"", ""Snrpb"", ""Snrnp40"", ""Sf3b3"", ""Sf3b5"", ""Polr2l"", ""Eftud2"", ""Sf3b6"")"
"543","GOBP_RNA_LOCALIZATION","0.000184830337283112","0.00328516899546232","0.518848077743792","0.628950292578834","1.77913155528884","73","c(""Npm1"", ""Fbl"", ""Ran"", ""Nsun2"", ""Dkc1"", ""Ybx1"", ""Nop58"", ""Znhit6"", ""Srsf7"", ""Tcp1"", ""Tomm20"", ""Cct2"", ""Lrpprc"", ""Magohb"", ""Nup43"", ""Hnrnpab"", ""Xpot"", ""Magoh"", ""Znhit3"", ""Ndc1"", ""Nup93"", ""Kpnb1"", ""Thoc3"", ""Nup54"", ""Nup188"", ""Ncbp1"", ""Hnrnpa1"", ""Atm"", ""Ssb"", ""Ranbp2"", ""Xpo1"", ""Eif4a3"", ""Alyref"")"
"544","GOBP_MRNA_PROCESSING","7.77188290198934e-06","0.000227053744132606","0.593325476396405","0.580551353769616","1.78034475060478","162","c(""Npm1"", ""C1qbp"", ""Ncl"", ""Ybx1"", ""Hspa8"", ""Rrp1b"", ""Pus7"", ""Txnl4a"", ""Snrpd1"", ""Srsf7"", ""Wdr77"", ""Syncrip"", ""Pus1"", ""Prpf19"", ""Snrpd2"", ""Snrpd3"", ""Prmt7"", ""Srsf2"", ""Rbmxl1"", ""Snrpa"", ""Snrpa1"", ""Lsm7"", ""Strap"", ""Lsm2"", ""Snrpf"", ""Magohb"", ""Lsm4"", ""U2af1"", ""Tbrg4"", ""Mettl16"", ""Pcbp1"", ""Srsf6"", ""Tsen2"", ""Prmt5"", ""Lsm6"", ""Clns1a"", ""Ppie"", ""Tcerg1"", ""Prpf31"", ""Snrpb"", ""Magoh"", ""Luc7l"", ""Snrnp40"", ""Sf3b3"", ""Smn1"", ""Phf5a"", ""Htatsf1"", ""Ppil1"", ""Sf3b5"", ""Ddx46"", ""Eftud2"", ""Sf3b6"", ""Sf3a1"", ""Thoc3"", ""Ddx1"", 
""Rnps1"", ""Ncbp1"", ""Sfpq"", ""Hnrnpa1"")"
"545","GOBP_ORGANOPHOSPHATE_BIOSYNTHETIC_PROCESS","7.30117634822227e-07","2.92812911587795e-05","0.659444398037935","0.576015844790853","1.7805551017459","178","c(""Nme1"", ""Atp5g1"", ""Shmt1"", ""Fabp5"", ""Aprt"", ""Gart"", ""Pgam1"", ""Mthfd1"", ""Atic"", ""Impdh2"", ""Tpi1"", ""Ppat"", ""Ctps"", ""Tkt"", ""Cad"", ""Ndufab1"", ""Dctd"", ""Guk1"", ""Ndufa12"", ""Umps"", ""Atp5b"", ""Atp5g3"", ""Agpat5"", ""Idi1"", ""Myc"", ""Aldoa"", ""Parp1"", ""Uck2"", ""Gars"", ""Pdxk"", ""Ndufa5"", ""Acsl5"", ""Kars"", ""Atp5o"", ""Stoml2"", ""Nme2"", ""Adk"", ""Dtymk"", ""Paics"", ""Adsl"", ""Gmps"", ""Pfas"", ""Ampd2"", ""Dut"", ""Atp5d"", ""Sdhb"", ""Ndufb6"", ""Nme4"", ""Ak2"", ""Atp5e"", ""Fdps"", ""Nme6"", ""Ndufs7"", ""Hprt"", ""Crls1"", ""Ndufa10"", ""Pdgfa"", ""Ndufs6""
)"
"546","GOCC_NUCLEOID","0.00100788828556595","0.0127173881331002","0.45505986738723","0.795846156845292","1.78089813369734","18","c(""Hspa9"", ""Atad3a"", ""Shmt2"", ""Uqcc2"", ""Sod2"", ""Lrpprc"", ""Atp5b"", ""Lrrc59"", ""Vdac2"", ""Fastkd2"")"
"547","GOBP_REGULATION_OF_TELOMERE_MAINTENANCE","0.000565393834415462","0.00798487083951773","0.477270815362862","0.687610986379934","1.7819091786747","44","c(""Gnl3"", ""Dkc1"", ""Cct3"", ""Cct8"", ""Cct5"", ""Nat10"", ""Tcp1"", ""Naf1"", ""Pinx1"", ""Ruvbl1"", ""Cct2"", ""Cct7"", ""Myc"", ""Ruvbl2"", ""Parp1"", ""Hnrnpd"", ""Xrcc5"")"
"548","UBN1_TARGET_GENES","0.000906962838352621","0.0117946301087353","0.477270815362862","0.739693319971145","1.78320326728486","27","c(""Hsp90ab1"", ""Cacybp"", ""Eef1e1"", ""Rrp9"", ""Tsr1"", ""Nudc"", ""Nup43"", ""Yars"", ""Tsfm"", ""Mid1"")"
"549","GOBP_PROTEIN_INSERTION_INTO_MEMBRANE","0.00108861186631667","0.0134551488218234","0.45505986738723","0.77986133684448","1.78547457825794","20","c(""Hsp90aa1"", ""Timm9"", ""Tomm40"", ""Timm10"", ""Hspa4"", ""Timm13"", ""Wdr83os"", ""Pdcd5"", ""Tomm70a"")"
"550","SAP18_TARGET_GENES","1.86589446160451e-09","1.57366246136792e-07","0.774939030136436","0.552771388134674","1.78971425478585","341","c(""Mettl1"", ""Eif4a1"", ""Ranbp1"", ""Gar1"", ""Nsun2"", ""Nolc1"", ""Atad3a"", ""Mrpl12"", ""Nop58"", ""Fam162a"", ""Trmt61a"", ""Mthfd1"", ""Ccdc86"", ""Zfp593"", ""Aen"", ""Ppp1r14b"", ""Phb2"", ""Abce1"", ""Rrp1b"", ""Ltv1"", ""Eprs"", ""Rps19"", ""Ddx27"", ""Srsf7"", ""Nat10"", ""Wdr77"", ""Mdn1"", ""Bysl"", ""Wdr74"", ""Cad"", ""Rps27l"", ""Naf1"", ""Larp4"", ""Spata5"", ""Pinx1"", ""Guk1"", ""Wdr4"", ""Exosc7"", ""Snrpa"", ""Nudt19"", ""St13"", ""Rps12"", ""Psme3"", ""Mrpl15"", ""Lsm2"", ""Naa25"", ""Rpp14"", ""Trmt6"", ""Thumpd1"", ""Mrpl20"", ""Pwp1"", ""Kat2a"", ""Magohb"", ""Pop1"", ""U2af1"", 
""Nufip1"", ""Tbrg4"", ""Noc4l"", ""Coq2"", ""Bcap29"", ""Mecr"", ""Nol10"", ""Pcbp1"", ""Nudcd2"", ""Srsf6"", ""Rpp38"", ""Mrpl2"", ""Lrrc59"", ""Comtd1"", ""Akap1"", ""Adpgk"", ""Ak6"", ""Trap1"", ""Abcf2"", ""Ddx10"", ""Rcc1"", ""Dimt1"", ""Prpf31"", ""Tfpi"", ""Utp15"", ""Cmss1"", ""Dpy30"", ""Carnmt1"", ""Psmb2"", ""Pfas"", ""Magoh"", ""Sgf29"", ""Fastkd2"", ""Dus4l"", ""Eif2b1"", ""Mrpl55"", ""Ndufb6"", ""Rpl18"", ""Ccdc58"", ""Pelp1"", ""Rps3"", ""Mrps17"", ""Ciapin1"", ""Nop9"", ""Coq7"", ""Ndufs7"", ""Phf5a"", ""Dph3"", ""Htatsf1"", ""Rev1"", ""Dcaf13"", ""Mrps5"", ""Ndufa10"", ""Eftud2"", ""Trnt1"", 
""Thoc3"", ""Nubp1"", ""Usp14"", ""Phlda3"", ""Dus1l"", ""Klhdc4"", ""Rfc4"", ""Rnps1"")"
"551","GOBP_CELLULAR_NITROGEN_COMPOUND_CATABOLIC_PROCESS","9.06678648363348e-06","0.0002593490807848","0.593325476396405","0.597509047818836","1.79046178791426","130","c(""Npm1"", ""Mrto4"", ""Mettl1"", ""Apex1"", ""Nsun2"", ""Dkc1"", ""Dctpp1"", ""Ybx1"", ""Syncrip"", ""Exosc5"", ""Naf1"", ""Exosc7"", ""Endog"", ""Nudt19"", ""Exosc1"", ""Lsm7"", ""Lsm2"", ""Lrpprc"", ""Gspt1"", ""Larp1"", ""Magohb"", ""Pop1"", ""Lsm4"", ""Tbrg4"", ""Mettl16"", ""Etf1"", ""Nudt5"", ""Hint1"", ""Lsm6"", ""Pycrl"", ""Dis3"", ""Hnrnpab"", ""Hnrnpd"", ""Magoh"", ""Fastkd2"", ""Dut"", ""Dnph1"", ""Pabpc4"")"
"552","GOBP_ORGANIC_ACID_METABOLIC_PROCESS","9.98250816857714e-09","6.81543861271308e-07","0.747739663149885","0.563070133634264","1.79156764072949","268","c(""Mif"", ""Shmt1"", ""Fabp5"", ""Gart"", ""Pgam1"", ""Gcsh"", ""Mthfd1"", ""Shmt2"", ""Ldha"", ""Mtap"", ""Odc1"", ""Ptges3"", ""Phgdh"", ""Eprs"", ""Atic"", ""Galk1"", ""Tpi1"", ""Ppat"", ""Ctps"", ""Prmt3"", ""Aars"", ""Park7"", ""Cad"", ""Vars"", ""Ndufab1"", ""Mri1"", ""Rars"", ""Nudt19"", ""Psat1"", ""Fasn"", ""Rpp14"", ""Hk2"", ""Eif6"", ""Adh5"", ""Myc"", ""Aldoa"", ""Iars"", ""Idh3a"", ""Mecr"", ""Farsb"", ""Gars"", ""Gpx1"", ""Nars"", ""Pycrl"", ""Yars"", ""Acsl5"", ""Bcat1"", ""Elovl4"", ""Kars"", ""Aasdhppt"", ""Adpgk"", ""Dars"", ""Hacd1"", ""Acaca"", ""Asns"", ""Carnmt1"", ""Gmps"", ""Pfas"", ""Got1"", 
""Sdhb"", ""Eci1"", ""Qdpr"", ""Pfkp"", ""Suclg2"", ""Tars"", ""Irs1"", ""Pgd"", ""Cars"", ""Erlin1"", ""Txnrd1"", ""Hars"", ""Cbs"")"
"553","GOBP_CARBOHYDRATE_DERIVATIVE_BIOSYNTHETIC_PROCESS","4.00356286633763e-07","1.73942674533684e-05","0.674962860011025","0.577825191870877","1.79275200524916","185","c(""Nme1"", ""Atp5g1"", ""Shmt1"", ""Aprt"", ""Gart"", ""Pgam1"", ""Mthfd1"", ""Mtap"", ""Atic"", ""Impdh2"", ""Tpi1"", ""Ppat"", ""Ctps"", ""Itm2a"", ""Tkt"", ""Cad"", ""Ndufab1"", ""Aatf"", ""Guk1"", ""St6galnac4"", ""Ndufa12"", ""Umps"", ""Atp5b"", ""Atp5g3"", ""Myc"", ""Aldoa"", ""Parp1"", ""Uck2"", ""Ndufa5"", ""Acsl5"", ""Atp5o"", ""Rpn1"", ""Krtcap2"", ""Stoml2"", ""Nme2"", ""Adk"", ""Dtymk"", ""Paics"", ""Adsl"", ""Gmps"", ""Pfas"", ""Ampd2"", ""Bcl2"", ""Alg8"", ""Dut"", ""Atp5d"", ""Sdhb"", ""Ndufb6"", ""Chsy1"", ""Nme4"", ""Ak2"", ""Atp5e"", ""Nme6"", ""Ndufs7"", ""Nfkb1"", ""Mogs"", ""Hprt"", ""Pmm1"", 
""Ndufa10"", ""Rpn2"", ""Ndufs6"", ""Dpy19l1"")"
"554","GOBP_MATURATION_OF_5_8S_RRNA_FROM_TRICISTRONIC_RRNA_TRANSCRIPT_SSU_RRNA_5_8S_RRNA_LSU_RRNA","0.00108608308870719","0.0134528866387381","0.45505986738723","0.795057737493203","1.79285927574095","19","c(""Npm1"", ""Rrs1"", ""Rcl1"", ""Ftsj3"", ""Bop1"", ""Rpp40"", ""Exosc7"", ""Pes1"", ""Nol9"", ""Fcf1"", ""Nop9"", ""Exosc8"", ""Wdr12"")"
"555","GOBP_ICOSANOID_BIOSYNTHETIC_PROCESS","0.000716909910916422","0.0097428396661272","0.477270815362862","0.802601843854024","1.79601561624369","18","c(""Mif"", ""Fabp5"", ""Ptges3"")"
"556","CAIRO_PML_TARGETS_BOUND_BY_MYC_UP","0.00101118203813316","0.0127173881331002","0.45505986738723","0.796833035146315","1.79686258105387","19","c(""Npm1"", ""Ybx1"", ""Ldha"", ""Ddx18"", ""Cdk4"", ""Cad"", ""Polr3d"", ""Ptma"", ""Ccnd2"", ""Eif4e"", ""Bcat1"", ""Cdca7"", ""Dnph1"")"
"557","GOMF_CATALYTIC_ACTIVITY_ACTING_ON_A_NUCLEIC_ACID","1.54126349489041e-07","7.55482576341582e-06","0.690132458796796","0.571071655441301","1.79879471567741","224","c(""Nme1"", ""Mettl1"", ""Eif4a1"", ""Fbl"", ""Apex1"", ""Nsun2"", ""Dkc1"", ""G3bp1"", ""Rcl1"", ""Ung"", ""Ftsj3"", ""Trmt61a"", ""Ddx21"", ""Aen"", ""Rexo2"", ""Polr2f"", ""Ptges3"", ""Polr2h"", ""Nop2"", ""Eprs"", ""Polr1b"", ""Ddx27"", ""Ddx18"", ""Polr3h"", ""Aars"", ""Pus1"", ""Vars"", ""Rpp40"", ""Rars"", ""Endog"", ""Ruvbl1"", ""Polr2e"", ""Polr1a"", ""Rpp14"", ""Nob1"", ""Ruvbl2"", ""Thumpd3"", ""Pop1"", ""Iars"", ""Mettl16"", ""Farsb"", ""Etf1"", ""Dhx29"", ""Mcm3"", ""Gars"", ""Nudt5"", ""Tsen2"", ""Rpp38"", ""Ddx56"", ""Nars"", ""Dis3"", ""Yars"", ""Kars"", ""Mcm2"", ""Ddx10"", ""Dimt1"", ""Thg1l"", 
""Dars"", ""Mcm6"", ""Dnmt3b"", ""Xrcc5"", ""Dus4l"", ""Trmt1"", ""Dtd1"", ""Tars"", ""Rps3"", ""Polr3k"", ""Cars"", ""Hars"", ""Rev1"", ""Osgep"", ""Polr2l"", ""Ddx46"", ""Trnt1"", ""Dus1l"", ""Ddx1"", ""Lars"", ""Chd7"", ""Rfc4"")"
"558","GOBP_MONOCARBOXYLIC_ACID_BIOSYNTHETIC_PROCESS","6.54028136180402e-05","0.00135409796425798","0.538434096309916","0.642778280513222","1.80037127903951","68","c(""Mif"", ""Fabp5"", ""Ldha"", ""Ptges3"", ""Prmt3"", ""Park7"", ""Ndufab1"", ""Fasn"", ""Rpp14"", ""Eif6"", ""Mecr"", ""Elovl4"", ""Hacd1"", ""Acaca"")"
"559","GOBP_ALPHA_AMINO_ACID_METABOLIC_PROCESS","0.00017491418667501","0.00312502448779185","0.518848077743792","0.645135903338977","1.801491304709","66","c(""Shmt1"", ""Gart"", ""Gcsh"", ""Mthfd1"", ""Shmt2"", ""Mtap"", ""Odc1"", ""Phgdh"", ""Ppat"", ""Ctps"", ""Park7"", ""Cad"", ""Mri1"", ""Psat1"", ""Pycrl"", ""Bcat1"", ""Aasdhppt"", ""Asns"", ""Gmps"", ""Pfas"", ""Got1"", ""Qdpr"", ""Txnrd1"", ""Cbs"")"
"560","CUI_TCF21_TARGETS_2_UP","1.1064621959754e-07","5.76869153992628e-06","0.704975715167238","0.5713352999285","1.80170160980994","227","c(""Srm"", ""Nme1"", ""Mif"", ""Mrto4"", ""Mettl1"", ""Pa2g4"", ""Ranbp1"", ""Apex1"", ""Ppa1"", ""Atad3a"", ""Dctpp1"", ""Grwd1"", ""Ppan"", ""Aprt"", ""Rpsa"", ""Fkbp4"", ""Phb"", ""Zfp593"", ""Ppp1r14b"", ""Phgdh"", ""Rrp1b"", ""Bzw2"", ""Atic"", ""Galk1"", ""Rcc2"", ""Rangrf"", ""Thop1"", ""Tmem97"", ""Cad"", ""Exosc5"", ""Prmt7"", ""Guk1"", ""Hspbp1"", ""Psat1"", ""Ccnd2"", ""Tmem238"", ""Mir17hg"", ""Lsm4"", ""Tbrg4"", ""Noc4l"", ""Bri3bp"", ""Mcm3"", ""Cdca7l"", ""Abhd14a"", ""Banf1"", ""Pycrl"", ""Cdk2ap1"", ""Fxn"", ""Snrpb"", ""Utp15"", ""Cdca7"", ""Dtymk"", ""Pold2"")"
"561","WANG_TARGETS_OF_MLL_CBP_FUSION_DN","0.000710107176778047","0.00967331272879358","0.477270815362862","0.747468719034746","1.80194768019263","27","c(""Fabp5"", ""Gtpbp4"", ""Ftsj3"", ""Ccdc86"", ""Glrx3"", ""Strap"", ""Ccnd2"", ""Tomm70a"", ""Pitrm1"", ""Ttc27"", ""Hars"", ""Psmc5"", ""Kpnb1"", ""Irak1"", ""Naa10"", ""Nmd3"", ""Uxs1"", ""Tmem109"")"
"562","HSF2_TARGET_GENES","0.000387338554302609","0.00587533275326488","0.49849310876659","0.831519925642591","1.80274486669311","16","c(""Hsp90ab1"", ""Hspd1"", ""Hspe1"", ""Hsp90aa1"", ""Hspa8"", ""Fkbp4"", ""Hsph1"", ""St13"", ""Stip1"")"
"563","HALLMARK_OXIDATIVE_PHOSPHORYLATION","4.3935736023223e-05","0.000986141264818255","0.557332238758646","0.616131149487736","1.80304047654739","96","c(""Atp5g1"", ""Hspa9"", ""Timm9"", ""Timm10"", ""Ldha"", ""Phb2"", ""Polr2f"", ""Timm13"", ""Cox5a"", ""Ndufab1"", ""Uqcrq"", ""Mrpl15"", ""Lrpprc"", ""Timm17a"", ""Atp5b"", ""Atp5g3"", ""Idh3a"", ""Timm50"", ""Tomm70a"", ""Ndufa5"", ""Cox7b"", ""Atp5o"", ""Slc25a3"", ""Vdac2"", ""Fxn"", ""Mrps15"", ""Mrps12"", ""Immt"", ""Mtx2"", ""Cyc1"", ""Atp5d"", ""Sdhb"", ""Ndufb6"", ""Eci1"", ""Atp5e"", ""Mrpl11"", ""Ndufs7"", ""Prdx3"", ""Uqcr11"", ""Ndufa4"", ""Ndufs6"", ""Mrps22"", ""Got2"", ""Fh1"", ""Slc25a5"")"
"564","GOMF_STRUCTURAL_CONSTITUENT_OF_RIBOSOME","1.02115149686483e-05","0.000284286593908728","0.593325476396405","0.609520937720177","1.80324425554979","114","c(""Rps2"", ""Rpl14"", ""Mrpl12"", ""Rpsa"", ""Mrps18b"", ""Rpl36al"", ""Rpl3"", ""Rps19"", ""Rps18"", ""Rps27a"", ""Mrpl17"", ""Rpl8"", ""Rps27l"", ""Rps8"", ""Rsl24d1"", ""Rps25"", ""Rps12"", ""Mrpl15"", ""Mrpl19"", ""Rpl10a"", ""Rpl21"", ""Mrpl20"", ""Mrpl23"", ""Mrpl54"", ""Rpl13"", ""Rps5"", ""Mrpl36"", ""Mrps10"", ""Mrps24"", ""Mrpl21"", ""Rpl5"", ""Rpl22l1"", ""Mrpl2"", ""Rps16"", ""Rps20"", ""Rps17"", ""Mrps7"", ""Mrpl16"", ""Rpl4"", ""Mrps15"", ""Mrps14"", ""Rps15"", ""Mrps34"", ""Mrps6"", ""Mrps12"", ""Rps3a1"", ""Mrps18a"", ""Mrpl55"", ""Rplp0"", ""Rpl18"", ""Rps6"", ""Rps3"", ""Mrps17"", 
""Mrpl11"")"
"565","GOBP_REGULATION_OF_RNA_SPLICING","0.000204258836809267","0.00353904661359863","0.518848077743792","0.670288769875615","1.80736961690211","55","c(""Npm1"", ""C1qbp"", ""Ncl"", ""Hspa8"", ""Rrp1b"", ""Srsf7"", ""Wdr77"", ""Prpf19"", ""Srsf2"", ""Rbmxl1"", ""Kat2a"", ""Mettl16"", ""Srsf6"", ""Prmt5"", ""Clns1a"", ""Magoh"", ""Sgf29"", ""Sf3b3"", ""Smn1"")"
"566","GOCC_MITOCHONDRIAL_LARGE_RIBOSOMAL_SUBUNIT","0.000476235458950683","0.00693222910260838","0.49849310876659","0.714212553316623","1.81003636685513","37","c(""Mrpl12"", ""Mrpl17"", ""Mrpl15"", ""Mrpl19"", ""Mrpl20"", ""Mrpl23"", ""Mrpl42"", ""Mrpl54"", ""Mrpl36"", ""Gadd45gip1"", ""Mrpl21"", ""Mrpl2"", ""Mrpl16"", ""Mrps18a"", ""Mrpl55"", ""Mrpl50"", ""Mrpl38"", ""Mrpl11"", ""Mrpl47"", ""Mrpl28"", ""Mrpl41"", ""Mrpl35"", ""Mrpl13"", ""Mrpl46"")"
"567","GOBP_NUCLEOSIDE_MONOPHOSPHATE_BIOSYNTHETIC_PROCESS","0.00029565472225742","0.00470994397818417","0.49849310876659","0.744594376659465","1.81087623423545","29","c(""Nme1"", ""Shmt1"", ""Aprt"", ""Gart"", ""Atic"", ""Impdh2"", ""Ppat"", ""Cad"", ""Umps"", ""Uck2"", ""Nme2"", ""Adk"", ""Paics"", ""Adsl"", ""Gmps"", ""Pfas"", ""Ampd2"", ""Dut"")"
"568","GOBP_MATURATION_OF_LSU_RRNA_FROM_TRICISTRONIC_RRNA_TRANSCRIPT_SSU_RRNA_5_8S_RRNA_LSU_RRNA","0.000192181352605992","0.00336024407681513","0.518848077743792","0.848582313487979","1.81216075811984","15","c(""Npm1"", ""Gtpbp4"", ""Ftsj3"", ""Nifk"", ""Bop1"", ""Znhit6"", ""Ddx18"", ""Rpf2"", ""Pes1"", ""Nol9"")"
"569","GOBP_ORGANIC_CYCLIC_COMPOUND_CATABOLIC_PROCESS","3.80973164199458e-06","0.000122746129027185","0.627256739718528","0.598723967666692","1.81319538374959","139","c(""Npm1"", ""Mrto4"", ""Mettl1"", ""Apex1"", ""Nsun2"", ""Dkc1"", ""Dctpp1"", ""Ybx1"", ""Syncrip"", ""Exosc5"", ""Naf1"", ""Exosc7"", ""Endog"", ""Nudt19"", ""Exosc1"", ""Lsm7"", ""Lsm2"", ""Lrpprc"", ""Gspt1"", ""Larp1"", ""Magohb"", ""Pop1"", ""Lsm4"", ""Tbrg4"", ""Mettl16"", ""Etf1"", ""Nudt5"", ""Hint1"", ""Lsm6"", ""Pycrl"", ""Dis3"", ""Hnrnpab"", ""Hnrnpd"", ""Scarb1"", ""Magoh"", ""Fastkd2"", ""Dut"", ""Dnph1"", ""Pabpc4"", ""Qdpr"")"
"570","GOBP_CYTOPLASMIC_TRANSLATION","3.39503017428735e-05","0.000778819921981518","0.557332238758646","0.622741417414056","1.8145721741845","89","c(""Rps2"", ""Eif4a1"", ""Rpl14"", ""Ybx1"", ""Rpsa"", ""Cnbp"", ""Rpl3"", ""Rps19"", ""Rps18"", ""Eif3a"", ""Rps27a"", ""Aars"", ""Syncrip"", ""Rpl8"", ""Rps8"", ""Rps25"", ""Rps12"", ""Eif2b3"", ""Eif2s2"", ""Rpl10a"", ""Rpl21"", ""Denr"", ""Rpl13"", ""Rps5"", ""Eif4ebp1"", ""Etf1"", ""Dhx29"", ""Eif3i"", ""Rpl5"", ""Rpl22l1"", ""Rps16"", ""Rps20"", ""Rps17"", ""Rwdd1"", ""Rpl4"", ""Hnrnpd"", ""Rps15"", ""Rps3a1"", ""Rplp0"", ""Rpl18"", ""Rps6"", ""Rps3"")"
"571","TABULA_MURIS_SENIS_SKIN_BASAL_CELL_OF_EPIDERMIS_AGEING","3.01552795769465e-12","5.13957295867259e-10","0.898671232061694","0.55424758526958","1.81741577758657","426","c(""Nme1"", ""Npm1"", ""Mif"", ""Eif5a"", ""Nhp2"", ""Atp5g1"", ""Hspe1"", ""Rpl14"", ""Fbl"", ""Ranbp1"", ""Apex1"", ""Gar1"", ""Gpatch4"", ""Set"", ""Fabp5"", ""Dctpp1"", ""Mrpl12"", ""Ybx1"", ""Erh"", ""Pebp1"", ""Fam162a"", ""Aprt"", ""Ebna1bp2"", ""Rpsa"", ""Tomm5"", ""Mrps18b"", ""Nop16"", ""Rexo2"", ""Aimp2"", ""Ppp1r14b"", ""Phb2"", ""Eef1d"", ""Eif3g"", ""Eef1b2"", ""Rpl3"", ""Anp32b"", ""Nop10"", ""Rps19"", ""Rps18"", ""Psmb5"", ""Snrpd1"", ""Npm3"", ""Psma7"", ""Rps27a"", ""Serbp1"", ""Timm13"", ""Cox5a"", ""Wdr74"", ""Park7"", ""Mrpl17"", ""Ndufab1"", ""Exosc5"", ""Rpl8"", ""Rps27l"", ""Rps8"", 
""Uqcc2"", ""Snrpd2"", ""Snrpd3"", ""Ptma"", ""Uchl3"", ""Wdr18"", ""Psmd7"", ""Guk1"", ""Exosc7"", ""Snrpa"", ""Ndufa12"", ""Endog"", ""Sod2"", ""Glrx5"", ""Mbd3"", ""Polr2e"", ""Smco4"", ""Lsm2"", ""Wdr83os"", ""Atp5g3"", ""Siva1"", ""Ccnd2"", ""Tmem238"", ""Rpl21"", ""Mrpl23"", ""Denr"", ""Eif1ax"", ""Plac8"", ""Lsm4"", ""U2af1"", ""Eif4g1"", ""Pdcd5"", ""Mrpl42"", ""Mrpl54"", ""Rpl13"", ""Rps5"", ""Eif4ebp1"", ""Mrpl36"", ""Btf3"", ""Dnajc2"", ""Gadd45gip1"", ""Psme2"", ""Mrps24"", ""Eif3i"", ""Banf1"", ""Clpp"", ""Hint1"", ""Gpx1"", ""Rpl5"", ""Rpl22l1"", ""Mrpl2"", ""Tuba4a"", ""Rps16"", ""Pla2g12a"", 
""Rps20"", ""Atp5o"", ""Alad"", ""Dynll1"", ""Slc25a3"", ""Krtcap2"", ""Psma3"", ""Fkbp3"", ""Manf"", ""Mrps15"", ""Mrps14"", ""Sac3d1"", ""Psma4"", ""Nme2"", ""Pdap1"", ""Sec61b"", ""Dtymk"", ""Mrps34"", ""Hmgn1"", ""Dpy30"", ""Psmb2"", ""Mrps12"", ""Cltb"", ""Magoh"", ""Pfdn6"", ""Cisd1"", ""Rps3a1"", ""Mrps18a"", ""Atp5d"", ""Higd1a"", ""Sdhb"", ""Mrpl55"", ""Ndufb6"", ""Eci1"", ""Rplp0"", ""Rpl18"", ""Ak2"", ""Klk8"", ""Rps3"", ""Hras"", ""Fdps"", ""Coq7"", ""Ndufs7"", ""Psmg3"", ""Psmb6"", ""Uqcr11"", ""Pgls"", ""Pin1"", ""Exosc8"", ""Sf3b5"", ""Pmm1"", ""Orai1"", ""Gsto1"", ""Nfix"", ""Pdgfa"", ""Rpl27a"", 
""Ifitm2"", ""Ndufs6"", ""Naa10"", ""Phlda3"", ""Rnf126"")"
"572","BURTON_ADIPOGENESIS_4","0.000652143644031864","0.00901226254420572","0.477270815362862","0.75389931330019","1.81749150590999","26","c(""Nhp2"", ""Nsun2"", ""Cct3"", ""Rcl1"", ""Fkbp4"", ""Ldha"", ""Nop2"", ""Angptl4"", ""Snrpa1"", ""Idh3a"", ""Abcf2"", ""Pole4"", ""Ppm1g"", ""Mrps12"", ""Eif2b1"")"
"573","GOBP_MITOCHONDRION_ORGANIZATION","8.36036680297797e-07","3.19644690767191e-05","0.659444398037935","0.588801775103356","1.81781316539757","176","c(""Hspd1"", ""Hsp90aa1"", ""Timm9"", ""Atad3a"", ""Ndufaf4"", ""Fam162a"", ""Tomm40"", ""Tomm5"", ""Timm10"", ""Phb"", ""Phb2"", ""Hspa4"", ""Chchd4"", ""Timm13"", ""Park7"", ""Mrpl17"", ""Ndufab1"", ""Uqcc2"", ""Tomm20"", ""Ndufa12"", ""Endog"", ""Sod2"", ""Mrpl15"", ""Noa1"", ""Cluh"", ""Timm17a"", ""Siva1"", ""Hk2"", ""Myc"", ""Kat2a"", ""Parp1"", ""Pdcd5"", ""Ndufaf6"", ""Timm50"", ""Tomm70a"", ""Gpx1"", ""Ndufa5"", ""Ppif"", ""Dynll1"", ""Vdac2"", ""Thg1l"", ""Tfrc"", ""Fxn"", ""Chchd2"", ""Stoml2"", ""Immt"", ""Mtx2"", ""Bcl2"", ""Chchd6"", ""Atp5d"", ""Higd1a"", ""Ndufb6"", ""Tspan4"", ""Coq7"", 
""Ndufs7"", ""Ndufaf2"", ""Prdx3"", ""Bcl2a1b"", ""Bid"", ""Ndufa10"", ""Ndufs6"", ""Samm50"", ""Dnajc11"", ""Dnlz"", ""Dusp18"", ""Mtx1"", ""Slc25a5"", ""Poldip2"")"
"574","GOMF_RNA_METHYLTRANSFERASE_ACTIVITY","0.000243304683162104","0.00406392180860806","0.518848077743792","0.838955936579854","1.81886622486197","16","c(""Mettl1"", ""Fbl"", ""Nsun2"", ""Ftsj3"", ""Trmt61a"", ""Nop2"", ""Thumpd3"", ""Mettl16"", ""Dimt1"", ""Trmt1"")"
"575","GOBP_RESPONSE_TO_LEUKEMIA_INHIBITORY_FACTOR","0.000125218737263133","0.00234682829478454","0.518848077743792","0.661721270249496","1.82276103272241","63","c(""Srm"", ""Ncl"", ""Shmt1"", ""Cacybp"", ""Mat2a"", ""Sdad1"", ""Eef1e1"", ""Nefh"", ""Srsf7"", ""Chchd4"", ""Nol8"", ""Mrpl15"", ""Hk2"", ""Rps16"", ""Tfrc"", ""Xrcc5"", ""Rif1"", ""Pfkp"", ""Dtx1"")"
"576","GOBP_MRNA_METABOLIC_PROCESS","4.69883007426316e-08","2.74977453835706e-06","0.719512826338911","0.580313536475965","1.82352173483168","214","c(""Npm1"", ""C1qbp"", ""Mrto4"", ""Ncl"", ""Apex1"", ""Nsun2"", ""Dkc1"", ""Ybx1"", ""Hspa8"", ""Trmt61a"", ""Rrp1b"", ""Pus7"", ""Txnl4a"", ""Snrpd1"", ""Srsf7"", ""Wdr77"", ""Syncrip"", ""Pus1"", ""Exosc5"", ""Prpf19"", ""Snrpd2"", ""Snrpd3"", ""Prmt7"", ""Srsf2"", ""Rbmxl1"", ""Exosc7"", ""Snrpa"", ""Snrpa1"", ""Lsm7"", ""Strap"", ""Lsm2"", ""Trmt6"", ""Gspt1"", ""Larp1"", ""Snrpf"", ""Magohb"", ""Lsm4"", ""U2af1"", ""Tbrg4"", ""Mettl16"", ""Etf1"", ""Pcbp1"", ""Srsf6"", ""Tsen2"", ""Prmt5"", ""Lsm6"", ""Hnrnpab"", ""Clns1a"", ""Ppie"", ""Tcerg1"", ""Prpf31"", ""Snrpb"", ""Hnrnpd"", ""Magoh"", ""Luc7l"", 
""Fastkd2"", ""Snrnp40"", ""Sf3b3"", ""Pabpc4"", ""Smn1"", ""Phf5a"", ""Htatsf1"", ""Exosc8"", ""Ppil1"", ""E2f1"", ""Sf3b5"", ""Ddx46"", ""Eftud2"", ""Sf3b6"", ""Sf3a1"", ""Thoc3"")"
"577","GOBP_REGULATION_OF_MRNA_PROCESSING","0.00010683680941238","0.00206996318236485","0.538434096309916","0.693748039243621","1.8238885970083","47","c(""Npm1"", ""C1qbp"", ""Ncl"", ""Hspa8"", ""Srsf7"", ""Wdr77"", ""Prpf19"", ""Srsf2"", ""Rbmxl1"", ""Mettl16"", ""Srsf6"", ""Prmt5"", ""Clns1a"")"
"578","REACTOME_EUKARYOTIC_TRANSLATION_INITIATION","6.43970592724848e-05","0.00134194328230993","0.538434096309916","0.633072778189234","1.82958112990719","83","c(""Rps2"", ""Eif4a1"", ""Rpl14"", ""Rpsa"", ""Eif3b"", ""Eif2s1"", ""Rpl36al"", ""Eif3g"", ""Rpl3"", ""Rps19"", ""Rps18"", ""Eif3a"", ""Rpl8"", ""Rps27l"", ""Rps8"", ""Rps25"", ""Rps12"", ""Eif2b3"", ""Eif2s2"", ""Eif5b"", ""Rpl21"", ""Eif1ax"", ""Eif3c"", ""Eif3j1"", ""Eif4g1"", ""Rpl13"", ""Rps5"", ""Eif4ebp1"", ""Eif3i"", ""Rpl5"", ""Rpl22l1"", ""Rps16"", ""Eif4e"", ""Rps20"", ""Rps17"", ""Rpl4"", ""Rps15"", ""Rps3a1"", ""Eif2b1"", ""Rplp0"", ""Rpl18"", ""Rps6"", ""Rps3"")"
"579","TABULA_MURIS_SENIS_BRAIN_NON_MYELOID_OLIGODENDROCYTE_AGEING","8.58732195834537e-13","1.7255810769359e-10","0.921426003494898","0.555760771972573","1.82999200551365","464","c(""Srm"", ""Nme1"", ""Npm1"", ""Mif"", ""Eif5a"", ""C1qbp"", ""Rps2"", ""Hsp90ab1"", ""Atp5g1"", ""Mrto4"", ""Hspe1"", ""Rpl14"", ""Ncl"", ""Ranbp1"", ""Set"", ""Nop56"", ""Hsp90aa1"", ""Mrpl12"", ""Ybx1"", ""Erh"", ""Pebp1"", ""Fam162a"", ""Tomm40"", ""Aprt"", ""Cacybp"", ""Ebna1bp2"", ""Cycs"", ""Rpsa"", ""Ppia"", ""Mrps18b"", ""Eef1g"", ""Phb"", ""Nop16"", ""Rexo2"", ""Eef1e1"", ""Aimp2"", ""Cnbp"", ""Phb2"", ""Calr"", ""Eef1d"", ""Eif3g"", ""Eef1b2"", ""Rpl3"", ""Anp32b"", ""Galk1"", ""Rps19"", ""Prdx1"", ""Txnl4a"", ""Rps18"", ""Psmb5"", ""Snrpd1"", ""Psma7"", ""Nudc"", ""Serbp1"", ""Timm13"", ""Cox5a"", 
""Park7"", ""Ndufab1"", ""Sdf2l1"", ""Exosc5"", ""Rpl8"", ""Rps8"", ""Snrpd2"", ""Snrpd3"", ""Ptma"", ""Wdr18"", ""Psmd7"", ""Guk1"", ""Glrx3"", ""Exosc7"", ""Snrpa"", ""Ndufa12"", ""Snrpa1"", ""Sod2"", ""Glrx5"", ""Ruvbl1"", ""Mrpl15"", ""Polr2e"", ""Lsm2"", ""Wdr83os"", ""Timm17a"", ""Atp5g3"", ""Eif6"", ""Rpl21"", ""Mrpl20"", ""Adh5"", ""Denr"", ""Eif1ax"", ""Aldoa"", ""Lsm4"", ""U2af1"", ""Ahsa1"", ""Hdgf"", ""Pdcd5"", ""Mrpl42"", ""Rpl13"", ""Rps5"", ""Imp4"", ""Btf3"", ""Mrps10"", ""Gadd45gip1"", ""Psme2"", ""Mrps24"", ""Eif3i"", ""Banf1"", ""Clpp"", ""Hint1"", ""Mrpl2"", ""Pla2g12a"", ""Rps20"", 
""Atp5o"", ""Dynll1"", ""Slc25a3"", ""Vdac2"", ""Dohh"", ""Gtf3a"", ""Rpl4"", ""Psma5"", ""Gtf2f2"", ""Psma3"", ""Fkbp3"", ""Snrpb"", ""Chchd2"", ""Manf"", ""Mrps15"", ""Stoml2"", ""Psma4"", ""Nme2"", ""Pdap1"", ""Ube2e1"", ""Pold2"", ""Hmgn1"", ""Pole4"", ""Mrps6"", ""Psmb2"", ""Mrps12"", ""Cltb"", ""Sgf29"", ""Pfdn6"", ""Cyc1"", ""Cisd1"", ""Rps3a1"", ""Mrps18a"", ""Atp5d"", ""Sdhb"", ""Psmd6"", ""Ndufb6"", ""Eci1"", ""Qdpr"", ""Rplp0"", ""Rpl18"", ""Creg1"", ""Ak2"", ""Nucks1"", ""Dtd1"", ""Rheb"", ""Rps3"", ""Hras"", ""Fdps"", ""Mrps17"", ""Fcf1"", ""Coq7"", ""Ndufs7"", ""Phf5a"", ""Prdx3"", ""Psmb6"", 
""Pgls"", ""Zfp771"", ""Pin1"", ""Sf3b5"", ""Psmc5"", ""Pmm1"")"
"580","RTF1_TARGET_GENES","4.93256634057163e-05","0.00108073753391407","0.557332238758646","0.634418905787581","1.83166114458027","85","c(""Nme1"", ""Rps2"", ""Eif4a1"", ""Hsp90aa1"", ""Nop58"", ""Hspa8"", ""Mrps18b"", ""Eef1g"", ""Phb2"", ""Hspa5"", ""Tma16"", ""Rps19"", ""Ddx18"", ""Rps8"", ""Lsm2"", ""Atp5b"", ""Wdr36"", ""Mir17hg"", ""Etf1"", ""Uck2"", ""Rpl5"", ""Rpl22l1"", ""Lsm6"", ""Rcc1"", ""Ivns1abp"", ""Snx5"", ""Hnrnpd"", ""Atp2a2"", ""Ipo7"")"
"581","TABULA_MURIS_SENIS_DIAPHRAGM_SKELETAL_MUSCLE_SATELLITE_CELL_AGEING","1.73911390128884e-06","6.11890688582302e-05","0.643551836150722","0.605581933939636","1.83253483527515","138","c(""Mif"", ""Nhp2"", ""Atp5g1"", ""Hspe1"", ""Rpl14"", ""Ncl"", ""Ranbp1"", ""Hsp90aa1"", ""Fam162a"", ""Cycs"", ""Rpl36al"", ""Ppp1r14b"", ""Eif3g"", ""Nop10"", ""Rps18"", ""Rps27a"", ""Cox5a"", ""Park7"", ""Mrpl17"", ""Rps27l"", ""Rps8"", ""Uqcc2"", ""Snrpd2"", ""Snrpd3"", ""Ptma"", ""Uqcrq"", ""Ndufa12"", ""Atp5g3"", ""Rpl21"", ""Mrpl23"", ""Eif1ax"", ""Lsm4"", ""U2af1"", ""Pdcd5"", ""Rpl13"", ""Rps5"", ""Btf3"", ""Hint1"", ""Rpl22l1"", ""Tuba4a"", ""Rps20"", ""Dynll1"", ""Fkbp3"", ""Manf"", ""Rps15"", ""Nme2"", ""Pdap1"", ""Psmb2"", ""Cltb"", ""Pfdn6"", ""Atp5d"", ""Ndufb6"", ""Rplp0"", ""Rpl18"")"
"582","TABULA_MURIS_SENIS_LARGE_INTESTINE_LARGE_INTESTINE_GOBLET_CELL_AGEING","5.68905913958749e-11","6.79724045115297e-09","0.851339057116899","0.566472354212348","1.83384777035562","343","c(""Srm"", ""Nme1"", ""Mif"", ""Eif5a"", ""Rps2"", ""Hsp90ab1"", ""Nhp2"", ""Atp5g1"", ""Rpl14"", ""Fbl"", ""Ranbp1"", ""Ppa1"", ""Mrpl12"", ""Ybx1"", ""Erh"", ""Pebp1"", ""Tomm40"", ""Cycs"", ""Rpsa"", ""Eef1g"", ""Ldha"", ""Rpl36al"", ""Phb2"", ""Calr"", ""Eef1d"", ""Mrps28"", ""Eif3g"", ""Rpl3"", ""Nop10"", ""Txnl4a"", ""Rps18"", ""Psmb5"", ""Tpi1"", ""Srsf7"", ""Psma7"", ""Rps27a"", ""Serbp1"", ""Angptl4"", ""Timm13"", ""Cox5a"", ""Park7"", ""Tmem97"", ""Mrpl17"", ""Sdf2l1"", ""Exosc5"", ""Rpl8"", ""Snrpd2"", ""Snrpd3"", ""Ptma"", ""Wdr18"", ""Psmd7"", ""Guk1"", ""Exosc7"", ""Uqcrq"", ""Mri1"", ""Snrpa"", 
""Ndufa12"", ""Endog"", ""Sod2"", ""Polr2e"", ""Smco4"", ""Lsm2"", ""Wdr83os"", ""Atp5g3"", ""Ccnd2"", ""Tmem238"", ""Rpl10a"", ""Eif6"", ""Mrpl20"", ""Mrpl23"", ""Lsm4"", ""U2af1"", ""Rpl13"", ""Mecr"", ""Rps5"", ""Sfxn1"", ""Btf3"", ""Mrps10"", ""Gadd45gip1"", ""Mrps24"", ""Eif3i"", ""Mrpl21"", ""Banf1"", ""Hint1"", ""Gpx1"", ""Mrpl2"", ""Tuba4a"", ""Ppif"", ""Rps20"", ""Atp5o"", ""Alad"", ""Slc25a3"", ""Vdac2"", ""Rpl4"", ""Krtcap2"", ""Psma3"", ""Snrpb"", ""Chchd2"", ""Manf"", ""Nme2"", ""Sec61b"", ""Dtymk"", ""Mrps34"", ""Psmb2"", ""Mrps12"", ""Cltb"", ""Pfdn6"", ""Cisd1"", ""Rps3a1"", ""Mrps18a"", 
""Atp5d"", ""Ndufb6"", ""Qdpr"", ""Rplp0"", ""Rpl18"", ""Rps6"", ""Rps3"", ""Fdps"", ""Pgd"", ""Ndufs7"", ""Phf5a"", ""Psmb6"", ""Pgls"", ""Pin1"", ""Gadd45g"", ""Sf3b5"", ""Psmc5"")"
"583","GOBP_MATURATION_OF_SSU_RRNA_FROM_TRICISTRONIC_RRNA_TRANSCRIPT_SSU_RRNA_5_8S_RRNA_LSU_RRNA","0.000249501836493405","0.0041117615870393","0.49849310876659","0.820452304381083","1.83596033616832","18","c(""Rrs1"", ""Rcl1"", ""Wdr43"", ""Tsr1"", ""Rps19"", ""Bysl"", ""Wdr46"", ""Rps8"", ""Rpp40"", ""Heatr1"", ""Nol10"", ""Rps16"", ""Utp6"", ""Fcf1"", ""Nop9"", ""Dcaf13"")"
"584","GOBP_AMINO_ACID_BIOSYNTHETIC_PROCESS","0.000249381488389391","0.0041117615870393","0.49849310876659","0.747512579411329","1.83686029885813","31","c(""Shmt1"", ""Mthfd1"", ""Shmt2"", ""Mtap"", ""Phgdh"", ""Park7"", ""Cad"", ""Mri1"", ""Psat1"", ""Pycrl"", ""Bcat1"", ""Aasdhppt"", ""Asns"", ""Got1"")"
"585","GOBP_NUCLEOBASE_CONTAINING_SMALL_MOLECULE_METABOLIC_PROCESS","9.06526499041532e-08","4.85881259065718e-06","0.704975715167238","0.589183103982733","1.83690005926113","194","c(""Nme1"", ""Atp5g1"", ""Ran"", ""Shmt1"", ""Dctpp1"", ""Aprt"", ""Gart"", ""Hspa8"", ""Mthfd1"", ""Shmt2"", ""Ldha"", ""Mtap"", ""Atic"", ""Impdh2"", ""Ppat"", ""Ctps"", ""Tkt"", ""Park7"", ""Cad"", ""Ndufab1"", ""Dctd"", ""Guk1"", ""Ndufa12"", ""Nudt19"", ""Umps"", ""Fasn"", ""Atp5b"", ""Atp5g3"", ""Myc"", ""Aldoa"", ""Parp1"", ""Idh3a"", ""Uck2"", ""Gars"", ""Nudt5"", ""Hint1"", ""Ndufa5"", ""Pycrl"", ""Acsl5"", ""Kars"", ""Atp5o"", ""Stoml2"", ""Nme2"", ""Adk"", ""Dtymk"", ""Paics"", ""Adsl"", ""Acaca"", ""Gmps"", ""Ola1"", ""Pfas"", ""Ampd2"", ""Dut"", ""Dnph1"", ""Atp5d"", ""Sdhb"", ""Ndufb6"", ""Nme4"", 
""Ak2"", ""Atp5e"", ""Suclg2"", ""Nme6"", ""Pgd"", ""Ndufs7"", ""Txnrd1"", ""Hprt"", ""Pgls"")"
"586","GOBP_PROTEIN_TARGETING_TO_MITOCHONDRION","0.000147752296798967","0.00270721860109289","0.518848077743792","0.740985648530173","1.83881639630913","33","c(""Hspd1"", ""Hsp90aa1"", ""Timm9"", ""Tomm40"", ""Tomm5"", ""Timm10"", ""Hspa4"", ""Chchd4"", ""Timm13"", ""Tomm20"", ""Timm17a"", ""Pdcd5"", ""Timm50"", ""Tomm70a"")"
"587","REACTOME_MRNA_SPLICING","2.09393472911638e-05","0.000517617054805277","0.575610261071129","0.624681026798748","1.84007287995768","99","c(""Ybx1"", ""Hspa8"", ""Polr2f"", ""Polr2h"", ""Txnl4a"", ""Snrpd1"", ""Srsf7"", ""Prpf19"", ""Snrpd2"", ""Snrpd3"", ""Srsf2"", ""Snrpa"", ""Snrpa1"", ""Lsm7"", ""Polr2e"", ""Lsm2"", ""Snrpf"", ""Magohb"", ""Lsm4"", ""U2af1"", ""Pcbp1"", ""Lsm6"", ""Ppie"", ""Tcerg1"", ""Gtf2f2"", ""Prpf31"", ""Snrpb"", ""Hnrnpd"", ""Ppih"", ""Magoh"", ""Snrnp40"", ""Sf3b3"", ""Phf5a"", ""Htatsf1"", ""Ppil1"", ""Sf3b5"", ""Polr2l"", ""Ddx46"", ""Eftud2"", ""Sf3b6"", ""Sf3a1"", ""Rnps1"", ""Ncbp1"", ""Hnrnpa1"")"
"588","TABULA_MURIS_SENIS_LUNG_CLASSICAL_MONOCYTE_AGEING","7.5356754625081e-10","7.58194715394455e-08","0.801215574617779","0.578480730874673","1.84211146301336","270","c(""Nme1"", ""Npm1"", ""Mif"", ""Eif5a"", ""Rps2"", ""Hsp90ab1"", ""Nhp2"", ""Atp5g1"", ""Rpl14"", ""Ncl"", ""Ran"", ""Hsp90aa1"", ""Mrpl12"", ""Erh"", ""Pebp1"", ""Rpsa"", ""Ppia"", ""Ldha"", ""Rpl36al"", ""Hspa5"", ""Calr"", ""Eef1d"", ""Eef1b2"", ""Rpl3"", ""Anp32b"", ""Llph"", ""Rps19"", ""Prdx1"", ""Impdh2"", ""Rps18"", ""Psmb5"", ""Tpi1"", ""Snrpd1"", ""Eif3a"", ""Psma7"", ""Rps27a"", ""Serbp1"", ""Timm13"", ""Cox5a"", ""Park7"", ""Sdf2l1"", ""Rpl8"", ""Rps27l"", ""Rps8"", ""Uqcc2"", ""Snrpd2"", ""Snrpd3"", ""Ptma"", ""Uqcrq"", ""Ndufa12"", ""Sod2"", ""Rps25"", ""Hsp90b1"", ""Rps12"", ""Mtdh"", ""Lsm2"", 
""Atp5b"", ""Atp5g3"", ""Siva1"", ""Eif2s2"", ""Rpl10a"", ""Rpl21"", ""Mrpl20"", ""Mrpl23"", ""Nap1l1"", ""Aldoa"", ""Eif3c"", ""Lsm4"", ""Pdcd5"", ""Mrpl42"", ""Mrpl54"", ""Rpl13"", ""Rps5"", ""Mrps24"", ""Eif3i"", ""Banf1"", ""Hint1"", ""Ndufa5"", ""Lsm6"", ""Hnrnpab"", ""Cox7b"", ""Rps16"", ""Rps20"", ""Atp5o"", ""Rps17"", ""Dynll1"", ""Rpn1"", ""Krtcap2"", ""Chchd2"", ""Mrps14"", ""Hnrnpd"", ""Psma4"", ""Rps15"", ""Nme2"", ""Pdap1"", ""Sec61b"", ""Psmb2"", ""Pfdn6"", ""Cyc1"", ""Rps3a1"", ""Atp5d"", ""Higd1a"", ""Ndufb6"", ""Rpl18"", ""Nucks1"", ""Rps6"", ""Rps3"", ""Metap2"", ""Pgd"", ""Ndufs7"", 
""Phf5a"", ""Psmb6"", ""Uqcr11"", ""Pgls"")"
"589","GOBP_REGULATION_OF_MRNA_SPLICING_VIA_SPLICEOSOME","6.31657086846322e-05","0.00133182110039105","0.538434096309916","0.720017474135467","1.8430222002737","41","c(""Npm1"", ""C1qbp"", ""Ncl"", ""Hspa8"", ""Srsf7"", ""Wdr77"", ""Prpf19"", ""Srsf2"", ""Rbmxl1"", ""Mettl16"", ""Srsf6"", ""Prmt5"", ""Clns1a"")"
"590","WP_MRNA_PROCESSING","7.91692448824625e-08","4.32414875619926e-06","0.704975715167238","0.594061527550231","1.8431266233111","185","c(""Npm1"", ""Fbl"", ""Ncl"", ""Ybx1"", ""G3bp1"", ""Prmt1"", ""Eif3b"", ""Ddx21"", ""Ppp1r14b"", ""Nifk"", ""Ltv1"", ""Mrps28"", ""Eif3g"", ""Nip7"", ""Txnl4a"", ""Snrpd1"", ""Srsf7"", ""Pum3"", ""Park7"", ""Syncrip"", ""Exosc5"", ""Rpl8"", ""Mak16"", ""Snrpd2"", ""Snrpd3"", ""Srsf2"", ""Rbmxl1"", ""Exosc7"", ""Snrpa"", ""Snrpa1"", ""Lsm7"", ""Nol8"", ""Lsm2"", ""Rpp14"", ""Snrpf"", ""Mrpl23"", ""Lsm4"", ""U2af1"", ""Nufip1"", ""Imp4"", ""Pcbp1"", ""Srsf6"", ""Ppargc1b"", ""Ddx56"", ""Dis3"", ""Hnrnpab"", ""Akap1"", ""Eif4e"", ""Rps20"", ""Ppie"", ""Snrpb"", ""Hnrnpd"", ""Ppm1g"", ""Snrnp40"", ""Sf3b3"", 
""Pabpc4"", ""Smn1"", ""Rps6"", ""Mrpl11"", ""Nop9"", ""Phf5a"", ""Htatsf1"", ""Exosc8"", ""Sf3b5"", ""Eftud2"", ""Sf3b6"", ""Sf3a1"")"
"591","GOBP_REGULATION_OF_MRNA_METABOLIC_PROCESS","2.3409875266458e-05","0.000561739057126095","0.575610261071129","0.638429151895488","1.84328590185627","84","c(""Npm1"", ""C1qbp"", ""Ncl"", ""Apex1"", ""Ybx1"", ""Hspa8"", ""Srsf7"", ""Wdr77"", ""Syncrip"", ""Exosc5"", ""Prpf19"", ""Srsf2"", ""Rbmxl1"", ""Exosc7"", ""Larp1"", ""Tbrg4"", ""Mettl16"", ""Srsf6"", ""Prmt5"", ""Hnrnpab"", ""Clns1a"", ""Hnrnpd"", ""Magoh"", ""Fastkd2"", ""Pabpc4"")"
"592","GOBP_PROTEIN_STABILIZATION","4.7292728235818e-05","0.00105125502493185","0.557332238758646","0.659656108237236","1.84456103755969","67","c(""Npm1"", ""Hsp90ab1"", ""Hspd1"", ""Hsp90aa1"", ""Cct3"", ""Gtpbp4"", ""Cct8"", ""Phb"", ""Phb2"", ""Ptges3"", ""Cct5"", ""Calr"", ""Park7"", ""Tcp1"", ""Cct2"", ""Cct7"", ""Bag2"", ""Rpl5"", ""Telo2"")"
"593","GOBP_NUCLEOSIDE_MONOPHOSPHATE_METABOLIC_PROCESS","0.000220829018515033","0.00375802498867572","0.518848077743792","0.728018227570071","1.84502423195447","37","c(""Nme1"", ""Shmt1"", ""Aprt"", ""Gart"", ""Atic"", ""Impdh2"", ""Ppat"", ""Cad"", ""Guk1"", ""Umps"", ""Uck2"", ""Nme2"", ""Adk"", ""Paics"", ""Adsl"", ""Gmps"", ""Pfas"", ""Ampd2"", ""Dut"", ""Dnph1"", ""Ak2"")"
"594","GOBP_RNA_SPLICING","1.30963175630806e-07","6.63119199234954e-06","0.690132458796796","0.60334172091413","1.84857827583738","158","c(""Npm1"", ""C1qbp"", ""Ncl"", ""Ybx1"", ""Hspa8"", ""Prmt1"", ""Rrp1b"", ""Pus7"", ""Txnl4a"", ""Snrpd1"", ""Srsf7"", ""Wdr77"", ""Syncrip"", ""Pus1"", ""Prpf19"", ""Snrpd2"", ""Snrpd3"", ""Prmt7"", ""Srsf2"", ""Rbmxl1"", ""Snrpa"", ""Snrpa1"", ""Lsm7"", ""Strap"", ""Lsm2"", ""Snrpf"", ""Kat2a"", ""Magohb"", ""Lsm4"", ""U2af1"", ""Mettl16"", ""Srsf6"", ""Tsen2"", ""Prmt5"", ""Lsm6"", ""Clns1a"", ""Ivns1abp"", ""Ppie"", ""Tcerg1"", ""Prpf31"", ""Snrpb"", ""Magoh"", ""Sgf29"", ""Luc7l"", ""Snrnp40"", ""Sf3b3"", ""Smn1"", ""Phf5a"", ""Htatsf1"", ""Ppil1"", ""Sf3b5"", ""Ddx46"", ""Eftud2"", ""Sf3b6"", ""Sf3a1"", 
""Thoc3"", ""Ddx1"", ""Rnps1"", ""Ncbp1"", ""Sfpq"", ""Hnrnpa1"")"
"595","GOCC_90S_PRERIBOSOME","6.61808379613179e-05","0.00136527735866244","0.538434096309916","0.840586949392747","1.84916632207493","17","c(""Rsl1d1"", ""Noc2l"", ""Utp18"", ""Bop1"", ""Mphosph10"", ""Nop14"", ""Heatr1"", ""Utp20"", ""Pes1"", ""Wdr36"", ""Noc4l"", ""Imp4"", ""Wdr3"", ""Utp6"", ""Nop9"", ""Wdr12"")"
"596","BURTON_ADIPOGENESIS_5","6.81565633187398e-05","0.00139102452182552","0.538434096309916","0.687795418074835","1.85489623840635","56","c(""Ppa1"", ""Timm9"", ""Fabp5"", ""Mrpl12"", ""Tomm40"", ""Cycs"", ""Phb"", ""Phb2"", ""Tmem97"", ""Ndufab1"", ""Mrpl15"", ""Rpp14"", ""Timm17a"", ""Hk2"", ""Mrpl20"", ""Aldoa"", ""Pdia6"", ""Ppif"", ""Pla2g12a"", ""Psma5"", ""Mrps34"", ""Mtx2"", ""Cyc1"", ""Cisd1"", ""Ak2"", ""Prdx3"", ""Uqcr11"", ""Pradc1"")"
"597","GOBP_PROTEIN_LOCALIZATION_TO_MITOCHONDRION","6.45817516857091e-05","0.00134194328230993","0.538434096309916","0.730288139166003","1.85670473681579","39","c(""Hspd1"", ""Hsp90aa1"", ""Timm9"", ""Tomm40"", ""Tomm5"", ""Timm10"", ""Hspa4"", ""Chchd4"", ""Timm13"", ""Tomm20"", ""Timm17a"", ""Hk2"", ""Pdcd5"", ""Timm50"", ""Tomm70a"")"
"598","GOBP_PROTEIN_LOCALIZATION_TO_CHROMOSOME_TELOMERIC_REGION","5.18974841817321e-05","0.00112739421129634","0.557332238758646","0.844457358260358","1.85768064618598","17","c(""Gnl3"", ""Dkc1"", ""Cct3"", ""Cct8"", ""Cct5"", ""Tcp1"", ""Pinx1"", ""Cct2"", ""Cct7"")"
"599","GOMF_BASAL_TRANSCRIPTION_MACHINERY_BINDING","0.000190614109699407","0.00334303339182293","0.518848077743792","0.790900900899692","1.8606987932989","23","c(""Fbl"", ""Nolc1"", ""Nop58"", ""Wdr43"", ""Smyd2"", ""Znhit6"", ""Llph"", ""Ruvbl1"", ""Ruvbl2"")"
"600","GOBP_RNA_TEMPLATED_DNA_BIOSYNTHETIC_PROCESS","0.000129592998779531","0.00242089852768928","0.518848077743792","0.746183070420465","1.86087631098594","34","c(""Nhp2"", ""Gar1"", ""Hsp90aa1"", ""Dkc1"", ""Cct3"", ""Cct8"", ""Ptges3"", ""Cct5"", ""Nop10"", ""Nat10"", ""Tcp1"", ""Pinx1"", ""Cct2"", ""Cct7"")"
"601","GOBP_RIBOSOMAL_LARGE_SUBUNIT_ASSEMBLY","0.000142528394192524","0.00262829691541519","0.518848077743792","0.831940209484208","1.86166730048834","18","c(""Mrto4"", ""Rrs1"", ""Ppan"", ""Nop2"", ""Bop1"", ""Mdn1"", ""Brix1"", ""Nle1"", ""Rpf2"", ""Mrpl20"", ""Rpl5"", ""Fastkd2"", ""Rplp0"")"
"602","GOCC_MITOCHONDRIAL_SMALL_RIBOSOMAL_SUBUNIT","0.000203539142338037","0.00353726357972316","0.518848077743792","0.797081853710805","1.86336394382234","22","c(""Mrps18b"", ""Mrps28"", ""Mrpl42"", ""Mrps10"", ""Mrps24"", ""Mrps7"", ""Mrps15"", ""Mrps14"", ""Mrps34"", ""Mrps6"", ""Mrps12"", ""Mrps18a"", ""Mrps17"", ""Chchd1"", ""Mrps27"", ""Mrps5"", ""Mrps22"")"
"603","GOBP_RNA_SPLICING_VIA_TRANSESTERIFICATION_REACTIONS","1.02789967788186e-06","3.90397659116056e-05","0.643551836150722","0.629141370159759","1.8633783107111","115","c(""Npm1"", ""C1qbp"", ""Ncl"", ""Hspa8"", ""Txnl4a"", ""Snrpd1"", ""Srsf7"", ""Wdr77"", ""Prpf19"", ""Snrpd2"", ""Snrpd3"", ""Prmt7"", ""Srsf2"", ""Rbmxl1"", ""Snrpa"", ""Snrpa1"", ""Lsm7"", ""Strap"", ""Lsm2"", ""Snrpf"", ""Magohb"", ""Lsm4"", ""U2af1"", ""Mettl16"", ""Srsf6"", ""Prmt5"", ""Lsm6"", ""Clns1a"", ""Ppie"", ""Prpf31"", ""Snrpb"", ""Magoh"", ""Luc7l"", ""Sf3b3"", ""Smn1"", ""Phf5a"", ""Htatsf1"", ""Ppil1"", ""Sf3b5"", ""Ddx46"", ""Eftud2"", ""Sf3b6"", ""Sf3a1"", ""Rnps1"", ""Ncbp1"", ""Sfpq"", ""Hnrnpa1"")"
"604","GOBP_TRANSLATIONAL_INITIATION","2.64262737601753e-05","0.000626259008324815","0.575610261071129","0.726731015977558","1.86365983417958","42","c(""Npm1"", ""Eif4a1"", ""Eif3b"", ""Eif2s1"", ""Abce1"", ""Bzw2"", ""Eif3g"", ""Eif3a"", ""Eif1a"", ""Eif2b3"", ""Eif2s2"", ""Larp1"", ""Eif5b"", ""Eif6"", ""Denr"", ""Eif1ax"", ""Eif3c"", ""Eif4g1"", ""Eif4ebp1"", ""Dhx29"", ""Eif3i"", ""Eif4e"")"
"605","GOBP_NUCLEOSIDE_TRIPHOSPHATE_BIOSYNTHETIC_PROCESS","2.39121769283874e-05","0.000571401394517923","0.575610261071129","0.681270925353873","1.86523324761435","62","c(""Nme1"", ""Atp5g1"", ""Impdh2"", ""Ctps"", ""Cad"", ""Ndufab1"", ""Ndufa12"", ""Atp5b"", ""Atp5g3"", ""Myc"", ""Aldoa"", ""Parp1"", ""Uck2"", ""Ndufa5"", ""Atp5o"", ""Stoml2"", ""Nme2"", ""Adk"", ""Dtymk"", ""Atp5d"", ""Sdhb"", ""Ndufb6"", ""Nme4"", ""Atp5e"", ""Nme6"", ""Ndufs7"", ""Ndufa10"", ""Ndufs6"")"
"606","HDGFL2_TARGET_GENES","9.0154238359599e-09","6.38314267891729e-07","0.747739663149885","0.592699058465623","1.86663912660737","223","c(""Eif5a"", ""Rps2"", ""Mrto4"", ""Eif4a1"", ""Ncl"", ""Apex1"", ""Hspa9"", ""Hsp90aa1"", ""Nsun2"", ""Ybx1"", ""Nop58"", ""Fam162a"", ""Tomm40"", ""Mrps18b"", ""Eef1g"", ""Cnbp"", ""Nop2"", ""Eef1b2"", ""Rpl3"", ""Pno1"", ""Rps19"", ""Prdx1"", ""Rcc2"", ""Impdh2"", ""Ddx27"", ""Rps18"", ""Rps27a"", ""Wdr77"", ""Pum3"", ""Cad"", ""Vars"", ""Exosc5"", ""Rps8"", ""Srsf2"", ""Tomm20"", ""St13"", ""Rps12"", ""Snhg12"", ""Polr2e"", ""Naa25"", ""Wdr83os"", ""Atp5b"", ""Pes1"", ""Rpl10a"", ""Rpl21"", ""Denr"", ""Kat2a"", ""Aldoa"", ""Tbrg4"", ""Gusb"", ""Farsb"", ""Mrpl21"", ""Gpx1"", ""Rpl5"", ""Rps20"", ""Rps17"", 
""Ak6"", ""Mrps7"", ""Vdac2"", ""Rcc1"", ""Rpn1"", ""Snx5"", ""Rps15"", ""Psmg2"", ""Adk"", ""Pdap1"", ""Sec61b"", ""Pole4"", ""Mid1"", ""Rif1"", ""Sf3b3"", ""Ifrd1"", ""Eci1"", ""Rpl18"", ""Nme4"", ""Rabggtb"", ""Pdss1"", ""Nme6"", ""Mrpl11"", ""Ndc1"", ""Uqcr11"", ""Osgep"", ""Kpnb1"", ""Rpl36a"", ""Psmd1"", ""Mrps5"", ""Eftud2"", ""Ndufa4"", ""Psmd12"", ""Etv5"")"
"607","GOCC_FIBRILLAR_CENTER","1.69367152236877e-05","0.00043951159189072","0.575610261071129","0.67244237431434","1.86793496374435","64","c(""Fbl"", ""Ncl"", ""Gar1"", ""Nop56"", ""Nolc1"", ""Dkc1"", ""Nop58"", ""Wdr43"", ""Polr2f"", ""Eef1d"", ""Polr1b"", ""Timm13"", ""Prmt7"", ""Mri1"", ""Heatr1"", ""Mtdh"", ""Mrpl23"", ""Nufip1"", ""Imp4"", ""Cdca7l"", ""Rpp38"")"
"608","WP_PURINE_METABOLISM","2.96579231595633e-05","0.000688616151093505","0.575610261071129","0.661518110368783","1.86940321502823","71","c(""Nme1"", ""Aprt"", ""Gart"", ""Polr2f"", ""Polr2h"", ""Atic"", ""Polr1b"", ""Impdh2"", ""Ppat"", ""Polr3h"", ""Polr3d"", ""Guk1"", ""Polr2e"", ""Polr1a"", ""Polr3e"", ""Nudt5"", ""Ak6"", ""Nme2"", ""Adk"", ""Paics"", ""Pold2"", ""Adsl"", ""Pole4"", ""Gmps"", ""Pfas"", ""Ampd2"", ""Nme4"", ""Ak2"", ""Polr3k"", ""Pole3"", ""Nme6"", ""Hprt"", ""Polr2l"")"
"609","BERENJENO_TRANSFORMED_BY_RHOA_UP","3.54332625662946e-13","7.81576003144998e-11","0.932595211336209","0.572328126237525","1.86968677538229","390","c(""Srm"", ""Nme1"", ""Nhp2"", ""Hspd1"", ""Mrto4"", ""Fbl"", ""Pa2g4"", ""Ranbp1"", ""Gar1"", ""Ran"", ""Rsl1d1"", ""Ppa1"", ""Hsp90aa1"", ""Shmt1"", ""Nsun2"", ""Dctpp1"", ""Cct3"", ""Mrpl12"", ""Nop58"", ""Rrs1"", ""Rcl1"", ""Ndufaf4"", ""Grwd1"", ""Fam162a"", ""Tomm40"", ""Cacybp"", ""Ebna1bp2"", ""Gart"", ""Cycs"", ""Ftsj3"", ""Ifrd2"", ""Fkbp4"", ""Pgam1"", ""Eif3b"", ""Ddx21"", ""Wdr43"", ""Eif2s1"", ""Nop16"", ""Aimp2"", ""Ldha"", ""Utp18"", ""Ppp1r14b"", ""Odc1"", ""Ptges3"", ""Abce1"", ""Tsr1"", ""Ybx3"", ""Nop2"", ""Fam136a"", ""Bop1"", ""Pno1"", ""Ppid"", ""Hsph1"", ""Hspa4"", ""Psmb5"", ""Tpi1"", 
""Snrpd1"", ""Pprc1"", ""Rangrf"", ""Ctps"", ""Ddx18"", ""Psma7"", ""Pum3"", ""Bysl"", ""Tmem97"", ""Vars"", ""Rrp12"", ""Mak16"", ""Snrpd2"", ""Snrpd3"", ""Rpf2"", ""Rbmxl1"", ""Ipo5"", ""Rars"", ""Snrpa1"", ""Sod2"", ""Psat1"", ""Polr2e"", ""Lsm2"", ""Hk2"", ""Eif6"", ""Cct7"", ""Myc"", ""Ruvbl2"", ""Lsm4"", ""Eif3j1"", ""Bola2"", ""Etf1"", ""Uck2"", ""Dnajc2"", ""Mrps10"", ""Nudcd2"", ""Mcm3"", ""Stip1"", ""Cdca7l"", ""Usp10"", ""Tomm70a"", ""Banf1"", ""Lrrc59"", ""Acsl5"", ""Bcat1"", ""Abcf2"", ""Mcm2"", ""Ttc27"", ""Cinp"", ""Rcc1"", ""Ivns1abp"", ""Mthfd2"", ""Mrpl16"", ""Tfrc"", ""Tcerg1"", ""Dnajc21"", 
""Cdca7"", ""Dtymk"", ""Ssrp1"", ""Ipo7"", ""Pfdn6"", ""Gsr"", ""Cisd1"", ""Snrnp40"", ""Dnph1"", ""Taf1d"", ""Ifrd1"", ""Higd1a"")"
"610","GOBP_TELOMERE_MAINTENANCE_VIA_TELOMERE_LENGTHENING","4.47717019106316e-05","0.000999088367538803","0.557332238758646","0.737114067300871","1.87405916504962","39","c(""Nhp2"", ""Gar1"", ""Hsp90aa1"", ""Dkc1"", ""Cct3"", ""Cct8"", ""Ptges3"", ""Cct5"", ""Nop10"", ""Nat10"", ""Tcp1"", ""Naf1"", ""Pinx1"", ""Cct2"", ""Cct7"", ""Parp1"")"
"611","GOCC_ORGANELLE_INNER_MEMBRANE","5.54668576464079e-09","4.18555827108091e-07","0.761460801445585","0.594741441272569","1.87491056790495","226","c(""Hspd1"", ""Atp5g1"", ""Timm9"", ""Atad3a"", ""Mrpl12"", ""Tomm40"", ""Mrps18b"", ""Timm10"", ""Phb"", ""Shmt2"", ""Phb2"", ""Mrps28"", ""Timm13"", ""Cox5a"", ""Mrpl17"", ""Ndufab1"", ""Uqcc2"", ""Uqcrq"", ""Ndufa12"", ""Endog"", ""Sod2"", ""Mrpl15"", ""Noa1"", ""Timm17a"", ""Mrpl19"", ""Atp5b"", ""Atp5g3"", ""Mrpl20"", ""Mrpl23"", ""Coq2"", ""Mrpl42"", ""Mrpl54"", ""Ndufaf6"", ""Timm50"", ""Mrpl36"", ""Sfxn1"", ""Mrps10"", ""Gadd45gip1"", ""Mrps24"", ""Mrpl21"", ""Mrpl2"", ""Ndufa5"", ""Ppif"", ""Cox7b"", ""Akap1"", ""Acsl5"", ""Atp5o"", ""Trap1"", ""Mrps7"", ""Slc25a3"", ""Vdac2"", ""Mrpl16"", 
""Mrps15"", ""Stoml2"", ""Mrps14"", ""Mrps34"", ""Mrps6"", ""Mrps12"", ""Immt"", ""Cyc1"", ""Bcl2"", ""Chchd6"", ""Mrps18a"", ""Atp5d"", ""Higd1a"", ""Sdhb"", ""Mrpl55"", ""Ndufb6"", ""Eci1"", ""Ak2"", ""Atp5e"", ""Mrpl50"", ""Mrpl38"", ""Rps3"", ""Mrps17"", ""Mrpl11"", ""Coq7"", ""Ndufs7"", ""Chchd1"", ""Mrps27"", ""Uqcr11"", ""Crls1"", ""Mrps5"", ""Ndufa10"", ""Ndufa4"", ""Ndufs6"", ""Dpy19l1"", ""Mrpl47"", ""Samm50"", ""Cox4i2"", ""Mrps22"", ""Dnajc11"", ""Got2"", ""Dusp18"", ""Mtx1"", ""Slc25a5"", ""Mrpl28"", ""Gcat"")"
"612","ZFP709_TARGET_GENES","6.41970589454642e-05","0.00134194328230993","0.538434096309916","0.71493008585368","1.87582219826536","46","c(""Hsp90ab1"", ""Hspd1"", ""Hspe1"", ""Hsp90aa1"", ""Hspa8"", ""Fkbp4"", ""Ptges3"", ""Hsph1"", ""Timm13"", ""Tcp1"", ""St13"")"
"613","GOBP_SPLICEOSOMAL_SNRNP_ASSEMBLY","0.000105474552778901","0.00205049681419322","0.538434096309916","0.798712950753975","1.87907767201875","23","c(""Snrpd1"", ""Wdr77"", ""Prpf19"", ""Snrpd2"", ""Snrpd3"", ""Prmt7"", ""Strap"", ""Lsm2"", ""Snrpf"", ""Lsm4"", ""Prmt5"", ""Clns1a"", ""Prpf31"", ""Snrpb"", ""Smn1"")"
"614","GOBP_MATURATION_OF_5_8S_RRNA","0.000143601842027663","0.00263960437188669","0.518848077743792","0.793158841488368","1.88122709290481","24","c(""Npm1"", ""Rrp15"", ""Rrs1"", ""Rcl1"", ""Ftsj3"", ""Bop1"", ""Mak16"", ""Rpp40"", ""Exosc7"", ""Pes1"", ""Eif6"", ""Nol9"", ""Las1l"", ""Fcf1"", ""Nop9"", ""Exosc8"", ""Wdr12"")"
"615","STARK_PREFRONTAL_CORTEX_22Q11_DELETION_DN","1.11039672552295e-09","9.95019565761581e-08","0.788186810800237","0.596664894040427","1.88126854123078","230","c(""Nme1"", ""C1qbp"", ""Hspe1"", ""Ranbp1"", ""Cct3"", ""Fam162a"", ""Cacybp"", ""Cycs"", ""Gcsh"", ""Eif2s1"", ""Smyd2"", ""Rpl36al"", ""Nifk"", ""Cct5"", ""Mrps28"", ""Fam136a"", ""Nop10"", ""Prdx1"", ""Tpi1"", ""Nudc"", ""Mrpl17"", ""Tcp1"", ""Rpl8"", ""Uqcc2"", ""Snrpd2"", ""Guk1"", ""Tomm20"", ""Rars"", ""Hspbp1"", ""Ndufa12"", ""Nudt19"", ""St13"", ""Cct2"", ""Mrpl15"", ""Timm17a"", ""Eif6"", ""Adh5"", ""Denr"", ""Aldoa"", ""Ahsa1"", ""Pdcd5"", ""Idh3a"", ""Mrpl42"", ""Bcap29"", ""Stip1"", ""Rpl5"", ""Rpl22l1"", ""Ddx56"", ""Nars"", ""Eif4e"", ""Atp5o"", ""Rps17"", ""Clns1a"", ""Alad"", ""Dynll1"", 
""Vdac2"", ""Gtf3a"", ""Rpl4"", ""Krtcap2"", ""Psma5"", ""Psma3"", ""Fkbp3"", ""Sac3d1"", ""Nme2"", ""Psmg2"", ""Sec61b"", ""Mrps12"", ""Carm1"", ""Pfdn6"", ""Cyc1"", ""Cisd1"", ""Mrps18a"", ""Mrpl55"", ""Rpl18"", ""Atp5e"", ""Rheb"", ""Pkib"", ""Fdps"", ""Mrps17"", ""Mrpl11"", ""Ndufs7"", ""Prdx3"", ""Psmb6"", ""Chchd1"", ""Uqcr11"")"
"616","GOBP_NUCLEOSIDE_PHOSPHATE_BIOSYNTHETIC_PROCESS","1.0874503920557e-06","4.07616209048329e-05","0.643551836150722","0.636087828912333","1.88463341946558","116","c(""Nme1"", ""Atp5g1"", ""Shmt1"", ""Aprt"", ""Gart"", ""Mthfd1"", ""Atic"", ""Impdh2"", ""Ppat"", ""Ctps"", ""Cad"", ""Ndufab1"", ""Dctd"", ""Guk1"", ""Ndufa12"", ""Umps"", ""Atp5b"", ""Atp5g3"", ""Myc"", ""Aldoa"", ""Parp1"", ""Uck2"", ""Gars"", ""Ndufa5"", ""Acsl5"", ""Kars"", ""Atp5o"", ""Stoml2"", ""Nme2"", ""Adk"", ""Dtymk"", ""Paics"", ""Adsl"", ""Gmps"", ""Pfas"", ""Ampd2"", ""Dut"", ""Atp5d"", ""Sdhb"", ""Ndufb6"", ""Nme4"", ""Ak2"", ""Atp5e"", ""Nme6"", ""Ndufs7"", ""Hprt"")"
"617","DARWICHE_PAPILLOMA_RISK_LOW_UP","1.77152759570286e-05","0.000451542700504707","0.575610261071129","0.670208419706881","1.88541015644673","69","c(""Srm"", ""Eif5a"", ""Nhp2"", ""Hspd1"", ""Ncl"", ""Fam162a"", ""Cacybp"", ""Pgam1"", ""Ldha"", ""Eef1d"", ""Eef1b2"", ""Galk1"", ""Tcp1"", ""Mrpl19"", ""Pdcd5"", ""Uck2"")"
"618","GRAESSMANN_RESPONSE_TO_MC_AND_DOXORUBICIN_DN","7.45624249170109e-12","1.12530396552384e-09","0.875325132024659","0.588836363645152","1.88841439981557","303","c(""C1qbp"", ""Mettl1"", ""Eif4a1"", ""Apex1"", ""Hspa9"", ""Nop56"", ""Timm9"", ""Nolc1"", ""Dctpp1"", ""Mrpl12"", ""Rrp15"", ""Nop58"", ""Rcl1"", ""Ndufaf4"", ""Mybbp1a"", ""Tomm40"", ""Gart"", ""Hspa8"", ""Ifrd2"", ""Hivep3"", ""Tomm5"", ""Timm10"", ""Gcsh"", ""Eef1e1"", ""Mtap"", ""Abce1"", ""Smyd5"", ""Rpl3"", ""Nop10"", ""Tfap4"", ""Mphosph10"", ""Galk1"", ""Polr1b"", ""Hspa4"", ""Srsf7"", ""Ppat"", ""Wdr77"", ""Wdr75"", ""Pum3"", ""Mdn1"", ""Bysl"", ""Thop1"", ""Syncrip"", ""Tcp1"", ""Aatf"", ""Exosc5"", ""Srsf2"", ""Rpp40"", ""Wdr4"", ""Exosc7"", ""Heatr1"", ""Hspbp1"", ""Exosc1"", ""St13"", ""Mbd3"", 
""Polr1a"", ""Rpp14"", ""Mrpl19"", ""Eif2s2"", ""Psmg1"", ""Myc"", ""Kat2a"", ""Magohb"", ""Tbrg4"", ""Cops7a"", ""Iars"", ""Psmg4"", ""Sfxn1"", ""Farsb"", ""Etf1"", ""Trib1"", ""Timp3"", ""Srsf6"", ""Nudcd1"", ""Mcm2"", ""Ddx10"", ""Dimt1"", ""Ivns1abp"", ""Mthfd2"", ""Tfrc"", ""Tcerg1"", ""Morf4l2"", ""Fxn"", ""Prpf31"", ""Snx5"", ""Cdca7"", ""Dtymk"", ""Dars"", ""Ppih"", ""Paics"", ""Pold2"", ""Immt"", ""Got1"", ""Fastkd2"", ""Gsr"", ""Snrnp40"", ""Taf1d"", ""Mrpl50"", ""Rabggtb"", ""Nutf2"", ""Pelp1"", ""Tars"")"
"619","GOBP_ESTABLISHMENT_OF_PROTEIN_LOCALIZATION_TO_ORGANELLE","1.44525473826868e-07","7.14528958963009e-06","0.690132458796796","0.620568576159347","1.88923271387681","147","c(""Hsp90ab1"", ""Hspd1"", ""Ran"", ""Hsp90aa1"", ""Timm9"", ""Nolc1"", ""Dkc1"", ""Cct3"", ""Tomm40"", ""Hspa8"", ""Cct8"", ""Tomm5"", ""Timm10"", ""Phb2"", ""Hspa5"", ""Cct5"", ""Hspa4"", ""Rangrf"", ""Chchd4"", ""Timm13"", ""Tcp1"", ""Ipo4"", ""Tomm20"", ""Ipo5"", ""Cct2"", ""Timm17a"", ""Hk2"", ""Cct7"", ""Ruvbl2"", ""Heatr3"", ""Pdcd5"", ""Timm50"", ""Tomm70a"", ""Akap1"")"
"620","THAP11_TARGET_GENES","5.36965405256833e-15","1.46642695197521e-12","0.996986217533181","0.575811874208013","1.89086004176572","446","c(""Nme1"", ""Hspd1"", ""Atp5g1"", ""Hspe1"", ""Mettl1"", ""Eif4a1"", ""Gnl3"", ""Rpl14"", ""Pa2g4"", ""Nsun2"", ""Cct3"", ""Mrpl12"", ""Erh"", ""Rrs1"", ""Ndufaf4"", ""Cacybp"", ""Cycs"", ""Hspa8"", ""Cct8"", ""Ifrd2"", ""Fkbp4"", ""Timm10"", ""Phb"", ""Shmt2"", ""Nop16"", ""Rexo2"", ""Ppp1r14b"", ""Abce1"", ""Mrps28"", ""Nop2"", ""Eif3g"", ""Nip7"", ""Rpl3"", ""Nop10"", ""Txnl4a"", ""Polr1b"", ""Hsph1"", ""Hspa4"", ""Slc19a1"", ""Snrpd1"", ""Pprc1"", ""Ddx18"", ""Nat10"", ""Rps27a"", ""Serbp1"", ""Wdr75"", ""Pum3"", ""Chchd4"", ""Mdn1"", ""Timm13"", ""Wdr46"", ""Park7"", ""Mrpl17"", ""Brix1"", ""Nle1"", 
""Rpl8"", ""Prpf19"", ""Rps27l"", ""Snrpd3"", ""Nop14"", ""Srsf2"", ""Wdr4"", ""Tomm20"", ""Snrpa"", ""Exosc1"", ""St13"", ""Hsp90b1"", ""Snhg12"", ""Mrpl15"", ""Polr1a"", ""Mrpl19"", ""Nob1"", ""Agpat5"", ""Gspt1"", ""Eif2s2"", ""Thumpd1"", ""Eif5b"", ""Psmg1"", ""Wdr36"", ""Kat2a"", ""Pop1"", ""Eif3c"", ""Ahsa1"", ""Tbrg4"", ""Rps19bp1"", ""Cops7a"", ""Mrpl42"", ""Rpl13"", ""Pcgf6"", ""Mrps10"", ""Mcm3"", ""Mrpl21"", ""Clpp"", ""Rpl5"", ""Prmt5"", ""Ddx56"", ""Thyn1"", ""Lrrc59"", ""Dis3"", ""Eif4e"", ""Rps20"", ""Atp5o"", ""Rps17"", ""Ak6"", ""Alad"", ""Trap1"", ""Abcf2"", ""Cinp"", ""Dimt1"", ""Thg1l"", 
""Xpot"", ""Prpf31"", ""Stoml2"", ""Tfpi"", ""Bola3"", ""Utp15"", ""Dtymk"", ""Cmss1"", ""Ssrp1"", ""Ipo7"", ""Psmb2"", ""Scarb1"", ""Hirip3"", ""Sgf29"", ""Pfdn6"", ""Tmed5"", ""Chchd6"", ""Rps3a1"", ""Eif2b1"", ""Atp5d"", ""Ifrd1"", ""Psmd6"", ""Cdc34"", ""Rpl18"", ""Atp5e"", ""Mrpl50"", ""Nutf2"", ""Rps3"", ""Fdps"", ""Tnfrsf9"", ""Metap2"", ""Mrpl11"", ""Nasp"", ""Ndc1"", ""Fcf1"", ""Ndufs7"", ""Psmg3"", ""Otud4"", ""Mrps27"", ""Hars"", ""Drg2"", ""Wdr12"", ""Tcof1"", ""Pradc1"", ""Ddx46"", ""Rab26os"", ""Thoc3"", ""Ndufs6"", ""Uchl5"", ""Psmd12"", ""Slc3a2"", ""Dus1l"", ""Lars"", ""Ptp4a1"", ""Klhdc4"", 
""Bola1"", ""Mrps22"", ""Nup54"", ""Rfc4"")"
"621","BURTON_ADIPOGENESIS_2","1.23690707257348e-05","0.000336192514749237","0.593325476396405","0.737928194079896","1.89237435251813","42","c(""Srm"", ""Hspd1"", ""Pa2g4"", ""Nop56"", ""Nsun2"", ""Grwd1"", ""Ftsj3"", ""Bop1"", ""Hsph1"", ""Cad"")"
"622","MULLIGAN_NTF3_SIGNALING_VIA_INSR_AND_IGF1R_UP","5.44439251656899e-05","0.00116942288698589","0.557332238758646","0.84570969076515","1.89247984296818","18","c(""Nme1"", ""Gnl3"", ""Nop56"", ""Rcl1"", ""Ebna1bp2"", ""Ddx21"", ""Hspa4"", ""Wdr77"", ""Tmem97"", ""Srsf2"", ""Mrpl20"", ""Usp10"")"
"623","GOMF_ISOMERASE_ACTIVITY","1.95673044408977e-05","0.000492186363897143","0.575610261071129","0.702210546958896","1.89344363844442","55","c(""Mif"", ""Hspd1"", ""Dkc1"", ""Ppia"", ""Fkbp4"", ""Pgam1"", ""Ptges3"", ""Pus7"", ""Ppid"", ""Tpi1"", ""Pusl1"", ""Pus1"", ""Mri1"", ""Idi1"", ""Pdia6"", ""Ppif"", ""Ppie"", ""Fkbp3"", ""Ppih"", ""Eci1"", ""Pin1"", ""Ppil1"", ""Pmm1"", ""Txndc5"", ""Pdia4"", ""Pdia3"", ""P4hb"", ""Fkbp2"")"
"624","TABULA_MURIS_SENIS_MARROW_PROMONOCYTE_AGEING","6.64684155501489e-06","0.000197511069005235","0.610526878385931","0.676730419082917","1.89546854196203","68","c(""Nme1"", ""Mif"", ""Rps2"", ""Atp5g1"", ""Rpl14"", ""Erh"", ""Ldha"", ""Phb2"", ""Calr"", ""Rpl3"", ""Rps18"", ""Rps27a"", ""Cox5a"", ""Park7"", ""Rpl8"", ""Mrpl20"", ""Mrpl54"", ""Rpl13"", ""Mrps24"")"
"625","GOBP_MACROMOLECULE_METHYLATION","1.20593641166341e-05","0.000329335491470937","0.593325476396405","0.679069881453404","1.89884673160451","67","c(""Mettl1"", ""Fbl"", ""Nsun2"", ""Prmt1"", ""Ftsj3"", ""Trmt61a"", ""Smyd2"", ""Smyd5"", ""Nop2"", ""Prmt3"", ""Snrpd3"", ""Prmt7"", ""Wdr4"", ""Trmt6"", ""Gspt1"", ""Thumpd3"", ""Parp1"", ""Mettl16"", ""Etf1"", ""Prmt5"", ""Dimt1"", ""Snrpb"", ""Dnmt3b"", ""Carm1"", ""Trmt1"", ""Wdr5"")"
"626","GOBP_RNA_METHYLATION","6.64377178850595e-05","0.00136566420097067","0.538434096309916","0.813032021938516","1.90065116625132","22","c(""Mettl1"", ""Fbl"", ""Nsun2"", ""Ftsj3"", ""Trmt61a"", ""Nop2"", ""Wdr4"", ""Trmt6"", ""Thumpd3"", ""Mettl16"", ""Dimt1"", ""Trmt1"")"
"627","GOBP_NUCLEOSIDE_TRIPHOSPHATE_METABOLIC_PROCESS","9.13852618835031e-06","0.000259452711337569","0.593325476396405","0.661583058461743","1.90164908402178","81","c(""Nme1"", ""Atp5g1"", ""Ran"", ""Dctpp1"", ""Hspa8"", ""Impdh2"", ""Ctps"", ""Cad"", ""Ndufab1"", ""Guk1"", ""Ndufa12"", ""Atp5b"", ""Atp5g3"", ""Myc"", ""Aldoa"", ""Parp1"", ""Uck2"", ""Nudt5"", ""Ndufa5"", ""Atp5o"", ""Stoml2"", ""Nme2"", ""Adk"", ""Dtymk"", ""Ola1"", ""Ampd2"", ""Dut"", ""Atp5d"", ""Sdhb"", ""Ndufb6"", ""Nme4"", ""Ak2"", ""Atp5e"", ""Nme6"", ""Ndufs7"")"
"628","GOBP_RNA_CATABOLIC_PROCESS","2.59073319869295e-06","8.73991464382592e-05","0.627256739718528","0.65670455656848","1.90460652300218","88","c(""Npm1"", ""Mrto4"", ""Mettl1"", ""Apex1"", ""Nsun2"", ""Dkc1"", ""Ybx1"", ""Syncrip"", ""Exosc5"", ""Naf1"", ""Exosc7"", ""Exosc1"", ""Lsm7"", ""Lsm2"", ""Lrpprc"", ""Gspt1"", ""Larp1"", ""Magohb"", ""Pop1"", ""Lsm4"", ""Tbrg4"", ""Mettl16"", ""Etf1"", ""Lsm6"", ""Dis3"", ""Hnrnpab"", ""Hnrnpd"", ""Magoh"", ""Fastkd2"", ""Pabpc4"")"
"629","GOBP_MATURATION_OF_SSU_RRNA","4.94157306243968e-05","0.00108073753391407","0.557332238758646","0.800650176317253","1.90693364443674","25","c(""Rrs1"", ""Rcl1"", ""Wdr43"", ""Tsr1"", ""Rps19"", ""Nat10"", ""Bysl"", ""Wdr46"", ""Nol11"", ""Rps8"", ""Nop14"", ""Rpp40"", ""Heatr1"", ""Nob1"", ""Nol10"", ""Lsm6"", ""Rps16"", ""Wdr3"", ""Utp6"", ""Fcf1"", ""Nop9"", ""Dcaf13"")"
"630","GOBP_TRNA_MODIFICATION","9.16276684530586e-05","0.00181201613302859","0.538434096309916","0.791247863502536","1.90753094692456","26","c(""Mettl1"", ""Nsun2"", ""Trmt61a"", ""Pus7"", ""Pusl1"", ""Aars"", ""Pus1"", ""Wdr4"", ""Kti12"", ""Trmt6"", ""Thumpd1"", ""Thumpd3"", ""Yrdc"", ""Thg1l"", ""Dus4l"", ""Trmt1"")"
"631","GOBP_METHYLATION","3.85653196957032e-06","0.000123559837125619","0.610526878385931","0.661941782133625","1.9078496577502","82","c(""Mettl1"", ""Fbl"", ""Nsun2"", ""Prmt1"", ""Ftsj3"", ""Trmt61a"", ""Smyd2"", ""Mtap"", ""Smyd5"", ""Nop2"", ""Prmt3"", ""Snrpd3"", ""Prmt7"", ""Wdr4"", ""Mettl13"", ""Trmt6"", ""Gspt1"", ""Thumpd3"", ""Parp1"", ""Mettl16"", ""Etf1"", ""Dph5"", ""Prmt5"", ""Comtd1"", ""Dimt1"", ""Snrpb"", ""Carnmt1"", ""Dnmt3b"", ""Carm1"", ""Trmt1"", ""Wdr5"")"
"632","YAO_TEMPORAL_RESPONSE_TO_PROGESTERONE_CLUSTER_10","3.48896788347285e-05","0.000797180510426963","0.557332238758646","0.77689720849302","1.91009428221584","32","c(""Hspe1"", ""Nsun2"", ""Grwd1"", ""Cacybp"", ""Fkbp4"", ""Gcsh"", ""Ldha"", ""Polr2f"", ""Eif3g"", ""Prdx1"", ""Canx"", ""Cct7"", ""Bola2"", ""Dynll1"", ""Vdac2"", ""Psma4"", ""Adk"", ""Ssrp1"")"
"633","GOBP_PURINE_CONTAINING_COMPOUND_METABOLIC_PROCESS","1.94745408817205e-08","1.24096102174074e-06","0.73376198835648","0.624285625622663","1.91033824904181","161","c(""Nme1"", ""Atp5g1"", ""Ran"", ""Shmt1"", ""Aprt"", ""Gart"", ""Hspa8"", ""Mthfd1"", ""Shmt2"", ""Ldha"", ""Mtap"", ""Atic"", ""Impdh2"", ""Ppat"", ""Tkt"", ""Ndufab1"", ""Guk1"", ""Ndufa12"", ""Nudt19"", ""Fasn"", ""Atp5b"", ""Atp5g3"", ""Myc"", ""Aldoa"", ""Parp1"", ""Idh3a"", ""Nudt5"", ""Hint1"", ""Ndufa5"", ""Acsl5"", ""Atp5o"", ""Stoml2"", ""Nme2"", ""Adk"", ""Paics"", ""Adsl"", ""Acaca"", ""Gmps"", ""Ola1"", ""Pfas"", ""Ampd2"", ""Dnph1"", ""Atp5d"", ""Sdhb"", ""Ndufb6"", ""Nme4"", ""Ak2"", ""Atp5e"", ""Suclg2"", ""Nme6"", ""Pgd"", ""Ndufs7"", ""Txnrd1"", ""Hprt"", ""Pgls"")"
"634","GOBP_UNSATURATED_FATTY_ACID_BIOSYNTHETIC_PROCESS","7.7994049858977e-06","0.000227053744132606","0.593325476396405","0.868481290251086","1.91052972502686","17","c(""Mif"", ""Fabp5"", ""Ptges3"")"
"635","GOCC_MITOCHONDRIAL_ENVELOPE","1.63188761959828e-11","2.28265256058442e-09","0.863415391606693","0.599651311538028","1.91120523264372","279","c(""Nme1"", ""Hspd1"", ""Atp5g1"", ""Timm9"", ""Atad3a"", ""Mrpl12"", ""Pebp1"", ""Ndufaf4"", ""Tomm40"", ""Cycs"", ""Tomm5"", ""Mrps18b"", ""Timm10"", ""Phb"", ""Shmt2"", ""Rexo2"", ""Phb2"", ""Mrps28"", ""Chchd4"", ""Timm13"", ""Thop1"", ""Cox5a"", ""Park7"", ""Mrpl17"", ""Ndufab1"", ""Uqcc2"", ""Tomm20"", ""Uqcrq"", ""Ndufa12"", ""Endog"", ""Sod2"", ""Mrpl15"", ""Noa1"", ""Timm17a"", ""Mrpl19"", ""Atp5b"", ""Atp5g3"", ""Hk2"", ""Mrpl20"", ""Mrpl23"", ""Coq2"", ""Mrpl42"", ""Mrpl54"", ""Ndufaf6"", ""Timm50"", ""Bri3bp"", ""Alpl"", ""Mrpl36"", ""Sfxn1"", ""Mrps10"", ""Gadd45gip1"", ""Mrps24"", ""Tomm70a"", 
""Mrpl21"", ""Mrpl2"", ""Ndufa5"", ""Ppif"", ""Cox7b"", ""Akap1"", ""Acsl5"", ""Atp5o"", ""Trap1"", ""Mrps7"", ""Slc25a3"", ""Vdac2"", ""Mrpl16"", ""Chchd2"", ""Mrps15"", ""Stoml2"", ""Mrps14"", ""Nme2"", ""Mrps34"", ""Mrps6"", ""Mrps12"", ""Immt"", ""Mtx2"", ""Cyc1"", ""Bcl2"", ""Cisd1"", ""Chchd6"", ""Mrps18a"", ""Atp5d"", ""Higd1a"", ""Sdhb"", ""Mrpl55"", ""Ndufb6"", ""Eci1"", ""Nme4"", ""Ak2"", ""Atp5e"", ""Ccdc58"", ""Mrpl50"", ""Mrpl38"", ""Rps3"", ""Mrps17"", ""Mrpl11"", ""Coq7"", ""Ndufs7"", ""Chchd1"", ""Mrps27"", ""Bcl2a1b"", ""Uqcr11"", ""Bid"", ""Crls1"", ""Gja1"", ""Mrps5"", ""Ndufa10"", ""Ndufa4"", 
""Ndufs6"", ""Mrpl47"", ""Samm50"", ""Cox4i2"", ""Mrps22"", ""Dnajc11"", ""Got2"", ""Dusp18"", ""Mtx1"", ""Slc25a5"", ""Mrpl28"", ""Gcat"")"
"636","GOCC_SMALL_RIBOSOMAL_SUBUNIT","5.03002375156321e-06","0.000155930736298459","0.610526878385931","0.718464032339584","1.91850779323653","52","c(""Npm1"", ""Rps2"", ""Rpsa"", ""Mrps18b"", ""Mrps28"", ""Rps19"", ""Rps18"", ""Rps27a"", ""Rps27l"", ""Rps8"", ""Larp4"", ""Rps25"", ""Rps12"", ""Mrpl42"", ""Rps5"", ""Mrps10"", ""Dhx29"", ""Mrps24"", ""Rps16"", ""Rps20"", ""Rps17"", ""Mrps7"", ""Mrps15"", ""Mrps14"", ""Rps15"", ""Mrps34"", ""Mrps6"", ""Mrps12"", ""Rps3a1"", ""Mrps18a"", ""Rps6"", ""Rps3"", ""Mrps17"", ""Chchd1"", ""Mrps27"")"
"637","GOBP_PROSTANOID_METABOLIC_PROCESS","4.63912848561698e-06","0.000145384709644882","0.610526878385931","0.873512843781212","1.92159839477286","17","c(""Mif"", ""Fabp5"", ""Ptges3"")"
"638","GOBP_RIBOSE_PHOSPHATE_METABOLIC_PROCESS","4.41931889044573e-08","2.61286534399034e-06","0.719512826338911","0.639078494100037","1.92215686358468","132","c(""Nme1"", ""Atp5g1"", ""Ran"", ""Aprt"", ""Gart"", ""Hspa8"", ""Mthfd1"", ""Atic"", ""Impdh2"", ""Ppat"", ""Ctps"", ""Cad"", ""Ndufab1"", ""Guk1"", ""Ndufa12"", ""Nudt19"", ""Umps"", ""Fasn"", ""Atp5b"", ""Atp5g3"", ""Myc"", ""Aldoa"", ""Parp1"", ""Uck2"", ""Nudt5"", ""Hint1"", ""Ndufa5"", ""Acsl5"", ""Atp5o"", ""Stoml2"", ""Nme2"", ""Adk"", ""Paics"", ""Adsl"", ""Acaca"", ""Gmps"", ""Ola1"", ""Pfas"", ""Ampd2"", ""Atp5d"", ""Sdhb"", ""Ndufb6"", ""Nme4"", ""Ak2"", ""Atp5e"", ""Suclg2"", ""Nme6"", ""Ndufs7"", ""Hprt"")"
"639","GOBP_TRNA_PROCESSING","1.31951491026883e-05","0.000353617664036998","0.593325476396405","0.736799545858003","1.93320293989578","46","c(""Mettl1"", ""Nsun2"", ""Trmt61a"", ""Pus7"", ""Pusl1"", ""Nat10"", ""Aars"", ""Pus1"", ""Rpp40"", ""Wdr4"", ""Kti12"", ""Rpp14"", ""Trmt6"", ""Thumpd1"", ""Thumpd3"", ""Pop1"", ""Yrdc"", ""Tsen2"", ""Rpp38"", ""Lsm6"", ""Thg1l"", ""Dus4l"", ""Trmt1"", ""Osgep"", ""Trnt1"", ""Dus1l"", ""Ddx1"")"
"640","GOCC_RIBOSOMAL_SUBUNIT","9.79824717751192e-08","5.15531629018632e-06","0.704975715167238","0.644791105390039","1.93479324210035","131","c(""Npm1"", ""Rps2"", ""Nhp2"", ""Rpl14"", ""Rsl1d1"", ""Mrpl12"", ""Rpsa"", ""Mrps18b"", ""Rpl36al"", ""Mrps28"", ""Rpl3"", ""Rps19"", ""Rps18"", ""Rps27a"", ""Mrpl17"", ""Rpl8"", ""Rps27l"", ""Rps8"", ""Larp4"", ""Rps25"", ""Rps12"", ""Mrpl15"", ""Mrpl19"", ""Rpl10a"", ""Rpl21"", ""Mrpl20"", ""Mrpl23"", ""Mrpl42"", ""Mrpl54"", ""Rpl13"", ""Rps5"", ""Mrpl36"", ""Mrps10"", ""Gadd45gip1"", ""Dhx29"", ""Mrps24"", ""Mrpl21"", ""Rpl5"", ""Mrpl2"", ""Rps16"", ""Rps20"", ""Rps17"", ""Mrps7"", ""Mrpl16"", ""Rpl4"", ""Mrps15"", ""Mrps14"", ""Rps15"", ""Mrps34"", ""Mrps6"", ""Mrps12"", ""Rps3a1"", ""Mrps18a"", 
""Mrpl55"", ""Rplp0"", ""Rpl18"", ""Mrpl50"", ""Mrpl38"", ""Rps6"", ""Rps3"", ""Mrps17"", ""Mrpl11"", ""Chchd1"", ""Mrps27"", ""Rpl36a"", ""Mrps5"", ""Rpl27a"", ""Mrpl47"")"
"641","ZHANG_UTERUS_C13_EPITHELIAL1_CELL","1.1469237515045e-10","1.28972700291732e-08","0.839088935621274","0.611548532644071","1.9358587206702","240","c(""Npm1"", ""Mif"", ""C1qbp"", ""Rps2"", ""Nhp2"", ""Hspd1"", ""Atp5g1"", ""Hspe1"", ""Rpl14"", ""Ncl"", ""Pa2g4"", ""Ranbp1"", ""Apex1"", ""Ran"", ""Set"", ""Lyar"", ""Dctpp1"", ""Mrpl12"", ""Cacybp"", ""Fkbp4"", ""Rpl36al"", ""Phb2"", ""Polr2f"", ""Eef1b2"", ""Anp32b"", ""Nop10"", ""Prdx1"", ""Psmb5"", ""Snrpd1"", ""Psma7"", ""Rps27a"", ""Serbp1"", ""Cox5a"", ""Mrpl17"", ""Cdk4"", ""Ndufab1"", ""Rps27l"", ""Rps8"", ""Snrpd2"", ""Snrpd3"", ""Ptma"", ""Ndufa12"", ""Glrx5"", ""Mbd3"", ""Rps12"", ""Cct2"", ""Polr2e"", ""Lsm2"", ""Wdr83os"", ""Atp5g3"", ""Siva1"", ""Tmem238"", ""Snrpf"", ""Rpl21"", ""Nap1l1"", 
""Bola2"", ""Idh3a"", ""Mrpl42"", ""Rps5"", ""Mrpl36"", ""Sfxn1"", ""Banf1"", ""Hint1"", ""Ndufa5"", ""Tuba4a"", ""Lsm6"", ""Hnrnpab"", ""Cox7b"", ""Bcat1"", ""Rps17"", ""Alad"", ""Vdac2"", ""Ivns1abp"", ""Krtcap2"", ""Rbbp7"", ""Chchd2"", ""Mrps14"", ""Dtymk"", ""Ssrp1"", ""Paics"", ""Hmgn1"", ""Dpy30"", ""Mrps6"", ""Mrps12"", ""Magoh"", ""Cyc1"", ""Cisd1"", ""Dut"")"
"642","GOBP_ORGANIC_ACID_BIOSYNTHETIC_PROCESS","3.06200086985834e-07","1.41617540230948e-05","0.674962860011025","0.656573022139009","1.93609278567597","104","c(""Mif"", ""Shmt1"", ""Fabp5"", ""Mthfd1"", ""Shmt2"", ""Ldha"", ""Mtap"", ""Ptges3"", ""Phgdh"", ""Prmt3"", ""Park7"", ""Cad"", ""Ndufab1"", ""Mri1"", ""Psat1"", ""Fasn"", ""Rpp14"", ""Eif6"", ""Mecr"", ""Pycrl"", ""Bcat1"", ""Elovl4"", ""Aasdhppt"", ""Hacd1"", ""Acaca"", ""Asns"", ""Got1"")"
"643","GOMF_MRNA_BINDING","5.55552009720278e-08","3.15454532252059e-06","0.719512826338911","0.6537709922945","1.94432715566605","119","c(""C1qbp"", ""Rps2"", ""Nhp2"", ""Gnl3"", ""Ncl"", ""Rsl1d1"", ""Hsp90aa1"", ""Shmt1"", ""Mrpl12"", ""Ybx1"", ""G3bp1"", ""Shmt2"", ""Cnbp"", ""Cct5"", ""Calr"", ""Ybx3"", ""Srsf7"", ""Eif3a"", ""Serbp1"", ""Pum3"", ""Park7"", ""Syncrip"", ""Larp4"", ""Strap"", ""Cluh"", ""Lrpprc"", ""Eif2s2"", ""Larp1"", ""Denr"", ""Eif4g1"", ""Rps5"", ""Etf1"", ""Pcbp1"", ""Srsf6"", ""Rpl5"", ""Mrps7"", ""Ppie"", ""Hnrnpd"", ""Luc7l"", ""Rps3a1"", ""Pabpc4"", ""Rps6"", ""Rps3"")"
"644","GOCC_PRERIBOSOME_LARGE_SUBUNIT_PRECURSOR","2.42402529728081e-06","8.32442220353619e-05","0.627256739718528","0.901324702368207","1.95408243423909","16","c(""Mrto4"", ""Rrp15"", ""Noc2l"", ""Rrs1"", ""Ppan"", ""Ebna1bp2"", ""Ftsj3"", ""Bop1"", ""Nip7"", ""Mdn1"", ""Wdr74"", ""Mak16"", ""Pes1"", ""Eif6"", ""Las1l"")"
"645","GOBP_AMINO_ACID_METABOLIC_PROCESS","1.33302148588181e-06","4.74837156616905e-05","0.643551836150722","0.668873444383068","1.95509875962331","91","c(""Shmt1"", ""Gart"", ""Gcsh"", ""Mthfd1"", ""Shmt2"", ""Mtap"", ""Odc1"", ""Phgdh"", ""Eprs"", ""Ppat"", ""Ctps"", ""Aars"", ""Park7"", ""Cad"", ""Vars"", ""Mri1"", ""Rars"", ""Psat1"", ""Iars"", ""Farsb"", ""Gars"", ""Nars"", ""Pycrl"", ""Yars"", ""Bcat1"", ""Kars"", ""Aasdhppt"", ""Dars"", ""Asns"", ""Gmps"", ""Pfas"", ""Got1"", ""Qdpr"", ""Tars"", ""Cars"", ""Txnrd1"", ""Hars"", ""Cbs"")"
"646","GOMF_TRANSLATION_INITIATION_FACTOR_ACTIVITY","1.966430746405e-05","0.00049246638998396","0.575610261071129","0.826221413767581","1.95964544176425","24","c(""Eif4a1"", ""Eif3b"", ""Eif2s1"", ""Eif3g"", ""Eif3a"", ""Eif1a"", ""Eif2b3"", ""Eif2s2"", ""Eif5b"", ""Eif6"", ""Denr"", ""Eif1ax"", ""Eif3c"", ""Eif4g1"", ""Dhx29"", ""Eif3i"", ""Eif4e"")"
"647","GOBP_DE_NOVO_PROTEIN_FOLDING","1.04729542773828e-06","3.95147320926252e-05","0.643551836150722","0.891965250522722","1.9621909463611","17","c(""Hspe1"", ""Hspa9"", ""Hspa8"", ""Hspa5"", ""Ptges3"", ""Hsph1"", ""Chchd4"", ""Sdf2l1"", ""St13"", ""Cct2"", ""Dnajc2"")"
"648","GOBP_REGULATION_OF_AMIDE_METABOLIC_PROCESS","7.76051568207175e-09","5.56331967958518e-07","0.747739663149885","0.645880963457123","1.9665232730299","144","c(""Npm1"", ""Eif5a"", ""C1qbp"", ""Ncl"", ""Pa2g4"", ""Shmt1"", ""Nolc1"", ""Ybx1"", ""Prmt1"", ""Ifrd2"", ""Eif3b"", ""Eif2s1"", ""Shmt2"", ""Cnbp"", ""Abce1"", ""Bzw2"", ""Calr"", ""Pus7"", ""Eprs"", ""Nat10"", ""Serbp1"", ""Pum3"", ""Aars"", ""Syncrip"", ""Cdk4"", ""Exosc5"", ""Rps27l"", ""Uqcc2"", ""Larp4"", ""Exosc7"", ""Lrpprc"", ""Gspt1"", ""Larp1"", ""Eif5b"", ""Eif6"", ""Eif4g1"", ""Mettl16"", ""Eif4ebp1"", ""Etf1"", ""Rpl5"", ""Eif4e"", ""Tsfm"", ""Trap1"")"
"649","GOCC_RIBOSOME","1.08574967153679e-09","9.8837688353389e-08","0.788186810800237","0.649147475034965","1.97301862616284","152","c(""Npm1"", ""Rps2"", ""Nhp2"", ""Rpl14"", ""Rsl1d1"", ""Mrpl12"", ""Rpsa"", ""Mrps18b"", ""Rpl36al"", ""Abce1"", ""Mrps28"", ""Rpl3"", ""Rps19"", ""Rps18"", ""Rps27a"", ""Mrpl17"", ""Rpl8"", ""Rps27l"", ""Rps8"", ""Larp4"", ""Canx"", ""Rsl24d1"", ""Rps25"", ""Rps12"", ""Mrpl15"", ""Mrpl19"", ""Gspt1"", ""Larp1"", ""Rpl10a"", ""Rpl21"", ""Mrpl20"", ""Mrpl23"", ""Mrpl42"", ""Mrpl54"", ""Rpl13"", ""Rps5"", ""Mrpl36"", ""Etf1"", ""Btf3"", ""Mrps10"", ""Gadd45gip1"", ""Dhx29"", ""Usp10"", ""Mrps24"", ""Mrpl21"", ""Rpl5"", ""Rpl22l1"", ""Mrpl2"", ""Rps16"", ""Rps20"", ""Rps17"", ""Mrps7"", ""Mrpl16"", ""Rpl4"", 
""Mrps15"", ""Mrps14"", ""Rps15"", ""Mrps34"", ""Mrps6"", ""Mrps12"", ""Rps3a1"", ""Mrps18a"", ""Mrpl55"", ""Rplp0"", ""Rpl18"", ""Mrpl50"", ""Mrpl38"", ""Rps6"", ""Rps3"", ""Mrps17"", ""Mrpl11"", ""Chchd1"", ""Mrps27"")"
"650","GOCC_ORGANELLAR_RIBOSOME","4.80320209835412e-07","1.99611333580151e-05","0.659444398037935","0.732270927027851","1.98190780513439","57","c(""Mrpl12"", ""Mrps18b"", ""Mrps28"", ""Mrpl17"", ""Mrpl15"", ""Mrpl19"", ""Mrpl20"", ""Mrpl23"", ""Mrpl42"", ""Mrpl54"", ""Mrpl36"", ""Mrps10"", ""Gadd45gip1"", ""Mrps24"", ""Mrpl21"", ""Mrpl2"", ""Mrps7"", ""Mrpl16"", ""Mrps15"", ""Mrps14"", ""Mrps34"", ""Mrps6"", ""Mrps12"", ""Mrps18a"", ""Mrpl55"", ""Mrpl50"", ""Mrpl38"", ""Mrps17"", ""Mrpl11"", ""Chchd1"", ""Mrps27"", ""Mrps5"", ""Mrpl47"", ""Mrps22"", ""Mrpl28"", ""Mrpl41"", ""Mrpl35"")"
"651","GOMF_SNORNA_BINDING","5.43754394613098e-06","0.000166761040273054","0.610526878385931","0.849165718167028","1.98512207271567","22","c(""Nhp2"", ""Gar1"", ""Nop56"", ""Nolc1"", ""Dkc1"", ""Nop58"", ""Ddx21"", ""Rrp9"", ""Tsr1"", ""Nop10"", ""Bysl"", ""Heatr1"", ""Nufip1"", ""Imp4"", ""Nudt5"", ""Wdr3"", ""Xrcc5"", ""Utp6"")"
"652","GOCC_MITOCHONDRIAL_PROTEIN_CONTAINING_COMPLEX","7.99609296315421e-10","7.90648157649817e-08","0.801215574617779","0.651815474674426","1.98596432366604","154","c(""Atp5g1"", ""Timm9"", ""Mrpl12"", ""Tomm40"", ""Tomm5"", ""Mrps18b"", ""Timm10"", ""Phb"", ""Phb2"", ""Mrps28"", ""Timm13"", ""Cox5a"", ""Mrpl17"", ""Ndufab1"", ""Tomm20"", ""Uqcrq"", ""Ndufa12"", ""Mrpl15"", ""Timm17a"", ""Mrpl19"", ""Atp5b"", ""Atp5g3"", ""Mrpl20"", ""Mrpl23"", ""Idh3a"", ""Mrpl42"", ""Mrpl54"", ""Timm50"", ""Mrpl36"", ""Mrps10"", ""Gadd45gip1"", ""Mrps24"", ""Mrpl21"", ""Mrpl2"", ""Ndufa5"", ""Ppif"", ""Cox7b"", ""Atp5o"", ""Mrps7"", ""Mrpl16"", ""Fxn"", ""Mrps15"", ""Mrps14"", ""Mrps34"", ""Mrps6"", ""Mrps12"", ""Immt"", ""Mtx2"", ""Cyc1"", ""Chchd6"", ""Mrps18a"", ""Atp5d"", 
""Sdhb"", ""Mrpl55"", ""Ndufb6"", ""Atp5e"", ""Mrpl50"", ""Mrpl38"", ""Suclg2"", ""Mrps17"", ""Mrpl11"", ""Ndufs7"", ""Chchd1"", ""Mrps27"", ""Uqcr11"", ""Mrps5"", ""Ndufa10"", ""Ndufa4"", ""Ndufs6"", ""Mrpl47"", ""Samm50"", ""Cox4i2"", ""Mrps22"", ""Dnajc11"", ""Mtx1"", ""Slc25a5"", ""Mrpl28"")"
"653","GOCC_PROTEIN_FOLDING_CHAPERONE_COMPLEX","7.26958758559185e-06","0.00021490249898644","0.610526878385931","0.838202622221704","1.98806266763459","24","c(""Hsp90ab1"", ""Cct3"", ""Hspa8"", ""Cct8"", ""Ptges3"", ""Cct5"", ""Tcp1"", ""Sdf2l1"", ""Ruvbl1"", ""Cct2"", ""Wdr83os"", ""Psmg1"", ""Cct7"", ""Ruvbl2"", ""Stip1"", ""Bag2"", ""Psmg2"")"
"654","IVANOVA_HEMATOPOIESIS_INTERMEDIATE_PROGENITOR","4.39352965310689e-07","1.89450320004271e-05","0.674962860011025","0.732253486471272","1.98826241757571","58","c(""Apex1"", ""Mrpl12"", ""G3bp1"", ""Pgam1"", ""Eef1b2"", ""Galk1"", ""Wdr77"", ""Chchd4"", ""Tmem97"", ""Sdf2l1"", ""Ydjc"", ""Naa50"", ""Trmt6"", ""Agpat5"", ""Pes1"", ""Noc3l"", ""Eif6"", ""Polr3e"", ""Nol9"", ""Plac8"", ""Aldoa"", ""Tbrg4"", ""Gusb"", ""Rpn1"", ""Gtf3a"", ""Psma3"", ""Luc7l"", ""Cisd1"", ""Pfkp"", ""Erlin1"", ""Bid"", ""Gfm1"")"
"655","GOMF_S_ADENOSYLMETHIONINE_DEPENDENT_METHYLTRANSFERASE_ACTIVITY","1.19814773509862e-06","4.40472901332728e-05","0.643551836150722","0.761511588192798","1.99376375709346","45","c(""Mettl1"", ""Fbl"", ""Nsun2"", ""Prmt1"", ""Ftsj3"", ""Trmt61a"", ""Smyd2"", ""Smyd5"", ""Nop2"", ""Prmt3"", ""Prmt7"", ""Thumpd3"", ""Mettl16"", ""Dph5"", ""Prmt5"", ""Comtd1"", ""Dimt1"", ""Carnmt1"", ""Dnmt3b"", ""Carm1"", ""Trmt1"", ""Wdr5"")"
"656","REACTOME_MITOCHONDRIAL_TRANSLATION","4.52128793504686e-07","1.93504375429058e-05","0.674962860011025","0.732386160098691","2.00039911798954","59","c(""Mrpl12"", ""Mrps18b"", ""Mrps28"", ""Mrpl17"", ""Mrpl15"", ""Mrpl19"", ""Mrpl20"", ""Mrpl23"", ""Mrpl42"", ""Mrpl54"", ""Mrpl36"", ""Mrps10"", ""Gadd45gip1"", ""Mrps24"", ""Mrpl21"", ""Mrpl2"", ""Mrps7"", ""Mrpl16"", ""Mrps15"", ""Mrps14"", ""Mrps34"", ""Mrps6"", ""Mrps12"", ""Mrps18a"", ""Mrpl55"", ""Mrpl50"", ""Mrpl38"", ""Mrps17"", ""Mrpl11"", ""Chchd1"", ""Mrps27"", ""Mrps5"", ""Gfm1"", ""Mrpl47"", ""Mrps22"", ""Mrpl28"", ""Mrpl41"", ""Mrpl35"", ""Mrps36"", ""Mrpl13"", ""Mrpl46"")"
"657","GOBP_RIBOSE_PHOSPHATE_BIOSYNTHETIC_PROCESS","5.08841238716276e-08","2.94768131720994e-06","0.719512826338911","0.683118227563117","2.00117295231332","95","c(""Nme1"", ""Atp5g1"", ""Aprt"", ""Gart"", ""Mthfd1"", ""Atic"", ""Impdh2"", ""Ppat"", ""Ctps"", ""Cad"", ""Ndufab1"", ""Guk1"", ""Ndufa12"", ""Umps"", ""Atp5b"", ""Atp5g3"", ""Myc"", ""Aldoa"", ""Parp1"", ""Uck2"", ""Ndufa5"", ""Acsl5"", ""Atp5o"", ""Stoml2"", ""Nme2"", ""Adk"", ""Paics"", ""Adsl"", ""Gmps"", ""Pfas"", ""Ampd2"", ""Atp5d"", ""Sdhb"", ""Ndufb6"", ""Nme4"", ""Ak2"", ""Atp5e"", ""Nme6"", ""Ndufs7"", ""Hprt"", ""Ndufa10"", ""Ndufs6"", ""Prps1"")"
"658","GOCC_SNO_S_RNA_CONTAINING_RIBONUCLEOPROTEIN_COMPLEX","7.56508815324678e-07","2.97321716927578e-05","0.659444398037935","0.894601487219085","2.00188705478795","18","c(""Nhp2"", ""Fbl"", ""Gar1"", ""Nop56"", ""Nolc1"", ""Dkc1"", ""Nop58"", ""Rrp9"", ""Nop10"", ""Mphosph10"", ""Naf1"", ""Rpp40"", ""Pop1"", ""Rpp38"", ""Lsm6"")"
"659","WP_TRANSLATION_FACTORS","1.34275808867599e-06","4.75352940651654e-05","0.643551836150722","0.828268139347864","2.00497959070935","28","c(""Eif5a"", ""Eif4a1"", ""Eef1g"", ""Eif3b"", ""Eif2s1"", ""Eef1d"", ""Eif3g"", ""Eef1b2"", ""Eif3a"", ""Eif1a"", ""Eif2b3"", ""Eif2s2"", ""Eif6"", ""Eif3c"", ""Eif3j1"", ""Eif4g1"", ""Eif4ebp1"", ""Etf1"", ""Eif3i"", ""Eif4e"")"
"660","GOMF_ATP_DEPENDENT_PROTEIN_FOLDING_CHAPERONE","1.26031509071037e-06","4.57462471216708e-05","0.643551836150722","0.889642154544856","2.00614762129719","19","c(""Hsp90ab1"", ""Hspd1"", ""Hspa9"", ""Hsp90aa1"", ""Cct3"", ""Hspa8"", ""Cct8"", ""Hspa5"", ""Cct5"", ""Hsph1"", ""Hspa4"", ""Tcp1"", ""Hsp90b1"", ""Cct2"", ""Cct7"", ""Trap1"", ""Hyou1"")"
"661","GOBP_AMIDE_METABOLIC_PROCESS","3.55030045852481e-18","1.19770430174352e-15","1.0959292864312","0.613687333153944","2.00618556982154","399","c(""Npm1"", ""Eif5a"", ""C1qbp"", ""Rps2"", ""Eif4a1"", ""Rpl14"", ""Ncl"", ""Pa2g4"", ""Shmt1"", ""Nolc1"", ""Mrpl12"", ""Ybx1"", ""Prmt1"", ""Rpsa"", ""Ifrd2"", ""Mrps18b"", ""Eef1g"", ""Eif3b"", ""Eif2s1"", ""Shmt2"", ""Eef1e1"", ""Aimp2"", ""Cnbp"", ""Abce1"", ""Bzw2"", ""Calr"", ""Pus7"", ""Eef1d"", ""Mrps28"", ""Eprs"", ""Eif3g"", ""Eef1b2"", ""Rpl3"", ""Rps19"", ""Rps18"", ""Eif3a"", ""Nat10"", ""Eif1a"", ""Rps27a"", ""Serbp1"", ""Ece2"", ""Pum3"", ""Aars"", ""Thop1"", ""Mrpl17"", ""Syncrip"", ""Cdk4"", ""Vars"", ""Exosc5"", ""Rpl8"", ""Rps27l"", ""Rps8"", ""Uqcc2"", ""Larp4"", ""St6galnac4"", ""Exosc7"", 
""Rars"", ""Nudt19"", ""Rsl24d1"", ""Rps25"", ""Hsp90b1"", ""Rps12"", ""Mrpl15"", ""Eif2b3"", ""Fasn"", ""Lrpprc"", ""Mrpl19"", ""Gspt1"", ""Eif2s2"", ""Larp1"", ""Eif5b"", ""Rpl10a"", ""Eif6"", ""Rpl21"", ""Mrpl20"", ""Mrpl23"", ""Denr"", ""Eif1ax"", ""Eif3c"", ""Iars"", ""Eif4g1"", ""Mrpl42"", ""Mrpl54"", ""Mettl16"", ""Rpl13"", ""Rps5"", ""Eif4ebp1"", ""Mrpl36"", ""Farsb"", ""Etf1"", ""Mrps10"", ""Gadd45gip1"", ""Dhx29"", ""Gars"", ""Usp10"", ""Mrps24"", ""Eif3i"", ""Mrpl21"", ""Rpl5"", ""Rpl22l1"", ""Mrpl2"", ""Nars"", ""Yars"", ""Rps16"", ""Eif4e"", ""Acsl5"", ""Tsfm"", ""Kars"", ""Rps20"", ""Mme"", 
""Rps17"", ""Trap1"", ""Mrps7"", ""Rwdd1"", ""Mrpl16"", ""Rpl4"", ""Mrps15"", ""Mrps14"", ""Hnrnpd"", ""Rps15"", ""Mrps34"", ""Dars"", ""Acaca"", ""Carnmt1"", ""Mrps6"", ""Mrps12"", ""Magoh"", ""Got1"", ""Fastkd2"", ""Rps3a1"", ""Dnph1"", ""Eif2b1"", ""Mrps18a"", ""Mrpl55"", ""Rplp0"", ""Rpl18"", ""Mrpl50"", ""Mrpl38"", ""Suclg2"", ""Rps6"", ""Tars"", ""Rps3"", ""Mrps17"", ""Mrpl11"", ""Cars"", ""Chchd1"", ""Mrps27"", ""Hars"", ""Drg2"", ""Pin1"", ""Exosc8"", ""Rpl36a"", ""Tcof1"", ""Mrps5"", ""Gfm1"", ""Trnt1"", ""Rpl27a"", ""Ide"")"
"662","HESS_TARGETS_OF_HOXA9_AND_MEIS1_UP","3.3958125393853e-07","1.5194252570353e-05","0.674962860011025","0.748665896728705","2.00824559612674","54","c(""C1qbp"", ""Ncl"", ""Nolc1"", ""Fabp5"", ""Nop58"", ""Rrs1"", ""Ppan"", ""Prmt1"", ""Ifrd2"", ""Odc1"", ""Phgdh"", ""Ybx3"", ""Tfap4"", ""Ppid"", ""Ctps"", ""Pinx1"", ""Snrpa1"", ""Ruvbl1"", ""Mrpl15"", ""Ruvbl2"", ""Mcm3"", ""Bcat1"", ""Psmg2"", ""Dtymk"", ""Asns"", ""Immt"", ""Got1"", ""Dut"")"
"663","REACTOME_ACTIVATION_OF_THE_MRNA_UPON_BINDING_OF_THE_CAP_BINDING_COMPLEX_AND_EIFS_AND_SUBSEQUENT_BINDING_TO_43S","2.20450517291375e-07","1.02787294037889e-05","0.690132458796796","0.787631326562506","2.01019127376177","40","c(""Rps2"", ""Eif4a1"", ""Rpsa"", ""Eif3b"", ""Eif2s1"", ""Eif3g"", ""Rps19"", ""Rps18"", ""Eif3a"", ""Rps27l"", ""Rps8"", ""Rps25"", ""Rps12"", ""Eif2s2"", ""Eif1ax"", ""Eif3c"", ""Eif3j1"", ""Eif4g1"", ""Rps5"", ""Eif4ebp1"", ""Eif3i"", ""Rps16"", ""Eif4e"", ""Rps20"", ""Rps17"", ""Rps15"", ""Rps3a1"", ""Rps6"", ""Rps3"")"
"664","GOMF_CATALYTIC_ACTIVITY_ACTING_ON_A_TRNA","3.1248841963776e-07","1.43337957899502e-05","0.674962860011025","0.760514821899079","2.01447519100288","50","c(""Mettl1"", ""Nsun2"", ""Trmt61a"", ""Eprs"", ""Aars"", ""Pus1"", ""Vars"", ""Rpp40"", ""Rars"", ""Rpp14"", ""Thumpd3"", ""Pop1"", ""Iars"", ""Farsb"", ""Etf1"", ""Gars"", ""Tsen2"", ""Rpp38"", ""Nars"", ""Yars"", ""Kars"", ""Thg1l"", ""Dars"", ""Dus4l"", ""Trmt1"", ""Dtd1"", ""Tars"", ""Cars"", ""Hars"", ""Osgep"", ""Trnt1"", ""Dus1l"", ""Lars"")"
"665","ZFP335_TARGET_GENES","1.35949597383205e-07","6.77974731297982e-06","0.690132458796796","0.725353132270258","2.01491239782537","64","c(""Mrto4"", ""Hspa9"", ""Nsun2"", ""Fam162a"", ""Ptges3"", ""Pno1"", ""Nat10"", ""Rps27a"", ""Chchd4"", ""Vars"", ""Exosc5"", ""Tomm20"", ""St13"", ""Rps12"", ""Polr2e"", ""Pes1"", ""Rpl21"", ""Farsb"", ""Pcbp1"", ""Ak6"", ""Trap1"", ""Mrps7"", ""Vdac2"", ""Rpn1"", ""Psmg2"", ""Adk"", ""Pdap1"", ""Sec61b"", ""Sf3b3"", ""Ccdc58"", ""Rabggtb"", ""Nme6"", ""Mrpl11"", ""Ndc1"", ""Psmd1"", ""Mrps5"", ""Ndufa10"", ""Eftud2"", ""Ndufa4"", ""Psmd12"")"
"666","REACTOME_TRANSLATION","1.33727809357474e-10","1.47486343589445e-08","0.826657301178302","0.663550778836461","2.01679602308963","152","c(""Rps2"", ""Eif4a1"", ""Rpl14"", ""Ppa1"", ""Mrpl12"", ""Rpsa"", ""Mrps18b"", ""Eef1g"", ""Eif3b"", ""Eif2s1"", ""Rpl36al"", ""Eef1d"", ""Mrps28"", ""Eif3g"", ""Eef1b2"", ""Rpl3"", ""Rps19"", ""Rps18"", ""Eif3a"", ""Mrpl17"", ""Rpl8"", ""Rps27l"", ""Rps8"", ""Rps25"", ""Rps12"", ""Mrpl15"", ""Eif2b3"", ""Mrpl19"", ""Gspt1"", ""Eif2s2"", ""Eif5b"", ""Rpl21"", ""Mrpl20"", ""Mrpl23"", ""Eif1ax"", ""Eif3c"", ""Eif3j1"", ""Eif4g1"", ""Mrpl42"", ""Mrpl54"", ""Rpl13"", ""Rps5"", ""Eif4ebp1"", ""Mrpl36"", ""Etf1"", ""Mrps10"", ""Gadd45gip1"", ""Mrps24"", ""Eif3i"", ""Mrpl21"", ""Rpl5"", ""Rpl22l1"", ""Mrpl2"", 
""Rps16"", ""Eif4e"", ""Rps20"", ""Rps17"", ""Mrps7"", ""Mrpl16"", ""Rpl4"", ""Mrps15"", ""Mrps14"", ""Rps15"", ""Mrps34"", ""Mrps6"", ""Mrps12"", ""Rps3a1"", ""Eif2b1"", ""Mrps18a"", ""Mrpl55"", ""Rplp0"", ""Rpl18"", ""Mrpl50"", ""Mrpl38"", ""Rps6"", ""Rps3"", ""Mrps17"", ""Mrpl11"", ""Chchd1"", ""Mrps27"", ""Rpl36a"", ""Mrps5"", ""Gfm1"", ""Rpl27a"", ""Mrpl47"")"
"667","MONNIER_POSTRADIATION_TUMOR_ESCAPE_UP","5.20204929784064e-11","6.34760696236512e-09","0.851339057116899","0.660365986594478","2.02955839634073","164","c(""Srm"", ""Mettl1"", ""Pa2g4"", ""Nop56"", ""Nolc1"", ""Grwd1"", ""Mybbp1a"", ""Ftsj3"", ""Trmt61a"", ""Fkbp4"", ""Mthfd1"", ""Sdad1"", ""Eif3b"", ""Aen"", ""Odc1"", ""Abce1"", ""Tsr1"", ""Smyd5"", ""Bop1"", ""Hspa4"", ""Slc19a1"", ""Ppat"", ""Wdr46"", ""Syncrip"", ""Rrp12"", ""Ipo4"", ""Zmynd19"", ""Nol8"", ""Pdcd11"", ""Mrpl15"", ""Strap"", ""Mtdh"", ""Polr1a"", ""Noa1"", ""Naa25"", ""Trmt6"", ""Gspt1"", ""Kat2a"", ""Pop1"", ""Tbrg4"", ""Eif4g1"", ""Etf1"", ""Cdk6"", ""Lrrc59"", ""Ppif"", ""Akap1"", ""Bcat1"", ""Cdk2ap1"", ""Rcc1"", ""Tfrc"", ""Mrps15"", ""Pdap1"", ""Atp2a2"", ""Gmps"", ""Ampd2"", ""Gsr"", 
""Pabpc4"", ""Pgd"", ""Nop9"", ""Otud4"", ""Txnrd1"", ""Aven"", ""Kpnb1"", ""Ddx46"", ""Thoc3"", ""Ergic1"", ""Kcnq1ot1"", ""Ncbp1"", ""Sfpq"", ""Naa15"", ""Poldip2"", ""Zc3h18"", ""Gng12"", ""Smarcc1"", ""Fosl1"", ""Ppm1l"")"
"668","GOMF_TRANSFERASE_ACTIVITY_TRANSFERRING_ONE_CARBON_GROUPS","1.27386587371965e-07","6.52287570159123e-06","0.690132458796796","0.741611857261453","2.03043905370036","62","c(""Mettl1"", ""Fbl"", ""Shmt1"", ""Nsun2"", ""Gart"", ""Prmt1"", ""Ftsj3"", ""Trmt61a"", ""Gcsh"", ""Shmt2"", ""Smyd2"", ""Smyd5"", ""Nop2"", ""Atic"", ""Prmt3"", ""Cad"", ""Prmt7"", ""Mettl13"", ""Thumpd3"", ""Mettl16"", ""Dph5"", ""Prmt5"", ""Comtd1"", ""Dimt1"", ""Carnmt1"", ""Dnmt3b"", ""Carm1"", ""Trmt1"", ""Wdr5"")"
"669","GOBP_PROTEIN_MATURATION","2.06085171396455e-11","2.81404394752065e-09","0.863415391606693","0.66180952727904","2.03659202701682","168","c(""Hsp90ab1"", ""Hspd1"", ""Hspe1"", ""Hspa9"", ""Hsp90aa1"", ""Cct3"", ""Hspa8"", ""Cct8"", ""Ppia"", ""Fkbp4"", ""Gcsh"", ""Hspa5"", ""Ptges3"", ""Cct5"", ""Calr"", ""Ppid"", ""Hsph1"", ""Hspa4"", ""Nudc"", ""Ece2"", ""Chchd4"", ""Tcp1"", ""Ndufab1"", ""Sdf2l1"", ""Glrx3"", ""Canx"", ""St13"", ""Glrx5"", ""Hsp90b1"", ""Cct2"", ""Naa25"", ""Timm17a"", ""Naa50"", ""Cct7"", ""Myc"", ""Parp1"", ""Ahsa1"", ""Bola2"", ""Pdcd5"", ""Dnajc2"", ""Nudcd2"", ""Bag2"", ""Pitrm1"", ""Ppif"", ""Aasdhppt"", ""Mme"", ""Trap1"", ""Dohh"", ""Ppie"", ""Fxn"", ""Stoml2"", ""Bola3"", ""Ppih"")"
"670","GOLDRATH_HOMEOSTATIC_PROLIFERATION","7.73963243249593e-08","4.27333835480294e-06","0.704975715167238","0.704993713909215","2.03743272512965","83","c(""Nme1"", ""Nhp2"", ""Hspe1"", ""Ppa1"", ""Set"", ""Fam162a"", ""Cacybp"", ""Cycs"", ""Ung"", ""Nop16"", ""Ptges3"", ""Nifk"", ""Bzw2"", ""Galk1"", ""Npm3"", ""Bysl"", ""Park7"", ""Ndufab1"", ""Slc7a5"", ""Eif3j1"", ""Hdgf"", ""Sfxn1"", ""Nudcd2"", ""Cdca7l"", ""Bag2"", ""Gpx1"", ""Ak6"", ""Vdac2"", ""Pdap1"", ""Ube2e1"", ""Ipo7"", ""Bcl2"", ""Taf1d"", ""Qdpr"", ""Smn1"", ""E2f1"", ""Psmc5"", ""Irak1"", ""Trnt1"")"
"671","HALLMARK_UNFOLDED_PROTEIN_RESPONSE","9.45891164888455e-08","5.02285725058823e-06","0.704975715167238","0.763999177693107","2.03978255111366","53","c(""Npm1"", ""Nhp2"", ""Eif4a1"", ""Hspa9"", ""Nop56"", ""Nolc1"", ""Dkc1"", ""Sdad1"", ""Eif2s1"", ""Rrp9"", ""Hspa5"", ""Calr"", ""Exosc5"", ""Nop14"", ""Slc7a5"", ""Exosc1"", ""Psat1"", ""Hsp90b1"", ""Lsm4"", ""Iars"", ""Eif4g1"", ""Pdia6"", ""Eif4ebp1"", ""Banf1"", ""Eif4e"", ""Ddx10"", ""Xpot"", ""Mthfd2"", ""Hyou1"")"
"672","GOBP_RIBOSOME_ASSEMBLY","5.08975676899457e-07","2.08498250501313e-05","0.659444398037935","0.805535665693858","2.04147748864666","37","c(""C1qbp"", ""Mrto4"", ""Rrs1"", ""Ppan"", ""Rpsa"", ""Nop2"", ""Bop1"", ""Nip7"", ""Rps19"", ""Mdn1"", ""Brix1"", ""Nle1"", ""Rps27l"", ""Rpf2"", ""Rps25"", ""Noa1"", ""Eif5b"", ""Eif6"", ""Mrpl20"", ""Rps5"", ""Dhx29"", ""Rpl5"", ""Mrps7"", ""Rps15"", ""Xrcc5"", ""Fastkd2"", ""Rplp0"", ""Rps6"")"
"673","GOBP_MATURATION_OF_LSU_RRNA","7.8765713865037e-07","3.07293448310195e-05","0.659444398037935","0.8616355194596","2.04364119597384","24","c(""Npm1"", ""Nhp2"", ""Rsl1d1"", ""Rrp15"", ""Gtpbp4"", ""Ftsj3"", ""Nifk"", ""Nop2"", ""Bop1"", ""Znhit6"", ""Ddx18"", ""Mak16"", ""Rpf2"", ""Pes1"", ""Rpl10a"", ""Eif6"", ""Nol9"")"
"674","GOMF_TRANSLATION_FACTOR_ACTIVITY_RNA_BINDING","3.75072014522082e-07","1.64201374296499e-05","0.674962860011025","0.820976990875146","2.0474018973966","34","c(""Eif5a"", ""Eif4a1"", ""Eef1g"", ""Eif3b"", ""Eif2s1"", ""Eef1d"", ""Eif3g"", ""Eef1b2"", ""Eif3a"", ""Eif1a"", ""Eif2b3"", ""Gspt1"", ""Eif2s2"", ""Eif5b"", ""Eif6"", ""Denr"", ""Eif1ax"", ""Eif3c"", ""Eif4g1"", ""Etf1"", ""Dhx29"", ""Eif3i"", ""Eif4e"", ""Tsfm"")"
"675","GOCC_MITOCHONDRIAL_MATRIX","4.75279687136215e-11","5.92549783853521e-09","0.851339057116899","0.681613814614731","2.05469669937126","133","c(""C1qbp"", ""Hspd1"", ""Hspe1"", ""Hspa9"", ""Atad3a"", ""Mrpl12"", ""Mrps18b"", ""Shmt2"", ""Rexo2"", ""Mrps28"", ""Prdx1"", ""Park7"", ""Mrpl17"", ""Uqcc2"", ""Sod2"", ""Glrx5"", ""Mrpl15"", ""Lrpprc"", ""Mrpl19"", ""Atp5b"", ""Mrpl20"", ""Mrpl23"", ""Tbrg4"", ""Idh3a"", ""Mrpl42"", ""Mrpl54"", ""Mrpl36"", ""Mrps10"", ""Gadd45gip1"", ""Mrps24"", ""Mrpl21"", ""Clpp"", ""Pitrm1"", ""Mrpl2"", ""Lrrc59"", ""Ppif"", ""Tsfm"", ""Trap1"", ""Mrps7"", ""Vdac2"", ""Mrpl16"", ""Mrps15"", ""Mrps14"", ""Bola3"", ""Dtymk"", ""Mrps34"", ""Mrps6"", ""Mrps12"", ""Fastkd2"", ""Mrps18a"", ""Mrpl55"", ""Mrpl50"", 
""Mrpl38"", ""Suclg2"", ""Rps3"", ""Fdps"", ""Mrps17"", ""Mrpl11"", ""Chchd1"", ""Mrps27"", ""Mrps5"", ""Mrpl47"", ""Me2"", ""Mrps22"", ""Got2"", ""Fh1"", ""Slc25a5"", ""Poldip2"", ""Mrpl28"")"
"676","GOMF_TRANSLATION_REGULATOR_ACTIVITY_NUCLEIC_ACID_BINDING","7.35249947588226e-08","4.1339788719789e-06","0.704975715167238","0.796634260157678","2.061986527037","43","c(""Eif5a"", ""Eif4a1"", ""Shmt1"", ""Eef1g"", ""Eif3b"", ""Eif2s1"", ""Shmt2"", ""Eef1d"", ""Eif3g"", ""Eef1b2"", ""Eif3a"", ""Eif1a"", ""Rps27l"", ""Eif2b3"", ""Gspt1"", ""Eif2s2"", ""Larp1"", ""Eif5b"", ""Eif6"", ""Denr"", ""Eif1ax"", ""Eif3c"", ""Eif4g1"", ""Etf1"", ""Pcbp1"", ""Dhx29"", ""Eif3i"", ""Eif4e"", ""Tsfm"")"
"677","IRITANI_MAD1_TARGETS_DN","1.71192161293786e-07","8.25031130268794e-06","0.690132458796796","0.827089661665084","2.06264604420288","34","c(""Srm"", ""Npm1"", ""C1qbp"", ""Fbl"", ""Apex1"", ""Hspa9"", ""Ppa1"", ""Dctpp1"", ""Mybbp1a"", ""Rpsa"", ""Mrps18b"", ""Eef1g"", ""Eif1a"", ""Wdr74"", ""Cad"", ""Ipo5"", ""Rars"", ""Rpl10a"", ""Rpl13"", ""Nme2"", ""Mcm6"", ""Gga2"", ""Dut"", ""Rpl18"", ""Dtd1"")"
"678","GOMF_PROTEIN_FOLDING_CHAPERONE","1.31814452855771e-07","6.63119199234954e-06","0.690132458796796","0.852321524474089","2.06320535598329","28","c(""Hsp90ab1"", ""Hspd1"", ""Hspe1"", ""Hspa9"", ""Hsp90aa1"", ""Cct3"", ""Hspa8"", ""Cct8"", ""Hspa5"", ""Cct5"", ""Hsph1"", ""Hspa4"", ""Tcp1"", ""Hsp90b1"", ""Cct2"", ""Wdr83os"", ""Cct7"", ""Trap1"", ""Hyou1"")"
"679","HALLMARK_MTORC1_SIGNALING","4.56796214894487e-11","5.92549783853521e-09","0.851339057116899","0.68736979455428","2.06740264399585","132","c(""Hspd1"", ""Atp5g1"", ""Hspe1"", ""Hspa9"", ""Ppa1"", ""Tomm40"", ""Cacybp"", ""Ung"", ""Ppia"", ""Shmt2"", ""Eef1e1"", ""Rrp9"", ""Ldha"", ""Hspa5"", ""Phgdh"", ""Calr"", ""Eprs"", ""Pno1"", ""Prdx1"", ""Hspa4"", ""Psmb5"", ""Tpi1"", ""Tmem97"", ""Sdf2l1"", ""Canx"", ""Slc7a5"", ""Psat1"", ""Hsp90b1"", ""Psme3"", ""Eif2s2"", ""Idi1"", ""Hk2"", ""Psmg1"", ""Cyp51"", ""Aldoa"", ""Nufip1"", ""Etf1"", ""Stip1"", ""Tuba4a"", ""Bcat1"", ""Abcf2"", ""Mcm2"", ""Mthfd2"", ""Rpn1"", ""Tfrc"", ""Sqle"", ""Psma3"", ""Psma4"", ""Pdap1"", ""Atp2a2"", ""Acaca"", ""Asns"", ""Gga2"", ""Gmps"", ""Immt"", ""Got1"", ""Gsr"", 
""Ifrd1"", ""Qdpr"")"
"680","GOBP_POST_TRANSCRIPTIONAL_REGULATION_OF_GENE_EXPRESSION","8.66435254643536e-12","1.24225154634517e-09","0.875325132024659","0.67899047211695","2.068761645168","154","c(""Npm1"", ""Eif5a"", ""C1qbp"", ""Mettl1"", ""Ncl"", ""Pa2g4"", ""Apex1"", ""Shmt1"", ""Nsun2"", ""Nolc1"", ""Dkc1"", ""Ybx1"", ""Prmt1"", ""Ifrd2"", ""Eif3b"", ""Eif2s1"", ""Shmt2"", ""Cnbp"", ""Abce1"", ""Bzw2"", ""Calr"", ""Pus7"", ""Eprs"", ""Nat10"", ""Serbp1"", ""Pum3"", ""Aars"", ""Syncrip"", ""Cdk4"", ""Exosc5"", ""Rps27l"", ""Naf1"", ""Uqcc2"", ""Larp4"", ""Exosc7"", ""Lrpprc"", ""Gspt1"", ""Larp1"", ""Eif5b"", ""Eif6"", ""Tbrg4"", ""Eif4g1"", ""Mettl16"", ""Eif4ebp1"", ""Etf1"", ""Rpl5"", ""Eif4e"", ""Tsfm"", ""Trap1"")"
"681","GOMF_RIBOSOME_BINDING","1.13333666007284e-08","7.6466891123738e-07","0.747739663149885","0.811723664512851","2.07167969591947","40","c(""Nme1"", ""Npm1"", ""Eif5a"", ""C1qbp"", ""G3bp1"", ""Ung"", ""Rpsa"", ""Ifrd2"", ""Eif2s1"", ""Hspa5"", ""Abce1"", ""Ybx3"", ""Eif1a"", ""Serbp1"", ""Prmt3"", ""Ndufab1"", ""Larp1"", ""Eif6"", ""Eif3c"", ""Dnajc2"", ""Gadd45gip1"", ""Dhx29"")"
"682","GOBP_MITOCHONDRIAL_GENE_EXPRESSION","9.53787844960406e-09","6.6706991351804e-07","0.747739663149885","0.728291709053311","2.07903214849136","78","c(""C1qbp"", ""Mrpl12"", ""Mrps18b"", ""Shmt2"", ""Mrps28"", ""Mrpl17"", ""Uqcc2"", ""Mrpl15"", ""Lrpprc"", ""Mrpl19"", ""Mrpl20"", ""Mrpl23"", ""Tbrg4"", ""Mrpl42"", ""Mrpl54"", ""Mrpl36"", ""Mrps10"", ""Gadd45gip1"", ""Gars"", ""Mrps24"", ""Mrpl21"", ""Ppargc1b"", ""Mrpl2"", ""Tsfm"", ""Mrps7"", ""Mrpl16"", ""Mrps15"", ""Mrps14"", ""Mrps34"", ""Mrps6"", ""Mrps12"", ""Fastkd2"", ""Mrps18a"", ""Mrpl55"", ""Mrpl50"", ""Mrpl38"", ""Mrps17"", ""Mrpl11"", ""Chchd1"", ""Mrps27"", ""Hars"", ""Mrps5"", ""Gfm1"", ""Trnt1"", ""Mrpl47"", ""Mrps22"")"
"683","HOUNKPE_HOUSEKEEPING_GENES","1.95458026321059e-21","1.01904707359207e-18","1.19534448258848","0.639165930308781","2.07931161290691","377","c(""Srm"", ""Eif5a"", ""Hsp90ab1"", ""Mrto4"", ""Hspe1"", ""Eif4a1"", ""Fbl"", ""Ncl"", ""Pa2g4"", ""Ranbp1"", ""Dctpp1"", ""Erh"", ""G3bp1"", ""Ebna1bp2"", ""Ftsj3"", ""Eif3b"", ""Eif2s1"", ""Zfp593"", ""Cnbp"", ""Rrp9"", ""Utp18"", ""Abce1"", ""Nifk"", ""Tsr1"", ""Calr"", ""Smyd5"", ""Ltv1"", ""Eef1d"", ""Mrps28"", ""Eif3g"", ""Anp32b"", ""Pno1"", ""Mphosph10"", ""Ppid"", ""Hspa4"", ""Ddx27"", ""Tpi1"", ""Eif3a"", ""Ddx18"", ""Nat10"", ""Psma7"", ""Nudc"", ""Serbp1"", ""Aars"", ""Wdr46"", ""Park7"", ""Mrpl17"", ""Syncrip"", ""Tcp1"", ""Cdk4"", ""Prpf19"", ""Snrpd3"", ""Nop14"", ""Srsf2"", ""Psmd7"", ""Guk1"", 
""Tomm20"", ""Ipo5"", ""Snrpa"", ""Zmynd19"", ""St13"", ""Rsl24d1"", ""Ruvbl1"", ""Hsp90b1"", ""Psme3"", ""Cct2"", ""Strap"", ""Mtdh"", ""Wdr83os"", ""Lrpprc"", ""Timm17a"", ""Nob1"", ""Gspt1"", ""Eif2s2"", ""Larp1"", ""Eif5b"", ""Adh5"", ""Denr"", ""Pwp1"", ""Nap1l1"", ""Eif1ax"", ""Lsm4"", ""U2af1"", ""Parp1"", ""Ahsa1"", ""Rps19bp1"", ""Pdia6"", ""Gnl2"", ""Mrpl36"", ""Etf1"", ""Btf3"", ""Mrps10"", ""Pcbp1"", ""Dhx29"", ""Stip1"", ""Srsf6"", ""Tomm70a"", ""Eif3i"", ""Banf1"", ""Clpp"", ""Hint1"", ""Nars"", ""Lrrc59"", ""Hnrnpab"", ""Yars"", ""Kars"", ""Aasdhppt"", ""Clns1a"", ""Abcf2"", ""Slc25a3"", 
""Dimt1"", ""Xpot"", ""Rpn1"", ""Gtf3a"", ""Rpl4"", ""Psma5"", ""Morf4l2"", ""Gtf2f2"", ""Snrpb"", ""Mrps14"", ""Hnrnpd"", ""Psmg2"", ""Pdap1"", ""Sec61b"", ""Dars"", ""Ssrp1"", ""Pold2"", ""Dpy30"", ""Gga2"", ""Psmb2"", ""Magoh"", ""Eif2b1"", ""Higd1a"", ""Psmd6"", ""Cdc34"", ""Ak2"", ""Rabggtb"", ""Mrpl38"", ""Nucks1"", ""Pelp1"", ""Rheb"", ""Pole3"", ""Mrps17"", ""Ppp5c"", ""Fcf1"", ""Nop9"", ""Ndufaf2"", ""Prkar2a"", ""Psmg3"", ""Phf5a"", ""Otud4"", ""Htatsf1"", ""Psmb6"", ""Chchd1"", ""Pin1"", ""Sf3b5"", ""Psmc5"", ""Psmd1"", ""Gsto1"", ""Mrps5"", ""Sf3b6"", ""Josd1"", ""Psmd3"", ""Rpn2"", ""Usp14"", 
""Psmd12"", ""Ergic1"", ""Nmd3"", ""Ddx1"", ""Lars"", ""Dnajc11"", ""Rnps1"", ""Pfdn1"", ""Dnlz"", ""Pdia3"", ""Pbdc1"", ""Ncbp1"", ""Sfpq"", ""Hnrnpa1"", ""Arl1"", ""Slc25a5"", ""P4hb"", ""Txnl1"", ""Mrpl28"", ""Zc3h18"", ""Rtcb"", ""Smarcc1"")"
"684","GOBP_MITOCHONDRIAL_TRANSLATION","2.65801289275568e-08","1.65692434129933e-06","0.73376198835648","0.737599273343493","2.08440318016709","71","c(""C1qbp"", ""Mrpl12"", ""Mrps18b"", ""Shmt2"", ""Mrps28"", ""Mrpl17"", ""Uqcc2"", ""Mrpl15"", ""Lrpprc"", ""Mrpl19"", ""Mrpl20"", ""Mrpl23"", ""Mrpl42"", ""Mrpl54"", ""Mrpl36"", ""Mrps10"", ""Gadd45gip1"", ""Gars"", ""Mrps24"", ""Mrpl21"", ""Mrpl2"", ""Tsfm"", ""Mrps7"", ""Mrpl16"", ""Mrps15"", ""Mrps14"", ""Mrps34"", ""Mrps6"", ""Mrps12"", ""Fastkd2"", ""Mrps18a"", ""Mrpl55"", ""Mrpl50"", ""Mrpl38"", ""Mrps17"", ""Mrpl11"", ""Chchd1"", ""Mrps27"", ""Hars"", ""Mrps5"", ""Gfm1"", ""Mrpl47"", ""Mrps22"", ""Mrpl28"", ""Rars2"", ""Mrpl41"", ""Mrpl35"")"
"685","GOCC_NUCLEOLUS","2.63833203267755e-21","1.1639103236466e-18","1.19534448258848","0.641447819032518","2.08487640037574","379","c(""Npm1"", ""Nhp2"", ""Mrto4"", ""Mettl1"", ""Gnl3"", ""Fbl"", ""Ncl"", ""Pa2g4"", ""Apex1"", ""Gar1"", ""Ran"", ""Rsl1d1"", ""Gpatch4"", ""Nop56"", ""Nsun2"", ""Nolc1"", ""Dkc1"", ""Lyar"", ""Nop58"", ""Noc2l"", ""Rrs1"", ""Rcl1"", ""Grwd1"", ""Mybbp1a"", ""Ebna1bp2"", ""Gtpbp4"", ""Ftsj3"", ""Sdad1"", ""Ddx21"", ""Ccdc86"", ""Wdr43"", ""Nop16"", ""Zfp593"", ""Aen"", ""Rexo2"", ""Eef1e1"", ""Rrp9"", ""Utp18"", ""Polr2f"", ""Rrp1b"", ""Nifk"", ""Polr2h"", ""Eef1d"", ""Nop2"", ""Bop1"", ""Nip7"", ""Tma16"", ""Rpl3"", ""Anp32b"", ""Nop10"", ""Llph"", ""Pno1"", ""Mphosph10"", ""Ppid"", ""Rps19"", ""Polr1b"", 
""Ddx27"", ""Eif3a"", ""Ddx18"", ""Npm3"", ""Nat10"", ""Surf2"", ""Wdr75"", ""Pum3"", ""Mdn1"", ""Bysl"", ""Timm13"", ""Wdr46"", ""Wdr74"", ""Cdk4"", ""Pus1"", ""Brix1"", ""Nle1"", ""Nol11"", ""Aatf"", ""Exosc5"", ""Rrp12"", ""Mak16"", ""Nop14"", ""Prmt7"", ""Rpf2"", ""Pinx1"", ""Rpp40"", ""Exosc7"", ""Mri1"", ""Utp14a"", ""Heatr1"", ""Rars"", ""Exosc1"", ""Rsl24d1"", ""Rps25"", ""Mbd3"", ""Nol8"", ""Pdcd11"", ""Polr2e"", ""Mtdh"", ""Polr1a"", ""Rpp14"", ""Utp20"", ""Naa50"", ""Nob1"", ""Agpat5"", ""Pes1"", ""Ccnd2"", ""Noc3l"", ""Eif6"", ""Mrpl23"", ""Myc"", ""Pwp1"", ""Wdr36"", ""Thumpd3"", ""Pop1"", ""Nol9"", 
""Parp1"", ""Nufip1"", ""Rps19bp1"", ""Noc4l"", ""Rpl13"", ""Imp4"", ""Gnl2"", ""Nol10"", ""Dnajc2"", ""Cdca7l"", ""Rpp38"", ""Rpl5"", ""Ddx56"", ""Lsm6"")"
"686","RAMALHO_STEMNESS_UP","5.43444824241258e-09","4.15554142269816e-07","0.761460801445585","0.724325162882446","2.08765113700916","82","c(""Rsl1d1"", ""Ppa1"", ""Dctpp1"", ""Nop58"", ""Rcl1"", ""Ndufaf4"", ""Grwd1"", ""Gcsh"", ""Wdr43"", ""Nifk"", ""Eprs"", ""Mphosph10"", ""Bysl"", ""Mrpl17"", ""Lsm2"", ""Umps"", ""Rpp14"", ""Utp20"", ""Eif3j1"", ""Tbrg4"", ""Cops7a"", ""Iars"", ""Gnl2"", ""Eif4ebp1"", ""Dph5"", ""Mrps10"", ""Gars"", ""Usp10"", ""Srsf6"", ""Gfer"", ""Cdk2ap1"", ""Abcb1b"", ""Las1l"", ""Xpot"", ""Dtymk"", ""Xrcc5"", ""Rabggtb"", ""Suclg2"", ""Fcf1"", ""Txnrd1"")"
"687","GOMF_CATALYTIC_ACTIVITY_ACTING_ON_RNA","2.39846266988339e-11","3.19887986320494e-09","0.863415391606693","0.700004372713078","2.10046900219986","131","c(""Mettl1"", ""Eif4a1"", ""Fbl"", ""Apex1"", ""Nsun2"", ""G3bp1"", ""Rcl1"", ""Ftsj3"", ""Trmt61a"", ""Ddx21"", ""Rexo2"", ""Polr2f"", ""Polr2h"", ""Nop2"", ""Eprs"", ""Polr1b"", ""Ddx27"", ""Ddx18"", ""Polr3h"", ""Aars"", ""Pus1"", ""Vars"", ""Rpp40"", ""Rars"", ""Endog"", ""Polr2e"", ""Polr1a"", ""Rpp14"", ""Nob1"", ""Thumpd3"", ""Pop1"", ""Iars"", ""Mettl16"", ""Farsb"", ""Etf1"", ""Dhx29"", ""Gars"", ""Nudt5"", ""Tsen2"", ""Rpp38"", ""Ddx56"", ""Nars"", ""Dis3"", ""Yars"", ""Kars"", ""Ddx10"", ""Dimt1"", ""Thg1l"", ""Dars"", ""Dus4l"", ""Trmt1"", ""Dtd1"", ""Tars"", ""Polr3k"", ""Cars"", ""Hars"", ""Osgep"", 
""Polr2l"", ""Ddx46"", ""Trnt1"", ""Dus1l"", ""Ddx1"", ""Lars"")"
"688","GOCC_SMALL_SUBUNIT_PROCESSOME","6.61022159058499e-09","4.86020779769294e-07","0.761460801445585","0.798556870820186","2.10410840822134","48","c(""Fbl"", ""Nop56"", ""Nop58"", ""Rcl1"", ""Wdr43"", ""Rrp9"", ""Utp18"", ""Pno1"", ""Mphosph10"", ""Rps19"", ""Nat10"", ""Rps27a"", ""Wdr75"", ""Wdr46"", ""Aatf"", ""Rps8"", ""Nop14"", ""Utp14a"", ""Heatr1"", ""Pdcd11"", ""Rps12"", ""Utp20"", ""Wdr36"", ""Rps19bp1"", ""Noc4l"", ""Rps5"", ""Imp4"", ""Nol10"", ""Rps16"", ""Rps17"", ""Wdr3"", ""Dimt1"", ""Utp15"", ""Xrcc5"", ""Utp6"", ""Rps3a1"", ""Rps6"", ""Fcf1"")"
"689","GOBP_AMIDE_BIOSYNTHETIC_PROCESS","5.75965129019267e-20","2.06447500932843e-17","1.15122052214226","0.652073416466021","2.10471203764523","330","c(""Npm1"", ""Eif5a"", ""C1qbp"", ""Rps2"", ""Eif4a1"", ""Rpl14"", ""Ncl"", ""Pa2g4"", ""Shmt1"", ""Nolc1"", ""Mrpl12"", ""Ybx1"", ""Prmt1"", ""Rpsa"", ""Ifrd2"", ""Mrps18b"", ""Eef1g"", ""Eif3b"", ""Eif2s1"", ""Shmt2"", ""Eef1e1"", ""Aimp2"", ""Cnbp"", ""Abce1"", ""Bzw2"", ""Calr"", ""Pus7"", ""Eef1d"", ""Mrps28"", ""Eprs"", ""Eif3g"", ""Eef1b2"", ""Rpl3"", ""Rps19"", ""Rps18"", ""Eif3a"", ""Nat10"", ""Eif1a"", ""Rps27a"", ""Serbp1"", ""Pum3"", ""Aars"", ""Mrpl17"", ""Syncrip"", ""Cdk4"", ""Vars"", ""Exosc5"", ""Rpl8"", ""Rps27l"", ""Rps8"", ""Uqcc2"", ""Larp4"", ""St6galnac4"", ""Exosc7"", ""Rars"", ""Rsl24d1"", 
""Rps25"", ""Rps12"", ""Mrpl15"", ""Eif2b3"", ""Lrpprc"", ""Mrpl19"", ""Gspt1"", ""Eif2s2"", ""Larp1"", ""Eif5b"", ""Rpl10a"", ""Eif6"", ""Rpl21"", ""Mrpl20"", ""Mrpl23"", ""Denr"", ""Eif1ax"", ""Eif3c"", ""Iars"", ""Eif4g1"", ""Mrpl42"", ""Mrpl54"", ""Mettl16"", ""Rpl13"", ""Rps5"", ""Eif4ebp1"", ""Mrpl36"", ""Farsb"", ""Etf1"", ""Mrps10"", ""Gadd45gip1"", ""Dhx29"", ""Gars"", ""Usp10"", ""Mrps24"", ""Eif3i"", ""Mrpl21"", ""Rpl5"", ""Rpl22l1"", ""Mrpl2"", ""Nars"", ""Yars"", ""Rps16"", ""Eif4e"", ""Acsl5"", ""Tsfm"", ""Kars"", ""Rps20"", ""Rps17"", ""Trap1"", ""Mrps7"", ""Rwdd1"", ""Mrpl16"", ""Rpl4"", 
""Mrps15"", ""Mrps14"", ""Hnrnpd"", ""Rps15"", ""Mrps34"", ""Dars"", ""Mrps6"", ""Mrps12"", ""Magoh"", ""Fastkd2"", ""Rps3a1"", ""Eif2b1"", ""Mrps18a"", ""Mrpl55"", ""Rplp0"", ""Rpl18"", ""Mrpl50"", ""Mrpl38"", ""Rps6"", ""Tars"", ""Rps3"", ""Mrps17"", ""Mrpl11"", ""Cars"", ""Chchd1"", ""Mrps27"", ""Hars"", ""Drg2"", ""Exosc8"", ""Rpl36a"", ""Tcof1"", ""Mrps5"", ""Gfm1"", ""Trnt1"", ""Rpl27a"")"
"690","GOMF_TRANSLATION_REGULATOR_ACTIVITY","3.46764815586885e-09","2.72424139368601e-07","0.774939030136436","0.785227332298714","2.10631917246082","54","c(""Eif5a"", ""Eif4a1"", ""Shmt1"", ""Ifrd2"", ""Eef1g"", ""Eif3b"", ""Eif2s1"", ""Shmt2"", ""Cnbp"", ""Eef1d"", ""Eif3g"", ""Eef1b2"", ""Eif3a"", ""Eif1a"", ""Serbp1"", ""Rps27l"", ""Eif2b3"", ""Gspt1"", ""Eif2s2"", ""Larp1"", ""Eif5b"", ""Eif6"", ""Denr"", ""Eif1ax"", ""Eif3c"", ""Eif4g1"", ""Eif4ebp1"", ""Etf1"", ""Pcbp1"", ""Dhx29"", ""Eif3i"", ""Eif4e"", ""Tsfm"")"
"691","SANSOM_APC_MYC_TARGETS","4.51690245834475e-10","4.70989738156494e-08","0.814035837847908","0.722746958523003","2.11726404947863","95","c(""Nme1"", ""Mif"", ""Hsp90ab1"", ""Nhp2"", ""Mettl1"", ""Shmt1"", ""Dkc1"", ""Mybbp1a"", ""Mthfd1"", ""Shmt2"", ""Rrp9"", ""Phgdh"", ""Atic"", ""Impdh2"", ""Tkt"", ""Mdn1"", ""Sigmar1"", ""Thop1"", ""Vars"", ""Prpf19"", ""Srsf2"", ""Wdr4"", ""Zmynd19"", ""Exosc1"", ""Nol8"", ""Trmt6"", ""Siva1"", ""Snrpf"", ""Myc"", ""Kat2a"", ""Nol9"", ""Eif4g1"", ""Colgalt1"", ""Mcm3"", ""Abhd14a"", ""Telo2"", ""Ttc27"", ""Cinp"", ""Tfrc"")"
"692","GOBP_PEPTIDE_METABOLIC_PROCESS","1.24247779216168e-20","4.75040675869817e-18","1.1778932614942","0.656929124569149","2.11821490696564","327","c(""Npm1"", ""Eif5a"", ""C1qbp"", ""Rps2"", ""Eif4a1"", ""Rpl14"", ""Ncl"", ""Pa2g4"", ""Shmt1"", ""Nolc1"", ""Mrpl12"", ""Ybx1"", ""Prmt1"", ""Rpsa"", ""Ifrd2"", ""Mrps18b"", ""Eef1g"", ""Eif3b"", ""Eif2s1"", ""Shmt2"", ""Eef1e1"", ""Aimp2"", ""Cnbp"", ""Abce1"", ""Bzw2"", ""Calr"", ""Pus7"", ""Eef1d"", ""Mrps28"", ""Eprs"", ""Eif3g"", ""Eef1b2"", ""Rpl3"", ""Rps19"", ""Rps18"", ""Eif3a"", ""Nat10"", ""Eif1a"", ""Rps27a"", ""Serbp1"", ""Ece2"", ""Pum3"", ""Aars"", ""Thop1"", ""Mrpl17"", ""Syncrip"", ""Cdk4"", ""Vars"", ""Exosc5"", ""Rpl8"", ""Rps27l"", ""Rps8"", ""Uqcc2"", ""Larp4"", ""Exosc7"", ""Rars"", 
""Rsl24d1"", ""Rps25"", ""Hsp90b1"", ""Rps12"", ""Mrpl15"", ""Eif2b3"", ""Lrpprc"", ""Mrpl19"", ""Gspt1"", ""Eif2s2"", ""Larp1"", ""Eif5b"", ""Rpl10a"", ""Eif6"", ""Rpl21"", ""Mrpl20"", ""Mrpl23"", ""Denr"", ""Eif1ax"", ""Eif3c"", ""Iars"", ""Eif4g1"", ""Mrpl42"", ""Mrpl54"", ""Mettl16"", ""Rpl13"", ""Rps5"", ""Eif4ebp1"", ""Mrpl36"", ""Farsb"", ""Etf1"", ""Mrps10"", ""Gadd45gip1"", ""Dhx29"", ""Gars"", ""Usp10"", ""Mrps24"", ""Eif3i"", ""Mrpl21"", ""Rpl5"", ""Rpl22l1"", ""Mrpl2"", ""Nars"", ""Yars"", ""Rps16"", ""Eif4e"", ""Tsfm"", ""Kars"", ""Rps20"", ""Mme"", ""Rps17"", ""Trap1"", ""Mrps7"", ""Rwdd1"", 
""Mrpl16"", ""Rpl4"", ""Mrps15"", ""Mrps14"", ""Hnrnpd"", ""Rps15"", ""Mrps34"", ""Dars"", ""Carnmt1"", ""Mrps6"", ""Mrps12"", ""Magoh"", ""Fastkd2"", ""Rps3a1"", ""Eif2b1"", ""Mrps18a"", ""Mrpl55"", ""Rplp0"", ""Rpl18"", ""Mrpl50"", ""Mrpl38"", ""Rps6"", ""Tars"", ""Rps3"", ""Mrps17"", ""Mrpl11"", ""Cars"", ""Chchd1"", ""Mrps27"", ""Hars"", ""Drg2"", ""Pin1"", ""Exosc8"", ""Rpl36a"", ""Tcof1"", ""Mrps5"", ""Gfm1"", ""Trnt1"", ""Rpl27a"", ""Ide"")"
"693","GOBP_CHAPERONE_MEDIATED_PROTEIN_FOLDING","4.55484368918296e-09","3.5300038591168e-07","0.761460801445585","0.876559703968123","2.12187845095439","28","c(""Hspe1"", ""Hspa9"", ""Cct3"", ""Hspa8"", ""Cct8"", ""Fkbp4"", ""Hspa5"", ""Ptges3"", ""Cct5"", ""Ppid"", ""Hsph1"", ""Tcp1"", ""Sdf2l1"", ""St13"", ""Cct2"", ""Cct7"", ""Pdcd5"")"
"694","GOBP_RNA_MODIFICATION","5.81971133187542e-09","4.33455123224747e-07","0.761460801445585","0.808154481762516","2.12466725745972","47","c(""Nhp2"", ""Mettl1"", ""Fbl"", ""Gar1"", ""Nsun2"", ""Dkc1"", ""Ftsj3"", ""Trmt61a"", ""Pus7"", ""Nop2"", ""Nop10"", ""Pusl1"", ""Nat10"", ""Aars"", ""Syncrip"", ""Pus1"", ""Naf1"", ""Wdr4"", ""Kti12"", ""Trmt6"", ""Thumpd1"", ""Thumpd3"", ""Yrdc"", ""Mettl16"", ""Hnrnpab"", ""Dimt1"", ""Thg1l"")"
"695","GOBP_TRNA_METABOLIC_PROCESS","4.29452577482654e-10","4.56094542937597e-08","0.814035837847908","0.746459982478784","2.1322928152576","77","c(""Mettl1"", ""Nsun2"", ""Trmt61a"", ""Polr2f"", ""Pus7"", ""Eprs"", ""Pusl1"", ""Nat10"", ""Aars"", ""Pus1"", ""Vars"", ""Polr3d"", ""Rpp40"", ""Wdr4"", ""Exosc7"", ""Rars"", ""Kti12"", ""Rpp14"", ""Trmt6"", ""Thumpd1"", ""Polr3e"", ""Thumpd3"", ""Pop1"", ""Iars"", ""Yrdc"", ""Farsb"", ""Gars"", ""Tsen2"", ""Rpp38"", ""Nars"", ""Lsm6"", ""Yars"", ""Kars"", ""Thg1l"", ""Dars"", ""Dus4l"", ""Trmt1"", ""Dtd1"", ""Tars"", ""Cars"", ""Hars"", ""Exosc8"", ""Osgep"", ""Polr2l"", ""Trnt1"", ""Dus1l"", ""Ddx1"", ""Lars"")"
"696","REACTOME_MAJOR_PATHWAY_OF_RRNA_PROCESSING_IN_THE_NUCLEOLUS_AND_CYTOSOL","1.09689332636558e-12","2.0968944089022e-10","0.910119734774459","0.720926018992718","2.14356899353805","121","c(""Rps2"", ""Gnl3"", ""Rpl14"", ""Fbl"", ""Ncl"", ""Nop56"", ""Nop58"", ""Rcl1"", ""Ebna1bp2"", ""Rpsa"", ""Ftsj3"", ""Ddx21"", ""Wdr43"", ""Rrp9"", ""Rpl36al"", ""Utp18"", ""Tsr1"", ""Ltv1"", ""Bop1"", ""Nip7"", ""Rpl3"", ""Pno1"", ""Mphosph10"", ""Rps19"", ""Rps18"", ""Wdr75"", ""Bysl"", ""Wdr46"", ""Nol11"", ""Exosc5"", ""Rpl8"", ""Rps27l"", ""Rps8"", ""Nop14"", ""Wdr18"", ""Rpp40"", ""Exosc7"", ""Utp14a"", ""Heatr1"", ""Exosc1"", ""Rps25"", ""Pdcd11"", ""Rps12"", ""Rpp14"", ""Utp20"", ""Nob1"", ""Pes1"", ""Rpl21"", ""Wdr36"", ""Nol9"", ""Noc4l"", ""Rpl13"", ""Rps5"", ""Imp4"", ""Rpp38"", ""Rpl5"", ""Rpl22l1"", 
""Dis3"", ""Rps16"", ""Rps20"", ""Rps17"", ""Wdr3"", ""Las1l"", ""Rpl4"", ""Rps15"", ""Utp15"", ""Utp6"", ""Rps3a1"", ""Rplp0"", ""Rpl18"", ""Pelp1"", ""Rps6"", ""Rps3"")"
"697","GOBP_PEPTIDE_BIOSYNTHETIC_PROCESS","2.94190876140318e-21","1.2051319104748e-18","1.19534448258848","0.670345967596256","2.14565575086829","298","c(""Npm1"", ""Eif5a"", ""C1qbp"", ""Rps2"", ""Eif4a1"", ""Rpl14"", ""Ncl"", ""Pa2g4"", ""Shmt1"", ""Nolc1"", ""Mrpl12"", ""Ybx1"", ""Prmt1"", ""Rpsa"", ""Ifrd2"", ""Mrps18b"", ""Eef1g"", ""Eif3b"", ""Eif2s1"", ""Shmt2"", ""Eef1e1"", ""Aimp2"", ""Cnbp"", ""Abce1"", ""Bzw2"", ""Calr"", ""Pus7"", ""Eef1d"", ""Mrps28"", ""Eprs"", ""Eif3g"", ""Eef1b2"", ""Rpl3"", ""Rps19"", ""Rps18"", ""Eif3a"", ""Nat10"", ""Eif1a"", ""Rps27a"", ""Serbp1"", ""Pum3"", ""Aars"", ""Mrpl17"", ""Syncrip"", ""Cdk4"", ""Vars"", ""Exosc5"", ""Rpl8"", ""Rps27l"", ""Rps8"", ""Uqcc2"", ""Larp4"", ""Exosc7"", ""Rars"", ""Rsl24d1"", ""Rps25"", 
""Rps12"", ""Mrpl15"", ""Eif2b3"", ""Lrpprc"", ""Mrpl19"", ""Gspt1"", ""Eif2s2"", ""Larp1"", ""Eif5b"", ""Rpl10a"", ""Eif6"", ""Rpl21"", ""Mrpl20"", ""Mrpl23"", ""Denr"", ""Eif1ax"", ""Eif3c"", ""Iars"", ""Eif4g1"", ""Mrpl42"", ""Mrpl54"", ""Mettl16"", ""Rpl13"", ""Rps5"", ""Eif4ebp1"", ""Mrpl36"", ""Farsb"", ""Etf1"", ""Mrps10"", ""Gadd45gip1"", ""Dhx29"", ""Gars"", ""Usp10"", ""Mrps24"", ""Eif3i"", ""Mrpl21"", ""Rpl5"", ""Rpl22l1"", ""Mrpl2"", ""Nars"", ""Yars"", ""Rps16"", ""Eif4e"", ""Tsfm"", ""Kars"", ""Rps20"", ""Rps17"", ""Trap1"", ""Mrps7"", ""Rwdd1"", ""Mrpl16"", ""Rpl4"", ""Mrps15"", ""Mrps14"", 
""Hnrnpd"", ""Rps15"", ""Mrps34"", ""Dars"", ""Mrps6"", ""Mrps12"", ""Magoh"", ""Fastkd2"", ""Rps3a1"", ""Eif2b1"", ""Mrps18a"", ""Mrpl55"", ""Rplp0"", ""Rpl18"", ""Mrpl50"", ""Mrpl38"", ""Rps6"", ""Tars"", ""Rps3"", ""Mrps17"", ""Mrpl11"", ""Cars"", ""Chchd1"", ""Mrps27"", ""Hars"", ""Drg2"", ""Exosc8"", ""Rpl36a"", ""Tcof1"", ""Mrps5"", ""Gfm1"", ""Trnt1"", ""Rpl27a"")"
"698","REACTOME_METABOLISM_OF_RNA","2.44867136535725e-21","1.1639103236466e-18","1.19534448258848","0.670124608862748","2.15068299574678","310","c(""Rps2"", ""Eif4a1"", ""Gnl3"", ""Rpl14"", ""Fbl"", ""Ncl"", ""Set"", ""Nop56"", ""Ybx1"", ""Nop58"", ""Rcl1"", ""Ebna1bp2"", ""Hspa8"", ""Rpsa"", ""Ftsj3"", ""Ddx21"", ""Wdr43"", ""Rrp9"", ""Rpl36al"", ""Utp18"", ""Polr2f"", ""Tsr1"", ""Polr2h"", ""Ltv1"", ""Bop1"", ""Nip7"", ""Rpl3"", ""Pno1"", ""Mphosph10"", ""Rps19"", ""Txnl4a"", ""Rps18"", ""Psmb5"", ""Snrpd1"", ""Srsf7"", ""Psma7"", ""Rps27a"", ""Wdr77"", ""Wdr75"", ""Bysl"", ""Wdr46"", ""Nol11"", ""Exosc5"", ""Rpl8"", ""Prpf19"", ""Rps27l"", ""Rps8"", ""Snrpd2"", ""Snrpd3"", ""Nop14"", ""Srsf2"", ""Wdr18"", ""Rpp40"", ""Psmd7"", ""Exosc7"", ""Utp14a"", 
""Heatr1"", ""Snrpa"", ""Snrpa1"", ""Exosc1"", ""Lsm7"", ""Rps25"", ""Pdcd11"", ""Rps12"", ""Psme3"", ""Polr2e"", ""Lsm2"", ""Rpp14"", ""Utp20"", ""Nob1"", ""Pes1"", ""Gspt1"", ""Snrpf"", ""Rpl21"", ""Wdr36"", ""Magohb"", ""Nol9"", ""Lsm4"", ""U2af1"", ""Nup43"", ""Noc4l"", ""Eif4g1"", ""Rpl13"", ""Rps5"", ""Imp4"", ""Etf1"", ""Pcbp1"", ""Psme2"", ""Rpp38"", ""Rpl5"", ""Prmt5"", ""Rpl22l1"", ""Lsm6"", ""Dis3"", ""Rps16"", ""Eif4e"", ""Rps20"", ""Rps17"", ""Clns1a"", ""Wdr3"", ""Las1l"", ""Ppie"", ""Rpl4"", ""Tcerg1"", ""Psma5"", ""Gtf2f2"", ""Psma3"", ""Prpf31"", ""Snrpb"", ""Hnrnpd"", ""Psma4"", ""Rps15"", 
""Utp15"", ""Ppih"", ""Psmb2"", ""Magoh"", ""Snrnp40"", ""Utp6"", ""Rps3a1"", ""Sf3b3"", ""Psmd6"", ""Rplp0"", ""Rpl18"", ""Smn1"", ""Pelp1"", ""Rps6"", ""Rps3"", ""Ndc1"", ""Fcf1"", ""Nup93"", ""Phf5a"", ""Htatsf1"", ""Psmb6"", ""Exosc8"", ""Ppil1"", ""Sf3b5"", ""Psmc5"", ""Polr2l"", ""Wdr12"", ""Rpl36a"", ""Dcaf13"", ""Psmd1"", ""Ddx46"", ""Eftud2"", ""Sf3b6"", ""Psmd3"", ""Sf3a1"", ""Rpl27a"", ""Thoc3"")"
"699","GOMF_UNFOLDED_PROTEIN_BINDING","1.0830389971846e-09","9.8837688353389e-08","0.788186810800237","0.869305825660532","2.15725339458655","33","c(""Npm1"", ""Hsp90ab1"", ""Hspe1"", ""Hspa9"", ""Hsp90aa1"", ""Cct3"", ""Hspa8"", ""Cct8"", ""Hspa5"", ""Ptges3"", ""Cct5"", ""Calr"", ""Nudc"", ""Tcp1"", ""Canx"", ""Tomm20"", ""St13"", ""Hsp90b1"", ""Cct2"", ""Cct7"", ""Heatr3"", ""Nudcd2"", ""Trap1"")"
"700","SANSOM_APC_TARGETS_REQUIRE_MYC","8.7256933271388e-13","1.7255810769359e-10","0.921426003494898","0.735717960302201","2.17477224530703","113","c(""Srm"", ""Nme1"", ""Nhp2"", ""Mettl1"", ""Fbl"", ""Gar1"", ""Nop56"", ""Shmt1"", ""Nolc1"", ""Grwd1"", ""Mybbp1a"", ""Ppan"", ""Trmt61a"", ""Ccdc86"", ""Shmt2"", ""Rrp9"", ""Ppp1r14b"", ""Phgdh"", ""Smyd5"", ""Ybx3"", ""Rcc2"", ""Rangrf"", ""Mdn1"", ""Sigmar1"", ""Thop1"", ""Cdk4"", ""Cad"", ""Vars"", ""Wdr4"", ""Mettl13"", ""Zmynd19"", ""Exosc1"", ""Mbd3"", ""Nol8"", ""Polr1a"", ""Siva1"", ""Snrpf"", ""Cct7"", ""Myc"", ""Kat2a"", ""Farsb"", ""Mcm3"", ""Trib1"", ""Pdxk"", ""Telo2"", ""Ttc27"", ""Cinp"")"
"701","GOBP_PROTEIN_FOLDING","8.11112103682753e-11","9.49332227473590e-09","0.839088935621274","0.785659455761631","2.18243350370344","64","c(""Hsp90ab1"", ""Hspd1"", ""Hspe1"", ""Hspa9"", ""Hsp90aa1"", ""Cct3"", ""Hspa8"", ""Cct8"", ""Ppia"", ""Fkbp4"", ""Hspa5"", ""Ptges3"", ""Cct5"", ""Calr"", ""Ppid"", ""Hsph1"", ""Hspa4"", ""Nudc"", ""Chchd4"", ""Tcp1"", ""Sdf2l1"", ""Canx"", ""St13"", ""Hsp90b1"", ""Cct2"", ""Cct7"", ""Ahsa1"", ""Pdcd5"", ""Dnajc2"", ""Nudcd2"", ""Ppif"", ""Trap1"", ""Ppie"", ""Ppih"")"
"702","GOMF_RIBONUCLEOPROTEIN_COMPLEX_BINDING","8.24997542266216e-12","1.21316946279404e-09","0.875325132024659","0.771947809484365","2.20509981318943","77","c(""Nme1"", ""Npm1"", ""Eif5a"", ""C1qbp"", ""Nolc1"", ""G3bp1"", ""Gtpbp4"", ""Ung"", ""Prmt1"", ""Rpsa"", ""Ifrd2"", ""Eif2s1"", ""Zfp593"", ""Hspa5"", ""Abce1"", ""Ybx3"", ""Bop1"", ""Tma16"", ""Snrpd1"", ""Eif1a"", ""Serbp1"", ""Prmt3"", ""Ndufab1"", ""Snrpd2"", ""Snrpd3"", ""Prmt7"", ""Spata5"", ""Snrpa"", ""Strap"", ""Larp1"", ""Eif6"", ""Eif3c"", ""Timm50"", ""Dnajc2"", ""Gadd45gip1"", ""Dhx29"", ""Prmt5"", ""Cinp"", ""Prpf31"", ""Snrpb"", ""Sec61b"", ""Ppih"")"
"703","GOMF_RNA_BINDING","2.08939815478704e-32","2.98210500740201e-29","1.48156758833633","0.673028504643659","2.21308715419546","456","c(""Npm1"", ""Eif5a"", ""C1qbp"", ""Rps2"", ""Hsp90ab1"", ""Nhp2"", ""Hspd1"", ""Mettl1"", ""Eif4a1"", ""Gnl3"", ""Rpl14"", ""Fbl"", ""Ncl"", ""Pa2g4"", ""Apex1"", ""Gar1"", ""Ran"", ""Rsl1d1"", ""Nop56"", ""Hsp90aa1"", ""Shmt1"", ""Nsun2"", ""Nolc1"", ""Dkc1"", ""Mrpl12"", ""Ybx1"", ""Nop58"", ""G3bp1"", ""Rrs1"", ""Ppan"", ""Gtpbp4"", ""Hspa8"", ""Eif3b"", ""Ddx21"", ""Wdr43"", ""Eif2s1"", ""Shmt2"", ""Cnbp"", ""Rrp9"", ""Nifk"", ""Cct5"", ""Tsr1"", ""Calr"", ""Pus7"", ""Ybx3"", ""Nop2"", ""Eprs"", ""Eif3g"", ""Nip7"", ""Rpl3"", ""Nop10"", ""Pno1"", ""Rps19"", ""Impdh2"", ""Rps18"", ""Pusl1"", ""Snrpd1"", 
""Pprc1"", ""Srsf7"", ""Eif3a"", ""Ddx18"", ""Npm3"", ""Nat10"", ""Eif1a"", ""Serbp1"", ""Wdr75"", ""Pum3"", ""Bysl"", ""Aars"", ""Park7"", ""Syncrip"", ""Pus1"", ""Brix1"", ""Exosc5"", ""Rpl8"", ""Rps27l"", ""Rrp12"", ""Naf1"", ""Snrpd2"", ""Snrpd3"", ""Srsf2"", ""Rpf2"", ""Larp4"", ""Pinx1"", ""Rpp40"", ""Rbmxl1"", ""Exosc7"", ""Heatr1"", ""Rars"", ""Snrpa"", ""Snrpa1"", ""Exosc1"", ""Lsm7"", ""Nol8"", ""Pdcd11"", ""Hsp90b1"", ""Strap"", ""Mtdh"", ""Lsm2"", ""Cluh"", ""Rpp14"", ""Lrpprc"", ""Pes1"", ""Eif2s2"", ""Larp1"", ""Thumpd1"", ""Eif5b"", ""Rpl10a"", ""Snrpf"", ""Mrpl20"", ""Denr"", ""Eif1ax"", 
""Thumpd3"", ""Magohb"", ""Pop1"", ""Nol9"", ""Eif3c"", ""Lsm4"", ""U2af1"", ""Nufip1"", ""Tbrg4"", ""Iars"", ""Eif4g1"", ""Yrdc"", ""Mettl16"", ""Rpl13"", ""Rps5"", ""Imp4"", ""Farsb"", ""Etf1"", ""Pcbp1"", ""Dhx29"", ""Srsf6"", ""Eif3i"", ""Mrpl21"", ""Nudt5"", ""Ppargc1b"", ""Rpp38"", ""Rpl5"", ""Rpl22l1"", ""Mrpl2"", ""Ddx56"", ""Lsm6"", ""Dis3"", ""Hnrnpab"", ""Yars"", ""Rps16"", ""Akap1"", ""Eif4e"", ""Kars"", ""Rps20"", ""Nom1"", ""Mrps7"", ""Wdr3"", ""Ddx10"", ""Dimt1"", ""Xpot"", ""Mrpl16"", ""Tfrc"", ""Ppie"", ""Gtf3a"", ""Rpl4"", ""Rbbp7"", ""Prpf31"", ""Snrpb"", ""Hnrnpd"", ""Rps15"", ""Dars"", 
""Atp2a2"", ""Mrps6"", ""Xrcc5"", ""Magoh"", ""Luc7l"", ""Fastkd2"", ""Utp6"", ""Rps3a1"", ""Mrps18a"", ""Sf3b3"", ""Trmt1"", ""Pabpc4"", ""Rplp0"", ""Rpl18"", ""Dtd1"", ""Smn1"", ""Rps6"", ""Rps3"", ""Mrps17"", ""Mrpl11"", ""Ppp5c"", ""Cars"", ""Nop9"", ""Phf5a"", ""Htatsf1"", ""Mrps27"", ""Hars"", ""Drg2"", ""Exosc8"", ""Sf3b5"", ""Zc3h8"", ""Mrps5"", ""Ddx46"", ""Kdm2b"", ""Eftud2"", ""Sf3b6"", ""Trnt1"", ""Sf3a1"", ""Thoc3"")"
"704","GOBP_PROTEIN_RNA_COMPLEX_ORGANIZATION","2.47333889502217e-12","4.57567695579102e-10","0.898671232061694","0.759273763977939","2.21332935539578","90","c(""Mrto4"", ""Hsp90aa1"", ""Rrs1"", ""Ppan"", ""Rpsa"", ""Ptges3"", ""Nop2"", ""Bop1"", ""Znhit6"", ""Rps19"", ""Snrpd1"", ""Eif3a"", ""Wdr77"", ""Mdn1"", ""Brix1"", ""Nle1"", ""Prpf19"", ""Rps27l"", ""Naf1"", ""Snrpd2"", ""Snrpd3"", ""Prmt7"", ""Rpf2"", ""Rps25"", ""Ruvbl1"", ""Strap"", ""Lsm2"", ""Eif2s2"", ""Eif6"", ""Snrpf"", ""Mrpl20"", ""Denr"", ""Ruvbl2"", ""Lsm4"", ""Nufip1"", ""Rps5"", ""Dhx29"", ""Srsf6"", ""Rpl5"", ""Prmt5"", ""Clns1a"", ""Mrps7"", ""Prpf31"", ""Snrpb"", ""Rps15"", ""Xrcc5"", ""Luc7l"", ""Fastkd2"", ""Rplp0"", ""Smn1"", ""Rps6"", ""Znhit3"")"
"705","BROWN_MYELOID_CELL_DEVELOPMENT_DN","5.35135841636151e-12","8.52501125495368e-10","0.887074988399873","0.772492083867947","2.22044510498375","81","c(""Nme1"", ""Npm1"", ""C1qbp"", ""Hspd1"", ""Ncl"", ""Apex1"", ""Nop56"", ""Nsun2"", ""Nolc1"", ""Nop58"", ""Erh"", ""Rcl1"", ""Ppan"", ""Gart"", ""Gtpbp4"", ""Fkbp4"", ""Wdr43"", ""Shmt2"", ""Nop16"", ""Odc1"", ""Bzw2"", ""Calr"", ""Polr1b"", ""Hsph1"", ""Srsf7"", ""Tmem97"", ""Cdk4"", ""Slc7a5"", ""Psat1"", ""Ruvbl2"", ""Nars"", ""Dis3"", ""Eif4e"", ""Aasdhppt"", ""Xpot"", ""Ivns1abp"")"
"706","ZENG_GU_ICB_CONTROL_METAGENE_21_PRECICTIVE_ICB_RESISTANCE","3.30489005070378e-13","7.58141777631448e-11","0.932595211336209","0.761314812339611","2.2324915886685","97","c(""Srm"", ""C1qbp"", ""Hspd1"", ""Pa2g4"", ""Nolc1"", ""Dkc1"", ""Rrp15"", ""Erh"", ""Rrs1"", ""Grwd1"", ""Mybbp1a"", ""Tomm40"", ""Gtpbp4"", ""Trmt61a"", ""Gcsh"", ""Ddx21"", ""Eif2s1"", ""Shmt2"", ""Nop16"", ""Cct5"", ""Tsr1"", ""Eef1d"", ""Nop2"", ""Tfap4"", ""Mphosph10"", ""Slc19a1"", ""Npm3"", ""Park7"", ""Exosc5"", ""Rrp12"", ""Naf1"", ""Ipo5"", ""Rars"", ""Cct2"", ""Polr1a"", ""Lrpprc"", ""Snrpf"", ""Pwp1"", ""Nap1l1"", ""Nol9"", ""Mettl16"", ""Eif3i"", ""Tsfm"", ""Slc25a3"", ""Rcc1"", ""Snrpb"", ""Sac3d1"")"
"707","GOBP_RIBOSOMAL_SMALL_SUBUNIT_BIOGENESIS","6.8512972750307e-12","1.06195107762976e-09","0.887074988399873","0.817469130237328","2.23279004465359","59","c(""Npm1"", ""Fbl"", ""Nop56"", ""Nop58"", ""Rrs1"", ""Rcl1"", ""Rpsa"", ""Wdr43"", ""Rrp9"", ""Utp18"", ""Tsr1"", ""Ltv1"", ""Pno1"", ""Mphosph10"", ""Rps19"", ""Nat10"", ""Wdr75"", ""Bysl"", ""Wdr46"", ""Nol11"", ""Aatf"", ""Rps27l"", ""Rps8"", ""Nop14"", ""Rpp40"", ""Heatr1"", ""Rps25"", ""Rps12"", ""Utp20"", ""Nob1"", ""Wdr36"", ""Rps19bp1"", ""Rps5"", ""Imp4"", ""Nol10"", ""Lsm6"", ""Rps16"", ""Nom1"", ""Rps17"", ""Mrps7"", ""Wdr3"", ""Dimt1"", ""Rps15"", ""Utp15"", ""Xrcc5"", ""Utp6"", ""Rps3a1"", ""Rps6"", ""Fcf1"", ""Nop9"")"
"708","ZHANG_UTERUS_C7_EPITHELIAL2_CELL","2.24076392702711e-36","6.42539056075023e-33","1.56979165706381","0.681734392453441","2.24590885078087","489","c(""Nme1"", ""Npm1"", ""Eif5a"", ""C1qbp"", ""Rps2"", ""Hsp90ab1"", ""Nhp2"", ""Hspd1"", ""Atp5g1"", ""Mrto4"", ""Hspe1"", ""Eif4a1"", ""Fbl"", ""Ncl"", ""Pa2g4"", ""Ranbp1"", ""Apex1"", ""Gar1"", ""Ran"", ""Hspa9"", ""Ppa1"", ""Set"", ""Nsun2"", ""Lyar"", ""Dctpp1"", ""Cct3"", ""Mrpl12"", ""Ybx1"", ""Nop58"", ""Erh"", ""G3bp1"", ""Pebp1"", ""Tomm40"", ""Cacybp"", ""Ebna1bp2"", ""Cycs"", ""Cct8"", ""Prmt1"", ""Lap3"", ""Ppia"", ""Tomm5"", ""Fkbp4"", ""Eef1g"", ""Gcsh"", ""Phb"", ""Eif3b"", ""Eif2s1"", ""Cnbp"", ""Ldha"", ""Rpl36al"", ""Ppp1r14b"", ""Phb2"", ""Polr2f"", ""Ptges3"", ""Cct5"", ""Bzw2"", ""Calr"", 
""Ybx3"", ""Eef1d"", ""Eprs"", ""Eif3g"", ""Anp32b"", ""Nop10"", ""Llph"", ""Pno1"", ""Prdx1"", ""Txnl4a"", ""Hspa4"", ""Impdh2"", ""Psmb5"", ""Tpi1"", ""Snrpd1"", ""Npm3"", ""Psma7"", ""Nudc"", ""Eif1a"", ""Serbp1"", ""Tkt"", ""Timm13"", ""Cox5a"", ""Park7"", ""Mrpl17"", ""Tcp1"", ""Brix1"", ""Vars"", ""Ndufab1"", ""Sdf2l1"", ""Rpl8"", ""Rps27l"", ""Rps8"", ""Uqcc2"", ""Snrpd2"", ""Snrpd3"", ""Ptma"", ""Uchl3"", ""Wdr18"", ""Canx"", ""Ipo5"", ""Uqcrq"", ""Snrpa"", ""Ndufa12"", ""Snrpa1"", ""St13"", ""Lsm7"", ""Psat1"", ""Hsp90b1"", ""Psme3"", ""Cct2"", ""Mrpl15"", ""Strap"", ""Lsm2"", ""Timm17a"", ""Naa50"", 
""Atp5b"", ""Atp5g3"", ""Gspt1"", ""Tmem238"", ""Eif2s2"", ""Eif6"", ""Usp50"", ""Cyp51"", ""Snrpf"", ""Mrpl20"", ""Cct7"", ""Denr"", ""Nap1l1"", ""Ruvbl2"", ""Aldoa"", ""Eif3c"", ""Lsm4"", ""U2af1"", ""Ahsa1"", ""Hdgf"", ""Eif4g1"", ""Yrdc"", ""Idh3a"", ""Mrpl42"", ""Pdia6"", ""Timm50"", ""Alpl"", ""Mrpl36"", ""Sfxn1"", ""Farsb"", ""Btf3"", ""Dnajc2"", ""Gadd45gip1"", ""Nudcd2"", ""Psme2"", ""Gars"", ""Stip1"", ""Eif3i"", ""Mrpl21"", ""Banf1"", ""Gpx1"", ""Rpl5"", ""Rpl22l1"", ""Ndufa5"", ""Nars"", ""Thyn1"", ""Lrrc59"", ""Tuba4a"", ""Lsm6"", ""Car12"", ""Hnrnpab"", ""Cox7b"", ""Acsl5"", ""Bcat1"", ""Atp5o"", 
""Gm8730"", ""Rps17"", ""Mrps7"", ""Dynll1"", ""Vdac2"", ""Las1l"", ""Rpn1"", ""Psma5"", ""Rbbp7"", ""Gtf2f2"", ""Psma3"", ""Chchd2"", ""Manf"", ""Mrps15"", ""Stoml2"", ""Snx5"", ""Mrps14"", ""Psma4"", ""Nme2"", ""Dtymk"", ""Mrps34"", ""Ppih"", ""Ube2e1"", ""Dpy30"", ""Mrps6"", ""Psmb2"", ""Ppm1g"", ""Magoh"", ""Mtx2"", ""Pfdn6"", ""Cyc1"", ""Gsr"", ""Cisd1"", ""Dut"", ""Mrps18a"", ""Atp5d"", ""Higd1a"", ""Ndufb6"", ""Ak2"", ""Atp5e"", ""Hddc2"", ""Rps6"", ""Rheb"", ""Polr3k"", ""Fdps"", ""Metap2"", ""Mrpl11"", ""Pgd"", ""Msmo1"", ""Fcf1"", ""Prdx3"", ""Psmb6"", ""Chchd1"", ""Txnrd1"", ""Uqcr11"", ""Hprt"", 
""Ppil1"", ""Psmc5"", ""Polr2l"", ""Psmd1"", ""Gsto1"", ""Psmd3"", ""Rpl27a"", ""Ndufa4"", ""Pdia4"", ""Rpn2"", ""Ndufs6"", ""Naa10"", ""Uchl5"", ""Psmd12"")"
"709","YAO_TEMPORAL_RESPONSE_TO_PROGESTERONE_CLUSTER_14","2.24559951028535e-13","5.36604716311937e-11","0.943632225232838","0.773177799452309","2.25997753292739","91","c(""Nme1"", ""Nhp2"", ""Fbl"", ""Ranbp1"", ""Apex1"", ""Ran"", ""Ppa1"", ""Nsun2"", ""Dctpp1"", ""Cct3"", ""Mrpl12"", ""Ebna1bp2"", ""Cct8"", ""Prmt1"", ""Mrps18b"", ""Nop16"", ""Smyd2"", ""Ppp1r14b"", ""Odc1"", ""Ybx3"", ""Galk1"", ""Psmb5"", ""Thop1"", ""Wdr74"", ""Tmem97"", ""Syncrip"", ""Cdk4"", ""Vars"", ""Uqcc2"", ""Snrpd3"", ""Ipo4"", ""Ipo5"", ""Rars"", ""Snrpa1"", ""Pes1"", ""Mrpl20"", ""Eif4g1"", ""Dnajc2"", ""Mrps10"", ""Tomm70a"", ""Banf1"", ""Nars"", ""Mme"", ""Cdk2ap1"", ""Rwdd1"", ""Rpn1"", ""Tcerg1"", ""Morf4l2"", ""Sec61b"", ""Dtymk"", ""Carm1"", ""Cisd1"", ""Psmd6"", ""Pabpc4"")"
"710","GOBP_RIBOSOMAL_LARGE_SUBUNIT_BIOGENESIS","5.73865632933801e-13","1.2189331129168e-10","0.921426003494898","0.846531082602608","2.26013244736996","53","c(""Npm1"", ""Nhp2"", ""Mrto4"", ""Rpl14"", ""Rsl1d1"", ""Rrp15"", ""Noc2l"", ""Rrs1"", ""Ppan"", ""Ebna1bp2"", ""Gtpbp4"", ""Ftsj3"", ""Sdad1"", ""Nop16"", ""Nifk"", ""Nop2"", ""Bop1"", ""Nip7"", ""Znhit6"", ""Tma16"", ""Ddx18"", ""Mdn1"", ""Wdr74"", ""Brix1"", ""Nle1"", ""Mak16"", ""Rpf2"", ""Spata5"", ""Rsl24d1"", ""Pes1"", ""Rpl10a"", ""Eif6"", ""Mrpl20"", ""Nol9"", ""Heatr3"", ""Rpl5"", ""Las1l"", ""Cinp"", ""Gtf3a"")"
"711","GOCC_RIBONUCLEOPROTEIN_COMPLEX","2.59991718169312e-32","2.98210500740201e-29","1.47456250139425","0.698671461888915","2.26964154600689","375","c(""Npm1"", ""Rps2"", ""Nhp2"", ""Mrto4"", ""Rpl14"", ""Fbl"", ""Ncl"", ""Pa2g4"", ""Gar1"", ""Rsl1d1"", ""Nop56"", ""Nolc1"", ""Dkc1"", ""Mrpl12"", ""Rrp15"", ""Ybx1"", ""Nop58"", ""Noc2l"", ""G3bp1"", ""Rrs1"", ""Rcl1"", ""Ppan"", ""Ebna1bp2"", ""Hspa8"", ""Rpsa"", ""Ftsj3"", ""Mrps18b"", ""Wdr43"", ""Eif2s1"", ""Rrp9"", ""Rpl36al"", ""Utp18"", ""Ptges3"", ""Rrp1b"", ""Tsr1"", ""Calr"", ""Ltv1"", ""Mrps28"", ""Eprs"", ""Bop1"", ""Nip7"", ""Znhit6"", ""Rpl3"", ""Nop10"", ""Pno1"", ""Mphosph10"", ""Rps19"", ""Txnl4a"", ""Rps18"", ""Snrpd1"", ""Eif3a"", ""Nat10"", ""Eif1a"", ""Rps27a"", ""Wdr75"", ""Mdn1"", 
""Bysl"", ""Wdr46"", ""Wdr74"", ""Mrpl17"", ""Syncrip"", ""Aatf"", ""Rpl8"", ""Prpf19"", ""Rps27l"", ""Rps8"", ""Mak16"", ""Naf1"", ""Snrpd2"", ""Snrpd3"", ""Nop14"", ""Srsf2"", ""Larp4"", ""Rpp40"", ""Rbmxl1"", ""Utp14a"", ""Heatr1"", ""Snrpa"", ""Snrpa1"", ""Lsm7"", ""Rps25"", ""Ruvbl1"", ""Pdcd11"", ""Rps12"", ""Mrpl15"", ""Lsm2"", ""Rpp14"", ""Lrpprc"", ""Utp20"", ""Mrpl19"", ""Nob1"", ""Pes1"", ""Larp1"", ""Rpl10a"", ""Eif6"", ""Snrpf"", ""Rpl21"", ""Mrpl20"", ""Mrpl23"", ""Wdr36"", ""Eif1ax"", ""Ruvbl2"", ""Magohb"", ""Pop1"", ""Lsm4"", ""U2af1"", ""Nufip1"", ""Rps19bp1"", ""Noc4l"", ""Eif4g1"", 
""Mrpl42"", ""Mrpl54"", ""Rpl13"", ""Rps5"", ""Imp4"", ""Mrpl36"", ""Nol10"", ""Btf3"", ""Mrps10"", ""Gadd45gip1"", ""Pcbp1"", ""Dhx29"", ""Mrps24"", ""Srsf6"", ""Mrpl21"", ""Rpp38"", ""Rpl5"", ""Rpl22l1"", ""Mrpl2"", ""Lsm6"", ""Hnrnpab"", ""Rps16"", ""Eif4e"", ""Rps20"", ""Rps17"", ""Clns1a"", ""Mrps7"", ""Wdr3"", ""Las1l"", ""Dimt1"", ""Rwdd1"", ""Mrpl16"", ""Ppie"", ""Rpl4"", ""Prpf31"", ""Snrpb"", ""Mrps15"", ""Mrps14"", ""Hnrnpd"", ""Rps15"", ""Utp15"", ""Mrps34"", ""Ppih"", ""Mrps6"", ""Mrps12"", ""Xrcc5"", ""Magoh"", ""Luc7l"", ""Snrnp40"", ""Utp6"", ""Rps3a1"", ""Mrps18a"", ""Sf3b3"", ""Mrpl55"", 
""Pabpc4"", ""Rplp0"", ""Rpl18"", ""Mrpl50"", ""Mrpl38"", ""Rps6"", ""Rheb"", ""Rps3"", ""Mrps17"", ""Mrpl11"", ""Znhit3"", ""Fcf1"", ""Nop9"", ""Phf5a"", ""Htatsf1"", ""Chchd1"", ""Mrps27"", ""Ppil1"", ""Sf3b5"", ""Wdr12"", ""Rpl36a"", ""Dcaf13"", ""Mrps5"", ""Eftud2"", ""Sf3b6"", ""Sf3a1"", ""Rpl27a"")"
"712","YAO_TEMPORAL_RESPONSE_TO_PROGESTERONE_CLUSTER_11","6.18266523525375e-14","1.54163413583392e-11","0.954541630725724","0.826088866518474","2.30678823213471","66","c(""Srm"", ""Mrto4"", ""Mettl1"", ""Gnl3"", ""Pa2g4"", ""Nop56"", ""Nop58"", ""Rrs1"", ""Ndufaf4"", ""Ppan"", ""Cycs"", ""Ftsj3"", ""Ddx21"", ""Hspa5"", ""Abce1"", ""Nifk"", ""Tsr1"", ""Ltv1"", ""Eprs"", ""Bop1"", ""Pno1"", ""Rangrf"", ""Pum3"", ""Bysl"", ""Aars"", ""Pus1"", ""Cad"", ""Mak16"", ""Srsf2"", ""Hsp90b1"", ""Psme3"", ""Strap"", ""Gspt1"", ""Adh5"", ""Pdia6"", ""Farsb"", ""Stip1"", ""Lrrc59"", ""Ak6"", ""Tfrc"", ""Manf"")"
"713","GOBP_RNA_PROCESSING","3.80640085337292e-32","3.63828481568228e-29","1.47456250139425","0.718453122623713","2.3189673087198","330","c(""Npm1"", ""C1qbp"", ""Nhp2"", ""Mrto4"", ""Mettl1"", ""Rpl14"", ""Fbl"", ""Ncl"", ""Pa2g4"", ""Gar1"", ""Rsl1d1"", ""Nsun2"", ""Dkc1"", ""Lyar"", ""Rrp15"", ""Ybx1"", ""Rrs1"", ""Rcl1"", ""Ppan"", ""Ebna1bp2"", ""Gtpbp4"", ""Hspa8"", ""Prmt1"", ""Ftsj3"", ""Trmt61a"", ""Ddx21"", ""Wdr43"", ""Rrp9"", ""Utp18"", ""Rrp1b"", ""Nifk"", ""Tsr1"", ""Pus7"", ""Nop2"", ""Bop1"", ""Znhit6"", ""Nop10"", ""Mphosph10"", ""Rps19"", ""Txnl4a"", ""Ddx27"", ""Pusl1"", ""Snrpd1"", ""Srsf7"", ""Ddx18"", ""Npm3"", ""Nat10"", ""Wdr77"", ""Wdr75"", ""Bysl"", ""Aars"", ""Wdr46"", ""Wdr74"", ""Syncrip"", ""Pus1"", ""Brix1"", ""Nol11"", 
""Exosc5"", ""Prpf19"", ""Rrp12"", ""Rps8"", ""Mak16"", ""Naf1"", ""Snrpd2"", ""Snrpd3"", ""Nop14"", ""Prmt7"", ""Srsf2"", ""Rpf2"", ""Wdr18"", ""Rpp40"", ""Rbmxl1"", ""Wdr4"", ""Exosc7"", ""Utp14a"", ""Heatr1"", ""Snrpa"", ""Snrpa1"", ""Exosc1"", ""Lsm7"", ""Rps25"", ""Nol8"", ""Pdcd11"", ""Strap"", ""Lsm2"", ""Kti12"", ""Rpp14"", ""Utp20"", ""Trmt6"", ""Nob1"", ""Pes1"", ""Thumpd1"", ""Rpl10a"", ""Eif6"", ""Snrpf"", ""Pwp1"", ""Wdr36"", ""Kat2a"", ""Thumpd3"", ""Magohb"", ""Pop1"", ""Nol9"", ""Lsm4"", ""U2af1"", ""Tbrg4"", ""Yrdc"", ""Mettl16"", ""Imp4"", ""Nol10"", ""Pcbp1"", ""Srsf6"", ""Tsen2"", ""Rpp38"", 
""Rpl5"", ""Prmt5"", ""Ddx56"", ""Lsm6"", ""Dis3"", ""Rps16"", ""Rps17"", ""Clns1a"", ""Wdr3"", ""Las1l"", ""Ddx10"", ""Dimt1"", ""Thg1l"", ""Ivns1abp"", ""Ppie"", ""Tcerg1"", ""Prpf31"", ""Snrpb"", ""Rps15"", ""Utp15"", ""Magoh"", ""Sgf29"", ""Luc7l"", ""Fastkd2"", ""Snrnp40"", ""Dus4l"", ""Utp6"", ""Sf3b3"", ""Trmt1"", ""Smn1"", ""Pelp1"", ""Rps6"", ""Znhit3"", ""Fcf1"", ""Nop9"", ""Phf5a"", ""Htatsf1"", ""Exosc8"", ""Ppil1"", ""Sf3b5"", ""Osgep"", ""Wdr12"", ""Dcaf13"", ""Ddx46"", ""Eftud2"", ""Sf3b6"", ""Trnt1"", ""Sf3a1"", ""Thoc3"")"
"714","GOCC_PRERIBOSOME","2.40745597075958e-15","6.90337999615309e-13","1.00731795687447","0.830272923351696","2.34629233566905","71","c(""Mrto4"", ""Fbl"", ""Rsl1d1"", ""Nop56"", ""Rrp15"", ""Nop58"", ""Noc2l"", ""Rrs1"", ""Rcl1"", ""Ppan"", ""Ebna1bp2"", ""Ftsj3"", ""Wdr43"", ""Rrp9"", ""Utp18"", ""Rrp1b"", ""Tsr1"", ""Ltv1"", ""Bop1"", ""Nip7"", ""Pno1"", ""Mphosph10"", ""Rps19"", ""Nat10"", ""Rps27a"", ""Wdr75"", ""Mdn1"", ""Bysl"", ""Wdr46"", ""Wdr74"", ""Aatf"", ""Rps8"", ""Mak16"", ""Nop14"", ""Utp14a"", ""Heatr1"", ""Pdcd11"", ""Rps12"", ""Utp20"", ""Nob1"", ""Pes1"", ""Eif6"", ""Wdr36"", ""Rps19bp1"", ""Noc4l"", ""Rps5"", ""Imp4"", ""Nol10"", ""Rps16"", ""Rps17"", ""Wdr3"", ""Las1l"", ""Dimt1"", ""Utp15"", ""Xrcc5"", ""Utp6"", ""Rps3a1""
)"
"715","HALLMARK_MYC_TARGETS_V1","3.67481538537367e-23","2.1075066235118e-20","1.24623277191648","0.759760100711462","2.34853734607937","178","c(""Srm"", ""Nme1"", ""Npm1"", ""C1qbp"", ""Rps2"", ""Hsp90ab1"", ""Nhp2"", ""Hspd1"", ""Hspe1"", ""Eif4a1"", ""Gnl3"", ""Rpl14"", ""Fbl"", ""Pa2g4"", ""Ranbp1"", ""Apex1"", ""Ran"", ""Rsl1d1"", ""Nop56"", ""Nolc1"", ""Cct3"", ""Erh"", ""G3bp1"", ""Ppia"", ""Mrps18b"", ""Phb"", ""Eif3b"", ""Ddx21"", ""Eif2s1"", ""Nop16"", ""Aimp2"", ""Cnbp"", ""Rrp9"", ""Ldha"", ""Phb2"", ""Odc1"", ""Abce1"", ""Cct5"", ""Eprs"", ""Eef1b2"", ""Txnl4a"", ""Impdh2"", ""Snrpd1"", ""Srsf7"", ""Ctps"", ""Ddx18"", ""Psma7"", ""Serbp1"", ""Cox5a"", ""Syncrip"", ""Tcp1"", ""Cdk4"", ""Cad"", ""Ndufab1"", ""Snrpd2"", ""Snrpd3"", ""Srsf2"", 
""Psmd7"", ""Canx"", ""Exosc7"", ""Snrpa"", ""Snrpa1"", ""Cct2"", ""Lsm2"", ""Gspt1"", ""Eif2s2"", ""Cct7"", ""Mrpl23"", ""Myc"", ""Pwp1"", ""Nap1l1"", ""Ruvbl2"", ""Eif3j1"", ""Hdgf"", ""Iars"", ""Rps5"", ""Etf1"", ""Pcbp1"", ""Tomm70a"", ""Eif4e"", ""Kars"", ""Clns1a"", ""Mcm2"", ""Slc25a3"", ""Xpot"", ""Prpf31"", ""Hnrnpd"", ""Psma4"", ""Ube2e1"", ""Mcm6"", ""Pold2"", ""Psmb2"", ""Ppm1g"", ""Cyc1"", ""Dut"", ""Sf3b3"", ""Ifrd1"", ""Pabpc4"", ""Rplp0"", ""Rpl18"", ""Hddc2"", ""Rps6"", ""Rps3"", ""Pole3"")"
"716","GOBP_NCRNA_METABOLIC_PROCESS","2.72307701818145e-28","2.2309780998958e-25","1.38026491759359","0.740214538003528","2.35319893611904","248","c(""Npm1"", ""Nhp2"", ""Mrto4"", ""Mettl1"", ""Gnl3"", ""Rpl14"", ""Fbl"", ""Ncl"", ""Pa2g4"", ""Gar1"", ""Rsl1d1"", ""Nsun2"", ""Nolc1"", ""Dkc1"", ""Lyar"", ""Rrp15"", ""Rrs1"", ""Rcl1"", ""Ppan"", ""Ebna1bp2"", ""Gtpbp4"", ""Ftsj3"", ""Trmt61a"", ""Ddx21"", ""Wdr43"", ""Rrp9"", ""Utp18"", ""Polr2f"", ""Rrp1b"", ""Nifk"", ""Tsr1"", ""Pus7"", ""Nop2"", ""Eprs"", ""Bop1"", ""Znhit6"", ""Nop10"", ""Mphosph10"", ""Rps19"", ""Polr1b"", ""Ddx27"", ""Pusl1"", ""Ddx18"", ""Npm3"", ""Nat10"", ""Wdr75"", ""Bysl"", ""Aars"", ""Wdr46"", ""Wdr74"", ""Pus1"", ""Brix1"", ""Vars"", ""Nol11"", ""Exosc5"", ""Rrp12"", ""Rps8"", 
""Mak16"", ""Naf1"", ""Polr3d"", ""Nop14"", ""Rpf2"", ""Wdr18"", ""Rpp40"", ""Wdr4"", ""Exosc7"", ""Utp14a"", ""Heatr1"", ""Rars"", ""Exosc1"", ""Rps25"", ""Nol8"", ""Pdcd11"", ""Polr1a"", ""Kti12"", ""Rpp14"", ""Utp20"", ""Trmt6"", ""Nob1"", ""Pes1"", ""Thumpd1"", ""Rpl10a"", ""Eif6"", ""Myc"", ""Polr3e"", ""Pwp1"", ""Wdr36"", ""Thumpd3"", ""Pop1"", ""Nol9"", ""Iars"", ""Yrdc"", ""Mettl16"", ""Imp4"", ""Farsb"", ""Nol10"", ""Gars"", ""Tsen2"", ""Rpp38"", ""Rpl5"", ""Ddx56"", ""Nars"", ""Lsm6"", ""Dis3"", ""Yars"", ""Rps16"", ""Kars"", ""Rps17"", ""Wdr3"", ""Las1l"", ""Ddx10"", ""Dimt1"", ""Thg1l"", ""Rps15"", 
""Utp15"", ""Dars"", ""Dus4l"", ""Utp6"", ""Trmt1"", ""Dtd1"", ""Pelp1"", ""Rps6"", ""Tars"", ""Hras"", ""Cars"", ""Znhit3"", ""Fcf1"", ""Nop9"", ""Nfkb1"", ""Hars"", ""Exosc8"", ""Osgep"", ""Polr2l"", ""Zc3h8"", ""Wdr12"", ""Tcof1"", ""Dcaf13"")"
"717","KARLSSON_TGFB1_TARGETS_UP","1.47832754145102e-17","4.49491263343558e-15","1.07686819261983","0.815688753012674","2.37778249106153","90","c(""Srm"", ""Eif5a"", ""Hspd1"", ""Mrto4"", ""Hspe1"", ""Gnl3"", ""Ncl"", ""Hspa9"", ""Rsl1d1"", ""Ppa1"", ""Set"", ""Nsun2"", ""Nolc1"", ""Lyar"", ""Cct3"", ""Mybbp1a"", ""Cacybp"", ""Cycs"", ""Gtpbp4"", ""Cct8"", ""Gcsh"", ""Eif3b"", ""Ddx21"", ""Eif2s1"", ""Shmt2"", ""Eef1e1"", ""Utp18"", ""Phgdh"", ""Abce1"", ""Ybx3"", ""Nip7"", ""Hsph1"", ""Pprc1"", ""Eif3a"", ""Wdr77"", ""Wdr75"", ""Pum3"", ""Syncrip"", ""Tcp1"", ""Mak16"", ""Rpf2"", ""Uchl3"", ""Tomm20"", ""Ipo5"", ""Cct2"", ""Eif2b3"", ""Naa25"", ""Eif2s2"", ""Myc"", ""Eif4g1"", ""Idh3a"", ""Gars"", ""Usp10"", ""Bag2"", ""Tomm70a"", ""Bcat1"", ""Rcc1"", 
""Rwdd1"", ""Gtf2f2"", ""Baz1a"")"
"718","HALLMARK_MYC_TARGETS_V2","1.48916024473018e-17","4.49491263343558e-15","1.07686819261983","0.890900544460264","2.37896340054755","52","c(""Srm"", ""Npm1"", ""Hspd1"", ""Mrto4"", ""Hspe1"", ""Gnl3"", ""Pa2g4"", ""Nop56"", ""Nolc1"", ""Dctpp1"", ""Rcl1"", ""Ndufaf4"", ""Grwd1"", ""Mybbp1a"", ""Ppan"", ""Ung"", ""Phb"", ""Wdr43"", ""Nop16"", ""Aimp2"", ""Rrp9"", ""Nop2"", ""Nip7"", ""Mphosph10"", ""Slc19a1"", ""Pprc1"", ""Ddx18"", ""Prmt3"", ""Bysl"", ""Wdr74"", ""Tmem97"", ""Cdk4"", ""Pus1"", ""Exosc5"", ""Rrp12"", ""Ipo4"", ""Utp20"", ""Pes1"", ""Hk2"", ""Myc"", ""Tbrg4"", ""Noc4l"", ""Imp4"")"
"719","GOBP_RRNA_METABOLIC_PROCESS","4.37487074801175e-24","2.78776485998304e-21","1.27091304449619","0.817181041084089","2.44308770993727","126","c(""Npm1"", ""Nhp2"", ""Mrto4"", ""Rpl14"", ""Fbl"", ""Ncl"", ""Pa2g4"", ""Gar1"", ""Rsl1d1"", ""Dkc1"", ""Lyar"", ""Rrp15"", ""Rrs1"", ""Rcl1"", ""Ppan"", ""Ebna1bp2"", ""Gtpbp4"", ""Ftsj3"", ""Ddx21"", ""Wdr43"", ""Rrp9"", ""Utp18"", ""Rrp1b"", ""Nifk"", ""Tsr1"", ""Nop2"", ""Bop1"", ""Znhit6"", ""Nop10"", ""Mphosph10"", ""Rps19"", ""Polr1b"", ""Ddx27"", ""Ddx18"", ""Npm3"", ""Nat10"", ""Wdr75"", ""Bysl"", ""Wdr46"", ""Wdr74"", ""Brix1"", ""Nol11"", ""Exosc5"", ""Rrp12"", ""Rps8"", ""Mak16"", ""Naf1"", ""Nop14"", ""Rpf2"", ""Wdr18"", ""Rpp40"", ""Exosc7"", ""Utp14a"", ""Heatr1"", ""Exosc1"", ""Rps25"", ""Nol8"", 
""Pdcd11"", ""Polr1a"", ""Utp20"", ""Nob1"", ""Pes1"", ""Rpl10a"", ""Eif6"", ""Pwp1"", ""Wdr36"", ""Nol9"", ""Mettl16"", ""Imp4"", ""Nol10"", ""Rpp38"", ""Rpl5"", ""Ddx56"", ""Lsm6"", ""Dis3"", ""Rps16"", ""Rps17"", ""Wdr3"", ""Las1l"", ""Ddx10"", ""Dimt1"")"
"720","GOBP_NCRNA_PROCESSING","5.35413369015894e-28","3.83824458913269e-25","1.37274298193398","0.793011895520357","2.44759135699473","175","c(""Npm1"", ""Nhp2"", ""Mrto4"", ""Mettl1"", ""Rpl14"", ""Fbl"", ""Ncl"", ""Pa2g4"", ""Gar1"", ""Rsl1d1"", ""Nsun2"", ""Dkc1"", ""Lyar"", ""Rrp15"", ""Rrs1"", ""Rcl1"", ""Ppan"", ""Ebna1bp2"", ""Gtpbp4"", ""Ftsj3"", ""Trmt61a"", ""Ddx21"", ""Wdr43"", ""Rrp9"", ""Utp18"", ""Rrp1b"", ""Nifk"", ""Tsr1"", ""Pus7"", ""Nop2"", ""Bop1"", ""Znhit6"", ""Nop10"", ""Mphosph10"", ""Rps19"", ""Ddx27"", ""Pusl1"", ""Ddx18"", ""Npm3"", ""Nat10"", ""Wdr75"", ""Bysl"", ""Aars"", ""Wdr46"", ""Wdr74"", ""Pus1"", ""Brix1"", ""Nol11"", ""Exosc5"", ""Rrp12"", ""Rps8"", ""Mak16"", ""Naf1"", ""Nop14"", ""Rpf2"", ""Wdr18"", ""Rpp40"", 
""Wdr4"", ""Exosc7"", ""Utp14a"", ""Heatr1"", ""Exosc1"", ""Rps25"", ""Nol8"", ""Pdcd11"", ""Kti12"", ""Rpp14"", ""Utp20"", ""Trmt6"", ""Nob1"", ""Pes1"", ""Thumpd1"", ""Rpl10a"", ""Eif6"", ""Pwp1"", ""Wdr36"", ""Thumpd3"", ""Pop1"", ""Nol9"", ""Yrdc"", ""Mettl16"", ""Imp4"", ""Nol10"", ""Tsen2"", ""Rpp38"", ""Rpl5"", ""Ddx56"", ""Lsm6"", ""Dis3"", ""Rps16"", ""Rps17"", ""Wdr3"", ""Las1l"", ""Ddx10"", ""Dimt1"", ""Thg1l"")"
"721","GOBP_RIBOSOME_BIOGENESIS","1.29150945206221e-35","2.46893556919227e-32","1.54987806027287","0.824156381123921","2.54442561707716","176","c(""Npm1"", ""C1qbp"", ""Nhp2"", ""Mrto4"", ""Rpl14"", ""Fbl"", ""Ncl"", ""Pa2g4"", ""Gar1"", ""Ran"", ""Rsl1d1"", ""Nop56"", ""Dkc1"", ""Lyar"", ""Rrp15"", ""Nop58"", ""Noc2l"", ""Rrs1"", ""Rcl1"", ""Grwd1"", ""Mybbp1a"", ""Ppan"", ""Ebna1bp2"", ""Gtpbp4"", ""Rpsa"", ""Ftsj3"", ""Sdad1"", ""Ddx21"", ""Wdr43"", ""Nop16"", ""Zfp593"", ""Rrp9"", ""Utp18"", ""Abce1"", ""Rrp1b"", ""Nifk"", ""Tsr1"", ""Ltv1"", ""Nop2"", ""Bop1"", ""Nip7"", ""Znhit6"", ""Tma16"", ""Nop10"", ""Pno1"", ""Mphosph10"", ""Rps19"", ""Ddx27"", ""Ddx18"", ""Npm3"", ""Nat10"", ""Serbp1"", ""Wdr75"", ""Mdn1"", ""Bysl"", ""Wdr46"", ""Wdr74"", 
""Brix1"", ""Nle1"", ""Nol11"", ""Aatf"", ""Exosc5"", ""Rps27l"", ""Rrp12"", ""Rps8"", ""Mak16"", ""Naf1"", ""Nop14"", ""Rpf2"", ""Wdr18"", ""Spata5"", ""Rpp40"", ""Ipo4"", ""Exosc7"", ""Utp14a"", ""Heatr1"", ""Exosc1"", ""Rsl24d1"", ""Rps25"", ""Nol8"", ""Pdcd11"", ""Rps12"", ""Noa1"", ""Utp20"", ""Nob1"", ""Pes1"", ""Eif5b"", ""Rpl10a"", ""Eif6"", ""Mrpl20"", ""Pwp1"", ""Wdr36"", ""Nol9"", ""Rps19bp1"", ""Noc4l"", ""Heatr3"", ""Mettl16"", ""Rps5"", ""Imp4"", ""Gnl2"", ""Nol10"", ""Dhx29"", ""Rpp38"", ""Rpl5"", ""Ddx56"", ""Lsm6"", ""Dis3"", ""Rps16"", ""Nom1"", ""Rps17"", ""Mrps7"", ""Wdr3"", ""Las1l"", 
""Ddx10"", ""Cinp"", ""Dimt1"", ""Gtf3a"", ""Rps15"", ""Utp15"")"
"722","GOBP_RIBONUCLEOPROTEIN_COMPLEX_BIOGENESIS","5.26756541112143e-44","3.02094876327814e-40","1.72683078321339","0.814621758685517","2.56833543974621","231","c(""Npm1"", ""C1qbp"", ""Nhp2"", ""Mrto4"", ""Rpl14"", ""Fbl"", ""Ncl"", ""Pa2g4"", ""Gar1"", ""Ran"", ""Rsl1d1"", ""Nop56"", ""Hsp90aa1"", ""Dkc1"", ""Lyar"", ""Rrp15"", ""Nop58"", ""Noc2l"", ""Rrs1"", ""Rcl1"", ""Grwd1"", ""Mybbp1a"", ""Ppan"", ""Ebna1bp2"", ""Gtpbp4"", ""Rpsa"", ""Ftsj3"", ""Sdad1"", ""Ddx21"", ""Wdr43"", ""Nop16"", ""Zfp593"", ""Rrp9"", ""Utp18"", ""Ptges3"", ""Abce1"", ""Rrp1b"", ""Nifk"", ""Tsr1"", ""Ltv1"", ""Nop2"", ""Bop1"", ""Nip7"", ""Znhit6"", ""Tma16"", ""Nop10"", ""Pno1"", ""Mphosph10"", ""Rps19"", ""Ddx27"", ""Snrpd1"", ""Eif3a"", ""Ddx18"", ""Npm3"", ""Nat10"", ""Serbp1"", 
""Wdr77"", ""Wdr75"", ""Mdn1"", ""Bysl"", ""Wdr46"", ""Wdr74"", ""Brix1"", ""Nle1"", ""Nol11"", ""Aatf"", ""Exosc5"", ""Prpf19"", ""Rps27l"", ""Rrp12"", ""Rps8"", ""Mak16"", ""Naf1"", ""Snrpd2"", ""Snrpd3"", ""Nop14"", ""Prmt7"", ""Rpf2"", ""Wdr18"", ""Spata5"", ""Rpp40"", ""Ipo4"", ""Exosc7"", ""Utp14a"", ""Heatr1"", ""Exosc1"", ""Rsl24d1"", ""Rps25"", ""Ruvbl1"", ""Nol8"", ""Pdcd11"", ""Rps12"", ""Strap"", ""Lsm2"", ""Noa1"", ""Utp20"", ""Nob1"", ""Pes1"", ""Eif2s2"", ""Eif5b"", ""Rpl10a"", ""Eif6"", ""Snrpf"", ""Mrpl20"", ""Denr"", ""Pwp1"", ""Wdr36"", ""Ruvbl2"", ""Nol9"", ""Lsm4"", ""Nufip1"", ""Rps19bp1"", 
""Noc4l"", ""Heatr3"", ""Mettl16"", ""Rps5"", ""Imp4"", ""Gnl2"", ""Nol10"", ""Dhx29"", ""Srsf6"", ""Rpp38"", ""Rpl5"", ""Prmt5"", ""Ddx56"", ""Lsm6"", ""Dis3"", ""Rps16"", ""Nom1"", ""Rps17"", ""Clns1a"", ""Mrps7"", ""Wdr3"", ""Las1l"", ""Ddx10"", ""Cinp"", ""Dimt1"", ""Gtf3a"", ""Prpf31"", ""Snrpb"", ""Rps15"", ""Utp15"")"
