"","pathway","pval","padj","log2err","ES","NES","size","leadingEdge"
"1","HALLMARK_E2F_TARGETS","1.05389861061204e-27","5.49464411987277e-25","1.36517960216169","-0.708446897343914","-2.7433393325545","175","c(""Stmn1"", ""Tubb5"", ""Dek"", ""Anp32e"", ""Mcm7"", ""Ranbp1"", ""Top2a"", ""Pcna"", ""Ube2s"", ""Hmgb2"", ""Xrcc6"", ""Srsf2"", ""Ran"", ""Dut"", ""Pa2g4"", ""Lmnb1"", ""Ezh2"", ""Lig1"", ""Cks2"", ""Rrm2"", ""Nop56"", ""Nasp"", ""Hnrnpd"", ""Smc4"", ""Tmpo"", ""Slbp"", ""Spc25"", ""Pole4"", ""Snrpb"", ""Rbbp7"", ""Nme1"", ""Dnmt1"", ""Cdk1"", ""Birc5"", ""Ncapd2"", ""Rad21"", ""Tacc3"", ""Smc3"", ""Lbr"", ""Lsm8"", ""Cbx5"", ""Mki67"", ""Mcm6"", ""Asf1a"", ""Syncrip"", ""Nap1l1"", ""Srsf1"", ""Spc24"", ""Suv39h1"", ""Rfc1"", ""Rpa3"", ""Cks1b"", ""Asf1b"", ""Lyar"", ""Cdca3"", ""Aurkb"", ""Eif2s1"", ""Aurka"", 
""Usp1"", ""Mcm5"", ""Psmc3ip"", ""Hmmr"", ""Atad2"", ""Mad2l1"", ""Mxd3"", ""Ctcf"", ""Gspt1"", ""Racgap1"", ""Cdk4"", ""Mcm2"", ""Orc6"", ""Plk1"", ""Phf5a"", ""Ctps"", ""Kif22"", ""Prim2"", ""Hmgb3"", ""Depdc1a"", ""Cdc20"", ""Tcf19"", ""Ccnb2"", ""Tubg1"", ""Cdca8"", ""Cse1l"", ""Plk4"", ""Mcm4"", ""Ube2t"", ""Nudt21"", ""Tipin"", ""Psip1"", ""Rfc3"", ""Bub1b"", ""Hells"", ""Nup107"", ""Pds5b"", ""Paics"", ""Mcm3"", ""Dctpp1"", ""Trip13"", ""Gins1"", ""Rad51ap1"", ""Tbrg4"", ""Rpa1"", ""Pold2"", ""Ppp1r8"", ""Cdkn2c"", ""Kif4"", ""Eed"", ""E2f8"", ""Rpa2"", ""Tk1"", ""Pold3"", ""Ssrp1"", ""Nolc1"", ""Kif2c"", 
""Mybl2"", ""Exosc8"", ""Timeless"", ""Prdx4"", ""Bard1"", ""Nup205"", ""Kif18b"", ""Ubr7"", ""Cenpe"", ""Pola2"", ""Cdc25a"", ""Mms22l"", ""Rfc2"", ""Cdkn3"", ""Rnaseh2a"")"
"2","MORI_LARGE_PRE_BII_LYMPHOCYTE_UP","2.34460404100647e-19","4.98011265747114e-17","1.13308993200902","-0.785635747636361","-2.73909592785242","77","c(""Hmgb1"", ""Stmn1"", ""Tubb5"", ""Calm2"", ""Cdca7"", ""Anp32e"", ""Rbbp4"", ""Tubb4b"", ""Alyref"", ""Cbx1"", ""Mcm7"", ""Hmgn2"", ""Top2a"", ""Ube2s"", ""Hnrnpab"", ""Xrcc6"", ""Tuba1a"", ""Ran"", ""Txn1"", ""Lmnb1"", ""Smc2"", ""Lig1"", ""Rrm2"", ""Anapc5"", ""Smc4"", ""Nucks1"", ""Tmpo"", ""Slbp"", ""Bub3"", ""Ccna2"", ""Cdk1"", ""Kpna2"", ""Rad21"", ""Mki67"", ""Ncaph"", ""Mcm6"", ""Kif23"", ""Prc1"", ""Smarcc1"", ""Rrm1"", ""Cks1b"", ""Ccnb1"", ""Asf1b"", ""Cdca3"", ""Cenpl"", ""Aurka"", ""Rangap1"", ""Haus3"", ""Racgap1"", ""Mcm2"", ""Ndc80"", ""Kif22"", ""Hmgb3"", ""Cdc20"", ""Ccnb2"", ""Slc29a1""
)"
"3","HOUNKPE_HOUSEKEEPING_GENES","1.50729651290736e-40","2.88144850050791e-37","1.6595653414844","-0.642392687997301","-2.70546785058857","377","c(""Srsf3"", ""St13"", ""Hnrnpm"", ""H3f3b"", ""Ncl"", ""Cbx1"", ""Arpp19"", ""Eif4a1"", ""Serbp1"", ""Ranbp1"", ""Hnrnpab"", ""Rbm8a"", ""Slc25a5"", ""Eif5a"", ""Eif2s2"", ""Anp32b"", ""Hnrnpa2b1"", ""Ddx18"", ""Srsf2"", ""Snrpd3"", ""U2af1"", ""Banf1"", ""Eif4a3"", ""Eif5b"", ""Ywhae"", ""Pdap1"", ""Psma6"", ""Hsp90ab1"", ""Pa2g4"", ""Maz"", ""Psmc3"", ""Hnrnpa1"", ""Stip1"", ""Hnrnpdl"", ""U2af2"", ""Pcbp1"", ""Polr2k"", ""Eif1ax"", ""Hnrnpu"", ""Hnrnpd"", ""Srsf10"", ""Nudc"", ""Higd1a"", ""Nucks1"", ""Trim28"", ""Atp5j"", ""Uba2"", ""Snrpb"", ""Bub3"", ""Nifk"", ""Clns1a"", ""Fbl"", ""Magoh"", ""Raly"", 
""Rad21"", ""Nars"", ""Rnps1"", ""Rpn2"", ""Cops5"", ""Ilf2"", ""Tcp1"", ""Polr2j"", ""Nfyb"", ""Ddx1"", ""Ssbp1"", ""Eif3g"", ""Srsf6"", ""Syncrip"", ""Fcf1"", ""Nap1l1"", ""Srsf1"", ""Smarca5"", ""Ywhaq"", ""Vdac1"", ""Ahsa1"", ""Pin1"", ""Smarcc1"", ""Ruvbl1"", ""Pole3"", ""Cnbp"", ""E2f4"", ""Hspe1"", ""Nsmce4a"", ""G3bp1"", ""Rsl24d1"", ""Thoc7"", ""Srm"", ""Erh"", ""Eif2s1"", ""Cdc34"", ""Nol7"", ""Psmd3"", ""Mrps28"", ""Hat1"", ""Sf3b4"", ""Rangap1"", ""Mrps5"", ""Rps19bp1"", ""Ddx19a"", ""Sf3a3"", ""Psma7"", ""Srrm1"", ""Gspt1"", ""Ssna1"", ""Psmb6"", ""Mrpl49"", ""Mrto4"", ""Ppid"", ""Cdk4"", ""Ebna1bp2"", 
""Eif4h"", ""Phf5a"", ""Morf4l2"", ""Get4"", ""Mrpl18"", ""Tubg1"", ""Nudt21"", ""Rabggtb"", ""Slirp"", ""Mrpl57"", ""Smu1"", ""Denr"", ""Dnajc9"", ""Utp18"", ""Srsf9"", ""Prpf19"", ""Nsmce1"", ""Mrps14"", ""Abcf2"", ""Aars"", ""Nt5c2"", ""Rad23a"", ""Strap"", ""Psmg2"", ""Mrpl51"", ""Akirin2"", ""Rbm17"", ""Chchd1"", ""Sf3a2"", ""Ppp5c"", ""Psmd14"", ""Rrp9"", ""Ppt1"", ""Dctpp1"", ""Sf3b5"", ""Brd3"", ""Sfpq"", ""Sap18"", ""Cdc16"", ""Eif3b"", ""Polr2c"", ""Cyb5b"", ""Gtf2f1"", ""Mrps25"", ""Snrpa"", ""Cfdp1"", ""Psmc5"", ""Psmc1"", ""Khsrp"", ""Hcfc1"", ""Psmd12"", ""Dpy30"", ""Psmb7"", ""Sod1"", ""Rpa1"", 
""Pold2"", ""Ppp1r8"", ""Akt1"", ""Kpna3"", ""Psmd6"", ""Ftsj3"", ""Rbmx2"", ""Anks1"", ""Snrnp35"", ""Stub1"", ""Abce1"", ""Rpa2"", ""Parp1"", ""Psma2"", ""Mlf2"", ""Pwp1"", ""Ssrp1"", ""Timm17a"", ""Comt"", ""Sf3b6"", ""Ndufaf2"", ""Ddx27"", ""Mphosph10"", ""Emc8"", ""Gpn3"", ""Gtf2f2"", ""Ltv1"", ""Ipo5"", ""Zfp593"", ""Txnl1"", ""Srebf2"", ""Pbdc1"", ""Prep"", ""Dnajc11"", ""Psmb2"", ""Srsf4"", ""Lrpprc"", ""Med19"", ""Fzr1"", ""Aldh9a1"", ""Zmynd19"", ""Clpp"", ""Usp39"", ""Trmt112"", ""Mapk1"", ""Lsm4"", ""Psmd1"", ""Wdr46"", ""Pcmt1"", ""Mrps17"", ""Sephs1"", ""Prpf38a"", ""Nop9"", ""Elof1"", ""Drg1"", 
""Eif3a"", ""Sec13"", ""Sec61b"", ""Baz1b"", ""Hspa4"", ""Eif2b1"", ""Lonp1"", ""Rbm14"", ""Sart3"", ""Cct2"", ""Ipo9"", ""Ilf3"")"
"4","MORI_IMMATURE_B_LYMPHOCYTE_DN","4.103596423749e-18","7.13155317884864e-16","1.0959292864312","-0.768716980522054","-2.69907860898535","80","c(""Hmgb1"", ""Stmn1"", ""Tubb5"", ""Tuba1b"", ""Rag1"", ""Cdca7"", ""Anp32e"", ""Rbbp4"", ""Tubb4b"", ""Hnrnpa3"", ""Cbx1"", ""Mcm7"", ""Hmgn2"", ""Top2a"", ""Nusap1"", ""Pcna"", ""Hnrnpab"", ""Xrcc6"", ""Tuba1a"", ""Txn1"", ""Lmnb1"", ""Ezh2"", ""Smc2"", ""Lig1"", ""Rrm2"", ""Smc4"", ""Tmpo"", ""Slbp"", ""Ccna2"", ""Dnmt1"", ""Cdk1"", ""Kpna2"", ""Mki67"", ""Ncaph"", ""Mcm6"", ""Ube2c"", ""Smarca5"", ""Prc1"", ""Slc16a1"", ""Rrm1"", ""Cks1b"", ""Ccnb1"", ""Cdca3"", ""Cenpl"", ""Haus3"", ""Ckap5"", ""Uck2"", ""Mcm2"", ""Ndc80"", ""Hmgb3"", ""Cdc20"", ""Ccnb2"", ""Slc29a1"")"
"5","REACTOME_PROCESSING_OF_CAPPED_INTRON_CONTAINING_PRE_MRNA","1.04460039850294e-20","2.99539164270717e-18","1.1778932614942","-0.711923208634","-2.64859618684099","129","c(""Srsf3"", ""Snrpf"", ""Ybx1"", ""Hnrnpa3"", ""Alyref"", ""Rbm8a"", ""Snrpg"", ""Hnrnpa2b1"", ""Srsf2"", ""Snrpd3"", ""U2af1"", ""Lsm3"", ""Eif4a3"", ""Srsf7"", ""Snrpd2"", ""Snrpd1"", ""Hnrnpa1"", ""Polr2l"", ""Lsm7"", ""U2af2"", ""Ddx39b"", ""Pcbp1"", ""Polr2k"", ""Hnrnpu"", ""Hnrnpd"", ""Srsf10"", ""Slbp"", ""Snrpb"", ""Magoh"", ""Eif4e"", ""Wbp11"", ""Rnps1"", ""Hspa8"", ""Snrpe"", ""Lsm8"", ""Srsf1"", ""Lsm2"", ""Dhx9"", ""Lsm5"", ""Thoc7"", ""Polr2f"", ""Sf3b4"", ""U2surp"", ""Sf3a3"", ""Srrm1"", ""Hnrnpr"", ""Phf5a"", ""Nup85"", ""Lsm6"", ""Nudt21"", ""Smu1"", ""Snrpc"", ""Srsf9"", ""Prpf19"", 
""Nup107"", ""Zcrb1"", ""Eftud2"", ""Prpf40a"", ""Cstf2"", ""Nup62"", ""Rbm17"", ""Sf3a2"", ""Sf3b5"", ""Polr2c"", ""Gtf2f1"", ""Thoc6"", ""Snrpa"", ""Ndc1"", ""Ptbp1"", ""Snrnp40"", ""Aaas"", ""Snrpa1"", ""Thoc3"", ""Hnrnpc"", ""Polr2e"", ""Bcas2"", ""Rbmx2"", ""Nxt1"", ""Snrnp35"", ""Tcerg1"", ""Polr2d"", ""Polr2i"", ""Txnl4a"", ""Nup37"", ""Sf3b6"", ""Nkap"", ""Gtf2f2"", ""Seh1l"", ""Ppih"", ""Nup205"", ""Sf3b3"", ""Usp39"", ""Nup188"", ""Lsm4"", ""Prpf4"", ""Prpf38a"", ""Polr2h"", ""Nup43"", ""Sec13"", ""Pnn"")"
"6","REACTOME_MRNA_SPLICING","1.34481352771304e-18","2.48790502626913e-16","1.11466447751729","-0.732953673174511","-2.64710403573996","99","c(""Srsf3"", ""Snrpf"", ""Ybx1"", ""Hnrnpa3"", ""Alyref"", ""Rbm8a"", ""Snrpg"", ""Hnrnpa2b1"", ""Srsf2"", ""Snrpd3"", ""U2af1"", ""Lsm3"", ""Eif4a3"", ""Srsf7"", ""Snrpd2"", ""Snrpd1"", ""Hnrnpa1"", ""Polr2l"", ""Lsm7"", ""U2af2"", ""Ddx39b"", ""Pcbp1"", ""Polr2k"", ""Hnrnpu"", ""Hnrnpd"", ""Srsf10"", ""Snrpb"", ""Magoh"", ""Wbp11"", ""Rnps1"", ""Hspa8"", ""Snrpe"", ""Lsm8"", ""Srsf1"", ""Lsm2"", ""Dhx9"", ""Lsm5"", ""Polr2f"", ""Sf3b4"", ""U2surp"", ""Sf3a3"", ""Srrm1"", ""Hnrnpr"", ""Phf5a"", ""Lsm6"", ""Smu1"", ""Snrpc"", ""Srsf9"", ""Prpf19"", ""Zcrb1"", ""Eftud2"", ""Prpf40a"", ""Rbm17"", ""Sf3a2"", 
""Sf3b5"", ""Polr2c"", ""Gtf2f1"", ""Snrpa"", ""Ptbp1"", ""Snrnp40"", ""Snrpa1"", ""Hnrnpc"", ""Polr2e"", ""Bcas2"", ""Rbmx2"", ""Snrnp35"", ""Tcerg1"", ""Polr2d"", ""Polr2i"", ""Txnl4a"", ""Sf3b6"", ""Nkap"", ""Gtf2f2"")"
"7","ZHANG_UTERUS_C7_EPITHELIAL2_CELL","4.64861488500727e-41","1.33299031827583e-37","1.66579262543297","-0.607441858554062","-2.6159844635734","489","c(""Ptma"", ""Hmgb1"", ""Tuba1b"", ""Srsf3"", ""Atp5k"", ""St13"", ""Atp5b"", ""Cox7c"", ""Snrpf"", ""Hnrnpm"", ""Ybx1"", ""Ncl"", ""Tubb4b"", ""Hnrnpa3"", ""Uqcr11"", ""Atp5j2"", ""Cycs"", ""Cbx1"", ""Arpp19"", ""Eif4a1"", ""Hmgn2"", ""Serbp1"", ""Ranbp1"", ""Set"", ""Gapdh"", ""Ndufa5"", ""Ppia"", ""Tomm7"", ""Hnrnpab"", ""Slc25a5"", ""Snrpg"", ""Atp5e"", ""Eif5a"", ""Hmgb2"", ""Eif2s2"", ""Nop10"", ""Anp32b"", ""Ap3s1"", ""Uqcr10"", ""Cox7a2"", ""Hnrnpa2b1"", ""H3f3a"", ""Uqcrq"", ""Ran"", ""Snrpd3"", ""U2af1"", ""Hspd1"", ""Txn1"", ""Lsm3"", ""Banf1"", ""Snrpd2"", ""Ywhae"", ""Dut"", ""Metap2"", ""Psma6"", 
""Dbi"", ""Hsp90ab1"", ""Snrpd1"", ""Atp5g3"", ""Fkbp4"", ""Pa2g4"", ""Prmt1"", ""Psmc3"", ""Nop58"", ""Ndufc1"", ""Hnrnpa1"", ""Polr2l"", ""Dynll1"", ""Lsm7"", ""Stip1"", ""Atp5g1"", ""Usp50"", ""Rpl35"", ""Rpl6"", ""Ddx39b"", ""Rps27l"", ""Cox7b"", ""Polr2k"", ""Hnrnpu"", ""Cct8"", ""Hdgf"", ""Ndufs6"", ""Nudc"", ""Higd1a"", ""Cct3"", ""Dnajc15"", ""Atp5j"", ""Rps17"", ""Ndufb4"", ""Eny2"", ""Cox5b"", ""C1qbp"", ""Ndufa12"", ""Llph"", ""Rbbp7"", ""Fbl"", ""Magoh"", ""Nme1"", ""Ndufa4"", ""Psmc4"", ""Jup"", ""Ptges3"", ""Birc5"", ""Nars"", ""Rpn2"", ""Cops5"", ""Tcp1"", ""Ndufab1"", ""Tomm40"", ""Snrpe"", 
""Npm3"", ""Lsm8"", ""Uchl3"", ""Ndufb7"", ""Polr2j"", ""Ddx1"", ""Phb"", ""Ndufb2"", ""Eif3g"", ""Impdh2"", ""Ube2c"", ""Fcf1"", ""Nap1l1"", ""Srsf1"", ""Hspa9"", ""Fdps"", ""Gm8186"", ""Spc24"", ""Lsm2"", ""Uqcrb"", ""Vdac1"", ""Rpa3"", ""Ahsa1"", ""Dtymk"", ""Atp5o"", ""Rrm1"", ""Lsm5"", ""Ruvbl2"", ""Sae1"", ""Brix1"", ""Cks1b"", ""Uchl5"", ""Cnbp"", ""Hspe1"", ""Lyar"", ""Gar1"", ""G3bp1"", ""Cdca3"", ""Polr2f"", ""Rpl36al"", ""Erh"", ""Gars"", ""Cd24a"", ""Eif2s1"", ""Nol7"", ""Psmd3"", ""Ppm1g"", ""Cacybp"", ""Mad2l1"", ""Psma7"", ""Ube2n"", ""Gspt1"", ""Psmb6"", ""Cyc1"", ""Tyms"", ""Eif3c"", ""Mrto4"", 
""Cct7"", ""Atp5l"", ""Mrps18c"", ""Ebna1bp2"", ""Atp5a1"", ""Prdx1"", ""Npm1"", ""Ndufb6"", ""Gm10076"", ""Net1"", ""Mrpl18"", ""Timm13"", ""Atp5c1"", ""Ccnb2"", ""Calm3"", ""Lsm6"", ""Wdr18"", ""Pgk1"", ""Cs"", ""Mrps6"", ""Nudt21"", ""Apex1"", ""Cenpw"", ""Mrpl57"", ""Ccdc34"", ""Denr"", ""Nsmce1"", ""Mrps14"", ""Ube2l3"", ""Strap"", ""Actn4"", ""Mrpl51"", ""Timm8b"", ""Naa10"", ""Tuba1c"", ""Chchd1"", ""Psmd14"", ""Nme2"", ""Mrpl15"", ""Idh3a"", ""Dctpp1"", ""Smarca4"", ""Ube2a"", ""Vdac2"", ""Polr3k"", ""Sap18"", ""Nsun2"", ""Timm50"", ""Eif3b"", ""Cyb5b"", ""Mrpl12"", ""Psmd13"", ""Wdr89"", ""Mrps25"", 
""Snrpa"", ""Ldha"", ""Psmb3"", ""Ptbp1"", ""Psmc5"", ""Cox5a"", ""Psmd2"", ""Snrpa1"", ""Psmc1"", ""Kcnk1"", ""Mrpl13"", ""Chchd2"", ""Eif6"", ""Psmd12"", ""Hnrnpc"", ""Dpy30"", ""Mtx2"", ""Pfdn6"", ""Psmb7"")"
"8","GOBP_MRNA_PROCESSING","1.46745211983906e-22","5.61055860485135e-20","1.22950405660873","-0.678369213822853","-2.59172288592705","162","c(""Srsf3"", ""Snrpf"", ""Hnrnpm"", ""Ybx1"", ""Ncl"", ""Hnrnpa3"", ""Alyref"", ""Rbm8a"", ""Snrpg"", ""Hnrnpa2b1"", ""Srsf2"", ""Snrpd3"", ""U2af1"", ""Larp7"", ""Lsm3"", ""Eif4a3"", ""Srsf7"", ""Snrpd2"", ""Snrpd1"", ""Hnrnpa1"", ""Lsm7"", ""Rbmxl1"", ""U2af2"", ""Ddx39b"", ""Pcbp1"", ""Hnrnpu"", ""Srsf10"", ""Slbp"", ""C1qbp"", ""Snrpb"", ""Clns1a"", ""Magoh"", ""Raly"", ""Snrpb2"", ""Wbp11"", ""Rnps1"", ""Hspa8"", ""Snrpe"", ""Lsm8"", ""Ddx1"", ""Srsf6"", ""Syncrip"", ""Srsf1"", ""Lsm2"", ""Dhx9"", ""Lsm5"", ""Ccnb1"", ""Thoc7"", ""Sf3b4"", ""Pabpc1"", ""Sf3a3"", ""Srrm1"", ""Rbm24"", ""Npm1"", ""Phf5a"", 
""Leo1"", ""Lsm6"", ""Nudt21"", ""Slirp"", ""Psip1"", ""Smu1"", ""Snrpc"", ""Srsf9"", ""Prpf19"", ""Zcchc8"", ""Zcrb1"", ""Strap"", ""Eftud2"", ""Prpf40a"", ""Cstf2"", ""Rbm17"", ""Sf3a2"", ""Sf3b5"", ""Sfpq"", ""Sap18"", ""Thoc6"", ""Snrpa"", ""Ptbp1"", ""Snrnp40"", ""Snrpa1"", ""Tbrg4"", ""Thoc3"", ""Khsrp"", ""Hnrnpc"", ""Ppp1r8"", ""Mettl16"", ""Gemin6"", ""Bcas2"", ""Rbmx2"", ""Snrnp35"", ""Rbm28"", ""Tcerg1"", ""Polr2d"", ""Tssc4"", ""Txnl4a"")"
"9","REACTOME_RESPIRATORY_ELECTRON_TRANSPORT_ATP_SYNTHESIS_BY_CHEMIOSMOTIC_COUPLING_AND_HEAT_PRODUCTION_BY_UNCOUPLING_PROTEINS","2.5395289628467e-14","2.05129557773603e-12","0.97599468306432","-0.792218010472851","-2.58646618374892","55","c(""Atp5k"", ""Atp5b"", ""Cox7c"", ""Uqcr11"", ""Atp5j2"", ""Cycs"", ""Ndufa5"", ""Atp5e"", ""Uqcr10"", ""Uqcrq"", ""Atp5g3"", ""Ndufc1"", ""Atp5g1"", ""Cox7b"", ""Ndufs6"", ""Atp5j"", ""Ndufb4"", ""Cox6a1"", ""Atp5h"", ""Cox5b"", ""Ndufa12"", ""Ndufa4"", ""Ndufab1"", ""Ndufb7"", ""Ndufb2"", ""Uqcrb"", ""Atp5o"", ""Cyc1"", ""Atp5l"", ""Atp5a1"", ""Ndufb6"", ""Atp5c1"")"
"10","WP_ELECTRON_TRANSPORT_CHAIN","6.02089080783963e-14","4.66619037607571e-12","0.954541630725724","-0.803679579673962","-2.56705129943678","49","c(""Atp5b"", ""Uqcr11"", ""Atp5j2"", ""Ndufa5"", ""Slc25a5"", ""Atp5e"", ""Uqcr10"", ""Cox7a2"", ""Uqcrq"", ""Atp5g3"", ""Ndufc1"", ""Cox7b"", ""Ndufs6"", ""Atp5j"", ""Ndufb4"", ""Cox6a1"", ""Atp5h"", ""Cox5b"", ""Ndufa12"", ""Sdhb"", ""Ndufab1"", ""Ndufb7"", ""Ndufb2"", ""Uqcrb"", ""Atp5o"", ""Atp5l"", ""Atp5a1"", ""Ndufb6"", ""Atpif1"", ""Atp5c1"")"
"11","GOBP_RNA_SPLICING","3.96219938834715e-21","1.42020084326068e-18","1.18665095279281","-0.674823236431218","-2.56607734772791","158","c(""Srsf3"", ""Snrpf"", ""Hnrnpm"", ""Ybx1"", ""Ncl"", ""Hnrnpa3"", ""Alyref"", ""Rbm8a"", ""Snrpg"", ""Hnrnpa2b1"", ""Srsf2"", ""Snrpd3"", ""U2af1"", ""Larp7"", ""Lsm3"", ""Eif4a3"", ""Srsf7"", ""Snrpd2"", ""Snrpd1"", ""Prmt1"", ""Hnrnpa1"", ""Lsm7"", ""Rbmxl1"", ""U2af2"", ""Ddx39b"", ""Hnrnpu"", ""Srsf10"", ""Eny2"", ""C1qbp"", ""Snrpb"", ""Clns1a"", ""Magoh"", ""Raly"", ""Snrpb2"", ""Wbp11"", ""Rnps1"", ""Hspa8"", ""Snrpe"", ""Lsm8"", ""Ddx1"", ""Srsf6"", ""Syncrip"", ""Srsf1"", ""Lsm2"", ""Dhx9"", ""Lsm5"", ""Thoc7"", ""Sf3b4"", ""Pabpc1"", ""Sf3a3"", ""Srrm1"", ""Rbm24"", ""Npm1"", ""Phf5a"", ""Lsm6"", 
""Slirp"", ""Psip1"", ""Smu1"", ""Snrpc"", ""Srsf9"", ""Prpf19"", ""Zcchc8"", ""Zcrb1"", ""Strap"", ""Eftud2"", ""Prpf40a"", ""Rbm17"", ""Sf3a2"", ""Sf3b5"", ""Sfpq"", ""Sap18"", ""Thoc6"", ""Snrpa"", ""Ptbp1"", ""Snrnp40"", ""Snrpa1"", ""Ivns1abp"", ""Rps26"", ""Thoc3"", ""Khsrp"", ""Hnrnpc"", ""Ppp1r8"", ""Mettl16"", ""Gemin6"", ""Bcas2"", ""Rbmx2"", ""Snrnp35"", ""Rbm28"", ""Tcerg1"", ""Taf15"", ""Tssc4"", ""Txnl4a"")"
"12","REACTOME_CELL_CYCLE","8.32184388835967e-30","5.96572183746784e-27","1.41727590263607","-0.615590540552662","-2.56169328871801","330","c(""Tubb5"", ""Tuba1b"", ""Rbbp4"", ""Tubb4b"", ""Mcm7"", ""Arpp19"", ""Set"", ""Pcna"", ""Hsp90aa1"", ""Ube2s"", ""Nop10"", ""Tuba1a"", ""Ran"", ""Banf1"", ""Ywhae"", ""Psma6"", ""Rcc2"", ""Hsp90ab1"", ""Lmnb1"", ""Psmc3"", ""Smc2"", ""Lig1"", ""Dynll1"", ""Anapc5"", ""Smc4"", ""Nudc"", ""Mad1l1"", ""Spc25"", ""Pole4"", ""Bub3"", ""Rbbp7"", ""Tubb2a"", ""Ccna2"", ""Psmc4"", ""Cdk1"", ""Ncapd2"", ""Rad21"", ""Dbf4"", ""Smc3"", ""Lbr"", ""Stag2"", ""Psmc6"", ""Ccne2"", ""Ncaph"", ""Mcm6"", ""Ube2c"", ""Smarca5"", ""Spc24"", ""Kif23"", ""Ywhaq"", ""Rfc1"", ""Rpa3"", ""Fbxo5"", ""Ruvbl1"", ""Cks1b"", ""Ccnb1"", 
""Pole3"", ""Dkc1"", ""E2f4"", ""Mzt1"", ""Gar1"", ""Aurkb"", ""Cenpl"", ""Aurka"", ""Psmd3"", ""Rangap1"", ""Mcm5"", ""Rmi2"", ""Ska2"", ""Ncapg"", ""Hmmr"", ""Pola1"", ""Cdk2"", ""Mad2l1"", ""Psma7"", ""Haus3"", ""Ube2n"", ""Ckap5"", ""Haus4"", ""Ssna1"", ""Psmb6"", ""Ncapd3"", ""Cdk4"", ""Mcm2"", ""Orc6"", ""Lin9"", ""Ndc80"", ""Npm1"", ""Plk1"", ""Esco2"", ""Nup85"", ""Prim2"", ""Cdkn1c"", ""Cdc20"", ""Ccnb2"", ""Tubg1"", ""Cdca8"", ""Plk4"", ""Mcm4"", ""Cep57"", ""Cenpw"", ""Rfc3"", ""Kif20a"", ""Dynll2"", ""Bub1b"", ""Spdl1"", ""Nup107"", ""Incenp"", ""Mis18bp1"", ""Cenpf"", ""Nup62"", ""Tuba1c"", ""Nde1"", 
""Pds5b"", ""Mcm3"", ""Psmd14"", ""E2f2"", ""Fen1"", ""Rcc1"", ""Gmnn"", ""Tpx2"", ""Rfc5"", ""Kpnb1"", ""Kif18a"", ""Cdc16"", ""Psmc2"", ""Cdc7"", ""Psmd13"", ""Hjurp"", ""Cdt1"", ""Gtse1"", ""Nuf2"", ""Psmb3"", ""Gins1"", ""Ndc1"", ""Aaas"", ""Psmc5"", ""Psmd2"", ""Haus5"", ""Psmc1"", ""Psmd12"", ""Psmb7"", ""Rpa1"", ""Pold2"", ""Akt1"", ""Rfc4"", ""Cep70"", ""Psmd6"", ""Blm"", ""Cenpk"", ""Bub1"", ""Brcc3"", ""Pold3"", ""Ska1"", ""Psma2"", ""Hdac1"", ""Mastl"", ""Cenph"", ""Pcm1"", ""Bora"", ""Nup37"", ""Kif2c"", ""Topbp1"", ""Ctc1"", ""Anapc15"", ""Nek2"", ""Gins2"", ""Cenpc1"", ""Pmf1"", ""Foxm1"", ""Cenpo"", 
""Rhno1"", ""Cep41"", ""Odf2"", ""Cdc45"", ""Babam1"", ""Seh1l"", ""Psmb2"", ""Clspn"", ""Ercc6l"", ""Fzr1"", ""Bard1"", ""Nup205"", ""Nup188"", ""Cenpe"", ""Pola2"", ""Mapk1"", ""Cdc25a"", ""Psmd1"", ""Rfc2"", ""Kif2a"", ""Ncapg2"", ""Cenpp"", ""Cenpa"", ""Orc2"", ""Nup43"", ""Prim1"", ""Espl1"", ""Brca1"", ""Sec13"", ""Exo1"", ""Cdc6"", ""Pom121"", ""Mis18a"", ""Pds5a"", ""Chek2"", ""Cdca5"")"
"13","HALLMARK_G2M_CHECKPOINT","1.67418000750072e-19","3.69285474731408e-17","1.14219120216838","-0.681342179637808","-2.55702591248113","141","c(""Stmn1"", ""Ncl"", ""Cbx1"", ""Top2a"", ""Nusap1"", ""Ube2s"", ""Amd1"", ""Srsf2"", ""Snrpd1"", ""Lmnb1"", ""Ezh2"", ""Smc2"", ""Cks2"", ""Nasp"", ""Hnrnpu"", ""Hnrnpd"", ""Srsf10"", ""Smc4"", ""Tmpo"", ""Bub3"", ""Ccna2"", ""Cdk1"", ""Birc5"", ""Rad21"", ""Tacc3"", ""Dbf4"", ""Lbr"", ""Hspa8"", ""Mki67"", ""Mcm6"", ""Pbk"", ""Ube2c"", ""Syncrip"", ""Srsf1"", ""Suv39h1"", ""Kif23"", ""Prc1"", ""Smarcc1"", ""Fbxo5"", ""Dtymk"", ""Cks1b"", ""Dkc1"", ""E2f4"", ""G3bp1"", ""Aurkb"", ""Aurka"", ""Mtf2"", ""Mcm5"", ""Kif11"", ""Hmmr"", ""Mad2l1"", ""Ctcf"", ""Gspt1"", ""Ccnf"", ""Racgap1"", ""Uck2"", ""Cdk4"", 
""Mcm2"", ""Orc6"", ""Ndc80"", ""Kif20b"", ""Plk1"", ""Kif22"", ""Prim2"", ""Hmgb3"", ""Marcks"", ""Cdc20"", ""Ccnb2"", ""Plk4"", ""Incenp"", ""Cenpf"", ""Pds5b"", ""Mcm3"", ""E2f2"", ""Tpx2"", ""Kpnb1"", ""Sfpq"", ""Cdc7"", ""Ttk"", ""Cdkn2c"", ""Kif4"", ""Bub1"", ""Rpa2"", ""Nolc1"", ""Kif2c"", ""Nek2"", ""Gins2"", ""Mybl2"", ""Kif15"", ""Odf2"", ""Cdc45"", ""Casp8ap2"", ""Bard1"", ""Cenpe"", ""Pola2"", ""Ewsr1"", ""Cdc25a"", ""Cdkn3"", ""Cenpa"", ""Espl1"", ""Exo1"", ""Cdc6"", ""Ilf3"", ""Prmt5"", ""Rad23b"")"
"14","GOCC_INNER_MITOCHONDRIAL_MEMBRANE_PROTEIN_COMPLEX","6.32878421506105e-15","6.04926291222918e-13","0.996986217533181","-0.74264494917771","-2.55480683763308","71","c(""Atp5k"", ""Atp5b"", ""Cox7c"", ""Uqcr11"", ""Atp5j2"", ""Ndufa5"", ""Atp5e"", ""Romo1"", ""Uqcr10"", ""Cox7a2"", ""Uqcrq"", ""Atp5g3"", ""Ndufc1"", ""Atp5g1"", ""Cox7b"", ""Ndufs6"", ""Dnajc15"", ""Atp5j"", ""Ndufb4"", ""Cox6a1"", ""Atp5h"", ""Cox5b"", ""Ndufa12"", ""Sdhb"", ""Ndufa4"", ""Ndufab1"", ""Wdr93"", ""Ndufb7"", ""Phb"", ""Ndufb2"", ""Uqcrb"", ""Atp5o"", ""Cyc1"", ""Atp5l"", ""Atp5a1"", ""Ndufb6"", ""Atp5c1"")"
"15","LAZARO_GENETIC_MOUSE_MODEL_HIGH_GRADE_SMALL_CELL_NEUROENDOCRINE_LUNG_CARCINOMA_UP","3.67737617126321e-33","5.27243808554862e-30","1.49547932629977","-0.607599934713096","-2.55376315276836","379","c(""Stmn1"", ""Tubb5"", ""Hnrnpa3"", ""Mcm7"", ""Mif"", ""Hmgn2"", ""Ranbp1"", ""Top2a"", ""Nusap1"", ""Pcna"", ""Hmgb2"", ""Xrcc6"", ""Ran"", ""Larp7"", ""Dut"", ""Rcc2"", ""Snrpd1"", ""Prmt1"", ""Ezh2"", ""Nop58"", ""Smc2"", ""Lig1"", ""Cks2"", ""Nasp"", ""Hnrnpd"", ""Smc4"", ""Nucks1"", ""Tmpo"", ""Slbp"", ""Spc25"", ""Uba2"", ""Tube1"", ""Nme1"", ""Ccna2"", ""Dnmt1"", ""Cdk1"", ""Myb"", ""Birc5"", ""Ncapd2"", ""Kpna2"", ""Tacc3"", ""Dbf4"", ""Ccne2"", ""Cbx5"", ""Mki67"", ""Ncaph"", ""Mcm6"", ""Cep295"", ""Pbk"", ""Eri1"", ""Ube2c"", ""Srsf1"", ""Myef2"", ""Kif23"", ""Prc1"", ""Lockd"", ""Rfc1"", ""Tox"", 
""Smarcc1"", ""Dhx9"", ""Rrm1"", ""Sae1"", ""Agpat5"", ""Ccnb1"", ""Ckap2"", ""Gpr162"", ""Thoc7"", ""Rnf126"", ""Aurkb"", ""Cenpl"", ""Aurka"", ""Mtf2"", ""Rangap1"", ""Mcm5"", ""Ska2"", ""Ncapg"", ""Kif11"", ""Hmmr"", ""Atad2"", ""Pola1"", ""Cdk2"", ""Mad2l1"", ""Ckap5"", ""Tyms"", ""Racgap1"", ""Wdr76"", ""Ncapd3"", ""Cdk4"", ""Mcm2"", ""Orc6"", ""Lin9"", ""Ndc80"", ""Kif20b"", ""Plk1"", ""Uhrf1"", ""Morf4l2"", ""Ctps"", ""Kif22"", ""Prim2"", ""Atpif1"", ""Depdc1a"", ""Cdc20"", ""Ccnb2"", ""Tubg1"", ""Cdca8"", ""Bcl7a"", ""Plk4"", ""Mcm4"", ""Syt13"", ""Ctdspl2"", ""Tipin"", ""Psip1"", ""Msh6"", ""Kif20a"", 
""Tdrkh"", ""Bub1b"", ""Hells"", ""Spdl1"", ""Incenp"", ""Nt5c2"", ""Ckap2l"", ""Mis18bp1"", ""Cstf2"", ""Cenpf"", ""Supt16"", ""Mcm3"", ""Idh3a"", ""Suz12"", ""Arhgap19"", ""Meaf6"", ""Trip13"", ""Gmnn"", ""Hirip3"", ""Tpx2"", ""Rad51"", ""Rfc5"", ""Kif18a"", ""Timm50"", ""G2e3"", ""Cdc7"", ""Hjurp"", ""Nrm"", ""Cdt1"", ""Gtse1"", ""Nuf2"", ""Shcbp1"", ""Gins1"", ""Neil3"", ""Rnaseh2b"", ""Ect2"", ""Sfmbt1"", ""Ttk"", ""Rpa1"", ""Pold2"", ""Rfc4"", ""Cdkn2c"", ""Kif4"", ""Blm"", ""E2f8"", ""Cenpk"", ""Atad5"", ""Cdkn2d"", ""Rpa2"", ""Pold3"", ""Ska1"", ""Cenph"", ""Ssrp1"", ""Pcm1"", ""Bora"", ""Kif2c"", 
""Topbp1"", ""Gtf2a2"", ""Ctc1"", ""Nek2"", ""Anln"", ""Gins2"", ""Rbm15"", ""Pmf1"", ""Foxm1"", ""Ipo5"", ""E2f7"", ""Cdc45"", ""Kif14"", ""Pidd1"", ""Clspn"", ""Nup205"", ""Ddx11"", ""Kif18b"", ""Ubr7"", ""Sass6"", ""Ska3"", ""Nup188"", ""Cenpe"", ""Hyls1"", ""Cdc25a"", ""Mms22l"", ""Ppat"", ""Arhgap11a"", ""Cdkn3"", ""Sephs1"", ""Ncapg2"", ""Fignl1"", ""Cenpa"", ""Trim37"", ""Orc2"", ""Cacnb3"", ""Aspm"", ""Prim1"", ""Med14"", ""Exo1"", ""Cdc6"", ""Knstrn"", ""Ilf3"", ""Pkm"", ""Melk"", ""Cdca5"", ""Spag5"", ""Syce2"", ""Prr11"")"
"16","GOCC_SPLICEOSOMAL_COMPLEX","1.23748972067678e-15","1.39156932315321e-13","1.01754479730988","-0.713198167782914","-2.55084340178518","92","c(""Snrpf"", ""Hnrnpm"", ""Ybx1"", ""Ncl"", ""Hnrnpa3"", ""Alyref"", ""Rbm8a"", ""Snrpg"", ""Hnrnpa2b1"", ""Srsf2"", ""Snrpd3"", ""U2af1"", ""Lsm3"", ""Eif4a3"", ""Snrpd2"", ""Snrpd1"", ""Hnrnpa1"", ""Lsm7"", ""Rbmxl1"", ""U2af2"", ""Ddx39b"", ""Hnrnpu"", ""Snrpb"", ""Clns1a"", ""Magoh"", ""Raly"", ""Snrpb2"", ""Hspa8"", ""Snrpe"", ""Lsm8"", ""Syncrip"", ""Srsf1"", ""Lsm2"", ""Lsm5"", ""Sf3b4"", ""Pabpc1"", ""Sf3a3"", ""Srrm1"", ""Hnrnpr"", ""Phf5a"", ""Lsm6"", ""Smu1"", ""Snrpc"", ""Prpf19"", ""Zcchc8"", ""Zcrb1"", ""Eftud2"", ""Prpf40a"", ""Rbm17"", ""Sf3a2"", ""Sf3b5"", ""Snrpa"", ""Snrnp40"", ""Snrpa1"", 
""Hnrnpc"", ""Ppp1r8"", ""Bcas2"", ""Rbmx2"", ""Snrnp35"", ""Rbm28"", ""Tssc4"", ""Txnl4a"")"
"17","MARKEY_RB1_ACUTE_LOF_UP","5.52663279064966e-21","1.86442582672799e-18","1.18665095279281","-0.656836719405644","-2.55052902491447","178","c(""Ptma"", ""Stmn1"", ""Tubb5"", ""Dek"", ""Rbbp4"", ""Mcm7"", ""Hmgn2"", ""Ranbp1"", ""Set"", ""Nusap1"", ""Pcna"", ""Ube2s"", ""Amd1"", ""Anp32b"", ""Srsf2"", ""Hspd1"", ""Hmgn1"", ""Lsm3"", ""Banf1"", ""Nop58"", ""Smc2"", ""Cks2"", ""Rrm2"", ""Nasp"", ""Anapc5"", ""Nucks1"", ""Tmpo"", ""Ccna2"", ""Cdk1"", ""Ptges3"", ""Birc5"", ""Kpna2"", ""Rad21"", ""Smc3"", ""Cbx5"", ""Mki67"", ""Nap1l1"", ""Kif23"", ""Prc1"", ""Rfc1"", ""Dtymk"", ""Sae1"", ""Cks1b"", ""Ckap2"", ""Asf1b"", ""Nsmce4a"", ""Cdca3"", ""Aurka"", ""Hat1"", ""Mcm5"", ""Kif11"", ""Pola1"", ""Cdk2"", ""Mad2l1"", ""Haus3"", ""Hdac2"", ""Ccnf"", 
""Tyms"", ""Racgap1"", ""Orc6"", ""Hnrnpr"", ""Plk1"", ""Kif22"", ""Hmgb3"", ""Ccnb2"", ""Cse1l"", ""Mcm4"", ""Ube2t"", ""Tipin"", ""Psip1"", ""Kif20a"", ""Dnajc9"", ""Prpf19"", ""Spdl1"", ""Mis18bp1"", ""Naa10"", ""Ppp5c"", ""Mcm3"", ""Dctpp1"", ""Trip13"", ""Gmnn"", ""Rad51"", ""Rfc5"", ""Sfpq"", ""Hjurp"", ""Cdt1"", ""Rad51ap1"", ""Ect2"", ""Hnrnpc"", ""Rfc4"", ""Kif4"", ""E2f8"", ""Cenpk"", ""Bub1"", ""Parp1"", ""Tk1"", ""Kif2c"", ""Topbp1"", ""Nek2"", ""Anln"", ""Dohh"", ""Ipo5"")"
"18","BURTON_ADIPOGENESIS_3","2.16689612391085e-15","2.30132393900532e-13","1.00731795687447","-0.7199659029754","-2.55017143307955","87","c(""Cdca7"", ""Mcm7"", ""Top2a"", ""Nusap1"", ""Pcna"", ""Hmgb2"", ""Ezh2"", ""Smc2"", ""Cks2"", ""Rrm2"", ""Nasp"", ""Slbp"", ""Dnmt1"", ""Cdk1"", ""Birc5"", ""Kpna2"", ""Tacc3"", ""Ilf2"", ""Ccne2"", ""Mki67"", ""Ncaph"", ""Rnaseh2c"", ""Impdh2"", ""Prc1"", ""Dtymk"", ""Rrm1"", ""Cks1b"", ""Ccnb1"", ""Asf1b"", ""Aurka"", ""Usp1"", ""Mcm5"", ""Kif11"", ""Pola1"", ""Mad2l1"", ""Ccnf"", ""Tyms"", ""Racgap1"", ""Mcm2"", ""Plk1"", ""Nup85"", ""Kif22"", ""Cdc20"", ""Tcf19"", ""Ccnb2"", ""Cdca8"", ""Mcm4"", ""Kif20a"", ""Hells"", ""Incenp"", ""Cstf2"", ""Mcm3"", ""Fen1"", ""Rad51"", ""Rfc5"", ""Cdc7"", ""Rad51ap1"", 
""Ttk"", ""Kif4"", ""E2f8"", ""Cenpk"", ""Bub1"", ""Tk1"", ""Kif2c"", ""Topbp1"")"
"19","GOBP_RNA_SPLICING_VIA_TRANSESTERIFICATION_REACTIONS","5.32994195710741e-17","7.64180428100275e-15","1.06720998682811","-0.692320009009876","-2.54166230349263","115","c(""Srsf3"", ""Snrpf"", ""Hnrnpm"", ""Ncl"", ""Hnrnpa3"", ""Rbm8a"", ""Snrpg"", ""Hnrnpa2b1"", ""Srsf2"", ""Snrpd3"", ""U2af1"", ""Larp7"", ""Lsm3"", ""Eif4a3"", ""Srsf7"", ""Snrpd2"", ""Snrpd1"", ""Hnrnpa1"", ""Lsm7"", ""Rbmxl1"", ""U2af2"", ""Ddx39b"", ""Hnrnpu"", ""Srsf10"", ""C1qbp"", ""Snrpb"", ""Clns1a"", ""Magoh"", ""Snrpb2"", ""Rnps1"", ""Hspa8"", ""Snrpe"", ""Lsm8"", ""Srsf6"", ""Srsf1"", ""Lsm2"", ""Dhx9"", ""Lsm5"", ""Sf3b4"", ""Sf3a3"", ""Srrm1"", ""Rbm24"", ""Npm1"", ""Phf5a"", ""Lsm6"", ""Slirp"", ""Psip1"", ""Smu1"", ""Snrpc"", ""Srsf9"", ""Prpf19"", ""Zcrb1"", ""Strap"", ""Eftud2"", ""Prpf40a"", 
""Rbm17"", ""Sf3a2"", ""Sf3b5"", ""Sfpq"", ""Sap18"", ""Snrpa"", ""Ptbp1"", ""Snrpa1"", ""Hnrnpc"", ""Mettl16"", ""Gemin6"", ""Bcas2"", ""Rbmx2"", ""Snrnp35"", ""Tssc4"", ""Txnl4a"")"
"20","REACTOME_THE_CITRIC_ACID_TCA_CYCLE_AND_RESPIRATORY_ELECTRON_TRANSPORT","4.95494399173019e-14","3.89268545103734e-12","0.965327754226083","-0.727708493190062","-2.53191966686641","75","c(""Atp5k"", ""Atp5b"", ""Cox7c"", ""Uqcr11"", ""Atp5j2"", ""Cycs"", ""Ndufa5"", ""Atp5e"", ""Uqcr10"", ""Uqcrq"", ""Atp5g3"", ""Ndufc1"", ""Atp5g1"", ""Cox7b"", ""Ndufs6"", ""Atp5j"", ""Ndufb4"", ""Cox6a1"", ""Atp5h"", ""Cox5b"", ""Ndufa12"", ""Sdhb"", ""Aco2"", ""Ndufa4"", ""Ndufab1"", ""Ndufb7"", ""Ndufb2"", ""Uqcrb"", ""Vdac1"", ""Atp5o"", ""Glo1"", ""Cyc1"", ""Atp5l"", ""Atp5a1"", ""Ndufb6"", ""Atp5c1"", ""Cs"")"
"21","HALLMARK_MYC_TARGETS_V1","2.16222531362954e-20","5.90493436841209e-18","1.16906996676109","-0.651446753690607","-2.52959952509611","178","c(""Cbx3"", ""Srsf3"", ""Dek"", ""Hnrnpa3"", ""Mcm7"", ""Eif4a1"", ""Serbp1"", ""Ranbp1"", ""Eif3j1"", ""Ppia"", ""Pcna"", ""Snrpg"", ""Eif2s2"", ""Xrcc6"", ""Ap3s1"", ""Ddx21"", ""Hnrnpa2b1"", ""Ddx18"", ""Srsf2"", ""Ran"", ""Snrpd3"", ""Hspd1"", ""Srsf7"", ""Snrpd2"", ""Ywhae"", ""Dut"", ""Psma6"", ""Hsp90ab1"", ""Snrpd1"", ""Pa2g4"", ""Hnrnpa1"", ""Nop56"", ""Rpl6"", ""Pcbp1"", ""Hnrnpu"", ""Hnrnpd"", ""Hdgf"", ""Gnl3"", ""Cct3"", ""Trim28"", ""Uba2"", ""C1qbp"", ""Prps2"", ""Bub3"", ""Clns1a"", ""Fbl"", ""Snrpb2"", ""Nme1"", ""Ccna2"", ""Eif4e"", ""Psmc4"", ""Rnps1"", ""Cops5"", ""Ilf2"", ""Tcp1"", ""Ndufab1"", 
""Psmc6"", ""Mcm6"", ""Ssb"", ""Mrpl23"", ""Phb"", ""Ssbp1"", ""Impdh2"", ""Syncrip"", ""Nap1l1"", ""Srsf1"", ""Lsm2"", ""Ywhaq"", ""Vdac1"", ""Smarcc1"", ""Rrm1"", ""Ruvbl2"", ""Pole3"", ""Cnbp"", ""Glo1"", ""Hspe1"", ""G3bp1"", ""Srm"", ""Erh"", ""Eif2s1"", ""Psmd3"", ""Usp1"", ""Ppm1g"", ""Mcm5"", ""Pabpc1"", ""Cdk2"", ""Mad2l1"", ""Psma7"", ""Hdac2"", ""Gspt1"", ""Cyc1"", ""Tyms"", ""Cct7"", ""Cdk4"", ""Mcm2"", ""Hnrnpr"", ""Eif4h"", ""Npm1"", ""Ctps"", ""Cdc20"", ""Pgk1"", ""Mcm4"", ""Apex1"")"
"22","ISHIDA_E2F_TARGETS","5.16189625985152e-13","3.28927500558316e-11","0.921426003494898","-0.78925186591879","-2.52096740943905","49","c(""Stmn1"", ""Cdca7"", ""Mcm7"", ""Top2a"", ""Nusap1"", ""Pcna"", ""Hmgb2"", ""Dut"", ""Ezh2"", ""Smc2"", ""Lig1"", ""Rrm2"", ""Slbp"", ""Ccna2"", ""Cdk1"", ""Kpna2"", ""Dbf4"", ""Lbr"", ""Mki67"", ""Ncaph"", ""Prc1"", ""Rrm1"", ""Ccnb1"", ""Asf1b"", ""Aurkb"", ""Cdk2"", ""Hmgb3"", ""Cdc20"", ""Ccnb2"", ""Ube2t"", ""Rfc3"", ""Mcm3"", ""Fen1"", ""Dctpp1"", ""Trip13"", ""Rad51"", ""Cdt1"", ""Rpa1"", ""Cdkn2c"", ""E2f8"", ""Bub1"", ""Tk1"", ""Kif2c"", ""Anln"")"
"23","BERENJENO_TRANSFORMED_BY_RHOA_UP","3.55683663832367e-30","2.91406544582661e-27","1.42456271623384","-0.593022385765268","-2.49807462659752","390","c(""Stmn1"", ""Cdca7"", ""Dek"", ""Cycs"", ""Alyref"", ""Cbx1"", ""Mcm7"", ""Ranbp1"", ""Gapdh"", ""Top2a"", ""Eif3j1"", ""Nusap1"", ""Pcna"", ""Hsp90aa1"", ""Ddx21"", ""Ddx18"", ""Ran"", ""Snrpd3"", ""Hspd1"", ""Txn1"", ""Lsm3"", ""Banf1"", ""Naa15"", ""Snrpd2"", ""Snrpd1"", ""Fkbp4"", ""Pa2g4"", ""Wdr43"", ""Ezh2"", ""Nop58"", ""Smc2"", ""Taf1d"", ""Lig1"", ""Cks2"", ""Stip1"", ""Rbmxl1"", ""Nasp"", ""Thy1"", ""Smc4"", ""Higd1a"", ""Cct3"", ""Tmpo"", ""Slbp"", ""Bola2"", ""Uba2"", ""Bub3"", ""Fbl"", ""Nme1"", ""Ccna2"", ""Dnmt1"", ""Cdk1"", ""Ptges3"", ""Birc5"", ""Kpna2"", ""Igf2"", ""Tacc3"", ""Cdca4"", 
""Rnps1"", ""Rpf2"", ""Lbr"", ""Tomm40"", ""Lsm8"", ""Cbx5"", ""Mki67"", ""Rnaseh2c"", ""Hspa14"", ""Srsf1"", ""Lsm2"", ""Kif23"", ""Prc1"", ""Dtymk"", ""Rrm1"", ""Ruvbl2"", ""Sae1"", ""Cks1b"", ""Ckap2"", ""Asf1b"", ""Uchl5"", ""Nsmce4a"", ""Gar1"", ""Srm"", ""Aurkb"", ""Eif2s1"", ""Aurka"", ""Hat1"", ""Usp1"", ""Rangap1"", ""Mcm5"", ""Kif11"", ""Cacybp"", ""Gart"", ""Pola1"", ""Sf3a3"", ""Mad2l1"", ""Psma7"", ""Haus3"", ""Hspa4l"", ""Sephs2"", ""Ccnf"", ""D030056L22Rik"", ""Tyms"", ""Racgap1"", ""Mrto4"", ""Uck2"", ""Ppid"", ""Cct7"", ""Mcm2"", ""Orc6"", ""Lin9"", ""Ebna1bp2"", ""Uhrf1"", ""Net1"", ""Phf5a"", 
""Nup85"", ""Ctps"", ""Kif22"", ""Prim2"", ""Mrpl18"", ""Hmgb3"", ""Cdc20"", ""Tcf19"", ""Tubg1"", ""Cdca8"", ""Cse1l"", ""Plk4"", ""Pgk1"", ""Mcm4"", ""Ube2t"", ""Adam12"", ""Rabggtb"", ""Rpp30"", ""Tipin"", ""Rfc3"", ""Kif20a"", ""Dnajc9"", ""Utp18"", ""Rsl1d1"", ""Hells"", ""Spdl1"", ""Abcf2"", ""Nup107"", ""Incenp"", ""Mis18bp1"", ""Actn4"", ""Cstf2"", ""Nup62"", ""Nde1"", ""Mcm3"", ""Tdp2"", ""Grwd1"", ""Fen1"", ""Suz12"", ""Dctpp1"", ""Actl6a"", ""Trip13"", ""Rcc1"", ""Gmnn"", ""Sf3b5"", ""Rad51"", ""Rfc5"", ""Kpnb1"", ""Hmgn5"", ""Polr3k"", ""Rars"", ""Nsun2"", ""Hsph1"", ""Psmc2"", ""Bysl"", ""Eif3b"", 
""Cdc7"", ""Mrpl12"", ""Hars"", ""Psmd13"", ""Mrps25"", ""Gtse1"", ""Fam162a"", ""Ldha"", ""Psmb3"", ""Snrnp40"", ""Rad51ap1"", ""Snrpa1"", ""Ect2"", ""Ivns1abp"", ""Eif6"", ""Ttk"", ""Cinp"", ""Pfdn6"", ""Rpa1"", ""Rfc4"", ""Polr2e"", ""Kif4"", ""Eed"", ""E2f8"", ""Ftsj3"", ""Nxt1"", ""Bub1"", ""Abce1"", ""Tcerg1"", ""Tk1"", ""Hprt"", ""Nop2"")"
"24","GOBP_CHROMOSOME_ORGANIZATION","2.42222543482096e-23","1.06857406682294e-20","1.25451347943706","-0.604530076623847","-2.46990222790011","267","c(""Hmgb1"", ""H3f3b"", ""Mcm7"", ""Top2a"", ""Nusap1"", ""Pcna"", ""Hsp90aa1"", ""Nop10"", ""Xrcc6"", ""Hnrnpa2b1"", ""H3f3a"", ""Ran"", ""Ezh2"", ""Smc2"", ""Nasp"", ""Hnrnpu"", ""Cct8"", ""Hnrnpd"", ""Anapc5"", ""Smc4"", ""Nudc"", ""Mad1l1"", ""Gnl3"", ""Cct3"", ""Trim28"", ""Spc25"", ""Bub3"", ""Cdk1"", ""Ptges3"", ""Birc5"", ""Ncapd2"", ""Rad21"", ""Tacc3"", ""Smc3"", ""Stag2"", ""Tcp1"", ""Ccne2"", ""Ncaph"", ""Mcm6"", ""Nppc"", ""Ddx1"", ""Ssbp1"", ""Ube2c"", ""Smarca5"", ""Spc24"", ""Suv39h1"", ""Kif23"", ""Prc1"", ""Smarcc1"", ""Fbxo5"", ""Dhx9"", ""Ruvbl1"", ""Ruvbl2"", ""Ccnb1"", ""Uchl5"", ""Dkc1"", 
""Mzt1"", ""Gar1"", ""Aurkb"", ""Hat1"", ""Mcm5"", ""Rmi2"", ""Ncapg"", ""Kif11"", ""Psmc3ip"", ""Cdk2"", ""Mad2l1"", ""Racgap1"", ""Ncapd3"", ""Cct7"", ""Mcm2"", ""Ndc80"", ""Plk1"", ""Esco2"", ""Kif22"", ""Xrcc1"", ""Cdc20"", ""Tubg1"", ""Cdca8"", ""Bcl7a"", ""Mcm4"", ""Apex1"", ""Cenpw"", ""Bub1b"", ""Spdl1"", ""Nup107"", ""Incenp"", ""Psmg2"", ""Nup62"", ""Naa10"", ""Pds5b"", ""Mcm3"", ""Fen1"", ""Actl6a"", ""Smarca4"", ""Trip13"", ""Tpx2"", ""Rad51"", ""Kpnb1"", ""Sfpq"", ""Kif18a"", ""Cdc16"", ""Hjurp"", ""Cdt1"", ""Tinf2"", ""Nuf2"", ""Gins1"", ""Ndc1"", ""Aaas"", ""Nsmce2"", ""Hnrnpc"", ""Ttk"", ""Rpa1"", 
""Blm"", ""Cenpk"", ""Bub1"", ""Rpa2"", ""Parp1"", ""Cenph"", ""Kif2c"", ""Ctc1"", ""Anapc15"", ""Naa50"", ""Nek2"", ""Gins2"", ""Cenpc1"", ""Mybl2"", ""Cenpo"", ""Ccsap"", ""Cdc45"", ""Kif14"", ""Seh1l"", ""Ddx11"", ""Kif18b"", ""Cenpe"", ""Mapk1"", ""Cct5"", ""Kif2a"", ""Ncapg2"", ""Cenpp"", ""Cenpa"", ""Phb2"", ""Itpa"", ""Espl1"", ""Drg1"", ""Baz1b"", ""Cdc6"", ""Cct2"", ""Knstrn"", ""Mis18a"", ""Recql"", ""Pds5a"", ""Chek2"", ""Cdca5"", ""Spag5"", ""Syce2"", ""Oip5"", ""Lig4"", ""Cenpn"", ""Zwilch"", ""Smc5"", ""Nup133"", ""Pinx1"", ""Smc1a"", ""Smarcb1"")"
"25","GOCC_CONDENSED_CHROMOSOME","1.0523179776409e-16","1.47196185409039e-14","1.05746357275086","-0.649742900537716","-2.46896361873481","148","c(""Hmgb1"", ""Cbx3"", ""Top2a"", ""Hmgb2"", ""Tuba1a"", ""H3f3a"", ""Banf1"", ""Smc2"", ""Dynll1"", ""Hnrnpu"", ""Plk5"", ""Smc4"", ""Mad1l1"", ""Spc25"", ""Bub3"", ""Nifk"", ""Birc5"", ""Ncapd2"", ""Rad21"", ""Smc3"", ""Cbx5"", ""Mki67"", ""Ncaph"", ""Smarca5"", ""Spc24"", ""Smarcc1"", ""Ccnb1"", ""Nsmce4a"", ""Aurkb"", ""Cenpl"", ""Aurka"", ""Rangap1"", ""Ska2"", ""Ncapg"", ""Psmc3ip"", ""Cdk2"", ""Mad2l1"", ""Ckap5"", ""Ctcf"", ""Ncapd3"", ""Ndc80"", ""Plk1"", ""Nup85"", ""Cdc20"", ""Tubg1"", ""Cenpw"", ""Bub1b"", ""Nsmce1"", ""Spdl1"", ""Nup107"", ""Incenp"", ""Cenpf"", ""Nde1"", ""Meaf6"", ""Actl6a"", 
""Smarca4"", ""Rcc1"", ""Rad51"", ""Kif18a"", ""Hjurp"", ""Cdt1"", ""Nuf2"", ""Cfdp1"", ""Nsmce2"", ""Pes1"", ""Ttk"", ""Rpa1"", ""Blm"", ""Cenpk"", ""Bub1"", ""Ska1"", ""Cenph"", ""Nup37"", ""Kif2c"", ""Topbp1"", ""Nek2"", ""Cenpc1"", ""Pmf1"", ""Cenpo"", ""Xlr3b"", ""Seh1l"", ""Lrpprc"", ""Ercc6l"", ""Ska3"", ""Cenpe"", ""P3h4"", ""Ncapg2"", ""Cenpp"", ""Cenpa"", ""Orc2"", ""Nup43"", ""Brca1"", ""Sec13"", ""Baz1b"", ""Knstrn"", ""Spag5"", ""Syce2"", ""Lig4"", ""Cenpn"", ""Zwilch"", ""Smc5"", ""Nup133"", ""Pinx1"", ""Smc1a"", ""Smarcb1"", ""Chek1"")"
"26","GOBERT_OLIGODENDROCYTE_DIFFERENTIATION_UP","8.23802428227312e-31","7.87417820980606e-28","1.43902565267782","-0.573382768830326","-2.46347084657381","441","c(""Stmn1"", ""Cdca7"", ""Anp32e"", ""Ncl"", ""Rbbp4"", ""Mcm7"", ""Hmgn2"", ""Top2a"", ""Nusap1"", ""Hmgb2"", ""Larp7"", ""Dut"", ""Pa2g4"", ""Mns1"", ""Lmnb1"", ""Ezh2"", ""Nop58"", ""Smc2"", ""Rgcc"", ""Lig1"", ""Cks2"", ""Dynll1"", ""Rrm2"", ""Nasp"", ""Smc4"", ""Mad1l1"", ""Nucks1"", ""Slbp"", ""Spc25"", ""Tcof1"", ""Ccna2"", ""Dnmt1"", ""Cdk1"", ""Myb"", ""Birc5"", ""Ncapd2"", ""Kpna2"", ""Tacc3"", ""Cdca4"", ""Dbf4"", ""Ccne2"", ""Mki67"", ""Ncaph"", ""Mcm6"", ""Pbk"", ""Ube2c"", ""Spc24"", ""Suv39h1"", ""Lsm2"", ""Kif23"", ""Prc1"", ""Lockd"", ""Fbxo5"", ""Rrm1"", ""Lsm5"", ""Cks1b"", ""Ccnb1"", ""Ckap2"", 
""Asf1b"", ""Uchl5"", ""Dkc1"", ""Lyar"", ""Cdca3"", ""Srm"", ""Aurkb"", ""Cenpl"", ""Aurka"", ""Hat1"", ""Usp1"", ""Rangap1"", ""Mcm5"", ""Ska2"", ""Ncapg"", ""Kif11"", ""Psmc3ip"", ""Hmmr"", ""Pabpc1"", ""Atad2"", ""Pola1"", ""Cdk2"", ""Mad2l1"", ""Haus3"", ""Mxd3"", ""Ckap5"", ""Haus4"", ""Ccnf"", ""Tyms"", ""Racgap1"", ""Wdr76"", ""Mcm2"", ""Lin9"", ""Ndc80"", ""Kif20b"", ""Plk1"", ""Uhrf1"", ""Net1"", ""Esco2"", ""Nup85"", ""Kif22"", ""Prim2"", ""Hmgb3"", ""Xrcc1"", ""Depdc1a"", ""Cdc20"", ""Tcf19"", ""Ccnb2"", ""Cdca8"", ""Plk4"", ""Mcm4"", ""Ube2t"", ""Cenpw"", ""Ctdspl2"", ""Ccdc34"", ""Tipin"", ""Rfc3"", 
""Msh6"", ""Kif20a"", ""Dnajc9"", ""Bub1b"", ""Hells"", ""Spdl1"", ""Nup107"", ""Incenp"", ""Ckap2l"", ""Mis18bp1"", ""Cenpf"", ""Rps6ka6"", ""Spats2l"", ""Mcm3"", ""Tdp2"", ""E2f2"", ""Grwd1"", ""Fen1"", ""Arhgap19"", ""Dctpp1"", ""Trip13"", ""Rcc1"", ""Gmnn"", ""Hirip3"", ""Tpx2"", ""Rad51"", ""Rfc5"", ""Hmgn5"", ""Kif18a"", ""Cdc7"", ""Hjurp"", ""Cdt1"", ""Cacng4"", ""Tex30"", ""Gtse1"", ""Nuf2"", ""Shcbp1"", ""Gins1"", ""Ndc1"", ""Rad51ap1"", ""Aaas"", ""Ect2"", ""Haus5"", ""Ttk"", ""Rpa1"", ""Pold2"", ""Rfc4"", ""Cdkn2c"", ""Noc2l"", ""Cep70"", ""Kif4"", ""Blm"", ""Ptov1"", ""Gemin6"", ""Fam72a"", ""Cenpk"", 
""Atad5"", ""Rbmx2"", ""Anks1"", ""Bub1"", ""Stub1"", ""Rpa2"", ""Tk1"", ""Pdzrn3"", ""Pold3"", ""Ska1"", ""Taf15"", ""Gfod2"", ""Cenph"", ""Isoc1"", ""Bora"", ""Nolc1"", ""Nup37"", ""Kif2c"", ""Lmnb2"", ""Aen"", ""Lrr1"", ""Zfp101"", ""Ctc1"", ""Nek2"", ""Gins2"", ""Clic1"", ""Pmf1"", ""Mybl2"", ""Foxm1"", ""E2f7"", ""Cdc45"", ""Exosc8"", ""Timeless"", ""Pidd1"", ""Nt5dc2"", ""Clspn"", ""Ercc6l"", ""Ddx11"", ""Kif18b"", ""Sass6"", ""Ska3"", ""Cenpe"", ""Pola2"", ""Hyls1"", ""Lsm4"", ""Mms22l"", ""Arhgap11a"", ""Siva1"", ""Rfc2"", ""Cdkn3"", ""Zc3h8"", ""Sephs1"", ""Ncapg2"", ""Cenpp"", ""Enkd1"", ""Fignl1"", 
""Cenpa"", ""Nup43"", ""Aspm"", ""Prim1"", ""Espl1"", ""Impa2"", ""Dnaaf2"", ""Exo1"", ""Sart3"", ""Cdc6"", ""Knstrn"", ""Mis18a"", ""Ppargc1b"", ""Rnf26"", ""Melk"", ""Thyn1"", ""Chek2"", ""Cdca5"", ""Brip1os"", ""Spag5"", ""Prr11"", ""Aunip"", ""Nup54"", ""Oip5"", ""Hira"", ""Cenpn"", ""Zwilch"", ""Nup133"", ""Shmt1"", ""Chek1"", ""Dtl"", ""Haus6"", ""Pif1"", ""Cit"", ""L3mbtl2"", ""Pafah1b3"", ""Pold1"", ""Taf5"", ""Cmc2"", ""Rrp12"", ""Akap12"", ""Traip"", ""Wdhd1"", ""Ppif"", ""Gpatch4"", ""Trim59"", ""Myg1"")"
"27","GOBP_SISTER_CHROMATID_SEGREGATION","8.67072751511081e-15","7.76978473424383e-13","0.986546283587582","-0.667799708573302","-2.45058021836074","114","c(""Top2a"", ""Nusap1"", ""Ran"", ""Smc2"", ""Hnrnpu"", ""Anapc5"", ""Smc4"", ""Nudc"", ""Mad1l1"", ""Spc25"", ""Bub3"", ""Cdk1"", ""Birc5"", ""Ncapd2"", ""Rad21"", ""Tacc3"", ""Smc3"", ""Stag2"", ""Ncaph"", ""Ube2c"", ""Smarca5"", ""Spc24"", ""Kif23"", ""Prc1"", ""Smarcc1"", ""Fbxo5"", ""Ccnb1"", ""Mzt1"", ""Aurkb"", ""Rmi2"", ""Ncapg"", ""Kif11"", ""Mad2l1"", ""Racgap1"", ""Ncapd3"", ""Ndc80"", ""Plk1"", ""Kif22"", ""Cdc20"", ""Tubg1"", ""Cdca8"", ""Bcl7a"", ""Bub1b"", ""Spdl1"", ""Incenp"", ""Psmg2"", ""Nup62"", ""Actl6a"", ""Smarca4"", ""Trip13"", ""Tpx2"", ""Kpnb1"", ""Kif18a"", ""Cdc16"", ""Cdt1"", 
""Nuf2"", ""Aaas"", ""Nsmce2"", ""Ttk"", ""Cenpk"", ""Bub1"", ""Kif2c"", ""Anapc15"", ""Nek2"", ""Cenpc1"", ""Mybl2"", ""Ccsap"", ""Kif14"", ""Seh1l"", ""Kif18b"", ""Cenpe"", ""Kif2a"", ""Ncapg2"", ""Espl1"", ""Drg1"", ""Baz1b"", ""Cdc6"", ""Knstrn"", ""Chek2"", ""Cdca5"", ""Spag5"", ""Zwilch"", ""Pinx1"", ""Smc1a"", ""Smarcb1"")"
"28","GOBP_MRNA_METABOLIC_PROCESS","7.35428545660729e-20","1.83377509102795e-17","1.15122052214226","-0.613370573582969","-2.44927512470069","214","c(""Srsf3"", ""Snrpf"", ""Hnrnpm"", ""Ybx1"", ""Ncl"", ""Hnrnpa3"", ""Alyref"", ""Hnrnpab"", ""Rbm8a"", ""Snrpg"", ""Hnrnpa2b1"", ""Srsf2"", ""Snrpd3"", ""U2af1"", ""Larp7"", ""Lsm3"", ""Eif4a3"", ""Srsf7"", ""Snrpd2"", ""Snrpd1"", ""Hnrnpa1"", ""Lsm7"", ""Hnrnpdl"", ""Rbmxl1"", ""U2af2"", ""Ddx39b"", ""Pcbp1"", ""Hnrnpu"", ""Hnrnpd"", ""Srsf10"", ""Slbp"", ""C1qbp"", ""Snrpb"", ""Clns1a"", ""Magoh"", ""Raly"", ""Snrpb2"", ""Wbp11"", ""Rnps1"", ""Hspa8"", ""Snrpe"", ""Lsm8"", ""Ssb"", ""Ddx1"", ""Srsf6"", ""Syncrip"", ""Srsf1"", ""Lsm2"", ""Dhx9"", ""Lsm5"", ""Ccnb1"", ""Dkc1"", ""Exosc2"", ""Thoc7"", 
""Sf3b4"", ""Pabpc1"", ""Sf3a3"", ""Srrm1"", ""Gspt1"", ""Mrto4"", ""Hnrnpr"", ""Rbm24"", ""Npm1"", ""Phf5a"", ""Exosc3"", ""Leo1"", ""Lsm6"", ""Nudt21"", ""Apex1"", ""Slirp"", ""Psip1"", ""Smu1"", ""Snrpc"", ""Srsf9"", ""Prpf19"", ""Zcchc8"", ""Zcrb1"", ""Strap"", ""Eftud2"", ""Prpf40a"", ""Cstf2"", ""Rbm17"", ""Sf3a2"", ""Sf3b5"", ""Atf1"", ""Sfpq"", ""Sap18"", ""Nsun2"", ""Thoc6"", ""Taf3"", ""Snrpa"", ""Ptbp1"", ""Snrnp40"", ""Snrpa1"", ""Tbrg4"", ""Thoc3"", ""Khsrp"", ""Hnrnpc"", ""Caprin1"", ""Ppp1r8"", ""Mettl16"", ""Gemin6"", ""Bcas2"", ""Rbmx2"", ""Snrnp35"", ""Rbm28"", ""Tcerg1"", ""Taf15"", 
""Polr2d"", ""Tssc4"", ""Txnl4a"")"
"29","HOFFMANN_LARGE_TO_SMALL_PRE_BII_LYMPHOCYTE_UP","7.58984624241011e-15","6.90916955559079e-13","0.986546283587582","-0.659192370692041","-2.43814903049161","124","c(""Stmn1"", ""Tubb5"", ""Tuba1b"", ""Anp32e"", ""Tubb4b"", ""Cbx1"", ""Top2a"", ""Nusap1"", ""Ube2s"", ""Anp32b"", ""Tuba1a"", ""Psmc3"", ""Smc2"", ""Lig1"", ""Cks2"", ""Rrm2"", ""Nasp"", ""Smc4"", ""Nudc"", ""Nucks1"", ""Tmpo"", ""Ccna2"", ""Dnmt1"", ""Cdk1"", ""Kpna2"", ""Dbf4"", ""Cbx5"", ""Mki67"", ""Ncaph"", ""Mcm6"", ""Ube2c"", ""Myef2"", ""Kif23"", ""Prc1"", ""Rrm1"", ""Cks1b"", ""Ccnb1"", ""Cdca3"", ""Aurkb"", ""Cenpl"", ""Aurka"", ""Ddx19a"", ""Pola1"", ""Ckap5"", ""Gspt1"", ""Racgap1"", ""Ndc80"", ""Kif22"", ""Hmgb3"", ""Cdc20"", ""Ccnb2"", ""Plk4"", ""Slc29a1"", ""Ube2t"", ""Rfc3"", ""Kif20a"", 
""Hells"", ""Spdl1"", ""Aars"", ""Incenp"", ""Mis18bp1"", ""Actn4"", ""Fen1"", ""Azin1"", ""Dctpp1"", ""Trip13"", ""Rad51"", ""Rfc5"", ""Hjurp"", ""Ldha"", ""Ect2"", ""Ttk"", ""Rpa1"", ""Cdkn2c"", ""Kif4"", ""E2f8"", ""Bub1"", ""Tk1"", ""Kif2c"", ""Ctc1"", ""Nek2"", ""Anln"")"
"30","REACTOME_M_PHASE","2.51488529091983e-18","4.50714598232038e-16","1.10533657731401","-0.616817398018666","-2.43529978993133","201","c(""Tubb5"", ""Tuba1b"", ""Tubb4b"", ""Arpp19"", ""Set"", ""Hsp90aa1"", ""Ube2s"", ""Tuba1a"", ""Ran"", ""Banf1"", ""Ywhae"", ""Psma6"", ""Rcc2"", ""Lmnb1"", ""Psmc3"", ""Smc2"", ""Dynll1"", ""Anapc5"", ""Smc4"", ""Nudc"", ""Mad1l1"", ""Spc25"", ""Bub3"", ""Tubb2a"", ""Psmc4"", ""Cdk1"", ""Ncapd2"", ""Rad21"", ""Smc3"", ""Lbr"", ""Stag2"", ""Psmc6"", ""Ncaph"", ""Ube2c"", ""Spc24"", ""Kif23"", ""Fbxo5"", ""Ccnb1"", ""Mzt1"", ""Aurkb"", ""Cenpl"", ""Psmd3"", ""Rangap1"", ""Ska2"", ""Ncapg"", ""Mad2l1"", ""Psma7"", ""Haus3"", ""Ckap5"", ""Haus4"", ""Ssna1"", ""Psmb6"", ""Ncapd3"", ""Ndc80"", ""Plk1"", ""Nup85"", 
""Cdc20"", ""Ccnb2"", ""Tubg1"", ""Cdca8"", ""Plk4"", ""Cep57"", ""Kif20a"", ""Dynll2"", ""Bub1b"", ""Spdl1"", ""Nup107"", ""Incenp"", ""Cenpf"", ""Nup62"", ""Tuba1c"", ""Nde1"", ""Pds5b"", ""Psmd14"", ""Rcc1"", ""Kpnb1"", ""Kif18a"", ""Cdc16"", ""Psmc2"", ""Psmd13"", ""Nuf2"", ""Psmb3"", ""Ndc1"", ""Aaas"", ""Psmc5"", ""Psmd2"", ""Haus5"", ""Psmc1"", ""Psmd12"", ""Psmb7"", ""Cep70"", ""Psmd6"", ""Cenpk"", ""Bub1"", ""Ska1"", ""Psma2"", ""Mastl"", ""Cenph"", ""Pcm1"", ""Nup37"", ""Kif2c"", ""Anapc15"", ""Nek2"", ""Cenpc1"", ""Pmf1"", ""Cenpo"", ""Cep41"", ""Odf2"", ""Seh1l"", ""Psmb2"", ""Ercc6l"", ""Nup205"", 
""Nup188"", ""Cenpe"", ""Mapk1"", ""Psmd1"", ""Kif2a"", ""Ncapg2"", ""Cenpp"", ""Cenpa"")"
"31","GOBP_PROTON_MOTIVE_FORCE_DRIVEN_ATP_SYNTHESIS","4.64380275207998e-11","2.10662957411297e-09","0.851339057116899","-0.807255661225092","-2.43176710902819","38","c(""Atp5k"", ""Atp5b"", ""Atp5j2"", ""Ndufa5"", ""Atp5e"", ""Atp5g3"", ""Ndufc1"", ""Atp5g1"", ""Ndufs6"", ""Atp5j"", ""Ndufb4"", ""Atp5h"", ""Ndufa12"", ""Sdhb"", ""Ndufab1"", ""Ndufb7"", ""Ndufb2"", ""Atp5o"", ""Atp5l"", ""Atp5a1"", ""Ndufb6"", ""Atp5c1"")"
"32","MORI_PRE_BI_LYMPHOCYTE_UP","4.89575877692511e-12","2.59973857274681e-10","0.887074988399873","-0.712610138957863","-2.42867293432841","69","c(""Stmn1"", ""Tubb5"", ""Tuba1b"", ""Dntt"", ""Cdca7"", ""Anp32e"", ""Rbbp4"", ""Tubb4b"", ""Mcm7"", ""Mif"", ""Hmgn2"", ""Top2a"", ""Hnrnpab"", ""Tuba1a"", ""Ran"", ""Txn1"", ""Dbi"", ""Lmnb1"", ""Lig1"", ""Rrm2"", ""Smc4"", ""Nucks1"", ""Phgdh"", ""Cdk1"", ""Kpna2"", ""Mki67"", ""Ncaph"", ""Mcm6"", ""Ube2c"", ""Prc1"", ""Smarcc1"", ""Rrm1"", ""Cks1b"", ""Cdca3"", ""Aurka"", ""Racgap1"", ""Mcm2"", ""Ndc80"", ""Hmgb3"", ""Cdc20"", ""Ccnb2"", ""Slc29a1"")"
"33","LAZARO_GENETIC_MOUSE_MODEL_HIGH_GRADE_LARGE_CELL_NEUROENDOCRINE_LUNG_CARCINOMA_UP","4.49880473625749e-23","1.84290322588834e-20","1.24623277191648","-0.588334233269105","-2.42853318558037","302","c(""Cdca7"", ""Mcm7"", ""Mif"", ""Ranbp1"", ""Top2a"", ""Nusap1"", ""Pcna"", ""Hmgb2"", ""Dut"", ""Snrpd1"", ""Lmnb1"", ""Ezh2"", ""Nop58"", ""Smc2"", ""Taf1d"", ""Lig1"", ""Cks2"", ""Nasp"", ""Smc4"", ""Slbp"", ""Spc25"", ""Tube1"", ""Rbbp7"", ""Ccna2"", ""Dnmt1"", ""Cdk1"", ""Birc5"", ""Ncapd2"", ""Kpna2"", ""Tacc3"", ""Dbf4"", ""Ccne2"", ""Mki67"", ""Ncaph"", ""Mcm6"", ""Pbk"", ""Eri1"", ""Ube2c"", ""Spc24"", ""Kif23"", ""Prc1"", ""Smarcc1"", ""Fbxo5"", ""Dtymk"", ""Rrm1"", ""Ccnb1"", ""Ckap2"", ""Asf1b"", ""Exosc2"", ""Aurkb"", ""Cenpl"", ""Aurka"", ""Hat1"", ""Usp1"", ""Rangap1"", ""Mcm5"", ""Ncapg"", ""Kif11"", 
""Hmmr"", ""Atad2"", ""Pola1"", ""Cdk2"", ""Mad2l1"", ""Ccnf"", ""Tyms"", ""Racgap1"", ""Wdr76"", ""Uck2"", ""Ncapd3"", ""Mcm2"", ""Ndc80"", ""Kif20b"", ""Plk1"", ""Uhrf1"", ""Esco2"", ""Kif22"", ""Prim2"", ""Cdkn1c"", ""Depdc1a"", ""Cdc20"", ""Tcf19"", ""Ccnb2"", ""Tubg1"", ""Cdca8"", ""Plk4"", ""Pgk1"", ""Mcm4"", ""Ccdc34"", ""Tipin"", ""Rfc3"", ""Msh6"", ""Kif20a"", ""Bub1b"", ""Hells"", ""Spdl1"", ""Incenp"", ""Nt5c2"", ""Ckap2l"", ""Mis18bp1"", ""Cenpf"", ""Tuba1c"", ""Mcm3"", ""Egln3"", ""Fen1"", ""Arhgap19"", ""Trip13"", ""Tpx2"", ""Rad51"", ""Rfc5"", ""Kif18a"", ""Hjurp"", ""Nrm"", ""Cdt1"", ""Gtse1"", 
""Nuf2"", ""Shcbp1"", ""Gins1"", ""Ndc1"", ""Neil3"", ""Rnaseh2b"", ""Ect2"", ""Kcnk1"", ""Ttk"", ""Rpa1"", ""Pold2"", ""Rfc4"", ""Kif4"", ""Blm"", ""E2f8"", ""Cenpk"", ""Atad5"", ""Bub1"", ""Rpa2"", ""Tk1"", ""Mastl"", ""Cenph"", ""Ssrp1"", ""Bora"", ""Kif2c"", ""Topbp1"", ""Naa50"", ""Nek2"", ""Anln"", ""Gins2"", ""Pmf1"", ""Foxm1"", ""Ipo5"", ""Kif15"", ""E2f7"", ""Cdc45"", ""Kif14"", ""Casp8ap2"", ""Clspn"", ""Bard1"", ""Nup205"", ""Kif18b"", ""Gpsm2"", ""Ska3"", ""Cenpe"", ""Pola2"", ""Cdc25a"", ""Mms22l"", ""Arhgap11a"", ""Rfc2"", ""Cdkn3"", ""Ncapg2"", ""Fignl1"", ""Cenpa"", ""Cacnb3"", ""Aspm"", ""Prim1"", 
""Brca1"", ""Exo1"", ""Cdc6"", ""Knstrn"", ""Pkm"", ""Melk"", ""Chek2"", ""Cdca5"", ""Spag5"", ""Prr11"", ""Oip5"", ""Psat1"", ""Cenpn"", ""Zwilch"", ""F3"", ""Chek1"", ""Dtl"", ""Rbm3"")"
"34","GOBP_OXIDATIVE_PHOSPHORYLATION","2.15812826435995e-11","1.04888691492409e-09","0.863415391606693","-0.703056445672199","-2.42467375058468","72","c(""Atp5k"", ""Atp5b"", ""Cox7c"", ""Uqcr11"", ""Atp5j2"", ""Cycs"", ""Ndufa5"", ""Atp5e"", ""Uqcr10"", ""Cox7a2"", ""Uqcrq"", ""Ndufc1"", ""Cox7b"", ""Ndufs6"", ""Dnajc15"", ""Atp5j"", ""Ndufb4"", ""Cox6a1"", ""Atp5h"", ""Cox5b"", ""Ndufa12"", ""Sdhb"", ""Cdk1"", ""Ndufab1"", ""Ndufb7"", ""Ndufb2"", ""Uqcrb"", ""Atp5o"", ""Ccnb1"", ""Cyc1"", ""Atp5a1"", ""Ndufb6"", ""Atp5c1"")"
"35","GOCC_CATALYTIC_STEP_2_SPLICEOSOME","4.66507333761722e-11","2.10662957411297e-09","0.851339057116899","-0.758124979549238","-2.42154431082704","49","c(""Snrpf"", ""Hnrnpm"", ""Hnrnpa3"", ""Alyref"", ""Rbm8a"", ""Snrpg"", ""Hnrnpa2b1"", ""Snrpd3"", ""U2af1"", ""Lsm3"", ""Eif4a3"", ""Snrpd2"", ""Snrpd1"", ""Hnrnpa1"", ""Lsm7"", ""Hnrnpu"", ""Snrpb"", ""Magoh"", ""Raly"", ""Snrpb2"", ""Snrpe"", ""Syncrip"", ""Srsf1"", ""Lsm2"", ""Pabpc1"", ""Sf3a3"", ""Srrm1"", ""Hnrnpr"", ""Prpf19"", ""Zcchc8"", ""Eftud2"", ""Sf3a2"", ""Snrnp40"", ""Snrpa1"", ""Hnrnpc"")"
"36","GOCC_CHROMOSOME_CENTROMERIC_REGION","2.33504266520196e-14","1.94079270796134e-12","0.97599468306432","-0.6531575155136","-2.41582796465914","124","c(""Cbx3"", ""Cbx1"", ""Top2a"", ""H3f3a"", ""Rcc2"", ""Ezh2"", ""Dynll1"", ""Hnrnpu"", ""Plk5"", ""Smc4"", ""Mad1l1"", ""Spc25"", ""Bub3"", ""Dnmt1"", ""Birc5"", ""Ncapd2"", ""Rad21"", ""Smc3"", ""Stag2"", ""Cbx5"", ""Mki67"", ""Smarca5"", ""Spc24"", ""Suv39h1"", ""Smarcc1"", ""Ccnb1"", ""Pole3"", ""Aurkb"", ""Cenpl"", ""Aurka"", ""Rangap1"", ""Ska2"", ""Ncapg"", ""Mad2l1"", ""Ckap5"", ""Ctcf"", ""Ncapd3"", ""Ndc80"", ""Plk1"", ""Esco2"", ""Nup85"", ""Cdc20"", ""Cdca8"", ""Cenpw"", ""Bub1b"", ""Nsmce1"", ""Hells"", ""Spdl1"", ""Nup107"", ""Incenp"", ""Mis18bp1"", ""Cenpf"", ""Nde1"", ""Meaf6"", ""Actl6a"", 
""Smarca4"", ""Kif18a"", ""Hjurp"", ""Cdt1"", ""Nuf2"", ""Cfdp1"", ""Ttk"", ""Cenpk"", ""Bub1"", ""Ska1"", ""Cenph"", ""Nup37"", ""Kif2c"", ""Nek2"", ""Cenpc1"", ""Pmf1"", ""Cenpo"", ""Seh1l"", ""Ercc6l"", ""Ska3"", ""Cenpe"", ""Fmr1"", ""Cenpp"", ""Cenpa"", ""Orc2"", ""Nup43"", ""Sec13"", ""Baz1b"", ""Knstrn"", ""Mis18a"", ""Spag5"", ""Oip5"", ""Cenpn"", ""Zwilch"", ""Smc5"", ""Nup133"", ""Pinx1"", ""Smc1a"", ""Smarcb1"")"
"37","GOBP_MITOTIC_SISTER_CHROMATID_SEGREGATION","1.05315794875924e-12","6.22666065580848e-11","0.910119734774459","-0.668158342919232","-2.41097120552489","100","c(""Nusap1"", ""Ran"", ""Smc2"", ""Hnrnpu"", ""Anapc5"", ""Smc4"", ""Nudc"", ""Mad1l1"", ""Spc25"", ""Bub3"", ""Cdk1"", ""Birc5"", ""Ncapd2"", ""Rad21"", ""Smc3"", ""Stag2"", ""Ncaph"", ""Ube2c"", ""Smarca5"", ""Spc24"", ""Kif23"", ""Prc1"", ""Fbxo5"", ""Ccnb1"", ""Mzt1"", ""Aurkb"", ""Ncapg"", ""Kif11"", ""Mad2l1"", ""Racgap1"", ""Ncapd3"", ""Ndc80"", ""Plk1"", ""Kif22"", ""Cdc20"", ""Tubg1"", ""Cdca8"", ""Bub1b"", ""Spdl1"", ""Incenp"", ""Psmg2"", ""Nup62"", ""Trip13"", ""Tpx2"", ""Kpnb1"", ""Kif18a"", ""Cdc16"", ""Cdt1"", ""Nuf2"", ""Aaas"", ""Nsmce2"", ""Ttk"", ""Cenpk"", ""Bub1"", ""Kif2c"", ""Anapc15"", 
""Nek2"", ""Cenpc1"", ""Mybl2"", ""Ccsap"", ""Kif14"", ""Seh1l"", ""Kif18b"", ""Cenpe"", ""Kif2a"", ""Ncapg2"", ""Espl1"", ""Drg1"", ""Baz1b"", ""Knstrn"", ""Chek2"", ""Cdca5"", ""Spag5"", ""Zwilch"", ""Pinx1"", ""Smc1a"", ""Cit"")"
"38","HALLMARK_OXIDATIVE_PHOSPHORYLATION","1.70914185612042e-12","9.80192854485062e-11","0.910119734774459","-0.669538121158105","-2.40180528989736","96","c(""Atp5k"", ""Atp5b"", ""Cox7c"", ""Uqcr11"", ""Atp5j2"", ""Ndufa5"", ""Slc25a5"", ""Atp5e"", ""Uqcr10"", ""Cox7a2"", ""Uqcrq"", ""Atp5g3"", ""Ndufc1"", ""Atp5g1"", ""Cox7b"", ""Ndufs6"", ""Atp5j"", ""Cox6a1"", ""Atp5h"", ""Cox5b"", ""Sdhb"", ""Aco2"", ""Ndufa4"", ""Ndufab1"", ""Ndufb7"", ""Ndufb2"", ""Hspa9"", ""Uqcrb"", ""Vdac1"", ""Atp5o"", ""Polr2f"", ""Cyc1"", ""Atp5a1"", ""Ndufb6"", ""Timm13"", ""Atp5c1"", ""Cs"", ""Timm8b"", ""Mrpl15"", ""Idh3a"", ""Vdac2"", ""Timm50"", ""Fxn"", ""Ldha"", ""Cox5a"", ""Mrps11"", ""Mtx2"", ""Cox8a"")"
"39","GOBP_NUCLEAR_CHROMOSOME_SEGREGATION","1.45557176200118e-15","1.60532770289937e-13","1.01754479730988","-0.631112920710331","-2.40011503397882","149","c(""Top2a"", ""Nusap1"", ""Ran"", ""Rcc2"", ""Smc2"", ""Hnrnpu"", ""Anapc5"", ""Smc4"", ""Nudc"", ""Mad1l1"", ""Spc25"", ""Bub3"", ""Cdk1"", ""Birc5"", ""Ncapd2"", ""Rad21"", ""Tacc3"", ""Smc3"", ""Stag2"", ""Ccne2"", ""Ncaph"", ""Ube2c"", ""Smarca5"", ""Spc24"", ""Kif23"", ""Prc1"", ""Smarcc1"", ""Fbxo5"", ""Ccnb1"", ""Mzt1"", ""Aurkb"", ""Aurka"", ""Rmi2"", ""Ncapg"", ""Kif11"", ""Psmc3ip"", ""Mad2l1"", ""Racgap1"", ""Ncapd3"", ""Ndc80"", ""Plk1"", ""Kif22"", ""Cdc20"", ""Ccnb2"", ""Tubg1"", ""Cdca8"", ""Bcl7a"", ""Bub1b"", ""Spdl1"", ""Incenp"", ""Psmg2"", ""Cenpf"", ""Nup62"", ""Actl6a"", ""Smarca4"", 
""Trip13"", ""Tpx2"", ""Kpnb1"", ""Kif18a"", ""Cdc16"", ""Cdt1"", ""Nuf2"", ""Ndc1"", ""Aaas"", ""Ect2"", ""Nsmce2"", ""Ttk"", ""Kif4"", ""Cenpk"", ""Bub1"", ""Kif2c"", ""Anapc15"", ""Nek2"", ""Cenpc1"", ""Pmf1"", ""Mybl2"", ""Ccsap"", ""Kif14"", ""Seh1l"", ""Kif18b"", ""Cenpe"", ""Kif2a"", ""Ncapg2"", ""Aspm"", ""Espl1"", ""Drg1"", ""Baz1b"", ""Cdc6"", ""Knstrn"", ""Chek2"", ""Cdca5"", ""Spag5"", ""Syce2"", ""Dcaf13"", ""Zwilch"", ""Pinx1"", ""Smc1a"", ""Smarcb1"")"
"40","GOCC_CHROMOSOMAL_REGION","1.24462015570657e-16","1.69949918880409e-14","1.04762648849882","-0.621496779106669","-2.39736282385354","168","c(""Cbx3"", ""H3f3b"", ""Rbbp4"", ""Alyref"", ""Cbx1"", ""Top2a"", ""Hnrnpa2b1"", ""H3f3a"", ""Rcc2"", ""Ezh2"", ""Dynll1"", ""Hnrnpu"", ""Plk5"", ""Smc4"", ""Mad1l1"", ""Spc25"", ""Bub3"", ""Rbbp7"", ""Dnmt1"", ""Birc5"", ""Ncapd2"", ""Rad21"", ""Smc3"", ""Stag2"", ""Cbx5"", ""Mki67"", ""Smarca5"", ""Spc24"", ""Suv39h1"", ""Smarcc1"", ""Ccnb1"", ""Pole3"", ""Gar1"", ""Thoc7"", ""Aurkb"", ""Cenpl"", ""Aurka"", ""Rangap1"", ""Ska2"", ""Ncapg"", ""Cdk2"", ""Mad2l1"", ""Hdac2"", ""Ckap5"", ""Ctcf"", ""Ncapd3"", ""Ndc80"", ""Plk1"", ""Esco2"", ""Nup85"", ""Xrcc1"", ""Cdc20"", ""Cdca8"", ""Cenpw"", ""Bub1b"", 
""Nsmce1"", ""Hells"", ""Spdl1"", ""Nup107"", ""Incenp"", ""Mis18bp1"", ""Cenpf"", ""Nde1"", ""Fen1"", ""Meaf6"", ""Actl6a"", ""Smarca4"", ""Rad51"", ""Kif18a"", ""Hjurp"", ""Cdt1"", ""Tinf2"", ""Nuf2"", ""Thoc6"", ""Cfdp1"", ""Rad51ap1"", ""Thoc3"", ""Nsmce2"", ""Ttk"", ""Blm"", ""Cenpk"", ""Bub1"", ""Rpa2"", ""Ska1"", ""Cenph"", ""Nup37"", ""Kif2c"", ""Ctc1"", ""Nek2"", ""Cenpc1"", ""Pmf1"", ""Cenpo"", ""Seh1l"", ""Ercc6l"", ""Ska3"", ""Cenpe"", ""Fmr1"", ""Cenpp"", ""Cenpa"", ""Orc2"", ""Nup43"", ""Sec13"", ""Baz1b"", ""Knstrn"", ""Mis18a"", ""Chek2"", ""Spag5"", ""Oip5"", ""Cenpn"", ""Zwilch"", ""Smc5"", 
""Nup133"", ""Pinx1"", ""Smc1a"", ""Smarcb1"", ""Chek1"")"
"41","GOCC_MITOCHONDRIAL_PROTEIN_CONTAINING_COMPLEX","8.86017622174019e-16","1.0162622126336e-13","1.02766987054358","-0.626992626731581","-2.38591307274584","154","c(""Atp5k"", ""Atp5b"", ""Cox7c"", ""Uqcr11"", ""Atp5j2"", ""Ndufa5"", ""Tomm7"", ""Slc25a5"", ""Atp5e"", ""Romo1"", ""Uqcr10"", ""Cox7a2"", ""Uqcrq"", ""Atp5g3"", ""Ndufc1"", ""Atp5g1"", ""Cox7b"", ""Ndufs6"", ""Dnajc15"", ""Atp5j"", ""Ndufb4"", ""Cox6a1"", ""Atp5h"", ""Cox5b"", ""Ndufa12"", ""Sdhb"", ""Ndufa4"", ""Ndufab1"", ""Tomm40"", ""Wdr93"", ""Ndufb7"", ""Mrpl23"", ""Phb"", ""Ndufb2"", ""Uqcrb"", ""Vdac1"", ""Atp5o"", ""Mrps36"", ""Mrps28"", ""Mrps5"", ""Cyc1"", ""Mrpl49"", ""Atp5l"", ""Mrps18c"", ""Atp5a1"", ""Ndufb6"", ""Mrpl18"", ""Timm13"", ""Atp5c1"", ""Mrps6"", ""Mrpl57"", ""Mrps14"", 
""Mrpl51"", ""Chchd1"", ""Mrpl50"", ""Mrpl15"", ""Idh3a"", ""Mrpl3"", ""Timm50"", ""Mrpl12"", ""Mrps25"", ""Fxn"", ""Cox5a"", ""Tomm6"", ""Mrpl13"", ""Mrps11"", ""Mtx2"", ""Cox8a"")"
"42","GOBP_ATP_METABOLIC_PROCESS","1.97200333246795e-10","7.85377716090535e-09","0.826657301178302","-0.715136114857956","-2.36678074406735","58","c(""Atp5k"", ""Atp5b"", ""Atp5j2"", ""Ndufa5"", ""Atp5e"", ""Atp5g3"", ""Ndufc1"", ""Atp5g1"", ""Ndufs6"", ""Atp5j"", ""Ndufb4"", ""Atp5h"", ""Ndufa12"", ""Sdhb"", ""Ndufab1"", ""Hspa8"", ""Ndufb7"", ""Ndufb2"", ""Atp5o"", ""Atp5l"", ""Atp5a1"", ""Ndufb6"", ""Atpif1"", ""Atp5c1"")"
"43","REACTOME_ORGANELLE_BIOGENESIS_AND_MAINTENANCE","2.40672077315871e-11","1.15513993382233e-09","0.863415391606693","-0.665060626557567","-2.36615851840371","89","c(""Tubb5"", ""Tuba1b"", ""Atp5k"", ""Atp5b"", ""Tubb4b"", ""Atp5j2"", ""Cycs"", ""Hsp90aa1"", ""Atp5e"", ""Tuba1a"", ""Ywhae"", ""Atp5g3"", ""Dynll1"", ""Atp5g1"", ""Atp5j"", ""Atp5h"", ""Tubb2a"", ""Cdk1"", ""Atp5o"", ""Haus3"", ""Ckap5"", ""Haus4"", ""Ssna1"", ""Atp5l"", ""Atp5a1"", ""Plk1"", ""Atp5c1"", ""Tubg1"", ""Plk4"", ""Cep57"", ""Dynll2"", ""Tuba1c"", ""Nde1"")"
"44","GOBP_REGULATION_OF_CHROMOSOME_ORGANIZATION","4.70411924263579e-13","3.06569589278594e-11","0.921426003494898","-0.641225424505829","-2.36519211491615","119","c(""H3f3b"", ""Top2a"", ""Hnrnpa2b1"", ""H3f3a"", ""Smc2"", ""Hnrnpu"", ""Cct8"", ""Hnrnpd"", ""Anapc5"", ""Smc4"", ""Mad1l1"", ""Gnl3"", ""Cct3"", ""Trim28"", ""Spc25"", ""Bub3"", ""Cdk1"", ""Birc5"", ""Ncapd2"", ""Rad21"", ""Tacc3"", ""Tcp1"", ""Ncaph"", ""Ube2c"", ""Smarca5"", ""Spc24"", ""Smarcc1"", ""Fbxo5"", ""Ruvbl1"", ""Ruvbl2"", ""Ccnb1"", ""Uchl5"", ""Dkc1"", ""Aurkb"", ""Rmi2"", ""Ncapg"", ""Cdk2"", ""Mad2l1"", ""Cct7"", ""Mcm2"", ""Ndc80"", ""Plk1"", ""Xrcc1"", ""Cdc20"", ""Cdca8"", ""Bcl7a"", ""Bub1b"", ""Spdl1"", ""Incenp"", ""Psmg2"", ""Naa10"", ""Fen1"", ""Actl6a"", ""Smarca4"", ""Trip13"", 
""Sfpq"", ""Cdc16"", ""Tinf2"", ""Nuf2"", ""Nsmce2"", ""Hnrnpc"", ""Ttk"", ""Bub1"", ""Parp1"", ""Ctc1"", ""Anapc15"", ""Nek2"")"
"45","REACTOME_RNA_POLYMERASE_II_TRANSCRIPTION_TERMINATION","1.21833287785988e-09","4.08604623071721e-08","0.788186810800237","-0.827525686649144","-2.36498073224162","29","c(""Srsf3"", ""Snrpf"", ""Alyref"", ""Rbm8a"", ""Snrpg"", ""Srsf2"", ""Snrpd3"", ""U2af1"", ""Eif4a3"", ""Srsf7"", ""U2af2"", ""Ddx39b"", ""Slbp"", ""Snrpb"", ""Magoh"", ""Rnps1"", ""Snrpe"", ""Srsf1"", ""Thoc7"", ""Srrm1"", ""Nudt21"", ""Srsf9"", ""Cstf2"")"
"46","GOCC_ATPASE_COMPLEX","6.44584776032566e-10","2.36967544265818e-08","0.801215574617779","-0.74788419258502","-2.36323328321745","47","c(""Atp5k"", ""Atp5b"", ""Dek"", ""Anp32e"", ""Rbbp4"", ""Atp5j2"", ""Atp5e"", ""Ddx21"", ""Atp5g3"", ""Atp5g1"", ""Atp5j"", ""Atp5h"", ""Rbbp7"", ""Mbd3"", ""Cdk2ap1"", ""Smarca5"", ""Smarcc1"", ""Atp5o"", ""Ruvbl1"", ""Ruvbl2"", ""Pole3"", ""Brd8"", ""Uchl5"", ""Hdac2"", ""Atp5l"", ""Atp5a1"", ""Atp5c1"", ""Bcl7a"", ""Suz12"", ""Actl6a"", ""Smarca4"")"
"47","GOCC_NUCLEAR_PROTEIN_CONTAINING_COMPLEX","3.08449807195069e-29","1.96551071584858e-26","1.40258870935552","-0.548353633118878","-2.36203326420983","497","c(""Cbx3"", ""Dek"", ""Anp32e"", ""Snrpf"", ""Hnrnpm"", ""Ybx1"", ""Ncl"", ""Rbbp4"", ""Hnrnpa3"", ""Alyref"", ""Mcm7"", ""Ranbp1"", ""Pcna"", ""Ube2s"", ""Hnrnpab"", ""Rbm8a"", ""Snrpg"", ""Eif5a"", ""Nop10"", ""Xrcc6"", ""Gtf2h4"", ""Ddx21"", ""Hnrnpa2b1"", ""Srsf2"", ""Ran"", ""Themis"", ""Snrpd3"", ""U2af1"", ""Larp7"", ""Lsm3"", ""Eif4a3"", ""Snrpd2"", ""Hsp90ab1"", ""Snrpd1"", ""Ezh2"", ""Taf1d"", ""Hnrnpa1"", ""Polr2l"", ""Dynll1"", ""Lsm7"", ""Rbmxl1"", ""U2af2"", ""Ddx39b"", ""Polr2k"", ""Hnrnpu"", ""Anapc5"", ""Mad1l1"", ""Trim28"", ""Slbp"", ""Eny2"", ""Pole4"", ""Uba2"", ""Snrpb"", ""Bub3"", 
""Rbbp7"", ""Clns1a"", ""Magoh"", ""Raly"", ""Snrpb2"", ""Drap1"", ""Jup"", ""Myb"", ""Ptges3"", ""Mbd3"", ""Birc5"", ""Dbf4"", ""Cops5"", ""Lbr"", ""Hspa8"", ""Snrpe"", ""Cdk2ap1"", ""Lsm8"", ""Cbx5"", ""Polr2j"", ""Mcm6"", ""Nfyb"", ""Eri1"", ""Ube2c"", ""Syncrip"", ""Srsf1"", ""Smarca5"", ""Suv39h1"", ""Lsm2"", ""Wdr12"", ""Rpa3"", ""Smarcc1"", ""Ruvbl1"", ""Lsm5"", ""Ruvbl2"", ""Sae1"", ""Pole3"", ""Brd8"", ""Uchl5"", ""Dkc1"", ""E2f4"", ""Nelfe"", ""Gar1"", ""Exosc2"", ""Thoc7"", ""Polr2f"", ""Cops3"", ""Nutf2"", ""Mtf2"", ""Sf3b4"", ""Rangap1"", ""Mcm5"", ""Pabpc1"", ""Pola1"", ""Sf3a3"", ""Mad2l1"", 
""Srrm1"", ""Mxd3"", ""Hdac2"", ""Tcf3"", ""Mcm2"", ""Orc6"", ""Hnrnpr"", ""Atp5a1"", ""Phf5a"", ""Nup85"", ""Prim2"", ""Xrcc1"", ""Exosc3"", ""Cdc20"", ""Leo1"", ""Lsm6"", ""Wdr18"", ""Bcl7a"", ""Mcm4"", ""Nudt21"", ""Wdr5"", ""Rpp30"", ""Tipin"", ""Smu1"", ""Rfc3"", ""Msh6"", ""Utp18"", ""Snrpc"", ""Bub1b"", ""Prpf19"", ""Zcchc8"", ""Nup107"", ""Zcrb1"", ""Eftud2"", ""Prpf40a"", ""Cstf2"", ""Tcf12"", ""Nup62"", ""Supt16"", ""Rbm17"", ""Sf3a2"", ""Mcm3"", ""Inip"", ""Shmt2"", ""E2f2"", ""Suz12"", ""Actl6a"", ""Smarca4"", ""Sf3b5"", ""Atf1"", ""Rad51"", ""Rfc5"", ""Kpnb1"", ""Polr3k"", ""Sfpq"", ""Sap18"", 
""Cdc16"", ""Polr2c"", ""Gtf2f1"", ""Tinf2"", ""Thoc6"", ""Taf3"", ""Snrpa"", ""Cfdp1"", ""Swi5"", ""Gins1"", ""Ndc1"", ""Snrnp40"", ""Aaas"", ""Psmc5"", ""Snrpa1"", ""Sfr1"", ""Lat"", ""Thoc3"", ""Hcfc1"", ""Pes1"", ""Hnrnpc"", ""Dpy30"", ""Anapc13"", ""Rpa1"", ""Mybbp1a"", ""Pold2"", ""Ppp1r8"", ""Rfc4"", ""Nfya"", ""Polr2e"", ""Noc2l"", ""Eed"", ""E2f8"", ""Bcas2"", ""Rbmx2"", ""Nxt1"", ""Snrnp35"", ""Rbm28"", ""Brcc3"", ""Rpa2"", ""Cetn3"", ""Pold3"", ""Polr2d"", ""Polr2i"", ""Hdac1"", ""Tssc4"", ""Txnl4a"", ""Ssrp1"", ""Nolc1"", ""Nup37"", ""Topbp1"", ""Gtf2a2"", ""Noc4l"", ""Sf3b6"", ""Ctc1"", ""Lef1"", 
""Anapc15"", ""Gins2"", ""Mphosph10"", ""Mybl2"", ""Gtf2f2"", ""E2f7"", ""Cdc45"", ""Exosc8"", ""Timeless"", ""Exosc1"", ""Polr3d"", ""Babam1"", ""Seh1l"", ""Med19"", ""Fzr1"", ""Bard1"", ""Ppih"", ""Nup205"", ""Ddx11"", ""Sf3b3"", ""Usp39"", ""Dgcr8"", ""Nup188"", ""Pola2"", ""Wdr74"", ""Nelfa"", ""Lsm4"", ""Mms22l"", ""Rfc2"", ""Zc3h8"", ""Las1l"", ""Prpf4"", ""Ing2"", ""Prpf38a"", ""Polr2h"", ""Myzap"", ""Trim37"", ""Orc2"", ""Nup43"", ""Med29"", ""Elof1"", ""Prim1"", ""Brca1"", ""Sec13"", ""Pnn"", ""Baz1b"", ""Med14"", ""Sart3"", ""Pom121"", ""Ppargc1b"", ""Luc7l"", ""Prmt5"", ""Rad23b"")"
"48","GOBP_ATP_BIOSYNTHETIC_PROCESS","2.31491300314056e-09","7.4167743424643e-08","0.774939030136436","-0.731830859848371","-2.35522435213571","50","c(""Atp5k"", ""Atp5b"", ""Atp5j2"", ""Ndufa5"", ""Atp5e"", ""Atp5g3"", ""Ndufc1"", ""Atp5g1"", ""Ndufs6"", ""Atp5j"", ""Ndufb4"", ""Atp5h"", ""Ndufa12"", ""Sdhb"", ""Ndufab1"", ""Ndufb7"", ""Ndufb2"", ""Atp5o"", ""Atp5l"", ""Atp5a1"", ""Ndufb6"", ""Atp5c1"")"
"49","GOBP_AEROBIC_RESPIRATION","8.24221054136496e-11","3.50141314479467e-09","0.839088935621274","-0.656218274680755","-2.34244024337538","90","c(""Atp5k"", ""Atp5b"", ""Cox7c"", ""Uqcr11"", ""Atp5j2"", ""Cycs"", ""Ndufa5"", ""Atp5e"", ""Uqcr10"", ""Cox7a2"", ""Uqcrq"", ""Ndufc1"", ""Cox7b"", ""Ndufs6"", ""Dnajc15"", ""Atp5j"", ""Ndufb4"", ""Cox6a1"", ""Atp5h"", ""Cox5b"", ""Ndufa12"", ""Sdhb"", ""Aco2"", ""Cdk1"", ""Ndufab1"", ""Ndufb7"", ""Ndufb2"", ""Uqcrb"", ""Atp5o"", ""Ccnb1"", ""Mrps36"", ""Cyc1"", ""Atp5a1"", ""Ndufb6"", ""Atp5c1"", ""Cs"", ""Idh3a"", ""Shmt2"", ""Fxn"", ""Cox5a"", ""Chchd2"", ""Akt1"", ""Cox8a"")"
"50","REACTOME_MITOTIC_PROMETAPHASE","5.06947903806054e-13","3.2666811554244e-11","0.921426003494898","-0.634150598881001","-2.34222978312041","125","c(""Tubb5"", ""Tuba1b"", ""Tubb4b"", ""Hsp90aa1"", ""Tuba1a"", ""Ywhae"", ""Rcc2"", ""Smc2"", ""Dynll1"", ""Smc4"", ""Nudc"", ""Mad1l1"", ""Spc25"", ""Bub3"", ""Tubb2a"", ""Cdk1"", ""Ncapd2"", ""Rad21"", ""Smc3"", ""Stag2"", ""Ncaph"", ""Spc24"", ""Ccnb1"", ""Mzt1"", ""Aurkb"", ""Cenpl"", ""Rangap1"", ""Ska2"", ""Ncapg"", ""Mad2l1"", ""Haus3"", ""Ckap5"", ""Haus4"", ""Ssna1"", ""Ndc80"", ""Plk1"", ""Nup85"", ""Cdc20"", ""Ccnb2"", ""Tubg1"", ""Cdca8"", ""Plk4"", ""Cep57"", ""Dynll2"", ""Bub1b"", ""Spdl1"", ""Nup107"", ""Incenp"", ""Cenpf"", ""Tuba1c"", ""Nde1"", ""Pds5b"", ""Kif18a"", ""Nuf2"", ""Haus5"", 
""Cep70"", ""Cenpk"", ""Bub1"", ""Ska1"", ""Cenph"", ""Pcm1"", ""Nup37"", ""Kif2c"", ""Nek2"", ""Cenpc1"", ""Pmf1"", ""Cenpo"", ""Cep41"", ""Odf2"", ""Seh1l"", ""Ercc6l"", ""Cenpe"", ""Kif2a"", ""Cenpp"", ""Cenpa"", ""Nup43"", ""Sec13"", ""Pds5a"", ""Cdca5"", ""Cenpn"", ""Zwilch"", ""Nup133"", ""Smc1a"", ""Haus6"", ""Haus7"", ""Cep250"")"
"51","LE_EGR2_TARGETS_UP","6.71088785833338e-11","2.89375502763473e-09","0.839088935621274","-0.667781773322362","-2.33976178336532","81","c(""Mcm7"", ""Top2a"", ""Nusap1"", ""Hnrnpa2b1"", ""Lmnb1"", ""Ezh2"", ""Smc2"", ""Cks2"", ""Rrm2"", ""Cxcr4"", ""Ccna2"", ""Cdk1"", ""Birc5"", ""Kpna2"", ""Mki67"", ""Ncaph"", ""Lsm2"", ""Kif23"", ""Prc1"", ""Rpa3"", ""Rrm1"", ""Cks1b"", ""Aurka"", ""Usp1"", ""Mcm5"", ""Kif11"", ""Mad2l1"", ""Hdac2"", ""Lin9"", ""Plk1"", ""Uhrf1"", ""Kif22"", ""Cdkn1c"", ""Marcks"", ""Cdc20"", ""Tcf19"", ""Ccnb2"", ""Cdca8"", ""Plk4"", ""Mcm4"", ""Ube2t"", ""Kif20a"", ""Dnajc9"", ""Incenp"", ""Rad51"", ""Rfc5"", ""Cdc7"")"
"52","GOBP_CHROMOSOME_SEGREGATION","1.6062659734188e-16","2.14231054826902e-14","1.04762648849882","-0.589735410067855","-2.33563199041842","202","c(""Tubb5"", ""Top2a"", ""Nusap1"", ""Slc25a5"", ""Ran"", ""Rcc2"", ""Smc2"", ""Hnrnpu"", ""Anapc5"", ""Smc4"", ""Nudc"", ""Mad1l1"", ""Spc25"", ""Bub3"", ""Cdk1"", ""Birc5"", ""Ncapd2"", ""Rad21"", ""Tacc3"", ""Smc3"", ""Stag2"", ""Ccne2"", ""Mki67"", ""Ncaph"", ""Ube2c"", ""Smarca5"", ""Spc24"", ""Kif23"", ""Prc1"", ""Smarcc1"", ""Fbxo5"", ""Ccnb1"", ""Mzt1"", ""Aurkb"", ""Cenpl"", ""Aurka"", ""Rmi2"", ""Ska2"", ""Ncapg"", ""Kif11"", ""Psmc3ip"", ""Mad2l1"", ""Haus3"", ""Ctcf"", ""Haus4"", ""Racgap1"", ""Ncapd3"", ""Ndc80"", ""Plk1"", ""Esco2"", ""Kif22"", ""Cdc20"", ""Ccnb2"", ""Tubg1"", ""Cdca8"", ""Bcl7a"", 
""Cenpw"", ""Bub1b"", ""Spdl1"", ""Incenp"", ""Psmg2"", ""Cenpf"", ""Nup62"", ""Nde1"", ""Actl6a"", ""Smarca4"", ""Trip13"", ""Rcc1"", ""Tpx2"", ""Kpnb1"", ""Kif18a"", ""Cdc16"", ""Hjurp"", ""Cdt1"", ""Nuf2"", ""Ndc1"", ""Aaas"", ""Ect2"", ""Haus5"", ""Nsmce2"", ""Ttk"", ""Kif4"", ""Cenpk"", ""Bub1"", ""Ska1"", ""Cenph"", ""Nup37"", ""Kif2c"", ""Anapc15"", ""Nek2"", ""Cenpc1"", ""Pmf1"", ""Mybl2"", ""Cenpo"", ""Ccsap"", ""Kif14"", ""Seh1l"", ""Kif18b"", ""Sass6"", ""Gpsm2"", ""Ska3"", ""Cenpe"", ""Kif2a"", ""Ncapg2"", ""Cenpp"", ""Nup43"", ""Aspm"", ""Espl1"", ""Drg1"", ""Brca1"", ""Baz1b"", ""Cdc6"", ""Knstrn"", 
""Mis18a"", ""Chek2"", ""Cdca5"", ""Spag5"", ""Syce2"", ""Dcaf13"", ""Oip5"", ""Cenpn"", ""Zwilch"", ""Smc5"", ""Pinx1"", ""Smc1a"", ""Smarcb1"", ""Haus6"", ""Cit"", ""Haus7"")"
"53","GOCC_NUCLEAR_CHROMOSOME","6.20833496261306e-13","3.91261549566878e-11","0.921426003494898","-0.63307497568152","-2.33388030507258","122","c(""Anp32e"", ""Rbbp4"", ""Mcm7"", ""Top2a"", ""Pcna"", ""H3f3a"", ""Srsf2"", ""Smc2"", ""Hnrnpu"", ""Smc4"", ""Pole4"", ""Nifk"", ""Rbbp7"", ""Birc5"", ""Ncapd2"", ""Rad21"", ""Smc3"", ""Ncaph"", ""Mcm6"", ""Smarca5"", ""Rpa3"", ""Dhx9"", ""Ruvbl1"", ""Ruvbl2"", ""Pole3"", ""Brd8"", ""Uchl5"", ""Mcm5"", ""Ncapg"", ""Psmc3ip"", ""Pola1"", ""Hdac2"", ""Ncapd3"", ""Mcm2"", ""Orc6"", ""Plk1"", ""Prim2"", ""Tubg1"", ""Mcm4"", ""Tipin"", ""Prpf19"", ""Incenp"", ""Mcm3"", ""Actl6a"", ""Smarca4"", ""Rcc1"", ""Rad51"", ""Cfdp1"", ""Swi5"", ""Gins1"", ""Sfr1"", ""Hcfc1"", ""Rpa1"", ""Pold2"", ""Blm"", ""Bcas2"", ""Rpa2"", 
""Parp1"", ""Pold3"", ""Hdac1"", ""Topbp1"", ""Nek2"", ""Gins2"", ""Cdc45"", ""Xlr3b"", ""Timeless"", ""Lrpprc"", ""Pola2"", ""Mms22l"", ""P3h4"", ""Ing2"", ""Ncapg2"", ""Fignl1"", ""Orc2"", ""Prim1"", ""Brca1"", ""Baz1b"", ""Spidr"", ""Syce2"", ""Pinx1"", ""Smc1a"", ""Smarcb1"", ""Chek1"", ""Pold1"", ""Sin3a"", ""Exosc9"", ""Wdhd1"")"
"54","GOCC_RESPIRASOME","1.22635417447587e-09","4.08903557594136e-08","0.788186810800237","-0.753227087057891","-2.32925824127815","43","c(""Cox7c"", ""Uqcr11"", ""Ndufa5"", ""Uqcr10"", ""Cox7a2"", ""Uqcrq"", ""Ndufc1"", ""Cox7b"", ""Ndufs6"", ""Higd1a"", ""Ndufb4"", ""Cox6a1"", ""Cox5b"", ""Ndufa12"", ""Sdhb"", ""Ndufa4"", ""Ndufab1"", ""Wdr93"", ""Ndufb7"", ""Ndufb2"", ""Uqcrb"", ""Cyc1"", ""Ndufb6"")"
"55","GOBP_MICROTUBULE_CYTOSKELETON_ORGANIZATION_INVOLVED_IN_MITOSIS","8.42723257127602e-10","3.00187445939553e-08","0.801215574617779","-0.671963930649728","-2.32758225700198","73","c(""Stmn1"", ""Nusap1"", ""Hnrnpu"", ""Plk5"", ""Nudc"", ""Spc25"", ""Cdk1"", ""Birc5"", ""Tacc3"", ""Smc3"", ""Stag2"", ""Kif23"", ""Prc1"", ""Ccnb1"", ""Mzt1"", ""Aurkb"", ""Aurka"", ""Kif11"", ""Mad2l1"", ""Ckap5"", ""Racgap1"", ""Ndc80"", ""Plk1"", ""Cdc20"", ""Tubg1"", ""Cdca8"", ""Spdl1"", ""Incenp"", ""Nup62"", ""Nde1"", ""Rcc1"", ""Tpx2"", ""Kpnb1"", ""Nuf2"", ""Aaas"", ""Kif4"", ""Pcnt"", ""Cenph"", ""Bora"", ""Nek2"", ""Mybl2"", ""Ccsap"", ""Sass6"", ""Gpsm2"", ""Cenpe"", ""Kif2a"", ""Enkd1"", ""Cenpa"")"
"56","GOBP_REGULATION_OF_CHROMOSOME_SEGREGATION","1.08704173659404e-09","3.73304452656697e-08","0.788186810800237","-0.674373598219659","-2.32575346084364","72","c(""Rcc2"", ""Smc2"", ""Hnrnpu"", ""Anapc5"", ""Smc4"", ""Mad1l1"", ""Spc25"", ""Bub3"", ""Cdk1"", ""Birc5"", ""Ncapd2"", ""Rad21"", ""Tacc3"", ""Mki67"", ""Ncaph"", ""Ube2c"", ""Spc24"", ""Smarcc1"", ""Fbxo5"", ""Ccnb1"", ""Aurkb"", ""Rmi2"", ""Ncapg"", ""Mad2l1"", ""Ncapd3"", ""Ndc80"", ""Plk1"", ""Cdc20"", ""Cdca8"", ""Bcl7a"", ""Bub1b"", ""Spdl1"", ""Incenp"", ""Psmg2"", ""Actl6a"", ""Smarca4"", ""Trip13"", ""Cdc16"", ""Nuf2"", ""Nsmce2"", ""Ttk"", ""Bub1"", ""Kif2c"", ""Anapc15"")"
"57","REACTOME_CELL_CYCLE_CHECKPOINTS","5.55922273894063e-15","5.40375295047873e-13","0.996986217533181","-0.608020215986819","-2.32278298515507","165","c(""Mcm7"", ""Ube2s"", ""Ywhae"", ""Psma6"", ""Rcc2"", ""Psmc3"", ""Dynll1"", ""Anapc5"", ""Nudc"", ""Mad1l1"", ""Spc25"", ""Bub3"", ""Ccna2"", ""Psmc4"", ""Cdk1"", ""Dbf4"", ""Psmc6"", ""Ccne2"", ""Mcm6"", ""Ube2c"", ""Spc24"", ""Ywhaq"", ""Rpa3"", ""Ccnb1"", ""Aurkb"", ""Cenpl"", ""Psmd3"", ""Rangap1"", ""Mcm5"", ""Rmi2"", ""Ska2"", ""Cdk2"", ""Mad2l1"", ""Psma7"", ""Ube2n"", ""Ckap5"", ""Psmb6"", ""Mcm2"", ""Orc6"", ""Ndc80"", ""Plk1"", ""Nup85"", ""Cdc20"", ""Ccnb2"", ""Cdca8"", ""Mcm4"", ""Rfc3"", ""Dynll2"", ""Bub1b"", ""Spdl1"", ""Nup107"", ""Incenp"", ""Cenpf"", ""Nde1"", ""Mcm3"", ""Psmd14"", ""Rfc5"", 
""Kif18a"", ""Cdc16"", ""Psmc2"", ""Cdc7"", ""Psmd13"", ""Gtse1"", ""Nuf2"", ""Psmb3"", ""Psmc5"", ""Psmd2"", ""Psmc1"", ""Psmd12"", ""Psmb7"", ""Rpa1"", ""Rfc4"", ""Psmd6"", ""Blm"", ""Cenpk"", ""Bub1"", ""Brcc3"", ""Ska1"", ""Psma2"", ""Cenph"", ""Nup37"", ""Kif2c"", ""Topbp1"", ""Anapc15"", ""Cenpc1"", ""Pmf1"", ""Cenpo"", ""Rhno1"", ""Cdc45"", ""Babam1"", ""Seh1l"", ""Psmb2"", ""Clspn"", ""Ercc6l"", ""Bard1"", ""Cenpe"", ""Cdc25a"", ""Psmd1"", ""Rfc2"", ""Kif2a"", ""Cenpp"", ""Cenpa"", ""Orc2"", ""Nup43"", ""Brca1"", ""Sec13"", ""Exo1"", ""Cdc6"")"
"58","GOBP_MITOTIC_NUCLEAR_DIVISION","3.53490773053198e-13","2.41341617078582e-11","0.932595211336209","-0.61729348951462","-2.32019302658737","137","c(""Ranbp1"", ""Nusap1"", ""Ube2s"", ""Ran"", ""Banf1"", ""Smc2"", ""Rgcc"", ""Hnrnpu"", ""Anapc5"", ""Smc4"", ""Nudc"", ""Mad1l1"", ""Spc25"", ""Bub3"", ""Cdk1"", ""Birc5"", ""Ncapd2"", ""Igf2"", ""Rad21"", ""Smc3"", ""Stag2"", ""Mki67"", ""Ncaph"", ""Ube2c"", ""Smarca5"", ""Spc24"", ""Kif23"", ""Prc1"", ""Fbxo5"", ""Ccnb1"", ""Mzt1"", ""Aurkb"", ""Aurka"", ""Ncapg"", ""Kif11"", ""Mad2l1"", ""Racgap1"", ""Ncapd3"", ""Ndc80"", ""Plk1"", ""Kif22"", ""Cdkn1c"", ""Cd28"", ""Cdc20"", ""Tubg1"", ""Cdca8"", ""Reep4"", ""Bub1b"", ""Spdl1"", ""Incenp"", ""Psmg2"", ""Nup62"", ""Nde1"", ""Trip13"", ""Rcc1"", ""Tpx2"", 
""Kpnb1"", ""Kif18a"", ""Cdc16"", ""Cdt1"", ""Nuf2"", ""Aaas"", ""Nsmce2"", ""Ttk"", ""Cenpk"", ""Bub1"", ""Bora"", ""Kif2c"", ""Anapc15"", ""Nek2"", ""Cenpc1"", ""Mybl2"", ""Ccsap"", ""Kif14"", ""Seh1l"", ""Kif18b"", ""Cenpe"", ""Kif2a"", ""Ncapg2"", ""Phb2"", ""Espl1"", ""Drg1"", ""Baz1b"", ""Knstrn"", ""Chek2"", ""Cdca5"", ""Spag5"", ""Zwilch"", ""Pinx1"", ""Smc1a"", ""Chek1"")"
"59","GOCC_CONDENSED_CHROMOSOME_CENTROMERIC_REGION","9.22138359469753e-11","3.83221992141959e-09","0.839088935621274","-0.648009928323542","-2.3176894229747","92","c(""Cbx3"", ""H3f3a"", ""Dynll1"", ""Hnrnpu"", ""Plk5"", ""Mad1l1"", ""Spc25"", ""Bub3"", ""Birc5"", ""Ncapd2"", ""Cbx5"", ""Spc24"", ""Smarcc1"", ""Ccnb1"", ""Aurkb"", ""Cenpl"", ""Aurka"", ""Rangap1"", ""Ska2"", ""Ncapg"", ""Mad2l1"", ""Ckap5"", ""Ncapd3"", ""Ndc80"", ""Plk1"", ""Nup85"", ""Cdc20"", ""Cenpw"", ""Bub1b"", ""Spdl1"", ""Nup107"", ""Incenp"", ""Cenpf"", ""Nde1"", ""Meaf6"", ""Actl6a"", ""Smarca4"", ""Kif18a"", ""Hjurp"", ""Cdt1"", ""Nuf2"", ""Cfdp1"", ""Ttk"", ""Cenpk"", ""Bub1"", ""Ska1"", ""Cenph"", ""Nup37"", ""Kif2c"", ""Nek2"", ""Cenpc1"", ""Pmf1"", ""Cenpo"", ""Seh1l"", ""Ercc6l"", ""Ska3"", 
""Cenpe"", ""Cenpp"", ""Cenpa"", ""Orc2"", ""Nup43"", ""Sec13"", ""Knstrn"", ""Spag5"", ""Cenpn"", ""Zwilch"", ""Nup133"", ""Pinx1"", ""Smc1a"", ""Smarcb1"")"
"60","WP_OXIDATIVE_PHOSPHORYLATION","3.29292566242217e-09","1.03763344362589e-07","0.774939030136436","-0.804362473192975","-2.31498074304671","30","c(""Atp5b"", ""Atp5j2"", ""Ndufa5"", ""Atp5e"", ""Atp5g3"", ""Ndufc1"", ""Atp5g1"", ""Ndufs6"", ""Atp5j"", ""Atp5h"", ""Ndufb7"", ""Ndufb2"", ""Atp5o"", ""Atp5l"", ""Atp5a1"", ""Ndufb6"")"
"61","KONG_E2F3_TARGETS","7.99641545727526e-10","2.92098360811934e-08","0.801215574617779","-0.660711032404187","-2.31465269620255","82","c(""Top2a"", ""Nusap1"", ""Hmgb2"", ""Srsf7"", ""Lmnb1"", ""Ezh2"", ""Smc2"", ""Taf1d"", ""Nasp"", ""Spc25"", ""Ccna2"", ""Myb"", ""Ncapd2"", ""Tacc3"", ""Mki67"", ""Ncaph"", ""F13a1"", ""Pbk"", ""Ube2c"", ""Prc1"", ""Ccnb1"", ""Asf1b"", ""Cdca3"", ""Aurka"", ""Usp1"", ""Ncapg"", ""Kif11"", ""Hmmr"", ""Ccnf"", ""Tyms"", ""Racgap1"", ""Plk1"", ""Depdc1a"", ""Cdc20"", ""Ube2t"", ""Psip1"", ""Kif20a"", ""Bub1b"", ""Spdl1"", ""Incenp"", ""Cenpf"", ""Mcm3"", ""Fen1"", ""Tpx2"", ""Rad51"", ""Cdc7"", ""Hjurp"", ""Nuf2"", ""Shcbp1"", ""Rad51ap1"", ""Cenpk"", ""Bub1"", ""Tk1"", ""Cenph"", ""Kif2c"")"
"62","REACTOME_RESOLUTION_OF_SISTER_CHROMATID_COHESION","4.3680224891249e-10","1.65898072682989e-08","0.814035837847908","-0.657610154534478","-2.31359080040093","83","c(""Tuba1b"", ""Tubb4b"", ""Tuba1a"", ""Rcc2"", ""Dynll1"", ""Nudc"", ""Mad1l1"", ""Spc25"", ""Bub3"", ""Tubb2a"", ""Cdk1"", ""Rad21"", ""Smc3"", ""Stag2"", ""Spc24"", ""Ccnb1"", ""Aurkb"", ""Cenpl"", ""Rangap1"", ""Ska2"", ""Mad2l1"", ""Ckap5"", ""Ndc80"", ""Plk1"", ""Nup85"", ""Cdc20"", ""Ccnb2"", ""Cdca8"", ""Dynll2"", ""Bub1b"", ""Spdl1"", ""Nup107"", ""Incenp"", ""Cenpf"", ""Tuba1c"", ""Nde1"", ""Pds5b"", ""Kif18a"", ""Nuf2"", ""Cenpk"", ""Bub1"", ""Ska1"", ""Cenph"", ""Nup37"", ""Kif2c"", ""Cenpc1"", ""Pmf1"", ""Cenpo"", ""Seh1l"", ""Ercc6l"", ""Cenpe"", ""Kif2a"", ""Cenpp"", ""Cenpa"", ""Nup43"", 
""Sec13"", ""Pds5a"", ""Cdca5"", ""Cenpn"", ""Zwilch"", ""Nup133"", ""Smc1a"")"
"63","GOBP_NUCLEOSIDE_TRIPHOSPHATE_BIOSYNTHETIC_PROCESS","5.35915310662355e-10","1.98288664945072e-08","0.801215574617779","-0.689599216735443","-2.31143002697696","62","c(""Atp5k"", ""Atp5b"", ""Atp5j2"", ""Ndufa5"", ""Atp5e"", ""Atp5g3"", ""Ndufc1"", ""Atp5g1"", ""Ndufs6"", ""Atp5j"", ""Ndufb4"", ""Atp5h"", ""Ndufa12"", ""Sdhb"", ""Nme1"", ""Ndufab1"", ""Ndufb7"", ""Ndufb2"", ""Impdh2"", ""Dtymk"", ""Atp5o"", ""Uck2"", ""Atp5l"", ""Atp5a1"", ""Ndufb6"", ""Ctps"", ""Atp5c1"")"
"64","PAL_PRMT5_TARGETS_UP","2.33243080214551e-12","1.31142065199064e-10","0.898671232061694","-0.622159621151548","-2.30839983295151","127","c(""Stmn1"", ""Anp32e"", ""Hmgn2"", ""Set"", ""Amd1"", ""Anp32b"", ""Larp7"", ""Lsm3"", ""Fkbp4"", ""Psmc3"", ""Nop58"", ""Hnrnpa1"", ""Cks2"", ""Eif1ax"", ""Anapc5"", ""Tmpo"", ""Slbp"", ""Nme1"", ""Tubb2a"", ""Kpna2"", ""Tacc3"", ""Mki67"", ""Srsf6"", ""Srsf1"", ""Lsm2"", ""Kif23"", ""Rrm1"", ""Cks1b"", ""Ube2e3"", ""Erh"", ""Aurkb"", ""Cops3"", ""Hat1"", ""Kif11"", ""Sf3a3"", ""Haus3"", ""Tyms"", ""Racgap1"", ""Cdk4"", ""Mcm2"", ""Uhrf1"", ""Nup85"", ""Prim2"", ""Mrpl18"", ""Marcks"", ""Cdc20"", ""Ccnb2"", ""Calm3"", ""Mcm4"", ""Apex1"", ""Slirp"", ""Psip1"", ""Hells"", ""Incenp"", ""Strap"", ""Nde1"", 
""Trip13"", ""Gmnn"", ""Rfc5"", ""Snrpa"", ""Cfdp1"", ""Ect2"", ""Ttk"", ""Psmd6"", ""Ptov1"", ""Rpa2"", ""Cetn3"", ""Ube2m"", ""Topbp1"", ""Naa38"")"
"65","REACTOME_MITOTIC_METAPHASE_AND_ANAPHASE","1.03803180227796e-12","6.20115873548341e-11","0.910119734774459","-0.614255921753269","-2.30323266675133","142","c(""Tuba1b"", ""Tubb4b"", ""Ube2s"", ""Tuba1a"", ""Ran"", ""Banf1"", ""Psma6"", ""Rcc2"", ""Lmnb1"", ""Psmc3"", ""Dynll1"", ""Anapc5"", ""Nudc"", ""Mad1l1"", ""Spc25"", ""Bub3"", ""Tubb2a"", ""Psmc4"", ""Cdk1"", ""Rad21"", ""Smc3"", ""Lbr"", ""Stag2"", ""Psmc6"", ""Ube2c"", ""Spc24"", ""Fbxo5"", ""Ccnb1"", ""Aurkb"", ""Cenpl"", ""Psmd3"", ""Rangap1"", ""Ska2"", ""Mad2l1"", ""Psma7"", ""Ckap5"", ""Psmb6"", ""Ndc80"", ""Plk1"", ""Nup85"", ""Cdc20"", ""Ccnb2"", ""Cdca8"", ""Dynll2"", ""Bub1b"", ""Spdl1"", ""Nup107"", ""Incenp"", ""Cenpf"", ""Tuba1c"", ""Nde1"", ""Pds5b"", ""Psmd14"", ""Rcc1"", ""Kpnb1"", ""Kif18a"", 
""Cdc16"", ""Psmc2"", ""Psmd13"", ""Nuf2"", ""Psmb3"", ""Ndc1"", ""Psmc5"", ""Psmd2"", ""Psmc1"", ""Psmd12"", ""Psmb7"", ""Psmd6"", ""Cenpk"", ""Bub1"", ""Ska1"", ""Psma2"", ""Cenph"", ""Nup37"", ""Kif2c"", ""Anapc15"", ""Cenpc1"", ""Pmf1"", ""Cenpo"", ""Seh1l"", ""Psmb2"", ""Ercc6l"", ""Nup205"", ""Nup188"", ""Cenpe"", ""Psmd1"", ""Kif2a"", ""Cenpp"", ""Cenpa"", ""Nup43"", ""Espl1"", ""Sec13"", ""Pom121"", ""Pds5a"", ""Cdca5"", ""Cenpn"", ""Zwilch"", ""Nup133"")"
"66","GOCC_SM_LIKE_PROTEIN_FAMILY_COMPLEX","8.541680021644e-09","2.47406742041052e-07","0.747739663149885","-0.707260906269845","-2.30164470849754","52","c(""Snrpf"", ""Snrpg"", ""Snrpd3"", ""Larp7"", ""Lsm3"", ""Snrpd2"", ""Snrpd1"", ""Lsm7"", ""Ddx39b"", ""Snrpb"", ""Clns1a"", ""Snrpb2"", ""Snrpe"", ""Lsm8"", ""Lsm2"", ""Lsm5"", ""Sf3b4"", ""Sf3a3"", ""Phf5a"", ""Lsm6"", ""Snrpc"", ""Strap"", ""Eftud2"", ""Prpf40a"", ""Sf3a2"", ""Sf3b5"", ""Snrpa"", ""Snrnp40"", ""Snrpa1"", ""Gemin6"", ""Rbmx2"", ""Tssc4"", ""Txnl4a"", ""Nolc1"", ""Sf3b6"", ""Smn1"", ""Ppih"", ""Sf3b3"", ""Usp39"", ""Lsm4"", ""Fmr1"", ""Prpf4"")"
"67","ZHANG_UTERUS_C13_EPITHELIAL1_CELL","6.65690126105697e-16","7.79129157799219e-14","1.02766987054358","-0.567779195139071","-2.28938639002343","240","c(""Ptma"", ""Stmn1"", ""Tubb5"", ""Tuba1b"", ""Srsf3"", ""Atp5k"", ""Dek"", ""Cox7c"", ""Snrpf"", ""Ncl"", ""Rbbp4"", ""Tubb4b"", ""Uqcr11"", ""Atp5j2"", ""Mif"", ""Serbp1"", ""Ranbp1"", ""Set"", ""Top2a"", ""Ndufa5"", ""Tomm7"", ""Pcna"", ""Hnrnpab"", ""Rbm8a"", ""Slc25a5"", ""Snrpg"", ""Nop10"", ""Anp32b"", ""Rpl38"", ""Uqcr10"", ""Cox7a2"", ""Ran"", ""Snrpd3"", ""Hspd1"", ""Hmgn1"", ""Txn1"", ""Banf1"", ""Rps28"", ""Snrpd2"", ""Dut"", ""Snrpd1"", ""Atp5g3"", ""Fkbp4"", ""Pa2g4"", ""Lmnb1"", ""Rpl41"", ""Atp5g1"", ""Rps27l"", ""Cox7b"", ""Ndufs6"", ""Atp5j"", ""Bola2"", ""Rps17"", ""Ndufb4"", ""Cox6a1"", 
""Knop1"", ""Atp5h"", ""C1qbp"", ""Ndufa12"", ""Rbbp7"", ""Magoh"", ""Rpl36"", ""Ndufa4"", ""Mbd3"", ""Ndufab1"", ""Snrpe"", ""Lsm8"", ""Polr2j"", ""Rnaseh2c"", ""Ndufb2"", ""Nap1l1"", ""Spc24"", ""Lsm2"", ""Uqcrb"", ""Rpa3"", ""Dtymk"", ""Cks1b"", ""Rplp2"", ""Hspe1"", ""Lyar"", ""Thoc7"", ""Polr2f"", ""Rpl36al"", ""Cd24a"", ""Hat1"", ""Sf3b4"", ""Cacybp"", ""Psma7"", ""Ssna1"", ""Cyc1"", ""Tyms"", ""Cdk4"", ""Prdx1"", ""Eif4h"", ""Npm1"", ""Ndufb6"", ""Mrpl18"", ""Atpif1"", ""Atp5c1"", ""Lsm6"", ""Mrps6"", ""Apex1"", ""Slirp"", ""Mrpl57"", ""Ccdc34"", ""Tipin"", ""Rfc3"", ""Dynll2"", ""Mrps14"", ""Rad23a"", 
""Timm8b"", ""Paics"", ""Idh3a"", ""Dctpp1"", ""Sf3b5"", ""Vdac2"", ""Cyb5b"", ""Mrpl12"", ""Hjurp"", ""Cox5a"", ""Ivns1abp"", ""Rpl36a"", ""Rps26"", ""Chchd2"", ""Hnrnpc"", ""Dpy30"", ""Anapc13"", ""Psmb7"", ""Cox8a"", ""Polr2e"")"
"68","GOBP_MITOTIC_SPINDLE_ORGANIZATION","7.7636979416849e-09","2.28332347156733e-07","0.747739663149885","-0.68819532310947","-2.28499645763369","59","c(""Stmn1"", ""Hnrnpu"", ""Plk5"", ""Nudc"", ""Spc25"", ""Birc5"", ""Tacc3"", ""Smc3"", ""Stag2"", ""Kif23"", ""Prc1"", ""Ccnb1"", ""Mzt1"", ""Aurkb"", ""Aurka"", ""Kif11"", ""Ckap5"", ""Racgap1"", ""Ndc80"", ""Plk1"", ""Cdc20"", ""Tubg1"", ""Cdca8"", ""Incenp"", ""Nup62"", ""Rcc1"", ""Tpx2"", ""Kpnb1"", ""Nuf2"", ""Aaas"", ""Kif4"", ""Pcnt"", ""Cenph"", ""Bora"", ""Nek2"", ""Mybl2"", ""Ccsap"", ""Sass6"", ""Gpsm2"", ""Cenpe"", ""Kif2a"")"
"69","GOBP_REGULATION_OF_MRNA_PROCESSING","1.01537833034744e-08","2.86856882982393e-07","0.747739663149885","-0.722463321615417","-2.28290607619882","47","c(""Srsf3"", ""Ncl"", ""Rbm8a"", ""Hnrnpa2b1"", ""Srsf2"", ""Larp7"", ""Eif4a3"", ""Srsf7"", ""Rbmxl1"", ""U2af2"", ""Hnrnpu"", ""Srsf10"", ""C1qbp"", ""Clns1a"", ""Magoh"", ""Rnps1"", ""Hspa8"", ""Srsf6"", ""Dhx9"", ""Ccnb1"", ""Sf3b4"", ""Srrm1"", ""Rbm24"", ""Npm1"", ""Leo1"", ""Slirp"", ""Srsf9"", ""Prpf19"")"
"70","REACTOME_RESPIRATORY_ELECTRON_TRANSPORT","1.23659751118482e-08","3.47641506208084e-07","0.747739663149885","-0.746317743393678","-2.27564683018487","41","c(""Cox7c"", ""Uqcr11"", ""Cycs"", ""Ndufa5"", ""Uqcr10"", ""Uqcrq"", ""Ndufc1"", ""Cox7b"", ""Ndufs6"", ""Ndufb4"", ""Cox6a1"", ""Cox5b"", ""Ndufa12"", ""Ndufa4"", ""Ndufab1"", ""Ndufb7"", ""Ndufb2"", ""Uqcrb"", ""Cyc1"", ""Ndufb6"")"
"71","KAMMINGA_EZH2_TARGETS","1.4573290193711e-08","4.03757580970689e-07","0.747739663149885","-0.758576317508442","-2.2741861328727","37","c(""Dntt"", ""Cdca7"", ""Top2a"", ""Nusap1"", ""Pcna"", ""Smc2"", ""Smc4"", ""Kpna2"", ""Tacc3"", ""Dbf4"", ""Mki67"", ""Nap1l1"", ""Prc1"", ""Rfc1"", ""Rpa3"", ""Rrm1"", ""Aurkb"", ""Aurka"", ""Hat1"", ""Mad2l1"", ""Mcm2"", ""Ccnb2"", ""Mcm4"", ""Mcm3"", ""Gmnn"", ""Ect2"", ""Eed"", ""Topbp1"", ""Nek2"", ""Ipo5"")"
"72","GOBP_RNA_LOCALIZATION","7.54389902138847e-09","2.25334692123244e-07","0.747739663149885","-0.655270383317467","-2.26975831317895","73","c(""Srsf3"", ""Ybx1"", ""Hnrnpa3"", ""Alyref"", ""Hnrnpab"", ""Rbm8a"", ""Hnrnpa2b1"", ""Ran"", ""Eif4a3"", ""Srsf7"", ""Nop58"", ""Hnrnpa1"", ""Ddx39b"", ""Hnrnpu"", ""Slbp"", ""Eny2"", ""Fbl"", ""Magoh"", ""Tcp1"", ""Ssb"", ""Srsf1"", ""Dhx9"", ""Dkc1"", ""Thoc7"", ""Ddx19a"", ""Ckap5"", ""Npm1"", ""Nup85"", ""Mrpl18"", ""Nup107"", ""Nup62"", ""Kpnb1"", ""Nsun2"", ""Thoc6"", ""Ndc1"", ""Aaas"", ""Thoc3"", ""Khsrp"", ""Nxt1"", ""Znhit3"", ""Cetn3"", ""Nup37"")"
"73","GOBP_CHROMOSOME_SEPARATION","3.86664722106972e-08","9.81204504992693e-07","0.719512826338911","-0.697138599022546","-2.25934462354646","51","c(""Top2a"", ""Smc2"", ""Anapc5"", ""Smc4"", ""Mad1l1"", ""Spc25"", ""Bub3"", ""Birc5"", ""Ncapd2"", ""Rad21"", ""Ncaph"", ""Ube2c"", ""Spc24"", ""Fbxo5"", ""Ccnb1"", ""Aurkb"", ""Ncapg"", ""Mad2l1"", ""Ncapd3"", ""Ndc80"", ""Plk1"", ""Cdc20"", ""Cdca8"", ""Bub1b"", ""Spdl1"", ""Incenp"", ""Psmg2"", ""Trip13"", ""Cdc16"", ""Nuf2"", ""Nsmce2"", ""Ttk"", ""Bub1"")"
"74","GOBP_REGULATION_OF_MRNA_SPLICING_VIA_SPLICEOSOME","2.16708265379583e-08","5.89015119408487e-07","0.73376198835648","-0.740588622659263","-2.25817778894282","41","c(""Srsf3"", ""Ncl"", ""Rbm8a"", ""Hnrnpa2b1"", ""Srsf2"", ""Larp7"", ""Eif4a3"", ""Srsf7"", ""Rbmxl1"", ""U2af2"", ""Hnrnpu"", ""Srsf10"", ""C1qbp"", ""Clns1a"", ""Magoh"", ""Rnps1"", ""Hspa8"", ""Srsf6"", ""Sf3b4"", ""Srrm1"", ""Rbm24"", ""Npm1"", ""Slirp"", ""Srsf9"", ""Prpf19"")"
"75","ZHANG_BREAST_CANCER_PROGENITORS_UP","3.23729331388929e-15","3.25717143072896e-13","1.00731795687447","-0.559104276088072","-2.24876712120922","235","c(""Stmn1"", ""Calm2"", ""Cdca7"", ""Srsf3"", ""Anp32e"", ""Hnrnpa3"", ""Arpp19"", ""Serbp1"", ""Top2a"", ""Hnrnpa2b1"", ""Ezh2"", ""Smc2"", ""Ndufc1"", ""Taf1d"", ""Hnrnpa1"", ""Lsm7"", ""Rrm2"", ""Hnrnpdl"", ""Hnrnpu"", ""Srsf10"", ""Smc4"", ""Tmpo"", ""Uba2"", ""Prps2"", ""Snrpb2"", ""Ccna2"", ""Ndufa4"", ""Myb"", ""Ncapd2"", ""Rad21"", ""Dbf4"", ""Ssb"", ""Nfyb"", ""Pbk"", ""Ssbp1"", ""Syncrip"", ""Smarca5"", ""Ywhaq"", ""Rfc1"", ""Vdac1"", ""Rpa3"", ""Pin1"", ""Lsm5"", ""Uchl5"", ""Cd24a"", ""Aurka"", ""Hat1"", ""Usp1"", ""Ska2"", ""Ncapg"", ""Atad2"", ""Pola1"", ""Ctcf"", ""Ncapd3"", ""Mcm2"", ""Mrps18c"", 
""Eif4h"", ""Uhrf1"", ""Esco2"", ""Nup85"", ""Depdc1a"", ""Cdca8"", ""Ctdspl2"", ""Dnajc9"", ""Bub1b"", ""Hells"", ""Zcchc8"", ""Nup107"", ""Strap"", ""Mis18bp1"", ""Eftud2"", ""Cstf2"", ""Cenpf"", ""Rps6ka6"", ""Pds5b"", ""Paics"", ""Idh3a"", ""Azin1"", ""Actl6a"", ""Trip13"", ""Gmnn"", ""Rad51"", ""Polr3k"", ""Sfpq"", ""Hars"", ""Shcbp1"", ""Ect2"", ""Dpy30"", ""Caprin1"", ""Rpa1"", ""Gemin6"", ""Acsl3"", ""Bub1"", ""Parp1"", ""Cetn3"", ""Pold3"", ""Pwp1"", ""Kif2c"", ""Timm17a"", ""Arl6ip6"", ""Topbp1"", ""Anln"", ""E2f7"", ""Casp8ap2"", ""Patz1"", ""Farsb"", ""Gpsm2"", ""Ewsr1"", ""Cdc25a"", ""Ppat"", 
""Alg13"", ""Cav2"", ""Adamts20"", ""Fignl1"", ""Trim37"", ""Phb2"", ""Prim1"", ""Brca1"", ""Wdr75"", ""Nol4l"", ""Cdc6"", ""Ilf3"", ""Mdh1"", ""Melk"")"
"76","YAO_TEMPORAL_RESPONSE_TO_PROGESTERONE_CLUSTER_10","1.1608531257149e-07","2.67369183774095e-06","0.704975715167238","-0.768311785359865","-2.24839855694123","32","c(""Hnrnpa3"", ""Pcna"", ""Fkbp4"", ""Polr2l"", ""Dynll1"", ""Bola2"", ""Rpn2"", ""Ssb"", ""Eif3g"", ""Hspe1"", ""Polr2f"", ""Rangap1"", ""Cacybp"", ""Sf3a3"", ""Cct7"", ""Hnrnpr"", ""Prdx1"", ""Grwd1"", ""Atf1"", ""Vdac2"", ""Nsun2"", ""Ldha"")"
"77","GOBP_REGULATION_OF_SISTER_CHROMATID_SEGREGATION","1.8521966205999e-08","5.10689789381751e-07","0.73376198835648","-0.690145327549218","-2.24567331918004","54","c(""Hnrnpu"", ""Anapc5"", ""Mad1l1"", ""Spc25"", ""Bub3"", ""Cdk1"", ""Birc5"", ""Rad21"", ""Tacc3"", ""Ube2c"", ""Spc24"", ""Smarcc1"", ""Fbxo5"", ""Ccnb1"", ""Aurkb"", ""Rmi2"", ""Mad2l1"", ""Ndc80"", ""Plk1"", ""Cdc20"", ""Cdca8"", ""Bcl7a"", ""Bub1b"", ""Spdl1"", ""Incenp"", ""Psmg2"", ""Actl6a"", ""Smarca4"", ""Trip13"", ""Cdc16"", ""Nuf2"", ""Nsmce2"", ""Ttk"", ""Bub1"")"
"78","REACTOME_MITOTIC_SPINDLE_CHECKPOINT","1.96435779665872e-08","5.36456760182752e-07","0.73376198835648","-0.647669210801735","-2.23365640719132","72","c(""Ube2s"", ""Rcc2"", ""Dynll1"", ""Anapc5"", ""Nudc"", ""Mad1l1"", ""Spc25"", ""Bub3"", ""Ube2c"", ""Spc24"", ""Aurkb"", ""Cenpl"", ""Rangap1"", ""Ska2"", ""Mad2l1"", ""Ckap5"", ""Ndc80"", ""Plk1"", ""Nup85"", ""Cdc20"", ""Cdca8"", ""Dynll2"", ""Bub1b"", ""Spdl1"", ""Nup107"", ""Incenp"", ""Cenpf"", ""Nde1"", ""Kif18a"", ""Cdc16"", ""Nuf2"", ""Cenpk"", ""Bub1"", ""Ska1"", ""Cenph"", ""Nup37"", ""Kif2c"", ""Anapc15"", ""Cenpc1"", ""Pmf1"", ""Cenpo"", ""Seh1l"", ""Ercc6l"", ""Cenpe"", ""Kif2a"", ""Cenpp"", ""Cenpa"", ""Nup43"", ""Sec13"", ""Cenpn"", ""Zwilch"", ""Nup133"")"
"79","REACTOME_SEPARATION_OF_SISTER_CHROMATIDS","2.97012883617013e-11","1.38485275410046e-09","0.851339057116899","-0.604362513191353","-2.2336220070273","123","c(""Tuba1b"", ""Tubb4b"", ""Ube2s"", ""Tuba1a"", ""Psma6"", ""Rcc2"", ""Psmc3"", ""Dynll1"", ""Anapc5"", ""Nudc"", ""Mad1l1"", ""Spc25"", ""Bub3"", ""Tubb2a"", ""Psmc4"", ""Rad21"", ""Smc3"", ""Stag2"", ""Psmc6"", ""Ube2c"", ""Spc24"", ""Aurkb"", ""Cenpl"", ""Psmd3"", ""Rangap1"", ""Ska2"", ""Mad2l1"", ""Psma7"", ""Ckap5"", ""Psmb6"", ""Ndc80"", ""Plk1"", ""Nup85"", ""Cdc20"", ""Cdca8"", ""Dynll2"", ""Bub1b"", ""Spdl1"", ""Nup107"", ""Incenp"", ""Cenpf"", ""Tuba1c"", ""Nde1"", ""Pds5b"", ""Psmd14"", ""Kif18a"", ""Cdc16"", ""Psmc2"", ""Psmd13"", ""Nuf2"", ""Psmb3"", ""Psmc5"", ""Psmd2"", ""Psmc1"", ""Psmd12"", 
""Psmb7"", ""Psmd6"", ""Cenpk"", ""Bub1"", ""Ska1"", ""Psma2"", ""Cenph"", ""Nup37"", ""Kif2c"", ""Anapc15"", ""Cenpc1"", ""Pmf1"", ""Cenpo"", ""Seh1l"", ""Psmb2"", ""Ercc6l"", ""Cenpe"", ""Psmd1"", ""Kif2a"", ""Cenpp"", ""Cenpa"", ""Nup43"", ""Espl1"", ""Sec13"", ""Pds5a"", ""Cdca5"", ""Cenpn"", ""Zwilch"", ""Nup133"", ""Smc1a"")"
"80","GOBP_ENERGY_DERIVATION_BY_OXIDATION_OF_ORGANIC_COMPOUNDS","3.61041743571165e-11","1.66981806401664e-09","0.851339057116899","-0.600567510114584","-2.23244534714455","128","c(""Hmgb1"", ""Atp5k"", ""Atp5b"", ""Cox7c"", ""Uqcr11"", ""Atp5j2"", ""Cycs"", ""Ndufa5"", ""Atp5e"", ""Uqcr10"", ""Cox7a2"", ""Uqcrq"", ""Ndufc1"", ""Cox7b"", ""Ndufs6"", ""Dnajc15"", ""Atp5j"", ""Ndufb4"", ""Cox6a1"", ""Atp5h"", ""Cox5b"", ""Ndufa12"", ""Sdhb"", ""Aco2"", ""Cdk1"", ""Ptges3"", ""Igf2"", ""Ndufab1"", ""Nfatc3"", ""Ndufb7"", ""Ndufb2"", ""Uqcrb"", ""Atp5o"", ""Ccnb1"", ""Mrps36"", ""Cyc1"", ""Atp5a1"", ""Ndufb6"", ""Atp5c1"", ""Cs"", ""Irs1"", ""Idh3a"", ""Shmt2"", ""Fxn"", ""Ldha"", ""Cox5a"", ""Chchd2"", ""Mybbp1a"", ""Akt1"", ""Cox8a"")"
"81","GOBP_RNA_PROCESSING","5.44758549929528e-18","9.18879495248778e-16","1.0959292864312","-0.534883367433921","-2.22584176061611","330","c(""Srsf3"", ""Snrpf"", ""Hnrnpm"", ""Ybx1"", ""Ncl"", ""Hnrnpa3"", ""Alyref"", ""Rbm8a"", ""Snrpg"", ""Nop10"", ""Ddx21"", ""Hnrnpa2b1"", ""Ddx18"", ""Srsf2"", ""Snrpd3"", ""U2af1"", ""Larp7"", ""Lsm3"", ""Eif4a3"", ""Rps28"", ""Srsf7"", ""Tdrd5"", ""Snrpd2"", ""Snrpd1"", ""Pa2g4"", ""Wdr43"", ""Prmt1"", ""Hnrnpa1"", ""Lsm7"", ""Rbmxl1"", ""Rpl35"", ""U2af2"", ""Ddx39b"", ""Pcbp1"", ""Hnrnpu"", ""Srsf10"", ""Slbp"", ""Rps17"", ""Eny2"", ""C1qbp"", ""Snrpb"", ""Pdcd11"", ""Nifk"", ""Clns1a"", ""Fbl"", ""Magoh"", ""Raly"", ""Snrpb2"", ""Wbp11"", ""Rnps1"", ""Rpf2"", ""Hspa8"", ""Snrpe"", ""Npm3"", ""Lsm8"", 
""Ssb"", ""Ddx1"", ""Eri1"", ""Srsf6"", ""Syncrip"", ""Fcf1"", ""Srsf1"", ""Suv39h1"", ""Lsm2"", ""Wdr12"", ""Dhx9"", ""Lsm5"", ""Brix1"", ""Ccnb1"", ""Dkc1"", ""Lyar"", ""Gar1"", ""Exosc2"", ""Thoc7"", ""Sf3b4"", ""Pabpc1"", ""U2surp"", ""Sf3a3"", ""Srrm1"", ""Mrto4"", ""Rbm24"", ""Ebna1bp2"", ""Pop4"", ""Npm1"", ""Phf5a"", ""Ddx10"", ""Exosc3"", ""Leo1"", ""Lsm6"", ""Wdr18"", ""Nudt21"", ""Slirp"", ""Rpp30"", ""Psip1"", ""Smu1"", ""Rbm34"", ""Tdrkh"", ""Utp18"", ""Rsl1d1"", ""Snrpc"", ""Srsf9"", ""Prpf19"", ""Zcchc8"", ""Aars"", ""Zcrb1"", ""Strap"", ""Eftud2"", ""Trmt10a"", ""Prpf40a"", ""Cstf2"", ""Rrp15"", 
""Rbm17"", ""Sf3a2"", ""Rrp9"", ""Sf3b5"", ""Sfpq"", ""Sap18"", ""Nsun2"", ""Bysl"", ""Ddx56"", ""Thoc6"", ""Snrpa"", ""Ptbp1"", ""Snrnp40"", ""Snrpa1"", ""Ivns1abp"", ""Rps26"", ""Tbrg4"", ""Eif6"", ""Thoc3"", ""Khsrp"", ""Pes1"", ""Hnrnpc"", ""Ppp1r8"", ""Akt1"", ""Ppan"", ""Mettl16"", ""Gemin6"", ""Ftsj3"", ""Bcas2"", ""Rbmx2"", ""Snrnp35"", ""Rbm28"", ""Znhit3"", ""Tcerg1"", ""Nop2"", ""Taf15"", ""Polr2d"", ""Tssc4"", ""Txnl4a"", ""Pwp1"", ""Sf3b6"", ""Ddx27"", ""Rbm15"", ""Mphosph10"", ""Smn1"", ""Sgf29"", ""Osgep"", ""Exosc8"", ""Exosc1"", ""Srsf4"", ""Sf3b3"", ""Usp39"", ""Dgcr8"", ""Trmt112"", 
""Wdr74"", ""Lsm4"", ""Rtca"", ""Wdr46"", ""Tgs1"", ""Fmr1"", ""Las1l"", ""Prpf4"", ""Prpf38a"", ""Mak16"")"
"82","GOBP_CELLULAR_RESPIRATION","2.11412598331867e-10","8.36173276850522e-09","0.826657301178302","-0.610431461293607","-2.22332532238557","109","c(""Atp5k"", ""Atp5b"", ""Cox7c"", ""Uqcr11"", ""Atp5j2"", ""Cycs"", ""Ndufa5"", ""Atp5e"", ""Uqcr10"", ""Cox7a2"", ""Uqcrq"", ""Ndufc1"", ""Cox7b"", ""Ndufs6"", ""Dnajc15"", ""Atp5j"", ""Ndufb4"", ""Cox6a1"", ""Atp5h"", ""Cox5b"", ""Ndufa12"", ""Sdhb"", ""Aco2"", ""Cdk1"", ""Ndufab1"", ""Nfatc3"", ""Ndufb7"", ""Ndufb2"", ""Uqcrb"", ""Atp5o"", ""Ccnb1"", ""Mrps36"", ""Cyc1"", ""Atp5a1"", ""Ndufb6"", ""Atp5c1"", ""Cs"", ""Idh3a"", ""Shmt2"", ""Fxn"", ""Cox5a"", ""Chchd2"", ""Mybbp1a"", ""Akt1"", ""Cox8a"")"
"83","GOCC_SMALL_NUCLEAR_RIBONUCLEOPROTEIN_COMPLEX","4.42050920323412e-08","1.09747273941765e-06","0.719512826338911","-0.706171237353747","-2.21942160320735","46","c(""Snrpf"", ""Snrpg"", ""Snrpd3"", ""Larp7"", ""Lsm3"", ""Snrpd2"", ""Snrpd1"", ""Lsm7"", ""Ddx39b"", ""Snrpb"", ""Snrpb2"", ""Snrpe"", ""Lsm8"", ""Lsm2"", ""Lsm5"", ""Sf3b4"", ""Sf3a3"", ""Phf5a"", ""Lsm6"", ""Snrpc"", ""Eftud2"", ""Prpf40a"", ""Sf3a2"", ""Sf3b5"", ""Snrpa"", ""Snrnp40"", ""Snrpa1"", ""Rbmx2"", ""Tssc4"", ""Txnl4a"", ""Nolc1"", ""Sf3b6"", ""Ppih"", ""Sf3b3"", ""Usp39"", ""Lsm4"", ""Prpf4"", ""Sart3"", ""Luc7l"", ""Sf3b2"")"
"84","GOBP_REGULATION_OF_RNA_SPLICING","9.32296474408169e-08","2.20896597962538e-06","0.704975715167238","-0.67901745647055","-2.21688432491963","55","c(""Srsf3"", ""Ncl"", ""Rbm8a"", ""Hnrnpa2b1"", ""Srsf2"", ""Larp7"", ""Eif4a3"", ""Srsf7"", ""Rbmxl1"", ""U2af2"", ""Hnrnpu"", ""Srsf10"", ""Eny2"", ""C1qbp"", ""Clns1a"", ""Magoh"", ""Rnps1"", ""Hspa8"", ""Srsf6"", ""Srsf1"", ""Sf3b4"", ""Srrm1"", ""Rbm24"", ""Npm1"", ""Slirp"", ""Srsf9"", ""Prpf19"", ""Sf3b5"", ""Sap18"", ""Ptbp1"", ""Rps26"", ""Mettl16"", ""Rbm15"", ""Smn1"", ""Sgf29"", ""Srsf4"", ""Sf3b3"")"
"85","REACTOME_DNA_REPLICATION","5.42221047147906e-09","1.65406260925172e-07","0.761460801445585","-0.616145297972053","-2.20620104139307","93","c(""Mcm7"", ""Pcna"", ""Ube2s"", ""Psma6"", ""Psmc3"", ""Lig1"", ""Anapc5"", ""Pole4"", ""Ccna2"", ""Psmc4"", ""Dbf4"", ""Psmc6"", ""Ccne2"", ""Mcm6"", ""Ube2c"", ""Rfc1"", ""Rpa3"", ""Pole3"", ""Psmd3"", ""Mcm5"", ""Pola1"", ""Cdk2"", ""Psma7"", ""Psmb6"", ""Mcm2"", ""Orc6"", ""Prim2"", ""Mcm4"", ""Rfc3"", ""Mcm3"", ""Psmd14"", ""Fen1"", ""Gmnn"", ""Rfc5"", ""Kpnb1"", ""Cdc16"", ""Psmc2"", ""Cdc7"", ""Psmd13"", ""Cdt1"", ""Psmb3"", ""Gins1"", ""Psmc5"", ""Psmd2"", ""Psmc1"", ""Psmd12"", ""Psmb7"", ""Rpa1"", ""Pold2"", ""Rfc4"", ""Psmd6"", ""Pold3"", ""Psma2"", ""Anapc15"", ""Gins2"", ""Cdc45"", ""Psmb2"", ""Fzr1"", 
""Pola2"", ""Psmd1"", ""Rfc2"", ""Orc2"", ""Prim1"")"
"86","GOCC_U2_TYPE_SPLICEOSOMAL_COMPLEX","1.1261087202863e-07","2.60412641566208e-06","0.704975715167238","-0.690189486447139","-2.20455000083553","49","c(""Snrpf"", ""Rbm8a"", ""Snrpg"", ""Snrpd3"", ""Lsm3"", ""Eif4a3"", ""Snrpd2"", ""Snrpd1"", ""Lsm7"", ""U2af2"", ""Snrpb"", ""Snrpb2"", ""Snrpe"", ""Lsm8"", ""Lsm2"", ""Lsm5"", ""Sf3b4"", ""Sf3a3"", ""Phf5a"", ""Lsm6"", ""Smu1"", ""Prpf19"", ""Eftud2"", ""Prpf40a"", ""Sf3a2"", ""Sf3b5"", ""Snrnp40"", ""Snrpa1"", ""Bcas2"", ""Rbmx2"", ""Txnl4a"", ""Sf3b6"", ""Sf3b3"", ""Lsm4"", ""Prpf4"", ""Prpf38a"")"
"87","REACTOME_MRNA_SPLICING_MINOR_PATHWAY","1.61258823410715e-07","3.55699750869404e-06","0.690132458796796","-0.740542169503425","-2.20086558624625","36","c(""Snrpf"", ""Ybx1"", ""Snrpg"", ""Srsf2"", ""Snrpd3"", ""Srsf7"", ""Snrpd2"", ""Snrpd1"", ""Polr2l"", ""Polr2k"", ""Snrpb"", ""Snrpe"", ""Srsf1"", ""Polr2f"", ""Sf3b4"", ""Zcrb1"", ""Eftud2"", ""Sf3b5"", ""Polr2c"", ""Gtf2f1"", ""Snrnp40"", ""Polr2e"", ""Snrnp35"", ""Polr2d"", ""Polr2i"", ""Txnl4a"", ""Sf3b6"", ""Gtf2f2"")"
"88","GOBP_AEROBIC_ELECTRON_TRANSPORT_CHAIN","2.51169248010985e-07","5.33502087904814e-06","0.674962860011025","-0.746741985296105","-2.19676549550018","33","c(""Cox7c"", ""Uqcr11"", ""Cycs"", ""Uqcr10"", ""Cox7a2"", ""Uqcrq"", ""Cox7b"", ""Ndufs6"", ""Dnajc15"", ""Cox6a1"", ""Cox5b"", ""Sdhb"", ""Uqcrb"", ""Cyc1"", ""Ndufb6"")"
"89","GOBP_NEGATIVE_REGULATION_OF_CHROMOSOME_ORGANIZATION","2.89853150844579e-07","6.05607547667761e-06","0.674962860011025","-0.66991868023801","-2.18717826329536","55","c(""H3f3b"", ""Top2a"", ""H3f3a"", ""Hnrnpu"", ""Mad1l1"", ""Spc25"", ""Bub3"", ""Birc5"", ""Rad21"", ""Smarca5"", ""Spc24"", ""Fbxo5"", ""Ccnb1"", ""Aurkb"", ""Mad2l1"", ""Mcm2"", ""Ndc80"", ""Plk1"", ""Xrcc1"", ""Cdc20"", ""Cdca8"", ""Bub1b"", ""Spdl1"", ""Incenp"", ""Psmg2"", ""Naa10"", ""Trip13"", ""Tinf2"", ""Nuf2"", ""Hnrnpc"", ""Ttk"", ""Bub1"", ""Parp1"", ""Ctc1"", ""Anapc15"")"
"90","REACTOME_RHO_GTPASES_ACTIVATE_FORMINS","4.00334415882397e-08","1.00698152416033e-06","0.719512826338911","-0.622747685593231","-2.18655890213108","80","c(""Tuba1b"", ""Tubb4b"", ""Tuba1a"", ""Rcc2"", ""Dynll1"", ""Nudc"", ""Mad1l1"", ""Spc25"", ""Bub3"", ""Tubb2a"", ""Spc24"", ""Aurkb"", ""Cenpl"", ""Rangap1"", ""Ska2"", ""Mad2l1"", ""Ckap5"", ""Ndc80"", ""Plk1"", ""Nup85"", ""Cdc20"", ""Cdca8"", ""Dynll2"", ""Bub1b"", ""Spdl1"", ""Nup107"", ""Incenp"", ""Cenpf"", ""Tuba1c"", ""Nde1"", ""Kif18a"", ""Nuf2"", ""Cenpk"", ""Bub1"", ""Ska1"", ""Cenph"", ""Nup37"", ""Kif2c"", ""Cenpc1"", ""Pmf1"", ""Cenpo"", ""Seh1l"", ""Ercc6l"", ""Cenpe"", ""Kif2a"", ""Cenpp"", ""Cenpa"", ""Nup43"", ""Sec13"", ""Fmnl2"", ""Cenpn"", ""Zwilch"", ""Nup133"")"
"91","GOBP_METAPHASE_ANAPHASE_TRANSITION_OF_CELL_CYCLE","2.82738730162191e-07","5.96142138779473e-06","0.674962860011025","-0.674657924457673","-2.18648738786469","51","c(""Anapc5"", ""Mad1l1"", ""Spc25"", ""Bub3"", ""Birc5"", ""Rad21"", ""Tacc3"", ""Ube2c"", ""Spc24"", ""Smarcc1"", ""Fbxo5"", ""Ccnb1"", ""Aurkb"", ""Mad2l1"", ""Ndc80"", ""Plk1"", ""Cdc20"", ""Cdca8"", ""Bcl7a"", ""Bub1b"", ""Spdl1"", ""Incenp"", ""Psmg2"", ""Actl6a"", ""Smarca4"", ""Trip13"", ""Cdc16"", ""Nuf2"", ""Nsmce2"", ""Ttk"", ""Bub1"")"
"92","REACTOME_GENE_EXPRESSION_TRANSCRIPTION","1.84994032696342e-16","2.35764617225228e-14","1.04762648849882","-0.524956875252479","-2.18448060342833","326","c(""Srsf3"", ""Dek"", ""Cox7c"", ""Snrpf"", ""H3f3b"", ""Rbbp4"", ""Cycs"", ""Alyref"", ""Pcna"", ""Rbm8a"", ""Snrpg"", ""Gtf2h4"", ""Ddx21"", ""H3f3a"", ""Srsf2"", ""Ran"", ""Snrpd3"", ""U2af1"", ""Txn1"", ""Eif4a3"", ""Srsf7"", ""Ywhae"", ""Psma6"", ""Prmt1"", ""Ezh2"", ""Psmc3"", ""Taf1d"", ""Polr2l"", ""Rorc"", ""U2af2"", ""Ddx39b"", ""Cox7b"", ""Polr2k"", ""Trim28"", ""Slbp"", ""Cox6a1"", ""Cox5b"", ""Snrpb"", ""Ctsl"", ""Rbbp7"", ""Magoh"", ""Ccna2"", ""Ndufa4"", ""Psmc4"", ""Dnmt1"", ""Cdk1"", ""Mbd3"", ""Rnps1"", ""Lbr"", ""Snrpe"", ""Psmc6"", ""Ccne2"", ""Srsf1"", ""Smarca5"", ""Ywhaq"", ""Ak6"", 
""Rpa3"", ""Pin1"", ""Smarcc1"", ""Ccnb1"", ""E2f4"", ""Nelfe"", ""Thoc7"", ""Polr2f"", ""Aurkb"", ""Aurka"", ""Psmd3"", ""Mtf2"", ""Rmi2"", ""Atad2"", ""Cdk2"", ""Psma7"", ""Srrm1"", ""Psmb6"", ""Tcf3"", ""Cdk4"", ""Prdx1"", ""Npm1"", ""Nup85"", ""Leo1"", ""Nudt21"", ""Rabggtb"", ""Wdr5"", ""Psip1"", ""Rfc3"", ""Srsf9"", ""Nup107"", ""Cstf2"", ""Tcf12"", ""Nup62"", ""Supt16"", ""Psmd14"", ""Suz12"", ""Meaf6"", ""Actl6a"", ""Smarca4"", ""Tpx2"", ""Rfc5"", ""Polr3k"", ""Psmc2"", ""Tdg"", ""Polr2c"", ""Gtf2f1"", ""Psmd13"", ""Thoc6"", ""Taf3"", ""Psmb3"", ""Ndc1"", ""Aaas"", ""Psmc5"", ""Cox5a"", ""Psmd2"", 
""Psmc1"", ""Thoc3"", ""Hcfc1"", ""Psmd12"", ""Psmb7"", ""Rpa1"", ""Mybbp1a"", ""Akt1"", ""Cox8a"", ""Rfc4"", ""Polr2e"", ""Foxo6"", ""Noc2l"", ""Psmd6"", ""Blm"", ""Eed"", ""E2f8"", ""Stub1"", ""Parp1"", ""Taf15"", ""Psma2"", ""Polr2d"", ""Polr2i"", ""Hdac1"", ""Ssrp1"", ""Nup37"", ""Topbp1"", ""Gtf2a2"", ""Zfp101"", ""Lef1"", ""Gtf2f2"", ""Rhno1"", ""E2f7"", ""Sgf29"", ""Pidd1"", ""Polr3d"", ""Seh1l"", ""Psmb2"", ""Lrpprc"", ""Bard1"", ""Nup205"", ""Nup188"", ""Zfpm1"", ""Mapk1"", ""Nelfa"", ""Psmd1"")"
"93","REACTOME_AMPLIFICATION_OF_SIGNAL_FROM_THE_KINETOCHORES","1.44888725902307e-07","3.22068543817726e-06","0.690132458796796","-0.649822163060119","-2.1807421886188","63","c(""Rcc2"", ""Dynll1"", ""Nudc"", ""Mad1l1"", ""Spc25"", ""Bub3"", ""Spc24"", ""Aurkb"", ""Cenpl"", ""Rangap1"", ""Ska2"", ""Mad2l1"", ""Ckap5"", ""Ndc80"", ""Plk1"", ""Nup85"", ""Cdc20"", ""Cdca8"", ""Dynll2"", ""Bub1b"", ""Spdl1"", ""Nup107"", ""Incenp"", ""Cenpf"", ""Nde1"", ""Kif18a"", ""Nuf2"", ""Cenpk"", ""Bub1"", ""Ska1"", ""Cenph"", ""Nup37"", ""Kif2c"", ""Cenpc1"", ""Pmf1"", ""Cenpo"", ""Seh1l"", ""Ercc6l"", ""Cenpe"", ""Kif2a"", ""Cenpp"", ""Cenpa"", ""Nup43"", ""Sec13"", ""Cenpn"", ""Zwilch"", ""Nup133"")"
"94","GOBP_PROTEIN_DNA_COMPLEX_ORGANIZATION","2.28759995303099e-13","1.62809265049386e-11","0.932595211336209","-0.542448727106949","-2.18048208968489","230","c(""Ptma"", ""Hmgb1"", ""Cbx3"", ""Rag1"", ""Satb1"", ""Dek"", ""Anp32e"", ""H3f3b"", ""Mier1"", ""Rbbp4"", ""Cbx1"", ""Hmgn2"", ""Set"", ""Anp32b"", ""Ddx21"", ""H3f3a"", ""Hmgn1"", ""Banf1"", ""Rag2"", ""Lmnb1"", ""Ezh2"", ""Nasp"", ""Hnrnpu"", ""Hdgf"", ""Nucks1"", ""Trim28"", ""Eny2"", ""Samd1"", ""Rbbp7"", ""Dnmt1"", ""Mbd3"", ""Rad21"", ""Npm3"", ""Psmc6"", ""Cbx5"", ""Mki67"", ""Phb"", ""Bcl6"", ""Asf1a"", ""Nap1l1"", ""Smarca5"", ""Suv39h1"", ""Tox"", ""Smarcc1"", ""Ruvbl1"", ""Ruvbl2"", ""Pole3"", ""Asf1b"", ""Brd8"", ""Uchl5"", ""Mtf2"", ""Hat1"", ""Cdk2"", ""Hdac2"", ""Ctcf"", ""Tcf3"", ""Mcm2"", 
""Npm1"", ""Uhrf1"", ""Morf4l2"", ""Cdkn1c"", ""Bcl7a"", ""Wdr5"", ""Cenpw"", ""Psip1"", ""Dnajc9"", ""Hells"", ""Loxl2"", ""Pak1"", ""Supt16"", ""Grwd1"", ""Msl3"", ""Suz12"", ""Meaf6"", ""Actl6a"", ""Smarca4"", ""Brd3"", ""Rad51"", ""Hmgn5"", ""Sfpq"", ""Tdg"", ""Hjurp"", ""Cdt1"", ""Taf3"", ""Cfdp1"", ""Hcfc1"", ""Sfmbt1"", ""Dpy30"", ""Mybbp1a"", ""Noc2l"", ""Eed"", ""Cenpk"", ""Brcc3"", ""Hdac1"", ""Cenph"", ""Ssrp1"", ""Lmnb2"", ""Gtf2a2"", ""Morc1"", ""Nudt5"", ""Rbm15"", ""Cenpc1"", ""Gtf2f2"", ""Cenpo"", ""Cdc45"", ""Sgf29"")"
"95","GOBP_ELECTRON_TRANSPORT_CHAIN","7.65637513128317e-07","1.42562699278925e-05","0.659444398037935","-0.67488531561772","-2.17195860061297","50","c(""Cox7c"", ""Uqcr11"", ""Cycs"", ""Ndufa5"", ""Uqcr10"", ""Cox7a2"", ""Uqcrq"", ""Cox7b"", ""Ndufs6"", ""Dnajc15"", ""Cox6a1"", ""Cox5b"", ""Ndufa12"", ""Sdhb"", ""Cdk1"", ""Wdr93"", ""Uqcrb"", ""Ccnb1"", ""Cyc1"", ""Ndufb6"")"
"96","REACTOME_TRANSCRIPTIONAL_REGULATION_BY_TP53","5.76913892584464e-09","1.75058263173116e-07","0.761460801445585","-0.597128804336624","-2.16867780023512","107","c(""Cox7c"", ""Rbbp4"", ""Cycs"", ""Pcna"", ""Gtf2h4"", ""Txn1"", ""Ywhae"", ""Polr2l"", ""Cox7b"", ""Polr2k"", ""Cox6a1"", ""Cox5b"", ""Rbbp7"", ""Ccna2"", ""Ndufa4"", ""Cdk1"", ""Mbd3"", ""Ccne2"", ""Ywhaq"", ""Ak6"", ""Rpa3"", ""Pin1"", ""Ccnb1"", ""Nelfe"", ""Polr2f"", ""Aurkb"", ""Aurka"", ""Rmi2"", ""Cdk2"", ""Prdx1"", ""Npm1"", ""Rabggtb"", ""Rfc3"", ""Supt16"", ""Meaf6"", ""Tpx2"", ""Rfc5"", ""Polr2c"", ""Gtf2f1"", ""Taf3"", ""Cox5a"", ""Rpa1"", ""Akt1"", ""Cox8a"", ""Rfc4"", ""Polr2e"", ""Noc2l"", ""Blm"", ""E2f8"", ""Taf15"", ""Polr2d"", ""Polr2i"", ""Hdac1"", ""Ssrp1"", ""Topbp1"", ""Gtf2f2"", ""Rhno1"", 
""E2f7"", ""Pidd1"", ""Lrpprc"", ""Bard1"", ""Nelfa"", ""Rfc2"", ""Ing2"", ""Polr2h"", ""Brca1"", ""Exo1"", ""Prmt5"", ""Chek2"")"
"97","GOBP_NUCLEOSIDE_TRIPHOSPHATE_METABOLIC_PROCESS","2.36272484305151e-08","6.36160890840395e-07","0.73376198835648","-0.61801902212638","-2.16540394951161","81","c(""Atp5k"", ""Atp5b"", ""Atp5j2"", ""Ndufa5"", ""Atp5e"", ""Ran"", ""Dut"", ""Atp5g3"", ""Ndufc1"", ""Atp5g1"", ""Ndufs6"", ""Atp5j"", ""Ndufb4"", ""Atp5h"", ""Ndufa12"", ""Sdhb"", ""Nme1"", ""Ada"", ""Ndufab1"", ""Hspa8"", ""Ndufb7"", ""Ndufb2"", ""Impdh2"", ""Dtymk"", ""Atp5o"", ""Uck2"", ""Atp5l"", ""Atp5a1"", ""Ndufb6"", ""Ctps"", ""Atpif1"", ""Atp5c1"")"
"98","REACTOME_CHROMOSOME_MAINTENANCE","5.50865042596835e-07","1.0601379259372e-05","0.659444398037935","-0.662828839264639","-2.16403105673938","55","c(""Rbbp4"", ""Pcna"", ""Nop10"", ""Lig1"", ""Rbbp7"", ""Ccna2"", ""Smarca5"", ""Rfc1"", ""Rpa3"", ""Ruvbl1"", ""Dkc1"", ""Gar1"", ""Cenpl"", ""Pola1"", ""Cdk2"", ""Npm1"", ""Prim2"", ""Cenpw"", ""Rfc3"", ""Mis18bp1"", ""Fen1"", ""Rfc5"", ""Hjurp"", ""Rpa1"", ""Pold2"", ""Rfc4"", ""Blm"", ""Cenpk"", ""Pold3"", ""Cenph"", ""Ctc1"", ""Cenpc1"", ""Cenpo"", ""Pola2"", ""Rfc2"", ""Cenpp"", ""Cenpa"", ""Prim1"", ""Mis18a"", ""Oip5"", ""Cenpn"", ""Pif1"", ""Pold1"")"
"99","MORI_EMU_MYC_LYMPHOMA_BY_ONSET_TIME_UP","1.45687744611327e-07","3.22594291639368e-06","0.690132458796796","-0.622639779482557","-2.16154083869722","74","c(""Rbbp4"", ""Cbx1"", ""Mcm7"", ""Ranbp1"", ""Srsf2"", ""Lig1"", ""Rbmxl1"", ""U2af2"", ""Trim28"", ""Snrpb"", ""Cdk1"", ""Myb"", ""Cdca4"", ""Erh"", ""Tcf3"", ""Uhrf1"", ""Prim2"", ""Lsm6"", ""Tipin"", ""Rfc3"", ""Bub1b"", ""Mis18bp1"", ""Eftud2"", ""Inip"", ""Suz12"", ""Smarca4"", ""Cox5a"", ""Hprt"", ""Ssrp1"", ""Topbp1"", ""Sf3b6"", ""Gins2"", ""Cenpo"", ""Pidd1"", ""Kif18b"", ""Mms22l"", ""Mdm1"", ""Sephs1"", ""Elof1"", ""Phb2"", ""Dnaaf2"", ""Ilf3"", ""Fkbp3"", ""Spag5"", ""Cenpn"", ""Shmt1"", ""Smc1a"", ""Smarcb1"", ""Sapcd2"", ""Akap12"", ""Gclc"", ""Wdhd1"")"
"100","REACTOME_TRANSPORT_OF_MATURE_TRANSCRIPT_TO_CYTOPLASM","2.90395947007209e-07","6.05607547667761e-06","0.674962860011025","-0.692057039034956","-2.16058459268942","44","c(""Srsf3"", ""Alyref"", ""Rbm8a"", ""Srsf2"", ""U2af1"", ""Eif4a3"", ""Srsf7"", ""U2af2"", ""Ddx39b"", ""Slbp"", ""Magoh"", ""Eif4e"", ""Rnps1"", ""Srsf1"", ""Thoc7"", ""Srrm1"", ""Nup85"", ""Srsf9"", ""Nup107"", ""Nup62"", ""Thoc6"", ""Ndc1"", ""Aaas"", ""Thoc3"", ""Nxt1"", ""Nup37"", ""Seh1l"", ""Nup205"", ""Nup188"", ""Nup43"", ""Sec13"", ""Pom121"", ""Nup54"", ""Nup133"")"
"101","REACTOME_S_PHASE","1.37269285127695e-08","3.82155024372492e-07","0.747739663149885","-0.595210841974195","-2.15637723454772","105","c(""Mcm7"", ""Pcna"", ""Ube2s"", ""Psma6"", ""Psmc3"", ""Lig1"", ""Anapc5"", ""Pole4"", ""Ccna2"", ""Psmc4"", ""Rad21"", ""Smc3"", ""Stag2"", ""Psmc6"", ""Ccne2"", ""Mcm6"", ""Ube2c"", ""Rfc1"", ""Rpa3"", ""Cks1b"", ""Pole3"", ""Psmd3"", ""Mcm5"", ""Pola1"", ""Cdk2"", ""Psma7"", ""Psmb6"", ""Cdk4"", ""Mcm2"", ""Orc6"", ""Esco2"", ""Prim2"", ""Mcm4"", ""Rfc3"", ""Pds5b"", ""Mcm3"", ""Psmd14"", ""Fen1"", ""Gmnn"", ""Rfc5"", ""Cdc16"", ""Psmc2"", ""Psmd13"", ""Cdt1"", ""Psmb3"", ""Gins1"", ""Psmc5"", ""Psmd2"", ""Psmc1"", ""Psmd12"", ""Psmb7"", ""Rpa1"", ""Pold2"", ""Akt1"", ""Rfc4"", ""Psmd6"", ""Pold3"", ""Psma2"", 
""Anapc15"", ""Gins2"", ""Psmb2"", ""Fzr1"", ""Pola2"", ""Cdc25a"", ""Psmd1"", ""Rfc2"", ""Orc2"", ""Prim1"", ""Cdc6"", ""Pds5a"", ""Cdca5"")"
"102","GOBP_RIBOSE_PHOSPHATE_BIOSYNTHETIC_PROCESS","8.541680021644e-09","2.47406742041052e-07","0.747739663149885","-0.601442448384641","-2.15514222031663","95","c(""Atp5k"", ""Atp5b"", ""Atp5j2"", ""Ndufa5"", ""Atp5e"", ""Atp5g3"", ""Ndufc1"", ""Atp5g1"", ""Ndufs6"", ""Atp5j"", ""Ndufb4"", ""Atp5h"", ""Prps2"", ""Ndufa12"", ""Sdhb"", ""Nme1"", ""Ada"", ""Ndufab1"", ""Ndufb7"", ""Nppc"", ""Ndufb2"", ""Impdh2"", ""Vdac1"", ""Atp5o"", ""Gart"", ""Uck2"", ""Atp5l"", ""Atp5a1"", ""Ndufb6"", ""Ctps"", ""Atp5c1"")"
"103","REACTOME_EPIGENETIC_REGULATION_OF_GENE_EXPRESSION","4.21546226011249e-07","8.41273477193237e-06","0.674962860011025","-0.733115894298459","-2.15495278838447","34","c(""Dek"", ""H3f3b"", ""Rbbp4"", ""Ddx21"", ""H3f3a"", ""Ezh2"", ""Taf1d"", ""Polr2l"", ""Polr2k"", ""Rbbp7"", ""Dnmt1"", ""Smarca5"", ""Polr2f"", ""Mtf2"", ""Wdr5"", ""Psip1"", ""Suz12"", ""Tdg"", ""Hcfc1"", ""Mybbp1a"", ""Polr2e"", ""Eed"")"
"104","REACTOME_NUCLEOTIDE_EXCISION_REPAIR","6.54488847031116e-07","1.24700781984168e-05","0.659444398037935","-0.664014531447012","-2.15199339655702","51","c(""Pcna"", ""Gtf2h4"", ""Hmgn1"", ""Lig1"", ""Polr2l"", ""Polr2k"", ""Pole4"", ""Sumo2"", ""Cops5"", ""Rfc1"", ""Rpa3"", ""Ruvbl1"", ""Pole3"", ""Polr2f"", ""Cops3"", ""Ube2n"", ""Xrcc1"", ""Rfc3"", ""Prpf19"", ""Rad23a"", ""Actl6a"", ""Rfc5"", ""Polr2c"", ""Rpa1"", ""Pold2"", ""Rfc4"", ""Polr2e"", ""Parp1"", ""Pold3"", ""Polr2d"", ""Polr2i"")"
"105","GOBP_REGULATION_OF_MRNA_METABOLIC_PROCESS","3.61312876510708e-08","9.25057744102192e-07","0.719512826338911","-0.611267168103478","-2.15049942831216","84","c(""Srsf3"", ""Ybx1"", ""Ncl"", ""Hnrnpab"", ""Rbm8a"", ""Hnrnpa2b1"", ""Srsf2"", ""Larp7"", ""Eif4a3"", ""Srsf7"", ""Rbmxl1"", ""U2af2"", ""Hnrnpu"", ""Hnrnpd"", ""Srsf10"", ""C1qbp"", ""Clns1a"", ""Magoh"", ""Rnps1"", ""Hspa8"", ""Srsf6"", ""Syncrip"", ""Srsf1"", ""Dhx9"", ""Ccnb1"", ""Exosc2"", ""Sf3b4"", ""Pabpc1"", ""Srrm1"", ""Hnrnpr"", ""Rbm24"", ""Npm1"", ""Exosc3"", ""Leo1"", ""Apex1"", ""Slirp"", ""Srsf9"", ""Prpf19"", ""Sap18"", ""Ptbp1"", ""Tbrg4"", ""Khsrp"", ""Hnrnpc"", ""Caprin1"")"
"106","REACTOME_MITOCHONDRIAL_BIOGENESIS","6.73152977649874e-07","1.27410307815908e-05","0.659444398037935","-0.864897828855062","-2.14402008042579","16","c(""Atp5k"", ""Atp5b"", ""Atp5j2"", ""Cycs"", ""Atp5e"", ""Atp5g3"", ""Atp5g1"", ""Atp5j"", ""Atp5h"", ""Atp5o"", ""Atp5l"", ""Atp5a1"", ""Atp5c1"")"
"107","GOCC_TRANSFERASE_COMPLEX","3.827196728987e-13","2.55220619078377e-11","0.932595211336209","-0.530886538452732","-2.14363729487277","239","c(""Snrpf"", ""Rbbp4"", ""Pcna"", ""Ube2s"", ""Snrpg"", ""Xrcc6"", ""Gtf2h4"", ""Snrpd3"", ""Naa15"", ""Snrpd2"", ""Snrpd1"", ""Prmt1"", ""Ezh2"", ""Polr2l"", ""Cks2"", ""Polr2k"", ""Anapc5"", ""Mat2a"", ""Eny2"", ""Pole4"", ""Snrpb"", ""Prps2"", ""Rbbp7"", ""Clns1a"", ""Ccna2"", ""Cdk1"", ""Dbf4"", ""Rpn2"", ""Snrpe"", ""Ccne2"", ""Cbx5"", ""Polr2j"", ""Ube2c"", ""Ruvbl1"", ""Ruvbl2"", ""Cks1b"", ""Ccnb1"", ""Pole3"", ""Brd8"", ""Nsmce4a"", ""Polr2f"", ""Mrps36"", ""Erh"", ""Mtf2"", ""Rangap1"", ""Cacybp"", ""Pola1"", ""Cdk2"", ""Ube2n"", ""Hdac2"", ""Ccnf"", ""Cdk4"", ""Pfkp"", ""Morf4l2"", ""Prim2"", 
""Cdc20"", ""Ccnb2"", ""Leo1"", ""Rabggtb"", ""Wdr5"", ""Nsmce1"", ""Ube2l3"", ""Irs1"", ""Naa10"", ""Dcun1d5"", ""Msl3"", ""Suz12"", ""Meaf6"", ""Actl6a"", ""Sf3b5"", ""Ube2a"", ""Rad51"", ""Polr3k"", ""Cdc16"", ""Polr2c"", ""Gtf2f1"", ""Taf3"", ""Psmc5"", ""Hcfc1"", ""Nsmce2"", ""Dpy30"", ""Anapc13"", ""Pold2"", ""Polr2e"", ""Eed"", ""Stub1"", ""Cdkn2d"", ""Brcc3"", ""Pold3"", ""Polr2d"", ""Polr2i"", ""Krtcap2"", ""Gtf2a2"", ""Naa38"", ""Anapc15"", ""Naa50"", ""Rbm15"", ""Naa16"", ""Gtf2f2"", ""Dld"", ""Sgf29"", ""Polr3d"", ""Fzr1"", ""Bard1"", ""Sf3b3"", ""Pola2"", ""Naa25"", ""Las1l"", ""Polr2h"", 
""Myzap"", ""Trim37"")"
"108","GOCC_METHYLTRANSFERASE_COMPLEX","1.15328011611656e-06","2.06689420810264e-05","0.643551836150722","-0.699889470808682","-2.14102692764813","42","c(""Snrpf"", ""Rbbp4"", ""Snrpg"", ""Snrpd3"", ""Snrpd2"", ""Snrpd1"", ""Prmt1"", ""Ezh2"", ""Snrpb"", ""Rbbp7"", ""Clns1a"", ""Snrpe"", ""Cbx5"", ""Ruvbl1"", ""Ruvbl2"", ""Erh"", ""Mtf2"", ""Hdac2"", ""Wdr5"", ""Suz12"", ""Hcfc1"", ""Dpy30"", ""Eed"")"
"109","DLX1_TARGET_GENES","3.00001461601281e-07","6.23372602276574e-06","0.674962860011025","-0.633503421849309","-2.13997298615517","67","c(""Hmgb1"", ""Tubb5"", ""Tuba1b"", ""Cbx3"", ""Eif4a1"", ""H3f3a"", ""Srsf2"", ""Atp5g3"", ""Uba2"", ""Nme1"", ""Tomm40"", ""Hspa8"", ""Ccne2"", ""Syncrip"", ""Srsf1"", ""Hdac2"", ""Sox4"", ""Psmb6"", ""Rpia"", ""Cct7"", ""Ptpru"", ""Mis18bp1"", ""Psmc5"", ""Hnrnpc"", ""Eed"", ""Ftsj3"", ""Marcksl1"", ""Nxt1"", ""Znhit3"", ""Anapc15"", ""Pfdn4"", ""Ercc6l"", ""Ppih"", ""Mapk1"", ""Cdc25a"")"
"110","GOCC_PROTON_TRANSPORTING_TWO_SECTOR_ATPASE_COMPLEX","7.53769188742579e-07","1.40809977115267e-05","0.659444398037935","-0.863145111764693","-2.13967521966689","16","c(""Atp5k"", ""Atp5b"", ""Atp5j2"", ""Atp5e"", ""Atp5g3"", ""Atp5g1"", ""Atp5j"", ""Atp5h"", ""Atp5o"", ""Atp5l"", ""Atp5a1"", ""Atp5c1"")"
"111","REACTOME_HSP90_CHAPERONE_CYCLE_FOR_STEROID_HORMONE_RECEPTORS_SHR_IN_THE_PRESENCE_OF_LIGAND","1.7301253294824e-06","2.93558247472828e-05","0.643551836150722","-0.794044618057493","-2.13550702752105","23","c(""Tuba1b"", ""Tubb4b"", ""Hsp90aa1"", ""Tuba1a"", ""Hsp90ab1"", ""Fkbp4"", ""Dynll1"", ""Stip1"", ""Tubb2a"", ""Ptges3"", ""Hspa8"")"
"112","GOMF_PROTON_TRANSMEMBRANE_TRANSPORTER_ACTIVITY","2.46841447970769e-06","3.9542896762915e-05","0.627256739718528","-0.746932130724191","-2.13465288867081","29","c(""Atp5k"", ""Atp5b"", ""Atp5j2"", ""Slc25a5"", ""Atp5e"", ""Atp5g3"", ""Atp5g1"", ""Atp5j"", ""Atp5h"", ""Atp5o"", ""Slc16a1"", ""Cyc1"", ""Atp5l"", ""Atp5a1"", ""Atp5c1"")"
"113","GOBP_MITOTIC_CELL_CYCLE","1.9997762420317e-17","3.18575465223661e-15","1.07686819261983","-0.507582947296574","-2.13338835921967","379","c(""Hmgb1"", ""Stmn1"", ""Tubb5"", ""Tuba1b"", ""Calm2"", ""Tubb4b"", ""Arpp19"", ""Ranbp1"", ""Nusap1"", ""Pcna"", ""Ube2s"", ""Anp32b"", ""Tuba1a"", ""Ran"", ""Larp7"", ""Banf1"", ""Ywhae"", ""Rdx"", ""Rcc2"", ""Lmnb1"", ""Ezh2"", ""Smc2"", ""Rgcc"", ""Lig1"", ""Cks2"", ""Rrm2"", ""Nasp"", ""Rps27l"", ""Hnrnpu"", ""Plk5"", ""Anapc5"", ""Smc4"", ""Nudc"", ""Mad1l1"", ""Spc25"", ""Tube1"", ""Bub3"", ""Tubb2a"", ""Ccna2"", ""Eif4e"", ""Cdk1"", ""Myb"", ""Birc5"", ""Ncapd2"", ""Igf2"", ""Rad21"", ""Tacc3"", ""Dbf4"", ""Smc3"", ""Stag2"", ""Ccne2"", ""Mki67"", ""Ncaph"", ""Mcm6"", ""Ube2c"", ""Smarca5"", ""Spc24"", 
""Kif23"", ""Prc1"", ""Rpa3"", ""Smarcc1"", ""Fbxo5"", ""Rrm1"", ""Cks1b"", ""Ccnb1"", ""Ckap2"", ""E2f4"", ""Mzt1"", ""Aurkb"", ""Aurka"", ""Ska2"", ""Ncapg"", ""Kif11"", ""Pola1"", ""Cdk2"", ""Mad2l1"", ""Ckap5"", ""Ccnf"", ""Racgap1"", ""Tcf3"", ""Ncapd3"", ""Cdk4"", ""Mcm2"", ""Ndc80"", ""Kif20b"", ""Plk1"", ""Kif22"", ""Cdkn1c"", ""Cd28"", ""Cdc20"", ""Tcf19"", ""Ccnb2"", ""Calm3"", ""Tubg1"", ""Cdca8"", ""Bcl7a"", ""Mcm4"", ""Apex1"", ""Cenpw"", ""Reep4"", ""Tipin"", ""Kif20a"", ""Bub1b"", ""Spdl1"", ""Incenp"", ""Psmg2"", ""Cenpf"", ""Nup62"", ""Tuba1c"", ""Nde1"", ""Mcm3"", ""Inip"", ""Ctdspl"", ""Actl6a"", 
""Smarca4"", ""Trip13"", ""Rcc1"", ""Ube2a"", ""Tpx2"", ""Rad51"", ""Kpnb1"", ""Kif18a"", ""Cdc16"", ""Cdc7"", ""Cdt1"", ""Nuf2"", ""Thap1"", ""Gins1"", ""Aaas"", ""Rnaseh2b"", ""Ect2"", ""Nsmce2"", ""Ttk"", ""Akt1"", ""Cdkn2c"", ""Kif4"", ""Blm"", ""E2f8"", ""Pcnt"", ""Cenpk"", ""Atad5"", ""Bub1"", ""Cdkn2d"", ""Brcc3"", ""Rpa2"", ""Tk1"", ""Ska1"", ""Mastl"", ""Cenph"", ""Bora"", ""Kif2c"", ""Topbp1"", ""Hacd1"", ""Ctc1"", ""Anapc15"", ""Naa50"", ""Nek2"", ""Anln"", ""Cenpc1"", ""Mybl2"", ""Foxm1"", ""E2f7"", ""Ccsap"", ""Cdc45"", ""Kif14"", ""Pidd1"", ""Babam1"", ""Seh1l"", ""Clspn"", ""Fzr1"", ""Bard1"", 
""Kif18b"", ""Sass6"", ""Gpsm2"", ""Ska3"", ""Cenpe"")"
"114","GOCC_HETEROCHROMATIN","1.62767223464977e-06","2.78647769125864e-05","0.643551836150722","-0.696336880084574","-2.13015922250258","42","c(""Cbx3"", ""Satb1"", ""Cbx1"", ""Ezh2"", ""Trim28"", ""Dnmt1"", ""Mbd3"", ""Tcp1"", ""Cbx5"", ""Smarca5"", ""Suv39h1"", ""Pole3"", ""Hdac2"", ""Wdr76"", ""Ncapd3"", ""Uhrf1"", ""Esco2"", ""Psip1"", ""Hells"", ""Incenp"", ""Suz12"", ""Smarca4"")"
"115","GOBP_SPINDLE_ORGANIZATION","1.34357067058768e-07","3.02171678267465e-06","0.690132458796796","-0.600754864104839","-2.12791728940543","87","c(""Stmn1"", ""Tubb5"", ""Ranbp1"", ""Hnrnpu"", ""Plk5"", ""Nudc"", ""Spc25"", ""Birc5"", ""Tacc3"", ""Smc3"", ""Stag2"", ""Kif23"", ""Prc1"", ""Fbxo5"", ""Ccnb1"", ""Mzt1"", ""Aurkb"", ""Aurka"", ""Kif11"", ""Haus3"", ""Ckap5"", ""Haus4"", ""Racgap1"", ""Ndc80"", ""Plk1"", ""Cdc20"", ""Ccnb2"", ""Tubg1"", ""Cdca8"", ""Incenp"", ""Nup62"", ""Rcc1"", ""Tpx2"", ""Kpnb1"", ""Nuf2"", ""Aaas"", ""Haus5"", ""Kif4"", ""Pcnt"", ""Cenph"", ""Bora"", ""Nek2"", ""Mybl2"", ""Ccsap"", ""Sass6"", ""Gpsm2"", ""Cenpe"", ""Kif2a"", ""Limk2"", ""Aspm"", ""Espl1"", ""Drg1"", ""Knstrn"", ""Chek2"", ""Spag5"", ""Aunip"", ""Dcaf13"", 
""Smc1a"", ""Haus6"", ""Haus7"")"
"116","GOBP_ESTABLISHMENT_OF_RNA_LOCALIZATION","4.99107332437715e-07","9.73598827051122e-06","0.659444398037935","-0.635902591147129","-2.12718978026356","61","c(""Srsf3"", ""Ybx1"", ""Hnrnpa3"", ""Alyref"", ""Rbm8a"", ""Hnrnpa2b1"", ""Ran"", ""Eif4a3"", ""Srsf7"", ""Hnrnpa1"", ""Ddx39b"", ""Slbp"", ""Eny2"", ""Magoh"", ""Ssb"", ""Srsf1"", ""Dhx9"", ""Thoc7"", ""Ddx19a"", ""Npm1"", ""Nup85"", ""Mrpl18"", ""Nup107"", ""Nup62"", ""Kpnb1"", ""Nsun2"", ""Thoc6"", ""Ndc1"", ""Aaas"", ""Thoc3"", ""Khsrp"", ""Nxt1"", ""Cetn3"", ""Nup37"")"
"117","YU_MYC_TARGETS_UP","2.44009614915655e-06","3.93088522904854e-05","0.627256739718528","-0.702713457485611","-2.12481799055611","39","c(""Hmgn2"", ""Top2a"", ""Pcna"", ""Ube2s"", ""Txn1"", ""Cks2"", ""Cdk1"", ""Birc5"", ""Kpna2"", ""Mki67"", ""Fdps"", ""Rrm1"", ""Cks1b"", ""Uchl5"", ""Aurka"", ""Racgap1"", ""Plk1"", ""Ccnb2"", ""Kif20a"", ""Strap"", ""Dctpp1"", ""Gmnn"", ""Ect2"", ""E2f8"", ""Bub1"")"
"118","YAO_TEMPORAL_RESPONSE_TO_PROGESTERONE_CLUSTER_17","3.39048764127498e-08","8.71960529486155e-07","0.719512826338911","-0.588442906764533","-2.12214235166983","101","c(""Tubb5"", ""Set"", ""Ube2s"", ""Romo1"", ""Uqcrq"", ""Eif4a3"", ""Pdap1"", ""Lsm7"", ""Eif1ax"", ""Hnrnpd"", ""Ndufs6"", ""Sdhb"", ""Drap1"", ""Rpn2"", ""Cops5"", ""Ndufab1"", ""Ndufb7"", ""Ddx1"", ""Impdh2"", ""Nap1l1"", ""Ruvbl1"", ""Sae1"", ""Cks1b"", ""Erh"", ""Usp1"", ""Psma7"", ""Psmb6"", ""Cdk4"", ""Ndufb6"", ""Mrpl18"", ""Slirp"", ""Srsf9"", ""Mrps14"", ""Mrpl51"", ""Naa10"", ""Psmd14"", ""Nme2"", ""Polr3k"", ""Psmd13"", ""Fam162a"", ""Faf1"", ""Mrps11"", ""Psmb7"", ""Akt1"", ""Marcksl1"", ""Stub1"", ""Samm50"", ""Krtcap2"", ""Lmnb2"")"
"119","GOBP_CHROMOSOME_CONDENSATION","2.83796888614613e-06","4.45911001699947e-05","0.627256739718528","-0.795733084104329","-2.12191670965632","22","c(""H3f3b"", ""Top2a"", ""Nusap1"", ""H3f3a"", ""Smc2"", ""Smc4"", ""Cdk1"", ""Ncapd2"", ""Ncaph"", ""Smarca5"", ""Ccnb1"", ""Ncapg"", ""Ncapd3"")"
"120","GOCC_PRECATALYTIC_SPLICEOSOME","2.57958540033929e-06","4.0980394102343e-05","0.627256739718528","-0.71660082510965","-2.12033391264878","35","c(""Snrpf"", ""Snrpg"", ""Snrpd3"", ""Lsm3"", ""Snrpd2"", ""Snrpd1"", ""Lsm7"", ""Snrpb"", ""Snrpb2"", ""Snrpe"", ""Lsm8"", ""Lsm2"", ""Lsm5"", ""Sf3b4"", ""Sf3a3"", ""Phf5a"", ""Lsm6"", ""Smu1"", ""Eftud2"", ""Sf3a2"", ""Sf3b5"", ""Snrpa1"", ""Rbmx2"", ""Txnl4a"", ""Sf3b6"", ""Sf3b3"", ""Lsm4"", ""Prpf4"", ""Prpf38a"")"
"121","GOBP_REGULATION_OF_MITOTIC_SISTER_CHROMATID_SEGREGATION","2.57958540033929e-06","4.0980394102343e-05","0.627256739718528","-0.716456065721953","-2.11990558738295","35","c(""Hnrnpu"", ""Mad1l1"", ""Spc25"", ""Bub3"", ""Cdk1"", ""Birc5"", ""Rad21"", ""Spc24"", ""Fbxo5"", ""Ccnb1"", ""Aurkb"", ""Mad2l1"", ""Ndc80"", ""Plk1"", ""Cdc20"", ""Cdca8"", ""Bub1b"", ""Spdl1"", ""Incenp"", ""Psmg2"", ""Trip13"", ""Nuf2"", ""Ttk"", ""Bub1"", ""Anapc15"")"
"122","GOBP_CELL_DIVISION","2.47637328445673e-12","1.37883502780188e-10","0.898671232061694","-0.52493770028243","-2.1196537220601","241","c(""Stmn1"", ""Calm2"", ""Ybx1"", ""Arpp19"", ""Top2a"", ""Nusap1"", ""Ube2s"", ""Ran"", ""Rcc2"", ""Smc2"", ""Lig1"", ""Cks2"", ""Hnrnpu"", ""Plk5"", ""Anapc5"", ""Smc4"", ""Nudc"", ""Mad1l1"", ""Gnl3"", ""Spc25"", ""Bub3"", ""Ccna2"", ""Cdk1"", ""Myb"", ""Birc5"", ""Ncapd2"", ""Igf2"", ""Rad21"", ""Tacc3"", ""Smc3"", ""Stag2"", ""Ccne2"", ""Ncaph"", ""Ube2c"", ""Spc24"", ""Kif23"", ""Prc1"", ""Pin1"", ""Fbxo5"", ""Ruvbl1"", ""Cks1b"", ""Ccnb1"", ""Ckap2"", ""Fgf13"", ""Cdca3"", ""Aurkb"", ""Aurka"", ""Ska2"", ""Kif11"", ""Cdk2"", ""Mad2l1"", ""Haus3"", ""Ckap5"", ""Haus4"", ""Ssna1"", ""Ccnf"", ""Racgap1"", 
""Ncapd3"", ""Cdk4"", ""Ndc80"", ""Kif20b"", ""Plk1"", ""Cdc20"", ""Ccnb2"", ""Calm3"", ""Cdca8"", ""Wdr5"", ""Cenpw"", ""Reep4"", ""Tipin"", ""Kif20a"", ""Bub1b"", ""Hells"", ""Spdl1"", ""Incenp"", ""Mis18bp1"", ""Prpf40a"", ""Nup62"", ""Nde1"", ""Pds5b"", ""Rcc1"", ""Tpx2"", ""Nsun2"", ""Cdc16"", ""Cdc7"", ""Nuf2"", ""Ect2"", ""Haus5"", ""Nsmce2"", ""Anapc13"", ""Cinp"", ""Blm"", ""E2f8"", ""Bub1"", ""Brcc3"", ""Cetn3"", ""Ska1"", ""Mastl"", ""Bora"", ""Nup37"", ""Kif2c"", ""Lef1"", ""Anapc15"", ""Nek2"", ""Anln"", ""Cenpc1"", ""Pmf1"", ""E2f7"", ""Ccsap"", ""Kif14"", ""Sgf29"", ""Timeless"", ""Babam1"", 
""Seh1l"", ""Ercc6l"", ""Fzr1"", ""Kif18b"", ""Usp39"", ""Gpsm2"", ""Ska3"", ""Cenpe"", ""Cdc25a"", ""Dstn"", ""Kif2a"", ""Ing2"", ""Ncapg2"", ""Cenpa"", ""Nup43"", ""Aspm"", ""Cdc6"", ""Knstrn"", ""Mis18a"", ""Chek2"", ""Cdca5"", ""Spag5"", ""Syce2"", ""Cdc123"", ""Vegfb"", ""Oip5"", ""Lig4"", ""Zwilch"", ""Smc5"")"
"123","HEVNER_CORTEX_PROLIFERATING_CELLS","1.36733959676541e-06","2.39807112766044e-05","0.643551836150722","-0.773519081891006","-2.11835457276826","25","c(""Mcm7"", ""Top2a"", ""Nusap1"", ""Slbp"", ""Mki67"", ""Mcm6"", ""Ccnb1"", ""Aurka"", ""Hat1"", ""Mcm5"", ""Mcm2"", ""Plk1"", ""Mcm4"", ""Bub1b"", ""Nde1"", ""Mcm3"", ""Gmnn"", ""Nuf2"", ""Shcbp1"", ""Bub1"", ""Mybl2"", ""Foxm1"")"
"124","GOBP_MITOTIC_SISTER_CHROMATID_SEPARATION","3.32441478610953e-06","5.16680726242227e-05","0.627256739718528","-0.699961658628407","-2.11649728507382","39","c(""Anapc5"", ""Mad1l1"", ""Spc25"", ""Bub3"", ""Birc5"", ""Rad21"", ""Ube2c"", ""Spc24"", ""Fbxo5"", ""Ccnb1"", ""Aurkb"", ""Mad2l1"", ""Ndc80"", ""Plk1"", ""Cdc20"", ""Cdca8"", ""Bub1b"", ""Spdl1"", ""Incenp"", ""Psmg2"", ""Trip13"", ""Cdc16"", ""Nuf2"", ""Nsmce2"", ""Ttk"", ""Bub1"", ""Anapc15"")"
"125","REACTOME_RECRUITMENT_OF_NUMA_TO_MITOTIC_CENTROSOMES","2.04228286902313e-06","3.39492529097033e-05","0.627256739718528","-0.652499403635978","-2.11467421476765","51","c(""Tubb5"", ""Tuba1b"", ""Tubb4b"", ""Hsp90aa1"", ""Tuba1a"", ""Ywhae"", ""Dynll1"", ""Tubb2a"", ""Cdk1"", ""Mzt1"", ""Haus3"", ""Ckap5"", ""Haus4"", ""Ssna1"", ""Plk1"", ""Tubg1"", ""Plk4"", ""Cep57"", ""Tuba1c"", ""Nde1"", ""Haus5"", ""Cep70"", ""Pcm1"", ""Nek2"", ""Cep41"", ""Odf2"")"
"126","GOBP_ATP_SYNTHESIS_COUPLED_ELECTRON_TRANSPORT","1.36397085546989e-06","2.39807112766044e-05","0.643551836150722","-0.692165093068666","-2.11052639971264","41","c(""Cox7c"", ""Uqcr11"", ""Cycs"", ""Uqcr10"", ""Cox7a2"", ""Uqcrq"", ""Cox7b"", ""Ndufs6"", ""Dnajc15"", ""Cox6a1"", ""Cox5b"", ""Ndufa12"", ""Sdhb"", ""Cdk1"", ""Uqcrb"", ""Ccnb1"", ""Cyc1"", ""Ndufb6"")"
"127","GOBP_DNA_REPLICATION","8.34372812921606e-10","2.99070505131588e-08","0.801215574617779","-0.553687529123667","-2.10663899203285","153","c(""Rbbp4"", ""Alyref"", ""Mcm7"", ""Pcna"", ""Lig1"", ""Nasp"", ""Nucks1"", ""Pole4"", ""Rbbp7"", ""Ccna2"", ""Cdk1"", ""Dbf4"", ""Smc3"", ""Ccne2"", ""Mcm6"", ""Ssbp1"", ""Asf1a"", ""Smarca5"", ""Rfc1"", ""Rpa3"", ""Fbxo5"", ""Dhx9"", ""Ruvbl1"", ""Rrm1"", ""Ruvbl2"", ""Pole3"", ""Uchl5"", ""Mcm5"", ""Rmi2"", ""Cacybp"", ""Pola1"", ""Cdk2"", ""Mcm2"", ""Orc6"", ""Npm1"", ""Esco2"", ""Prim2"", ""Wdr18"", ""Mcm4"", ""Tipin"", ""Rfc3"", ""Supt16"", ""Mcm3"", ""Grwd1"", ""Fen1"", ""Meaf6"", ""Actl6a"", ""Gmnn"", ""Atf1"", ""Rad51"", ""Rfc5"", ""Cdc7"", ""Cdt1"", ""Gins1"", ""Faf1"", ""Cinp"", ""Rpa1"", ""Pold2"", 
""Rfc4"", ""Id3"", ""Blm"", ""E2f8"", ""Atad5"", ""Rpa2"", ""Parp1"", ""Tk1"", ""Pold3"", ""Ssrp1"", ""Topbp1"", ""Ctc1"", ""Gins2"", ""E2f7"", ""Cdc45"", ""Timeless"", ""Noc3l"", ""Bard1"", ""Ddx11"", ""Pola2"", ""Mms22l"", ""Rfc2"", ""Rnaseh2a"", ""Orc2"", ""Prim1"", ""Brca1"", ""Ccdc88a"", ""Cdc6"", ""Recql"", ""Pds5a"", ""Lig4"", ""Dtl"", ""Donson"", ""Pif1"", ""Pold1"", ""Sin3a"", ""Traip"", ""Wdhd1"", ""Dnajc2"", ""Fancm"", ""Terf1"", ""Gtpbp4"", ""Ticrr"", ""Usp37"", ""Met"", ""Rbbp8"", ""Mcm10"", ""Gins4"", ""Mcm8"", ""Dscc1"", ""Jade1"")"
"128","GOMF_HISTONE_BINDING","5.01434685245021e-07","9.74823023688201e-06","0.659444398037935","-0.598875812395437","-2.10583968400547","85","c(""Ptma"", ""Cbx3"", ""Rag1"", ""Dek"", ""Anp32e"", ""Ncl"", ""Rbbp4"", ""Cbx1"", ""Set"", ""Anp32b"", ""Rag2"", ""Cks2"", ""Nasp"", ""Ctsl"", ""Rbbp7"", ""Ncapd2"", ""Npm3"", ""Cbx5"", ""Asf1a"", ""Nap1l1"", ""Smarca5"", ""Smarcc1"", ""Cks1b"", ""Asf1b"", ""Mtf2"", ""Hat1"", ""Atad2"", ""Hdac2"", ""Ncapd3"", ""Mcm2"", ""Npm1"", ""Uhrf1"", ""Wdr5"", ""Msh6"", ""Dnajc9"", ""Grwd1"", ""Msl3"", ""Suz12"", ""Smarca4"", ""Rcc1"", ""Brd3"")"
"129","GOBP_REGULATION_OF_MITOTIC_NUCLEAR_DIVISION","5.10572080316314e-07","9.89233405612858e-06","0.659444398037935","-0.624536987683294","-2.10437765621014","65","c(""Nusap1"", ""Rgcc"", ""Anapc5"", ""Mad1l1"", ""Spc25"", ""Bub3"", ""Birc5"", ""Igf2"", ""Rad21"", ""Mki67"", ""Ube2c"", ""Spc24"", ""Fbxo5"", ""Ccnb1"", ""Aurkb"", ""Mad2l1"", ""Ndc80"", ""Plk1"", ""Cd28"", ""Cdc20"", ""Tubg1"", ""Cdca8"", ""Bub1b"", ""Spdl1"", ""Incenp"", ""Psmg2"", ""Nup62"", ""Trip13"", ""Rcc1"", ""Cdc16"", ""Nuf2"", ""Nsmce2"", ""Ttk"", ""Bub1"", ""Bora"", ""Anapc15"")"
"130","REACTOME_AURKA_ACTIVATION_BY_TPX2","1.4603661854644e-06","2.53793941625404e-05","0.643551836150722","-0.673318152638559","-2.10208226275333","44","c(""Tubb5"", ""Tubb4b"", ""Hsp90aa1"", ""Tuba1a"", ""Ywhae"", ""Dynll1"", ""Cdk1"", ""Aurka"", ""Hmmr"", ""Haus3"", ""Ckap5"", ""Haus4"", ""Ssna1"", ""Plk1"", ""Tubg1"", ""Plk4"", ""Cep57"", ""Nde1"", ""Tpx2"", ""Haus5"", ""Cep70"", ""Pcm1"", ""Nek2"", ""Cep41"", ""Odf2"")"
"131","THAP11_TARGET_GENES","5.27463934686338e-17","7.64180428100275e-15","1.06720998682811","-0.488677628195676","-2.10113824931564","446","c(""Hmgb1"", ""Stmn1"", ""Calm2"", ""St13"", ""Hnrnpm"", ""H3f3b"", ""Cycs"", ""Cbx1"", ""Arpp19"", ""Eif4a1"", ""Serbp1"", ""Tomm7"", ""Atp5e"", ""Eif2s2"", ""Nop10"", ""Romo1"", ""Uqcr10"", ""Gtf2h4"", ""Cox7a2"", ""Ddx18"", ""Srsf2"", ""Snrpd3"", ""Hspd1"", ""Eif4a3"", ""Eif5b"", ""Metap2"", ""Snrpd1"", ""Fkbp4"", ""Pa2g4"", ""Psmc3"", ""Lig1"", ""Atp5g1"", ""Rpl6"", ""Nasp"", ""Rps27l"", ""Cct8"", ""Ndufs6"", ""Gnl3"", ""Cct3"", ""Atp5j"", ""Rps17"", ""Spc25"", ""Eny2"", ""Tube1"", ""Bub3"", ""Rpl36"", ""Nme1"", ""Tcof1"", ""Eif4e"", ""Psmc4"", ""Kpna2"", ""Tacc3"", ""Cops5"", ""Hspa8"", ""Snrpe"", ""Ndufb7"", 
""Polr2j"", ""Rnaseh2c"", ""Phb"", ""Eif3g"", ""Fcf1"", ""Srsf1"", ""Fdps"", ""Cdk19"", ""Wdr12"", ""Ak6"", ""Ahsa1"", ""Smarcc1"", ""Dtymk"", ""Atp5o"", ""Brix1"", ""Agpat5"", ""Rplp2"", ""Uchl5"", ""Glo1"", ""Hspe1"", ""Cdca3"", ""Erh"", ""Cdc34"", ""Nutf2"", ""Aurka"", ""Mrps28"", ""Mtf2"", ""Rangap1"", ""Rps19bp1"", ""Cacybp"", ""Pabpc1"", ""Ddx19a"", ""Sf3a3"", ""Mad2l1"", ""Ube2n"", ""Hdac2"", ""Gspt1"", ""Ssna1"", ""Tyms"", ""Eif3c"", ""Rpia"", ""Lta4h"", ""Mrps18c"", ""Esco2"", ""Timm13"", ""Xrra1"", ""Cdca8"", ""Nudt21"", ""Cdkn2aipnl"", ""Rpp30"", ""Smu1"", ""Rbm34"", ""Bub1b"", ""Prpf19"", ""Abcf2"", 
""Zcchc8"", ""Nup107"", ""Srp68"", ""Rad23a"", ""Trmt10a"", ""Akirin2"", ""Rbm17"", ""Sf3a2"", ""Mrpl50"", ""Mcm3"", ""Mrpl15"", ""Shmt2"", ""Fen1"", ""Arhgap19"", ""Ubap2"", ""Brd3"", ""Hirip3"", ""Rad51"", ""Nsun2"", ""Hsph1"", ""Cdc16"", ""Cdc7"", ""Mrpl12"", ""Ddx56"", ""Hars"", ""Hjurp"", ""Mrps25"", ""Gtse1"", ""Thoc6"", ""Thap1"", ""Snrpa"", ""Cfdp1"", ""Psmb3"", ""Ndc1"", ""Psmd2"", ""Mrpl13"", ""Rps26"", ""Faf1"", ""Tbrg4"", ""Thoc3"", ""Psmd12"", ""Cinp"", ""Pfdn6"", ""Pcnp"", ""Ppp1r8"", ""Kpna3"", ""Rfc4"", ""Psmd6"", ""Blm"", ""Ptov1"", ""Gemin6"", ""Cnih4"", ""Abce1"", ""Nop2"", ""Usp5"", ""Psma2"", 
""Tssc4"", ""Txnl4a"", ""Ssrp1"", ""Ppp2r3c"", ""Pcm1"", ""Kif2c"", ""Lmnb2"")"
"132","GOBP_DNA_REPAIR","1.18834326788559e-11","6.031104992322e-10","0.875325132024659","-0.524486025041805","-2.09891239596202","227","c(""Hmgb1"", ""Dntt"", ""Dek"", ""Mcm7"", ""Pcna"", ""Xrcc6"", ""Gtf2h4"", ""Hmgn1"", ""Smc2"", ""Lig1"", ""Smc4"", ""Nucks1"", ""Trim28"", ""Eny2"", ""Rad21"", ""Smc3"", ""Mcm6"", ""Rnaseh2c"", ""Ddx1"", ""Asf1a"", ""Smarca5"", ""Suv39h1"", ""Rfc1"", ""Rpa3"", ""Smarcc1"", ""Dhx9"", ""Ruvbl1"", ""Rrm1"", ""Ruvbl2"", ""Brd8"", ""Uchl5"", ""Nsmce4a"", ""Usp1"", ""Mcm5"", ""Rmi2"", ""Pola1"", ""Cdk2"", ""Ube2n"", ""Mcm2"", ""Npm1"", ""Uhrf1"", ""Esco2"", ""Morf4l2"", ""Kif22"", ""Xrcc1"", ""Bcl7a"", ""Mcm4"", ""Ube2t"", ""Apex1"", ""Rfc3"", ""Msh6"", ""Prpf19"", ""Nsmce1"", ""Rad23a"", ""Supt16"", ""Pds5b"", 
""Mcm3"", ""Tdp2"", ""Inip"", ""Psmd14"", ""Fen1"", ""Meaf6"", ""Actl6a"", ""Smarca4"", ""Trip13"", ""Sf3b5"", ""Ube2a"", ""Rad51"", ""Rfc5"", ""Sfpq"", ""Cdc7"", ""Tdg"", ""Swi5"", ""Neil3"", ""Rad51ap1"", ""Rnaseh2b"", ""Sfr1"", ""Nsmce2"", ""Cinp"", ""Rpa1"", ""Pold2"", ""Rfc4"", ""Blm"", ""Stub1"", ""Cdkn2d"", ""Brcc3"", ""Rpa2"", ""Parp1"", ""Tdp1"", ""Pold3"", ""Polr2i"", ""Ssrp1"", ""Topbp1"", ""Gins2"", ""Foxm1"", ""Rhno1"", ""Cdc45"", ""Sgf29"", ""Timeless"", ""Babam1"", ""Clspn"", ""Fzr1"", ""Bard1"", ""Ddx11"", ""Sf3b3"", ""Mms22l"", ""Rfc2"", ""Fmr1"", ""Rnaseh2a"", ""Fignl1"", ""Brca1"", ""Exo1"", 
""Usp10"", ""Spidr"", ""Recql"", ""Rad23b"", ""Pds5a"", ""Chek2"", ""Cdca5"", ""Aunip"", ""Lig4"", ""Smc5"", ""Smc1a"", ""Smarcb1"", ""Chek1"", ""Dtl"", ""Pms1"", ""Pif1"", ""Pold1"", ""Taf5"")"
"133","REACTOME_MITOTIC_G2_G2_M_PHASES","7.63043930382481e-08","1.84643752773989e-06","0.704975715167238","-0.577342605059641","-2.09844808229488","108","c(""Tubb5"", ""Tuba1b"", ""Tubb4b"", ""Hsp90aa1"", ""Tuba1a"", ""Ywhae"", ""Psma6"", ""Hsp90ab1"", ""Psmc3"", ""Dynll1"", ""Tubb2a"", ""Ccna2"", ""Psmc4"", ""Cdk1"", ""Psmc6"", ""Ccnb1"", ""Mzt1"", ""Aurka"", ""Psmd3"", ""Hmmr"", ""Cdk2"", ""Psma7"", ""Haus3"", ""Ckap5"", ""Haus4"", ""Ssna1"", ""Psmb6"", ""Plk1"", ""Ccnb2"", ""Tubg1"", ""Plk4"", ""Cep57"", ""Tuba1c"", ""Nde1"", ""Psmd14"", ""Tpx2"", ""Psmc2"", ""Psmd13"", ""Gtse1"", ""Psmb3"", ""Psmc5"", ""Psmd2"", ""Haus5"", ""Psmc1"", ""Psmd12"", ""Psmb7"", ""Cep70"", ""Psmd6"", ""Psma2"", ""Pcm1"", ""Bora"", ""Nek2"", ""Foxm1"", ""Cep41"", ""Odf2"")"
"134","GOBP_HETEROCHROMATIN_ORGANIZATION","3.73366040099512e-06","5.66469375653624e-05","0.627256739718528","-0.684704293863396","-2.09457406030696","42","c(""Hmgb1"", ""Cbx3"", ""H3f3b"", ""H3f3a"", ""Lmnb1"", ""Ezh2"", ""Trim28"", ""Samd1"", ""Dnmt1"", ""Mbd3"", ""Bcl6"", ""Smarca5"", ""Suv39h1"", ""Pole3"", ""Hat1"", ""Cdk2"", ""Hdac2"", ""Uhrf1"", ""Hells"", ""Loxl2"", ""Suz12"", ""Smarca4"")"
"135","GOCC_INTRACELLULAR_PROTEIN_CONTAINING_COMPLEX","3.78261906770941e-13","2.55215533568393e-11","0.932595211336209","-0.512054508629022","-2.09382077540235","280","c(""Rag1"", ""Ybx1"", ""Eif4a1"", ""Ube2s"", ""Xrcc6"", ""Gtf2h4"", ""Naa15"", ""Psma6"", ""Hsp90ab1"", ""Psmc3"", ""Polr2l"", ""Cks2"", ""Stip1"", ""Polr2k"", ""Hnrnpu"", ""Cct8"", ""Anapc5"", ""Cct3"", ""Mat2a"", ""Eny2"", ""Pole4"", ""Eif4e"", ""Psmc4"", ""Ptges3"", ""Tcp1"", ""Hspa8"", ""Psmc6"", ""Polr2j"", ""Rnaseh2c"", ""Ddx1"", ""Ube2c"", ""Syncrip"", ""Kif23"", ""Dhx9"", ""Ruvbl1"", ""Ruvbl2"", ""Cks1b"", ""Pole3"", ""Brd8"", ""Uchl5"", ""Polr2f"", ""Psmd3"", ""Otud6b"", ""Cacybp"", ""Rpap3"", ""Pola1"", ""Psma7"", ""Ube2n"", ""Psmb6"", ""Ccnf"", ""Racgap1"", ""Cct7"", ""Pop4"", ""Morf4l2"", ""Prim2"", 
""Cdc20"", ""Leo1"", ""Wdr5"", ""Rpp30"", ""Dnajc9"", ""Ube2l3"", ""Rad23a"", ""Psmg2"", ""Cenpf"", ""Naa10"", ""Ppp5c"", ""Dcun1d5"", ""Psmd14"", ""Msl3"", ""Meaf6"", ""Actl6a"", ""Sf3b5"", ""Ube2a"", ""Rad51"", ""Polr3k"", ""Rars"", ""Cdc16"", ""Psmc2"", ""Polr2c"", ""Bcl10"", ""Gtf2f1"", ""Psmd13"", ""Taf3"", ""Psmb3"", ""Rnaseh2b"", ""Psmc5"", ""Fam98b"", ""Psmd2"", ""Ect2"", ""Psmc1"", ""Hcfc1"", ""Psmd12"", ""Anapc13"", ""Psmb7"", ""Pold2"", ""Polr2e"", ""Psmd6"", ""Stub1"", ""Brcc3"", ""Pold3"", ""Psma2"", ""Polr2d"", ""Polr2i"", ""Gtf2a2"", ""Naa38"", ""Cep83"", ""Anapc15"", ""Naa50"", ""Naa16"", 
""Gtf2f2"", ""Txnl1"", ""Odf2"", ""Eef1e1"", ""Sgf29"", ""Polr3d"", ""Psmb2"", ""Fzr1"", ""Bard1"", ""Sf3b3"", ""Dgcr8"", ""Pola2"", ""Psmd1"", ""Naa25"", ""Cct5"", ""Kif2a"", ""Fmr1"", ""Las1l"", ""Rnaseh2a"", ""Iars"", ""Polr2h"", ""Myzap"")"
"136","GOCC_PROTEIN_DNA_COMPLEX","2.43452055360565e-13","1.70267992377175e-11","0.932595211336209","-0.511418777734843","-2.09254403302879","283","c(""Cbx3"", ""Rag1"", ""Satb1"", ""Dntt"", ""Dek"", ""Anp32e"", ""H3f3b"", ""Rbbp4"", ""Cbx1"", ""Mcm7"", ""Set"", ""Pcna"", ""Hmgb2"", ""Xrcc6"", ""Ddx21"", ""Hnrnpa2b1"", ""H3f3a"", ""Srsf2"", ""Ran"", ""Hmgn1"", ""Banf1"", ""Wdr43"", ""Rag2"", ""Ezh2"", ""Smc2"", ""Nasp"", ""Nucks1"", ""Trim28"", ""Tmpo"", ""Eny2"", ""Pole4"", ""Rbbp7"", ""Jup"", ""Dnmt1"", ""Mbd3"", ""Rad21"", ""Smc3"", ""Cops5"", ""Stag2"", ""Tcp1"", ""Cdk2ap1"", ""Cbx5"", ""Mcm6"", ""Nfyb"", ""Asf1a"", ""Nap1l1"", ""Smarca5"", ""Suv39h1"", ""Rpa3"", ""Smarcc1"", ""Dhx9"", ""Ruvbl1"", ""Ruvbl2"", ""Pole3"", ""Asf1b"", ""Brd8"", ""Uchl5"", 
""E2f4"", ""Nelfe"", ""Hat1"", ""Mcm5"", ""Pola1"", ""Hdac2"", ""Tcf3"", ""Wdr76"", ""Ncapd3"", ""Cdk4"", ""Mcm2"", ""Prdx1"", ""Npm1"", ""Plk1"", ""Uhrf1"", ""Esco2"", ""Morf4l2"", ""Kif22"", ""Prim2"", ""Xrcc1"", ""Exosc3"", ""Wdr18"", ""Bcl7a"", ""Mcm4"", ""Wdr5"", ""Tipin"", ""Psip1"", ""Msh6"", ""Prpf19"", ""Hells"", ""Loxl2"", ""Incenp"", ""Tcf12"", ""Supt16"", ""Akirin2"", ""Pds5b"", ""Mcm3"", ""Msl3"", ""Suz12"", ""Meaf6"", ""Actl6a"", ""Smarca4"", ""Rcc1"", ""Sf3b5"", ""Brd3"", ""Ube2a"", ""Rad51"", ""Hmgn5"", ""Sfpq"", ""Tinf2"", ""Cfdp1"", ""Swi5"", ""Gins1"", ""Rad51ap1"", ""Sfr1"", ""Hcfc1"", 
""Rpa1"", ""Mybbp1a"", ""Pold2"", ""Nfya"", ""Noc2l"", ""Eed"", ""Bcas2"", ""Rpa2"", ""Parp1"", ""Pold3"", ""Hdac1"")"
"137","GOBP_HISTONE_MODIFICATION","1.5699866873706e-06","2.7038659615827e-05","0.643551836150722","-0.629461279595299","-2.08998338959074","59","c(""Dek"", ""Mier1"", ""Rbbp4"", ""Ddx21"", ""Ezh2"", ""Eny2"", ""Rbbp7"", ""Mbd3"", ""Nfyb"", ""Smarca5"", ""Suv39h1"", ""Ruvbl1"", ""Ruvbl2"", ""Brd8"", ""Nelfe"", ""Hat1"", ""Ube2n"", ""Hdac2"", ""Uhrf1"", ""Morf4l2"", ""Leo1"", ""Wdr5"", ""Msl3"", ""Suz12"", ""Meaf6"", ""Actl6a"", ""Smarca4"", ""Ube2a"", ""Hcfc1"", ""Mybbp1a"", ""Nfya"", ""Noc2l"", ""Eed"")"
"138","STARK_PREFRONTAL_CORTEX_22Q11_DELETION_DN","1.35160131471774e-11","6.76838704395844e-10","0.875325132024659","-0.518913787730234","-2.08587865303118","230","c(""Cbx3"", ""Atp5k"", ""St13"", ""Dek"", ""Cox7c"", ""Uqcr11"", ""Atp5j2"", ""Cycs"", ""Ranbp1"", ""Slc25a5"", ""Atp5e"", ""Nop10"", ""Romo1"", ""Uqcr10"", ""Cox7a2"", ""Txn1"", ""Snrpd2"", ""Psmc3"", ""Pdcd5"", ""Dynll1"", ""Stip1"", ""Nmt2"", ""Ndufs6"", ""Nudc"", ""Cct3"", ""Dnajc15"", ""Atp5j"", ""Rps17"", ""Ndufb4"", ""Atp5h"", ""Cox5b"", ""C1qbp"", ""Prps2"", ""Ndufa12"", ""Nifk"", ""Clns1a"", ""Hibadh"", ""Nme1"", ""Eif4e"", ""Psmc4"", ""Kpna2"", ""Nars"", ""Tcp1"", ""Polr2j"", ""Ndufb2"", ""Fdps"", ""Ahsa1"", ""Atp5o"", ""Hspe1"", ""Thoc7"", ""Rpl36al"", ""Eif2s1"", ""Cops3"", ""Mrps28"", ""Usp1"", 
""Cacybp"", ""Hspa4l"", ""Psmb6"", ""Cyc1"", ""Atp5l"", ""Prdx1"", ""Atpif1"", ""Atp5c1"", ""Tubg1"", ""Nudt21"", ""Slirp"", ""Mrpl57"", ""Smu1"", ""Denr"", ""Snrpc"", ""Incenp"", ""Rad23a"", ""Psmg2"", ""Mrpl51"", ""Timm8b"", ""Pak1"", ""Chchd1"", ""Inip"", ""Psmd14"", ""Nme2"", ""Mrpl15"", ""Idh3a"", ""Ppt1"", ""Gng13"", ""Mrpl3"", ""Vdac2"", ""Rars"", ""Sap18"", ""Ddx56"", ""Fam162a"", ""Cfdp1"", ""Psmb3"", ""Psmc1"", ""Rpl36a"", ""Eif6"", ""Eif3l"", ""Mrps11"", ""Pfdn6"")"
"139","GREENBAUM_E2A_TARGETS_UP","1.52035373426484e-05","0.000193331012550086","0.593325476396405","-0.731014311938187","-2.08495755664701","28","c(""Top2a"", ""Nusap1"", ""Ccna2"", ""Mki67"", ""Ccnb1"", ""Aurka"", ""Kif11"", ""Mad2l1"", ""Racgap1"", ""Pfkp"", ""Ccnb2"", ""Plk4"", ""Pgk1"", ""Ect2"", ""Ttk"", ""Cdkn2c"", ""Kif4"", ""Bub1"", ""Kif2c"", ""Anln"")"
"140","GOBP_NUCLEOSOME_ORGANIZATION","1.57323429294234e-05","0.000198733450881594","0.575610261071129","-0.730711774448051","-2.08409467637788","28","c(""Rbbp4"", ""Set"", ""Anp32b"", ""Nasp"", ""Asf1a"", ""Nap1l1"", ""Smarca5"", ""Smarcc1"", ""Pole3"", ""Asf1b"", ""Hat1"", ""Mcm2"", ""Npm1"", ""Dnajc9"", ""Supt16"", ""Grwd1"", ""Smarca4"")"
"141","GOBP_MITOTIC_CELL_CYCLE_PROCESS","2.50235247952796e-14","2.05014163858469e-12","0.97599468306432","-0.500591406032007","-2.08289679724773","332","c(""Stmn1"", ""Calm2"", ""Arpp19"", ""Ranbp1"", ""Nusap1"", ""Pcna"", ""Ube2s"", ""Anp32b"", ""Ran"", ""Larp7"", ""Banf1"", ""Rdx"", ""Rcc2"", ""Lmnb1"", ""Ezh2"", ""Smc2"", ""Rgcc"", ""Lig1"", ""Cks2"", ""Rrm2"", ""Nasp"", ""Rps27l"", ""Hnrnpu"", ""Plk5"", ""Anapc5"", ""Smc4"", ""Nudc"", ""Mad1l1"", ""Spc25"", ""Bub3"", ""Ccna2"", ""Eif4e"", ""Cdk1"", ""Myb"", ""Birc5"", ""Ncapd2"", ""Igf2"", ""Rad21"", ""Tacc3"", ""Dbf4"", ""Smc3"", ""Stag2"", ""Ccne2"", ""Mki67"", ""Ncaph"", ""Mcm6"", ""Ube2c"", ""Smarca5"", ""Spc24"", ""Kif23"", ""Prc1"", ""Smarcc1"", ""Fbxo5"", ""Rrm1"", ""Cks1b"", ""Ccnb1"", ""Ckap2"", 
""E2f4"", ""Mzt1"", ""Aurkb"", ""Aurka"", ""Ncapg"", ""Kif11"", ""Pola1"", ""Cdk2"", ""Mad2l1"", ""Ckap5"", ""Ccnf"", ""Racgap1"", ""Tcf3"", ""Ncapd3"", ""Cdk4"", ""Mcm2"", ""Ndc80"", ""Kif20b"", ""Plk1"", ""Kif22"", ""Cdkn1c"", ""Cd28"", ""Cdc20"", ""Tcf19"", ""Ccnb2"", ""Calm3"", ""Tubg1"", ""Cdca8"", ""Bcl7a"", ""Mcm4"", ""Apex1"", ""Reep4"", ""Tipin"", ""Kif20a"", ""Bub1b"", ""Spdl1"", ""Incenp"", ""Psmg2"", ""Cenpf"", ""Nup62"", ""Nde1"", ""Mcm3"", ""Inip"", ""Ctdspl"", ""Actl6a"", ""Smarca4"", ""Trip13"", ""Rcc1"", ""Ube2a"", ""Tpx2"", ""Rad51"", ""Kpnb1"", ""Kif18a"", ""Cdc16"", ""Cdc7"", ""Cdt1"", 
""Nuf2"", ""Gins1"", ""Aaas"", ""Rnaseh2b"", ""Ect2"", ""Nsmce2"", ""Ttk"", ""Akt1"", ""Cdkn2c"", ""Kif4"", ""Blm"", ""Pcnt"", ""Cenpk"", ""Atad5"", ""Bub1"", ""Cdkn2d"", ""Brcc3"", ""Rpa2"", ""Tk1"", ""Mastl"", ""Cenph"", ""Bora"", ""Kif2c"", ""Topbp1"", ""Hacd1"", ""Ctc1"", ""Anapc15"", ""Naa50"", ""Nek2"", ""Anln"", ""Cenpc1"", ""Mybl2"", ""Foxm1"", ""E2f7"", ""Ccsap"", ""Cdc45"", ""Kif14"", ""Pidd1"", ""Babam1"", ""Seh1l"", ""Clspn"", ""Fzr1"", ""Bard1"", ""Kif18b"", ""Sass6"", ""Gpsm2"", ""Cenpe"")"
"142","GOBP_MRNA_TRANSPORT","7.62349954453643e-06","0.00010675162312231","0.610526878385931","-0.654376713930576","-2.08223440294011","48","c(""Srsf3"", ""Hnrnpa3"", ""Alyref"", ""Rbm8a"", ""Hnrnpa2b1"", ""Eif4a3"", ""Srsf7"", ""Hnrnpa1"", ""Ddx39b"", ""Slbp"", ""Eny2"", ""Magoh"", ""Srsf1"", ""Dhx9"", ""Thoc7"", ""Ddx19a"", ""Nup85"", ""Nup107"", ""Nup62"", ""Nsun2"", ""Thoc6"", ""Ndc1"", ""Aaas"", ""Thoc3"", ""Khsrp"", ""Nxt1"", ""Cetn3"", ""Nup37"", ""Seh1l"", ""Lrpprc"", ""Nup188"", ""Fmr1"", ""Nup43"", ""Sec13"", ""Pom121"", ""Nup54"", ""Nup133"")"
"143","GOBP_MICROTUBULE_CYTOSKELETON_ORGANIZATION","1.17678973152759e-11","6.02579384849174e-10","0.875325132024659","-0.520706188487112","-2.07738965531731","225","c(""Stmn1"", ""Tubb5"", ""Tuba1b"", ""Tubb4b"", ""Ranbp1"", ""Gapdh"", ""Nusap1"", ""Tuba1a"", ""Fkbp4"", ""Mns1"", ""Hnrnpu"", ""Plk5"", ""Nudc"", ""Spc25"", ""Tube1"", ""Tubb2a"", ""Cdk1"", ""Birc5"", ""Tacc3"", ""Smc3"", ""Stag2"", ""Cep295"", ""Kif23"", ""Prc1"", ""Fbxo5"", ""Slc16a1"", ""Ccnb1"", ""Ckap2"", ""Fgf13"", ""Ppp1r35"", ""Mzt1"", ""Aurkb"", ""Aurka"", ""Ska2"", ""Kif11"", ""Cdk2"", ""Mad2l1"", ""Haus3"", ""Ckap5"", ""Haus4"", ""Ssna1"", ""Ccnf"", ""Racgap1"", ""Ndc80"", ""Npm1"", ""Plk1"", ""Cdc20"", ""Ccnb2"", ""Tubg1"", ""Cdca8"", ""Plk4"", ""Kif20a"", ""Spdl1"", ""Incenp"", ""Pak1"", ""Nup62"", 
""Tuba1c"", ""Nde1"", ""Azin1"", ""Rcc1"", ""Tpx2"", ""Kpnb1"", ""Hsph1"", ""Kif18a"", ""Nuf2"", ""Aaas"", ""Haus5"", ""Cep70"", ""Kif4"", ""Pcnt"", ""Ska1"", ""Cenph"", ""Ppp2r3c"", ""Pcm1"", ""Bora"", ""Kif2c"", ""Nek2"", ""Mybl2"", ""Smn1"", ""Ccsap"", ""Odf2"", ""Nubp1"", ""Kif14"", ""Kif18b"", ""Sass6"", ""Gpsm2"", ""Ska3"", ""Cenpe"", ""Mdm1"", ""Kif2a"", ""Uxt"", ""Enkd1"", ""Cenpa"", ""Trim37"", ""Limk2"", ""Aspm"", ""Espl1"", ""Drg1"", ""Brca1"", ""Dnaaf2"", ""Ccdc88a"", ""Rbm14"", ""Knstrn"", ""Chek2"", ""Spag5"", ""Aunip"", ""Dcaf13"", ""Smc1a"", ""Chek1"", ""Haus6"", ""Camsap3"", ""Haus7"", ""Cep250"", 
""Sapcd2"", ""Itgb1"")"
"144","GOBP_GENERATION_OF_PRECURSOR_METABOLITES_AND_ENERGY","9.01634517359946e-10","3.17231531107932e-08","0.801215574617779","-0.537028974139145","-2.07701323188269","171","c(""Hmgb1"", ""Atp5k"", ""Atp5b"", ""Cox7c"", ""Uqcr11"", ""Atp5j2"", ""Cycs"", ""Gapdh"", ""Ndufa5"", ""Atp5e"", ""Uqcr10"", ""Cox7a2"", ""Uqcrq"", ""Ndufc1"", ""Cox7b"", ""Ndufs6"", ""Dnajc15"", ""Atp5j"", ""Ndufb4"", ""Cox6a1"", ""Atp5h"", ""Cox5b"", ""Prps2"", ""Ndufa12"", ""Sdhb"", ""Aco2"", ""Ndufa4"", ""Cdk1"", ""Ptges3"", ""Igf2"", ""Ndufab1"", ""Wdr93"", ""Nfatc3"", ""Ndufb7"", ""Galk1"", ""Ndufb2"", ""Uqcrb"", ""Atp5o"", ""Ccnb1"", ""Mrps36"", ""Cyc1"", ""Rpia"", ""Atp5a1"", ""Pfkp"", ""Ndufb6"", ""Atp5c1"", ""Pgk1"", ""Cs"", ""Irs1"", ""Idh3a"", ""Shmt2"", ""Fxn"", ""Ldha"", ""Cox5a"", ""Chchd2"", 
""Eif6"", ""Mybbp1a"", ""Akt1"", ""Cox8a"")"
"145","HALLMARK_DNA_REPAIR","4.85864048815726e-06","7.16305994847863e-05","0.610526878385931","-0.635589840901218","-2.07510004631697","55","c(""Alyref"", ""Pcna"", ""Dut"", ""Lig1"", ""Polr2k"", ""Pole4"", ""Nme1"", ""Ada"", ""Polr2j"", ""Impdh2"", ""Srsf6"", ""Rpa3"", ""Nelfe"", ""Polr2f"", ""Pola1"", ""Sf3a3"", ""Tyms"", ""Nudt21"", ""Rfc3"", ""Fen1"", ""Rad51"", ""Rfc5"", ""Polr2c"", ""Gtf2f1"", ""Aaas"", ""Rfc4"", ""Polr2e"", ""Rpa2"", ""Hprt"", ""Pold3"", ""Polr2d"", ""Polr2i"", ""Ssrp1"", ""Gtf2a2"", ""Dgcr8"", ""Pola2"", ""Mrpl40"", ""Rfc2"", ""Polr2h"", ""Prim1"", ""Itpa"", ""Pom121"")"
"146","HALLMARK_MYC_TARGETS_V2","4.3824233506111e-06","6.54510362389444e-05","0.610526878385931","-0.636934555614295","-2.07278111456869","52","c(""Cbx3"", ""Ddx18"", ""Hspd1"", ""Pa2g4"", ""Wdr43"", ""Nop56"", ""Gnl3"", ""Tcof1"", ""Phb"", ""Hspe1"", ""Srm"", ""Mcm5"", ""Mrto4"", ""Cdk4"", ""Npm1"", ""Plk1"", ""Plk4"", ""Mcm4"", ""Rrp9"", ""Grwd1"", ""Dctpp1"", ""Bysl"", ""Tbrg4"", ""Pes1"", ""Mybbp1a"", ""Ppan"", ""Nop2"", ""Nolc1"", ""Noc4l"", ""Mphosph10"")"
"147","GOCC_MICROTUBULE","1.11237739055404e-09","3.79731210406393e-08","0.788186810800237","-0.544902448648789","-2.07204161728899","158","c(""Stmn1"", ""Tubb5"", ""Tuba1b"", ""Calm2"", ""Tubb4b"", ""Nusap1"", ""Tuba1a"", ""Rcc2"", ""Fkbp4"", ""Mns1"", ""Dynll1"", ""Hnrnpu"", ""Cct8"", ""Nudc"", ""Cct3"", ""Tube1"", ""Tubb2a"", ""Cdk1"", ""Birc5"", ""Tcp1"", ""Hspa8"", ""Cep295"", ""Kif23"", ""Prc1"", ""Ckap2"", ""Fgf13"", ""Aurkb"", ""Aurka"", ""Ska2"", ""Kif11"", ""Baiap2"", ""Haus3"", ""Ckap5"", ""Haus4"", ""Cct7"", ""Kif20b"", ""Plk1"", ""Kif22"", ""Marcks"", ""Calm3"", ""Tubg1"", ""Cep57"", ""Reep4"", ""Kif20a"", ""Dynll2"", ""Incenp"", ""Tuba1c"", ""Nde1"", ""Tpx2"", ""Hsph1"", ""Kif18a"", ""Bysl"", ""Bcl10"", ""Gtse1"", ""Haus5"", ""Kif4"", 
""Pcnt"", ""Ska1"", ""Cfap20"", ""Kif2c"", ""Nek2"", ""Kif15"", ""Ccsap"", ""Odf2"", ""Kif14"", ""Lrpprc"", ""Kif18b"", ""Ska3"", ""Cenpe"", ""Mdm1"", ""Cct5"", ""Kif2a"", ""Enkd1"", ""Aspm"", ""Eif3a"", ""Cct2"", ""Knstrn"")"
"148","REACTOME_RHO_GTPASE_EFFECTORS","2.20172380397303e-07","4.74694962999449e-06","0.690132458796796","-0.569444798580158","-2.0697421861494","108","c(""Tuba1b"", ""Calm2"", ""Tubb4b"", ""Tuba1a"", ""Ywhae"", ""Rcc2"", ""Dynll1"", ""Nudc"", ""Mad1l1"", ""Spc25"", ""Bub3"", ""Tubb2a"", ""Spc24"", ""Ywhaq"", ""Prc1"", ""Pin1"", ""Aurkb"", ""Cenpl"", ""Rangap1"", ""Ska2"", ""Baiap2"", ""Mad2l1"", ""Ckap5"", ""Ndc80"", ""Plk1"", ""Nup85"", ""Cdc20"", ""Calm3"", ""Cdca8"", ""Dynll2"", ""Bub1b"", ""Spdl1"", ""Nup107"", ""Incenp"", ""Pak1"", ""Cenpf"", ""Tuba1c"", ""Nde1"", ""Kif18a"", ""Nuf2"", ""Cenpk"", ""Bub1"", ""Ska1"", ""Cenph"", ""Nup37"", ""Kif2c"", ""Cenpc1"", ""Pmf1"", ""Cenpo"", ""Kif14"", ""Seh1l"", ""Ercc6l"", ""Cenpe"", ""Mapk1"", ""Kif2a"", 
""Cenpp"", ""Cenpa"", ""Nup43"", ""Sec13"", ""Fmnl2"", ""Cenpn"", ""Zwilch"", ""Nup133"")"
"149","GOCC_MYELIN_SHEATH","1.3554138174199e-07","3.03644462613402e-06","0.690132458796796","-0.577550486246592","-2.06953041079402","95","c(""Tuba1b"", ""Calm2"", ""Atp5b"", ""Tubb4b"", ""Cycs"", ""Mif"", ""Gapdh"", ""Ppia"", ""Hsp90aa1"", ""Slc25a5"", ""Tuba1a"", ""Hspd1"", ""Rdx"", ""Stip1"", ""Thy1"", ""Cct3"", ""Cox6a1"", ""Atp5h"", ""Cox5b"", ""Phgdh"", ""Nme1"", ""Aco2"", ""Tcp1"", ""Hspa8"", ""Phb"", ""Hspa9"", ""Vdac1"", ""Atp5o"", ""Atp5a1"", ""Prdx1"", ""Atp5c1"", ""Calm3"")"
"150","REACTOME_DNA_REPLICATION_PRE_INITIATION","7.14466627274048e-07","1.34343151062841e-05","0.659444398037935","-0.600603133581144","-2.06616229474925","71","c(""Mcm7"", ""Ube2s"", ""Psma6"", ""Psmc3"", ""Anapc5"", ""Pole4"", ""Psmc4"", ""Dbf4"", ""Psmc6"", ""Mcm6"", ""Ube2c"", ""Rpa3"", ""Pole3"", ""Psmd3"", ""Mcm5"", ""Pola1"", ""Cdk2"", ""Psma7"", ""Psmb6"", ""Mcm2"", ""Orc6"", ""Prim2"", ""Mcm4"", ""Mcm3"", ""Psmd14"", ""Gmnn"", ""Kpnb1"", ""Cdc16"", ""Psmc2"", ""Cdc7"", ""Psmd13"", ""Cdt1"", ""Psmb3"", ""Psmc5"", ""Psmd2"", ""Psmc1"", ""Psmd12"", ""Psmb7"", ""Rpa1"", ""Psmd6"", ""Psma2"", ""Anapc15"", ""Cdc45"", ""Psmb2"", ""Fzr1"", ""Pola2"", ""Psmd1"", ""Orc2"", ""Prim1"", ""Cdc6"")"
"151","GOBP_ORGANELLE_FISSION","1.65019421599002e-10","6.71895470178054e-09","0.826657301178302","-0.522981254170256","-2.06481876566702","201","c(""Ranbp1"", ""Top2a"", ""Nusap1"", ""Ube2s"", ""Ran"", ""Banf1"", ""Smc2"", ""Rgcc"", ""Cks2"", ""Hnrnpu"", ""Anapc5"", ""Smc4"", ""Nudc"", ""Mad1l1"", ""Spc25"", ""Bub3"", ""Cdk1"", ""Birc5"", ""Ncapd2"", ""Igf2"", ""Rad21"", ""Smc3"", ""Stag2"", ""Ccne2"", ""Mki67"", ""Ncaph"", ""Ube2c"", ""Smarca5"", ""Spc24"", ""Kif23"", ""Prc1"", ""Fbxo5"", ""Ccnb1"", ""Mzt1"", ""Gm960"", ""Aurkb"", ""Aurka"", ""Ncapg"", ""Kif11"", ""Psmc3ip"", ""Mad2l1"", ""Racgap1"", ""Ncapd3"", ""Ndc80"", ""Plk1"", ""Kif22"", ""Cdkn1c"", ""Cd28"", ""Cdc20"", ""Ccnb2"", ""Tubg1"", ""Cdca8"", ""Reep4"", ""Tdrkh"", ""Bub1b"", ""Spdl1"", 
""Incenp"", ""Psmg2"", ""Nup62"", ""Nde1"", ""Trip13"", ""Rcc1"", ""Tpx2"", ""Rad51"", ""Kpnb1"", ""Kif18a"", ""Cdc16"", ""Psmd13"", ""Cdt1"", ""Nuf2"", ""Ndc1"", ""Rad51ap1"", ""Aaas"", ""Nsmce2"", ""Ttk"", ""Cenpk"", ""Bub1"", ""Mastl"", ""Bora"", ""Kif2c"", ""Topbp1"", ""Anapc15"", ""Nek2"", ""Cenpc1"", ""Mybl2"", ""Ccsap"", ""Kif14"", ""Seh1l"", ""Fzr1"", ""Kif18b"", ""Cenpe"", ""Kif2a"", ""Ing2"", ""Ncapg2"", ""Fignl1"", ""Aspm"", ""Phb2"", ""Espl1"", ""Drg1"", ""Baz1b"", ""Knstrn"", ""Chek2"", ""Cdca5"", ""Mtch2"", ""Spag5"", ""Syce2"", ""Dcaf13"", ""Zwilch"", ""Pinx1"", ""Smc1a"", ""Chek1"")"
"152","REACTOME_G2_M_CHECKPOINTS","4.22470377387362e-07","8.41273477193237e-06","0.674962860011025","-0.580244995984655","-2.06440072556509","89","c(""Mcm7"", ""Ywhae"", ""Psma6"", ""Psmc3"", ""Psmc4"", ""Cdk1"", ""Dbf4"", ""Psmc6"", ""Mcm6"", ""Ywhaq"", ""Rpa3"", ""Ccnb1"", ""Psmd3"", ""Mcm5"", ""Rmi2"", ""Cdk2"", ""Psma7"", ""Ube2n"", ""Psmb6"", ""Mcm2"", ""Orc6"", ""Ccnb2"", ""Mcm4"", ""Rfc3"", ""Mcm3"", ""Psmd14"", ""Rfc5"", ""Psmc2"", ""Cdc7"", ""Psmd13"", ""Gtse1"", ""Psmb3"", ""Psmc5"", ""Psmd2"", ""Psmc1"", ""Psmd12"", ""Psmb7"", ""Rpa1"", ""Rfc4"", ""Psmd6"", ""Blm"", ""Brcc3"", ""Psma2"", ""Topbp1"", ""Rhno1"", ""Cdc45"", ""Babam1"", ""Psmb2"", ""Clspn"", ""Bard1"", ""Cdc25a"", ""Psmd1"", ""Rfc2"", ""Orc2"", ""Brca1"", ""Exo1"", ""Cdc6"", ""Chek2""
)"
"153","GOBP_PROTEIN_DNA_COMPLEX_ASSEMBLY","1.11608355395536e-06","2.01281106350125e-05","0.643551836150722","-0.610284190072016","-2.06410356758011","66","c(""Hmgb1"", ""H3f3b"", ""Rbbp4"", ""Set"", ""Anp32b"", ""Nasp"", ""Psmc6"", ""Asf1a"", ""Nap1l1"", ""Smarca5"", ""Pole3"", ""Asf1b"", ""Hat1"", ""Mcm2"", ""Npm1"", ""Cenpw"", ""Dnajc9"", ""Supt16"", ""Grwd1"", ""Smarca4"", ""Rad51"", ""Hjurp"", ""Cdt1"", ""Taf3"", ""Cenpk"", ""Cenph"", ""Ssrp1"", ""Gtf2a2"", ""Cenpc1"", ""Gtf2f2"", ""Cenpo"", ""Cdc45"", ""Med19"", ""Cenpe"", ""Cenpp"", ""Cenpa"", ""Med29"", ""Med14"", ""Sart3"", ""Mis18a"", ""Oip5"", ""Hira"", ""Cenpn"", ""Taf1"", ""Taf5"")"
"154","GOBP_CELL_CYCLE_DNA_REPLICATION","7.54258713791506e-06","0.000106021414793978","0.610526878385931","-0.763574274935289","-2.06368590574337","24","c(""Mcm7"", ""Pcna"", ""Lig1"", ""Dbf4"", ""Mcm6"", ""Fbxo5"", ""Mcm5"", ""Pola1"", ""Mcm2"", ""Mcm4"", ""Mcm3"", ""Rad51"", ""Cdc7"", ""Cdt1"", ""Gins1"", ""E2f8"", ""Atad5"", ""Tk1"", ""E2f7"", ""Cdc45"")"
"155","GOCC_NADH_DEHYDROGENASE_COMPLEX","1.50393521831698e-05","0.000192182890526562","0.593325476396405","-0.773243123527147","-2.06194456057577","22","c(""Ndufa5"", ""Ndufc1"", ""Ndufs6"", ""Ndufb4"", ""Ndufa12"", ""Ndufa4"", ""Ndufab1"", ""Wdr93"", ""Ndufb7"", ""Ndufb2"", ""Ndufb6"")"
"156","GOBP_POSITIVE_REGULATION_OF_CHROMOSOME_ORGANIZATION","7.9942022370206e-06","0.000110650851139444","0.593325476396405","-0.635623463339895","-2.05998126701134","51","c(""Hnrnpa2b1"", ""Smc2"", ""Cct8"", ""Hnrnpd"", ""Smc4"", ""Mad1l1"", ""Gnl3"", ""Cct3"", ""Trim28"", ""Cdk1"", ""Ncapd2"", ""Rad21"", ""Tcp1"", ""Ncaph"", ""Ruvbl1"", ""Ruvbl2"", ""Uchl5"", ""Dkc1"", ""Aurkb"", ""Ncapg"", ""Cdk2"", ""Cct7"", ""Fen1"", ""Actl6a"", ""Sfpq"", ""Tinf2"", ""Nsmce2"")"
"157","GOCC_SPINDLE","1.74883048020823e-09","5.69860386590578e-08","0.788186810800237","-0.538364173737382","-2.0590223791131","161","c(""Tubb5"", ""Cbx3"", ""Calm2"", ""Tubb4b"", ""Cbx1"", ""Nusap1"", ""Slc25a5"", ""Rcc2"", ""Taf1d"", ""Dynll1"", ""Hnrnpu"", ""Plk5"", ""Anapc5"", ""Nudc"", ""Mad1l1"", ""Tubb2a"", ""Cdk1"", ""Birc5"", ""Tacc3"", ""Smc3"", ""Stag2"", ""Cep295"", ""Kif23"", ""Prc1"", ""Fbxo5"", ""Ccnb1"", ""Ckap2"", ""Mzt1"", ""Aurkb"", ""Aurka"", ""Rangap1"", ""Ska2"", ""Kif11"", ""Hmmr"", ""Mad2l1"", ""Haus3"", ""Ckap5"", ""Haus4"", ""Racgap1"", ""Kif20b"", ""Npm1"", ""Plk1"", ""Kif22"", ""Calm3"", ""Tubg1"", ""Cdca8"", ""Wdr5"", ""Kif20a"", ""Bub1b"", ""Nsmce1"", ""Spdl1"", ""Incenp"", ""Ckap2l"", ""Cenpf"", ""Nup62"", 
""Nde1"", ""Dcun1d5"", ""Tpx2"", ""Kif18a"", ""Cdc16"", ""Cdc7"", ""Aaas"", ""Ect2"", ""Haus5"", ""Akt1"", ""Ska1"", ""Bora"", ""Kif2c"", ""Nek2"", ""Pmf1"", ""Ccsap"", ""Kif14"", ""Sgf29"", ""Ddx11"", ""Kif18b"", ""Gpsm2"", ""Ska3"", ""Cenpe"")"
"158","GOBP_POSITIVE_REGULATION_OF_CHROMOSOME_SEGREGATION","1.58671838139545e-05","0.000199958514663726","0.575610261071129","-0.772060415034734","-2.05879072801202","22","c(""Rcc2"", ""Smc2"", ""Hnrnpu"", ""Smc4"", ""Mad1l1"", ""Cdk1"", ""Birc5"", ""Ncapd2"", ""Ncaph"", ""Ccnb1"", ""Aurkb"", ""Ncapg"", ""Ncapd3"", ""Cdca8"", ""Incenp"")"
"159","SOX30_TARGET_GENES","5.38683855212535e-12","2.83426780701274e-10","0.887074988399873","-0.504555885633856","-2.05686169193604","262","c(""Ptma"", ""Hmgb1"", ""Cbx3"", ""St13"", ""Anp32e"", ""H3f3b"", ""Ncl"", ""Rbbp4"", ""Mcm7"", ""Eif4a1"", ""Hmgn2"", ""Ranbp1"", ""Pcna"", ""Hnrnpab"", ""Eif5a"", ""Hnrnpa2b1"", ""Srsf2"", ""Hmgn1"", ""Larp7"", ""Eif4a3"", ""Eif5b"", ""Maz"", ""Lmnb1"", ""Cks2"", ""Nop56"", ""Pcbp1"", ""Ubald2"", ""Hnrnpd"", ""Hdgf"", ""Nudc"", ""Knop1"", ""Cux1"", ""C1qbp"", ""Raly"", ""Drap1"", ""Ptges3"", ""Cdca4"", ""Rpf2"", ""Smc3"", ""Lbr"", ""Tomm40"", ""Bcl6"", ""Syncrip"", ""Srsf1"", ""Ywhaq"", ""Ak6"", ""Rfc1"", ""Slc16a1"", ""Hspe1"", ""Nelfe"", ""Rpl36al"", ""Usp1"", ""Podxl2"", ""Cacybp"", ""Ube2n"", ""Hspa4l"", 
""Sox4"", ""Cct7"", ""Hnrnpr"", ""Cdkn1c"", ""Marcks"", ""Xrcc1"", ""Exosc3"", ""Ccnb2"", ""Calm3"", ""Cse1l"", ""Ube2t"", ""Adam12"", ""Elovl2"", ""Wdr5"", ""Denr"", ""Srsf9"", ""Abcf2"", ""Prpf40a"", ""Cstf2"", ""Tcf12"", ""Smarca4"", ""Hirip3"", ""Atf1"", ""Nsun2"", ""G2e3"", ""Nrm"", ""Tex30"", ""Cfdp1"", ""Ptbp1"", ""Haus5"", ""Sfmbt1"", ""Zbed4"", ""Gm2694"", ""Vkorc1l1"", ""Sod1"", ""Kpna3"", ""Cdkn2c"", ""Noc2l"", ""Tmcc3"", ""Bcas2"")"
"160","GOBP_NUCLEOSIDE_PHOSPHATE_BIOSYNTHETIC_PROCESS","3.27143181898659e-08","8.48943958456475e-07","0.719512826338911","-0.558911180396901","-2.05666085342851","116","c(""Atp5k"", ""Atp5b"", ""Atp5j2"", ""Ndufa5"", ""Atp5e"", ""Dut"", ""Atp5g3"", ""Ndufc1"", ""Rrm2"", ""Atp5g1"", ""Ndufs6"", ""Atp5j"", ""Ndufb4"", ""Atp5h"", ""Prps2"", ""Ndufa12"", ""Sdhb"", ""Nme1"", ""Ada"", ""Ndufab1"", ""Ndufb7"", ""Nppc"", ""Ndufb2"", ""Impdh2"", ""Vdac1"", ""Dtymk"", ""Atp5o"", ""Rrm1"", ""Gars"", ""Gart"", ""Tyms"", ""Uck2"", ""Atp5l"", ""Atp5a1"", ""Ndufb6"", ""Ctps"", ""Atp5c1"")"
"161","GOBP_TELOMERE_ORGANIZATION","2.35890995565411e-06","3.82156739990856e-05","0.627256739718528","-0.589597012749224","-2.0544308798736","76","c(""H3f3b"", ""Pcna"", ""Hsp90aa1"", ""Nop10"", ""Xrcc6"", ""Hnrnpa2b1"", ""H3f3a"", ""Ezh2"", ""Hnrnpu"", ""Cct8"", ""Hnrnpd"", ""Gnl3"", ""Cct3"", ""Ptges3"", ""Tcp1"", ""Ccne2"", ""Ruvbl1"", ""Ruvbl2"", ""Uchl5"", ""Dkc1"", ""Gar1"", ""Aurkb"", ""Hat1"", ""Cct7"", ""Xrcc1"", ""Apex1"", ""Actl6a"", ""Rad51"", ""Tinf2"", ""Nsmce2"", ""Hnrnpc"", ""Rpa1"", ""Blm"", ""Rpa2"", ""Parp1"", ""Ctc1"", ""Nek2"")"
"162","GOBP_NEGATIVE_REGULATION_OF_MRNA_METABOLIC_PROCESS","5.45573643246813e-06","7.921176820305e-05","0.610526878385931","-0.69869528027965","-2.05377533645005","34","c(""Ybx1"", ""Hnrnpab"", ""Hnrnpa2b1"", ""Srsf7"", ""U2af2"", ""Hnrnpu"", ""Hnrnpd"", ""Srsf10"", ""C1qbp"", ""Rnps1"", ""Srsf6"", ""Syncrip"", ""Srsf1"", ""Dhx9"", ""Rbm24"", ""Npm1"", ""Srsf9"", ""Sap18"", ""Ptbp1"", ""Hnrnpc"", ""Mettl16"", ""Taf15"")"
"163","GOBP_MICROTUBULE_BASED_PROCESS","2.18113003262258e-12","1.23849314228619e-10","0.898671232061694","-0.502232977863159","-2.0527299724508","279","c(""Stmn1"", ""Tubb5"", ""Tuba1b"", ""Tubb4b"", ""Ranbp1"", ""Gapdh"", ""Nusap1"", ""Ap3s1"", ""Tuba1a"", ""Fkbp4"", ""Mns1"", ""Dynll1"", ""Hnrnpu"", ""Plk5"", ""Nudc"", ""Spc25"", ""Tube1"", ""Tubb2a"", ""Cdk1"", ""Birc5"", ""Tacc3"", ""Smc3"", ""Stag2"", ""Hspa8"", ""Cep295"", ""Kif23"", ""Prc1"", ""Fbxo5"", ""Slc16a1"", ""Ccnb1"", ""Ckap2"", ""Fgf13"", ""Ppp1r35"", ""Mzt1"", ""Ly6k"", ""Aurkb"", ""Aurka"", ""Ska2"", ""Kif11"", ""Cdk2"", ""Mad2l1"", ""Haus3"", ""Ckap5"", ""Haus4"", ""Ssna1"", ""Ccnf"", ""Racgap1"", ""Ndc80"", ""Kif20b"", ""Npm1"", ""Plk1"", ""Kif22"", ""Cdc20"", ""Ccnb2"", ""Tubg1"", 
""Cdca8"", ""Plk4"", ""Slirp"", ""Cacna1e"", ""Kif20a"", ""Dynll2"", ""Spdl1"", ""Incenp"", ""Pak1"", ""Nup62"", ""Tuba1c"", ""Nde1"", ""Azin1"", ""Rcc1"", ""Tpx2"", ""Kpnb1"", ""Sfpq"", ""Hsph1"", ""Kif18a"", ""Lyst"", ""Nuf2"", ""Aaas"", ""Haus5"", ""Sod1"", ""Cep70"", ""Kif4"", ""Pcnt"", ""Ska1"", ""Cenph"", ""Cfap20"", ""Ppp2r3c"", ""Pcm1"", ""Bora"", ""Kif2c"", ""Nek2"", ""Mybl2"", ""Kif15"", ""Smn1"", ""Ccsap"", ""Odf2"", ""Nubp1"", ""Kif14"", ""Lztfl1"", ""Kif18b"", ""Sass6"", ""Gpsm2"", ""Ska3"", ""Cenpe"", ""Mdm1"", ""Kif2a"", ""Uxt"", ""Fmr1"", ""Ing2"", ""Enkd1"", ""Cenpa"", ""Trim37"", ""Limk2"", 
""Aspm"", ""Espl1"", ""Drg1"", ""Brca1"", ""Dnaaf2"", ""Ccdc88a"", ""Rbm14"", ""Knstrn"", ""Memo1"", ""Chek2"", ""Spag5"", ""Aunip"", ""Dcaf13"", ""Smc1a"", ""Chek1"", ""Haus6"", ""Yif1b"", ""Stard7"", ""Camsap3"", ""Haus7"", ""Vdac3"", ""Cep250"", ""Sapcd2"", ""Itgb1"", ""Rpgr"")"
"164","GOCC_REPLICATION_FORK","4.54537711985615e-06","6.73584955616925e-05","0.610526878385931","-0.657210181782209","-2.05179358466944","44","c(""Pcna"", ""Dnmt1"", ""Bcl6"", ""Smarca5"", ""Rfc1"", ""Rpa3"", ""Pola1"", ""Hdac2"", ""Uhrf1"", ""Prim2"", ""Tipin"", ""Rfc3"", ""Prpf19"", ""Rfc5"", ""Rpa1"", ""Pold2"", ""Rfc4"", ""Blm"", ""Bcas2"", ""Rpa2"", ""Parp1"", ""Pold3"", ""Timeless"", ""Pola2"", ""Mms22l"", ""Rfc2"", ""Prim1"", ""Baz1b"", ""Chek1"", ""Donson"", ""Pif1"", ""Pold1"", ""Wdhd1"")"
"165","GOBP_NUCLEOBASE_CONTAINING_COMPOUND_TRANSPORT","2.22403707901896e-06","3.64424361376392e-05","0.627256739718528","-0.594538680100304","-2.05042189744548","72","c(""Srsf3"", ""Ybx1"", ""Hnrnpa3"", ""Alyref"", ""Rbm8a"", ""Slc25a5"", ""Hnrnpa2b1"", ""Ran"", ""Eif4a3"", ""Srsf7"", ""Hnrnpa1"", ""Ddx39b"", ""Slbp"", ""Eny2"", ""Magoh"", ""Ssb"", ""Srsf1"", ""Dhx9"", ""Thoc7"", ""Ddx19a"", ""Npm1"", ""Nup85"", ""Mrpl18"", ""Slc29a1"", ""Nup107"", ""Nup62"", ""Kpnb1"", ""Nsun2"", ""Thoc6"", ""Ndc1"", ""Aaas"", ""Thoc3"", ""Khsrp"", ""Epg5"", ""Nxt1"", ""Cetn3"", ""Nup37"")"
"166","GOBP_DNA_STRAND_ELONGATION","4.60667707152164e-06","6.8090961353548e-05","0.610526878385931","-0.7913301757877","-2.04244918972986","20","c(""Mcm7"", ""Pcna"", ""Lig1"", ""Nucks1"", ""Ruvbl1"", ""Ruvbl2"", ""Pole3"", ""Uchl5"", ""Pola1"", ""Mcm4"", ""Mcm3"", ""Actl6a"", ""Gins1"", ""Pold2"", ""Pold3"")"
"167","GOBP_DNA_METABOLIC_PROCESS","2.1421509451473e-15","2.30132393900532e-13","1.00731795687447","-0.47869742950215","-2.0406025609556","423","c(""Hmgb1"", ""Rag1"", ""Dntt"", ""Dek"", ""Rbbp4"", ""Alyref"", ""Mcm7"", ""Top2a"", ""Pcna"", ""Hsp90aa1"", ""Hnrnpab"", ""Hmgb2"", ""Nop10"", ""Xrcc6"", ""Gtf2h4"", ""Hnrnpa2b1"", ""Hspd1"", ""Hmgn1"", ""Banf1"", ""Rag2"", ""Ezh2"", ""Smc2"", ""Rgcc"", ""Lig1"", ""Ddx39b"", ""Nasp"", ""Hnrnpu"", ""Cct8"", ""Hnrnpd"", ""Smc4"", ""Nucks1"", ""Gnl3"", ""Cct3"", ""Trim28"", ""Eny2"", ""Pole4"", ""Rbbp7"", ""Ccna2"", ""Dnmt1"", ""Cdk1"", ""Ptges3"", ""Rad21"", ""Dbf4"", ""Smc3"", ""Tcp1"", ""Ccne2"", ""Mcm6"", ""Rnaseh2c"", ""Nppc"", ""Ddx1"", ""Phb"", ""Bcl6"", ""Ssbp1"", ""Asf1a"", ""Syncrip"", ""Smarca5"", 
""Suv39h1"", ""Rfc1"", ""Tox"", ""Rpa3"", ""Smarcc1"", ""Fbxo5"", ""Dhx9"", ""Ruvbl1"", ""Rrm1"", ""Ruvbl2"", ""Pole3"", ""Brd8"", ""Uchl5"", ""Cnbp"", ""Dkc1"", ""Nsmce4a"", ""Gar1"", ""Gm960"", ""Aurkb"", ""Usp1"", ""Mcm5"", ""Rmi2"", ""Cacybp"", ""Psmc3ip"", ""Pola1"", ""Cdk2"", ""Ube2n"", ""Ctcf"", ""Tcf3"", ""Cct7"", ""Mcm2"", ""Orc6"", ""Lin9"", ""Npm1"", ""Uhrf1"", ""Esco2"", ""Morf4l2"", ""Kif22"", ""Prim2"", ""Xrcc1"", ""Exosc3"", ""Cd28"", ""Wdr18"", ""Bcl7a"", ""Mcm4"", ""Ube2t"", ""Apex1"", ""Tipin"", ""Rfc3"", ""Msh6"", ""Prpf19"", ""Nsmce1"", ""Hells"", ""Rad23a"", ""Supt16"", ""Pds5b"", ""Mcm3"", 
""Tdp2"", ""Inip"", ""Psmd14"", ""Grwd1"", ""Fen1"", ""Dctpp1"", ""Meaf6"", ""Actl6a"", ""Smarca4"", ""Trip13"", ""Gmnn"", ""Sf3b5"", ""Ube2a"", ""Atf1"", ""Rad51"", ""Rfc5"", ""Sfpq"", ""Cdc7"", ""Tdg"", ""Cdt1"", ""Tinf2"", ""Swi5"", ""Gins1"", ""Neil3"", ""Rad51ap1"", ""Rnaseh2b"", ""Sfr1"", ""Faf1"", ""Nsmce2"", ""Hnrnpc"", ""Cinp"", ""Rpa1"", ""Pold2"", ""Akt1"", ""Rfc4"", ""Id3"", ""Blm"", ""Cbs"", ""E2f8"", ""Atad5"", ""Stub1"", ""Cdkn2d"", ""Brcc3"", ""Rpa2"", ""Parp1"", ""Tk1"", ""Tdp1"", ""Pold3"", ""Polr2i"", ""Ssrp1"", ""Aifm1"", ""Topbp1"", ""Ctc1"", ""Lef1"", ""Nek2"", ""Gins2"", ""Foxm1"", ""Rhno1"", 
""E2f7"", ""Cdc45"", ""Sgf29"", ""Timeless"", ""Babam1"", ""Clspn"", ""Fzr1"", ""Noc3l"", ""Bard1"", ""Ddx11"", ""Sf3b3"", ""Pola2"", ""Mapk1"", ""Mms22l"", ""Cct5"", ""Rfc2"", ""Fmr1"", ""Rnaseh2a"", ""Fignl1"", ""Orc2"", ""Prim1"", ""Brca1"", ""Ccdc88a"", ""Exo1"", ""Usp10"", ""Cdc6"", ""Cct2"", ""Spidr"", ""Mis18a"", ""Recql"", ""Prmt5"", ""Rad23b"", ""Pds5a"", ""Chek2"", ""Cdca5"")"
"168","GOCC_NUCLEAR_MATRIX","7.03599546447301e-06","9.9879787100873e-05","0.610526878385931","-0.638012043183915","-2.03788883770819","49","c(""Satb1"", ""Dntt"", ""Hnrnpm"", ""Hnrnpa2b1"", ""Psma6"", ""Lmnb1"", ""Ddx39b"", ""Hnrnpu"", ""Rad21"", ""Smc3"", ""Stag2"", ""Smarcc1"", ""Ruvbl1"", ""Pola1"", ""Srrm1"", ""Npm1"", ""Uhrf1"", ""Phf5a"", ""Prpf40a"", ""Cenpf"", ""Actl6a"", ""Smarca4"", ""Sfpq"", ""Gmcl1"")"
"169","ELL_TARGET_GENES","8.11083934001093e-08","1.94626207593986e-06","0.704975715167238","-0.552198628083082","-2.03681231450882","119","c(""H3f3b"", ""Atp5j2"", ""Serbp1"", ""Amd1"", ""Uqcr10"", ""Gtf2h4"", ""Dut"", ""Pa2g4"", ""Lig1"", ""Pcbp1"", ""Cct3"", ""Eny2"", ""Bub3"", ""Birc5"", ""Tacc3"", ""Cdca4"", ""Rnaseh2c"", ""Phb"", ""Fdps"", ""Cdk19"", ""Wdr12"", ""Ahsa1"", ""Atp5o"", ""Rrm1"", ""Brd8"", ""Exosc2"", ""Cdca3"", ""Cenpl"", ""Nutf2"", ""Rangap1"", ""Gspt1"", ""Rpia"", ""Lta4h"", ""Timm13"", ""Xrra1"", ""Rpp30"", ""Kif20a"", ""Bub1b"", ""Abcf2"", ""Zcchc8"", ""Mrpl50"", ""Fen1"", ""Brd3"", ""Hsph1"", ""Mrps25"", ""Ndc1"", ""Hcfc1"", ""Kpna3"", ""Cnih4"", ""Usp5"", ""Tssc4"", ""Pcm1"", ""Lmnb2"", ""Naa38"")"
"170","REACTOME_ANCHORING_OF_THE_BASAL_BODY_TO_THE_PLASMA_MEMBRANE","1.37537115056577e-05","0.00017886062468242","0.593325476396405","-0.626571400868638","-2.03064459177184","51","c(""Tubb5"", ""Tubb4b"", ""Hsp90aa1"", ""Tuba1a"", ""Ywhae"", ""Dynll1"", ""Cdk1"", ""Haus3"", ""Ckap5"", ""Haus4"", ""Ssna1"", ""Plk1"", ""Tubg1"", ""Plk4"", ""Cep57"", ""Nde1"", ""Haus5"", ""Cep70"", ""Pcm1"", ""Cep83"", ""Nek2"", ""Cep41"", ""Odf2"")"
"171","GOLDRATH_HOMEOSTATIC_PROLIFERATION","2.46279943863821e-06","3.9542896762915e-05","0.627256739718528","-0.57670051392147","-2.02893613244113","83","c(""Cycs"", ""Set"", ""Eif3j1"", ""Pdap1"", ""Ndufc1"", ""Taf1d"", ""Hnrnpa1"", ""Ubald2"", ""Hdgf"", ""Atp5j"", ""Prps2"", ""Nifk"", ""Nme1"", ""Ptges3"", ""Ndufab1"", ""Snrpe"", ""Npm3"", ""Psmc6"", ""Galk1"", ""Ndufb2"", ""Ak6"", ""Dhx9"", ""Hspe1"", ""Cacybp"", ""Rpia"", ""Dynll2"", ""Vdac2"", ""Sfpq"", ""Bysl"", ""Mrps25"", ""Fam162a"", ""Psmc5"")"
"172","REACTOME_BASE_EXCISION_REPAIR","1.84799632724741e-05","0.000226943446183382","0.575610261071129","-0.740571618240406","-2.02812485262387","25","c(""Pcna"", ""Lig1"", ""Pole4"", ""Rfc1"", ""Rpa3"", ""Pole3"", ""Xrcc1"", ""Apex1"", ""Rfc3"", ""Fen1"", ""Rfc5"", ""Tdg"", ""Neil3"", ""Rpa1"", ""Pold2"", ""Rfc4"", ""Parp1"", ""Pold3"")"
"173","GOCC_OXIDOREDUCTASE_COMPLEX","1.50390692839352e-05","0.000192182890526562","0.593325476396405","-0.625709358628009","-2.0278508137421","51","c(""Uqcr11"", ""Ndufa5"", ""Uqcr10"", ""Uqcrq"", ""Ndufc1"", ""Rrm2"", ""Ndufs6"", ""Ndufb4"", ""Ndufa12"", ""Sdhb"", ""Ndufa4"", ""Ndufab1"", ""Wdr93"", ""Ndufb7"", ""Ndufb2"", ""Uqcrb"", ""Rrm1"", ""Mrps36"", ""Cyc1"", ""Ndufb6"", ""Idh3a"", ""Cyb5b"", ""Ldha"")"
"174","GOBP_DNA_TEMPLATED_DNA_REPLICATION","8.19507619015067e-07","1.50998485558582e-05","0.659444398037935","-0.5658729561305","-2.02619334955618","93","c(""Alyref"", ""Mcm7"", ""Pcna"", ""Lig1"", ""Nucks1"", ""Pole4"", ""Dbf4"", ""Ccne2"", ""Mcm6"", ""Ssbp1"", ""Asf1a"", ""Rfc1"", ""Fbxo5"", ""Rrm1"", ""Pole3"", ""Mcm5"", ""Pola1"", ""Cdk2"", ""Mcm2"", ""Orc6"", ""Npm1"", ""Prim2"", ""Wdr18"", ""Mcm4"", ""Tipin"", ""Rfc3"", ""Mcm3"", ""Rad51"", ""Rfc5"", ""Cdc7"", ""Cdt1"", ""Gins1"", ""Pold2"", ""Rfc4"", ""Blm"", ""E2f8"", ""Atad5"", ""Parp1"", ""Tk1"", ""Pold3"", ""Topbp1"", ""Gins2"", ""E2f7"", ""Cdc45"", ""Timeless"", ""Noc3l"", ""Bard1"", ""Pola2"", ""Mms22l"", ""Rfc2"", ""Orc2"", ""Prim1"", ""Brca1"", ""Cdc6"", ""Recql"")"
"175","GOBP_NUCLEOSOME_ASSEMBLY","1.9053795304282e-05","0.000232496842702249","0.575610261071129","-0.749334172280193","-2.02519967053312","24","c(""Rbbp4"", ""Set"", ""Anp32b"", ""Nasp"", ""Asf1a"", ""Nap1l1"", ""Smarca5"", ""Pole3"", ""Asf1b"", ""Hat1"", ""Mcm2"", ""Npm1"", ""Dnajc9"", ""Supt16"", ""Grwd1"", ""Smarca4"")"
"176","GOBP_CHROMATIN_REMODELING","5.40096016682466e-09","1.65406260925172e-07","0.761460801445585","-0.529509642904985","-2.02515742667043","161","c(""Hmgb1"", ""Cbx3"", ""Satb1"", ""Dek"", ""H3f3b"", ""Mier1"", ""Rbbp4"", ""Set"", ""Anp32b"", ""Ddx21"", ""H3f3a"", ""Lmnb1"", ""Ezh2"", ""Nasp"", ""Hnrnpu"", ""Hdgf"", ""Trim28"", ""Samd1"", ""Rbbp7"", ""Dnmt1"", ""Mbd3"", ""Npm3"", ""Phb"", ""Bcl6"", ""Asf1a"", ""Nap1l1"", ""Smarca5"", ""Suv39h1"", ""Smarcc1"", ""Ruvbl1"", ""Ruvbl2"", ""Pole3"", ""Asf1b"", ""Uchl5"", ""Mtf2"", ""Hat1"", ""Cdk2"", ""Hdac2"", ""Ctcf"", ""Tcf3"", ""Mcm2"", ""Npm1"", ""Uhrf1"", ""Cdkn1c"", ""Bcl7a"", ""Wdr5"", ""Psip1"", ""Dnajc9"", ""Hells"", ""Loxl2"", ""Pak1"", ""Supt16"", ""Grwd1"", ""Msl3"", ""Suz12"", ""Actl6a"", ""Smarca4"", 
""Brd3"", ""Sfpq"", ""Tdg"", ""Hjurp"", ""Cfdp1"", ""Hcfc1"", ""Dpy30"", ""Mybbp1a"", ""Noc2l"", ""Eed"", ""Brcc3"", ""Hdac1"", ""Ssrp1"", ""Lmnb2"", ""Morc1"", ""Nudt5"", ""Rbm15"")"
"177","GOBP_NEGATIVE_REGULATION_OF_GENE_EXPRESSION_EPIGENETIC","2.27933885063375e-05","0.000268971364370053","0.575610261071129","-0.628908612459382","-2.02399346706849","50","c(""Hmgb1"", ""Cbx3"", ""H3f3b"", ""H3f3a"", ""Lmnb1"", ""Ezh2"", ""Trim28"", ""Samd1"", ""Dnmt1"", ""Mbd3"", ""Bcl6"", ""Smarca5"", ""Suv39h1"", ""Pole3"", ""Hat1"", ""Cdk2"", ""Hdac2"", ""Ctcf"", ""Uhrf1"", ""Hells"", ""Suz12"", ""Smarca4"")"
"178","GOBP_ATTACHMENT_OF_SPINDLE_MICROTUBULES_TO_KINETOCHORE","3.99712938956443e-05","0.000445117224255379","0.557332238758646","-0.715767056971816","-2.02307477127261","27","c(""Rcc2"", ""Hnrnpu"", ""Mad1l1"", ""Spc25"", ""Bub3"", ""Birc5"", ""Spc24"", ""Ccnb1"", ""Aurkb"", ""Racgap1"", ""Ndc80"", ""Cdca8"", ""Incenp"", ""Cdt1"", ""Nuf2"", ""Ect2"", ""Kif2c"", ""Nek2"", ""Cenpc1"", ""Pmf1"", ""Seh1l"", ""Cenpe"", ""Knstrn"", ""Spag5"")"
"179","REACTOME_CELLULAR_RESPONSES_TO_STIMULI","2.02699066729522e-09","6.56767880052999e-08","0.774939030136436","-0.515787031683977","-2.02245034725549","189","c(""Tuba1b"", ""St13"", ""Cox7c"", ""Rbbp4"", ""Tubb4b"", ""Cycs"", ""Hsp90aa1"", ""Ube2s"", ""Eif2s2"", ""Tuba1a"", ""Txn1"", ""Ywhae"", ""Psma6"", ""Hsp90ab1"", ""Fkbp4"", ""Lmnb1"", ""Ezh2"", ""Psmc3"", ""Dynll1"", ""Stip1"", ""Cox7b"", ""Anapc5"", ""Cox6a1"", ""Cox5b"", ""Rbbp7"", ""Tubb2a"", ""Ccna2"", ""Ndufa4"", ""Psmc4"", ""Ptges3"", ""Hspa8"", ""Psmc6"", ""Ccne2"", ""Hspa14"", ""Asf1a"", ""Ube2c"", ""Hspa9"", ""Rpa3"", ""Eif2s1"", ""Psmd3"", ""Rps19bp1"", ""Cdk2"", ""Psma7"", ""Hspa4l"", ""Psmb6"", ""Cdk4"", ""Prdx1"", ""Nup85"", ""Dynll2"", ""Nup107"", ""Nup62"", ""Tuba1c"", ""Egln3"", ""Psmd14"", 
""Suz12"", ""Hsph1"", ""Cdc16"", ""Psmc2"", ""Psmd13"", ""Psmb3"", ""Ndc1"", ""Aaas"", ""Psmc5"", ""Cox5a"", ""Psmd2"", ""Psmc1"", ""Psmd12"", ""Psmb7"", ""Sod1"", ""Rpa1"", ""Akt1"", ""Cox8a"", ""Psmd6"", ""Eed"")"
"180","ING1_TARGET_GENES","1.98856587290595e-06","3.31523990730105e-05","0.627256739718528","-0.591253290236867","-2.02236011058478","70","c(""Hsp90aa1"", ""Hspd1"", ""Smc2"", ""Rrm2"", ""Kpna2"", ""Ccne2"", ""Mki67"", ""Pbk"", ""Ube2c"", ""Syncrip"", ""Lsm2"", ""Fbxo5"", ""Pole3"", ""Hspe1"", ""Aurkb"", ""Kif11"", ""Atad2"", ""Plk1"", ""Net1"", ""Nup85"", ""Cdc20"", ""Cdca8"", ""Nup107"", ""Ckap2l"", ""Rcc1"", ""Tpx2"", ""Rad51"", ""Hjurp"", ""Tex30"", ""Ect2"", ""Psmd12"", ""Ttk"", ""Kif2c"", ""Lrr1"", ""Nek2"", ""Mybl2"", ""Foxm1"", ""Rhno1"", ""Clspn"", ""Ppih"", ""Sass6"", ""Pola2"", ""Mms22l"", ""Arhgap11a"", ""Ncapg2"")"
"181","REACTOME_APC_C_MEDIATED_DEGRADATION_OF_CELL_CYCLE_PROTEINS","7.08276422019713e-06","0.000100295439019335","0.610526878385931","-0.610778353480032","-2.02140322083556","58","c(""Ube2s"", ""Psma6"", ""Psmc3"", ""Anapc5"", ""Bub3"", ""Ccna2"", ""Psmc4"", ""Cdk1"", ""Psmc6"", ""Ube2c"", ""Fbxo5"", ""Ccnb1"", ""Aurkb"", ""Aurka"", ""Psmd3"", ""Cdk2"", ""Mad2l1"", ""Psma7"", ""Psmb6"", ""Plk1"", ""Cdc20"", ""Bub1b"", ""Psmd14"", ""Cdc16"", ""Psmc2"", ""Psmd13"", ""Psmb3"", ""Psmc5"", ""Psmd2"", ""Psmc1"", ""Psmd12"", ""Psmb7"", ""Psmd6"", ""Psma2"", ""Anapc15"", ""Nek2"", ""Psmb2"", ""Fzr1"", ""Psmd1"")"
"182","GOCC_SWI_SNF_SUPERFAMILY_TYPE_COMPLEX","5.16755551220705e-05","0.000553942632944064","0.557332238758646","-0.697340393759429","-2.01966620999402","31","c(""Dek"", ""Anp32e"", ""Rbbp4"", ""Ddx21"", ""Rbbp7"", ""Mbd3"", ""Cdk2ap1"", ""Smarca5"", ""Smarcc1"", ""Ruvbl1"", ""Ruvbl2"", ""Pole3"", ""Brd8"", ""Uchl5"", ""Hdac2"", ""Bcl7a"", ""Suz12"", ""Actl6a"", ""Smarca4"", ""Cfdp1"", ""Mybbp1a"", ""Hdac1"")"
"183","GOMF_SINGLE_STRANDED_DNA_BINDING","2.82891126795936e-06","4.45708959388653e-05","0.627256739718528","-0.602517473650761","-2.01954547884725","62","c(""Hmgb1"", ""Ybx1"", ""Ncl"", ""Alyref"", ""Mcm7"", ""Hnrnpa2b1"", ""Smc2"", ""Hnrnpa1"", ""Hnrnpdl"", ""Pcbp1"", ""Hnrnpu"", ""Smc4"", ""Nucks1"", ""Nme1"", ""Mcm6"", ""Ssbp1"", ""Rpa3"", ""Dhx9"", ""Cnbp"", ""Mcm5"", ""Pola1"", ""Mcm2"", ""Mcm4"", ""Mcm3"", ""Tdp2"", ""Rad51"", ""Neil3"", ""Ptbp1"", ""Rad51ap1"", ""Rpa1"", ""Blm"", ""Rpa2"", ""Tdp1"")"
"184","GOBP_RNA_EXPORT_FROM_NUCLEUS","1.13739968812662e-05","0.000150299244502446","0.593325476396405","-0.686573536558065","-2.01814415502831","34","c(""Srsf3"", ""Alyref"", ""Rbm8a"", ""Hnrnpa2b1"", ""Eif4a3"", ""Ddx39b"", ""Eny2"", ""Magoh"", ""Ssb"", ""Dhx9"", ""Thoc7"", ""Ddx19a"", ""Npm1"", ""Nup85"", ""Nup107"", ""Nup62"", ""Nsun2"", ""Thoc6"", ""Thoc3"", ""Nxt1"")"
"185","GOBP_MEIOTIC_CELL_CYCLE_PROCESS","1.32524005886298e-06","2.34575670912938e-05","0.643551836150722","-0.56707481072867","-2.01754372518348","89","c(""Mcm7"", ""Top2a"", ""Smc2"", ""Cks2"", ""Smc4"", ""Birc5"", ""Ncapd2"", ""Ccne2"", ""Ncaph"", ""Mcm6"", ""Nppc"", ""Fbxo5"", ""Gm960"", ""Aurka"", ""Mcm5"", ""Psmc3ip"", ""Ncapd3"", ""Mcm2"", ""Ndc80"", ""Plk1"", ""Cdc20"", ""Ccnb2"", ""Tubg1"", ""Mcm4"", ""Tdrkh"", ""Incenp"", ""Mcm3"", ""Trip13"", ""Rad51"", ""Nsun2"", ""Kif18a"", ""Psmd13"", ""Nuf2"", ""Ndc1"", ""Rad51ap1"", ""Ttk"", ""Mastl"", ""Topbp1"", ""Cenpc1"", ""Fzr1"", ""Cenpe"", ""Cdc25a"", ""Ing2"", ""Fignl1"", ""Aspm"", ""Espl1"")"
"186","GOBP_REGULATION_OF_NUCLEAR_DIVISION","2.7088209212031e-06","4.29146076881209e-05","0.627256739718528","-0.587889323937707","-2.01085378771248","70","c(""Nusap1"", ""Rgcc"", ""Anapc5"", ""Mad1l1"", ""Spc25"", ""Bub3"", ""Birc5"", ""Igf2"", ""Rad21"", ""Mki67"", ""Ube2c"", ""Spc24"", ""Fbxo5"", ""Ccnb1"", ""Aurkb"", ""Mad2l1"", ""Ndc80"", ""Plk1"", ""Cd28"", ""Cdc20"", ""Tubg1"", ""Cdca8"", ""Bub1b"", ""Spdl1"", ""Incenp"", ""Psmg2"", ""Nup62"", ""Trip13"", ""Rcc1"", ""Cdc16"", ""Nuf2"", ""Rad51ap1"", ""Nsmce2"", ""Ttk"", ""Bub1"", ""Bora"", ""Anapc15"")"
"187","REACTOME_DNA_DOUBLE_STRAND_BREAK_REPAIR","1.97771914996283e-06","3.30676948251802e-05","0.627256739718528","-0.58974594364042","-2.0099349323658","69","c(""Pcna"", ""Xrcc6"", ""Pole4"", ""Ccna2"", ""Sumo2"", ""Kpna2"", ""Rfc1"", ""Rpa3"", ""Pole3"", ""Rmi2"", ""Cdk2"", ""Ube2n"", ""Xrcc1"", ""Tipin"", ""Rfc3"", ""Ppp5c"", ""Tdp2"", ""Fen1"", ""Rad51"", ""Rfc5"", ""Rad51ap1"", ""Rpa1"", ""Pold2"", ""Rfc4"", ""Blm"", ""Brcc3"", ""Parp1"", ""Tdp1"", ""Pold3"", ""Topbp1"", ""Rhno1"", ""Timeless"", ""Babam1"", ""Clspn"", ""Bard1"", ""Rfc2"", ""Gm10184"", ""Brca1"", ""Exo1"", ""Spidr"", ""Chek2"", ""Lig4"", ""Chek1"", ""Pold1"")"
"188","GOBP_NEGATIVE_REGULATION_OF_NUCLEAR_DIVISION","2.12041965854702e-05","0.000254939344691135","0.575610261071129","-0.666023431041944","-2.00632086121511","38","c(""Mad1l1"", ""Spc25"", ""Bub3"", ""Birc5"", ""Rad21"", ""Spc24"", ""Fbxo5"", ""Ccnb1"", ""Aurkb"", ""Mad2l1"", ""Ndc80"", ""Plk1"", ""Cdc20"", ""Cdca8"", ""Bub1b"", ""Spdl1"", ""Incenp"", ""Psmg2"", ""Trip13"", ""Nuf2"", ""Ttk"", ""Bub1"", ""Anapc15"")"
"189","REACTOME_SNRNP_ASSEMBLY","1.49209320872393e-05","0.000192182890526562","0.593325476396405","-0.681708131991132","-2.00384257294603","34","c(""Snrpf"", ""Snrpg"", ""Snrpd3"", ""Snrpd2"", ""Snrpd1"", ""Snrpb"", ""Clns1a"", ""Snrpe"", ""Nup85"", ""Nup107"", ""Nup62"", ""Ndc1"", ""Aaas"", ""Gemin6"", ""Nup37"", ""Smn1"", ""Seh1l"", ""Nup205"", ""Nup188"", ""Tgs1"", ""Nup43"", ""Sec13"", ""Pom121"", ""Prmt5"", ""Nup54"", ""Nup133"")"
"190","GOBP_SPINDLE_CHECKPOINT_SIGNALING","1.51947030465979e-05","0.000193331012550086","0.593325476396405","-0.681218448820283","-2.00240317690695","34","c(""Mad1l1"", ""Spc25"", ""Bub3"", ""Birc5"", ""Spc24"", ""Ccnb1"", ""Aurkb"", ""Aurka"", ""Mad2l1"", ""Ndc80"", ""Plk1"", ""Cdc20"", ""Cdca8"", ""Bub1b"", ""Spdl1"", ""Incenp"", ""Psmg2"", ""Trip13"", ""Nuf2"", ""Ttk"", ""Bub1"", ""Anapc15"")"
"191","REACTOME_TRANSCRIPTION_COUPLED_NUCLEOTIDE_EXCISION_REPAIR_TC_NER","1.64629552940301e-05","0.000206146394347735","0.575610261071129","-0.656540411106644","-2.00190082394302","41","c(""Pcna"", ""Gtf2h4"", ""Hmgn1"", ""Lig1"", ""Polr2l"", ""Polr2k"", ""Pole4"", ""Cops5"", ""Rfc1"", ""Rpa3"", ""Pole3"", ""Polr2f"", ""Cops3"", ""Xrcc1"", ""Rfc3"", ""Prpf19"", ""Rfc5"", ""Polr2c"", ""Rpa1"", ""Pold2"", ""Rfc4"", ""Polr2e"", ""Pold3"", ""Polr2d"", ""Polr2i"")"
"192","AFFAR_YY1_TARGETS_DN","1.08114666109715e-07","2.53076575567028e-06","0.704975715167238","-0.533215147355259","-2.00172226478397","134","c(""Hmgb1"", ""Stmn1"", ""Anp32e"", ""Rbbp4"", ""Mcm7"", ""Top2a"", ""Slc25a5"", ""Hmgb2"", ""Dut"", ""Lmnb1"", ""Smc2"", ""Lig1"", ""Nasp"", ""Thy1"", ""Tubb2a"", ""Ccna2"", ""Birc5"", ""Tacc3"", ""Tcp1"", ""Mki67"", ""Mcm6"", ""Fdps"", ""Kif23"", ""Prc1"", ""Ccnb1"", ""Cdca3"", ""Aurkb"", ""Aurka"", ""Mcm5"", ""Ncapg"", ""Kif11"", ""Hmmr"", ""Pola1"", ""Mad2l1"", ""Mxd3"", ""Racgap1"", ""Plk1"", ""Uhrf1"", ""Kif22"", ""Hmgb3"", ""Ccnb2"", ""Plk4"", ""Slc29a1"", ""Mcm4"", ""Kif20a"", ""Bub1b"", ""Hells"", ""Cenpf"", ""Mcm3"", ""Fen1"", ""Trip13"", ""Cdt1"", ""Shcbp1"", ""Rad51ap1"")"
"193","GOCC_SPINDLE_MICROTUBULE","3.80694563679777e-05","0.000426459744053048","0.557332238758646","-0.680282169619406","-2.00125401658156","33","c(""Calm2"", ""Hnrnpu"", ""Cdk1"", ""Birc5"", ""Cep295"", ""Aurkb"", ""Aurka"", ""Ska2"", ""Kif11"", ""Haus3"", ""Haus4"", ""Plk1"", ""Calm3"", ""Tubg1"", ""Kif18a"", ""Haus5"", ""Ska1"", ""Ccsap"", ""Kif18b"", ""Ska3"", ""Cenpe"", ""Kif2a"")"
"194","REACTOME_REGULATION_OF_PLK1_ACTIVITY_AT_G2_M_TRANSITION","3.44808047883061e-05","0.000390034350021569","0.557332238758646","-0.628701409482779","-2.00053528209878","48","c(""Tubb5"", ""Tubb4b"", ""Hsp90aa1"", ""Tuba1a"", ""Ywhae"", ""Dynll1"", ""Cdk1"", ""Ccnb1"", ""Aurka"", ""Haus3"", ""Ckap5"", ""Haus4"", ""Ssna1"", ""Plk1"", ""Ccnb2"", ""Tubg1"", ""Plk4"", ""Cep57"", ""Nde1"", ""Haus5"", ""Cep70"", ""Pcm1"", ""Bora"", ""Nek2"", ""Cep41"", ""Odf2"")"
"195","HESS_TARGETS_OF_HOXA9_AND_MEIS1_UP","1.81010749024792e-05","0.00022324659046391","0.575610261071129","-0.614372962636041","-1.99911658478766","54","c(""Ncl"", ""Mcm7"", ""Dut"", ""Metap2"", ""Prmt1"", ""Nop58"", ""C1qbp"", ""Phgdh"", ""Myb"", ""Dtymk"", ""Ruvbl1"", ""Rrm1"", ""Ruvbl2"", ""Hdac2"", ""Ppid"", ""Uhrf1"", ""Ctps"", ""Cd28"", ""Psmg2"", ""Mcm3"", ""Mrpl15"", ""Trip13"", ""Snrpa1"", ""Icam2"", ""Ppan"", ""Nolc1"", ""Mybl2"", ""Cdc45"")"
"196","GRAESSMANN_RESPONSE_TO_MC_AND_DOXORUBICIN_DN","1.91818196031995e-11","9.40237054908967e-10","0.863415391606693","-0.483097784530272","-1.99756530974545","303","c(""Tubb5"", ""Cbx3"", ""Cdca7"", ""St13"", ""Cbx1"", ""Eif4a1"", ""Ube2s"", ""Eif2s2"", ""Nop10"", ""Srsf2"", ""Naa15"", ""Srsf7"", ""Rpl41"", ""Nop58"", ""Taf1d"", ""Hnrnpa1"", ""Hnrnpdl"", ""Nop56"", ""Nasp"", ""Srsf10"", ""Tmpo"", ""Agfg2"", ""C1qbp"", ""Tcof1"", ""Mbd3"", ""Lbr"", ""Tcp1"", ""Tomm40"", ""Hspa8"", ""Pbk"", ""Galk1"", ""Ssbp1"", ""Srsf6"", ""Syncrip"", ""Srsf1"", ""Hspa9"", ""Suv39h1"", ""Rfc1"", ""Dtymk"", ""Dhx9"", ""Rrm1"", ""Brd8"", ""Nsmce4a"", ""Exosc2"", ""Nutf2"", ""Mtf2"", ""Mrps5"", ""Gart"", ""Cdk2"", ""Nt5c3b"", ""Tyms"", ""Tcf3"", ""Mcm2"", ""Morf4l2"", ""Ddx10"", ""Atp5c1"", 
""Plk4"", ""Rabggtb"", ""Apex1"", ""Psip1"", ""Nsmce1"", ""Hells"", ""Zcchc8"", ""Ptprf"", ""Timp3"", ""Rad23a"", ""Snhg6"", ""Cstf2"", ""Rrp15"", ""Mrpl50"", ""Paics"", ""Dctpp1"", ""Trip13"", ""Gmnn"", ""Mrpl3"", ""Kpnb1"", ""Bysl"", ""Cyb5b"", ""Mrpl12"", ""Psmg4"", ""Hjurp"", ""Fxn"", ""Snrnp40"", ""Sfr1"", ""Ivns1abp"", ""Tbrg4"", ""Hcfc1"", ""Caprin1"", ""Dph6"", ""Mybbp1a"", ""Pold2"", ""Kpna3"", ""Gemin6"", ""Marcksl1"", ""Nxt1"", ""Abce1"", ""Tcerg1"", ""Tk1"", ""Tdp1"", ""Cetn3"", ""Pold3"", ""Ska1"", ""Polr2i"", ""Nolc1"", ""Lmnb2"", ""Zfp101"", ""Mphosph10"", ""Pmf1"", ""Foxm1"", ""Cep41"", 
""Ccsap"", ""Eef1e1"", ""Nubp1"", ""Timeless"", ""Exosc1"", ""Seh1l"", ""Ppih"", ""Mrpl19"", ""Farsb"", ""Dgcr8"", ""Trmt112"", ""Nck2"", ""Pum3"", ""Nelfa"", ""Ppat"", ""Ncapg2"", ""Iars"", ""Fignl1"", ""Tars"", ""Me2"", ""Hivep3"", ""Pnn"", ""Hspa4"", ""Wdr75"", ""Dhcr24"", ""Opa3"", ""Cdc6"", ""Ilf3"")"
"197","HSF2_TARGET_GENES","5.02197432275514e-05","0.000545473915549256","0.557332238758646","-0.80433588090255","-1.99389132742409","16","c(""Cbx3"", ""St13"", ""Hsp90aa1"", ""Hnrnpa2b1"", ""Hspd1"", ""Hsp90ab1"", ""Fkbp4"", ""Stip1"", ""Ndufa4"", ""Hspa8"", ""Hspe1"", ""Mrps18c"", ""Cse1l"")"
"198","GOCC_NUCLEAR_PERIPHERY","1.33381880903515e-05","0.000173851156132195","0.593325476396405","-0.59401645743945","-1.98987239720246","64","c(""Satb1"", ""Dntt"", ""Hnrnpm"", ""Pcna"", ""Hnrnpa2b1"", ""Psma6"", ""Lmnb1"", ""Ddx39b"", ""Hnrnpu"", ""Rad21"", ""Smc3"", ""Lbr"", ""Stag2"", ""Smarcc1"", ""Ruvbl1"", ""Pola1"", ""Srrm1"", ""Ebna1bp2"", ""Npm1"", ""Uhrf1"", ""Phf5a"", ""Psip1"", ""Nup107"", ""Prpf40a"", ""Cenpf"", ""Actl6a"", ""Smarca4"", ""Sfpq"", ""Gmcl1"", ""Nrm"", ""Eif6"", ""Blm"", ""Tcerg1"", ""Lmnb2"")"
"199","YAO_TEMPORAL_RESPONSE_TO_PROGESTERONE_CLUSTER_14","2.33155693044047e-06","3.78795438982325e-05","0.627256739718528","-0.556364246823961","-1.98903426039318","91","c(""Hnrnpa3"", ""Ranbp1"", ""Tuba1a"", ""Ran"", ""Snrpd3"", ""Banf1"", ""Prmt1"", ""Cct8"", ""Cct3"", ""Fbl"", ""Nme1"", ""Nars"", ""Cdk2ap1"", ""Galk1"", ""Syncrip"", ""Srsf1"", ""Dtymk"", ""Tyms"", ""Cdk4"", ""Ebna1bp2"", ""Morf4l2"", ""Cs"", ""Apex1"", ""Eftud2"", ""Nde1"", ""Dctpp1"", ""Smarca4"", ""Hmgn5"", ""Rars"", ""Nsun2"", ""Mrpl12"", ""Psmb3"", ""Snrpa1"", ""Pes1"", ""Psmd6"", ""Ptov1"", ""Tcerg1"", ""Ube2m"", ""Ipo5"", ""Nubp1"", ""Prep"", ""Wdr74"", ""Psmd1"", ""P3h4"", ""Sec13"", ""Sec61b"", ""Pkm"", ""Mrps18b"", ""Smyd2"", ""Rwdd1"", ""Uqcc2"", ""Dnajc2"", ""Rpn1"", ""Nop16"", ""Mrpl20"")"
"200","REACTOME_G1_S_TRANSITION","7.98919956422714e-06","0.000110650851139444","0.593325476396405","-0.573888948390217","-1.98786523031232","73","c(""Mcm7"", ""Psma6"", ""Psmc3"", ""Pole4"", ""Ccna2"", ""Psmc4"", ""Dbf4"", ""Psmc6"", ""Ccne2"", ""Mcm6"", ""Rpa3"", ""Cks1b"", ""Pole3"", ""Psmd3"", ""Mcm5"", ""Pola1"", ""Cdk2"", ""Psma7"", ""Psmb6"", ""Cdk4"", ""Mcm2"", ""Orc6"", ""Prim2"", ""Mcm4"", ""Mcm3"", ""Psmd14"", ""Gmnn"", ""Psmc2"", ""Cdc7"", ""Psmd13"", ""Cdt1"", ""Psmb3"", ""Psmc5"", ""Psmd2"", ""Psmc1"", ""Psmd12"", ""Psmb7"", ""Rpa1"", ""Akt1"", ""Psmd6"", ""Psma2"", ""Cdc45"", ""Psmb2"", ""Pola2"", ""Cdc25a"", ""Psmd1"", ""Orc2"", ""Prim1"", ""Cdc6"")"
"201","GOBP_ALTERNATIVE_MRNA_SPLICING_VIA_SPLICEOSOME","5.28311698753841e-05","0.000564221153138413","0.557332238758646","-0.733667947921294","-1.98285910529025","24","c(""Hnrnpm"", ""Rbm8a"", ""Srsf2"", ""Hnrnpa1"", ""Hnrnpu"", ""Magoh"", ""Rnps1"", ""Srsf6"", ""Srsf1"", ""Dhx9"", ""Rbm24"", ""Srsf9"", ""Strap"", ""Rbm17"", ""Sfpq"", ""Sap18"", ""Ptbp1"")"
"202","REACTOME_ACTIVATION_OF_THE_PRE_REPLICATIVE_COMPLEX","0.000116998932196183","0.00111645403684711","0.538434096309916","-0.693656318057698","-1.97840720548387","28","c(""Mcm7"", ""Pole4"", ""Dbf4"", ""Mcm6"", ""Rpa3"", ""Pole3"", ""Mcm5"", ""Pola1"", ""Cdk2"", ""Mcm2"", ""Orc6"", ""Prim2"", ""Mcm4"", ""Mcm3"", ""Gmnn"", ""Cdc7"", ""Cdt1"", ""Rpa1"", ""Cdc45"", ""Pola2"", ""Orc2"", ""Prim1"", ""Cdc6"")"
"203","REACTOME_MITOTIC_PROPHASE","2.72650642850889e-05","0.000317815332672733","0.575610261071129","-0.648217344709043","-1.97652241128598","41","c(""Arpp19"", ""Set"", ""Banf1"", ""Lmnb1"", ""Smc2"", ""Smc4"", ""Cdk1"", ""Ccnb1"", ""Ncapd3"", ""Plk1"", ""Nup85"", ""Ccnb2"", ""Nup107"", ""Nup62"", ""Ndc1"", ""Aaas"", ""Mastl"", ""Nup37"", ""Seh1l"", ""Nup205"", ""Nup188"", ""Mapk1"", ""Ncapg2"", ""Nup43"", ""Sec13"", ""Pom121"", ""Nup54"", ""Nup133"")"
"204","GOCC_SPLICEOSOMAL_TRI_SNRNP_COMPLEX","7.02279875016871e-05","0.000717927822321168","0.538434096309916","-0.721335938116248","-1.97544613802552","25","c(""Snrpf"", ""Snrpg"", ""Snrpd3"", ""Lsm3"", ""Snrpd2"", ""Snrpd1"", ""Lsm7"", ""Snrpb"", ""Snrpe"", ""Lsm8"", ""Lsm2"", ""Lsm5"", ""Lsm6"", ""Eftud2"", ""Snrpa"", ""Snrnp40"", ""Txnl4a"", ""Ppih"", ""Usp39"", ""Lsm4"", ""Prpf4"")"
"205","GOBP_MACROMOLECULE_METHYLATION","1.53814356521872e-05","0.000195160472268349","0.575610261071129","-0.582331882479404","-1.96711565321148","67","c(""Snrpd3"", ""Larp7"", ""Prmt1"", ""Ezh2"", ""Snrpb"", ""Fbl"", ""Dnmt1"", ""Smarca5"", ""Suv39h1"", ""Nelfe"", ""Ctcf"", ""Gspt1"", ""Wdr5"", ""Hells"", ""Trmt10a"", ""Suz12"", ""Smarca4"", ""Nsun2"", ""Fam98b"", ""Hcfc1"", ""Akt1"", ""Mettl16"", ""Eed"", ""Ftsj3"", ""Parp1"", ""Nop2"", ""Rbm15"", ""Trmt112"", ""Nelfa"", ""Pcmt1"", ""Tgs1"", ""Ilf3"", ""Mis18a"", ""Prmt5"", ""Smyd2"", ""Etf1"", ""Trmt6"", ""Mettl6"")"
"206","GOBP_MEIOTIC_CELL_CYCLE","1.84405172250903e-06","3.1196568225927e-05","0.643551836150722","-0.53632568438417","-1.96679515192175","112","c(""Mcm7"", ""Top2a"", ""Mns1"", ""Smc2"", ""Cks2"", ""Smc4"", ""Bub3"", ""Birc5"", ""Ncapd2"", ""Smc3"", ""Stag2"", ""Ccne2"", ""Mki67"", ""Ncaph"", ""Mcm6"", ""Nppc"", ""Fbxo5"", ""Gm960"", ""Aurka"", ""Mcm5"", ""Psmc3ip"", ""Cdk2"", ""Ncapd3"", ""Mcm2"", ""Ndc80"", ""Plk1"", ""Cdc20"", ""Ccnb2"", ""Tubg1"", ""Mcm4"", ""Tdrkh"", ""Incenp"", ""Mcm3"", ""Trip13"", ""Rad51"", ""Nsun2"", ""Kif18a"", ""Psmd13"", ""Nuf2"", ""Ndc1"", ""Rad51ap1"", ""Ttk"", ""Rpa1"", ""Mastl"", ""Topbp1"", ""Nek2"", ""Cenpc1"", ""Xlr3b"", ""Fzr1"", ""Cenpe"", ""Cdc25a"", ""Ing2"", ""Fignl1"", ""Aspm"", ""Espl1"", ""Exo1"", ""Syce2"", 
""Dcaf13"", ""Smc1a"", ""Fancm"", ""Terf1"", ""Rad54l"", ""Pkmyt1"", ""Ncaph2"", ""Brip1"", ""Ankle1"", ""Fanca"", ""Rbbp8"", ""Rad54b"", ""Igf1r"", ""Utp14b"")"
"207","GOBP_MRNA_EXPORT_FROM_NUCLEUS","0.000124623700369693","0.00117552125266479","0.518848077743792","-0.695589281090286","-1.96604343834284","27","c(""Srsf3"", ""Alyref"", ""Rbm8a"", ""Hnrnpa2b1"", ""Eif4a3"", ""Ddx39b"", ""Eny2"", ""Magoh"", ""Thoc7"", ""Ddx19a"", ""Nup85"", ""Nup107"", ""Nsun2"", ""Thoc6"", ""Thoc3"", ""Nxt1"")"
"208","HEVNER_CORTEX_RADIAL_GLIA_PROGENITORS","7.21851535305514e-11","3.08941683207248e-09","0.839088935621274","-0.481196640324312","-1.96573615161392","277","c(""Cdca7"", ""Mcm7"", ""Ranbp1"", ""Top2a"", ""Nusap1"", ""Larp7"", ""Dbi"", ""Mns1"", ""Rgcc"", ""Lig1"", ""Rrm2"", ""Slbp"", ""Spc25"", ""Prps2"", ""Rbbp7"", ""Phgdh"", ""Ccna2"", ""Dnmt1"", ""Cdk1"", ""Birc5"", ""Tacc3"", ""Dbf4"", ""Lbr"", ""Ccne2"", ""Ncaph"", ""Mcm6"", ""Rnaseh2c"", ""Pbk"", ""Hspa14"", ""Spc24"", ""Kif23"", ""Prc1"", ""Rfc1"", ""Fbxo5"", ""Dtymk"", ""Asf1b"", ""Dkc1"", ""Glo1"", ""Nelfe"", ""Cdca3"", ""Aurkb"", ""Cenpl"", ""Aurka"", ""Hat1"", ""Usp1"", ""Mcm5"", ""Ncapg"", ""Kif11"", ""Pola1"", ""Mad2l1"", ""Mxd3"", ""Ccnf"", ""Tyms"", ""Racgap1"", ""Aif1l"", ""Mcm2"", ""Ndc80"", ""Kif20b"", 
""Plk1"", ""Uhrf1"", ""Nup85"", ""Prim2"", ""Ccnb2"", ""Cdca8"", ""Mcm4"", ""Ube2t"", ""Ccdc34"", ""Rfc3"", ""Bub1b"", ""Hells"", ""Incenp"", ""Mis18bp1"", ""Nde1"", ""Paics"", ""Mcm3"", ""Msl3"", ""Fen1"", ""Trip13"", ""Gmnn"", ""Tpx2"", ""Rad51"", ""Cdt1"", ""Tinf2"", ""Nuf2"", ""Shcbp1"", ""Gins1"", ""Neil3"", ""Rad51ap1"", ""Rnaseh2b"", ""Mrpl13"", ""Nsmce2"", ""Ttk"", ""Rpa1"", ""Rfc4"", ""Cdkn2c"", ""Kif4"", ""Blm"", ""E2f8"", ""Cenpk"", ""Cnih4"", ""Rpa2"", ""Pold3"", ""Ska1"", ""Ssrp1"", ""Lrr1"", ""Naa38"", ""Anln"", ""Nudt5"", ""Mybl2"", ""Foxm1"", ""Pitrm1"", ""Cdc45"", ""Exosc8"", ""Timeless"", 
""Bola3"", ""Clspn"", ""Ercc6l"", ""Aldh9a1"", ""Ubr7"", ""Gpsm2"", ""Cenpe"", ""Cmss1"", ""Mms22l"", ""Rfc2"", ""Cenpp"", ""Fignl1"", ""Cenpa"", ""Aspm"", ""Prim1"", ""Espl1"", ""Exo1"", ""Cdc6"", ""Knstrn"", ""Mis18a"", ""Melk"", ""Chek2"", ""Cdca5"", ""Spag5"", ""Prr11"", ""Oip5"", ""Alg8"", ""Cenpn"", ""Zwilch"", ""Glul"", ""Nup133"", ""Shmt1"", ""Chek1"", ""Dtl"", ""Pif1"", ""Cit"", ""Pold1"", ""Mrpl35"")"
"209","GOBP_METAPHASE_CHROMOSOME_ALIGNMENT","5.46958155002499e-05","0.000580889818322098","0.557332238758646","-0.621256292541661","-1.96310279385378","47","c(""Rcc2"", ""Hnrnpu"", ""Nudc"", ""Mad1l1"", ""Spc25"", ""Bub3"", ""Birc5"", ""Spc24"", ""Ccnb1"", ""Aurkb"", ""Racgap1"", ""Ndc80"", ""Kif22"", ""Cdca8"", ""Spdl1"", ""Incenp"", ""Cenpf"", ""Nup62"", ""Kpnb1"", ""Kif18a"", ""Cdt1"", ""Nuf2"", ""Ect2"", ""Kif2c"", ""Nek2"", ""Cenpc1"", ""Pmf1"", ""Kif14"", ""Seh1l"", ""Cenpe"", ""Knstrn"", ""Cdca5"", ""Spag5"", ""Pinx1"")"
"210","GOBP_MITOTIC_SPINDLE_ASSEMBLY","0.00010248712423917","0.000999598056992589","0.538434096309916","-0.670745525485792","-1.96287926374925","32","c(""Hnrnpu"", ""Birc5"", ""Smc3"", ""Stag2"", ""Kif23"", ""Prc1"", ""Mzt1"", ""Aurkb"", ""Kif11"", ""Racgap1"", ""Plk1"", ""Cdc20"", ""Cdca8"", ""Incenp"", ""Tpx2"", ""Kpnb1"", ""Aaas"", ""Nek2"", ""Mybl2"", ""Ccsap"", ""Kif2a"", ""Drg1"", ""Chek2"", ""Smc1a"")"
"211","REACTOME_THE_ROLE_OF_GTSE1_IN_G2_M_PROGRESSION_AFTER_G2_CHECKPOINT","5.19274487074847e-05","0.00055560432525639","0.557332238758646","-0.605560399665609","-1.96255039548153","51","c(""Tuba1b"", ""Tubb4b"", ""Hsp90aa1"", ""Tuba1a"", ""Psma6"", ""Hsp90ab1"", ""Psmc3"", ""Tubb2a"", ""Psmc4"", ""Cdk1"", ""Psmc6"", ""Ccnb1"", ""Psmd3"", ""Psma7"", ""Psmb6"", ""Plk1"", ""Ccnb2"", ""Tuba1c"", ""Psmd14"", ""Psmc2"", ""Psmd13"", ""Gtse1"", ""Psmb3"", ""Psmc5"", ""Psmd2"", ""Psmc1"", ""Psmd12"", ""Psmb7"", ""Psmd6"", ""Psma2"")"
"212","REACTOME_NUCLEAR_ENVELOPE_NE_REASSEMBLY","4.01253258567065e-05","0.000445846361096318","0.557332238758646","-0.654101738350577","-1.96097487953577","37","c(""Tuba1b"", ""Tubb4b"", ""Tuba1a"", ""Ran"", ""Banf1"", ""Lmnb1"", ""Tubb2a"", ""Cdk1"", ""Lbr"", ""Ccnb1"", ""Rangap1"", ""Nup85"", ""Ccnb2"", ""Nup107"", ""Tuba1c"", ""Rcc1"", ""Kpnb1"", ""Ndc1"", ""Nup37"", ""Seh1l"", ""Nup205"", ""Nup188"", ""Nup43"", ""Sec13"", ""Pom121"")"
"213","GOCC_NUCLEAR_BODY","1.18111294256281e-09","3.98451925035161e-08","0.788186810800237","-0.484837821606447","-1.96039483700976","246","c(""Satb1"", ""Srsf3"", ""Hnrnpm"", ""Cbx1"", ""Pcna"", ""Rbm8a"", ""Nop10"", ""Gtf2h4"", ""Hnrnpa2b1"", ""Srsf2"", ""Snrpd3"", ""U2af1"", ""Naa15"", ""Srsf7"", ""Nop58"", ""Rorc"", ""U2af2"", ""Ddx39b"", ""Pcbp1"", ""Hnrnpu"", ""Srsf10"", ""Smc4"", ""Gnl3"", ""Fbl"", ""Snrpb2"", ""Eif4e"", ""Sumo2"", ""Wbp11"", ""Dbf4"", ""Rpn2"", ""Cbx5"", ""Mki67"", ""Ddx1"", ""Bcl6"", ""Srsf6"", ""Srsf1"", ""Ak6"", ""Dhx9"", ""Dkc1"", ""Nelfe"", ""Nsmce4a"", ""Thoc7"", ""Cdc34"", ""Rmi2"", ""Cdk2"", ""Sf3a3"", ""Srrm1"", ""Npm1"", ""Phf5a"", ""Kif22"", ""Xrra1"", ""Nudt21"", ""Apex1"", ""Snrpc"", ""Srsf9"", ""Prpf19"", 
""Zcchc8"", ""Incenp"", ""Eftud2"", ""Cstf2"", ""Tcf12"", ""Sf3a2"", ""Tdp2"", ""Suz12"", ""Rad51"", ""Sfpq"", ""Sap18"", ""Timm50"", ""Tdg"", ""Cdt1"", ""Tinf2"", ""Thoc6"", ""Snrnp40"", ""Zcchc12"", ""Snrpa1"", ""Ect2"", ""Nsmce2"", ""Psmb7"", ""Rpa1"", ""Pcnp"", ""Ppp1r8"", ""Blm"", ""Gemin6"", ""Bcas2"", ""Rpa2"", ""Parp1"", ""Polr2d"", ""Nolc1"", ""Topbp1"", ""Rbm15"", ""Cenpc1"", ""Cenpo"", ""Smn1"", ""E2f7"", ""Dnajc11"", ""Casp8ap2"", ""Bola3"", ""Babam1"", ""Srsf4"", ""Noc3l"", ""Bard1"", ""Ppih"", ""Kif18b"", ""Dgcr8"", ""Ewsr1"", ""Nelfa"", ""Kif2a"", ""Zc3h8"", ""Fmr1"", ""Prpf4"", ""Ncapg2"", 
""Atpaf2"", ""Nup43"", ""Tkt"", ""Drg1"", ""Brca1"", ""Pnn"", ""Exo1"", ""Rbm14"", ""Sart3"", ""Chek2"", ""Spag5"", ""Npat"", ""Sf3b2"", ""Gfi1"", ""Oip5"")"
"214","GOCC_NUCLEAR_SPECK","1.2538059840376e-06","2.22618492831443e-05","0.643551836150722","-0.54008137588269","-1.95948988061861","104","c(""Srsf3"", ""Rbm8a"", ""Gtf2h4"", ""Srsf2"", ""U2af1"", ""Srsf7"", ""U2af2"", ""Ddx39b"", ""Pcbp1"", ""Hnrnpu"", ""Srsf10"", ""Smc4"", ""Snrpb2"", ""Eif4e"", ""Wbp11"", ""Srsf6"", ""Srsf1"", ""Ak6"", ""Thoc7"", ""Cdc34"", ""Rmi2"", ""Sf3a3"", ""Srrm1"", ""Npm1"", ""Phf5a"", ""Kif22"", ""Apex1"", ""Srsf9"", ""Prpf19"", ""Eftud2"", ""Tcf12"", ""Sf3a2"", ""Sap18"", ""Timm50"", ""Thoc6"", ""Snrnp40"", ""Zcchc12"", ""Snrpa1"", ""Ppp1r8"", ""Bcas2"", ""Polr2d"", ""Rbm15"", ""E2f7"", ""Dnajc11"", ""Srsf4"", ""Noc3l"", ""Bard1"", ""Ppih"", ""Prpf4"", ""Ncapg2"", ""Atpaf2"", ""Nup43"", ""Pnn"", ""Rbm14"")"
"215","REACTOME_TELOMERE_MAINTENANCE","0.000103549157522497","0.001006532912528","0.538434096309916","-0.669464304279817","-1.95912987975498","32","c(""Pcna"", ""Nop10"", ""Lig1"", ""Ccna2"", ""Rfc1"", ""Rpa3"", ""Dkc1"", ""Gar1"", ""Pola1"", ""Cdk2"", ""Prim2"", ""Rfc3"", ""Fen1"", ""Rfc5"", ""Rpa1"", ""Pold2"", ""Rfc4"", ""Blm"", ""Pold3"", ""Ctc1"", ""Pola2"", ""Rfc2"", ""Prim1"")"
"216","REACTOME_ESTROGEN_DEPENDENT_GENE_EXPRESSION","0.000105060484442332","0.00101949556392009","0.538434096309916","-0.728290888418878","-1.95866866285523","23","c(""H3f3b"", ""Hsp90aa1"", ""H3f3a"", ""Hsp90ab1"", ""Fkbp4"", ""Prmt1"", ""Polr2l"", ""Polr2k"", ""Ptges3"", ""Polr2f"", ""Polr2c"", ""Gtf2f1"", ""Polr2e"", ""Polr2d"", ""Polr2i"", ""Gtf2a2"", ""Gtf2f2"")"
"217","MORI_MATURE_B_LYMPHOCYTE_DN","2.22068485014989e-05","0.000264584693709292","0.575610261071129","-0.585209647606843","-1.95761426204488","61","c(""Stmn1"", ""Rag1"", ""Dntt"", ""Cycs"", ""Cox7a2"", ""Txn1"", ""Rag2"", ""Lmnb1"", ""Ezh2"", ""Ndufc1"", ""Rrm2"", ""Snrpb"", ""Desi1"", ""Myb"", ""Slc16a1"", ""Cks1b"", ""Ccnb1"", ""Mcm5"", ""Sox4"", ""Uck2"", ""Marcks"", ""Ccnb2"", ""Snrpc"", ""Smarca4"", ""Pla2g12a"", ""Rnaseh2b"", ""Psmc1"", ""Kif2c"", ""Nek2"", ""Anln"", ""Cdc45"", ""Prep"", ""Prdx4"", ""Zfpm1"", ""Ewsr1"", ""Cdkn3"", ""Idh2"", ""Brca1"")"
"218","GOBP_REGULATION_OF_DNA_REPLICATION","2.41052049625976e-05","0.000283285554222331","0.575610261071129","-0.589327546853259","-1.95672843410394","59","c(""Pcna"", ""Nucks1"", ""Ccna2"", ""Cdk1"", ""Dbf4"", ""Smc3"", ""Ssbp1"", ""Smarca5"", ""Fbxo5"", ""Dhx9"", ""Ruvbl1"", ""Ruvbl2"", ""Pole3"", ""Uchl5"", ""Cacybp"", ""Cdk2"", ""Npm1"", ""Esco2"", ""Tipin"", ""Rfc3"", ""Meaf6"", ""Actl6a"", ""Gmnn"", ""Atf1"", ""Rfc5"", ""Cdc7"", ""Cdt1"", ""Faf1"", ""Rfc4"", ""Id3"", ""Blm"", ""E2f8"", ""Atad5"", ""Ctc1"", ""E2f7"", ""Timeless"")"
"219","GOBP_POSITIVE_REGULATION_OF_DNA_METABOLIC_PROCESS","2.483238359829e-07","5.29419033220049e-06","0.674962860011025","-0.520323092362291","-1.95571479527611","137","c(""Hmgb1"", ""Pcna"", ""Hsp90aa1"", ""Hnrnpab"", ""Hnrnpa2b1"", ""Rgcc"", ""Ddx39b"", ""Cct8"", ""Hnrnpd"", ""Gnl3"", ""Cct3"", ""Trim28"", ""Ccna2"", ""Cdk1"", ""Ptges3"", ""Dbf4"", ""Tcp1"", ""Ssbp1"", ""Syncrip"", ""Smarca5"", ""Tox"", ""Smarcc1"", ""Dhx9"", ""Ruvbl1"", ""Ruvbl2"", ""Brd8"", ""Uchl5"", ""Dkc1"", ""Aurkb"", ""Cacybp"", ""Cdk2"", ""Ube2n"", ""Cct7"", ""Npm1"", ""Morf4l2"", ""Prim2"", ""Xrcc1"", ""Exosc3"", ""Cd28"", ""Bcl7a"", ""Rfc3"", ""Meaf6"", ""Actl6a"", ""Smarca4"", ""Atf1"", ""Rad51"", ""Rfc5"", ""Cdc7"", ""Cdt1"", ""Tinf2"", ""Rad51ap1"", ""Faf1"", ""Akt1"", ""Rfc4"", ""Blm"", 
""E2f8"", ""Atad5"", ""Brcc3"", ""Parp1"", ""Ctc1"", ""Nek2"", ""Foxm1"", ""E2f7"", ""Timeless"", ""Babam1"")"
"220","SCHAEFFER_SOX9_TARGETS_IN_PROSTATE_DEVELOPMENT_DN","0.000114049534494246","0.00109376936509114","0.538434096309916","-0.726289347770816","-1.95328571078604","23","c(""Hmgb1"", ""Stmn1"", ""Cdca7"", ""Rrm2"", ""Nasp"", ""Smarca5"", ""Cdk2"", ""Sox4"")"
"221","REACTOME_ACTIVATION_OF_APC_C_AND_APC_C_CDC20_MEDIATED_DEGRADATION_OF_MITOTIC_PROTEINS","6.4905740210263e-05","0.000676789854737925","0.538434096309916","-0.602045229502243","-1.95115814031077","51","c(""Ube2s"", ""Psma6"", ""Psmc3"", ""Anapc5"", ""Bub3"", ""Ccna2"", ""Psmc4"", ""Cdk1"", ""Psmc6"", ""Ube2c"", ""Ccnb1"", ""Psmd3"", ""Mad2l1"", ""Psma7"", ""Psmb6"", ""Plk1"", ""Cdc20"", ""Bub1b"", ""Psmd14"", ""Cdc16"", ""Psmc2"", ""Psmd13"", ""Psmb3"", ""Psmc5"", ""Psmd2"", ""Psmc1"", ""Psmd12"", ""Psmb7"", ""Psmd6"", ""Psma2"", ""Anapc15"", ""Nek2"")"
"222","MODY_HIPPOCAMPUS_NEONATAL","0.000240915055314528","0.00206833509315692","0.518848077743792","-0.731366648394338","-1.95027596956094","22","c(""Tubb5"", ""Tuba1b"", ""Tuba1a"", ""Cct8"", ""Fdps"", ""Myef2"", ""Fabp7"", ""Ube2e3"", ""Cct7"")"
"223","REACTOME_SWITCHING_OF_ORIGINS_TO_A_POST_REPLICATIVE_STATE","1.05437781308088e-05","0.000140952371981792","0.593325476396405","-0.581687099296135","-1.94972528243754","62","c(""Mcm7"", ""Ube2s"", ""Psma6"", ""Psmc3"", ""Anapc5"", ""Ccna2"", ""Psmc4"", ""Psmc6"", ""Ccne2"", ""Mcm6"", ""Ube2c"", ""Psmd3"", ""Mcm5"", ""Cdk2"", ""Psma7"", ""Psmb6"", ""Mcm2"", ""Orc6"", ""Mcm4"", ""Mcm3"", ""Psmd14"", ""Gmnn"", ""Cdc16"", ""Psmc2"", ""Psmd13"", ""Cdt1"", ""Psmb3"", ""Psmc5"", ""Psmd2"", ""Psmc1"", ""Psmd12"", ""Psmb7"", ""Psmd6"", ""Psma2"", ""Anapc15"", ""Psmb2"", ""Fzr1"", ""Psmd1"")"
"224","ZENG_GU_ICB_CONTROL_METAGENE_21_PRECICTIVE_ICB_RESISTANCE","5.5601107654545e-06","8.03204917881147e-05","0.610526878385931","-0.542014239697292","-1.94949071613174","97","c(""Snrpf"", ""Ddx21"", ""Hspd1"", ""Pa2g4"", ""Hnrnpa1"", ""C1qbp"", ""Snrpb"", ""Hibadh"", ""Drap1"", ""Tcof1"", ""Tomm40"", ""Npm3"", ""Nap1l1"", ""Dkc1"", ""Srm"", ""Erh"", ""Eif2s1"", ""Sf3b4"", ""Ube2n"", ""Ccnf"", ""Racgap1"", ""Ndc80"", ""Tipin"", ""Spdl1"", ""Nup107"", ""Tuba1c"", ""Rrp15"", ""Shmt2"", ""Grwd1"", ""Rcc1"", ""Rars"", ""Hars"", ""Thoc3"", ""Mybbp1a"", ""Mettl16"", ""Nop2"", ""Pwp1"", ""Rnf187"", ""Bora"", ""Nolc1"", ""Nup37"", ""Lmnb2"", ""Morc1"", ""Mphosph10"", ""Ipo5"", ""Lrpprc"", ""Ercc6l"", ""Aldh9a1"", ""Cct5"", ""Pcmt1"", ""Enkd1"", ""Trim27"", ""Cct2"", ""Pom121"")"
"225","GOBP_POSITIVE_REGULATION_OF_CHROMOSOME_SEPARATION","0.000272435786785482","0.00227929512696951","0.49849310876659","-0.729386950471888","-1.94499687009199","22","c(""Smc2"", ""Anapc5"", ""Smc4"", ""Mad1l1"", ""Birc5"", ""Ncapd2"", ""Ncaph"", ""Ube2c"", ""Aurkb"", ""Ncapg"", ""Ncapd3"", ""Cdc20"", ""Cdca8"", ""Incenp"", ""Cdc16"", ""Nsmce2"")"
"226","GOCC_MITOTIC_SPINDLE","8.31146393471696e-06","0.000113761922829598","0.593325476396405","-0.546532332264161","-1.94445751549532","89","c(""Tubb5"", ""Tubb4b"", ""Nusap1"", ""Rcc2"", ""Taf1d"", ""Dynll1"", ""Hnrnpu"", ""Nudc"", ""Mad1l1"", ""Tubb2a"", ""Cdk1"", ""Tacc3"", ""Smc3"", ""Stag2"", ""Cep295"", ""Kif23"", ""Prc1"", ""Ckap2"", ""Aurkb"", ""Aurka"", ""Rangap1"", ""Kif11"", ""Mad2l1"", ""Haus3"", ""Haus4"", ""Racgap1"", ""Kif20b"", ""Plk1"", ""Kif22"", ""Tubg1"", ""Wdr5"", ""Nsmce1"", ""Ckap2l"", ""Nup62"", ""Tpx2"", ""Kif18a"", ""Cdc16"", ""Cdc7"", ""Aaas"", ""Ect2"", ""Haus5"")"
"227","REACTOME_INTRAFLAGELLAR_TRANSPORT","0.000133839223346933","0.00125419599002395","0.518848077743792","-0.738474203781965","-1.94294489879826","21","c(""Tuba1b"", ""Tubb4b"", ""Tuba1a"", ""Dynll1"", ""Tubb2a"", ""Dynll2"", ""Tuba1c"")"
"228","GOCC_U12_TYPE_SPLICEOSOMAL_COMPLEX","9.12407018870574e-05","0.000903739940107555","0.538434096309916","-0.77059298740451","-1.94026778905264","18","c(""Snrpf"", ""Ybx1"", ""Snrpg"", ""Snrpd3"", ""Snrpd2"", ""Snrpd1"", ""Lsm7"", ""Snrpb"", ""Snrpe"", ""Sf3b4"", ""Phf5a"", ""Zcrb1"", ""Sf3b5"")"
"229","YAMAZAKI_TCEB3_TARGETS_DN","2.13732801759192e-06","3.51219947876495e-05","0.627256739718528","-0.525666208475597","-1.93847289294403","121","c(""Tubb5"", ""Tuba1b"", ""St13"", ""Ybx1"", ""Tubb4b"", ""Mif"", ""Serbp1"", ""Top2a"", ""Nusap1"", ""Hsp90aa1"", ""Ube2s"", ""Hnrnpa1"", ""Cks2"", ""Nasp"", ""Cct3"", ""Dnmt1"", ""Kpna2"", ""Igf2"", ""Dbf4"", ""Lbr"", ""Phb"", ""Vdac1"", ""Ahsa1"", ""Ruvbl2"", ""G3bp1"", ""Aurka"", ""Mtf2"", ""Hat1"", ""Kif11"", ""Sephs2"", ""Ebna1bp2"", ""Uhrf1"", ""Esco2"", ""Cdkn1c"", ""Psip1"", ""Msh6"", ""Kif20a"", ""Bub1b"")"
"230","GOBP_DNA_RECOMBINATION","3.70239685824485e-07","7.50291377457039e-06","0.674962860011025","-0.513588861532356","-1.93463665907837","140","c(""Hmgb1"", ""Rag1"", ""Alyref"", ""Mcm7"", ""Top2a"", ""Hmgb2"", ""Xrcc6"", ""Hspd1"", ""Rag2"", ""Ezh2"", ""Lig1"", ""Nucks1"", ""Rad21"", ""Mcm6"", ""Bcl6"", ""Rpa3"", ""Ruvbl1"", ""Ruvbl2"", ""Brd8"", ""Uchl5"", ""Gm960"", ""Mcm5"", ""Rmi2"", ""Psmc3ip"", ""Ube2n"", ""Tcf3"", ""Mcm2"", ""Morf4l2"", ""Xrcc1"", ""Exosc3"", ""Cd28"", ""Mcm4"", ""Apex1"", ""Msh6"", ""Nsmce1"", ""Mcm3"", ""Inip"", ""Psmd14"", ""Meaf6"", ""Actl6a"", ""Trip13"", ""Rad51"", ""Sfpq"", ""Cdc7"", ""Swi5"", ""Rad51ap1"", ""Sfr1"", ""Nsmce2"", ""Rpa1"", ""Blm"", ""Atad5"", ""Rpa2"", ""Parp1"", ""Topbp1"", ""Lef1"", ""Gins2"", ""Rhno1"", 
""Cdc45"", ""Timeless"")"
"231","GOBP_MITOTIC_METAPHASE_CHROMOSOME_ALIGNMENT","0.000282614309172501","0.0023455760681683","0.49849310876659","-0.677836725269317","-1.93328746023598","28","c(""Hnrnpu"", ""Nudc"", ""Mad1l1"", ""Birc5"", ""Ccnb1"", ""Aurkb"", ""Ndc80"", ""Kif22"", ""Cdca8"", ""Spdl1"", ""Incenp"", ""Nup62"", ""Kpnb1"", ""Kif18a"", ""Cdt1"", ""Nuf2"", ""Kif2c"", ""Cenpc1"", ""Kif14"", ""Seh1l"", ""Cenpe"")"
"232","REACTOME_MITOTIC_G1_PHASE_AND_G1_S_TRANSITION","1.70641052959004e-05","0.000212283392347048","0.575610261071129","-0.54394358135783","-1.93194948843193","88","c(""Rbbp4"", ""Mcm7"", ""Psma6"", ""Psmc3"", ""Pole4"", ""Ccna2"", ""Psmc4"", ""Dbf4"", ""Psmc6"", ""Ccne2"", ""Mcm6"", ""Rpa3"", ""Cks1b"", ""Pole3"", ""E2f4"", ""Psmd3"", ""Mcm5"", ""Pola1"", ""Cdk2"", ""Psma7"", ""Psmb6"", ""Cdk4"", ""Mcm2"", ""Orc6"", ""Lin9"", ""Prim2"", ""Cdkn1c"", ""Mcm4"", ""Mcm3"", ""Psmd14"", ""E2f2"", ""Gmnn"", ""Psmc2"", ""Cdc7"", ""Psmd13"", ""Cdt1"", ""Psmb3"", ""Psmc5"", ""Psmd2"", ""Psmc1"", ""Psmd12"", ""Psmb7"", ""Rpa1"", ""Akt1"", ""Psmd6"", ""Psma2"", ""Hdac1"")"
"233","GOCC_GERM_CELL_NUCLEUS","7.22042799606578e-05","0.000735508961943823","0.538434096309916","-0.624632392877074","-1.93159562883111","43","c(""Hmgn2"", ""Top2a"", ""Pcna"", ""Ran"", ""Hmgn1"", ""Dnmt1"", ""Smarcc1"", ""Aurka"", ""Cdk2"", ""Ctcf"", ""Ncapd3"", ""Marcks"", ""Smarca4"", ""Trip13"", ""Rad51"", ""Taf3"", ""Rpa1"", ""Blm"", ""Topbp1"", ""Morc1"", ""Patz1"", ""Brca1"", ""Scmh1"", ""Prmt5"")"
"234","GOCC_ACETYLTRANSFERASE_COMPLEX","0.000323909289517255","0.0026163985577523","0.49849310876659","-0.666388087518396","-1.93002085516323","31","c(""Naa15"", ""Eny2"", ""Pole4"", ""Ruvbl1"", ""Ruvbl2"", ""Pole3"", ""Brd8"", ""Morf4l2"", ""Wdr5"", ""Naa10"", ""Msl3"", ""Meaf6"", ""Actl6a"", ""Sf3b5"", ""Hcfc1"", ""Naa38"", ""Naa50"", ""Naa16"", ""Dld"", ""Sgf29"", ""Sf3b3"", ""Naa25"")"
"235","GOCC_RNA_POLYMERASE_COMPLEX","0.000152214532044537","0.00139672054604067","0.518848077743792","-0.638253070025444","-1.92990697882786","39","c(""Gtf2h4"", ""Polr2l"", ""Polr2k"", ""Eny2"", ""Polr2j"", ""Polr2f"", ""Pola1"", ""Prim2"", ""Leo1"", ""Polr3k"", ""Polr2c"", ""Gtf2f1"", ""Taf3"", ""Psmc5"", ""Polr2e"", ""Polr2d"", ""Polr2i"", ""Gtf2a2"", ""Gtf2f2"", ""Polr3d"", ""Pola2"", ""Polr2h"", ""Myzap"", ""Prim1"")"
"236","GOCC_PROTEIN_FOLDING_CHAPERONE_COMPLEX","0.000156958049993547","0.00143565297721371","0.518848077743792","-0.712999158722139","-1.92699828027399","24","c(""Hsp90ab1"", ""Stip1"", ""Cct8"", ""Cct3"", ""Ptges3"", ""Tcp1"", ""Hspa8"", ""Ruvbl1"", ""Ruvbl2"", ""Rpap3"", ""Cct7"", ""Dnajc9"", ""Psmg2"", ""Ppp5c"")"
"237","GOBP_PEPTIDYL_LYSINE_MODIFICATION","2.22371093928298e-05","0.000264584693709292","0.575610261071129","-0.552384554970262","-1.92587250475769","77","c(""Dek"", ""Ddx21"", ""Ezh2"", ""Gnl3"", ""Trim28"", ""Uba2"", ""Desi1"", ""Sumo2"", ""Mbd3"", ""Ndufab1"", ""Nfyb"", ""Smarca5"", ""Suv39h1"", ""Ruvbl1"", ""Ruvbl2"", ""Sae1"", ""Brd8"", ""Nelfe"", ""Hat1"", ""Rangap1"", ""Hdac2"", ""Sox4"", ""Morf4l2"", ""Wdr5"", ""Loxl2"", ""Msl3"", ""Suz12"", ""Meaf6"", ""Actl6a"", ""Smarca4"", ""Hcfc1"", ""Nsmce2"", ""Mybbp1a"", ""Nfya"", ""Noc2l"", ""Eed"")"
"238","GOBP_RIBOSE_PHOSPHATE_METABOLIC_PROCESS","7.29418610577809e-07","1.36706396459599e-05","0.659444398037935","-0.514268270489192","-1.9228266849636","132","c(""Atp5k"", ""Atp5b"", ""Atp5j2"", ""Ndufa5"", ""Atp5e"", ""Ran"", ""Atp5g3"", ""Ndufc1"", ""Atp5g1"", ""Ndufs6"", ""Atp5j"", ""Ndufb4"", ""Atp5h"", ""Prps2"", ""Ndufa12"", ""Sdhb"", ""Nme1"", ""Ada"", ""Ndufab1"", ""Hspa8"", ""Ndufb7"", ""Nppc"", ""Ndufb2"", ""Impdh2"", ""Vdac1"", ""Atp5o"", ""Gart"", ""Uck2"", ""Atp5l"", ""Atp5a1"", ""Ndufb6"", ""Ctps"", ""Atpif1"", ""Atp5c1"", ""Cs"", ""Nt5c2"", ""Paics"", ""Nme2"")"
"239","GOCC_TRANSPORTER_COMPLEX","1.93734921579856e-05","0.000235751861695798","0.575610261071129","-0.54135517923167","-1.92275614130021","88","c(""Calm2"", ""Uqcr11"", ""Ndufa5"", ""Uqcr10"", ""Uqcrq"", ""Atp5g3"", ""Ndufc1"", ""Atp5g1"", ""Ndufs6"", ""Ndufb4"", ""Ndufa12"", ""Ndufa4"", ""Ndufab1"", ""Wdr93"", ""Ndufb7"", ""Ndufb2"", ""Uqcrb"", ""Cyc1"", ""Ndufb6"", ""Timm13"", ""Calm3"", ""Cacna1e"")"
"240","GOCC_U2_TYPE_CATALYTIC_STEP_2_SPLICEOSOME","0.000222209529952144","0.00192212919196915","0.518848077743792","-0.775620078330144","-1.92270689929079","16","c(""Snrpf"", ""Snrpg"", ""Snrpd3"", ""Snrpd2"", ""Snrpd1"", ""Snrpb"", ""Snrpb2"", ""Snrpe"", ""Prpf19"", ""Eftud2"", ""Snrnp40"", ""Snrpa1"", ""Bcas2"")"
"241","GOBP_INTERNAL_PROTEIN_AMINO_ACID_ACETYLATION","0.000197662959508891","0.00173385309869647","0.518848077743792","-0.672725547121525","-1.92257833526762","29","c(""Dek"", ""Ddx21"", ""Mbd3"", ""Nfyb"", ""Smarca5"", ""Ruvbl1"", ""Ruvbl2"", ""Brd8"", ""Hat1"", ""Morf4l2"", ""Msl3"", ""Meaf6"", ""Actl6a"", ""Smarca4"", ""Mybbp1a"", ""Nfya"", ""Noc2l"")"
"242","GOMF_ATP_DEPENDENT_ACTIVITY_ACTING_ON_DNA","4.70165494356669e-05","0.000515563883391108","0.557332238758646","-0.584333767571252","-1.91983561845041","57","c(""Rbbp4"", ""Mcm7"", ""Top2a"", ""Xrcc6"", ""Mcm6"", ""Ddx1"", ""Smarca5"", ""Rfc1"", ""Dhx9"", ""Ruvbl1"", ""Ruvbl2"", ""G3bp1"", ""Gm960"", ""Mcm5"", ""Mcm2"", ""Mcm4"", ""Rfc3"", ""Msh6"", ""Hells"", ""Mcm3"", ""Smarca4"", ""Rad51"", ""Rfc5"", ""Rfc4"", ""Blm"", ""Atad5"")"
"243","GOMF_PRE_MRNA_BINDING","0.000200520974227169","0.00175303016340368","0.518848077743792","-0.793388035217088","-1.91729533703169","15","c(""Hnrnpa2b1"", ""Srsf2"", ""U2af1"", ""Hnrnpa1"", ""U2af2"", ""Hnrnpu"", ""Slbp"", ""Eri1"", ""Srsf6"", ""Rbm24"", ""Snrpc"", ""Ptbp1"")"
"244","GOBP_NUCLEAR_TRANSCRIBED_MRNA_CATABOLIC_PROCESS","0.000297095722035985","0.00244805167510973","0.49849310876659","-0.647713948480134","-1.91650609730728","35","c(""Ybx1"", ""Hnrnpab"", ""Rbm8a"", ""Eif4a3"", ""Lsm7"", ""Hnrnpu"", ""Hnrnpd"", ""Magoh"", ""Rnps1"", ""Ssb"", ""Syncrip"", ""Dhx9"", ""Exosc2"", ""Pabpc1"", ""Gspt1"", ""Mrto4"", ""Exosc3"")"
"245","GROSS_HYPOXIA_VIA_ELK3_UP","1.90849012708865e-06","3.21917378789806e-05","0.627256739718528","-0.524416170988205","-1.91003876169115","109","c(""Stmn1"", ""Tuba1b"", ""Tubb4b"", ""Arpp19"", ""Amd1"", ""Srsf2"", ""Srsf7"", ""Rcc2"", ""Dbi"", ""Rrm2"", ""Ddx39b"", ""Eif1ax"", ""Srsf10"", ""Mat2a"", ""Ccna2"", ""Birc5"", ""Ncapd2"", ""Kpna2"", ""Cdk2ap1"", ""Pbk"", ""Ube2c"", ""Nap1l1"", ""Srsf1"", ""Dtymk"", ""Ccnb1"", ""Gart"", ""Racgap1"", ""Ndc80"", ""Ctps"", ""Marcks"", ""Ccnb2"", ""Bcl7a"", ""Kif20a"", ""Hells"", ""Tuba1c"", ""Nde1"", ""Inip"", ""Brd3"")"
"246","REACTOME_HOMOLOGY_DIRECTED_REPAIR","6.25945533485842e-05","0.000653879350553972","0.538434096309916","-0.577051589328279","-1.9097827135005","58","c(""Pcna"", ""Pole4"", ""Ccna2"", ""Sumo2"", ""Rfc1"", ""Rpa3"", ""Pole3"", ""Rmi2"", ""Cdk2"", ""Ube2n"", ""Xrcc1"", ""Tipin"", ""Rfc3"", ""Fen1"", ""Rad51"", ""Rfc5"", ""Rad51ap1"", ""Rpa1"", ""Pold2"", ""Rfc4"", ""Blm"", ""Brcc3"", ""Parp1"", ""Pold3"", ""Topbp1"", ""Rhno1"", ""Timeless"", ""Babam1"", ""Clspn"", ""Bard1"", ""Rfc2"", ""Brca1"", ""Exo1"", ""Spidr"")"
"247","GOCC_CYTOCHROME_COMPLEX","0.000172268570933483","0.00154108392225628","0.518848077743792","-0.757884643593724","-1.90826958695204","18","c(""Cox7c"", ""Uqcr11"", ""Uqcr10"", ""Cox7a2"", ""Uqcrq"", ""Cox7b"", ""Cox6a1"", ""Cox5b"", ""Ndufa4"", ""Uqcrb"", ""Cyc1"")"
"248","GOBP_NEGATIVE_REGULATION_OF_RNA_SPLICING","0.000299872872719844","0.00246033036487597","0.49849310876659","-0.768737560988752","-1.90564562928696","16","c(""Hnrnpa2b1"", ""Srsf7"", ""U2af2"", ""Srsf10"", ""C1qbp"", ""Rnps1"", ""Srsf6"", ""Npm1"", ""Srsf9"", ""Sap18"", ""Ptbp1"", ""Rps26"")"
"249","GOCC_CHROMOSOME_TELOMERIC_REGION","0.000123704342268483","0.0011690471474271","0.518848077743792","-0.587386896418704","-1.90520335503398","53","c(""H3f3b"", ""Rbbp4"", ""Alyref"", ""Cbx1"", ""Hnrnpa2b1"", ""H3f3a"", ""Ezh2"", ""Rbbp7"", ""Cbx5"", ""Gar1"", ""Thoc7"", ""Cdk2"", ""Hdac2"", ""Xrcc1"", ""Nsmce1"", ""Fen1"", ""Rad51"", ""Tinf2"", ""Thoc6"", ""Rad51ap1"", ""Thoc3"", ""Nsmce2"", ""Blm"", ""Rpa2"")"
"250","GOCC_CYTOPLASMIC_REGION","0.000166242200908733","0.00150141578301036","0.518848077743792","-0.591870234007552","-1.90479421532958","50","c(""Tubb4b"", ""Ranbp1"", ""Hnrnpab"", ""Hnrnpa2b1"", ""Tuba1a"", ""Mns1"", ""Dynll1"", ""Hnrnpu"", ""Ada"", ""Rangap1"", ""Baiap2"", ""Ckap5"", ""Ssna1"", ""Cltb"", ""Cenpf"", ""Sfpq"", ""Sod1"", ""Cfap20"", ""Rpgrip1"", ""Ccsap"", ""Gpsm2"", ""Mapk1"", ""Fmr1"")"
"251","GOBP_PROTON_TRANSMEMBRANE_TRANSPORT","0.000511204124805781","0.00381739017677233","0.477270815362862","-0.657313884656204","-1.90373977196856","31","c(""Atp5k"", ""Atp5b"", ""Atp5j2"", ""Atp5e"", ""Atp5g3"", ""Atp5g1"", ""Atp5j"", ""Atp5h"", ""Ndufa4"", ""Atp5o"", ""Atp5l"", ""Atp5a1"", ""Atp5c1"")"
"252","GOBP_DNA_CONFORMATION_CHANGE","0.000265861205724099","0.00223893394247827","0.49849310876659","-0.6470742650873","-1.90356300644628","33","c(""Hmgb1"", ""Mcm7"", ""Top2a"", ""Hnrnpa2b1"", ""Mcm6"", ""Ddx1"", ""Ssbp1"", ""Dhx9"", ""Mcm5"", ""Mcm2"", ""Mcm4"", ""Mcm3"", ""Rad51"", ""Gins1"", ""Blm"", ""Gins2"", ""Cdc45"", ""Ddx11"")"
"253","WP_MRNA_PROCESSING","1.28363177843848e-07","2.89965920741438e-06","0.690132458796796","-0.485885744253547","-1.90353278354536","185","c(""Srsf3"", ""Snrpf"", ""Hnrnpm"", ""Ybx1"", ""Ncl"", ""Hnrnpa3"", ""Alyref"", ""Hnrnpab"", ""Rbm8a"", ""Snrpg"", ""Rpl38"", ""Ddx21"", ""Hnrnpa2b1"", ""Srsf2"", ""Snrpd3"", ""U2af1"", ""Eif4a3"", ""Rps28"", ""Srsf7"", ""Snrpd2"", ""Snrpd1"", ""Prmt1"", ""Hnrnpa1"", ""Lsm7"", ""Hnrnpdl"", ""Rbmxl1"", ""U2af2"", ""Ddx39b"", ""Pcbp1"", ""Hnrnpu"", ""Hnrnpd"", ""Srsf10"", ""Slbp"", ""Snrpb"", ""Nifk"", ""Fbl"", ""Raly"", ""Snrpb2"", ""Eif4e"", ""Rad21"", ""Rnps1"", ""Snrpe"", ""Lsm8"", ""Ssb"", ""Mrpl23"", ""Ddx1"", ""Eif3g"", ""Srsf6"", ""Syncrip"", ""Srsf1"", ""Myef2"", ""Lsm2"", ""Dhx9"", ""Nelfe"", ""G3bp1"", 
""Mrps28"", ""Sf3b4"", ""Ppm1g"", ""Pabpc1"", ""Ddx19a"", ""U2surp"", ""Sf3a3"", ""Srrm1"", ""Hnrnpr"", ""Eif4h"", ""Npm1"", ""Phf5a"", ""Nudt21"", ""Slirp"", ""Rbm34"", ""Snrpc"", ""Srsf9"", ""Srp68"", ""Zcrb1"", ""Eftud2"", ""Prpf40a"", ""Cstf2"", ""Rbm17"", ""Sf3a2"", ""Sf3b5"", ""Sfpq"", ""Eif3b"", ""Ddx56"", ""Snrpa"", ""Ptbp1"", ""Snrnp40"", ""Snrpa1"")"
"254","REACTOME_DEADENYLATION_DEPENDENT_MRNA_DECAY","0.000246395771571693","0.00210887788856884","0.49849310876659","-0.723201379875218","-1.90276170059325","21","c(""Eif4a1"", ""Lsm3"", ""Eif4a3"", ""Lsm7"", ""Eif4e"", ""Lsm2"", ""Lsm5"", ""Exosc2"", ""Pabpc1"", ""Nt5c3b"", ""Exosc3"", ""Lsm6"")"
"255","REACTOME_RESOLUTION_OF_AP_SITES_VIA_THE_MULTIPLE_NUCLEOTIDE_PATCH_REPLACEMENT_PATHWAY","0.000110216306497789","0.00106549012229574","0.538434096309916","-0.737163878546969","-1.90264419644767","20","c(""Pcna"", ""Lig1"", ""Pole4"", ""Rfc1"", ""Rpa3"", ""Pole3"", ""Apex1"", ""Rfc3"", ""Fen1"", ""Rfc5"", ""Rpa1"", ""Pold2"", ""Rfc4"", ""Parp1"", ""Pold3"")"
"256","RIZ_ERYTHROID_DIFFERENTIATION","0.000172515410303144","0.00154108392225628","0.518848077743792","-0.590754199846081","-1.9012025236162","50","c(""Hmgb1"", ""Cbx3"", ""Mcm7"", ""Hmgn2"", ""Top2a"", ""Ezh2"", ""Hnrnpdl"", ""Dnmt1"", ""Polr2j"", ""Nfyb"", ""Dhx9"", ""Aurkb"", ""Mcm5"", ""Pola1"", ""Ctcf"", ""Mcm2"", ""Uhrf1"", ""Mcm4"", ""Mcm3"", ""Fen1"", ""Atf1"", ""Kif4"", ""Blm"", ""Cdkn2d"", ""Cenpc1"", ""Mybl2"")"
"257","REACTOME_PROCESSING_OF_DNA_DOUBLE_STRAND_BREAK_ENDS","0.000167822992887257","0.00150856561788154","0.518848077743792","-0.646423159111374","-1.90012438693116","34","c(""Ccna2"", ""Sumo2"", ""Rpa3"", ""Rmi2"", ""Cdk2"", ""Ube2n"", ""Tipin"", ""Rfc3"", ""Rfc5"", ""Rpa1"", ""Rfc4"", ""Blm"", ""Brcc3"", ""Topbp1"", ""Rhno1"", ""Timeless"", ""Babam1"", ""Clspn"", ""Bard1"", ""Rfc2"", ""Brca1"", ""Exo1"")"
"258","REACTOME_DUAL_INCISION_IN_TC_NER","0.000170045781703493","0.00152376962198365","0.518848077743792","-0.646037392280158","-1.89899044710656","34","c(""Pcna"", ""Gtf2h4"", ""Hmgn1"", ""Polr2l"", ""Polr2k"", ""Pole4"", ""Rfc1"", ""Rpa3"", ""Pole3"", ""Polr2f"", ""Rfc3"", ""Prpf19"", ""Rfc5"", ""Polr2c"", ""Rpa1"", ""Pold2"", ""Rfc4"", ""Polr2e"", ""Pold3"", ""Polr2d"", ""Polr2i"")"
"259","BURTON_ADIPOGENESIS_PEAK_AT_24HR","0.000386446329879777","0.00304015048266189","0.49849310876659","-0.64120005767179","-1.89723229367733","35","c(""Stmn1"", ""Top2a"", ""Nusap1"", ""Ccna2"", ""Cdk1"", ""Kpna2"", ""Galk1"", ""Ube2c"", ""Srsf1"", ""Prc1"", ""Rrm1"", ""Ccnb1"", ""Aurkb"", ""Cenpl"", ""Rangap1"", ""Hmmr"", ""Racgap1"", ""Kif22"", ""Cdc20"", ""Kif20a"", ""Dctpp1"")"
"260","REACTOME_ASSEMBLY_OF_THE_PRE_REPLICATIVE_COMPLEX","5.1177871214629e-05","0.000551412622989273","0.557332238758646","-0.579804524076394","-1.89702326462797","56","c(""Mcm7"", ""Ube2s"", ""Psma6"", ""Psmc3"", ""Anapc5"", ""Psmc4"", ""Psmc6"", ""Mcm6"", ""Ube2c"", ""Psmd3"", ""Mcm5"", ""Psma7"", ""Psmb6"", ""Mcm2"", ""Orc6"", ""Mcm4"", ""Mcm3"", ""Psmd14"", ""Gmnn"", ""Kpnb1"", ""Cdc16"", ""Psmc2"", ""Psmd13"", ""Cdt1"", ""Psmb3"", ""Psmc5"", ""Psmd2"", ""Psmc1"", ""Psmd12"", ""Psmb7"", ""Psmd6"", ""Psma2"", ""Anapc15"", ""Psmb2"", ""Fzr1"", ""Psmd1"")"
"261","GOBP_METHYLATION","7.02279040491605e-05","0.000717927822321168","0.538434096309916","-0.541203921406164","-1.89598637594996","82","c(""Snrpd3"", ""Larp7"", ""Prmt1"", ""Ezh2"", ""Snrpb"", ""Fbl"", ""Dnmt1"", ""Smarca5"", ""Suv39h1"", ""Nelfe"", ""Ctcf"", ""Gspt1"", ""Tyms"", ""Wdr5"", ""Hells"", ""Trmt10a"", ""Suz12"", ""Smarca4"", ""Nsun2"", ""Fam98b"", ""Hcfc1"", ""Akt1"", ""Mettl16"", ""Eed"", ""Ftsj3"", ""Parp1"", ""Nop2"", ""Comt"", ""Rbm15"", ""Trmt112"", ""Nelfa"", ""Pcmt1"", ""Tgs1"", ""Ilf3"", ""Mis18a"", ""Prmt5"", ""Smyd2"", ""Inmt"", ""Etf1"", ""Trmt6"", ""Mettl6"", ""Mtap"", ""Thumpd3"")"
"262","REACTOME_ACTIVATION_OF_ATR_IN_RESPONSE_TO_REPLICATION_STRESS","0.000494675147309771","0.0037271856632275","0.477270815362862","-0.670578640694191","-1.89535228944759","27","c(""Mcm7"", ""Dbf4"", ""Mcm6"", ""Rpa3"", ""Mcm5"", ""Cdk2"", ""Mcm2"", ""Orc6"", ""Mcm4"", ""Rfc3"", ""Mcm3"", ""Rfc5"", ""Cdc7"", ""Rpa1"", ""Rfc4"", ""Cdc45"", ""Clspn"", ""Cdc25a"", ""Rfc2"", ""Orc2"", ""Cdc6"")"
"263","REACTOME_GENERIC_TRANSCRIPTION_PATHWAY","2.34520840285611e-08","6.34423122187726e-07","0.73376198835648","-0.470930697093994","-1.89393893365724","236","c(""Dek"", ""Cox7c"", ""H3f3b"", ""Rbbp4"", ""Cycs"", ""Pcna"", ""Gtf2h4"", ""H3f3a"", ""Txn1"", ""Ywhae"", ""Psma6"", ""Prmt1"", ""Ezh2"", ""Psmc3"", ""Polr2l"", ""Rorc"", ""Cox7b"", ""Polr2k"", ""Trim28"", ""Cox6a1"", ""Cox5b"", ""Ctsl"", ""Rbbp7"", ""Ccna2"", ""Ndufa4"", ""Psmc4"", ""Cdk1"", ""Mbd3"", ""Lbr"", ""Psmc6"", ""Ccne2"", ""Ywhaq"", ""Ak6"", ""Rpa3"", ""Pin1"", ""Smarcc1"", ""Ccnb1"", ""E2f4"", ""Nelfe"", ""Polr2f"", ""Aurkb"", ""Aurka"", ""Psmd3"", ""Rmi2"", ""Atad2"", ""Cdk2"", ""Psma7"", ""Psmb6"", ""Tcf3"", ""Cdk4"", ""Prdx1"", ""Npm1"", ""Rabggtb"", ""Wdr5"", ""Rfc3"", ""Tcf12"", ""Supt16"", 
""Psmd14"", ""Suz12"", ""Meaf6"", ""Actl6a"", ""Smarca4"", ""Tpx2"", ""Rfc5"", ""Psmc2"", ""Polr2c"", ""Gtf2f1"", ""Psmd13"", ""Taf3"", ""Psmb3"", ""Psmc5"", ""Cox5a"", ""Psmd2"", ""Psmc1"", ""Psmd12"", ""Psmb7"", ""Rpa1"", ""Akt1"", ""Cox8a"", ""Rfc4"", ""Polr2e"", ""Foxo6"", ""Noc2l"", ""Psmd6"", ""Blm"", ""Eed"", ""E2f8"", ""Stub1"", ""Parp1"", ""Taf15"", ""Psma2"", ""Polr2d"", ""Polr2i"", ""Hdac1"", ""Ssrp1"", ""Topbp1"", ""Zfp101"", ""Lef1"", ""Gtf2f2"", ""Rhno1"", ""E2f7"", ""Pidd1"", ""Psmb2"", ""Lrpprc"", ""Bard1"", ""Zfpm1"", ""Mapk1"", ""Nelfa"", ""Psmd1"")"
"264","REACTOME_DNA_STRAND_ELONGATION","0.00062901603003034","0.00452056006544361","0.477270815362862","-0.710191049685508","-1.89380872239625","22","c(""Pcna"", ""Lig1"", ""Rfc1"", ""Rpa3"", ""Pola1"", ""Prim2"", ""Rfc3"", ""Fen1"", ""Rfc5"", ""Gins1"", ""Rpa1"", ""Pold2"", ""Rfc4"", ""Pold3"", ""Gins2"", ""Pola2"", ""Rfc2"", ""Prim1"")"
"265","RIZ_ERYTHROID_DIFFERENTIATION_HBZ","0.000377536587382169","0.00298233103118008","0.49849310876659","-0.763866518365007","-1.89357066175959","16","c(""Hmgb1"", ""Cbx3"", ""Mcm7"", ""Tmpo"", ""Cux1"", ""Mcm5"", ""Sox4"", ""Mcm4"")"
"266","GOBP_SISTER_CHROMATID_COHESION","0.000512185322742068","0.00381881550211342","0.477270815362862","-0.669879765084546","-1.89337695738898","27","c(""Rad21"", ""Smc3"", ""Stag2"", ""Esco2"", ""Kif22"", ""Cdc20"", ""Bub1b"", ""Naa10"", ""Pds5b"", ""Fen1"", ""Sfpq"", ""Nsmce2"", ""Bub1"", ""Naa50"", ""Ddx11"", ""Phb2"", ""Pds5a"", ""Cdca5"", ""Smc5"", ""Smc1a"")"
"267","GOBP_POSITIVE_REGULATION_OF_MRNA_METABOLIC_PROCESS","0.000132410519251659","0.00124283850721483","0.518848077743792","-0.611051736156543","-1.88959918827316","43","c(""Ybx1"", ""Ncl"", ""Eif4a3"", ""Rbmxl1"", ""Hnrnpu"", ""Hnrnpd"", ""Clns1a"", ""Hspa8"", ""Syncrip"", ""Dhx9"", ""Ccnb1"", ""Exosc2"", ""Sf3b4"", ""Pabpc1"", ""Hnrnpr"", ""Rbm24"", ""Exosc3"", ""Leo1"", ""Slirp"", ""Prpf19"", ""Khsrp"", ""Caprin1"", ""Mettl16"")"
"268","GOBP_POSITIVE_REGULATION_OF_MRNA_PROCESSING","0.000255324319644925","0.00215971234979889","0.49849310876659","-0.758419278127618","-1.88943151617899","17","c(""Ncl"", ""Eif4a3"", ""Rbmxl1"", ""Clns1a"", ""Hspa8"", ""Ccnb1"", ""Sf3b4"", ""Leo1"", ""Slirp"", ""Prpf19"")"
"269","HALLMARK_MITOTIC_SPINDLE","4.60678233188937e-05","0.000508074936026645","0.557332238758646","-0.537097447666144","-1.88860711363409","85","c(""Top2a"", ""Nusap1"", ""Ywhae"", ""Lmnb1"", ""Smc4"", ""Cdk1"", ""Birc5"", ""Smc3"", ""Kif23"", ""Prc1"", ""Rfc1"", ""Fbxo5"", ""Aurka"", ""Kif11"", ""Ckap5"", ""Racgap1"", ""Ndc80"", ""Kif20b"", ""Plk1"", ""Net1"", ""Kif22"", ""Marcks"", ""Ccnb2"", ""Cep57"", ""Dynll2"", ""Incenp"", ""Actn4"", ""Cenpf"", ""Tpx2"", ""Ect2"", ""Ttk"", ""Kif4"", ""Pcnt"", ""Bub1"", ""Pcm1"", ""Kif2c"", ""Nek2"", ""Anln"", ""Kif15"", ""Lrpprc"", ""Sass6"", ""Cenpe"", ""Nck2"")"
"270","GOMF_ATP_DEPENDENT_ACTIVITY","1.19941400881198e-07","2.74049376117e-06","0.690132458796796","-0.477967087292774","-1.88709519384042","201","c(""Atp5b"", ""Rbbp4"", ""Mcm7"", ""Eif4a1"", ""Top2a"", ""Hsp90aa1"", ""Atp5e"", ""Xrcc6"", ""Ddx21"", ""Ddx18"", ""Hspd1"", ""Eif4a3"", ""Hsp90ab1"", ""Psmc3"", ""Smc2"", ""Ddx39b"", ""Cct8"", ""Smc4"", ""Cct3"", ""Atp5j"", ""Uba2"", ""Psmc4"", ""Smc3"", ""Tcp1"", ""Hspa8"", ""Psmc6"", ""Mcm6"", ""Ddx1"", ""Hspa14"", ""Hspa9"", ""Smarca5"", ""Kif23"", ""Rfc1"", ""Atp5o"", ""Dhx9"", ""Ruvbl1"", ""Ruvbl2"", ""Sae1"", ""G3bp1"", ""Gm960"", ""Mcm5"", ""Kif11"", ""Atad2"", ""Ddx19a"", ""Hspa4l"", ""Cct7"", ""Mcm2"", ""Atp5l"", ""Kif20b"", ""Atp5a1"", ""Kif22"", ""Ddx10"", ""Atp5c1"", ""Mcm4"", ""Rfc3"", ""Msh6"", 
""Kif20a"", ""Hells"", ""Abcf2"", ""Mcm3"", ""Smarca4"", ""Trip13"", ""Rad51"", ""Rfc5"", ""Hsph1"", ""Kif18a"", ""Psmc2"", ""Ddx56"", ""Psmc5"", ""Psmc1"", ""Rfc4"", ""Kif4"", ""Blm"", ""Acsl3"", ""Atad5"", ""Abce1"")"
"271","GOBP_NUCLEAR_EXPORT","8.9498224341309e-05","0.000889553408314397","0.538434096309916","-0.546990444006903","-1.88643938842796","72","c(""Srsf3"", ""Alyref"", ""Rbm8a"", ""Anp32b"", ""Hnrnpa2b1"", ""Ran"", ""Txn1"", ""Eif4a3"", ""Ywhae"", ""Ddx39b"", ""Eny2"", ""Camk4"", ""Desi1"", ""Magoh"", ""Eif4e"", ""Ssb"", ""Hspa9"", ""Dhx9"", ""Thoc7"", ""Nutf2"", ""Rangap1"", ""Ddx19a"", ""Npm1"", ""Nup85"", ""Cse1l"", ""Ctdspl2"", ""Nup107"", ""Nup62"", ""Nsun2"", ""Thoc6"", ""Eif6"", ""Thoc3"", ""Nxt1"", ""Abce1"")"
"272","GOBP_CHROMOSOME_LOCALIZATION","0.00016599552652659","0.00150141578301036","0.518848077743792","-0.581531572904881","-1.88621147409254","53","c(""Rcc2"", ""Hnrnpu"", ""Nudc"", ""Mad1l1"", ""Spc25"", ""Bub3"", ""Birc5"", ""Spc24"", ""Ccnb1"", ""Aurkb"", ""Racgap1"", ""Ndc80"", ""Kif22"", ""Cdca8"", ""Spdl1"", ""Incenp"", ""Cenpf"", ""Nup62"", ""Nde1"", ""Kpnb1"", ""Kif18a"", ""Cdt1"", ""Nuf2"", ""Ect2"", ""Kif2c"", ""Nek2"", ""Cenpc1"", ""Pmf1"", ""Kif14"", ""Seh1l"", ""Cenpe"")"
"273","REACTOME_COMPLEX_I_BIOGENESIS","0.000315466262101276","0.00256484388050185","0.49849310876659","-0.697832094899215","-1.88600677902739","24","c(""Ndufa5"", ""Ndufc1"", ""Ndufs6"", ""Ndufb4"", ""Ndufa12"", ""Ndufab1"", ""Ndufb7"", ""Ndufb2"", ""Ndufb6"")"
"274","GOCC_U2_SNRNP","0.000162449448270343","0.00148023613647292","0.518848077743792","-0.730332886270787","-1.8850131808913","20","c(""Snrpg"", ""Snrpd3"", ""Snrpd2"", ""Snrpd1"", ""Snrpb"", ""Snrpb2"", ""Snrpe"", ""Sf3b4"", ""Sf3a3"", ""Phf5a"", ""Sf3a2"", ""Sf3b5"", ""Snrpa1"", ""Rbmx2"", ""Sf3b6"")"
"275","GOBP_POSITIVE_REGULATION_OF_INTRACELLULAR_PROTEIN_TRANSPORT","0.000149938739155432","0.00137804273887244","0.518848077743792","-0.57880584789543","-1.88361240561438","52","c(""Tomm7"", ""Hsp90aa1"", ""Anp32b"", ""Ran"", ""Ywhae"", ""Hsp90ab1"", ""Pdcd5"", ""Trim28"", ""Camk4"", ""Jup"", ""Cdk1"", ""Nutf2"", ""Kif20b"", ""Ctdspl2"", ""Pak1"", ""Ect2"", ""Pcnt"", ""Pcm1"", ""Ipo5"", ""Chp2"", ""Rapgef3"", ""Mapk1"", ""Cacnb3"", ""Brca1"")"
"276","GOBP_RECOMBINATIONAL_REPAIR","5.83513541445548e-05","0.000616289163939267","0.557332238758646","-0.542397114764995","-1.88297239108367","74","c(""Mcm7"", ""Xrcc6"", ""Nucks1"", ""Rad21"", ""Mcm6"", ""Rpa3"", ""Ruvbl1"", ""Ruvbl2"", ""Brd8"", ""Mcm5"", ""Rmi2"", ""Ube2n"", ""Mcm2"", ""Morf4l2"", ""Xrcc1"", ""Mcm4"", ""Nsmce1"", ""Mcm3"", ""Inip"", ""Psmd14"", ""Meaf6"", ""Actl6a"", ""Rad51"", ""Sfpq"", ""Cdc7"", ""Swi5"", ""Rad51ap1"", ""Sfr1"", ""Nsmce2"", ""Rpa1"", ""Blm"", ""Rpa2"", ""Parp1"", ""Gins2"", ""Rhno1"", ""Cdc45"", ""Timeless"", ""Mms22l"", ""Fignl1"", ""Brca1"", ""Spidr"", ""Recql"", ""Aunip"", ""Smc5"", ""Chek1"", ""Fancm"", ""Rad54l"", ""Ankle1"", ""Rbbp8"", ""Gins4"", ""Mcm8"", ""Mad2l2"", ""Rad54b"")"
"277","REICHERT_MITOSIS_LIN9_TARGETS","0.000701419568308265","0.00493575610337165","0.477270815362862","-0.705794956287462","-1.88208601760382","22","c(""Top2a"", ""Nusap1"", ""Hmgb2"", ""Ncapd2"", ""Mki67"", ""Kif23"", ""Fbxo5"", ""Ccnb1"", ""Aurka"", ""Hmmr"", ""Ccnf"", ""Plk1"", ""Kif20a"", ""Cenpf"")"
"278","REACTOME_KINESINS","0.000489679601848434","0.0037057309371865","0.477270815362862","-0.658072141753144","-1.88070045532135","29","c(""Tuba1b"", ""Tubb4b"", ""Tuba1a"", ""Tubb2a"", ""Kif23"", ""Kif11"", ""Racgap1"", ""Kif20b"", ""Kif22"", ""Kif20a"", ""Tuba1c"", ""Kif18a"", ""Kif4"", ""Kif2c"", ""Kif15"", ""Kif18b"", ""Cenpe"", ""Kif2a"")"
"279","GOCC_PERICENTRIC_HETEROCHROMATIN","0.000333883960962895","0.00267807624632476","0.49849310876659","-0.754313721422838","-1.87920344253532","17","c(""Cbx3"", ""Cbx1"", ""Ezh2"", ""Dnmt1"", ""Cbx5"", ""Smarca5"", ""Pole3"", ""Ncapd3"", ""Esco2"", ""Hells"", ""Incenp"")"
"280","TABULA_MURIS_SENIS_LARGE_INTESTINE_SECRETORY_CELL_AGEING","8.86129021241931e-10","3.13700613384103e-08","0.801215574617779","-0.455472448800045","-1.87858891309177","299","c(""Ptma"", ""Cdca7"", ""Dek"", ""Ybx1"", ""H3f3b"", ""Hnrnpa3"", ""Cbx1"", ""Mcm7"", ""Serbp1"", ""Set"", ""Eif5a"", ""Srsf7"", ""Ywhae"", ""Rcc2"", ""Fkbp4"", ""Pa2g4"", ""Maz"", ""Lmnb1"", ""Psmc3"", ""Stip1"", ""Cct8"", ""Hnrnpd"", ""Hdgf"", ""Anapc5"", ""Mad1l1"", ""Nucks1"", ""Slbp"", ""Cux1"", ""Bub3"", ""Fbl"", ""Raly"", ""Drap1"", ""Psmc4"", ""Wbp11"", ""Tomm40"", ""Hspa8"", ""Psmc6"", ""Cbx5"", ""Mcm6"", ""Phb"", ""Hspa14"", ""Lsm2"", ""Tox"", ""Dtymk"", ""Rrm1"", ""Ruvbl2"", ""Brix1"", ""Uchl5"", ""Cnbp"", ""E2f4"", ""Ppp1r35"", ""Mzt1"", ""Gar1"", ""G3bp1"", ""Srm"", ""Rnf126"", ""Gars"", ""Eif2s1"", 
""Psmd3"", ""Sf3b4"", ""Ppm1g"", ""Mcm5"", ""Nt5c3b"", ""Gspt1"", ""Cct7"", ""Cdk4"", ""Atp5a1"", ""Cltb"", ""Eif4h"", ""Npm1"", ""Plk1"", ""Marcks"", ""Calm3"", ""Wdr18"", ""Slc29a1"", ""Pgk1"", ""Dynll2"", ""Snrpc"", ""Klf13"", ""Prpf19"", ""Abcf2"", ""Ube2l3"", ""Incenp"", ""Rad23a"", ""Pak1"", ""Nup62"", ""Naa10"", ""Ppp5c"", ""Idh3a"", ""Fen1"", ""Actl6a"", ""Rcc1"", ""Rars"", ""Sap18"", ""Psmc2"", ""Ddx56"", ""Gtf2f1"", ""Psmd13"", ""Snrpa"", ""Cfdp1"", ""Swi5"", ""Ptbp1"", ""Psmd2"", ""Ccar1"", ""Pes1"", ""Psmd12"", ""Pcnp"", ""Pold2"", ""Ppp1r8"", ""Akt1"", ""Cbs"", ""Ptov1"", ""Ptms"", ""Stub1"", 
""Tcerg1"", ""Tssc4"", ""Mlf2"", ""Ube2m"", ""Rnf187"", ""Aifm1"")"
"281","GOBP_POSITIVE_REGULATION_OF_CELL_CYCLE_PROCESS","5.19855161562793e-06","7.60553406010872e-05","0.610526878385931","-0.507767452962423","-1.87807501754885","124","c(""Ranbp1"", ""Nusap1"", ""Anp32b"", ""Larp7"", ""Rdx"", ""Rcc2"", ""Lmnb1"", ""Ezh2"", ""Smc2"", ""Rgcc"", ""Rrm2"", ""Ddx39b"", ""Hnrnpu"", ""Anapc5"", ""Smc4"", ""Mad1l1"", ""Cdk1"", ""Birc5"", ""Ncapd2"", ""Igf2"", ""Rad21"", ""Dbf4"", ""Ncaph"", ""Cep295"", ""Ube2c"", ""Kif23"", ""Fbxo5"", ""Rrm1"", ""Ccnb1"", ""Ppp1r35"", ""Aurkb"", ""Aurka"", ""Ncapg"", ""Mad2l1"", ""Racgap1"", ""Ncapd3"", ""Cdk4"", ""Ndc80"", ""Kif20b"", ""Npm1"", ""Cd28"", ""Cdc20"", ""Cdca8"", ""Plk4"", ""Apex1"", ""Incenp"", ""Nup62"", ""Fen1"", ""Azin1"", ""Sfpq"", ""Cdc16"", ""Cdc7"", ""Rad51ap1"", ""Ect2"", ""Nsmce2"", ""Akt1"", 
""E2f8"", ""Atad5"", ""Bub1"")"
"282","REACTOME_ESR_MEDIATED_SIGNALING","0.000136904423213382","0.00127666157256707","0.518848077743792","-0.597242645944185","-1.8770705469858","46","c(""Calm2"", ""H3f3b"", ""Hsp90aa1"", ""H3f3a"", ""Hsp90ab1"", ""Fkbp4"", ""Prmt1"", ""Polr2l"", ""Polr2k"", ""Ptges3"", ""Polr2f"", ""Ppid"", ""Calm3"", ""Ppp5c"", ""Gng13"", ""Polr2c"", ""Gtf2f1"", ""Akt1"", ""Polr2e"", ""Polr2d"", ""Polr2i"", ""Gtf2a2"", ""Zdhhc21"", ""Gtf2f2"", ""Mapk1"", ""Cav2"", ""Polr2h"")"
"283","REACTOME_RNA_POLYMERASE_II_PRE_TRANSCRIPTION_EVENTS","0.000507325244581697","0.00380201506192807","0.477270815362862","-0.656522501998342","-1.87627174909368","29","c(""Gtf2h4"", ""Polr2l"", ""Polr2k"", ""Ak6"", ""Nelfe"", ""Polr2f"", ""Leo1"", ""Supt16"", ""Polr2c"", ""Gtf2f1"", ""Taf3"", ""Polr2e"", ""Taf15"", ""Polr2d"", ""Polr2i"", ""Ssrp1"", ""Gtf2a2"", ""Gtf2f2"", ""Nelfa"", ""Polr2h"")"
"284","REACTOME_FACTORS_INVOLVED_IN_MEGAKARYOCYTE_DEVELOPMENT_AND_PLATELET_PRODUCTION","0.000191729362225322","0.00169544767518599","0.518848077743792","-0.606644354018291","-1.87596992381311","43","c(""Tuba1b"", ""H3f3b"", ""Tubb4b"", ""Tuba1a"", ""H3f3a"", ""Tubb2a"", ""Cbx5"", ""Kif23"", ""Kif11"", ""Racgap1"", ""Kif20b"", ""Kif22"", ""Kif20a"", ""Tuba1c"", ""Kif18a"", ""Kif4"", ""Akap1"", ""Hdac1"", ""Kif2c"", ""Kif15"", ""Kif18b"", ""Cenpe"", ""Zfpm1"", ""Kif2a"")"
"285","GOBP_REGULATION_OF_CELL_CYCLE_CHECKPOINT","0.000661022285982492","0.00469759951686442","0.477270815362862","-0.663611504214483","-1.87566007547543","27","c(""Ddx39b"", ""Mad1l1"", ""Birc5"", ""Ccnb1"", ""Aurkb"", ""Aurka"", ""Mad2l1"", ""Wdr76"", ""Ndc80"", ""Cdca8"", ""Incenp"", ""Rad51"", ""Rnaseh2b"", ""Brcc3"", ""Rpa2"", ""Anapc15"", ""Bard1"", ""Brca1"", ""Chek2"")"
"286","GOBP_SPINDLE_ASSEMBLY","0.000115789069888989","0.0011085981900056","0.538434096309916","-0.564870882211885","-1.87552562700176","59","c(""Tubb5"", ""Hnrnpu"", ""Birc5"", ""Smc3"", ""Stag2"", ""Kif23"", ""Prc1"", ""Fbxo5"", ""Mzt1"", ""Aurkb"", ""Aurka"", ""Kif11"", ""Haus3"", ""Haus4"", ""Racgap1"", ""Ndc80"", ""Plk1"", ""Cdc20"", ""Ccnb2"", ""Cdca8"", ""Incenp"", ""Rcc1"", ""Tpx2"", ""Kpnb1"", ""Aaas"", ""Haus5"", ""Nek2"", ""Mybl2"", ""Ccsap"", ""Sass6"", ""Gpsm2"", ""Cenpe"", ""Kif2a"", ""Aspm"", ""Drg1"", ""Chek2"", ""Spag5"", ""Dcaf13"", ""Smc1a"", ""Haus6"", ""Haus7"")"
"287","GOBP_SPLICEOSOMAL_SNRNP_ASSEMBLY","0.000460714804373952","0.00351824154871453","0.49849310876659","-0.697348626758504","-1.87545241061896","23","c(""Snrpf"", ""Snrpg"", ""Snrpd3"", ""Snrpd2"", ""Snrpd1"", ""Snrpb"", ""Clns1a"", ""Snrpe"", ""Lsm2"", ""Snrpc"", ""Prpf19"", ""Strap"", ""Gemin6"", ""Tssc4"", ""Smn1"", ""Lsm4"", ""Sart3"", ""Prmt5"")"
"288","GOMF_CHROMATIN_BINDING","4.29010270867859e-08","1.06972778409877e-06","0.719512826338911","-0.466748207678417","-1.87312872327112","233","c(""Cbx3"", ""Satb1"", ""Ybx1"", ""H3f3b"", ""Cbx1"", ""Hmgn2"", ""Set"", ""Top2a"", ""Pcna"", ""H3f3a"", ""Hmgn1"", ""Maz"", ""Rag2"", ""Ezh2"", ""Smc2"", ""Cks2"", ""Rbmxl1"", ""Hnrnpu"", ""Hnrnpd"", ""Smc4"", ""Nucks1"", ""Trim28"", ""Eny2"", ""Cux1"", ""Samd1"", ""Dnmt1"", ""Cdk1"", ""Mbd3"", ""Rad21"", ""Smc3"", ""Stag2"", ""Npm3"", ""Cbx5"", ""Nfatc3"", ""Ncaph"", ""Ddx1"", ""Bcl6"", ""Ssbp1"", ""Asf1a"", ""Nap1l1"", ""Smarca5"", ""Tox"", ""Smarcc1"", ""Dhx9"", ""Ruvbl2"", ""Pole3"", ""E2f4"", ""Nelfe"", ""Pknox1"", ""Mtf2"", ""Atad2"", ""Pola1"", ""Hdac2"", ""Ctcf"", ""Tcf3"", ""Npm1"", ""Ube2t"", ""Nudt21"", 
""Apex1"", ""Psip1"", ""Msh6"", ""Hells"", ""Actn4"", ""Supt16"", ""Shmt2"", ""Grwd1"", ""Suz12"", ""Actl6a"", ""Smarca4"", ""Rcc1"", ""Brd3"", ""Rad51"", ""Hmgn5"", ""Sfpq"", ""Gtf2f1"", ""Cdt1"")"
"289","GOCC_ORGANELLE_INNER_MEMBRANE","3.39053527594442e-08","8.71960529486155e-07","0.719512826338911","-0.469382471535645","-1.87179673685238","226","c(""Atp5k"", ""Atp5b"", ""Cox7c"", ""Uqcr11"", ""Atp5j2"", ""Ndufa5"", ""Slc25a5"", ""Atp5e"", ""Romo1"", ""Uqcr10"", ""Cox7a2"", ""Uqcrq"", ""Hspd1"", ""Atp5g3"", ""Lmnb1"", ""Ndufc1"", ""Atp5g1"", ""Cox7b"", ""Ndufs6"", ""Higd1a"", ""Dnajc15"", ""Tmpo"", ""Atp5j"", ""Ndufb4"", ""Cox6a1"", ""Atp5h"", ""Cox5b"", ""Ndufa12"", ""Sdhb"", ""Ndufa4"", ""Lbr"", ""Ndufab1"", ""Tomm40"", ""Wdr93"", ""Ndufb7"", ""Mrpl23"", ""Phb"", ""Ndufb2"", ""Uqcrb"", ""Vdac1"", ""Atp5o"", ""Mrps28"", ""Mrps5"", ""Cyc1"", ""Tyms"", ""Mrpl49"", ""Atp5l"", ""Mrps18c"", ""Atp5a1"", ""Ndufb6"", ""Mrpl18"", ""Timm13"", ""Atp5c1"", 
""Mrps6"", ""Mrpl57"", ""Mrps14"", ""Mrpl51"", ""Timm8b"", ""Chchd1"", ""Mrpl50"", ""Mrpl15"", ""Shmt2"", ""Mrpl3"", ""Vdac2"", ""Timm50"", ""Cyb5b"", ""Mrpl12"", ""Nrm"", ""Mrps25"")"
"290","REACTOME_SUMOYLATION_OF_DNA_REPLICATION_PROTEINS","0.000722308262537015","0.00506410499468188","0.477270815362862","-0.661646868996327","-1.87010714606091","27","c(""Top2a"", ""Pcna"", ""Sumo2"", ""Aurkb"", ""Rangap1"", ""Nup85"", ""Cdca8"", ""Nup107"", ""Incenp"", ""Nup62"", ""Ndc1"", ""Aaas"", ""Nup37"", ""Seh1l"", ""Nup205"", ""Nup188"", ""Nup43"", ""Pom121"", ""Nup54"", ""Nup133"")"
"291","REACTOME_TP53_REGULATES_METABOLIC_GENES","0.000800974598755237","0.00549472407160441","0.477270815362862","-0.700767679966216","-1.86868018863528","22","c(""Cox7c"", ""Cycs"", ""Txn1"", ""Ywhae"", ""Cox7b"", ""Cox6a1"", ""Cox5b"", ""Ndufa4"", ""Ywhaq"", ""Prdx1"", ""Cox5a"", ""Akt1"", ""Cox8a"")"
"292","GOCC_NUCLEAR_PORE","0.000570188166014287","0.00414452361481868","0.477270815362862","-0.630927176118045","-1.86683609767003","35","c(""Ranbp1"", ""Eif5a"", ""Ran"", ""Mad1l1"", ""Eny2"", ""Lbr"", ""Nutf2"", ""Rangap1"", ""Mad2l1"", ""Nup85"", ""Nup107"", ""Nup62"", ""Kpnb1"", ""Ndc1"", ""Aaas"", ""Nxt1"", ""Cetn3"", ""Nup37"", ""Seh1l"", ""Nup205"", ""Nup188"", ""Nup43"", ""Sec13"", ""Pom121"", ""Nup54"", ""Nup133"")"
"293","GOCC_PLASMA_MEMBRANE_BOUNDED_CELL_PROJECTION_CYTOPLASM","0.000164497056455281","0.00149270667527063","0.518848077743792","-0.593855773788924","-1.86642596557117","46","c(""Tubb4b"", ""Ranbp1"", ""Hnrnpab"", ""Hnrnpa2b1"", ""Tuba1a"", ""Mns1"", ""Dynll1"", ""Hnrnpu"", ""Ada"", ""Rangap1"", ""Baiap2"", ""Ckap5"", ""Ssna1"", ""Cenpf"", ""Sfpq"", ""Sod1"", ""Cfap20"", ""Rpgrip1"")"
"294","GOBP_PROTEIN_ACYLATION","0.000130134264558205","0.00122347542170706","0.518848077743792","-0.562126075945277","-1.86641212043542","59","c(""Dek"", ""Ddx21"", ""Naa15"", ""Nmt2"", ""Mbd3"", ""Cep295"", ""Nfyb"", ""Smarca5"", ""Ruvbl1"", ""Ruvbl2"", ""Brd8"", ""Hat1"", ""Hdac2"", ""Sox4"", ""Esco2"", ""Morf4l2"", ""Naa10"", ""Msl3"", ""Meaf6"", ""Actl6a"", ""Smarca4"", ""Mybbp1a"", ""Nfya"", ""Noc2l"", ""Zdhhc21"", ""Naa50"", ""Naa16"", ""Dld"", ""Sgf29"")"
"295","GOBP_MITOCHONDRIAL_TRANSLATION","4.96432918597986e-05","0.000542293864411323","0.557332238758646","-0.542463751863494","-1.86615435002078","71","c(""C1qbp"", ""Mrpl23"", ""Gars"", ""Mrps28"", ""Mrps5"", ""Mrpl49"", ""Mrps18c"", ""Mrpl18"", ""Mrps6"", ""Mrpl57"", ""Mrps14"", ""Mrpl51"", ""Chchd1"", ""Mrpl50"", ""Mrpl15"", ""Shmt2"", ""Mrpl3"", ""Mrpl12"", ""Hars"", ""Mrps25"", ""Mrpl13"", ""Mrps11"", ""Mrpl46"", ""Lrpprc"", ""Mrpl19"", ""Mrpl40"", ""Mrps12"", ""Mrps17"", ""Mrps18b"", ""Mrpl47"", ""Mrpl38"", ""Mrps22"", ""Mrpl2"", ""Mrpl21"", ""Mrpl35"", ""Uqcc2"", ""Mrpl1"", ""Mrpl55"", ""Mrpl20"", ""Mrpl11"", ""Sars2"", ""Aars2"", ""Mrps7"", ""Mrpl54"")"
"296","REACTOME_G2_M_DNA_DAMAGE_CHECKPOINT","0.000579167323092257","0.00419384418931073","0.477270815362862","-0.630165259000274","-1.86458167840782","35","c(""Ywhae"", ""Cdk1"", ""Ywhaq"", ""Rpa3"", ""Ccnb1"", ""Rmi2"", ""Ube2n"", ""Rfc3"", ""Rfc5"", ""Rpa1"", ""Rfc4"", ""Blm"", ""Brcc3"", ""Topbp1"", ""Rhno1"", ""Babam1"", ""Bard1"", ""Rfc2"", ""Brca1"", ""Exo1"", ""Chek2"", ""Chek1"")"
"297","GOBP_DNA_TEMPLATED_TRANSCRIPTION_ELONGATION","0.000802161478495468","0.00549629161191339","0.477270815362862","-0.653196138992804","-1.86300897769681","28","c(""Alyref"", ""Wdr43"", ""Ezh2"", ""Ddx39b"", ""Hnrnpu"", ""Nelfe"", ""Leo1"", ""Supt16"", ""Gtf2f1"", ""Parp1"", ""Polr2i"", ""Gtf2f2"", ""Med19"", ""Nelfa"", ""Med29"", ""Elof1"", ""Med14"", ""Sart3"")"
"298","GOBP_NEGATIVE_REGULATION_OF_MRNA_PROCESSING","0.000538511818942923","0.00395437295984336","0.477270815362862","-0.770745691680462","-1.86257802626412","15","c(""Hnrnpa2b1"", ""Srsf7"", ""U2af2"", ""Srsf10"", ""C1qbp"", ""Rnps1"", ""Srsf6"", ""Npm1"", ""Srsf9"", ""Sap18"", ""Ptbp1"")"
"299","ZHENG_GLIOBLASTOMA_PLASTICITY_UP","9.03938711518713e-07","1.65625831008301e-05","0.659444398037935","-0.49486190076067","-1.86207874952744","144","c(""Top2a"", ""Nusap1"", ""Dut"", ""Lmnb1"", ""Smc2"", ""Lig1"", ""Cks2"", ""Rrm2"", ""Nasp"", ""Spc25"", ""Ctsl"", ""Birc5"", ""Dbf4"", ""Mcm6"", ""Kif23"", ""Prc1"", ""Rrm1"", ""Cks1b"", ""Ccnb1"", ""Uchl5"", ""Cdca3"", ""Cd24a"", ""Aurkb"", ""Aurka"", ""Usp1"", ""Mcm5"", ""Pola1"", ""Mad2l1"", ""Ccnf"", ""Racgap1"", ""Mcm2"", ""Ndc80"", ""Pfkp"", ""Plk1"", ""Uhrf1"", ""Ctps"", ""Kif22"", ""Fbln2"", ""Cdc20"", ""Ccnb2"", ""Cdca8"", ""Plk4"", ""Mcm4"", ""Ube2t"", ""Hells"", ""Nup107"", ""Incenp"", ""Mis18bp1"", ""Mcm3"", ""Fen1"", ""Rcc1"", ""Tpx2"", ""Rad51"", ""Kif18a"", ""Cdt1"", ""Nuf2"", ""Shcbp1"", ""Rad51ap1"", 
""Ect2"", ""Rfc4"", ""Kif4"", ""Acsl3"", ""Bub1"", ""Tk1"")"
"300","KARLSSON_TGFB1_TARGETS_UP","4.0192252604498e-05","0.000445846361096318","0.557332238758646","-0.520807938602874","-1.85907878753643","90","c(""Ncl"", ""Cycs"", ""Set"", ""Slc25a5"", ""Eif5a"", ""Eif2s2"", ""Ddx21"", ""Hspd1"", ""Naa15"", ""Rrm2"", ""Cct8"", ""Gnl3"", ""Cct3"", ""Phgdh"", ""Rpf2"", ""Tcp1"", ""Uchl3"", ""Syncrip"", ""Hspa9"", ""Hspe1"", ""Lyar"", ""Srm"", ""Gars"", ""Eif2s1"", ""Cdc34"", ""Cacybp"", ""Mrto4"", ""Utp18"", ""Rsl1d1"", ""Idh3a"", ""Shmt2"", ""Rcc1"", ""Kpnb1"", ""Nsun2"", ""Hsph1"", ""Eif3b"", ""Mybbp1a"", ""Gemin6"", ""Abce1"", ""Nolc1"", ""Gtf2f2"", ""Ipo5"", ""Eef1e1"", ""Prep"", ""Pum3"", ""Naa25"", ""Mak16"", ""Eif3a"", ""Usp10"", ""Wdr75"", ""Cct2"", ""Nip7"")"
"301","GOBP_NEGATIVE_REGULATION_OF_RNA_CATABOLIC_PROCESS","0.000862865019974608","0.00584242135720706","0.477270815362862","-0.651703388327634","-1.85875143891992","28","c(""Ybx1"", ""Hnrnpab"", ""Hnrnpu"", ""Hnrnpd"", ""Syncrip"", ""Srsf1"", ""Dhx9"", ""Dkc1"", ""Rbm24"", ""Slirp"", ""Nsun2"", ""Ptbp1"", ""Hnrnpc"", ""Mettl16"", ""Taf15"")"
"302","GOBP_PROTEIN_TARGETING_TO_MITOCHONDRION","0.000638609072573868","0.00457802878901392","0.477270815362862","-0.631675759240066","-1.85826368352948","33","c(""Tomm7"", ""Hsp90aa1"", ""Romo1"", ""Hspd1"", ""Pdcd5"", ""Dnajc15"", ""Tomm40"", ""Atpif1"", ""Timm13"", ""Timm50"", ""Samm50"", ""Aifm1"", ""Timm17a"")"
"303","ID2_TARGET_GENES","2.31110298896047e-09","7.4167743424643e-08","0.774939030136436","-0.446566978719425","-1.85693759684347","327","c(""Ptma"", ""H3f3b"", ""Alyref"", ""Cbx1"", ""Ranbp1"", ""Set"", ""Hsp90aa1"", ""Ube2s"", ""Eif2s2"", ""Cox7a2"", ""Srsf2"", ""Pa2g4"", ""Wdr43"", ""Lmnb1"", ""Cks2"", ""Pdcd5"", ""Dynll1"", ""Lsm7"", ""Rrm2"", ""Pcbp1"", ""Hdgf"", ""Ndufs6"", ""Mad1l1"", ""Cct3"", ""Atp5h"", ""Cox5b"", ""Cux1"", ""Hibadh"", ""Rpl36"", ""Nme1"", ""Ccna2"", ""Jup"", ""Dnmt1"", ""Mbd3"", ""Birc5"", ""Rad21"", ""Dbf4"", ""Ncaph"", ""Polr2j"", ""Cep295"", ""Nfyb"", ""Pbk"", ""Eri1"", ""Srsf1"", ""Kif23"", ""Rfc1"", ""Smarcc1"", ""Fbxo5"", ""Slc16a1"", ""Sae1"", ""Uchl5"", ""Polr2f"", ""Rnf126"", ""Rpl36al"", ""Gars"", ""Cdc34"", 
""Gm10190"", ""Psmd3"", ""Hat1"", ""Srrm1"", ""Ube2n"", ""Ctcf"", ""Mrpl49"", ""Kif20b"", ""Ndufb6"", ""Nup85"", ""Get4"", ""Rnf157"", ""Atp5c1"", ""Tcf19"", ""Tubg1"", ""Cdkn2aipnl"", ""Ctdspl2"", ""Rbm34"", ""Dnajc9"", ""Nup107"", ""Srp68"", ""Rad23a"", ""Eftud2"", ""Actn4"", ""Timm8b"", ""Pds5b"", ""Tdp2"", ""Azin1"", ""Smarca4"", ""Rcc1"", ""Sfpq"", ""Sap18"", ""G2e3"", ""Cdc7"", ""Polr2c"", ""Mrpl12"", ""Gtf2f1"", ""Gmcl1"", ""Hjurp"", ""Cdt1"", ""Tex30"", ""Rad51ap1"", ""Faf1"", ""Tbrg4"", ""Ccar1"", ""Zbed4"", ""Ppp1r8"", ""Akt1"")"
"304","GOMF_CATALYTIC_ACTIVITY_ACTING_ON_DNA","1.48469643843229e-05","0.000191773289964171","0.593325476396405","-0.512747535241568","-1.85549580424342","106","c(""Rag1"", ""Dntt"", ""Rbbp4"", ""Mcm7"", ""Top2a"", ""Pcna"", ""Xrcc6"", ""Lig1"", ""Nme1"", ""Dnmt1"", ""Ptges3"", ""Smc3"", ""Mcm6"", ""Ddx1"", ""Smarca5"", ""Rfc1"", ""Dhx9"", ""Ruvbl1"", ""Ruvbl2"", ""Dkc1"", ""G3bp1"", ""Gm960"", ""Mcm5"", ""Pola1"", ""Mcm2"", ""Xrcc1"", ""Mcm4"", ""Apex1"", ""Rfc3"", ""Msh6"", ""Hells"", ""Mcm3"", ""Tdp2"", ""Fen1"", ""Smarca4"", ""Rad51"", ""Rfc5"", ""Tdg"", ""Neil3"", ""Ptbp1"", ""Rfc4"", ""Blm"", ""Atad5"", ""Tdp1"", ""Pold3"")"
"305","GOBP_DNA_REPLICATION_INITIATION","0.000497205917572951","0.00373718995711779","0.477270815362862","-0.686221676950655","-1.85462770214288","24","c(""Mcm7"", ""Ccne2"", ""Mcm6"", ""Mcm5"", ""Pola1"", ""Cdk2"", ""Mcm2"", ""Orc6"", ""Prim2"", ""Mcm4"", ""Mcm3"", ""Cdt1"", ""Topbp1"", ""Cdc45"", ""Noc3l"", ""Pola2"", ""Orc2"", ""Prim1"", ""Cdc6"")"
"306","REACTOME_DNA_REPAIR","1.68465301828379e-05","0.000210032283909947","0.575610261071129","-0.502820885402451","-1.85422734169152","121","c(""Pcna"", ""Xrcc6"", ""Gtf2h4"", ""Hmgn1"", ""Lig1"", ""Polr2l"", ""Polr2k"", ""Pole4"", ""Ccna2"", ""Sumo2"", ""Kpna2"", ""Cops5"", ""Rfc1"", ""Rpa3"", ""Ruvbl1"", ""Pole3"", ""Polr2f"", ""Cops3"", ""Usp1"", ""Rmi2"", ""Cdk2"", ""Ube2n"", ""Xrcc1"", ""Ube2t"", ""Apex1"", ""Tipin"", ""Rfc3"", ""Msh6"", ""Prpf19"", ""Rad23a"", ""Ppp5c"", ""Tdp2"", ""Fen1"", ""Actl6a"", ""Rad51"", ""Rfc5"", ""Tdg"", ""Polr2c"", ""Neil3"", ""Rad51ap1"", ""Rpa1"", ""Pold2"", ""Rfc4"", ""Polr2e"", ""Blm"", ""Brcc3"", ""Parp1"", ""Tdp1"", ""Pold3"", ""Polr2d"", ""Polr2i"", ""Topbp1"", ""Rhno1"", ""Timeless"", ""Babam1"", ""Clspn"", 
""Bard1"", ""Rfc2"", ""Polr2h"", ""Gm10184"", ""Brca1"", ""Exo1"", ""Usp10"", ""Spidr"", ""Rad23b"", ""Chek2"", ""Lig4"", ""Cops2"", ""Chek1"", ""Dtl"")"
"307","REACTOME_TP53_REGULATES_TRANSCRIPTION_OF_DNA_REPAIR_GENES","0.00052194222451391","0.00386736260670191","0.477270815362862","-0.744255902209469","-1.85414664195835","17","c(""Gtf2h4"", ""Polr2l"", ""Polr2k"", ""Nelfe"", ""Polr2f"", ""Supt16"", ""Polr2c"", ""Gtf2f1"", ""Polr2e"", ""Polr2d"", ""Polr2i"", ""Ssrp1"", ""Gtf2f2"", ""Nelfa"", ""Polr2h"")"
"308","GOCC_RNA_POLYMERASE_II_HOLOENZYME","0.000809859765237267","0.00553581138693173","0.477270815362862","-0.655917193894671","-1.85391254610993","27","c(""Gtf2h4"", ""Polr2l"", ""Polr2k"", ""Eny2"", ""Polr2j"", ""Polr2f"", ""Leo1"", ""Polr2c"", ""Gtf2f1"", ""Taf3"", ""Psmc5"", ""Polr2e"", ""Polr2d"", ""Polr2i"", ""Gtf2a2"", ""Gtf2f2"", ""Polr2h"", ""Myzap"", ""Taf1"", ""Taf5"", ""Taf5l"", ""Ccnh"")"
"309","GOCC_MICROTUBULE_CYTOSKELETON","4.97621131781263e-11","2.21229239594228e-09","0.851339057116899","-0.431783028391171","-1.8538117679968","444","c(""Stmn1"", ""Tubb5"", ""Tuba1b"", ""Cbx3"", ""Calm2"", ""Tubb4b"", ""Cbx1"", ""Ranbp1"", ""Gapdh"", ""Top2a"", ""Nusap1"", ""Pcna"", ""Slc25a5"", ""Tuba1a"", ""Ran"", ""Ywhae"", ""Rcc2"", ""Fkbp4"", ""Mns1"", ""Taf1d"", ""Rgcc"", ""Dynll1"", ""Hnrnpu"", ""Plk5"", ""Cct8"", ""Anapc5"", ""Nudc"", ""Mad1l1"", ""Cct3"", ""Tube1"", ""Nme1"", ""Tubb2a"", ""Spatc1l"", ""Cdk1"", ""Birc5"", ""Tacc3"", ""Smc3"", ""Stag2"", ""Tcp1"", ""Hspa8"", ""Ccne2"", ""Cep295"", ""Kif23"", ""Prc1"", ""Ak6"", ""Pin1"", ""Fbxo5"", ""Dhx9"", ""Slc16a1"", ""Ruvbl2"", ""Ccnb1"", ""Ckap2"", ""Fgf13"", ""Ppp1r35"", ""Mzt1"", ""Aurkb"", 
""Aurka"", ""Rangap1"", ""Ska2"", ""Kif11"", ""Baiap2"", ""Hmmr"", ""Cdk2"", ""Mad2l1"", ""Haus3"", ""Ckap5"", ""Haus4"", ""Ssna1"", ""Ccnf"", ""Racgap1"", ""Cct7"", ""Ndc80"", ""Kif20b"", ""Npm1"", ""Plk1"", ""Kif22"", ""Marcks"", ""Cdc20"", ""Ccnb2"", ""Calm3"", ""Tubg1"", ""Leo1"", ""Cdca8"", ""Plk4"", ""Nudt21"", ""Cep57"", ""Apex1"", ""Wdr5"", ""Reep4"", ""Kif20a"", ""Dynll2"", ""Bub1b"", ""Nsmce1"", ""Spdl1"", ""Incenp"", ""Ckap2l"", ""Irs1"", ""Cenpf"", ""Nup62"", ""Tuba1c"", ""Nde1"", ""Dcun1d5"", ""Mcm3"", ""Shmt2"", ""Azin1"", ""Tpx2"", ""Hsph1"", ""Kif18a"", ""Cdc16"", ""Bysl"", ""Cdc7"", ""Lyst"", 
""Bcl10"", ""Gtse1"", ""Aaas"", ""Sfr1"", ""Ect2"", ""Haus5"", ""Mast2"", ""Akt1"", ""Cep70"", ""Kif4"", ""Pcnt"", ""Bcas2"", ""Cetn3"", ""Pknox2"", ""Ska1"", ""Mastl"", ""Cfap20"", ""Ppp2r3c"", ""Pcm1"", ""Bora"", ""Kif2c"", ""Mphosph9"", ""Cep83"", ""Nek2"", ""Pmf1"", ""Gtf2f2"", ""Kif15"", ""Cep41"", ""Ccsap"", ""Odf2"", ""Cdc45"", ""Kif14"", ""Sgf29"", ""Lztfl1"", ""Lrpprc"", ""Ddx11"", ""Kif18b"", ""Sass6"", ""Gpsm2"", ""Ska3"", ""Cenpe"", ""Hyls1"", ""Mdm1"", ""Cct5"", ""Naa40"", ""Kif2a"", ""Uxt"", ""Fmr1"", ""Enkd1"", ""Orc2"", ""Limk2"", ""Aspm"", ""Espl1"", ""Eif3a"", ""Brca1"", ""Dnaaf2"", ""Ccdc88a"", 
""Cdc6"", ""Cct2"", ""Knstrn"")"
"310","GOBP_POSITIVE_REGULATION_OF_NUCLEOCYTOPLASMIC_TRANSPORT","0.000758785251990658","0.00524925623663018","0.477270815362862","-0.643815264544185","-1.85292077784656","30","c(""Hsp90aa1"", ""Anp32b"", ""Ran"", ""Ywhae"", ""Hsp90ab1"", ""Trim28"", ""Camk4"", ""Jup"", ""Cdk1"", ""Dhx9"", ""Nutf2"")"
"311","REACTOME_PCNA_DEPENDENT_LONG_PATCH_BASE_EXCISION_REPAIR","0.000507334156985022","0.00380201506192807","0.477270815362862","-0.735800182558607","-1.85266336020795","18","c(""Pcna"", ""Lig1"", ""Pole4"", ""Rfc1"", ""Rpa3"", ""Pole3"", ""Apex1"", ""Rfc3"", ""Fen1"", ""Rfc5"", ""Rpa1"", ""Pold2"", ""Rfc4"", ""Pold3"")"
"312","GOBP_REGULATION_OF_DNA_METABOLIC_PROCESS","2.16442584704159e-07","4.70188720938769e-06","0.690132458796796","-0.467281793145284","-1.8505857563261","209","c(""Hmgb1"", ""Dek"", ""Alyref"", ""Pcna"", ""Hsp90aa1"", ""Hnrnpab"", ""Hnrnpa2b1"", ""Rgcc"", ""Ddx39b"", ""Hnrnpu"", ""Cct8"", ""Hnrnpd"", ""Nucks1"", ""Gnl3"", ""Cct3"", ""Trim28"", ""Eny2"", ""Ccna2"", ""Cdk1"", ""Ptges3"", ""Dbf4"", ""Smc3"", ""Tcp1"", ""Nppc"", ""Bcl6"", ""Ssbp1"", ""Syncrip"", ""Smarca5"", ""Suv39h1"", ""Tox"", ""Smarcc1"", ""Fbxo5"", ""Dhx9"", ""Ruvbl1"", ""Ruvbl2"", ""Pole3"", ""Brd8"", ""Uchl5"", ""Dkc1"", ""Aurkb"", ""Usp1"", ""Rmi2"", ""Cacybp"", ""Cdk2"", ""Ube2n"", ""Cct7"", ""Npm1"", ""Esco2"", ""Morf4l2"", ""Prim2"", ""Xrcc1"", ""Exosc3"", ""Cd28"", ""Bcl7a"", ""Tipin"", 
""Rfc3"", ""Msh6"", ""Meaf6"", ""Actl6a"", ""Smarca4"", ""Gmnn"", ""Sf3b5"", ""Atf1"", ""Rad51"", ""Rfc5"", ""Cdc7"", ""Cdt1"", ""Tinf2"", ""Rad51ap1"", ""Faf1"", ""Hnrnpc"", ""Akt1"", ""Rfc4"", ""Id3"", ""Blm"", ""E2f8"", ""Atad5"", ""Brcc3"", ""Rpa2"", ""Parp1"")"
"313","GOMF_DNA_POLYMERASE_BINDING","0.000647116902851534","0.00462168796743904","0.477270815362862","-0.765434573710066","-1.84974322000658","15","c(""Hmgb1"", ""Pcna"", ""Hsp90aa1"", ""Hnrnpa2b1"", ""Hsp90ab1"", ""Ptges3"", ""Cdk2ap1"", ""Smarca4"", ""Rad51"", ""Cdt1"")"
"314","REACTOME_LAGGING_STRAND_SYNTHESIS","0.000570188166014287","0.00414452361481868","0.477270815362862","-0.734054030803602","-1.84826674349794","18","c(""Pcna"", ""Lig1"", ""Rfc1"", ""Rpa3"", ""Pola1"", ""Prim2"", ""Rfc3"", ""Fen1"", ""Rfc5"", ""Rpa1"", ""Pold2"", ""Rfc4"", ""Pold3"", ""Pola2"", ""Rfc2"", ""Prim1"")"
"315","GOBP_POSITIVE_REGULATION_OF_RNA_SPLICING","0.000308237681301711","0.00251394903399982","0.49849310876659","-0.716020001598353","-1.84807115517768","20","c(""Ncl"", ""Eif4a3"", ""Rbmxl1"", ""U2af2"", ""Clns1a"", ""Hspa8"", ""Srsf1"", ""Sf3b4"", ""Slirp"", ""Prpf19"")"
"316","GOCC_NEURON_PROJECTION_CYTOPLASM","0.000513397911849384","0.00381885476583167","0.477270815362862","-0.701576695131732","-1.84586659079077","21","c(""Ranbp1"", ""Hnrnpab"", ""Hnrnpa2b1"", ""Dynll1"", ""Hnrnpu"", ""Ada"", ""Rangap1"", ""Baiap2"", ""Ckap5"")"
"317","REACTOME_GLOBAL_GENOME_NUCLEOTIDE_EXCISION_REPAIR_GG_NER","0.000656105211548495","0.00466844092832583","0.477270815362862","-0.621034457343366","-1.84569281983855","36","c(""Pcna"", ""Gtf2h4"", ""Pole4"", ""Sumo2"", ""Cops5"", ""Rfc1"", ""Rpa3"", ""Ruvbl1"", ""Pole3"", ""Cops3"", ""Ube2n"", ""Rfc3"", ""Rad23a"", ""Actl6a"", ""Rfc5"", ""Rpa1"", ""Pold2"", ""Rfc4"", ""Parp1"", ""Pold3"")"
"318","REACTOME_REGULATION_OF_TP53_ACTIVITY","0.000167095525741748","0.00150674974863038","0.518848077743792","-0.561622513874019","-1.84521752138434","57","c(""Rbbp4"", ""Rbbp7"", ""Ccna2"", ""Cdk1"", ""Mbd3"", ""Ak6"", ""Rpa3"", ""Pin1"", ""Aurkb"", ""Aurka"", ""Rmi2"", ""Cdk2"", ""Rfc3"", ""Supt16"", ""Meaf6"", ""Tpx2"", ""Rfc5"", ""Taf3"", ""Rpa1"", ""Akt1"", ""Rfc4"", ""Noc2l"", ""Blm"", ""Taf15"", ""Hdac1"", ""Ssrp1"", ""Topbp1"", ""Rhno1"", ""Bard1"", ""Rfc2"", ""Ing2"", ""Brca1"", ""Exo1"", ""Prmt5"", ""Chek2"", ""Smyd2"", ""Chek1"", ""Taf1"", ""Taf5"")"
"319","GOBP_REGULATION_OF_DNA_TEMPLATED_DNA_REPLICATION","0.000531570823005214","0.00391789703302557","0.477270815362862","-0.700840645748807","-1.84393002565891","21","c(""Pcna"", ""Dbf4"", ""Ssbp1"", ""Fbxo5"", ""Cdk2"", ""Npm1"", ""Tipin"", ""Rfc3"", ""Rfc5"", ""Cdc7"", ""Cdt1"", ""Rfc4"", ""Blm"", ""E2f8"", ""E2f7"", ""Timeless"", ""Rfc2"")"
"320","SANSOM_APC_TARGETS_REQUIRE_MYC","1.79416427699398e-05","0.000222236115087699","0.575610261071129","-0.501467119261607","-1.83851576512137","113","c(""Snrpf"", ""Mcm7"", ""Snrpg"", ""Rcc2"", ""Nop56"", ""Nasp"", ""Tmpo"", ""Knop1"", ""Fbl"", ""Phgdh"", ""Nme1"", ""Tubb2a"", ""Rpl31"", ""Mbd3"", ""Rnaseh2c"", ""Myef2"", ""Smarcc1"", ""Dtymk"", ""Gar1"", ""Srm"", ""Sox4"", ""Cct7"", ""Cdk4"", ""Rnf157"", ""Bub1b"", ""Rad23a"", ""Rps6ka6"", ""Mcm3"", ""Rrp9"", ""Shmt2"", ""Grwd1"", ""Gtse1"", ""Aaas"", ""Cinp"", ""Mybbp1a"", ""Ppan"", ""Ptov1"", ""Tk1"", ""Ska1"", ""Nolc1"", ""Lmnb2"", ""Gins2"", ""Emc8"", ""Pmf1"", ""Pdxk"", ""Timeless"", ""Exosc1"", ""Zmynd19"", ""Farsb"", ""Nelfa"", ""Siva1"", ""Rnaseh2a"", ""Cenpp"")"
"321","GOCC_SNO_S_RNA_CONTAINING_RIBONUCLEOPROTEIN_COMPLEX","0.000651000670414321","0.00464364284182355","0.477270815362862","-0.729786428586734","-1.83752139380852","18","c(""Nop10"", ""Nop58"", ""Nop56"", ""Fbl"", ""Dkc1"", ""Gar1"", ""Pop4"", ""Lsm6"", ""Rpp30"", ""Rrp9"", ""Nolc1"", ""Mphosph10"")"
"322","GOBP_MITOCHONDRIAL_GENE_EXPRESSION","0.000175076473017445","0.00155668770969775","0.518848077743792","-0.526009085994572","-1.83666586858285","78","c(""C1qbp"", ""Mrpl23"", ""Gars"", ""Mrps28"", ""Mrps5"", ""Mrpl49"", ""Mrps18c"", ""Mrpl18"", ""Mrps6"", ""Mrpl57"", ""Mrps14"", ""Mrpl51"", ""Chchd1"", ""Mrpl50"", ""Mrpl15"", ""Shmt2"", ""Mrpl3"", ""Mrpl12"", ""Hars"", ""Mrps25"", ""Mrpl13"", ""Tbrg4"", ""Mrps11"", ""Mrpl46"", ""Lrpprc"", ""Mrpl19"", ""Mrpl40"", ""Mrps12"", ""Mrps17"", ""Ppargc1b"", ""Mrps18b"", ""Mrpl47"", ""Mrpl38"", ""Mrps22"", ""Mrpl2"", ""Pnpt1"", ""Mrpl21"", ""Mrpl35"", ""Uqcc2"", ""Mrpl1"", ""Mrpl55"", ""Mrpl20"", ""Mrpl11"", ""Sars2"", ""Aars2"", ""Mrps7"", ""Mrpl54"")"
"323","GOBP_PROTEIN_ACETYLATION","0.000363707408357181","0.00288900552206154","0.49849310876659","-0.564137834582289","-1.83587817496897","52","c(""Dek"", ""Ddx21"", ""Naa15"", ""Mbd3"", ""Cep295"", ""Nfyb"", ""Smarca5"", ""Ruvbl1"", ""Ruvbl2"", ""Brd8"", ""Hat1"", ""Hdac2"", ""Sox4"", ""Esco2"", ""Morf4l2"", ""Naa10"", ""Msl3"", ""Meaf6"", ""Actl6a"", ""Smarca4"", ""Mybbp1a"", ""Nfya"", ""Noc2l"", ""Naa50"", ""Naa16"", ""Sgf29"")"
"324","JIANG_AGING_CEREBRAL_CORTEX_DN","0.000915067536934083","0.00612468931537871","0.477270815362862","-0.739928025757631","-1.8342288445726","16","c(""Calm2"", ""Ncl"", ""Tubb4b"", ""Arpp19"", ""Hsp90ab1"", ""Nme1"", ""Aco2"")"
"325","GOCC_CONDENSED_NUCLEAR_CHROMOSOME","0.000274130387880571","0.00228841015210345","0.49849310876659","-0.587334049891757","-1.83364206616199","44","c(""Smc2"", ""Smc4"", ""Nifk"", ""Ncapd2"", ""Rad21"", ""Smc3"", ""Ncaph"", ""Ncapg"", ""Psmc3ip"", ""Ncapd3"", ""Plk1"", ""Tubg1"", ""Incenp"", ""Rcc1"", ""Rad51"", ""Rpa1"", ""Blm"", ""Topbp1"", ""Nek2"", ""Xlr3b"", ""Lrpprc"", ""P3h4"", ""Ncapg2"", ""Brca1"", ""Syce2"", ""Smc1a"", ""Chek1"")"
"326","REACTOME_TELOMERE_C_STRAND_LAGGING_STRAND_SYNTHESIS","0.000875480557673236","0.00590691882147765","0.477270815362862","-0.669212215028352","-1.83270043240825","25","c(""Pcna"", ""Lig1"", ""Rfc1"", ""Rpa3"", ""Pola1"", ""Prim2"", ""Rfc3"", ""Fen1"", ""Rfc5"", ""Rpa1"", ""Pold2"", ""Rfc4"", ""Blm"", ""Pold3"", ""Ctc1"", ""Pola2"", ""Rfc2"", ""Prim1"")"
"327","GOMF_METHYLATION_DEPENDENT_PROTEIN_BINDING","0.00055900819220441","0.00409439589053932","0.477270815362862","-0.660216545643721","-1.83182557902795","26","c(""Cbx3"", ""Cbx1"", ""Rag2"", ""Cbx5"", ""Mtf2"", ""Ncapd3"", ""Uhrf1"", ""Wdr5"", ""Msh6"", ""Msl3"", ""Suz12"", ""Pwp1"", ""Sgf29"", ""Fmr1"", ""Ing2"", ""Ncapg2"")"
"328","REACTOME_FORMATION_OF_RNA_POL_II_ELONGATION_COMPLEX","0.000390433051281795","0.00305892561352608","0.49849310876659","-0.70945440374338","-1.83112513134429","20","c(""Gtf2h4"", ""Polr2l"", ""Polr2k"", ""Nelfe"", ""Polr2f"", ""Leo1"", ""Supt16"", ""Polr2c"", ""Gtf2f1"", ""Polr2e"", ""Polr2d"", ""Polr2i"", ""Ssrp1"", ""Gtf2f2"", ""Nelfa"", ""Polr2h"")"
"329","GOMF_NUCLEOSOME_BINDING","0.000740792529098001","0.00516214478053103","0.477270815362862","-0.726242718263636","-1.82859872372713","18","c(""H3f3b"", ""H3f3a"", ""Hmgn1"", ""Smarca5"", ""Supt16"", ""Rcc1"", ""Hmgn5"", ""Noc2l"", ""Eed"", ""Parp1"", ""Ssrp1"")"
"330","GOBP_PEPTIDYL_LYSINE_ACETYLATION","0.000489375903122984","0.0037057309371865","0.477270815362862","-0.621920398028427","-1.82809990385903","34","c(""Dek"", ""Ddx21"", ""Mbd3"", ""Nfyb"", ""Smarca5"", ""Ruvbl1"", ""Ruvbl2"", ""Brd8"", ""Hat1"", ""Hdac2"", ""Sox4"", ""Morf4l2"", ""Msl3"", ""Meaf6"", ""Actl6a"", ""Smarca4"", ""Mybbp1a"", ""Nfya"", ""Noc2l"")"
"331","CHIARADONNA_NEOPLASTIC_TRANSFORMATION_KRAS_UP","0.000123733499300479","0.0011690471474271","0.518848077743792","-0.515234868212662","-1.82499926289889","87","c(""Anp32e"", ""Hmgn2"", ""Set"", ""Top2a"", ""Pcna"", ""Smc2"", ""Rrm2"", ""Hnrnpd"", ""Slbp"", ""Uba2"", ""Ctsl"", ""Dnmt1"", ""Sms"", ""Ilf2"", ""Lsm8"", ""Ncaph"", ""Nap1l1"", ""Myef2"", ""Dhx9"", ""Rrm1"", ""Cks1b"", ""Erh"", ""Aurka"", ""Rangap1"", ""Pola1"", ""Haus3"", ""Sephs2"", ""Ppid"", ""Uhrf1"", ""Mrpl18"", ""Hmgb3"", ""Plk4"", ""Tcf12"", ""Rad51"", ""Rfc5"", ""Cdc7"", ""Ivns1abp"", ""E2f8"", ""Marcksl1"", ""Hprt"", ""Ssrp1"", ""Topbp1"", ""Gtf2a2"")"
"332","GOBP_DOUBLE_STRAND_BREAK_REPAIR","8.4492724222894e-06","0.000115098758531662","0.593325476396405","-0.497304909581621","-1.82492678308892","114","c(""Dntt"", ""Dek"", ""Mcm7"", ""Xrcc6"", ""Lig1"", ""Nucks1"", ""Rad21"", ""Mcm6"", ""Ddx1"", ""Rpa3"", ""Smarcc1"", ""Ruvbl1"", ""Ruvbl2"", ""Brd8"", ""Mcm5"", ""Rmi2"", ""Pola1"", ""Ube2n"", ""Mcm2"", ""Esco2"", ""Morf4l2"", ""Xrcc1"", ""Bcl7a"", ""Mcm4"", ""Prpf19"", ""Nsmce1"", ""Mcm3"", ""Tdp2"", ""Inip"", ""Psmd14"", ""Meaf6"", ""Actl6a"", ""Smarca4"", ""Trip13"", ""Rad51"", ""Sfpq"", ""Cdc7"", ""Swi5"", ""Rad51ap1"", ""Sfr1"", ""Nsmce2"", ""Rpa1"", ""Blm"", ""Brcc3"", ""Rpa2"", ""Parp1"", ""Tdp1"", ""Gins2"", ""Foxm1"", ""Cdc45"", ""Timeless"", ""Babam1"", ""Mms22l"", ""Fignl1"", ""Brca1"", ""Spidr"", 
""Recql"", ""Chek2"", ""Cdca5"", ""Aunip"", ""Lig4"", ""Smc5"", ""Smarcb1"", ""Chek1"")"
"333","GOBP_MRNA_CATABOLIC_PROCESS","0.000297956487206848","0.00244844340575687","0.49849310876659","-0.544399684053224","-1.82366311703354","64","c(""Ybx1"", ""Hnrnpab"", ""Rbm8a"", ""Eif4a3"", ""Lsm7"", ""Hnrnpu"", ""Hnrnpd"", ""Magoh"", ""Rnps1"", ""Ssb"", ""Syncrip"", ""Srsf1"", ""Lsm2"", ""Dhx9"", ""Lsm5"", ""Exosc2"", ""Pabpc1"", ""Gspt1"", ""Mrto4"", ""Hnrnpr"", ""Rbm24"", ""Npm1"", ""Exosc3"", ""Lsm6"", ""Apex1"", ""Ptbp1"", ""Tbrg4"", ""Khsrp"", ""Hnrnpc"", ""Caprin1"", ""Mettl16"")"
"334","PARP1_TARGET_GENES","0.000575516343487032","0.00417267538545908","0.477270815362862","-0.558271586181151","-1.82266820485887","55","c(""Ptma"", ""Set"", ""H3f3a"", ""Psmc3"", ""Dynll1"", ""Cux1"", ""Aco2"", ""Hspa8"", ""Ldlrad3"", ""Kif11"", ""Ccnf"", ""Cdk4"", ""Orc6"", ""Phf5a"", ""Atp5c1"", ""Nudt21"", ""Rsl1d1"")"
"335","GOCC_HISTONE_METHYLTRANSFERASE_COMPLEX","0.000983585021137751","0.00651369526122979","0.45505986738723","-0.665065764961759","-1.82134498990534","25","c(""Rbbp4"", ""Ezh2"", ""Rbbp7"", ""Cbx5"", ""Ruvbl1"", ""Ruvbl2"", ""Mtf2"", ""Hdac2"", ""Wdr5"", ""Suz12"", ""Hcfc1"", ""Dpy30"", ""Eed"", ""Las1l"", ""Trim37"", ""Prmt5"", ""Taf1"", ""Prpf31"")"
"336","GOBP_MEIOTIC_CHROMOSOME_SEGREGATION","0.000526327897317538","0.00389482644014978","0.477270815362862","-0.58884270858072","-1.82092061656404","43","c(""Top2a"", ""Smc2"", ""Smc4"", ""Ccne2"", ""Ncaph"", ""Fbxo5"", ""Aurka"", ""Psmc3ip"", ""Ncapd3"", ""Ndc80"", ""Plk1"", ""Ccnb2"", ""Trip13"", ""Nuf2"", ""Ndc1"", ""Ttk"", ""Cenpc1"", ""Cenpe"", ""Aspm"", ""Espl1"", ""Syce2"", ""Dcaf13"")"
"337","GOBP_NUCLEOTIDE_EXCISION_REPAIR","0.000789136662070284","0.005419998511345","0.477270815362862","-0.67252856464163","-1.81761979891003","24","c(""Hmgb1"", ""Gtf2h4"", ""Hmgn1"", ""Rpa3"", ""Smarcc1"", ""Bcl7a"", ""Rad23a"", ""Actl6a"", ""Smarca4"", ""Rpa1"", ""Rpa2"", ""Pold3"", ""Polr2i"")"
"338","GOMF_TRANSLATION_INITIATION_FACTOR_ACTIVITY","0.000789136662070284","0.005419998511345","0.477270815362862","-0.67239364760588","-1.81725516328222","24","c(""Eif4a1"", ""Eif2s2"", ""Eif5b"", ""Eif1ax"", ""Eif4e"", ""Eif3g"", ""Eif2s1"", ""Eif3c"", ""Eif4h"", ""Denr"", ""Eif3b"", ""Eif6"", ""Eif3l"", ""Eif1ad"")"
"339","GOBP_MICROTUBULE_ORGANIZING_CENTER_ORGANIZATION","0.000139343099314656","0.00129519072053412","0.518848077743792","-0.530966524972168","-1.8161514496255","70","c(""Ranbp1"", ""Tuba1a"", ""Cep295"", ""Slc16a1"", ""Ppp1r35"", ""Aurka"", ""Kif11"", ""Cdk2"", ""Haus3"", ""Ckap5"", ""Haus4"", ""Ccnf"", ""Ndc80"", ""Npm1"", ""Plk1"", ""Plk4"", ""Nup62"", ""Nde1"", ""Azin1"", ""Haus5"", ""Pcm1"", ""Nek2"", ""Odf2"", ""Nubp1"", ""Sass6"", ""Mdm1"", ""Uxt"", ""Trim37"", ""Brca1"", ""Rbm14"", ""Chek1"", ""Haus6"", ""Haus7"", ""Cep250"", ""Haus8"", ""Rock2"", ""Stil"", ""Spice1"", ""Sac3d1"", ""Cep76"", ""Kifc1"", ""Cep72"", ""Ssx2ip"", ""Xpo1"", ""Alms1"", ""Haus1"", ""Cep192"", ""Cep152"", ""Ccdc61"", ""Cntrob"", ""Cep135"", ""Brca2"")"
"340","REACTOME_ORC1_REMOVAL_FROM_CHROMATIN","0.000357790518092856","0.00284594815709088","0.49849310876659","-0.568283412029082","-1.81516702451172","49","c(""Mcm7"", ""Psma6"", ""Psmc3"", ""Ccna2"", ""Psmc4"", ""Psmc6"", ""Mcm6"", ""Psmd3"", ""Mcm5"", ""Cdk2"", ""Psma7"", ""Psmb6"", ""Mcm2"", ""Orc6"", ""Mcm4"", ""Mcm3"", ""Psmd14"", ""Psmc2"", ""Psmd13"", ""Cdt1"", ""Psmb3"", ""Psmc5"", ""Psmd2"", ""Psmc1"", ""Psmd12"", ""Psmb7"", ""Psmd6"", ""Psma2"")"
"341","GOBP_NADH_DEHYDROGENASE_COMPLEX_ASSEMBLY","0.000852996747818055","0.00578243067226542","0.477270815362862","-0.670361886380302","-1.8117639921641","24","c(""Ndufa5"", ""Ndufc1"", ""Ndufs6"", ""Ndufb4"", ""Ndufa12"", ""Ndufab1"", ""Ndufb7"", ""Ndufb2"", ""Ndufb6"")"
"342","GOMF_LIGASE_ACTIVITY","0.00038793657564749","0.00304761419485093","0.49849310876659","-0.5398569858877","-1.81170937507248","63","c(""Atp5k"", ""Atp5b"", ""Atp5j2"", ""Atp5e"", ""Lig1"", ""Atp5j"", ""Atp5h"", ""Uba2"", ""Nars"", ""Atp5o"", ""Sae1"", ""Gars"", ""Gart"", ""Atp5l"", ""Atp5a1"", ""Ctps"", ""Atp5c1"", ""Aars"", ""Paics"", ""Rars"", ""Hars"", ""Dph6"", ""Acsl3"")"
"343","REACTOME_INTERCONVERSION_OF_NUCLEOTIDE_DI_AND_TRIPHOSPHATES","0.000947491189817574","0.00631110566039929","0.477270815362862","-0.719526541339112","-1.81168813413544","18","c(""Txn1"", ""Dut"", ""Rrm2"", ""Nme1"", ""Ak6"", ""Dtymk"", ""Rrm1"", ""Tyms"", ""Ctps"", ""Nme2"")"
"344","GOBP_PROTEIN_METHYLATION","0.00124859991872847","0.00801421933193893","0.45505986738723","-0.615760281130099","-1.81144353166337","33","c(""Snrpd3"", ""Prmt1"", ""Ezh2"", ""Snrpb"", ""Smarca5"", ""Suv39h1"", ""Nelfe"", ""Gspt1"", ""Wdr5"", ""Suz12"", ""Fam98b"", ""Hcfc1"", ""Eed"", ""Trmt112"", ""Nelfa"", ""Pcmt1"", ""Ilf3"", ""Prmt5"", ""Smyd2"", ""Etf1"")"
"345","REACTOME_MITOCHONDRIAL_TRANSLATION","0.00028626702550025","0.00237245865786696","0.49849310876659","-0.545103004231573","-1.80989087238609","59","c(""Mrpl23"", ""Mrps36"", ""Mrps28"", ""Mrps5"", ""Mrpl49"", ""Mrps18c"", ""Mrpl18"", ""Mrps6"", ""Mrpl57"", ""Mrps14"", ""Mrpl51"", ""Chchd1"", ""Mrpl50"", ""Mrpl15"", ""Mrpl3"", ""Mrpl12"", ""Mrps25"", ""Mrpl13"", ""Mrps11"", ""Mrpl46"", ""Mrpl19"", ""Mrpl40"", ""Mrps12"", ""Mrps17"", ""Mrps18b"", ""Mrpl47"", ""Mrpl38"", ""Mrps22"", ""Mrpl2"", ""Mrpl21"", ""Mrpl35"", ""Mrpl1"", ""Mrpl55"", ""Mrpl20"")"
"346","GOCC_NUCLEAR_REPLICATION_FORK","0.00074683144193798","0.00519161008425978","0.477270815362862","-0.651420895374612","-1.80742131764818","26","c(""Pcna"", ""Smarca5"", ""Rpa3"", ""Pola1"", ""Prim2"", ""Tipin"", ""Prpf19"", ""Rpa1"", ""Pold2"", ""Bcas2"", ""Rpa2"", ""Parp1"", ""Pold3"", ""Timeless"", ""Pola2"", ""Mms22l"", ""Prim1"", ""Baz1b"", ""Pold1"", ""Wdhd1"")"
"347","GOCC_OUTER_KINETOCHORE","0.00107052410801379","0.00699254642307414","0.45505986738723","-0.708610115765603","-1.8072847372863","19","c(""Spc25"", ""Spc24"", ""Ccnb1"", ""Ska2"", ""Ndc80"", ""Plk1"", ""Bub1b"", ""Spdl1"", ""Cenpf"", ""Nuf2"", ""Bub1"", ""Ska1"", ""Pmf1"", ""Ska3"", ""Cenpe"")"
"348","GOBP_EPIGENETIC_REGULATION_OF_GENE_EXPRESSION","0.000111256481776984","0.0010723628957832","0.538434096309916","-0.516333947460195","-1.80711549710214","79","c(""Hmgb1"", ""Cbx3"", ""H3f3b"", ""H3f3a"", ""Lmnb1"", ""Ezh2"", ""Hnrnpu"", ""Trim28"", ""Samd1"", ""Dnmt1"", ""Mbd3"", ""Phb"", ""Bcl6"", ""Smarca5"", ""Suv39h1"", ""Pole3"", ""Mtf2"", ""Hat1"", ""Cdk2"", ""Hdac2"", ""Ctcf"", ""Uhrf1"", ""Cdkn1c"", ""Wdr5"", ""Hells"", ""Msl3"", ""Suz12"", ""Smarca4"", ""Tdg"", ""Hcfc1"", ""Dpy30"", ""Noc2l"", ""Eed"", ""Hdac1"", ""Lmnb2"", ""Morc1"", ""Rbm15"")"
"349","GOCC_PROTEASOME_ACCESSORY_COMPLEX","0.00146433742031577","0.00911832259013129","0.45505986738723","-0.746460831694682","-1.80389142305808","15","c(""Psmc3"", ""Psmc4"", ""Psmc6"", ""Psmd3"", ""Psmd14"", ""Psmc2"", ""Psmd13"", ""Psmc5"", ""Psmd2"", ""Psmc1"", ""Psmd12"", ""Psmd6"")"
"350","LRRFIP1_TARGET_GENES","2.4853877101946e-10","9.76280720408633e-09","0.814035837847908","-0.420174302177274","-1.8021283331487","474","c(""Hmgb1"", ""Tubb5"", ""Cbx3"", ""Satb1"", ""St13"", ""Cox7c"", ""H3f3b"", ""Mier1"", ""Rbbp4"", ""Uqcr11"", ""Alyref"", ""Serbp1"", ""Rbm8a"", ""Eif2s2"", ""Rpl38"", ""Cox7a2"", ""Hnrnpa2b1"", ""Snrpd3"", ""Hmgn1"", ""Banf1"", ""Eif4a3"", ""Snrpd2"", ""Pdap1"", ""Psma6"", ""Hsp90ab1"", ""Nop58"", ""Hnrnpa1"", ""Lsm7"", ""Rpl35"", ""Rpl6"", ""U2af2"", ""Pcbp1"", ""Hnrnpu"", ""Nudc"", ""Slbp"", ""Knop1"", ""Cox5b"", ""Uba2"", ""C1qbp"", ""Snrpb"", ""Ndufa12"", ""Nifk"", ""Clns1a"", ""Sdhb"", ""Raly"", ""Nme1"", ""Aco2"", ""Psmc4"", ""Ncapd2"", ""Snrpe"", ""Cbx5"", ""Ddx1"", ""Ssbp1"", ""Srsf1"", ""Hspa9"", 
""Ak6"", ""Pin1"", ""Atp5o"", ""Sae1"", ""E2f4"", ""Nelfe"", ""Nsmce4a"", ""Lyar"", ""Gar1"", ""Exosc2"", ""Rsl24d1"", ""Ldlrad3"", ""Eif2s1"", ""Cops3"", ""Cdc34"", ""Psmd3"", ""Mrps28"", ""Ppm1g"", ""Rps19bp1"", ""Cacybp"", ""Psmc3ip"", ""Atad2"", ""Gart"", ""Ddx19a"", ""Pola1"", ""Kcnh3"", ""Srrm1"", ""Ssna1"", ""Eif3c"", ""Ppid"", ""Lin9"", ""Ndc80"", ""Ebna1bp2"", ""Atp5a1"", ""Pop4"", ""Phf5a"", ""Kif22"", ""Prim2"", ""Atpif1"", ""Exosc3"", ""Tcf19"", ""Leo1"", ""Wdr18"", ""Cep57"", ""Slirp"", ""Smu1"", ""Rfc3"", ""Msh6"", ""Dynll2"", ""Dnajc9"", ""Rsl1d1"", ""Snrpc"", ""Srsf9"", ""Nsmce1"", ""Nup107"", 
""Nt5c2"", ""Rad23a"", ""Ckap2l"", ""Eftud2"", ""Mrpl51"", ""Rrp15"", ""Sf3a2"", ""E2f2"", ""Trip13"", ""Rcc1"", ""Mrpl3"", ""Rars"", ""Sap18"", ""G2e3"", ""Bysl"", ""Mrpl12"", ""Ddx56"", ""Psmd13"", ""Hjurp"", ""Nrm"", ""Nuf2"", ""Snrnp40"", ""Aaas"", ""Rnaseh2b"", ""Psmc5"", ""Cox5a"", ""Psmd2"", ""Haus5"", ""Tomm6"", ""Rps26"", ""Ccar1"", ""Eif6"", ""Nsmce2"", ""Mtx2"", ""Pcnp"", ""Rfc4"", ""Cdkn2c"", ""Ppan"", ""Noc2l"", ""Ftsj3"", ""Rbmx2"", ""Cnih4"", ""Anks1"", ""Nop2"", ""Eif1ad"", ""Psma2"", ""Mastl"", ""Txnl4a"", ""Sf3b6"", ""Cep83"", ""Anapc15"", ""Naa50"", ""Tma16"", ""Ddx27"")"
"351","GOMF_HELICASE_ACTIVITY","0.000412065834074626","0.0032021647133035","0.49849310876659","-0.537473960982275","-1.80046290936766","64","c(""Mcm7"", ""Eif4a1"", ""Xrcc6"", ""Ddx21"", ""Ddx18"", ""Eif4a3"", ""Ddx39b"", ""Mcm6"", ""Ddx1"", ""Smarca5"", ""Dhx9"", ""Ruvbl1"", ""Ruvbl2"", ""G3bp1"", ""Mcm5"", ""Ddx19a"", ""Mcm2"", ""Ddx10"", ""Mcm4"", ""Rfc3"", ""Hells"", ""Mcm3"", ""Smarca4"", ""Rad51"", ""Rfc5"", ""Ddx56"", ""Rfc4"", ""Blm"")"
"352","SAP30_TARGET_GENES","7.35720167875775e-05","0.00074678852438364","0.538434096309916","-0.502494128873246","-1.79925591262784","93","c(""Mcm7"", ""Hmgn2"", ""Ranbp1"", ""Uqcrq"", ""Smc4"", ""Nudc"", ""Ccna2"", ""Birc5"", ""Tacc3"", ""Pbk"", ""Syncrip"", ""Hspa9"", ""Gar1"", ""Aurka"", ""Atad2"", ""Ccnf"", ""Ndc80"", ""Ccnb2"", ""Pgk1"", ""Cdkn2aipnl"", ""Mis18bp1"", ""Cenpf"", ""Rrp15"", ""Rbm17"", ""Meaf6"", ""Trip13"", ""Rcc1"", ""Tpx2"", ""Rfc5"", ""Nuf2"", ""Rnaseh2b"", ""Ect2"", ""Bub1"", ""Kif2c"", ""Noc4l"", ""Kif15"", ""Clpp"", ""Sass6"", ""Dgcr8"", ""Cmss1"", ""Cdc25a"", ""Mms22l"", ""Naa40"", ""Sdad1"")"
"353","GOCC_HISTONE_ACETYLTRANSFERASE_COMPLEX","0.00228505397528765","0.0130395866151987","0.431707695803346","-0.674655057263992","-1.79904778104578","22","c(""Eny2"", ""Pole4"", ""Ruvbl1"", ""Ruvbl2"", ""Pole3"", ""Brd8"", ""Morf4l2"", ""Wdr5"", ""Msl3"", ""Meaf6"", ""Actl6a"", ""Sf3b5"", ""Hcfc1"", ""Sgf29"", ""Sf3b3"")"
"354","REACTOME_REGULATION_OF_APC_C_ACTIVATORS_BETWEEN_G1_S_AND_EARLY_ANAPHASE","0.00112767231909727","0.00731583795251455","0.45505986738723","-0.668646701492527","-1.79826132876412","23","c(""Ube2s"", ""Anapc5"", ""Bub3"", ""Ccna2"", ""Cdk1"", ""Ube2c"", ""Fbxo5"", ""Ccnb1"", ""Cdk2"", ""Mad2l1"", ""Plk1"", ""Cdc20"", ""Bub1b"", ""Cdc16"")"
"355","REACTOME_APC_C_CDH1_MEDIATED_DEGRADATION_OF_CDC20_AND_OTHER_APC_C_CDH1_TARGETED_PROTEINS_IN_LATE_MITOSIS_EARLY_G1","0.000889185873910668","0.00597828955085309","0.477270815362862","-0.564796280013289","-1.79718840823702","48","c(""Ube2s"", ""Psma6"", ""Psmc3"", ""Anapc5"", ""Psmc4"", ""Psmc6"", ""Ube2c"", ""Aurkb"", ""Aurka"", ""Psmd3"", ""Psma7"", ""Psmb6"", ""Plk1"", ""Cdc20"", ""Psmd14"", ""Cdc16"", ""Psmc2"", ""Psmd13"", ""Psmb3"", ""Psmc5"", ""Psmd2"", ""Psmc1"", ""Psmd12"", ""Psmb7"", ""Psmd6"", ""Psma2"", ""Anapc15"", ""Psmb2"", ""Fzr1"", ""Psmd1"")"
"356","BURTON_ADIPOGENESIS_PEAK_AT_16HR","0.00056689210044483","0.00413629287029402","0.477270815362862","-0.599368455199424","-1.79688634859167","37","c(""Cdca7"", ""Mcm7"", ""Ddx21"", ""Dut"", ""Smc2"", ""Rrm2"", ""Dnmt1"", ""Mcm6"", ""Asf1b"", ""Hat1"", ""Mcm5"", ""Mrpl18"", ""Mcm4"", ""Msh6"", ""Hells"", ""Abcf2"", ""Mcm3"", ""Grwd1"", ""Fen1"", ""Rad51"")"
"357","TABULA_MURIS_SENIS_SPLEEN_GRANULOCYTE_AGEING","5.45802418310551e-05","0.000580737823564195","0.557332238758646","-0.490804132194122","-1.79655303820394","110","c(""Tubb5"", ""Atp5k"", ""Atp5b"", ""Hnrnpa3"", ""Hmgn2"", ""Serbp1"", ""Top2a"", ""Tomm7"", ""Hnrnpab"", ""Atp5e"", ""Ap3s1"", ""Rpl38"", ""Hnrnpa2b1"", ""Rps28"", ""Ywhae"", ""Rdx"", ""Psma6"", ""Dbi"", ""Psmc3"", ""Ndufc1"", ""Rrm2"", ""Nucks1"", ""Tmpo"", ""Atp5j"", ""Cox6a1"", ""Rpl36"", ""Cdk1"", ""Birc5"", ""Mki67"", ""Ndufb7"", ""Rnaseh2c"", ""Ndufb2"", ""Lsm5"", ""Cd24a"", ""Cyc1"", ""Lta4h"", ""Atp5a1"", ""Atpif1"")"
"358","GOMF_CATALYTIC_ACTIVITY_ACTING_ON_A_NUCLEIC_ACID","4.84970241839516e-07","9.49250626945264e-06","0.659444398037935","-0.450261304826145","-1.79619821483546","224","c(""Rag1"", ""Dntt"", ""Rbbp4"", ""Mcm7"", ""Eif4a1"", ""Top2a"", ""Pcna"", ""Xrcc6"", ""Ddx21"", ""Ddx18"", ""Eif4a3"", ""Endou"", ""Lig1"", ""Polr2l"", ""Ddx39b"", ""Polr2k"", ""Fbl"", ""Nme1"", ""Dnmt1"", ""Ptges3"", ""Nars"", ""Smc3"", ""Polr2j"", ""Mcm6"", ""Ddx1"", ""Eri1"", ""Smarca5"", ""Rfc1"", ""Dhx9"", ""Ruvbl1"", ""Ruvbl2"", ""Dkc1"", ""G3bp1"", ""Polr2f"", ""Gm960"", ""Gars"", ""Mcm5"", ""Ddx19a"", ""Pola1"", ""Mcm2"", ""Pop4"", ""Ddx10"", ""Xrcc1"", ""Mcm4"", ""Apex1"", ""Rpp30"", ""Rfc3"", ""Msh6"", ""Hells"", ""Aars"", ""Trmt10a"", ""Mcm3"", ""Tdp2"", ""Fen1"", ""Smarca4"", ""Rad51"", ""Rfc5"", 
""Polr3k"", ""Rars"", ""Nsun2"", ""Tdg"", ""Polr2c"", ""Ddx56"", ""Hars"", ""Neil3"", ""Ptbp1"", ""Nudt4"", ""Rfc4"", ""Polr2e"", ""Mettl16"", ""Blm"", ""Ftsj3"", ""Atad5"", ""Tdp1"", ""Nop2"", ""Pold3"", ""Polr2i"", ""Aen"", ""Ddx27"", ""Nudt5"", ""Ptrh1"", ""Osgep"", ""Ercc6l"", ""Ddx11"", ""Farsb"", ""Pola2"", ""Rtca"", ""Tgs1"", ""Rfc2"", ""Rnaseh2a"", ""Iars"", ""Polr2h"", ""Tars"", ""Prim1"", ""Exo1"", ""Recql"", ""Dus1l"", ""Lig4"", ""Eri3"", ""Dus4l"", ""Dqx1"", ""Dars"", ""Pnpt1"", ""Pif1"", ""Pold1"", ""Etf1"", ""Mettl6"", ""Ddx3x"", ""Drosha"", ""Thumpd3"", ""Fancm"", ""Rnase2a"", ""Terf1"", ""Rad54l"", 
""Brip1"", ""Ankle1"", ""Pop1"", ""Rev1"", ""Rbbp8"", ""Nav2"", ""Dimt1"", ""Dbr1"", ""Mcm8"", ""Rad54b"", ""Sars2"", ""Dis3"", ""Dscc1"", ""Rcl1"", ""Snrnp200"")"
"359","GOBP_PROTEIN_LOCALIZATION_TO_CHROMOSOME","0.000614047185167181","0.00441852020945268","0.477270815362862","-0.551134771023759","-1.79356220335449","52","c(""Rcc2"", ""Ezh2"", ""Cct8"", ""Gnl3"", ""Cct3"", ""Bub3"", ""Cdk1"", ""Rad21"", ""Tcp1"", ""Ruvbl2"", ""Dkc1"", ""Aurkb"", ""Ctcf"", ""Cct7"", ""Plk1"", ""Esco2"", ""Bub1b"", ""Spdl1"", ""Tinf2"", ""Ttk"", ""Rpa1"", ""Rpa2"", ""Parp1"", ""Lef1"", ""Mms22l"", ""Cct5"", ""Cenpa"", ""Cct2"", ""Spidr"", ""Zwilch"", ""Smc5"", ""Pinx1"")"
"360","REACTOME_POSITIVE_EPIGENETIC_REGULATION_OF_RRNA_EXPRESSION","0.00170081144134853","0.0102985567232596","0.45505986738723","-0.74184503572115","-1.79273692651426","15","c(""Dek"", ""Ddx21"", ""Taf1d"", ""Polr2l"", ""Polr2k"", ""Smarca5"", ""Polr2f"")"
"361","REACTOME_SIGNALING_BY_NUCLEAR_RECEPTORS","0.000537873857643266","0.00395437295984336","0.477270815362862","-0.53415790471949","-1.79258379357284","63","c(""Calm2"", ""H3f3b"", ""Hsp90aa1"", ""H3f3a"", ""Hsp90ab1"", ""Fkbp4"", ""Prmt1"", ""Polr2l"", ""Polr2k"", ""Dhrs3"", ""Ptges3"", ""Polr2f"", ""Ppid"", ""Calm3"", ""Ppp5c"", ""Gng13"", ""Polr2c"", ""Gtf2f1"", ""Akt1"", ""Polr2e"", ""Polr2d"", ""Polr2i"", ""Gtf2a2"", ""Zdhhc21"", ""Gtf2f2"", ""Dld"", ""Mapk1"", ""Cav2"", ""Polr2h"")"
"362","GOBP_NUCLEAR_TRANSPORT","1.55222149915141e-05","0.000196511927100074","0.575610261071129","-0.477600048965978","-1.79239703265906","141","c(""Srsf3"", ""Alyref"", ""Ranbp1"", ""Hsp90aa1"", ""Rbm8a"", ""Anp32b"", ""Hnrnpa2b1"", ""Ran"", ""Txn1"", ""Eif4a3"", ""Ywhae"", ""Hsp90ab1"", ""Ddx39b"", ""Trim28"", ""Eny2"", ""Camk4"", ""Desi1"", ""Magoh"", ""Eif4e"", ""Jup"", ""Cdk1"", ""Kpna2"", ""Ssb"", ""Hspa9"", ""Dhx9"", ""Thoc7"", ""Nutf2"", ""Rangap1"", ""Ddx19a"", ""Npm1"", ""Nup85"", ""Cse1l"", ""Ctdspl2"", ""Nup107"", ""Nup62"", ""Akirin2"", ""Kpnb1"", ""Nsun2"", ""Thoc6"", ""Ndc1"", ""Aaas"", ""Ect2"", ""Eif6"", ""Thoc3"", ""Akt1"", ""Kpna3"", ""Nxt1"", ""Abce1"", ""Akap1"", ""Nolc1"", ""Nup37"", ""Ltv1"", ""Ipo5"", ""Chp2"", ""Seh1l"", 
""Bard1"", ""Nup188"", ""Rapgef3"", ""Pola2"", ""Mapk1"", ""Sdad1"", ""Fmr1"", ""Gm10184"", ""Nup43"", ""Nop9"", ""Phb2"", ""Brca1"", ""Sec13"", ""Ipo9"", ""Pom121"")"
"363","REACTOME_FORMATION_OF_THE_EARLY_ELONGATION_COMPLEX","0.00215445042690228","0.0124004388828854","0.431707695803346","-0.722475353406006","-1.79096491358493","16","c(""Gtf2h4"", ""Polr2l"", ""Polr2k"", ""Nelfe"", ""Polr2f"", ""Polr2c"", ""Gtf2f1"", ""Polr2e"", ""Polr2d"", ""Polr2i"", ""Gtf2f2"", ""Nelfa"", ""Polr2h"")"
"364","GOCC_ORGANELLAR_RIBOSOME","0.000419279208785917","0.00324941386809086","0.49849310876659","-0.544931021075477","-1.79037742112291","57","c(""Mrpl23"", ""Mrps28"", ""Mrps5"", ""Mrpl49"", ""Mrps18c"", ""Mrpl18"", ""Mrps6"", ""Mrpl57"", ""Mrps14"", ""Mrpl51"", ""Chchd1"", ""Mrpl50"", ""Mrpl15"", ""Mrpl3"", ""Mrpl12"", ""Mrps25"", ""Mrpl13"", ""Mrps11"", ""Mrpl46"", ""Mrpl19"", ""Mrpl40"", ""Mrps12"", ""Mrps17"", ""Mrps18b"", ""Mrpl47"", ""Mrpl38"", ""Mrps22"", ""Mrpl2"", ""Mrpl21"", ""Mrpl35"", ""Mrpl1"", ""Mrpl55"", ""Mrpl20"")"
"365","GOCC_TRANSFERASE_COMPLEX_TRANSFERRING_PHOSPHORUS_CONTAINING_GROUPS","8.4015526504895e-05","0.000842358469415337","0.538434096309916","-0.499554733363027","-1.78672065211686","92","c(""Pcna"", ""Xrcc6"", ""Gtf2h4"", ""Polr2l"", ""Cks2"", ""Polr2k"", ""Eny2"", ""Pole4"", ""Prps2"", ""Ccna2"", ""Cdk1"", ""Dbf4"", ""Ccne2"", ""Polr2j"", ""Cks1b"", ""Ccnb1"", ""Pole3"", ""Polr2f"", ""Pola1"", ""Cdk2"", ""Ccnf"", ""Cdk4"", ""Pfkp"", ""Prim2"", ""Ccnb2"", ""Leo1"", ""Irs1"", ""Polr3k"", ""Polr2c"", ""Gtf2f1"", ""Taf3"", ""Psmc5"", ""Pold2"", ""Polr2e"", ""Cdkn2d"", ""Pold3"", ""Polr2d"", ""Polr2i"", ""Gtf2a2"", ""Gtf2f2"", ""Polr3d"", ""Pola2"", ""Las1l"", ""Polr2h"", ""Myzap"", ""Prim1"")"
"366","REACTOME_DEPOSITION_OF_NEW_CENPA_CONTAINING_NUCLEOSOMES_AT_THE_CENTROMERE","0.00125602258274094","0.00804836816985398","0.45505986738723","-0.664068836662846","-1.78594959930647","23","c(""Rbbp4"", ""Rbbp7"", ""Smarca5"", ""Ruvbl1"", ""Cenpl"", ""Npm1"", ""Cenpw"", ""Mis18bp1"", ""Hjurp"", ""Cenpk"", ""Cenph"", ""Cenpc1"", ""Cenpo"", ""Cenpp"", ""Cenpa"", ""Mis18a"", ""Oip5"", ""Cenpn"")"
"367","REACTOME_HEDGEHOG_OFF_STATE","0.00075597602579146","0.00524246977982349","0.477270815362862","-0.550591252129018","-1.78585580850414","53","c(""Tuba1b"", ""Tubb4b"", ""Tuba1a"", ""Psma6"", ""Psmc3"", ""Tubb2a"", ""Psmc4"", ""Psmc6"", ""Psmd3"", ""Psma7"", ""Psmb6"", ""Tuba1c"", ""Psmd14"", ""Psmc2"", ""Psmd13"", ""Psmb3"", ""Psmc5"", ""Psmd2"", ""Psmc1"", ""Psmd12"", ""Psmb7"", ""Psmd6"", ""Psma2"")"
"368","GOBP_DNA_DUPLEX_UNWINDING","0.00183554847413818","0.010942692826593","0.45505986738723","-0.624303164249793","-1.78419229559726","29","c(""Mcm7"", ""Top2a"", ""Mcm6"", ""Ddx1"", ""Ssbp1"", ""Dhx9"", ""Mcm5"", ""Mcm2"", ""Mcm4"", ""Mcm3"", ""Rad51"", ""Gins1"", ""Blm"", ""Gins2"", ""Cdc45"", ""Ddx11"")"
"369","GOBP_DNA_DAMAGE_RESPONSE","6.69061129160445e-09","2.00893485640584e-07","0.761460801445585","-0.428104695421024","-1.7829809363421","336","c(""Hmgb1"", ""Cbx3"", ""Dntt"", ""Dek"", ""Cbx1"", ""Mcm7"", ""Mif"", ""Top2a"", ""Pcna"", ""Xrcc6"", ""Gtf2h4"", ""Hmgn1"", ""Smc2"", ""Lig1"", ""Ddx39b"", ""Rps27l"", ""Plk5"", ""Smc4"", ""Nucks1"", ""Trim28"", ""Eny2"", ""Cdk1"", ""Rad21"", ""Smc3"", ""Cbx5"", ""Mcm6"", ""Rnaseh2c"", ""Ddx1"", ""Bcl6"", ""Asf1a"", ""Smarca5"", ""Suv39h1"", ""Rfc1"", ""Rpa3"", ""Smarcc1"", ""Fbxo5"", ""Dhx9"", ""Ruvbl1"", ""Rrm1"", ""Ruvbl2"", ""Pole3"", ""Brd8"", ""Uchl5"", ""Nsmce4a"", ""Cops3"", ""Usp1"", ""Mcm5"", ""Rmi2"", ""Pola1"", ""Cdk2"", ""Ube2n"", ""Sox4"", ""Wdr76"", ""Mcm2"", ""Rbm24"", ""Npm1"", ""Plk1"", ""Uhrf1"", 
""Esco2"", ""Morf4l2"", ""Kif22"", ""Xrcc1"", ""Bcl7a"", ""Mcm4"", ""Ube2t"", ""Apex1"", ""Tipin"", ""Rfc3"", ""Msh6"", ""Prpf19"", ""Nsmce1"", ""Rad23a"", ""Pak1"", ""Supt16"", ""Rps6ka6"", ""Dcun1d5"", ""Pds5b"", ""Mcm3"", ""Tdp2"", ""Inip"", ""Egln3"", ""Psmd14"", ""Fen1"", ""Meaf6"", ""Actl6a"", ""Smarca4"", ""Trip13"", ""Sf3b5"", ""Ube2a"", ""Rad51"", ""Rfc5"", ""Sfpq"", ""Cdc7"", ""Tdg"", ""Swi5"", ""Neil3"", ""Rad51ap1"", ""Rnaseh2b"", ""Sfr1"", ""Nsmce2"", ""Cinp"", ""Rpa1"", ""Pold2"", ""Akt1"", ""Rfc4"", ""Blm"", ""Atad5"", ""Stub1"", ""Cdkn2d"", ""Brcc3"", ""Rpa2"", ""Parp1"", ""Tdp1"", ""Pold3"", 
""Polr2i"", ""Ssrp1"", ""Aen"", ""Topbp1"", ""Ctc1"", ""Gins2"", ""Foxm1"", ""Rhno1"", ""E2f7"", ""Cdc45"", ""Eef1e1"", ""Sgf29"", ""Timeless"", ""Pidd1"", ""Babam1"", ""Clspn"", ""Fzr1"", ""Bard1"", ""Ddx11"", ""Sf3b3"", ""Mapk1"", ""Mms22l"", ""Rfc2"", ""Cdkn3"", ""Fmr1"", ""Rnaseh2a"", ""Fignl1"", ""Brca1"", ""Baz1b"", ""Exo1"", ""Usp10"", ""Spidr"", ""Recql"", ""Rad23b"", ""Pds5a"", ""Chek2"", ""Cdca5"", ""Mtch2"", ""Aunip"", ""Lig4"", ""Smyd2"", ""Smc5"", ""Smc1a"", ""Smarcb1"", ""Chek1"", ""Dtl"", ""Donson"", ""Pms1"", ""Pif1"")"
"370","REACTOME_SIGNALING_BY_HEDGEHOG","0.000848349533657278","0.00575773322547277","0.477270815362862","-0.546006338585336","-1.78262411633461","55","c(""Tuba1b"", ""Tubb4b"", ""Tuba1a"", ""Psma6"", ""Psmc3"", ""Tubb2a"", ""Psmc4"", ""Psmc6"", ""Psmd3"", ""Psma7"", ""Psmb6"", ""Tuba1c"", ""Psmd14"", ""Psmc2"", ""Psmd13"", ""Psmb3"", ""Psmc5"", ""Psmd2"", ""Psmc1"", ""Psmd12"", ""Psmb7"", ""Psmd6"", ""Psma2"")"
"371","REACTOME_RNA_POLYMERASE_II_PROMOTER_ESCAPE","0.00308937805017344","0.0164968185453861","0.431707695803346","-0.668283379573552","-1.78205694626717","22","c(""Gtf2h4"", ""Polr2l"", ""Polr2k"", ""Ak6"", ""Polr2f"", ""Polr2c"", ""Gtf2f1"", ""Taf3"", ""Polr2e"", ""Taf15"", ""Polr2d"", ""Polr2i"", ""Gtf2a2"", ""Gtf2f2"", ""Polr2h"", ""Taf1"", ""Taf5"")"
"372","TABULA_MURIS_SENIS_LUNG_CLASSICAL_MONOCYTE_AGEING","3.38587468089422e-07","6.93499689104584e-06","0.674962860011025","-0.436321469734081","-1.78115971430685","270","c(""Ptma"", ""Hmgb1"", ""Tubb5"", ""Tuba1b"", ""Calm2"", ""Srsf3"", ""Atp5b"", ""Dek"", ""Anp32e"", ""Ncl"", ""Tubb4b"", ""Uqcr11"", ""Atp5j2"", ""Arpp19"", ""Mif"", ""Hmgn2"", ""Serbp1"", ""Gapdh"", ""Ndufa5"", ""Ppia"", ""Hsp90aa1"", ""Ube2s"", ""Hnrnpab"", ""Snrpg"", ""Eif5a"", ""Hmgb2"", ""Eif2s2"", ""Anp32b"", ""Uqcr10"", ""Cox7a2"", ""Hnrnpa2b1"", ""Uqcrq"", ""Ran"", ""Snrpd3"", ""Txn1"", ""Banf1"", ""Snrpd2"", ""Pdap1"", ""Metap2"", ""Psma6"", ""Dbi"", ""Hsp90ab1"", ""Snrpd1"", ""Atp5g3"", ""Rpl41"", ""Psmc3"", ""Ndufc1"", ""Cks2"", ""Pdcd5"", ""Dynll1"", ""Atp5g1"", ""Rpl35"", ""Rpl6"", ""Rps27l"", 
""Cox7b"", ""Hnrnpu"", ""Hnrnpd"", ""Ndufs6"", ""Smc4"", ""Higd1a"", ""Nucks1"", ""Atp5j"", ""Rps17"", ""Ndufb4"", ""Cox6a1"", ""Atp5h"", ""Eny2"", ""Cox5b"", ""Ctsl"", ""Ndufa12"", ""Llph"", ""Nme1"", ""Ndufa4"", ""Lbr"", ""Snrpe"", ""Ndufb7"", ""Polr2j"", ""Rnaseh2c"", ""Mrpl23"", ""Impdh2"", ""Nap1l1"", ""Lsm2"", ""Atp5o"", ""Lsm5"", ""Rpl36al"", ""Erh"", ""Psma7"", ""Srrm1"", ""Ctcf"", ""Ssna1"", ""Psmb6"", ""Cyc1"", ""Eif3c"", ""Atp5a1"", ""Prdx1"", ""Npm1"", ""Ndufb6"", ""Phf5a"", ""Mrpl18"", ""Atpif1"", ""Timm13"", ""Calm3"", ""Lsm6"", ""Pgk1"", ""Slirp"", ""Mrpl57"", ""Snrpc"", ""Mrps14"", ""Ube2l3""
)"
"373","GOCC_EUCHROMATIN","0.00186806803371937","0.0110789763943956","0.45505986738723","-0.649820373171537","-1.77959405425484","25","c(""Cbx3"", ""Dntt"", ""Trim28"", ""Ruvbl2"", ""Tcf3"", ""Prdx1"", ""Uhrf1"", ""Exosc3"", ""Psip1"", ""Smarca4"")"
"374","REACTOME_COPI_DEPENDENT_GOLGI_TO_ER_RETROGRADE_TRAFFIC","0.00198306597259206","0.0116287150846784","0.431707695803346","-0.604700431459199","-1.77890766703964","33","c(""Tuba1b"", ""Tubb4b"", ""Tuba1a"", ""Tubb2a"", ""Kif23"", ""Kif11"", ""Racgap1"", ""Kif20b"", ""Kif22"", ""Kif20a"", ""Tuba1c"", ""Kif18a"", ""Kif4"", ""Kif2c"", ""Kif15"", ""Kif18b"", ""Cenpe"", ""Kif2a"")"
"375","GOBP_REGULATION_OF_CYTOKINESIS","0.00294754821337108","0.0158130860651853","0.431707695803346","-0.612925398186993","-1.7751799939363","31","c(""Calm2"", ""Birc5"", ""Kif23"", ""Prc1"", ""Pin1"", ""Aurkb"", ""Aurka"", ""Racgap1"", ""Kif20b"", ""Plk1"", ""Calm3"", ""Cdca8"", ""Kif20a"", ""Incenp"", ""Prpf40a"", ""Nup62"", ""Ect2"", ""E2f8"", ""E2f7"", ""Kif14"")"
"376","REACTOME_NUCLEAR_ENVELOPE_BREAKDOWN","0.00194247036127374","0.011437440987582","0.45505986738723","-0.621118454104242","-1.77509073143615","29","c(""Banf1"", ""Lmnb1"", ""Cdk1"", ""Ccnb1"", ""Plk1"", ""Nup85"", ""Ccnb2"", ""Nup107"", ""Nup62"", ""Ndc1"", ""Aaas"", ""Nup37"", ""Seh1l"", ""Nup205"", ""Nup188"", ""Nup43"", ""Sec13"", ""Pom121"", ""Nup54"", ""Nup133"")"
"377","GOMF_ADP_BINDING","0.0027499778696211","0.0149915618652823","0.431707695803346","-0.716062283419472","-1.77506737011843","16","c(""Atp5b"", ""Prps2"", ""Hspa8"", ""Ruvbl1"", ""Ruvbl2"", ""Atp5a1"", ""Pgk1"", ""Msh6"", ""Ppp5c"")"
"378","GOBP_DNA_UNWINDING_INVOLVED_IN_DNA_REPLICATION","0.00138401970663001","0.00873196151542696","0.45505986738723","-0.712112689248878","-1.77406903666734","17","c(""Mcm7"", ""Mcm6"", ""Ssbp1"", ""Mcm5"", ""Mcm2"", ""Mcm4"", ""Mcm3"", ""Rad51"", ""Gins1"", ""Blm"", ""Gins2"", ""Cdc45"")"
"379","RUVBL1_TARGET_GENES","3.37011476357941e-07","6.92745812513546e-06","0.674962860011025","-0.435261868351433","-1.77276935609918","265","c(""Hmgb1"", ""Calm2"", ""Dek"", ""Mier1"", ""Serbp1"", ""Top2a"", ""Snrpg"", ""Uqcr10"", ""Gtf2h4"", ""U2af1"", ""Ywhae"", ""Pdap1"", ""Wdr43"", ""Ezh2"", ""Ndufc1"", ""Dynll1"", ""Ddx39b"", ""Nasp"", ""Rps27l"", ""Hnrnpd"", ""Pole4"", ""Camk4"", ""Tube1"", ""Sumo2"", ""Tacc3"", ""Rpn2"", ""Ilf2"", ""Tcp1"", ""Cbx5"", ""Ncaph"", ""Mcm6"", ""Ssbp1"", ""Srsf1"", ""Smarca5"", ""Tox"", ""Brix1"", ""Ckap2"", ""Cnbp"", ""Nsmce4a"", ""Gar1"", ""Eif2s1"", ""Cops3"", ""Cenpl"", ""Nutf2"", ""Mtf2"", ""Ppm1g"", ""Rangap1"", ""Atad2"", ""Gspt1"", ""Atp5l"", ""Atp5a1"", ""Prdx1"", ""Ctps"", ""Mrpl18"", ""Ccnb2"", ""Calm3"", 
""Cdca8"", ""Mcm4"", ""Mrps6"", ""Slirp"", ""Cenpw"", ""Denr"", ""Msh6"", ""Spdl1"", ""Ckap2l"", ""Mis18bp1"", ""Trmt10a"", ""Paip2b"", ""Akirin2"", ""Paics"", ""Meaf6"", ""Nsun2"", ""Fam162a"", ""Shcbp1"", ""Sfr1"", ""Ivns1abp"", ""Tomm6"", ""Thoc3"", ""Hnrnpc"", ""Caprin1"", ""Ttk"", ""Mtx2"", ""Mybbp1a"", ""Gemin6"", ""Tcerg1"", ""Pold3"", ""Akap1"", ""Psma2"", ""Polr2d"", ""Aen"", ""Smn1"", ""Odf2"", ""Sgf29"", ""Exosc8"", ""Ppih"", ""Sf3b3"", ""Mapk1"", ""Lsm4"", ""Mms22l"", ""Ppat"", ""Naa25"", ""Arhgap11a"", ""Cct5"", ""Mrps12"", ""Tgs1"", ""Mak16"", ""Myzap"", ""Orc2"", ""Tars"", ""Raf1"", ""Prim1""
)"
"380","GOMF_PROTEIN_FOLDING_CHAPERONE","0.00257482249264485","0.0141986605724213","0.431707695803346","-0.621379576165525","-1.77226358186812","28","c(""Anp32e"", ""Hsp90aa1"", ""Hspd1"", ""Hsp90ab1"", ""Cct8"", ""Cct3"", ""Tcp1"", ""Hspa8"", ""Hspa14"", ""Hspa9"", ""Hspe1"", ""Hspa4l"", ""Cct7"")"
"381","GOMF_DNA_HELICASE_ACTIVITY","0.000742669492577816","0.00516894361642448","0.477270815362862","-0.590942238040487","-1.77162483465677","37","c(""Mcm7"", ""Xrcc6"", ""Mcm6"", ""Dhx9"", ""Ruvbl1"", ""Ruvbl2"", ""G3bp1"", ""Mcm5"", ""Mcm2"", ""Mcm4"", ""Rfc3"", ""Mcm3"", ""Rad51"", ""Rfc5"", ""Rfc4"", ""Blm"", ""Ddx11"", ""Rfc2"", ""Recql"", ""Pif1"", ""Ddx3x"", ""Fancm"", ""Brip1"", ""Nav2"", ""Mcm8"", ""Dscc1"")"
"382","GOBP_POSITIVE_REGULATION_OF_CELL_CYCLE","9.19715072027016e-06","0.000124107433837057","0.593325476396405","-0.465801293956826","-1.76871748757174","157","c(""Hmgb1"", ""Ranbp1"", ""Nusap1"", ""Anp32b"", ""Larp7"", ""Rdx"", ""Rcc2"", ""Lmnb1"", ""Ezh2"", ""Smc2"", ""Rgcc"", ""Rrm2"", ""Ddx39b"", ""Hnrnpu"", ""Anapc5"", ""Smc4"", ""Mad1l1"", ""Eif4e"", ""Cdk1"", ""Birc5"", ""Ncapd2"", ""Igf2"", ""Rad21"", ""Dbf4"", ""Ncaph"", ""Cep295"", ""Ube2c"", ""Kif23"", ""Fbxo5"", ""Rrm1"", ""Ccnb1"", ""Ppp1r35"", ""Aurkb"", ""Aurka"", ""Ncapg"", ""Mad2l1"", ""Racgap1"", ""Tcf3"", ""Ncapd3"", ""Cdk4"", ""Ndc80"", ""Kif20b"", ""Npm1"", ""Cd28"", ""Cdc20"", ""Cdca8"", ""Plk4"", ""Apex1"", ""Incenp"", ""Rad23a"", ""Nup62"", ""Fen1"", ""Azin1"", ""Sfpq"", ""Cdc16"", ""Cdc7"", 
""Rad51ap1"", ""Ect2"", ""Nsmce2"", ""Akt1"", ""E2f8"", ""Atad5"", ""Bub1"")"
"383","REACTOME_CDK_MEDIATED_PHOSPHORYLATION_AND_REMOVAL_OF_CDC6","0.00147620643231667","0.00918226018366174","0.45505986738723","-0.555739271881259","-1.76836890179868","48","c(""Ube2s"", ""Psma6"", ""Psmc3"", ""Anapc5"", ""Ccna2"", ""Psmc4"", ""Psmc6"", ""Ccne2"", ""Ube2c"", ""Psmd3"", ""Cdk2"", ""Psma7"", ""Psmb6"", ""Psmd14"", ""Cdc16"", ""Psmc2"", ""Psmd13"", ""Psmb3"", ""Psmc5"", ""Psmd2"", ""Psmc1"", ""Psmd12"", ""Psmb7"", ""Psmd6"", ""Psma2"", ""Anapc15"", ""Psmb2"", ""Fzr1"", ""Psmd1"")"
"384","REACTOME_GOLGI_TO_ER_RETROGRADE_TRANSPORT","0.00158877485313205","0.00977642036771706","0.45505986738723","-0.586196209012438","-1.76585031110235","38","c(""Tuba1b"", ""Tubb4b"", ""Tuba1a"", ""Dynll1"", ""Tubb2a"", ""Kif23"", ""Kif11"", ""Racgap1"", ""Kif20b"", ""Kif22"", ""Kif20a"", ""Dynll2"", ""Tuba1c"", ""Kif18a"", ""Kif4"", ""Kif2c"", ""Kif15"", ""Kif18b"", ""Cenpe"", ""Kif2a"")"
"385","GOBP_CELL_CYCLE_G2_M_PHASE_TRANSITION","0.000670311122229179","0.00474596825430165","0.477270815362862","-0.506738510221967","-1.76571322599958","76","c(""Calm2"", ""Arpp19"", ""Rcc2"", ""Lmnb1"", ""Ccna2"", ""Cdk1"", ""Birc5"", ""Rad21"", ""Fbxo5"", ""Rrm1"", ""Ccnb1"", ""Aurkb"", ""Cdk2"", ""Cdk4"", ""Ndc80"", ""Npm1"", ""Plk1"", ""Ccnb2"", ""Calm3"", ""Cenpf"", ""Inip"", ""Ube2a"", ""Cdc7"", ""Rnaseh2b"", ""Blm"", ""Atad5"", ""Brcc3"", ""Mastl"", ""Topbp1"", ""Hacd1"", ""Ctc1"", ""Foxm1"", ""Kif14"", ""Babam1"", ""Clspn"", ""Fzr1"", ""Bard1"", ""Cdc25a"", ""Brca1"", ""Cdc6"", ""Chek2"", ""Pinx1"", ""Chek1"", ""Dtl"", ""Donson"", ""Cit"", ""Sin3a"")"
"386","GOBP_REGULATION_OF_DNA_REPAIR","0.000331669446121096","0.00266777597966969","0.49849310876659","-0.521743764171223","-1.75801584412431","65","c(""Hmgb1"", ""Dek"", ""Pcna"", ""Trim28"", ""Eny2"", ""Suv39h1"", ""Smarcc1"", ""Dhx9"", ""Ruvbl1"", ""Ruvbl2"", ""Brd8"", ""Uchl5"", ""Usp1"", ""Rmi2"", ""Ube2n"", ""Morf4l2"", ""Xrcc1"", ""Bcl7a"", ""Meaf6"", ""Actl6a"", ""Smarca4"", ""Sf3b5"", ""Rad51"", ""Rad51ap1"", ""Blm"", ""Brcc3"", ""Rpa2"", ""Parp1"", ""Foxm1"", ""Sgf29"", ""Timeless"", ""Babam1"", ""Bard1"", ""Sf3b3"")"
"387","GOBP_TRANSCRIPTION_BY_RNA_POLYMERASE_I","0.0017877613308027","0.010758458795544","0.45505986738723","-0.65038297921744","-1.75776768757717","24","c(""Dek"", ""Ncl"", ""Ddx21"", ""Wdr43"", ""Polr2l"", ""Tcof1"", ""Smarca5"", ""Lyar"", ""Polr2f"")"
"388","GOBP_TRANSCRIPTION_ELONGATION_BY_RNA_POLYMERASE_II","0.00237587810455533","0.0134110835921504","0.431707695803346","-0.641767777437723","-1.75754126539064","25","c(""Wdr43"", ""Ezh2"", ""Hnrnpu"", ""Nelfe"", ""Leo1"", ""Supt16"", ""Gtf2f1"", ""Parp1"", ""Polr2i"", ""Gtf2f2"", ""Med19"", ""Nelfa"", ""Med29"", ""Elof1"", ""Med14"", ""Sart3"")"
"389","REACTOME_METABOLISM_OF_POLYAMINES","0.00183220597713737","0.0109341324442069","0.45505986738723","-0.583350557511781","-1.75727810522577","38","c(""Amd1"", ""Psma6"", ""Psmc3"", ""Psmc4"", ""Sms"", ""Psmc6"", ""Srm"", ""Psmd3"", ""Psma7"", ""Psmb6"", ""Psmd14"", ""Azin1"", ""Psmc2"", ""Psmd13"", ""Psmb3"", ""Psmc5"", ""Psmd2"", ""Psmc1"", ""Psmd12"", ""Psmb7"", ""Psmd6"", ""Psma2"")"
"390","GOMF_PROTEIN_CARRIER_CHAPERONE","0.0031624985806542","0.0167993030220138","0.431707695803346","-0.726420296939677","-1.75546162309661","15","c(""Ptma"", ""Anp32e"", ""Nasp"", ""Asf1a"", ""Nap1l1"", ""Asf1b"")"
"391","REACTOME_REGULATION_OF_TP53_ACTIVITY_THROUGH_PHOSPHORYLATION","0.00217512653464607","0.0124743506761952","0.431707695803346","-0.573710259355388","-1.75503299475075","42","c(""Ccna2"", ""Ak6"", ""Rpa3"", ""Pin1"", ""Aurkb"", ""Aurka"", ""Rmi2"", ""Cdk2"", ""Rfc3"", ""Supt16"", ""Tpx2"", ""Rfc5"", ""Taf3"", ""Rpa1"", ""Rfc4"", ""Noc2l"", ""Blm"", ""Taf15"", ""Ssrp1"", ""Topbp1"", ""Rhno1"", ""Bard1"", ""Rfc2"", ""Brca1"", ""Exo1"", ""Chek2"", ""Chek1"", ""Taf1"", ""Taf5"")"
"392","GOBP_REGULATION_OF_CELL_CYCLE_PROCESS","8.78650438842765e-08","2.09960844448469e-06","0.704975715167238","-0.425494236170025","-1.75494424911828","299","c(""Calm2"", ""Ranbp1"", ""Nusap1"", ""Anp32b"", ""Larp7"", ""Rdx"", ""Rcc2"", ""Lmnb1"", ""Ezh2"", ""Smc2"", ""Rgcc"", ""Rrm2"", ""Ddx39b"", ""Rps27l"", ""Hnrnpu"", ""Plk5"", ""Anapc5"", ""Smc4"", ""Mad1l1"", ""Spc25"", ""Bub3"", ""Cdk1"", ""Birc5"", ""Ncapd2"", ""Igf2"", ""Rad21"", ""Tacc3"", ""Dbf4"", ""Mki67"", ""Ncaph"", ""Cep295"", ""Ube2c"", ""Smarca5"", ""Spc24"", ""Kif23"", ""Prc1"", ""Pin1"", ""Smarcc1"", ""Fbxo5"", ""Rrm1"", ""Ccnb1"", ""Ppp1r35"", ""Aurkb"", ""Aurka"", ""Rmi2"", ""Ncapg"", ""Kif11"", ""Cdk2"", ""Mad2l1"", ""Ccnf"", ""Racgap1"", ""Tcf3"", ""Wdr76"", ""Ncapd3"", ""Cdk4"", ""Ndc80"", 
""Kif20b"", ""Npm1"", ""Plk1"", ""Cdkn1c"", ""Cd28"", ""Cdc20"", ""Calm3"", ""Tubg1"", ""Cdca8"", ""Bcl7a"", ""Plk4"", ""Apex1"", ""Tipin"", ""Kif20a"", ""Bub1b"", ""Prpf19"", ""Spdl1"", ""Incenp"", ""Psmg2"", ""Prpf40a"", ""Cenpf"", ""Nup62"", ""Naa10"", ""Inip"", ""Ctdspl"", ""Fen1"", ""Azin1"", ""Actl6a"", ""Smarca4"", ""Trip13"", ""Rcc1"", ""Tpx2"", ""Rad51"", ""Sfpq"", ""Nsun2"", ""Cdc16"", ""Cdc7"", ""Cdt1"", ""Nuf2"", ""Rad51ap1"", ""Rnaseh2b"", ""Ect2"", ""Nsmce2"", ""Ttk"", ""Mybbp1a"", ""Akt1"", ""Cdkn2c"", ""Blm"", ""E2f8"", ""Atad5"", ""Bub1"", ""Cdkn2d"", ""Brcc3"", ""Rpa2"", ""Bora"", ""Kif2c"", 
""Topbp1"", ""Hacd1"", ""Ctc1"", ""Lef1"", ""Anapc15"", ""Nek2"", ""Rhno1"", ""E2f7"", ""Ccsap"", ""Nubp1"", ""Kif14"", ""Timeless"", ""Pidd1"", ""Babam1"", ""Clspn"", ""Fzr1"", ""Bard1"", ""Sass6"", ""Gpsm2"", ""Cenpe"")"
"393","GOBP_CYTOKINESIS","0.000736134945961086","0.00514218503664656","0.477270815362862","-0.549284766127789","-1.75448301575759","49","c(""Stmn1"", ""Calm2"", ""Nusap1"", ""Birc5"", ""Kif23"", ""Prc1"", ""Pin1"", ""Ckap2"", ""Aurkb"", ""Aurka"", ""Racgap1"", ""Kif20b"", ""Plk1"", ""Calm3"", ""Cdca8"", ""Kif20a"", ""Incenp"", ""Prpf40a"", ""Nup62"")"
"394","GOBP_TELOMERE_MAINTENANCE_VIA_TELOMERE_LENGTHENING","0.00255436003151817","0.0141402073173327","0.431707695803346","-0.579834731771382","-1.75326551170018","39","c(""Hsp90aa1"", ""Nop10"", ""Hnrnpa2b1"", ""Hnrnpu"", ""Cct8"", ""Cct3"", ""Ptges3"", ""Tcp1"", ""Dkc1"", ""Gar1"", ""Aurkb"", ""Cct7"", ""Rad51"", ""Tinf2"", ""Hnrnpc"", ""Rpa1"", ""Parp1"", ""Ctc1"", ""Nek2"", ""Mapk1"", ""Cct5"")"
"395","REACTOME_SUMOYLATION","0.000807674651931528","0.00552746316089178","0.477270815362862","-0.501845213176351","-1.75229287648122","78","c(""Satb1"", ""Top2a"", ""Pcna"", ""Nop58"", ""Uba2"", ""Sumo2"", ""Dnmt1"", ""Rad21"", ""Smc3"", ""Stag2"", ""Sae1"", ""Nsmce4a"", ""Aurkb"", ""Rangap1"", ""Npm1"", ""Nup85"", ""Cdca8"", ""Nsmce1"", ""Nup107"", ""Incenp"", ""Nup62"", ""Suz12"", ""Tdg"", ""Ndc1"", ""Aaas"", ""Nsmce2"", ""Hnrnpc"", ""Rpa1"", ""Blm"", ""Parp1"", ""Hdac1"", ""Nup37"", ""Casp8ap2"", ""Seh1l"", ""Nup205"", ""Nup188"", ""Ing2"", ""Trim27"", ""Nup43"", ""Brca1"", ""Sec13"", ""Scmh1"", ""Pom121"", ""Nup54"", ""Smc5"", ""Nup133"", ""Smc1a"", ""L3mbtl2"", ""Sin3a"")"
"396","GOBP_REGULATION_OF_DNA_TEMPLATED_TRANSCRIPTION_ELONGATION","0.002073923576914","0.0120873493024409","0.431707695803346","-0.66559460184918","-1.75119676450113","21","c(""Alyref"", ""Wdr43"", ""Ezh2"", ""Ddx39b"", ""Hnrnpu"", ""Nelfe"", ""Leo1"", ""Gtf2f1"", ""Parp1"", ""Med19"", ""Nelfa"", ""Med29"", ""Med14"")"
"397","GOBP_POSITIVE_REGULATION_OF_DNA_REPLICATION","0.00139318106586566","0.00875125236882755","0.45505986738723","-0.631133302787526","-1.75113170890824","26","c(""Pcna"", ""Cdk1"", ""Dbf4"", ""Ssbp1"", ""Smarca5"", ""Dhx9"", ""Cacybp"", ""Cdk2"", ""Npm1"", ""Atf1"", ""Cdc7"", ""Cdt1"", ""Faf1"", ""E2f8"", ""Atad5"", ""Ctc1"", ""E2f7"")"
"398","REACTOME_RNA_POLYMERASE_I_TRANSCRIPTION","0.00241215035350856","0.0135757431573813","0.431707695803346","-0.695306747973729","-1.75070537709966","18","c(""Rbbp4"", ""Gtf2h4"", ""Taf1d"", ""Polr2l"", ""Polr2k"", ""Rbbp7"", ""Mbd3"", ""Polr2f"")"
"399","REACTOME_RHO_GTPASES_ACTIVATE_IQGAPS","0.00404854758973204","0.020420774342228","0.407017918923954","-0.706109923401249","-1.75039617889236","16","c(""Tuba1b"", ""Calm2"", ""Tubb4b"", ""Tuba1a"", ""Tubb2a"", ""Calm3"", ""Tuba1c"")"
"400","GOBP_CYTOSKELETON_DEPENDENT_CYTOKINESIS","0.00249822622971083","0.0139100266285355","0.431707695803346","-0.607632506754928","-1.74878565182564","30","c(""Stmn1"", ""Nusap1"", ""Birc5"", ""Kif23"", ""Ckap2"", ""Aurkb"", ""Racgap1"", ""Kif20b"", ""Plk1"", ""Cdca8"", ""Kif20a"", ""Incenp"", ""Nup62"")"
"401","GOBP_MITOCHONDRIAL_RESPIRATORY_CHAIN_COMPLEX_ASSEMBLY","0.00362610171682341","0.0187517523408316","0.431707695803346","-0.612336254953352","-1.74647073405299","28","c(""Ndufa5"", ""Ndufc1"", ""Ndufs6"", ""Ndufb4"", ""Ndufa12"", ""Ndufab1"", ""Ndufb7"", ""Ndufb2"", ""Ndufb6"")"
"402","GOBP_MITOTIC_CYTOKINESIS","0.00362610171682341","0.0187517523408316","0.431707695803346","-0.612113000081693","-1.74583397917128","28","c(""Stmn1"", ""Nusap1"", ""Birc5"", ""Kif23"", ""Ckap2"", ""Aurkb"", ""Racgap1"", ""Kif20b"", ""Plk1"", ""Cdca8"", ""Kif20a"", ""Incenp"", ""Nup62"")"
"403","REACTOME_RECYCLING_PATHWAY_OF_L1","0.00367434275849201","0.0189670168496414","0.431707695803346","-0.722350072664064","-1.74562555086221","15","c(""Tuba1b"", ""Tubb4b"", ""Tuba1a"", ""Rdx"", ""Tubb2a"")"
"404","BURTON_ADIPOGENESIS_5","0.000877616540978745","0.00591266327008031","0.477270815362862","-0.533359681360139","-1.7450635204451","56","c(""Uqcr11"", ""Cycs"", ""Dbi"", ""Rgcc"", ""Cox6a1"", ""Aco2"", ""Igf2"", ""Ndufab1"", ""Tomm40"", ""Phb"", ""Cyc1"", ""Mrpl18"", ""Adam12"", ""Mrpl15"", ""Pla2g12a"", ""Mrpl12"", ""Mtx2"", ""Aifm1"", ""Timm17a"")"
"405","GOBP_NEGATIVE_REGULATION_OF_MRNA_CATABOLIC_PROCESS","0.00211062923910764","0.0122267259457397","0.431707695803346","-0.66281843107358","-1.74389258675325","21","c(""Ybx1"", ""Hnrnpab"", ""Hnrnpu"", ""Hnrnpd"", ""Syncrip"", ""Srsf1"", ""Dhx9"", ""Rbm24"", ""Ptbp1"", ""Hnrnpc"", ""Mettl16"", ""Taf15"")"
"406","REACTOME_TRANSPORT_OF_MATURE_MRNAS_DERIVED_FROM_INTRONLESS_TRANSCRIPTS","0.00144710992125323","0.00904049607667458","0.45505986738723","-0.628346230304827","-1.74339874508281","26","c(""Alyref"", ""Slbp"", ""Eif4e"", ""Nup85"", ""Nup107"", ""Nup62"", ""Ndc1"", ""Aaas"", ""Nup37"", ""Seh1l"", ""Nup205"", ""Nup188"", ""Nup43"", ""Sec13"", ""Pom121"", ""Nup54"", ""Nup133"")"
"407","GOCC_MALE_GERM_CELL_NUCLEUS","0.00293887952167145","0.0157813427497994","0.431707695803346","-0.586583877694323","-1.7433068946364","36","c(""Top2a"", ""Pcna"", ""Ran"", ""Smarcc1"", ""Cdk2"", ""Ctcf"", ""Smarca4"", ""Trip13"", ""Rad51"", ""Taf3"", ""Rpa1"", ""Blm"", ""Topbp1"", ""Morc1"", ""Patz1"", ""Brca1"", ""Scmh1"", ""Prmt5"")"
"408","GOCC_MICROTUBULE_ASSOCIATED_COMPLEX","0.00139777662848323","0.00877051309009993","0.45505986738723","-0.558394305687342","-1.74258957386383","45","c(""Ywhae"", ""Dynll1"", ""Birc5"", ""Kif23"", ""Aurkb"", ""Aurka"", ""Haus3"", ""Haus4"", ""Kif20b"", ""Kif22"", ""Cdca8"", ""Kif20a"", ""Dynll2"", ""Incenp"", ""Nde1"", ""Kif18a"", ""Haus5"", ""Kif4"", ""Kif2c"", ""Kif15"", ""Kif14"", ""Kif18b"", ""Kif2a"")"
"409","MARKEY_RB1_CHRONIC_LOF_UP","0.00100831873387202","0.00665173108410016","0.45505986738723","-0.49985328360136","-1.74172188635838","76","c(""Stmn1"", ""Cdca7"", ""Mcm7"", ""Top2a"", ""Pcna"", ""Anp32b"", ""Ezh2"", ""Anapc5"", ""Slbp"", ""Dnmt1"", ""Cdca4"", ""Ncaph"", ""Pola1"", ""Cdk2"", ""Mcm2"", ""Uhrf1"", ""Xrcc1"", ""Tipin"", ""Rfc3"", ""Dnajc9"")"
"410","GOMF_SINGLE_STRANDED_DNA_HELICASE_ACTIVITY","0.00314465650646741","0.0167296892992492","0.431707695803346","-0.682896166101851","-1.74170222903712","19","c(""Mcm7"", ""Mcm6"", ""Dhx9"", ""Mcm5"", ""Mcm2"", ""Mcm4"", ""Rfc3"", ""Mcm3"", ""Rad51"", ""Rfc5"", ""Rfc4"")"
"411","GOBP_REGULATION_OF_CELL_CYCLE","1.95782786634556e-08","5.36456760182752e-07","0.73376198835648","-0.410968931973834","-1.74145772740012","404","c(""Hmgb1"", ""Calm2"", ""Ranbp1"", ""Nusap1"", ""Anp32b"", ""Larp7"", ""Ywhae"", ""Rdx"", ""Rcc2"", ""Hsp90ab1"", ""Lmnb1"", ""Ezh2"", ""Smc2"", ""Rgcc"", ""Cks2"", ""Rrm2"", ""Ddx39b"", ""Rps27l"", ""Hnrnpu"", ""Plk5"", ""Anapc5"", ""Smc4"", ""Mad1l1"", ""Spc25"", ""Bub3"", ""Ccna2"", ""Eif4e"", ""Cdk1"", ""Birc5"", ""Ncapd2"", ""Igf2"", ""Rad21"", ""Tacc3"", ""Dbf4"", ""Cops5"", ""Hspa8"", ""Ccne2"", ""Mki67"", ""Ncaph"", ""Cep295"", ""Nppc"", ""Ube2c"", ""Smarca5"", ""Spc24"", ""Suv39h1"", ""Kif23"", ""Prc1"", ""Wdr12"", ""Rpa3"", ""Pin1"", ""Smarcc1"", ""Fbxo5"", ""Ruvbl1"", ""Rrm1"", ""Ruvbl2"", ""Cks1b"", 
""Ccnb1"", ""Brd8"", ""Uchl5"", ""E2f4"", ""Ppp1r35"", ""Aurkb"", ""Aurka"", ""Ppm1g"", ""Rmi2"", ""Ncapg"", ""Kif11"", ""Cdk2"", ""Mad2l1"", ""Ccnf"", ""Racgap1"", ""Tcf3"", ""Wdr76"", ""Ncapd3"", ""Cdk4"", ""Lin9"", ""Ndc80"", ""Kif20b"", ""Npm1"", ""Plk1"", ""Morf4l2"", ""Cdkn1c"", ""Cd28"", ""Cdc20"", ""Ccnb2"", ""Calm3"", ""Tubg1"", ""Cdca8"", ""Bcl7a"", ""Plk4"", ""Apex1"", ""Wdr5"", ""Tipin"", ""Kif20a"", ""Bub1b"", ""Prpf19"", ""Spdl1"", ""Incenp"", ""Rad23a"", ""Psmg2"", ""Prpf40a"", ""Cenpf"", ""Nup62"", ""Naa10"", ""Inip"", ""Ctdspl"", ""E2f2"", ""Fen1"", ""Azin1"", ""Meaf6"", ""Actl6a"", ""Smarca4"", 
""Trip13"", ""Rcc1"", ""Gmnn"", ""Tpx2"", ""Rad51"", ""Sfpq"", ""Nsun2"", ""Cdc16"", ""Cdc7"", ""Cdt1"", ""Nuf2"", ""Thap1"", ""Rad51ap1"", ""Rnaseh2b"", ""Ect2"", ""Nsmce2"", ""Pes1"", ""Ttk"", ""Mybbp1a"", ""Akt1"", ""Cdkn2c"", ""Blm"", ""E2f8"", ""Atad5"", ""Bub1"", ""Cdkn2d"", ""Brcc3"", ""Rpa2"", ""Mastl"", ""Bora"", ""Kif2c"", ""Topbp1"", ""Hacd1"", ""Ctc1"", ""Lef1"", ""Anapc15"", ""Nek2"", ""Foxm1"", ""Rhno1"", ""E2f7"", ""Ccsap"", ""Nubp1"", ""Kif14"", ""Sgf29"", ""Timeless"", ""Pidd1"", ""Babam1"", ""Clspn"", ""Fzr1"", ""Bard1"", ""Sass6"", ""Gpsm2"", ""Cenpe"")"
"412","GOCC_MITOCHONDRIAL_MATRIX","2.83476234888827e-05","0.000329096398195834","0.575610261071129","-0.464322563205178","-1.74084923365231","133","c(""Atp5b"", ""Slc25a5"", ""Hspd1"", ""Dnajc15"", ""C1qbp"", ""Aco2"", ""Cdk1"", ""Mrpl23"", ""Ssbp1"", ""Hspa9"", ""Fdps"", ""Vdac1"", ""Dtymk"", ""Ccnb1"", ""Hspe1"", ""Mrps36"", ""Mrps28"", ""Mrps5"", ""Tyms"", ""Mrpl49"", ""Mrps18c"", ""Prdx1"", ""Mrpl18"", ""Cs"", ""Mrps6"", ""Mrpl57"", ""Mrps14"", ""Mrpl51"", ""Chchd1"", ""Mrpl50"", ""Mrpl15"", ""Idh3a"", ""Shmt2"", ""Mrpl3"", ""Vdac2"", ""Mrpl12"", ""Mrps25"", ""Mrpl13"", ""Tbrg4"", ""Mrps11"", ""Mrpl46"", ""Pitrm1"", ""Dld"", ""Bola3"", ""Lrpprc"", ""Etfa"", ""Clpp"", ""Mrpl19"", ""Mrpl40"", ""Arhgap11a"", ""Mrps12"", ""Mrps17"", ""Trap1"", ""Atad3a"", 
""Me2"", ""Brca1"", ""Lonp1"", ""Mdh2"", ""Mrps18b"", ""Mrpl47"", ""Mrpl38"", ""Dlat"", ""Mrps22"", ""Mrpl2"", ""Mrpl21"", ""Hax1"", ""Mrpl35"", ""Uqcc2"", ""Ppif"", ""Mrpl1"")"
"413","GOBP_MEIOSIS_I_CELL_CYCLE_PROCESS","0.00109020954535789","0.0071049451620767","0.45505986738723","-0.534928659546319","-1.74061168054817","54","c(""Top2a"", ""Cks2"", ""Birc5"", ""Ccne2"", ""Fbxo5"", ""Gm960"", ""Aurka"", ""Psmc3ip"", ""Ndc80"", ""Plk1"", ""Cdc20"", ""Ccnb2"", ""Trip13"", ""Rad51"", ""Psmd13"", ""Ndc1"", ""Rad51ap1"", ""Topbp1"", ""Cenpc1"", ""Cenpe"", ""Cdc25a"", ""Ing2"", ""Espl1"", ""Syce2"", ""Fancm"", ""Terf1"", ""Rad54l"", ""Pkmyt1"", ""Brip1"", ""Ankle1"", ""Rad54b"")"
"414","GOBP_CHAPERONE_MEDIATED_PROTEIN_FOLDING","0.00376691685969867","0.0193058696964896","0.431707695803346","-0.609241150260825","-1.73764305200639","28","c(""St13"", ""Fkbp4"", ""Pdcd5"", ""Cct8"", ""Cct3"", ""Ptges3"", ""Tcp1"", ""Hspa8"", ""Hspa14"", ""Hspa9"", ""Hspe1"", ""Ppid"", ""Cct7"")"
"415","REACTOME_COPI_INDEPENDENT_GOLGI_TO_ER_RETROGRADE_TRAFFIC","0.00407830776598815","0.0204808187722785","0.407017918923954","-0.718734016572445","-1.73688701791848","15","c(""Tuba1b"", ""Tubb4b"", ""Tuba1a"", ""Dynll1"", ""Tubb2a"", ""Dynll2"", ""Tuba1c"")"
"416","GOCC_SUPRAMOLECULAR_COMPLEX","6.18776286492282e-09","1.86772737001749e-07","0.761460801445585","-0.408043639419656","-1.73685671994738","421","c(""Stmn1"", ""Tubb5"", ""Tuba1b"", ""Calm2"", ""Dek"", ""Ybx1"", ""Ncl"", ""Tubb4b"", ""Hnrnpa3"", ""Nusap1"", ""Hnrnpab"", ""Snrpg"", ""Hnrnpa2b1"", ""Tuba1a"", ""H3f3a"", ""Lsm3"", ""Tdrd5"", ""Psma6"", ""Rcc2"", ""Dbi"", ""Fkbp4"", ""Mns1"", ""Lmnb1"", ""Psmc3"", ""Dynll1"", ""Rpl6"", ""Pcbp1"", ""Hnrnpu"", ""Plk5"", ""Cct8"", ""Nudc"", ""Mad1l1"", ""Cct3"", ""Spc25"", ""Tube1"", ""Bub3"", ""Snrpb2"", ""Nme1"", ""Tubb2a"", ""Eif4e"", ""Jup"", ""Cdk1"", ""Ptges3"", ""Birc5"", ""Kpna2"", ""Tcp1"", ""Hspa8"", ""Cbx5"", ""Cep295"", ""Ssb"", ""Ddx1"", ""Spc24"", ""Lsm2"", ""Kif23"", ""Prc1"", ""Smarcc1"", ""Dhx9"", 
""Ccnb1"", ""Ckap2"", ""Fgf13"", ""G3bp1"", ""Aurkb"", ""Eif2s1"", ""Cenpl"", ""Aurka"", ""Rangap1"", ""Ska2"", ""Kif11"", ""Baiap2"", ""Pabpc1"", ""Ddx19a"", ""Mad2l1"", ""Haus3"", ""Ckap5"", ""Haus4"", ""Ssna1"", ""Ncapd3"", ""Cct7"", ""Aif1l"", ""Ndc80"", ""Kif20b"", ""Plk1"", ""Nup85"", ""Ctps"", ""Kif22"", ""Marcks"", ""Cdc20"", ""Calm3"", ""Tubg1"", ""Lsm6"", ""Cep57"", ""Cenpw"", ""Reep4"", ""Kif20a"", ""Dynll2"", ""Tdrkh"", ""Bub1b"", ""Spdl1"", ""Nup107"", ""Incenp"", ""Actn4"", ""Pak1"", ""Cenpf"", ""Tuba1c"", ""Nde1"", ""Nme2"", ""Meaf6"", ""Actl6a"", ""Smarca4"", ""Tpx2"", ""Kpnb1"", ""Nsun2"", 
""Hsph1"", ""Kif18a"", ""Psmc2"", ""Bysl"", ""Eif3b"", ""Bcl10"", ""Hjurp"", ""Cdt1"", ""Gtse1"", ""Nuf2"", ""Cfdp1"", ""Haus5"", ""Tbrg4"", ""Eif6"", ""Khsrp"", ""Caprin1"", ""Ttk"")"
"417","REACTOME_REGULATION_OF_HSF1_MEDIATED_HEAT_SHOCK_RESPONSE","0.00322376901191237","0.0170399219201082","0.431707695803346","-0.573905562352848","-1.73533728545753","39","c(""St13"", ""Ywhae"", ""Hspa8"", ""Hspa14"", ""Hspa9"", ""Rpa3"", ""Rps19bp1"", ""Hspa4l"", ""Nup85"", ""Nup107"", ""Nup62"", ""Hsph1"", ""Ndc1"", ""Aaas"", ""Rpa1"", ""Nup37"", ""Seh1l"", ""Nup205"", ""Nup188"", ""Mapk1"", ""Nup43"", ""Sec13"", ""Hspa4"", ""Pom121"", ""Nup54"", ""Nup133"")"
"418","GOBP_RNA_3_END_PROCESSING","0.004118955353726","0.0206339432250104","0.407017918923954","-0.607957446927268","-1.73398174617136","28","c(""Larp7"", ""Slbp"", ""Fbl"", ""Ssb"", ""Eri1"", ""Ccnb1"", ""Dkc1"", ""Exosc2"", ""Exosc3"", ""Leo1"", ""Nudt21"", ""Cstf2"", ""Polr2d"", ""Exosc8"", ""Exosc5"", ""Exosc7"", ""Eri3"", ""Pnpt1"", ""Exosc9"")"
"419","GOBP_ORGANOPHOSPHATE_BIOSYNTHETIC_PROCESS","1.49913267769506e-05","0.000192182890526562","0.593325476396405","-0.446454399398965","-1.73360421292859","178","c(""Atp5k"", ""Atp5b"", ""Atp5j2"", ""Gapdh"", ""Ndufa5"", ""Atp5e"", ""Dut"", ""Atp5g3"", ""Ndufc1"", ""Rrm2"", ""Atp5g1"", ""Ndufs6"", ""Atp5j"", ""Ndufb4"", ""Atp5h"", ""Prps2"", ""Ndufa12"", ""Sdhb"", ""Nme1"", ""Dgke"", ""Ada"", ""Ndufab1"", ""Ndufb7"", ""Nppc"", ""Ndufb2"", ""Impdh2"", ""Fdps"", ""Vdac1"", ""Dtymk"", ""Atp5o"", ""Rrm1"", ""Agpat5"", ""Gars"", ""Gart"", ""Tyms"", ""Uck2"", ""Atp5l"", ""Atp5a1"", ""Ndufb6"", ""Ctps"", ""Atp5c1"", ""Pgk1"")"
"420","GOCC_POLYMERIC_CYTOSKELETAL_FIBER","1.04051607195454e-05","0.000139424291417272","0.593325476396405","-0.434439836600343","-1.73124609685394","217","c(""Stmn1"", ""Tubb5"", ""Tuba1b"", ""Calm2"", ""Tubb4b"", ""Nusap1"", ""Tuba1a"", ""Rcc2"", ""Fkbp4"", ""Mns1"", ""Lmnb1"", ""Dynll1"", ""Hnrnpu"", ""Cct8"", ""Nudc"", ""Cct3"", ""Tube1"", ""Nme1"", ""Tubb2a"", ""Jup"", ""Cdk1"", ""Ptges3"", ""Birc5"", ""Tcp1"", ""Hspa8"", ""Cep295"", ""Kif23"", ""Prc1"", ""Ckap2"", ""Fgf13"", ""Aurkb"", ""Aurka"", ""Ska2"", ""Kif11"", ""Baiap2"", ""Haus3"", ""Ckap5"", ""Haus4"", ""Cct7"", ""Aif1l"", ""Kif20b"", ""Plk1"", ""Kif22"", ""Marcks"", ""Calm3"", ""Tubg1"", ""Cep57"", ""Reep4"", ""Kif20a"", ""Dynll2"", ""Incenp"", ""Pak1"", ""Tuba1c"", ""Nde1"", ""Nme2"", ""Tpx2"", 
""Hsph1"", ""Kif18a"", ""Bysl"", ""Bcl10"", ""Gtse1"")"
"421","GOBP_MITOTIC_CELL_CYCLE_PHASE_TRANSITION","7.02100492209749e-06","9.9879787100873e-05","0.610526878385931","-0.438252316273832","-1.73029453641689","201","c(""Calm2"", ""Arpp19"", ""Ube2s"", ""Anp32b"", ""Larp7"", ""Rdx"", ""Rcc2"", ""Lmnb1"", ""Ezh2"", ""Rgcc"", ""Cks2"", ""Rrm2"", ""Nasp"", ""Rps27l"", ""Plk5"", ""Anapc5"", ""Mad1l1"", ""Spc25"", ""Bub3"", ""Ccna2"", ""Eif4e"", ""Cdk1"", ""Myb"", ""Birc5"", ""Rad21"", ""Tacc3"", ""Dbf4"", ""Ccne2"", ""Ube2c"", ""Spc24"", ""Smarcc1"", ""Fbxo5"", ""Rrm1"", ""Cks1b"", ""Ccnb1"", ""E2f4"", ""Aurkb"", ""Cdk2"", ""Mad2l1"", ""Ccnf"", ""Tcf3"", ""Cdk4"", ""Ndc80"", ""Plk1"", ""Cdkn1c"", ""Cdc20"", ""Tcf19"", ""Ccnb2"", ""Calm3"", ""Cdca8"", ""Bcl7a"", ""Apex1"", ""Bub1b"", ""Spdl1"", ""Incenp"", ""Psmg2"", ""Cenpf"", 
""Inip"", ""Ctdspl"", ""Actl6a"", ""Smarca4"", ""Trip13"", ""Rcc1"", ""Ube2a"", ""Cdc16"", ""Cdc7"", ""Nuf2"", ""Rnaseh2b"", ""Nsmce2"", ""Ttk"", ""Akt1"", ""Cdkn2c"", ""Blm"", ""Atad5"", ""Bub1"", ""Cdkn2d"", ""Brcc3"", ""Rpa2"", ""Mastl"", ""Topbp1"", ""Hacd1"", ""Ctc1"", ""Anapc15"", ""Foxm1"", ""E2f7"", ""Kif14"", ""Pidd1"", ""Babam1"", ""Clspn"", ""Fzr1"", ""Bard1"", ""Sass6"", ""Cenpe"")"
"422","GOMF_HISTONE_MODIFYING_ACTIVITY","0.00141886025968689","0.00888336636386933","0.45505986738723","-0.531352504448255","-1.7291846182484","52","c(""Mier1"", ""Prmt1"", ""Ezh2"", ""Fbl"", ""Cdk1"", ""Suv39h1"", ""Aurkb"", ""Aurka"", ""Hat1"", ""Cdk2"", ""Hdac2"", ""Uhrf1"", ""Wdr5"", ""Msl3"", ""Suz12"", ""Meaf6"", ""Ube2a"", ""Eed"", ""Bub1"", ""Hdac1"", ""Naa50"", ""Naa40"", ""Trim37"", ""Baz1b"", ""Prmt5"", ""Smyd2"", ""Chek1"", ""Taf1"")"
"423","HNRNPK_TARGET_GENES","0.00345497990227762","0.0180130088541474","0.431707695803346","-0.600478750428531","-1.72819691392702","30","c(""Hsp90aa1"", ""Ywhae"", ""Rpl41"", ""Dynll1"", ""Pole4"", ""Smc3"", ""Ccnb1"", ""Nup85"", ""Tcf19"", ""Suz12"", ""Thap1"")"
"424","GOBP_DOUBLE_STRAND_BREAK_REPAIR_VIA_NONHOMOLOGOUS_END_JOINING","0.00496008230619432","0.0237832199211831","0.407017918923954","-0.647807806070832","-1.72745639939646","22","c(""Dntt"", ""Dek"", ""Xrcc6"", ""Lig1"", ""Pola1"", ""Xrcc1"", ""Prpf19"", ""Psmd14"")"
"425","GOBP_MATURATION_OF_5_8S_RRNA","0.00256130263483042","0.0141580365480109","0.431707695803346","-0.638865087347279","-1.7266386777394","24","c(""Eri1"", ""Fcf1"", ""Wdr12"", ""Exosc2"", ""Npm1"", ""Exosc3"", ""Rrp15"", ""Eif6"", ""Pes1"", ""Ftsj3"", ""Exosc8"", ""Las1l"", ""Mak16"", ""Nop9"", ""Exosc7"", ""Bop1"", ""Eri3"", ""Exosc9"", ""Rrs1"")"
"426","GOMF_RIBONUCLEOPROTEIN_COMPLEX_BINDING","0.000670311122229179","0.00474596825430165","0.477270815362862","-0.494918661000306","-1.72551935555709","77","c(""Serbp1"", ""Snrpg"", ""Eif5a"", ""Snrpd3"", ""Naa15"", ""Eif4a3"", ""Snrpd2"", ""Snrpd1"", ""Prmt1"", ""Ezh2"", ""Rpl35"", ""Hnrnpu"", ""C1qbp"", ""Snrpb"", ""Snrpb2"", ""Nme1"", ""Rpn2"", ""Ndufab1"", ""Snrpe"", ""Cbx5"", ""Eri1"", ""Dhx9"", ""Rplp2"", ""G3bp1"", ""Eif2s1"", ""Ckap5"", ""Eif3c"", ""Npm1"", ""Snrpc"", ""Srp68"", ""Strap"", ""Naa10"", ""Timm50"", ""Snrpa"", ""Eif6"", ""Hnrnpc"", ""Cinp"", ""Abce1"", ""Nolc1"", ""Tma16"", ""Naa16"", ""Zfp593"")"
"427","TABULA_MURIS_SENIS_SPLEEN_MEGAKARYOCYTE_ERYTHROID_PROGENITOR_CELL_AGEING","0.00156997979201403","0.00969196351690038","0.45505986738723","-0.529367638591765","-1.72272525374067","52","c(""Dek"", ""Mcm7"", ""Pcna"", ""Rps28"", ""Metap2"", ""Rpl41"", ""Smc2"", ""Rgcc"", ""Lig1"", ""Rrm2"", ""Slbp"", ""Smc3"", ""Psmc6"", ""Rfc1"", ""Rrm1"", ""Mcm5"", ""Cdc20"", ""Mcm3"", ""E2f2"")"
"428","REACTOME_TRANSPORT_OF_THE_SLBP_DEPENDANT_MATURE_MRNA","0.00259815527889926","0.014313564384714","0.431707695803346","-0.637245617421815","-1.72226179212439","24","c(""Alyref"", ""Slbp"", ""Eif4e"", ""Nup85"", ""Nup107"", ""Nup62"", ""Ndc1"", ""Aaas"", ""Nup37"", ""Seh1l"", ""Nup205"", ""Nup188"", ""Nup43"", ""Sec13"", ""Pom121"", ""Nup54"", ""Nup133"")"
"429","YAO_TEMPORAL_RESPONSE_TO_PROGESTERONE_CLUSTER_13","0.000384490468745606","0.00303308505949938","0.49849310876659","-0.48052677593647","-1.72186639901249","95","c(""Uqcr11"", ""Ndufa5"", ""Snrpg"", ""Atp5e"", ""Romo1"", ""Uqcr10"", ""Lsm3"", ""Snrpd2"", ""Psma6"", ""Dbi"", ""Ndufc1"", ""Hnrnpa1"", ""Pdcd5"", ""Cox7b"", ""Dnajc15"", ""Atp5j"", ""Cox6a1"", ""Cox5b"", ""Snrpe"", ""Lsm8"", ""Mrpl23"", ""Uqcrb"", ""Atp5o"", ""Pole3"", ""Ckap5"", ""Ssna1"", ""Mrpl18"", ""Tcf19"", ""Rpp30"", ""Timm8b"", ""Sf3b5"", ""Polr3k"", ""Cyb5b"", ""Psmg4"", ""Mrpl13"", ""Anapc13"", ""Cetn3"", ""Pold3"", ""Gtf2a2"", ""Naa38"")"
"430","GOBP_POSITIVE_REGULATION_OF_NUCLEAR_DIVISION","0.00517507466079218","0.0246094968322082","0.407017918923954","-0.603149644339299","-1.72026920433333","28","c(""Nusap1"", ""Rgcc"", ""Anapc5"", ""Mad1l1"", ""Igf2"", ""Ube2c"", ""Fbxo5"", ""Cd28"", ""Cdc20"", ""Nup62"", ""Cdc16"", ""Rad51ap1"", ""Nsmce2"")"
"431","ZFP709_TARGET_GENES","0.00169745975990341","0.0102906255000487","0.45505986738723","-0.546976123272478","-1.71908817608982","46","c(""Cbx3"", ""St13"", ""Hsp90aa1"", ""Hnrnpa2b1"", ""Hspd1"", ""Hsp90ab1"", ""Fkbp4"", ""Uba2"", ""Ptges3"", ""Tcp1"", ""Hspa8"", ""Dhx9"", ""Hspe1"", ""Aurka"", ""Mrpl18"", ""Timm13"")"
"432","SOX10_TARGET_GENES","4.27397450300686e-08","1.06972778409877e-06","0.719512826338911","-0.401822341952932","-1.71886185073534","428","c(""Ptma"", ""Hmgb1"", ""Cbx3"", ""Calm2"", ""St13"", ""Rbbp4"", ""Mcm7"", ""Eif4a1"", ""Hmgn2"", ""Serbp1"", ""Ranbp1"", ""Ppia"", ""Pcna"", ""Hsp90aa1"", ""Ap3s1"", ""Romo1"", ""Cox7a2"", ""Hnrnpa2b1"", ""Ran"", ""Snrpd3"", ""Hspd1"", ""Banf1"", ""Eif5b"", ""Dut"", ""Rdx"", ""Psma6"", ""Snrpd1"", ""Atp5g3"", ""Pa2g4"", ""Lmnb1"", ""Psmc3"", ""Taf1d"", ""Cks2"", ""Pdcd5"", ""Nop56"", ""Ddx39b"", ""Rps27l"", ""Pcbp1"", ""Hnrnpu"", ""Cct8"", ""Hdgf"", ""Ndufs6"", ""Smc4"", ""Mat2a"", ""Slbp"", ""Rps17"", ""Snrpb"", ""Ctsl"", ""Rpl36"", ""Snrpb2"", ""Nme1"", ""Drap1"", ""Ccna2"", ""Rnps1"", ""Rpn2"", ""Ilf2"", 
""Cbx5"", ""Ndufb7"", ""Ddx1"", ""Eif3g"", ""Asf1a"", ""Hspa9"", ""Kif23"", ""Ywhaq"", ""Ak6"", ""Fbxo5"", ""Sae1"", ""Brix1"", ""Uchl5"", ""Hspe1"", ""Nsmce4a"", ""Psmd3"", ""Mtf2"", ""Sf3b4"", ""Cacybp"", ""Pabpc1"", ""U2surp"", ""Sf3a3"", ""Nt5c3b"", ""Ssna1"", ""Mrto4"", ""Rpia"", ""Cdk4"", ""Mrps18c"", ""Prdx1"", ""Exosc3"", ""Cdc20"", ""Calm3"", ""Cs"", ""Adam12"", ""Cdkn2aipnl"", ""Cenpw"", ""Ctdspl2"", ""Tipin"", ""Denr"", ""Msh6"", ""Rbm34"", ""Klf13"", ""Ptprf"", ""Srp68"", ""Ckap2l"", ""Eftud2"", ""Snhg6"", ""Akirin2"", ""Ppp5c"", ""Nde1"", ""Pds5b"", ""Inip"", ""Psmd14"", ""Grwd1"", ""Fen1"", 
""Rcc1"", ""Tpx2"", ""Mrpl3"", ""Vdac2"", ""Eif3b"", ""Mrpl12"", ""Psmg4"", ""Nuf2"", ""Thap1"", ""Rad51ap1"", ""Psmd2"", ""Snrpa1"", ""Tomm6"", ""Nab2"", ""Faf1"", ""Ccar1"", ""Rfc4"", ""Cdkn2c"", ""Noc2l"", ""Psmd6"", ""Ptov1"", ""Cnih4"", ""Brcc3"", ""Tcerg1"", ""Tdp1"", ""Hprt"", ""Nop2"", ""Pold3"", ""Eif1ad"")"
"433","ZFP617_TARGET_GENES","0.00209478799921696","0.0121595234569932","0.431707695803346","-0.66541179182251","-1.71744970257421","20","c(""Gnl3"", ""Agfg2"", ""Bola2"", ""Ilf2"", ""Srsf1"", ""Pola1"", ""Pgk1"", ""Sfmbt1"", ""Cinp"", ""Dnajc11"", ""Raf1"")"
"434","HSF1_TARGET_GENES","1.61996753696854e-06","2.78159096542353e-05","0.643551836150722","-0.421756550968093","-1.71723510614364","261","c(""Cbx3"", ""St13"", ""Anp32e"", ""Set"", ""Hsp90aa1"", ""Rbm8a"", ""Eif2s2"", ""Rpl38"", ""Hnrnpa2b1"", ""Ran"", ""Hspd1"", ""Larp7"", ""Ywhae"", ""Dut"", ""Hsp90ab1"", ""Fkbp4"", ""Mns1"", ""Rpl41"", ""Dynll1"", ""Stip1"", ""Rpl6"", ""Cct8"", ""Nudc"", ""Cct3"", ""Pole4"", ""Clns1a"", ""Magoh"", ""Snrpb2"", ""Nme1"", ""Ptges3"", ""Birc5"", ""Ilf2"", ""Stag2"", ""Tcp1"", ""Hspa8"", ""BC065403"", ""Phb"", ""Hspa9"", ""Ahsa1"", ""Lsm5"", ""Ckap2"", ""Rplp2"", ""Hspe1"", ""Ly6k"", ""Rnf126"", ""Nutf2"", ""Psmd3"", ""Rangap1"", ""Cacybp"", ""Atad2"", ""U2surp"", ""Psma7"", ""Hspa4l"", ""Lta4h"", ""Prdx1"", 
""Elk3"", ""Morf4l2"", ""Mrpl18"", ""Timm13"", ""Atp5c1"", ""Slc29a1"", ""Mcm4"", ""Mrps6"", ""Cep57"", ""Zcchc8"", ""Cenpf"", ""Dcun1d5"", ""Pds5b"", ""Nme2"", ""Azin1"", ""Atf1"", ""Hsph1"", ""Stc2"", ""Gtf2f1"", ""Psmb3"", ""Aaas"", ""Chchd2"", ""Ccar1"", ""Sod1"", ""Rfc4"", ""Nfya"", ""Ptov1"", ""Cenpk"", ""Cpn1"", ""Abce1"", ""Tk1"", ""Tmie"")"
"435","GOCC_PROTEASOME_COMPLEX","0.00460223708814166","0.0223754101525054","0.407017918923954","-0.577519423175805","-1.71636765089113","36","c(""Psma6"", ""Psmc3"", ""Psmc4"", ""Psmc6"", ""Uchl5"", ""Psmd3"", ""Psma7"", ""Psmb6"", ""Rad23a"", ""Psmd14"", ""Psmc2"", ""Psmd13"", ""Psmb3"", ""Psmc5"", ""Psmd2"", ""Psmc1"", ""Psmd12"", ""Psmb7"", ""Psmd6"", ""Psma2"", ""Txnl1"", ""Psmb2"", ""Psmd1"")"
"436","REACTOME_NUCLEAR_PORE_COMPLEX_NPC_DISASSEMBLY","0.00304038760021915","0.0162806936388952","0.431707695803346","-0.637719623305577","-1.71508591102689","23","c(""Cdk1"", ""Ccnb1"", ""Nup85"", ""Ccnb2"", ""Nup107"", ""Nup62"", ""Ndc1"", ""Aaas"", ""Nup37"", ""Seh1l"", ""Nup205"", ""Nup188"", ""Nup43"", ""Sec13"", ""Pom121"", ""Nup54"", ""Nup133"")"
"437","GOBP_CELL_CYCLE_PHASE_TRANSITION","4.22301555905375e-06","6.34005084585688e-05","0.610526878385931","-0.426270102072508","-1.71449625998596","235","c(""Calm2"", ""Arpp19"", ""Ube2s"", ""Anp32b"", ""Larp7"", ""Rdx"", ""Rcc2"", ""Lmnb1"", ""Ezh2"", ""Rgcc"", ""Cks2"", ""Rrm2"", ""Ddx39b"", ""Nasp"", ""Rps27l"", ""Plk5"", ""Anapc5"", ""Mad1l1"", ""Spc25"", ""Bub3"", ""Ccna2"", ""Eif4e"", ""Cdk1"", ""Myb"", ""Birc5"", ""Rad21"", ""Tacc3"", ""Dbf4"", ""Ccne2"", ""Ube2c"", ""Spc24"", ""Smarcc1"", ""Fbxo5"", ""Rrm1"", ""Cks1b"", ""Ccnb1"", ""E2f4"", ""Aurkb"", ""Aurka"", ""Cdk2"", ""Mad2l1"", ""Ccnf"", ""Tcf3"", ""Wdr76"", ""Cdk4"", ""Ndc80"", ""Npm1"", ""Plk1"", ""Cdkn1c"", ""Cdc20"", ""Tcf19"", ""Ccnb2"", ""Calm3"", ""Cdca8"", ""Bcl7a"", ""Apex1"", ""Tipin"", 
""Bub1b"", ""Prpf19"", ""Spdl1"", ""Ube2l3"", ""Incenp"", ""Psmg2"", ""Cenpf"", ""Inip"", ""Ctdspl"", ""Actl6a"", ""Smarca4"", ""Trip13"", ""Rcc1"", ""Ube2a"", ""Rad51"", ""Nsun2"", ""Cdc16"", ""Cdc7"", ""Cdt1"", ""Nuf2"", ""Rnaseh2b"", ""Nsmce2"", ""Ttk"", ""Akt1"", ""Cdkn2c"", ""Blm"", ""Atad5"", ""Bub1"", ""Cdkn2d"", ""Brcc3"", ""Rpa2"", ""Mastl"", ""Topbp1"", ""Hacd1"", ""Ctc1"", ""Anapc15"", ""Foxm1"", ""Rhno1"", ""E2f7"", ""Kif14"", ""Timeless"", ""Pidd1"", ""Babam1"", ""Clspn"", ""Fzr1"", ""Bard1"", ""Sass6"", ""Cenpe"")"
"438","GOBP_REGULATORY_NCRNA_PROCESSING","0.00213186293366607","0.0123089315789768","0.431707695803346","-0.664116542414399","-1.71410662128521","20","c(""Srsf3"", ""Hnrnpa2b1"", ""Larp7"", ""Tdrd5"", ""Fbl"", ""Dkc1"", ""Exosc2"", ""Exosc3"", ""Tdrkh"")"
"439","REACTOME_SUMOYLATION_OF_RNA_BINDING_PROTEINS","0.00494040443303456","0.0237296645087548","0.407017918923954","-0.606385336059594","-1.71391357439929","27","c(""Nop58"", ""Sumo2"", ""Nup85"", ""Nup107"", ""Nup62"", ""Ndc1"", ""Aaas"", ""Hnrnpc"", ""Nup37"", ""Seh1l"", ""Nup205"", ""Nup188"", ""Nup43"", ""Sec13"", ""Scmh1"", ""Pom121"", ""Nup54"", ""Nup133"", ""Cbx2"", ""Nup50"", ""Nup155"")"
"440","DMRTB1_TARGET_GENES","4.15347425781348e-07","8.38551421712687e-06","0.674962860011025","-0.413165256963594","-1.71254603173922","308","c(""Ptma"", ""Tubb5"", ""Satb1"", ""Calm2"", ""Anp32e"", ""Tomm7"", ""Rbm8a"", ""Eif2s2"", ""Cox7a2"", ""H3f3a"", ""Ran"", ""Snrpd3"", ""Pdap1"", ""Rcc2"", ""Snrpd1"", ""Atp5g3"", ""Hnrnpa1"", ""Cks2"", ""Nop56"", ""Ddx39b"", ""Pcbp1"", ""Cct8"", ""Hnrnpd"", ""Hdgf"", ""Anapc5"", ""Nudc"", ""Mad1l1"", ""Gnl3"", ""Cux1"", ""Magoh"", ""Rpl36"", ""Nme1"", ""Ndufa4"", ""Psmc4"", ""Mbd3"", ""Birc5"", ""Cops5"", ""Ndufab1"", ""Hspa8"", ""Cbx5"", ""Nfyb"", ""Phb"", ""Syncrip"", ""Spc24"", ""Ak6"", ""Fbxo5"", ""Ruvbl2"", ""Gar1"", ""Cdca3"", ""Pknox1"", ""Ube2e3"", ""Cops3"", ""Mtf2"", ""Mrps5"", ""Cdk2"", ""Mxd3"", 
""Ckap5"", ""Ctcf"", ""Ccnf"", ""Ppid"", ""Lin9"", ""Hnrnpr"", ""Mrps18c"", ""Kif22"", ""Lsm6"", ""Cdca8"", ""Elovl2"", ""Smu1"", ""Denr"", ""Klf13"", ""Prpf19"", ""Spdl1"", ""Zcchc8"", ""Eftud2"", ""Chchd1"", ""Mrpl50"", ""Tdp2"", ""Grwd1"", ""Actl6a"", ""Mrpl3"", ""Rars"", ""Psmc2"", ""Mrpl12"", ""Hjurp"", ""Nuf2"", ""Sfr1"", ""Tomm6"", ""Nab2"", ""Rpl36a"", ""Ccar1"", ""Khsrp"", ""Polr2e"", ""Cep70"", ""Gemin6"", ""Cdkn2d"", ""Tcerg1"", ""Pold3"", ""Usp5"", ""Akap1"", ""Rpgrip1"", ""Pcm1"", ""Kif2c"")"
"441","MP_INCREASED_LUNG_ADENOCARCINOMA_INCIDENCE","0.00576837826820168","0.026895649892794","0.407017918923954","-0.641605209884332","-1.7109164405154","22","c(""Mad1l1"", ""Eif4e"", ""Mad2l1"", ""Prdx1"", ""Mcm4"", ""Bub1b"", ""Fen1"", ""Tpx2"", ""Cdkn2c"", ""Atad5"")"
"442","MIR_6913_3P","0.0023543128547868","0.0133222890994652","0.431707695803346","-0.662098837910406","-1.70889885965121","20","c(""Ptma"", ""Hspd1"", ""Wbp11"", ""Usp1"", ""Ddx19a"")"
"443","GOCC_PEPTIDASE_COMPLEX","0.00191513745637355","0.0112997050538089","0.45505986738723","-0.526830124951811","-1.70878602793291","53","c(""Psma6"", ""Psmc3"", ""Eny2"", ""Psmc4"", ""Psmc6"", ""Uchl5"", ""Psmd3"", ""Psma7"", ""Psmb6"", ""Rad23a"", ""Psmd14"", ""Sf3b5"", ""Psmc2"", ""Psmd13"", ""Psmb3"", ""Psmc5"", ""Psmd2"", ""Psmc1"", ""Psmd12"", ""Psmb7"", ""Psmd6"", ""Psma2"", ""Txnl1"", ""Sgf29"", ""Pidd1"", ""Psmb2"", ""Sf3b3"", ""Psmd1"")"
"444","GOBP_DNA_MODIFICATION","0.00343103203772926","0.0179044301513897","0.431707695803346","-0.582862597115747","-1.70569740985588","32","c(""Dntt"", ""Hnrnpab"", ""Ezh2"", ""Trim28"", ""Dnmt1"", ""Syncrip"", ""Smarca5"", ""Tox"", ""Ctcf"", ""Exosc3"", ""Apex1"", ""Hells"", ""Smarca4"")"
"445","GOBP_CHROMOSOME_ORGANIZATION_INVOLVED_IN_MEIOTIC_CELL_CYCLE","0.0062079982918015","0.0285508181262884","0.407017918923954","-0.588602808298332","-1.70473589894727","31","c(""Smc2"", ""Smc4"", ""Ncapd2"", ""Ccne2"", ""Ncaph"", ""Psmc3ip"", ""Ncapd3"", ""Trip13"", ""Rad51"", ""Ndc1"")"
"446","ZENG_GU_POST_ICB_METAGENE_41","0.002041785077212","0.0119121438634902","0.431707695803346","-0.523268367636741","-1.70287634848537","52","c(""Srsf3"", ""Eif4e"", ""Psmc6"", ""Fbxo5"", ""Glo1"", ""Ube2e3"", ""Cenpl"", ""Hnrnpr"", ""Esco2"", ""Plk4"", ""Smu1"", ""Nt5c2"", ""Hjurp"", ""Tex30"", ""Eif3l"", ""Akt1"", ""Psmd6"", ""Ppp2r3c"", ""Arl6ip6"", ""Lztfl1"", ""Mapk1"", ""Alg13"", ""Mdm1"", ""Sdhc"", ""Sephs1"", ""Drg1"", ""Ipo9"", ""Cdc123"", ""Chek1"", ""Mettl6"", ""Sin3a"", ""Ppp1r7"", ""Plppr4"", ""Spice1"", ""Ift80"")"
"447","GOBP_POSITIVE_REGULATION_OF_TELOMERE_MAINTENANCE","0.00360553781294728","0.0186790960770124","0.431707695803346","-0.581539981621563","-1.70182688902673","32","c(""Hnrnpa2b1"", ""Cct8"", ""Hnrnpd"", ""Gnl3"", ""Cct3"", ""Tcp1"", ""Ruvbl1"", ""Ruvbl2"", ""Uchl5"", ""Dkc1"", ""Aurkb"", ""Cct7"", ""Actl6a"", ""Tinf2"")"
"448","REACTOME_HDR_THROUGH_SINGLE_STRAND_ANNEALING_SSA","0.00340891516247551","0.0178214480007266","0.431707695803346","-0.632341835068409","-1.70062286410003","23","c(""Rpa3"", ""Rmi2"", ""Rfc3"", ""Rad51"", ""Rfc5"", ""Rpa1"", ""Rfc4"", ""Blm"", ""Topbp1"", ""Rhno1"", ""Bard1"", ""Rfc2"", ""Brca1"", ""Exo1"")"
"449","GOBP_DNA_BIOSYNTHETIC_PROCESS","0.000568113928834727","0.00413994076476132","0.477270815362862","-0.474068122254217","-1.70060417446046","96","c(""Pcna"", ""Hsp90aa1"", ""Nop10"", ""Hnrnpa2b1"", ""Rgcc"", ""Lig1"", ""Ddx39b"", ""Hnrnpu"", ""Cct8"", ""Hnrnpd"", ""Cct3"", ""Ccna2"", ""Ptges3"", ""Tcp1"", ""Nppc"", ""Phb"", ""Rrm1"", ""Dkc1"", ""Gar1"", ""Aurkb"", ""Pola1"", ""Cct7"", ""Lin9"", ""Npm1"", ""Rfc3"", ""Meaf6"", ""Rfc5"", ""Tinf2"", ""Hnrnpc"", ""Rpa1"", ""Pold2"", ""Rfc4"", ""Cdkn2d"", ""Tk1"", ""Pold3"", ""Ctc1"", ""Nek2"")"
"450","GOBP_MATURATION_OF_LSU_RRNA_FROM_TRICISTRONIC_RRNA_TRANSCRIPT_SSU_RRNA_5_8S_RRNA_LSU_RRNA","0.00576837826820168","0.026895649892794","0.407017918923954","-0.703633744225703","-1.70039581755598","15","c(""Ddx18"", ""Rpl35"", ""Nifk"", ""Rpf2"", ""Wdr12"", ""Npm1"", ""Rbm34"", ""Pes1"", ""Ftsj3"", ""Znhit3"")"
"451","GOCC_MITOCHONDRIAL_ENVELOPE","2.10052287479375e-06","3.47161345445019e-05","0.627256739718528","-0.41597668845401","-1.70018269183238","279","c(""Calm2"", ""Atp5k"", ""Atp5b"", ""Cox7c"", ""Uqcr11"", ""Atp5j2"", ""Cycs"", ""Ndufa5"", ""Tomm7"", ""Slc25a5"", ""Atp5e"", ""Romo1"", ""Uqcr10"", ""Cox7a2"", ""Uqcrq"", ""Hspd1"", ""Atp5g3"", ""Ndufc1"", ""Atp5g1"", ""Cox7b"", ""Ndufs6"", ""Higd1a"", ""Dnajc15"", ""Atp5j"", ""Ndufb4"", ""Cox6a1"", ""Atp5h"", ""Cox5b"", ""Ndufa12"", ""Sdhb"", ""Nme1"", ""Ndufa4"", ""Ndufab1"", ""Tomm40"", ""Wdr93"", ""Ndufb7"", ""Mrpl23"", ""Phb"", ""Ndufb2"", ""Uqcrb"", ""Vdac1"", ""Atp5o"", ""Mrps28"", ""Mrps5"", ""Cyc1"", ""Tyms"", ""Mrpl49"", ""Atp5l"", ""Mrps18c"", ""Atp5a1"", ""Ndufb6"", ""Mrpl18"", ""Timm13"", 
""Atp5c1"", ""Calm3"", ""Mrps6"", ""Mrpl57"", ""Mrps14"", ""Mrpl51"", ""Timm8b"", ""Chchd1"", ""Mrpl50"", ""Nme2"", ""Mrpl15"", ""Shmt2"", ""Mrpl3"", ""Vdac2"", ""Timm50"", ""Cyb5b"", ""Mrpl12"", ""Mrps25"", ""Cox5a"", ""Tomm6"", ""Mrpl13"", ""Chchd2"", ""Mrps11"", ""Mtx2"", ""Sod1"", ""Cox8a"", ""Pgrmc1"", ""Acsl3"", ""Samm50"", ""Akap1"", ""Fundc2"", ""Aifm1"", ""Timm17a"")"
"452","NDUFS2_TARGET_GENES","0.00691747648489428","0.0310177698521257","0.407017918923954","-0.586213634017911","-1.69781627317034","31","c(""Atp5b"", ""Trim28"", ""Ilf2"", ""Psmd3"", ""Lta4h"", ""Atp5a1"", ""Slc29a1"", ""Rrp9"", ""Psmb3"", ""Mybbp1a"", ""Parp1"", ""Dohh"", ""Fignl1"", ""Ipo9"", ""Prmt5"", ""Mtch2"", ""Ndufv1"", ""Psme3"", ""Nle1"", ""Ifrd2"", ""Ciapin1"")"
"453","GOBP_CARBOHYDRATE_DERIVATIVE_BIOSYNTHETIC_PROCESS","2.17939785897118e-05","0.000261016505759178","0.575610261071129","-0.433254451307842","-1.69734152819902","185","c(""Atp5k"", ""Atp5b"", ""Atp5j2"", ""Gapdh"", ""Ndufa5"", ""Atp5e"", ""Dut"", ""Atp5g3"", ""Aqp11"", ""Ndufc1"", ""Rrm2"", ""Atp5g1"", ""Ndufs6"", ""Atp5j"", ""Ndufb4"", ""Atp5h"", ""Prps2"", ""Ndufa12"", ""Sdhb"", ""Nme1"", ""Ada"", ""Rpn2"", ""Ndufab1"", ""Ndufb7"", ""Nppc"", ""Ndufb2"", ""Impdh2"", ""Vdac1"", ""Dtymk"", ""Atp5o"", ""Rrm1"", ""Gart"", ""Tyms"", ""Uck2"", ""Atp5l"", ""Atp5a1"", ""Ndufb6"", ""Ctps"", ""Atp5c1"", ""Mogs"", ""Pgk1"")"
"454","GOMF_TELOMERIC_DNA_BINDING","0.00609860571724379","0.0280927741272234","0.407017918923954","-0.665051181034812","-1.69618923334143","19","c(""Ncl"", ""Xrcc6"", ""Hnrnpa2b1"", ""Hnrnpa1"", ""Hnrnpd"", ""Apex1"", ""Tinf2"", ""Rpa1"", ""Blm"", ""Rpa2"", ""Ctc1"")"
"455","GOBP_PROTEIN_FOLDING","0.00204169159534307","0.0119121438634902","0.431707695803346","-0.50557676674074","-1.69361175133235","64","c(""St13"", ""Ppia"", ""Hsp90aa1"", ""Hspd1"", ""Hsp90ab1"", ""Fkbp4"", ""Pdcd5"", ""Cct8"", ""Nudc"", ""Cct3"", ""Ptges3"", ""Tcp1"", ""Hspa8"", ""Nppc"", ""Hspa14"", ""Hspa9"", ""Ahsa1"", ""Hspe1"", ""Hspa4l"", ""Ppid"", ""Cct7"")"
"456","GUO_HEX_TARGETS_UP","0.00477522105354359","0.0230520982677378","0.407017918923954","-0.617322733327562","-1.69059621880473","25","c(""Satb1"", ""Naa15"", ""Srsf7"", ""Eny2"", ""Smarcc1"", ""Mtf2"", ""Fbln2"", ""Calm3"")"
"457","GOCC_PRERIBOSOME_LARGE_SUBUNIT_PRECURSOR","0.00926916843921914","0.0390755213715304","0.380730400722792","-0.681496706753403","-1.68938176889354","16","c(""Wdr12"", ""Mrto4"", ""Ebna1bp2"", ""Rrp15"", ""Eif6"", ""Pes1"", ""Ppan"", ""Noc2l"", ""Ftsj3"", ""Wdr74"", ""Las1l"", ""Mak16"", ""Nip7"", ""Bop1"", ""Rrs1"")"
"458","GOBP_POSITIVE_REGULATION_OF_DNA_REPAIR","0.00605450408361125","0.0279344979239827","0.407017918923954","-0.55808505557103","-1.68750029433172","39","c(""Hmgb1"", ""Pcna"", ""Trim28"", ""Smarcc1"", ""Dhx9"", ""Ruvbl1"", ""Ruvbl2"", ""Brd8"", ""Uchl5"", ""Ube2n"", ""Morf4l2"", ""Xrcc1"", ""Bcl7a"", ""Meaf6"", ""Actl6a"", ""Smarca4"", ""Rad51ap1"", ""Blm"", ""Brcc3"", ""Parp1"", ""Foxm1"", ""Timeless"", ""Babam1"")"
"459","GOBP_REGULATION_OF_HISTONE_MODIFICATION","0.00433314103211975","0.021459899671163","0.407017918923954","-0.626970589609579","-1.6861774133495","23","c(""Dek"", ""Ddx21"", ""Nfyb"", ""Smarca5"", ""Suv39h1"", ""Nelfe"", ""Ube2n"", ""Wdr5"", ""Hcfc1"", ""Mybbp1a"", ""Nfya"", ""Noc2l"", ""Eed"")"
"460","YAO_TEMPORAL_RESPONSE_TO_PROGESTERONE_CLUSTER_11","0.0012173678576718","0.00783569546997505","0.45505986738723","-0.49766397183258","-1.68319939534154","66","c(""Srsf3"", ""Cycs"", ""Ddx21"", ""Srsf2"", ""Rdx"", ""Pa2g4"", ""Nop58"", ""Stip1"", ""Nop56"", ""Gnl3"", ""Nifk"", ""Tubb2a"", ""Kpna2"", ""Ak6"", ""Srm"", ""Gspt1"", ""Mrto4"", ""Cse1l"", ""Aars"", ""Strap"", ""Actl6a"", ""Bysl"", ""Ppan"", ""Ftsj3"", ""Abce1"", ""Ltv1"", ""Farsb"", ""Usp39"", ""Pum3"", ""Mak16"", ""Tars"", ""Dus1l"", ""Bms1"", ""Pno1"", ""Bop1"")"
"461","GOCC_NUCLEOSOME","0.00760614351580035","0.0335121635334855","0.407017918923954","-0.696331874776823","-1.68275017680451","15","c(""H3f3b"", ""H3f3a"", ""Ruvbl1"", ""Ruvbl2"", ""Brd8"", ""Tcf3"", ""Morf4l2"", ""Meaf6"", ""Actl6a"", ""Noc2l"")"
"462","GOBP_TRANSCRIPTION_BY_RNA_POLYMERASE_III","0.00480746438908065","0.0231687464465358","0.407017918923954","-0.674196196047198","-1.67960859861637","17","c(""Dek"", ""Ddx21"", ""Polr2l"", ""Smarca5"", ""Polr2f"", ""Polr3k"", ""Nab2"", ""Mybbp1a"", ""Polr3d"", ""Zc3h8"", ""Baz1b"")"
"463","GOMF_RNA_BINDING","3.97691282623331e-08","1.00473987041621e-06","0.719512826338911","-0.390154648425723","-1.67786495408062","456","c(""Hmgb1"", ""Tuba1b"", ""Srsf3"", ""Snrpf"", ""Hnrnpm"", ""Ybx1"", ""Ncl"", ""Tubb4b"", ""Hnrnpa3"", ""Alyref"", ""Eif4a1"", ""Serbp1"", ""Hsp90aa1"", ""Hnrnpab"", ""Rbm8a"", ""Snrpg"", ""Eif5a"", ""Eif2s2"", ""Nop10"", ""Ddx21"", ""Hnrnpa2b1"", ""Ddx18"", ""Srsf2"", ""Ran"", ""Snrpd3"", ""U2af1"", ""Hspd1"", ""Larp7"", ""Lsm3"", ""Eif4a3"", ""Srsf7"", ""Snrpd2"", ""Eif5b"", ""Psma6"", ""Hsp90ab1"", ""Snrpd1"", ""Pa2g4"", ""Wdr43"", ""Ezh2"", ""Endou"", ""Nop58"", ""Hnrnpa1"", ""Lsm7"", ""Hnrnpdl"", ""Nop56"", ""Rbmxl1"", ""Rpl35"", ""Rpl6"", ""U2af2"", ""Ddx39b"", ""Rps27l"", ""Pcbp1"", ""Eif1ax"", 
""Hnrnpu"", ""Hnrnpd"", ""Srsf10"", ""Gnl3"", ""Slbp"", ""C1qbp"", ""Snrpb"", ""Pdcd11"", ""Nifk"", ""Rbbp7"", ""Fbl"", ""Magoh"", ""Raly"", ""Snrpb2"", ""Eif4e"", ""Dnmt1"", ""Rad21"", ""Rnps1"", ""Rpf2"", ""Ilf2"", ""Hspa8"", ""Snrpe"", ""Npm3"", ""Lsm8"", ""Ssb"", ""Ddx1"", ""Eif3g"", ""Eri1"", ""Impdh2"", ""Srsf6"", ""Syncrip"", ""Srsf1"", ""Myef2"", ""Lsm2"", ""Dhx9"", ""Lsm5"", ""Brix1"", ""Cnbp"", ""Dkc1"", ""Nelfe"", ""Gar1"", ""G3bp1"", ""Exosc2"", ""Thoc7"", ""Eif2s1"", ""Sf3b4"", ""Rangap1"", ""Mrps5"", ""Pabpc1"", ""Ddx19a"", ""U2surp"", ""Sf3a3"", ""Srrm1"", ""Sox4"", ""Tyms"", ""Eif3c"", ""Hnrnpr"", 
""Mrps18c"", ""Rbm24"", ""Pop4"", ""Eif4h"", ""Npm1"", ""Phf5a"", ""Ddx10"", ""Mrpl18"", ""Hmgb3"", ""Exosc3"", ""Lsm6"", ""Mrps6"", ""Nudt21"", ""Apex1"", ""Slirp"", ""Rpp30"", ""Denr"", ""Rbm34"", ""Tdrkh"", ""Rsl1d1"", ""Snrpc"", ""Srsf9"", ""Zcchc8"", ""Aars"", ""Srp68"", ""Zcrb1"", ""Strap"", ""Eftud2"", ""Trmt10a"", ""Prpf40a"", ""Cstf2"", ""Paip2b"", ""Rbm17"", ""Ppp5c"", ""Rrp9"", ""Shmt2"", ""Suz12"", ""Smarca4"", ""Sf3b5"", ""Rars"", ""Sfpq"", ""Nsun2"", ""Bysl"", ""Eif3b"", ""Mrpl12"", ""Ddx56"", ""Hars"", ""Thoc6"", ""Snrpa"", ""Ptbp1"", ""Rad51ap1"", ""Nudt4"", ""Snrpa1"", ""Mrpl13"", ""Rps26"", 
""Tbrg4"", ""Thoc3"", ""Khsrp"", ""Pes1"", ""Hnrnpc"", ""Caprin1"")"
"464","MIR_6335","0.00416560494392575","0.0208461992612689","0.407017918923954","-0.573137796519851","-1.6772386148159","32","c(""Satb1"", ""Naa15"", ""Hsp90ab1"", ""Rgcc"", ""Eif4e"", ""Cdk19"", ""Aurka"", ""D030056L22Rik"", ""Klf13"", ""Actn4"", ""Ptbp1"", ""Faf1"")"
"465","GOBP_CENTROMERE_COMPLEX_ASSEMBLY","0.00765168928535604","0.0336263893115072","0.407017918923954","-0.65755464597138","-1.67706958898237","19","c(""H3f3b"", ""Nasp"", ""Cenpw"", ""Hjurp"", ""Cenpk"", ""Cenph"", ""Cenpc1"", ""Cenpo"", ""Cenpe"", ""Cenpp"", ""Cenpa"", ""Mis18a"", ""Oip5"", ""Cenpn"")"
"466","MIR_12195_3P","0.00630618183000051","0.0288634898603774","0.407017918923954","-0.612306741087203","-1.67685945348362","25","c(""Hmgb1"", ""Set"", ""Wdr43"", ""Eny2"")"
"467","REACTOME_COPI_MEDIATED_ANTEROGRADE_TRANSPORT","0.00494990521079039","0.0237554028317012","0.407017918923954","-0.672804697378137","-1.67614199179891","17","c(""Tuba1b"", ""Tubb4b"", ""Tuba1a"", ""Dynll1"", ""Tubb2a"", ""Dynll2"", ""Tuba1c"")"
"468","GOMF_RNA_POLYMERASE_ACTIVITY","0.00819689405346063","0.035477979028514","0.380730400722792","-0.693486037696357","-1.67587294911499","15","c(""Polr2l"", ""Polr2k"", ""Polr2j"", ""Polr2f"", ""Polr3k"", ""Polr2c"", ""Polr2e"", ""Polr2i"", ""Polr2h"", ""Prim1"")"
"469","GOMF_MHC_PROTEIN_BINDING","0.0115333531305347","0.0462867601144973","0.380730400722792","-0.675801610499904","-1.67526403114453","16","c(""Cd8b1"", ""Tubb5"", ""Atp5b"", ""Cd4"", ""Atp5a1"")"
"470","REACTOME_POSTMITOTIC_NUCLEAR_PORE_COMPLEX_NPC_REFORMATION","0.00502112564855792","0.0239967963287331","0.407017918923954","-0.672097214606542","-1.67437945716358","17","c(""Ran"", ""Rangap1"", ""Nup85"", ""Nup107"", ""Rcc1"", ""Ndc1"", ""Nup37"", ""Seh1l"", ""Nup205"", ""Nup188"", ""Nup43"", ""Sec13"", ""Pom121"", ""Nup133"")"
"471","OGT_TARGET_GENES","3.17089970997788e-08","8.30370312179139e-07","0.719512826338911","-0.389198667772314","-1.67422601477737","492","c(""Ptma"", ""Stmn1"", ""Tubb5"", ""Cbx3"", ""St13"", ""Alyref"", ""Arpp19"", ""Serbp1"", ""Hsp90aa1"", ""Anp32b"", ""Romo1"", ""Hnrnpa2b1"", ""Hspd1"", ""Hmgn1"", ""Eif4a3"", ""Eif5b"", ""Ywhae"", ""Hsp90ab1"", ""Atp5g3"", ""Fkbp4"", ""Lmnb1"", ""Rgcc"", ""Cks2"", ""Dynll1"", ""Lsm7"", ""Stip1"", ""Pcbp1"", ""Ubald2"", ""Plk5"", ""Thy1"", ""Hdgf"", ""Nudc"", ""Cct3"", ""Bola2"", ""C1qbp"", ""Raly"", ""Dnmt1"", ""Ptges3"", ""Birc5"", ""Kpna2"", ""Ephb6"", ""Cops5"", ""Stag2"", ""Ndufab1"", ""Hspa8"", ""Wdr93"", ""Pbk"", ""Galk1"", ""Syncrip"", ""Srsf1"", ""Rfc1"", ""Ahsa1"", ""Rrm1"", ""Hspe1"", ""Nelfe"", 
""Ly6k"", ""Polr2f"", ""Srm"", ""Rnf126"", ""Cdc34"", ""Nutf2"", ""Rangap1"", ""Baiap2"", ""Pabpc1"", ""Sf3a3"", ""Nt5c3b"", ""Kcnh3"", ""Psma7"", ""Ube2n"", ""Mxd3"", ""Hspa4l"", ""Ssna1"", ""Ccnf"", ""D030056L22Rik"", ""Mrpl49"", ""Wdr76"", ""Rpia"", ""Cdk4"", ""Hnrnpr"", ""Kif20b"", ""Uhrf1"", ""Nup85"", ""Get4"", ""Pgk1"", ""Ptpru"", ""Ctdspl2"", ""Gbx2"", ""Mrpl57"", ""Psip1"", ""Denr"", ""Dnajc9"", ""Klf13"", ""Ckap2l"", ""Psmg2"", ""Actn4"", ""Supt16"", ""Pds5b"", ""Tdp2"", ""Azin1"", ""Smarca4"", ""Kpnb1"", ""Vdac2"", ""Hsph1"", ""Cdc7"", ""Gmcl1"", ""Nrm"", ""Tex30"", ""Ldha"", ""Ndc1"", ""Cox5a"", 
""Snrpa1"", ""Faf1"", ""Tbrg4"", ""Sfmbt1"", ""Cinp"", ""Zbed4"", ""Sod1"", ""Rfc4"", ""Nfya"", ""Foxo6"", ""Noc2l"", ""Tmcc3"", ""Acsl3"", ""Cnih4"", ""Anks1"", ""Abce1"", ""Pdzrn3"", ""Tmie"", ""Akap1"", ""Aifm1"", ""Nolc1"", ""Comt"", ""Noc4l"", ""Lef1"", ""Nek2"", ""Ddx27"", ""Naa16"", ""Gpn3"", ""Gtf2f2"")"
"472","GOBP_REGULATION_OF_TELOMERE_MAINTENANCE","0.00208766788793587","0.012142774175773","0.431707695803346","-0.536256775009572","-1.67418010432587","44","c(""Hnrnpa2b1"", ""Hnrnpu"", ""Cct8"", ""Hnrnpd"", ""Gnl3"", ""Cct3"", ""Tcp1"", ""Ruvbl1"", ""Ruvbl2"", ""Uchl5"", ""Dkc1"", ""Aurkb"", ""Cct7"", ""Xrcc1"", ""Actl6a"", ""Tinf2"", ""Hnrnpc"", ""Parp1"", ""Ctc1"", ""Nek2"")"
"473","REACTOME_APOPTOSIS","0.00444563922880981","0.0217522390494695","0.407017918923954","-0.571871505017452","-1.67353292131892","32","c(""Hmgb1"", ""Satb1"", ""Cycs"", ""Hmgb2"", ""Ywhae"", ""Lmnb1"", ""Dynll1"")"
"474","GOBP_FACULTATIVE_HETEROCHROMATIN_FORMATION","0.00674360013353688","0.0304284396269347","0.407017918923954","-0.664201514407208","-1.6723858442898","18","c(""Ezh2"", ""Trim28"", ""Samd1"", ""Dnmt1"", ""Mbd3"", ""Smarca5"", ""Suv39h1"", ""Hells"", ""Suz12"", ""Smarca4"", ""Eed"", ""Hdac1"")"
"475","GOBP_POSITIVE_REGULATION_OF_DNA_RECOMBINATION","0.00912765718707788","0.0386723015250041","0.380730400722792","-0.586250358954156","-1.6720700211022","28","c(""Ruvbl1"", ""Ruvbl2"", ""Brd8"", ""Morf4l2"", ""Exosc3"", ""Cd28"", ""Meaf6"", ""Actl6a"", ""Rad51ap1"", ""Blm"", ""Atad5"", ""Parp1"", ""Timeless"")"
"476","GOCC_RIBONUCLEOPROTEIN_GRANULE","0.00165393515067512","0.0101015102120573","0.45505986738723","-0.47517154244935","-1.67173894995792","83","c(""Tubb5"", ""Ybx1"", ""Ncl"", ""Hnrnpa3"", ""Hnrnpab"", ""Snrpg"", ""Hnrnpa2b1"", ""Tuba1a"", ""Lsm3"", ""Tdrd5"", ""Psma6"", ""Psmc3"", ""Rpl6"", ""Pcbp1"", ""Hnrnpu"", ""Snrpb2"", ""Eif4e"", ""Kpna2"", ""Ssb"", ""Ddx1"", ""Lsm2"", ""Dhx9"", ""G3bp1"", ""Eif2s1"", ""Pabpc1"", ""Ddx19a"", ""Ckap5"", ""Marcks"", ""Lsm6"", ""Tdrkh"", ""Kpnb1"", ""Nsun2"", ""Psmc2"", ""Eif3b"", ""Tbrg4"", ""Khsrp"", ""Caprin1"")"
"477","GOBP_POSITIVE_REGULATION_OF_TRANSLATION","0.00516850018588641","0.0245986295154013","0.407017918923954","-0.515744075588037","-1.67146619903065","51","c(""Ybx1"", ""Eif5a"", ""Eif4a3"", ""Prmt1"", ""Ddx39b"", ""Rps27l"", ""Hnrnpu"", ""Hnrnpd"", ""C1qbp"", ""Ssb"", ""Syncrip"", ""Dhx9"", ""Cnbp"", ""Otud6b"", ""Sox4"", ""Cdk4"", ""Npm1"")"
"478","GOMF_TUBULIN_BINDING","0.00012199368199228","0.00115833405004259","0.538434096309916","-0.449884113791761","-1.67137576140255","126","c(""Stmn1"", ""Gapdh"", ""Nusap1"", ""Rcc2"", ""Pdcd5"", ""Hdgf"", ""Nme1"", ""Birc5"", ""Smc3"", ""Cep295"", ""Spc24"", ""Kif23"", ""Prc1"", ""Fgf13"", ""Ska2"", ""Kif11"", ""Cacybp"", ""Ckap5"", ""Haus4"", ""Ssna1"", ""Racgap1"", ""Kif20b"", ""Plk1"", ""Kif22"", ""Cep57"", ""Reep4"", ""Kif20a"", ""Pak1"", ""Ppp5c"", ""Nde1"", ""Hsph1"", ""Kif18a"", ""Gtse1"", ""Mast2"", ""Cep70"", ""Kif4"", ""Cetn3"", ""Ska1"", ""Akap1"", ""Kif2c"", ""Kif15"", ""Ccsap"", ""Kif14"", ""Lrpprc"", ""Kif18b"", ""Cenpe"", ""Mdm1"", ""Cct5"", ""Kif2a"", ""Uxt"", ""Fmr1"", ""Enkd1"", ""Drg1"", ""Ccdc88a"", ""Knstrn"")"
"479","MIR_1953","0.00246723589113545","0.0137776025663698","0.431707695803346","-0.513018165788443","-1.66931682527928","54","c(""Satb1"", ""Rdx"", ""Rcc2"", ""Maz"", ""Rgcc"", ""Thy1"", ""Hdgf"", ""Tmpo"", ""Uchl5"", ""Npm1"", ""Elovl2"", ""Psip1"", ""Idh3a"", ""Rad51ap1"", ""Faf1"")"
"480","CUI_TCF21_TARGETS_2_UP","3.39543905913448e-05","0.000384838794548147","0.557332238758646","-0.417113362023185","-1.66922351458663","227","c(""Stmn1"", ""Cdca7"", ""Mcm7"", ""Mif"", ""Ranbp1"", ""Lsm3"", ""Banf1"", ""Rcc2"", ""Fkbp4"", ""Pa2g4"", ""Mns1"", ""Lmnb1"", ""Rpl41"", ""Hnrnpu"", ""Snrpb"", ""Phgdh"", ""Nme1"", ""Ccna2"", ""Cdk1"", ""Tacc3"", ""Cdk2ap1"", ""Cbx5"", ""Ncaph"", ""Ndufb7"", ""Rnaseh2c"", ""Phb"", ""Galk1"", ""Ube2c"", ""Spc24"", ""Suv39h1"", ""Pin1"", ""Dtymk"", ""Cks1b"", ""Pole3"", ""Cdca3"", ""Srm"", ""Mcm5"", ""Hmmr"", ""Mxd3"", ""Ckap5"", ""Tyms"", ""Mrto4"", ""Hnrnpr"", ""Wnt8b"", ""Uhrf1"", ""Kif22"", ""Hmgb3"", ""Xrcc1"", ""Ccnb2"", ""Cdca8"", ""Bcl7a"", ""Ube2t"", ""Apex1"", ""Rfc3"", ""Dnajc9"", ""Hells"", ""Incenp"", 
""Mcm3"", ""Grwd1"", ""Dctpp1"", ""Tpx2"", ""Rad51"", ""Hjurp"", ""Cdt1"", ""Nuf2"", ""Fxn"", ""Tbrg4"", ""Pold2"", ""Ppan"", ""Blm"", ""Cenpk"", ""Tk1"", ""Lmnb2"", ""Noc4l"", ""Anapc15"", ""Emc8"", ""Zfp593"", ""Cdc45"", ""Exosc8"", ""Timeless"", ""Nt5dc2"", ""Patz1"", ""Mex3a"", ""Ska3"", ""Lsm4"", ""Adamts20"", ""Cenpa"", ""Atad3a"", ""Mir17hg"", ""Aspm"", ""Prim1"", ""Espl1"", ""Knstrn"", ""Cdca5"", ""Syce2"", ""Hspbp1"", ""Exosc5"", ""Psat1"", ""Tmem151b"", ""Smc1a"", ""Dtl"", ""Col6a2"", ""Camsap3"", ""Pafah1b3"", ""Pold1"")"
"481","GOBP_REGULATION_OF_SPINDLE_ORGANIZATION","0.00863995772933246","0.0368402658570421","0.380730400722792","-0.690613131141976","-1.66893030554596","15","c(""Hnrnpu"", ""Tacc3"", ""Plk1"", ""Nup62"", ""Tpx2"", ""Bora"", ""Ccsap"", ""Sass6"", ""Gpsm2"", ""Drg1"", ""Spag5"")"
"482","GOCC_SERINE_THREONINE_PROTEIN_KINASE_COMPLEX","0.00617252401584835","0.0284104536363485","0.407017918923954","-0.567170862263759","-1.66850318424249","33","c(""Pcna"", ""Xrcc6"", ""Gtf2h4"", ""Cks2"", ""Ccna2"", ""Cdk1"", ""Dbf4"", ""Ccne2"", ""Cks1b"", ""Ccnb1"", ""Cdk2"", ""Ccnf"", ""Cdk4"", ""Ccnb2"")"
"483","REACTOME_CELLULAR_RESPONSE_TO_CHEMICAL_STRESS","0.000908474892250868","0.00609932220737836","0.477270815362862","-0.489232242902348","-1.66737047647869","69","c(""Cox7c"", ""Cycs"", ""Txn1"", ""Psma6"", ""Psmc3"", ""Cox7b"", ""Cox6a1"", ""Cox5b"", ""Ndufa4"", ""Psmc4"", ""Psmc6"", ""Psmd3"", ""Psma7"", ""Psmb6"", ""Prdx1"", ""Psmd14"", ""Psmc2"", ""Psmd13"", ""Psmb3"", ""Psmc5"", ""Cox5a"", ""Psmd2"", ""Psmc1"", ""Psmd12"", ""Psmb7"", ""Sod1"", ""Akt1"", ""Cox8a"", ""Psmd6"")"
"484","GOBP_SPLICEOSOMAL_COMPLEX_ASSEMBLY","0.00443381290812218","0.0217455296873662","0.407017918923954","-0.645691775513246","-1.66655169240769","20","c(""Ddx39b"", ""Srsf10"", ""Srsf6"", ""Srsf1"", ""Sf3a3"", ""Psip1"", ""Snrpc"", ""Prpf19"", ""Sf3a2"", ""Gemin6"")"
"485","GOBP_RNA_MODIFICATION","0.00381556272513598","0.0195028985995141","0.431707695803346","-0.527353834055765","-1.66638116573275","47","c(""Hnrnpab"", ""Nop10"", ""Larp7"", ""Fbl"", ""Syncrip"", ""Dkc1"", ""Gar1"", ""Aars"", ""Trmt10a"", ""Nsun2"", ""Hnrnpc"", ""Akt1"", ""Mettl16"", ""Ftsj3"", ""Nop2"", ""Rbm15"", ""Osgep"", ""Trmt112"", ""Tgs1"", ""Dus1l"", ""Dus4l"", ""Trmt6"", ""Mettl6"", ""Thumpd3"", ""Yrdc"", ""Dimt1"", ""Kti12"", ""Nhp2"", ""Thumpd1"")"
"486","MIR_216B_3P","0.012665447845362","0.0499238260805868","0.380730400722792","-0.671496419814591","-1.66459177024686","16","c(""Pcbp1"", ""Cbx5"", ""Ncaph"", ""Pola1"", ""Cstf2"", ""Rps6ka6"")"
"487","WP_EUKARYOTIC_TRANSCRIPTION_INITIATION","0.00593890845402068","0.0275284676422908","0.407017918923954","-0.632594355444816","-1.66437225515188","21","c(""Gtf2h4"", ""Polr2k"", ""Polr2j"", ""Ak6"", ""Polr3k"", ""Polr2c"", ""Polr2e"", ""Polr2i"", ""Gtf2a2"", ""Gtf2f2"", ""Polr3d"", ""Polr2h"")"
"488","CAIRO_PML_TARGETS_BOUND_BY_MYC_UP","0.00913741131284426","0.0386738405012265","0.380730400722792","-0.652496555006226","-1.6641691090178","19","c(""Ptma"", ""Cdca7"", ""Ybx1"", ""Ddx18"", ""Eif4e"", ""Ccnb1"", ""Cdk4"", ""Npm1"")"
"489","REACTOME_REGULATION_OF_MRNA_STABILITY_BY_PROTEINS_THAT_BIND_AU_RICH_ELEMENTS","0.00411888787913406","0.0206339432250104","0.407017918923954","-0.509543007824099","-1.6635771233175","55","c(""Set"", ""Psma6"", ""Psmc3"", ""Hnrnpd"", ""Psmc4"", ""Hspa8"", ""Psmc6"", ""Exosc2"", ""Psmd3"", ""Pabpc1"", ""Psma7"", ""Psmb6"", ""Exosc3"", ""Psmd14"", ""Psmc2"", ""Psmd13"", ""Psmb3"", ""Psmc5"", ""Psmd2"", ""Psmc1"", ""Khsrp"", ""Psmd12"", ""Psmb7"", ""Akt1"", ""Psmd6"", ""Psma2"", ""Exosc8"", ""Exosc1"", ""Psmb2"")"
"490","MIR_7089_3P","0.00395771114038614","0.0200862596372695","0.407017918923954","-0.599432132637965","-1.66317418232359","26","c(""Srsf3"", ""Eif3j1"", ""Lmnb1"", ""Camk4"", ""Ndufa4"", ""Slc16a1"")"
"491","GOCC_CYTOPLASMIC_STRESS_GRANULE","0.00588859468494968","0.0273671722189517","0.407017918923954","-0.614423676880458","-1.66058171910084","24","c(""Ybx1"", ""Eif4e"", ""Kpna2"", ""Ssb"", ""Ddx1"", ""G3bp1"", ""Eif2s1"", ""Pabpc1"", ""Ddx19a"", ""Kpnb1"", ""Eif3b"", ""Khsrp"", ""Caprin1"")"
"492","GOMF_UNFOLDED_PROTEIN_BINDING","0.00673686318372351","0.0304219766603577","0.407017918923954","-0.564398623235059","-1.66034781175314","33","c(""St13"", ""Hsp90aa1"", ""Hsp90ab1"", ""Cct8"", ""Srsf10"", ""Nudc"", ""Cct3"", ""Ptges3"", ""Tcp1"", ""Hspa8"", ""Hspa9"", ""Hspe1"", ""Cct7"", ""Npm1"")"
"493","GOBP_RIBONUCLEOPROTEIN_COMPLEX_BIOGENESIS","2.71110243738737e-05","0.000317309642416664","0.575610261071129","-0.413737055221625","-1.65904250965389","231","c(""Snrpf"", ""Ncl"", ""Serbp1"", ""Hsp90aa1"", ""Snrpg"", ""Eif2s2"", ""Nop10"", ""Rpl38"", ""Ddx21"", ""Ddx18"", ""Ran"", ""Snrpd3"", ""Rps28"", ""Snrpd2"", ""Eif5b"", ""Snrpd1"", ""Pa2g4"", ""Wdr43"", ""Nop58"", ""Nop56"", ""Rpl35"", ""Rpl6"", ""Ddx39b"", ""Rps27l"", ""Srsf10"", ""Rps17"", ""C1qbp"", ""Snrpb"", ""Pdcd11"", ""Nifk"", ""Clns1a"", ""Fbl"", ""Wbp11"", ""Ptges3"", ""Rpf2"", ""Snrpe"", ""Npm3"", ""Eri1"", ""Srsf6"", ""Fcf1"", ""Srsf1"", ""Suv39h1"", ""Lsm2"", ""Wdr12"", ""Dhx9"", ""Ruvbl1"", ""Ruvbl2"", ""Brix1"", ""Dkc1"", ""Lyar"", ""Gar1"", ""Exosc2"", ""Rsl24d1"", ""Nol7"", ""Rps19bp1"", 
""Sf3a3"", ""Ckap5"", ""Mrto4"", ""Ebna1bp2"", ""Pop4"", ""Npm1"", ""Ddx10"", ""Exosc3"", ""Lsm6"", ""Wdr18"", ""Nudt21"", ""Rpp30"", ""Psip1"", ""Denr"", ""Rbm34"", ""Utp18"", ""Rsl1d1"", ""Snrpc"", ""Prpf19"", ""Strap"", ""Rrp15"", ""Sf3a2"", ""Rrp9"", ""Grwd1"", ""Bysl"", ""Ddx56"", ""Eif6"", ""Pes1"", ""Cinp"", ""Mybbp1a"", ""Ppan"", ""Mettl16"", ""Noc2l"", ""Gemin6"", ""Ftsj3"", ""Abce1"", ""Znhit3"", ""Nop2"", ""Polr2d"", ""Tssc4"", ""Pwp1"", ""Noc4l"", ""Tma16"", ""Ddx27"", ""Mphosph10"", ""Ltv1"", ""Zfp593"", ""Smn1"")"
"494","WANG_TUMOR_INVASIVENESS_UP","3.67398246198314e-05","0.000413142929793594","0.557332238758646","-0.417137760083092","-1.65843719892392","211","c(""Tubb5"", ""Tuba1b"", ""Srsf3"", ""Atp5k"", ""Cox7c"", ""Ybx1"", ""H3f3b"", ""Ncl"", ""Tubb4b"", ""Cycs"", ""Arpp19"", ""Serbp1"", ""Gapdh"", ""Ppia"", ""Pcna"", ""Hnrnpab"", ""Amd1"", ""Hmgb2"", ""Eif2s2"", ""Cox7a2"", ""Hnrnpa2b1"", ""Hspd1"", ""Srsf7"", ""Snrpd2"", ""Eif5b"", ""Rdx"", ""Dbi"", ""Fkbp4"", ""Ezh2"", ""Stip1"", ""Rpl35"", ""Rpl6"", ""U2af2"", ""Pcbp1"", ""Hnrnpu"", ""Ndufs6"", ""Higd1a"", ""Nucks1"", ""Cct3"", ""Trim28"", ""Atp5h"", ""Eny2"", ""Uba2"", ""Raly"", ""Kpna2"", ""Tacc3"", ""Hspa8"", ""Ndufb7"", ""Ssb"", ""Ddx1"", ""Nap1l1"", ""Rfc1"", ""Cks1b"", ""Rplp2"", ""Hspe1"", ""Nelfe"", 
""Cdca3"", ""Nutf2"", ""Psmd3"", ""Kif11"", ""Pabpc1"", ""Psma7"", ""Ctcf"", ""Ssna1"", ""Hnrnpr"", ""Atp5a1"", ""Eif4h"", ""Npm1"")"
"495","TEX10_TARGET_GENES","9.35969891977275e-08","2.20896597962538e-06","0.704975715167238","-0.386633373569731","-1.65784351896274","476","c(""Hmgb1"", ""Stmn1"", ""Tubb5"", ""Tuba1b"", ""Cbx3"", ""Calm2"", ""Cdca7"", ""St13"", ""Atp5b"", ""Anp32e"", ""Ncl"", ""Eif4a1"", ""Hmgn2"", ""Set"", ""Gapdh"", ""Ppia"", ""Tomm7"", ""Pcna"", ""Hsp90aa1"", ""Hnrnpa2b1"", ""Srsf2"", ""Ywhae"", ""Hsp90ab1"", ""Atp5g3"", ""Nop58"", ""Dynll1"", ""Rrm2"", ""Hnrnpdl"", ""Nop56"", ""Rps27l"", ""Pcbp1"", ""Hnrnpu"", ""Ndufs6"", ""Srsf10"", ""Nudc"", ""Cux1"", ""Pole4"", ""Rbbp7"", ""Raly"", ""Drap1"", ""Dgke"", ""Sms"", ""Ncapd2"", ""Ndufab1"", ""Nppc"", ""Galk1"", ""Asf1a"", ""Impdh2"", ""Hspa9"", ""Lsm2"", ""Ywhaq"", ""Prc1"", ""Lockd"", ""Rfc1"", ""Vdac1"", 
""Atp5o"", ""Slc16a1"", ""Rplp2"", ""G3bp1"", ""Srm"", ""Aurka"", ""Psmd3"", ""Mrps28"", ""Mtf2"", ""Rps19bp1"", ""Kif11"", ""Hmmr"", ""Atad2"", ""Srrm1"", ""Ssna1"", ""Psmb6"", ""Sephs2"", ""Mrpl49"", ""Wdr76"", ""Uck2"", ""Mrps18c"", ""Prdx1"", ""Ndufb6"", ""Uhrf1"", ""Elk3"", ""Phf5a"", ""Nup85"", ""Get4"", ""Atp5c1"", ""Leo1"", ""Pgk1"", ""Elovl2"", ""Slirp"", ""Ctdspl2"", ""Dynll2"", ""Ube2l3"", ""Zcchc8"", ""Incenp"", ""Nt5c2"", ""Psmg2"", ""Actn4"", ""Prpf40a"", ""Supt16"", ""Tuba1c"", ""Sf3a2"", ""Ppp5c"", ""Nde1"", ""Dcun1d5"", ""Tdp2"", ""Mrpl15"", ""Suz12"", ""Timm50"", ""Ddx56"", ""Hars"", 
""Gmcl1"", ""Cdt1"", ""Thap1"", ""Gins1"", ""Ndc1"", ""Ptbp1"", ""Rps26"", ""Tbrg4"", ""Sfmbt1"", ""Caprin1"", ""Cinp"", ""Pold2"", ""Ppp1r8"", ""Cep70"", ""Eed"", ""Atad5"", ""Parp1"", ""Dennd5b"", ""Akap1"", ""Hdac1"", ""Mlf2"", ""Rpgrip1"", ""Ube2m"", ""Rnf187"", ""Comt"", ""Arl6ip6"", ""Topbp1"", ""Anapc15"", ""Ptrh1"", ""Pmf1"", ""Rpl37"", ""E2f7"", ""Srebf2"", ""Dnajc11"", ""Exosc8"", ""Polr3d"", ""Med19"", ""Col5a1"", ""Fzr1"", ""Aldh9a1"", ""Patz1"", ""Pola2"", ""Mrpl40"", ""Mapk1"", ""Cdc25a"", ""Alg13"", ""Cct5"", ""Las1l"", ""Sephs1"", ""Ing2"", ""Cenpp"", ""Trap1"", ""Cacnb3"", ""Raf1"", ""Pfas"", 
""Cbfa2t3"", ""Me2"", ""Drg1"", ""Csrp1"", ""Baz1b"", ""Ccdc88a"", ""Usp10"", ""Sart3"", ""Ilf3"", ""Memo1"", ""Rad23b"", ""Dus1l"", ""Cdx1"", ""Mtch2"", ""Syce2"", ""Prr11"", ""Nup54"", ""Vegfb"", ""Npat"", ""Mrpl47"", ""Smyd2"", ""Hira"", ""Nup133"", ""Eri3"", ""Dars"", ""Xndc1"", ""Chek1"", ""Mrpl2"", ""Usp14"", ""Rwdd1"", ""Haus6"", ""Hax1"", ""Pgm2l1"", ""Cit"")"
"496","REACTOME_UCH_PROTEINASES","0.00393014744561764","0.0199817336884904","0.407017918923954","-0.547392090688257","-1.6574914960171","40","c(""Psma6"", ""Psmc3"", ""Psmc4"", ""Psmc6"", ""Uchl3"", ""Ruvbl1"", ""Uchl5"", ""Psmd3"", ""Psma7"", ""Psmb6"", ""Psmd14"", ""Actl6a"", ""Psmc2"", ""Psmd13"", ""Psmb3"", ""Psmc5"", ""Psmd2"", ""Psmc1"", ""Hcfc1"", ""Psmd12"", ""Psmb7"", ""Psmd6"", ""Psma2"", ""Psmb2"", ""Bard1"", ""Psmd1"")"
"497","GOBP_RNA_TEMPLATED_DNA_BIOSYNTHETIC_PROCESS","0.0056500550359302","0.0264514821478038","0.407017918923954","-0.563460137635217","-1.65625926839636","34","c(""Hsp90aa1"", ""Nop10"", ""Hnrnpu"", ""Cct8"", ""Cct3"", ""Ptges3"", ""Tcp1"", ""Dkc1"", ""Gar1"", ""Aurkb"", ""Cct7"", ""Tinf2"", ""Hnrnpc"", ""Rpa1"", ""Ctc1"", ""Nek2"", ""Mapk1"", ""Cct5"", ""Cct2"", ""Pinx1"", ""Pif1"")"
"498","GOMF_BASAL_TRANSCRIPTION_MACHINERY_BINDING","0.00625894181350989","0.0287294310238767","0.407017918923954","-0.615791175538147","-1.65611144883038","23","c(""Wdr43"", ""Nop58"", ""Hnrnpu"", ""Llph"", ""Fbl"", ""Drap1"", ""Dhx9"", ""Ruvbl1"", ""Ruvbl2"", ""Leo1"", ""Gtf2f1"", ""Nolc1"", ""Gtf2a2"")"
"499","GOCC_CYTOSOLIC_REGION","0.00651675789923022","0.0296380702236997","0.407017918923954","-0.664678953929573","-1.6558985246207","17","c(""Hnrnpab"", ""Hnrnpa2b1"", ""Eif4e"", ""Hspa8"", ""Pin1"", ""Baiap2"", ""Marcks"")"
"500","HOXA11_TARGET_GENES","0.00689797536249652","0.0310030475736031","0.407017918923954","-0.628249367046602","-1.65294047730452","21","c(""Srsf7"", ""Rsl24d1"", ""Atad2"", ""Atp5l"", ""Gmcl1"", ""Psma2"", ""Polr2i"", ""Txnl4a"", ""Cct5"", ""Zc3h8"", ""Mis18a"", ""Lig4"")"
"501","GOCC_ENVELOPE","4.62814341599154e-07","9.08986386668202e-06","0.674962860011025","-0.385860321103474","-1.65220180114967","430","c(""Tubb5"", ""Cbx3"", ""Calm2"", ""Atp5k"", ""Atp5b"", ""Cox7c"", ""Uqcr11"", ""Atp5j2"", ""Cycs"", ""Ranbp1"", ""Gapdh"", ""Ndufa5"", ""Tomm7"", ""Slc25a5"", ""Atp5e"", ""Eif5a"", ""Romo1"", ""Uqcr10"", ""Cox7a2"", ""Uqcrq"", ""Ran"", ""Hspd1"", ""Atp5g3"", ""Mns1"", ""Lmnb1"", ""Ndufc1"", ""Rrm2"", ""Atp5g1"", ""Cox7b"", ""Ndufs6"", ""Mad1l1"", ""Higd1a"", ""Dnajc15"", ""Tmpo"", ""Atp5j"", ""Ndufb4"", ""Cox6a1"", ""Atp5h"", ""Eny2"", ""Cox5b"", ""Ndufa12"", ""Sdhb"", ""Nme1"", ""Ndufa4"", ""Kpna2"", ""Lbr"", ""Ndufab1"", ""Tomm40"", ""Wdr93"", ""Ndufb7"", ""Mrpl23"", ""Phb"", ""Ndufb2"", ""Uqcrb"", 
""Vdac1"", ""Atp5o"", ""Rrm1"", ""Agpat5"", ""Nutf2"", ""Mrps28"", ""Rangap1"", ""Mrps5"", ""Cacybp"", ""Pola1"", ""Cdk2"", ""Mad2l1"", ""Cyc1"", ""Tyms"", ""Mrpl49"", ""Cdk4"", ""Atp5l"", ""Mrps18c"", ""Atp5a1"", ""Ndufb6"", ""Nup85"", ""Mrpl18"", ""Timm13"", ""Atp5c1"", ""Calm3"", ""Cse1l"", ""Mrps6"", ""Mrpl57"", ""Utp18"", ""Mrps14"", ""Nup107"", ""Mrpl51"", ""Timm8b"", ""Pak1"", ""Cenpf"", ""Nup62"", ""Chchd1"", ""Mrpl50"", ""Nme2"", ""Mrpl15"", ""Shmt2"", ""Mrpl3"", ""Kpnb1"", ""Vdac2"", ""Timm50"", ""Cyb5b"", ""Mrpl12"", ""Gmcl1"", ""Nrm"", ""Mrps25"", ""Taf3"", ""Ndc1"", ""Aaas"", ""Cox5a"", ""Tomm6"", 
""Mrpl13"", ""Chchd2"", ""Faf1"", ""Ccar1"", ""Mrps11"", ""Mtx2"", ""Sod1"", ""Cox8a"", ""Pgrmc1"", ""Acsl3"", ""Rbmx2"", ""Nxt1"", ""Parp1"", ""Samm50"", ""Cetn3"", ""Akap1"", ""Fundc2"", ""Aifm1"", ""Pcm1"", ""Nup37"", ""Timm17a"", ""Lmnb2"", ""Aen"", ""Arl6ip6"")"
"502","GOBP_POSITIVE_REGULATION_OF_INTRACELLULAR_TRANSPORT","0.00247597190334769","0.013812936639785","0.431707695803346","-0.492086368872784","-1.65139566799576","63","c(""Tomm7"", ""Hsp90aa1"", ""Anp32b"", ""Ran"", ""Ywhae"", ""Rdx"", ""Hsp90ab1"", ""Pdcd5"", ""Trim28"", ""Camk4"", ""Jup"", ""Cdk1"", ""Dhx9"", ""Nutf2"", ""Kif20b"", ""Ctdspl2"", ""Pak1"")"
"503","GOBP_SPINDLE_LOCALIZATION","0.00982146337247954","0.0406157111240166","0.380730400722792","-0.61859923684992","-1.64956828297515","22","c(""Nusap1"", ""Mad2l1"", ""Ndc80"", ""Plk1"", ""Spdl1"", ""Nde1"", ""Kpnb1"", ""Gpsm2"", ""Enkd1"", ""Cenpa"", ""Aspm"", ""Spag5"", ""Sapcd2"", ""Itgb1"")"
"504","REACTOME_GENE_SILENCING_BY_RNA","0.00711929869834188","0.0316750799340502","0.407017918923954","-0.62669931274259","-1.64886224398585","21","c(""Ran"", ""Nup85"", ""Nup107"", ""Nup62"", ""Ndc1"", ""Aaas"", ""Nup37"", ""Seh1l"", ""Nup205"", ""Nup188"", ""Nup43"", ""Sec13"", ""Pom121"", ""Nup54"", ""Nup133"")"
"505","REACTOME_TRANSCRIPTIONAL_REGULATION_BY_SMALL_RNAS","0.00711929869834188","0.0316750799340502","0.407017918923954","-0.62669931274259","-1.64886224398585","21","c(""Ran"", ""Nup85"", ""Nup107"", ""Nup62"", ""Ndc1"", ""Aaas"", ""Nup37"", ""Seh1l"", ""Nup205"", ""Nup188"", ""Nup43"", ""Sec13"", ""Pom121"", ""Nup54"", ""Nup133"")"
"506","PHF2_TARGET_GENES","6.58281233333997e-07","1.25008042157963e-05","0.659444398037935","-0.383721228292381","-1.64842094636749","449","c(""Hmgb1"", ""Tubb5"", ""St13"", ""Cox7c"", ""H3f3b"", ""Tubb4b"", ""Cbx1"", ""Mcm7"", ""Hmgn2"", ""Ranbp1"", ""Set"", ""Eif3j1"", ""Ube2s"", ""Ap3s1"", ""Uqcr10"", ""Snrpd3"", ""Lsm3"", ""Banf1"", ""Eif4a3"", ""Rps28"", ""Srsf7"", ""Ywhae"", ""Psma6"", ""Hsp90ab1"", ""Lmnb1"", ""Rpl41"", ""Ndufc1"", ""Taf1d"", ""Polr2l"", ""Rrm2"", ""Snhg9"", ""Ddx39b"", ""Pcbp1"", ""Ndufs6"", ""Smc4"", ""Mad1l1"", ""Atp5h"", ""Eny2"", ""Pole4"", ""Snrpb2"", ""Eif4e"", ""Jup"", ""Wbp11"", ""Sms"", ""Cdca4"", ""Dbf4"", ""Rpf2"", ""Cops5"", ""Tcp1"", ""Hspa8"", ""Ccne2"", ""Cbx5"", ""Nfyb"", ""Galk1"", ""Ssbp1"", ""Syncrip"", 
""Lsm2"", ""Ywhaq"", ""Wdr12"", ""Rfc1"", ""Pin1"", ""Ccnb1"", ""Exosc2"", ""Erh"", ""Eif2s1"", ""Ncapg"", ""Baiap2"", ""Pabpc1"", ""Ddx19a"", ""Pola1"", ""Mad2l1"", ""Gspt1"", ""Cyc1"", ""Wdr76"", ""Ppid"", ""Mrps18c"", ""Prdx1"", ""Morf4l2"", ""Get4"", ""Mrpl18"", ""Xrra1"", ""Mogs"", ""Wdr18"", ""Bcl7a"", ""Mcm4"", ""Nudt21"", ""Cep57"", ""Denr"", ""Msh6"", ""Rbm34"", ""Snrpc"", ""Klf13"", ""Srsf9"", ""Hells"", ""Mis18bp1"", ""Trmt10a"", ""Snhg6"", ""Egln3"", ""Rrp9"", ""Mrpl15"", ""Fen1"", ""Azin1"", ""Tpx2"", ""Kpnb1"", ""Sfpq"", ""Nsun2"", ""G2e3"", ""Psmd13"", ""Fam162a"", ""Tomm6"", ""Rpl36a"", ""Rps26"", 
""Faf1"", ""Sfmbt1"", ""Caprin1"", ""Anapc13"", ""Cinp"", ""Mettl16"", ""Noc2l"", ""Eed"", ""Fam72a"", ""Qser1"", ""Brcc3"", ""Rpa2"", ""Parp1"", ""Tk1"", ""Pdzrn3"", ""Eif1ad"", ""Akap1"", ""Psma2"", ""Bora"", ""Arl6ip6"", ""Topbp1"", ""Gtf2a2"", ""Zfp101"", ""Cep83"", ""Nek2"", ""Rbm15"", ""Emc8"")"
"507","GOCC_HISTONE_DEACETYLASE_COMPLEX","0.00982146337247954","0.0406157111240166","0.380730400722792","-0.618158005760905","-1.64839168790916","22","c(""Anp32e"", ""Rbbp4"", ""Rbbp7"", ""Mbd3"", ""Cdk2ap1"", ""Cbx5"", ""Ruvbl1"", ""Ruvbl2"", ""Brd8"", ""Hdac2"", ""Sap18"", ""Cfdp1"")"
"508","REACTOME_PROTEIN_UBIQUITINATION","0.00827887650922413","0.0357525276960846","0.380730400722792","-0.654604034290188","-1.64822045240134","18","c(""Pcna"", ""Ube2s"", ""Uchl3"", ""Ube2c"", ""Ube2e3"", ""Cdc34"", ""Ube2n"", ""Leo1"", ""Ube2t"", ""Ube2l3"", ""Ube2a"", ""Bcl10"")"
"509","MCCLUNG_DELTA_FOSB_TARGETS_2WK","0.0102645287395805","0.0421080631770345","0.380730400722792","-0.681958259620653","-1.64801501054041","15","c(""Stmn1"", ""Txn1"", ""Tubb2a"", ""Gars"")"
"510","GOBP_REGULATION_OF_PROTEIN_IMPORT_INTO_NUCLEUS","0.010338367042805","0.0422899678962103","0.380730400722792","-0.568868415851946","-1.64758033194526","31","c(""Hsp90aa1"", ""Ran"", ""Hsp90ab1"", ""Trim28"", ""Jup"", ""Cdk1"", ""Nutf2"", ""Nup62"", ""Ect2"", ""Akap1"", ""Nolc1"", ""Ipo5"", ""Chp2"", ""Mapk1"", ""Brca1"", ""Nup54"")"
"511","GOCC_ENDOPEPTIDASE_COMPLEX","0.00496814253976938","0.0237832199211831","0.407017918923954","-0.532779750821755","-1.64755310411761","43","c(""Psma6"", ""Psmc3"", ""Psmc4"", ""Psmc6"", ""Uchl5"", ""Psmd3"", ""Psma7"", ""Psmb6"", ""Rad23a"", ""Psmd14"", ""Psmc2"", ""Psmd13"", ""Psmb3"", ""Psmc5"", ""Psmd2"", ""Psmc1"", ""Psmd12"", ""Psmb7"", ""Psmd6"", ""Psma2"", ""Txnl1"", ""Pidd1"", ""Psmb2"", ""Psmd1"")"
"512","GOBP_REGULATION_OF_MRNA_CATABOLIC_PROCESS","0.00751259254719967","0.0331635365189989","0.407017918923954","-0.511830453382508","-1.64720513182638","50","c(""Ybx1"", ""Hnrnpab"", ""Rbm8a"", ""Eif4a3"", ""Hnrnpu"", ""Hnrnpd"", ""Magoh"", ""Syncrip"", ""Srsf1"", ""Dhx9"", ""Exosc2"", ""Pabpc1"", ""Hnrnpr"", ""Rbm24"", ""Npm1"", ""Exosc3"", ""Apex1"", ""Ptbp1"", ""Tbrg4"", ""Khsrp"", ""Hnrnpc"", ""Caprin1"", ""Mettl16"", ""Taf15"")"
"513","GOBP_MATURATION_OF_5_8S_RRNA_FROM_TRICISTRONIC_RRNA_TRANSCRIPT_SSU_RRNA_5_8S_RRNA_LSU_RRNA","0.0104745658772227","0.0427252029202507","0.380730400722792","-0.645507201490982","-1.64634301304406","19","c(""Eri1"", ""Fcf1"", ""Wdr12"", ""Exosc2"", ""Npm1"", ""Exosc3"", ""Pes1"", ""Ftsj3"", ""Exosc8"", ""Nop9"", ""Exosc7"", ""Bop1"", ""Eri3"", ""Exosc9"", ""Rrs1"")"
"514","GOMF_DAMAGED_DNA_BINDING","0.010338367042805","0.0422899678962103","0.380730400722792","-0.56837059470581","-1.64613852166657","31","c(""Hmgb1"", ""Pcna"", ""Hmgb2"", ""Xrcc6"", ""Rpa3"", ""Xrcc1"", ""Apex1"", ""Msh6"", ""Rad23a"", ""Neil3"", ""Rpa1"", ""Blm"", ""Rpa2"", ""Parp1"")"
"515","REACTOME_CYTOPROTECTION_BY_HMOX1","0.0104122172708107","0.0425617006757658","0.380730400722792","-0.680784994922129","-1.64517970822208","15","c(""Cox7c"", ""Cycs"", ""Cox7b"", ""Cox6a1"", ""Cox5b"", ""Ndufa4"")"
"516","MIR_6928_3P","0.00823096916311562","0.0355724251322291","0.380730400722792","-0.659409786526184","-1.64277157592213","17","c(""Rag1"", ""F13a1"", ""Rpp30"", ""Pak1"", ""Rad51"")"
"517","REACTOME_POLYMERASE_SWITCHING_ON_THE_C_STRAND_OF_THE_TELOMERE","0.00959760354139619","0.0400890431973104","0.380730400722792","-0.652163248816174","-1.64207482492663","18","c(""Pcna"", ""Rfc1"", ""Pola1"", ""Prim2"", ""Rfc3"", ""Rfc5"", ""Pold2"", ""Rfc4"", ""Pold3"", ""Ctc1"", ""Pola2"", ""Rfc2"", ""Prim1"", ""Pold1"", ""Terf1"", ""Dscc1"", ""Terf2ip"")"
"518","REACTOME_SUMOYLATION_OF_SUMOYLATION_PROTEINS","0.0108552830695135","0.0440276155612872","0.380730400722792","-0.615512929140751","-1.64133827717289","22","c(""Sumo2"", ""Nup85"", ""Nup107"", ""Nup62"", ""Ndc1"", ""Aaas"", ""Nup37"", ""Seh1l"", ""Nup205"", ""Nup188"", ""Nup43"", ""Sec13"", ""Pom121"", ""Nup54"", ""Nup133"", ""Nup50"", ""Nup155"", ""Nup93"", ""Topors"", ""Nup88"")"
"519","GOCC_KINESIN_COMPLEX","0.0100371800856032","0.0413826224233893","0.380730400722792","-0.651059983208099","-1.63929692432656","18","c(""Ywhae"", ""Kif23"", ""Kif20b"", ""Kif22"", ""Kif20a"", ""Nde1"", ""Kif18a"", ""Kif2c"", ""Kif15"", ""Kif14"", ""Kif18b"", ""Kif2a"")"
"520","GOBP_REGULATION_OF_CELL_DIVISION","0.0040572481574155","0.020428725358014","0.407017918923954","-0.505331282873746","-1.63905402283337","53","c(""Calm2"", ""Ybx1"", ""Birc5"", ""Igf2"", ""Kif23"", ""Prc1"", ""Pin1"", ""Aurkb"", ""Aurka"", ""Racgap1"", ""Kif20b"", ""Plk1"", ""Calm3"", ""Cdca8"", ""Wdr5"", ""Kif20a"", ""Incenp"", ""Prpf40a"", ""Nup62"", ""Ect2"", ""Blm"", ""E2f8"", ""E2f7"", ""Kif14"", ""Sgf29"", ""Kif18b"")"
"521","KDM4B_TARGET_GENES","1.67160125321573e-06","2.84729951767676e-05","0.643551836150722","-0.390747177182066","-1.63877114275086","347","c(""Hmgb1"", ""Stmn1"", ""Atp5b"", ""H3f3b"", ""Mier1"", ""Ncl"", ""Tubb4b"", ""Hnrnpa3"", ""Alyref"", ""Mcm7"", ""Eif4a1"", ""Hmgn2"", ""Gapdh"", ""Top2a"", ""Rpl38"", ""Cox7a2"", ""Srsf2"", ""Naa15"", ""Eif4a3"", ""Atp5g3"", ""Lmnb1"", ""Stip1"", ""Ddx39b"", ""Pcbp1"", ""Ubald2"", ""Cct8"", ""Anapc5"", ""Smc4"", ""Cct3"", ""Atp5j"", ""Magoh"", ""Ndufa4"", ""Wbp11"", ""Ncapd2"", ""Rnps1"", ""Smc3"", ""Tcp1"", ""Cdk2ap1"", ""Psmc6"", ""Lsm8"", ""Ssbp1"", ""Hspa9"", ""Wdr12"", ""Uqcrb"", ""Vdac1"", ""Rrm1"", ""Ruvbl2"", ""Cks1b"", ""Ccnb1"", ""Pole3"", ""Exosc2"", ""Rnf126"", ""Rpl36al"", ""Cenpl"", ""Nutf2"", 
""Aurka"", ""Psmd3"", ""Ppm1g"", ""Otud6b"", ""Ska2"", ""Gart"", ""U2surp"", ""Ckap5"", ""Ctcf"", ""Gspt1"", ""Cct7"", ""Atp5l"", ""Hnrnpr"", ""Prdx1"", ""Get4"", ""Ddx10"", ""Mrpl18"", ""Xrra1"", ""Calm3"", ""Pgk1"", ""Mcm4"", ""Denr"", ""Tdrkh"", ""Klf13"", ""Mrps14"", ""Spdl1"", ""Abcf2"", ""Aars"", ""Mrpl51"", ""Ppp5c"", ""Mrpl15"", ""Suz12"", ""Arhgap19"", ""Actl6a"", ""Rad51"", ""Polr3k"", ""Sfpq"", ""Cyb5b"", ""Wdr89"", ""Thap1"", ""Snrpa"", ""Ptbp1"", ""Cox5a"", ""Ivns1abp"", ""Rps26"", ""Chchd2"", ""Tbrg4"", ""Sod1"", ""Nfya"", ""Polr2e"", ""Foxo6"", ""Mettl16"", ""Pcnt"", ""Cenpk"", ""Abce1"", 
""Cdkn2d"", ""Tcerg1"", ""Tdp1"", ""Cetn3"", ""Pold3"", ""Akap1"", ""Hdac1"")"
"522","MIR_29B_1_5P","0.00482911153630129","0.0232535303616187","0.407017918923954","-0.590592413715278","-1.63864764880843","26","c(""Hmgn2"", ""Serbp1"", ""Cct8"", ""Stag2"", ""Lin9"", ""Pop4"")"
"523","GOCC_MIDBODY","0.00338821585821146","0.0177455871660664","0.431707695803346","-0.495032767765679","-1.63833709148207","58","c(""Ran"", ""Rdx"", ""Rcc2"", ""Usp50"", ""Hnrnpu"", ""Nudc"", ""Gnl3"", ""Cdk1"", ""Birc5"", ""Rad21"", ""Kif23"", ""Prc1"", ""Pin1"", ""Erh"", ""Aurkb"", ""Ssna1"", ""Racgap1"", ""Kif20b"", ""Plk1"", ""Cdca8"", ""Kif20a"", ""Incenp"", ""Cenpf"", ""Nup62"", ""Ect2"", ""Kif4"", ""Nek2"", ""Anln"", ""Cenpc1"", ""Kif14"", ""Ddx11"", ""Cenpe"")"
"524","REACTOME_PYRUVATE_METABOLISM_AND_CITRIC_ACID_TCA_CYCLE","0.00644575527090595","0.0293617207932054","0.407017918923954","-0.634655962385026","-1.63806789604632","20","c(""Sdhb"", ""Aco2"", ""Vdac1"", ""Glo1"", ""Cs"", ""Idh3a"", ""Ldha"", ""Dld"", ""Sdhc"", ""Idh2"", ""Me2"", ""Pdk3"", ""Mdh2"", ""Dlat"")"
"525","GOMF_MOLECULAR_CARRIER_ACTIVITY","0.00928682399815098","0.0390755213715304","0.380730400722792","-0.556800810053454","-1.63799656571735","33","c(""Ptma"", ""Anp32e"", ""Nasp"", ""Kpna2"", ""Ndufab1"", ""Asf1a"", ""Nap1l1"", ""Asf1b"", ""Nutf2"", ""Cse1l"", ""Kpnb1"", ""Fxn"", ""Kpna3"", ""Pwp1"", ""Emc8"", ""Ipo5"", ""Nubp1"")"
"526","REACTOME_GAP_JUNCTION_TRAFFICKING_AND_REGULATION","0.00851725664871404","0.0365070753963939","0.380730400722792","-0.657240995325518","-1.63736851911078","17","c(""Tuba1b"", ""Tubb4b"", ""Tuba1a"", ""Tubb2a"", ""Cltb"", ""Tuba1c"")"
"527","REACTOME_DUAL_INCISION_IN_GG_NER","0.0073699845841965","0.0326385031585845","0.407017918923954","-0.608530705779727","-1.63658511008365","23","c(""Pcna"", ""Gtf2h4"", ""Pole4"", ""Rfc1"", ""Rpa3"", ""Pole3"", ""Rfc3"", ""Rfc5"", ""Rpa1"", ""Pold2"", ""Rfc4"", ""Parp1"", ""Pold3"")"
"528","REACTOME_PTEN_REGULATION","0.00426530722309174","0.021215556742785","0.407017918923954","-0.504563431267568","-1.63656347790433","53","c(""Rbbp4"", ""Psma6"", ""Ezh2"", ""Psmc3"", ""Rbbp7"", ""Psmc4"", ""Mbd3"", ""Psmc6"", ""Psmd3"", ""Psma7"", ""Psmb6"", ""Psmd14"", ""Suz12"", ""Psmc2"", ""Psmd13"", ""Psmb3"", ""Psmc5"", ""Psmd2"", ""Psmc1"", ""Psmd12"", ""Psmb7"", ""Akt1"", ""Psmd6"", ""Eed"", ""Stub1"", ""Psma2"", ""Hdac1"")"
"529","GOBP_HOMOLOGOUS_RECOMBINATION","0.00526481297762248","0.0249534730798884","0.407017918923954","-0.589192204448121","-1.634762652032","26","c(""Top2a"", ""Gm960"", ""Psmc3ip"", ""Trip13"", ""Rad51"", ""Rad51ap1"", ""Topbp1"", ""Bard1"", ""Brca1"", ""Fancm"", ""Rad54l"", ""Brip1"", ""Ankle1"", ""Rbbp8"", ""Rad54b"")"
"530","GLI3_TARGET_GENES","3.38434516498901e-05","0.000384340980618059","0.557332238758646","-0.40479178009748","-1.63448626707297","239","c(""Rbbp4"", ""Mcm7"", ""Srsf2"", ""Hmgn1"", ""Larp7"", ""Eif4a3"", ""Srsf7"", ""Hsp90ab1"", ""Snrpd1"", ""Nop58"", ""Rgcc"", ""Dynll1"", ""Lsm7"", ""Hdgf"", ""Mat2a"", ""Slbp"", ""Rpl31"", ""Wbp11"", ""Rnps1"", ""Ilf2"", ""Hspa8"", ""Cbx5"", ""Polr2j"", ""Eif3g"", ""Myef2"", ""Lsm2"", ""Fabp7"", ""Rpa3"", ""Ckap2"", ""Rpl36al"", ""Psmd3"", ""Sf3b4"", ""U2surp"", ""Nt5c3b"", ""Mrpl49"", ""Cdk4"", ""Hnrnpr"", ""Prdx1"", ""Atpif1"", ""Calm3"", ""Cdkn2aipnl"", ""Rabggtb"", ""Ctdspl2"", ""Rbm34"", ""Snrpc"", ""Spdl1"", ""Snhg6"", ""Cstf2"", ""Rbm17"", ""Pds5b"", ""Paics"", ""Tdp2"", ""Suz12"", ""Meaf6"", ""Bhlhb9"", 
""Ddah2"", ""Hjurp"", ""Psmb3"", ""Faf1"", ""Dph6"", ""Sod1"", ""Cox8a"", ""Foxo6"", ""Eed"", ""Ssrp1"", ""Pcm1"", ""Lmnb2"", ""Noc4l"", ""Gins2"", ""Naa16"", ""Gpn3"", ""Dohh"", ""Slit3"", ""Pitrm1"", ""Odf2"", ""Nubp1"", ""Lztfl1"")"
"531","REACTOME_AUF1_HNRNP_D0_BINDS_AND_DESTABILIZES_MRNA","0.0103185996106008","0.0422694062619969","0.380730400722792","-0.540418759380849","-1.63408212854662","39","c(""Psma6"", ""Psmc3"", ""Hnrnpd"", ""Psmc4"", ""Hspa8"", ""Psmc6"", ""Psmd3"", ""Pabpc1"", ""Psma7"", ""Psmb6"", ""Psmd14"", ""Psmc2"", ""Psmd13"", ""Psmb3"", ""Psmc5"", ""Psmd2"", ""Psmc1"", ""Psmd12"", ""Psmb7"", ""Psmd6"", ""Psma2"")"
"532","GOBP_FEMALE_MEIOTIC_NUCLEAR_DIVISION","0.00986059270862488","0.0407131023642647","0.380730400722792","-0.621063522062016","-1.63403433165331","21","c(""Top2a"", ""Ncaph"", ""Fbxo5"", ""Aurka"", ""Ndc80"", ""Plk1"", ""Ccnb2"", ""Trip13"", ""Ttk"", ""Mastl"", ""Cenpe"")"
"533","GOBP_SEXUAL_REPRODUCTION","1.67050142390436e-05","0.00020872169207171","0.575610261071129","-0.39982147262995","-1.63199905143129","272","c(""H3f3b"", ""Mcm7"", ""Top2a"", ""Hmgb2"", ""Eif2s2"", ""H3f3a"", ""Larp7"", ""Tdrd5"", ""Mns1"", ""Smc2"", ""Cks2"", ""Cct8"", ""Smc4"", ""Cct3"", ""Trim28"", ""Bub3"", ""Magoh"", ""Cxcr4"", ""Spatc1l"", ""Birc5"", ""Ncapd2"", ""Smc3"", ""Stag2"", ""Tcp1"", ""Ccne2"", ""Mki67"", ""Ncaph"", ""Mcm6"", ""Nppc"", ""Bcl6"", ""Fbxo5"", ""Ccnb1"", ""Ly6k"", ""Gm960"", ""Aurka"", ""Mcm5"", ""Psmc3ip"", ""Cdk2"", ""Ctcf"", ""Racgap1"", ""Ncapd3"", ""Cct7"", ""Mcm2"", ""Ndc80"", ""Eif4h"", ""Plk1"", ""Cdkn1c"", ""Cdc20"", ""Ccnb2"", ""Tubg1"", ""Mcm4"", ""Cep57"", ""Slirp"", ""Ccdc34"", ""Tdrkh"", ""Incenp"", ""Mcm3"", 
""Trip13"", ""Rad51"", ""Vdac2"", ""Nsun2"", ""Kif18a"", ""Gmcl1"", ""Psmd13"", ""Nuf2"", ""Ndc1"", ""Rad51ap1"", ""Aaas"", ""Snrpa1"", ""Sfmbt1"", ""Ttk"", ""Mast2"", ""Sod1"", ""Rpa1"", ""Akt1"", ""Zp1"", ""Mastl"", ""Topbp1"", ""Nek2"", ""Morc1"", ""Cenpc1"", ""Dld"", ""Odf2"", ""Lztfl1"", ""Xlr3b"", ""Lepr"", ""Prdx4"", ""Fzr1"", ""Patz1"", ""Cenpe"", ""Cdc25a"", ""Cct5"", ""Ing2"", ""Fignl1"", ""Tdrp"", ""Limk2"", ""Aspm"", ""Espl1"", ""Exo1"", ""Scmh1"", ""Cct2"")"
"534","REACTOME_SUMOYLATION_OF_CHROMATIN_ORGANIZATION_PROTEINS","0.012477308531332","0.0493499065015097","0.380730400722792","-0.563349582220055","-1.63159645677518","31","c(""Satb1"", ""Sumo2"", ""Nup85"", ""Nup107"", ""Nup62"", ""Suz12"", ""Ndc1"", ""Aaas"", ""Hdac1"", ""Nup37"", ""Seh1l"", ""Nup205"", ""Nup188"", ""Nup43"", ""Sec13"", ""Scmh1"", ""Pom121"", ""Nup54"", ""Nup133"", ""L3mbtl2"")"
"535","CCL5_TARGET_GENES","1.51316363049588e-06","2.62175027821568e-05","0.643551836150722","-0.38731026702483","-1.63152348697071","390","c(""Hmgb1"", ""St13"", ""Cox7c"", ""Ybx1"", ""Ncl"", ""Rbbp4"", ""Alyref"", ""Eif4a1"", ""Hmgn2"", ""Ranbp1"", ""Set"", ""Nusap1"", ""Tomm7"", ""Pcna"", ""Hsp90aa1"", ""Dgkeos"", ""Ddx21"", ""Ddx18"", ""Hspd1"", ""Banf1"", ""Naa15"", ""Srsf7"", ""Metap2"", ""Hsp90ab1"", ""Fkbp4"", ""Psmc3"", ""Hnrnpa1"", ""Dynll1"", ""Nop56"", ""Rpl6"", ""Ddx39b"", ""Rps27l"", ""Hdgf"", ""Anapc5"", ""Higd1a"", ""Cct3"", ""Atp5j"", ""Bola2"", ""Pole4"", ""Ndufa12"", ""Nifk"", ""Raly"", ""Ccna2"", ""Sumo2"", ""Rpl31"", ""Wbp11"", ""Birc5"", ""Kpna2"", ""Rpn2"", ""Stag2"", ""Ndufab1"", ""Hspa8"", ""Ccne2"", ""Cbx5"", ""Rnaseh2c"", 
""Nfyb"", ""Ddx1"", ""Ndufb2"", ""Syncrip"", ""Ywhaq"", ""Wdr12"", ""Ahsa1"", ""Smarcc1"", ""Slc16a1"", ""Ruvbl1"", ""Brix1"", ""Glo1"", ""Hspe1"", ""Cdca3"", ""Rsl24d1"", ""Rpl36al"", ""Cd24a"", ""Aurka"", ""Psmd3"", ""Usp1"", ""Ppm1g"", ""Hmmr"", ""Pabpc1"", ""Sf3a3"", ""Nt5c3b"", ""Psma7"", ""Cd27"", ""Ckap5"", ""Sephs2"", ""Mrpl49"", ""Eif3c"", ""Ppid"", ""Orc6"", ""Ebna1bp2"", ""Npm1"", ""Rnf157"", ""Mogs"", ""Rabggtb"", ""Slc7a11"", ""Ccdc34"", ""Rfc3"", ""Prpf19"", ""Srp68"", ""Snhg6"", ""Tcf12"", ""Akirin2"", ""Tuba1c"", ""Sf3a2"", ""Ppp5c"", ""Azin1"", ""Suz12"", ""Rcc1"", ""Brd3"", ""Hirip3"", 
""Rfc5"", ""Hsph1"", ""Mrpl12"", ""Hjurp"", ""Snrpa"", ""Ldha"", ""Swi5"", ""Fam98b"", ""Mrpl13"", ""Faf1"", ""Eif6"", ""Caprin1"", ""Anapc13"", ""Dph6"", ""Psmb7"", ""Cdkn2c"", ""Cenpk"", ""Atad5"", ""Cnih4"", ""Parp1"", ""Znhit3"", ""Tcerg1"", ""Usp5"", ""Bora"", ""Timm17a"", ""Lmnb2"", ""Arl6ip6"", ""Topbp1"", ""Ctc1"", ""Tma16"", ""Ddx27"")"
"536","GOBP_REGULATORY_NCRNA_MEDIATED_GENE_SILENCING","0.00668592281938534","0.0302873359946089","0.407017918923954","-0.557511687586173","-1.63151014696397","32","c(""Srsf3"", ""Hnrnpa2b1"", ""Larp7"", ""Tdrd5"", ""Fbl"", ""Eri1"", ""Dhx9"", ""Dkc1"", ""Exosc2"", ""Pabpc1"", ""Exosc3"", ""Tdrkh"")"
"537","GOMF_CHROMATIN_DNA_BINDING","0.00555881959306625","0.0261096071795536","0.407017918923954","-0.538435502782279","-1.63037114016975","40","c(""H3f3b"", ""H3f3a"", ""Hmgn1"", ""Ezh2"", ""Hnrnpu"", ""Bcl6"", ""Tox"", ""Dhx9"", ""Ruvbl2"", ""Pole3"", ""Hdac2"", ""Ctcf"", ""Apex1"", ""Actn4"", ""Suz12"", ""Rcc1"", ""Hmgn5"", ""Hcfc1"")"
"538","GOBP_REGULATION_OF_MITOTIC_CELL_CYCLE","6.8302112077324e-05","0.000701993929683608","0.538434096309916","-0.408457175280567","-1.62795109158462","212","c(""Hmgb1"", ""Nusap1"", ""Anp32b"", ""Larp7"", ""Ywhae"", ""Rdx"", ""Rcc2"", ""Lmnb1"", ""Ezh2"", ""Rgcc"", ""Cks2"", ""Rrm2"", ""Rps27l"", ""Hnrnpu"", ""Plk5"", ""Anapc5"", ""Mad1l1"", ""Spc25"", ""Bub3"", ""Eif4e"", ""Cdk1"", ""Birc5"", ""Igf2"", ""Rad21"", ""Dbf4"", ""Mki67"", ""Ube2c"", ""Spc24"", ""Rpa3"", ""Smarcc1"", ""Fbxo5"", ""Rrm1"", ""Cks1b"", ""Ccnb1"", ""Aurkb"", ""Cdk2"", ""Mad2l1"", ""Tcf3"", ""Cdk4"", ""Ndc80"", ""Plk1"", ""Cdkn1c"", ""Cd28"", ""Cdc20"", ""Tubg1"", ""Cdca8"", ""Bcl7a"", ""Apex1"", ""Tipin"", ""Bub1b"", ""Spdl1"", ""Incenp"", ""Psmg2"", ""Cenpf"", ""Nup62"", ""Inip"", ""Ctdspl"", 
""Actl6a"", ""Smarca4"", ""Trip13"", ""Rcc1"", ""Cdc16"", ""Cdc7"", ""Nuf2"", ""Thap1"", ""Rnaseh2b"", ""Nsmce2"", ""Ttk"", ""Akt1"", ""Cdkn2c"", ""Blm"", ""Atad5"", ""Bub1"", ""Cdkn2d"", ""Brcc3"", ""Rpa2"", ""Bora"", ""Topbp1"", ""Hacd1"", ""Ctc1"", ""Anapc15"", ""E2f7"", ""Kif14"", ""Pidd1"", ""Babam1"", ""Clspn"", ""Fzr1"", ""Bard1"", ""Sass6"", ""Cenpe"")"
"539","CAIRO_LIVER_DEVELOPMENT_UP","0.0025387031238572","0.0140719289378846","0.431707695803346","-0.486500922016744","-1.62741873332511","61","c(""Satb1"", ""Arpp19"", ""Hmgn1"", ""Srsf7"", ""Uchl3"", ""Fgf13"", ""Srm"", ""Hdac2"", ""Ctps"", ""Rbm34"", ""Grwd1"", ""Bysl"", ""Id3"", ""Marcksl1"", ""Pdzrn3"", ""Pfdn4"", ""Mak16"", ""Fkbp3"", ""Pkm"", ""Smyd2"", ""Pno1"", ""Lpar4"", ""Cbfb"", ""Rprm"", ""Rwdd1"", ""Fam136a"", ""Pafah1b3"")"
"540","GOBP_NUCLEOBASE_CONTAINING_SMALL_MOLECULE_METABOLIC_PROCESS","0.000182693586994782","0.00161939369615932","0.518848077743792","-0.41302673470083","-1.62557602168269","194","c(""Atp5k"", ""Atp5b"", ""Atp5j2"", ""Ndufa5"", ""Atp5e"", ""Ran"", ""Dut"", ""Atp5g3"", ""Ndufc1"", ""Rrm2"", ""Atp5g1"", ""Ndufs6"", ""Atp5j"", ""Ndufb4"", ""Atp5h"", ""Prps2"", ""Ndufa12"", ""Sdhb"", ""Nme1"", ""Ada"", ""Ndufab1"", ""Hspa8"", ""Ndufb7"", ""Nppc"", ""Ndufb2"", ""Impdh2"", ""Vdac1"", ""Dtymk"", ""Atp5o"", ""Rrm1"", ""Gars"", ""Gart"", ""Nt5c3b"", ""Tyms"", ""Uck2"", ""Rpia"", ""Atp5l"", ""Atp5a1"", ""Ndufb6"", ""Ctps"", ""Atpif1"", ""Atp5c1"", ""Cs"", ""Nt5c2"", ""Paics"", ""Nme2"", ""Idh3a"", ""Shmt2"", ""Dctpp1"")"
"541","NLRC5_TARGET_GENES","1.95629096428698e-06","3.28050546204264e-05","0.627256739718528","-0.385414405245284","-1.62353727208118","390","c(""Hmgb1"", ""St13"", ""Cox7c"", ""Rbbp4"", ""Serbp1"", ""Ube2s"", ""Amd1"", ""Eif2s2"", ""Nop10"", ""Rpl38"", ""Uqcr10"", ""Gtf2h4"", ""Ddx18"", ""Srsf2"", ""Snrpd3"", ""Pdap1"", ""Pa2g4"", ""Rpl41"", ""Smc2"", ""Lig1"", ""Atp5g1"", ""Rpl6"", ""Nasp"", ""Cct8"", ""Hdgf"", ""Mad1l1"", ""Trim28"", ""Atp5j"", ""Eny2"", ""Tube1"", ""Bub3"", ""Rpl36"", ""Nme1"", ""Psmc4"", ""Nars"", ""Tacc3"", ""Ephb6"", ""Snrpe"", ""Nfatc3"", ""Phb"", ""Hspa9"", ""Fdps"", ""Smarca5"", ""Lsm2"", ""Cdk19"", ""Wdr12"", ""Ak6"", ""Ahsa1"", ""Pin1"", ""Atp5o"", ""Rrm1"", ""Cks1b"", ""Pole3"", ""Rplp2"", ""Cdca3"", ""Mrps36"", ""Erh"", 
""Cops3"", ""Cenpl"", ""Nutf2"", ""Aurka"", ""Psmd3"", ""Sf3b4"", ""Rangap1"", ""Otud6b"", ""Mrps5"", ""Atad2"", ""Sf3a3"", ""Gspt1"", ""Tcf3"", ""Wdr76"", ""Eif3c"", ""Rpia"", ""Atp5l"", ""Esco2"", ""Nup85"", ""Hmgb3"", ""Exosc3"", ""Timm13"", ""Xrra1"", ""Calm3"", ""Cdca8"", ""Slirp"", ""Rfc3"", ""Bub1b"", ""Prpf19"", ""Abcf2"", ""Zcchc8"", ""Eftud2"", ""Akirin2"", ""Tdp2"", ""Grwd1"", ""Fen1"", ""Smarca4"", ""Hirip3"", ""Tpx2"", ""Rad51"", ""Sap18"", ""Nsun2"", ""Hsph1"", ""Psmc2"", ""Bysl"", ""Tdg"", ""Gtf2f1"", ""Hjurp"", ""Gtse1"", ""Nuf2"", ""Ndc1"", ""Ptbp1"", ""Psmc5"", ""Icam2"", ""Rps26"", ""Tbrg4"", 
""Pes1"", ""Caprin1"", ""Mrps11"", ""Dph6"", ""Cinp"", ""Pfdn6"", ""Kpna3"", ""Foxo6"", ""Ftsj3"", ""Cnih4"", ""Rpa2"", ""Tdp1"", ""Usp5"", ""Taf15"", ""Psma2"", ""Mastl"", ""Tssc4"", ""Cfap20"", ""Mlf2"", ""Ppp2r3c"", ""Pcm1"", ""Kif2c"", ""Naa38"", ""Anapc15"", ""Nudt5"", ""Rbm15"", ""Mphosph10"", ""Mrpl46"", ""Kif15"", ""Smn1"", ""Srebf2"", ""Cdc45"", ""Pbdc1"", ""Sgf29"", ""Babam1"", ""Seh1l"", ""Lrpprc"", ""Ppih"", ""Nup205"", ""Mrpl19"", ""Sass6"", ""Farsb"", ""Pgam1"", ""Rpl23a"", ""Psmd1"", ""Wdr46"", ""Mdm1"", ""Arhgap11a"", ""Cct5"", ""Naa40"")"
"542","GOBP_ESTABLISHMENT_OF_MITOTIC_SPINDLE_LOCALIZATION","0.00980555285285853","0.0406157111240166","0.380730400722792","-0.651536459352874","-1.62315694727613","17","c(""Nusap1"", ""Mad2l1"", ""Ndc80"", ""Plk1"", ""Spdl1"", ""Nde1"", ""Kpnb1"", ""Gpsm2"", ""Enkd1"", ""Cenpa"", ""Sapcd2"", ""Itgb1"")"
"543","GOCC_NUCLEOID","0.012674645296135","0.0499238260805868","0.380730400722792","-0.643967274666768","-1.62143826982954","18","c(""Atp5b"", ""Slc25a5"", ""Ssbp1"", ""Hspa9"", ""Vdac1"", ""Shmt2"", ""Vdac2"")"
"544","GOBP_POSITIVE_REGULATION_OF_DOUBLE_STRAND_BREAK_REPAIR","0.00642668598354397","0.029298127277921","0.407017918923954","-0.58361374645477","-1.61928475752727","26","c(""Smarcc1"", ""Ruvbl1"", ""Ruvbl2"", ""Brd8"", ""Ube2n"", ""Morf4l2"", ""Bcl7a"", ""Meaf6"", ""Actl6a"", ""Smarca4"", ""Rad51ap1"", ""Blm"", ""Parp1"", ""Foxm1"", ""Timeless"")"
"545","GOMF_ATP_HYDROLYSIS_ACTIVITY","0.000549823649581361","0.00403227446336203","0.477270815362862","-0.439927493478564","-1.61882904818932","116","c(""Atp5b"", ""Hsp90aa1"", ""Atp5e"", ""Xrcc6"", ""Hsp90ab1"", ""Psmc3"", ""Smc2"", ""Ddx39b"", ""Cct8"", ""Smc4"", ""Cct3"", ""Atp5j"", ""Psmc4"", ""Smc3"", ""Tcp1"", ""Hspa8"", ""Psmc6"", ""Hspa14"", ""Hspa9"", ""Smarca5"", ""Kif23"", ""Rfc1"", ""Atp5o"", ""Dhx9"", ""Ruvbl1"", ""Ruvbl2"", ""Atad2"", ""Cct7"", ""Kif20b"", ""Atp5a1"", ""Kif22"", ""Atp5c1"", ""Kif20a"", ""Abcf2"", ""Smarca4"", ""Trip13"", ""Rfc5"", ""Kif18a"", ""Psmc2"", ""Psmc5"", ""Psmc1"")"
"546","GOBP_RNA_CATABOLIC_PROCESS","0.00334873791136306","0.0176354563100708","0.431707695803346","-0.455783677793421","-1.61882789562573","88","c(""Ybx1"", ""Hnrnpab"", ""Rbm8a"", ""Eif4a3"", ""Lsm7"", ""Hnrnpu"", ""Hnrnpd"", ""Magoh"", ""Rnps1"", ""Rnaseh2c"", ""Ssb"", ""Syncrip"", ""Srsf1"", ""Lsm2"", ""Dhx9"", ""Lsm5"", ""Dkc1"", ""Exosc2"", ""Pabpc1"", ""Gspt1"", ""Mrto4"", ""Hnrnpr"", ""Rbm24"", ""Npm1"", ""Exosc3"", ""Lsm6"", ""Apex1"", ""Slirp"", ""Fen1"", ""Nsun2"", ""Ptbp1"", ""Rnaseh2b"", ""Tbrg4"", ""Khsrp"", ""Hnrnpc"", ""Caprin1"", ""Mettl16"")"
"547","GOBP_VISUAL_BEHAVIOR","0.012674645296135","0.0499238260805868","0.380730400722792","-0.642870147235574","-1.61867582447898","18","c(""Rag1"", ""Tuba1a"", ""Ckap5"", ""Slc7a11"", ""Cacna1e"")"
"548","WP_PURINE_METABOLISM","0.00307109506963601","0.0164145088226899","0.431707695803346","-0.470480753931129","-1.61852234832932","71","c(""Polr2l"", ""Rrm2"", ""Pole4"", ""Prps2"", ""Nme1"", ""Ada"", ""Polr2j"", ""Impdh2"", ""Ak6"", ""Rrm1"", ""Pole3"", ""Polr2f"", ""Gart"", ""Pola1"", ""Prim2"", ""Nt5c2"", ""Paics"", ""Nme2"", ""Polr3k"", ""Polr2c"", ""Pold2"", ""Polr2e"", ""Hprt"", ""Pold3"", ""Polr2d"", ""Polr2i"", ""Nudt5"", ""Polr3d"", ""Pola2"", ""Ppat"", ""Polr2h"", ""Pfas"", ""Prim1"", ""Itpa"")"
"549","REACTOME_CYCLIN_A_CDK2_ASSOCIATED_EVENTS_AT_S_PHASE_ENTRY","0.0087613520030326","0.037274743128629","0.380730400722792","-0.508313064161779","-1.61745815083183","48","c(""Psma6"", ""Psmc3"", ""Ccna2"", ""Psmc4"", ""Psmc6"", ""Ccne2"", ""Cks1b"", ""Psmd3"", ""Cdk2"", ""Psma7"", ""Psmb6"", ""Cdk4"", ""Psmd14"", ""Psmc2"", ""Psmd13"", ""Psmb3"", ""Psmc5"", ""Psmd2"", ""Psmc1"", ""Psmd12"", ""Psmb7"", ""Akt1"", ""Psmd6"", ""Psma2"", ""Psmb2"", ""Fzr1"", ""Cdc25a"", ""Psmd1"")"
"550","GOBP_MITOTIC_CELL_CYCLE_CHECKPOINT_SIGNALING","0.00296929219508622","0.0159148511577752","0.431707695803346","-0.468879475472003","-1.61705331536773","72","c(""Rps27l"", ""Mad1l1"", ""Spc25"", ""Bub3"", ""Cdk1"", ""Birc5"", ""Spc24"", ""Ccnb1"", ""Aurkb"", ""Mad2l1"", ""Ndc80"", ""Plk1"", ""Cdc20"", ""Cdca8"", ""Tipin"", ""Bub1b"", ""Spdl1"", ""Incenp"", ""Psmg2"", ""Inip"", ""Trip13"", ""Nuf2"", ""Ttk"", ""Blm"", ""Bub1"", ""Brcc3"", ""Rpa2"", ""Topbp1"", ""Anapc15"", ""Pidd1"", ""Babam1"", ""Clspn"", ""Fzr1"", ""Bard1"", ""Cenpe"", ""Brca1"", ""Cdc6"", ""Chek2"", ""Zwilch"", ""Chek1"", ""Dtl"", ""Donson"")"
"551","GOMF_MODIFICATION_DEPENDENT_PROTEIN_BINDING","0.00419595417465411","0.0209614958115342","0.407017918923954","-0.496917286155577","-1.61692595285933","54","c(""Cbx3"", ""Cbx1"", ""Hspd1"", ""Rag2"", ""Cbx5"", ""Mtf2"", ""Ncapd3"", ""Uhrf1"", ""Xrcc1"", ""Wdr5"", ""Msh6"", ""Rad23a"", ""Msl3"", ""Suz12"", ""Smarca4"", ""Brd3"", ""Brcc3"", ""Pwp1"", ""Sgf29"", ""Fmr1"", ""Ing2"", ""Ncapg2"")"
"552","REACTOME_SIGNALING_BY_RHO_GTPASES_MIRO_GTPASES_AND_RHOBTB3","0.000134721906881874","0.00125835527030545","0.518848077743792","-0.404895003893902","-1.6168028005647","214","c(""Tuba1b"", ""Calm2"", ""Tubb4b"", ""Ndufa5"", ""Hsp90aa1"", ""Tuba1a"", ""Ywhae"", ""Rcc2"", ""Hsp90ab1"", ""Lmnb1"", ""Dynll1"", ""Stip1"", ""Ddx39b"", ""Nudc"", ""Mad1l1"", ""Spc25"", ""C1qbp"", ""Bub3"", ""Tubb2a"", ""Jup"", ""Lbr"", ""Spc24"", ""Ywhaq"", ""Prc1"", ""Pin1"", ""Hspe1"", ""Aurkb"", ""Cenpl"", ""Rangap1"", ""Ska2"", ""Baiap2"", ""Mad2l1"", ""Srrm1"", ""Ckap5"", ""Racgap1"", ""Cct7"", ""Ndc80"", ""Plk1"", ""Net1"", ""Nup85"", ""Cdc20"", ""Calm3"", ""Cdca8"", ""Dynll2"", ""Bub1b"", ""Spdl1"", ""Nup107"", ""Fgd5"", ""Incenp"", ""Pak1"", ""Cenpf"", ""Tuba1c"", ""Nde1"", ""Shmt2"", ""Arhgap19"", 
""Kif18a"", ""Nuf2"", ""Aaas"", ""Ect2"", ""Hnrnpc"", ""Cenpk"", ""Bub1"", ""Samm50"", ""Ska1"", ""Cenph"", ""Nup37"", ""Kif2c"", ""Anln"", ""Cenpc1"", ""Pmf1"", ""Cenpo"", ""Txnl1"", ""Kif14"", ""Seh1l"", ""Ercc6l"", ""Cenpe"", ""Nck2"", ""Mapk1"", ""Arhgap11a"", ""Arhgap8"", ""Kif2a"", ""Cenpp"", ""Cenpa"")"
"553","GOBP_TRANSLATIONAL_INITIATION","0.0115011680742659","0.0461899152002204","0.380730400722792","-0.528334155197581","-1.61622327560841","42","c(""Eif4a1"", ""Eif2s2"", ""Eif5b"", ""Eif1ax"", ""Slbp"", ""Eif4e"", ""Eif3g"", ""Eif2s1"", ""Eif3c"", ""Eif4h"", ""Npm1"", ""Denr"", ""Paip2b"", ""Eif3b"", ""Eif6"", ""Eif3l"", ""Abce1"", ""Eif1ad"")"
"554","GOMF_MRNA_BINDING","0.000864139182095741","0.00584414883174419","0.477270815362862","-0.438074006416164","-1.61585792784768","119","c(""Srsf3"", ""Hnrnpm"", ""Ybx1"", ""Ncl"", ""Hnrnpa3"", ""Alyref"", ""Serbp1"", ""Hsp90aa1"", ""Rbm8a"", ""Eif2s2"", ""Hnrnpa2b1"", ""Larp7"", ""Eif4a3"", ""Srsf7"", ""Hnrnpa1"", ""Rpl35"", ""Rpl6"", ""Pcbp1"", ""Hnrnpu"", ""Hnrnpd"", ""Gnl3"", ""Slbp"", ""C1qbp"", ""Rnps1"", ""Ssb"", ""Srsf6"", ""Syncrip"", ""Srsf1"", ""Myef2"", ""Dhx9"", ""Cnbp"", ""Nelfe"", ""G3bp1"", ""Pabpc1"", ""Tyms"", ""Hnrnpr"", ""Rbm24"", ""Nudt21"", ""Slirp"", ""Denr"", ""Rsl1d1"", ""Strap"", ""Cstf2"", ""Shmt2"", ""Mrpl12"", ""Ptbp1"", ""Mrpl13"", ""Rps26"", ""Khsrp"", ""Hnrnpc"", ""Caprin1"", ""Ppp1r8"")"
"555","RAMALHO_STEMNESS_UP","0.00387500289735676","0.0197539036589698","0.431707695803346","-0.461231862543174","-1.61582223067374","82","c(""Srsf3"", ""Eif3j1"", ""Wdr43"", ""Nop58"", ""Nifk"", ""Cdk2ap1"", ""Srsf6"", ""Fcf1"", ""Lsm2"", ""Dtymk"", ""Glo1"", ""Gars"", ""Zcchc10"", ""Ube2t"", ""Rabggtb"", ""Rsl1d1"", ""Snrpc"", ""Grwd1"", ""Dctpp1"", ""Bysl"", ""Tbrg4"", ""Psmd12"")"
"556","GOBP_PURINE_CONTAINING_COMPOUND_METABOLIC_PROCESS","0.00019861640492223","0.00173903065989159","0.518848077743792","-0.421877971518258","-1.6135103838367","161","c(""Atp5k"", ""Atp5b"", ""Atp5j2"", ""Ndufa5"", ""Atp5e"", ""Ran"", ""Atp5g3"", ""Ndufc1"", ""Atp5g1"", ""Ndufs6"", ""Atp5j"", ""Ndufb4"", ""Atp5h"", ""Prps2"", ""Ndufa12"", ""Sdhb"", ""Nme1"", ""Ada"", ""Ndufab1"", ""Hspa8"", ""Ndufb7"", ""Nppc"", ""Ndufb2"", ""Impdh2"", ""Vdac1"", ""Atp5o"", ""Gart"", ""Rpia"", ""Atp5l"", ""Atp5a1"", ""Ndufb6"", ""Atpif1"", ""Atp5c1"", ""Cs"", ""Nt5c2"", ""Paics"", ""Nme2"", ""Idh3a"", ""Shmt2"")"
"557","GOBP_MITOCHONDRIAL_TRANSMEMBRANE_TRANSPORT","0.0110468082736009","0.044678029230678","0.380730400722792","-0.613153468738915","-1.61322277496707","21","c(""Tomm7"", ""Romo1"", ""Dnajc15"", ""Tomm40"", ""Vdac1"", ""Mrpl18"", ""Timm50"", ""Akt1"", ""Timm17a"", ""Slc25a37"")"
"558","GOCC_INTERCELLULAR_BRIDGE","0.00915802738899667","0.0387039698422225","0.380730400722792","-0.548347024442264","-1.61183512527027","34","c(""Tubb5"", ""Tubb4b"", ""Tubb2a"", ""Kif23"", ""Prc1"", ""Kif20b"", ""Cdca8"", ""Kif20a"", ""Tpx2"", ""Cdc7"", ""Pcnt"", ""Pknox2"", ""Ska1"")"
"559","GOBP_REGULATION_OF_DOUBLE_STRAND_BREAK_REPAIR","0.00669181338410228","0.0302900945207787","0.407017918923954","-0.531975493774145","-1.61081037161405","40","c(""Dek"", ""Smarcc1"", ""Ruvbl1"", ""Ruvbl2"", ""Brd8"", ""Rmi2"", ""Ube2n"", ""Morf4l2"", ""Bcl7a"", ""Meaf6"", ""Actl6a"", ""Smarca4"", ""Rad51"", ""Rad51ap1"", ""Blm"", ""Rpa2"", ""Parp1"", ""Foxm1"", ""Timeless"", ""Fignl1"", ""Spidr"", ""Aunip"", ""Smarcb1"", ""Chek1"")"
"560","REACTOME_FORMATION_OF_TC_NER_PRE_INCISION_COMPLEX","0.00915568613546995","0.0387039698422225","0.380730400722792","-0.598926785419718","-1.61075628516103","23","c(""Gtf2h4"", ""Hmgn1"", ""Polr2l"", ""Polr2k"", ""Cops5"", ""Polr2f"", ""Cops3"", ""Prpf19"", ""Polr2c"", ""Polr2e"", ""Polr2d"", ""Polr2i"")"
"561","GOBP_POSITIVE_REGULATION_OF_PROTEIN_IMPORT_INTO_NUCLEUS","0.0117881940211449","0.0470461327148685","0.380730400722792","-0.610868685819998","-1.60721145149166","21","c(""Hsp90aa1"", ""Ran"", ""Hsp90ab1"", ""Trim28"", ""Jup"", ""Cdk1"", ""Nutf2"")"
"562","MIR_6537_3P","0.0122390088021194","0.0485748896056434","0.380730400722792","-0.644991807883131","-1.6068524161204","17","c(""Slc25a5"", ""Tdrd5"", ""Hibadh"", ""Atad2"", ""Ect2"")"
"563","GOMF_MICROTUBULE_MOTOR_ACTIVITY","0.0101095623773105","0.0416081558146016","0.380730400722792","-0.622543140682511","-1.60680430516023","20","c(""Kif23"", ""Kif11"", ""Kif20b"", ""Kif22"", ""Kif20a"", ""Kif18a"", ""Kif4"", ""Kif2c"", ""Kif15"", ""Kif14"", ""Kif18b"", ""Cenpe"", ""Kif2a"")"
"564","REACTOME_SCF_SKP2_MEDIATED_DEGRADATION_OF_P27_P21","0.0117869077506499","0.0470461327148685","0.380730400722792","-0.525025932732473","-1.60610311567479","42","c(""Psma6"", ""Psmc3"", ""Ccna2"", ""Psmc4"", ""Psmc6"", ""Ccne2"", ""Cks1b"", ""Psmd3"", ""Cdk2"", ""Psma7"", ""Psmb6"", ""Cdk4"", ""Psmd14"", ""Psmc2"", ""Psmd13"", ""Psmb3"", ""Psmc5"", ""Psmd2"", ""Psmc1"", ""Psmd12"", ""Psmb7"", ""Psmd6"", ""Psma2"")"
"565","REACTOME_INTRA_GOLGI_AND_RETROGRADE_GOLGI_TO_ER_TRAFFIC","0.0083882073055517","0.0361158925655698","0.380730400722792","-0.514505036931171","-1.6056236675857","45","c(""Tuba1b"", ""Tubb4b"", ""Tuba1a"", ""Dynll1"", ""Tubb2a"", ""Kif23"", ""Kif11"", ""Racgap1"", ""Kif20b"", ""Kif22"", ""Kif20a"", ""Dynll2"", ""Tuba1c"", ""Kif18a"", ""Kif4"", ""Kif2c"", ""Kif15"", ""Kif18b"", ""Cenpe"", ""Kif2a"")"
"566","MILI_PSEUDOPODIA_HAPTOTAXIS_UP","0.000204300761552869","0.00177722609017344","0.518848077743792","-0.41069839784445","-1.60548701505347","181","c(""Srsf3"", ""St13"", ""Dek"", ""Hnrnpa3"", ""Arpp19"", ""Eif3j1"", ""Nusap1"", ""Eif2s2"", ""Larp7"", ""Naa15"", ""Eif5b"", ""Metap2"", ""Wdr43"", ""Pdcd5"", ""Dnajc15"", ""Nifk"", ""Rpl31"", ""Rpf2"", ""Smc3"", ""Stag2"", ""Psmc6"", ""Ccne2"", ""Ssb"", ""Ssbp1"", ""Eri1"", ""Nap1l1"", ""Srsf1"", ""Myef2"", ""Ak6"", ""Uchl5"", ""Dkc1"", ""Thoc7"", ""Cacybp"", ""Psmc3ip"", ""Pola1"", ""Hdac2"", ""Gspt1"", ""Hnrnpr"", ""Mrps18c"", ""Npm1"", ""Net1"", ""Ddx10"", ""Slirp"", ""Mrpl57"", ""Ccdc34"", ""Psip1"", ""Rbm34"", ""Dynll2"", ""Mrps14"", ""Strap"", ""Snhg6"", ""Prpf40a"", ""Cstf2"", ""Tcf12"", ""Rps6ka6"", 
""Serf1"")"
"567","GOMF_STRUCTURAL_CONSTITUENT_OF_CYTOSKELETON","0.0113022016303333","0.0455183471558718","0.380730400722792","-0.561695766707434","-1.60526698696663","29","c(""Tubb5"", ""Tuba1b"", ""Tubb4b"", ""Tuba1a"", ""Lmnb1"", ""Tube1"", ""Tubb2a"")"
"568","GOCC_MITOCHONDRIAL_LARGE_RIBOSOMAL_SUBUNIT","0.00524487335563909","0.0249001230915481","0.407017918923954","-0.535066276211846","-1.60411059170097","37","c(""Mrpl23"", ""Mrpl49"", ""Mrpl18"", ""Mrpl57"", ""Mrpl51"", ""Mrpl50"", ""Mrpl15"", ""Mrpl3"", ""Mrpl12"", ""Mrpl13"", ""Mrpl46"", ""Mrpl19"", ""Mrpl40"", ""Mrpl47"", ""Mrpl38"", ""Mrpl2"", ""Mrpl21"", ""Mrpl35"", ""Mrpl1"", ""Mrpl55"", ""Mrpl20"", ""Mrpl11"", ""Mrpl54"")"
"569","chr4D2","0.00243782900818248","0.0136532708612564","0.431707695803346","-0.478192781993041","-1.60282832137613","62","c(""Ybx1"", ""Rbbp4"", ""Nudc"", ""Sf3a3"", ""Ebna1bp2"", ""Ctps"", ""Atpif1"", ""Cdc20"", ""Cdca8"", ""Ptpru"", ""Ptprf"", ""Ppt1"", ""Meaf6"", ""Rcc1"", ""Sfpq"", ""Snrnp40"", ""Ppp1r8"", ""Foxo6"", ""Marcksl1"", ""Rpa2"", ""Hdac1"", ""Psmb2"", ""Srsf4"", ""Clspn"", ""Ppih"", ""Mycbp"", ""Hivep3"", ""Scmh1"")"
"570","ELL3_TARGET_GENES","2.29591660438649e-06","3.74064821765811e-05","0.627256739718528","-0.376921475891935","-1.60081699890028","412","c(""Ptma"", ""Hmgb1"", ""Tubb5"", ""Cbx3"", ""Rbbp4"", ""Eif4a1"", ""Serbp1"", ""Set"", ""Gapdh"", ""Ube2s"", ""Slc25a5"", ""Eif5a"", ""Amd1"", ""Hnrnpa2b1"", ""Tuba1a"", ""H3f3a"", ""Srsf2"", ""Naa15"", ""Ywhae"", ""Hsp90ab1"", ""Maz"", ""Rpl41"", ""Nop58"", ""Rorc"", ""Rpl6"", ""Pcbp1"", ""Cox7b"", ""Hnrnpu"", ""Hnrnpd"", ""Hdgf"", ""Mad1l1"", ""Uba2"", ""Prps2"", ""Rbbp7"", ""Aco2"", ""Dgke"", ""Sms"", ""Kpna2"", ""Nars"", ""Rpf2"", ""Mylpf"", ""Cops5"", ""Stag2"", ""Hspa8"", ""Cdk2ap1"", ""Npm3"", ""Nfyb"", ""Impdh2"", ""Syncrip"", ""Srsf1"", ""Hspa9"", ""Myef2"", ""Spc24"", ""Tox"", ""Fbxo5"", ""Rrm1"", 
""Exosc2"", ""Erh"", ""Cenpl"", ""Mtf2"", ""Mcm5"", ""Ska2"", ""Cacybp"", ""Pabpc1"", ""Gart"", ""Hdac2"", ""Racgap1"", ""Uck2"", ""Rpia"", ""Zcchc10"", ""Hnrnpr"", ""Atp5a1"", ""Phf5a"", ""Morf4l2"", ""Rnf157"", ""Marcks"", ""Slc29a1"", ""Slirp"", ""Rpp30"", ""Msh6"", ""Dynll2"", ""Utp18"", ""Klf13"", ""Ube2l3"", ""Zcchc8"", ""Fgd5"", ""Rad23a"", ""Prpf40a"", ""Tuba1c"", ""Rrp15"")"
"571","GOCC_PROTEIN_KINASE_COMPLEX","0.0120535692748146","0.0479052112204168","0.380730400722792","-0.530464095185344","-1.59796357108783","38","c(""Pcna"", ""Xrcc6"", ""Gtf2h4"", ""Cks2"", ""Ccna2"", ""Cdk1"", ""Dbf4"", ""Ccne2"", ""Cks1b"", ""Ccnb1"", ""Cdk2"", ""Ccnf"", ""Cdk4"", ""Ccnb2"", ""Irs1"")"
"572","GOCC_SPINDLE_POLE","0.00337029843444846","0.0177002394886098","0.431707695803346","-0.474117339659142","-1.59753858566731","65","c(""Calm2"", ""Plk5"", ""Mad1l1"", ""Smc3"", ""Stag2"", ""Ccnb1"", ""Aurkb"", ""Aurka"", ""Kif11"", ""Mad2l1"", ""Ckap5"", ""Kif20b"", ""Npm1"", ""Plk1"", ""Calm3"", ""Tubg1"", ""Nsmce1"", ""Spdl1"", ""Cenpf"", ""Nup62"", ""Nde1"", ""Tpx2"", ""Aaas"", ""Nek2"", ""Pmf1"", ""Ddx11"", ""Gpsm2"", ""Kif2a"", ""Aspm"", ""Cdc6"", ""Spag5"", ""Aunip"")"
"573","REACTOME_NEDDYLATION","0.00390024914322171","0.0198473192869357","0.431707695803346","-0.471962308016158","-1.59627121198165","66","c(""Psma6"", ""Psmc3"", ""Rbbp7"", ""Psmc4"", ""Cops5"", ""Psmc6"", ""Uchl3"", ""Cops3"", ""Psmd3"", ""Psma7"", ""Psmb6"", ""Ccnf"", ""Wdr5"", ""Dcun1d5"", ""Psmd14"", ""Psmc2"", ""Psmd13"", ""Psmb3"", ""Psmc5"", ""Psmd2"", ""Psmc1"", ""Psmd12"", ""Psmb7"", ""Psmd6"", ""Psma2"", ""Ube2m"", ""Lrr1"")"
"574","AFF4_TARGET_GENES","7.73294914747248e-05","0.000780782805647089","0.538434096309916","-0.392867135298678","-1.59611445229444","258","c(""Tubb5"", ""Cbx3"", ""Srsf3"", ""Atp5b"", ""Anp32e"", ""H3f3b"", ""Ncl"", ""Rbbp4"", ""Hnrnpa3"", ""Mcm7"", ""Eif4a1"", ""Hmgn2"", ""Serbp1"", ""Set"", ""Gapdh"", ""Hsp90aa1"", ""Hnrnpab"", ""Eif5a"", ""Amd1"", ""Hmgb2"", ""Eif2s2"", ""Anp32b"", ""Hnrnpa2b1"", ""Tuba1a"", ""Srsf2"", ""Rps28"", ""Srsf7"", ""Rcc2"", ""Hsp90ab1"", ""Lmnb1"", ""Rpl41"", ""Nop58"", ""Hnrnpa1"", ""Dynll1"", ""Rrm2"", ""Hnrnpdl"", ""Nop56"", ""Rbmxl1"", ""Rpl6"", ""Snhg9"", ""Hnrnpu"", ""Ubald2"", ""Hdgf"", ""Mad1l1"", ""Trim28"", ""Mat2a"", ""Tmpo"", ""Slbp"", ""Rps17"", ""Raly"", ""Sumo2"", ""Rpl31"", ""Rad21"", ""Dbf4"", 
""Mylpf"", ""Lbr"", ""Hspa8"", ""Ccne2"", ""Cbx5"", ""Nfyb"", ""Srsf1"", ""Ywhaq"", ""Lockd"", ""Vdac1"", ""Fbxo5"", ""Ccnb1"", ""Rplp2"", ""Hspe1"", ""Srm"", ""Rpl36al"", ""Mtf2"")"
"575","WP_G1_TO_S_CELL_CYCLE_CONTROL","0.00923405795270694","0.0389848161069498","0.380730400722792","-0.51026554309576","-1.59239341491156","45","c(""Mcm7"", ""Pcna"", ""Cdk1"", ""Ccne2"", ""Mcm6"", ""Rpa3"", ""E2f4"", ""Mcm5"", ""Cdk2"", ""Mcm2"", ""Orc6"", ""Prim2"", ""Cdkn1c"", ""Mcm4"", ""Mcm3"", ""E2f2"", ""Rpa1"", ""Cdkn2c"", ""Cdkn2d"", ""Rpa2"", ""Cdc45"", ""Pola2"", ""Cdc25a"", ""Orc2"", ""Prim1"")"
"576","GOBP_NUCLEUS_ORGANIZATION","0.012335520934385","0.0488565003858413","0.380730400722792","-0.528551227267984","-1.59220127110186","38","c(""H3f3b"", ""Serbp1"", ""Hmgb2"", ""Banf1"", ""Lmnb1"", ""Usp50"", ""Smarca5"", ""Suv39h1"", ""Plk1"", ""Reep4"", ""Nup107"", ""Ndc1"", ""Pes1"", ""Nolc1"", ""Lmnb2"", ""Seh1l"", ""Nup205"", ""Ets1"", ""Pom121"", ""Nup54"", ""Nup133"", ""Chek1"")"
"577","GOBP_POSITIVE_REGULATION_OF_ESTABLISHMENT_OF_PROTEIN_LOCALIZATION","0.00181972135534426","0.0108822752584977","0.45505986738723","-0.433992086388592","-1.59152089175367","112","c(""Hnrnpm"", ""Ppia"", ""Tomm7"", ""Hsp90aa1"", ""Anp32b"", ""Ran"", ""Ywhae"", ""Hsp90ab1"", ""Pdcd5"", ""Dynll1"", ""Cct8"", ""Cct3"", ""Trim28"", ""Camk4"", ""Jup"", ""Cdk1"", ""Tcp1"", ""Cep295"", ""Dkc1"", ""Nutf2"", ""Sox4"", ""Ppid"", ""Cct7"", ""Kif20b"")"
"578","GOCC_CENTRIOLE","0.00561240686551077","0.0263181957266593","0.407017918923954","-0.47896072631949","-1.59028044253594","59","c(""Top2a"", ""Ran"", ""Birc5"", ""Cep295"", ""Ppp1r35"", ""Ssna1"", ""Ccnf"", ""Plk1"", ""Tubg1"", ""Plk4"", ""Pcnt"", ""Cetn3"", ""Cfap20"", ""Pcm1"", ""Mphosph9"", ""Cep83"", ""Cep41"", ""Ccsap"", ""Odf2"", ""Sass6"", ""Hyls1"", ""Mdm1"", ""Kif2a"", ""Enkd1"", ""Ccdc88a"")"
"579","LHX6_TARGET_GENES","2.26961911345835e-06","3.70833778224605e-05","0.627256739718528","-0.377459771424149","-1.59020022472782","386","c(""Tubb5"", ""Cbx3"", ""St13"", ""Dek"", ""H3f3b"", ""Alyref"", ""Eif4a1"", ""Serbp1"", ""Set"", ""Top2a"", ""Ube2s"", ""Rbm8a"", ""Hnrnpa2b1"", ""H3f3a"", ""Srsf2"", ""Ran"", ""Txn1"", ""Naa15"", ""Ywhae"", ""Ezh2"", ""Hnrnpa1"", ""Dynll1"", ""Hnrnpdl"", ""Snhg9"", ""Ddx39b"", ""Hnrnpu"", ""Ubald2"", ""Hdgf"", ""Srsf10"", ""Agfg2"", ""C1qbp"", ""Nme1"", ""Drap1"", ""Aco2"", ""Eif4e"", ""Sumo2"", ""Rpl31"", ""Mbd3"", ""Birc5"", ""Nars"", ""Rpn2"", ""Ilf2"", ""Hspa8"", ""Cbx5"", ""Polr2j"", ""Cep295"", ""Ssbp1"", ""Ube2c"", ""Srsf1"", ""Ywhaq"", ""Lockd"", ""Rpa3"", ""Rrm1"", ""Agpat5"", ""Asf1b"", ""Cnbp"", 
""Gar1"", ""Pknox1"", ""Rpl36al"", ""Cdc34"", ""Cenpl"", ""Cacybp"", ""Hmmr"", ""Hdac2"", ""Sox4"", ""Mrpl49"", ""Phf5a"", ""Get4"", ""Hmgb3"", ""Cdkn1c"", ""Marcks"", ""Xrcc1"", ""Tubg1"", ""Cep57"", ""Rabggtb"", ""Denr"", ""Rsl1d1"", ""Snhg6"", ""Tcf12"", ""Paip2b"", ""Dcun1d5"", ""Paics"", ""Mcm3"", ""Azin1"", ""Rcc1"", ""Rad51"", ""Kpnb1"", ""Kif18a"", ""Cdc16"", ""Thap1"", ""Psmb3"", ""Rnaseh2b"", ""Haus5"", ""Faf1"", ""Ccar1"", ""Hcfc1"", ""Eif3l"", ""Rpa1"", ""Mybbp1a"", ""Kpna3"", ""Nfya"", ""Ptov1"", ""Cenpk"", ""Bcas2"", ""Abce1"", ""Pdzrn3"", ""Ska1"", ""Polr2i"", ""Cfap20"", ""Ube2m"", ""Pcm1"", 
""Nolc1"", ""Noc4l"", ""Nudt5"", ""Cenpc1"", ""Cep41"", ""Txnl1"", ""Srebf2"", ""Eef1e1"", ""Timeless"", ""Casp8ap2"", ""Psmb2"", ""Med19"", ""Etfa"", ""Patz1"", ""Zfpm1"", ""Pum3"", ""Nelfa"", ""Ppat"", ""Mrps12"", ""Naa40"", ""Siva1"")"
"580","GOBP_CEREBRAL_CORTEX_DEVELOPMENT","0.0109163341601332","0.0442439409246388","0.380730400722792","-0.540736003098498","-1.58946295765699","34","c(""Tuba1a"", ""Ywhae"", ""Tubb2a"", ""Nars"", ""Tacc3"", ""Fgf13"", ""Akirin2"", ""Nde1"")"
"581","GOMF_MICROTUBULE_BINDING","0.00428649740419433","0.0212840368944195","0.407017918923954","-0.443906506696051","-1.58699135551978","91","c(""Gapdh"", ""Nusap1"", ""Rcc2"", ""Birc5"", ""Cep295"", ""Spc24"", ""Kif23"", ""Prc1"", ""Fgf13"", ""Ska2"", ""Kif11"", ""Ckap5"", ""Haus4"", ""Ssna1"", ""Racgap1"", ""Kif20b"", ""Plk1"", ""Kif22"", ""Cep57"", ""Reep4"", ""Kif20a"", ""Ppp5c"", ""Nde1"", ""Kif18a"", ""Gtse1"", ""Mast2"", ""Kif4"", ""Cetn3"", ""Ska1"", ""Akap1"", ""Kif2c"", ""Kif15"", ""Ccsap"", ""Kif14"", ""Kif18b"", ""Cenpe"", ""Mdm1"", ""Kif2a"", ""Fmr1"", ""Enkd1"", ""Drg1"", ""Ccdc88a"", ""Knstrn"", ""Spag5"", ""Haus6"", ""Camsap3"", ""Haus7"", ""Ccdc181"", ""Dnm1"")"
"582","GOCC_CULLIN_RING_UBIQUITIN_LIGASE_COMPLEX","0.00638659845731595","0.0291385379098703","0.407017918923954","-0.528874120471092","-1.58554671830658","37","c(""Ube2s"", ""Cks2"", ""Anapc5"", ""Ube2c"", ""Cks1b"", ""Cacybp"", ""Ccnf"", ""Cdc20"", ""Cdc16"", ""Anapc13"", ""Anapc15"", ""Fzr1"")"
"583","REACTOME_PROGRAMMED_CELL_DEATH","0.00606849271221045","0.0279765319168223","0.407017918923954","-0.507852119250226","-1.58550148662137","44","c(""Hmgb1"", ""Satb1"", ""Cycs"", ""Hsp90aa1"", ""Hmgb2"", ""Ywhae"", ""Lmnb1"", ""Dynll1"")"
"584","TABULA_MURIS_SENIS_TONGUE_BASAL_CELL_OF_EPIDERMIS_AGEING","0.00235767266687773","0.0133222890994652","0.431707695803346","-0.437169188463342","-1.58436254125331","103","c(""Ptma"", ""Stmn1"", ""Tubb5"", ""Tuba1b"", ""Tubb4b"", ""Top2a"", ""Nusap1"", ""Ube2s"", ""Hmgb2"", ""Ran"", ""Dut"", ""Smc2"", ""Cks2"", ""Smc4"", ""Nudc"", ""Nme1"", ""Ccna2"", ""Cdk1"", ""Ptges3"", ""Birc5"", ""Tacc3"", ""Pbk"", ""Ube2c"", ""Fdps"", ""Spc24"", ""Prc1"", ""Cks1b"", ""Ccnb1"", ""Rplp2"", ""Cdca3"", ""Rangap1"", ""Tyms"", ""Racgap1"", ""Cdc20"", ""Ccnb2"", ""Cdca8"", ""Pgk1"")"
"585","REACTOME_CELLULAR_SENESCENCE","0.0105028366540676","0.0428100698017608","0.380730400722792","-0.50703418744075","-1.58230927433829","45","c(""Rbbp4"", ""Ube2s"", ""Txn1"", ""Lmnb1"", ""Ezh2"", ""Anapc5"", ""Rbbp7"", ""Ccna2"", ""Ccne2"", ""Asf1a"", ""Ube2c"", ""Cdk2"", ""Cdk4"")"
"586","MIR_465B_5P","0.00810901060630086","0.0352045237147127","0.380730400722792","-0.471950117668449","-1.58096716049425","64","c(""Ube2s"", ""Snrpg"", ""Ap3s1"", ""Eny2"", ""Eif4e"", ""Smc3"", ""Stag2"", ""Srrm1"", ""Lin9"", ""Hnrnpr"", ""Mogs"", ""Slc7a11"", ""Strap"", ""Pak1"", ""Tcf12"", ""Nup62"", ""Msl3"", ""Actl6a"", ""Stc2"", ""Gmcl1"", ""Nudt4"", ""Kpna3"")"
"587","GOMF_TRANSLATION_REGULATOR_ACTIVITY_NUCLEIC_ACID_BINDING","0.00844917119798722","0.0362423312045301","0.380730400722792","-0.510750409762427","-1.57943018993406","43","c(""Eif4a1"", ""Eif5a"", ""Eif2s2"", ""Eif5b"", ""Rps27l"", ""Pcbp1"", ""Eif1ax"", ""Eif4e"", ""Eif3g"", ""Eif2s1"", ""Gspt1"", ""Tyms"", ""Eif3c"", ""Eif4h"", ""Denr"", ""Paip2b"", ""Shmt2"", ""Eif3b"", ""Eif6"", ""Eif3l"")"
"588","GOBP_POSITIVE_REGULATION_OF_MITOTIC_CELL_CYCLE","0.00662061253537536","0.0300389342487165","0.407017918923954","-0.473601172082529","-1.57248525847305","59","c(""Hmgb1"", ""Anp32b"", ""Larp7"", ""Rdx"", ""Rcc2"", ""Lmnb1"", ""Rgcc"", ""Rrm2"", ""Anapc5"", ""Mad1l1"", ""Eif4e"", ""Cdk1"", ""Birc5"", ""Dbf4"", ""Ube2c"", ""Fbxo5"", ""Rrm1"", ""Ccnb1"", ""Cdk4"", ""Cdc20"", ""Apex1"")"
"589","GOBP_CELL_CYCLE_CHECKPOINT_SIGNALING","0.00251886783421221","0.0140113550234792","0.431707695803346","-0.438838242552011","-1.56956044761676","92","c(""Ddx39b"", ""Rps27l"", ""Mad1l1"", ""Spc25"", ""Bub3"", ""Cdk1"", ""Birc5"", ""Spc24"", ""Ccnb1"", ""Aurkb"", ""Aurka"", ""Mad2l1"", ""Wdr76"", ""Ndc80"", ""Plk1"", ""Cdc20"", ""Cdca8"", ""Tipin"", ""Bub1b"", ""Prpf19"", ""Spdl1"", ""Incenp"", ""Psmg2"", ""Inip"", ""Trip13"", ""Rad51"", ""Nsun2"", ""Cdt1"", ""Nuf2"", ""Rnaseh2b"", ""Ttk"", ""Blm"", ""Bub1"", ""Brcc3"", ""Rpa2"", ""Topbp1"", ""Anapc15"", ""Rhno1"", ""Timeless"", ""Pidd1"", ""Babam1"", ""Clspn"", ""Fzr1"", ""Bard1"", ""Cenpe"")"
"590","PEX2_TARGET_GENES","1.94452458326448e-05","0.00023576846691378","0.575610261071129","-0.374178993988632","-1.56826479665753","345","c(""Hmgb1"", ""Stmn1"", ""Srsf3"", ""Hnrnpm"", ""Ncl"", ""Mcm7"", ""Eif4a1"", ""Hsp90aa1"", ""Ap3s1"", ""Hmgn1"", ""Txn1"", ""Naa15"", ""Eif4a3"", ""Srsf7"", ""Dut"", ""Rcc2"", ""Nop58"", ""Dynll1"", ""Nop56"", ""U2af2"", ""Pcbp1"", ""Cct8"", ""Anapc5"", ""Mat2a"", ""Slbp"", ""Rps17"", ""Atp5h"", ""Samd1"", ""Raly"", ""Phgdh"", ""Tubb2a"", ""Jup"", ""Dnmt1"", ""Kpna2"", ""Them6"", ""Rpn2"", ""Smc3"", ""Cops5"", ""Hspa8"", ""Cbx5"", ""Uchl3"", ""Cep295"", ""Rnaseh2c"", ""Nfyb"", ""Bcl6"", ""Ndufb2"", ""Impdh2"", ""Syncrip"", ""Srsf1"", ""Prc1"", ""Lockd"", ""Rplp2"", ""Pknox1"", ""Nol7"", ""Mtf2"", ""Ska2"", 
""Hdac2"", ""D030056L22Rik"", ""Mrpl49"", ""Tcf3"", ""Ppid"", ""Atp5l"", ""Npm1"", ""Morf4l2"", ""Get4"", ""Mrpl18"", ""Hmgb3"", ""Exosc3"", ""Ccnb2"", ""Calm3"", ""Cdca8"", ""Plk4"", ""Pgk1"", ""Mcm4"", ""Rabggtb"", ""Apex1"", ""Slirp"", ""Psip1"", ""Hells"", ""Aars"", ""Rad23a"", ""Eftud2"", ""Actn4"", ""Snhg6"", ""Prpf40a"", ""Nme2"", ""Rrp9"", ""Rcc1"", ""Ube2a"", ""Kpnb1"", ""Eif3b"", ""Cdt1"", ""Thoc6"", ""Ptbp1"", ""Nab2"", ""Chchd2"", ""Tbrg4"", ""Psmd12"", ""Mybbp1a"", ""Ppp1r8"", ""Rfc4"", ""Vma21"", ""Nfya"", ""Eed"", ""Ftsj3"", ""Ptms"", ""Acsl3"")"
"591","GOBP_TRNA_METABOLIC_PROCESS","0.00400475141600717","0.0202890895501776","0.407017918923954","-0.448628603407143","-1.5641304311924","77","c(""Polr2l"", ""Nars"", ""Ssb"", ""Ddx1"", ""Exosc2"", ""Polr2f"", ""Gars"", ""Pop4"", ""Exosc3"", ""Lsm6"", ""Rpp30"", ""Aars"", ""Trmt10a"", ""Rars"", ""Nsun2"", ""Hars"", ""Akt1"", ""Osgep"", ""Exosc8"", ""Polr3d"", ""Farsb"", ""Trmt112"", ""Iars"", ""Tars"", ""Dus1l"", ""Exosc7"", ""Dus4l"", ""Dars"", ""Pnpt1"", ""Trmt6"", ""Mettl6"", ""Exosc9"", ""Lage3"", ""Thumpd3"", ""Yrdc"", ""Pop1"", ""Kti12"", ""Sars2"", ""Thumpd1"", ""Aars2"", ""Cars"", ""Pus7"", ""Elp5"")"
"592","CTR9_TARGET_GENES","3.18808937799813e-05","0.000365673851656386","0.557332238758646","-0.376384055020676","-1.56412432662066","312","c(""Stmn1"", ""Tubb5"", ""Tuba1b"", ""Cox7c"", ""Anp32e"", ""Hnrnpm"", ""Ncl"", ""Mcm7"", ""Eif4a1"", ""Hmgn2"", ""Ranbp1"", ""Set"", ""Pcna"", ""Hsp90aa1"", ""Slc25a5"", ""Srsf2"", ""Eif4a3"", ""Hsp90ab1"", ""Maz"", ""Nop58"", ""Taf1d"", ""Stip1"", ""Hnrnpdl"", ""Rpl6"", ""Snhg9"", ""Rps27l"", ""Pcbp1"", ""Hnrnpu"", ""Srsf10"", ""Nucks1"", ""Tmpo"", ""Rps17"", ""Spc25"", ""Pole4"", ""Uba2"", ""C1qbp"", ""Dnmt1"", ""Mbd3"", ""Ncapd2"", ""Kpna2"", ""Lbr"", ""Tomm40"", ""Hspa8"", ""Snrpe"", ""Npm3"", ""Ccne2"", ""Mcm6"", ""Cep295"", ""Nfyb"", ""Impdh2"", ""Prc1"", ""Lockd"", ""Fbxo5"", ""Cnbp"", ""Dkc1"", 
""Polr2f"", ""Nutf2"", ""Aurka"", ""Mtf2"", ""Ska2"", ""Hmmr"", ""Nt5c3b"", ""Ube2n"", ""Prdx1"", ""Ndufb6"", ""Timm13"", ""Cdc20"", ""Atp5c1"", ""Ccnb2"", ""Rabggtb"", ""Apex1"", ""Ctdspl2"", ""Gbx2"", ""Psip1"", ""Rad23a"", ""Mrpl51"", ""Snhg6"", ""Supt16"", ""Naa10"", ""Azin1"", ""Ubap2"", ""Gng13"", ""Rcc1"", ""Atf1"", ""Rad51"", ""Rars"", ""Sfpq"", ""Ddah2"", ""G2e3"", ""Stc2"", ""Tdg"", ""Mrpl12"", ""Thoc6"", ""Thap1"", ""Ldha"", ""Swi5"")"
"593","PWWP2B_TARGET_GENES","0.000403333040646232","0.0031513828175833","0.49849310876659","-0.399308848433197","-1.5633189110609","187","c(""Cbx3"", ""Cdca7"", ""Dek"", ""Rbbp4"", ""Mcm7"", ""Hsp90aa1"", ""Eif5a"", ""Hnrnpa2b1"", ""H3f3a"", ""Srsf2"", ""Ran"", ""Naa15"", ""Hsp90ab1"", ""Atp5g3"", ""Ezh2"", ""Cks2"", ""Hnrnpdl"", ""Nop56"", ""Rps27l"", ""Ubald2"", ""Hnrnpd"", ""Spc25"", ""Pole4"", ""Clns1a"", ""Ptges3"", ""Kpna2"", ""Dbf4"", ""Mylpf"", ""Rpn2"", ""Cops5"", ""Ndufab1"", ""Syncrip"", ""Atp5o"", ""Mtf2"", ""Rmi2"", ""Mrps5"", ""Hmmr"", ""Pola1"", ""Mxd3"", ""Ctcf"", ""Tcf3"", ""Cdk4"", ""Kif20b"", ""Prdx1"", ""Mrpl18"", ""Msh6"", ""Utp18"", ""Prpf19"", ""Srp68"", ""Tcf12"", ""Atf1"", ""Mrpl3"", ""Vdac2"", ""G2e3"", ""Thap1"", 
""Sfmbt1"", ""Dpy30"", ""Caprin1"", ""Anapc13"", ""Dph6"", ""Ppan"", ""Ptov1"", ""Bcas2"", ""Samm50"", ""Ssrp1"", ""Ppp2r3c"", ""Topbp1"", ""Nek2"", ""Naa16"", ""Pmf1"", ""Cenpo"")"
"594","GOBP_NEGATIVE_REGULATION_OF_ORGANELLE_ORGANIZATION","0.000962895113312225","0.00639143920699724","0.477270815362862","-0.4167313915371","-1.56258868699116","142","c(""Stmn1"", ""H3f3b"", ""Top2a"", ""Slc25a5"", ""H3f3a"", ""Rdx"", ""Fkbp4"", ""Hnrnpu"", ""Mad1l1"", ""Higd1a"", ""Spc25"", ""Bub3"", ""Birc5"", ""Rad21"", ""Smarca5"", ""Spc24"", ""Fbxo5"", ""Ccnb1"", ""Ckap2"", ""Fgf13"", ""Aurkb"", ""Mad2l1"", ""Ccnf"", ""Mcm2"", ""Ndc80"", ""Npm1"", ""Plk1"", ""Xrcc1"", ""Cdc20"", ""Cdca8"", ""Bub1b"", ""Spdl1"", ""Incenp"", ""Psmg2"", ""Naa10"", ""Trip13"", ""Tpx2"", ""Tinf2"", ""Nuf2"", ""Fxn"", ""Hnrnpc"", ""Ttk"", ""Akt1"", ""Bub1"", ""Parp1"", ""Mphosph9"", ""Ctc1"", ""Anapc15"")"
"595","TABULA_MURIS_SENIS_BROWN_ADIPOSE_TISSUE_MESENCHYMAL_STEM_CELL_OF_ADIPOSE_AGEING","2.02224876075481e-05","0.000244675034660946","0.575610261071129","-0.371349606077234","-1.56163614757732","366","c(""Ptma"", ""Tubb5"", ""Cbx3"", ""Calm2"", ""Ybx1"", ""H3f3b"", ""Ncl"", ""Cycs"", ""Alyref"", ""Hmgn2"", ""Ranbp1"", ""Pcna"", ""Ube2s"", ""Slc25a5"", ""Eif5a"", ""Srsf2"", ""U2af1"", ""Hspd1"", ""Hmgn1"", ""Srsf7"", ""Ywhae"", ""Pa2g4"", ""Maz"", ""Hnrnpd"", ""Cct3"", ""Slbp"", ""Atp5h"", ""Pole4"", ""Dhrs3"", ""C1qbp"", ""Snrpb"", ""Bub3"", ""Ndufa12"", ""Hibadh"", ""Raly"", ""Drap1"", ""Sumo2"", ""Smc3"", ""Npm3"", ""Eif3g"", ""Eri1"", ""Fdps"", ""Lsm2"", ""Pin1"", ""Cnbp"", ""Nsmce4a"", ""Thoc7"", ""Rnf126"", ""Ube2e3"", ""Cops3"", ""Sf3b4"", ""Nt5c3b"", ""Ctcf"", ""Ssna1"", ""Psmb6"", ""Cyc1"", ""Hnrnpr"", 
""Ebna1bp2"", ""Prdx1"", ""Eif4h"", ""Cdkn1c"", ""Leo1"", ""Pgk1"", ""Psip1"", ""Dynll2"", ""Snrpc"", ""Srsf9"", ""Nup107"", ""Timp3"", ""Psmg2"", ""Mrpl51"", ""Brd3"", ""Rfc5"", ""Vdac2"", ""Hsph1"", ""Timm50"", ""Ddah2"", ""Psmc2"", ""Polr2c"", ""Bcl10"", ""Mrpl12"", ""Snrpa"", ""Ldha"", ""Swi5"", ""Snrnp40"", ""Snrpa1"", ""Sfr1"", ""Ivns1abp"", ""Tomm6"", ""Eif6"", ""Khsrp"", ""Psmd12"", ""Mtx2"", ""Polr2e"", ""Ptov1"", ""Ptms"", ""Pcnt"", ""Cnih4"", ""Stub1"", ""Znhit3"", ""Psma2"", ""Hdac1"", ""Tssc4"", ""Cfap20"", ""Txnl4a"", ""Fundc2"", ""Mlf2"", ""Isoc1"", ""Timm17a"", ""Gtf2a2"", ""Cep83"", ""Ctc1"", 
""Clic1"", ""Mphosph10"", ""Emc8"")"
"596","REACTOME_SUMOYLATION_OF_DNA_DAMAGE_RESPONSE_AND_REPAIR_PROTEINS","0.00913030449256417","0.0386723015250041","0.380730400722792","-0.499565383511914","-1.55963050699106","44","c(""Sumo2"", ""Rad21"", ""Smc3"", ""Stag2"", ""Nsmce4a"", ""Nup85"", ""Nsmce1"", ""Nup107"", ""Nup62"", ""Tdg"", ""Ndc1"", ""Aaas"", ""Nsmce2"", ""Rpa1"", ""Blm"", ""Parp1"", ""Nup37"", ""Seh1l"", ""Nup205"", ""Nup188"", ""Nup43"", ""Brca1"", ""Sec13"", ""Scmh1"", ""Pom121"", ""Nup54"", ""Smc5"", ""Nup133"", ""Smc1a"")"
"597","NRD1_TARGET_GENES","0.00041358677135242","0.00320963482233576","0.49849310876659","-0.390500384494137","-1.557946439901","213","c(""Ptma"", ""Tuba1b"", ""Calm2"", ""H3f3b"", ""Ncl"", ""Tubb4b"", ""Eif4a1"", ""Gapdh"", ""Eif3j1"", ""Ppia"", ""Slc25a5"", ""Amd1"", ""Nop10"", ""Cox7a2"", ""Tuba1a"", ""Ddx18"", ""Srsf2"", ""Txn1"", ""Srsf7"", ""Hsp90ab1"", ""Snrpd1"", ""Rpl41"", ""Hnrnpa1"", ""Nop56"", ""Rpl6"", ""U2af2"", ""Pcbp1"", ""Cct3"", ""Mat2a"", ""Tmpo"", ""Slbp"", ""Phgdh"", ""Cdk1"", ""Rpf2"", ""Hspa8"", ""Snrpe"", ""Cbx5"", ""Ncaph"", ""Ndufb7"", ""Bcl6"", ""Uqcrb"", ""Brix1"", ""Rps19bp1"", ""Baiap2"", ""Pabpc1"", ""Sf3a3"", ""Ppid"", ""Mrps18c"", ""Prdx1"", ""Npm1"", ""Atp5c1"", ""Calm3"", ""Rbm34"", ""Snrpc"", ""Hells"", 
""Timm8b"", ""Prpf40a"", ""Naa10"", ""Rrp15"", ""Sf3a2"", ""Suz12"", ""Rcc1"", ""Atf1"", ""Mrpl3"", ""Cdc7"", ""Mrpl12"", ""Ddx56"", ""Hars"", ""Wdr89"", ""Thoc6"", ""Ptbp1"", ""Aaas"", ""Rpl36a"", ""Mrpl13"", ""Rps26"", ""Hnrnpc"", ""Psmb7"", ""Ppp1r8"")"
"598","GOBP_REGULATION_OF_MITOTIC_CELL_CYCLE_PHASE_TRANSITION","0.00134303471804245","0.0085202479070503","0.45505986738723","-0.408558097506966","-1.55563442166509","152","c(""Anp32b"", ""Larp7"", ""Rdx"", ""Rcc2"", ""Lmnb1"", ""Ezh2"", ""Rgcc"", ""Rrm2"", ""Rps27l"", ""Plk5"", ""Anapc5"", ""Mad1l1"", ""Spc25"", ""Bub3"", ""Cdk1"", ""Birc5"", ""Rad21"", ""Dbf4"", ""Ube2c"", ""Spc24"", ""Smarcc1"", ""Fbxo5"", ""Rrm1"", ""Ccnb1"", ""Aurkb"", ""Cdk2"", ""Mad2l1"", ""Tcf3"", ""Cdk4"", ""Ndc80"", ""Plk1"", ""Cdkn1c"", ""Cdc20"", ""Cdca8"", ""Bcl7a"", ""Apex1"", ""Bub1b"", ""Spdl1"", ""Incenp"", ""Psmg2"", ""Cenpf"", ""Inip"", ""Ctdspl"", ""Actl6a"", ""Smarca4"", ""Trip13"", ""Cdc16"", ""Cdc7"", ""Nuf2"", ""Rnaseh2b"", ""Nsmce2"", ""Ttk"", ""Akt1"", ""Cdkn2c"", ""Blm"", ""Atad5"", 
""Bub1"", ""Cdkn2d"", ""Brcc3"", ""Rpa2"", ""Topbp1"", ""Hacd1"", ""Ctc1"", ""Anapc15"", ""E2f7"", ""Kif14"", ""Pidd1"", ""Babam1"", ""Clspn"", ""Fzr1"", ""Bard1"", ""Sass6"", ""Cenpe"", ""Cdc25a"")"
"599","GCM2_TARGET_GENES","8.22817511883064e-05","0.000826420040393936","0.538434096309916","-0.376002948236699","-1.55318364008005","301","c(""St13"", ""Atp5b"", ""Cox7c"", ""Ncl"", ""Cycs"", ""Hmgn2"", ""Nusap1"", ""Ndufa5"", ""Snrpg"", ""Hmgb2"", ""H3f3a"", ""Srsf2"", ""Lsm3"", ""Naa15"", ""Eif4a3"", ""Hsp90ab1"", ""Ezh2"", ""Taf1d"", ""Nop56"", ""Rpl6"", ""Rps27l"", ""Hnrnpd"", ""Nudc"", ""Tmpo"", ""Spc25"", ""Ndufa12"", ""Sumo2"", ""Wbp11"", ""Mbd3"", ""Ncapd2"", ""Nars"", ""Tcp1"", ""Hspa8"", ""Mcm6"", ""Ssbp1"", ""Srsf6"", ""Syncrip"", ""Srsf1"", ""Wdr12"", ""Lockd"", ""Ccnb1"", ""Hspe1"", ""Nelfe"", ""Cdca3"", ""Cdc34"", ""Cenpl"", ""Usp1"", ""Sf3b4"", ""Ska2"", ""Kif11"", ""Ckap5"", ""Ctcf"", ""Sephs2"", ""Cyc1"", ""Uck2"", ""Atp5a1"", 
""Prdx1"", ""Pfkp"", ""Mrpl18"", ""Atp5c1"", ""Cdca8"", ""Wdr18"", ""Elovl2"", ""Rabggtb"", ""Slirp"", ""Dynll2"", ""Dnajc9"", ""Srsf9"", ""Aars"", ""Mrpl51"", ""Snhg6"", ""Akirin2"", ""Psmd14"", ""E2f2"", ""Actl6a"", ""Brd3"", ""Sfpq"", ""Timm50"", ""Cyb5b"", ""Mrpl12"", ""Hjurp"", ""Gins1"", ""Thoc3"", ""Khsrp"", ""Caprin1"", ""Mtx2"", ""Anapc13"", ""Mybbp1a"", ""Pold2"", ""Rfc4"")"
"600","MIR_6951_5P","0.00707287146118704","0.031545649981794","0.407017918923954","-0.437284772392788","-1.55312448069419","88","c(""Hmgb1"", ""Snrpf"", ""Arpp19"", ""Hsp90aa1"", ""Hnrnpa2b1"", ""Polr2k"", ""Gnl3"", ""Dbf4"", ""Hspa14"", ""Asf1a"", ""Syncrip"", ""Suv39h1"", ""Uchl5"", ""Thoc7"", ""Pabpc1"", ""Pola1"", ""Leo1"", ""Cacna1e"")"
"601","TABULA_MURIS_SENIS_BRAIN_NON_MYELOID_OLIGODENDROCYTE_AGEING","4.95118602126501e-06","7.28078252101407e-05","0.610526878385931","-0.361099818397016","-1.55302429138291","464","c(""Ptma"", ""Hmgb1"", ""Stmn1"", ""Tubb5"", ""Tuba1b"", ""Calm2"", ""Ybx1"", ""H3f3b"", ""Ncl"", ""Tubb4b"", ""Cycs"", ""Mif"", ""Hmgn2"", ""Serbp1"", ""Ranbp1"", ""Set"", ""Gapdh"", ""Ppia"", ""Pcna"", ""Hsp90aa1"", ""Rbm8a"", ""Slc25a5"", ""Eif5a"", ""Anp32b"", ""Tuba1a"", ""H3f3a"", ""Snrpd3"", ""U2af1"", ""Hmgn1"", ""Banf1"", ""Eif4a3"", ""Snrpd2"", ""Ywhae"", ""Pdap1"", ""Psma6"", ""Dbi"", ""Hsp90ab1"", ""Snrpd1"", ""Atp5g3"", ""Psmc3"", ""Pdcd5"", ""Dynll1"", ""Atp5g1"", ""Nop56"", ""Rpl35"", ""Rpl6"", ""Ddx39b"", ""Eif1ax"", ""Hdgf"", ""Ndufs6"", ""Nudc"", ""Nucks1"", ""Dnajc15"", ""Atp5j"", ""Cox6a1"", 
""Atp5h"", ""Pole4"", ""C1qbp"", ""Snrpb"", ""Ctsl"", ""Ndufa12"", ""Sdhb"", ""Raly"", ""Nme1"", ""Drap1"", ""Psmc4"", ""Cops5"", ""Ndufab1"", ""Tomm40"", ""Ndufb7"", ""Rnaseh2c"", ""Phb"", ""Galk1"", ""Eif3g"", ""Fcf1"", ""Fdps"", ""Lsm2"", ""Ahsa1"", ""Pin1"", ""Atp5o"", ""Ruvbl1"", ""Uchl5"", ""Cnbp"", ""Hspe1"", ""Ppp1r35"", ""Nelfe"", ""Srm"", ""Rnf126"", ""Ube2e3"", ""Erh"", ""Nol7"", ""Sf3b4"", ""Cacybp"", ""Nt5c3b"", ""Psma7"", ""Ssna1"", ""Psmb6"", ""Cyc1"", ""Mrto4"", ""Aif1l"", ""Atp5l"", ""Hnrnpr"", ""Ebna1bp2"", ""Prdx1"", ""Cltb"", ""Npm1"", ""Ndufb6"", ""Phf5a"", ""Mrpl18"", ""Timm13"", ""Atp5c1"", 
""Calm3"", ""Wdr18"", ""Mrps6"", ""Rpp30"", ""Psip1"", ""Denr"", ""Dynll2"", ""Dnajc9"", ""Snrpc"", ""Klf13"", ""Srsf9"", ""Nsmce1"", ""Zcrb1"", ""Naa10"", ""Nme2"", ""Mrpl15"", ""Sf3b5"", ""Brd3"", ""Vdac2"", ""Pla2g12a"", ""Ddah2"", ""Psmc2"", ""Polr2c"", ""Mrpl12"", ""Gtf2f1"", ""Psmd13"", ""Mrps25"", ""Fam162a"", ""Snrpa"", ""Cfdp1"", ""Swi5"", ""Psmb3"", ""Psmc5"", ""Cox5a"", ""Snrpa1"", ""Sfr1"", ""Tomm6"", ""Chchd2"", ""Eif6"", ""Pfdn6"", ""Psmb7"", ""Sod1"", ""Pold2"", ""Cox8a"", ""Polr2e"", ""Id3"", ""Psmd6"", ""Ptms"", ""Bcas2"", ""Cnih4"", ""Stub1"", ""Cdkn2d"", ""Brcc3"", ""Samm50"", ""Cetn3"", 
""Psma2"", ""Polr2i"", ""Tssc4"", ""Cfap20"", ""Txnl4a"", ""Mlf2"")"
"602","LI_INDUCED_T_TO_NATURAL_KILLER_DN","0.00760816685625075","0.0335121635334855","0.407017918923954","-0.449385614059553","-1.54982364361767","72","c(""Satb1"", ""Dntt"", ""Cdca7"", ""Anp32e"", ""H3f3b"", ""Xrcc6"", ""Aqp11"", ""Endou"", ""Rgcc"", ""Trim28"", ""Hibadh"", ""Gm525"", ""Sh2d1a"", ""Mtf2"", ""Cd27"", ""Sox4"", ""Marcks"", ""Bcl7a"", ""Slc29a1"", ""Msh6"")"
"603","REACTOME_ABC_FAMILY_PROTEINS_MEDIATED_TRANSPORT","0.00968786982162655","0.040319255026871","0.380730400722792","-0.496421321425677","-1.54981482458509","44","c(""Eif2s2"", ""Psma6"", ""Psmc3"", ""Psmc4"", ""Psmc6"", ""Eif2s1"", ""Psmd3"", ""Psma7"", ""Psmb6"", ""Psmd14"", ""Psmc2"", ""Psmd13"", ""Psmb3"", ""Psmc5"", ""Psmd2"", ""Psmc1"", ""Psmd12"", ""Psmb7"", ""Psmd6"", ""Psma2"")"
"604","GOMF_TRANSFERASE_ACTIVITY_TRANSFERRING_ONE_CARBON_GROUPS","0.00550796852423027","0.0258919667921808","0.407017918923954","-0.462232734699742","-1.54933270877909","62","c(""Prmt1"", ""Ezh2"", ""Fbl"", ""Dnmt1"", ""Suv39h1"", ""Gart"", ""Tyms"", ""Wdr5"", ""Trmt10a"", ""Shmt2"", ""Suz12"", ""Nsun2"", ""Fam98b"", ""Mettl16"", ""Eed"", ""Ftsj3"", ""Nop2"", ""Comt"", ""Trmt112"", ""Pcmt1"", ""Tgs1"", ""Prmt5"", ""Smyd2"", ""Inmt"", ""Shmt1"", ""Mettl6"", ""Atic"", ""Thumpd3"", ""Cad"", ""Dimt1"", ""Ciapin1"", ""Gcsh"")"
"605","GOCC_CENTROSOME","0.000469692679324008","0.00358178022408964","0.49849310876659","-0.380976581416137","-1.54789481649778","253","c(""Calm2"", ""Ranbp1"", ""Pcna"", ""Taf1d"", ""Rgcc"", ""Dynll1"", ""Hnrnpu"", ""Plk5"", ""Cct8"", ""Nme1"", ""Spatc1l"", ""Cdk1"", ""Tacc3"", ""Tcp1"", ""Ccne2"", ""Cep295"", ""Kif23"", ""Ak6"", ""Dhx9"", ""Slc16a1"", ""Ruvbl2"", ""Ccnb1"", ""Ckap2"", ""Ppp1r35"", ""Mzt1"", ""Aurkb"", ""Aurka"", ""Hmmr"", ""Cdk2"", ""Haus3"", ""Ckap5"", ""Haus4"", ""Ssna1"", ""Ccnf"", ""Ndc80"", ""Kif20b"", ""Npm1"", ""Plk1"", ""Marcks"", ""Cdc20"", ""Ccnb2"", ""Calm3"", ""Tubg1"", ""Leo1"", ""Plk4"", ""Nudt21"", ""Cep57"", ""Apex1"", ""Dynll2"", ""Ckap2l"", ""Cenpf"", ""Nup62"", ""Nde1"", ""Mcm3"", ""Azin1"", ""Cdc16"", 
""Aaas"", ""Sfr1"", ""Haus5"", ""Cep70"", ""Pcnt"", ""Bcas2"", ""Cetn3"", ""Ska1"", ""Mastl"", ""Ppp2r3c"", ""Pcm1"", ""Kif2c"", ""Mphosph9"", ""Cep83"", ""Nek2"", ""Cep41"", ""Ccsap"", ""Odf2"", ""Cdc45"", ""Ddx11"", ""Sass6"", ""Gpsm2"", ""Ska3"", ""Hyls1"", ""Mdm1"", ""Cct5"", ""Naa40"", ""Kif2a"", ""Uxt"", ""Enkd1"", ""Orc2"", ""Limk2"", ""Aspm"", ""Espl1"", ""Brca1"", ""Ccdc88a"", ""Knstrn"", ""Mdh1"", ""Spag5"", ""Aunip"", ""Dcaf13"", ""Chek1"", ""Dtl"", ""Rlbp1"", ""Haus6"", ""Camsap3"", ""Haus7"", ""Clic4"", ""Cep250"", ""Rpgr"")"
"606","GOBP_TRNA_PROCESSING","0.0125226044486097","0.0494267973246916","0.380730400722792","-0.492159544650421","-1.54680545998315","46","c(""Ssb"", ""Ddx1"", ""Pop4"", ""Lsm6"", ""Rpp30"", ""Aars"", ""Trmt10a"", ""Nsun2"", ""Akt1"", ""Osgep"", ""Trmt112"", ""Dus1l"", ""Dus4l"", ""Pnpt1"", ""Trmt6"", ""Mettl6"", ""Lage3"", ""Thumpd3"", ""Yrdc"", ""Pop1"", ""Kti12"", ""Thumpd1"", ""Pus7"", ""Elp5"", ""Wdr4"", ""Rpp38"", ""Trmt61a"")"
"607","L3MBTL2_TARGET_GENES","0.00460383330077705","0.0223754101525054","0.407017918923954","-0.441571790048073","-1.54545566644255","79","c(""Romo1"", ""Nop58"", ""Nop56"", ""Vdac1"", ""Gm10190"", ""Hdac2"", ""Ckap5"", ""Mrto4"", ""Rpia"", ""Zcchc10"", ""Cct7"", ""Ndc80"", ""Mrpl18"", ""Timm13"", ""Apex1"", ""Slc7a11"", ""Tbrg4"", ""Cenpk"", ""Zp1"", ""Cetn3"", ""Zfp101"", ""Gpn3"", ""Osgep"", ""Ubr7"", ""Mrc2"", ""Kif2a"", ""Sart3"", ""Smyd2"", ""Shmt1"", ""Pif1"", ""Uqcc2"")"
"608","HDGFL2_TARGET_GENES","0.000295934579832341","0.00244199254005536","0.49849310876659","-0.387100462873682","-1.54449730209073","223","c(""Tuba1b"", ""Cbx3"", ""Srsf3"", ""St13"", ""Atp5b"", ""Ybx1"", ""Ncl"", ""Hnrnpa3"", ""Uqcr11"", ""Eif4a1"", ""Hmgn2"", ""Gapdh"", ""Pcna"", ""Hsp90aa1"", ""Snrpg"", ""Eif5a"", ""Uqcr10"", ""Srsf2"", ""Pdap1"", ""Rcc2"", ""Maz"", ""Nop58"", ""Smc2"", ""Hnrnpdl"", ""Rpl6"", ""Snhg9"", ""Ddx39b"", ""Hnrnpu"", ""Trim28"", ""Rps17"", ""Pole4"", ""Ndufa4"", ""Rpl31"", ""Cdk1"", ""Igf2"", ""Mylpf"", ""Tomm40"", ""Cep295"", ""Nfyb"", ""Impdh2"", ""Srsf1"", ""Hspa9"", ""Ak6"", ""Ccnb1"", ""Rplp2"", ""Cnbp"", ""Hat1"", ""Usp1"", ""Mrps5"", ""Podxl2"", ""Pabpc1"", ""Ctcf"", ""Mrto4"", ""Atp5l"", ""Atp5a1"", ""Prdx1"", 
""Nup85"", ""Rabggtb"", ""Apex1"", ""Tipin"", ""Denr"", ""Rad23a"", ""Psmg2"", ""Eftud2"", ""Timm8b"", ""Rcc1"", ""Atf1"", ""Rfc5"", ""Kpnb1"", ""Vdac2"", ""Sfpq"", ""Nsun2"", ""Fam162a"", ""Ndc1"", ""Rpl36a"", ""Tbrg4"", ""Pes1"", ""Psmd12"", ""Caprin1"", ""Dph6"", ""Rfc4"", ""Polr2e"", ""Id3"", ""Ptov1"")"
"609","GOBP_POSITIVE_REGULATION_OF_POST_TRANSLATIONAL_PROTEIN_MODIFICATION","0.00598103987519603","0.0276623094227816","0.407017918923954","-0.460513455757917","-1.54356995140576","62","c(""Dek"", ""Ube2s"", ""Ddx21"", ""Gnl3"", ""Uba2"", ""Sumo2"", ""Birc5"", ""Smarca5"", ""Suv39h1"", ""Pin1"", ""Sae1"", ""Nelfe"", ""Ube2n"", ""Npm1"", ""Plk1"", ""Cdc20"", ""Wdr5"", ""Ube2l3"", ""Dcun1d5"", ""Bcl10"", ""Hcfc1"", ""Mybbp1a"", ""Eed"", ""Stub1"", ""Mastl"")"
"610","GOCC_MICROTUBULE_ORGANIZING_CENTER","0.000134172636428012","0.00125526928207936","0.518848077743792","-0.377463226959832","-1.5418256148095","278","c(""Calm2"", ""Ranbp1"", ""Top2a"", ""Pcna"", ""Ran"", ""Taf1d"", ""Rgcc"", ""Dynll1"", ""Hnrnpu"", ""Plk5"", ""Cct8"", ""Nme1"", ""Spatc1l"", ""Cdk1"", ""Birc5"", ""Tacc3"", ""Tcp1"", ""Ccne2"", ""Cep295"", ""Kif23"", ""Ak6"", ""Pin1"", ""Dhx9"", ""Slc16a1"", ""Ruvbl2"", ""Ccnb1"", ""Ckap2"", ""Ppp1r35"", ""Mzt1"", ""Aurkb"", ""Aurka"", ""Hmmr"", ""Cdk2"", ""Haus3"", ""Ckap5"", ""Haus4"", ""Ssna1"", ""Ccnf"", ""Ndc80"", ""Kif20b"", ""Npm1"", ""Plk1"", ""Marcks"", ""Cdc20"", ""Ccnb2"", ""Calm3"", ""Tubg1"", ""Leo1"", ""Plk4"", ""Nudt21"", ""Cep57"", ""Apex1"", ""Dynll2"", ""Ckap2l"", ""Irs1"", ""Cenpf"", ""Nup62"", 
""Nde1"", ""Mcm3"", ""Azin1"", ""Cdc16"", ""Aaas"", ""Sfr1"", ""Haus5"", ""Akt1"", ""Cep70"", ""Pcnt"", ""Bcas2"", ""Cetn3"", ""Ska1"", ""Mastl"", ""Cfap20"", ""Ppp2r3c"", ""Pcm1"", ""Kif2c"", ""Mphosph9"", ""Cep83"", ""Nek2"", ""Cep41"", ""Ccsap"", ""Odf2"", ""Cdc45"", ""Ddx11"", ""Sass6"", ""Gpsm2"", ""Ska3"", ""Hyls1"", ""Mdm1"", ""Cct5"", ""Naa40"", ""Kif2a"", ""Uxt"", ""Enkd1"", ""Orc2"", ""Limk2"", ""Aspm"", ""Espl1"", ""Brca1"", ""Dnaaf2"", ""Ccdc88a"", ""Knstrn"", ""Mdh1"", ""Spag5"", ""Aunip"", ""Dcaf13"", ""Chek1"", ""Dtl"", ""Rlbp1"", ""Haus6"", ""Camsap3"", ""Haus7"", ""Clic4"", ""Cep250"", ""Rpgr""
)"
"611","PCGF5_TARGET_GENES","0.00108394882100708","0.00707218030543299","0.45505986738723","-0.400741911097132","-1.54168574004334","167","c(""H3f3b"", ""Alyref"", ""Mcm7"", ""Eif4a1"", ""Eif4a3"", ""Hsp90ab1"", ""Maz"", ""Psmc3"", ""Hnrnpa1"", ""Hnrnpdl"", ""Pcbp1"", ""Hnrnpu"", ""Cct8"", ""Hnrnpd"", ""Hdgf"", ""Samd1"", ""Ccna2"", ""Sumo2"", ""Ptges3"", ""Igf2"", ""Nars"", ""Npm3"", ""Cbx5"", ""Impdh2"", ""Srsf1"", ""Atp5o"", ""Cenpl"", ""Nol7"", ""Psmd3"", ""Ppm1g"", ""Ppid"", ""Lta4h"", ""Srsf9"", ""Mrps14"", ""Trmt10a"", ""Rbm17"", ""Psmd14"", ""Ctdspl"", ""Msl3"", ""Polr3k"", ""Mrpl12"", ""Ldha"", ""Psmb3"", ""Ptbp1"", ""Snrnp40"", ""Pfdn6"", ""Mast2"", ""Rfc4"", ""Tk1"", ""Nop2"", ""Krtcap2"", ""Mphosph9"", ""Nek2"", ""E2f7"", ""Odf2"", 
""Pgam1"", ""Wdr46"", ""Mdm1"", ""Cct5"", ""Pcmt1"", ""Arhgap8"", ""Orc2"", ""Limk2"", ""Exo1"", ""Wdr75"", ""Nip7"", ""Prmt5"")"
"612","REACTOME_METABOLISM_OF_RNA","3.96736501354916e-05","0.000442662224760787","0.557332238758646","-0.371495309085458","-1.54023079671691","310","c(""Srsf3"", ""Snrpf"", ""Ybx1"", ""Ncl"", ""Hnrnpa3"", ""Alyref"", ""Eif4a1"", ""Set"", ""Rbm8a"", ""Snrpg"", ""Rpl38"", ""Gtf2h4"", ""Ddx21"", ""Hnrnpa2b1"", ""Srsf2"", ""Snrpd3"", ""U2af1"", ""Lsm3"", ""Eif4a3"", ""Rps28"", ""Srsf7"", ""Snrpd2"", ""Psma6"", ""Snrpd1"", ""Wdr43"", ""Psmc3"", ""Nop58"", ""Hnrnpa1"", ""Polr2l"", ""Lsm7"", ""Nop56"", ""Rpl35"", ""Rpl6"", ""U2af2"", ""Ddx39b"", ""Rps27l"", ""Pcbp1"", ""Polr2k"", ""Hnrnpu"", ""Hnrnpd"", ""Srsf10"", ""Gnl3"", ""Slbp"", ""Rps17"", ""Snrpb"", ""Pdcd11"", ""Clns1a"", ""Fbl"", ""Magoh"", ""Rpl36"", ""Eif4e"", ""Psmc4"", ""Rpl31"", ""Wbp11"", ""Rnps1"", 
""Hspa8"", ""Snrpe"", ""Psmc6"", ""Lsm8"", ""Eri1"", ""Fcf1"", ""Srsf1"", ""Lsm2"", ""Wdr12"", ""Dhx9"", ""Lsm5"", ""Rplp2"", ""Exosc2"", ""Thoc7"", ""Polr2f"", ""Rpl36al"", ""Psmd3"", ""Sf3b4"", ""Pabpc1"", ""U2surp"", ""Sf3a3"", ""Nt5c3b"", ""Psma7"", ""Srrm1"", ""Gspt1"", ""Psmb6"", ""Hnrnpr"", ""Ebna1bp2"", ""Phf5a"", ""Nup85"", ""Exosc3"", ""Lsm6"", ""Wdr18"", ""Nudt21"", ""Rpp30"", ""Smu1"", ""Utp18"", ""Snrpc"", ""Srsf9"", ""Prpf19"", ""Nup107"", ""Zcrb1"", ""Eftud2"", ""Prpf40a"", ""Cstf2"", ""Nup62"", ""Rbm17"", ""Sf3a2"", ""Psmd14"", ""Rrp9"", ""Sf3b5"", ""Psmc2"", ""Bysl"", ""Polr2c"", ""Gtf2f1"", 
""Psmd13"", ""Thoc6"", ""Snrpa"", ""Psmb3"", ""Ndc1"", ""Ptbp1"", ""Snrnp40"", ""Aaas"", ""Psmc5"", ""Psmd2"", ""Snrpa1"", ""Psmc1"", ""Rpl36a"", ""Rps26"", ""Thoc3"", ""Khsrp"", ""Pes1"", ""Psmd12"", ""Hnrnpc"", ""Psmb7"", ""Akt1"", ""Polr2e"", ""Psmd6"", ""Gemin6"", ""Ftsj3"", ""Bcas2"", ""Rbmx2"", ""Nxt1"", ""Snrnp35"", ""Tcerg1"", ""Psma2"", ""Polr2d"", ""Polr2i"", ""Txnl4a"")"
"613","MIR_465A_5P","0.00782468732142618","0.0342292767264524","0.380730400722792","-0.458311993466016","-1.53805203410531","63","c(""Ube2s"", ""Snrpg"", ""Ap3s1"", ""Eny2"", ""Smc3"", ""Stag2"", ""Srrm1"", ""Lin9"", ""Hnrnpr"", ""Mogs"", ""Slc7a11"", ""Strap"", ""Pak1"", ""Tcf12"", ""Nup62"", ""Msl3"", ""Actl6a"", ""Stc2"", ""Gmcl1"", ""Nudt4"", ""Kpna3"")"
"614","MIR_465C_5P","0.00782468732142618","0.0342292767264524","0.380730400722792","-0.458311993466016","-1.53805203410531","63","c(""Ube2s"", ""Snrpg"", ""Ap3s1"", ""Eny2"", ""Smc3"", ""Stag2"", ""Srrm1"", ""Lin9"", ""Hnrnpr"", ""Mogs"", ""Slc7a11"", ""Strap"", ""Pak1"", ""Tcf12"", ""Nup62"", ""Msl3"", ""Actl6a"", ""Stc2"", ""Gmcl1"", ""Nudt4"", ""Kpna3"")"
"615","MIR_465D_5P","0.00782468732142618","0.0342292767264524","0.380730400722792","-0.458311993466016","-1.53805203410531","63","c(""Ube2s"", ""Snrpg"", ""Ap3s1"", ""Eny2"", ""Smc3"", ""Stag2"", ""Srrm1"", ""Lin9"", ""Hnrnpr"", ""Mogs"", ""Slc7a11"", ""Strap"", ""Pak1"", ""Tcf12"", ""Nup62"", ""Msl3"", ""Actl6a"", ""Stc2"", ""Gmcl1"", ""Nudt4"", ""Kpna3"")"
"616","GOBP_PROTEIN_RNA_COMPLEX_ORGANIZATION","0.00690543057576569","0.0310122508629728","0.407017918923954","-0.427939711178462","-1.52757586900569","90","c(""Snrpf"", ""Hsp90aa1"", ""Snrpg"", ""Eif2s2"", ""Rpl38"", ""Snrpd3"", ""Rps28"", ""Snrpd2"", ""Snrpd1"", ""Rpl6"", ""Ddx39b"", ""Rps27l"", ""Srsf10"", ""Snrpb"", ""Clns1a"", ""Ptges3"", ""Rpf2"", ""Snrpe"", ""Srsf6"", ""Srsf1"", ""Lsm2"", ""Dhx9"", ""Ruvbl1"", ""Ruvbl2"", ""Brix1"", ""Sf3a3"", ""Ckap5"", ""Mrto4"", ""Nudt21"", ""Psip1"", ""Denr"", ""Snrpc"", ""Prpf19"", ""Strap"", ""Sf3a2"")"
"617","GOBP_NCRNA_PROCESSING","0.00110648915751129","0.00720285507188112","0.45505986738723","-0.39338770699903","-1.52332655220871","175","c(""Srsf3"", ""Ncl"", ""Nop10"", ""Ddx21"", ""Hnrnpa2b1"", ""Ddx18"", ""Larp7"", ""Rps28"", ""Tdrd5"", ""Pa2g4"", ""Wdr43"", ""Rpl35"", ""Rps17"", ""Pdcd11"", ""Nifk"", ""Fbl"", ""Wbp11"", ""Rpf2"", ""Npm3"", ""Ssb"", ""Ddx1"", ""Eri1"", ""Fcf1"", ""Suv39h1"", ""Wdr12"", ""Brix1"", ""Dkc1"", ""Lyar"", ""Gar1"", ""Exosc2"", ""Mrto4"", ""Ebna1bp2"", ""Pop4"", ""Npm1"", ""Ddx10"", ""Exosc3"", ""Lsm6"", ""Wdr18"", ""Rpp30"", ""Rbm34"", ""Tdrkh"", ""Utp18"", ""Rsl1d1"", ""Zcchc8"", ""Aars"", ""Trmt10a"", ""Rrp15"", ""Rrp9"", ""Nsun2"", ""Bysl"", ""Ddx56"", ""Eif6"", ""Pes1"", ""Akt1"", ""Ppan"", ""Mettl16"", ""Ftsj3"", 
""Znhit3"", ""Nop2"", ""Pwp1"", ""Ddx27"", ""Mphosph10"", ""Osgep"", ""Exosc8"", ""Exosc1"", ""Dgcr8"", ""Trmt112"", ""Wdr74"", ""Wdr46"", ""Las1l"", ""Mak16"", ""Nop9"", ""Wdr75"", ""Dus1l"", ""Bms1"", ""Exosc5"", ""Dcaf13"", ""Exosc7"", ""Bop1"", ""Eri3"", ""Dus4l"", ""Rbm3"", ""Pnpt1"", ""Gm2000"", ""Trmt6"", ""Mettl6"", ""Rrp12"", ""Exosc9"", ""Lage3"", ""Ddx3x"", ""Drosha"", ""Rrs1"", ""Thumpd3"")"
"618","OVOL2_TARGET_GENES","0.00176672215293829","0.0106430163309885","0.45505986738723","-0.398841811568721","-1.52170921165892","159","c(""Hmgb1"", ""Tuba1b"", ""Calm2"", ""Cycs"", ""Mcm7"", ""Nusap1"", ""Ube2s"", ""Dut"", ""Maz"", ""Rpl41"", ""Nop58"", ""Hnrnpdl"", ""Eny2"", ""Cox5b"", ""Snrpb"", ""Wbp11"", ""Tacc3"", ""Tcp1"", ""Spc24"", ""Rpa3"", ""Dtymk"", ""Slc16a1"", ""Asf1b"", ""Ppp1r35"", ""Pknox1"", ""Aurka"", ""Ppm1g"", ""Tyms"", ""Mrpl18"", ""Slc29a1"", ""Ctdspl2"", ""Tdrkh"", ""Prpf19"", ""Zcchc8"", ""Snhg6"", ""Mrpl50"", ""Paics"", ""Fen1"", ""Azin1"", ""Hirip3"", ""Atf1"", ""Kpnb1"", ""Sfpq"", ""Hjurp"", ""Cox5a"", ""Snrpa1"", ""Mrpl13"")"
"619","MIR_3065_5P","0.00658927504582996","0.0299204215263933","0.407017918923954","-0.422980212192455","-1.5213548581992","97","c(""Hmgb1"", ""Arpp21"", ""Eif3j1"", ""Srsf7"", ""Maz"", ""U2af2"", ""Eif1ax"", ""Srsf10"", ""Nucks1"", ""Cxcr4"", ""Myb"", ""Ssb"", ""Fgf13"", ""Dkc1"", ""G3bp1"", ""Atad2"", ""Cdk2"")"
"620","BOYLAN_MULTIPLE_MYELOMA_C_D_UP","0.00843065021682316","0.0361899543364377","0.380730400722792","-0.44814819617397","-1.52016943097733","68","c(""Snrpf"", ""Ncl"", ""Taf1d"", ""Nap1l1"", ""Atp5o"", ""Slc16a1"", ""Agpat5"", ""Brd8"", ""Gar1"", ""Pabpc1"", ""Sf3a3"", ""Sox4"", ""Esco2"", ""Bcl7a"", ""Slc29a1"", ""Mrps6"", ""Nudt21"", ""Incenp"", ""Supt16"", ""Serf1"")"
"621","REACTOME_METABOLISM_OF_AMINO_ACIDS_AND_DERIVATIVES","0.00982992276201134","0.0406157111240166","0.380730400722792","-0.423414465072541","-1.51975609253374","94","c(""Amd1"", ""Psma6"", ""Psmc3"", ""Hibadh"", ""Phgdh"", ""Psmc4"", ""Sms"", ""Ndufab1"", ""Psmc6"", ""Srm"", ""Psmd3"", ""Psma7"", ""Psmb6"", ""Sephs2"", ""Psmd14"", ""Azin1"", ""Psmc2"", ""Psmd13"", ""Slc5a5"", ""Psmb3"", ""Psmc5"", ""Psmd2"", ""Psmc1"", ""Psmd12"", ""Psmb7"", ""Psmd6"", ""Cbs"", ""Psma2"", ""Dld"", ""Psmb2"", ""Aldh9a1"", ""Psmd1"")"
"622","GOCC_SUPRAMOLECULAR_POLYMER","0.00020225917237228","0.00176553478471085","0.518848077743792","-0.371381443915379","-1.51804907546043","284","c(""Stmn1"", ""Tubb5"", ""Tuba1b"", ""Calm2"", ""Dek"", ""Tubb4b"", ""Nusap1"", ""Tuba1a"", ""Psma6"", ""Rcc2"", ""Dbi"", ""Fkbp4"", ""Mns1"", ""Lmnb1"", ""Dynll1"", ""Rpl6"", ""Hnrnpu"", ""Cct8"", ""Nudc"", ""Cct3"", ""Tube1"", ""Nme1"", ""Tubb2a"", ""Jup"", ""Cdk1"", ""Ptges3"", ""Birc5"", ""Tcp1"", ""Hspa8"", ""Cep295"", ""Kif23"", ""Prc1"", ""Ckap2"", ""Fgf13"", ""Aurkb"", ""Aurka"", ""Ska2"", ""Kif11"", ""Baiap2"", ""Haus3"", ""Ckap5"", ""Haus4"", ""Ssna1"", ""Cct7"", ""Aif1l"", ""Kif20b"", ""Plk1"", ""Ctps"", ""Kif22"", ""Marcks"", ""Calm3"", ""Tubg1"", ""Cep57"", ""Reep4"", ""Kif20a"", ""Dynll2"", ""Incenp"", 
""Actn4"", ""Pak1"", ""Tuba1c"", ""Nde1"", ""Nme2"", ""Tpx2"", ""Hsph1"", ""Kif18a"", ""Bysl"", ""Bcl10"")"
"623","MIR_466N_3P","0.00995687748402993","0.0410810736481379","0.380730400722792","-0.43604439926602","-1.51713137947428","75","c(""Cd8a"", ""Calm2"", ""Eif5b"", ""Mns1"", ""Cks2"", ""Tmpo"", ""Rad21"", ""Stag2"", ""Psmc6"", ""Mcm6"", ""Ssbp1"", ""Slc6a19"", ""Prim2"", ""Exosc3"", ""Ctdspl2"")"
"624","GOBP_MICROTUBULE_BASED_MOVEMENT","0.00733400623637403","0.0325042702979946","0.407017918923954","-0.428099805900138","-1.51636055402298","87","c(""Ap3s1"", ""Tuba1a"", ""Mns1"", ""Dynll1"", ""Hnrnpu"", ""Hspa8"", ""Kif23"", ""Ly6k"", ""Kif11"", ""Ssna1"", ""Kif20b"", ""Kif22"", ""Slirp"", ""Cacna1e"", ""Kif20a"", ""Nde1"", ""Kpnb1"", ""Sfpq"", ""Kif18a"", ""Sod1"", ""Kif4"", ""Cfap20"", ""Pcm1"", ""Kif2c"", ""Kif15"", ""Kif14"", ""Lztfl1"", ""Kif18b"", ""Cenpe"", ""Kif2a"", ""Fmr1"", ""Ing2"", ""Dnaaf2"", ""Yif1b"", ""Stard7"", ""Camsap3"", ""Vdac3"", ""Rpgr"")"
"625","GOBP_REGULATION_OF_INTRACELLULAR_PROTEIN_TRANSPORT","0.00685456184224256","0.0308805280167015","0.407017918923954","-0.432830396099243","-1.51486169029802","79","c(""Tomm7"", ""Hsp90aa1"", ""Anp32b"", ""Ran"", ""Txn1"", ""Ywhae"", ""Hsp90ab1"", ""Pdcd5"", ""Trim28"", ""Camk4"", ""Jup"", ""Cdk1"", ""Nutf2"", ""Rangap1"", ""Kif20b"", ""Atpif1"", ""Ctdspl2"", ""Pak1"", ""Nup62"", ""Ect2"", ""Pcnt"", ""Akap1"", ""Pcm1"", ""Nolc1"", ""Ipo5"", ""Chp2"", ""Bard1"", ""Rapgef3"", ""Mapk1"")"
"626","GOBP_NEGATIVE_REGULATION_OF_CELL_CYCLE_PROCESS","0.00242970437105425","0.0136464239568499","0.431707695803346","-0.40312273795018","-1.51280914904553","136","c(""Ezh2"", ""Rgcc"", ""Ddx39b"", ""Rps27l"", ""Mad1l1"", ""Spc25"", ""Bub3"", ""Cdk1"", ""Birc5"", ""Rad21"", ""Smarca5"", ""Spc24"", ""Fbxo5"", ""Ccnb1"", ""Aurkb"", ""Aurka"", ""Mad2l1"", ""Ccnf"", ""Wdr76"", ""Ndc80"", ""Npm1"", ""Plk1"", ""Cdc20"", ""Cdca8"", ""Tipin"", ""Bub1b"", ""Prpf19"", ""Spdl1"", ""Incenp"", ""Psmg2"", ""Naa10"", ""Inip"", ""Ctdspl"", ""Trip13"", ""Rad51"", ""Nsun2"", ""Cdt1"", ""Nuf2"", ""Rnaseh2b"", ""Ttk"", ""Blm"", ""E2f8"", ""Bub1"", ""Cdkn2d"", ""Brcc3"", ""Rpa2"", ""Topbp1"", ""Anapc15"", ""Nek2"", ""Rhno1"", ""E2f7"", ""Nubp1"", ""Timeless"", ""Pidd1"", ""Babam1"", ""Clspn"", 
""Fzr1"", ""Bard1"", ""Cenpe"", ""Mdm1"", ""Trim37"", ""Brca1"", ""Baz1b"", ""Cdc6"", ""Chek2"", ""Zwilch"", ""Pinx1"", ""Chek1"", ""Dtl"", ""Donson"")"
"627","GOBP_REGULATION_OF_DNA_BIOSYNTHETIC_PROCESS","0.00841515269804224","0.0361504874331627","0.380730400722792","-0.448704439720791","-1.51190980808579","65","c(""Pcna"", ""Hsp90aa1"", ""Hnrnpa2b1"", ""Rgcc"", ""Ddx39b"", ""Hnrnpu"", ""Cct8"", ""Hnrnpd"", ""Cct3"", ""Ccna2"", ""Ptges3"", ""Tcp1"", ""Nppc"", ""Dkc1"", ""Aurkb"", ""Cct7"", ""Npm1"", ""Rfc3"", ""Meaf6"", ""Rfc5"", ""Tinf2"", ""Hnrnpc"", ""Rfc4"")"
"628","GOBP_REGULATION_OF_CELL_CYCLE_PHASE_TRANSITION","0.00129185880652997","0.00825954320562921","0.45505986738723","-0.385442673184567","-1.51034731935637","186","c(""Anp32b"", ""Larp7"", ""Rdx"", ""Rcc2"", ""Lmnb1"", ""Ezh2"", ""Rgcc"", ""Rrm2"", ""Ddx39b"", ""Rps27l"", ""Plk5"", ""Anapc5"", ""Mad1l1"", ""Spc25"", ""Bub3"", ""Cdk1"", ""Birc5"", ""Rad21"", ""Dbf4"", ""Ube2c"", ""Spc24"", ""Smarcc1"", ""Fbxo5"", ""Rrm1"", ""Ccnb1"", ""Aurkb"", ""Aurka"", ""Cdk2"", ""Mad2l1"", ""Tcf3"", ""Wdr76"", ""Cdk4"", ""Ndc80"", ""Npm1"", ""Plk1"", ""Cdkn1c"", ""Cdc20"", ""Cdca8"", ""Bcl7a"", ""Apex1"", ""Tipin"", ""Bub1b"", ""Prpf19"", ""Spdl1"", ""Incenp"", ""Psmg2"", ""Cenpf"", ""Inip"", ""Ctdspl"", ""Actl6a"", ""Smarca4"", ""Trip13"", ""Rad51"", ""Nsun2"", ""Cdc16"", ""Cdc7"", 
""Cdt1"", ""Nuf2"", ""Rnaseh2b"", ""Nsmce2"", ""Ttk"", ""Akt1"", ""Cdkn2c"", ""Blm"", ""Atad5"", ""Bub1"", ""Cdkn2d"", ""Brcc3"", ""Rpa2"", ""Topbp1"", ""Hacd1"", ""Ctc1"", ""Anapc15"", ""Rhno1"", ""E2f7"", ""Kif14"", ""Timeless"", ""Pidd1"", ""Babam1"", ""Clspn"", ""Fzr1"", ""Bard1"", ""Sass6"", ""Cenpe"")"
"629","TBX20_TARGET_GENES","0.0011145804859026","0.00723909296336513","0.45505986738723","-0.382156727390495","-1.5015667000643","192","c(""Calm2"", ""Ncl"", ""Snrpg"", ""Eif2s2"", ""Uqcrq"", ""Snrpd3"", ""Lsm3"", ""Eif4a3"", ""Rps28"", ""Nop58"", ""Rgcc"", ""Stip1"", ""Snhg9"", ""Cox7b"", ""Cct8"", ""Srsf10"", ""Smc4"", ""Mad1l1"", ""Spc25"", ""Raly"", ""Aco2"", ""Ptges3"", ""Kpna2"", ""Lsm8"", ""Ssbp1"", ""Smarca5"", ""Myef2"", ""Suv39h1"", ""Dhx9"", ""Cdca3"", ""Erh"", ""Cops3"", ""Ncapg"", ""Sf3a3"", ""Haus4"", ""Cyc1"", ""Uck2"", ""Prdx1"", ""Npm1"", ""Phf5a"", ""Get4"", ""Timm13"", ""Cdc20"", ""Atp5c1"", ""Mrpl57"", ""Tipin"", ""Denr"", ""Mrps14"", ""Hells"", ""Spdl1"", ""Supt16"", ""Sf3a2"", ""Tdp2"", ""Rfc5"", ""Kpnb1"", ""Thap1"", 
""Rad51ap1"", ""Khsrp"", ""Polr2e"", ""Mettl16"", ""Pcnt"", ""Usp5"", ""Akap1"", ""Ppp2r3c"", ""Timm17a"", ""Aen"", ""Naa38"", ""Rbm15"", ""Cdc45"", ""Psmb2"", ""Srsf4"", ""Etfa"", ""Ska3"", ""Mrpl40"", ""Psmd1"", ""Mms22l"", ""Naa25"", ""Cct5"")"
"630","GOBP_MAINTENANCE_OF_CELL_NUMBER","0.0119070476295344","0.0474544254033215","0.380730400722792","-0.447311171006209","-1.50113430643866","63","c(""Rbbp4"", ""Wdr43"", ""Ezh2"", ""Gnl3"", ""Rbbp7"", ""Eif4e"", ""Smc3"", ""Stag2"", ""Smarcc1"", ""Mtf2"", ""Hdac2"", ""Sox4"", ""Leo1"", ""Bcl7a"", ""Loxl2"", ""Actl6a"", ""Smarca4"", ""Hdac1"", ""Pcm1"", ""Nkap"", ""Ing2"", ""Raf1"", ""Aspm"", ""Med14"", ""Lig4"", ""Smc5"", ""Smc1a"", ""Smarcb1"")"
"631","GOMF_ADENYL_NUCLEOTIDE_BINDING","2.1882031808516e-05","0.000261444692545499","0.575610261071129","-0.348296878798625","-1.5010556269953","484","c(""St13"", ""Atp5b"", ""Mcm7"", ""Eif4a1"", ""Gapdh"", ""Top2a"", ""Hsp90aa1"", ""Ube2s"", ""Xrcc6"", ""Ddx21"", ""Ddx18"", ""Hspd1"", ""Eif4a3"", ""Dbi"", ""Hsp90ab1"", ""Fkbp4"", ""Psmc3"", ""Smc2"", ""Lig1"", ""Ddx39b"", ""Hnrnpu"", ""Plk5"", ""Cct8"", ""Smc4"", ""Cct3"", ""Mat2a"", ""Uba2"", ""Prps2"", ""Camk4"", ""Hibadh"", ""Phgdh"", ""Nme1"", ""Dgke"", ""Psmc4"", ""Cdk1"", ""Nars"", ""Ephb6"", ""Smc3"", ""Lbr"", ""Tcp1"", ""Hspa8"", ""Psmc6"", ""Mki67"", ""Mcm6"", ""Ddx1"", ""Pbk"", ""Galk1"", ""Ube2c"", ""Hspa9"", ""Smarca5"", ""Kif23"", ""Cdk19"", ""Ak6"", ""Rfc1"", ""Dtymk"", ""Dhx9"", ""Ruvbl1"", 
""Rrm1"", ""Ruvbl2"", ""Hspe1"", ""G3bp1"", ""Ube2e3"", ""Gars"", ""Aurkb"", ""Cdc34"", ""Aurka"", ""Mcm5"", ""Kif11"", ""Atad2"", ""Gart"", ""Ddx19a"", ""Cdk2"", ""Ube2n"", ""Hspa4l"", ""Sephs2"", ""Uck2"", ""Cct7"", ""Cdk4"", ""Mcm2"", ""Kif20b"", ""Atp5a1"", ""Pfkp"", ""Npm1"", ""Plk1"", ""Ctps"", ""Kif22"", ""Ddx10"", ""Plk4"", ""Pgk1"", ""Mcm4"", ""Ube2t"", ""Msh6"", ""Kif20a"", ""Bub1b"", ""Hells"", ""Abcf2"", ""Ube2l3"", ""Aars"", ""Nt5c2"", ""Pak1"", ""Rps6ka6"", ""Ppp5c"", ""Paics"", ""Mcm3"", ""Nme2"", ""Idh3a"", ""Smarca4"", ""Trip13"", ""Ube2a"", ""Rad51"", ""Rfc5"", ""Rars"", ""Hsph1"", ""Kif18a"", 
""P2rx1"", ""Psmc2"", ""Cdc7"", ""Tdg"", ""Ddx56"", ""Hars"", ""Ldha"", ""Psmc5"", ""Psmc1"", ""Caprin1"", ""Ttk"", ""Dph6"", ""Mast2"", ""Akt1"", ""Rfc4"", ""Kif4"", ""Blm"", ""Acsl3"", ""Atad5"", ""Bub1"", ""Abce1"", ""Parp1"", ""Tk1"")"
"632","GOBP_NEGATIVE_REGULATION_OF_MITOTIC_CELL_CYCLE_PHASE_TRANSITION","0.011720597747886","0.0468742176318871","0.380730400722792","-0.425007162304072","-1.49521797874274","84","c(""Ezh2"", ""Rgcc"", ""Rps27l"", ""Mad1l1"", ""Spc25"", ""Bub3"", ""Cdk1"", ""Birc5"", ""Rad21"", ""Spc24"", ""Fbxo5"", ""Ccnb1"", ""Aurkb"", ""Mad2l1"", ""Ndc80"", ""Plk1"", ""Cdc20"", ""Cdca8"", ""Bub1b"", ""Spdl1"", ""Incenp"", ""Psmg2"", ""Inip"", ""Ctdspl"", ""Trip13"", ""Nuf2"", ""Ttk"", ""Blm"", ""Bub1"", ""Brcc3"", ""Rpa2"", ""Topbp1"", ""Anapc15"", ""E2f7"", ""Pidd1"", ""Babam1"", ""Clspn"", ""Fzr1"", ""Bard1"", ""Cenpe"")"
"633","DLX2_TARGET_GENES","7.57930588038062e-05","0.000766619386666364","0.538434096309916","-0.354785407386567","-1.49419588902039","377","c(""Tubb5"", ""Satb1"", ""St13"", ""Tubb4b"", ""Atp5j2"", ""Eif4a1"", ""Hmgn2"", ""Top2a"", ""Nusap1"", ""Ndufa5"", ""Rbm8a"", ""Rpl38"", ""Hmgn1"", ""Txn1"", ""Atp5g3"", ""Wdr43"", ""Maz"", ""Lmnb1"", ""Cks2"", ""Stip1"", ""Hnrnpdl"", ""Pcbp1"", ""Hnrnpu"", ""Ubald2"", ""Hdgf"", ""Anapc5"", ""Nucks1"", ""Mat2a"", ""Nifk"", ""Rpl36"", ""Nme1"", ""Rad21"", ""Rnps1"", ""Tcp1"", ""Tomm40"", ""Cdk2ap1"", ""Asf1a"", ""Syncrip"", ""Fcf1"", ""Nap1l1"", ""Hspa9"", ""Uqcrb"", ""Atp5o"", ""Rrm1"", ""Ruvbl2"", ""Brd8"", ""E2f4"", ""Srm"", ""Ldlrad3"", ""Psmd3"", ""Mtf2"", ""Hat1"", ""Usp1"", ""Rangap1"", ""Otud6b"", 
""Rmi2"", ""Ska2"", ""Hmmr"", ""Mad2l1"", ""Hdac2"", ""Sox4"", ""Psmb6"", ""D030056L22Rik"", ""Tyms"", ""Racgap1"", ""Wdr76"", ""Mrto4"", ""Rpia"", ""Cct7"", ""Atp5l"", ""Mrpl18"", ""Marcks"", ""Leo1"", ""Lsm6"", ""Cdca8"", ""Wdr18"", ""Cs"", ""Cdkn2aipnl"", ""Kif20a"", ""Dynll2"", ""Tdrkh"", ""Utp18"", ""Snrpc"")"
"634","RFX2_TARGET_GENES","0.000128711283755096","0.00121208409250489","0.518848077743792","-0.357065896856361","-1.48687569562282","338","c(""Calm2"", ""St13"", ""Snrpf"", ""Mier1"", ""Tubb4b"", ""Mcm7"", ""Hmgn2"", ""Set"", ""Tomm7"", ""Hsp90aa1"", ""Atp5e"", ""Eif4a3"", ""Srsf7"", ""Snrpd2"", ""Ywhae"", ""Mns1"", ""Dynll1"", ""Rpl35"", ""U2af2"", ""Ddx39b"", ""Nudc"", ""Knop1"", ""Tube1"", ""Wbp11"", ""Rpf2"", ""Rpn2"", ""Wdr93"", ""Ube2c"", ""Nap1l1"", ""Kif23"", ""Ywhaq"", ""Rpa3"", ""Pin1"", ""Ruvbl1"", ""Pole3"", ""Nelfe"", ""Polr2f"", ""Rnf126"", ""Eif2s1"", ""Cops3"", ""Hat1"", ""Sf3b4"", ""Ppm1g"", ""Cacybp"", ""Baiap2"", ""Psmc3ip"", ""Hspa4l"", ""Cdk4"", ""Kif20b"", ""Ebna1bp2"", ""Atp5a1"", ""Uhrf1"", ""Net1"", ""Timm13"", ""Xrra1"", 
""Calm3"", ""Ccdc34"", ""Klf13"", ""Prpf19"", ""Nsmce1"", ""Eftud2"", ""Cenpf"", ""Ppp5c"", ""Pds5b"", ""Grwd1"", ""Meaf6"", ""Hirip3"", ""Rfc5"", ""Hsph1"", ""Kif18a"", ""Lyst"", ""Gtf2f1"", ""Psmd13"", ""Fam98b"", ""Sfr1"", ""Ect2"", ""Pes1"", ""Cinp"", ""Pold2"", ""Foxo6"", ""E2f8"", ""Pold3"", ""Taf15"", ""Cfap20"", ""Pcm1"", ""Naa50"", ""Nek2"", ""Gpn3"", ""Dohh"", ""Cep41"", ""Odf2"", ""Pbdc1"", ""Lztfl1"", ""Bola3"", ""Fzr1"", ""Rtca"", ""Mycbp"", ""Naa40"", ""Siva1"", ""Wdr17"", ""Rfc2"", ""Enkd1"", ""Trim37"", ""Tdrp"", ""Ap1s1"", ""Aspm"", ""Brca1"", ""Sec13"", ""Dnaaf2"")"
"635","UEDA_PERIFERAL_CLOCK","0.0116990525314377","0.0468207022106036","0.380730400722792","-0.439634171080267","-1.48134753389007","65","c(""Tubb5"", ""Hsp90aa1"", ""Hnrnpab"", ""Tuba1a"", ""Fkbp4"", ""Cks2"", ""Dynll1"", ""Rorc"", ""Dhrs3"", ""Tubb2a"", ""Hspa8"", ""Fdps"", ""Glo1"", ""Hmgb3"", ""Slc29a1"", ""Hsph1"", ""Pla2g12a"", ""Cyb5b"")"
"636","GOCC_RIBONUCLEOPROTEIN_COMPLEX","9.43475633613187e-05","0.000932902199788211","0.538434096309916","-0.350346236277653","-1.4749233339872","375","c(""Snrpf"", ""Hnrnpm"", ""Ybx1"", ""Ncl"", ""Hnrnpa3"", ""Alyref"", ""Gapdh"", ""Top2a"", ""Hnrnpab"", ""Rbm8a"", ""Snrpg"", ""Nop10"", ""Rpl38"", ""Hnrnpa2b1"", ""Srsf2"", ""Snrpd3"", ""U2af1"", ""Larp7"", ""Lsm3"", ""Eif4a3"", ""Rps28"", ""Snrpd2"", ""Psma6"", ""Snrpd1"", ""Pa2g4"", ""Wdr43"", ""Rpl41"", ""Nop58"", ""Hnrnpa1"", ""Lsm7"", ""Nop56"", ""Rbmxl1"", ""Rpl35"", ""Rpl6"", ""U2af2"", ""Ddx39b"", ""Rps27l"", ""Pcbp1"", ""Eif1ax"", ""Hnrnpu"", ""Hnrnpd"", ""Slbp"", ""Rps17"", ""Snrpb"", ""Pdcd11"", ""Clns1a"", ""Fbl"", ""Magoh"", ""Raly"", ""Rpl36"", ""Snrpb2"", ""Eif4e"", ""Rpl31"", ""Ptges3"", 
""Ilf2"", ""Hspa8"", ""Snrpe"", ""Lsm8"", ""Cbx5"", ""Ssb"", ""Mrpl23"", ""Ddx1"", ""Eri1"", ""Srsf6"", ""Syncrip"", ""Fcf1"", ""Srsf1"", ""Lsm2"", ""Wdr12"", ""Dhx9"", ""Ruvbl1"", ""Lsm5"", ""Ruvbl2"", ""Rplp2"", ""Dkc1"", ""Gar1"", ""G3bp1"", ""Rpl36al"", ""Eif2s1"", ""Nol7"", ""Mrps28"", ""Sf3b4"", ""Mrps5"", ""Rps19bp1"", ""Pabpc1"", ""Sf3a3"", ""Srrm1"", ""Mrpl49"", ""Mrto4"", ""Hnrnpr"", ""Mrps18c"", ""Ebna1bp2"", ""Pop4"", ""Eif4h"", ""Npm1"", ""Phf5a"", ""Mrpl18"", ""Lsm6"", ""Mrps6"", ""Slirp"", ""Rpp30"", ""Mrpl57"", ""Smu1"", ""Utp18"", ""Rsl1d1"", ""Snrpc"", ""Prpf19"", ""Mrps14"", ""Zcchc8"", 
""Srp68"", ""Zcrb1"", ""Eftud2"", ""Actn4"", ""Mrpl51"", ""Prpf40a"", ""Nup62"", ""Rrp15"", ""Rbm17"", ""Chchd1"", ""Sf3a2"", ""Mrpl50"", ""Rrp9"", ""Mrpl15"", ""Suz12"", ""Sf3b5"", ""Mrpl3"", ""Bysl"", ""Mrpl12"", ""Mrps25"", ""Snrpa"", ""Snrnp40"", ""Snrpa1"", ""Rpl36a"", ""Mrpl13"", ""Rps26"", ""Eif6"", ""Pes1"", ""Hnrnpc"", ""Mrps11"")"
"637","MIR_7A_1_3P","0.00820292941443932","0.035477979028514","0.380730400722792","-0.407026352788191","-1.46870697172567","100","c(""Tubb5"", ""Rag1"", ""Satb1"", ""St13"", ""Hsp90aa1"", ""Eif5a"", ""Nmt2"", ""Nucks1"", ""Uba2"", ""Spatc1l"", ""Cbx5"", ""Syncrip"", ""G3bp1"", ""U2surp"", ""Hnrnpr"", ""Ctdspl2"", ""Ptprf"", ""Ckap2l"", ""Pds5b"", ""Azin1"", ""Snrnp40"", ""Hnrnpc"", ""Caprin1"")"
"638","GOBP_ESTABLISHMENT_OF_ORGANELLE_LOCALIZATION","0.00286221789942539","0.0155003018443859","0.431707695803346","-0.383238860193669","-1.46364176018168","164","c(""Nusap1"", ""Ap3s1"", ""Tuba1a"", ""Ran"", ""Rcc2"", ""Lmnb1"", ""Dynll1"", ""Hnrnpu"", ""Nudc"", ""Mad1l1"", ""Spc25"", ""Bub3"", ""Birc5"", ""Tacc3"", ""Cops5"", ""Nppc"", ""Spc24"", ""Ccnb1"", ""Aurkb"", ""Mad2l1"", ""Racgap1"", ""Ndc80"", ""Npm1"", ""Plk1"", ""Kif22"", ""Cdca8"", ""Spdl1"", ""Incenp"", ""Actn4"", ""Cenpf"", ""Nup62"", ""Nde1"", ""Kpnb1"", ""Kif18a"", ""Cdt1"", ""Nuf2"", ""Ect2"", ""Lat"", ""Eif6"", ""Abce1"", ""Pcm1"", ""Kif2c"", ""Lmnb2"", ""Cep83"", ""Nek2"", ""Cenpc1"", ""Pmf1"", ""Ltv1"", ""Kif14"", ""Seh1l"", ""Gpsm2"", ""Cenpe"", ""Sdad1"", ""Enkd1"", ""Cenpa"", ""Limk2"", ""Nop9""
)"
"639","SALL1_TARGET_GENES","0.000280008584033915","0.00233069554344631","0.49849310876659","-0.352971634771691","-1.46343108229614","310","c(""Stmn1"", ""Tuba1b"", ""Satb1"", ""Anp32e"", ""Hsp90aa1"", ""Slc25a5"", ""Nop10"", ""Dgkeos"", ""Cox7a2"", ""Ywhae"", ""Rcc2"", ""Hsp90ab1"", ""Snrpd1"", ""Nop58"", ""Atp5g1"", ""Hnrnpdl"", ""Hnrnpu"", ""Hnrnpd"", ""Anapc5"", ""Nucks1"", ""Uba2"", ""Nifk"", ""Rbbp7"", ""Nme1"", ""Ccna2"", ""Eif4e"", ""Sms"", ""Ncapd2"", ""Dbf4"", ""Mylpf"", ""Psmc6"", ""Cbx5"", ""Mcm6"", ""Bcl6"", ""Smarca5"", ""Gm8186"", ""Myef2"", ""Lsm2"", ""Cdk19"", ""Lockd"", ""Fbxo5"", ""Dhx9"", ""Fgf13"", ""Rsl24d1"", ""Mtf2"", ""Rangap1"", ""Mcm5"", ""U2surp"", ""Haus3"", ""Ctcf"", ""Psmb6"", ""Wdr76"", ""Kif20b"", ""Pfkp"", 
""Eif4h"", ""Nup85"", ""Morf4l2"", ""Rnf157"", ""Marcks"", ""Leo1"", ""Slc29a1"", ""Pgk1"")"
"640","GOMF_CATALYTIC_ACTIVITY_ACTING_ON_RNA","0.00317642013837141","0.0168362010106839","0.431707695803346","-0.392430502866149","-1.46224378800839","131","c(""Eif4a1"", ""Ddx21"", ""Ddx18"", ""Eif4a3"", ""Endou"", ""Polr2l"", ""Ddx39b"", ""Polr2k"", ""Fbl"", ""Nars"", ""Polr2j"", ""Ddx1"", ""Eri1"", ""Dhx9"", ""G3bp1"", ""Polr2f"", ""Gars"", ""Ddx19a"", ""Pop4"", ""Ddx10"", ""Apex1"", ""Rpp30"", ""Aars"", ""Trmt10a"", ""Tdp2"", ""Fen1"", ""Polr3k"", ""Rars"", ""Nsun2"", ""Polr2c"", ""Ddx56"", ""Hars"", ""Nudt4"", ""Polr2e"", ""Mettl16"", ""Ftsj3"", ""Nop2"", ""Polr2i"", ""Ddx27"", ""Nudt5"", ""Ptrh1"", ""Osgep"", ""Farsb"", ""Rtca"", ""Tgs1"", ""Rnaseh2a"", ""Iars"", ""Polr2h"", ""Tars"", ""Prim1"", ""Dus1l"", ""Eri3"", ""Dus4l"", ""Dars"", ""Pnpt1"", ""Pif1"", 
""Etf1"", ""Mettl6"", ""Ddx3x"", ""Drosha"", ""Thumpd3"", ""Fancm"", ""Rnase2a"", ""Brip1"", ""Pop1"", ""Dimt1"", ""Dbr1"", ""Sars2"", ""Dis3"", ""Rcl1"", ""Snrnp200"", ""Aars2"")"
"641","GOBP_CELLULAR_PROCESS_INVOLVED_IN_REPRODUCTION_IN_MULTICELLULAR_ORGANISM","0.00696600862339255","0.0311866194029323","0.407017918923954","-0.398593115816553","-1.45951878594938","111","c(""H3f3b"", ""Top2a"", ""Hmgb2"", ""Eif2s2"", ""H3f3a"", ""Larp7"", ""Tdrd5"", ""Mns1"", ""Trim28"", ""Cxcr4"", ""Ncaph"", ""Nppc"", ""Fbxo5"", ""Ccnb1"", ""Aurka"", ""Ctcf"", ""Ndc80"", ""Plk1"", ""Cdkn1c"", ""Ccnb2"", ""Cep57"", ""Slirp"", ""Tdrkh"", ""Trip13"", ""Nsun2"", ""Kif18a"", ""Gmcl1"", ""Ttk"", ""Mast2"", ""Akt1"")"
"642","ETV2_TARGET_GENES","0.00421459346243797","0.0210179943539841","0.407017918923954","-0.375955900711924","-1.45404702164304","171","c(""Mier1"", ""Mcm7"", ""Eif5a"", ""Ddx21"", ""Ddx18"", ""Snrpd3"", ""Srsf7"", ""Psma6"", ""Rpl6"", ""Bola2"", ""Rps17"", ""Uba2"", ""Snrpb"", ""Llph"", ""Rpl36"", ""Aco2"", ""Cdk1"", ""Rpn2"", ""Snrpe"", ""Ssbp1"", ""Wdr12"", ""Pin1"", ""Dtymk"", ""Dhx9"", ""Lsm5"", ""Brix1"", ""E2f4"", ""Nelfe"", ""Rpl36al"", ""Aurka"", ""Ppm1g"", ""Cacybp"", ""Ppid"", ""Ebna1bp2"", ""Phf5a"", ""Calm3"", ""Mogs"", ""Mrpl57"", ""Prpf19"", ""Nup107"", ""Trmt10a"", ""Snhg6"", ""Rrp9"", ""Fen1"", ""Kpnb1"", ""Rars"", ""Hjurp"", ""Cdt1"", ""Wdr89"", ""Thap1"", ""Rnaseh2b"", ""Psmd2"", ""Sfr1"", ""Tbrg4"", ""Psmd12"", ""Nfya"", 
""Id3"", ""Ppan"")"
"643","SAP18_TARGET_GENES","0.000440453923875671","0.00337373018631188","0.49849310876659","-0.348011766658362","-1.45161827146351","341","c(""St13"", ""H3f3b"", ""Eif4a1"", ""Ranbp1"", ""Rbm8a"", ""Snrpg"", ""Romo1"", ""U2af1"", ""Larp7"", ""Srsf7"", ""Nop58"", ""Rps27l"", ""Pcbp1"", ""Polr2k"", ""Hnrnpu"", ""Srsf10"", ""Magoh"", ""Drap1"", ""Aco2"", ""Rnps1"", ""Cbx5"", ""Ssbp1"", ""Srsf6"", ""Lsm2"", ""Ak6"", ""Rfc1"", ""Smarcc1"", ""Rrm1"", ""Ckap2"", ""Nelfe"", ""Gar1"", ""Cops3"", ""Cenpl"", ""Aurka"", ""Hat1"", ""Otud6b"", ""Ska2"", ""Mrps5"", ""Hmmr"", ""Ddx19a"", ""Ctcf"", ""Ssna1"", ""Ccnf"", ""Mrpl49"", ""Pop4"", ""Ndufb6"", ""Phf5a"", ""Nup85"", ""Ddx10"", ""Xrcc1"", ""Cdca8"", ""Cenpw"", ""Smu1"", ""Tdrkh"", ""Snrpc"", ""Abcf2"", 
""Zcchc8"", ""Zcrb1"", ""Eftud2"", ""Trmt10a"", ""Rbm17"", ""Mrpl15"", ""Ubap2"", ""Actl6a"", ""Rcc1"", ""Nsun2"", ""Bysl"", ""Mrpl12"", ""Fam162a"", ""Snrpa"", ""Haus5"", ""Tomm6"", ""Mrpl13"", ""Faf1"", ""Tbrg4"", ""Thoc3"", ""Dpy30"", ""Rfc4"", ""Blm"", ""Cenpk"", ""Abce1"", ""Akap1"", ""Pwp1"", ""Nolc1"", ""Kif2c"", ""Aen"", ""Lrr1"", ""Topbp1"", ""Noc4l"", ""Ctc1"", ""Anapc15"", ""Ddx27"", ""Rbm15"", ""Gpn3"", ""Ltv1"", ""Zfp593"", ""Kif15"", ""Txnl1"", ""E2f7"", ""Nubp1"", ""Sgf29"", ""Prep"", ""Psmb2"", ""Coq7"", ""Sass6"", ""Cenpe"", ""Cmss1"", ""Wdr74"", ""Nelfa"", ""Naa25"", ""Arhgap11a"", ""Naa40"", 
""Uxt"", ""Mrps17"", ""Trap1"", ""Trim37"", ""Atpaf2"", ""Atad3a"", ""Nop9"", ""Phb2"", ""Pfas"", ""Prim1"", ""Brca1"", ""Pnn"", ""Eif2b1"", ""Lonp1"", ""Sart3"", ""Pom121"", ""Dus1l"", ""Pds5a"", ""Cdca5"", ""Prr11"", ""Dcaf13"", ""Exosc7"", ""Hoxa7"", ""Nup133"", ""Dus4l"", ""Pinx1"", ""Mrpl2"", ""Usp14"", ""Rprm"", ""Haus6"", ""Pgm2l1"", ""Prpf31"", ""Pafah1b3"", ""Trmt6"", ""Gid4"", ""Ndufv1"", ""Exosc9"", ""Wdhd1"", ""Drosha"", ""Mrpl55"", ""Mrpl20"", ""Psme3"", ""Acat2"", ""Terf1"", ""Klhdc4"", ""Ncaph2"", ""Rock2"", ""Fbxo45"", ""Cad"", ""Iws1"", ""Gstcd"", ""Pop1"", ""Ccnh"", ""Rev1"", ""Nav2"", 
""Dimt1"", ""Ciapin1"", ""Ubac1"", ""Dbr1"", ""Mcm8"", ""Mzt2"", ""Thumpd1"", ""Pphln1"", ""Ccdc124"", ""Ccdc86"", ""Prodh"")"
"644","MYB_TARGET_GENES","0.000142488616587555","0.00132014897597678","0.518848077743792","-0.337340643552224","-1.45026131955427","450","c(""Stmn1"", ""Cbx3"", ""Calm2"", ""Atp5b"", ""Cox7c"", ""Anp32e"", ""H3f3b"", ""Ndufa5"", ""Hsp90aa1"", ""Hmgb2"", ""Hnrnpa2b1"", ""Srsf2"", ""Uqcrq"", ""Snrpd3"", ""Larp7"", ""Naa15"", ""Eif4a3"", ""Dut"", ""Pdap1"", ""Psma6"", ""Maz"", ""Ezh2"", ""Psmc3"", ""Hnrnpa1"", ""Cks2"", ""Pdcd5"", ""U2af2"", ""Hnrnpu"", ""Cct8"", ""Hdgf"", ""Smc4"", ""Dhrs3"", ""Snrpb2"", ""Nme1"", ""Aco2"", ""Eif4e"", ""Ptges3"", ""Sms"", ""Tcp1"", ""Cbx5"", ""Ssbp1"", ""Ak6"", ""Rpa3"", ""Dtymk"", ""Atp5o"", ""Rrm1"", ""Lsm5"", ""Sae1"", ""Brd8"", ""Uchl5"", ""Ppp1r35"", ""Nsmce4a"", ""Mzt1"", ""Lyar"", ""Cdca3"", ""Thoc7"", 
""Pknox1"", ""Cenpl"", ""Aurka"", ""Psmd3"", ""Ppm1g"", ""Pabpc1"", ""U2surp"", ""Sf3a3"", ""Haus3"", ""Ckap5"", ""Gspt1"", ""Hspa4l"", ""Ssna1"", ""Sephs2"", ""Tcf3"", ""Mrps18c"", ""Pop4"", ""Pfkp"", ""Phf5a"", ""Mrpl18"", ""Cdc20"", ""Calm3"", ""Cdca8"", ""Pgk1"", ""Ube2t"", ""Slc7a11"", ""Psip1"", ""Kif20a"", ""Utp18"", ""Snrpc"", ""Prpf19"", ""Abcf2"", ""Zcchc8"", ""Ckap2l"", ""Psmg2"", ""Mis18bp1"", ""Eftud2"", ""Msl3"", ""Ubap2"", ""Atf1"", ""Vdac2"", ""Nsun2"", ""Pla2g12a"", ""Bysl"", ""Gtf2f1"", ""Hjurp"", ""Tinf2"", ""Gtse1"", ""Nuf2"", ""Thoc6"", ""Taf3"", ""Swi5"", ""Psmb3"", ""Gins1"", ""Ptbp1"", 
""Snrpa1"", ""Haus5"", ""Nab2"", ""Icam2"", ""Caprin1"", ""Zbed4"", ""Ppan"", ""Cep70"", ""Atad5"", ""Nxt1"", ""Snrnp35"", ""Abce1"", ""Cdkn2d"", ""Znhit3"", ""Gmds"", ""Usp5"", ""Tssc4"", ""Rnf187"", ""Kif2c"", ""Mphosph9"", ""Cep83"", ""Nek2"", ""Anln"", ""Cenpc1"", ""Gpn3"", ""Cenpo"", ""Pbdc1"", ""Dnajc11"", ""Psmb2"", ""Etfa"", ""Trmt112"", ""Nup188"", ""Nck2"", ""Wdr74"", ""Pum3"", ""Nelfa"", ""Hyls1"", ""Naa25"", ""Arhgap11a"", ""Sdad1"", ""Kif2a"", ""Uxt"", ""Mrps17"", ""Prpf4"", ""Cenpp"", ""Enkd1"", ""Trap1"", ""Raf1"", ""Eif2b1"", ""Ccdc88a"", ""Rbm14"", ""Opa3"", ""Knstrn"", ""Ilf3"", ""Luc7l"", 
""Mdh1"", ""Dus1l"", ""Cdca5"", ""Spag5"", ""Trbv1"", ""Cdc123"", ""Styk1"", ""Pno1"", ""Inmt"", ""Arl6ip1"", ""Aasdhppt"", ""Hoxa7"", ""Nup133"", ""Eri3"")"
"645","HALLMARK_MTORC1_SIGNALING","0.00472017820623365","0.0228633631864442","0.407017918923954","-0.387441545984706","-1.44862708090912","132","c(""Ppia"", ""Eif2s2"", ""Hspd1"", ""Pdap1"", ""Stip1"", ""Rrm2"", ""Atp5g1"", ""Phgdh"", ""Cxcr4"", ""Psmc4"", ""Cops5"", ""Tomm40"", ""Psmc6"", ""Hspa9"", ""Uchl5"", ""Hspe1"", ""Aurka"", ""Cacybp"", ""Ccnf"", ""Lta4h"", ""Mcm2"", ""Prdx1"", ""Plk1"", ""Tubg1"", ""Pgk1"", ""Mcm4"", ""Slc7a11"", ""Abcf2"", ""Egln3"", ""Psmd14"", ""Rrp9"", ""Shmt2"", ""Psmc2"", ""Cyb5b"", ""Psmd13"", ""Ldha"", ""Psmd12"", ""Rpa1"", ""Acsl3"", ""Bub1"", ""Hprt"")"
"646","HALLMARK_GLYCOLYSIS","0.0124970570909869","0.0493939506663061","0.380730400722792","-0.403922614512509","-1.44468029028178","92","c(""Stmn1"", ""Arpp19"", ""Mif"", ""Ppia"", ""Txn1"", ""Fkbp4"", ""Nasp"", ""Cxcr4"", ""Psmc4"", ""Cdk1"", ""Galk1"", ""Aurka"", ""Hmmr"", ""Pfkp"", ""Depdc1a"", ""Pgk1"", ""Kif20a"", ""Egln3"", ""Polr3k"", ""Rars"", ""Stc2"", ""Fam162a"", ""Ldha"", ""Sod1"", ""Dld"", ""Col5a1"", ""Aldh9a1"", ""Pgam1"", ""Sdhc"", ""Kif2a"", ""Cenpa"", ""Me2"", ""Pdk3"", ""Pkm"", ""Mdh1"", ""Mdh2"")"
"647","GOBP_NCRNA_METABOLIC_PROCESS","0.00190679420441544","0.0112620646367894","0.45505986738723","-0.356542712466301","-1.44392189085589","248","c(""Srsf3"", ""Ncl"", ""Nop10"", ""Ddx21"", ""Hnrnpa2b1"", ""Ddx18"", ""Larp7"", ""Rps28"", ""Tdrd5"", ""Pa2g4"", ""Wdr43"", ""Polr2l"", ""Rpl35"", ""Gnl3"", ""Rps17"", ""Pdcd11"", ""Nifk"", ""Fbl"", ""Tcof1"", ""Wbp11"", ""Myb"", ""Nars"", ""Rpf2"", ""Npm3"", ""Nfatc3"", ""Ssb"", ""Ddx1"", ""Eri1"", ""Fcf1"", ""Suv39h1"", ""Wdr12"", ""Brix1"", ""Dkc1"", ""Lyar"", ""Gar1"", ""Exosc2"", ""Polr2f"", ""Gars"", ""Hdac2"", ""Ctcf"", ""Mrto4"", ""Ebna1bp2"", ""Pop4"", ""Npm1"", ""Ddx10"", ""Exosc3"", ""Lsm6"", ""Wdr18"", ""Rpp30"", ""Rbm34"", ""Tdrkh"", ""Utp18"", ""Rsl1d1"", ""Zcchc8"", ""Aars"", ""Trmt10a"", ""Rrp15"", 
""Rrp9"", ""Smarca4"", ""Rars"", ""Nsun2"", ""Bysl"", ""Ddx56"", ""Hars"", ""Eif6"", ""Khsrp"", ""Pes1"", ""Akt1"", ""Ppan"", ""Mettl16"", ""Ftsj3"", ""Znhit3"", ""Nop2"", ""Pwp1"", ""Nolc1"", ""Ddx27"", ""Mphosph10"", ""Srebf2"", ""Osgep"", ""Exosc8"", ""Exosc1"", ""Polr3d"", ""Farsb"", ""Dgcr8"", ""Trmt112"", ""Wdr74"", ""Wdr46"", ""Ets1"", ""Zc3h8"", ""Las1l"", ""Iars"", ""Mak16"", ""Tars"", ""Nop9"", ""Wdr75"", ""Dus1l"", ""Bms1"", ""Exosc5"", ""Dcaf13"", ""Exosc7"", ""Bop1"", ""Eri3"", ""Dus4l"", ""Dars"", ""Smarcb1"", ""Rbm3"", ""Pnpt1"", ""Gm2000"", ""Trmt6"", ""Mettl6"", ""Rrp12"", ""Exosc9"", ""Lage3"", 
""Ddx3x"", ""Drosha"", ""Rrs1"", ""Thumpd3"")"
"648","ZFP810_TARGET_GENES","0.00943651159916895","0.0395602295476856","0.380730400722792","-0.38911988720976","-1.43785338554801","117","c(""Hmgb1"", ""Atp5b"", ""Eif5a"", ""Hsp90ab1"", ""Atp5g3"", ""Wdr43"", ""Nop58"", ""Taf1d"", ""Gnl3"", ""Bola2"", ""Aco2"", ""Dgke"", ""Kpna2"", ""Ndufab1"", ""Hspa8"", ""Srsf1"", ""Usp1"", ""Psmb6"", ""Atp5l"", ""Atp5a1"", ""Phf5a"", ""Timm13"", ""Calm3"", ""Prpf19"", ""Fam162a"", ""Ptbp1"", ""Epg5"", ""Polr2e"", ""Bcas2"", ""Abce1"", ""Tdp1"", ""Akap1"", ""Tssc4"", ""Ube2m"", ""Gpn3"", ""Foxm1"", ""Ercc6l"", ""Bard1"", ""Ubr7"", ""Mapk1"", ""Prpf38a"", ""Fignl1"", ""Trim37"", ""Orc2"", ""Cacnb3"", ""Raf1"", ""Scmh1"", ""Recql"", ""Mdh1"", ""Mdh2"", ""Pds5a"", ""Aasdhppt"", ""Cbfb"", ""Shmt1"")"
"649","NR5A1_TARGET_GENES","0.000317224482416524","0.00257324244223305","0.49849310876659","-0.33767460583799","-1.43748150544136","413","c(""Hmgb1"", ""Srsf3"", ""Atp5b"", ""Cox7c"", ""Mier1"", ""Set"", ""Ube2s"", ""Slc25a5"", ""Snrpg"", ""Eif5a"", ""Ddx18"", ""Srsf2"", ""Snrpd3"", ""Larp7"", ""Txn1"", ""Banf1"", ""Hsp90ab1"", ""Ndufc1"", ""Anapc5"", ""Slbp"", ""Rps17"", ""Ndufb4"", ""C1qbp"", ""Ctsl"", ""Ndufa12"", ""Rbbp7"", ""Drap1"", ""Aco2"", ""Ndufa4"", ""Rpl31"", ""Ncapd2"", ""Kpna2"", ""Them6"", ""Tacc3"", ""Smc3"", ""Tomm40"", ""Ccne2"", ""Nfyb"", ""Eif3g"", ""Asf1a"", ""Srsf6"", ""Srsf1"", ""Hspa9"", ""Myef2"", ""Ak6"", ""Lsm5"", ""Srm"", ""Pknox1"", ""Nol7"", ""Mrps28"", ""Sf3b4"", ""Mcm5"", ""Otud6b"", ""Mrps5"", ""Rps19bp1"", 
""Kif11"", ""Pabpc1"", ""Atad2"", ""Gart"", ""U2surp"", ""Psma7"", ""Hdac2"", ""Tcf3"", ""Eif3c"", ""Rpia"", ""Atp5l"", ""Pfkp"", ""Npm1"", ""Phf5a"", ""Esco2"", ""Kif22"", ""Rnf157"", ""Hmgb3"", ""Calm3"", ""Wdr18"", ""Mcm4"", ""Cep57"", ""Rpp30"", ""Psip1"", ""Klf13"", ""Aars"", ""Zcrb1"", ""Snhg6"", ""Timm8b"", ""Irs1"", ""Pak1"", ""Tcf12"", ""Rbm17"", ""Ppp5c"", ""Tdp2"", ""Mrpl15"", ""Grwd1"", ""Azin1"", ""Ube2a"", ""Rad51"", ""Mrpl3"", ""Vdac2"", ""Sfpq"", ""Tex30"", ""Fam162a"", ""Snrpa"", ""Gins1"", ""Cox5a"", ""Rpl36a"", ""Mrpl13"", ""Sfmbt1"", ""Mrps11"", ""Ttk"", ""Anapc13"", ""Dph6"", ""Cox8a"", 
""Cdkn2c"", ""Cep70"", ""Eed"", ""Snrnp35"", ""Rpa2"", ""Tk1"", ""Eif1ad"", ""Tmie"")"
"650","GOBP_ESTABLISHMENT_OF_PROTEIN_LOCALIZATION_TO_ORGANELLE","0.00832167743819278","0.0358833233895004","0.380730400722792","-0.378359829696807","-1.43483987845082","147","c(""Tomm7"", ""Hsp90aa1"", ""Romo1"", ""Ran"", ""Hspd1"", ""Hsp90ab1"", ""Pdcd5"", ""Cct8"", ""Cct3"", ""Trim28"", ""Dnajc15"", ""Jup"", ""Cdk1"", ""Kpna2"", ""Tcp1"", ""Tomm40"", ""Hspa8"", ""Ruvbl2"", ""Dkc1"", ""Nutf2"", ""Cct7"", ""Nup85"", ""Get4"", ""Atpif1"", ""Timm13"", ""Cse1l"", ""Nup107"", ""Srp68"", ""Nup62"", ""Akirin2"", ""Kpnb1"", ""Timm50"", ""Cacng4"", ""Ect2"", ""Akt1"", ""Kpna3"", ""Samm50"", ""Akap1"", ""Aifm1"", ""Nolc1"", ""Timm17a"", ""Ipo5"", ""Chp2"", ""Nup188"", ""Pola2"", ""Mapk1"", ""Cct5"", ""Gm10184"", ""Trim37"", ""Phb2"", ""Brca1"", ""Sec13"", ""Sec61b"", ""Hspa4"", ""Cct2"", 
""Ipo9"", ""Pom121"", ""Spidr"", ""Mtch2"", ""Nup54"")"
"651","SCHAEFFER_PROSTATE_DEVELOPMENT_6HR_DN","0.00290348313960496","0.0156351885498915","0.431707695803346","-0.376210280798851","-1.43160380009322","154","c(""Atp5k"", ""St13"", ""Dek"", ""Snrpf"", ""Alyref"", ""Set"", ""Eif3j1"", ""Snrpd3"", ""Ywhae"", ""Fkbp4"", ""Nasp"", ""Hnrnpu"", ""Nucks1"", ""Dhrs3"", ""Llph"", ""Ndufa4"", ""Psmc4"", ""Dnmt1"", ""Ptges3"", ""Hspa8"", ""Phb"", ""Rangap1"", ""Cdk2"", ""Gspt1"", ""Tcf3"", ""Uhrf1"", ""Bcl7a"", ""Syt13"", ""Dynll2"", ""Srsf9"", ""Rad23a"", ""Sfpq"", ""Psmd2"", ""Kcnk1"", ""Psmd12"", ""Hnrnpc"", ""Mybbp1a"", ""Nfya"", ""Id3"", ""Noc2l"", ""Ptov1"", ""Ptms"")"
"652","ZFP449_TARGET_GENES","0.00139142265970158","0.00875125236882755","0.45505986738723","-0.349411027626791","-1.42623271805697","272","c(""Hmgb1"", ""Atp5j2"", ""Mcm7"", ""Serbp1"", ""Set"", ""Gapdh"", ""Ndufa5"", ""Slc25a5"", ""Snrpd3"", ""Txn1"", ""Eif5b"", ""Metap2"", ""Dbi"", ""Hsp90ab1"", ""Atp5g3"", ""Fkbp4"", ""Maz"", ""Ezh2"", ""Rps27l"", ""Hnrnpd"", ""Hdgf"", ""Ndufs6"", ""Mad1l1"", ""Nucks1"", ""Dnajc15"", ""Cox5b"", ""Samd1"", ""Ndufa12"", ""Hibadh"", ""Tcof1"", ""Tacc3"", ""Rpn2"", ""Ndufab1"", ""Cdk2ap1"", ""Srsf6"", ""Ywhaq"", ""Uchl5"", ""Cdca3"", ""Mrps36"", ""Erh"", ""Nutf2"", ""Rangap1"", ""Ube2n"", ""Mrpl49"", ""Cdk4"", ""Esco2"", ""Ctps"", ""Xrcc1"", ""Smu1"", ""Utp18"", ""Klf13"", ""Trmt10a"", ""Chchd1"", ""Azin1"", 
""Ubap2"", ""Vdac2"", ""Stc2"", ""Psmd13"", ""Mrps25"", ""Thoc6"", ""Ldha"", ""Ptbp1"", ""Tomm6"", ""Psmd12"", ""Dpy30"", ""Caprin1"")"
"653","NR0B2_TARGET_GENES","0.00673060954853112","0.030417687754788","0.407017918923954","-0.381818220641145","-1.42316654851547","130","c(""Atp5b"", ""Hsp90aa1"", ""Atp5e"", ""Amd1"", ""Eif4a3"", ""Dut"", ""Pdap1"", ""Smc2"", ""Dynll1"", ""Nop56"", ""Ddx39b"", ""Rpl36"", ""Ndufa4"", ""Ncapd2"", ""Ilf2"", ""Hspa8"", ""Nfatc3"", ""Ak6"", ""Mrps5"", ""Mxd3"", ""Hspa4l"", ""Ccnf"", ""Prdx1"", ""Elovl2"", ""Rabggtb"", ""Wdr5"", ""Denr"", ""Klf13"", ""Zcchc8"", ""Psmg2"", ""Eftud2"", ""Mrpl51"", ""Vdac2"", ""Nsun2"", ""G2e3"", ""Psmd12"", ""Polr2e"", ""Pgrmc1"", ""Pold3"", ""Hdac1"", ""Comt"", ""Lrr1"", ""Ccsap"", ""Lztfl1"", ""Patz1"", ""Farsb"", ""Dgcr8"")"
"654","TABULA_MURIS_SENIS_MARROW_MATURE_ALPHA_BETA_T_CELL_AGEING","0.00280478560905825","0.0152468677421318","0.431707695803346","-0.360767928257354","-1.41892884879996","196","c(""Ptma"", ""Calm2"", ""Anp32e"", ""Ybx1"", ""H3f3b"", ""Cycs"", ""Set"", ""Eif2s2"", ""Anp32b"", ""Uqcr10"", ""U2af1"", ""Banf1"", ""Eif5b"", ""Pdap1"", ""Psma6"", ""Dbi"", ""Snrpd1"", ""Pdcd5"", ""Dynll1"", ""Atp5g1"", ""Nasp"", ""Hnrnpd"", ""Ndufs6"", ""Ndufa12"", ""Llph"", ""Fbl"", ""Snrpb2"", ""Drap1"", ""Cxcr4"", ""Tcof1"", ""Psmc4"", ""Wbp11"", ""Smc3"", ""Npm3"", ""Sh2d1a"", ""Rnaseh2c"", ""Ssb"", ""Lsm2"", ""Lsm5"", ""Ppp1r35"", ""Gar1"", ""Thoc7"", ""Rnf126"", ""Mrps36"", ""Nol7"", ""Sf3b4"", ""Cacybp"", ""Psma7"", ""Cd27"", ""Cyc1"", ""Atp5l"", ""Timm13"", ""Calm3"", ""Bcl7a"", ""Psip1"", ""Denr"", 
""Dynll2"", ""Snrpc"", ""Klf13"", ""Zcrb1"", ""Naa10"", ""Sf3b5"", ""Bcl10"", ""Hars"", ""Snrpa"", ""Cfdp1"", ""Swi5"", ""Psmc5"", ""Cox5a"", ""Sfr1"", ""Tomm6"", ""Nab2"", ""Lat"", ""Chchd2"", ""Nsmce2"")"
"655","TABULA_MURIS_SENIS_MAMMARY_GLAND_ENDOTHELIAL_CELL_AGEING","0.00355569420861734","0.0184876756903177","0.431707695803346","-0.353740158970835","-1.41716778180223","232","c(""Hmgb1"", ""Atp5k"", ""Ybx1"", ""Uqcr11"", ""Atp5j2"", ""Arpp19"", ""Ndufa5"", ""Ppia"", ""Atp5e"", ""Hmgb2"", ""Nop10"", ""Romo1"", ""Uqcr10"", ""Uqcrq"", ""Banf1"", ""Rps28"", ""Psmc3"", ""Ndufc1"", ""Lsm7"", ""Rps27l"", ""Polr2k"", ""Ndufs6"", ""Atp5j"", ""Ndufb4"", ""Cox6a1"", ""Sdhb"", ""Drap1"", ""Ndufa4"", ""Sumo2"", ""Jup"", ""Rpn2"", ""Ndufb7"", ""Rnaseh2c"", ""Mrpl23"", ""Ndufb2"", ""Uqcrb"", ""Atp5o"", ""Lsm5"", ""Polr2f"", ""Cyc1"", ""Tcf3"", ""Atp5l"", ""Mrps18c"", ""Elk3"", ""Atpif1"", ""Fbln2"", ""Timm13"", ""Atp5c1"", ""Calm3"", ""Slc29a1"", ""Slirp"", ""Klf13"", ""Mrps14"", ""Timp3""
)"
"656","GOBP_ORGANOPHOSPHATE_METABOLIC_PROCESS","0.00145971250569861","0.0091083961080056","0.45505986738723","-0.34604256044481","-1.4110991041117","268","c(""Atp5k"", ""Atp5b"", ""Atp5j2"", ""Gapdh"", ""Ndufa5"", ""Atp5e"", ""Ran"", ""Dut"", ""Dbi"", ""Atp5g3"", ""Ndufc1"", ""Rrm2"", ""Atp5g1"", ""Ndufs6"", ""Atp5j"", ""Ndufb4"", ""Atp5h"", ""Prps2"", ""Ndufa12"", ""Sdhb"", ""Nme1"", ""Dgke"", ""Ada"", ""Ndufab1"", ""Hspa8"", ""Ndufb7"", ""Nppc"", ""Ndufb2"", ""Impdh2"", ""Fdps"", ""Vdac1"", ""Dtymk"", ""Atp5o"", ""Rrm1"", ""Agpat5"", ""Gars"", ""Gart"", ""Nt5c3b"", ""Tyms"", ""Uck2"", ""Rpia"", ""Atp5l"", ""Atp5a1"", ""Pfkp"", ""Ndufb6"", ""Ctps"", ""Atpif1"", ""Atp5c1"", ""Pgk1"", ""Cs"", ""Nt5c2"", ""Paics"", ""Nme2"", ""Idh3a"", ""Dctpp1"", ""Pla2g12a"", 
""Lyst"", ""Ldha"", ""Rnaseh2b"", ""Nudt4"")"
"657","ELL2_TARGET_GENES","0.000323913334961488","0.0026163985577523","0.49849310876659","-0.332020616140371","-1.41067604896688","411","c(""Ptma"", ""Tubb5"", ""Tuba1b"", ""Cbx3"", ""Calm2"", ""Srsf3"", ""H3f3b"", ""Ncl"", ""Tubb4b"", ""Eif4a1"", ""Set"", ""Gapdh"", ""Ppia"", ""Hsp90aa1"", ""Hnrnpab"", ""Snrpg"", ""Amd1"", ""Eif2s2"", ""Hnrnpa2b1"", ""Tuba1a"", ""H3f3a"", ""Srsf2"", ""Rps28"", ""Srsf7"", ""Ywhae"", ""Rcc2"", ""Hsp90ab1"", ""Mns1"", ""Rpl41"", ""Hnrnpa1"", ""Rrm2"", ""Nop56"", ""Rpl6"", ""Snhg9"", ""Ddx39b"", ""Pcbp1"", ""Hnrnpu"", ""Cct8"", ""Mad1l1"", ""Trim28"", ""Mat2a"", ""Tmpo"", ""Slbp"", ""Uba2"", ""Nars"", ""Mylpf"", ""Lbr"", ""Ilf2"", ""Hspa8"", ""Cep295"", ""Srsf1"", ""Vdac1"", ""Rrm1"", ""Hspe1"", ""Exosc2"", 
""Rnf126"", ""Rpl36al"", ""Erh"", ""Cenpl"", ""Gm10190"", ""Mtf2"", ""Rps19bp1"", ""Baiap2"", ""Pabpc1"", ""Gart"", ""Ddx19a"", ""U2surp"", ""Ube2n"", ""Hdac2"", ""Ctcf"", ""Ccnf"", ""Tyms"", ""Mrpl49"", ""Cct7"", ""Atp5l"", ""Hnrnpr"", ""Prdx1"", ""Npm1"", ""Nup85"", ""Cdc20"", ""Bcl7a"", ""Slc29a1"", ""Pgk1"", ""Rabggtb"", ""Gbx2"", ""Msh6"", ""Dynll2"", ""Nsmce1"", ""Ube2l3"", ""Snhg6"", ""Timm8b"", ""Tcf12"", ""Rrp15"", ""Chchd1"", ""Nde1"", ""Mcm3"", ""Azin1"", ""Rcc1"", ""Kpnb1"", ""Sfpq"", ""Nsun2"")"
"658","GOBP_REGULATION_OF_ORGANELLE_ORGANIZATION","0.000328257000372849","0.00264403637238524","0.49849310876659","-0.33385917724511","-1.40988098323967","394","c(""Stmn1"", ""H3f3b"", ""Top2a"", ""Nusap1"", ""Slc25a5"", ""Hnrnpa2b1"", ""H3f3a"", ""Rdx"", ""Fkbp4"", ""Mns1"", ""Smc2"", ""Rgcc"", ""Pdcd5"", ""Dynll1"", ""Hnrnpu"", ""Cct8"", ""Hnrnpd"", ""Anapc5"", ""Smc4"", ""Mad1l1"", ""Higd1a"", ""Gnl3"", ""Cct3"", ""Trim28"", ""Spc25"", ""Bub3"", ""Cdk1"", ""Birc5"", ""Ncapd2"", ""Igf2"", ""Rad21"", ""Tacc3"", ""Tcp1"", ""Mki67"", ""Ncaph"", ""Cep295"", ""Ssbp1"", ""Ube2c"", ""Smarca5"", ""Spc24"", ""Vdac1"", ""Smarcc1"", ""Fbxo5"", ""Ruvbl1"", ""Ruvbl2"", ""Ccnb1"", ""Ckap2"", ""Uchl5"", ""Fgf13"", ""Dkc1"", ""Ppp1r35"", ""G3bp1"", ""Aurkb"", ""Aurka"", ""Rmi2"", 
""Ska2"", ""Ncapg"", ""Baiap2"", ""Cdk2"", ""Mad2l1"", ""Hdac2"", ""Ckap5"", ""Ccnf"", ""Cct7"", ""Mcm2"", ""Ndc80"", ""Npm1"", ""Plk1"", ""Atpif1"", ""Xrcc1"", ""Cd28"", ""Cdc20"", ""Tubg1"", ""Cdca8"", ""Bcl7a"", ""Plk4"", ""Bub1b"", ""Spdl1"", ""Incenp"", ""Psmg2"", ""Pak1"", ""Nup62"", ""Naa10"", ""Fen1"", ""Actl6a"", ""Smarca4"", ""Trip13"", ""Rcc1"", ""Tpx2"", ""Sfpq"", ""Hsph1"", ""Kif18a"", ""Cdc16"", ""Tinf2"", ""Nuf2"", ""Fam162a"", ""Fxn"", ""Ptbp1"", ""Rad51ap1"", ""Ect2"", ""Nsmce2"", ""Hnrnpc"", ""Caprin1"", ""Ttk"")"
"659","UTP3_TARGET_GENES","0.000563732855364317","0.00412373459887036","0.477270815362862","-0.333847284996017","-1.4060139746902","377","c(""Calm2"", ""Anp32e"", ""Hnrnpm"", ""H3f3b"", ""Eif4a1"", ""Hmgn2"", ""Serbp1"", ""Ranbp1"", ""B930036N10Rik"", ""Ppia"", ""Hsp90aa1"", ""Romo1"", ""Uqcr10"", ""Srsf2"", ""U2af1"", ""Banf1"", ""Eif4a3"", ""Srsf7"", ""Ywhae"", ""Psma6"", ""Pa2g4"", ""Ezh2"", ""Pdcd5"", ""Nop56"", ""Rpl6"", ""Ddx39b"", ""Rps27l"", ""Hnrnpu"", ""Srsf10"", ""Mad1l1"", ""Cct3"", ""Slbp"", ""Rps17"", ""Cux1"", ""Ctsl"", ""Ndufa12"", ""Raly"", ""Rpl31"", ""Ncapd2"", ""Ccne2"", ""Uchl3"", ""Rnaseh2c"", ""Nfyb"", ""Pbk"", ""Bcl6"", ""Ssbp1"", ""Hspa9"", ""Ywhaq"", ""Wdr12"", ""Ak6"", ""Rrm1"", ""Ckap2"", ""Pole3"", ""Asf1b"", 
""Gar1"", ""Nol7"", ""Psmd3"", ""Mrps28"", ""Rps19bp1"", ""Cacybp"", ""Psmc3ip"", ""Pabpc1"", ""Ddx19a"", ""Nt5c3b"", ""Ctcf"", ""Tyms"", ""Prdx1"", ""Pfkp"", ""Nup85"", ""Pgk1"", ""Mcm4"", ""Tipin"", ""Rbm34"", ""Kif20a"", ""Mrps14"", ""Zcchc8"", ""Mrpl51"", ""Tcf12"", ""Rrp15"", ""Arhgap19"", ""Rcc1"", ""Hirip3"", ""Sfpq"", ""Cdc16"", ""Eif3b"", ""Mrpl12"", ""Nrm"", ""Tex30"", ""Tinf2"", ""Nuf2"", ""Thoc6"", ""Swi5"", ""Rad51ap1"", ""Aaas"", ""Fam98b"", ""Mrpl13"", ""Sfmbt1"", ""Anapc13"", ""Ppp1r8"", ""Rfc4"", ""Mettl16"", ""Acsl3"", ""Ikzf3"", ""Pold3"", ""Eif1ad"", ""Taf15"", ""Psma2"", ""Cenph"")"
"660","GOBP_POST_TRANSCRIPTIONAL_REGULATION_OF_GENE_EXPRESSION","0.00407519119412841","0.0204808187722785","0.407017918923954","-0.369085135525808","-1.40449027988999","154","c(""Ybx1"", ""Ncl"", ""Serbp1"", ""Gapdh"", ""Eif5a"", ""Rpl38"", ""Eif4a3"", ""Eif5b"", ""Pa2g4"", ""Prmt1"", ""Ddx39b"", ""Rps27l"", ""Hnrnpu"", ""Hnrnpd"", ""C1qbp"", ""Magoh"", ""Tcof1"", ""Eif4e"", ""Ssb"", ""Syncrip"", ""Srsf1"", ""Dhx9"", ""Cnbp"", ""Dkc1"", ""Exosc2"", ""Eif2s1"", ""Otud6b"", ""Pabpc1"", ""Ckap5"", ""Gspt1"", ""Sox4"", ""Tyms"", ""Cdk4"", ""Hnrnpr"", ""Rbm24"", ""Npm1"", ""Exosc3"", ""Nudt21"", ""Apex1"", ""Aars"", ""Paip2b"", ""Shmt2"", ""Nsun2"", ""Eif3b"", ""Ptbp1"", ""Mrpl13"", ""Tbrg4"", ""Eif6"", ""Khsrp"", ""Hnrnpc"", ""Caprin1"", ""Akt1"", ""Mettl16"")"
"661","LET_7C_1_3P","0.0122733180050504","0.0486773712026031","0.380730400722792","-0.382443294252128","-1.40342674533543","114","c(""Calm2"", ""Hspd1"", ""Hmgn1"", ""Rdx"", ""Snrpd1"", ""Hnrnpu"", ""Snrpb2"", ""Ccna2"", ""Sumo2"", ""Rad21"", ""Rnps1"", ""Psmc6"", ""Bcl6"", ""Smarcc1"", ""E2f4"", ""G3bp1"", ""Rsl24d1"", ""U2surp"", ""Cdkn1c"", ""Leo1"", ""Bcl7a"", ""Nudt21"", ""Ctdspl2"", ""Gbx2"", ""Rsl1d1"")"
"662","DMRT1_TARGET_GENES","0.000706770294395748","0.00496731328230345","0.477270815362862","-0.329758255019554","-1.40051085949356","412","c(""Tubb5"", ""Tuba1b"", ""Cbx3"", ""Satb1"", ""Calm2"", ""Atp5b"", ""Anp32e"", ""Gapdh"", ""Slc25a5"", ""Dgkeos"", ""Ran"", ""Atp5g3"", ""Lmnb1"", ""Ezh2"", ""Hnrnpa1"", ""Cks2"", ""Ddx39b"", ""Cct8"", ""Hnrnpd"", ""Anapc5"", ""Smc4"", ""Mad1l1"", ""Tmpo"", ""Bola2"", ""Bub3"", ""Gm525"", ""Cdk1"", ""Myb"", ""Rpn2"", ""Cops5"", ""Stag2"", ""Cbx5"", ""Uchl3"", ""Galk1"", ""Ndufb2"", ""Ube2c"", ""Syncrip"", ""Srsf1"", ""Myef2"", ""Cdk19"", ""Slc16a1"", ""Ruvbl2"", ""Cks1b"", ""Nsmce4a"", ""Gar1"", ""G3bp1"", ""Pknox1"", ""Cops3"", ""Mrps28"", ""Mtf2"", ""Mrps5"", ""Podxl2"", ""Pola1"", ""Cdk2"", ""Psma7"", 
""Mxd3"", ""Psmb6"", ""Ccnf"", ""Racgap1"", ""Tcf3"", ""Lin9"", ""Morf4l2"", ""Kif22"", ""Get4"", ""Fbln2"", ""Calm3"", ""Cdca8"", ""Wdr5"", ""Ccdc34"", ""Psip1"", ""Klf13"", ""Spdl1"", ""Timp3"", ""Rad23a"", ""Ckap2l"", ""Actn4"", ""Paip2b"", ""Chchd1"", ""Pds5b"", ""Paics"", ""Mcm3"", ""Tdp2"", ""Grwd1"", ""Msl3"", ""Ubap2"", ""BC028471"", ""Actl6a"", ""Tpx2"", ""Kpnb1"", ""Hmgn5"", ""Sfpq"", ""Rad51ap1"", ""Snrpa1"", ""Nab2"", ""Rpl36a"", ""AI662270"", ""Hcfc1"", ""Anapc13"", ""Mast2"", ""Fam149a"", ""Vma21"", ""Cep70"", ""Fam72a"", ""Atad5"", ""Cdkn2d"", ""Tcerg1"", ""Usp5"", ""Akap1"", ""Gfod2"", 
""Hdac1"", ""Cfap20"", ""Fundc2"", ""Rpgrip1"")"
"663","ZFP935_TARGET_GENES","0.00421966013044311","0.0210249790165867","0.407017918923954","-0.349592345587934","-1.39901479287168","227","c(""Hmgb1"", ""Anp32e"", ""Arpp21"", ""Eif5a"", ""Hspd1"", ""Ywhae"", ""Metap2"", ""Hsp90ab1"", ""Nop58"", ""Taf1d"", ""Hnrnpu"", ""Gnl3"", ""Uba2"", ""Phgdh"", ""Ccna2"", ""Ptges3"", ""Rpn2"", ""Lbr"", ""Tcp1"", ""Hspa8"", ""Cdk2ap1"", ""Srsf1"", ""Gm8186"", ""Dhx9"", ""Ruvbl1"", ""Brix1"", ""Ckap2"", ""Hspe1"", ""Rsl24d1"", ""Pknox1"", ""Mrps36"", ""Usp1"", ""Sf3a3"", ""Psma7"", ""Mxd3"", ""Sox4"", ""Zcchc10"", ""Uhrf1"", ""Prim2"", ""Mrpl18"", ""Leo1"", ""Cse1l"", ""Dynll2"", ""Prpf19"", ""Zcrb1"", ""Strap"", ""Paics"", ""Ubap2"", ""Bhlhb9"", ""Gmcl1"", ""Ldha"", ""Psmb3"", ""Neil3"", ""Ptbp1"", ""Ect2"", 
""Haus5"", ""Tbrg4"", ""Sfmbt1"", ""Ppp1r8"", ""Rfc4"", ""Ikzf3"", ""Znhit3"", ""Akap1"", ""Kif2c"", ""Timm17a"", ""Mphosph9"", ""Anapc15"", ""Gins2"", ""Nudt5"", ""Foxm1"", ""Cep41"", ""Dnajc11"", ""Bola3"", ""Babam1"")"
"664","ZFP64_TARGET_GENES","0.0100896460586393","0.0415690518292359","0.380730400722792","-0.372499942202462","-1.39673710071014","142","c(""Rbm8a"", ""U2af1"", ""Hspd1"", ""Dut"", ""Sdhb"", ""Aco2"", ""Birc5"", ""Mylpf"", ""Ndufb2"", ""Dtymk"", ""Atp5o"", ""Rrm1"", ""Hspe1"", ""U2surp"", ""Ube2n"", ""Ssna1"", ""Mrpl49"", ""Rpia"", ""Phf5a"", ""Cdca8"", ""Pgk1"", ""Snrpc"", ""Mrps14"", ""Abcf2"", ""Zcrb1"", ""Prpf40a"", ""Mrpl50"", ""Stc2"", ""Mrpl12"", ""Wdr89"", ""Fxn"", ""Tomm6"", ""Chchd2"", ""Thoc3"", ""Nsmce2"", ""Mrps11"", ""Anapc13"", ""Epg5"", ""Psmb7"", ""Rfc4"", ""Anks1"", ""Abce1"", ""Znhit3"", ""Kif2c"", ""Arl6ip6"", ""Noc4l"", ""Sf3b6"", ""Ptrh1"", ""Mrpl46"", ""Gtf2f2"", ""Dnajc11"", ""Psmb2"", ""Lrpprc"", ""Med19"", ""Nelfa"", 
""Siva1"", ""Atpaf2"", ""Trim27"", ""Med29"", ""Me2"", ""Sec61b"", ""Eif2b1"", ""Lonp1"", ""Sart3"", ""Dus1l"", ""Nup133"", ""Dqx1"", ""Mrps22"", ""Mrpl21"", ""Prpf31"", ""Mettl6"", ""Gid4"", ""Traip"", ""Mrpl1"")"
"665","GOBP_POSITIVE_REGULATION_OF_ORGANELLE_ORGANIZATION","0.00558574307923061","0.0262145962024448","0.407017918923954","-0.354830753818468","-1.39419773591503","192","c(""Nusap1"", ""Slc25a5"", ""Hnrnpa2b1"", ""Mns1"", ""Smc2"", ""Rgcc"", ""Pdcd5"", ""Dynll1"", ""Cct8"", ""Hnrnpd"", ""Anapc5"", ""Smc4"", ""Mad1l1"", ""Gnl3"", ""Cct3"", ""Trim28"", ""Cdk1"", ""Ncapd2"", ""Igf2"", ""Rad21"", ""Tcp1"", ""Ncaph"", ""Cep295"", ""Ssbp1"", ""Ube2c"", ""Vdac1"", ""Fbxo5"", ""Ruvbl1"", ""Ruvbl2"", ""Uchl5"", ""Dkc1"", ""Ppp1r35"", ""G3bp1"", ""Aurkb"", ""Aurka"", ""Ncapg"", ""Baiap2"", ""Cdk2"", ""Ckap5"", ""Cct7"", ""Atpif1"", ""Cd28"", ""Cdc20"", ""Plk4"", ""Pak1"", ""Nup62"", ""Fen1"", ""Actl6a"", ""Sfpq"", ""Cdc16"", ""Tinf2"", ""Fam162a"", ""Ptbp1"", ""Rad51ap1"", ""Nsmce2"", 
""Caprin1"")"
"666","GOCC_NUCLEOLUS","0.000642279239657626","0.00459285715640459","0.477270815362862","-0.330218113084081","-1.38791793973615","379","c(""Dek"", ""Ncl"", ""Top2a"", ""Nusap1"", ""Hmgb2"", ""Nop10"", ""Anp32b"", ""Xrcc6"", ""Ddx21"", ""Ddx18"", ""Ran"", ""Eif4a3"", ""Pa2g4"", ""Wdr43"", ""Nop58"", ""Smc2"", ""Taf1d"", ""Rgcc"", ""Polr2l"", ""Nop56"", ""Rpl6"", ""Polr2k"", ""Plk5"", ""Nucks1"", ""Gnl3"", ""Trim28"", ""Slbp"", ""Ctsl"", ""Camk4"", ""Llph"", ""Pdcd11"", ""Nifk"", ""Fbl"", ""Rpl36"", ""Snrpb2"", ""Tcof1"", ""Wbp11"", ""Mbd3"", ""Rpf2"", ""Ilf2"", ""Stag2"", ""Npm3"", ""Cbx5"", ""Mki67"", ""Mrpl23"", ""Bcl6"", ""Eri1"", ""Fcf1"", ""Smarca5"", ""Spc24"", ""Suv39h1"", ""Wdr12"", ""Dhx9"", ""Brix1"", ""Agpat5"", ""Uchl5"", ""Dkc1"", 
""Lyar"", ""Gar1"", ""Exosc2"", ""Rsl24d1"", ""Polr2f"", ""Nol7"", ""Rps19bp1"", ""Pola1"", ""Ckap5"", ""Ctcf"", ""Mrto4"", ""Ppid"", ""Cdk4"", ""Orc6"", ""Kif20b"", ""Ebna1bp2"", ""Pop4"", ""Npm1"", ""Phf5a"", ""Morf4l2"", ""Get4"", ""Xrcc1"", ""Exosc3"", ""Timm13"", ""Leo1"", ""Lsm6"", ""Cdca8"", ""Plk4"", ""Ube2t"", ""Apex1"", ""Rpp30"", ""Rbm34"", ""Utp18"", ""Rsl1d1"", ""Srsf9"", ""Srp68"", ""Trmt10a"", ""Rps6ka6"", ""Naa10"", ""Chchd1"", ""Spats2l"", ""Rrp9"", ""Grwd1"", ""Fen1"", ""Suz12"", ""Meaf6"", ""Smarca4"", ""Hirip3"", ""Rad51"", ""Rars"", ""Nsun2"", ""Bysl"", ""Ddx56"", ""Hjurp"", ""Thap1"", 
""Sfr1"", ""Eif6"", ""Pes1"", ""Eif3l"", ""Mtx2"", ""Mybbp1a"", ""Polr2e"", ""Noc2l"", ""Blm"", ""E2f8"", ""Ftsj3"", ""Rbmx2"", ""Snrnp35"", ""Rbm28"", ""Parp1"", ""Nop2"", ""Cenph"", ""Pwp1"", ""Nolc1"", ""Aen"", ""Noc4l"", ""Naa50"", ""Tma16"", ""Ddx27"")"
"667","BRUINS_UVC_RESPONSE_LATE","0.00160613834084097","0.00985155442216359","0.45505986738723","-0.330330730646891","-1.38479185838718","361","c(""Cd8b1"", ""Calm2"", ""Gapdh"", ""Anp32b"", ""Tuba1a"", ""Dut"", ""Snrpd1"", ""Pa2g4"", ""Lmnb1"", ""Ezh2"", ""Nmt2"", ""Hnrnpdl"", ""Dnajc15"", ""Cux1"", ""Uba2"", ""Bub3"", ""Clns1a"", ""Drap1"", ""Sumo2"", ""Cdk1"", ""Ncapd2"", ""Rpf2"", ""Uchl3"", ""Polr2j"", ""Bcl6"", ""Ssbp1"", ""Hspa14"", ""Ruvbl1"", ""Agpat5"", ""Asf1b"", ""Uchl5"", ""Nelfe"", ""Ube2e3"", ""Mrps28"", ""Hat1"", ""Mcm5"", ""Rpap3"", ""Ddx19a"", ""Pola1"", ""Haus4"", ""Mrpl49"", ""Uck2"", ""Mcm2"", ""Mrps18c"", ""Ebna1bp2"", ""Npm1"", ""Elk3"", ""Mrpl18"", ""Xrcc1"", ""Exosc3"", ""Tcf19"", ""Tubg1"", ""Mcm4"", ""Ube2t"", ""Nudt21"", 
""Wdr5"", ""Rpp30"", ""Ccdc34"", ""Tipin"", ""Rfc3"", ""Klf13"", ""Nsmce1"", ""Loxl2"", ""Ogn"", ""Zcrb1"", ""Prpf40a"", ""Cstf2"", ""Pak1"", ""Mcm3"", ""Psmd14"", ""Mrpl15"", ""Ubap2"", ""Meaf6"", ""Rad51"", ""Psmc2"", ""Tex30"", ""Cfdp1"", ""Nudt4"", ""Psmc1"", ""Nab2"", ""Psmd12"", ""Dpy30"", ""Mtx2"", ""Epg5"", ""Psmb7"", ""Rpa1"", ""Rfc4"", ""Gemin6"", ""Cenpk"", ""Bcas2"", ""Brcc3"", ""Hprt"", ""Aifm1"", ""Nudt5"", ""Emc8"", ""Dohh"", ""Pdxk"", ""Gtf2f2"", ""Zfp593"", ""Slit3"", ""Cdc45"", ""Exosc8"", ""Nt5dc2"", ""Coq7"", ""Col5a1"")"
"668","ZFP595_TARGET_GENES","0.00923807586562246","0.0389848161069498","0.380730400722792","-0.361589795730286","-1.38293281348765","161","c(""Hmgb1"", ""Satb1"", ""St13"", ""Anp32e"", ""Alyref"", ""Hsp90aa1"", ""Rpl38"", ""Metap2"", ""Hsp90ab1"", ""Fkbp4"", ""Hnrnpu"", ""Agfg2"", ""Bola2"", ""Uba2"", ""Tcp1"", ""Hspa8"", ""Phb"", ""Srsf1"", ""Ywhaq"", ""Dhx9"", ""Ckap2"", ""Ddx19a"", ""Sf3a3"", ""Mxd3"", ""Uhrf1"", ""Prim2"")"
"669","GOBP_CARBOHYDRATE_DERIVATIVE_METABOLIC_PROCESS","0.0027046628918482","0.0148149395269813","0.431707695803346","-0.338729943929449","-1.38291927922646","276","c(""Atp5k"", ""Atp5b"", ""Atp5j2"", ""Gapdh"", ""Ndufa5"", ""Atp5e"", ""Ran"", ""Dut"", ""Atp5g3"", ""Aqp11"", ""Ndufc1"", ""Rrm2"", ""Atp5g1"", ""Ndufs6"", ""Atp5j"", ""Ndufb4"", ""Atp5h"", ""Ctsl"", ""Prps2"", ""Ndufa12"", ""Sdhb"", ""Nme1"", ""Ada"", ""Rpn2"", ""Ndufab1"", ""Hspa8"", ""Ndufb7"", ""Nppc"", ""Ndufb2"", ""Impdh2"", ""Vdac1"", ""Dtymk"", ""Atp5o"", ""Rrm1"", ""Hmmr"", ""Gart"", ""Tyms"", ""Uck2"", ""Rpia"", ""Atp5l"", ""Atp5a1"", ""Pfkp"", ""Ndufb6"", ""Ctps"", ""Atpif1"", ""Atp5c1"", ""Mogs"", ""Pgk1"", ""Cs"")"
"670","ZFP652_TARGET_GENES","0.00159406211271435","0.00979844181823877","0.45505986738723","-0.334706958504229","-1.38049355792484","299","c(""Cbx3"", ""Serbp1"", ""Set"", ""Atp5e"", ""Uqcr10"", ""Gtf2h4"", ""Hnrnpa2b1"", ""Naa15"", ""Tdrd5"", ""Fkbp4"", ""Pa2g4"", ""Dynll1"", ""Plk5"", ""Tmpo"", ""Eny2"", ""Uba2"", ""Rpl31"", ""Myb"", ""Mbd3"", ""Birc5"", ""Igf2"", ""Tacc3"", ""Cdca4"", ""Ndufab1"", ""Psmc6"", ""Nfatc3"", ""Fdps"", ""Cdk19"", ""Ahsa1"", ""Cdca3"", ""Cdc34"", ""Nutf2"", ""Psmd3"", ""Rangap1"", ""Podxl2"", ""Rps19bp1"", ""Rpap3"", ""Srrm1"", ""Ctcf"", ""Gspt1"", ""D030056L22Rik"", ""Mrto4"", ""Rpia"", ""Kif20b"", ""Uhrf1"", ""Timm13"", ""Pgk1"", ""Wdr5"", ""Denr"", ""Msh6"", ""Bub1b"", ""Klf13"", ""Srsf9"", ""Abcf2"", ""Zcchc8"", 
""Fgd5"", ""Akirin2"", ""Rbm17"", ""Mrpl50"", ""Psmd14"", ""Ctdspl"", ""Msl3"", ""Brd3"", ""Sap18"", ""Nsun2"", ""Hsph1"", ""Tex30"", ""Mrps25"", ""Gins1"", ""Ndc1"", ""Snrpa1"", ""Faf1"", ""Thoc3"", ""Gm2694"", ""Kpna3"", ""Noc2l"", ""Tmcc3"", ""Anks1"", ""Qser1"", ""Usp5"", ""Psma2"")"
"671","GOBP_REGULATION_OF_AMIDE_METABOLIC_PROCESS","0.00948697422804151","0.0397137205823489","0.380730400722792","-0.366627266809904","-1.3795542584197","144","c(""Ybx1"", ""Ncl"", ""Serbp1"", ""Gapdh"", ""Eif5a"", ""Rpl38"", ""Eif4a3"", ""Eif5b"", ""Pa2g4"", ""Prmt1"", ""Ddx39b"", ""Rps27l"", ""Hnrnpu"", ""Hnrnpd"", ""C1qbp"", ""Magoh"", ""Tcof1"", ""Eif4e"", ""Ssb"", ""Syncrip"", ""Pin1"", ""Dhx9"", ""Cnbp"", ""Exosc2"", ""Eif2s1"", ""Otud6b"", ""Pabpc1"", ""Gspt1"", ""Sox4"", ""Tyms"", ""Cdk4"", ""Hnrnpr"", ""Rbm24"", ""Npm1"", ""Exosc3"", ""Slc7a11"", ""Aars"", ""Paip2b"", ""Shmt2"", ""Eif3b"", ""Ptbp1"", ""Mrpl13"", ""Eif6"", ""Khsrp"", ""Caprin1"", ""Akt1"", ""Mettl16"")"
"672","GLI2_TARGET_GENES","0.00407250097003736","0.0204808187722785","0.407017918923954","-0.332546951506232","-1.37572512745582","307","c(""Satb1"", ""Mcm7"", ""Eif4a1"", ""Hmgn2"", ""Ranbp1"", ""Nusap1"", ""Hsp90aa1"", ""Romo1"", ""Cox7a2"", ""Ccr9"", ""Hspd1"", ""Pdap1"", ""Hsp90ab1"", ""Maz"", ""Dynll1"", ""Hnrnpdl"", ""Ddx39b"", ""Rps27l"", ""Pcbp1"", ""Hnrnpu"", ""Hdgf"", ""Mat2a"", ""Atp5h"", ""Dhrs3"", ""C1qbp"", ""Prps2"", ""Rpl31"", ""Ilf2"", ""Hspa8"", ""Ccne2"", ""Mrpl23"", ""Syncrip"", ""Ywhaq"", ""Hspe1"", ""Gar1"", ""Polr2f"", ""Cd24a"", ""Otud6b"", ""Kif11"", ""Ddx19a"", ""U2surp"", ""Ckap5"", ""Sox4"", ""Ppid"", ""Rpia"", ""Lta4h"", ""Cdk4"", ""Npm1"", ""Calm3"", ""Bcl7a"", ""Slc29a1"", ""Mcm4"", ""Cdkn2aipnl"", ""Rabggtb"", 
""Ctdspl2"", ""Bub1b"", ""Irs1"", ""Prpf40a"", ""Naa10"", ""Nyap1"", ""Rbm17"", ""Sf3a2"", ""Shmt2"", ""Azin1"", ""Meaf6"", ""Kif18a"", ""Mrpl12"", ""Slc5a5"", ""Psmb3"", ""Ptbp1"", ""Khsrp"", ""Mast2"", ""Pcnp"", ""Id3"", ""Kif4"", ""Tmcc3"", ""Ftsj3"", ""Samm50"", ""Hprt"", ""Cetn3"", ""Akap1"", ""Txnl4a"", ""Rpgrip1"", ""Ssrp1"")"
"673","GOBP_NEGATIVE_REGULATION_OF_CELL_CYCLE","0.00963683499347183","0.0401919823236259","0.380730400722792","-0.359433035221508","-1.37468408823699","161","c(""Ezh2"", ""Rgcc"", ""Ddx39b"", ""Rps27l"", ""Mad1l1"", ""Spc25"", ""Bub3"", ""Cdk1"", ""Birc5"", ""Rad21"", ""Nppc"", ""Smarca5"", ""Spc24"", ""Suv39h1"", ""Fbxo5"", ""Ccnb1"", ""Aurkb"", ""Aurka"", ""Mad2l1"", ""Ccnf"", ""Wdr76"", ""Ndc80"", ""Npm1"", ""Plk1"", ""Cdkn1c"", ""Cdc20"", ""Cdca8"", ""Tipin"", ""Bub1b"", ""Prpf19"", ""Spdl1"", ""Incenp"", ""Psmg2"", ""Naa10"", ""Inip"", ""Ctdspl"", ""Trip13"", ""Gmnn"", ""Rad51"", ""Nsun2"", ""Cdt1"", ""Nuf2"", ""Rnaseh2b"", ""Ttk"", ""Cdkn2c"", ""Blm"", ""E2f8"", ""Bub1"", ""Cdkn2d"", ""Brcc3"", ""Rpa2"", ""Topbp1"", ""Anapc15"", ""Nek2"", ""Rhno1"", ""E2f7"", 
""Nubp1"", ""Timeless"", ""Pidd1"", ""Babam1"", ""Clspn"", ""Fzr1"", ""Bard1"", ""Cenpe"", ""Mdm1"", ""Ets1"", ""Trim37"", ""Brca1"", ""Baz1b"", ""Cdc6"", ""Chek2"", ""Zwilch"", ""Pinx1"", ""Chek1"", ""Dtl"", ""Donson"")"
"674","GOBP_ORGANELLE_LOCALIZATION","0.00778200720876386","0.034120650873288","0.407017918923954","-0.350201746443161","-1.37225664352186","186","c(""Nusap1"", ""Ap3s1"", ""Tuba1a"", ""Ran"", ""Rcc2"", ""Lmnb1"", ""Dynll1"", ""Hnrnpu"", ""Nudc"", ""Mad1l1"", ""Spc25"", ""Bub3"", ""Birc5"", ""Tacc3"", ""Cops5"", ""Nppc"", ""Spc24"", ""Ccnb1"", ""Aurkb"", ""Mad2l1"", ""Racgap1"", ""Ndc80"", ""Npm1"", ""Plk1"", ""Kif22"", ""Cdca8"", ""Spdl1"", ""Incenp"", ""Actn4"", ""Cenpf"", ""Nup62"", ""Nde1"", ""Kpnb1"", ""Kif18a"", ""Cdt1"", ""Nuf2"", ""Ect2"", ""Lat"", ""Eif6"", ""Abce1"", ""Pcm1"", ""Kif2c"", ""Lmnb2"", ""Cep83"", ""Nek2"", ""Cenpc1"", ""Pmf1"", ""Ltv1"", ""Kif14"", ""Seh1l"", ""Gpsm2"", ""Cenpe"", ""Sdad1"", ""Cav2"", ""Enkd1"", ""Cenpa"", ""Myzap"", 
""Limk2"", ""Nop9"", ""Aspm"")"
"675","TOX2_TARGET_GENES","0.00440401339333406","0.0216955789921993","0.407017918923954","-0.333923032702871","-1.36903376852819","286","c(""Tubb5"", ""Cbx3"", ""Calm2"", ""Srsf3"", ""Mier1"", ""Eif4a1"", ""Hmgn2"", ""Set"", ""Hnrnpab"", ""Anp32b"", ""Hnrnpa2b1"", ""Ccr9"", ""Hspd1"", ""Larp7"", ""Rps28"", ""Rpl41"", ""Rgcc"", ""Nmt2"", ""Rps27l"", ""Ubald2"", ""Cct8"", ""Nucks1"", ""Samd1"", ""Nme1"", ""Tcof1"", ""Eif4e"", ""Rad21"", ""Rnps1"", ""Psmc6"", ""Nfyb"", ""Bcl6"", ""Eri1"", ""Nap1l1"", ""Rfc1"", ""Rrm1"", ""Agpat5"", ""Dkc1"", ""Hspe1"", ""Nelfe"", ""Gar1"", ""Eif2s1"", ""Aurka"", ""Ppm1g"", ""Rangap1"", ""Otud6b"", ""Baiap2"", ""Atad2"", ""U2surp"", ""Ctcf"", ""Gspt1"", ""Mrpl49"", ""Tcf3"", ""Morf4l2"", ""Wdr5"", ""Denr"", ""Rbm34"", 
""Klf13"", ""Nup107"", ""Aars"", ""Mis18bp1"", ""Inip"", ""Rrp9"", ""Azin1"", ""Ubap2"", ""Psmc2"", ""Hjurp"", ""Tex30"", ""Wdr89"", ""Tinf2"", ""Gins1"", ""Sfr1"", ""Lat"", ""Faf1"", ""Tbrg4"")"
"676","GOBP_PROTEIN_CONTAINING_COMPLEX_ASSEMBLY","0.000429188771196427","0.00330833011130579","0.49849310876659","-0.316482422218909","-1.36218502828375","495","c(""Hmgb1"", ""Stmn1"", ""Snrpf"", ""H3f3b"", ""Rbbp4"", ""Mif"", ""Set"", ""Ndufa5"", ""Hsp90aa1"", ""Ube2s"", ""Snrpg"", ""Eif2s2"", ""Anp32b"", ""Rpl38"", ""Cox7a2"", ""Tuba1a"", ""Snrpd3"", ""Rps28"", ""Snrpd2"", ""Dut"", ""Rdx"", ""Snrpd1"", ""Atp5g3"", ""Fkbp4"", ""Aqp11"", ""Prmt1"", ""Ndufc1"", ""Rrm2"", ""Usp50"", ""Rpl6"", ""Ddx39b"", ""Nasp"", ""Rps27l"", ""Ndufs6"", ""Srsf10"", ""Higd1a"", ""Mat2a"", ""Dnajc15"", ""Ndufb4"", ""Snrpb"", ""Samd1"", ""Ndufa12"", ""Clns1a"", ""Cdk1"", ""Ptges3"", ""Rpf2"", ""Ndufab1"", ""Hspa8"", ""Snrpe"", ""Psmc6"", ""Ndufb7"", ""Ndufb2"", ""Ssbp1"", ""Asf1a"", 
""Ube2c"", ""Srsf6"", ""Nap1l1"", ""Srsf1"", ""Smarca5"", ""Lsm2"", ""Fbxo5"", ""Dhx9"", ""Ruvbl1"", ""Rrm1"", ""Ruvbl2"", ""Brix1"", ""Ccnb1"", ""Pole3"", ""Asf1b"", ""Fgf13"", ""Mzt1"", ""Cd24a"", ""Hat1"", ""Otud6b"", ""Baiap2"", ""Sf3a3"", ""Ckap5"", ""Ssna1"", ""Mrto4"", ""Ppid"", ""Mcm2"", ""Npm1"", ""Ndufb6"", ""Tubg1"", ""Nudt21"", ""Cep57"", ""Cenpw"", ""Psip1"", ""Denr"", ""Dnajc9"", ""Snrpc"", ""Prpf19"", ""Nup107"", ""Strap"", ""Psmg2"", ""Pak1"", ""Supt16"", ""Sf3a2"", ""Nde1"", ""Shmt2"", ""Grwd1"", ""Smarca4"", ""Gmnn"", ""Atf1"", ""Tpx2"", ""Rad51"", ""Vdac2"", ""Bcl10"", ""Psmg4"", ""Hjurp"", 
""Cdt1"", ""Taf3"", ""Ndc1"", ""Ect2"", ""Faf1"", ""Eif6"", ""Hcfc1"", ""Pfdn6"", ""Vma21"", ""Ppan"", ""Cd247"", ""Blm"", ""Gemin6"", ""Acsl3"", ""Cenpk"", ""Stub1"", ""Brcc3"", ""Znhit3"", ""Samm50"", ""Tk1"", ""Hprt"", ""Nop2"", ""Polr2d"", ""Tssc4"", ""Cenph"", ""Ssrp1"", ""Aifm1"", ""Gtf2a2"", ""Hacd1"")"
"677","GSK3B_TARGET_GENES","0.00243531232137954","0.0136525084683398","0.431707695803346","-0.326626823765762","-1.36041341363544","325","c(""Calm2"", ""Srsf3"", ""Mier1"", ""Gapdh"", ""Ube2s"", ""Xrcc6"", ""Romo1"", ""Snrpd3"", ""U2af1"", ""Hmgn1"", ""Banf1"", ""Hsp90ab1"", ""Atp5g3"", ""Fkbp4"", ""Ndufc1"", ""Rpl6"", ""Eny2"", ""C1qbp"", ""Tacc3"", ""Dbf4"", ""Rnps1"", ""Mki67"", ""Smarca5"", ""Spc24"", ""Brix1"", ""Asf1b"", ""Lyar"", ""Ube2e3"", ""Rpl36al"", ""Cops3"", ""Nutf2"", ""Usp1"", ""Pabpc1"", ""Gart"", ""Ddx19a"", ""Cdk2"", ""Hdac2"", ""D030056L22Rik"", ""Rpia"", ""Ndc80"", ""Eif4h"", ""Atpif1"", ""Xrra1"", ""Lsm6"", ""Slc29a1"", ""Rabggtb"", ""Wdr5"", ""Cacna1e"", ""Psip1"", ""Srsf9"", ""Prpf19"", ""Aars"", ""Incenp"", ""Nt5c2"", 
""Mrpl50"", ""Pds5b"", ""Serf1"", ""Ctdspl"", ""Azin1"", ""Brd3"", ""Hsph1"", ""Cdc16"", ""Eif3b"", ""Lyst"", ""Bcl10"", ""Snrpa"", ""Slc5a5"", ""Neil3"", ""Psmc1"", ""Dpy30"", ""Sod1"", ""Fam149a"", ""Pold2"", ""Cdkn2c"", ""Eed"", ""Ptov1"", ""E2f8"", ""Tmcc3"", ""Cnih4"", ""Anks1"", ""Bub1"", ""Qser1"", ""Eif1ad"", ""Gfod2"", ""Polr2i"", ""Ndufaf2"", ""Gpn3"", ""Dohh"", ""Foxm1"", ""Slit3"", ""Exosc1"", ""Polr3d"", ""Seh1l"", ""Col5a1"", ""Fzr1"", ""Ypel2"", ""Ubr7"", ""Mex3a"", ""Pola2"", ""Pum3"", ""Psmd1"", ""Cct5"", ""Mrps12"", ""Sephs1"", ""Atad3a"", ""Tdrp"", ""Cacnb3"", ""Raf1"", ""Brca1"", ""Baz1b"", 
""Lonp1"", ""Wdr75"")"
"678","GOBP_PROTEIN_LOCALIZATION_TO_ORGANELLE","0.00369663856007742","0.0190334863630826","0.431707695803346","-0.328736942119385","-1.3569643378171","302","c(""Hnrnpm"", ""Ybx1"", ""Tomm7"", ""Hsp90aa1"", ""Romo1"", ""Ran"", ""Hspd1"", ""Larp7"", ""Txn1"", ""Ywhae"", ""Rdx"", ""Rcc2"", ""Hsp90ab1"", ""Lmnb1"", ""Ezh2"", ""Pdcd5"", ""Hnrnpu"", ""Cct8"", ""Hdgf"", ""Gnl3"", ""Cct3"", ""Trim28"", ""Dnajc15"", ""Bub3"", ""Jup"", ""Cdk1"", ""Kpna2"", ""Rad21"", ""Rpf2"", ""Tcp1"", ""Tomm40"", ""Hspa8"", ""Ssb"", ""Ddx1"", ""Srsf1"", ""Pin1"", ""Dhx9"", ""Ruvbl2"", ""Dkc1"", ""Aurkb"", ""Nutf2"", ""Aurka"", ""Rangap1"", ""Ctcf"", ""Cct7"", ""Kif20b"", ""Npm1"", ""Plk1"", ""Esco2"", ""Nup85"", ""Get4"", ""Atpif1"", ""Timm13"", ""Cse1l"", ""Bub1b"", ""Spdl1"", ""Nup107"", 
""Srp68"", ""Irs1"", ""Pak1"", ""Nup62"", ""Akirin2"", ""Kpnb1"", ""Timm50"", ""Cacng4"", ""Tinf2"", ""Taf3"", ""Ect2"", ""Pes1"", ""Ttk"", ""Rpa1"", ""Akt1"", ""Kpna3"", ""Rpa2"", ""Parp1"", ""Samm50"", ""Akap1"", ""Aifm1"", ""Pcm1"", ""Nolc1"", ""Timm17a"", ""Lmnb2"", ""Cep83"", ""Lef1"", ""Emc8"", ""Ipo5"", ""Chp2"", ""Lztfl1"", ""Bard1"", ""Nup188"", ""Pola2"", ""Mapk1"", ""Mms22l"", ""Cct5"", ""Cav2"", ""Cenpa"", ""Gm10184"", ""Trim37"", ""Limk2"", ""Phb2"", ""Brca1"", ""Sec13"", ""Sec61b"", ""Hspa4"", ""Ccdc88a"", ""Cct2"", ""Ipo9"", ""Pom121"", ""Spidr"", ""Mtch2"", ""Spag5"", ""Lgi1"", ""Nup54"", ""Zwilch"", 
""Smc5"", ""Glul"", ""Nup133"", ""Pinx1"")"
"679","GOCC_MEMBRANE_PROTEIN_COMPLEX","0.00444010728228523","0.0217455296873662","0.407017918923954","-0.327967074002311","-1.35536187352617","304","c(""Hmgb1"", ""Calm2"", ""Atp5k"", ""Atp5b"", ""Cox7c"", ""Uqcr11"", ""Atp5j2"", ""Ndufa5"", ""Tomm7"", ""Slc25a5"", ""Atp5e"", ""Ap3s1"", ""Romo1"", ""Uqcr10"", ""Cox7a2"", ""Uqcrq"", ""Hspd1"", ""Atp5g3"", ""Ndufc1"", ""Atp5g1"", ""Cox7b"", ""Ndufs6"", ""Dnajc15"", ""Atp5j"", ""Ndufb4"", ""Cox6a1"", ""Atp5h"", ""Cox5b"", ""Ndufa12"", ""Sdhb"", ""Ndufa4"", ""Jup"", ""Rpn2"", ""Ndufab1"", ""Tomm40"", ""Wdr93"", ""Ndufb7"", ""Phb"", ""Ndufb2"", ""Uqcrb"", ""Vdac1"", ""Atp5o"")"
"680","NUCKS1_TARGET_GENES","0.00164710435332692","0.0100705154225266","0.45505986738723","-0.318864004538161","-1.35225219715147","407","c(""Hmgb1"", ""Tuba1b"", ""Ncl"", ""Cbx1"", ""Set"", ""Ndufa5"", ""Atp5e"", ""Eif5a"", ""Uqcrq"", ""Snrpd3"", ""Dut"", ""Hsp90ab1"", ""Nop58"", ""Ndufc1"", ""U2af2"", ""Polr2k"", ""Hnrnpd"", ""Hdgf"", ""Anapc5"", ""Srsf10"", ""Mad1l1"", ""Higd1a"", ""Cux1"", ""Samd1"", ""Fbl"", ""Nme1"", ""Ccna2"", ""Aco2"", ""Eif4e"", ""Dnmt1"", ""Mbd3"", ""Birc5"", ""Kpna2"", ""Rpn2"", ""Lbr"", ""Tcp1"", ""Nfyb"", ""Ssbp1"", ""Syncrip"", ""Myef2"", ""Dtymk"", ""Atp5o"", ""Dhx9"", ""Nelfe"", ""Nsmce4a"", ""Gar1"", ""Cdca3"", ""Rsl24d1"", ""Srm"", ""Ppm1g"", ""Kif11"", ""Cacybp"", ""Psmc3ip"", ""Haus3"", ""Mrfap1"", ""Ppid"", 
""Lta4h"", ""Cdk4"", ""Atp5a1"", ""Uhrf1"", ""Phf5a"", ""Mrpl18"", ""Exosc3"", ""Tubg1"", ""Mogs"", ""Mrps6"", ""Elovl2"", ""Ctdspl2"", ""Mrpl57"", ""Msh6"", ""Nup107"", ""Srp68"", ""Psmg2"", ""Supt16"", ""Nyap1"", ""Pds5b"", ""Paics"", ""Serf1"", ""Mrpl15"", ""Azin1"", ""Trip13"", ""Brd3"", ""Atf1"", ""Nsun2"", ""Hsph1"", ""Cdc16"", ""Mrpl12"", ""Cdt1"", ""Fam162a"", ""Snrnp40"", ""Sfr1"", ""Ivns1abp"", ""Sfmbt1"", ""Caprin1"", ""Vkorc1l1"", ""Pold2"", ""Blm"", ""E2f8"", ""Tmcc3"", ""Fam72a"", ""Snrnp35"", ""Stub1"", ""Parp1"", ""Tdp1"", ""Gmds"", ""Dennd5b"", ""Usp5"", ""Mastl"", ""Ube2m"", ""Isoc1"", 
""Rnf187"")"
"681","CHAF1A_TARGET_GENES","0.0110759862600601","0.0447644687818497","0.380730400722792","-0.333710914635674","-1.34747278468208","239","c(""Ndufa5"", ""Xrcc6"", ""Ddx18"", ""Snrpd3"", ""Hspd1"", ""Banf1"", ""Hnrnpdl"", ""Rps27l"", ""Hnrnpd"", ""Rps17"", ""Desi1"", ""Magoh"", ""Nme1"", ""Jup"", ""Mylpf"", ""Lbr"", ""Ndufb7"", ""Ddx1"", ""Ssbp1"", ""Eif3g"", ""Agpat5"", ""Pole3"", ""Asf1b"", ""Uchl5"", ""Hspe1"", ""Rnf126"", ""Pknox1"", ""Eif2s1"", ""Psmd3"", ""Atad2"", ""Sf3a3"", ""Hdac2"", ""Ddx10"", ""Exosc3"", ""Timm13"", ""Cdkn2aipnl"", ""Denr"", ""Rbm34"", ""Srp68"", ""Eftud2"", ""Tuba1c"", ""Paics"", ""Tinf2"", ""Nuf2"", ""Ttk"", ""Epg5"", ""Pcnp"", ""Ppp1r8"", ""Akt1"", ""Foxo6"", ""Cnih4"", ""Qser1"", ""Ska1"", ""Eif1ad"", ""Taf15"", 
""Ssrp1"", ""Topbp1"", ""Naa50"", ""Anln"", ""Mphosph10"", ""Gpn3"", ""Dnajc11"", ""Exosc8"", ""Seh1l"", ""Patz1"", ""Cenpe"", ""Ppat"", ""Sdad1"", ""Las1l"", ""Enkd1"", ""Trap1"", ""Limk2"", ""Cacnb3"", ""Ap1s1"", ""Raf1"", ""Pfas"", ""Sec13"", ""Ccdc88a"", ""Dhcr24"", ""Ipo9"", ""Nip7"", ""Pom121"", ""Prmt5"", ""Dus1l"", ""Pds5a"", ""Cdca5"", ""Bms1"", ""Nup54"")"
"682","ANP32E_TARGET_GENES","0.00740138416235458","0.032727014781113","0.407017918923954","-0.322539917298242","-1.31971880724718","283","c(""Cdca7"", ""Atp5k"", ""Gapdh"", ""Top2a"", ""Slc25a5"", ""Snrpg"", ""Amd1"", ""Atp5g3"", ""Wdr43"", ""Nop58"", ""Ndufc1"", ""Atp5g1"", ""Pcbp1"", ""Srsf10"", ""Tmpo"", ""Snrpb"", ""Fbl"", ""Hibadh"", ""Nme1"", ""Tcof1"", ""Ndufa4"", ""Psmc4"", ""Kpna2"", ""Cbx5"", ""Nfatc3"", ""Phb"", ""Ndufb2"", ""Ube2c"", ""Syncrip"", ""Srsf1"", ""Hspa9"", ""Wdr12"", ""Lockd"", ""Smarcc1"", ""Rrm1"", ""Ruvbl2"", ""Cks1b"", ""Rplp2"", ""Cenpl"", ""Psmd3"", ""Sf3b4"", ""Mcm5"", ""Ddx19a"", ""Srrm1"", ""Hdac2"", ""Cyc1"", ""Lta4h"", ""Esco2"", ""Get4"", ""Marcks"", ""Tcf19"", ""Cep57"", ""Aars"", ""Incenp"", ""Timm8b"", 
""Prpf40a"", ""Supt16"", ""Naa10"", ""Akirin2"", ""Rrp15"", ""Rrp9"", ""Azin1"", ""Arhgap19"", ""Brd3"", ""Atf1"", ""Ddah2"", ""Eif3b"", ""Polr2c"", ""Hjurp"", ""Nuf2"", ""Rad51ap1"", ""Sfr1"", ""Rpl36a"", ""Mrpl13"", ""Rps26"", ""Ccar1"", ""Khsrp"", ""Hcfc1"", ""Mtx2"", ""Anapc13"", ""Dph6"", ""Rpa1"", ""Snrnp35"", ""Rpa2"", ""Tcerg1"", ""Hdac1"", ""Mastl"", ""Ssrp1"", ""Aifm1"", ""Nolc1"", ""Arl6ip6"", ""Anapc15"", ""Ddx27"", ""Txnl1"", ""Lztfl1"", ""Casp8ap2"", ""Seh1l"", ""Lrpprc"", ""Ppih"", ""Clpp"", ""Farsb"", ""Nelfa"", ""Cct5"", ""Tgs1"", ""Mrps17"", ""Zc3h8"", ""Las1l"", ""Cenpa"", ""Rab26os"", 
""Phb2"", ""Prim1"", ""Csrp1"", ""Baz1b"", ""Opa3"", ""Sart3"")"
"683","GOBP_NEGATIVE_REGULATION_OF_NUCLEOBASE_CONTAINING_COMPOUND_METABOLIC_PROCESS","0.00445667484677137","0.021762318547326","0.407017918923954","-0.306182655481069","-1.31103279399115","430","c(""Hmgb1"", ""Cbx3"", ""Satb1"", ""Ybx1"", ""Mier1"", ""Rbbp4"", ""Cbx1"", ""Hmgn2"", ""Pcna"", ""Hnrnpab"", ""Hmgb2"", ""Xrcc6"", ""Hnrnpa2b1"", ""Larp7"", ""Txn1"", ""Srsf7"", ""Pa2g4"", ""Maz"", ""Ezh2"", ""Rorc"", ""U2af2"", ""Hnrnpu"", ""Hnrnpd"", ""Hdgf"", ""Srsf10"", ""Trim28"", ""Cux1"", ""C1qbp"", ""Samd1"", ""Rbbp7"", ""Raly"", ""Drap1"", ""Sumo2"", ""Dnmt1"", ""Myb"", ""Mbd3"", ""Birc5"", ""Igf2"", ""Rnps1"", ""Hspa8"", ""Cbx5"", ""Nfatc3"", ""Nppc"", ""Phb"", ""Bcl6"", ""Srsf6"", ""Syncrip"", ""Srsf1"", ""Smarca5"", ""Myef2"", ""Suv39h1"", ""Ywhaq"", ""Rfc1"", ""Fbxo5"", ""Dhx9"", ""Pole3"", ""Cnbp"", 
""Dkc1"", ""Nelfe"", ""Lyar"", ""Aurkb"", ""Rmi2"", ""Cdk2"", ""Mxd3"", ""Hdac2"", ""Ctcf"", ""Sox4"", ""Tcf3"", ""Ppid"", ""Rbm24"", ""Npm1"", ""Plk1"", ""Uhrf1"", ""Elk3"", ""Cdkn1c"", ""Xrcc1"", ""Depdc1a"", ""Slirp"", ""Wdr5"", ""Tipin"", ""Msh6"", ""Srsf9"", ""Loxl2"", ""Strap"", ""Cenpf"", ""Akirin2"", ""Suz12"", ""Smarca4"", ""Gmnn"", ""Sfpq"", ""Sap18"", ""Nsun2"", ""Tdg"", ""Cdt1"", ""Tinf2"", ""Thap1"", ""Taf3"", ""Ptbp1"", ""Psmc5"", ""Nab2"", ""Rps26"", ""Hcfc1"", ""Sfmbt1"", ""Hnrnpc"", ""Mybbp1a"", ""Id3"", ""Mettl16"", ""Noc2l"", ""Blm"", ""Eed"", ""E2f8"")"
"684","NFE2L1_TARGET_GENES","0.00792611845337059","0.0346201746611427","0.380730400722792","-0.320925725098705","-1.31058392903615","269","c(""Ptma"", ""Anp32e"", ""Gapdh"", ""Ndufa5"", ""Hsp90aa1"", ""Srsf2"", ""Hspd1"", ""Txn1"", ""Lsm3"", ""Hsp90ab1"", ""Psmc3"", ""Rbmxl1"", ""Eif1ax"", ""Mad1l1"", ""Cct3"", ""Atp5h"", ""Rbbp7"", ""Phgdh"", ""Nme1"", ""Psmc4"", ""Ptges3"", ""Ncapd2"", ""Nars"", ""Smc3"", ""Cops5"", ""Cbx5"", ""Nap1l1"", ""Suv39h1"", ""Vdac1"", ""Ahsa1"", ""Atp5o"", ""Ruvbl1"", ""Rplp2"", ""Hspe1"", ""Nsmce4a"", ""G3bp1"", ""Cdc34"", ""Psmd3"", ""Mrps28"", ""Psma7"", ""Mxd3"", ""Psmb6"", ""Lin9"", ""Ndc80"", ""Prdx1"", ""Timm13"", ""Cdc20"", ""Rabggtb"", ""Slc7a11"", ""Dynll2"", ""Actn4"", ""Paics"", ""Psmd14"", ""Atf1"", 
""Mrpl3"", ""Eif3b"", ""Mrpl12"", ""Psmd13"", ""Cdt1"", ""Fam162a"", ""Psmb3"", ""Gins1"", ""Psmc1"", ""Faf1"", ""Psmd12"", ""Cinp"", ""Mast2"", ""Pold2"", ""Cox8a"", ""Ftsj3"", ""Marcksl1"", ""Cnih4"")"
"685","GOBP_REPRODUCTION","0.00808782551285742","0.0351391509971495","0.380730400722792","-0.306552988719384","-1.29566126640729","397","c(""H3f3b"", ""Mcm7"", ""Top2a"", ""Hmgb2"", ""Eif2s2"", ""H3f3a"", ""Larp7"", ""Tdrd5"", ""Fkbp4"", ""Mns1"", ""Smc2"", ""Cks2"", ""Cct8"", ""Smc4"", ""Cct3"", ""Trim28"", ""C1qbp"", ""Ctsl"", ""Bub3"", ""Magoh"", ""Cxcr4"", ""Spatc1l"", ""Birc5"", ""Ada"", ""Ncapd2"", ""Smc3"", ""Stag2"", ""Tcp1"", ""Ccne2"", ""Mki67"", ""Ncaph"", ""Mcm6"", ""Nppc"", ""Bcl6"", ""Fbxo5"", ""Ccnb1"", ""Ly6k"", ""Gm960"", ""Aurka"", ""Mcm5"", ""Psmc3ip"", ""Cdk2"", ""Hdac2"", ""Ctcf"", ""Racgap1"", ""Ncapd3"", ""Cct7"", ""Mcm2"", ""Lin9"", ""Ndc80"", ""Eif4h"", ""Plk1"", ""Cdkn1c"", ""Cdc20"", ""Ccnb2"", ""Tubg1"", ""Plk4"", 
""Mcm4"", ""Cep57"", ""Slirp"", ""Cacna1e"", ""Ccdc34"", ""Tdrkh"", ""Nup107"", ""Incenp"", ""Mcm3"", ""Trip13"", ""Ube2a"", ""Rad51"", ""Vdac2"", ""Nsun2"", ""Kif18a"", ""P2rx1"", ""Gmcl1"", ""Psmd13"", ""Nuf2"", ""Ndc1"", ""Rad51ap1"", ""Aaas"", ""Snrpa1"", ""Sfmbt1"", ""Ttk"", ""Mast2"", ""Sod1"", ""Rpa1"", ""Akt1"", ""Cbs"", ""E2f8"", ""Zp1"", ""Parp1"", ""Mastl"", ""Comt"", ""Topbp1"", ""Nek2"", ""Morc1"", ""Cenpc1"", ""E2f7"", ""Dld"", ""Odf2"", ""Lztfl1"", ""Xlr3b"", ""Lepr"", ""Prdx4"", ""Fzr1"", ""Patz1"", ""Cenpe"", ""Mapk1"", ""Cdc25a"", ""Cct5"", ""Ing2"", ""Fignl1"", ""Tdrp"", ""Limk2"", ""Aspm"", 
""Phb2"", ""Espl1"", ""Exo1"", ""Dhcr24"", ""Scmh1"", ""Cct2"")"
"686","GOBP_NEGATIVE_REGULATION_OF_TRANSCRIPTION_BY_RNA_POLYMERASE_II","0.0121992413065432","0.0484505878760564","0.380730400722792","-0.315216695139426","-1.28726961569242","269","c(""Hmgb1"", ""Cbx3"", ""Satb1"", ""Ybx1"", ""Mier1"", ""Rbbp4"", ""Cbx1"", ""Hmgn2"", ""Pcna"", ""Hnrnpab"", ""Hmgb2"", ""Hnrnpa2b1"", ""Larp7"", ""Txn1"", ""Maz"", ""Ezh2"", ""Rorc"", ""Hnrnpu"", ""Hdgf"", ""Trim28"", ""Cux1"", ""C1qbp"", ""Samd1"", ""Rbbp7"", ""Raly"", ""Drap1"", ""Dnmt1"", ""Myb"", ""Mbd3"", ""Igf2"", ""Cbx5"", ""Phb"", ""Bcl6"", ""Myef2"", ""Suv39h1"", ""Rfc1"", ""Pole3"", ""Cnbp"", ""Nelfe"", ""Lyar"", ""Aurkb"", ""Cdk2"", ""Mxd3"", ""Hdac2"", ""Ctcf"", ""Sox4"", ""Tcf3"", ""Ppid"", ""Plk1"", ""Uhrf1"", ""Cdkn1c"")"
"687","DPF2_TARGET_GENES","0.0062777359836117","0.0287562427044833","0.407017918923954","-0.29955449188479","-1.28593710710511","439","c(""Hmgb1"", ""Stmn1"", ""Tubb5"", ""Cbx3"", ""Satb1"", ""Srsf3"", ""St13"", ""Atp5b"", ""Ranbp1"", ""Set"", ""Gapdh"", ""Hsp90aa1"", ""Snrpg"", ""Amd1"", ""Ddx21"", ""Srsf2"", ""Ran"", ""Hmgn1"", ""Rps28"", ""Rdx"", ""Maz"", ""Psmc3"", ""Taf1d"", ""Rps27l"", ""Pcbp1"", ""Hnrnpu"", ""Thy1"", ""Hdgf"", ""Ndufs6"", ""Tmpo"", ""Cux1"", ""Pole4"", ""Ccna2"", ""Eif4e"", ""Rpl31"", ""Kpna2"", ""Rnps1"", ""Rpn2"", ""Smc3"", ""Hspa8"", ""Snrpe"", ""Npm3"", ""Ccne2"", ""Bcl6"", ""Srsf6"", ""Syncrip"", ""Hspa9"", ""Ywhaq"", ""Wdr12"", ""Dhx9"", ""Ppp1r35"", ""Gm960"", ""Ube2e3"", ""Mrps36"", ""Nol7"", ""Gm10190"", ""Mtf2"", 
""Rmi2"", ""Baiap2"", ""U2surp"", ""Psma7"", ""Haus3"", ""Haus4"", ""Racgap1"", ""Cdk4"", ""Atp5l"", ""Hnrnpr"", ""Eif4h"", ""Ccnb2"", ""Bcl7a"", ""Mrps6"", ""Cdkn2aipnl"", ""Cep57"", ""Rabggtb"", ""Apex1"", ""Slirp"", ""Wdr5"", ""Ctdspl2"", ""Psip1"", ""Kif20a"", ""Zcrb1"", ""Snhg6"", ""Tcf12"", ""Supt16"", ""Paics"", ""Mrpl15"", ""Rcc1"", ""Brd3"", ""Ube2a"", ""Kpnb1"")"
"688","PPARGC1A_TARGET_GENES","0.00855014180951988","0.0365794668974588","0.380730400722792","-0.300152511937045","-1.26786804491805","398","c(""Hmgb1"", ""Atp5k"", ""Atp5b"", ""Cycs"", ""Gapdh"", ""B930036N10Rik"", ""Ndufa5"", ""Slc25a5"", ""Uqcr10"", ""Tuba1a"", ""Uqcrq"", ""Gm15340"", ""Hspd1"", ""Banf1"", ""Psma6"", ""Atp5g3"", ""Rpl41"", ""Rrm2"", ""Atp5g1"", ""Nucks1"", ""Dnajc15"", ""Atp5j"", ""Knop1"", ""Magoh"", ""Raly"", ""Rpl36"", ""Nme1"", ""Aco2"", ""Ndufa4"", ""Ndufab1"", ""Hspa8"", ""Lsm8"", ""Ndufb7"", ""Ndufb2"", ""Ywhaq"", ""Vdac1"", ""Fbxo5"", ""Atp5o"", ""Slc16a1"", ""Slc6a19"", ""Hspe1"", ""Nelfe"", ""Gar1"", ""Gars"", ""Aurkb"", ""Usp1"", ""Psmc3ip"", ""Rpap3"", ""U2surp"", ""Mad2l1"", ""Tcf3"", ""Uck2"", ""A930003A15Rik"", 
""Atp5l"", ""Lin9"", ""Atp5a1"", ""Prdx1"", ""Pop4"", ""Phf5a"", ""Timm13"", ""Atp5c1"", ""Slc29a1"", ""Cs"", ""Rabggtb"", ""Ctdspl2"", ""Dynll2"", ""Bub1b"", ""Zcchc8"", ""Tuba1c"", ""Rrp15"", ""Rbm17"", ""Tdp2"", ""Grwd1"", ""Msl3"", ""Gmnn"", ""Atf1"", ""Kpnb1"", ""Art1"", ""Ddx56"", ""Psmd13"", ""Cdt1"", ""Fam162a"", ""Taf3"", ""Swi5"", ""Aaas"", ""Cox5a"", ""Fam98b"", ""Ect2"", ""Chchd2"", ""Faf1"", ""Tbrg4"", ""Eif3l"", ""Caprin1"", ""Mtx2"", ""Kpna3"", ""Rfc4"", ""Polr2e"", ""Atad5"", ""Stub1"", ""Samm50"", ""Pold3"", ""Eif1ad"", ""Akap1"")"
"689","REACTOME_POST_TRANSLATIONAL_PROTEIN_MODIFICATION","0.0123122023692917","0.0487978442210697","0.380730400722792","-0.301106943669592","-1.26183193676896","360","c(""Tuba1b"", ""Satb1"", ""Calm2"", ""Tubb4b"", ""Top2a"", ""Pcna"", ""Ube2s"", ""Eif5a"", ""Tuba1a"", ""Psma6"", ""Psmc3"", ""Nop58"", ""Dynll1"", ""U2af2"", ""Thy1"", ""Uba2"", ""Rbbp7"", ""Tubb2a"", ""Ccna2"", ""Sumo2"", ""Psmc4"", ""Dnmt1"", ""Cdk1"", ""Rad21"", ""Smc3"", ""Cops5"", ""Stag2"", ""Hspa8"", ""Psmc6"", ""Uchl3"", ""Ube2c"", ""Vdac1"", ""Ruvbl1"", ""Sae1"", ""Uchl5"", ""Nsmce4a"", ""Ly6k"", ""Ube2e3"", ""Aurkb"", ""Cops3"", ""Cdc34"", ""Psmd3"", ""Rangap1"", ""Psma7"", ""Ube2n"", ""Psmb6"", ""Ccnf"", ""Npm1"", ""Nup85"", ""Cdc20"", ""Calm3"", ""Leo1"", ""Cdca8"", ""Ube2t"", ""Rabggtb"", ""Wdr5"", 
""Dynll2"", ""Nsmce1"", ""Ube2l3"", ""Nup107"", ""Incenp"", ""Rad23a"", ""Nup62"", ""Tuba1c"", ""Dcun1d5"", ""Psmd14"", ""Suz12"", ""Actl6a"", ""Ube2a"", ""Vdac2"", ""Psmc2"", ""Stc2"", ""Tdg"", ""Bcl10"", ""Psmd13"", ""Psmb3"", ""Ndc1"", ""Aaas"", ""Psmc5"", ""Psmd2"", ""Psmc1"", ""Hcfc1"", ""Nsmce2"", ""Psmd12"", ""Hnrnpc"", ""Dph6"", ""Psmb7"", ""Rpa1"", ""Psmd6"", ""Blm"", ""Brcc3"", ""Parp1"", ""Gmds"", ""Usp5"", ""Psma2"", ""Hdac1"", ""Ube2m"", ""Nup37"", ""Lrr1"")"
"690","TABULA_MURIS_SENIS_GONADAL_ADIPOSE_TISSUE_ENDOTHELIAL_CELL_AGEING","0.0106666442984507","0.0433257667657299","0.380730400722792","0.302866353038546","1.29813535168067","384","c(""Rps5"", ""Rpsa"", ""Rpl17"", ""Bst2"", ""Ifi203"", ""Irf7"", ""Rpl13"", ""Rps3"", ""Rps4x"", ""Rplp0"", ""Rps10"", ""Rpl9"", ""Rps7"", ""Tmsb4x"", ""AW112010"", ""Rpl3"", ""Rps3a1"", ""Xaf1"", ""Rpl8"", ""B2m"", ""Rps20"", ""Ctss"", ""Rpl27a"", ""Prr13"", ""Igtp"", ""Naca"", ""Samhd1"", ""Fxyd5"", ""Ly6a"", ""Gbp7"", ""Ctla2a"", ""Eif2ak2"", ""Ifi35"", ""Lgals3bp"", ""Irf1"", ""Psmb9"", ""Smpdl3a"", ""Rpl14"", ""Psme2"", ""Fth1"", ""Capg"", ""Btf3"", ""Cd74"", ""Ostf1"", ""Smco4"", ""Orai1"", ""Apoe"", ""Ier2"", ""Vamp5"", ""Ifitm2"", ""Ecm1"", ""Tgtp2"", ""Atp8a1"", ""Vasp"", ""Cdkn1a"", ""Serpinb1a"", 
""Rnf125"", ""Hexb"", ""Syngr2"", ""Cd44"", ""Arhgap5"", ""Filip1l"", ""Cd63"", ""Arid5b"", ""Manf"", ""Trf"", ""Stk10"", ""Nabp2"", ""Ly6c1"", ""Tgtp1"", ""Skil"", ""Clip1"", ""Ddit4"")"
"691","GOBP_GROWTH","0.0106671286265407","0.0433257667657299","0.380730400722792","0.313066988390576","1.30898616635711","298","c(""Klf2"", ""Bst2"", ""Plac8"", ""Mndal"", ""Anxa6"", ""Smad7"", ""Ccnd2"", ""Igfbp4"", ""Naca"", ""Camk2d"", ""Rpl29"", ""Rpl4"", ""Il6ra"", ""Chd7"", ""S1pr1"", ""Lgmn"", ""Cd9"", ""Notch1"", ""Sema4a"", ""Apoe"", ""Pml"", ""Bcl2"", ""Zfp36l1"", ""Ecm1"", ""Gpx1"", ""Grn"", ""Cdkn1a"", ""Nfkbiz"", ""Ninj1"", ""Anxa1"", ""Cd44"", ""Pparg"", ""Zeb2"", ""Arid5b"", ""Itga4"", ""Smad3"", ""Rrad"", ""Heg1"", ""Acvrl1"", ""Ybx3"", ""Nfix"", ""Nrp1"", ""Pdgfrb"", ""Ahr"", ""Ly6e"", ""Hhex"", ""Hopx"", ""Cyfip1"", ""Fosl2"", ""Rarg"", ""Gata3"", ""Gpd2"", ""Smo"", ""Foxp1"", ""Capn3"", ""Cdh1"", ""Dusp10"", ""Wfs1"", 
""Cd38"", ""Ar"", ""Sema6d"")"
"692","GOBP_POSITIVE_REGULATION_OF_CELL_DIFFERENTIATION","0.00831474646324089","0.0358804145723751","0.380730400722792","0.310891840670692","1.31279136225344","343","c(""Isg15"", ""Vim"", ""Tmsb4x"", ""Stat1"", ""Smad7"", ""Gimap3"", ""Mme"", ""Runx3"", ""Rpl4"", ""Tesc"", ""Irf1"", ""Itgb3"", ""Gimap5"", ""Etv5"", ""Cd74"", ""Il7r"", ""Il2ra"", ""Ccr7"", ""Sox13"", ""Junb"", ""Notch1"", ""Apoe"", ""Bcl2"", ""Timp2"", ""Zfp36l1"", ""Ripk1"", ""Zbtb7b"", ""Vsir"", ""Eng"", ""Nfkbiz"", ""Cd40lg"", ""Ninj1"", ""Anxa1"", ""Tyrobp"", ""Ifi204"", ""Pparg"", ""Zeb2"", ""Ccl5"", ""Axl"", ""Nfkbid"", ""Trf"", ""Glipr2"", ""Smad3"", ""Rapgef2"", ""Skil"", ""Tmem64"", ""Dnmt3b"", ""Cebpb"", ""Acvrl1"", ""Runx2"", ""Fos"", ""Plxnc1"", ""Lyn"", ""Nrp1"", ""Eef2k"", ""Myc"", ""Tnfsf11"", 
""Tnfrsf1b"", ""Clcf1"", ""Il15ra"", ""Cd83"", ""Sox5"", ""Ccr2"", ""Spi1"", ""Trib1"", ""Hopx"", ""Cyfip1"", ""Runx1"", ""Lmna"", ""Lta"", ""Lgals9"", ""Gata3"", ""Ppp3ca"", ""Il18"", ""Ccl3"", ""Malt1"", ""Smo"", ""Dusp10"", ""Ar"", ""Tgfb3"", ""Id2"", ""Prkch"", ""Sgk1"", ""Gpr68"", ""Tnf"", ""Dmbt1"", ""Egr2"", ""Smad1"", ""Atxn1"", ""Fes"", ""Il15"", ""Lrp1"", ""Cysltr1"", ""Metrnl"", ""Csf1r"", ""Nin"", ""Socs3"", ""Smad4"", ""Foxp3"", ""Ccl8"", ""Trem2"", ""Tiam1"", ""Pdlim7"", ""Dkkl1"", ""Pnp"", ""Zc3h12a"")"
"693","GOBP_REGULATION_OF_HYDROLASE_ACTIVITY","0.0111015503964562","0.0448361912138564","0.380730400722792","0.318095574933896","1.32717956797331","302","c(""Rps3"", ""Gzma"", ""Stat1"", ""Ctss"", ""Oas3"", ""Oasl2"", ""Oasl1"", ""Psmb9"", ""S1pr1"", ""Rasgrp2"", ""Psme2"", ""Rasa3"", ""Lgmn"", ""Ccr7"", ""Snca"", ""Pkp4"", ""Oas1a"", ""Rpl5"", ""Cst7"", ""Pml"", ""Rsu1"", ""Pecam1"", ""Rgs1"", ""Timp2"", ""Serpina3g"", ""Ecm1"", ""Gpx1"", ""Grn"", ""Cst3"", ""Bcl2a1d"", ""Vsir"", ""Serpinb1a"", ""Rapgef4"", ""Serpinb6b"", ""Anxa1"", ""Cd44"", ""Prr7"", ""Dap"", ""Rap1gap2"", ""Slpi"", ""Pparg"", ""Nr4a1"", ""Ccl5"", ""Ikbkb"", ""Casp1"", ""Tbc1d4"", ""Cd86"", ""Smad3"", ""Rapgef2"", ""Iqgap2"", ""Oas2"", ""Atp13a2"", ""Cd300a"", ""Plaur"", ""Evi5"", ""Aim2"", 
""Furin"", ""Hsp90b1"", ""Plxnc1"", ""Lyn"", ""Dynlt1f"", ""Tnfsf10"", ""Ccl4"", ""Gpr65"", ""Pdgfrb"", ""Ahr"", ""Adora2a"", ""Myc"", ""Icam1"", ""Chn2"", ""Serpinb9"")"
"694","LYL1_TARGET_GENES","0.00253319488242808","0.0140637682969265","0.431707695803346","0.307922361400775","1.33691758867867","489","c(""Zbp1"", ""Ms4a6b"", ""Rps10"", ""Rpl9"", ""Rsad2"", ""Ifi47"", ""Prr13"", ""Runx3"", ""Ctla2a"", ""Il6ra"", ""AB124611"", ""S100a4"", ""Cd82"", ""Atp1b3"", ""Lgals1"", ""Rasgrp2"", ""Calr"", ""Nfkb1"", ""Cmpk2"", ""Pik3cd"", ""Cpa3"", ""Clec2d"", ""Dhx58"", ""Cyth4"", ""Sema4a"", ""Atp8b4"", ""Tagap"", ""Ncf4"", ""Pecam1"", ""Btla"", ""Ifit1bl1"", ""Unc119"", ""Eef1g"", ""Gm20069"", ""Inpp4b"", ""Grn"", ""Ehd1"", ""Traf1"", ""Myl4"", ""Unc93b1"", ""Sgms1"", ""Vsir"", ""Lax1"", ""Anxa1"", ""Tyrobp"", ""Cd69"", ""Stat4"", ""Cd200r1"", ""St6gal1"", ""Il18rap"", ""Zeb2"", ""Slc36a3os"", ""Itga4"", ""Ogfrl1"", 
""Dusp2"", ""Slc17a9"", ""Lbp"", ""Card6"", ""Trf"", ""Atp2b4"", ""Blvrb"", ""Smad3"", ""Napsa"", ""Myo1f"", ""Ctla2b"", ""Neurl3"", ""Iqgap2"", ""Pik3ip1"", ""Rbpms"", ""Mapkapk3"", ""Atp13a2"", ""Pld4"", ""Ttc39b"", ""Plaur"", ""Evi5"", ""Aim2"", ""Arhgef10l"", ""Furin"", ""Pqlc3"", ""Ebi3"", ""Gna15"", ""Avpi1"", ""Pgls"", ""Eef2k"", ""Adssl1"", ""Pygl"", ""P2ry14"", ""Hhex"", ""Bcl3"", ""Lat2"", ""Treml2"", ""Clec12a"", ""Hip1r"", ""Spi1"", ""Tnfsf8"", ""Fcgr3"", ""Lair1"", ""St6galnac3"", ""Fosl2"", ""Runx1"", ""Arhgap18"", ""Rarg"", ""Ccl3"", ""Fgr"", ""C030034L19Rik"", ""Ncf2"", ""Cd93"", ""Capn3"", 
""Scn1b"", ""Ier3"", ""I830077J02Rik"", ""Itgal"", ""Havcr2"", ""Il1r1"", ""Cfp"", ""Irf5"", ""Zyx"", ""Tbxas1"", ""Fry"", ""Tnfsf13b"", ""Cyp4f18"", ""Sh3bp2"", ""Ablim1"", ""Pkib"", ""Milr1"", ""Elovl5"", ""Rnase6"", ""Csf1r"", ""F630028O10Rik"", ""Glod4"", ""Cmah"", ""Mfng"", ""Smad4"", ""Nfe2"", ""Prss57"", ""Naip2"", ""Fcgr1"", ""Fgd2"", ""Asb2"", ""Spef2"", ""Scimp"", ""Luzp1"", ""Fech"", ""Map3k8"", ""Igf1"", ""Pf4"", ""Trpm2"", ""Mirt1"", ""Steap3"", ""Rgs18"", ""Rcn1"", ""Tnni2"", ""Lst1"", ""Gm20045"", ""Gfi1b"", ""Klrd1"", ""Slc11a1"", ""Cd300lf"", ""Tns1"", ""Ms4a7"", ""Cnr2"", ""Slc15a3"", 
""Csf2rb"", ""Ctse"")"
"695","MLLT3_TARGET_GENES","0.00528499410718985","0.025028440301184","0.407017918923954","0.319328656441683","1.33937909164083","323","c(""Isg15"", ""Rps5"", ""Rpl13"", ""Rpl18a"", ""Rpl18"", ""Rpl10"", ""Rpl21"", ""Rps4x"", ""Usp18"", ""Isg20"", ""Rplp0"", ""Rps10"", ""Rpl9"", ""Rpl10a"", ""Rps18"", ""Rpl3"", ""Mndal"", ""Rsad2"", ""Xaf1"", ""Rps14"", ""Eef1a1"", ""Rpl11"", ""Rps20"", ""Parp14"", ""Rpl27a"", ""S100a6"", ""Fxyd5"", ""Hspa5"", ""Rps12"", ""Rps27a"", ""Rps2"", ""Fth1"", ""Zfp36l2"", ""Tor3a"", ""Capg"", ""Rpl7a"", ""Ostf1"", ""Ifit3b"", ""Bcl2a1b"", ""Rps19"", ""Cyth4"", ""Oas1a"", ""Rpl5"", ""Evi2a"", ""Sh3bp5"", ""Eef1g"", ""Dennd2d"", ""Bcl2a1d"", ""Sgms1"", ""Rpl28"", ""Zcchc2"", ""B4galnt1"", ""Zeb2"", ""Itga4"", ""Manf"", 
""Hint1"", ""Dusp2"", ""Nfkbid"")"
"696","GOBP_CIRCULATORY_SYSTEM_DEVELOPMENT","0.00691478871647136","0.0310177698521257","0.407017918923954","0.316643040227661","1.34479097319742","355","c(""Klf2"", ""Stat1"", ""Smad7"", ""Ccnd2"", ""Sp100"", ""Naca"", ""Camk2d"", ""Pdlim4"", ""Il6ra"", ""Chd7"", ""Rnf213"", ""Pdgfa"", ""Actn2"", ""S1pr1"", ""Itgb3"", ""Pik3cd"", ""Junb"", ""Notch1"", ""Sema4a"", ""Apoe"", ""Pml"", ""Pecam1"", ""Camp"", ""Zfp36l1"", ""Pde3b"", ""Ecm1"", ""Foxo1"", ""Gpx1"", ""Grn"", ""Cdkn1a"", ""Lgals3"", ""Rora"", ""Eng"", ""Rnh1"", ""Ninj1"", ""Anxa1"", ""Cntrl"", ""Adam19"", ""Pparg"", ""Nr4a1"", ""Itga4"", ""Ccl5"", ""Cd160"", ""Atp2b4"", ""Smad3"", ""Rapgef2"", ""Heg1"", ""Acvrl1"", ""Anxa2"", ""Nfix"", ""Nrp1"", ""Pdgfrb"", ""Ahr"", ""Tnfrsf1b"", ""Ly6e"", ""Hhex"", 
""Ccr2"", ""Spi1"", ""Hopx"", ""Nfatc1"", ""Runx1"", ""Lmna"", ""Gata3"", ""Fasl"", ""Il18"", ""Cxcl10"", ""Smo"", ""Nfatc2"", ""Foxp1"", ""Vav3"", ""Chil1"", ""Hmox1"", ""Tgfb3"", ""Id2"", ""Sash1"", ""Hgf"", ""Lyl1"", ""Cybb"", ""Ctsh"", ""Mtdh"", ""Fhl2"", ""Tnf"", ""Egr2"", ""Smad1"", ""Lrp1"", ""Cysltr1"", ""Ppp1r15a"", ""Stim1"", ""Pde2a"", ""Socs3"", ""Smad4"", ""Nfe2"", ""Vcam1"", ""Mmp9"", ""Pdlim7"", ""Asb2"", ""Zc3h12a"", ""Xdh"", ""Luzp1"")"
"697","GOBP_ORGANONITROGEN_COMPOUND_CATABOLIC_PROCESS","0.00636786234446875","0.0290761867400703","0.407017918923954","0.318020038001655","1.35063911745238","355","c(""Isg15"", ""Trim30a"", ""Usp18"", ""Gzma"", ""Rps7"", ""Rnf43"", ""Rpl11"", ""Gm2a"", ""Ctss"", ""Rpl23"", ""Samd9l"", ""Samhd1"", ""Mme"", ""Hspa5"", ""P2rx7"", ""Rnf213"", ""Psmb9"", ""Herc6"", ""Smpdl3a"", ""Rps27a"", ""Calr"", ""Psme2"", ""Trim25"", ""Ube2l6"", ""Lgmn"", ""Ctsw"", ""Dtx3l"", ""Snca"", ""Notch1"", ""Rpl5"", ""Apoe"", ""Pml"", ""Ctsb"", ""Timp2"", ""Foxo1"", ""Ripk1"", ""Gpx1"", ""Grn"", ""Cst3"", ""Serpinb1a"", ""Rnf125"", ""Hexb"", ""Pglyrp1"", ""Cd44"", ""Hint1"", ""Slc17a9"", ""Psen2"", ""Atp2b4"", ""Blvrb"", ""Smad3"", ""Sdf2l1"", ""Dpp4"", ""Atp13a2"", ""Sat1"", ""Rnf149"", ""Furin"", 
""Anxa2"", ""Hsp90b1"", ""Tnfrsf1b"", ""Acadl"", ""Hdc"", ""Gda"", ""Ctsc"", ""Klhdc2"", ""Trib1"", ""Ndfip1"", ""Gns"", ""Derl3"", ""Malt1"", ""Ncf2"", ""Cblb"", ""Capn3"", ""Cdh1"", ""Ier3"", ""Wfs1"", ""Chil1"", ""Hmox1"", ""Sorl1"", ""Rnf19b"", ""Etfb"")"
"698","GOBP_POSITIVE_REGULATION_OF_DEVELOPMENTAL_PROCESS","0.00117610484287094","0.00758713304146773","0.45505986738723","0.312405445672917","1.3584897374369","477","c(""Isg15"", ""Vim"", ""Tmsb4x"", ""Stat1"", ""Irgm1"", ""Smad7"", ""Ccnd2"", ""Gimap3"", ""Igtp"", ""Naca"", ""Mme"", ""Hspa5"", ""Runx3"", ""Rpl4"", ""Tesc"", ""P2rx7"", ""Chd7"", ""Irf1"", ""Itgb3"", ""Gimap5"", ""Pik3cd"", ""Etv5"", ""Cd74"", ""Il7r"", ""Il2ra"", ""Ccr7"", ""Sox13"", ""Junb"", ""Notch1"", ""Sema4a"", ""Apoe"", ""Pml"", ""Bcl2"", ""Camp"", ""Timp2"", ""Zfp36l1"", ""Ecm1"", ""Ripk1"", ""Grn"", ""Ehd1"", ""Lgals3"", ""Zbtb7b"", ""Vsir"", ""Eng"", ""Nfkbiz"", ""Cd40lg"", ""Irgm2"", ""Ninj1"", ""Anxa1"", ""Tyrobp"", ""Ifi204"", ""Pparg"", ""Zeb2"", ""Ccl5"", ""Axl"", ""Nfkbid"", ""Trf"", ""Glipr2"", 
""Smad3"", ""Rapgef2"", ""Skil"", ""Tmem64"", ""Clip1"", ""Dnmt3b"", ""Cebpb"", ""Acvrl1"", ""Ybx3"", ""Runx2"", ""Fos"", ""Plxnc1"", ""Lyn"", ""Nrp1"", ""Eef2k"", ""Myc"", ""Tnfsf11"", ""Tnfrsf1b"", ""Clcf1"", ""Il15ra"", ""Cd83"", ""Sox5"", ""Ccr2"", ""Spi1"", ""Trib1"", ""Hopx"", ""Cyfip1"", ""Runx1"", ""Lmna"", ""Lta"", ""Lgals9"", ""Gata3"", ""Ppp3ca"", ""Il18"", ""Ccl3"", ""Malt1"", ""Smo"", ""Nfatc2"", ""Capn3"", ""Dusp10"", ""Chil1"", ""Hmox1"", ""Sorl1"", ""Ar"", ""Tgfb3"", ""Id2"", ""Sash1"", ""Hgf"", ""Prkch"", ""Cybb"", ""Tnfsf13b"", ""Sgk1"", ""Ctsh"", ""Mtdh"", ""Gpr68"", ""Tnf"", ""Serp1"", ""Dmbt1"", 
""Egr2"", ""Smad1"", ""Atxn1"", ""Fes"", ""Il15"", ""Lrp1"", ""Cysltr1"", ""Metrnl"", ""Stim1"", ""Csf1r"", ""Nin"", ""Socs3"", ""Smad4"", ""Foxp3"", ""Ccl8"", ""Trem2"", ""Mmp9"", ""Tiam1"", ""Pdlim7"", ""Amigo2"", ""Dkkl1"", ""Pnp"", ""Zc3h12a"")"
"699","MIR_669C_3P","0.0024318474775764","0.0136464239568499","0.431707695803346","0.323747009077968","1.36793745018934","344","c(""Ms4a6b"", ""Rsad2"", ""Cytip"", ""Ifit3"", ""Smad7"", ""Igfbp4"", ""Slfn5"", ""Oas3"", ""Ikzf2"", ""Chd7"", ""Herc6"", ""Itgb3"", ""Atp1b3"", ""Lfng"", ""Pde7a"", ""Apobec3"", ""Sp110"", ""Trim25"", ""Smco4"", ""Ifit3b"", ""Orai1"", ""Junb"", ""Gpr146"", ""Il18r1"", ""Btla"", ""Aak1"", ""Ms4a6d"", ""Foxo1"", ""Ms4a4c"", ""Lgals3"", ""Rora"", ""Zbtb7b"", ""Sgms1"", ""St3gal5"", ""Adam19"", ""Ogfrl1"", ""Ikbkb"", ""Dusp2"", ""St8sia4"", ""Kif1b"", ""Skil"", ""Zfp467"", ""Sat1"", ""Naaa"", ""Zbtb7a"", ""Chst15"", ""Plxnc1"", ""Tnfsf10"", ""Eef2k"", ""Ahr"", ""Slc16a10"", ""Tnfrsf1b"", ""Il15ra"", ""Gda"", 
""Ctsc"", ""Sox5"", ""Nab1"", ""Trib1"", ""Fosl2"", ""Plet1"", ""Nfat5"", ""Nfatc2"", ""Slc40a1"", ""Foxp1"", ""Ankrd44"", ""Wfs1"", ""Vav3"", ""Klf6"", ""Sema6d"", ""Rnf19b"", ""Decr1"", ""Crim1"", ""Cpne3"", ""Mmp12"", ""Hectd2"", ""Arhgap26"", ""Pbx1"", ""Gnb4"", ""Atxn1"", ""Pkib"", ""Elovl5"", ""Ms4a4a"", ""Camkk2"", ""C2cd5"", ""Cd3d"", ""Tigit"")"
"700","GOBP_PROTEIN_CATABOLIC_PROCESS","0.00873411121129843","0.0371864348899751","0.380730400722792","0.330893116637534","1.36889270063915","263","c(""Isg15"", ""Trim30a"", ""Usp18"", ""Gzma"", ""Rps7"", ""Rnf43"", ""Rpl11"", ""Ctss"", ""Rpl23"", ""Samd9l"", ""Mme"", ""Hspa5"", ""P2rx7"", ""Rnf213"", ""Psmb9"", ""Herc6"", ""Rps27a"", ""Calr"", ""Psme2"", ""Trim25"", ""Ube2l6"", ""Lgmn"", ""Ctsw"", ""Dtx3l"", ""Snca"", ""Notch1"", ""Rpl5"", ""Apoe"", ""Pml"", ""Ctsb"", ""Timp2"", ""Foxo1"", ""Ripk1"", ""Gpx1"", ""Grn"", ""Cst3"", ""Serpinb1a"", ""Rnf125"", ""Slc17a9"", ""Psen2"", ""Smad3"", ""Sdf2l1"", ""Dpp4"", ""Atp13a2"", ""Rnf149"", ""Furin"", ""Anxa2"", ""Hsp90b1"", ""Tnfrsf1b"", ""Ctsc"", ""Klhdc2"", ""Trib1"", ""Ndfip1"", ""Derl3"", ""Malt1"", 
""Cblb"", ""Capn3"", ""Cdh1"", ""Ier3"", ""Wfs1"", ""Sorl1"", ""Rnf19b"")"
"701","MIR_466D_5P","0.00402390190516691","0.0203322268071649","0.407017918923954","0.331595235784266","1.37995291296466","277","c(""Gng2"", ""Sp100"", ""Maf"", ""Gbp7"", ""Runx3"", ""P2rx7"", ""Chd7"", ""Fam169b"", ""Trim30d"", ""Pitpnc1"", ""Cd274"", ""Tor3a"", ""Dtx3l"", ""Mta3"", ""Sh3bp5"", ""Il18r1"", ""Vamp5"", ""Pecam1"", ""Aak1"", ""Bcl2"", ""Ms4a4c"", ""Rora"", ""Zbtb7b"", ""Irgm2"", ""Zeb2"", ""Itga4"", ""Pou2f2"", ""Ipcef1"", ""Cd160"", ""Lbp"", ""Stk10"", ""Iqgap2"", ""Ehd4"", ""Ttc39b"", ""Eef2k"", ""Csf2ra"", ""Lcp2"", ""Ctsc"", ""Treml2"", ""Sox5"", ""Nab1"", ""Cyfip1"", ""Gria3"", ""Runx1"", ""Nfat5"", ""Smo"", ""Bst1"", ""Rras2"", ""Creg1"", ""Havcr2"", ""Klf6"", ""Lpp"", ""Mmp12"", ""Itga9"", ""Gpr68"", ""Arhgap26"", 
""Atxn1"", ""Nr4a2"", ""Ifi44"", ""Elovl5"", ""F830016B08Rik"", ""Orai2"", ""Metrnl"", ""Cyth3"", ""Cmah"", ""Tcp11l1"", ""Elovl6"", ""Zfp318"", ""P2ry13"", ""Cdk6"", ""Fech"", ""Tmem141"", ""Msrb3"", ""Snrpn"", ""Tns1"", ""Ctse"", ""Spock2"", ""B4galt5"", ""Slc7a8"", ""Rab11fip1"", ""Lrrc32"", ""Itgam"", ""Bach2"", ""Egr3"", ""Zfp704"", ""Nipal1"", ""Cmklr1"", ""Maml3"", ""Nav1"", ""Kcnj15"", ""Carm1"", ""Cd33"", ""Tnfrsf11a"", ""Srxn1"", ""Erg"", ""Rreb1"", ""Bicd1"", ""Nmrk1"", ""Sh3bgrl2"", ""Mfsd6"", ""Prr5l"", ""Diaph2"", ""Thsd7a"")"
"702","MIR_466K","0.00402390190516691","0.0203322268071649","0.407017918923954","0.331595235784266","1.37995291296466","277","c(""Gng2"", ""Sp100"", ""Maf"", ""Gbp7"", ""Runx3"", ""P2rx7"", ""Chd7"", ""Fam169b"", ""Trim30d"", ""Pitpnc1"", ""Cd274"", ""Tor3a"", ""Dtx3l"", ""Mta3"", ""Sh3bp5"", ""Il18r1"", ""Vamp5"", ""Pecam1"", ""Aak1"", ""Bcl2"", ""Ms4a4c"", ""Rora"", ""Zbtb7b"", ""Irgm2"", ""Zeb2"", ""Itga4"", ""Pou2f2"", ""Ipcef1"", ""Cd160"", ""Lbp"", ""Stk10"", ""Iqgap2"", ""Ehd4"", ""Ttc39b"", ""Eef2k"", ""Csf2ra"", ""Lcp2"", ""Ctsc"", ""Treml2"", ""Sox5"", ""Nab1"", ""Cyfip1"", ""Gria3"", ""Runx1"", ""Nfat5"", ""Smo"", ""Bst1"", ""Rras2"", ""Creg1"", ""Havcr2"", ""Klf6"", ""Lpp"", ""Mmp12"", ""Itga9"", ""Gpr68"", ""Arhgap26"", 
""Atxn1"", ""Nr4a2"", ""Ifi44"", ""Elovl5"", ""F830016B08Rik"", ""Orai2"", ""Metrnl"", ""Cyth3"", ""Cmah"", ""Tcp11l1"", ""Elovl6"", ""Zfp318"", ""P2ry13"", ""Cdk6"", ""Fech"", ""Tmem141"", ""Msrb3"", ""Snrpn"", ""Tns1"", ""Ctse"", ""Spock2"", ""B4galt5"", ""Slc7a8"", ""Rab11fip1"", ""Lrrc32"", ""Itgam"", ""Bach2"", ""Egr3"", ""Zfp704"", ""Nipal1"", ""Cmklr1"", ""Maml3"", ""Nav1"", ""Kcnj15"", ""Carm1"", ""Cd33"", ""Tnfrsf11a"", ""Srxn1"", ""Erg"", ""Rreb1"", ""Bicd1"", ""Nmrk1"", ""Sh3bgrl2"", ""Mfsd6"", ""Prr5l"", ""Diaph2"", ""Thsd7a"")"
"703","GRAESSMANN_RESPONSE_TO_MC_AND_DOXORUBICIN_UP","0.00954520141666228","0.0399283224832664","0.380730400722792","0.347722436627191","1.38387260835317","191","c(""Stat1"", ""Irgm1"", ""Igtp"", ""Il6ra"", ""Emp3"", ""Lgals3bp"", ""Pdgfa"", ""Cotl1"", ""Pitpnc1"", ""Sp110"", ""Tor3a"", ""Capg"", ""Trafd1"", ""Mx1"", ""Gpr146"", ""Aldh2"", ""Tnfrsf18"", ""Gem"", ""Ctsb"", ""Ifi30"", ""Cdkn1a"", ""Ahnak"", ""Ppm1m"", ""Hexb"", ""Ninj1"", ""Cntrl"", ""Nr4a1"", ""Ogfrl1"", ""Msrb1"", ""Lactb"", ""Ldlrap1"", ""Atp13a2"", ""Ehd4"", ""Pqlc3"", ""Cd68"", ""Ass1"", ""Coro2a"", ""Lgals9"", ""Gata3"", ""Il18"", ""Gns"", ""Scn1b"", ""Hmox1"", ""Sord"", ""Klf6"", ""Tgfb3"", ""St6galnac4"", ""Crip2"", ""Mafg"", ""Endod1"", ""Egr2"", ""Il15"", ""Rogdi"", ""Ppp1r15a"", ""Stim1""
)"
"704","GOBP_CIRCULATORY_SYSTEM_PROCESS","0.0113418792359442","0.0456460894162388","0.380730400722792","0.35465297974431","1.3847133166054","168","c(""Klf2"", ""Smad7"", ""Camk2d"", ""Chd7"", ""Add3"", ""Cpa3"", ""Apoe"", ""Gpx1"", ""Myl4"", ""Eng"", ""Stk39"", ""Hdac4"", ""Pparg"", ""Zeb2"", ""Faah"", ""Manf"", ""Psen2"", ""Atp2b4"", ""Smad3"", ""Heg1"", ""Acvrl1"", ""Nampt"", ""Ramp3"", ""Ccl4"", ""Dusp5"", ""Ahr"", ""Adora2a"", ""Icam1"", ""Gch1"", ""Hopx"", ""Il18"", ""Ncf2"", ""P2rx4"", ""Scn1b"", ""Ier3"", ""Cd38"", ""Hmox1"", ""Ar"", ""Id2"", ""Tbxas1"", ""Tnf"", ""Lrp1"", ""Cysltr1"", ""Pde2a"", ""Thra"")"
"705","GOBP_NEGATIVE_REGULATION_OF_MOLECULAR_FUNCTION","0.00549116037048794","0.0258553404965093","0.407017918923954","0.331434802839869","1.38630541963636","311","c(""Gzma"", ""Rps7"", ""Parp9"", ""Rpl11"", ""B2m"", ""Smad7"", ""Sp100"", ""Rpl23"", ""Camk2d"", ""Actn2"", ""Itgb3"", ""Nfkb1"", ""Dtx3l"", ""Snca"", ""Notch1"", ""Rpl5"", ""Apoe"", ""Sh3bp5"", ""Cst7"", ""Pml"", ""Gem"", ""Pecam1"", ""Timp2"", ""Serpina3g"", ""Ecm1"", ""Gpx1"", ""Grn"", ""Cdkn1a"", ""Cst3"", ""Bcl2a1d"", ""Serpinb1a"", ""Eng"", ""Lax1"", ""Stk39"", ""Serpinb6b"", ""Anxa1"", ""Ubash3b"", ""Cd44"", ""Nlrc5"", ""Dap"", ""Hdac4"", ""Slpi"", ""Pparg"", ""Ifit2"", ""Nr4a1"", ""Itga4"", ""Ikbkb"", ""Anxa4"", ""Adgrg3"", ""Nfkbid"", ""Tnfrsf4"", ""Psen2"", ""Atp2b4"", ""Dtnbp1"", ""Gadd45b"", 
""Rrad"", ""Heg1"", ""Pik3ip1"", ""Cd300a"", ""Plaur"", ""Gadd45g"", ""Aim2"", ""Lyn"", ""Ramp3"", ""Ahr"", ""Adora2a"", ""Myc"", ""Hhex"", ""Serpinb9"", ""Bcl3"", ""Bhlhe40"", ""Spi1"", ""Trib1"", ""Ndfip1"", ""Plscr1"", ""Ppp3ca"", ""Smo"", ""Cblb"", ""Dusp10"", ""Wfs1"", ""Hmox1"", ""Havcr2"", ""Sorl1"", ""Mvp"", ""Id2"", ""Hgf"", ""Prkch"")"
"706","NFATC2_TARGET_GENES","0.00166603682889417","0.0101430161504332","0.45505986738723","0.328494086312707","1.38773293731794","335","c(""Isg20"", ""Nkg7"", ""Rpl11"", ""Slfn8"", ""Ikzf2"", ""Fxyd5"", ""Hspa5"", ""Rpl29"", ""Oasl2"", ""S100a4"", ""Cd82"", ""Gpr18"", ""Nfkb1"", ""Gimap5"", ""Phf11b"", ""Capg"", ""Cd74"", ""Il7r"", ""Rilpl2"", ""Notch1"", ""Oas1a"", ""Apoe"", ""Evi2a"", ""Sh3bp5"", ""Atp8b4"", ""Cst7"", ""Tagap"", ""Glrx"", ""Pecam1"", ""Frmd4b"", ""Aak1"", ""Eef1g"", ""Grn"", ""Ehd1"", ""Cst3"", ""Bcl2a1d"", ""Ubash3b"", ""Cd200r1"", ""Tm6sf1"", ""Il18rap"", ""Zeb2"", ""Gpr171"", ""Nr4a1"", ""Slc36a3os"", ""Itga4"", ""Pou2f2"", ""Hint1"", ""Ipcef1"", ""Nfkb2"", ""Nfkbid"", ""Cpt1a"", ""Iqch"", ""Ehd4"", ""Ttc39b"", ""Aim2"", 
""Furin"", ""Orai3"", ""Pqlc3"", ""Fos"", ""Ccl4"", ""Arhgap39"", ""Cish"", ""Lcp2"", ""P2ry14"", ""Ctsc"", ""Apobr"", ""Gch1"", ""Tnfsf8"", ""Lmna"", ""Arhgap18"", ""Plscr1"", ""Ccl3"", ""Fgr"", ""Atf6"", ""Scn1b"", ""Ier3"", ""Vav3"", ""Havcr2"", ""Litaf"", ""Irf5"", ""Tbxas1"", ""Ccdc50"", ""Cisd3"", ""Eea1"", ""Sgk1"", ""Crem"", ""Mtdh"", ""Gpr68"", ""Tnf"", ""Egr2"", ""Trps1"", ""Fscn1"", ""Nr4a2"", ""Clec4e"", ""Milr1"")"
"707","GOBP_ANATOMICAL_STRUCTURE_FORMATION_INVOLVED_IN_MORPHOGENESIS","0.00182384886476523","0.0108955971244048","0.45505986738723","0.330938546882012","1.39744183972844","343","c(""Klf2"", ""Rps7"", ""Stat1"", ""Sp100"", ""Rnf213"", ""Pdgfa"", ""Actn2"", ""S1pr1"", ""Itgb3"", ""Lfng"", ""Pik3cd"", ""Cd9"", ""Junb"", ""Notch1"", ""Sema4a"", ""Pml"", ""Pecam1"", ""Actn1"", ""Camp"", ""Pde3b"", ""Ecm1"", ""Gpx1"", ""Vasp"", ""Grn"", ""Ehd1"", ""Lgals3"", ""Rora"", ""Eng"", ""Rnh1"", ""Ninj1"", ""Anxa1"", ""Cd44"", ""Tyrobp"", ""Pparg"", ""Zeb2"", ""Nr4a1"", ""Ccl5"", ""Casp1"", ""Cd160"", ""Dusp2"", ""Nfkb2"", ""Psen2"", ""Atp2b4"", ""Smad3"", ""Skil"", ""Acvrl1"", ""Furin"", ""Anxa2"", ""Nfix"", ""Nrp1"", ""Dusp5"", ""Pdgfrb"", ""Ahr"", ""Hhex"", ""Bcl3"", ""Nr4a3"", ""Ccr2"", ""Hopx"", 
""Nfatc1"", ""Agfg1"", ""Runx1"", ""Rarg"", ""Gata3"", ""Fasl"", ""Il18"", ""Cxcl10"", ""Smo"", ""Nfatc2"", ""Slc40a1"", ""Capn3"", ""Cdh1"", ""Vav3"", ""Chil1"", ""Hmox1"", ""Ar"", ""Tgfb3"", ""Sash1"", ""Hgf"", ""Cybb"", ""Fam20a"", ""Tnfsf13b"", ""Ctsh"", ""Mtdh"", ""Fhl2"", ""Tnf"", ""Egr2"", ""Smad1"", ""Cysltr1"", ""Ppp1r15a"", ""Stim1"", ""Csf1r"", ""Mfng"", ""Smad4"", ""Krt8"", ""Nfe2"", ""Ccl8"", ""Trem2"", ""Mmp9"")"
"708","MIR_6903_3P","0.00930457802364128","0.0390928607806467","0.380730400722792","0.356732918044207","1.4071510182253","183","c(""Sp100"", ""Maf"", ""Runx3"", ""Chd7"", ""Fam169b"", ""Cd274"", ""Mta3"", ""Sh3bp5"", ""Il18r1"", ""Vamp5"", ""Aak1"", ""Bcl2"", ""Ms4a4c"", ""Rora"", ""Nlrc5"", ""Zeb2"", ""Ipcef1"", ""Cd160"", ""Lbp"", ""Stk10"", ""Iqgap2"", ""Skil"", ""Eef2k"", ""Csf2ra"", ""Lcp2"", ""Ctsc"", ""Treml2"", ""Sox5"", ""Nab1"", ""Gria3"", ""Runx1"", ""Gm4841"", ""Nfat5"", ""Smo"", ""Creg1"", ""Havcr2"", ""Ar"", ""Klf6"", ""Lpp"", ""Itga9"", ""Gpr68"", ""Arhgap26"", ""Atxn1"", ""Nr4a2"", ""Ifi44"", ""Elovl5"", ""Orai2"", ""Metrnl"", ""Mdfic"", ""Cmah"", ""Tcp11l1"", ""Elovl6"", ""Zfp318"", ""Cdk6"", ""Msrb3"", ""Snrpn"", 
""Tns1"", ""Ctse"", ""Slc7a8"", ""Rab11fip1"", ""Hs3st3b1"", ""Lrrc32"", ""Itgam"", ""Zfp704"", ""Maml3"", ""Kcnj15"", ""Cd33"", ""Tnfrsf11a"", ""Erg"", ""Nmrk1"", ""Sh3bgrl2"", ""Mfsd6"", ""Prr5l"")"
"709","GOMF_LIPID_BINDING","0.00496718583318656","0.0237832199211831","0.407017918923954","0.3424276329595","1.40833953849337","254","c(""Anxa6"", ""Irgm1"", ""Igtp"", ""Mme"", ""P2rx7"", ""Actn2"", ""S1pr1"", ""Sell"", ""Pitpnc1"", ""Alox5ap"", ""Capg"", ""Cyth4"", ""Snca"", ""Apoe"", ""Ncf4"", ""Unc119"", ""Camp"", ""Inpp4b"", ""Ighm"", ""Rora"", ""Esyt1"", ""Snx10"", ""Irgm2"", ""Ninj1"", ""Anxa1"", ""Osbpl3"", ""Prr7"", ""Zcchc2"", ""Pparg"", ""Nr4a1"", ""Faah"", ""Manf"", ""Axl"", ""Anxa4"", ""Lbp"", ""Mvb12a"", ""Rapgef2"", ""Iqgap2"", ""Ldlrap1"", ""Fyb"", ""Atp13a2"", ""Cd300a"", ""Anxa2"", ""Gpr183"", ""Lyn"", ""Adora2a"", ""Acadl"", ""Sidt1"", ""Cd55"", ""Phlda1"", ""Hip1r"", ""Syt11"", ""Pltp"", ""Apol9b"", ""Gramd1b"", ""Ar"", 
""Stard3nl"", ""Cpne3"", ""Eea1"", ""Pla2g4a"", ""Arhgap26"", ""Dmbt1"", ""Svil"", ""Fes"", ""Clec4e"", ""Casp4"", ""Hck"", ""C2cd5"", ""Cyth3"", ""Ffar2"", ""Ncf1"", ""Fabp4"", ""Trem2"", ""Tiam1"", ""Fgd2"", ""Sytl2"", ""Snx8"", ""Dgka"", ""Lpl"", ""Abca1"", ""Igf1"", ""Bpifc"", ""Snx18"", ""C3"", ""Slc22a2"", ""Cd300lf"")"
"710","REL_TARGET_GENES","0.00798240154702806","0.0347601160760865","0.380730400722792","0.353451665200118","1.40910057429314","195","c(""Oas3"", ""Gbp7"", ""Gbp9"", ""Ddx60"", ""S100a4"", ""Oasl1"", ""Rnf213"", ""Nfkb1"", ""Gbp2"", ""Capg"", ""Cd74"", ""Il7r"", ""Fcer1g"", ""Lcp1"", ""Sema4a"", ""Ier2"", ""Relb"", ""Gbp3"", ""Dennd2d"", ""Gbp5"", ""Ehd1"", ""Traf1"", ""Nfkbiz"", ""Snx10"", ""Cd44"", ""Slpi"", ""Arid5b"", ""Itga4"", ""Tbc1d4"", ""Nfkb2"", ""Cd86"", ""Stk10"", ""Napsa"", ""Rapgef2"", ""Neurl3"", ""Fyb"", ""Gadd45b"", ""Slc2a3"", ""Smim10l1"", ""Furin"", ""Stx11"", ""Ebi3"", ""Il10ra"", ""Lat2"", ""Ikzf4"", ""Gch1"", ""Lair1"", ""Nfatc1"", ""Lmna"", ""Rarg"", ""Birc3"", ""Plscr1"", ""Cxcl10"", ""Ccl3"", ""Malt1"", ""Gramd1b"", 
""Pdzk1ip1"", ""Cfp"", ""Etfb"", ""Hgf"", ""Ccdc50"", ""Atxn1"", ""Trps1"", ""Clec4e"", ""Casp4"", ""Orai2"", ""Csf1r"", ""Mdfic"", ""C1qc"", ""Ccl6"", ""Serpina3f"", ""Zc3h12a"", ""Osgin1"", ""Cited2"", ""Abca1"", ""Etv6"", ""C3"", ""Mcemp1"", ""Slc15a3"", ""Mir155hg"", ""Rab11fip1"", ""Lcn2"", ""Cyld"", ""Ccl17"", ""Fli1"")"
"711","GOBP_POSITIVE_REGULATION_OF_CELL_ACTIVATION","0.00645679241770798","0.0293886543774248","0.407017918923954","0.355946144930486","1.40994817926631","189","c(""Rps3"", ""B2m"", ""Irgm1"", ""Gimap3"", ""Runx3"", ""Irf1"", ""Lgals1"", ""Gimap5"", ""Cd274"", ""Cd74"", ""Il7r"", ""Il2ra"", ""Ccr7"", ""Sox13"", ""Fcer1g"", ""Bcl2"", ""Ighm"", ""Cdkn1a"", ""Zbtb7b"", ""Vsir"", ""Icos"", ""Nfkbiz"", ""Cd40lg"", ""Anxa1"", ""Tyrobp"", ""Ccl5"", ""Axl"", ""Cd160"", ""Nfkbid"", ""Lbp"", ""Tnfrsf4"", ""Cd86"", ""Dpp4"", ""Gpr183"", ""Pdgfrb"", ""Tnfsf11"", ""Clcf1"", ""Aif1"", ""Il15ra"", ""Ctsc"", ""Pdcd1lg2"", ""Cd55"", ""Cd83"", ""Nr4a3"", ""Ccr2"", ""Spi1"", ""Runx1"", ""Lgals9"", ""Gata3"", ""Ppp3ca"", ""Il18"", ""Malt1"", ""Fgr"", ""Smo"", ""Nfatc2"", ""Capn3"", ""Bst1"", 
""Dusp10"", ""Vav3"", ""Cd38"", ""Itgal"", ""Havcr2"")"
"712","GOBP_G_PROTEIN_COUPLED_RECEPTOR_SIGNALING_PATHWAY","0.00798240154702806","0.0347601160760865","0.380730400722792","0.353736313848813","1.41023537888975","195","c(""Gng2"", ""Actn2"", ""S1pr1"", ""Itgb3"", ""Gpr18"", ""Orai1"", ""Ccr7"", ""Snca"", ""Apoe"", ""S1pr4"", ""Rgs1"", ""Rapgef4"", ""Ptgir"", ""Anxa1"", ""Gpr171"", ""Ccl5"", ""Adgrg3"", ""Atp2b4"", ""Rapgef2"", ""Rgs3"", ""Iqgap2"", ""Ccr4"", ""Ccrl2"", ""Gna15"", ""Gpr183"", ""Ramp3"", ""Ccl4"", ""Gpr65"", ""Cish"", ""Adora2a"", ""P2ry14"", ""Ccr2"", ""Ppp3ca"", ""Cxcl10"", ""Ccl3"", ""Smo"", ""Sorl1"", ""Cxcr6"", ""Gna14"", ""Gpr68"", ""Gnb4"", ""Lrp1"", ""Cysltr1"", ""Gpr83"", ""Stim1"", ""Pde2a"", ""Sstr2"", ""Ffar2"", ""Zdhhc3"", ""Entpd1"", ""Ccl8"", ""Ccl6"", ""P2ry13"", ""Gpr34"", ""Ltb4r1"", ""Dgka"", 
""Abca1"", ""Cxcr5"", ""Rgs18"", ""C3"", ""C5ar1"", ""Kctd12"", ""Cnr2"")"
"713","GOBP_VASCULATURE_DEVELOPMENT","0.00515733147377278","0.0245658604668496","0.407017918923954","0.345189240526467","1.41259508542884","248","c(""Klf2"", ""Stat1"", ""Smad7"", ""Sp100"", ""Il6ra"", ""Chd7"", ""Rnf213"", ""Pdgfa"", ""S1pr1"", ""Itgb3"", ""Pik3cd"", ""Junb"", ""Notch1"", ""Sema4a"", ""Apoe"", ""Pml"", ""Pecam1"", ""Camp"", ""Zfp36l1"", ""Pde3b"", ""Ecm1"", ""Foxo1"", ""Gpx1"", ""Grn"", ""Lgals3"", ""Rora"", ""Eng"", ""Rnh1"", ""Ninj1"", ""Anxa1"", ""Cntrl"", ""Pparg"", ""Nr4a1"", ""Ccl5"", ""Cd160"", ""Atp2b4"", ""Rapgef2"", ""Heg1"", ""Acvrl1"", ""Anxa2"", ""Nrp1"", ""Pdgfrb"", ""Ahr"", ""Hhex"", ""Ccr2"", ""Spi1"", ""Nfatc1"", ""Runx1"", ""Fasl"", ""Il18"", ""Cxcl10"", ""Smo"", ""Nfatc2"", ""Vav3"", ""Chil1"", ""Hmox1"", ""Sash1"", 
""Hgf"", ""Lyl1"", ""Cybb"", ""Ctsh"", ""Mtdh"", ""Tnf"", ""Egr2"", ""Smad1"", ""Lrp1"", ""Cysltr1"", ""Ppp1r15a"", ""Stim1"", ""Pde2a"", ""Socs3"", ""Nfe2"", ""Mmp9"", ""Zc3h12a"", ""Xdh"", ""Luzp1"", ""Cited2"", ""Igf1"", ""Jun"", ""C3"", ""Plk2"", ""C5ar1"", ""Ephb2"", ""Pdgfb"")"
"714","GOBP_REGULATION_OF_SECRETION","0.0055063468773611","0.0258919667921808","0.407017918923954","0.356985268767732","1.41346755045272","188","c(""Rsad2"", ""P2rx7"", ""Chd7"", ""Blk"", ""Cd74"", ""Orai1"", ""Snca"", ""Notch1"", ""Fcer1g"", ""Apoe"", ""Myo6"", ""Pde3b"", ""Foxo1"", ""Lgals3"", ""Rapgef4"", ""Stk39"", ""Anxa1"", ""Pparg"", ""Ccl5"", ""Cd160"", ""Cpt1a"", ""Dtnbp1"", ""Oas2"", ""Atp13a2"", ""Cd300a"", ""Anxa2"", ""Lyn"", ""Adora2a"", ""Tnfsf11"", ""Tnfrsf1b"", ""Clcf1"", ""Ccr2"", ""Hip1r"", ""Spi1"", ""Syt11"", ""Rab27a"", ""Runx1"", ""Lgals9"", ""Ppp3ca"", ""Fgr"", ""Cd38"", ""Hmox1"", ""Tgfb3"", ""Frmd4a"", ""Gpr68"", ""Tnf"", ""Serp1"", ""Pla2g4a"", ""Fes"", ""Lrp1"", ""Oxct1"", ""Mctp1"", ""Stim1"", ""Nr1h3"", ""Ffar2"", ""Smad4"", 
""Entpd1"", ""Hfe"", ""Trem2"", ""Tiam1"", ""Nucb2"", ""Sytl2"")"
"715","GOBP_POSITIVE_REGULATION_OF_LYMPHOCYTE_ACTIVATION","0.0116876559120013","0.0468077560442232","0.380730400722792","0.362387021736769","1.41371420854673","157","c(""Rps3"", ""B2m"", ""Irgm1"", ""Gimap3"", ""Runx3"", ""Irf1"", ""Lgals1"", ""Gimap5"", ""Cd274"", ""Cd74"", ""Il7r"", ""Il2ra"", ""Ccr7"", ""Sox13"", ""Bcl2"", ""Ighm"", ""Cdkn1a"", ""Zbtb7b"", ""Vsir"", ""Icos"", ""Nfkbiz"", ""Cd40lg"", ""Anxa1"", ""Tyrobp"", ""Ccl5"", ""Axl"", ""Cd160"", ""Nfkbid"", ""Tnfrsf4"", ""Cd86"", ""Dpp4"", ""Gpr183"", ""Tnfsf11"", ""Clcf1"", ""Aif1"", ""Il15ra"", ""Pdcd1lg2"", ""Cd55"", ""Cd83"", ""Ccr2"", ""Spi1"", ""Runx1"", ""Lgals9"", ""Gata3"", ""Ppp3ca"", ""Il18"", ""Malt1"", ""Nfatc2"", ""Bst1"", ""Dusp10"", ""Vav3"", ""Cd38"", ""Itgal"", ""Havcr2"")"
"716","GOBP_RESPONSE_TO_ENDOGENOUS_STIMULUS","0.00042107705373046","0.00325894318912846","0.49849310876659","0.329220352899404","1.41841777660689","449","c(""Rps3"", ""Vim"", ""Stat1"", ""Eef1a1"", ""Smad7"", ""Rpl23"", ""Mme"", ""Ly6a"", ""Hspa5"", ""Runx3"", ""Irf1"", ""Actn2"", ""Itgb3"", ""Calr"", ""Nfkb1"", ""Rps6"", ""Pik3cd"", ""Zfp36l2"", ""Trim25"", ""Lgmn"", ""Cd9"", ""Orai1"", ""Ccr7"", ""Notch1"", ""Fcer1g"", ""Apoe"", ""Ier2"", ""Pml"", ""Bcl2"", ""Pmepa1"", ""Timp2"", ""Serpina3g"", ""Zfp36l1"", ""Pde3b"", ""Foxo1"", ""Ripk1"", ""Ehd1"", ""Zbtb7b"", ""Vsir"", ""Eng"", ""Mzb1"", ""Sesn3"", ""Nfkbiz"", ""Stk39"", ""Arid5a"", ""Anxa1"", ""Cd44"", ""Cd63"", ""Stat4"", ""Pparg"", ""Zeb2"", ""Nr4a1"", ""Itga4"", ""Ikbkb"", ""Tbc1d4"", ""Atp2b4"", ""Smad3"", 
""Ly6c1"", ""Rapgef2"", ""Skil"", ""Stat2"", ""Dtnbp1"", ""Dnmt3b"", ""Ddit4"", ""Ehd4"", ""Cebpb"", ""Acvrl1"", ""Furin"", ""Zbtb7a"", ""Hsp90b1"", ""Nfix"", ""Runx2"", ""Fos"", ""Gna15"", ""Lyn"", ""Ramp3"", ""Nrp1"", ""Lmo2"", ""Gatm"", ""Pdgfrb"", ""Cd68"", ""Ahr"", ""Icam1"", ""Ly6e"", ""Akr1c13"", ""Hhex"", ""Sox5"", ""Nr4a3"", ""Spi1"", ""Ass1"", ""Cyfip1"", ""Fosl2"", ""Runx1"", ""Rarg"", ""Lgals9"", ""Gata3"", ""Ppp3ca"", ""Il18"", ""Ncf2"", ""P2rx4"", ""Foxp1"", ""Cdh1"", ""Cd38"", ""Hmox1"", ""Sorl1"", ""Ar"", ""Sord"", ""Tgfb3"", ""Crim1"", ""Gna14"", ""Fcgr2b"", ""Zyx"", ""Hgf"", ""Cpne3"", ""Sgk1"", 
""Fhl2"", ""Tnf"", ""Khk"", ""Egr2"", ""Smad1"", ""Nr4a2"", ""Ldlrad4"", ""Lrp1"", ""Gpr83"", ""Stim1"", ""Pde2a"", ""C2cd5"", ""Sstr2"", ""Nr1h3"", ""Thra"", ""Socs3"", ""Smad4"", ""Hfe"", ""Trem2"", ""Vcam1"", ""Naip2"", ""Uri1"", ""Serpina3f"", ""Nucb2"", ""Akr1c12"", ""Xdh"", ""Arsb"", ""Lpl"", ""Cited2"", ""Igf1"", ""Trpm2"", ""Ide"")"
"717","GOBP_ACTIN_FILAMENT_ORGANIZATION","0.0120085984084407","0.0477595782749012","0.380730400722792","0.372661829187511","1.42285753998299","137","c(""Tmsb4x"", ""Pdlim4"", ""Actn2"", ""S1pr1"", ""Cotl1"", ""Add3"", ""Capg"", ""Lcp1"", ""Pecam1"", ""Actn1"", ""Bcl2"", ""Myo6"", ""Vasp"", ""Swap70"", ""Rnh1"", ""Zeb2"", ""Trf"", ""Smad3"", ""Msrb1"", ""Myo1f"", ""Iqgap2"", ""Tpm4"", ""Arhgef10l"", ""Hsp90b1"", ""Nrp1"", ""Gpr65"", ""Icam1"", ""Aif1"", ""Hip1r"", ""Cyfip1"", ""Arhgap18"", ""Cdc42ep3"", ""Tgfb3"", ""Zyx"", ""Svil"", ""Fscn1"", ""Casp4"")"
"718","GOBP_REGULATION_OF_TRANSMEMBRANE_TRANSPORT","0.00794197321459472","0.034663026168722","0.380730400722792","0.360487634055306","1.42371007377629","178","c(""Gimap3"", ""Ctss"", ""Fxyd5"", ""Camk2d"", ""Tesc"", ""P2rx7"", ""Chd7"", ""Actn2"", ""Itgb3"", ""Atp1b3"", ""Gimap5"", ""Hvcn1"", ""Snca"", ""Pml"", ""Glrx"", ""Gem"", ""Bcl2"", ""Ripk1"", ""Ahnak"", ""Stk39"", ""Ubash3b"", ""Cd63"", ""Ikbkb"", ""Psen2"", ""Atp2b4"", ""Rrad"", ""Lyn"", ""Ramp3"", ""Ahr"", ""Myc"", ""Nr4a3"", ""Ccr2"", ""Ppp3ca"", ""Cxcl10"", ""P2rx4"", ""Capn3"", ""Scn1b"")"
"719","GOBP_NEGATIVE_REGULATION_OF_DEVELOPMENTAL_PROCESS","0.0010662899023652","0.00697283077544401","0.45505986738723","0.340630107276486","1.43008132894888","324","c(""Klf2"", ""Plac8"", ""Stat1"", ""B2m"", ""Irgm1"", ""Smad7"", ""Ccnd2"", ""Dtx1"", ""Srgn"", ""Runx3"", ""Irf1"", ""Itgb3"", ""Calr"", ""Zfp36l2"", ""Clec2d"", ""Cd74"", ""Lgmn"", ""Notch1"", ""Sema4a"", ""Apoe"", ""Pml"", ""Bcl2"", ""Zfp36l1"", ""Pde3b"", ""Ecm1"", ""Foxo1"", ""Inpp4b"", ""Cdkn1a"", ""Cst3"", ""Rora"", ""Zbtb7b"", ""Tmem176b"", ""Tmem176a"", ""Anxa1"", ""Ubash3b"", ""Pglyrp1"", ""Cd44"", ""Hdac4"", ""Pparg"", ""Gpr171"", ""Cd160"", ""Nfkbid"", ""Cd86"", ""Inpp5f"", ""Atp2b4"", ""Smad3"", ""Rapgef2"", ""Skil"", ""Dtnbp1"", ""Tmem64"", ""Acvrl1"", ""Ybx3"", ""Xylt1"", ""Lyn"", ""Nrp1"", 
""Lmo2"", ""Ahr"", ""Myc"", ""Hhex"", ""Ccr2"", ""Spi1"", ""Pdcd1"", ""Trib1"", ""Hopx"", ""Ndfip1"", ""Nfatc1"", ""Runx1"", ""Lmna"", ""Rarg"", ""Gata3"", ""Fasl"", ""Ppp3ca"", ""Il18"", ""Cxcl10"", ""Smo"", ""Nfatc2"", ""Foxp1"", ""Cdh1"", ""Dusp10"", ""Sorl1"", ""Sema6d"", ""Crim1"", ""Id2"")"
"720","GOCC_PERINUCLEAR_REGION_OF_CYTOPLASM","0.00692889635826846","0.0310447036052106","0.407017918923954","0.354885755922702","1.43074599644803","208","c(""Vim"", ""Stat1"", ""Anxa6"", ""S100a6"", ""Camk2d"", ""Pdlim4"", ""Eif2ak2"", ""S100a4"", ""Calr"", ""Gbp2"", ""Rps6"", ""Lgmn"", ""Snca"", ""Pkp4"", ""Lcp1"", ""Mx1"", ""Vamp5"", ""Bcl2"", ""Ctsb"", ""Gbp3"", ""Myo6"", ""Ighm"", ""Gbp5"", ""Ehd1"", ""Cdkn1a"", ""Cst3"", ""Osbpl3"", ""Prr7"", ""Cntrl"", ""Pparg"", ""Manf"", ""Anxa4"", ""Psen2"", ""Trf"", ""Rapgef2"", ""Dst"", ""Oas2"", ""Ehd4"", ""Anxa2"", ""Hsp90b1"", ""Lyn"", ""Myc"", ""Tnfrsf1b"", ""Aif1"", ""Ccr2"", ""Hip1r"", ""Syt11"", ""Cyfip1"", ""Ndfip1"", ""Nfatc1"", ""Lmna"", ""Plscr1"", ""Fasl"", ""P2rx4"", ""Cdh1"", ""Hmox1"", ""Sorl1"", ""Mvp"", 
""Plcg2"", ""Cybb"", ""Tnfsf13b"", ""Sgk1"", ""Mtdh"", ""Pla2g4a"")"
"721","GOBP_CHEMICAL_HOMEOSTASIS","0.00223530775956126","0.0127684163357408","0.431707695803346","0.344173555587604","1.43210290964708","280","c(""Anxa6"", ""B2m"", ""Camk2d"", ""Tesc"", ""P2rx7"", ""Chd7"", ""Itgb3"", ""Atp1b3"", ""Fth1"", ""Alas2"", ""Rps6"", ""Hvcn1"", ""Snca"", ""Oas1a"", ""Apoe"", ""Pml"", ""Bcl2"", ""Pde3b"", ""Foxo1"", ""Inpp4b"", ""Gpx1"", ""Grn"", ""Ehd1"", ""Rora"", ""Sesn3"", ""Hexb"", ""Snx10"", ""Stk39"", ""Ubash3b"", ""Pparg"", ""Ccl5"", ""Psen2"", ""Trf"", ""Atp2b4"", ""Napsa"", ""Ldlrap1"", ""Tmem64"", ""Atp13a2"", ""Ttc39b"", ""Lyn"", ""Myc"", ""Tnfsf11"", ""Pygl"", ""Icam1"", ""Ccr2"", ""Aqp3"", ""Ndfip1"", ""Fosl2"", ""Fasl"", ""Ppp3ca"", ""Nfat5"", ""Il18"", ""Cxcl10"", ""Gramd1b"", ""Slc40a1"", ""Capn3"", ""Ckb"", 
""Creg1"", ""Wfs1"", ""Hmox1"", ""Oas1g"", ""Tbxas1"", ""Plcg2"", ""Fam20a"", ""Mafg"", ""Sgk1"", ""Ctsh"", ""Gpr68"", ""Plch1"", ""Pla2g4a"", ""Gsto1"", ""Lrp1"", ""Oxct1"", ""Stim1"", ""Nr1h3"", ""Ffar2"", ""Smad4"", ""Mt1"", ""Ccl8"", ""Hfe"", ""Fabp4"", ""Trem2"", ""Vcam1"", ""Tiam1"", ""Nucb2"", ""Fech"", ""Lpl"", ""Abca1"", ""Igf1"", ""Trpm2"", ""Lacc1"", ""Rhd"", ""Steap3"")"
"722","GOBP_POSITIVE_REGULATION_OF_INTRACELLULAR_SIGNAL_TRANSDUCTION","0.0013917515017674","0.00875125236882755","0.45505986738723","0.337598748952861","1.43449208808509","357","c(""Rps3"", ""Trim30a"", ""Rps7"", ""Ltb"", ""Rpl11"", ""Rps20"", ""Igfbp4"", ""Rpl23"", ""Camk2d"", ""Eif2ak2"", ""Il6ra"", ""Ifi35"", ""P2rx7"", ""S100a4"", ""Pdgfa"", ""Rpl26"", ""Itgb3"", ""Calr"", ""Gpr18"", ""Trim30d"", ""Pik3cd"", ""Trim25"", ""Cd74"", ""Ccr7"", ""Notch1"", ""Apoe"", ""Trim34a"", ""Pml"", ""Il18r1"", ""Timp2"", ""Ripk1"", ""Gpx1"", ""Ighm"", ""Eng"", ""Stk39"", ""Cd44"", ""Pparg"", ""Zeb2"", ""Ccl5"", ""Ikbkb"", ""Axl"", ""Casp1"", ""Hint1"", ""Trim5"", ""Cd86"", ""Glipr2"", ""Rapgef2"", ""Skil"", ""Gadd45b"", ""Traf5"", ""Gadd45g"", ""Gpr183"", ""Avpi1"", ""Lyn"", ""Ramp3"", ""Dynlt1f"", 
""Tnfsf10"", ""Ccl4"", ""Nrp1"", ""Gpr65"", ""Pdgfrb"", ""Myc"", ""Tnfsf11"", ""Icam1"", ""Nenf"", ""Clec4n"", ""Ccr2"", ""Spi1"", ""Tmem106a"", ""Lgals9"", ""Lrrk1"", ""Plscr1"", ""Gata3"", ""Fasl"", ""Ppp3ca"", ""Nfat5"", ""Il18"", ""Ccl3"", ""Fgr"", ""P2rx4"", ""Vav3"", ""Chil1"", ""Itgal"", ""Havcr2"", ""Ar"", ""Tifa"", ""Tgfb3"", ""Fcgr2b"", ""Sash1"", ""Hgf"", ""Plcg2"")"
"723","GOBP_CALCIUM_ION_TRANSPORT","0.0115475948320281","0.0463115079452315","0.380730400722792","0.377005083089935","1.43535977456719","131","c(""Anxa6"", ""Gimap3"", ""Camk2d"", ""P2rx7"", ""Chd7"", ""Itgb3"", ""Gimap5"", ""Orai1"", ""Snca"", ""Pml"", ""Gem"", ""Bcl2"", ""Lgals3"", ""Ahnak"", ""Ubash3b"", ""Ccl5"", ""Psen2"", ""Atp2b4"", ""Rrad"", ""Orai3"", ""Lyn"", ""Ramp3"", ""Pdgfrb"", ""Ahr"", ""Adora2a"", ""Icam1"", ""Nfatc1"", ""Fasl"", ""Ppp3ca"", ""Cxcl10"", ""P2rx4"", ""Capn3"", ""Wfs1"", ""Plcg2"", ""Plch1"", ""Gsto1"", ""Cysltr1"", ""Orai2"", ""Stim1"")"
"724","GOMF_SIGNALING_RECEPTOR_BINDING","0.00030663006029051","0.00250501908228785","0.49849310876659","0.33512109808012","1.43557002540757","428","c(""Isg15"", ""Rtp4"", ""Stat1"", ""Itgb7"", ""Ltb"", ""Rnf43"", ""Rpl11"", ""Smad7"", ""Dtx1"", ""Ly6a"", ""Il6ra"", ""P2rx7"", ""S100a4"", ""Pdgfa"", ""Izumo1r"", ""S1pr1"", ""Itgb3"", ""Blk"", ""Calr"", ""Trim25"", ""Clec2d"", ""Itgae"", ""Cd74"", ""Cd9"", ""Notch1"", ""Lcp1"", ""Sema4a"", ""Apoe"", ""Sytl1"", ""Actn1"", ""Aak1"", ""Timp2"", ""Ecm1"", ""Ripk1"", ""Ighm"", ""Grn"", ""Lgals3"", ""Traf1"", ""Unc93b1"", ""Eng"", ""Cd40lg"", ""Pglyrp1"", ""Cd44"", ""Tyrobp"", ""Itga4"", ""Ccl5"", ""Manf"", ""Ikbkb"", ""Cd160"", ""Lbp"", ""Trf"", ""Cd86"", ""Smad3"", ""Ly6c1"", ""Rapgef2"", ""Gfra1"", ""Dst"", 
""Dpp4"", ""Ldlrap1"", ""Pik3ip1"", ""Traf5"", ""Plaur"", ""Nampt"", ""Ebi3"", ""Hsp90b1"", ""Ccrl2"", ""Gna15"", ""Lyn"", ""Tnfsf10"", ""Ccl4"", ""Pdgfrb"", ""Ahr"", ""Adora2a"", ""Tnfsf11"", ""Icam1"", ""Ly6e"", ""Nenf"", ""Clcf1"", ""Tnfsf8"", ""Fcgr3"", ""Pdia3"", ""Lta"", ""Lgals9"", ""Plscr1"", ""Gata3"", ""Fasl"", ""Il18"", ""Cxcl10"", ""Ddt"", ""Ccl3"", ""Fgr"", ""Smo"", ""Cblb"", ""P2rx4"", ""Rln3"", ""Capn3"", ""Creg1"", ""Vav3"", ""Itgal"", ""Ar"", ""Il1r1"", ""Sema6d"", ""Tgfb3"", ""Gna14"", ""Hgf"")"
"725","ZHANG_UTERUS_C1_REGENERATIVE_UP","0.0110118066064288","0.0445678975920037","0.380730400722792","0.371662620477331","1.43618945601903","146","c(""Plac8"", ""Vim"", ""Eef1a1"", ""Anxa6"", ""S100a6"", ""Ly6a"", ""Hspa5"", ""Lgals1"", ""Rps6"", ""Trim25"", ""Capg"", ""Pkp4"", ""Gm8730"", ""Gpx1"", ""Vasp"", ""Cdkn1a"", ""Lgals3"", ""Serpinb1a"", ""Ncoa7"", ""Nfkbiz"", ""Anxa1"", ""Nr4a1"", ""Ddit4"", ""Plaur"", ""Sat1"", ""Anxa2"", ""Hsp90b1"", ""Ramp3"", ""Tmem50b"", ""P2ry14"", ""Pgd"", ""Ctsc"", ""Phlda1"", ""Trib1"", ""Cyfip1"", ""Lmna"", ""Slc40a1"", ""Atf3"", ""Hmox1"", ""Cdc42ep3"", ""Klf6"", ""Zyx"", ""Sgk1"", ""Endod1"", ""Elovl5"", ""Oxct1"", ""Ppp1r15a"", ""Krt8"", ""Galnt3"", ""Fosb"")"
"726","GOBP_EXPORT_FROM_CELL","0.00334482645082544","0.0176310475142315","0.431707695803346","0.350898576601305","1.43652104152265","247","c(""Rsad2"", ""Nkg7"", ""P2rx7"", ""Chd7"", ""Atp1b3"", ""Blk"", ""Orai1"", ""Snca"", ""Notch1"", ""Fcer1g"", ""Apoe"", ""Sytl1"", ""Myo6"", ""Pde3b"", ""Foxo1"", ""Lgals3"", ""Eng"", ""Rapgef4"", ""Syngr2"", ""Anxa1"", ""Pparg"", ""Nr4a1"", ""Ccl5"", ""Axl"", ""Cd160"", ""Cpt1a"", ""Myo1f"", ""Dtnbp1"", ""Atp13a2"", ""Cd300a"", ""Furin"", ""Stx11"", ""Anxa2"", ""Lyn"", ""Rab44"", ""Adora2a"", ""Tnfsf11"", ""Slc16a10"", ""Tnfrsf1b"", ""Ly6e"", ""Clcf1"", ""Lat2"", ""Nr4a3"", ""Ccr2"", ""Spi1"", ""Fcgr3"", ""Syt11"", ""Rab27a"", ""Runx1"", ""Lgals9"", ""Gata3"", ""Ppp3ca"", ""Fgr"", ""Slc40a1"", ""Cd38"", 
""Hmox1"", ""Tgfb3"", ""Frmd4a"", ""Rab3il1"", ""Gpr68"", ""Tnf"", ""Serp1"", ""Pla2g4a"", ""Fes"", ""Milr1"", ""Lrp1"", ""Oxct1"", ""Hck"", ""Mctp1"", ""Stim1"", ""Exoc3l4"", ""Nr1h3"", ""Ffar2"", ""Smad4"", ""Entpd1"", ""Ccl8"", ""Hfe"", ""Trem2"", ""Tiam1"", ""Nucb2"", ""Sytl2"", ""Abca1"", ""Igf1"", ""Trpm2"", ""Steap3"", ""Slc22a2"", ""Cyp51"")"
"727","GOBP_CELL_CHEMOTAXIS","0.0106459448824035","0.0433010595039602","0.380730400722792","0.3776204168593","1.43964310700864","136","c(""S1pr1"", ""Calr"", ""Gpr18"", ""Sell"", ""Cd74"", ""Lgmn"", ""Rps19"", ""Ccr7"", ""Notch1"", ""Fcer1g"", ""Lgals3"", ""Swap70"", ""Eng"", ""Stk39"", ""Ninj1"", ""Anxa1"", ""Nr4a1"", ""Ccl5"", ""Lbp"", ""Dpp4"", ""Ccr4"", ""Ccrl2"", ""Gpr183"", ""Lyn"", ""Ccl4"", ""Nrp1"", ""Pdgfrb"", ""Tnfsf11"", ""Aif1"", ""Ccr2"", ""Spi1"", ""Fcgr3"", ""Lgals9"", ""Dapk2"", ""Cxcl10"", ""Ccl3"", ""P2rx4"", ""Bst1"", ""Vav3"", ""Cxcr6"", ""Hgf"", ""Itga9"", ""Csf1r"", ""Ffar2"", ""Ccl8"", ""Ccl6"", ""Vcam1"", ""Mmp9"", ""Tiam1"", ""Cxcl16"", ""Pf4"", ""Trpm2"", ""Cxcr5"", ""C5ar1"", ""Cnr2"", ""Pdgfb"", ""Enpp2"", ""Ccl17"", 
""Itgam"", ""Slamf8"", ""Egr3"", ""Cmklr1"", ""Mpp1"", ""App"")"
"728","GOBP_REGULATION_OF_ANATOMICAL_STRUCTURE_SIZE","0.0101729845949666","0.0417623955992366","0.380730400722792","0.369478106883135","1.44366594134019","158","c(""Klf2"", ""Tmsb4x"", ""Rpl4"", ""P2rx7"", ""Actn2"", ""Cotl1"", ""Add3"", ""Capg"", ""Il7r"", ""Sema4a"", ""Apoe"", ""Pecam1"", ""Gpx1"", ""Vasp"", ""Swap70"", ""Stk39"", ""Arhgap5"", ""Rap1gap2"", ""Faah"", ""Manf"", ""Atp13a2"", ""Nrp1"", ""Dusp5"", ""Ahr"", ""Adora2a"", ""Icam1"", ""Hip1r"", ""Gch1"", ""Cyfip1"", ""Arhgap18"", ""P2rx4"", ""Cdh1"", ""Cd38"", ""Cdc42ep3"", ""Sema6d"", ""Tbxas1"", ""Tnf"", ""Svil"", ""Lrp1"", ""Cysltr1"", ""Ppp1r15a"")"
"729","GOBP_NEGATIVE_REGULATION_OF_CELL_COMMUNICATION","0.000174184152295459","0.00155115856120258","0.518848077743792","0.336769169447558","1.44396851696943","414","c(""Isg15"", ""Trim30a"", ""Stat1"", ""Rnf43"", ""Irgm1"", ""Smad7"", ""Parp14"", ""Oas3"", ""Igtp"", ""Samhd1"", ""Hspa5"", ""Gbp7"", ""Ifi35"", ""P2rx7"", ""Irf1"", ""Rnf213"", ""Lfng"", ""Calr"", ""Rasa3"", ""Cd74"", ""Dhx58"", ""Lgmn"", ""Sox13"", ""Snca"", ""Notch1"", ""Oas1a"", ""Apoe"", ""Rgs1"", ""Bcl2"", ""Gbp3"", ""Pmepa1"", ""Timp2"", ""Pde3b"", ""Ecm1"", ""Foxo1"", ""Ripk1"", ""Gpx1"", ""Lgals3"", ""Rora"", ""Lax1"", ""Rnf125"", ""Rapgef4"", ""Sesn3"", ""Ptgir"", ""Irgm2"", ""Ubash3b"", ""Cd44"", ""Nlrc5"", ""Pparg"", ""Ccl5"", ""Cd160"", ""Adgrg3"", ""Dusp2"", ""Nfkbid"", ""Tnfrsf4"", ""Psen2"", 
""Inpp5f"", ""Atp2b4"", ""Rgs3"", ""Skil"", ""Stat2"", ""Tmem64"", ""Ddit4"", ""Heg1"", ""Pik3ip1"", ""Cd300a"", ""Plaur"", ""Irf4"", ""Rnf149"", ""Aim2"", ""Zbtb7a"", ""Ybx3"", ""Runx2"", ""Lyn"", ""Nrp1"", ""Dusp5"", ""Cish"", ""Icam1"", ""Hhex"", ""Bcl3"", ""Spi1"", ""Trib1"", ""Lmna"", ""Gata3"", ""Ppp3ca"", ""Cblb"", ""Foxp1"", ""Cdh1"", ""Atf3"", ""Dusp10"", ""Ier3"", ""Wfs1"", ""Cd38"", ""Hmox1"", ""Sorl1"", ""Ar"", ""Mvp"", ""Tgfb3"", ""Litaf"", ""Crim1"", ""Oas1g"", ""Hgf"")"
"730","GOBP_POSITIVE_REGULATION_OF_LEUKOCYTE_CELL_CELL_ADHESION","0.00787528475364767","0.0344243582790925","0.380730400722792","0.381440770488835","1.44793508963131","133","c(""Rps3"", ""B2m"", ""Irgm1"", ""Gimap3"", ""Runx3"", ""Irf1"", ""Lgals1"", ""Gimap5"", ""Cd274"", ""Cd74"", ""Il7r"", ""Il2ra"", ""Ccr7"", ""Sox13"", ""Zbtb7b"", ""Vsir"", ""Icos"", ""Nfkbiz"", ""Cd40lg"", ""Anxa1"", ""Cd44"", ""Itga4"", ""Ccl5"", ""Cd160"", ""Nfkbid"", ""Cd86"", ""Dpp4"", ""Tnfsf11"", ""Icam1"", ""Aif1"", ""Pdcd1lg2"", ""Cd55"", ""Cd83"", ""Nr4a3"", ""Ccr2"", ""Runx1"", ""Lgals9"", ""Gata3"", ""Ppp3ca"", ""Nfat5"", ""Il18"", ""Malt1"", ""Dusp10"", ""Itgal"", ""Havcr2"")"
"731","GOBP_BLOOD_VESSEL_MORPHOGENESIS","0.00283023450860486","0.0153415830877588","0.431707695803346","0.358384003972286","1.44820507391825","210","c(""Klf2"", ""Stat1"", ""Smad7"", ""Sp100"", ""Chd7"", ""Rnf213"", ""Pdgfa"", ""S1pr1"", ""Itgb3"", ""Pik3cd"", ""Junb"", ""Notch1"", ""Sema4a"", ""Apoe"", ""Pml"", ""Pecam1"", ""Camp"", ""Zfp36l1"", ""Pde3b"", ""Ecm1"", ""Gpx1"", ""Grn"", ""Lgals3"", ""Rora"", ""Eng"", ""Rnh1"", ""Ninj1"", ""Anxa1"", ""Pparg"", ""Nr4a1"", ""Ccl5"", ""Cd160"", ""Atp2b4"", ""Rapgef2"", ""Heg1"", ""Acvrl1"", ""Anxa2"", ""Nrp1"", ""Pdgfrb"", ""Ahr"", ""Hhex"", ""Ccr2"", ""Spi1"", ""Runx1"", ""Fasl"", ""Il18"", ""Cxcl10"", ""Smo"", ""Vav3"", ""Chil1"", ""Hmox1"", ""Sash1"", ""Hgf"", ""Cybb"", ""Ctsh"", ""Mtdh"", ""Tnf"", ""Smad1"", 
""Lrp1"", ""Cysltr1"", ""Ppp1r15a"", ""Stim1"")"
"732","GOBP_TISSUE_MORPHOGENESIS","0.00455628144830007","0.0221818965246188","0.407017918923954","0.369124928949835","1.44914144493247","174","c(""Rps7"", ""Smad7"", ""Runx3"", ""Chd7"", ""Pdgfa"", ""S1pr1"", ""Pik3cd"", ""Etv5"", ""Notch1"", ""Pml"", ""Bcl2"", ""Vasp"", ""Eng"", ""Cd44"", ""Zeb2"", ""Smad3"", ""Heg1"", ""Acvrl1"", ""Nrp1"", ""Ahr"", ""Myc"", ""Ly6e"", ""Hhex"", ""Nr4a3"", ""Nfatc1"", ""Runx1"", ""Rarg"", ""Gata3"", ""Plet1"", ""Cxcl10"", ""Smo"", ""Foxp1"", ""Cdh1"", ""Ar"", ""Tgfb3"", ""Hgf"", ""Mmp12"", ""Ctsh"", ""Tnf"", ""Pbx1"", ""Smad1"", ""Socs3"", ""Smad4"", ""Asb2"", ""Luzp1"", ""Cited2"", ""Igf1"", ""Pdgfb"", ""Lcn2"", ""Hs3st3b1"", ""Aire"", ""Rhob"")"
"733","TABULA_MURIS_SENIS_BRAIN_NON_MYELOID_BRAIN_PERICYTE_AGEING","0.000407658038838345","0.0031722101122631","0.49849310876659","0.34343680044062","1.45085887301132","335","c(""Rps5"", ""Rpsa"", ""Rpl17"", ""Bst2"", ""Rpl13"", ""Rpl18a"", ""Rps3"", ""Rpl21"", ""Gimap4"", ""Rplp0"", ""Rps10"", ""Rpl9"", ""Rpl10a"", ""Rps7"", ""Rps18"", ""Tmsb4x"", ""Rpl3"", ""Rpl32"", ""Rps14"", ""Rpl11"", ""B2m"", ""Rps20"", ""Ifi27"", ""Rpl27a"", ""Prr13"", ""Naca"", ""S100a6"", ""Fxyd5"", ""Ly6a"", ""Emp3"", ""Ifitm3"", ""Rplp1"", ""Irf1"", ""Pdgfa"", ""Rasgrp2"", ""Rpl14"", ""Rps2"", ""Psme2"", ""Fth1"", ""Capg"", ""Btf3"", ""Cd74"", ""Dhx58"", ""Cd9"", ""Crip1"", ""Rps19"", ""Junb"", ""Apoe"", ""Ier2"", ""Bpgm"", ""Ifi30"", ""S100a11"", ""Ifitm2"", ""Gpx1"", ""Vasp"", ""Cdkn1a"", ""Lgals3"", 
""Cst3"", ""Tmed3"", ""Ahnak"", ""Tmem176b"", ""Syngr2"", ""Ninj1"", ""Anxa1"", ""Cd63"", ""Fam111a"", ""Manf"", ""Hint1"", ""Nabp2"", ""Ly6c1"", ""Eif3i"", ""Gadd45b"", ""Rrad"", ""Ehd4"", ""Sat1"", ""Cebpb"", ""Gadd45g"")"
"734","TABULA_MURIS_SENIS_SKIN_BULGE_KERATINOCYTE_AGEING","0.000610408713964454","0.00439785675199264","0.477270815362862","0.339151971112134","1.45273881062309","388","c(""Rps5"", ""Klf2"", ""Rpsa"", ""Rpl17"", ""Rpl13"", ""Rpl18a"", ""Rps3"", ""Rpl18"", ""Rpl10"", ""Rpl21"", ""Rps4x"", ""Usp18"", ""Rpl19"", ""Rplp0"", ""Rps10"", ""Rpl9"", ""Vim"", ""Rpl10a"", ""Rps7"", ""Rps18"", ""Tmsb4x"", ""Rpl3"", ""Rpl32"", ""Rps3a1"", ""Rpl8"", ""Rps14"", ""Rpl11"", ""B2m"", ""Rps20"", ""Ifi27"", ""Gm2a"", ""Rps16"", ""Eef1b2"", ""Ctss"", ""Rpl23"", ""Rpl27a"", ""Prr13"", ""Naca"", ""Ly6a"", ""Rpl4"", ""Emp3"", ""Ifitm3"", ""Ifi35"", ""Lgals3bp"", ""Rplp1"", ""S100a4"", ""Pdgfa"", ""Rps12"", ""Lgals1"", ""Rps27a"", ""Cotl1"", ""Rpl14"", ""Psme2"", ""Fth1"", ""Capg"", ""Btf3"", ""Rpl7a"", 
""Cd74"", ""Cd9"", ""Smco4"", ""Crip1"", ""Rps19"", ""Rpl5"", ""Apoe"", ""Ier2"")"
"735","TABULA_MURIS_SENIS_LARGE_INTESTINE_LARGE_INTESTINE_GOBLET_CELL_AGEING","0.000490122132312715","0.0037057309371865","0.477270815362862","0.344856564656795","1.45621293347927","343","c(""Rps5"", ""Rpsa"", ""Rpl17"", ""Rpl13"", ""Rpl18a"", ""Rps3"", ""Rpl18"", ""Rpl10"", ""Rps4x"", ""Rpl19"", ""Isg20"", ""Rplp0"", ""Rps10"", ""Rpl9"", ""Rpl10a"", ""Rps7"", ""Rps18"", ""Tmsb4x"", ""Rpl3"", ""Rps3a1"", ""Rpl8"", ""Rps14"", ""Rpl11"", ""B2m"", ""Rps20"", ""Ccnd2"", ""Ifi27"", ""Rpl27a"", ""Prr13"", ""Iigp1"", ""Rpl4"", ""Rplp1"", ""Cd82"", ""Rps27a"", ""Calr"", ""Cotl1"", ""Rpl14"", ""Rps2"", ""Fth1"", ""Rps6"", ""Btf3"", ""Rpl7a"", ""Irf8"", ""Cd9"", ""Smco4"", ""Crip1"", ""Ier2"", ""Aldh2"", ""Ctsb"", ""Ifi30"", ""Eef1g"", ""S100a11"", ""Ifitm2"", ""Gpx1"", ""Cst3"", ""Tmed3"", ""Tmem176b"", 
""Rpl28"", ""Tmem176a"", ""Syngr2"", ""Pglyrp1"", ""Cd63"", ""Dap"")"
"736","GOCC_ANCHORING_JUNCTION","0.00307110165069683","0.0164145088226899","0.431707695803346","0.368064011311512","1.46027454746362","190","c(""Itgb7"", ""Anxa6"", ""Smad7"", ""Camk2d"", ""Pdlim4"", ""P2rx7"", ""Actn2"", ""Itgb3"", ""Add3"", ""Pkp4"", ""Notch1"", ""Lcp1"", ""Vamp5"", ""Rsu1"", ""Pecam1"", ""Frmd4b"", ""Actn1"", ""Vasp"", ""Ahnak"", ""Itga4"", ""Rapgef2"", ""Dst"", ""Dpp4"", ""Fyb"", ""Heg1"", ""Ybx3"", ""Lyn"", ""Nrp1"", ""Lcp2"", ""Arhgef6"", ""Aqp3"", ""Ppp3ca"", ""Cdh1"", ""Scn1b"", ""Itgal"", ""Havcr2"", ""Lpp"", ""Zyx"", ""Prkch"", ""Frmd4a"", ""Cpne3"", ""Tnfsf13b"", ""Mtdh"", ""Arhgap26"", ""Svil"", ""Fes"", ""Fscn1"", ""Hck"", ""Cyth3"", ""Krt8"", ""Tiam1"", ""Pdlim7"", ""Synpo2"", ""Tns1"", ""Epcam"", ""Ctnnd2"", ""Mapre2"", 
""Rexo2"", ""Mpp1"", ""Scin"", ""Lsr"", ""App"", ""Dbn1"", ""Epb41l3"", ""Rangrf"", ""Cadm1"", ""Sdc4"", ""Akap6"", ""Myo1e"", ""Itgb5"", ""Atp2a2"", ""F11r"", ""Myadm"", ""Tspan33"", ""Wtip"", ""Epb41l4b"", ""Kdr"", ""Slc3a2"", ""Prkcd"", ""Ccnd1"", ""Tmem65"", ""Il1rl1"")"
"737","TABULA_MURIS_SENIS_DIAPHRAGM_SKELETAL_MUSCLE_SATELLITE_CELL_AGEING","0.00981675221289019","0.0406157111240166","0.380730400722792","0.382087089532819","1.46081282718029","138","c(""Rps5"", ""Rpl17"", ""Rpl13"", ""Rpl18a"", ""Rpl18"", ""Rpl21"", ""Rplp0"", ""Rps10"", ""Rpl9"", ""Rps7"", ""Rps18"", ""Tmsb4x"", ""Rpl32"", ""Rps14"", ""Rpl11"", ""B2m"", ""Rps20"", ""Rpl27a"", ""Naca"", ""Emp3"", ""Ifitm3"", ""Rplp1"", ""Psmb9"", ""Rpl26"", ""Rps27a"", ""Rpl14"", ""Fth1"", ""Capg"", ""Btf3"", ""Crip1"", ""Apoe"", ""Rpl22l1"", ""Ifitm2"", ""Cst3"", ""Rpl28"", ""Rps8"", ""Cd63"", ""Manf"", ""Hint1"")"
"738","GOBP_CELLULAR_RESPONSE_TO_OXYGEN_CONTAINING_COMPOUND","0.000370392249405545","0.00293397727947624","0.49849310876659","0.341860081059966","1.46539636895094","390","c(""Rps3"", ""Trim30a"", ""Vim"", ""Stat1"", ""B2m"", ""Irgm1"", ""Rpl23"", ""Igtp"", ""Ly6a"", ""Tesc"", ""Irf1"", ""Actn2"", ""Rasgrp2"", ""Nfkb1"", ""Trim30d"", ""Gbp2"", ""Cmpk2"", ""Alox5ap"", ""Rps6"", ""Cd274"", ""Lgmn"", ""Irf8"", ""Orai1"", ""Junb"", ""Aldh2"", ""Gbp3"", ""Zfp36l1"", ""Pde3b"", ""Foxo1"", ""Ripk1"", ""Gpx1"", ""Gbp5"", ""Rora"", ""Zbtb7b"", ""Mzb1"", ""Sesn3"", ""Nfkbiz"", ""Stk39"", ""Arid5a"", ""Irgm2"", ""Anxa1"", ""Pparg"", ""Nr4a1"", ""Itga4"", ""Axl"", ""Casp1"", ""Tbc1d4"", ""Trim5"", ""Lbp"", ""Cd86"", ""Atp2b4"", ""Ly6c1"", ""Rapgef2"", ""Dtnbp1"", ""Dnmt3b"", ""Ddit4"", 
""Cebpb"", ""Hsp90b1"", ""Fos"", ""Gna15"", ""Lyn"", ""Ramp3"", ""Pdgfrb"", ""Cd68"", ""Ahr"", ""Icam1"", ""Tnfrsf1b"", ""Ly6e"", ""Mgst1"", ""Akr1c13"", ""Pdcd1lg2"", ""Cd55"", ""Nr4a3"", ""Spi1"", ""Gch1"", ""Trib1"", ""Syt11"", ""Pdia3"", ""Cyfip1"", ""Nfatc1"", ""Plscr1"", ""Ppp3ca"", ""Il18"", ""Cxcl10"", ""Malt1"", ""Smo"", ""Gramd1b"", ""Nfatc2"", ""P2rx4"", ""Foxp1"", ""Capn3"", ""Cdh1"", ""Havcr2"", ""Sorl1"", ""Ar"", ""Litaf"", ""Id2"", ""Gna14"", ""Fcgr2b"", ""Sash1"", ""Hgf"", ""Plcg2"", ""Cpne3"", ""Sgk1"", ""Mtdh"", ""Gpr68"", ""Tnf"", ""Fes"", ""Nr4a2"", ""Mrc1"", ""Lrp1"", ""Oxct1"", ""Stim1"", 
""Pde2a"", ""C2cd5"", ""Sstr2"", ""Nr1h3"", ""Socs3"", ""Trim30c"", ""Ffar2"", ""Smad4"", ""Fosb"", ""Mt1"", ""Fabp4"", ""Trem2"", ""Sirpa"", ""Vcam1"", ""Mmp9"", ""Tiam1"", ""Nucb2"", ""Akr1c12"", ""Zc3h12a"", ""Scimp"", ""Lpl"", ""Cxcl16"", ""Abca1"", ""Igf1"", ""Pf4"", ""Trpm2"", ""Ide"")"
"739","GOBP_RESPONSE_TO_PEPTIDE","0.00947530872234899","0.0396938608638944","0.380730400722792","0.383441866150631","1.46599247107688","138","c(""Vim"", ""Stat1"", ""Rpl23"", ""Irf1"", ""Actn2"", ""Nfkb1"", ""Rps6"", ""Lgmn"", ""Notch1"", ""Serpina3g"", ""Zfp36l1"", ""Pde3b"", ""Foxo1"", ""Zbtb7b"", ""Mzb1"", ""Sesn3"", ""Anxa1"", ""Stat4"", ""Pparg"", ""Nr4a1"", ""Itga4"", ""Ikbkb"", ""Tbc1d4"", ""Stat2"", ""Ramp3"", ""Gatm"", ""Icam1"", ""Nr4a3"", ""Cyfip1"", ""Fosl2"", ""Ppp3ca"", ""Il18"", ""Sorl1"", ""Fcgr2b"", ""Irf5"", ""Sgk1"", ""Tnf"", ""Khk"", ""Egr2"", ""Nr4a2"", ""Lrp1"", ""C2cd5"", ""Socs3"", ""Trem2"", ""Vcam1"", ""Mmp9"", ""Serpina3f"", ""Nucb2"", ""Lpl"", ""Igf1"", ""Ide"")"
"740","GOBP_LIPID_LOCALIZATION","0.00540630609664457","0.025476717719192","0.407017918923954","0.386758213590573","1.46811990743214","133","c(""Gm2a"", ""P2rx7"", ""Rnf213"", ""Itgb3"", ""Pitpnc1"", ""Apoe"", ""Atp8b4"", ""Atp8a1"", ""Ehd1"", ""Esyt1"", ""Hexb"", ""Anxa1"", ""Osbpl3"", ""B4galnt1"", ""Pparg"", ""Lbp"", ""Ldlrap1"", ""Ttc39b"", ""Furin"", ""Anxa2"", ""Tnfsf11"", ""Apobr"", ""Runx1"", ""Plscr1"", ""Pltp"", ""Fasl"", ""Gramd1b"", ""Prelid2"", ""Stard3nl"", ""Tnf"", ""Pla2g4a"", ""Lrp1"", ""Plin3"", ""Nr1h3"", ""Ffar2"", ""Fabp4"", ""Trem2"", ""Nucb2"", ""Zc3h12a"", ""Lpl"", ""Abca1"", ""C3"", ""Slc22a2"")"
"741","TABULA_MURIS_SENIS_MARROW_NK_CELL_AGEING","0.00219931914344833","0.0125753691801358","0.431707695803346","0.362984953063325","1.46858520252563","215","c(""Rpl17"", ""Rpl13"", ""Rps3"", ""Rpl18"", ""Rpl19"", ""Rps10"", ""Rpl10a"", ""Rps7"", ""Rps18"", ""Tmsb4x"", ""Ltb"", ""B2m"", ""Rps20"", ""Ctss"", ""Prr13"", ""S100a6"", ""Fxyd5"", ""Srgn"", ""Emp3"", ""Ifitm3"", ""Ifi35"", ""Psmb9"", ""Cotl1"", ""Rpl14"", ""Psme2"", ""Fth1"", ""Batf"", ""Ube2l6"", ""Cd74"", ""Cd9"", ""Bcl2a1b"", ""Rilpl2"", ""Fcer1g"", ""Apoe"", ""S1pr4"", ""Camp"", ""Rpl22l1"", ""S100a11"", ""Ifitm2"", ""Gpx1"", ""Vasp"", ""Lgals3"", ""Cst3"")"
"742","REACTOME_INNATE_IMMUNE_SYSTEM","0.00034972443264928","0.00278565225172725","0.49849310876659","0.347727369082789","1.46972838387439","347","c(""Bst2"", ""Irf7"", ""Plac8"", ""Usp18"", ""Mndal"", ""Eef1a1"", ""B2m"", ""Gm2a"", ""Ctss"", ""Mme"", ""P2rx7"", ""Rps27a"", ""Cotl1"", ""Nfkb1"", ""Psme2"", ""Fth1"", ""Sell"", ""Hvcn1"", ""Lgmn"", ""Ostf1"", ""Gyg"", ""Fcer1g"", ""Atp8b4"", ""Relb"", ""Ncf4"", ""Pecam1"", ""Bcl2"", ""Ctsb"", ""Camp"", ""Timp2"", ""S100a11"", ""Ripk1"", ""Atp8a1"", ""Grn"", ""Cst3"", ""Unc93b1"", ""Psme2b"", ""Serpinb1a"", ""Hexb"", ""Pglyrp1"", ""Cd44"", ""Tyrobp"", ""Nlrc5"", ""Cd63"", ""Ifi204"", ""Slpi"", ""Ikbkb"", ""Casp1"", ""Adgrg3"", ""Nfkb2"", ""Lbp"", ""Stk10"", ""Iqgap2"", ""Slc2a3"", ""Mapkapk3"", ""Cd300a"", 
""Pld4"", ""Plaur"", ""Aim2"", ""Anxa2"", ""Hsp90b1"", ""Fos"", ""Lyn"", ""Dynlt1f"", ""Cd68"", ""Rab44"", ""Pygl"", ""Tnfrsf1b"", ""Lcp2"", ""C1qa"", ""Mgst1"", ""Qpct"", ""Ckap4"", ""Clec4n"", ""Lat2"", ""C1qb"", ""Ctsc"", ""Cd55"", ""Clec12a"", ""Fcgr3"", ""Lair1"", ""Cyfip1"", ""Nfatc1"", ""Rab27a"", ""Birc3"", ""Ppp3ca"", ""Fuca2"", ""Agpat2"", ""Ear2"", ""Gns"", ""Malt1"", ""Fgr"", ""Ncf2"", ""Cd93"", ""Nfatc2"", ""Bst1"", ""Creg1"", ""Vav3"", ""Chil1"", ""Itgal"", ""Cfp"", ""Mvp"", ""Tifa"", ""Fcgr2b"", ""Plcg2"", ""Cybb"", ""Cpne3"")"
"743","GOBP_POSITIVE_REGULATION_OF_GENE_EXPRESSION","0.000110357651725139","0.00106549012229574","0.538434096309916","0.341557896043335","1.47050858147431","452","c(""Isg15"", ""Irf7"", ""Rps3"", ""Vim"", ""Rps7"", ""Stat1"", ""Rsad2"", ""Ltb"", ""Rpl11"", ""B2m"", ""Gimap3"", ""Oas3"", ""Rpl23"", ""Maf"", ""Eif2ak2"", ""Il6ra"", ""Ifih1"", ""Tesc"", ""P2rx7"", ""Irf1"", ""Rpl26"", ""Itgb3"", ""Calr"", ""Nfkb1"", ""Gimap5"", ""Pik3cd"", ""Cd274"", ""Batf"", ""Cd74"", ""Dhx58"", ""Irf8"", ""Il7r"", ""Ccr7"", ""Notch1"", ""Fcer1g"", ""Oas1a"", ""Rpl5"", ""Il18r1"", ""Rel"", ""Camp"", ""Ripk1"", ""Gbp5"", ""Rora"", ""Unc93b1"", ""Zbtb7b"", ""Sgms1"", ""Vsir"", ""Eng"", ""Mzb1"", ""Cd40lg"", ""Arid5a"", ""Anxa1"", ""Cd44"", ""Tyrobp"", ""Stat4"", ""Adam19"", ""Pparg"", ""Pou2f2"", 
""Ccl5"", ""Casp1"", ""Cd160"", ""Lbp"", ""Tnfrsf4"", ""Cd86"", ""Smad3"", ""Kif1b"", ""Dtnbp1"", ""Dnmt3b"", ""Oas2"", ""Heg1"", ""Atp13a2"", ""Traf5"", ""Cebpb"", ""Irf4"", ""Aim2"", ""Runx2"", ""Ramp3"", ""Ccl4"", ""Myc"", ""Tnfsf11"", ""Il27ra"", ""Clec4n"", ""Bcl3"", ""Clcf1"", ""Il17rb"", ""Aif1"", ""Cd55"", ""Cd83"", ""Nr4a3"", ""Ccr2"", ""Spi1"", ""Tmem106a"", ""Fcgr3"", ""Nfatc1"", ""Rab27a"", ""Runx1"", ""Lmna"", ""Rarg"", ""Lta"", ""Lgals9"", ""Plscr1"", ""Gata3"", ""Ppp3ca"", ""Agpat2"", ""Nfat5"", ""Il18"", ""Ccl3"", ""Malt1"", ""Fgr"", ""Smo"", ""Nfatc2"", ""Foxp1"", ""Atf3"", ""Chil1"", ""Havcr2"", 
""Sorl1"", ""Ar"", ""Il1r1"", ""Tgfb3"", ""Oas1g"", ""Id2"", ""Irf5"", ""Hgf"", ""Prkch"", ""Plcg2"", ""Cybb"", ""Mafg"", ""Mmp12"", ""Ctsh"", ""Tnf"", ""Serp1"", ""Smad1"", ""Ifngr1"", ""Clec4e"", ""Il15"", ""Lrp1"", ""Casp4"", ""Ppp1r15a"", ""Csf1r"", ""Pde2a"", ""Tigit"", ""Fbln1"", ""Ffar2"")"
"744","GOBP_TUBE_MORPHOGENESIS","0.0011121618671335","0.0072315740453635","0.45505986738723","0.354106735064895","1.47361215156694","281","c(""Klf2"", ""Rps7"", ""Stat1"", ""Smad7"", ""Sp100"", ""Chd7"", ""Rnf213"", ""Pdgfa"", ""S1pr1"", ""Itgb3"", ""Pik3cd"", ""Etv5"", ""Junb"", ""Notch1"", ""Sema4a"", ""Apoe"", ""Pml"", ""Pecam1"", ""Bcl2"", ""Camp"", ""Zfp36l1"", ""Pde3b"", ""Ecm1"", ""Gpx1"", ""Vasp"", ""Grn"", ""Lgals3"", ""Rora"", ""Eng"", ""Rnh1"", ""Ninj1"", ""Anxa1"", ""Cd44"", ""Pparg"", ""Zeb2"", ""Nr4a1"", ""Ccl5"", ""Cd160"", ""Atp2b4"", ""Smad3"", ""Rapgef2"", ""Heg1"", ""Acvrl1"", ""Anxa2"", ""Nrp1"", ""Pdgfrb"", ""Ahr"", ""Myc"", ""Hhex"", ""Nr4a3"", ""Ccr2"", ""Spi1"", ""Nfatc1"", ""Runx1"", ""Rarg"", ""Gata3"", ""Fasl"", ""Il18"", 
""Cxcl10"", ""Smo"", ""Foxp1"", ""Cdh1"", ""Vav3"", ""Chil1"", ""Hmox1"", ""Ar"", ""Id2"", ""Sash1"", ""Hgf"", ""Cybb"", ""Ctsh"", ""Mtdh"", ""Tnf"", ""Pbx1"", ""Smad1"", ""Lrp1"", ""Cysltr1"", ""Ppp1r15a"", ""Stim1"")"
"745","MIR_466L_5P","0.00150854000762524","0.00936307028542287","0.45505986738723","0.361139925580125","1.47683150156701","227","c(""Gng2"", ""Sp100"", ""Iigp1"", ""Maf"", ""Runx3"", ""Cd7"", ""Chd7"", ""Fam169b"", ""Cd274"", ""Dtx3l"", ""Mta3"", ""Oas1a"", ""Sh3bp5"", ""Il18r1"", ""Vamp5"", ""Aak1"", ""Bcl2"", ""Ms4a4c"", ""Rora"", ""Zbtb7b"", ""Zeb2"", ""Pou2f2"", ""Ipcef1"", ""Cd160"", ""Lbp"", ""Stk10"", ""Iqgap2"", ""Skil"", ""Ttc39b"", ""Eef2k"", ""Csf2ra"", ""Lcp2"", ""Ctsc"", ""Treml2"", ""Sox5"", ""Nab1"", ""Gria3"", ""Runx1"", ""Gm4841"", ""Nfat5"", ""Smo"", ""Foxp1"", ""Creg1"", ""Havcr2"", ""Klf6"", ""Lpp"", ""Cxcr6"", ""Oas1g"", ""Sgk1"", ""Itga9"", ""Gpr68"", ""Atxn1"", ""Nr4a2"", ""Ifi44"", ""Elovl5"", ""Metrnl"", ""Cyth3"", 
""Cmah"", ""Tcp11l1"", ""Elovl6"", ""Zfp318"", ""Cdk6"", ""Fech"", ""Tmem141"", ""Msrb3"", ""Snrpn"", ""Tns1"", ""Ctse"", ""Slc7a8"", ""Rab11fip1"", ""Lrrc32"", ""Itgam"", ""Egr3"", ""Maml3"", ""Kcnj15"", ""Cd33"", ""Tnfrsf11a"", ""Slc16a6"", ""Itih5"", ""Erg"", ""Bicd1"", ""Nmrk1"", ""Sh3bgrl2"", ""Mfsd6"", ""Prr5l"")"
"746","GOBP_CELL_JUNCTION_ASSEMBLY","0.00970545116739257","0.0403331874607765","0.380730400722792","0.398095647533995","1.48061990927102","111","c(""Smad7"", ""Actn2"", ""Itgb3"", ""Rps6"", ""Cd9"", ""Snca"", ""Pkp4"", ""Sema4a"", ""Pecam1"", ""Actn1"", ""Bcl2"", ""Myo6"", ""Ikbkb"", ""Smad3"", ""Rapgef2"", ""Dst"", ""Acvrl1"", ""Nrp1"", ""Eef2k"", ""Hopx"", ""Cdh1"", ""Prkch"", ""Tnf"", ""Fscn1"", ""Lrp1"", ""Rhod"", ""Amigo2"", ""Tns1"", ""Ephb2"", ""Pdgfb"", ""Ctnnd2"", ""Enpp2"", ""Plxnb2"", ""Lsr"", ""App"", ""Epb41l3"", ""Cadm1"", ""Sdc4"", ""F11r"", ""Ophn1"", ""Nrxn2"", ""Dusp3"", ""Mef2c"", ""Kdr"", ""Ptpn13"", ""Gpm6b"", ""Il1b"", ""Myo9a"")"
"747","GOBP_LOCOMOTION","7.88212137263634e-05","0.000794445800915104","0.538434096309916","0.345581646559924","1.48332150556859","441","c(""Bst2"", ""Vim"", ""Tmsb4x"", ""Sp100"", ""Camk2d"", ""Hspa5"", ""Pdgfa"", ""S1pr1"", ""Itgb3"", ""Calr"", ""Gpr18"", ""Sell"", ""Pik3cd"", ""Cd274"", ""Cd74"", ""Lgmn"", ""Cd9"", ""Rps19"", ""Ccr7"", ""Snca"", ""Notch1"", ""Fcer1g"", ""Sema4a"", ""Apoe"", ""Tnfrsf18"", ""Pecam1"", ""Bcl2"", ""S100a11"", ""Ecm1"", ""Atp8a1"", ""Grn"", ""Lgals3"", ""Swap70"", ""Vsir"", ""Eng"", ""Rapgef4"", ""Stk39"", ""Ninj1"", ""Anxa1"", ""Arhgap5"", ""Cd63"", ""Hdac4"", ""Cd200r1"", ""St6gal1"", ""Pparg"", ""Zeb2"", ""Nr4a1"", ""Itga4"", ""Ccl5"", ""Adgrg3"", ""Lbp"", ""Psen2"", ""Trf"", ""Inpp5f"", ""Atp2b4"", ""Stk10"", 
""Glipr2"", ""Smad3"", ""Rapgef2"", ""Myo1f"", ""Dpp4"", ""Cd300a"", ""Acvrl1"", ""Furin"", ""Ccr4"", ""Ccrl2"", ""Plxnc1"", ""Gpr183"", ""Lyn"", ""Ccl4"", ""Nrp1"", ""Pdgfrb"", ""Myc"", ""Tnfsf11"", ""Icam1"", ""Il27ra"", ""Aif1"", ""Nr4a3"", ""Ccr2"", ""Spi1"", ""Trib1"", ""Fcgr3"", ""Sdc3"", ""Lmna"", ""Arhgap18"", ""Lgals9"", ""Gata3"", ""Plet1"", ""Ppp3ca"", ""Ear2"", ""Il18"", ""Dapk2"", ""Cxcl10"", ""Ccl3"", ""Fgr"", ""Smo"", ""P2rx4"", ""Foxp1"", ""Cdh1"", ""Bst1"", ""Scn1b"", ""Dusp10"", ""Rras2"", ""Vav3"", ""Hmox1"", ""Sorl1"", ""Il1r1"", ""Sema6d"", ""Cxcr6"", ""Sash1"", ""Hgf"", ""Plcg2"", ""Cpne3"", 
""Mmp12"", ""Itga9"", ""Ctsh"", ""Tnf"", ""Bex6"", ""Fes"", ""Ldlrad4"", ""Lrp1"", ""Cysltr1"", ""Mctp1"", ""Csf1r"", ""St3gal4"", ""Fbln1"", ""Ffar2"", ""Rhod"", ""Ccl8"", ""Ccl6"", ""Trem2"", ""Vcam1"", ""Mmp9"", ""Tiam1"", ""Zc3h12a"", ""Osgin1"", ""Arsb"", ""Cxcl16"", ""Cited2"", ""Igf1"", ""Pf4"", ""Trpm2"", ""Jun"", ""Cxcr5"", ""Synpo2"", ""Plk2"", ""C5ar1"", ""Cnr2"", ""Ephb2"", ""Pdgfb"", ""Epcam"", ""Lcn2"", ""Mapre2"", ""Aire"", ""Enpp2"", ""Rhob"", ""Ccl17"", ""Itgam"")"
"748","MARTINEZ_TP53_TARGETS_UP","0.00181593371298508","0.0108709601711581","0.45505986738723","0.363356957023724","1.48404702373207","229","c(""Trbc1"", ""Ifi27l2a"", ""Ifi203"", ""Ms4a6b"", ""Mndal"", ""Rsad2"", ""B2m"", ""Ccnd2"", ""Prr13"", ""Iigp1"", ""Srgn"", ""Ly6a"", ""Ctla2a"", ""Pdgfa"", ""Lgals1"", ""Gbp2"", ""Fth1"", ""Add3"", ""Alox5ap"", ""Cpa3"", ""Cd74"", ""Rilpl2"", ""Lcp1"", ""Il18r1"", ""Glrx"", ""Pecam1"", ""Pmepa1"", ""Ms4a6d"", ""Cdkn1a"", ""Myl4"", ""Serpinb1a"", ""Cd44"", ""Tyrobp"", ""Tm6sf1"", ""Nr4a1"", ""Itga4"", ""Lbp"", ""Trf"")"
"749","GOBP_ACTIN_FILAMENT_BASED_PROCESS","0.00199365243934756","0.0116788526452076","0.431707695803346","0.36235137976791","1.48562493854078","232","c(""Bst2"", ""Tmsb4x"", ""Camk2d"", ""Pdlim4"", ""Pdgfa"", ""Actn2"", ""S1pr1"", ""Itgb3"", ""Calr"", ""Cotl1"", ""Add3"", ""Capg"", ""Ccr7"", ""Lcp1"", ""Pecam1"", ""Actn1"", ""Bcl2"", ""Myo6"", ""Vasp"", ""Swap70"", ""Rnh1"", ""Anxa1"", ""Tyrobp"", ""Zeb2"", ""Ikbkb"", ""Trf"", ""Smad3"", ""Msrb1"", ""Myo1f"", ""Iqgap2"", ""Dtnbp1"", ""Tpm4"", ""Arhgef10l"", ""Hsp90b1"", ""Nrp1"", ""Gpr65"", ""Pdgfrb"", ""Eef2k"", ""Icam1"", ""Aif1"", ""Hip1r"", ""Cyfip1"", ""Arhgap18"", ""Fgr"", ""Capn3"", ""Cdh1"", ""Bst1"", ""Scn1b"", ""Cdc42ep3"", ""Tgfb3"", ""Zyx"", ""Tnf"", ""Svil"", ""Fscn1"", ""Lrp1"", ""Casp4"", 
""Hck"", ""Csf1r"", ""Smad4"", ""Krt8"", ""Rhod"", ""Sirpa"", ""Pdlim7"", ""Asb2"", ""Samd14"")"
"750","TABULA_MURIS_SENIS_MAMMARY_GLAND_LUMINAL_EPITHELIAL_CELL_OF_MAMMARY_GLAND_AGEING","0.00401766382798575","0.0203322268071649","0.407017918923954","0.382829022414235","1.48652135085115","155","c(""Klf2"", ""Cytip"", ""Gm2a"", ""Hspa5"", ""Ifitm3"", ""Calr"", ""Fth1"", ""Apobec3"", ""Zfp36l2"", ""Cd74"", ""Crip1"", ""Cd52"", ""Junb"", ""Pkp4"", ""Apoe"", ""Ier2"", ""Il18r1"", ""Aldh2"", ""Gem"", ""Timp2"", ""Ifitm2"", ""Ecm1"", ""Grn"", ""Cdkn1a"", ""Lgals3"", ""Cst3"", ""Tmed3"", ""Tmem176b"", ""Tmem176a"", ""Nfkbiz"", ""Anxa1"", ""Slpi"", ""B4galnt1"", ""Nr4a1"", ""Ccl5"", ""Ogfrl1"", ""Trf"", ""Skil"", ""Cebpb"", ""Ier5"", ""Cnpy2"", ""Hsp90b1"", ""Nfix"", ""Fos"", ""Icam1"", ""Ly6e"", ""Bcl3"", ""Bhlhe40"", ""Trib1"", ""Pdia3"", ""Fosl2"", ""Lmna"", ""Plscr1"", ""Ppp3ca"", ""Foxp1"", ""Atf3"", 
""Ier3"")"
"751","GOBP_REGULATION_OF_BODY_FLUID_LEVELS","0.00975544814390154","0.0404829921166971","0.380730400722792","0.405469855979318","1.49054500365516","101","c(""Il6ra"", ""Pdgfa"", ""Itgb3"", ""Cd9"", ""Fcer1g"", ""Apoe"", ""Zbtb7b"", ""Stk39"", ""Cd40lg"", ""Ubash3b"", ""Axl"", ""Dtnbp1"", ""Oas2"", ""Heg1"", ""Plaur"", ""Anxa2"", ""Lyn"", ""Adora2a"", ""Aqp3"", ""Pdia3"", ""Fosl2"", ""Rab27a"", ""Ppp3ca"", ""Nfat5"", ""Wfs1"", ""Pla2g4a"", ""Vkorc1"", ""St3gal4"", ""Nr1h3"", ""Fbln1"", ""Aprt"", ""Entpd1"", ""Sytl2"", ""Xdh"", ""Tifab"", ""Socs2"", ""Ephb2"", ""Pdgfb"", ""Thbd"")"
"752","GOBP_POSITIVE_REGULATION_OF_CELL_DEVELOPMENT","0.00136821632106857","0.0086417627767932","0.45505986738723","0.369632272081235","1.4936585505456","210","c(""Vim"", ""Smad7"", ""Gimap3"", ""Mme"", ""Runx3"", ""Rpl4"", ""Tesc"", ""Irf1"", ""Itgb3"", ""Gimap5"", ""Etv5"", ""Cd74"", ""Il7r"", ""Il2ra"", ""Ccr7"", ""Sox13"", ""Notch1"", ""Apoe"", ""Bcl2"", ""Zfp36l1"", ""Ripk1"", ""Zbtb7b"", ""Vsir"", ""Nfkbiz"", ""Cd40lg"", ""Ninj1"", ""Anxa1"", ""Tyrobp"", ""Pparg"", ""Zeb2"", ""Ccl5"", ""Axl"", ""Nfkbid"", ""Trf"", ""Skil"", ""Tmem64"", ""Fos"", ""Plxnc1"", ""Lyn"", ""Nrp1"", ""Eef2k"", ""Myc"", ""Tnfsf11"", ""Tnfrsf1b"", ""Clcf1"", ""Il15ra"", ""Cd83"", ""Ccr2"", ""Spi1"", ""Trib1"", ""Cyfip1"", ""Runx1"", ""Lta"", ""Lgals9"", ""Gata3"", ""Ppp3ca"", ""Il18"", 
""Ccl3"", ""Malt1"", ""Smo"", ""Dusp10"", ""Id2"", ""Prkch"", ""Sgk1"", ""Gpr68"", ""Tnf"", ""Egr2"", ""Atxn1"", ""Fes"", ""Il15"", ""Lrp1"", ""Cysltr1"", ""Csf1r"", ""Nin"")"
"753","GOBP_MAPK_CASCADE","0.000508482223626649","0.00380201506192807","0.477270815362862","0.365609869481781","1.49620726474155","246","c(""Rps3"", ""Trim30a"", ""Igfbp4"", ""Camk2d"", ""Eif2ak2"", ""Il6ra"", ""P2rx7"", ""Pdgfa"", ""Itgb3"", ""Nfkb1"", ""Trim30d"", ""Zfp36l2"", ""Cd74"", ""Ccr7"", ""Notch1"", ""Apoe"", ""Timp2"", ""Zfp36l1"", ""Foxo1"", ""Ripk1"", ""Ighm"", ""Lax1"", ""Stk39"", ""Cd44"", ""Pparg"", ""Zeb2"", ""Ccl5"", ""Dusp2"", ""Trim5"", ""Trf"", ""Glipr2"", ""Smad3"", ""Rapgef2"", ""Gadd45b"", ""Cd300a"", ""Gadd45g"", ""Rnf149"", ""Ppm1l"", ""Gpr183"", ""Avpi1"", ""Lyn"", ""Ramp3"", ""Ccl4"", ""Nrp1"", ""Dusp5"", ""Pdgfrb"", ""Myc"", ""Tnfsf11"", ""Icam1"", ""Nenf"", ""Clcf1"", ""Ccr2"", ""Spi1"", ""Tmem106a"", ""Trib1"", 
""Ccl3"", ""Atf3"", ""Dusp10"", ""Chil1"", ""Havcr2"", ""Sorl1"", ""Ar"", ""Tgfb3"", ""Fcgr2b"", ""Sash1"", ""Hgf"", ""Plcg2"", ""Ctsh"", ""Tnf"", ""Smad1"", ""Lrp1"", ""Csf1r"", ""Mdfic"", ""Fbln1"", ""Trim30c"", ""Smad4"", ""Ccl8"", ""Ccl6"", ""Trem2"", ""Sirpa"", ""Naip2"", ""Tiam1"", ""Fgd2"", ""Zc3h12a"", ""Scimp"", ""Xdh"")"
"754","REACTOME_NEUTROPHIL_DEGRANULATION","0.00213383324965273","0.0123089315789768","0.431707695803346","0.37148714356209","1.49660342994539","206","c(""Bst2"", ""Plac8"", ""Mndal"", ""Eef1a1"", ""B2m"", ""Gm2a"", ""Ctss"", ""Mme"", ""Cotl1"", ""Nfkb1"", ""Fth1"", ""Sell"", ""Hvcn1"", ""Ostf1"", ""Gyg"", ""Fcer1g"", ""Atp8b4"", ""Pecam1"", ""Ctsb"", ""Camp"", ""Timp2"", ""S100a11"", ""Atp8a1"", ""Grn"", ""Cst3"", ""Serpinb1a"", ""Hexb"", ""Pglyrp1"", ""Cd44"", ""Tyrobp"", ""Cd63"", ""Ifi204"", ""Slpi"", ""Adgrg3"", ""Stk10"", ""Iqgap2"", ""Slc2a3"", ""Cd300a"", ""Plaur"", ""Anxa2"", ""Dynlt1f"", ""Cd68"", ""Rab44"", ""Pygl"", ""Tnfrsf1b"", ""Mgst1"", ""Qpct"", ""Ckap4"", ""Clec4n"", ""Ctsc"", ""Cd55"", ""Clec12a"", ""Fcgr3"", ""Lair1"", ""Cyfip1"", ""Rab27a"", 
""Fuca2"", ""Agpat2"", ""Ear2"", ""Gns"", ""Fgr"", ""Cd93"", ""Bst1"", ""Creg1"", ""Chil1"", ""Itgal"", ""Cfp"", ""Mvp"", ""Fcgr2b"", ""Cybb"", ""Cpne3"")"
"755","GOCC_APICAL_PLASMA_MEMBRANE","0.0101504280881042","0.0416996454765597","0.380730400722792","0.404489861095633","1.49669627370304","105","c(""Bst2"", ""Anxa6"", ""Il6ra"", ""Itgb3"", ""Atp1b3"", ""Hvcn1"", ""Cd9"", ""Notch1"", ""Ctsb"", ""Rapgef4"", ""Stk39"", ""Anxa1"", ""Cd44"", ""Anxa4"", ""Psen2"", ""Trf"", ""Rapgef2"", ""Dpp4"", ""Pdgfrb"", ""Il10ra"", ""Cd55"", ""Hip1r"", ""Pdia3"", ""Rab27a"", ""Plet1"", ""Il18"")"
"756","ZHANG_UTERUS_C1_PROLIFERATIVE_STROMAL1_MGP_HIGH_CELL","0.00751745378809042","0.0331635365189989","0.407017918923954","0.392163310382153","1.4976594504698","139","c(""Bst2"", ""Rpl10"", ""Rplp0"", ""Vim"", ""Rps18"", ""Eef1a1"", ""Rpl11"", ""Maf"", ""Hspa5"", ""Ctla2a"", ""Rpl4"", ""Lgals1"", ""Rps6"", ""Gm8730"", ""Ier2"", ""Timp2"", ""Eef1g"", ""Atp8a1"", ""Cst3"", ""Tmed3"", ""Anxa1"", ""Cd63"", ""Dap"", ""Axl"", ""Tpm4"", ""Gadd45g"", ""Cnpy2"", ""Anxa2"", ""Fos"", ""Ramp3"", ""Ppic"", ""P2ry14"", ""Ckap4"")"
"757","TABULA_MURIS_SENIS_SKIN_EPIDERMAL_CELL_AGEING","0.00114600978229682","0.00740965738610173","0.45505986738723","0.366050317959133","1.5001058638866","235","c(""Rps5"", ""Rpsa"", ""Rpl13"", ""Plac8"", ""Rps3"", ""Rplp0"", ""Rps10"", ""Vim"", ""Rps7"", ""AW112010"", ""Rpl3"", ""Rps3a1"", ""Ltb"", ""B2m"", ""Rps20"", ""Igfbp4"", ""Eef1b2"", ""Prr13"", ""Srgn"", ""Rpl4"", ""Psmb9"", ""Cd82"", ""Cd74"", ""Cd9"", ""Smco4"", ""Orai1"", ""Junb"", ""Notch1"", ""Fcer1g"", ""Rpl5"", ""Ier2"", ""Evi2a"", ""Aldh2"", ""Rgs1"", ""Zfp36l1"", ""Ifitm2"", ""Vasp"", ""Cdkn1a"", ""Lgals3"", ""Tmed3"", ""Unc93b1"", ""Tmem176b"", ""Nfkbiz"", ""Ninj1"", ""Tyrobp"", ""Cd63"", ""Slpi"", ""Nr4a1"", ""Mvb12a"", ""Nabp2"", ""Dtnbp1"", ""Rrad"")"
"758","GOMF_PROTEIN_HOMODIMERIZATION_ACTIVITY","0.000684717233553545","0.00484198931495632","0.477270815362862","0.36556440837437","1.50019541505747","251","c(""Bst2"", ""Trim30a"", ""Gzma"", ""Stat1"", ""B2m"", ""Sp100"", ""S100a6"", ""Camk2d"", ""Mme"", ""Pdlim4"", ""Il6ra"", ""Tesc"", ""Pdgfa"", ""Trim30d"", ""Gbp2"", ""Gyg"", ""Bcl2a1b"", ""Fcer1g"", ""Apoe"", ""Trim34a"", ""Cst7"", ""Pml"", ""Pecam1"", ""Actn1"", ""Bcl2"", ""Gbp3"", ""Zbtb38"", ""S100a11"", ""Ripk1"", ""Gbp5"", ""Bcl2a1d"", ""Zbtb7b"", ""Eng"", ""Tyrobp"", ""St6gal1"", ""Smchd1"", ""Ccl5"", ""Ikbkb"", ""Trim5"", ""Inpp5f"", ""Stk10"", ""Glipr2"", ""Smad3"", ""Gimap7"", ""Dst"", ""Dpp4"", ""Tpm4"", ""Rbpms"", ""Cebpb"", ""Ahr"", ""Hhex"", ""Bhlhe40"", ""Nr4a3"", ""Hip1r"", ""Gch1"", ""Runx1"", 
""Tpst2"")"
"759","GOMF_CALCIUM_ION_BINDING","0.0024805167119892","0.0138248428991818","0.431707695803346","0.384402535689707","1.50040128602357","161","c(""Anxa6"", ""S100a6"", ""Tesc"", ""S100a4"", ""Actn2"", ""Rasgrp2"", ""Calr"", ""Sell"", ""Snca"", ""Notch1"", ""Lcp1"", ""Actn1"", ""S100a11"", ""Ehd1"", ""Myl4"", ""Esyt1"", ""Anxa1"", ""Cd69"", ""Lpcat2"", ""Anxa4"", ""Dst"", ""Heg1"", ""Ehd4"", ""Anxa2"", ""Eef2k"", ""Clec4n"", ""Aif1"", ""Gch1"", ""Syt11"", ""Runx1"", ""Plscr1"", ""Gpd2"", ""Cd93"", ""Cblb"", ""Capn3"", ""Cdh1"", ""Mmp12"", ""Plch1"", ""Pla2g4a"", ""Clec4e"", ""Lrp1"", ""Mctp1"", ""Stim1"", ""Camkk2"", ""C2cd5"", ""Nin"", ""Fbln1"", ""Galnt3"", ""Nucb2"", ""Myl10"", ""Clec4a3"", ""Dgka"", ""Lpl"", ""Trpm2"", ""Rcn1"", ""Spock2"", ""Sulf2"", 
""Thbd"", ""Enpp2"", ""Stab1"")"
"760","TABULA_MURIS_SENIS_MESENTERIC_ADIPOSE_TISSUE_MESENCHYMAL_STEM_CELL_OF_ADIPOSE_AGEING","0.000315741897059164","0.00256484388050185","0.49849310876659","0.358979815841656","1.50095548353349","298","c(""Rps5"", ""Klf2"", ""Rpsa"", ""Rpl17"", ""Bst2"", ""Rpl13"", ""Rpl18a"", ""Rps3"", ""Rpl18"", ""Rplp0"", ""Rps10"", ""Rpl9"", ""Vim"", ""Rps7"", ""Rpl3"", ""Rps3a1"", ""Rpl8"", ""Eef1a1"", ""Rpl11"", ""B2m"", ""Rps20"", ""Eef1b2"", ""Rpl27a"", ""Prr13"", ""Naca"", ""Maf"", ""Rpl4"", ""Pdlim4"", ""Ifi35"", ""Calr"", ""Cotl1"", ""Rps2"", ""Rps6"", ""Capg"", ""Btf3"", ""Rpl7a"", ""Lgmn"", ""Cd9"", ""Junb"", ""Rpl5"", ""Apoe"", ""Ier2"", ""Aldh2"", ""Ifitm2"", ""Ehd1"", ""Cdkn1a"")"
"761","GOBP_MONOATOMIC_ION_HOMEOSTASIS","0.00437394761192384","0.0216246461675717","0.407017918923954","0.383447361577547","1.50187591935912","166","c(""Anxa6"", ""B2m"", ""Camk2d"", ""Tesc"", ""P2rx7"", ""Chd7"", ""Itgb3"", ""Atp1b3"", ""Fth1"", ""Alas2"", ""Hvcn1"", ""Snca"", ""Apoe"", ""Pml"", ""Bcl2"", ""Inpp4b"", ""Grn"", ""Hexb"", ""Snx10"", ""Stk39"", ""Ubash3b"", ""Ccl5"", ""Psen2"", ""Trf"", ""Atp2b4"", ""Tmem64"", ""Atp13a2"", ""Lyn"", ""Myc"", ""Tnfsf11"", ""Ccr2"", ""Ndfip1"", ""Fasl"", ""Cxcl10"", ""Slc40a1"", ""Capn3"", ""Ckb"", ""Creg1"", ""Wfs1"", ""Hmox1"", ""Tbxas1"", ""Plcg2"", ""Fam20a"", ""Mafg"", ""Sgk1"", ""Plch1"", ""Gsto1"", ""Stim1"", ""Smad4"", ""Mt1"", ""Ccl8"", ""Hfe"", ""Nucb2"", ""Fech"", ""Trpm2"", ""Lacc1"", ""Rhd"", ""Steap3""
)"
"762","GOBP_REGULATION_OF_T_CELL_ACTIVATION","0.00272448324404991","0.0148950537699011","0.431707695803346","0.383005298882024","1.50363415935562","174","c(""Rps3"", ""Slfn1"", ""B2m"", ""Irgm1"", ""Smad7"", ""Dtx1"", ""Gimap3"", ""Runx3"", ""Ctla2a"", ""Irf1"", ""Lgals1"", ""Gimap5"", ""Cd274"", ""Cd74"", ""Il7r"", ""Il2ra"", ""Ccr7"", ""Sox13"", ""Btla"", ""Dapl1"", ""Lgals3"", ""Zbtb7b"", ""Vsir"", ""Lax1"", ""Icos"", ""Nfkbiz"", ""Cd40lg"", ""Anxa1"", ""Cd44"", ""Ccl5"", ""Cd160"", ""Nfkbid"", ""Cd86"", ""Dpp4"", ""Cd300a"", ""Cebpb"", ""Adora2a"", ""Tnfsf11"", ""Tnfrsf1b"", ""Aif1"", ""Pdcd1lg2"", ""Cd55"", ""Cd83"", ""Ccr2"", ""Ndfip1"", ""Runx1"", ""Lgals9"", ""Gata3"", ""Ppp3ca"", ""Il18"", ""Malt1"", ""Cblb"", ""Dusp10"", ""Itgal"", ""Havcr2"")"
"763","GOBP_IMPORT_INTO_CELL","0.0012492959167835","0.00801421933193893","0.45505986738723","0.364944326633828","1.50489581850296","257","c(""B2m"", ""Ifitm3"", ""P2rx7"", ""Itgb3"", ""Atp1b3"", ""Calr"", ""Irf8"", ""Cd9"", ""Ccr7"", ""Snca"", ""Fcer1g"", ""Apoe"", ""Ncf4"", ""Pecam1"", ""Aak1"", ""Unc119"", ""Myo6"", ""Ighm"", ""Grn"", ""Ehd1"", ""Lgals3"", ""Snx10"", ""Anxa1"", ""Cd44"", ""Tyrobp"", ""Cd63"", ""Pparg"", ""Itga4"", ""Axl"", ""Lbp"", ""Trf"", ""Inpp5f"", ""Neurl3"", ""Ldlrap1"", ""Dtnbp1"", ""Mapkapk3"", ""Ehd4"", ""Cd300a"", ""Pld4"", ""Anxa2"", ""Nfix"", ""Ramp3"", ""Ly75"", ""Eef2k"", ""Il10ra"", ""Il2rb"", ""Aif1"", ""Il15ra"", ""Ccr2"", ""Hip1r"", ""Apobr"", ""Fcgr3"", ""Syt11"", ""Rab27a"", ""Plscr1"", ""Ppp3ca"", ""Fgr"", 
""Ncf2"", ""Creg1"", ""Itgal"", ""Sorl1"", ""Cfp"", ""Bmp2k"", ""Fcgr2b"", ""Plcg2"", ""Eea1"", ""Tnf"", ""Dmbt1"", ""Mrc1"", ""Il15"", ""Lrp1"", ""Hck"", ""Mctp1"", ""Nr1h3"", ""Slc22a3"", ""Hfe"", ""Trem2"", ""Sirpa"", ""Fcgr1"", ""Cxcl16"", ""Abca1"", ""Trpm2"", ""Slc38a1"", ""Snx18"", ""C3"", ""Slc22a2"", ""Slc11a1"", ""Plk2"", ""Cd300lf"", ""Slc15a3"", ""Alox15"", ""Slc7a8"", ""Lcn2"", ""Tspo2"", ""Itgam"", ""Pacsin1"", ""Treml4"", ""App"", ""Rab7b"", ""Kcnj15"", ""Arg1"", ""Anxa3"", ""Siglece"")"
"764","GOBP_APOPTOTIC_SIGNALING_PATHWAY","0.000987992326930443","0.00653533563430922","0.45505986738723","0.368196931865226","1.50495450045355","238","c(""Ifi27l2a"", ""Rps3"", ""Rps7"", ""Ltb"", ""Rpl11"", ""Anxa6"", ""Ifi27"", ""Sp100"", ""Ctss"", ""Runx3"", ""P2rx7"", ""Rpl26"", ""Cd74"", ""Crip1"", ""Bcl2a1b"", ""Pml"", ""Aldh2"", ""Dapl1"", ""Bcl2"", ""Ripk1"", ""Gpx1"", ""Cdkn1a"", ""Lgals3"", ""Traf1"", ""Bcl2a1d"", ""Nfkbiz"", ""Cd44"", ""Dap"", ""Bcl2l14"", ""Ifi204"", ""Hint1"", ""Tnfrsf4"", ""Psen2"", ""Smad3"", ""Skil"", ""Ddit4"", ""Plaur"", ""Cebpb"", ""G0s2"", ""Ybx3"", ""Tnfsf10"", ""Nrp1"", ""Adora2a"", ""Myc"", ""Icam1"", ""Tnfrsf1b"", ""Bcl3"", ""Ctsc"", ""Hip1r"", ""Spi1"", ""Pdia3"", ""Lmna"", ""Plscr1"", ""Fasl"", ""Il18"", ""Dapk2"", 
""P2rx4"", ""Atf3"", ""Ier3"", ""Wfs1"", ""Hmox1"", ""Ar"", ""Fcgr2b"", ""Hgf"", ""Ctsh"", ""Tnf"", ""Chchd10"", ""Trps1"", ""Nr4a2"")"
"765","TABULA_MURIS_SENIS_SUBCUTANEOUS_ADIPOSE_TISSUE_MESENCHYMAL_STEM_CELL_OF_ADIPOSE_AGEING","0.00600902708957326","0.027769355647625","0.407017918923954","0.397746071382738","1.50521532862712","123","c(""Klf2"", ""Itgb7"", ""Ctss"", ""Prr13"", ""Iigp1"", ""Fxyd5"", ""Gbp7"", ""Cotl1"", ""Capg"", ""Cd74"", ""Cd9"", ""Junb"", ""Apoe"", ""Ier2"", ""Pmepa1"", ""Ifitm2"", ""Ecm1"", ""Cdkn1a"", ""Cst3"", ""Tmem176b"", ""Tmem176a"", ""Nr4a1"", ""Nabp2"", ""Skil"", ""Dtnbp1"", ""Gadd45b"", ""Gadd45g"", ""Nfix"", ""Fos"", ""C1qa"", ""C1qb"", ""Phlda1"", ""Fosl2"", ""Lmna"", ""Rarg"", ""Gata3"", ""Pltp"", ""Scn1b"", ""Ier3"")"
"766","GOBP_REGULATION_OF_ACTIN_FILAMENT_BASED_PROCESS","0.00764411397786591","0.033618860171059","0.407017918923954","0.39806709895888","1.50537870505065","121","c(""Bst2"", ""Tmsb4x"", ""Pdlim4"", ""Actn2"", ""S1pr1"", ""Itgb3"", ""Cotl1"", ""Add3"", ""Capg"", ""Pecam1"", ""Vasp"", ""Swap70"", ""Rnh1"", ""Zeb2"", ""Smad3"", ""Myo1f"", ""Iqgap2"", ""Arhgef10l"", ""Nrp1"", ""Gpr65"", ""Pdgfrb"", ""Icam1"", ""Hip1r"", ""Cyfip1"", ""Arhgap18"", ""Fgr"", ""Bst1"", ""Cdc42ep3"", ""Tgfb3"", ""Svil"", ""Fscn1"", ""Lrp1"", ""Hck"", ""Csf1r"", ""Smad4"", ""Rhod"")"
"767","GOBP_POSITIVE_REGULATION_OF_MAPK_CASCADE","0.0023554516642779","0.0133222890994652","0.431707695803346","0.385445087604117","1.50663016412231","170","c(""Rps3"", ""Trim30a"", ""Igfbp4"", ""Camk2d"", ""Eif2ak2"", ""Il6ra"", ""P2rx7"", ""Pdgfa"", ""Itgb3"", ""Trim30d"", ""Cd74"", ""Ccr7"", ""Notch1"", ""Apoe"", ""Timp2"", ""Ripk1"", ""Ighm"", ""Stk39"", ""Cd44"", ""Zeb2"", ""Ccl5"", ""Trim5"", ""Glipr2"", ""Rapgef2"", ""Gadd45b"", ""Gadd45g"", ""Gpr183"", ""Avpi1"", ""Ramp3"", ""Ccl4"", ""Nrp1"", ""Pdgfrb"", ""Tnfsf11"", ""Icam1"", ""Nenf"", ""Ccr2"", ""Spi1"", ""Tmem106a"", ""Ccl3"", ""Chil1"", ""Havcr2"", ""Ar"", ""Tgfb3"", ""Fcgr2b"", ""Sash1"", ""Hgf"", ""Plcg2"", ""Tnf"", ""Lrp1"", ""Csf1r"", ""Trim30c"", ""Ccl8"", ""Ccl6"", ""Trem2"", ""Naip2"", ""Tiam1"", 
""Fgd2"", ""Zc3h12a"", ""Scimp"", ""Xdh"", ""Igf1"", ""Jun"", ""C3"", ""C5ar1"", ""Pdgfb"", ""Alox15"")"
"768","GOMF_MOLECULAR_FUNCTION_INHIBITOR_ACTIVITY","0.00403727988580756","0.0203818663249176","0.407017918923954","0.391351459642069","1.51007467370136","142","c(""Bst2"", ""Rps7"", ""Parp9"", ""Rpl11"", ""Rps20"", ""Smad7"", ""Rpl23"", ""Camk2d"", ""Ly6a"", ""Tesc"", ""Gbp2"", ""Dtx3l"", ""Notch1"", ""Rpl5"", ""Sh3bp5"", ""Cst7"", ""Bcl2"", ""Timp2"", ""Serpina3g"", ""Gbp5"", ""Cdkn1a"", ""Cst3"", ""Serpinb1a"", ""Rnh1"", ""Serpinb6b"", ""Anxa1"", ""Slpi"", ""Ccl5"", ""Atp2b4"", ""Ly6c1"", ""Ctla2b"", ""Furin"", ""Anxa2"", ""Ly6e"", ""Serpinb9"", ""Cd55"", ""Trib1"", ""Smo"", ""Scn1b"", ""Crim1"", ""Id2"", ""Prkch"", ""Fry"")"
"769","GOBP_NEGATIVE_REGULATION_OF_PROTEIN_MODIFICATION_PROCESS","0.0041747659681534","0.020873829840767","0.407017918923954","0.386408700181047","1.5119079616042","162","c(""Isg15"", ""Rps3"", ""Rps7"", ""Slfn1"", ""Rpl11"", ""Smad7"", ""Parp14"", ""Rpl23"", ""Irf1"", ""Dtx3l"", ""Snca"", ""Rpl5"", ""Apoe"", ""Sh3bp5"", ""Pecam1"", ""Cdkn1a"", ""Swap70"", ""Eng"", ""Lax1"", ""Ncoa7"", ""Ubash3b"", ""Pparg"", ""Ikbkb"", ""Psen2"", ""Inpp5f"", ""Atp2b4"", ""Dtnbp1"", ""Gadd45b"", ""Heg1"", ""Cd300a"", ""Gadd45g"", ""Lyn"", ""Adora2a"", ""Hhex"", ""Trib1"", ""Lrrk1"", ""Il18"", ""Cblb"", ""Capn3"", ""Dusp10"", ""Sorl1"", ""Mvp"", ""Hgf"", ""Prkch"", ""Fry"", ""Tnf"", ""Bex6"", ""Pkib"", ""Ppp1r15a"", ""Fbln1"", ""Socs3"", ""Fabp4"", ""Sirpa"", ""Zc3h12a"", ""Xdh"", ""Igf1"", 
""N4bp1"", ""Jun"")"
"770","GOBP_LEUKOCYTE_PROLIFERATION","0.00184758397377785","0.0109802011291357","0.45505986738723","0.381980058453872","1.51328980320525","187","c(""Rps3"", ""Slfn1"", ""Irgm1"", ""P2rx7"", ""Irf1"", ""Rps6"", ""Cd274"", ""Cd74"", ""Il7r"", ""Il2ra"", ""Ccr7"", ""Junb"", ""Btla"", ""Bcl2"", ""Ighm"", ""Cdkn1a"", ""Lgals3"", ""Zbtb7b"", ""Vsir"", ""Mzb1"", ""Nfkbiz"", ""Cd40lg"", ""Anxa1"", ""Cd44"", ""Tyrobp"", ""Stat4"", ""St6gal1"", ""Ccl5"", ""Tnfrsf4"", ""Cd86"", ""Cd300a"", ""Cebpb"", ""Ifnar2"", ""Ebi3"", ""Nfix"", ""Gpr183"", ""Lyn"", ""Ahr"", ""Myc"", ""Csf2ra"", ""Tnfsf11"", ""Tnfrsf1b"", ""Hhex"", ""Clcf1"", ""Aif1"", ""Pdcd1lg2"", ""Cd55"", ""Ccr2"", ""Ndfip1"", ""Fosl2"", ""Lgals9"", ""Ppp3ca"", ""Il18"", ""Malt1"", ""Cblb"", ""Nfatc2"", 
""Bst1"", ""Cd79a"", ""Vav3"", ""Cd38"", ""Itgal"", ""Havcr2"")"
"771","GOBP_B_CELL_MEDIATED_IMMUNITY","0.0114081684880187","0.0458806776148577","0.380730400722792","0.432474092319991","1.51823255383949","75","c(""Irf7"", ""Gimap3"", ""Gimap5"", ""Batf"", ""Cd74"", ""Fcer1g"", ""Ighm"", ""Swap70"", ""Nfkbiz"", ""Cd40lg"", ""Pou2f2"", ""C1qa"", ""Il27ra"", ""Bcl3"", ""Il2rb"", ""Clcf1"", ""C1qb"", ""Cd55"", ""Fcgr3"", ""Ndfip1"", ""Lta"", ""Fcgr2b"", ""Tnf"", ""Foxp3"", ""C1qc"", ""Trem2"", ""Fcgr1"", ""C3"", ""Ighd"", ""Csf2rb"")"
"772","GOBP_POSITIVE_REGULATION_OF_CELL_ADHESION","0.00173530313031427","0.0104647354914326","0.45505986738723","0.376747662991869","1.5188837576625","208","c(""Rps3"", ""B2m"", ""Irgm1"", ""Smad7"", ""Gimap3"", ""Runx3"", ""Il6ra"", ""Irf1"", ""Itgb3"", ""Lgals1"", ""Calr"", ""Gimap5"", ""Cd274"", ""Cd74"", ""Il7r"", ""Il2ra"", ""Ccr7"", ""Sox13"", ""Tnfrsf18"", ""Rsu1"", ""Zbtb7b"", ""Vsir"", ""Icos"", ""Nfkbiz"", ""Cd40lg"", ""Ninj1"", ""Anxa1"", ""Cd44"", ""Cd63"", ""Adam19"", ""Itga4"", ""Ccl5"", ""Cd160"", ""Nfkbid"", ""Cd86"", ""Smad3"", ""Dpp4"", ""Plaur"", ""Nrp1"", ""Tnfsf11"", ""Icam1"", ""Aif1"", ""Pdcd1lg2"", ""Cd55"", ""Cd83"", ""Nr4a3"", ""Ccr2"", ""Runx1"", ""Lgals9"", ""Gata3"", ""Ppp3ca"", ""Nfat5"", ""Il18"", ""Malt1"", ""Cdh1"", ""Dusp10"", 
""Vav3"", ""Itgal"", ""Havcr2"")"
"773","GOBP_T_CELL_DIFFERENTIATION","0.00368120183771344","0.018985335017344","0.431707695803346","0.388284754062972","1.51924842986786","162","c(""Rsad2"", ""B2m"", ""Smad7"", ""Dtx1"", ""Gimap3"", ""Igtp"", ""Runx3"", ""Ctla2a"", ""Il6ra"", ""Chd7"", ""Irf1"", ""Lfng"", ""Gpr18"", ""Gimap5"", ""Rps6"", ""Batf"", ""Zfp36l2"", ""Cd74"", ""Il7r"", ""Il2ra"", ""Ccr7"", ""Sox13"", ""Fcer1g"", ""Sema4a"", ""Il18r1"", ""Relb"", ""Bcl2"", ""Zfp36l1"", ""Rora"", ""Bcl2a1d"", ""Zbtb7b"", ""Vsir"", ""Nfkbiz"", ""Anxa1"", ""Cd44"", ""Prr7"", ""Stat4"", ""Nfkbid"", ""Gadd45g"", ""Irf4"", ""Ifnar2"", ""Runx2"", ""Gpr183"", ""Bcl3"", ""Cd83"", ""Ccr2"", ""Spi1"", ""Tnfsf8"", ""Fosl2"", ""Runx1"", ""Lgals9"", ""Gata3"", ""Il18"", ""Malt1"", ""Foxp1"", ""Dusp10""
)"
"774","TABULA_MURIS_SENIS_SKIN_BASAL_CELL_OF_EPIDERMIS_AGEING","2.27877080228819e-05","0.000268971364370053","0.575610261071129","0.354890497239358","1.51943144685351","426","c(""Rps5"", ""Klf2"", ""Rpsa"", ""Rpl17"", ""Rpl13"", ""Rpl18a"", ""Plac8"", ""Rps3"", ""Rpl18"", ""Rpl10"", ""Rpl21"", ""Rps4x"", ""Rpl19"", ""Rplp0"", ""Rps10"", ""Rpl9"", ""Rps7"", ""Rps18"", ""Tmsb4x"", ""AW112010"", ""Rpl3"", ""Rpl32"", ""Rps3a1"", ""Rpl8"", ""Ltb"", ""Rps14"", ""Rpl11"", ""B2m"", ""Rps20"", ""Ccnd2"", ""Ifi27"", ""Rps16"", ""Eef1b2"", ""Rpl27a"", ""Prr13"", ""Klk8"", ""Naca"", ""Fxyd5"", ""Ifitm3"", ""Ifi35"", ""Rplp1"", ""Psmb9"", ""Pdgfa"", ""Rps27a"", ""Cotl1"", ""Rpl14"", ""Psme2"", ""Fth1"", ""Btf3"", ""Rpl7a"", ""Cd74"", ""Ostf1"", ""Cd9"", ""Smco4"", ""Orai1"", ""Rps19"", ""Notch1"", 
""Rpl5"", ""Apoe"", ""Ier2"", ""Tnfrsf18"", ""Ncf4"", ""Dapl1"", ""Ifi30"", ""Rpl22l1"", ""S100a11"", ""Ifitm2"", ""Gpx1"", ""Vasp"", ""Cdkn1a"", ""Lgals3"", ""Cst3"", ""Tmed3"", ""Tmem176b"", ""Rpl28"", ""Vsir"", ""Rps8"", ""Syngr2"", ""Ninj1"", ""Cd63"", ""Slpi"", ""Ccl5"", ""Manf"", ""Hint1"", ""Dusp2"", ""Tnfrsf4"", ""Mvb12a"", ""Blvrb"", ""Nabp2"", ""Napsa"")"
"775","GOBP_SECRETION","0.000326676681372901","0.00263500811205849","0.49849310876659","0.367658921170991","1.51980028797286","269","c(""Rsad2"", ""Nkg7"", ""P2rx7"", ""Chd7"", ""Blk"", ""Cd74"", ""Orai1"", ""Snca"", ""Notch1"", ""Fcer1g"", ""Apoe"", ""Sytl1"", ""Myo6"", ""Pde3b"", ""Foxo1"", ""Lgals3"", ""Zbtb7b"", ""Eng"", ""Rapgef4"", ""Snx10"", ""Stk39"", ""Syngr2"", ""Anxa1"", ""Pparg"", ""Nr4a1"", ""Ccl5"", ""Axl"", ""Cd160"", ""Cpt1a"", ""Myo1f"", ""Dtnbp1"", ""Oas2"", ""Atp13a2"", ""Cd300a"", ""Furin"", ""Stx11"", ""Anxa2"", ""Lyn"", ""Rab44"", ""Adora2a"", ""Myc"", ""Tnfsf11"", ""Slc16a10"", ""Tnfrsf1b"", ""Ly6e"", ""Clcf1"", ""Lat2"", ""Nr4a3"", ""Ccr2"", ""Hip1r"", ""Spi1"", ""Fcgr3"", ""Syt11"", ""Fosl2"", ""Rab27a"", ""Runx1"", 
""Lgals9"", ""Gata3"", ""Ppp3ca"", ""Fgr"", ""Cd38"", ""Hmox1"", ""Tgfb3"", ""Frmd4a"", ""Rab3il1"", ""Gpr68"", ""Tnf"", ""Serp1"", ""Pla2g4a"", ""Fes"", ""Milr1"", ""Lrp1"", ""Oxct1"", ""Hck"", ""Mctp1"", ""Stim1"", ""Exoc3l4"", ""Nr1h3"", ""Ffar2"", ""Smad4"", ""Aprt"", ""Entpd1"", ""Ccl8"", ""Hfe"", ""Trem2"", ""Tiam1"", ""Nucb2"", ""Sytl2"", ""Xdh"", ""Abca1"", ""Igf1"", ""Trpm2"")"
"776","GOBP_REGULATION_OF_T_CELL_PROLIFERATION","0.00840679020167407","0.036141635537182","0.380730400722792","0.415761459250814","1.52136086950484","95","c(""Rps3"", ""Slfn1"", ""Irgm1"", ""Irf1"", ""Cd274"", ""Il2ra"", ""Ccr7"", ""Btla"", ""Lgals3"", ""Zbtb7b"", ""Vsir"", ""Cd40lg"", ""Anxa1"", ""Cd44"", ""Ccl5"", ""Cd86"", ""Cebpb"", ""Tnfrsf1b"", ""Aif1"", ""Pdcd1lg2"", ""Cd55"", ""Ccr2"", ""Ndfip1"", ""Lgals9"", ""Ppp3ca"", ""Il18"", ""Cblb"", ""Itgal"", ""Havcr2"", ""Tnfsf13b"", ""Lmo1"", ""Il15"", ""Foxp3"", ""Card11"", ""Vcam1"", ""Pnp"")"
"777","TABULA_MURIS_SENIS_GONADAL_ADIPOSE_TISSUE_MESENCHYMAL_STEM_CELL_OF_ADIPOSE_AGEING","0.00010085564305103","0.000985361350762622","0.538434096309916","0.364485381324178","1.52185895197855","312","c(""Rps5"", ""Klf2"", ""Rpsa"", ""Bst2"", ""Irf7"", ""Rpl13"", ""Rps3"", ""Usp18"", ""Rplp0"", ""Rps10"", ""Rps3a1"", ""B2m"", ""Slfn5"", ""Sp100"", ""Ctss"", ""Prr13"", ""Iigp1"", ""Maf"", ""Ly6a"", ""Rpl4"", ""Pdlim4"", ""Ifitm3"", ""Ifi35"", ""Lgals3bp"", ""Irf1"", ""Smpdl3a"", ""Cotl1"", ""Psme2"", ""Fth1"", ""Sp110"", ""Capg"", ""Ube2l6"", ""Cd74"", ""Lgmn"", ""Ostf1"", ""Cd9"", ""Cd52"", ""Junb"", ""Apoe"", ""Ier2"", ""Aldh2"", ""Ctsb"", ""Zfp36l1"", ""Ifitm2"", ""Ecm1"", ""Ehd1"", ""Cdkn1a"", ""Lgals3"", ""Tmem176b"", ""Nfkbiz"", ""Ptgir"", ""Syngr2"", ""Anxa1"", ""Filip1l"", ""Cd63"", ""Nabp2"", ""Sdf2l1"", 
""Ly6c1"", ""Dpp4"", ""Dtnbp1"", ""Gadd45b"", ""Rrad"", ""Rbpms"", ""Cebpb"", ""Acvrl1"", ""Smim10l1"", ""Zbtb7a"", ""Ybx3"", ""Nfix"", ""Fos"", ""Tcn2"", ""Lmo2"", ""Myc"", ""Icam1"", ""Ly6e"", ""Mgst1"", ""Qpct"", ""Bcl3"", ""Pgd"", ""C1qb"", ""Tmem106a"", ""Fcgr3"", ""Fosl2"", ""Lgals9"", ""Plscr1"", ""Pltp"")"
"778","GOBP_REGULATION_OF_LOCOMOTION","5.44501199180268e-05","0.000580430181654059","0.557332238758646","0.356075836719468","1.52278276560112","379","c(""Bst2"", ""Vim"", ""Tmsb4x"", ""Sp100"", ""Camk2d"", ""Hspa5"", ""Pdgfa"", ""S1pr1"", ""Itgb3"", ""Calr"", ""Gpr18"", ""Sell"", ""Pik3cd"", ""Cd274"", ""Cd74"", ""Lgmn"", ""Cd9"", ""Ccr7"", ""Snca"", ""Notch1"", ""Sema4a"", ""Apoe"", ""Tnfrsf18"", ""Pecam1"", ""Bcl2"", ""S100a11"", ""Ecm1"", ""Atp8a1"", ""Grn"", ""Lgals3"", ""Swap70"", ""Vsir"", ""Eng"", ""Rapgef4"", ""Stk39"", ""Ninj1"", ""Anxa1"", ""Arhgap5"", ""Cd63"", ""Hdac4"", ""Cd200r1"", ""St6gal1"", ""Pparg"", ""Zeb2"", ""Itga4"", ""Ccl5"", ""Adgrg3"", ""Lbp"", ""Trf"", ""Inpp5f"", ""Atp2b4"", ""Stk10"", ""Glipr2"", ""Smad3"", ""Rapgef2"", ""Myo1f"", 
""Dpp4"", ""Cd300a"", ""Acvrl1"", ""Furin"", ""Ccr4"", ""Plxnc1"", ""Gpr183"", ""Lyn"", ""Nrp1"", ""Pdgfrb"", ""Myc"", ""Icam1"", ""Il27ra"", ""Aif1"", ""Nr4a3"", ""Ccr2"", ""Spi1"", ""Trib1"", ""Sdc3"", ""Lmna"", ""Arhgap18"", ""Lgals9"", ""Gata3"", ""Plet1"", ""Ppp3ca"", ""Il18"", ""Dapk2"", ""Cxcl10"", ""Fgr"", ""Smo"", ""P2rx4"", ""Foxp1"", ""Cdh1"", ""Bst1"", ""Dusp10"", ""Rras2"", ""Hmox1"", ""Sorl1"", ""Il1r1"", ""Sema6d"", ""Sash1"", ""Hgf"", ""Plcg2"", ""Cpne3"", ""Mmp12"", ""Ctsh"", ""Tnf"", ""Bex6"", ""Fes"", ""Ldlrad4"", ""Lrp1"", ""Mctp1"", ""Csf1r"", ""St3gal4"")"
"779","GOBP_REGULATION_OF_LEUKOCYTE_DIFFERENTIATION","0.00291687837660262","0.0156925867634297","0.431707695803346","0.389099253343349","1.52633679114947","164","c(""Smad7"", ""Dtx1"", ""Gimap3"", ""Runx3"", ""Ctla2a"", ""Tesc"", ""Irf1"", ""Itgb3"", ""Gimap5"", ""Zfp36l2"", ""Clec2d"", ""Cd74"", ""Il7r"", ""Il2ra"", ""Ccr7"", ""Sox13"", ""Zfp36l1"", ""Ripk1"", ""Inpp4b"", ""Zbtb7b"", ""Tmem176b"", ""Vsir"", ""Tmem176a"", ""Nfkbiz"", ""Cd40lg"", ""Ninj1"", ""Anxa1"", ""Ubash3b"", ""Pglyrp1"", ""Cd44"", ""Tyrobp"", ""Ccl5"", ""Axl"", ""Nfkbid"", ""Tmem64"", ""Cebpb"", ""Zbtb7a"", ""Fos"", ""Lyn"", ""Myc"", ""Tnfsf11"", ""Il15ra"", ""Cd83"", ""Ccr2"", ""Spi1"", ""Trib1"", ""Ndfip1"", ""Runx1"", ""Lgals9"", ""Gata3"", ""Ppp3ca"", ""Il18"", ""Ccl3"", ""Malt1"", ""Foxp1"", 
""Dusp10"")"
"780","TABULA_MURIS_SENIS_BRAIN_NON_MYELOID_NEURON_AGEING","0.000915232562036539","0.00612468931537871","0.477270815362862","0.37021424642149","1.52662702426097","257","c(""Rpsa"", ""Rpl17"", ""Rpl13"", ""Rps3"", ""Rpl18"", ""Vim"", ""Rps7"", ""Tmsb4x"", ""Rpl32"", ""Rps3a1"", ""B2m"", ""Rps20"", ""Smad7"", ""Prr13"", ""Rpl29"", ""Il6ra"", ""Rpl26"", ""S1pr1"", ""Fth1"", ""Alas2"", ""Capg"", ""Cd74"", ""Cd9"", ""Ccr7"", ""Apoe"", ""Rsu1"", ""Bcl2"", ""Pmepa1"", ""Ripk1"", ""Gpx1"", ""Atp8a1"", ""Cst3"", ""Rapgef4"", ""Lpcat2"", ""Trf"", ""Nabp2"", ""Ddit4"", ""Acvrl1"", ""Rnf149"", ""Matk"", ""Anxa2"", ""Gatm"", ""Ppic"", ""Icam1"", ""Il15ra"", ""Ctsc"", ""Sidt1"", ""Hip1r"", ""Fcgrt"", ""Plscr1"", ""Pltp"", ""Nfat5"")"
"781","SWEET_LUNG_CANCER_KRAS_UP","0.000272641056164095","0.00227929512696951","0.49849310876659","0.37323974991003","1.52743148344778","246","c(""Trbc1"", ""Rpl17"", ""Rpl10a"", ""Rps18"", ""Rpl3"", ""Rpl8"", ""Ctss"", ""Hspa5"", ""Cotl1"", ""Rps2"", ""Cd74"", ""Ostf1"", ""Cd9"", ""Lcp1"", ""Mx1"", ""Glrx"", ""Actn1"", ""Ctsb"", ""Ifi30"", ""Vasp"", ""Cdkn1a"", ""Lgals3"", ""Rpl28"", ""Rps8"", ""Snx10"", ""Pglyrp1"", ""Cd44"", ""Tyrobp"", ""Cd63"", ""Dap"", ""Adam19"", ""St6gal1"", ""Slpi"", ""B4galnt1"", ""Pparg"", ""Itga4"", ""Manf"", ""Axl"", ""Anxa4"", ""Lbp"", ""Napsa"", ""Tpm4"", ""Sat1"", ""Rnf149"", ""Avpi1"", ""Ly75"", ""Tmem50b"", ""Pgls"", ""Cd68"", ""Adssl1"", ""Acadl"", ""Hdc"", ""Hhex"", ""C1qb"", ""Ctsc"", ""Phlda1"", ""Bhlhe40"", ""Klhdc2"", 
""Gch1"", ""Plp2"", ""Plet1"", ""Ear2"", ""Il18"", ""Gns"", ""Bst1"", ""Mpeg1"", ""Chil1"", ""Litaf"", ""Id2"", ""Fcgr2b"", ""Mmp12"", ""Ctsh"", ""Mrc1"", ""St3gal4"", ""Mdfic"", ""Plbd1"", ""Eef1d"", ""Krt8"", ""Galnt3"", ""Zdhhc3"", ""Entpd1"", ""Mt1"", ""C1qc"", ""Ccl6"", ""Sirpa"")"
"782","GOCC_CELL_SURFACE","2.9287198599428e-05","0.000339317341348928","0.575610261071129","0.356374425171616","1.52900663648689","400","c(""Bst2"", ""Trdc"", ""Itgb7"", ""B2m"", ""Ctss"", ""Ly6a"", ""Hspa5"", ""Il6ra"", ""Ifitm3"", ""P2rx7"", ""Pdgfa"", ""Izumo1r"", ""S1pr1"", ""Itgb3"", ""Lgals1"", ""Calr"", ""Sell"", ""Cd274"", ""Cd48"", ""Clec2d"", ""Itgae"", ""Cd74"", ""Il7r"", ""Cd9"", ""Il2ra"", ""Ccr7"", ""Notch1"", ""Fcer1g"", ""Apoe"", ""Tnfrsf18"", ""Vamp5"", ""Pecam1"", ""Btla"", ""Ctsb"", ""Timp2"", ""Ighm"", ""Lgals3"", ""Vsir"", ""Eng"", ""Icos"", ""Cd40lg"", ""Anxa1"", ""Cd44"", ""Tyrobp"", ""Cd63"", ""Cd69"", ""Adam19"", ""Cd200r1"", ""Itga4"", ""Gypa"", ""Axl"", ""Anxa4"", ""Lbp"", ""Tnfrsf4"", ""Psen2"", ""Trf"", ""Cd86"", 
""Ly6c1"", ""Gfra1"", ""Dpp4"", ""Iqgap2"", ""Heg1"", ""Plaur"", ""Acvrl1"", ""Furin"", ""Ccr4"", ""Ebi3"", ""Anxa2"", ""Ccrl2"", ""Lyn"", ""Tcn2"", ""Ramp3"", ""Ly75"", ""Nrp1"", ""Pdgfrb"", ""Icam1"", ""Cd79b"", ""Ckap4"", ""Il27ra"", ""Clec4n"", ""Il2rb"", ""Il17rb"", ""Il15ra"", ""Pdcd1lg2"", ""Cd55"", ""Treml2"", ""Cd83"", ""Clec12a"", ""Ccr2"", ""Pdcd1"", ""Fcgr3"", ""Fcgrt"", ""Pdia3"", ""Sdc3"", ""Fasl"", ""Plet1"", ""Cxcl10"", ""Cd93"", ""Cdh1"", ""Cd79a"", ""Cd38"", ""Itgal"", ""Havcr2"", ""Sorl1"", ""Il1r1"", ""Sema6d"", ""Tgfb3"", ""Cxcr6"", ""Fcgr2b"")"
"783","TABULA_MURIS_SENIS_DIAPHRAGM_MESENCHYMAL_STEM_CELL_AGEING","0.000820870765923211","0.00559773346322189","0.477270815362862","0.384358720383462","1.52967841270083","191","c(""Rps5"", ""Rpsa"", ""Rpl17"", ""Bst2"", ""Rpl13"", ""Rpl18a"", ""Rpl18"", ""Rpl21"", ""Rps10"", ""Rpl9"", ""Rps7"", ""Rps18"", ""Tmsb4x"", ""Rpl32"", ""Rps14"", ""Rpl11"", ""B2m"", ""Rps20"", ""Ifi27"", ""Rpl23"", ""Rpl27a"", ""Prr13"", ""Naca"", ""S100a6"", ""Ly6a"", ""Emp3"", ""Ifitm3"", ""Rplp1"", ""Rpl26"", ""Lgals1"", ""Rps27a"", ""Rpl14"", ""Fth1"", ""Cd74"", ""Crip1"", ""Rps19"", ""Apoe"", ""Pmepa1"", ""Rpl22l1"", ""Zfp36l1"", ""S100a11"", ""Ifitm2"", ""Gpx1"", ""Cdkn1a"", ""Cst3"", ""Tmem176b"", ""Rpl28"", ""Serpinb1a"", ""Tmem176a"", ""Rps8"", ""Serpinb6b"", ""Cd63"")"
"784","GOBP_POSITIVE_REGULATION_OF_CELL_CELL_ADHESION","0.00335220758608676","0.0176375325745024","0.431707695803346","0.394265340466723","1.53045152066497","153","c(""Rps3"", ""B2m"", ""Irgm1"", ""Smad7"", ""Gimap3"", ""Runx3"", ""Il6ra"", ""Irf1"", ""Lgals1"", ""Gimap5"", ""Cd274"", ""Cd74"", ""Il7r"", ""Il2ra"", ""Ccr7"", ""Sox13"", ""Zbtb7b"", ""Vsir"", ""Icos"", ""Nfkbiz"", ""Cd40lg"", ""Anxa1"", ""Cd44"", ""Adam19"", ""Itga4"", ""Ccl5"", ""Cd160"", ""Nfkbid"", ""Cd86"", ""Dpp4"", ""Plaur"", ""Tnfsf11"", ""Icam1"", ""Aif1"", ""Pdcd1lg2"", ""Cd55"", ""Cd83"", ""Nr4a3"", ""Ccr2"", ""Runx1"", ""Lgals9"", ""Gata3"", ""Ppp3ca"", ""Nfat5"", ""Il18"", ""Malt1"", ""Cdh1"", ""Dusp10"", ""Itgal"", ""Havcr2"")"
"785","GOBP_GLYCEROLIPID_METABOLIC_PROCESS","0.0101136476382833","0.0416081558146016","0.380730400722792","0.436100937312064","1.53096486366447","75","c(""Pdgfa"", ""Pitpnc1"", ""Pik3cd"", ""Apoe"", ""Inpp4b"", ""Gpx1"", ""Faah"", ""Lpcat2"", ""Inpp5f"", ""Cpt1a"", ""Naaa"", ""Pdgfrb"", ""Cish"", ""Apobr"", ""Plscr1"", ""Chpt1"", ""Agpat2"", ""Sorl1"", ""Plcg2"", ""Pla2g4a"", ""Nr1h3"", ""Socs3"", ""Dgka"", ""Lpl"", ""C3"", ""Socs2"", ""Pdgfb"", ""Alox15"", ""Enpp2"")"
"786","GOBP_REGULATION_OF_LEUKOCYTE_MEDIATED_IMMUNITY","0.00356441834782844","0.0184966307493698","0.431707695803346","0.404785399577686","1.53120533300921","126","c(""Bst2"", ""Rsad2"", ""B2m"", ""Smad7"", ""Gimap3"", ""P2rx7"", ""Gimap5"", ""Clec2d"", ""Il7r"", ""Fcer1g"", ""Il18r1"", ""Vsir"", ""Arid5a"", ""Tyrobp"", ""Il18rap"", ""Cd160"", ""Dpp4"", ""Cd300a"", ""Lyn"", ""Ahr"", ""Tnfrsf1b"", ""Il27ra"", ""Serpinb9"", ""Clcf1"", ""Cd55"", ""Ccr2"", ""Spi1"", ""Fcgr3"", ""Ndfip1"", ""Lta"", ""Lgals9"", ""Gata3"", ""Il18"", ""Malt1"", ""Fgr"", ""Hmox1"", ""Havcr2"", ""Il1r1"", ""Fcgr2b"", ""Plcg2"", ""Tnf"", ""Fes"", ""Foxp3"", ""Hfe"", ""Trem2"", ""Fcgr1"", ""Pnp"", ""Scimp"")"
"787","GOBP_RESPONSE_TO_WOUNDING","0.00133485275531808","0.00848711812832504","0.45505986738723","0.390663204911094","1.53164442278854","173","c(""Anxa6"", ""Klk8"", ""Naca"", ""Il6ra"", ""Pdgfa"", ""Itgb3"", ""Zfp36l2"", ""Cd9"", ""Fcer1g"", ""Lcp1"", ""Apoe"", ""Pecam1"", ""Bcl2"", ""Zfp36l1"", ""Gpx1"", ""Grn"", ""Cdkn1a"", ""Ahnak"", ""Eng"", ""Nfkbiz"", ""Cd40lg"", ""Anxa1"", ""Ubash3b"", ""Cd44"", ""Tyrobp"", ""Pparg"", ""Axl"", ""Inpp5f"", ""Smad3"", ""Dst"", ""Dtnbp1"", ""Plaur"", ""Acvrl1"", ""Anxa2"", ""Xylt1"", ""Nfix"", ""Lyn"", ""Nrp1"", ""Ccr2"", ""Syt11"", ""Pdia3"", ""Nfatc1"", ""Rab27a"", ""Plet1"", ""P2rx4"", ""Hmox1"", ""Plcg2"", ""Mmp12"", ""Tnf"", ""Pla2g4a"", ""Vkorc1"", ""Lrp1"", ""St3gal4"", ""Fbln1"", ""Entpd1"", ""Trem2"", 
""Igf1"", ""Mirt1"", ""Jun"", ""Slc11a1"", ""Ephb2"", ""Pdgfb"", ""Alox15"", ""Sulf2"", ""Thbd"")"
"788","GOBP_PROTEIN_PROCESSING","0.0119394415848324","0.0475504843673705","0.380730400722792","0.441767729978741","1.53185494654997","69","c(""Ctss"", ""Srgn"", ""Mme"", ""Ctla2a"", ""P2rx7"", ""Lgmn"", ""Cst7"", ""Vsir"", ""Adam19"", ""Fam111a"", ""Casp1"", ""Psen2"", ""Plaur"", ""Furin"", ""Hsp90b1"", ""Myc"")"
"789","GOBP_OSSIFICATION","0.00466035983201035","0.022611813567326","0.407017918923954","0.404387964087355","1.53358255390256","125","c(""Isg15"", ""Rsad2"", ""Smad7"", ""Srgn"", ""Runx3"", ""P2rx7"", ""S1pr1"", ""Junb"", ""Notch1"", ""Bcl2"", ""Ecm1"", ""Snx10"", ""Hdac4"", ""Ifi204"", ""Pparg"", ""Smad3"", ""Tmem64"", ""Cebpb"", ""Xylt1"", ""Nfix"", ""Runx2"", ""Ahr"", ""Tnfsf11"", ""Nab1"", ""Nfatc1"", ""Fosl2"", ""Runx1"", ""Lmna"", ""Ppp3ca"", ""Fgr"", ""Smo"", ""Bmp2k"", ""Crim1"", ""Id2"", ""Fhl2"", ""Tnf"", ""Pbx1"", ""Egr2"", ""Smad1"", ""Csf1r"", ""Thra"", ""Smad4"", ""Nfe2"")"
"790","GOBP_REGULATION_OF_MONOATOMIC_ION_TRANSMEMBRANE_TRANSPORT","0.00268895877853008","0.014771243864818","0.431707695803346","0.399166377643162","1.53514358838054","141","c(""Gimap3"", ""Ctss"", ""Fxyd5"", ""Camk2d"", ""Tesc"", ""P2rx7"", ""Chd7"", ""Actn2"", ""Itgb3"", ""Atp1b3"", ""Gimap5"", ""Hvcn1"", ""Snca"", ""Pml"", ""Glrx"", ""Gem"", ""Bcl2"", ""Ripk1"", ""Ahnak"", ""Stk39"", ""Ubash3b"", ""Cd63"", ""Ikbkb"", ""Psen2"", ""Atp2b4"", ""Rrad"", ""Lyn"", ""Ramp3"", ""Ahr"", ""Ccr2"", ""Ppp3ca"", ""Cxcl10"", ""P2rx4"", ""Capn3"", ""Scn1b"")"
"791","CHYLA_CBFA2T3_TARGETS_DN","0.00930457383656548","0.0390928607806467","0.380730400722792","0.425175850561028","1.53768371363151","88","c(""Irf7"", ""Isg20"", ""Oasl1"", ""AA467197"", ""Cd82"", ""Alas2"", ""Camp"", ""Zfp36l1"", ""Emc9"", ""Blvrb"", ""Tgtp1"", ""Tuba8"", ""Evi5"", ""Ppm1l"", ""Krtcap3"", ""Lmna"", ""Ifitm6"", ""Tktl1"", ""Cdr2"", ""Gna14"", ""Asns"", ""Rab3il1"", ""Hebp1"", ""Mmp9"", ""Dkkl1"", ""Asprv1"", ""Gsta4"", ""Rhd"", ""Slfn4"", ""Tns1"", ""Ctse"", ""Ttc39a"", ""Lcn2"", ""Tspo2"", ""Dnase2a"", ""Parm1"", ""Ntn4"", ""Slc7a7"", ""Ccdc74a"", ""Retnlg"", ""Golm1"", ""Paqr9"", ""Cd177"", ""Tspan33"", ""Asb17os"")"
"792","DURCHDEWALD_SKIN_CARCINOGENESIS_DN","0.0079589466352014","0.0347106912189202","0.380730400722792","0.431792504029929","1.53777758764354","81","c(""Smad7"", ""Gm2a"", ""Samhd1"", ""Camk2d"", ""Lgals3bp"", ""Pmepa1"", ""Ripk1"", ""Ubash3b"", ""Cd44"", ""Dap"", ""Slpi"", ""Kif1b"", ""Clip1"", ""Tpm4"", ""Stx11"", ""Fos"", ""Phlda1"", ""Aqp3"", ""Runx1"", ""Dapk2"", ""Chil1"", ""Hmox1"", ""Klf6"", ""Sema6d"", ""Eea1"", ""Klf3"", ""Fabp4"", ""Xdh"", ""Gsta4"", ""N4bp1"", ""Plk2"", ""Mxd1"", ""Rab11fip1"", ""Hmgcs1"", ""Cpne2"", ""Fcna"", ""Tmem163"", ""Stim2"", ""Cadm1"", ""Dock1"")"
"793","GOBP_REGULATION_OF_VASCULATURE_DEVELOPMENT","0.00411959284963155","0.0206339432250104","0.407017918923954","0.414728194067606","1.53941266256059","106","c(""Klf2"", ""Stat1"", ""Sp100"", ""Itgb3"", ""Pik3cd"", ""Sema4a"", ""Pml"", ""Camp"", ""Pde3b"", ""Ecm1"", ""Grn"", ""Lgals3"", ""Eng"", ""Rnh1"", ""Ninj1"", ""Pparg"", ""Ccl5"", ""Cd160"", ""Atp2b4"", ""Acvrl1"", ""Nrp1"", ""Hhex"", ""Ccr2"", ""Runx1"", ""Fasl"", ""Cxcl10"", ""Chil1"", ""Hmox1"", ""Sash1"", ""Hgf"", ""Cybb"", ""Ctsh"", ""Mtdh"", ""Tnf"", ""Smad1"", ""Cysltr1"", ""Ppp1r15a"", ""Stim1"")"
"794","GOBP_NEGATIVE_REGULATION_OF_CATALYTIC_ACTIVITY","0.00135554773552578","0.00859012846766891","0.45505986738723","0.391529073942058","1.54003837354799","182","c(""Gzma"", ""Rps7"", ""Parp9"", ""Rpl11"", ""Smad7"", ""Rpl23"", ""Nfkb1"", ""Dtx3l"", ""Snca"", ""Notch1"", ""Rpl5"", ""Apoe"", ""Sh3bp5"", ""Cst7"", ""Pml"", ""Pecam1"", ""Timp2"", ""Serpina3g"", ""Ecm1"", ""Gpx1"", ""Grn"", ""Cdkn1a"", ""Cst3"", ""Bcl2a1d"", ""Serpinb1a"", ""Eng"", ""Lax1"", ""Serpinb6b"", ""Anxa1"", ""Ubash3b"", ""Cd44"", ""Slpi"", ""Pparg"", ""Nr4a1"", ""Ikbkb"", ""Psen2"", ""Atp2b4"", ""Dtnbp1"", ""Gadd45b"", ""Heg1"", ""Pik3ip1"", ""Cd300a"", ""Plaur"", ""Gadd45g"", ""Lyn"", ""Ahr"", ""Adora2a"", ""Hhex"", ""Serpinb9"")"
"795","GOBP_REGULATION_OF_CHEMOTAXIS","0.00818967728021264","0.035477979028514","0.380730400722792","0.42652440815141","1.54082673784678","87","c(""S1pr1"", ""Calr"", ""Gpr18"", ""Sell"", ""Cd74"", ""Lgmn"", ""Ccr7"", ""Notch1"", ""Sema4a"", ""Swap70"", ""Stk39"", ""Ninj1"", ""St6gal1"", ""Ccl5"", ""Lbp"", ""Smad3"", ""Dpp4"", ""Ccr4"", ""Gpr183"", ""Lyn"", ""Nrp1"", ""Pdgfrb"", ""Aif1"", ""Ccr2"", ""Spi1"", ""Lgals9"", ""Dapk2"", ""Cxcl10"", ""P2rx4"", ""Bst1"", ""Sema6d"")"
"796","REACTOME_GPCR_LIGAND_BINDING","0.00682656994016873","0.030778599533701","0.407017918923954","0.420201692312977","1.54085911560551","100","c(""Gng2"", ""S1pr1"", ""Gpr18"", ""Ccr7"", ""S1pr4"", ""Ptgir"", ""Anxa1"", ""Ccl5"", ""Ccr4"", ""Ccrl2"", ""Gpr183"", ""Ramp3"", ""Ccl4"", ""Gpr65"", ""Adora2a"", ""P2ry14"", ""Cd55"", ""Cxcl10"", ""Ccl3"", ""Rln3"", ""Cxcr6"", ""Gpr68"", ""Gnb4"", ""Cysltr1"", ""Hebp1"", ""Sstr2"", ""Ffar2"", ""Ccl6"", ""P2ry13"", ""Ltb4r1"", ""Cxcl16"", ""Pf4"", ""Cxcr5"", ""C3"", ""C5ar1"", ""Cnr2"", ""Ccl17"", ""Cmklr1"", ""App"", ""Rxfp1"", ""Ece2"", ""Adgre1"", ""Vipr1"")"
"797","GOBP_VASCULAR_PROCESS_IN_CIRCULATORY_SYSTEM","0.00833368767818125","0.0359081133240943","0.380730400722792","0.440020851957356","1.54472601636342","75","c(""Klf2"", ""Add3"", ""Apoe"", ""Gpx1"", ""Zeb2"", ""Faah"", ""Manf"", ""Ccl4"", ""Dusp5"", ""Ahr"", ""Adora2a"", ""Icam1"", ""Gch1"", ""Il18"", ""P2rx4"", ""Cd38"", ""Tbxas1"", ""Tnf"", ""Lrp1"", ""Cysltr1"", ""Pde2a"")"
"798","GOBP_RESPONSE_TO_GROWTH_FACTOR","0.00096743447319271","0.00641414647833548","0.477270815362862","0.389476922661456","1.54590478166379","192","c(""Rps3"", ""Eef1a1"", ""Smad7"", ""Hspa5"", ""Runx3"", ""Itgb3"", ""Nfkb1"", ""Pik3cd"", ""Zfp36l2"", ""Lgmn"", ""Notch1"", ""Ier2"", ""Pml"", ""Pmepa1"", ""Zfp36l1"", ""Ripk1"", ""Ehd1"", ""Vsir"", ""Eng"", ""Nfkbiz"", ""Anxa1"", ""Cd44"", ""Cd63"", ""Pparg"", ""Zeb2"", ""Nr4a1"", ""Atp2b4"", ""Smad3"", ""Rapgef2"", ""Skil"", ""Ddit4"", ""Ehd4"", ""Acvrl1"", ""Furin"", ""Zbtb7a"", ""Nfix"", ""Runx2"", ""Fos"", ""Nrp1"", ""Pdgfrb"", ""Hhex"", ""Sox5"", ""Spi1"", ""Cyfip1"", ""Runx1"", ""Lgals9"", ""Gata3"", ""Sorl1"", ""Tgfb3"", ""Crim1"", ""Zyx"", ""Hgf"", ""Cpne3"")"
"799","GOBP_REGULATION_OF_MONOATOMIC_ION_TRANSPORT","0.0013344614374176","0.00848711812832504","0.45505986738723","0.392789915409088","1.54809249936535","185","c(""B2m"", ""Gimap3"", ""Ctss"", ""Fxyd5"", ""Camk2d"", ""Tesc"", ""P2rx7"", ""Chd7"", ""Actn2"", ""Itgb3"", ""Atp1b3"", ""Gimap5"", ""Hvcn1"", ""Orai1"", ""Snca"", ""Pml"", ""Glrx"", ""Gem"", ""Bcl2"", ""Ripk1"", ""Lgals3"", ""Ahnak"", ""Stk39"", ""Ubash3b"", ""Cd63"", ""Ccl5"", ""Ikbkb"", ""Psen2"", ""Trf"", ""Atp2b4"", ""Rrad"", ""Cd300a"", ""Lyn"", ""Ramp3"", ""Pdgfrb"", ""Ahr"", ""Adora2a"", ""Icam1"", ""Ccr2"", ""Ppp3ca"", ""Cxcl10"", ""P2rx4"", ""Capn3"", ""Scn1b"", ""Wfs1"", ""Plcg2"", ""Cybb"", ""Sgk1"")"
"800","GOMF_CELL_ADHESION_MOLECULE_BINDING","0.00672995917255317","0.030417687754788","0.407017918923954","0.422375373450989","1.54864775948154","97","c(""Isg15"", ""Rpsa"", ""Itgb7"", ""Fxyd5"", ""Itgb3"", ""Calr"", ""Sell"", ""Itgae"", ""Cd9"", ""Pkp4"", ""Lcp1"", ""Actn1"", ""Timp2"", ""Cd40lg"", ""Ninj1"", ""Cd200r1"", ""Itga4"", ""Gfra1"", ""Dst"", ""Lyn"", ""Icam1"")"
"801","ZHANG_UTERUS_C0_SECRETORY_STROMAL3_NPPC_HIGH_CELL","0.00210532212120488","0.0122083138170981","0.431707695803346","0.396767062878179","1.54899115563078","160","c(""Bst2"", ""Rplp0"", ""Vim"", ""Rpl10a"", ""Eef1a1"", ""Anxa6"", ""S100a6"", ""Maf"", ""Hspa5"", ""Rpl4"", ""Lgals1"", ""Rps6"", ""Gm8730"", ""Ier2"", ""Gem"", ""Eef1g"", ""Zfp36l1"", ""Atp8a1"", ""Ehd1"", ""Tmed3"", ""Ahnak"", ""Anxa1"", ""Dap"", ""Axl"", ""Tpm4"", ""Gadd45g"", ""Anxa2"", ""Fos"", ""Ramp3"", ""Ppic"", ""Myc"", ""P2ry14"", ""Qpct"", ""Ckap4"", ""Phlda1"", ""Bhlhe40"", ""Trib1"", ""Pdia3"", ""Lmna"", ""Ppp3ca"", ""Cxcl10"", ""Ckb"", ""Klf6"", ""Sgk1"", ""Ctsh"", ""Serp1"", ""Vkorc1"")"
"802","TABULA_MURIS_SENIS_LUNG_ADVENTITIAL_CELL_AGEING","0.00387376723008581","0.0197539036589698","0.431707695803346","0.415417153654347","1.55006513926649","113","c(""Isg15"", ""Rpsa"", ""Rtp4"", ""Ifi27l2a"", ""Bst2"", ""Rps3"", ""Rps10"", ""B2m"", ""Prr13"", ""Naca"", ""Rpl4"", ""Emp3"", ""Ifitm3"", ""Lgals3bp"", ""Cd82"", ""Fth1"", ""Ube2l6"", ""Cd74"", ""Irf8"", ""Gyg"", ""Apoe"", ""Ier2"", ""Ifitm2"", ""Cdkn1a"", ""Tmem176b"", ""Tmem176a"", ""Anxa1"", ""Cd63"", ""Manf"", ""Hint1"", ""Trf"", ""Nabp2"", ""Sdf2l1"")"
"803","SCHAEFFER_PROSTATE_DEVELOPMENT_48HR_DN","0.00252955563515759","0.0140571720616558","0.431707695803346","0.407788838477277","1.55256181288179","131","c(""Bst2"", ""Igfbp4"", ""Iigp1"", ""Irf1"", ""Lgmn"", ""Pkp4"", ""Sh3bp5"", ""Ctsb"", ""Pmepa1"", ""Zfp36l1"", ""Vsir"", ""Ubash3b"", ""Tyrobp"", ""Filip1l"", ""Hdac4"", ""Arid5b"", ""Itga4"", ""Dusp2"", ""Lbp"", ""Nfix"", ""Pdgfrb"", ""Ahr"", ""C1qa"", ""Qpct"", ""Cd55"", ""Cd83"", ""Runx1"", ""Chdh"", ""Lmna"", ""Foxp1"", ""Ar"", ""Cdc42ep3"", ""Il1r1"", ""Tgfb3"", ""Bmp2k"", ""Asns"", ""Nr4a2"", ""Oxct1"", ""Camkk2"", ""St3gal4"", ""Fbln1"", ""Elovl6"", ""Creb5"", ""C1qc"", ""Pdlim7"", ""Igf1"", ""Slc16a3"", ""Synpo2"", ""Lyz2"", ""Ms4a7"", ""Arl4c"", ""Bach2"", ""Zfp704"", ""Rab7b"", ""Parm1"", ""Rxfp1""
)"
"804","LIM_MAMMARY_STEM_CELL_UP","0.00238387739324819","0.0134430057524861","0.431707695803346","0.403748465436869","1.55520161292145","148","c(""Vim"", ""Ccnd2"", ""Igfbp4"", ""Srgn"", ""Mme"", ""Pdlim4"", ""Pdgfa"", ""Lgals1"", ""Tmem121"", ""Snca"", ""Apoe"", ""Gem"", ""Cdkn1a"", ""Vsir"", ""Hdac4"", ""Axl"", ""Golim4"", ""Dst"", ""Tmem64"", ""Heg1"", ""Rbpms"", ""Slc2a3"", ""Nrp1"", ""Myc"", ""Icam1"", ""Malt1"", ""Cblb"", ""Foxp1"")"
"805","MONNIER_POSTRADIATION_TUMOR_ESCAPE_DN","0.00234560413234742","0.013318851187141","0.431707695803346","0.402615660367097","1.55579908871312","146","c(""Ifi203"", ""Plac8"", ""Isg20"", ""Tmsb4x"", ""Stat1"", ""Mndal"", ""Smad7"", ""AA467197"", ""Pdgfa"", ""Gbp2"", ""Pde7a"", ""Crip1"", ""Ier2"", ""Bcl2"", ""Ifi30"", ""Grn"", ""Unc93b1"", ""Nfkbiz"", ""Hexb"", ""St6gal1"", ""Fam111a"", ""Arid5b"", ""Cpt1a"", ""Tsc22d3"", ""Skil"", ""Gadd45g"", ""Smim10l1"", ""Pqlc3"", ""Fos"", ""Eef2k"", ""Ppic"", ""Vwa5a"", ""Bhlhe40"", ""Pltp"", ""Skap2"", ""Prelid2"", ""Cdc42ep3"", ""Klf6"", ""Decr1"")"
"806","GOBP_MONONUCLEAR_CELL_DIFFERENTIATION","0.000440614456765056","0.00337373018631188","0.49849310876659","0.380857983885892","1.5561457508807","239","c(""Rsad2"", ""B2m"", ""Smad7"", ""Dtx1"", ""Gimap3"", ""Igtp"", ""Runx3"", ""Ctla2a"", ""Il6ra"", ""Chd7"", ""Irf1"", ""Lgals1"", ""Lfng"", ""Gpr18"", ""Gimap5"", ""Rps6"", ""Batf"", ""Zfp36l2"", ""Cd74"", ""Irf8"", ""Il7r"", ""Il2ra"", ""Ccr7"", ""Sox13"", ""Fcer1g"", ""Sema4a"", ""Il18r1"", ""Relb"", ""Bcl2"", ""Zfp36l1"", ""Ighm"", ""Rora"", ""Bcl2a1d"", ""Zbtb7b"", ""Tmem176b"", ""Vsir"", ""Tmem176a"", ""Nfkbiz"", ""Cd40lg"", ""Anxa1"", ""Pglyrp1"", ""Cd44"", ""Prr7"", ""Stat4"", ""Pparg"", ""Pou2f2"", ""Axl"", ""Adgrg3"", ""Nfkbid"", ""Dpp4"", ""Cebpb"", ""Gadd45g"", ""Irf4"", ""Ifnar2"", ""Zbtb7a"", 
""Runx2"", ""Gpr183"", ""Lyn"", ""Ahr"", ""Myc"", ""Cd79b"", ""Hhex"", ""Bcl3"", ""Clcf1"", ""Il15ra"", ""Cd83"", ""Ccr2"", ""Spi1"", ""Tnfsf8"", ""Ndfip1"", ""Nfatc1"", ""Fosl2"", ""Runx1"", ""Lgals9"", ""Gata3"", ""Il18"", ""Malt1"", ""Foxp1"", ""Dusp10"", ""Cd79a"")"
"807","GOBP_POSITIVE_REGULATION_OF_LOCOMOTION","0.000397530150893836","0.00311028023925805","0.49849310876659","0.379992773512354","1.55710829597193","237","c(""Tmsb4x"", ""Camk2d"", ""Hspa5"", ""Pdgfa"", ""S1pr1"", ""Itgb3"", ""Calr"", ""Sell"", ""Pik3cd"", ""Cd274"", ""Cd74"", ""Lgmn"", ""Ccr7"", ""Notch1"", ""Sema4a"", ""Tnfrsf18"", ""Pecam1"", ""Bcl2"", ""S100a11"", ""Atp8a1"", ""Grn"", ""Lgals3"", ""Swap70"", ""Vsir"", ""Rapgef4"", ""Stk39"", ""Anxa1"", ""Arhgap5"", ""Hdac4"", ""Itga4"", ""Ccl5"", ""Lbp"", ""Trf"", ""Glipr2"", ""Smad3"", ""Rapgef2"", ""Myo1f"", ""Furin"", ""Ccr4"", ""Lyn"", ""Nrp1"", ""Pdgfrb"", ""Myc"", ""Icam1"", ""Aif1"", ""Nr4a3"", ""Ccr2"", ""Spi1"", ""Lgals9"", ""Gata3"", ""Plet1"", ""Ppp3ca"", ""Il18"", ""Dapk2"", ""Cxcl10"", ""Fgr"", 
""Smo"", ""P2rx4"", ""Foxp1"", ""Rras2"", ""Hmox1"", ""Il1r1"", ""Sema6d"", ""Sash1"", ""Hgf"", ""Plcg2"", ""Cpne3"", ""Ctsh"", ""Lrp1"", ""Csf1r"", ""Fbln1"", ""Rhod"", ""Trem2"", ""Mmp9"", ""Tiam1"", ""Zc3h12a"", ""Cxcl16"", ""Igf1"", ""Jun"", ""Synpo2"", ""Plk2"", ""C5ar1"", ""Ephb2"", ""Pdgfb"", ""Epcam"", ""Lcn2"", ""Mapre2"", ""Enpp2"", ""Rhob"")"
"808","GOBP_PROTEIN_LOCALIZATION_TO_CELL_PERIPHERY","0.00595643166646977","0.0275707309178403","0.407017918923954","0.4260891950539","1.5573743683987","92","c(""Camk2d"", ""Tesc"", ""Actn2"", ""Atp1b3"", ""Rilpl2"", ""Snca"", ""Fcer1g"", ""Vamp5"", ""Ehd1"", ""Lgals3"", ""Rapgef4"", ""Ikbkb"", ""Atp2b4"", ""Kif1b"", ""Rapgef2"", ""Ldlrap1"", ""Fyb"", ""Clip1"", ""Ehd4"", ""Anxa2"", ""Ramp3"", ""Cdh1"", ""Sorl1"", ""Ar"", ""Tnf"", ""Lrp1"", ""C2cd5"", ""Zdhhc3"", ""Trem2"", ""Sytl2"")"
"809","PLASARI_TGFB1_TARGETS_10HR_DN","0.00316772057903336","0.0168056221283592","0.431707695803346","0.414317221561309","1.55758524175695","119","c(""Rtp4"", ""Ifit1"", ""Usp18"", ""Stat1"", ""Parp9"", ""Ifit3"", ""Iigp1"", ""Oasl2"", ""Eif2ak2"", ""Herc6"", ""Gbp2"", ""Evi2a"", ""Sh3bp5"", ""Glrx"", ""Serpinb1a"", ""Sesn3"", ""Serpinb6b"", ""Irgm2"", ""Ifit2"", ""Arid5b"", ""Tgtp1"", ""Zfp467"", ""Nfix"", ""Mgst1"", ""Serpinb9"", ""Syt11"", ""Arhgap18"", ""Il18"", ""Cd93"", ""Slc40a1"", ""Sord"", ""Ablim1"", ""Pbx1"", ""Svil"", ""Trps1"", ""Mrc1"")"
"810","GOBP_REGULATION_OF_CELL_DEVELOPMENT","3.29751679243603e-05","0.000375223388980568","0.557332238758646","0.369917836506781","1.56018133320247","345","c(""Isg15"", ""Vim"", ""Stat1"", ""B2m"", ""Irgm1"", ""Smad7"", ""Dtx1"", ""Gimap3"", ""Naca"", ""Mme"", ""Runx3"", ""Ctla2a"", ""Rpl4"", ""Tesc"", ""Chd7"", ""Irf1"", ""Itgb3"", ""Gimap5"", ""Zfp36l2"", ""Etv5"", ""Clec2d"", ""Cd74"", ""Il7r"", ""Il2ra"", ""Rps19"", ""Ccr7"", ""Sox13"", ""Notch1"", ""Sema4a"", ""Apoe"", ""Bcl2"", ""Zfp36l1"", ""Ripk1"", ""Inpp4b"", ""Grn"", ""Zbtb7b"", ""Tmem176b"", ""Vsir"", ""Tmem176a"", ""Nfkbiz"", ""Cd40lg"", ""Ninj1"", ""Anxa1"", ""Ubash3b"", ""Pglyrp1"", ""Cd44"", ""Tyrobp"", ""Hdac4"", ""Pparg"", ""Zeb2"", ""Gpr171"", ""Ccl5"", ""Ikbkb"", ""Axl"", ""Nfkbid"", ""Trf"", 
""Rapgef2"", ""Skil"", ""Tmem64"", ""Cebpb"", ""Zbtb7a"", ""Anxa2"", ""Fos"", ""Plxnc1"", ""Lyn"", ""Nrp1"", ""Lmo2"", ""Eef2k"", ""Myc"", ""Tnfsf11"", ""Tnfrsf1b"", ""Clcf1"", ""Il15ra"", ""Cd83"", ""Bhlhe40"", ""Ccr2"", ""Spi1"", ""Trib1"", ""Cyfip1"", ""Ndfip1"", ""Runx1"", ""Rarg"", ""Lta"", ""Lgals9"", ""Gata3"", ""Ppp3ca"", ""Il18"", ""Ccl3"", ""Malt1"", ""Smo"", ""Foxp1"", ""Cdh1"", ""Dusp10"", ""Sorl1"", ""Sema6d"", ""Id2"", ""Prkch"", ""Sgk1"", ""Gpr68"", ""Tnf"", ""Egr2"", ""Atxn1"", ""Fes"", ""Il15"", ""Lrp1"", ""Cysltr1"")"
"811","GOBP_REGULATION_OF_LYMPHOCYTE_ACTIVATION","0.000223638374997083","0.00192867079790717","0.518848077743792","0.381465834942026","1.56018890197336","240","c(""Rps3"", ""Slfn1"", ""B2m"", ""Irgm1"", ""Smad7"", ""Dtx1"", ""Gimap3"", ""Runx3"", ""Ctla2a"", ""Irf1"", ""Lgals1"", ""Gimap5"", ""Cd274"", ""Zfp36l2"", ""Cd74"", ""Il7r"", ""Il2ra"", ""Ccr7"", ""Sox13"", ""Btla"", ""Dapl1"", ""Bcl2"", ""Zfp36l1"", ""Ighm"", ""Cdkn1a"", ""Lgals3"", ""Zbtb7b"", ""Vsir"", ""Mzb1"", ""Lax1"", ""Icos"", ""Nfkbiz"", ""Cd40lg"", ""Anxa1"", ""Pglyrp1"", ""Cd44"", ""Tyrobp"", ""Ccl5"", ""Axl"", ""Cd160"", ""Nfkbid"", ""Tnfrsf4"", ""Cd86"", ""Dpp4"", ""Cd300a"", ""Cebpb"", ""Gpr183"", ""Lyn"", ""Ahr"", ""Adora2a"", ""Tnfsf11"", ""Tnfrsf1b"", ""Il27ra"", ""Clcf1"", ""Aif1"", ""Il15ra"", 
""Pdcd1lg2"", ""Cd55"", ""Cd83"", ""Ccr2"", ""Spi1"", ""Ndfip1"", ""Runx1"", ""Lgals9"", ""Gata3"", ""Ppp3ca"", ""Il18"", ""Malt1"", ""Fgr"", ""Cblb"", ""Nfatc2"", ""Bst1"", ""Dusp10"", ""Vav3"", ""Cd38"", ""Itgal"", ""Havcr2"", ""Id2"", ""Fcgr2b"")"
"812","GOCC_EXTRACELLULAR_SPACE","1.06288724848283e-05","0.000141430588632228","0.593325476396405","0.365215638433569","1.56347691605784","423","c(""Gzma"", ""Ltb"", ""B2m"", ""Igfbp4"", ""Ctss"", ""Klk8"", ""Srgn"", ""Il6ra"", ""Ifi35"", ""Lgals3bp"", ""S100a4"", ""Pdgfa"", ""Smpdl3a"", ""Lgals1"", ""Calr"", ""Sell"", ""Cd274"", ""Cpa3"", ""Cd74"", ""Cd9"", ""Ctsw"", ""Snca"", ""Apoe"", ""Cst7"", ""Pecam1"", ""Ctsb"", ""Camp"", ""Timp2"", ""Serpina3g"", ""S100a11"", ""Ecm1"", ""Podnl1"", ""Ighm"", ""Grn"", ""Lgals3"", ""Cst3"", ""Ahnak"", ""Serpinb1a"", ""Eng"", ""Hexb"", ""Serpinb6b"", ""Cd40lg"", ""Anxa1"", ""Pglyrp1"", ""Cd63"", ""Slpi"", ""Ccl5"", ""Manf"", ""Axl"", ""Lbp"", ""Trf"", ""Cd86"", ""Glipr2"", ""Napsa"", ""Gfra1"", ""Pik3ip1"", ""Ifnar2"", 
""Nampt"", ""Ebi3"", ""Anxa2"", ""Xylt1"", ""Tcn2"", ""Tnfsf10"", ""Ccl4"", ""Tnfsf11"", ""Icam1"", ""C1qa"", ""Nenf"", ""Serpinb9"", ""Clcf1"", ""C1qb"", ""Ctsc"", ""Apobr"", ""Tnfsf8"", ""Fcgrt"", ""Pdia3"", ""Lta"", ""Lgals9"", ""Pltp"", ""Fasl"", ""Fuca2"", ""Lcn4"", ""Ear2"", ""Il18"", ""Cxcl10"", ""Ddt"", ""Ccl3"", ""Apol9b"", ""Creg1"", ""Il18bp"", ""Chil1"", ""Sorl1"", ""Sord"", ""Il1r1"", ""Cfp"", ""Tgfb3"", ""Hgf"", ""Fam20a"", ""Mmp12"", ""Tnfsf13b"", ""Ctsh"", ""Tnf"", ""Igfbp7"", ""Dmbt1"", ""Asah1"", ""Wfdc17"", ""Il15"", ""Metrnl"", ""Rnase6"", ""Ggt1"", ""Fbln1"", ""Plbd1"", ""Entpd1"", ""Prss57"", 
""Ccl8"", ""C1qc"", ""Ccl6"", ""Hfe"", ""Vcam1"", ""Mmp9"", ""Dkkl1"", ""Serpina3f"", ""Mmp11"", ""Nucb2"", ""Xdh"", ""Pdia6"", ""Lpl"", ""Cxcl16"", ""Igf1"", ""Bpifc"", ""Pf4"", ""Ide"", ""Snx18"", ""C3"", ""Lyz2"", ""Fstl3"", ""Pdgfb"", ""Rnase4"", ""Sulf2"", ""Lcn2"", ""Thbd"", ""Enpp2"", ""Lrrc32"", ""Cpd"", ""Ccl17"", ""Itgam"", ""Prom1"", ""Hpgd"")"
"813","GOBP_POSITIVE_REGULATION_OF_PEPTIDYL_TYROSINE_PHOSPHORYLATION","0.00626687327129376","0.0287294310238767","0.407017918923954","0.446156743357293","1.56535631380156","74","c(""Parp9"", ""Parp14"", ""Il6ra"", ""Itgb3"", ""Cd74"", ""Tnfrsf18"", ""Pecam1"", ""Unc119"", ""Ighm"", ""Cd44"", ""Ccl5"", ""Gfra1"", ""Ehd4"", ""Lyn"", ""Nrp1"", ""Icam1"", ""Clec4n"", ""Clcf1"", ""Lrrk1"", ""Il18"", ""Hgf"", ""Plcg2"", ""Tnf"", ""Il15"", ""Csf1r"")"
"814","TABULA_MURIS_SENIS_LIMB_MUSCLE_B_CELL_AGEING","0.0019570980968942","0.0114999565427134","0.431707695803346","0.418235403871857","1.56538811344563","117","c(""Plac8"", ""Vim"", ""AW112010"", ""Itgb7"", ""B2m"", ""Prr13"", ""S100a6"", ""Fxyd5"", ""Srgn"", ""Ly6a"", ""Hspa5"", ""Emp3"", ""Irf1"", ""Psmb9"", ""Lgals1"", ""Psme2"", ""Fth1"", ""Cd9"", ""Crip1"", ""Bcl2a1b"", ""Rel"", ""S100a11"", ""Cdkn1a"", ""Lgals3"", ""Cst3"", ""Traf1"", ""Ahnak"", ""Bcl2a1d"", ""Mzb1"", ""Sp140"", ""Cd44"", ""Manf"", ""Cd86"", ""Sdf2l1"", ""Napsa"", ""Skil"", ""Gadd45b"", ""Tpm4"", ""Pld4"", ""Sat1"", ""Hsp90b1"", ""Fos"")"
"815","GOMF_DNA_BINDING_TRANSCRIPTION_ACTIVATOR_ACTIVITY","0.00165848552772842","0.0101185260654495","0.45505986738723","0.405765740595386","1.56569383665818","142","c(""Maf"", ""Irf1"", ""Nfkb1"", ""Batf"", ""Etv5"", ""Junb"", ""Relb"", ""Rel"", ""Foxo1"", ""Zbtb7b"", ""Stat4"", ""Pparg"", ""Zeb2"", ""Nr4a1"", ""Pou2f2"", ""Nfkb2"", ""Smad3"", ""Zfp467"", ""Cebpb"", ""Irf4"", ""Nfix"", ""Runx2"", ""Fos"", ""Myc"", ""Hhex"", ""Nr4a3"", ""Spi1"", ""Nfatc1"", ""Fosl2"", ""Runx1"", ""Plscr1"", ""Gata3"", ""Nfat5"", ""Atf6"", ""Nfatc2"", ""Atf3"", ""Ar"", ""Klf6"", ""Litaf"", ""Irf5"", ""Mafg"", ""Nfic"", ""Pbx1"", ""Egr2"", ""Smad1"", ""Nr4a2"", ""Nr1h3"", ""Smad4"", ""Fosb"", ""Foxp3"", ""Creb5"", ""Tfdp2"", ""Tfe3"", ""Etv6"", ""Jun"", ""Gfi1b"")"
"816","REACTOME_IMMUNOREGULATORY_INTERACTIONS_BETWEEN_A_LYMPHOID_AND_A_NON_LYMPHOID_CELL","0.00762727672240805","0.0335705541082196","0.407017918923954","0.462106069369036","1.56914011197435","62","c(""Trac"", ""Trbc1"", ""Trbc2"", ""Itgb7"", ""B2m"", ""Ifitm3"", ""Sell"", ""Ifitm2"", ""Cd40lg"", ""Itga4"", ""Cd160"", ""Cd300a"", ""Icam1"", ""Treml2"", ""Lair1"", ""Ifitm6"", ""Itgal"", ""Fcgr2b"", ""Slamf7"", ""Cd3d"", ""Trem2"", ""Vcam1"")"
"817","GOBP_REGULATION_OF_HEMOPOIESIS","0.000662479852201969","0.00470213112918105","0.477270815362862","0.395863441565084","1.5696793434329","193","c(""Isg15"", ""Stat1"", ""B2m"", ""Irgm1"", ""Smad7"", ""Dtx1"", ""Gimap3"", ""Runx3"", ""Ctla2a"", ""Tesc"", ""Irf1"", ""Itgb3"", ""Gimap5"", ""Zfp36l2"", ""Clec2d"", ""Cd74"", ""Il7r"", ""Il2ra"", ""Ccr7"", ""Sox13"", ""Zfp36l1"", ""Ripk1"", ""Inpp4b"", ""Zbtb7b"", ""Tmem176b"", ""Vsir"", ""Tmem176a"", ""Nfkbiz"", ""Cd40lg"", ""Ninj1"", ""Anxa1"", ""Ubash3b"", ""Pglyrp1"", ""Cd44"", ""Tyrobp"", ""Gpr171"", ""Ccl5"", ""Axl"", ""Nfkbid"", ""Tmem64"", ""Cebpb"", ""Zbtb7a"", ""Fos"", ""Lyn"", ""Lmo2"", ""Myc"", ""Tnfsf11"", ""Il15ra"", ""Cd83"", ""Ccr2"", ""Spi1"", ""Trib1"", ""Ndfip1"", ""Runx1"", ""Rarg"", 
""Lgals9"", ""Gata3"", ""Ppp3ca"", ""Il18"", ""Ccl3"", ""Malt1"", ""Foxp1"", ""Dusp10"")"
"818","GOBP_GRANULOCYTE_MIGRATION","0.00774296106169357","0.0340014408030724","0.407017918923954","0.452886543389858","1.57041006990496","69","c(""Sell"", ""Cd74"", ""Ccr7"", ""Fcer1g"", ""Pecam1"", ""Lgals3"", ""Anxa1"", ""Ccl5"", ""Lbp"", ""Myo1f"", ""Dpp4"", ""Cd300a"", ""Ccl4"", ""Fcgr3"", ""Dapk2"", ""Cxcl10"", ""Ccl3"", ""Bst1"", ""Vav3"", ""Il1r1"", ""Itga9"", ""Csf1r"", ""Ccl8"", ""Ccl6"", ""Sirpa"", ""Pf4"", ""C5ar1"", ""Ccl17"", ""Itgam"", ""Slamf8"", ""Cmklr1"", ""Mpp1"", ""Fut7"", ""Csf3r"", ""Cd177"", ""Il4"", ""Il1a"", ""C3ar1"", ""Il1b"", ""Xcl1"")"
"819","GROSS_HYPOXIA_VIA_ELK3_DN","0.00593047771585335","0.0275172246767143","0.407017918923954","0.450437948497986","1.57516546692736","72","c(""Igtp"", ""Srgn"", ""Hspa5"", ""Pdlim4"", ""Cd44"", ""Ifi204"", ""Slpi"", ""Dusp2"", ""Skil"", ""Oas2"", ""Sat1"", ""Cebpb"", ""Fos"", ""Ramp3"", ""Myc"", ""Bhlhe40"", ""Cxcl10"", ""Cd93"", ""Cdc42ep3"", ""Klf6"", ""Asns"", ""Trps1"", ""Ppp1r15a"")"
"820","GOBERT_OLIGODENDROCYTE_DIFFERENTIATION_DN","0.000195483797857013","0.00172211917159749","0.518848077743792","0.38023074183759","1.57608024485144","272","c(""Ifi27l2a"", ""Stat1"", ""Irgm1"", ""Samd9l"", ""Ikzf2"", ""Maf"", ""Camk2d"", ""Emp3"", ""Pdgfa"", ""Cd82"", ""Add3"", ""Cd9"", ""Sox13"", ""Pkp4"", ""Notch1"", ""Frmd4b"", ""Myo6"", ""Timp2"", ""Atp8a1"", ""Ehd1"", ""Rora"", ""Sesn3"", ""Tmem71"", ""Ubash3b"", ""Arhgap5"", ""Zeb2"", ""Ccl5"", ""Axl"", ""Nfkb2"", ""Lbp"", ""Cpt1a"", ""Kif1b"", ""Dst"", ""Rgs3"", ""Skil"", ""Dnmt3b"", ""Gadd45b"", ""Pik3ip1"", ""Slc2a3"", ""Atp13a2"", ""Sat1"", ""Ier5"", ""Ppm1l"", ""Fos"", ""Plxnc1"", ""Gatm"", ""Ahr"", ""Chn2"", ""Qpct"", ""Vwa5a"", ""Bhlhe40"", ""Hip1r"", ""Syt11"", ""Fcgrt"", ""Lgals9"", ""Chpt1"", 
""Foxp1"", ""Atf3"", ""Ttc39c"", ""Ankrd44"", ""Dusp10"", ""Dnajb14"", ""Sorl1"", ""Cdc42ep3"", ""Sema6d"", ""Tgfb3"", ""Sash1"", ""Ablim1"", ""Igfbp7"", ""Nfic"", ""Gnb4"", ""Svil"", ""Klhl5"", ""Rnf144a"", ""Socs3"", ""Pdlim7"", ""Gramd3"", ""Tmem216"", ""Naga"", ""Arsb"", ""Dgka"", ""Jun"", ""Tmcc2"", ""Mxd1"", ""Tns1"", ""Specc1"", ""B4galt5"", ""Mapre2"", ""Enpp2"", ""Cyld"", ""Mical3"", ""Spsb1"", ""Cpne2"", ""Pcdh7"", ""App"", ""Dbn1"", ""Lhfpl2"", ""Nav1"", ""Rab7b"", ""Parm1"", ""Mtmr4"")"
"821","GOBP_POSITIVE_REGULATION_OF_PRODUCTION_OF_MOLECULAR_MEDIATOR_OF_IMMUNE_RESPONSE","0.00816234008845989","0.035409243878455","0.380730400722792","0.458578372060815","1.57627546534215","66","c(""Rsad2"", ""B2m"", ""Gimap3"", ""P2rx7"", ""Gimap5"", ""Cd74"", ""Fcer1g"", ""Il18r1"", ""Mzb1"", ""Arid5a"", ""Casp1"", ""Cd160"", ""Tnfrsf4"", ""Cd86"", ""Clcf1"", ""Cd55"", ""Nr4a3"", ""Gata3"", ""Il18"", ""Malt1"", ""Foxp1"", ""Il1r1"", ""Irf5"", ""Plcg2"")"
"822","GOBP_TAXIS","0.0012436508869095","0.00799589443545516","0.45505986738723","0.402467554714278","1.5764886602971","169","c(""Pdgfa"", ""S1pr1"", ""Itgb3"", ""Calr"", ""Gpr18"", ""Sell"", ""Pik3cd"", ""Cd74"", ""Lgmn"", ""Rps19"", ""Ccr7"", ""Notch1"", ""Fcer1g"", ""Sema4a"", ""Lgals3"", ""Swap70"", ""Eng"", ""Stk39"", ""Ninj1"", ""Anxa1"", ""St6gal1"", ""Nr4a1"", ""Ccl5"", ""Lbp"", ""Smad3"", ""Dpp4"", ""Ccr4"", ""Ccrl2"", ""Gpr183"", ""Lyn"", ""Ccl4"", ""Nrp1"", ""Pdgfrb"", ""Tnfsf11"", ""Aif1"", ""Ccr2"", ""Spi1"", ""Fcgr3"", ""Lgals9"", ""Ear2"", ""Dapk2"", ""Cxcl10"", ""Ccl3"", ""P2rx4"", ""Bst1"", ""Vav3"", ""Sema6d"", ""Cxcr6"", ""Hgf"", ""Itga9"", ""Fes"", ""Lrp1"", ""Cysltr1"", ""Csf1r"", ""Ffar2"", ""Ccl8"", ""Ccl6"", 
""Trem2"", ""Vcam1"", ""Mmp9"", ""Tiam1"", ""Cxcl16"", ""Pf4"", ""Trpm2"", ""Cxcr5"", ""C5ar1"", ""Cnr2"", ""Pdgfb"", ""Enpp2"", ""Ccl17"", ""Itgam"", ""Slamf8"", ""Egr3"", ""Cmklr1"", ""Mpp1"", ""App"")"
"823","GOBP_REGULATION_OF_LEUKOCYTE_MIGRATION","0.00339328973238744","0.0177559458168266","0.431707695803346","0.428462511741682","1.5796796183015","104","c(""Itgb3"", ""Calr"", ""Gpr18"", ""Sell"", ""Cd74"", ""Lgmn"", ""Cd9"", ""Ccr7"", ""Tnfrsf18"", ""Pecam1"", ""Ecm1"", ""Lgals3"", ""Swap70"", ""Stk39"", ""Ninj1"", ""Anxa1"", ""Cd200r1"", ""Itga4"", ""Ccl5"", ""Lbp"", ""Stk10"", ""Myo1f"", ""Dpp4"", ""Cd300a"", ""Lyn"", ""Icam1"", ""Il27ra"", ""Aif1"", ""Ccr2"", ""Spi1"", ""Lgals9"", ""Dapk2"", ""Cxcl10"", ""P2rx4"", ""Bst1"", ""Il1r1"")"
"824","GOBP_REGULATION_OF_DNA_BINDING_TRANSCRIPTION_FACTOR_ACTIVITY","0.00153833027507965","0.00951707025629106","0.45505986738723","0.405172052134352","1.58088878832921","159","c(""Rps3"", ""Trim30a"", ""Rpl11"", ""Smad7"", ""Sp100"", ""Eif2ak2"", ""Trim30d"", ""Trim25"", ""Trim34a"", ""Il18r1"", ""Ripk1"", ""Traf1"", ""Cd40lg"", ""Nlrc5"", ""Dap"", ""Hdac4"", ""Il18rap"", ""Pparg"", ""Arid5b"", ""Ikbkb"", ""Anxa4"", ""Adgrg3"", ""Trim5"", ""Nfkbid"", ""Tnfrsf4"", ""Traf5"", ""Aim2"", ""Zbtb7a"", ""Nfix"", ""Tnfsf11"", ""Icam1"", ""Bcl3"", ""Bhlhe40"", ""Spi1"", ""Trib1"", ""Ppp3ca"", ""Il18"", ""Malt1"", ""Smo"", ""Capn3"", ""Wfs1"", ""Hmox1"", ""Havcr2"", ""Ar"", ""Id2"", ""Fcgr2b"", ""Prkch"", ""Plcg2"", ""Mtdh"", ""Tnf"", ""Pbx1"", ""Hck"", ""Thra"", ""Trim30c"", ""Foxp3"", 
""Card11"")"
"825","TABULA_MURIS_SENIS_BROWN_ADIPOSE_TISSUE_ENDOTHELIAL_CELL_AGEING","0.00686287479551523","0.0308937103236106","0.407017918923954","0.442377724001648","1.58127145941627","83","c(""Rps5"", ""Klf2"", ""Vim"", ""Rpl3"", ""Smad7"", ""Ifi27"", ""Prr13"", ""Lgmn"", ""Cd9"", ""Smco4"", ""Apoe"", ""Ier2"", ""Ctsb"", ""Ifitm2"", ""Cst3"", ""Tmed3"", ""Serpinb1a"", ""Hexb"", ""Cd63"", ""Lpcat2"", ""Trf"", ""Cnpy2"", ""Furin"", ""Zbtb7a"")"
"826","GOBP_CELLULAR_RESPONSE_TO_LIPID","0.000529823396520015","0.00391564069464212","0.477270815362862","0.401725533319226","1.58311415447446","184","c(""Trim30a"", ""Vim"", ""Stat1"", ""B2m"", ""Irgm1"", ""Igtp"", ""Tesc"", ""Calr"", ""Nfkb1"", ""Trim30d"", ""Gbp2"", ""Cmpk2"", ""Cd274"", ""Zfp36l2"", ""Irf8"", ""Gbp3"", ""Zfp36l1"", ""Gbp5"", ""Rora"", ""Nfkbiz"", ""Arid5a"", ""Irgm2"", ""Anxa1"", ""Axl"", ""Casp1"", ""Trim5"", ""Lbp"", ""Cd86"", ""Ddit4"", ""Cebpb"", ""Zbtb7a"", ""Lyn"", ""Ramp3"", ""Cd68"", ""Ahr"", ""Tnfrsf1b"", ""Mgst1"", ""Akr1c13"", ""Pdcd1lg2"", ""Cd55"", ""Spi1"", ""Gch1"", ""Trib1"", ""Pdia3"", ""Plscr1"", ""Cxcl10"", ""Malt1"", ""Smo"", ""Gramd1b"", ""Foxp1"", ""Havcr2"", ""Ar"", ""Litaf"", ""Sash1"", ""Plcg2"", ""Sgk1"", ""Mtdh"", 
""Tnf"", ""Fes"", ""Mrc1"", ""Pde2a"", ""Sstr2"", ""Nr1h3"", ""Trim30c"", ""Ffar2"", ""Trem2"", ""Sirpa"", ""Uri1"", ""Akr1c12"", ""Zc3h12a"", ""Scimp"", ""Lpl"", ""Cxcl16"", ""Abca1"", ""Igf1"", ""Pf4"")"
"827","GOBP_MAINTENANCE_OF_LOCATION","0.00338573229423067","0.0177455871660664","0.431707695803346","0.418535562791483","1.58405564081013","124","c(""Tmsb4x"", ""Anxa6"", ""Gm2a"", ""Sp100"", ""Srgn"", ""Camk2d"", ""Hspa5"", ""P2rx7"", ""Chd7"", ""Rnf213"", ""Itgb3"", ""Lgals1"", ""Fth1"", ""Snca"", ""Apoe"", ""Pml"", ""Ehd1"", ""Lgals3"", ""Hexb"", ""Ubash3b"", ""B4galnt1"", ""Pparg"", ""Ttc39b"", ""Lyn"", ""Lgals9"", ""Fasl"", ""Cxcl10"", ""Capn3"", ""Sorl1"", ""Plcg2"", ""Tnf"", ""Plch1"", ""Chchd10"", ""Gsto1"", ""Plin3"", ""Nr1h3"", ""Ffar2"", ""Sun1"", ""Trem2"", ""Zc3h12a"", ""Lpl"", ""Trpm2"", ""Morc3"", ""C3"")"
"828","GOBP_LEUKOCYTE_MIGRATION","0.000878393915624835","0.00591266327008031","0.477270815362862","0.404521863723586","1.58412929765916","171","c(""Itgb7"", ""S1pr1"", ""Itgb3"", ""Calr"", ""Gpr18"", ""Sell"", ""Cd74"", ""Lgmn"", ""Cd9"", ""Rps19"", ""Ccr7"", ""Fcer1g"", ""Tnfrsf18"", ""Pecam1"", ""Ecm1"", ""Lgals3"", ""Swap70"", ""Stk39"", ""Ninj1"", ""Anxa1"", ""Cd200r1"", ""Itga4"", ""Ccl5"", ""Lbp"", ""Stk10"", ""Myo1f"", ""Dpp4"", ""Cd300a"", ""Gpr183"", ""Lyn"", ""Ccl4"", ""Tnfsf11"", ""Icam1"", ""Il27ra"", ""Aif1"", ""Ccr2"", ""Spi1"", ""Fcgr3"", ""Lgals9"", ""Gata3"", ""Dapk2"", ""Cxcl10"", ""Ccl3"", ""P2rx4"", ""Bst1"", ""Vav3"", ""Itgal"", ""Il1r1"", ""Itga9"", ""Tnf"", ""Csf1r"", ""St3gal4"", ""Ffar2"", ""Ccl8"", ""Ccl6"", ""Trem2"", ""Sirpa"", 
""Vcam1"", ""Mmp9"", ""Asb2"", ""Cxcl16"", ""Pf4"", ""Trpm2"", ""Cxcr5"", ""C5ar1"", ""Cnr2"", ""Pdgfb"", ""Aire"", ""Ccl17"", ""Itgam"", ""Slamf8"", ""Cd200"", ""Cmklr1"", ""Mpp1"", ""App"", ""Fut7"", ""Cadm1"", ""Slamf9"", ""Retnlg"", ""Csf3r"")"
"829","GOBP_ORGANIC_HYDROXY_COMPOUND_TRANSPORT","0.00443945381006053","0.0217455296873662","0.407017918923954","0.44550729997391","1.58662120031611","81","c(""Itgb3"", ""Snca"", ""Fcer1g"", ""Apoe"", ""Lgals3"", ""Pparg"", ""Ldlrap1"", ""Dtnbp1"", ""Cd300a"", ""Ttc39b"", ""Furin"", ""Anxa2"", ""Adora2a"", ""Myc"", ""Ly6e"", ""Aqp3"", ""Fcgr3"", ""Syt11"", ""Pltp"", ""Gramd1b"", ""Stard3nl"", ""Lrp1"", ""Nr1h3"", ""Entpd1"", ""Slc22a3"", ""Trem2"", ""Nucb2"", ""Abca1"", ""Slc16a3"", ""Slc22a2"", ""Tspo2"")"
"830","GOBP_INTRINSIC_APOPTOTIC_SIGNALING_PATHWAY_IN_RESPONSE_TO_DNA_DAMAGE","0.00970562122527411","0.0403331874607765","0.380730400722792","0.47367446972744","1.58857346780084","56","c(""Rps3"", ""Rpl26"", ""Cd74"", ""Crip1"", ""Bcl2a1b"", ""Pml"", ""Bcl2"", ""Cdkn1a"", ""Bcl2a1d"", ""Cd44"", ""Ifi204"", ""Skil"", ""Ddit4"", ""Myc"", ""Tnfrsf1b"", ""Bcl3"", ""Plscr1"", ""Ier3"", ""Hmox1"")"
"831","GOBP_CELLULAR_RESPONSE_TO_SALT","0.00744772331340597","0.0329065432992167","0.407017918923954","0.456311899314587","1.58894454938263","70","c(""B2m"", ""Ly6a"", ""Rasgrp2"", ""Alox5ap"", ""Lgmn"", ""Orai1"", ""Junb"", ""Stk39"", ""Pparg"", ""Atp2b4"", ""Ly6c1"", ""Hsp90b1"", ""Fos"", ""Ly6e"", ""Syt11"", ""Nfatc1"", ""Nfatc2"", ""P2rx4"", ""Capn3"", ""Cdh1"", ""Id2"", ""Plcg2"", ""Cpne3"", ""Stim1"", ""Fosb"", ""Mt1"", ""Fabp4"", ""Zc3h12a"", ""Trpm2"", ""Jun"", ""Ehmt2"", ""Pdgfb"", ""Alox15"")"
"832","HALLMARK_APOPTOSIS","0.00536567948477921","0.0253433814272111","0.407017918923954","0.448800529629384","1.58979704467293","79","c(""Isg20"", ""Smad7"", ""Ccnd2"", ""Ifitm3"", ""Irf1"", ""Timp2"", ""Gpx1"", ""Cdkn1a"", ""Lgals3"", ""Anxa1"", ""Cd44"", ""Cd69"", ""Dap"", ""Casp1"", ""Psen2"", ""Gadd45b"", ""Sat1"", ""Gna15"", ""Tnfsf10"", ""Pdgfrb"", ""Gch1"", ""Lmna"", ""Birc3"", ""Fasl"", ""Il18"", ""Atf3"", ""Ier3"", ""Cd38"", ""Hmox1"", ""Cdc25b"", ""Hgf"", ""Tnf"", ""Ifngr1"", ""Casp4"")"
"833","GOBP_MAINTENANCE_OF_LOCATION_IN_CELL","0.00427947790108315","0.0212675959815527","0.407017918923954","0.446800589278661","1.59122709617726","81","c(""Tmsb4x"", ""Anxa6"", ""Gm2a"", ""Sp100"", ""Srgn"", ""Camk2d"", ""Hspa5"", ""P2rx7"", ""Chd7"", ""Itgb3"", ""Fth1"", ""Snca"", ""Apoe"", ""Pml"", ""Hexb"", ""Ubash3b"")"
"834","GOBP_AMIDE_METABOLIC_PROCESS","3.69395188952015e-06","5.61931408127269e-05","0.627256739718528","0.371164480808378","1.59154909026125","399","c(""Rps5"", ""Rpsa"", ""Rpl17"", ""Rpl13"", ""Rpl18a"", ""Rps3"", ""Rpl18"", ""Rpl10"", ""Rpl21"", ""Rps4x"", ""Rpl19"", ""Rplp0"", ""Rps10"", ""Rpl9"", ""Vim"", ""Rpl10a"", ""Rps7"", ""Rps18"", ""Rpl3"", ""Rpl32"", ""Rps3a1"", ""Rpl8"", ""Rps14"", ""Eef1a1"", ""Rpl11"", ""Rps20"", ""Gm2a"", ""Rps16"", ""Eef1b2"", ""Rpl23"", ""Rpl27a"", ""Mme"", ""Rpl29"", ""Rpl4"", ""Eif2ak2"", ""Rplp1"", ""P2rx7"", ""Rps12"", ""Rpl26"", ""Smpdl3a"", ""Rps27a"", ""Calr"", ""Rpl14"", ""Rps2"", ""Rps6"", ""Zfp36l2"", ""Rpl7a"", ""Rps19"", ""Snca"", ""Rpl5"", ""Apoe"", ""Pml"", ""Eef1g"", ""Rpl22l1"", ""Zfp36l1"", ""Sgms1"", 
""Rpl28"", ""Hexb"", ""Rps8"", ""Dap"", ""St6gal1"", ""B4galnt1"")"
"835","GOBP_LYMPHOCYTE_MEDIATED_IMMUNITY","0.000941178625752139","0.00628365473654077","0.477270815362862","0.405772310365602","1.5917409268175","164","c(""Irf7"", ""Rsad2"", ""Nkg7"", ""B2m"", ""Smad7"", ""Gimap3"", ""P2rx7"", ""Gimap5"", ""Batf"", ""Clec2d"", ""Cd74"", ""Il7r"", ""Fcer1g"", ""Il18r1"", ""Ighm"", ""Unc93b1"", ""Swap70"", ""Vsir"", ""Nfkbiz"", ""Cd40lg"", ""Arid5a"", ""Il18rap"", ""Pou2f2"", ""Cd160"", ""Dpp4"", ""Stx11"", ""Ahr"", ""Icam1"", ""Tnfrsf1b"", ""C1qa"", ""Il27ra"", ""Serpinb9"", ""Bcl3"", ""Il2rb"", ""Clcf1"", ""C1qb"", ""Ctsc"", ""Cd55"", ""Ccr2"", ""Fcgr3"", ""Ndfip1"", ""Fosl2"", ""Rab27a"", ""Lta"", ""Lgals9"", ""Gata3"", ""Il18"", ""Malt1"", ""Havcr2"", ""Il1r1"", ""Rnf19b"", ""Fcgr2b"", ""Ctsh"", ""Tnf"")"
"836","GOBP_RIBOSOME_ASSEMBLY","0.0096320453697936","0.0401919823236259","0.380730400722792","0.515124371426644","1.59388841278867","37","c(""Rps5"", ""Rpsa"", ""Rpl10"", ""Rplp0"", ""Rps14"", ""Rpl11"", ""Rps6"", ""Rps19"", ""Rpl5"")"
"837","GOCC_BOUNDING_MEMBRANE_OF_ORGANELLE","7.40531190509006e-05","0.000750343882962747","0.538434096309916","0.389140041533389","1.5948773865982","250","c(""Rsad2"", ""Nkg7"", ""Anxa6"", ""B2m"", ""Irgm1"", ""Gimap3"", ""Igtp"", ""Srgn"", ""Ifitm3"", ""Lfng"", ""Gbp2"", ""Cd274"", ""Bcl2a1b"", ""Snca"", ""Notch1"", ""Ncf4"", ""Actn1"", ""Bcl2"", ""Pmepa1"", ""Ifitm2"", ""Atp8a1"", ""Gbp5"", ""Grn"", ""Ehd1"", ""Tmed3"", ""Bcl2a1d"", ""Sgms1"", ""Rnf125"", ""Snx10"", ""Syngr2"", ""Irgm2"", ""Cd63"", ""St6gal1"", ""B4galnt1"", ""Tm6sf1"", ""Golim4"", ""Slc17a9"", ""Psen2"", ""Trf"", ""Mvb12a"", ""Glipr2"", ""Cpt1a"", ""Dtnbp1"", ""Slc2a3"", ""Atp13a2"", ""Ehd4"", ""Furin"", ""Anxa2"", ""Xylt1"", ""Cd68"", ""Mgst1"", ""Ass1"", ""Syt11"", ""Ndfip1"", ""Rab27a"", 
""Smo"", ""P2rx4"", ""Wfs1"", ""Cfp"", ""Litaf"", ""Stard3nl"", ""Pex6"", ""Eea1"", ""Pla2g4a"", ""Dmbt1"", ""Mrc1"", ""Ldlrad4"", ""Clec4e"", ""Ppp1r15a"", ""Mctp1"", ""Stim1"", ""Pde2a"")"
"838","MARTINEZ_RB1_AND_TP53_TARGETS_UP","0.000308599846545052","0.00251394903399982","0.49849310876659","0.390684232115891","1.59565892625192","229","c(""Trbc1"", ""Ifi27l2a"", ""Ifi203"", ""Ms4a6b"", ""Mndal"", ""Rsad2"", ""B2m"", ""Ccnd2"", ""Prr13"", ""Iigp1"", ""Srgn"", ""Ly6a"", ""Ctla2a"", ""Lgals3bp"", ""Pdgfa"", ""Lgals1"", ""Gbp2"", ""Fth1"", ""Add3"", ""Alox5ap"", ""Cpa3"", ""Cd74"", ""Lcp1"", ""Il18r1"", ""Glrx"", ""Pecam1"", ""Ctsb"", ""Pmepa1"", ""Ms4a6d"", ""Cdkn1a"", ""Myl4"", ""Serpinb1a"", ""Cd44"", ""Tyrobp"", ""Dap"", ""Tm6sf1"", ""Nr4a1"", ""Itga4"", ""Lbp"", ""Trf"", ""Fos"", ""Ahr"", ""Qpct"", ""Hdc"", ""Clcf1"", ""C1qb"", ""Trib1"", ""Lgals9"", ""Chpt1"", ""Ppp3ca"", ""Ncf2"", ""Atf3"", ""Ier3"", ""Havcr2"", ""Litaf"", ""Fcgr2b"", 
""Itga9"", ""Fhl2"", ""Serp1"", ""Chchd10"", ""Fscn1"", ""Clec4e"")"
"839","TABULA_MURIS_SENIS_MAMMARY_GLAND_T_CELL_AGEING","6.76825941463493e-05","0.000696875542961065","0.538434096309916","0.386317098790918","1.59678773953848","262","c(""Ms4a4b"", ""Gimap4"", ""Vim"", ""Tmsb4x"", ""AW112010"", ""Nkg7"", ""Itgb7"", ""Ltb"", ""Anxa6"", ""B2m"", ""Ccnd2"", ""Ifi27"", ""Gm2a"", ""Gng2"", ""Ctss"", ""Prr13"", ""S100a6"", ""Fxyd5"", ""Ly6a"", ""Hspa5"", ""Ctla2a"", ""Cd7"", ""Emp3"", ""Ifitm3"", ""S100a4"", ""Psmb9"", ""Cd82"", ""Smpdl3a"", ""Lgals1"", ""Cotl1"", ""Psme2"", ""Apobec3"", ""Zfp36l2"", ""Sp110"", ""Cd48"", ""Capg"", ""Clec2d"", ""Ostf1"", ""Il7r"", ""Ctsw"", ""Crip1"", ""Cd52"", ""Bcl2a1b"", ""Junb"", ""Fcer1g"", ""Lcp1"", ""Sema4a"", ""Apoe"", ""Ier2"", ""Cst7"", ""Tagap"", ""Il18r1"", ""Glrx"", ""Gem"", ""Rgs1"", ""Bcl2"", ""Ctsb"", 
""Timp2"", ""Zfp36l1"", ""S100a11"", ""Ifitm2"", ""Gpx1"", ""Vasp"", ""Cdkn1a"", ""Lgals3"", ""Cst3"", ""Ahnak"", ""Bcl2a1d"", ""Esyt1"", ""Tmem176b"", ""Icos"", ""Tmem176a"", ""Nfkbiz"", ""Rnh1"", ""Serpinb6b"", ""Pglyrp1"", ""Cd44"", ""Tyrobp"", ""Cd69"", ""Dap"", ""B4galnt1"", ""Nr4a1"", ""Ccl5"", ""Dusp2"", ""Nfkbid"", ""Glipr2"", ""Gadd45b"", ""Cebpb"", ""Ier5"", ""Furin"", ""Anxa2"", ""Hsp90b1"", ""Fos"", ""Gpr183"", ""Avpi1"", ""Ccl4"", ""Pgls"", ""Tnfrsf1b"", ""Ly6e"", ""Serpinb9"", ""Il2rb"")"
"840","GOBP_REGULATION_OF_PEPTIDYL_TYROSINE_PHOSPHORYLATION","0.00373784557288982","0.019208373082906","0.431707695803346","0.436561986037325","1.59747448420859","95","c(""Parp9"", ""Parp14"", ""Il6ra"", ""Irf1"", ""Pdgfa"", ""Itgb3"", ""Cd74"", ""Sh3bp5"", ""Tnfrsf18"", ""Pecam1"", ""Unc119"", ""Ighm"", ""Cd44"", ""Ccl5"", ""Psen2"", ""Inpp5f"", ""Gfra1"", ""Ehd4"", ""Cd300a"", ""Lyn"", ""Nrp1"", ""Pdgfrb"", ""Icam1"", ""Clec4n"", ""Clcf1"", ""Lrrk1"", ""Il18"", ""Cblb"", ""Bst1"", ""Mvp"", ""Hgf"", ""Plcg2"", ""Tnf"", ""Il15"", ""Csf1r"", ""Socs3"")"
"841","TABULA_MURIS_SENIS_GONADAL_ADIPOSE_TISSUE_B_CELL_AGEING","0.0119827992636718","0.0476900442589577","0.380730400722792","0.502770133269371","1.59846374769157","43","c(""Klf2"", ""Ccnd2"", ""Ly6a"", ""Lgals1"", ""Cotl1"", ""Apoe"", ""Serpina3g"", ""Cdkn1a"", ""Cst3"", ""Tmem176b"", ""Mzb1"", ""Anxa1"", ""Pou2f2"", ""Sdf2l1"", ""Eif3i"", ""Anxa2"")"
"842","GOMF_ENZYME_INHIBITOR_ACTIVITY","0.00239015993022298","0.0134651937129949","0.431707695803346","0.433592754663691","1.5989582806243","103","c(""Bst2"", ""Rps7"", ""Parp9"", ""Rpl11"", ""Rps20"", ""Rpl23"", ""Tesc"", ""Gbp2"", ""Dtx3l"", ""Notch1"", ""Rpl5"", ""Sh3bp5"", ""Cst7"", ""Timp2"", ""Serpina3g"", ""Gbp5"", ""Cdkn1a"", ""Cst3"", ""Serpinb1a"", ""Rnh1"", ""Serpinb6b"", ""Anxa1"", ""Slpi"", ""Atp2b4"", ""Ctla2b"", ""Furin"", ""Anxa2"", ""Serpinb9"", ""Cd55"", ""Trib1"")"
"843","TABULA_MURIS_SENIS_MARROW_PROERYTHROBLAST_AGEING","0.00964327248078627","0.0401919823236259","0.380730400722792","0.478274663473373","1.60088862603458","55","c(""Rps5"", ""Rpl13"", ""Rpl10"", ""Rpl10a"", ""Rps7"", ""Rps18"", ""Rpl3"", ""Rpl32"", ""Rpl8"", ""Rps14"", ""B2m"", ""S100a6"", ""Emp3"", ""AA467197"", ""Rps2"", ""Rps19"", ""Camp"", ""Rpl22l1"", ""Ifitm2"", ""Serpinb1a"", ""Rps8"", ""Anxa1"", ""Cd63"")"
"844","GOBP_VESICLE_MEDIATED_TRANSPORT","2.64980704678555e-05","0.000310769803953275","0.575610261071129","0.377047004651723","1.60367741314083","358","c(""Nkg7"", ""B2m"", ""Samd9l"", ""Ifitm3"", ""P2rx7"", ""Actn2"", ""Itgb3"", ""Calr"", ""Irf8"", ""Cd9"", ""Orai1"", ""Ccr7"", ""Dtx3l"", ""Snca"", ""Notch1"", ""Fcer1g"", ""Apoe"", ""Vamp5"", ""Sytl1"", ""Ncf4"", ""Pecam1"", ""Aak1"", ""Unc119"", ""Myo6"", ""Ighm"", ""Grn"", ""Ehd1"", ""Lgals3"", ""Tmed3"", ""Rapgef4"", ""Snx10"", ""Syngr2"", ""Anxa1"", ""Cd44"", ""Tyrobp"", ""Cd63"", ""Pparg"", ""Itga4"", ""Ccl5"", ""Axl"", ""Tbc1d4"", ""Cd160"", ""Lbp"", ""Trf"", ""Mvb12a"", ""Inpp5f"", ""Kif1b"", ""Myo1f"", ""Neurl3"", ""Ldlrap1"", ""Dtnbp1"", ""Mapkapk3"", ""Atp13a2"", ""Ehd4"", ""Cd300a"", ""Pld4"", 
""Evi5"", ""Stx11"", ""Anxa2"", ""Nfix"", ""Lyn"", ""Ramp3"", ""Ly75"", ""Tmem50b"", ""Eef2k"", ""Rab44"", ""Il10ra"", ""Il2rb"", ""Aif1"", ""Lat2"", ""Il15ra"", ""Nr4a3"", ""Ccr2"", ""Hip1r"", ""Spi1"", ""Apobr"", ""Fcgr3"", ""Syt11"", ""Cyfip1"", ""Rab27a"", ""Lgals9"", ""Plscr1"", ""Ppp3ca"", ""Fgr"", ""Ncf2"", ""Creg1"", ""Vav3"", ""Hmox1"", ""Itgal"", ""Sorl1"", ""Cfp"", ""Bmp2k"", ""Fcgr2b"", ""Stard3nl"", ""Plcg2"", ""Bcap29"", ""Eea1"", ""Rab3il1"", ""Tnf"", ""Pla2g4a"", ""Dmbt1"", ""Fes"", ""Mrc1"", ""Milr1"", ""Il15"", ""Lrp1"", ""Hck"", ""Mctp1"", ""Exoc3l4"", ""C2cd5"", ""Cyth3"", ""Nr1h3"", ""Ccl8"", 
""Hfe"", ""Trem2"", ""Sirpa"", ""Fcgr1"", ""Sytl2"", ""Snx8"", ""Cxcl16"", ""Abca1"", ""Snx18"", ""Steap3"", ""C3"", ""Tmed5"", ""Slc11a1"", ""Plk2"", ""Cd300lf"", ""Ephb2"", ""Alox15"")"
"845","GOMF_ACTIN_BINDING","0.00232428045841699","0.0132239567748228","0.431707695803346","0.428018683296529","1.6043609298347","118","c(""Tmsb4x"", ""Anxa6"", ""Fxyd5"", ""Pdlim4"", ""S100a4"", ""Actn2"", ""Cotl1"", ""Gbp2"", ""Add3"", ""Capg"", ""Snca"", ""Lcp1"", ""Actn1"", ""Myo6"", ""Vasp"", ""Myl4"", ""Msrb1"", ""Myo1f"", ""Dst"", ""Iqgap2"", ""Tpm4"", ""Adssl1"", ""Aif1"", ""Hip1r"", ""Cyfip1"", ""Coro2a"")"
"846","GOBP_NEGATIVE_REGULATION_OF_CELL_POPULATION_PROLIFERATION","4.99161439871289e-05","0.000543205096330521","0.557332238758646","0.383635908046263","1.60464904088122","311","c(""Vim"", ""Stat1"", ""Slfn1"", ""B2m"", ""Irgm1"", ""Ifit3"", ""Smad7"", ""Runx3"", ""Eif2ak2"", ""Ifitm3"", ""Tesc"", ""Ifi35"", ""Lgals1"", ""Fth1"", ""Cd274"", ""Cd9"", ""Ifit3b"", ""Il2ra"", ""Notch1"", ""Sema4a"", ""Apoe"", ""Pml"", ""Btla"", ""Bcl2"", ""Ifi30"", ""Timp2"", ""Cdkn1a"", ""Lgals3"", ""Zbtb7b"", ""Vsir"", ""Eng"", ""Ptgir"", ""Cd44"", ""Tyrobp"", ""Hdac4"", ""Rap1gap2"", ""Pparg"", ""Cd86"", ""Inpp5f"", ""Smad3"", ""Rapgef2"", ""Dtnbp1"", ""Cd300a"", ""Cebpb"", ""Acvrl1"", ""Xylt1"", ""Lyn"", ""Nrp1"", ""Ahr"", ""Adora2a"", ""Myc"", ""Aif1"", ""Il15ra"", ""Pdcd1lg2"", ""Trib1"", ""Ndfip1"", 
""Nfatc1"", ""Runx1"", ""Lmna"", ""Rarg"", ""Lta"", ""Lgals9"", ""Gata3"", ""Ppp3ca"", ""Skap2"", ""Smo"", ""Cblb"", ""Cdh1"", ""Dusp10"", ""Cd38"", ""Hmox1"", ""Havcr2"", ""Ar"", ""Sema6d"", ""Tgfb3"", ""Fcgr2b"")"
"847","GOBP_MYELOID_CELL_DEVELOPMENT","0.00855328075143718","0.0365794668974588","0.380730400722792","0.518738634530726","1.60507159961093","37","c(""Klf2"", ""Tesc"", ""Alas2"", ""Rps6"", ""Bpgm"", ""Ninj1"", ""Tyrobp"", ""Cebpb"", ""Zbtb7a"", ""Tnfsf11"", ""Lrrk1"", ""Foxp1"", ""Gpr68"", ""Csf1r"", ""Cited2"", ""Rhd"", ""Itgam"", ""Fli1"", ""App"")"
"848","REACTOME_CELL_SURFACE_INTERACTIONS_AT_THE_VASCULAR_WALL","0.0112664459213867","0.0454381626998261","0.380730400722792","0.514484377138093","1.6052675008001","39","c(""Itgb3"", ""Sell"", ""Cd48"", ""Cd74"", ""Fcer1g"", ""Pecam1"", ""Cd44"", ""Itga4"", ""Lyn"", ""Sdc3"", ""Itgal"", ""Sirpa"", ""Pf4"", ""Epcam"", ""Thbd"", ""Itgam"", ""Sdc4"", ""Vpreb3"", ""F11r"", ""Cd177"")"
"849","RAY_TUMORIGENESIS_BY_ERBB2_CDC25A_DN","0.0117657261656663","0.0470219091011122","0.380730400722792","0.467024529115252","1.60616886012798","64","c(""Rsad2"", ""Sp100"", ""Samhd1"", ""Gbp9"", ""Ifih1"", ""Sp110"", ""Tor3a"", ""Notch1"", ""Sh3bp5"", ""Cst3"", ""Traf1"", ""Smad3"", ""Tsc22d3"", ""Oas2"", ""G0s2"", ""Ppm1l"", ""Chn2"", ""Arhgef6"", ""Fosl2"", ""Cdc42ep3"", ""Fam20a"", ""Crip2"", ""Nfic"")"
"850","GOBP_REGULATION_OF_ANATOMICAL_STRUCTURE_MORPHOGENESIS","6.55069874453663e-05","0.000681819551722642","0.538434096309916","0.385928061413157","1.6061829740064","279","c(""Klf2"", ""Vim"", ""Stat1"", ""Irgm1"", ""Sp100"", ""Igtp"", ""Rpl4"", ""Pdgfa"", ""Itgb3"", ""Lfng"", ""Pik3cd"", ""Etv5"", ""Notch1"", ""Sema4a"", ""Apoe"", ""Pml"", ""Camp"", ""Pde3b"", ""Ecm1"", ""Ighm"", ""Grn"", ""Lgals3"", ""Cst3"", ""Eng"", ""Rnh1"", ""Hexb"", ""Irgm2"", ""Ninj1"", ""Anxa1"", ""Cd44"", ""Pparg"", ""Zeb2"", ""Ccl5"", ""Cd160"", ""Atp2b4"", ""Rapgef2"", ""Skil"", ""Stat2"", ""Dtnbp1"", ""Acvrl1"", ""Runx2"", ""Plxnc1"", ""Nrp1"", ""Eef2k"", ""Icam1"", ""Hhex"", ""Ccr2"", ""Cyfip1"", ""Runx1"", ""Arhgap18"", ""Gata3"", ""Fasl"", ""Ppp3ca"", ""Il18"", ""Cxcl10"", ""Ccl3"", ""Fgr"", ""Smo"", 
""Foxp1"", ""Cdh1"", ""Chil1"", ""Hmox1"", ""Ar"", ""Cdc42ep3"", ""Sema6d"", ""Sash1"", ""Hgf"", ""Cybb"", ""Tnfsf13b"", ""Sgk1"", ""Ctsh"", ""Mtdh"", ""Tnf"", ""Smad1"", ""Fes"", ""Lrp1"", ""Cysltr1"", ""Hck"", ""Ppp1r15a"", ""Stim1"", ""Csf1r"", ""Nin"")"
"851","GOBP_NEUTROPHIL_MIGRATION","0.00853260008236511","0.0365455276119222","0.380730400722792","0.480211280280144","1.60988355345536","57","c(""Sell"", ""Cd74"", ""Ccr7"", ""Fcer1g"", ""Pecam1"", ""Lgals3"", ""Ccl5"", ""Lbp"", ""Myo1f"", ""Dpp4"", ""Ccl4"", ""Fcgr3"", ""Dapk2"", ""Cxcl10"", ""Ccl3"", ""Bst1"", ""Vav3"", ""Il1r1"", ""Itga9"", ""Ccl8"", ""Ccl6"", ""Pf4"", ""C5ar1"", ""Ccl17"", ""Itgam"", ""Slamf8"", ""Mpp1"", ""Fut7"", ""Csf3r"", ""Cd177"", ""Il1a"", ""C3ar1"", ""Il1b"", ""Xcl1"")"
"852","GOBP_PEPTIDYL_TYROSINE_MODIFICATION","0.00286869318171585","0.0155207126388117","0.431707695803346","0.432265326570104","1.61020503859697","112","c(""Parp9"", ""Parp14"", ""Il6ra"", ""Irf1"", ""Pdgfa"", ""Itgb3"", ""Blk"", ""Cd74"", ""Sh3bp5"", ""Tnfrsf18"", ""Pecam1"", ""Unc119"", ""Ighm"", ""Cd44"", ""Ccl5"", ""Psen2"", ""Inpp5f"", ""Gfra1"", ""Ehd4"", ""Cd300a"", ""Lyn"", ""Nrp1"", ""Pdgfrb"", ""Icam1"", ""Clec4n"", ""Clcf1"", ""Tpst2"", ""Lrrk1"", ""Il18"", ""Fgr"", ""Cblb"", ""Bst1"", ""Mvp"", ""Hgf"", ""Plcg2"", ""Tnf"", ""Fes"", ""Il15"", ""Hck"", ""Csf1r"", ""Socs3"")"
"853","GOBP_MUSCLE_ORGAN_DEVELOPMENT","0.00312486215950952","0.0166398184631264","0.431707695803346","0.44088675022791","1.61146007019654","92","c(""Smad7"", ""Naca"", ""Chd7"", ""S1pr1"", ""Notch1"", ""Vamp5"", ""Bcl2"", ""Gpx1"", ""Eng"", ""Hdac4"", ""Nr4a1"", ""Arid5b"", ""Smad3"", ""Skil"", ""Dtnbp1"", ""Heg1"", ""Ybx3"", ""Nfix"", ""Fos"", ""Myc"", ""Ly6e"", ""Lmna"", ""Ppp3ca"", ""Smo"", ""Foxp1"", ""Atf3"", ""Serp1"", ""Svil"", ""Egr2"")"
"854","GOBP_NEGATIVE_REGULATION_OF_SECRETION","0.00526162492922787","0.0249534730798884","0.407017918923954","0.474573228621522","1.61147394172075","62","c(""Rsad2"", ""Cd74"", ""Snca"", ""Notch1"", ""Apoe"", ""Pde3b"", ""Foxo1"", ""Stk39"", ""Anxa1"", ""Pparg"", ""Cd300a"", ""Tnfrsf1b"", ""Ccr2"", ""Spi1"", ""Syt11"", ""Lgals9"", ""Ppp3ca"", ""Hmox1"", ""Frmd4a"", ""Tnf"", ""Nr1h3"", ""Ffar2"", ""Entpd1"", ""Nucb2"", ""Cyp51"", ""Tifab"", ""Rab11fip1"")"
"855","GOMF_GROWTH_FACTOR_BINDING","0.0096639661985562","0.0402489805001596","0.380730400722792","0.491056359587089","1.61165058619254","49","c(""Igfbp4"", ""Il6ra"", ""Pdgfa"", ""Itgb3"", ""Rps2"", ""Il2ra"", ""Rps19"", ""Eng"", ""Acvrl1"", ""Furin"", ""Nrp1"", ""Pdgfrb"", ""Il10ra"", ""Il2rb"", ""Il1r1"", ""Tgfb3"", ""Igfbp7"", ""Csf1r"")"
"856","GOBP_LEUKOCYTE_MEDIATED_IMMUNITY","0.000365813913418379","0.00290171893977096","0.49849310876659","0.402006778708992","1.61486199520742","204","c(""Bst2"", ""Irf7"", ""Rsad2"", ""Nkg7"", ""B2m"", ""Smad7"", ""Gimap3"", ""P2rx7"", ""Gimap5"", ""Batf"", ""Clec2d"", ""Cd74"", ""Il7r"", ""Fcer1g"", ""Il18r1"", ""Ighm"", ""Unc93b1"", ""Swap70"", ""Vsir"", ""Nfkbiz"", ""Cd40lg"", ""Arid5a"", ""Tyrobp"", ""Il18rap"", ""Pou2f2"", ""Cd160"", ""Myo1f"", ""Dpp4"", ""Cd300a"", ""Stx11"", ""Lyn"", ""Rab44"", ""Ahr"", ""Icam1"", ""Tnfrsf1b"", ""C1qa"", ""Il27ra"", ""Serpinb9"", ""Bcl3"", ""Il2rb"", ""Clcf1"", ""Lat2"", ""C1qb"", ""Ctsc"", ""Cd55"", ""Nr4a3"", ""Ccr2"", ""Spi1"", ""Fcgr3"", ""Ndfip1"", ""Fosl2"", ""Rab27a"", ""Lta"", ""Lgals9"", ""Gata3"", ""Il18"", 
""Malt1"", ""Fgr"", ""Hmox1"", ""Havcr2"", ""Il1r1"", ""Rnf19b"", ""Fcgr2b"", ""Plcg2"", ""Ctsh"", ""Tnf"", ""Fes"", ""Milr1"", ""Ncf1"", ""Foxp3"", ""C1qc"", ""Hfe"", ""Trem2"", ""Fcgr1"", ""Pnp"", ""Scimp"")"
"857","GOBP_ENTRY_INTO_HOST","0.0108002557092872","0.0438354327620398","0.380730400722792","0.517638264159635","1.61510809569832","39","c(""Trim30a"", ""Ifitm3"", ""Itgb3"", ""Lgals1"", ""Trim30d"", ""Trim25"", ""Cd74"", ""Trim34a"", ""Ctsb"", ""Ifitm2"", ""Axl"", ""Trim5"", ""Furin"", ""Nrp1"", ""Ly6e"", ""Ifitm6"", ""Fuca2"")"
"858","GOBP_REGULATION_OF_ACTIN_FILAMENT_LENGTH","0.0112282543078719","0.0453160017281108","0.380730400722792","0.500067598344959","1.6163762667076","45","c(""Tmsb4x"", ""Actn2"", ""Cotl1"", ""Add3"", ""Capg"", ""Pecam1"", ""Vasp"", ""Swap70"", ""Icam1"", ""Hip1r"", ""Cyfip1"", ""Arhgap18"", ""Cdc42ep3"", ""Svil"")"
"859","GOBP_NEGATIVE_REGULATION_OF_CELL_ADHESION","0.000532178167171215","0.00391789703302557","0.477270815362862","0.426803190883898","1.61738246755527","128","c(""Slfn1"", ""Smad7"", ""Dtx1"", ""Gimap3"", ""Runx3"", ""Irf1"", ""Lgals1"", ""Gimap5"", ""Cd274"", ""Cd74"", ""Cd9"", ""Il2ra"", ""Notch1"", ""Btla"", ""Dapl1"", ""Pde3b"", ""Lgals3"", ""Zbtb7b"", ""Swap70"", ""Vsir"", ""Lax1"", ""Anxa1"", ""Ubash3b"", ""Cd44"", ""Nfkbid"", ""Cd86"", ""Myo1f"", ""Cd300a"", ""Cebpb"", ""Acvrl1"", ""Plxnc1"", ""Adora2a"", ""Pdcd1lg2"", ""Spi1"", ""Ass1"", ""Ndfip1"", ""Runx1"", ""Lgals9"", ""Plet1"", ""Cblb"", ""Cdh1"", ""Havcr2"")"
"860","GOBP_MOVEMENT_IN_HOST","0.0125096212248278","0.0494095576614239","0.380730400722792","0.51582660446947","1.61781565961081","40","c(""Trim30a"", ""Ifitm3"", ""Itgb3"", ""Lgals1"", ""Trim30d"", ""Trim25"", ""Cd74"", ""Trim34a"", ""Ctsb"", ""Ifitm2"", ""Axl"", ""Trim5"", ""Furin"", ""Nrp1"", ""Ly6e"", ""Ifitm6"", ""Fuca2"")"
"861","GOBP_NOTCH_SIGNALING_PATHWAY","0.00934450363859133","0.0392318655690493","0.380730400722792","0.493440090988979","1.6194740101971","49","c(""Dtx1"", ""Lfng"", ""Il2ra"", ""Rps19"", ""Dtx3l"", ""Notch1"", ""Aak1"", ""Anxa4"", ""Psen2"", ""Zbtb7a"", ""Hhex"")"
"862","TABULA_MURIS_SENIS_PANCREAS_PANCREATIC_DUCTAL_CELL_AGEING","0.00216421645621595","0.0124242055819804","0.431707695803346","0.432179851794764","1.61986268504988","115","c(""Rtp4"", ""Bst2"", ""Rpl13"", ""Rps3"", ""Rplp0"", ""Rps7"", ""Tmsb4x"", ""Rps3a1"", ""B2m"", ""Ccnd2"", ""Ifi27"", ""Prr13"", ""Ly6a"", ""Rpl4"", ""Ifitm3"", ""Ifi35"", ""Lgals3bp"", ""Fth1"", ""Cd9"", ""Smco4"", ""Ier2"", ""Aldh2"", ""Ifitm2"", ""Tmem176b"", ""Tmem176a"", ""Cd63"", ""Nabp2"", ""Gadd45b"", ""Sat1"", ""Fos"", ""Csf2ra"", ""Mgst1"", ""Hhex"")"
"863","HALLMARK_TGF_BETA_SIGNALING","0.0124308282811258","0.0492000001326823","0.380730400722792","0.597107739452339","1.6202227825144","21","c(""Smad7"", ""Junb"", ""Pmepa1"", ""Eng"", ""Smad3"", ""Skil"", ""Furin"", ""Cdh1"", ""Id2"", ""Smad1"", ""Ppp1r15a"")"
"864","GOBP_LEUKOCYTE_APOPTOTIC_PROCESS","0.00445871391335798","0.021762318547326","0.407017918923954","0.458596229127663","1.6203082301183","77","c(""P2rx7"", ""Rps6"", ""Pik3cd"", ""Cd274"", ""Cd74"", ""Il7r"", ""Il2ra"", ""Ccr7"", ""Fcer1g"", ""Bcl2"", ""Ripk1"", ""Lgals3"", ""Nfkbiz"", ""Anxa1"", ""Cd44"", ""St6gal1"", ""Ccl5"", ""Axl"", ""Nfkbid"", ""Tnfrsf4"", ""Rapgef2"", ""Tsc22d3"", ""Lyn"", ""Myc"", ""Serpinb9"", ""Bcl3"", ""Nr4a3"", ""Pdcd1"", ""Fasl"", ""Il18"", ""Foxp1"")"
"865","ZHANG_UTERUS_C2_SECRETORY_STROMAL3_RAMP3_HIGH_CELL","0.0018641624943416","0.011067258700879","0.45505986738723","0.436611984405236","1.62082173443662","107","c(""Bst2"", ""Rpl10"", ""Rplp0"", ""Vim"", ""Rps18"", ""Eef1a1"", ""Hspa5"", ""Rpl4"", ""Lgals1"", ""Rps6"", ""Gm8730"", ""Ier2"", ""Eef1g"", ""Atp8a1"", ""Tmed3"", ""Anxa1"", ""Dap"", ""Axl"", ""Tpm4"", ""Gadd45g"", ""Anxa2"", ""Fos"", ""Ramp3"", ""Ppic"", ""P2ry14"", ""Ckap4"")"
"866","GOBP_KILLING_OF_CELLS_OF_ANOTHER_ORGANISM","0.00724600082792027","0.0321888572797233","0.407017918923954","0.524135974529971","1.62177195036477","37","c(""Gzma"", ""Igtp"", ""Gbp7"", ""Gbp2"", ""Rps19"", ""Gbp3"", ""Camp"", ""Gbp5"", ""Lgals3"", ""Irgm2"", ""Ninj1"", ""Pglyrp1"")"
"867","GOBP_REGULATION_OF_CELL_CELL_ADHESION","6.16069073481343e-05","0.000644736521243705","0.538434096309916","0.402165391206224","1.62217521232315","213","c(""Rps3"", ""Slfn1"", ""B2m"", ""Irgm1"", ""Smad7"", ""Dtx1"", ""Gimap3"", ""Runx3"", ""Il6ra"", ""Irf1"", ""Lgals1"", ""Gimap5"", ""Cd274"", ""Cd74"", ""Il7r"", ""Cd9"", ""Il2ra"", ""Ccr7"", ""Sox13"", ""Notch1"", ""Btla"", ""Dapl1"", ""Lgals3"", ""Zbtb7b"", ""Swap70"", ""Vsir"", ""Lax1"", ""Icos"", ""Nfkbiz"", ""Cd40lg"", ""Anxa1"", ""Ubash3b"", ""Cd44"", ""Adam19"", ""Itga4"", ""Ccl5"", ""Cd160"", ""Nfkbid"", ""Cd86"", ""Dpp4"", ""Cd300a"", ""Plaur"", ""Cebpb"", ""Lyn"", ""Adora2a"", ""Tnfsf11"", ""Icam1"", ""Aif1"", ""Pdcd1lg2"", ""Cd55"", ""Cd83"", ""Nr4a3"", ""Ccr2"", ""Spi1"", ""Ass1"", ""Ndfip1"", 
""Runx1"", ""Lgals9"", ""Gata3"", ""Ppp3ca"", ""Nfat5"", ""Il18"", ""Malt1"", ""Cblb"", ""Cdh1"", ""Dusp10"", ""Itgal"", ""Havcr2"")"
"868","GOBP_REGULATION_OF_CELL_ADHESION","8.91647193424855e-06","0.000120603694676687","0.593325476396405","0.389198262628018","1.62504421418247","312","c(""Rps3"", ""Slfn1"", ""Cytip"", ""B2m"", ""Irgm1"", ""Smad7"", ""Dtx1"", ""Gimap3"", ""Runx3"", ""Il6ra"", ""Tesc"", ""Irf1"", ""S1pr1"", ""Itgb3"", ""Lgals1"", ""Calr"", ""Gimap5"", ""Cd274"", ""Cd74"", ""Il7r"", ""Cd9"", ""Il2ra"", ""Ccr7"", ""Sox13"", ""Notch1"", ""Pml"", ""Tnfrsf18"", ""Rsu1"", ""Btla"", ""Dapl1"", ""Bcl2"", ""Pde3b"", ""Lgals3"", ""Zbtb7b"", ""Swap70"", ""Vsir"", ""Lax1"", ""Icos"", ""Nfkbiz"", ""Cd40lg"", ""Ninj1"", ""Anxa1"", ""Ubash3b"", ""Cd44"", ""Cd63"", ""Adam19"", ""St6gal1"", ""Itga4"", ""Ccl5"", ""Cd160"", ""Nfkbid"", ""Cd86"", ""Smad3"", ""Myo1f"", ""Dpp4"", ""Cd300a"", ""Plaur"", 
""Cebpb"", ""Acvrl1"", ""Plxnc1"", ""Lyn"", ""Nrp1"", ""Adora2a"", ""Tnfsf11"", ""Icam1"", ""Aif1"", ""Pdcd1lg2"", ""Cd55"", ""Cd83"", ""Nr4a3"", ""Ccr2"", ""Spi1"", ""Ass1"", ""Ndfip1"", ""Runx1"", ""Lgals9"", ""Gata3"", ""Plet1"", ""Ppp3ca"", ""Nfat5"", ""Il18"", ""Malt1"", ""Cblb"", ""Cdh1"", ""Bst1"", ""Dusp10"", ""Vav3"", ""Itgal"", ""Havcr2"")"
"869","GOBP_ENDOCYTOSIS","0.000202959306238993","0.00176895383173347","0.518848077743792","0.404481047613736","1.62792281157708","205","c(""B2m"", ""Ifitm3"", ""P2rx7"", ""Itgb3"", ""Calr"", ""Irf8"", ""Cd9"", ""Ccr7"", ""Snca"", ""Fcer1g"", ""Apoe"", ""Ncf4"", ""Pecam1"", ""Aak1"", ""Unc119"", ""Myo6"", ""Ighm"", ""Grn"", ""Ehd1"", ""Lgals3"", ""Snx10"", ""Anxa1"", ""Cd44"", ""Tyrobp"", ""Cd63"", ""Pparg"", ""Itga4"", ""Axl"", ""Lbp"", ""Trf"", ""Inpp5f"", ""Neurl3"", ""Ldlrap1"", ""Dtnbp1"", ""Mapkapk3"", ""Ehd4"", ""Cd300a"", ""Pld4"", ""Anxa2"", ""Nfix"", ""Ramp3"", ""Ly75"", ""Eef2k"", ""Il10ra"", ""Il2rb"", ""Aif1"", ""Il15ra"", ""Ccr2"", ""Hip1r"", ""Apobr"", ""Fcgr3"", ""Syt11"", ""Rab27a"", ""Plscr1"", ""Ppp3ca"", ""Fgr"", ""Ncf2"", 
""Creg1"", ""Itgal"", ""Sorl1"", ""Cfp"", ""Bmp2k"", ""Fcgr2b"", ""Plcg2"", ""Eea1"", ""Tnf"", ""Dmbt1"", ""Mrc1"", ""Il15"", ""Lrp1"", ""Hck"", ""Mctp1"", ""Nr1h3"", ""Hfe"", ""Trem2"", ""Sirpa"", ""Fcgr1"", ""Cxcl16"", ""Abca1"", ""Snx18"", ""C3"", ""Slc11a1"", ""Plk2"", ""Cd300lf"")"
"870","GOBP_REGULATION_OF_LEUKOCYTE_PROLIFERATION","0.000737888957097677","0.00514816687220825","0.477270815362862","0.423473306807589","1.62862497496503","141","c(""Rps3"", ""Slfn1"", ""Irgm1"", ""Irf1"", ""Cd274"", ""Cd74"", ""Il2ra"", ""Ccr7"", ""Btla"", ""Bcl2"", ""Ighm"", ""Cdkn1a"", ""Lgals3"", ""Zbtb7b"", ""Vsir"", ""Mzb1"", ""Cd40lg"", ""Anxa1"", ""Cd44"", ""Tyrobp"", ""St6gal1"", ""Ccl5"", ""Tnfrsf4"", ""Cd86"", ""Cd300a"", ""Cebpb"", ""Gpr183"", ""Lyn"", ""Ahr"", ""Csf2ra"", ""Tnfrsf1b"", ""Hhex"", ""Clcf1"", ""Aif1"", ""Pdcd1lg2"", ""Cd55"", ""Ccr2"", ""Ndfip1"", ""Lgals9"", ""Ppp3ca"", ""Il18"", ""Cblb"", ""Nfatc2"", ""Bst1"", ""Vav3"", ""Cd38"", ""Itgal"", ""Havcr2"", ""Fcgr2b"", ""Tnfsf13b"", ""Lmo1"", ""Il15"", ""Csf1r"", ""Foxp3"", ""Card11"", ""Vcam1"", 
""Pnp"")"
"871","GOBP_NEGATIVE_REGULATION_OF_MAP_KINASE_ACTIVITY","0.0105786047375237","0.04308827995007","0.380730400722792","0.636798306408811","1.62889656619167","17","c(""Apoe"", ""Lax1"", ""Pparg"", ""Cd300a"", ""Lyn"", ""Dusp10"", ""Sorl1"")"
"872","HALLMARK_EPITHELIAL_MESENCHYMAL_TRANSITION","0.00397475563978842","0.0201549280231535","0.407017918923954","0.470071040642806","1.62999829995103","69","c(""Vim"", ""Igfbp4"", ""Pdlim4"", ""Emp3"", ""Itgb3"", ""Lgals1"", ""Capg"", ""Gem"", ""Pmepa1"", ""Ecm1"", ""Cd44"", ""Dst"", ""Gadd45b"", ""Tpm4"", ""Plaur"", ""Sat1"", ""Pdgfrb"")"
"873","GOBP_REGULATION_OF_MONOATOMIC_CATION_TRANSMEMBRANE_TRANSPORT","0.0017982619740445","0.0107989868284243","0.45505986738723","0.438491913142881","1.63023788464587","110","c(""Gimap3"", ""Ctss"", ""Fxyd5"", ""Camk2d"", ""Tesc"", ""P2rx7"", ""Chd7"", ""Actn2"", ""Itgb3"", ""Atp1b3"", ""Gimap5"", ""Snca"", ""Pml"", ""Glrx"", ""Gem"", ""Bcl2"", ""Ahnak"", ""Stk39"", ""Ubash3b"", ""Cd63"", ""Ikbkb"", ""Psen2"", ""Atp2b4"", ""Rrad"", ""Lyn"", ""Ramp3"", ""Ahr"", ""Ppp3ca"", ""Cxcl10"", ""P2rx4"", ""Capn3"", ""Scn1b"")"
"874","GOBP_PROTEIN_LOCALIZATION_TO_PLASMA_MEMBRANE","0.00468029897186605","0.0226893614570176","0.407017918923954","0.46819352361156","1.63031809715302","70","c(""Camk2d"", ""Tesc"", ""Actn2"", ""Atp1b3"", ""Rilpl2"", ""Fcer1g"", ""Vamp5"", ""Ehd1"", ""Lgals3"", ""Ikbkb"", ""Atp2b4"", ""Rapgef2"", ""Ldlrap1"", ""Fyb"", ""Ehd4"", ""Anxa2"", ""Ramp3"", ""Cdh1"", ""Sorl1"", ""Ar"", ""Tnf"", ""Lrp1"", ""C2cd5"", ""Zdhhc3"", ""Trem2"", ""Sytl2"")"
"875","TABULA_MURIS_SENIS_PANCREAS_ENDOTHELIAL_CELL_AGEING","0.00164005791075366","0.0100381345978359","0.45505986738723","0.439649835081007","1.6320990574995","107","c(""Rpsa"", ""Rpl13"", ""Rpl18a"", ""Rps3"", ""Rps4x"", ""Rplp0"", ""Rps10"", ""Rpl9"", ""Rpl10a"", ""Rps7"", ""Rpl3"", ""Rps3a1"", ""Rpl8"", ""Rps14"", ""Rpl11"", ""Rps16"", ""Rpl4"", ""Rps27a"", ""Rpl14"", ""Rps6"", ""Smco4"", ""Junb"", ""Rpl5"", ""Ier2"", ""Ifitm2"", ""Rapgef4"", ""Rps8"", ""Cd63"", ""Nr4a1"")"
"876","GOBP_CELLULAR_RESPONSE_TO_METAL_ION","0.00385245655533595","0.0196739433168759","0.431707695803346","0.47079165608732","1.63249707534436","69","c(""B2m"", ""Rasgrp2"", ""Alox5ap"", ""Hvcn1"", ""Lgmn"", ""Snca"", ""Junb"", ""Stk39"", ""Pparg"", ""Trf"", ""Atp13a2"", ""Fos"", ""Syt11"", ""Nfatc1"", ""Nfatc2"", ""P2rx4"", ""Slc40a1"", ""Capn3"", ""Cdh1"", ""Hmox1"", ""Id2"", ""Plcg2"", ""Cpne3"", ""Fosb"", ""Mt1"", ""Hfe"", ""Fabp4"", ""Mmp9"", ""Trpm2"", ""Jun"", ""Slc11a1"", ""Alox15"")"
"877","GOBP_AMIDE_BIOSYNTHETIC_PROCESS","1.07657249202553e-05","0.000142919982448296","0.593325476396405","0.387729113486375","1.6327903937222","330","c(""Rps5"", ""Rpsa"", ""Rpl17"", ""Rpl13"", ""Rpl18a"", ""Rps3"", ""Rpl18"", ""Rpl10"", ""Rpl21"", ""Rps4x"", ""Rpl19"", ""Rplp0"", ""Rps10"", ""Rpl9"", ""Vim"", ""Rpl10a"", ""Rps7"", ""Rps18"", ""Rpl3"", ""Rpl32"", ""Rps3a1"", ""Rpl8"", ""Rps14"", ""Eef1a1"", ""Rpl11"", ""Rps20"", ""Rps16"", ""Eef1b2"", ""Rpl23"", ""Rpl27a"", ""Rpl29"", ""Rpl4"", ""Eif2ak2"", ""Rplp1"", ""P2rx7"", ""Rps12"", ""Rpl26"", ""Rps27a"", ""Calr"", ""Rpl14"", ""Rps2"", ""Rps6"", ""Zfp36l2"", ""Rpl7a"", ""Rps19"", ""Snca"", ""Rpl5"", ""Pml"", ""Eef1g"", ""Rpl22l1"", ""Zfp36l1"")"
"878","GOBP_CELL_ADHESION","2.15923529805326e-07","4.70188720938769e-06","0.690132458796796","0.379008244445906","1.63316648863211","461","c(""Rpsa"", ""Rps3"", ""Slfn1"", ""Cytip"", ""Itgb7"", ""B2m"", ""Irgm1"", ""Smad7"", ""Dtx1"", ""Gimap3"", ""Rpl29"", ""Runx3"", ""Il6ra"", ""Tesc"", ""Lgals3bp"", ""Irf1"", ""Izumo1r"", ""Actn2"", ""S1pr1"", ""Itgb3"", ""Lgals1"", ""Calr"", ""Sell"", ""Gimap5"", ""Cd274"", ""Itgae"", ""Cd74"", ""Il7r"", ""Cd9"", ""Il2ra"", ""Ccr7"", ""Sox13"", ""Pkp4"", ""Notch1"", ""Pml"", ""Tnfrsf18"", ""Rsu1"", ""Pecam1"", ""Btla"", ""Actn1"", ""Dapl1"", ""Bcl2"", ""Zfp36l1"", ""Pde3b"", ""Lgals3"", ""Zbtb7b"", ""Swap70"", ""Vsir"", ""Eng"", ""Lax1"", ""Icos"", ""Nfkbiz"", ""Cd40lg"", ""Ninj1"", ""Anxa1"", ""Ubash3b"", 
""Cd44"", ""Cd63"", ""Adam19"", ""Cd200r1"", ""St6gal1"", ""Itga4"", ""Ccl5"", ""Axl"", ""Cd160"", ""Nfkbid"", ""Cd86"", ""Stk10"", ""Smad3"", ""Myo1f"", ""Dst"", ""Dpp4"", ""Cd300a"", ""Plaur"", ""Cebpb"", ""Acvrl1"", ""Plxnc1"", ""Lyn"", ""Nrp1"", ""Adora2a"", ""Tnfsf11"", ""Icam1"", ""Aif1"", ""Pdcd1lg2"", ""Cd55"", ""Cd83"", ""Nr4a3"", ""Ccr2"", ""Spi1"", ""Ass1"", ""Pdia3"", ""Ndfip1"", ""Sdc3"", ""Runx1"", ""Lgals9"", ""Gata3"", ""Plet1"", ""Ppp3ca"", ""Nfat5"", ""Il18"", ""Malt1"", ""Cd93"", ""Cblb"", ""Cdh1"", ""Bst1"", ""Dusp10"", ""Vav3"", ""Itgal"", ""Havcr2"")"
"879","WP_CHEMOKINE_SIGNALING_PATHWAY","0.00508727164453832","0.0242724649595901","0.407017918923954","0.477355002321168","1.63346438289384","63","c(""Stat1"", ""Gng2"", ""Rasgrp2"", ""Nfkb1"", ""Pik3cd"", ""Ccr7"", ""Ccl5"", ""Ikbkb"", ""Stat2"", ""Ccr4"", ""Lyn"", ""Ccl4"", ""Ccr2"", ""Cxcl10"", ""Ccl3"", ""Fgr"", ""Vav3"", ""Cxcr6"", ""Gnb4"", ""Hck"", ""Ncf1"", ""Ccl8"", ""Ccl6"", ""Tiam1"", ""Cxcl16"", ""Pf4"", ""Cxcr5"")"
"880","MIKKELSEN_NPC_ICP_WITH_H3K4ME3","0.00183970111295061","0.0109560601067204","0.45505986738723","0.441647905076234","1.63418873349725","105","c(""Rpl10"", ""Rpl19"", ""Irgm1"", ""Gng2"", ""Ikzf2"", ""P2rx7"", ""Add3"", ""Apobec3"", ""Cd274"", ""Clec2d"", ""Pml"", ""Bpgm"", ""Ifitm2"", ""Grn"", ""Cd44"", ""Zeb2"", ""Ifit2"", ""Fam111a"", ""Axl"", ""G0s2"", ""Gpr183"", ""Tcn2"", ""Mgst1"", ""Sox5"", ""Arhgap18"", ""Tgfb3"", ""Frmd4a"", ""Pbx1"", ""Klhl5"", ""Lrp1"", ""Entpd1"", ""Creb5"", ""Vcam1"")"
"881","GERY_CEBP_TARGETS","0.00381169020173786","0.0195004846627713","0.431707695803346","0.471403927922252","1.63462016305613","69","c(""Junb"", ""Ier2"", ""Glrx"", ""Rnh1"", ""Ifi204"", ""Pparg"", ""Tgtp1"", ""Gadd45b"", ""Rrad"", ""Plaur"", ""Sat1"", ""Gadd45g"", ""Fos"", ""Cd68"", ""Adssl1"", ""Gch1"", ""Ear2"", ""Atf3"", ""Hmox1"", ""Id2"", ""Hgf"", ""Fhl2"", ""Ppp1r15a"", ""Elovl6"", ""Xdh"", ""Lpl"", ""Abca1"", ""C3"", ""Lyz2"", ""Slfn4"", ""Lcn2"", ""Pim1"", ""Plat"")"
"882","GOBP_LEUKOCYTE_CELL_CELL_ADHESION","0.000271847642481297","0.00227929512696951","0.49849310876659","0.411873356677698","1.63480030389739","192","c(""Rps3"", ""Slfn1"", ""Itgb7"", ""B2m"", ""Irgm1"", ""Smad7"", ""Dtx1"", ""Gimap3"", ""Runx3"", ""Irf1"", ""Lgals1"", ""Sell"", ""Gimap5"", ""Cd274"", ""Cd74"", ""Il7r"", ""Il2ra"", ""Ccr7"", ""Sox13"", ""Pecam1"", ""Btla"", ""Dapl1"", ""Lgals3"", ""Zbtb7b"", ""Vsir"", ""Lax1"", ""Icos"", ""Nfkbiz"", ""Cd40lg"", ""Anxa1"", ""Cd44"", ""Itga4"", ""Ccl5"", ""Cd160"", ""Nfkbid"", ""Cd86"", ""Stk10"", ""Dpp4"", ""Cd300a"", ""Cebpb"", ""Adora2a"", ""Tnfsf11"", ""Icam1"", ""Aif1"", ""Pdcd1lg2"", ""Cd55"", ""Cd83"", ""Nr4a3"", ""Ccr2"", ""Ass1"", ""Ndfip1"", ""Runx1"", ""Lgals9"", ""Gata3"", ""Ppp3ca"", ""Nfat5"", 
""Il18"", ""Malt1"", ""Cblb"", ""Dusp10"", ""Itgal"", ""Havcr2"")"
"883","GOBP_POSITIVE_REGULATION_OF_ADAPTIVE_IMMUNE_RESPONSE","0.00381169020173786","0.0195004846627713","0.431707695803346","0.471833698770157","1.63611041812587","69","c(""Rsad2"", ""B2m"", ""Gimap3"", ""P2rx7"", ""Gimap5"", ""Cd274"", ""Cd74"", ""Fcer1g"", ""Il18r1"", ""Nfkbiz"", ""Arid5a"", ""Cd44"", ""Nfkbid"", ""Il27ra"", ""Clec4n"", ""Clcf1"", ""Cd55"", ""Ccr2"", ""Fcgr3"", ""Lta"", ""Gata3"", ""Il18"", ""Malt1"", ""Il1r1"", ""Tnfsf13b"", ""Tnf"", ""Pla2g4a"", ""Foxp3"", ""Hfe"", ""Trem2"", ""Fcgr1"", ""Pnp"")"
"884","REACTOME_REGULATION_OF_INSULIN_LIKE_GROWTH_FACTOR_IGF_TRANSPORT_AND_UPTAKE_BY_INSULIN_LIKE_GROWTH_FACTOR_BINDING_PROTEINS_IGFBPS","0.00955708364871602","0.0399488882838093","0.380730400722792","0.522016079345266","1.63722805379922","40","c(""Igfbp4"", ""Lgals1"", ""Apoe"", ""Cst3"", ""Trf"", ""Hsp90b1"", ""Ckap4"", ""Fuca2"", ""Apol9b"", ""Wfs1"", ""Fam20a"", ""Igfbp7"", ""Pdia6"", ""Igf1"", ""Rcn1"", ""C3"", ""Fstl3"", ""Nucb1"", ""App"", ""Golm1"", ""Mfge8"", ""F5"", ""Csf1"", ""Vcan"", ""Spp1"")"
"885","GOBP_SKELETAL_SYSTEM_DEVELOPMENT","0.000755112079056939","0.00524246977982349","0.477270815362862","0.424291566747783","1.63749496416167","143","c(""Rpl13"", ""Anxa6"", ""Smad7"", ""Maf"", ""Runx3"", ""P2rx7"", ""Chd7"", ""Pdgfa"", ""Ecm1"", ""Lgals3"", ""Hexb"", ""Snx10"", ""Arid5a"", ""Ninj1"", ""Tyrobp"", ""Hdac4"", ""Arid5b"", ""Smad3"", ""Zbtb7a"", ""Xylt1"", ""Nfix"", ""Runx2"", ""Pdgfrb"", ""Myc"", ""Tnfsf11"", ""Sox5"", ""Nab1"", ""Fosl2"", ""Runx1"", ""Rarg"", ""Lrrk1"", ""Gata3"", ""Fgr"", ""Nfatc2"", ""Foxp1"", ""Tgfb3"", ""Gpr68"", ""Serp1"", ""Vkorc1"", ""Pbx1"", ""Smad1"", ""Trps1"")"
"886","GOBP_LIPID_CATABOLIC_PROCESS","0.00356709217241553","0.0184966307493698","0.431707695803346","0.468489000093851","1.63757593223683","73","c(""Gm2a"", ""Gimap3"", ""Smpdl3a"", ""Gimap5"", ""Apoe"", ""Pde3b"", ""Hexb"", ""Faah"", ""Inpp5f"", ""Cpt1a"", ""Naaa"", ""Acadl"", ""Sorl1"", ""Etfb"", ""Decr1"", ""Plcg2"", ""Cyp4f18"", ""Tnf"", ""Plch1"", ""Pla2g4a"", ""Asah1"", ""Lrp1"", ""Oxct1"", ""Thra"", ""Plbd1"", ""Eci1"", ""Naga"", ""Lpl"", ""Pex7"", ""Enpp2"", ""Hpgd"", ""Smpdl3b"", ""Pla1a"", ""Scarb1"", ""Apoc1"", ""Prkcd"", ""Abcd2"", ""Lipg"", ""Il1b"", ""Nudt19"")"
"887","GOMF_ACTIN_FILAMENT_BINDING","0.0058021896383336","0.0270313221574681","0.407017918923954","0.491227621727388","1.63859063407193","58","c(""Anxa6"", ""Actn2"", ""Cotl1"", ""Add3"", ""Capg"", ""Lcp1"", ""Actn1"", ""Myo6"", ""Myl4"", ""Myo1f"", ""Iqgap2"", ""Tpm4"", ""Adssl1"", ""Aif1"", ""Hip1r"", ""Coro2a"", ""Ablim1"", ""Svil"", ""Fscn1"")"
"888","RAMALHO_STEMNESS_DN","0.00594250094876303","0.0275284676422908","0.407017918923954","0.530668325110872","1.6419842301106","37","c(""Ctss"", ""Evi2a"", ""Ctsb"", ""Pglyrp1"", ""Tyrobp"", ""B4galnt1"", ""Gypa"", ""Ly6c1"", ""Pld4"", ""Acvrl1"", ""Nrp1"", ""Cd68"", ""Adssl1"", ""Hdc"", ""Lat2"", ""Ppp3ca"", ""Mpeg1"", ""Ablim1"", ""Rogdi"", ""Csf1r"", ""Nin"", ""Sirpa"", ""St3gal6"", ""Ly86"", ""Slc11a1"")"
"889","GOBP_INORGANIC_ION_HOMEOSTASIS","0.000512726754424992","0.00381881550211342","0.477270815362862","0.424967075979987","1.64217007589796","146","c(""Anxa6"", ""B2m"", ""Camk2d"", ""Tesc"", ""P2rx7"", ""Chd7"", ""Itgb3"", ""Atp1b3"", ""Fth1"", ""Alas2"", ""Snca"", ""Apoe"", ""Pml"", ""Bcl2"", ""Inpp4b"", ""Hexb"", ""Snx10"", ""Stk39"", ""Ubash3b"", ""Ccl5"", ""Psen2"", ""Trf"", ""Atp2b4"", ""Tmem64"", ""Atp13a2"", ""Lyn"", ""Myc"", ""Tnfsf11"", ""Ccr2"", ""Ndfip1"", ""Fasl"", ""Cxcl10"", ""Slc40a1"", ""Capn3"", ""Ckb"", ""Wfs1"", ""Hmox1"", ""Tbxas1"", ""Plcg2"", ""Fam20a"", ""Sgk1"", ""Plch1"", ""Gsto1"", ""Stim1"", ""Smad4"", ""Mt1"", ""Ccl8"", ""Hfe"", ""Nucb2"", ""Fech"", ""Trpm2"", ""Rhd"", ""Steap3"")"
"890","NABA_SECRETED_FACTORS","0.00187122438412519","0.0110862312427252","0.45505986738723","0.461885245445319","1.64494930291753","81","c(""Ltb"", ""S100a6"", ""S100a4"", ""Pdgfa"", ""S100a11"", ""Ccl5"", ""Pik3ip1"", ""Ebi3"", ""Tnfsf10"", ""Ccl4"", ""Tnfsf11"", ""Clcf1"", ""Tnfsf8"", ""Lta"", ""Fasl"", ""Il18"", ""Cxcl10"", ""Ccl3"", ""Tgfb3"", ""Hgf"", ""Tnfsf13b"", ""Tnf"", ""Il15"", ""Ccl8"", ""Ccl6"", ""Igf1"", ""Pf4"", ""Fstl3"", ""Pdgfb"", ""Ccl17"")"
"891","GOBP_ADENYLATE_CYCLASE_MODULATING_G_PROTEIN_COUPLED_RECEPTOR_SIGNALING_PATHWAY","0.00570693959848508","0.0266960021185252","0.407017918923954","0.491210091860165","1.64738310573099","56","c(""S1pr1"", ""Itgb3"", ""S1pr4"", ""Rapgef4"", ""Ptgir"", ""Gpr171"", ""Adgrg3"", ""Atp2b4"", ""Rapgef2"", ""Gna15"", ""Ramp3"", ""Gpr65"", ""Adora2a"", ""Cxcl10"", ""Gna14"", ""Pde2a"", ""Sstr2"", ""Abca1"", ""Cnr2"", ""App"", ""Rxfp1"", ""Adgrg5"", ""Adgre1"", ""Vipr1"", ""Adcy4"")"
"892","GOBP_MULTICELLULAR_ORGANISMAL_LEVEL_HOMEOSTASIS","8.74155946161143e-06","0.000118517360549271","0.593325476396405","0.395050829361669","1.64890121597583","300","c(""Isg15"", ""Klf2"", ""Plac8"", ""Stat1"", ""Rps14"", ""B2m"", ""Gimap3"", ""Ctss"", ""Cd7"", ""P2rx7"", ""S1pr1"", ""Itgb3"", ""Gimap5"", ""Alas2"", ""Rps6"", ""Pik3cd"", ""Cd74"", ""Il7r"", ""Il2ra"", ""Rps19"", ""Ccr7"", ""Notch1"", ""Fcer1g"", ""Oas1a"", ""Apoe"", ""Il18r1"", ""Bpgm"", ""Bcl2"", ""Zfp36l1"", ""Gpx1"", ""Zbtb7b"", ""Nfkbiz"", ""Snx10"", ""Stk39"", ""Anxa1"", ""Ubash3b"", ""Cd44"", ""Stat4"", ""Pparg"", ""Zeb2"", ""Ccl5"", ""Ikbkb"", ""Axl"", ""Tnfrsf4"", ""Trf"", ""Napsa"", ""Tsc22d3"", ""Skil"", ""Tmem64"", ""Cebpb"", ""Gadd45g"", ""Irf4"", ""G0s2"", ""Aim2"", ""Ccr4"", ""Zbtb7a"", ""Nfix"", 
""Gpr183"", ""Lyn"", ""Lmo2"", ""Gatm"", ""Pdgfrb"", ""Ahr"", ""Adora2a"", ""Tnfsf11"", ""P2ry14"", ""Il10ra"", ""Acadl"", ""Nr4a3"", ""Ccr2"", ""Spi1"", ""Aqp3"", ""Fosl2"", ""Lrrk1"", ""Gata3"", ""Nfat5"", ""Il18"", ""Smo"", ""Slc40a1"", ""Wfs1"", ""Cd38"", ""Hmox1"", ""Sorl1"", ""Decr1"", ""Oas1g"", ""Id2"", ""Fcgr2b"", ""Tnfsf13b"", ""Ctsh"", ""Tnf"", ""Pla2g4a"", ""Lmo1"", ""Il15"", ""Metrnl"", ""Csf1r"", ""Nr1h3"", ""Thra"", ""Foxp3"", ""Elovl6"", ""Card11"", ""Hfe"", ""Fabp4"")"
"893","GOCC_CELL_LEADING_EDGE","0.00105157616714157","0.00688446269241656","0.45505986738723","0.434969303958875","1.64955783869565","125","c(""Rps3"", ""Vim"", ""Eef1a1"", ""S100a6"", ""Pdlim4"", ""Tesc"", ""Itgb3"", ""Lcp1"", ""Pecam1"", ""Frmd4b"", ""Actn1"", ""Aak1"", ""Myo6"", ""S100a11"", ""Vasp"", ""Rnh1"", ""Cd44"", ""Dst"", ""Dpp4"", ""Iqgap2"", ""Anxa2"", ""Dynlt1f"", ""Pdgfrb"", ""Adora2a"", ""Aif1"", ""Arhgef6"", ""Hip1r"", ""Cyfip1"", ""Arhgap18"", ""Fgr"", ""Cdh1"", ""Plcg2"", ""Ablim1"", ""Fscn1"", ""C2cd5"", ""Cyth3"", ""Tiam1"", ""Pdlim7"", ""Fgd2"", ""Cdk6"", ""Scimp"")"
"894","GOBP_PEPTIDE_METABOLIC_PROCESS","7.91046470331308e-06","0.000110112900663836","0.593325476396405","0.391200962088051","1.65058977428052","327","c(""Rps5"", ""Rpsa"", ""Rpl17"", ""Rpl13"", ""Rpl18a"", ""Rps3"", ""Rpl18"", ""Rpl10"", ""Rpl21"", ""Rps4x"", ""Rpl19"", ""Rplp0"", ""Rps10"", ""Rpl9"", ""Vim"", ""Rpl10a"", ""Rps7"", ""Rps18"", ""Rpl3"", ""Rpl32"", ""Rps3a1"", ""Rpl8"", ""Rps14"", ""Eef1a1"", ""Rpl11"", ""Rps20"", ""Rps16"", ""Eef1b2"", ""Rpl23"", ""Rpl27a"", ""Mme"", ""Rpl29"", ""Rpl4"", ""Eif2ak2"", ""Rplp1"", ""Rps12"", ""Rpl26"", ""Rps27a"", ""Calr"", ""Rpl14"", ""Rps2"", ""Rps6"", ""Zfp36l2"", ""Rpl7a"", ""Rps19"", ""Rpl5"", ""Apoe"", ""Pml"", ""Eef1g"", ""Rpl22l1"", ""Zfp36l1"")"
"895","REACTOME_RESPONSE_TO_ELEVATED_PLATELET_CYTOSOLIC_CA2","0.00653800886824206","0.0297111575747767","0.407017918923954","0.499354253145026","1.65247734047996","52","c(""Tmsb4x"", ""Srgn"", ""Lgals3bp"", ""Pdgfa"", ""Actn2"", ""Itgb3"", ""Cd9"", ""Ctsw"", ""Pecam1"", ""Actn1"", ""Ecm1"", ""Cd63"", ""Manf"", ""Trf"")"
"896","GOBP_RECEPTOR_MEDIATED_ENDOCYTOSIS","0.00188342802141296","0.0111470172371551","0.45505986738723","0.457605659605062","1.65496880669922","88","c(""B2m"", ""Ifitm3"", ""Itgb3"", ""Cd9"", ""Ccr7"", ""Snca"", ""Fcer1g"", ""Apoe"", ""Aak1"", ""Unc119"", ""Myo6"", ""Cd44"", ""Cd63"", ""Itga4"", ""Trf"", ""Inpp5f"", ""Ldlrap1"", ""Dtnbp1"", ""Cd300a"", ""Anxa2"", ""Ramp3"", ""Hip1r"", ""Syt11"", ""Sorl1"", ""Bmp2k"", ""Fcgr2b"", ""Plcg2"", ""Dmbt1"", ""Mrc1"", ""Lrp1"", ""Hfe"", ""Fcgr1"", ""Cxcl16"", ""C3"", ""Plk2"")"
"897","GOCC_NUCLEAR_OUTER_MEMBRANE_ENDOPLASMIC_RETICULUM_MEMBRANE_NETWORK","0.000277851688509204","0.00231610382790739","0.49849310876659","0.434423801248895","1.65620078540799","136","c(""Rsad2"", ""Ifi47"", ""B2m"", ""Irgm1"", ""Iigp1"", ""Igtp"", ""Hspa5"", ""Calr"", ""Snca"", ""Notch1"", ""Bcl2"", ""Tgtp2"", ""Esyt1"", ""Rnf125"", ""Emc9"", ""Irgm2"", ""Lpcat2"", ""Tgtp1"", ""Dst"", ""Dtnbp1"", ""Pld4"", ""Gm4951"", ""Furin"", ""Hsp90b1"", ""Pdia3"", ""Chpt1"", ""Gm4841"", ""Agpat2"", ""Derl3"", ""Atf6"", ""Gramd1b"", ""Wfs1"", ""Dnajb14"", ""Hmox1"", ""Tbxas1"", ""Stard3nl"", ""Bcap29"", ""Mtdh"", ""Vkorc1"", ""F830016B08Rik"", ""Ppp1r15a"", ""Stim1"")"
"898","GOBP_NEGATIVE_REGULATION_OF_FAT_CELL_DIFFERENTIATION","0.00887988374444009","0.0377510254072379","0.380730400722792","0.647934901992611","1.65738339180497","17","c(""Zfp36l2"", ""Foxo1"", ""Rora"", ""Smad3"", ""Tnf"", ""Mmp11"", ""Nucb2"")"
"899","GOMF_CYTOKINE_RECEPTOR_ACTIVITY","0.00819123147855422","0.035477979028514","0.380730400722792","0.494723614263749","1.65815630957296","54","c(""Il6ra"", ""Cd74"", ""Il7r"", ""Il2ra"", ""Ccr7"", ""Il18r1"", ""Cd44"", ""Il18rap"", ""Ifnar2"", ""Ccr4"", ""Ebi3"", ""Ccrl2"", ""Csf2ra"", ""Il10ra"", ""Il27ra"", ""Il2rb"", ""Il17rb"", ""Il15ra"", ""Ccr2"", ""Il1r1"", ""Cxcr6"", ""Ifngr1"")"
"900","MCDOWELL_ACUTE_LUNG_INJURY_UP","0.0115739186390038","0.0463846424840577","0.380730400722792","0.568425547486369","1.65828192216122","26","c(""Iigp1"", ""Serpina3g"", ""Cdkn1a"", ""Nr4a1"", ""Fos"", ""Myc"", ""Fcgr3"", ""Klf6"", ""Litaf"", ""Slfn4"", ""Lcn2"")"
"901","GOBP_LEUKOCYTE_DIFFERENTIATION","7.45707126709002e-06","0.000105076913308996","0.610526878385931","0.397493591692552","1.6584789770878","304","c(""Rsad2"", ""B2m"", ""Smad7"", ""Dtx1"", ""Gimap3"", ""Igtp"", ""Runx3"", ""Ctla2a"", ""Il6ra"", ""Tesc"", ""Chd7"", ""Irf1"", ""Itgb3"", ""Lgals1"", ""Lfng"", ""Gpr18"", ""Gimap5"", ""Rps6"", ""Batf"", ""Zfp36l2"", ""Clec2d"", ""Cd74"", ""Irf8"", ""Il7r"", ""Il2ra"", ""Ccr7"", ""Sox13"", ""Junb"", ""Fcer1g"", ""Sema4a"", ""Il18r1"", ""Relb"", ""Bcl2"", ""Zfp36l1"", ""Ripk1"", ""Inpp4b"", ""Ighm"", ""Rora"", ""Bcl2a1d"", ""Zbtb7b"", ""Tmem176b"", ""Vsir"", ""Tmem176a"", ""Nfkbiz"", ""Snx10"", ""Cd40lg"", ""Ninj1"", ""Anxa1"", ""Ubash3b"", ""Pglyrp1"", ""Cd44"", ""Prr7"", ""Tyrobp"", ""Stat4"", ""Pparg"", 
""Pou2f2"", ""Ccl5"", ""Axl"", ""Adgrg3"", ""Nfkbid"", ""Psen2"", ""Trf"", ""Dpp4"", ""Tmem64"", ""Cebpb"", ""Gadd45g"", ""Irf4"", ""Ifnar2"", ""Zbtb7a"", ""Nfix"", ""Runx2"", ""Fos"", ""Gpr183"", ""Lyn"", ""Ahr"", ""Myc"", ""Tnfsf11"", ""Cd79b"", ""Hhex"", ""Bcl3"", ""Clcf1"", ""Il15ra"", ""Cd83"", ""Ccr2"", ""Spi1"", ""Trib1"", ""Tnfsf8"", ""Ndfip1"", ""Nfatc1"", ""Fosl2"", ""Runx1"", ""Lgals9"", ""Lrrk1"", ""Gata3"", ""Ppp3ca"", ""Il18"", ""Ccl3"", ""Malt1"", ""Foxp1"", ""Dusp10"", ""Cd79a"")"
"902","GOBP_T_HELPER_17_CELL_DIFFERENTIATION","0.00857102614718705","0.0366007706285315","0.380730400722792","0.648603248501876","1.65909298701434","17","c(""Smad7"", ""Il6ra"", ""Batf"", ""Rora"", ""Zbtb7b"", ""Nfkbiz"", ""Nfkbid"", ""Irf4"", ""Malt1"", ""Foxp3"", ""Zc3h12a"")"
"903","YAO_TEMPORAL_RESPONSE_TO_PROGESTERONE_CLUSTER_6","0.00707105348394821","0.031545649981794","0.407017918923954","0.5286744066617","1.66475566959803","41","c(""Ifi27l2a"", ""Ifit3"", ""Ifih1"", ""Zfp36l2"", ""Capg"", ""Ifit2"", ""Ddit4"", ""Akr1c13"", ""Cd55"", ""Id2"", ""Crip2"", ""Lpl"", ""C3"", ""Epcam"", ""Arl4c"")"
"904","GAVIN_FOXP3_TARGETS_CLUSTER_P2","0.00479235734630422","0.023115365333099","0.407017918923954","0.538033593115398","1.66477370772158","37","c(""Slfn5"", ""Cd7"", ""Bcl2"", ""Myo6"", ""Tmem176b"", ""Serpinb1a"", ""Tm6sf1"", ""Itga4"", ""Ccl5"", ""Neurl3"", ""Chst15"", ""Tnfsf8"", ""Fcgr3"", ""Fam20a"", ""Igfbp7"", ""Casp4"", ""Arsb"", ""Cxcr5"", ""Ctse"")"
"905","GOBP_CELL_ADHESION_MEDIATED_BY_INTEGRIN","0.0104723127221631","0.0427252029202507","0.380730400722792","0.544045030210729","1.66640596232127","34","c(""Itgb7"", ""Tesc"", ""Itgb3"", ""Itgae"", ""Swap70"", ""Itga4"", ""Ccl5"", ""Dpp4"", ""Lyn"", ""Icam1"", ""Itgal"", ""Itga9"")"
"906","GOBP_DEFENSE_RESPONSE_TO_GRAM_NEGATIVE_BACTERIUM","0.0106225211448696","0.043236450508039","0.380730400722792","0.55359216382819","1.66654724541595","32","c(""B2m"", ""Irgm1"", ""Iigp1"", ""Igtp"", ""Rps19"", ""Camp"", ""Ighm"", ""Nfkbiz"", ""Irgm2"", ""Casp1"", ""Cd160"", ""Lbp"")"
"907","TABULA_MURIS_SENIS_LIVER_NK_CELL_AGEING","0.000404707831470176","0.00315524581326615","0.49849310876659","0.43280646284825","1.66713032178614","148","c(""Rps5"", ""Klf2"", ""Rpsa"", ""Rpl17"", ""Rpl18a"", ""Ms4a6b"", ""Vim"", ""Rps18"", ""Rpl3"", ""Rpl32"", ""Rps20"", ""Smad7"", ""Ifi27"", ""Gng2"", ""Ctss"", ""Rpl27a"", ""Naca"", ""S100a6"", ""Ly6a"", ""Hspa5"", ""Runx3"", ""Ctla2a"", ""Cd7"", ""Emp3"", ""S100a4"", ""Irf1"", ""Psmb9"", ""Cd82"", ""Rps12"", ""Lgals1"", ""Rpl14"", ""Batf"", ""Capg"", ""Rpl7a"", ""Cd74"", ""Bcl2a1b"", ""Rps19"", ""Junb"", ""Cst7"", ""Glrx"", ""Rgs1"", ""Rpl22l1"", ""Serpina3g"", ""Zfp36l1"", ""Lgals3"", ""Ahnak"", ""Tmem176b"", ""Tmem176a"", ""Pglyrp1"", ""Fam111a"", ""Itga4"", ""Ccl5"", ""Glipr2"", ""Neurl3"", ""Fyb"", 
""Sat1"", ""Anxa2"", ""Fos"", ""Ccl4"", ""Cd72"", ""Cish"", ""Icam1"")"
"908","GOBP_CELL_CELL_ADHESION","6.26309721751489e-06","8.97971563561197e-05","0.610526878385931","0.399610693885854","1.66773137997959","299","c(""Rpsa"", ""Rps3"", ""Slfn1"", ""Itgb7"", ""B2m"", ""Irgm1"", ""Smad7"", ""Dtx1"", ""Gimap3"", ""Runx3"", ""Il6ra"", ""Irf1"", ""Itgb3"", ""Lgals1"", ""Sell"", ""Gimap5"", ""Cd274"", ""Itgae"", ""Cd74"", ""Il7r"", ""Cd9"", ""Il2ra"", ""Ccr7"", ""Sox13"", ""Pkp4"", ""Notch1"", ""Pecam1"", ""Btla"", ""Dapl1"", ""Bcl2"", ""Zfp36l1"", ""Lgals3"", ""Zbtb7b"", ""Swap70"", ""Vsir"", ""Lax1"", ""Icos"", ""Nfkbiz"", ""Cd40lg"", ""Ninj1"", ""Anxa1"", ""Ubash3b"", ""Cd44"", ""Adam19"", ""Cd200r1"", ""Itga4"", ""Ccl5"", ""Cd160"", ""Nfkbid"", ""Cd86"", ""Stk10"", ""Dpp4"", ""Cd300a"", ""Plaur"", ""Cebpb"", ""Lyn"", 
""Adora2a"", ""Tnfsf11"", ""Icam1"", ""Aif1"", ""Pdcd1lg2"", ""Cd55"", ""Cd83"", ""Nr4a3"", ""Ccr2"", ""Spi1"", ""Ass1"", ""Pdia3"", ""Ndfip1"", ""Runx1"", ""Lgals9"", ""Gata3"", ""Ppp3ca"", ""Nfat5"", ""Il18"", ""Malt1"", ""Cd93"", ""Cblb"", ""Cdh1"", ""Dusp10"", ""Itgal"", ""Havcr2"")"
"909","GOBP_PEPTIDE_BIOSYNTHETIC_PROCESS","6.59043042677112e-06","9.42546595948438e-05","0.610526878385931","0.39887554808948","1.66776630532456","298","c(""Rps5"", ""Rpsa"", ""Rpl17"", ""Rpl13"", ""Rpl18a"", ""Rps3"", ""Rpl18"", ""Rpl10"", ""Rpl21"", ""Rps4x"", ""Rpl19"", ""Rplp0"", ""Rps10"", ""Rpl9"", ""Vim"", ""Rpl10a"", ""Rps7"", ""Rps18"", ""Rpl3"", ""Rpl32"", ""Rps3a1"", ""Rpl8"", ""Rps14"", ""Eef1a1"", ""Rpl11"", ""Rps20"", ""Rps16"", ""Eef1b2"", ""Rpl23"", ""Rpl27a"", ""Rpl29"", ""Rpl4"", ""Eif2ak2"", ""Rplp1"", ""Rps12"", ""Rpl26"", ""Rps27a"", ""Calr"", ""Rpl14"", ""Rps2"", ""Rps6"", ""Zfp36l2"", ""Rpl7a"", ""Rps19"", ""Rpl5"", ""Pml"", ""Eef1g"", ""Rpl22l1"", ""Zfp36l1"")"
"910","GOBP_POSITIVE_REGULATION_OF_RECEPTOR_MEDIATED_ENDOCYTOSIS","0.0118386028490434","0.0472144557296688","0.380730400722792","0.573942016044387","1.66796662160745","27","c(""B2m"", ""Ccr7"", ""Cd63"", ""Trf"", ""Ldlrap1"", ""Dtnbp1"", ""Anxa2"", ""Hip1r"", ""Plcg2"", ""Hfe"", ""C3"", ""Plk2"", ""App"", ""Bicd1"", ""Il4"", ""Clu"", ""Dab2"")"
"911","GOMF_ENDOPEPTIDASE_REGULATOR_ACTIVITY","0.00711297124323386","0.0316750799340502","0.407017918923954","0.5083827327737","1.66851587050792","49","c(""Bst2"", ""Psme2"", ""Gbp2"", ""Cst7"", ""Timp2"", ""Serpina3g"", ""Gbp5"", ""Cst3"", ""Vsir"", ""Serpinb1a"", ""Serpinb6b"", ""Slpi"", ""Ctla2b"", ""Aim2"", ""Furin"", ""Anxa2"", ""Serpinb9"")"
"912","REACTOME_PLATELET_ACTIVATION_SIGNALING_AND_AGGREGATION","0.00209394968815699","0.0121595234569932","0.431707695803346","0.462271925992418","1.66925495460206","86","c(""Tmsb4x"", ""Gng2"", ""Srgn"", ""Lgals3bp"", ""Pdgfa"", ""Actn2"", ""Itgb3"", ""Rasgrp2"", ""Cd9"", ""Ctsw"", ""Fcer1g"", ""Pecam1"", ""Actn1"", ""Ecm1"", ""Rapgef4"", ""Cd63"", ""Manf"", ""Trf"", ""Gna15"", ""Lyn"", ""Lcp2"", ""Vav3"", ""Tgfb3"", ""Gna14"", ""Hgf"", ""Prkch"", ""Plcg2"", ""Endod1"", ""Pla2g4a"", ""Gnb4"")"
"913","GOBP_NEGATIVE_REGULATION_OF_NEURON_PROJECTION_DEVELOPMENT","0.0101363463597282","0.0416716461455493","0.380730400722792","0.525320264515941","1.67050662276158","42","c(""Vim"", ""B2m"", ""Lgals1"", ""Sema4a"", ""Apoe"", ""Rap1gap2"", ""Inpp5f"", ""Dtnbp1"", ""Xylt1"", ""Nrp1"", ""Il15ra"", ""Cdh1"", ""Cd38"", ""Sema6d"")"
"914","VILIMAS_NOTCH1_TARGETS_UP","0.00462942417961512","0.0224807346910184","0.407017918923954","0.52259201633643","1.67222669240855","44","c(""Irf7"", ""Gzma"", ""Dtx1"", ""Cd7"", ""Cd74"", ""Ccr7"", ""Junb"", ""Tnfrsf18"", ""Relb"", ""Traf1"", ""Cd69"", ""Ccl5"", ""Nfkb2"", ""Cd86"", ""Icam1"", ""Il10ra"", ""Cd83"", ""Nfatc1"", ""Birc3"", ""Gata3"", ""Rras2"", ""Id2"", ""Egr2"", ""Cd3d"", ""Card11"")"
"915","GOBP_T_CELL_DIFFERENTIATION_INVOLVED_IN_IMMUNE_RESPONSE","0.0053634589665231","0.0253433814272111","0.407017918923954","0.510965400539195","1.67228253020181","47","c(""Smad7"", ""Il6ra"", ""Irf1"", ""Batf"", ""Ccr7"", ""Fcer1g"", ""Sema4a"", ""Il18r1"", ""Relb"", ""Rora"", ""Zbtb7b"", ""Nfkbiz"", ""Anxa1"", ""Stat4"", ""Nfkbid"", ""Gadd45g"", ""Irf4"", ""Gpr183"", ""Bcl3"", ""Ccr2"", ""Gata3"", ""Il18"", ""Malt1"", ""Foxp1"")"
"916","GOBP_POSITIVE_REGULATION_OF_PROGRAMMED_CELL_DEATH","3.64993718175063e-05","0.000411245377943808","0.557332238758646","0.404191299720034","1.67272768994643","259","c(""Zbp1"", ""Rps3"", ""Gzma"", ""Rps7"", ""Ltb"", ""Rpl11"", ""Ctss"", ""Camk2d"", ""Runx3"", ""Eif2ak2"", ""P2rx7"", ""Irf1"", ""Rpl26"", ""Lgals1"", ""Gbp2"", ""Rps6"", ""Pik3cd"", ""Cd274"", ""Sp110"", ""Irf8"", ""Bcl2a1b"", ""Notch1"", ""Pml"", ""Gbp3"", ""Foxo1"", ""Ripk1"", ""Gbp5"", ""Grn"", ""Cdkn1a"", ""Bcl2a1d"", ""Cd40lg"", ""Anxa1"", ""Cd44"", ""Prr7"", ""Bcl2l14"", ""Hdac4"", ""Pparg"", ""Ifit2"", ""Nr4a1"", ""Itga4"", ""Ccl5"", ""Casp1"", ""Cd160"", ""Nfkbid"", ""Psen2"", ""Rapgef2"", ""Skil"", ""Gadd45b"", ""Gadd45g"", ""G0s2"", ""Lyn"", ""Tnfsf10"", ""Pdgfrb"", ""Adora2a"", ""Myc"", ""Tnfrsf1b"", 
""Ctsc"", ""Phlda1"", ""Nr4a3"", ""Hip1r"", ""Pdcd1"", ""Pdia3"", ""Rarg"", ""Lta"", ""Plscr1"", ""Fasl"", ""Il18"", ""Dapk2"", ""Ccl3"", ""Atf6"", ""Ncf2"", ""Foxp1"", ""Atf3"")"
"917","GOBP_CD4_POSITIVE_ALPHA_BETA_T_CELL_DIFFERENTIATION","0.00700343985386202","0.0313297406879085","0.407017918923954","0.499370062020812","1.67372972560434","54","c(""Rsad2"", ""Smad7"", ""Gimap3"", ""Runx3"", ""Il6ra"", ""Irf1"", ""Gimap5"", ""Batf"", ""Ccr7"", ""Sema4a"", ""Il18r1"", ""Relb"", ""Rora"", ""Zbtb7b"", ""Nfkbiz"", ""Anxa1"", ""Stat4"", ""Nfkbid"", ""Gadd45g"", ""Irf4"", ""Gpr183"", ""Bcl3"", ""Cd83"", ""Ccr2"", ""Runx1"", ""Gata3"", ""Il18"", ""Malt1"", ""Foxp1"")"
"918","GOBP_REGULATION_OF_METAL_ION_TRANSPORT","0.000223512665101663","0.00192867079790717","0.518848077743792","0.438881334271015","1.67568977210998","137","c(""B2m"", ""Gimap3"", ""Fxyd5"", ""Camk2d"", ""Tesc"", ""P2rx7"", ""Chd7"", ""Actn2"", ""Itgb3"", ""Atp1b3"", ""Gimap5"", ""Orai1"", ""Snca"", ""Pml"", ""Glrx"", ""Gem"", ""Bcl2"", ""Lgals3"", ""Ahnak"", ""Stk39"", ""Ubash3b"", ""Cd63"", ""Ccl5"", ""Ikbkb"", ""Psen2"", ""Trf"", ""Atp2b4"", ""Rrad"", ""Lyn"", ""Ramp3"", ""Pdgfrb"", ""Ahr"", ""Adora2a"", ""Icam1"", ""Ppp3ca"", ""Cxcl10"", ""P2rx4"", ""Capn3"", ""Scn1b"", ""Wfs1"")"
"919","GOBP_ARTERY_MORPHOGENESIS","0.00856020792964024","0.0365818125756235","0.380730400722792","0.617755789661725","1.67625026156605","21","c(""Smad7"", ""Chd7"", ""Notch1"", ""Apoe"", ""Eng"", ""Acvrl1"", ""Nrp1"", ""Pdgfrb"")"
"920","TORCHIA_TARGETS_OF_EWSR1_FLI1_FUSION_DN","0.000320919978016983","0.00259954247729858","0.49849310876659","0.436157575782952","1.67740707506523","141","c(""Ifi203"", ""Plac8"", ""Vim"", ""Mndal"", ""Nkg7"", ""Igfbp4"", ""Runx3"", ""Psmb9"", ""Itgb3"", ""Lgals1"", ""Sell"", ""Capg"", ""Smco4"", ""Lcp1"", ""Atp8b4"", ""Pde3b"", ""Tyrobp"", ""Nlrc5"", ""Tm6sf1"", ""Gpr171"", ""Adgrg3"", ""Dusp2"", ""Rapgef2"", ""Iqgap2"", ""Skil"", ""Dnmt3b"", ""Plxnc1"", ""Ctsc"", ""Nab1"", ""Plp2"", ""Fuca2"", ""Agpat2"", ""Ncf2"", ""Smo"", ""Itgal"", ""Cdc42ep3"", ""Cpne3"", ""Pbx1"", ""Svil"", ""Bex6"", ""Atxn1"", ""Ifngr1"", ""Klhl5"", ""Oxct1"", ""Kctd14"", ""Rnf144a"")"
"921","GOBP_GLYCOSPHINGOLIPID_METABOLIC_PROCESS","0.00718419840658352","0.0319390526060128","0.407017918923954","0.656077971858022","1.67821293611835","17","c(""Gm2a"", ""Hexb"", ""B4galnt1"", ""St8sia4"", ""St6galnac3"", ""St6galnac4"", ""Crem"", ""St8sia6"", ""B4galt5"", ""B4galt4"", ""Prkcd"")"
"922","HUMMERICH_SKIN_CANCER_PROGRESSION_UP","0.00576017522408905","0.026895649892794","0.407017918923954","0.537875259955175","1.67825052160659","39","c(""Ifi203"", ""S100a6"", ""Hspa5"", ""Ifitm3"", ""Junb"", ""Cdkn1a"", ""Serpinb1a"", ""Cd44"", ""Casp1"", ""Gadd45b"", ""Fos"", ""Myc"", ""Lgals9"", ""Ncf2"", ""Hmox1"", ""Smad1"", ""Mt1"", ""Ccl6"", ""Vcam1"", ""Mmp9"", ""Ide"", ""Epcam"", ""Lcn2"")"
"923","IVANOVA_HEMATOPOIESIS_STEM_CELL","0.00388245229708882","0.0197743018861495","0.431707695803346","0.500892742319787","1.67921708843523","57","c(""Smad7"", ""Ctla2a"", ""Ifih1"", ""Pitpnc1"", ""Gem"", ""Eng"", ""Nr4a1"", ""Iqgap2"", ""Skil"", ""Ddit4"", ""Nfix"", ""Dusp5"", ""Syt11"", ""Gata3"", ""Nfatc2"", ""Sash1"", ""Itga9"", ""Nr4a2"", ""Ifi44"")"
"924","PLASARI_TGFB1_TARGETS_10HR_UP","0.00245290243409221","0.0137242882531891","0.431707695803346","0.471177824030513","1.68087916326802","82","c(""Pdgfa"", ""Itgb3"", ""Junb"", ""Ier2"", ""Il18r1"", ""Pmepa1"", ""Rap1gap2"", ""Gadd45b"", ""Plaur"", ""Rnf149"", ""Gatm"", ""Dusp5"", ""Bhlhe40"", ""Hip1r"", ""Ass1"", ""Gch1"", ""Nfatc1"", ""Runx1"", ""Ier3"", ""Rnf19b"", ""Cxcr6"", ""Endod1"", ""Hectd2"", ""Serp1"", ""Egr2"", ""Lmo1"", ""Hck"", ""Ppp1r15a"", ""Galnt3"", ""Mmp9"", ""Fstl3"", ""Socs2"", ""Pdgfb"", ""Nuak2"", ""Ccl17"", ""Nipal1"", ""Cmklr1"")"
"925","GOBP_REGULATION_OF_CELL_ACTIVATION","4.30361989725331e-06","6.44419324040411e-05","0.610526878385931","0.403279026514413","1.68120946291669","303","c(""Rps3"", ""Slfn1"", ""B2m"", ""Irgm1"", ""Smad7"", ""Dtx1"", ""Gimap3"", ""Runx3"", ""Ctla2a"", ""Il6ra"", ""Irf1"", ""Pdgfa"", ""Lgals1"", ""Gimap5"", ""Cd274"", ""Zfp36l2"", ""Cd74"", ""Il7r"", ""Cd9"", ""Il2ra"", ""Ccr7"", ""Sox13"", ""Snca"", ""Fcer1g"", ""Apoe"", ""Cst7"", ""Btla"", ""Dapl1"", ""Bcl2"", ""Zfp36l1"", ""Ighm"", ""Grn"", ""Cdkn1a"", ""Lgals3"", ""Rora"", ""Zbtb7b"", ""Vsir"", ""Mzb1"", ""Lax1"", ""Icos"", ""Nfkbiz"", ""Cd40lg"", ""Anxa1"", ""Ubash3b"", ""Pglyrp1"", ""Cd44"", ""Tyrobp"", ""Pparg"", ""Ccl5"", ""Axl"", ""Cd160"", ""Nfkbid"", ""Lbp"", ""Tnfrsf4"", ""Cd86"", ""Dpp4"", ""Cd300a"", 
""Cebpb"", ""Gpr183"", ""Lyn"", ""Pdgfrb"", ""Ahr"", ""Adora2a"", ""Tnfsf11"", ""Tnfrsf1b"", ""Il27ra"", ""Clcf1"", ""Aif1"", ""Il15ra"", ""Ctsc"", ""Pdcd1lg2"", ""Cd55"", ""Cd83"", ""Nr4a3"", ""Ccr2"", ""Spi1"", ""Syt11"", ""Ndfip1"", ""Runx1"", ""Lgals9"", ""Plscr1"", ""Gata3"", ""Ppp3ca"", ""Il18"", ""Malt1"", ""Fgr"", ""Smo"", ""Cblb"", ""Nfatc2"", ""Capn3"", ""Bst1"", ""Dusp10"", ""Vav3"", ""Cd38"", ""Hmox1"", ""Itgal"", ""Havcr2"", ""Id2"", ""Fcgr2b"", ""Tnfsf13b"", ""Tnf"", ""Pla2g4a"", ""Lmo1"", ""Fes"", ""Milr1"", ""Il15"", ""Slamf7"", ""Csf1r"", ""Tigit"", ""Nr1h3"", ""Foxp3"", ""Card11"", ""Hfe"", 
""Trem2"", ""Sirpa"", ""Vcam1"")"
"926","GOBP_REGULATION_OF_EXOCYTOSIS","0.00442638745964239","0.021734017192679","0.407017918923954","0.508305022059403","1.68209748032602","52","c(""P2rx7"", ""Snca"", ""Notch1"", ""Fcer1g"", ""Rapgef4"", ""Anxa1"", ""Cd160"", ""Dtnbp1"", ""Atp13a2"", ""Cd300a"", ""Anxa2"", ""Lyn"", ""Ccr2"", ""Spi1"", ""Syt11"", ""Rab27a"", ""Lgals9"", ""Fgr"", ""Hmox1"")"
"927","GOCC_SYNAPSE","2.85889516715678e-07","6.00577427972313e-06","0.674962860011025","0.391988356117974","1.68258473376912","408","c(""Rps5"", ""Rpsa"", ""Rpl17"", ""Rpl13"", ""Rpl18a"", ""Rps3"", ""Rpl18"", ""Rpl10"", ""Rpl21"", ""Rps4x"", ""Rpl19"", ""Rplp0"", ""Rps10"", ""Rpl9"", ""Rpl10a"", ""Rps7"", ""Rps18"", ""Rpl3"", ""Rpl32"", ""Rps3a1"", ""Rpl8"", ""Rps14"", ""Rpl11"", ""Rps20"", ""Rps16"", ""Rpl23"", ""Rpl27a"", ""Srgn"", ""Camk2d"", ""Mme"", ""Rpl29"", ""Rpl4"", ""Pdlim4"", ""Rplp1"", ""P2rx7"", ""Rps12"", ""Rpl26"", ""Actn2"", ""Itgb3"", ""Rasgrp2"", ""Rps27a"", ""Rpl14"", ""Rps2"", ""Add3"", ""Rps6"", ""Rpl7a"", ""Rps19"", ""Snca"", ""Pkp4"", ""Rpl5"", ""Apoe"", ""Relb"", ""Actn1"", ""Aak1"", ""Myo6"", ""Atp8a1"", ""Grn"", 
""Rpl28"", ""Rapgef4"", ""Syngr2"", ""Ninj1"", ""Anxa1"", ""Prr7"", ""Hdac4"", ""Psen2"", ""Atp2b4"", ""Blvrb"", ""Kif1b"", ""Rapgef2"", ""Dst"", ""Dtnbp1"", ""Eif3i"", ""Slc2a3"", ""Stx11"", ""Ybx3"", ""Plxnc1"", ""Lyn"", ""Nrp1"", ""Arhgap39"", ""Eef2k"", ""Adora2a"", ""Chn2"", ""C1qa"")"
"928","LIM_MAMMARY_STEM_CELL_DN","0.00077059225983997","0.0053117146756998","0.477270815362862","0.452684323592625","1.68364920912352","111","c(""Isg20"", ""Prr13"", ""Ifi35"", ""Lgals3bp"", ""Add3"", ""Batf"", ""Capg"", ""Dhx58"", ""Orai1"", ""Dtx3l"", ""Mta3"", ""Dennd2d"", ""Tmed3"", ""Unc93b1"", ""Snx10"", ""Faah"", ""Kif1b"", ""Iqgap2"", ""Bcl3"", ""Pgd"", ""Sidt1"", ""Coro2a"", ""Chpt1"", ""Gata3"", ""P2rx4"", ""Cdh1"", ""Sorl1"", ""Pdzk1ip1"", ""Klf6"", ""Mvp"", ""Sh3bp2"", ""Tnf"", ""Nudt2"", ""Dmbt1"", ""Klhl5"")"
"929","GOMF_SH3_DOMAIN_BINDING","0.00936358024805771","0.0392831987729415","0.380730400722792","0.55988158504211","1.68548107122526","32","c(""Dtx1"", ""Ostf1"", ""Sh3bp5"", ""Gpx1"", ""Vasp"", ""Adam19"", ""Mvb12a"", ""Lyn"", ""Hip1r"", ""Plscr1"", ""Cblb"", ""Sh3bp2"", ""Ncf1"", ""Sirpa"")"
"930","chr2C1","0.00839681829866699","0.0361258461686836","0.380730400722792","0.577814034945117","1.68567118905488","26","c(""Cytip"", ""Ifih1"", ""Pkp4"", ""Dapl1"", ""Stk39"", ""Dpp4"", ""Ly75"", ""Gm13546"", ""Gpd2"", ""Nr4a2"", ""Galnt3"")"
"931","MP_DECREASED_CIRCULATING_TUMOR_NECROSIS_FACTOR_LEVEL","0.0102910967561948","0.0421868762664597","0.380730400722792","0.580956533742371","1.68835192371087","27","c(""Nkg7"", ""Il6ra"", ""Ifi35"", ""Foxo1"", ""Sgms1"", ""Arid5a"", ""Cd44"", ""Ifi204"", ""Ifit2"", ""Ikbkb"", ""Irf5"", ""Tnf"", ""Ifngr1"", ""Ffar2"", ""Snx8"", ""Lacc1"", ""C3"", ""Thbd"", ""Enpp2"")"
"932","TABULA_MURIS_SENIS_SPLEEN_MACROPHAGE_AGEING","0.00213555133759057","0.0123089315789768","0.431707695803346","0.486181783426846","1.69236818963271","71","c(""AW112010"", ""Ctss"", ""Ly6a"", ""Ctla2a"", ""Smpdl3a"", ""Atp1b3"", ""Lgals1"", ""Fth1"", ""Lgmn"", ""Fcer1g"", ""Apoe"", ""Aldh2"", ""Ctsb"", ""Ifitm2"", ""Grn"", ""Tmed3"", ""Tmem176b"", ""Tmem176a"", ""Ninj1"", ""Cd63"", ""Slpi"", ""Trf"", ""Blvrb"", ""Msrb1"", ""Sat1"", ""C1qa"", ""Aif1"", ""C1qb"", ""Ctsc"", ""Mpeg1"", ""Creg1"", ""Cfp"", ""Litaf"", ""Cybb"", ""Wfdc17"", ""Csf1r"", ""Mt1"", ""C1qc"", ""Vcam1"")"
"933","LANDIS_ERBB2_BREAST_TUMORS_324_DN","0.00353143131326685","0.0183781838308397","0.431707695803346","0.505670483451596","1.69258835414797","55","c(""Plac8"", ""AW112010"", ""S100a6"", ""Ly6a"", ""Atp1b3"", ""Crip1"", ""Gyg"", ""Ahnak"", ""Nrp1"", ""Chpt1"", ""Gpd2"", ""Cfp"", ""Etfb"", ""Decr1"", ""Lyl1"", ""Chchd10"", ""Mrc1"", ""Nr1h3"", ""Mfng"")"
"934","GOBP_CARDIAC_VENTRICLE_MORPHOGENESIS","0.00707370634290968","0.031545649981794","0.407017918923954","0.624331035099653","1.69409186996478","21","c(""Smad7"", ""Chd7"", ""Notch1"", ""Eng"", ""Heg1"", ""Ahr"", ""Ly6e"", ""Gata3"")"
"935","GOBP_ADAPTIVE_IMMUNE_RESPONSE","1.81600092139997e-05","0.00022349281725813","0.575610261071129","0.414541582223253","1.69417391768123","231","c(""Irf7"", ""Rsad2"", ""Slfn1"", ""B2m"", ""Smad7"", ""Gimap3"", ""Cd7"", ""Il6ra"", ""P2rx7"", ""Irf1"", ""Gimap5"", ""Pik3cd"", ""Cd274"", ""Batf"", ""Cd74"", ""Il7r"", ""Orai1"", ""Ccr7"", ""Notch1"", ""Fcer1g"", ""Sema4a"", ""Il18r1"", ""Relb"", ""Btla"", ""Serpina3g"", ""Ighm"", ""Rora"", ""Unc93b1"", ""Zbtb7b"", ""Swap70"", ""Vsir"", ""Lax1"", ""Rnf125"", ""Nfkbiz"", ""Cd40lg"", ""Arid5a"", ""Anxa1"", ""Cd44"", ""Prr7"", ""Stat4"", ""Il18rap"", ""Pou2f2"", ""Cd160"", ""Nfkb2"", ""Nfkbid"", ""Cd86"", ""Dpp4"", ""Gadd45g"", ""Irf4"", ""Stx11"", ""Gpr183"", ""Lyn"", ""Ahr"", ""Icam1"", ""Tnfrsf1b"", 
""C1qa"", ""Cd79b"", ""Il27ra"", ""Clec4n"", ""Serpinb9"", ""Bcl3"", ""Il2rb"", ""Clcf1"", ""Lat2"", ""C1qb"", ""Ctsc"", ""Pdcd1lg2"", ""Cd55"", ""Ccr2"", ""Pdcd1"", ""Fcgr3"", ""Ndfip1"", ""Fosl2"", ""Rab27a"", ""Lta"", ""Lgals9"", ""Gata3"", ""Il18"", ""Malt1"", ""Dusp10"", ""Cd79a"", ""Il18bp"", ""Havcr2"", ""Il1r1"", ""Rnf19b"", ""Fcgr2b"", ""Tnfsf13b"", ""Ctsh"", ""Tnf"", ""Pla2g4a"")"
"936","GOBP_PHAGOCYTOSIS","0.00161847820140164","0.00991663727034016","0.45505986738723","0.474051521745865","1.69448889706479","83","c(""P2rx7"", ""Itgb3"", ""Calr"", ""Irf8"", ""Ccr7"", ""Fcer1g"", ""Ncf4"", ""Pecam1"", ""Anxa1"", ""Tyrobp"", ""Pparg"", ""Axl"", ""Lbp"", ""Cd300a"", ""Pld4"", ""Nfix"", ""Il2rb"", ""Aif1"", ""Il15ra"", ""Ccr2"", ""Fcgr3"", ""Syt11"", ""Rab27a"", ""Plscr1"", ""Fgr"", ""Ncf2"", ""Itgal"", ""Cfp"", ""Fcgr2b"", ""Plcg2"", ""Tnf"", ""Il15"", ""Lrp1"", ""Hck"", ""Nr1h3"", ""Trem2"", ""Sirpa"", ""Fcgr1"", ""Abca1"", ""C3"", ""Slc11a1"", ""Cd300lf"", ""Alox15"", ""Itgam"", ""Treml4"", ""Rab7b"", ""Anxa3"", ""Siglece"")"
"937","TABULA_MURIS_SENIS_HEART_MONOCYTE_AGEING","0.00203396125469672","0.011890690923227","0.431707695803346","0.48680525715016","1.69453846242445","71","c(""Rps3"", ""Rplp0"", ""Vim"", ""Rps7"", ""Rpl3"", ""Ifi27"", ""Prr13"", ""S100a6"", ""Fxyd5"", ""Rpl4"", ""Cotl1"", ""Capg"", ""Cd9"", ""Ier2"", ""Ifi30"", ""Ifitm2"", ""Ecm1"", ""Lgals3"", ""Tmed3"", ""Anxa1"", ""Skil"", ""Gadd45g"", ""Anxa2"", ""Cd72"", ""Csf2ra"", ""C1qa"", ""Mgst1"", ""Spi1"")"
"938","TABULA_MURIS_SENIS_TRACHEA_ENDOTHELIAL_CELL_AGEING","0.00136821632106857","0.0086417627767932","0.45505986738723","0.478384677908485","1.69459369351405","79","c(""Klf2"", ""Rpsa"", ""Bst2"", ""Rpl13"", ""Rps3"", ""Rps4x"", ""Rplp0"", ""Rpl3"", ""Rps3a1"", ""Ifi27"", ""Naca"", ""Rpl14"", ""Fth1"", ""Cd9"", ""Smco4"")"
"939","GOBP_LEUKOCYTE_MEDIATED_CYTOTOXICITY","0.00172278157265968","0.0104001603360034","0.45505986738723","0.486903512229987","1.69546900485215","70","c(""Nkg7"", ""B2m"", ""Gimap3"", ""P2rx7"", ""Gimap5"", ""Clec2d"", ""Il7r"", ""Tyrobp"", ""Il18rap"", ""Cd160"", ""Stx11"", ""Serpinb9"", ""Ctsc"", ""Spi1"", ""Fcgr3"", ""Rab27a"", ""Lgals9"", ""Il18"", ""Havcr2"", ""Rnf19b"", ""Ctsh"", ""Ncf1"", ""Hfe"", ""Fcgr1"", ""Pnp"", ""Klrd1"", ""Itgam"", ""Klrb1f"", ""Gzmc"", ""Arg1"", ""Cadm1"", ""Cd226"", ""Pik3r6"")"
"940","HALLMARK_KRAS_SIGNALING_UP","0.00104635983571158","0.00685814132320677","0.45505986738723","0.468890363147006","1.69578087264019","88","c(""Ccnd2"", ""Ctss"", ""Etv5"", ""Irf8"", ""Il7r"", ""Fcer1g"", ""Lcp1"", ""Bpgm"", ""Glrx"", ""Pecam1"", ""Traf1"", ""Tmem176b"", ""Eng"", ""Tmem176a"", ""St6gal1"", ""Slpi"", ""Plaur"", ""Gadd45g"", ""G0s2"", ""Evi5"", ""Nrp1"", ""Csf2ra"", ""Tnfrsf1b"", ""Il10ra"", ""Vwa5a"", ""Lat2"", ""Pdcd1lg2"", ""Trib1"", ""Birc3"", ""Cxcl10"", ""Scn1b"", ""Id2"", ""Ppp1r15a"", ""Nin"", ""Galnt3"", ""Mmp9"", ""Mmp11"", ""Clec4a3"")"
"941","WP_SPINAL_CORD_INJURY","0.00504665912455019","0.0240987427804291","0.407017918923954","0.517075297289799","1.69704493122443","49","c(""Vim"", ""Ltb"", ""Klk8"", ""Anxa1"", ""Nr4a1"", ""Xylt1"", ""Fos"", ""Myc"", ""Icam1"", ""Ccr2"", ""Ppp3ca"", ""Cxcl10"", ""Il1r1"", ""Fcgr2b"", ""Mmp12"", ""Tnfsf13b"", ""Tnf"")"
"942","GOBP_REGULATION_OF_CARTILAGE_DEVELOPMENT","0.0114938291324261","0.0461899152002204","0.380730400722792","0.678123379513258","1.69709362010802","16","c(""Smad7"", ""Maf"", ""Smad3"", ""Runx2"", ""Sox5"", ""Rarg"", ""Smad1"", ""Trps1"")"
"943","REACTOME_COSTIMULATION_BY_THE_CD28_FAMILY","0.00982684570663929","0.0406157111240166","0.380730400722792","0.58422956330584","1.697863867271","27","c(""Trac"", ""Trbc1"", ""Trbc2"", ""Cd274"", ""Icos"", ""Cd86"", ""Lyn"", ""Pdcd1lg2"", ""Pdcd1"")"
"944","GOBP_RESPONSE_TO_LIPID","1.78647310704166e-05","0.0002217624084174","0.575610261071129","0.410364267319079","1.69827424139179","259","c(""Trim30a"", ""Vim"", ""Stat1"", ""B2m"", ""Irgm1"", ""Sp100"", ""Igtp"", ""Eif2ak2"", ""Tesc"", ""P2rx7"", ""Calr"", ""Nfkb1"", ""Trim30d"", ""Gbp2"", ""Cmpk2"", ""Cd274"", ""Zfp36l2"", ""Irf8"", ""Ccr7"", ""Snca"", ""Bcl2"", ""Gbp3"", ""Zfp36l1"", ""Foxo1"", ""Gbp5"", ""Grn"", ""Rora"", ""Nfkbiz"", ""Ptgir"", ""Stk39"", ""Arid5a"", ""Irgm2"", ""Anxa1"", ""Slpi"", ""Pparg"", ""Nr4a1"", ""Axl"", ""Casp1"", ""Trim5"", ""Lbp"", ""Cd86"", ""Ddit4"", ""Mapkapk3"", ""Cebpb"", ""Zbtb7a"", ""Lyn"", ""Ramp3"", ""Pdgfrb"", ""Cd68"", ""Ahr"", ""Tnfrsf1b"", ""Mgst1"", ""Akr1c13"", ""Pdcd1lg2"", ""Cd55"", ""Spi1"", 
""Ass1"", ""Aqp3"", ""Gch1"", ""Trib1"", ""Pdia3"", ""Fosl2"", ""Runx1"", ""Rarg"", ""Lgals9"", ""Plscr1"", ""Cxcl10"", ""Malt1"", ""Ncf2"", ""Smo"", ""Gramd1b"", ""Foxp1"", ""Dusp10"", ""Havcr2"", ""Ar"", ""Tgfb3"", ""Litaf"", ""Sash1"", ""Plcg2"", ""Sgk1"", ""Ctsh"", ""Mtdh"", ""Tnf"", ""Fes"", ""Mrc1"", ""Casp4"", ""Gpr83"", ""Pde2a"", ""Sstr2"", ""Nr1h3"", ""Trim30c"", ""Ffar2"", ""Trem2"", ""Sirpa"", ""Uri1"", ""Akr1c12"", ""Zc3h12a"", ""Scimp"", ""Lpl"", ""Cxcl16"", ""Abca1"", ""Igf1"", ""Pf4"")"
"945","GOBP_SPHINGOLIPID_METABOLIC_PROCESS","0.00537359229563884","0.0253433814272111","0.407017918923954","0.541485044039126","1.69828965024505","40","c(""Gm2a"", ""P2rx7"", ""Smpdl3a"", ""Sgms1"", ""Hexb"", ""B4galnt1"", ""St8sia4"", ""Naaa"", ""St6galnac3"", ""St6galnac4"", ""Crem"", ""Asah1"", ""Elovl5"", ""St8sia6"", ""Elovl6"", ""B4galt5"", ""Enpp2"", ""Smpdl3b"", ""Fut7"", ""Hacd4"", ""B4galt4"", ""Spns2"", ""Prkcd"", ""Cers4"")"
"946","GOBP_HEMOPOIESIS","5.72443756672719e-08","1.39700635936938e-06","0.719512826338911","0.395946538775355","1.69870101063961","418","c(""Isg15"", ""Klf2"", ""Stat1"", ""Rsad2"", ""Rps14"", ""B2m"", ""Irgm1"", ""Smad7"", ""Dtx1"", ""Gimap3"", ""Samd9l"", ""Igtp"", ""Maf"", ""Runx3"", ""Ctla2a"", ""Eif2ak2"", ""Il6ra"", ""Tesc"", ""Chd7"", ""Irf1"", ""Herc6"", ""Itgb3"", ""Lgals1"", ""Lfng"", ""Gpr18"", ""Gimap5"", ""Apobec3"", ""Alas2"", ""Rps6"", ""Batf"", ""Zfp36l2"", ""Clec2d"", ""Cd74"", ""Irf8"", ""Il7r"", ""Il2ra"", ""Rps19"", ""Ccr7"", ""Sox13"", ""Junb"", ""Notch1"", ""Fcer1g"", ""Sema4a"", ""Pml"", ""Il18r1"", ""Bpgm"", ""Relb"", ""Actn1"", ""Bcl2"", ""Zfp36l1"", ""Ripk1"", ""Inpp4b"", ""Ighm"", ""Rora"", ""Bcl2a1d"", ""Zbtb7b"", 
""Tmem176b"", ""Vsir"", ""Tmem176a"", ""Nfkbiz"", ""Snx10"", ""Cd40lg"", ""Ninj1"", ""Anxa1"", ""Ubash3b"", ""Pglyrp1"", ""Cd44"", ""Prr7"", ""Tyrobp"", ""Stat4"", ""Pparg"", ""Gpr171"", ""Pou2f2"", ""Ccl5"", ""Axl"", ""Adgrg3"", ""Nfkbid"", ""Psen2"", ""Trf"", ""Dpp4"", ""Tmem64"", ""Pld4"", ""Cebpb"", ""Gadd45g"", ""Irf4"", ""Ifnar2"", ""Zbtb7a"", ""Nfix"", ""Runx2"", ""Fos"", ""Gpr183"", ""Lyn"", ""Lmo2"", ""Pdgfrb"", ""Ahr"", ""Myc"", ""Tnfsf11"", ""Cd79b"", ""Hhex"", ""Bcl3"", ""Clcf1"", ""Il15ra"", ""Cd83"", ""Ccr2"", ""Spi1"", ""Trib1"", ""Tnfsf8"", ""Ndfip1"", ""Nfatc1"", ""Fosl2"", ""Runx1"", ""Rarg"", 
""Lgals9"", ""Lrrk1"", ""Plscr1"", ""Gata3"", ""Ppp3ca"", ""Il18"", ""Ccl3"", ""Malt1"", ""Foxp1"", ""Dusp10"", ""Cd79a"")"
"947","GOBP_REGULATION_OF_DEFENSE_RESPONSE_TO_VIRUS","0.00537359229563884","0.0253433814272111","0.407017918923954","0.541670815351335","1.69887229514044","40","c(""Trim30a"", ""Stat1"", ""Parp9"", ""Irgm1"", ""Igtp"", ""Apobec3"", ""Dhx58"", ""Dtx3l"", ""Pml"", ""Rnf125"", ""Irgm2"", ""Ccl5"", ""Aim2"")"
"948","GOCC_SMOOTH_ENDOPLASMIC_RETICULUM","0.0112850057322532","0.0454810315351174","0.380730400722792","0.68462319241245","1.6999241649647","15","c(""Rpl10"", ""Hspa5"", ""Calr"", ""Hsp90b1"", ""Pdia3"")"
"949","MIR_881_5P","0.000760248895921272","0.00525304508205842","0.477270815362862","0.457245221787809","1.69995947653634","110","c(""Ifi203"", ""Slfn5"", ""Sp100"", ""Samhd1"", ""Runx3"", ""P2rx7"", ""Sp110"", ""Vamp5"", ""Aak1"", ""Rora"", ""Trim5"", ""Inpp5f"", ""Atp2b4"", ""Kif1b"", ""Gfra1"", ""Slc16a10"", ""St6galnac3"", ""Gpd2"", ""Gm4841"", ""Nfat5"", ""Cd93"", ""Ankrd44"", ""Cd38"", ""Ccdc50"", ""Fry"", ""Tigit"", ""Klf3"", ""Mmp9"", ""Clec4a3"", ""Tagln2"", ""Msrb3"", ""Specc1"", ""Kctd12"", ""Ephb2"", ""Slc7a8"", ""Dnase2a"", ""Cd200"", ""Sypl"", ""D430041D05Rik"", ""Kcnj15"", ""Tnfrsf11a"", ""Csf2rb2"")"
"950","BURTON_ADIPOGENESIS_1","0.0109860696125197","0.0444951336354524","0.380730400722792","0.684949000702198","1.70073314922206","15","c(""Dusp2"", ""Ctla2b"", ""Cebpb"", ""Phlda1"", ""Fosl2"", ""Ier3"", ""Litaf"", ""Sgk1"", ""Nr4a2"", ""Thbd"", ""Arl4c"", ""Rhob"")"
"951","GOBP_LYMPHOCYTE_ACTIVATION","1.67299669667558e-07","3.67610576836569e-06","0.690132458796796","0.397784563246497","1.70115299851465","379","c(""Rps3"", ""Rsad2"", ""Slfn1"", ""Nkg7"", ""B2m"", ""Irgm1"", ""Smad7"", ""Dtx1"", ""Gimap3"", ""Igtp"", ""Runx3"", ""Ctla2a"", ""Il6ra"", ""P2rx7"", ""Chd7"", ""Irf1"", ""Lgals1"", ""Lfng"", ""Gpr18"", ""Gimap5"", ""Rps6"", ""Pik3cd"", ""Cd274"", ""Batf"", ""Zfp36l2"", ""Cd48"", ""Cd74"", ""Irf8"", ""Il7r"", ""Il2ra"", ""Ccr7"", ""Sox13"", ""Fcer1g"", ""Lcp1"", ""Sema4a"", ""Il18r1"", ""Relb"", ""Btla"", ""Dapl1"", ""Bcl2"", ""Zfp36l1"", ""Ighm"", ""Cdkn1a"", ""Lgals3"", ""Rora"", ""Bcl2a1d"", ""Zbtb7b"", ""Swap70"", ""Vsir"", ""Mzb1"", ""Lax1"", ""Icos"", ""Nfkbiz"", ""Cd40lg"", ""Anxa1"", ""Pglyrp1"", 
""Cd44"", ""Prr7"", ""Tyrobp"", ""Stat4"", ""Pou2f2"", ""Ccl5"", ""Axl"", ""Cd160"", ""Adgrg3"", ""Nfkbid"", ""Tnfrsf4"", ""Psen2"", ""Cd86"", ""Smad3"", ""Dpp4"", ""Cd300a"", ""Cebpb"", ""Gadd45g"", ""Irf4"", ""Ifnar2"", ""Stx11"", ""Ebi3"", ""Zbtb7a"", ""Runx2"", ""Gpr183"", ""Lyn"", ""Ahr"", ""Adora2a"", ""Myc"", ""Tnfsf11"", ""Icam1"", ""Tnfrsf1b"", ""Cd79b"", ""Il27ra"", ""Hhex"", ""Bcl3"", ""Clcf1"", ""Aif1"", ""Lat2"", ""Il15ra"", ""Pdcd1lg2"", ""Cd55"", ""Treml2"", ""Cd83"", ""Ccr2"", ""Spi1"", ""Tnfsf8"", ""Ndfip1"", ""Nfatc1"", ""Fosl2"", ""Rab27a"", ""Runx1"", ""Lgals9"", ""Gata3"", ""Ppp3ca"", 
""Il18"", ""Malt1"", ""Fgr"", ""Skap2"", ""Cblb"", ""Nfatc2"", ""Foxp1"", ""Bst1"", ""Dusp10"", ""Cd79a"", ""Vav3"", ""Cd38"", ""Itgal"", ""Havcr2"")"
"952","PASINI_SUZ12_TARGETS_DN","0.000193836184070802","0.00171023156253238","0.518848077743792","0.448431167770611","1.70118331352929","134","c(""Vim"", ""Ltb"", ""B2m"", ""Igfbp4"", ""Gng2"", ""S100a6"", ""Lgals1"", ""Gbp2"", ""Frmd4b"", ""Actn1"", ""Timp2"", ""Cdkn1a"", ""Ahnak"", ""Anxa1"", ""Filip1l"", ""Axl"", ""Glipr2"", ""Skil"", ""Tpm4"", ""Ier5"", ""Anxa2"", ""Myc"", ""Serpinb9"", ""Phlda1"", ""Bhlhe40"", ""Klhdc2"", ""Trib1"", ""Syt11"", ""Fosl2"", ""Smo"", ""Foxp1"", ""Rras2"", ""Ier3"", ""Klf6"", ""Lpp"", ""Id2"", ""Zyx"", ""Baz1a"")"
"953","GOBP_ASTROCYTE_DIFFERENTIATION","0.00589906877756234","0.0273936513678705","0.407017918923954","0.550741480850423","1.70184162182185","38","c(""Vim"", ""Notch1"", ""Grn"", ""Zeb2"", ""Nfix"", ""Adora2a"", ""C1qa"", ""Clcf1"", ""Smo"", ""Id2"", ""Ifngr1"", ""Lrp1"", ""Csf1r"", ""Trem2"")"
"954","GOCC_ENDOPLASMIC_RETICULUM","1.44447609380662e-07","3.22068543817726e-06","0.690132458796796","0.396634278509686","1.70245504178222","412","c(""Rpl13"", ""Rps3"", ""Rpl18"", ""Rpl10"", ""Rpl21"", ""Rplp0"", ""Rps7"", ""Rps3a1"", ""Rsad2"", ""Rnf43"", ""Ifi47"", ""B2m"", ""Irgm1"", ""Gimap3"", ""Eef1b2"", ""Rpl27a"", ""Iigp1"", ""Igtp"", ""Hspa5"", ""Rpl4"", ""Ifitm3"", ""Calr"", ""Alox5ap"", ""Rps6"", ""Tor3a"", ""Clec2d"", ""Cd74"", ""Ctsw"", ""Notch1"", ""Rpl5"", ""Apoe"", ""Cst7"", ""Pml"", ""Bcl2"", ""Eef1g"", ""Pde3b"", ""Tgtp2"", ""Atp8a1"", ""Grn"", ""Tmed3"", ""Unc93b1"", ""Esyt1"", ""Sgms1"", ""Mzb1"", ""Rnf125"", ""Emc9"", ""Rps8"", ""Snx10"", ""Irgm2"", ""Osbpl3"", ""Arhgap5"", ""Ifit2"", ""Faah"", ""Lpcat2"", ""Manf"", ""Psen2"", ""Sdf2l1"", 
""Tgtp1"", ""Dst"", ""Dtnbp1"", ""Tmem64"", ""Ehd4"", ""Pld4"", ""Gm4951"", ""Rnf149"", ""Cnpy2"", ""Furin"", ""Hsp90b1"", ""Fos"", ""Tmem50b"", ""Mgst1"", ""Ckap4"", ""Nenf"", ""Pdia3"", ""Ndfip1"", ""Tpst2"", ""Chpt1"", ""Gm4841"", ""Agpat2"", ""Derl3"", ""Atf6"", ""Smo"", ""Gramd1b"", ""Wfs1"", ""Chil1"", ""Dnajb14"", ""Hmox1"", ""Sorl1"", ""Rnf19b"", ""Tbxas1"", ""Stard3nl"", ""Cybb"", ""Fam20a"", ""Adpgk"", ""Bcap29"", ""Cyp4f18"", ""Sgk1"", ""Mtdh"", ""Serp1"", ""Pla2g4a"", ""Vkorc1"", ""Lrrc25"", ""Elovl5"", ""F830016B08Rik"", ""Casp4"", ""Ms4a4a"", ""Ggt1"", ""Ppp1r15a"", ""Mctp1"", ""Stim1"", 
""Gnpnat1"", ""Pde2a"")"
"955","TABULA_MURIS_SENIS_MARROW_GRANULOCYTOPOIETIC_CELL_AGEING","0.00158103720798939","0.00973925712977354","0.45505986738723","0.483314386635908","1.70764221042633","77","c(""S100a6"", ""Fxyd5"", ""Emp3"", ""Ifitm3"", ""AA467197"", ""Fth1"", ""Alox5ap"", ""Alas2"", ""Ube2l6"", ""Cd9"", ""Cd52"", ""Fcer1g"", ""Apoe"", ""Ncf4"", ""Camp"", ""S100a11"", ""Ifitm2"", ""Gpx1"", ""Lgals3"", ""Tmed3"", ""Serpinb1a"", ""Anxa1"", ""Pglyrp1"", ""Tyrobp"", ""Cd63"", ""Slpi"", ""Gypa"", ""Blvrb"", ""Msrb1"", ""Anxa2"", ""Clec12a"", ""Spi1"", ""Ifitm6"")"
"956","MARTINEZ_RB1_TARGETS_DN","4.49573688212905e-05","0.000496783256628326","0.557332238758646","0.425584294304037","1.70822905229044","200","c(""Trbc1"", ""Ifi203"", ""Ms4a6b"", ""Rpl21"", ""Rps7"", ""Rps18"", ""Mndal"", ""Rsad2"", ""B2m"", ""Igfbp4"", ""Prr13"", ""Srgn"", ""Ly6a"", ""Ctla2a"", ""Pdgfa"", ""Rpl26"", ""Calr"", ""Rpl14"", ""Alox5ap"", ""Rps6"", ""Cpa3"", ""Sp110"", ""Rilpl2"", ""Notch1"", ""Apoe"", ""Il18r1"", ""Pmepa1"", ""Ms4a6d"", ""Foxo1"", ""Cdkn1a"", ""Myl4"", ""Serpinb1a"", ""Rps8"", ""Tyrobp"", ""Dap"", ""Tm6sf1"", ""Itga4"", ""Lbp"", ""Cpt1a"", ""Cebpb"", ""Rnf149"", ""Fos"", ""Ahr"", ""Qpct"", ""Hdc"", ""Pgd"")"
"957","CADWELL_ATG16L1_TARGETS_UP","0.00928537783201482","0.0390755213715304","0.380730400722792","0.573273581846389","1.70907091443625","29","c(""Ifit1"", ""Rsad2"", ""Ifit1bl1"", ""Trf"", ""Fcgrt"", ""Bst1"", ""Ggt1"", ""Kctd14"", ""Socs3"", ""Fabp4"", ""Lpl"")"
"958","GOBP_MYELOID_CELL_DIFFERENTIATION","5.86705765765583e-05","0.00061738670947993","0.557332238758646","0.429265946980703","1.70921469445428","194","c(""Isg15"", ""Klf2"", ""Stat1"", ""Rps14"", ""B2m"", ""Gimap3"", ""Maf"", ""Tesc"", ""Itgb3"", ""Gimap5"", ""Alas2"", ""Rps6"", ""Batf"", ""Clec2d"", ""Cd74"", ""Irf8"", ""Rps19"", ""Ccr7"", ""Junb"", ""Fcer1g"", ""Pml"", ""Bpgm"", ""Relb"", ""Actn1"", ""Zfp36l1"", ""Ripk1"", ""Inpp4b"", ""Snx10"", ""Ninj1"", ""Ubash3b"", ""Tyrobp"", ""Pparg"", ""Gpr171"", ""Ccl5"", ""Psen2"", ""Trf"", ""Tmem64"", ""Cebpb"", ""Irf4"", ""Zbtb7a"", ""Nfix"", ""Fos"", ""Gpr183"", ""Lyn"", ""Lmo2"", ""Myc"", ""Tnfsf11"", ""Hhex"", ""Spi1"", ""Trib1"", ""Ndfip1"", ""Nfatc1"", ""Fosl2"", ""Runx1"", ""Rarg"", ""Lrrk1"", ""Plscr1"", 
""Gata3"", ""Ppp3ca"", ""Ccl3"", ""Foxp1"")"
"959","MEISSNER_NPC_HCP_WITH_H3_UNMETHYLATED","0.000435853903858569","0.0033506999177331","0.49849310876659","0.458515522188561","1.71088006478526","113","c(""Parp14"", ""Klk8"", ""Trim25"", ""Tnfrsf25"", ""Vamp5"", ""Lgals3"", ""Vsir"", ""Rnh1"", ""Itga4"", ""Lpcat2"", ""Gsap"", ""Adssl1"", ""Adora2a"", ""Il27ra"", ""Bcl3"", ""Il17rb"", ""Cd83"", ""Nr4a3"", ""Ass1"", ""Aqp3"", ""Rarg"", ""Birc3"", ""Gna14"", ""Aldh1b1"", ""Ctsh"", ""Chchd10"", ""Pkib"", ""Gpr83"", ""Hebp1"", ""Camkk2"", ""Plbd1"", ""Lpl"", ""Cxcl16"", ""Slc16a3"", ""Fstl3"", ""Themis2"", ""Kcnk13"", ""Thbd"", ""Fads3"", ""Tmco4"", ""Scin"", ""Il12rb2"", ""Ece2"", ""Gca"", ""Ctsz"", ""F11r"", ""Nrxn2"", ""Gipc2"", ""Mapk13"")"
"960","GOBP_POSITIVE_REGULATION_OF_CYTOKINE_PRODUCTION_INVOLVED_IN_IMMUNE_RESPONSE","0.00269706196571575","0.0148015793046697","0.431707695803346","0.535094477574254","1.71223294728642","44","c(""Rsad2"", ""B2m"", ""Gimap3"", ""P2rx7"", ""Gimap5"", ""Cd74"", ""Fcer1g"", ""Il18r1"", ""Arid5a"", ""Casp1"", ""Cd160"", ""Cd55"", ""Nr4a3"", ""Gata3"", ""Il18"", ""Malt1"", ""Il1r1"", ""Irf5"", ""Plcg2"", ""Casp4"", ""Ffar2"", ""Scimp"", ""Lacc1"")"
"961","GOBP_REGULATION_OF_P38MAPK_CASCADE","0.00899181505214311","0.0381985624622524","0.380730400722792","0.68447850542276","1.71299816485877","16","c(""Stk39"", ""Gadd45b"", ""Gadd45g"", ""Ccr2"", ""Spi1"", ""Dusp10"", ""Sash1"", ""Hgf"", ""Trem2"", ""Zc3h12a"", ""Xdh"", ""Cyld"")"
"962","LAZARO_GENETIC_MOUSE_MODEL_HIGH_GRADE_LARGE_CELL_NEUROENDOCRINE_LUNG_CARCINOMA_DN","0.000169890273623624","0.00152376962198365","0.518848077743792","0.445412180613196","1.71299911904455","141","c(""Ms4a4b"", ""Klf2"", ""Gzma"", ""Nkg7"", ""Itgb7"", ""Smad7"", ""Gimap3"", ""Ctla2a"", ""S1pr1"", ""Rasgrp2"", ""Gpr18"", ""Pitpnc1"", ""Gimap5"", ""Etv5"", ""Ccr7"", ""Sh3bp5"", ""Ahnak"", ""Tmem71"", ""Pced1b"", ""St8sia4"", ""Napsa"", ""Ctla2b"", ""Dpp4"", ""Heg1"", ""Ehd4"", ""Acvrl1"", ""Icam1"", ""Il27ra"", ""Serpinb9"", ""Hopx"", ""St6galnac3"", ""Chpt1"", ""Ankrd44"", ""Cd79a"", ""Ar"", ""Crim1"")"
"963","GOBP_REGULATION_OF_SODIUM_ION_TRANSMEMBRANE_TRANSPORT","0.00537010923717493","0.0253433814272111","0.407017918923954","0.631607194814614","1.71383537513221","21","c(""Fxyd5"", ""Camk2d"", ""Tesc"", ""Atp1b3"", ""Glrx"", ""Stk39"", ""Atp2b4"", ""Scn1b"")"
"964","GOBP_REGULATION_OF_ADAPTIVE_IMMUNE_RESPONSE","0.000733277917007706","0.00512847421224292","0.477270815362862","0.461217392801733","1.71667366040079","108","c(""Irf7"", ""Rsad2"", ""B2m"", ""Smad7"", ""Gimap3"", ""P2rx7"", ""Irf1"", ""Gimap5"", ""Cd274"", ""Cd74"", ""Il7r"", ""Ccr7"", ""Fcer1g"", ""Il18r1"", ""Zbtb7b"", ""Vsir"", ""Nfkbiz"", ""Arid5a"", ""Anxa1"", ""Cd44"", ""Cd160"", ""Nfkbid"", ""Dpp4"", ""Ahr"", ""Tnfrsf1b"", ""Il27ra"", ""Clec4n"", ""Clcf1"", ""Cd55"", ""Ccr2"", ""Fcgr3"", ""Ndfip1"", ""Lta"", ""Lgals9"", ""Gata3"", ""Il18"", ""Malt1"", ""Dusp10"", ""Havcr2"", ""Il1r1"", ""Fcgr2b"", ""Tnfsf13b"", ""Tnf"", ""Pla2g4a"", ""Foxp3"", ""Hfe"", ""Trem2"", ""Fcgr1"", ""Pnp"", ""Zc3h12a"", ""C3"", ""Klrd1"", ""Slc11a1"", ""Ephb2"", ""Alox15"")"
"965","WANG_MLL_TARGETS","0.00133659483226241","0.00848878334775737","0.45505986738723","0.47066570134512","1.71668509865864","90","c(""Plac8"", ""Parp14"", ""Maf"", ""Mme"", ""Lgals3bp"", ""S1pr1"", ""Apobec3"", ""Aldh2"", ""Adam19"", ""Arid5b"", ""Dusp2"", ""G0s2"", ""Ppm1l"", ""Cish"", ""Gda"", ""Arhgef6"", ""Sox5"", ""Arhgap18"", ""Gata3"", ""Chil1"", ""Ar"", ""Sash1"", ""Fam20a"", ""Rab3il1"", ""Arhgap26"", ""Fes"", ""Nr4a2"", ""Rnf144a"", ""Fabp4"", ""Trem2"", ""Amigo2"")"
"966","BOYLAN_MULTIPLE_MYELOMA_PCA3_UP","0.00375070887094857","0.0192572205683886","0.431707695803346","0.550436135363153","1.71744231434127","39","c(""Rnf43"", ""Ccnd2"", ""Serpinb1a"", ""Rnf125"", ""Cd69"", ""Gpr65"", ""Adssl1"", ""Bhlhe40"", ""Atf3"", ""Ckb"", ""Asns"", ""Pla2g4a"", ""Smad1"", ""Atxn1"", ""Trps1"", ""Mt1"", ""Cdk6"", ""Jun"", ""Plk2"")"
"967","HALLMARK_ALLOGRAFT_REJECTION","0.000607866436454732","0.00438504907304137","0.477270815362862","0.46280169150661","1.71785471629546","106","c(""Irf7"", ""Rpl9"", ""Gzma"", ""Rps3a1"", ""Stat1"", ""Ltb"", ""B2m"", ""Ccnd2"", ""Ctss"", ""Srgn"", ""Cd7"", ""Capg"", ""Cd74"", ""Irf8"", ""Il2ra"", ""Ncf4"", ""Cd40lg"", ""Stat4"", ""Il18rap"", ""Ccl5"", ""Ikbkb"", ""Cd86"", ""St8sia4"", ""Fyb"", ""Irf4"", ""Ifnar2"", ""Lyn"", ""Ly75"", ""Gpr65"", ""Icam1"", ""Lcp2"", ""Il27ra"", ""Bcl3"", ""Il2rb"", ""Ccr2"", ""Spi1"", ""Fasl"", ""Il18"", ""Fgr"", ""Cd79a"", ""Itgal"", ""Cfp"", ""Fcgr2b"")"
"968","GROSS_ELK3_TARGETS_DN","0.00904298845085781","0.0383875194416503","0.380730400722792","0.692029022956475","1.71831289389318","15","c(""Rsad2"", ""Oas3"", ""Iigp1"", ""Fth1"", ""Slpi"", ""Ramp3"", ""Bhlhe40"", ""Ifi44"", ""Socs3"")"
"969","GOBP_NEGATIVE_REGULATION_OF_LEUKOCYTE_PROLIFERATION","0.00253957217972286","0.0140719289378846","0.431707695803346","0.537493551370125","1.71990967236661","44","c(""Slfn1"", ""Cd274"", ""Il2ra"", ""Btla"", ""Zbtb7b"", ""Vsir"", ""Cd44"", ""Tyrobp"", ""Cd86"", ""Cd300a"", ""Cebpb"", ""Lyn"", ""Pdcd1lg2"", ""Ndfip1"", ""Lgals9"", ""Cblb"", ""Havcr2"", ""Fcgr2b"")"
"970","GOCC_INTEGRIN_COMPLEX","0.0104723127221631","0.0427252029202507","0.380730400722792","0.658054933123299","1.72094021887244","18","c(""Itgb7"", ""Itgb3"", ""Itgae"", ""Itga4"", ""Lyn"", ""Itgal"", ""Itga9"", ""Itgam"", ""Itgad"", ""Itgb5"")"
"971","GOBP_NEGATIVE_REGULATION_OF_RESPONSE_TO_WOUNDING","0.00666180864147851","0.0302019545919994","0.407017918923954","0.589906278940586","1.72094819182986","26","c(""Pdgfa"", ""Cd9"", ""Apoe"", ""Ubash3b"", ""Inpp5f"", ""Smad3"", ""Plaur"", ""Anxa2"", ""Xylt1"")"
"972","GOBP_MONONUCLEAR_CELL_MIGRATION","0.000772022204176076","0.00531518288229267","0.477270815362862","0.470521832305177","1.72145990435899","96","c(""Itgb7"", ""S1pr1"", ""Itgb3"", ""Calr"", ""Lgmn"", ""Rps19"", ""Ccr7"", ""Pecam1"", ""Ecm1"", ""Lgals3"", ""Stk39"", ""Ninj1"", ""Anxa1"", ""Cd200r1"", ""Itga4"", ""Ccl5"", ""Stk10"", ""Gpr183"", ""Lyn"", ""Ccl4"", ""Tnfsf11"", ""Icam1"", ""Il27ra"", ""Aif1"", ""Ccr2"", ""Spi1"", ""Lgals9"", ""Gata3"", ""Cxcl10"", ""Ccl3"", ""Itgal"", ""Csf1r"", ""Ccl8"", ""Ccl6"", ""Sirpa"", ""Asb2"", ""Cxcl16"", ""Trpm2"", ""C5ar1"", ""Pdgfb"", ""Aire"", ""Ccl17"", ""Slamf8"", ""Cd200"", ""Cmklr1"", ""App"", ""Fut7"", ""Cadm1"", ""Slamf9"", ""Retnlg"")"
"973","RASHI_RESPONSE_TO_IONIZING_RADIATION_6","0.00369717590383157","0.0190334863630826","0.431707695803346","0.524951333555942","1.72289414021518","49","c(""Ifit1"", ""Slfn1"", ""Emp3"", ""Psmb9"", ""Pde7a"", ""Cd48"", ""Evi2a"", ""Il18r1"", ""Ighm"", ""Unc93b1"", ""Tyrobp"", ""Slpi"", ""Ccl5"", ""Pqlc3"", ""Csf2ra"", ""Cd79b"", ""Hhex"", ""Ccr2"", ""Ifitm6"", ""Cfp"", ""Fcgr2b"")"
"974","WP_APOPTOSIS","0.00488335147313278","0.0234752897723525","0.407017918923954","0.557686831289015","1.72330339084692","38","c(""Irf7"", ""Irf1"", ""Nfkb1"", ""Tnfrsf25"", ""Bcl2"", ""Ripk1"", ""Traf1"", ""Ikbkb"", ""Casp1"", ""Irf4"", ""Tnfsf10"", ""Myc"", ""Tnfrsf1b"", ""Lta"", ""Birc3"", ""Fasl"", ""Irf5"", ""Tnf"", ""Casp4"")"
"975","GOBP_NATURAL_KILLER_CELL_ACTIVATION","0.00246082735800208","0.0137552094523801","0.431707695803346","0.538638746515515","1.72357414834456","44","c(""Nkg7"", ""Irf1"", ""Il18r1"", ""Pglyrp1"", ""Tyrobp"", ""Axl"", ""Cd160"", ""Stx11"", ""Il15ra"", ""Rab27a"", ""Lgals9"", ""Gata3"", ""Il18"", ""Fgr"", ""Havcr2"", ""Id2"", ""Pbx1"", ""Il15"", ""Slamf7"")"
"976","GOCC_ORGANELLE_SUBCOMPARTMENT","2.10587668800084e-05","0.000253722748018589","0.575610261071129","0.434467620962709","1.72372736559661","190","c(""Ms4a6b"", ""Rsad2"", ""Ifi47"", ""B2m"", ""Irgm1"", ""Iigp1"", ""Igtp"", ""Mme"", ""Hspa5"", ""Calr"", ""Notch1"", ""Atp8b4"", ""Vamp5"", ""Ms4a6c"", ""Bcl2"", ""Ms4a6d"", ""Tgtp2"", ""Atp8a1"", ""Grn"", ""Esyt1"", ""Sgms1"", ""Rnf125"", ""Emc9"", ""Irgm2"", ""St6gal1"", ""Lpcat2"", ""Tgtp1"", ""Dst"", ""Dtnbp1"", ""Pld4"", ""Gm4951"", ""Furin"", ""Hsp90b1"", ""Xylt1"", ""Gsap"", ""Syt11"", ""Pdia3"", ""Chpt1"", ""Gm4841"", ""Agpat2"", ""Derl3"", ""Atf6"", ""Gramd1b"", ""Cdh1"", ""Wfs1"", ""Dnajb14"", ""Hmox1"", ""Sorl1"", ""Tbxas1"", ""Stard3nl"", ""Bcap29"", ""Mtdh"", ""Vkorc1"", ""F830016B08Rik"", 
""Ppp1r15a"", ""Stim1"")"
"977","GOBP_SIGNAL_TRANSDUCTION_IN_ABSENCE_OF_LIGAND","0.00862284890214567","0.0367946714686052","0.380730400722792","0.644257746384655","1.72470833488743","20","c(""Bcl2a1b"", ""Bcl2"", ""Ripk1"", ""Bcl2a1d"", ""Tnf"", ""Igf1"", ""Lcn2"", ""Bcl2a1a"", ""Il4"", ""Il1a"", ""Inhba"", ""Il1b"", ""Bcl2l11"", ""Prdx2"", ""Csf2"")"
"978","GOBP_NEGATIVE_REGULATION_OF_T_CELL_PROLIFERATION","0.00866417806643749","0.0369160930245312","0.380730400722792","0.561047432372403","1.72497012540258","35","c(""Slfn1"", ""Cd274"", ""Il2ra"", ""Btla"", ""Zbtb7b"", ""Vsir"", ""Cd44"", ""Cd86"", ""Cebpb"", ""Pdcd1lg2"", ""Ndfip1"", ""Lgals9"", ""Cblb"", ""Havcr2"")"
"979","GOBP_POSITIVE_REGULATION_OF_NF_KAPPAB_TRANSCRIPTION_FACTOR_ACTIVITY","0.00235782448752522","0.0133222890994652","0.431707695803346","0.501655068791056","1.7252685882345","64","c(""Rps3"", ""Trim30a"", ""Eif2ak2"", ""Trim30d"", ""Trim25"", ""Trim34a"", ""Il18r1"", ""Ripk1"", ""Traf1"", ""Cd40lg"", ""Il18rap"", ""Ikbkb"", ""Trim5"", ""Traf5"", ""Aim2"", ""Zbtb7a"", ""Tnfsf11"", ""Icam1"", ""Il18"", ""Malt1"", ""Capn3"", ""Ar"", ""Prkch"", ""Plcg2"", ""Mtdh"", ""Tnf"")"
"980","TABULA_MURIS_SENIS_TRACHEA_MACROPHAGE_AGEING","0.00472708761448374","0.0228775084127125","0.407017918923954","0.558689447816378","1.72640156775264","38","c(""Rpsa"", ""Rps3"", ""Rplp0"", ""Rpl3"", ""Rps3a1"", ""Ltb"", ""Prr13"", ""Ly6a"", ""Rpl4"", ""Cotl1"", ""Rpl14"", ""Capg"", ""Orai1"", ""Vasp"", ""Lgals3"")"
"981","GOBP_EXOCYTOSIS","0.00130538580707706","0.0083286796418912","0.45505986738723","0.472788167182192","1.7291647673632","94","c(""Nkg7"", ""P2rx7"", ""Orai1"", ""Snca"", ""Notch1"", ""Fcer1g"", ""Sytl1"", ""Rapgef4"", ""Syngr2"", ""Anxa1"", ""Ccl5"", ""Cd160"", ""Myo1f"", ""Dtnbp1"", ""Atp13a2"", ""Cd300a"", ""Stx11"", ""Anxa2"", ""Lyn"", ""Rab44"", ""Lat2"", ""Nr4a3"", ""Ccr2"", ""Spi1"", ""Syt11"", ""Rab27a"", ""Lgals9"", ""Fgr"", ""Hmox1"", ""Rab3il1"", ""Fes"", ""Milr1"", ""Hck"", ""Exoc3l4"", ""Ccl8"", ""Sytl2"", ""Steap3"", ""Rab11fip1"", ""Itgam"", ""Mical3"", ""Sytl3"", ""Anxa3"", ""Sdc4"", ""Lrrk2"", ""Atp2a2"", ""Cd177"", ""Myh10"", ""Camk2a"", ""Il4"")"
"982","GOBP_TRABECULA_MORPHOGENESIS","0.0079967176432753","0.0347960361791987","0.380730400722792","0.62792459027929","1.72941990481578","22","c(""Naca"", ""Chd7"", ""S1pr1"", ""Notch1"", ""Eng"", ""Heg1"", ""Nfatc1"", ""Slc40a1"", ""Fhl2"")"
"983","GOMF_IMMUNE_RECEPTOR_ACTIVITY","0.00102420325172791","0.00672060142867225","0.45505986738723","0.490853947422915","1.73026231323583","76","c(""Il6ra"", ""Cd74"", ""Il7r"", ""Il2ra"", ""Ccr7"", ""Fcer1g"", ""Il18r1"", ""Cd44"", ""Il18rap"", ""Cd160"", ""Ifnar2"", ""Ccr4"", ""Ebi3"", ""Ccrl2"", ""Csf2ra"", ""Il10ra"", ""Il27ra"", ""Il2rb"", ""Il17rb"", ""Il15ra"", ""Ccr2"", ""Fcgr3"", ""Il1r1"", ""Cxcr6"", ""Fcgr2b"", ""Ctsh"", ""Ifngr1"", ""Fcgr1"", ""Cxcr5"", ""Klrd1"", ""C5ar1"", ""Csf2rb"", ""Flt3"", ""Cmklr1"", ""Il12rb2"", ""Csf2rb2"", ""Lilrb4a"", ""Csf3r"", ""Mfsd6"")"
"984","MARSHALL_VIRAL_INFECTION_RESPONSE_DN","0.00971231593432125","0.0403331874607765","0.380730400722792","0.608201088340444","1.73028284490026","24","c(""Klf2"", ""Gzma"", ""Itgb7"", ""Dtx1"", ""Cd7"", ""Rasa3"", ""S1pr4"", ""Relb"", ""Il18rap"")"
"985","GOBP_NEGATIVE_REGULATION_OF_VASCULATURE_DEVELOPMENT","0.00441456026281149","0.0217131244487341","0.407017918923954","0.56051662744775","1.73204772017684","38","c(""Klf2"", ""Stat1"", ""Sema4a"", ""Pml"", ""Pde3b"", ""Pparg"", ""Cd160"", ""Atp2b4"", ""Hhex"", ""Ccr2"", ""Fasl"", ""Cxcl10"")"
"986","GOBP_AMYLOID_BETA_CLEARANCE","0.00440721003067345","0.0216955789921993","0.407017918923954","0.638447755044982","1.73239690230412","21","c(""Mme"", ""Apoe"", ""Tnf"", ""Ifngr1"", ""Lrp1"", ""Trem2"", ""Ide"", ""C3"", ""Cyp51"", ""C5ar1"", ""Itgam"", ""App"", ""Il4"", ""Clu"")"
"987","TABULA_MURIS_SENIS_MESENTERIC_ADIPOSE_TISSUE_CD4_POSITIVE_ALPHA_BETA_T_CELL_AGEING","0.0058101780531428","0.0270465674795243","0.407017918923954","0.565900580969705","1.73334935500416","34","c(""Ltb"", ""B2m"", ""Smad7"", ""Prr13"", ""Cotl1"", ""Lgmn"", ""Junb"", ""Ier2"", ""Ctsb"", ""Grn"", ""Cst3"", ""Hexb"", ""Cebpb"", ""Nrp1"", ""Dusp5"", ""C1qa"")"
"988","YU_MYC_TARGETS_DN","0.00564748811530433","0.0264514821478038","0.407017918923954","0.578814122508849","1.73425041717597","30","c(""Klf2"", ""Ifi203"", ""Ltb"", ""Blk"", ""Cd74"", ""Gbp3"", ""Unc93b1"", ""Pld4"", ""Il10ra"", ""Mgst1"", ""Gns"", ""Ctsh"", ""Cmah"", ""Klf3"", ""Dgka"", ""Abca1"", ""Ighd"", ""Csprs"")"
"989","ONO_AML1_TARGETS_UP","0.00433314103211975","0.021459899671163","0.407017918923954","0.639224969225148","1.73450583514554","21","c(""Gzma"", ""Nkg7"", ""Sema4a"", ""Gadd45b"", ""Fos"", ""P2ry14"", ""Pdcd1lg2"", ""Pdcd1"", ""Fasl"", ""Havcr2"", ""Cxcr6"", ""Slamf7"")"
"990","GOBP_POSITIVE_REGULATION_OF_OSSIFICATION","0.0080332672781937","0.0349285730405162","0.380730400722792","0.649105109732691","1.73768495490558","20","c(""Isg15"", ""P2rx7"", ""Smad3"", ""Runx2"")"
"991","GOBP_REGULATION_OF_ENDOCYTOSIS","0.000281161089169223","0.00233689687881955","0.49849310876659","0.471338996862718","1.73775904834261","104","c(""B2m"", ""Itgb3"", ""Calr"", ""Ccr7"", ""Snca"", ""Fcer1g"", ""Apoe"", ""Aak1"", ""Unc119"", ""Ighm"", ""Lgals3"", ""Cd63"", ""Pparg"", ""Axl"", ""Lbp"", ""Trf"", ""Ldlrap1"", ""Dtnbp1"", ""Ehd4"", ""Cd300a"", ""Anxa2"", ""Eef2k"", ""Il2rb"", ""Il15ra"", ""Hip1r"", ""Fcgr3"", ""Syt11"", ""Rab27a"", ""Plscr1"", ""Ppp3ca"", ""Fgr"", ""Cfp"", ""Bmp2k"", ""Fcgr2b"", ""Plcg2"", ""Tnf"", ""Il15"", ""Lrp1"", ""Hck"", ""Mctp1"", ""Nr1h3"", ""Hfe"", ""Trem2"", ""Sirpa"", ""Fcgr1"", ""C3"", ""Slc11a1"", ""Plk2"", ""Cd300lf"", ""Alox15"")"
"992","GOBP_TYPE_II_INTERFERON_PRODUCTION","0.00126770802393845","0.00811418026482925","0.45505986738723","0.497724059039835","1.73976537296623","73","c(""Isg15"", ""Irgm1"", ""Gimap3"", ""Runx3"", ""Gimap5"", ""Cd274"", ""Irf8"", ""Ccr7"", ""Il18r1"", ""Vsir"", ""Nfkbiz"", ""Cd40lg"", ""Arid5a"", ""Pglyrp1"", ""Il18rap"", ""Axl"", ""Cd160"", ""Gadd45g"", ""Il27ra"", ""Bcl3"", ""Pdcd1lg2"", ""Ccr2"", ""Runx1"", ""Lta"", ""Lgals9"", ""Gata3"", ""Il18"", ""Havcr2"", ""Il1r1"", ""Rnf19b"")"
"993","GOBP_CELL_KILLING","0.000146795819491933","0.00135786133030038","0.518848077743792","0.466065501392774","1.74035492356832","109","c(""Gzma"", ""Nkg7"", ""B2m"", ""Gimap3"", ""Igtp"", ""Gbp7"", ""P2rx7"", ""Gbp2"", ""Gimap5"", ""Clec2d"", ""Il7r"", ""Rps19"", ""Gbp3"", ""Camp"", ""Gbp5"", ""Lgals3"", ""Irgm2"", ""Ninj1"", ""Pglyrp1"", ""Tyrobp"", ""Il18rap"", ""Cd160"", ""Stx11"", ""Serpinb9"", ""Ctsc"", ""Cd55"", ""Spi1"", ""Fcgr3"", ""Rab27a"", ""Lgals9"", ""Il18"", ""Cxcl10"", ""Havcr2"", ""Rnf19b"")"
"994","GOBP_MEMBRANE_INVAGINATION","0.00519725879900611","0.0246945146746479","0.407017918923954","0.599384950667982","1.74190782911893","27","c(""Fcer1g"", ""Pparg"", ""Lbp"", ""Cd300a"", ""Aif1"", ""Fcgr3"", ""Syt11"", ""Fcgr2b"", ""Plcg2"", ""Trem2"", ""Sirpa"", ""Fcgr1"", ""Abca1"", ""Snx18"", ""C3"", ""Alox15"", ""Itgam"", ""Treml4"", ""Siglece"")"
"995","GOBP_VIRAL_PROCESS","5.1247241160119e-05","0.000551412622989273","0.557332238758646","0.459768928757861","1.74230704076886","128","c(""Isg15"", ""Bst2"", ""Trim30a"", ""Isg20"", ""Stat1"", ""Rsad2"", ""Eef1a1"", ""Sp100"", ""Oas3"", ""Gbp7"", ""Oasl2"", ""Eif2ak2"", ""Ifih1"", ""Ifitm3"", ""Oasl1"", ""Itgb3"", ""Lgals1"", ""Trim30d"", ""Apobec3"", ""Trim25"", ""Cd74"", ""Notch1"", ""Oas1a"", ""Apoe"", ""Trim34a"", ""Bcl2"", ""Ctsb"", ""Gbp3"", ""Ifitm2"", ""Slpi"", ""Fam111a"", ""Ccl5"", ""Axl"", ""Trim5"", ""Mvb12a"", ""Oas2"", ""Furin"", ""Dynlt1f"", ""Nrp1"", ""Icam1"", ""Ly6e"")"
"996","GOCC_PROTEIN_COMPLEX_INVOLVED_IN_CELL_ADHESION","0.00911920929827684","0.0386723015250041","0.380730400722792","0.612522012538422","1.74257552434001","24","c(""Itgb7"", ""Itgb3"", ""Lgals1"", ""Itgae"", ""Itga4"", ""Plaur"", ""Lyn"", ""Itgal"", ""Itga9"")"
"997","GOBP_ALPHA_BETA_T_CELL_DIFFERENTIATION","0.000732030050439478","0.00512599797224714","0.477270815362862","0.496807201102502","1.74306519080246","74","c(""Rsad2"", ""Smad7"", ""Gimap3"", ""Igtp"", ""Runx3"", ""Il6ra"", ""Irf1"", ""Gpr18"", ""Gimap5"", ""Batf"", ""Ccr7"", ""Sema4a"", ""Il18r1"", ""Relb"", ""Bcl2"", ""Rora"", ""Zbtb7b"", ""Nfkbiz"", ""Anxa1"", ""Prr7"", ""Stat4"", ""Nfkbid"", ""Gadd45g"", ""Irf4"", ""Gpr183"", ""Bcl3"", ""Cd83"", ""Ccr2"", ""Tnfsf8"", ""Fosl2"", ""Runx1"", ""Gata3"", ""Il18"", ""Malt1"", ""Foxp1"")"
"998","GOCC_PRESYNAPSE","3.50219024851826e-05","0.000395375218016777","0.557332238758646","0.444467579151094","1.74324464638515","180","c(""Rps5"", ""Rpl17"", ""Rpl13"", ""Rpl10"", ""Rps10"", ""Rpl9"", ""Rpl10a"", ""Rpl32"", ""Rpl8"", ""Rps14"", ""Rps16"", ""Rpl23"", ""Rpl27a"", ""Mme"", ""Rpl29"", ""Rpl4"", ""P2rx7"", ""Rps12"", ""Rpl26"", ""Rps27a"", ""Rpl14"", ""Rps6"", ""Rpl7a"", ""Snca"", ""Rpl5"", ""Aak1"", ""Myo6"", ""Atp8a1"", ""Rpl28"", ""Rapgef4"", ""Syngr2"", ""Psen2"", ""Atp2b4"", ""Blvrb"", ""Dtnbp1"", ""Slc2a3"")"
"999","GOBP_CERAMIDE_METABOLIC_PROCESS","0.00603508510914652","0.0278673213373231","0.407017918923954","0.606735660423268","1.74479873904818","25","c(""Gm2a"", ""P2rx7"", ""Sgms1"", ""Hexb"", ""B4galnt1"", ""St8sia4"", ""St6galnac3"", ""St6galnac4"", ""Asah1"", ""St8sia6"", ""B4galt5"", ""Fut7"", ""B4galt4"", ""Prkcd"", ""Cers4"")"
"1000","GOBP_CARTILAGE_DEVELOPMENT","0.0032176595962586","0.0170233189894309","0.431707695803346","0.527059262390624","1.74483504312135","51","c(""Anxa6"", ""Smad7"", ""Maf"", ""Runx3"", ""Ecm1"", ""Arid5a"", ""Smad3"", ""Zbtb7a"", ""Runx2"", ""Sox5"", ""Fosl2"", ""Runx1"", ""Rarg"", ""Gata3"", ""Nfatc2"", ""Smad1"", ""Trps1"", ""Thra"")"
"1001","GOCC_MULTIVESICULAR_BODY","0.00688573498236854","0.0309723059795165","0.407017918923954","0.697318311086148","1.74513148002393","16","c(""Bst2"", ""Cd74"", ""Apoe"", ""Cst7"", ""Cst3"", ""Cd63"", ""Atp13a2"", ""Rab27a"", ""Cd79a"", ""Sorl1"")"
"1002","GOBP_DEFENSE_RESPONSE_TO_GRAM_POSITIVE_BACTERIUM","0.00444906301744162","0.0217522390494695","0.407017918923954","0.530462095171453","1.74553573089402","50","c(""B2m"", ""Gbp7"", ""Gbp9"", ""P2rx7"", ""Gbp2"", ""Il7r"", ""Gbp3"", ""Camp"", ""Pglyrp1"", ""Lbp"", ""Myo1f"", ""Il27ra"", ""Tnfsf8"", ""Lta"", ""Ear2"", ""Il18"", ""Fgr"", ""Mpeg1"", ""Havcr2"", ""Tnf"", ""Dmbt1"", ""Casp4"", ""Rnase6"", ""Hck"", ""Ncf1"")"
"1003","GOBP_REGULATION_OF_T_HELPER_1_TYPE_IMMUNE_RESPONSE","0.00702774779093472","0.0314139778495796","0.407017918923954","0.633805524307123","1.74561707964233","22","c(""Irf1"", ""Ccr7"", ""Il18r1"", ""Arid5a"", ""Anxa1"", ""Il27ra"", ""Ccr2"", ""Il18"", ""Havcr2"", ""Il1r1"", ""Pla2g4a"")"
"1004","GOCC_GOLGI_APPARATUS","3.68770122569081e-07","7.49963352104142e-06","0.674962860011025","0.413763487553333","1.74627377363473","328","c(""Ms4a4b"", ""Bst2"", ""Ms4a6b"", ""Rsad2"", ""B2m"", ""Irgm1"", ""Iigp1"", ""Igtp"", ""Srgn"", ""Mme"", ""Rps12"", ""Lfng"", ""Gbp2"", ""Cd74"", ""Notch1"", ""Apoe"", ""Atp8b4"", ""Cst7"", ""Gm8369"", ""Vamp5"", ""Ms4a6c"", ""Gbp3"", ""Pmepa1"", ""Myo6"", ""Ms4a6d"", ""Pde3b"", ""Ms4a4c"", ""Atp8a1"", ""Gbp5"", ""Grn"", ""Cst3"", ""Tmed3"", ""Sgms1"", ""Lax1"", ""Rnf125"", ""St3gal5"", ""Cd40lg"", ""Irgm2"", ""Cd44"", ""Adam19"", ""St6gal1"", ""Slpi"", ""B4galnt1"", ""Faah"", ""Lpcat2"", ""Golim4"", ""Psen2"", ""St8sia4"", ""Glipr2"", ""Gfra1"", ""Pld4"", ""Rnf149"", ""Furin"", ""Stx11"", ""Chst15"", 
""Xylt1"", ""Lyn"", ""Tmem50b"", ""Pdgfrb"", ""Gsap"", ""Serpinb9"", ""Syt11"", ""Ndfip1"", ""St6galnac3"", ""Sdc3"", ""Rab27a"", ""Tpst2"", ""Plscr1"", ""Chpt1"", ""Dapk2"", ""Atf6"", ""Smo"", ""Cdh1"", ""Rras2"", ""Sorl1"", ""Cfp"", ""Sema6d"", ""Litaf"", ""St6galnac4"", ""Fam20a"", ""Pla2g4a"", ""Fes"", ""Ldlrad4"", ""Pcgf5"", ""Lrp1"", ""Ms4a4a"", ""Hck"", ""Ppp1r15a"", ""Gnpnat1"", ""St3gal4"", ""Pde2a"", ""Rnf144a"", ""St8sia6"", ""Mfng"", ""Galnt3"", ""Zdhhc3"")"
"1005","GOBP_NEGATIVE_REGULATION_OF_POST_TRANSLATIONAL_PROTEIN_MODIFICATION","0.00498552000711266","0.0238465031199259","0.407017918923954","0.570201998291125","1.74652456490925","34","c(""Isg15"", ""Rps3"", ""Rps7"", ""Rpl11"", ""Smad7"", ""Rpl23"", ""Dtx3l"", ""Rpl5"")"
"1006","GOBP_TISSUE_HOMEOSTASIS","0.000640995642986638","0.00458940076470458","0.477270815362862","0.4932203222637","1.74714635777052","79","c(""Ctss"", ""Cd7"", ""P2rx7"", ""S1pr1"", ""Itgb3"", ""Notch1"", ""Bcl2"", ""Nfkbiz"", ""Snx10"", ""Stk39"", ""Ubash3b"", ""Zeb2"", ""Trf"", ""Tmem64"", ""Nfix"", ""Pdgfrb"", ""Adora2a"", ""Tnfsf11"", ""Il10ra"", ""Ccr2"", ""Fosl2"", ""Lrrk1"", ""Smo"", ""Cd38"")"
"1007","GOCC_RUFFLE","0.00309774838806041","0.0165261274470014","0.431707695803346","0.528062963828134","1.74815780692794","51","c(""Rps3"", ""Eef1a1"", ""S100a6"", ""Tesc"", ""Itgb3"", ""Lcp1"", ""Pecam1"", ""Frmd4b"", ""Actn1"", ""Myo6"", ""S100a11"", ""Anxa2"", ""Pdgfrb"", ""Aif1"", ""Hip1r"", ""Arhgap18"", ""Fgr"", ""Plcg2"", ""Fscn1"", ""C2cd5"", ""Cyth3"", ""Tiam1"", ""Pdlim7"", ""Fgd2"", ""Cdk6"", ""Scimp"")"
"1008","GOBP_TYPE_I_INTERFERON_PRODUCTION","0.0023427102279898","0.0133156027329252","0.431707695803346","0.521545259295659","1.74865565367869","53","c(""Isg15"", ""Irf7"", ""Stat1"", ""Xaf1"", ""Irf9"", ""Irgm1"", ""Oas3"", ""Igtp"", ""Gbp7"", ""Ifih1"", ""Irf1"", ""Dhx58"", ""Irf8"", ""Oas1a"", ""Relb"", ""Gbp3"", ""Rel"", ""Rnf125"", ""Irgm2"", ""Tyrobp"")"
"1009","GOBP_REGULATION_OF_VESICLE_MEDIATED_TRANSPORT","6.56924183471622e-05","0.000682510904385825","0.538434096309916","0.448264999276733","1.7487342555331","157","c(""B2m"", ""P2rx7"", ""Actn2"", ""Itgb3"", ""Calr"", ""Ccr7"", ""Snca"", ""Notch1"", ""Fcer1g"", ""Apoe"", ""Aak1"", ""Unc119"", ""Ighm"", ""Ehd1"", ""Lgals3"", ""Rapgef4"", ""Anxa1"", ""Cd63"", ""Pparg"", ""Axl"", ""Tbc1d4"", ""Cd160"", ""Lbp"", ""Trf"", ""Inpp5f"", ""Ldlrap1"", ""Dtnbp1"", ""Atp13a2"", ""Ehd4"", ""Cd300a"", ""Anxa2"", ""Lyn"", ""Eef2k"", ""Il2rb"", ""Il15ra"", ""Ccr2"", ""Hip1r"", ""Spi1"", ""Fcgr3"", ""Syt11"", ""Rab27a"", ""Lgals9"", ""Plscr1"", ""Ppp3ca"", ""Fgr"", ""Hmox1"", ""Sorl1"", ""Cfp"", ""Bmp2k"", ""Fcgr2b"", ""Plcg2"", ""Tnf"", ""Pla2g4a"", ""Fes"", ""Il15"", ""Lrp1"", ""Hck"", 
""Mctp1"", ""C2cd5"", ""Nr1h3"", ""Hfe"", ""Trem2"", ""Sirpa"", ""Fcgr1"")"
"1010","GOBP_TUMOR_NECROSIS_FACTOR_MEDIATED_SIGNALING_PATHWAY","0.00473528910006443","0.0228978777309186","0.407017918923954","0.601806228248189","1.7489444461857","27","c(""Stat1"", ""Ripk1"", ""Traf1"", ""Ikbkb"", ""Casp1"", ""Traf5"", ""Aim2"", ""Tnfsf11"", ""Tnfsf13b"", ""Tnf"", ""Krt8"", ""Txndc17"", ""Naip2"")"
"1011","DELACROIX_RARG_BOUND_MEF","0.000155451116213952","0.00142414081707191","0.518848077743792","0.463542667810755","1.75099109676384","120","c(""Zbp1"", ""Rpl19"", ""Rpl10a"", ""Ifi27"", ""Pdlim4"", ""S100a4"", ""Calr"", ""Fth1"", ""Add3"", ""Pitpnc1"", ""Rilpl2"", ""Junb"", ""Gpr146"", ""Ctsb"", ""Anxa1"", ""Osbpl3"", ""Dst"", ""Skil"", ""Sat1"", ""Cebpb"", ""Furin"", ""Ppm1l"", ""Avpi1"", ""Nrp1"", ""Clcf1"", ""Bhlhe40"", ""Ndfip1"", ""Rarg"", ""Tpst2"", ""Ckb"", ""Tgfb3"", ""Fam20a"", ""Sgk1"", ""Fscn1"", ""Lrp1"")"
"1012","GOBP_NEGATIVE_REGULATION_OF_LEUKOCYTE_MEDIATED_IMMUNITY","0.00476061366809795","0.0230009430383671","0.407017918923954","0.571798290025892","1.75141399485844","34","c(""Bst2"", ""Smad7"", ""Clec2d"", ""Il7r"", ""Vsir"", ""Cd300a"", ""Ahr"", ""Serpinb9"", ""Ccr2"", ""Spi1"", ""Ndfip1"", ""Lgals9"", ""Hmox1"", ""Havcr2"", ""Fcgr2b"", ""Foxp3"", ""Hfe"")"
"1013","GOCC_PLASMA_MEMBRANE_PROTEIN_COMPLEX","5.86315877825662e-05","0.00061738670947993","0.557332238758646","0.453454218647454","1.75289316021471","145","c(""Trac"", ""Trbc1"", ""Trbc2"", ""Itgb7"", ""B2m"", ""Gng2"", ""Il6ra"", ""Itgb3"", ""Atp1b3"", ""Itgae"", ""Cd74"", ""Fcer1g"", ""Il18r1"", ""Ncf4"", ""Ripk1"", ""Ighm"", ""Traf1"", ""Ahnak"", ""Il18rap"", ""Itga4"", ""Ikbkb"", ""Psen2"", ""Trf"", ""Gfra1"", ""Traf5"", ""Acvrl1"", ""Anxa2"", ""Gna15"", ""Lyn"", ""Ramp3"", ""Csf2ra"", ""Cd79b"", ""Gria3"", ""Ncf2"", ""Cdh1"", ""Scn1b"", ""Cd79a"", ""Itgal"", ""Gna14"", ""Cybb"", ""Itga9"", ""Gnb4"", ""Cd3d"", ""Krt8"", ""Ncf1"", ""Hfe"", ""Vcam1"")"
"1014","TABULA_MURIS_SENIS_KIDNEY_KIDNEY_COLLECTING_DUCT_PRINCIPAL_CELL_AGEING","1.80803032946866e-05","0.00022324659046391","0.575610261071129","0.445014365769006","1.75392334357494","185","c(""Rps5"", ""Klf2"", ""Rpsa"", ""Rpl13"", ""Rpl18a"", ""Rps3"", ""Rpl10"", ""Rpl21"", ""Rps4x"", ""Rpl19"", ""Rplp0"", ""Rps10"", ""Rpl9"", ""Rps7"", ""Rps18"", ""Tmsb4x"", ""Rpl32"", ""Rps3a1"", ""B2m"", ""Rps20"", ""Smad7"", ""Ifi27"", ""Rps16"", ""Rpl23"", ""Samd9l"", ""Rpl27a"", ""Rplp1"", ""Irf1"", ""Rps12"", ""Rps27a"", ""Rpl14"", ""Cd74"", ""Rps19"", ""Junb"", ""Rpl5"", ""Apoe"", ""Ier2"", ""Zfp36l1"", ""Pde3b"", ""S100a11"", ""Ahnak"", ""Ncoa7"", ""Rps8"", ""Mvb12a"", ""Napsa"", ""Iqgap2"", ""Gadd45b"", ""Rrad"", ""Tpm4"", ""Rbpms"", ""Cebpb"", ""Hsp90b1"", ""Fos"", ""Pgls"", ""Ly6e"", ""Nenf"", ""Serpinb9""
)"
"1015","GOBP_VENTRICULAR_CARDIAC_MUSCLE_TISSUE_MORPHOGENESIS","0.00626330261327391","0.0287294310238767","0.407017918923954","0.700935790795783","1.75418470237485","16","c(""Smad7"", ""Chd7"", ""Notch1"", ""Eng"", ""Heg1"", ""Ly6e"", ""Smad4"")"
"1016","GOBP_VENTRICULAR_CARDIAC_MUSCLE_TISSUE_DEVELOPMENT","0.00928598385950162","0.0390755213715304","0.380730400722792","0.659941992672673","1.75432445079713","19","c(""Smad7"", ""Chd7"", ""Notch1"", ""Eng"", ""Heg1"", ""Ly6e"", ""Id2"", ""Smad4"")"
"1017","VILIMAS_NOTCH1_TARGETS_DN","0.00776011403231453","0.0340506916414107","0.407017918923954","0.670882687856842","1.75448726476115","18","c(""Ncf4"", ""Camp"", ""Pglyrp1"", ""Matk"", ""Csf2ra"", ""Ncf2"", ""Lrrc25"", ""Csf1r"", ""Ccl6"", ""Trem2"", ""Lyz2"", ""Gfi1b"", ""Itgam"", ""Csf3r"")"
"1018","GOBP_POSITIVE_REGULATION_OF_ALPHA_BETA_T_CELL_ACTIVATION","0.00435031510306164","0.0215263650699383","0.407017918923954","0.551959974067432","1.75522029980813","42","c(""Irgm1"", ""Gimap3"", ""Runx3"", ""Irf1"", ""Gimap5"", ""Ccr7"", ""Zbtb7b"", ""Nfkbiz"", ""Anxa1"", ""Cd160"", ""Nfkbid"", ""Cd55"", ""Cd83"", ""Ccr2"", ""Runx1"", ""Il18"", ""Malt1"")"
"1019","GOMF_LIPID_TRANSPORTER_ACTIVITY","0.00271206187776541","0.0148412928139166","0.431707695803346","0.559878385327882","1.75597770920068","40","c(""Gm2a"", ""Pitpnc1"", ""Apoe"", ""Atp8b4"", ""Atp8a1"", ""Esyt1"", ""Osbpl3"", ""Plscr1"", ""Pltp"", ""Gramd1b"", ""Prelid2"", ""Fabp4"", ""Abca1"", ""Slc22a2"")"
"1020","GOCC_ACTOMYOSIN","0.00583029176727691","0.0271181859572856","0.407017918923954","0.656607774901062","1.75776994297499","20","c(""Pdlim4"", ""Lcp1"", ""Actn1"", ""Hdac4"", ""Dst"", ""Tpm4"", ""Anxa2"", ""Lpp"", ""Zyx"", ""Ablim1"", ""Fscn1"", ""Pdlim7"", ""Synpo2"")"
"1021","GOBP_NEGATIVE_REGULATION_OF_CELL_CELL_ADHESION","0.000434538829240746","0.0033450740747593","0.49849310876659","0.481022794532811","1.75815904162073","92","c(""Slfn1"", ""Smad7"", ""Dtx1"", ""Gimap3"", ""Runx3"", ""Irf1"", ""Gimap5"", ""Cd274"", ""Cd74"", ""Cd9"", ""Il2ra"", ""Notch1"", ""Btla"", ""Dapl1"", ""Lgals3"", ""Zbtb7b"", ""Swap70"", ""Vsir"", ""Lax1"", ""Anxa1"", ""Ubash3b"", ""Cd44"", ""Nfkbid"", ""Cd86"", ""Cd300a"", ""Cebpb"", ""Adora2a"", ""Pdcd1lg2"", ""Spi1"", ""Ass1"", ""Ndfip1"", ""Runx1"", ""Lgals9"", ""Cblb"", ""Cdh1"", ""Havcr2"")"
"1022","GOBP_REGULATION_OF_ALPHA_BETA_T_CELL_ACTIVATION","0.000909314819059895","0.00609932220737836","0.477270815362862","0.5077718192613","1.75860183502518","68","c(""Irgm1"", ""Smad7"", ""Gimap3"", ""Runx3"", ""Irf1"", ""Gimap5"", ""Cd274"", ""Il2ra"", ""Ccr7"", ""Btla"", ""Dapl1"", ""Zbtb7b"", ""Vsir"", ""Nfkbiz"", ""Anxa1"", ""Cd44"", ""Cd160"", ""Nfkbid"", ""Cd300a"", ""Adora2a"", ""Cd55"", ""Cd83"", ""Ccr2"", ""Ndfip1"", ""Runx1"", ""Lgals9"", ""Gata3"", ""Il18"", ""Malt1"", ""Cblb"")"
"1023","chr11B1","0.00265807457610054","0.0146155874342633","0.431707695803346","0.531975396633491","1.7611099554808","51","c(""Ifi47"", ""Anxa6"", ""Irgm1"", ""Gm2a"", ""Igtp"", ""Pdlim4"", ""Irf1"", ""Tgtp2"", ""Psme2b"", ""Gm12216"", ""Irgm2"", ""Adam19"", ""Slc36a3os"", ""Hint1"", ""Tgtp1"")"
"1024","GOBP_REGULATION_OF_PLATELET_ACTIVATION","0.00738452936638021","0.0326776820340976","0.407017918923954","0.673552087776385","1.76146825897693","18","c(""Il6ra"", ""Pdgfa"", ""Cd9"", ""Fcer1g"", ""Apoe"", ""Ubash3b"", ""Lyn"", ""Pla2g4a"")"
"1025","GOBP_MEMBRANE_LIPID_METABOLIC_PROCESS","0.00280319992737517","0.0152468677421318","0.431707695803346","0.542199610435938","1.76149538409104","46","c(""Gm2a"", ""P2rx7"", ""Smpdl3a"", ""Sgms1"", ""Hexb"", ""B4galnt1"", ""St8sia4"", ""Naaa"", ""St6galnac3"", ""St6galnac4"", ""Crem"", ""Asah1"", ""Elovl5"", ""St3gal4"", ""St8sia6"", ""Elovl6"", ""Naga"", ""St3gal6"", ""B4galt5"", ""Enpp2"", ""Smpdl3b"", ""Fut7"", ""Hacd4"", ""B4galt4"", ""Spns2"", ""Prkcd"", ""Cers4"")"
"1026","TABULA_MURIS_SENIS_BRAIN_NON_MYELOID_ENDOTHELIAL_CELL_AGEING","1.94027687393926e-05","0.000235751861695798","0.575610261071129","0.451142771350399","1.76399846903217","167","c(""Rps5"", ""Klf2"", ""Rpsa"", ""Bst2"", ""Rpl13"", ""Rpl18a"", ""Rps3"", ""Rpl9"", ""Rps7"", ""Rps18"", ""Tmsb4x"", ""AW112010"", ""Rpl3"", ""Rpl32"", ""Rpl11"", ""B2m"", ""Rps20"", ""Smad7"", ""Ifi27"", ""Gm2a"", ""Prr13"", ""S100a6"", ""Fxyd5"", ""Ly6a"", ""Ifitm3"", ""Rplp1"", ""Psmb9"", ""Rpl14"", ""Fth1"", ""Capg"", ""Cd74"", ""Cd9"", ""Smco4"", ""Crip1"", ""Apoe"", ""Ier2"", ""Vamp5"", ""S100a11"", ""Ifitm2"", ""Cst3"", ""Tmed3"", ""Tmem176b"")"
"1027","GOBP_NEGATIVE_REGULATION_OF_LEUKOCYTE_CELL_CELL_ADHESION","0.000493053225236728","0.0037206055878061","0.477270815362862","0.502788447152815","1.76405059875305","74","c(""Slfn1"", ""Smad7"", ""Dtx1"", ""Gimap3"", ""Runx3"", ""Irf1"", ""Gimap5"", ""Cd274"", ""Cd74"", ""Il2ra"", ""Btla"", ""Dapl1"", ""Lgals3"", ""Zbtb7b"", ""Vsir"", ""Lax1"", ""Anxa1"", ""Cd44"", ""Nfkbid"", ""Cd86"", ""Cd300a"", ""Cebpb"", ""Adora2a"", ""Pdcd1lg2"", ""Ass1"", ""Ndfip1"", ""Runx1"", ""Lgals9"", ""Cblb"", ""Havcr2"")"
"1028","GOBP_T_CELL_ACTIVATION","1.13208406891028e-06","2.03526712702208e-05","0.643551836150722","0.426540631925422","1.76477736529637","270","c(""Rps3"", ""Rsad2"", ""Slfn1"", ""Nkg7"", ""B2m"", ""Irgm1"", ""Smad7"", ""Dtx1"", ""Gimap3"", ""Igtp"", ""Runx3"", ""Ctla2a"", ""Il6ra"", ""P2rx7"", ""Chd7"", ""Irf1"", ""Lgals1"", ""Lfng"", ""Gpr18"", ""Gimap5"", ""Rps6"", ""Cd274"", ""Batf"", ""Zfp36l2"", ""Cd48"", ""Cd74"", ""Il7r"", ""Il2ra"", ""Ccr7"", ""Sox13"", ""Fcer1g"", ""Lcp1"", ""Sema4a"", ""Il18r1"", ""Relb"", ""Btla"", ""Dapl1"", ""Bcl2"", ""Zfp36l1"", ""Lgals3"", ""Rora"", ""Bcl2a1d"", ""Zbtb7b"", ""Vsir"", ""Lax1"", ""Icos"", ""Nfkbiz"", ""Cd40lg"", ""Anxa1"", ""Cd44"", ""Prr7"", ""Stat4"", ""Ccl5"", ""Cd160"", ""Nfkbid"", ""Tnfrsf4"", ""Psen2"", 
""Cd86"", ""Smad3"", ""Dpp4"", ""Cd300a"", ""Cebpb"", ""Gadd45g"", ""Irf4"", ""Ifnar2"", ""Stx11"", ""Ebi3"", ""Runx2"", ""Gpr183"", ""Adora2a"", ""Myc"", ""Tnfsf11"", ""Icam1"", ""Tnfrsf1b"", ""Bcl3"", ""Aif1"", ""Pdcd1lg2"", ""Cd55"", ""Treml2"", ""Cd83"", ""Ccr2"", ""Spi1"", ""Tnfsf8"", ""Ndfip1"", ""Fosl2"", ""Rab27a"", ""Runx1"", ""Lgals9"", ""Gata3"", ""Ppp3ca"", ""Il18"", ""Malt1"", ""Cblb"", ""Foxp1"", ""Dusp10"", ""Itgal"", ""Havcr2"")"
"1029","GOBP_GLAND_MORPHOGENESIS","0.00229842671328478","0.0131028600404456","0.431707695803346","0.555245195798459","1.76529840941889","43","c(""Pdgfa"", ""Nfkb1"", ""Etv5"", ""Notch1"", ""Pml"", ""Bcl2"", ""Cd44"", ""Cebpb"", ""Nrp1"", ""Rarg"", ""Il18"", ""Smo"", ""Cdh1"", ""Ar"", ""Hgf"", ""Tnf"", ""Igf1"", ""Pdgfb"", ""Sulf2"", ""Rxfp1"", ""Ntn4"")"
"1030","KATSANOU_ELAVL1_TARGETS_UP","0.00093121915700661","0.00622440776856982","0.477270815362862","0.515080933043","1.76591537319301","65","c(""Irgm1"", ""Ctss"", ""Rplp1"", ""Psme2"", ""Cd52"", ""Apoe"", ""Eng"", ""Lpcat2"", ""Sat1"", ""Gatm"", ""C1qa"", ""C1qb"", ""Ctsc"", ""Mpeg1"", ""Ankrd44"", ""Cybb"", ""Ablim1"", ""Ctsh"", ""Ifi44"", ""Pcgf5"", ""C1qc"", ""Sytl2"", ""Igf1"", ""Lyz2"", ""Pdgfb"", ""Csprs"", ""Ccl17"", ""Spsb1"", ""Cd200"", ""Ntn4"", ""Slc7a7"", ""Slamf9"", ""Tnnt2"", ""Nfkbie"", ""Notch3"", ""Cers4"", ""C3ar1"")"
"1031","PLASARI_TGFB1_SIGNALING_VIA_NFIC_1HR_UP","0.00288632637318204","0.0155720430387573","0.431707695803346","0.69058206293881","1.76647258586211","17","c(""Ctla2a"", ""Evi2a"", ""Ctla2b"", ""Ahr"", ""Ifitm6"", ""Nr4a2"", ""Oxct1"", ""Cyp51"", ""Ephb2"", ""Fli1"")"
"1032","chr7E3","0.00728135230936492","0.0323208633856097","0.407017918923954","0.664819957340933","1.76729154909163","19","c(""Trim30a"", ""Rpl27a"", ""Trim30d"", ""Trim34a"", ""Swap70"", ""Trim5"", ""Lmo1"", ""Trim30c"")"
"1033","GALINDO_IMMUNE_RESPONSE_TO_ENTEROTOXIN","0.00194015951613678","0.0114355753597579","0.45505986738723","0.534190098378283","1.76775711335035","52","c(""Pdgfa"", ""Nfkb1"", ""Junb"", ""Glrx"", ""Ehd1"", ""Traf1"", ""Cd44"", ""Il18rap"", ""Ccl5"", ""Dusp2"", ""Nfkb2"", ""Gadd45b"", ""Plaur"", ""Cebpb"", ""Ccl4"", ""Bcl3"", ""Phlda1"", ""Cd83"", ""Bhlhe40"", ""Ccl3"", ""Ier3"", ""Tnf"", ""Socs3"", ""Pdlim7"", ""Slfn4"", ""Slc11a1"", ""Csf2rb"", ""Rhob"", ""Pim1"", ""Pcdh7"", ""Lilrb4a"", ""Rreb1"")"
"1034","GOBP_FAT_CELL_DIFFERENTIATION","0.000345578042397575","0.00276029258098899","0.49849310876659","0.496823938003439","1.76937929615734","81","c(""Plac8"", ""Zfp36l2"", ""Sox13"", ""Zfp36l1"", ""Foxo1"", ""Gpx1"", ""Rora"", ""Zbtb7b"", ""Pparg"", ""Nr4a1"", ""Arid5b"", ""Smad3"", ""Tmem64"", ""Cebpb"", ""Zbtb7a"", ""Nr4a3"", ""Fosl2"", ""Dusp10"", ""Id2"", ""Tnf"", ""Egr2"", ""Nr4a2"", ""Metrnl"", ""Ffar2"", ""Creb5"", ""Fabp4"", ""Dkkl1"", ""Mmp11"", ""Nucb2"", ""Zc3h12a"", ""Lpl"", ""Tfe3"", ""Igf1"")"
"1035","KUMAR_TARGETS_OF_MLL_AF9_FUSION","8.72561850588249e-06","0.000118517360549271","0.593325476396405","0.441026663355068","1.77160494609666","204","c(""Isg15"", ""Trac"", ""Trbc1"", ""Ifit1"", ""Ifi27l2a"", ""Gimap4"", ""Trim30a"", ""Usp18"", ""Gzma"", ""AW112010"", ""Rsad2"", ""Ltb"", ""Irf9"", ""Ifit3"", ""Camk2d"", ""Ly6a"", ""Ctla2a"", ""Lgals3bp"", ""Atp1b3"", ""Blk"", ""Pde7a"", ""Cmpk2"", ""Cpa3"", ""Il7r"", ""Cd9"", ""Ctsw"", ""Pkp4"", ""Pml"", ""Ctsb"", ""Ms4a4c"", ""Ighm"", ""Myl4"", ""Icos"", ""Stk39"", ""Irgm2"", ""Anxa1"", ""St6gal1"", ""Ifi204"", ""B4galnt1"", ""Ifit2"", ""Ccl5"", ""Adgrg3"", ""Golim4"", ""Tgtp1"", ""Ctla2b"", ""Rbpms"", ""Ttc39b"", ""Irf4"", ""Nfix"", ""Cd72"", ""Ppic"", ""Hdc"", ""Akr1c13"", ""Ctsc"", ""Cd55"", ""Cd83""
)"
"1036","TABULA_MURIS_SENIS_HEART_FIBROBLAST_OF_CARDIAC_TISSUE_AGEING","0.000147340548509123","0.00136070538760036","0.518848077743792","0.468238896878793","1.77296343622685","122","c(""Rpsa"", ""Rtp4"", ""Bst2"", ""Rpl13"", ""Rps3"", ""Rplp0"", ""Vim"", ""Rps7"", ""B2m"", ""Prr13"", ""Fxyd5"", ""Ly6a"", ""Rpl4"", ""Lgals3bp"", ""Irf1"", ""Cd82"", ""Cotl1"", ""Fth1"", ""Capg"", ""Cd74"", ""Lgmn"", ""Cd9"", ""Junb"", ""Apoe"", ""Ier2"", ""Ctsb"", ""Zfp36l1"", ""Ifitm2"", ""Tmem176b"", ""Tmem176a"", ""Nfkbiz"", ""Ninj1"", ""Cd63"", ""Nr4a1"", ""Trf"", ""Nabp2"", ""Ly6c1"", ""Skil"", ""Gadd45b"", ""Fos"", ""Myc"", ""Icam1"", ""C1qa"", ""Mgst1"", ""C1qb"")"
"1037","GOBP_INTEGRIN_MEDIATED_SIGNALING_PATHWAY","0.00289616660262796","0.0156104468666084","0.431707695803346","0.573881952064135","1.77334779745848","38","c(""Isg15"", ""Itgb7"", ""Itgb3"", ""Itgae"", ""Fcer1g"", ""Cd40lg"", ""Tyrobp"", ""Cd63"", ""Itga4"", ""Fyb"", ""Nrp1"", ""Fgr"", ""Vav3"", ""Itgal"", ""Zyx"", ""Itga9"")"
"1038","GOBP_REGULATION_OF_BONE_RESORPTION","0.00292982943023983","0.0157474899554128","0.431707695803346","0.653942856356215","1.77444210537728","21","c(""P2rx7"", ""S1pr1"", ""Itgb3"", ""Ubash3b"", ""Trf"", ""Tmem64"", ""Tnfsf11"", ""Cd38"", ""Csf1r"")"
"1039","GOBP_REGULATION_OF_COAGULATION","0.00571867494028715","0.0267290959922957","0.407017918923954","0.603919998394616","1.77445856299097","28","c(""Pdgfa"", ""Cd9"", ""Apoe"", ""Ubash3b"", ""Psen2"", ""Plaur"", ""Anxa2"", ""Vkorc1"", ""St3gal4"", ""Ephb2"", ""Pdgfb"", ""Thbd"", ""Plat"")"
"1040","GOCC_EXTERNAL_SIDE_OF_PLASMA_MEMBRANE","8.37191830738504e-06","0.00011431655117346","0.593325476396405","0.434590457461528","1.77522339278586","228","c(""Trdc"", ""B2m"", ""Ly6a"", ""Il6ra"", ""P2rx7"", ""Izumo1r"", ""S1pr1"", ""Itgb3"", ""Calr"", ""Sell"", ""Cd274"", ""Cd48"", ""Clec2d"", ""Itgae"", ""Cd74"", ""Il7r"", ""Cd9"", ""Il2ra"", ""Ccr7"", ""Fcer1g"", ""Apoe"", ""Tnfrsf18"", ""Pecam1"", ""Btla"", ""Ctsb"", ""Ighm"", ""Lgals3"", ""Vsir"", ""Eng"", ""Icos"", ""Cd40lg"", ""Cd44"", ""Cd69"", ""Adam19"", ""Cd200r1"", ""Itga4"", ""Gypa"", ""Tnfrsf4"", ""Cd86"", ""Ly6c1"", ""Gfra1"", ""Heg1"", ""Plaur"", ""Ccr4"", ""Ebi3"", ""Ccrl2"", ""Tcn2"", ""Ly75"", ""Icam1"", ""Cd79b"", ""Il27ra"", ""Clec4n"", ""Il2rb"", ""Pdcd1lg2"", ""Cd55"", ""Cd83"", ""Ccr2"", 
""Pdcd1"", ""Fcgr3"", ""Fcgrt"", ""Fasl"", ""Plet1"", ""Cxcl10"", ""Cd79a"", ""Itgal"", ""Il1r1"", ""Cxcr6"", ""Fcgr2b"")"
"1041","HALLMARK_ANGIOGENESIS","0.002733410717565","0.0149154238489394","0.431707695803346","0.694186692256315","1.77569303801876","17","c(""Ccnd2"", ""S100a4"", ""Pdgfa"", ""Pglyrp1"", ""Nrp1"", ""Lpl"", ""Pf4"", ""Thbd"", ""App"")"
"1042","WP_FOCAL_ADHESION","0.00241825304155695","0.0135967462679697","0.431707695803346","0.536667381324929","1.77664281847286","51","c(""Itgb7"", ""Ccnd2"", ""Pdgfa"", ""Itgb3"", ""Blk"", ""Pik3cd"", ""Itgae"", ""Actn1"", ""Bcl2"", ""Vasp"", ""Arhgap5"", ""Itga4"", ""Pdgfrb"", ""Birc3"", ""Fgr"", ""Itgal"", ""Zyx"", ""Hgf"", ""Itga9"", ""Hck"", ""Igf1"", ""Jun"", ""Pdgfb"", ""Rhob"", ""Itgam"")"
"1043","GOBP_AUTOPHAGOSOME_ORGANIZATION","0.00442490966935085","0.021734017192679","0.407017918923954","0.71558436764641","1.77680097915858","15","c(""Irgm1"", ""Igtp"", ""Irgm2"", ""Atp13a2"", ""Snx18"", ""Synpo2"", ""Ehmt2"", ""Ephb2"", ""Wipi1"", ""Lrrk2"", ""Atp2a2"", ""Snx30"")"
"1044","GOBP_NEGATIVE_REGULATION_OF_CANONICAL_NF_KAPPAB_SIGNAL_TRANSDUCTION","0.002733410717565","0.0149154238489394","0.431707695803346","0.694704886641277","1.77701855199358","17","c(""Stat1"", ""Irgm1"", ""Igtp"", ""Ripk1"", ""Rora"", ""Irgm2"", ""Nfkbid"")"
"1045","GOBP_POSITIVE_REGULATION_OF_EXTRINSIC_APOPTOTIC_SIGNALING_PATHWAY","0.00342864537067696","0.0179044301513897","0.431707695803346","0.61148952650622","1.77708564831058","27","c(""Ltb"", ""Runx3"", ""Pml"", ""Ripk1"", ""Bcl2l14"", ""Psen2"", ""Skil"", ""G0s2"", ""Tnfsf10"", ""Pdia3"", ""Atf3"", ""Tnf"", ""Trps1"")"
"1046","GOBP_T_CELL_MEDIATED_CYTOTOXICITY","0.00281927131533969","0.0152966139957172","0.431707695803346","0.655438894941439","1.77850153324791","21","c(""B2m"", ""P2rx7"", ""Il7r"", ""Stx11"", ""Serpinb9"", ""Ctsc"", ""Rab27a"", ""Ctsh"", ""Hfe"", ""Pnp"", ""Klrd1"")"
"1047","GOBP_POSITIVE_REGULATION_OF_IMMUNE_EFFECTOR_PROCESS","8.12349725943729e-05","0.000817337838296015","0.538434096309916","0.468372090036149","1.7786791703426","127","c(""Rsad2"", ""B2m"", ""Gimap3"", ""Ddx60"", ""P2rx7"", ""Irf1"", ""Gimap5"", ""Cd74"", ""Dhx58"", ""Rps19"", ""Ccr7"", ""Fcer1g"", ""Il18r1"", ""Mzb1"", ""Nfkbiz"", ""Arid5a"", ""Anxa1"", ""Tyrobp"", ""Il18rap"", ""Casp1"", ""Cd160"", ""Nfkbid"", ""Lbp"", ""Tnfrsf4"", ""Cd86"", ""Dpp4"", ""Cd300a"", ""Lyn"", ""Clcf1"", ""Cd55"", ""Nr4a3"", ""Ccr2"", ""Spi1"", ""Fcgr3"", ""Lta"", ""Gata3"", ""Il18"", ""Malt1"", ""Fgr"", ""Foxp1"", ""Hmox1"", ""Il1r1"", ""Cfp"", ""Irf5"", ""Plcg2"", ""Tnf"", ""Fes"", ""Casp4"", ""Ffar2"", ""Foxp3"", ""Hfe"", ""Trem2"", ""Fcgr1"", ""Pnp"", ""Scimp"")"
"1048","GOBP_HEART_TRABECULA_MORPHOGENESIS","0.00405307767388942","0.02042565945497","0.407017918923954","0.717008769736486","1.7803377794896","15","c(""Naca"", ""Chd7"", ""S1pr1"", ""Notch1"", ""Eng"", ""Heg1"", ""Nfatc1"", ""Fhl2"")"
"1049","GOCC_ENDOSOME","3.43709881158401e-06","5.31314331116827e-05","0.627256739718528","0.440372230936991","1.78056942084863","209","c(""Bst2"", ""Cytip"", ""Anxa6"", ""B2m"", ""Irgm1"", ""Ctss"", ""Samd9l"", ""Mme"", ""Pdlim4"", ""Ifitm3"", ""S1pr1"", ""Gimap5"", ""Cd274"", ""Cd74"", ""Lgmn"", ""Dtx3l"", ""Notch1"", ""Apoe"", ""Cst7"", ""Pml"", ""Vamp5"", ""Ncf4"", ""Pmepa1"", ""Ifitm2"", ""Grn"", ""Ehd1"", ""Cst3"", ""Unc93b1"", ""Serpinb1a"", ""Snx10"", ""Anxa1"", ""Cd63"", ""Golim4"", ""Psen2"", ""Trf"", ""Mvb12a"", ""Inpp5f"", ""Rapgef2"", ""Gfra1"", ""Neurl3"", ""Ldlrap1"", ""Dtnbp1"", ""Clip1"", ""Atp13a2"", ""Ehd4"", ""Pld4"", ""Rnf149"", ""Furin"", ""Anxa2"", ""Nrp1"", ""Cd68"", ""Syt11"", ""Fcgrt"", ""Ndfip1"", ""Rab27a"", ""Smo"", 
""Cdh1"", ""Cd79a"", ""Creg1"", ""Havcr2"", ""Sorl1"", ""Litaf"", ""Fcgr2b"", ""Stard3nl"", ""Eea1"", ""Tnf"", ""Mrc1"", ""Ldlrad4"", ""Lrp1"", ""Plin3"", ""Mctp1"", ""Gnpnat1"")"
"1050","ABBUD_LIF_SIGNALING_1_UP","0.00633496134970637","0.0289490066458694","0.407017918923954","0.681139818219491","1.78131163349208","18","c(""Irf1"", ""Rasa3"", ""Tmem176b"", ""Tmem176a"", ""Lbp"", ""Cebpb"", ""Bcl3"", ""Il1r1"", ""Socs3"", ""Gramd3"", ""Lcn2"", ""Upp1"", ""Tspan4"")"
"1051","GOBP_REGULATION_OF_BONE_REMODELING","0.00453570754912003","0.022107763876772","0.407017918923954","0.619534763119474","1.78160530853465","25","c(""P2rx7"", ""S1pr1"", ""Itgb3"", ""Inpp4b"", ""Ubash3b"", ""Trf"", ""Tmem64"", ""Tnfsf11"", ""Cd38"", ""Csf1r"")"
"1052","GOBP_P38MAPK_CASCADE","0.00632037053039658","0.0289053628323958","0.407017918923954","0.670268749721588","1.78177607925766","19","c(""Zfp36l1"", ""Stk39"", ""Gadd45b"", ""Gadd45g"", ""Ccr2"", ""Spi1"", ""Dusp10"", ""Sash1"", ""Hgf"", ""Trem2"", ""Zc3h12a"", ""Xdh"", ""Cyld"")"
"1053","GOBP_SYNCYTIUM_FORMATION","0.00263500793173266","0.0145026588181255","0.431707695803346","0.656720112309841","1.78197805420465","21","c(""Stat1"", ""Cd9"", ""Ehd1"", ""Cd44"", ""Tyrobp"", ""Casp1"", ""Cxcl10"", ""Nfatc2"", ""Nfe2"", ""Ccl8"", ""Trem2"", ""Plekho1"")"
"1054","SERVITJA_LIVER_HNF1A_TARGETS_DN","0.00171174971316857","0.0103444516385898","0.45505986738723","0.565901023772017","1.78197946767383","41","c(""Ifi47"", ""Irgm1"", ""Igfbp4"", ""Iigp1"", ""Alas2"", ""Lcp1"", ""Dpp4"", ""Slc16a10"", ""Ly6e"", ""Akr1c13"", ""Ctsc"", ""Hopx"", ""Cdh1"", ""Il1r1"", ""Pla2g4a"", ""Arhgap26"", ""Cmah"", ""Akr1c12"", ""P2ry13"", ""Igf1"")"
"1055","GOBP_NEGATIVE_REGULATION_OF_VIRAL_LIFE_CYCLE","0.00624644891567854","0.028704635041199","0.407017918923954","0.670684390226205","1.78288097682152","19","c(""Bst2"", ""Trim30a"", ""Ifitm3"", ""Trim30d"", ""Trim25"", ""Cd74"", ""Ifitm2"", ""Trim5"", ""Ly6e"", ""Ifitm6"")"
"1056","HALLMARK_P53_PATHWAY","0.000426771164302014","0.00329412197479415","0.49849310876659","0.503238152000119","1.78390640931421","80","c(""Rpl18"", ""Ccnd2"", ""Gm2a"", ""Klk8"", ""S100a4"", ""Pdgfa"", ""Cd82"", ""Rps12"", ""Pitpnc1"", ""Trafd1"", ""Notch1"", ""Ifi30"", ""Zfp36l1"", ""Cdkn1a"", ""Ninj1"", ""Casp1"", ""Hint1"", ""Ddit4"", ""Rrad"", ""Mapkapk3"", ""Sat1"", ""Ier5"", ""Fos"", ""Tcn2"", ""Vwa5a"", ""Atf3"", ""Ier3"", ""Hmox1"", ""Rnf19b"")"
"1057","NABA_MATRISOME","1.67312979504284e-06","2.84729951767676e-05","0.643551836150722","0.43641359066021","1.78419669628592","243","c(""Ltb"", ""Anxa6"", ""Igfbp4"", ""Ctss"", ""S100a6"", ""Srgn"", ""S100a4"", ""Pdgfa"", ""Lgals1"", ""Clec2d"", ""Ctsw"", ""Sema4a"", ""Cst7"", ""Ctsb"", ""Timp2"", ""Serpina3g"", ""S100a11"", ""Ecm1"", ""Podnl1"", ""Lgals3"", ""Cst3"", ""Serpinb1a"", ""Serpinb6b"", ""Anxa1"", ""Adam19"", ""Slpi"", ""Ccl5"", ""Anxa4"", ""Pik3ip1"", ""Ebi3"", ""Anxa2"", ""Plxnc1"", ""Tnfsf10"", ""Ccl4"", ""Tnfsf11"", ""C1qa"", ""Clec4n"", ""Serpinb9"", ""Vwa5a"", ""Clcf1"", ""C1qb"", ""Ctsc"", ""Clec12a"", ""Tnfsf8"", ""Sdc3"", ""Lta"", ""Lgals9"", ""Fasl"", ""Il18"", ""Cxcl10"", ""Ccl3"", ""Sema6d"", ""Tgfb3"", ""Crim1"", 
""Hgf"", ""Grifin"", ""Fam20a"", ""Mmp12"", ""Tnfsf13b"", ""Ctsh"", ""Tnf"", ""Igfbp7"", ""Dmbt1"", ""Clec4e"", ""Il15"", ""Fbln1"", ""Ccl8"", ""C1qc"", ""Ccl6"", ""Mmp9"", ""Serpina3f"", ""Mmp11"", ""Clec4a3"", ""Igf1"", ""Pf4"", ""Fstl3"", ""Clec4d"", ""Ctse"", ""Spock2"", ""Pdgfb"", ""Sulf2"")"
"1058","GOMF_TRANSCRIPTION_COACTIVATOR_BINDING","0.00235112225010498","0.0133222890994652","0.431707695803346","0.697766678919404","1.78485045556185","17","c(""Stat1"", ""Rpl23"", ""Nfkb1"", ""Foxo1"", ""Rora"", ""Pparg"", ""Smad3"", ""Ahr"", ""Nr4a3"", ""Nfatc1"", ""Runx1"", ""Gata3"", ""Ar"")"
"1059","MIKKELSEN_ES_ICP_WITH_H3K4ME3","1.08806296376302e-05","0.000144111803630044","0.593325476396405","0.457571675339009","1.78599532101107","161","c(""Rpl10"", ""Rpl19"", ""Itgb7"", ""Irgm1"", ""Gng2"", ""Ddx60"", ""Ifitm3"", ""P2rx7"", ""Fam169b"", ""Add3"", ""Apobec3"", ""Clec2d"", ""Pml"", ""S1pr4"", ""Bpgm"", ""Ifitm2"", ""Grn"", ""Traf1"", ""Rnf125"", ""Irgm2"", ""Pglyrp1"", ""Stat4"", ""Ifit2"", ""Fam111a"", ""Gypa"", ""Axl"", ""Slc17a9"", ""Nfkbid"", ""G0s2"", ""Tcn2"", ""Mgst1"", ""Gprin3"", ""Tmem106a"", ""Gria3"", ""Arhgap18"", ""Plet1"", ""Fgr"", ""Bst1"", ""Cd38"", ""Mvp"", ""Pbx1"", ""Klhl5"", ""Il15"", ""Lrp1"", ""Plin3"", ""Kctd14"", ""Upb1"", ""Mfng"", ""Nfe2"", ""Entpd1"", ""Hfe"", ""Asprv1"", ""Gsta4"", ""Tmem141"", ""Ttll9"")"
"1060","GOBP_REGULATION_OF_ACUTE_INFLAMMATORY_RESPONSE","0.00423583312666528","0.0210872421713762","0.407017918923954","0.62139187984026","1.78694584663724","25","c(""Alox5ap"", ""Ccr7"", ""Fcer1g"", ""Pparg"", ""Ccl5"", ""Tnfsf11"", ""Fcgr3"", ""Fcgr2b"", ""Tnf"", ""Ffar2"", ""Fcgr1"", ""C3"", ""Fut7"", ""Tnfrsf11a"", ""Il4"", ""Il1b"")"
"1061","GOBP_CELL_ACTIVATION","8.23282188388249e-10","2.96951154113623e-08","0.801215574617779","0.410317989386111","1.78705784390271","499","c(""Rps3"", ""Rsad2"", ""Slfn1"", ""Nkg7"", ""B2m"", ""Irgm1"", ""Smad7"", ""Dtx1"", ""Gimap3"", ""Igtp"", ""Runx3"", ""Ctla2a"", ""Il6ra"", ""Ifi35"", ""P2rx7"", ""Chd7"", ""Irf1"", ""Pdgfa"", ""Itgb3"", ""Lgals1"", ""Lfng"", ""Gpr18"", ""Gimap5"", ""Rps6"", ""Pik3cd"", ""Cd274"", ""Batf"", ""Zfp36l2"", ""Cd48"", ""Cd74"", ""Irf8"", ""Il7r"", ""Cd9"", ""Il2ra"", ""Ccr7"", ""Sox13"", ""Snca"", ""Fcer1g"", ""Lcp1"", ""Sema4a"", ""Apoe"", ""Cst7"", ""Il18r1"", ""Relb"", ""Btla"", ""Dapl1"", ""Bcl2"", ""Camp"", ""Zfp36l1"", ""Ighm"", ""Grn"", ""Cdkn1a"", ""Lgals3"", ""Rora"", ""Bcl2a1d"", ""Zbtb7b"", ""Swap70"", 
""Vsir"", ""Mzb1"", ""Lax1"", ""Icos"", ""Nfkbiz"", ""Stk39"", ""Cd40lg"", ""Anxa1"", ""Ubash3b"", ""Pglyrp1"", ""Cd44"", ""Prr7"", ""Tyrobp"", ""Stat4"", ""Il18rap"", ""Pparg"", ""Zeb2"", ""Pou2f2"", ""Ccl5"", ""Axl"", ""Casp1"", ""Cd160"", ""Adgrg3"", ""Nfkb2"", ""Nfkbid"", ""Lbp"", ""Tnfrsf4"", ""Psen2"", ""Cd86"", ""Smad3"", ""Myo1f"", ""Dpp4"", ""Fyb"", ""Cd300a"", ""Cebpb"", ""Gadd45g"", ""Irf4"", ""Acvrl1"", ""Ifnar2"", ""Nampt"", ""Stx11"", ""Ebi3"", ""Zbtb7a"", ""Runx2"", ""Gpr183"", ""Lyn"", ""Pdgfrb"", ""Rab44"", ""Ahr"", ""Adora2a"", ""Myc"", ""Tnfsf11"", ""Icam1"", ""Tnfrsf1b"", ""Lcp2"", ""C1qa"", 
""Cd79b"", ""Il27ra"", ""Hhex"", ""Bcl3"", ""Clcf1"", ""Aif1"", ""Lat2"", ""Il15ra"", ""Ctsc"", ""Pdcd1lg2"", ""Cd55"", ""Treml2"", ""Cd83"", ""Nr4a3"", ""Ccr2"", ""Spi1"", ""Tmem106a"", ""Tnfsf8"", ""Fcgr3"", ""Syt11"", ""Pdia3"", ""Ndfip1"", ""Nfatc1"", ""Fosl2"", ""Rab27a"", ""Runx1"", ""Lgals9"", ""Tpst2"", ""Plscr1"", ""Gata3"", ""Ppp3ca"", ""Il18"", ""Cxcl10"", ""Malt1"", ""Fgr"", ""Skap2"", ""Smo"", ""Cblb"", ""Nfatc2"", ""Foxp1"", ""Capn3"", ""Bst1"", ""Dusp10"", ""Cd79a"", ""Vav3"", ""Cd38"", ""Hmox1"", ""Itgal"", ""Havcr2"", ""Id2"", ""Fcgr2b"", ""Lyl1"", ""Plcg2"", ""Tnfsf13b"", ""Tnf"", ""Pla2g4a"", 
""Pbx1"", ""Lmo1"", ""Ifngr1"", ""Fes"", ""Clec4e"", ""Milr1"", ""Il15"", ""Lrp1"", ""Slamf7"", ""Csf1r"", ""Cd3d"", ""Tigit"", ""Nr1h3"", ""Mfng"", ""Smad4"", ""Foxp3"", ""Entpd1"", ""Card11"", ""Hfe"", ""Trem2"", ""Sirpa"", ""Vcam1"")"
"1062","GOBP_BIOMINERAL_TISSUE_DEVELOPMENT","0.00281185636244509","0.0152708297714229","0.431707695803346","0.544425812033786","1.79148466285571","50","c(""Isg15"", ""Srgn"", ""P2rx7"", ""S1pr1"", ""Notch1"", ""Ecm1"", ""Snx10"", ""Smad3"", ""Cebpb"", ""Nfix"", ""Runx2"", ""Fosl2"", ""Fgr"", ""Bmp2k"", ""Fam20a"", ""Stim1"", ""Csf1r"", ""Nfe2"")"
"1063","GOBP_REGULATION_OF_SODIUM_ION_TRANSPORT","0.00431820822281098","0.0214229447732015","0.407017918923954","0.610688332872797","1.79434551673305","28","c(""Fxyd5"", ""Camk2d"", ""Tesc"", ""P2rx7"", ""Atp1b3"", ""Glrx"", ""Stk39"", ""Ikbkb"", ""Atp2b4"", ""P2rx4"", ""Scn1b"", ""Sgk1"")"
"1064","GOBP_ORGANELLE_FUSION","0.00324839775204159","0.0171542919962786","0.431707695803346","0.601893691386429","1.79439456850264","29","c(""Samd9l"", ""Bcl2a1b"", ""Snca"", ""Bcl2a1d"", ""Anxa1"", ""Tbc1d4"", ""Atp13a2"", ""Stx11"", ""Syt11"", ""Vav3"", ""Eea1"", ""Pla2g4a"", ""C2cd5"")"
"1065","GOBP_ADAPTIVE_IMMUNE_RESPONSE_BASED_ON_SOMATIC_RECOMBINATION_OF_IMMUNE_RECEPTORS_BUILT_FROM_IMMUNOGLOBULIN_SUPERFAMILY_DOMAINS","1.27999860038198e-05","0.000167597990255495","0.593325476396405","0.458417704817692","1.79564863020467","169","c(""Irf7"", ""Rsad2"", ""B2m"", ""Smad7"", ""Gimap3"", ""Il6ra"", ""P2rx7"", ""Irf1"", ""Gimap5"", ""Cd274"", ""Batf"", ""Cd74"", ""Il7r"", ""Ccr7"", ""Notch1"", ""Fcer1g"", ""Sema4a"", ""Il18r1"", ""Relb"", ""Ighm"", ""Rora"", ""Unc93b1"", ""Zbtb7b"", ""Swap70"", ""Vsir"", ""Nfkbiz"", ""Cd40lg"", ""Arid5a"", ""Anxa1"", ""Stat4"", ""Il18rap"", ""Pou2f2"", ""Nfkb2"", ""Nfkbid"", ""Dpp4"", ""Gadd45g"", ""Irf4"", ""Stx11"", ""Ahr"", ""Icam1"", ""Tnfrsf1b"", ""C1qa"", ""Il27ra"", ""Clec4n"", ""Serpinb9"", ""Bcl3"", ""Il2rb"", ""Clcf1"", ""C1qb"", ""Ctsc"", ""Cd55"", ""Ccr2"", ""Fcgr3"", ""Ndfip1"", ""Fosl2"", 
""Rab27a"", ""Lta"", ""Lgals9"", ""Gata3"", ""Il18"", ""Malt1"", ""Il18bp"", ""Havcr2"", ""Il1r1"", ""Fcgr2b"", ""Tnfsf13b"", ""Ctsh"", ""Tnf"", ""Pla2g4a"")"
"1066","HEVNER_TELENCEPHALON_MENINGEAL_CELLS","0.00513762616688823","0.0244923408704106","0.407017918923954","0.676498967998007","1.79833787465404","19","c(""S100a6"", ""Fxyd5"", ""Emp3"", ""Lgals1"", ""S100a11"", ""Svil"", ""Fbln1"", ""Pf4"")"
"1067","GOBP_ALPHA_BETA_T_CELL_PROLIFERATION","0.00365054583440639","0.0188611534777664","0.431707695803346","0.593179593237721","1.79834294547711","33","c(""Irgm1"", ""Irf1"", ""Cd274"", ""Il2ra"", ""Btla"", ""Zbtb7b"", ""Vsir"", ""Cd44"", ""Myc"", ""Cd55"", ""Ccr2"", ""Ndfip1"", ""Lgals9"", ""Il18"", ""Cblb"", ""Il15"", ""Foxp3"", ""Card11"")"
"1068","GOBP_CONNECTIVE_TISSUE_DEVELOPMENT","0.000242666019049896","0.00208025354148155","0.518848077743792","0.505118029917042","1.79891771689313","81","c(""Anxa6"", ""Smad7"", ""Maf"", ""Runx3"", ""Il6ra"", ""Itgb3"", ""Notch1"", ""Ecm1"", ""Arid5a"", ""Pparg"", ""Arid5b"", ""Smad3"", ""Zbtb7a"", ""Runx2"", ""Pdgfrb"", ""Sox5"", ""Spi1"", ""Fosl2"", ""Runx1"", ""Lmna"", ""Rarg"", ""Gata3"", ""Nfatc2"", ""Sorl1"", ""Id2"", ""Smad1"", ""Trps1"", ""Thra"", ""Creb5"", ""Lpl"", ""Igf1"", ""Pdgfb"", ""Sulf2"")"
"1069","GOBP_VASODILATION","0.00215592425706113","0.0124004388828854","0.431707695803346","0.663416017407457","1.80014706671597","21","c(""Klf2"", ""Apoe"", ""Gpx1"", ""Adora2a"", ""Gch1"", ""P2rx4"", ""Tnf"")"
"1070","GOBP_BONE_MINERALIZATION","0.00130557680872889","0.0083286796418912","0.45505986738723","0.571936765214549","1.80098556038433","41","c(""Isg15"", ""Srgn"", ""P2rx7"", ""S1pr1"", ""Ecm1"", ""Snx10"", ""Smad3"", ""Nfix"", ""Runx2"", ""Fosl2"", ""Fgr"", ""Bmp2k"", ""Csf1r"", ""Nfe2"")"
"1071","GOBP_INTRACELLULAR_RECEPTOR_SIGNALING_PATHWAY","0.000117982350370477","0.00112396807205097","0.538434096309916","0.485196332664533","1.80117997109698","107","c(""Klf2"", ""Irf7"", ""Trim30a"", ""Rsad2"", ""Irgm1"", ""Oas3"", ""Igtp"", ""Ddx60"", ""Eif2ak2"", ""Ifih1"", ""Irf1"", ""Oasl1"", ""Calr"", ""Gbp2"", ""Trim25"", ""Dhx58"", ""Oas1a"", ""Pml"", ""Gbp5"", ""Rora"", ""Unc93b1"", ""Rnf125"", ""Irgm2"", ""Pparg"", ""Cd86"")"
"1072","GOBP_POSITIVE_REGULATION_OF_CYTOKINE_PRODUCTION","3.55351175742454e-06","5.4636434125549e-05","0.627256739718528","0.442920066623532","1.80138158159291","221","c(""Isg15"", ""Irf7"", ""Rps3"", ""Stat1"", ""Rsad2"", ""Ltb"", ""B2m"", ""Gimap3"", ""Oas3"", ""Eif2ak2"", ""Il6ra"", ""Ifih1"", ""P2rx7"", ""Irf1"", ""Gimap5"", ""Cd274"", ""Batf"", ""Cd74"", ""Dhx58"", ""Irf8"", ""Ccr7"", ""Fcer1g"", ""Oas1a"", ""Il18r1"", ""Rel"", ""Camp"", ""Ripk1"", ""Gbp5"", ""Rora"", ""Unc93b1"", ""Zbtb7b"", ""Cd40lg"", ""Arid5a"", ""Anxa1"", ""Tyrobp"", ""Pou2f2"", ""Ccl5"", ""Casp1"", ""Cd160"", ""Lbp"", ""Smad3"", ""Oas2"", ""Heg1"", ""Cebpb"", ""Irf4"", ""Aim2"", ""Ccl4"", ""Il27ra"", ""Clec4n"", ""Bcl3"", ""Il17rb"", ""Aif1"", ""Cd55"", ""Cd83"", ""Nr4a3"", ""Ccr2"", ""Tmem106a"", 
""Fcgr3"", ""Runx1"", ""Lta"", ""Lgals9"", ""Gata3"", ""Agpat2"", ""Il18"", ""Ccl3"", ""Malt1"", ""Fgr"", ""Foxp1"", ""Chil1"", ""Havcr2"", ""Sorl1"", ""Il1r1"", ""Oas1g"", ""Irf5"", ""Hgf"", ""Plcg2"", ""Cybb"", ""Mmp12"", ""Tnf"", ""Ifngr1"", ""Clec4e"", ""Il15"", ""Lrp1"", ""Casp4"", ""Csf1r"", ""Tigit"", ""Ffar2"", ""Foxp3"", ""Card11"", ""Trem2"")"
"1073","GOCC_POLYSOMAL_RIBOSOME","0.004537199316994","0.022107763876772","0.407017918923954","0.633224886016851","1.80147352289113","24","c(""Rpl18a"", ""Rpl18"", ""Rpl19"", ""Rpl10a"", ""Rpl32"", ""Rpl8"", ""Rpl11"", ""Rpl29"", ""Btf3"", ""Rpl7a"")"
"1074","GOBP_NEGATIVE_REGULATION_OF_PROTEIN_UBIQUITINATION","0.00729128833309477","0.0323399370381272","0.407017918923954","0.598707288301895","1.80160447417396","31","c(""Isg15"", ""Rps3"", ""Rps7"", ""Rpl11"", ""Smad7"", ""Rpl23"", ""Dtx3l"", ""Rpl5"")"
"1075","GOMF_GLYCOSYLTRANSFERASE_ACTIVITY","0.00135711273538924","0.00859055357335243","0.45505986738723","0.54480097946395","1.80287094375464","52","c(""Parp9"", ""Parp14"", ""Lfng"", ""Gyg"", ""Hexb"", ""St3gal5"", ""St6gal1"", ""B4galnt1"", ""St8sia4"", ""Nampt"", ""Xylt1"", ""Pygl"", ""St6galnac3"", ""St6galnac4"", ""Dpy19l1"", ""St3gal4"", ""St8sia6"", ""Mfng"", ""Galnt3"", ""Aprt"", ""Pnp"", ""St3gal6"", ""Lacc1"", ""Alg6"", ""B4galt5"", ""Colgalt1"", ""Fut7"", ""Chsy1"", ""Upp1"", ""B4galt4"")"
"1076","SPIB_TARGET_GENES","9.81644680900548e-05","0.000962347392301649","0.538434096309916","0.491276259453919","1.80312547530796","99","c(""Isg20"", ""Tmsb4x"", ""Slfn8"", ""Ctss"", ""Samd9l"", ""S100a4"", ""Gpr18"", ""Nfkb1"", ""Alox5ap"", ""Rasa3"", ""Trim25"", ""Tagap"", ""Ncf4"", ""Grn"", ""Ehd1"", ""Bcl2a1d"", ""Esyt1"", ""Rps8"", ""Irgm2"", ""Zeb2"", ""Ikbkb"", ""Nfkbid"", ""Napsa"", ""Pld4"", ""Orai3"", ""Ebi3"", ""Plxnc1"", ""Lmo2"", ""Dusp5"", ""Icam1"", ""Clec12a"", ""Birc3"", ""Lrrk1"", ""Gpd2"", ""Cfp"", ""Fcgr2b"", ""Irf5"", ""Lyl1"", ""Gpr68"", ""Ndufb9"", ""Ncf1"", ""Fgd2"", ""Scimp"", ""Mirt1"", ""Tnni2"", ""Gm20045"", ""Gfi1b"", ""Ly86"", ""Cd300lf"", ""Slc15a3"")"
"1077","GOBP_REGULATION_OF_T_HELPER_CELL_DIFFERENTIATION","0.00348462724090646","0.0181510783166199","0.431707695803346","0.673566747353056","1.80316991108281","20","c(""Smad7"", ""Irf1"", ""Ccr7"", ""Zbtb7b"", ""Nfkbiz"", ""Anxa1"", ""Nfkbid"", ""Ccr2"", ""Gata3"", ""Il18"", ""Malt1"", ""Foxp3"", ""Zc3h12a"")"
"1078","WP_WHITE_FAT_CELL_DIFFERENTIATION","0.00484194070898232","0.0232957466157832","0.407017918923954","0.678533376954654","1.80374594599242","19","c(""Klf2"", ""Foxo1"", ""Rora"", ""Pparg"", ""Cebpb"", ""Irf4"", ""Gata3"", ""Egr2"", ""Nr1h3"")"
"1079","GOCC_RECEPTOR_COMPLEX","4.65884563891106e-05","0.000511848270865037","0.557332238758646","0.475473073066529","1.80564570159795","127","c(""Trac"", ""Trbc1"", ""Trbc2"", ""Itgb7"", ""B2m"", ""Il6ra"", ""Itgb3"", ""Itgae"", ""Cd74"", ""Notch1"", ""Il18r1"", ""Ripk1"", ""Ighm"", ""Traf1"", ""Eng"", ""Cd44"", ""Cd200r1"", ""Il18rap"", ""Pparg"", ""Itga4"", ""Ikbkb"", ""Axl"", ""Trf"", ""Smad3"", ""Gfra1"", ""Traf5"", ""Acvrl1"", ""Ebi3"", ""Plxnc1"", ""Lyn"", ""Ramp3"", ""Pdgfrb"", ""Ahr"", ""Csf2ra"", ""Cd79b"", ""Il27ra"")"
"1080","TABULA_MURIS_SENIS_MAMMARY_GLAND_B_CELL_AGEING","3.81471401393572e-05","0.000426459744053048","0.557332238758646","0.472814310223103","1.80566310329477","139","c(""Klf2"", ""Gimap4"", ""Vim"", ""AW112010"", ""Ltb"", ""Anxa6"", ""B2m"", ""Gm2a"", ""Gimap3"", ""Ctss"", ""S100a6"", ""Fxyd5"", ""Ly6a"", ""Hspa5"", ""Psmb9"", ""Lgals1"", ""Gpr18"", ""Cotl1"", ""Hvcn1"", ""Capg"", ""Ostf1"", ""Crip1"", ""Cd52"", ""Lcp1"", ""Evi2a"", ""Aldh2"", ""Ncf4"", ""Bcl2"", ""Ctsb"", ""Ifi30"", ""Zfp36l1"", ""Gpx1"", ""Cst3"", ""Tmed3"", ""Ahnak"", ""Unc93b1"", ""Mzb1"", ""Sp140"", ""Cd44"", ""Slpi"", ""Ccl5"", ""Manf"", ""Sdf2l1"", ""Napsa"", ""Tsc22d3"", ""Pld4"", ""Hsp90b1"", ""Gpr183"", ""Cd72"", ""Cd79b"", ""Bhlhe40"", ""Pdia3"", ""Nfatc1"", ""Lmna"", ""Ppp3ca"", ""Atf3"", ""Cd79a"", 
""Cd38"", ""Etfb"", ""Id2"", ""Cybb"", ""Cyp4f18"", ""Ctsh"")"
"1081","GOBP_PRODUCTION_OF_MOLECULAR_MEDIATOR_OF_IMMUNE_RESPONSE","2.18006811261807e-05","0.000261016505759178","0.575610261071129","0.473844368466053","1.80648807215101","136","c(""Bst2"", ""Rsad2"", ""B2m"", ""Smad7"", ""Gimap3"", ""Samhd1"", ""P2rx7"", ""Gimap5"", ""Batf"", ""Cd74"", ""Il7r"", ""Fcer1g"", ""Il18r1"", ""Ighm"", ""Swap70"", ""Vsir"", ""Mzb1"", ""Lax1"", ""Nfkbiz"", ""Cd40lg"", ""Arid5a"", ""Il18rap"", ""Pou2f2"", ""Axl"", ""Casp1"", ""Cd160"", ""Tnfrsf4"", ""Psen2"", ""Cd86"", ""Tnfrsf1b"", ""Il27ra"", ""Clcf1"", ""Cd55"", ""Nr4a3"", ""Ccr2"", ""Ndfip1"", ""Fosl2"", ""Gata3"", ""Il18"", ""Malt1"", ""Foxp1"", ""Hmox1"", ""Il1r1"", ""Tgfb3"", ""Litaf"", ""Fcgr2b"", ""Irf5"", ""Plcg2"", ""Tnfsf13b"", ""Tnf"", ""Casp4"", ""Ffar2"", ""Foxp3"", ""Card11"", ""Hfe"")"
"1082","GOBP_T_HELPER_17_TYPE_IMMUNE_RESPONSE","0.00356222015517765","0.0184966307493698","0.431707695803346","0.62921869215349","1.80945352691","25","c(""Smad7"", ""Il6ra"", ""Batf"", ""Notch1"", ""Rora"", ""Zbtb7b"", ""Nfkbiz"", ""Arid5a"", ""Nfkbid"", ""Irf4"", ""Il27ra"", ""Clec4n"", ""Lgals9"", ""Malt1"")"
"1083","ONO_FOXP3_TARGETS_DN","0.00215791421187787","0.0124004388828854","0.431707695803346","0.585834522414707","1.80950979784404","36","c(""Gzma"", ""Slfn1"", ""Igfbp4"", ""Runx3"", ""Sell"", ""Tnfrsf25"", ""Sema4a"", ""Bcl2"", ""Cdkn1a"", ""Gpr171"", ""Ccl5"", ""Casp1"", ""Ctla2b"", ""Irf4"", ""Runx2"", ""P2ry14"", ""Tnfsf8"", ""Fasl"", ""Havcr2"", ""Cxcr6"")"
"1084","GOBP_REGULATION_OF_EXTRINSIC_APOPTOTIC_SIGNALING_PATHWAY","0.000606530466264722","0.00438092219650904","0.477270815362862","0.529399685485835","1.81155644405397","63","c(""Ltb"", ""Sp100"", ""Runx3"", ""Pml"", ""Bcl2"", ""Ripk1"", ""Gpx1"", ""Lgals3"", ""Traf1"", ""Bcl2l14"", ""Tnfrsf4"", ""Psen2"", ""Skil"", ""G0s2"", ""Tnfsf10"", ""Nrp1"", ""Icam1"", ""Pdia3"", ""Lmna"", ""Atf3"", ""Hmox1"", ""Ar"", ""Hgf"", ""Tnf"", ""Trps1"")"
"1085","GOBP_REGULATION_OF_MEMBRANE_DEPOLARIZATION","0.00311974833611915","0.0166280266799659","0.431707695803346","0.677018854553109","1.81241136466915","20","c(""B2m"", ""Smad7"", ""Camk2d"", ""P2rx7"", ""Scn1b"")"
"1086","GOBP_GLIAL_CELL_MIGRATION","0.00275275738034794","0.0149924630354183","0.431707695803346","0.621464163845576","1.81301279073997","26","c(""Vim"", ""Cd9"", ""Hexb"", ""Gpr183"", ""Ccr2"", ""Ccl3"", ""P2rx4"", ""Rras2"", ""Lrp1"", ""Sun1"", ""Trem2"", ""Tiam1"")"
"1087","GOBP_REGULATION_OF_IMMUNE_EFFECTOR_PROCESS","5.21764364028908e-06","7.61404230968394e-05","0.610526878385931","0.460284869985215","1.8138839389753","184","c(""Bst2"", ""Rsad2"", ""B2m"", ""Smad7"", ""Gimap3"", ""Ddx60"", ""P2rx7"", ""Irf1"", ""Gimap5"", ""Clec2d"", ""Cd74"", ""Dhx58"", ""Il7r"", ""Rps19"", ""Ccr7"", ""Fcer1g"", ""Il18r1"", ""Ighm"", ""Grn"", ""Lgals3"", ""Zbtb7b"", ""Vsir"", ""Mzb1"", ""Nfkbiz"", ""Cd40lg"", ""Arid5a"", ""Anxa1"", ""Pglyrp1"", ""Tyrobp"", ""Il18rap"", ""Axl"", ""Casp1"", ""Cd160"", ""Nfkbid"", ""Lbp"", ""Tnfrsf4"", ""Cd86"", ""Dpp4"", ""Cd300a"", ""Lyn"", ""Ahr"", ""Tnfrsf1b"", ""Il27ra"", ""Serpinb9"", ""Clcf1"", ""Cd55"", ""Nr4a3"", ""Ccr2"", ""Spi1"", ""Fcgr3"", ""Ndfip1"", ""Lta"", ""Lgals9"", ""Gata3"", ""Il18"", ""Malt1"", 
""Fgr"", ""Foxp1"", ""Dusp10"", ""Hmox1"", ""Havcr2"", ""Il1r1"", ""Cfp"", ""Tgfb3"", ""Litaf"", ""Fcgr2b"", ""Irf5"", ""Plcg2"", ""Tnf"", ""Fes"", ""Casp4"", ""Ffar2"", ""Ncf1"", ""Foxp3"", ""Hfe"", ""Trem2"", ""Fcgr1"", ""Pnp"", ""Zc3h12a"", ""Scimp"")"
"1088","GOCC_LYTIC_VACUOLE_MEMBRANE","0.00337571823325316","0.0177124831360539","0.431707695803346","0.589967961829354","1.81388782905041","35","c(""Nkg7"", ""Anxa6"", ""B2m"", ""Irgm1"", ""Ifitm3"", ""Ifitm2"", ""Grn"", ""Cd63"", ""Tm6sf1"", ""Slc17a9"", ""Psen2"", ""Atp13a2"", ""Anxa2"", ""Cd68"", ""P2rx4"", ""Litaf"", ""Tm4sf5"", ""Tfe3"", ""Trpm2"", ""Slc11a1"", ""Slc15a3"")"
"1089","ONO_FOXP3_TARGETS_UP","0.00439841320426492","0.0216895096530174","0.407017918923954","0.682654171934362","1.81470025935615","19","c(""Izumo1r"", ""Itgae"", ""Ccr7"", ""Tnfrsf18"", ""Gadd45b"", ""Fos"", ""Pdcd1lg2"", ""Ccr2"", ""Crem"", ""Gpr83"", ""Slamf7"", ""Jun"", ""Socs2"", ""Gzmc"")"
"1090","LHX1_TARGET_GENES","0.0021982072158341","0.0125753691801358","0.431707695803346","0.605743204127632","1.81493568247169","30","c(""Ccnd2"", ""Chd7"", ""Lfng"", ""Capg"", ""Tox2"", ""Btla"", ""Rbpms"", ""Arhgef10l"", ""Ass1"", ""Arhgap18"", ""Gata3"")"
"1091","GOBP_ANTIGEN_PROCESSING_AND_PRESENTATION_OF_PEPTIDE_ANTIGEN","0.00439841320426492","0.0216895096530174","0.407017918923954","0.682744446880539","1.81494023733472","19","c(""B2m"", ""Ctss"", ""Calr"", ""Cd74"", ""Fcer1g"", ""Ifi30"", ""Unc93b1"", ""Fcgr3"", ""Pdia3"", ""Fcgr2b"", ""Hfe"", ""Trem2"", ""Fcgr1"", ""Ide"", ""Slc11a1"", ""Ctse"")"
"1092","GOBP_CELLULAR_RESPONSE_TO_INTERLEUKIN_1","0.0020828582519419","0.0121270985531846","0.431707695803346","0.587776841663968","1.81550918090804","36","c(""Zbp1"", ""Irf1"", ""Nfkb1"", ""Rora"", ""Ccl5"", ""Ikbkb"", ""Cebpb"", ""Ccl4"", ""Ccl3"", ""Il1r1"", ""Ccl8"", ""Ccl6"", ""Sirpa"", ""Zc3h12a"", ""Ccl17"", ""Cd40"", ""Il1r2"", ""Mapk13"", ""Il1b"", ""Xcl1"", ""Mylk3"", ""Irak1"", ""Saa3"")"
"1093","GOBP_REGULATION_OF_RECEPTOR_MEDIATED_ENDOCYTOSIS","0.00102399447826303","0.00672060142867225","0.45505986738723","0.58200320481239","1.81593624911193","39","c(""B2m"", ""Itgb3"", ""Ccr7"", ""Aak1"", ""Unc119"", ""Cd63"", ""Trf"", ""Ldlrap1"", ""Dtnbp1"", ""Anxa2"", ""Hip1r"", ""Syt11"", ""Bmp2k"", ""Plcg2"", ""Hfe"", ""C3"", ""Plk2"", ""Pacsin1"", ""App"", ""Bicd1"", ""Ophn1"", ""Apoc1"", ""Il4"", ""Clu"", ""Dab2"")"
"1094","GOBP_NEGATIVE_REGULATION_OF_WOUND_HEALING","0.00439841320426492","0.0216895096530174","0.407017918923954","0.683142770405395","1.81599910115418","19","c(""Pdgfa"", ""Cd9"", ""Apoe"", ""Ubash3b"", ""Smad3"", ""Plaur"", ""Anxa2"", ""Tnf"", ""Pdgfb"", ""Plat"")"
"1095","GOBP_LIPOSACCHARIDE_METABOLIC_PROCESS","0.00288145091518067","0.0155720430387573","0.431707695803346","0.649019209748943","1.81789790559827","23","c(""Gm2a"", ""Hexb"", ""B4galnt1"", ""St8sia4"", ""St6galnac3"", ""St6galnac4"", ""Crem"", ""St3gal4"", ""St8sia6"", ""Naga"", ""St3gal6"", ""B4galt5"", ""B4galt4"", ""Prkcd"")"
"1096","GOBP_REGULATED_EXOCYTOSIS","0.000437410231196081","0.00335816288609039","0.49849310876659","0.535651437527603","1.81887279214689","62","c(""Nkg7"", ""P2rx7"", ""Orai1"", ""Snca"", ""Notch1"", ""Fcer1g"", ""Rapgef4"", ""Syngr2"", ""Cd160"", ""Myo1f"", ""Dtnbp1"", ""Cd300a"", ""Stx11"", ""Lyn"", ""Rab44"", ""Lat2"", ""Nr4a3"", ""Ccr2"", ""Spi1"", ""Syt11"", ""Rab27a"", ""Lgals9"", ""Fgr"", ""Hmox1"", ""Fes"", ""Milr1"")"
"1097","TABULA_MURIS_SENIS_BROWN_ADIPOSE_TISSUE_B_CELL_AGEING","3.12310392144343e-05","0.000358937895580723","0.557332238758646","0.478673901986275","1.81892056579354","129","c(""Klf2"", ""Bst2"", ""Rps3"", ""Vim"", ""B2m"", ""Irgm1"", ""Dtx1"", ""Prr13"", ""Ly6a"", ""Lgals3bp"", ""Psmb9"", ""Rasgrp2"", ""Cotl1"", ""Capg"", ""Irf8"", ""Cd9"", ""Fcer1g"", ""Apoe"", ""Aldh2"", ""Ctsb"", ""Myo6"", ""Ifi30"", ""Timp2"", ""Grn"", ""Cdkn1a"", ""Lgals3"", ""Cst3"", ""Tmed3"", ""Tmem176b"", ""Vsir"", ""Tmem176a"", ""Hexb"", ""Pou2f2"", ""Anxa4"", ""Gadd45g"", ""Anxa2"", ""Hsp90b1"", ""Dusp5"", ""Cd68"", ""Icam1"", ""C1qb"", ""Syt11"", ""Lair1"", ""Fcgrt"", ""Lmna"", ""Pltp"")"
"1098","GOCC_VACUOLAR_MEMBRANE","0.00131949553803304","0.00840811878957718","0.45505986738723","0.572170167524084","1.81910819632527","43","c(""Nkg7"", ""Anxa6"", ""B2m"", ""Irgm1"", ""Igtp"", ""Ifitm3"", ""Ifitm2"", ""Grn"", ""Irgm2"", ""Cd63"", ""Tm6sf1"", ""Slc17a9"", ""Psen2"", ""Atp13a2"", ""Anxa2"", ""Cd68"")"
"1099","GOBP_VACUOLE_ORGANIZATION","0.00196883518906522","0.0115570827116572","0.431707695803346","0.607427903519036","1.81998340074383","30","c(""Irgm1"", ""Igtp"", ""P2rx7"", ""Grn"", ""Hexb"", ""Irgm2"", ""B4galnt1"", ""Atp13a2"", ""Creg1"", ""Tfe3"", ""Abca1"", ""Snx18"", ""Synpo2"", ""Ehmt2"", ""Ephb2"", ""Rab7b"", ""Wipi1"", ""Lrrk2"", ""Atp2a2"", ""Snx30"")"
"1100","GOBP_LYMPHOCYTE_CHEMOTAXIS","0.00256549796738816","0.014160857404207","0.431707695803346","0.624083694298343","1.82065481178139","26","c(""Ccr7"", ""Stk39"", ""Ccl5"", ""Gpr183"", ""Ccl4"", ""Ccr2"", ""Lgals9"", ""Cxcl10"", ""Ccl3"", ""Ccl8"", ""Ccl6"", ""Cxcl16"", ""Ccl17"")"
"1101","GOBP_ASTROCYTE_DEVELOPMENT","0.00169608208792806","0.0102906255000487","0.45505986738723","0.671733619956051","1.82271647631279","21","c(""Vim"", ""Grn"", ""Zeb2"", ""Adora2a"", ""C1qa"", ""Smo"", ""Ifngr1"", ""Lrp1"", ""Csf1r"", ""Trem2"", ""C5ar1"", ""App"")"
"1102","GOMF_PATTERN_RECOGNITION_RECEPTOR_ACTIVITY","0.00371142175777321","0.0190896894895331","0.431707695803346","0.697042598759698","1.82290046330853","18","c(""Trim30a"", ""Ifih1"", ""Trim30d"", ""Pglyrp1"", ""Trim5"", ""Aim2"", ""Clec4n"", ""Dmbt1"", ""Clec4e"", ""Trim30c"", ""Clec4d"", ""Trim30b"")"
"1103","GOBP_POSITIVE_REGULATION_OF_T_CELL_CYTOKINE_PRODUCTION","0.00288399783539003","0.0155720430387573","0.431707695803346","0.728406147763723","1.82293291097643","16","c(""Rsad2"", ""B2m"", ""Il18r1"", ""Arid5a"", ""Cd55"", ""Gata3"", ""Il18"", ""Malt1"", ""Il1r1"")"
"1104","GOBP_REGULATION_OF_MORPHOGENESIS_OF_AN_EPITHELIUM","0.00395488676287724","0.0200862596372695","0.407017918923954","0.686281829022178","1.82434366377491","19","c(""Pdgfa"", ""Pik3cd"", ""Etv5"", ""Gata3"", ""Cxcl10"", ""Smo"", ""Foxp1"", ""Cdh1"", ""Ar"", ""Hgf"", ""Tnf"")"
"1105","GOBP_NEGATIVE_REGULATION_OF_LYMPHOCYTE_ACTIVATION","0.00026129758698061","0.00220698330093343","0.49849310876659","0.51097175402387","1.826459623457","83","c(""Slfn1"", ""Smad7"", ""Dtx1"", ""Gimap3"", ""Runx3"", ""Irf1"", ""Gimap5"", ""Cd274"", ""Cd74"", ""Il2ra"", ""Btla"", ""Dapl1"", ""Lgals3"", ""Zbtb7b"", ""Vsir"", ""Lax1"", ""Anxa1"", ""Pglyrp1"", ""Cd44"", ""Tyrobp"", ""Axl"", ""Nfkbid"", ""Cd86"", ""Cd300a"", ""Cebpb"", ""Lyn"", ""Adora2a"", ""Pdcd1lg2"", ""Ndfip1"", ""Runx1"", ""Lgals9"", ""Fgr"", ""Cblb"", ""Havcr2"", ""Id2"", ""Fcgr2b"")"
"1106","STEARMAN_LUNG_CANCER_EARLY_VS_LATE_DN","0.00179746242707461","0.0107989868284243","0.45505986738723","0.609771481017363","1.82700525818666","30","c(""Ctss"", ""Rasgrp2"", ""Cotl1"", ""Sat1"", ""Ly75"", ""Cd68"", ""Plet1"", ""Ccl3"", ""Mpeg1"", ""Socs3"", ""Ccl6"", ""Lpl"", ""Lyz2"", ""Csf2rb"", ""Lcn2"", ""Csf2rb2"", ""Ctsz"", ""Apoc1"", ""Bcl2l11"", ""Clec4a2"", ""Spp1"", ""Snd1"", ""Syk"")"
"1107","GOBP_POSITIVE_REGULATION_OF_OSTEOCLAST_DIFFERENTIATION","0.00375561275849944","0.0192651513148429","0.431707695803346","0.664015700690189","1.82882146624173","22","c(""Itgb3"", ""Ninj1"", ""Tyrobp"", ""Ccl5"", ""Tmem64"", ""Fos"", ""Tnfsf11"", ""Ppp3ca"", ""Ccl3"", ""Gpr68"", ""Tnf"", ""Csf1r"", ""Trem2"")"
"1108","GOBP_REGULATION_OF_T_HELPER_17_TYPE_IMMUNE_RESPONSE","0.00120782551290687","0.00778301046800104","0.45505986738723","0.715897743685497","1.83122876536836","17","c(""Smad7"", ""Zbtb7b"", ""Nfkbiz"", ""Arid5a"", ""Nfkbid"", ""Il27ra"", ""Clec4n"", ""Lgals9"", ""Malt1"", ""Foxp3"", ""Zc3h12a"", ""Ephb2"")"
"1109","GOBP_REGULATION_OF_PATTERN_RECOGNITION_RECEPTOR_SIGNALING_PATHWAY","0.00256251821043335","0.0141580365480109","0.431707695803346","0.558154646547591","1.83203513860277","48","c(""Irf7"", ""Trim30a"", ""Rsad2"", ""Irgm1"", ""Igtp"", ""Ddx60"", ""Eif2ak2"", ""Ifi35"", ""Irf1"", ""Oasl1"", ""Gbp2"", ""Dhx58"", ""Gbp5"", ""Rnf125"", ""Irgm2"", ""Ninj1"", ""Lbp"", ""Cd300a"", ""Irf4"", ""Lyn"")"
"1110","GOBP_RESPONSE_TO_TUMOR_NECROSIS_FACTOR","0.000214791768038162","0.00186077158564782","0.518848077743792","0.521979641235333","1.83244845838898","75","c(""Rps3"", ""Stat1"", ""Irf1"", ""Nfkb1"", ""Zfp36l2"", ""Gbp3"", ""Zfp36l1"", ""Ripk1"", ""Traf1"", ""Rora"", ""Ccl5"", ""Ikbkb"", ""Casp1"", ""Traf5"", ""Aim2"", ""Ybx3"", ""Ccl4"", ""Tnfsf11"", ""Gch1"", ""Birc3"", ""Ccl3"", ""Tnfsf13b"", ""Tnf"", ""Asah1"", ""Krt8"", ""Txndc17"", ""Ccl8"", ""Ccl6"", ""Fabp4"", ""Naip2"", ""Zc3h12a"", ""Cxcl16"")"
"1111","GOBP_IMMUNE_RESPONSE_REGULATING_SIGNALING_PATHWAY","3.40691953122234e-06","5.28072527339463e-05","0.627256739718528","0.463696573501282","1.83292873841525","177","c(""Irf7"", ""Rps3"", ""Trim30a"", ""Rsad2"", ""Irgm1"", ""Oas3"", ""Igtp"", ""Ddx60"", ""Eif2ak2"", ""Ifih1"", ""Ifi35"", ""Irf1"", ""Oasl1"", ""Blk"", ""Nfkb1"", ""Gbp2"", ""Trim25"", ""Dhx58"", ""Ccr7"", ""Fcer1g"", ""Oas1a"", ""Btla"", ""Bcl2"", ""Ighm"", ""Gbp5"", ""Lgals3"", ""Bcl2a1d"", ""Unc93b1"", ""Lax1"", ""Rnf125"", ""Nfkbiz"", ""Irgm2"", ""Ninj1"", ""Tyrobp"", ""Casp1"", ""Cd160"", ""Nfkbid"", ""Lbp"", ""Psen2"", ""Cd86"", ""Fyb"", ""Mapkapk3"", ""Cd300a"", ""Irf4"", ""Aim2"", ""Lyn"", ""Lcp2"", ""Cd79b"", ""Clec4n"", ""Lat2"", ""Nr4a3"", ""Fosl2"", ""Plscr1"", ""Gata3"", ""Malt1"", ""Cblb"", 
""Nfatc2"", ""Foxp1"", ""Cd79a"", ""Vav3"", ""Cd38"", ""Havcr2"", ""Tifa"", ""Oas1g"", ""Prkch"", ""Plcg2"", ""Ctsh"", ""Tnf"", ""Clec4e"", ""Casp4"", ""Tmem126a"", ""Nr1h3"", ""Ffar2"", ""Foxp3"", ""Card11"", ""Trem2"")"
"1112","GOBP_REGULATION_OF_BIOMINERAL_TISSUE_DEVELOPMENT","0.00170235950717526","0.0102985567232596","0.45505986738723","0.611855837525703","1.83325043432104","30","c(""Isg15"", ""Srgn"", ""P2rx7"", ""S1pr1"", ""Notch1"", ""Ecm1"", ""Smad3"", ""Cebpb"")"
"1113","GOBP_MESONEPHROS_DEVELOPMENT","0.00219097993603773","0.0125527172159604","0.431707695803346","0.628629587104062","1.83391665740593","26","c(""Smad7"", ""Bcl2"", ""Cd44"", ""Smad3"", ""Myc"", ""Gata3"", ""Smo"", ""Pbx1"", ""Smad1"", ""Smad4"", ""Cited2"", ""Epcam"", ""Hs3st3b1"")"
"1114","ZHENG_IL22_SIGNALING_UP","0.00166431835420652","0.0101430161504332","0.45505986738723","0.612637276117348","1.83559179081332","30","c(""Iigp1"", ""Ms4a6d"", ""Slpi"", ""Ccl5"", ""Ly6c1"", ""Cd38"", ""Tifa"", ""Wfdc17"", ""Ccl8"", ""Pf4"", ""C3"", ""Thbd"", ""Plat"", ""Pfkfb3"", ""Arg1"", ""Wfdc18"", ""Inhba"", ""Tgm1"", ""Slfn9"", ""Pirb"", ""Saa3"", ""Retnla"", ""Rtn1"", ""Hp"")"
"1115","ONGUSAHA_TP53_TARGETS","0.00326381712941663","0.0172198631437023","0.431707695803346","0.701896368099487","1.83559400369478","18","c(""Ly6a"", ""Pitpnc1"", ""Tnfrsf18"", ""Cdkn1a"", ""Ddit4"", ""Sat1"", ""Pqlc3"", ""Pltp"", ""Ctsh"", ""Dgka"", ""Enpp2"", ""Srxn1"")"
"1116","GOBP_REGULATION_OF_BONE_MINERALIZATION","0.00270431234106073","0.0148149395269813","0.431707695803346","0.638702730143942","1.83672691564618","25","c(""Isg15"", ""Srgn"", ""P2rx7"", ""S1pr1"", ""Ecm1"", ""Smad3"", ""Bmp2k"", ""Csf1r"", ""Nfe2"")"
"1117","GOBP_REGULATION_OF_CD4_POSITIVE_ALPHA_BETA_T_CELL_ACTIVATION","0.000959549683946393","0.00637661348485812","0.477270815362862","0.561563409456408","1.83787919542799","47","c(""Irgm1"", ""Smad7"", ""Gimap3"", ""Runx3"", ""Irf1"", ""Gimap5"", ""Cd274"", ""Il2ra"", ""Ccr7"", ""Zbtb7b"", ""Vsir"", ""Nfkbiz"", ""Anxa1"", ""Cd44"", ""Cd160"", ""Nfkbid"", ""Cd55"", ""Cd83"", ""Ccr2"", ""Ndfip1"", ""Runx1"", ""Lgals9"", ""Gata3"", ""Il18"", ""Malt1"", ""Cblb"")"
"1118","GOBP_PYROPTOSIS","0.00316360022036179","0.0167993030220138","0.431707695803346","0.667500055929306","1.83841802194167","22","c(""Zbp1"", ""Gzma"", ""Gbp2"", ""Gbp3"", ""Gbp5"", ""Ninj1"", ""Zeb2"", ""Casp1"", ""Aim2"", ""Casp4"", ""Trem2"", ""Naip2"", ""Apip"")"
"1119","TABULA_MURIS_SENIS_TONGUE_KERATINOCYTE_AGEING","0.00213457847233775","0.0123089315789768","0.431707695803346","0.686867963183021","1.83877789241452","20","c(""Ifi27l2a"", ""Rps10"", ""B2m"", ""Eef1b2"", ""Ifitm3"", ""Rplp1"", ""Rps12"", ""Calr"", ""Slpi"")"
"1120","REACTOME_ACTIVATION_OF_THE_MRNA_UPON_BINDING_OF_THE_CAP_BINDING_COMPLEX_AND_EIFS_AND_SUBSEQUENT_BINDING_TO_43S","0.000823733467714284","0.00561058365479978","0.477270815362862","0.586677610364196","1.84002960872179","40","c(""Rps5"", ""Rpsa"", ""Rps3"", ""Rps4x"", ""Rps10"", ""Rps7"", ""Rps18"", ""Rps3a1"", ""Rps14"", ""Rps20"", ""Rps16"", ""Rps12"", ""Rps2"", ""Rps6"", ""Rps19"")"
"1121","TABULA_MURIS_SENIS_MARROW_LATE_PRO_B_CELL_AGEING","4.63809445871507e-05","0.000510546482163742","0.557332238758646","0.486389728814672","1.84086720952035","124","c(""Rps5"", ""Rpl17"", ""Rpl13"", ""Zbp1"", ""Rps3"", ""Rpl18"", ""Rps10"", ""Rps7"", ""Rps18"", ""Tmsb4x"", ""AW112010"", ""Rps14"", ""Rpl11"", ""B2m"", ""Ccnd2"", ""Eef1b2"", ""Rpl27a"", ""Prr13"", ""Igtp"", ""S100a6"", ""Rplp1"", ""Cotl1"", ""Psme2"", ""Fth1"", ""Ostf1"", ""Camp"", ""Gpx1"", ""Cst3"", ""Tmem176a"", ""Rps8"", ""Ninj1"", ""Slpi"", ""Hint1"", ""Blvrb"", ""Nabp2"", ""Eif3i"", ""Ifnar2"", ""Pqlc3"")"
"1122","GOBP_TYPE_2_IMMUNE_RESPONSE","0.00143905725752267","0.00899999277196568","0.45505986738723","0.634201459120131","1.84309013038925","27","c(""Rsad2"", ""Irf1"", ""Batf"", ""Cd74"", ""Ecm1"", ""Anxa1"", ""Il27ra"", ""Bcl3"", ""Clcf1"", ""Ccr2"", ""Ndfip1"", ""Fosl2"", ""Gata3"", ""Il18"")"
"1123","GOBP_EXTRINSIC_APOPTOTIC_SIGNALING_PATHWAY","0.00010634034095696","0.00103017205302055","0.538434096309916","0.504735682325258","1.84483066830678","92","c(""Ltb"", ""Sp100"", ""Runx3"", ""P2rx7"", ""Bcl2a1b"", ""Pml"", ""Bcl2"", ""Ripk1"", ""Gpx1"", ""Lgals3"", ""Traf1"", ""Bcl2a1d"", ""Nfkbiz"", ""Bcl2l14"", ""Tnfrsf4"", ""Psen2"", ""Smad3"", ""Skil"", ""G0s2"", ""Tnfsf10"", ""Nrp1"", ""Icam1"", ""Tnfrsf1b"", ""Spi1"", ""Pdia3"", ""Lmna"", ""Fasl"", ""Il18"", ""Atf3"", ""Hmox1"", ""Ar"", ""Hgf"", ""Tnf"", ""Trps1"", ""Krt8"", ""Zdhhc3"")"
"1124","GOBP_REGULATION_OF_TISSUE_REMODELING","0.0015310969192139","0.00949280089912619","0.45505986738723","0.602558378591932","1.8456319219446","34","c(""P2rx7"", ""S1pr1"", ""Itgb3"", ""Inpp4b"", ""Cst3"", ""Ubash3b"", ""Pparg"", ""Trf"", ""Tmem64"", ""Tnfsf11"", ""Ppp3ca"", ""Il18"", ""Cd38"", ""Klf6"", ""Lrp1"", ""Csf1r"")"
"1125","GOBP_REGULATION_OF_MYELOID_LEUKOCYTE_DIFFERENTIATION","0.00022459725289252","0.00193403189990781","0.518848077743792","0.530156950270806","1.84608378110552","70","c(""Tesc"", ""Itgb3"", ""Clec2d"", ""Cd74"", ""Zfp36l1"", ""Ripk1"", ""Inpp4b"", ""Ninj1"", ""Ubash3b"", ""Tyrobp"", ""Ccl5"", ""Tmem64"", ""Cebpb"", ""Zbtb7a"", ""Fos"", ""Lyn"", ""Myc"", ""Tnfsf11"", ""Trib1"", ""Ndfip1"", ""Runx1"", ""Ppp3ca"", ""Ccl3"", ""Foxp1"", ""Id2"", ""Gpr68"", ""Tnf"", ""Fes"", ""Csf1r"", ""C1qc"", ""Trem2"", ""Cdk6"", ""Tfe3"", ""Jun"", ""Gfi1b"", ""Fstl3"")"
"1126","WP_MICROGLIA_PATHOGEN_PHAGOCYTOSIS_PATHWAY","0.00114600805364036","0.00740965738610173","0.45505986738723","0.680405686668904","1.84624770716325","21","c(""Pik3cd"", ""Fcer1g"", ""Ncf4"", ""Tyrobp"", ""Lyn"", ""C1qa"", ""C1qb"", ""Ncf2"", ""Vav3"", ""Plcg2"", ""Cybb"", ""Hck"", ""Ncf1"", ""C1qc"", ""Trem2"", ""Fcgr1"", ""Itgam"", ""Siglece"", ""Pik3r6"")"
"1127","WP_TYROBP_CAUSAL_NETWORK_IN_MICROGLIA","0.00212316527860153","0.0122869352903933","0.431707695803346","0.613285422754031","1.84624927650113","32","c(""Maf"", ""Runx3"", ""Zfp36l2"", ""Capg"", ""Rgs1"", ""Gpx1"", ""Tyrobp"", ""Tnfrsf1b"", ""Il10ra"", ""Tmem106a"", ""Il18"", ""Ncf2"", ""Lyl1"", ""Rnase6"", ""C1qc"", ""Cxcl16"", ""C3"", ""Itgam"", ""Lhfpl2"", ""Slc7a7"")"
"1128","TABULA_MURIS_SENIS_SPLEEN_CD8_POSITIVE_ALPHA_BETA_T_CELL_AGEING","4.82267053509057e-05","0.00052782472364016","0.557332238758646","0.503231821523147","1.84700583411588","99","c(""Ms4a4b"", ""Klf2"", ""Gimap4"", ""Vim"", ""Tmsb4x"", ""AW112010"", ""Nkg7"", ""Gng2"", ""Prr13"", ""S100a6"", ""Ly6a"", ""Ctla2a"", ""Cd7"", ""Lgals1"", ""Cotl1"", ""Fth1"", ""Bcl2a1b"", ""Junb"", ""Ier2"", ""Cst7"", ""Gm8369"", ""Glrx"", ""Rgs1"", ""Serpina3g"", ""S100a11"", ""Cdkn1a"", ""Lgals3"", ""Lax1"", ""Pglyrp1"", ""Ccl5"", ""Casp1"", ""Gimap7"", ""Myo1f"", ""Cebpb"", ""Anxa2"", ""Ybx3"", ""Fos"", ""Ccl4"", ""Bcl3"", ""Bhlhe40"", ""Hopx"", ""Syt11"", ""Fcgrt"", ""Ndfip1"", ""Fasl"", ""Ckb"", ""Ier3"", ""Etfb"", ""Id2"", ""Zyx"", ""Crip2"")"
"1129","GOBP_CARDIAC_MUSCLE_TISSUE_MORPHOGENESIS","0.00195214051750409","0.0114825906337292","0.45505986738723","0.690177220344805","1.84763692971946","20","c(""Smad7"", ""Chd7"", ""S1pr1"", ""Notch1"", ""Eng"", ""Heg1"", ""Ly6e"")"
"1130","LANDIS_BREAST_CANCER_PROGRESSION_DN","0.00140093710031188","0.00878073690741929","0.45505986738723","0.635820041396211","1.8477939874608","27","c(""Plac8"", ""S100a6"", ""Crip1"", ""Ahnak"", ""Nrp1"", ""Etfb"", ""Decr1"", ""Mrc1"", ""Nr1h3"", ""Mfng"", ""St3gal6"", ""Thbd"")"
"1131","GOBP_ANTIVIRAL_INNATE_IMMUNE_RESPONSE","0.00184267797539121","0.0109624047602371","0.45505986738723","0.690808290396274","1.84932633397385","20","c(""Zbp1"", ""Ifit3"", ""Eif2ak2"", ""Ifih1"", ""Trim25"", ""Dhx58"", ""Ifit3b"", ""Oas1a"", ""Ifit2"")"
"1132","chr8B3","0.00420506808666027","0.020988742799823","0.407017918923954","0.615407510676158","1.85185807211246","31","c(""Klf2"", ""Bst2"", ""Rpl18a"", ""Ddx60"", ""Ifi30"", ""Mvb12a"", ""Tpm4"", ""Pgls"", ""Pbx4"", ""Cyp4f18"", ""Lrrc25"")"
"1133","TABULA_MURIS_SENIS_KIDNEY_KIDNEY_CORTEX_ARTERY_CELL_AGEING","0.00153720841221727","0.00951707025629106","0.45505986738723","0.746139374137529","1.85266927352921","15","c(""Ifi27l2a"", ""Plac8"", ""Rps10"", ""B2m"", ""Ctla2a"", ""Fth1"", ""Cd74"", ""Apoe"", ""Eng"", ""Napsa"")"
"1134","CHIARADONNA_NEOPLASTIC_TRANSFORMATION_KRAS_CDC25_UP","0.000699936874950482","0.00493575610337165","0.477270815362862","0.594851819054727","1.85602582965133","39","c(""Tmsb4x"", ""Cytip"", ""Itgb7"", ""Fxyd5"", ""Pdgfa"", ""Capg"", ""Cd9"", ""Evi2a"", ""Vamp5"", ""Cdkn1a"")"
"1135","GOBP_NEGATIVE_REGULATION_OF_INNATE_IMMUNE_RESPONSE","0.00114834248380578","0.00741637854124565","0.45505986738723","0.600949226356186","1.85619568579903","36","c(""Isg15"", ""Parp14"", ""Oas3"", ""Samhd1"", ""Clec2d"", ""Dhx58"", ""Trafd1"", ""Rps19"", ""Oas1a"", ""Grn"", ""Nlrc5"", ""Pparg"", ""Stat2"", ""Serpinb9"", ""Lgals9"", ""Dusp10"", ""Havcr2"", ""Oas1g"", ""Mmp12"")"
"1136","GAUSSMANN_MLL_AF4_FUSION_TARGETS_F_UP","0.000293735942954338","0.00242734241043679","0.49849310876659","0.531403252147814","1.85748902504715","73","c(""Isg15"", ""Gm2a"", ""Mme"", ""Ifih1"", ""Lgals3bp"", ""Atp8b4"", ""Zfp36l1"", ""Ecm1"", ""Tmem176b"", ""Serpinb1a"", ""Tmem176a"", ""Nfkbiz"", ""St3gal5"", ""Ly6c1"", ""Rrad"", ""Pik3ip1"", ""Ahr"", ""Ly6e"", ""Nr4a3"", ""Fcgrt"", ""Lgals9"", ""Il18"", ""Tgfb3"", ""Decr1"", ""Plcg2"", ""Ablim1"", ""Ctsh"", ""Ifi44"", ""Fbln1"", ""Arsb"", ""Tmem141"", ""Map3k8"")"
"1137","GOBP_INNATE_IMMUNE_RESPONSE_ACTIVATING_SIGNALING_PATHWAY","9.63300982072458e-05","0.000947603967784828","0.538434096309916","0.508008200095127","1.85860822496784","96","c(""Irf7"", ""Trim30a"", ""Rsad2"", ""Irgm1"", ""Oas3"", ""Igtp"", ""Ddx60"", ""Eif2ak2"", ""Ifih1"", ""Ifi35"", ""Irf1"", ""Oasl1"", ""Gbp2"", ""Trim25"", ""Dhx58"", ""Oas1a"", ""Gbp5"", ""Unc93b1"", ""Rnf125"", ""Nfkbiz"", ""Irgm2"", ""Ninj1"", ""Tyrobp"", ""Casp1"", ""Lbp"", ""Cd86"", ""Mapkapk3"", ""Cd300a"", ""Irf4"", ""Aim2"", ""Lyn"", ""Clec4n"", ""Havcr2"", ""Tifa"", ""Oas1g"", ""Plcg2"", ""Tnf"", ""Clec4e"", ""Casp4"", ""Tmem126a"", ""Nr1h3"", ""Ffar2"")"
"1138","HOLLERN_MICROACINAR_BREAST_TUMOR_UP","0.00138993281298877","0.00875125236882755","0.45505986738723","0.748642457270054","1.85888444641709","15","c(""Tesc"", ""Smpdl3a"", ""Bcl2l14"", ""Nr4a1"", ""Iqgap2"", ""Chn2"", ""Rassf3"", ""Sidt1"", ""Upb1"")"
"1139","GOBP_MUSCLE_ORGAN_MORPHOGENESIS","0.00231258474607425","0.0131704801576324","0.431707695803346","0.675467238433761","1.86036110909228","22","c(""Smad7"", ""Chd7"", ""S1pr1"", ""Notch1"", ""Eng"", ""Arid5b"", ""Heg1"", ""Ly6e"", ""Serp1"", ""Smad4"")"
"1140","GOMF_TUMOR_NECROSIS_FACTOR_RECEPTOR_BINDING","0.000837533605337427","0.00569781165671429","0.477270815362862","0.727823416072298","1.86173400793085","17","c(""Stat1"", ""Ltb"", ""Traf1"", ""Cd40lg"", ""Traf5"", ""Tnfsf10"", ""Tnfsf11"", ""Tnfsf8"", ""Lta"", ""Fasl"", ""Tnfsf13b"", ""Tnf"", ""Nucb2"")"
"1141","MIKKELSEN_IPS_LCP_WITH_H3K4ME3","0.000709674550580419","0.00498162000927626","0.477270815362862","0.567511939337362","1.86257836162311","49","c(""Xaf1"", ""Oas3"", ""Emp3"", ""Ifi35"", ""Hvcn1"", ""Capg"", ""Sema4a"", ""Sytl1"", ""Glrx"", ""Podnl1"", ""G430095P16Rik"", ""Snx10"", ""Ebi3"", ""Pdgfrb"", ""Cd68"", ""Hdc"", ""Vwa5a"", ""Spi1"", ""Cd79a"")"
"1142","GOBP_REGULATION_OF_TYPE_2_IMMUNE_RESPONSE","0.00149774629325083","0.00930614842014462","0.45505986738723","0.69609532447649","1.86347997325277","20","c(""Rsad2"", ""Irf1"", ""Cd74"", ""Ecm1"", ""Anxa1"", ""Il27ra"", ""Clcf1"", ""Ccr2"", ""Ndfip1"", ""Gata3"", ""Il18"")"
"1143","GOBP_POSITIVE_REGULATION_OF_TYROSINE_PHOSPHORYLATION_OF_STAT_PROTEIN","0.00157458882477447","0.00970996441944259","0.45505986738723","0.639854035102909","1.86666201743599","26","c(""Parp9"", ""Parp14"", ""Il6ra"", ""Tnfrsf18"", ""Pecam1"", ""Ccl5"", ""Lyn"", ""Clcf1"", ""Il18"", ""Tnf"", ""Il15"", ""Csf1r"", ""Igf1"")"
"1144","GOBP_PHAGOCYTOSIS_ENGULFMENT","0.00159801085005487","0.00981219724310991","0.45505986738723","0.666732834678416","1.86751363526565","23","c(""Fcer1g"", ""Pparg"", ""Lbp"", ""Cd300a"", ""Aif1"", ""Fcgr3"", ""Fcgr2b"", ""Plcg2"", ""Trem2"", ""Sirpa"", ""Fcgr1"", ""Abca1"", ""C3"", ""Alox15"", ""Itgam"", ""Treml4"", ""Siglece"")"
"1145","GOBP_CHONDROCYTE_DIFFERENTIATION","0.00335901179569129","0.0176571334998071","0.431707695803346","0.620642916530395","1.86761223244323","31","c(""Anxa6"", ""Smad7"", ""Maf"", ""Runx3"", ""Ecm1"", ""Arid5a"", ""Smad3"", ""Runx2"", ""Sox5"", ""Fosl2"", ""Runx1"", ""Rarg"")"
"1146","TABULA_MURIS_SENIS_LIMB_MUSCLE_SKELETAL_MUSCLE_SATELLITE_CELL_AGEING","0.000254694949402577","0.00215757095247235","0.49849310876659","0.560193105029319","1.86863916964777","58","c(""Klf2"", ""Rpl13"", ""Isg20"", ""B2m"", ""Ifi27"", ""S100a6"", ""Srgn"", ""Ifitm3"", ""Rpl14"", ""Fth1"", ""Capg"", ""Junb"", ""Apoe"", ""Zfp36l1"", ""Ifitm2"", ""Cdkn1a"", ""Cst3"", ""Tmem176b"", ""Tmem176a"", ""Anxa1"", ""Cd63"", ""Hint1"", ""Skil"", ""Gadd45b"", ""Gadd45g"", ""Fos"")"
"1147","GOMF_CYTOKINE_RECEPTOR_BINDING","0.000112242822533251","0.00107824553974572","0.538434096309916","0.512328198906153","1.86864303511232","90","c(""Stat1"", ""Ltb"", ""Smad7"", ""Il6ra"", ""Itgb3"", ""Ecm1"", ""Ripk1"", ""Traf1"", ""Eng"", ""Cd40lg"", ""Cd44"", ""Ccl5"", ""Smad3"", ""Traf5"", ""Ebi3"", ""Ccrl2"", ""Lyn"", ""Tnfsf10"", ""Ccl4"", ""Tnfsf11"", ""Clcf1"", ""Tnfsf8"", ""Lta"", ""Gata3"", ""Fasl"", ""Il18"", ""Cxcl10"", ""Ddt"", ""Ccl3"", ""Tgfb3"", ""Tnfsf13b"", ""Tnf"", ""Il15"", ""Ccl8"", ""Ccl6"", ""Nucb2"", ""Cxcl16"", ""Pf4"", ""Cd300lf"", ""Socs2"")"
"1148","NADLER_OBESITY_UP","0.00101763989967002","0.00670053366774689","0.45505986738723","0.605024572396386","1.86878350421395","36","c(""Ifi27"", ""Ctss"", ""Fxyd5"", ""Alox5ap"", ""Capg"", ""Lgmn"", ""Fcer1g"", ""Ctsb"", ""Ifi30"", ""Grn"", ""Lgals3"", ""Lbp"", ""Tpm4"", ""Cd68"", ""C1qb"", ""Fcgr3"", ""Pltp"", ""Ckb"", ""Mrc1"", ""Lrp1"", ""Csf1r"")"
"1149","GOBP_REGULATION_OF_RECEPTOR_SIGNALING_PATHWAY_VIA_STAT","0.00320545868204104","0.0169744280161638","0.431707695803346","0.621101099264157","1.86899097641256","31","c(""Parp14"", ""Gbp7"", ""Il6ra"", ""Irf1"", ""Il7r"", ""Notch1"", ""Gbp3"", ""Pparg"", ""Inpp5f"", ""Cd300a"", ""Il10ra"", ""Bcl3"")"
"1150","GOBP_LYMPHOCYTE_ACTIVATION_INVOLVED_IN_IMMUNE_RESPONSE","2.97584143425889e-05","0.000343389348601101","0.575610261071129","0.505353450584956","1.86991244810126","105","c(""Nkg7"", ""Smad7"", ""Il6ra"", ""Irf1"", ""Lgals1"", ""Lfng"", ""Rps6"", ""Batf"", ""Cd74"", ""Irf8"", ""Ccr7"", ""Fcer1g"", ""Lcp1"", ""Sema4a"", ""Il18r1"", ""Relb"", ""Lgals3"", ""Rora"", ""Zbtb7b"", ""Swap70"", ""Nfkbiz"", ""Cd40lg"", ""Anxa1"", ""Pglyrp1"", ""Stat4"", ""Cd160"", ""Nfkbid"", ""Psen2"", ""Gadd45g"", ""Irf4"", ""Stx11"", ""Gpr183"", ""Icam1"", ""Il27ra"", ""Bcl3"", ""Clcf1"", ""Ccr2"", ""Spi1"", ""Ndfip1"", ""Rab27a"", ""Lgals9"", ""Gata3"", ""Il18"", ""Malt1"", ""Foxp1"", ""Itgal"", ""Havcr2"")"
"1151","HOFFMANN_PRE_BI_TO_LARGE_PRE_BII_LYMPHOCYTE_DN","0.000404927797482805","0.00315524581326615","0.49849310876659","0.584685155923717","1.87091668802163","44","c(""Gimap4"", ""Ltb"", ""Ccnd2"", ""Fxyd5"", ""Ly6a"", ""Gbp7"", ""Cd9"", ""Actn1"", ""Bcl2"", ""Ahnak"", ""Eng"", ""Anxa1"", ""Stat4"", ""Ifit2"", ""Ccl5"", ""Adgrg3"", ""Tgtp1"", ""Anxa2"", ""Runx2"", ""Tcn2"", ""Ppic"", ""Akr1c13"")"
"1152","TABULA_MURIS_SENIS_MAMMARY_GLAND_BASAL_CELL_AGEING","1.0117081533596e-05","0.000136200616420594","0.593325476396405","0.491432252757372","1.87101479309391","131","c(""Klf2"", ""Vim"", ""Rpl3"", ""Smad7"", ""Ly6a"", ""Irf1"", ""Zfp36l2"", ""Junb"", ""Apoe"", ""Ier2"", ""Aldh2"", ""Gem"", ""Timp2"", ""Zfp36l1"", ""Ifitm2"", ""Foxo1"", ""Ripk1"", ""Grn"", ""Cdkn1a"", ""Cst3"", ""Arid5a"", ""Slpi"", ""Nr4a1"", ""Arid5b"", ""Trf"", ""Dst"", ""Skil"", ""Gadd45b"", ""Rbpms"", ""Cebpb"", ""Gadd45g"", ""Ier5"", ""Nfix"", ""Fos"", ""Cish"", ""Icam1"", ""Ly6e"", ""Mgst1"", ""Bcl3"", ""Phlda1"", ""Bhlhe40"", ""Trib1"", ""Fcgrt"", ""Fosl2"", ""Lmna"", ""Lgals9"", ""Plscr1"", ""Pltp"", ""Atf3"", ""Ier3"", ""Rnf19b"", ""Sgk1"", ""Crem"", ""Nfic"", ""Nr4a2"", ""Lrp1"", ""Ppp1r15a"", 
""Socs3"", ""Fosb"", ""Creb5"", ""Pdlim7"")"
"1153","TABULA_MURIS_SENIS_KIDNEY_PODOCYTE_AGEING","0.000100325273936418","0.0009818522969716","0.538434096309916","0.513230000241968","1.87162797214245","91","c(""Rpsa"", ""Bst2"", ""Rplp0"", ""Rps10"", ""Rps18"", ""Rpl32"", ""B2m"", ""Igfbp4"", ""Rps16"", ""Eef1b2"", ""Rpl23"", ""Ly6a"", ""Lgals3bp"", ""Rplp1"", ""Rps12"", ""Lgals1"", ""Cotl1"", ""Rps2"", ""Fth1"", ""Cd74"", ""Lgmn"", ""Rps19"", ""Apoe"", ""Aldh2"", ""Ctsb"", ""Gpx1"", ""Tmem176b"", ""Tmem176a"", ""Cd63"", ""Hint1"", ""Napsa"")"
"1154","GOBP_REGULATION_OF_OSTEOCLAST_DIFFERENTIATION","0.000519004089324584","0.00385555498999545","0.477270815362862","0.596946199239573","1.87223555494625","40","c(""Itgb3"", ""Clec2d"", ""Inpp4b"", ""Ninj1"", ""Ubash3b"", ""Tyrobp"", ""Ccl5"", ""Tmem64"", ""Cebpb"", ""Zbtb7a"", ""Fos"", ""Tnfsf11"", ""Ppp3ca"", ""Ccl3"", ""Gpr68"", ""Tnf"", ""Csf1r"", ""Trem2"", ""Tfe3"", ""Fstl3"")"
"1155","GOBP_VIRAL_GENOME_REPLICATION","0.000254694949402577","0.00215757095247235","0.49849310876659","0.561337908005843","1.872457895127","58","c(""Isg15"", ""Bst2"", ""Isg20"", ""Rsad2"", ""Eef1a1"", ""Oas3"", ""Gbp7"", ""Oasl2"", ""Eif2ak2"", ""Ifih1"", ""Ifitm3"", ""Oasl1"", ""Apobec3"", ""Notch1"", ""Oas1a"", ""Bcl2"", ""Gbp3"", ""Ifitm2"", ""Slpi"", ""Fam111a"", ""Ccl5"")"
"1156","GOBP_POSITIVE_REGULATION_OF_MYELOID_LEUKOCYTE_DIFFERENTIATION","0.00056661786377293","0.00413629287029402","0.477270815362862","0.600722147034132","1.87434212290166","39","c(""Tesc"", ""Itgb3"", ""Cd74"", ""Zfp36l1"", ""Ripk1"", ""Ninj1"", ""Tyrobp"", ""Ccl5"", ""Tmem64"", ""Fos"", ""Tnfsf11"", ""Trib1"", ""Runx1"", ""Ppp3ca"", ""Ccl3"", ""Id2"", ""Gpr68"", ""Tnf"", ""Fes"", ""Csf1r"", ""Trem2"", ""Jun"", ""Gfi1b"", ""Itgam"")"
"1157","NABA_MATRISOME_ASSOCIATED","8.05687305369523e-07","1.4953452091567e-05","0.659444398037935","0.475727503743245","1.87497222152379","185","c(""Ltb"", ""Anxa6"", ""Ctss"", ""S100a6"", ""S100a4"", ""Pdgfa"", ""Lgals1"", ""Clec2d"", ""Ctsw"", ""Sema4a"", ""Cst7"", ""Ctsb"", ""Timp2"", ""Serpina3g"", ""S100a11"", ""Lgals3"", ""Cst3"", ""Serpinb1a"", ""Serpinb6b"", ""Anxa1"", ""Adam19"", ""Slpi"", ""Ccl5"", ""Anxa4"", ""Pik3ip1"", ""Ebi3"", ""Anxa2"", ""Plxnc1"", ""Tnfsf10"", ""Ccl4"", ""Tnfsf11"", ""C1qa"", ""Clec4n"", ""Serpinb9"", ""Clcf1"", ""C1qb"", ""Ctsc"", ""Clec12a"", ""Tnfsf8"", ""Sdc3"", ""Lta"", ""Lgals9"", ""Fasl"", ""Il18"", ""Cxcl10"", ""Ccl3"", ""Sema6d"", ""Tgfb3"", ""Hgf"", ""Grifin"", ""Fam20a"", ""Mmp12"", ""Tnfsf13b"", ""Ctsh"", 
""Tnf"", ""Clec4e"", ""Il15"", ""Ccl8"", ""C1qc"", ""Ccl6"", ""Mmp9"", ""Serpina3f"", ""Mmp11"", ""Clec4a3"", ""Igf1"", ""Pf4"", ""Fstl3"", ""Clec4d"", ""Ctse"", ""Pdgfb"", ""Sulf2"")"
"1158","VANLOO_SP3_TARGETS_DN","0.000490435881660776","0.0037057309371865","0.477270815362862","0.597833983818915","1.87501996308336","40","c(""Klk8"", ""Cd82"", ""Lgmn"", ""Evi2a"", ""Glrx"", ""Ifi30"", ""Lgals3"", ""Rnh1"", ""Il18rap"", ""Anxa4"", ""Pqlc3"", ""C1qb"", ""Dapk2"", ""P2rx4"", ""Pdzk1ip1"", ""Cfp"", ""Ydjc"", ""Cisd3"", ""Ctsh"", ""Khk"", ""Upb1"", ""Krt8"", ""Ptgr1"", ""Nxpe2"", ""Nme4"", ""Mfsd10"", ""Fcna"")"
"1159","GOBP_POSITIVE_REGULATION_OF_APOPTOTIC_SIGNALING_PATHWAY","0.000157245569674498","0.00143599258293511","0.518848077743792","0.545631937709504","1.87550545101706","66","c(""Rps3"", ""Rps7"", ""Ltb"", ""Rpl11"", ""Ctss"", ""Runx3"", ""Rpl26"", ""Pml"", ""Ripk1"", ""Bcl2l14"", ""Psen2"", ""Skil"", ""G0s2"", ""Tnfsf10"", ""Adora2a"", ""Myc"", ""Ctsc"", ""Pdia3"", ""Plscr1"", ""Atf3"", ""Ctsh"", ""Tnf"", ""Trps1"")"
"1160","GOBP_NEGATIVE_REGULATION_OF_RESPONSE_TO_BIOTIC_STIMULUS","0.000254694949402577","0.00215757095247235","0.49849310876659","0.562273562167683","1.87557896177413","58","c(""Isg15"", ""Trim30a"", ""Irgm1"", ""Parp14"", ""Oas3"", ""Igtp"", ""Samhd1"", ""Clec2d"", ""Dhx58"", ""Trafd1"", ""Rps19"", ""Oas1a"", ""Grn"", ""Rnf125"", ""Irgm2"", ""Nlrc5"", ""Pparg"", ""Stat2"", ""Ahr"", ""Serpinb9"", ""Trib1"", ""Lgals9"", ""Dusp10"", ""Havcr2"", ""Oas1g"", ""Mmp12"")"
"1161","GOBP_IMMUNE_EFFECTOR_PROCESS","9.37269886135288e-09","2.68762139849294e-07","0.747739663149885","0.450415586751727","1.87805296075333","291","c(""Bst2"", ""Irf7"", ""Rsad2"", ""Nkg7"", ""B2m"", ""Smad7"", ""Gimap3"", ""Ddx60"", ""Il6ra"", ""Ifi35"", ""P2rx7"", ""Irf1"", ""Lgals1"", ""Lfng"", ""Gimap5"", ""Rps6"", ""Batf"", ""Clec2d"", ""Cd74"", ""Dhx58"", ""Irf8"", ""Il7r"", ""Rps19"", ""Ccr7"", ""Fcer1g"", ""Lcp1"", ""Sema4a"", ""Il18r1"", ""Relb"", ""Ighm"", ""Grn"", ""Lgals3"", ""Rora"", ""Unc93b1"", ""Zbtb7b"", ""Swap70"", ""Vsir"", ""Mzb1"", ""Nfkbiz"", ""Cd40lg"", ""Arid5a"", ""Anxa1"", ""Pglyrp1"", ""Tyrobp"", ""Stat4"", ""Il18rap"", ""Pou2f2"", ""Axl"", ""Casp1"", ""Cd160"", ""Nfkbid"", ""Lbp"", ""Tnfrsf4"", ""Psen2"", ""Cd86"", ""Myo1f"", 
""Dpp4"", ""Cd300a"", ""Cebpb"", ""Gadd45g"", ""Irf4"", ""Stx11"", ""Gpr183"", ""Lyn"", ""Rab44"", ""Ahr"", ""Icam1"", ""Tnfrsf1b"", ""C1qa"", ""Il27ra"", ""Serpinb9"", ""Bcl3"", ""Il2rb"", ""Clcf1"", ""Lat2"", ""C1qb"", ""Ctsc"", ""Cd55"", ""Nr4a3"", ""Ccr2"", ""Spi1"", ""Fcgr3"", ""Ndfip1"", ""Fosl2"", ""Rab27a"", ""Lta"", ""Lgals9"", ""Gata3"", ""Il18"", ""Malt1"", ""Fgr"", ""Foxp1"", ""Dusp10"", ""Hmox1"", ""Itgal"", ""Havcr2"", ""Il1r1"", ""Cfp"", ""Rnf19b"", ""Tgfb3"", ""Litaf"", ""Fcgr2b"", ""Irf5"", ""Plcg2"", ""Ctsh"", ""Tnf"", ""Fes"", ""Clec4e"", ""Milr1"", ""Lrp1"", ""Casp4"", ""Ffar2"", ""Mfng"", 
""Ncf1"", ""Foxp3"", ""C1qc"", ""Hfe"", ""Trem2"", ""Fcgr1"", ""Pnp"", ""Zc3h12a"", ""Scimp"")"
"1162","GOBP_POSITIVE_REGULATION_OF_PHAGOCYTOSIS","0.00167956518611483","0.0102145348275382","0.45505986738723","0.611115946718945","1.87890843166284","35","c(""Calr"", ""Ccr7"", ""Fcer1g"", ""Pparg"", ""Lbp"", ""Il2rb"", ""Il15ra"", ""Fcgr3"", ""Rab27a"", ""Cfp"", ""Fcgr2b"", ""Plcg2"", ""Tnf"", ""Il15"", ""Lrp1"", ""Trem2"", ""Sirpa"", ""Fcgr1"", ""C3"", ""Slc11a1"", ""Cd300lf"")"
"1163","GOBP_REGULATION_OF_CANONICAL_NF_KAPPAB_SIGNAL_TRANSDUCTION","0.000102980273389842","0.00100270266195373","0.538434096309916","0.53188579626982","1.87925429482566","77","c(""Trim30a"", ""Stat1"", ""Ltb"", ""Irgm1"", ""Igtp"", ""Gbp7"", ""S100a4"", ""Trim30d"", ""Trim25"", ""Cd74"", ""Trim34a"", ""Gbp3"", ""Ripk1"", ""Traf1"", ""Rora"", ""Irgm2"", ""Ikbkb"", ""Casp1"", ""Trim5"", ""Nfkbid"", ""Card6"", ""Traf5"", ""Tnfsf10"", ""Tnfsf11"", ""Clec4n"", ""Tmem106a"", ""Fasl"", ""Capn3"", ""Tifa"", ""Plcg2"", ""Mtdh"", ""Tnf"")"
"1164","GOBP_REGULATION_OF_PRODUCTION_OF_MOLECULAR_MEDIATOR_OF_IMMUNE_RESPONSE","6.59160210519178e-05","0.000683595625194844","0.538434096309916","0.513865708757879","1.88034548198223","95","c(""Bst2"", ""Rsad2"", ""B2m"", ""Smad7"", ""Gimap3"", ""P2rx7"", ""Gimap5"", ""Cd74"", ""Fcer1g"", ""Il18r1"", ""Ighm"", ""Vsir"", ""Mzb1"", ""Cd40lg"", ""Arid5a"", ""Axl"", ""Casp1"", ""Cd160"", ""Tnfrsf4"", ""Cd86"", ""Tnfrsf1b"", ""Il27ra"", ""Clcf1"", ""Cd55"", ""Nr4a3"", ""Ccr2"", ""Ndfip1"", ""Gata3"", ""Il18"", ""Malt1"", ""Foxp1"", ""Hmox1"", ""Il1r1"", ""Tgfb3"", ""Litaf"", ""Fcgr2b"", ""Irf5"", ""Plcg2"", ""Tnf"", ""Casp4"", ""Ffar2"", ""Foxp3"", ""Hfe"")"
"1165","GOBP_LEUKOCYTE_DEGRANULATION","0.000955784815883735","0.00635896278317079","0.477270815362862","0.614545653561199","1.88234885780748","34","c(""Nkg7"", ""Fcer1g"", ""Cd160"", ""Myo1f"", ""Cd300a"", ""Stx11"", ""Lyn"", ""Rab44"", ""Lat2"", ""Nr4a3"", ""Ccr2"", ""Spi1"", ""Rab27a"", ""Lgals9"", ""Fgr"", ""Hmox1"", ""Fes"", ""Milr1"")"
"1166","GOBP_MACROPHAGE_CYTOKINE_PRODUCTION","0.0018941687846895","0.0111990288455611","0.45505986738723","0.708296824211454","1.88286614722579","19","c(""P2rx7"", ""Cd74"", ""Axl"", ""Casp1"", ""Psen2"", ""Tgfb3"", ""Litaf"", ""Plcg2"", ""Casp4"")"
"1167","DESCARTES_ORGANOGENESIS_NUETROPHILS","0.00113466143924788","0.00735286254699049","0.45505986738723","0.703496966891843","1.88329451865367","20","c(""Camp"", ""Pglyrp1"", ""Slpi"", ""Gda"", ""Fgr"", ""Chil1"", ""Gpr68"", ""Mmp9"", ""Xdh"", ""Mirt1"", ""Lyz2"", ""Lcn2"")"
"1168","GRAESSMANN_APOPTOSIS_BY_DOXORUBICIN_UP","9.21691178795792e-11","3.83221992141959e-09","0.839088935621274","0.440038423361286","1.88582007360166","383","c(""Isg15"", ""Rtp4"", ""Ifit1"", ""Bst2"", ""Ifi203"", ""Irf7"", ""Zbp1"", ""Trim30a"", ""Usp18"", ""Isg20"", ""Stat1"", ""Rsad2"", ""Ifi47"", ""Irgm1"", ""Ifit3"", ""Igfbp4"", ""Sp100"", ""Oas3"", ""Iigp1"", ""Igtp"", ""Ly6a"", ""Gbp7"", ""Oasl2"", ""Ddx60"", ""Il6ra"", ""Ifih1"", ""Emp3"", ""Ifi35"", ""Lgals3bp"", ""Oasl1"", ""Psmb9"", ""Pdgfa"", ""Cotl1"", ""Trim30d"", ""Gbp2"", ""Cmpk2"", ""Pitpnc1"", ""Cd274"", ""Sp110"", ""Tor3a"", ""Capg"", ""Dhx58"", ""Trafd1"", ""Junb"", ""Oas1a"", ""Evi2a"", ""Trim34a"", ""Mx1"", ""Gpr146"", ""Pml"", ""Aldh2"", ""Tnfrsf18"", ""Gem"", ""Ctsb"", ""Camp"", ""Ifi30"", 
""Ecm1"", ""Ehd1"", ""Cdkn1a"", ""Ahnak"", ""Ppm1m"", ""Hexb"", ""Irgm2"", ""Ninj1"", ""Cntrl"", ""Dpcd"", ""Ifi204"", ""Nr4a1"", ""Ogfrl1"", ""Msrb1"", ""Tgtp1"", ""Lactb"", ""Ldlrap1"", ""Stat2"", ""Oas2"", ""Atp13a2"", ""Ehd4"", ""Ttc39b"", ""Ier5"", ""Pqlc3"", ""Fos"", ""Gna15"", ""Arhgap39"", ""Cd68"", ""Ahr"", ""Ass1"", ""Gch1"", ""Coro2a"", ""Lgals9"", ""Gata3"", ""Il18"", ""Gns"", ""Cxcl10"", ""Apol9b"", ""Nfatc2"", ""Atf3"", ""Scn1b"", ""Wfs1"", ""Hmox1"", ""Sord"", ""Cdc42ep3"", ""Rnf19b"", ""Tgfb3"", ""Litaf"", ""Cdr2"", ""St6galnac4"", ""Pex6"", ""Crip2"", ""Mafg"", ""Crem"", ""Endod1"", ""Fhl2"", 
""Chchd10"", ""Egr2"", ""Ifi44"", ""Il15"", ""Gsto1"", ""Rogdi"", ""Ppp1r15a"", ""Stim1"")"
"1169","GOMF_RRNA_BINDING","0.00094359043764375","0.00629243158126384","0.477270815362862","0.593298015391132","1.88667434121441","42","c(""Rps5"", ""Rpl17"", ""Rps3"", ""Rps4x"", ""Rpl19"", ""Rplp0"", ""Rpl9"", ""Rps18"", ""Rpl3"", ""Rpl8"", ""Rpl11"", ""Rpl23"", ""Rpl4"", ""Rpl5"")"
"1170","DESCARTES_ORGANOGENESIS_MEGAKARYOCYTES","0.000337758310600938","0.00270536859119606","0.49849310876659","0.564273357869778","1.88874483550467","55","c(""Ifi47"", ""Ctla2a"", ""Itgb3"", ""Rasgrp2"", ""Rasa3"", ""Cd9"", ""Rsu1"", ""Dennd2d"", ""Ptgir"", ""Ubash3b"", ""Ctla2b"", ""Stx11"", ""Lmna"", ""Tpst2"", ""Scn1b"", ""I830077J02Rik"", ""Zyx"", ""Inafm2"", ""Ltb4r1"", ""Tagln2"", ""Pf4"", ""Rgs18"", ""Mxd1"", ""Cnr2"")"
"1171","GOBP_RESPONSE_TO_INTERLEUKIN_1","0.000867724536275451","0.00586148435281473","0.477270815362862","0.594075915879656","1.88914804726709","42","c(""Zbp1"", ""Irf1"", ""Nfkb1"", ""Snca"", ""Rora"", ""Anxa1"", ""Hdac4"", ""Ccl5"", ""Ikbkb"", ""Cebpb"", ""Ccl4"", ""Ccl3"", ""Il1r1"", ""Ccl8"", ""Ccl6"", ""Sirpa"", ""Zc3h12a"", ""Ccl17"", ""App"", ""Tnfrsf11a"", ""Cd40"", ""Il1r2"", ""Mapk13"", ""Il1b"", ""Xcl1"", ""Mylk3"")"
"1172","GOBP_POSITIVE_REGULATION_OF_LYMPHOCYTE_MIGRATION","0.00180249220013696","0.0108130677487296","0.45505986738723","0.710694720837697","1.8892404781952","19","c(""Itgb3"", ""Ccr7"", ""Stk39"", ""Itga4"", ""Ccl5"", ""Aif1"", ""Ccr2"", ""Lgals9"", ""Cxcl10"")"
"1173","GOBP_ACTIVATION_OF_IMMUNE_RESPONSE","4.17851917028678e-07","8.38551421712687e-06","0.674962860011025","0.469602352730768","1.89187837045517","206","c(""Ifi203"", ""Irf7"", ""Zbp1"", ""Rps3"", ""Trim30a"", ""Mndal"", ""Rsad2"", ""Irgm1"", ""Oas3"", ""Igtp"", ""Gbp7"", ""Ddx60"", ""Eif2ak2"", ""Ifih1"", ""Ifi35"", ""Irf1"", ""Oasl1"", ""Blk"", ""Nfkb1"", ""Trim30d"", ""Gbp2"", ""Trim25"", ""Dhx58"", ""Ccr7"", ""Fcer1g"", ""Oas1a"", ""Bcl2"", ""Gbp3"", ""Ighm"", ""Gbp5"", ""Lgals3"", ""Bcl2a1d"", ""Unc93b1"", ""Lax1"", ""Rnf125"", ""Nfkbiz"", ""Irgm2"", ""Ninj1"", ""Tyrobp"", ""Ifi204"", ""Casp1"", ""Cd160"", ""Trim5"", ""Nfkbid"", ""Lbp"", ""Psen2"", ""Cd86"", ""Fyb"", ""Mapkapk3"", ""Cd300a"", ""Irf4"", ""Aim2"", ""Lyn"", ""Lcp2"", ""C1qa"", ""Cd79b"", 
""Clec4n"", ""Lat2"", ""C1qb"", ""Cd55"", ""Nr4a3"", ""Fosl2"", ""Plscr1"", ""Gata3"", ""Malt1"", ""Cblb"", ""Nfatc2"", ""Foxp1"", ""Cd79a"", ""Vav3"", ""Cd38"", ""Havcr2"", ""Cfp"", ""Tifa"", ""Oas1g"", ""Prkch"", ""Plcg2"")"
"1174","TABULA_MURIS_SENIS_SUBCUTANEOUS_ADIPOSE_TISSUE_B_CELL_AGEING","5.10157938900889e-05","0.000550989789001243","0.557332238758646","0.532025866495039","1.89474677282957","81","c(""Klf2"", ""Vim"", ""Ccnd2"", ""Ifi27"", ""Prr13"", ""S100a6"", ""Emp3"", ""Lgals1"", ""Capg"", ""Lgmn"", ""Cd9"", ""Crip1"", ""Rilpl2"", ""Apoe"", ""Ier2"", ""Aldh2"", ""Ms4a6c"", ""Ctsb"", ""Grn"", ""Cst3"", ""Ahnak"", ""Mzb1"", ""Hexb"", ""Anxa1"", ""Cd44"", ""Tyrobp"", ""Anxa2"", ""Fos"", ""Dusp5"", ""Fcgrt"", ""Lmna"", ""Pepd"", ""Plp2"", ""Gns"", ""Atf3"", ""Cd79a"")"
"1175","GOBP_MYELOID_LEUKOCYTE_ACTIVATION","1.19122965622908e-05","0.000156690414643895","0.593325476396405","0.501195256675141","1.89775106343926","122","c(""Irgm1"", ""Gimap3"", ""Ifi35"", ""Gimap5"", ""Batf"", ""Cd48"", ""Snca"", ""Fcer1g"", ""Cst7"", ""Relb"", ""Camp"", ""Grn"", ""Rora"", ""Stk39"", ""Anxa1"", ""Tyrobp"", ""Il18rap"", ""Pparg"", ""Ccl5"", ""Casp1"", ""Lbp"", ""Myo1f"", ""Fyb"", ""Cd300a"", ""Irf4"", ""Nampt"", ""Stx11"", ""Lyn"", ""Rab44"", ""Lcp2"", ""C1qa"", ""Aif1"", ""Lat2"", ""Ctsc"", ""Nr4a3"", ""Ccr2"", ""Spi1"", ""Tmem106a"", ""Fcgr3"", ""Syt11"", ""Lgals9"", ""Plscr1"", ""Il18"", ""Fgr"", ""Foxp1"", ""Hmox1"", ""Havcr2"", ""Fcgr2b"", ""Plcg2"", ""Tnf"", ""Pla2g4a"", ""Ifngr1"", ""Fes"", ""Milr1"", ""Il15"", ""Csf1r"", ""Nr1h3"", ""Trem2"", 
""Jun"", ""Slc11a1"", ""Cd300lf"", ""Clec4d"", ""C5ar1"", ""Cnr2"")"
"1176","GOBP_NEGATIVE_REGULATION_OF_TYPE_I_INTERFERON_PRODUCTION","0.00154630279798212","0.00955608464054682","0.45505986738723","0.714060744637826","1.89818838258694","19","c(""Xaf1"", ""Irgm1"", ""Igtp"", ""Gbp7"", ""Dhx58"", ""Relb"", ""Gbp3"", ""Rel"", ""Rnf125"", ""Irgm2"", ""Tyrobp"")"
"1177","GOCC_CYTOPLASMIC_SIDE_OF_PLASMA_MEMBRANE","0.000149345449755124","0.00137479318514549","0.518848077743792","0.552038459655149","1.89854478344178","64","c(""Gm2a"", ""Gng2"", ""S100a6"", ""Blk"", ""Rasa3"", ""Pkp4"", ""Gem"", ""Rgs1"", ""Traf1"", ""Esyt1"", ""Ikbkb"", ""Dst"", ""Ldlrap1"", ""Traf5"", ""Gna15"", ""Lyn"", ""Ppp3ca"", ""Fgr"", ""Cdh1"", ""Litaf"", ""Gna14"", ""Gnb4"", ""Fes"", ""Hck"", ""Socs3"", ""Ncf1"", ""Snx18"", ""Cnr2"", ""Alox15"", ""Cyld"")"
"1178","GAVIN_FOXP3_TARGETS_CLUSTER_P4","9.7949195133717e-05","0.000961881222760046","0.538434096309916","0.552748987511694","1.8999689488013","66","c(""Ikzf2"", ""Chd7"", ""Capg"", ""Itgae"", ""Il2ra"", ""Rilpl2"", ""Sema4a"", ""Atp8b4"", ""Tnfrsf18"", ""Frmd4b"", ""Dapl1"", ""Swap70"", ""Rapgef4"", ""Osbpl3"", ""Anxa4"", ""Tnfrsf4"", ""Gadd45b"", ""Stx11"", ""Ppm1l"", ""Ramp3"", ""Nrp1"", ""Tnfrsf1b"", ""Cd79b"", ""Il2rb"", ""Cd83"", ""Hopx"", ""Syt11"", ""Fasl"", ""Apol9b"", ""Capn3"", ""Gsto1"", ""Gpr83"", ""Ncf1"", ""Foxp3"", ""Tiam1"", ""Map3k8"", ""St3gal6"", ""Mxd1"", ""Pim1"", ""Bach2"")"
"1179","YAO_TEMPORAL_RESPONSE_TO_PROGESTERONE_CLUSTER_9","0.000818606495923531","0.00558893839776363","0.477270815362862","0.634323720172689","1.90056899711751","30","c(""Isg15"", ""Ifit1"", ""Irf7"", ""Irf9"", ""Psmb9"", ""Pkp4"", ""Lgals3"", ""Tyrobp"", ""Casp1"", ""Tgtp1"", ""Ahr"", ""Ctsc"", ""Cd83"", ""Pla2g4a"", ""Chchd10"", ""Gsto1"", ""Mdfic"")"
"1180","TABULA_MURIS_SENIS_LIMB_MUSCLE_T_CELL_AGEING","3.84346270063684e-06","5.81589936362856e-05","0.610526878385931","0.499720437467515","1.90369487299286","135","c(""AW112010"", ""B2m"", ""Prr13"", ""S100a6"", ""Srgn"", ""Maf"", ""Hspa5"", ""Ctla2a"", ""S100a4"", ""Cd82"", ""Lgals1"", ""Calr"", ""Fth1"", ""Capg"", ""Cd74"", ""Smco4"", ""Crip1"", ""Orai1"", ""Bcl2a1b"", ""Junb"", ""Ier2"", ""Cst7"", ""Il18r1"", ""Glrx"", ""S100a11"", ""Cdkn1a"", ""Lgals3"", ""Ahnak"", ""Rora"", ""Bcl2a1d"", ""Tmem176b"", ""Serpinb1a"", ""Icos"", ""Rnf125"", ""Tmem176a"", ""Nfkbiz"", ""Anxa1"", ""Cd44"", ""Prr7"", ""Ccl5"", ""Manf"", ""Nfkb2"", ""Tnfrsf4"", ""Gadd45b"", ""Rrad"", ""Tpm4"", ""Cebpb"", ""Furin"", ""Stx11"", ""Anxa2"", ""Hsp90b1"", ""Gpr183"", ""Avpi1"", ""Ramp3"", 
""Cish"", ""Tnfrsf1b"", ""Il2rb"", ""Bhlhe40"", ""Ccr2"", ""Gch1"", ""Tnfsf8"", ""Pdia3"", ""Ndfip1"", ""Fosl2"", ""Plp2"")"
"1181","GOBP_T_CELL_ACTIVATION_INVOLVED_IN_IMMUNE_RESPONSE","0.000196544592384033","0.00172880864620005","0.518848077743792","0.565650374986863","1.90370476515846","60","c(""Smad7"", ""Il6ra"", ""Irf1"", ""Rps6"", ""Batf"", ""Cd74"", ""Ccr7"", ""Fcer1g"", ""Lcp1"", ""Sema4a"", ""Il18r1"", ""Relb"", ""Lgals3"", ""Rora"", ""Zbtb7b"", ""Nfkbiz"", ""Anxa1"", ""Stat4"", ""Nfkbid"", ""Psen2"", ""Gadd45g"", ""Irf4"", ""Stx11"", ""Gpr183"", ""Icam1"", ""Bcl3"", ""Ccr2"", ""Rab27a"", ""Gata3"", ""Il18"", ""Malt1"", ""Foxp1"", ""Itgal"", ""Havcr2"")"
"1182","STEARMAN_TUMOR_FIELD_EFFECT_UP","0.00168932478877297","0.01026300599959","0.45505986738723","0.669370387151813","1.90430454659877","24","c(""Ctss"", ""Sat1"", ""Ly75"", ""Cd68"", ""Plet1"", ""Mpeg1"", ""Chil1"", ""Socs3"", ""Ccl6"", ""Sirpa"", ""Lpl"", ""Lyz2"", ""Csf2rb"", ""Lcn2"", ""Cd200"", ""Csf2rb2"", ""Ctsz"", ""Apoc1"", ""Ptgs1"", ""Clec4a2"", ""Spp1"")"
"1183","GOBP_POSITIVE_REGULATION_OF_SIGNAL_TRANSDUCTION_BY_P53_CLASS_MEDIATOR","0.000477919921549743","0.00363510709560713","0.49849310876659","0.744615692889605","1.90468776859725","17","c(""Rps7"", ""Rpl11"", ""Rps20"", ""Rpl23"", ""Rpl26"", ""Pml"", ""Myc"")"
"1184","GOBP_TYROSINE_PHOSPHORYLATION_OF_STAT_PROTEIN","0.0020154265748511","0.0117943585783378","0.431707695803346","0.632986538300983","1.90475613338434","31","c(""Parp9"", ""Parp14"", ""Il6ra"", ""Irf1"", ""Tnfrsf18"", ""Pecam1"", ""Ccl5"", ""Inpp5f"", ""Lyn"", ""Clcf1"", ""Il18"", ""Tnf"", ""Il15"", ""Csf1r"", ""Socs3"")"
"1185","GOBP_CD4_POSITIVE_ALPHA_BETA_T_CELL_ACTIVATION","8.66706952183592e-05","0.000865951980970889","0.538434096309916","0.537437684495881","1.90493245689301","78","c(""Rsad2"", ""Nkg7"", ""Irgm1"", ""Smad7"", ""Gimap3"", ""Runx3"", ""Il6ra"", ""Irf1"", ""Gimap5"", ""Cd274"", ""Batf"", ""Il2ra"", ""Ccr7"", ""Sema4a"", ""Il18r1"", ""Relb"", ""Rora"", ""Zbtb7b"", ""Vsir"", ""Nfkbiz"", ""Anxa1"", ""Cd44"", ""Stat4"", ""Cd160"", ""Nfkbid"", ""Cebpb"", ""Gadd45g"", ""Irf4"", ""Gpr183"", ""Bcl3"", ""Cd55"", ""Cd83"", ""Ccr2"", ""Ndfip1"", ""Runx1"", ""Lgals9"", ""Gata3"", ""Il18"", ""Malt1"", ""Cblb"", ""Foxp1"")"
"1186","GOCC_CYTOPLASMIC_SIDE_OF_MEMBRANE","0.000174002965065432","0.00155115856120258","0.518848077743792","0.550171773829644","1.90519773399298","67","c(""Gm2a"", ""Gng2"", ""S100a6"", ""Blk"", ""Rasa3"", ""Pkp4"", ""Gem"", ""Rgs1"", ""Traf1"", ""Esyt1"", ""Ikbkb"", ""Dst"", ""Ldlrap1"", ""Traf5"", ""Gna15"", ""Lyn"", ""Ppp3ca"", ""Fgr"", ""Cdh1"", ""Cfp"", ""Litaf"", ""Gna14"", ""Gnb4"", ""Fes"", ""Hck"", ""Socs3"", ""Ncf1"")"
"1187","TABULA_MURIS_SENIS_MARROW_IMMATURE_B_CELL_AGEING","7.63789258357612e-06","0.00010675162312231","0.593325476396405","0.493736383588432","1.90550768648686","143","c(""Rps5"", ""Rpsa"", ""Rpl13"", ""Rpl18a"", ""Rps3"", ""Rpl10"", ""Rps4x"", ""Rpl19"", ""Rplp0"", ""Rps10"", ""Rpl10a"", ""Rps7"", ""Rps18"", ""Tmsb4x"", ""Rpl3"", ""Rpl32"", ""Rps3a1"", ""Rpl8"", ""Ltb"", ""Rpl11"", ""Prr13"", ""S100a6"", ""Rpl29"", ""Emp3"", ""Rplp1"", ""Calr"", ""Cotl1"", ""Rpl14"", ""Rps2"", ""Fth1"", ""Alox5ap"", ""Rps6"", ""Capg"", ""Rpl7a"", ""Cd9"", ""Cd52"", ""Rps19"", ""S1pr4"", ""Ifitm2"", ""Lgals3"", ""Cst3"", ""Rpl28"", ""Serpinb1a"", ""Rnh1"", ""Pglyrp1"", ""Gypa"", ""Manf"", ""Hint1"")"
"1188","HALLMARK_IL6_JAK_STAT3_SIGNALING","0.000375862177139382","0.0029731994288198","0.49849310876659","0.605439129343362","1.90648196786234","41","c(""Stat1"", ""Ltb"", ""Irf9"", ""Irf1"", ""Itgb3"", ""Cd9"", ""Il2ra"", ""Il18r1"", ""Cd44"", ""Itga4"", ""Stat2"", ""Acvrl1"", ""Ebi3"", ""Csf2ra"", ""Tnfrsf1b"", ""Il17rb"", ""Il15ra"", ""Cxcl10"", ""Cd38"", ""Hmox1"", ""Il1r1"", ""Tnf"", ""Ifngr1"", ""Socs3"", ""Map3k8"", ""Pf4"", ""Jun"")"
"1189","TABULA_MURIS_SENIS_HEART_ENDOTHELIAL_CELL_OF_CORONARY_ARTERY_AGEING","7.28291286530144e-05","0.000740558604299712","0.538434096309916","0.545213069891297","1.90659069173446","72","c(""Klf2"", ""Rpsa"", ""Rpl13"", ""Rps3"", ""Rplp0"", ""Vim"", ""Rpl3"", ""Rps3a1"", ""Eef1a1"", ""Smad7"", ""Prr13"", ""Igtp"", ""S100a6"", ""Rpl4"", ""Capg"", ""Cd74"", ""Lgmn"", ""Cd9"", ""Smco4"", ""Junb"", ""Apoe"", ""Ier2"", ""Aldh2"", ""Ecm1"", ""Tgtp2"", ""Hexb"", ""Nr4a1"", ""Trf"", ""Skil"", ""Anxa2"", ""Fos"", ""Mgst1"", ""C1qb"", ""Gata3"", ""Atf3"", ""Ckb"", ""Ier3"")"
"1190","SERVITJA_ISLET_HNF1A_TARGETS_UP","9.01153423569264e-05","0.000894137523212756","0.538434096309916","0.549891783738398","1.90678130570421","69","c(""Ifi203"", ""Vim"", ""Iigp1"", ""Maf"", ""Ly6a"", ""Ifitm3"", ""Lgals1"", ""Capg"", ""Snca"", ""Apoe"", ""Gbp3"", ""Timp2"", ""Lgals3"", ""Serpinb1a"", ""Irgm2"", ""Anxa1"", ""Ifit2"", ""Blvrb"", ""Smad3"", ""Tgtp1"", ""Anxa2"", ""C1qb"", ""Ctsc"", ""Ass1"", ""Atf3"", ""Tgfb3"", ""Pla2g4a"", ""Egr2"")"
"1191","GOBP_POSITIVE_REGULATION_OF_ENDOCYTOSIS","7.03811493352204e-05","0.000718213329959945","0.538434096309916","0.545424480244657","1.90732998621236","72","c(""B2m"", ""Calr"", ""Ccr7"", ""Snca"", ""Fcer1g"", ""Apoe"", ""Ighm"", ""Cd63"", ""Pparg"", ""Axl"", ""Lbp"", ""Trf"", ""Ldlrap1"", ""Dtnbp1"", ""Anxa2"", ""Eef2k"", ""Il2rb"", ""Il15ra"", ""Hip1r"", ""Fcgr3"", ""Rab27a"", ""Ppp3ca"", ""Cfp"", ""Fcgr2b"", ""Plcg2"", ""Tnf"", ""Il15"", ""Lrp1"", ""Hfe"", ""Trem2"", ""Sirpa"", ""Fcgr1"", ""C3"", ""Slc11a1"", ""Plk2"", ""Cd300lf"")"
"1192","TABULA_MURIS_SENIS_KIDNEY_KIDNEY_LOOP_OF_HENLE_THICK_ASCENDING_LIMB_EPITHELIAL_CELL_AGEING","2.25160346083943e-05","0.000266796401816408","0.575610261071129","0.519046731025211","1.90806418821092","101","c(""Rpl10"", ""Rpl21"", ""Rps4x"", ""Rps7"", ""Tmsb4x"", ""Eef1a1"", ""B2m"", ""Rps20"", ""Smad7"", ""Prr13"", ""Rpl29"", ""Rpl4"", ""Tesc"", ""Rplp1"", ""Rps12"", ""Calr"", ""Fth1"", ""Cd74"", ""Cd9"", ""Rps19"", ""Pkp4"", ""Rpl5"", ""Apoe"", ""Pmepa1"", ""Zfp36l1"", ""Gpx1"", ""Lgals3"", ""Tmem176b"", ""Tmem176a"", ""Stk39"", ""Ly6c1"", ""Napsa"", ""Kif1b"")"
"1193","MP_INCREASED_TUMOR_NECROSIS_FACTOR_SECRETION","0.000306090203958666","0.00250417591969037","0.49849310876659","0.576595881760993","1.90808754150609","52","c(""B2m"", ""Lgals3bp"", ""Cd274"", ""Trafd1"", ""Grn"", ""Lgals3"", ""Unc93b1"", ""Serpinb1a"", ""Cd44"", ""Cd200r1"", ""Nfkb2"", ""Cd300a"", ""Aim2"", ""Ccr4"", ""Stx11"", ""Fos"", ""Clec4n"", ""Clec12a"", ""Ccr2"", ""Cblb"", ""Dusp10"", ""Sh3bp2"", ""Tnf"", ""Ifngr1"", ""Nucb2"", ""Zc3h12a"", ""Gpr34"", ""Uaca"", ""N4bp1"", ""Clec4d"", ""Socs2"", ""Aire"")"
"1194","WP_LUNG_FIBROSIS","0.000592711388823803","0.00428650670227555","0.477270815362862","0.658331441572453","1.9132156904377","27","c(""Smad7"", ""Pdgfa"", ""Ccl5"", ""Skil"", ""Cebpb"", ""Ccl4"", ""Ccr2"", ""Ccl3"", ""Hmox1"", ""Hgf"", ""Tnf"", ""Mmp9"", ""Igf1"", ""Pdgfb"", ""Il4"", ""Il1b"", ""Spp1"", ""Il12b"", ""Csf2"", ""Plau"", ""Ccr3"")"
"1195","GOBP_REGULATION_OF_LYMPHOCYTE_MIGRATION","0.00180495185385409","0.0108165087584673","0.45505986738723","0.635814097407141","1.91326470382632","31","c(""Itgb3"", ""Ccr7"", ""Ecm1"", ""Stk39"", ""Cd200r1"", ""Itga4"", ""Ccl5"", ""Stk10"", ""Il27ra"", ""Aif1"", ""Ccr2"", ""Lgals9"", ""Cxcl10"")"
"1196","CUI_TCF21_TARGETS_2_DN","4.55164982523046e-08","1.12515998912486e-06","0.719512826338911","0.46817510406241","1.91336667833498","231","c(""Gimap4"", ""Trim30a"", ""Vim"", ""Stat1"", ""Mndal"", ""Slfn5"", ""Ctss"", ""Parp14"", ""Srgn"", ""Camk2d"", ""Mme"", ""Ctla2a"", ""Ifi35"", ""Kbtbd11"", ""Pitpnc1"", ""Gyg"", ""Sh3bp5"", ""Gpr146"", ""Vamp5"", ""Gem"", ""Myo6"", ""Zbtb38"", ""Ahnak"", ""Rora"", ""Sgms1"", ""Rapgef4"", ""Serpinb6b"", ""Irgm2"", ""Anxa1"", ""Arhgap5"", ""Ifi204"", ""Zeb2"", ""Arid5b"", ""Itga4"", ""Anxa4"", ""St8sia4"", ""Kif1b"", ""Rapgef2"", ""Dst"", ""Ctla2b"", ""Dpp4"", ""Iqgap2"", ""Tmem64"", ""Clip1"", ""Rbpms"", ""Slc2a3"", ""Ehd4"", ""Cebpb"", ""Ccrl2"", ""Lmo2"", ""Hhex"", ""Gprin3"", ""Cd55"", ""Hopx"", ""St6galnac3"", 
""Agfg1"", ""Plscr1"", ""Chpt1"", ""Gata3"", ""Gpd2"", ""Malt1"", ""Cblb"", ""P2rx4"", ""Rras2"", ""Dnajb14"", ""Cd38"", ""Cdc42ep3"", ""Lpp"", ""Crim1"", ""Prkch"", ""Cybb"", ""Fry"", ""Sgk1"", ""Endod1"", ""Itga9"", ""Arhgap26"")"
"1197","GOBP_REGULATION_OF_OSSIFICATION","0.000573745035655818","0.00416509845504572","0.477270815362862","0.6017091249399","1.91342148035045","42","c(""Isg15"", ""Rsad2"", ""Smad7"", ""Srgn"", ""P2rx7"", ""S1pr1"", ""Notch1"", ""Bcl2"", ""Ecm1"", ""Smad3"", ""Runx2"", ""Bmp2k"", ""Pbx1"", ""Egr2"", ""Csf1r"", ""Nfe2"")"
"1198","TABULA_MURIS_SENIS_SUBCUTANEOUS_ADIPOSE_TISSUE_MYELOID_CELL_AGEING","1.32062137522538e-05","0.000172523088540263","0.593325476396405","0.519236218643992","1.9143492118871","104","c(""Rpsa"", ""Rpl13"", ""Rplp0"", ""Rpl8"", ""Prr13"", ""Rpl4"", ""Irf1"", ""Cotl1"", ""Cd9"", ""Rilpl2"", ""Junb"", ""Ier2"", ""Vasp"", ""Ehd1"", ""Cdkn1a"", ""Traf1"", ""Nfkbiz"", ""Pglyrp1"", ""Filip1l"", ""B4galnt1"", ""Nr4a1"", ""Dusp2"", ""Stk10"", ""Napsa"", ""Gadd45b"", ""Plaur"", ""Cebpb"", ""Rnf149"", ""Furin"", ""Ccrl2"", ""Dusp5"", ""Csf2ra"", ""Il10ra"", ""Bcl3"", ""Bhlhe40"", ""Spi1"", ""Fosl2"", ""Ear2"", ""Fgr"", ""Itgal"", ""Rnf19b"", ""Cybb"", ""Crip2"", ""Sgk1"", ""Clec4e"", ""Lrp1"", ""Hck"")"
"1199","GOBP_NEGATIVE_REGULATION_OF_CYTOKINE_PRODUCTION","4.46155291036343e-06","6.62875801578608e-05","0.610526878385931","0.501770018400937","1.91624404967479","139","c(""Klf2"", ""Bst2"", ""Trim30a"", ""Xaf1"", ""Irgm1"", ""Smad7"", ""Gimap3"", ""Oas3"", ""Igtp"", ""Srgn"", ""Gbp7"", ""Gpr18"", ""Nfkb1"", ""Gimap5"", ""Cd274"", ""Dhx58"", ""Ccr7"", ""Oas1a"", ""Pml"", ""Relb"", ""Gbp3"", ""Rel"", ""Vsir"", ""Serpinb1a"", ""Rnf125"", ""Irgm2"", ""Anxa1"", ""Pglyrp1"", ""Tyrobp"", ""Cd200r1"", ""Pparg"", ""Axl"", ""Anxa4"", ""Lbp"", ""Tnfrsf4"", ""Furin"", ""Il27ra"", ""Bcl3"", ""Pdcd1lg2"", ""Cd83"", ""Syt11"", ""Ndfip1"", ""Lgals9"", ""Gata3"", ""Hmox1"", ""Havcr2"", ""Tgfb3"", ""Oas1g"", ""Fcgr2b"", ""Hgf"")"
"1200","GOBP_TEMPERATURE_HOMEOSTASIS","0.000116942858296728","0.00111645403684711","0.538434096309916","0.56768011682742","1.91692153994358","61","c(""Plac8"", ""Gimap3"", ""Gimap5"", ""Notch1"", ""Il18r1"", ""Gpx1"", ""Zbtb7b"", ""Pparg"", ""Ccl5"", ""Cebpb"", ""Gadd45g"", ""Irf4"", ""G0s2"", ""Gatm"", ""Tnfsf11"", ""Acadl"", ""Ccr2"", ""Il18"", ""Decr1"", ""Tnf"", ""Il15"", ""Nr1h3"", ""Thra"", ""Elovl6"", ""Fabp4"", ""Tfe3"", ""Trpm2"")"
"1201","ZHANG_UTERUS_C10_STROMAL2_RETNLG_HIGH_CELL","0.00100906818538224","0.00665173108410016","0.45505986738723","0.63237745595745","1.91717913051013","33","c(""Tmsb4x"", ""Srgn"", ""Fth1"", ""Alox5ap"", ""Cd9"", ""Cd52"", ""Rgs1"", ""Vasp"", ""Tyrobp"", ""Msrb1"", ""Cebpb"", ""G0s2"", ""Ccrl2"", ""Ccl4"", ""Trib1"", ""Ccl3"", ""Id2"", ""Cybb"", ""Cyp4f18"", ""Clec4e"", ""Ccl6"")"
"1202","LIAN_LIPA_TARGETS_6M","0.000119230829261646","0.00113397811909708","0.538434096309916","0.575298457317084","1.91902617495511","58","c(""Slfn1"", ""Fcer1g"", ""Ms4a6c"", ""Rgs1"", ""Ctsb"", ""Camp"", ""Ms4a6d"", ""Dst"", ""Cd68"", ""C1qa"", ""Clec4n"", ""C1qb"", ""Fcgr3"", ""Slc40a1"", ""Mpeg1"", ""Hmox1"", ""Cfp"", ""Fcgr2b"", ""Mmp12"", ""Clec4e"", ""C1qc"", ""Trem2"", ""Slfn4"", ""Slc11a1"", ""Clec4d"", ""Ms4a7"", ""Slc15a3"")"
"1203","SHIN_B_CELL_LYMPHOMA_CLUSTER_3","0.000388457886039413","0.00304761419485093","0.49849310876659","0.75049476499094","1.91972612573778","17","c(""Ltb"", ""Maf"", ""Lfng"", ""Nfkb1"", ""Bcl2"", ""Zeb2"", ""Nfkb2"", ""Cd86"", ""Hhex"", ""Nfatc1"", ""Il18"", ""Fgr"", ""Cxcr6"", ""Id2"")"
"1204","INGRAM_SHH_TARGETS_UP","0.000247108272208938","0.00210887788856884","0.49849310876659","0.58664954223001","1.91998084368705","47","c(""Ifi27l2a"", ""Plac8"", ""Igfbp4"", ""Rpl29"", ""Cmpk2"", ""Add3"", ""Zfp36l1"", ""Rora"", ""Filip1l"", ""Nr4a1"", ""Ly6c1"", ""Tgtp1"", ""Tsc22d3"", ""Rassf3"", ""Bzw2"", ""Plscr1"", ""Pltp"")"
"1205","GOCC_SIDE_OF_MEMBRANE","1.07416312613309e-09","3.71103947492366e-08","0.788186810800237","0.457717547978706","1.92016254037457","320","c(""Bst2"", ""Trdc"", ""B2m"", ""Gm2a"", ""Gng2"", ""S100a6"", ""Ly6a"", ""Il6ra"", ""P2rx7"", ""Izumo1r"", ""S1pr1"", ""Itgb3"", ""Blk"", ""Calr"", ""Sell"", ""Rasa3"", ""Cd274"", ""Cd48"", ""Clec2d"", ""Itgae"", ""Cd74"", ""Il7r"", ""Cd9"", ""Il2ra"", ""Cd52"", ""Ccr7"", ""Pkp4"", ""Fcer1g"", ""Apoe"", ""Tnfrsf18"", ""Gem"", ""Pecam1"", ""Rgs1"", ""Btla"", ""Ctsb"", ""Ighm"", ""Lgals3"", ""Traf1"", ""Esyt1"", ""Vsir"", ""Eng"", ""Icos"", ""Cd40lg"", ""Cd44"", ""Cd69"", ""Adam19"", ""Cd200r1"", ""Itga4"", ""Gypa"", ""Ikbkb"", ""Cd160"", ""Tnfrsf4"", ""Cd86"", ""Ly6c1"", ""Gfra1"", ""Dst"", ""Ldlrap1"", ""Heg1"", 
""Traf5"", ""Plaur"", ""Ccr4"", ""Ebi3"", ""Ccrl2"", ""Gna15"", ""Lyn"", ""Tcn2"", ""Ly75"", ""Icam1"", ""Cd79b"", ""Ly6e"", ""Il27ra"", ""Clec4n"", ""Il2rb"", ""Pdcd1lg2"", ""Cd55"", ""Cd83"", ""Ccr2"", ""Pdcd1"", ""Fcgr3"", ""Fcgrt"", ""Fasl"", ""Plet1"", ""Ppp3ca"", ""Cxcl10"", ""Fgr"", ""Cdh1"", ""Bst1"", ""Cd79a"", ""Itgal"", ""Il1r1"", ""Cfp"", ""Litaf"", ""Cxcr6"", ""Gna14"", ""Fcgr2b"", ""Itga9"", ""Tnf"", ""Gnb4"", ""Fes"", ""Clec4e"", ""Lrp1"", ""Hck"", ""Slamf7"", ""Cd3d"", ""Socs3"", ""Ncf1"", ""Entpd1"", ""Hfe"", ""Vcam1"", ""Fcgr1"")"
"1206","HEVNER_TELENCEPHALON_MICROGLIA","0.000992901528518198","0.00656024224199524","0.45505986738723","0.667763654548821","1.92029784704954","25","c(""Ms4a6b"", ""Ctss"", ""Irf8"", ""Ms4a6d"", ""Lgals3"", ""Tyrobp"", ""Lyn"", ""Cd68"", ""C1qa"", ""Aif1"", ""C1qb"", ""Mpeg1"", ""Hck"", ""Csf1r"", ""C1qc"", ""Trem2"")"
"1207","FOSTER_KDM1A_TARGETS_UP","5.57233178496792e-05","0.000590708369441609","0.557332238758646","0.550185490034791","1.92397906792079","72","c(""Plac8"", ""Ifi27"", ""Fxyd5"", ""Ly6a"", ""Pdlim4"", ""Lgals3bp"", ""Actn2"", ""Alox5ap"", ""Ube2l6"", ""Itgae"", ""Cd74"", ""Snca"", ""Cdkn1a"", ""Myl4"", ""Aim2"", ""Ebi3"", ""Ly6e"", ""Qpct"", ""Ttc39c"", ""Chil1"", ""Oas1g"", ""Sash1"", ""Mdfic"", ""Cd3d"", ""Nin"", ""Mt1"")"
"1208","GOBP_POSITIVE_REGULATION_OF_ALPHA_BETA_T_CELL_DIFFERENTIATION","0.000488396647225596","0.0037057309371865","0.477270815362862","0.662318590772148","1.92480297903924","27","c(""Gimap3"", ""Runx3"", ""Irf1"", ""Gimap5"", ""Ccr7"", ""Zbtb7b"", ""Nfkbiz"", ""Anxa1"", ""Nfkbid"", ""Cd83"", ""Ccr2"", ""Runx1"", ""Il18"", ""Malt1"")"
"1209","TABULA_MURIS_SENIS_LIMB_MUSCLE_MACROPHAGE_AGEING","6.60608914278561e-05","0.000683861394113275","0.538434096309916","0.552875636758931","1.92519355912942","70","c(""Rpsa"", ""Plac8"", ""Rps18"", ""Rpl3"", ""Cytip"", ""Itgb7"", ""Gm2a"", ""Ctss"", ""S100a6"", ""Fxyd5"", ""Rpl4"", ""Smpdl3a"", ""Rps27a"", ""Rps6"", ""Btf3"", ""Cd74"", ""Cd52"", ""Rps19"", ""S100a11"", ""Vasp"", ""Lgals3"", ""Sp140"", ""Syngr2"", ""Anxa1"", ""Msrb1"", ""Napsa"", ""Anxa2"", ""Ramp3"", ""Mgst1"", ""Gda"", ""Ccr2"", ""Ifitm6"", ""Plp2"")"
"1210","GOBP_BONE_REMODELING","0.00146115508620142","0.0091083961080056","0.45505986738723","0.63983902817431","1.92537635407688","31","c(""Ctss"", ""P2rx7"", ""S1pr1"", ""Itgb3"", ""Inpp4b"", ""Snx10"", ""Ubash3b"", ""Trf"", ""Tmem64"", ""Tnfsf11"", ""Lrrk1"", ""Cd38"")"
"1211","ZEMEK_IMMUNE_CHECKPOINT_BLOCKADE_OVARIAN_CANCER_OVERLAP_UP","0.000347077296377608","0.00276841209280331","0.49849310876659","0.581747146480094","1.92587983903416","51","c(""Trac"", ""AW112010"", ""Stat1"", ""Nkg7"", ""B2m"", ""Igtp"", ""Psmb9"", ""Izumo1r"", ""Gbp2"", ""Gbp3"", ""Tgtp2"", ""Ighm"", ""Irgm2"", ""Nlrc5"", ""Dusp2"", ""Tnfrsf4"", ""Tgtp1"", ""Neurl3"", ""Ccl4"", ""Aif1"", ""C1qb"", ""Clec12a"", ""Pdcd1"", ""Lair1"", ""Fasl"", ""Il18bp"")"
"1212","BOYLAN_MULTIPLE_MYELOMA_D_DN","0.000267702838565686","0.00225113750612054","0.49849310876659","0.618176397267103","1.92880197026511","39","c(""Ifi27l2a"", ""S100a6"", ""Lgals1"", ""Cmpk2"", ""Il7r"", ""Il2ra"", ""Cd52"", ""Cyth4"", ""Ahnak"", ""St3gal5"", ""Cd44"", ""Casp1"", ""Anxa4"", ""Ipcef1"", ""Chst15"", ""Bcl3"", ""Cybb"", ""Arhgap26"", ""Upb1"", ""Ncf1"")"
"1213","TABULA_MURIS_SENIS_MAMMARY_GLAND_MACROPHAGE_AGEING","0.000162864690865634","0.00148023613647292","0.518848077743792","0.603005489658253","1.92953938053709","44","c(""Klf2"", ""Nkg7"", ""Prr13"", ""S100a6"", ""S100a4"", ""Cotl1"", ""Capg"", ""Crip1"", ""Ier2"", ""Ecm1"", ""Gpx1"", ""Ahnak"", ""Sgms1"", ""Ccl5"", ""Anxa2"", ""Fos"", ""Nrp1"", ""Csf2ra"", ""Gda"", ""Ccr2"", ""Pdia3"", ""Ifitm6"", ""Ear2"")"
"1214","WORSCHECH_TUMOR_EVASION_AND_TOLEROGENICITY_UP","0.000758733138223844","0.00524925623663018","0.477270815362862","0.688886052805375","1.9295646319547","23","c(""Irf7"", ""Igtp"", ""Nfkb1"", ""Il7r"", ""Ccr7"", ""Stat4"", ""Ccl4"", ""Lcp2"", ""Cxcl10"")"
"1215","GOBP_CELL_ACTIVATION_INVOLVED_IN_IMMUNE_RESPONSE","2.73224464684908e-06","4.31664546823127e-05","0.627256739718528","0.501874929232063","1.93014773520902","141","c(""Nkg7"", ""Smad7"", ""Il6ra"", ""Ifi35"", ""Irf1"", ""Lgals1"", ""Lfng"", ""Rps6"", ""Batf"", ""Cd74"", ""Irf8"", ""Ccr7"", ""Fcer1g"", ""Lcp1"", ""Sema4a"", ""Il18r1"", ""Relb"", ""Grn"", ""Lgals3"", ""Rora"", ""Zbtb7b"", ""Swap70"", ""Nfkbiz"", ""Cd40lg"", ""Anxa1"", ""Pglyrp1"", ""Tyrobp"", ""Stat4"", ""Cd160"", ""Nfkbid"", ""Lbp"", ""Psen2"", ""Myo1f"", ""Cd300a"", ""Gadd45g"", ""Irf4"", ""Stx11"", ""Gpr183"", ""Lyn"", ""Rab44"", ""Icam1"", ""Il27ra"", ""Bcl3"", ""Clcf1"", ""Lat2"", ""Nr4a3"", ""Ccr2"", ""Spi1"", ""Ndfip1"", ""Rab27a"", ""Lgals9"", ""Gata3"", ""Il18"", ""Malt1"", ""Fgr"", ""Foxp1"", 
""Hmox1"", ""Itgal"", ""Havcr2"", ""Plcg2"", ""Tnf"", ""Fes"", ""Clec4e"", ""Milr1"", ""Lrp1"")"
"1216","GOLDRATH_IMMUNE_MEMORY","0.000700682858947272","0.00493575610337165","0.477270815362862","0.647803002875957","1.93126162718663","29","c(""Ctsw"", ""Traf1"", ""Cd160"", ""Golim4"", ""Ifnar2"", ""Il10ra"", ""Akr1c13"", ""Il15ra"", ""Cd55"", ""Fcgrt"", ""Chpt1"", ""Vkorc1"", ""Eci1"", ""Tmem141"", ""Kctd12"", ""Rnase4"")"
"1217","GOBP_LEUKOCYTE_ACTIVATION_INVOLVED_IN_INFLAMMATORY_RESPONSE","0.000426126088738091","0.00329357563195815","0.49849310876659","0.645010183372326","1.93258791742612","30","c(""Snca"", ""Cst7"", ""Grn"", ""Tyrobp"", ""Pparg"", ""Casp1"", ""Nampt"", ""C1qa"", ""Aif1"", ""Ctsc"", ""Syt11"", ""Tnf"", ""Ifngr1"", ""Csf1r"", ""Trem2"", ""Jun"", ""C5ar1"", ""Itgam"", ""App"", ""Lrrk2"", ""Cx3cr1"", ""Il4"", ""Clu"")"
"1218","CHIARADONNA_NEOPLASTIC_TRANSFORMATION_KRAS_DN","0.000182556917316331","0.00161939369615932","0.518848077743792","0.577477395064748","1.93294160062213","55","c(""Isg15"", ""Klf2"", ""Plac8"", ""Samhd1"", ""Ly6a"", ""Ctla2a"", ""Ifi35"", ""Cd9"", ""Notch1"", ""Vamp5"", ""Ifi30"", ""St3gal5"", ""Snx10"", ""Slpi"", ""Stk10"", ""Ly6c1"", ""Ctla2b"", ""Fos"", ""Lgals9"", ""Pltp"", ""Foxp1"", ""Atf3"")"
"1219","GOBP_RESPONSE_TO_MOLECULE_OF_BACTERIAL_ORIGIN","2.94478513117384e-06","4.61430129160709e-05","0.627256739718528","0.501021436006626","1.9332489067169","142","c(""Trim30a"", ""Vim"", ""Stat1"", ""B2m"", ""Irgm1"", ""Igtp"", ""Eif2ak2"", ""P2rx7"", ""Nfkb1"", ""Trim30d"", ""Gbp2"", ""Cmpk2"", ""Cd274"", ""Irf8"", ""Ccr7"", ""Snca"", ""Gbp3"", ""Gbp5"", ""Nfkbiz"", ""Ptgir"", ""Arid5a"", ""Irgm2"", ""Slpi"", ""Nr4a1"", ""Axl"", ""Casp1"", ""Trim5"", ""Lbp"", ""Cd86"", ""Mapkapk3"", ""Cebpb"", ""Lyn"", ""Cd68"", ""Ahr"", ""Tnfrsf1b"", ""Mgst1"", ""Pdcd1lg2"", ""Cd55"", ""Spi1"", ""Gch1"", ""Trib1"", ""Fosl2"", ""Lgals9"", ""Plscr1"", ""Cxcl10"", ""Malt1"", ""Ncf2"", ""Foxp1"", ""Dusp10"", ""Havcr2"", ""Litaf"", ""Fcgr2b"", ""Sash1"", ""Irf5"", ""Plcg2"", ""Mtdh"", 
""Tnf"", ""Mrc1"", ""Casp4"", ""Pde2a"", ""Nr1h3"", ""Trim30c"", ""Trem2"", ""Sirpa"", ""Zc3h12a"", ""Scimp"", ""Cxcl16"", ""Abca1"", ""Pf4"", ""Ly86"", ""Slc11a1"", ""C5ar1"", ""Cnr2"", ""Tifab"")"
"1220","TABULA_MURIS_SENIS_LUNG_INTERMEDIATE_MONOCYTE_AGEING","2.9088824294304e-08","7.65249574898317e-07","0.73376198835648","0.474466884255668","1.93325169551468","223","c(""Rps5"", ""Rpsa"", ""Rpl17"", ""Rpl13"", ""Rpl18a"", ""Rps3"", ""Rpl18"", ""Rpl10"", ""Rpl21"", ""Rps4x"", ""Rpl19"", ""Rplp0"", ""Rps10"", ""Rpl10a"", ""Rps7"", ""Rps18"", ""AW112010"", ""Rpl32"", ""Rps3a1"", ""Rpl8"", ""Rps14"", ""Rpl11"", ""Rps20"", ""Ifi27"", ""Rps16"", ""Eef1b2"", ""Rpl23"", ""Rpl27a"", ""Naca"", ""S100a6"", ""Ly6a"", ""Rpl29"", ""Ctla2a"", ""Rplp1"", ""Rps12"", ""Lgals1"", ""Rps27a"", ""Rpl14"", ""Rps2"", ""Fth1"", ""Rps6"", ""Rpl7a"", ""Cd52"", ""Bcl2a1b"", ""Rps19"", ""Rilpl2"", ""Apoe"", ""Ncf4"", ""Rel"", ""Ifi30"", ""Ms4a6d"", ""Zfp36l1"", ""S100a11"", ""Ifitm2"", ""Lgals3"", 
""Rpl28"", ""Sp140"", ""Rps8"", ""Filip1l"", ""Slpi"", ""Fam111a"", ""Ccl5"", ""Hint1"")"
"1221","GOBP_MEMBRANE_FUSION","0.00065362906208093","0.00465659959134675","0.477270815362862","0.664913331498484","1.93976812320239","26","c(""Samd9l"", ""Izumo1r"", ""Cd9"", ""Snca"", ""Anxa1"", ""Tbc1d4"", ""Atp13a2"", ""Stx11"", ""Syt11"", ""Tpst2"", ""Vav3"", ""Eea1"", ""Pla2g4a"", ""C2cd5"")"
"1222","GOBP_POSITIVE_REGULATION_OF_IMMUNE_RESPONSE","9.12910009921489e-10","3.19240177249984e-08","0.801215574617779","0.466267353826658","1.94057543300968","288","c(""Ifi203"", ""Irf7"", ""Zbp1"", ""Rps3"", ""Trim30a"", ""Mndal"", ""Rsad2"", ""Parp9"", ""B2m"", ""Irgm1"", ""Gimap3"", ""Oas3"", ""Igtp"", ""Gbp7"", ""Ddx60"", ""Eif2ak2"", ""Ifih1"", ""Ifi35"", ""P2rx7"", ""Irf1"", ""Oasl1"", ""Blk"", ""Nfkb1"", ""Trim30d"", ""Gbp2"", ""Gimap5"", ""Cd274"", ""Trim25"", ""Cd74"", ""Dhx58"", ""Rps19"", ""Ccr7"", ""Fcer1g"", ""Oas1a"", ""Il18r1"", ""Bcl2"", ""Gbp3"", ""Ighm"", ""Gbp5"", ""Lgals3"", ""Bcl2a1d"", ""Unc93b1"", ""Lax1"", ""Rnf125"", ""Nfkbiz"", ""Cd40lg"", ""Arid5a"", ""Irgm2"", ""Ninj1"", ""Anxa1"", ""Cd44"", ""Tyrobp"", ""Nlrc5"", ""Ifi204"", ""Il18rap"", 
""Casp1"", ""Cd160"", ""Trim5"", ""Nfkbid"", ""Lbp"", ""Psen2"", ""Cd86"", ""Dpp4"", ""Fyb"", ""Mapkapk3"", ""Cd300a"", ""Irf4"", ""Aim2"", ""Lyn"", ""Lcp2"", ""C1qa"", ""Cd79b"", ""Il27ra"", ""Clec4n"", ""Clcf1"", ""Lat2"", ""C1qb"", ""Cd55"", ""Nr4a3"", ""Ccr2"", ""Spi1"", ""Fcgr3"", ""Fosl2"", ""Lta"", ""Lgals9"", ""Plscr1"", ""Gata3"", ""Il18"", ""Malt1"", ""Fgr"", ""Cblb"", ""Nfatc2"", ""Foxp1"", ""Cd79a"", ""Vav3"", ""Cd38"", ""Havcr2"", ""Il1r1"", ""Cfp"", ""Tifa"", ""Oas1g"", ""Prkch"", ""Plcg2"", ""Mmp12"", ""Tnfsf13b"", ""Tnf"", ""Pla2g4a"", ""Clec4e"", ""Il15"", ""Casp4"", ""Tmem126a"", ""Nr1h3"", 
""Trim30c"", ""Ffar2"", ""Foxp3"", ""Card11"", ""C1qc"", ""Hfe"", ""Trem2"", ""Fcgr1"", ""Pnp"", ""Zc3h12a"", ""Scimp"")"
"1223","GOBP_POSITIVE_REGULATION_OF_SMOOTH_MUSCLE_CELL_MIGRATION","0.000843826139788968","0.00573381861574613","0.477270815362862","0.644620011172185","1.94057967968712","32","c(""Tmsb4x"", ""Camk2d"", ""Itgb3"", ""Bcl2"", ""S100a11"", ""Rapgef4"", ""Hdac4"", ""Ccl5"", ""Pdgfrb"", ""Myc"", ""Aif1"", ""Nr4a3"", ""Il18"", ""Smo"", ""Sema6d"", ""Lrp1"")"
"1224","GOBP_POSITIVE_REGULATION_OF_LEUKOCYTE_APOPTOTIC_PROCESS","0.000292771254256449","0.00242286167844262","0.49849310876659","0.715304904493909","1.94094503576238","21","c(""P2rx7"", ""Pik3cd"", ""Cd274"", ""Anxa1"", ""Cd44"", ""Ccl5"", ""Nfkbid"", ""Rapgef2"", ""Lyn"", ""Myc"", ""Nr4a3"", ""Pdcd1"")"
"1225","ZEMEK_IMMUNE_CHECKPOINT_BLOCKADE_OVARIAN_CANCER_RENCA_UP","0.000165277457296074","0.001497418985139","0.518848077743792","0.579037560777121","1.94141790438792","53","c(""Trac"", ""AW112010"", ""Stat1"", ""Nkg7"", ""B2m"", ""Igtp"", ""Psmb9"", ""Izumo1r"", ""Gbp2"", ""Gbp3"", ""Tgtp2"", ""Ighm"", ""Irgm2"", ""Nlrc5"", ""Dusp2"", ""Tnfrsf4"", ""Tgtp1"", ""Neurl3"", ""Ccl4"", ""Aif1"", ""C1qb"", ""Clec12a"", ""Nr4a3"", ""Pdcd1"", ""Lair1"", ""Fasl"", ""Il18bp"")"
"1226","CAIRO_LIVER_DEVELOPMENT_DN","2.9627030614807e-05","0.000342562541483706","0.575610261071129","0.558090116891213","1.94267657277868","71","c(""Plac8"", ""Isg20"", ""Gm2a"", ""Smpdl3a"", ""Alox5ap"", ""Lcp1"", ""Apoe"", ""Camp"", ""Anxa1"", ""Pglyrp1"", ""St6gal1"", ""Lbp"", ""Orai3"", ""Cd68"", ""Pygl"", ""C1qa"", ""Ccr2"", ""Lgals9"", ""Cdh1"", ""Hmox1"", ""Cfp"", ""Aldh1b1"", ""Cybb"", ""Ctsh"", ""Lrp1"", ""Sstr2"", ""C3"", ""Lyz2"", ""Lcn2"", ""Cyld"", ""Hmgcs1"", ""Nrn1"", ""Arg1"", ""Tnfrsf11a"", ""Slc7a7"", ""Pla1a"", ""Adgre1"")"
"1227","GOBP_SMAD_PROTEIN_SIGNAL_TRANSDUCTION","0.00102186115643331","0.00672060142867225","0.45505986738723","0.64574669714093","1.94315345993505","31","c(""Vim"", ""Smad7"", ""Pml"", ""Pmepa1"", ""Pparg"", ""Trf"", ""Smad3"", ""Rbpms"", ""Runx2"", ""Fos"", ""Lgals9"", ""Tgfb3"", ""Smad1"", ""Ldlrad4"", ""Lrp1"", ""Smad4"")"
"1228","GOBP_CELLULAR_RESPONSE_TO_BIOTIC_STIMULUS","5.47035471724596e-06","7.92234452106201e-05","0.610526878385931","0.523518410130003","1.94344188392424","107","c(""Trim30a"", ""Vim"", ""Stat1"", ""B2m"", ""Irgm1"", ""Igtp"", ""Hspa5"", ""Nfkb1"", ""Trim30d"", ""Gbp2"", ""Cmpk2"", ""Cd274"", ""Irf8"", ""Notch1"", ""Gbp3"", ""Gbp5"", ""Nfkbiz"", ""Arid5a"", ""Irgm2"", ""Axl"", ""Casp1"", ""Trim5"", ""Lbp"", ""Cd86"", ""Cebpb"", ""Lyn"", ""Cd68"", ""Ahr"", ""Tnfrsf1b"", ""Pdcd1lg2"", ""Cd55"", ""Spi1"", ""Gch1"", ""Trib1"", ""Plscr1"", ""Cxcl10"", ""Malt1"", ""Havcr2"", ""Litaf"", ""Fcgr2b"", ""Sash1"", ""Plcg2"", ""Mtdh"", ""Tnf"", ""Mrc1"", ""Pde2a"", ""Nr1h3"", ""Trim30c"", ""Trem2"", ""Sirpa"", ""Zc3h12a"", ""Scimp"", ""Cxcl16"", ""Abca1"", ""Pf4"")"
"1229","ZENG_GU_ICB_CONTROL_METAGENE_14_PRECICTIVE_ICB_RESPONSE","0.000162864690865634","0.00148023613647292","0.518848077743792","0.580228629801221","1.94541136333667","53","c(""Parp9"", ""Ikzf2"", ""Gbp7"", ""Runx3"", ""Gbp2"", ""Gbp3"", ""Podnl1"", ""Esyt1"", ""St8sia4"", ""Atp2b4"", ""Skil"", ""Gpr183"", ""Ly75"", ""Nrp1"", ""Gsap"", ""Tnfrsf1b"", ""Serpinb9"", ""Apol9b"", ""Bst1"", ""Rnf19b"", ""Tifa"", ""Cxcr6"", ""Plcg2"", ""Fam20a"")"
"1230","GOBP_REGULATION_OF_VIRAL_PROCESS","2.29795017479086e-05","0.000270610764936871","0.575610261071129","0.546382376166503","1.94587577253085","81","c(""Isg15"", ""Bst2"", ""Trim30a"", ""Isg20"", ""Stat1"", ""Rsad2"", ""Sp100"", ""Oas3"", ""Gbp7"", ""Oasl2"", ""Eif2ak2"", ""Ifih1"", ""Ifitm3"", ""Oasl1"", ""Lgals1"", ""Trim30d"", ""Apobec3"", ""Trim25"", ""Cd74"", ""Notch1"", ""Oas1a"", ""Trim34a"", ""Bcl2"", ""Gbp3"", ""Ifitm2"", ""Slpi"", ""Fam111a"", ""Ccl5"", ""Axl"", ""Trim5"", ""Oas2"", ""Furin"", ""Dynlt1f"", ""Ly6e"")"
"1231","GOBP_POSITIVE_REGULATION_OF_CD4_POSITIVE_ALPHA_BETA_T_CELL_ACTIVATION","0.000687917381759974","0.00485862830590326","0.477270815362862","0.677064490804188","1.9470443998385","25","c(""Irgm1"", ""Gimap3"", ""Irf1"", ""Gimap5"", ""Ccr7"", ""Zbtb7b"", ""Nfkbiz"", ""Anxa1"", ""Cd160"", ""Nfkbid"", ""Cd55"", ""Cd83"", ""Ccr2"", ""Il18"", ""Malt1"")"
"1232","GOCC_LATE_ENDOSOME_MEMBRANE","0.000385091802605965","0.00303365589003463","0.49849310876659","0.784268260808087","1.94734356524592","15","c(""Anxa6"", ""B2m"", ""Ifitm2"", ""Cd63"", ""Atp13a2"", ""Anxa2"", ""Cd68"", ""Rab27a"", ""Litaf"", ""Stard3nl"")"
"1233","GOMF_TUMOR_NECROSIS_FACTOR_RECEPTOR_SUPERFAMILY_BINDING","0.000251920335895623","0.00214675055922942","0.49849310876659","0.718041169891038","1.9483697587102","21","c(""Stat1"", ""Ltb"", ""Ripk1"", ""Traf1"", ""Cd40lg"", ""Traf5"", ""Tnfsf10"", ""Tnfsf11"", ""Tnfsf8"", ""Lta"", ""Fasl"", ""Tnfsf13b"", ""Tnf"", ""Nucb2"")"
"1234","JACKSON_DNMT1_TARGETS_UP","0.000265782387875224","0.00223893394247827","0.49849310876659","0.631647740416329","1.95101642415722","36","c(""Isg15"", ""Ifit1"", ""Ifi203"", ""Irf7"", ""Ifit3"", ""Eif2ak2"", ""Pdgfa"", ""Trim25"", ""Junb"", ""Cdkn1a"", ""Eng"", ""Slpi"")"
"1235","GOBP_NEGATIVE_REGULATION_OF_RESPONSE_TO_CYTOKINE_STIMULUS","0.000531393302574002","0.00391789703302557","0.477270815362862","0.654498715052684","1.95122320800084","29","c(""Isg15"", ""Parp14"", ""Oas3"", ""Samhd1"", ""Oas1a"", ""Ecm1"", ""Nlrc5"", ""Pparg"", ""Stat2"", ""Oas1g"", ""Mmp12"", ""Trem2"", ""Naip2"")"
"1236","SWEET_LUNG_CANCER_KRAS_DN","5.96772644818437e-07","1.14464585887416e-05","0.659444398037935","0.502732072555251","1.95149556899531","153","c(""Klf2"", ""Trbc1"", ""Ifi203"", ""Ms4a6b"", ""Gimap4"", ""Usp18"", ""AW112010"", ""Ltb"", ""Ifit3"", ""Gng2"", ""Srgn"", ""Ly6a"", ""Gbp7"", ""Ctla2a"", ""Ifih1"", ""Ifitm3"", ""Gbp2"", ""Alas2"", ""Crip1"", ""Gyg"", ""Snca"", ""Sh3bp5"", ""Bpgm"", ""Gbp3"", ""Myo6"", ""Myl4"", ""Ahnak"", ""Eng"", ""Tmem71"", ""St8sia4"", ""Tgtp1"", ""Ctla2b"", ""Gadd45b"", ""Acvrl1"", ""G0s2"", ""Ccrl2"", ""Lmo2"", ""Pdgfrb"", ""Ahr"", ""Il27ra"")"
"1237","CHYLA_CBFA2T3_TARGETS_UP","1.24801378877559e-07","2.84022185659841e-06","0.690132458796796","0.494191091745592","1.953469372201","177","c(""Gzma"", ""Nkg7"", ""Ccnd2"", ""P2rx7"", ""Chd7"", ""Rasgrp2"", ""Calr"", ""Alox5ap"", ""Hvcn1"", ""Cd48"", ""Cyth4"", ""Sox13"", ""Mta3"", ""Lcp1"", ""Atp8b4"", ""Cst7"", ""Ncf4"", ""Gbp3"", ""Serpina3g"", ""S100a11"", ""Tmed3"", ""Unc93b1"", ""Serpinb1a"", ""Arid5a"", ""Ubash3b"", ""Slpi"", ""Tm6sf1"", ""Gpr171"", ""Slc36a3os"", ""Casp1"", ""Adgrg3"", ""Dusp2"", ""Lbp"", ""Trf"", ""Gfra1"", ""Tsc22d3"", ""Ctla2b"", ""Gadd45b"", ""Pik3ip1"", ""Tpm4"", ""Rbpms"", ""Atp13a2"", ""Pld4"", ""Cebpb"", ""Ebi3"", ""Tcn2"", ""Gpr65"", ""Ppic"", ""Rab44"", ""Adssl1"", ""P2ry14"", ""Hdc"", ""Ctsc"", ""Clec12a"", 
""Arhgef6"", ""Spi1"", ""Ass1"", ""Fcgr3"", ""Gria3"", ""Rab27a"", ""Ncf2"", ""Cd93"", ""Ttc39c"", ""Ccdc102a"", ""Cxcr6"", ""Fcgr2b"", ""Plcg2"", ""Cpne3"", ""Lmo1"", ""Klhl5"", ""Clec4e"", ""Mctp1"", ""Pde2a"", ""Sstr2"", ""F630028O10Rik"", ""Nr1h3"", ""Ffar2"", ""Mfng"")"
"1238","GOBP_VIRAL_LIFE_CYCLE","1.40078849752669e-05","0.000181343612490193","0.593325476396405","0.534296324495175","1.95478644457091","96","c(""Isg15"", ""Bst2"", ""Trim30a"", ""Isg20"", ""Rsad2"", ""Eef1a1"", ""Oas3"", ""Gbp7"", ""Oasl2"", ""Eif2ak2"", ""Ifih1"", ""Ifitm3"", ""Oasl1"", ""Itgb3"", ""Lgals1"", ""Trim30d"", ""Apobec3"", ""Trim25"", ""Cd74"", ""Notch1"", ""Oas1a"", ""Apoe"", ""Trim34a"", ""Bcl2"", ""Ctsb"", ""Gbp3"", ""Ifitm2"", ""Slpi"", ""Fam111a"", ""Ccl5"", ""Axl"", ""Trim5"", ""Mvb12a"", ""Oas2"", ""Furin"", ""Nrp1"", ""Icam1"", ""Ly6e"")"
"1239","HALLMARK_UV_RESPONSE_DN","0.000254597648852902","0.00215757095247235","0.49849310876659","0.583814843957641","1.95676179430283","54","c(""Smad7"", ""Itgb3"", ""Nfkb1"", ""Add3"", ""Pik3cd"", ""Inpp4b"", ""Pparg"", ""Anxa4"", ""Atp2b4"", ""Smad3"", ""Rbpms"", ""Anxa2"", ""Nrp1"", ""Pdgfrb"", ""Myc"", ""Bhlhe40"", ""Runx1"", ""Fhl2"", ""Atxn1"")"
"1240","SIMBULAN_PARP1_TARGETS_UP","0.000339519375759051","0.00271568147835168","0.49849310876659","0.788424722316693","1.95766408818106","15","c(""Ccnd2"", ""Igfbp4"", ""S100a6"", ""Ly6a"", ""Ctla2a"", ""Timp2"", ""Cdkn1a"", ""Ly6c1"")"
"1241","GOCC_LATE_ENDOSOME","6.9918803204048e-05","0.000717324394231155","0.538434096309916","0.579788510436807","1.95780872241822","61","c(""Bst2"", ""Anxa6"", ""B2m"", ""Irgm1"", ""Ctss"", ""Cd74"", ""Lgmn"", ""Apoe"", ""Cst7"", ""Vamp5"", ""Ifitm2"", ""Grn"", ""Cst3"", ""Cd63"", ""Trf"", ""Rapgef2"", ""Atp13a2"", ""Rnf149"", ""Anxa2"", ""Cd68"", ""Rab27a"", ""Smo"", ""Cd79a"", ""Sorl1"", ""Litaf"", ""Stard3nl"")"
"1242","TABULA_MURIS_SENIS_HEART_AND_AORTA_ENDOCARDIAL_CELL_AGEING","0.000445316464002583","0.00340518656140642","0.49849310876659","0.698999936677813","1.9578935443089","23","c(""Rps3"", ""Rplp0"", ""Rps10"", ""Rps18"", ""Rpl32"", ""Eef1a1"", ""B2m"", ""Rps20"", ""Rpl23"", ""Rps12"", ""Cd74"", ""Lgmn"", ""Junb"")"
"1243","GOBP_MULTICELLULAR_ORGANISMAL_LEVEL_CHEMICAL_HOMEOSTASIS","0.000632782593084413","0.00454193763621916","0.477270815362862","0.737312945053448","1.95999972991272","19","c(""B2m"", ""Oas1a"", ""Napsa"", ""Aqp3"", ""Nfat5"", ""Slc40a1"", ""Wfs1"", ""Hmox1"", ""Oas1g"", ""Ctsh"", ""Pla2g4a"", ""Hfe"", ""Fech"", ""Rhd"", ""Slc11a1"")"
"1244","GOBP_POSITIVE_REGULATION_OF_RESPONSE_TO_BIOTIC_STIMULUS","2.19681442658422e-07","4.74694962999449e-06","0.690132458796796","0.502468664916604","1.9612374035846","161","c(""Ifi203"", ""Irf7"", ""Zbp1"", ""Trim30a"", ""Mndal"", ""Rsad2"", ""Parp9"", ""Irgm1"", ""Gimap3"", ""Oas3"", ""Igtp"", ""Gbp7"", ""Ddx60"", ""Eif2ak2"", ""Ifih1"", ""Ifi35"", ""Irf1"", ""Oasl1"", ""Trim30d"", ""Gbp2"", ""Gimap5"", ""Cd274"", ""Trim25"", ""Cd74"", ""Dhx58"", ""Rps19"", ""Oas1a"", ""Gbp3"", ""Gbp5"", ""Grn"", ""Unc93b1"", ""Rnf125"", ""Nfkbiz"", ""Cd40lg"", ""Irgm2"", ""Ninj1"", ""Tyrobp"", ""Nlrc5"", ""Ifi204"", ""Il18rap"", ""Casp1"", ""Cd160"", ""Trim5"", ""Lbp"", ""Cd86"", ""Dpp4"", ""Mapkapk3"", ""Cd300a"", ""Irf4"", ""Aim2"")"
"1245","GOCC_VESICLE_MEMBRANE","2.50910583080377e-06","4.0082790918272e-05","0.627256739718528","0.519216248402051","1.96129308341963","120","c(""Anxa6"", ""B2m"", ""Ifitm3"", ""Gbp2"", ""Cd274"", ""Snca"", ""Notch1"", ""Sh3bp5"", ""Vamp5"", ""Ncf4"", ""Actn1"", ""Pmepa1"", ""Myo6"", ""Ifitm2"", ""Atp8a1"", ""Ehd1"", ""Tmed3"", ""Snx10"", ""Syngr2"", ""Cd63"", ""Anxa4"", ""Tbc1d4"", ""Slc17a9"", ""Trf"", ""Mvb12a"", ""Kif1b"", ""Dtnbp1"", ""Slc2a3"", ""Atp13a2"", ""Ehd4"", ""Furin"", ""Anxa2"", ""Cd68"", ""Syt11"", ""Rab27a"", ""Smo"", ""Wfs1"", ""Litaf"", ""Stard3nl"", ""Eea1"", ""Dmbt1"", ""Mrc1"", ""Ldlrad4"", ""Clec4e"", ""Mctp1"", ""C2cd5"", ""Snx8"", ""Trpm2"", ""Snx18"", ""Steap3"", ""Slc22a2"", ""Slc11a1"", ""Slc15a3"", ""Rhob"", ""Sypl"", 
""Treml4"", ""Mfsd10"", ""Anxa3"", ""Wipi1"", ""Ahnak2"", ""Tmem163"", ""Csf3r"", ""Ece2"", ""Pla1a"")"
"1246","GOBP_REGULATION_OF_VIRAL_INDUCED_CYTOPLASMIC_PATTERN_RECOGNITION_RECEPTOR_SIGNALING_PATHWAY","0.000470284308411421","0.00358178022408964","0.49849310876659","0.657896456579075","1.96135271928728","29","c(""Trim30a"", ""Rsad2"", ""Irgm1"", ""Igtp"", ""Ddx60"", ""Eif2ak2"", ""Oasl1"", ""Gbp2"", ""Dhx58"", ""Gbp5"", ""Rnf125"", ""Irgm2"")"
"1247","GOCC_POSTSYNAPSE","1.25500340643597e-08","3.51094855410258e-07","0.747739663149885","0.481628195032921","1.96243100530771","223","c(""Rps5"", ""Rpsa"", ""Rpl17"", ""Rpl13"", ""Rpl18a"", ""Rps3"", ""Rpl10"", ""Rpl21"", ""Rplp0"", ""Rps10"", ""Rpl9"", ""Rpl10a"", ""Rps7"", ""Rps18"", ""Rpl32"", ""Rps3a1"", ""Rpl8"", ""Rps14"", ""Rps20"", ""Rps16"", ""Rpl23"", ""Rpl27a"", ""Srgn"", ""Rpl29"", ""Rpl4"", ""Pdlim4"", ""Rplp1"", ""Rps12"", ""Rpl26"", ""Actn2"", ""Itgb3"", ""Rps27a"", ""Rpl14"", ""Rps2"", ""Add3"", ""Rpl7a"", ""Rps19"", ""Pkp4"", ""Rpl5"", ""Actn1"", ""Myo6"")"
"1248","GOCC_POLYSOME","0.000138441253502367","0.00128889705979882","0.518848077743792","0.617814876817972","1.96422702549229","43","c(""Rpl18a"", ""Rps3"", ""Rpl18"", ""Rps4x"", ""Rpl19"", ""Vim"", ""Rpl10a"", ""Rpl32"", ""Rpl8"", ""Rpl11"", ""Rpl29"", ""Calr"", ""Rps6"", ""Btf3"", ""Rpl7a"")"
"1249","WP_TGF_BETA_SIGNALING_PATHWAY","0.000521712048073666","0.00386736260670191","0.477270815362862","0.683404373242426","1.96527609381251","25","c(""Stat1"", ""Smad7"", ""Runx3"", ""Nfkb1"", ""Eng"", ""Zeb2"", ""Smad3"", ""Skil"", ""Runx2"", ""Fos"", ""Tnf"", ""Smad1"", ""Smad4"", ""Tfe3"", ""Jun"")"
"1250","GOBP_NEUTROPHIL_ACTIVATION","0.000767819654677064","0.00529897198504569","0.477270815362862","0.691039248373965","1.9659507020562","24","c(""Fcer1g"", ""Camp"", ""Grn"", ""Anxa1"", ""Tyrobp"", ""Il18rap"", ""Ccl5"", ""Myo1f"", ""Cd300a"", ""Stx11"", ""Spi1"", ""Il18"", ""Tnf"", ""Il15"")"
"1251","GOBP_TISSUE_REMODELING","5.0851384589491e-05","0.000550250359661756","0.557332238758646","0.567665285098247","1.96603508541726","68","c(""Ctss"", ""P2rx7"", ""Chd7"", ""S1pr1"", ""Itgb3"", ""Nfkb1"", ""Pml"", ""Inpp4b"", ""Cst3"", ""Snx10"", ""Ubash3b"", ""Pparg"", ""Itga4"", ""Axl"", ""Trf"", ""Tmem64"", ""Acvrl1"", ""Ahr"", ""Tnfsf11"", ""Ccr2"", ""Fosl2"", ""Lrrk1"", ""Ppp3ca"", ""Il18"", ""Cd38"", ""Klf6"")"
"1252","GOBP_POSITIVE_REGULATION_OF_IMMUNE_SYSTEM_PROCESS","1.49937477529066e-13","1.08847016915087e-11","0.943632225232838","0.457081457955961","1.96665492025292","437","c(""Ifi203"", ""Irf7"", ""Zbp1"", ""Rps3"", ""Trim30a"", ""Mndal"", ""Rsad2"", ""Parp9"", ""B2m"", ""Irgm1"", ""Gimap3"", ""Oas3"", ""Igtp"", ""Gbp7"", ""Runx3"", ""Ddx60"", ""Eif2ak2"", ""Ifih1"", ""Tesc"", ""Ifi35"", ""P2rx7"", ""Irf1"", ""Oasl1"", ""Itgb3"", ""Lgals1"", ""Blk"", ""Calr"", ""Nfkb1"", ""Trim30d"", ""Gbp2"", ""Sell"", ""Gimap5"", ""Pik3cd"", ""Cd274"", ""Trim25"", ""Cd74"", ""Dhx58"", ""Lgmn"", ""Il7r"", ""Il2ra"", ""Rps19"", ""Ccr7"", ""Sox13"", ""Fcer1g"", ""Oas1a"", ""Il18r1"", ""Tnfrsf18"", ""Pecam1"", ""Bcl2"", ""Gbp3"", ""Zfp36l1"", ""Ripk1"", ""Ighm"", ""Gbp5"", ""Cdkn1a"", ""Lgals3"", 
""Bcl2a1d"", ""Unc93b1"", ""Zbtb7b"", ""Swap70"", ""Vsir"", ""Mzb1"", ""Lax1"", ""Icos"", ""Rnf125"", ""Nfkbiz"", ""Stk39"", ""Cd40lg"", ""Arid5a"", ""Irgm2"", ""Ninj1"", ""Anxa1"", ""Cd44"", ""Tyrobp"", ""Nlrc5"", ""Ifi204"", ""Il18rap"", ""Itga4"", ""Ccl5"", ""Axl"", ""Casp1"", ""Cd160"", ""Trim5"", ""Nfkbid"", ""Lbp"", ""Tnfrsf4"", ""Psen2"", ""Cd86"", ""Myo1f"", ""Dpp4"", ""Tmem64"", ""Fyb"", ""Mapkapk3"", ""Cd300a"", ""Irf4"", ""Aim2"", ""Fos"", ""Gpr183"", ""Lyn"", ""Tnfsf11"", ""Icam1"", ""Lcp2"", ""C1qa"", ""Cd79b"", ""Il27ra"", ""Clec4n"", ""Clcf1"", ""Aif1"", ""Lat2"", ""Il15ra"", ""C1qb"", ""Ctsc"", 
""Pdcd1lg2"", ""Cd55"", ""Cd83"", ""Nr4a3"", ""Ccr2"", ""Spi1"", ""Aqp3"", ""Trib1"", ""Fcgr3"", ""Fosl2"", ""Runx1"", ""Lta"", ""Lgals9"", ""Plscr1"", ""Gata3"", ""Ppp3ca"", ""Il18"", ""Dapk2"", ""Cxcl10"", ""Ccl3"", ""Malt1"", ""Fgr"", ""Cblb"", ""Nfatc2"", ""P2rx4"", ""Foxp1"", ""Bst1"", ""Dusp10"", ""Cd79a"", ""Vav3"", ""Cd38"", ""Hmox1"", ""Itgal"", ""Havcr2"", ""Il1r1"", ""Cfp"", ""Tifa"", ""Oas1g"", ""Id2"", ""Irf5"", ""Prkch"", ""Plcg2"", ""Mmp12"", ""Tnfsf13b"", ""Gpr68"", ""Tnf"", ""Pla2g4a"", ""Fes"", ""Clec4e"", ""Il15"", ""Casp4"", ""Tmem126a"", ""Csf1r"", ""Nr1h3"", ""Trim30c"", ""Ffar2"", ""Foxp3"", 
""Card11"", ""C1qc"", ""Hfe"", ""Trem2"", ""Sirpa"", ""Vcam1"", ""Mmp9"")"
"1253","LIAN_LIPA_TARGETS_3M","0.000191864959232032","0.00169544767518599","0.518848077743792","0.59844390932408","1.96923632464908","50","c(""Slfn1"", ""Fcer1g"", ""Ms4a6c"", ""Rgs1"", ""Ctsb"", ""Camp"", ""Ms4a6d"", ""Cd68"", ""C1qa"", ""Clec4n"", ""C1qb"", ""Fcgr3"", ""Slc40a1"", ""Mpeg1"", ""Hmox1"", ""Cfp"", ""Fcgr2b"", ""Mmp12"", ""Clec4e"", ""C1qc"", ""Trem2"", ""Slfn4"", ""Slc11a1"", ""Clec4d"", ""Ms4a7"", ""Slc15a3"")"
"1254","GOBP_CYTOKINE_PRODUCTION_INVOLVED_IN_IMMUNE_RESPONSE","1.86754679908163e-05","0.000228854292579768","0.575610261071129","0.561445727093021","1.96985168743299","74","c(""Bst2"", ""Rsad2"", ""B2m"", ""Smad7"", ""Gimap3"", ""P2rx7"", ""Gimap5"", ""Cd74"", ""Fcer1g"", ""Il18r1"", ""Vsir"", ""Arid5a"", ""Il18rap"", ""Axl"", ""Casp1"", ""Cd160"", ""Psen2"", ""Tnfrsf1b"", ""Cd55"", ""Nr4a3"", ""Ccr2"", ""Fosl2"", ""Gata3"", ""Il18"", ""Malt1"", ""Hmox1"", ""Il1r1"", ""Tgfb3"", ""Litaf"", ""Irf5"", ""Plcg2"", ""Tnf"", ""Casp4"", ""Ffar2"", ""Foxp3"", ""Hfe"", ""Scimp"")"
"1255","GOMF_STRUCTURAL_MOLECULE_ACTIVITY","7.7002816312066e-09","2.27634614200875e-07","0.747739663149885","0.481557916551537","1.97211643584615","233","c(""Rps5"", ""Rpsa"", ""Rpl17"", ""Rpl13"", ""Rpl18a"", ""Rps3"", ""Rpl18"", ""Rpl10"", ""Rpl21"", ""Rps4x"", ""Rpl19"", ""Rplp0"", ""Rps10"", ""Rpl9"", ""Vim"", ""Rpl10a"", ""Rps7"", ""Rps18"", ""Rpl3"", ""Rpl32"", ""Rps3a1"", ""Rpl8"", ""Rps14"", ""Rpl11"", ""Rps20"", ""Rps16"", ""Rpl23"", ""Rpl27a"", ""Rpl29"", ""Rpl4"", ""Rplp1"", ""Rps12"", ""Rpl26"", ""Rps27a"", ""Rpl14"", ""Rps2"", ""Add3"", ""Rps6"", ""Rpl7a"", ""Rps19"", ""Rpl5"", ""Actn1"", ""Rpl22l1"", ""Ecm1"", ""Ahnak"", ""Rpl28"", ""Rps8"")"
"1256","GOBP_REGULATION_OF_T_CELL_MIGRATION","0.000207761729908827","0.00180259231622863","0.518848077743792","0.678700740045797","1.97241210577118","27","c(""Itgb3"", ""Ccr7"", ""Ecm1"", ""Stk39"", ""Cd200r1"", ""Itga4"", ""Ccl5"", ""Il27ra"", ""Aif1"", ""Ccr2"", ""Lgals9"", ""Cxcl10"")"
"1257","GAVIN_FOXP3_TARGETS_CLUSTER_P7","0.000204528198694764","0.00177722609017344","0.518848077743792","0.595855249739828","1.97258485821531","51","c(""Pdlim4"", ""Ifitm3"", ""Evi2a"", ""Actn1"", ""Ecm1"", ""Ncoa7"", ""Anxa1"", ""Glipr2"", ""Dst"", ""Tmem64"", ""Ttc39b"", ""Fos"", ""Ppic"", ""Qpct"", ""Ikzf4"", ""Apobr"", ""Cyfip1"", ""Fasl"", ""Hectd2"", ""Ldlrad4"", ""Amigo2"", ""Gramd3"", ""Inafm2"", ""Gsta4"", ""St3gal6"", ""Jun"", ""Klrd1"", ""Mxd1"", ""Specc1"", ""Socs2"", ""Hs3st3b1"", ""Tmem158"", ""App"", ""Itih5"", ""Dnah12"", ""Kcnk6"", ""Myo1e"", ""Nt5e"")"
"1258","HOFFMANN_IMMATURE_TO_MATURE_B_LYMPHOCYTE_UP","0.000148763443509484","0.00137163721628117","0.518848077743792","0.772021765791643","1.97479106126253","17","c(""Ms4a6b"", ""Gimap4"", ""Fxyd5"", ""Ly6a"", ""Sell"", ""Apoe"", ""Bcl2"", ""Ms4a4c"", ""Stat4"")"
"1259","GOBP_NEGATIVE_REGULATION_OF_CELL_ACTIVATION","3.49009372718112e-06","5.38056116273755e-05","0.627256739718528","0.532384240305434","1.97613534019895","106","c(""Slfn1"", ""Smad7"", ""Dtx1"", ""Gimap3"", ""Runx3"", ""Irf1"", ""Pdgfa"", ""Gimap5"", ""Cd274"", ""Cd74"", ""Cd9"", ""Il2ra"", ""Apoe"", ""Cst7"", ""Btla"", ""Dapl1"", ""Grn"", ""Lgals3"", ""Zbtb7b"", ""Vsir"", ""Lax1"", ""Anxa1"", ""Ubash3b"", ""Pglyrp1"", ""Cd44"", ""Tyrobp"", ""Pparg"", ""Axl"", ""Nfkbid"", ""Cd86"", ""Cd300a"", ""Cebpb"", ""Lyn"", ""Adora2a"", ""Pdcd1lg2"", ""Ccr2"", ""Spi1"", ""Syt11"", ""Ndfip1"", ""Runx1"", ""Lgals9"", ""Fgr"", ""Cblb"", ""Hmox1"", ""Havcr2"", ""Id2"", ""Fcgr2b"")"
"1260","GOCC_VACUOLE","2.46386314309153e-07","5.27248325583207e-06","0.674962860011025","0.51141059769752","1.97693196336157","145","c(""Nkg7"", ""Anxa6"", ""B2m"", ""Irgm1"", ""Gm2a"", ""Ctss"", ""Igtp"", ""Srgn"", ""Ifitm3"", ""Calr"", ""Fth1"", ""Gimap5"", ""Cd74"", ""Lgmn"", ""Ctsw"", ""Dtx3l"", ""Cst7"", ""Ctsb"", ""Ifi30"", ""Ifitm2"", ""Grn"", ""Unc93b1"", ""Serpinb1a"", ""Hexb"", ""Irgm2"", ""Anxa1"", ""Cd63"", ""Tm6sf1"", ""Slc17a9"", ""Psen2"", ""Napsa"", ""Atp13a2"", ""Naaa"", ""Anxa2"", ""Ramp3"", ""Pdgfrb"", ""Cd68"", ""Ctsc"", ""Sidt1"", ""Syt11"", ""Rab27a"", ""Fasl"", ""Fuca2"", ""Gns"", ""P2rx4"", ""Creg1"", ""Rnf19b"", ""Litaf"", ""Ctsh"", ""Asah1"", ""Rnase6"", ""Hck"", ""Plbd1"", ""Prss57"", ""Mt1"", ""Naga"", ""Arsb"", 
""Tm4sf5"", ""Tfe3"", ""Trpm2"")"
"1261","GOBP_ALPHA_BETA_T_CELL_ACTIVATION","5.03551501753523e-06","7.38585131088608e-05","0.610526878385931","0.532197043696018","1.97861752229642","110","c(""Rsad2"", ""Nkg7"", ""Irgm1"", ""Smad7"", ""Gimap3"", ""Igtp"", ""Runx3"", ""Il6ra"", ""Irf1"", ""Gpr18"", ""Gimap5"", ""Cd274"", ""Batf"", ""Il2ra"", ""Ccr7"", ""Sema4a"", ""Il18r1"", ""Relb"", ""Btla"", ""Dapl1"", ""Bcl2"", ""Rora"", ""Zbtb7b"", ""Vsir"", ""Nfkbiz"", ""Anxa1"", ""Cd44"", ""Prr7"", ""Stat4"", ""Cd160"", ""Nfkbid"", ""Cd300a"", ""Cebpb"", ""Gadd45g"", ""Irf4"", ""Gpr183"", ""Adora2a"", ""Myc"", ""Bcl3"", ""Cd55"", ""Cd83"", ""Ccr2"", ""Tnfsf8"", ""Ndfip1"", ""Fosl2"", ""Runx1"", ""Lgals9"", ""Gata3"", ""Il18"", ""Malt1"", ""Cblb"", ""Foxp1"")"
"1262","PANGAS_TUMOR_SUPPRESSION_BY_SMAD1_AND_SMAD5_UP","0.00016769022435208","0.00150856561788154","0.518848077743792","0.590555575831308","1.97935458503528","54","c(""Trim30a"", ""Tmsb4x"", ""Ifi47"", ""Emp3"", ""Rpl14"", ""Smco4"", ""Lcp1"", ""Rpl22l1"", ""Zfp36l1"", ""Nfix"", ""C1qa"", ""Serpinb9"", ""Nfatc1"", ""Lrrk1"", ""Pltp"", ""Mvp"", ""Litaf"", ""Gna14"", ""Aldh1b1"", ""Chchd10"", ""Gsto1"")"
"1263","KAMIKUBO_MYELOID_CEBPA_NETWORK","0.000332293116571277","0.00266904905257181","0.49849310876659","0.708054361388371","1.98325491955092","23","c(""Lgals1"", ""Irf8"", ""Aldh2"", ""Glrx"", ""Camp"", ""Serpinb1a"", ""Anxa1"", ""Lbp"", ""Csf2ra"", ""Hdc"", ""Pgd"", ""Il18"", ""Cybb"", ""Lyz2"", ""Lcn2"", ""Itgam"", ""Adgre1"", ""Cd177"")"
"1264","HOLLERN_EMT_BREAST_TUMOR_UP","9.56420406444859e-05","0.000942452067175476","0.538434096309916","0.592772994207338","1.98413927544339","55","c(""Vim"", ""Igfbp4"", ""Fxyd5"", ""Emp3"", ""S100a4"", ""Il18r1"", ""Timp2"", ""Traf1"", ""Axl"", ""St8sia4"", ""Rrad"", ""Naaa"", ""Hhex"", ""Ccr2"", ""Spi1"", ""Fcgrt"", ""Nfatc1"", ""Ccdc102a"", ""Cfp"", ""Fcgr2b"", ""Gnb4"", ""Mrc1"", ""Lrp1"", ""Cysltr1"", ""Csf1r"")"
"1265","GOBP_ACTIVATION_OF_INNATE_IMMUNE_RESPONSE","1.24371698322162e-06","2.21512947166956e-05","0.643551836150722","0.530127575249828","1.9845617471858","116","c(""Ifi203"", ""Irf7"", ""Zbp1"", ""Trim30a"", ""Mndal"", ""Rsad2"", ""Irgm1"", ""Oas3"", ""Igtp"", ""Gbp7"", ""Ddx60"", ""Eif2ak2"", ""Ifih1"", ""Ifi35"", ""Irf1"", ""Oasl1"", ""Trim30d"", ""Gbp2"", ""Trim25"", ""Dhx58"", ""Oas1a"", ""Gbp3"", ""Gbp5"", ""Unc93b1"", ""Rnf125"", ""Nfkbiz"", ""Irgm2"", ""Ninj1"", ""Tyrobp"", ""Ifi204"", ""Casp1"", ""Trim5"", ""Lbp"", ""Cd86"", ""Mapkapk3"", ""Cd300a"", ""Irf4"", ""Aim2"", ""Lyn"")"
"1266","GOBP_CANONICAL_NF_KAPPAB_SIGNAL_TRANSDUCTION","1.50462280464562e-05","0.000192182890526562","0.593325476396405","0.543528258756801","1.98788798101699","94","c(""Trim30a"", ""Stat1"", ""Ltb"", ""Irgm1"", ""Igtp"", ""Gbp7"", ""S100a4"", ""Irf1"", ""Nfkb1"", ""Trim30d"", ""Trim25"", ""Cd74"", ""Trim34a"", ""Relb"", ""Gbp3"", ""Rel"", ""Ripk1"", ""Traf1"", ""Rora"", ""Irgm2"", ""Ikbkb"", ""Casp1"", ""Trim5"", ""Nfkb2"", ""Nfkbid"", ""Card6"", ""Traf5"", ""Tnfsf10"", ""Tnfsf11"", ""Clec4n"", ""Bcl3"", ""Tmem106a"", ""Fasl"", ""Malt1"", ""Capn3"", ""Tifa"", ""Plcg2"", ""Mtdh"", ""Tnf"")"
"1267","GOBP_MYELOID_LEUKOCYTE_DIFFERENTIATION","3.64905282105878e-06","5.58061811433923e-05","0.627256739718528","0.52601404396879","1.98923835307974","121","c(""Gimap3"", ""Tesc"", ""Itgb3"", ""Gimap5"", ""Batf"", ""Clec2d"", ""Cd74"", ""Ccr7"", ""Junb"", ""Fcer1g"", ""Relb"", ""Zfp36l1"", ""Ripk1"", ""Inpp4b"", ""Snx10"", ""Ninj1"", ""Ubash3b"", ""Tyrobp"", ""Pparg"", ""Ccl5"", ""Psen2"", ""Trf"", ""Tmem64"", ""Cebpb"", ""Irf4"", ""Zbtb7a"", ""Nfix"", ""Fos"", ""Gpr183"", ""Lyn"", ""Myc"", ""Tnfsf11"", ""Hhex"", ""Spi1"", ""Trib1"", ""Ndfip1"", ""Nfatc1"", ""Fosl2"", ""Runx1"", ""Lrrk1"", ""Gata3"", ""Ppp3ca"", ""Ccl3"", ""Foxp1"", ""Id2"", ""Gpr68"", ""Tnf"", ""Fes"", ""Il15"", ""Csf1r"", ""C1qc"", ""Trem2"", ""Cdk6"", ""Cited2"", ""Tfe3"", ""Jun"", ""Gfi1b"", 
""Cd300lf"", ""Fstl3"")"
"1268","TABULA_MURIS_SENIS_SPLEEN_T_CELL_AGEING","4.32965526310619e-07","8.59189374875918e-06","0.674962860011025","0.515165123123244","1.99035125684381","144","c(""Gimap4"", ""Vim"", ""AW112010"", ""B2m"", ""Ifi27"", ""Gng2"", ""Gimap3"", ""Ctss"", ""Ikzf2"", ""Prr13"", ""S100a6"", ""Srgn"", ""Maf"", ""Ly6a"", ""Hspa5"", ""S100a4"", ""Psmb9"", ""Cd82"", ""Izumo1r"", ""Smpdl3a"", ""Lgals1"", ""Calr"", ""Fth1"", ""Gimap5"", ""Apobec3"", ""Batf"", ""Capg"", ""Clec2d"", ""Cd74"", ""Smco4"", ""Bcl2a1b"", ""Rilpl2"", ""Junb"", ""Apoe"", ""Cst7"", ""Gm8369"", ""Tnfrsf18"", ""Glrx"", ""Ctsb"", ""Timp2"", ""Serpina3g"", ""Zfp36l1"", ""S100a11"", ""Vasp"", ""Cst3"", ""Traf1"", ""Ahnak"", ""Bcl2a1d"", ""Icos"", ""Rnh1"", ""Pglyrp1"", ""Cd44"", ""Itga4"", ""Pou2f2"", ""Ccl5"", 
""Casp1"", ""Tbc1d4"", ""Tnfrsf4"", ""Gimap7"", ""Ier5"", ""Anxa2"", ""Nrp1"", ""Tnfrsf1b"", ""Lcp2"", ""Il2rb"", ""Cd83"", ""Pdcd1"", ""Tnfsf8"", ""Syt11"", ""Pdia3"", ""Ndfip1"", ""Nfatc1"")"
"1269","NABA_ECM_AFFILIATED","4.98734733473854e-05","0.000543205096330521","0.557332238758646","0.622422909258341","1.99167260557293","44","c(""Anxa6"", ""Lgals1"", ""Clec2d"", ""Sema4a"", ""Lgals3"", ""Anxa1"", ""Anxa4"", ""Anxa2"", ""Plxnc1"", ""C1qa"", ""Clec4n"", ""C1qb"", ""Clec12a"", ""Sdc3"", ""Lgals9"", ""Sema6d"", ""Grifin"", ""Clec4e"", ""C1qc"", ""Clec4a3"", ""Clec4d"", ""Plxnb2"", ""Parm1"", ""Anxa3"", ""Fcna"", ""Sdc4"", ""Clec4a1"", ""Lman1"")"
"1270","GOBP_REGULATION_OF_VIRAL_LIFE_CYCLE","1.19911859434981e-05","0.000157367165642932","0.593325476396405","0.572320312280754","1.99221098733401","71","c(""Isg15"", ""Bst2"", ""Trim30a"", ""Isg20"", ""Rsad2"", ""Oas3"", ""Gbp7"", ""Oasl2"", ""Eif2ak2"", ""Ifih1"", ""Ifitm3"", ""Oasl1"", ""Lgals1"", ""Trim30d"", ""Apobec3"", ""Trim25"", ""Cd74"", ""Notch1"", ""Oas1a"", ""Trim34a"", ""Bcl2"", ""Gbp3"", ""Ifitm2"", ""Slpi"", ""Fam111a"", ""Ccl5"", ""Axl"", ""Trim5"", ""Oas2"", ""Furin"")"
"1271","GOBP_OSTEOCLAST_DIFFERENTIATION","3.1991008761171e-05","0.000366204461567496","0.557332238758646","0.597512062346451","1.99312421736994","58","c(""Itgb3"", ""Clec2d"", ""Junb"", ""Fcer1g"", ""Inpp4b"", ""Snx10"", ""Ninj1"", ""Ubash3b"", ""Tyrobp"", ""Ccl5"", ""Trf"", ""Tmem64"", ""Cebpb"", ""Zbtb7a"", ""Nfix"", ""Fos"", ""Gpr183"", ""Tnfsf11"", ""Nfatc1"", ""Fosl2"", ""Lrrk1"", ""Ppp3ca"", ""Ccl3"", ""Foxp1"", ""Gpr68"", ""Tnf"", ""Csf1r"", ""Trem2"", ""Tfe3"", ""Cd300lf"", ""Fstl3"")"
"1272","GOBP_NEGATIVE_REGULATION_OF_DEFENSE_RESPONSE","3.6706615343668e-06","5.59873507967915e-05","0.627256739718528","0.536003182997811","1.99353343623639","111","c(""Isg15"", ""Trim30a"", ""Irgm1"", ""Parp14"", ""Oas3"", ""Igtp"", ""Samhd1"", ""Ctla2a"", ""Nfkb1"", ""Clec2d"", ""Dhx58"", ""Il2ra"", ""Trafd1"", ""Rps19"", ""Oas1a"", ""Apoe"", ""Cst7"", ""Gpx1"", ""Grn"", ""Rora"", ""Rnf125"", ""Irgm2"", ""Pglyrp1"", ""Cd44"", ""Nlrc5"", ""Cd200r1"", ""Pparg"", ""Smad3"", ""Stat2"", ""Ahr"", ""Adora2a"", ""Tnfrsf1b"", ""Il10ra"", ""Serpinb9"", ""Syt11"", ""Ndfip1"", ""Lgals9"", ""Gata3"", ""Dusp10"", ""Ier3"", ""Havcr2"", ""Oas1g"", ""Fcgr2b"", ""Hgf"", ""Mmp12"", ""Metrnl"", ""Nr1h3"", ""Socs3"", ""Foxp3"", ""Trem2"", ""Sirpa"", ""Mvk"")"
"1273","GOBP_REGULATION_OF_T_CELL_CYTOKINE_PRODUCTION","0.000495225017502939","0.0037271856632275","0.477270815362862","0.700821998268624","1.99378183331061","24","c(""Rsad2"", ""B2m"", ""Smad7"", ""Il18r1"", ""Vsir"", ""Arid5a"", ""Tnfrsf1b"", ""Cd55"", ""Ccr2"", ""Gata3"", ""Il18"", ""Malt1"", ""Il1r1"", ""Foxp3"", ""Hfe"")"
"1274","CHEBOTAEV_GR_TARGETS_DN","9.52341854605009e-05","0.000940048285053309","0.538434096309916","0.627305954305798","1.99440213393035","43","c(""Trdc"", ""Usp18"", ""Mme"", ""Gbp7"", ""S100a4"", ""Cotl1"", ""Rasa3"", ""Zfp36l1"", ""Atp8a1"", ""Tuba8"", ""Irf4"", ""Vav3"", ""Ar"", ""Gna14"", ""Dpy19l1"", ""Pla2g4a"")"
"1275","GOBP_REGULATION_OF_IMMUNE_RESPONSE","3.26718044255865e-12","1.76766790925225e-10","0.898671232061694","0.469114285844258","1.99450520833167","368","c(""Isg15"", ""Ifi203"", ""Irf7"", ""Zbp1"", ""Rps3"", ""Trim30a"", ""Mndal"", ""Rsad2"", ""Parp9"", ""B2m"", ""Irgm1"", ""Smad7"", ""Gimap3"", ""Parp14"", ""Oas3"", ""Igtp"", ""Samhd1"", ""Gbp7"", ""Ddx60"", ""Eif2ak2"", ""Ifih1"", ""Ifi35"", ""P2rx7"", ""Irf1"", ""Oasl1"", ""Blk"", ""Nfkb1"", ""Trim30d"", ""Gbp2"", ""Gimap5"", ""Cd274"", ""Trim25"", ""Clec2d"", ""Cd74"", ""Dhx58"", ""Il7r"", ""Trafd1"", ""Rps19"", ""Ccr7"", ""Fcer1g"", ""Oas1a"", ""Apoe"", ""Il18r1"", ""Btla"", ""Bcl2"", ""Gbp3"", ""Ecm1"", ""Gpx1"", ""Ighm"", ""Gbp5"", ""Grn"", ""Lgals3"", ""Bcl2a1d"", ""Unc93b1"", ""Zbtb7b"", ""Vsir"", 
""Serpinb1a"", ""Lax1"", ""Rnf125"", ""Nfkbiz"", ""Cd40lg"", ""Arid5a"", ""Irgm2"", ""Ninj1"", ""Anxa1"", ""Pglyrp1"", ""Cd44"", ""Tyrobp"", ""Nlrc5"", ""Ifi204"", ""Il18rap"", ""Pparg"", ""Casp1"", ""Cd160"", ""Trim5"", ""Nfkbid"", ""Lbp"", ""Psen2"", ""Cd86"", ""Smad3"", ""Myo1f"", ""Dpp4"", ""Stat2"", ""Fyb"", ""Mapkapk3"", ""Cd300a"", ""Irf4"", ""Aim2"", ""Lyn"", ""Ahr"", ""Tnfrsf1b"", ""Lcp2"", ""C1qa"", ""Cd79b"", ""Il27ra"", ""Clec4n"", ""Serpinb9"", ""Clcf1"", ""Lat2"", ""C1qb"", ""Cd55"", ""Clec12a"", ""Nr4a3"", ""Ccr2"", ""Spi1"", ""Pdcd1"", ""Fcgr3"", ""Ndfip1"", ""Fosl2"", ""Lta"", ""Lgals9"", 
""Plscr1"", ""Gata3"", ""Il18"", ""Malt1"", ""Fgr"", ""Cblb"", ""Nfatc2"", ""Foxp1"", ""Dusp10"", ""Cd79a"", ""Vav3"", ""Cd38"", ""Hmox1"", ""Havcr2"", ""Il1r1"", ""Cfp"", ""Tifa"", ""Oas1g"", ""Fcgr2b"", ""Prkch"", ""Plcg2"", ""Mmp12"", ""Tnfsf13b"", ""Ctsh"", ""Tnf"", ""Pla2g4a"")"
"1276","TABULA_MURIS_SENIS_KIDNEY_T_CELL_AGEING","0.00011152022925514","0.0010731015348628","0.538434096309916","0.609117478693936","1.99912804799569","49","c(""Isg15"", ""Ifi203"", ""Zbp1"", ""AW112010"", ""Nkg7"", ""B2m"", ""Ifi27"", ""S100a6"", ""Runx3"", ""S100a4"", ""Junb"", ""Rgs1"", ""Serpina3g"", ""S100a11"", ""Cst3"", ""Tmem176b"", ""Cd69"", ""Ccl5"", ""Gimap7"", ""Fos"", ""Gpr183"", ""Bhlhe40"", ""Pdcd1"", ""Fasl"", ""Klf6"", ""Rnf19b"", ""Cxcr6"", ""Id2"", ""Igfbp7"", ""Trps1"", ""Nr4a2"")"
"1277","GOBP_BONE_RESORPTION","0.000305515438854818","0.00250304434547483","0.49849310876659","0.69615993759261","2.00195745943147","25","c(""Ctss"", ""P2rx7"", ""S1pr1"", ""Itgb3"", ""Snx10"", ""Ubash3b"", ""Trf"", ""Tmem64"", ""Tnfsf11"", ""Lrrk1"", ""Cd38"", ""Csf1r"")"
"1278","GOBP_T_CELL_CYTOKINE_PRODUCTION","0.000508419928678248","0.00380201506192807","0.477270815362862","0.665429453815812","2.00238197307061","31","c(""Rsad2"", ""B2m"", ""Smad7"", ""Il18r1"", ""Vsir"", ""Arid5a"", ""Il18rap"", ""Tnfrsf1b"", ""Cd55"", ""Ccr2"", ""Fosl2"", ""Gata3"", ""Il18"", ""Malt1"", ""Il1r1"", ""Foxp3"", ""Hfe"")"
"1279","GOBP_LIPID_STORAGE","0.000123039245631165","0.00116633070032187","0.518848077743792","0.648742374383105","2.00381786632205","36","c(""Gm2a"", ""Rnf213"", ""Itgb3"", ""Apoe"", ""Ehd1"", ""Hexb"", ""B4galnt1"", ""Pparg"", ""Ttc39b"", ""Tnf"", ""Plin3"", ""Nr1h3"", ""Ffar2"", ""Trem2"", ""Zc3h12a"", ""Lpl"", ""C3"")"
"1280","GOCC_PHAGOCYTIC_VESICLE","0.000297997122444341","0.00244844340575687","0.49849310876659","0.682523148172569","2.00541304797626","28","c(""Vim"", ""B2m"", ""Irgm1"", ""Ctss"", ""Calr"", ""Capg"", ""Unc93b1"", ""Pld4"", ""Stx11"", ""Syt11"", ""Mpeg1"", ""Zyx"", ""Cybb"", ""Dmbt1"", ""Clec4e"", ""Scimp"", ""Abca1"", ""Slc11a1"")"
"1281","GOBP_NEGATIVE_REGULATION_OF_IMMUNE_EFFECTOR_PROCESS","3.04807835830057e-05","0.000351018662346462","0.575610261071129","0.594872027248108","2.00874219254797","61","c(""Bst2"", ""Smad7"", ""Irf1"", ""Clec2d"", ""Il7r"", ""Rps19"", ""Grn"", ""Lgals3"", ""Zbtb7b"", ""Vsir"", ""Anxa1"", ""Pglyrp1"", ""Axl"", ""Cd300a"", ""Ahr"", ""Serpinb9"", ""Cd55"", ""Ccr2"", ""Spi1"", ""Ndfip1"", ""Lgals9"", ""Dusp10"", ""Hmox1"", ""Havcr2"", ""Tgfb3"", ""Fcgr2b"", ""Tnf"", ""Foxp3"", ""Hfe"", ""Zc3h12a"")"
"1282","GOBP_GRANULOCYTE_ACTIVATION","0.000246791032273419","0.00210887788856884","0.49849310876659","0.688666259637441","2.00906312851207","26","c(""Fcer1g"", ""Camp"", ""Grn"", ""Anxa1"", ""Tyrobp"", ""Il18rap"", ""Ccl5"", ""Myo1f"", ""Cd300a"", ""Stx11"", ""Ccr2"", ""Spi1"", ""Il18"", ""Tnf"", ""Il15"")"
"1283","GOBP_LYMPHOCYTE_MIGRATION","2.71779620627591e-05","0.000317445239164814","0.575610261071129","0.601720761282259","2.01723782247645","57","c(""Itgb7"", ""S1pr1"", ""Itgb3"", ""Ccr7"", ""Ecm1"", ""Stk39"", ""Cd200r1"", ""Itga4"", ""Ccl5"", ""Stk10"", ""Gpr183"", ""Ccl4"", ""Icam1"", ""Il27ra"", ""Aif1"", ""Ccr2"", ""Lgals9"", ""Gata3"", ""Cxcl10"", ""Ccl3"", ""Itgal"", ""Ccl8"", ""Ccl6"", ""Cxcl16"", ""Aire"", ""Ccl17"", ""Cd200"", ""App"", ""Fut7"", ""Cadm1"", ""F11r"", ""Spns2"")"
"1284","GOBP_GLIAL_CELL_ACTIVATION","0.000197722742205317","0.00173385309869647","0.518848077743792","0.656271617946758","2.01774194085672","35","c(""Snca"", ""Cst7"", ""Grn"", ""Tyrobp"", ""Pparg"", ""Zeb2"", ""Casp1"", ""Nampt"", ""Adora2a"", ""C1qa"", ""Aif1"", ""Ctsc"", ""Syt11"", ""Smo"", ""Tnf"", ""Ifngr1"", ""Lrp1"", ""Csf1r"", ""Trem2"", ""Jun"", ""C5ar1"", ""Itgam"", ""App"", ""Lrrk2"", ""Cx3cr1"", ""Il4"", ""Il1b"", ""Clu"")"
"1285","GOBP_RECEPTOR_METABOLIC_PROCESS","0.000271160925559617","0.00227687834272973","0.49849310876659","0.732708741638932","2.01801474546375","22","c(""Rnf43"", ""Lgmn"", ""Dtx3l"", ""Snca"", ""Apoe"", ""Psen2"", ""Mvb12a"", ""Inpp5f"", ""Furin"", ""Anxa2"", ""Ramp3"", ""Gria3"", ""Sorl1"", ""Pex6"")"
"1286","GOBP_MUSCLE_CELL_MIGRATION","6.16069073481343e-05","0.000644736521243705","0.538434096309916","0.609982902976442","2.01857282460356","52","c(""Tmsb4x"", ""Naca"", ""Camk2d"", ""Pdgfa"", ""Itgb3"", ""Bcl2"", ""S100a11"", ""Rapgef4"", ""Anxa1"", ""Hdac4"", ""Pparg"", ""Itga4"", ""Ccl5"", ""Pdgfrb"", ""Myc"", ""Aif1"", ""Nr4a3"", ""Trib1"", ""Il18"", ""Smo"", ""Sorl1"", ""Sema6d"")"
"1287","GOCC_ENDOSOME_MEMBRANE","5.05788277753987e-05","0.000548335684861836","0.557332238758646","0.60315475062759","2.01888925707684","55","c(""Anxa6"", ""B2m"", ""Ifitm3"", ""Cd274"", ""Notch1"", ""Ncf4"", ""Pmepa1"", ""Ifitm2"", ""Ehd1"", ""Snx10"", ""Cd63"", ""Mvb12a"", ""Atp13a2"", ""Ehd4"", ""Anxa2"", ""Cd68"", ""Rab27a"", ""Litaf"", ""Stard3nl"", ""Eea1"", ""Mrc1"", ""Ldlrad4"", ""Snx8"", ""Snx18"", ""Steap3"", ""Slc11a1"", ""Slc15a3"", ""Rhob"", ""Treml4"", ""Wipi1"", ""Tmem163"")"
"1288","MCBRYAN_PUBERTAL_BREAST_3_4WK_DN","8.70824087793502e-05","0.000868552372781867","0.538434096309916","0.744042354725421","2.01892270796468","21","c(""Trac"", ""Trbc2"", ""Rps10"", ""Iigp1"", ""Rpl14"", ""Ighm"", ""Cdkn1a"", ""Ifi204"", ""Nfkb2"")"
"1289","MORI_MATURE_B_LYMPHOCYTE_UP","5.16459731153359e-05","0.000553942632944064","0.557332238758646","0.648068136151081","2.02206862539616","39","c(""Ctss"", ""Samhd1"", ""Sell"", ""Rasa3"", ""Cd74"", ""Irf8"", ""Lcp1"", ""Apoe"", ""Ncf4"", ""Zfp36l1"", ""Ppm1m"", ""B4galnt1"", ""Ebi3"", ""Gpr65"", ""Il10ra"", ""Lat2"", ""Cd83"", ""Sorl1"", ""Lpp"", ""Sh3bp2"", ""Ctsh"", ""Ifngr1"", ""Gnpnat1"", ""Map3k8"", ""Abca1"", ""Cxcr5"", ""Ighd"")"
"1290","GOBP_NEGATIVE_REGULATION_OF_INFLAMMATORY_RESPONSE","1.06283982308021e-05","0.000141430588632228","0.593325476396405","0.578424924846082","2.02273136592015","72","c(""Irgm1"", ""Igtp"", ""Ctla2a"", ""Nfkb1"", ""Il2ra"", ""Rps19"", ""Apoe"", ""Cst7"", ""Gpx1"", ""Grn"", ""Rora"", ""Irgm2"", ""Pglyrp1"", ""Cd44"", ""Cd200r1"", ""Pparg"", ""Smad3"", ""Ahr"", ""Adora2a"", ""Tnfrsf1b"", ""Il10ra"", ""Syt11"", ""Ndfip1"", ""Lgals9"", ""Gata3"", ""Dusp10"", ""Ier3"", ""Fcgr2b"", ""Hgf"", ""Metrnl"", ""Nr1h3"", ""Socs3"", ""Foxp3"", ""Trem2"", ""Sirpa"", ""Mvk"", ""Uaca"", ""Igf1"")"
"1291","JECHLINGER_EPITHELIAL_TO_MESENCHYMAL_TRANSITION_UP","6.69686427313034e-05","0.000690764687165513","0.538434096309916","0.642550776830019","2.02334373529999","41","c(""Isg15"", ""Ifit1"", ""Irf7"", ""Vim"", ""Stat1"", ""B2m"", ""Ifit3"", ""Ifitm3"", ""Gbp3"", ""Slpi"", ""Pdgfrb"", ""Cd68"", ""Ppic"", ""Adssl1"", ""Bcl3"")"
"1292","HOFFMANN_SMALL_PRE_BII_TO_IMMATURE_B_LYMPHOCYTE_UP","6.69686427313034e-05","0.000690764687165513","0.538434096309916","0.642558739643504","2.02336880959663","41","c(""Gimap4"", ""Ltb"", ""Ccnd2"", ""Ly6a"", ""Cd74"", ""Ncf4"", ""Ifi30"", ""Ehd1"", ""Serpinb1a"", ""Slc2a3"", ""Pld4"", ""Icam1"", ""Lat2"", ""Cd83"", ""Pepd"", ""Cfp"", ""Ctsh"", ""Fes"")"
"1293","GOBP_CYTOKINE_PRODUCTION","6.71584188952426e-13","4.18645143874148e-11","0.921426003494898","0.475999693105389","2.02696449133675","362","c(""Isg15"", ""Klf2"", ""Bst2"", ""Irf7"", ""Rps3"", ""Trim30a"", ""Stat1"", ""Rsad2"", ""Xaf1"", ""Ltb"", ""Irf9"", ""B2m"", ""Irgm1"", ""Smad7"", ""Gimap3"", ""Oas3"", ""Igtp"", ""Srgn"", ""Maf"", ""Gbp7"", ""Runx3"", ""Eif2ak2"", ""Il6ra"", ""Ifih1"", ""P2rx7"", ""Irf1"", ""Gpr18"", ""Nfkb1"", ""Gimap5"", ""Cd274"", ""Batf"", ""Cd74"", ""Dhx58"", ""Irf8"", ""Ccr7"", ""Notch1"", ""Fcer1g"", ""Oas1a"", ""Pml"", ""Il18r1"", ""Relb"", ""Gbp3"", ""Rel"", ""Camp"", ""Ripk1"", ""Gbp5"", ""Rora"", ""Unc93b1"", ""Zbtb7b"", ""Vsir"", ""Serpinb1a"", ""Rnf125"", ""Nfkbiz"", ""Cd40lg"", ""Arid5a"", ""Irgm2"", ""Anxa1"", 
""Pglyrp1"", ""Tyrobp"", ""Cd200r1"", ""Il18rap"", ""Pparg"", ""Pou2f2"", ""Ccl5"", ""Axl"", ""Casp1"", ""Anxa4"", ""Cd160"", ""Lbp"", ""Tnfrsf4"", ""Psen2"", ""Smad3"", ""Oas2"", ""Heg1"", ""Pld4"", ""Cebpb"", ""Gadd45g"", ""Irf4"", ""Aim2"", ""Furin"", ""Lyn"", ""Ccl4"", ""Tnfrsf1b"", ""Lcp2"", ""Il27ra"", ""Clec4n"", ""Bcl3"", ""Il17rb"", ""Aif1"", ""Pdcd1lg2"", ""Cd55"", ""Cd83"", ""Nr4a3"", ""Ccr2"", ""Tmem106a"", ""Fcgr3"", ""Syt11"", ""Ndfip1"", ""Nfatc1"", ""Fosl2"", ""Runx1"", ""Lta"", ""Lgals9"", ""Gata3"", ""Agpat2"", ""Nfat5"", ""Il18"", ""Ccl3"", ""Malt1"", ""Fgr"", ""Nfatc2"", ""Foxp1"", ""Chil1"", 
""Hmox1"", ""Havcr2"", ""Sorl1"", ""Il1r1"", ""Rnf19b"", ""Tgfb3"", ""Litaf"", ""Oas1g"", ""Fcgr2b"", ""Irf5"", ""Hgf"", ""Plcg2"", ""Cybb"", ""Mmp12"", ""Tnf"", ""Ifngr1"", ""Clec4e"", ""Il15"", ""Lrp1"", ""Casp4"", ""Csf1r"", ""Tigit"", ""Fbln1"", ""Ffar2"", ""Smad4"", ""Foxp3"", ""Card11"", ""Hfe"", ""Fabp4"", ""Trem2"", ""Sirpa"")"
"1294","GOBP_NEGATIVE_REGULATION_OF_MULTICELLULAR_ORGANISMAL_PROCESS","7.21742674654166e-15","6.67611974055103e-13","0.986546283587582","0.473771612428338","2.02821426919268","430","c(""Klf2"", ""Bst2"", ""Plac8"", ""Trim30a"", ""Stat1"", ""Xaf1"", ""Slfn1"", ""B2m"", ""Irgm1"", ""Smad7"", ""Ccnd2"", ""Dtx1"", ""Gimap3"", ""Sp100"", ""Oas3"", ""Igtp"", ""Srgn"", ""Gbp7"", ""Runx3"", ""P2rx7"", ""Irf1"", ""Pdgfa"", ""Calr"", ""Gpr18"", ""Nfkb1"", ""Gimap5"", ""Cd274"", ""Clec2d"", ""Cd74"", ""Dhx58"", ""Lgmn"", ""Cd9"", ""Il2ra"", ""Rps19"", ""Ccr7"", ""Notch1"", ""Oas1a"", ""Sema4a"", ""Apoe"", ""Cst7"", ""Pml"", ""Il18r1"", ""Relb"", ""Btla"", ""Dapl1"", ""Bcl2"", ""Gbp3"", ""Rel"", ""Pde3b"", ""Ecm1"", ""Foxo1"", ""Inpp4b"", ""Grn"", ""Lgals3"", ""Cst3"", ""Zbtb7b"", ""Tmem176b"", ""Vsir"", 
""Serpinb1a"", ""Lax1"", ""Rnf125"", ""Tmem176a"", ""Stk39"", ""Irgm2"", ""Anxa1"", ""Ubash3b"", ""Pglyrp1"", ""Cd44"", ""Tyrobp"", ""Cd63"", ""Cd200r1"", ""Pparg"", ""Axl"", ""Anxa4"", ""Cd160"", ""Nfkbid"", ""Lbp"", ""Tnfrsf4"", ""Cd86"", ""Atp2b4"", ""Smad3"", ""Rapgef2"", ""Cd300a"", ""Plaur"", ""Cebpb"", ""Acvrl1"", ""Furin"", ""Anxa2"", ""Lyn"", ""Nrp1"", ""Dusp5"", ""Ahr"", ""Adora2a"", ""Myc"", ""Tnfrsf1b"", ""Il27ra"", ""Hhex"", ""Bcl3"", ""Ctsc"", ""Pdcd1lg2"", ""Cd83"", ""Ccr2"", ""Spi1"", ""Pdcd1"", ""Trib1"", ""Syt11"", ""Ndfip1"", ""Runx1"", ""Lmna"", ""Rarg"", ""Lgals9"", ""Gata3"", ""Fasl"", 
""Ppp3ca"", ""Cxcl10"", ""Fgr"", ""Smo"", ""Cblb"", ""P2rx4"", ""Foxp1"", ""Cdh1"", ""Dusp10"", ""Cd38"", ""Hmox1"", ""Havcr2"", ""Sorl1"", ""Sema6d"", ""Tgfb3"", ""Oas1g"", ""Id2"", ""Fcgr2b"", ""Hgf"")"
"1295","ZHANG_UTERUS_C15_B_CELL","8.46821928177354e-05","0.000847560865287456","0.538434096309916","0.638775315658473","2.03129113293843","42","c(""Zbp1"", ""Cytip"", ""Gimap5"", ""Cd52"", ""Evi2a"", ""Mzb1"", ""Tmem176a"", ""Cd69"", ""Gm5547"", ""St6gal1"", ""Slpi"", ""Tpst2"", ""Derl3"", ""Atf6"", ""Cd79a"", ""Itgal"", ""Serp1"", ""Slamf7"", ""Gramd3"")"
"1296","ONO_AML1_TARGETS_DN","0.000225599297077668","0.0019397480790711","0.518848077743792","0.675818859585073","2.03450144787671","32","c(""Slfn1"", ""Igfbp4"", ""Runx3"", ""Izumo1r"", ""Sell"", ""Itgae"", ""Tnfrsf25"", ""Ccr7"", ""Tnfrsf18"", ""Ccl5"", ""Ly6c1"", ""Ctla2b"", ""Irf4"", ""Runx2"", ""Ccr2"", ""Tnfsf8"", ""Crem"", ""Casp4"", ""Gpr83"", ""Socs3"", ""Ffar2"", ""Cdk6"")"
"1297","GOBP_SMOOTH_MUSCLE_CELL_MIGRATION","3.81179310866894e-05","0.000426459744053048","0.557332238758646","0.622733356572191","2.03807559586362","47","c(""Tmsb4x"", ""Camk2d"", ""Pdgfa"", ""Itgb3"", ""Bcl2"", ""S100a11"", ""Rapgef4"", ""Hdac4"", ""Pparg"", ""Itga4"", ""Ccl5"", ""Pdgfrb"", ""Myc"", ""Aif1"", ""Nr4a3"", ""Trib1"", ""Il18"", ""Smo"", ""Sorl1"", ""Sema6d"")"
"1298","TABULA_MURIS_SENIS_KIDNEY_EPITHELIAL_CELL_OF_PROXIMAL_TUBULE_AGEING","9.46415390678845e-09","2.700344410718e-07","0.747739663149885","0.517945881805793","2.04306369864724","183","c(""Rps5"", ""Rpsa"", ""Rpl17"", ""Rpl13"", ""Rpl18a"", ""Rps3"", ""Rpl18"", ""Rpl10"", ""Rpl21"", ""Rps4x"", ""Rpl19"", ""Rplp0"", ""Rps10"", ""Rpl9"", ""Rpl10a"", ""Rps7"", ""Rps18"", ""Rpl3"", ""Rpl32"", ""Rps3a1"", ""Rpl8"", ""Rps14"", ""Eef1a1"", ""Rpl11"", ""B2m"", ""Rps20"", ""Ifi27"", ""Rps16"", ""Eef1b2"", ""Rpl23"", ""Rpl27a"", ""Naca"", ""Rpl29"", ""Rpl4"", ""Rplp1"", ""Rps12"", ""Rps27a"", ""Rpl14"", ""Rps2"", ""Fth1"", ""Rps6"", ""Btf3"", ""Rpl7a"", ""Cd74"", ""Rps19"", ""Rpl5"", ""Apoe"", ""Aldh2"", ""Eef1g"", ""Rpl22l1"", ""Zfp36l1"", ""S100a11"", ""Gpx1"", ""Rpl28"", ""Ncoa7"", ""Rps8"")"
"1299","GOBP_REGULATION_OF_INNATE_IMMUNE_RESPONSE","8.75257734067228e-09","2.52241362054048e-07","0.747739663149885","0.518346762701458","2.04464499359365","183","c(""Isg15"", ""Ifi203"", ""Irf7"", ""Zbp1"", ""Trim30a"", ""Mndal"", ""Rsad2"", ""Parp9"", ""Irgm1"", ""Gimap3"", ""Parp14"", ""Oas3"", ""Igtp"", ""Samhd1"", ""Gbp7"", ""Ddx60"", ""Eif2ak2"", ""Ifih1"", ""Ifi35"", ""Irf1"", ""Oasl1"", ""Trim30d"", ""Gbp2"", ""Gimap5"", ""Trim25"", ""Clec2d"", ""Cd74"", ""Dhx58"", ""Trafd1"", ""Rps19"", ""Oas1a"", ""Apoe"", ""Gbp3"", ""Gbp5"", ""Grn"", ""Unc93b1"", ""Serpinb1a"", ""Rnf125"", ""Nfkbiz"", ""Irgm2"", ""Ninj1"", ""Tyrobp"", ""Nlrc5"", ""Ifi204"", ""Il18rap"", ""Pparg"", ""Casp1"", ""Cd160"", ""Trim5"", ""Lbp"", ""Cd86"", ""Myo1f"", ""Dpp4"", ""Stat2"", ""Mapkapk3"", 
""Cd300a"", ""Irf4"", ""Aim2"")"
"1300","TABULA_MURIS_SENIS_LUNG_ALVEOLAR_MACROPHAGE_AGEING","1.18945108323552e-06","2.12507849294571e-05","0.643551836150722","0.557374850833796","2.04572635761297","99","c(""Klf2"", ""Plac8"", ""Rpl10"", ""Rpl19"", ""Rps14"", ""B2m"", ""Ctss"", ""S100a6"", ""Srgn"", ""Emp3"", ""Ifitm3"", ""S100a4"", ""Smpdl3a"", ""Rps27a"", ""Rpl14"", ""Cd274"", ""Cd74"", ""Crip1"", ""Cd52"", ""Fcer1g"", ""Apoe"", ""Aldh2"", ""Ms4a6c"", ""Ctsb"", ""Ifi30"", ""Timp2"", ""S100a11"", ""Ifitm2"", ""Lgals3"", ""Cst3"", ""Ahnak"", ""Hexb"", ""Tyrobp"", ""Cd63"", ""Slpi"", ""Ccl5"", ""Blvrb"", ""Napsa"")"
"1301","GOBP_NEGATIVE_REGULATION_OF_IMMUNE_SYSTEM_PROCESS","1.15719913604627e-09","3.92694499717475e-08","0.788186810800237","0.503411910799964","2.04635569158663","220","c(""Isg15"", ""Bst2"", ""Trim30a"", ""Slfn1"", ""Irgm1"", ""Smad7"", ""Dtx1"", ""Gimap3"", ""Parp14"", ""Oas3"", ""Igtp"", ""Samhd1"", ""Runx3"", ""Irf1"", ""Gpr18"", ""Gimap5"", ""Cd274"", ""Clec2d"", ""Cd74"", ""Dhx58"", ""Il7r"", ""Il2ra"", ""Trafd1"", ""Rps19"", ""Fcer1g"", ""Oas1a"", ""Cst7"", ""Btla"", ""Dapl1"", ""Inpp4b"", ""Gpx1"", ""Grn"", ""Lgals3"", ""Zbtb7b"", ""Tmem176b"", ""Vsir"", ""Lax1"", ""Rnf125"", ""Tmem176a"", ""Irgm2"", ""Anxa1"", ""Ubash3b"", ""Pglyrp1"", ""Cd44"", ""Tyrobp"", ""Nlrc5"", ""Cd200r1"", ""Pparg"", ""Axl"", ""Cd160"", ""Nfkbid"", ""Tnfrsf4"", ""Cd86"", ""Tsc22d3"", 
""Dpp4"", ""Stat2"", ""Cd300a"", ""Cebpb"", ""Irf4"", ""Lyn"", ""Cd68"", ""Ahr"", ""Adora2a"", ""Myc"", ""Il27ra"", ""Serpinb9"", ""Pdcd1lg2"", ""Cd55"", ""Ccr2"", ""Spi1"", ""Pdcd1"", ""Trib1"", ""Syt11"", ""Ndfip1"", ""Runx1"", ""Lgals9"", ""Fgr"", ""Cblb"", ""Dusp10"", ""Hmox1"", ""Havcr2"", ""Tgfb3"", ""Oas1g"", ""Id2"", ""Fcgr2b"")"
"1302","TABULA_MURIS_SENIS_LUNG_CD8_POSITIVE_ALPHA_BETA_T_CELL_AGEING","0.000140578206753305","0.00130455665975762","0.518848077743792","0.712969306922916","2.05029641216626","25","c(""Ms4a4b"", ""Vim"", ""Nkg7"", ""Ccnd2"", ""S100a6"", ""Ctla2a"", ""Lgals1"", ""Crip1"", ""Cst7"", ""Rgs1"", ""Serpina3g"", ""Ms4a4c"", ""Ahnak"", ""Ccl5"", ""Gpr183"", ""Nab1"", ""Fcgrt"", ""Fasl"")"
"1303","GOBP_NEGATIVE_REGULATION_OF_RESPONSE_TO_EXTERNAL_STIMULUS","2.47733347499787e-08","6.6390221865013e-07","0.73376198835648","0.52762356539641","2.05091506949061","156","c(""Isg15"", ""Trim30a"", ""Irgm1"", ""Parp14"", ""Oas3"", ""Igtp"", ""Samhd1"", ""Ctla2a"", ""Pdgfa"", ""Gpr18"", ""Nfkb1"", ""Clec2d"", ""Dhx58"", ""Cd9"", ""Il2ra"", ""Trafd1"", ""Rps19"", ""Notch1"", ""Oas1a"", ""Sema4a"", ""Apoe"", ""Cst7"", ""Gpx1"", ""Grn"", ""Rora"", ""Rnf125"", ""Irgm2"", ""Ubash3b"", ""Pglyrp1"", ""Cd44"", ""Nlrc5"", ""Cd200r1"", ""St6gal1"", ""Pparg"", ""Inpp5f"", ""Smad3"", ""Dpp4"", ""Stat2"", ""Plaur"", ""Anxa2"", ""Xylt1"", ""Nrp1"", ""Ahr"", ""Adora2a"", ""Tnfrsf1b"", ""Il10ra"", ""Nenf"", ""Serpinb9"", ""Aif1"", ""Trib1"", ""Syt11"", ""Ndfip1"", ""Lgals9"", ""Gata3"", 
""Dusp10"", ""Ier3"", ""Havcr2"", ""Sema6d"", ""Oas1g"", ""Fcgr2b"", ""Hgf"", ""Mmp12"", ""Tnf"", ""Metrnl"", ""Nr1h3"", ""Socs3"", ""Foxp3"", ""Trem2"", ""Sirpa"", ""Mvk"")"
"1304","GOBP_REGULATION_OF_VIRAL_GENOME_REPLICATION","1.58990553943608e-05","0.000199958514663726","0.575610261071129","0.641029846600373","2.05121239247102","44","c(""Isg15"", ""Bst2"", ""Isg20"", ""Rsad2"", ""Oas3"", ""Gbp7"", ""Oasl2"", ""Eif2ak2"", ""Ifih1"", ""Ifitm3"", ""Oasl1"", ""Apobec3"", ""Notch1"", ""Oas1a"", ""Bcl2"", ""Gbp3"", ""Ifitm2"", ""Slpi"", ""Fam111a"", ""Ccl5"", ""Oas2"")"
"1305","GAVIN_FOXP3_TARGETS_CLUSTER_T4","1.89653311303633e-05","0.000231910818832908","0.575610261071129","0.609604385732646","2.05163264323424","60","c(""Ikzf2"", ""P2rx7"", ""Smpdl3a"", ""Cd48"", ""Capg"", ""Itgae"", ""Il2ra"", ""Sema4a"", ""Sh3bp5"", ""Ahnak"", ""Rora"", ""Rnh1"", ""Syngr2"", ""Cd44"", ""Stat4"", ""Hint1"", ""Inpp5f"", ""Ttc39b"", ""Irf4"", ""Stx11"", ""Ppm1l"", ""Nrp1"", ""Myc"", ""Il2rb"", ""Gprin3"", ""Syt11"", ""Cyfip1"", ""Plscr1"", ""Apol9b"", ""Cd38"")"
"1306","GOBP_ANTIGEN_PROCESSING_AND_PRESENTATION","3.23884184263225e-05","0.00036987162282559","0.557332238758646","0.657690307372832","2.05209122556788","39","c(""B2m"", ""Ctss"", ""Psmb9"", ""Calr"", ""Psme2"", ""Cd74"", ""Ccr7"", ""Fcer1g"", ""Relb"", ""Ifi30"", ""Ighm"", ""Unc93b1"", ""Cd68"", ""Icam1"", ""Fcgr3"", ""Pdia3"", ""Rab27a"", ""Fcgr2b"", ""Hfe"", ""Trem2"", ""Fcgr1"", ""Ide"", ""Slc11a1"", ""Ctse"", ""Flt3"", ""Fgl2"", ""Treml4"")"
"1307","GOBP_REGULATION_OF_RESPONSE_TO_BIOTIC_STIMULUS","5.13995749797886e-10","1.91413352278628e-08","0.801215574617779","0.506223640249417","2.0568690255633","219","c(""Isg15"", ""Ifi203"", ""Irf7"", ""Zbp1"", ""Trim30a"", ""Stat1"", ""Mndal"", ""Rsad2"", ""Parp9"", ""Irgm1"", ""Gimap3"", ""Parp14"", ""Oas3"", ""Igtp"", ""Samhd1"", ""Gbp7"", ""Ddx60"", ""Eif2ak2"", ""Ifih1"", ""Ifi35"", ""Irf1"", ""Oasl1"", ""Trim30d"", ""Gbp2"", ""Gimap5"", ""Apobec3"", ""Cd274"", ""Trim25"", ""Clec2d"", ""Cd74"", ""Dhx58"", ""Trafd1"", ""Rps19"", ""Dtx3l"", ""Oas1a"", ""Apoe"", ""Pml"", ""Gbp3"", ""Gbp5"", ""Grn"", ""Unc93b1"", ""Serpinb1a"", ""Rnf125"", ""Nfkbiz"", ""Cd40lg"", ""Irgm2"", ""Ninj1"", ""Tyrobp"", ""Nlrc5"", ""Ifi204"", ""Il18rap"", ""Pparg"", ""Ccl5"", ""Casp1"", 
""Cd160"", ""Trim5"", ""Lbp"", ""Cd86"", ""Myo1f"", ""Dpp4"", ""Stat2"", ""Mapkapk3"", ""Cd300a"", ""Irf4"", ""Aim2"", ""Lyn"", ""Ahr"", ""Clec4n"", ""Serpinb9"", ""Cd55"", ""Spi1"", ""Trib1"", ""Syt11"", ""Lgals9"", ""Plscr1"", ""Fgr"", ""Foxp1"", ""Dusp10"", ""Havcr2"", ""Tifa"", ""Oas1g"", ""Sash1"", ""Plcg2"", ""Mmp12"")"
"1308","GOBP_POSITIVE_REGULATION_OF_CD4_POSITIVE_ALPHA_BETA_T_CELL_DIFFERENTIATION","2.2362211400048e-05","0.000265522323766616","0.575610261071129","0.804480936083043","2.05781991120917","17","c(""Gimap3"", ""Irf1"", ""Gimap5"", ""Ccr7"", ""Zbtb7b"", ""Nfkbiz"", ""Anxa1"", ""Nfkbid"", ""Cd83"", ""Ccr2"", ""Il18"", ""Malt1"")"
"1309","ZHANG_UTERUS_C6_ENDOTHELIAL_PLVAP_HIGH_CELL","2.12736212044142e-06","3.50586832204929e-05","0.627256739718528","0.579683825739934","2.06447491983452","81","c(""Klf2"", ""Rps3"", ""Rpl18"", ""Vim"", ""Rps7"", ""Tmsb4x"", ""Rpl11"", ""B2m"", ""Rps20"", ""Slfn5"", ""Iigp1"", ""Fxyd5"", ""Ly6a"", ""Ctla2a"", ""Ifitm3"", ""Irf1"", ""Rps12"", ""Rpl26"", ""Atp1b3"", ""Clec2d"", ""Cd9"", ""Junb"", ""Pecam1"", ""Tmem176b"", ""Eng"", ""Tmem176a"", ""Nfkbiz"", ""Dusp2"", ""Ly6c1"", ""Ddit4"", ""Ehd4"")"
"1310","GOCC_GOLGI_MEMBRANE","3.24403533184432e-05","0.00036987162282559","0.557332238758646","0.626327647928666","2.07346404202221","51","c(""Irgm1"", ""Igtp"", ""Srgn"", ""Lfng"", ""Gbp2"", ""Notch1"", ""Pmepa1"", ""Gbp5"", ""Sgms1"", ""Rnf125"", ""Irgm2"", ""St6gal1"", ""B4galnt1"", ""Golim4"", ""Glipr2"", ""Furin"", ""Xylt1"", ""Ndfip1"", ""Cfp"", ""Pla2g4a"", ""Ldlrad4"", ""Mfng"")"
"1311","GOBP_RECEPTOR_SIGNALING_PATHWAY_VIA_STAT","1.17375034137023e-05","0.000154746165695592","0.593325476396405","0.616186878611288","2.07378612109587","60","c(""Stat1"", ""Parp9"", ""Parp14"", ""Gbp7"", ""Il6ra"", ""Irf1"", ""Il7r"", ""Notch1"", ""Tnfrsf18"", ""Pecam1"", ""Gbp3"", ""Stat4"", ""Pparg"", ""Ccl5"", ""Inpp5f"", ""Stat2"", ""Cd300a"", ""Ifnar2"", ""Lyn"", ""Csf2ra"", ""Il10ra"", ""Bcl3"", ""Clcf1"", ""Il15ra"", ""Il18"", ""Tnf"", ""Il15"", ""Csf1r"", ""Socs3"", ""Igf1"", ""Csf2rb"", ""Socs2"", ""Ephb2"")"
"1312","HUANG_GATA2_TARGETS_UP","7.16326620617366e-06","0.000101185546040409","0.610526878385931","0.599163677892683","2.0751256833343","68","c(""Plac8"", ""Cytip"", ""B2m"", ""Srgn"", ""Emp3"", ""Psmb9"", ""Lgals1"", ""Alox5ap"", ""Rps6"", ""Cpa3"", ""Gyg"", ""Evi2a"", ""Gpx1"", ""Cdkn1a"", ""Cst3"", ""Cd44"", ""Tyrobp"", ""Dap"", ""Gpr171"", ""Adgrg3"", ""St8sia4"", ""Napsa"", ""Myo1f"", ""Neurl3"", ""Iqgap2"", ""Sat1"", ""Anxa2"", ""Rab44"", ""Adssl1"", ""P2ry14"", ""Hhex"", ""Lat2"", ""Spi1"", ""Fcgr3"", ""Cd93"", ""Fcgr2b"", ""Fes"", ""Clec4e"", ""Gsto1"")"
"1313","MARKEY_RB1_CHRONIC_LOF_DN","2.74887547299329e-05","0.00031977283646281","0.575610261071129","0.6203844778977","2.07933158379373","54","c(""Plac8"", ""Ms4a6b"", ""Ctss"", ""Srgn"", ""Ctla2a"", ""Apoe"", ""Ifi30"", ""Ninj1"", ""Tyrobp"", ""Msrb1"", ""Rnf149"", ""Lmo2"", ""Lcp2"", ""C1qa"", ""C1qb"", ""Spi1"", ""Lgals9"", ""Ccl3"", ""Skap2"", ""Hmox1"", ""Cfp"", ""Rnf19b"", ""Irf5"", ""Mmp12"", ""Csf1r"", ""C1qc"", ""Gsta4"", ""Clec4d"", ""Rhob"", ""Stab1"", ""Hpgd"", ""Colgalt1"", ""Parm1"")"
"1314","DESCARTES_ORGANOGENESIS_ENDOTHELIAL_CELLS","3.09596605761397e-06","4.83797420719784e-05","0.627256739718528","0.583195031977105","2.08048920678462","82","c(""Klf2"", ""Gimap4"", ""Rsad2"", ""Slfn5"", ""Gbp9"", ""S1pr1"", ""Sh3bp5"", ""Pecam1"", ""Bcl2"", ""Myo6"", ""Foxo1"", ""Eng"", ""Pced1b"", ""Adam19"", ""Nr4a1"", ""Dusp2"", ""Nfkb2"", ""Rgs3"", ""Plaur"", ""Acvrl1"", ""Dusp5"", ""Adora2a"", ""Il27ra"", ""Arhgap18"", ""Cd93"", ""Cd38"", ""Prkch"")"
"1315","GOBP_POSITIVE_REGULATION_OF_RESPONSE_TO_EXTERNAL_STIMULUS","2.65832506788381e-11","1.24963067740276e-09","0.863415391606693","0.503582232407266","2.08192930391553","258","c(""Ifi203"", ""Irf7"", ""Zbp1"", ""Trim30a"", ""Mndal"", ""Rsad2"", ""Nkg7"", ""Parp9"", ""Irgm1"", ""Gimap3"", ""Ctss"", ""Oas3"", ""Igtp"", ""Gbp7"", ""Ddx60"", ""Eif2ak2"", ""Ifih1"", ""Ifi35"", ""Irf1"", ""Oasl1"", ""S1pr1"", ""Lgals1"", ""Calr"", ""Trim30d"", ""Gbp2"", ""Sell"", ""Gimap5"", ""Alox5ap"", ""Trim25"", ""Cd74"", ""Dhx58"", ""Lgmn"", ""Rps19"", ""Ccr7"", ""Snca"", ""Fcer1g"", ""Oas1a"", ""Gbp3"", ""Ripk1"", ""Gbp5"", ""Grn"", ""Unc93b1"", ""Swap70"", ""Rnf125"", ""Nfkbiz"", ""Stk39"", ""Irgm2"", ""Ninj1"", ""Tyrobp"", ""Nlrc5"", ""Ifi204"", ""Il18rap"", ""Ccl5"", ""Casp1"", ""Cd160"", ""Trim5"", 
""Lbp"", ""Cd86"", ""Smad3"", ""Dpp4"", ""Mapkapk3"", ""Cd300a"", ""Cebpb"", ""Irf4"", ""Aim2"", ""Ccr4"", ""Lyn"", ""Nrp1"", ""Pdgfrb"", ""Tnfsf11"", ""Clec4n"", ""Il17rb"", ""Aif1"", ""Ctsc"", ""Ccr2"", ""Spi1"", ""Fcgr3"", ""Lta"", ""Lgals9"", ""Plscr1"", ""Il18"", ""Dapk2"", ""Cxcl10"", ""Ddt"", ""Ccl3"", ""P2rx4"", ""Havcr2"", ""Tifa"", ""Oas1g"", ""Sash1"", ""Plcg2"", ""Mmp12"", ""Tnf"", ""Clec4e"", ""Lrp1"", ""Casp4"", ""Tmem126a"", ""Csf1r"", ""Pde2a"", ""Nr1h3"", ""Trim30c"", ""Ffar2"")"
"1316","TABULA_MURIS_SENIS_SPLEEN_CD4_POSITIVE_ALPHA_BETA_T_CELL_AGEING","9.31799310932795e-08","2.20896597962538e-06","0.704975715167238","0.559635910065554","2.08819522073968","113","c(""AW112010"", ""Ltb"", ""B2m"", ""Ikzf2"", ""Prr13"", ""Iigp1"", ""S100a6"", ""Srgn"", ""Maf"", ""S100a4"", ""Cd82"", ""Izumo1r"", ""Smpdl3a"", ""Cotl1"", ""Fth1"", ""Apobec3"", ""Batf"", ""Capg"", ""Cd74"", ""Smco4"", ""Orai1"", ""Bcl2a1b"", ""Rilpl2"", ""Junb"", ""Apoe"", ""Ier2"", ""Cst7"", ""Tnfrsf18"", ""Rgs1"", ""Ctsb"", ""Ifi30"", ""Timp2"", ""Serpina3g"", ""Zfp36l1"", ""S100a11"", ""Vasp"", ""Traf1"", ""Lax1"", ""Icos"", ""Pglyrp1"", ""Pced1b"", ""Pou2f2"", ""Ccl5"", ""Casp1"", ""Tnfrsf4"", ""Trf"", ""Gimap7"", ""Ddit4"", ""Cebpb"", ""Stx11"", ""Anxa2"", ""Fos"", ""Nrp1"", ""Cish"", ""Tnfrsf1b"", 
""Bcl3"", ""Il2rb"", ""Bhlhe40"", ""Pdcd1"", ""Tnfsf8"", ""Hopx"", ""Syt11"", ""Ndfip1"")"
"1317","GOBP_NEGATIVE_REGULATION_OF_IMMUNE_RESPONSE","2.08488982718852e-06","3.45573501703068e-05","0.627256739718528","0.584981756254806","2.09100708570371","83","c(""Isg15"", ""Smad7"", ""Parp14"", ""Oas3"", ""Samhd1"", ""Irf1"", ""Clec2d"", ""Dhx58"", ""Il7r"", ""Trafd1"", ""Rps19"", ""Oas1a"", ""Gpx1"", ""Grn"", ""Lgals3"", ""Zbtb7b"", ""Vsir"", ""Anxa1"", ""Pglyrp1"", ""Nlrc5"", ""Pparg"", ""Cd160"", ""Stat2"", ""Cd300a"", ""Ahr"", ""Il27ra"", ""Serpinb9"", ""Cd55"", ""Ccr2"", ""Spi1"", ""Pdcd1"", ""Ndfip1"", ""Lgals9"", ""Dusp10"", ""Hmox1"", ""Havcr2"", ""Oas1g"", ""Fcgr2b"", ""Mmp12"")"
"1318","TABULA_MURIS_SENIS_LIVER_MYELOID_LEUKOCYTE_AGEING","4.11910387026326e-05","0.000456043642779146","0.557332238758646","0.718362207665776","2.09569585287605","26","c(""AW112010"", ""Cd74"", ""Cd52"", ""Rilpl2"", ""Junb"", ""Ifi30"", ""Ifitm2"", ""Sp140"", ""Nr4a1"", ""Ccl5"", ""Ccrl2"", ""Ccl4"", ""Cd83"", ""Bhlhe40"", ""Fosl2"")"
"1319","GOBP_POSITIVE_REGULATION_OF_RESPONSE_TO_CYTOKINE_STIMULUS","8.78546187986698e-05","0.000874733053490228","0.538434096309916","0.736833365947964","2.09623125819898","24","c(""Irf7"", ""Zbp1"", ""Parp9"", ""Irgm1"", ""Parp14"", ""Igtp"", ""Ifih1"", ""Cd74"", ""Ripk1"", ""Irgm2"", ""Nlrc5"", ""Axl"", ""Casp1"")"
"1320","GOBP_NEUROINFLAMMATORY_RESPONSE","1.39711437527297e-05","0.000181277170637794","0.593325476396405","0.641302585127655","2.0988487841849","47","c(""Snca"", ""Cst7"", ""Bpgm"", ""Grn"", ""Tyrobp"", ""Cd200r1"", ""Pparg"", ""Zeb2"", ""Casp1"", ""Psen2"", ""Nampt"", ""Adora2a"", ""Tnfrsf1b"", ""C1qa"", ""Aif1"", ""Ctsc"", ""Syt11"", ""Smo"", ""Plcg2"", ""Tnf"", ""Ifngr1"", ""Lrp1"", ""Csf1r"", ""Trem2"", ""Igf1"", ""Jun"", ""C5ar1"", ""Itgam"", ""Cd200"", ""App"", ""Lrrk2"", ""Cx3cr1"", ""Il4"", ""Il1b"", ""Clu"")"
"1321","GOBP_POSITIVE_REGULATION_OF_DEFENSE_RESPONSE","1.66169076826688e-10","6.71895470178054e-09","0.826657301178302","0.519126771070333","2.09899986687394","209","c(""Ifi203"", ""Irf7"", ""Zbp1"", ""Trim30a"", ""Mndal"", ""Rsad2"", ""Nkg7"", ""Parp9"", ""Irgm1"", ""Gimap3"", ""Ctss"", ""Oas3"", ""Igtp"", ""Gbp7"", ""Ddx60"", ""Eif2ak2"", ""Ifih1"", ""Ifi35"", ""Irf1"", ""Oasl1"", ""Lgals1"", ""Trim30d"", ""Gbp2"", ""Gimap5"", ""Alox5ap"", ""Trim25"", ""Cd74"", ""Dhx58"", ""Rps19"", ""Ccr7"", ""Snca"", ""Fcer1g"", ""Oas1a"", ""Gbp3"", ""Ripk1"", ""Gbp5"", ""Grn"", ""Unc93b1"", ""Rnf125"", ""Nfkbiz"", ""Irgm2"", ""Ninj1"", ""Tyrobp"", ""Nlrc5"", ""Ifi204"", ""Il18rap"", ""Ccl5"", ""Casp1"", ""Cd160"", ""Trim5"", ""Lbp"", ""Cd86"", ""Dpp4"", ""Mapkapk3"", ""Cd300a"", 
""Cebpb"", ""Irf4"", ""Aim2"", ""Lyn"", ""Tnfsf11"", ""Clec4n"", ""Il17rb"", ""Ctsc"", ""Ccr2"", ""Spi1"", ""Fcgr3"", ""Lta"", ""Lgals9"", ""Plscr1"", ""Il18"", ""Ddt"", ""Ccl3"", ""Havcr2"", ""Tifa"", ""Oas1g"", ""Plcg2"", ""Mmp12"", ""Tnf"", ""Clec4e"", ""Casp4"", ""Tmem126a"", ""Csf1r"", ""Pde2a"", ""Nr1h3"", ""Trim30c"", ""Ffar2"")"
"1322","LMX1B_TARGET_GENES","5.66312920242724e-05","0.000599225940515133","0.557332238758646","0.790385697569826","2.10108308033496","19","c(""Rpl17"", ""Rpl13"", ""Rps10"", ""Rpl32"", ""Rps14"", ""Rpl11"", ""Rps6"", ""Rpl7a"", ""Rpl5"", ""Tmem176b"", ""Tmem176a"", ""Rps8"")"
"1323","CHIARADONNA_NEOPLASTIC_TRANSFORMATION_CDC25_DN","3.30144190200087e-06","5.1450460076019e-05","0.627256739718528","0.619995675868926","2.10527441369668","62","c(""Klf2"", ""Plac8"", ""Igfbp4"", ""Klk8"", ""Fxyd5"", ""Ly6a"", ""Ctla2a"", ""Emp3"", ""Capg"", ""Cd9"", ""Aldh2"", ""Vamp5"", ""Ifi30"", ""Snx10"", ""Dap"", ""Anxa4"", ""Ly6c1"", ""Ctla2b"", ""Tuba8"", ""Pqlc3"", ""Avpi1"", ""Bhlhe40"", ""Lgals9"", ""Pltp"", ""Skap2"", ""Asns"", ""Fhl2"", ""Nfic"", ""Asah1"")"
"1324","TORCHIA_TARGETS_OF_EWSR1_FLI1_FUSION_UP","1.41112359423213e-06","2.45981574860828e-05","0.643551836150722","0.589502746242607","2.10716728556945","83","c(""Cytip"", ""Itgb7"", ""Sp100"", ""Emp3"", ""Apoe"", ""Il18r1"", ""Tnfrsf18"", ""S1pr4"", ""Rsu1"", ""Pecam1"", ""Grn"", ""Serpinb6b"", ""Faah"", ""St8sia4"", ""Tsc22d3"", ""Tmem64"", ""Ddit4"", ""Ttc39b"", ""Cish"", ""Pygl"", ""Hhex"", ""Serpinb9"", ""Gda"", ""St6galnac3"", ""Runx1"", ""Dusp10"", ""Klf6"", ""Id2"", ""Gna14"", ""Prkch"", ""Frmd4a"", ""Fry"", ""Crem"", ""Nfic"", ""Gnb4"", ""Orai2"", ""Cmah"", ""Nfe2"", ""Vcam1"", ""Gramd3"")"
"1325","FOSTER_TOLERANT_MACROPHAGE_UP","5.49692530885245e-07","1.0601379259372e-05","0.659444398037935","0.587411026487056","2.10814968356356","84","c(""Bst2"", ""Irf7"", ""Isg20"", ""Stat1"", ""Xaf1"", ""Slfn1"", ""Smad7"", ""Oas3"", ""Ly6a"", ""Gpr18"", ""Sell"", ""Cst7"", ""Ms4a6c"", ""Glrx"", ""Gem"", ""Rgs1"", ""Ms4a6d"", ""Ms4a4c"", ""Rbpms"", ""Rnf149"", ""Adora2a"", ""Tnfrsf1b"", ""Serpinb9"", ""Treml2"", ""Ass1"", ""Bst1"", ""Il18bp"", ""Cd38"", ""Itgal"", ""Id2"", ""Sgk1"", ""Mtdh"", ""Ifi44"", ""Clec4e"", ""Orai2"")"
"1326","KHETCHOUMIAN_TRIM24_TARGETS_UP","6.1171430020364e-05","0.000642524086386058","0.538434096309916","0.700465647593028","2.10869873488122","32","c(""Vim"", ""Stat1"", ""Pdgfa"", ""Lgals1"", ""Junb"", ""Cdkn1a"", ""Lgals3"", ""Cd44"", ""Casp1"", ""Fos"", ""Icam1"", ""Cdh1"", ""Cd38"", ""Itgal"", ""Cybb"", ""Hck"", ""Vcam1"")"
"1327","GOBP_INFLAMMATORY_RESPONSE","8.70259664532748e-14","6.48173918973417e-12","0.954541630725724","0.502676590979364","2.10883200004353","321","c(""Zbp1"", ""Trim30a"", ""Nkg7"", ""Irgm1"", ""Ctss"", ""Igtp"", ""Ctla2a"", ""Eif2ak2"", ""Ifi35"", ""P2rx7"", ""Lgals1"", ""Nfkb1"", ""Gbp2"", ""Alox5ap"", ""Pik3cd"", ""Il2ra"", ""Rps19"", ""Ccr7"", ""Snca"", ""Notch1"", ""Fcer1g"", ""Apoe"", ""Cst7"", ""Il18r1"", ""Bpgm"", ""Relb"", ""Rel"", ""Camp"", ""Ecm1"", ""Ripk1"", ""Gpx1"", ""Gbp5"", ""Grn"", ""Rora"", ""Serpinb1a"", ""Nfkbiz"", ""Ptgir"", ""Stk39"", ""Cd40lg"", ""Irgm2"", ""Ninj1"", ""Anxa1"", ""Pglyrp1"", ""Cd44"", ""Tyrobp"", ""Cd200r1"", ""Il18rap"", ""Pparg"", ""Zeb2"", ""Ccl5"", ""Axl"", ""Casp1"", ""Nfkb2"", ""Nfkbid"", ""Lbp"", ""Tnfrsf4"", 
""Psen2"", ""Smad3"", ""Cd300a"", ""Pld4"", ""Cebpb"", ""Aim2"", ""Nampt"", ""Ccr4"", ""Ccrl2"", ""Nfix"", ""Lyn"", ""Ccl4"", ""Cd68"", ""Rab44"", ""Ahr"", ""Adora2a"", ""Tnfsf11"", ""Icam1"", ""Tnfrsf1b"", ""Il10ra"", ""C1qa"", ""Serpinb9"", ""Clcf1"", ""Il17rb"", ""Aif1"", ""Ctsc"", ""Ccr2"", ""Fcgr3"", ""Syt11"", ""Ndfip1"", ""Fosl2"", ""Lta"", ""Lgals9"", ""Plscr1"", ""Gata3"", ""Il18"", ""Cxcl10"", ""Ddt"", ""Ccl3"", ""Smo"", ""Foxp1"", ""Bst1"", ""Dusp10"", ""Ier3"", ""Chil1"", ""Hmox1"", ""Havcr2"", ""Il1r1"", ""Cxcr6"", ""Fcgr2b"", ""Irf5"", ""Hgf"", ""Plcg2"", ""Cybb"", ""Tnf"", ""Smad1"", ""Ifngr1"", 
""Lrp1"", ""Casp4"", ""Cysltr1"", ""Metrnl"", ""Hck"", ""Ggt1"", ""Csf1r"", ""Pde2a"", ""Nr1h3"", ""Socs3"", ""Ffar2"", ""Ncf1"", ""Foxp3"", ""Ccl8"", ""Ccl6"", ""Fabp4"", ""Trem2"", ""Sirpa"", ""Vcam1"", ""Naip2"", ""Mvk"", ""Fcgr1"", ""Zc3h12a"", ""Uaca"", ""Lpl"", ""Igf1"", ""Pf4"", ""Lacc1"", ""Jun"", ""C3"", ""Ly86"", ""Slc11a1"", ""C5ar1"", ""Themis2"", ""Cnr2"", ""Ephb2"", ""Alox15"")"
"1328","GOBP_CYTOSOLIC_PATTERN_RECOGNITION_RECEPTOR_SIGNALING_PATHWAY","5.89889182438366e-06","8.47873298567426e-05","0.610526878385931","0.629115361759307","2.10987932799467","56","c(""Irf7"", ""Trim30a"", ""Rsad2"", ""Irgm1"", ""Oas3"", ""Igtp"", ""Ddx60"", ""Eif2ak2"", ""Ifih1"", ""Irf1"", ""Oasl1"", ""Gbp2"", ""Trim25"", ""Dhx58"", ""Oas1a"", ""Gbp5"", ""Unc93b1"", ""Rnf125"", ""Irgm2"", ""Cd86"")"
"1329","GOBP_RESPONSE_TO_CYTOKINE","3.04429088226752e-15","3.11768003746504e-13","1.00731795687447","0.493517618355791","2.11054707903375","382","c(""Isg15"", ""Ifit1"", ""Bst2"", ""Ifi203"", ""Irf7"", ""Zbp1"", ""Rps3"", ""Rplp0"", ""Vim"", ""Rpl3"", ""Stat1"", ""Mndal"", ""Xaf1"", ""Parp9"", ""Ifi47"", ""Irgm1"", ""Ifit3"", ""Smad7"", ""Dtx1"", ""Rps16"", ""Sp100"", ""Parp14"", ""Oas3"", ""Iigp1"", ""Igtp"", ""Samhd1"", ""Mme"", ""Hspa5"", ""Gbp7"", ""Gbp9"", ""Oasl2"", ""Eif2ak2"", ""Il6ra"", ""Ifih1"", ""Ifitm3"", ""Irf1"", ""Oasl1"", ""Nfkb1"", ""Rps2"", ""Gbp2"", ""Sell"", ""Cd274"", ""Zfp36l2"", ""Trim25"", ""Capg"", ""Cd74"", ""Irf8"", ""Il7r"", ""Il2ra"", ""Ccr7"", ""Snca"", ""Notch1"", ""Fcer1g"", ""Oas1a"", ""Pml"", ""Il18r1"", ""Relb"", ""Bcl2"", 
""Gbp3"", ""Rel"", ""Timp2"", ""Serpina3g"", ""Zfp36l1"", ""Ifitm2"", ""Ecm1"", ""Tgtp2"", ""Ripk1"", ""Gbp5"", ""Traf1"", ""Rora"", ""Rnf125"", ""Nfkbiz"", ""Snx10"", ""Stk39"", ""Irgm2"", ""Anxa1"", ""Nlrc5"", ""Hdac4"", ""Stat4"", ""Ifi204"", ""Il18rap"", ""Pparg"", ""Ifit2"", ""Arid5b"", ""Ccl5"", ""Ikbkb"", ""Axl"", ""Casp1"", ""Nfkb2"", ""Tgtp1"", ""Ldlrap1"", ""Stat2"", ""Oas2"", ""Mapkapk3"", ""Traf5"", ""Cebpb"", ""Gm4951"", ""Ifnar2"", ""Aim2"", ""Stx11"", ""Ebi3"", ""Ybx3"", ""Ccrl2"", ""Lyn"", ""Ccl4"", ""Myc"", ""Csf2ra"", ""Tnfsf11"", ""Icam1"", ""Il10ra"", ""Il27ra"", ""Il2rb"", ""Il15ra"", 
""Ccr2"", ""Spi1"", ""Gch1"", ""Pdia3"", ""Fosl2"", ""Rarg"", ""Ifitm6"", ""Birc3"", ""Plscr1"", ""Gata3"", ""Gm4841"", ""Nfat5"", ""Il18"", ""Cxcl10"", ""Ccl3"")"
"1330","DURAND_STROMA_S_UP","5.50944984798393e-08","1.35028610590546e-06","0.719512826338911","0.565553240805606","2.11169234729379","114","c(""Rtp4"", ""Ifit1"", ""Stat1"", ""Ifi27"", ""Maf"", ""Ly6a"", ""Oasl2"", ""Pdlim4"", ""Oasl1"", ""S1pr1"", ""Ube2l6"", ""Lgmn"", ""Tmem121"", ""Dtx3l"", ""Glrx"", ""Inpp4b"", ""Serpinb1a"", ""Serpinb6b"", ""Ubash3b"", ""Adam19"", ""St6gal1"", ""B4galnt1"", ""Il18rap"", ""Ccl5"", ""Tsc22d3"", ""Fyb"", ""Pdgfrb"", ""Ahr"", ""Arhgef6"", ""Sox5"", ""Coro2a"", ""Gria3"", ""Nfatc1"", ""Sdc3"", ""Gata3"", ""Scn1b"", ""Il1r1"", ""Fam20a"", ""Crip2"", ""Rab3il1"", ""Ctsh"")"
"1331","TABULA_MURIS_SENIS_HEART_AND_AORTA_ENDOTHELIAL_CELL_OF_CORONARY_ARTERY_AGEING","2.57716824033548e-08","6.87444644573208e-07","0.73376198835648","0.555863534707847","2.11205506084306","130","c(""Rps5"", ""Rpl17"", ""Rpl13"", ""Rpl18a"", ""Rpl21"", ""Rpl19"", ""Vim"", ""Rpl10a"", ""Rpl3"", ""Rps3a1"", ""Eef1a1"", ""B2m"", ""Rps20"", ""Smad7"", ""Iigp1"", ""S100a6"", ""Ly6a"", ""Ctla2a"", ""Rpl4"", ""Irf1"", ""Psmb9"", ""Rps12"", ""Smpdl3a"", ""Calr"", ""Gbp2"", ""Rps6"", ""Capg"", ""Cd74"", ""Crip1"", ""Rps19"", ""Junb"", ""Pkp4"", ""Sh3bp5"", ""Aldh2"", ""Pecam1"", ""Rpl22l1"", ""Zfp36l1"", ""Ehd1"", ""Cdkn1a"", ""Sgms1"", ""Eng"")"
"1332","MP_DECREASED_TUMOR_NECROSIS_FACTOR_SECRETION","1.02981548176285e-05","0.000138313625009601","0.593325476396405","0.631837317930479","2.11489600647728","55","c(""Nfkb1"", ""Gimap5"", ""Dhx58"", ""Lgmn"", ""Fcer1g"", ""Unc93b1"", ""Sgms1"", ""Cd69"", ""Ifi204"", ""Ifit2"", ""Lbp"", ""Ccr4"", ""Gpr65"", ""Clec4n"", ""Lta"", ""Il18"", ""Nfatc2"", ""Hmox1"", ""Il1r1"", ""Irf5"", ""Plcg2"", ""Sh3bp2"", ""Tnf"", ""Pla2g4a"", ""Ifngr1"", ""Clec4e"", ""Stim1"", ""Ffar2"", ""Map3k8"", ""Clec4d"", ""Thbd"")"
"1333","WP_TYPE_II_INTERFERON_SIGNALING_IFNG","8.09615651629769e-06","0.000111614080819633","0.593325476396405","0.781191376269034","2.11972476942897","21","c(""Isg15"", ""Stat1"", ""Irf9"", ""Eif2ak2"", ""Irf1"", ""Psmb9"", ""Irf8"", ""Ifit2"", ""Stat2"", ""Irf4"", ""Icam1"", ""Spi1"", ""Cxcl10"", ""Cybb"", ""Ifngr1"", ""Socs3"")"
"1334","GOBP_T_CELL_MIGRATION","1.62691197988041e-05","0.000204164993536415","0.575610261071129","0.687754284954546","2.12803673528172","37","c(""Itgb7"", ""S1pr1"", ""Itgb3"", ""Ccr7"", ""Ecm1"", ""Stk39"", ""Cd200r1"", ""Itga4"", ""Ccl5"", ""Gpr183"", ""Icam1"", ""Il27ra"", ""Aif1"", ""Ccr2"", ""Lgals9"", ""Cxcl10"", ""Itgal"")"
"1335","GAVIN_FOXP3_TARGETS_CLUSTER_P3","3.05670952789409e-07","6.32860257850996e-06","0.674962860011025","0.594264060170528","2.1327444224088","84","c(""Ms4a4b"", ""Usp18"", ""Slfn1"", ""Igfbp4"", ""S100a6"", ""Ctla2a"", ""S100a4"", ""Pde7a"", ""Itgae"", ""Cd74"", ""Lgmn"", ""Pkp4"", ""Sema4a"", ""Evi2a"", ""Il18r1"", ""Pde3b"", ""Ms4a4c"", ""Pglyrp1"", ""Cd200r1"", ""Pou2f2"", ""Psen2"", ""Myo1f"", ""Clip1"", ""Slc2a3"", ""Matk"", ""Ppm1l"", ""Ccrl2"", ""Il10ra"", ""Gpd2"", ""Il18"", ""Cxcr6"", ""Id2"", ""Irf5"", ""Lyl1"", ""Prkch"", ""Cybb"", ""Crem"", ""Ggt1"", ""Pde2a"", ""Rnf144a"", ""Entpd1"", ""Sytl2"", ""Gpr34"")"
"1336","REACTOME_TRANSLATION","1.51307123841584e-09","4.95855060132275e-08","0.788186810800237","0.551709866662179","2.13758327277139","152","c(""Rps5"", ""Rpsa"", ""Rpl17"", ""Rpl13"", ""Rpl18a"", ""Rps3"", ""Rpl18"", ""Rpl10"", ""Rpl21"", ""Rps4x"", ""Rpl19"", ""Rplp0"", ""Rps10"", ""Rpl9"", ""Rps7"", ""Rps18"", ""Rpl3"", ""Rpl32"", ""Rps3a1"", ""Rpl8"", ""Rps14"", ""Eef1a1"", ""Rpl11"", ""Rps20"", ""Rps16"", ""Eef1b2"", ""Rpl23"", ""Rpl27a"", ""Rpl29"", ""Rpl4"", ""Rplp1"", ""Rps12"", ""Rpl26"", ""Rpl14"", ""Rps2"", ""Rps6"", ""Rps19"", ""Rpl5"", ""Eef1g"", ""Rpl22l1"")"
"1337","TABULA_MURIS_SENIS_BLADDER_BLADDER_CELL_AGEING","4.49378134684111e-10","1.69551552790354e-08","0.814035837847908","0.545498365184978","2.13869521923873","173","c(""Isg15"", ""Rps5"", ""Rpsa"", ""Rpl17"", ""Rpl13"", ""Rpl18a"", ""Rps3"", ""Rpl18"", ""Rpl10"", ""Rpl21"", ""Rps4x"", ""Rpl19"", ""Rplp0"", ""Rps10"", ""Rpl9"", ""Rps7"", ""Tmsb4x"", ""Rpl32"", ""Rps3a1"", ""Rpl8"", ""Rps14"", ""Eef1a1"", ""Rpl11"", ""B2m"", ""Rps20"", ""Smad7"", ""Rps16"", ""Eef1b2"", ""Rpl23"", ""Rpl27a"", ""Prr13"", ""Naca"", ""Hspa5"", ""Rpl29"", ""Rpl4"", ""Rplp1"", ""Rps12"", ""Atp1b3"", ""Rpl14"", ""Nfkb1"", ""Rps2"", ""Fth1"", ""Rps6"", ""Cd9"", ""Rpl5"", ""Gem"", ""Pmepa1"", ""Cdkn1a"", ""Lgals3"", ""Ahnak"", ""Rpl28"", ""Ninj1"", ""Anxa1"", ""Cd44"")"
"1338","HALLMARK_COMPLEMENT","2.64302792154497e-07","5.59327126570494e-06","0.674962860011025","0.595942695057331","2.13876884729336","84","c(""Irf7"", ""Gzma"", ""Gng2"", ""Ctss"", ""Hspa5"", ""Irf1"", ""Psmb9"", ""Actn2"", ""Lgmn"", ""Fcer1g"", ""Ctsb"", ""Timp2"", ""Ehd1"", ""Lgals3"", ""Cd40lg"", ""Ccl5"", ""Casp1"", ""Msrb1"", ""Dpp4"", ""Plaur"", ""Cebpb"", ""Lyn"", ""Dusp5"", ""Lcp2"", ""C1qa"", ""Ctsc"", ""Plscr1"", ""Gata3"", ""Gpd2"", ""Cblb"", ""Mmp12"", ""Ctsh"", ""Pla2g4a"", ""Gnb4"", ""Lrp1"", ""Casp4"")"
"1339","GOBP_POSITIVE_REGULATION_OF_INFLAMMATORY_RESPONSE","9.26446758688563e-07","1.68138359527814e-05","0.659444398037935","0.61026248218304","2.14237195543182","75","c(""Zbp1"", ""Nkg7"", ""Ctss"", ""Ifi35"", ""Lgals1"", ""Alox5ap"", ""Rps19"", ""Ccr7"", ""Snca"", ""Fcer1g"", ""Ripk1"", ""Grn"", ""Nfkbiz"", ""Ninj1"", ""Ccl5"", ""Casp1"", ""Lbp"", ""Cebpb"", ""Aim2"", ""Tnfsf11"", ""Il17rb"", ""Ctsc"", ""Ccr2"", ""Fcgr3"", ""Lta"", ""Il18"", ""Ddt"", ""Ccl3"", ""Plcg2"", ""Tnf"", ""Casp4"", ""Csf1r"", ""Pde2a"", ""Ffar2"", ""Fabp4"", ""Trem2"", ""Fcgr1"")"
"1340","TABULA_MURIS_SENIS_MARROW_ERYTHROBLAST_AGEING","8.3360847016732e-09","2.43915539612734e-07","0.747739663149885","0.561223056329323","2.14329334713665","139","c(""Rps5"", ""Rpsa"", ""Rpl17"", ""Rpl13"", ""Rpl18a"", ""Rps3"", ""Rpl18"", ""Rpl10"", ""Rps4x"", ""Rpl19"", ""Rplp0"", ""Rps10"", ""Rpl9"", ""Rpl10a"", ""Rps7"", ""Rps18"", ""Tmsb4x"", ""Rpl3"", ""Rpl32"", ""Rps3a1"", ""Rpl8"", ""Rps14"", ""Eef1a1"", ""Rpl11"", ""Rps20"", ""Rps16"", ""Eef1b2"", ""Rpl23"", ""Rpl27a"", ""Naca"", ""S100a6"", ""Rpl29"", ""Rpl4"", ""Rplp1"", ""Rps12"", ""Rps27a"", ""Calr"", ""Rpl14"", ""Rps2"", ""Rps6"", ""Rpl7a"", ""Crip1"", ""Cd52"", ""Rps19"", ""Fcer1g"", ""Rpl5"", ""Camp"", ""Eef1g"", ""Rpl22l1"", ""S100a11"", ""Ifitm2"", ""Rps8"", ""Pglyrp1"", ""Tyrobp"", ""Slpi"")"
"1341","GOBP_B_CELL_RECEPTOR_SIGNALING_PATHWAY","2.07901097664045e-05","0.000251013220021747","0.575610261071129","0.720401678154395","2.14769630737084","29","c(""Blk"", ""Nfkb1"", ""Bcl2"", ""Ighm"", ""Nfkbiz"", ""Cd300a"", ""Lyn"", ""Cd79b"", ""Lat2"", ""Nfatc2"", ""Foxp1"", ""Cd79a"", ""Vav3"", ""Cd38"", ""Prkch"", ""Plcg2"")"
"1342","HESS_TARGETS_OF_HOXA9_AND_MEIS1_DN","1.52997470298861e-06","2.64289304868665e-05","0.643551836150722","0.636290844018237","2.14860374427777","61","c(""Ctss"", ""Samhd1"", ""Camk2d"", ""S100a4"", ""Ms4a6d"", ""Zfp36l1"", ""Ehd1"", ""Anxa1"", ""Anxa4"", ""Trf"", ""Cpt1a"", ""Fos"", ""P2ry14"", ""Phlda1"", ""Plscr1"", ""Il18"", ""Fgr"", ""Cdh1"", ""Mpeg1"", ""Litaf"", ""Id2"", ""Cybb"", ""Egr2"", ""Mrc1"", ""Hck"", ""Csf1r"", ""Ffar2"", ""Ccl6"", ""Sirpa"", ""Mmp9"", ""Fcgr1"", ""Lpl"", ""Lyz2"", ""Slc11a1"", ""Cd300lf"", ""C5ar1"", ""Lcn2"", ""Csf2rb2"", ""Upp1"", ""Myadm"", ""Il1r2"", ""C3ar1"", ""Il1b"", ""Gcnt2"", ""Klf4"", ""Clec4a2"", ""Dab2"", ""Tgfbi"", ""Pilrb1"")"
"1343","MIKKELSEN_MEF_LCP_WITH_H3K4ME3","6.64604587341054e-06","9.48136146368394e-05","0.610526878385931","0.68320331310137","2.15135549336601","41","c(""Ifit1"", ""Xaf1"", ""Emp3"", ""Ifi35"", ""Lgals3bp"", ""Gbp2"", ""Capg"", ""Glrx"", ""Ecm1"", ""G430095P16Rik"", ""Tmem176b"", ""Tmem176a"", ""Snx10"", ""Anxa1"", ""Il18rap"", ""Pdgfrb"", ""Serpinb9"", ""Vwa5a"", ""Lgals9"")"
"1344","GOBP_REGULATION_OF_DEFENSE_RESPONSE","9.84189378171631e-15","8.55200921790046e-13","0.986546283587582","0.510932606505649","2.15446010917218","326","c(""Isg15"", ""Ifi203"", ""Irf7"", ""Zbp1"", ""Trim30a"", ""Stat1"", ""Mndal"", ""Rsad2"", ""Nkg7"", ""Parp9"", ""Irgm1"", ""Gimap3"", ""Ctss"", ""Parp14"", ""Oas3"", ""Igtp"", ""Samhd1"", ""Gbp7"", ""Ctla2a"", ""Ddx60"", ""Eif2ak2"", ""Ifih1"", ""Ifi35"", ""Irf1"", ""Oasl1"", ""Lgals1"", ""Nfkb1"", ""Trim30d"", ""Gbp2"", ""Gimap5"", ""Apobec3"", ""Alox5ap"", ""Trim25"", ""Clec2d"", ""Cd74"", ""Dhx58"", ""Il2ra"", ""Trafd1"", ""Rps19"", ""Ccr7"", ""Dtx3l"", ""Snca"", ""Fcer1g"", ""Oas1a"", ""Apoe"", ""Cst7"", ""Pml"", ""Gbp3"", ""Ripk1"", ""Gpx1"", ""Gbp5"", ""Grn"", ""Rora"", ""Unc93b1"", ""Serpinb1a"", 
""Rnf125"", ""Nfkbiz"", ""Stk39"", ""Irgm2"", ""Ninj1"", ""Anxa1"", ""Pglyrp1"", ""Cd44"", ""Tyrobp"", ""Nlrc5"", ""Cd200r1"", ""Ifi204"", ""Il18rap"", ""Pparg"", ""Ccl5"", ""Casp1"", ""Cd160"", ""Trim5"", ""Lbp"", ""Cd86"", ""Smad3"", ""Myo1f"", ""Dpp4"", ""Stat2"", ""Mapkapk3"", ""Cd300a"", ""Cebpb"", ""Irf4"", ""Aim2"", ""Lyn"", ""Ahr"", ""Adora2a"", ""Tnfsf11"", ""Tnfrsf1b"", ""Il10ra"", ""Clec4n"", ""Serpinb9"", ""Clcf1"", ""Il17rb"", ""Ctsc"", ""Ccr2"", ""Spi1"", ""Fcgr3"", ""Syt11"", ""Ndfip1"", ""Lta"", ""Lgals9"", ""Plscr1"", ""Gata3"", ""Il18"", ""Ddt"", ""Ccl3"", ""Fgr"", ""Foxp1"", ""Bst1"", 
""Dusp10"", ""Ier3"", ""Havcr2"", ""Il1r1"", ""Tifa"", ""Oas1g"", ""Fcgr2b"", ""Hgf"", ""Plcg2"", ""Mmp12"", ""Tnf"", ""Clec4e"", ""Il15"", ""Casp4"", ""Metrnl"", ""Tmem126a"", ""Ggt1"", ""Csf1r"", ""Pde2a"", ""Nr1h3"", ""Socs3"", ""Trim30c"", ""Ffar2"", ""Ncf1"", ""Foxp3"", ""Fabp4"", ""Trem2"", ""Sirpa"", ""Mvk"", ""Fcgr1"")"
"1345","LEE_AGING_CEREBELLUM_UP","4.43180742925347e-06","6.60166639136848e-05","0.610526878385931","0.666810668460096","2.16633116650662","46","c(""Rpsa"", ""Ifit1"", ""Irf7"", ""Trim30a"", ""B2m"", ""Irgm1"", ""Ifi27"", ""Ctss"", ""Lgals3bp"", ""Notch1"", ""Apoe"", ""Cst7"", ""Gbp3"", ""Ighm"", ""Lgals3"", ""Hexb"", ""Pglyrp1"", ""Nr4a1"", ""Axl"", ""Fos"", ""Cd68"", ""C1qa"", ""C1qb"")"
"1346","TABULA_MURIS_SENIS_KIDNEY_MACROPHAGE_AGEING","2.44850106656994e-07","5.25923356433657e-06","0.674962860011025","0.61547113636212","2.16953844972194","76","c(""Klf2"", ""Plac8"", ""Rpl10"", ""Vim"", ""AW112010"", ""Prr13"", ""S100a6"", ""Ly6a"", ""Emp3"", ""AB124611"", ""S100a4"", ""Smpdl3a"", ""Atp1b3"", ""Alox5ap"", ""Capg"", ""Junb"", ""Aldh2"", ""Ms4a6c"", ""Ifi30"", ""Ms4a6d"", ""Ifitm2"", ""Grn"", ""Lgals3"", ""Ahnak"", ""Rpl28"", ""Sp140"", ""Ninj1"", ""Cd44"", ""Zeb2"", ""Itga4"", ""Ccl5"", ""Hint1"", ""Msrb1"", ""Napsa"", ""Cd300a"", ""Sat1"", ""Cebpb"", ""Fos"", ""Ly6e"", ""Clec12a"", ""Pltp"", ""Fgr"", ""Ier3"", ""Cfp"")"
"1347","GOCC_SMALL_RIBOSOMAL_SUBUNIT","3.88837041002121e-06","5.86836955301885e-05","0.610526878385931","0.658268173037227","2.17835981780902","52","c(""Rps5"", ""Rpsa"", ""Rps3"", ""Rps4x"", ""Rps10"", ""Rps7"", ""Rps18"", ""Rps3a1"", ""Rps14"", ""Rps20"", ""Rps16"", ""Rps12"", ""Rps27a"", ""Rps2"", ""Rps6"", ""Rps19"")"
"1348","GOCC_PLASMA_MEMBRANE_SIGNALING_RECEPTOR_COMPLEX","6.26018102511891e-07","1.1967379393019e-05","0.659444398037935","0.630116667124228","2.18204005269092","67","c(""Trac"", ""Trbc1"", ""Trbc2"", ""Itgb7"", ""B2m"", ""Il6ra"", ""Itgb3"", ""Itgae"", ""Il18r1"", ""Ighm"", ""Traf1"", ""Il18rap"", ""Itga4"", ""Ikbkb"", ""Trf"", ""Traf5"", ""Acvrl1"", ""Lyn"", ""Ramp3"", ""Csf2ra"", ""Cd79b"", ""Gria3"", ""Cd79a"", ""Itgal"")"
"1349","GOBP_RESPONSE_TO_INTERFERON_ALPHA","3.58926499386573e-06","5.50385955610159e-05","0.627256739718528","0.835524192137855","2.18505646521993","18","c(""Ifit1"", ""Bst2"", ""Eif2ak2"", ""Ifitm3"", ""Oas1a"", ""Ifitm2"", ""Ifi204"", ""Ifit2"", ""Axl"", ""Tgtp1"", ""Ifnar2"", ""Myc"", ""Ifitm6"", ""Plscr1"", ""Oas1g"")"
"1350","GOCC_ENDOCYTIC_VESICLE","2.39744559214377e-06","3.87305647068859e-05","0.627256739718528","0.653056306988071","2.18959061180508","53","c(""Vim"", ""B2m"", ""Irgm1"", ""Ctss"", ""Calr"", ""Fth1"", ""Capg"", ""Myo6"", ""Ehd1"", ""Unc93b1"", ""Trf"", ""Inpp5f"", ""Rapgef2"", ""Dpp4"", ""Ehd4"", ""Pld4"", ""Stx11"", ""Syt11"", ""Smo"", ""Mpeg1"", ""Zyx"", ""Cybb"", ""Dmbt1"", ""Clec4e"")"
"1351","GOBP_CELLULAR_RESPONSE_TO_TYPE_II_INTERFERON","8.00699271540877e-06","0.000110650851139444","0.593325476396405","0.668489061714795","2.19418660833217","48","c(""Vim"", ""Stat1"", ""Parp9"", ""Irgm1"", ""Parp14"", ""Igtp"", ""Gbp7"", ""Gbp9"", ""Irf1"", ""Gbp2"", ""Capg"", ""Irf8"", ""Gbp3"", ""Gbp5"", ""Irgm2"", ""Nlrc5"", ""Pparg"", ""Ccl5"", ""Casp1"", ""Stx11"", ""Ccl4"", ""Ccl3"", ""Zyx"", ""Tnf"", ""Ifngr1"", ""Mrc1"", ""Ccl8"", ""Ccl6"", ""Sirpa"")"
"1352","KIM_GLIS2_TARGETS_UP","1.91752979579971e-06","3.22493647475406e-05","0.627256739718528","0.692555087001107","2.20184956622619","43","c(""Isg15"", ""Vim"", ""Ltb"", ""Iigp1"", ""S100a6"", ""Ifitm3"", ""S100a4"", ""Irf1"", ""Psmb9"", ""Cd74"", ""Bcl2a1b"", ""Fcer1g"", ""Ccl5"", ""Icam1"", ""Aif1"", ""Ccr2"", ""Fcgr3"", ""Cxcl10"", ""Tnfsf13b"", ""Casp4"", ""Socs3"", ""Ccl8"", ""Ccl6"", ""Vcam1"", ""Pf4"", ""C3"")"
"1353","TABULA_MURIS_SENIS_LUNG_NON_CLASSICAL_MONOCYTE_AGEING","8.21362573434625e-06","0.000112691731068124","0.593325476396405","0.749994483100267","2.20365965073349","28","c(""Rpl13"", ""Rps4x"", ""Rps7"", ""AW112010"", ""Ly6a"", ""Fth1"", ""Cd74"", ""Cd52"", ""Fcer1g"", ""Apoe"", ""Ms4a6c"", ""Rel"", ""Zfp36l1"", ""Ifitm2"", ""Sp140"", ""Filip1l"", ""Slpi"")"
"1354","GOBP_DEFENSE_RESPONSE_TO_BACTERIUM","3.91262450979625e-09","1.2195055197653e-07","0.761460801445585","0.584330626344487","2.20725684029879","120","c(""Isg15"", ""Plac8"", ""B2m"", ""Irgm1"", ""Oas3"", ""Iigp1"", ""Igtp"", ""Gbp7"", ""Gbp9"", ""P2rx7"", ""Rnf213"", ""Gbp2"", ""Irf8"", ""Il7r"", ""Rps19"", ""Fcer1g"", ""Oas1a"", ""Gbp3"", ""Camp"", ""Ighm"", ""Gbp5"", ""Grn"", ""Nfkbiz"", ""Irgm2"", ""Pglyrp1"", ""Slpi"", ""Casp1"", ""Cd160"", ""Lbp"", ""Trf"", ""Myo1f"", ""Oas2"", ""Cebpb"", ""Il27ra"", ""Serpinb9"", ""Bcl3"", ""Tnfsf8"", ""Syt11"", ""Lta"", ""Lgals9"", ""Ear2"", ""Il18"", ""Fgr"", ""Foxp1"", ""Mpeg1"", ""Havcr2"", ""Oas1g"", ""Tnf"", ""Dmbt1"", ""Wfdc17"", ""Clec4e"", ""Casp4"", ""Rnase6"", ""Hck"", ""Ncf1"", ""Trem2"", ""Naip2"", ""Fcgr1""
)"
"1355","MORI_IMMATURE_B_LYMPHOCYTE_UP","8.20174204465933e-06","0.000112691731068124","0.593325476396405","0.776286572691568","2.20847243650899","24","c(""Dtx1"", ""Ctss"", ""Samhd1"", ""Capg"", ""Cd74"", ""Pml"", ""Ifi30"", ""Lyn"", ""Gpr65"", ""Tmem50b"", ""Cd72"", ""Il10ra"", ""Lat2"", ""Cd83"", ""Birc3"", ""Gns"")"
"1356","HAN_JNK_SINGALING_UP","7.65037787328153e-06","0.00010675162312231","0.593325476396405","0.777905235814311","2.2130774020157","24","c(""Isg15"", ""Ifit1"", ""Ifi27l2a"", ""Usp18"", ""Irf9"", ""Ifit3"", ""Ccnd2"", ""Igtp"", ""Gbp3"", ""Irgm2"", ""Ccl5"", ""Runx1"", ""Cxcl10"", ""Foxp1"")"
"1357","TABULA_MURIS_SENIS_MARROW_NAIVE_T_CELL_AGEING","4.22241771833643e-06","6.34005084585688e-05","0.610526878385931","0.730011638343279","2.21317674258681","33","c(""Rps18"", ""S100a6"", ""Fxyd5"", ""Ifitm3"", ""Cd74"", ""Cd9"", ""Crip1"", ""Cd52"", ""Rps19"", ""Fcer1g"", ""Camp"", ""Ifitm2"", ""Lgals3"", ""Pglyrp1"", ""Tyrobp"", ""Slpi"")"
"1358","GRAESSMANN_APOPTOSIS_BY_SERUM_DEPRIVATION_UP","1.44037630404106e-12","8.42914092211781e-11","0.910119734774459","0.542554103959468","2.21562384416028","224","c(""Isg15"", ""Rtp4"", ""Ifit1"", ""Bst2"", ""Ifi203"", ""Irf7"", ""Zbp1"", ""Trim30a"", ""Usp18"", ""Rps18"", ""Stat1"", ""Rsad2"", ""Parp9"", ""Irf9"", ""Ifi47"", ""Irgm1"", ""Ifit3"", ""Ifi27"", ""Igfbp4"", ""Slfn8"", ""Sp100"", ""Parp14"", ""Oas3"", ""Iigp1"", ""Igtp"", ""Samhd1"", ""Gbp7"", ""Oasl2"", ""Ddx60"", ""Eif2ak2"", ""Ifih1"", ""Ifi35"", ""Lgals3bp"", ""Irf1"", ""Oasl1"", ""Trim30d"", ""Gbp2"", ""Pde7a"", ""Cmpk2"", ""Sp110"", ""Trim25"", ""Tor3a"", ""Trafd1"", ""Oas1a"", ""Trim34a"", ""Mx1"", ""Pmepa1"", ""Zfp36l1"", ""Irgm2"", ""Ifi204"", ""Zeb2"", ""Ifit2"", ""Ccl5"", ""Ikbkb"", ""Tgtp1"", 
""Dst"", ""Stat2"", ""Clip1"", ""Gadd45b"", ""Oas2"", ""Slc2a3"", ""Cebpb"", ""Ifnar2"", ""Ly75"", ""Arhgap39"", ""Pdgfrb"", ""Ahr"", ""Myc"")"
"1359","GOCC_LARGE_RIBOSOMAL_SUBUNIT","9.56371655858847e-08","2.24786534686496e-06","0.704975715167238","0.62078982013384","2.21900238554991","83","c(""Rpl17"", ""Rpl13"", ""Rpl18a"", ""Rpl18"", ""Rpl10"", ""Rpl21"", ""Rpl19"", ""Rplp0"", ""Rpl9"", ""Rpl10a"", ""Rpl3"", ""Rpl32"", ""Rpl8"", ""Rpl11"", ""Rpl23"", ""Rpl27a"", ""Rpl29"", ""Rpl4"", ""Rplp1"", ""Rps12"", ""Rpl26"", ""Rpl14"", ""Rpl7a"", ""Rpl5"")"
"1360","GOBP_REGULATION_OF_RESPONSE_TO_EXTERNAL_STIMULUS","4.07386555206695e-20","1.06198267914109e-17","1.16017957183021","0.518247620468341","2.21970247082799","424","c(""Isg15"", ""Ifi203"", ""Irf7"", ""Zbp1"", ""Trim30a"", ""Stat1"", ""Mndal"", ""Rsad2"", ""Nkg7"", ""Parp9"", ""Irgm1"", ""Gimap3"", ""Ctss"", ""Parp14"", ""Oas3"", ""Igtp"", ""Samhd1"", ""Gbp7"", ""Ctla2a"", ""Ddx60"", ""Eif2ak2"", ""Ifih1"", ""Ifi35"", ""Irf1"", ""Oasl1"", ""Pdgfa"", ""S1pr1"", ""Lgals1"", ""Calr"", ""Gpr18"", ""Nfkb1"", ""Trim30d"", ""Gbp2"", ""Sell"", ""Gimap5"", ""Apobec3"", ""Alox5ap"", ""Trim25"", ""Clec2d"", ""Cd74"", ""Dhx58"", ""Lgmn"", ""Cd9"", ""Il2ra"", ""Trafd1"", ""Rps19"", ""Ccr7"", ""Dtx3l"", ""Snca"", ""Notch1"", ""Fcer1g"", ""Oas1a"", ""Sema4a"", ""Apoe"", ""Cst7"", 
""Pml"", ""Bcl2"", ""Gbp3"", ""Ripk1"", ""Gpx1"", ""Gbp5"", ""Grn"", ""Rora"", ""Unc93b1"", ""Swap70"", ""Serpinb1a"", ""Rnf125"", ""Nfkbiz"", ""Stk39"", ""Irgm2"", ""Ninj1"", ""Anxa1"", ""Ubash3b"", ""Pglyrp1"", ""Cd44"", ""Tyrobp"", ""Nlrc5"", ""Cd200r1"", ""St6gal1"", ""Ifi204"", ""Il18rap"", ""Pparg"", ""Ccl5"", ""Casp1"", ""Cd160"", ""Trim5"", ""Lbp"", ""Cd86"", ""Inpp5f"", ""Smad3"", ""Myo1f"", ""Dpp4"", ""Stat2"", ""Mapkapk3"", ""Cd300a"", ""Plaur"", ""Cebpb"", ""Irf4"", ""Aim2"", ""Ccr4"", ""Anxa2"", ""Xylt1"", ""Gpr183"", ""Lyn"", ""Nrp1"", ""Pdgfrb"", ""Ahr"", ""Adora2a"", ""Tnfsf11"", ""Tnfrsf1b"", 
""Il10ra"", ""Nenf"", ""Clec4n"", ""Serpinb9"", ""Clcf1"", ""Il17rb"", ""Aif1"", ""Ctsc"", ""Cd55"", ""Ccr2"", ""Spi1"", ""Trib1"", ""Fcgr3"", ""Hopx"", ""Syt11"", ""Ndfip1"", ""Lta"", ""Lgals9"", ""Plscr1"", ""Gata3"", ""Il18"", ""Dapk2"", ""Cxcl10"", ""Ddt"", ""Ccl3"", ""Fgr"", ""P2rx4"", ""Foxp1"", ""Capn3"", ""Bst1"", ""Dusp10"", ""Ier3"", ""Havcr2"", ""Il1r1"", ""Sema6d"", ""Tifa"", ""Oas1g"", ""Fcgr2b"", ""Sash1"", ""Hgf"", ""Plcg2"", ""Mmp12"", ""Tnf"", ""Vkorc1"", ""Clec4e"", ""Il15"", ""Lrp1"", ""Casp4"", ""Metrnl"", ""Tmem126a"", ""Ggt1"", ""Csf1r"", ""St3gal4"", ""Pde2a"", ""Nr1h3"", ""Socs3"", 
""Trim30c"", ""Ffar2"", ""Ncf1"", ""Foxp3"", ""Fabp4"", ""Trem2"", ""Sirpa"", ""Mvk"", ""Tiam1"", ""Fcgr1"")"
"1361","TABULA_MURIS_SENIS_SPLEEN_MATURE_NK_T_CELL_AGEING","2.67255835943067e-08","7.09588990339579e-07","0.73376198835648","0.614730390074649","2.21977951002241","86","c(""Rps5"", ""Klf2"", ""Rpsa"", ""Rpl17"", ""Ms4a6b"", ""Rps4x"", ""Rplp0"", ""Rps10"", ""Vim"", ""Rps18"", ""Rpl32"", ""Nkg7"", ""Rps20"", ""Rps16"", ""Gng2"", ""Rpl23"", ""Rpl27a"", ""Klk8"", ""S100a6"", ""Ly6a"", ""Runx3"", ""Ctla2a"", ""Emp3"", ""Rplp1"", ""Psmb9"", ""Rps12"", ""Lgals1"", ""Gpr18"", ""Rpl14"", ""Rps2"", ""Crip1"", ""Rps19"", ""Rpl5"", ""Cst7"", ""Bcl2"", ""Eef1g"", ""Rpl22l1"", ""Serpina3g"", ""Ms4a4c"", ""Ahnak"", ""Rps8"")"
"1362","MIKKELSEN_MCV6_LCP_WITH_H3K4ME3","1.39644342158367e-06","2.4416472630434e-05","0.643551836150722","0.67873291981618","2.22135041488861","47","c(""Zbp1"", ""Isg20"", ""Rsad2"", ""Xaf1"", ""Emp3"", ""Ifi35"", ""Lgals3bp"", ""Gbp2"", ""Il7r"", ""Sytl1"", ""Glrx"", ""G430095P16Rik"", ""Tmem176b"", ""Tmem176a"", ""Snx10"", ""Anxa1"", ""Lbp"", ""Oas2"", ""Evi5"", ""Tnfsf10"", ""Serpinb9"", ""Vwa5a"", ""Lgals9"")"
"1363","GOBP_DEFENSE_RESPONSE_TO_OTHER_ORGANISM","8.81279183363963e-21","2.80785339810685e-18","1.1778932614942","0.516755162149597","2.2263954876761","449","c(""Isg15"", ""Rtp4"", ""Ifit1"", ""Bst2"", ""Ifi203"", ""Irf7"", ""Zbp1"", ""Plac8"", ""Trim30a"", ""Isg20"", ""Vim"", ""Stat1"", ""Mndal"", ""Rsad2"", ""Nkg7"", ""Parp9"", ""B2m"", ""Irgm1"", ""Ifit3"", ""Slfn8"", ""Gimap3"", ""Sp100"", ""Parp14"", ""Oas3"", ""Iigp1"", ""Igtp"", ""Samhd1"", ""Gbp7"", ""Gbp9"", ""Oasl2"", ""Ddx60"", ""Eif2ak2"", ""Ifih1"", ""Ifitm3"", ""Ifi35"", ""P2rx7"", ""Irf1"", ""Oasl1"", ""Rnf213"", ""Herc6"", ""Blk"", ""Cotl1"", ""Nfkb1"", ""Trim30d"", ""Gbp2"", ""Gimap5"", ""Apobec3"", ""Pik3cd"", ""Batf"", ""Sp110"", ""Trim25"", ""Capg"", ""Ube2l6"", ""Clec2d"", ""Cd74"", ""Dhx58"", 
""Irf8"", ""Il7r"", ""Ifit3b"", ""Trafd1"", ""Rps19"", ""Dtx3l"", ""Snca"", ""Fcer1g"", ""Oas1a"", ""Apoe"", ""Trim34a"", ""Mx1"", ""Pml"", ""Tagap"", ""Bpgm"", ""Relb"", ""Ifit1bl1"", ""Bcl2"", ""Gbp3"", ""Rel"", ""Camp"", ""Ifitm2"", ""Tgtp2"", ""Ighm"", ""Gbp5"", ""Grn"", ""Lgals3"", ""Unc93b1"", ""Serpinb1a"", ""Rnf125"", ""Nfkbiz"", ""Arid5a"", ""Irgm2"", ""Ninj1"", ""Anxa1"", ""Pglyrp1"", ""Tyrobp"", ""Nlrc5"", ""Hdac4"", ""Ifi204"", ""Slpi"", ""Il18rap"", ""Pparg"", ""Ifit2"", ""Ccl5"", ""Axl"", ""Casp1"", ""Cd160"", ""Trim5"", ""Nfkb2"", ""Lbp"", ""Trf"", ""Cd86"", ""Msrb1"", ""Myo1f"", ""Tgtp1"", 
""Dpp4"", ""Neurl3"", ""Stat2"", ""Ddit4"", ""Oas2"", ""Mapkapk3"", ""Cd300a"", ""Pld4"", ""Cebpb"", ""Irf4"", ""Ifnar2"", ""Aim2"", ""Stx11"", ""Lyn"", ""Ccl4"", ""C1qa"", ""Il27ra"", ""Clec4n"", ""Serpinb9"", ""Bcl3"", ""C1qb"", ""Cd55"", ""Spi1"", ""Tmem106a"", ""Gch1"", ""Tnfsf8"", ""Syt11"", ""Fosl2"", ""Rab27a"", ""Ifitm6"", ""Lta"", ""Lgals9"", ""Plscr1"", ""Gata3"", ""Ear2"", ""Il18"", ""Cxcl10"", ""Ccl3"", ""Malt1"", ""Fgr"", ""Foxp1"", ""Mpeg1"", ""Dusp10"", ""Havcr2"", ""Cfp"", ""Rnf19b"", ""Tifa"", ""Oas1g"", ""Irf5"", ""Zyx"", ""Plcg2"", ""Cybb"", ""Mmp12"", ""Endod1"", ""Tnf"", ""Dmbt1"", ""Wfdc17"", 
""Ifngr1"", ""Mrc1"", ""Clec4e"", ""Il15"", ""Casp4"", ""Tmem126a"", ""Rnase6"", ""Hck"", ""Slamf7"", ""Csf1r"", ""Nr1h3"", ""Trim30c"", ""Ffar2"", ""Ncf1"", ""Foxp3"", ""Ccl8"", ""C1qc"", ""Ccl6"", ""Trem2"", ""Sirpa"", ""Naip2"")"
"1364","GOBP_RESPONSE_TO_PROTOZOAN","5.89483700498635e-06","8.47873298567426e-05","0.610526878385931","0.757775838410815","2.22652309721512","28","c(""Nkg7"", ""Iigp1"", ""Igtp"", ""Gbp7"", ""Gbp9"", ""Gbp2"", ""Batf"", ""Irf8"", ""Bpgm"", ""Gbp3"", ""Tgtp2"", ""Irgm2"", ""Tgtp1"", ""Irf4"", ""Bcl3"", ""Ier3"")"
"1365","GOBP_NEGATIVE_REGULATION_OF_VIRAL_GENOME_REPLICATION","5.27190859896445e-06","7.67370452158912e-05","0.610526878385931","0.740130888601765","2.22717034923904","31","c(""Isg15"", ""Bst2"", ""Isg20"", ""Rsad2"", ""Oas3"", ""Oasl2"", ""Eif2ak2"", ""Ifih1"", ""Ifitm3"", ""Oasl1"", ""Apobec3"", ""Oas1a"", ""Ifitm2"", ""Slpi"", ""Fam111a"", ""Ccl5"", ""Oas2"")"
"1366","REACTOME_MAJOR_PATHWAY_OF_RRNA_PROCESSING_IN_THE_NUCLEOLUS_AND_CYTOSOL","3.56800486387913e-09","1.11816983029217e-07","0.774939030136436","0.589125221796609","2.22790721921097","121","c(""Rps5"", ""Rpsa"", ""Rpl17"", ""Rpl13"", ""Rpl18a"", ""Rps3"", ""Rpl18"", ""Rpl10"", ""Rpl21"", ""Rps4x"", ""Rpl19"", ""Rplp0"", ""Rps10"", ""Rpl9"", ""Rps7"", ""Rps18"", ""Rpl3"", ""Rpl32"", ""Rps3a1"", ""Rpl8"", ""Rps14"", ""Rpl11"", ""Rps20"", ""Rps16"", ""Rpl23"", ""Rpl27a"", ""Rpl29"", ""Rpl4"", ""Rplp1"", ""Rps12"", ""Rpl26"", ""Rpl14"", ""Rps2"", ""Rps6"", ""Rps19"", ""Rpl5"")"
"1367","TABULA_MURIS_SENIS_BROWN_ADIPOSE_TISSUE_T_CELL_AGEING","9.5405364601754e-07","1.72602449839451e-05","0.643551836150722","0.700830458708201","2.22815956516437","43","c(""Vim"", ""Tmsb4x"", ""Nkg7"", ""Prr13"", ""S100a6"", ""Fxyd5"", ""Ly6a"", ""Ctla2a"", ""S100a4"", ""Lgals1"", ""Cotl1"", ""Crip1"", ""Apoe"", ""Timp2"", ""S100a11"", ""Grn"", ""Cst3"", ""Tmed3"", ""Ccl5"")"
"1368","TABULA_MURIS_SENIS_SPLEEN_NK_CELL_AGEING","1.83983625993196e-07","4.02727517202663e-06","0.690132458796796","0.648406412801306","2.22996892887341","64","c(""Rpl17"", ""Rpl13"", ""Rps3"", ""Rpl21"", ""Rps10"", ""Rps7"", ""Rps18"", ""Rps3a1"", ""Ltb"", ""Eef1a1"", ""Rpl11"", ""B2m"", ""Rps20"", ""Rps16"", ""Rpl23"", ""Klk8"", ""Cd7"", ""Rplp1"", ""Rps12"", ""Rps27a"", ""Rpl14"", ""Il7r"", ""Bcl2a1b"", ""Rpl5"", ""Rgs1"", ""Eef1g"", ""Serpina3g"", ""Bcl2a1d"", ""Rpl28"", ""Rps8"", ""Cd160"", ""Gimap7"")"
"1369","ZENG_GU_ICB_CONTROL_METAGENE_8_PRECICTIVE_ICB_RESPONSE","1.6636295861427e-10","6.71895470178054e-09","0.826657301178302","0.584266497117631","2.23078385193289","137","c(""Gimap4"", ""Stat1"", ""Slfn1"", ""Nkg7"", ""Parp9"", ""Ifi47"", ""B2m"", ""Slfn5"", ""Gimap3"", ""Parp14"", ""Igtp"", ""Epsti1"", ""Gbp9"", ""Cd7"", ""AB124611"", ""Irf1"", ""Rnf213"", ""Gpr18"", ""Trim30d"", ""Gbp2"", ""Cd274"", ""Cd48"", ""Ctsw"", ""Il2ra"", ""Dtx3l"", ""Fcer1g"", ""Atp8b4"", ""Cst7"", ""S1pr4"", ""Serpina3g"", ""Gbp5"", ""Lax1"", ""Icos"", ""Cd69"", ""Stat4"", ""Gpr171"", ""Ipcef1"", ""Cd160"", ""Tnfrsf4"", ""Ly6c1"", ""Gimap7"", ""Irf4"", ""Gpr65"", ""P2ry14"", ""Il10ra"", ""Qpct"", ""Il2rb"", ""Pdcd1lg2"", ""Clec12a"", ""Pdcd1"", ""Lta"", ""Fasl"", ""Fgr"", ""Il18bp"", ""Itgal"", 
""Havcr2"", ""Cxcr6"", ""Irf5"", ""Cybb"", ""Gpr68"", ""Rnase6"", ""Hck"", ""Slamf7"", ""Plbd1"", ""Foxp3"", ""Card11"", ""Serpina3f"", ""Scimp"", ""Map3k8"", ""Trpm2"", ""Lacc1"", ""Klrd1"", ""Cd300lf"", ""Ciita"", ""Themis2"", ""Cnr2"")"
"1370","TABULA_MURIS_SENIS_KIDNEY_KIDNEY_DISTAL_CONVOLUTED_TUBULE_EPITHELIAL_CELL_AGEING","4.4675552582553e-07","8.80461491618355e-06","0.674962860011025","0.665326665387653","2.23229312768689","59","c(""Rpl17"", ""Rpl13"", ""Rpl18a"", ""Rps3"", ""Rpl10"", ""Rpl21"", ""Rps4x"", ""Rplp0"", ""Rps10"", ""Rpl9"", ""Tmsb4x"", ""Rps3a1"", ""Eef1a1"", ""B2m"", ""Ifi27"", ""Rps16"", ""Rpl4"", ""Rplp1"", ""Rps12"", ""Rpl14"", ""Rps2"", ""Rps6"", ""Rpl7a"", ""Cd74"", ""Rps19"", ""Apoe"", ""Zfp36l1"", ""S100a11"", ""Lgals3"", ""Rpl28"", ""Rps8"")"
"1371","TABULA_MURIS_SENIS_MARROW_PROMONOCYTE_AGEING","1.12079937028026e-07","2.60234185771551e-06","0.704975715167238","0.645015710748084","2.2339282518511","68","c(""Rpl13"", ""Rps3"", ""Rpl9"", ""Rps18"", ""AW112010"", ""Rpl3"", ""Rps3a1"", ""Rpl8"", ""Rpl11"", ""Prr13"", ""Srgn"", ""Rps27a"", ""Calr"", ""Rpl14"", ""Rps2"", ""Fth1"", ""Rps6"", ""Cd74"", ""Cd9"", ""Apoe"", ""Camp"", ""Ifi30"", ""Ms4a6d"", ""Ifitm2"", ""Tmem176b"", ""Serpinb1a"", ""Tmem176a"", ""Pglyrp1"")"
"1372","NEMETH_INFLAMMATORY_RESPONSE_LPS_UP","9.21640100663278e-07","1.67797015152505e-05","0.659444398037935","0.667704614903807","2.23495159828765","55","c(""Stat1"", ""Ltb"", ""Igtp"", ""Srgn"", ""Nfkb1"", ""Trim25"", ""Ier2"", ""Pml"", ""Glrx"", ""Cdkn1a"", ""Irgm2"", ""Cd44"", ""Ifi204"", ""Slpi"", ""Stk10"", ""Sat1"", ""Furin"", ""Tnfrsf1b"", ""Lcp2"", ""Gch1"", ""Ccl3"", ""Atf3"", ""Ier3"", ""Fcgr2b"", ""Tnf"", ""Casp4"", ""Hck"", ""Pnp"", ""Cited2"", ""Rcn1"", ""Slfn4"", ""Slc11a1"", ""Clec4d"")"
"1373","GOBP_REGULATION_OF_RESPONSE_TO_CYTOKINE_STIMULUS","1.33636320276233e-06","2.3581670670283e-05","0.643551836150722","0.675504153221766","2.23539761515735","52","c(""Isg15"", ""Irf7"", ""Zbp1"", ""Parp9"", ""Irgm1"", ""Parp14"", ""Oas3"", ""Igtp"", ""Samhd1"", ""Ifih1"", ""Cd74"", ""Oas1a"", ""Ecm1"", ""Ripk1"", ""Irgm2"", ""Nlrc5"", ""Pparg"", ""Axl"", ""Casp1"", ""Stat2"")"
"1374","GOBP_NEGATIVE_REGULATION_OF_VIRAL_PROCESS","8.21473888304751e-07","1.50998485558582e-05","0.659444398037935","0.680842242249253","2.2403758379078","50","c(""Isg15"", ""Bst2"", ""Trim30a"", ""Isg20"", ""Stat1"", ""Rsad2"", ""Sp100"", ""Oas3"", ""Oasl2"", ""Eif2ak2"", ""Ifih1"", ""Ifitm3"", ""Oasl1"", ""Trim30d"", ""Apobec3"", ""Trim25"", ""Cd74"", ""Oas1a"", ""Ifitm2"", ""Slpi"", ""Fam111a"", ""Ccl5"", ""Trim5"", ""Oas2"")"
"1375","ZHENG_BOUND_BY_FOXP3","9.57506874915482e-13","5.78031781856873e-11","0.910119734774459","0.570111510375883","2.24696540922021","185","c(""Ms4a4b"", ""Klf2"", ""Ms4a6b"", ""Gimap4"", ""Tmsb4x"", ""Cytip"", ""Ifit3"", ""Gng2"", ""Sp100"", ""Ikzf2"", ""Samhd1"", ""Chd7"", ""AA467197"", ""S1pr1"", ""Atp1b3"", ""Fam169b"", ""Gpr18"", ""Kbtbd11"", ""Pde7a"", ""Sell"", ""Add3"", ""Rasa3"", ""Zfp36l2"", ""Clec2d"", ""Il7r"", ""Ifit3b"", ""Il2ra"", ""Ccr7"", ""Snca"", ""Lcp1"", ""Ms4a6c"", ""Rgs1"", ""Btla"", ""Frmd4b"", ""Dapl1"", ""Bcl2"", ""Ms4a4c"", ""Inpp4b"", ""Sgms1"", ""Icos"", ""Rnf125"", ""Nfkbiz"", ""Tmem71"", ""Anxa1"", ""Ubash3b"", ""Cd44"", ""Arhgap5"", ""Cd69"", ""Stat4"", ""Adam19"", ""Cd200r1"", ""St6gal1"", ""Arid5b"", ""Axl"", 
""Tbc1d4"", ""St8sia4"", ""Stk10"", ""Smad3"", ""Rapgef2"", ""Tmem64"", ""Fyb"", ""Ttc39b"", ""Irf4"", ""Ifnar2"", ""Evi5"", ""Aim2"", ""Gpr183"", ""Nrp1"", ""Gpr65"", ""Ahr"", ""Tnfsf11"", ""Gprin3"", ""Nr4a3"", ""Trib1"", ""Gria3"", ""Bzw2"", ""Gata3"", ""Gpd2"", ""Fasl"", ""Malt1"", ""Cblb"", ""Foxp1"", ""Ankrd44"", ""Rras2"")"
"1376","ZENG_GU_ICB_CONTROL_METAGENE_25_PRECICTIVE_ICB_RESPONSE","3.39877375419259e-10","1.2994644986863e-08","0.814035837847908","0.592865422391185","2.25145221087401","127","c(""Zbp1"", ""Gimap4"", ""Stat1"", ""Nkg7"", ""Ltb"", ""B2m"", ""Gng2"", ""Gimap3"", ""Fxyd5"", ""Ly6a"", ""Runx3"", ""Cd7"", ""Psme2"", ""Alox5ap"", ""Cd74"", ""Irf8"", ""Ctsw"", ""Cd52"", ""Bcl2a1b"", ""Cyth4"", ""Fcer1g"", ""S1pr4"", ""Ncf4"", ""Ctsb"", ""Serpina3g"", ""Tgtp2"", ""Lgals3"", ""Bcl2a1d"", ""Icos"", ""Tyrobp"", ""Gpr171"", ""Lpcat2"", ""Ccl5"", ""Tnfrsf4"", ""Cd86"", ""Ly6c1"", ""Myo1f"", ""Rrad"", ""Cd300a"", ""Pld4"", ""Naaa"", ""Gna15"", ""Ccl4"", ""Lcp2"", ""P2ry14"", ""C1qa"", ""Clec4n"", ""Il2rb"", ""Aif1"", ""Lat2"", ""C1qb"", ""Cd83"", ""Clec12a"", ""Spi1"", ""Pdcd1"", ""Fcgr3"", ""Lair1"", 
""Ncf2"", ""Apol9b"", ""Bst1"", ""Itgal"", ""Rnf19b"", ""Irf5"", ""Tbxas1"", ""Lrrc25"", ""Casp4"", ""Metrnl"", ""Rnase6"", ""Cd3d"", ""Tigit"", ""Plbd1"", ""Ncf1"", ""Entpd1"", ""C1qc"", ""Trem2"", ""Fcgr1"", ""Cxcl16"", ""Lst1"", ""Mcemp1"", ""Lyz2"", ""Ly86"", ""Klrd1"", ""Slc11a1"", ""Ms4a7"", ""Slc15a3"", ""Plekho1"")"
"1377","TABULA_MURIS_SENIS_LUNG_B_CELL_AGEING","7.12876394907581e-07","1.34343151062841e-05","0.659444398037935","0.683046523046133","2.26123245436828","51","c(""Gimap4"", ""Vim"", ""AW112010"", ""Anxa6"", ""B2m"", ""Ccnd2"", ""Sp100"", ""Prr13"", ""Fxyd5"", ""Srgn"", ""Ly6a"", ""Emp3"", ""Psmb9"", ""Lgals1"", ""Psme2"", ""Phf11b"", ""Capg"", ""Cd9"", ""Crip1"", ""Bcl2a1b"", ""Ier2"", ""Evi2a"", ""Aldh2"", ""Serpina3g"", ""Lgals3"", ""Ahnak"", ""Sp140"", ""Cd44"", ""Napsa"", ""Pld4"", ""Gpr183"", ""Cd72"")"
"1378","SEKI_INFLAMMATORY_RESPONSE_LPS_UP","3.36056967048215e-07","6.92745812513546e-06","0.674962860011025","0.703386374812253","2.27356670645102","45","c(""Rsad2"", ""Ifi47"", ""Gbp2"", ""Gbp3"", ""Rel"", ""Serpina3g"", ""Nfkbiz"", ""Cd44"", ""Nfkb2"", ""Neurl3"", ""Gadd45b"", ""Stx11"", ""Ccrl2"", ""Gsap"", ""Icam1"", ""Gch1"", ""Birc3"", ""Cxcl10"", ""Ccl3"", ""Ier3"", ""Gpr68"", ""Egr2"", ""Casp4"", ""Exoc3l4"", ""Vcam1"", ""Zc3h12a"", ""Cxcl16"", ""Plk2"", ""Slc15a3"")"
"1379","FOSTER_TOLERANT_MACROPHAGE_DN","1.53244865159264e-12","8.87736668372098e-11","0.910119734774459","0.574020170305637","2.27409481550871","187","c(""Ifi203"", ""Mndal"", ""Ccnd2"", ""Slfn5"", ""Parp14"", ""Igtp"", ""Samhd1"", ""Camk2d"", ""Gbp7"", ""Gbp9"", ""Ctla2a"", ""Ifih1"", ""Chd7"", ""Nfkb1"", ""Sp110"", ""Junb"", ""Notch1"", ""Pml"", ""Tagap"", ""Gbp3"", ""Pmepa1"", ""Rel"", ""Serpina3g"", ""Cdkn1a"", ""Traf1"", ""Eng"", ""Rnf125"", ""Ncoa7"", ""Nfkbiz"", ""Snx10"", ""Arid5a"", ""Ubash3b"", ""Nlrc5"", ""Filip1l"", ""Cd69"", ""Ogfrl1"", ""Dusp2"", ""Nfkbid"", ""Cd86"", ""Glipr2"", ""Ctla2b"", ""Tpm4"", ""Plaur"", ""Gadd45g"", ""Aim2"", ""Nampt"", ""Nfix"", ""Fos"", ""Gna15"", ""Tnfsf10"", ""Tmem50b"", ""Dusp5"", ""Lcp2"", ""Hdc"", ""Hhex"", 
""Bcl3"", ""Il15ra"", ""Gda"", ""Ctsc"", ""Cd83"", ""Tnfsf8"", ""Hopx"", ""Lmna"", ""Il18"", ""Malt1"", ""Foxp1"", ""Pdzk1ip1"", ""St6galnac4"", ""Zyx"", ""Frmd4a"", ""Endod1"", ""Pla2g4a"", ""Arhgap26"", ""Gnb4"", ""Fscn1"", ""Pcgf5"", ""Il15"", ""Exoc3l4"", ""Socs3"", ""Creb5"", ""Mt1"", ""Vcam1"", ""Tiam1"", ""Luzp1"", ""Uaca"", ""Map3k8"", ""Dgka"", ""Cited2"", ""Etv6"", ""Zbtb32"", ""N4bp1"", ""Rcn1"")"
"1380","TABULA_MURIS_SENIS_AORTA_AORTIC_ENDOTHELIAL_CELL_AGEING","1.5304860947649e-11","7.56667047713507e-10","0.863415391606693","0.590403318393902","2.27668421344284","151","c(""Rps5"", ""Klf2"", ""Rpsa"", ""Rpl17"", ""Rpl13"", ""Rps3"", ""Rps4x"", ""Rplp0"", ""Rps10"", ""Rpl9"", ""Vim"", ""Rps7"", ""Rps18"", ""Tmsb4x"", ""AW112010"", ""Rpl3"", ""Rpl32"", ""Rps3a1"", ""Rpl8"", ""Rps14"", ""Eef1a1"", ""B2m"", ""Rps20"", ""Eef1b2"", ""Prr13"", ""Naca"", ""Rpl29"", ""Ctla2a"", ""Rpl4"", ""Rplp1"", ""Rpl14"", ""Fth1"", ""Cd74"", ""Lgmn"", ""Smco4"", ""Crip1"", ""Junb"", ""Apoe"", ""Ier2"", ""Zfp36l1"", ""Ifitm2"", ""Tgtp2"", ""Cst3"", ""Rpl28"", ""Vsir"", ""Rps8"", ""Irgm2"", ""Cd63"", ""Nr4a1"", ""Trf"", ""Ddit4"", ""Gadd45g"", ""Furin"", ""Ybx3"", ""Fos"")"
"1381","TABULA_MURIS_SENIS_KIDNEY_BRUSH_CELL_AGEING","9.20185620327198e-07","1.67797015152505e-05","0.659444398037935","0.752760851942332","2.28214554774699","33","c(""Rps5"", ""Rps3"", ""Rpl10"", ""Rpl21"", ""Rps4x"", ""Rplp0"", ""Rpl9"", ""Rpl10a"", ""Tmsb4x"", ""Rps3a1"", ""Eef1a1"", ""B2m"", ""Rpl4"", ""Cd74"", ""Rps19"", ""Apoe"", ""Aldh2"")"
"1382","WORSCHECH_TUMOR_REJECTION_UP","3.44325063255523e-07","7.02741721626485e-06","0.674962860011025","0.717944491181429","2.28304732999193","42","c(""Ifit1"", ""Ifi27"", ""Ly6a"", ""Ctla2a"", ""Il7r"", ""Mx1"", ""Tagap"", ""Nfkbiz"", ""Ifi204"", ""Ccl5"", ""Tnfrsf4"", ""Ly6c1"", ""Stat2"", ""Irf4"", ""Ccrl2"", ""Ccl4"", ""Tnfsf11"", ""Tnfrsf1b"", ""Il17rb"", ""Fasl"", ""Nfat5"")"
"1383","QI_PLASMACYTOMA_UP","1.35721797742846e-11","6.76838704395844e-10","0.875325132024659","0.592946963998201","2.28872637297177","147","c(""Plac8"", ""Trim30a"", ""Tmsb4x"", ""Rsad2"", ""Itgb7"", ""Ltb"", ""Irgm1"", ""Sp100"", ""Iigp1"", ""Cd7"", ""Ifi35"", ""Irf1"", ""Psmb9"", ""Cd82"", ""Itgb3"", ""Blk"", ""Gbp2"", ""Alox5ap"", ""Batf"", ""Capg"", ""Irf8"", ""Mta3"", ""Lcp1"", ""Sema4a"", ""Cst7"", ""Relb"", ""Rgs1"", ""Frmd4b"", ""Bcl2"", ""Zfp36l1"", ""Vasp"", ""Ehd1"", ""Traf1"", ""Swap70"", ""Snx10"", ""Stk39"", ""Ubash3b"", ""Il18rap"", ""Ccl5"", ""Axl"", ""Casp1"", ""Dusp2"", ""Stk10"", ""Tgtp1"", ""Dpp4"", ""Rrad"", ""Tuba8"", ""Plxnc1"", ""Gna15"", ""Ccl4"", ""Cish"", ""Tnfsf11"", ""Il27ra"", ""Il2rb"", ""Il17rb"", ""Bhlhe40"", ""Ccr2"", 
""Lgals9"", ""Plscr1"", ""Il18"", ""Ddt"", ""Ccl3"", ""Fgr"", ""Cd79a"", ""Rras2"", ""Il18bp"", ""Cdc42ep3"", ""Id2"", ""Zyx"", ""Tnfsf13b"", ""Sh3bp2"", ""Tnf"", ""Gnb4"", ""Ifngr1"", ""Fscn1"", ""Clec4e"", ""Casp4"", ""Hck"", ""Csf1r"", ""Cd3d"", ""Nr1h3"")"
"1384","GOBP_INNATE_IMMUNE_RESPONSE","1.62632537199549e-19","3.69285474731408e-17","1.14219120216838","0.537487051724704","2.28934584604355","365","c(""Isg15"", ""Ifit1"", ""Bst2"", ""Ifi203"", ""Irf7"", ""Zbp1"", ""Trim30a"", ""Isg20"", ""Vim"", ""Stat1"", ""Mndal"", ""Rsad2"", ""Nkg7"", ""Parp9"", ""B2m"", ""Irgm1"", ""Ifit3"", ""Gimap3"", ""Sp100"", ""Parp14"", ""Oas3"", ""Iigp1"", ""Igtp"", ""Samhd1"", ""Gbp7"", ""Gbp9"", ""Oasl2"", ""Ddx60"", ""Eif2ak2"", ""Ifih1"", ""Ifitm3"", ""Ifi35"", ""Irf1"", ""Oasl1"", ""Herc6"", ""Blk"", ""Nfkb1"", ""Trim30d"", ""Gbp2"", ""Gimap5"", ""Apobec3"", ""Pik3cd"", ""Sp110"", ""Trim25"", ""Capg"", ""Ube2l6"", ""Clec2d"", ""Cd74"", ""Dhx58"", ""Irf8"", ""Ifit3b"", ""Trafd1"", ""Rps19"", ""Dtx3l"", ""Snca"", ""Fcer1g"", 
""Oas1a"", ""Apoe"", ""Trim34a"", ""Mx1"", ""Pml"", ""Relb"", ""Gbp3"", ""Rel"", ""Camp"", ""Ifitm2"", ""Ighm"", ""Gbp5"", ""Grn"", ""Lgals3"", ""Unc93b1"", ""Serpinb1a"", ""Rnf125"", ""Nfkbiz"", ""Arid5a"", ""Irgm2"", ""Ninj1"", ""Anxa1"", ""Pglyrp1"", ""Tyrobp"", ""Nlrc5"", ""Hdac4"", ""Ifi204"", ""Slpi"", ""Il18rap"", ""Pparg"", ""Ifit2"", ""Ccl5"", ""Axl"", ""Casp1"", ""Cd160"", ""Trim5"", ""Nfkb2"", ""Lbp"", ""Cd86"", ""Msrb1"", ""Myo1f"", ""Tgtp1"", ""Dpp4"", ""Neurl3"", ""Stat2"", ""Oas2"", ""Mapkapk3"", ""Cd300a"", ""Pld4"", ""Irf4"", ""Ifnar2"", ""Aim2"", ""Stx11"", ""Lyn"", ""Ccl4"", ""C1qa"", ""Clec4n"", 
""Serpinb9"", ""C1qb"", ""Cd55"", ""Spi1"", ""Tmem106a"", ""Gch1"", ""Fosl2"", ""Rab27a"", ""Ifitm6"", ""Lgals9"", ""Plscr1"", ""Gata3"", ""Ear2"", ""Il18"", ""Ccl3"", ""Malt1"", ""Fgr"", ""Mpeg1"", ""Dusp10"", ""Havcr2"", ""Cfp"", ""Rnf19b"", ""Tifa"", ""Oas1g"", ""Irf5"", ""Zyx"", ""Plcg2"", ""Cybb"", ""Mmp12"", ""Endod1"", ""Tnf"", ""Wfdc17"", ""Ifngr1"", ""Mrc1"", ""Clec4e"", ""Casp4"", ""Tmem126a"", ""Rnase6"", ""Hck"", ""Slamf7"", ""Csf1r"", ""Nr1h3"", ""Trim30c"", ""Ffar2"", ""Ncf1"", ""Ccl8"", ""C1qc"", ""Ccl6"", ""Trem2"", ""Sirpa"", ""Naip2"")"
"1385","MORI_LARGE_PRE_BII_LYMPHOCYTE_DN","8.17171204944692e-07","1.50998485558582e-05","0.659444398037935","0.760876752259406","2.28959791863145","31","c(""Ltb"", ""Dtx1"", ""Ctss"", ""Samhd1"", ""Rasa3"", ""Capg"", ""Cd74"", ""Irf8"", ""Lcp1"", ""Aldh2"", ""Serpinb1a"", ""Gpr65"", ""Il10ra"", ""Cd79b"", ""Lat2"", ""Cd83"", ""Hip1r"", ""Birc3"", ""Gns"", ""Lpp"", ""Ctsh"", ""Vcam1"", ""Cxcr5"", ""Ly86"", ""Cnr2"")"
"1386","GOBP_RESPONSE_TO_BACTERIUM","4.62787500640969e-17","6.98443767414725e-15","1.06720998682811","0.550182390687225","2.29181401567621","285","c(""Isg15"", ""Trac"", ""Ifit1"", ""Plac8"", ""Trim30a"", ""Usp18"", ""Gzma"", ""Vim"", ""Stat1"", ""B2m"", ""Irgm1"", ""Ifit3"", ""Oas3"", ""Iigp1"", ""Igtp"", ""Ly6a"", ""Gbp7"", ""Gbp9"", ""Eif2ak2"", ""P2rx7"", ""Chd7"", ""Rnf213"", ""Psmb9"", ""Herc6"", ""AA467197"", ""Nfkb1"", ""Trim30d"", ""Gbp2"", ""Cmpk2"", ""Cd274"", ""Sp110"", ""Dhx58"", ""Irf8"", ""Il7r"", ""Cd52"", ""Rps19"", ""Ccr7"", ""Snca"", ""Fcer1g"", ""Oas1a"", ""Rgs1"", ""Gbp3"", ""Camp"", ""Gpx1"", ""Ighm"", ""Gbp5"", ""Grn"", ""Nfkbiz"", ""Ptgir"", ""Arid5a"", ""Irgm2"", ""Pglyrp1"", ""Nlrc5"", ""Ifi204"", ""Slpi"", ""Nr4a1"", ""Axl"", 
""Casp1"", ""Cd160"", ""Trim5"", ""Lbp"", ""Trf"", ""Cd86"", ""Myo1f"", ""Tgtp1"", ""Oas2"", ""Mapkapk3"", ""Cebpb"", ""Lyn"", ""Cd68"", ""Ahr"", ""Pygl"", ""Tnfrsf1b"", ""Cd79b"", ""Mgst1"", ""Il27ra"", ""Serpinb9"", ""Bcl3"", ""Pdcd1lg2"", ""Cd55"", ""Spi1"", ""Gch1"", ""Trib1"", ""Tnfsf8"", ""Syt11"", ""Fosl2"", ""Lta"", ""Lgals9"", ""Plscr1"", ""Fuca2"", ""Ear2"", ""Il18"", ""Cxcl10"", ""Malt1"", ""Fgr"", ""Ncf2"", ""Foxp1"", ""Mpeg1"", ""Dusp10"", ""Havcr2"", ""Litaf"", ""Oas1g"", ""Fcgr2b"", ""Sash1"", ""Irf5"", ""Plcg2"", ""Fam20a"", ""Trdv1"", ""Mtdh"", ""Tnf"", ""Dmbt1"", ""Wfdc17"", ""Mrc1"", ""Ifi44"", 
""Clec4e"", ""Casp4"", ""Rnase6"", ""Hck"", ""Pde2a"", ""Nr1h3"", ""Trim30c"", ""Ncf1"", ""Fabp4"", ""Trem2"", ""Sirpa"", ""Naip2"", ""Fcgr1"", ""Serpina3f"", ""Zc3h12a"", ""Scimp"", ""Lpl"", ""Cxcl16"", ""Abca1"", ""Pf4"", ""C3"", ""Lyz2"", ""Ly86"", ""Slfn4"", ""Slc11a1"", ""Clec4d"", ""C5ar1"", ""Cnr2"", ""Tifab"")"
"1387","MARSON_FOXP3_TARGETS_UP","4.42076619883985e-07","8.74244625874019e-06","0.674962860011025","0.745520972615252","2.2921438213958","35","c(""Vim"", ""Nkg7"", ""Gm2a"", ""S100a6"", ""Samhd1"", ""Ly6a"", ""S100a4"", ""Capg"", ""Irf8"", ""Crip1"", ""Ncf4"", ""Ecm1"", ""Swap70"", ""Cd44"", ""Stk10"", ""Ddit4"", ""Slc2a3"")"
"1388","TABULA_MURIS_SENIS_KIDNEY_KIDNEY_PROXIMAL_CONVOLUTED_TUBULE_EPITHELIAL_CELL_AGEING","3.08488628577007e-09","9.77448776181842e-08","0.774939030136436","0.629461246713435","2.29549573519297","91","c(""Rps5"", ""Rpl13"", ""Rpl18a"", ""Rpl10"", ""Rpl21"", ""Rps4x"", ""Rplp0"", ""Rps10"", ""Rpl9"", ""Rps7"", ""Tmsb4x"", ""Rpl3"", ""Rps3a1"", ""Rps14"", ""B2m"", ""Rps20"", ""Ifi27"", ""Rps16"", ""Eef1b2"", ""Maf"", ""Rpl4"", ""Rps12"", ""Rps27a"", ""Rps2"", ""Rps6"", ""Cd74"", ""Lgmn"", ""Rps19"", ""Rpl5"", ""Apoe"", ""Zfp36l1"", ""Gpx1"")"
"1389","GOBP_REGULATION_OF_INFLAMMATORY_RESPONSE","4.19015895323301e-12","2.2458468782048e-10","0.887074988399873","0.587335367389743","2.30396633323577","164","c(""Zbp1"", ""Nkg7"", ""Irgm1"", ""Ctss"", ""Igtp"", ""Ctla2a"", ""Ifi35"", ""Lgals1"", ""Nfkb1"", ""Alox5ap"", ""Il2ra"", ""Rps19"", ""Ccr7"", ""Snca"", ""Fcer1g"", ""Apoe"", ""Cst7"", ""Ripk1"", ""Gpx1"", ""Grn"", ""Rora"", ""Nfkbiz"", ""Stk39"", ""Irgm2"", ""Ninj1"", ""Anxa1"", ""Pglyrp1"", ""Cd44"", ""Cd200r1"", ""Pparg"", ""Ccl5"", ""Casp1"", ""Lbp"", ""Smad3"", ""Cebpb"", ""Aim2"", ""Lyn"", ""Ahr"", ""Adora2a"", ""Tnfsf11"", ""Tnfrsf1b"", ""Il10ra"", ""Clcf1"", ""Il17rb"", ""Ctsc"", ""Ccr2"", ""Fcgr3"", ""Syt11"", ""Ndfip1"", ""Lta"", ""Lgals9"", ""Gata3"", ""Il18"", ""Ddt"", ""Ccl3"", ""Foxp1"", ""Bst1"", 
""Dusp10"", ""Ier3"", ""Il1r1"", ""Fcgr2b"", ""Hgf"", ""Plcg2"", ""Tnf"", ""Casp4"", ""Metrnl"", ""Ggt1"", ""Csf1r"", ""Pde2a"", ""Nr1h3"", ""Socs3"", ""Ffar2"", ""Ncf1"", ""Foxp3"", ""Fabp4"", ""Trem2"", ""Sirpa"", ""Mvk"", ""Fcgr1"", ""Uaca"", ""Lpl"", ""Igf1"", ""Lacc1"", ""C3"")"
"1390","TABULA_MURIS_SENIS_LIVER_ENDOTHELIAL_CELL_OF_HEPATIC_SINUSOID_AGEING","3.87300844557128e-13","2.55306936038521e-11","0.932595211336209","0.581797998140774","2.30490822394065","187","c(""Isg15"", ""Rps5"", ""Rpsa"", ""Rpl17"", ""Irf7"", ""Rpl13"", ""Rpl18a"", ""Zbp1"", ""Rps3"", ""Rpl10"", ""Rpl21"", ""Rps4x"", ""Rpl19"", ""Rps10"", ""Rpl9"", ""Rps7"", ""Rps18"", ""Tmsb4x"", ""AW112010"", ""Rpl3"", ""Rpl32"", ""Rps3a1"", ""Stat1"", ""Mndal"", ""Rsad2"", ""Rps14"", ""Eef1a1"", ""B2m"", ""Ifit3"", ""Rps20"", ""Slfn5"", ""Sp100"", ""Eef1b2"", ""Rpl23"", ""Rpl27a"", ""Prr13"", ""Iigp1"", ""Samhd1"", ""Ly6a"", ""Gbp7"", ""Rpl4"", ""Rplp1"", ""Irf1"", ""Psmb9"", ""Cd82"", ""Rps12"", ""Smpdl3a"", ""Lgals1"", ""Rps27a"", ""Rpl14"", ""Rps6"", ""Zfp36l2"", ""Capg"", ""Clec2d"", ""Cd74"", ""Crip1"", 
""Bcl2a1b"", ""Rps19"", ""Dtx3l"", ""Junb"", ""Rpl5"", ""Sh3bp5"", ""Aldh2"", ""Ms4a6c"", ""Rpl22l1"", ""Zfp36l1"", ""Tmem176b"", ""Rpl28"", ""Tmem176a"", ""Rps8"", ""Slpi"", ""Zeb2"", ""Ccl5"", ""Axl"")"
"1391","TABULA_MURIS_SENIS_LUNG_CD4_POSITIVE_ALPHA_BETA_T_CELL_AGEING","2.74021006500044e-09","8.7306137348764e-08","0.774939030136436","0.638434971729521","2.30537629440255","86","c(""Ms4a4b"", ""Bst2"", ""Ifi203"", ""Ms4a6b"", ""Vim"", ""AW112010"", ""Nkg7"", ""Ifi47"", ""B2m"", ""Gng2"", ""Prr13"", ""S100a6"", ""Srgn"", ""Ly6a"", ""Epsti1"", ""Gbp7"", ""Runx3"", ""Ctla2a"", ""Emp3"", ""Ifi35"", ""S100a4"", ""Cd82"", ""Smpdl3a"", ""Lgals1"", ""Apobec3"", ""Cd48"", ""Capg"", ""Cd74"", ""Smco4"", ""Crip1"", ""Bcl2a1b"", ""Junb"", ""Ier2"", ""Cst7"", ""Gm8369"", ""Tnfrsf18"", ""Ncf4"", ""Rgs1"", ""Serpina3g"", ""S100a11"", ""Lgals3"", ""Ahnak"", ""Pglyrp1"", ""Itga4"", ""Ccl5"", ""Tnfrsf4"", ""Glipr2"", ""Gimap7"", ""Anxa2"", ""Gna15"", ""Gpr183"", ""Ly6e"", ""Il2rb"", ""Bhlhe40"", 
""Tnfsf8"", ""Ndfip1"")"
"1392","LEE_BMP2_TARGETS_UP","1.82510135063287e-16","2.35764617225228e-14","1.04762648849882","0.557966237246136","2.30627546515421","262","c(""Usp18"", ""Anxa6"", ""Gng2"", ""Igtp"", ""Maf"", ""Mme"", ""Gbp7"", ""Oasl2"", ""Ifih1"", ""P2rx7"", ""Pdgfa"", ""Cd82"", ""Itgb3"", ""Smpdl3a"", ""Gbp2"", ""Apobec3"", ""Hvcn1"", ""Crip1"", ""Dtx3l"", ""Sema4a"", ""Apoe"", ""Gpr146"", ""Frmd4b"", ""Bcl2"", ""Ctsb"", ""Gbp3"", ""Timp2"", ""Zfp36l1"", ""Foxo1"", ""Inpp4b"", ""Atp8a1"", ""Grn"", ""Unc93b1"", ""Tmem176b"", ""Vsir"", ""Serpinb1a"", ""Tmem176a"", ""Sesn3"", ""Irgm2"", ""Dap"", ""Casp1"", ""Tbc1d4"", ""Blvrb"", ""Msrb1"", ""Dpp4"", ""Rgs3"", ""Ddit4"", ""Pik3ip1"", ""Rbpms"", ""Mapkapk3"", ""Zfp467"", ""Traf5"", ""Sat1"", ""Naaa"", ""Tcn2"", 
""Ramp3"", ""Lmo2"", ""P2ry14"", ""Qpct"", ""Nenf"", ""Hdc"", ""Vwa5a"", ""Gda"", ""Fcgrt"", ""Chdh"", ""Lrrk1"", ""Plscr1"", ""Pltp"", ""Plet1"", ""Il18"", ""P2rx4"", ""Slc40a1"", ""Foxp1"", ""Cdh1"", ""Ckb"", ""Ier3"", ""Creg1"", ""Wfs1"", ""Vav3"", ""Ar"", ""Pdzk1ip1"", ""Sash1"", ""Fam20a"", ""Ctsh"", ""Chchd10"", ""Wfdc17"", ""Smad1"", ""Trps1"", ""Gsto1"", ""Lrp1"", ""Plin3"", ""Kctd14"", ""Thra"", ""Krt8"", ""Entpd1"", ""Creb5"", ""Asb2"", ""Mmp11"", ""Samd14"", ""Naga"", ""Dgka"", ""Lpl"", ""Abca1"", ""Jun"", ""Msrb3"", ""Synpo2"", ""Lyz2"", ""Spock2"", ""Alox15"", ""Epcam"", ""Rnase4"", ""Lcn2"", ""Thbd"", 
""Arl4c"", ""Enpp2"", ""Prom1"", ""Hpgd"", ""Plat"", ""Fgl2"", ""Plxnb2"", ""Rab7b"", ""Ntn4"", ""Ttc28"", ""Wipi1"", ""Ahnak2"", ""Hacd4"", ""Slc7a7"")"
"1393","TABULA_MURIS_SENIS_LIMB_MUSCLE_SMOOTH_MUSCLE_CELL_AGEING","1.28424313632651e-07","2.89965920741438e-06","0.690132458796796","0.710916686300518","2.30962257679383","46","c(""Isg15"", ""Rtp4"", ""Ifit1"", ""Ifi203"", ""Mndal"", ""Ifi47"", ""B2m"", ""Irgm1"", ""Ifit3"", ""Iigp1"", ""S100a6"", ""Gbp7"", ""Irf1"", ""Capg"", ""Aldh2"", ""Rsu1"", ""Inpp4b"", ""Gbp5"", ""Lgals3"", ""Filip1l"", ""Zeb2"")"
"1394","GOBP_RESPONSE_TO_TYPE_I_INTERFERON","4.18179087375464e-07","8.38551421712687e-06","0.674962860011025","0.813451641603688","2.31420404797921","24","c(""Isg15"", ""Irf7"", ""Zbp1"", ""Stat1"", ""Sp100"", ""Oas3"", ""Samhd1"", ""Ifih1"", ""Ifitm3"", ""Oas1a"", ""Ifitm2"", ""Nlrc5"", ""Hdac4"", ""Stat2"", ""Oas2"", ""Ifnar2"")"
"1395","GOBP_RESPONSE_TO_TYPE_II_INTERFERON","2.74463079828613e-08","7.2536671097562e-07","0.73376198835648","0.669497981192006","2.31841417054384","67","c(""Bst2"", ""Vim"", ""Stat1"", ""Parp9"", ""Irgm1"", ""Sp100"", ""Parp14"", ""Igtp"", ""Gbp7"", ""Gbp9"", ""Ifitm3"", ""Irf1"", ""Gbp2"", ""Capg"", ""Cd74"", ""Irf8"", ""Snca"", ""Gbp3"", ""Ifitm2"", ""Gbp5"", ""Irgm2"", ""Nlrc5"", ""Pparg"", ""Ccl5"", ""Casp1"", ""Tgtp1"", ""Stx11"", ""Ccl4"", ""Gch1"", ""Ifitm6"", ""Ccl3"", ""Zyx"", ""Tnf"", ""Ifngr1"", ""Mrc1"", ""Ccl8"", ""Ccl6"", ""Sirpa"")"
"1396","WUNDER_INFLAMMATORY_RESPONSE_AND_CHOLESTEROL_UP","1.17935269082409e-07","2.70543507275047e-06","0.704975715167238","0.758215673130486","2.32240908062459","34","c(""Bst2"", ""Plac8"", ""Stat1"", ""B2m"", ""Ctss"", ""Psmb9"", ""Gbp2"", ""Cmpk2"", ""Sp110"", ""Cd74"", ""Psme2b"", ""Nfkbiz"", ""Ccl5"", ""Casp1"", ""Tgtp1"", ""Gm4951"", ""Lyn"", ""Ly75"", ""Gatm"", ""Aif1"", ""Ctsc"", ""Slc40a1"", ""Mpeg1"", ""Dmbt1"", ""Ifi44"")"
"1397","TABULA_MURIS_SENIS_SPLEEN_B_CELL_AGEING","7.08654954806946e-08","1.72209159568552e-06","0.704975715167238","0.692987572372802","2.32347359075853","53","c(""Gimap4"", ""Rps10"", ""AW112010"", ""Itgb7"", ""B2m"", ""Gimap3"", ""Prr13"", ""Fxyd5"", ""Srgn"", ""Ly6a"", ""Emp3"", ""Psmb9"", ""Lgals1"", ""Capg"", ""Irf8"", ""Crip1"", ""Bcl2a1b"", ""Apoe"", ""Evi2a"", ""Unc119"", ""Ifi30"", ""Cst3"", ""Ahnak"", ""Mzb1"", ""Sp140"", ""Cd44"", ""Ccl5"", ""Gimap7"", ""Pld4"", ""Sat1"", ""Fos"", ""Cd72"", ""Lat2"", ""Gns"", ""Fcgr2b"", ""Cybb"", ""Cyp4f18"", ""Ctsh"")"
"1398","TABULA_MURIS_SENIS_MARROW_GRANULOCYTE_AGEING","5.01623710746298e-08","1.23468325370387e-06","0.719512826338911","0.75214437497525","2.32419501246849","38","c(""Klf2"", ""Rps3"", ""Rpl10"", ""Rps18"", ""Tmsb4x"", ""B2m"", ""Prr13"", ""S100a6"", ""Fxyd5"", ""Emp3"", ""Cotl1"", ""Alox5ap"", ""Cd9"", ""Cd52"", ""Fcer1g"", ""Camp"", ""S100a11"", ""Ifitm2"", ""Lgals3"", ""Pglyrp1"", ""Tyrobp"", ""Cd63"", ""Slpi"")"
"1399","GOBP_TRANSLATION_AT_SYNAPSE","7.77080852491284e-08","1.8725036508561e-06","0.704975715167238","0.762367414937509","2.33512583551998","34","c(""Rps5"", ""Rpl17"", ""Rpl13"", ""Rpl10"", ""Rps10"", ""Rpl9"", ""Rpl10a"", ""Rpl32"", ""Rpl8"", ""Rps14"", ""Rps16"", ""Rpl23"", ""Rpl27a"", ""Rpl29"", ""Rpl4"", ""Rps12"", ""Rpl26"", ""Rps27a"", ""Rpl14"", ""Rpl7a"", ""Rpl5"")"
"1400","ZHANG_UTERUS_C8_NK_CELL","8.21609506521291e-10","2.96951154113623e-08","0.801215574617779","0.641449066106862","2.33959273043929","90","c(""Ms4a4b"", ""Rpsa"", ""Trbc1"", ""Rpl13"", ""Rpl18a"", ""Rps3"", ""Gimap4"", ""Rps18"", ""Tmsb4x"", ""AW112010"", ""Rpl3"", ""Rpl32"", ""Nkg7"", ""Eef1a1"", ""B2m"", ""Rps16"", ""Sp100"", ""Rpl27a"", ""Fxyd5"", ""Srgn"", ""Rpl4"", ""Cd7"", ""Cotl1"", ""Psme2"", ""Rps6"", ""Zfp36l2"", ""Ostf1"", ""Irf8"", ""Ctsw"", ""Crip1"", ""Cd52"", ""Fcer1g"", ""Lcp1"", ""Rgs1"", ""Serpinb6b"", ""Tyrobp"", ""Ccl5"", ""Anxa2"", ""Ccl4"", ""Dusp5"", ""Ly6e"", ""Serpinb9"", ""Il2rb"", ""Bhlhe40"", ""Ccr2"", ""Fosl2"", ""Fasl"")"
"1401","HALLMARK_TNFA_SIGNALING_VIA_NFKB","2.44933098978837e-11","1.16090191954019e-09","0.863415391606693","0.621954925557969","2.35394861451853","124","c(""Klf2"", ""Ifih1"", ""Irf1"", ""Nfkb1"", ""Il7r"", ""Junb"", ""Ier2"", ""Relb"", ""Gem"", ""Pmepa1"", ""Rel"", ""Ehd1"", ""Cdkn1a"", ""Traf1"", ""Bcl2a1d"", ""Ninj1"", ""Cd44"", ""Cd69"", ""Ifit2"", ""Nr4a1"", ""Ccl5"", ""Dusp2"", ""Nfkb2"", ""Smad3"", ""Gadd45b"", ""Slc2a3"", ""Plaur"", ""Sat1"", ""Cebpb"", ""G0s2"", ""Ier5"", ""Nampt"", ""Ccrl2"", ""Fos"", ""Gpr183"", ""Dusp5"", ""Myc"", ""Icam1"", ""Bcl3"", ""Clcf1"", ""Il15ra"", ""Phlda1"", ""Cd83"", ""Bhlhe40"", ""Nr4a3"", ""Gch1"", ""Trib1"", ""Fosl2"", ""Birc3"", ""Nfat5"", ""Il18"", ""Cxcl10"", ""Atf3"", ""Ier3"", ""Klf6"", ""Rnf19b"", ""Litaf"", 
""Id2"", ""Sgk1"", ""Tnf"", ""Egr2"", ""Nr4a2"", ""Ppp1r15a"", ""Socs3"", ""Fosb"", ""Zc3h12a"", ""Map3k8"", ""Abca1"", ""Jun"", ""Plk2"", ""Mxd1"", ""B4galt5"", ""Rhob"", ""Spsb1"", ""Egr3"", ""Pfkfb3"")"
"1402","REACTOME_EUKARYOTIC_TRANSLATION_INITIATION","1.46818545112456e-09","4.83910549551688e-08","0.788186810800237","0.659269723335464","2.35654812845808","83","c(""Rps5"", ""Rpsa"", ""Rpl17"", ""Rpl13"", ""Rpl18a"", ""Rps3"", ""Rpl18"", ""Rpl10"", ""Rpl21"", ""Rps4x"", ""Rpl19"", ""Rplp0"", ""Rps10"", ""Rpl9"", ""Rps7"", ""Rps18"", ""Rpl3"", ""Rpl32"", ""Rps3a1"", ""Rpl8"", ""Rps14"", ""Rpl11"", ""Rps20"", ""Rps16"", ""Rpl23"", ""Rpl27a"", ""Rpl29"", ""Rpl4"", ""Rplp1"", ""Rps12"", ""Rpl26"", ""Rpl14"", ""Rps2"", ""Rps6"", ""Rps19"", ""Rpl5"", ""Rpl22l1"", ""Rpl28"", ""Rps8"")"
"1403","TABULA_MURIS_SENIS_HEART_AND_AORTA_CARDIOMYOCYTE_AGEING","4.19460809367783e-09","1.30032850904013e-07","0.761460801445585","0.700545150894585","2.3655753471829","61","c(""Rps5"", ""Rpl17"", ""Rpl18a"", ""Rps3"", ""Rpl10"", ""Rpl21"", ""Rps4x"", ""Rpl19"", ""Rplp0"", ""Rpl3"", ""Rpl32"", ""Rps3a1"", ""Rpl8"", ""Eef1a1"", ""Rps20"", ""Rpl23"", ""Rpl27a"", ""S100a6"", ""Rpl4"", ""Rps12"", ""Rps2"", ""Fth1"", ""Rps6"", ""Rpl7a"", ""Junb"")"
"1404","TABULA_MURIS_SENIS_LIMB_MUSCLE_ENDOTHELIAL_CELL_AGEING","3.14069575709575e-10","1.20885168905665e-08","0.814035837847908","0.668071675594099","2.36652656440994","79","c(""Isg15"", ""Klf2"", ""Ifit1"", ""Bst2"", ""Ifi203"", ""AW112010"", ""Mndal"", ""Rsad2"", ""Ifi47"", ""B2m"", ""Irgm1"", ""Ifit3"", ""Ccnd2"", ""Slfn5"", ""Parp14"", ""Prr13"", ""Iigp1"", ""Igtp"", ""S100a6"", ""Ly6a"", ""Gbp7"", ""Irf1"", ""Psmb9"", ""Psme2"", ""Gbp2"", ""Cd274"", ""Capg"", ""Cd74"", ""Irf8"", ""Crip1"", ""Aldh2"", ""Gbp3"", ""Tgtp2"", ""Gbp5"", ""Cdkn1a"", ""Lgals3"")"
"1405","BILANGES_SERUM_RESPONSE_TRANSLATION","3.70116977573444e-08","9.4338705172609e-07","0.719512826338911","0.846336489629344","2.37058211655049","23","c(""Rps5"", ""Rpl18a"", ""Rps3"", ""Rpl10"", ""Rpl21"", ""Rps4x"", ""Rps7"", ""Eef1a1"", ""Eef1b2"", ""Rpl29"", ""Rpl4"", ""Rpl14"", ""Rps6"", ""Rps19"", ""Eef1g"", ""Rps8"", ""Arid5b"")"
"1406","GOBP_DEFENSE_RESPONSE_TO_SYMBIONT","7.70828802958922e-13","4.75344428491335e-11","0.921426003494898","0.626724098275305","2.3790215509669","133","c(""Isg15"", ""Rtp4"", ""Ifit1"", ""Bst2"", ""Irf7"", ""Zbp1"", ""Trim30a"", ""Isg20"", ""Stat1"", ""Rsad2"", ""Parp9"", ""Irgm1"", ""Ifit3"", ""Slfn8"", ""Oas3"", ""Igtp"", ""Samhd1"", ""Gbp7"", ""Oasl2"", ""Ddx60"", ""Eif2ak2"", ""Ifih1"", ""Ifitm3"", ""Irf1"", ""Oasl1"", ""Trim30d"", ""Apobec3"", ""Trim25"", ""Dhx58"", ""Ifit3b"", ""Dtx3l"", ""Oas1a"", ""Trim34a"", ""Pml"", ""Tagap"", ""Ifit1bl1"", ""Bcl2"", ""Gbp3"", ""Ifitm2"", ""Gbp5"", ""Unc93b1"", ""Rnf125"", ""Irgm2"", ""Ifit2"", ""Ccl5"", ""Casp1"", ""Trim5"", ""Cd86"", ""Stat2"", ""Ddit4"", ""Oas2"", ""Ifnar2"", ""Aim2"")"
"1407","BOYLAN_MULTIPLE_MYELOMA_C_D_DN","3.03269641768523e-14","2.41562693825344e-12","0.965327754226083","0.608900616773908","2.38084221668194","167","c(""Ms4a4b"", ""Rtp4"", ""Trbc1"", ""Zbp1"", ""Gimap4"", ""Trdc"", ""Isg20"", ""Gzma"", ""Slfn1"", ""Nkg7"", ""Ltb"", ""Ccnd2"", ""Maf"", ""Ly6a"", ""Ctla2a"", ""Cd7"", ""Ifitm3"", ""AA467197"", ""Trim30d"", ""Cd9"", ""Ctsw"", ""Sema4a"", ""Trim34a"", ""Il18r1"", ""Camp"", ""Serpina3g"", ""Inpp4b"", ""Rora"", ""Tmem176b"", ""Lax1"", ""Icos"", ""Tmem176a"", ""Pglyrp1"", ""Osbpl3"", ""Stat4"", ""Ifi204"", ""Slpi"", ""Il18rap"", ""Ccl5"", ""Ly6c1"", ""Myo1f"", ""Tgtp1"", ""Iqgap2"", ""Fyb"", ""Zfp467"", ""Ttc39b"", ""Anxa2"", ""Runx2"", ""Fos"", ""Gpr183"", ""Gatm"", ""Pygl"", ""P2ry14"", ""Hdc"", ""Il2rb"", 
""Gda"", ""Ccr2"", ""Aqp3"", ""Fosl2"", ""Ifitm6"", ""Plscr1"", ""Gramd1b"", ""Rras2"", ""Vav3"", ""Dnajb14"", ""Itgal"", ""Cfp"", ""Cxcr6"", ""Id2"", ""Khk"", ""Wfdc17"", ""Smad1"", ""Fscn1"", ""Clec4e"", ""Casp4"", ""Plin3"", ""Mdfic"", ""St8sia6"", ""Cd3d"", ""Entpd1"", ""Vcam1"", ""Mmp9"", ""Tiam1"", ""Xdh"", ""Ltb4r1"", ""Rgs18"", ""C3"", ""Mcemp1"", ""Lyz2"", ""Slfn4"", ""Klrd1"", ""Epcam"", ""Lcn2"", ""Arl4c"", ""Rhob"", ""Fads3"")"
"1408","MA_RAT_AGING_UP","1.32049985305629e-09","4.37749517761725e-08","0.788186810800237","0.688132967392793","2.3832592776787","68","c(""Rpl17"", ""Ifi27l2a"", ""Plac8"", ""Rplp0"", ""Rps3a1"", ""Rpl8"", ""Eef1a1"", ""B2m"", ""Ifit3"", ""Rps20"", ""Srgn"", ""Rplp1"", ""S100a4"", ""Oasl1"", ""AA467197"", ""Rps12"", ""Fth1"", ""Rps6"", ""Capg"", ""Fcer1g"", ""Oas1a"", ""Rpl5"", ""Lgals3"", ""Serpinb1a"", ""Tmem176a"", ""Anxa1"", ""Pglyrp1"", ""Tyrobp"", ""Slpi"", ""Trf"", ""Napsa"", ""G0s2"", ""Mgst1"", ""Gda"", ""Runx1"", ""Ccl3"", ""Ier3"", ""Chil1"")"
"1409","MORI_PRE_BI_LYMPHOCYTE_DN","1.10970918539922e-07","2.58706592612379e-06","0.704975715167238","0.791979463720119","2.38419414133614","32","c(""Klf2"", ""Cytip"", ""Dtx1"", ""Samhd1"", ""S1pr1"", ""Blk"", ""Nfkb1"", ""Pde7a"", ""Cd74"", ""Nfkbiz"", ""Tmem71"", ""Traf5"", ""Sat1"", ""Lyn"", ""Tmem50b"", ""Cd72"", ""Il10ra"", ""Cd79b"", ""Birc3"", ""Gns"", ""Fcgr2b"", ""Ablim1"")"
"1410","GOCC_CYTOSOLIC_SMALL_RIBOSOMAL_SUBUNIT","3.18796453279973e-08","8.31044390709384e-07","0.719512826338911","0.802564379435413","2.39264372420214","29","c(""Rps5"", ""Rpsa"", ""Rps3"", ""Rps4x"", ""Rps10"", ""Rps7"", ""Rps18"", ""Rps3a1"", ""Rps14"", ""Rps20"", ""Rps16"", ""Rps12"", ""Rps27a"", ""Rps2"", ""Rps6"", ""Rps19"")"
"1411","TABULA_MURIS_SENIS_MARROW_PRECURSOR_B_CELL_AGEING","2.78671436947942e-10","1.08719774890915e-08","0.814035837847908","0.679140649209053","2.39397376120211","76","c(""Rps5"", ""Rpsa"", ""Rpl17"", ""Rpl13"", ""Rps3"", ""Rpl18"", ""Rps4x"", ""Rplp0"", ""Rps10"", ""Vim"", ""Rpl10a"", ""Rps7"", ""Rps18"", ""Tmsb4x"", ""AW112010"", ""Rpl3"", ""Rpl32"", ""Rps3a1"", ""Rpl8"", ""Itgb7"", ""Rpl11"", ""Rps20"", ""Eef1b2"", ""Prr13"", ""S100a6"", ""Fxyd5"", ""Rpl4"", ""Rpl14"", ""Fth1"", ""Capg"", ""Rpl7a"", ""Cd74"", ""Ostf1"", ""Irf8"", ""Crip1"", ""Rps19"", ""S1pr4"", ""Camp"", ""Ifitm2"")"
"1412","CASTELLANO_NRAS_TARGETS_UP","7.58775141947707e-09","2.25470230003632e-07","0.747739663149885","0.767725066207335","2.39541597975763","39","c(""Isg15"", ""Ifit1"", ""Ifi27l2a"", ""Ifi203"", ""Usp18"", ""Stat1"", ""B2m"", ""Irgm1"", ""Iigp1"", ""Ifih1"", ""Ifi35"", ""Gbp2"", ""Ifi204"", ""Anxa4"", ""Lbp"", ""Tgtp1"", ""Pqlc3"")"
"1413","TABULA_MURIS_SENIS_HEART_AND_AORTA_LEUKOCYTE_AGEING","1.02076503359568e-10","4.21157371774907e-09","0.839088935621274","0.668147634553489","2.39790395624914","84","c(""Rpl10"", ""Rps4x"", ""Rpl19"", ""Rps10"", ""Rpl9"", ""Rps7"", ""Rps18"", ""Rps3a1"", ""Rps14"", ""Eef1a1"", ""Rps20"", ""Eef1b2"", ""Rpl23"", ""S100a6"", ""Srgn"", ""Ly6a"", ""S100a4"", ""Rps12"", ""Smpdl3a"", ""Rps27a"", ""Rpl14"", ""Rps19"", ""Junb"", ""Rpl5"", ""Rpl22l1"", ""Ms4a6d"", ""Ifitm2"", ""Ecm1"", ""Lgals3"", ""Nfkbiz"", ""Rps8"", ""Ninj1"", ""Anxa1"", ""Nr4a1"", ""Dusp2"", ""Ly6c1"", ""Msrb1"", ""Napsa"", ""Ier5"", ""Fos"", ""Icam1"", ""Mgst1"", ""Gda"", ""Trib1"", ""Fosl2"", ""Ifitm6"")"
"1414","TABULA_MURIS_SENIS_LIMB_MUSCLE_MESENCHYMAL_STEM_CELL_AGEING","2.41703211959336e-11","1.15513993382233e-09","0.863415391606693","0.653875252061509","2.39991064493136","99","c(""Isg15"", ""Klf2"", ""Rtp4"", ""Ifit1"", ""Ifi203"", ""AW112010"", ""B2m"", ""Irgm1"", ""Prr13"", ""Iigp1"", ""S100a6"", ""Ly6a"", ""Hspa5"", ""Ifitm3"", ""S100a4"", ""Irf1"", ""Fth1"", ""Capg"", ""Cd74"", ""Cd9"", ""Junb"", ""Apoe"", ""Aldh2"", ""Gem"", ""Zfp36l1"", ""Ecm1"", ""Cdkn1a"", ""Lgals3"", ""Cst3"", ""Tmem176b"", ""Nfkbiz"", ""Anxa1"", ""Ifi204"", ""Nr4a1"", ""Trf"", ""Ly6c1"", ""Gadd45b"", ""Rrad"", ""Cebpb"", ""Gadd45g"", ""Fos"", ""Myc"", ""Icam1"", ""Mgst1"", ""Bcl3"", ""Fosl2"", ""Plscr1"", ""Pltp"")"
"1415","GOBP_CYTOKINE_MEDIATED_SIGNALING_PATHWAY","6.46276416552562e-15","6.07605778512941e-13","0.996986217533181","0.612245792909352","2.40038693764047","173","c(""Isg15"", ""Irf7"", ""Zbp1"", ""Stat1"", ""Parp9"", ""Irgm1"", ""Parp14"", ""Oas3"", ""Iigp1"", ""Igtp"", ""Samhd1"", ""Oasl2"", ""Il6ra"", ""Ifih1"", ""Ifitm3"", ""Irf1"", ""Oasl1"", ""Cd74"", ""Il7r"", ""Il2ra"", ""Notch1"", ""Fcer1g"", ""Oas1a"", ""Il18r1"", ""Ifitm2"", ""Ecm1"", ""Ripk1"", ""Traf1"", ""Nfkbiz"", ""Stk39"", ""Irgm2"", ""Nlrc5"", ""Hdac4"", ""Stat4"", ""Il18rap"", ""Pparg"", ""Ccl5"", ""Ikbkb"", ""Axl"", ""Casp1"", ""Stat2"", ""Oas2"", ""Traf5"", ""Ifnar2"", ""Aim2"", ""Ebi3"", ""Ccrl2"", ""Lyn"", ""Ccl4"", ""Csf2ra"", ""Tnfsf11"", ""Il10ra"", ""Il27ra"", ""Il2rb"", ""Il15ra"", ""Ccr2"", 
""Spi1"", ""Ifitm6"", ""Il18"", ""Cxcl10"", ""Ccl3"", ""Klf6"", ""Il1r1"", ""Cxcr6"", ""Oas1g"", ""Irf5"", ""Mmp12"", ""Tnfsf13b"", ""Tnf"", ""Ifngr1"", ""Il15"", ""Casp4"", ""Csf1r"", ""Smad4"", ""Krt8"", ""Txndc17"", ""Ccl8"", ""Ccl6"", ""Trem2"", ""Naip2"")"
"1416","GOCC_RIBOSOME","6.32109810714198e-14","4.83353301926123e-12","0.954541630725724","0.620011181040109","2.40221465956507","152","c(""Rps5"", ""Rpsa"", ""Rpl17"", ""Rpl13"", ""Rpl18a"", ""Rps3"", ""Rpl18"", ""Rpl10"", ""Rpl21"", ""Rps4x"", ""Rpl19"", ""Rplp0"", ""Rps10"", ""Rpl9"", ""Rpl10a"", ""Rps7"", ""Rps18"", ""Rpl3"", ""Rpl32"", ""Rps3a1"", ""Rpl8"", ""Rps14"", ""Eef1a1"", ""Rpl11"", ""Rps20"", ""Rps16"", ""Rpl23"", ""Rpl27a"", ""Rpl29"", ""Rpl4"", ""Rplp1"", ""Rps12"", ""Rpl26"", ""Rps27a"", ""Rpl14"", ""Rps2"", ""Rps6"", ""Btf3"", ""Rpl7a"", ""Rps19"", ""Snca"", ""Oas1a"", ""Rpl5"")"
"1417","BROWN_MYELOID_CELL_DEVELOPMENT_UP","5.02826167156575e-11","2.2182369758792e-09","0.851339057116899","0.65590439501014","2.4048865904925","97","c(""Rpl13"", ""Slfn1"", ""Ccnd2"", ""Sp100"", ""Ctss"", ""S100a6"", ""Capg"", ""Cd52"", ""Gyg"", ""Bcl2a1b"", ""Junb"", ""Glrx"", ""Actn1"", ""Camp"", ""S100a11"", ""Grn"", ""Bcl2a1d"", ""Vsir"", ""Hexb"", ""Cd44"", ""Tyrobp"", ""Anxa4"", ""Glipr2"", ""Msrb1"", ""Plaur"", ""Sat1"", ""Cd68"", ""Csf2ra"", ""Pygl"", ""Clec4n"", ""Pgd"", ""Ccr2"", ""Fcgr3"", ""Gns"", ""Fgr"", ""Apol9b"", ""Capn3"", ""Mpeg1"", ""Id2"", ""Zyx"", ""Cybb"", ""Cpne3"", ""Tnf"", ""Hck"", ""Hebp1"", ""Ccl6"", ""Trem2"", ""Sirpa"", ""Fcgr1"", ""Xdh"", ""Trpm2"", ""C3"", ""Mcemp1"", ""Slfn4"", ""Mxd1"", ""C5ar1"", ""Tifab"", ""Slc15a3"", ""Rnase4"", 
""Lcn2"", ""Cpd"", ""Itgam"", ""Bcl2a1a"", ""Cd33"", ""Siglece"", ""Lilrb4a"", ""Upp1"")"
"1418","TABULA_MURIS_SENIS_TRACHEA_FIBROBLAST_AGEING","2.92898517965159e-10","1.13498175711499e-08","0.814035837847908","0.695499333398433","2.41168383720528","69","c(""Rps5"", ""Rpsa"", ""Rpl17"", ""Rpl13"", ""Rps3"", ""Rps4x"", ""Rplp0"", ""Rps10"", ""Rps7"", ""Rpl3"", ""Rps3a1"", ""Rpl8"", ""Rpl11"", ""Rps20"", ""Prr13"", ""Naca"", ""Fxyd5"", ""Srgn"", ""Ly6a"", ""Rpl4"", ""Rpl14"", ""Fth1"", ""Rps6"", ""Capg"", ""Cd9"", ""Apoe"", ""Ier2"", ""Ifitm2"", ""Cdkn1a"", ""Lgals3"", ""Cst3"", ""Tmem176b"", ""Tmem176a"", ""Ninj1"", ""Cd63"")"
"1419","GOCC_CYTOSOLIC_LARGE_RIBOSOMAL_SUBUNIT","5.03044445272049e-09","1.55105370625548e-07","0.761460801445585","0.749171373996104","2.42155827058542","45","c(""Rpl17"", ""Rpl13"", ""Rpl18a"", ""Rpl18"", ""Rpl10"", ""Rpl21"", ""Rpl19"", ""Rplp0"", ""Rpl9"", ""Rpl10a"", ""Rpl3"", ""Rpl32"", ""Rpl8"", ""Rpl11"", ""Rpl23"", ""Rpl27a"", ""Rpl29"", ""Rpl4"", ""Rplp1"", ""Rps12"", ""Rpl26"", ""Rpl14"", ""Rpl7a"", ""Rpl5"")"
"1420","GOBP_RESPONSE_TO_VIRUS","1.8788023453261e-14","1.58454874271253e-12","0.97599468306432","0.620750336987546","2.42161975656211","157","c(""Isg15"", ""Rtp4"", ""Ifit1"", ""Ifi27l2a"", ""Bst2"", ""Irf7"", ""Zbp1"", ""Trim30a"", ""Isg20"", ""Stat1"", ""Rsad2"", ""Parp9"", ""Irgm1"", ""Ifit3"", ""Slfn8"", ""Oas3"", ""Igtp"", ""Samhd1"", ""Gbp7"", ""Oasl2"", ""Ddx60"", ""Eif2ak2"", ""Ifih1"", ""Ifitm3"", ""Irf1"", ""Oasl1"", ""Nfkb1"", ""Trim30d"", ""Apobec3"", ""Trim25"", ""Dhx58"", ""Ifit3b"", ""Dtx3l"", ""Oas1a"", ""Trim34a"", ""Mx1"", ""Pml"", ""Tagap"", ""Ifit1bl1"", ""Bcl2"", ""Gbp3"", ""Ifitm2"", ""Gbp5"", ""Unc93b1"", ""Rnf125"", ""Irgm2"", ""Ifit2"", ""Pou2f2"", ""Ccl5"", ""Casp1"", ""Trim5"", ""Cd86"", ""Smad3"", ""Tgtp1"", ""Stat2"", 
""Ddit4"", ""Oas2"", ""Ifnar2"", ""Aim2"")"
"1421","TABULA_MURIS_SENIS_KIDNEY_FIBROBLAST_AGEING","9.74862673349587e-09","2.76774130280192e-07","0.747739663149885","0.8128677031784","2.42336049101084","29","c(""Rps5"", ""Rpl13"", ""Rpl18a"", ""Rps3"", ""Rpl21"", ""Rps4x"", ""Rps10"", ""Rps18"", ""AW112010"", ""Rpl32"", ""Rpl8"", ""Rps16"", ""Eef1b2"", ""Rpl23"", ""Ly6a"", ""Rps27a"", ""Rps19"")"
"1422","GOBP_CYTOPLASMIC_TRANSLATION","4.90931354600183e-11","2.19960259268129e-09","0.851339057116899","0.668332249611726","2.42659860207866","89","c(""Rps5"", ""Rpsa"", ""Rpl17"", ""Rpl13"", ""Rpl18a"", ""Rps3"", ""Rpl18"", ""Rpl21"", ""Rps4x"", ""Rpl19"", ""Rplp0"", ""Rps10"", ""Rpl9"", ""Rpl10a"", ""Rps7"", ""Rps18"", ""Rpl3"", ""Rpl32"", ""Rps3a1"", ""Rpl8"", ""Rps14"", ""Rpl11"", ""Rps20"", ""Rps16"", ""Rpl23"", ""Rpl27a"", ""Rpl29"", ""Rpl4"", ""Rplp1"", ""Rps12"", ""Rpl26"", ""Rps27a"", ""Rpl14"", ""Rps2"", ""Rps6"", ""Rpl7a"", ""Rps19"", ""Rpl5"", ""Rpl22l1"", ""Rpl28"", ""Rps8"")"
"1423","ZHANG_UTERUS_C12_MONOCYTE","9.69554506728536e-12","5.00936495143077e-10","0.875325132024659","0.65368093765133","2.43027384790742","110","c(""Ifi27l2a"", ""Irf7"", ""Plac8"", ""Ms4a6b"", ""Tmsb4x"", ""Cytip"", ""B2m"", ""Ctss"", ""Samhd1"", ""Fxyd5"", ""Srgn"", ""Emp3"", ""Ifitm3"", ""S100a4"", ""Cotl1"", ""Fth1"", ""Alox5ap"", ""Cd74"", ""Lgmn"", ""Crip1"", ""Cd52"", ""Rilpl2"", ""Fcer1g"", ""Lcp1"", ""Apoe"", ""Ms4a6c"", ""Rgs1"", ""Ctsb"", ""Ms4a6d"", ""Ms4a4c"", ""Grn"", ""Cdkn1a"", ""Lgals3"", ""Cst3"", ""Unc93b1"", ""Rnh1"", ""Ninj1"", ""Cd44"", ""Tyrobp"", ""Ifi204"", ""Cd86"", ""Msrb1"", ""Pld4"", ""Plaur"", ""Sat1"", ""Ccl4"", ""Dusp5"", ""Cd68"", ""Csf2ra"", ""Ly6e"", ""Aif1"", ""Lat2"", ""C1qb"", ""Gda"", ""Ctsc"", ""Cd83"", ""Ccr2"", 
""Spi1"", ""Fcgr3"", ""Sdc3"", ""Mpeg1"", ""Hmox1"", ""Cfp"", ""Litaf"", ""Fcgr2b"", ""Irf5"", ""Cybb"")"
"1424","GOCC_RIBOSOMAL_SUBUNIT","2.29948569642551e-13","1.62809265049386e-11","0.932595211336209","0.638758017796608","2.43192361469781","131","c(""Rps5"", ""Rpsa"", ""Rpl17"", ""Rpl13"", ""Rpl18a"", ""Rps3"", ""Rpl18"", ""Rpl10"", ""Rpl21"", ""Rps4x"", ""Rpl19"", ""Rplp0"", ""Rps10"", ""Rpl9"", ""Rpl10a"", ""Rps7"", ""Rps18"", ""Rpl3"", ""Rpl32"", ""Rps3a1"", ""Rpl8"", ""Rps14"", ""Rpl11"", ""Rps20"", ""Rps16"", ""Rpl23"", ""Rpl27a"", ""Rpl29"", ""Rpl4"", ""Rplp1"", ""Rps12"", ""Rpl26"", ""Rps27a"", ""Rpl14"", ""Rps2"", ""Rps6"", ""Rpl7a"", ""Rps19"", ""Rpl5"")"
"1425","TABULA_MURIS_SENIS_THYMUS_PROFESSIONAL_ANTIGEN_PRESENTING_CELL_AGEING","1.90790146561508e-10","7.65161881489683e-09","0.826657301178302","0.765752716568086","2.45030940466025","44","c(""Rpsa"", ""Rpl17"", ""Rpl13"", ""Rpl18a"", ""Rps3"", ""Rpl21"", ""Rps4x"", ""Rps10"", ""Rpl9"", ""Rps7"", ""Rps3a1"", ""Rpl8"", ""Ltb"", ""Eef1a1"", ""Rpl11"", ""Rps20"", ""Rps16"", ""Rpl23"", ""Rpl27a"", ""Cd74"", ""Rps19"", ""Rpl5"", ""Mzb1"", ""Rps8"")"
"1426","BOYLAN_MULTIPLE_MYELOMA_PCA1_UP","4.33250092285398e-11","1.98775142340541e-09","0.851339057116899","0.701744150248831","2.4635251736326","75","c(""Ms4a4b"", ""Trbc1"", ""Zbp1"", ""Gimap4"", ""Trdc"", ""Isg20"", ""Slfn1"", ""Nkg7"", ""Ltb"", ""Ifitm3"", ""Cd9"", ""Ctsw"", ""Il18r1"", ""Camp"", ""Serpina3g"", ""Tmem176a"", ""Pglyrp1"", ""Osbpl3"", ""Stat4"", ""Ifi204"", ""Ccl5"", ""Ly6c1"", ""Fyb"", ""Hdc"", ""Il2rb"", ""Ccr2"", ""Ifitm6"", ""Plscr1"", ""Vav3"", ""Itgal"", ""Cxcr6"", ""Fscn1"", ""Plin3"", ""Cd3d"", ""Mmp9"", ""Xdh"", ""Ltb4r1"", ""C3"", ""Lyz2"", ""Slfn4"", ""Epcam"", ""Lcn2"", ""Fads3"")"
"1427","GOMF_STRUCTURAL_CONSTITUENT_OF_RIBOSOME","3.36958451627231e-13","2.32826110853274e-11","0.932595211336209","0.660205850427052","2.46511122454092","114","c(""Rps5"", ""Rpsa"", ""Rpl17"", ""Rpl13"", ""Rpl18a"", ""Rps3"", ""Rpl18"", ""Rpl10"", ""Rpl21"", ""Rps4x"", ""Rpl19"", ""Rplp0"", ""Rps10"", ""Rpl9"", ""Rpl10a"", ""Rps7"", ""Rps18"", ""Rpl3"", ""Rpl32"", ""Rps3a1"", ""Rpl8"", ""Rps14"", ""Rpl11"", ""Rps20"", ""Rps16"", ""Rpl23"", ""Rpl27a"", ""Rpl29"", ""Rpl4"", ""Rplp1"", ""Rps12"", ""Rpl26"", ""Rps27a"", ""Rpl14"", ""Rps2"", ""Rps6"", ""Rpl7a"", ""Rps19"", ""Rpl5"")"
"1428","ZENG_GU_POST_ICB_METAGENE_31","2.72267500618216e-12","1.49444309463109e-10","0.898671232061694","0.675378657004878","2.47628936182194","97","c(""Zbp1"", ""Gimap4"", ""Gzma"", ""Stat1"", ""Slfn1"", ""Nkg7"", ""Itgb7"", ""Ltb"", ""Ifi47"", ""B2m"", ""Irgm1"", ""Ifit3"", ""Gimap3"", ""Iigp1"", ""Igtp"", ""Emp3"", ""Irf1"", ""Oasl1"", ""Psmb9"", ""Kbtbd11"", ""Phf11b"", ""Cd274"", ""Sp110"", ""Ube2l6"", ""Cd74"", ""Irf8"", ""Ctsw"", ""Cst7"", ""Relb"", ""Gbp3"", ""Serpina3g"", ""Tgtp2"", ""Vasp"", ""Gbp5"", ""Sp140"", ""Nlrc5"", ""Ly6c1"", ""Gimap7"", ""Ebi3"", ""Ccrl2"", ""Ccl4"", ""Slc16a10"", ""Il2rb"", ""Clec12a"", ""Tmem106a"", ""Sdc3"", ""Cxcl10"", ""Ccl3"", ""Il18bp"", ""Havcr2"", ""Cxcr6"", ""Irf5"", ""Cybb"")"
"1429","HALLMARK_IL2_STAT5_SIGNALING","8.95647088592729e-15","7.90236315858354e-13","0.986546283587582","0.653460090039125","2.47630504047444","128","c(""Ltb"", ""Ccnd2"", ""Ikzf2"", ""Ifitm3"", ""Smpdl3a"", ""Sell"", ""Batf"", ""Cd48"", ""Capg"", ""Itgae"", ""Irf8"", ""Il2ra"", ""Cst7"", ""Il18r1"", ""Tnfrsf18"", ""Bcl2"", ""Gbp3"", ""Ecm1"", ""Traf1"", ""Ahnak"", ""Rora"", ""Swap70"", ""Icos"", ""Nfkbiz"", ""Rnh1"", ""Syngr2"", ""Cd44"", ""Adam19"", ""Anxa4"", ""Tnfrsf4"", ""Cd86"", ""Glipr2"", ""Gadd45b"", ""Slc2a3"", ""Ttc39b"", ""Irf4"", ""Furin"", ""Ccr4"", ""Tnfsf10"", ""Nrp1"", ""Gpr65"", ""Cish"", ""Ahr"", ""Myc"", ""Tnfsf11"", ""Tnfrsf1b"", ""Il10ra"", ""Cd79b"", ""Ckap4"", ""Il2rb"", ""Phlda1"", ""Ikzf4"", ""Cd83"", ""Bhlhe40"", ""Hopx"", ""Syt11"", 
""Cyfip1"", ""Plscr1"", ""Cxcl10"", ""P2rx4"", ""Capn3"", ""Klf6"", ""Prkch"", ""Ifngr1"", ""Gsto1"", ""Gpr83"", ""St3gal4"")"
"1430","TABULA_MURIS_SENIS_MARROW_HEMATOPOIETIC_PRECURSOR_CELL_AGEING","5.22957730599191e-11","2.28943708777585e-09","0.851339057116899","0.724169191251227","2.47803956247649","63","c(""Ms4a4b"", ""Ms4a6b"", ""Gimap4"", ""Tmsb4x"", ""AW112010"", ""Nkg7"", ""Ltb"", ""B2m"", ""Gimap3"", ""Prr13"", ""S100a6"", ""Ly6a"", ""S100a4"", ""Cd82"", ""Alox5ap"", ""Cd74"", ""Ostf1"", ""Cd9"", ""Cd52"", ""Bcl2a1b"", ""Tnfrsf18"", ""Glrx"", ""Ctsb"", ""Camp"", ""Serpina3g"", ""S100a11"", ""Vasp"", ""Lgals3"", ""Vsir"", ""Anxa1"", ""Pglyrp1"", ""Tyrobp"", ""Slpi"", ""Ccl5"", ""Msrb1"", ""Gimap7"", ""Sat1"", ""Anxa2"")"
"1431","ICHIBA_GRAFT_VERSUS_HOST_DISEASE_35D_UP","8.15693293854089e-13","4.97659685133319e-11","0.921426003494898","0.679533199486261","2.486558569163","95","c(""Trbc1"", ""Plac8"", ""Tmsb4x"", ""Stat1"", ""Cytip"", ""Ifi47"", ""Irgm1"", ""Ctss"", ""S100a6"", ""Samhd1"", ""Cd7"", ""S100a4"", ""Psmb9"", ""Atp1b3"", ""Gbp2"", ""Cd74"", ""Lgmn"", ""Cd52"", ""Ms4a6c"", ""Ncf4"", ""Gbp3"", ""Camp"", ""Serpina3g"", ""S100a11"", ""Grn"", ""Lgals3"", ""Nfkbiz"", ""Snx10"", ""Tyrobp"", ""Slpi"", ""Ccl5"", ""Casp1"", ""Lbp"", ""Tgtp1"", ""Ctla2b"", ""Pld4"", ""Nampt"", ""Ccl4"", ""Cd68"", ""Lcp2"", ""C1qa"", ""Aif1"", ""C1qb"", ""Ctsc"", ""Ear2"", ""Mpeg1"", ""Il18bp"", ""Cfp"", ""Litaf"", ""Cybb"", ""Mmp12"", ""Hck"", ""Csf1r"", ""Mt1"", ""C1qc"", ""Sirpa"", ""Vcam1"", ""Fcgr1""
)"
"1432","TABULA_MURIS_SENIS_MARROW_MEGAKARYOCYTE_ERYTHROID_PROGENITOR_CELL_AGEING","4.53909225263042e-10","1.70141791299578e-08","0.814035837847908","0.830777326970685","2.48918585406011","30","c(""Rpl17"", ""Rpl18a"", ""Rpl10"", ""Rps7"", ""Rps18"", ""Rpl32"", ""Rpl8"", ""Rps14"", ""S100a6"", ""Ifitm3"", ""Fth1"", ""Rps6"", ""Cd52"", ""Rps19"", ""Fcer1g"", ""Camp"", ""Ifitm2"", ""Lgals3"", ""Rps8"", ""Tyrobp"", ""Slpi"")"
"1433","HALLMARK_INFLAMMATORY_RESPONSE","6.80057586380069e-14","5.13175033932855e-12","0.954541630725724","0.678374410016847","2.50106882099171","104","c(""Rtp4"", ""Bst2"", ""Irf7"", ""Eif2ak2"", ""Emp3"", ""P2rx7"", ""Irf1"", ""Cd82"", ""Itgb3"", ""Nfkb1"", ""Sell"", ""Cd48"", ""Il7r"", ""Ccr7"", ""Il18r1"", ""Rgs1"", ""Cdkn1a"", ""Ptgir"", ""Cd69"", ""Il18rap"", ""Ccl5"", ""Axl"", ""Kif1b"", ""Plaur"", ""Nampt"", ""Ebi3"", ""Ccrl2"", ""Gna15"", ""Gpr183"", ""Lyn"", ""Tnfsf10"", ""Ahr"", ""Myc"", ""Icam1"", ""Tnfrsf1b"", ""Lcp2"", ""Il10ra"", ""Ly6e"", ""Il2rb"", ""Il15ra"", ""Gch1"", ""Lta"", ""Il18"", ""Cxcl10"", ""P2rx4"", ""Scn1b"", ""Klf6"", ""Il1r1"", ""Cxcr6"", ""Cybb"")"
"1434","REACTOME_NONSENSE_MEDIATED_DECAY_NMD","7.49138073054073e-12","3.90573349905919e-10","0.875325132024659","0.716778980501805","2.50655057210592","72","c(""Rps5"", ""Rpsa"", ""Rpl17"", ""Rpl13"", ""Rpl18a"", ""Rps3"", ""Rpl18"", ""Rpl10"", ""Rpl21"", ""Rps4x"", ""Rpl19"", ""Rplp0"", ""Rps10"", ""Rpl9"", ""Rps7"", ""Rps18"", ""Rpl3"", ""Rpl32"", ""Rps3a1"", ""Rpl8"", ""Rps14"", ""Rpl11"", ""Rps20"", ""Rps16"", ""Rpl23"", ""Rpl27a"", ""Rpl29"", ""Rpl4"", ""Rplp1"", ""Rps12"", ""Rpl26"", ""Rpl14"", ""Rps2"", ""Rps6"", ""Rps19"", ""Rpl5"", ""Rpl22l1"", ""Rpl28"", ""Rps8"")"
"1435","GOBP_RESPONSE_TO_INTERFERON_BETA","8.45059871590344e-11","3.56354291439016e-09","0.839088935621274","0.811167497428829","2.5065818671617","38","c(""Ifit1"", ""Bst2"", ""Ifi203"", ""Stat1"", ""Mndal"", ""Xaf1"", ""Ifi47"", ""Irgm1"", ""Ifit3"", ""Iigp1"", ""Igtp"", ""Gbp7"", ""Ifitm3"", ""Irf1"", ""Gbp2"", ""Oas1a"", ""Gbp3"", ""Ifitm2"", ""Tgtp2"", ""Irgm2"", ""Ifi204"", ""Tgtp1"", ""Gm4951"", ""Ifnar2"", ""Aim2"", ""Ifitm6"", ""Plscr1"", ""Gm4841"")"
"1436","GOBP_INTERFERON_MEDIATED_SIGNALING_PATHWAY","1.03016140446571e-09","3.58059130582474e-08","0.788186810800237","0.833182078178657","2.50823148889355","32","c(""Isg15"", ""Irf7"", ""Zbp1"", ""Stat1"", ""Parp9"", ""Irgm1"", ""Parp14"", ""Oas3"", ""Igtp"", ""Samhd1"", ""Ifih1"", ""Ifitm3"", ""Irf1"", ""Oas1a"", ""Ifitm2"", ""Irgm2"", ""Nlrc5"", ""Hdac4"", ""Pparg"", ""Stat2"", ""Oas2"", ""Ifnar2"")"
"1437","TABULA_MURIS_SENIS_KIDNEY_FENESTRATED_CELL_AGEING","6.69156074659574e-11","2.89375502763473e-09","0.839088935621274","0.759828233958815","2.54757935856064","53","c(""Ifi27l2a"", ""Rpl13"", ""Plac8"", ""Rpl18"", ""Rpl10"", ""Rpl21"", ""Rpl19"", ""Rps10"", ""Vim"", ""Tmsb4x"", ""Rps3a1"", ""B2m"", ""Rps20"", ""Smad7"", ""Prr13"", ""S100a6"", ""Fxyd5"", ""Ly6a"", ""Rplp1"", ""Rps12"", ""Rpl14"", ""Fth1"", ""Rps6"", ""Cd74"", ""Crip1"", ""Apoe"", ""Aldh2"", ""Zfp36l1"")"
"1438","TABULA_MURIS_SENIS_BRAIN_MYELOID_MICROGLIAL_CELL_AGEING","2.614297839271e-19","5.35464218150686e-17","1.13308993200902","0.659566335325786","2.58591309921475","173","c(""Rps5"", ""Rpsa"", ""Rtp4"", ""Rpl17"", ""Bst2"", ""Rpl13"", ""Rpl18a"", ""Rps3"", ""Rpl18"", ""Rpl10"", ""Rpl21"", ""Rps4x"", ""Rpl19"", ""Rplp0"", ""Rps10"", ""Rpl9"", ""Vim"", ""Rpl10a"", ""Rps7"", ""Rps18"", ""Tmsb4x"", ""Rpl3"", ""Rpl32"", ""Rps3a1"", ""Rpl8"", ""Rps14"", ""Eef1a1"", ""Rpl11"", ""B2m"", ""Rps20"", ""Ifi27"", ""Igfbp4"", ""Rps16"", ""Eef1b2"", ""Ctss"", ""Rpl23"", ""Rpl27a"", ""Prr13"", ""Klk8"", ""Naca"", ""Srgn"", ""Ly6a"", ""Rpl29"", ""Rpl4"", ""Ifitm3"", ""Lgals3bp"", ""Rplp1"", ""Psmb9"", ""Rps27a"", ""Cotl1"", ""Rpl14"", ""Rps2"", ""Fth1"", ""Rps6"", ""Cd48"", ""Capg"", ""Rpl7a"", 
""Cd74"", ""Irf8"", ""Cd9"", ""Orai1"", ""Cd52"", ""Fcer1g"", ""Rpl5"", ""Apoe"", ""Ctsb"", ""Ifi30"", ""Timp2"", ""Gpx1"", ""Cdkn1a"", ""Cst3"", ""Tmed3"", ""Rpl28"", ""Syngr2"", ""Tyrobp"", ""Cd63"")"
"1439","ZHANG_UTERUS_C9_DENDRITIC_CELL","2.73612074867069e-12","1.49444309463109e-10","0.898671232061694","0.777436326848255","2.60571946332727","54","c(""Rpl18a"", ""Tmsb4x"", ""Cytip"", ""B2m"", ""Gm2a"", ""Ctss"", ""Fxyd5"", ""Srgn"", ""Ifitm3"", ""Cotl1"", ""Fth1"", ""Alox5ap"", ""Cd74"", ""Lgmn"", ""Crip1"", ""Cd52"", ""Bcl2a1b"", ""Rilpl2"", ""Fcer1g"", ""Lcp1"", ""Ms4a6c"", ""Rgs1"", ""Ifi30"", ""Ms4a4c"", ""Cdkn1a"", ""Lgals3"", ""Cst3"", ""Bcl2a1d"", ""Unc93b1"", ""Syngr2"", ""Tyrobp"", ""Napsa"", ""Ccl4"", ""Ctsc"", ""Cd83"", ""Bhlhe40"", ""Nr4a3"", ""Spi1"", ""Ccl3"", ""Mpeg1"")"
"1440","TABULA_MURIS_SENIS_LUNG_BRONCHIAL_SMOOTH_MUSCLE_CELL_AGEING","1.53142987682011e-14","1.31085826023333e-12","0.97599468306432","0.734980435732006","2.62717474953152","83","c(""Isg15"", ""Rps5"", ""Klf2"", ""Rpsa"", ""Rpl13"", ""Rpl18a"", ""Plac8"", ""Rps3"", ""Rpl8"", ""Ifi47"", ""B2m"", ""Ifit3"", ""Rps20"", ""Smad7"", ""Ccnd2"", ""Prr13"", ""Igtp"", ""Fxyd5"", ""Srgn"", ""Ly6a"", ""Gbp7"", ""Emp3"", ""Ifitm3"", ""Psmb9"", ""Calr"", ""Psme2"", ""Gbp2"", ""Sp110"", ""Cd74"", ""Cd9"", ""Crip1"", ""Aldh2"", ""Rpl22l1"", ""Zfp36l1"", ""Ifitm2"", ""Cdkn1a"", ""Arid5a"", ""Nr4a1"", ""Ccl5"", ""Ly6c1"", ""Gm4951"", ""Anxa2"", ""Tnfsf10"")"
"1441","REACTOME_NONSENSE_MEDIATED_DECAY_NMD_INDEPENDENT_OF_THE_EXON_JUNCTION_COMPLEX_EJC","1.22194583086995e-13","8.98443505133224e-12","0.943632225232838","0.760629463525001","2.63399468902025","67","c(""Rps5"", ""Rpsa"", ""Rpl17"", ""Rpl13"", ""Rpl18a"", ""Rps3"", ""Rpl18"", ""Rpl10"", ""Rpl21"", ""Rps4x"", ""Rpl19"", ""Rplp0"", ""Rps10"", ""Rpl9"", ""Rps7"", ""Rps18"", ""Rpl3"", ""Rpl32"", ""Rps3a1"", ""Rpl8"", ""Rps14"", ""Rpl11"", ""Rps20"", ""Rps16"", ""Rpl23"", ""Rpl27a"", ""Rpl29"", ""Rpl4"", ""Rplp1"", ""Rps12"", ""Rpl26"", ""Rpl14"", ""Rps2"", ""Rps6"", ""Rps19"", ""Rpl5"", ""Rpl22l1"", ""Rpl28"", ""Rps8"")"
"1442","MARKEY_RB1_ACUTE_LOF_DN","5.42186829325853e-19","1.03648048872792e-16","1.12391496374483","0.699512050316547","2.65691634007021","132","c(""Isg15"", ""Ifit1"", ""Ifi27l2a"", ""Ifi203"", ""Irf7"", ""Plac8"", ""Trim30a"", ""Usp18"", ""Isg20"", ""AW112010"", ""Stat1"", ""Irf9"", ""Ifi47"", ""Ifit3"", ""Sp100"", ""Iigp1"", ""Igtp"", ""Srgn"", ""Gbp7"", ""Ifih1"", ""Ifi35"", ""Lgals3bp"", ""Psmb9"", ""Smpdl3a"", ""Psme2"", ""Gbp2"", ""Cmpk2"", ""Tor3a"", ""Ube2l6"", ""Lgmn"", ""Il7r"", ""Cd52"", ""Lcp1"", ""Evi2a"", ""Ms4a6c"", ""Ncf4"", ""Glrx"", ""Ctsb"", ""Gbp3"", ""Grn"", ""Tyrobp"", ""Ifi204"", ""Ifit2"", ""Ccl5"", ""Anxa4"", ""Msrb1"", ""Napsa"", ""Tgtp1"", ""Sat1"", ""Nampt"", ""Ccl4"", ""Lmo2"", ""Gatm"", ""Cd72"", ""Csf2ra"", ""Serpinb9"", 
""Lat2"", ""C1qb"", ""Bhlhe40"", ""Ifitm6"", ""Cxcl10"", ""Ccl3"", ""Ncf2"", ""Skap2"", ""Mpeg1"", ""Il18bp"", ""Cfp"", ""Fcgr2b"", ""Lyl1"", ""Ctsh"", ""Chchd10"", ""Casp4"", ""Hck"", ""Csf1r"", ""Socs3"", ""Ncf1"", ""Mt1"", ""Ccl8"", ""C1qc"", ""Ccl6"", ""Fcgr1"", ""Pnp"", ""Xdh"", ""Abca1"", ""Lst1"", ""Lyz2"", ""Clec4d"", ""C5ar1"", ""Specc1"", ""Ctse"", ""Plekho1"")"
"1443","ZHANG_UTERUS_C5_MACROPHAGE","1.53496075975892e-17","2.51514284491926e-15","1.07686819261983","0.712786795741569","2.661647355825","109","c(""Klf2"", ""Ifi27l2a"", ""Ms4a6b"", ""Tmsb4x"", ""B2m"", ""Ctss"", ""Lgals3bp"", ""Cotl1"", ""Fth1"", ""Alox5ap"", ""Cd74"", ""Lgmn"", ""Cd52"", ""Bcl2a1b"", ""Fcer1g"", ""Lcp1"", ""Apoe"", ""Ms4a6c"", ""Rgs1"", ""Ctsb"", ""Ifi30"", ""Ms4a6d"", ""Ighm"", ""Grn"", ""Cdkn1a"", ""Lgals3"", ""Cst3"", ""Unc93b1"", ""Tmem176b"", ""Tmem176a"", ""Nfkbiz"", ""Hexb"", ""Ninj1"", ""Tyrobp"", ""Trf"", ""Blvrb"", ""Ehd4"", ""Pld4"", ""Sat1"", ""Ier5"", ""Ccrl2"", ""Ccl4"", ""Cd68"", ""C1qa"", ""Ly6e"", ""Aif1"", ""C1qb"", ""Ctsc"", ""Cd83"", ""Clec12a"", ""Spi1"", ""Fcgr3"", ""Sdc3"", ""Pltp"", ""Ccl3"", ""Atf3"", ""Mpeg1"", 
""Ier3"", ""Creg1"", ""Hmox1"", ""Klf6"", ""Cfp"", ""Id2"", ""Fcgr2b"", ""Cybb"", ""Ctsh"", ""Asah1"", ""Wfdc17"", ""Mrc1"", ""Csf1r"", ""Ccl8"", ""C1qc"", ""Ccl6"", ""Trem2"", ""Sirpa"", ""Fcgr1"", ""Lpl"", ""Cxcl16"", ""Pf4"", ""Lst1"", ""Lyz2"", ""Ly86"", ""Kctd12"", ""Ms4a7"")"
"1444","GRAESSMANN_RESPONSE_TO_MC_AND_SERUM_DEPRIVATION_UP","2.89445041770846e-17","4.48639814744811e-15","1.06720998682811","0.727405191945294","2.66887973368604","98","c(""Isg15"", ""Rtp4"", ""Ifit1"", ""Bst2"", ""Ifi203"", ""Irf7"", ""Zbp1"", ""Trim30a"", ""Usp18"", ""Stat1"", ""Rsad2"", ""Parp9"", ""Irf9"", ""Ifi47"", ""Irgm1"", ""Ifit3"", ""Ifi27"", ""Sp100"", ""Parp14"", ""Iigp1"", ""Igtp"", ""Samhd1"", ""Gbp7"", ""Oasl2"", ""Ddx60"", ""Eif2ak2"", ""Ifih1"", ""Ifi35"", ""Lgals3bp"", ""Irf1"", ""Gbp2"", ""Pde7a"", ""Cmpk2"", ""Sp110"", ""Trim25"", ""Tor3a"", ""Trafd1"", ""Oas1a"", ""Trim34a"", ""Mx1"", ""Pmepa1"", ""Irgm2"", ""Ifit2"", ""Ikbkb"", ""Tgtp1"", ""Clip1"", ""Oas2"")"
"1445","GOCC_CYTOSOLIC_RIBOSOME","3.0399058380982e-16","3.78996956119416e-14","1.03769615548758","0.758706917608752","2.68950620642324","80","c(""Rps5"", ""Rpsa"", ""Rpl17"", ""Rpl13"", ""Rpl18a"", ""Rps3"", ""Rpl18"", ""Rpl10"", ""Rpl21"", ""Rps4x"", ""Rpl19"", ""Rplp0"", ""Rps10"", ""Rpl9"", ""Rpl10a"", ""Rps7"", ""Rps18"", ""Rpl3"", ""Rpl32"", ""Rps3a1"", ""Rpl8"", ""Rps14"", ""Eef1a1"", ""Rpl11"", ""Rps20"", ""Rps16"", ""Rpl23"", ""Rpl27a"", ""Rpl29"", ""Rpl4"", ""Rplp1"", ""Rps12"", ""Rpl26"", ""Rps27a"", ""Rpl14"", ""Rps2"", ""Rps6"", ""Rpl7a"", ""Rps19"", ""Rpl5"")"
"1446","TABULA_MURIS_SENIS_AORTA_PROFESSIONAL_ANTIGEN_PRESENTING_CELL_AGEING","5.25541769465034e-16","6.27912926642078e-14","1.02766987054358","0.761965921844556","2.70076635383245","78","c(""Rps5"", ""Rpsa"", ""Rpl13"", ""Plac8"", ""Rps3"", ""Rpl18"", ""Rpl10"", ""Rplp0"", ""Rps10"", ""Rps7"", ""Tmsb4x"", ""Rpl3"", ""Rpl8"", ""Rps14"", ""Eef1a1"", ""B2m"", ""Rps20"", ""Gm2a"", ""Rps16"", ""Ctss"", ""Fxyd5"", ""Srgn"", ""Ly6a"", ""Rpl4"", ""Ifitm3"", ""Calr"", ""Alox5ap"", ""Phf11b"", ""Capg"", ""Rpl7a"", ""Cd74"", ""Cd52"", ""Rps19"", ""Junb"", ""Fcer1g"", ""Oas1a"", ""Apoe"", ""Ms4a6c"", ""Ifi30"", ""Ifitm2"", ""Ms4a4c"", ""Grn"", ""Cdkn1a"", ""Rpl28"", ""Syngr2"", ""Tyrobp"", ""Trf"", ""Cebpb"", ""Anxa2"", ""Ccrl2"", ""Fos"", ""Ccl4"", ""Cd68"", ""Ly6e"", ""Ctsc"")"
"1447","ICHIBA_GRAFT_VERSUS_HOST_DISEASE_D7_UP","4.13726499642829e-16","5.04834356479069e-14","1.03769615548758","0.763257057099331","2.70534274570823","78","c(""Isg15"", ""Ifit1"", ""Irf7"", ""Plac8"", ""Gimap4"", ""Usp18"", ""Tmsb4x"", ""AW112010"", ""Stat1"", ""Ifi47"", ""Irgm1"", ""Ifit3"", ""Ifi27"", ""Ctss"", ""Iigp1"", ""Samhd1"", ""Ly6a"", ""Gbp7"", ""Ifi35"", ""Lgals3bp"", ""Irf1"", ""Psmb9"", ""Psme2"", ""Gbp2"", ""Cd74"", ""Irf8"", ""Il18r1"", ""Gbp3"", ""Serpina3g"", ""Nfkbiz"", ""Snx10"", ""Irgm2"", ""Tyrobp"", ""Ifi204"", ""Lbp"", ""Tgtp1"", ""Ctla2b"", ""Pld4"", ""Nampt"", ""Ly75"", ""Icam1"", ""Lcp2"", ""C1qb"", ""Ear2"", ""Cxcl10"", ""Mpeg1"", ""Il18bp"", ""Rnf19b"", ""Litaf"")"
"1448","TABULA_MURIS_SENIS_THYMUS_DN4_THYMOCYTE_AGEING","1.07309167342731e-19","2.56424197796067e-17","1.15122052214226","0.715208892477504","2.7054623796207","126","c(""Ms4a4b"", ""Rps5"", ""Klf2"", ""Rpsa"", ""Bst2"", ""Ifi203"", ""Rpl13"", ""Plac8"", ""Rps3"", ""Rpl18"", ""Ms4a6b"", ""Rplp0"", ""Rps10"", ""AW112010"", ""Rpl3"", ""Mndal"", ""Rpl8"", ""Nkg7"", ""Ltb"", ""B2m"", ""Rps20"", ""Smad7"", ""Ifi27"", ""Gimap3"", ""Ctss"", ""Prr13"", ""S100a6"", ""Fxyd5"", ""Srgn"", ""Ly6a"", ""Epsti1"", ""Runx3"", ""Ctla2a"", ""AB124611"", ""S100a4"", ""Irf1"", ""Psmb9"", ""Cd82"", ""Izumo1r"", ""Smpdl3a"", ""Calr"", ""Gpr18"", ""Kbtbd11"", ""Cotl1"", ""Psme2"", ""Fth1"", ""Gimap5"", ""Apobec3"", ""Batf"", ""Sp110"", ""Capg"", ""Cd74"", ""Ostf1"", ""Il7r"", ""Smco4"", ""Crip1"", 
""Bcl2a1b"", ""Junb"", ""Cst7"", ""Tnfrsf18"", ""S1pr4"")"
"1449","WP_CYTOPLASMIC_RIBOSOMAL_PROTEINS","3.72567808107086e-15","3.68392479223127e-13","0.996986217533181","0.80716431440169","2.70700638510663","56","c(""Rps5"", ""Rpsa"", ""Rpl17"", ""Rpl13"", ""Rpl18a"", ""Rps3"", ""Rpl18"", ""Rpl10"", ""Rpl21"", ""Rps4x"", ""Rpl19"", ""Rplp0"", ""Rps10"", ""Rpl9"", ""Rpl10a"", ""Rps7"", ""Rps18"", ""Rpl3"", ""Rpl32"", ""Rps3a1"", ""Rpl8"", ""Rps14"", ""Rpl11"", ""Rps20"", ""Rps16"", ""Rpl27a"", ""Rpl29"", ""Rpl4"", ""Rplp1"", ""Rps12"", ""Rpl26"", ""Rps27a"", ""Rps2"", ""Rps6"", ""Rpl7a"", ""Rps19"")"
"1450","BILANGES_SERUM_AND_RAPAMYCIN_SENSITIVE_GENES","2.21732304702548e-15","2.3120632135802e-13","1.00731795687447","0.85477690686838","2.71817133348748","42","c(""Rps5"", ""Rpl13"", ""Rpl18a"", ""Rps3"", ""Rpl18"", ""Rpl10"", ""Rpl21"", ""Rps4x"", ""Rps10"", ""Rps7"", ""Rpl32"", ""Rps3a1"", ""Rpl8"", ""Rps14"", ""Eef1a1"", ""Rps16"", ""Eef1b2"", ""Rpl23"", ""Rpl27a"", ""Rpl29"", ""Rpl4"", ""Rpl26"", ""Rps27a"", ""Rpl14"", ""Rps6"", ""Rpl7a"", ""Rps19"", ""Rpl5"", ""Eef1g"", ""Rpl28"", ""Rps8"")"
"1451","TABULA_MURIS_SENIS_HEART_AND_AORTA_FIBROBLAST_OF_CARDIAC_TISSUE_AGEING","6.49404250382164e-26","3.10361114661809e-23","1.31888879607587","0.725027940834593","2.82841890043118","157","c(""Rps5"", ""Klf2"", ""Rpsa"", ""Rpl17"", ""Ifi27l2a"", ""Bst2"", ""Ifi203"", ""Rpl13"", ""Rpl18a"", ""Rps3"", ""Rpl18"", ""Rpl10"", ""Rpl21"", ""Rps4x"", ""Rpl19"", ""Rplp0"", ""Rps10"", ""Vim"", ""Rpl10a"", ""Rps7"", ""Rps18"", ""AW112010"", ""Rpl3"", ""Rpl32"", ""Rps3a1"", ""Mndal"", ""Rps14"", ""Eef1a1"", ""Rpl11"", ""B2m"", ""Rps20"", ""Rps16"", ""Slfn5"", ""Eef1b2"", ""Rpl23"", ""Rpl27a"", ""Prr13"", ""Naca"", ""S100a6"", ""Fxyd5"", ""Ly6a"", ""Rpl29"", ""Rpl4"", ""Ifitm3"", ""Rplp1"", ""Rps12"", ""Lgals1"", ""Rps27a"", ""Rpl14"", ""Rps2"", ""Fth1"", ""Add3"", ""Rps6"", ""Zfp36l2"", ""Capg"", ""Btf3"", 
""Rpl7a"", ""Cd74"", ""Crip1"", ""Rps19"", ""Junb"", ""Rpl5"", ""Vamp5"", ""Ctsb"", ""Rpl22l1"", ""Zfp36l1"", ""Ifitm2"", ""Gpx1"", ""Tmem176b"", ""Tmem176a"", ""Rps8"", ""Anxa1"")"
"1452","TABULA_MURIS_SENIS_LUNG_NK_CELL_AGEING","5.05506113599791e-19","9.99681917756828e-17","1.12391496374483","0.873915715742227","2.86014274696949","47","c(""Rps5"", ""Rpsa"", ""Rpl17"", ""Rpl13"", ""Rpl18a"", ""Rps3"", ""Rpl18"", ""Rpl10"", ""Rpl21"", ""Rps4x"", ""Rpl19"", ""Rplp0"", ""Rps10"", ""Rps7"", ""Rps18"", ""Rpl3"", ""Rpl32"", ""Rps3a1"", ""Rpl8"", ""Ltb"", ""Rps14"", ""B2m"", ""Rps20"", ""Rps16"", ""Rpl23"", ""S100a6"", ""Hspa5"", ""Rpl29"", ""Rpl4"", ""S100a4"", ""Rps12"", ""Rpl14"", ""Rps6"", ""Cd74"", ""Rps19"", ""Bcl2"", ""Lgals3"")"
"1453","LI_INDUCED_T_TO_NATURAL_KILLER_UP","5.6816108774036e-31","6.51680767638192e-28","1.44620288250144","0.719001823063619","2.87725760688261","198","c(""Vim"", ""Nkg7"", ""Itgb7"", ""Ccnd2"", ""Gng2"", ""Samd9l"", ""Prr13"", ""Klk8"", ""S100a6"", ""Fxyd5"", ""Ly6a"", ""Cd7"", ""Ifitm3"", ""Lgals3bp"", ""S100a4"", ""AA467197"", ""Pdgfa"", ""Lgals1"", ""Gpr18"", ""Cotl1"", ""Nfkb1"", ""Gbp2"", ""Batf"", ""Hvcn1"", ""Capg"", ""Itgae"", ""Ostf1"", ""Cd9"", ""Ctsw"", ""Smco4"", ""Cd52"", ""Junb"", ""Fcer1g"", ""Sema4a"", ""Evi2a"", ""Il18r1"", ""Tnfrsf18"", ""Ncf4"", ""Glrx"", ""Rgs1"", ""Ifi30"", ""Serpina3g"", ""S100a11"", ""Ifitm2"", ""Cdkn1a"", ""Lgals3"", ""Traf1"", ""Ahnak"", ""Irgm2"", ""Pglyrp1"", ""Osbpl3"", ""Prr7"", ""Tyrobp"", ""Cd63"", ""Cd69"", 
""Ccl5"", ""Casp1"", ""Cd160"", ""Adgrg3"", ""Trf"", ""Glipr2"", ""Sdf2l1"", ""Napsa"", ""Myo1f"", ""Neurl3"", ""Iqgap2"", ""Mapkapk3"", ""Ehd4"", ""Gadd45g"", ""Furin"", ""Stx11"", ""Anxa2"", ""Tnfsf10"", ""Ccl4"", ""Dusp5"", ""Cish"", ""P2ry14"", ""Hhex"", ""Lat2"", ""Sidt1"", ""Bhlhe40"", ""Apobr"", ""Fcgr3"", ""Hopx"", ""Ndfip1"", ""Fosl2"", ""Lmna"", ""Lta"", ""Tpst2"", ""Lrrk1"", ""Plscr1"", ""Pltp"", ""Plp2"", ""Dapk2"", ""Ccl3"", ""Gramd1b"", ""Prelid2"", ""Ier3"", ""Ccdc102a"", ""Havcr2"", ""Rnf19b"", ""Mvp"", ""Litaf"", ""Id2"", ""Plcg2"", ""Fam20a"", ""Sh3bp2"", ""Sgk1"", ""Endod1"", ""Gpr68"", 
""Fhl2"", ""Tnf"", ""Asah1"", ""Fes"", ""Tmem126a"", ""Slamf7"", ""Mt1"", ""Tiam1"", ""Zcchc18"", ""Pdlim7"", ""Asb2"", ""Eci1"", ""Serpina3f"", ""Sytl2"", ""Scimp"", ""Gpr34"", ""Arsb"", ""Tmem141"", ""Ltb4r1"", ""Zbtb32"", ""St3gal6"", ""Snx18"", ""Cxcr5"", ""Klrd1"", ""Cyp51"")"
"1454","HALLMARK_INTERFERON_ALPHA_RESPONSE","1.01986242051741e-20","2.99539164270717e-18","1.1778932614942","0.859924760346971","2.88395036232002","56","c(""Isg15"", ""Rtp4"", ""Bst2"", ""Irf7"", ""Usp18"", ""Isg20"", ""Rsad2"", ""Parp9"", ""Irf9"", ""B2m"", ""Ifit3"", ""Ifi27"", ""Parp14"", ""Samd9l"", ""Epsti1"", ""Ddx60"", ""Eif2ak2"", ""Ifih1"", ""Ifitm3"", ""Ifi35"", ""Lgals3bp"", ""Irf1"", ""Oasl1"", ""Psmb9"", ""Herc6"", ""Psme2"", ""Sell"", ""Cmpk2"", ""Sp110"", ""Trim25"", ""Ube2l6"", ""Cd74"", ""Dhx58"", ""Trafd1"", ""Oas1a"", ""Gbp3"", ""Ifi30"", ""Ifitm2"", ""Ncoa7"", ""Ifit2"", ""Casp1"", ""Mvb12a"", ""Stat2"")"
"1455","DESCARTES_ORGANOGENESIS_WHITE_BLOOD_CELLS","1.06559031807385e-43","6.1111604741535e-40","1.72082439707331","0.6980462686945","2.92148391796127","309","c(""Trbc1"", ""Ifi203"", ""Plac8"", ""Ms4a6b"", ""Stat1"", ""Mndal"", ""Xaf1"", ""Cytip"", ""Itgb7"", ""Irf9"", ""B2m"", ""Slfn8"", ""Gm2a"", ""Sp100"", ""Ctss"", ""Parp14"", ""Klk8"", ""Samhd1"", ""Fxyd5"", ""Maf"", ""Epsti1"", ""Gbp7"", ""Runx3"", ""Ddx60"", ""Eif2ak2"", ""Il6ra"", ""Ifih1"", ""Emp3"", ""Ifitm3"", ""AB124611"", ""P2rx7"", ""Irf1"", ""Rnf213"", ""Herc6"", ""Trim30d"", ""Sell"", ""Apobec3"", ""Alox5ap"", ""Pik3cd"", ""Batf"", ""Cpa3"", ""Sp110"", ""Cd48"", ""Cd74"", ""Lgmn"", ""Irf8"", ""Il7r"", ""Cd52"", ""Cyth4"", ""Dtx3l"", ""Fcer1g"", ""Apoe"", ""Evi2a"", ""Mx1"", ""Il18r1"", ""Ms4a6c"", 
""Btla"", ""Ctsb"", ""Rel"", ""Ms4a6d"", ""Ms4a4c"", ""Ighm"", ""Grn"", ""Lgals3"", ""Cst3"", ""Unc93b1"", ""Psme2b"", ""Vsir"", ""Icos"", ""Hexb"", ""Sp140"", ""Arid5a"", ""Cd44"", ""Tyrobp"", ""Nlrc5"", ""Cd69"", ""Cd200r1"", ""Ifi204"", ""Il18rap"", ""Pparg"", ""Gpr171"", ""Fam111a"", ""Lpcat2"", ""Casp1"", ""Tbc1d4"", ""Trim5"", ""Nfkbid"", ""Cd86"", ""Stk10"", ""Napsa"", ""Myo1f"", ""Neurl3"", ""Fyb"", ""Dnmt3b"", ""Oas2"", ""Ehd4"", ""Cd300a"", ""Pld4"", ""Sat1"", ""Cebpb"", ""Ifnar2"", ""Ebi3"", ""Gna15"", ""Gpr183"", ""Lyn"", ""Tcn2"", ""Gpr65"", ""Cd68"", ""Tnfrsf1b"", ""Lcp2"", ""Il10ra"", ""C1qa"", 
""Cd79b"", ""Ly6e"", ""Hdc"", ""Clec4n"", ""Vwa5a"", ""Aif1"", ""C1qb"", ""Ctsc"", ""Cd83"", ""Arhgef6"", ""Ccr2"", ""Spi1"", ""Tmem106a"", ""Fcgr3"", ""Lair1"", ""Fcgrt"", ""Cyfip1"", ""Pepd"", ""Il18"", ""Ccl3"", ""C030034L19Rik"", ""Ncf2"", ""Skap2"", ""Nfatc2"", ""Slc40a1"", ""Mpeg1"", ""Hmox1"", ""Itgal"", ""Havcr2"", ""Cfp"", ""Litaf"", ""St6galnac4"", ""Fcgr2b"", ""Irf5"", ""Plcg2"", ""Cybb"", ""Ctsh"", ""Lrrc25"", ""Asah1"", ""Ifngr1"", ""Fes"", ""Mrc1"", ""Milr1"", ""Il15"", ""Casp4"", ""Cysltr1"", ""Orai2"", ""Ms4a4a"", ""Hck"", ""Mctp1"", ""Csf1r"", ""F630028O10Rik"", ""Nr1h3"", ""Trim30c"", 
""Ffar2"", ""Tep1"", ""Ncf1"", ""Slc22a3"", ""Card11"", ""C1qc"", ""Ccl6"", ""Hfe"", ""Trem2"", ""Sirpa"", ""Naip2"", ""Fcgr1"", ""Fgd2"", ""Zc3h12a"", ""P2ry13"", ""Gpr34"", ""Clec4a3"", ""Arsb"", ""Snx8"", ""Tmem141"", ""Map3k8"", ""Tfe3"", ""Trpm2"", ""Morc3"", ""Lst1"", ""Ly86"", ""Slc11a1"", ""Cd300lf"", ""C5ar1"", ""Themis2"", ""Ms4a7"", ""Tifab"", ""Slc15a3"")"
"1456","HALLMARK_INTERFERON_GAMMA_RESPONSE","4.68973747949091e-28","2.68956444448804e-25","1.37274298193398","0.785851670121485","2.97187175886539","121","c(""Isg15"", ""Rtp4"", ""Bst2"", ""Irf7"", ""Zbp1"", ""Usp18"", ""Isg20"", ""Gzma"", ""Stat1"", ""Rsad2"", ""Xaf1"", ""Itgb7"", ""Irf9"", ""B2m"", ""Ifit3"", ""Ifi27"", ""Parp14"", ""Oas3"", ""Samd9l"", ""Samhd1"", ""Epsti1"", ""Ddx60"", ""Eif2ak2"", ""Ifih1"", ""Ifitm3"", ""Ifi35"", ""Lgals3bp"", ""Irf1"", ""Oasl1"", ""Rnf213"", ""Psmb9"", ""Herc6"", ""Gpr18"", ""Nfkb1"", ""Psme2"", ""Cmpk2"", ""Cd274"", ""Sp110"", ""Trim25"", ""Ube2l6"", ""Cd74"", ""Dhx58"", ""Irf8"", ""Trafd1"", ""Pml"", ""Vamp5"", ""Bpgm"", ""Gbp3"", ""Ifi30"", ""Ifitm2"", ""Ripk1"", ""Cdkn1a"", ""St3gal5"", ""Nlrc5"", ""Cd69"", ""Stat4"", 
""Ifit2"", ""Arid5b"", ""Ccl5"", ""Casp1"", ""Cd86"", ""St8sia4"", ""Stat2"", ""Oas2"", ""Irf4"", ""Ifnar2"", ""Nampt"", ""Tnfsf10"", ""Icam1"", ""Lcp2"", ""P2ry14"", ""Il10ra"", ""Ly6e"", ""Il2rb"", ""Il15ra"")"
