"","pathway","pval","padj","log2err","ES","NES","size","leadingEdge"
"1","HALLMARK_MYC_TARGETS_V2","2.15459034283537e-11","1.3729528462401e-08","0.863415391606693","-0.75981310553052","-2.4190223470664","52","c(""Srm"", ""Hspe1"", ""Pa2g4"", ""Mcm5"", ""Phb"", ""Gnl3"", ""Hspd1"", ""Cbx3"", ""Myc"", ""Cdk4"", ""Dctpp1"", ""Nolc1"", ""Mybbp1a"", ""Rcl1"", ""Grwd1"", ""Npm1"", ""Wdr43"", ""Ndufaf4"", ""Rrp9"", ""Ppan"", ""Mrto4"", ""Aimp2"", ""Nop2"", ""Ung"", ""Plk1"", ""Slc19a1"", ""Tmem97"", ""Prmt3"", ""Pus1"", ""Hk2"", ""Ddx18"", ""Rrp12"", ""Nop56"", ""Nop16"", ""Pprc1"")"
"2","TABULA_MURIS_SENIS_SPLEEN_MATURE_NK_T_CELL_AGEING","1.51732272972149e-10","8.70184585495277e-08","0.826657301178302","-0.67253766635994","-2.34629051833115","86","c(""Rpl41"", ""Rps28"", ""Rpl36"", ""Rpl39"", ""Rpl35"", ""Rpl36a"", ""Rps26"", ""Rplp2"", ""Mif"", ""Vim"", ""Rplp1"", ""Rpl22l1"", ""Crip1"", ""Klf2"", ""Snrpg"", ""Rpl38"", ""Rpl37"", ""Rps12"", ""Rps19"", ""Rps8"", ""Nkg7"", ""Rpl23a"", ""Runx3"", ""Hspe1"", ""Bola2"", ""Gpr183"", ""Nme2"", ""Rps25"", ""Rps2"", ""Rpl6"", ""Bcl2"", ""Rpl31"", ""Gpr18"", ""Rpl22"", ""Rpsa"", ""Rps20"", ""S100a6"", ""Rpl14"", ""Rps23"", ""Klk8"", ""Ctla2a"", ""Romo1"", ""Ms4a6b"", ""Rps18"")"
"3","GAVIN_FOXP3_TARGETS_CLUSTER_P6","1.45700948217078e-09","6.42765336942265e-07","0.788186810800237","-0.680387357027116","-2.32695246650637","74","c(""Nusap1"", ""Rrm2"", ""Tpi1"", ""Spc25"", ""Cdk1"", ""Tpx2"", ""Cdca8"", ""Birc5"", ""Cks1b"", ""Aurkb"", ""Cdca3"", ""Tyms"", ""Spc24"", ""Ccna2"", ""Cst7"", ""Alad"", ""Lgals3"", ""Odc1"", ""Rad51"", ""Pbk"", ""Ccnb2"", ""Tk1"", ""Ncapg"", ""Acot7"", ""Cenpe"", ""Ncapg2"", ""Plk1"", ""Fignl1"", ""Pdcd1lg2"", ""Irf8"", ""Cenpk"", ""Dctd"", ""Nuf2"", ""Tnfrsf9"", ""Cenpf"", ""Ccnb1"", ""Kif20a"", ""Hmmr"", ""Cdca5"", ""Bub1"", ""Ccr2"", ""Cdc20"", ""Gzmb"", ""Kif2c"", ""Serpina3g"", ""Cep55"", ""Mcm10"", ""Icam1"", ""Spag5"", ""Il17rb"", ""Ebi3"", ""Clspn"", ""Bub1b"", ""Unc119"", ""Aspm"")"
"4","BURTON_ADIPOGENESIS_3","5.48840959924017e-10","2.86145718651295e-07","0.801215574617779","-0.66260392434328","-2.31204590983471","87","c(""Hmgb2"", ""Top2a"", ""Mcm5"", ""Pcna"", ""Mcm3"", ""Nusap1"", ""Rrm2"", ""Kpna2"", ""Mki67"", ""Cdk1"", ""Hells"", ""Lmo4"", ""Cdca8"", ""Birc5"", ""Cks1b"", ""Impdh2"", ""Tyms"", ""Tcf19"", ""Ly6a"", ""Cks2"", ""Prim1"", ""Rrm1"", ""Rad51"", ""Mcm7"", ""Ccnb2"", ""Tacc3"", ""Racgap1"", ""Rad51ap1"", ""Tk1"", ""Pola1"", ""Cdc45"", ""Nup85"", ""Asf1b"", ""Plk1"", ""Fignl1"", ""Kif11"", ""Prc1"", ""Ttk"", ""Slbp"", ""Cenpk"", ""Ccnb1"", ""Kif20a"", ""Ccne2"", ""Bub1"", ""Fen1"", ""Ccnf"", ""Mad2l1"", ""Mcm2"", ""Cdc20"", ""Ncaph"", ""Dlgap5"", ""Kif2c"", ""Cdc6"", ""Mcm10"", ""Kif4"", ""Phb2"", ""E2f8"")"
"5","LI_INDUCED_T_TO_NATURAL_KILLER_UP","3.52830490855357e-14","2.02348286505547e-10","0.965327754226083","-0.582567677606653","-2.30015066707019","198","c(""Vim"", ""Ccnd2"", ""Cd52"", ""Id2"", ""Nkg7"", ""Itgb7"", ""Aldoa"", ""Fxyd5"", ""Cotl1"", ""Capg"", ""Ctsw"", ""Sema4a"", ""Gpr18"", ""S100a6"", ""S100a4"", ""Ifi30"", ""Cd7"", ""Klk8"", ""Smco4"", ""Cd160"", ""Tuba1c"", ""Lgals3bp"", ""Junb"", ""Ly6a"", ""Fcer1g"", ""Cd69"", ""Lgals3"", ""S100a11"", ""Cd9"", ""Nrgn"", ""AA467197"", ""Nfkb1"", ""Tyrobp"", ""Ndfip1"", ""Il18r1"", ""Glipr2"", ""Trf"", ""Itgae"", ""Evi2a"", ""Hvcn1"", ""Ahnak"", ""Tpst2"", ""Prr13"", ""Tnf"", ""Ccl5"", ""Ehd4"", ""Rgs1"", ""Ccdc102a"", ""Hk2"", ""Pdgfa"", ""Gadd45g"", ""Litaf"", ""Lmna"", ""Tnfrsf9"", ""Xcl1"", ""Ncf4"", 
""Adgrg3"", ""Batf"", ""Cyp51"", ""Clnk"", ""Ifitm3"", ""Ccl4"", ""Prelid2"", ""Ifitm2"", ""Lrrk1"", ""Adgrg5"", ""Dusp5"", ""Mt1"", ""Cxcr3"", ""Stx11"", ""Serpina3g"", ""Hhex"", ""Plp2"", ""Gng2"", ""Lgals1"", ""Egr1"", ""Bhlhe40"", ""Sdf2l1"", ""Tmem158"", ""Klrd1"", ""Hopx"", ""Slamf7"", ""Iqgap2"", ""Rnf19b"", ""Sh3bp2"", ""Asb2"", ""Lta"", ""Fhl2"", ""Arsb"", ""Serpina3f"", ""Casp1"", ""Plcg2"", ""Neurl3"", ""Napsa"", ""Pdlim7"", ""Gbp2"", ""Havcr2"", ""Mapkapk3"", ""Cish"", ""Gramd1b"", ""Tmem238"", ""Endod1"", ""Plscr1"", ""Chsy1"", ""Tmem126a"", ""Prdx4"", ""Ifng"", ""Tubb6"", ""Plekho2"", ""Apobr"", 
""Osbpl3"", ""Ccl3"", ""Gpr68"", ""Ltb4r1"", ""Fcgr3"", ""Cdkn2b"", ""Klre1"", ""Pltp"", ""Fosl2"", ""Upp1"", ""Glrx"", ""Nt5e"", ""Golm1"")"
"6","TABULA_MURIS_SENIS_KIDNEY_PODOCYTE_AGEING","3.5741077011016e-09","1.28109422911361e-06","0.774939030136436","-0.640003214593121","-2.24481845684624","91","c(""Rpl41"", ""Rps28"", ""Rpl39"", ""Rpl36a"", ""Rplp2"", ""Mif"", ""Rplp1"", ""Rpl38"", ""Rpl37"", ""Rps12"", ""Rps19"", ""B2m"", ""Tagln2"", ""Cotl1"", ""Hspe1"", ""Igfbp4"", ""Bola2"", ""Nme2"", ""Rps2"", ""Nhp2"", ""Nme1"", ""Rpsa"", ""Hint1"", ""Rps27l"", ""Cd74"", ""Lap3"", ""Uqcr10"", ""Rps18"", ""Rps17"", ""Lgals3bp"", ""Tmem256"", ""Ly6a"", ""Ndrg1"", ""St13"", ""Lgmn"", ""Rpl23"")"
"7","TABULA_MURIS_SENIS_MARROW_MONOCYTE_AGEING","4.0923937540221e-07","7.32574466976425e-05","0.674962860011025","-0.720231108928804","-2.20046984967155","40","c(""Rpl41"", ""Rps28"", ""Rpl35"", ""Rpl36a"", ""Rps26"", ""Tuba1b"", ""Rps19"", ""Ldha"", ""AW112010"", ""Rpl14"", ""Ifi30"", ""Gapdh"", ""Tubb5"", ""Cd74"", ""Rps18"")"
"8","TABULA_MURIS_SENIS_LIMB_MUSCLE_ENDOTHELIAL_CELL_AGEING","3.09852264209994e-08","9.87223741802397e-06","0.719512826338911","-0.636016395447373","-2.19133376762672","79","c(""Rps28"", ""Tuba1b"", ""Crip1"", ""Klf2"", ""Ccnd2"", ""Gstp1"", ""B2m"", ""Psme2"", ""AW112010"", ""Nop58"", ""Capg"", ""Ppa1"", ""Isg15"", ""S100a6"", ""Pkm"", ""Ifit1"", ""Cd74"", ""Eif2s2"", ""Ifi47"", ""Ly6a"", ""Lgals3"", ""Irf1"", ""Cd274"", ""Ifi203"", ""Hsp90ab1"", ""Sod1"", ""Irgm1"", ""Rsad2"", ""Ifit3"", ""Irf8"", ""Prr13"", ""Tubb4b"", ""Psmb9"", ""Iigp1"", ""Slc3a2"", ""Tgtp2"")"
"9","ZHANG_UTERUS_C13_EPITHELIAL1_CELL","5.36785270230848e-12","6.15692704954782e-09","0.887074988399873","-0.529717264248568","-2.13530777173858","240","c(""Rpl41"", ""Rps28"", ""Rpl36"", ""Rpl39"", ""Rpl36a"", ""Rps26"", ""Rplp2"", ""Tuba1b"", ""Mif"", ""Rplp1"", ""Snrpg"", ""Rpl38"", ""Rpl37"", ""Rps12"", ""Tuba4a"", ""Set"", ""Id2"", ""Rps8"", ""Snrpf"", ""C1qbp"", ""Apex1"", ""Hspe1"", ""Ncl"", ""Top2a"", ""Snrpd3"", ""Pa2g4"", ""Bola2"", ""Ranbp1"", ""Prdx1"", ""Rbbp7"", ""Rps2"", ""Atp5k"", ""Pcna"", ""Ptma"", ""Nhp2"", ""Hspd1"", ""Rpl22"", ""Nop10"", ""Ran"", ""Rpl14"", ""Atp5g1"", ""Hint1"", ""Rps27l"", ""Tubb5"", ""Snrpe"", ""Cdk4"", ""Serbp1"", ""Ssrp1"", ""Uqcr10"", ""Dctpp1"", ""Cox7b"", ""Rps17"", ""Tomm7"", ""Ndufb2"", ""Polr2f"", ""Ndufa5"", 
""Cox7c"", ""Cks1b"", ""Tyms"", ""Atp5j2"", ""Hprt"", ""Spc24"", ""Npm1"", ""Cox8a"", ""Alad"", ""Rpl21"", ""Cd9"", ""Pdlim4"", ""Tipin"", ""Rpl23"", ""Pmf1"", ""Nap1l1"", ""Sf3b4"", ""Slirp"", ""Rpl36al"", ""Ndufaf2"", ""Tubb4b"", ""Lsm6"", ""Cox7a2"", ""Ndufa12"", ""Snrpd2"", ""Sfxn1"", ""Pfdn1"", ""Ndufb4"", ""Dek"", ""Lyar"", ""Uqcr11"", ""Ifitm3"", ""Snrpd1"", ""Rpl32"")"
"10","TABULA_MURIS_SENIS_TONGUE_BASAL_CELL_OF_EPIDERMIS_AGEING","3.49411480169848e-08","1.05467096777583e-05","0.719512826338911","-0.595877281266431","-2.13361996848783","103","c(""Rplp2"", ""Tuba1b"", ""Rplp1"", ""Rps12"", ""Tuba4a"", ""Ifi27l2a"", ""B2m"", ""Ldha"", ""Hmgb2"", ""Pgk1"", ""Tagln2"", ""Top2a"", ""Nme2"", ""Ptma"", ""Ppa1"", ""Nhp2"", ""Nme1"", ""Fabp5"", ""Rpsa"", ""Nusap1"", ""Rps20"", ""Ran"", ""Calr"", ""Wdr89"", ""Tpi1"", ""Hint1"", ""Tubb5"", ""Tuba1c"", ""Ube2c"", ""Cdk1"", ""Ptges3"", ""Cdca8"", ""Birc5"", ""Cks1b"", ""Cdca3"", ""Tyms"", ""Spc24"", ""Ccna2"", ""Lgals3"", ""Cks2"", ""Pbk"", ""Ccnb2"", ""Tacc3"", ""Racgap1"", ""Tk1"", ""Sod1"", ""Prc1"")"
"11","GOLDRATH_ANTIGEN_RESPONSE","4.82786491996167e-13","9.22926843866007e-10","0.921426003494898","-0.518382583573081","-2.12755795925828","282","c(""Hmgn2"", ""Id2"", ""Top2a"", ""Mcm5"", ""Capg"", ""Tpm4"", ""Pcna"", ""Mcm3"", ""Nusap1"", ""Rrm2"", ""Ran"", ""S100a6"", ""S100a4"", ""Ifi30"", ""Lig1"", ""Kpna2"", ""Tpi1"", ""Mki67"", ""Ybx3"", ""Gapdh"", ""Pgam1"", ""Ctla2a"", ""Cd74"", ""Mthfd2"", ""Cdk1"", ""Cdk2ap1"", ""Cdca8"", ""Birc5"", ""Cks1b"", ""Aurkb"", ""Cdca3"", ""Tyms"", ""Tcf19"", ""Pdcd1"", ""Ccna2"", ""Alad"", ""Lgals3"", ""Cks2"", ""S100a11"", ""Prim1"", ""Rrm1"", ""Gem"", ""Mxd3"", ""Odc1"", ""Syce2"", ""Rad51"", ""Serinc3"", ""Tyrobp"", ""Ccnb2"", ""Tacc3"", ""Racgap1"", ""Rad51ap1"", ""Il18r1"", ""Kifc1"", ""Tk1"", ""Acot7"", ""Pola1"", 
""Cdc45"", ""Asf1b"", ""Plk1"", ""Fignl1"", ""Evi2a"", ""Fgl2"", ""Kif11"", ""Prc1"", ""Klrb1c"", ""Ahnak"", ""Ttk"", ""Irf8"", ""Tmem97"", ""Gmnn"", ""Ccl5"", ""Anxa1"", ""Mis18bp1"", ""Dhfr"", ""Litaf"", ""Lmna"", ""Tnfrsf9"", ""Ncf4"", ""Kif20a"", ""Gadd45b"", ""Dbi"", ""Chek1"", ""Klrk1"", ""Cdca5"", ""Bub1"", ""Scpep1"", ""Ifitm3"", ""Ccr2"", ""Chaf1a"", ""Ccl4"", ""Ctla2b"", ""Fen1"", ""Ccnf"", ""Mad2l1"", ""Rnh1"", ""Cdc20"", ""Fasl"", ""Il18rap"", ""Ncaph"", ""Dlgap5"", ""Klrg1"", ""Gzmb"", ""Kif2c"", ""Cd48"", ""Mt1"", ""Cxcr3"", ""Cdc6"", ""Rbm3"", ""Serpina3g"", ""Mcm10"", ""Myl4"", ""Kif4"", ""Plp2"", 
""Lgals1"", ""E2f8"", ""Krtcap2"", ""Gcat"", ""Bhlhe40"", ""Hopx"", ""Incenp"", ""Runx2"", ""Anxa4"", ""Mcm4"", ""Fhl2"", ""Klra3"", ""Socs2"", ""Unc119"", ""Eea1"", ""Trip13"", ""Casp1"", ""Plcg2"", ""Aspm"", ""Napsa"", ""Dusp1"", ""Plbd1"", ""Cish"", ""Anln"", ""Ckap2"", ""Plscr1"", ""Cd44"", ""Emp3"", ""Gsto1"", ""Tmem126a"", ""Prdx4"", ""Ifng"", ""Gtse1"", ""Snx10"", ""Serpinb9"", ""Pgm2"", ""Ccl3"", ""Kif22"", ""Hat1"", ""Slc2a3"")"
"12","TABULA_MURIS_SENIS_SPLEEN_NK_CELL_AGEING","1.23088506447328e-06","0.00018100322678857","0.643551836150722","-0.641082477413852","-2.11864550521248","64","c(""Rpl41"", ""Rps28"", ""Rpl36"", ""Rpl39"", ""Rpl35"", ""Rpl36a"", ""Rps26"", ""Rplp2"", ""Rplp1"", ""Rpl38"", ""Rpl37"", ""Rps12"", ""Rps8"", ""B2m"", ""Eef1a1"", ""Rpl23a"", ""Il7r"", ""Bcl2a1d"", ""Bcl2a1b"", ""Rps25"", ""Rpl6"", ""Rpl31"", ""Rpl22"", ""Rps20"", ""Rpl14"", ""Cd7"", ""Klk8"", ""Romo1"", ""Cd160"", ""Rps18"", ""Rps17"")"
"13","LAZARO_GENETIC_MOUSE_MODEL_HIGH_GRADE_LARGE_CELL_NEUROENDOCRINE_LUNG_CARCINOMA_UP","3.36169999894629e-13","9.22926843866007e-10","0.932595211336209","-0.511259211934449","-2.10608236020241","302","c(""Mif"", ""Hmgb2"", ""Pgk1"", ""Top2a"", ""Ranbp1"", ""Nop58"", ""Mcm5"", ""Rbbp7"", ""Pcna"", ""Ppa1"", ""Mcm6"", ""Mcm3"", ""Nusap1"", ""Pkm"", ""Lig1"", ""Kpna2"", ""Tpi1"", ""Mki67"", ""Psat1"", ""Ssrp1"", ""Mthfd2"", ""Tuba1c"", ""Spc25"", ""Ube2c"", ""Cdk1"", ""Hells"", ""Tpx2"", ""Cdca8"", ""Birc5"", ""Aurkb"", ""Tyms"", ""Tcf19"", ""Pold2"", ""Spc24"", ""Ccna2"", ""Cks2"", ""Prim1"", ""Rrm1"", ""AA467197"", ""Rad51"", ""Mcm7"", ""Nrm"", ""Pbk"", ""Ccnb2"", ""Tacc3"", ""Racgap1"", ""Kifc1"", ""Tipin"", ""Tk1"", ""Esco2"", ""Ncapg"", ""Pola1"", ""Cenpe"", ""Cdc45"", ""Ncapg2"", ""Asf1b"", ""Plk1"", ""Slc7a1"", 
""Fignl1"", ""Kif11"", ""Cit"", ""Prc1"", ""Pmf1"", ""Ndc80"", ""Ttk"", ""Slc7a5"", ""Ckap2l"", ""Kif15"", ""Slbp"", ""Cenpk"", ""Cenph"", ""Shcbp1"", ""Rfc4"", ""Neil3"", ""Gadd45g"", ""Stk39"", ""Mis18bp1"", ""Dhfr"", ""Nuf2"", ""Tnfrsf9"", ""Cenpf"", ""Depdc1a"", ""Ccne1"", ""Ccnb1"", ""Kif20a"", ""Hmmr"", ""Ccne2"", ""Pkmyt1"", ""Melk"", ""Chek1"", ""Cdca5"", ""Bub1"", ""Chaf1b"", ""Fbxo5"", ""Snrpd1"", ""Chaf1a"", ""Dscc1"", ""Diaph3"", ""Fen1"", ""Ccnf"", ""Mad2l1"", ""Mcm2"", ""Cdc20"", ""Ipo5"", ""Ncaph"", ""Dlgap5"", ""Kif2c"", ""Cdca2"", ""Cdc6"", ""Rbm3"", ""Cep55"", ""Mcm10"", ""Kif4"", ""Kntc1"", 
""Pole"", ""Ticrr"", ""Kif23"", ""BC055324"", ""Stil"", ""E2f8"", ""Spag5"", ""Troap"", ""Taf1d"", ""Bora"", ""Exosc2"", ""Kcnk1"", ""Incenp"", ""Cdt1"", ""Kif18b"", ""Rad54b"", ""Mcm4"", ""Foxm1"", ""Clspn"", ""Kif14"", ""Fhl2"", ""Bub1b"", ""Ndc1"", ""Wdhd1"", ""Trip13"", ""Gins1"", ""Exo1"", ""Aspm"", ""Arhgap11a"", ""Cenpi"", ""Uhrf1"", ""Ska3"", ""Ehf"", ""Anln"", ""Ppil1"", ""Parpbp"", ""Ckap2"", ""Rnf128"", ""Rfc3"", ""Fmn1"", ""Mms22l"", ""Gsr"", ""Ckap4"", ""Gtse1"", ""Apol9b"")"
"14","TABULA_MURIS_SENIS_HEART_AND_AORTA_ENDOCARDIAL_CELL_AGEING","1.80571830170006e-05","0.00141860198085614","0.575610261071129","-0.77961334517547","-2.09715480020858","23","c(""Rps28"", ""Rpl36"", ""Rpl39"", ""Rplp2"", ""Rpl38"", ""Rpl37"", ""Rps12"", ""B2m"", ""Eef1a1"", ""Rpl6"", ""Rpl31"", ""Rps20"", ""Rps23"", ""Cd74"", ""Rps18"", ""Junb"", ""Lgmn"", ""Rpl23"")"
"15","TABULA_MURIS_SENIS_MAMMARY_GLAND_T_CELL_AGEING","1.07867716712204e-11","1.03103559224082e-08","0.875325132024659","-0.512721037921693","-2.08429539607806","262","c(""Rps28"", ""Vim"", ""Gimap4"", ""Crip1"", ""Ccnd2"", ""Ms4a4b"", ""Atp5e"", ""Cd52"", ""Gstp1"", ""Id2"", ""Lcp1"", ""B2m"", ""Nkg7"", ""Polr2l"", ""Hmgb2"", ""Psme2"", ""Itgb7"", ""Aldoa"", ""Fxyd5"", ""Uqcrq"", ""Tagln2"", ""Cotl1"", ""Lsm7"", ""Snrpd3"", ""AW112010"", ""Anxa6"", ""Il7r"", ""Bcl2a1d"", ""Bola2"", ""Gpr183"", ""Bcl2a1b"", ""Capg"", ""Ctsw"", ""Sema4a"", ""Atp5k"", ""Bcl2"", ""Hnrnpa3"", ""Atp5l"", ""Nme1"", ""Ctss"", ""Tomm6"", ""Nop10"", ""S100a6"", ""B4galnt1"", ""Cbx3"", ""S100a4"", ""Pkm"", ""Atp5g1"", ""Vars"", ""Cd7"", ""Rps27l"", ""Hspa5"", ""Ctla2a"", ""Romo1"", ""Cd82"", ""Clec2d"", 
""Zfp36l2"", ""Cdk4"", ""Ssrp1"", ""Uqcr10"", ""Nfkbid"", ""Cox7b"", ""Rexo2"", ""Tomm7"", ""Ndufb2"", ""Lmo4"", ""Polr2f"", ""Uqcc2"", ""Cox7c"", ""Junb"", ""Gm2a"", ""Tmem256"", ""Atp5j2"", ""Ly6a"", ""Fcer1g"", ""Cox8a"", ""Cd69"", ""Cst7"", ""Il2rb"", ""Lgals3"", ""Gata3"", ""S100a11"", ""Gem"", ""Vasp"", ""Odc1"", ""Nr4a1"", ""Serinc3"", ""Timp2"", ""Tyrobp"", ""Esyt1"", ""Il18r1"", ""Glipr2"", ""Icos"", ""Ier2"", ""Tagap"", ""Rpn2"", ""Fgl2"", ""Zfp36l1"", ""Ahnak"", ""Tpst2"", ""Cd3e"", ""Prr13"", ""Fkbp3"", ""Ccl5"", ""Cxcr6"", ""Rgs1"", ""Ndufc1"", ""Lmna"", ""Cox7a2"", ""Ndufa12"", ""Xcl1"", ""Snrpd2"", 
""Tmsb4x"", ""Psmb9"", ""Gadd45b"", ""Lsm5"", ""Dbi"", ""Klrk1"", ""Ctsb"", ""Cebpb"", ""Fos"", ""Uqcr11"", ""Ifitm3"", ""Tnfrsf1b"", ""Slc3a2"", ""Cox5b"", ""Ccr2"", ""Ccl4"", ""Ifitm2"", ""Rnh1"")"
"16","TABULA_MURIS_SENIS_LIMB_MUSCLE_SMOOTH_MUSCLE_CELL_AGEING","7.95011656291939e-06","0.00078610204290246","0.593325476396405","-0.661106194101452","-2.08089631035832","46","c(""Tuba4a"", ""B2m"", ""Aldoa"", ""Rbbp7"", ""Capg"", ""Isg15"", ""S100a6"", ""Pkm"", ""Ifit1"", ""Rtp4"", ""Eif2s2"", ""Ifi47"", ""Lgals3"", ""Inpp4b"", ""Irf1"", ""Igf2"", ""Ifi203"", ""Irgm1"", ""Ifit3"")"
"17","TABULA_MURIS_SENIS_LIMB_MUSCLE_MACROPHAGE_AGEING","2.96670098874661e-06","0.000386682503874133","0.627256739718528","-0.612175348693369","-2.08018348649253","70","c(""Rps28"", ""Rpl39"", ""Rpl35"", ""Rpl38"", ""Tuba4a"", ""Cd52"", ""Rps19"", ""Hmgb2"", ""Itgb7"", ""Aldoa"", ""Pgk1"", ""Fxyd5"", ""Plac8"", ""Tkt"", ""Rpl6"", ""Ctss"", ""Rpsa"", ""S100a6"", ""Pkm"", ""Cytip"", ""Cd74"", ""Rps18"", ""Lmo4"", ""Samsn1"", ""Gm2a"", ""Lgals3"", ""Cks2"", ""S100a11"", ""Vasp"")"
"18","TABULA_MURIS_SENIS_LIVER_ENDOTHELIAL_CELL_OF_HEPATIC_SINUSOID_AGEING","2.01432868216003e-09","7.70144999479184e-07","0.774939030136436","-0.528300005417867","-2.07124650588501","187","c(""Rps28"", ""Rpl36"", ""Rpl39"", ""Rpl35"", ""Rpl36a"", ""Rplp2"", ""Rplp1"", ""Rpl22l1"", ""Crip1"", ""Rpl38"", ""Rpl37"", ""Rps12"", ""Gstp1"", ""Rps19"", ""Pabpc1"", ""Set"", ""Id2"", ""Rps8"", ""B2m"", ""Eef1a1"", ""Rpl23a"", ""Ncl"", ""AW112010"", ""Bola2"", ""Bcl2a1b"", ""Capg"", ""Rps25"", ""Atp5k"", ""Rpl6"", ""Ptma"", ""Rpl31"", ""Isg15"", ""Hspd1"", ""Rpl22"", ""Rpsa"", ""Rps20"", ""Cbx3"", ""Rpl14"", ""Wdr89"", ""Rps23"", ""Cd82"", ""Clec2d"", ""Rgs3"", ""Cd74"", ""Samhd1"", ""Zfp36l2"", ""Rps18"", ""Rps17"", ""Lmo4"", ""Ndufa5"", ""Irf7"", ""Junb"", ""Pdap1"", ""Ly6a"", ""Rpl21"", ""Irf1"", ""Rpl23"", 
""Zfp36l1"", ""Sod1"", ""Rsad2"", ""Ifit3"", ""Nucks1"", ""Rps15"", ""Nap1l1"", ""Stat1"", ""Prr13"", ""Ccl5"", ""Ehd4"")"
"19","HEVNER_CORTEX_PROLIFERATING_CELLS","1.38028023147295e-05","0.00116410398933785","0.593325476396405","-0.756176288696218","-2.06510352973255","25","c(""Top2a"", ""Mcm5"", ""Mcm6"", ""Mcm3"", ""Nusap1"", ""Mki67"", ""Mcm7"", ""Plk1"", ""Gmnn"", ""Slbp"", ""Shcbp1"", ""Nuf2"", ""Ccne1"", ""Ccnb1"", ""Bub1"", ""E2f1"", ""Mcm2"", ""Mcm10"", ""Mybl2"", ""Mcm4"", ""Foxm1"", ""Bub1b"")"
"20","TABULA_MURIS_SENIS_HEART_AND_AORTA_FIBROBLAST_OF_CARDIAC_TISSUE_AGEING","2.62985055893289e-08","8.87187820910597e-06","0.73376198835648","-0.534515990328578","-2.05208810504009","157","c(""Rpl41"", ""Rps28"", ""Rpl36"", ""Rpl39"", ""Rpl35"", ""Rpl36a"", ""Rplp2"", ""Vim"", ""Rplp1"", ""Rpl22l1"", ""Crip1"", ""Rpl15"", ""Klf2"", ""Rpl38"", ""Rpl37"", ""Rps12"", ""Rps19"", ""Ifi27l2a"", ""Pabpc1"", ""Id2"", ""Rps8"", ""B2m"", ""Eef1a1"", ""Rpl23a"", ""Fxyd5"", ""AW112010"", ""Capg"", ""Rps25"", ""Rps2"", ""Rpl6"", ""Rpl31"", ""Rpl22"", ""Rpsa"", ""Rps20"", ""S100a6"", ""Rpl14"", ""Wdr89"", ""Rps23"", ""Cd74"", ""Zfp36l2"", ""Rps18"", ""Rps17"", ""Junb"", ""Ly6a"", ""Npm1"", ""Rpl21"", ""Add3"", ""Nr4a1"", ""Trf"", ""Rpl23"", ""Zfp36l1"", ""Ifi203"", ""Sod1"", ""Rps15"", ""Prr13"")"
"21","TABULA_MURIS_SENIS_LUNG_B_CELL_AGEING","7.90263820809785e-06","0.00078610204290246","0.593325476396405","-0.643990128153564","-2.05137918961251","51","c(""Vim"", ""Gimap4"", ""Crip1"", ""Ccnd2"", ""Srgn"", ""B2m"", ""Psme2"", ""Fxyd5"", ""AW112010"", ""Anxa6"", ""Gpr183"", ""Bcl2a1b"", ""Capg"", ""Hspd1"", ""Ly6a"", ""Lgals3"", ""Cd9"", ""Odc1"", ""Ier2"", ""Phf11b"", ""Evi2a"", ""Ahnak"", ""Prr13"", ""Tubb4b"")"
"22","BURTON_ADIPOGENESIS_PEAK_AT_24HR","1.35467206391315e-05","0.0011595588487376","0.593325476396405","-0.692142143771213","-2.0398455236322","35","c(""Top2a"", ""Nusap1"", ""Kpna2"", ""Dctpp1"", ""Ube2c"", ""Cdk1"", ""Aurkb"", ""Ly6a"", ""Ccna2"", ""Rrm1"", ""Racgap1"", ""Tk1"", ""Cad"", ""Prc1"", ""Ccnb1"", ""Kif20a"", ""Hmmr"", ""Melk"", ""Bub1"", ""Cdc20"", ""Ipo5"")"
"23","TABULA_MURIS_SENIS_LIMB_MUSCLE_MESENCHYMAL_STEM_CELL_AGEING","1.16762717348093e-06","0.000176219522102977","0.643551836150722","-0.567861641798642","-2.02043531991553","99","c(""Klf2"", ""Tuba4a"", ""Gstp1"", ""B2m"", ""Eif4a1"", ""Aldoa"", ""AW112010"", ""Nop58"", ""Capg"", ""Isg15"", ""S100a6"", ""S100a4"", ""Myc"", ""Hspa5"", ""Ifit1"", ""Cd74"", ""Rtp4"", ""Junb"", ""Ly6a"", ""Lgals3"", ""Cd9"", ""Gem"", ""Irf1"", ""Nr4a1"", ""Ndrg1"", ""Trf"", ""Hspa8"", ""Zfp36l1"", ""Ifi203"", ""Hsp90ab1"", ""Irgm1"", ""Prr13"", ""Hk2"", ""Anxa1"", ""Gadd45g"", ""Gadd45b"", ""Iigp1"", ""Cebpb"", ""Fos"", ""Ifitm3"", ""Mt1"", ""Rrad"", ""Icam1"", ""Ecm1"", ""Egr1"", ""Ifi204"")"
"24","ZAMORA_NOS2_TARGETS_UP","2.54159532004436e-05","0.00186872425134031","0.575610261071129","-0.684319194371949","-2.01679013182099","35","c(""Srm"", ""Hmgb2"", ""Mcm5"", ""Rbbp7"", ""Pcna"", ""Ppa1"", ""Mcm6"", ""Rpsa"", ""Ran"", ""Lig1"", ""Tyms"", ""Rrm1"", ""Nelfe"", ""Ier2"", ""Hspa8"", ""Ccne1"", ""Pabpc4"", ""Fen1"", ""Mcm2"")"
"25","GOCC_CYTOSOLIC_RIBOSOME","8.78811952064985e-06","0.000839997757515449","0.593325476396405","-0.581701419692537","-2.0065982921028","80","c(""Rpl41"", ""Rps28"", ""Rpl36"", ""Rpl39"", ""Rpl35"", ""Rpl36a"", ""Rps26"", ""Rplp2"", ""Rplp1"", ""Rpl15"", ""Rpl38"", ""Rpl37"", ""Rps12"", ""Rps19"", ""Rps8"", ""Eef1a1"", ""Rpl23a"", ""Rps25"", ""Rps2"", ""Rpl6"", ""Rpl31"", ""Nhp2"", ""Rpl22"", ""Rpsa"", ""Rps20"", ""Rpl14"", ""Rps23"", ""Rps27l"", ""Gm2000"", ""Rps18"", ""Rps17"")"
"26","ICHIBA_GRAFT_VERSUS_HOST_DISEASE_D7_UP","2.39646935886871e-05","0.00178490282767689","0.575610261071129","-0.580499769649626","-2.00091381122532","78","c(""Gimap4"", ""Psme2"", ""Plac8"", ""AW112010"", ""Isg15"", ""Ctss"", ""Pkm"", ""Ifit1"", ""Cd74"", ""Samhd1"", ""Ifi47"", ""Irf7"", ""Lgals3bp"", ""Ly6a"", ""Irf1"", ""Usp18"", ""Tyrobp"", ""Il18r1"", ""Ifi35"", ""Fgl2"", ""Irgm1"", ""Ifit3"", ""Irf8"", ""Stat1"", ""Litaf"", ""Tmsb4x"", ""Psmb9"", ""Eif1a"", ""Iigp1"", ""Ctla2b"", ""Mt1"", ""Serpina3g"", ""Lyz2"", ""Icam1"", ""Ifi204"", ""Cd14"", ""C1qc"", ""Rnf19b"", ""C1qb"", ""Mpeg1"", ""Cxcl10"", ""Tgtp1"", ""Gbp2"", ""Gbp3"", ""Hck"")"
"27","REACTOME_EUKARYOTIC_TRANSLATION_INITIATION","7.22246805368083e-06","0.000767052857182584","0.610526878385931","-0.572930837808912","-1.99486107026623","83","c(""Rps28"", ""Rpl36"", ""Rpl39"", ""Rpl35"", ""Rpl36a"", ""Rps26"", ""Rplp2"", ""Rplp1"", ""Rpl22l1"", ""Rpl15"", ""Rpl38"", ""Rpl37"", ""Rps12"", ""Rps19"", ""Pabpc1"", ""Rps8"", ""Rpl23a"", ""Eif4a1"", ""Rps25"", ""Rps2"", ""Rpl6"", ""Rpl31"", ""Rpl22"", ""Rpsa"", ""Rps20"", ""Rpl14"", ""Rps23"", ""Rps27l"", ""Gm2000"", ""Rps18"", ""Rps17"", ""Eif2s2"")"
"28","REICHERT_MITOSIS_LIN9_TARGETS","5.28959531985963e-05","0.00344725331356761","0.557332238758646","-0.74979840974886","-1.9928333292728","22","c(""Hmgb2"", ""Top2a"", ""Nusap1"", ""Mki67"", ""Myo6"", ""Cenpe"", ""Plk1"", ""Cenpf"", ""Ccnb1"", ""Kif20a"", ""Hmmr"", ""Fbxo5"", ""Ccnf"", ""Kif2c"", ""Cdca2"", ""Cep55"", ""Kif23"")"
"29","ZHANG_UTERUS_C2_REGENERATIVE_UP","4.18256591803124e-05","0.00289000187227821","0.557332238758646","-0.625053449919745","-1.98536540658048","48","c(""Rps28"", ""Rpl39"", ""Rpl36a"", ""Rps26"", ""Mif"", ""Rplp1"", ""Rpl38"", ""Rps12"", ""Id2"", ""Pcna"", ""Rpl14"", ""Hint1"")"
"30","GOBP_RIBOSOME_BIOGENESIS","5.6032674223913e-08","1.53022565082924e-05","0.719512826338911","-0.508347568794548","-1.9837705558432","176","c(""Rps28"", ""Rpl35"", ""Rpl38"", ""Rps12"", ""Rps19"", ""Rps8"", ""C1qbp"", ""Rpl23a"", ""Ddx21"", ""Ncl"", ""Pa2g4"", ""Nop58"", ""Fbl"", ""Rps25"", ""Rpl6"", ""Nhp2"", ""Rpsa"", ""Nop10"", ""Ran"", ""Rpl14"", ""Gar1"", ""Rps23"", ""Chd7"", ""Rrp15"", ""Rps27l"", ""Gm2000"", ""Serbp1"", ""Rps17"", ""Mybbp1a"", ""Noc2l"", ""Rcl1"", ""Grwd1"", ""Npm1"", ""Wdr43"", ""Nifk"", ""Pno1"", ""Rrp9"", ""Rrp1b"", ""Ppan"", ""Mrto4"", ""Nop2"", ""Npm3"", ""Rrs1"", ""Rps15"", ""Pdcd11"", ""Ltv1"", ""Nle1"", ""Isg20"", ""Bop1"", ""Tma16"", ""Lsm6"", ""Dkc1"", ""Ddx18"", ""Wdr46"", ""Rrp12"", ""Nop56"", ""Nop16"", ""Nat10"", 
""Wdr75"", ""Utp18"", ""Lyar"", ""Ftsj3"", ""Rpp38"", ""Ipo4"", ""Rpf2"", ""Znhit6"", ""Mdn1"", ""Rpp40"", ""Pes1"", ""Xpo1"", ""Exosc1"", ""Sdad1"", ""Spata5"", ""Ddx27"", ""Exosc2"", ""Utp20"", ""Zfp593"", ""Ddx56"", ""Nol10"", ""Wdr74"", ""Tsr1"", ""Wdr18"")"
"31","ICHIBA_GRAFT_VERSUS_HOST_DISEASE_35D_UP","1.80586641411659e-06","0.000255162947346233","0.643551836150722","-0.560760771051875","-1.98211099202919","95","c(""Cd52"", ""Plac8"", ""Ctss"", ""S100a6"", ""S100a4"", ""Pkm"", ""Cd7"", ""Cytip"", ""Cd74"", ""Samhd1"", ""Ctsc"", ""Ifi47"", ""Birc5"", ""Lgals3"", ""S100a11"", ""Nop2"", ""Tyrobp"", ""Atp1b3"", ""Lgmn"", ""Plk1"", ""Fgl2"", ""Irgm1"", ""Stat1"", ""Ccl5"", ""Litaf"", ""Tmsb4x"", ""Ncf4"", ""Psmb9"", ""Ccl4"", ""Ctla2b"", ""Tspan4"", ""Mt1"", ""Rbm3"", ""Serpina3g"", ""Lyz2"", ""Ctps"", ""Colgalt1"", ""Camp"", ""Cd14"", ""C1qc"", ""Ms4a6c"", ""Grn"", ""Mcm4"", ""C1qb"", ""S100a9"", ""Casp1"", ""Mpeg1"", ""Tgtp1"", ""Pdk3"", ""Gbp2"", ""Gbp3"", ""C1qa"", ""Hck"", ""Aif1"", ""Snx10"", ""Vcam1"", ""Ear2"", ""Cfp"", 
""S100a8"", ""Bcl2a1a"", ""Lbp"", ""Slpi"", ""Ifi205"", ""Trbc1"", ""Cd68"", ""Nampt"", ""Lpl"", ""Csf1r"")"
"32","KARLSSON_TGFB1_TARGETS_UP","2.78013632143183e-06","0.000370792600079338","0.627256739718528","-0.565258103143512","-1.98149162015032","90","c(""Set"", ""Srm"", ""Eif5a"", ""Hspe1"", ""Ddx21"", ""Ncl"", ""Tpm4"", ""Gnl3"", ""Ppa1"", ""Hspd1"", ""Rrm2"", ""Myc"", ""Cycs"", ""Ybx3"", ""Shmt2"", ""Hspa9"", ""Ctla2a"", ""Nolc1"", ""Mybbp1a"", ""Eif2s2"", ""Phgdh"", ""Gcsh"", ""Nsun2"", ""Mrto4"", ""Rcc1"", ""Pum3"", ""Gars"", ""Cct3"", ""Gadd45g"", ""Tnfrsf9"", ""Pprc1"", ""Eif2s1"", ""Naa15"", ""Wdr75"", ""Utp18"", ""Lyar"", ""Ipo5"", ""Rpf2"")"
"33","REACTOME_NONSENSE_MEDIATED_DECAY_NMD_INDEPENDENT_OF_THE_EXON_JUNCTION_COMPLEX_EJC","1.88788554646951e-05","0.00146311129851387","0.575610261071129","-0.589048933394305","-1.97743985744224","67","c(""Rps28"", ""Rpl36"", ""Rpl39"", ""Rpl35"", ""Rpl36a"", ""Rps26"", ""Rplp2"", ""Rplp1"", ""Rpl22l1"", ""Rpl15"", ""Rpl38"", ""Rpl37"", ""Rps12"", ""Rps19"", ""Pabpc1"", ""Rps8"", ""Rpl23a"", ""Rps25"", ""Rps2"", ""Rpl6"", ""Rpl31"", ""Rpl22"", ""Rpsa"", ""Rps20"", ""Rpl14"", ""Rps23"", ""Rps27l"", ""Gm2000"", ""Rps18"", ""Rps17"")"
"34","ZHENG_GLIOBLASTOMA_PLASTICITY_UP","4.21533695034386e-07","7.32574466976425e-05","0.674962860011025","-0.522252863858087","-1.97104069202154","144","c(""Ccnd2"", ""Tuba4a"", ""Top2a"", ""Igfbp4"", ""Mcm5"", ""Mcm6"", ""Mcm3"", ""Nusap1"", ""Rrm2"", ""Tesc"", ""Ass1"", ""Lig1"", ""Mthfd2"", ""Spc25"", ""Hells"", ""Tpx2"", ""Cdca8"", ""Etv5"", ""Birc5"", ""Cks1b"", ""Aurkb"", ""Cdca3"", ""Cks2"", ""Rrm1"", ""Rad51"", ""Ccnb2"", ""Racgap1"", ""Rad51ap1"", ""Tk1"", ""Rcc1"", ""Acot7"", ""Pola1"", ""Cdc45"", ""Plk1"", ""Fignl1"", ""Cit"", ""Prc1"", ""Ndc80"", ""Shcbp1"", ""Rfc4"", ""Nes"", ""Mis18bp1"", ""Nuf2"", ""Rpgrip1"", ""Ccnb1"", ""Melk"", ""Bub1"", ""Fen1"", ""Ccnf"", ""Chl1"", ""Mad2l1"", ""Mcm2"", ""Cdc20"", ""Ctps"", ""Kif4"", ""Zfp367"", ""Pole"", 
""Kif23"", ""Spag5"", ""Gcat"", ""Rassf3"", ""Pold1"", ""Hopx"", ""Incenp"", ""Cdt1"", ""Mcm4"", ""Clspn"", ""Socs2"", ""Exo1"", ""Aspm"")"
"35","GOMF_RIBONUCLEOPROTEIN_COMPLEX_BINDING","1.61431279416844e-05","0.00130395547528958","0.575610261071129","-0.572383516947901","-1.97100025096416","77","c(""Rpl35"", ""Rplp2"", ""Rplp1"", ""Snrpg"", ""Eif5a"", ""C1qbp"", ""Snrpd3"", ""Nme1"", ""Rpsa"", ""Ybx3"", ""Hspa5"", ""Gm2000"", ""Snrpe"", ""Serbp1"", ""Slfn1"", ""Nolc1"", ""Hnrnpu"", ""Npm1"", ""G3bp1"", ""Ung"", ""Rpn2"", ""Ifrd2"", ""Eif4a3"", ""Prmt3"", ""Bop1"", ""Tma16"", ""Snrpd2"", ""Eif2s1"", ""Eif1a"", ""Naa15"", ""Snrpd1"", ""Naa10"", ""Rbm3"", ""Prmt1"", ""Spata5"", ""Snrpb2"", ""Timm50"")"
"36","HEVNER_CORTEX_RADIAL_GLIA_PROGENITORS","9.22994032429147e-10","4.41114231331763e-07","0.801215574617779","-0.477709640793917","-1.96472484057408","277","c(""Vim"", ""Top2a"", ""Ranbp1"", ""Mcm5"", ""Rbbp7"", ""Mcm6"", ""Shmt1"", ""Mcm3"", ""Nusap1"", ""Rrm2"", ""Lig1"", ""Mthfd1"", ""Rgs3"", ""Ssrp1"", ""Mthfd2"", ""Spc25"", ""Cdk1"", ""Hells"", ""Phgdh"", ""Tpx2"", ""Cdca8"", ""Birc5"", ""Aurkb"", ""Gcsh"", ""Cdca3"", ""Tyms"", ""Mtap"", ""Spc24"", ""Ccna2"", ""Snx5"", ""Prim1"", ""Mxd3"", ""Nelfe"", ""Nfkb1"", ""P2rx7"", ""Rad51"", ""Pdlim4"", ""Mcm7"", ""Pbk"", ""Ccnb2"", ""Tacc3"", ""Racgap1"", ""Rad51ap1"", ""Ncapg"", ""Pola1"", ""Cenpe"", ""Ccdc86"", ""Cdc45"", ""Nup85"", ""Asf1b"", ""Plk1"", ""Fignl1"", ""Cenpm"", ""Kif11"", ""Cit"", ""Prc1"", ""Ndc80"", 
""Ttk"", ""Cdca7l"", ""Gmnn"", ""Ide"", ""Slbp"", ""Cenpk"", ""Ccdc102a"", ""Shcbp1"", ""Dkc1"", ""Rfc4"", ""Neil3"", ""Mis18bp1"", ""Bola3"", ""Dhfr"", ""Pole2"", ""Nuf2"", ""Litaf"", ""Ccne1"", ""Alg8"", ""Ccne2"", ""Pkmyt1"", ""Dbi"", ""Melk"", ""Dnmt3b"", ""Chek1"", ""Cdca5"", ""Fbxo5"", ""Cmss1"", ""Dscc1"", ""Fen1"", ""Ccnf"", ""Timeless"", ""Mad2l1"", ""Mcm2"", ""Ska1"", ""Ncaph"", ""Dlgap5"", ""Cdca2"", ""Mt1"", ""Cdc6"", ""Larp7"", ""Mcm10"", ""Kif4"", ""Espl1"", ""Kntc1"", ""Pole"", ""Kif23"", ""BC055324"", ""Stil"", ""E2f8"", ""Spag5"", ""Mybl2"", ""Pold1"", ""Prokr1"", ""Iqgap2"", ""Incenp"", ""Cdt1"", 
""Ppm1m"", ""Mcm4"", ""Foxm1"", ""Clspn"", ""Bub1b"", ""Wdhd1"", ""Trip13"", ""Gins1"", ""Exo1"", ""Paics"", ""Aspm"", ""Casp7"", ""Smpdl3a"", ""Uhrf1"", ""Nbn"", ""Lrr1"", ""Anln"", ""Parpbp"", ""Rfc3"")"
"37","GOBP_ALDEHYDE_BIOSYNTHETIC_PROCESS","0.000143151375514824","0.00781879179597631","0.518848077743792","-0.807425544710314","-1.96316021783948","15","c(""Aldoa"", ""Pgk1"", ""Tkt"", ""Tpi1"", ""Gapdh"", ""Pgam1"")"
"38","TABULA_MURIS_SENIS_HEART_AND_AORTA_LEUKOCYTE_AGEING","2.99100057596046e-05","0.00211770225964608","0.575610261071129","-0.56152868646126","-1.96257515886793","84","c(""Rps28"", ""Rpl36"", ""Rpl39"", ""Rpl35"", ""Rpl36a"", ""Rpl22l1"", ""Rpl38"", ""Rpl37"", ""Rps12"", ""Rps19"", ""Rps8"", ""Srgn"", ""Eef1a1"", ""Rpl23a"", ""Rps25"", ""Rpl6"", ""Rps20"", ""S100a6"", ""S100a4"", ""Rpl14"", ""Rps23"", ""Rps18"", ""Lmo4"", ""Junb"", ""Samsn1"", ""Ly6a"", ""Lgals3"", ""Nr4a1"")"
"39","REACTOME_NONSENSE_MEDIATED_DECAY_NMD","4.49145801177806e-05","0.00306648948780323","0.557332238758646","-0.577107400239463","-1.96079949717695","72","c(""Rps28"", ""Rpl36"", ""Rpl39"", ""Rpl35"", ""Rpl36a"", ""Rps26"", ""Rplp2"", ""Rplp1"", ""Rpl22l1"", ""Rpl15"", ""Rpl38"", ""Rpl37"", ""Rps12"", ""Rps19"", ""Pabpc1"", ""Rps8"", ""Rpl23a"", ""Rps25"", ""Rps2"", ""Rpl6"", ""Rpl31"", ""Rpl22"", ""Rpsa"", ""Rps20"", ""Rpl14"", ""Rps23"", ""Rps27l"", ""Gm2000"", ""Rps18"", ""Rps17"")"
"40","HOFFMANN_LARGE_TO_SMALL_PRE_BII_LYMPHOCYTE_UP","7.83841947302614e-07","0.000121495501831905","0.659444398037935","-0.532658790779655","-1.96056063640351","124","c(""Tuba1b"", ""Ldha"", ""Itgb7"", ""Top2a"", ""Mcm6"", ""Nusap1"", ""Rrm2"", ""Lig1"", ""Kpna2"", ""Mki67"", ""Tubb5"", ""Fam111a"", ""Dctpp1"", ""Mthfd2"", ""Ube2c"", ""Cdk1"", ""Hells"", ""Cks1b"", ""Aurkb"", ""Cdca3"", ""Ccna2"", ""Cks2"", ""Rrm1"", ""Rad51"", ""Ccnb2"", ""Racgap1"", ""Tk1"", ""Pola1"", ""Cenpe"", ""Cdc45"", ""Cit"", ""Prc1"", ""Nucks1"", ""Ndc80"", ""Ttk"", ""Ide"", ""Tubb4b"", ""Mis18bp1"", ""Ccne1"", ""Ccnb1"", ""Kif20a"", ""Melk"", ""Hes1"", ""Cdca5"", ""Bub1"", ""Chaf1b"", ""Fen1"", ""Cdc20"", ""Ipo5"", ""Slc29a1"", ""Ncaph"", ""Ddx19a"", ""Dlgap5"", ""Anp32b"", ""Kif2c"", ""Anp32a"", 
""Mcm10"", ""Kif4"", ""Xpo1"", ""Kif23"", ""Camp"", ""E2f8"")"
"41","SIMBULAN_PARP1_TARGETS_UP","0.000167176417727458","0.00887737736728677","0.518848077743792","-0.804318172352935","-1.95560500753682","15","c(""Ccnd2"", ""Igfbp4"", ""S100a6"", ""Ctla2a"", ""Ly6a"", ""Timp2"")"
"42","ISHIDA_E2F_TARGETS","4.70262186974205e-05","0.0031616026737073","0.557332238758646","-0.613887784775247","-1.95483109412104","49","c(""Hmgb2"", ""Top2a"", ""Pcna"", ""Mcm3"", ""Nusap1"", ""Rrm2"", ""Lig1"", ""Kpna2"", ""Mki67"", ""Dctpp1"", ""Cdk1"", ""Aurkb"", ""Ccna2"", ""Prim1"", ""Rrm1"", ""Rad51"", ""Mcm7"", ""Ccnb2"", ""Kifc1"", ""Tk1"", ""Asf1b"", ""Prc1"", ""Slbp"", ""Ccne1"", ""Ccnb1"", ""Bub1"", ""Fen1"", ""Cdc20"", ""Ncaph"", ""Kif2c"")"
"43","KONG_E2F3_TARGETS","1.43733905993935e-05","0.00118010361419744","0.593325476396405","-0.559554368609342","-1.95161590433075","82","c(""Hmgb2"", ""Top2a"", ""Mcm3"", ""Nusap1"", ""Mki67"", ""Fam111a"", ""Spc25"", ""Ube2c"", ""Tpx2"", ""Cdca3"", ""Tyms"", ""Ccna2"", ""Prim1"", ""Syce2"", ""Rad51"", ""Pbk"", ""Tacc3"", ""Racgap1"", ""Rad51ap1"", ""Tk1"", ""Ncapg"", ""Ncapg2"", ""Asf1b"", ""Plk1"", ""Fignl1"", ""Kif11"", ""Prc1"", ""Cenpk"", ""Cenph"", ""Shcbp1"", ""Nuf2"", ""Cenpf"", ""Depdc1a"", ""Ccne1"", ""Ccnb1"", ""Kif20a"", ""Hmmr"", ""Melk"", ""Cdca5"", ""Bub1"", ""Chaf1b"", ""Fen1"", ""Ccnf"", ""Cdc20"", ""Ncaph"", ""Dlgap5"", ""Kif2c"", ""Cdc6"")"
"44","GOCC_SNO_S_RNA_CONTAINING_RIBONUCLEOPROTEIN_COMPLEX","0.000126462045452506","0.00711039049676592","0.518848077743792","-0.770291636468451","-1.95100651226137","18","c(""Nop58"", ""Fbl"", ""Nhp2"", ""Nop10"", ""Gar1"", ""Nolc1"", ""Rrp9"", ""Lsm6"", ""Dkc1"", ""Nop56"", ""Rpp38"", ""Rpp40"")"
"45","ZHANG_UTERUS_C4_MYOFIBROBLAST","1.51002002393203e-07","3.8378463980283e-05","0.690132458796796","-0.501871534558809","-1.95052818849375","173","c(""Rpl35"", ""Gm10076"", ""Vim"", ""Rpl22l1"", ""Rpl15"", ""Hmgn2"", ""Gstp1"", ""Srm"", ""Eef1a1"", ""Nab2"", ""Anxa6"", ""Nop58"", ""Bzw2"", ""Nme2"", ""Rbbp7"", ""Tpm4"", ""Atp5l"", ""Ran"", ""S100a6"", ""Wdr89"", ""Myc"", ""Gapdh"", ""Hspa5"", ""Gm2000"", ""Uqcc2"", ""Ly6a"", ""Sap18"", ""S100a11"", ""Gem"", ""Nfkb1"", ""Nr4a1"", ""Rpn2"", ""Fgl2"", ""Zfp36l1"", ""Vkorc1"", ""Nucb1"", ""Slc25a39"", ""Trib1"", ""Hk2"", ""Anxa1"", ""Gadd45g"", ""Lmna"", ""Eif1a"", ""Dbi"", ""Fos"", ""St3gal5"", ""Umps"", ""Eef1g"", ""Mt1"", ""Rpn1"", ""Rbm3"", ""Icam1"", ""Ecm1"", ""Nppc"", ""Pdia3"", ""Lgals1"", ""Hmgn1"", 
""Egr1"", ""B4galt5"", ""Ifi204"", ""Bhlhe40"")"
"46","TABULA_MURIS_SENIS_DIAPHRAGM_SKELETAL_MUSCLE_SATELLITE_CELL_AGEING","6.65752848691013e-07","0.000109088359635513","0.659444398037935","-0.518093042440889","-1.94962443350614","138","c(""Rpl41"", ""Rpl36"", ""Rpl35"", ""Rps26"", ""Rplp2"", ""Mif"", ""Rplp1"", ""Rpl22l1"", ""Crip1"", ""Snrpg"", ""Tuba4a"", ""Gstp1"", ""Rps8"", ""B2m"", ""Uqcrq"", ""Hspe1"", ""Ncl"", ""Snrpd3"", ""Ranbp1"", ""Nme2"", ""Capg"", ""Rpl6"", ""Ptma"", ""Rpl31"", ""Nhp2"", ""Atp5l"", ""Rpl22"", ""Tomm6"", ""Nop10"", ""Rps20"", ""Rpl14"", ""Atp5g1"", ""Hint1"", ""Cycs"", ""Rps27l"", ""Romo1"", ""Uqcr10"", ""Rps18"", ""Ndufb2"", ""Uqcc2"", ""Pdap1"", ""Atp5j2"", ""Cox8a"", ""Rpl21"")"
"47","TABULA_MURIS_SENIS_MARROW_ERYTHROBLAST_AGEING","7.55091596316045e-07","0.000120290286246459","0.659444398037935","-0.518495040241387","-1.94818745559642","139","c(""Rpl41"", ""Rps28"", ""Rpl36"", ""Rpl35"", ""Rpl36a"", ""Rplp1"", ""Rpl22l1"", ""Crip1"", ""Rpl15"", ""Rpl38"", ""Rpl37"", ""Rps12"", ""Cd52"", ""Rps19"", ""Rps8"", ""Ldha"", ""Eef1a1"", ""Aldoa"", ""Ncl"", ""Ppia"", ""Top2a"", ""Prdx1"", ""Rps25"", ""Rps2"", ""Rpl6"", ""Nme1"", ""Rpsa"", ""Rps20"", ""S100a6"", ""Calr"", ""Rpl14"", ""Pkm"", ""Kpna2"", ""Rps23"", ""Hint1"", ""Cycs"", ""Gapdh"", ""Mthfd2"", ""Rps18"", ""Rps17"", ""Rexo2"", ""Ube2c"", ""Eif2s2"", ""Cdk1"", ""Fcer1g"", ""Npm1"", ""S100a11"", ""Tyrobp"", ""Esco2"", ""Cenpe"", ""Rpl23"", ""Hsp90ab1"", ""Prc1"", ""Rps15"")"
"48","TABULA_MURIS_SENIS_TONGUE_KERATINOCYTE_AGEING","0.000179188955692364","0.00917543447228311","0.518848077743792","-0.746871898602101","-1.94201988620162","20","c(""Rplp2"", ""Rplp1"", ""Rpl38"", ""Rps12"", ""Gstp1"", ""Ifi27l2a"", ""B2m"", ""Calr"")"
"49","GOBP_UNSATURATED_FATTY_ACID_METABOLIC_PROCESS","0.000217481455846603","0.0107522081834506","0.518848077743792","-0.685680023320919","-1.93954234177633","29","c(""Mif"", ""Gstp1"", ""Fabp5"", ""Ephx1"", ""Cd74"", ""Ptges3"")"
"50","TABULA_MURIS_SENIS_HEART_AND_AORTA_ENDOTHELIAL_CELL_OF_CORONARY_ARTERY_AGEING","2.11543483966452e-06","0.000288857590606572","0.627256739718528","-0.521757433143412","-1.93762835330516","130","c(""Rps28"", ""Rpl36"", ""Rpl39"", ""Rpl35"", ""Rpl36a"", ""Tuba1b"", ""Vim"", ""Rpl22l1"", ""Crip1"", ""Rpl38"", ""Rpl37"", ""Rps12"", ""Rps19"", ""Id2"", ""B2m"", ""Eef1a1"", ""Rpl23a"", ""Aldoa"", ""Tagln2"", ""Capg"", ""Rps25"", ""Rpl6"", ""Rps20"", ""S100a6"", ""Calr"", ""Pkm"", ""Smad7"", ""Rps23"", ""Ctla2a"", ""Cd74"", ""Junb"", ""Ly6a"", ""Rpl21"", ""Irf1"", ""Serinc3"", ""Ndrg1"", ""Rpn2"", ""Ybx1"", ""Zfp36l1"", ""Sod1"", ""Nucks1"", ""Ehd4"", ""Tubb4b"", ""Gadd45g"", ""Litaf"", ""Psmb9"", ""Sgms1"", ""Iigp1"", ""Dek"", ""Fos"", ""Slc3a2"")"
"51","LEE_AGING_NEOCORTEX_UP","0.00025193291501966","0.0119407873358492","0.49849310876659","-0.683265281823706","-1.93271190597684","29","c(""Vim"", ""Set"", ""B2m"", ""Phb"", ""Ctss"", ""Psat1"", ""Tubb5"", ""Lgals3bp"", ""Junb"", ""Cd9"", ""Nr4a1"", ""Ndrg1"", ""Atp1b3"")"
"52","ZHANG_UTERUS_C9_DENDRITIC_CELL","9.52700597275765e-05","0.00581248715465586","0.538434096309916","-0.599358976766595","-1.93016211163321","54","c(""Crip1"", ""Cd52"", ""Srgn"", ""Lcp1"", ""B2m"", ""Fxyd5"", ""Tagln2"", ""Cotl1"", ""Bcl2a1d"", ""Bcl2a1b"", ""Ctss"", ""Ifi30"", ""Cytip"", ""Cd74"", ""Ctsc"", ""Gm2a"", ""Fcer1g"", ""Lgals3"", ""Tyrobp"", ""Lgmn"", ""Syngr2"", ""Rgs1"", ""Tmsb4x"", ""Unc93b1"", ""Nr4a3"", ""Ifitm3"", ""Ccl4"", ""Il1r2"", ""Bhlhe40"", ""Cd83"", ""Rilpl2"", ""Ms4a4c"", ""Ms4a6c"", ""Alox5ap"", ""Napsa"", ""Cxcl16"", ""Mpeg1"")"
"53","GOBP_PROSTANOID_METABOLIC_PROCESS","0.00018384506983746","0.00933054403113126","0.518848077743792","-0.777720545941731","-1.92734862196401","17","c(""Mif"", ""Gstp1"", ""Fabp5"", ""Cd74"", ""Ptges3"", ""Anxa1"")"
"54","GOBP_TRANSLATION_AT_SYNAPSE","0.000279490049619038","0.0131383232341408","0.49849310876659","-0.65754975013436","-1.92370689358337","34","c(""Rps28"", ""Rpl36"", ""Rpl35"", ""Rpl36a"", ""Rps26"", ""Rplp2"", ""Rpl15"", ""Rpl38"", ""Rpl37"", ""Rps12"", ""Rpl23a"", ""Rpl6"", ""Rpl22"", ""Rpl14"")"
"55","BERENJENO_TRANSFORMED_BY_RHOA_UP","1.78871946553729e-11","1.28228826685704e-08","0.863415391606693","-0.455080726373036","-1.92135362165923","390","c(""Srm"", ""Ldha"", ""Pgk1"", ""Tagln2"", ""Ddx21"", ""Top2a"", ""Snrpd3"", ""Pa2g4"", ""Bola2"", ""Ranbp1"", ""Nop58"", ""Fbl"", ""Mcm5"", ""Capg"", ""Pcna"", ""Ppa1"", ""Shmt1"", ""Nhp2"", ""Hspd1"", ""Nme1"", ""Mcm3"", ""Nusap1"", ""Ran"", ""Gar1"", ""Myc"", ""Lig1"", ""Kpna2"", ""Tpi1"", ""Vars"", ""Cycs"", ""Mki67"", ""Psat1"", ""Ybx3"", ""Gapdh"", ""Gart"", ""Cytip"", ""Pgam1"", ""Ssrp1"", ""Dctpp1"", ""Mthfd2"", ""Cdk1"", ""Hells"", ""Ptges3"", ""Cdca8"", ""Rcl1"", ""Birc5"", ""Cks1b"", ""Aurkb"", ""Grwd1"", ""Nsun2"", ""Tyms"", ""Tcf19"", ""Hprt"", ""Ccna2"", ""Wdr43"", ""Ndufaf4"", ""Cks2"", ""Pno1"", 
""Prim1"", ""Rrm1"", ""Igf2"", ""Mrto4"", ""Alyref"", ""Odc1"", ""Rad51"", ""Nr4a1"", ""Aimp2"", ""Nop2"", ""Mcm7"", ""Atp1b3"", ""Tacc3"", ""Nup93"", ""Racgap1"", ""Rad51ap1"", ""Kifc1"", ""Tipin"", ""Tk1"", ""Rcc1"", ""Acot7"", ""Pola1"", ""Ifrd2"", ""Cdc45"", ""Nup85"", ""Asf1b"", ""Fignl1"", ""Rrs1"", ""Kif11"", ""Irgm1"", ""Prc1"", ""Pmf1"", ""Ttk"", ""Cdca7l"", ""Tmem97"", ""Pum3"", ""Gmnn"", ""Slbp"", ""Bop1"", ""Hk2"", ""Fam162a"", ""Cct3"", ""Rfc4"", ""Ddx18"", ""Mis18bp1"", ""Rrp12"", ""Dhfr"", ""Higd1a"", ""Pole2"", ""Snrpd2"", ""Tmsb4x"", ""Kif20a"", ""Nop16"", ""Pprc1"", ""Eif2s1"", ""Naa15"", 
""Rars"", ""Chek1"", ""Cdca5"", ""Bub1"", ""Utp18"", ""Chaf1b"", ""Dek"", ""E2f1"", ""Ttc27"", ""Snrpd1"", ""Rpl32"", ""Diaph3"", ""Fen1"", ""Ccnf"", ""Timeless"", ""Mad2l1"", ""Ftsj3"", ""Mcm2"", ""Cdc20"", ""Ipo5"", ""Rpf2"", ""Dlgap5"", ""Tfrc"", ""Kif2c"", ""Cdc6"", ""Mcm10"", ""Ctps"", ""Rangrf"", ""Kif4"", ""Xpo1"", ""Kif23"", ""Stip1"", ""E2f8"", ""Fam136a"", ""Mybl2"", ""Taf1d"", ""Pkp4"", ""Pold1"", ""Adora2b"")"
"56","GOCC_CYTOSOLIC_LARGE_RIBOSOMAL_SUBUNIT","0.000135377608084609","0.00746529406120414","0.518848077743792","-0.612778028348729","-1.91889572697086","45","c(""Rpl41"", ""Rpl36"", ""Rpl39"", ""Rpl35"", ""Rpl36a"", ""Rplp2"", ""Rplp1"", ""Rpl15"", ""Rpl38"", ""Rpl37"", ""Rps12"", ""Rpl23a"", ""Rpl6"", ""Rpl31"", ""Nhp2"", ""Rpl22"", ""Rpl14"", ""Gm2000"")"
"57","GOBP_RRNA_METABOLIC_PROCESS","1.82418148931047e-06","0.000255162947346233","0.643551836150722","-0.519577839254207","-1.91672884048522","126","c(""Rps28"", ""Rpl35"", ""Rps19"", ""Rps8"", ""Ddx21"", ""Ncl"", ""Pa2g4"", ""Fbl"", ""Rps25"", ""Nhp2"", ""Nop10"", ""Rpl14"", ""Gar1"", ""Chd7"", ""Rrp15"", ""Gm2000"", ""Rps17"", ""Rcl1"", ""Npm1"", ""Wdr43"", ""Nifk"", ""Rrp9"", ""Rrp1b"", ""Ppan"", ""Mrto4"", ""Nop2"", ""Npm3"", ""Rrs1"", ""Rps15"", ""Pdcd11"", ""Isg20"", ""Bop1"", ""Lsm6"", ""Dkc1"", ""Ddx18"", ""Wdr46"", ""Rrp12"", ""Nat10"", ""Wdr75"", ""Polr1b"", ""Utp18"", ""Lyar"", ""Polr1a"", ""Ftsj3"", ""Rpp38"", ""Rpf2"", ""Znhit6"", ""Slfn8"", ""Rpp40"", ""Pes1"", ""Exosc1"", ""Ddx27"", ""Exosc2"", ""Utp20"", ""Ddx56"", ""Nol10"", ""Wdr74"", ""Tsr1"", 
""Wdr18"")"
"58","GOBP_CYTOPLASMIC_TRANSLATION","1.13450111465085e-05","0.00102934813102458","0.593325476396405","-0.547859956703876","-1.91418190416825","89","c(""Rpl41"", ""Rps28"", ""Rpl36"", ""Rpl39"", ""Rpl36a"", ""Rps26"", ""Rplp2"", ""Rplp1"", ""Rpl22l1"", ""Rpl15"", ""Rpl38"", ""Rps12"", ""Rps19"", ""Rps8"", ""Rpl23a"", ""Eif4a1"", ""Rps25"", ""Rps2"", ""Rpl6"", ""Rpl31"", ""Rpl22"", ""Rpsa"", ""Rps20"", ""Rpl14"", ""Pkm"", ""Rps23"", ""Rps18"", ""Rps17"", ""Eif2s2"", ""Hnrnpu"")"
"59","HALLMARK_MYC_TARGETS_V1","3.36496500482089e-07","6.75478265038818e-05","0.674962860011025","-0.487062784433135","-1.90575243515377","178","c(""Snrpg"", ""Pabpc1"", ""Srm"", ""Ldha"", ""C1qbp"", ""Eif4a1"", ""Pgk1"", ""Apex1"", ""Hspe1"", ""Ddx21"", ""Ppia"", ""Snrpd3"", ""Pa2g4"", ""Ranbp1"", ""Fbl"", ""Mcm5"", ""Rps2"", ""Pcna"", ""Rpl6"", ""Phb"", ""Gnl3"", ""Mcm6"", ""Nhp2"", ""Hnrnpa3"", ""Hspd1"", ""Nme1"", ""Rpl22"", ""Ran"", ""Cbx3"", ""Rpl14"", ""Myc"", ""Cdk4"", ""Serbp1"", ""Nolc1"", ""Eif2s2"", ""Hnrnpu"", ""Impdh2"", ""Tyms"", ""Hprt"", ""Pold2"", ""Ccna2"", ""Npm1"", ""G3bp1"", ""Rrp9"", ""Rrm1"", ""Odc1"", ""Aimp2"", ""Mcm7"", ""Srsf2"", ""Cad"", ""Cdc45"", ""Hsp90ab1"", ""Nap1l1"", ""Trim28"", ""Cct3"", ""Mrps18b"", ""Rfc4"", ""Ddx18"", 
""Nop56"", ""Ppm1g"", ""Snrpd2"", ""Kars"", ""Nop16"", ""Eif2s1"", ""Dek"", ""Pabpc4"", ""Snrpd1"", ""Mad2l1"", ""Mcm2"", ""Cdc20"")"
"60","GOBP_ANTIMICROBIAL_HUMORAL_IMMUNE_RESPONSE_MEDIATED_BY_ANTIMICROBIAL_PEPTIDE","0.000513062300089288","0.0199448543539874","0.477270815362862","-0.697592245731859","-1.90511158642487","25","c(""Rpl39"", ""Hmgn2"", ""Rps19"", ""B2m"", ""Gapdh"", ""Romo1"", ""Lgals3"")"
"61","WP_CYTOPLASMIC_RIBOSOMAL_PROTEINS","0.000169711703546905","0.0089293267875367","0.518848077743792","-0.5854517358757","-1.90376112627622","56","c(""Rpl41"", ""Rps28"", ""Rpl36"", ""Rpl39"", ""Rpl35"", ""Rpl36a"", ""Rps26"", ""Rplp1"", ""Rpl15"", ""Rpl38"", ""Rpl37"", ""Rps12"", ""Rps19"", ""Rps8"", ""Rpl23a"", ""Rps25"", ""Rps2"", ""Rpl6"", ""Rpl31"", ""Rpl22"", ""Rpsa"", ""Rps20"", ""Rps23"", ""Rps18"", ""Rps17"")"
"62","TABULA_MURIS_SENIS_DIAPHRAGM_MESENCHYMAL_STEM_CELL_AGEING","3.39001848233275e-07","6.75478265038818e-05","0.674962860011025","-0.484959846154136","-1.90220844649429","191","c(""Rpl41"", ""Rpl36"", ""Rpl35"", ""Rpl36a"", ""Rplp2"", ""Mif"", ""Rplp1"", ""Rpl22l1"", ""Crip1"", ""Snrpg"", ""Gstp1"", ""Rps19"", ""Rps8"", ""B2m"", ""Eif5a"", ""Polr2l"", ""Rpl23a"", ""Hspe1"", ""Ncl"", ""Snrpd3"", ""Nme2"", ""Rpl6"", ""Ptma"", ""Rpl31"", ""Nhp2"", ""Atp5l"", ""Nme1"", ""Rpl22"", ""Rpsa"", ""Tomm6"", ""Nop10"", ""Rps20"", ""S100a6"", ""Rpl14"", ""Atp5g1"", ""Hint1"", ""Cycs"", ""Rps27l"", ""Romo1"", ""Cd74"", ""Uqcr10"", ""Rps18"", ""Rps17"", ""Polr2f"", ""Ndufa5"", ""Pdap1"", ""Tmem256"", ""Atp5j2"", ""Ly6a"", ""Cox8a"", ""Rpl21"", ""S100a11"", ""Rpl23"", ""Zfp36l1"", ""Rps15"", ""Vkorc1"", 
""Prr13"", ""Fkbp3"", ""Rpl36al"", ""Fam162a"", ""Ndufc1"", ""Gadd45g"", ""Cox7a2"", ""Snrpd2"", ""Tmsb4x"", ""Gadd45b"", ""Dbi"", ""Pfdn1"", ""Ndufb4"", ""Uqcr11"", ""Ifitm3"", ""Rpl32"")"
"63","YAO_TEMPORAL_RESPONSE_TO_PROGESTERONE_CLUSTER_10","0.000465375651021397","0.0186638416685854","0.49849310876659","-0.654322907709024","-1.90020903782715","32","c(""Ldha"", ""Polr2l"", ""Hspe1"", ""Bola2"", ""Prdx1"", ""Pcna"", ""Hnrnpa3"", ""Ssrp1"", ""Adk"", ""Polr2f"", ""Gcsh"", ""Grwd1"", ""Nsun2"", ""Rpn2"")"
"64","AFF4_TARGET_GENES","3.88960046418788e-08","1.11534293310587e-05","0.719512826338911","-0.468477182859253","-1.89980045581643","258","c(""Rpl41"", ""Rps28"", ""Rpl39"", ""Rpl36a"", ""Rps26"", ""Rplp2"", ""Rplp1"", ""Rpl22l1"", ""Klf2"", ""Rpl37"", ""Rps12"", ""Hmgn2"", ""Pabpc1"", ""Set"", ""Srm"", ""Rps8"", ""Eif5a"", ""Eef1a1"", ""Hmgb2"", ""Rpl23a"", ""Eif4a1"", ""Amd1"", ""Aldoa"", ""Pgk1"", ""Hspe1"", ""Ncl"", ""Nop58"", ""Prdx1"", ""Nme2"", ""Rps2"", ""Rpl6"", ""Rpl31"", ""Hnrnpa3"", ""Rpl22"", ""Rpsa"", ""Rrm2"", ""Rps20"", ""Cbx3"", ""Rpl14"", ""Smad7"", ""Tpi1"", ""Rps23"", ""Gapdh"", ""Tubb5"", ""Hspa5"", ""Zfp36l2"", ""Serbp1"", ""Rps18"", ""Rps17"", ""Eif2s2"", ""Hells"", ""Hnrnpu"", ""Hmga1"", ""Npm1"", ""Snx5"", ""Rpl21"", 
""Cd9"", ""Snhg9"", ""Snhg6"", ""Nop2"", ""Mcm7"", ""Srsf2"", ""Rcc1"", ""Hspa8"", ""Rrs1"", ""Zfp36l1"", ""Hsp90ab1"", ""Rps15"", ""Slbp"", ""Slc25a39"", ""Rpl36al"", ""Trim28"", ""Hk2"", ""Mrps18b"", ""Pdgfa"", ""Rfc4"", ""Gadd45g"", ""Nop56"", ""Rbpms"", ""Lockd"", ""Ccnb1"", ""Ccne2"", ""Dnmt3b"", ""Hes1"", ""Snhg12"", ""Fbxo5"")"
"65","LHX1_TARGET_GENES","0.000347682694091842","0.0153381557739747","0.49849310876659","-0.66710421731264","-1.89960013860562","30","c(""Ccnd2"", ""Capg"", ""Ass1"", ""Tpi1"", ""Chd7"", ""Lfng"", ""Btla"", ""Impdh2"", ""Gata3"", ""Tox2"", ""Rbpms"")"
"66","TABULA_MURIS_SENIS_THYMUS_DN4_THYMOCYTE_AGEING","3.109764277992e-06","0.000396322180761869","0.627256739718528","-0.514324321517231","-1.89734855095071","126","c(""Crip1"", ""Klf2"", ""Ms4a4b"", ""Gstp1"", ""Pabpc1"", ""Izumo1r"", ""Srgn"", ""B2m"", ""Nkg7"", ""Eif5a"", ""Runx3"", ""Psme2"", ""Gimap3"", ""Aldoa"", ""Fxyd5"", ""Tagln2"", ""Cotl1"", ""Hspe1"", ""Plac8"", ""Pa2g4"", ""AW112010"", ""Il7r"", ""Bola2"", ""Fbl"", ""Bcl2a1b"", ""Nme2"", ""Capg"", ""Gpr18"", ""Ctss"", ""Rpsa"", ""Rps20"", ""S100a6"", ""Calr"", ""S100a4"", ""Smad7"", ""Wdr89"", ""Hint1"", ""Gapdh"", ""Smco4"", ""Ctla2a"", ""Cd82"", ""Cd74"", ""Ms4a6b"", ""Rexo2"", ""Junb"", ""Ly6a"", ""Npm1"", ""Cst7"", ""Il2rb"", ""S100a11"", ""Irf1"", ""Gimap5"", ""Ybx1"", ""Ifi203"", ""Tpst2"", ""Nap1l1"", 
""Syngr2"", ""Prr13"", ""Ccl5"", ""Cxcr6"")"
"67","BROWN_MYELOID_CELL_DEVELOPMENT_DN","4.74203167743138e-05","0.0031616026737073","0.557332238758646","-0.545640498345482","-1.89666868410879","81","c(""C1qbp"", ""Apex1"", ""Ncl"", ""Nop58"", ""Bzw2"", ""Hspd1"", ""Nme1"", ""Calr"", ""Psat1"", ""Shmt2"", ""Gart"", ""Ctla2a"", ""Cdk4"", ""Nolc1"", ""Rcl1"", ""Nsun2"", ""Nutf2"", ""Npm1"", ""Ikzf2"", ""Wdr43"", ""Ppan"", ""Nrgn"", ""Odc1"", ""Cpa3"", ""Trf"", ""Rpl23"", ""Tnfsf11"", ""Sod1"", ""Slc7a5"", ""Tmem97"", ""Ide"", ""St6gal1"", ""Trim28"", ""Stc2"", ""Nop56"", ""Nop16"", ""Polr1b"", ""Ifitm3"", ""Ahcy"")"
"68","GOMF_STRUCTURAL_CONSTITUENT_OF_RIBOSOME","1.00766421435857e-05","0.00093208939828168","0.593325476396405","-0.52301422800876","-1.89567039100914","114","c(""Rpl41"", ""Rps28"", ""Rpl36"", ""Rpl39"", ""Rpl35"", ""Rpl36a"", ""Rps26"", ""Rplp2"", ""Rplp1"", ""Rpl22l1"", ""Rpl15"", ""Rpl38"", ""Rpl37"", ""Rps12"", ""Rps19"", ""Rps8"", ""Rpl23a"", ""Rps25"", ""Rps2"", ""Rpl6"", ""Rpl31"", ""Rpl22"", ""Rpsa"", ""Rps20"", ""Rpl14"", ""Rps23"", ""Rps27l"", ""Gm2000"", ""Rps18"", ""Rps17"")"
"69","chr10D3","0.000450150705313998","0.0185351136459209","0.49849310876659","-0.673246434116654","-1.89404994989626","28","c(""Rpl41"", ""Rps26"", ""Nab2"", ""Mettl1"", ""Pa2g4"", ""B4galnt1"", ""Shmt2"", ""Cdk4"", ""Ptges3"", ""Prim1"", ""Esyt1"")"
"70","REACTOME_MAJOR_PATHWAY_OF_RRNA_PROCESSING_IN_THE_NUCLEOLUS_AND_CYTOSOL","6.72544040141318e-06","0.000750587002115953","0.610526878385931","-0.519225258684976","-1.89375425219451","121","c(""Rps28"", ""Rpl36"", ""Rpl39"", ""Rpl35"", ""Rpl36a"", ""Rps26"", ""Rplp2"", ""Rplp1"", ""Rpl22l1"", ""Rpl15"", ""Rpl38"", ""Rpl37"", ""Rps12"", ""Rps19"", ""Rps8"", ""Rpl23a"", ""Ddx21"", ""Ncl"", ""Nop58"", ""Fbl"", ""Rps25"", ""Rps2"", ""Rpl6"", ""Gnl3"", ""Rpl31"", ""Rpl22"", ""Rpsa"", ""Rps20"", ""Rpl14"", ""Rps23"", ""Rps27l"", ""Gm2000"", ""Rps18"", ""Rps17"", ""Rcl1"", ""Wdr43"", ""Rpl21"", ""Pno1"", ""Rrp9"")"
"71","ZHANG_UTERUS_C7_EPITHELIAL2_CELL","8.6512303311898e-13","1.24037014873434e-09","0.921426003494898","-0.439976690075635","-1.88973510408582","489","c(""Rpl35"", ""Gm10076"", ""Tuba1b"", ""Rpl22l1"", ""Crip1"", ""Rpl15"", ""Snrpg"", ""Atp5e"", ""Hmgn2"", ""Tuba4a"", ""Set"", ""Rps8"", ""Ldha"", ""Snrpf"", ""Eif5a"", ""C1qbp"", ""Polr2l"", ""Hmgb2"", ""Eif4a1"", ""Psme2"", ""Aldoa"", ""Pgk1"", ""Uqcrq"", ""Apex1"", ""Tagln2"", ""Lsm7"", ""Hspe1"", ""Ncl"", ""Ppia"", ""Snrpd3"", ""Pa2g4"", ""Ranbp1"", ""Nop58"", ""Tkt"", ""Prdx1"", ""Fbl"", ""Bzw2"", ""Nme2"", ""Rbbp7"", ""Capg"", ""Rps2"", ""Gm8186"", ""Atp5k"", ""Rpl6"", ""Phb"", ""Ptma"", ""Ppa1"", ""Nhp2"", ""Hnrnpa3"", ""Hspd1"", ""Atp5l"", ""Nme1"", ""Nop10"", ""Ran"", ""Calr"", ""Pkm"", ""Atp5g1"", 
""Gar1"", ""Wdr89"", ""Ass1"", ""Tpi1"", ""Vars"", ""Cycs"", ""Psat1"", ""Ybx3"", ""Gapdh"", ""Rps27l"", ""Hspa9"", ""Lap3"", ""Gm2000"", ""Snrpe"", ""Serbp1"", ""Uqcr10"", ""Dctpp1"", ""Cox7b"", ""Tuba1c"", ""Rps17"", ""Ube2c"", ""Tomm7"", ""Eif2s2"", ""Ndufb2"", ""Hnrnpu"", ""Cenpw"", ""Ptges3"", ""Polr2f"", ""Ndufa5"", ""Birc5"", ""Uqcc2"", ""Cox7c"", ""Cks1b"", ""Impdh2"", ""Gcsh"", ""Nsun2"", ""Cdca3"", ""Tyms"", ""Atp5j2"", ""Hprt"", ""Spc24"", ""Ly6a"", ""Usp50"", ""Sap18"", ""Npm1"", ""Cox8a"", ""G3bp1"", ""Snx5"", ""Pno1"", ""Arpp19"", ""S100a11"", ""Cd9"", ""Rrm1"", ""Mrto4"", ""Pdia4"", ""Ccnb2"", 
""Atp1b3"", ""St13"", ""Polr2k"", ""Rpn2"", ""Npm3"", ""Ybx1"", ""Hsp90ab1"", ""Nap1l1"", ""Syngr2"", ""Prr13"", ""Rpl36al"", ""Gars"", ""Cct3"", ""Ndufc1"", ""Tubb4b"", ""Anxa1"", ""Lsm6"", ""Higd1a"", ""Ppm1g"", ""Cox7a2"", ""Ndufa12"", ""Snrpd2"", ""Ddx39b"", ""Cyp51"", ""Stoml2"", ""Lsm5"", ""Pepd"", ""Eif2s1"", ""Eif1a"", ""Sfxn1"", ""Dbi"", ""Farsb"", ""Pfdn1"", ""Ndufb4"")"
"72","GOBP_CELL_CYCLE_DNA_REPLICATION","0.000425799264670935","0.0176953534991871","0.49849310876659","-0.691862388814956","-1.88410552089396","24","c(""Mcm5"", ""Pcna"", ""Mcm6"", ""Mcm3"", ""Lig1"", ""Rad51"", ""Mcm7"", ""Tk1"", ""Pola1"", ""Cdc45"", ""Fbxo5"", ""Mcm2"", ""E2f8"", ""Cdt1"", ""Mcm4"", ""Gins1"")"
"73","GOMF_SNORNA_BINDING","0.000462823316555101","0.0186638416685854","0.49849310876659","-0.70804202338707","-1.8818521410363","22","c(""Ddx21"", ""Nop58"", ""Nhp2"", ""Nop10"", ""Gar1"", ""Nolc1"", ""Rrp9"", ""Isg20"", ""Dkc1"", ""Nop56"")"
"74","GOBP_RIBONUCLEOPROTEIN_COMPLEX_BIOGENESIS","3.3485640319811e-07","6.75478265038818e-05","0.674962860011025","-0.46455225378801","-1.86606558969706","231","c(""Rps28"", ""Rpl35"", ""Snrpg"", ""Rpl38"", ""Rps12"", ""Rps19"", ""Rps8"", ""Snrpf"", ""C1qbp"", ""Rpl23a"", ""Ddx21"", ""Ncl"", ""Snrpd3"", ""Pa2g4"", ""Nop58"", ""Fbl"", ""Rps25"", ""Rpl6"", ""Nhp2"", ""Rpsa"", ""Nop10"", ""Ran"", ""Rpl14"", ""Gar1"", ""Rps23"", ""Chd7"", ""Rrp15"", ""Rps27l"", ""Gm2000"", ""Snrpe"", ""Serbp1"", ""Rps17"", ""Mybbp1a"", ""Eif2s2"", ""Ptges3"", ""Noc2l"", ""Rcl1"", ""Grwd1"", ""Npm1"", ""Wdr43"", ""Nifk"", ""Pno1"", ""Rrp9"", ""Rrp1b"", ""Ppan"", ""Mrto4"", ""Nop2"", ""Npm3"", ""Rrs1"", ""Rps15"", ""Pdcd11"", ""Ltv1"", ""Nle1"", ""Isg20"", ""Bop1"", ""Tma16"", ""Lsm6"", ""Dkc1"", 
""Ddx18"", ""Wdr46"", ""Rrp12"", ""Nop56"", ""Snrpd2"", ""Ddx39b"", ""Nop16"", ""Nat10"", ""Wdr75"", ""Utp18"", ""Lyar"", ""Snrpd1"", ""Ftsj3"", ""Rpp38"", ""Ipo4"", ""Rpf2"", ""Znhit6"", ""Mdn1"", ""Rpp40"", ""Pes1"", ""Xpo1"", ""Exosc1"", ""Sdad1"", ""Wdr77"", ""Spata5"", ""Isy1"", ""Ddx27"", ""Exosc2"", ""Utp20"", ""Zfp593"", ""Ddx56"", ""Nol10"", ""Wdr74"", ""Tsr1"", ""Wdr18"")"
"75","REACTOME_TRANSLATION","7.44447014549479e-06","0.000776255205171138","0.610526878385931","-0.489665422601172","-1.86288143989772","152","c(""Rps28"", ""Rpl36"", ""Rpl39"", ""Rpl35"", ""Rpl36a"", ""Rps26"", ""Rplp2"", ""Rplp1"", ""Rpl22l1"", ""Rpl15"", ""Rpl38"", ""Rpl37"", ""Rps12"", ""Rps19"", ""Pabpc1"", ""Rps8"", ""Eef1a1"", ""Rpl23a"", ""Eif4a1"", ""Rps25"", ""Rps2"", ""Rpl6"", ""Ppa1"", ""Rpl31"", ""Rpl22"", ""Rpsa"", ""Rps20"", ""Rpl14"", ""Rps23"", ""Rps27l"", ""Gm2000"", ""Rps18"", ""Rps17"", ""Eif2s2"")"
"76","NRD1_TARGET_GENES","2.72445981830097e-07","6.24991082318243e-05","0.674962860011025","-0.468985239719144","-1.8624630372066","213","c(""Rpl41"", ""Rpl36a"", ""Rps26"", ""Tuba1b"", ""Vim"", ""Rpl22l1"", ""Ccnd2"", ""Pabpc1"", ""B2m"", ""Rpl23a"", ""Eif4a1"", ""Amd1"", ""Tagln2"", ""Ncl"", ""Ppia"", ""Prdx1"", ""Rpl6"", ""Ptma"", ""Nop10"", ""S100a6"", ""Calr"", ""S100a4"", ""Wdr89"", ""Myc"", ""Lfng"", ""Rrp15"", ""Gapdh"", ""Hspa5"", ""Rgs3"", ""Snrpe"", ""Rps18"", ""Cdk1"", ""Hells"", ""Phgdh"", ""Rcl1"", ""Junb"", ""Npm1"", ""Nfkb1"", ""Ndrg1"", ""Gm15417"", ""Srsf2"", ""Tk1"", ""Ier2"", ""Rcc1"", ""Hspa8"", ""Hsp90ab1"", ""Zbtb7b"", ""Rps15"", ""Slbp"", ""Trib1"", ""Cct3"", ""Tubb4b"", ""Anxa1"", ""Ddx18"", ""Gadd45g"", ""Nop56"", ""Lmna"", 
""Cox7a2"", ""Gadd45b"", ""Hes1"", ""Fos"", ""Slc3a2"", ""Snrpd1"", ""Aaas"", ""Naa10"", ""Ncaph"", ""Rpf2"", ""Ewsr1"", ""U2af2"", ""Dusp5"")"
"77","IRITANI_MAD1_TARGETS_DN","0.000756023392543512","0.0264377692453478","0.477270815362862","-0.634149486063468","-1.85524781608292","34","c(""Srm"", ""C1qbp"", ""Apex1"", ""Fbl"", ""Nme2"", ""Ppa1"", ""Mcm6"", ""Rpl22"", ""Rpsa"", ""Ass1"", ""Hspa9"", ""Dctpp1"", ""Mybbp1a"", ""Cdk1"", ""Npm1"", ""Cad"", ""Mrps18b"", ""Eif1a"", ""Rars"", ""Ipo5"", ""Eef1g"")"
"78","GREENBAUM_E2A_TARGETS_UP","0.000853133459598954","0.0289242587968628","0.477270815362862","-0.657728073359193","-1.85039201288289","28","c(""Pgk1"", ""Top2a"", ""Nusap1"", ""Mki67"", ""Ccna2"", ""Ccnb2"", ""Racgap1"", ""Kif11"", ""Ttk"", ""Slc7a5"", ""Ccnb1"", ""Bub1"", ""Klhdc2"", ""Mad2l1"", ""Kif2c"", ""Kif4"")"
"79","TABULA_MURIS_SENIS_LIMB_MUSCLE_B_CELL_AGEING","1.25498342294448e-05","0.00109050453493736","0.593325476396405","-0.507937640809925","-1.8483510783877","117","c(""Tuba1b"", ""Vim"", ""Crip1"", ""Tuba4a"", ""Gstp1"", ""Id2"", ""Srgn"", ""B2m"", ""Ldha"", ""Psme2"", ""Itgb7"", ""Aldoa"", ""Fxyd5"", ""Tagln2"", ""Plac8"", ""AW112010"", ""Bcl2a1d"", ""Nop58"", ""Prdx1"", ""Bcl2a1b"", ""Tpm4"", ""Gnl3"", ""S100a6"", ""Cycs"", ""Gapdh"", ""Hspa5"", ""Tuba1c"", ""Tomm7"", ""Hnrnpu"", ""Ptges3"", ""Ly6a"", ""Lgals3"", ""S100a11"", ""Cd9"", ""Irf1"", ""Odc1"", ""Ndfip1"", ""Fgl2"", ""Sod1"", ""Ahnak"", ""Prr13"", ""Slbp"", ""Tubb4b"", ""Nop56"", ""Litaf"", ""Lmna"", ""Psmb9"", ""Gadd45b"")"
"80","JOHANSSON_GLIOMAGENESIS_BY_PDGFB_UP","0.000884789566962","0.0292074431319403","0.477270815362862","-0.602736843560533","-1.84149814566293","40","c(""Ccnd2"", ""B2m"", ""Eef1a1"", ""Hmgb2"", ""Tagln2"", ""Top2a"", ""Tpm4"", ""Pcna"", ""Mcm3"", ""Rrm2"", ""Mki67"", ""Rps27l"", ""Cdk4"", ""Cdk1"", ""Cd9"", ""Pbk"", ""Plk1"", ""Ybx1"", ""Dbi"", ""Fos"", ""Mcm2"", ""Cdc20"")"
"81","GOBP_POSITIVE_REGULATION_OF_CYTOKINE_PRODUCTION_INVOLVED_IN_IMMUNE_RESPONSE","0.000857388665294975","0.0289242587968628","0.477270815362862","-0.587583683202344","-1.83931407541707","44","c(""Mif"", ""B2m"", ""Gimap3"", ""Ddx21"", ""Cd74"", ""Cd160"", ""Fcer1g"", ""Gata3"", ""P2rx7"", ""Il18r1"", ""Gimap5"", ""Rsad2"", ""Xcl1"", ""Nr4a3"", ""Tbx21"", ""Clnk"", ""Cd226"", ""Casp1"", ""Plcg2"", ""Il4"", ""Ifng"", ""Ddx1"", ""Irf5"", ""Casp4"", ""Ffar2"")"
"82","TABULA_MURIS_SENIS_SPLEEN_GRANULOCYTE_AGEING","3.90773176351039e-05","0.00273302947118684","0.557332238758646","-0.513017316296009","-1.83808794697438","110","c(""Rps28"", ""Rpl36"", ""Rpl22l1"", ""Rpl38"", ""Atp5e"", ""Hmgn2"", ""Tuba4a"", ""Rps8"", ""Cotl1"", ""Plac8"", ""Top2a"", ""Tkt"", ""Atp5k"", ""Hnrnpa3"", ""Tomm6"", ""Rrm2"", ""Tpi1"", ""Hint1"", ""Mki67"", ""Tubb5"", ""Serbp1"", ""Tomm7"", ""Cdk1"", ""Ndufb2"", ""Lmo4"", ""Birc5"", ""Add3"", ""AA467197"")"
"83","GOCC_RIBOSOME","1.22655337042574e-05","0.00108219747375256","0.593325476396405","-0.483082362275747","-1.83783686796773","152","c(""Rpl41"", ""Rps28"", ""Rpl36"", ""Rpl39"", ""Rpl35"", ""Rpl36a"", ""Rps26"", ""Rplp2"", ""Rplp1"", ""Rpl22l1"", ""Rpl15"", ""Rpl38"", ""Rpl37"", ""Rps12"", ""Rps19"", ""Rps8"", ""Eef1a1"", ""Rpl23a"", ""Rps25"", ""Rps2"", ""Rpl6"", ""Rpl31"", ""Nhp2"", ""Rpl22"", ""Rpsa"", ""Rps20"", ""Rpl14"", ""Rps23"", ""Rps27l"", ""Gm2000"", ""Rps18"", ""Rps17"")"
"84","WP_P53_SIGNALING","0.000971851549618128","0.0312545327520853","0.477270815362862","-0.639490812160874","-1.83648651782054","31","c(""Ccnd2"", ""Rrm2"", ""Cycs"", ""Cd82"", ""Cdk1"", ""Ccnb2"", ""Gadd45g"", ""Ccne1"", ""Ccnb1"", ""Ccne2"", ""Gadd45b"", ""Chek1"")"
"85","TABULA_MURIS_SENIS_LIVER_NK_CELL_AGEING","7.06138993455055e-06","0.00076409568442731","0.610526878385931","-0.48321997465732","-1.83367449791901","148","c(""Rps28"", ""Rpl36"", ""Rpl39"", ""Vim"", ""Rpl22l1"", ""Klf2"", ""Rpl38"", ""Rpl37"", ""Rps12"", ""Rps19"", ""Runx3"", ""Pgk1"", ""Ddx21"", ""Ncl"", ""Bcl2a1b"", ""Rbbp7"", ""Capg"", ""Atp5k"", ""Rpl6"", ""Hspd1"", ""Ctss"", ""Rpsa"", ""Rps20"", ""S100a6"", ""S100a4"", ""Rpl14"", ""Smad7"", ""Wdr89"", ""Cd7"", ""Hspa5"", ""Ctla2a"", ""Cd82"", ""Cd74"", ""Fam111a"", ""Ssrp1"", ""Ms4a6b"", ""Rps18"", ""Eif2s2"", ""Ptges3"", ""Junb"", ""Samsn1"", ""Ly6a"", ""Npm1"", ""Cst7"", ""Lgals3"", ""Irf1"", ""Odc1"", ""Glipr2"", ""Srsf2"", ""Tox"", ""Npm3"", ""Hspa8"", ""Zfp36l1"", ""Hsp90ab1"", ""Ahnak"", ""Pmf1"", 
""Nucks1"")"
"86","GOBP_DNA_REPLICATION_INITIATION","0.000923588152935263","0.0299252997575352","0.477270815362862","-0.673227747252698","-1.8333589683787","24","c(""Mcm5"", ""Mcm6"", ""Mcm3"", ""Prim1"", ""Mcm7"", ""Pola1"", ""Cdc45"", ""Ccne1"", ""Ccne2"", ""Mcm2"", ""Cdc6"", ""Mcm10"", ""Ticrr"", ""Cdt1"", ""Mcm4"")"
"87","TABULA_MURIS_SENIS_KIDNEY_T_CELL_AGEING","0.000356214678988633","0.0154764483636349","0.49849310876659","-0.575388241291949","-1.83223522794303","49","c(""Rpl38"", ""Id2"", ""B2m"", ""Nkg7"", ""Runx3"", ""AW112010"", ""Gpr183"", ""Atp5k"", ""Isg15"", ""S100a6"", ""S100a4"", ""Junb"", ""Pdcd1"", ""Cd69"", ""S100a11"", ""Ndrg1"", ""Fgl2"", ""Ifi203"", ""Ccl5"", ""Cxcr6"", ""Rgs1"", ""Lsm5"", ""Dbi"", ""Fos"", ""Fasl"", ""Zbp1"", ""Serpina3g"")"
"88","YAO_TEMPORAL_RESPONSE_TO_PROGESTERONE_CLUSTER_15","0.00122078755003246","0.0370434740710908","0.45505986738723","-0.723018797805573","-1.83127313892864","18","c(""Itm2a"", ""Plac8"", ""Mki67"", ""Cdk1"", ""Birc5"", ""Aurkb"")"
"89","GOBP_MONOSACCHARIDE_CATABOLIC_PROCESS","0.00103589305555358","0.032822357312706","0.45505986738723","-0.738688289733417","-1.83061880608374","17","c(""Ldha"", ""Aldoa"", ""Pgk1"", ""Pkm"", ""Tpi1"", ""Gapdh"", ""Hexb"")"
"90","IGLESIAS_E2F_TARGETS_UP","0.000247465948816919","0.0118268101372086","0.49849310876659","-0.531015825654337","-1.82511684432197","75","c(""Tuba1b"", ""Itm2a"", ""Crip1"", ""Ccnd2"", ""Lcp1"", ""B2m"", ""Igfbp4"", ""Mcm5"", ""Rbbp7"", ""Pcna"", ""Mcm3"", ""Ctss"", ""S100a6"", ""Tubb5"", ""Cd74"", ""Cks1b"", ""S100a11"", ""Cd9"", ""Mcm7"", ""Tyrobp"")"
"91","TABULA_MURIS_SENIS_KIDNEY_KIDNEY_LOOP_OF_HENLE_THICK_ASCENDING_LIMB_EPITHELIAL_CELL_AGEING","7.20723588906203e-05","0.00464421323862592","0.538434096309916","-0.512878202082301","-1.82474622711926","101","c(""Rps28"", ""Rpl39"", ""Rplp1"", ""Rpl38"", ""Rps12"", ""Rps19"", ""B2m"", ""Eif5a"", ""Eef1a1"", ""Pgk1"", ""Rpl6"", ""Hnrnpa3"", ""Rpl22"", ""Tomm6"", ""Rps20"", ""Tesc"", ""Calr"", ""Smad7"", ""Rps23"", ""Cd74"", ""Lmo4"", ""Uqcc2"", ""Lgals3"", ""Rpl21"", ""Cd9"", ""Ndrg1"", ""Rpn2"", ""Ybx1"", ""Zfp36l1"", ""Nucks1"", ""Prr13"", ""Slc25a39"", ""Stk39"", ""Bola3"", ""Tmsb4x"")"
"92","GOBP_RIBOSOMAL_SMALL_SUBUNIT_BIOGENESIS","0.000456152985078664","0.0185534565207527","0.49849310876659","-0.558277106723326","-1.8237403922095","59","c(""Rps28"", ""Rpl38"", ""Rps12"", ""Rps19"", ""Rps8"", ""Nop58"", ""Fbl"", ""Rps25"", ""Rpsa"", ""Rps23"", ""Rps27l"", ""Rps17"", ""Rcl1"", ""Npm1"", ""Wdr43"", ""Pno1"", ""Rrp9"", ""Rrs1"", ""Rps15"", ""Ltv1"", ""Lsm6"", ""Wdr46"", ""Nop56"", ""Nat10"", ""Wdr75"", ""Utp18"")"
"93","GOBP_PROTEIN_HOMOTETRAMERIZATION","0.00108787617180783","0.0340927313951798","0.45505986738723","-0.694432732729863","-1.8200769860333","21","c(""B2m"", ""Shmt1"", ""Pkm"", ""Shmt2"", ""Samhd1"", ""Hprt"", ""Vasp"", ""Tk1"")"
"94","GOCC_SPINDLE_MIDZONE","0.00122861894692939","0.0370848929507372","0.45505986738723","-0.668081152225748","-1.81934356840777","24","c(""Hnrnpu"", ""Cdca8"", ""Aurkb"", ""Gem"", ""Racgap1"", ""Cenpe"", ""Plk1"", ""Prc1"", ""Cdc6"", ""BC055324"", ""Pkp4"", ""Incenp"", ""Kif18b"", ""Kif14"", ""Unc119"")"
"95","GOCC_LARGE_RIBOSOMAL_SUBUNIT","0.000241394011686923","0.0116335685464244","0.518848077743792","-0.522403467979435","-1.81893218600292","83","c(""Rpl41"", ""Rpl36"", ""Rpl39"", ""Rpl35"", ""Rpl36a"", ""Rplp2"", ""Rplp1"", ""Rpl15"", ""Rpl38"", ""Rpl37"", ""Rps12"", ""Rpl23a"", ""Rpl6"", ""Rpl31"", ""Nhp2"", ""Rpl22"", ""Rpl14"", ""Gm2000"", ""Npm1"", ""Rpl21"")"
"96","GOBP_ICOSANOID_METABOLIC_PROCESS","0.00139037109943321","0.0404760317525354","0.45505986738723","-0.625635752975224","-1.81689911538294","32","c(""Mif"", ""Gstp1"", ""Fabp5"", ""Ephx1"", ""Cd74"", ""Ptges3"")"
"97","GOCC_RIBOSOMAL_SUBUNIT","2.57604460229866e-05","0.00187007794863074","0.575610261071129","-0.490672312854421","-1.81656218571898","131","c(""Rpl41"", ""Rps28"", ""Rpl36"", ""Rpl39"", ""Rpl35"", ""Rpl36a"", ""Rps26"", ""Rplp2"", ""Rplp1"", ""Rpl15"", ""Rpl38"", ""Rpl37"", ""Rps12"", ""Rps19"", ""Rps8"", ""Rpl23a"", ""Rps25"", ""Rps2"", ""Rpl6"", ""Rpl31"", ""Nhp2"", ""Rpl22"", ""Rpsa"", ""Rps20"", ""Rpl14"", ""Rps23"", ""Rps27l"", ""Gm2000"", ""Rps18"", ""Rps17"")"
"98","YAO_TEMPORAL_RESPONSE_TO_PROGESTERONE_CLUSTER_11","0.000502389379626493","0.0197342677545064","0.477270815362862","-0.541295669501987","-1.81400380822799","66","c(""Srm"", ""Mettl1"", ""Ddx21"", ""Pa2g4"", ""Nop58"", ""Gnl3"", ""Kpna2"", ""Cycs"", ""Hspa5"", ""Ctla2a"", ""Ndufaf4"", ""Nifk"", ""Pno1"", ""Ppan"", ""Mrto4"", ""Srsf2"", ""Acot7"", ""Cad"", ""Rrs1"", ""Ltv1"", ""Pum3"", ""Bop1"", ""Pus1"", ""Nop56"", ""Farsb"", ""Ftsj3"", ""Tfrc"", ""Rangrf"", ""Psme3"", ""Stip1"")"
"99","GOBP_UNSATURATED_FATTY_ACID_BIOSYNTHETIC_PROCESS","0.00154159588941274","0.0429563944015904","0.45505986738723","-0.730177031805351","-1.80952618955916","17","c(""Mif"", ""Fabp5"", ""Cd74"", ""Ptges3"", ""Anxa1"")"
"100","MORI_SMALL_PRE_BII_LYMPHOCYTE_DN","0.00071667651605926","0.0253712334543201","0.477270815362862","-0.555234493718119","-1.80829293671559","57","c(""Tuba1b"", ""Gimap4"", ""Ccnd2"", ""Tuba4a"", ""Set"", ""Lcp1"", ""C1qbp"", ""Fxyd5"", ""Rbbp7"", ""Rps2"", ""Bcl2"", ""Ctsc"", ""Ly6a"", ""Ier2"", ""Rpn2"", ""Ifrd2"", ""Vkorc1"", ""Tubb4b"", ""Mogs"", ""Anp32b"", ""Ly6c2"", ""Lyz2"", ""Xpo1"", ""Stil"")"
"101","GOBP_PROTEIN_TETRAMERIZATION","0.00123642338577985","0.0371250686777352","0.45505986738723","-0.620278607343109","-1.80812691476164","33","c(""B2m"", ""Shmt1"", ""Rrm2"", ""Pkm"", ""Shmt2"", ""Samhd1"", ""Hprt"", ""Rrm1"", ""Vasp"", ""Tk1"")"
"102","ING1_TARGET_GENES","0.000673958142851033","0.0246118658474985","0.477270815362862","-0.531604845672772","-1.80640338371712","70","c(""Hspe1"", ""Hspd1"", ""Rrm2"", ""Smad7"", ""Kpna2"", ""Mki67"", ""Ube2c"", ""Tpx2"", ""Cdca8"", ""Aurkb"", ""Trmt61a"", ""Rad51"", ""Pbk"", ""Rcc1"", ""Nup85"", ""Ncapg2"", ""Plk1"", ""Kif11"", ""Ttk"", ""Ckap2l"", ""Ccne2"", ""Cdca5"", ""Fbxo5"", ""Diaph3"", ""Cdc20"", ""Dlgap5"", ""Kif2c"", ""Cdca2"", ""Pole"", ""Ticrr"", ""Mybl2"", ""Adpgk"", ""Foxm1"", ""Clspn"", ""Trmt6"", ""Lsm2"", ""Arhgap11a"")"
"103","TABULA_MURIS_SENIS_KIDNEY_FENESTRATED_CELL_AGEING","0.000879587210284193","0.0292074431319403","0.477270815362862","-0.562984782106606","-1.80468029002552","53","c(""Rps28"", ""Vim"", ""Rplp1"", ""Crip1"", ""Rps12"", ""Ifi27l2a"", ""B2m"", ""Rpl23a"", ""Fxyd5"", ""Plac8"", ""Nme2"", ""Rps20"", ""S100a6"", ""Rpl14"", ""Smad7"", ""Cd74"", ""Ly6a"", ""Rpl21"", ""Ybx1"", ""Zfp36l1"", ""Sod1"", ""Nucks1"", ""Rps15"", ""Prr13"")"
"104","GOBP_PEPTIDE_BIOSYNTHETIC_PROCESS","2.25734320393655e-07","5.39410969774005e-05","0.690132458796796","-0.438614068586499","-1.80243260652126","298","c(""Rpl41"", ""Rps28"", ""Rpl36"", ""Rpl39"", ""Rpl35"", ""Rpl36a"", ""Rps26"", ""Rplp2"", ""Vim"", ""Rplp1"", ""Rpl22l1"", ""Rpl15"", ""Rpl38"", ""Rpl37"", ""Rps12"", ""Rps19"", ""Pabpc1"", ""Rps8"", ""Eif5a"", ""C1qbp"", ""Eef1a1"", ""Rpl23a"", ""Eif4a1"", ""Ncl"", ""Pa2g4"", ""Bzw2"", ""Rps25"", ""Rps2"", ""Rpl6"", ""Shmt1"", ""Rpl31"", ""Rpl22"", ""Rpsa"", ""Rps20"", ""Calr"", ""Rpl14"", ""Pkm"", ""Rps23"", ""Vars"", ""Gapdh"", ""Shmt2"", ""Rps27l"", ""Zfp36l2"", ""Gm2000"", ""Cdk4"", ""Serbp1"", ""Rps18"", ""Rps17"", ""Nolc1"", ""Eif2s2"", ""Hnrnpu"", ""Uqcc2"", ""Tyms"", ""Npm1"", ""Rpl21"", ""Aimp2"", 
""Ifrd2"", ""Rpl23"", ""Ybx1"", ""Zfp36l1"", ""Eif4a3"", ""Rps15"", ""Tnf"", ""Pum3"", ""Slbp"", ""Pus7"", ""Gars"", ""Mrps18b"")"
"105","ZHANG_UTERUS_C8_NK_CELL","0.000103642361902781","0.00619155151575471","0.538434096309916","-0.513738942363661","-1.80089308508336","90","c(""Rpl36"", ""Rpl35"", ""Gimap4"", ""Crip1"", ""Ms4a4b"", ""Cd52"", ""Pabpc1"", ""Id2"", ""Srgn"", ""Lcp1"", ""B2m"", ""Nkg7"", ""Eef1a1"", ""Hmgb2"", ""Rpl23a"", ""Psme2"", ""Fxyd5"", ""Cotl1"", ""Ppia"", ""AW112010"", ""Ctsw"", ""Rpsa"", ""Rps23"", ""Cd7"", ""Zfp36l2"", ""Gm2000"", ""Rps18"", ""Fcer1g"", ""Il2rb"", ""Serinc3"", ""Tyrobp"", ""Irf8"", ""Ccl5"", ""Rgs1"", ""Litaf"", ""Tnfrsf9"", ""Xcl1"", ""Tmsb4x"", ""Klrk1"", ""Ccr2"", ""Rpl32"", ""Ccl4"", ""Fasl"", ""Rpl27a"", ""Gzmb"", ""Dusp5"", ""Rbm3"")"
"106","HALLMARK_MTORC1_SIGNALING","2.03773089992109e-05","0.00153768246197993","0.575610261071129","-0.486285602732395","-1.80024207543376","132","c(""Tuba4a"", ""Ldha"", ""Aldoa"", ""Pgk1"", ""Hspe1"", ""Ppia"", ""Prdx1"", ""Ppa1"", ""Hspd1"", ""Rrm2"", ""Calr"", ""Atp5g1"", ""Ifi30"", ""Tpi1"", ""Psat1"", ""Shmt2"", ""Hspa9"", ""Hspa5"", ""Mthfd2"", ""Ctsc"", ""Eif2s2"", ""Phgdh"", ""Pdap1"", ""Hprt"", ""Pno1"", ""Cd9"", ""Rrp9"", ""Add3"", ""Ung"", ""Lgmn"", ""Plk1"", ""Fgl2"", ""Slc7a5"", ""Tmem97"", ""Hk2"", ""Ssr1"", ""Dhfr"", ""Cyp51"", ""Bub1"", ""Ccnf"", ""Mcm2"", ""Tfrc"", ""Rpn1"", ""Psme3"", ""Stip1"", ""Got1"", ""Bhlhe40"", ""Sdf2l1"")"
"107","YU_MYC_TARGETS_UP","0.00121616875200825","0.0370434740710908","0.45505986738723","-0.593029182821371","-1.79444736163271","39","c(""Hmgn2"", ""Top2a"", ""Pcna"", ""Kpna2"", ""Mki67"", ""Ybx3"", ""Dctpp1"", ""Cdk1"", ""Birc5"", ""Cks1b"", ""Cks2"", ""Rrm1"", ""Ccnb2"", ""Racgap1"", ""Plk1"", ""Gmnn"", ""Kif20a"", ""Bub1"", ""Tspan4"", ""E2f8"", ""Fam136a"")"
"108","GOBERT_OLIGODENDROCYTE_DIFFERENTIATION_UP","1.62022373780912e-09","6.63713081166809e-07","0.788186810800237","-0.420590604324716","-1.79140023179353","441","c(""Vim"", ""Hmgn2"", ""Pabpc1"", ""Srm"", ""Hmgb2"", ""Ncl"", ""Top2a"", ""Pa2g4"", ""Nop58"", ""Mcm5"", ""Mcm6"", ""Shmt1"", ""Mcm3"", ""Nusap1"", ""Rrm2"", ""Tesc"", ""S100a4"", ""Lig1"", ""Kpna2"", ""Vars"", ""Mki67"", ""Samhd1"", ""Fam111a"", ""Dctpp1"", ""Spc25"", ""Nolc1"", ""Ube2c"", ""Cdk1"", ""Hells"", ""Tpx2"", ""Cenpw"", ""Noc2l"", ""Cdca8"", ""Birc5"", ""Cks1b"", ""Aurkb"", ""Grwd1"", ""Cdca3"", ""Tyms"", ""Gpatch4"", ""Tcf19"", ""Pold2"", ""Spc24"", ""Ccna2"", ""Itgb3"", ""Alad"", ""Cks2"", ""Abcb1b"", ""Prim1"", ""Rrm1"", ""Rrp1b"", ""Mxd3"", ""Trmt61a"", ""Odc1"", ""Rad51"", ""Mcm7"", ""Pbk"", 
""Ung"", ""Ccnb2"", ""Tacc3"", ""Racgap1"", ""Rad51ap1"", ""Tipin"", ""Tk1"", ""Esco2"", ""Rcc1"", ""Ncapg"", ""Pola1"", ""Cenpe"", ""Ifrd2"", ""Cdc45"", ""Nup85"", ""Ncapg2"", ""Asf1b"", ""Plk1"", ""Fignl1"", ""Cenpm"", ""Kif11"", ""Cit"", ""Prc1"", ""Pmf1"", ""Nucks1"", ""Ndc80"", ""Ttk"", ""Cdca7l"", ""Nle1"", ""Tmem97"", ""Gmnn"", ""Ckap2l"", ""Slbp"", ""Aen"", ""Cenpk"", ""Cenph"", ""Anxa1"", ""Shcbp1"", ""Dkc1"", ""Dctd"", ""Rfc4"", ""Nes"", ""Mis18bp1"", ""Rrp12"", ""Dhfr"", ""Pole2"", ""Nuf2"", ""Cenpf"", ""Depdc1a"", ""Tmem109"", ""Lockd"", ""Ccne1"", ""Hirip3"", ""Ccnb1"", ""Kif20a"", ""Hmmr"", ""Ccne2"", 
""Pkmyt1"", ""Lsm5"", ""Melk"", ""Chek1"", ""Cdca5"", ""Bub1"", ""Chaf1b"", ""Fbxo5"", ""Lyar"", ""E2f1"", ""Dscc1"", ""Fen1"", ""Ccnf"", ""Timeless"", ""Mad2l1"", ""Mcm2"", ""Cdc20"", ""Umps"", ""Aaas"", ""Ska1"", ""Ncaph"", ""Dlgap5"", ""Kif2c"", ""Cdca2"", ""Cdc6"", ""Cep55"", ""Larp7"", ""Mcm10"", ""Kif4"", ""Xpo1"", ""Espl1"", ""Kntc1"", ""Zfp367"", ""Pole"", ""Ticrr"", ""Kif23"", ""BC055324"", ""Stil"", ""Spag5"", ""Depdc1b"", ""Mybl2"", ""Troap"", ""Pold1"", ""Bora"", ""Isy1"", ""Incenp"", ""Chtf18"", ""Cdt1"", ""Kif18b"", ""Hmgb3"", ""Mcm4"", ""Foxm1"", ""Clspn"", ""Ankle1"", ""Bub1b"", ""Ppif"", ""Ndc1"", 
""Wdhd1"", ""Trip13"", ""Gins1"", ""Exo1"", ""Lsm2"", ""Aspm"", ""Arhgap11a"")"
"109","TABULA_MURIS_SENIS_SPLEEN_B_CELL_AGEING","0.00105717138570691","0.0333125159177423","0.45505986738723","-0.557483504698563","-1.78704562702254","53","c(""Gimap4"", ""Crip1"", ""Rpl38"", ""Srgn"", ""B2m"", ""Itgb7"", ""Gimap3"", ""Fxyd5"", ""AW112010"", ""Bcl2a1b"", ""Capg"", ""Ifi30"", ""Gapdh"", ""Ly6a"", ""Evi2a"", ""Ahnak"", ""Nap1l1"", ""Irf8"", ""Prr13"", ""Ccl5"")"
"110","HALLMARK_E2F_TARGETS","1.14870584804836e-05","0.00102934813102458","0.593325476396405","-0.458210640719286","-1.78372572902852","175","c(""Hmgb2"", ""Top2a"", ""Pa2g4"", ""Ranbp1"", ""Mcm5"", ""Rbbp7"", ""Pcna"", ""Mcm6"", ""Shmt1"", ""Nme1"", ""Mcm3"", ""Rrm2"", ""Ran"", ""Myc"", ""Lig1"", ""Mki67"", ""Tubb5"", ""Cdk4"", ""Ssrp1"", ""Dctpp1"", ""Mthfd2"", ""Spc25"", ""Nolc1"", ""Cdk1"", ""Hells"", ""Cdca8"", ""Birc5"", ""Cks1b"", ""Aurkb"", ""Cdca3"", ""Tcf19"", ""Pold2"", ""Spc24"", ""Cks2"", ""Mxd3"", ""Mcm7"", ""Ung"", ""Ccnb2"", ""Tacc3"", ""Racgap1"", ""Rad51ap1"", ""Tipin"", ""Srsf2"", ""Tk1"", ""Cenpe"", ""Asf1b"", ""Plk1"", ""Cenpm"", ""Cit"", ""Nap1l1"", ""Slbp"", ""Nop56"", ""Depdc1a"", ""Ccne1"", ""Hmmr"", ""Eif2s1"", ""Melk"", 
""Chek1"", ""Dek"", ""Lyar"", ""Dscc1"", ""Diaph3"", ""Timeless"", ""Mad2l1"", ""Mcm2"", ""Cdc20"", ""Dlgap5"", ""Tfrc"", ""Kif2c"", ""Ctps"", ""Kif4"", ""Xpo1"", ""Espl1"", ""Pole"", ""E2f8"", ""Spag5"", ""Mybl2"", ""Pold1"", ""Tbrg4"", ""Kif18b"", ""Hmgb3"", ""Mcm4"", ""Bub1b"", ""Trip13"", ""Gins1"", ""Paics"")"
"111","SANSOM_APC_TARGETS_REQUIRE_MYC","0.0001342644690475","0.00746529406120414","0.518848077743792","-0.493018557101707","-1.78201495191802","113","c(""Snrpg"", ""Srm"", ""Snrpf"", ""Mettl1"", ""Fbl"", ""Shmt1"", ""Rpl31"", ""Nhp2"", ""Nme1"", ""Mcm3"", ""Gar1"", ""Myc"", ""Vars"", ""Lfng"", ""Ybx3"", ""Shmt2"", ""Cdk4"", ""Nolc1"", ""Mybbp1a"", ""Phgdh"", ""Grwd1"", ""Rrp9"", ""Ppan"", ""Nfkb2"", ""Trmt61a"", ""Smyd5"", ""Mcm7"", ""Thop1"", ""Tk1"", ""Cad"", ""Ccdc86"", ""Pmf1"", ""Trib1"", ""Nop56"", ""Farsb"", ""Ttc27"", ""Pabpc4"", ""Kat2a"", ""Rai14"", ""Timeless"", ""Polr1a"", ""Dhx58"", ""Aaas"", ""Ska1"", ""Mdn1"", ""Zmynd19"", ""Rangrf"", ""Exosc1"", ""Pole"")"
"112","HALLMARK_INTERFERON_ALPHA_RESPONSE","0.00126983706574903","0.0377332413060657","0.45505986738723","-0.547893578954779","-1.78163020627189","56","c(""B2m"", ""Psme2"", ""Isg15"", ""Ifi30"", ""Cd74"", ""Lap3"", ""Rtp4"", ""Irf7"", ""Lgals3bp"", ""Irf1"", ""Usp18"", ""Ifi35"", ""Rsad2"", ""Ifit3"", ""Isg20"", ""Psmb9"", ""Ifitm3"", ""Ifitm2"", ""Dhx58"", ""Ddx60"", ""Oasl1"", ""Irf9"", ""Casp1"", ""Parp9"", ""Cxcl10"", ""Ifih1"", ""Ube2l6"", ""Cmpk2"", ""Gbp3"", ""Plscr1"", ""Oas1a"")"
"113","GOBP_DEFENSE_RESPONSE_TO_GRAM_POSITIVE_BACTERIUM","0.00133846267438298","0.039364530449161","0.45505986738723","-0.558536891270181","-1.77649207429672","50","c(""Rpl39"", ""B2m"", ""Hmgb2"", ""Il7r"", ""Romo1"", ""P2rx7"", ""Tnf"", ""Il27ra"", ""Klrk1"", ""Lyz2"", ""Camp"", ""Lta"", ""Mpeg1"", ""Gbp2"", ""Havcr2"", ""Gbp3"", ""Hck"", ""Ifng"", ""Casp4"", ""Ear2"", ""Rnase4"", ""C5ar1"", ""Adm"", ""Nlrp3"", ""Lbp"", ""Rnase2a"", ""Tnfsf8"", ""Pglyrp1"", ""Fgr"", ""Il1b"", ""Gbp9"", ""Rnase6"", ""App"", ""Ncf1"", ""Ltf"", ""Nlrp6"")"
"114","AFFAR_YY1_TARGETS_DN","8.42168254881036e-05","0.00530751092499203","0.538434096309916","-0.474706203313839","-1.76991832780525","134","c(""Crip1"", ""Gpr65"", ""Eef1a1"", ""Hmgb2"", ""Top2a"", ""Mcm5"", ""Mcm6"", ""Mcm3"", ""Lig1"", ""Mki67"", ""Mthfd2"", ""Hells"", ""Birc5"", ""Aurkb"", ""Cdca3"", ""Ly6a"", ""Ccna2"", ""Snx5"", ""Mxd3"", ""Mcm7"", ""Ung"", ""Ccnb2"", ""Tacc3"", ""Racgap1"", ""Rad51ap1"", ""Tk1"", ""Ncapg"", ""Pola1"", ""Cenpe"", ""Plk1"", ""Tnfsf11"", ""Kif11"", ""Prc1"", ""Ttk"", ""Cenph"", ""Shcbp1"", ""Rfc4"", ""Tfap4"", ""Cenpf"", ""Ccnb1"", ""Kif20a"", ""Hmmr"", ""Cyp51"", ""Sfxn1"", ""Bub1"", ""Tnfrsf1b"", ""Diaph3"", ""Fen1"", ""Mad2l1"", ""Chst2"", ""Slc29a1"", ""Kif2c"", ""Cdc6"", ""Lyz2"", ""Kif23"", ""Spag5"", 
""Chtf18"", ""Cdt1"", ""Hmgb3"", ""Mcm4"", ""Dkk3"", ""Foxm1"", ""Bub1b"", ""Trip13"", ""Exo1"", ""Aspm"", ""Apoc1"")"
"115","GOBP_DNA_TEMPLATED_DNA_REPLICATION","0.000492019285817659","0.0194602110632019","0.477270815362862","-0.501719538202903","-1.76428728244832","93","c(""Mcm5"", ""Pcna"", ""Mcm6"", ""Mcm3"", ""Lig1"", ""Samhd1"", ""Fam111a"", ""Pold2"", ""Npm1"", ""Prim1"", ""Rrm1"", ""Alyref"", ""Rad51"", ""Mcm7"", ""Tipin"", ""Tk1"", ""Pola1"", ""Cdc45"", ""Nucks1"", ""Rfc4"", ""Pole2"", ""Ccne1"", ""Ccne2"", ""Fbxo5"", ""Dscc1"", ""Timeless"", ""Mcm2"", ""Cdc6"", ""Mcm10"", ""Pole"", ""Ticrr"", ""E2f8"", ""Pold1"", ""Chtf18"", ""Cdt1"", ""Mcm4"", ""Wdr18"", ""Wdhd1"", ""Gins1"", ""Mgme1"", ""Nbn"", ""Rfc3"", ""Mms22l"", ""Carm1"", ""Noc3l"", ""Pole4"", ""Bard1"", ""Dna2"", ""Traip"", ""Donson"", ""Cdc7"", ""Gins2"", ""Brca1"", ""Endog"", ""Blm"", ""Pola2"", ""Eme1"", 
""E2f7"", ""Rfc5"")"
"116","HDGFL2_TARGET_GENES","5.52428410249612e-06","0.000660036860996151","0.610526878385931","-0.441858341781038","-1.76408194838423","223","c(""Rpl36a"", ""Rplp2"", ""Tuba1b"", ""Rpl15"", ""Snrpg"", ""Rps12"", ""Hmgn2"", ""Rps19"", ""Pabpc1"", ""Rps8"", ""Eif5a"", ""Eef1a1"", ""Eif4a1"", ""Aldoa"", ""Apex1"", ""Ncl"", ""Nop58"", ""Prdx1"", ""Rps2"", ""Pcna"", ""Rpl6"", ""Rpl31"", ""Hnrnpa3"", ""Atp5l"", ""Rps20"", ""B4galnt1"", ""Cbx3"", ""Rps23"", ""Vars"", ""Gapdh"", ""Hspa9"", ""Uqcr10"", ""Rps18"", ""Rps17"", ""Adk"", ""Cdk1"", ""Hnrnpu"", ""Etv5"", ""Impdh2"", ""Nsun2"", ""Pdap1"", ""Snx5"", ""Rpl21"", ""Pno1"", ""Snhg9"", ""Igf2"", ""Mrto4"", ""Nop2"", ""St13"", ""Tipin"", ""Srsf2"", ""Rcc1"", ""Ifi35"", ""Rpl23"", ""Cad"", ""Cdc45"", ""Nup85"", 
""Ybx1"", ""Rps15"", ""Pum3"", ""Slc25a39"", ""Trim28"", ""Fam162a"", ""Mrps18b"", ""Rfc4"", ""Rbpms"", ""Ddx39b"", ""Ccnb1"", ""Tmco4"", ""Farsb"", ""Cdca5"", ""Snhg12"", ""Uqcr11"", ""Kat2a"", ""Cpt1a"")"
"117","TABULA_MURIS_SENIS_LUNG_BRONCHIAL_SMOOTH_MUSCLE_CELL_AGEING","0.00063026655891708","0.02323090595233","0.477270815362862","-0.505640676717289","-1.76056660762746","83","c(""Rpl22l1"", ""Crip1"", ""Klf2"", ""Ccnd2"", ""Gstp1"", ""Srgn"", ""B2m"", ""Psme2"", ""Aldoa"", ""Fxyd5"", ""Plac8"", ""Isg15"", ""Rpsa"", ""Rps20"", ""Calr"", ""Pkm"", ""Smad7"", ""Gapdh"", ""Cd74"", ""Adk"", ""Ifi47"", ""Ly6a"", ""Cd9"", ""Nr4a1"", ""Zfp36l1"", ""Hsp90ab1"", ""Ifit3"", ""Prr13"", ""Ccl5"")"
"118","TABULA_MURIS_SENIS_KIDNEY_EPITHELIAL_CELL_OF_PROXIMAL_TUBULE_AGEING","6.31192639077012e-06","0.000738753017368707","0.610526878385931","-0.447328697776152","-1.75787729769115","183","c(""Rpl41"", ""Rps28"", ""Rpl36"", ""Rpl39"", ""Rpl35"", ""Rpl36a"", ""Rps26"", ""Rplp2"", ""Rplp1"", ""Rpl22l1"", ""Rpl15"", ""Rpl38"", ""Rpl37"", ""Rps12"", ""Rps19"", ""Id2"", ""Rps8"", ""B2m"", ""Ldha"", ""C1qbp"", ""Eef1a1"", ""Rpl23a"", ""Hspe1"", ""Bola2"", ""Rps25"", ""Rps2"", ""Rpl6"", ""Rpl31"", ""Hnrnpa3"", ""Nme1"", ""Rpl22"", ""Rpsa"", ""Tomm6"", ""Nop10"", ""Rps20"", ""Rpl14"", ""Ass1"", ""Rps23"", ""Hint1"", ""Rps27l"", ""Cd74"", ""Cox7b"", ""Rps18"", ""Rps17"", ""Adk"", ""Tmem256"", ""Npm1"", ""Cox8a"", ""Rpl21"", ""S100a11"")"
"119","DESCARTES_ORGANOGENESIS_CARDIAC_MUSCLE_LINEAGES","0.00181102778841496","0.0489917187101877","0.45505986738723","-0.552166353466892","-1.75622983183175","50","c(""Mif"", ""Crip1"", ""Ldha"", ""Aldoa"", ""Atp5k"", ""Tpi1"", ""Actn2"", ""Ndufc1"", ""Rbpms"", ""Rrad"", ""Myl4"", ""Got1"", ""Lpar3"", ""Asb2"", ""Fhl2"", ""Kcng2"")"
"120","GOBP_AMIDE_BIOSYNTHETIC_PROCESS","1.53915374288842e-07","3.8378463980283e-05","0.690132458796796","-0.423172188763489","-1.75505073620538","330","c(""Rpl41"", ""Rps28"", ""Rpl36"", ""Rpl39"", ""Rpl35"", ""Rpl36a"", ""Rps26"", ""Rplp2"", ""Vim"", ""Rplp1"", ""Rpl22l1"", ""Rpl15"", ""Rpl38"", ""Rpl37"", ""Rps12"", ""Rps19"", ""Pabpc1"", ""Rps8"", ""Eif5a"", ""C1qbp"", ""Eef1a1"", ""Rpl23a"", ""Eif4a1"", ""Ncl"", ""Pa2g4"", ""Bzw2"", ""Rps25"", ""Rps2"", ""Rpl6"", ""Shmt1"", ""Rpl31"", ""Rpl22"", ""Rpsa"", ""Rps20"", ""B4galnt1"", ""Calr"", ""Rpl14"", ""Pkm"", ""Ass1"", ""Rps23"", ""Vars"", ""Gapdh"", ""Shmt2"", ""Rps27l"", ""Zfp36l2"", ""Gm2000"", ""Cdk4"", ""Serbp1"", ""Rps18"", ""Rps17"", ""Nolc1"", ""Eif2s2"", ""Hnrnpu"", ""Uqcc2"", ""Tyms"", ""Npm1"", 
""Rpl21"", ""P2rx7"", ""Aimp2"", ""Ifrd2"", ""Rpl23"", ""Ybx1"", ""Zfp36l1"", ""Eif4a3"", ""Rps15"", ""Tnf"", ""Pum3"", ""Slbp"", ""St6galnac4"", ""Pus7"", ""Gars"", ""Mrps18b"")"
"121","HALLMARK_INTERFERON_GAMMA_RESPONSE","8.58655388682172e-05","0.00535259636314376","0.538434096309916","-0.480331309401722","-1.75189755202868","121","c(""B2m"", ""Psme2"", ""Itgb7"", ""Isg15"", ""Gpr18"", ""Ifi30"", ""Cd74"", ""Samhd1"", ""Lap3"", ""Mthfd2"", ""Rtp4"", ""Irf7"", ""Lgals3bp"", ""Cd69"", ""Il2rb"", ""Irf1"", ""Nfkb1"", ""Usp18"", ""Nup93"", ""Ifi35"", ""Cd274"", ""Fgl2"", ""Rsad2"", ""Ifit3"", ""Irf8"", ""Stat1"", ""Ccl5"", ""Isg20"", ""Xaf1"", ""Xcl1"", ""Psmb9"", ""Nlrc5"", ""Oas3"", ""Ifitm3"", ""Ifitm2"", ""St3gal5"", ""Dhx58"", ""Ddx60"", ""Zbp1"", ""Icam1"", ""Oasl1"", ""Slamf7"", ""Irf9"", ""Casp1"", ""Lysmd2"", ""Cxcl10"", ""Casp7"", ""Cmklr1"", ""Ifih1"", ""Ube2l6"", ""Cmpk2"", ""Gbp3"", ""Cd86"", ""Plscr1"", ""Cfb"", ""Cd38"", ""Irf5"", 
""Vcam1"", ""Pml"", ""Casp4"", ""Upp1"", ""Parp14"", ""Irf4"", ""Tnfaip2"", ""Rnf213"", ""Oas2"", ""Il10ra"", ""Samd9l"", ""Vamp5"")"
"122","MARKEY_RB1_ACUTE_LOF_UP","1.72828111510267e-05","0.00137662391598803","0.575610261071129","-0.446807581378564","-1.74824409392801","178","c(""Hmgn2"", ""Set"", ""Amd1"", ""Ranbp1"", ""Nop58"", ""Mcm5"", ""Pcna"", ""Ptma"", ""Hspd1"", ""Mcm3"", ""Nusap1"", ""Rrm2"", ""Kpna2"", ""Mki67"", ""Tubb5"", ""Ephx1"", ""Dctpp1"", ""Cdk1"", ""Ptges3"", ""Rcl1"", ""Birc5"", ""Cks1b"", ""Cdca3"", ""Tyms"", ""Ccna2"", ""Alad"", ""Cks2"", ""Prim1"", ""Rad51"", ""Mcm7"", ""Ccnb2"", ""Racgap1"", ""Rad51ap1"", ""Tipin"", ""Srsf2"", ""Tk1"", ""Pola1"", ""Ifrd2"", ""Cdc45"", ""Asf1b"", ""Plk1"", ""Fignl1"", ""Kif11"", ""Prc1"", ""Nucks1"", ""Cdca7l"", ""Nap1l1"", ""Gmnn"", ""Cenpk"", ""Rfc4"", ""Mis18bp1"", ""Kif20a"", ""Bub1"", ""Chaf1b"", ""Dek"", ""E2f1"", ""Pabpc4"", 
""Ccnf"", ""Mad2l1"", ""Ipo5"", ""Naa10"", ""Dlgap5"", ""Anp32b"", ""Kif2c"", ""Cdc6"", ""Kif4"", ""Xpo1"", ""Pdia3"", ""Kif23"", ""Hmgn1"", ""E2f8"")"
"123","GOBP_LYMPHOCYTE_MIGRATION","0.00163973360067337","0.0449946038270899","0.45505986738723","-0.53362964126918","-1.73793004945946","57","c(""Itgb7"", ""Ccr7"", ""Gpr183"", ""S1pr1"", ""Itgb3"", ""Gata3"", ""Cd200"", ""Ccl5"", ""Stk39"", ""Xcl1"", ""Il27ra"", ""Tbx21"", ""Ccr2"", ""Ccl4"", ""Cxcr3"", ""Icam1"", ""Ecm1"", ""Ccl17"", ""Cd200r1"", ""Cxcl16"", ""Cxcl10"", ""Stk10"", ""Crtam"", ""Aif1"", ""Ccl3"", ""Ccl1"")"
"124","MORI_PRE_BI_LYMPHOCYTE_UP","0.000837176463667889","0.0286170045512858","0.477270815362862","-0.516265487072028","-1.73752241751626","69","c(""Tuba1b"", ""Mif"", ""Hmgn2"", ""Top2a"", ""Mcm6"", ""Rrm2"", ""Ran"", ""Lig1"", ""Kpna2"", ""Mki67"", ""Psat1"", ""Tubb5"", ""Mthfd2"", ""Ube2c"", ""Cdk1"", ""Phgdh"", ""Cks1b"", ""Cdca3"", ""Fcer1g"", ""Rrm1"", ""Rad51"", ""Mcm7"", ""Ccnb2"", ""Racgap1"", ""Prc1"", ""Nucks1"", ""Ndc80"", ""Ttk"", ""Ccl5"", ""Ide"", ""Tubb4b"", ""Hspbp1"", ""Adgrg3"", ""Dbi"", ""Melk"", ""Cdca5"", ""Mcm2"", ""Cdc20"", ""Slc29a1"", ""Ncaph"")"
"125","GOBP_PEPTIDE_METABOLIC_PROCESS","3.83395851598604e-07","7.09282325457418e-05","0.674962860011025","-0.421005405985137","-1.73740264493986","327","c(""Rpl41"", ""Rps28"", ""Rpl36"", ""Rpl39"", ""Rpl35"", ""Rpl36a"", ""Rps26"", ""Rplp2"", ""Vim"", ""Rplp1"", ""Rpl22l1"", ""Rpl15"", ""Rpl38"", ""Rpl37"", ""Rps12"", ""Rps19"", ""Pabpc1"", ""Rps8"", ""Eif5a"", ""C1qbp"", ""Eef1a1"", ""Rpl23a"", ""Eif4a1"", ""Ncl"", ""Pa2g4"", ""Bzw2"", ""Rps25"", ""Rps2"", ""Rpl6"", ""Shmt1"", ""Rpl31"", ""Rpl22"", ""Rpsa"", ""Rps20"", ""Calr"", ""Rpl14"", ""Pkm"", ""Rps23"", ""Vars"", ""Gapdh"", ""Shmt2"", ""Rps27l"", ""Zfp36l2"", ""Gm2000"", ""Cdk4"", ""Serbp1"", ""Rps18"", ""Rps17"", ""Nolc1"", ""Eif2s2"", ""Hnrnpu"", ""Uqcc2"", ""Tyms"", ""Npm1"", ""Rpl21"", ""Aimp2"", 
""Thop1"", ""Ifrd2"", ""Rpl23"", ""Ybx1"", ""Zfp36l1"", ""Eif4a3"", ""Rps15"", ""Mme"", ""Tnf"", ""Pum3"", ""Ide"", ""Slbp"", ""Pus7"", ""Gars"", ""Mrps18b"")"
"126","SANSOM_APC_MYC_TARGETS","0.000307618730134439","0.0142273662687178","0.49849310876659","-0.48948697757481","-1.73018079864296","95","c(""Mif"", ""Snrpf"", ""Mettl1"", ""Tkt"", ""Shmt1"", ""Nhp2"", ""Nme1"", ""Mcm3"", ""Myc"", ""Vars"", ""Lfng"", ""Shmt2"", ""Mthfd1"", ""Mybbp1a"", ""Phgdh"", ""Impdh2"", ""Rrp9"", ""Igf2"", ""Nfkb2"", ""Ndrg1"", ""Mcm7"", ""Thop1"", ""Srsf2"", ""Hsp90ab1"", ""Pmf1"", ""Dkc1"", ""Atic"", ""Abhd14a"", ""Psmb9"", ""Ttc27"", ""Pabpc4"", ""Kat2a"", ""Mdn1"", ""Tfrc"", ""Zmynd19"", ""Colgalt1"", ""Exosc1"", ""Pole"", ""Ticrr"")"
"127","ZENG_GU_POST_ICB_METAGENE_31","0.00041783155981889","0.0174909780697907","0.49849310876659","-0.484832373552455","-1.71859834063952","97","c(""Gimap4"", ""B2m"", ""Nkg7"", ""Itgb7"", ""Gimap3"", ""Ctsw"", ""Relb"", ""Cd74"", ""Slfn1"", ""Ifi47"", ""Cst7"", ""Il2rb"", ""Snx5"", ""Irf1"", ""Vasp"", ""Nrm"", ""Cd274"", ""Phf11b"", ""Fgl2"", ""Irgm1"", ""Slc16a10"", ""Ifit3"", ""Cd3e"", ""Irf8"", ""Stat1"", ""Cxcr6"", ""Kbtbd11"", ""Psmb9"", ""Nlrc5"", ""Iigp1"", ""Tbx21"", ""Ccl4"", ""Tgtp2"", ""Zbp1"", ""Gzmb"", ""Ly6c2"", ""Serpina3g"", ""Il12rb2"", ""Espl1"", ""B4galt5"", ""Klrd1"", ""Oasl1"", ""Ebi3"", ""Serpina3f"", ""Cxcl10"", ""Ube2l6"", ""Havcr2"", ""Gbp3"", ""Hck"", ""Emp3"", ""Cfb"", ""Slc15a3"", ""Ifng"", ""Sdc3"", ""Ccl3"", ""Irf5"")"
"128","TABULA_MURIS_SENIS_LUNG_ALVEOLAR_MACROPHAGE_AGEING","0.000780013797074853","0.0271113886437835","0.477270815362862","-0.478038069669684","-1.70084564466383","99","c(""Rpl35"", ""Crip1"", ""Klf2"", ""Cd52"", ""Srgn"", ""B2m"", ""Pgk1"", ""Plac8"", ""Ncl"", ""Ppia"", ""Tkt"", ""Nme2"", ""Ctss"", ""S100a6"", ""S100a4"", ""Rpl14"", ""Pkm"", ""Ifi30"", ""Rps23"", ""Cd74"", ""Cox7b"", ""Uqcc2"", ""Fcer1g"", ""Lgals3"", ""S100a11"", ""Timp2"", ""Tyrobp"", ""Hexb"", ""Cd274"", ""Sod1"", ""Ahnak"", ""Ccl5"", ""Rpl36al"")"
"129","SAP30_TARGET_GENES","0.00128463543907346","0.0379762074385892","0.45505986738723","-0.483023457160194","-1.69854286648751","93","c(""Hmgn2"", ""Rps19"", ""Pgk1"", ""Uqcrq"", ""Ranbp1"", ""Gar1"", ""Rrp15"", ""Hspa9"", ""Tpx2"", ""Rcl1"", ""Birc5"", ""Ccna2"", ""Snx5"", ""Trmt61a"", ""Mcm7"", ""Pbk"", ""Ccnb2"", ""Tacc3"", ""Rcc1"", ""Rpl23"", ""Ndc80"", ""Kif15"", ""Mis18bp1"", ""Nuf2"", ""Tfap4"", ""Cenpf"", ""Cyp51"", ""Pprc1"", ""Bub1"", ""Fos"", ""Pabpc4"", ""Cmss1"", ""Ccnf"", ""Psen2"", ""Tmem64"", ""Kif2c"", ""Cdca2"", ""Psme3"", ""Fscn1"", ""Sdad1"")"
"130","TABULA_MURIS_SENIS_LIMB_MUSCLE_T_CELL_AGEING","0.000191940071862208","0.00957196793156314","0.518848077743792","-0.454026575597632","-1.6969649068467","135","c(""Crip1"", ""Tuba4a"", ""Id2"", ""Srgn"", ""B2m"", ""Hmgb2"", ""Aldoa"", ""Maf"", ""Ncl"", ""AW112010"", ""Bcl2a1d"", ""Gpr183"", ""Bcl2a1b"", ""Capg"", ""Tpm4"", ""S100a6"", ""Calr"", ""S100a4"", ""Rps27l"", ""Smco4"", ""Hspa5"", ""Pgam1"", ""Ctla2a"", ""Cd82"", ""Cd74"", ""Lmo4"", ""Junb"", ""Samsn1"", ""Orai1"", ""Cst7"", ""Il2rb"", ""Lgals3"", ""S100a11"", ""Nfkb2"", ""Odc1"", ""Ndfip1"", ""Il18r1"", ""Icos"", ""Ier2"", ""Acot7"", ""Hspa8"", ""Sod1"", ""Ahnak"", ""Prr13"", ""Sf3b4"", ""Ccl5"", ""Cxcr6"", ""Slbp"", ""Tubb4b"", ""Anxa1"", ""Tnfrsf4"", ""Ppm1g"", ""Gadd45b"", ""Cebpb"", ""Tnfrsf1b"", 
""Slc3a2"", ""Ccr2"")"
"131","GOCC_RIBONUCLEOPROTEIN_COMPLEX","3.41567038990858e-07","6.75478265038818e-05","0.674962860011025","-0.403108178173465","-1.69142980352462","375","c(""Rpl41"", ""Rps28"", ""Rpl36"", ""Rpl39"", ""Rpl35"", ""Rpl36a"", ""Rps26"", ""Rplp2"", ""Vim"", ""Rplp1"", ""Rpl22l1"", ""Rpl15"", ""Snrpg"", ""Rpl38"", ""Rpl37"", ""Rps12"", ""Rps19"", ""Pabpc1"", ""Rps8"", ""Snrpf"", ""Rpl23a"", ""Lsm7"", ""Ncl"", ""Top2a"", ""Snrpd3"", ""Pa2g4"", ""Nop58"", ""Fbl"", ""Rps25"", ""Rps2"", ""Rpl6"", ""Rpl31"", ""Nhp2"", ""Hnrnpa3"", ""Rpl22"", ""Rpsa"", ""Nop10"", ""Rps20"", ""Calr"", ""Rpl14"", ""Gar1"", ""Rps23"", ""Rrp15"", ""Gapdh"", ""Rps27l"", ""Zfp36l2"", ""Gm2000"", ""Snrpe"", ""Rps18"", ""Rps17"", ""Nolc1"", ""Hnrnpu"", ""Ptges3"", ""Noc2l"", ""Rcl1"", ""Npm1"", 
""G3bp1"", ""Wdr43"", ""Lgals3"", ""Rpl21"", ""Pno1"", ""Rrp9"", ""Rrp1b"", ""Ppan"", ""Mrto4"", ""Alyref"", ""Srsf2"", ""Hspa8"", ""Rpl23"", ""Ybx1"", ""Rrs1"", ""Zfp36l1"", ""Eif4a3"", ""Rps15"", ""Pdcd11"", ""Ltv1"", ""Sf3b4"", ""Slirp"", ""Slbp"", ""Bop1"", ""Rpl36al"", ""Mrps18b"", ""Lsm6"", ""Dkc1"", ""Wdr46"", ""Nop56"", ""Snrpd2"", ""Ddx39b"", ""Lsm5"", ""Eif2s1"", ""Eif1a"", ""Nat10"", ""Wdr75"", ""Utp18"", ""Pabpc4"", ""Snrpd1"", ""Rpl32"", ""Mrpl17"", ""Ftsj3"", ""Rpp38"", ""Rpl27a"")"
"132","GOBP_NCRNA_PROCESSING","0.000110018528800784","0.00643832921094383","0.538434096309916","-0.434038501709117","-1.68962824973295","175","c(""Rps28"", ""Rpl35"", ""Rps19"", ""Rps8"", ""Mettl1"", ""Ddx21"", ""Ncl"", ""Pa2g4"", ""Fbl"", ""Rps25"", ""Nhp2"", ""Nop10"", ""Rpl14"", ""Gar1"", ""Chd7"", ""Rrp15"", ""Gm2000"", ""Rps17"", ""Rcl1"", ""Nsun2"", ""Npm1"", ""Wdr43"", ""Nifk"", ""Rrp9"", ""Rrp1b"", ""Ppan"", ""Mrto4"", ""Trmt61a"", ""Nop2"", ""Npm3"", ""Rrs1"", ""Rps15"", ""Pdcd11"", ""Isg20"", ""Bop1"", ""Pus1"", ""Pus7"", ""Lsm6"", ""Dkc1"", ""Ddx18"", ""Wdr46"", ""Rrp12"", ""Nat10"", ""Wdr75"", ""Utp18"", ""Lyar"", ""Ftsj3"", ""Rpp38"", ""Rpf2"", ""Znhit6"", ""Rbm3"", ""Larp7"", ""Rpp40"", ""Pes1"", ""Exosc1"", ""Cdk5rap1"", ""Ddx27"", ""Exosc2"", 
""Utp20"", ""Wdr4"", ""Ddx56"", ""Nol10"", ""Pusl1"", ""Wdr74"", ""Tsr1"", ""Wdr18"", ""Trmt6"")"
"133","LAZARO_GENETIC_MOUSE_MODEL_HIGH_GRADE_SMALL_CELL_NEUROENDOCRINE_LUNG_CARCINOMA_UP","4.68589677929354e-07","7.90400530272013e-05","0.674962860011025","-0.400828050903712","-1.68952850485025","379","c(""Mif"", ""Hmgn2"", ""Hmgb2"", ""Top2a"", ""Ranbp1"", ""Nop58"", ""Bzw2"", ""Mcm5"", ""Pcna"", ""Mcm6"", ""Hnrnpa3"", ""Nme1"", ""Mcm3"", ""Nusap1"", ""Ran"", ""Pkm"", ""Lig1"", ""Kpna2"", ""Tpi1"", ""Chd7"", ""Hint1"", ""Mki67"", ""Tubb5"", ""Chn2"", ""Cdk4"", ""Ssrp1"", ""Mthfd2"", ""Spc25"", ""Ube2c"", ""Cdk1"", ""Hells"", ""Tpx2"", ""Cdca8"", ""Birc5"", ""Aurkb"", ""Tyms"", ""Pold2"", ""Ccna2"", ""Cks2"", ""Prim1"", ""Rrm1"", ""Syce2"", ""Rad51"", ""Mcm7"", ""Nrm"", ""Pbk"", ""Ung"", ""Ccnb2"", ""Tacc3"", ""Racgap1"", ""Kifc1"", ""Tipin"", ""Tox"", ""Ncapg"", ""Pola1"", ""Cenpe"", ""Cdc45"", ""Ncapg2"", 
""Plk1"", ""Fignl1"", ""Cenpm"", ""Kif11"", ""Oxct1"", ""Prc1"", ""Pmf1"", ""Nucks1"", ""Ndc80"", ""Ttk"", ""Gmnn"", ""Ckap2l"", ""Slbp"", ""Polr3h"", ""Cenpk"", ""Cenph"", ""Shcbp1"", ""Rfc4"", ""Neil3"", ""Mis18bp1"", ""Dhfr"", ""Nuf2"", ""Cenpf"", ""Depdc1a"", ""Lockd"", ""Ccne1"", ""Hirip3"", ""Ccnb1"", ""Kif20a"", ""Hmmr"", ""Ccne2"", ""Pkmyt1"", ""Sfxn1"", ""Melk"", ""Chek1"", ""Cdca5"", ""Chaf1b"", ""Cisd3"", ""Snrpd1"", ""Chaf1a"", ""Klhdc2"", ""Mad2l1"", ""Mcm2"", ""Cdc20"", ""Umps"", ""Ipo5"", ""Ska1"", ""Ncaph"", ""Dlgap5"", ""Kif2c"", ""Cdca2"", ""Cdc6"", ""Cep55"", ""Larp7"", ""Ctps"", ""Kif4"", 
""Kntc1"", ""Pole"", ""Ticrr"", ""Kif23"", ""BC055324"", ""Stil"", ""Prmt1"", ""E2f8"", ""Spag5"", ""Depdc1b"", ""Troap"", ""Plppr4"", ""Pold1"", ""Bora"", ""Timm50"", ""Incenp"", ""Cdt1"", ""Kif18b"", ""Rad54b"", ""Mcm4"", ""Foxm1"", ""Clspn"", ""Kif14"", ""Bub1b"", ""Wdhd1"", ""Trip13"", ""Trmt6"", ""Gins1"", ""Exo1"", ""Aspm"", ""Arhgap11a"")"
"134","TABULA_MURIS_SENIS_SPLEEN_T_CELL_AGEING","0.000188962112705269","0.00950612031898876","0.518848077743792","-0.44686353096698","-1.68651292174758","144","c(""Vim"", ""Gimap4"", ""Rpl38"", ""Id2"", ""Izumo1r"", ""Srgn"", ""B2m"", ""Gimap3"", ""Aldoa"", ""Maf"", ""AW112010"", ""Bcl2a1d"", ""Bcl2a1b"", ""Capg"", ""Ctss"", ""S100a6"", ""Calr"", ""S100a4"", ""Pkm"", ""Tpi1"", ""Gapdh"", ""Rps27l"", ""Smco4"", ""Hspa5"", ""Pgam1"", ""Cd82"", ""Clec2d"", ""Cd74"", ""Tomm7"", ""Cd5"", ""Cox7c"", ""Junb"", ""Samsn1"", ""Tmem256"", ""Atp5j2"", ""Pdcd1"", ""Ly6a"", ""Cox8a"", ""Ikzf2"", ""Cst7"", ""Il2rb"", ""S100a11"", ""Vasp"", ""Odc1"", ""Serinc3"", ""Timp2"", ""Ndfip1"", ""Gimap5"", ""Icos"", ""Tox"", ""Acot7"", ""Zfp36l1"", ""Ahnak"", ""Prr13"", ""Gm8369"", ""Ccl5"", 
""Tnfrsf4"", ""Cox7a2"", ""Batf"", ""Psmb9"", ""Ctsb"", ""Tnfrsf1b"", ""Slc3a2"", ""Cox5b"", ""Rnh1"", ""Anp32b"", ""Cxcr3"", ""Rbm3"", ""Serpina3g"", ""Atp5g2"", ""Pdia3"", ""Gng2"", ""Lgals1"", ""Krtcap2"")"
"135","TABULA_MURIS_SENIS_LUNG_CLASSICAL_MONOCYTE_AGEING","6.80567116129548e-06","0.000750587002115953","0.610526878385931","-0.412611439587369","-1.68339978647785","270","c(""Rpl41"", ""Rpl35"", ""Rpl36a"", ""Rps26"", ""Tuba1b"", ""Mif"", ""Rplp1"", ""Rpl15"", ""Snrpg"", ""Rps12"", ""Hmgn2"", ""Rps19"", ""Rps8"", ""Ldha"", ""Eif5a"", ""Hmgb2"", ""Rpl23a"", ""Aldoa"", ""Pgk1"", ""Uqcrq"", ""Ncl"", ""Ppia"", ""Snrpd3"", ""AW112010"", ""Prdx1"", ""Nme2"", ""Rps25"", ""Rps2"", ""Rpl6"", ""Ptma"", ""Nhp2"", ""Nme1"", ""Rpl22"", ""Rpsa"", ""Rps20"", ""Ran"", ""Calr"", ""Rpl14"", ""Pkm"", ""Atp5g1"", ""Ifi30"", ""Tpi1"", ""Rps23"", ""Hint1"", ""Gapdh"", ""Rps27l"", ""Tubb5"", ""Hspa5"", ""Ctla2a"", ""Cd74"", ""Snrpe"", ""Serbp1"", ""Uqcr10"", ""Cox7b"", ""Rps18"", ""Rps17"", ""Eif2s2"", 
""Hnrnpu"", ""Ndufa5"", ""Uqcc2"", ""Impdh2"", ""Pdap1"", ""Atp5j2"", ""Ly6a"", ""Npm1"", ""Cox8a"", ""Lgals3"", ""Cks2"", ""Rpl21"", ""Arpp19"")"
"136","GOBP_ORGANIC_ACID_BIOSYNTHETIC_PROCESS","0.000288809876425931","0.013466053994331","0.49849310876659","-0.469021358643499","-1.67744110605272","104","c(""Mif"", ""Gstp1"", ""Ldha"", ""Shmt1"", ""Fabp5"", ""Pkm"", ""Ass1"", ""Psat1"", ""Shmt2"", ""Mthfd1"", ""Cd74"", ""Phgdh"", ""Ptges3"", ""Mtap"", ""Acot7"", ""Cad"", ""Prmt3"", ""Anxa1"", ""Dhfr"")"
"137","CUI_TCF21_TARGETS_2_UP","2.85835434153284e-05","0.00204908276858635","0.575610261071129","-0.41637572499208","-1.66805135956062","227","c(""Rpl41"", ""Mif"", ""Ccnd2"", ""Srm"", ""Apex1"", ""Mettl1"", ""Pa2g4"", ""Ranbp1"", ""Bzw2"", ""Mcm5"", ""Phb"", ""Ppa1"", ""Nme1"", ""Mcm3"", ""Rpsa"", ""Psat1"", ""Dctpp1"", ""Ube2c"", ""Cdk1"", ""Hells"", ""Phgdh"", ""Tpx2"", ""Hnrnpu"", ""Cdk2ap1"", ""Cdca8"", ""Etv5"", ""Cks1b"", ""Grwd1"", ""Cdca3"", ""Tyms"", ""Pold2"", ""Spc24"", ""Ccna2"", ""Prim1"", ""Rrp1b"", ""Ppan"", ""Mxd3"", ""Mrto4"", ""Syce2"", ""Rad51"", ""Pdlim4"", ""Mcm7"", ""Atad3a"", ""Thop1"", ""Ccnb2"", ""Tacc3"", ""Tk1"", ""Cad"", ""Cdc45"", ""Cdca7l"", ""Tmem97"", ""Cenpk"", ""Pdgfa"", ""Hspbp1"", ""Nuf2"", ""Bri3bp"", ""Atic"", 
""Hmmr"", ""Abhd14a"")"
"138","MARKEY_RB1_ACUTE_LOF_DN","0.000346476740016408","0.0153381557739747","0.49849310876659","-0.450525986186115","-1.66785903561875","132","c(""Cd52"", ""Ifi27l2a"", ""Srgn"", ""Lcp1"", ""Psme2"", ""Plac8"", ""AW112010"", ""Il7r"", ""Isg15"", ""Ifit1"", ""Ifi47"", ""Irf7"", ""Lgals3bp"", ""Usp18"", ""Ndrg1"", ""Tyrobp"", ""Lgmn"", ""Ifi35"", ""Evi2a"", ""Ifi203"", ""Ifit3"", ""Stat1"", ""Ccl5"", ""Isg20"", ""Fam162a"", ""Ncf4"", ""Psmb9"", ""Iigp1"", ""Ctsb"", ""Ccl4"", ""Trim30a"", ""Mt1"", ""Lyz2"", ""Ifi204"", ""Bhlhe40"", ""Gatm"", ""Sat1"", ""C1qc"", ""Irf9"", ""Ms4a6c"", ""Anxa4"", ""Grn"", ""C1qb"", ""Lst1"", ""Napsa"", ""Mpeg1"", ""Cxcl10"", ""Tgtp1"", ""Ifih1"", ""Smpdl3a"", ""Gbp2"", ""Cd72"", ""Ube2l6"", ""Cmpk2"", ""Gbp3"", ""Hck"", 
""Tor3a"", ""Ctse"", ""Serpinb9"", ""Ccl3"", ""Casp4"", ""Sp100"", ""Clec4d"", ""Glrx"", ""Nt5e"", ""Cfp"")"
"139","MLLT3_TARGET_GENES","4.09523593456517e-06","0.00049970591669641","0.610526878385931","-0.403359234599443","-1.66671182629117","323","c(""Rpl35"", ""Rpl36a"", ""Rplp2"", ""Rpl15"", ""Rps12"", ""Rps19"", ""Pabpc1"", ""Set"", ""Ldha"", ""Eif5a"", ""Eef1a1"", ""Hmgb2"", ""Rpl23a"", ""Eif4a1"", ""Aldoa"", ""Fxyd5"", ""Hspe1"", ""Ddx21"", ""Ppia"", ""Bcl2a1d"", ""Prdx1"", ""Bcl2a1b"", ""Capg"", ""Rps25"", ""Rps2"", ""Pcna"", ""Rpl6"", ""Ptma"", ""Rpl31"", ""Hnrnpa3"", ""Isg15"", ""Hspd1"", ""Nme1"", ""Rpl22"", ""Rps20"", ""S100a6"", ""B4galnt1"", ""Cbx3"", ""Myc"", ""Kpna2"", ""Rps23"", ""Hint1"", ""Vars"", ""Rrp15"", ""Gapdh"", ""Tubb5"", ""Gart"", ""Hspa5"", ""Zfp36l2"", ""Ssrp1"", ""Nfkbid"", ""Rps18"", ""Rps17"", ""Hnrnpu"", ""Noc2l"", 
""Cox7c"", ""Nsun2"", ""Gpatch4"", ""Rpl21"", ""Cyth4"", ""Snhg9"", ""Snhg6"", ""Usp18"", ""Tacc3"", ""Srsf2"", ""Hspa8"", ""Ccdc86"", ""Cdc45"", ""Evi2a"", ""Hsp90ab1"", ""Rsad2"", ""Tnf"", ""Slirp"", ""Isg20"", ""Xaf1"", ""Rpl36al"", ""Tma16"", ""Trib1"", ""Cct3"", ""Nop56"", ""Nuf2"", ""Rbpms"", ""Dennd2d"", ""Ddx39b"")"
"140","GOBP_AMIDE_METABOLIC_PROCESS","3.70339357133205e-07","7.0796540438631e-05","0.674962860011025","-0.391382290153696","-1.65317214930889","399","c(""Rpl41"", ""Rps28"", ""Rpl36"", ""Rpl39"", ""Rpl35"", ""Rpl36a"", ""Rps26"", ""Rplp2"", ""Vim"", ""Rplp1"", ""Rpl22l1"", ""Rpl15"", ""Rpl38"", ""Rpl37"", ""Rps12"", ""Rps19"", ""Pabpc1"", ""Rps8"", ""Eif5a"", ""C1qbp"", ""Eef1a1"", ""Rpl23a"", ""Eif4a1"", ""Ncl"", ""Pa2g4"", ""Bzw2"", ""Rps25"", ""Rps2"", ""Rpl6"", ""Shmt1"", ""Rpl31"", ""Rpl22"", ""Rpsa"", ""Rps20"", ""B4galnt1"", ""Calr"", ""Rpl14"", ""Pkm"", ""Ass1"", ""Rps23"", ""Vars"", ""Gapdh"", ""Shmt2"", ""Rps27l"", ""Zfp36l2"", ""Gm2000"", ""Cdk4"", ""Serbp1"", ""Rps18"", ""Rps17"", ""Nolc1"", ""Eif2s2"", ""Hnrnpu"", ""Uqcc2"", ""Gm2a"", ""Tyms"", 
""Npm1"", ""Rpl21"", ""P2rx7"", ""Aimp2"", ""Thop1"", ""Hexb"", ""Acot7"", ""Ifrd2"", ""Rpl23"", ""Ybx1"", ""Zfp36l1"", ""Eif4a3"", ""Rps15"", ""Mme"", ""Tnf"", ""Pum3"", ""Ide"", ""Slbp"", ""St6gal1"", ""St6galnac4"", ""Pus7"", ""Gars"", ""Mrps18b"", ""Dhfr"", ""Suclg2"", ""Ddx39b"", ""Kars"", ""Eif2s1"", ""Eif1a"", ""Farsb"", ""Rars"", ""Nat10"", ""Sgms1"")"
"141","TABULA_MURIS_SENIS_BLADDER_ENDOTHELIAL_CELL_AGEING","0.000399311639422325","0.0169339975302789","0.49849310876659","-0.425057437933268","-1.64764733914267","167","c(""Vim"", ""Rplp1"", ""Crip1"", ""Rps12"", ""Tuba4a"", ""Eif5a"", ""Eef1a1"", ""Rpl23a"", ""Eif4a1"", ""Aldoa"", ""Nop58"", ""Fbl"", ""Rps2"", ""Pcna"", ""S100a6"", ""Rpl14"", ""Pkm"", ""Tpi1"", ""Gapdh"", ""Hspa9"", ""Relb"", ""Hspa5"", ""Tuba1c"", ""Nolc1"", ""Eif2s2"", ""Ndufb2"", ""Lmo4"", ""Junb"", ""Impdh2"", ""Ckb"", ""Sap18"", ""Lgals3"", ""Rpl21"", ""Rrm1"", ""Gem"", ""Odc1"", ""Nr4a1"", ""Fgl2"", ""Trib1"", ""Hk2"", ""Tubb4b"", ""Litaf"", ""Lmna"", ""Gadd45b"", ""Eif1a"", ""Snhg12"", ""Cebpb"", ""Slc3a2"")"
"142","GOMF_STRUCTURAL_MOLECULE_ACTIVITY","9.48147744616281e-05","0.00581248715465586","0.538434096309916","-0.408032979559148","-1.63628570094168","233","c(""Rpl41"", ""Rps28"", ""Rpl36"", ""Rpl39"", ""Rpl35"", ""Rpl36a"", ""Rps26"", ""Rplp2"", ""Tuba1b"", ""Vim"", ""Rplp1"", ""Rpl22l1"", ""Rpl15"", ""Rpl38"", ""Rpl37"", ""Rps12"", ""Tuba4a"", ""Rps19"", ""Rps8"", ""Rpl23a"", ""Rps25"", ""Rps2"", ""Rpl6"", ""Rpl31"", ""Rpl22"", ""Rpsa"", ""Rps20"", ""Rpl14"", ""Rps23"", ""Rps27l"", ""Tubb5"", ""Gm2000"", ""Tuba1c"", ""Rps18"", ""Rps17"", ""Hmga1"", ""Nutf2"", ""Rpl21"", ""Add3"")"
"143","TABULA_MURIS_SENIS_LUNG_INTERMEDIATE_MONOCYTE_AGEING","0.000109921444444543","0.00643832921094383","0.538434096309916","-0.409699017502854","-1.63568857415777","223","c(""Rpl41"", ""Rpl35"", ""Rpl36a"", ""Rplp2"", ""Mif"", ""Rplp1"", ""Rpl15"", ""Snrpg"", ""Rps12"", ""Cd52"", ""Rps19"", ""Rps8"", ""Ldha"", ""Rpl23a"", ""Aldoa"", ""Pgk1"", ""Uqcrq"", ""Ncl"", ""AW112010"", ""Prdx1"", ""Bcl2a1b"", ""Nme2"", ""Rps25"", ""Rps2"", ""Rpl6"", ""Rpl31"", ""Nhp2"", ""Nme1"", ""Rpl22"", ""Rpsa"", ""Rps20"", ""S100a6"", ""Rpl14"", ""Pkm"", ""Atp5g1"", ""Ifi30"", ""Tpi1"", ""Rps23"", ""Hint1"", ""Gapdh"", ""Tubb5"", ""Ctla2a"", ""Fam111a"", ""Uqcr10"", ""Rps18"", ""Rps17"", ""Lmo4"", ""Ndufa5"", ""Tmem256"", ""Atp5j2"", ""Ly6a"", ""Npm1"", ""Cox8a"", ""Lgals3"", ""Rpl21"", ""S100a11""
)"
"144","TABULA_MURIS_SENIS_HEART_FIBROBLAST_OF_CARDIAC_TISSUE_AGEING","0.00117848562190509","0.0363965183003475","0.45505986738723","-0.443245943984144","-1.61988567599929","122","c(""Vim"", ""Gstp1"", ""B2m"", ""Ldha"", ""Eif5a"", ""Aldoa"", ""Fxyd5"", ""Tagln2"", ""Cotl1"", ""Tkt"", ""Capg"", ""Rpl6"", ""Ptma"", ""Rpsa"", ""Tomm6"", ""Myc"", ""Tubb5"", ""Cd82"", ""Cd74"", ""Rtp4"", ""Lmo4"", ""Lgals3bp"", ""Junb"", ""Ly6a"", ""Cd9"", ""Irf1"", ""Nr4a1"", ""Trf"", ""Lgmn"", ""Srsf2"", ""Ier2"", ""Ybx1"", ""Zfp36l1"", ""Prr13"", ""Sf3b4"", ""Tubb4b"", ""Gadd45b"", ""Dpysl2"", ""Hes1"", ""Ctsb"", ""Fos"", ""Tspan4"", ""Ifitm2"")"
"145","REACTOME_METABOLISM_OF_RNA","1.44040545760804e-05","0.00118010361419744","0.593325476396405","-0.392022052483934","-1.6137660343754","310","c(""Rps28"", ""Rpl36"", ""Rpl39"", ""Rpl35"", ""Rpl36a"", ""Rps26"", ""Rplp2"", ""Rplp1"", ""Rpl22l1"", ""Rpl15"", ""Snrpg"", ""Rpl38"", ""Rpl37"", ""Rps12"", ""Rps19"", ""Pabpc1"", ""Set"", ""Rps8"", ""Snrpf"", ""Polr2l"", ""Rpl23a"", ""Eif4a1"", ""Psme2"", ""Lsm7"", ""Ddx21"", ""Ncl"", ""Snrpd3"", ""Nop58"", ""Fbl"", ""Rps25"", ""Rps2"", ""Rpl6"", ""Gnl3"", ""Rpl31"", ""Hnrnpa3"", ""Rpl22"", ""Rpsa"", ""Rps20"", ""Rpl14"", ""Rps23"", ""Rps27l"", ""Gm2000"", ""Snrpe"", ""Rps18"", ""Rps17"", ""Hnrnpu"", ""Polr2f"", ""Rcl1"", ""Wdr43"", ""Rpl21"", ""Pno1"", ""Rrp9"", ""Alyref"", ""Nup93"", ""Srsf2"", ""Polr2k"", 
""Hspa8"", ""Rpl23"", ""Nup85"", ""Ybx1"", ""Zfp36l1"", ""Eif4a3"", ""Rps15"", ""Pdcd11"", ""Ltv1"", ""Sf3b4"", ""Slbp"", ""Bop1"", ""Rpl36al"")"
"146","TABULA_MURIS_SENIS_MARROW_NAIVE_B_CELL_AGEING","0.000171593007910215","0.00894623545786438","0.518848077743792","-0.409682162804837","-1.60993689169482","183","c(""Mif"", ""Vim"", ""Srm"", ""B2m"", ""Ldha"", ""Nkg7"", ""Eif5a"", ""C1qbp"", ""Psme2"", ""Aldoa"", ""Cotl1"", ""Pa2g4"", ""AW112010"", ""Ranbp1"", ""Nme2"", ""Capg"", ""Rpl6"", ""Ptma"", ""Nhp2"", ""Nme1"", ""Tomm6"", ""S100a6"", ""Wdr89"", ""Tpi1"", ""Hint1"", ""Cycs"", ""Gapdh"", ""Cdk4"", ""Serbp1"", ""Ms4a6b"", ""Adk"", ""Phgdh"", ""Birc5"", ""Uqcc2"", ""Cks1b"", ""Lgals3bp"", ""Tyms"", ""Tmem256"", ""Npm1"", ""Lgals3"", ""Cd9"", ""Vasp"", ""Tyrobp"", ""Glipr2"", ""Acot7"", ""Ybx1"", ""Hsp90ab1"", ""Nap1l1"", ""Syngr2"", ""Prr13"")"
"147","HALLMARK_G2M_CHECKPOINT","0.00126615179711789","0.0377332413060657","0.45505986738723","-0.42668529624234","-1.60952414375002","141","c(""Amd1"", ""Ncl"", ""Top2a"", ""Mcm5"", ""Mcm6"", ""Mcm3"", ""Nusap1"", ""Myc"", ""Mki67"", ""Cdk4"", ""Nolc1"", ""Ube2c"", ""Cdk1"", ""Tpx2"", ""Hnrnpu"", ""Birc5"", ""Cks1b"", ""Aurkb"", ""Ccna2"", ""G3bp1"", ""Cks2"", ""Odc1"", ""Pbk"", ""Ccnb2"", ""Tacc3"", ""Racgap1"", ""Srsf2"", ""Hspa8"", ""Cenpe"", ""Cdc45"", ""Plk1"", ""Slc7a1"", ""Kif11"", ""Prc1"", ""Ndc80"", ""Ttk"", ""Slc7a5"", ""Kif15"", ""Dkc1"", ""Cenpf"", ""Hmmr"", ""Chek1"", ""Bub1"", ""Fbxo5"", ""E2f1"", ""Snrpd1"", ""Chaf1a"", ""Ccnf"", ""Mad2l1"", ""Mcm2"", ""Cdc20"", ""Ewsr1"", ""Kif2c"", ""Cdc6"", ""Kif4"", ""Xpo1"", ""Espl1"", ""Pole"", 
""Kif23"", ""Stil"", ""Mybl2"", ""Troap"")"
"148","GRAESSMANN_RESPONSE_TO_MC_AND_SERUM_DEPRIVATION_UP","0.00171099594099732","0.046726484388665","0.45505986738723","-0.451750994802148","-1.60889081359591","98","c(""Ncl"", ""Isg15"", ""Ifit1"", ""Samhd1"", ""Rtp4"", ""Ifi47"", ""Irf7"", ""Lgals3bp"", ""Cdca3"", ""Irf1"", ""Usp18"", ""Ifi35"", ""Ifi203"", ""Irgm1"", ""Rsad2"", ""Ifit3"", ""Stat1"", ""Tubb4b"", ""Oasl2"", ""Iigp1"", ""Trim30a"", ""Ddx60"", ""Zbp1"", ""Pes1"", ""Kctd12"", ""Irf9"", ""Dkk3"", ""Parp9"", ""Mx1"", ""Cxcl10"", ""Casp7"", ""Tgtp1"", ""Ifih1"", ""Gbp2"", ""Cmpk2"", ""Tor3a"", ""Cfb"", ""Oas1a"", ""Apol9b"")"
"149","GOBP_POST_TRANSCRIPTIONAL_REGULATION_OF_GENE_EXPRESSION","0.000896340015906102","0.0292074431319403","0.477270815362862","-0.420732944174185","-1.6015959835305","154","c(""Vim"", ""Rplp1"", ""Rpl38"", ""Pabpc1"", ""Eif5a"", ""C1qbp"", ""Apex1"", ""Mettl1"", ""Ncl"", ""Pa2g4"", ""Bzw2"", ""Shmt1"", ""Calr"", ""Pkm"", ""Gapdh"", ""Shmt2"", ""Rps27l"", ""Zfp36l2"", ""Cdk4"", ""Serbp1"", ""Nolc1"", ""Hnrnpu"", ""Uqcc2"", ""Nsun2"", ""Tyms"", ""Npm1"", ""Nfkb1"", ""Ifrd2"", ""Ybx1"", ""Zfp36l1"", ""Eif4a3"", ""Tnf"", ""Pum3"", ""Pus7"", ""Dkc1"", ""Ddx39b"", ""Eif2s1"", ""Nat10"", ""E2f1"", ""Tnfrsf1b"", ""Pabpc4"")"
"150","ELL2_TARGET_GENES","6.79131320525899e-06","0.000750587002115953","0.610526878385931","-0.372351932395595","-1.57648463601964","411","c(""Rpl41"", ""Rps28"", ""Rpl36a"", ""Tuba1b"", ""Rplp1"", ""Rpl22l1"", ""Rpl15"", ""Klf2"", ""Ccnd2"", ""Snrpg"", ""Rps12"", ""Tuba4a"", ""Rps19"", ""Pabpc1"", ""Set"", ""Id2"", ""Rps8"", ""Ldha"", ""Eef1a1"", ""Rpl23a"", ""Eif4a1"", ""Amd1"", ""Aldoa"", ""Pgk1"", ""Hspe1"", ""Ncl"", ""Ppia"", ""Prdx1"", ""Rps2"", ""Rpl6"", ""Ptma"", ""Atp5l"", ""Mcm3"", ""Rpsa"", ""Rrm2"", ""Rps20"", ""Cbx3"", ""Calr"", ""Smad7"", ""Myc"", ""Tpi1"", ""Rrp15"", ""Psat1"", ""Gapdh"", ""Tubb5"", ""Gart"", ""Hspa5"", ""Rps18"", ""Eif2s2"", ""Hnrnpu"", ""Hmga1"", ""Etv5"", ""Junb"", ""Nsun2"", ""Tyms"", ""Npm1"", ""Ndufaf4"", ""Snx5"", 
""Rrm1"", ""Snhg9"", ""Snhg6"", ""Gm15417"", ""Srsf2"", ""Ier2"", ""Rcc1"", ""Hspa8"", ""Rpl23"", ""Nup85"", ""Fignl1"", ""Zfp36l1"", ""Hsp90ab1"", ""Sod1"", ""Zbtb7b"", ""Rps15"", ""Irf8"", ""Slc7a5"", ""Slbp"", ""Slc25a39"", ""Rpl36al"", ""Trim28"", ""Hk2"", ""Tubb4b"", ""Mrps18b"", ""Pdgfa"", ""Bola3"", ""Nop56"", ""Rbpms"", ""Lmna"")"
"151","GOBP_NON_MEMBRANE_BOUNDED_ORGANELLE_ASSEMBLY","0.00136331066294484","0.039890748224432","0.45505986738723","-0.402943187912098","-1.5594515624578","166","c(""Rps28"", ""Rpl38"", ""Rps19"", ""Lcp1"", ""C1qbp"", ""Rpl23a"", ""Rps25"", ""Rpl6"", ""Rpsa"", ""Rps23"", ""Rps27l"", ""Tubb5"", ""Tpx2"", ""Hnrnpu"", ""Cenpw"", ""Cdca8"", ""Birc5"", ""Aurkb"", ""Npm1"", ""G3bp1"", ""Ppan"", ""Mrto4"", ""Nop2"", ""Ccnb2"", ""Racgap1"", ""Kifc1"", ""Rcc1"", ""Cenpe"", ""Plk1"", ""Rrs1"", ""Kif11"", ""Prc1"", ""Rps15"", ""Ndc80"", ""Tnf"", ""Actn2"", ""Nle1"", ""Bop1"", ""Cenpk"", ""Cenph"", ""Eif2s1"", ""Fbxo5"", ""Kat2a"", ""Cdc20"", ""Aaas"", ""Rpf2"", ""Dlgap5"", ""Mdn1"", ""Fscn1"", ""Tnnt1"", ""Kntc1"", ""Kif23"", ""Stil"", ""Spag5"", ""Mybl2"")"
"152","GOBP_NCRNA_METABOLIC_PROCESS","0.000804687821811871","0.0278005099885005","0.477270815362862","-0.384149540671971","-1.5567552192488","248","c(""Rps28"", ""Rpl35"", ""Rps19"", ""Rps8"", ""Polr2l"", ""Mettl1"", ""Ddx21"", ""Ncl"", ""Pa2g4"", ""Fbl"", ""Rps25"", ""Gnl3"", ""Nhp2"", ""Nop10"", ""Rpl14"", ""Gar1"", ""Myc"", ""Chd7"", ""Vars"", ""Rrp15"", ""Gm2000"", ""Rps17"", ""Nolc1"", ""Polr2f"", ""Rcl1"", ""Nsun2"", ""Npm1"", ""Wdr43"", ""Nifk"", ""Gata3"", ""Rrp9"", ""Rrp1b"", ""Ppan"", ""Mrto4"", ""Trmt61a"", ""Nfkb1"", ""Nop2"", ""Npm3"", ""Rrs1"", ""Rps15"", ""Pdcd11"", ""Tnf"", ""Isg20"", ""Bop1"", ""Pus1"", ""Pus7"", ""Gars"", ""Lsm6"", ""Dkc1"", ""Ddx18"", ""Wdr46"", ""Rrp12"", ""Kars"", ""Farsb"", ""Rars"", ""Nat10"", ""Wdr75"", ""Polr1b"", 
""Utp18"", ""Lyar"", ""Fos"", ""Pdgfb"", ""Polr1a"", ""Ftsj3"", ""Rpp38"", ""Rpf2"", ""Znhit6"", ""Slfn8"", ""Rbm3"", ""Larp7"", ""Rpp40"", ""Nars"", ""Pes1"", ""Exosc1"", ""Egr1"", ""Cdk5rap1"", ""Ddx27"", ""Exosc2"", ""Utp20"", ""Wdr4"", ""Ddx56"", ""Nol10"", ""Pusl1"", ""Wdr74"", ""Tsr1"", ""Wdr18"", ""Polr3d"", ""Trmt6"")"
"153","GOCC_POSTSYNAPSE","0.000514705918812579","0.0199448543539874","0.477270815362862","-0.389823814103613","-1.55633851052484","223","c(""Rps28"", ""Rpl36"", ""Rpl35"", ""Rpl36a"", ""Rps26"", ""Rplp2"", ""Rplp1"", ""Rpl15"", ""Rpl38"", ""Rpl37"", ""Rps12"", ""Rps19"", ""Srgn"", ""Rpl23a"", ""Rps25"", ""Rps2"", ""Rpl6"", ""Phb"", ""Rpl31"", ""Hnrnpa3"", ""Fabp5"", ""Rpl22"", ""Rpsa"", ""Rps20"", ""Rpl14"", ""Kpna2"", ""Rps23"", ""Gapdh"", ""Rps18"", ""Rps17"", ""Usp50"", ""Itgb3"", ""Rpl21"", ""Add3"", ""Nrgn"", ""Pdlim4"", ""Tacc3"", ""Nefh"", ""Myo6"", ""Hspa8"", ""Rpl23"", ""Pacsin1"", ""Cd3e"", ""Actn2"")"
"154","GRAESSMANN_APOPTOSIS_BY_SERUM_DEPRIVATION_UP","0.00152488564950969","0.0429563944015904","0.45505986738723","-0.381544096547612","-1.52761714280762","224","c(""Rpl35"", ""Ncl"", ""Igfbp4"", ""Nop58"", ""Shmt1"", ""Isg15"", ""Myc"", ""Rrp15"", ""Ifit1"", ""Samhd1"", ""Rtp4"", ""Rps18"", ""Ndufb2"", ""Lmo4"", ""Ifi47"", ""Rcl1"", ""Irf7"", ""Lgals3bp"", ""Cdca3"", ""Ndufaf4"", ""Nifk"", ""Irf1"", ""Usp18"", ""Smyd5"", ""Ifi35"", ""Hspa8"", ""Zfp36l1"", ""Ifi203"", ""Irgm1"", ""Rsad2"", ""Ifit3"", ""Stat1"", ""Ccl5"", ""Aen"", ""Tubb4b"", ""Rrp12"", ""Oasl2"", ""Gadd45b"", ""Clcf1"", ""Iigp1"", ""Wdr75"", ""Oas3"", ""Cebpb"", ""Otof"", ""Trim30a"", ""Ddx60"", ""Zbp1"", ""Slfn8"", ""Ctps"", ""Plp2"", ""Pes1"", ""Exosc1"", ""Wdr77"", ""Spata5"", ""Egr1"", ""Ifi204"", 
""Tmem158"", ""Taf1d"", ""Oasl1"", ""Kctd12"", ""Irf9"", ""Wdr4"", ""Dkk3"", ""Ppif"", ""Klra3"", ""Serf1"", ""Polr3d"", ""Parp9"", ""Trim30d"", ""Cxcl16"", ""Mx1"", ""Cxcl10"", ""Casp7"", ""Tgtp1"", ""Alpl"", ""Ifih1"", ""Gbp2"", ""Heatr1"", ""Cmpk2"", ""Plscr1"", ""Tor3a"", ""Cfb"", ""Prdx4"", ""Oas1a"", ""Apol9b"", ""Chac1"", ""Slc2a3"", ""Pde7a"", ""Trmt10a"")"
"155","WANG_TUMOR_INVASIVENESS_UP","0.00143720172413255","0.0416280398378795","0.45505986738723","-0.38064469997396","-1.51288857497188","211","c(""Rpl35"", ""Rplp2"", ""Tuba1b"", ""Vim"", ""Pabpc1"", ""Rps8"", ""Hmgb2"", ""Amd1"", ""Hspe1"", ""Plac8"", ""Ncl"", ""Ppia"", ""Il7r"", ""Tkt"", ""Atp5k"", ""Pcna"", ""Rpl6"", ""Nhp2"", ""Hspd1"", ""Rps20"", ""S100a6"", ""Rpl14"", ""Pkm"", ""Wdr89"", ""Kpna2"", ""Hint1"", ""Cycs"", ""Gapdh"", ""Tubb5"", ""Hspa5"", ""Serbp1"", ""Eif2s2"", ""Hnrnpu"", ""Cox7c"", ""Cks1b"", ""Cdca3"", ""Nutf2"", ""Pik3cd"", ""Sap18"", ""Npm1"", ""Cox8a"", ""Rpl21"", ""Arpp19"", ""Ppan"", ""Nelfe"", ""Tacc3"", ""Glipr2"", ""Ier2"", ""Hspa8"", ""Ybx1"", ""Kif11"", ""Nucks1"", ""Nap1l1"", ""Stat1"", ""Fkbp3"", ""Cenpk"", ""Trim28"", 
""Cct3"", ""Tubb4b"", ""Higd1a"", ""Cox7a2"", ""Snrpd2"", ""Kif20a"", ""Dbi"", ""Wdr75"", ""Ifitm3"", ""Rpl32"", ""Ifitm2"", ""Fasl"", ""Rpl27a"", ""Ipo5"", ""U2af2"", ""Mt1"", ""Rpn1"")"
"156","GOMF_RNA_BINDING","4.79615401242433e-05","0.0031616026737073","0.557332238758646","-0.353201678760643","-1.51245564315254","456","c(""Rpl35"", ""Rps26"", ""Tuba1b"", ""Vim"", ""Rpl22l1"", ""Rpl15"", ""Snrpg"", ""Rpl37"", ""Rps19"", ""Pabpc1"", ""Snrpf"", ""Eif5a"", ""C1qbp"", ""Eef1a1"", ""Rpl23a"", ""Eif4a1"", ""Apex1"", ""Lsm7"", ""Mettl1"", ""Ddx21"", ""Ncl"", ""Snrpd3"", ""Pa2g4"", ""Nop58"", ""Fbl"", ""Rbbp7"", ""Rps2"", ""Rpl6"", ""Gnl3"", ""Shmt1"", ""Nhp2"", ""Hnrnpa3"", ""Hspd1"", ""Rpl22"", ""Nop10"", ""Rps20"", ""Ran"", ""Calr"", ""Rpl14"", ""Pkm"", ""Gar1"", ""Ybx3"", ""Shmt2"", ""Rps27l"", ""Ifit1"", ""Samhd1"", ""Zfp36l2"", ""Snrpe"", ""Serbp1"", ""Rps18"", ""Nolc1"", ""Eif2s2"", ""Hnrnpu"", ""Hmga1"", ""Impdh2"", ""Nsun2"", 
""Tyms"", ""Npm1"", ""G3bp1"", ""Wdr43"", ""Nifk"", ""Pno1"", ""Rrp9"", ""Ppan"", ""Alyref"", ""Nelfe"", ""Nop2"", ""Rad51ap1"", ""Srsf2"", ""Npm3"", ""Hspa8"", ""Rpl23"", ""Ybx1"", ""Rrs1"", ""Zfp36l1"", ""Hsp90ab1"", ""Eif4a3"", ""Rps15"", ""Pdcd11"", ""Pum3"", ""Sf3b4"", ""Slirp"", ""Isg20"", ""Slbp"", ""Pus1"", ""Pus7"", ""Tubb4b"", ""Anxa1"", ""Lsm6"", ""Dkc1"", ""Ddx18"", ""Rrp12"", ""Dhfr"", ""Nop56"", ""Rbpms"", ""Snrpd2"", ""Oasl2"", ""Ddx39b"", ""Kars"", ""Lsm5"", ""Pprc1"", ""Eif2s1"", ""Eif1a"", ""Farsb"", ""Rars"", ""Nat10"", ""Wdr75"", ""Oas3"", ""Pabpc4"", ""Slc3a2"", ""Snrpd1"", ""Pinx1"", 
""Rpp38"", ""Dhx58"", ""Ddx60"", ""Rpf2"", ""Zbp1"", ""Ddx19a"", ""Ewsr1"", ""Tfrc"", ""U2af2"", ""Slfn8"", ""Rbm3"", ""Larp7"", ""Rpp40"")"
"157","MATSUDA_NATURAL_KILLER_DIFFERENTIATION","0.00060290368879276","0.0225990369622646","0.477270815362862","-0.36583991515512","-1.5065313022345","287","c(""Ms4a4b"", ""Nkg7"", ""Eif5a"", ""Aldoa"", ""Ccr7"", ""Ncl"", ""AW112010"", ""Igfbp4"", ""Ranbp1"", ""Tkt"", ""Mcm5"", ""Nhp2"", ""Mcm3"", ""Rrm2"", ""Tesc"", ""B4galnt1"", ""Pkm"", ""Atp5g1"", ""Tpi1"", ""Shmt2"", ""Cd7"", ""Ctla2a"", ""Mthfd1"", ""Cd160"", ""Cdk4"", ""Ssrp1"", ""Rps18"", ""Phgdh"", ""Grwd1"", ""Tyms"", ""Gpatch4"", ""Pdcd1"", ""Il2rb"", ""Nrgn"", ""Gem"", ""Syce2"", ""Pdlim4"", ""Nop2"", ""Mcm7"", ""Atad3a"", ""St13"", ""Tacc3"", ""Sox13"", ""Trf"", ""Tk1"", ""Ncapg"", ""Fgl2"", ""Kif11"", ""Klrb1c"", ""Ahnak"", ""Ccl5"", ""Cxcr6"", ""Prmt3"", ""Rgs1"", ""Anxa1"", ""Rrp12"", ""Litaf"", 
""Xcl1"", ""Oasl2"", ""Sgms1"", ""Klrk1"", ""Cdca5"", ""Tbx21"", ""Chaf1b"", ""Fos"", ""Clnk"", ""Cox5b"", ""Pinx1"", ""Ccl4"", ""Ctla2b"", ""Fen1"", ""Timeless"", ""Ifitm2"", ""Mcm2"", ""Fasl"", ""Lrrk1"", ""Ipo4"", ""Ska1"", ""Gzmb"", ""Tfrc"", ""Tspan31"", ""Cxcr3"", ""Serpina3g"", ""Lyz2"", ""Klrb1b"", ""Tnnt1"", ""Sdad1"", ""Zbtb16"", ""Ms4a6d"", ""Prmt1"", ""Bhlhe40"", ""Klrd1"", ""Sat1"", ""Hopx"", ""Slamf7"", ""Kctd12"", ""Rnf19b"", ""Plaur"", ""Runx2"", ""Klra7"", ""Id3"", ""Bub1b"", ""Klra3"", ""Socs2"")"
"158","GOBP_RNA_PROCESSING","0.000452470080284033","0.0185351136459209","0.49849310876659","-0.35194886990398","-1.45966143246917","330","c(""Rps28"", ""Rpl35"", ""Rps26"", ""Snrpg"", ""Rps19"", ""Pabpc1"", ""Rps8"", ""Snrpf"", ""C1qbp"", ""Lsm7"", ""Mettl1"", ""Ddx21"", ""Ncl"", ""Snrpd3"", ""Pa2g4"", ""Fbl"", ""Rps25"", ""Nhp2"", ""Hnrnpa3"", ""Nop10"", ""Rpl14"", ""Gar1"", ""Chd7"", ""Rrp15"", ""Gm2000"", ""Snrpe"", ""Rps17"", ""Hnrnpu"", ""Rcl1"", ""Nsun2"", ""Sap18"", ""Npm1"", ""Wdr43"", ""Lgals3"", ""Nifk"", ""Rrp9"", ""Rrp1b"", ""Ppan"", ""Mrto4"", ""Alyref"", ""Trmt61a"", ""Nop2"", ""Srsf2"", ""Npm3"", ""Hspa8"", ""Ybx1"", ""Rrs1"", ""Zfp36l1"", ""Eif4a3"", ""Ahnak"", ""Rps15"", ""Pdcd11"", ""Sf3b4"", ""Slirp"", ""Isg20"", ""Slbp"", 
""Bop1"", ""Pus1"", ""Pus7"", ""Lsm6"", ""Dkc1"", ""Ddx18"", ""Wdr46"", ""Rrp12"", ""Snrpd2"", ""Ddx39b"", ""Ccnb1"", ""Lsm5"", ""Nat10"", ""Wdr75"", ""Utp18"", ""Lyar"", ""Snrpd1"", ""Kat2a"", ""Ftsj3"", ""Rpp38"", ""Rpf2"", ""Znhit6"", ""U2af2"", ""Rbm3"", ""Larp7"", ""Rpp40"", ""Pes1"", ""Exosc1"", ""Rbm8a"", ""Wdr77"", ""Prmt1"", ""Snrpb2"", ""Eftud2"", ""Isy1"", ""Cdk5rap1"", ""Ddx27"", ""Exosc2"", ""Tbrg4"", ""Utp20"", ""Wdr4"", ""Ddx56"", ""Nol10"", ""Pusl1"", ""Wdr74"", ""Tsr1"", ""Wdr18"", ""Wdhd1"", ""Trmt6"", ""Lsm2"", ""Rbmxl1"", ""Prmt7"")"
"159","TABULA_MURIS_SENIS_SKIN_BULGE_KERATINOCYTE_AGEING","0.000715818918983712","0.0253712334543201","0.477270815362862","-0.343062024114873","-1.44630179636481","388","c(""Rpl36"", ""Rpl35"", ""Rplp2"", ""Mif"", ""Vim"", ""Rplp1"", ""Crip1"", ""Klf2"", ""Snrpg"", ""Rps12"", ""Hmgn2"", ""Gstp1"", ""Rps19"", ""Set"", ""Rps8"", ""B2m"", ""Eif5a"", ""C1qbp"", ""Hmgb2"", ""Psme2"", ""Uqcrq"", ""Cotl1"", ""Hspe1"", ""Ncl"", ""Snrpd3"", ""Bola2"", ""Ranbp1"", ""Fbl"", ""Nme2"", ""Capg"", ""Rpl6"", ""Ptma"", ""Rpl31"", ""Atp5l"", ""Nme1"", ""Fabp5"", ""Rpl22"", ""Ctss"", ""Rpsa"", ""Tomm6"", ""Nop10"", ""Rps20"", ""Cbx3"", ""S100a4"", ""Rpl14"", ""Atp5g1"", ""Hint1"", ""Cycs"", ""Rps27l"", ""Smco4"", ""Tubb5"", ""Cd74"", ""Serbp1"", ""Uqcr10"", ""Dctpp1"", ""Rps18"", ""Rps17"", ""Rexo2"", 
""Lmo4"", ""Polr2f"", ""Ndufa5"", ""Uqcc2"", ""Lgals3bp"", ""Pdap1"", ""Gm2a"", ""Atp5j2"", ""Ly6a"", ""Npm1"", ""Cox8a"", ""Alad"", ""Rpl21"", ""Cd9"", ""Usp18"", ""Trf"", ""Ier2"", ""Ifi35"", ""Npm3"", ""Rpl23"", ""Ybx1"", ""Zfp36l1"", ""Sod1"", ""Rps15"", ""Vkorc1"", ""Prr13"", ""Fkbp3"", ""Sf3b4"")"
"160","GOBP_INNATE_IMMUNE_RESPONSE","0.000591307095309877","0.022310172313172","0.477270815362862","-0.345030189274822","-1.44605492127865","365","c(""Rpl39"", ""Mif"", ""Vim"", ""Rps19"", ""B2m"", ""Nkg7"", ""C1qbp"", ""Hmgb2"", ""Gimap3"", ""Ddx21"", ""Prdx1"", ""Capg"", ""Phb"", ""Isg15"", ""Hspd1"", ""Gapdh"", ""Shmt2"", ""Relb"", ""Clec2d"", ""Ifit1"", ""Cd74"", ""Samhd1"", ""Cd160"", ""Irf7"", ""Aurkb"", ""Pik3cd"", ""Fcer1g"", ""Usp50"", ""G3bp1"", ""Lgals3"", ""Gata3"", ""Irf1"", ""Igf2"", ""Nfkb2"", ""Nfkb1"", ""Blk"", ""Serinc3"", ""Tyrobp"", ""Gimap5"", ""Ifi35"", ""Hspa8"", ""Ifi203"", ""Irgm1"", ""Il23r"", ""Rsad2"", ""Klrb1c"", ""Ifit3"", ""Irf8"", ""Stat1"", ""Tnf"", ""Ccl5"", ""Isg20"", ""Polr3h"", ""Trim28"", ""Anxa1"", ""Xcl1"", ""Oasl2"", 
""Unc93b1"", ""Klrc2"", ""Nlrc5"", ""Klrk1"", ""Iigp1"", ""Oas3"", ""Lyar"", ""Clnk"", ""Ifitm3"", ""Ccl4"", ""Ifitm2"", ""Trim30a"", ""Dhx58"", ""Ipo5"", ""Il18rap"", ""Ddx60"", ""Zbp1"", ""Klrg1"", ""Gzmb"", ""Stx11"", ""Klrb1b"", ""Cd226"", ""Ccl17"", ""Phb2"", ""Camp"", ""Ifi204"", ""Klrd1"", ""Ifit3b"", ""Cd14"", ""Oasl1"", ""C1qc"", ""Mndal"", ""Rel"", ""Slamf7"", ""Klri2"", ""Rnf19b"", ""Hmgb3"", ""Clec4b2"", ""Grn"", ""Ninj1"", ""Polr3d"", ""C1qb"", ""S100a9"", ""Casp1"", ""Plcg2"", ""Parp9"", ""Neurl3"", ""Trim30d"", ""Cxcl16"", ""Mx1"", ""Mpeg1"", ""Axl"", ""Tgtp1"", ""Ifih1"", ""Gbp2"", ""Polr3e"", 
""Ube2l6"", ""Clec4n"", ""Cd300a"", ""Havcr2"", ""Mapkapk3"", ""Gbp3"", ""Xrcc5"", ""Mefv"", ""C1qa"", ""Il4"", ""Hck"", ""Cd86"", ""Endod1"", ""Plscr1"", ""Spi1"", ""Crtam"", ""Tmem126a"", ""Cfb"", ""Slc15a3"", ""Ifng"", ""Oas1a"", ""Ddx1"", ""Serpinb9"", ""Ccl3"", ""Irf5"", ""Serpinb1a"", ""Ccl1"", ""Wfdc17"", ""Pml"", ""Casp4"", ""Klre1"", ""Sp100"", ""Klrc1"", ""Clec4d"", ""Ffar2"", ""Fosl2"", ""Rab27a"", ""Parp14"", ""Irf4"")"
"161","GOBP_MITOTIC_CELL_CYCLE_PROCESS","0.00149823926594893","0.0425366445060253","0.45505986738723","-0.342862867691288","-1.41879240415875","332","c(""Ccnd2"", ""Id2"", ""Psme2"", ""Apex1"", ""Ranbp1"", ""Pcna"", ""Mcm6"", ""Bcl2"", ""Mcm3"", ""Nusap1"", ""Rrm2"", ""Ran"", ""Myc"", ""Lig1"", ""Mki67"", ""Rps27l"", ""Zfp36l2"", ""Cdk4"", ""Slfn1"", ""Spc25"", ""Ube2c"", ""Cdk1"", ""Tpx2"", ""Hnrnpu"", ""Cdca8"", ""Birc5"", ""Cks1b"", ""Aurkb"", ""Tcf19"", ""Spc24"", ""Ccna2"", ""Cks2"", ""Arpp19"", ""Abcb1b"", ""Rrm1"", ""Igf2"", ""Rad51"", ""Ccnb2"", ""Tacc3"", ""Racgap1"", ""Kifc1"", ""Tipin"", ""Tk1"", ""Rcc1"", ""Ncapg"", ""Pola1"", ""Cenpe"", ""Cdc45"", ""Ncapg2"", ""Plk1"", ""Rrs1"", ""Zfp36l1"", ""Kif11"", ""Cit"", ""Prc1"", ""Ndc80"", ""Ttk"", ""Tnf"", 
""Cenpk"", ""Cenph"", ""Anxa1"", ""Nes"", ""Nuf2"", ""Tfap4"", ""Cenpf"", ""Ccne1"", ""Ccnb1"", ""Kif20a"", ""Ccne2"", ""Chek1"", ""Cdca5"", ""Bub1"", ""Fbxo5"", ""E2f1"", ""Pinx1"", ""Pdgfb"", ""Ccnf"", ""Mad2l1"", ""Mcm2"", ""Cdc20"", ""Aaas"", ""Ncaph"", ""Dlgap5"", ""Anp32b"", ""Kif2c"", ""Cdca2"", ""Cdc6"", ""Ppp3ca"", ""Cep55"", ""Larp7"", ""Psme3"", ""Kif4"", ""Espl1"", ""Kntc1"", ""Pole"", ""Ticrr"", ""Psmg2"", ""Kif23"", ""Stil"", ""Phb2"", ""Spag5"", ""Mybl2"", ""Nabp2"", ""Bora"", ""Iqgap2"", ""Incenp"", ""Cdt1"", ""Kif18b"", ""Mcm4"", ""Foxm1"", ""Clspn"", ""Kif14"", ""Bub1b"")"
"162","GOBP_MITOTIC_CELL_CYCLE","0.000893331798629095","0.0292074431319403","0.477270815362862","-0.335061170154891","-1.41231482319873","379","c(""Tuba1b"", ""Ccnd2"", ""Tuba4a"", ""Id2"", ""Psme2"", ""Apex1"", ""Ranbp1"", ""Pcna"", ""Mcm6"", ""Bcl2"", ""Mcm3"", ""Nusap1"", ""Rrm2"", ""Ran"", ""Myc"", ""Lig1"", ""Mki67"", ""Rps27l"", ""Tubb5"", ""Zfp36l2"", ""Cdk4"", ""Slfn1"", ""Tuba1c"", ""Spc25"", ""Ube2c"", ""Cdk1"", ""Tpx2"", ""Hnrnpu"", ""Cenpw"", ""Cdca8"", ""Birc5"", ""Cks1b"", ""Aurkb"", ""Tcf19"", ""Spc24"", ""Ccna2"", ""Cks2"", ""Arpp19"", ""Abcb1b"", ""Rrm1"", ""Gem"", ""Igf2"", ""Rad51"", ""Timp2"", ""Ccnb2"", ""Tacc3"", ""Racgap1"", ""Kifc1"", ""Lgmn"", ""Tipin"", ""Tk1"", ""Rcc1"", ""Ncapg"", ""Pola1"", ""Cenpe"", ""Cdc45"", ""Ncapg2"", 
""Plk1"", ""Rrs1"", ""Zfp36l1"", ""Kif11"", ""Cit"", ""Prc1"", ""Ndc80"", ""Ttk"", ""Tnf"", ""Nle1"", ""Cenpk"", ""Cenph"", ""Tubb4b"", ""Anxa1"", ""Nes"", ""Nuf2"", ""Tfap4"", ""Cenpf"", ""Ccne1"", ""Ccnb1"", ""Kif20a"", ""Ccne2"", ""Chek1"", ""Hes1"", ""Cdca5"", ""Bub1"", ""Fbxo5"", ""E2f1"", ""Pinx1"", ""Pdgfb"", ""Ccnf"", ""Mad2l1"", ""Mcm2"", ""Cdc20"", ""Aaas"", ""Ska1"", ""Ncaph"", ""Dlgap5"", ""Anp32b"", ""Kif2c"", ""Cdca2"", ""Cdc6"", ""Ppp3ca"", ""Cep55"", ""Larp7"", ""Psme3"", ""Kif4"", ""Espl1"", ""Kntc1"", ""Pole"", ""Ticrr"", ""Psmg2"", ""Kif23"", ""BC055324"", ""Stil"", ""Phb2"", ""E2f8"", ""Spag5"", 
""Mybl2"", ""Nabp2"", ""Bora"", ""Iqgap2"", ""Incenp"", ""Cdt1"", ""Kif18b"", ""Mcm4"", ""Foxm1"", ""Clspn"", ""Kif14"", ""Bub1b"", ""Wdhd1"", ""Unc119"", ""Trip13"", ""Gins1"")"
"163","DESCARTES_ORGANOGENESIS_WHITE_BLOOD_CELLS","0.00155047491562846","0.0429563944015904","0.45505986738723","-0.343065902505434","-1.41162016001305","309","c(""Cd52"", ""B2m"", ""Gpr65"", ""Runx3"", ""Itgb7"", ""Fxyd5"", ""Maf"", ""Plac8"", ""Il7r"", ""Gpr183"", ""Ctss"", ""Klk8"", ""Cytip"", ""Cd74"", ""Samhd1"", ""Fam111a"", ""Btla"", ""Nfkbid"", ""Ms4a6b"", ""Ctsc"", ""Samsn1"", ""Gm2a"", ""Pik3cd"", ""Fcer1g"", ""Cd69"", ""Lgals3"", ""Cyth4"", ""Abcb1b"", ""Irf1"", ""P2rx7"", ""Cpa3"", ""Tyrobp"", ""Hexb"", ""Il18r1"", ""Lgmn"", ""Icos"", ""Evi2a"", ""Ifi203"", ""Irf8"", ""Stat1"", ""Ehd4"", ""Xaf1"", ""St6galnac4"", ""Il6ra"", ""Litaf"", ""Unc93b1"", ""Batf"", ""Pepd"", ""Dnmt3b"", ""Nlrc5"", ""Ctsb"", ""Cebpb"", ""Gpr174"", ""Ifitm3"", ""Tnfrsf1b"", ""Ccr2"", 
""Il18rap"", ""Ddx60"", ""Adgrg5"", ""AB124611"", ""Cd48"", ""Slfn8"", ""Gusb"", ""Psme2b"", ""Il12rb2"", ""Ms4a6d"", ""Lpcat2"", ""Ifi204"", ""Cd83"", ""Cd200r1"", ""Sat1"", ""C1qc"", ""Mndal"", ""Rel"", ""Ebi3"", ""Irf9"", ""Ms4a4c"", ""Ms4a6c"", ""Grn"", ""Arsb"", ""Alox5ap"", ""C1qb"", ""Casp1"", ""Plcg2"", ""Lst1"", ""Neurl3"", ""Lair1"", ""Napsa"", ""Trim30d"", ""Mx1"", ""Mpeg1"", ""Stk10"", ""Cmklr1"", ""Ifih1"", ""Clec4n"", ""Cd300a"", ""Havcr2"", ""C1qa"", ""Il4"", ""Hck"", ""Cd86"", ""Cd44"", ""Spi1"", ""Emp3"", ""Slc15a3"", ""Snx8"", ""Aif1"", ""F630028O10Rik"", ""Ccl3"", ""Irf5"", ""Fnip2"", 
""Haus4"", ""Fcgr3"", ""Casp4"", ""Efhd2"", ""Sp100"", ""Gna15"", ""Ffar2"", ""Parp14"", ""Adap1"", ""Cfp"", ""Rnf213"", ""Rnase4"", ""C5ar1"", ""Mlkl"", ""Oas2"", ""Dnase2a"", ""Dynlt1a"", ""Ly86"", ""Mctp1"", ""Il10ra"", ""Lyn"")"
"164","GOBP_DEFENSE_RESPONSE_TO_OTHER_ORGANISM","0.00153792715063092","0.0429563944015904","0.45505986738723","-0.324466565544162","-1.38112233118137","449","c(""Rpl39"", ""Mif"", ""Vim"", ""Hmgn2"", ""Rps19"", ""B2m"", ""Nkg7"", ""C1qbp"", ""Hmgb2"", ""Gimap3"", ""Cotl1"", ""Plac8"", ""Ddx21"", ""Il7r"", ""Prdx1"", ""Capg"", ""Phb"", ""Bcl2"", ""Isg15"", ""Hspd1"", ""Gapdh"", ""Shmt2"", ""Relb"", ""Romo1"", ""Clec2d"", ""Ifit1"", ""Cd74"", ""Samhd1"", ""Cd160"", ""Rtp4"", ""Irf7"", ""Aurkb"", ""Pik3cd"", ""Fcer1g"", ""Usp50"", ""G3bp1"", ""Ndufaf4"", ""Lgals3"", ""Gata3"", ""Irf1"", ""Igf2"", ""Nfkb2"", ""Nfkb1"", ""P2rx7"", ""Blk"", ""Serinc3"", ""Tyrobp"", ""Trf"", ""Gimap5"", ""Tagap"", ""Ifi35"", ""Hspa8"", ""Fgl2"", ""Ifi203"", ""Irgm1"", ""Il23r"", ""Rsad2"", 
""Klrb1c"", ""Ifit3"", ""Irf8"", ""Stat1"", ""Tnf"", ""Ccl5"", ""Isg20"", ""Polr3h"", ""Trim28"", ""Anxa1"", ""Ncr1"", ""Xcl1"", ""Oasl2"", ""Unc93b1"", ""Klrc2"", ""Batf"", ""Il27ra"", ""Nlrc5"", ""Klrk1"", ""Iigp1"", ""Oas3"", ""Cebpb"", ""Lyar"", ""Clnk"", ""Ifitm3"", ""Ccl4"", ""Ifitm2"", ""Tgtp2"", ""Trim30a"", ""Dhx58"", ""Ipo5"", ""Il18rap"", ""Ddx60"", ""Zbp1"", ""Klrg1"", ""Gzmb"", ""Slfn8"", ""Stx11"", ""Lyz2"", ""Klrb1b"", ""Cd226"", ""Ccl17"", ""Phb2"", ""Camp"", ""Ifi204"", ""Klrd1"", ""Ifit3b"", ""Cd14"", ""Oasl1"", ""C1qc"", ""Mndal"", ""Rel"", ""Slamf7"", ""Klri2"", ""Rnf19b"", ""Hmgb3"", ""Clec4b2"", 
""Lta"", ""Grn"", ""Ddx56"", ""Ninj1"", ""Polr3d"", ""C1qb"", ""S100a9"", ""Casp1"", ""Plcg2"", ""Parp9"", ""Neurl3"", ""Trim30d"", ""Cxcl16"", ""Mx1"", ""Mpeg1"", ""Axl"", ""Cxcl10"", ""Casp7"", ""Tgtp1"", ""Ifih1"", ""Gbp2"", ""Polr3e"", ""Ube2l6"", ""Clec4n"", ""Cd300a"", ""Havcr2"", ""Mapkapk3"", ""Gbp3"", ""Xrcc5"", ""Mefv"", ""C1qa"", ""Il4"", ""Hck"", ""Cd86"", ""Endod1"", ""Plscr1"", ""Spi1"", ""Crtam"", ""Syt11"", ""Tmem126a"", ""Cfb"", ""Slc15a3"", ""Ifng"", ""Oas1a"", ""Ddx1"", ""Ifit1bl1"", ""Serpinb9"", ""Ccl3"", ""Irf5"", ""Serpinb1a"", ""Ccl1"", ""Wfdc17"", ""Pml"", ""Casp4"", ""Klre1"", ""Sp100"", 
""Klrc1"", ""Clec4d"", ""Ffar2"", ""Fosl2"", ""Rab27a"", ""Parp14"", ""Irf4"", ""Ear2"", ""Cfp"", ""Tarm1"", ""Rnf213"", ""Mapk3"", ""Rnase4"", ""C5ar1"", ""Mlkl"", ""Oas2"", ""Ly86"", ""Ripk3"", ""Bcl3"", ""Lyn"", ""Slc15a2"", ""Adm"", ""S100a8"", ""Nlrp3"")"
"165","TABULA_MURIS_SENIS_SKIN_BASAL_CELL_OF_EPIDERMIS_AGEING","0.00118266161100563","0.0363965183003475","0.45505986738723","-0.320488155748064","-1.35989459163681","426","c(""Rpl41"", ""Rpl36"", ""Rpl35"", ""Rplp2"", ""Mif"", ""Rplp1"", ""Rpl22l1"", ""Klf2"", ""Ccnd2"", ""Tuba4a"", ""Gstp1"", ""Rps19"", ""Set"", ""Rps8"", ""B2m"", ""Eif5a"", ""Hmgb2"", ""Psme2"", ""Fxyd5"", ""Apex1"", ""Cotl1"", ""Hspe1"", ""Plac8"", ""Snrpd3"", ""AW112010"", ""Ranbp1"", ""Fbl"", ""Nme2"", ""Rpl6"", ""Ptma"", ""Rpl31"", ""Nhp2"", ""Atp5l"", ""Nme1"", ""Fabp5"", ""Rpl22"", ""Rpsa"", ""Tomm6"", ""Nop10"", ""Rps20"", ""Rpl14"", ""Atp5g1"", ""Gar1"", ""Ifi30"", ""Hint1"", ""Klk8"", ""Rps27l"", ""Smco4"", ""Tubb5"", ""Cd74"", ""Serbp1"", ""Uqcr10"", ""Dctpp1"", ""Rps18"", ""Rexo2"", ""Ube2c"", ""Lmo4"", 
""Uqcc2"", ""Pdap1"", ""Gpatch4"", ""Atp5j2"", ""Npm1"", ""Cox8a"", ""Orai1"", ""Alad"", ""Lgals3"", ""Rpl21"", ""Gata3"", ""Arpp19"", ""S100a11"", ""Cd9"", ""Vasp"", ""Aimp2"", ""Ier2"", ""Ifi35"", ""Npm3"", ""Ybx1"", ""Pmf1"", ""Vkorc1"", ""Syngr2"", ""Prr13"", ""Fkbp3"", ""Sf3b4"", ""Ccl5"", ""Fam162a"", ""Ndufc1"", ""Tubb4b"", ""Mrps18b"", ""Pdgfa"", ""Higd1a"", ""Tnfrsf4"", ""Ndufa12"", ""Snrpd2"", ""Tmsb4x"", ""Ncf4"", ""Dapl1"", ""Psmb9"", ""Nop16"", ""Dpysl2"", ""Dbi"", ""Pfdn1"")"
"166","GOBP_NEGATIVE_REGULATION_OF_NUCLEOBASE_CONTAINING_COMPOUND_METABOLIC_PROCESS","0.000975512007432132","0.0312545327520853","0.477270815362862","0.338527720563347","1.41263750033047","430","c(""Satb1"", ""Mier1"", ""Sox4"", ""Tcf7"", ""Mxd4"", ""Hmgb1"", ""Xrcc6"", ""Cux1"", ""Myb"", ""Klf3"", ""Naca"", ""Jund"", ""Rorc"", ""Capn3"", ""Nfatc3"", ""Txn1"", ""Morc1"", ""Ctcf"", ""Sfpq"", ""Smarca4"", ""Rps3"", ""Cbfa2t3"", ""Eid1"", ""Rps14"", ""Patz1"", ""Bcl6"", ""Msh6"", ""Nr3c1"", ""Xbp1"", ""Maz"", ""Cbx1"", ""Gfi1"", ""Sumo2"", ""Thrap3"", ""Suz12"", ""Akirin2"", ""Tfdp2"", ""Hnrnpa2b1"", ""Nedd4"", ""Hbp1"", ""Foxp1"", ""Runx1"", ""Nkap"", ""Ezh2"", ""Cdkn1c"", ""Rmi2"", ""Bmyc"", ""Hoxa7"", ""Mtdh"", ""Tcf4"", ""Cby1"", ""Dhx9"", ""Srsf6"", ""Rreb1"", ""Smad4"", ""Rbm24"", ""Mbd3"", ""Hnrnpc"", 
""Nck2"", ""Smo"", ""Bclaf1"", ""Ing2"", ""Uri1"", ""Hcfc1"", ""Elk4"", ""Kctd1"", ""Trps1"", ""Scmh1"", ""Terf1"", ""Trim27"", ""Ylpm1"")"
"167","IKZF3_TARGET_GENES","0.000744468549122909","0.0261934179706741","0.477270815362862","0.338119216638901","1.42557666417822","473","c(""Arpp21"", ""Endou"", ""Rag1"", ""Tcf12"", ""Tcf7"", ""Klf13"", ""Xrcc6"", ""Cux1"", ""Rapgef3"", ""Arl6ip1"", ""Desi1"", ""Myb"", ""Pnn"", ""Wdr12"", ""Hibadh"", ""Capn3"", ""Lat"", ""Ctcf"", ""Hjurp"", ""F13a1"", ""Ptms"", ""Nav2"", ""Cbfa2t3"", ""BC028471"", ""Cmtm7"", ""Prps2"", ""Brd3"", ""Msh6"", ""Maz"", ""Nfkbia"", ""Ganc"", ""Xrra1"", ""Cep250"", ""Dgkg"", ""Suz12"", ""A930002I21Rik"", ""Srrm1"", ""Gramd3"", ""Nfat5"", ""Sit1"", ""Tsc22d1"", ""Car2"", ""Ube2e1"", ""Pgls"", ""Pafah1b3"", ""Foxp1"", ""Bmyc"", ""Slc43a1"", ""Slc16a1"", ""Ccdc88a"", ""Sfr1"", ""Vdac1"", ""Mrps33"", ""Tcf4"", ""Cacnb3"", 
""Rreb1"", ""a"", ""Smc5"", ""Edaradd"", ""Lcorl"", ""Cep70"", ""Mrps25"", ""Utp3"", ""Elk4"", ""Ankrd6"", ""Carf"", ""Mtch1"", ""Cdkn2aipnl"", ""Cntrl"", ""Mlf2"", ""Phlda1"", ""Cep57"", ""Pou2f1"", ""Mphosph9"", ""Plin3"", ""Stmn1"", ""Nfya"", ""Calm3"", ""Oard1"", ""Bag1"", ""Dgka"", ""Naa16"", ""Ptp4a3"", ""Prpf38a"", ""Drosha"", ""Pitpnm2"", ""Zfp704"", ""Srgap2"", ""Agl"", ""Osbpl1a"", ""Itgb1"", ""Il17re"", ""Tfg"", ""Nrp1"", ""Kifap3"", ""Tbc1d4"", ""Hnrnpll"", ""Nfia"", ""Tmem176a"", ""Cep290"", ""Mbd4"", ""Rnf216"", ""Mrps34"", ""Nfyb"", ""Fam110a"", ""Tnfaip3"", ""Tmem176b"", ""Ctnna1"", ""Fut8"", 
""Rab1a"", ""Rasgrp4"", ""Sestd1"", ""Adgrg1"", ""Alg13"", ""Dync2h1"", ""Syk"", ""Atp5g3"", ""Cdk5rap2"")"
"168","TABULA_MURIS_SENIS_BRAIN_NON_MYELOID_OLIGODENDROCYTE_AGEING","0.000555126415341258","0.0212243332798808","0.477270815362862","0.341103996321566","1.43685823955644","464","c(""H3f3a"", ""Rpl19"", ""Ctsl"", ""Mxd4"", ""Klf13"", ""Hmgb1"", ""H3f3b"", ""Rps3a1"", ""Dnajc15"", ""Fth1"", ""Dgcr6"", ""Rpl11"", ""Anxa2"", ""Naca"", ""Rps10"", ""Dynll1"", ""Cdkn2d"", ""Jund"", ""Atp5h"", ""Rpl8"", ""Rpl9"", ""Rpl18"", ""Rpl18a"", ""Chchd2"", ""Btf3"", ""Ptms"", ""Idh2"", ""Rps3"", ""Rps14"", ""Brd3"", ""Ubb"", ""Xbp1"", ""Ndufb10"", ""Nfkbia"", ""Psma6"", ""Rps4x"", ""Ssna1"", ""Mpc1"", ""Rpl13"", ""Mif4gd"", ""Ndufb9"", ""Ppp1r35"", ""Cuedc2"", ""Rplp0"", ""Pin1"", ""Car2"", ""Ube2e1"", ""Rps5"", ""Pgls"", ""Hras"", ""Hnrnpr"", ""Gtf2a2"", ""Bcl7c"", ""Sdc4"", ""Mrpl18"", ""Rpl17"", 
""Bmyc"", ""Cfap36"", ""Snrpb"", ""Vdac2"", ""Atp5d"", ""Sfr1"", ""Emc8"", ""Calm2"", ""Phf5a"", ""Ube2e3"", ""Pgp"", ""Mrps24"", ""Manf"", ""Rps7"", ""Ube2m"", ""Mrps25"", ""Ndufb8"", ""Psmb6"", ""Ormdl2"", ""Tmem14c"", ""Pmm1"", ""Polr2c"", ""Mrps17"", ""Mlf2"", ""Swi5"", ""Prelid1"", ""Rpl7a"", ""Psmc4"", ""Ddt"", ""Mrpl20"", ""Rnf7"", ""Atp5c1"", ""Arl6ip4"", ""Rpl28"", ""Plin3"", ""Stmn1"", ""U2af1"", ""Cnpy2"", ""Dhrs4"", ""Pla2g12a"", ""Psmb7"", ""Calm3"", ""Bsg"", ""Oard1"", ""Psip1"", ""Elof1"", ""Acp1"", ""Nol7"", ""Dynll2"", ""Psmb4"", ""Zcchc17"", ""Ndufab1"", ""Med19"", ""Cfap20"", ""Sf3b2"", 
""Sf3b5"", ""Psma5"", ""Zcrb1"", ""Ndufs8"", ""Mrpl14"", ""Timm13"", ""Mrpl41"", ""Cdc123"", ""Park7"", ""Srsf9"", ""Lcmt1"", ""Atp5o"", ""Rpl4"", ""Ddah2"", ""Mrpl28"", ""Bpgm"", ""Spag7"", ""Ndufs7"", ""Ifi27"", ""Pdzd11"", ""Zfp771"")"
"169","GOBP_HEMOPOIESIS","0.000630484576232703","0.02323090595233","0.477270815362862","0.348116093175363","1.44870809508075","418","c(""Cd8a"", ""Satb1"", ""Rag1"", ""Themis"", ""Sox4"", ""Ctsl"", ""Tcf7"", ""Ly6d"", ""Klf13"", ""Hmgb1"", ""Camk4"", ""Xrcc6"", ""Cd4"", ""Cd3d"", ""Rag2"", ""Myb"", ""Cd27"", ""Ccr9"", ""Rorc"", ""Lig4"", ""Cd3g"", ""Nfatc3"", ""Prdx2"", ""Ighm"", ""Smarca4"", ""Cbfa2t3"", ""Slamf6"", ""Ada"", ""Rps14"", ""Ets1"", ""Cmtm7"", ""Patz1"", ""Bcl6"", ""Nr3c1"", ""Xbp1"", ""Nfkbia"", ""Fbxw7"", ""Slamf1"", ""Ptprc"", ""Cd1d1"", ""Tsc22d1"", ""Car2"", ""Foxp1"", ""Runx1"", ""Nkap"", ""Ezh2"", ""Cdkn1c"", ""Stat5b"", ""Bmyc"", ""Hoxa7"", ""Pknox1"", ""Agpat5"", ""Tspan2"", ""Lbr"", ""Cebpg"", ""Psap"", ""Ikzf3"", 
""Cd79b"", ""Lag3"")"
"170","GOBP_LYMPHOCYTE_ACTIVATION","0.000631913047700694","0.02323090595233","0.477270815362862","0.351469764378288","1.45117258972008","379","c(""Cd8a"", ""Satb1"", ""Rag1"", ""Themis"", ""Sox4"", ""Ctsl"", ""Tcf7"", ""Ly6d"", ""Thy1"", ""Hmgb1"", ""Xrcc6"", ""Cd4"", ""Cd3d"", ""Rag2"", ""Myb"", ""Cd27"", ""Ccr9"", ""Rorc"", ""Lig4"", ""Cd3g"", ""Nfatc3"", ""Lat"", ""Prdx2"", ""Lyst"", ""Ighm"", ""Smarca4"", ""Mad1l1"", ""Rps3"", ""Slamf6"", ""Ada"", ""Ephb6"", ""Cmtm7"", ""Patz1"", ""Bcl6"", ""Msh6"", ""Xbp1"", ""Slamf1"", ""Ptprc"", ""Akirin2"", ""Cd1d1"", ""Sit1"", ""Cxcr4"", ""Nedd4"", ""Foxp1"", ""Runx1"", ""Nkap"", ""Ezh2"", ""Sdc4"", ""Stat5b"", ""Pknox1"", ""Cebpg"", ""Psap"", ""Nck2"", ""Ikzf3"", ""Fcho1"", ""Cd79b"", ""Lag3"", ""Bcl10"", ""Mzb1""
)"
"171","GOBP_CELL_ACTIVATION","0.000353829737449761","0.0154764483636349","0.49849310876659","0.342992771122255","1.45441473445379","499","c(""Cd8a"", ""Satb1"", ""Rag1"", ""Rgcc"", ""Themis"", ""Sox4"", ""Ctsl"", ""Tcf7"", ""Ly6d"", ""Thy1"", ""Hmgb1"", ""Camk4"", ""Xrcc6"", ""Cd4"", ""Cd3d"", ""Rag2"", ""Myb"", ""Cd27"", ""Ifngr1"", ""Jund"", ""Ccr9"", ""Slc7a11"", ""Rorc"", ""Capn3"", ""Lig4"", ""Cd3g"", ""Nfatc3"", ""P2rx1"", ""Fyb"", ""Lat"", ""Prdx2"", ""Lyst"", ""Ighm"", ""Smarca4"", ""Mad1l1"", ""Rps3"", ""Slamf6"", ""Ada"", ""Ephb6"", ""Cmtm7"", ""Patz1"", ""Bcl6"", ""Msh6"", ""Xbp1"", ""Slamf1"", ""Ptprc"", ""Akirin2"", ""Cd1d1"", ""Sit1"", ""Cxcr4"", ""Nedd4"", ""Foxp1"", ""Runx1"", ""Nkap"", ""Ezh2"", ""Sdc4"", ""Stat5b"", ""Pknox1"", 
""Tcf4"", ""Cebpg"", ""Psap"", ""Smad4"", ""Nck2"", ""Ikzf3"", ""Fcho1"", ""Smo"", ""Cd79b"", ""Lag3"", ""Bcl10"", ""Mzb1"")"
"172","GOMF_TRANSCRIPTION_REGULATOR_ACTIVITY","0.000117801894072912","0.00682418042937526","0.538434096309916","0.363118377867116","1.50662814950065","397","c(""Satb1"", ""Mier1"", ""Tcf12"", ""Sox4"", ""Tcf7"", ""Mxd4"", ""Klf13"", ""Hmgb1"", ""Cux1"", ""Myb"", ""Klf3"", ""Naca"", ""Jund"", ""Rorc"", ""Nfatc3"", ""Ctcf"", ""Smarca4"", ""Cbfa2t3"", ""Eid1"", ""Ets1"", ""Patz1"", ""Bcl6"", ""Nr3c1"", ""Xbp1"", ""Maz"", ""E2f2"", ""Gfi1"", ""Thrap3"", ""Akirin2"", ""Tfdp2"", ""Jup"", ""Ptpn14"", ""Nfat5"", ""Med30"", ""Casp8ap2"", ""Hbp1"", ""Mga"", ""Foxp1"", ""Runx1"", ""Zbed4"", ""Ezh2"", ""Stat5b"", ""Bmyc"", ""Hoxa7"", ""Pknox1"", ""Sfr1"", ""Mtdh"", ""Tcf4"", ""Dhx9"", ""Rreb1"", ""Cebpg"", ""Smad4"", ""Ikzf3"", ""Zfp820"", ""Bclaf1"", ""Bcl10"", ""Uri1"", ""Hcfc1"", 
""Elk4"", ""Kctd1"", ""Carf"", ""Trps1"", ""Trim27"", ""Ylpm1"", ""Pou2f1"", ""Npat"", ""Brd8"", ""Stat5a"", ""Nfya"", ""Sp4"", ""Psip1"", ""Zfp101"", ""Hdac1"", ""Zbtb7a"", ""Atf1"", ""Med19"")"
"173","GOBP_POSITIVE_REGULATION_OF_TRANSCRIPTION_BY_RNA_POLYMERASE_II","0.000148308970251569","0.00802407494710139","0.518848077743792","0.364852753343687","1.51057607756476","377","c(""Rgcc"", ""Tcf12"", ""Sox4"", ""Klf13"", ""Hmgb1"", ""Xrcc6"", ""Rapgef3"", ""Myb"", ""Anxa2"", ""Naca"", ""Jund"", ""Nfatc3"", ""Sfpq"", ""Chchd2"", ""Smarca4"", ""Ablim1"", ""Ptms"", ""Ets1"", ""Ptov1"", ""Patz1"", ""Nr3c1"", ""Xbp1"", ""Maz"", ""Nfkbia"", ""E2f2"", ""Sumo2"", ""Thrap3"", ""Akirin2"", ""Tfdp2"", ""Jup"", ""Itga6"", ""Nfat5"", ""Tsc22d1"", ""Med30"", ""Ddx3x"", ""Pin1"", ""Baz1b"", ""Ube2e1"", ""Mga"", ""Hras"", ""Foxp1"", ""Runx1"", ""Zbed4"", ""Gtf2a2"", ""Stat5b"", ""Bmyc"", ""Hoxa7"", ""Pknox1"", ""Tcf4"", ""Dhx9"", ""Rreb1"", ""Cebpg"", ""Hmgn3"", ""Smad4"", ""Nck2"", ""Ikzf3"", ""Smo"", 
""Bclaf1"", ""Hcfc1"", ""Elk4"", ""Carf"", ""Pou2f1"", ""Ikbkb"", ""Ahi1"", ""Npat"", ""Brd8"", ""Cd28"", ""Stat5a"", ""Nfya"", ""Raf1"", ""Psip1"", ""Smarcc1"", ""Hdac1"", ""Atf1"", ""Atxn1"", ""Med19"", ""Psmc6"", ""Smarca5"", ""Taf5"", ""E2f4"", ""Chuk"", ""Taf3"")"
"174","GOBP_NEGATIVE_REGULATION_OF_RNA_BIOSYNTHETIC_PROCESS","0.000323917275561018","0.0147433775820828","0.49849310876659","0.367910424179325","1.51057884138793","353","c(""Satb1"", ""Mier1"", ""Sox4"", ""Tcf7"", ""Mxd4"", ""Hmgb1"", ""Xrcc6"", ""Cux1"", ""Myb"", ""Klf3"", ""Naca"", ""Jund"", ""Rorc"", ""Capn3"", ""Nfatc3"", ""Txn1"", ""Morc1"", ""Ctcf"", ""Sfpq"", ""Smarca4"", ""Cbfa2t3"", ""Eid1"", ""Rps14"", ""Patz1"", ""Bcl6"", ""Nr3c1"", ""Xbp1"", ""Maz"", ""Cbx1"", ""Gfi1"", ""Sumo2"", ""Suz12"", ""Akirin2"", ""Tfdp2"", ""Hnrnpa2b1"", ""Nedd4"", ""Hbp1"", ""Foxp1"", ""Runx1"", ""Nkap"", ""Ezh2"", ""Cdkn1c"", ""Bmyc"", ""Hoxa7"", ""Mtdh"", ""Tcf4"", ""Cby1"", ""Rreb1"", ""Smad4"", ""Mbd3"", ""Nck2"", ""Smo"", ""Bclaf1"", ""Ing2"", ""Uri1"", ""Hcfc1"", ""Elk4"", ""Kctd1"", 
""Trps1"", ""Scmh1"", ""Trim27"", ""Ylpm1"")"
"175","MARSON_BOUND_BY_FOXP3_UNSTIMULATED","8.09316066722586e-05","0.00515714182517114","0.538434096309916","0.371934138808715","1.54053422035685","389","c(""Arpp21"", ""Dntt"", ""Aqp11"", ""Mier1"", ""Rag1"", ""Themis"", ""H3f3a"", ""Hmgb1"", ""H3f3b"", ""Rps3a1"", ""Cd3d"", ""Fth1"", ""Cdkn2d"", ""Jund"", ""Hibadh"", ""Atp5h"", ""Cd3g"", ""Lztfl1"", ""Nfatc3"", ""Mns1"", ""Txn1"", ""Dhrs3"", ""Fyb"", ""Ldlrad3"", ""Pik3ip1"", ""Mad1l1"", ""Eid1"", ""Nyap1"", ""Arl4c"", ""Ets1"", ""Ubb"", ""Msh6"", ""Slc25a37"", ""Xbp1"", ""E2f2"", ""Sumo2"", ""Ptprc"", ""Ssna1"", ""Slc35d1"", ""Haus3"", ""B9d2"", ""Mylpf"", ""Hbp1"", ""Anapc5"", ""P2ry10"", ""Icam2"", ""Gtf2a2"", ""Mrpl34"", ""Nkap"", ""Prpf40a"", ""Ppt1"", ""Mrps33"", ""Tcf4"", ""Orai2"", ""Lbr"", ""Ncapd3"", 
""Ubald2"", ""Pitpnb"", ""Bcl10"", ""Edaradd"", ""Uri1"", ""Elk4"", ""Scmh1"", ""Terf1"", ""Ylpm1"", ""Etaa1"", ""Arhgef6"", ""Lcp2"", ""Npat"", ""Tsc22d3"", ""Cd28"", ""Cnpy2"", ""Asf1a"", ""Dusp10"", ""Srsf1"", ""Smarcc1"", ""Kif3a"", ""Pcmt1"", ""Dgka"", ""Naa16"", ""Xpo7"", ""Atxn1"")"
"176","GOBP_T_CELL_ACTIVATION","0.000371105360262621","0.0160021747451589","0.49849310876659","0.389711236918062","1.54482444342861","270","c(""Cd8a"", ""Satb1"", ""Rag1"", ""Themis"", ""Sox4"", ""Ctsl"", ""Tcf7"", ""Thy1"", ""Hmgb1"", ""Cd4"", ""Cd3d"", ""Rag2"", ""Myb"", ""Cd27"", ""Ccr9"", ""Rorc"", ""Lig4"", ""Cd3g"", ""Nfatc3"", ""Lat"", ""Prdx2"", ""Smarca4"", ""Mad1l1"", ""Rps3"", ""Slamf6"", ""Ada"", ""Ephb6"", ""Patz1"", ""Bcl6"", ""Xbp1"", ""Slamf1"", ""Ptprc"", ""Cd1d1"", ""Sit1"", ""Cxcr4"", ""Nedd4"", ""Foxp1"", ""Runx1"", ""Nkap"", ""Sdc4"", ""Stat5b"", ""Pknox1"", ""Psap"", ""Nck2"", ""Ikzf3"", ""Fcho1"", ""Lag3"", ""Bcl10"")"
"177","GOBP_NEGATIVE_REGULATION_OF_TRANSCRIPTION_BY_RNA_POLYMERASE_II","0.000475872846157218","0.0189522970327198","0.49849310876659","0.390246817755059","1.54683553273915","269","c(""Satb1"", ""Mier1"", ""Sox4"", ""Tcf7"", ""Mxd4"", ""Hmgb1"", ""Cux1"", ""Myb"", ""Klf3"", ""Naca"", ""Jund"", ""Rorc"", ""Txn1"", ""Ctcf"", ""Sfpq"", ""Smarca4"", ""Cbfa2t3"", ""Eid1"", ""Rps14"", ""Patz1"", ""Bcl6"", ""Nr3c1"", ""Xbp1"", ""Maz"", ""Cbx1"", ""Gfi1"", ""Suz12"", ""Akirin2"", ""Hnrnpa2b1"", ""Nedd4"", ""Hbp1"", ""Foxp1"", ""Runx1"", ""Nkap"", ""Ezh2"", ""Cdkn1c"", ""Bmyc"", ""Hoxa7"", ""Mtdh"", ""Tcf4"", ""Rreb1"", ""Smad4"", ""Mbd3"", ""Nck2"", ""Smo"", ""Ing2"", ""Uri1"", ""Hcfc1"", ""Elk4"", ""Trps1"", ""Trim27"", ""Ylpm1"")"
"178","REACTOME_ADAPTIVE_IMMUNE_SYSTEM","0.000223969360269094","0.0109783271892586","0.518848077743792","0.395579600896971","1.56519100467643","257","c(""Cd8a"", ""Cd8b1"", ""Ctsl"", ""Cd4"", ""Trbc2"", ""Rapgef3"", ""Cd3d"", ""Tubb2b"", ""Dynll1"", ""Cd3g"", ""Nfatc3"", ""Fyb"", ""Lat"", ""Tubb2a"", ""Slamf6"", ""Ubb"", ""Nfkbia"", ""Fbxw7"", ""Psma6"", ""Ptprc"", ""Cd1d1"", ""Nedd4"", ""Ube2e1"", ""Anapc5"", ""Hras"", ""Icam2"", ""Stim1"", ""Socs3"", ""Cd247"", ""Ube2s"", ""Kif2a"", ""Calm2"", ""Psmd12"", ""Ube2e3"", ""Trac"", ""Cd79b"", ""Lag3"", ""Bcl10"", ""Ube2m"", ""Psmb6"", ""Psmc4"", ""Lcp2"", ""Rnf7"", ""Ube2a"", ""Itga4"", ""Ikbkb"", ""Pak1"", ""Cd28"", ""Psmb7"", ""Raf1"", ""Calm3"", ""Nfkbie"", ""Lonrf1"", ""Kif3a"", ""Dynll2"", ""Psmd3"", 
""Psmb4"", ""Fbxo32"", ""Psmc6"", ""Psma5"", ""Gan"", ""Osbpl1a"", ""Chuk"", ""Itgb1"", ""Kifap3"")"
"179","FOXG1_TARGET_GENES","0.000891884123921645","0.0292074431319403","0.477270815362862","0.406255572291632","1.57769995489173","210","c(""Mxd4"", ""Thy1"", ""Klf13"", ""Hmgb1"", ""Xrcc6"", ""Desi1"", ""Cdkn2d"", ""Hibadh"", ""Rorc"", ""Lztfl1"", ""Pik3ip1"", ""Ypel2"", ""Ephb6"", ""Brd3"", ""Ubb"", ""Cacna1e"", ""Xbp1"", ""Ptprf"", ""Tfdp2"", ""Rplp0"", ""Hbp1"", ""Rps5"", ""Pafah1b3"", ""Hnrnpr"", ""Foxp1"", ""Mrpl34"", ""Polr3k"", ""Sfr1"", ""Sass6"", ""Tcf4"", ""Ncapd3"", ""Nck2"", ""Ubald2"", ""Ing2"", ""Stag2"", ""Mrps25"", ""Polr2j"", ""Bbc3"", ""Ankrd6"", ""Lcp2"", ""Ube2a"", ""Pou2f1"", ""Abca1"", ""Dusp10"", ""Psip1"", ""Bag1"", ""Xpo7"", ""Tex9"", ""Mtf2"", ""Cfap20"", ""Ndufs8"", ""B230354K17Rik"", ""Vps36"", ""Sertad4"", 
""Ints1"", ""Zcchc8"")"
"180","GOBP_LEUKOCYTE_DIFFERENTIATION","0.000174807626929829","0.00903172739137448","0.518848077743792","0.395104131086869","1.58937658902985","304","c(""Cd8a"", ""Satb1"", ""Rag1"", ""Themis"", ""Sox4"", ""Ctsl"", ""Tcf7"", ""Ly6d"", ""Hmgb1"", ""Camk4"", ""Xrcc6"", ""Cd4"", ""Cd3d"", ""Rag2"", ""Myb"", ""Cd27"", ""Ccr9"", ""Rorc"", ""Lig4"", ""Cd3g"", ""Nfatc3"", ""Prdx2"", ""Ighm"", ""Smarca4"", ""Cbfa2t3"", ""Slamf6"", ""Ada"", ""Cmtm7"", ""Patz1"", ""Bcl6"", ""Nr3c1"", ""Xbp1"", ""Fbxw7"", ""Slamf1"", ""Ptprc"", ""Cd1d1"", ""Car2"", ""Foxp1"", ""Runx1"", ""Nkap"", ""Ezh2"", ""Stat5b"", ""Bmyc"", ""Hoxa7"", ""Pknox1"", ""Tspan2"", ""Lbr"", ""Cebpg"", ""Psap"", ""Ikzf3"", ""Cd79b"", ""Lag3"")"
"181","GOBP_LOCALIZATION_WITHIN_MEMBRANE","0.00103392590009274","0.032822357312706","0.45505986738723","0.428036658861206","1.61748909745536","166","c(""Aqp11"", ""Thy1"", ""Arl6ip1"", ""Anxa2"", ""Naca"", ""Slc7a11"", ""Capn3"", ""Lztfl1"", ""Fyb"", ""Arl4c"", ""Ptprc"", ""Ssna1"", ""Epg5"", ""Colq"", ""Jup"", ""Hras"", ""Lmnb1"", ""Snf8"", ""Ccdc88a"", ""Emc8"", ""Cacnb3"", ""Psap"", ""Acsl3"", ""Ift80"", ""Bbc3"", ""Mtch1"", ""Exoc4"", ""Itga4"", ""Ikbkb"", ""Pak1"", ""Vps35"", ""Bsg"", ""Timm13"", ""Itgb1"", ""Palm"", ""Pdzd11"", ""Slc5a3"", ""Rock2"", ""Map7"", ""Rap2a"", ""Lgals9"", ""Cd24a"", ""Cacnb1"", ""Rdx"", ""Commd1"")"
"182","GOMF_SEQUENCE_SPECIFIC_DNA_BINDING","8.14475218498709e-06","0.000791697521710186","0.593325476396405","0.403192615540484","1.65388018158768","359","c(""Satb1"", ""Rag1"", ""H3f3a"", ""Tcf12"", ""Sox4"", ""Tcf7"", ""Mxd4"", ""Klf13"", ""Hmgb1"", ""H3f3b"", ""Xrcc6"", ""Cux1"", ""Rag2"", ""Myb"", ""Klf3"", ""Jund"", ""Rorc"", ""Nfatc3"", ""Ctcf"", ""Sfpq"", ""Chchd2"", ""Smarca4"", ""Rps3"", ""Ets1"", ""Patz1"", ""Bcl6"", ""Nr3c1"", ""Xbp1"", ""Maz"", ""E2f2"", ""Gfi1"", ""Thrap3"", ""Suz12"", ""Tfdp2"", ""Nfat5"", ""Hnrnpa2b1"", ""Hbp1"", ""Mga"", ""Foxp1"", ""Lmnb1"", ""Runx1"", ""Zbed4"", ""Ezh2"", ""Stat5b"", ""Bmyc"", ""Hoxa7"", ""Pknox1"", ""Tcf4"", ""Dhx9"", ""Rreb1"", ""Cebpg"", ""Smad4"", ""Mbd3"", ""Ikzf3"", ""Zfp820"", ""Wrn"", ""Hcfc1"", ""Elk4"", 
""Carf"", ""Trps1"", ""Terf1"", ""Mtpn"", ""Pou2f1"", ""Stat5a"", ""Nfya"", ""Kcnh2"", ""Sp4"", ""Zfp101"", ""Hdac1"", ""Zbtb7a"", ""Atf1"", ""Mtf2"")"
"183","MIR_7078_3P","0.0011573993980539","0.0360743779773866","0.45505986738723","0.471068124747837","1.6667809628567","105","c(""Tcf12"", ""Camk4"", ""H3f3b"", ""Smc3"", ""Nr3c1"", ""Epg5"", ""Nfat5"", ""Ddx3x"", ""Hnrnpr"", ""Ccdc88a"", ""Kif2a"", ""Tcf4"", ""Dhx9"", ""Rreb1"", ""Hnrnpc"", ""Nck2"", ""Mphosph9"", ""Fmr1"", ""Atrn"", ""Lin9"", ""Sp4"", ""Psmd3"", ""Srsf10"", ""Ppp1r2"", ""Timm8b"", ""Nfia"", ""Mbd4"", ""Nin"")"
"184","GOCC_TRANSCRIPTION_REGULATOR_COMPLEX","0.000232009569293846","0.011276058304239","0.518848077743792","0.445243415916407","1.69220221271932","176","c(""Mier1"", ""Gtf2h4"", ""Tcf12"", ""Sox4"", ""Tcf7"", ""Mxd4"", ""Hmgb1"", ""Xrcc6"", ""Myb"", ""Anxa2"", ""Jund"", ""Nfatc3"", ""Sfpq"", ""Ets1"", ""Ptov1"", ""Xbp1"", ""E2f2"", ""Gfi1"", ""Akirin2"", ""Tfdp2"", ""Nfat5"", ""Med30"", ""Mga"", ""Runx1"", ""Gtf2a2"", ""Snf8"", ""Bmyc"", ""Pknox1"", ""Tcf4"", ""Cebpg"", ""Smad4"", ""Mbd3"", ""Ing2"")"
"185","GOMF_RNA_POLYMERASE_II_TRANSCRIPTION_REGULATORY_REGION_SEQUENCE_SPECIFIC_DNA_BINDING","7.7110117028729e-06","0.00078610204290246","0.593325476396405","0.427899585766286","1.69895090835481","281","c(""Satb1"", ""H3f3a"", ""Tcf12"", ""Sox4"", ""Tcf7"", ""Mxd4"", ""Klf13"", ""H3f3b"", ""Cux1"", ""Myb"", ""Klf3"", ""Jund"", ""Rorc"", ""Nfatc3"", ""Ctcf"", ""Smarca4"", ""Rps3"", ""Ets1"", ""Patz1"", ""Bcl6"", ""Nr3c1"", ""Xbp1"", ""Maz"", ""E2f2"", ""Gfi1"", ""Thrap3"", ""Suz12"", ""Tfdp2"", ""Nfat5"", ""Hbp1"", ""Mga"", ""Foxp1"", ""Runx1"", ""Zbed4"", ""Ezh2"", ""Stat5b"", ""Bmyc"", ""Hoxa7"", ""Pknox1"", ""Tcf4"", ""Dhx9"", ""Rreb1"", ""Cebpg"", ""Smad4"", ""Ikzf3"", ""Zfp820"", ""Hcfc1"", ""Elk4"", ""Carf"", ""Trps1"", ""Pou2f1"", ""Stat5a"", ""Nfya"", ""Sp4"", ""Zfp101"", ""Hdac1"", ""Zbtb7a"", ""Atf1"", 
""Mtf2"")"
"186","GOBP_MONONUCLEAR_CELL_DIFFERENTIATION","1.92715635496413e-05","0.00147363222609591","0.575610261071129","0.435420275083339","1.7056961080173","239","c(""Cd8a"", ""Satb1"", ""Rag1"", ""Themis"", ""Sox4"", ""Ctsl"", ""Tcf7"", ""Ly6d"", ""Hmgb1"", ""Camk4"", ""Xrcc6"", ""Cd4"", ""Cd3d"", ""Rag2"", ""Myb"", ""Cd27"", ""Ccr9"", ""Rorc"", ""Lig4"", ""Cd3g"", ""Nfatc3"", ""Prdx2"", ""Ighm"", ""Smarca4"", ""Slamf6"", ""Ada"", ""Cmtm7"", ""Patz1"", ""Bcl6"", ""Xbp1"", ""Slamf1"", ""Ptprc"", ""Cd1d1"", ""Foxp1"", ""Runx1"", ""Nkap"", ""Ezh2"", ""Stat5b"", ""Bmyc"", ""Hoxa7"", ""Pknox1"", ""Cebpg"", ""Psap"", ""Ikzf3"", ""Cd79b"", ""Lag3"")"
"187","MIR_875_3P","0.00118677400560854","0.0363965183003475","0.45505986738723","0.492069423462916","1.71265745713768","93","c(""Mier1"", ""Ddx46"", ""Nr3c1"", ""Adam12"", ""Itga6"", ""Nfat5"", ""Ddx3x"", ""Mgat4a"", ""Pcm1"", ""Agpat5"", ""Tspan2"", ""Pds5b"", ""Rbm24"", ""Psmd12"", ""Bcl10"", ""Stag2"", ""Kctd1"", ""Carf"", ""Trps1"", ""Dpp4"", ""Slk"", ""Phlda1"", ""Aak1"", ""Larp4b"", ""Qser1"", ""Ssx2ip"", ""Nom1"", ""Mbd4"", ""Kras"", ""Ammecr1"", ""Rab1a"", ""Sestd1"")"
"188","GOMF_CIS_REGULATORY_REGION_SEQUENCE_SPECIFIC_DNA_BINDING","9.46571285441313e-06","0.000889932183935398","0.593325476396405","0.433052519413829","1.71509820995983","260","c(""Satb1"", ""H3f3a"", ""Tcf12"", ""Sox4"", ""Tcf7"", ""Mxd4"", ""Klf13"", ""H3f3b"", ""Cux1"", ""Myb"", ""Klf3"", ""Jund"", ""Rorc"", ""Nfatc3"", ""Ctcf"", ""Smarca4"", ""Ets1"", ""Patz1"", ""Bcl6"", ""Nr3c1"", ""Xbp1"", ""Maz"", ""E2f2"", ""Gfi1"", ""Thrap3"", ""Suz12"", ""Nfat5"", ""Hbp1"", ""Mga"", ""Foxp1"", ""Runx1"", ""Ezh2"", ""Stat5b"", ""Bmyc"", ""Hoxa7"", ""Pknox1"", ""Tcf4"", ""Dhx9"", ""Rreb1"", ""Cebpg"", ""Smad4"", ""Ikzf3"", ""Zfp820"", ""Hcfc1"", ""Elk4"", ""Carf"")"
"189","MIR_129_5P","0.00149738270192335","0.0425366445060253","0.45505986738723","0.508658722420992","1.71973378066519","76","c(""Satb1"", ""Sox4"", ""Camk4"", ""Lig4"", ""Txn1"", ""Ablim1"", ""Ets1"", ""Fbxw7"", ""Itga6"", ""Cdc42ep3"", ""Runx1"", ""Tcf4"", ""Mex3a"", ""Sh3bgrl"", ""Fmr1"", ""Dusp10"", ""Rell1"", ""Odf2l"", ""Xpo7"", ""Zfp704"", ""Jade1"", ""Zswim6"", ""Larp4"")"
"190","GOBP_T_CELL_DIFFERENTIATION","0.000101997245047182","0.00615741263521671","0.538434096309916","0.46642405519088","1.75771699571885","162","c(""Cd8a"", ""Satb1"", ""Rag1"", ""Themis"", ""Sox4"", ""Ctsl"", ""Tcf7"", ""Hmgb1"", ""Cd4"", ""Cd3d"", ""Rag2"", ""Myb"", ""Cd27"", ""Ccr9"", ""Rorc"", ""Lig4"", ""Cd3g"", ""Nfatc3"", ""Prdx2"", ""Smarca4"", ""Slamf6"", ""Ada"", ""Patz1"", ""Bcl6"", ""Xbp1"", ""Ptprc"", ""Cd1d1"", ""Foxp1"", ""Runx1"", ""Nkap"", ""Stat5b"", ""Pknox1"", ""Psap"", ""Ikzf3"", ""Lag3"")"
"191","YAUCH_HEDGEHOG_SIGNALING_PARACRINE_DN","0.00147717742950413","0.0423923733708911","0.45505986738723","0.560409776726619","1.76304232710742","51","c(""Arpp21"", ""Cd27"", ""Nav2"", ""Mylpf"", ""Hspa4l"", ""Ikzf3"", ""Smo"", ""Bclaf1"", ""Pcnt"", ""Cd28"", ""Kcnh2"")"
"192","MIR_7675_3P","0.00178369503902898","0.0484810002314274","0.45505986738723","0.554228681788188","1.78641237225412","57","c(""Arpp21"", ""Mier1"", ""Rag1"", ""Pgm2l1"", ""Prpf40a"", ""Pds5b"", ""U2surp"", ""Ift80"", ""Uri1"", ""Trps1"")"
"193","MIR_340_5P","0.000121383507564482","0.00696134415882306","0.538434096309916","0.491862147594908","1.78914053225506","124","c(""H3f3a"", ""Ctsl"", ""Hmgb1"", ""Lztfl1"", ""Nfatc3"", ""Smc3"", ""Sumo2"", ""Nfat5"", ""Runx1"", ""Sass6"", ""Srsf6"", ""Pds5b"", ""Zc3h18"", ""Rbm24"", ""Nck2"", ""Fdx1"", ""Slk"", ""Arhgef6"", ""Hdlbp"", ""Cep57"", ""Pou2f1"", ""Mphosph9"", ""Gspt1"", ""Lin9"", ""Mat2a"", ""Qser1"", ""Atf1"", ""Mtf2"", ""Slc24a5"", ""Jade1"", ""Chuk"", ""Itgb1"", ""Svil"", ""Zswim6"", ""Slc35b4"", ""Fancm"", ""Mre11a"", ""Tns1"")"
"194","REACTOME_DOWNSTREAM_TCR_SIGNALING","0.000838301092348042","0.0286170045512858","0.477270815362862","0.565431256641678","1.80520898249752","55","c(""Cd4"", ""Trbc2"", ""Cd3d"", ""Cd3g"", ""Ubb"", ""Nfkbia"", ""Psma6"", ""Cd247"", ""Psmd12"", ""Trac"", ""Bcl10"", ""Psmb6"", ""Psmc4"", ""Ikbkb"", ""Psmb7"", ""Psmd3"", ""Psmb4"", ""Psmc6"", ""Psma5"", ""Chuk"", ""Card11"", ""Psmb5"", ""Psmc5"", ""Cul1"", ""Psmd7"", ""Ube2n"", ""Psma2"", ""Psma3"", ""Rps27a"", ""Psmd13"", ""Psmb2"", ""Ikbkg"", ""Psma1"")"
"195","GOBP_ANTIGEN_RECEPTOR_MEDIATED_SIGNALING_PATHWAY","0.000559779639250402","0.0212605048417289","0.477270815362862","0.536368658267151","1.81031428036347","75","c(""Cd8a"", ""Themis"", ""Sh2d1a"", ""Thy1"", ""Fyb"", ""Lat"", ""Ighm"", ""Rps3"", ""Ada"", ""Nfkbia"", ""Ptprc"", ""Hras"", ""Foxp1"", ""Cd247"", ""Mapk1"", ""Cacnb3"", ""Fcho1"", ""Cd79b"", ""Bcl10"", ""Lcp2"", ""Cd28"")"
"196","GOCC_CILIARY_BASAL_BODY","0.000687543327589346","0.0246441311482806","0.477270815362862","0.582163905154727","1.83148054999516","51","c(""Cep250"", ""Ssna1"", ""B9d2"", ""Pin1"", ""Topors"", ""Pcm1"", ""Ccdc88a"", ""Cby1"", ""Ift57"", ""Ift80"", ""Ahi1"", ""Pcnt"", ""Ssx2ip"", ""Odf2l"", ""Psmb4"", ""Cfap20"", ""Rpgrip1l"", ""Jade1"", ""Rpgr"", ""Ccdc61"", ""Kifap3"", ""Cyld"", ""Ofd1"", ""Cep290"", ""Dnaaf2"")"
"197","GOBP_T_CELL_RECEPTOR_SIGNALING_PATHWAY","0.000678060122738406","0.0246118658474985","0.477270815362862","0.582776146521593","1.8334066538731","51","c(""Cd8a"", ""Themis"", ""Sh2d1a"", ""Thy1"", ""Fyb"", ""Lat"", ""Rps3"", ""Ada"", ""Ptprc"", ""Hras"", ""Cd247"", ""Mapk1"", ""Cacnb3"", ""Fcho1"", ""Bcl10"", ""Lcp2"", ""Cd28"")"
"198","GOBP_REGULATION_OF_CILIUM_ASSEMBLY","0.0014783739623676","0.0423923733708911","0.45505986738723","0.724726896685111","1.86987077134771","19","c(""Dynll1"", ""Mns1"", ""Ppp1r35"", ""Ccdc88a"", ""Syne1"", ""Mphosph9"", ""Cep135"", ""Odf2l"", ""Cyld"", ""Odf2"")"
"199","GOCC_NUCLEAR_MATRIX","0.000388718480408707","0.0166365707846562","0.49849310876659","0.603372050306177","1.87404314841299","49","c(""Dntt"", ""Satb1"", ""Anxa2"", ""Sfpq"", ""Smarca4"", ""Smc3"", ""Gfi1"", ""Psma6"", ""Srrm1"", ""Hnrnpa2b1"", ""Lmnb1"", ""Prpf40a"", ""Phf5a"", ""Stag2"", ""Clic4"", ""Smarcc1"", ""Rad21"", ""Atxn1"", ""Gmcl1"", ""Smc1a"", ""Actl6a"")"
"200","GOBP_VISUAL_BEHAVIOR","0.00161230906063605","0.0444547714555181","0.45505986738723","0.745354055466594","1.89664357425269","18","c(""Rag1"", ""Slc7a11"", ""Cacna1e"", ""Ckap5"", ""Atxn1"", ""Itgb1"", ""Kras"", ""Hmgcr"", ""Foxb1"")"
"201","MIR_330_5P","0.000686199305487643","0.0246441311482806","0.477270815362862","0.653749175850757","1.89941801182561","34","c(""Arpp21"", ""Cbfa2t3"", ""Ets1"", ""Wnt8b"", ""Bclaf1"", ""Scn2b"", ""Pou2f1"", ""Oxsr1"", ""Tfg"", ""Kcna2"", ""Palm"", ""Slc5a3"")"
"202","MORI_MATURE_B_LYMPHOCYTE_DN","0.000538001115218987","0.0207076268173214","0.477270815362862","0.587333112480977","1.90551205070813","61","c(""Dntt"", ""Rag1"", ""Sox4"", ""Desi1"", ""Rag2"", ""Myb"", ""Dgcr6"", ""Txn1"", ""Smarca4"", ""Marcks"", ""Idh2"", ""Mpp1"", ""Plin2"", ""Prep"", ""Pgls"", ""Pafah1b3"", ""Lmnb1"", ""Ezh2"", ""Slc16a1"", ""Snrpb"")"
"203","MIR_669H_3P","0.000342154297289887","0.0153301163668555","0.49849310876659","0.635638694214382","1.92201396078839","42","c(""Cd8a"", ""Mier1"", ""Rag1"", ""Tm6sf1"", ""Caprin1"", ""Mapk1"", ""Ube2a"", ""Scn4b"", ""Smarca5"", ""Serp1"")"
"204","MIR_669K_3P","0.000342154297289887","0.0153301163668555","0.49849310876659","0.635638694214382","1.92201396078839","42","c(""Cd8a"", ""Mier1"", ""Rag1"", ""Tm6sf1"", ""Caprin1"", ""Mapk1"", ""Ube2a"", ""Scn4b"", ""Smarca5"", ""Serp1"")"
"205","MIR_206_5P","0.000878327801499096","0.0292074431319403","0.477270815362862","0.68976686283764","1.92988268198402","28","c(""Satb1"", ""Mier1"", ""Camk4"", ""Lig4"", ""Eif3a"")"
"206","GOBP_ASSOCIATIVE_LEARNING","0.00154772096225291","0.0429563944015904","0.45505986738723","0.698456654220355","1.95954604793822","26","c(""Rag1"", ""Rapgef3"", ""Slc7a11"", ""Cacna1e"", ""Ppt1"", ""Ckap5"", ""Atxn1"", ""Itgb1"", ""Kras"", ""Hmgcr"", ""Foxb1"")"
"207","REACTOME_TCR_SIGNALING","0.000162776967319275","0.00872454119229947","0.518848077743792","0.608586223001547","1.97446450264959","61","c(""Cd4"", ""Trbc2"", ""Cd3d"", ""Cd3g"", ""Fyb"", ""Lat"", ""Ubb"", ""Nfkbia"", ""Psma6"", ""Ptprc"", ""Cd247"", ""Psmd12"", ""Trac"", ""Bcl10"", ""Psmb6"", ""Psmc4"", ""Lcp2"", ""Ikbkb"", ""Pak1"", ""Psmb7"", ""Psmd3"", ""Psmb4"", ""Psmc6"", ""Psma5"", ""Chuk"")"
"208","MIR_12194_3P","0.000313313552038722","0.0143748257675366","0.49849310876659","0.767889084983762","1.98123370640119","19","c(""Tcf7"", ""Marcks"", ""Ldlrad4"", ""Ptprf"", ""Dgkg"")"
"209","MIR_592_5P","0.000401573437509666","0.0169339975302789","0.49849310876659","0.767884363404892","2.01156851122371","20","c(""Cd8a"", ""Tcf12"", ""Tsc22d1"", ""P2ry10"", ""Psmd12"", ""Carf"", ""Cep135"", ""Angptl2"", ""Zswim6"", ""Nfia"")"
"210","GOBP_CILIUM_ORGANIZATION","3.40248323509841e-06","0.000424200898984551","0.627256739718528","0.587425560054416","2.0405260858478","89","c(""Dynll1"", ""Mns1"", ""Ablim1"", ""Hspb11"", ""Cep250"", ""Ssna1"", ""Ppp1r35"", ""B9d2"", ""Pcm1"", ""Ccdc88a"", ""Cby1"", ""Syne1"", ""Ift57"", ""Ift80"", ""Cep70"", ""Cntrl"", ""Mphosph9"", ""Ahi1"", ""Cep83"", ""Pcnt"", ""Hyls1"", ""Ssx2ip"", ""Kif3a"", ""Cep135"", ""Odf2l"", ""Cfap20"", ""Rpgrip1l"", ""Sclt1"", ""Rpgr"", ""E2f4"", ""Kifap3"", ""Cyld"", ""Ofd1"", ""Cep290"", ""Dnaaf2"", ""Erich3"", ""Ift74"", ""Dync2h1"", ""Odf2"", ""Cep128"", ""Tmem216"", ""Ift27"", ""Cdc14b"", ""Ift22"", ""Poc1b"")"
"211","REACTOME_GENERATION_OF_SECOND_MESSENGER_MOLECULES","0.000126057676507504","0.00711039049676592","0.518848077743792","0.824278305682974","2.05031280267681","16","c(""Cd4"", ""Trbc2"", ""Cd3d"", ""Cd3g"", ""Fyb"", ""Lat"", ""Cd247"", ""Trac"", ""Lcp2"", ""Pak1"")"
"212","LI_INDUCED_T_TO_NATURAL_KILLER_DN","1.37945060713082e-11","1.13016417598503e-08","0.875325132024659","0.741884802348604","2.49710286355318","72","c(""Dntt"", ""Satb1"", ""Aqp11"", ""Endou"", ""Rgcc"", ""Sh2d1a"", ""Sox4"", ""Tcf7"", ""Ly6d"", ""H3f3b"", ""Xrcc6"", ""Rapgef3"", ""Cd3d"", ""Cd27"", ""Hibadh"", ""Cdca7"", ""Fyb"", ""Marcks"", ""Gm525"", ""Ets1"", ""Brd3"", ""Msh6"", ""Gfi1"", ""Mapk1"", ""Nck2"", ""Slc5a9"", ""Dpp4"", ""Chchd3"", ""Tdrp"", ""Igf1r"", ""Dgka"", ""Mtf2"", ""Anp32e"", ""Pitpnm2"")"
