"","pathway","pval","padj","log2err","ES","NES","size","leadingEdge"
"1","REACTOME_MRNA_SPLICING","4.81481093630329e-14","5.54955108518317e-11","0.965327754226083","-0.701070176864204","-2.4684774286273","99","c(""Hnrnpa3"", ""Srsf3"", ""Ybx1"", ""Snrpf"", ""Srsf2"", ""Hnrnpd"", ""Snrpg"", ""U2af1"", ""Alyref"", ""Eif4a3"", ""Srsf7"", ""Lsm7"", ""Polr2l"", ""Snrpd2"", ""Lsm5"", ""Lsm4"", ""Magoh"", ""Rbm8a"", ""Snrpb"", ""Lsm6"", ""Lsm2"", ""Hnrnpu"", ""Polr2k"", ""Hnrnpa2b1"", ""Snrpa1"", ""Snrnp40"", ""Snrpc"", ""U2af2"", ""Ddx39b"", ""Srsf10"", ""Snrpd1"", ""Srsf9"", ""Pcbp1"", ""Lsm3"", ""Snrpd3"", ""Polr2i"", ""Smu1"", ""Bcas2"", ""Sf3b5"", ""Phf5a"", ""Gtf2f1"", ""U2surp"", ""Txnl4a"", ""Rbm17"", ""Sf3b6"", ""Sf3a3"", ""Prpf38a"", ""Polr2f"", ""Hnrnpa1"", ""Ppih"", ""Isy1"", ""Wbp11"", ""Lsm8"", ""Polr2e"", 
""Srrm1"", ""Sf3b4"", ""Prpf40a"", ""Sf3a2"", ""Pnn"", ""Polr2c"", ""Ptbp1"")"
"2","GOCC_MITOCHONDRIAL_PROTEIN_CONTAINING_COMPLEX","6.86496170794503e-17","1.97813871614436e-13","1.05746357275086","-0.650660947877399","-2.44970540026982","155","c(""Slc25a5"", ""Atp5e"", ""Atp5k"", ""Cox7a2"", ""Atp5g3"", ""Atp5j"", ""Atp5j2"", ""Uqcr10"", ""Atp5h"", ""Atp5b"", ""Cox6a1"", ""Dnajc15"", ""Cox7c"", ""Ndufa5"", ""Cox7b"", ""Sdhb"", ""Ndufb4"", ""Uqcrb"", ""Tomm7"", ""Atp5o"", ""Atp5g1"", ""Ndufc1"", ""Ndufa12"", ""Phb"", ""Mrps14"", ""Tomm6"", ""Ndufs6"", ""Ndufb7"", ""Romo1"", ""Mrps36"", ""Timm13"", ""Atp5l"", ""Cox5b"", ""Mrps18c"", ""Ndufb2"", ""Ndufa4"", ""Timm17a"", ""Tomm40"", ""Uqcr11"", ""Mtx2"", ""Ndufab1"", ""Phb2"", ""Mrpl21"", ""Ndufb6"", ""Chchd10"", ""Atp5a1"", ""Mrpl20"", ""Mrpl18"", ""Mrps6"", ""Atp5c1"", ""Mrpl57"", ""Ndufc2"", 
""Tomm5"", ""Ndufb8"", ""Mrpl42"", ""Mrps28"", ""Samm50"", ""Vdac1"", ""Etfa"", ""Chchd1"", ""Cyc1"", ""Uqcrfs1"", ""Mrpl23"", ""Mrpl40"", ""Mrpl3"", ""Ndufv1"", ""Ndufs8"", ""Mrps24"", ""Idh3a"", ""Mrpl46"", ""Mrps17"", ""Mrpl15"", ""Cox8a"", ""Mrpl51"", ""Mrpl36"", ""Mrpl13"", ""Mrpl50"", ""Mrps22"", ""Mrpl12"", ""Timm9"", ""Atp5d"", ""Tomm20"", ""Dnajc19"", ""Dld"", ""Ndufa9"", ""Uqcrq"", ""Ndufv2"", ""Ndufs7"", ""mt-Nd1"", ""Aurkaip1"", ""Timm50"")"
"3","GOCC_SPLICEOSOMAL_COMPLEX","9.11648771611311e-13","6.56728983849498e-10","0.910119734774459","-0.695920471077105","-2.43769257043859","92","c(""Hnrnpa3"", ""Ybx1"", ""Snrpf"", ""Srsf2"", ""Snrpg"", ""U2af1"", ""Alyref"", ""Eif4a3"", ""Lsm7"", ""Ncl"", ""Hnrnpm"", ""Snrpd2"", ""Lsm5"", ""Lsm4"", ""Magoh"", ""Rbm8a"", ""Snrpb"", ""Lsm6"", ""Lsm2"", ""Hnrnpu"", ""Rbm3"", ""Hnrnpa2b1"", ""Snrpa1"", ""Snrnp40"", ""Rbmxl1"", ""Snrpc"", ""Rheb"", ""U2af2"", ""Snrpb2"", ""Ddx39b"", ""Raly"", ""Snrpd1"", ""Lsm3"", ""Snrpd3"", ""Smu1"", ""Bcas2"", ""Sf3b5"", ""Phf5a"", ""Txnl4a"", ""Rbm17"", ""Sf3b6"", ""Sf3a3"", ""Prpf38a"", ""Hnrnpa1"", ""Syncrip"", ""Isy1"", ""Lsm8"", ""Srrm1"", ""Sf3b4"", ""Prpf40a"", ""Sf3a2"", ""Pnn"", ""Ppp1r8"")"
"4","REACTOME_PROCESSING_OF_CAPPED_INTRON_CONTAINING_PRE_MRNA","1.04463775493918e-14","2.00674912723816e-11","0.986546283587582","-0.663436037620871","-2.42993655650784","129","c(""Hnrnpa3"", ""Srsf3"", ""Ybx1"", ""Snrpf"", ""Srsf2"", ""Hnrnpd"", ""Snrpg"", ""U2af1"", ""Alyref"", ""Eif4a3"", ""Srsf7"", ""Lsm7"", ""Polr2l"", ""Snrpd2"", ""Lsm5"", ""Lsm4"", ""Magoh"", ""Rbm8a"", ""Snrpb"", ""Lsm6"", ""Lsm2"", ""Hnrnpu"", ""Polr2k"", ""Hnrnpa2b1"", ""Snrpa1"", ""Snrnp40"", ""Snrpc"", ""U2af2"", ""Ddx39b"", ""Slbp"", ""Srsf10"", ""Snrpd1"", ""Srsf9"", ""Pcbp1"", ""Lsm3"", ""Snrpd3"", ""Sec13"", ""Polr2i"", ""Smu1"", ""Bcas2"", ""Sf3b5"", ""Phf5a"", ""Gtf2f1"", ""U2surp"", ""Txnl4a"", ""Rbm17"", ""Sf3b6"", ""Sf3a3"", ""Prpf38a"", ""Polr2f"", ""Thoc7"", ""Hnrnpa1"", ""Eif4e"", ""Ppih"", 
""Thoc6"", ""Isy1"", ""Wbp11"", ""Lsm8"", ""Polr2e"", ""Srrm1"", ""Sf3b4"", ""Prpf40a"", ""Sf3a2"", ""Pnn"", ""Polr2c"", ""Ptbp1"", ""Seh1l"", ""Nup43"", ""Zcrb1"", ""Nkap"", ""Usp39"", ""Rbmx2"", ""Prpf19"", ""Sf3b2"", ""Polr2d"", ""Eftud2"", ""Nup37"", ""Nup50"", ""Nxt1"", ""Dhx9"")"
"5","GOBP_OXIDATIVE_PHOSPHORYLATION","1.82275401166633e-12","1.16717015213701e-09","0.898671232061694","-0.72634292491512","-2.4213213934622","73","c(""Cycs"", ""Atp5e"", ""Atp5k"", ""Cox7a2"", ""Atp5j"", ""Atp5j2"", ""Uqcr10"", ""Atp5h"", ""Atp5b"", ""Cox6a1"", ""Dnajc15"", ""Cox7c"", ""Ndufa5"", ""Cox7b"", ""Sdhb"", ""Ndufb4"", ""Uqcrb"", ""Atp5o"", ""Ndufc1"", ""Ndufa12"", ""Ndufs6"", ""Ndufb7"", ""Cox5b"", ""Ndufb2"", ""Uqcr11"", ""Ndufab1"", ""Ndufb6"", ""Chchd10"", ""Atp5a1"", ""Ccnb1"", ""Atp5c1"", ""Ndufc2"", ""Ndufb8"", ""Cdk1"", ""Bid"", ""Cyc1"", ""Uqcrfs1"", ""Ndufv1"", ""Ndufs8"", ""Tnf"", ""Cox8a"", ""Chchd2"", ""Atp5d"", ""Dld"", ""Ndufa9"", ""Uqcrq"", ""Ndufv2"", ""Nupr1"", ""Ndufs7"", ""mt-Nd1"")"
"6","REACTOME_THE_CITRIC_ACID_TCA_CYCLE_AND_RESPIRATORY_ELECTRON_TRANSPORT","4.89597927534496e-12","2.31857462212419e-09","0.887074988399873","-0.71458100754711","-2.40817133659257","76","c(""Cycs"", ""Ldha"", ""Atp5e"", ""Atp5k"", ""Atp5g3"", ""Atp5j"", ""Atp5j2"", ""Uqcr10"", ""Atp5h"", ""Atp5b"", ""Cox6a1"", ""Cox7c"", ""Ndufa5"", ""Cox7b"", ""Sdhb"", ""Ndufb4"", ""Uqcrb"", ""Mdh2"", ""Atp5o"", ""Atp5g1"", ""Ndufc1"", ""Ndufa12"", ""Ndufs6"", ""Ndufb7"", ""Atp5l"", ""Cox5b"", ""Ndufb2"", ""Ndufa4"", ""Uqcr11"", ""Glo1"", ""Ndufab1"", ""Me2"", ""Ndufb6"", ""Atp5a1"", ""Atp5c1"", ""Ndufaf4"", ""Ndufc2"", ""Ndufb8"", ""Vdac1"", ""Etfa"", ""Cyc1"", ""Uqcrfs1"", ""Ndufv1"", ""Ndufs8"", ""Idh3a"", ""Cs"", ""Cox8a"", ""Pdk3"", ""Atp5d"", ""Dld"", ""Ndufa9"", ""Uqcrq"", ""Ndufv2"", ""Ndufs7"", 
""mt-Nd1"")"
"7","REACTOME_RESPIRATORY_ELECTRON_TRANSPORT_ATP_SYNTHESIS_BY_CHEMIOSMOTIC_COUPLING_AND_HEAT_PRODUCTION_BY_UNCOUPLING_PROTEINS","5.23017006552393e-12","2.31857462212419e-09","0.887074988399873","-0.762450553149839","-2.39868256254753","56","c(""Cycs"", ""Atp5e"", ""Atp5k"", ""Atp5g3"", ""Atp5j"", ""Atp5j2"", ""Uqcr10"", ""Atp5h"", ""Atp5b"", ""Cox6a1"", ""Cox7c"", ""Ndufa5"", ""Cox7b"", ""Ndufb4"", ""Uqcrb"", ""Atp5o"", ""Atp5g1"", ""Ndufc1"", ""Ndufa12"", ""Ndufs6"", ""Ndufb7"", ""Atp5l"", ""Cox5b"", ""Ndufb2"", ""Ndufa4"", ""Uqcr11"", ""Ndufab1"", ""Ndufb6"", ""Atp5a1"", ""Atp5c1"", ""Ndufaf4"", ""Ndufc2"", ""Ndufb8"", ""Etfa"", ""Cyc1"", ""Uqcrfs1"", ""Ndufv1"", ""Ndufs8"")"
"8","GOCC_INNER_MITOCHONDRIAL_MEMBRANE_PROTEIN_COMPLEX","7.1995303814695e-11","1.8039518951482e-08","0.839088935621274","-0.714486144950358","-2.38892440140981","72","c(""Atp5e"", ""Atp5k"", ""Cox7a2"", ""Atp5g3"", ""Atp5j"", ""Atp5j2"", ""Uqcr10"", ""Atp5h"", ""Atp5b"", ""Cox6a1"", ""Dnajc15"", ""Cox7c"", ""Ndufa5"", ""Cox7b"", ""Sdhb"", ""Ndufb4"", ""Uqcrb"", ""Atp5o"", ""Atp5g1"", ""Ndufc1"", ""Ndufa12"", ""Phb"", ""Ndufs6"", ""Ndufb7"", ""Romo1"", ""Atp5l"", ""Cox5b"", ""Ndufb2"", ""Ndufa4"", ""Timm17a"", ""Uqcr11"", ""Ndufab1"", ""Phb2"", ""Ndufb6"", ""Chchd10"", ""Atp5a1"", ""Atp5c1"", ""Ndufc2"", ""Ndufb8"")"
"9","GOBP_AEROBIC_RESPIRATION","4.5911828223233e-11","1.39257824237101e-08","0.851339057116899","-0.665891670945937","-2.32800391111304","91","c(""Cycs"", ""Atp5e"", ""Atp5k"", ""Cox7a2"", ""Atp5j"", ""Atp5j2"", ""Uqcr10"", ""Atp5h"", ""Atp5b"", ""Cox6a1"", ""Dnajc15"", ""Cox7c"", ""Ndufa5"", ""Cox7b"", ""Sdhb"", ""Ndufb4"", ""Uqcrb"", ""Mdh2"", ""Atp5o"", ""Ndufc1"", ""Ndufa12"", ""Ndufs6"", ""Ndufb7"", ""Mrps36"", ""Cox5b"", ""Ndufb2"", ""Uqcr11"", ""Ndufab1"", ""Ndufb6"", ""Chchd10"", ""Atp5a1"", ""Ccnb1"", ""Atp5c1"", ""Ndufc2"", ""Ndufb8"", ""Cdk1"", ""Bid"", ""Cyc1"", ""Uqcrfs1"", ""Ndufv1"", ""Ndufs8"", ""Idh3a"", ""Cs"", ""Tnf"", ""Cox8a"", ""Chchd2"", ""Mdh1"", ""Atp5d"", ""Dld"", ""Ndufa9"", ""Uqcrq"", ""Ndufv2"", ""Nupr1"", ""Ndufs7"", 
""mt-Nd1"")"
"10","HALLMARK_OXIDATIVE_PHOSPHORYLATION","1.50425021662468e-10","3.61208083267001e-08","0.826657301178302","-0.65366651985991","-2.31963291014297","96","c(""Slc25a5"", ""Ldha"", ""Atp5e"", ""Atp5k"", ""Cox7a2"", ""Atp5g3"", ""Atp5j"", ""Atp5j2"", ""Uqcr10"", ""Atp5h"", ""Atp5b"", ""Cox6a1"", ""Cox7c"", ""Ndufa5"", ""Cox7b"", ""Sdhb"", ""Uqcrb"", ""Mdh2"", ""Atp5o"", ""Atp5g1"", ""Ndufc1"", ""Ndufs6"", ""Ndufb7"", ""Timm13"", ""Cox5b"", ""Ndufb2"", ""Ndufa4"", ""Timm17a"", ""Uqcr11"", ""Mtx2"", ""Ndufab1"", ""Phb2"", ""Ndufb6"", ""Atp5a1"", ""Atp5c1"", ""Ndufc2"", ""Ndufb8"", ""Vdac1"", ""Etfa"", ""Polr2f"", ""Cyc1"", ""Vdac2"", ""Uqcrfs1"", ""Ndufv1"", ""Ndufs8"", ""Idh3a"", ""Cs"", ""Mrpl15"", ""Cox8a"", ""Vdac3"", ""Mdh1"", ""Mrps22"", ""Timm9"", ""Atp5d"", 
""Fdx1"", ""Dld"", ""Ndufa9"", ""Timm8b"", ""Uqcrq"", ""Ndufv2"")"
"11","GOBP_RNA_SPLICING_VIA_TRANSESTERIFICATION_REACTIONS","9.29662186957746e-12","3.57176212229166e-09","0.875325132024659","-0.646659526119732","-2.3133103184175","115","c(""Hnrnpa3"", ""Srsf3"", ""Snrpf"", ""Srsf2"", ""Snrpg"", ""U2af1"", ""Eif4a3"", ""Srsf7"", ""Lsm7"", ""Ncl"", ""Hnrnpm"", ""Sap18"", ""Snrpd2"", ""Larp7"", ""Lsm5"", ""Lsm4"", ""Magoh"", ""Rbm8a"", ""Snrpb"", ""Strap"", ""Lsm6"", ""Lsm2"", ""Hnrnpu"", ""Rbm3"", ""Hnrnpa2b1"", ""Snrpa1"", ""Rbmxl1"", ""Snrpc"", ""U2af2"", ""Snrpb2"", ""Sfpq"", ""Ddx39b"", ""Srsf10"", ""Snrpd1"", ""Srsf6"", ""Srsf9"", ""Lsm3"", ""Snrpd3"", ""Smu1"", ""Bcas2"", ""Dazap1"", ""Sf3b5"", ""Phf5a"", ""Txnl4a"", ""Rbm17"", ""Sf3b6"", ""C1qbp"", ""Sf3a3"", ""Prpf38a"", ""Hnrnpa1"", ""Slirp"", ""Smn1"", ""Isy1"", ""Lsm8"", ""Srrm1"", 
""Psip1"", ""Sf3b4"", ""Prpf40a"", ""Sf3a2"")"
"12","GOBP_MRNA_PROCESSING","1.64617528005305e-14","2.37172703473643e-11","0.97599468306432","-0.613402088098521","-2.30569702190632","162","c(""Hnrnpa3"", ""Srsf3"", ""Ybx1"", ""Snrpf"", ""Srsf2"", ""Snrpg"", ""Zfp36l1"", ""U2af1"", ""Alyref"", ""Eif4a3"", ""Srsf7"", ""Lsm7"", ""Ncl"", ""Hnrnpm"", ""Sap18"", ""Snrpd2"", ""Larp7"", ""Lsm5"", ""Lsm4"", ""Magoh"", ""Rbm8a"", ""Snrpb"", ""Strap"", ""Lsm6"", ""Lsm2"", ""Hnrnpu"", ""Rbm3"", ""Hnrnpa2b1"", ""Snrpa1"", ""Snrnp40"", ""Rbmxl1"", ""Snrpc"", ""U2af2"", ""Snrpb2"", ""Sfpq"", ""Ddx39b"", ""Slbp"", ""Srsf10"", ""Raly"", ""Snrpd1"", ""Srsf6"", ""Srsf9"", ""Ccnb1"", ""Pcbp1"", ""Lsm3"", ""Snrpd3"", ""Smu1"", ""Bcas2"", ""Dazap1"", ""Sf3b5"", ""Phf5a"", ""Txnl4a"", ""Rbm17"", ""Sf3b6"", ""C1qbp"", 
""Sf3a3"", ""Prpf38a"", ""Thoc7"", ""Hnrnpa1"", ""Slirp"", ""Ddx1"", ""Leo1"", ""Smn1"", ""Syncrip"", ""Thoc6"", ""Isy1"", ""Wbp11"", ""Lsm8"", ""Srrm1"", ""Psip1"", ""Sf3b4"", ""Prpf40a"", ""Sf3a2"", ""Pnn"", ""Ppp1r8"")"
"13","MORI_IMMATURE_B_LYMPHOCYTE_DN","3.43645857259252e-10","7.3349299088336e-08","0.814035837847908","-0.675317421683945","-2.30105911074899","80","c(""Hnrnpa3"", ""Hmgn2"", ""Tuba1a"", ""Tubb5"", ""Tuba1b"", ""Hmgb1"", ""Pcna"", ""Rrm2"", ""Cdca7"", ""Rag1"", ""Tubb4b"", ""Hnrnpab"", ""Kpna2"", ""Slc16a1"", ""Lig1"", ""Top2a"", ""Ccnb2"", ""Nusap1"", ""Ccna2"", ""Smc4"", ""Dlgap5"", ""Slc29a1"", ""Txn1"", ""Lmnb1"", ""Tmpo"", ""Slbp"", ""Ccnb1"", ""Cbx1"", ""Cenpa"", ""Mcm7"", ""Anp32e"", ""Cdk1"", ""Nek2"", ""Mki67"", ""Xrcc6"", ""Rbbp4"", ""Actn4"", ""Smarca5"", ""Chek1"", ""Cdc20"", ""Cdca3"", ""E2f8"", ""Ezh2"", ""Prdx4"", ""Cdc45"", ""Prep"", ""Prc1"", ""Ube2c"")"
"14","WP_ELECTRON_TRANSPORT_CHAIN","9.93210469785569e-10","1.84641030237879e-07","0.788186810800237","-0.751056789600435","-2.2957796035904","50","c(""Slc25a5"", ""Atp5e"", ""Cox7a2"", ""Atp5g3"", ""Atp5j"", ""Atp5j2"", ""Uqcr10"", ""Atp5h"", ""Atp5b"", ""Cox6a1"", ""Ndufa5"", ""Cox7b"", ""Sdhb"", ""Ndufb4"", ""Uqcrb"", ""Atp5o"", ""Ndufc1"", ""Ndufa12"", ""Ndufs6"", ""Ndufb7"", ""Atp5l"", ""Cox5b"", ""Ndufb2"", ""Uqcr11"", ""Ndufab1"", ""Ndufb6"", ""Atp5a1"", ""Atp5c1"", ""Ndufc2"")"
"15","GOBP_RNA_SPLICING","2.72372072327771e-13","2.24240036117849e-10","0.932595211336209","-0.607519500432914","-2.29067563303072","158","c(""Hnrnpa3"", ""Srsf3"", ""Ybx1"", ""Snrpf"", ""Srsf2"", ""Snrpg"", ""U2af1"", ""Alyref"", ""Eif4a3"", ""Srsf7"", ""Lsm7"", ""Ncl"", ""Hnrnpm"", ""Sap18"", ""Snrpd2"", ""Larp7"", ""Lsm5"", ""Lsm4"", ""Magoh"", ""Rbm8a"", ""Snrpb"", ""Strap"", ""Lsm6"", ""Lsm2"", ""Eny2"", ""Hnrnpu"", ""Rbm3"", ""Hnrnpa2b1"", ""Snrpa1"", ""Snrnp40"", ""Rbmxl1"", ""Snrpc"", ""U2af2"", ""Snrpb2"", ""Sfpq"", ""Ddx39b"", ""Srsf10"", ""Raly"", ""Snrpd1"", ""Srsf6"", ""Srsf9"", ""Lsm3"", ""Snrpd3"", ""Smu1"", ""Bcas2"", ""Dazap1"", ""Sf3b5"", ""Phf5a"", ""Txnl4a"", ""Rbm17"", ""Sf3b6"", ""C1qbp"", ""Sf3a3"", ""Prpf38a"", ""Thoc7"", 
""Hnrnpa1"", ""Slirp"", ""Ddx1"", ""Smn1"", ""Syncrip"", ""Prmt1"", ""Thoc6"", ""Isy1"", ""Wbp11"", ""Lsm8"", ""Srrm1"", ""Psip1"", ""Sf3b4"", ""Prpf40a"", ""Sf3a2"", ""Pnn"", ""Ppp1r8"")"
"16","GOBP_CELLULAR_RESPIRATION","6.65182349030522e-11","1.74247539884677e-08","0.839088935621274","-0.63287061177251","-2.26523898503108","110","c(""Cycs"", ""Atp5e"", ""Atp5k"", ""Cox7a2"", ""Atp5j"", ""Atp5j2"", ""Uqcr10"", ""Atp5h"", ""Atp5b"", ""Cox6a1"", ""Dnajc15"", ""Cox7c"", ""Ndufa5"", ""Cox7b"", ""Sdhb"", ""Ndufb4"", ""Uqcrb"", ""Mdh2"", ""Atp5o"", ""Ndufc1"", ""Ndufa12"", ""Ndufs6"", ""Ndufb7"", ""Mrps36"", ""Cox5b"", ""Ndufb2"", ""Prelid1"", ""Uqcr11"", ""Nfatc3"", ""Ndufab1"", ""Ndufb6"", ""Chchd10"", ""Atp5a1"", ""Ccnb1"", ""Atp5c1"", ""Ndufc2"", ""Ndufb8"", ""Cdk1"", ""Bid"", ""Etfa"", ""Cyc1"", ""Nr4a3"", ""Uqcrfs1"", ""Ndufv1"", ""Ndufs8"", ""Idh3a"", ""Cs"", ""Tnf"", ""Cox8a"", ""Chchd2"", ""Mdh1"", ""Atp5d"", ""Dld"", ""Ndufa9"", 
""Uqcrq"", ""Ndufv2"", ""Nupr1"", ""Ndufs7"", ""mt-Nd1"")"
"17","HALLMARK_E2F_TARGETS","1.79364218143057e-13","1.72279331526406e-10","0.943632225232838","-0.594232807078312","-2.24570248144086","175","c(""Tubb5"", ""Srsf2"", ""Hnrnpd"", ""Dut"", ""Dek"", ""Pcna"", ""Nme1"", ""Rrm2"", ""Hmgb2"", ""Ran"", ""Ranbp1"", ""Pole4"", ""Smc6"", ""Snrpb"", ""Eif2s1"", ""Ube2s"", ""Lig1"", ""Rpa3"", ""Top2a"", ""Hells"", ""Ccnb2"", ""Smc4"", ""Dlgap5"", ""Lmnb1"", ""Tmpo"", ""Slbp"", ""Lyar"", ""Rbbp7"", ""Nop56"", ""Gspt1"", ""Mcm5"", ""Depdc1a"", ""Nasp"", ""Rad21"", ""Birc5"", ""Ccne1"", ""Mcm7"", ""Ctps"", ""Anp32e"", ""Ctcf"", ""Phf5a"", ""Rpa1"", ""Cdk1"", ""Mki67"", ""Tubg1"", ""Tcf19"", ""Gins1"", ""Xrcc6"", ""Tacc3"", ""Racgap1"", ""Chek1"", ""Asf1a"", ""Spc25"", ""Cdc20"", ""Cdca3"", ""E2f8"", ""Mxd3"", ""Usp1"", 
""Ezh2"", ""Orc6"", ""Cenpe"", ""Mad2l1"", ""Prdx4"", ""Bard1"", ""Syncrip"", ""Donson"", ""Atad2"", ""Kif22"", ""Lsm8"", ""Rfc3"", ""Psip1"", ""Eed"", ""Rad51ap1"", ""Pnn"", ""Ppp1r8"", ""Asf1b"", ""Mcm4"", ""Plk1"", ""Nolc1"", ""Ak2"", ""Cdkn2c"", ""Aurkb"", ""Suv39h1"", ""Spc24"", ""Timeless"", ""Cse1l"")"
"18","GOBP_PROTON_MOTIVE_FORCE_DRIVEN_ATP_SYNTHESIS","1.84546183859686e-08","2.79878857258782e-06","0.73376198835648","-0.769663315070235","-2.24480921241225","39","c(""Atp5e"", ""Atp5k"", ""Atp5g3"", ""Atp5j"", ""Atp5j2"", ""Atp5h"", ""Atp5b"", ""Ndufa5"", ""Sdhb"", ""Ndufb4"", ""Atp5o"", ""Atp5g1"", ""Ndufc1"", ""Ndufa12"", ""Ndufs6"", ""Ndufb7"", ""Atp5l"", ""Ndufb2"", ""Ndufab1"", ""Ndufb6"", ""Atp5a1"", ""Atp5c1"", ""Ndufc2"", ""Ndufb8"")"
"19","REACTOME_CROSS_PRESENTATION_OF_SOLUBLE_EXOGENOUS_ANTIGENS_ENDOSOMES","3.98297407115152e-08","5.5985072126942e-06","0.719512826338911","-0.775667424037505","-2.2116445581102","35","c(""Psma2"", ""Psma6"", ""Psmb3"", ""Psmc4"", ""Psmb6"", ""Psma1"", ""Psmc2"", ""Psmb2"", ""Psmc5"", ""Psmb7"", ""Psme2"", ""Psma4"", ""Psmd2"", ""Psmd13"", ""Psmd3"", ""Psma3"", ""Psmc3"", ""Psmd6"", ""Psmc6"", ""Psmd12"", ""Psmb5"", ""Psma7"", ""Psma5"", ""Psmd14"", ""Psmd1"", ""Psmb4"", ""Psmd7"")"
"20","REACTOME_DNA_REPLICATION","5.09382495065743e-09","8.63403329136434e-07","0.761460801445585","-0.629594860318154","-2.20801866325709","93","c(""Psma2"", ""Pcna"", ""Psma6"", ""Psmb3"", ""Psmc4"", ""Ubb"", ""Psmb6"", ""Pole4"", ""Psma1"", ""Ube2s"", ""Lig1"", ""Rpa3"", ""Psmc2"", ""Psmb2"", ""Psmc5"", ""Ccna2"", ""Ccne2"", ""Psmb7"", ""Psme2"", ""Psma4"", ""Psmd2"", ""Psmd13"", ""Mcm5"", ""Psmd3"", ""Psma3"", ""Psmc3"", ""Ccne1"", ""Mcm7"", ""Psmd6"", ""Rpa1"", ""Psmc6"", ""Gins1"", ""Psmd12"", ""Psmb5"", ""Psma7"", ""Gmnn"", ""Orc6"", ""Psma5"", ""Cdc45"", ""Ube2c"", ""Anapc15"", ""Psmd14"", ""Rfc3"", ""Anapc5"", ""Mcm4"", ""Psmd1"", ""Psmb4"", ""Rfc4"", ""Pole2"", ""Cdk2"", ""Psmd7"", ""Dbf4"", ""Cdc16"", ""Orc1"", ""Pola1"", ""Rfc5"")"
"21","GOBP_ENERGY_DERIVATION_BY_OXIDATION_OF_ORGANIC_COMPOUNDS","2.31730072222702e-10","5.13638617776704e-08","0.826657301178302","-0.600941232787369","-2.20103971906542","129","c(""Cycs"", ""Ldha"", ""Atp5e"", ""Atp5k"", ""Cox7a2"", ""Atp5j"", ""Atp5j2"", ""Uqcr10"", ""Atp5h"", ""Atp5b"", ""Cox6a1"", ""Dnajc15"", ""Cox7c"", ""Hmgb1"", ""Ndufa5"", ""Cox7b"", ""Sdhb"", ""Ndufb4"", ""Uqcrb"", ""Mdh2"", ""Atp5o"", ""Ndufc1"", ""Ndufa12"", ""Ndufs6"", ""Ndufb7"", ""Mrps36"", ""Cox5b"", ""Ndufb2"", ""Prelid1"", ""Uqcr11"", ""Nfatc3"", ""Ndufab1"", ""Ndufb6"", ""Chchd10"", ""Atp5a1"", ""Ccnb1"", ""Atp5c1"", ""Ndufc2"", ""Ndufb8"", ""Cdk1"", ""Bid"", ""Etfa"", ""Ppp1r2"", ""Cyc1"", ""Nr4a3"", ""Uqcrfs1"", ""Ndufv1"", ""Ndufs8"", ""Idh3a"", ""Cs"", ""Tnf"", ""Cox8a"", ""Chchd2"", ""Mdh1"", 
""Atp5d"", ""Dld"", ""Ndufa9"", ""Uqcrq"", ""Ndufv2"", ""Nupr1"", ""Ndufs7"", ""mt-Nd1"")"
"22","REACTOME_METABOLISM_OF_POLYAMINES","8.11528768176779e-08","1.01670441108756e-05","0.704975715167238","-0.753211035390976","-2.19955098173217","38","c(""Psma2"", ""Psma6"", ""Psmb3"", ""Psmc4"", ""Psmb6"", ""Psma1"", ""Psmc2"", ""Psmb2"", ""Psmc5"", ""Srm"", ""Psmb7"", ""Psme2"", ""Psma4"", ""Psmd2"", ""Sat1"", ""Psmd13"", ""Odc1"", ""Psmd3"", ""Psma3"", ""Psmc3"", ""Psmd6"", ""Psmc6"", ""Psmd12"", ""Psmb5"", ""Psma7"", ""Azin1"", ""Psma5"", ""Psmd14"", ""Sms"", ""Psmd1"", ""Psmb4"", ""Amd1"", ""Psmd7"")"
"23","HOUNKPE_HOUSEKEEPING_GENES","4.65221352124064e-20","2.68107065229098e-16","1.16017957183021","-0.53613312027097","-2.1985968360469","377","c(""Slc25a5"", ""Eif4a1"", ""Atp5j"", ""Arpp19"", ""Srsf3"", ""H3f3b"", ""Srsf2"", ""Hnrnpd"", ""Psma2"", ""Nol7"", ""Psma6"", ""U2af1"", ""Rpl15"", ""Eif4a3"", ""Cnbp"", ""Hnrnpdl"", ""Anp32b"", ""Ncl"", ""Banf1"", ""Eif2s2"", ""Hnrnpm"", ""Ddx18"", ""Higd1a"", ""Ranbp1"", ""Psmb6"", ""Sap18"", ""Lsm4"", ""Magoh"", ""Hnrnpab"", ""Rbm8a"", ""Mrps14"", ""Nucks1"", ""Snrpb"", ""Strap"", ""Anp32a"", ""Eif2s1"", ""Eif5a"", ""Rad23a"", ""Hnrnpu"", ""Fbl"", ""Polr2k"", ""Nsmce1"", ""Hnrnpa2b1"", ""Psmb2"", ""Psmc5"", ""Timm17a"", ""Uba2"", ""Pdap1"", ""Bub3"", ""Kras"", ""G3bp1"", ""Srm"", ""Rheb"", ""Comt"", 
""Ywhae"", ""U2af2"", ""St13"", ""Sfpq"", ""Psmb7"", ""Eif5b"", ""Eif1ax"", ""Srsf10"", ""Raly"", ""Maz"", ""Mlf2"", ""Srsf6"", ""Srsf9"", ""Mrpl18"", ""Nfyb"", ""Gspt1"", ""Pcbp1"", ""Psmd3"", ""Ahsa1"", ""Snrpd3"", ""Psmc3"", ""Rpn2"", ""Cbx1"", ""Sec13"", ""Rad21"", ""Smu1"", ""Cops5"", ""Mrpl57"", ""Etf1"", ""Mphosph10"", ""Nsmce4a"", ""Abcf2"", ""Sf3b5"", ""Psmd6"", ""Phf5a"", ""Rpa1"", ""Ndufb8"", ""Gtf2f1"", ""E2f4"", ""Ltv1"", ""Tubg1"", ""Mrto4"", ""Cct2"", ""Mrps28"", ""Pwp1"", ""Polr2j"", ""Rabggtb"", ""Nifk"", ""Rbm17"", ""Pfdn1"", ""Ccdc124"", ""Nars"", ""Psmd12"", ""Sf3b6"", ""Sf3a3"", ""Prpf38a"", 
""Vdac1"", ""Rps19bp1"", ""Aars"", ""Nmd3"", ""Smarca5"", ""Chchd1"", ""Eif3g"", ""Psma7"", ""Thoc7"", ""Morf4l2"", ""Cdc34"", ""Emc8"", ""Ftsj3"", ""Ebna1bp2"", ""Hnrnpa1"", ""Slirp"", ""Ddx1"", ""Psma5"", ""Prep"", ""Syncrip"", ""Utp18"", ""Ssna1"", ""Psmd14"", ""Pno1"", ""Rsl24d1"", ""Srrm1"", ""Sf3b4"", ""Mrps17"", ""Sf3a2"", ""Stip1"", ""Ppp1r8"", ""Polr2c"", ""Mrpl51"", ""Nudc"", ""Clpp"", ""Psmd1"", ""Kpna3"", ""Mrpl36"", ""Rrp9"", ""Eif4h"", ""Fcf1"", ""Cfdp1"", ""Tomm20"", ""Serbp1"", ""Get4"", ""Gpn3"", ""Aasdhppt"", ""Cdc123"", ""Psmb4"", ""Ak2"", ""Adh5"", ""Wdr46"", ""Cyb5b"", ""Pin1"", ""Oxsr1"", 
""Ssbp1"", ""Eif2b1"", ""Txnl1"", ""Psmd7"", ""Usp39"", ""Rbmx2"", ""Cdc16"", ""Nop9"", ""Ilf2"", ""Ywhaq"", ""Mrps25"", ""Denr"", ""Prpf19"", ""Sf3b2"", ""Abce1"", ""Usp14"")"
"24","GOBP_ATP_SYNTHESIS_COUPLED_ELECTRON_TRANSPORT","1.42355032637442e-07","1.67426949610118e-05","0.690132458796796","-0.742394846439476","-2.1865486495505","42","c(""Cycs"", ""Cox7a2"", ""Uqcr10"", ""Cox6a1"", ""Dnajc15"", ""Cox7c"", ""Cox7b"", ""Sdhb"", ""Uqcrb"", ""Ndufa12"", ""Ndufs6"", ""Cox5b"", ""Uqcr11"", ""Ndufb6"", ""Ccnb1"", ""Ndufc2"", ""Ndufb8"", ""Cdk1"", ""Bid"", ""Cyc1"", ""Uqcrfs1"", ""Ndufv1"", ""Ndufs8"", ""Cox8a"", ""Chchd2"", ""Dld"", ""Uqcrq"", ""Ndufv2"", ""Ndufs7"", ""mt-Nd1"")"
"25","GOBP_ATP_BIOSYNTHETIC_PROCESS","1.44227497219425e-08","2.24644072020418e-06","0.747739663149885","-0.711432126849588","-2.17529879305715","51","c(""Atp5e"", ""Atp5k"", ""Atp5g3"", ""Atp5j"", ""Atp5j2"", ""Atp5h"", ""Atp5b"", ""Ndufa5"", ""Sdhb"", ""Ndufb4"", ""Atp5o"", ""Atp5g1"", ""Ndufc1"", ""Ndufa12"", ""Ndufs6"", ""Ndufb7"", ""Atp5l"", ""Ndufb2"", ""Ndufab1"", ""Ndufb6"", ""Atp5a1"", ""Atp5c1"", ""Aldoa"", ""Ndufc2"", ""Ndufb8"")"
"26","GOCC_CATALYTIC_STEP_2_SPLICEOSOME","1.50259997268102e-07","1.73189672851215e-05","0.690132458796796","-0.713812826043865","-2.16749836413523","49","c(""Hnrnpa3"", ""Snrpf"", ""Snrpg"", ""U2af1"", ""Alyref"", ""Eif4a3"", ""Lsm7"", ""Hnrnpm"", ""Snrpd2"", ""Magoh"", ""Rbm8a"", ""Snrpb"", ""Lsm2"", ""Hnrnpu"", ""Hnrnpa2b1"", ""Snrpa1"", ""Snrnp40"", ""Snrpb2"", ""Raly"", ""Snrpd1"", ""Lsm3"", ""Snrpd3"", ""Bcas2"", ""Sf3b6"", ""Sf3a3"", ""Hnrnpa1"", ""Syncrip"", ""Isy1"", ""Srrm1"", ""Sf3a2"", ""Pnn"")"
"27","GOCC_PROTEASOME_COMPLEX","3.31578336505099e-07","3.23878975132015e-05","0.674962860011025","-0.74845180107099","-2.16003051713616","36","c(""Psma2"", ""Psma6"", ""Psmb3"", ""Psmc4"", ""Psmb6"", ""Psma1"", ""Rad23a"", ""Psmc2"", ""Psmb2"", ""Psmc5"", ""Psmb7"", ""Psma4"", ""Psmd2"", ""Psmd13"", ""Psmd3"", ""Psma3"", ""Psmc3"", ""Uchl5"", ""Psmd6"", ""Psmc6"", ""Psmd12"", ""Psmb5"", ""Psma7"", ""Psma5"", ""Psmd14"", ""Psmd1"", ""Psmb4"", ""Txnl1"", ""Psmd7"", ""Psmb9"", ""Usp14"")"
"28","REACTOME_RESPIRATORY_ELECTRON_TRANSPORT","3.39169912172342e-07","3.25772700641535e-05","0.674962860011025","-0.732863884483698","-2.15847745254089","42","c(""Cycs"", ""Uqcr10"", ""Cox6a1"", ""Cox7c"", ""Ndufa5"", ""Cox7b"", ""Ndufb4"", ""Uqcrb"", ""Ndufc1"", ""Ndufa12"", ""Ndufs6"", ""Ndufb7"", ""Cox5b"", ""Ndufb2"", ""Ndufa4"", ""Uqcr11"", ""Ndufab1"", ""Ndufb6"", ""Ndufaf4"", ""Ndufc2"", ""Ndufb8"", ""Etfa"", ""Cyc1"", ""Uqcrfs1"", ""Ndufv1"", ""Ndufs8"", ""Cox8a"", ""Ndufa9"", ""Uqcrq"", ""Ndufv2"", ""Ndufs7"", ""mt-Nd1"")"
"29","REACTOME_CELL_CYCLE_CHECKPOINTS","1.09546922333318e-11","3.94574320879318e-09","0.875325132024659","-0.575647423585384","-2.15847405380855","165","c(""Dynll1"", ""Psma2"", ""Psma6"", ""Psmb3"", ""Psmc4"", ""Ubb"", ""Psmb6"", ""Psma1"", ""Ube2s"", ""Rpa3"", ""Psmc2"", ""Ccnb2"", ""Psmb2"", ""Psmc5"", ""Ccna2"", ""Ccne2"", ""Ube2n"", ""Bub3"", ""Ywhae"", ""Psmb7"", ""Psme2"", ""Psma4"", ""Psmd2"", ""Cenpf"", ""Ccnb1"", ""Psmd13"", ""Mcm5"", ""Psmd3"", ""Psma3"", ""Psmc3"", ""Sec13"", ""Ccne1"", ""Cenpa"", ""Mcm7"", ""Psmd6"", ""Rpa1"", ""Rcc2"", ""Cdk1"", ""Cenpk"", ""Mad1l1"", ""Psmc6"", ""Psmd12"", ""Psmb5"", ""Chek1"", ""Psma7"", ""Spc25"", ""Cdc20"", ""Orc6"", ""Cenpe"", ""Mad2l1"", ""Psma5"", ""Cenpp"", ""Cdc45"", ""Ska2"", ""Bard1"", ""Ube2c"", ""Anapc15"", 
""Psmd14"", ""Rfc3"", ""Anapc5"", ""Mcm4"", ""Nudc"", ""Ska1"", ""Psmd1"", ""Seh1l"", ""Ndc80"", ""Plk1"", ""Spdl1"", ""Nup43"", ""Psmb4"", ""Brcc3"", ""Rmi2"", ""Rfc4"", ""Aurkb"", ""Cenpl"", ""Kif18a"", ""Spc24"", ""Cdk2"", ""Psmd7"", ""Dbf4"", ""Dynll2"", ""Cdc16"", ""Orc1"", ""Ckap5"", ""Rhno1"", ""Nde1"", ""Ywhaq"", ""Rfc5"", ""Nup37"", ""Rangap1"")"
"30","GOCC_U2_TYPE_SPLICEOSOMAL_COMPLEX","2.47852514802548e-07","2.69504536378695e-05","0.674962860011025","-0.708503693605372","-2.15137714095801","49","c(""Snrpf"", ""Snrpg"", ""Eif4a3"", ""Lsm7"", ""Snrpd2"", ""Lsm5"", ""Lsm4"", ""Rbm8a"", ""Snrpb"", ""Lsm6"", ""Lsm2"", ""Snrpa1"", ""Snrnp40"", ""U2af2"", ""Snrpb2"", ""Snrpd1"", ""Lsm3"", ""Snrpd3"", ""Smu1"", ""Bcas2"", ""Sf3b5"", ""Phf5a"", ""Txnl4a"", ""Sf3b6"", ""Sf3a3"", ""Prpf38a"", ""Isy1"", ""Lsm8"", ""Sf3b4"", ""Prpf40a"", ""Sf3a2"")"
"31","REACTOME_DNA_REPLICATION_PRE_INITIATION","2.93006929161873e-07","3.01994104784179e-05","0.674962860011025","-0.64266987696471","-2.14028043880419","71","c(""Psma2"", ""Psma6"", ""Psmb3"", ""Psmc4"", ""Ubb"", ""Psmb6"", ""Pole4"", ""Psma1"", ""Ube2s"", ""Rpa3"", ""Psmc2"", ""Psmb2"", ""Psmc5"", ""Psmb7"", ""Psme2"", ""Psma4"", ""Psmd2"", ""Psmd13"", ""Mcm5"", ""Psmd3"", ""Psma3"", ""Psmc3"", ""Mcm7"", ""Psmd6"", ""Rpa1"", ""Psmc6"", ""Psmd12"", ""Psmb5"", ""Psma7"", ""Gmnn"", ""Orc6"", ""Psma5"", ""Cdc45"", ""Ube2c"", ""Anapc15"", ""Psmd14"", ""Anapc5"", ""Mcm4"", ""Psmd1"", ""Psmb4"", ""Pole2"", ""Cdk2"", ""Psmd7"", ""Dbf4"", ""Cdc16"", ""Orc1"", ""Pola1"")"
"32","REACTOME_G2_M_CHECKPOINTS","6.54102340017344e-08","8.5672540579999e-06","0.704975715167238","-0.610049283087488","-2.13514254527499","89","c(""Psma2"", ""Psma6"", ""Psmb3"", ""Psmc4"", ""Ubb"", ""Psmb6"", ""Psma1"", ""Rpa3"", ""Psmc2"", ""Ccnb2"", ""Psmb2"", ""Psmc5"", ""Ube2n"", ""Ywhae"", ""Psmb7"", ""Psme2"", ""Psma4"", ""Psmd2"", ""Ccnb1"", ""Psmd13"", ""Mcm5"", ""Psmd3"", ""Psma3"", ""Psmc3"", ""Mcm7"", ""Psmd6"", ""Rpa1"", ""Cdk1"", ""Psmc6"", ""Psmd12"", ""Psmb5"", ""Chek1"", ""Psma7"", ""Orc6"", ""Psma5"", ""Cdc45"", ""Bard1"", ""Psmd14"", ""Rfc3"", ""Mcm4"", ""Psmd1"", ""Psmb4"", ""Brcc3"", ""Rmi2"", ""Rfc4"", ""Cdk2"", ""Psmd7"", ""Dbf4"", ""Orc1"", ""Rhno1"", ""Ywhaq"", ""Rfc5"")"
"33","GOBP_ELECTRON_TRANSPORT_CHAIN","5.31063744534967e-08","7.1174892087326e-06","0.719512826338911","-0.698144243142396","-2.13466931302714","51","c(""Cycs"", ""Cox7a2"", ""Uqcr10"", ""Cox6a1"", ""Dnajc15"", ""Cox7c"", ""Ndufa5"", ""Cox7b"", ""Sdhb"", ""Uqcrb"", ""Ndufa12"", ""Ndufs6"", ""Cox5b"", ""Uqcr11"", ""Ndufb6"", ""Ccnb1"", ""Ndufc2"", ""Ndufb8"", ""Cdk1"", ""Bid"", ""Etfa"", ""Cyc1"", ""Uqcrfs1"", ""Ndufv1"", ""Ndufs8"", ""Cox8a"", ""Chchd2"", ""Fdx1"", ""Dld"", ""Uqcrq"", ""Ndufv2"", ""Ndufs7"", ""mt-Nd1"")"
"34","GOBP_AEROBIC_ELECTRON_TRANSPORT_CHAIN","2.93452539786813e-07","3.01994104784179e-05","0.674962860011025","-0.752339801548011","-2.12951756080805","34","c(""Cycs"", ""Cox7a2"", ""Uqcr10"", ""Cox6a1"", ""Dnajc15"", ""Cox7c"", ""Cox7b"", ""Sdhb"", ""Uqcrb"", ""Ndufs6"", ""Cox5b"", ""Uqcr11"", ""Ndufb6"", ""Ndufc2"", ""Ndufb8"", ""Cyc1"", ""Uqcrfs1"", ""Ndufv1"", ""Ndufs8"", ""Cox8a"", ""Dld"", ""Uqcrq"", ""Ndufv2"", ""Ndufs7"", ""mt-Nd1"")"
"35","REACTOME_APC_C_MEDIATED_DEGRADATION_OF_CELL_CYCLE_PROTEINS","2.15772942698045e-07","2.4382342524879e-05","0.690132458796796","-0.674257522241114","-2.12449678074596","58","c(""Psma2"", ""Psma6"", ""Psmb3"", ""Psmc4"", ""Ubb"", ""Psmb6"", ""Psma1"", ""Ube2s"", ""Psmc2"", ""Psmb2"", ""Psmc5"", ""Ccna2"", ""Bub3"", ""Psmb7"", ""Psme2"", ""Psma4"", ""Psmd2"", ""Ccnb1"", ""Psmd13"", ""Psmd3"", ""Psma3"", ""Psmc3"", ""Psmd6"", ""Cdk1"", ""Nek2"", ""Psmc6"", ""Psmd12"", ""Psmb5"", ""Psma7"", ""Cdc20"", ""Mad2l1"", ""Psma5"", ""Fbxo5"", ""Ube2c"", ""Anapc15"", ""Psmd14"", ""Anapc5"", ""Psmd1"", ""Plk1"", ""Psmb4"", ""Aurkb"", ""Cdk2"", ""Psmd7"", ""Cdc16"")"
"36","REACTOME_REGULATION_OF_MRNA_STABILITY_BY_PROTEINS_THAT_BIND_AU_RICH_ELEMENTS","3.08117446178843e-07","3.11522954794504e-05","0.674962860011025","-0.674420369668008","-2.11546367344837","55","c(""Hnrnpd"", ""Psma2"", ""Zfp36l1"", ""Psma6"", ""Psmb3"", ""Psmc4"", ""Ubb"", ""Set"", ""Psmb6"", ""Psma1"", ""Anp32a"", ""Exosc3"", ""Psmc2"", ""Psmb2"", ""Psmc5"", ""Psmb7"", ""Psme2"", ""Psma4"", ""Psmd2"", ""Psmd13"", ""Psmd3"", ""Psma3"", ""Psmc3"", ""Psmd6"", ""Psmc6"", ""Psmd12"", ""Psmb5"", ""Psma7"", ""Psma5"", ""Psmd14"", ""Exosc2"", ""Psmd1"")"
"37","BURTON_ADIPOGENESIS_3","1.02575767862727e-07","1.25775351104872e-05","0.704975715167238","-0.608084461923845","-2.11540858218038","87","c(""Pcna"", ""Rrm2"", ""Cdca7"", ""Hmgb2"", ""Kpna2"", ""Top2a"", ""Hells"", ""Ccnb2"", ""Nusap1"", ""Ccne2"", ""Dlgap5"", ""Phb2"", ""Slbp"", ""Lmo4"", ""Ccnb1"", ""Mcm5"", ""Nasp"", ""Birc5"", ""Mcm7"", ""Kif11"", ""Cdk1"", ""Cenpk"", ""Mki67"", ""Tcf19"", ""Ccnf"", ""Tacc3"", ""Racgap1"", ""Cdc20"", ""E2f8"", ""Usp1"", ""Ezh2"", ""Mad2l1"", ""Cdc45"", ""Prc1"", ""Kif22"", ""Rad51ap1"", ""Asf1b"", ""Mcm4"", ""Plk1"", ""Smc2"", ""Rnaseh2c"", ""Ilf2"", ""Rrm1"", ""Pola1"", ""Rfc5"", ""Ncaph"", ""Il13ra1"", ""Ttk"", ""Fignl1"", ""Aurka"", ""Cdca8"", ""Cdc6"", ""Abca1"", ""Rad51"", ""Mcm2"")"
"38","REACTOME_ACTIVATION_OF_APC_C_AND_APC_C_CDC20_MEDIATED_DEGRADATION_OF_MITOTIC_PROTEINS","1.08809745811997e-07","1.30639701065529e-05","0.704975715167238","-0.691203333987531","-2.11344655580621","51","c(""Psma2"", ""Psma6"", ""Psmb3"", ""Psmc4"", ""Ubb"", ""Psmb6"", ""Psma1"", ""Ube2s"", ""Psmc2"", ""Psmb2"", ""Psmc5"", ""Ccna2"", ""Bub3"", ""Psmb7"", ""Psme2"", ""Psma4"", ""Psmd2"", ""Ccnb1"", ""Psmd13"", ""Psmd3"", ""Psma3"", ""Psmc3"", ""Psmd6"", ""Cdk1"", ""Nek2"", ""Psmc6"", ""Psmd12"", ""Psmb5"", ""Psma7"", ""Cdc20"", ""Mad2l1"", ""Psma5"", ""Ube2c"", ""Anapc15"", ""Psmd14"", ""Anapc5"", ""Psmd1"", ""Plk1"", ""Psmb4"")"
"39","GOBP_NUCLEOSIDE_TRIPHOSPHATE_BIOSYNTHETIC_PROCESS","2.2096519676418e-07","2.44888928644609e-05","0.690132458796796","-0.659730203885795","-2.10563048223565","63","c(""Atp5e"", ""Atp5k"", ""Atp5g3"", ""Atp5j"", ""Atp5j2"", ""Atp5h"", ""Atp5b"", ""Ndufa5"", ""Nme1"", ""Sdhb"", ""Ndufb4"", ""Atp5o"", ""Atp5g1"", ""Ndufc1"", ""Ndufa12"", ""Ndufs6"", ""Ndufb7"", ""Atp5l"", ""Ndufb2"", ""Nme2"", ""Ndufab1"", ""Ndufb6"", ""Atp5a1"", ""Atp5c1"", ""Aldoa"", ""Ndufc2"", ""Ctps"", ""Ndufb8"")"
"40","GOBP_PROTON_TRANSMEMBRANE_TRANSPORT","1.81308567310703e-06","0.000130610159176448","0.643551836150722","-0.761868171103646","-2.09783215202793","31","c(""Atp5e"", ""Atp5k"", ""Atp5g3"", ""Atp5j"", ""Atp5j2"", ""Atp5h"", ""Tesc"", ""Atp5b"", ""Atp5o"", ""Atp5g1"", ""Atp5l"", ""Ndufa4"", ""Phb2"", ""Atp5a1"", ""Atp5c1"")"
"41","REACTOME_S_PHASE","1.92256574589786e-08","2.84096061374599e-06","0.73376198835648","-0.588882058979018","-2.09648566438898","105","c(""Psma2"", ""Pcna"", ""Psma6"", ""Psmb3"", ""Psmc4"", ""Ubb"", ""Psmb6"", ""Pole4"", ""Psma1"", ""Ube2s"", ""Lig1"", ""Rpa3"", ""Psmc2"", ""Psmb2"", ""Psmc5"", ""Ccna2"", ""Ccne2"", ""Psmb7"", ""Psme2"", ""Psma4"", ""Psmd2"", ""Psmd13"", ""Mcm5"", ""Psmd3"", ""Psma3"", ""Psmc3"", ""Rad21"", ""Ccne1"", ""Mcm7"", ""Psmd6"", ""Rpa1"", ""Psmc6"", ""Gins1"", ""Psmd12"", ""Psmb5"", ""Psma7"", ""Stag2"", ""Gmnn"", ""Orc6"", ""Psma5"", ""Ube2c"", ""Anapc15"", ""Psmd14"", ""Rfc3"", ""Anapc5"", ""Mcm4"", ""Psmd1"", ""Psmb4"", ""Rfc4"", ""Pole2"", ""Cdk2"", ""Psmd7"", ""Cdc16"", ""Orc1"", ""Pola1"", ""Esco2"", ""Rfc5""
)"
"42","WP_PROTEASOME_DEGRADATION","2.3689134439432e-06","0.000158744746249356","0.627256739718528","-0.759350358951787","-2.09089926326151","31","c(""Psma2"", ""Psma6"", ""Psmc4"", ""Ubb"", ""Psmb6"", ""Psmc2"", ""Psmb2"", ""Psmc5"", ""Psmb7"", ""Psme2"", ""Psma4"", ""Psmd2"", ""Psmd13"", ""Psmd3"", ""Psma3"", ""Psmc3"", ""Rpn2"", ""Psmd6"", ""Psmc6"", ""Psmd12"", ""Psmb5"", ""Psma7"", ""Psma5"")"
"43","HALLMARK_MYC_TARGETS_V1","4.84749540183416e-11","1.39680580003851e-08","0.851339057116899","-0.557278889069443","-2.07990988801816","178","c(""Hnrnpa3"", ""Ppia"", ""Ldha"", ""Eif4a1"", ""Srsf3"", ""Cbx3"", ""Srsf2"", ""Hnrnpd"", ""Snrpg"", ""Dut"", ""Psma2"", ""Dek"", ""Pcna"", ""Psma6"", ""Nme1"", ""Ap3s1"", ""Pgk1"", ""Srsf7"", ""Cnbp"", ""Eif2s2"", ""Ddx18"", ""Psmb3"", ""Ran"", ""Psmc4"", ""Ranbp1"", ""Snrpd2"", ""Eif3j1"", ""Phb"", ""Psma1"", ""Eif2s1"", ""Lsm2"", ""Hnrnpu"", ""Fbl"", ""Hnrnpa2b1"", ""Snrpa1"", ""Psmb2"", ""Cct5"", ""Ccna2"", ""Uba2"", ""Bub3"", ""G3bp1"", ""Srm"", ""Glo1"", ""Cct7"", ""Ywhae"", ""Prps2"", ""Ndufab1"", ""Snrpb2"", ""Phb2"", ""Psma4"", ""Nhp2"", ""Rsl1d1"", ""Snrpd1"", ""Ifrd1"", ""Nop56"", ""Odc1"", ""Gspt1"", 
""Mcm5"", ""Pcbp1"", ""Psmd3"", ""Snrpd3"", ""Cops5"", ""Etf1"", ""Aimp2"", ""Mcm7"", ""Hspd1"", ""Ctps"", ""Ppm1g"", ""Ssb"", ""Cct2"", ""Pwp1"", ""Cct3"", ""Ddx21"", ""Txnl4a"", ""Psmc6"", ""C1qbp"", ""Xrcc6"", ""Vdac1"", ""Gnl3"", ""Psma7"", ""Cyc1"", ""Cdc20"", ""Hnrnpa1"", ""Usp1"", ""Eif4e"", ""Mrpl23"", ""Mad2l1"", ""Prdx4"", ""Cdc45"", ""Syncrip"", ""Hprt"", ""Psmd14"")"
"44","REACTOME_RNA_POLYMERASE_II_TRANSCRIPTION_TERMINATION","1.10150059717936e-06","8.66557572700469e-05","0.643551836150722","-0.764934749770857","-2.07590375223456","29","c(""Srsf3"", ""Snrpf"", ""Srsf2"", ""Snrpg"", ""U2af1"", ""Alyref"", ""Eif4a3"", ""Srsf7"", ""Magoh"", ""Rbm8a"", ""Snrpb"", ""U2af2"", ""Ddx39b"", ""Slbp"", ""Srsf9"", ""Snrpd3"")"
"45","REACTOME_SWITCHING_OF_ORIGINS_TO_A_POST_REPLICATIVE_STATE","6.08971055626732e-07","5.23805999041322e-05","0.659444398037935","-0.656583442861343","-2.07476249185794","62","c(""Psma2"", ""Psma6"", ""Psmb3"", ""Psmc4"", ""Ubb"", ""Psmb6"", ""Psma1"", ""Ube2s"", ""Psmc2"", ""Psmb2"", ""Psmc5"", ""Ccna2"", ""Ccne2"", ""Psmb7"", ""Psme2"", ""Psma4"", ""Psmd2"", ""Psmd13"", ""Mcm5"", ""Psmd3"", ""Psma3"", ""Psmc3"", ""Ccne1"", ""Mcm7"", ""Psmd6"", ""Psmc6"", ""Psmd12"", ""Psmb5"", ""Psma7"", ""Gmnn"", ""Orc6"", ""Psma5"", ""Ube2c"", ""Anapc15"", ""Psmd14"", ""Anapc5"", ""Mcm4"", ""Psmd1"", ""Psmb4"", ""Cdk2"", ""Psmd7"", ""Cdc16"", ""Orc1"")"
"46","WP_OXIDATIVE_PHOSPHORYLATION","3.48448614013442e-06","0.000218272756799942","0.627256739718528","-0.752620264154826","-2.07236769863294","31","c(""Atp5e"", ""Atp5g3"", ""Atp5j"", ""Atp5j2"", ""Atp5h"", ""Atp5b"", ""Ndufa5"", ""Atp5o"", ""Atp5g1"", ""Ndufc1"", ""Ndufs6"", ""Ndufb7"", ""Atp5l"", ""Ndufb2"", ""Ndufb6"", ""Atp5a1"", ""Ndufc2"", ""Ndufb8"", ""Ndufv1"", ""Ndufs8"", ""Atp5d"", ""Ndufa9"", ""Ndufv2"", ""Ndufs7"", ""mt-Nd1"")"
"47","GOBP_MRNA_METABOLIC_PROCESS","5.10930750140192e-12","2.31857462212419e-09","0.887074988399873","-0.53901175405269","-2.06911807698688","214","c(""Hnrnpa3"", ""Srsf3"", ""Ybx1"", ""Snrpf"", ""Srsf2"", ""Hnrnpd"", ""Snrpg"", ""Zfp36l1"", ""U2af1"", ""Alyref"", ""Eif4a3"", ""Srsf7"", ""Lsm7"", ""Hnrnpdl"", ""Ncl"", ""Hnrnpm"", ""Sap18"", ""Snrpd2"", ""Larp7"", ""Lsm5"", ""Lsm4"", ""Magoh"", ""Hnrnpab"", ""Rbm8a"", ""Snrpb"", ""Strap"", ""Lsm6"", ""Lsm2"", ""Hnrnpu"", ""Exosc3"", ""Rbm3"", ""Hnrnpa2b1"", ""Snrpa1"", ""Snrnp40"", ""Rbmxl1"", ""Snrpc"", ""U2af2"", ""Snrpb2"", ""Sfpq"", ""Ddx39b"", ""Slbp"", ""Srsf10"", ""Raly"", ""Snrpd1"", ""Srsf6"", ""Srsf9"", ""Ccnb1"", ""Gspt1"", ""Pcbp1"", ""Lsm3"", ""Snrpd3"", ""Dkc1"", ""Smu1"", ""Bcas2"", 
""Etf1"", ""Dazap1"", ""Sf3b5"", ""Phf5a"", ""Ssb"", ""Mrto4"", ""Taf3"", ""Atf1"", ""Txnl4a"", ""Trmt61a"", ""Rbm17"", ""Sf3b6"", ""C1qbp"", ""Sf3a3"", ""Prpf38a"", ""Thoc7"", ""Hnrnpa1"", ""Trmt6"", ""Slirp"", ""Ddx1"", ""Leo1"", ""Smn1"", ""Syncrip"", ""Thoc6"", ""Isy1"", ""Wbp11"", ""Lsm8"", ""Nsun2"", ""Srrm1"", ""Psip1"", ""Sf3b4"", ""Prpf40a"", ""Sf3a2"", ""Pnn"", ""Ppp1r8"", ""Exosc2"", ""Ptbp1"")"
"48","REACTOME_G1_S_TRANSITION","7.5272149529736e-07","6.19704853914098e-05","0.659444398037935","-0.620675453226685","-2.06907054745559","73","c(""Psma2"", ""Psma6"", ""Psmb3"", ""Psmc4"", ""Ubb"", ""Psmb6"", ""Pole4"", ""Psma1"", ""Rpa3"", ""Psmc2"", ""Psmb2"", ""Psmc5"", ""Ccna2"", ""Ccne2"", ""Psmb7"", ""Psme2"", ""Psma4"", ""Psmd2"", ""Psmd13"", ""Mcm5"", ""Psmd3"", ""Psma3"", ""Psmc3"", ""Ccne1"", ""Mcm7"", ""Psmd6"", ""Rpa1"", ""Psmc6"", ""Psmd12"", ""Psmb5"", ""Psma7"", ""Gmnn"", ""Orc6"", ""Psma5"", ""Cdc45"", ""Psmd14"", ""Mcm4"", ""Psmd1"", ""Psmb4"", ""Pole2"", ""Cdk2"", ""Psmd7"", ""Dbf4"")"
"49","GOBP_ATP_METABOLIC_PROCESS","2.75377266144926e-07","2.93888737924668e-05","0.674962860011025","-0.66074150066586","-2.0673387139135","59","c(""Atp5e"", ""Atp5k"", ""Atp5g3"", ""Atp5j"", ""Atp5j2"", ""Atp5h"", ""Atp5b"", ""Ndufa5"", ""Sdhb"", ""Ndufb4"", ""Atp5o"", ""Atp5g1"", ""Ndufc1"", ""Ndufa12"", ""Ndufs6"", ""Ndufb7"", ""Atp5l"", ""Ndufb2"", ""Ndufab1"", ""Ndufb6"", ""Atp5a1"", ""Atp5c1"", ""Aldoa"", ""Ndufc2"", ""Ola1"", ""Ndufb8"")"
"50","YAO_TEMPORAL_RESPONSE_TO_PROGESTERONE_CLUSTER_10","3.32165726939126e-06","0.00021269678715002","0.627256739718528","-0.738177536239418","-2.06690677050193","33","c(""Hnrnpa3"", ""Ldha"", ""Dynll1"", ""Pcna"", ""Polr2l"", ""Cacybp"", ""Cct7"", ""Psma4"", ""Prdx1"", ""Bola2"", ""Rpn2"", ""Ssb"", ""Atf1"", ""Grwd1"", ""Sf3a3"", ""Polr2f"", ""Eif3g"", ""Vdac2"", ""Fkbp4"", ""Mrpl40"", ""Nsun2"")"
"51","GOBP_NUCLEOSIDE_TRIPHOSPHATE_METABOLIC_PROCESS","4.53851276134769e-07","4.15088854344108e-05","0.674962860011025","-0.604624627301981","-2.06576811658415","82","c(""Atp5e"", ""Atp5k"", ""Atp5g3"", ""Atp5j"", ""Atp5j2"", ""Atp5h"", ""Dut"", ""Atp5b"", ""Ndufa5"", ""Nme1"", ""Sdhb"", ""Ndufb4"", ""Ran"", ""Atp5o"", ""Atp5g1"", ""Ndufc1"", ""Ndufa12"", ""Ndufs6"", ""Ndufb7"", ""Atp5l"", ""Ndufb2"", ""Nme2"", ""Ndufab1"", ""Ndufb6"", ""Atp5a1"", ""Ada"", ""Atp5c1"", ""Aldoa"", ""Ndufc2"", ""Ola1"", ""Ctps"", ""Samhd1"", ""Ndufb8"")"
"52","GOCC_SM_LIKE_PROTEIN_FAMILY_COMPLEX","7.018528139218e-07","5.94820259798725e-05","0.659444398037935","-0.669757884359209","-2.06322420608574","52","c(""Snrpf"", ""Snrpg"", ""Lsm7"", ""Snrpd2"", ""Larp7"", ""Lsm5"", ""Lsm4"", ""Snrpb"", ""Strap"", ""Lsm6"", ""Lsm2"", ""Snrpa1"", ""Snrnp40"", ""Snrpc"", ""Snrpb2"", ""Ddx39b"", ""Snrpd1"", ""Lsm3"", ""Snrpd3"", ""Sf3b5"", ""Phf5a"", ""Txnl4a"", ""Sf3b6"", ""Sf3a3"", ""Ppih"", ""Smn1"", ""Lsm8"", ""Sf3b4"", ""Prpf40a"", ""Sf3a2"", ""Nolc1"", ""Fmr1"", ""Usp39"", ""Rbmx2"", ""Sf3b2"", ""Eftud2"", ""Clns1a"")"
"53","REACTOME_TCR_SIGNALING","1.13142991783106e-06","8.6939074886139e-05","0.643551836150722","-0.63768933674796","-2.06104138951492","65","c(""Ptprc"", ""Cd3d"", ""Nfkbia"", ""Cd4"", ""Cd3e"", ""Psma2"", ""Psma6"", ""Psmb3"", ""Psmc4"", ""Ubb"", ""Psmb6"", ""Psma1"", ""Lat"", ""Psmc2"", ""Psmb2"", ""Psmc5"", ""Ube2n"", ""Psmb7"", ""Psme2"", ""Psma4"", ""Psmd2"", ""Bcl10"", ""Psmd13"", ""Psmd3"", ""Psma3"", ""Psmc3"", ""Psmd6"", ""Psmc6"", ""Psmd12"", ""Psmb5"", ""Psma7"", ""Cdc34"", ""Psma5"", ""Pak1"", ""Psmd14"")"
"54","REACTOME_AUF1_HNRNP_D0_BINDS_AND_DESTABILIZES_MRNA","5.58822861201085e-06","0.00032530264132342","0.610526878385931","-0.704465375300402","-2.05465212299418","39","c(""Hnrnpd"", ""Psma2"", ""Psma6"", ""Psmb3"", ""Psmc4"", ""Ubb"", ""Psmb6"", ""Psma1"", ""Psmc2"", ""Psmb2"", ""Psmc5"", ""Psmb7"", ""Psme2"", ""Psma4"", ""Psmd2"", ""Psmd13"", ""Psmd3"", ""Psma3"", ""Psmc3"", ""Psmd6"", ""Psmc6"", ""Psmd12"", ""Psmb5"", ""Psma7"", ""Psma5"", ""Psmd14"")"
"55","MORI_LARGE_PRE_BII_LYMPHOCYTE_UP","8.69737078164052e-07","7.05957011473159e-05","0.659444398037935","-0.610706360048437","-2.05266250452976","77","c(""Hmgn2"", ""Tuba1a"", ""Tubb5"", ""Hmgb1"", ""Alyref"", ""Rrm2"", ""Cdca7"", ""Calm2"", ""Ran"", ""Tubb4b"", ""Hnrnpab"", ""Nucks1"", ""Kpna2"", ""Ube2s"", ""Lig1"", ""Top2a"", ""Ccnb2"", ""Ccna2"", ""Bub3"", ""Smc4"", ""Slc29a1"", ""Txn1"", ""Lmnb1"", ""Tmpo"", ""Slbp"", ""Ccnb1"", ""Cbx1"", ""Rad21"", ""Cenpa"", ""Mcm7"", ""Anp32e"", ""Cdk1"", ""Mki67"", ""Xrcc6"", ""Rbbp4"", ""Racgap1"", ""Cdc20"", ""Cdca3"", ""E2f8"", ""Cenpe"", ""Prdx4"", ""Prc1"", ""Kif22"", ""Anapc5"", ""Asf1b"", ""Ndc80"", ""Cdkn2c"", ""Cenpl"", ""Smc2"", ""Kif23"", ""Hjurp"", ""Rrm1"", ""Cmc2"", ""Cdkn3"", ""Ncaph"", ""Rangap1""
)"
"56","REACTOME_ASSEMBLY_OF_THE_PRE_REPLICATIVE_COMPLEX","1.46313415803237e-06","0.000110199142384829","0.643551836150722","-0.651838103157897","-2.05069389115078","56","c(""Psma2"", ""Psma6"", ""Psmb3"", ""Psmc4"", ""Ubb"", ""Psmb6"", ""Psma1"", ""Ube2s"", ""Psmc2"", ""Psmb2"", ""Psmc5"", ""Psmb7"", ""Psme2"", ""Psma4"", ""Psmd2"", ""Psmd13"", ""Mcm5"", ""Psmd3"", ""Psma3"", ""Psmc3"", ""Mcm7"", ""Psmd6"", ""Psmc6"", ""Psmd12"", ""Psmb5"", ""Psma7"", ""Gmnn"", ""Orc6"", ""Psma5"", ""Ube2c"", ""Anapc15"", ""Psmd14"", ""Anapc5"", ""Mcm4"", ""Psmd1"", ""Psmb4"", ""Psmd7"", ""Cdc16"", ""Orc1"")"
"57","REACTOME_CDK_MEDIATED_PHOSPHORYLATION_AND_REMOVAL_OF_CDC6","1.88102219845443e-06","0.000133831246045591","0.643551836150722","-0.677785622113575","-2.04955424349377","48","c(""Psma2"", ""Psma6"", ""Psmb3"", ""Psmc4"", ""Ubb"", ""Psmb6"", ""Psma1"", ""Ube2s"", ""Psmc2"", ""Psmb2"", ""Psmc5"", ""Ccna2"", ""Ccne2"", ""Psmb7"", ""Psme2"", ""Psma4"", ""Psmd2"", ""Psmd13"", ""Psmd3"", ""Psma3"", ""Psmc3"", ""Ccne1"", ""Psmd6"", ""Psmc6"", ""Psmd12"", ""Psmb5"", ""Psma7"", ""Psma5"", ""Ube2c"", ""Anapc15"", ""Psmd14"", ""Anapc5"", ""Psmd1"", ""Psmb4"", ""Cdk2"", ""Psmd7"", ""Cdc16"")"
"58","GOCC_PRECATALYTIC_SPLICEOSOME","6.05284177380742e-06","0.000338665312062642","0.610526878385931","-0.717425864680989","-2.0455815988896","35","c(""Snrpf"", ""Snrpg"", ""Lsm7"", ""Snrpd2"", ""Lsm5"", ""Lsm4"", ""Snrpb"", ""Lsm6"", ""Lsm2"", ""Snrpa1"", ""Snrpb2"", ""Snrpd1"", ""Lsm3"", ""Snrpd3"", ""Smu1"", ""Sf3b5"", ""Phf5a"", ""Txnl4a"", ""Sf3b6"", ""Sf3a3"", ""Prpf38a"", ""Lsm8"", ""Sf3b4"", ""Sf3a2"")"
"59","REACTOME_DOWNSTREAM_TCR_SIGNALING","5.0616995142993e-07","4.48778066167798e-05","0.659444398037935","-0.653184455936356","-2.04369410990976","59","c(""Cd3d"", ""Nfkbia"", ""Cd4"", ""Cd3e"", ""Psma2"", ""Psma6"", ""Psmb3"", ""Psmc4"", ""Ubb"", ""Psmb6"", ""Psma1"", ""Psmc2"", ""Psmb2"", ""Psmc5"", ""Ube2n"", ""Psmb7"", ""Psme2"", ""Psma4"", ""Psmd2"", ""Bcl10"", ""Psmd13"", ""Psmd3"", ""Psma3"", ""Psmc3"", ""Psmd6"", ""Psmc6"", ""Psmd12"", ""Psmb5"", ""Psma7"", ""Cdc34"", ""Psma5"", ""Psmd14"")"
"60","REACTOME_UBIQUITIN_MEDIATED_DEGRADATION_OF_PHOSPHORYLATED_CDC25A","7.26831271284525e-06","0.000387845242260437","0.610526878385931","-0.706802282634701","-2.03983008376467","36","c(""Psma2"", ""Psma6"", ""Psmb3"", ""Psmc4"", ""Ubb"", ""Psmb6"", ""Psma1"", ""Psmc2"", ""Psmb2"", ""Psmc5"", ""Psmb7"", ""Psme2"", ""Psma4"", ""Psmd2"", ""Psmd13"", ""Psmd3"", ""Psma3"", ""Psmc3"", ""Psmd6"", ""Psmc6"", ""Psmd12"", ""Psmb5"", ""Chek1"", ""Psma7"", ""Psma5"", ""Psmd14"")"
"61","REACTOME_MITOTIC_METAPHASE_AND_ANAPHASE","1.27902229105179e-08","2.04750151759208e-06","0.747739663149885","-0.55216854397937","-2.03949500312261","142","c(""Tuba1a"", ""Tuba1b"", ""Dynll1"", ""Psma2"", ""Psma6"", ""Tubb2a"", ""Banf1"", ""Psmb3"", ""Ran"", ""Psmc4"", ""Ubb"", ""Tubb4b"", ""Psmb6"", ""Psma1"", ""Ube2s"", ""Psmc2"", ""Ccnb2"", ""Psmb2"", ""Psmc5"", ""Bub3"", ""Psmb7"", ""Psme2"", ""Psma4"", ""Psmd2"", ""Lmnb1"", ""Tuba1c"", ""Cenpf"", ""Ccnb1"", ""Psmd13"", ""Psmd3"", ""Psma3"", ""Psmc3"", ""Sec13"", ""Rad21"", ""Cenpa"", ""Psmd6"", ""Rcc2"", ""Cdk1"", ""Cenpk"", ""Rcc1"", ""Tubb2b"", ""Lmna"", ""Mad1l1"", ""Psmc6"", ""Psmd12"", ""Psmb5"", ""Psma7"", ""Spc25"", ""Cdc20"", ""Stag2"", ""Cenpe"", ""Mad2l1"", ""Psma5"", ""Cenpp"", ""Ska2"", ""Fbxo5"", 
""Ube2c"", ""Anapc15"", ""Psmd14"", ""Anapc5"", ""Nudc"", ""Ska1"", ""Psmd1"", ""Seh1l"", ""Ndc80"", ""Plk1"", ""Spdl1"", ""Nup43"", ""Psmb4"", ""Aurkb"", ""Cenpl"", ""Kif18a"", ""Spc24"", ""Psmd7"", ""Dynll2"", ""Cdc16"", ""Ckap5"", ""Nde1"")"
"62","REACTOME_HEDGEHOG_OFF_STATE","2.13926739732624e-06","0.000148517392292932","0.627256739718528","-0.657315148935178","-2.03463040722775","53","c(""Tuba1a"", ""Tuba1b"", ""Psma2"", ""Psma6"", ""Tubb2a"", ""Psmb3"", ""Psmc4"", ""Ubb"", ""Tubb4b"", ""Psmb6"", ""Psma1"", ""Psmc2"", ""Psmb2"", ""Psmc5"", ""Psmb7"", ""Psme2"", ""Psma4"", ""Psmd2"", ""Tuba1c"", ""Psmd13"", ""Psmd3"", ""Psma3"", ""Psmc3"", ""Psmd6"", ""Tubb2b"", ""Psmc6"", ""Psmd12"", ""Psmb5"", ""Psma7"", ""Psma5"", ""Psmd14"")"
"63","REACTOME_KEAP1_NFE2L2_PATHWAY","8.74646443703653e-06","0.000442156794303873","0.593325476396405","-0.696573945242463","-2.03415753768372","38","c(""Psma2"", ""Psma6"", ""Psmb3"", ""Psmc4"", ""Ubb"", ""Psmb6"", ""Psma1"", ""Psmc2"", ""Psmb2"", ""Psmc5"", ""Psmb7"", ""Psme2"", ""Psma4"", ""Psmd2"", ""Psmd13"", ""Prdx1"", ""Psmd3"", ""Psma3"", ""Psmc3"", ""Psmd6"", ""Psmc6"", ""Psmd12"", ""Psmb5"", ""Psma7"", ""Psma5"", ""Psmd14"")"
"64","REACTOME_G1_S_DNA_DAMAGE_CHECKPOINTS","1.06269158564332e-05","0.000486670892268099","0.593325476396405","-0.690541940231076","-2.03382816315568","42","c(""Psma2"", ""Psma6"", ""Psmb3"", ""Psmc4"", ""Ubb"", ""Psmb6"", ""Psma1"", ""Psmc2"", ""Psmb2"", ""Psmc5"", ""Ccna2"", ""Ccne2"", ""Psmb7"", ""Psme2"", ""Psma4"", ""Psmd2"", ""Psmd13"", ""Psmd3"", ""Psma3"", ""Psmc3"", ""Ccne1"", ""Psmd6"", ""Psmc6"", ""Psmd12"", ""Psmb5"", ""Chek1"", ""Psma7"", ""Psma5"", ""Psmd14"", ""Psmd1"", ""Psmb4"", ""Cdk2"", ""Psmd7"")"
"65","REACTOME_FCERI_MEDIATED_NF_KB_ACTIVATION","5.06416780162251e-06","0.000300874216914954","0.610526878385931","-0.668079988310557","-2.02863023602441","49","c(""Nfkbia"", ""Psma2"", ""Psma6"", ""Psmb3"", ""Psmc4"", ""Ubb"", ""Psmb6"", ""Psma1"", ""Psmc2"", ""Psmb2"", ""Psmc5"", ""Ube2n"", ""Psmb7"", ""Psme2"", ""Psma4"", ""Psmd2"", ""Bcl10"", ""Psmd13"", ""Psmd3"", ""Psma3"", ""Psmc3"", ""Psmd6"", ""Psmc6"", ""Psmd12"", ""Psmb5"", ""Psma7"", ""Cdc34"", ""Psma5"", ""Psmd14"")"
"66","GOCC_RESPIRASOME","2.63068344023081e-06","0.000172279871205116","0.627256739718528","-0.685884477775447","-2.02845576096609","44","c(""Cox7a2"", ""Uqcr10"", ""Cox6a1"", ""Cox7c"", ""Ndufa5"", ""Cox7b"", ""Sdhb"", ""Ndufb4"", ""Uqcrb"", ""Higd1a"", ""Ndufc1"", ""Ndufa12"", ""Ndufs6"", ""Ndufb7"", ""Cox5b"", ""Ndufb2"", ""Ndufa4"", ""Uqcr11"", ""Ndufab1"", ""Ndufb6"", ""Ndufc2"", ""Ndufb8"", ""Cyc1"", ""Uqcrfs1"", ""Ndufv1"", ""Ndufs8"", ""Cox8a"", ""Ndufa9"", ""Uqcrq"", ""Ndufv2"", ""Ndufs7"", ""mt-Nd1"")"
"67","REACTOME_DEGRADATION_OF_BETA_CATENIN_BY_THE_DESTRUCTION_COMPLEX","1.03063239476768e-05","0.000482888983011884","0.593325476396405","-0.694350657060087","-2.02766502034868","38","c(""Lef1"", ""Psma2"", ""Psma6"", ""Psmb3"", ""Psmc4"", ""Ubb"", ""Psmb6"", ""Psma1"", ""Psmc2"", ""Psmb2"", ""Tcf7"", ""Psmc5"", ""Psmb7"", ""Psme2"", ""Psma4"", ""Psmd2"", ""Psmd13"", ""Psmd3"", ""Psma3"", ""Psmc3"", ""Psmd6"", ""Psmc6"", ""Psmd12"", ""Psmb5"", ""Psma7"", ""Psma5"", ""Psmd14"")"
"68","REACTOME_PCP_CE_PATHWAY","9.16248621404231e-06","0.000455201793547636","0.593325476396405","-0.710716632574245","-2.02645170350126","35","c(""Psma2"", ""Psma6"", ""Psmb3"", ""Psmc4"", ""Ubb"", ""Psmb6"", ""Psma1"", ""Cltb"", ""Psmc2"", ""Psmb2"", ""Psmc5"", ""Psmb7"", ""Psme2"", ""Psma4"", ""Psmd2"", ""Psmd13"", ""Psmd3"", ""Psma3"", ""Psmc3"", ""Psmd6"", ""Psmc6"", ""Psmd12"", ""Psmb5"", ""Psma7"", ""Psma5"", ""Psmd14"")"
"69","REACTOME_CELLULAR_RESPONSE_TO_HYPOXIA","1.06564950195404e-05","0.000486670892268099","0.593325476396405","-0.701927247980892","-2.02576074274731","36","c(""Psma2"", ""Psma6"", ""Psmb3"", ""Psmc4"", ""Ubb"", ""Psmb6"", ""Psma1"", ""Psmc2"", ""Psmb2"", ""Psmc5"", ""Psmb7"", ""Psme2"", ""Psma4"", ""Psmd2"", ""Psmd13"", ""Psmd3"", ""Psma3"", ""Psmc3"", ""Psmd6"", ""Psmc6"", ""Psmd12"", ""Psmb5"", ""Psma7"", ""Psma5"", ""Psmd14"")"
"70","REACTOME_DECTIN_1_MEDIATED_NONCANONICAL_NF_KB_SIGNALING","1.10862546474515e-05","0.000495399534366626","0.593325476396405","-0.693527180136665","-2.02526027667096","38","c(""Psma2"", ""Psma6"", ""Psmb3"", ""Psmc4"", ""Ubb"", ""Psmb6"", ""Psma1"", ""Psmc2"", ""Psmb2"", ""Psmc5"", ""Psmb7"", ""Psme2"", ""Psma4"", ""Psmd2"", ""Relb"", ""Psmd13"", ""Nfkb2"", ""Psmd3"", ""Psma3"", ""Psmc3"", ""Psmd6"", ""Psmc6"", ""Psmd12"", ""Psmb5"", ""Psma7"", ""Psma5"", ""Psmd14"")"
"71","REACTOME_APC_C_CDH1_MEDIATED_DEGRADATION_OF_CDC20_AND_OTHER_APC_C_CDH1_TARGETED_PROTEINS_IN_LATE_MITOSIS_EARLY_G1","3.44606275101611e-06","0.000218238017957207","0.627256739718528","-0.669624668778328","-2.02487635716291","48","c(""Psma2"", ""Psma6"", ""Psmb3"", ""Psmc4"", ""Ubb"", ""Psmb6"", ""Psma1"", ""Ube2s"", ""Psmc2"", ""Psmb2"", ""Psmc5"", ""Psmb7"", ""Psme2"", ""Psma4"", ""Psmd2"", ""Psmd13"", ""Psmd3"", ""Psma3"", ""Psmc3"", ""Psmd6"", ""Psmc6"", ""Psmd12"", ""Psmb5"", ""Psma7"", ""Cdc20"", ""Psma5"", ""Ube2c"", ""Anapc15"", ""Psmd14"", ""Anapc5"", ""Psmd1"", ""Plk1"", ""Psmb4"", ""Aurkb"", ""Psmd7"", ""Cdc16"")"
"72","GOBP_RNA_LOCALIZATION","2.59680712898794e-06","0.000172016086027098","0.627256739718528","-0.605119066691621","-2.01721210672428","73","c(""Hnrnpa3"", ""Srsf3"", ""Ybx1"", ""Zfp36l1"", ""Alyref"", ""Eif4a3"", ""Srsf7"", ""Ran"", ""Magoh"", ""Hnrnpab"", ""Rbm8a"", ""Eny2"", ""Hnrnpu"", ""Fbl"", ""Hnrnpa2b1"", ""Nop58"", ""Ddx39b"", ""Slbp"", ""Mrpl18"", ""Dkc1"", ""Sec13"", ""Ssb"", ""Cetn3"", ""Cct2"", ""Thoc7"", ""Hnrnpa1"", ""Thoc6"", ""Nsun2"", ""Seh1l"", ""Tomm20"", ""Nup43"", ""Fmr1"", ""Znhit3"", ""Ckap5"", ""Znhit6"", ""Terf1"", ""Nup37"", ""Nxt1"", ""Dhx9"", ""Iws1"")"
"73","REACTOME_ORC1_REMOVAL_FROM_CHROMATIN","7.71919471793038e-06","0.000400772244679575","0.593325476396405","-0.663824818817588","-2.01570937977383","49","c(""Psma2"", ""Psma6"", ""Psmb3"", ""Psmc4"", ""Ubb"", ""Psmb6"", ""Psma1"", ""Psmc2"", ""Psmb2"", ""Psmc5"", ""Ccna2"", ""Psmb7"", ""Psme2"", ""Psma4"", ""Psmd2"", ""Psmd13"", ""Mcm5"", ""Psmd3"", ""Psma3"", ""Psmc3"", ""Mcm7"", ""Psmd6"", ""Psmc6"", ""Psmd12"", ""Psmb5"", ""Psma7"", ""Orc6"", ""Psma5"", ""Psmd14"", ""Mcm4"", ""Psmd1"", ""Psmb4"", ""Cdk2"", ""Psmd7"", ""Orc1"")"
"74","REACTOME_CLEC7A_DECTIN_1_SIGNALING","3.7162044389672e-06","0.000230284797653419","0.627256739718528","-0.640696690715498","-2.01564281585504","56","c(""Nfkbia"", ""Psma2"", ""Psma6"", ""Calm2"", ""Psmb3"", ""Psmc4"", ""Ubb"", ""Psmb6"", ""Psma1"", ""Psmc2"", ""Psmb2"", ""Psmc5"", ""Ube2n"", ""Nfatc3"", ""Psmb7"", ""Psme2"", ""Psma4"", ""Psmd2"", ""Relb"", ""Bcl10"", ""Psmd13"", ""Nfkb2"", ""Psmd3"", ""Psma3"", ""Psmc3"", ""Psmd6"", ""Psmc6"", ""Psmd12"", ""Psmb5"", ""Psma7"", ""Cdc34"", ""Psma5"", ""Psmd14"")"
"75","REACTOME_ANTIGEN_PROCESSING_CROSS_PRESENTATION","1.4723813922665e-06","0.000110199142384829","0.643551836150722","-0.658965381454203","-2.01487470813478","51","c(""Psma2"", ""Psma6"", ""H2-T22"", ""Psmb3"", ""Psmc4"", ""Psmb6"", ""Psma1"", ""Psmc2"", ""Psmb2"", ""Psmc5"", ""Psmb7"", ""Psme2"", ""Psma4"", ""Psmd2"", ""H2-K1"", ""Psmd13"", ""Psmd3"", ""Psma3"", ""Psmc3"", ""Psmd6"", ""Psmc6"", ""Psmd12"", ""Psmb5"", ""Psma7"", ""Psma5"", ""H2-Q4"", ""Psmd14"", ""Gm8909"", ""Psmd1"")"
"76","GOCC_PROTON_TRANSPORTING_TWO_SECTOR_ATPASE_COMPLEX","3.89508385638626e-06","0.000238801790046319","0.610526878385931","-0.857316250742147","-2.01427453114583","16","c(""Atp5e"", ""Atp5k"", ""Atp5g3"", ""Atp5j"", ""Atp5j2"", ""Atp5h"", ""Atp5b"", ""Atp5o"", ""Atp5g1"", ""Atp5l"", ""Atp5a1"", ""Atp5c1"")"
"77","REACTOME_STABILIZATION_OF_P53","1.28351033505884e-05","0.000560368944010918","0.593325476396405","-0.705539556388309","-2.01169041274865","35","c(""Psma2"", ""Psma6"", ""Psmb3"", ""Psmc4"", ""Ubb"", ""Psmb6"", ""Psma1"", ""Psmc2"", ""Psmb2"", ""Psmc5"", ""Psmb7"", ""Psme2"", ""Psma4"", ""Psmd2"", ""Psmd13"", ""Psmd3"", ""Psma3"", ""Psmc3"", ""Psmd6"", ""Psmc6"", ""Psmd12"", ""Psmb5"", ""Psma7"", ""Psma5"", ""Psmd14"")"
"78","REACTOME_MRNA_SPLICING_MINOR_PATHWAY","1.43887381811143e-05","0.000618823120431059","0.593325476396405","-0.69681918543467","-2.01101888366234","36","c(""Ybx1"", ""Snrpf"", ""Srsf2"", ""Snrpg"", ""Srsf7"", ""Polr2l"", ""Snrpd2"", ""Snrpb"", ""Polr2k"", ""Snrnp40"", ""Snrpd1"", ""Snrpd3"", ""Polr2i"", ""Sf3b5"", ""Gtf2f1"", ""Txnl4a"", ""Sf3b6"", ""Polr2f"", ""Polr2e"", ""Sf3b4"", ""Polr2c"", ""Zcrb1"", ""Sf3b2"", ""Polr2d"", ""Eftud2"")"
"79","GOCC_SMALL_NUCLEAR_RIBONUCLEOPROTEIN_COMPLEX","6.13167324490818e-06","0.000339777239523133","0.610526878385931","-0.671341198813518","-2.0095603511951","46","c(""Snrpf"", ""Snrpg"", ""Lsm7"", ""Snrpd2"", ""Larp7"", ""Lsm5"", ""Lsm4"", ""Snrpb"", ""Lsm6"", ""Lsm2"", ""Snrpa1"", ""Snrnp40"", ""Snrpc"", ""Snrpb2"", ""Ddx39b"", ""Snrpd1"", ""Lsm3"", ""Snrpd3"", ""Sf3b5"", ""Phf5a"", ""Txnl4a"", ""Sf3b6"", ""Sf3a3"", ""Ppih"", ""Lsm8"", ""Sf3b4"", ""Prpf40a"", ""Sf3a2"", ""Nolc1"", ""Usp39"", ""Rbmx2"", ""Sf3b2"", ""Eftud2"")"
"80","REACTOME_SIGNALING_BY_HEDGEHOG","5.65213433422664e-06","0.000325732501681481","0.610526878385931","-0.639423053801319","-2.0056871101743","55","c(""Tuba1a"", ""Tuba1b"", ""Psma2"", ""Psma6"", ""Tubb2a"", ""Psmb3"", ""Psmc4"", ""Ubb"", ""Tubb4b"", ""Psmb6"", ""Psma1"", ""Psmc2"", ""Psmb2"", ""Psmc5"", ""Psmb7"", ""Psme2"", ""Psma4"", ""Psmd2"", ""Tuba1c"", ""Psmd13"", ""Psmd3"", ""Psma3"", ""Psmc3"", ""Psmd6"", ""Tubb2b"", ""Psmc6"", ""Psmd12"", ""Psmb5"", ""Psma7"", ""Psma5"", ""Psmd14"")"
"81","REACTOME_M_PHASE","9.15933170820066e-10","1.75950762114535e-07","0.801215574617779","-0.51970778343527","-2.00328321376246","201","c(""Tuba1a"", ""Tubb5"", ""Arpp19"", ""Tuba1b"", ""Dynll1"", ""Psma2"", ""Psma6"", ""Tubb2a"", ""Banf1"", ""Psmb3"", ""Ran"", ""Psmc4"", ""Ubb"", ""Set"", ""Tubb4b"", ""Psmb6"", ""Psma1"", ""Ube2s"", ""Psmc2"", ""Ccnb2"", ""Psmb2"", ""Psmc5"", ""Bub3"", ""Smc4"", ""Ywhae"", ""Psmb7"", ""Psme2"", ""Psma4"", ""Psmd2"", ""Lmnb1"", ""Tuba1c"", ""Cenpf"", ""Ccnb1"", ""Psmd13"", ""Psmd3"", ""Psma3"", ""Psmc3"", ""Sec13"", ""Rad21"", ""Cenpa"", ""Psmd6"", ""Rcc2"", ""Cdk1"", ""Cenpk"", ""Nek2"", ""Rcc1"", ""Tubg1"", ""Tubb2b"", ""Lmna"", ""Mad1l1"", ""Psmc6"", ""Psmd12"", ""Psmb5"", ""Psma7"", ""Spc25"", ""Cdc20"", 
""Cep57"", ""Stag2"", ""Cenpe"", ""Hsp90aa1"", ""Mad2l1"", ""Psma5"", ""Cenpp"", ""Ska2"", ""Ncapg"", ""Ssna1"", ""Fbxo5"", ""Ube2c"", ""Anapc15"", ""Psmd14"", ""Anapc5"", ""Nudc"", ""Ska1"", ""Psmd1"", ""Seh1l"", ""Ndc80"", ""Plk1"", ""Spdl1"", ""Nup43"", ""Psmb4"", ""Aurkb"", ""Cenpl"", ""Kif18a"", ""Spc24"", ""Smc2"", ""Psmd7"", ""Kif23"", ""Dynll2"", ""Cdc16"", ""Ckap5"", ""Nde1"", ""Nup37"", ""Ncaph"", ""Nup50"", ""Rangap1"", ""Ncapd3"", ""Haus7"")"
"82","REACTOME_NUCLEAR_EVENTS_MEDIATED_BY_NFE2L2","1.70761743212249e-05","0.000693028116994501","0.575610261071129","-0.702541265036102","-2.00314144633954","35","c(""Psma2"", ""Psma6"", ""Psmb3"", ""Psmc4"", ""Ubb"", ""Psmb6"", ""Psma1"", ""Psmc2"", ""Psmb2"", ""Psmc5"", ""Psmb7"", ""Psme2"", ""Psma4"", ""Psmd2"", ""Psmd13"", ""Prdx1"", ""Psmd3"", ""Psma3"", ""Psmc3"", ""Psmd6"", ""Psmc6"", ""Psmd12"", ""Psmb5"", ""Psma7"", ""Psma5"", ""Psmd14"")"
"83","ISHIDA_E2F_TARGETS","1.07248313930329e-05","0.000486670892268099","0.593325476396405","-0.658965107389635","-2.00095282709512","49","c(""Dut"", ""Pcna"", ""Rrm2"", ""Cdca7"", ""Hmgb2"", ""Kpna2"", ""Lig1"", ""Top2a"", ""Ccnb2"", ""Nusap1"", ""Ccna2"", ""Slbp"", ""Ccnb1"", ""Ccne1"", ""Mcm7"", ""Rpa1"", ""Cdk1"", ""Mki67"", ""Cdc20"", ""E2f8"", ""Ezh2"", ""Prc1"", ""Rfc3"", ""Asf1b"", ""Cdkn2c"", ""Aurkb"", ""Smc2"", ""Cdk2"", ""Dbf4"")"
"84","GOBP_GENERATION_OF_PRECURSOR_METABOLITES_AND_ENERGY","2.72313684387453e-09","4.90419925976529e-07","0.774939030136436","-0.531159693947127","-2.0000682456926","172","c(""Cycs"", ""Ldha"", ""Atp5e"", ""Atp5k"", ""Cox7a2"", ""Atp5j"", ""Atp5j2"", ""Uqcr10"", ""Pkm"", ""Atp5h"", ""Atp5b"", ""Cox6a1"", ""Dnajc15"", ""Cox7c"", ""Hmgb1"", ""Ndufa5"", ""Cox7b"", ""Sdhb"", ""Pgk1"", ""Gapdh"", ""Pfkp"", ""Ndufb4"", ""Uqcrb"", ""Mdh2"", ""Atp5o"", ""Ndufc1"", ""Ndufa12"", ""Ndufs6"", ""Ndufb7"", ""Mrps36"", ""Eno3"", ""Cox5b"", ""Ndufb2"", ""Ndufa4"", ""Prelid1"", ""Uqcr11"", ""Prps2"", ""Nfatc3"", ""Ndufab1"", ""Phb2"", ""Ndufb6"", ""Galk1"", ""Chchd10"", ""Eif6"", ""Atp5a1"", ""Ccnb1"", ""Pgam1"", ""Atp5c1"", ""Aldoa"", ""Ndufc2"", ""Ndufb8"", ""Cdk1"", ""Bid"", ""Etfa"", 
""Ppp1r2"", ""Ddit4"", ""Cyc1"", ""Nr4a3"", ""Uqcrfs1"", ""Ndufv1"", ""Ndufs8"", ""Idh3a"", ""Cs"", ""Tnf"", ""Cox8a"", ""Chchd2"", ""Oxct1"", ""Mdh1"", ""Atp5d"", ""Fdx1"", ""Dld"", ""Sik2"", ""Adh5"", ""Ndufa9"", ""Rpia"", ""Uqcrq"", ""Ndufv2"", ""Nupr1"", ""Ndufs7"")"
"85","GOCC_MYELIN_SHEATH","7.28231607541125e-07","6.0823170351587e-05","0.659444398037935","-0.566152753330672","-1.99864803698068","97","c(""Slc25a5"", ""Ppia"", ""Cycs"", ""Tuba1a"", ""Tuba1b"", ""Pkm"", ""Atp5h"", ""Ckb"", ""Atp5b"", ""Cox6a1"", ""Nme1"", ""Pacsin1"", ""Gapdh"", ""Mdh2"", ""Calm2"", ""Atp5o"", ""Ubb"", ""Tubb4b"", ""Phb"", ""Cox5b"", ""Nme2"", ""Cct5"", ""Rdx"", ""Atp5a1"", ""Prdx1"", ""Pgam1"", ""Atp5c1"", ""Aldoa"", ""Hspd1"", ""Ndrg1"", ""Cct2"", ""Cct3"", ""Vdac1"", ""Dpysl2"", ""Vdac2"", ""Mif"", ""Uqcrfs1"", ""Hsp90aa1"", ""Nefh"", ""Thy1"", ""Bcl2"", ""Idh3a"")"
"86","REACTOME_UCH_PROTEINASES","1.66027895721496e-05","0.000678594867406372","0.575610261071129","-0.683699189195923","-1.9984675614241","40","c(""Psma2"", ""Psma6"", ""Psmb3"", ""Psmc4"", ""Ubb"", ""Psmb6"", ""Uchl3"", ""Psma1"", ""Psmc2"", ""Psmb2"", ""Psmc5"", ""Psmb7"", ""Psme2"", ""Psma4"", ""Psmd2"", ""Psmd13"", ""Psmd3"", ""Psma3"", ""Psmc3"", ""Uchl5"", ""Psmd6"", ""Psmc6"", ""Psmd12"", ""Psmb5"", ""Psma7"", ""Psma5"", ""Bard1"", ""Psmd14"")"
"87","GOCC_ORGANELLE_INNER_MEMBRANE","2.37801645136173e-11","7.61361600510982e-09","0.863415391606693","-0.521640450565786","-1.9977393278624","227","c(""Slc25a5"", ""Atp5e"", ""Atp5k"", ""Cox7a2"", ""Atp5g3"", ""Atp5j"", ""Atp5j2"", ""Uqcr10"", ""Atp5h"", ""Atp5b"", ""Cox6a1"", ""Dnajc15"", ""Cox7c"", ""Ndufa5"", ""Cox7b"", ""Sdhb"", ""Ndufb4"", ""Uqcrb"", ""Mdh2"", ""Higd1a"", ""Atp5o"", ""Atp5g1"", ""Ndufc1"", ""Ndufa12"", ""Phb"", ""Mrps14"", ""Ndufs6"", ""Ndufb7"", ""Romo1"", ""Timm13"", ""Atp5l"", ""Cox5b"", ""Mrps18c"", ""Ndufb2"", ""Ndufa4"", ""Timm17a"", ""Tomm40"", ""Uqcr11"", ""Ndufab1"", ""Phb2"", ""Mrpl21"", ""Ndufb6"", ""Lmnb1"", ""Tmpo"", ""Chchd10"", ""Atp5a1"", ""Mrpl20"", ""Mrpl18"", ""Mrps6"", ""Atp5c1"", ""Mrpl57"", ""Hspd1"", 
""Ndufc2"", ""Tmem14c"", ""Ndufb8"", ""Mrpl42"", ""Mrps28"", ""Samm50"", ""Vdac1"", ""Chchd1"", ""Cyc1"", ""Vdac2"", ""Uqcrfs1"", ""Mrpl23"", ""Mrpl40"", ""Mrpl3"", ""Ndufv1"", ""Ndufs8"", ""Mrps24"", ""Bcl2"", ""Mrpl46"", ""Mrps17"", ""Mrpl15"", ""Cox8a"", ""Mrpl51"", ""Vdac3"", ""Mrpl36"", ""Mrpl13"", ""Mrpl50"", ""Mrps22"", ""Mrpl12"", ""Timm9"", ""Atp5d"", ""Dnajc19"", ""Fdx1"", ""Ak2"", ""Ndufa9"", ""Cyb5b"", ""Timm8b"", ""Uqcrq"", ""Arl6ip6"", ""Ndufv2"", ""Ndufs7"", ""mt-Nd1"", ""Aurkaip1"", ""Timm50"", ""Atad3a"", ""Mrps18b"", ""Srgap2"", ""Mrps25"", ""Mrpl47"", ""Slc25a37"")"
"88","REACTOME_ASYMMETRIC_LOCALIZATION_OF_PCP_PROTEINS","1.4922828677051e-05","0.000628587031995845","0.593325476396405","-0.705002210596383","-1.99552726678077","34","c(""Psma2"", ""Psma6"", ""Psmb3"", ""Psmc4"", ""Ubb"", ""Psmb6"", ""Psma1"", ""Psmc2"", ""Psmb2"", ""Psmc5"", ""Psmb7"", ""Psme2"", ""Psma4"", ""Psmd2"", ""Psmd13"", ""Psmd3"", ""Psma3"", ""Psmc3"", ""Psmd6"", ""Psmc6"", ""Psmd12"", ""Psmb5"", ""Psma7"", ""Psma5"", ""Psmd14"")"
"89","REACTOME_DEGRADATION_OF_AXIN","1.4922828677051e-05","0.000628587031995845","0.593325476396405","-0.705002210596383","-1.99552726678077","34","c(""Psma2"", ""Psma6"", ""Psmb3"", ""Psmc4"", ""Ubb"", ""Psmb6"", ""Psma1"", ""Psmc2"", ""Psmb2"", ""Psmc5"", ""Psmb7"", ""Psme2"", ""Psma4"", ""Psmd2"", ""Psmd13"", ""Psmd3"", ""Psma3"", ""Psmc3"", ""Psmd6"", ""Psmc6"", ""Psmd12"", ""Psmb5"", ""Psma7"", ""Psma5"", ""Psmd14"")"
"90","REACTOME_ABC_FAMILY_PROTEINS_MEDIATED_TRANSPORT","6.27678315211295e-06","0.000344505726720256","0.610526878385931","-0.673251374081842","-1.99109423319207","44","c(""Psma2"", ""Psma6"", ""Eif2s2"", ""Psmb3"", ""Psmc4"", ""Ubb"", ""Psmb6"", ""Psma1"", ""Eif2s1"", ""Psmc2"", ""Psmb2"", ""Psmc5"", ""Psmb7"", ""Psme2"", ""Psma4"", ""Psmd2"", ""Psmd13"", ""Psmd3"", ""Psma3"", ""Psmc3"", ""Psmd6"", ""Psmc6"", ""Psmd12"", ""Psmb5"", ""Psma7"", ""Psma5"", ""Psmd14"")"
"91","REACTOME_COMPLEX_I_BIOGENESIS","2.11137423407175e-05","0.000833414363764076","0.575610261071129","-0.757752206460242","-1.99104016366016","25","c(""Ndufa5"", ""Ndufb4"", ""Ndufc1"", ""Ndufa12"", ""Ndufs6"", ""Ndufb7"", ""Ndufb2"", ""Ndufab1"", ""Ndufb6"", ""Ndufaf4"", ""Ndufc2"", ""Ndufb8"", ""Ndufv1"", ""Ndufs8"", ""Ndufa9"", ""Ndufv2"", ""Ndufs7"", ""mt-Nd1"")"
"92","REACTOME_TNFR2_NON_CANONICAL_NF_KB_PATHWAY","1.91105609415578e-06","0.000134309954519753","0.627256739718528","-0.636275530497587","-1.99078919000536","59","c(""Psma2"", ""Psma6"", ""Psmb3"", ""Psmc4"", ""Ubb"", ""Psmb6"", ""Cd40lg"", ""Psma1"", ""Psmc2"", ""Tnfrsf9"", ""Psmb2"", ""Psmc5"", ""Psmb7"", ""Psme2"", ""Psma4"", ""Ltb"", ""Psmd2"", ""Relb"", ""Psmd13"", ""Nfkb2"", ""Psmd3"", ""Psma3"", ""Psmc3"", ""Tnfrsf4"", ""Psmd6"", ""Cd27"", ""Psmc6"", ""Psmd12"", ""Tnfrsf18"", ""Psmb5"", ""Psma7"", ""Psma5"", ""Psmd14"", ""Tnf"", ""Birc3"", ""Edaradd"", ""Psmd1"", ""Psmb4"", ""Tnfsf8"", ""Psmd7"")"
"93","REACTOME_DOWNSTREAM_SIGNALING_EVENTS_OF_B_CELL_RECEPTOR_BCR","6.50105115122795e-06","0.000353448658344591","0.610526878385931","-0.643110038774536","-1.99066040422739","53","c(""Nfkbia"", ""Psma2"", ""Psma6"", ""Calm2"", ""Psmb3"", ""Psmc4"", ""Ubb"", ""Psmb6"", ""Psma1"", ""Psmc2"", ""Psmb2"", ""Psmc5"", ""Kras"", ""Nfatc3"", ""Psmb7"", ""Psme2"", ""Psma4"", ""Psmd2"", ""Bcl10"", ""Psmd13"", ""Psmd3"", ""Psma3"", ""Psmc3"", ""Psmd6"", ""Psmc6"", ""Psmd12"", ""Psmb5"", ""Psma7"", ""Psma5"", ""Psmd14"", ""Psmd1"", ""Hras"")"
"94","GOBP_REGULATION_OF_MRNA_PROCESSING","9.43164606421717e-06","0.000460632002271894","0.593325476396405","-0.66114048161401","-1.98549397611366","47","c(""Srsf3"", ""Srsf2"", ""Zfp36l1"", ""Eif4a3"", ""Srsf7"", ""Ncl"", ""Sap18"", ""Larp7"", ""Magoh"", ""Rbm8a"", ""Hnrnpu"", ""Rbm3"", ""Hnrnpa2b1"", ""Rbmxl1"", ""U2af2"", ""Srsf10"", ""Srsf6"", ""Srsf9"", ""Ccnb1"", ""Dazap1"", ""C1qbp"", ""Slirp"", ""Leo1"", ""Srrm1"", ""Sf3b4"", ""Ptbp1"", ""Fmr1"", ""Mettl16"", ""Prpf19"", ""Clns1a"", ""Rbm15"", ""Dhx9"", ""Iws1"")"
"95","GOBP_MITOCHONDRIAL_RESPIRATORY_CHAIN_COMPLEX_ASSEMBLY","1.1948594710758e-05","0.000529690394754603","0.593325476396405","-0.731292920316278","-1.98460550749183","29","c(""Ndufa5"", ""Ndufb4"", ""Ndufc1"", ""Ndufa12"", ""Ndufs6"", ""Ndufb7"", ""Ndufb2"", ""Ndufab1"", ""Ndufb6"", ""Ndufaf4"", ""Ndufc2"", ""Ndufb8"", ""Samm50"", ""Ndufs8"", ""Tfam"", ""Ndufa9"", ""Ndufs7"", ""mt-Nd1"")"
"96","REACTOME_DEGRADATION_OF_DVL","2.60773605211825e-05","0.000986706946698949","0.575610261071129","-0.70835692882609","-1.98340867913886","33","c(""Psma2"", ""Psma6"", ""Psmb3"", ""Psmc4"", ""Ubb"", ""Psmb6"", ""Psma1"", ""Psmc2"", ""Psmb2"", ""Psmc5"", ""Psmb7"", ""Psme2"", ""Psma4"", ""Psmd2"", ""Psmd13"", ""Psmd3"", ""Psma3"", ""Psmc3"", ""Psmd6"", ""Psmc6"", ""Psmd12"", ""Psmb5"", ""Psma7"", ""Psma5"", ""Psmd14"", ""Psmd1"", ""Psmb4"")"
"97","REACTOME_MITOCHONDRIAL_BIOGENESIS","1.06926308636962e-05","0.000486670892268099","0.593325476396405","-0.84407315619599","-1.98315972603769","16","c(""Cycs"", ""Atp5e"", ""Atp5k"", ""Atp5g3"", ""Atp5j"", ""Atp5j2"", ""Atp5h"", ""Atp5b"", ""Atp5o"", ""Atp5g1"", ""Atp5l"", ""Atp5a1"", ""Atp5c1"")"
"98","YAO_TEMPORAL_RESPONSE_TO_PROGESTERONE_CLUSTER_17","1.56898229554547e-06","0.000115923653451648","0.643551836150722","-0.559149826491597","-1.98237177463171","101","c(""Tubb5"", ""Ckb"", ""Hnrnpd"", ""Sdhb"", ""Eif4a3"", ""Fam162a"", ""Lsm7"", ""Mdh2"", ""Set"", ""Psmb6"", ""Lsm4"", ""Mrps14"", ""Ndufs6"", ""Ndufb7"", ""Ube2s"", ""Romo1"", ""Nme2"", ""Pdap1"", ""Prelid1"", ""Ndufab1"", ""Phb2"", ""Psmb7"", ""Eif1ax"", ""Ndufb6"", ""Srsf9"", ""Mrpl18"", ""Psmd13"", ""Rpn2"", ""Cops5"", ""Lmna"", ""Drap1"", ""Samm50"", ""Psma7"", ""Usp1"", ""Slirp"", ""Ddx1"", ""Psmd14"", ""Clpb"", ""Mrpl51"", ""Vdac3"", ""Mrpl36"", ""Mrps22"", ""Dnajc19"", ""Uqcrq"", ""Ndufv2"")"
"99","REACTOME_GLI3_IS_PROCESSED_TO_GLI3R_BY_THE_PROTEASOME","2.46610515900055e-05","0.000947477602088012","0.575610261071129","-0.697866814648297","-1.97533034121136","34","c(""Psma2"", ""Psma6"", ""Psmb3"", ""Psmc4"", ""Ubb"", ""Psmb6"", ""Psma1"", ""Psmc2"", ""Psmb2"", ""Psmc5"", ""Psmb7"", ""Psme2"", ""Psma4"", ""Psmd2"", ""Psmd13"", ""Psmd3"", ""Psma3"", ""Psmc3"", ""Psmd6"", ""Psmc6"", ""Psmd12"", ""Psmb5"", ""Psma7"", ""Psma5"", ""Psmd14"")"
"100","REACTOME_ACTIVATION_OF_NF_KAPPAB_IN_B_CELLS","9.75688632145952e-06","0.000463106161881735","0.593325476396405","-0.667165198243739","-1.97309479036885","44","c(""Nfkbia"", ""Psma2"", ""Psma6"", ""Psmb3"", ""Psmc4"", ""Ubb"", ""Psmb6"", ""Psma1"", ""Psmc2"", ""Psmb2"", ""Psmc5"", ""Psmb7"", ""Psme2"", ""Psma4"", ""Psmd2"", ""Bcl10"", ""Psmd13"", ""Psmd3"", ""Psma3"", ""Psmc3"", ""Psmd6"", ""Psmc6"", ""Psmd12"", ""Psmb5"", ""Psma7"", ""Psma5"", ""Psmd14"")"
"101","GOCC_PEPTIDASE_COMPLEX","9.33311931853005e-06","0.000459715954125544","0.593325476396405","-0.637209347930251","-1.9723956114033","53","c(""Psma2"", ""Psma6"", ""Psmb3"", ""Psmc4"", ""Psmb6"", ""Psma1"", ""Eny2"", ""Rad23a"", ""Psmc2"", ""Psmb2"", ""Psmc5"", ""Psmb7"", ""Psma4"", ""Psmd2"", ""Psmd13"", ""Psmd3"", ""Psma3"", ""Psmc3"", ""Uchl5"", ""Sf3b5"", ""Psmd6"", ""Psmc6"", ""Psmd12"", ""Psmb5"", ""Psma7"", ""Psma5"", ""Psmd14"", ""Psmd1"", ""Psmb4"", ""Txnl1"", ""Psmd7"", ""Psmb9"")"
"102","GOCC_OXIDOREDUCTASE_COMPLEX","5.9056268810217e-06","0.000333667918777726","0.610526878385931","-0.638841148487377","-1.96798358359578","52","c(""Ldha"", ""Uqcr10"", ""Ndufa5"", ""Sdhb"", ""Ndufb4"", ""Uqcrb"", ""Rrm2"", ""Ndufc1"", ""Ndufa12"", ""Ndufs6"", ""Ndufb7"", ""Mrps36"", ""Ndufb2"", ""Ndufa4"", ""Uqcr11"", ""Ndufab1"", ""Ndufb6"", ""Ndufc2"", ""Ndufb8"", ""Etfa"", ""Cyc1"", ""Uqcrfs1"", ""Ndufv1"", ""Ndufs8"", ""Idh3a"", ""Dld"", ""Ndufa9"", ""Cyb5b"", ""Uqcrq"", ""Ndufv2"", ""Ndufs7"", ""mt-Nd1"", ""Rrm1"")"
"103","GOCC_ENDOPEPTIDASE_COMPLEX","2.3106991027917e-05","0.000898544666195828","0.575610261071129","-0.660059537977832","-1.96379389788905","43","c(""Psma2"", ""Psma6"", ""Psmb3"", ""Psmc4"", ""Psmb6"", ""Psma1"", ""Rad23a"", ""Psmc2"", ""Psmb2"", ""Psmc5"", ""Psmb7"", ""Psma4"", ""Psmd2"", ""Psmd13"", ""Psmd3"", ""Psma3"", ""Psmc3"", ""Uchl5"", ""Psmd6"", ""Psmc6"", ""Psmd12"", ""Psmb5"", ""Psma7"", ""Psma5"", ""Psmd14"", ""Psmd1"", ""Psmb4"", ""Txnl1"", ""Psmd7"", ""Psmb9"")"
"104","REACTOME_SEPARATION_OF_SISTER_CHROMATIDS","4.60969749748792e-07","4.15088854344108e-05","0.674962860011025","-0.538458693345577","-1.96187281423195","123","c(""Tuba1a"", ""Tuba1b"", ""Dynll1"", ""Psma2"", ""Psma6"", ""Tubb2a"", ""Psmb3"", ""Psmc4"", ""Ubb"", ""Tubb4b"", ""Psmb6"", ""Psma1"", ""Ube2s"", ""Psmc2"", ""Psmb2"", ""Psmc5"", ""Bub3"", ""Psmb7"", ""Psme2"", ""Psma4"", ""Psmd2"", ""Tuba1c"", ""Cenpf"", ""Psmd13"", ""Psmd3"", ""Psma3"", ""Psmc3"", ""Sec13"", ""Rad21"", ""Cenpa"", ""Psmd6"", ""Rcc2"", ""Cenpk"", ""Tubb2b"", ""Mad1l1"", ""Psmc6"", ""Psmd12"", ""Psmb5"", ""Psma7"", ""Spc25"", ""Cdc20"", ""Stag2"", ""Cenpe"", ""Mad2l1"", ""Psma5"", ""Cenpp"", ""Ska2"", ""Ube2c"", ""Anapc15"", ""Psmd14"", ""Anapc5"", ""Nudc"", ""Ska1"", ""Psmd1"", ""Seh1l"", 
""Ndc80"", ""Plk1"", ""Spdl1"", ""Nup43"", ""Psmb4"", ""Aurkb"", ""Cenpl"", ""Kif18a"", ""Spc24"", ""Psmd7"", ""Dynll2"", ""Cdc16"", ""Ckap5"", ""Nde1"")"
"105","REACTOME_NEDDYLATION","9.081032810718e-06","0.000455078192071024","0.593325476396405","-0.602149287636782","-1.95384630701471","66","c(""Psma2"", ""Psma6"", ""Psmb3"", ""Psmc4"", ""Ubb"", ""Psmb6"", ""Uchl3"", ""Psma1"", ""Psmc2"", ""Dcun1d5"", ""Psmb2"", ""Psmc5"", ""Psmb7"", ""Psme2"", ""Psma4"", ""Psmd2"", ""Cops3"", ""Rbbp7"", ""Psmd13"", ""Psmd3"", ""Psma3"", ""Psmc3"", ""Dcaf13"", ""Cops5"", ""Psmd6"", ""Ccnf"", ""Psmc6"", ""Psmd12"", ""Psmb5"", ""Psma7"", ""Psma5"", ""Psmd14"", ""Commd1"", ""Asb2"", ""Psmd1"", ""Lrr1"", ""Psmb4"")"
"106","REACTOME_SCF_SKP2_MEDIATED_DEGRADATION_OF_P27_P21","7.01350609751275e-05","0.00218480192648465","0.538434096309916","-0.66168609392362","-1.94884008426773","42","c(""Psma2"", ""Psma6"", ""Psmb3"", ""Psmc4"", ""Ubb"", ""Psmb6"", ""Psma1"", ""Psmc2"", ""Psmb2"", ""Psmc5"", ""Ccna2"", ""Ccne2"", ""Psmb7"", ""Psme2"", ""Psma4"", ""Psmd2"", ""Psmd13"", ""Psmd3"", ""Psma3"", ""Psmc3"", ""Ccne1"", ""Psmd6"", ""Psmc6"", ""Psmd12"", ""Psmb5"", ""Psma7"", ""Psma5"", ""Psmd14"", ""Psmd1"", ""Psmb4"", ""Cdk2"", ""Psmd7"")"
"107","GOCC_NADH_DEHYDROGENASE_COMPLEX","3.45742409927592e-05","0.00124532094275794","0.557332238758646","-0.764342910009835","-1.94880546680405","23","c(""Ndufa5"", ""Ndufb4"", ""Ndufc1"", ""Ndufa12"", ""Ndufs6"", ""Ndufb7"", ""Ndufb2"", ""Ndufa4"", ""Ndufab1"", ""Ndufb6"", ""Ndufc2"", ""Ndufb8"", ""Ndufv1"", ""Ndufs8"", ""Ndufa9"", ""Ndufv2"", ""Ndufs7"", ""mt-Nd1"")"
"108","GOBP_MITOCHONDRIAL_GENE_EXPRESSION","1.59392188327545e-05","0.000660846893044345","0.575610261071129","-0.574078127964768","-1.94482300183389","78","c(""Mrps14"", ""Mrps18c"", ""Mrpl21"", ""Gars"", ""Chchd10"", ""Mrpl20"", ""Mrpl18"", ""Mrps6"", ""Mrpl57"", ""Mrpl42"", ""Mrps28"", ""C1qbp"", ""Chchd1"", ""Hars"", ""Mrpl23"", ""Mrpl40"", ""Mrpl3"", ""Mrps24"", ""Mrpl46"", ""Mrps17"", ""Mrpl15"", ""Mrpl51"", ""Tfam"", ""Mrpl36"", ""Mrpl13"", ""Mrpl50"", ""Mrps22"", ""Mrpl12"", ""Aurkaip1"", ""Mrps18b"", ""Mrps25"", ""Tbrg4"", ""Mrpl47"", ""Mrpl54"", ""Mrpl17"", ""Cdk5rap1"", ""Mrps11"", ""Mrpl55"", ""Mrpl49"", ""Mrpl38"", ""Mrpl28"", ""Mrps10"", ""Mrps5"", ""Shmt2"", ""Mrpl35"", ""Mrps33"", ""Mrps7"", ""Ppargc1b"", ""Mrpl19"", ""Tsfm"", ""Cfh"", 
""Lrpprc"", ""Fastkd2"", ""Mrpl4"", ""Pnpt1"", ""Mrpl1"")"
"109","REACTOME_REGULATION_OF_RAS_BY_GAPS","6.46811151883116e-05","0.00205943241342674","0.538434096309916","-0.665699185265515","-1.9439960750562","38","c(""Psma2"", ""Psma6"", ""Psmb3"", ""Psmc4"", ""Ubb"", ""Psmb6"", ""Psma1"", ""Psmc2"", ""Psmb2"", ""Psmc5"", ""Kras"", ""Psmb7"", ""Psme2"", ""Psma4"", ""Psmd2"", ""Psmd13"", ""Psmd3"", ""Psma3"", ""Psmc3"", ""Psmd6"", ""Psmc6"", ""Psmd12"", ""Psmb5"", ""Psma7"", ""Psma5"", ""Psmd14"", ""Psmd1"", ""Hras"", ""Psmb4"")"
"110","GOBP_RIBOSE_PHOSPHATE_BIOSYNTHETIC_PROCESS","1.1089109827051e-05","0.000495399534366626","0.593325476396405","-0.546794394773656","-1.94038127189153","96","c(""Atp5e"", ""Atp5k"", ""Atp5g3"", ""Atp5j"", ""Atp5j2"", ""Atp5h"", ""Atp5b"", ""Ndufa5"", ""Nme1"", ""Sdhb"", ""Ndufb4"", ""Atp5o"", ""Atp5g1"", ""Ndufc1"", ""Ndufa12"", ""Ndufs6"", ""Ndufb7"", ""Atp5l"", ""Ndufb2"", ""Nme2"", ""Prps2"", ""Ndufab1"", ""Ndufb6"", ""Atp5a1"", ""Ada"", ""Atp5c1"", ""Aldoa"", ""Ndufc2"", ""Ctps"", ""Ndufb8"", ""Vdac1"", ""Umps"", ""Ndufv1"", ""Ndufs8"", ""Hprt"", ""Pdk3"", ""Atp5d"", ""Dld"", ""Ak2"", ""Ndufa9"", ""Ppat"", ""Ndufv2"", ""Ndufs7"", ""mt-Nd1"")"
"111","GOBP_MITOCHONDRIAL_TRANSLATION","4.75973319331618e-05","0.00159910077926936","0.557332238758646","-0.581578062738445","-1.93682666005066","71","c(""Mrps14"", ""Mrps18c"", ""Mrpl21"", ""Gars"", ""Mrpl20"", ""Mrpl18"", ""Mrps6"", ""Mrpl57"", ""Mrpl42"", ""Mrps28"", ""C1qbp"", ""Chchd1"", ""Hars"", ""Mrpl23"", ""Mrpl40"", ""Mrpl3"", ""Mrps24"", ""Mrpl46"", ""Mrps17"", ""Mrpl15"", ""Mrpl51"", ""Mrpl36"", ""Mrpl13"", ""Mrpl50"", ""Mrps22"", ""Mrpl12"", ""Aurkaip1"", ""Mrps18b"", ""Mrps25"", ""Mrpl47"", ""Mrpl54"", ""Mrpl17"", ""Cdk5rap1"", ""Mrps11"", ""Mrpl55"", ""Mrpl49"", ""Mrpl38"", ""Mrpl28"", ""Mrps10"", ""Mrps5"", ""Shmt2"", ""Mrpl35"")"
"112","REACTOME_HEDGEHOG_LIGAND_BIOGENESIS","6.65336872831651e-05","0.00209526579132722","0.538434096309916","-0.68419660348448","-1.9366364496036","34","c(""Psma2"", ""Psma6"", ""Psmb3"", ""Psmc4"", ""Ubb"", ""Psmb6"", ""Psma1"", ""Psmc2"", ""Psmb2"", ""Psmc5"", ""Psmb7"", ""Psme2"", ""Psma4"", ""Psmd2"", ""Psmd13"", ""Psmd3"", ""Psma3"", ""Psmc3"", ""Psmd6"", ""Psmc6"", ""Psmd12"", ""Psmb5"", ""Psma7"", ""Psma5"", ""Psmd14"")"
"113","REACTOME_METABOLISM_OF_AMINO_ACIDS_AND_DERIVATIVES","8.01936778622836e-06","0.000408987757097646","0.593325476396405","-0.552011820095247","-1.9327478967026","94","c(""Ckb"", ""Psma2"", ""Psma6"", ""Psmb3"", ""Psmc4"", ""Psmb6"", ""Psma1"", ""Psmc2"", ""Got1"", ""Psmb2"", ""Psmc5"", ""Bcat1"", ""Srm"", ""Ndufab1"", ""Psmb7"", ""Psme2"", ""Psma4"", ""Psmd2"", ""Sat1"", ""Psmd13"", ""Odc1"", ""Psmd3"", ""Psma3"", ""Psmc3"", ""Slc3a2"", ""Psph"", ""Psmd6"", ""Psmc6"", ""Psmd12"", ""Psmb5"", ""Psma7"", ""Azin1"", ""Sephs2"", ""Psma5"", ""Psmd14"", ""Sms"", ""Psmd1"", ""Il4i1"", ""Hibadh"", ""Dld"", ""Psmb4"", ""Amd1"")"
"114","GOBP_REGULATION_OF_MRNA_SPLICING_VIA_SPLICEOSOME","7.31879194385961e-05","0.00226764505228295","0.538434096309916","-0.655350775833904","-1.92960459437664","41","c(""Srsf3"", ""Srsf2"", ""Eif4a3"", ""Srsf7"", ""Ncl"", ""Sap18"", ""Larp7"", ""Magoh"", ""Rbm8a"", ""Hnrnpu"", ""Rbm3"", ""Hnrnpa2b1"", ""Rbmxl1"", ""U2af2"", ""Srsf10"", ""Srsf6"", ""Srsf9"", ""Dazap1"", ""C1qbp"", ""Slirp"", ""Srrm1"", ""Sf3b4"", ""Ptbp1"", ""Fmr1"", ""Mettl16"", ""Prpf19"", ""Clns1a"", ""Rbm15"")"
"115","REACTOME_CYCLIN_A_CDK2_ASSOCIATED_EVENTS_AT_S_PHASE_ENTRY","2.74356705835877e-05","0.00102007593273043","0.575610261071129","-0.637975691435892","-1.92917309392142","48","c(""Psma2"", ""Psma6"", ""Psmb3"", ""Psmc4"", ""Ubb"", ""Psmb6"", ""Psma1"", ""Psmc2"", ""Psmb2"", ""Psmc5"", ""Ccna2"", ""Ccne2"", ""Psmb7"", ""Psme2"", ""Psma4"", ""Psmd2"", ""Psmd13"", ""Psmd3"", ""Psma3"", ""Psmc3"", ""Ccne1"", ""Psmd6"", ""Psmc6"", ""Psmd12"", ""Psmb5"", ""Psma7"", ""Psma5"", ""Psmd14"", ""Psmd1"", ""Psmb4"", ""Cdk2"", ""Psmd7"")"
"116","REACTOME_REGULATION_OF_PTEN_STABILITY_AND_ACTIVITY","0.000133637373616515","0.00367025796930376","0.518848077743792","-0.665558190304199","-1.92577137819362","37","c(""Psma2"", ""Psma6"", ""Psmb3"", ""Psmc4"", ""Ubb"", ""Psmb6"", ""Psma1"", ""Psmc2"", ""Psmb2"", ""Psmc5"", ""Psmb7"", ""Psme2"", ""Psma4"", ""Psmd2"", ""Psmd13"", ""Psmd3"", ""Psma3"", ""Psmc3"", ""Psmd6"", ""Psmc6"", ""Psmd12"", ""Psmb5"", ""Psma7"", ""Psma5"", ""Psmd14"")"
"117","GOBP_NADH_DEHYDROGENASE_COMPLEX_ASSEMBLY","0.000108765165451748","0.00314981732913781","0.538434096309916","-0.731011597965061","-1.92077758301611","25","c(""Ndufa5"", ""Ndufb4"", ""Ndufc1"", ""Ndufa12"", ""Ndufs6"", ""Ndufb7"", ""Ndufb2"", ""Ndufab1"", ""Ndufb6"", ""Ndufaf4"", ""Ndufc2"", ""Ndufb8"", ""Ndufs8"", ""Ndufa9"", ""Ndufs7"", ""mt-Nd1"")"
"118","REACTOME_MITOCHONDRIAL_TRANSLATION","9.8037396754419e-06","0.000463106161881735","0.593325476396405","-0.613055191122288","-1.91813701590642","59","c(""Mrps14"", ""Mrps36"", ""Mrps18c"", ""Mrpl21"", ""Mrpl20"", ""Mrpl18"", ""Mrps6"", ""Mrpl57"", ""Mrpl42"", ""Mrps28"", ""Chchd1"", ""Mrpl23"", ""Mrpl40"", ""Mrpl3"", ""Mrps24"", ""Mrpl46"", ""Mrps17"", ""Mrpl15"", ""Mrpl51"", ""Mrpl36"", ""Mrpl13"", ""Mrpl50"", ""Mrps22"", ""Mrpl12"", ""Aurkaip1"", ""Mrps18b"", ""Mrps25"", ""Mrpl47"", ""Mrpl54"", ""Mrpl17"", ""Mrps11"", ""Mrpl55"", ""Mrpl49"", ""Mrpl38"", ""Mrpl28"", ""Mrps10"", ""Mrps5"")"
"119","REACTOME_MAPK6_MAPK4_SIGNALING","8.77048911431305e-05","0.00264629993538147","0.538434096309916","-0.656167954567805","-1.91799316537434","40","c(""Psma2"", ""Psma6"", ""Psmb3"", ""Psmc4"", ""Ubb"", ""Psmb6"", ""Psma1"", ""Psmc2"", ""Psmb2"", ""Psmc5"", ""Psmb7"", ""Psme2"", ""Psma4"", ""Psmd2"", ""Psmd13"", ""Psmd3"", ""Psma3"", ""Psmc3"", ""Psmd6"", ""Cdk1"", ""Psmc6"", ""Psmd12"", ""Psmb5"", ""Psma7"", ""Psma5"", ""Pak1"", ""Psmd14"")"
"120","GOBP_RNA_PROCESSING","2.45561275306665e-12","1.41516962959231e-09","0.898671232061694","-0.476875162586811","-1.9150723385474","330","c(""Hnrnpa3"", ""Srsf3"", ""Ybx1"", ""Snrpf"", ""Srsf2"", ""Snrpg"", ""Zfp36l1"", ""U2af1"", ""Alyref"", ""Eif4a3"", ""Rpl35"", ""Srsf7"", ""Lsm7"", ""Ncl"", ""Hnrnpm"", ""Ddx18"", ""Sap18"", ""Snrpd2"", ""Larp7"", ""Lsm5"", ""Lsm4"", ""Magoh"", ""Rbm8a"", ""Snrpb"", ""Strap"", ""Lsm6"", ""Lsm2"", ""Eny2"", ""Hnrnpu"", ""Exosc3"", ""Rbm3"", ""Fbl"", ""Hnrnpa2b1"", ""Snrpa1"", ""Snrnp40"", ""Rbmxl1"", ""Snrpc"", ""U2af2"", ""Snrpb2"", ""Sfpq"", ""Gar1"", ""Ddx39b"", ""Rrs1"", ""Slbp"", ""Srsf10"", ""Lyar"", ""Raly"", ""Nhp2"", ""Eif6"", ""Rsl1d1"", ""Snrpd1"", ""Srsf6"", ""Bysl"", ""Srsf9"", ""Ccnb1"", ""Pcbp1"", 
""Lsm3"", ""Snrpd3"", ""Dkc1"", ""Wdr12"", ""Dcaf13"", ""Tdrd5"", ""Smu1"", ""Bcas2"", ""Brix1"", ""Rpl5"", ""Mphosph10"", ""Dazap1"", ""Rpf2"", ""Eri1"", ""Sf3b5"", ""Phf5a"", ""Ppan"", ""Ssb"", ""U2surp"", ""Mak16"", ""Mrto4"", ""Wdr43"", ""Pwp1"", ""Ddx21"", ""Txnl4a"", ""Trmt61a"", ""Nifk"", ""Rbm17"", ""Sf3b6"", ""C1qbp"", ""Sf3a3"", ""Prpf38a"", ""Wdr18"", ""Aars"", ""Yrdc"", ""Thoc7"", ""Rpp30"", ""Ftsj3"", ""Ebna1bp2"", ""Hnrnpa1"", ""Trmt6"", ""Slirp"", ""Trmt10a"", ""Ddx1"", ""Leo1"", ""Kti12"", ""Smn1"", ""Syncrip"", ""Utp18"", ""Prmt1"", ""Pdcd11"", ""Nop10"", ""Thoc6"", ""Isy1"", ""Wbp11"", 
""Lsm8"", ""Nsun2"", ""Srrm1"", ""Psip1"", ""Sf3b4"", ""Prpf40a"", ""Sf3a2"", ""Pnn"", ""Ppp1r8"", ""Exosc2"", ""Imp4"", ""Ptbp1"", ""Rrp15"", ""Rrp9"", ""Wdr74"", ""Thumpd1"", ""Fcf1"", ""Zcrb1"", ""Fmr1"", ""Wdr46"", ""Bop1"", ""Pop1"", ""Gtpbp4"", ""Suv39h1"", ""Utp15"", ""Rps28"", ""Usp39"", ""Rbmx2"", ""Exosc1"", ""Znhit3"", ""Nop9"", ""Znhit6"", ""Mettl16"", ""Prpf19"", ""Tbrg4"", ""Taf15"", ""Sf3b2"", ""Polr2d"", ""Eftud2"", ""Clns1a"", ""Nol8"", ""Nop14"", ""Rbm15"", ""Dhx9"", ""Prmt7"", ""Iws1"", ""Ddx10"", ""Cdk5rap1"", ""Thoc3"", ""Sart3"", ""Pa2g4"", ""Sgf29"", ""Tssc4"", ""Nop2"", ""Pop7"", 
""Rbm24"", ""Dimt1"", ""Dis3"", ""Utp14b"", ""Elp5"", ""Dbr1"", ""Mphosph6"", ""Hnrnpc"", ""Rbm34"", ""Htatsf1"", ""Dcps"", ""Rnps1"", ""Srsf1"", ""Pop4"", ""Prpf4"")"
"121","GOBP_TELOMERE_ORGANIZATION","2.10837409278586e-05","0.000833414363764076","0.575610261071129","-0.566595727070909","-1.90945403664123","76","c(""H3f3a"", ""H3f3b"", ""Hnrnpd"", ""Pcna"", ""Smc6"", ""Cct8"", ""Hnrnpu"", ""Hnrnpa2b1"", ""Cct5"", ""Ccne2"", ""Cct7"", ""Gar1"", ""Nhp2"", ""Dkc1"", ""Ccne1"", ""Uchl5"", ""Rpa1"", ""Nek2"", ""Cct2"", ""Cct3"", ""Lmna"", ""Xrcc6"", ""Gnl3"", ""Ezh2"", ""Sp100"", ""Hsp90aa1"", ""Bmyc"", ""Nop10"")"
"122","KAMMINGA_EZH2_TARGETS","0.000184546172320787","0.00466464732931883","0.518848077743792","-0.658237846957355","-1.90459019839406","37","c(""Pcna"", ""Cdca7"", ""Kpna2"", ""Rpa3"", ""Top2a"", ""Ccnb2"", ""Nusap1"", ""Smc4"", ""Dntt"", ""Nek2"", ""Mki67"", ""Tacc3"", ""Gmnn"", ""Mad2l1"", ""Prc1"", ""Eed"", ""Mcm4"", ""Aurkb"", ""Pole2"", ""Smc2"", ""Dbf4"", ""Rrm1"")"
"123","REACTOME_TRANSPORT_OF_MATURE_TRANSCRIPT_TO_CYTOPLASM","4.14222714003752e-05","0.00142944041964289","0.557332238758646","-0.643431429125424","-1.90290381469081","44","c(""Srsf3"", ""Srsf2"", ""U2af1"", ""Alyref"", ""Eif4a3"", ""Srsf7"", ""Magoh"", ""Rbm8a"", ""U2af2"", ""Ddx39b"", ""Slbp"", ""Srsf9"", ""Sec13"", ""Thoc7"", ""Eif4e"", ""Thoc6"", ""Srrm1"", ""Seh1l"", ""Nup43"", ""Nup37"", ""Nup50"", ""Nxt1"", ""Thoc3"", ""Rnps1"", ""Srsf1"", ""Nup107"", ""Aaas"", ""Nup93"")"
"124","GOCC_ORGANELLAR_RIBOSOME","4.66566773729198e-05","0.00158166136294198","0.557332238758646","-0.608246452093776","-1.90196026555439","57","c(""Mrps14"", ""Mrps18c"", ""Mrpl21"", ""Mrpl20"", ""Mrpl18"", ""Mrps6"", ""Mrpl57"", ""Mrpl42"", ""Mrps28"", ""Chchd1"", ""Mrpl23"", ""Mrpl40"", ""Mrpl3"", ""Mrps24"", ""Mrpl46"", ""Mrps17"", ""Mrpl15"", ""Mrpl51"", ""Mrpl36"", ""Mrpl13"", ""Mrpl50"", ""Mrps22"", ""Mrpl12"", ""Aurkaip1"", ""Mrps18b"", ""Mrps25"", ""Mrpl47"", ""Mrpl54"", ""Mrpl17"", ""Mrps11"", ""Mrpl55"", ""Mrpl49"", ""Mrpl38"", ""Mrpl28"", ""Mrps10"", ""Mrps5"")"
"125","REACTOME_CELLULAR_RESPONSE_TO_CHEMICAL_STRESS","8.19317886736934e-05","0.00251155796875795","0.538434096309916","-0.568757691874117","-1.90167316498769","72","c(""Cycs"", ""Psma2"", ""Cox6a1"", ""Cox7c"", ""Psma6"", ""Cox7b"", ""Psmb3"", ""Psmc4"", ""Ubb"", ""Psmb6"", ""Psma1"", ""Psmc2"", ""Cox5b"", ""Psmb2"", ""Ndufa4"", ""Psmc5"", ""Txn1"", ""Psmb7"", ""Psme2"", ""Psma4"", ""Psmd2"", ""Psmd13"", ""Prdx1"", ""Psmd3"", ""Psma3"", ""Psmc3"", ""Psmd6"", ""Psmc6"", ""Psmd12"", ""Psmb5"", ""Psma7"")"
"126","REACTOME_REGULATION_OF_RUNX2_EXPRESSION_AND_ACTIVITY","0.000145360196651326","0.00391453651075511","0.518848077743792","-0.658684010949717","-1.90096084045109","36","c(""Psma2"", ""Psma6"", ""Psmb3"", ""Psmc4"", ""Ubb"", ""Psmb6"", ""Psma1"", ""Psmc2"", ""Psmb2"", ""Psmc5"", ""Psmb7"", ""Psme2"", ""Psma4"", ""Psmd2"", ""Psmd13"", ""Psmd3"", ""Psma3"", ""Psmc3"", ""Psmd6"", ""Psmc6"", ""Psmd12"", ""Psmb5"", ""Psma7"", ""Psma5"", ""Psmd14"")"
"127","GOCC_RNA_POLYMERASE_II_HOLOENZYME","0.000160870116240681","0.00421106227727521","0.518848077743792","-0.702678238934623","-1.89724021826059","27","c(""Polr2l"", ""Eny2"", ""Gtf2h4"", ""Gtf2a2"", ""Polr2k"", ""Psmc5"", ""Polr2i"", ""Gtf2f1"", ""Taf3"", ""Polr2j"", ""Polr2f"", ""Leo1"", ""Polr2e"", ""Polr2c"")"
"128","DLX1_TARGET_GENES","3.19006186951469e-05","0.00117097621363141","0.557332238758646","-0.577318145681902","-1.89302525172457","67","c(""H3f3a"", ""Atp5g3"", ""Tubb5"", ""Eif4a1"", ""Cbx3"", ""Tuba1b"", ""Srsf2"", ""Hmgb1"", ""Nme1"", ""Psmb6"", ""Psmc5"", ""Ccne2"", ""Uba2"", ""Tomm40"", ""Cct7"", ""Rpl5"", ""Pfdn4"", ""Ccdc124"", ""Ftsj3"", ""Ppih"", ""Syncrip"", ""Anapc15"", ""Eed"")"
"129","GOBP_MITOTIC_SISTER_CHROMATID_SEGREGATION","4.29020048441725e-06","0.000257546097830173","0.610526878385931","-0.539578362410221","-1.89209982175465","100","c(""Ran"", ""Hnrnpu"", ""Nusap1"", ""Bub3"", ""Smc4"", ""Rrs1"", ""Ccnb1"", ""Rad21"", ""Birc5"", ""Kif11"", ""Cdk1"", ""Cenpk"", ""Nek2"", ""Tubg1"", ""Mad1l1"", ""Racgap1"", ""Smarca5"", ""Spc25"", ""Cdc20"", ""Stag2"", ""Cenpe"", ""Mad2l1"", ""Ncapg"", ""Prc1"", ""Kif22"", ""Fbxo5"", ""Ube2c"", ""Anapc15"", ""Anapc5"", ""Nudc"", ""Seh1l"", ""Ndc80"", ""Plk1"", ""Spdl1"", ""Ccsap"", ""Aurkb"", ""Kif18a"", ""Spc24"", ""Smc2"", ""Kif23"", ""Cdc16"", ""Ncaph"", ""Ncapd3"", ""Bub1b"", ""Kif14"", ""Ttk"", ""Pinx1"", ""Kif2a"", ""Cdca8"", ""Nsmce2"", ""Knstrn"", ""Nuf2"", ""Ncapg2"", ""Zwilch"", ""Kifc1"", ""Aaas"", 
""Ncaph2"", ""Nsl1"")"
"130","REACTOME_C_TYPE_LECTIN_RECEPTORS_CLRS","4.2768398299297e-05","0.00146710880594553","0.557332238758646","-0.573549353154903","-1.88588365199099","68","c(""Nfkbia"", ""Psma2"", ""Psma6"", ""Calm2"", ""Psmb3"", ""Psmc4"", ""Ubb"", ""Psmb6"", ""Psma1"", ""Psmc2"", ""Psmb2"", ""Psmc5"", ""Ube2n"", ""Kras"", ""Nfatc3"", ""Psmb7"", ""Psme2"", ""Psma4"", ""Psmd2"", ""Relb"", ""Bcl10"", ""Psmd13"", ""Nfkb2"", ""Psmd3"", ""Psma3"", ""Psmc3"", ""Psmd6"", ""Psmc6"", ""Icam2"", ""Psmd12"", ""Psmb5"", ""Psma7"", ""Cdc34"", ""Psma5"", ""Pak1"", ""Psmd14"")"
"131","GOMF_PROTON_TRANSMEMBRANE_TRANSPORTER_ACTIVITY","9.02633801792027e-05","0.002681380721509","0.538434096309916","-0.693763409881487","-1.88275675300075","29","c(""Slc25a5"", ""Atp5e"", ""Atp5k"", ""Atp5g3"", ""Atp5j"", ""Atp5j2"", ""Atp5h"", ""Atp5b"", ""Atp5o"", ""Atp5g1"", ""Slc16a1"", ""Atp5l"", ""Atp5a1"", ""Atp5c1"")"
"132","REACTOME_CELL_CYCLE","1.38419685299037e-11","4.69242733163735e-09","0.875325132024659","-0.46838496483299","-1.88097674258694","330","c(""Tuba1a"", ""Tubb5"", ""Arpp19"", ""Tuba1b"", ""Dynll1"", ""Psma2"", ""Pcna"", ""Psma6"", ""Tubb2a"", ""Banf1"", ""Psmb3"", ""Ran"", ""Psmc4"", ""Ubb"", ""Set"", ""Tubb4b"", ""Psmb6"", ""Pole4"", ""Psma1"", ""Ube2s"", ""Lig1"", ""Rpa3"", ""Psmc2"", ""Ccnb2"", ""Psmb2"", ""Hdac1"", ""Psmc5"", ""Ccna2"", ""Ccne2"", ""Ube2n"", ""Bub3"", ""E2f2"", ""Smc4"", ""Ywhae"", ""Phlda1"", ""Gar1"", ""Psmb7"", ""Psme2"", ""Psma4"", ""Cenpw"", ""Psmd2"", ""Lmnb1"", ""Nhp2"", ""Tuba1c"", ""Cenpf"", ""Rbbp7"", ""Ccnb1"", ""Psmd13"", ""Mcm5"", ""Psmd3"", ""Psma3"", ""Dkc1"", ""Psmc3"", ""Sec13"", ""Rad21"", ""Ccne1"", ""Cenpa"", 
""Mcm7"", ""Psmd6"", ""Rpa1"", ""Rcc2"", ""Cdk1"", ""Cenpk"", ""E2f4"", ""Nek2"", ""Rcc1"", ""Tubg1"", ""Tubb2b"", ""Lmna"", ""Mad1l1"", ""Psmc6"", ""Gins1"", ""Psmd12"", ""Psmb5"", ""Rbbp4"", ""Smarca5"", ""Chek1"", ""Psma7"", ""Spc25"", ""Cdc20"", ""Cep57"", ""Stag2"", ""Gmnn"", ""Orc6"", ""Cenpe"", ""Hsp90aa1"", ""Mad2l1"", ""Psma5"", ""Cenpp"", ""Cdc45"", ""Ska2"", ""Bard1"", ""Ncapg"", ""Nop10"", ""Ssna1"", ""Fbxo5"", ""Ube2c"", ""Anapc15"", ""Psmd14"", ""Rfc3"", ""Anapc5"", ""Mcm4"", ""Nudc"", ""Ska1"", ""Psmd1"", ""Seh1l"", ""Ndc80"", ""Plk1"", ""Spdl1"", ""Nup43"", ""Psmb4"", ""Ccnd2"", ""Brcc3"", 
""Rmi2"", ""Rfc4"", ""Aurkb"", ""Pole2"", ""Cenpl"", ""Kif18a"", ""Spc24"", ""Smc2"", ""Cdk2"", ""Psmd7"", ""Dbf4"", ""Kif23"", ""Pif1"", ""Dynll2"", ""Cdc16"", ""Orc1"", ""Hjurp"", ""Ckap5"", ""Rhno1"", ""Nde1"", ""Ywhaq"", ""Pola1"", ""Cdkn1c"", ""Esco2"", ""Terf1"", ""Rfc5"", ""Nup37"", ""Ncaph"", ""Nup50"", ""Rangap1"", ""Ncapd3"", ""Haus7"", ""E2f1"")"
"133","REACTOME_BETA_CATENIN_INDEPENDENT_WNT_SIGNALING","9.00830411017718e-05","0.002681380721509","0.538434096309916","-0.62026372266052","-1.87561391594566","48","c(""Lef1"", ""Psma2"", ""Psma6"", ""Calm2"", ""Psmb3"", ""Psmc4"", ""Ubb"", ""Psmb6"", ""Psma1"", ""Cltb"", ""Psmc2"", ""Psmb2"", ""Psmc5"", ""Kras"", ""Psmb7"", ""Psme2"", ""Psma4"", ""Psmd2"", ""Psmd13"", ""Psmd3"", ""Psma3"", ""Psmc3"", ""Psmd6"", ""Psmc6"", ""Psmd12"", ""Psmb5"", ""Psma7"", ""Psma5"", ""Psmd14"")"
"134","GOCC_PROTEASOME_CORE_COMPLEX","0.000171048359941214","0.00436173317850096","0.518848077743792","-0.800263890506974","-1.87262106488469","15","c(""Psma2"", ""Psma6"", ""Psmb3"", ""Psmb6"", ""Psma1"", ""Psmb2"", ""Psmb7"", ""Psma4"", ""Psma3"", ""Psmb5"", ""Psma7"", ""Psma5"")"
"135","GOBP_NUCLEOSIDE_PHOSPHATE_BIOSYNTHETIC_PROCESS","7.13783290955853e-06","0.000384442346334447","0.610526878385931","-0.522913001487586","-1.87236742014598","117","c(""Atp5e"", ""Atp5k"", ""Atp5g3"", ""Atp5j"", ""Atp5j2"", ""Atp5h"", ""Dut"", ""Atp5b"", ""Ndufa5"", ""Nme1"", ""Sdhb"", ""Ndufb4"", ""Rrm2"", ""Atp5o"", ""Atp5g1"", ""Ndufc1"", ""Ndufa12"", ""Ndufs6"", ""Ndufb7"", ""Atp5l"", ""Ndufb2"", ""Nme2"", ""Prps2"", ""Ndufab1"", ""Gars"", ""Ndufb6"", ""Atp5a1"", ""Ada"", ""Atp5c1"", ""Aldoa"", ""Ndufc2"", ""Ctps"", ""Ndufb8"")"
"136","GOBP_REGULATION_OF_RNA_SPLICING","0.000103550619000011","0.00301395059240942","0.538434096309916","-0.592697821418068","-1.85912342944079","55","c(""Srsf3"", ""Srsf2"", ""Eif4a3"", ""Srsf7"", ""Ncl"", ""Sap18"", ""Larp7"", ""Magoh"", ""Rbm8a"", ""Eny2"", ""Hnrnpu"", ""Rbm3"", ""Hnrnpa2b1"", ""Rbmxl1"", ""U2af2"", ""Srsf10"", ""Srsf6"", ""Srsf9"", ""Dazap1"", ""Sf3b5"", ""C1qbp"", ""Slirp"", ""Smn1"", ""Srrm1"", ""Sf3b4"")"
"137","BERENJENO_TRANSFORMED_BY_RHOA_UP","5.64920100345257e-12","2.32545324163551e-09","0.887074988399873","-0.449596159262375","-1.85679233970472","392","c(""Tmsb4x"", ""Cycs"", ""Ldha"", ""Nfkbia"", ""Dek"", ""Pcna"", ""Nme1"", ""Pgk1"", ""Gapdh"", ""Alyref"", ""Fam162a"", ""Cdca7"", ""Hspa14"", ""Cytip"", ""Banf1"", ""Ddx18"", ""Psmb3"", ""H2-D1"", ""Ran"", ""Higd1a"", ""Ranbp1"", ""Snrpd2"", ""Eif3j1"", ""Lsm4"", ""Cacybp"", ""Psma1"", ""Eif2s1"", ""Lsm2"", ""Kpna2"", ""Fbl"", ""Lig1"", ""Psmc2"", ""Top2a"", ""Hells"", ""Snrpa1"", ""Hspa4l"", ""Nusap1"", ""Ccna2"", ""Uba2"", ""Snrnp40"", ""Bub3"", ""Rbmxl1"", ""Tomm40"", ""Bcat1"", ""Srm"", ""Smc4"", ""Dlgap5"", ""Cct7"", ""Nop58"", ""Phlda1"", ""Txn1"", ""Gar1"", ""Rrs1"", ""Tmpo"", ""Slbp"", ""Nhp2"", 
""Eif6"", ""Actn1"", ""Rsl1d1"", ""Snrpd1"", ""Ppa1"", ""Bysl"", ""Ifrd1"", ""Mrpl18"", ""Psmd13"", ""Odc1"", ""Bola2"", ""Mcm5"", ""Dusp1"", ""Pgam1"", ""Lsm3"", ""Ndufaf4"", ""Snrpd3"", ""Nasp"", ""Cbx1"", ""Ckap2"", ""Birc5"", ""Etf1"", ""Cenpa"", ""Aimp2"", ""Mcm7"", ""Hspd1"", ""Nsmce4a"", ""Rpf2"", ""Abcf2"", ""Uchl5"", ""Ctps"", ""Sf3b5"", ""1810037I17Rik"", ""Kif11"", ""Phf5a"", ""Rpa1"", ""Hsph1"", ""Cdk1"", ""Nek2"", ""Rcc1"", ""Mak16"", ""Dnajc21"", ""Mki67"", ""Tubg1"", ""Mrto4"", ""Tcf19"", ""Wdr43"", ""Pfdn6"", ""Ccnf"", ""Nubp1"", ""Cct3"", ""Ddx21"", ""Hmgn5"", ""Rabggtb"", ""Nr4a1"", ""Psmb5"", 
""Grwd1"", ""Sf3a3"", ""Tacc3"", ""Actn4"", ""Racgap1"", ""Chek1"", ""Psma7"", ""Hars"", ""Rpp30"", ""Ftsj3"", ""Cdc20"", ""Ebna1bp2"", ""E2f8"", ""Fkbp4"", ""Usp1"", ""Ezh2"", ""Gmnn"", ""Orc6"", ""Sephs2"", ""Hsp90aa1"", ""Mad2l1"", ""Rars"", ""Cdc45"", ""Thy1"", ""Utp18"", ""Prc1"", ""Kif22"", ""Anapc15"", ""Hprt"", ""Pno1"", ""Lsm8"", ""Ifit2"", ""Nsun2"", ""Rfc3"", ""Polr2e"", ""Eed"", ""Rad51ap1"", ""Stip1"", ""Asf1b"", ""Mcm4"", ""Adam12"", ""Mrps22"", ""Mrpl12"", ""Spdl1"", ""Net1"", ""Taf1d"", ""Bop1"", ""Rfc4"", ""Aurkb"", ""Pole2"", ""Itga6"", ""Naa15"", ""Smc2"", ""Tnfaip3"", ""Kif23"", ""Timeless"", 
""Cse1l"", ""Ruvbl2"", ""Orc1"", ""Cinp"", ""Actl6a"", ""Casp8ap2"", ""Rnaseh2c"", ""Rrm1"", ""Nde1"", ""Mrps25"", ""Pola1"", ""Abce1"", ""Usp14"")"
"138","GOCC_SPLICEOSOMAL_TRI_SNRNP_COMPLEX","0.000382472525180732","0.00871221012891921","0.49849310876659","-0.706234091074791","-1.85567317163558","25","c(""Snrpf"", ""Snrpg"", ""Lsm7"", ""Snrpd2"", ""Lsm5"", ""Lsm4"", ""Snrpb"", ""Lsm6"", ""Lsm2"", ""Snrnp40"", ""Snrpd1"", ""Lsm3"", ""Snrpd3"", ""Txnl4a"", ""Ppih"", ""Lsm8"")"
"139","GOCC_PROTEASOME_ACCESSORY_COMPLEX","0.000265609968395684","0.00635149480441631","0.49849310876659","-0.792955008699918","-1.85551824893235","15","c(""Psmc4"", ""Psmc2"", ""Psmc5"", ""Psmd2"", ""Psmd13"", ""Psmd3"", ""Psmc3"", ""Psmd6"", ""Psmc6"", ""Psmd12"", ""Psmd14"", ""Psmd1"", ""Psmd7"")"
"140","REACTOME_HEDGEHOG_ON_STATE","0.000299325395550115","0.00701224493721672","0.49849310876659","-0.640113471283058","-1.84736629723231","36","c(""Psma2"", ""Psma6"", ""Psmb3"", ""Psmc4"", ""Ubb"", ""Psmb6"", ""Psma1"", ""Psmc2"", ""Psmb2"", ""Psmc5"", ""Psmb7"", ""Psme2"", ""Psma4"", ""Psmd2"", ""Psmd13"", ""Psmd3"", ""Psma3"", ""Psmc3"", ""Psmd6"", ""Psmc6"", ""Psmd12"", ""Psmb5"", ""Psma7"", ""Psma5"", ""Psmd14"")"
"141","GOCC_MITOCHONDRIAL_ENVELOPE","7.21550641082831e-10","1.43389529122771e-07","0.801215574617779","-0.467464003688824","-1.84582586058456","280","c(""Slc25a5"", ""Cycs"", ""Atp5e"", ""Atp5k"", ""Cox7a2"", ""Atp5g3"", ""Atp5j"", ""Atp5j2"", ""Uqcr10"", ""Atp5h"", ""Atp5b"", ""Cox6a1"", ""Dnajc15"", ""Cox7c"", ""Ndufa5"", ""Cox7b"", ""Nme1"", ""Sdhb"", ""Ndufb4"", ""Uqcrb"", ""Mdh2"", ""Calm2"", ""Tomm7"", ""Ifi27l2a"", ""Higd1a"", ""Atp5o"", ""Ubb"", ""Atp5g1"", ""Ndufc1"", ""Ndufa12"", ""Phb"", ""Mrps14"", ""Tomm6"", ""Ndufs6"", ""Ndufb7"", ""Romo1"", ""Timm13"", ""Atp5l"", ""Cox5b"", ""Gimap3"", ""Mrps18c"", ""Ndufb2"", ""Ndufa4"", ""Nme2"", ""Timm17a"", ""Tomm40"", ""Prelid1"", ""Uqcr11"", ""Mtx2"", ""Ndufab1"", ""Phb2"", ""Mrpl21"", ""Ndufb6"", 
""Chchd10"", ""Atp5a1"", ""Bcl2a1b"", ""Mrpl20"", ""Mrpl18"", ""Mrps6"", ""Atp5c1"", ""Ndufaf4"", ""Mrpl57"", ""Hspd1"", ""Ndufc2"", ""Tomm5"", ""Tmem14c"", ""Ndufb8"", ""Mrpl42"", ""Mrps28"", ""Bid"", ""Samm50"", ""Bcl2a1d"", ""Vdac1"", ""Chchd1"", ""Cyc1"", ""Vdac2"", ""Uqcrfs1"", ""Mrpl23"", ""Mrpl40"", ""Mrpl3"", ""Ndufv1"", ""Ndufs8"", ""Mrps24"", ""Bcl2"", ""Clpb"", ""Mrpl46"", ""Mrps17"", ""Mrpl15"", ""Cox8a"", ""Chchd2"", ""Mrpl51"", ""Bbc3"", ""Vdac3"", ""Mrpl36"", ""Mrpl13"", ""Mrpl50"", ""Mrps22"", ""Mrpl12"", ""Timm9"", ""Atp5d"", ""Tomm20"", ""Dnajc19"", ""Fdx1"", ""Ak2"", ""Acsl3"", ""Ndufa9"", 
""Fundc2"", ""Cyb5b"", ""Timm8b"", ""Uqcrq"", ""Pgrmc1"", ""Ndufv2"")"
"142","GOCC_CONDENSED_CHROMOSOME","1.65596217357993e-06","0.000120801392485331","0.643551836150722","-0.498636625070119","-1.8442755615684","149","c(""Tuba1a"", ""H3f3a"", ""Cbx3"", ""Dynll1"", ""Hmgb1"", ""Hmgb2"", ""Banf1"", ""Smc6"", ""Hnrnpu"", ""Top2a"", ""Nsmce1"", ""Bub3"", ""Smc4"", ""Cenpw"", ""Rrs1"", ""Cenpf"", ""Ccnb1"", ""Sec13"", ""Rad21"", ""Birc5"", ""Cenpa"", ""Nsmce4a"", ""Ctcf"", ""Rpa1"", ""Cenpk"", ""Nek2"", ""Rcc1"", ""Mki67"", ""Tubg1"", ""Mad1l1"", ""Nifk"", ""P3h4"", ""Smarca5"", ""Chek1"", ""Spc25"", ""Cdc20"", ""Cenpe"", ""Mad2l1"", ""Cenpp"", ""Ska2"", ""Ncapg"", ""Ska1"", ""Seh1l"", ""Ndc80"", ""Plk1"", ""Spdl1"", ""Cfdp1"", ""Meaf6"", ""Nup43"", ""Aurkb"", ""Cenpl"", ""Kif18a"", ""Spc24"", ""Smc2"", ""Cdk2"", ""Hjurp"", 
""Ckap5"", ""Actl6a"", ""Nde1"", ""Nup37"", ""Ncaph"", ""Rangap1"", ""Ncapd3"", ""Bub1b"", ""Ttk"", ""Pinx1"", ""Aurka"", ""Psmc3ip"", ""Xlr3b"", ""Orc2"", ""Nsmce2"", ""Knstrn"", ""Nup107"", ""Rad51"", ""Nuf2"", ""Ncapg2"", ""Zwilch"", ""Ncaph2"", ""Nsl1"")"
"143","GOCC_CHROMOSOMAL_REGION","1.11270623598533e-06","8.66557572700469e-05","0.643551836150722","-0.489906955012398","-1.84147627241527","168","c(""H3f3a"", ""Cbx3"", ""H3f3b"", ""Dynll1"", ""Alyref"", ""Smc6"", ""Hnrnpu"", ""Top2a"", ""Nsmce1"", ""Hnrnpa2b1"", ""Hells"", ""Bub3"", ""Smc4"", ""Gar1"", ""Cenpw"", ""Cenpf"", ""Rbbp7"", ""Ccnb1"", ""Cbx1"", ""Sec13"", ""Rad21"", ""Birc5"", ""Cenpa"", ""Ctcf"", ""Rcc2"", ""Cenpk"", ""Nek2"", ""Mki67"", ""Mad1l1"", ""Rbbp4"", ""Smarca5"", ""Chek1"", ""Thoc7"", ""Spc25"", ""Cdc20"", ""Stag2"", ""Ezh2"", ""Cenpe"", ""Mad2l1"", ""Cenpp"", ""Ska2"", ""Ncapg"", ""Thoc6"", ""Ikzf1"", ""Smchd1"", ""Rad51ap1"", ""Xrcc1"", ""Ska1"", ""Seh1l"", ""Ndc80"", ""Plk1"", ""Spdl1"", ""Cfdp1"", ""Meaf6"", ""Nup43"", ""Fmr1"", 
""Aurkb"", ""Suv39h1"", ""Cenpl"", ""Kif18a"", ""Spc24"", ""Cdk2"", ""Pif1"", ""Orc1"", ""Hjurp"", ""Ckap5"", ""Actl6a"", ""Nde1"", ""Hdac2"", ""Esco2"", ""Terf1"", ""Nup37"", ""Rangap1"", ""Ncapd3"", ""Bub1b"", ""Thoc3"", ""Mis18a"", ""Tinf2"", ""Ttk"", ""Pinx1"", ""Aurka"", ""Terf2ip"", ""Cdca8"", ""Pole3"", ""Orc2"", ""Nsmce2"", ""Knstrn"", ""Nup107"", ""Rad51"", ""Nuf2"", ""Zwilch"")"
"144","GOCC_U2_TYPE_CATALYTIC_STEP_2_SPLICEOSOME","0.000419123478690405","0.00936204886702637","0.49849310876659","-0.783185000991561","-1.84010229516482","16","c(""Snrpf"", ""Snrpg"", ""Snrpd2"", ""Snrpb"", ""Snrpa1"", ""Snrnp40"", ""Snrpb2"", ""Snrpd1"", ""Snrpd3"", ""Bcas2"")"
"145","GOBP_SPERM_EGG_RECOGNITION","0.000377325437455543","0.00862907339704878","0.49849310876659","-0.785325934435223","-1.83766618120431","15","c(""Cct8"", ""Cct5"", ""Cct7"", ""Izumo1r"", ""Aldoa"", ""Ly6k"", ""Cct2"", ""Cct3"", ""Vdac2"")"
"146","GOBP_ESTABLISHMENT_OF_RNA_LOCALIZATION","0.000122525208018882","0.00341117282035178","0.518848077743792","-0.579923083491804","-1.83164684994554","61","c(""Hnrnpa3"", ""Srsf3"", ""Ybx1"", ""Zfp36l1"", ""Alyref"", ""Eif4a3"", ""Srsf7"", ""Ran"", ""Magoh"", ""Rbm8a"", ""Eny2"", ""Hnrnpa2b1"", ""Ddx39b"", ""Slbp"", ""Mrpl18"", ""Sec13"", ""Ssb"", ""Cetn3"", ""Thoc7"", ""Hnrnpa1"", ""Thoc6"", ""Nsun2"", ""Seh1l"", ""Tomm20"", ""Nup43"", ""Fmr1"", ""Terf1"", ""Nup37"", ""Nxt1"", ""Dhx9"", ""Iws1"", ""Thoc3"")"
"147","HALLMARK_G2M_CHECKPOINT","2.16475116304117e-06","0.000148517392292932","0.627256739718528","-0.49701118295907","-1.82989483856145","141","c(""Srsf2"", ""Hnrnpd"", ""Ncl"", ""Hnrnpu"", ""Ube2s"", ""Top2a"", ""Ccnb2"", ""Nusap1"", ""Ccna2"", ""Bub3"", ""E2f2"", ""G3bp1"", ""Smc4"", ""Sfpq"", ""Lmnb1"", ""Tmpo"", ""Srsf10"", ""Snrpd1"", ""Cenpf"", ""Odc1"", ""Gspt1"", ""Mcm5"", ""Nasp"", ""Dkc1"", ""Cbx1"", ""Rad21"", ""Birc5"", ""Cenpa"", ""Ctcf"", ""Ewsr1"", ""Kif11"", ""Cdk1"", ""E2f4"", ""Nek2"", ""Mki67"", ""Ccnf"", ""Pbk"", ""Tacc3"", ""Racgap1"", ""Chek1"", ""Cdc20"", ""Ezh2"", ""Orc6"", ""Cenpe"", ""Mad2l1"", ""Cdc45"", ""Bard1"", ""Syncrip"", ""Prc1"", ""Kif22"", ""Fbxo5"", ""Ube2c"", ""Kif15"", ""Ndc80"", ""Plk1"", ""Nolc1"", ""Cdkn2c"", 
""Amd1"", ""Aurkb"", ""Suv39h1"", ""Smc2"", ""Dbf4"", ""Kif23"", ""Slc7a1"", ""Casp8ap2"")"
"148","GOBP_REGULATION_OF_MRNA_METABOLIC_PROCESS","9.17742625364726e-05","0.00268474657359234","0.538434096309916","-0.533581322685271","-1.82600473827137","84","c(""Srsf3"", ""Ybx1"", ""Srsf2"", ""Hnrnpd"", ""Zfp36l1"", ""Eif4a3"", ""Srsf7"", ""Ncl"", ""Sap18"", ""Larp7"", ""Magoh"", ""Hnrnpab"", ""Rbm8a"", ""Hnrnpu"", ""Exosc3"", ""Rbm3"", ""Hnrnpa2b1"", ""Rbmxl1"", ""U2af2"", ""Srsf10"", ""Srsf6"", ""Srsf9"", ""Ccnb1"", ""Dazap1"", ""C1qbp"", ""Slirp"", ""Leo1"", ""Syncrip"", ""Srrm1"", ""Sf3b4"", ""Exosc2"", ""Ptbp1"", ""Fmr1"", ""Zc3h12a"", ""Mettl16"", ""Prpf19"", ""Tbrg4"", ""Taf15"", ""Clns1a"", ""Rbm15"", ""E2f1"", ""Dhx9"", ""Iws1"", ""Ybx2"")"
"149","YAO_TEMPORAL_RESPONSE_TO_PROGESTERONE_CLUSTER_13","0.000119186576012947","0.00333433125030394","0.538434096309916","-0.514074400426514","-1.8242695032735","96","c(""Atp5e"", ""Atp5j"", ""Uqcr10"", ""Snrpg"", ""Cox6a1"", ""Dnajc15"", ""Ndufa5"", ""Psma6"", ""Cox7b"", ""Uqcrb"", ""Atp5o"", ""Snrpd2"", ""Ndufc1"", ""Dbi"", ""Pdcd5"", ""Gtf2a2"", ""Rbm3"", ""Romo1"", ""Cox5b"", ""0610010K14Rik"", ""Uqcr11"", ""Psme2"", ""Nab1"", ""Relb"", ""Mrpl18"", ""Lsm3"", ""Sf3b5"", ""Tomm5"", ""Ndufb8"", ""Cetn3"", ""Tcf19"", ""Csrp1"", ""Rpp30"", ""Psmg4"", ""Hnrnpa1"", ""Mrpl23"", ""Ppih"", ""Psma5"", ""Ssna1"", ""Lsm8"", ""Naa38"", ""Commd1"")"
"150","TABULA_MURIS_SENIS_MESENTERIC_ADIPOSE_TISSUE_ENDOTHELIAL_CELL_AGEING","0.000520103002401494","0.0110603453979329","0.477270815362862","-0.65151732597455","-1.82425704664","33","c(""Jund"", ""Ybx1"", ""Klf13"", ""Ptms"", ""Tomm6"", ""Anp32a"", ""Ywhae"", ""Rpl5"", ""Drap1"", ""Dpysl2"", ""Ddit4"", ""Dhrs3"", ""Pcnp"", ""Mxd4"")"
"151","REACTOME_INTRAFLAGELLAR_TRANSPORT","0.000623126756805071","0.0128434843215497","0.477270815362862","-0.728883312783004","-1.81862865650023","21","c(""Tuba1a"", ""Tuba1b"", ""Dynll1"", ""Tubb2a"", ""Tubb4b"", ""Tuba1c"", ""Hspb11"", ""Tubb2b"")"
"152","GOMF_PRE_MRNA_BINDING","0.000500303607312046","0.0108392845448847","0.477270815362862","-0.77649671039805","-1.81700575766811","15","c(""Srsf2"", ""U2af1"", ""Hnrnpu"", ""Hnrnpa2b1"", ""Snrpc"", ""U2af2"", ""Slbp"", ""Srsf6"", ""Eri1"", ""Hnrnpa1"", ""Ptbp1"")"
"153","REACTOME_FC_EPSILON_RECEPTOR_FCERI_SIGNALING","0.000162216870649852","0.00421106227727521","0.518848077743792","-0.551885048188342","-1.81464940101774","68","c(""Nfkbia"", ""Psma2"", ""Psma6"", ""Calm2"", ""Psmb3"", ""Psmc4"", ""Ubb"", ""Psmb6"", ""Psma1"", ""Lat"", ""Psmc2"", ""Psmb2"", ""Psmc5"", ""Ube2n"", ""Kras"", ""Nfatc3"", ""Psmb7"", ""Psme2"", ""Psma4"", ""Psmd2"", ""Bcl10"", ""Psmd13"", ""Psmd3"", ""Psma3"", ""Psmc3"", ""Psmd6"", ""Psmc6"", ""Psmd12"", ""Psmb5"", ""Psma7"", ""Cdc34"", ""Psma5"", ""Pak1"", ""Psmd14"")"
"154","GOLDRATH_HOMEOSTATIC_PROLIFERATION","0.000109993096828829","0.00316366575297319","0.538434096309916","-0.530191407275753","-1.8142145030973","83","c(""Cycs"", ""Atp5j"", ""Nme1"", ""Fam162a"", ""Set"", ""Eif3j1"", ""Ndufc1"", ""Cacybp"", ""Ndufb2"", ""Psmc5"", ""Pdap1"", ""Prps2"", ""Ndufab1"", ""Sfpq"", ""Ak6"", ""Galk1"", ""Nhp2"", ""Ppa1"", ""Bysl"", ""Gnpnat1"", ""Cetn3"", ""Ubald2"", ""Psmc6"", ""Nifk"", ""Vdac2"", ""Hnrnpa1"", ""Smn1"", ""Bcl2"")"
"155","LE_EGR2_TARGETS_UP","0.000114141764174054","0.00323777729536794","0.538434096309916","-0.530327082406511","-1.81177191867927","81","c(""Ets1"", ""Cotl1"", ""Rrm2"", ""Lsm2"", ""Kpna2"", ""Rbm3"", ""Rpa3"", ""Id2"", ""Top2a"", ""Hnrnpa2b1"", ""Ccnb2"", ""Nusap1"", ""Ccna2"", ""Klf10"", ""Chl1"", ""Lmnb1"", ""Nhp2"", ""Mcm5"", ""Birc5"", ""Mcm7"", ""Kif11"", ""Cdk1"", ""Mki67"", ""Tcf19"", ""Cdc20"", ""Usp1"", ""Ezh2"", ""Mad2l1"", ""Prc1"", ""Basp1"", ""Kif22"", ""Nav2"", ""Mcm4"", ""Plk1"", ""Smc2"", ""Kif23"", ""Rrm1"", ""Cdkn1c"", ""Hdac2"", ""Rfc5"", ""Ncaph"", ""Marcks"", ""Lin9"", ""Fignl1"", ""Aurka"", ""Cdca8"", ""Ube2t"")"
"156","REACTOME_MITOTIC_G2_G2_M_PHASES","1.93831466359109e-05","0.00077572968099135","0.575610261071129","-0.510345996967221","-1.81153177632469","108","c(""Tuba1a"", ""Tubb5"", ""Tuba1b"", ""Dynll1"", ""Psma2"", ""Psma6"", ""Tubb2a"", ""Psmb3"", ""Psmc4"", ""Ubb"", ""Tubb4b"", ""Psmb6"", ""Psma1"", ""Psmc2"", ""Ccnb2"", ""Psmb2"", ""Psmc5"", ""Ccna2"", ""Ywhae"", ""Phlda1"", ""Psmb7"", ""Psme2"", ""Psma4"", ""Psmd2"", ""Tuba1c"", ""Ccnb1"", ""Psmd13"", ""Psmd3"", ""Psma3"", ""Psmc3"", ""Psmd6"", ""Cdk1"", ""Nek2"", ""Tubg1"", ""Tubb2b"", ""Psmc6"", ""Psmd12"", ""Psmb5"", ""Psma7"", ""Cep57"", ""Hsp90aa1"", ""Psma5"", ""Ssna1"", ""Psmd14"")"
"157","GOBP_RECOMBINATIONAL_REPAIR","0.000113695082563016","0.00323777729536794","0.538434096309916","-0.539527144831973","-1.81062077833345","74","c(""Nucks1"", ""Smc6"", ""Rpa3"", ""Nsmce1"", ""Ube2n"", ""Sfpq"", ""Sfr1"", ""Mcm5"", ""Rad21"", ""Mcm7"", ""Samhd1"", ""Rpa1"", ""Xrcc6"", ""Chek1"", ""Morf4l2"", ""Cdc45"", ""Psmd14"", ""Smchd1"", ""Rad51ap1"", ""Xrcc1"", ""Mcm4"", ""Meaf6"", ""Rmi2"", ""Timeless"", ""Ruvbl2"", ""Aunip"", ""Actl6a"", ""Rhno1"", ""Brd8"", ""Fignl1"", ""Terf2ip"", ""Nsmce2"", ""Rad51"", ""Rbbp8"", ""Mcm2"", ""Helq"", ""Recql4"", ""Recql"", ""Ruvbl1"", ""Cdc7"", ""Inip"", ""Nbn"")"
"158","TABULA_MURIS_SENIS_MESENTERIC_ADIPOSE_TISSUE_B_CELL_AGEING","0.000605944016410993","0.0126066980742836","0.477270815362862","-0.618739773311795","-1.80686369673044","38","c(""Jund"", ""H3f3a"", ""Cotl1"", ""Klf13"", ""Srsf2"", ""Junb"", ""Tomm6"", ""Ier2"", ""Snrpc"", ""Ywhae"", ""H2-K1"", ""Drap1"", ""Dpysl2"")"
"159","REACTOME_DEADENYLATION_DEPENDENT_MRNA_DECAY","0.000780416445970469","0.0156164582573882","0.477270815362862","-0.723031603354055","-1.80402812131119","21","c(""Eif4a1"", ""Eif4a3"", ""Lsm7"", ""Lsm5"", ""Lsm4"", ""Lsm6"", ""Lsm2"", ""Exosc3"", ""Nt5c3b"", ""Lsm3"")"
"160","SARTIPY_NORMAL_AT_INSULIN_RESISTANCE_UP","0.00112879219111168","0.0207172910744479","0.45505986738723","-0.748225990468642","-1.79669144329165","17","c(""Tubb2a"", ""Ier2"", ""Nop58"", ""Phlda1"", ""Bysl"", ""Nop56"", ""Ppan"", ""Mak16"")"
"161","GOCC_PRERIBOSOME_LARGE_SUBUNIT_PRECURSOR","0.000876768935395946","0.0170128598474304","0.477270815362862","-0.764246132931361","-1.79560520374801","16","c(""Rrs1"", ""Eif6"", ""Wdr12"", ""Nip7"", ""Ppan"", ""Mak16"", ""Mrto4"", ""Ftsj3"", ""Ebna1bp2"", ""Rrp15"", ""Wdr74"", ""Bop1"")"
"162","GOBP_MRNA_TRANSPORT","0.0003594888425652","0.00825392111435556","0.49849310876659","-0.592764491176257","-1.79245905880126","48","c(""Hnrnpa3"", ""Srsf3"", ""Zfp36l1"", ""Alyref"", ""Eif4a3"", ""Srsf7"", ""Magoh"", ""Rbm8a"", ""Eny2"", ""Hnrnpa2b1"", ""Ddx39b"", ""Slbp"", ""Sec13"", ""Cetn3"", ""Thoc7"", ""Hnrnpa1"", ""Thoc6"", ""Nsun2"", ""Seh1l"", ""Nup43"", ""Fmr1"", ""Nup37"", ""Nxt1"", ""Dhx9"", ""Iws1"", ""Thoc3"")"
"163","APRELIKOVA_BRCA1_TARGETS","0.000551445886457659","0.0116825424011928","0.477270815362862","-0.702112971020341","-1.79014101958618","23","c(""Tuba1a"", ""Ckb"", ""Eif2s1"", ""Psmc2"", ""Ddx21"", ""Ddx1"", ""Hsp90aa1"", ""Eif3c"", ""Id3"")"
"164","REACTOME_CYTOPROTECTION_BY_HMOX1","0.00079305243872868","0.0157598662220461","0.477270815362862","-0.733191099036138","-1.78964666336259","18","c(""Cycs"", ""Cox6a1"", ""Cox7c"", ""Cox7b"", ""Cox5b"", ""Ndufa4"")"
"165","STARK_PREFRONTAL_CORTEX_22Q11_DELETION_DN","2.9811653046641e-08","4.2951139126948e-06","0.719512826338911","-0.472063925369969","-1.789424150073","232","c(""Slc25a5"", ""Cycs"", ""Atp5e"", ""Atp5k"", ""Cox7a2"", ""Atp5j"", ""Atp5j2"", ""Cbx3"", ""Uqcr10"", ""Dynll1"", ""Atp5h"", ""Psma2"", ""Dek"", ""Dnajc15"", ""Cox7c"", ""Nme1"", ""Rpl15"", ""Fam162a"", ""Ndufb4"", ""Mdh2"", ""Psmb3"", ""Psmc4"", ""Ranbp1"", ""Atp5o"", ""Psmb6"", ""Sap18"", ""Snrpd2"", ""Ndufa12"", ""Cacybp"", ""Ndufs6"", ""Eif2s1"", ""Kpna2"", ""Rad23a"", ""Pdcd5"", ""Romo1"", ""Atp5l"", ""Cox5b"", ""Hspa4l"", ""Ndufb2"", ""Nme2"", ""Cct5"", ""Timm17a"", ""Snrpc"", ""Rheb"", ""Prelid1"", ""Uqcr11"", ""Comt"", ""St13"", ""Prps2"", ""Txn1"", ""Fdps"", ""Eif6"", ""Cops3"", ""Prdx1"", ""Nmt2"", 
""Atp5c1"", ""Ahsa1"", ""Psma3"", ""Psmc3"", ""Aldoa"", ""Smu1"", ""Mrpl57"", ""Rpl5"", ""1810037I17Rik"", ""Mrpl42"", ""Tubg1"", ""Cct2"", ""Pfdn6"", ""Mrps28"", ""Cct3"", ""Polr2j"", ""Rpl36al"", ""Nifk"", ""Nars"", ""C1qbp"", ""Chchd1"", ""Thoc7"", ""Cyc1"", ""Vdac2"", ""Usp1"", ""Uqcrfs1"", ""Slirp"", ""Eif4e"", ""Mrpl40"", ""Gpr83"", ""Rars"", ""Psma5"", ""Pak1"", ""Mrpl3"", ""Ndufs8"", ""Nop10"", ""Psmd14"", ""Naa38"", ""Idh3a"", ""Mrps17"", ""Mrpl15"", ""Arhgap20"", ""Stip1"", ""Mrpl51"", ""Nudc"", ""Vdac3"", ""Mrps22"", ""Hibadh"", ""Cfdp1"", ""Tomm20"", ""Psmb4"", ""Adh5"", ""Ndufa9"")"
"166","QI_HYPOXIA_TARGETS_OF_HIF1A_AND_FOXA2","0.001337981535587","0.0236527226674475","0.45505986738723","-0.744780737517482","-1.78841846617487","17","c(""Jund"", ""Lsm2"", ""Dusp10"", ""Srm"", ""Abcf2"", ""Ppm1g"", ""Actn4"")"
"167","GOCC_NUCLEAR_CHROMOSOME","2.61957596468747e-05","0.000986706946698949","0.575610261071129","-0.490681797583834","-1.78779782184771","123","c(""H3f3a"", ""Srsf2"", ""Pcna"", ""Pole4"", ""Hnrnpu"", ""Rpa3"", ""Top2a"", ""Hdac1"", ""Smc4"", ""Rrs1"", ""Sfr1"", ""Rbbp7"", ""Mcm5"", ""Rad21"", ""Birc5"", ""Bcas2"", ""Mcm7"", ""Uchl5"", ""Anp32e"", ""Rpa1"", ""Nek2"", ""Rcc1"", ""Tubg1"", ""Nifk"", ""Gins1"", ""Rbbp4"", ""P3h4"", ""Smarca5"", ""Chek1"", ""Orc6"", ""Cdc45"", ""Ncapg"", ""Smchd1"", ""Mcm4"", ""Plk1"", ""Cfdp1"", ""Pole2"", ""Smc2"", ""Timeless"", ""Ruvbl2"", ""Orc1"", ""Actl6a"", ""Prpf19"", ""Pola1"", ""Hdac2"", ""Ncaph"", ""Ncapd3"", ""E2f1"", ""Dhx9"", ""Nufip1"", ""Ing2"", ""Tipin"", ""Brd8"", ""Pinx1"", ""Fignl1"", ""Psmc3ip"", 
""Pole3"", ""Xlr3b"", ""Orc2"", ""Rad51"", ""Ncapg2"", ""Mcm2"", ""Gins3"", ""Ncaph2"", ""Etaa1"")"
"168","GOBP_REGULATION_OF_CHROMOSOME_ORGANIZATION","1.8846844376065e-05","0.000759541007966872","0.575610261071129","-0.496663187179341","-1.78726973621516","119","c(""H3f3a"", ""H3f3b"", ""Hnrnpd"", ""Cct8"", ""Hnrnpu"", ""Top2a"", ""Hnrnpa2b1"", ""Cct5"", ""Bub3"", ""Smc4"", ""Cct7"", ""Sfpq"", ""Ccnb1"", ""Dkc1"", ""Rad21"", ""Birc5"", ""Uchl5"", ""Cdk1"", ""Nek2"", ""Cct2"", ""Cct3"", ""Lmna"", ""Mad1l1"", ""Tacc3"", ""Gnl3"", ""Smarca5"", ""Spc25"", ""Cdc20"", ""Cenpe"", ""Mad2l1"", ""Ncapg"", ""Bmyc"", ""Fbxo5"", ""Ube2c"", ""Anapc15"", ""Anapc5"", ""Xrcc1"", ""Ndc80"", ""Plk1"", ""Spdl1"", ""Rmi2"", ""Aurkb"", ""Spc24"", ""Smc2"", ""Cdk2"", ""Pif1"", ""Cdc16"", ""Ruvbl2"", ""Actl6a"", ""Hecw2"", ""Terf1"", ""Ncaph"", ""Bub1b"", ""Tinf2"", ""Ttk"", ""Pinx1"", ""Terf2ip"", 
""Cdca8"", ""Cdc6"", ""Hnrnpc"", ""Nsmce2"", ""Nuf2"", ""Zwilch"", ""Mcm2"")"
"169","GOMF_MHC_PROTEIN_BINDING","0.00117531180414656","0.0213669461428916","0.45505986738723","-0.679445521207338","-1.78528456955909","25","c(""Cd8b1"", ""Tubb5"", ""Cd4"", ""Atp5b"", ""H2-T22"", ""H2-D1"", ""Atp5a1"", ""H2-K1"")"
"170","REACTOME_NUCLEOTIDE_EXCISION_REPAIR","0.000219600476138073","0.00543157744199018","0.518848077743792","-0.582962812156334","-1.78248669665291","51","c(""Pcna"", ""Polr2l"", ""Hmgn1"", ""Sumo2"", ""Ubb"", ""Pole4"", ""Rad23a"", ""Gtf2h4"", ""Lig1"", ""Polr2k"", ""Rpa3"", ""Ube2n"", ""Cops3"", ""Polr2i"", ""Cops5"", ""Rpa1"", ""Polr2f"", ""Isy1"", ""Rfc3"", ""Polr2e"", ""Xrcc1"", ""Polr2c"", ""Rfc4"", ""Pole2"", ""Chd1l"", ""Actl6a"", ""Prpf19"", ""Polr2d"", ""Rfc5"")"
"171","GOCC_U12_TYPE_SPLICEOSOMAL_COMPLEX","0.000920401820116715","0.0177709426825326","0.477270815362862","-0.728458822452408","-1.77809564615942","18","c(""Ybx1"", ""Snrpf"", ""Snrpg"", ""Lsm7"", ""Snrpd2"", ""Snrpb"", ""Snrpd1"", ""Snrpd3"", ""Sf3b5"", ""Phf5a"", ""Sf3b6"")"
"172","REACTOME_SIGNALING_BY_THE_B_CELL_RECEPTOR_BCR","0.000248695819828079","0.0060547262036249","0.49849310876659","-0.542249758707495","-1.77803606841838","67","c(""Nfkbia"", ""Psma2"", ""Psma6"", ""Calm2"", ""Psmb3"", ""Psmc4"", ""Ubb"", ""Psmb6"", ""Psma1"", ""Psmc2"", ""Psmb2"", ""Psmc5"", ""Kras"", ""Nfatc3"", ""Psmb7"", ""Psme2"", ""Psma4"", ""Psmd2"", ""Bcl10"", ""Psmd13"", ""Psmd3"", ""Psma3"", ""Psmc3"", ""Psmd6"", ""Psmc6"", ""Psmd12"", ""Psmb5"", ""Psma7"", ""Psma5"", ""Psmd14"", ""Psmd1"", ""Hras"")"
"173","REACTOME_ORGANELLE_BIOGENESIS_AND_MAINTENANCE","0.00015299722019001","0.00404460082548178","0.518848077743792","-0.507993119663805","-1.77795098293003","89","c(""Cycs"", ""Atp5e"", ""Tuba1a"", ""Atp5k"", ""Atp5g3"", ""Tubb5"", ""Atp5j"", ""Atp5j2"", ""Tuba1b"", ""Dynll1"", ""Atp5h"", ""Atp5b"", ""Tubb2a"", ""Atp5o"", ""Tubb4b"", ""Atp5g1"", ""Atp5l"", ""Ywhae"", ""Atp5a1"", ""Tuba1c"", ""Atp5c1"", ""Hspb11"", ""Cdk1"", ""Nek2"", ""Tubg1"", ""Tubb2b"")"
"174","REACTOME_TP53_REGULATES_METABOLIC_GENES","0.00111873730814248","0.0206643689321318","0.45505986738723","-0.703079421898061","-1.775656623576","22","c(""Cycs"", ""Cox6a1"", ""Cox7c"", ""Cox7b"", ""Cox5b"", ""Ndufa4"", ""Rheb"", ""Ywhae"", ""Txn1"", ""Prdx1"")"
"175","REACTOME_TELOMERE_MAINTENANCE","0.000873327095412811","0.0170033244961623","0.477270815362862","-0.639467815717086","-1.77549843533801","32","c(""Pcna"", ""Lig1"", ""Rpa3"", ""Ccna2"", ""Gar1"", ""Nhp2"", ""Dkc1"", ""Rpa1"", ""Nop10"", ""Rfc3"", ""Rfc4"", ""Cdk2"", ""Pif1"", ""Pola1"", ""Terf1"", ""Rfc5"")"
"176","REACTOME_ANTIGEN_PROCESSING_UBIQUITINATION_PROTEASOME_DEGRADATION","0.000195488713752828","0.0049196570190286","0.518848077743792","-0.509386875766718","-1.77205871243248","87","c(""Psma2"", ""Psma6"", ""Psmb3"", ""Psmc4"", ""Ubb"", ""Psmb6"", ""Psma1"", ""Ube2s"", ""Psmc2"", ""Psmb2"", ""Psmc5"", ""Ube2n"", ""Psmb7"", ""Psme2"", ""Psma4"", ""Psmd2"", ""Psmd13"", ""Psmd3"", ""Psma3"", ""Psmc3"", ""Psmd6"", ""Ccnf"", ""Psmc6"", ""Psmd12"", ""Psmb5"", ""Psma7"", ""Cdc34"", ""Cdc20"", ""Psma5"", ""Ube2c"", ""Psmd14"", ""Anapc5"", ""Asb2"", ""Psmd1"", ""Lrr1"", ""Psmb4"", ""Ube2l3"", ""Rnf126"", ""Psmd7"", ""Anapc13"", ""Cdc16"", ""Hecw2"")"
"177","GOBP_NUCLEAR_EXPORT","0.000397721063006702","0.00898849602395146","0.49849310876659","-0.529893301935864","-1.77172790275192","72","c(""Srsf3"", ""Alyref"", ""Eif4a3"", ""Anp32b"", ""Ran"", ""Magoh"", ""Rbm8a"", ""Eny2"", ""Hnrnpa2b1"", ""Ywhae"", ""Txn1"", ""Camk4"", ""Ddx39b"", ""Eif6"", ""Ltv1"", ""Ssb"", ""Egr2"", ""Nmd3"", ""Thoc7"", ""Ctdspl2"", ""Eif4e"", ""Sp100"", ""Bard1"", ""Thoc6"", ""Nsun2"", ""Nutf2"", ""Fmr1"", ""Cse1l"", ""Desi1"", ""Nop9"", ""Abce1"", ""Rangap1"", ""Nxt1"", ""Dhx9"", ""Iws1"", ""Thoc3"", ""Hspa9"")"
"178","REACTOME_TRANSCRIPTIONAL_REGULATION_BY_RUNX2","0.000808732572590283","0.0159613897802664","0.477270815362862","-0.594560420001086","-1.77169257993947","45","c(""Psma2"", ""Psma6"", ""Psmb3"", ""Psmc4"", ""Ubb"", ""Psmb6"", ""Psma1"", ""Psmc2"", ""Psmb2"", ""Psmc5"", ""Psmb7"", ""Psme2"", ""Psma4"", ""Psmd2"", ""Ccnb1"", ""Psmd13"", ""Psmd3"", ""Psma3"", ""Psmc3"", ""Psmd6"", ""Cdk1"", ""Psmc6"", ""Psmd12"", ""Psmb5"", ""Psma7"", ""Psma5"", ""Psmd14"")"
"179","GOBP_SISTER_CHROMATID_SEGREGATION","6.13905067407999e-05","0.00198760387835523","0.538434096309916","-0.492217811241847","-1.76809839493691","114","c(""Ran"", ""Hnrnpu"", ""Top2a"", ""Nusap1"", ""Bub3"", ""Smc4"", ""Rrs1"", ""Ccnb1"", ""Rad21"", ""Birc5"", ""Kif11"", ""Cdk1"", ""Cenpk"", ""Nek2"", ""Tubg1"", ""Mad1l1"", ""Tacc3"", ""Racgap1"", ""Smarca5"", ""Spc25"", ""Cdc20"", ""Stag2"", ""Cenpe"", ""Mad2l1"", ""Ncapg"", ""Prc1"", ""Kif22"", ""Fbxo5"", ""Ube2c"", ""Anapc15"", ""Anapc5"", ""Nudc"", ""Seh1l"", ""Ndc80"", ""Plk1"", ""Spdl1"", ""Ccsap"", ""Rmi2"", ""Aurkb"", ""Kif18a"", ""Spc24"", ""Smc2"", ""Kif23"", ""Cdc16"", ""Actl6a"", ""Hecw2"", ""Ncaph"", ""Ncapd3"", ""Bub1b"", ""Kif14"", ""Ttk"", ""Pinx1"", ""Kif2a"", ""Cdca8"", ""Cdc6"", ""Nsmce2"", 
""Knstrn"", ""Nuf2"", ""Ncapg2"", ""Zwilch"", ""Kifc1"", ""Aaas"", ""Ncaph2"", ""Nsl1"")"
"180","REACTOME_MITOTIC_G1_PHASE_AND_G1_S_TRANSITION","0.000110341283419679","0.00316366575297319","0.538434096309916","-0.507470796525359","-1.76504372664971","88","c(""Psma2"", ""Psma6"", ""Psmb3"", ""Psmc4"", ""Ubb"", ""Psmb6"", ""Pole4"", ""Psma1"", ""Rpa3"", ""Psmc2"", ""Psmb2"", ""Hdac1"", ""Psmc5"", ""Ccna2"", ""Ccne2"", ""E2f2"", ""Psmb7"", ""Psme2"", ""Psma4"", ""Psmd2"", ""Psmd13"", ""Mcm5"", ""Psmd3"", ""Psma3"", ""Psmc3"", ""Ccne1"", ""Mcm7"", ""Psmd6"", ""Rpa1"", ""E2f4"", ""Psmc6"", ""Psmd12"", ""Psmb5"", ""Rbbp4"", ""Psma7"", ""Gmnn"", ""Orc6"", ""Psma5"", ""Cdc45"", ""Psmd14"", ""Mcm4"", ""Psmd1"", ""Psmb4"", ""Ccnd2"", ""Pole2"", ""Cdk2"", ""Psmd7"", ""Dbf4"", ""Orc1"", ""Pola1"", ""Cdkn1c"")"
"181","GOBP_NEGATIVE_REGULATION_OF_CHROMOSOME_ORGANIZATION","0.000413731781644115","0.00927757298682894","0.49849310876659","-0.561958655749903","-1.76270346461214","55","c(""H3f3a"", ""H3f3b"", ""Hnrnpu"", ""Top2a"", ""Bub3"", ""Ccnb1"", ""Rad21"", ""Birc5"", ""Mad1l1"", ""Smarca5"", ""Spc25"", ""Cdc20"", ""Cenpe"", ""Mad2l1"", ""Fbxo5"", ""Anapc15"", ""Xrcc1"", ""Ndc80"", ""Plk1"", ""Spdl1"", ""Aurkb"", ""Spc24"", ""Pif1"", ""Terf1"", ""Bub1b"", ""Tinf2"", ""Ttk"", ""Pinx1"", ""Terf2ip"", ""Cdca8"", ""Hnrnpc"", ""Nuf2"", ""Zwilch"", ""Mcm2"")"
"182","REACTOME_TRANSCRIPTIONAL_REGULATION_BY_TP53","5.32969520035905e-05","0.00176523180687754","0.557332238758646","-0.491014869273808","-1.75814230512957","107","c(""Cycs"", ""Cox6a1"", ""Cox7c"", ""Pcna"", ""Cox7b"", ""Polr2l"", ""Ubb"", ""Gtf2h4"", ""Polr2k"", ""Rpa3"", ""Cox5b"", ""Hdac1"", ""Ndufa4"", ""Ccna2"", ""Ccne2"", ""Rheb"", ""Prelid1"", ""Ywhae"", ""Txn1"", ""Ak6"", ""Rbbp7"", ""Ccnb1"", ""Prdx1"", ""Polr2i"", ""Ccne1"", ""Mbd3"", ""Rpa1"", ""Gtf2f1"", ""Cdk1"", ""Taf3"", ""Rabggtb"", ""Polr2f"", ""Rbbp4"", ""Ddit4"", ""Chek1"", ""E2f8"", ""Bard1"", ""Rfc3"", ""Polr2e"", ""Cox8a"", ""Polr2c"", ""Nelfa"", ""Meaf6"", ""Pin1"", ""Rmi2"", ""Rfc4"", ""Aurkb"", ""Cdk2"", ""Rhno1"", ""Ywhaq"", ""Taf15"", ""Polr2d"", ""Rragd"", ""Rfc5"")"
"183","REACTOME_MITOTIC_SPINDLE_CHECKPOINT","0.00048115780615481","0.010544569386143","0.49849310876659","-0.524140867815961","-1.75249431742117","72","c(""Dynll1"", ""Ube2s"", ""Bub3"", ""Cenpf"", ""Sec13"", ""Cenpa"", ""Rcc2"", ""Cenpk"", ""Mad1l1"", ""Spc25"", ""Cdc20"", ""Cenpe"", ""Mad2l1"", ""Cenpp"", ""Ska2"", ""Ube2c"", ""Anapc15"", ""Anapc5"", ""Nudc"", ""Ska1"", ""Seh1l"", ""Ndc80"", ""Plk1"", ""Spdl1"", ""Nup43"", ""Aurkb"", ""Cenpl"", ""Kif18a"", ""Spc24"", ""Dynll2"", ""Cdc16"", ""Ckap5"", ""Nde1"", ""Nup37"", ""Rangap1"", ""Bub1b"", ""Kif2a"", ""Cdca8"", ""Nup107"", ""Nuf2"", ""Zwilch"", ""Nsl1"")"
"184","GOCC_CHROMOSOME_CENTROMERIC_REGION","5.62604998940587e-05","0.00183950118673751","0.557332238758646","-0.480009921749972","-1.74979788083005","124","c(""H3f3a"", ""Cbx3"", ""Dynll1"", ""Smc6"", ""Hnrnpu"", ""Top2a"", ""Nsmce1"", ""Hells"", ""Bub3"", ""Smc4"", ""Cenpw"", ""Cenpf"", ""Ccnb1"", ""Cbx1"", ""Sec13"", ""Rad21"", ""Birc5"", ""Cenpa"", ""Ctcf"", ""Rcc2"", ""Cenpk"", ""Nek2"", ""Mki67"", ""Mad1l1"", ""Smarca5"", ""Spc25"", ""Cdc20"", ""Stag2"", ""Ezh2"", ""Cenpe"", ""Mad2l1"", ""Cenpp"", ""Ska2"", ""Ncapg"", ""Ikzf1"", ""Ska1"", ""Seh1l"", ""Ndc80"", ""Plk1"", ""Spdl1"", ""Cfdp1"", ""Meaf6"", ""Nup43"", ""Fmr1"", ""Aurkb"", ""Suv39h1"", ""Cenpl"", ""Kif18a"", ""Spc24"", ""Hjurp"", ""Ckap5"", ""Actl6a"", ""Nde1"", ""Esco2"", ""Nup37"", ""Rangap1"", 
""Ncapd3"", ""Bub1b"", ""Mis18a"", ""Ttk"", ""Pinx1"", ""Aurka"", ""Cdca8"", ""Pole3"", ""Orc2"", ""Knstrn"", ""Nup107"", ""Nuf2"", ""Zwilch"")"
"185","GOBP_NEGATIVE_REGULATION_OF_MRNA_METABOLIC_PROCESS","0.00146462760286174","0.0254236411906392","0.45505986738723","-0.618124973094635","-1.74961896508811","34","c(""Ybx1"", ""Hnrnpd"", ""Srsf7"", ""Sap18"", ""Hnrnpab"", ""Hnrnpu"", ""Hnrnpa2b1"", ""U2af2"", ""Srsf10"", ""Srsf6"", ""Srsf9"", ""C1qbp"", ""Syncrip"", ""Ptbp1"", ""Fmr1"", ""Mettl16"", ""Taf15"", ""E2f1"", ""Dhx9"", ""Ybx2"", ""Rbm24"", ""Hnrnpc"", ""Rnps1"", ""Srsf1"", ""Srsf4"")"
"186","REACTOME_REGULATION_OF_RUNX3_EXPRESSION_AND_ACTIVITY","0.00155266298202364","0.0266360037794569","0.45505986738723","-0.613527599820492","-1.74933861516375","35","c(""Psma2"", ""Psma6"", ""Psmb3"", ""Psmc4"", ""Ubb"", ""Psmb6"", ""Psma1"", ""Psmc2"", ""Psmb2"", ""Psmc5"", ""Psmb7"", ""Psme2"", ""Psma4"", ""Psmd2"", ""Psmd13"", ""Psmd3"", ""Psma3"", ""Psmc3"", ""Psmd6"", ""Psmc6"", ""Psmd12"", ""Psmb5"", ""Psma7"", ""Psma5"", ""Psmd14"")"
"187","GOCC_CHROMOSOME_TELOMERIC_REGION","0.000514978552903468","0.0110327933099728","0.477270815362862","-0.564800206305011","-1.74826287758356","53","c(""H3f3a"", ""H3f3b"", ""Alyref"", ""Smc6"", ""Nsmce1"", ""Hnrnpa2b1"", ""Gar1"", ""Rbbp7"", ""Cbx1"", ""Rbbp4"", ""Chek1"", ""Thoc7"", ""Ezh2"", ""Thoc6"", ""Smchd1"", ""Rad51ap1"", ""Xrcc1"", ""Cdk2"", ""Pif1"", ""Orc1"", ""Hdac2"", ""Terf1"", ""Thoc3"", ""Tinf2"", ""Pinx1"", ""Terf2ip"", ""Orc2"", ""Nsmce2"", ""Rad51"")"
"188","ZENG_GU_ICB_CONTROL_METAGENE_21_PRECICTIVE_ICB_RESISTANCE","0.000136158520930755","0.0037188699342367","0.518848077743792","-0.494888679556081","-1.74706964171738","97","c(""Snrpf"", ""Snrpb"", ""Eif2s1"", ""Cct5"", ""Ube2n"", ""Tomm40"", ""Srm"", ""Rrs1"", ""Tuba1c"", ""Dkc1"", ""Mphosph10"", ""Hspd1"", ""Ola1"", ""Rcc1"", ""Cct2"", ""Ccnf"", ""Pwp1"", ""Ddx21"", ""Trmt61a"", ""Rnf187"", ""Drap1"", ""Grwd1"", ""C1qbp"", ""Slc19a1"", ""Racgap1"", ""Hars"", ""Hnrnpa1"", ""Rars"", ""Sf3b4"", ""Morc1"", ""Rrp15"", ""Ndc80"", ""Hibadh"", ""Spdl1"", ""Nolc1"", ""Gtpbp4"", ""Itga6"", ""Mettl16"", ""Nup37"", ""Lmnb2"", ""Thoc3"", ""Pa2g4"", ""Trim27"", ""Nop2"", ""Tipin"", ""Nop16"", ""Nap1l1"", ""Exosc5"", ""Nup107"", ""Gid4"", ""Nsl1"", ""Etaa1"", ""Shmt2"")"
"189","REACTOME_CHROMOSOME_MAINTENANCE","0.000491583756593208","0.0106905554311195","0.477270815362862","-0.556600578737095","-1.74589671056093","55","c(""Pcna"", ""Lig1"", ""Rpa3"", ""Ccna2"", ""Gar1"", ""Cenpw"", ""Nhp2"", ""Rbbp7"", ""Dkc1"", ""Cenpa"", ""Rpa1"", ""Cenpk"", ""Rbbp4"", ""Smarca5"", ""Cenpp"", ""Nop10"", ""Rfc3"", ""Rfc4"", ""Cenpl"", ""Cdk2"", ""Pif1"", ""Hjurp"", ""Pola1"", ""Terf1"", ""Rfc5"")"
"190","GOBP_ALTERNATIVE_MRNA_SPLICING_VIA_SPLICEOSOME","0.00161865544299486","0.0273257821812521","0.45505986738723","-0.675268686921842","-1.74511890074474","24","c(""Srsf2"", ""Hnrnpm"", ""Sap18"", ""Magoh"", ""Rbm8a"", ""Strap"", ""Hnrnpu"", ""Sfpq"", ""Srsf6"", ""Srsf9"", ""Rbm17"", ""Hnrnpa1"", ""Ptbp1"", ""Fmr1"", ""Rbm15"", ""Dhx9"", ""Rbm24"", ""Rnps1"", ""Srsf1"")"
"191","HALLMARK_MYC_TARGETS_V2","0.000571962218885107","0.0119862482452177","0.477270815362862","-0.566025011899368","-1.74366966492387","52","c(""Cbx3"", ""Dusp2"", ""Ddx18"", ""Phb"", ""Srm"", ""Bysl"", ""Nop56"", ""Mcm5"", ""Ndufaf4"", ""Nip7"", ""Mphosph10"", ""Aimp2"", ""Hspd1"", ""Ppan"", ""Mrto4"", ""Wdr43"", ""Grwd1"", ""Slc19a1"", ""Gnl3"", ""Mcm4"", ""Imp4"", ""Rrp9"", ""Wdr74"", ""Plk1"", ""Nolc1"")"
"192","GOBP_PROTEIN_LOCALIZATION_TO_CHROMOSOME","0.000571962218885107","0.0119862482452177","0.477270815362862","-0.565969700709811","-1.74349927591043","52","c(""Lef1"", ""Cct8"", ""Cct5"", ""Bub3"", ""Cct7"", ""Dkc1"", ""Rad21"", ""Cenpa"", ""Ctcf"", ""Rpa1"", ""Rcc2"", ""Cdk1"", ""Cct2"", ""Cct3"", ""Gnl3"", ""Ezh2"", ""Plk1"", ""Spdl1"", ""Aurkb"", ""Ruvbl2"", ""Esco2"", ""Terf1"", ""Bub1b"", ""Tinf2"", ""Ttk"", ""Pinx1"", ""Terf2ip"")"
"193","GOBP_NUCLEAR_TRANSCRIBED_MRNA_CATABOLIC_PROCESS","0.00181882632112463","0.0296937566250461","0.45505986738723","-0.610232834866485","-1.7399443196771","35","c(""Ybx1"", ""Hnrnpd"", ""Zfp36l1"", ""Eif4a3"", ""Lsm7"", ""Lsm4"", ""Magoh"", ""Hnrnpab"", ""Rbm8a"", ""Hnrnpu"", ""Exosc3"", ""Gspt1"", ""Etf1"", ""Ssb"", ""Mrto4"")"
"194","GOBP_MITOCHONDRIAL_ELECTRON_TRANSPORT_NADH_TO_UBIQUINONE","0.00186296029086618","0.0302429300176388","0.45505986738723","-0.74295308410943","-1.73851352288679","15","c(""Dnajc15"", ""Ndufs6"", ""Ndufb6"", ""Ndufc2"", ""Ndufb8"", ""Ndufv1"", ""Ndufs8"", ""Dld"", ""Ndufv2"", ""Ndufs7"", ""mt-Nd1"")"
"195","YAO_TEMPORAL_RESPONSE_TO_PROGESTERONE_CLUSTER_14","0.000280910853529172","0.00663479200364187","0.49849310876659","-0.497264109382266","-1.73847014763463","91","c(""Hnrnpa3"", ""Tuba1a"", ""Pkm"", ""Nme1"", ""Banf1"", ""Psmb3"", ""Ran"", ""Ranbp1"", ""Cct8"", ""Fbl"", ""Snrpa1"", ""Galk1"", ""Nhp2"", ""Ppa1"", ""Mrpl20"", ""Odc1"", ""Snrpd3"", ""Sec13"", ""Gnpnat1"", ""Psmd6"", ""Tmem14c"", ""Nubp1"", ""Cct3"", ""Hmgn5"", ""Nars"", ""Psmb5"", ""P3h4"", ""Morf4l2"", ""Ebna1bp2"", ""Rars"", ""Ptp4a3"", ""Prep"", ""Syncrip"", ""Prmt1"", ""Nsun2"", ""Cs"", ""Psmd1"", ""Rwdd1"", ""Mrpl12"", ""Wdr74"")"
"196","REACTOME_THE_ROLE_OF_GTSE1_IN_G2_M_PROGRESSION_AFTER_G2_CHECKPOINT","0.00046381830458265","0.0102413214149801","0.49849310876659","-0.568544678435641","-1.73840132617681","51","c(""Tuba1a"", ""Tuba1b"", ""Psma2"", ""Psma6"", ""Tubb2a"", ""Psmb3"", ""Psmc4"", ""Ubb"", ""Tubb4b"", ""Psmb6"", ""Psma1"", ""Psmc2"", ""Ccnb2"", ""Psmb2"", ""Psmc5"", ""Psmb7"", ""Psme2"", ""Psma4"", ""Psmd2"", ""Tuba1c"", ""Ccnb1"", ""Psmd13"", ""Psmd3"", ""Psma3"", ""Psmc3"", ""Psmd6"", ""Cdk1"", ""Tubb2b"", ""Psmc6"", ""Psmd12"", ""Psmb5"", ""Psma7"", ""Hsp90aa1"", ""Psma5"", ""Psmd14"")"
"197","REACTOME_AMPLIFICATION_OF_SIGNAL_FROM_THE_KINETOCHORES","0.00074453230943834","0.0149992976148823","0.477270815362862","-0.544116118505447","-1.73663033502578","63","c(""Dynll1"", ""Bub3"", ""Cenpf"", ""Sec13"", ""Cenpa"", ""Rcc2"", ""Cenpk"", ""Mad1l1"", ""Spc25"", ""Cdc20"", ""Cenpe"", ""Mad2l1"", ""Cenpp"", ""Ska2"", ""Nudc"", ""Ska1"", ""Seh1l"", ""Ndc80"", ""Plk1"", ""Spdl1"", ""Nup43"", ""Aurkb"", ""Cenpl"", ""Kif18a"", ""Spc24"", ""Dynll2"", ""Ckap5"", ""Nde1"", ""Nup37"", ""Rangap1"", ""Bub1b"", ""Kif2a"", ""Cdca8"", ""Nup107"", ""Nuf2"", ""Zwilch"", ""Nsl1"", ""Cenpc1"", ""Cenpi"", ""Ppp2r5d"", ""Cenph"")"
"198","GOCC_CONDENSED_CHROMOSOME_CENTROMERIC_REGION","0.000198607172127353","0.00497640492595623","0.518848077743792","-0.495283825818499","-1.73489608746168","92","c(""H3f3a"", ""Cbx3"", ""Dynll1"", ""Hnrnpu"", ""Bub3"", ""Cenpw"", ""Cenpf"", ""Ccnb1"", ""Sec13"", ""Birc5"", ""Cenpa"", ""Cenpk"", ""Nek2"", ""Mad1l1"", ""Spc25"", ""Cdc20"", ""Cenpe"", ""Mad2l1"", ""Cenpp"", ""Ska2"", ""Ncapg"", ""Ska1"", ""Seh1l"", ""Ndc80"", ""Plk1"", ""Spdl1"", ""Cfdp1"", ""Meaf6"", ""Nup43"", ""Aurkb"", ""Cenpl"", ""Kif18a"", ""Spc24"", ""Hjurp"", ""Ckap5"", ""Actl6a"", ""Nde1"", ""Nup37"", ""Rangap1"", ""Ncapd3"", ""Bub1b"", ""Ttk"", ""Pinx1"", ""Aurka"", ""Orc2"", ""Knstrn"", ""Nup107"", ""Nuf2"", ""Zwilch"")"
"199","GOBP_POSITIVE_REGULATION_OF_CHROMOSOME_ORGANIZATION","0.000517853779550536","0.011053301227962","0.477270815362862","-0.566669016924825","-1.73266624047197","51","c(""Hnrnpd"", ""Cct8"", ""Hnrnpa2b1"", ""Cct5"", ""Smc4"", ""Cct7"", ""Sfpq"", ""Dkc1"", ""Rad21"", ""Uchl5"", ""Cdk1"", ""Nek2"", ""Cct2"", ""Cct3"", ""Mad1l1"", ""Gnl3"", ""Ncapg"", ""Aurkb"", ""Smc2"", ""Cdk2"", ""Ruvbl2"", ""Actl6a"", ""Terf1"", ""Ncaph"")"
"200","HOFFMANN_LARGE_TO_SMALL_PRE_BII_LYMPHOCYTE_UP","4.54297170629713e-05","0.00154918023333671","0.557332238758646","-0.473890016030118","-1.73243926319607","126","c(""Ldha"", ""Tuba1a"", ""Tubb5"", ""Tuba1b"", ""Rrm2"", ""Anp32b"", ""Tubb4b"", ""Nucks1"", ""Anp32a"", ""Kpna2"", ""Ube2s"", ""Lig1"", ""Top2a"", ""Hells"", ""Ccnb2"", ""Nusap1"", ""Ccna2"", ""Smc4"", ""Dlgap5"", ""Slc29a1"", ""Tmpo"", ""Ccnb1"", ""Gspt1"", ""Nasp"", ""Psmc3"", ""Cbx1"", ""Ccne1"", ""Cenpa"", ""Anp32e"", ""Rpa1"", ""Cdk1"", ""Nek2"", ""Mki67"", ""Aars"", ""Actn4"", ""Racgap1"", ""Azin1"", ""Cdc20"", ""Cdca3"", ""E2f8"", ""Cenpe"", ""Myef2"", ""Cdc45"", ""Prc1"", ""Kif22"", ""Ube2c"", ""Rfc3"", ""Nudc"", ""Ndc80"", ""Spdl1"", ""Cdkn2c"", ""Aurkb"", ""Cenpl"", ""Smc2"", ""Dbf4"", ""Kif23"", 
""Hjurp"", ""Ckap5"", ""Rrm1"", ""Pola1"", ""Cdkn3"", ""Rfc5"", ""Ncaph"", ""Ssx2ip"")"
"201","GOBP_POSITIVE_REGULATION_OF_CHROMOSOME_SEGREGATION","0.00237275017389046","0.0368575721081691","0.431707695803346","-0.685643468109483","-1.73162138961983","22","c(""Smc6"", ""Hnrnpu"", ""Smc4"", ""Ccnb1"", ""Birc5"", ""Rcc2"", ""Cdk1"", ""Mad1l1"", ""Cenpe"", ""Ncapg"", ""Aurkb"", ""Smc2"", ""Ncaph"", ""Ncapd3"", ""Cdca8"", ""Cdc6"", ""Ncapg2"", ""Ncaph2"")"
"202","HEVNER_CORTEX_PROLIFERATING_CELLS","0.00279737375147221","0.0414428404363352","0.431707695803346","-0.658763471977528","-1.73094122310324","25","c(""Top2a"", ""Nusap1"", ""Slbp"", ""Ccnb1"", ""Mcm5"", ""Ccne1"", ""Mcm7"", ""Mki67"", ""Gmnn"", ""Mcm4"", ""Plk1"", ""Nde1"", ""E2f1"", ""Bub1b"", ""Hat1"", ""Aurka"", ""Shcbp1"", ""Nuf2"", ""Mcm2"")"
"203","REACTOME_MITOTIC_PROPHASE","0.00221457755855557","0.0347755053677268","0.431707695803346","-0.587807138757185","-1.73073016372032","41","c(""Arpp19"", ""Banf1"", ""Set"", ""Ccnb2"", ""Smc4"", ""Lmnb1"", ""Ccnb1"", ""Sec13"", ""Cdk1"", ""Lmna"", ""Seh1l"", ""Plk1"", ""Nup43"", ""Smc2"", ""Nup37"", ""Nup50"", ""Ncapd3"", ""Nup107"", ""Ncapg2"", ""Aaas"", ""Nup93"", ""Ncaph2"", ""Nup54"", ""Mapk1"")"
"204","GOBP_DNA_RECOMBINATION","3.70209748115052e-05","0.00132516694309754","0.557332238758646","-0.467631303312018","-1.73020092420881","140","c(""Cd28"", ""Lef1"", ""Ptprc"", ""Hmgb1"", ""Alyref"", ""Hmgb2"", ""Rag1"", ""Cd40lg"", ""Nucks1"", ""Smc6"", ""Exosc3"", ""Lig1"", ""Rpa3"", ""Top2a"", ""Nsmce1"", ""Tcf7"", ""Ube2n"", ""Bcl6"", ""Ndfip1"", ""Sfpq"", ""Rag2"", ""Sfr1"", ""Mcm5"", ""Rad21"", ""Mcm7"", ""Hspd1"", ""Uchl5"", ""Samhd1"", ""Rpa1"", ""Xrcc6"", ""Chek1"", ""Morf4l2"", ""Ezh2"", ""Cdc45"", ""Bard1"", ""Psmd14"", ""Smchd1"", ""Rad51ap1"", ""Xrcc1"", ""Mcm4"", ""Meaf6"", ""Rmi2"", ""Timeless"", ""Pif1"", ""Ruvbl2"", ""Aunip"", ""Actl6a"", ""Rhno1"")"
"205","REACTOME_RNA_POLYMERASE_II_PRE_TRANSCRIPTION_EVENTS","0.000993118139851277","0.0188267757893517","0.45505986738723","-0.637423221396842","-1.72985899445087","29","c(""Polr2l"", ""Gtf2h4"", ""Gtf2a2"", ""Polr2k"", ""Ak6"", ""Polr2i"", ""Gtf2f1"", ""Taf3"", ""Polr2f"", ""Leo1"", ""Polr2e"", ""Polr2c"", ""Nelfa"", ""Taf15"", ""Polr2d"", ""Iws1"")"
"206","REACTOME_RNA_POLYMERASE_II_PROMOTER_ESCAPE","0.00244728615790953","0.0377104548877878","0.431707695803346","-0.684788610955131","-1.7294624119552","22","c(""Polr2l"", ""Gtf2h4"", ""Gtf2a2"", ""Polr2k"", ""Ak6"", ""Polr2i"", ""Gtf2f1"", ""Taf3"", ""Polr2f"", ""Polr2e"", ""Polr2c"", ""Taf15"", ""Polr2d"")"
"207","GOMF_MHC_CLASS_I_PROTEIN_BINDING","0.00244399057925097","0.0377104548877878","0.431707695803346","-0.690234569775626","-1.72219660717459","21","c(""Cd8b1"", ""Tubb5"", ""Atp5b"", ""H2-T22"", ""H2-D1"", ""Atp5a1"", ""H2-K1"", ""H2-T3"", ""H2-Q4"")"
"208","REACTOME_DNA_REPAIR","0.000133741831260418","0.00367025796930376","0.518848077743792","-0.476339151458134","-1.72086115069643","121","c(""Pcna"", ""Polr2l"", ""Hmgn1"", ""Sumo2"", ""Ubb"", ""Pole4"", ""Kpna2"", ""Rad23a"", ""Gtf2h4"", ""Lig1"", ""Polr2k"", ""Rpa3"", ""Ccna2"", ""Ube2n"", ""Cops3"", ""Polr2i"", ""Cops5"", ""Rpa1"", ""Xrcc6"", ""Polr2f"", ""Chek1"", ""Isg15"", ""Usp1"", ""Bard1"", ""Isy1"", ""Rfc3"", ""Polr2e"", ""Rad51ap1"", ""Xrcc1"", ""Polr2c"", ""Brcc3"", ""Gm10184"", ""Rmi2"", ""Rfc4"", ""Pole2"", ""Cdk2"", ""Timeless"", ""Chd1l"", ""Actl6a"", ""Rhno1"", ""Prpf19"", ""Polr2d"", ""Rfc5"", ""Rev1"", ""Tdp1"", ""Clspn"", ""Faap24"", ""Tipin"", ""Exo1"")"
"209","GOCC_MITOCHONDRIAL_LARGE_RIBOSOMAL_SUBUNIT","0.00330965502169409","0.0472772216611298","0.431707695803346","-0.594326134225516","-1.71966369774646","37","c(""Mrpl21"", ""Mrpl20"", ""Mrpl18"", ""Mrpl57"", ""Mrpl42"", ""Mrpl23"", ""Mrpl40"", ""Mrpl3"", ""Mrpl46"", ""Mrpl15"", ""Mrpl51"", ""Mrpl36"", ""Mrpl13"", ""Mrpl50"", ""Mrpl12"", ""Mrpl47"", ""Mrpl54"", ""Mrpl17"", ""Mrpl55"", ""Mrpl49"", ""Mrpl38"", ""Mrpl28"")"
"210","GOMF_SNRNA_BINDING","0.00127334794822044","0.0227192081287753","0.45505986738723","-0.697436217464275","-1.71786327922533","20","c(""Larp7"", ""Lsm4"", ""Eif5a"", ""Hnrnpu"", ""Snrpa1"", ""Snrpb2"", ""Ddx39b"", ""Lsm3"", ""Snrpd3"", ""Ddx21"")"
"211","REACTOME_APOPTOSIS","0.00216145139916255","0.0344100674402591","0.431707695803346","-0.61851442488717","-1.71732081995353","32","c(""Satb1"", ""Cycs"", ""Dynll1"", ""Hmgb1"", ""Hmgb2"", ""Ywhae"", ""Lmnb1"", ""Lmna"", ""Bid"", ""Bcl2l11"")"
"212","HALLMARK_DNA_REPAIR","0.000666160487392199","0.0136137691093661","0.477270815362862","-0.546822681558911","-1.71522624564994","55","c(""Dut"", ""Pcna"", ""Nme1"", ""Alyref"", ""Pole4"", ""Gtf2a2"", ""Lig1"", ""Polr2k"", ""Rpa3"", ""Srsf6"", ""Ada"", ""Polr2i"", ""Gtf2f1"", ""Polr2j"", ""Sf3a3"", ""Polr2f"", ""Mrpl40"", ""Umps"", ""Hprt"", ""Rfc3"", ""Polr2e"", ""Polr2c"")"
"213","GOMF_LIGASE_ACTIVITY","0.00112490026600215","0.0207118218305764","0.45505986738723","-0.536023745175916","-1.71080228007857","63","c(""Atp5e"", ""Atp5k"", ""Atp5j"", ""Atp5j2"", ""Atp5h"", ""Atp5b"", ""Atp5o"", ""Lig1"", ""Atp5l"", ""Uba2"", ""Gars"", ""Atp5a1"", ""Atp5c1"", ""Ctps"", ""Farsb"", ""Nars"", ""Aars"", ""Hars"", ""Rars"")"
"214","TABULA_MURIS_SENIS_BRAIN_NON_MYELOID_OLIGODENDROCYTE_AGEING","6.05970335881828e-11","1.66295573604142e-08","0.839088935621274","-0.415068360936719","-1.70744876506761","468","c(""Jund"", ""Slc25a5"", ""Tmsb4x"", ""Hmgn2"", ""Ptma"", ""Ppia"", ""Cycs"", ""Tuba1a"", ""H3f3a"", ""Atp5g3"", ""Tubb5"", ""Atp5j"", ""Ybx1"", ""H3f3b"", ""Tuba1b"", ""Nfkbia"", ""Klf13"", ""Dynll1"", ""Pkm"", ""Atp5h"", ""Ptms"", ""Psma2"", ""Cox6a1"", ""Dnajc15"", ""Nol7"", ""Hmgb1"", ""Pcna"", ""Psma6"", ""U2af1"", ""Nme1"", ""Sdhb"", ""Pacsin1"", ""Gapdh"", ""Eif4a3"", ""Rpl35"", ""Fam162a"", ""Mdh2"", ""Cnbp"", ""Hmgn1"", ""Junb"", ""Anp32b"", ""Ncl"", ""Banf1"", ""Calm2"", ""Psmb3"", ""H2-D1"", ""Psmc4"", ""Ranbp1"", ""Atp5o"", ""Ubb"", ""Set"", ""Tubb4b"", ""Psmb6"", ""Atp5g1"", ""Snrpd2"", ""Lsm4"", 
""Cdkn2d"", ""Rbm8a"", ""Pole4"", ""Ndufa12"", ""Phb"", ""Nucks1"", ""Cacybp"", ""Tomm6"", ""Ndufs6"", ""Ndufb7"", ""Snrpb"", ""Psma1"", ""Lsm2"", ""Eif5a"", ""Dbi"", ""Pdcd5"", ""Ier2"", ""Gtf2a2"", ""Rbm3"", ""Timm13"", ""Cltb"", ""Psmc2"", ""Atp5l"", ""Nsmce1"", ""Snrpa1"", ""1110004F10Rik"", ""Psmb2"", ""Psmc5"", ""Nme2"", ""Timm17a"", ""Pdap1"", ""Nt5c3b"", ""0610010K14Rik"", ""Ctsl"", ""Tomm40"", ""Snrpc"", ""Srm"", ""Rheb"", ""Prelid1"", ""Ywhae"", ""Ndufab1"", ""Phb2"", ""Psmb7"", ""Psme2"", ""Psma4"", ""Ddx39b"", ""Eif1ax"", ""Ndufb6"", ""Galk1"", ""Raly"", ""Fdps"", ""Lmo4"", ""Eif6"", ""Mlf2"", 
""Snrpd1"", ""Sfr1"", ""Srsf9"", ""Nop56"", ""H2-K1"", ""Mrpl20"", ""Mrpl18"", ""Psmd13"", ""Prdx1"", ""Mrps6"", ""Atp5c1"", ""Ahsa1"", ""Pgp"", ""Snrpd3"", ""Psma3"", ""Cnih4"", ""Psmc3"", ""Sec13"", ""Polr2i"", ""Aldoa"", ""Cops5"", ""Bcas2"", ""Psph"", ""Aimp2"", ""Uchl5"", ""Ndufc2"", ""Sf3b5"", ""Psmd6"", ""Phf5a"", ""Tmem14c"", ""Ndufb8"", ""Gtf2f1"", ""Cetn3"", ""Mrpl42"", ""Mrto4"", ""Pfdn6"", ""Lmna"", ""Txnl4a"", ""Pfdn1"", ""Ccdc124"", ""Drap1"", ""Samm50"", ""Nr4a1"", ""Psmb5"", ""C1qbp"", ""Wdr18"", ""Dpysl2"", ""Eif3g"", ""Psma7"", ""Cyc1"", ""Vdac2"", ""Rpp30"", ""Skil"", ""Emc8"", ""Ebna1bp2"", 
""Mif"", ""Hsp90aa1"", ""Psma5"", ""Glrx5"", ""Bmyc"", ""Ndufs8"", ""Eef1e1"", ""Mrps24"", ""Ssna1"", ""Mxd4"", ""Polr2e"", ""Id3"", ""Psip1"", ""Sf3b4"", ""Mrps17"", ""Commd1"", ""Mrpl15"", ""Cox8a"", ""Chchd2"", ""Ctsz"", ""Polr2c"", ""Nudc"", ""Tfam"", ""Vdac3"", ""Clpp"", ""Imp4"", ""Hras"", ""Mdh1"", ""Mrpl12"", ""Ctsb"", ""Atp5d"", ""Fcf1"", ""Cfdp1"", ""Serbp1"", ""Dnajc19"", ""Cdc123"", ""Psmb4"", ""Brcc3"", ""Ak2"", ""Adh5"", ""Zcrb1"", ""Ndufa9"")"
"215","GOBP_POSITIVE_REGULATION_OF_TELOMERE_MAINTENANCE_VIA_TELOMERE_LENGTHENING","0.0025021090389329","0.0383501446578998","0.431707695803346","-0.699447616278518","-1.70728217284055","18","c(""Cct8"", ""Hnrnpa2b1"", ""Cct5"", ""Cct7"", ""Dkc1"", ""Nek2"", ""Cct2"", ""Cct3"")"
"216","GOCC_RNA_POLYMERASE_COMPLEX","0.00229952275861207","0.0359136847097056","0.431707695803346","-0.584752558549056","-1.70549629261305","39","c(""Polr2l"", ""Eny2"", ""Gtf2h4"", ""Gtf2a2"", ""Polr2k"", ""Psmc5"", ""Polr2i"", ""Gtf2f1"", ""Taf3"", ""Polr2j"", ""Polr2f"", ""Leo1"", ""Polr2e"", ""Polr2c"")"
"217","GOBP_REGULATORY_NCRNA_PROCESSING","0.00163715187126321","0.0274270530060753","0.45505986738723","-0.691861429487942","-1.70413195395973","20","c(""Srsf3"", ""Larp7"", ""Exosc3"", ""Rbm3"", ""Fbl"", ""Hnrnpa2b1"", ""Dkc1"", ""Tdrd5"")"
"218","GOBP_REGULATION_OF_MITOTIC_SISTER_CHROMATID_SEGREGATION","0.00273561627085171","0.0408560350883397","0.431707695803346","-0.597560094356563","-1.70381079554478","35","c(""Hnrnpu"", ""Bub3"", ""Ccnb1"", ""Rad21"", ""Birc5"", ""Cdk1"", ""Mad1l1"", ""Spc25"", ""Cdc20"", ""Cenpe"", ""Mad2l1"", ""Fbxo5"", ""Anapc15"", ""Ndc80"", ""Plk1"", ""Spdl1"", ""Aurkb"", ""Spc24"", ""Bub1b"", ""Ttk"", ""Cdca8"", ""Nuf2"", ""Zwilch"")"
"219","REACTOME_TRANSCRIPTION_COUPLED_NUCLEOTIDE_EXCISION_REPAIR_TC_NER","0.00305083983874533","0.0447378880170212","0.431707695803346","-0.578431027364074","-1.70312328769502","41","c(""Pcna"", ""Polr2l"", ""Hmgn1"", ""Ubb"", ""Pole4"", ""Gtf2h4"", ""Lig1"", ""Polr2k"", ""Rpa3"", ""Cops3"", ""Polr2i"", ""Cops5"", ""Rpa1"", ""Polr2f"", ""Isy1"", ""Rfc3"", ""Polr2e"", ""Xrcc1"", ""Polr2c"", ""Rfc4"", ""Pole2"", ""Prpf19"", ""Polr2d"", ""Rfc5"")"
"220","GOBP_RNA_3_END_PROCESSING","0.00310714333733735","0.0454478859215105","0.431707695803346","-0.62632418527628","-1.69900487429523","28","c(""Zfp36l1"", ""Larp7"", ""Exosc3"", ""Fbl"", ""Slbp"", ""Ccnb1"", ""Dkc1"", ""Eri1"", ""Ssb"", ""Leo1"", ""Exosc2"")"
"221","GOBP_PROTEIN_LOCALIZATION_TO_MITOCHONDRION","0.0025399924648821","0.0387336233400763","0.431707695803346","-0.582460731929675","-1.69881192373681","39","c(""Dnajc15"", ""Tomm7"", ""Pdcd5"", ""Romo1"", ""Timm13"", ""Timm17a"", ""Tomm40"", ""Hspd1"", ""Tomm5"", ""Bid"", ""Samm50"", ""Isg15"", ""Hsp90aa1"", ""Bbc3"", ""Timm9"", ""Tomm20"", ""Dnajc19"")"
"222","GOCC_SNO_S_RNA_CONTAINING_RIBONUCLEOPROTEIN_COMPLEX","0.0027827116413686","0.0413318741989877","0.431707695803346","-0.695468334905591","-1.69756914217092","18","c(""Lsm6"", ""Fbl"", ""Nop58"", ""Gar1"", ""Nhp2"", ""Nop56"", ""Dkc1"", ""Mphosph10"", ""Rpp30"", ""Nop10"", ""Rrp9"", ""Nolc1"", ""Pop1"")"
"223","REACTOME_CLASS_I_MHC_MEDIATED_ANTIGEN_PROCESSING_PRESENTATION","0.000208047078099461","0.00519036931206578","0.518848077743792","-0.470755587394377","-1.68497934514656","110","c(""Psma2"", ""Psma6"", ""H2-T22"", ""Psmb3"", ""Psmc4"", ""Ubb"", ""Psmb6"", ""Psma1"", ""Ube2s"", ""Psmc2"", ""Psmb2"", ""Psmc5"", ""Ube2n"", ""Psmb7"", ""Psme2"", ""Psma4"", ""Psmd2"", ""H2-K1"", ""Psmd13"", ""Psmd3"", ""Psma3"", ""Psmc3"", ""Sec13"", ""Psmd6"", ""Ccnf"", ""Psmc6"", ""Psmd12"", ""Psmb5"", ""Psma7"", ""Cdc34"", ""Cdc20"", ""Psma5"", ""H2-Q4"", ""Ube2c"", ""Psmd14"", ""Gm8909"", ""Anapc5"", ""Asb2"", ""Psmd1"", ""Lrr1"", ""Psmb4"", ""Ube2l3"", ""Rnf126"", ""Psmd7"", ""Anapc13"", ""H2-Q2"", ""Cdc16"", ""Hecw2"")"
"224","ZHANG_UTERUS_C13_EPITHELIAL1_CELL","5.59416610144843e-07","4.88472412767384e-05","0.659444398037935","-0.437358402148205","-1.67894506676981","242","c(""Slc25a5"", ""Ptma"", ""Atp5k"", ""Cox7a2"", ""Atp5g3"", ""Tubb5"", ""Atp5j"", ""Srsf3"", ""Atp5j2"", ""Tuba1b"", ""Uqcr10"", ""Snrpf"", ""Atp5h"", ""Snrpg"", ""Dut"", ""Dek"", ""Cox6a1"", ""Cox7c"", ""Ndufa5"", ""Pcna"", ""Cox7b"", ""Ndufb4"", ""Uqcrb"", ""Hmgn1"", ""Anp32b"", ""Ncl"", ""Banf1"", ""Tomm7"", ""Ran"", ""Ranbp1"", ""Set"", ""Tubb4b"", ""Atp5g1"", ""Snrpd2"", ""Magoh"", ""Hnrnpab"", ""Rbm8a"", ""Ndufa12"", ""Mrps14"", ""Cacybp"", ""Ndufs6"", ""Lsm6"", ""Lsm2"", ""Rad23a"", ""Gtf2a2"", ""Rpa3"", ""Id2"", ""Top2a"", ""Ndufb2"", ""Ndufa4"", ""Bcat1"", ""Cldn10"", ""Uqcr11"", ""Txn1"", ""Ndufab1"", 
""Phb2"", ""Psmb7"", ""Ndufb6"", ""Lmnb1"", ""Lyar"", ""Chchd10"", ""Nhp2"", ""Snrpd1"", ""Rps27l"", ""Rbbp7"", ""Mrpl18"", ""Prdx1"", ""Bola2"", ""Mrps6"", ""Atp5c1"", ""Snrpd3"", ""Rplp2"", ""Polr2i"", ""Bcas2"", ""Mrpl57"", ""Hspd1"", ""Ndufc2"", ""Sf3b5"", ""1810037I17Rik"", ""Mbd3"", ""Tmem14c"", ""Ndufb8"", ""Mrpl42"", ""Cct2"", ""Polr2j"", ""Rpl36al"", ""Rpl41"", ""Pfdn1"", ""Psmb5"", ""C1qbp"", ""Polr2f"", ""Rbbp4"", ""Psma7"", ""Thoc7"", ""Cyc1"", ""Vdac2"", ""Fkbp4"", ""Mif"", ""Uqcrfs1"", ""Slirp"", ""Mrpl40"", ""Glrx5"", ""Nop10"", ""Ssna1"", ""Hprt"", ""Lsm8"", ""Naa38"", ""Rfc3"", ""Polr2e"", 
""Idh3a"", ""Sf3b4"")"
"225","GOBP_SPLICEOSOMAL_SNRNP_ASSEMBLY","0.00318326102401854","0.0458628332035471","0.431707695803346","-0.65746715836048","-1.67630990708155","23","c(""Snrpf"", ""Snrpg"", ""Snrpd2"", ""Lsm4"", ""Snrpb"", ""Strap"", ""Lsm2"", ""Snrpc"", ""Snrpd1"", ""Snrpd3"")"
"226","GOBP_RIBOSE_PHOSPHATE_METABOLIC_PROCESS","0.000150621868215616","0.00401867512280832","0.518848077743792","-0.456350569739771","-1.67323840848116","133","c(""Atp5e"", ""Atp5k"", ""Atp5g3"", ""Atp5j"", ""Atp5j2"", ""Atp5h"", ""Atp5b"", ""Ndufa5"", ""Nme1"", ""Sdhb"", ""Ndufb4"", ""Ran"", ""Atp5o"", ""Atp5g1"", ""Ndufc1"", ""Ndufa12"", ""Ndufs6"", ""Ndufb7"", ""Atp5l"", ""Ndufb2"", ""Nme2"", ""Prps2"", ""Ndufab1"", ""Ndufb6"", ""Atp5a1"", ""Ada"", ""Atp5c1"", ""Aldoa"", ""Ndufc2"", ""Ola1"", ""Ctps"", ""Ndufb8"", ""Vdac1"", ""Umps"", ""Ndufv1"", ""Ndufs8"", ""Hprt"", ""Cs"", ""Pdk3"", ""Gimap7"", ""Atp5d"", ""Dld"", ""Ak2"", ""Acsl3"", ""Ndufa9"", ""Ppat"", ""Ndufv2"", ""Ndufs7"", ""mt-Nd1"")"
"227","GOCC_CAJAL_BODY","0.00255927184108076","0.0388133779477591","0.431707695803346","-0.675776015927961","-1.66451178426693","20","c(""Fbl"", ""Hnrnpa2b1"", ""Snrpc"", ""Nop58"", ""Ak6"", ""Dkc1"", ""Ewsr1"", ""Smn1"", ""Nolc1"", ""Fmr1"", ""Cdk2"", ""Eftud2"", ""Zc3h8"", ""Sart3"")"
"228","CAIRO_PML_TARGETS_BOUND_BY_MYC_UP","0.00332244920575353","0.0472772216611298","0.431707695803346","-0.677704813829506","-1.65785227464594","19","c(""Ptma"", ""Ldha"", ""Ybx1"", ""Cdca7"", ""Ddx18"", ""Id2"", ""Bcat1"", ""Ccnb1"")"
"229","TABULA_MURIS_SENIS_MARROW_MATURE_ALPHA_BETA_T_CELL_AGEING","2.6896733141229e-05","0.00100653164346041","0.575610261071129","-0.426264262102172","-1.64309265343623","201","c(""Jund"", ""Tmsb4x"", ""Ptma"", ""Cycs"", ""Cotl1"", ""Ybx1"", ""H3f3b"", ""Uqcr10"", ""Nab2"", ""Klf13"", ""Dynll1"", ""Hnrnpd"", ""Nol7"", ""Psma6"", ""U2af1"", ""Vasp"", ""Anp32b"", ""Banf1"", ""Eif2s2"", ""Calm2"", ""H2-D1"", ""Psmc4"", ""Ubb"", ""Set"", ""Atp5g1"", ""Lsm5"", ""Lsm4"", ""Ndufa12"", ""Cacybp"", ""Tomm6"", ""Ndufs6"", ""Lat"", ""Lsm2"", ""Dbi"", ""Pdcd5"", ""Fbl"", ""Mrps36"", ""Timm13"", ""Atp5l"", ""Llph"", ""Psmc5"", ""Cd69"", ""Pdap1"", ""Gpr174"", ""Snrpc"", ""Bola3"", ""Snrpb2"", ""Gar1"", ""Ltb"", ""Eif5b"", ""Bcl10"", ""Snrpd1"", ""Sfr1"", ""H2-K1"", ""Nasp"", ""Dazap1"", ""Anp32e"", 
""Sf3b5"", ""Cd27"", ""Ndufb8"", ""Clic1"", ""Ssb"", ""Pfdn6"", ""Drap1"", ""Tnfrsf18"", ""Psma7"", ""Thoc7"", ""Hars"", ""Cyc1"", ""Ptp4a3"", ""Eef1e1"", ""Mrps24"", ""Wbp11"", ""Naa38"", ""Psip1"", ""Sf3b4"", ""Mrpl46"", ""Cox8a"", ""Gimap7"", ""Chchd2"", ""Pnn"", ""1700097N02Rik"", ""Bbc3"", ""Rwdd1"", ""Mdh1"")"
"230","GOBP_ORGANOPHOSPHATE_BIOSYNTHETIC_PROCESS","2.89516515304226e-05","0.00106954081903734","0.575610261071129","-0.438899833695432","-1.63917761901884","179","c(""Atp5e"", ""Atp5k"", ""Atp5g3"", ""Atp5j"", ""Atp5j2"", ""Atp5h"", ""Ckb"", ""Dut"", ""Atp5b"", ""Ndufa5"", ""Nme1"", ""Sdhb"", ""Pgk1"", ""Gapdh"", ""Ndufb4"", ""Rrm2"", ""Mdh2"", ""Atp5o"", ""Atp5g1"", ""Ndufc1"", ""Ndufa12"", ""Ndufs6"", ""Ndufb7"", ""Dgka"", ""Atp5l"", ""Ndufb2"", ""Nme2"", ""Fabp5"", ""Prps2"", ""Ndufab1"", ""Gars"", ""Ndufb6"", ""Fdps"", ""Atp5a1"", ""Ada"", ""Pgam1"", ""Atp5c1"", ""Aldoa"", ""Ndufc2"", ""Ctps"", ""Ndufb8"")"
"231","GOBP_RNA_CATABOLIC_PROCESS","0.000962231815122065","0.0184230629586328","0.477270815362862","-0.466925437569487","-1.62402215070914","88","c(""Ybx1"", ""Hnrnpd"", ""Zfp36l1"", ""Eif4a3"", ""Lsm7"", ""Lsm5"", ""Lsm4"", ""Magoh"", ""Hnrnpab"", ""Rbm8a"", ""Lsm6"", ""Lsm2"", ""Hnrnpu"", ""Exosc3"", ""Gspt1"", ""Dkc1"", ""Etf1"", ""Ssb"", ""Mrto4"", ""Slirp"", ""Syncrip"", ""Nsun2"", ""Exosc2"", ""Ptbp1"", ""Fmr1"", ""Pop1"", ""Zcchc17"", ""Exosc1"", ""Rnaseh2c"", ""Zc3h12a"", ""Mettl16"", ""Tbrg4"", ""Taf15"", ""E2f1"", ""Dhx9"", ""Ybx2"", ""Rnaseh2b"", ""Rbm24"", ""Oas2"", ""Dis3"", ""Hnrnpc"", ""Dcps"", ""Rnps1"", ""Srsf1"", ""Exosc5"")"
"232","WP_MRNA_PROCESSING","3.81586417424376e-05","0.00133969933958427","0.557332238758646","-0.428768009284858","-1.62107549543886","185","c(""Hnrnpa3"", ""Srsf3"", ""Ybx1"", ""Snrpf"", ""Srsf2"", ""Hnrnpd"", ""Snrpg"", ""U2af1"", ""Alyref"", ""Eif4a3"", ""Srsf7"", ""Lsm7"", ""Hnrnpdl"", ""Ncl"", ""Hnrnpm"", ""Snrpd2"", ""Lsm4"", ""Hnrnpab"", ""Rbm8a"", ""Snrpb"", ""Lsm2"", ""Hnrnpu"", ""Rbm3"", ""Fbl"", ""Hnrnpa2b1"", ""Snrpa1"", ""Snrnp40"", ""Rbmxl1"", ""G3bp1"", ""Snrpc"", ""U2af2"", ""Snrpb2"", ""Sfpq"", ""Ddx39b"", ""Slbp"", ""Srsf10"", ""Raly"", ""Snrpd1"", ""Srsf6"", ""Srsf9"", ""Pcbp1"", ""Snrpd3"", ""Rad21"", ""Nip7"", ""Dazap1"", ""Sf3b5"", ""Ewsr1"", ""Phf5a"", ""Ppm1g"", ""Zbp1"", ""Ltv1"", ""Ssb"", ""U2surp"", ""Mak16"", ""Mrps28"", 
""Ddx21"", ""Txnl4a"", ""Nifk"", ""Rbm17"", ""Sf3b6"", ""Sf3a3"", ""Eif3g"", ""Hnrnpa1"", ""Slirp"", ""Eif4e"", ""Mrpl23"", ""Ddx1"", ""Myef2"", ""Smn1"", ""Bard1"", ""Syncrip"", ""Prmt1"", ""Lsm8"", ""Naa38"", ""Srrm1"", ""Sf3b4"", ""Prpf40a"", ""Sf3a2"", ""Ppp1r8"", ""Imp4"", ""Ptbp1"")"
"233","GOBP_PURINE_CONTAINING_COMPOUND_METABOLIC_PROCESS","5.64969130752279e-05","0.00183950118673751","0.557332238758646","-0.430422423696133","-1.61790075341002","162","c(""Ldha"", ""Atp5e"", ""Atp5k"", ""Atp5g3"", ""Atp5j"", ""Atp5j2"", ""Atp5h"", ""Atp5b"", ""Ndufa5"", ""Nme1"", ""Sdhb"", ""Ndufb4"", ""Mdh2"", ""Ran"", ""Atp5o"", ""Atp5g1"", ""Ndufc1"", ""Ndufa12"", ""Ndufs6"", ""Ndufb7"", ""Atp5l"", ""Ndufb2"", ""Nme2"", ""Prps2"", ""Ndufab1"", ""Me2"", ""Ndufb6"", ""Atp5a1"", ""Ada"", ""Atp5c1"", ""Aldoa"", ""Ndufc2"", ""Ola1"", ""Samhd1"", ""Ndufb8"", ""Vdac1"", ""Ndufv1"", ""Ndufs8"", ""Hprt"", ""Idh3a"", ""Cs"", ""Pdk3"", ""Gimap7"", ""Mdh1"", ""Atp5d"", ""Fdx1"", ""Dld"", ""Ak2"", ""Acsl3"", ""Ndufa9"", ""Rpia"", ""Ppat"", ""Ndufv2"")"
"234","GOCC_INTRACELLULAR_PROTEIN_CONTAINING_COMPLEX","9.52814786992391e-07","7.6264883575516e-05","0.659444398037935","-0.407441536038697","-1.61128478112365","281","c(""Eif4a1"", ""Ybx1"", ""Psma2"", ""Psma6"", ""Polr2l"", ""Rag1"", ""Psmb3"", ""Psmc4"", ""Psmb6"", ""Pole4"", ""Cacybp"", ""Cct8"", ""Psma1"", ""Eny2"", ""Rad23a"", ""Gtf2h4"", ""Hnrnpu"", ""Ube2s"", ""Gtf2a2"", ""Polr2k"", ""Psmc2"", ""Dcun1d5"", ""Psmb2"", ""Psmc5"", ""Cct5"", ""Ube2n"", ""Cct7"", ""Psmb7"", ""Psma4"", ""Psmd2"", ""Bcl10"", ""Cenpf"", ""Psmd13"", ""Nfkb2"", ""Psmd3"", ""Psma3"", ""Psmc3"", ""Polr2i"", ""Dcaf13"", ""Rpl5"", ""Aimp2"", ""Uchl5"", ""Sf3b5"", ""Psmd6"", ""Gtf2f1"", ""Mat2a"", ""Taf3"", ""Cct2"", ""Ccnf"", ""Cct3"", ""Psmc6"", ""Polr2j"", ""Psmd12"", ""Psmb5"", ""Xrcc6"", 
""Polr2f"", ""Racgap1"", ""Psma7"", ""Morf4l2"", ""Rpp30"", ""Cdc20"", ""Naa20"", ""Eif4e"", ""Ddx1"", ""Leo1"", ""Rars"", ""Psma5"", ""Bard1"", ""Syncrip"", ""Eef1e1"", ""Ube2c"", ""Anapc15"", ""Psmd14"", ""Naa38"", ""Polr2e"", ""Trappc1"", ""Commd1"", ""Anapc5"", ""Otud6b"", ""Stip1"", ""Polr2c"", ""Asb2"", ""Psmd1"", ""Naa25"", ""Meaf6"", ""Psmb4"", ""Naa50"", ""Brcc3"", ""Fmr1"", ""Pop1"", ""Eif2b3"", ""Ube2l3"", ""Pole2"", ""Naa15"", ""Txnl1"", ""Psmd7"", ""Kif23"", ""Naa16"", ""Anapc13"", ""Psmb9"", ""Cdc16"", ""Ruvbl2"", ""Actl6a"", ""Rnaseh2c"", ""Pola1"", ""Polr2d"", ""Usp14"", ""Med30"", ""Rpap3""
)"
"235","REACTOME_MITOTIC_PROMETAPHASE","0.000481211478146037","0.010544569386143","0.49849310876659","-0.439408079522147","-1.60583870764108","125","c(""Tuba1a"", ""Tubb5"", ""Tuba1b"", ""Dynll1"", ""Tubb2a"", ""Tubb4b"", ""Ccnb2"", ""Bub3"", ""Smc4"", ""Ywhae"", ""Tuba1c"", ""Cenpf"", ""Ccnb1"", ""Sec13"", ""Rad21"", ""Cenpa"", ""Rcc2"", ""Cdk1"", ""Cenpk"", ""Nek2"", ""Tubg1"", ""Tubb2b"", ""Mad1l1"", ""Spc25"", ""Cdc20"", ""Cep57"", ""Stag2"", ""Cenpe"", ""Hsp90aa1"", ""Mad2l1"", ""Cenpp"", ""Ska2"", ""Ncapg"", ""Ssna1"", ""Nudc"", ""Ska1"", ""Seh1l"", ""Ndc80"", ""Plk1"", ""Spdl1"", ""Nup43"", ""Aurkb"", ""Cenpl"", ""Kif18a"", ""Spc24"", ""Smc2"", ""Dynll2"", ""Ckap5"", ""Nde1"", ""Nup37"", ""Ncaph"", ""Rangap1"", ""Haus7"", ""Bub1b"", ""Mzt2"", 
""Haus1"")"
"236","REACTOME_PTEN_REGULATION","0.00347942526044161","0.0490267182785453","0.431707695803346","-0.516087490679642","-1.59747923507879","53","c(""Psma2"", ""Psma6"", ""Psmb3"", ""Psmc4"", ""Ubb"", ""Psmb6"", ""Psma1"", ""Psmc2"", ""Psmb2"", ""Hdac1"", ""Psmc5"", ""Rheb"", ""Psmb7"", ""Psme2"", ""Psma4"", ""Psmd2"", ""Rbbp7"", ""Psmd13"", ""Psmd3"", ""Psma3"", ""Psmc3"", ""Mbd3"", ""Psmd6"", ""Psmc6"", ""Psmd12"", ""Psmb5"", ""Rbbp4"", ""Psma7"", ""Ezh2"", ""Psma5"", ""Psmd14"", ""Eed"", ""Psmd1"")"
"237","GOCC_MITOCHONDRIAL_MATRIX","0.000510002351661807","0.0110080282869925","0.477270815362862","-0.435664804354894","-1.59739273314751","133","c(""Slc25a5"", ""Atp5b"", ""Dnajc15"", ""Mdh2"", ""Mrps14"", ""Mrps36"", ""Mrps18c"", ""Bola3"", ""Me2"", ""Mrpl21"", ""Fdps"", ""Ccnb1"", ""Mrpl20"", ""Mrpl18"", ""Prdx1"", ""Mrps6"", ""Mrpl57"", ""Hspd1"", ""Cdk1"", ""Mrpl42"", ""Mrps28"", ""C1qbp"", ""Vdac1"", ""Etfa"", ""Chchd1"", ""Vdac2"", ""Mrpl23"", ""Mrpl40"", ""Mrpl3"", ""Glrx5"", ""Mrps24"", ""Idh3a"", ""Mrpl46"", ""Cs"", ""Mrps17"", ""Mrpl15"", ""Mrpl51"", ""Tfam"", ""Clpp"", ""Mrpl36"", ""Mrpl13"", ""Mrpl50"", ""Mrps22"", ""Mrpl12"", ""Dnajc19"", ""Fdx1"", ""Dld"", ""Ndufa9"", ""Ssbp1"", ""Aurkaip1"", ""Atad3a"", ""Mrps18b"", ""Aco2"", ""Mrps25"", 
""Tbrg4"", ""Mrpl47"", ""Mrpl54"", ""Arhgap11a"", ""Ppif"", ""Nudt1"", ""Mrpl17"", ""Hspa9"", ""Mrps11"", ""Mrpl55"", ""Mrpl49"", ""Mrpl38"", ""Lonp1"", ""Pam16"", ""Mrpl28"", ""Mrps10"", ""Lrrc59"", ""Mrps5"", ""Fh1"")"
"238","GOBP_NUCLEOBASE_CONTAINING_SMALL_MOLECULE_METABOLIC_PROCESS","7.47584068225853e-05","0.00230391817389604","0.538434096309916","-0.414359172896817","-1.59246482842105","195","c(""Ldha"", ""Atp5e"", ""Atp5k"", ""Atp5g3"", ""Atp5j"", ""Atp5j2"", ""Atp5h"", ""Dut"", ""Atp5b"", ""Ndufa5"", ""Nme1"", ""Sdhb"", ""Ndufb4"", ""Rrm2"", ""Mdh2"", ""Ran"", ""Atp5o"", ""Atp5g1"", ""Ndufc1"", ""Ndufa12"", ""Ndufs6"", ""Ndufb7"", ""Atp5l"", ""Ndufb2"", ""Nme2"", ""Nt5c3b"", ""Prps2"", ""Ndufab1"", ""Me2"", ""Gars"", ""Ndufb6"", ""Atp5a1"", ""Ada"", ""Atp5c1"", ""Aldoa"", ""Gnpnat1"", ""Ndufc2"", ""Ola1"", ""Ctps"", ""Samhd1"", ""Ndufb8"", ""Vdac1"", ""Dpysl2"", ""Umps"", ""Ndufv1"", ""Ndufs8"", ""Hprt"", ""Idh3a"", ""Cs"", ""Pdk3"", ""Gimap7"", ""Mdh1"", ""Atp5d"", ""Fdx1"", ""Dld"", ""Ak2"", 
""Acsl3"", ""Ndufa9"", ""Rpia"", ""Ppat"", ""Ndufv2"")"
"239","TABULA_MURIS_SENIS_PANCREAS_PANCREATIC_DELTA_CELL_AGEING","0.00312764399394751","0.0455534739960635","0.431707695803346","-0.472194858336127","-1.59131870441782","76","c(""Jund"", ""Slc25a5"", ""Cotl1"", ""H3f3b"", ""Ckb"", ""Ptms"", ""Junb"", ""Calm2"", ""Ubb"", ""Set"", ""Tubb4b"", ""Eif5a"", ""Ier2"", ""Cltb"", ""Snrpc"", ""Rheb"", ""Ywhae"", ""Sfr1"", ""Dusp1"", ""Egr1"", ""Tubb2b"", ""Txnl4a"", ""Ccdc124"", ""Drap1"", ""Rgs16"", ""Dpysl2"")"
"240","GOBP_CHROMOSOME_ORGANIZATION","5.73992277826543e-06","0.00032751658387271","0.610526878385931","-0.404427888460252","-1.58199992645562","267","c(""H3f3a"", ""H3f3b"", ""Hnrnpd"", ""Hmgb1"", ""Pcna"", ""Ran"", ""Smc6"", ""Cct8"", ""Hnrnpu"", ""Top2a"", ""Hnrnpa2b1"", ""Nusap1"", ""Cct5"", ""Ccne2"", ""Bub3"", ""Smc4"", ""Dlgap5"", ""Cct7"", ""Sfpq"", ""Phb2"", ""Gar1"", ""Cenpw"", ""Rrs1"", ""Nhp2"", ""Ccnb1"", ""Mcm5"", ""Nasp"", ""Dkc1"", ""Rad21"", ""Birc5"", ""Ccne1"", ""Cenpa"", ""Mcm7"", ""Uchl5"", ""Kif11"", ""Rpa1"", ""Cdk1"", ""Cenpk"", ""Nek2"", ""Tubg1"", ""Cct2"", ""Cct3"", ""Lmna"", ""Mad1l1"", ""Gins1"", ""Xrcc6"", ""Tacc3"", ""Racgap1"", ""Gnl3"", ""Smarca5"", ""Spc25"", ""Cdc20"", ""Stag2"", ""Ezh2"", ""Sp100"", ""Cenpe"", ""Ddx1"", 
""Hsp90aa1"", ""Mad2l1"", ""Cenpp"", ""Cdc45"", ""Ncapg"", ""Bmyc"", ""Prc1"", ""Nop10"", ""Kif22"", ""Fbxo5"", ""Ube2c"", ""Anapc15"", ""Smchd1"", ""Anapc5"", ""Xrcc1"", ""Mcm4"", ""Nudc"", ""Seh1l"", ""Ndc80"", ""Plk1"", ""Spdl1"", ""Naa50"", ""Ccsap"", ""Rmi2"", ""Aurkb"", ""Suv39h1"", ""Ssbp1"", ""Kif18a"", ""Spc24"", ""Smc2"", ""Cdk2"", ""Kif23"", ""Pif1"", ""Cdc16"", ""Ruvbl2"", ""Hjurp"", ""Actl6a"", ""Hecw2"", ""Esco2"", ""Terf1"", ""Ncaph"", ""Ncapd3"", ""Dhx9"", ""Bub1b"", ""Hat1"", ""Kif14"", ""Mis18a"", ""Tinf2"", ""Ttk"", ""Pinx1"", ""Kif2a"", ""Terf2ip"", ""Psmc3ip"", ""Cdca8"", ""Cdc6"", ""Hnrnpc"", 
""Nsmce2"", ""Knstrn"", ""Nup107"", ""Rad51"", ""Nuf2"", ""Ncapg2"", ""Zwilch"", ""Kifc1"", ""Mcm2"", ""Aaas"", ""Gins3"", ""Ncaph2"", ""Nsl1"", ""Helq"", ""Recql4"", ""Recql"", ""Pphln1"", ""Mapk1"", ""Ptges3"", ""Tpx2"", ""Cenpc1"")"
"241","TABULA_MURIS_SENIS_TONGUE_BASAL_CELL_OF_EPIDERMIS_AGEING","0.000922004487606673","0.0177709426825326","0.477270815362862","-0.443806357698354","-1.58000002291195","105","c(""Ptma"", ""Ldha"", ""Tubb5"", ""Tuba1b"", ""Nfkbia"", ""Ptms"", ""Dut"", ""Nme1"", ""Pgk1"", ""Hmgb2"", ""H2-D1"", ""Ifi27l2a"", ""Ran"", ""Tubb4b"", ""Ube2s"", ""Rbm3"", ""Top2a"", ""Ccnb2"", ""Nusap1"", ""Nme2"", ""Fabp5"", ""Ccna2"", ""Smc4"", ""Phlda1"", ""Fdps"", ""Nhp2"", ""Tuba1c"", ""Ppa1"", ""H2-K1"", ""Ccnb1"", ""Rplp2"", ""Birc5"", ""Cenpa"", ""Rpl5"", ""Cdk1"", ""Pfdn6"", ""Pbk"", ""Tacc3"", ""Racgap1"", ""Cdc20"", ""Cdca3"")"
"242","GOBP_DNA_REPLICATION","0.000438088602205368","0.00971040236349821","0.49849310876659","-0.423618868275868","-1.57719797896036","153","c(""Pcna"", ""Alyref"", ""Pole4"", ""Nucks1"", ""Cacybp"", ""Lig1"", ""Rpa3"", ""Ccna2"", ""Ccne2"", ""Rbbp7"", ""Mcm5"", ""Nasp"", ""Ccne1"", ""Mcm7"", ""Uchl5"", ""Samhd1"", ""Rpa1"", ""Cdk1"", ""Atf1"", ""Gins1"", ""Grwd1"", ""Wdr18"", ""Rbbp4"", ""Smarca5"", ""Asf1a"", ""E2f8"", ""Gmnn"", ""Orc6"", ""Cdc45"", ""Bard1"", ""Donson"", ""Fbxo5"", ""Rfc3"", ""Id3"", ""Mcm4"", ""Hras"", ""Meaf6"", ""Rmi2"", ""Rfc4"", ""Gtpbp4"", ""Pole2"", ""Ssbp1"", ""Cdk2"", ""Dbf4"", ""Timeless"", ""Pif1"", ""Ruvbl2"", ""Orc1"", ""Cinp"", ""Actl6a"", ""Faf1"", ""Rrm1"", ""Pola1"", ""Esco2"", ""Terf1"", ""Rfc5"", ""E2f7"", ""Dhx9"", 
""Ccdc88a"", ""Jun"", ""Tipin"", ""Chaf1b"", ""Cst3"", ""Usp37"", ""Cdc6"", ""Pole3"", ""Orc2"", ""Rad51"", ""Rbbp8"", ""Mcm2"", ""Gins3"", ""Etaa1"", ""Recql4"", ""Pdgfb"", ""Recql"")"
"243","TABULA_MURIS_SENIS_BROWN_ADIPOSE_TISSUE_MESENCHYMAL_STEM_CELL_OF_ADIPOSE_AGEING","4.29703619734885e-07","4.05964255824942e-05","0.674962860011025","-0.38705025986255","-1.57676502874067","373","c(""Jund"", ""Slc25a5"", ""Hmgn2"", ""Ptma"", ""Cycs"", ""Ldha"", ""Tubb5"", ""Cotl1"", ""Ybx1"", ""Cbx3"", ""H3f3b"", ""Srsf2"", ""Pkm"", ""Atp5h"", ""Ckb"", ""Ptms"", ""Hnrnpd"", ""Psma2"", ""Zfp36l1"", ""Pcna"", ""U2af1"", ""Pgk1"", ""Alyref"", ""Srsf7"", ""Mdh2"", ""Cnbp"", ""Hmgn1"", ""Junb"", ""Ncl"", ""Calm2"", ""Sumo2"", ""H2-D1"", ""Ranbp1"", ""Psmb6"", ""Lsm4"", ""Pole4"", ""Ndufa12"", ""Tomm6"", ""Snrpb"", ""Psma1"", ""Anp32a"", ""Lsm2"", ""Eif5a"", ""Ube2s"", ""Ier2"", ""Gtf2a2"", ""Id2"", ""Psmc2"", ""Snrpa1"", ""1110004F10Rik"", ""Psmb2"", ""Hdac1"", ""Timm17a"", ""Snrnp40"", ""Bub3"", ""Nt5c3b"", 
""Snrpc"", ""Ywhae"", ""Mtx2"", ""Phb2"", ""Bcl10"", ""Slbp"", ""Raly"", ""Fdps"", ""Lmo4"", ""Maz"", ""Eif6"", ""Mlf2"", ""Cops3"", ""Sfr1"", ""Srsf9"", ""H2-K1"", ""Prdx1"", ""Pgp"", ""Psma3"", ""Cnih4"", ""Sec13"", ""Lysmd2"", ""Akap12"", ""Aldoa"", ""Mphosph10"", ""Hspd1"", ""Nsmce4a"", ""Eri1"", ""Ctcf"", ""1810037I17Rik"", ""Hsph1"", ""Clic1"", ""Cct3"", ""Txnl4a"", ""Ccdc124"", ""Psmd12"", ""Drap1"", ""Nr4a1"", ""C1qbp"", ""Ppp1r2"", ""Dpysl2"", ""Eif3g"", ""Dhrs3"", ""Thoc7"", ""Cyc1"", ""Vdac2"", ""Skil"", ""Emc8"", ""Naa20"", ""Ebna1bp2"", ""Leo1"", ""Psma5"", ""Bmyc"", ""Mrps24"", ""Ssna1"", ""Gadd45g"", 
""Polr2e"", ""Psip1"", ""Sf3b4"", ""Igsf3"", ""Ctsz"", ""Pnn"", ""Polr2c"", ""Mrpl51"", ""Clpp"", ""Imp4"", ""Hras"", ""Mrpl12"", ""Atp5d"", ""Hibadh"", ""Eif4h"", ""Mycbp"", ""Dnajc19"", ""Fdx1"", ""Ak2"", ""Ndufa9"", ""Fundc2"", ""Ifi30"", ""Pin1"")"
"244","ZHANG_BREAST_CANCER_PROGENITORS_UP","1.21896493931502e-05","0.000536251522539883","0.593325476396405","-0.410295818690984","-1.57657861571515","237","c(""Hnrnpa3"", ""Arpp19"", ""Srsf3"", ""Rpl15"", ""Rrm2"", ""Cdca7"", ""Lsm7"", ""Hnrnpdl"", ""Calm2"", ""Lsm5"", ""Ndufc1"", ""Strap"", ""Hnrnpu"", ""Rpa3"", ""Top2a"", ""Hnrnpa2b1"", ""Hells"", ""Mrps18c"", ""Ndufa4"", ""Ccna2"", ""Timm17a"", ""Uba2"", ""Smc4"", ""Prps2"", ""Snrpb2"", ""Sfpq"", ""Phb2"", ""Tmpo"", ""Srsf10"", ""Cenpf"", ""Nfyb"", ""Ublcp1"", ""Depdc1a"", ""Rad21"", ""Uchl5"", ""Ndufc2"", ""Anp32e"", ""Ctcf"", ""Ewsr1"", ""Rpa1"", ""Ssb"", ""Cetn3"", ""Pwp1"", ""Farsb"", ""Vdac1"", ""Pbk"", ""Smarca5"", ""Chek1"", ""Hars"", ""Azin1"", ""Ctdspl2"", ""Hnrnpa1"", ""Usp1"", ""Ezh2"", ""Trmt6"", 
""Gmnn"", ""Ska2"", ""Ncapg"", ""Syncrip"", ""Atad2"", ""Bcl2"", ""Eps8"", ""Idh3a"", ""Smchd1"", ""Edaradd"", ""Oxct1"", ""Vdac3"", ""Mdh1"", ""Eif4h"", ""Gpsm2"", ""Serbp1"", ""Adh5"", ""Acsl3"", ""Taf1d"", ""Pin1"", ""Ppat"", ""Utp15"", ""Itga6"", ""Ssbp1"", ""Arl6ip6"", ""Smc2"", ""Dbf4"", ""Slc7a1"", ""Tulp3"", ""Actl6a"", ""Casp8ap2"", ""Ywhaq"", ""Pola1"", ""Rragd"", ""Esco2"", ""Eftud2"")"
"245","REACTOME_RESOLUTION_OF_SISTER_CHROMATID_COHESION","0.00339055637171703","0.0480092785508729","0.431707695803346","-0.458087364138567","-1.56748813409864","83","c(""Tuba1a"", ""Tuba1b"", ""Dynll1"", ""Tubb2a"", ""Tubb4b"", ""Ccnb2"", ""Bub3"", ""Tuba1c"", ""Cenpf"", ""Ccnb1"", ""Sec13"", ""Rad21"", ""Cenpa"", ""Rcc2"", ""Cdk1"", ""Cenpk"", ""Tubb2b"", ""Mad1l1"", ""Spc25"", ""Cdc20"", ""Stag2"", ""Cenpe"", ""Mad2l1"", ""Cenpp"", ""Ska2"", ""Nudc"", ""Ska1"", ""Seh1l"", ""Ndc80"", ""Plk1"", ""Spdl1"", ""Nup43"", ""Aurkb"", ""Cenpl"", ""Kif18a"", ""Spc24"", ""Dynll2"", ""Ckap5"", ""Nde1"", ""Nup37"", ""Rangap1"")"
"246","TABULA_MURIS_SENIS_LUNG_CLASSICAL_MONOCYTE_AGEING","1.31603282347714e-05","0.000570247906894642","0.593325476396405","-0.394458080324552","-1.55291112544972","274","c(""Hmgn2"", ""Ptma"", ""Ppia"", ""Ldha"", ""Cox7a2"", ""Atp5g3"", ""Tubb5"", ""Atp5j"", ""Arpp19"", ""Srsf3"", ""Atp5j2"", ""Tuba1b"", ""Uqcr10"", ""Dynll1"", ""Pkm"", ""Atp5h"", ""Hnrnpd"", ""Snrpg"", ""Atp5b"", ""Psma2"", ""Dek"", ""Cox6a1"", ""Hmgb1"", ""Ndufa5"", ""Zfp36l1"", ""Psma6"", ""Cox7b"", ""Nme1"", ""Rpl15"", ""Pgk1"", ""Gapdh"", ""Rpl35"", ""Ndufb4"", ""Mdh2"", ""Hmgb2"", ""Anp32b"", ""Ncl"", ""Banf1"", ""Eif2s2"", ""Calm2"", ""Psmb3"", ""Ran"", ""Higd1a"", ""Atp5o"", ""Tubb4b"", ""Psmb6"", ""Atp5g1"", ""Snrpd2"", ""Lsm5"", ""Lsm4"", ""Hnrnpab"", ""Ndufc1"", ""Ndufa12"", ""Mrps14"", ""Nucks1"", 
""Ndufs6"", ""Smc6"", ""Ndufb7"", ""Anp32a"", ""Lsm6"", ""Lsm2"", ""Eif5a"", ""Eny2"", ""Dbi"", ""Hnrnpu"", ""Pdcd5"", ""Ube2s"", ""Rbm3"", ""Timm13"", ""Hnrnpa2b1"", ""Cox5b"", ""Psmb2"", ""Llph"", ""Ndufa4"", ""Nme2"", ""Pdap1"", ""Ctsl"", ""Snrpc"", ""Prelid1"", ""Uqcr11"", ""Smc4"", ""Txn1"", ""Psma4"", ""Ndufb6"", ""Nhp2"", ""Atp5a1"", ""Snrpd1"", ""Rps27l"", ""Mrpl20"", ""Mrpl18"", ""Metap2"", ""Psmd13"", ""Prdx1"", ""Snrpd3"", ""Psmc3"", ""Aldoa"", ""Mrpl57"", ""Ndufc2"", ""Anp32e"", ""Ctcf"", ""Sf3b5"", ""Phf5a"", ""Tmem14c"", ""Ndufb8"", ""Clic1"", ""Mrpl42"", ""Pfdn6"", ""Polr2j"", ""Rpl36al"", 
""Rpl41"", ""Ccdc124"")"
"247","TABULA_MURIS_SENIS_LARGE_INTESTINE_SECRETORY_CELL_AGEING","2.91760645694759e-06","0.000188923213611112","0.627256739718528","-0.394332117548606","-1.55065259493786","299","c(""Jund"", ""Hnrnpa3"", ""Ptma"", ""Cotl1"", ""Ybx1"", ""H3f3b"", ""Klf13"", ""Pkm"", ""Ptms"", ""Hnrnpd"", ""Dek"", ""Pgk1"", ""Srsf7"", ""Cdca7"", ""Hspa14"", ""Vasp"", ""Cnbp"", ""Junb"", ""Psmc4"", ""Set"", ""Sap18"", ""Phb"", ""Nucks1"", ""Cct8"", ""Eif2s1"", ""Lsm2"", ""Eif5a"", ""Rad23a"", ""Ier2"", ""Rbm3"", ""Fbl"", ""Cltb"", ""Psmc2"", ""Cct5"", ""Bub3"", ""Nt5c3b"", ""Tomm40"", ""G3bp1"", ""Snrpc"", ""Srm"", ""Cct7"", ""Slc29a1"", ""Ywhae"", ""Orai1"", ""Psap"", ""Phb2"", ""Gar1"", ""Psmd2"", ""Gars"", ""Lmnb1"", ""Slbp"", ""Raly"", ""B4galnt1"", ""Maz"", ""Mlf2"", ""Atp5a1"", ""Psmd13"", ""Gspt1"", 
""Mcm5"", ""Dusp1"", ""Psmd3"", ""Psmc3"", ""Cbx1"", ""Brix1"", ""Mcm7"", ""Abcf2"", ""Uchl5"", ""Ewsr1"", ""Ppm1g"", ""Gtf2f1"", ""Rcc2"", ""Clic1"", ""E2f4"", ""Rcc1"", ""Egr2"", ""Rrad"", ""Tox"", ""Farsb"", ""Mad1l1"", ""Psmc6"", ""Rnf187"", ""Psmd12"", ""Drap1"", ""Wdr18"", ""Etfa"", ""Ppp1r2"", ""Dpysl2"", ""Fkbp4"", ""Pcnp"", ""Rars"", ""Pak1"", ""Nav2"", ""Wbp11"", ""Gadd45g"", ""Idh3a"", ""Sf3b4"", ""Nim1k"", ""Anapc5"", ""Stip1"", ""Ppp1r8"", ""Bbc3"", ""Ptbp1"", ""Ctsb"", ""Plk1"", ""Eif4h"", ""Cfdp1"", ""Serbp1"", ""Cdc123"", ""Naa50"", ""Wdr46"", ""Bop1"", ""Ube2l3"")"
"248","HALLMARK_MTORC1_SIGNALING","0.000928325539872024","0.0178331336209416","0.477270815362862","-0.423971313847195","-1.54916447457297","132","c(""Ppia"", ""Ldha"", ""Pgk1"", ""Rrm2"", ""Eif2s2"", ""Psmc4"", ""Atp5g1"", ""Cacybp"", ""Psmc2"", ""Got1"", ""Pdap1"", ""Tomm40"", ""Bcat1"", ""Psma4"", ""Ppa1"", ""Ifrd1"", ""Psmd13"", ""Prdx1"", ""Slc7a11"", ""Psma3"", ""Aldoa"", ""Cops5"", ""Etf1"", ""Psph"", ""Hspd1"", ""Abcf2"", ""Uchl5"", ""Rpa1"", ""Tubg1"", ""Ccnf"", ""Psmc6"", ""Psmd12"", ""Psmb5"", ""Ddit4"", ""Eef1e1"", ""Hprt"", ""Psmd14"", ""Pno1"", ""Stip1"", ""Mcm4"", ""Rrp9"", ""Plk1"", ""Acsl3"", ""Ifi30"", ""Cyb5b"", ""Lta4h"", ""Nupr1"", ""Gclc"")"
"249","TABULA_MURIS_SENIS_MAMMARY_GLAND_T_CELL_AGEING","5.36108842822943e-05","0.0017654830063935","0.557332238758646","-0.393914888032375","-1.54612333979936","266","c(""Cd52"", ""Cd8a"", ""Cd28"", ""Cd8b1"", ""Jund"", ""Hnrnpa3"", ""Tmsb4x"", ""Atp5e"", ""Atp5k"", ""Cox7a2"", ""Atp5j"", ""Cotl1"", ""Ptprc"", ""Atp5j2"", ""Cbx3"", ""H3f3b"", ""Nfkbia"", ""Uqcr10"", ""Pkm"", ""Atp5h"", ""Ptms"", ""Hnrnpd"", ""Cd3e"", ""Cox6a1"", ""Dnajc15"", ""Cox7c"", ""Hmgb1"", ""Zfp36l1"", ""Cox7b"", ""Nme1"", ""Sdhb"", ""Uqcrb"", ""Lsm7"", ""Dusp2"", ""Hmgb2"", ""Polr2l"", ""Vasp"", ""Ikzf3"", ""Ier5"", ""Junb"", ""Calm2"", ""Hnrnpm"", ""Tomm7"", ""Psmb3"", ""H2-D1"", ""Atp5g1"", ""Snrpd2"", ""Sit1"", ""Lsm5"", ""Lsm4"", ""Ndufc1"", ""Ndufa12"", ""Mrps14"", ""Tomm6"", ""Ndufs6"", 
""Ndufb7"", ""Psma1"", ""Lat"", ""Dbi"", ""Ier2"", ""Rbm3"", ""Romo1"", ""Id2"", ""Atp5l"", ""Hnrnpa2b1"", ""Cox5b"", ""Psmb2"", ""Ndufb2"", ""Ndufa4"", ""Cd69"", ""Rheb"", ""Uqcr11"", ""Comt"", ""Txn1"", ""Psap"", ""Gpr183"", ""Psme2"", ""Ltb"", ""B4galnt1"", ""Lmo4"", ""Mlf2"", ""Bcl2a1b"", ""Rps27l"", ""H2-K1"", ""Odc1"", ""Bola2"", ""Dusp1"", ""Nfkbid"", ""Atp5c1"", ""Snrpd3"", ""Rpn2"", ""Aldoa"", ""Slc3a2"", ""Ctss"", ""Clec2d"", ""Sf3b5"", ""1810037I17Rik"", ""Egr1"", ""Ndufb8"", ""Clic1"")"
"250","KARLSSON_TGFB1_TARGETS_UP","0.00248412037284985","0.0381759618899565","0.431707695803346","-0.44108605956872","-1.54505041168069","92","c(""Slc25a5"", ""Cycs"", ""Rrm2"", ""Ncl"", ""Eif2s2"", ""Set"", ""Cacybp"", ""Cct8"", ""Uchl3"", ""Eif2s1"", ""Eif5a"", ""Tnfrsf9"", ""Bcat1"", ""Srm"", ""Gars"", ""Lyar"", ""Actn1"", ""Rsl1d1"", ""Ppa1"", ""Nip7"", ""Hspd1"", ""Rpf2"", ""Hsph1"", ""Rcc1"", ""Mak16"", ""Mrto4"", ""Cct2"", ""Cct3"", ""Ddx21"", ""Ppp1r2"", ""Gnl3"", ""Cdc34"", ""Prep"", ""Syncrip"", ""Utp18"", ""Eef1e1"", ""Gadd45g"", ""Nsun2"", ""Ptp4a1"", ""Idh3a"", ""Rwdd1"", ""Naa25"", ""Nolc1"", ""Tomm20"", ""Eif2b3"", ""Gtpbp4"", ""Naa15"")"
"251","GOCC_NUCLEAR_BODY","3.91206997668257e-05","0.00135814814913384","0.557332238758646","-0.396991966498405","-1.53785552939297","246","c(""Satb1"", ""Srsf3"", ""Srsf2"", ""Pcna"", ""U2af1"", ""Srsf7"", ""Sumo2"", ""Hnrnpm"", ""Sap18"", ""Rbm8a"", ""Smc6"", ""Gtf2h4"", ""Hnrnpu"", ""Fbl"", ""Hnrnpa2b1"", ""Snrpa1"", ""Tcf7"", ""Snrnp40"", ""Bcl6"", ""Zcchc12"", ""Snrpc"", ""Smc4"", ""U2af2"", ""Nop58"", ""Bola3"", ""Snrpb2"", ""Sfpq"", ""Raph1"", ""Psmb7"", ""Ddx39b"", ""Ak6"", ""Srsf10"", ""Srsf6"", ""Srsf9"", ""Pcbp1"", ""Snrpd3"", ""Dkc1"", ""Rpn2"", ""Cbx1"", ""Bcas2"", ""Nsmce4a"", ""Ewsr1"", ""Phf5a"", ""Rpa1"", ""Mki67"", ""Lmna"", ""Sf3a3"", ""Gnl3"", ""Thoc7"", ""Cdc34"", ""Skil"", ""Eif4e"", ""Sp100"", ""Ddx1"", ""Pcnp"", ""Ppih"", 
""Smn1"", ""Rorc"", ""Bard1"", ""Nop10"", ""Basp1"", ""Thoc6"", ""Kif22"", ""Wbp11"", ""Srrm1"", ""Sf3a2"", ""Pnn"", ""Ppp1r8"", ""Hivep1"", ""Nelfa"", ""Mrpl36"", ""Xrra1"", ""Nolc1"", ""Nup43"", ""Fmr1"", ""Rmi2"", ""Pole2"", ""Naa15"", ""Cdk2"", ""Dbf4"", ""Timm50"", ""Casp8ap2"", ""Prpf19"", ""Sf3b2"", ""Polr2d"", ""Terf1"", ""Eftud2"", ""Rbm15"", ""E2f7"", ""Gfi1"", ""Dhx9"", ""Zc3h8"")"
"252","REACTOME_CELLULAR_RESPONSES_TO_STIMULI","0.000263752060504844","0.00635149480441631","0.49849310876659","-0.395095615949956","-1.53714525483251","192","c(""Cycs"", ""Tuba1a"", ""Ets1"", ""Tuba1b"", ""Dynll1"", ""Psma2"", ""Cox6a1"", ""Cox7c"", ""Psma6"", ""Cox7b"", ""Tubb2a"", ""Hspa14"", ""Eif2s2"", ""Psmb3"", ""Psmc4"", ""Ubb"", ""Tubb4b"", ""Psmb6"", ""Psma1"", ""Eif2s1"", ""Ube2s"", ""Rpa3"", ""Psmc2"", ""Cox5b"", ""Hspa4l"", ""Psmb2"", ""Ndufa4"", ""Psmc5"", ""Ccna2"", ""Ccne2"", ""Rheb"", ""Ywhae"", ""St13"", ""Txn1"", ""Psmb7"", ""Psme2"", ""Psma4"", ""Psmd2"", ""Lmnb1"", ""Tuba1c"", ""Rbbp7"", ""Psmd13"", ""Prdx1"", ""Psmd3"", ""Psma3"", ""Psmc3"", ""Sec13"", ""Ccne1"", ""Psmd6"", ""Rpa1"", ""Hsph1"", ""Tubb2b"", ""Psmc6"", ""Psmd12"", ""Psmb5"", 
""Rps19bp1"", ""Rbbp4"", ""Psma7"", ""Asf1a"", ""Fkbp4"", ""Ezh2"", ""Hsp90aa1"", ""Psma5"", ""Ube2c"", ""Anapc15"", ""Psmd14"", ""Eed"", ""Cox8a"", ""Anapc5"", ""Stip1"")"
"253","GOMF_HISTONE_BINDING","0.00349392699280597","0.0491109786818068","0.431707695803346","-0.447791560016965","-1.53614233755128","85","c(""Ptma"", ""Lef1"", ""Cbx3"", ""Ptms"", ""Dek"", ""Rag1"", ""Anp32b"", ""Ncl"", ""Set"", ""Anp32a"", ""Ctsl"", ""Rag2"", ""Rbbp7"", ""Nasp"", ""Cbx1"", ""Anp32e"", ""Rcc1"", ""Pwp1"", ""Grwd1"", ""Rbbp4"", ""Smarca5"", ""Asf1a"", ""Atad2"", ""Stat1"", ""Asf1b"", ""Fmr1"", ""Hjurp"", ""Hdac2"", ""Cd1d1"", ""Ncapd3"", ""Prmt7"", ""Ing2"", ""Hat1"", ""Morc3"", ""Sart3"", ""Msl3"", ""Sgf29"")"
"254","GOBP_MITOTIC_NUCLEAR_DIVISION","0.00134535208707974","0.0236605676382494","0.45505986738723","-0.415505238537635","-1.53109695961473","137","c(""Cd28"", ""Rgcc"", ""Banf1"", ""Ran"", ""Ranbp1"", ""Hnrnpu"", ""Ube2s"", ""Nusap1"", ""Bub3"", ""Smc4"", ""Phb2"", ""Rrs1"", ""Ccnb1"", ""Rad21"", ""Birc5"", ""Kif11"", ""Cdk1"", ""Cenpk"", ""Nek2"", ""Rcc1"", ""Mki67"", ""Tubg1"", ""Mad1l1"", ""Racgap1"", ""Smarca5"", ""Chek1"", ""Spc25"", ""Cdc20"", ""Stag2"", ""Cenpe"", ""Mad2l1"", ""Ncapg"", ""Prc1"", ""Kif22"", ""Fbxo5"", ""Ube2c"", ""Anapc15"", ""Eps8"", ""Tnf"", ""Anapc5"", ""Nudc"", ""Seh1l"", ""Ndc80"", ""Plk1"", ""Spdl1"", ""Ccsap"", ""Aurkb"", ""Kif18a"", ""Spc24"", ""Smc2"", ""Kif23"", ""Cdc16"", ""Nde1"", ""Cdkn1c"", ""Ncaph"", ""Ncapd3"", 
""Bub1b"", ""Kif14"", ""Reep4"", ""Ttk"", ""Pinx1"", ""Aurka"", ""Kif2a"", ""Cdca8"", ""Nsmce2"", ""Knstrn"", ""Nuf2"", ""Ncapg2"", ""Zwilch"", ""Kifc1"", ""Aaas"", ""Ncaph2"", ""Nsl1"", ""Pdgfb"", ""Cdc14b"", ""Tpx2"", ""Cenpc1"")"
"255","PAL_PRMT5_TARGETS_UP","0.00133672144958168","0.0236527226674475","0.45505986738723","-0.414300803936168","-1.5180909730061","127","c(""Hmgn2"", ""Tubb2a"", ""Nme1"", ""Anp32b"", ""Set"", ""Larp7"", ""Strap"", ""Lsm2"", ""Kpna2"", ""Rbm3"", ""Id2"", ""Hells"", ""Ccnb2"", ""Prelid1"", ""Nop58"", ""Eif1ax"", ""Tmpo"", ""Slbp"", ""Cops3"", ""Srsf6"", ""Mrpl20"", ""Mrpl18"", ""Odc1"", ""Lsm3"", ""Psmc3"", ""Anp32e"", ""Tomm5"", ""Psmd6"", ""Kif11"", ""Ndufb8"", ""Cetn3"", ""Mki67"", ""Psmb5"", ""Sf3a3"", ""Tacc3"", ""Racgap1"", ""Cdc20"", ""Fkbp4"", ""Hnrnpa1"", ""Slirp"", ""Gmnn"", ""Naa38"", ""Psip1"", ""Anapc5"", ""Mcm4"", ""Cfdp1"", ""Fmr1"", ""Amd1"", ""Aurkb"", ""Pole2"", ""Tgfbi"", ""Kif23"", ""Aurkaip1"", ""Casp8ap2"", ""Rrm1"", 
""Nde1"", ""Ppp1r7"")"
"256","LAZARO_GENETIC_MOUSE_MODEL_HIGH_GRADE_LARGE_CELL_NEUROENDOCRINE_LUNG_CARCINOMA_UP","4.12074547518022e-06","0.00024997743340488","0.610526878385931","-0.383962072622427","-1.49282240402387","303","c(""Pkm"", ""Dut"", ""Pcna"", ""Pgk1"", ""Cdca7"", ""Hmgb2"", ""Ranbp1"", ""Kpna2"", ""Rbm3"", ""Lig1"", ""Top2a"", ""Tnfrsf9"", ""Hells"", ""Ccnb2"", ""Nusap1"", ""Ccna2"", ""Ccne2"", ""Smc4"", ""Dlgap5"", ""Nop58"", ""Lmnb1"", ""Slbp"", ""Tuba1c"", ""Snrpd1"", ""Ppa1"", ""Cenpf"", ""Rbbp7"", ""Ccnb1"", ""Mcm5"", ""Depdc1a"", ""Nasp"", ""Ckap2"", ""Birc5"", ""Ccne1"", ""Cenpa"", ""Mcm7"", ""Eri1"", ""Kif11"", ""Rpa1"", ""Cdk1"", ""Cenpk"", ""Nek2"", ""Mki67"", ""Tubg1"", ""Tcf19"", ""Ccnf"", ""Tube1"", ""Gins1"", ""Pbk"", ""Tacc3"", ""Racgap1"", ""Ddit4"", ""Chek1"", ""Spc25"", ""Cdc20"", ""E2f8"", ""Mif"", 
""Usp1"", ""Ezh2"", ""Cenpe"", ""Mad2l1"", ""Cdc45"", ""Bard1"", ""Ncapg"", ""Prc1"", ""Atad2"", ""Kif22"", ""Fbxo5"", ""Ube2c"", ""Kif15"", ""Gadd45g"", ""Rfc3"", ""Asf1b"", ""Mcm4"", ""Exosc2"", ""Tnfaip8l1"", ""Ndc80"", ""Ckap2l"", ""Plk1"", ""Spdl1"", ""Gpsm2"", ""Naa50"", ""Taf1d"", ""Rfc4"", ""Aurkb"", ""Cenpl"", ""Kif18a"", ""Spc24"", ""Smc2"", ""Cdk2"", ""Dbf4"", ""Kif23"", ""Arhgap19"", ""Epsti1"", ""Slc7a1"", ""Wdr76"", ""Hjurp"", ""Casp8ap2"", ""Rrm1"", ""Pola1"", ""Cdkn1c"", ""Esco2"", ""Cdkn3"", ""Apol9b"", ""Rfc5"", ""Tnip3"", ""Ncaph"", ""Rangap1"", ""Ncapd3"", ""E2f7"", ""Ammecr1"", ""Hmmr"", 
""Arhgap11a"", ""Bub1b"", ""Hat1"", ""Clspn"", ""Kif14"", ""Kif20b"", ""Stk39"", ""Tipin"", ""Exo1"", ""Rnaseh2b"", ""Ttk"", ""Chaf1b"", ""Fignl1"", ""Anln"", ""Aurka"", ""Cdca8"", ""Cdc6"", ""Shcbp1"", ""Cacnb3"", ""Knstrn"", ""Rad51"", ""Nuf2"", ""Ncapg2"", ""Tpi1"", ""Zwilch"", ""Kifc1"", ""Mcm2"")"
"257","REACTOME_GENE_EXPRESSION_TRANSCRIPTION","8.00220926119828e-06","0.000408987757097646","0.593325476396405","-0.372812933958792","-1.491844594256","326","c(""Cycs"", ""Lef1"", ""H3f3a"", ""Srsf3"", ""H3f3b"", ""Snrpf"", ""Srsf2"", ""Snrpg"", ""Psma2"", ""Dek"", ""Cox6a1"", ""Cox7c"", ""Pcna"", ""Psma6"", ""U2af1"", ""Cox7b"", ""Alyref"", ""Eif4a3"", ""Srsf7"", ""Polr2l"", ""Psmb3"", ""Ran"", ""Psmc4"", ""Ubb"", ""Psmb6"", ""Magoh"", ""Rbm8a"", ""Snrpb"", ""Psma1"", ""Gtf2h4"", ""Gtf2a2"", ""Polr2k"", ""Rpa3"", ""Psmc2"", ""Cox5b"", ""Psmb2"", ""Hdac1"", ""Ndufa4"", ""Tcf7"", ""Psmc5"", ""Ccna2"", ""Ccne2"", ""Ctsl"", ""Rheb"", ""Prelid1"", ""Ywhae"", ""U2af2"", ""Txn1"", ""Psmb7"", ""Psme2"", ""Psma4"", ""Ddx39b"", ""Psmd2"", ""Ak6"", ""Slbp"", ""Srsf9"", ""Rbbp7"", 
""Ccnb1"", ""Psmd13"", ""Prdx1"", ""Psmd3"", ""Snrpd3"", ""Psma3"", ""Psmc3"", ""Sec13"", ""Polr2i"", ""Ccne1"", ""Mbd3"", ""Psmd6"", ""Rpa1"", ""Gtf2f1"", ""Cdk1"", ""E2f4"", ""Taf3"", ""Ddx21"", ""Psmc6"", ""Rabggtb"", ""Psmd12"", ""Nr4a1"", ""Psmb5"", ""Polr2f"", ""Rbbp4"", ""Smarca5"", ""Ddit4"", ""Chek1"", ""Psma7"", ""Thoc7"", ""Nr4a3"", ""Skil"", ""E2f8"", ""Ezh2"", ""Maml2"", ""Leo1"", ""Psma5"", ""Rorc"", ""Bard1"", ""Prmt1"", ""Thoc6"", ""Atad2"", ""Psmd14"", ""Rfc3"", ""Polr2e"", ""Srrm1"", ""Psip1"", ""Eed"", ""Cox8a"", ""Polr2c"", ""Tfam"", ""Nelfa"", ""Psmd1"")"
"258","ELL_TARGET_GENES","0.00315051843095054","0.0456191902451456","0.431707695803346","-0.407411605894482","-1.48244239627598","122","c(""Atp5j2"", ""H3f3b"", ""Uqcr10"", ""Dut"", ""Atp5o"", ""Phb"", ""Eny2"", ""Gtf2h4"", ""Lig1"", ""Timm13"", ""1110004F10Rik"", ""Bub3"", ""Fdps"", ""Ifrd1"", ""Gspt1"", ""Pcbp1"", ""Ahsa1"", ""Cnih4"", ""Wdr12"", ""Birc5"", ""Slc3a2"", ""Abcf2"", ""Hsph1"", ""Cct3"", ""Ccdc124"", ""Psmb5"", ""Tacc3"", ""Rpp30"", ""Cdca3"", ""Naa38"", ""Clpb"", ""Nutf2"", ""Exosc2"", ""Kpna3"", ""Xrra1"", ""Mrpl50"", ""Atp5d"", ""Serbp1"", ""Amd1"", ""Rpia"", ""Lta4h"", ""Oxsr1"", ""Cenpl"", ""Rnaseh2c"", ""Rrm1"", ""Mrps25"", ""Thyn1"", ""Nop14"", ""Rangap1"", ""Lmnb2"", ""Bub1b"", ""Pa2g4"", ""Tssc4"", ""Nop16"", ""Cdca4"", 
""Brd8"")"
"259","MARKEY_RB1_ACUTE_LOF_UP","0.000787400406559019","0.0157016904602063","0.477270815362862","-0.395822481194051","-1.47731254257651","178","c(""Hmgn2"", ""Ptma"", ""Tubb5"", ""Srsf2"", ""Dek"", ""Pcna"", ""Rrm2"", ""Hmgn1"", ""Anp32b"", ""Banf1"", ""Ranbp1"", ""Ephx1"", ""Set"", ""Lsm4"", ""Nucks1"", ""Kpna2"", ""Ube2s"", ""Ccnb2"", ""Nusap1"", ""Ccna2"", ""Klf10"", ""Dlgap5"", ""Nop58"", ""Sfpq"", ""Tmpo"", ""Mcm5"", ""Lsm3"", ""Nasp"", ""Rad21"", ""Ckap2"", ""Birc5"", ""Cenpa"", ""Mcm7"", ""Hspd1"", ""Nsmce4a"", ""Kif11"", ""Cdk1"", ""Cenpk"", ""Nek2"", ""Mki67"", ""Ccnf"", ""Rbbp4"", ""Racgap1"", ""Cdca3"", ""E2f8"", ""Gmnn"", ""Orc6"", ""Mad2l1"", ""Cdc45"", ""Prc1"", ""Kif22"", ""Nav2"", ""Psip1"", ""Rad51ap1"", ""Anapc5"", ""Asf1b"", ""Mcm4"", 
""Plk1"", ""Spdl1"", ""Amd1"", ""Rfc4"", ""Smc2"", ""Cdk2"", ""Kif23"", ""Gclc"", ""Cse1l"", ""Hjurp"", ""Casp8ap2"", ""Prpf19"", ""Pola1"", ""Hdac2"", ""Cdkn3"", ""Rfc5"", ""E2f1"", ""Hat1"", ""Ramp3"", ""Tipin"", ""Chaf1b"", ""Fignl1"", ""Anln"", ""Stmn1"", ""Fbln1"", ""Aurka"", ""Kif2a"", ""Ube2t"", ""Cdc6"", ""Hnrnpc"", ""Nap1l1"")"
"260","TABULA_MURIS_SENIS_BRAIN_NON_MYELOID_OLIGODENDROCYTE_PRECURSOR_CELL_AGEING","0.00147100863781676","0.0254577260652793","0.45505986738723","-0.390031198211102","-1.46717630149984","161","c(""Jund"", ""Slc25a5"", ""Ptma"", ""Cotl1"", ""Nfkbia"", ""Ptms"", ""Psma2"", ""U2af1"", ""Rgcc"", ""Mdh2"", ""Junb"", ""Calm2"", ""H2-D1"", ""Ranbp1"", ""Atp5o"", ""Ubb"", ""Psmb6"", ""Phb"", ""Tomm6"", ""Ndufb7"", ""Dbi"", ""Cltb"", ""Psmc2"", ""Atp5l"", ""Mrps18c"", ""Fabp5"", ""0610010K14Rik"", ""Ctsl"", ""Snrpc"", ""Rheb"", ""Cldn10"", ""Phlda1"", ""Psmb7"", ""Sat1"", ""Ppa1"", ""H2-K1"", ""Pgp"", ""Psma3"", ""Aldoa"", ""Psph"", ""Ndufc2"", ""Egr1"", ""Mrpl42"", ""Pfdn6"", ""Tubb2b"", ""Lmna"", ""Ccdc124"", ""Drap1"")"
"261","LAZARO_GENETIC_MOUSE_MODEL_HIGH_GRADE_SMALL_CELL_NEUROENDOCRINE_LUNG_CARCINOMA_UP","7.50848843163055e-06","0.000396985493866852","0.610526878385931","-0.3571291166877","-1.46561444127692","382","c(""Hnrnpa3"", ""Hmgn2"", ""Tubb5"", ""Pkm"", ""Hnrnpd"", ""Dut"", ""Pcna"", ""Nme1"", ""Hmgb2"", ""Ran"", ""Ranbp1"", ""Larp7"", ""Cdkn2d"", ""Nucks1"", ""Lockd"", ""Kpna2"", ""Gtf2a2"", ""Lig1"", ""Top2a"", ""Hells"", ""Ccnb2"", ""Nusap1"", ""Ccna2"", ""Ccne2"", ""Uba2"", ""Smc4"", ""Dlgap5"", ""Nop58"", ""Tmpo"", ""Slbp"", ""Snrpd1"", ""Cenpf"", ""Ccnb1"", ""Mcm5"", ""Depdc1a"", ""Pgp"", ""Nasp"", ""Ckap2"", ""Birc5"", ""Ccne1"", ""Cenpa"", ""Mcm7"", ""Eri1"", ""Ctps"", ""Kif11"", ""Med14"", ""Rpa1"", ""Gpr162"", ""Rcc2"", ""Cdk1"", ""Cenpk"", ""Nek2"", ""Mki67"", ""Tubg1"", ""Abi2"", ""Tox"", ""Tube1"", 
""Gins1"", ""Xrcc6"", ""Pbk"", ""Agpat5"", ""Tacc3"", ""Rgs16"", ""Racgap1"", ""Chek1"", ""Thoc7"", ""Morf4l2"", ""Spc25"", ""Cdc20"", ""Ctdspl2"", ""E2f8"", ""Mif"", ""Ezh2"", ""Trmt6"", ""Gmnn"", ""Umps"", ""Orc6"", ""Cenpe"", ""Mad2l1"", ""Myef2"", ""Cdc45"", ""Ska2"", ""Ncapg"", ""Prmt1"", ""Prc1"", ""Donson"", ""Atad2"", ""Kif22"", ""Ube2c"", ""Syt13"", ""Idh3a"", ""Psip1"", ""Arhgap20"", ""Mcm4"", ""Ska1"", ""Oxct1"", ""Cep295"", ""Ndc80"", ""Ckap2l"", ""Plk1"", ""Spdl1"", ""Meaf6"", ""Cdkn2c"", ""Rfc4"", ""Aurkb"", ""Rnf126"", ""Ppat"", ""Cenpl"", ""Kif18a"", ""Smc2"", ""Cdk2"", ""Dbf4"", ""Kif23"", 
""Arhgap19"", ""Pif1"", ""Timm50"", ""Wdr76"", ""Hjurp"", ""Ckap5"", ""Rrm1"", ""Pola1"", ""Cdkn3"", ""Rfc5"", ""Ncaph"", ""Rbm15"", ""Rangap1"", ""Ncapd3"", ""9530077C05Rik"", ""E2f7"", ""Dhx9"", ""Rev1"", ""Hmmr"", ""Arhgap11a"", ""Bub1b"", ""Clspn"", ""Kif14"", ""Kif20b"", ""Depdc1b"", ""Tipin"", ""Exo1"", ""Rnaseh2b"", ""Lin9"", ""Ttk"", ""Chaf1b"", ""Fignl1"", ""Anln"", ""Stmn1"", ""Dis3"", ""Aurka"", ""Cdca8"", ""Usp37"", ""Cdc6"", ""Shcbp1"", ""Orc2"", ""Cacnb3"", ""Srsf1"", ""Ift80"", ""Knstrn"", ""Rad51"", ""Nuf2"", ""Ncapg2"", ""Tpi1"", ""Zwilch"", ""Kifc1"", ""Mcm2"", ""Phf19"", ""Aspm"", ""Nsl1"", 
""Gtse1"", ""Helq"", ""Mis18bp1"", ""Troap"", ""Suz12"", ""Kif20a"")"
"262","TABULA_MURIS_SENIS_MAMMARY_GLAND_ENDOTHELIAL_CELL_AGEING","0.000145164081710664","0.00391453651075511","0.518848077743792","-0.380100564155079","-1.45806891786782","233","c(""Jund"", ""Ppia"", ""Atp5e"", ""Atp5k"", ""Atp5j"", ""Arpp19"", ""Atp5j2"", ""Ybx1"", ""Uqcr10"", ""Klf13"", ""Ptms"", ""Cox6a1"", ""Hmgb1"", ""Ndufa5"", ""Sdhb"", ""Ndufb4"", ""Uqcrb"", ""Lsm7"", ""Hmgb2"", ""Banf1"", ""Sumo2"", ""Psmb3"", ""Atp5o"", ""Lsm5"", ""Ndufc1"", ""Mrps14"", ""Tomm6"", ""Ndufs6"", ""Ndufb7"", ""Psma1"", ""Anp32a"", ""Gtf2a2"", ""Rbm3"", ""Romo1"", ""Polr2k"", ""Timm13"", ""Atp5l"", ""Mrps18c"", ""Ndufb2"", ""Ndufa4"", ""Fabp5"", ""0610010K14Rik"", ""Rheb"", ""Prelid1"", ""Uqcr11"", ""Comt"", ""Slc29a1"", ""Jup"", ""Bola3"", ""Psap"", ""Phb2"", ""Mlf2"", ""Rps27l"", ""Mrpl20"", 
""Atp5c1"", ""Psmc3"", ""Rpn2"", ""Sec13"", ""Ndufc2"", ""Egr1"", ""Ndufb8"", ""Cetn3"", ""Mrpl42"", ""Gimap4"", ""Rnf187"", ""Ccdc124"", ""Icam2"", ""Drap1"", ""Polr2f"", ""Dpysl2"", ""Cyc1"", ""Uqcrfs1"", ""Slirp"", ""Mrpl23"", ""Prdx4"", ""Ndufv1"", ""Ndufs8"", ""Nop10"")"
"263","DMRTB1_TARGET_GENES","2.3231503602842e-05","0.000898544666195828","0.575610261071129","-0.367159716703158","-1.45539816385027","313","c(""Satb1"", ""Ptma"", ""H3f3a"", ""Cox7a2"", ""Atp5g3"", ""Tubb5"", ""Nfkbia"", ""Nab2"", ""Klf13"", ""Hnrnpd"", ""Nme1"", ""Cytip"", ""Vasp"", ""Eif2s2"", ""Calm2"", ""Tomm7"", ""Ran"", ""Psmc4"", ""Ubb"", ""Cdkn2d"", ""Magoh"", ""Bach2"", ""Rbm8a"", ""Phb"", ""Tomm6"", ""Cct8"", ""Lsm6"", ""Psmc2"", ""Mrps18c"", ""Got1"", ""1110004F10Rik"", ""Psmb2"", ""Ndufa4"", ""Pdap1"", ""Kras"", ""Dlgap5"", ""Ndufab1"", ""Phb2"", ""Gar1"", ""Ddx39b"", ""Ak6"", ""Snrpd1"", ""Cops3"", ""Sfr1"", ""Nop56"", ""Nfyb"", ""Odc1"", ""Pcbp1"", ""Snrpd3"", ""Psma3"", ""Birc5"", ""Smu1"", ""Cops5"", ""Slc3a2"", ""Psph"", ""Mphosph10"", 
""Anp32e"", ""Ctcf"", ""Mbd3"", ""Rcc2"", ""Ccnf"", ""Mad1l1"", ""Psmb5"", ""Grwd1"", ""Gnl3"", ""Chchd1"", ""Naa20"", ""Cdca3"", ""Hnrnpa1"", ""Mxd3"", ""Cenpe"", ""Rars"", ""Mrpl3"", ""Syncrip"", ""Ndufs8"", ""Kif22"", ""Nav2"", ""Fbxo5"", ""Stat1"", ""Clpb"", ""Ankrd44"", ""Polr2e"", ""Trappc1"", ""Larp1b"", ""Anapc5"", ""Nudc"", ""Gbp9"", ""Il4i1"", ""Pknox1"", ""Mrpl50"", ""Mrpl12"")"
"264","MILI_PSEUDOPODIA_HAPTOTAXIS_UP","0.00122474154245066","0.0219294342472166","0.45505986738723","-0.381617343558545","-1.43503557302217","181","c(""Hnrnpa3"", ""Arpp19"", ""Srsf3"", ""Dek"", ""Dnajc15"", ""Eif2s2"", ""Larp7"", ""Eif3j1"", ""Mrps14"", ""Cacybp"", ""Strap"", ""Pdcd5"", ""Mrps18c"", ""Samd9l"", ""Nusap1"", ""Ccne2"", ""Kras"", ""St13"", ""Eif5b"", ""Ak6"", ""Metap2"", ""Gspt1"", ""Ublcp1"", ""Dkc1"", ""Mrpl57"", ""Rpl31"", ""Rpf2"", ""Uchl5"", ""Gnpnat1"", ""Eri1"", ""Ola1"", ""Psmd6"", ""Cenpk"", ""Ssb"", ""Cetn3"", ""Mak16"", ""Wdr43"", ""Abi2"", ""Psmc6"", ""Nifk"", ""Chek1"", ""Thoc7"", ""Stag2"", ""Slirp"", ""Pcnp"", ""Myef2"", ""Cenpp"", ""Pno1"", ""Ifit2"", ""Ptp4a1"", ""Psip1"", ""Smchd1"", ""Prpf40a"", ""Kpna3"", ""Rwdd1"", 
""Snhg6"", ""Mrpl13"", ""Mrps22"", ""Cfdp1"", ""Net1"", ""Mycbp"", ""Aasdhppt"", ""Naa50"", ""Ccnd2"", ""Gpatch4"", ""Gtpbp4"", ""Ssbp1"", ""Naa15"", ""Txnl1"", ""Dynll2"", ""Ppp1r7"", ""Bhlhb9"", ""Pola1"", ""Hdac2"", ""Mrpl47"")"
"265","NRD1_TARGET_GENES","0.00085893909578798","0.0167798847763597","0.477270815362862","-0.373030038454101","-1.43195985991252","214","c(""Slc25a5"", ""Ptma"", ""Ppia"", ""Tuba1a"", ""Cox7a2"", ""Eif4a1"", ""H3f3b"", ""Tuba1b"", ""Srsf2"", ""Gapdh"", ""Uqcrb"", ""Srsf7"", ""Ier5"", ""Junb"", ""Ncl"", ""Calm2"", ""Ddx18"", ""Ubb"", ""Tubb4b"", ""Eif3j1"", ""Ndufb7"", ""Ier2"", ""Baiap2"", ""Hells"", ""Mrps18c"", ""Klf10"", ""Bcl6"", ""Zbtb7b"", ""Snrpc"", ""U2af2"", ""Txn1"", ""Phb2"", ""Psmb7"", ""Mrpl21"", ""Tmpo"", ""Slbp"", ""Snrpd1"", ""Ifrd1"", ""Nop56"", ""Prdx1"", ""Pcbp1"", ""Atp5c1"", ""Slc3a2"", ""Brix1"", ""Psph"", ""Nip7"", ""Rpf2"", ""Gm15417"", ""Ewsr1"", ""Ndrg1"", ""Trib1"", ""Mat2a"", ""Cdk1"", ""Rcc1"", ""Atf1"", ""Cct3"", 
""Lmna"", ""Rpl41"", ""Sf3a3"", ""Rps19bp1"", ""Klhdc4"", ""Ddit4"", ""Hars"", ""Hnrnpa1"", ""Ppih"", ""Mrpl3"", ""Nop10"", ""Thoc6"", ""Gadd45g"", ""Prpf40a"", ""Sf3a2"", ""Ppp1r8"", ""Ccdc25"", ""Mrpl13"", ""Ptbp1"", ""Rrp15"", ""Mrpl12"", ""Wdr74"", ""Rgs3"", ""Ccnd2"", ""Amd1"", ""Timm8b"", ""Fos"", ""Pgrmc1"", ""Arl6ip6"", ""Gadd45b"")"
"266","TABULA_MURIS_SENIS_MARROW_NK_CELL_AGEING","0.000974924821400293","0.0185428770486135","0.477270815362862","-0.372431674967348","-1.43118680463946","219","c(""Jund"", ""Tmsb4x"", ""Ptma"", ""Cycs"", ""Atp5g3"", ""Cotl1"", ""Atp5j2"", ""Ybx1"", ""H3f3b"", ""Uqcr10"", ""Klf13"", ""Atp5h"", ""Ckb"", ""Dnajc15"", ""Nol7"", ""Ndufa5"", ""U2af1"", ""Sdhb"", ""Rpl35"", ""Uqcrb"", ""Vasp"", ""Psmc4"", ""Atp5o"", ""Ubb"", ""Psmb6"", ""Atp5g1"", ""Lsm4"", ""Cdkn2d"", ""Rbm8a"", ""Tomm6"", ""Ndufs6"", ""Ndufb7"", ""Snrpb"", ""Anp32a"", ""Lsm2"", ""Exosc3"", ""Timm13"", ""Atp5l"", ""Snrpa1"", ""Psmb2"", ""Nme2"", ""Snrpc"", ""Prelid1"", ""Txn1"", ""Gar1"", ""Psme2"", ""Ltb"", ""Mlf2"", ""Bcl2a1b"", ""Srsf9"", ""Mrpl18"", ""Atp5c1"", ""Snrpd3"", ""Rplp2"", ""Polr2i"", 
""Mrpl57"", ""Ctss"", ""Ndufc2"", ""Sf3b5"", ""Tmem14c"", ""Ndufb8"", ""Mrto4"", ""Pfdn6"", ""Polr2j"", ""Pfdn1"", ""Ccdc124"", ""Drap1"", ""Wdr18"", ""Eif3g"", ""Psma7"", ""Asf1a"")"
"267","GOBP_ORGANOPHOSPHATE_METABOLIC_PROCESS","0.000267292635618558","0.00636532007880063","0.49849310876659","-0.363155374468394","-1.41701647241126","269","c(""Ldha"", ""Atp5e"", ""Atp5k"", ""Atp5g3"", ""Atp5j"", ""Atp5j2"", ""Inpp4b"", ""Atp5h"", ""Ckb"", ""Dut"", ""Atp5b"", ""Ndufa5"", ""Nme1"", ""Sdhb"", ""Pgk1"", ""Gapdh"", ""Pfkp"", ""Ndufb4"", ""Rrm2"", ""Mdh2"", ""Ran"", ""Atp5o"", ""Atp5g1"", ""Ndufc1"", ""Ndufa12"", ""Ndufs6"", ""Ndufb7"", ""Dbi"", ""Dgka"", ""Atp5l"", ""Ndufb2"", ""Nme2"", ""Fabp5"", ""Nt5c3b"", ""Prps2"", ""Ndufab1"", ""Me2"", ""Phb2"", ""Gars"", ""Ndufb6"", ""Fdps"", ""Atp5a1"", ""Ada"", ""Pgam1"", ""Atp5c1"", ""Pgp"", ""Aldoa"", ""Ndufc2"", ""Ola1"", ""Ctps"", ""Samhd1"", ""Ndufb8"")"
"268","GOBP_CARBOHYDRATE_DERIVATIVE_BIOSYNTHETIC_PROCESS","0.00314386422455362","0.0456191902451456","0.431707695803346","-0.37249639884799","-1.41335154892944","186","c(""Atp5e"", ""Itm2a"", ""Atp5k"", ""Atp5g3"", ""Atp5j"", ""Atp5j2"", ""Atp5h"", ""Dut"", ""Atp5b"", ""Ndufa5"", ""Nme1"", ""Sdhb"", ""Pgk1"", ""Gapdh"", ""Ndufb4"", ""Rrm2"", ""Mdh2"", ""Atp5o"", ""Atp5g1"", ""Ndufc1"", ""Ndufa12"", ""Ndufs6"", ""Ndufb7"", ""Atp5l"", ""Ndufb2"", ""Ccr7"", ""Nme2"", ""Phlda1"", ""Prps2"", ""Ndufab1"", ""Ndufb6"", ""B4galnt1"", ""Atp5a1"", ""Ada"", ""Pgam1"", ""Atp5c1"", ""Rpn2"", ""Aldoa"", ""Gnpnat1"", ""Ndufc2"", ""Ctps"", ""Ndufb8"")"
"269","RUVBL1_TARGET_GENES","0.000436241028561422","0.00970678396756554","0.49849310876659","-0.360753541316051","-1.40582342033172","268","c(""Uqcr10"", ""Dynll1"", ""Hnrnpd"", ""Snrpg"", ""Psma2"", ""Dek"", ""Hmgb1"", ""U2af1"", ""Fam162a"", ""Cnbp"", ""Calm2"", ""Sumo2"", ""Lsm4"", ""Bach2"", ""Pole4"", ""Ndufc1"", ""Tomm6"", ""Anp32a"", ""Eif2s1"", ""Gtf2h4"", ""Mier1"", ""Top2a"", ""Atp5l"", ""Ccnb2"", ""Cct5"", ""Pdap1"", ""Ywhae"", ""Mtx2"", ""Camk4"", ""Gar1"", ""Psme2"", ""Cenpw"", ""Ddx39b"", ""Atp5a1"", ""Cops3"", ""Sfr1"", ""Rps27l"", ""Mrpl20"", ""Mrpl18"", ""Prdx1"", ""Gspt1"", ""Mrps6"", ""Nasp"", ""Rpn2"", ""Ckap2"", ""Brix1"", ""Nip7"", ""Nsmce4a"", ""Ctps"", ""Aen"", ""Ppm1g"", ""Zbp1"", ""Mak16"", ""Wdr43"", ""Tox"", ""Tube1"", 
""Ccdc124"", ""Tacc3"", ""Smarca5"", ""Ezh2"", ""Slirp"", ""Trmt10a"", ""Ppih"", ""Smn1"", ""Bmyc"", ""Atad2"", ""Clpb"", ""Nsun2"", ""Nutf2"", ""Mcm4"", ""Tnfaip8l1"", ""Ckap2l"", ""Spdl1"", ""Thumpd1"", ""Naa25"", ""Serbp1"", ""Meaf6"", ""Bop1"", ""Gtpbp4"", ""Ppat"", ""Ssbp1"", ""Cenpl"", ""Ndufs7"", ""mt-Nd1"", ""Aurkaip1"", ""Mrps18b"", ""Srgap2"", ""Ilf2"", ""Ppp1r7"", ""Denr"", ""Polr2d"", ""Usp14"", ""Ncaph"", ""Nup50"", ""Rangap1"", ""Nufip1"", ""Arhgap11a"", ""Nudt1"", ""Adam23"", ""Thoc3"", ""Morc3"", ""Sgf29"", ""Raf1"", ""Shmt1"", ""Ttk"", ""Pop7"", ""Zdhhc6"", ""Tars"", ""Tomm70a"", ""Terf2ip"", 
""Cnga1"", ""Elp5"", ""Dbr1"", ""Cdca8"", ""Usp37"", ""Hnrnpc"", ""Shcbp1"", ""Orc2"", ""Ttc27"", ""Srsf1"", ""Sdhd"")"
"270","TABULA_MURIS_SENIS_MARROW_HEMATOPOIETIC_STEM_CELL_AGEING","9.15088912176467e-05","0.00268474657359234","0.538434096309916","-0.337948555364444","-1.39430257322362","378","c(""Jund"", ""Slc25a5"", ""Tmsb4x"", ""Hmgn2"", ""Ptma"", ""Ldha"", ""Atp5g3"", ""Cotl1"", ""Ybx1"", ""H3f3b"", ""Nfkbia"", ""Klf13"", ""Ptms"", ""Psma2"", ""Psma6"", ""U2af1"", ""Nme1"", ""Ap3s1"", ""Mdh2"", ""Junb"", ""Anp32b"", ""Calm2"", ""H2-D1"", ""Psmc4"", ""Ranbp1"", ""Atp5o"", ""Ubb"", ""Tubb4b"", ""Psmb6"", ""Lsm4"", ""Cdkn2d"", ""Ndufa12"", ""Phb"", ""Tomm6"", ""Snrpb"", ""Lat"", ""Lsm2"", ""Eif5a"", ""Ier2"", ""Gtf2a2"", ""Rbm3"", ""Fbl"", ""Ifi47"", ""Cltb"", ""Psmc2"", ""Snrpa1"", ""Igtp"", ""1110004F10Rik"", ""Psmb2"", ""Psmc5"", ""Bub3"", ""Nt5c3b"", ""Ctsl"", ""Tomm40"", ""Snrpc"", ""Srm"", 
""Prelid1"", ""Comt"", ""Orai1"", ""Phb2"", ""Gar1"", ""Psme2"", ""Sat1"", ""Lyar"", ""Galk1"", ""Chchd10"", ""Fdps"", ""Nhp2"", ""Lmo4"", ""Maz"", ""Eif6"", ""Mlf2"", ""Tuba1c"", ""Ppa1"", ""Srsf9"", ""H2-K1"", ""Psmd13"", ""Prdx1"", ""Dusp1"", ""Atp5c1"", ""Ahsa1"", ""Pgp"", ""Psma3"", ""Psmc3"", ""Cbx1"", ""Sec13"", ""Aldoa"", ""Cops5"", ""Brix1"", ""Rpl5"", ""Uchl5"", ""Anp32e"", ""Egr1"", ""Tmem14c"", ""Clic1"", ""E2f4"", ""Mrto4"", ""Pfdn6"", ""Nubp1"", ""Pfdn1"", ""Ccdc124"", ""Icam2"", ""Psmd12"", ""Drap1"", ""Samm50"", ""C1qbp"", ""Wdr18"", ""Eif3g"", ""Psma7"", ""Thoc7"", ""Cyc1"")"
"271","REACTOME_METABOLISM_OF_RNA","9.12361935504673e-05","0.00268474657359234","0.538434096309916","-0.355762619392391","-1.3936425234379","310","c(""Hnrnpa3"", ""Eif4a1"", ""Srsf3"", ""Ybx1"", ""Snrpf"", ""Srsf2"", ""Hnrnpd"", ""Snrpg"", ""Psma2"", ""Zfp36l1"", ""Psma6"", ""U2af1"", ""Rpl15"", ""Alyref"", ""Eif4a3"", ""Rpl35"", ""Srsf7"", ""Lsm7"", ""Polr2l"", ""Ncl"", ""Psmb3"", ""Psmc4"", ""Ubb"", ""Set"", ""Psmb6"", ""Snrpd2"", ""Lsm5"", ""Lsm4"", ""Magoh"", ""Rbm8a"", ""Snrpb"", ""Psma1"", ""Anp32a"", ""Lsm6"", ""Lsm2"", ""Gtf2h4"", ""Hnrnpu"", ""Exosc3"", ""Fbl"", ""Polr2k"", ""Psmc2"", ""Hnrnpa2b1"", ""Snrpa1"", ""Psmb2"", ""Psmc5"", ""Snrnp40"", ""Nt5c3b"", ""Snrpc"", ""U2af2"", ""Nop58"", ""Psmb7"", ""Psme2"", ""Psma4"", ""Ddx39b"", ""Psmd2"", 
""Slbp"", ""Srsf10"", ""Snrpd1"", ""Rps27l"", ""Bysl"", ""Srsf9"", ""Nop56"", ""Psmd13"", ""Gspt1"", ""Pcbp1"", ""Lsm3"", ""Psmd3"", ""Snrpd3"", ""Psma3"", ""Psmc3"", ""Sec13"", ""Wdr12"", ""Rplp2"", ""Polr2i"", ""Dcaf13"", ""Smu1"", ""Bcas2"", ""Etf1"", ""Rpl31"", ""Rpl5"", ""Nip7"", ""Mphosph10"", ""Eri1"", ""Sf3b5"", ""Psmd6"", ""Phf5a"", ""Gtf2f1"", ""Ltv1"", ""U2surp"", ""Wdr43"", ""Ddx21"", ""Txnl4a"", ""Psmc6"", ""Rpl36al"", ""Rbm17"", ""Psmd12"", ""Sf3b6"", ""Psmb5"", ""Sf3a3"", ""Prpf38a"", ""Wdr18"", ""Polr2f"", ""Gnl3"", ""Psma7"", ""Thoc7"", ""Rpp30"", ""Ftsj3"", ""Ebna1bp2"", ""Hnrnpa1"", 
""Eif4e"", ""Ppih"", ""Psma5"", ""Smn1"", ""Utp18"", ""Pdcd11"", ""Thoc6"", ""Isy1"", ""Psmd14"", ""Wbp11"", ""Pno1"", ""Lsm8"", ""Polr2e"", ""Srrm1"", ""Sf3b4"", ""Prpf40a"", ""Sf3a2"", ""Pnn"", ""Polr2c"", ""Exosc2"", ""Psmd1"", ""Imp4"", ""Ptbp1"", ""Seh1l"")"
"272","REACTOME_GENERIC_TRANSCRIPTION_PATHWAY","0.000746971788212949","0.0149992976148823","0.477270815362862","-0.361873698818611","-1.38820148593295","236","c(""Cycs"", ""Lef1"", ""H3f3a"", ""H3f3b"", ""Psma2"", ""Dek"", ""Cox6a1"", ""Cox7c"", ""Pcna"", ""Psma6"", ""Cox7b"", ""Polr2l"", ""Psmb3"", ""Psmc4"", ""Ubb"", ""Psmb6"", ""Psma1"", ""Gtf2h4"", ""Polr2k"", ""Rpa3"", ""Psmc2"", ""Cox5b"", ""Psmb2"", ""Hdac1"", ""Ndufa4"", ""Tcf7"", ""Psmc5"", ""Ccna2"", ""Ccne2"", ""Ctsl"", ""Rheb"", ""Prelid1"", ""Ywhae"", ""Txn1"", ""Psmb7"", ""Psme2"", ""Psma4"", ""Psmd2"", ""Ak6"", ""Rbbp7"", ""Ccnb1"", ""Psmd13"", ""Prdx1"", ""Psmd3"", ""Psma3"", ""Psmc3"", ""Polr2i"", ""Ccne1"", ""Mbd3"", ""Psmd6"", ""Rpa1"", ""Gtf2f1"", ""Cdk1"", ""E2f4"", ""Taf3"", ""Psmc6"", ""Rabggtb"", 
""Psmd12"", ""Nr4a1"", ""Psmb5"", ""Polr2f"", ""Rbbp4"", ""Ddit4"", ""Chek1"", ""Psma7"", ""Nr4a3"", ""Skil"", ""E2f8"", ""Ezh2"", ""Maml2"", ""Psma5"", ""Rorc"", ""Bard1"", ""Prmt1"", ""Atad2"", ""Psmd14"", ""Rfc3"", ""Polr2e"", ""Eed"", ""Cox8a"", ""Polr2c"", ""Nelfa"", ""Psmd1"")"
"273","GOBP_DNA_REPAIR","0.00154964155637275","0.0266360037794569","0.45505986738723","-0.358684043935392","-1.37366114930171","227","c(""Dek"", ""Hmgb1"", ""Pcna"", ""Hmgn1"", ""Cdkn2d"", ""Nucks1"", ""Smc6"", ""Eny2"", ""Rad23a"", ""Gtf2h4"", ""Lig1"", ""Rpa3"", ""Nsmce1"", ""Ube2n"", ""Smc4"", ""Sfpq"", ""Sfr1"", ""Mcm5"", ""Rad21"", ""Polr2i"", ""Mcm7"", ""Nsmce4a"", ""Dntt"", ""Uchl5"", ""Sf3b5"", ""Samhd1"", ""Rpa1"", ""Xrcc6"", ""Smarca5"", ""Chek1"", ""Morf4l2"", ""Asf1a"", ""Usp1"", ""Ddx1"", ""Cdc45"", ""Bard1"", ""Kif22"", ""Psmd14"", ""Rfc3"", ""Smchd1"", ""Rad51ap1"", ""Commd1"", ""Xrcc1"", ""Mcm4"", ""Meaf6"", ""Brcc3"", ""Fmr1"", ""Rmi2"", ""Rfc4"", ""Suv39h1"", ""Pole2"", ""Smc2"", ""Cdk2"", ""Timeless"", ""Pif1"", ""Chd1l"", 
""Ruvbl2"", ""Aunip"", ""Cinp"", ""Actl6a"", ""Rnaseh2c"", ""Rhno1"", ""Rrm1"", ""Prpf19"", ""Pola1"", ""Esco2"", ""Rfc5"", ""Dhx9"", ""Rev1"", ""Ube2a"", ""Tdp1"", ""Clspn"", ""Sgf29"", ""Faap24"", ""Exo1"", ""Rnaseh2b"", ""Brd8"", ""Chaf1b"", ""Fignl1"", ""Terf2ip"", ""Ube2t"", ""Nsmce2"", ""Rad51"", ""Rbbp8"", ""Mcm2"", ""Helq"", ""Babam1"", ""Fh1"", ""Etaa1"", ""Recql4"", ""Rad23b"", ""Cdc14b"", ""Recql"", ""Pms1"", ""Foxm1"", ""Ddx11"", ""Cebpg"", ""Neil3"", ""Ruvbl1"", ""Cdc7"", ""Supt16"", ""Inip"", ""Nbn"", ""Msh6"", ""Ssrp1"")"
"274","TABULA_MURIS_SENIS_BRAIN_NON_MYELOID_BRAIN_PERICYTE_AGEING","0.000157617299398188","0.00414771002936876","0.518848077743792","-0.340088936884345","-1.3676367165231","340","c(""Jund"", ""Slc25a5"", ""Tmsb4x"", ""Hmgn2"", ""Ptma"", ""Cycs"", ""H3f3a"", ""Atp5g3"", ""Atp5j"", ""Atp5j2"", ""Ybx1"", ""H3f3b"", ""Nfkbia"", ""Uqcr10"", ""Klf13"", ""Dynll1"", ""Atp5h"", ""Ptms"", ""Cox6a1"", ""Nol7"", ""Hmgb1"", ""Ndufa5"", ""Psma6"", ""U2af1"", ""Rpl35"", ""Ndufb4"", ""Uqcrb"", ""Mdh2"", ""Hmgb2"", ""Vasp"", ""Hmgn1"", ""Junb"", ""Anp32b"", ""Banf1"", ""Calm2"", ""Psmb3"", ""H2-D1"", ""Ranbp1"", ""Atp5o"", ""Ubb"", ""Set"", ""Psmb6"", ""Atp5g1"", ""Snrpd2"", ""Lsm4"", ""Cdkn2d"", ""Rbm8a"", ""Ndufc1"", ""Ndufa12"", ""Tomm6"", ""Ndufs6"", ""Ndufb7"", ""Snrpb"", ""Psma1"", ""Anp32a"", 
""Lsm2"", ""Eif5a"", ""Dbi"", ""Ier2"", ""Rbm3"", ""Timm13"", ""Cltb"", ""Psmc2"", ""Atp5l"", ""Nsmce1"", ""Cox5b"", ""Mrps18c"", ""Psmb2"", ""Ndufb2"", ""Ndufa4"", ""Psmc5"", ""Nme2"", ""Ctsl"", ""Snrpc"", ""Rheb"", ""Phb2"", ""Psme2"", ""Eif1ax"", ""Ndufb6"", ""Sat1"", ""Chchd10"", ""Maz"", ""Eif6"", ""H2-K1"", ""Atp5c1"", ""Snrpd3"", ""Psma3"", ""Cnih4"", ""Psmc3"", ""Rad21"", ""Rplp2"", ""Polr2i"", ""Dcaf13"", ""1810037I17Rik"", ""Tomm5"", ""Tmem14c"", ""Ndufb8"", ""Clic1"", ""Rrad"", ""Mrto4"", ""Pfdn6"", ""Gimap4"", ""Lmna"", ""Hmgn5"", ""Rpl41"", ""Pfdn1"", ""Ccdc124"", ""Drap1"")"
"275","WANG_TUMOR_INVASIVENESS_UP","0.00220876209516054","0.0347755053677268","0.431707695803346","-0.353228537700028","-1.36627740096418","211","c(""Ppia"", ""Cycs"", ""Atp5k"", ""Cox7a2"", ""Tubb5"", ""Arpp19"", ""Srsf3"", ""Ybx1"", ""H3f3b"", ""Tuba1b"", ""Nfkbia"", ""Pkm"", ""Atp5h"", ""Psma2"", ""Cox7c"", ""Pcna"", ""Gapdh"", ""Rpl35"", ""Srsf7"", ""Hmgb2"", ""Ncl"", ""Eif2s2"", ""Higd1a"", ""Tubb4b"", ""Sap18"", ""Snrpd2"", ""Hnrnpab"", ""Nucks1"", ""Ndufs6"", ""Ndufb7"", ""Strap"", ""Kpna2"", ""Eny2"", ""Dbi"", ""Hnrnpu"", ""Ier2"", ""Psmc2"", ""Hnrnpa2b1"", ""Psmc5"", ""Cct5"", ""Uba2"", ""Rdx"", ""U2af2"", ""Psma4"", ""Eif5b"", ""Raly"", ""Nhp2"", ""Atp5a1"", ""Pcbp1"", ""Psmd3"", ""Rplp2"", ""Mrpl57"", ""Psph"", ""Dazap1"", ""Hspd1"", ""Ndufc2"", 
""Ctcf"", ""Kif11"", ""Ndufb8"", ""Hsph1"", ""Ppan"", ""Cenpk"", ""Ssb"", ""Taf3"", ""Cct2"", ""Tubb2b"", ""Cct3"")"
"276","GOMF_RNA_BINDING","3.83568264847137e-05","0.00133969933958427","0.557332238758646","-0.325910615870298","-1.34871408910141","456","c(""Hnrnpa3"", ""Eif4a1"", ""Srsf3"", ""Ybx1"", ""Tuba1b"", ""Snrpf"", ""Srsf2"", ""Pkm"", ""Hnrnpd"", ""Snrpg"", ""Hmgb1"", ""Zfp36l1"", ""Psma6"", ""U2af1"", ""Rpl15"", ""Alyref"", ""Eif4a3"", ""Rpl35"", ""Srsf7"", ""Lsm7"", ""Cnbp"", ""Hnrnpdl"", ""Ncl"", ""Eif2s2"", ""Hnrnpm"", ""Ddx18"", ""Ran"", ""Tubb4b"", ""Snrpd2"", ""Larp7"", ""Lsm5"", ""Lsm4"", ""Magoh"", ""Hnrnpab"", ""Rbm8a"", ""Snrpb"", ""Strap"", ""Lsm6"", ""Eif2s1"", ""Lsm2"", ""Eif5a"", ""Hnrnpu"", ""Exosc3"", ""Rbm3"", ""Fbl"", ""Hnrnpa2b1"", ""Snrpa1"", ""Mrps18c"", ""Cct5"", ""Rbmxl1"", ""G3bp1"", ""Snrpc"", ""U2af2"", ""Nop58"", ""Snrpb2"", 
""Sfpq"", ""Gar1"", ""Ddx39b"", ""Rrs1"", ""Mrpl21"", ""Eif5b"", ""Eif1ax"", ""Slbp"", ""Srsf10"", ""Raly"", ""Nhp2"", ""Actn1"", ""Rsl1d1"", ""Snrpd1"", ""Srsf6"", ""Rps27l"", ""Bysl"", ""Srsf9"", ""Rbbp7"", ""Nop56"", ""Mrpl20"", ""Mrpl18"", ""Pcbp1"", ""Lsm3"", ""Mrps6"", ""Snrpd3"", ""Dkc1"", ""Rad21"", ""Slc3a2"", ""Etf1"", ""Brix1"", ""Rpl5"", ""Nip7"", ""Dazap1"", ""Hspd1"", ""Rpf2"", ""Eri1"", ""Sf3b5"", ""Samhd1"", ""Ewsr1"", ""Phf5a"", ""Zbp1"", ""Ppan"", ""Ssb"", ""U2surp"", ""Wdr43"", ""Ddx21"", ""Farsb"", ""Nifk"", ""Rbm17"", ""Sf3b6"", ""C1qbp"", ""Sf3a3"", ""Aars"", ""Yrdc"", ""Gnl3"", ""Eif3g"", 
""Thoc7"", ""Hars"", ""Rpp30"", ""Hnrnpa1"", ""Ezh2"", ""Slirp"", ""Eif4e"", ""Trmt10a"", ""Ddx1"", ""Hsp90aa1"", ""Myef2"", ""Rars"", ""Smn1"", ""Bard1"", ""Syncrip"", ""Pdcd11"", ""Nop10"", ""Thoc6"", ""Eif3c"", ""Ikzf1"", ""Pno1"", ""Lsm8"", ""Ifit2"", ""Naa38"", ""Nsun2"", ""Srrm1"", ""Sf3b4"", ""Prpf40a"", ""Rad51ap1"", ""Mrps17"")"
"277","GOCC_MEMBRANE_PROTEIN_COMPLEX","0.000248997069279733","0.0060547262036249","0.49849310876659","-0.335911059562386","-1.34006968620113","323","c(""Slc25a5"", ""Atp5e"", ""Atp5k"", ""Cox7a2"", ""Atp5g3"", ""Atp5j"", ""Atp5j2"", ""Cd3d"", ""Uqcr10"", ""Atp5h"", ""Atp5b"", ""Cd3e"", ""Cox6a1"", ""Dnajc15"", ""Cox7c"", ""Hmgb1"", ""Ndufa5"", ""Cox7b"", ""Sdhb"", ""Ap3s1"", ""H2-T22"", ""Ndufb4"", ""Uqcrb"", ""Calm2"", ""Tomm7"", ""H2-D1"", ""Atp5o"", ""Atp5g1"", ""Ndufc1"", ""Ndufa12"", ""Phb"", ""Tomm6"", ""Ndufs6"", ""Acvrl1"", ""Ndufb7"", ""Romo1"", ""Cltb"", ""Atp5l"", ""Cox5b"", ""Ndufb2"", ""Ndufa4"", ""Timm17a"", ""Tomm40"", ""Uqcr11"", ""Jup"", ""Mtx2"", ""Ndufab1"", ""Phb2"", ""Ndufb6"", ""Chchd10"", ""Atp5a1"", ""H2-K1"", ""Atp5c1"", 
""Rpn2"", ""Sec13"", ""Slc3a2"", ""Hspd1"", ""Ndufc2"", ""Tomm5"", ""Ndufb8"", ""Clic1"")"
"278","GOCC_TRANSFERASE_COMPLEX","0.00182751668779297","0.0297513521800873","0.45505986738723","-0.348853427473992","-1.33702024579912","240","c(""Snrpf"", ""Pkm"", ""Snrpg"", ""Pcna"", ""Pfkp"", ""Polr2l"", ""Snrpd2"", ""Cdkn2d"", ""Pole4"", ""Cacybp"", ""Smc6"", ""Snrpb"", ""Eny2"", ""Gtf2h4"", ""Ube2s"", ""Gtf2a2"", ""Mrps36"", ""Polr2k"", ""Nsmce1"", ""Ccnb2"", ""Dcun1d5"", ""Psmc5"", ""Ccna2"", ""Ccne2"", ""Ube2n"", ""0610010K14Rik"", ""Prps2"", ""Snrpd1"", ""Rbbp7"", ""Ccnb1"", ""Snrpd3"", ""Rpn2"", ""Polr2i"", ""Dcaf13"", ""Ccne1"", ""Nsmce4a"", ""Sf3b5"", ""Gtf2f1"", ""Mat2a"", ""Cdk1"", ""Taf3"", ""Ccnf"", ""Trmt61a"", ""Polr2j"", ""Rabggtb"", ""Xrcc6"", ""Polr2f"", ""Rbbp4"", ""Morf4l2"", ""Cdc20"", ""Naa20"", ""Ezh2"", ""Trmt6"", 
""Leo1"", ""Bard1"", ""Prmt1"", ""Ube2c"", ""Anapc15"", ""Naa38"", ""Polr2e"", ""Eed"", ""Commd1"", ""Anapc5"", ""Polr2c"", ""Asb2"", ""Naa25"", ""Meaf6"", ""Dld"", ""Naa50"", ""Ccnd2"", ""Brcc3"", ""Ube2l3"", ""Pole2"", ""Naa15"", ""Cdk2"", ""Dbf4"", ""Naa16"", ""Anapc13"", ""Cdc16"", ""Ruvbl2"", ""Actl6a"", ""Pola1"", ""Hdac2"", ""Polr2d"", ""Med30"", ""Clns1a"", ""Rbm15"", ""Rangap1"")"
"279","TABULA_MURIS_SENIS_GONADAL_ADIPOSE_TISSUE_ENDOTHELIAL_CELL_AGEING","0.00122295652755611","0.0219294342472166","0.45505986738723","-0.320763292799766","-1.32347466622376","390","c(""Jund"", ""Tmsb4x"", ""Ptma"", ""Cycs"", ""Tuba1a"", ""Ybx1"", ""Nfkbia"", ""Klf13"", ""Srsf2"", ""Atp5h"", ""Ptms"", ""Hnrnpd"", ""Psma2"", ""Dek"", ""Hmgb1"", ""Tubb2a"", ""Rgcc"", ""Gapdh"", ""Fam162a"", ""Srsf7"", ""Vasp"", ""Cnbp"", ""Hmgn1"", ""Ncl"", ""Banf1"", ""Calm2"", ""H2-D1"", ""Ranbp1"", ""Set"", ""Tubb4b"", ""Magoh"", ""Rbm8a"", ""Phb"", ""Mrps14"", ""Cacybp"", ""Tomm6"", ""Smc6"", ""Ndufb7"", ""Snrpb"", ""Anp32a"", ""Eif2s1"", ""Lsm2"", ""Eif5a"", ""Ube2s"", ""Ier2"", ""Mrps36"", ""Timm13"", ""Baiap2"", ""Cltb"", ""Psmc2"", ""Snrpa1"", ""Igtp"", ""Psmc5"", ""Nme2"", ""Rdx"", ""Mrfap1"", 
""Rbmxl1"", ""Ctsl"", ""Snrpc"", ""Rheb"", ""Ywhae"", ""Ndfip1"", ""St13"", ""Bola3"", ""Orai1"", ""Phb2"", ""Psme2"", ""Eif1ax"", ""Slbp"", ""Srsf10"", ""Lyar"", ""Galk1"", ""Raly"", ""Eif6"", ""Sfr1"", ""Ppa1"", ""Srsf6"", ""Nop56"", ""H2-K1"", ""Prdx1"", ""Atp5c1"", ""Ahsa1"", ""Snrpd3"", ""Psma3"", ""Dkc1"", ""Psmc3"", ""Cbx1"", ""Polr2i"", ""Lysmd2"", ""Dcaf13"", ""Psph"", ""Ctss"", ""Gnpnat1"", ""Ctcf"", ""Samhd1"", ""Tmem14c"", ""Clic1"", ""Ssb"", ""Mrpl42"", ""Csrp1"", ""Txnl4a"", ""Farsb"", ""Ccdc124"", ""Icam2"", ""Psmd12"", ""Drap1"", ""Samm50"", ""Psmb5"", ""Nmd3"", ""Dpysl2"", ""Ddit4"", ""Eif3g"", 
""Dhrs3"", ""Skil"", ""Ebna1bp2"", ""Uqcrfs1"", ""Ldlrad3"", ""Pcnp"", ""Hsp90aa1"", ""Prdx4"", ""Psma5"", ""Prmt1"", ""Mrps24"", ""Atp2b1"", ""H2-Q4"", ""Mxd4"", ""Hprt"", ""Pno1"", ""Naa38"", ""Polr2e"", ""Id3"", ""Psip1"", ""Sf3b4"", ""Eed"", ""Commd1"", ""Larp1b"", ""Ctsz"", ""Mrpl51"", ""Kpna3"", ""Imp4"", ""Ccdc25"", ""Hras"")"
"280","GOBP_LOCOMOTION","0.00206995681174021","0.0331365586279412","0.431707695803346","0.47943260526091","1.39017472317478","441","c(""Sell"", ""Bex6"", ""Pdgfrb"", ""Pparg"", ""Cmtm7"", ""Epb41l4b"", ""Il1r1"", ""Camk2d"", ""Gata3"", ""Adgrg1"", ""Kit"", ""Rapgef2"", ""Atp2b4"", ""Lgals9"", ""St6gal1"", ""Rps19"", ""Itga4"", ""Fut7"", ""Lbp"", ""Hdac4"", ""Notch1"", ""Igf1r"", ""Ephb2"", ""S100a11"", ""Smo"", ""Plk2"", ""Bst1"", ""Il12a"", ""Camk2a"", ""Tnfsf11"", ""Arhgap5"", ""Dpp4"", ""Sema4a"", ""Angpt1"", ""Epcam"", ""Dbn1"", ""Ldlrad4"", ""Cx3cr1"", ""Idh2"", ""Tiam1"", ""Ifitm1"", ""Egfl7"", ""Pik3cd"", ""Itgb3"", ""Gstp1"", ""Prr5"", ""Smad3"", ""Arhgap18"", ""Cysltr1"", ""Adgrg3"", ""Cdh1"", ""Hoxa7"", ""Atp8a1"", ""Stc1"", 
""Rapgef3"", ""Plcg2"", ""Pecam1"", ""Zeb2"", ""Mpp1"", ""Patz1"", ""Ppp3ca"", ""Emilin2"", ""Atoh8"", ""Psen2"", ""Spred1"", ""Myc"", ""Eng"", ""Serpinf1"", ""Bst2"", ""P2rx4"", ""Mef2c"", ""Hnf4a"", ""Jag1"", ""Hspa5"", ""Stk10"", ""Sash1"", ""Vav3"", ""Cxcr6"", ""Lyn"", ""Grn"", ""Ccr2"", ""Swap70"", ""Plxnb2"", ""Spns2"", ""Sap30"", ""Flt1"")"
"281","GOMF_SIGNALING_RECEPTOR_BINDING","0.00115978570346926","0.0211514082566245","0.45505986738723","0.486245936497863","1.40993082812529","441","c(""Blk"", ""Pdgfrb"", ""Gfra1"", ""Cmtm7"", ""Il1r1"", ""Gata3"", ""P2rx7"", ""Esm1"", ""Tgfb3"", ""S100a4"", ""Sytl1"", ""Rapgef2"", ""Lgals9"", ""Itga4"", ""Lbp"", ""Ly6e"", ""Notch1"", ""Itgae"", ""Dkkl1"", ""Igf1r"", ""Ephb2"", ""Exoc4"", ""Smo"", ""Il12a"", ""Camk2a"", ""Aak1"", ""Tnfsf11"", ""Dtx1"", ""Nck2"", ""Wipi1"", ""Mpp4"", ""Dpp4"", ""Plscr1"", ""Sema4a"", ""Ahr"", ""Angpt1"", ""Gja1"", ""Smad7"", ""Rpl11"", ""Ar"", ""Socs2"", ""Hsp90ab1"", ""Cx3cr1"", ""Tiam1"", ""Egfl7"", ""Hsp90b1"", ""Itgb3"", ""Smad3"", ""Adora2a"", ""Pebp1"", ""Stc1"", ""Itgb7"", ""Manf"", ""Sytl4"", ""Nedd4"", ""Dst"", 
""Angptl2"", ""Hmga1"", ""Gnaq"", ""Anks1"", ""Mpp1"", ""Palm"", ""Clec4d"", ""P4hb"", ""Ly6c1"", ""Tnfsf10"", ""Creg1"", ""Cblb"", ""Spred1"", ""Rnf43"", ""Unc93b1"", ""Ldlrap1"", ""Asxl1"", ""Eng"", ""Mfge8"", ""Casp3"", ""P2rx4"", ""Tspan4"", ""Hnf4a"", ""Ighm"", ""Jag1"", ""Pik3ip1"", ""Zbtb16"", ""Vav3"", ""Metrn"", ""Gphn"", ""Lyn"", ""Clcf1"", ""Grn"", ""Stx1b"", ""Il15"", ""Qrfp"", ""Siva1"", ""Nr3c1"", ""Stoml2"", ""Bicd1"", ""Hbegf"", ""Nucb2"", ""Timp2"", ""Calm3"", ""Gna15"", ""Il4"")"
"282","GOBP_NEGATIVE_REGULATION_OF_MULTICELLULAR_ORGANISMAL_PROCESS","0.00102885654094917","0.0192509748230197","0.45505986738723","0.489031461676006","1.41669078812798","431","c(""Plac8"", ""Cdk6"", ""Hes1"", ""Il2ra"", ""Pparg"", ""Gata3"", ""Cst7"", ""P2rx7"", ""Runx3"", ""Tgfb3"", ""Srgn"", ""Nfe2"", ""Serpinb1a"", ""Rapgef2"", ""Atp2b4"", ""Lgals9"", ""Rps19"", ""Lbp"", ""Notch1"", ""Cd34"", ""Ephb2"", ""Smo"", ""Tmem176b"", ""Plk2"", ""Klf2"", ""Il12a"", ""Dtx1"", ""Thbd"", ""Pdcd1"", ""Hhex"", ""B2m"", ""Tsc22d1"", ""Rnf125"", ""Sema4a"", ""Ahr"", ""Angpt1"", ""Gja1"", ""Dbn1"", ""Smad7"", ""Anxa4"", ""Ldlrad4"", ""Socs2"", ""Cx3cr1"", ""Tmem176a"", ""Mycn"", ""H19"", ""Idh2"", ""Bcl11a"", ""Runx1"", ""Gstp1"", ""Smad3"", ""Adora2a"", ""Cdh1"", ""Laptm4b"", ""Hoxa7"", ""Stc1"", 
""Milr1"", ""Ptpn13"", ""Gpr68"", ""Lax1"", ""Ifngr1"", ""Prdx2"", ""Ldlr"", ""Samsn1"", ""Tcf4"", ""Patz1"", ""Ppp3ca"", ""Gimap5"", ""Cblb"", ""Spred1"", ""Tifab"", ""Myc"", ""Serpinf1"", ""Bst2"", ""Casp3"", ""P2rx4"", ""Mef2c"")"
"283","GOBP_REGULATION_OF_LOCOMOTION","0.00190070645704545","0.0307690205391936","0.45505986738723","0.489852945612202","1.41985560117078","379","c(""Sell"", ""Bex6"", ""Pdgfrb"", ""Pparg"", ""Epb41l4b"", ""Il1r1"", ""Camk2d"", ""Gata3"", ""Adgrg1"", ""Kit"", ""Rapgef2"", ""Atp2b4"", ""Lgals9"", ""St6gal1"", ""Itga4"", ""Fut7"", ""Lbp"", ""Hdac4"", ""Notch1"", ""Igf1r"", ""Ephb2"", ""S100a11"", ""Smo"", ""Plk2"", ""Bst1"", ""Il12a"", ""Camk2a"", ""Arhgap5"", ""Dpp4"", ""Sema4a"", ""Angpt1"", ""Epcam"", ""Dbn1"", ""Ldlrad4"", ""Cx3cr1"", ""Idh2"", ""Tiam1"", ""Ifitm1"", ""Egfl7"", ""Pik3cd"", ""Itgb3"", ""Gstp1"", ""Prr5"", ""Smad3"", ""Arhgap18"", ""Adgrg3"", ""Cdh1"", ""Hoxa7"", ""Atp8a1"", ""Stc1"", ""Rapgef3"", ""Plcg2"", ""Pecam1"", ""Zeb2"", 
""Mpp1"", ""Patz1"", ""Ppp3ca"", ""Emilin2"", ""Atoh8"", ""Spred1"", ""Myc"", ""Eng"", ""Serpinf1"", ""Bst2"", ""P2rx4"", ""Mef2c"", ""Hnf4a"", ""Jag1"", ""Hspa5"", ""Stk10"", ""Sash1"", ""Lyn"", ""Grn"", ""Ccr2"", ""Swap70"", ""Plxnb2"", ""Spns2"", ""Sap30"", ""Flt1"")"
"284","GOBP_EPITHELIUM_DEVELOPMENT","0.00161586965101556","0.0273257821812521","0.45505986738723","0.491398912283307","1.42365919800517","338","c(""Etv5"", ""Cdk6"", ""Hes1"", ""Maf"", ""Pparg"", ""Gata3"", ""Heg1"", ""Runx3"", ""Rapgef2"", ""Itga4"", ""Notch1"", ""Igf1r"", ""Smo"", ""Myo6"", ""Klf2"", ""Tnfsf11"", ""Hhex"", ""Gpx1"", ""Rps7"", ""Ahr"", ""Angpt1"", ""Gja1"", ""Epcam"", ""Smad7"", ""Ar"", ""Mycn"", ""Sox4"", ""Ifitm1"", ""Pik3cd"", ""Runx1"", ""Smad3"", ""Mafg"", ""Cdh1"", ""Nfix"", ""Hoxa7"", ""Tagln2"", ""Stc1"", ""Rapgef3"", ""Rilpl2"", ""Pecam1"", ""Trps1"", ""Tgif1"", ""Phgdh"", ""Thra"", ""Zeb2"", ""Cdkn1a"", ""Ppp3ca"", ""Atoh8"", ""Psen2"", ""Spred1"", ""Chd7"", ""Sapcd2"", ""Myc"", ""Asxl1"", ""Eng"", ""Casp3"", ""Mef2c"", ""Luzp1"", 
""Jag1"", ""Pbx1"", ""Wdr77"", ""Tcf7l2"", ""Ampd2"", ""Socs3"")"
"285","GOBP_VESICLE_MEDIATED_TRANSPORT","0.00175267952307784","0.0289418111504228","0.45505986738723","0.490869552263529","1.42695715848944","360","c(""Pparg"", ""Nkg7"", ""Dtnbp1"", ""P2rx7"", ""Lat2"", ""Kit"", ""Sytl1"", ""Lgals9"", ""Itga4"", ""Lbp"", ""Notch1"", ""Igf1r"", ""Ephb2"", ""Eef2k"", ""Exoc4"", ""Pld4"", ""Myo6"", ""Atp13a2"", ""Unc119"", ""Plk2"", ""Camk2a"", ""Aak1"", ""Snx10"", ""Wipi1"", ""B2m"", ""Plscr1"", ""Tbc1d4"", ""Vamp5"", ""Angpt1"", ""Steap3"", ""Rhobtb3"", ""Itgb3"", ""Rnf216"", ""Tmed3"", ""Tfrc"", ""Stard3nl"", ""Laptm4b"", ""Nfix"", ""Milr1"", ""Rab44"", ""Rab38"", ""Pla2g4a"", ""Il10ra"", ""Plcg2"", ""Pecam1"", ""Sytl4"", ""Hip1r"", ""Snx30"", ""Nedd4"", ""Cd163"", ""Ldlr"", ""Apobr"", ""Tbc1d5"", ""P4hb"", ""Dtx3l"", 
""Ppp3ca"", ""Rab27a"", ""Bmp2k"", ""Creg1"", ""Cyfip1"", ""Ldlrap1"", ""Mfge8"", ""Siglecf"", ""Ncf4"", ""Hyou1"", ""Ighm"", ""Vav3"", ""Bcap29"", ""Irf8"", ""Lyn"", ""Grn"", ""Stx1b"", ""Ccr2"", ""Kif5a"", ""Il15"", ""0610009B22Rik"", ""Bicd1"", ""Evi5"", ""Fcho1"", ""Actn2"", ""Ergic1"", ""Il4"")"
"286","GOCC_SYNAPSE","0.000677918254778688","0.013708220709788","0.477270815362862","0.497313213616521","1.44220567239088","408","c(""Camk2d"", ""Wfs1"", ""Rpl21"", ""Rpsa"", ""Dtnbp1"", ""P2rx7"", ""Rpl18"", ""Rpl18a"", ""Rpl32"", ""Gria3"", ""Srgn"", ""Rps5"", ""Rps10"", ""Rpl10a"", ""Ybx3"", ""Rpl23"", ""Rps16"", ""Rapgef2"", ""Atp2b4"", ""Rpl13"", ""Rps14"", ""Rps19"", ""Rps18"", ""Rpl10"", ""Rps27a"", ""Rps3"", ""Rpl27a"", ""Hdac4"", ""Igf1r"", ""Ephb2"", ""Eef2k"", ""Exoc4"", ""Rpl26"", ""Rps3a1"", ""Rps20"", ""Myo6"", ""Rasgrp2"", ""Rpl9"", ""Camk2a"", ""Rps12"", ""Aak1"", ""Rpl28"", ""Rpl3"", ""Nck2"", ""Rplp0"", ""Mpp4"", ""Rpl17"", ""Rps7"", ""Rpl7a"", ""Rps2"", ""Pkp4"", ""Rpl8"", ""Dbn1"", ""Pdlim4"", ""Rpl4"", ""Rpl11"", 
""Chn2"", ""Marcksl1"", ""Rpl14"", ""Tiam1"", ""Rpl29"", ""Rps4x"", ""Slc2a3"", ""Bcl11a"", ""Sypl"", ""Itgb3"", ""Rnf216"", ""Rps6"", ""Rpl37"", ""Adora2a"", ""Rpl19"", ""Cdh1"", ""Pebp1"", ""Atp8a1"", ""Rapgef3"", ""Hip1r"", ""Nedd4"", ""Dst"")"
"287","GOCC_EXTRACELLULAR_SPACE","0.00048471855430748","0.0105811857139167","0.49849310876659","0.498981528138097","1.4467386236198","440","c(""Gzma"", ""Cpa3"", ""Sell"", ""Igfbp4"", ""Gfra1"", ""Cmtm7"", ""Il1r1"", ""Podnl1"", ""Cst7"", ""Tgfb3"", ""Srgn"", ""Kit"", ""Serpinb1a"", ""S100a4"", ""Lcn4"", ""Olfm5"", ""Lgals9"", ""Fam20a"", ""Lbp"", ""Dkkl1"", ""Prss57"", ""Lgals1"", ""S100a11"", ""Xylt1"", ""Muc13"", ""Il12a"", ""Tnfsf11"", ""Thbd"", ""B2m"", ""Bpifc"", ""Nucb1"", ""Rpl39"", ""Angpt1"", ""Smpdl3a"", ""Egfl7"", ""Tfrc"", ""Serpinb6b"", ""Lgals3bp"", ""Ahnak"", ""Pebp1"", ""Stc1"", ""Manf"", ""Pecam1"", ""Angptl2"", ""Ldlr"", ""Apobr"", ""Tnfsf10"", ""Creg1"", ""Trdv4"", ""Sord"", ""Eng"", ""Tcn2"", ""Napsa"", ""Serpinf1"", ""Mfge8"", 
""Ide"", ""Alad"", ""Ighm"", ""Klk8"", ""Zbed3"", ""Pdia6"", ""Pik3ip1"")"
"288","GOBP_REGULATION_OF_ANATOMICAL_STRUCTURE_MORPHOGENESIS","0.0017072240406787","0.028353694946488","0.45505986738723","0.509695600054218","1.46138411187698","280","c(""Etv5"", ""Hes1"", ""Pparg"", ""Gata3"", ""Dtnbp1"", ""Kit"", ""Rapgef2"", ""Atp2b4"", ""Notch1"", ""Cd34"", ""Ephb2"", ""Eef2k"", ""Smo"", ""Plk2"", ""Klf2"", ""Hhex"", ""Cdc42ep3"", ""Sema4a"", ""Gja1"", ""Dbn1"", ""Rpl4"", ""Ar"", ""Mtdh"", ""Cx3cr1"", ""Tiam1"", ""Pik3cd"", ""Bcl11a"", ""Runx1"", ""Itgb3"", ""Tfrc"", ""Runx2"", ""Arhgap18"", ""Cysltr1"", ""Cdh1"", ""Rapgef3"", ""Nedd4"", ""Tgif1"", ""Zeb2"", ""Palm"", ""Tcf4"", ""Ppp3ca"", ""Emilin2"", ""Vat1"", ""Cyfip1"", ""Spred1"", ""Sapcd2"", ""Eng"", ""Serpinf1"", ""Mef2c"", ""Hnf4a"", ""Ighm"", ""Jag1"", ""Sash1"", ""Metrn"", ""Grn"", ""Ccr2"", 
""Plxnb2"", ""Flt1"", ""Ntng1"", ""Nin"", ""Rufy3"", ""Pde3b"", ""Caprin1"", ""Pml"", ""Tenm4"", ""Plekho1"")"
"289","GOBP_NEGATIVE_REGULATION_OF_DEVELOPMENTAL_PROCESS","0.00107220353821919","0.0199971164749423","0.45505986738723","0.505430334986445","1.46232776808561","324","c(""Plac8"", ""Cdk6"", ""Hes1"", ""Pparg"", ""Gata3"", ""Dtnbp1"", ""Runx3"", ""Srgn"", ""Kit"", ""Nfe2"", ""Ybx3"", ""Rapgef2"", ""Atp2b4"", ""Zfp36l2"", ""Hdac4"", ""Notch1"", ""Ephb2"", ""Smo"", ""Hoxa9"", ""Xylt1"", ""Tmem176b"", ""Plk2"", ""Klf2"", ""Rora"", ""Dtx1"", ""Myb"", ""Pdcd1"", ""Hhex"", ""Bcl7c"", ""B2m"", ""Tsc22d1"", ""Notch3"", ""Sema4a"", ""Ahr"", ""Gja1"", ""Smad7"", ""Ldlrad4"", ""Socs2"", ""Tmem176a"", ""Mycn"", ""Sox4"", ""H19"", ""Idh2"", ""Bcl11a"", ""Runx1"", ""Itgb3"", ""Smad3"", ""Tfrc"", ""Cdh1"", ""Hoxa7"", ""Rapgef3"", ""Ptpn13"", ""Gpr68"", ""Prdx2"", ""Cdkn1a"", ""Ldlr"", 
""Tcf4"", ""Ppp3ca"", ""Vat1"", ""Spred1"", ""Myc"", ""Asxl1"", ""Serpinf1"", ""Gpr171"", ""Jag1"", ""Zbtb16"", ""Pbx1"", ""Wdr77"", ""Tcf7l2"", ""Lyn"", ""Ccr2"", ""Smarcc1"", ""Sap30"", ""Flt1"", ""Twsg1"", ""Nucb2"", ""Tbx21"", ""Il4"", ""Rufy3"", ""Pde3b"", ""Crim1"", ""Cdk5rap2"", ""Pml"", ""Stat5a"", ""Mmp11"", ""Ddb1"", ""Stc2"", ""Bmp7"", ""Nfatc2"")"
"290","GOBP_TUBE_MORPHOGENESIS","0.00193812969298728","0.0312869507582232","0.45505986738723","0.510257588834959","1.46274749925086","281","c(""Etv5"", ""Pdgfrb"", ""Hes1"", ""Pparg"", ""Gata3"", ""Heg1"", ""Esm1"", ""Adgrg1"", ""Rapgef2"", ""Atp2b4"", ""Notch1"", ""Cd34"", ""Ephb2"", ""Smo"", ""Plk2"", ""Klf2"", ""Il12a"", ""Rora"", ""Hhex"", ""Gpx1"", ""Rps7"", ""Notch3"", ""Sema4a"", ""Ahr"", ""Angpt1"", ""Gja1"", ""Smad7"", ""Ar"", ""Mtdh"", ""Cx3cr1"", ""Mycn"", ""Sox4"", ""Egfl7"", ""Pik3cd"", ""Runx1"", ""Itgb3"", ""Smad3"", ""Cysltr1"", ""Cdh1"", ""Rapgef3"", ""Pecam1"", ""Nedd4"", ""Tgif1"", ""Zeb2"", ""Ldlr"", ""Tcf4"", ""Emilin2"", ""Atoh8"", ""Spred1"", ""Chd7"", ""Myc"", ""Eng"", ""Serpinf1"", ""Mfge8"", ""Casp3"", ""Mef2c"", ""Luzp1"", 
""Jag1"", ""Pbx1"", ""Sash1"", ""Vav3"", ""Tcf7l2"", ""Grn"", ""Ccr2"", ""Plxnb2"", ""Flt1"", ""Nr3c1"")"
"291","GOBP_TUBE_DEVELOPMENT","0.000597099381765244","0.0124676946996852","0.477270815362862","0.506227845716755","1.46662092818288","338","c(""Etv5"", ""Pdgfrb"", ""Hes1"", ""Pparg"", ""Gata3"", ""Heg1"", ""Esm1"", ""Tgfb3"", ""Adgrg1"", ""Kit"", ""Rapgef2"", ""Atp2b4"", ""Notch1"", ""Cd34"", ""Ephb2"", ""Smo"", ""Plk2"", ""Klf2"", ""Il12a"", ""Rora"", ""Myb"", ""Hhex"", ""Gpx1"", ""Rps7"", ""Notch3"", ""Sema4a"", ""Rxfp1"", ""Ahr"", ""Angpt1"", ""Gja1"", ""Epcam"", ""Smad7"", ""Ar"", ""Mtdh"", ""Cx3cr1"", ""Mycn"", ""Sox4"", ""Egfl7"", ""Pik3cd"", ""Runx1"", ""Itgb3"", ""Smad3"", ""Cysltr1"", ""Cdh1"", ""Rapgef3"", ""Pecam1"", ""Nedd4"", ""Tgif1"", ""Phgdh"", ""Thra"", ""Zeb2"", ""Ldlr"", ""Hmga1"", ""Tcf4"", ""Emilin2"", ""Atoh8"", ""Psen2"", 
""Spred1"", ""Chd7"", ""Myc"", ""Asxl1"", ""Eng"", ""Serpinf1"", ""Mfge8"", ""Casp3"", ""Mef2c"", ""Tns3"", ""Luzp1"", ""Jag1"", ""Pbx1"", ""Sash1"", ""Vav3"", ""Tcf7l2"")"
"292","MIR_466I_5P","0.00181790987258033","0.0296937566250461","0.45505986738723","0.511924712005545","1.46963258702826","272","c(""Cdk6"", ""Fam169b"", ""Mta3"", ""Sox5"", ""Erg"", ""P2rx7"", ""Runx3"", ""Gria3"", ""Pitpnc1"", ""Arhgap26"", ""Iqgap2"", ""Itga4"", ""Lbp"", ""Igf1r"", ""Eef2k"", ""Serinc3"", ""Smo"", ""Deptor"", ""Bst1"", ""Muc13"", ""Camk2a"", ""Rora"", ""Aak1"", ""Sh3bp5"", ""Nck2"", ""Elovl6"", ""Vamp5"", ""Maml3"", ""Mex3a"", ""Runx1"", ""Nipal1"", ""Elovl5"", ""Zfp704"", ""Pecam1"", ""Gpr68"", ""Zeb2"", ""Csf2ra"", ""Dtx3l"", ""Creg1"", ""Cyfip1"", ""Chd7"", ""Slc7a8"")"
"293","LYL1_TARGET_GENES","6.41203794058622e-05","0.00205292081397769","0.538434096309916","0.506144785797357","1.47120413956272","496","c(""Cpa3"", ""Rbpms"", ""Atp8b4"", ""Hes1"", ""Cd93"", ""Clec12a"", ""Cmtm7"", ""Epb41l4b"", ""Ctla2a"", ""Il1r1"", ""Erg"", ""Gm5111"", ""Gm19590"", ""Runx3"", ""Plekha7"", ""Adgrg1"", ""Lat2"", ""Rps10"", ""Nfe2"", ""S100a4"", ""Rgs18"", ""Atp2b4"", ""Iqgap2"", ""St6gal1"", ""I830077J02Rik"", ""Pgls"", ""Itga4"", ""Fut7"", ""Lbp"", ""C030034L19Rik"", ""Eef2k"", ""Prss57"", ""Lgals1"", ""Pld4"", ""Prr13"", ""Atp13a2"", ""Unc119"", ""Rasgrp2"", ""Rpl9"", ""Nck2"", ""Hhex"", ""Atp1b3"", ""Nucb1"", ""Cxxc5"", ""Sema4a"", ""Angpt1"", ""Steap3"", ""Stat4"", ""AB124611"", ""Gm15518"", ""Myl4"", ""Adssl1"", 
""Cx3cr1"", ""Vars"", ""Egfl7"", ""Pik3cd"", ""Sypl"", ""Cd82"", ""Ms4a6b"", ""Runx1"", ""Ctla2b"", ""Smad3"", ""Tfrc"", ""Arhgap18"", ""Zyx"", ""Lair1"", ""Aim2"", ""Cdv3"", ""Med7"", ""Hoxa7"", ""Elovl5"", ""Milr1"", ""Rapgef3"", ""Pecam1"", ""Eef1g"", ""Hip1r"", ""Gfi1b"", ""Lax1"", ""Cbfa2t3"", ""Zeb2"", ""Ogfrl1"", ""Impdh2"", ""Hmga1"", ""Anks1"", ""Samsn1"", ""Patz1"", ""Arhgef10l"", ""Ly6g5b"", ""Fli1"", ""Lhfpl2"", ""Unc93b1"", ""Cyth4"", ""Pqlc3"", ""Napsa"", ""Serpinf1"", ""Ncf4"", ""Mef2c"", ""Cd300c"", ""Luzp1"", ""Pik3ip1"", ""P2ry14"", ""Dmwd"", ""Msh5"", ""Glod4"")"
"294","MIR_466D_5P","0.00100145419868378","0.0188607207418778","0.45505986738723","0.514978372395503","1.47632718142418","279","c(""Cdk6"", ""Fam169b"", ""Mta3"", ""Sox5"", ""Maf"", ""Erg"", ""P2rx7"", ""Runx3"", ""Gria3"", ""Pitpnc1"", ""Arhgap26"", ""Iqgap2"", ""Itga4"", ""Lbp"", ""Igf1r"", ""Eef2k"", ""Serinc3"", ""Smo"", ""Deptor"", ""Bst1"", ""Muc13"", ""Camk2a"", ""Rora"", ""Aak1"", ""Sh3bp5"", ""Nck2"", ""Elovl6"", ""Vamp5"", ""Maml3"", ""Mex3a"", ""Runx1"", ""Nipal1"", ""Elovl5"", ""Zfp704"", ""Pecam1"", ""Gpr68"", ""Zeb2"", ""Csf2ra"", ""Dtx3l"", ""Creg1"", ""Cyfip1"", ""Chd7"", ""Slc7a8"")"
"295","MIR_466K","0.00100145419868378","0.0188607207418778","0.45505986738723","0.514978372395503","1.47632718142418","279","c(""Cdk6"", ""Fam169b"", ""Mta3"", ""Sox5"", ""Maf"", ""Erg"", ""P2rx7"", ""Runx3"", ""Gria3"", ""Pitpnc1"", ""Arhgap26"", ""Iqgap2"", ""Itga4"", ""Lbp"", ""Igf1r"", ""Eef2k"", ""Serinc3"", ""Smo"", ""Deptor"", ""Bst1"", ""Muc13"", ""Camk2a"", ""Rora"", ""Aak1"", ""Sh3bp5"", ""Nck2"", ""Elovl6"", ""Vamp5"", ""Maml3"", ""Mex3a"", ""Runx1"", ""Nipal1"", ""Elovl5"", ""Zfp704"", ""Pecam1"", ""Gpr68"", ""Zeb2"", ""Csf2ra"", ""Dtx3l"", ""Creg1"", ""Cyfip1"", ""Chd7"", ""Slc7a8"")"
"296","BMI1_TARGET_GENES","0.000140844735625784","0.00382871797835562","0.518848077743792","0.514471580977796","1.49258286288838","400","c(""Sell"", ""Rbpms"", ""Fam169b"", ""Hes1"", ""Gfra1"", ""Maf"", ""Pparg"", ""Kbtbd11"", ""Erg"", ""Tox2"", ""Scin"", ""Gata3"", ""Pcdh7"", ""Runx3"", ""Srgn"", ""Nfe2"", ""Tshz2"", ""Pitpnc1"", ""Rgs18"", ""Olfm5"", ""St6gal1"", ""Rpl10"", ""Dkkl1"", ""Eef2k"", ""Hoxa9"", ""Snx10"", ""Myb"", ""Hhex"", ""B4galt4"", ""St8sia4"", ""Nucb1"", ""Frmd4a"", ""Gyg"", ""Rnf125"", ""Pkp4"", ""Smad7"", ""Stat4"", ""Socs2"", ""Chn2"", ""Mlkl"", ""Runx1"", ""Tmed3"", ""Tfrc"", ""Runx2"", ""Tifa"", ""Arhgap18"", ""Klhl5"", ""Hoxa7"", ""Atf6"", ""Elovl5"", ""Stc1"", ""Il12rb2"", ""D430041D05Rik"", ""Cpne2"", ""Trps1"", 
""Orai3"", ""Gpr68"", ""Tgif1"", ""Thra"", ""Matk"", ""Zeb2"", ""Samsn1"", ""Tcf4"", ""Rasa3"", ""Slc7a8"", ""Snd1"", ""2900079G21Rik"", ""Myc"", ""Mef2c"", ""Tns3"", ""Zbed3"", ""Hnrnpll"", ""Atp5g2"", ""Tcf7l2"", ""Upb1"", ""Irf8"")"
"297","MIR_466L_5P","0.0030442540808101","0.0447378880170212","0.431707695803346","0.523398198229299","1.4929398905794","229","c(""Cdk6"", ""Fam169b"", ""Mta3"", ""Sox5"", ""Maf"", ""Erg"", ""Runx3"", ""Gria3"", ""Iqgap2"", ""Lbp"", ""Igf1r"", ""Eef2k"", ""Exoc4"", ""Serinc3"", ""Smo"", ""Deptor"", ""Muc13"", ""Camk2a"", ""Rora"", ""Aak1"", ""Sh3bp5"", ""Elovl6"", ""Vamp5"", ""Maml3"", ""Mex3a"", ""Runx1"", ""Cd7"", ""Uck2"", ""Elovl5"", ""Gpr68"", ""Zeb2"", ""Csf2ra"", ""Dtx3l"", ""Creg1"", ""Chd7"", ""Slc7a8"")"
"298","GOBP_CELL_CELL_SIGNALING","0.000217958148429504","0.00541419314396219","0.518848077743792","0.517611701487486","1.50059429179983","380","c(""Blk"", ""Etv5"", ""Sox13"", ""Hes1"", ""Pparg"", ""Gata3"", ""Dtnbp1"", ""P2rx7"", ""Gria3"", ""Srgn"", ""Kit"", ""Nfe2"", ""Rapgef2"", ""Ly6e"", ""Notch1"", ""Cd34"", ""Dkkl1"", ""Igf1r"", ""Ephb2"", ""Exoc4"", ""Smo"", ""Nrros"", ""Myo6"", ""Plk2"", ""Camk2a"", ""Rps12"", ""Tnfsf11"", ""Myb"", ""Hhex"", ""Cpt1a"", ""Gja1"", ""Dbn1"", ""Pdlim4"", ""Slc38a1"", ""Cx3cr1"", ""Sox4"", ""Tiam1"", ""Mdfic"", ""Runx1"", ""Rnf216"", ""Smad3"", ""Adora2a"", ""Cdh1"", ""Rab44"", ""Pla2g4a"", ""Sytl4"", ""Slc16a10"", ""Gpr68"", ""Nedd4"", ""Thra"", ""Zeb2"", ""Hmga1"", ""Gnaq"", ""Ppp3ca"", ""Ly6c1"", ""Psen2"", 
""Cyfip1"", ""Chd7"", ""Rnf43"", ""Myc"", ""P2rx4"", ""Mef2c"", ""Hnf4a"", ""Zbed3"", ""Grm4"", ""Tcf7l2"", ""Pfkl"", ""Lyn"", ""Clcf1"", ""Stx1b"", ""Ccr2"")"
"299","GOBP_SECRETION","0.00122527812382505","0.0219294342472166","0.45505986738723","0.527120623479231","1.51443856620791","269","c(""Blk"", ""Pparg"", ""Gata3"", ""Nkg7"", ""Dtnbp1"", ""P2rx7"", ""Tgfb3"", ""Lat2"", ""Kit"", ""Sytl1"", ""Lgals9"", ""Ly6e"", ""Notch1"", ""Exoc4"", ""Myo6"", ""Atp13a2"", ""Il12a"", ""Camk2a"", ""Snx10"", ""Tnfsf11"", ""Myb"", ""Frmd4a"", ""Cpt1a"", ""Gja1"", ""Steap3"", ""Socs2"", ""Gnptab"", ""Sox4"", ""Idh2"", ""Tiam1"", ""Runx1"", ""Adora2a"", ""Stc1"", ""Milr1"", ""Rab44"", ""Pla2g4a"", ""Sytl4"", ""Hip1r"", ""Slc16a10"", ""Gpr68"", ""Hmga1"", ""Gnaq"", ""Ppp3ca"", ""Rab27a"", ""Chd7"", ""Tifab"", ""Myc"", ""Eng"", ""Mef2c"", ""Hnf4a"", ""Tcf7l2"", ""Pfkl"", ""Lyn"", ""Clcf1"", ""Stx1b"", ""Ccr2""
)"
"300","GOBP_ANIMAL_ORGAN_MORPHOGENESIS","0.00115166802908859","0.0210700407988493","0.45505986738723","0.528435754858226","1.51684643262503","275","c(""Etv5"", ""Pdgfrb"", ""Hes1"", ""Sox5"", ""Gata3"", ""Heg1"", ""P2rx7"", ""Tgfb3"", ""Fam20a"", ""Ly6e"", ""Notch1"", ""Cd34"", ""Igf1r"", ""Ephb2"", ""Exoc4"", ""Smo"", ""Hoxa9"", ""Myo6"", ""Snx10"", ""Tnfsf11"", ""Hhex"", ""Anxa6"", ""Rxfp1"", ""Ahr"", ""Angpt1"", ""Gja1"", ""Smad7"", ""Naca"", ""Ar"", ""Mycn"", ""Sox4"", ""Pbx4"", ""Smad3"", ""Runx2"", ""Cdh1"", ""Nfix"", ""Hoxa7"", ""Stc1"", ""Nedd4"", ""Thra"", ""Hmga1"", ""Ppp3ca"", ""Psen2"", ""Chd7"", ""Tifab"", ""Fli1"", ""Sapcd2"", ""Myc"", ""Asxl1"", ""Eng"", ""Mef2c"", ""Jag1"", ""Pbx1"", ""Tcf7l2"", ""Pim1"", ""Slc4a7"", ""Pex7"", ""Smarcc1"", 
""Flt1"", ""Nr3c1"", ""Ntng1"")"
"301","BRUINS_UVC_RESPONSE_VIA_TP53_GROUP_A","0.00134663650621999","0.0236605676382494","0.45505986738723","0.533462113270355","1.51776204144207","216","c(""Gzma"", ""Sstr2"", ""Cd93"", ""Kbtbd11"", ""Pde7a"", ""Camk2d"", ""Gata3"", ""Lat2"", ""Kit"", ""Ptgir"", ""Gm2a"", ""Serinc3"", ""Prelid2"", ""Rasgrp2"", ""Mzb1"", ""Rnf125"", ""Akr1c12"", ""Mcoln2"", ""Mlkl"", ""Fads3"", ""Paox"", ""Cdh1"", ""Atp8a1"", ""Uck2"", ""Rab38"", ""Pla2g4a"", ""Pecam1"", ""Cbfa2t3"", ""Dst"", ""Maoa"", ""Zeb2"", ""Capg"", ""Tbc1d5"", ""Smim5"", ""Gpr65"", ""Spata24"", ""Mef2c"", ""Glod4"", ""Metrn"", ""Sapcd1"", ""Lipg"", ""Nr3c1"", ""Bicd1"", ""Ctse"", ""Il4"", ""Rufy3"", ""Tspan9"", ""Tenm4"", ""Ier3"", ""Camsap3"", ""Scpep1"", ""Myo1c"")"
"302","GOBP_CIRCULATORY_SYSTEM_PROCESS","0.003535717207775","0.0495774653732538","0.431707695803346","0.544242818633478","1.52359998521284","168","c(""Cpa3"", ""Pparg"", ""Camk2d"", ""Heg1"", ""Plekha7"", ""Atp2b4"", ""Hdac4"", ""Klf2"", ""Gpx1"", ""Akap6"", ""Ahr"", ""Angpt1"", ""Gja1"", ""Smad7"", ""Ar"", ""Myl4"", ""Smad3"", ""Adora2a"", ""Cysltr1"", ""Pebp1"", ""Stc1"", ""Manf"", ""Thra"", ""Zeb2"", ""Gnaq"", ""Psen2"", ""Chd7"", ""Fli1"", ""Eng"", ""P2rx4"")"
"303","GOBP_EXPORT_FROM_CELL","0.00109569377252537","0.0203693006808507","0.45505986738723","0.531993347660865","1.52437581539115","247","c(""Blk"", ""Pparg"", ""Gata3"", ""Nkg7"", ""Dtnbp1"", ""P2rx7"", ""Tgfb3"", ""Lat2"", ""Kit"", ""Sytl1"", ""Lgals9"", ""Ly6e"", ""Notch1"", ""Exoc4"", ""Myo6"", ""Atp13a2"", ""Il12a"", ""Camk2a"", ""Tnfsf11"", ""Myb"", ""Atp1b3"", ""Frmd4a"", ""Cpt1a"", ""Gja1"", ""Steap3"", ""Gnptab"", ""Sox4"", ""Idh2"", ""Tiam1"", ""Runx1"", ""Adora2a"", ""Milr1"", ""Rab44"", ""Pla2g4a"", ""Sytl4"", ""Slc16a10"", ""Gpr68"", ""Hmga1"", ""Gnaq"", ""Ppp3ca"", ""Rab27a"", ""Chd7"", ""Eng"", ""Mef2c"", ""Tspan4"", ""Hnf4a"", ""Tcf7l2"", ""Pfkl"", ""Lyn"", ""Clcf1"", ""Stx1b"", ""Ccr2"")"
"304","TABULA_MURIS_SENIS_BLADDER_BLADDER_CELL_AGEING","0.00262249977859475","0.039667890351815","0.431707695803346","0.544080268360823","1.52483258448024","175","c(""Gem"", ""Rpl21"", ""Rpsa"", ""Rpl18"", ""Rpl18a"", ""Rpl32"", ""Rps5"", ""Rps10"", ""Ybx3"", ""Rpl23"", ""Rps16"", ""Rpl13"", ""Rps14"", ""Rpl10"", ""Rps3"", ""Rpl27a"", ""Gsto1"", ""Rps3a1"", ""Rps20"", ""Prr13"", ""Rpl9"", ""Rps12"", ""Rpl28"", ""Thbd"", ""Rplp0"", ""Atp1b3"", ""Eef1b2"", ""B2m"", ""Rpl17"", ""Rps7"", ""Rps2"", ""Rpl8"", ""Eef1a1"", ""Gja1"", ""Smad7"", ""Rpl4"", ""Rpl11"", ""Naca"", ""Marcksl1"", ""Hsp90ab1"", ""Rpl14"", ""Fth1"", ""Rpl29"", ""Rps4x"", ""Rps6"", ""Rpl19"", ""Ahnak"", ""Tagln2"")"
"305","LI_INDUCED_T_TO_NATURAL_KILLER_UP","0.00169024314384911","0.0281528070462499","0.45505986738723","0.538453538691647","1.52655939650905","203","c(""Scin"", ""Evi2a"", ""Nkg7"", ""Ifitm2"", ""Gm19590"", ""Batf"", ""Lat2"", ""Kit"", ""S100a4"", ""Iqgap2"", ""Fam20a"", ""Itgae"", ""Osbpl3"", ""Lgals1"", ""S100a11"", ""Prelid2"", ""Prr13"", ""AA467197"", ""Hhex"", ""Plscr1"", ""Sema4a"", ""S100a6"", ""Cx3cr1"", ""Tiam1"", ""Ifitm1"", ""Mlkl"", ""Sypl"", ""Casp1"", ""Lgals3bp"", ""Adgrg3"", ""Ahnak"", ""Cd7"", ""Itgb7"", ""Sdf2l1"", ""Plcg2"", ""2900026A02Rik"", ""Gpr68"", ""Cdkn1a"", ""Pdlim7"", ""Capg"", ""Apobr"", ""Emilin2"", ""Ly6g5b"", ""Tnfsf10"", ""Sec61b"", ""Gpr34"", ""Rgs1"", ""Napsa"", ""Ncf4"", ""Klk8"", ""P2ry14"", ""Zcchc18"", ""St3gal6"", 
""Trpm6"", ""Gng2"", ""Emp1"", ""Ccdc102a"")"
"306","NABA_MATRISOME_ASSOCIATED","0.00202476592680373","0.0325034151425345","0.431707695803346","0.545832803289742","1.53999850817717","185","c(""Clec12a"", ""Cst7"", ""Tgfb3"", ""Serpinb1a"", ""S100a4"", ""Lgals9"", ""Fam20a"", ""Lgals1"", ""S100a11"", ""Clec4e"", ""Muc13"", ""Il12a"", ""Tnfsf11"", ""Anxa6"", ""Sema4a"", ""Angpt1"", ""Anxa4"", ""S100a6"", ""Egfl7"", ""Serpinb6b"", ""Angptl2"", ""Clec4d"", ""Tnfsf10"", ""Parm1"", ""Serpinf1"", ""Pik3ip1"", ""Clcf1"", ""Il15"", ""Plxnb2"", ""Hbegf"", ""Timp2"", ""Ctse"", ""Il4"", ""Serpinb9"", ""Mmp11"", ""Bmp7"")"
"307","GOBP_TISSUE_MORPHOGENESIS","0.00254242502923285","0.0387336233400763","0.431707695803346","0.555423024471248","1.55545288779651","174","c(""Etv5"", ""Hes1"", ""Gata3"", ""Heg1"", ""Runx3"", ""Tgfb3"", ""Ly6e"", ""Notch1"", ""Igf1r"", ""Exoc4"", ""Smo"", ""Hhex"", ""Rps7"", ""Ahr"", ""Angpt1"", ""Gja1"", ""Smad7"", ""Ar"", ""Mycn"", ""Pik3cd"", ""Runx1"", ""Smad3"", ""Cdh1"", ""Stc1"", ""Tgif1"", ""Zeb2"", ""Chd7"", ""Sapcd2"", ""Myc"", ""Eng"", ""Casp3"", ""Mef2c"", ""Luzp1"", ""Jag1"", ""Pbx1"", ""Socs3"", ""Plxnb2"", ""Flt1"", ""Nr3c1"", ""Twsg1"", ""Hbegf"", ""Pml"", ""Stat5a"", ""Camsap3"", ""Bmp7"", ""S1pr1"", ""Tacstd2"", ""Smarca4"")"
"308","IVANOVA_HEMATOPOIESIS_EARLY_PROGENITOR","0.00217269395220337","0.0344937610097742","0.431707695803346","0.555949354488841","1.55926483353475","171","c(""Bex6"", ""Cdk6"", ""Slc22a3"", ""Cmtm7"", ""Cst7"", ""Nkg7"", ""Dtnbp1"", ""Heg1"", ""Rpl18"", ""Gria3"", ""Pitpnc1"", ""Fut7"", ""Lbp"", ""Cd34"", ""Gsto1"", ""Rps20"", ""Deptor"", ""Nrros"", ""Myb"", ""Ppp1r14b"", ""B4galt4"", ""Syce2"", ""Chn2"", ""Gnptab"", ""Idh2"", ""Paox"", ""Adgrg3"", ""Wdfy4"", ""Klhl5"", ""Tagln2"", ""Elovl5"", ""Rapgef3"", ""Manf"", ""Ttll9"", ""Bri3bp"", ""Patz1"", ""Cdk4"", ""Anapc11"", ""Cdca7l"", ""P2ry14"", ""Rpl22"", ""Glod4"", ""Srp68"", ""Pex7"", ""Arhgap6"")"
"309","LEE_BMP2_TARGETS_UP","0.000318408731918885","0.00742910737671472","0.49849310876659","0.546214709515856","1.56808427101591","266","c(""Crip1"", ""Rbpms"", ""Maf"", ""Wfs1"", ""P2rx7"", ""Serpinb1a"", ""Apobec3"", ""Fam20a"", ""Mpzl2"", ""Serinc3"", ""Gsto1"", ""Deptor"", ""Tmem176b"", ""Thbd"", ""Ppp1r14b"", ""Anxa6"", ""Wipi1"", ""Dpp4"", ""Tsc22d1"", ""Plscr1"", ""Notch3"", ""Tbc1d4"", ""Usp18"", ""Sema4a"", ""Epcam"", ""Ar"", ""Smpdl3a"", ""Tmem176a"", ""Mycn"", ""Ifitm1"", ""Casp1"", ""Cd82"", ""Itgb3"", ""Paox"", ""Cdh1"", ""Atp8a1"", ""Trps1"", ""Angptl2"", ""Thra"", ""Kctd14"", ""Plin3"", ""Ppm1e"", ""Dtx3l"", ""Vat1"", ""Creg1"", ""Vwa5a"", ""Unc93b1"", ""Tcn2"", ""Mfge8"", ""P2rx4"", ""Jag1"", ""Pik3ip1"", ""Zbtb16"", ""Ttc28"", 
""P2ry14"", ""Samd14"", ""Sash1"", ""Vav3"", ""Rpl22"", ""H1f0"", ""Grn"", ""Arhgap6"", ""Plxnb2"", ""Frmd4b"", ""Lipg"", ""Gng2"", ""Ddah2"", ""Gpr146"", ""Kctd1"")"
"310","REACTOME_TRANSLATION","0.00224151266527593","0.0351028192662641","0.431707695803346","0.564163329410412","1.56886888136308","152","c(""Rpl21"", ""Rpsa"", ""Rpl18"", ""Rpl18a"", ""Rpl32"", ""Rps5"", ""Rps10"", ""Rpl23"", ""Rps16"", ""Rps8"", ""Rpl13"", ""Rps14"", ""Rps19"", ""Rps18"", ""Rpl10"", ""Rps3"", ""Rpl27a"", ""Rpl26"", ""Rps3a1"", ""Rps20"", ""Rpl9"", ""Rps12"", ""Rpl28"", ""Rpl3"", ""Rplp0"", ""Eef1b2"", ""Rpl17"", ""Rps7"", ""Rpl39"", ""Rps2"", ""Rpl8"", ""Eef1a1"", ""Rpl4"", ""Rpl11"", ""Rpl14"", ""Rpl29"", ""Rps4x"", ""Rps6"", ""Rpl37"", ""Rpl19"")"
"311","DESCARTES_ORGANOGENESIS_WHITE_BLOOD_CELLS","6.22165495416088e-05","0.00200309483244856","0.538434096309916","0.545014159358667","1.57297710549884","313","c(""Plac8"", ""Cpa3"", ""Sell"", ""Slc22a3"", ""Maf"", ""Pparg"", ""Cmtm7"", ""Evi2a"", ""Batf"", ""P2rx7"", ""Runx3"", ""Dnmt3b"", ""Apobec3"", ""Ly6e"", ""Gm2a"", ""C030034L19Rik"", ""Nrros"", ""Pld4"", ""Myb"", ""Fam111a"", ""B2m"", ""Tbc1d4"", ""Ifi203"", ""AB124611"", ""Cx3cr1"", ""Pik3cd"", ""Mlkl"", ""Casp1"", ""Ms4a6b"", ""Alox5ap"", ""Lair1"", ""Cysltr1"", ""Cd48"", ""Wdfy4"", ""Milr1"", ""Arid5a"", ""Il12rb2"", ""Itgb7"", ""Il10ra"", ""Plcg2"", ""Snx30"", ""Cd79b"", ""Ifngr1"", ""Fyb"", ""Samsn1"", ""Tbc1d5"", ""Dtx3l"", ""Cyfip1"", ""Gpr34"", ""Tifab"", ""Vwa5a"", ""Unc93b1"", ""Tcn2"", ""Cyth4"", 
""Mndal"", ""Napsa"", ""Gpr65"", ""Mef2c"", ""Gpr171"", ""Ighm"", ""Klk8"", ""Stk10"", ""Irf8"", ""Lyn"", ""Grn"", ""Ccr2"", ""Il15"", ""Sp110"", ""Dnase2a"")"
"312","TABULA_MURIS_SENIS_AORTA_AORTIC_ENDOTHELIAL_CELL_AGEING","0.00240831149217128","0.0373094062617825","0.431707695803346","0.565597213583392","1.5734512658734","155","c(""Crip1"", ""Hes1"", ""Ctla2a"", ""Rpsa"", ""Ifitm2"", ""Rpl32"", ""Rps5"", ""Rps10"", ""Ybx3"", ""Rps8"", ""Rpl13"", ""Rps14"", ""Rps18"", ""Rps3"", ""Rps3a1"", ""Rps20"", ""Prr13"", ""Rpl9"", ""Klf2"", ""Rpl28"", ""Rpl3"", ""Thbd"", ""Rplp0"", ""Eef1b2"", ""B2m"", ""Rpl17"", ""Rps7"", ""Rpl8"", ""Eef1a1"", ""Rpl4"", ""AW112010"", ""Naca"", ""Socs2"", ""Lmo1"", ""Rpl14"", ""Fth1"", ""Idh2"", ""Egfl7"", ""Rpl29"", ""Rps4x"")"
"313","GOBP_GLIOGENESIS","0.0027364965372374","0.0408560350883397","0.431707695803346","0.574284691106962","1.58077226085903","135","c(""Etv5"", ""Sox13"", ""Cdk6"", ""Hes1"", ""Sox5"", ""Pparg"", ""Adgrg1"", ""Notch1"", ""Exoc4"", ""Smo"", ""Nrros"", ""Dtx1"", ""Myb"", ""Cx3cr1"", ""Mycn"", ""Sox4"", ""Idh2"", ""Tiam1"", ""Adora2a"", ""Cysltr1"", ""Nfix"", ""Ifngr1"", ""Phgdh"", ""Zeb2"", ""Ldlr"", ""Myc"", ""P2rx4"", ""Metrn"", ""Tcf7l2"", ""Lyn"", ""Clcf1"", ""Grn"", ""Ccr2"", ""Flt1"", ""Nr3c1"")"
"314","TABULA_MURIS_SENIS_MARROW_ERYTHROBLAST_AGEING","0.00144021911247187","0.0250754765715269","0.45505986738723","0.57738133563967","1.59450996422656","140","c(""Crip1"", ""Rpsa"", ""Ifitm2"", ""Rpl18"", ""Rpl18a"", ""Rpl32"", ""Rps5"", ""Rps10"", ""Rpl10a"", ""Rpl23"", ""Rps16"", ""Rps8"", ""Rpl13"", ""Rps14"", ""Rps19"", ""Rps18"", ""Rpl10"", ""Rps27a"", ""Rps3"", ""Rpl27a"", ""S100a11"", ""Rps3a1"", ""Rps20"", ""Rpl9"", ""Rps12"", ""Rpl3"", ""Rplp0"", ""Eef1b2"", ""Rpl17"", ""Rps7"", ""Rpl7a"", ""Rps2"", ""Rpl8"", ""Eef1a1"", ""Rpl4"", ""Rpl11"", ""Naca"", ""Hsp90ab1"", ""Rpl14"", ""S100a6"", ""Rpl29"", ""Rps4x"", ""Rps6"", ""Tfrc"", ""Rpl37"", ""Rpl19"", ""Rexo2"")"
"315","MSX1_TARGET_GENES","0.00202390027353002","0.0325034151425345","0.431707695803346","0.574258413477753","1.59545098388648","147","c(""Gfra1"", ""Maf"", ""Pparg"", ""Il1r1"", ""Podnl1"", ""S100a4"", ""Rapgef2"", ""St6gal1"", ""Pgls"", ""Osbpl3"", ""Gsto1"", ""Hoxa9"", ""Camk2a"", ""Klf3"", ""Thbd"", ""Fam111a"", ""Frmd4a"", ""Gpx1"", ""Usp18"", ""Gcat"", ""Angpt1"", ""S100a6"", ""Runx1"", ""Smad3"", ""Runx2"", ""Arhgap18"", ""Serpinb6b"", ""Nfix"", ""Rapgef3"", ""Nedd4"", ""Tcf4"", ""Snd1"", ""Myc"")"
"316","GOBP_ENZYME_LINKED_RECEPTOR_PROTEIN_SIGNALING_PATHWAY","0.000151381206957833","0.00402032209999075","0.518848077743792","0.557132658480215","1.5994277404328","266","c(""Blk"", ""Rbpms"", ""Pdgfrb"", ""Hes1"", ""Igfbp4"", ""Gfra1"", ""Pparg"", ""Gata3"", ""Esm1"", ""Tgfb3"", ""Ppm1l"", ""Kit"", ""Rapgef2"", ""Lgals9"", ""Fut7"", ""Ptgir"", ""Notch1"", ""Igf1r"", ""Ephb2"", ""Nrros"", ""Il12a"", ""Mzb1"", ""Nck2"", ""Hhex"", ""Angpt1"", ""Smad7"", ""Ldlrad4"", ""Ar"", ""Socs2"", ""Tiam1"", ""Pik3cd"", ""Itgb3"", ""Smad3"", ""Runx2"", ""Zyx"", ""Hip1r"", ""Trps1"", ""Nedd4"", ""Tgif1"", ""Zeb2"", ""Hmga1"", ""Anks1"", ""Tcf4"", ""Fut8"", ""Atoh8"", ""Psen2"", ""Cyfip1"", ""Cblb"", ""Spred1"", ""Eng"", ""Ide"", ""Casp3"", ""Hnf4a"", ""Hspa5"", ""Tcf7l2"", ""Socs3"", ""Zbtb7a"", 
""Lyn"", ""Smarcc1"", ""Sap30"", ""Flt1"", ""Twsg1"", ""Hbegf"", ""Nucb2"", ""Plce1"", ""Crim1"", ""Tspan9"", ""Pml"", ""Stat5a"")"
"317","GOCC_POSTSYNAPSE","0.000167717645314546","0.00431498566940951","0.518848077743792","0.563229502557764","1.60572653566804","223","c(""Rpl21"", ""Rpsa"", ""Dtnbp1"", ""Rpl18a"", ""Rpl32"", ""Gria3"", ""Srgn"", ""Rps5"", ""Rps10"", ""Rpl10a"", ""Rpl23"", ""Rps16"", ""Rpl13"", ""Rps14"", ""Rps19"", ""Rps18"", ""Rpl10"", ""Rps27a"", ""Rps3"", ""Rpl27a"", ""Igf1r"", ""Ephb2"", ""Eef2k"", ""Exoc4"", ""Rpl26"", ""Rps3a1"", ""Rps20"", ""Myo6"", ""Rpl9"", ""Camk2a"", ""Rps12"", ""Rpl28"", ""Nck2"", ""Rplp0"", ""Rpl17"", ""Rps7"", ""Rpl7a"", ""Rps2"", ""Pkp4"", ""Rpl8"", ""Dbn1"", ""Pdlim4"", ""Rpl4"", ""Rpl14"", ""Tiam1"", ""Rpl29"", ""Bcl11a"", ""Itgb3"", ""Rnf216"", ""Rpl37"", ""Adora2a"", ""Cdh1"", ""Hip1r"", ""Nedd4"", ""Dst"", ""Palm"", 
""Ppp3ca"", ""Cyfip1"")"
"318","GOMF_CALCIUM_ION_BINDING","0.000970554468405372","0.0185208788126495","0.477270815362862","0.575587564066632","1.60725096979942","161","c(""Sell"", ""Myl10"", ""Cd93"", ""Heg1"", ""Galnt3"", ""S100a4"", ""Notch1"", ""Eef2k"", ""S100a11"", ""Clec4e"", ""Rasgrp2"", ""Thbd"", ""Anxa6"", ""Nucb1"", ""Plscr1"", ""Notch3"", ""Anxa4"", ""Myl4"", ""S100a6"", ""Gnptab"", ""Camkk2"", ""Egfl7"", ""Runx1"", ""Cdh1"", ""Pla2g4a"", ""Dst"", ""Esyt1"", ""Ldlr"")"
"319","GOBP_EMBRYONIC_ORGAN_DEVELOPMENT","0.00218229920257336","0.0345510722649183","0.431707695803346","0.592500440726911","1.60766108864574","114","c(""Pdgfrb"", ""Hes1"", ""Gata3"", ""Tgfb3"", ""Kit"", ""Nfe2"", ""Itga4"", ""Rpl10"", ""Notch1"", ""Ephb2"", ""Smo"", ""Hoxa9"", ""Myo6"", ""Myb"", ""Hhex"", ""Gja1"", ""Mycn"", ""Runx1"", ""Pbx4"", ""Smad3"", ""Runx2"", ""Hoxa7"", ""Chd7"", ""Tifab"", ""Myc"", ""Eng"", ""Mef2c"", ""Pbx1"", ""Tcf7l2"", ""Socs3"")"
"320","GOCC_VESICLE_MEMBRANE","0.00121147888033064","0.0218863723741237","0.45505986738723","0.583060479581501","1.60933614394411","137","c(""Wfs1"", ""Ifitm2"", ""Dtnbp1"", ""Notch1"", ""Smo"", ""Myo6"", ""Atp13a2"", ""Clec4e"", ""Snx10"", ""Sh3bp5"", ""Nck2"", ""Anxa6"", ""Wipi1"", ""B2m"", ""Tbc1d4"", ""Vamp5"", ""Steap3"", ""Anxa4"", ""Ldlrad4"", ""Slc2a3"", ""Sypl"", ""Tmed3"", ""Tfrc"", ""Stard3nl"", ""Laptm4b"", ""Atp8a1"", ""Rab38"", ""H2-Oa"", ""Ldlr"", ""Tbc1d5"", ""Rab27a"")"
"321","NABA_MATRISOME","0.000226718261978161","0.00558366386230831","0.518848077743792","0.561516105083315","1.60971714918547","243","c(""Igfbp4"", ""Clec12a"", ""Podnl1"", ""Cst7"", ""Esm1"", ""Tgfb3"", ""Srgn"", ""Serpinb1a"", ""S100a4"", ""Lgals9"", ""Fam20a"", ""Lgals1"", ""S100a11"", ""Clec4e"", ""Muc13"", ""Il12a"", ""Tnfsf11"", ""Anxa6"", ""Sema4a"", ""Angpt1"", ""Anxa4"", ""S100a6"", ""Egfl7"", ""Serpinb6b"", ""Angptl2"", ""Clec4d"", ""Emilin2"", ""Tnfsf10"", ""Parm1"", ""Vwa5a"", ""Serpinf1"", ""Mfge8"", ""Pik3ip1"", ""Clcf1"", ""Il15"", ""Plxnb2"", ""Ntng1"", ""Hbegf"", ""Timp2"", ""Ctse"", ""Il4"", ""Crim1"", ""Spock2"", ""Serpinb9"", ""Mmp11"", ""Bmp7"")"
"322","GOBP_EPITHELIAL_CELL_PROLIFERATION","0.000618127321273116","0.0128139127787661","0.477270815362862","0.575027153474768","1.60978029022218","168","c(""Cdk6"", ""Mta3"", ""Hes1"", ""Igfbp4"", ""Pparg"", ""Gata3"", ""Runx3"", ""Tgfb3"", ""Kit"", ""Serpinb1a"", ""Itga4"", ""Notch1"", ""Cd34"", ""Smo"", ""Il12a"", ""Tnfsf11"", ""B2m"", ""Gpx1"", ""Gja1"", ""Ar"", ""Atpif1"", ""Mycn"", ""Egfl7"", ""Pik3cd"", ""Itgb3"", ""Smad3"", ""Runx2"", ""Cdh1"", ""Npm1"", ""Zeb2"", ""Cdkn1a"", ""Atoh8"", ""Myc"", ""Cdk4"", ""Eng"", ""Serpinf1"", ""Mef2c"", ""Klk8"", ""Jag1"", ""Wdr77"", ""Tcf7l2"")"
"323","LAZARO_GENETIC_MOUSE_MODEL_HIGH_GRADE_LARGE_CELL_NEUROENDOCRINE_LUNG_CARCINOMA_DN","0.00163183836509924","0.0274177390614197","0.45505986738723","0.581483521982428","1.61052740625876","143","c(""Gzma"", ""Etv5"", ""Slc22a3"", ""Ctla2a"", ""Erg"", ""Nkg7"", ""Heg1"", ""Kit"", ""Pitpnc1"", ""Rgs18"", ""Rasgrp2"", ""Klf2"", ""Thbd"", ""Sh3bp5"", ""St8sia4"", ""Dpp4"", ""Angpt1"", ""Smad7"", ""Ar"", ""BC028528"", ""Egfl7"", ""Dock9"", ""Ctla2b"", ""Ahnak"", ""Wdfy4"", ""Klhl5"", ""Rapgef3"", ""Itgb7"", ""Cbfa2t3"", ""Maoa"", ""Chpt1"", ""Gimap5"")"
"324","TABULA_MURIS_SENIS_BRAIN_MYELOID_MICROGLIAL_CELL_AGEING","0.000514236671396718","0.0110327933099728","0.477270815362862","0.572845404142298","1.61068727607241","179","c(""Igfbp4"", ""Rpl21"", ""Rpsa"", ""Rpl18"", ""Rpl18a"", ""Rpl32"", ""Srgn"", ""Rps5"", ""Lat2"", ""Rps10"", ""Rpl10a"", ""Rpl23"", ""Rps16"", ""Rpl13"", ""Rps14"", ""Lgals9"", ""Rps18"", ""Rpl10"", ""Rps27a"", ""Rps3"", ""Ly6e"", ""Rpl27a"", ""Rps3a1"", ""Rps20"", ""Pld4"", ""Prr13"", ""Rpl9"", ""Rpl28"", ""Rpl3"", ""Hhex"", ""Rplp0"", ""Eef1b2"", ""B2m"", ""Gpx1"", ""Rpl17"", ""Rps7"", ""Rpl7a"", ""Rps2"", ""Rpl8"", ""Eef1a1"", ""Rpl4"", ""Rpl11"", ""Naca"", ""Rpl14"", ""Fth1"", ""Rpl29"", ""Rps4x"", ""Lyl1"", ""Tmed3"", ""Rps6"", ""Rpl19"", ""Lgals3bp"", ""Cd48"", ""Pebp1"", ""Tagln2"", ""Vkorc1"", ""Npm1"", 
""Cdkn1a"", ""Capg"", ""Csf2ra"")"
"325","GOCC_ANCHORING_JUNCTION","0.000669521632591121","0.0136341101364757","0.477270815362862","0.57197217012256","1.61339143516333","190","c(""Epb41l4b"", ""Scin"", ""Camk2d"", ""Heg1"", ""P2rx7"", ""Plekha7"", ""Kit"", ""Arhgap26"", ""Ybx3"", ""Rapgef2"", ""Itga4"", ""Notch1"", ""Anxa6"", ""Mpp4"", ""Dpp4"", ""Frmd4a"", ""Akap6"", ""Vamp5"", ""Pkp4"", ""Gja1"", ""Epcam"", ""Dbn1"", ""Pdlim4"", ""Smad7"", ""Mtdh"", ""Tiam1"", ""Itgb3"", ""Zyx"", ""Rexo2"", ""Ahnak"", ""Cdh1"", ""Itgb7"", ""Pecam1"", ""Cldn2"", ""Dst"", ""Pdlim7"", ""Fyb"", ""Mpp1"", ""Ppp3ca"", ""Sapcd2"", ""Cdk4"", ""Tns3"", ""Jag1"", ""Srp68"", ""Lyn"", ""Poldip2"", ""Frmd4b"")"
"326","GOBP_TRANSMEMBRANE_RECEPTOR_PROTEIN_TYROSINE_KINASE_SIGNALING_PATHWAY","0.000391195595605163","0.0088758276278447","0.49849310876659","0.578765081570614","1.61910004003643","169","c(""Blk"", ""Pdgfrb"", ""Igfbp4"", ""Gfra1"", ""Gata3"", ""Esm1"", ""Kit"", ""Rapgef2"", ""Fut7"", ""Ptgir"", ""Notch1"", ""Igf1r"", ""Ephb2"", ""Il12a"", ""Mzb1"", ""Nck2"", ""Hhex"", ""Angpt1"", ""Ar"", ""Socs2"", ""Tiam1"", ""Pik3cd"", ""Itgb3"", ""Runx2"", ""Hip1r"", ""Nedd4"", ""Hmga1"", ""Anks1"", ""Tcf4"", ""Psen2"", ""Cyfip1"", ""Cblb"", ""Ide"", ""Casp3"", ""Tcf7l2"", ""Socs3"", ""Lyn"", ""Smarcc1"", ""Flt1"", ""Hbegf"", ""Nucb2"", ""Plce1"", ""Tspan9"", ""Stat5a"")"
"327","TABULA_MURIS_SENIS_LIVER_ENDOTHELIAL_CELL_OF_HEPATIC_SINUSOID_AGEING","0.000277846558738069","0.00658942270784976","0.49849310876659","0.572887406874641","1.62012327835566","194","c(""Crip1"", ""Hes1"", ""Clec12a"", ""Rpl21"", ""Rpsa"", ""Rpl18a"", ""Esm1"", ""Rpl32"", ""Adgrg1"", ""Rps5"", ""Rps10"", ""Rpl23"", ""Rps8"", ""Rpl13"", ""Rps14"", ""Rps19"", ""Rps18"", ""Rpl10"", ""Rps27a"", ""Rps3"", ""Zfp36l2"", ""Rpl27a"", ""Lgals1"", ""Rps3a1"", ""Rps20"", ""Prr13"", ""Tmem176b"", ""Rpl9"", ""Rps12"", ""Rpl28"", ""Rpl3"", ""Aldh2"", ""Sh3bp5"", ""Eef1b2"", ""Cdc42ep3"", ""B2m"", ""Rpl17"", ""Rps7"", ""Rpl39"", ""Eef1a1"", ""Rpl4"", ""AW112010"", ""Rpl14"", ""Smpdl3a"", ""Tmem176a"", ""Rps4x"", ""Cd82"", ""Gstp1"", ""Rps6"", ""Rpl37"", ""Rpl19"", ""Klhl5"", ""Cbfa2t3"", ""Nedd4"", 
""Zeb2"", ""Capg"", ""Csf2ra"", ""Dtx3l"", ""Vat1"")"
"328","SCHAEFFER_PROSTATE_DEVELOPMENT_48HR_UP","0.00162162372132365","0.0273257821812521","0.45505986738723","0.594161184882162","1.63009522465459","129","c(""Plac8"", ""Coro2a"", ""Maf"", ""Gata3"", ""Esm1"", ""Adgrg1"", ""Ly6e"", ""Serinc3"", ""Nck2"", ""Plscr1"", ""Fkbp5"", ""Epcam"", ""Nipal1"", ""Slc5a9"", ""Cdh1"", ""Pla2g4a"", ""Manf"", ""Ptpn13"")"
"329","GOCC_LARGE_RIBOSOMAL_SUBUNIT","0.00277876182264698","0.0413318741989877","0.431707695803346","0.614722812951189","1.63075197680275","83","c(""Rpl21"", ""Rpl18"", ""Rpl18a"", ""Rpl32"", ""Rpl10a"", ""Rpl23"", ""Rpl13"", ""Rpl10"", ""Rpl27a"", ""Rpl26"", ""Rpl9"", ""Rps12"", ""Rpl28"", ""Rpl3"", ""Rplp0"", ""Rpl17"", ""Rpl7a"", ""Rpl39"", ""Rpl8"", ""Rpl4"", ""Rpl11"", ""Rpl14"", ""Rpl29"", ""Rpl37"", ""Rpl19"")"
"330","TABULA_MURIS_SENIS_HEART_AND_AORTA_LEUKOCYTE_AGEING","0.00356618665540476","0.0498788874977217","0.431707695803346","0.615515319208221","1.63444574224437","84","c(""Ifitm2"", ""Srgn"", ""Rps10"", ""S100a4"", ""Rpl23"", ""Rps8"", ""Rps14"", ""Rps19"", ""Rps18"", ""Rpl10"", ""Rps27a"", ""Rps3a1"", ""Rps20"", ""Rpl9"", ""Rps12"", ""Eef1b2"", ""Rps7"", ""Rpl39"", ""Eef1a1"", ""Rpl14"", ""S100a6"", ""Smpdl3a"", ""Rps4x"", ""Rpl37"", ""Rpl19"", ""Samsn1"", ""Clec4d"", ""Ly6c1"")"
"331","MIR_881_5P","0.00166072142298588","0.0277412682917902","0.45505986738723","0.605377645560357","1.63680379001945","112","c(""Gfra1"", ""Cd93"", ""P2rx7"", ""Runx3"", ""Atp2b4"", ""Igf1r"", ""Ephb2"", ""Deptor"", ""Camk2a"", ""Rora"", ""Aak1"", ""Klf3"", ""Vamp5"", ""Ifi203"", ""Sypl"", ""Tagln2"", ""Stc1"", ""D430041D05Rik"", ""Slc16a10"", ""Gnaq"", ""Ppm1e"", ""Slc7a8"", ""Asxl1"", ""Alad"", ""Sp110"", ""Dnase2a"", ""Nr3c1"")"
"332","CUI_TCF21_TARGETS_2_DN","8.4277010219583e-05","0.00256977994653681","0.538434096309916","0.576066900433577","1.64429476900559","231","c(""Gem"", ""Rbpms"", ""Kbtbd11"", ""Ctla2a"", ""Erg"", ""Camk2d"", ""Gata3"", ""Srgn"", ""Pitpnc1"", ""Arhgap26"", ""Rapgef2"", ""Gprin3"", ""Iqgap2"", ""Itga4"", ""Serinc3"", ""Nrros"", ""Myo6"", ""Rora"", ""Klf3"", ""Thbd"", ""Sh3bp5"", ""Nck2"", ""Hhex"", ""Arhgap5"", ""Cdc42ep3"", ""St8sia4"", ""Dpp4"", ""Gyg"", ""Plscr1"", ""Vamp5"", ""Anxa4"", ""Uaca"", ""Slc2a3"", ""Ctla2b"", ""Serpinb6b"", ""Ahnak"", ""Klhl5"", ""Clip1"", ""Rapgef3"", ""Cbfa2t3"", ""Dst"", ""Zeb2"", ""Chpt1"", ""Cblb"", ""Fli1"", ""Mndal"", ""P2rx4"", ""Mef2c"")"
"333","GOCC_APICAL_PART_OF_CELL","0.000641158477115763","0.013149453037787","0.477270815362862","0.594470654441723","1.6454114129413","142","c(""Slc22a3"", ""Pdgfrb"", ""Epb41l4b"", ""Rapgef2"", ""Slc15a1"", ""Notch1"", ""Cd34"", ""Myo6"", ""Muc13"", ""Snx10"", ""Atp1b3"", ""Anxa6"", ""Dpp4"", ""Gja1"", ""Epcam"", ""Anxa4"", ""Slc38a1"", ""Hsp90ab1"", ""Mtdh"", ""Itgb3"", ""Cdh1"", ""Pebp1"", ""Stc1"", ""Rapgef3"", ""Il10ra"", ""Sytl4"", ""Hip1r"", ""Ldlr"", ""Slc39a6"", ""Rab27a"", ""Psen2"", ""Slc7a8"", ""Sapcd2"", ""Bst2"", ""P2rx4"", ""Jag1"")"
"334","TABULA_MURIS_SENIS_LUNG_BRONCHIAL_SMOOTH_MUSCLE_CELL_AGEING","0.0018076026160637","0.0296786720124647","0.45505986738723","0.619005730608935","1.64985015008166","91","c(""Crip1"", ""Plac8"", ""Rpsa"", ""Ifitm2"", ""Rpl18a"", ""Srgn"", ""Rps5"", ""Rpl13"", ""Rps3"", ""Rps20"", ""Prr13"", ""Klf2"", ""Aldh2"", ""Klf3"", ""B2m"", ""Rpl8"", ""Smad7"", ""Hsp90ab1"", ""Gstp1"", ""Arid5a"", ""Cdkn1a"", ""Ly6c1"", ""Tnfsf10"")"
"335","GOCC_APICAL_PLASMA_MEMBRANE","0.000817429418853942","0.0160779718117927","0.477270815362862","0.612997985726971","1.65225802847716","105","c(""Slc22a3"", ""Pdgfrb"", ""Rapgef2"", ""Slc15a1"", ""Notch1"", ""Cd34"", ""Muc13"", ""Atp1b3"", ""Anxa6"", ""Dpp4"", ""Gja1"", ""Epcam"", ""Anxa4"", ""Slc38a1"", ""Hsp90ab1"", ""Mtdh"", ""Itgb3"", ""Stc1"", ""Il10ra"", ""Sytl4"", ""Hip1r"", ""Slc39a6"", ""Rab27a"", ""Psen2"", ""Slc7a8"", ""Bst2"", ""Jag1"", ""Slc4a7"", ""Trpm6"")"
"336","GOBP_CELL_FATE_COMMITMENT","0.00316040642518576","0.0456476747577583","0.431707695803346","0.637689191024244","1.65347355721205","69","c(""Sox13"", ""Mta3"", ""Hes1"", ""Sox5"", ""Pparg"", ""Gata3"", ""Batf"", ""Notch1"", ""Smo"", ""Notch3"", ""Ar"", ""Runx1"", ""Runx2"", ""Nfix"", ""Mta1"", ""Psen2"", ""Ehmt2"", ""Casp3"", ""Mef2c"")"
"337","MCBRYAN_PUBERTAL_BREAST_3_4WK_UP","0.00254729190454432","0.0387336233400763","0.431707695803346","0.623601693319146","1.65591838366099","84","c(""Sox13"", ""Gata3"", ""Tgfb3"", ""Kit"", ""Gm2a"", ""Unc119"", ""Plk2"", ""Myb"", ""Elovl6"", ""Gja1"", ""Epcam"", ""Runx1"", ""Cdh1"", ""Atp8a1"", ""Trps1"", ""Tgif1"")"
"338","MA_RAT_AGING_UP","0.00286139956926004","0.0422826813272964","0.431707695803346","0.642505364661101","1.6728400597351","71","c(""Plac8"", ""Srgn"", ""Serpinb1a"", ""S100a4"", ""Rps3a1"", ""Rps20"", ""AA467197"", ""Rps12"", ""Rplp0"", ""B2m"", ""Rpl17"", ""Rpl8"", ""Eef1a1"", ""Tmem176a"", ""Fth1"", ""Ifitm1"", ""Runx1"", ""Rps6"")"
"339","GAVIN_FOXP3_TARGETS_CLUSTER_P3","0.00173024923375682","0.0286535239486797","0.45505986738723","0.634084561952632","1.68375470140942","84","c(""Igfbp4"", ""Pde7a"", ""Ctla2a"", ""Evi2a"", ""Ppm1l"", ""S100a4"", ""Khdc1a"", ""Itgae"", ""Serinc3"", ""Usp18"", ""Sema4a"", ""Pkp4"", ""Epcam"", ""S100a6"", ""Sox4"", ""Slc2a3"", ""Lyl1"", ""Rnf216"", ""Clip1"", ""Ptpn13"", ""Il10ra"", ""Tgif1"", ""Matk"", ""Gnaq"", ""Samsn1"", ""Psen2"", ""Gpr34"", ""Rnf144a"", ""Casp3"", ""Slc35d1"")"
"340","GOBP_STEM_CELL_DIFFERENTIATION","0.00266192004024882","0.0401587570469998","0.431707695803346","0.647866995131756","1.68772880335128","70","c(""Cdk6"", ""Mta3"", ""Hes1"", ""Sox5"", ""Batf"", ""Kit"", ""Zfp36l2"", ""Notch1"", ""Smo"", ""Hhex"", ""Anxa6"", ""Rps7"", ""Mtf2"", ""Sema4a"", ""Epcam"", ""Runx2"", ""Hoxa7"", ""Mta1"", ""Zeb2"", ""Eng"", ""Mef2c"", ""Jag1"")"
"341","ZHANG_UTERUS_C3_PROLIFERATIVE_STROMAL1_STROCXCL14_HIGH_CELL","0.00320596758762457","0.0460747910410982","0.431707695803346","0.695307217552431","1.68897498385162","43","c(""Plac8"", ""Hes1"", ""Igfbp4"", ""Ctla2a"", ""Rpl18"", ""Lgals1"", ""Rpl26"", ""B2m"", ""Tsc22d1"", ""Rpl39"", ""Rpl11"", ""Sox4"", ""Tmem256"", ""Cnpy2"")"
"342","TABULA_MURIS_SENIS_THYMUS_DN4_THYMOCYTE_AGEING","0.000357317220604242","0.00823687656936898","0.49849310876659","0.614486857156362","1.6913304019208","131","c(""Crip1"", ""Plac8"", ""Kbtbd11"", ""Ctla2a"", ""Cst7"", ""Nkg7"", ""Rpsa"", ""Batf"", ""Rpl18"", ""Runx3"", ""Srgn"", ""Rps5"", ""Rps10"", ""Apobec3"", ""S100a4"", ""Rpl13"", ""Pgls"", ""Rps3"", ""Ly6e"", ""S100a11"", ""Rps20"", ""Prr13"", ""Klf2"", ""Rpl3"", ""Rplp0"", ""B2m"", ""Ifi203"", ""Rpl8"", ""Smad7"", ""AB124611"", ""AW112010"", ""S100a6"", ""Smpdl3a"", ""Fth1"", ""Hsp90b1"", ""Cd82"", ""Ms4a6b"", ""Gstp1"", ""Rexo2"", ""Tagln2"", ""Npm1"", ""Fyb"", ""Capg"", ""Gimap5"", ""Hint1"", ""Mndal"", ""Bst2"", ""Swi5"", ""Atp5g2"", ""Cxcr6"", ""Socs3"", ""Eif3i"")"
"343","GOBP_NEPHRON_DEVELOPMENT","0.00330140332910678","0.0472772216611298","0.431707695803346","0.681576221248307","1.69458259694615","48","c(""Pdgfrb"", ""Hes1"", ""Gata3"", ""Notch1"", ""Smo"", ""Notch3"", ""Ahr"", ""Angpt1"", ""Itgb3"", ""Ppp3ca"", ""Myc"", ""Asxl1"", ""Mef2c"", ""Jag1"", ""Pbx1"", ""Ampd2"")"
"344","LIM_MAMMARY_STEM_CELL_DN","0.000413483705985877","0.00927757298682894","0.49849310876659","0.62769260464178","1.694750504354","111","c(""Coro2a"", ""Mta3"", ""Gata3"", ""Batf"", ""Iqgap2"", ""Serinc3"", ""Prr13"", ""Snx10"", ""Epcam"", ""Paox"", ""Tmed3"", ""Lgals3bp"", ""Cdh1"", ""Klhl5"", ""Sytl4"", ""Pafah1b3"", ""Bola1"", ""Capg"", ""Dtx3l"", ""Chpt1"", ""Unc93b1"", ""Ide"", ""P2rx4"", ""Alad"", ""Nudt2"", ""Rpl22"")"
"345","TABULA_MURIS_SENIS_AORTA_PROFESSIONAL_ANTIGEN_PRESENTING_CELL_AGEING","0.000804117834427227","0.0159248490714918","0.477270815362862","0.638260898620804","1.69631746961894","85","c(""Plac8"", ""Rpsa"", ""Ifitm2"", ""Rpl18"", ""Srgn"", ""Rps5"", ""Rps10"", ""Rps16"", ""Rpl13"", ""Rps14"", ""Rps19"", ""Rpl10"", ""Rps3"", ""Ly6e"", ""Gm2a"", ""Rps20"", ""Rpl28"", ""Rpl3"", ""Rplp0"", ""B2m"", ""Rps7"", ""Rpl7a"", ""Rpl8"", ""Eef1a1"", ""Rpl4"", ""Alox5ap"", ""Tgif1"", ""Npm1"", ""Cdkn1a"", ""Capg"")"
"346","GOBP_CARDIAC_CHAMBER_DEVELOPMENT","0.00341372773157958","0.0482189042085616","0.431707695803346","0.679148997895988","1.70005394074778","52","c(""Hes1"", ""Gata3"", ""Heg1"", ""Ly6e"", ""Notch1"", ""Smo"", ""Ahr"", ""Smad7"", ""Naca"", ""Sox4"", ""Chd7"", ""Eng"", ""Mef2c"", ""Luzp1"", ""Jag1"")"
"347","GOCC_RIBOSOME","0.000123755231166063","0.00342885287120203","0.518848077743792","0.611529114865778","1.70058730928696","152","c(""Rpl21"", ""Rpsa"", ""Rpl18"", ""Rpl18a"", ""Rpl32"", ""Rps5"", ""Rps10"", ""Rpl10a"", ""Rpl23"", ""Rps16"", ""Rps8"", ""Rpl13"", ""Rps14"", ""Rps19"", ""Rps18"", ""Rpl10"", ""Rps27a"", ""Rps3"", ""Rpl27a"", ""Rpl26"", ""Rps3a1"", ""Rps20"", ""Rpl9"", ""Rps12"", ""Rpl28"", ""Rpl3"", ""Rplp0"", ""Rpl17"", ""Rps7"", ""Rpl7a"", ""Rpl39"", ""Rps2"", ""Rpl8"", ""Eef1a1"", ""Rpl4"", ""Rpl11"", ""Rpl14"", ""Rpl29"", ""Rps4x"", ""Rps6"", ""Rpl37"", ""Rpl19"")"
"348","LIM_MAMMARY_STEM_CELL_UP","0.0001676084547122","0.00431498566940951","0.518848077743792","0.613368000687481","1.7038149632486","148","c(""Tmem121"", ""Gem"", ""Rbpms"", ""Igfbp4"", ""Heg1"", ""Pcdh7"", ""Srgn"", ""Tshz2"", ""Hdac4"", ""Lgals1"", ""Gja1"", ""Pdlim4"", ""Slc2a3"", ""Dst"", ""Angptl2"", ""Cdkn1a"", ""Pdlim7"", ""Tcf4"", ""Cblb"", ""Spred1"", ""Myc"", ""Serpinf1"", ""Golim4"", ""Mef2c"", ""Luzp1"", ""Jag1"", ""Dmwd"")"
"349","GOBP_CARDIAC_VENTRICLE_DEVELOPMENT","0.00220748947974132","0.0347755053677268","0.431707695803346","0.721786995425714","1.70541803837004","39","c(""Hes1"", ""Gata3"", ""Heg1"", ""Ly6e"", ""Notch1"", ""Ahr"", ""Smad7"", ""Naca"", ""Sox4"", ""Chd7"", ""Eng"", ""Mef2c"", ""Luzp1"", ""Jag1"")"
"350","GOBP_CATECHOLAMINE_TRANSPORT","0.00313017103981279","0.0455534739960635","0.431707695803346","0.782848662093377","1.70616591489237","22","c(""Slc22a3"", ""Dtnbp1"", ""Ly6e"", ""Adora2a"")"
"351","CHIARADONNA_NEOPLASTIC_TRANSFORMATION_CDC25_DN","0.00161409846541557","0.0273257821812521","0.45505986738723","0.664778516482362","1.70899237530623","62","c(""Plac8"", ""Tuba8"", ""Igfbp4"", ""Ctla2a"", ""Plekha7"", ""Lgals9"", ""Cd34"", ""Klf2"", ""Snx10"", ""Aldh2"", ""Vamp5"", ""Anxa4"", ""Ctla2b"", ""Acot7"", ""Capg"", ""Ly6c1"", ""Pqlc3"", ""Klk8"")"
"352","REACTOME_MAJOR_PATHWAY_OF_RRNA_PROCESSING_IN_THE_NUCLEOLUS_AND_CYTOSOL","0.000265145358143919","0.00635149480441631","0.49849310876659","0.627452308462164","1.71328081625956","121","c(""Rpl21"", ""Rpsa"", ""Rpl18"", ""Rpl18a"", ""Rpl32"", ""Rps5"", ""Rps10"", ""Rpl23"", ""Rps16"", ""Rps8"", ""Rpl13"", ""Rps14"", ""Rps19"", ""Rps18"", ""Rpl10"", ""Rps3"", ""Rpl27a"", ""Rpl26"", ""Rps3a1"", ""Rps20"", ""Rpl9"", ""Rps12"", ""Rpl28"", ""Rpl3"", ""Rplp0"", ""Rpl17"", ""Rps7"", ""Rpl39"", ""Rps2"", ""Rpl8"", ""Rpl4"", ""Rpl11"", ""Rpl14"", ""Rpl29"", ""Rps4x"", ""Rps6"", ""Rpl37"", ""Rpl19"")"
"353","GOCC_PRESYNAPSE","5.00662660143668e-05","0.00166781439907974","0.557332238758646","0.609101768375052","1.71376817810706","180","c(""Wfs1"", ""Dtnbp1"", ""P2rx7"", ""Rpl32"", ""Gria3"", ""Rps5"", ""Rps10"", ""Rpl10a"", ""Rpl23"", ""Rps16"", ""Atp2b4"", ""Rpl13"", ""Rps14"", ""Rpl10"", ""Rps27a"", ""Rpl27a"", ""Ephb2"", ""Exoc4"", ""Rpl26"", ""Myo6"", ""Rpl9"", ""Camk2a"", ""Rps12"", ""Aak1"", ""Rpl28"", ""Mpp4"", ""Rpl17"", ""Rpl7a"", ""Rpl8"", ""Rpl4"", ""Marcksl1"", ""Rpl14"", ""Rpl29"", ""Slc2a3"", ""Sypl"", ""Rnf216"", ""Rps6"", ""Rpl37"", ""Adora2a"", ""Cdh1"", ""Pebp1"", ""Atp8a1"", ""Rapgef3"")"
"354","MIR_7048_5P","0.00335382432826606","0.0476061320290574","0.431707695803346","0.779942159353507","1.71395769538176","23","c(""Cpa3"", ""Pdgfrb"", ""Plk2"", ""Prr5"", ""Cbfa2t3"", ""Vat1"", ""Lhfpl2"", ""Hyou1"")"
"355","GOBP_REGULATION_OF_ANIMAL_ORGAN_MORPHOGENESIS","0.00158223348877026","0.0269959693993556","0.45505986738723","0.763932245548754","1.71704737970502","27","c(""Etv5"", ""Gata3"", ""Cd34"", ""Smo"", ""Ar"", ""Runx2"", ""Cdh1"", ""Sapcd2"")"
"356","GOBP_EMBRYONIC_HEART_TUBE_DEVELOPMENT","0.00288009289142023","0.0424500647909329","0.431707695803346","0.807234109294946","1.71838797783613","19","c(""Hes1"", ""Notch1"", ""Smo"", ""Hhex"", ""Gja1"", ""Smad3"", ""Eng"", ""Mef2c"")"
"357","GOBP_REGULATION_OF_CARTILAGE_DEVELOPMENT","0.00358703727824483","0.0499325986341182","0.431707695803346","0.831749019661796","1.71960388461722","16","c(""Sox5"", ""Maf"", ""Smad7"", ""Smad3"", ""Runx2"", ""Trps1"", ""Zbtb16"")"
"358","GOMF_GROWTH_FACTOR_RECEPTOR_BINDING","0.00357452377868455","0.0498788874977217","0.431707695803346","0.738877687210267","1.7205886184921","34","c(""Pdgfrb"", ""Il1r1"", ""Gata3"", ""Esm1"", ""Il12a"", ""Plscr1"", ""Angpt1"", ""Itgb3"", ""Vav3"", ""Lyn"", ""Hbegf"", ""Il4"")"
"359","GOCC_CELL_CELL_JUNCTION","8.71989166630818e-05","0.00264488082489127","0.538434096309916","0.626560934149657","1.72440038757355","134","c(""Epb41l4b"", ""Camk2d"", ""Heg1"", ""P2rx7"", ""Plekha7"", ""Kit"", ""Ybx3"", ""Rapgef2"", ""Itga4"", ""Notch1"", ""Anxa6"", ""Mpp4"", ""Dpp4"", ""Frmd4a"", ""Akap6"", ""Vamp5"", ""Pkp4"", ""Gja1"", ""Epcam"", ""Dbn1"", ""Pdlim4"", ""Smad7"", ""Mtdh"", ""Tiam1"", ""Itgb3"", ""Zyx"", ""Ahnak"", ""Cdh1"", ""Pecam1"", ""Cldn2"", ""Dst"", ""Pdlim7"", ""Mpp1"", ""Ppp3ca"", ""Sapcd2"", ""Cdk4"")"
"360","chr13D2","0.00210633440364344","0.0336254990808785","0.431707695803346","0.820636479666325","1.72522557903034","18","c(""Gzma"", ""Esm1"", ""Plk2"")"
"361","TABULA_MURIS_SENIS_KIDNEY_KIDNEY_DISTAL_CONVOLUTED_TUBULE_EPITHELIAL_CELL_AGEING","0.00129581571197229","0.0230487220620256","0.45505986738723","0.672805679373225","1.72546676225116","61","c(""Rpl21"", ""Rpl18a"", ""Adgrg1"", ""Rps10"", ""Rps16"", ""Rps8"", ""Rpl13"", ""Rps19"", ""Rpl10"", ""Rps3"", ""Ly6e"", ""S100a11"", ""Rps3a1"", ""Rpl9"", ""Rps12"", ""Rpl28"", ""Rplp0"", ""B2m"", ""Rpl17"", ""Rpl7a"", ""Rps2"", ""Eef1a1"", ""Rpl4"", ""Mtdh"", ""Rpl14"", ""Sox4"", ""Rps4x"", ""Rps6"", ""Manf"")"
"362","GOBP_CARDIAC_CHAMBER_MORPHOGENESIS","0.0017929332385724","0.0295219264396936","0.45505986738723","0.7244273174488","1.72656154607578","40","c(""Hes1"", ""Gata3"", ""Heg1"", ""Ly6e"", ""Notch1"", ""Smo"", ""Ahr"", ""Smad7"", ""Sox4"", ""Chd7"", ""Eng"", ""Mef2c"", ""Jag1"")"
"363","GOBP_REGULATION_OF_NEURON_DIFFERENTIATION","0.00232099226081685","0.0361510227002365","0.431707695803346","0.672521668222729","1.72763887521266","64","c(""Etv5"", ""Hes1"", ""Sox5"", ""Dnmt3b"", ""Notch1"", ""Dtx1"", ""B2m"", ""Notch3"", ""Socs2"", ""Mycn"", ""Tiam1"", ""Bcl11a"", ""Tgif1"", ""Tcf4"", ""Mef2c"", ""Jag1"", ""Pbx1"")"
"364","GOBP_DOPAMINE_TRANSPORT","0.00269992059851997","0.0405199021074755","0.431707695803346","0.836107070379888","1.72861395949202","16","c(""Slc22a3"", ""Dtnbp1"", ""Snca"")"
"365","MIR_6903_3P","2.54524383964368e-05","0.000971406638931559","0.575610261071129","0.614397035870852","1.73161358025592","184","c(""Cdk6"", ""Fam169b"", ""Mta3"", ""Sox5"", ""Maf"", ""Erg"", ""Runx3"", ""Gria3"", ""Arhgap26"", ""Iqgap2"", ""Lbp"", ""Igf1r"", ""Eef2k"", ""Serinc3"", ""Smo"", ""Deptor"", ""Muc13"", ""Camk2a"", ""Rora"", ""Aak1"", ""Sh3bp5"", ""Elovl6"", ""Vamp5"", ""Ar"", ""Maml3"", ""Mdfic"", ""Mex3a"", ""Runx1"", ""Elovl5"", ""Zfp704"", ""Gpr68"", ""Zeb2"", ""Csf2ra"", ""Creg1"", ""Chd7"", ""Slc7a8"")"
"366","MIR_763","0.0033197905947318","0.0472772216611298","0.431707695803346","0.831096383285312","1.73946095641936","17","c(""Plekha7"", ""Rapgef2"", ""Ephb2"", ""Aak1"", ""St8sia4"")"
"367","GOMF_GROWTH_FACTOR_BINDING","0.00269124357546258","0.0404951350532397","0.431707695803346","0.697564988629463","1.74239034639248","49","c(""Pdgfrb"", ""Igfbp4"", ""Il2ra"", ""Il1r1"", ""Tgfb3"", ""Kit"", ""Rps19"", ""Igf1r"", ""Nrros"", ""Rps2"", ""Itgb3"", ""Rpl37"", ""Il10ra"", ""Sec61b"", ""Eng"")"
"368","SERVITJA_LIVER_HNF1A_TARGETS_DN","0.00155295805481477","0.0266360037794569","0.45505986738723","0.729765204218567","1.74304875463599","41","c(""Igfbp4"", ""Il1r1"", ""Akr1c13"", ""Arhgap26"", ""Ly6e"", ""Dpp4"", ""Mycn"", ""Akr1c12"", ""Cdh1"", ""Pla2g4a"", ""Cldn2"", ""Slc16a10"")"
"369","IVANOVA_HEMATOPOIESIS_STEM_CELL_AND_PROGENITOR","1.61675706808674e-05","0.000665526498813132","0.575610261071129","0.622511922524381","1.74333422439608","174","c(""Coro2a"", ""Rbpms"", ""Cd93"", ""Epb41l4b"", ""Pcdh7"", ""Bcl2l14"", ""Adgrg1"", ""Dnmt3b"", ""Kit"", ""Osbpl3"", ""Smo"", ""Hoxa9"", ""Deptor"", ""Tmem176b"", ""Camk2a"", ""Etv6"", ""Akap6"", ""Mtf2"", ""Elovl6"", ""Gcat"", ""Ifi203"", ""Pkp4"", ""Acadl"", ""Gja1"", ""Mycn"", ""Sox4"", ""Rhobtb3"", ""Ptov1"", ""Prr5"", ""Ctla2b"", ""Runx2"", ""Lgals3bp"", ""Cysltr1"", ""Ppic"", ""AU020206"", ""Rab38"", ""Zfp704"", ""Sytl4"", ""Snx30"", ""2900026A02Rik"", ""Cbfa2t3"", ""Tgif1"", ""Slc39a6"", ""Fkbp3"", ""Fut8"", ""Tnfsf10"", ""Gimap5"", ""Spred1"", ""Sestd1"", ""Parm1"", ""Serpinf1"", ""Mef2c"", 
""Cisd3"", ""Pik3ip1"", ""Tmem106c"", ""Ccdc90b"")"
"370","GOBP_SKELETAL_SYSTEM_DEVELOPMENT","6.52179334313849e-05","0.002065115111896","0.538434096309916","0.63056048983319","1.74645525073191","143","c(""Pdgfrb"", ""Sox5"", ""Maf"", ""Gata3"", ""P2rx7"", ""Runx3"", ""Tgfb3"", ""Rpl13"", ""Hdac4"", ""Hoxa9"", ""Xylt1"", ""Snx10"", ""Tnfsf11"", ""Anxa6"", ""Gja1"", ""Smad7"", ""Mycn"", ""Runx1"", ""Smad3"", ""Runx2"", ""Nfix"", ""Hoxa7"", ""Stc1"", ""Arid5a"", ""Vkorc1"", ""Trps1"", ""Gpr68"", ""Thra"", ""Gnaq"", ""Chd7"", ""Tifab"", ""Myc"", ""Asxl1"", ""Mef2c"", ""Slc35d1"", ""Zbtb16"", ""Pbx1"", ""Zbtb7a"", ""Pex7"", ""Spns2"", ""Dym"", ""Twsg1"")"
"371","REACTOME_O_LINKED_GLYCOSYLATION","0.00158331383949023","0.0269959693993556","0.45505986738723","0.820538041056086","1.74670853086165","19","c(""Galnt3"", ""St6gal1"", ""Muc13"", ""Pomt1"", ""St3gal4"")"
"372","ZENG_GU_ICB_CONTROL_METAGENE_31_PRECICTIVE_ICB_RESISTANCE","0.00110042287185943","0.0203914373328808","0.45505986738723","0.735014637846044","1.75179480251652","40","c(""Etv5"", ""Sox13"", ""Dnmt3b"", ""Myb"", ""Bcl11a"", ""Zfp704"", ""Derl3"", ""Kctd14"", ""Patz1"")"
"373","HALLMARK_ESTROGEN_RESPONSE_EARLY","0.000262916976075515","0.00635149480441631","0.49849310876659","0.662058765786421","1.75632597053384","83","c(""Hes1"", ""Igfbp4"", ""Gfra1"", ""Wfs1"", ""Igf1r"", ""Deptor"", ""Unc119"", ""Myb"", ""Sh3bp5"", ""Fkbp5"", ""Gja1"", ""Ar"", ""Tiam1"", ""Rhobtb3"", ""Elovl5"", ""Cbfa2t3"", ""Il17rb"", ""Slc39a6"", ""Chpt1"", ""Myc"")"
"374","TABULA_MURIS_SENIS_TRACHEA_FIBROBLAST_AGEING","0.000673784645873002","0.0136726088526976","0.477270815362862","0.674901966000147","1.75718851112556","71","c(""Rpsa"", ""Ifitm2"", ""Srgn"", ""Rps5"", ""Rps10"", ""Rpl13"", ""Rps3"", ""Rps3a1"", ""Rps20"", ""Prr13"", ""Tmem176b"", ""Rpl3"", ""Rplp0"", ""Cdc42ep3"", ""Rpl17"", ""Rps7"", ""Rpl8"", ""Rpl4"", ""Rpl11"", ""Naca"", ""Hsp90ab1"", ""Rpl14"", ""Tmem176a"", ""Fth1"", ""Rps4x"", ""Rps6"", ""Pebp1"", ""Hoxa7"", ""Npm1"", ""Cdkn1a"", ""Capg"", ""Ly6c1"")"
"375","GOBP_HEART_MORPHOGENESIS","0.00118996467720276","0.0215653032538349","0.45505986738723","0.686641335730177","1.76391084627853","64","c(""Hes1"", ""Gata3"", ""Heg1"", ""Tgfb3"", ""Ly6e"", ""Notch1"", ""Smo"", ""Ahr"", ""Angpt1"", ""Gja1"", ""Smad7"", ""Naca"", ""Sox4"", ""Smad3"", ""Nedd4"", ""Chd7"", ""Asxl1"", ""Eng"", ""Mef2c"", ""Jag1"", ""Pim1"")"
"376","GOBP_BROWN_FAT_CELL_DIFFERENTIATION","0.00141554038297339","0.0247204825062899","0.45505986738723","0.818839849793084","1.76400854337905","21","c(""Plac8"", ""Sox13"", ""Pparg"", ""Pim1"")"
"377","GOBP_PANCREAS_DEVELOPMENT","0.00101783455154193","0.0191067769398572","0.45505986738723","0.839392502745287","1.76465640081134","18","c(""Cdk6"", ""Hes1"", ""Igf1r"", ""Smo"", ""Hhex"", ""Sox4"")"
"378","GOCC_RIBOSOMAL_SUBUNIT","3.3397450666305e-05","0.0012105000515089","0.557332238758646","0.64389535322581","1.77227514939222","131","c(""Rpl21"", ""Rpsa"", ""Rpl18"", ""Rpl18a"", ""Rpl32"", ""Rps5"", ""Rps10"", ""Rpl10a"", ""Rpl23"", ""Rps16"", ""Rps8"", ""Rpl13"", ""Rps14"", ""Rps19"", ""Rps18"", ""Rpl10"", ""Rps27a"", ""Rps3"", ""Rpl27a"", ""Rpl26"", ""Rps3a1"", ""Rps20"", ""Rpl9"", ""Rps12"", ""Rpl28"", ""Rpl3"", ""Rplp0"", ""Rpl17"", ""Rps7"", ""Rpl7a"", ""Rpl39"", ""Rps2"", ""Rpl8"", ""Rpl4"", ""Rpl11"", ""Rpl14"", ""Rpl29"", ""Rps4x"", ""Rps6"", ""Rpl37"", ""Rpl19"")"
"379","GOBP_CHONDROCYTE_DIFFERENTIATION","0.00136845937878317","0.0239709161092019","0.45505986738723","0.771466126713087","1.77635459353587","31","c(""Sox5"", ""Maf"", ""Runx3"", ""Anxa6"", ""Smad7"", ""Runx1"", ""Smad3"", ""Runx2"", ""Arid5a"", ""Trps1"", ""Mef2c"", ""Zbtb16"")"
"380","TABULA_MURIS_SENIS_SPLEEN_MATURE_NK_T_CELL_AGEING","0.000232668137274643","0.00570581478771815","0.518848077743792","0.669566291036287","1.77981463141196","86","c(""Crip1"", ""Ctla2a"", ""Cst7"", ""Nkg7"", ""Rpsa"", ""Rpl32"", ""Runx3"", ""Rps5"", ""Rps10"", ""Rpl23"", ""Rps16"", ""Rps8"", ""Rps19"", ""Rps18"", ""Rpl27a"", ""Lgals1"", ""Rps20"", ""Klf2"", ""Rps12"", ""Rplp0"", ""Rpl17"", ""Rpl39"", ""Rps2"", ""Rpl14"", ""S100a6"", ""Rps4x"", ""Ms4a6b"", ""Rpl37"", ""Ahnak"", ""Eef1g"")"
"381","CAIRO_LIVER_DEVELOPMENT_DN","0.000169008937332527","0.00432888224821047","0.518848077743792","0.684343993278984","1.78231602446874","72","c(""Plac8"", ""Sstr2"", ""Lgals9"", ""St6gal1"", ""Lbp"", ""Gm2a"", ""Gcat"", ""Aldh1b1"", ""Smpdl3a"", ""Alox5ap"", ""Cdh1"", ""Orai3"")"
"382","HALLMARK_UV_RESPONSE_DN","0.000849339114935947","0.0166487799978771","0.477270815362862","0.711526958910785","1.79139155361623","54","c(""Rbpms"", ""Pdgfrb"", ""Pparg"", ""Kit"", ""Atp2b4"", ""Igf1r"", ""Gja1"", ""Smad7"", ""Anxa4"", ""Pik3cd"", ""Runx1"", ""Itgb3"", ""Smad3"", ""Mta1"", ""Ldlr"", ""Myc"")"
"383","DURAND_STROMA_S_UP","4.77260687201682e-05","0.00159910077926936","0.557332238758646","0.660268298058554","1.79504101529065","115","c(""Tmem121"", ""Coro2a"", ""Pdgfrb"", ""Sox5"", ""Maf"", ""Il1r1"", ""Gata3"", ""Gria3"", ""Serpinb1a"", ""St6gal1"", ""Fam20a"", ""Nck2"", ""Akap6"", ""Ahr"", ""Pdlim4"", ""Cyp2j6"", ""Serpinb6b"", ""Fyb"", ""Fut8"", ""Dtx3l"")"
"384","GOBP_CARDIAC_VENTRICLE_MORPHOGENESIS","0.000624011037659883","0.0128434843215497","0.477270815362862","0.835456041954824","1.79980443794762","21","c(""Gata3"", ""Heg1"", ""Ly6e"", ""Notch1"", ""Ahr"", ""Smad7"", ""Sox4"", ""Chd7"", ""Eng"", ""Mef2c"", ""Jag1"")"
"385","GOBP_CONNECTIVE_TISSUE_DEVELOPMENT","0.000161519034325257","0.00421106227727521","0.518848077743792","0.682720991557895","1.80145702394298","81","c(""Pdgfrb"", ""Sox5"", ""Maf"", ""Pparg"", ""Gata3"", ""Runx3"", ""Notch1"", ""Anxa6"", ""Rxfp1"", ""Smad7"", ""Mycn"", ""Runx1"", ""Itgb3"", ""Smad3"", ""Runx2"", ""Stc1"", ""Arid5a"", ""Trps1"", ""Thra"")"
"386","MCBRYAN_PUBERTAL_BREAST_4_5WK_UP","3.29921167612682e-05","0.00120337701832398","0.557332238758646","0.665725695505343","1.80987779040546","115","c(""Plac8"", ""Gzma"", ""Epb41l4b"", ""Scin"", ""Gata3"", ""Tgfb3"", ""Rps10"", ""Galnt3"", ""Plk2"", ""Myb"", ""Cpt1a"", ""Epcam"", ""Pdlim4"", ""Marcksl1"", ""Atpif1"", ""Sox4"", ""Runx1"", ""Tmed3"", ""Cdh1"", ""Zfp704"", ""Trps1"", ""Tgif1"", ""Impdh2"", ""Slc39a6"", ""Capg"", ""Trmt1"", ""Mfge8"")"
"387","LMX1B_TARGET_GENES","0.000289147722259417","0.00680146254441233","0.49849310876659","0.846779040480745","1.81495485179154","20","c(""Rpl32"", ""Rps10"", ""Rps8"", ""Rpl13"", ""Rps14"", ""Hoxa9"", ""Tmem176b"", ""Rpl17"", ""Rpl7a"", ""Rpl11"", ""Tmem176a"", ""Rps6"")"
"388","TABULA_MURIS_SENIS_MARROW_PRECURSOR_B_CELL_AGEING","0.000146558056166246","0.00392843757063291","0.518848077743792","0.693507107295401","1.81986647324893","78","c(""Crip1"", ""Cmtm7"", ""Rpsa"", ""Ifitm2"", ""Rpl18"", ""Rpl32"", ""Rps5"", ""Rps10"", ""Rpl10a"", ""Rpl13"", ""Rps19"", ""Pgls"", ""Rps18"", ""Rps3"", ""Rps3a1"", ""Rps20"", ""Prr13"", ""Rpl3"", ""Rplp0"", ""Eef1b2"", ""Rpl17"", ""Rps7"", ""Rpl7a"", ""Rpl8"", ""Rpl4"", ""Rpl11"", ""AW112010"", ""Rpl14"", ""S100a6"", ""Atpif1"", ""Fth1"", ""Rps4x"")"
"389","GOBP_ENDOCRINE_SYSTEM_DEVELOPMENT","0.000553415595267331","0.0116825424011928","0.477270815362862","0.790507602486272","1.8201989203134","31","c(""Cdk6"", ""Pdgfrb"", ""Hes1"", ""Gata3"", ""Ly6e"", ""Igf1r"", ""Smo"", ""Hhex"", ""Sox4"", ""Smad3"", ""Thra"", ""Hmga1"", ""Pbx1"", ""Tcf7l2"")"
"390","TABULA_MURIS_SENIS_KIDNEY_FENESTRATED_CELL_AGEING","0.000324546943585477","0.00752133574529689","0.49849310876659","0.718253355527822","1.82155555214843","58","c(""Crip1"", ""Plac8"", ""Rpl21"", ""Rpl18"", ""Rps10"", ""Rpl13"", ""Rpl10"", ""Rps3a1"", ""Rps20"", ""Prr13"", ""Rps12"", ""Aldh2"", ""B2m"", ""Smad7"", ""Rpl14"", ""S100a6"", ""Fth1"", ""Rps6"", ""Rpl19"")"
"391","TORCHIA_TARGETS_OF_EWSR1_FLI1_FUSION_DN","7.65053341643788e-06","0.000400772244679575","0.593325476396405","0.659832531079021","1.82752964558807","143","c(""Plac8"", ""Sell"", ""Bex6"", ""Atp8b4"", ""Igfbp4"", ""Cmtm7"", ""Oaf"", ""Nkg7"", ""Runx3"", ""Dnmt3b"", ""Rapgef2"", ""Rgs18"", ""Iqgap2"", ""Cd34"", ""4930519L02Rik"", ""Lgals1"", ""Smo"", ""Hoxa9"", ""Nck2"", ""Bcl7c"", ""Cdc42ep3"", ""Ifi203"", ""Fkbp5"", ""Angpt1"", ""Marcksl1"", ""Slc38a1"", ""Mycn"", ""Sox4"", ""Egfl7"", ""Rhobtb3"", ""Dock9"", ""Itgb3"", ""Cntln"", ""Adgrg3"", ""Klhl5"", ""Zfp704"", ""Ifngr1"", ""Phgdh"", ""Maoa"", ""Acot7"", ""Kctd14"", ""Capg"", ""Spred1"", ""Lhfpl2"", ""Sapcd2"", ""Rnf144a"", ""Mndal"", ""Siglecf"", ""Mef2c"", ""Gpr171"", ""Tns3"")"
"392","LANDIS_ERBB2_BREAST_TUMORS_324_DN","0.000116633698901578","0.00327882930131606","0.538434096309916","0.727857381452008","1.83178899791897","56","c(""Crip1"", ""Plac8"", ""Cd34"", ""Thbd"", ""Atp1b3"", ""Gyg"", ""Tsc22d1"", ""Gja1"", ""AW112010"", ""S100a6"", ""Idh2"", ""Etfb"", ""Lyl1"", ""Ahnak"", ""Angptl2"", ""Chpt1"", ""Decr1"", ""Alad"")"
"393","WANG_MLL_TARGETS","3.79702591562653e-05","0.00133969933958427","0.557332238758646","0.692576475679141","1.84285181547975","90","c(""Plac8"", ""Sox5"", ""Maf"", ""Gata3"", ""Ppm1l"", ""Arhgap26"", ""Apobec3"", ""Fam20a"", ""Aldh2"", ""Thbd"", ""Angpt1"", ""Ar"", ""Arhgap18"", ""Lgals3bp"")"
"394","BILANGES_SERUM_RESPONSE_TRANSLATION","0.000324971820332973","0.00752133574529689","0.49849310876659","0.838600178864238","1.842861310516","23","c(""Rpl21"", ""Rpl18a"", ""Rps5"", ""Rps8"", ""Rps19"", ""Rpl10"", ""Rps3"", ""Eef1b2"", ""Rps7"", ""Eef1a1"", ""Rpl4"", ""Rpl14"", ""Rpl29"", ""Rps4x"", ""Rps6"", ""Eef1g"")"
"395","GOBP_CYTOPLASMIC_TRANSLATION","1.49429851437499e-05","0.000628587031995845","0.593325476396405","0.697444924742657","1.85365379227097","89","c(""Rpl21"", ""Rpsa"", ""Rpl18"", ""Rpl18a"", ""Rpl32"", ""Rps5"", ""Rps10"", ""Rpl10a"", ""Rpl23"", ""Rps16"", ""Rps8"", ""Rpl13"", ""Rps14"", ""Rps19"", ""Rps18"", ""Rps27a"", ""Rps3"", ""Rpl27a"", ""Rpl26"", ""Rps3a1"", ""Rps20"", ""Rpl9"", ""Rps12"", ""Rpl28"", ""Rpl3"", ""Rplp0"", ""Rpl17"", ""Rps7"", ""Rpl7a"", ""Rpl39"", ""Rps2"", ""Rpl8"", ""Rpl4"", ""Rpl11"", ""Rpl14"", ""Rpl29"", ""Rps4x"", ""Rps6"", ""Rpl19"")"
"396","LANDIS_BREAST_CANCER_PROGRESSION_DN","6.95873281841455e-05","0.00217952050176756","0.538434096309916","0.825000277357517","1.85430654714029","27","c(""Crip1"", ""Plac8"", ""Cd34"", ""Thbd"", ""Gja1"", ""S100a6"", ""Etfb"", ""Ahnak"", ""Angptl2"", ""Decr1"", ""Alad"", ""St3gal6"")"
"397","GOMF_STRUCTURAL_CONSTITUENT_OF_RIBOSOME","5.4233888202567e-06","0.000318928467052442","0.610526878385931","0.685162617748607","1.85908600945124","114","c(""Rpl21"", ""Rpsa"", ""Rpl18"", ""Rpl18a"", ""Rpl32"", ""Rps5"", ""Rps10"", ""Rpl10a"", ""Rpl23"", ""Rps16"", ""Rps8"", ""Rpl13"", ""Rps14"", ""Rps19"", ""Rps18"", ""Rpl10"", ""Rps27a"", ""Rps3"", ""Rpl27a"", ""Rpl26"", ""Rps3a1"", ""Rps20"", ""Rpl9"", ""Rps12"", ""Rpl28"", ""Rpl3"", ""Rplp0"", ""Rpl17"", ""Rps7"", ""Rpl7a"", ""Rpl39"", ""Rps2"", ""Rpl8"", ""Rpl4"", ""Rpl11"", ""Rpl14"", ""Rpl29"", ""Rps4x"", ""Rps6"", ""Rpl37"", ""Rpl19"")"
"398","GOBP_CARTILAGE_DEVELOPMENT","0.000177024861620481","0.00449424791858517","0.518848077743792","0.743890020061415","1.86036266529311","51","c(""Sox5"", ""Maf"", ""Gata3"", ""Runx3"", ""Anxa6"", ""Smad7"", ""Mycn"", ""Runx1"", ""Smad3"", ""Runx2"", ""Stc1"", ""Arid5a"", ""Trps1"", ""Thra"", ""Mef2c"", ""Zbtb16"", ""Zbtb7a"", ""Twsg1"", ""Bmp7"", ""Nfatc2"")"
"399","GOCC_CYTOSOLIC_LARGE_RIBOSOMAL_SUBUNIT","0.000114611585676741","0.00323777729536794","0.538434096309916","0.765849410857676","1.88041302073853","45","c(""Rpl21"", ""Rpl18"", ""Rpl18a"", ""Rpl32"", ""Rpl10a"", ""Rpl23"", ""Rpl13"", ""Rpl10"", ""Rpl27a"", ""Rpl26"", ""Rpl9"", ""Rps12"", ""Rpl28"", ""Rpl3"", ""Rplp0"", ""Rpl17"", ""Rpl7a"", ""Rpl39"", ""Rpl8"", ""Rpl4"", ""Rpl11"", ""Rpl14"", ""Rpl29"", ""Rpl37"", ""Rpl19"")"
"400","REACTOME_EUKARYOTIC_TRANSLATION_INITIATION","9.7672706874057e-06","0.000463106161881735","0.593325476396405","0.713328208578578","1.89233482431543","83","c(""Rpl21"", ""Rpsa"", ""Rpl18"", ""Rpl18a"", ""Rpl32"", ""Rps5"", ""Rps10"", ""Rpl23"", ""Rps16"", ""Rps8"", ""Rpl13"", ""Rps14"", ""Rps19"", ""Rps18"", ""Rpl10"", ""Rps3"", ""Rpl27a"", ""Rpl26"", ""Rps3a1"", ""Rps20"", ""Rpl9"", ""Rps12"", ""Rpl28"", ""Rpl3"", ""Rplp0"", ""Rpl17"", ""Rps7"", ""Rpl39"", ""Rps2"", ""Rpl8"", ""Rpl4"", ""Rpl11"", ""Rpl14"", ""Rpl29"", ""Rps4x"", ""Rps6"", ""Rpl37"", ""Rpl19"")"
"401","GOBP_TRANSLATION_AT_SYNAPSE","8.93199395285813e-05","0.00268099380991257","0.538434096309916","0.812669056985194","1.89242300079298","34","c(""Rpl32"", ""Rps5"", ""Rps10"", ""Rpl10a"", ""Rpl23"", ""Rps16"", ""Rpl13"", ""Rps14"", ""Rpl10"", ""Rps27a"", ""Rpl27a"", ""Rpl26"", ""Rpl9"", ""Rps12"", ""Rpl28"", ""Rpl17"", ""Rpl7a"", ""Rpl8"", ""Rpl4"", ""Rpl14"", ""Rpl29"", ""Rpl37"")"
"402","MIR_6975_3P","2.31207934816818e-05","0.000898544666195828","0.575610261071129","0.83152678699933","1.89847773264447","30","c(""Mta3"", ""Hes1"", ""Erg"", ""Rapgef2"", ""Tnfsf11"", ""Nme4"", ""AB124611"", ""Ldlrad4"", ""Socs2"", ""Mex3a"", ""Baz1a"", ""D430041D05Rik"", ""Chchd3"")"
"403","GOCC_CYTOSOLIC_SMALL_RIBOSOMAL_SUBUNIT","1.50720526707118e-05","0.00062942202566168","0.593325476396405","0.841259259426033","1.90987968954739","29","c(""Rpsa"", ""Rps5"", ""Rps10"", ""Rps16"", ""Rps8"", ""Rps14"", ""Rps19"", ""Rps18"", ""Rps27a"", ""Rps3"", ""Rps3a1"", ""Rps20"", ""Rps12"", ""Rps7"", ""Rps2"", ""Rps4x"", ""Rps6"")"
"404","HUANG_GATA2_TARGETS_UP","9.60688656567502e-06","0.000463106161881735","0.593325476396405","0.737861668280075","1.91267698546451","68","c(""Plac8"", ""Cpa3"", ""Myl10"", ""Cd93"", ""Cmtm7"", ""Evi2a"", ""Srgn"", ""Lat2"", ""Kit"", ""Iqgap2"", ""Lgals1"", ""Gsto1"", ""Clec4e"", ""Hhex"", ""St8sia4"", ""B2m"", ""Gyg"", ""Gpx1"", ""Adssl1"", ""BC028528"", ""Ifitm1"", ""Rps6"", ""Alox5ap"", ""Adgrg3"", ""Rab44"", ""Rab38"", ""Tgif1"", ""Cdkn1a"", ""Samsn1"", ""Clec4d"", ""Fut8"")"
"405","TABULA_MURIS_SENIS_THYMUS_PROFESSIONAL_ANTIGEN_PRESENTING_CELL_AGEING","3.79775099496144e-05","0.00133969933958427","0.557332238758646","0.788271924871426","1.92711620912994","44","c(""Rpl21"", ""Rpsa"", ""Rpl18a"", ""Rps10"", ""Rpl23"", ""Rps16"", ""Rps8"", ""Rpl13"", ""Rps19"", ""Rps3"", ""Rpl27a"", ""Rps3a1"", ""Rps20"", ""Rpl9"", ""Mzb1"", ""Rpl17"", ""Rps7"", ""Rpl8"", ""Eef1a1"", ""Rpl11"", ""Rps4x"", ""Cd79b"")"
"406","TABULA_MURIS_SENIS_KIDNEY_FIBROBLAST_AGEING","2.21483564110328e-06","0.000150165856466802","0.627256739718528","0.867111523772445","1.9685711262844","29","c(""Rpl21"", ""Rpl18a"", ""Rpl32"", ""Rps5"", ""Rps10"", ""Rpl23"", ""Rps16"", ""Rpl13"", ""Rps19"", ""Rps18"", ""Rps27a"", ""Rps3"", ""Eef1b2"", ""Rpl39"", ""Rpl8"", ""AW112010"", ""Rps4x"", ""Rpl37"")"
"407","CHYLA_CBFA2T3_TARGETS_UP","4.69294843414505e-10","9.65909350927783e-08","0.801215574617779","0.703863275387161","1.98038906751946","180","c(""Gzma"", ""Sox13"", ""Rbpms"", ""Atp8b4"", ""Sstr2"", ""Mta3"", ""Gfra1"", ""Cd93"", ""Clec12a"", ""Cst7"", ""Nkg7"", ""Gm5111"", ""Gm19590"", ""P2rx7"", ""Gria3"", ""Serpinb1a"", ""Lbp"", ""Cd34"", ""Prss57"", ""S100a11"", ""Pld4"", ""Atp13a2"", ""Clec4e"", ""Rasgrp2"", ""Bpifc"", ""Cxxc5"", ""Notch3"", ""Mtf2"", ""Tpm4"", ""Socs2"", ""Lmo1"", ""Adssl1"", ""Cyp2j6"", ""Cx3cr1"", ""BC028528"", ""Uaca"", ""Casp1"", ""Slc35b4"", ""Dock9"", ""Ctla2b"", ""Tmed3"", ""Alox5ap"", ""Adgrg3"", ""Cd48"", ""Klhl5"", ""Ppic"", ""Rab44"", ""Arid5a"", ""Plcg2"", ""Clec4d"", ""Rab27a"", ""Vat1"", ""Chd7"", ""Tifab"", 
""Unc93b1"", ""Tcn2"", ""Cyth4"", ""Gpr65"", ""Siglecf"", ""Ncf4"", ""Gpr171"", ""Pik3ip1"", ""P2ry14"", ""Cxcr6"")"
"408","REACTOME_NONSENSE_MEDIATED_DECAY_NMD","4.53766317166815e-07","4.15088854344108e-05","0.674962860011025","0.761274519976835","1.98267507174762","72","c(""Rpl21"", ""Rpsa"", ""Rpl18"", ""Rpl18a"", ""Rpl32"", ""Rps5"", ""Rps10"", ""Rpl23"", ""Rps16"", ""Rps8"", ""Rpl13"", ""Rps14"", ""Rps19"", ""Rps18"", ""Rpl10"", ""Rps3"", ""Rpl27a"", ""Rpl26"", ""Rps3a1"", ""Rps20"", ""Rpl9"", ""Rps12"", ""Rpl28"", ""Rpl3"", ""Rplp0"", ""Rpl17"", ""Rps7"", ""Rpl39"", ""Rps2"", ""Rpl8"", ""Rpl4"", ""Rpl11"", ""Rpl14"", ""Rpl29"", ""Rps4x"", ""Rps6"", ""Rpl37"", ""Rpl19"")"
"409","TABULA_MURIS_SENIS_HEART_AND_AORTA_FIBROBLAST_OF_CARDIAC_TISSUE_AGEING","3.94628982619926e-09","6.89165705102615e-07","0.761460801445585","0.710339608662909","1.98352795679622","161","c(""Crip1"", ""Rpl21"", ""Rpsa"", ""Ifitm2"", ""Rpl18"", ""Rpl18a"", ""Rpl32"", ""Rps5"", ""Rps10"", ""Rpl10a"", ""Rpl23"", ""Rps16"", ""Rps8"", ""Rpl13"", ""Rps14"", ""Rps19"", ""Pgls"", ""Rps18"", ""Rpl10"", ""Rps27a"", ""Rps3"", ""Zfp36l2"", ""Ly6e"", ""Rpl27a"", ""Lgals1"", ""Rps3a1"", ""Rps20"", ""Prr13"", ""Tmem176b"", ""Klf2"", ""Rps12"", ""Rpl3"", ""Thbd"", ""Rplp0"", ""Eef1b2"", ""B2m"", ""Gpx1"", ""Rpl17"", ""Rps7"", ""Rpl7a"", ""Rpl39"", ""Vamp5"", ""Rps2"", ""Ifi203"", ""Eef1a1"", ""Rpl4"", ""Rpl11"", ""AW112010"", ""Naca"", ""Rpl14"", ""S100a6"", ""Tmem176a"", ""Fth1"", ""Rpl29"", ""Rps4x"", 
""Rps6"", ""Rpl37"", ""Rpl19"")"
"410","BILANGES_SERUM_AND_RAPAMYCIN_SENSITIVE_GENES","3.24617026664579e-07","3.22546193908271e-05","0.674962860011025","0.838122838321986","2.02998068107794","42","c(""Rpl21"", ""Rpl18"", ""Rpl18a"", ""Rpl32"", ""Rps5"", ""Rps10"", ""Rpl23"", ""Rps16"", ""Rps8"", ""Rpl13"", ""Rps14"", ""Rps19"", ""Rpl10"", ""Rps27a"", ""Rps3"", ""Rpl27a"", ""Rpl26"", ""Rps3a1"", ""Rpl28"", ""Eef1b2"", ""Rps7"", ""Rpl7a"", ""Rpl8"", ""Eef1a1"", ""Rpl4"", ""Rpl14"", ""Rpl29"", ""Rps4x"", ""Rps6"", ""Eef1g"")"
"411","GOCC_CYTOSOLIC_RIBOSOME","8.79371762995887e-09","1.44794842004151e-06","0.747739663149885","0.782094893400339","2.05570457833154","80","c(""Rpl21"", ""Rpsa"", ""Rpl18"", ""Rpl18a"", ""Rpl32"", ""Rps5"", ""Rps10"", ""Rpl10a"", ""Rpl23"", ""Rps16"", ""Rps8"", ""Rpl13"", ""Rps14"", ""Rps19"", ""Rps18"", ""Rpl10"", ""Rps27a"", ""Rps3"", ""Rpl27a"", ""Rpl26"", ""Rps3a1"", ""Rps20"", ""Rpl9"", ""Rps12"", ""Rpl28"", ""Rpl3"", ""Rplp0"", ""Rpl17"", ""Rps7"", ""Rpl7a"", ""Rpl39"", ""Rps2"", ""Rpl8"", ""Eef1a1"", ""Rpl4"", ""Rpl11"", ""Rpl14"", ""Rpl29"", ""Rps4x"", ""Rps6"", ""Rpl37"", ""Rpl19"")"
"412","REACTOME_NONSENSE_MEDIATED_DECAY_NMD_INDEPENDENT_OF_THE_EXON_JUNCTION_COMPLEX_EJC","4.09700322174928e-08","5.62167370641455e-06","0.719512826338911","0.798242601654047","2.06304623397674","67","c(""Rpl21"", ""Rpsa"", ""Rpl18"", ""Rpl18a"", ""Rpl32"", ""Rps5"", ""Rps10"", ""Rpl23"", ""Rps16"", ""Rps8"", ""Rpl13"", ""Rps14"", ""Rps19"", ""Rps18"", ""Rpl10"", ""Rps3"", ""Rpl27a"", ""Rpl26"", ""Rps3a1"", ""Rps20"", ""Rpl9"", ""Rps12"", ""Rpl28"", ""Rpl3"", ""Rplp0"", ""Rpl17"", ""Rps7"", ""Rpl39"", ""Rps2"", ""Rpl8"", ""Rpl4"", ""Rpl11"", ""Rpl14"", ""Rpl29"", ""Rps4x"", ""Rps6"", ""Rpl37"", ""Rpl19"")"
"413","TABULA_MURIS_SENIS_LUNG_NK_CELL_AGEING","7.10610204036342e-08","9.10054801302542e-06","0.704975715167238","0.840758913227071","2.09802908298461","50","c(""Rpl21"", ""Rpsa"", ""Rpl18"", ""Rpl18a"", ""Rpl32"", ""Rps5"", ""Rps10"", ""S100a4"", ""Rpl23"", ""Rps16"", ""Rpl13"", ""Rps14"", ""Rps19"", ""Rps18"", ""Rpl10"", ""Rps3"", ""Ly6e"", ""Rps3a1"", ""Rps20"", ""Rps12"", ""Rpl3"", ""Rplp0"", ""B2m"", ""Rpl17"", ""Rps7"", ""Rpl8"", ""Rpl4"", ""Rpl14"", ""S100a6"", ""Rpl29"", ""Rps4x"", ""Rps6"", ""Rpl19"")"
"414","WP_CYTOPLASMIC_RIBOSOMAL_PROTEINS","2.18068790925245e-10","5.02692176840876e-08","0.826657301178302","0.855525197175261","2.15308889291169","56","c(""Rpl21"", ""Rpsa"", ""Rpl18"", ""Rpl18a"", ""Rpl32"", ""Rps5"", ""Rps10"", ""Rpl10a"", ""Rps16"", ""Rps8"", ""Rpl13"", ""Rps14"", ""Rps19"", ""Rps18"", ""Rpl10"", ""Rps27a"", ""Rps3"", ""Rpl27a"", ""Rpl26"", ""Rps3a1"", ""Rps20"", ""Rpl9"", ""Rps12"", ""Rpl28"", ""Rpl3"", ""Rplp0"", ""Rpl17"", ""Rps7"", ""Rpl7a"", ""Rpl39"", ""Rps2"", ""Rpl8"", ""Rpl4"", ""Rpl11"", ""Rpl29"", ""Rps4x"", ""Rps6"", ""Rpl37"", ""Rpl19"")"
