"","pathway","pval","padj","log2err","ES","NES","size","leadingEdge"
"1","TABULA_MURIS_SENIS_BRAIN_MYELOID_MICROGLIAL_CELL_AGEING","2.10011705097328e-22","1.73319660049609e-19","1.22950405660873","-0.743911065740531","-2.57134647396241","179","c(""Rplp0"", ""Rpl9"", ""Ubb"", ""Rpl10"", ""Rpl19"", ""Rpl13"", ""Rps7"", ""Rps3"", ""Rpl29"", ""Rps3a1"", ""Rpl8"", ""Rps4x"", ""Rpl18"", ""Rps2"", ""Rpl11"", ""Rpl17"", ""Rps5"", ""Rps6"", ""Rbm3"", ""Rpl3"", ""Rps10"", ""Clic1"", ""Fth1"", ""Gapdh"", ""Naca"", ""Tmsb4x"", ""Eef1a1"", ""Rpl4"", ""Rpl10a"", ""Rpl18a"", ""Rpl7a"", ""Atp5d"", ""Rpl5"", ""Eef1b2"", ""Rpsa"", ""Eef1d"", ""Pkm"", ""Rpl21"", ""Cotl1"", ""Rps16"", ""Psmb9"", ""Pebp1"", ""Slc25a5"", ""Ndufb9"", ""H2-D1"", ""Bsg"", ""Vim"", ""Ldha"", ""Tomm6"", ""Ifi27"", ""Ube2m"", ""Rps18"", ""Srsf9"", ""Ppp1r35"", ""Srgn"", ""Cd48"", ""Npm1"", ""Rplp1"", 
""Ctsl"", ""Prelid1"", ""Klk8"", ""Anxa2"", ""H2-K1"", ""Bst2"", ""Ctsz"", ""Swi5"", ""Cd52"", ""Rpl14"", ""Igfbp4"", ""Atp5g2"", ""Eif5a"", ""Ptms"", ""Gadd45gip1"", ""H2-DMa"", ""Cd9"", ""Exosc5"", ""Tagln2"", ""Timp2"")"
"2","TABULA_MURIS_SENIS_LARGE_INTESTINE_LARGE_INTESTINE_GOBLET_CELL_AGEING","7.89774352692097e-27","9.12505287100449e-24","1.34223377296446","-0.657266033880848","-2.39898136217288","346","c(""Rplp0"", ""Rpl9"", ""Ubb"", ""Rpl10"", ""Rpl19"", ""Rpl13"", ""Rps7"", ""Rps3"", ""Rps3a1"", ""Rpl8"", ""Rps4x"", ""Rpl18"", ""Rps2"", ""Rpl11"", ""Rpl17"", ""Rps5"", ""Rps6"", ""Rbm3"", ""Rpl3"", ""Rps10"", ""Clic1"", ""Fth1"", ""Btf3"", ""Gapdh"", ""H3f3b"", ""Tmsb4x"", ""Jund"", ""Rpl4"", ""Gstp1"", ""Rpl10a"", ""Rpl18a"", ""Chchd2"", ""Rpl7a"", ""Atp5d"", ""Rpsa"", ""Psmb5"", ""Eef1d"", ""Pkm"", ""Eif3i"", ""Lsm4"", ""Psmb2"", ""Vdac2"", ""Erh"", ""Eef1g"", ""Psmb6"", ""Cotl1"", ""Psmb3"", ""Cox5a"", ""Atp5h"", ""Snrpb"", ""Pebp1"", ""Slc25a5"", ""Ndufb8"", ""Ndufb10"", ""Ndufb9"", ""Psma2"", ""H2-D1"", 
""Fdps"", ""Park7"", ""Bsg"", ""Mdh2"", ""Gtf2a2"", ""Tmem14c"", ""Phb2"", ""Aurkaip1"", ""Pgls"", ""Ndufs7"", ""Psma3"", ""Ldha"", ""Ndufv2"", ""Ddt"", ""Mpc1"", ""Psma6"", ""Tomm6"", ""Nfkbia"", ""Atp5o"", ""Calm3"", ""Elof1"", ""Mrps24"", ""Dap"", ""Psmb4"", ""Eif6"", ""Ifi27"", ""Ube2m"", ""Rps18"", ""Txn1"", ""Psmc4"", ""Rnf7"", ""Cnpy2"", ""Mrpl20"", ""Ssna1"", ""Sdhd"", ""Sf3b5"", ""Psmd13"", ""Wdr83os"", ""Bcl7c"", ""Ier2"", ""Rplp1"", ""Mospd3"", ""Ptov1"", ""Psmc5"", ""Pfdn6"", ""Pafah1b3"", ""Prelid1"", ""Cuedc2"", ""Psmb7"", ""U2af1"", ""H2-K1"", ""Polr2e"", ""Ctsz"", ""Swi5"", ""Manf"", ""Txndc17"", 
""Ndufs8"", ""Timm13"", ""Pin1"", ""Lsm2"", ""Aldh2"", ""Bag1"", ""Atp5g3"", ""Etfb"", ""Rpl14"", ""Mrps34"", ""Atp5g2"", ""Mrps18a"", ""Mrps28"", ""Guk1"", ""Tuba4a"", ""Txnl4a"", ""Eif5a"", ""Mvb12a"", ""Mrpl28"", ""Ptms"", ""Gadd45gip1"", ""Cycs"", ""Idh2"", ""Ppp1r2"", ""Cd9"", ""Stub1"", ""Exosc5"", ""Nme1"", ""Nfu1"", ""Mdh1"", ""Tagln2"", ""Pgp"", ""Ormdl2"", ""Eif3g"", ""Chchd10"", ""Pdzd11"", ""Mri1"", ""Prr13"", ""Spag7"", ""Mrps12"", ""Mrpl12"", ""Srsf7"", ""Lage3"", ""Trappc1"", ""Plp2"", ""Dhrs4"", ""Phf5a"", ""Fkbp2"", ""Snrpa"", ""Sod2"", ""Pmvk"", ""Smco4"", ""Cdc123"")"
"3","TABULA_MURIS_SENIS_TRACHEA_FIBROBLAST_AGEING","1.08593065216393e-11","2.24050763483965e-09","0.875325132024659","-0.792029460509027","-2.3854217320208","71","c(""Rplp0"", ""Ubb"", ""Rpl13"", ""Rps7"", ""Rps3"", ""Rps3a1"", ""Rpl8"", ""Rps4x"", ""Rpl11"", ""Rpl17"", ""Rps5"", ""Rps6"", ""Rpl3"", ""Rps10"", ""Clic1"", ""Fth1"", ""Naca"", ""H3f3b"", ""Jund"", ""Rpl4"", ""Rpsa"", ""Eef1d"", ""Pebp1"", ""H2-D1"", ""Bsg"", ""Fxyd5"", ""Srgn"", ""Npm1"", ""Ier2"", ""H2-K1"", ""Swi5"")"
"4","TABULA_MURIS_SENIS_BRAIN_NON_MYELOID_OLIGODENDROCYTE_AGEING","2.89724311195886e-32","1.67373734577863e-28","1.47456250139425","-0.641289307750302","-2.3775623111883","468","c(""Rplp0"", ""Rpl9"", ""Ubb"", ""Rpl10"", ""Rpl19"", ""Rpl13"", ""Rps7"", ""Rps3"", ""H3f3a"", ""Rpl29"", ""Rps3a1"", ""Rpl8"", ""Rps4x"", ""Rpl18"", ""Rps2"", ""Rpl11"", ""Rpl17"", ""Rps5"", ""Rbm3"", ""Rpl3"", ""Rps10"", ""Fth1"", ""Btf3"", ""Gapdh"", ""Naca"", ""H3f3b"", ""Tmsb4x"", ""Jund"", ""Rpl4"", ""Gstp1"", ""Rpl18a"", ""Chchd2"", ""Rpl7a"", ""Atp5d"", ""Eef1b2"", ""Rpsa"", ""Psmb5"", ""Eef1d"", ""Pkm"", ""Eif3i"", ""Rpl21"", ""Lsm4"", ""Psmb2"", ""Vdac2"", ""Erh"", ""Eef1g"", ""Psmb6"", ""Psmb3"", ""Cox5a"", ""Atp5h"", ""Snrpb"", ""Pebp1"", ""0610010K14Rik"", ""Slc25a5"", ""Psma5"", ""Ndufb8"", 
""Ndufb10"", ""Ndufb9"", ""Cdkn2d"", ""Tuba1a"", ""Psma2"", ""H2-D1"", ""Fdps"", ""Park7"", ""Psme2"", ""Dynll1"", ""Bsg"", ""Vdac3"", ""Mdh2"", ""Gtf2a2"", ""Tmem14c"", ""Phb2"", ""Aurkaip1"", ""Pgls"", ""Ndufs7"", ""Id3"", ""Psma1"", ""Psma3"", ""Ndufv2"", ""Glrx5"", ""Cnbp"", ""Ddt"", ""Mpc1"", ""Psma6"", ""Tomm6"", ""Nfkbia"", ""Phb"", ""Atp5o"", ""Calm3"", ""Sptssa"", ""Elof1"", ""Mrps24"", ""Psmb4"", ""Eif6"", ""Ifi27"", ""Rheb"", ""Mrpl18"", ""Ube2m"", ""Rps18"", ""Srsf9"", ""Psmc4"", ""Rnf7"", ""Ppp1r35"", ""Klf13"", ""Adh5"", ""Cnpy2"", ""Mrpl20"", ""Ssna1"", ""Sdhd"", ""Ndufa9"", ""Sf3b5"", ""Psmd13"", 
""Wdr83os"", ""Aprt"", ""Bcl7c"", ""Npm1"", ""Dgcr6"", ""Ier2"", ""Rplp1"", ""Mospd3"", ""Ahsa1"", ""Ndufc2"", ""Psmc5"", ""Ctsl"", ""Pfdn6"", ""Ube2e3"", ""Ddost"", ""Prelid1"", ""Cuedc2"", ""Dnajc15"", ""Psmb7"", ""Anxa2"", ""Nsmce1"", ""U2af1"", ""Prdx3"", ""H2-K1"", ""Polr2e"", ""Hras"", ""Ctsz"", ""Swi5"", ""Glrx3"", ""Cetn3"", ""Manf"", ""Timm17a"", ""Ndufs8"", ""Timm13"", ""Trmt112"", ""Pin1"", ""Rnf126"", ""Lsm2"", ""Mif4gd"", ""Commd1"", ""Dcps"", ""Aldh2"", ""Bcas2"", ""Atp5g3"", ""Cyc1"", ""Sfr1"", ""Ndufab1"", ""Etfb"", ""Mrps17"", ""Rpl14"", ""Pycr2"", ""Samm50"", ""Atp5g2"", ""Mrps18a"", 
""Mrpl4"", ""Guk1"", ""Raly"", ""Rnaseh2c"", ""Txnl4a"", ""Eif5a"", ""Ube2e1"", ""Plin3"", ""Hmgn2"", ""Mvb12a"", ""Mrpl28"", ""Ptms"", ""Gadd45gip1"", ""Cycs"", ""Idh2"", ""Cd9"", ""Stub1"", ""Exosc5"", ""Nme1"", ""Pmm1"", ""Emc8"", ""Myg1"", ""Mdh1"", ""Pgp"", ""Ormdl2"", ""Eef1e1"", ""Eif3g"", ""Pdzd11"", ""Sdhb"", ""Junb"", ""Psma4"", ""Mrpl27"", ""Prr13"", ""Spag7"", ""Mrpl41"", ""Mrps12"", ""Mrpl12"", ""Imp4"", ""Zfp771"", ""Rsu1"", ""Dhrs4"", ""Phf5a"", ""Fkbp2"", ""Mrpl15"", ""Snrpa"", ""Sod2"", ""Ebna1bp2"", ""Dohh"", ""Ift27"", ""Fam162a"", ""Cdc123"", ""Arl6ip4"", ""Stmn1"", ""Smad7"", ""Ak2"", 
""Oard1"", ""Psph"", ""Hexb"", ""Mrps15"", ""Polr2c"", ""Pih1d1"", ""Calr"")"
"5","TABULA_MURIS_SENIS_BRAIN_NON_MYELOID_ENDOTHELIAL_CELL_AGEING","1.80271738985772e-15","8.67858196767336e-13","1.00731795687447","-0.686023684597593","-2.35539411180238","173","c(""Rpl9"", ""Ubb"", ""Rpl13"", ""Rps7"", ""Rps3"", ""Rpl11"", ""Rps5"", ""Rpl3"", ""Clic1"", ""Fth1"", ""Gapdh"", ""H3f3b"", ""Tmsb4x"", ""Jund"", ""Gstp1"", ""Rpl18a"", ""Atp5d"", ""Rpsa"", ""Eef1d"", ""Psmb2"", ""Psmb6"", ""Psmb3"", ""Cox5a"", ""Atp5h"", ""Psmb9"", ""Snrpb"", ""Pebp1"", ""0610010K14Rik"", ""Slc25a5"", ""Ndufb8"", ""Ndufb10"", ""Ndufb9"", ""Cdkn2d"", ""H2-D1"", ""Park7"", ""Dynll1"", ""Bsg"", ""Mdh2"", ""Gtf2a2"", ""Fxyd5"", ""Ndufs7"", ""Ldha"", ""Ndufv2"", ""Klf2"", ""Tomm6"", ""Elof1"", ""Eif6"", ""Ifi27"", ""Rps18"", ""Klf13"", ""Bcl7c"", ""Ier2"", ""Rplp1"", ""Ahsa1"", ""Ndufc2"", 
""Anxa2"", ""H2-K1"", ""Polr2e"", ""Bst2"", ""Swi5"", ""Ndufs8"", ""Trmt112"", ""Pin1"", ""Lsm2"", ""Commd1"", ""Fdx1"", ""Atp5g3"", ""Ckb"", ""Rpl14"", ""Atp5g2"", ""Eif5a"", ""AW112010"", ""Ptms"", ""Rdm1"", ""Gadd45gip1"", ""Cd9"", ""Exosc5"", ""Prr13"", ""Spag7"", ""Mrps12"", ""Capg"", ""Fkbp2"", ""Smco4"", ""Stmn1"", ""Smad7"")"
"6","TABULA_MURIS_SENIS_AORTA_PROFESSIONAL_ANTIGEN_PRESENTING_CELL_AGEING","5.38013702388963e-12","1.19542506103886e-09","0.887074988399873","-0.758383933912819","-2.34740635374313","85","c(""Rplp0"", ""Rpl10"", ""Rpl13"", ""Rps7"", ""Rps3"", ""Rpl8"", ""Rpl18"", ""Rps5"", ""Rpl3"", ""Rps10"", ""Clic1"", ""H3f3b"", ""Tmsb4x"", ""Eef1a1"", ""Rpl4"", ""Rpl7a"", ""Rpsa"", ""Rps16"", ""H2-D1"", ""Fxyd5"", ""Nfkbia"", ""Srgn"", ""Npm1"", ""Actl6a"", ""Anxa2"", ""H2-K1"", ""Ctsz"", ""Cd52"")"
"7","TABULA_MURIS_SENIS_LARGE_INTESTINE_INTESTINAL_CRYPT_STEM_CELL_AGEING","6.96139988482512e-16","3.65600064860316e-13","1.02766987054358","-0.666828846605354","-2.31503708403623","202","c(""Rplp0"", ""Rpl9"", ""Ubb"", ""Rpl13"", ""Rps7"", ""Rps3"", ""Rps3a1"", ""Rps4x"", ""Rpl18"", ""Rps2"", ""Rpl11"", ""Rpl17"", ""Rps5"", ""Rps6"", ""Rbm3"", ""Rpl3"", ""Rps10"", ""Clic1"", ""Fth1"", ""H3f3b"", ""Jund"", ""Rpl4"", ""Rpl10a"", ""Rpl7a"", ""Eef1b2"", ""Rpsa"", ""Eef1d"", ""Pkm"", ""Eif3i"", ""Lsm4"", ""Erh"", ""Eef1g"", ""Cotl1"", ""Rgcc"", ""Pebp1"", ""Slc25a5"", ""H2-D1"", ""Fdps"", ""Park7"", ""Bsg"", ""Tmem14c"", ""Phb2"", ""Tomm6"", ""Sptssa"", ""Elof1"", ""Mrps24"", ""Psmb4"", ""Eif6"", ""Rps18"", ""Psmc4"", ""Klf13"", ""Psmd13"", ""Bcl7c"", ""Npm1"", ""Ier2"", ""Mospd3"", ""Ptov1"", ""Pfdn6"", 
""Pafah1b3"", ""U2af1"", ""H2-K1"", ""Ctsz"", ""Swi5"", ""Manf"", ""Pin1"", ""Lsm2"", ""Dcps"", ""Etfb"", ""Rpl14"", ""Sox4"", ""Atp5g2"", ""Mrps18a"", ""Guk1"", ""Raly"", ""Eif5a"", ""Ube2e1"", ""Hmgn2"", ""Mrpl28"", ""Ptms"", ""Gadd45gip1"", ""Osgep"", ""Cd9"", ""Stub1"", ""Exosc5"", ""Nme1"", ""Pmm1"", ""Psmg3"", ""Pgp"", ""Eif3g"", ""Chchd10"", ""Mri1"", ""Prr13"", ""Mrps12"", ""Srsf7"", ""Nubp1"", ""Dhrs4"", ""Fkbp2"", ""Snrpa"", ""Smco4"", ""Cdc123"", ""Arl6ip4"", ""Stmn1"")"
"8","TABULA_MURIS_SENIS_MARROW_PROMONOCYTE_AGEING","2.76763826531114e-10","4.44129062741735e-08","0.814035837847908","-0.760462130734436","-2.29572437424335","72","c(""Rpl9"", ""Rpl13"", ""Rps3"", ""Rps3a1"", ""Rpl8"", ""Rps2"", ""Rpl11"", ""Rps6"", ""Rbm3"", ""Rpl3"", ""Fth1"", ""Prdx2"", ""Psmb2"", ""Erh"", ""Psmb6"", ""Cox5a"", ""Ndufb9"", ""Park7"", ""Mdh2"", ""Phb2"", ""Ldha"", ""Mrps24"", ""Psmb4"", ""Rps18"", ""Srgn"", ""Mrpl20"", ""Ctsl"", ""H2-K1"", ""Etfb"", ""Rpl14"", ""AW112010"", ""Cd9"", ""Nme1"")"
"9","TABULA_MURIS_SENIS_MARROW_HEMATOPOIETIC_STEM_CELL_AGEING","2.91545308050524e-24","2.80709540767979e-21","1.27903397725049","-0.621085792000434","-2.29458705356785","378","c(""Rplp0"", ""Ubb"", ""Rpl13"", ""Rps7"", ""Rps3"", ""Rps3a1"", ""Rbm3"", ""Rpl3"", ""Clic1"", ""Fth1"", ""H3f3b"", ""Tmsb4x"", ""Jund"", ""Rpl4"", ""Gstp1"", ""Chchd2"", ""Atp5d"", ""Rpl5"", ""Rpsa"", ""Eef1d"", ""Lat"", ""Eif3i"", ""Lsm4"", ""Psmb2"", ""Erh"", ""Psmb6"", ""Cotl1"", ""Cox5a"", ""Psmb9"", ""Snrpb"", ""Pebp1"", ""Slc25a5"", ""Psma5"", ""Cdkn2d"", ""Psma2"", ""H2-D1"", ""Fdps"", ""Ap3s1"", ""Park7"", ""Psme2"", ""Ostf1"", ""Bsg"", ""Mdh2"", ""Gtf2a2"", ""Tmem14c"", ""Phb2"", ""Fxyd5"", ""Pgls"", ""Ndufs7"", ""Psma3"", ""Ldha"", ""Ndufv2"", ""Mpc1"", ""Psma6"", ""Tomm6"", ""Nfkbia"", ""Phb"", 
""Atp5o"", ""Elof1"", ""Psmb4"", ""Eif6"", ""Ube2m"", ""Srsf9"", ""Psmc4"", ""Ppp1r35"", ""Klf13"", ""Cnpy2"", ""Srgn"", ""Ssna1"", ""Sdhd"", ""Ndufa9"", ""Psmd13"", ""Ppil1"", ""Wdr83os"", ""Bcl7c"", ""Npm1"", ""Dgcr6"", ""Ier2"", ""Mospd3"", ""Ahsa1"", ""Psmc5"", ""Ctsl"", ""S1pr4"", ""Pfdn6"", ""Bub3"", ""Maz"", ""Prelid1"", ""Cuedc2"", ""U2af1"", ""H2-K1"", ""Polr2e"", ""Bst2"", ""Ctsz"", ""Swi5"", ""Glrx3"", ""Manf"", ""Pin1"", ""Lsm2"", ""Mif4gd"", ""Dcps"", ""Atp5g3"", ""Cyc1"", ""Etfb"", ""Rpl14"", ""Samm50"", ""Atp5g2"", ""Mrps18a"", ""Guk1"", ""Tuba4a"", ""Batf"", ""Eif5a"", ""Ube2e1"", ""Cdc42ep3"", 
""Plin3"", ""Hmgn2"", ""Mvb12a"", ""Mrpl28"", ""Ptms"", ""Gadd45gip1"", ""H2-DMa"", ""Ifi47"", ""Cd9"", ""Stub1"", ""Exosc5"", ""Nme1"", ""Nfu1"", ""Mdh1"", ""Tsfm"", ""Tagln2"", ""Pgp"", ""Ifi35"", ""Eif3g"", ""Chchd10"", ""Mri1"", ""Junb"", ""Unc119"", ""Prr13"", ""Spag7"", ""Mrpl41"", ""Mrps12"", ""Mrpl12"", ""Nubp1"", ""Capg"", ""Dhrs4"", ""Fkbp2"", ""Igtp"", ""Yif1b"", ""Snrpa"", ""Sod2"", ""Ebna1bp2"", ""Dohh"", ""Ift27"", ""Smco4"", ""Cdc123"", ""Arl6ip4"", ""Stmn1"", ""Ak2"", ""Oard1"", ""Pih1d1"", ""Psmg1"", ""Icam2"", ""Thoc3"", ""Sf3b2"", ""Ube2l3"", ""Mrps11"", ""Nudc"", ""Cst3"", ""Khk"", ""Psmc2"", 
""Alad"", ""Tomm40"", ""Mrto4"", ""Prdx1"", ""Tmed3"", ""Blvrb"", ""Wdr74"", ""Dtd1"", ""Rnf125"", ""Mrps10"", ""Sumo3"", ""Psmd12"", ""Psmd7"", ""Atp5c1"", ""Vamp5"", ""Orai1"", ""Exosc7"", ""Cd79b"", ""Dnajc9"", ""Klf6"", ""Pim1"", ""Creg1"", ""Stoml2"", ""Wdr18"", ""Ppie"", ""Eif4ebp1"", ""Gclm"", ""Sat1"", ""Sdf2l1"", ""Dtd2"")"
"10","TABULA_MURIS_SENIS_MARROW_IMMATURE_B_CELL_AGEING","1.68272964291458e-12","4.4186950668716e-10","0.910119734774459","-0.681510706303641","-2.29073183961666","145","c(""Rplp0"", ""Rpl10"", ""Rpl19"", ""Rpl15"", ""Rpl13"", ""Rps7"", ""Rps3"", ""Rpl29"", ""Rps3a1"", ""Rpl8"", ""Rps4x"", ""Rps2"", ""Rpl11"", ""Rps5"", ""Rps6"", ""Rbm3"", ""Rpl3"", ""Rps10"", ""Clic1"", ""Fth1"", ""H3f3b"", ""Tmsb4x"", ""Jund"", ""Rpl10a"", ""Prdx2"", ""Rpl18a"", ""Chchd2"", ""Rpl7a"", ""Atp5d"", ""Ube2s"", ""Rpsa"", ""Ltb"", ""Eef1d"", ""Pkm"", ""Eif3i"", ""Lsm4"", ""Erh"", ""Psmb6"", ""Cotl1"", ""Psmb3"", ""Cox5a"", ""Atp5h"", ""Ndufb8"", ""Emp3"", ""Ndufb9"", ""Cdkn2d"", ""H2-D1"", ""Bsg"", ""Phb2"", ""Aurkaip1"", ""Pgls"", ""Tomm6"", ""Psmb4"", ""Cct7"", ""Rps18"", ""Ppp1r35"", ""Mrpl20"", 
""Psmd13"", ""Rplp1"", ""S1pr4"", ""Pfdn6"", ""Prelid1"", ""Swi5"", ""Manf"", ""Cd52"", ""Cyc1"", ""Rpl14"", ""Rnh1"", ""Raly"", ""Eif5a"", ""Cd9"", ""Ptp4a3"", ""Chchd10"", ""Prr13"", ""Spag7"", ""Imp4"", ""Capg"", ""Phf5a"", ""Fkbp2"")"
"11","TABULA_MURIS_SENIS_MARROW_NK_CELL_AGEING","1.56076196780702e-16","9.01652188802116e-14","1.04762648849882","-0.649629444405707","-2.28168696249064","219","c(""Ubb"", ""Rpl19"", ""Rpl13"", ""Rps7"", ""Rps3"", ""Rpl18"", ""Rpl17"", ""Rps10"", ""Fth1"", ""H3f3b"", ""Tmsb4x"", ""Jund"", ""Gstp1"", ""Rpl10a"", ""Atp5d"", ""Ltb"", ""Eef1d"", ""Lsm4"", ""Psmb2"", ""Erh"", ""Psmb6"", ""Cotl1"", ""Cox5a"", ""Atp5h"", ""Psmb9"", ""Snrpb"", ""Pebp1"", ""Ndufb8"", ""Ndufb10"", ""Emp3"", ""Ndufb9"", ""Cdkn2d"", ""Park7"", ""Psme2"", ""Bsg"", ""Tmem14c"", ""Aurkaip1"", ""Fxyd5"", ""Pgls"", ""Ndufs7"", ""Vasp"", ""Mpc1"", ""Tomm6"", ""Atp5o"", ""Calm3"", ""Elof1"", ""Mrps24"", ""Psmb4"", ""Mrpl18"", ""Ube2m"", ""Rps18"", ""Srsf9"", ""Txn1"", ""Anp32a"", ""Psmc4"", ""Ppp1r35"", 
""Klf13"", ""Srgn"", ""Exosc3"", ""Sf3b5"", ""Wdr83os"", ""Aprt"", ""Bcl7c"", ""Mospd3"", ""Ndufc2"", ""Mrpl34"", ""S1pr4"", ""Pfdn6"", ""Prelid1"", ""Dnajc15"", ""U2af1"", ""Polr2e"", ""Swi5"", ""Timm13"", ""Trmt112"", ""Pin1"", ""Lsm2"", ""Bag1"", ""Atp5g3"", ""Ckb"", ""Etfb"", ""Mrps17"", ""Rpl14"", ""Mrps34"", ""Atp5g2"", ""Guk1"", ""Tuba4a"", ""Rnaseh2c"", ""Batf"", ""Mvb12a"", ""Gadd45gip1"", ""Cycs"", ""Cd9"", ""Exosc5"", ""Thyn1"", ""Ifi35"", ""Eif3g"", ""Sdhb"", ""Mrpl27"", ""Prr13"", ""Mrpl41"", ""Mrps12"", ""Mrpl12"", ""Lage3"", ""Trappc1"", ""Mfsd10"", ""Mrps15"", ""Med29"", ""Pih1d1"", ""S100a11"", 
""Psmg1"", ""Polr2j"", ""Sf3b2"", ""Mrps11"", ""Bbc3"", ""Mrpl14"", ""Cst3"", ""Mrpl54"", ""Mrpl46"", ""2310039H08Rik"", ""A430005L14Rik"", ""Mrto4"")"
"12","TABULA_MURIS_SENIS_TRACHEA_ENDOTHELIAL_CELL_AGEING","1.51075744098791e-10","2.72738929268349e-08","0.826657301178302","-0.740505339237041","-2.25674691016362","79","c(""Rplp0"", ""Rpl13"", ""Rps3"", ""Rps3a1"", ""Rps4x"", ""Rbm3"", ""Rpl3"", ""Clic1"", ""Fth1"", ""Naca"", ""Gstp1"", ""Rpsa"", ""Eef1d"", ""Vdac2"", ""Cox5a"", ""Psma2"", ""Bsg"", ""Phb2"", ""Psma1"", ""Klf2"", ""Elof1"", ""Mrps24"", ""Ifi27"", ""Snf8"", ""Rnf7"", ""Ahsa1"", ""Prelid1"", ""Bst2"", ""Glrx3"", ""Timm17a"", ""Dpy30"", ""Lsm2"", ""Bcas2"", ""Rpl14"", ""Txnl4a"", ""Ube2e1"", ""Ptms"", ""Cd9"", ""Mdh1"")"
"13","TABULA_MURIS_SENIS_GONADAL_ADIPOSE_TISSUE_MYELOID_CELL_AGEING","4.81582730180595e-12","1.11284137290132e-09","0.887074988399873","-0.658713749914948","-2.24636567193715","155","c(""Rplp0"", ""Ubb"", ""Rpl13"", ""Rps7"", ""Rps3"", ""Rps3a1"", ""Rbm3"", ""Rpl3"", ""Clic1"", ""Fth1"", ""Gapdh"", ""H3f3b"", ""Jund"", ""Rpl4"", ""Atp5d"", ""Rpsa"", ""Pkm"", ""Cotl1"", ""Cox5a"", ""Psmb9"", ""Pebp1"", ""H2-D1"", ""Bsg"", ""Phb2"", ""Fxyd5"", ""Id3"", ""Vasp"", ""Tomm6"", ""Nfkbia"", ""Rheb"", ""Ube2m"", ""Srsf9"", ""Psmc4"", ""Klf13"", ""Bcl7c"", ""Ier2"", ""Mospd3"", ""Prelid1"", ""H2-K1"", ""Ctsz"", ""Swi5"", ""Pdia6"", ""Pin1"", ""Ckb"", ""Etfb"", ""Samm50"", ""Raly"", ""Eif5a"", ""Hmgn2"", ""Ptms"", ""Ppp1r2"", ""Cd9"", ""Exosc5"", ""Tagln2"", ""Ifi35"", ""Prr13"", ""Spag7"", ""Dhrs4"", 
""Yif1b"", ""Snrpa"", ""Sod2"", ""Cdc123"", ""Ly6d"")"
"14","REACTOME_DOWNSTREAM_TCR_SIGNALING","8.62172192059339e-09","8.89422991701214e-07","0.747739663149885","-0.76434012301714","-2.24322075418187","59","c(""Ubb"", ""Cd3g"", ""Cd3d"", ""Psmb5"", ""Psmb2"", ""Psmb6"", ""Psmb3"", ""Trbc2"", ""Psma5"", ""Psma2"", ""Psme2"", ""Ube2n"", ""Psma1"", ""Psma3"", ""Psma6"", ""Cd247"", ""Nfkbia"", ""Psmb4"", ""Psmc4"", ""Trbc1"", ""Psmd3"", ""Psmd13"", ""Psmc5"", ""Psmb7"", ""Cd3e"")"
"15","TABULA_MURIS_SENIS_MARROW_PRECURSOR_B_CELL_AGEING","1.00235926646455e-09","1.34665801915481e-07","0.788186810800237","-0.73570851543129","-2.24029282110964","78","c(""Rplp0"", ""Rpl13"", ""Rps7"", ""Rps3"", ""Rps3a1"", ""Rpl8"", ""Rps4x"", ""Rpl18"", ""Rpl11"", ""Rpl17"", ""Rps5"", ""Rbm3"", ""Rpl3"", ""Rps10"", ""Clic1"", ""Fth1"", ""Gapdh"", ""Tmsb4x"", ""Rpl4"", ""Rpl10a"", ""Rpl7a"", ""Eef1b2"", ""Rpsa"", ""Ostf1"", ""Bsg"", ""Cmtm7"", ""Vim"", ""Fxyd5"", ""Pgls"", ""Rps18"", ""S1pr4"", ""Itgb7"", ""Ndufs8"", ""Rpl14"", ""Raly"", ""AW112010"", ""Hmgn2"")"
"16","MA_RAT_AGING_UP","4.06506798555083e-09","4.60468583382885e-07","0.761460801445585","-0.743459874750382","-2.23914062612676","71","c(""Rplp0"", ""H3f3a"", ""Rps3a1"", ""Rpl8"", ""Rpl17"", ""Rps6"", ""Fth1"", ""Gapdh"", ""Eef1a1"", ""Rpl5"", ""Rgcc"", ""H2-D1"", ""Nfkbia"", ""Srgn"", ""Rplp1"")"
"17","TABULA_MURIS_SENIS_MARROW_GRANULOCYTE_AGEING","4.2401660995799e-08","3.49934850818187e-06","0.719512826338911","-0.820967267163939","-2.23830551417119","40","c(""Rpl10"", ""Rps3"", ""Rbm3"", ""Clic1"", ""Gapdh"", ""H3f3b"", ""Tmsb4x"", ""Pkm"", ""Cotl1"", ""Emp3"", ""H2-D1"", ""Fxyd5"", ""Klf2"", ""Rps18"", ""Anxa2"", ""H2-K1"", ""Cd52"")"
"18","REACTOME_TCR_SIGNALING","1.66632307701352e-08","1.52799181204874e-06","0.73376198835648","-0.748966012969758","-2.23639652175164","65","c(""Ubb"", ""Cd3g"", ""Cd3d"", ""Psmb5"", ""Lat"", ""Psmb2"", ""Psmb6"", ""Psmb3"", ""Trbc2"", ""Psma5"", ""Psma2"", ""Psme2"", ""Ube2n"", ""Psma1"", ""Psma3"", ""Psma6"", ""Cd247"", ""Nfkbia"", ""Psmb4"", ""Psmc4"", ""Trbc1"", ""Psmd3"", ""Psmd13"", ""Psmc5"", ""Psmb7"", ""Cd3e"")"
"19","TABULA_MURIS_SENIS_HEART_MONOCYTE_AGEING","1.27888832059033e-08","1.27087134676834e-06","0.747739663149885","-0.721601784229247","-2.20188085364822","77","c(""Rplp0"", ""Rps7"", ""Rps3"", ""Rbm3"", ""Rpl3"", ""H3f3b"", ""Jund"", ""Rpl4"", ""Cotl1"", ""Cox5a"", ""Pebp1"", ""Slc25a5"", ""Fdps"", ""Bsg"", ""Phb2"", ""Vim"", ""Fxyd5"", ""Id3"", ""Tomm6"", ""Nfkbia"", ""Ifi27"", ""Bcl7c"", ""Ier2"", ""Anxa2"", ""H2-K1"", ""Ctsz"", ""Eif5a"", ""Ptms"", ""Cd9"", ""Prr13"", ""Capg"")"
"20","TABULA_MURIS_SENIS_HEART_ENDOTHELIAL_CELL_OF_CORONARY_ARTERY_AGEING","4.45743995178867e-09","4.85860954744965e-07","0.761460801445585","-0.720303612651487","-2.19338362761301","78","c(""Rplp0"", ""Rpl13"", ""Rps3"", ""Rps3a1"", ""Rpl3"", ""Clic1"", ""H3f3b"", ""Jund"", ""Eef1a1"", ""Rpl4"", ""Rpsa"", ""Pkm"", ""H2-D1"", ""Bsg"", ""Vim"", ""Ldha"", ""Klf2"", ""Klf13"", ""Ier2"", ""Anxa2"", ""H2-K1"", ""Aldh2"", ""Ckb"", ""Eif5a"", ""Ptms"", ""Cd9"", ""Tagln2"", ""Junb"", ""Prr13"", ""Spag7"", ""Capg"", ""Igtp"", ""Smco4"", ""Smad7"", ""Hexb"", ""Icam2"")"
"21","TABULA_MURIS_SENIS_SKIN_BASAL_CELL_OF_EPIDERMIS_AGEING","3.63940197479156e-22","2.62810315104635e-19","1.22105375677186","-0.585580506176323","-2.18535972537186","436","c(""Rplp0"", ""Rpl9"", ""Ubb"", ""Rpl10"", ""Rpl19"", ""Rpl13"", ""Rps7"", ""Rps3"", ""Rps3a1"", ""Rpl8"", ""Rps4x"", ""Rpl18"", ""Rpl11"", ""Rpl17"", ""Rps5"", ""Rpl3"", ""Rps10"", ""Clic1"", ""Fth1"", ""Btf3"", ""Naca"", ""Tmsb4x"", ""Jund"", ""Gstp1"", ""Rpl18a"", ""Rpl7a"", ""Atp5d"", ""Rpl5"", ""Ube2s"", ""Eef1b2"", ""Rpsa"", ""Ppp1r14b"", ""Ltb"", ""Psmb5"", ""Eef1d"", ""Lat"", ""Eif3i"", ""Rpl21"", ""Lsm4"", ""Psmb2"", ""Erh"", ""Psmb6"", ""Cotl1"", ""Psmb3"", ""Cox5a"", ""Rps16"", ""Atp5h"", ""Psmb9"", ""Pebp1"", ""0610010K14Rik"", ""Ndufb8"", ""Ndufb10"", ""Ndufb9"", ""Cdkn2d"", ""Psma2"", ""Fdps"", 
""Park7"", ""Psme2"", ""Dynll1"", ""Ostf1"", ""Bsg"", ""Gtf2a2"", ""Tmem14c"", ""Phb2"", ""Aurkaip1"", ""Fxyd5"", ""Pgls"", ""Ndufs7"", ""Id3"", ""Vasp"", ""Psma3"", ""Ndufv2"", ""Glrx5"", ""Mpc1"", ""Klf2"", ""Psma6"", ""Tomm6"", ""Nfkbia"", ""Mrps14"", ""Atp5o"", ""Elof1"", ""Mrps24"", ""Psmb4"", ""Ifi27"", ""Ube2m"", ""Dusp2"", ""Rps18"", ""Srsf9"", ""Anp32a"", ""Ppp1r35"", ""Klf13"", ""Cnpy2"", ""Ssna1"", ""Dazap1"", ""Sf3b5"", ""Wdr83os"", ""Aprt"", ""Bcl7c"", ""Npm1"", ""Dgcr6"", ""Ier2"", ""Rplp1"", ""Mospd3"", ""Ndufc2"", ""Mrpl34"", ""Pfdn6"", ""Pafah1b3"", ""Prelid1"", ""Klk8"", ""U2af1"", ""H2-K1"", 
""Polr2e"", ""Hras"", ""Ctsz"", ""Swi5"", ""Manf"", ""Dpy30"", ""Ndufs8"", ""Timm13"", ""Trmt112"", ""Pin1"", ""Rnf126"", ""Lsm2"", ""Commd1"", ""Bag1"", ""Fdx1"", ""Tnfrsf18"", ""Atp5g3"", ""Pop7"", ""Sfr1"", ""Ndufab1"", ""Etfb"", ""Rpl14"", ""Mrps34"", ""Atp5g2"", ""Mrps18a"", ""Nxt1"", ""Mrpl4"", ""Guk1"", ""Tuba4a"", ""Rnaseh2c"", ""Eif5a"", ""AW112010"", ""Cdc42ep3"", ""Mvb12a"", ""Mrpl28"", ""Ptms"", ""Gadd45gip1"", ""H2-DMa"", ""Tomm5"", ""Cd9"", ""Stub1"", ""Exosc5"", ""Nme1"", ""Pmm1"", ""Psmg3"", ""Emc8"", ""Mdh1"", ""Pgp"", ""Ormdl2"", ""Ifi35"", ""Eif3g"", ""Chchd10"", ""Sdhb"", ""Psma4"", 
""Mbd3"", ""Mrpl27"", ""Prr13"", ""Spag7"", ""Mrpl41"", ""Mrps12"", ""Mrpl12"", ""Lage3"", ""Trappc1"", ""Dhrs4"", ""Fkbp2"", ""Snrpa"", ""Sod2"", ""Mrpl40"", ""Ebna1bp2"", ""Ift27"", ""Smco4"", ""Fam162a"", ""Cdc123"", ""Arl6ip4"", ""Stmn1"", ""Ly6d"", ""Mrpl55"", ""Ak2"", ""Ube2c"", ""Psph"")"
"22","TABULA_MURIS_SENIS_MARROW_LATE_PRO_B_CELL_AGEING","1.85185378003026e-10","3.14651743742201e-08","0.826657301178302","-0.667687327708805","-2.17489774952565","125","c(""Rpl13"", ""Rps7"", ""Rps3"", ""Rpl18"", ""Rpl11"", ""Rpl17"", ""Rps5"", ""Rps10"", ""Fth1"", ""Tmsb4x"", ""Jund"", ""Atp5d"", ""Eef1b2"", ""Psmb5"", ""Eef1d"", ""Pkm"", ""Eif3i"", ""Lsm4"", ""Psmb6"", ""Cotl1"", ""Atp5h"", ""Pebp1"", ""Ndufb8"", ""Ndufb10"", ""Ndufb9"", ""Park7"", ""Psme2"", ""Ostf1"", ""Bsg"", ""Phb2"", ""Aurkaip1"", ""Pgls"", ""Tomm6"", ""Elof1"", ""Mrps24"", ""Psmb4"", ""Eif6"", ""Rps18"", ""Ppp1r35"", ""Klf13"", ""Dgcr6"", ""Rplp1"", ""Pfdn6"", ""Pafah1b3"", ""Prelid1"", ""Swi5"", ""Lsm2"", ""Zbp1"", ""Etfb"", ""Slc3a2"", ""Rnaseh2c"", ""AW112010"", ""Gadd45gip1"", ""Exosc5"", 
""Nme1"", ""Eif3g"", ""Chchd10"", ""Prr13"", ""Mrps12"", ""Mrpl12"", ""Ifnar2"", ""Fkbp2"", ""Igtp"", ""Ift27"", ""Arl6ip4"", ""Stmn1"")"
"23","TABULA_MURIS_SENIS_THYMUS_DN4_THYMOCYTE_AGEING","3.08820100412123e-10","4.82176681102928e-08","0.814035837847908","-0.660877671114766","-2.16829434707454","131","c(""Rplp0"", ""Rpl13"", ""Rps3"", ""Rpl8"", ""Rpl18"", ""Rps5"", ""Rbm3"", ""Rpl3"", ""Rps10"", ""Fth1"", ""Gapdh"", ""Jund"", ""Gstp1"", ""Atp5d"", ""Rpsa"", ""Ltb"", ""Lat"", ""Eif3i"", ""Lsm4"", ""Cotl1"", ""Psmb9"", ""H2-D1"", ""Park7"", ""Psme2"", ""Ostf1"", ""Bsg"", ""Aurkaip1"", ""Fxyd5"", ""Pgls"", ""Ndufs7"", ""Klf2"", ""H2-Q4"", ""Ms4a6b"", ""Ifi27"", ""Srgn"", ""Wdr83os"", ""Aprt"", ""Npm1"", ""S1pr4"", ""Dnajc15"", ""Anxa2"", ""H2-K1"", ""Polr2e"", ""Bst2"", ""Ctsz"", ""Swi5"", ""Mif4gd"", ""Arl4c"", ""Tnfrsf18"", ""Ms4a4b"", ""Atp5g2"", ""AB124611"", ""Gimap5"", ""Batf"", ""Eif5a"", ""AW112010"", 
""Apobec3"", ""Smpdl3a"", ""Tagln2"", ""Junb"", ""Epsti1"", ""Sp110"", ""Prr13"", ""Capg"", ""Izumo1r"", ""Nkg7"", ""Smco4"", ""Gpr18"", ""Ly6d"", ""Smad7"", ""Calr"", ""S100a11"", ""Sf3b2"", ""Tpst2"", ""Gimap7"")"
"24","TABULA_MURIS_SENIS_HEART_AND_AORTA_CARDIOMYOCYTE_AGEING","6.85273613592938e-07","4.55037432842115e-05","0.659444398037935","-0.721523386218761","-2.14509770156188","62","c(""Rplp0"", ""Ubb"", ""Rpl10"", ""Rpl19"", ""Rpl15"", ""Rps3"", ""H3f3a"", ""Rps3a1"", ""Rpl8"", ""Rps4x"", ""Rps2"", ""Rpl17"", ""Rps5"", ""Rps6"", ""Rbm3"", ""Rpl3"", ""Fth1"", ""Gapdh"", ""Sumo2"", ""Eef1a1"", ""Rpl4"", ""Rpl18a"", ""Rpl7a"", ""Rpl21"", ""Atp5h"", ""H2-D1"", ""Park7"", ""Aurkaip1"", ""Mpc1"", ""Rnf7"")"
"25","TABULA_MURIS_SENIS_SUBCUTANEOUS_ADIPOSE_TISSUE_MYELOID_CELL_AGEING","2.05403191176419e-08","1.82556036219411e-06","0.73376198835648","-0.657459873555144","-2.12905061516015","104","c(""Rplp0"", ""Rpl13"", ""Rpl8"", ""Rbm3"", ""Jund"", ""Rpl4"", ""Rpsa"", ""Pkm"", ""Cotl1"", ""Rgcc"", ""Cd8a"", ""Id3"", ""Vasp"", ""Tomm6"", ""Nfkbia"", ""Dusp2"", ""Klf13"", ""Ier2"", ""Mospd3"", ""Eif5a"", ""Ptms"", ""Cd9"", ""Junb"", ""Prr13"", ""Sod2"", ""Ak2"", ""Sgk1"", ""Sf3b2"", ""B4galnt1"", ""Ehd1"", ""Irf1"", ""Socs3"", ""Rilpl2"", ""Pim1"")"
"26","REACTOME_TNFR2_NON_CANONICAL_NF_KB_PATHWAY","4.12971314828702e-07","2.90943327532368e-05","0.674962860011025","-0.722950438839787","-2.12174839422101","59","c(""Ubb"", ""Ltb"", ""Psmb5"", ""Psmb2"", ""Psmb6"", ""Psmb3"", ""Psma5"", ""Psma2"", ""Psme2"", ""Psma1"", ""Psma3"", ""Psma6"", ""Cd27"", ""Psmb4"", ""Ube2m"", ""Psmc4"", ""Psmd3"", ""Psmd13"", ""Psmc5"", ""Psmb7"", ""Tnfrsf18"")"
"27","TABULA_MURIS_SENIS_AORTA_AORTIC_ENDOTHELIAL_CELL_AGEING","8.84658982160177e-10","1.21682736665222e-07","0.801215574617779","-0.61987117573634","-2.11390354365189","155","c(""Rplp0"", ""Rpl9"", ""Ubb"", ""Rpl13"", ""Rps7"", ""Rps3"", ""Rpl29"", ""Rps3a1"", ""Rpl8"", ""Rps4x"", ""Rpl17"", ""Rps5"", ""Rbm3"", ""Rpl3"", ""Rps10"", ""Clic1"", ""Fth1"", ""Gapdh"", ""Naca"", ""Tmsb4x"", ""Jund"", ""Eef1a1"", ""Rpl4"", ""Eef1b2"", ""Rpsa"", ""Bsg"", ""Vim"", ""Klf2"", ""Tomm6"", ""Ube2m"", ""Rps18"", ""Klf13"", ""Npm1"", ""Ier2"", ""Rplp1"", ""Mospd3"", ""Prelid1"", ""H2-K1"", ""Rpl14"", ""Csrp1"", ""AW112010"", ""Ptms"", ""Idh2"", ""Ppp1r2"", ""Stub1"")"
"28","TABULA_MURIS_SENIS_KIDNEY_KIDNEY_PROXIMAL_CONVOLUTED_TUBULE_EPITHELIAL_CELL_AGEING","6.18208102138235e-08","4.96026139729526e-06","0.704975715167238","-0.667596612272975","-2.11303202985638","96","c(""Rplp0"", ""Rpl9"", ""Rpl10"", ""Rpl13"", ""Rps7"", ""Rps3a1"", ""Rps4x"", ""Rps2"", ""Rps5"", ""Rps6"", ""Rbm3"", ""Rpl3"", ""Rps10"", ""H3f3b"", ""Tmsb4x"", ""Jund"", ""Rpl4"", ""Rpl18a"", ""Rpl5"", ""Eef1b2"", ""Rpl21"", ""Mrfap1"", ""Rps16"", ""H2-D1"", ""Ddt"", ""Tomm6"", ""Sptssa"", ""Ifi27"", ""Npm1"", ""Ass1"", ""H2-K1"")"
"29","TABULA_MURIS_SENIS_LUNG_NK_CELL_AGEING","1.17878658153076e-06","7.40201095815567e-05","0.643551836150722","-0.744851807801872","-2.11283738035386","50","c(""Rplp0"", ""Rpl10"", ""Rpl19"", ""Rpl13"", ""Rps7"", ""Rps3"", ""Rpl29"", ""Rps3a1"", ""Rpl8"", ""Rps4x"", ""Rpl18"", ""Rpl17"", ""Rps5"", ""Rps6"", ""Rpl3"", ""Rps10"", ""Rpl4"", ""Rpl18a"", ""Rpsa"", ""Ltb"", ""Rpl21"", ""Rps16"", ""H2-Q4"", ""Rps18"")"
"30","REACTOME_FCERI_MEDIATED_NF_KB_ACTIVATION","1.14714178582958e-06","7.28245944696429e-05","0.643551836150722","-0.745301036374111","-2.10272755849925","49","c(""Ubb"", ""Psmb5"", ""Psmb2"", ""Psmb6"", ""Psmb3"", ""Psma5"", ""Psma2"", ""Psme2"", ""Ube2n"", ""Psma1"", ""Psma3"", ""Psma6"", ""Nfkbia"", ""Psmb4"", ""Psmc4"", ""Psmd3"", ""Psmd13"", ""Psmc5"", ""Psmb7"")"
"31","TABULA_MURIS_SENIS_BRAIN_NON_MYELOID_OLIGODENDROCYTE_PRECURSOR_CELL_AGEING","1.58606606013462e-09","2.03615636208837e-07","0.788186810800237","-0.61343247112945","-2.09008762116705","161","c(""Rplp0"", ""Ubb"", ""Rpl13"", ""Fth1"", ""Jund"", ""Chchd2"", ""Rpl7a"", ""Eef1d"", ""Psmb6"", ""Cotl1"", ""Cox5a"", ""Rgcc"", ""0610010K14Rik"", ""Slc25a5"", ""Psma2"", ""H2-D1"", ""Bsg"", ""Mdh2"", ""Pgls"", ""Psma3"", ""Tomm6"", ""Nfkbia"", ""Phb"", ""Atp5o"", ""Elof1"", ""Mrps24"", ""Ifi27"", ""Rheb"", ""Ube2m"", ""Ppp1r35"", ""Cnpy2"", ""Tubb2b"", ""Ssna1"", ""Bcl7c"", ""Mospd3"", ""Ndufc2"", ""Ctsl"", ""Pfdn6"", ""Cuedc2"", ""Psmb7"", ""U2af1"", ""H2-K1"", ""Swi5"", ""Trmt112"", ""Pin1"", ""Rnf126"", ""Commd1"", ""Etfb"", ""Atp5g2"", ""Mrps18a"", ""Nxt1"", ""Ube2e1"", ""Mrpl28"", ""Ptms"", ""Gadd45gip1"", 
""Stub1"", ""Psmg3"", ""Tagln2"", ""Pgp"", ""Junb"", ""Unc119"", ""Prr13"", ""Spag7"", ""Lage3"", ""Snrpa"", ""Ebna1bp2"", ""Ift27"", ""Smco4"", ""Ak2"", ""Psph"", ""Hexb"", ""Mrps15"")"
"32","REACTOME_ACTIVATION_OF_NF_KAPPAB_IN_B_CELLS","7.75260265114732e-06","0.000344513734735985","0.593325476396405","-0.749825971479228","-2.08383666031736","44","c(""Ubb"", ""Psmb5"", ""Psmb2"", ""Psmb6"", ""Psmb3"", ""Psma5"", ""Psma2"", ""Psme2"", ""Psma1"", ""Psma3"", ""Psma6"", ""Nfkbia"", ""Psmb4"", ""Psmc4"", ""Psmd3"", ""Psmd13"", ""Psmc5"", ""Psmb7"")"
"33","TABULA_MURIS_SENIS_SPLEEN_CD8_POSITIVE_ALPHA_BETA_T_CELL_AGEING","1.35742851211006e-07","1.01842396291686e-05","0.690132458796796","-0.645524713187073","-2.08339512161511","102","c(""Ubb"", ""Rbm3"", ""Clic1"", ""Fth1"", ""Gapdh"", ""Cd3g"", ""H3f3b"", ""Tmsb4x"", ""Jund"", ""Lat"", ""Cotl1"", ""Psmb3"", ""Cox5a"", ""Arl6ip1"", ""H2-D1"", ""Bsg"", ""Vim"", ""Cd28"", ""Klf2"", ""Tomm6"", ""Ube2m"", ""Ier2"", ""Ndfip1"", ""Anxa2"", ""H2-K1"", ""Eid1"", ""Arl4c"", ""Ckb"", ""Etfb"", ""Ms4a4b"", ""Eif5a"", ""AW112010"", ""Junb"", ""Prr13"")"
"34","TABULA_MURIS_SENIS_PANCREAS_PANCREATIC_DUCTAL_CELL_AGEING","1.38947310374113e-08","1.31589936398566e-06","0.747739663149885","-0.63922771339554","-2.08118834922958","119","c(""Rplp0"", ""Ubb"", ""Rpl13"", ""Rps7"", ""Rps3"", ""Rps3a1"", ""Fth1"", ""Tmsb4x"", ""Jund"", ""Rpl4"", ""Chchd2"", ""Erh"", ""Pebp1"", ""0610010K14Rik"", ""Slc25a5"", ""Psma2"", ""H2-D1"", ""Bsg"", ""Phb2"", ""Tomm6"", ""Sptssa"", ""Elof1"", ""Ifi27"", ""Rheb"", ""Ube2m"", ""Ppp1r35"", ""Ndufa9"", ""Bcl7c"", ""Npm1"", ""Ier2"", ""Pfdn6"", ""H2-K1"", ""Bst2"", ""Swi5"", ""Rnf126"", ""Aldh2"", ""Atp5g2"", ""Eif5a"", ""Ptms"", ""Gadd45gip1"", ""Cd9"", ""Ifi35"", ""Chchd10"", ""Prr13"", ""Spag7"", ""Fkbp2"", ""Ift27"", ""Smco4"")"
"35","REACTOME_DECTIN_1_MEDIATED_NONCANONICAL_NF_KB_SIGNALING","3.7624519648319e-06","0.000199409954136091","0.627256739718528","-0.770907676790729","-2.07993425059539","38","c(""Ubb"", ""Psmb5"", ""Psmb2"", ""Psmb6"", ""Psmb3"", ""Psma5"", ""Psma2"", ""Psme2"", ""Psma1"", ""Psma3"", ""Psma6"", ""Psmb4"", ""Ube2m"", ""Psmc4"", ""Psmd3"", ""Psmd13"", ""Psmc5"", ""Psmb7"")"
"36","TABULA_MURIS_SENIS_MESENTERIC_ADIPOSE_TISSUE_MESENCHYMAL_STEM_CELL_OF_ADIPOSE_AGEING","8.65218641848572e-15","3.3322453959728e-12","0.986546283587582","-0.576119058592431","-2.07796565218391","302","c(""Rplp0"", ""Rpl9"", ""Ubb"", ""Rpl13"", ""Rps7"", ""Rps3"", ""Rps3a1"", ""Rpl8"", ""Rpl18"", ""Rps2"", ""Rpl11"", ""Rpl17"", ""Rps5"", ""Rps6"", ""Rbm3"", ""Rpl3"", ""Rps10"", ""Clic1"", ""Btf3"", ""Gapdh"", ""Naca"", ""H3f3b"", ""Jund"", ""Eef1a1"", ""Rpl4"", ""Rpl18a"", ""Eif4a1"", ""Rpl7a"", ""Atp5d"", ""Rpl5"", ""Ube2s"", ""Eef1b2"", ""Rpsa"", ""Eef1d"", ""Pkm"", ""Cotl1"", ""Mrfap1"", ""Snrpb"", ""Pebp1"", ""Arl6ip1"", ""H2-D1"", ""Bsg"", ""Phb2"", ""Vim"", ""Ldha"", ""Klf2"", ""Tomm6"", ""Calm3"", ""Elof1"", ""Psmb4"", ""Rheb"", ""Ube2m"", ""Srsf9"", ""Klf13"", ""Adh5"", ""Bcl7c"", ""Ier2"", ""Mospd3"", 
""Ptov1"", ""Ube2e3"", ""Prelid1"", ""U2af1"", ""H2-K1"", ""Bst2"", ""Hras"", ""Swi5"", ""Manf"", ""Rnf126"", ""Lsm2"", ""Aldh2"", ""Ckb"", ""Sox4"", ""Plin2"", ""Tuba4a"", ""Raly"", ""Csrp1"", ""Eif5a"", ""Ube2e1"", ""Ptms"", ""Gadd45gip1"", ""Cd9"", ""Mdh1"", ""Tagln2"", ""Ifi35"", ""Junb"", ""Mbd3"", ""Prr13"", ""Cxxc5"", ""Srsf7"", ""Capg"", ""Dhrs4"", ""Fkbp2"", ""Yif1b"", ""Snrpa"", ""Cited2"", ""Ift27"")"
"37","TABULA_MURIS_SENIS_KIDNEY_BRUSH_CELL_AGEING","1.10147753286594e-05","0.000457786741537162","0.593325476396405","-0.766754527955603","-2.07408642774822","37","c(""Rplp0"", ""Rpl9"", ""Rpl10"", ""Rps3"", ""Rps3a1"", ""Rps4x"", ""Rps5"", ""Tmsb4x"", ""Eef1a1"", ""Rpl4"", ""Rpl10a"", ""Rpl21"", ""Ddt"", ""Ass1"", ""H2-K1"", ""Aldh2"")"
"38","REACTOME_REGULATION_OF_RAS_BY_GAPS","4.43539715164978e-06","0.000224765696009481","0.610526878385931","-0.767112911721442","-2.06969584971005","38","c(""Ubb"", ""Psmb5"", ""Psmb2"", ""Psmb6"", ""Psmb3"", ""Psma5"", ""Psma2"", ""Psme2"", ""Psma1"", ""Psma3"", ""Psma6"", ""Psmb4"", ""Psmc4"", ""Psmd3"", ""Psmd13"", ""Psmc5"", ""Psmb7"", ""Hras"", ""Kras"", ""Psma4"")"
"39","TABULA_MURIS_SENIS_MARROW_NAIVE_B_CELL_AGEING","2.20894401180021e-10","3.64601987319137e-08","0.826657301178302","-0.601254960772633","-2.06464797413169","185","c(""Rplp0"", ""Rpl13"", ""Rps7"", ""Rps3"", ""Rps3a1"", ""Rbm3"", ""Rpl3"", ""Clic1"", ""Fth1"", ""Gapdh"", ""Jund"", ""Prdx2"", ""Atp5d"", ""Psmb5"", ""Eef1d"", ""Lat"", ""Eif3i"", ""Psmb2"", ""Vdac2"", ""Erh"", ""Psmb6"", ""Cotl1"", ""Tomm20"", ""Psmb9"", ""Pebp1"", ""Slc25a5"", ""Psma5"", ""Emp3"", ""H2-D1"", ""Psme2"", ""Bsg"", ""Vdac3"", ""Cmtm7"", ""Mdh2"", ""Tmem14c"", ""Phb2"", ""Vim"", ""Vasp"", ""Ldha"", ""Ndufv2"", ""Tomm6"", ""Ms4a6b"", ""Atp5o"", ""Ifi27"", ""Txn1"", ""Psmc4"", ""Cnpy2"", ""Ube2a"", ""Npm1"", ""Psmc5"", ""Pafah1b3"", ""Prelid1"", ""Anxa2"", ""H2-K1"", ""Ctsz"", ""Swi5"", ""Glrx3"", 
""Txndc17"", ""Ndufs8"", ""Aldh2"", ""Atp5g3"", ""Etfb"", ""Atp5g2"", ""Eif5a"", ""AW112010"", ""Plin3"", ""Mvb12a"", ""Ptms"", ""Gadd45gip1"", ""Cycs"", ""Idh2"", ""Cd9"", ""Exosc5"", ""Nme1"", ""Mdh1"", ""Phgdh"", ""Sdhb"", ""Sp110"", ""Prr13"", ""Mrpl12"", ""Rsu1"", ""Plp2"", ""Capg"", ""Fkbp2"", ""Snrpa"", ""Nkg7"")"
"40","TABULA_MURIS_SENIS_HEART_FIBROBLAST_OF_CARDIAC_TISSUE_AGEING","2.47887802636118e-08","2.13738482959531e-06","0.73376198835648","-0.629691913366081","-2.06166490945243","126","c(""Rplp0"", ""Rpl13"", ""Rps7"", ""Rps3"", ""Rbm3"", ""Clic1"", ""Fth1"", ""H3f3b"", ""Jund"", ""Rpl4"", ""Gstp1"", ""Rpsa"", ""Cotl1"", ""Pebp1"", ""Slc25a5"", ""H2-D1"", ""Fdps"", ""Bsg"", ""Vim"", ""Fxyd5"", ""Id3"", ""Ldha"", ""Tomm6"", ""Elof1"", ""Bcl7c"", ""Ier2"", ""Mospd3"", ""H2-K1"", ""Bst2"", ""Eif5a"", ""Ptms"", ""Cd9"", ""Tagln2"", ""Junb"", ""Prr13"", ""Capg"")"
"41","REACTOME_DEGRADATION_OF_BETA_CATENIN_BY_THE_DESTRUCTION_COMPLEX","5.29187515677891e-06","0.000256900527569006","0.610526878385931","-0.763834942323448","-2.06085178053217","38","c(""Ubb"", ""Psmb5"", ""Psmb2"", ""Psmb6"", ""Psmb3"", ""Psma5"", ""Psma2"", ""Psme2"", ""Psma1"", ""Psma3"", ""Psma6"", ""Psmb4"", ""Tcf7"", ""Psmc4"", ""Psmd3"", ""Psmd13"", ""Psmc5"", ""Psmb7"")"
"42","TABULA_MURIS_SENIS_LUNG_ADVENTITIAL_CELL_AGEING","1.533460150462e-07","1.12136699863532e-05","0.690132458796796","-0.63136696198417","-2.05691555685351","117","c(""Ubb"", ""Rps3"", ""Rps10"", ""Clic1"", ""Fth1"", ""Gapdh"", ""Naca"", ""H3f3b"", ""Jund"", ""Rpl4"", ""Chchd2"", ""Rpsa"", ""Psmb2"", ""Cox5a"", ""Snrpb"", ""Pebp1"", ""Slc25a5"", ""Psma5"", ""Emp3"", ""Psma2"", ""H2-D1"", ""Bsg"", ""Mdh2"", ""Id3"", ""Ldha"", ""Psma6"", ""Nfkbia"", ""Phb"", ""Elof1"", ""Psmb4"", ""Npm1"", ""Ier2"", ""Psmc5"", ""Prelid1"", ""Cuedc2"", ""Ndufv1"", ""H2-K1"", ""Bst2"", ""Swi5"", ""Manf"", ""Pdia6"", ""Samm50"", ""Eif5a"", ""Idh2"", ""Nme1"", ""Pnp"", ""Tagln2"", ""Eif3g"", ""Prr13"", ""Snrpa"", ""Sod2"")"
"43","REACTOME_PCP_CE_PATHWAY","1.8289586641093e-05","0.000672986891882767","0.575610261071129","-0.770486078669122","-2.0566032486813","35","c(""Ubb"", ""Psmb5"", ""Psmb2"", ""Psmb6"", ""Psmb3"", ""Psma5"", ""Psma2"", ""Psme2"", ""Psma1"", ""Psma3"", ""Psma6"", ""Psmb4"", ""Psmc4"", ""Psmd3"", ""Psmd13"", ""Psmc5"", ""Psmb7"")"
"44","TABULA_MURIS_SENIS_LUNG_BRONCHIAL_SMOOTH_MUSCLE_CELL_AGEING","1.11449950829611e-07","8.58461821256884e-06","0.704975715167238","-0.655120724843343","-2.05465077048965","91","c(""Rpl13"", ""Rps3"", ""Rpl8"", ""Rps5"", ""Clic1"", ""Gapdh"", ""Jund"", ""Gstp1"", ""Rpl18a"", ""Rpsa"", ""Pkm"", ""Psmb9"", ""Emp3"", ""H2-D1"", ""Psme2"", ""Fxyd5"", ""Klf2"", ""H2-Q4"", ""Srgn"", ""Anxa2"", ""H2-K1"", ""Aldh2"", ""H2-DMa"", ""Ifi47"", ""Cd9"", ""Sp110"", ""Prr13"", ""Spag7"", ""Srsf7"", ""Igtp"", ""Smad7"", ""Calr"", ""Sf3b2"")"
"45","REACTOME_DEGRADATION_OF_DVL","8.5505679643557e-06","0.000374216902500628","0.593325476396405","-0.785600692929956","-2.05148493990121","33","c(""Ubb"", ""Psmb5"", ""Psmb2"", ""Psmb6"", ""Psmb3"", ""Psma5"", ""Psma2"", ""Psme2"", ""Psma1"", ""Psma3"", ""Psma6"", ""Psmb4"", ""Psmc4"", ""Psmd3"", ""Psmd13"", ""Psmc5"", ""Psmb7"")"
"46","REACTOME_CELLULAR_RESPONSE_TO_HYPOXIA","2.16094334772035e-05","0.000785142749671728","0.575610261071129","-0.762767188465903","-2.04920802514647","36","c(""Ubb"", ""Psmb5"", ""Psmb2"", ""Psmb6"", ""Psmb3"", ""Psma5"", ""Psma2"", ""Psme2"", ""Psma1"", ""Psma3"", ""Psma6"", ""Psmb4"", ""Psmc4"", ""Psmd3"", ""Psmd13"", ""Psmc5"", ""Psmb7"")"
"47","REACTOME_INTERLEUKIN_1_FAMILY_SIGNALING","1.69451152366044e-06","0.000100919516208107","0.643551836150722","-0.707519249124762","-2.04807193988538","57","c(""Ubb"", ""Psmb5"", ""Psmb2"", ""Psmb6"", ""Psmb3"", ""Psma5"", ""Psma2"", ""Psme2"", ""Ube2n"", ""Psma1"", ""Psma3"", ""Psma6"", ""Nfkbia"", ""Psmb4"", ""Psmc4"", ""Psmd3"", ""Psmd13"", ""Psmc5"", ""Psmb7"")"
"48","TABULA_MURIS_SENIS_GONADAL_ADIPOSE_TISSUE_MESENCHYMAL_STEM_CELL_OF_ADIPOSE_AGEING","9.48603027846529e-15","3.42504980741837e-12","0.986546283587582","-0.568912937917756","-2.04480629920539","318","c(""Rplp0"", ""Ubb"", ""Rpl13"", ""Rps3"", ""Rps3a1"", ""Rps5"", ""Rps10"", ""Clic1"", ""Fth1"", ""Gapdh"", ""H3f3b"", ""Jund"", ""Rpl4"", ""Gstp1"", ""Atp5d"", ""Rpsa"", ""Eef1d"", ""Erh"", ""Psmb6"", ""Cotl1"", ""Cox5a"", ""Snrpb"", ""Pebp1"", ""Arl6ip1"", ""H2-D1"", ""Fdps"", ""Park7"", ""Psme2"", ""Ostf1"", ""Bsg"", ""Mdh2"", ""Tmem14c"", ""Phb2"", ""Ndufs7"", ""Id3"", ""Ldha"", ""Klf2"", ""Tomm6"", ""Nfkbia"", ""Calm3"", ""Elof1"", ""Mrps24"", ""Psmb4"", ""Eif6"", ""Ube2m"", ""Anp32a"", ""Psmc4"", ""Ppp1r35"", ""Klf13"", ""Adh5"", ""Ssna1"", ""Bcl7c"", ""Dgcr6"", ""Ier2"", ""Mospd3"", ""Ptov1"", ""Prelid1"", 
""Cuedc2"", ""H2-K1"", ""Polr2e"", ""Bst2"", ""Hras"", ""Ctsz"", ""Swi5"", ""Cd52"", ""Pin1"", ""Lsm2"", ""Aldh2"", ""Bag1"", ""Fdx1"", ""Etfb"", ""Sox4"", ""Sp100"", ""Plin2"", ""Mrps18a"", ""Tuba4a"", ""Raly"", ""Eif5a"", ""Ube2e1"", ""Plin3"", ""Ptms"", ""Gadd45gip1"", ""Cd9"", ""Stub1"", ""Exosc5"", ""Mdh1"", ""Smpdl3a"", ""Tagln2"", ""Ifi35"", ""Junb"", ""Sp110"", ""Prr13"", ""Spag7"", ""Mrps12"", ""Mrpl12"", ""Irf7"", ""Capg"", ""Dhrs4"", ""Fkbp2"", ""Snrpa"", ""Sod2"", ""Ift27"", ""Ets1"", ""Cdc123"", ""Ak2"", ""Pih1d1"", ""Tsen34"", ""Sf3b2"", ""Nudc"", ""Rrad"", ""Cacybp"", ""Psmc2"", ""Ift57"", ""Tomm40"", 
""Ehd1"", ""Lysmd2"", ""Irf1"", ""Dtnbp1"", ""Sumo3"", ""Psmd12"", ""Psmd7"", ""Atp5c1"")"
"49","REACTOME_NUCLEAR_EVENTS_MEDIATED_BY_NFE2L2","2.55213249168942e-05","0.000891631991286562","0.575610261071129","-0.765841379017148","-2.04420548490873","35","c(""Ubb"", ""Psmb5"", ""Psmb2"", ""Psmb6"", ""Psmb3"", ""Psma5"", ""Psma2"", ""Psme2"", ""Psma1"", ""Psma3"", ""Psma6"", ""Psmb4"", ""Psmc4"", ""Psmd3"", ""Psmd13"", ""Psmc5"", ""Psmb7"")"
"50","TABULA_MURIS_SENIS_BRAIN_NON_MYELOID_BRAIN_PERICYTE_AGEING","4.77606343756262e-15","2.12240911375379e-12","0.996986217533181","-0.557381022960931","-2.04406680037986","340","c(""Rplp0"", ""Rpl9"", ""Ubb"", ""Rpl13"", ""Rps7"", ""Rps3"", ""H3f3a"", ""Rps2"", ""Rpl11"", ""Rpl17"", ""Rps5"", ""Rbm3"", ""Rpl3"", ""Rps10"", ""Clic1"", ""Fth1"", ""Btf3"", ""Naca"", ""H3f3b"", ""Tmsb4x"", ""Jund"", ""Gstp1"", ""Rpl10a"", ""Rpl18a"", ""Chchd2"", ""Atp5d"", ""Rpsa"", ""Eif3i"", ""Rpl21"", ""Lsm4"", ""Psmb2"", ""Psmb6"", ""Psmb3"", ""Cox5a"", ""Atp5h"", ""Snrpb"", ""Pebp1"", ""Slc25a5"", ""Ndufb8"", ""Ndufb10"", ""Emp3"", ""Ndufb9"", ""Cdkn2d"", ""H2-D1"", ""Park7"", ""Psme2"", ""Dynll1"", ""Bsg"", ""Mdh2"", ""Tmem14c"", ""Phb2"", ""Fxyd5"", ""Ndufs7"", ""Id3"", ""Vasp"", ""Psma1"", ""Psma3"", 
""Ndufv2"", ""Mpc1"", ""Psma6"", ""Tomm6"", ""Nfkbia"", ""Atp5o"", ""Mrps24"", ""Psmb4"", ""Eif6"", ""Ifi27"", ""Rheb"", ""Ube2m"", ""Rps18"", ""Anp32a"", ""Ppp1r35"", ""Klf13"", ""Ssna1"", ""Sdhd"", ""Ndufa9"", ""Bcl7c"", ""Npm1"", ""Dgcr6"", ""Ier2"", ""Rplp1"", ""Mospd3"", ""Psmc5"", ""Ctsl"", ""Pfdn6"", ""Maz"", ""Cuedc2"", ""Anxa2"", ""Nsmce1"", ""U2af1"", ""H2-K1"", ""Polr2e"", ""Bst2"", ""Ctsz"", ""Swi5"", ""Manf"", ""Txndc17"", ""Ndufs8"", ""Timm13"", ""Pin1"", ""Rasgrp2"", ""Lsm2"", ""Commd1"", ""Atp5g3"", ""Cyc1"", ""Etfb"", ""Rpl14"", ""Atp5g2"", ""Mrps18a"", ""Tuba4a"", ""Eif5a"", ""Cdc42ep3"", 
""Hmgn2"", ""Mrpl28"", ""Ptms"", ""Gadd45gip1"", ""Cycs"", ""Idh2"", ""Tomm5"", ""Cd9"", ""Stub1"", ""Nfu1"", ""Mdh1"", ""Tagln2"", ""Chchd10"", ""Junb"", ""Prr13"", ""Spag7"", ""Cxxc5"", ""Mrps12"", ""Capg"", ""Fkbp2"", ""Snrpa"", ""Sod2"", ""Ebna1bp2"", ""Cdc123"", ""Arl6ip4"", ""Ly6d"")"
"51","REACTOME_KEAP1_NFE2L2_PATHWAY","7.43910532767547e-06","0.000333145050216908","0.610526878385931","-0.757228982346882","-2.0430286833871","38","c(""Ubb"", ""Psmb5"", ""Psmb2"", ""Psmb6"", ""Psmb3"", ""Psma5"", ""Psma2"", ""Psme2"", ""Psma1"", ""Psma3"", ""Psma6"", ""Psmb4"", ""Psmc4"", ""Psmd3"", ""Psmd13"", ""Psmc5"", ""Akt1"", ""Psmb7"")"
"52","REACTOME_GLI3_IS_PROCESSED_TO_GLI3R_BY_THE_PROTEASOME","1.03401645761298e-05","0.000436241612955583","0.593325476396405","-0.777305039701707","-2.0428554496069","34","c(""Ubb"", ""Psmb5"", ""Psmb2"", ""Psmb6"", ""Psmb3"", ""Psma5"", ""Psma2"", ""Psme2"", ""Psma1"", ""Psma3"", ""Psma6"", ""Psmb4"", ""Psmc4"", ""Psmd3"", ""Psmd13"", ""Psmc5"", ""Psmb7"")"
"53","BILANGES_SERUM_AND_RAPAMYCIN_SENSITIVE_GENES","1.42102929952943e-05","0.000550958809622922","0.593325476396405","-0.742435430883039","-2.04111628648244","42","c(""Rpl10"", ""Rpl15"", ""Rpl13"", ""Rps7"", ""Rps3"", ""Rpl29"", ""Rps3a1"", ""Rpl8"", ""Rps4x"", ""Rpl18"", ""Rps5"", ""Rps6"", ""Rps10"", ""Eef1a1"", ""Rpl4"", ""Rpl18a"", ""Rpl7a"", ""Rpl5"", ""Eef1b2"", ""Rpl21"", ""Eef1g"", ""Rps16"")"
"54","TABULA_MURIS_SENIS_PANCREAS_PANCREATIC_ALPHA_CELL_AGEING","1.60098848315695e-06","9.83926645446562e-05","0.643551836150722","-0.679086750214093","-2.03668097932787","67","c(""Rplp0"", ""Ubb"", ""Rpl13"", ""Rps3"", ""Rps3a1"", ""Rps4x"", ""Clic1"", ""Fth1"", ""H3f3b"", ""Jund"", ""Eef1a1"", ""Rpl4"", ""Ube2s"", ""Eef1b2"", ""Cotl1"", ""Pebp1"", ""Tuba1a"", ""Bsg"", ""Klf2"", ""Calm3"", ""Ifi27"", ""Psmc4"", ""Ier2"", ""Ptov1"", ""Rpl14"", ""Eif5a"", ""Hmgn2"", ""Ptms"", ""Stub1"", ""Junb"", ""Mrps12"")"
"55","REACTOME_REGULATION_OF_PTEN_STABILITY_AND_ACTIVITY","2.14124959700718e-05","0.000782911324171551","0.575610261071129","-0.752486035643963","-2.03548986891614","37","c(""Ubb"", ""Psmb5"", ""Psmb2"", ""Psmb6"", ""Psmb3"", ""Psma5"", ""Psma2"", ""Psme2"", ""Psma1"", ""Psma3"", ""Psma6"", ""Psmb4"", ""Psmc4"", ""Psmd3"", ""Psmd13"", ""Psmc5"", ""Akt1"", ""Psmb7"", ""Stub1"", ""Psma4"", ""Trim27"")"
"56","REACTOME_HEDGEHOG_ON_STATE","2.96670320656925e-05","0.000996432815369218","0.575610261071129","-0.755933196959336","-2.03084820258095","36","c(""Ubb"", ""Psmb5"", ""Psmb2"", ""Psmb6"", ""Psmb3"", ""Psma5"", ""Psma2"", ""Psme2"", ""Psma1"", ""Psma3"", ""Psma6"", ""Psmb4"", ""Psmc4"", ""Psmd3"", ""Psmd13"", ""Psmc5"", ""Psmb7"")"
"57","REACTOME_ASYMMETRIC_LOCALIZATION_OF_PCP_PROTEINS","1.28875493033132e-05","0.000517023418925279","0.593325476396405","-0.772729871927756","-2.03083133302139","34","c(""Ubb"", ""Psmb5"", ""Psmb2"", ""Psmb6"", ""Psmb3"", ""Psma5"", ""Psma2"", ""Psme2"", ""Psma1"", ""Psma3"", ""Psma6"", ""Psmb4"", ""Psmc4"", ""Psmd3"", ""Psmd13"", ""Psmc5"", ""Psmb7"")"
"58","REACTOME_DEGRADATION_OF_AXIN","1.28875493033132e-05","0.000517023418925279","0.593325476396405","-0.772729871927756","-2.03083133302139","34","c(""Ubb"", ""Psmb5"", ""Psmb2"", ""Psmb6"", ""Psmb3"", ""Psma5"", ""Psma2"", ""Psme2"", ""Psma1"", ""Psma3"", ""Psma6"", ""Psmb4"", ""Psmc4"", ""Psmd3"", ""Psmd13"", ""Psmc5"", ""Psmb7"")"
"59","REACTOME_RUNX1_REGULATES_TRANSCRIPTION_OF_GENES_INVOLVED_IN_DIFFERENTIATION_OF_HSCS","2.86483678965104e-05","0.000967845738819535","0.575610261071129","-0.74035870050907","-2.02740274033394","41","c(""Ubb"", ""Psmb5"", ""Psmb2"", ""Psmb6"", ""Psmb3"", ""Psma5"", ""Psma2"", ""Psme2"", ""Psma1"", ""Psma3"", ""Psma6"", ""Psmb4"", ""Psmc4"", ""Psmd3"", ""Psmd13"", ""Psmc5"", ""Psmb7"")"
"60","TABULA_MURIS_SENIS_MARROW_MEGAKARYOCYTE_ERYTHROID_PROGENITOR_CELL_AGEING","1.26937852258078e-05","0.000516422515841492","0.593325476396405","-0.782254726182982","-2.02616589635382","32","c(""Rpl10"", ""Rps7"", ""Rpl8"", ""Rpl17"", ""Rps6"", ""Rbm3"", ""Fth1"", ""Rpl18a"", ""Cox5a"", ""H2-D1"", ""Rps18"", ""H2-K1"", ""Cd52"")"
"61","REACTOME_CLEC7A_DECTIN_1_SIGNALING","5.67672661431543e-06","0.00027324222175506","0.610526878385931","-0.699214624917345","-2.02055190386573","56","c(""Ubb"", ""Psmb5"", ""Psmb2"", ""Psmb6"", ""Psmb3"", ""Psma5"", ""Psma2"", ""Psme2"", ""Ube2n"", ""Psma1"", ""Psma3"", ""Psma6"", ""Nfkbia"", ""Calm3"", ""Psmb4"", ""Ube2m"", ""Psmc4"", ""Psmd3"", ""Psmd13"", ""Psmc5"", ""Psmb7"")"
"62","TABULA_MURIS_SENIS_LIVER_HEPATOCYTE_AGEING","4.53047521875662e-06","0.000227587437728322","0.610526878385931","-0.692519636476307","-2.01916708503354","58","c(""Gapdh"", ""H3f3b"", ""Tmsb4x"", ""Jund"", ""H2-D1"", ""Fdps"", ""Id3"", ""Ldha"", ""Ifi27"", ""Anp32a"", ""Adh5"", ""Ass1"", ""H2-K1"", ""Swi5"", ""Aldh2"", ""Etfb"", ""Igfbp4"", ""Ptms"")"
"63","REACTOME_REGULATION_OF_RUNX3_EXPRESSION_AND_ACTIVITY","4.37838858804905e-05","0.00140338106501062","0.557332238758646","-0.755704533718381","-2.01714793052847","35","c(""Ubb"", ""Psmb5"", ""Psmb2"", ""Psmb6"", ""Psmb3"", ""Psma5"", ""Psma2"", ""Psme2"", ""Psma1"", ""Psma3"", ""Psma6"", ""Psmb4"", ""Psmc4"", ""Psmd3"", ""Psmd13"", ""Psmc5"", ""Psmb7"")"
"64","REACTOME_FC_EPSILON_RECEPTOR_FCERI_SIGNALING","4.16207657851435e-06","0.000214681396375691","0.610526878385931","-0.668531898368614","-2.01585127675251","68","c(""Ubb"", ""Psmb5"", ""Lat"", ""Psmb2"", ""Psmb6"", ""Psmb3"", ""Psma5"", ""Psma2"", ""Psme2"", ""Ube2n"", ""Psma1"", ""Psma3"", ""Psma6"", ""Nfkbia"", ""Calm3"", ""Psmb4"", ""Psmc4"", ""Psmd3"", ""Psmd13"", ""Psmc5"", ""Psmb7"", ""Hras"")"
"65","REACTOME_C_TYPE_LECTIN_RECEPTORS_CLRS","4.64362876345647e-06","0.000231260718676621","0.610526878385931","-0.667372749183473","-2.01235604732439","68","c(""Ubb"", ""Psmb5"", ""Psmb2"", ""Psmb6"", ""Psmb3"", ""Psma5"", ""Psma2"", ""Psme2"", ""Ube2n"", ""Psma1"", ""Psma3"", ""Psma6"", ""Nfkbia"", ""Calm3"", ""Psmb4"", ""Ube2m"", ""Psmc4"", ""Psmd3"", ""Psmd13"", ""Psmc5"", ""Psmb7"", ""Hras"")"
"66","TABULA_MURIS_SENIS_MARROW_GRANULOCYTE_MONOCYTE_PROGENITOR_CELL_AGEING","7.48193506453175e-07","4.91172032588635e-05","0.659444398037935","-0.648040579671175","-2.01074162686966","87","c(""Rpl13"", ""Rps7"", ""Rbm3"", ""Fth1"", ""Jund"", ""Psmb6"", ""Pebp1"", ""0610010K14Rik"", ""Park7"", ""Bsg"", ""Fxyd5"", ""Tomm6"", ""Elof1"", ""Rheb"", ""Ube2m"", ""Ppp1r35"", ""Bcl7c"", ""Mospd3"", ""Pfdn6"", ""Swi5"", ""Pin1"", ""Rnf126"", ""Lsm2"", ""Atp5g3"", ""Etfb"", ""Rpl14"", ""Atp5g2"", ""AW112010"", ""Gadd45gip1"", ""H2-DMa"", ""Exosc5"", ""Chchd10"", ""Mri1"", ""Prr13"", ""Nubp1"", ""Dhrs4"", ""Snrpa"", ""Ift27"", ""Smco4"", ""Stmn1"")"
"67","GOBP_POSITIVE_REGULATION_OF_NATURAL_KILLER_CELL_MEDIATED_IMMUNITY","2.26400823112646e-05","0.000812693609188263","0.575610261071129","-0.764098629778309","-2.008147342617","34","c(""Sh2d1a"", ""H2-D1"", ""H2-T22"", ""H2-Q4"", ""H2-Q2"", ""H2-K1"", ""Gimap5"", ""H2-T3"", ""H2-Q7"", ""Slamf6"", ""Gimap3"", ""Cd226"")"
"68","REACTOME_CROSS_PRESENTATION_OF_SOLUBLE_EXOGENOUS_ANTIGENS_ENDOSOMES","5.41181902969578e-05","0.00165418404944722","0.557332238758646","-0.751268681514467","-2.00530762827538","35","c(""Psmb5"", ""Psmb2"", ""Psmb6"", ""Psmb3"", ""Psma5"", ""Psma2"", ""Psme2"", ""Psma1"", ""Psma3"", ""Psma6"", ""Psmb4"", ""Psmc4"", ""Psmd3"", ""Psmd13"", ""Psmc5"", ""Psmb7"")"
"69","REACTOME_REGULATION_OF_RUNX2_EXPRESSION_AND_ACTIVITY","5.48570051815579e-05","0.00166794167859926","0.557332238758646","-0.745826990360805","-2.00369742842776","36","c(""Ubb"", ""Psmb5"", ""Psmb2"", ""Psmb6"", ""Psmb3"", ""Psma5"", ""Psma2"", ""Psme2"", ""Psma1"", ""Psma3"", ""Psma6"", ""Psmb4"", ""Psmc4"", ""Psmd3"", ""Psmd13"", ""Psmc5"", ""Psmb7"")"
"70","TABULA_MURIS_SENIS_BROWN_ADIPOSE_TISSUE_MESENCHYMAL_STEM_CELL_OF_ADIPOSE_AGEING","6.85209831949783e-15","2.82746942798135e-12","0.996986217533181","-0.542136166250123","-2.00136980860013","373","c(""Rpl3"", ""Clic1"", ""Sumo2"", ""H3f3b"", ""Jund"", ""Gstp1"", ""Prdx2"", ""Atp5d"", ""Ube2s"", ""Eef1d"", ""Pkm"", ""Eif3i"", ""Lsm4"", ""Psmb2"", ""Vdac2"", ""Psmb6"", ""Cotl1"", ""Atp5h"", ""Psmb9"", ""Snrpb"", ""Pebp1"", ""Slc25a5"", ""Psma5"", ""Ndufb10"", ""Arl6ip1"", ""Psma2"", ""H2-D1"", ""Fdps"", ""Park7"", ""Bsg"", ""Mdh2"", ""Gtf2a2"", ""Phb2"", ""Ndufs7"", ""Psma1"", ""Psma3"", ""Pgk1"", ""Ldha"", ""Ndufv2"", ""Cnbp"", ""Mpc1"", ""Hdac1"", ""Tomm6"", ""Sptssa"", ""Elof1"", ""Mrps24"", ""Eif6"", ""Srsf9"", ""Anp32a"", ""Rnf7"", ""Ssna1"", ""Sdhd"", ""Ndufa9"", ""Bcl7c"", ""Dgcr6"", ""Ier2"", 
""Mospd3"", ""Ptov1"", ""Bub3"", ""Maz"", ""Ube2e3"", ""U2af1"", ""Snrnp40"", ""H2-K1"", ""Polr2e"", ""Hras"", ""Ctsz"", ""Swi5"", ""Pcmt1"", ""Manf"", ""Timm17a"", ""Pin1"", ""Rnf126"", ""Lsm2"", ""Dcps"", ""Aldh2"", ""Fdx1"", ""Cyc1"", ""Ckb"", ""Sfr1"", ""Nsmce4a"", ""Alyref"", ""Etfb"", ""Pycr2"", ""Plin2"", ""Mrpl4"", ""Tuba4a"", ""Raly"", ""Txnl4a"", ""Eif5a"", ""AW112010"", ""Cdc42ep3"", ""Hmgn2"", ""Mrpl28"", ""Ptms"", ""Rdm1"", ""Cycs"", ""Ppp1r2"", ""Cd9"", ""Stub1"", ""Exosc5"", ""Emc8"", ""Smpdl3a"", ""Pgp"", ""Ormdl2"", ""Ifi35"", ""Eif3g"", ""Pdzd11"", ""Junb"", ""Prr13"", ""Spag7"", ""Mrpl41"", 
""Mrpl12"", ""Imp4"", ""Srsf7"", ""Capg"", ""Fkbp2"", ""Yif1b"", ""Snrpa"", ""Cby1"", ""Ebna1bp2"", ""Ift27"", ""Arl6ip4"", ""Smad7"", ""Ak2"", ""Mrps15"", ""Polr2c"", ""Mtx2"", ""Lcmt1"", ""Tsen34"", ""Sf3b2"", ""Bmyc"", ""Atf5"", ""Hibadh"", ""Khk"", ""Psmc2"", ""Ift57"", ""Prdx1"", ""Lysmd2"", ""Irf1"", ""Dtnbp1"", ""Sumo3"", ""Psmd12"", ""Cct3"")"
"71","REACTOME_TCF_DEPENDENT_SIGNALING_IN_RESPONSE_TO_WNT","1.61375500381647e-05","0.000613333069542616","0.575610261071129","-0.704688664130602","-1.99891110619793","50","c(""Ubb"", ""Psmb5"", ""Psmb2"", ""Psmb6"", ""Psmb3"", ""Psma5"", ""Psma2"", ""Psme2"", ""Psma1"", ""Psma3"", ""Psma6"", ""Hdac1"", ""Psmb4"", ""Tcf7"", ""Psmc4"", ""Psmd3"", ""Psmd13"", ""Psmc5"", ""Akt1"", ""Psmb7"", ""Sox4"")"
"72","TABULA_MURIS_SENIS_MARROW_HEMATOPOIETIC_PRECURSOR_CELL_AGEING","4.31700015480937e-06","0.00022070185747198","0.610526878385931","-0.663044536190421","-1.99880943991662","69","c(""Cd3g"", ""Cd3d"", ""Tmsb4x"", ""Ltb"", ""Lat"", ""Sh2d1a"", ""H2-D1"", ""Ostf1"", ""Vasp"", ""H2-Q4"", ""Ms4a6b"", ""Anxa2"", ""H2-K1"", ""Cd52"", ""Msrb1"", ""Cd3e"", ""Tnfrsf18"", ""Ms4a4b"", ""AW112010"", ""Cd9"", ""Prr13"", ""Nkg7"", ""S100a11"", ""Gimap7"", ""Gimap3"", ""Gimap4"", ""Sat1"", ""Glrx"", ""Thy1"", ""Cd8b1"", ""Bcl2a1b"", ""Ctsb"", ""Cd82"")"
"73","REACTOME_STABILIZATION_OF_P53","6.35298298476941e-05","0.00190161568409393","0.538434096309916","-0.74775422323505","-1.99592673676428","35","c(""Ubb"", ""Psmb5"", ""Psmb2"", ""Psmb6"", ""Psmb3"", ""Psma5"", ""Psma2"", ""Psme2"", ""Psma1"", ""Psma3"", ""Psma6"", ""Psmb4"", ""Psmc4"", ""Psmd3"", ""Psmd13"", ""Psmc5"", ""Psmb7"")"
"74","REACTOME_DOWNSTREAM_SIGNALING_EVENTS_OF_B_CELL_RECEPTOR_BCR","1.29907414595668e-05","0.000517569058013225","0.593325476396405","-0.691813161792436","-1.9898063840103","53","c(""Ubb"", ""Psmb5"", ""Psmb2"", ""Psmb6"", ""Psmb3"", ""Psma5"", ""Psma2"", ""Psme2"", ""Psma1"", ""Psma3"", ""Psma6"", ""Nfkbia"", ""Calm3"", ""Psmb4"", ""Psmc4"", ""Psmd3"", ""Psmd13"", ""Psmc5"", ""Psmb7"", ""Hras"")"
"75","REACTOME_SIGNALING_BY_THE_B_CELL_RECEPTOR_BCR","5.83810742292919e-06","0.000276448742477557","0.610526878385931","-0.661854843026374","-1.98499995684333","67","c(""Ubb"", ""Psmb5"", ""Psmb2"", ""Psmb6"", ""Psmb3"", ""Psma5"", ""Psma2"", ""Psme2"", ""Psma1"", ""Psma3"", ""Psma6"", ""Nfkbia"", ""Calm3"", ""Psmb4"", ""Psmc4"", ""Psmd3"", ""Psmd13"", ""Psmc5"", ""Psmb7"", ""Hras"")"
"76","REACTOME_HEDGEHOG_LIGAND_BIOGENESIS","4.41036611194016e-05","0.00140338106501062","0.557332238758646","-0.754606518675213","-1.98320088028263","34","c(""Ubb"", ""Psmb5"", ""Psmb2"", ""Psmb6"", ""Psmb3"", ""Psma5"", ""Psma2"", ""Psme2"", ""Psma1"", ""Psma3"", ""Psma6"", ""Psmb4"", ""Psmc4"", ""Psmd3"", ""Psmd13"", ""Psmc5"", ""Psmb7"")"
"77","TABULA_MURIS_SENIS_BROWN_ADIPOSE_TISSUE_T_CELL_AGEING","4.4455380802656e-05","0.00140338106501062","0.557332238758646","-0.715366321553719","-1.97249493859054","43","c(""Clic1"", ""Tmsb4x"", ""Jund"", ""Cotl1"", ""Park7"", ""Vim"", ""Fxyd5"", ""Id3"", ""Klf13"", ""Sf3b5"", ""Ctsl"", ""Ctsz"", ""Cd3e"", ""Ckb"", ""Atp5g2"", ""Gadd45gip1"", ""Timp2"", ""Prr13"", ""Nkg7"", ""S100a11"", ""Sf3b2"", ""Cst3"", ""Tmed3"")"
"78","TABULA_MURIS_SENIS_SKIN_EPIDERMAL_CELL_AGEING","6.72753221812563e-11","1.25370818142296e-08","0.839088935621274","-0.561232333240251","-1.97162308184279","242","c(""Rplp0"", ""Ubb"", ""Rpl13"", ""Rps7"", ""Rps3"", ""Rps3a1"", ""Rps5"", ""Rpl3"", ""Rps10"", ""Clic1"", ""Jund"", ""Rpl4"", ""Rpl5"", ""Eef1b2"", ""Rpsa"", ""Ltb"", ""Psmb9"", ""Pebp1"", ""0610010K14Rik"", ""Cdkn2d"", ""H2-D1"", ""Bsg"", ""Phb2"", ""Vim"", ""Vasp"", ""Psma6"", ""Tomm6"", ""Nfkbia"", ""Elof1"", ""Psmb4"", ""Ube2m"", ""Srsf9"", ""Psmc4"", ""Rnf7"", ""Ppp1r35"", ""Klf13"", ""Srgn"", ""Ssna1"", ""Bcl7c"", ""Dgcr6"", ""Ier2"", ""Mospd3"", ""Ptov1"", ""Pfdn6"", ""U2af1"", ""H2-K1"", ""Hras"", ""Ctsz"", ""Swi5"", ""Pin1"", ""Rnf126"", ""Lsm2"", ""Mif4gd"", ""Akirin2"", ""Aldh2"", ""Bag1"", ""Sfr1"", 
""Etfb"", ""Igfbp4"", ""Samm50"", ""Atp5g2"", ""Mrps18a"", ""Guk1"", ""Csrp1"", ""Eif5a"", ""AW112010"", ""Mvb12a"", ""Ptms"", ""Gadd45gip1"", ""H2-DMa"", ""Cd9"", ""Stub1"", ""Exosc5"", ""Mdh1"", ""Junb"", ""Mbd3"", ""Prr13"", ""Spag7"", ""Mrps12"", ""Dhrs4"", ""Snrpa"", ""Sod2"", ""Cited2"", ""Smco4"", ""Cdc123"", ""Arl6ip4"", ""Stmn1"")"
"79","TABULA_MURIS_SENIS_BLADDER_BLADDER_CELL_AGEING","2.37330511733828e-08","2.07736116103989e-06","0.73376198835648","-0.573266073094786","-1.97132795102834","175","c(""Rplp0"", ""Rpl9"", ""Rpl10"", ""Rpl19"", ""Rpl13"", ""Rps7"", ""Rps3"", ""Rpl29"", ""Rps3a1"", ""Rpl8"", ""Rps4x"", ""Rpl18"", ""Rps2"", ""Rpl11"", ""Rpl17"", ""Rps5"", ""Rps6"", ""Rps10"", ""Fth1"", ""Naca"", ""H3f3b"", ""Tmsb4x"", ""Eef1a1"", ""Rpl4"", ""Rpl18a"", ""Eif4a1"", ""Chchd2"", ""Rpl5"", ""Eef1b2"", ""Rpsa"", ""Eef1d"", ""Rpl21"", ""Hspa8"", ""Rps16"", ""Tomm20"", ""Rgcc"", ""H2-D1"", ""Ldha"", ""Cnbp"", ""Nfkbia"", ""Tubb2a"")"
"80","REACTOME_MAPK6_MAPK4_SIGNALING","5.66078043284055e-05","0.0017121637989801","0.557332238758646","-0.721069721578696","-1.96594236879506","40","c(""Ubb"", ""Psmb5"", ""Psmb2"", ""Psmb6"", ""Psmb3"", ""Psma5"", ""Psma2"", ""Psme2"", ""Psma1"", ""Psma3"", ""Psma6"", ""Psmb4"", ""Psmc4"", ""Psmd3"", ""Psmd13"", ""Psmc5"", ""Psmb7"")"
"81","TABULA_MURIS_SENIS_BROWN_ADIPOSE_TISSUE_ENDOTHELIAL_CELL_AGEING","2.96196295250707e-06","0.000159918317538629","0.627256739718528","-0.630993198680908","-1.95582969088081","86","c(""Rps5"", ""Rpl3"", ""Jund"", ""Gstp1"", ""Pkm"", ""H2-D1"", ""Park7"", ""Vim"", ""Ddt"", ""Klf2"", ""Tomm6"", ""Psmb4"", ""Ifi27"", ""Ube2m"", ""Cnpy2"", ""Ier2"", ""Mospd3"", ""Ifngr1"", ""H2-K1"", ""Swi5"", ""Ptms"", ""Nab2"", ""Osgep"", ""Cd9"", ""Sephs2"", ""Prr13"", ""Smco4"", ""Smad7"", ""Itm2a"", ""Hexb"")"
"82","GOCC_PROTEASOME_CORE_COMPLEX","3.90558791064902e-06","0.000203266498737112","0.610526878385931","-0.916819457048274","-1.94821535842619","15","c(""Psmb5"", ""Psmb2"", ""Psmb6"", ""Psmb3"", ""Psmb9"", ""Psma5"", ""Psma2"", ""Psma1"", ""Psma3"", ""Psma6"", ""Psmb4"", ""Psmb7"")"
"83","REACTOME_MAPK_FAMILY_SIGNALING_CASCADES","5.72309309890295e-06","0.00027324222175506","0.610526878385931","-0.615224578537559","-1.94621344411361","94","c(""Ubb"", ""Psmb5"", ""Lat"", ""Psmb2"", ""Psmb6"", ""Psmb3"", ""Pebp1"", ""Psma5"", ""Psma2"", ""Psme2"", ""Psma1"", ""Psma3"", ""Psma6"", ""Phb"", ""Calm3"", ""Psmb4"", ""Dusp2"", ""Psmc4"", ""Psmd3"", ""Psmd13"", ""Psmc5"", ""Psmb7"", ""Hras"", ""Dusp10"", ""Cdc42ep3"", ""Kras"", ""Psma4"")"
"84","TABULA_MURIS_SENIS_LUNG_INTERMEDIATE_MONOCYTE_AGEING","2.76739114101959e-09","3.33067054618129e-07","0.774939030136436","-0.553471544772684","-1.9461555559739","224","c(""Rplp0"", ""Rpl10"", ""Rpl19"", ""Rpl15"", ""Rpl13"", ""Rps7"", ""Rps3"", ""Rpl29"", ""Rps3a1"", ""Rpl8"", ""Rps4x"", ""Rpl18"", ""Rps2"", ""Rpl11"", ""Rpl17"", ""Rps5"", ""Rps6"", ""Rbm3"", ""Rps10"", ""Fth1"", ""Gapdh"", ""Naca"", ""Rpl10a"", ""Prdx2"", ""Rpl18a"", ""Rpl7a"", ""Atp5d"", ""Eef1b2"", ""Rpsa"", ""Eef1d"", ""Pkm"", ""Eif3i"", ""Rpl21"", ""Psmb6"", ""Psmb3"", ""Cox5a"", ""Rps16"", ""Atp5h"", ""0610010K14Rik"", ""Ndufb8"", ""Ndufb10"", ""Park7"", ""Tmem14c"", ""Aurkaip1"", ""Pgls"", ""Id3"", ""Pgk1"", ""Ldha"", ""Ddt"", ""Mpc1"", ""Mrps14"", ""Atp5o"", ""Mrps24"", ""Psmb4"", ""Ifi27"", ""Mrpl18"", 
""Snf8"", ""Rps18"", ""Txn1"", ""Cnpy2"", ""Mrpl20"", ""Wdr83os"", ""Aprt"", ""Npm1"", ""Rplp1"", ""Atp5a1"", ""Mrpl34"", ""Ctsl"", ""Pfdn6"", ""Prelid1"", ""Cuedc2"", ""Dnajc15"", ""Swi5"", ""Cd52"", ""Trmt112"", ""Sfr1"", ""Etfb"", ""Rpl14"")"
"85","TABULA_MURIS_SENIS_SPLEEN_CD4_POSITIVE_ALPHA_BETA_T_CELL_AGEING","2.42839926759121e-06","0.000137537868322298","0.627256739718528","-0.59678031914213","-1.94423654764854","117","c(""Rbm3"", ""Clic1"", ""Fth1"", ""Gapdh"", ""Cd3g"", ""H3f3b"", ""Jund"", ""Ltb"", ""Lat"", ""Sh2d1a"", ""Cotl1"", ""H2-D1"", ""Ube2n"", ""Vasp"", ""Tomm6"", ""Nfkbia"", ""Ube2m"", ""Srgn"", ""Ier2"", ""Ndfip1"", ""Anxa2"", ""H2-K1"", ""Polr2e"", ""Ctsz"", ""Tnfrsf18"", ""Batf"", ""Eif5a"", ""AW112010"", ""Plin3"", ""Ptms"", ""H2-DMa"", ""Apobec3"", ""Smpdl3a"", ""Timp2"", ""Junb"", ""Prr13"", ""Capg"", ""Izumo1r"", ""Smco4"", ""Pdcd1"", ""S100a11"", ""Gimap7"", ""Bmyc"")"
"86","REACTOME_ANTIGEN_PROCESSING_CROSS_PRESENTATION","6.41462840524084e-05","0.00191017053077713","0.538434096309916","-0.682106573969507","-1.94214774367568","51","c(""Psmb5"", ""Psmb2"", ""Psmb6"", ""Psmb3"", ""Psma5"", ""Psma2"", ""Psme2"", ""H2-T22"", ""Psma1"", ""Psma3"", ""Psma6"", ""H2-Q4"", ""Psmb4"", ""Psmc4"", ""Psmd3"", ""Psmd13"", ""Psmc5"", ""Psmb7"", ""H2-Q2"", ""H2-K1"", ""Pdia3"", ""Psma4"", ""Calr"", ""H2-Q7"", ""Psmc2"", ""Psmd12"", ""Psmd7"")"
"87","TABULA_MURIS_SENIS_GONADAL_ADIPOSE_TISSUE_ENDOTHELIAL_CELL_AGEING","4.65182721701793e-14","1.41440030698487e-11","0.965327754226083","-0.525661004538325","-1.94156632712672","390","c(""Rplp0"", ""Rpl9"", ""Rpl13"", ""Rps7"", ""Rps3"", ""Rps3a1"", ""Rpl8"", ""Rps4x"", ""Rpl17"", ""Rps5"", ""Rpl3"", ""Rps10"", ""Clic1"", ""Fth1"", ""Btf3"", ""Gapdh"", ""Naca"", ""Tmsb4x"", ""Jund"", ""Gstp1"", ""Atp5d"", ""Ube2s"", ""Rpsa"", ""Psmb5"", ""Erh"", ""Cox5a"", ""Mrfap1"", ""Rgcc"", ""Atp5h"", ""Psmb9"", ""Snrpb"", ""Pebp1"", ""Psma5"", ""Uqcrfs1"", ""Arl6ip1"", ""Tuba1a"", ""Psma2"", ""H2-D1"", ""Park7"", ""Psme2"", ""Ostf1"", ""Bsg"", ""Tmem14c"", ""Phb2"", ""Aurkaip1"", ""Fxyd5"", ""Pgls"", ""Id3"", ""Vasp"", ""Psma3"", ""Cnbp"", ""Tomm6"", ""Nfkbia"", ""H2-Q4"", ""Phb"", ""Mrps14"", ""Tubb2a"", 
""Elof1"", ""Mrps24"", ""Eif6"", ""Rheb"", ""Ube2m"", ""Snf8"", ""Anp32a"", ""Klf13"", ""Cnpy2"", ""Bcl7c"", ""Npm1"", ""Ier2"", ""Ahsa1"", ""Psmc5"", ""Ctsl"", ""Ndfip1"", ""H2-K1"", ""Polr2e"", ""Bst2"", ""Hras"", ""Ctsz"", ""Swi5"", ""Manf"", ""Pdia6"", ""Dpy30"", ""Timm13"", ""Pin1"", ""Lsm2"", ""Commd1"", ""Sfr1"", ""Etfb"", ""Rpl14"", ""Sox4"", ""Samm50"", ""Prdx4"", ""Raly"", ""Rnaseh2c"", ""Prmt1"", ""Txnl4a"", ""Csrp1"", ""Mrps7"", ""Eif5a"", ""AW112010"", ""Ube2e1"", ""Cdc42ep3"", ""Plin3"", ""Ptms"", ""Cycs"", ""Stub1"", ""Exosc5"", ""Nfu1"", ""Mdh1"", ""Smpdl3a"", ""Pnp"", ""Tagln2"", ""Ifi35"", 
""Eif3g"", ""Prr13"", ""Spag7"", ""Irf7"", ""Imp4"", ""Srsf7"", ""Mrps33"", ""Capg"", ""Igtp"", ""Snrpa"", ""Sod2"", ""Ebna1bp2"", ""Ift27"", ""Smco4"", ""Fam162a"", ""Cdc123"", ""Stmn1"", ""Oard1"", ""Mrpl49"", ""Psph"", ""Hexb"", ""Mrps15"", ""Mtdh"", ""Pih1d1"", ""Gnpnat1"", ""Icam2"", ""Magoh"", ""Hprt"")"
"88","REACTOME_TRANSCRIPTIONAL_REGULATION_BY_RUNX2","7.99376897973193e-05","0.00227924056660072","0.538434096309916","-0.694128239805863","-1.93757967565389","45","c(""Ubb"", ""Psmb5"", ""Psmb2"", ""Psmb6"", ""Psmb3"", ""Psma5"", ""Psma2"", ""Psme2"", ""Psma1"", ""Psma3"", ""Psma6"", ""Psmb4"", ""Psmc4"", ""Psmd3"", ""Psmd13"", ""Psmc5"", ""Psmb7"")"
"89","GOBP_REGULATION_OF_NATURAL_KILLER_CELL_MEDIATED_IMMUNITY","8.29541673455165e-05","0.00233768890124414","0.538434096309916","-0.693390567663421","-1.93552054814901","45","c(""Sh2d1a"", ""H2-D1"", ""H2-T22"", ""H2-Q4"", ""H2-Q2"", ""H2-K1"", ""Gimap5"", ""H2-T3"", ""Gfer"", ""Clec2d"", ""H2-Q7"", ""Slamf6"", ""Gimap3"", ""Cd226"")"
"90","REACTOME_TRANSCRIPTIONAL_REGULATION_BY_RUNX1","2.31125253348326e-05","0.000824204067032888","0.575610261071129","-0.648508201855441","-1.93041696961556","64","c(""Ubb"", ""H3f3a"", ""H3f3b"", ""Psmb5"", ""Psmb2"", ""Psmb6"", ""Psmb3"", ""Psma5"", ""Psma2"", ""Psme2"", ""Psma1"", ""Psma3"", ""Psma6"", ""Hdac1"", ""Psmb4"", ""Psmc4"", ""Psmd3"", ""Psmd13"", ""Psmc5"", ""Ctsl"", ""Psmb7"", ""Actl6a"")"
"91","ZHANG_UTERUS_C2_SECRETORY_STROMAL3_RAMP3_HIGH_CELL","2.84842233090612e-06","0.000155239017034383","0.627256739718528","-0.592698394349715","-1.92648040206015","108","c(""Rplp0"", ""Rpl10"", ""Rpl15"", ""Rps6"", ""Gapdh"", ""Eef1a1"", ""Rpl4"", ""Gstp1"", ""Eef1g"", ""Tuba1a"", ""Vim"", ""Sptssa"", ""Tubb2a"", ""Dap"", ""Rps18"", ""Ier2"", ""Ddost"", ""Anxa2"", ""Bst2"", ""Swi5"", ""Pdia6"", ""Arl4c"", ""Ckb"", ""Pgrmc1"", ""Pdia3"", ""Raly"")"
"92","REACTOME_SIGNALING_BY_WNT","2.66904254612752e-05","0.000915084164966977","0.575610261071129","-0.636419824027596","-1.9087165963046","67","c(""Ubb"", ""Psmb5"", ""Psmb2"", ""Psmb6"", ""Psmb3"", ""Psma5"", ""Psma2"", ""Psme2"", ""Psma1"", ""Psma3"", ""Psma6"", ""Hdac1"", ""Calm3"", ""Psmb4"", ""Tcf7"", ""Psmc4"", ""Psmd3"", ""Psmd13"", ""Psmc5"", ""Akt1"", ""Psmb7"", ""Sox4"", ""Kras"", ""Psma4"", ""Cby1"")"
"93","REACTOME_UBIQUITIN_MEDIATED_DEGRADATION_OF_PHOSPHORYLATED_CDC25A","0.000298677249263514","0.00692955208431855","0.49849310876659","-0.710099422925768","-1.90771372722256","36","c(""Ubb"", ""Psmb5"", ""Psmb2"", ""Psmb6"", ""Psmb3"", ""Psma5"", ""Psma2"", ""Psme2"", ""Psma1"", ""Psma3"", ""Psma6"", ""Psmb4"", ""Psmc4"", ""Psmd3"", ""Psmd13"", ""Psmc5"", ""Psmb7"")"
"94","TABULA_MURIS_SENIS_KIDNEY_EPITHELIAL_CELL_OF_PROXIMAL_TUBULE_AGEING","4.69648192895824e-08","3.82134874698475e-06","0.719512826338911","-0.55182784572744","-1.90535768227775","184","c(""Rplp0"", ""Rpl9"", ""Rpl10"", ""Rpl19"", ""Rpl15"", ""Rpl13"", ""Rps7"", ""Rps3"", ""H3f3a"", ""Rpl29"", ""Rps3a1"", ""Rpl8"", ""Rps4x"", ""Rpl18"", ""Rps2"", ""Rpl11"", ""Rpl17"", ""Rps5"", ""Rps6"", ""Rbm3"", ""Rpl3"", ""Rps10"", ""Fth1"", ""Btf3"", ""Sumo2"", ""Naca"", ""H3f3b"", ""Jund"", ""Eef1a1"", ""Rpl4"", ""Rpl10a"", ""Prdx2"", ""Rpl18a"", ""Rpl7a"", ""Rpl5"", ""Eef1b2"", ""Rpsa"", ""Eef1d"", ""Eif3i"", ""Rpl21"", ""Eef1g"", ""Cox5a"", ""Mrfap1"", ""Rps16"", ""Tomm20"", ""Srsf3"", ""Ndufb9"", ""Pgls"", ""Ldha"", ""Ddt"", ""Mpc1"", ""Tomm6"", ""Sptssa"", ""Mrps24"", ""Ifi27"", ""Rps18"", ""Txn1"", 
""Anp32a"", ""Rnf7"", ""Npm1"", ""Rplp1"", ""Mrpl34"", ""Ass1"", ""Polr2e"", ""Swi5"", ""Txndc17"")"
"95","WP_PROTEASOME_DEGRADATION","0.000399002184932226","0.00835157834186039","0.49849310876659","-0.733970503113674","-1.89911021820629","31","c(""Ubb"", ""Psmb5"", ""Psmb2"", ""Psmb6"", ""Psmb9"", ""Psma5"", ""Psma2"", ""Psme2"", ""Psma3"", ""Psma6"", ""Psmb4"", ""Psmc4"", ""Psmd3"", ""Psmd13"", ""Psmc5"", ""Psmb7"")"
"96","TABULA_MURIS_SENIS_BRAIN_NON_MYELOID_ASTROCYTE_AGEING","1.60500677522885e-07","1.15901551756213e-05","0.690132458796796","-0.559852071171252","-1.89893922377115","169","c(""Rplp0"", ""Ubb"", ""Rpl13"", ""Rps3"", ""H3f3b"", ""Tmsb4x"", ""Jund"", ""Rpl4"", ""Gstp1"", ""Rpl18a"", ""Sap18"", ""Psmb6"", ""Cotl1"", ""Cox5a"", ""Psmb9"", ""Snrpb"", ""Ndufb9"", ""H2-D1"", ""Park7"", ""Dynll1"", ""Mdh2"", ""Tmem14c"", ""Cct5"", ""Vim"", ""Aurkaip1"", ""Ddt"", ""Mpc1"", ""Tomm6"", ""Calm3"", ""Psmb4"", ""Eif6"", ""Ifi27"", ""Rheb"", ""Ssna1"", ""Sf3b5"", ""Npm1"", ""Ctsl"", ""Pfdn6"", ""Bub3"", ""Ifngr1"", ""Cuedc2"", ""Nsmce1"", ""H2-K1"", ""Swi5"", ""Sfr1"", ""Etfb"", ""Kti12"", ""Eif5a"", ""Hmgn2"", ""Ptms"", ""Gadd45gip1"", ""Idh2"", ""Mdh1"", ""Tagln2"", ""Chchd10"", ""Mrps12"", 
""Capg"", ""Phf5a"", ""Fkbp2"", ""Sod2"", ""Ift27"", ""Stmn1"", ""Ly6d"", ""Gfer"", ""Hprt"", ""Sf3b2"", ""Ube2l3"", ""Mrps11"")"
"97","TABULA_MURIS_SENIS_SKIN_BULGE_KERATINOCYTE_AGEING","1.65932760708576e-13","4.56473123149258e-11","0.943632225232838","-0.515237261419382","-1.89652704421056","395","c(""Rplp0"", ""Rpl9"", ""Ubb"", ""Rpl10"", ""Rpl19"", ""Rpl13"", ""Rps7"", ""Rps3"", ""Rps3a1"", ""Rpl8"", ""Rps4x"", ""Rpl18"", ""Rpl11"", ""Rpl17"", ""Rps5"", ""Rpl3"", ""Rps10"", ""Clic1"", ""Fth1"", ""Btf3"", ""Sumo2"", ""Naca"", ""Tmsb4x"", ""Jund"", ""Rpl4"", ""Gstp1"", ""Rpl10a"", ""Rpl18a"", ""Chchd2"", ""Rpl7a"", ""Atp5d"", ""Rpl5"", ""Ube2s"", ""Eef1b2"", ""Rpsa"", ""Psmb5"", ""Eef1d"", ""Rpl21"", ""Lsm4"", ""Psmb2"", ""Erh"", ""Psmb6"", ""Cotl1"", ""Psmb3"", ""Cox5a"", ""Rps16"", ""Atp5h"", ""Snrpb"", ""Pebp1"", ""0610010K14Rik"", ""Ndufb8"", ""Ndufb10"", ""Emp3"", ""Ndufb9"", ""Psma2"", ""H2-D1"", 
""Park7"", ""Psme2"", ""Dynll1"", ""Bsg"", ""Cmtm7"", ""Tmem14c"", ""Phb2"", ""Vim"", ""Aurkaip1"", ""Pgls"", ""Ndufs7"", ""Id3"", ""Ndufv2"", ""Glrx5"", ""Mpc1"", ""Klf2"", ""Psma6"", ""Tomm6"", ""Mrps14"", ""Atp5o"", ""Calm3"", ""Elof1"", ""Mrps24"", ""Psmb4"", ""Ifi27"", ""Mrpl18"", ""Ube2m"", ""Rps18"", ""Anp32a"", ""Ppp1r35"", ""Cnpy2"", ""Ssna1"", ""Sf3b5"", ""Wdr83os"", ""Aprt"", ""Bcl7c"", ""Npm1"", ""Dgcr6"", ""Ier2"", ""Rplp1"", ""Mospd3"", ""Ndufc2"", ""Ctsl"", ""Pfdn6"", ""Pafah1b3"", ""Prelid1"", ""U2af1"", ""H2-K1"", ""Polr2e"", ""Hras"", ""Ctsz"", ""Swi5"", ""Manf"", ""Dpy30"", ""Txndc17"", 
""Ndufs8"", ""Timm13"", ""Trmt112"", ""Pin1"", ""Rnf126"", ""Lsm2"", ""Commd1"", ""Atp5g3"", ""Ndufab1"", ""Etfb"", ""Rpl14"", ""Atp5g2"", ""Rnaseh2c"", ""Eif5a"", ""Cdc42ep3"", ""Hmgn2"", ""Mrpl28"", ""Ptms"", ""Gadd45gip1"", ""Cycs"", ""H2-DMa"", ""Cd9"", ""Stub1"", ""Exosc5"", ""Nme1"", ""Ifi35"", ""Eif3g"", ""Mrpl27"", ""Prr13"", ""Spag7"", ""Mrpl41"", ""Mrps12"", ""Mrpl12"", ""Lage3"", ""Plp2"", ""Capg"", ""Dhrs4"", ""Fkbp2"", ""Snrpa"", ""Cited2"", ""Ebna1bp2"", ""Ift27"", ""Smco4"", ""Arl6ip4"", ""Stmn1"", ""Ly6d"")"
"98","REACTOME_BETA_CATENIN_INDEPENDENT_WNT_SIGNALING","9.36943540900063e-05","0.00258981953865056","0.538434096309916","-0.675254078186023","-1.892681842629","48","c(""Ubb"", ""Psmb5"", ""Psmb2"", ""Psmb6"", ""Psmb3"", ""Psma5"", ""Psma2"", ""Psme2"", ""Psma1"", ""Psma3"", ""Psma6"", ""Calm3"", ""Psmb4"", ""Psmc4"", ""Psmd3"", ""Psmd13"", ""Psmc5"", ""Psmb7"")"
"99","TABULA_MURIS_SENIS_LUNG_FIBROBLAST_OF_LUNG_AGEING","1.03116311472729e-05","0.000436241612955583","0.593325476396405","-0.584246925436977","-1.89196531383857","104","c(""Ubb"", ""Fth1"", ""H3f3b"", ""Tmsb4x"", ""Gstp1"", ""Snrpb"", ""Pebp1"", ""Slc25a5"", ""Ndufb8"", ""H2-D1"", ""Park7"", ""Bsg"", ""Vdac3"", ""Id3"", ""Psma3"", ""Ddt"", ""Psma6"", ""Nfkbia"", ""H2-Q4"", ""Ctsl"", ""H2-K1"", ""Bst2"", ""Ctsz"", ""Swi5"", ""Manf"", ""Rasgrp2"", ""Aldh2"", ""Cyc1"", ""Etfb"", ""Slc3a2"", ""Stub1"", ""Mdh1"", ""Prr13"", ""Trappc1"", ""Mtdh"", ""Tsen34"", ""Sf3b2"", ""Psmc2"", ""Cdkn2c"", ""G0s2"", ""Tmed3"")"
"100","TABULA_MURIS_SENIS_MAMMARY_GLAND_BASAL_CELL_AGEING","6.50683398740349e-07","4.37092790060813e-05","0.659444398037935","-0.573765588685781","-1.8895990337612","134","c(""Ubb"", ""Rpl3"", ""H3f3b"", ""Jund"", ""Hspa8"", ""Rgcc"", ""H2-D1"", ""Bsg"", ""Vim"", ""Id3"", ""Klf2"", ""Tubb2a"", ""Anp32a"", ""Klf13"", ""Bcl7c"", ""Ier2"", ""Ptov1"", ""Ctsl"", ""Ier5"", ""H2-K1"", ""Aldh2"", ""Csrp1"", ""Ptms"", ""Timp2"", ""Junb"", ""Gem"", ""Ly6d"", ""Smad7"", ""Sgk1"", ""Sf3b2"", ""Marcksl1"", ""Cst3"", ""Irf1"", ""Psap"", ""Fam110a"", ""Socs3"", ""Nxn"", ""Arid5b"", ""Pim1"", ""Arid5a"")"
"101","REACTOME_TRANSCRIPTIONAL_REGULATION_BY_RUNX3","0.000135721460789567","0.0035801957944353","0.518848077743792","-0.673390529102625","-1.88583558255432","47","c(""Ubb"", ""Psmb5"", ""Psmb2"", ""Psmb6"", ""Psmb3"", ""Psma5"", ""Psma2"", ""Psme2"", ""Psma1"", ""Psma3"", ""Psma6"", ""Psmb4"", ""Tcf7"", ""Psmc4"", ""Psmd3"", ""Psmd13"", ""Psmc5"", ""Psmb7"")"
"102","GOBP_SINGLE_FERTILIZATION","0.000516137527838959","0.0101419268650533","0.477270815362862","-0.728301389575001","-1.88444168397529","31","c(""H3f3a"", ""H3f3b"", ""Vdac2"", ""Cct4"", ""Park7"", ""Cct5"", ""Cct2"", ""Cct7"", ""Cd9"", ""Cct8"", ""Izumo1r"", ""Hexb"", ""Tpst2"")"
"103","TABULA_MURIS_SENIS_MARROW_MACROPHAGE_AGEING","4.88761670777208e-06","0.000241331296758969","0.610526878385931","-0.578478855806514","-1.88114204615684","113","c(""Rpl13"", ""Rpl18"", ""Rbm3"", ""Clic1"", ""Tmsb4x"", ""Atp5d"", ""Ube2s"", ""Pkm"", ""Lsm4"", ""Psmb6"", ""Psmb3"", ""Cox5a"", ""Ndufb10"", ""Emp3"", ""Ndufb9"", ""Cdkn2d"", ""Bsg"", ""Tmem14c"", ""Phb2"", ""Ndufs7"", ""Ldha"", ""Phb"", ""Elof1"", ""Psmb4"", ""Eif6"", ""Mrpl18"", ""Ube2m"", ""Srsf9"", ""Mrpl20"", ""Ssna1"", ""Aprt"", ""Prelid1"", ""Anxa2"", ""Timm13"", ""Cd52"", ""Msrb1"", ""Cyc1"", ""Rpl14"", ""Eif5a"", ""AW112010"", ""Cycs"", ""Exosc5"", ""Pgp"", ""Chchd10"", ""Psma4"", ""Prr13"", ""Mrps12"", ""Nubp1"", ""Fkbp2"", ""Ctsc"")"
"104","BILANGES_SERUM_RESPONSE_TRANSLATION","0.000541826362432061","0.0105747665397636","0.477270815362862","-0.778604436347978","-1.87815678727118","23","c(""Rpl10"", ""Rps7"", ""Rps3"", ""Rpl29"", ""Rps4x"", ""Rps5"", ""Rps6"", ""Eef1a1"", ""Rpl4"", ""Rpl18a"", ""Eef1b2"", ""Rpl21"", ""Eef1g"")"
"105","ZENG_GU_ICB_CONTROL_METAGENE_25_PRECICTIVE_ICB_RESPONSE","6.03411665761136e-07","4.10106963894363e-05","0.659444398037935","-0.565357673656542","-1.87268543277209","136","c(""Cd3g"", ""Cd3d"", ""Ltb"", ""Lat"", ""Sh2d1a"", ""H2-D1"", ""Psme2"", ""Cd8a"", ""Fxyd5"", ""H2-Q4"", ""Cd27"", ""S1pr4"", ""H2-K1"", ""Cd52"", ""Cd3e"", ""Zbp1"", ""H2-DMa"", ""Gpr171"", ""Nkg7"", ""Cd4"", ""Ctsw"", ""Pdcd1"", ""H2-Q7"", ""Slamf6"", ""Rrad"", ""Gimap3"", ""Plekho1"", ""Icos"", ""Gimap4"", ""Cd7"", ""Gng2"", ""Ncf4"", ""Lcp2"", ""Cd8b1"", ""Bcl2a1d"", ""Bcl2a1b"", ""Tnfrsf4"", ""Ctsb"")"
"106","REACTOME_UCH_PROTEINASES","0.000341995260912213","0.00739965027074852","0.49849310876659","-0.684325150659436","-1.86576105951027","40","c(""Ubb"", ""Psmb5"", ""Psmb2"", ""Psmb6"", ""Psmb3"", ""Psma5"", ""Psma2"", ""Psme2"", ""Psma1"", ""Psma3"", ""Psma6"", ""Psmb4"", ""Psmc4"", ""Psmd3"", ""Psmd13"", ""Psmc5"", ""Psmb7"", ""Actl6a"")"
"107","GOBP_CELLULAR_ALDEHYDE_METABOLIC_PROCESS","0.00035243337571205","0.00756880152969706","0.49849310876659","-0.750907654074825","-1.86418407511303","26","c(""Gapdh"", ""Park7"", ""Mdh2"", ""Glo1"", ""Pgk1"", ""Pgam1"", ""Adh5"", ""Aldh2"", ""Idh2"", ""Mdh1"", ""Dhrs4"")"
"108","REACTOME_COSTIMULATION_BY_THE_CD28_FAMILY","0.000706483358293238","0.0131656592285808","0.477270815362862","-0.720314130393355","-1.86377506935934","31","c(""Cd3g"", ""Cd3d"", ""Trbc2"", ""Cd28"", ""Cd247"", ""Trbc1"", ""Akt1"", ""Cd3e"", ""Cd4"", ""Pdcd1"")"
"109","BOYLAN_MULTIPLE_MYELOMA_PCA1_UP","6.72514749715333e-05","0.00198220291280892","0.538434096309916","-0.610539520304245","-1.86298774411899","77","c(""Cd3d"", ""Ltb"", ""Trbc1"", ""H2-Q2"", ""Zbp1"", ""Ms4a4b"", ""Plin3"", ""Cd9"", ""Trdc"", ""Nkg7"", ""Ctsw"", ""Slfn1"", ""Gimap4"", ""Isg20"", ""Tmem176a"", ""Fyb"", ""Basp1"", ""Ly6c1"", ""Cxcr6"", ""Zbtb16"", ""Pglyrp1"", ""Epcam"")"
"110","GOMF_MHC_PROTEIN_BINDING","0.000412324988246463","0.00859928323862749","0.49849310876659","-0.754204423113336","-1.85639383644236","25","c(""H2-D1"", ""H2-T22"", ""H2-Q4"", ""Atp5a1"", ""H2-Q2"", ""H2-K1"", ""Atp5b"", ""Pdia3"", ""H2-T3"", ""Cd4"", ""H2-Q7"")"
"111","TABULA_MURIS_SENIS_BLADDER_BLADDER_UROTHELIAL_CELL_AGEING","1.369323799723e-05","0.000534498891283767","0.593325476396405","-0.592617704341267","-1.856310917723","92","c(""Ubb"", ""Rpl10"", ""Rpl19"", ""Rps3"", ""Rbm3"", ""Rps10"", ""Fth1"", ""Gstp1"", ""Rpl5"", ""Eef1d"", ""Pebp1"", ""Srsf3"", ""H2-D1"", ""Dynll1"", ""Tubb2a"", ""Eif6"", ""Rheb"", ""Rplp1"", ""H2-K1"", ""Mif4gd"", ""Fdx1"", ""Plin2"", ""Slc3a2"", ""Tuba4a"", ""Eif5a"", ""Ptms"", ""Cycs"", ""Cd9"", ""Tagln2"", ""Prr13"", ""Srsf7"")"
"112","TABULA_MURIS_SENIS_KIDNEY_MACROPHAGE_AGEING","5.29681132967816e-05","0.00162764250274206","0.557332238758646","-0.607255733535602","-1.84997104462149","76","c(""Rpl10"", ""H3f3a"", ""Rbm3"", ""Jund"", ""Prdx2"", ""Cox5a"", ""Atp5h"", ""Slc25a5"", ""Emp3"", ""Vim"", ""Pgk1"", ""Klf2"", ""Txn1"", ""Msrb1"", ""Aldh2"", ""AB124611"", ""AW112010"", ""Smpdl3a"", ""Junb"", ""Prr13"", ""Capg"", ""Sod2"", ""Sp140"")"
"113","GOBP_ACUTE_INFLAMMATORY_RESPONSE","0.000188976097574165","0.0048093168091892","0.518848077743792","-0.633639719344675","-1.83852889637551","54","c(""Gstp1"", ""H2-D1"", ""Park7"", ""H2-T22"", ""H2-Q4"", ""H2-Q2"", ""H2-K1"", ""H2-T3"", ""H2-Q7"", ""Ccr7"", ""Prcp"", ""Ephb6"", ""Icam1"", ""Tnfsf11"", ""Lbp"", ""Il4"", ""Pparg"")"
"114","GOCC_PROTEASOME_COMPLEX","0.000778456961022317","0.0141865800120692","0.477270815362862","-0.68394225702017","-1.8374413359879","36","c(""Psmb5"", ""Psmb2"", ""Psmb6"", ""Psmb3"", ""Psmb9"", ""Psma5"", ""Psma2"", ""Psma1"", ""Psma3"", ""Psma6"", ""Psmb4"", ""Psmc4"", ""Psmd3"", ""Psmd13"", ""Txnl1"", ""Psmc5"", ""Psmb7"", ""Rad23a"", ""Psma4"")"
"115","GOBP_ANTIGEN_RECEPTOR_MEDIATED_SIGNALING_PATHWAY","0.000108900239836054","0.00296753153553246","0.538434096309916","-0.603394799340123","-1.83674742119245","75","c(""Rps3"", ""Lat"", ""Sh2d1a"", ""Cd8a"", ""Ube2n"", ""Cd28"", ""Cd247"", ""Nfkbia"", ""Hras"", ""Cd3e"", ""Ighm"", ""Ada"", ""Bcl2"", ""Cd226"", ""Cd79b"", ""Ccr7"", ""Stoml2"", ""Lcp2"", ""Thy1"", ""Bcl2a1d"", ""Themis"", ""Lax1"", ""Blk"", ""Fyb"", ""Bcl10"", ""Eif2b1"", ""Fcho1"", ""Eif2b5"", ""Nfkb1"", ""Lgals3"", ""Cd160"", ""Card11"", ""Foxp1"", ""Prnp"", ""Nfkbiz"")"
"116","GALINDO_IMMUNE_RESPONSE_TO_ENTEROTOXIN","0.00021795257900415","0.00538082072182469","0.518848077743792","-0.635804148838107","-1.82849933718834","52","c(""Ubb"", ""Gapdh"", ""Pkm"", ""Nfkbia"", ""Dusp2"", ""Nab2"", ""Junb"", ""Marcksl1"", ""Ehd1"", ""Socs3"", ""Pim1"", ""Glrx"", ""Dusp1"", ""Bcl10"", ""Traf1"", ""Cebpb"")"
"117","REACTOME_HEDGEHOG_OFF_STATE","0.000249766877770112","0.00593787346863349","0.49849310876659","-0.634006213730816","-1.82354092297867","53","c(""Ubb"", ""Psmb5"", ""Psmb2"", ""Psmb6"", ""Psmb3"", ""Psma5"", ""Tuba1a"", ""Psma2"", ""Psme2"", ""Psma1"", ""Psma3"", ""Psma6"", ""Tubb2a"", ""Psmb4"", ""Psmc4"", ""Tubb2b"", ""Psmd3"", ""Psmd13"", ""Psmc5"", ""Psmb7"")"
"118","GOMF_VOLTAGE_GATED_CHANNEL_ACTIVITY","0.000315755853284173","0.00704294040317632","0.49849310876659","-0.650539079634512","-1.82340772713649","48","c(""Clic1"", ""Vdac2"", ""Vdac3"")"
"119","REACTOME_CLASS_I_MHC_MEDIATED_ANTIGEN_PROCESSING_PRESENTATION","3.02963061324754e-05","0.00100587218693857","0.575610261071129","-0.558186795065636","-1.82335689173588","110","c(""Ubb"", ""Ube2s"", ""Psmb5"", ""Psmb2"", ""Psmb6"", ""Psmb3"", ""Psma5"", ""Psma2"", ""Psme2"", ""H2-T22"", ""Ube2n"", ""Psma1"", ""Psma3"", ""Psma6"", ""H2-Q4"", ""Psmb4"", ""Ube2m"", ""Psmc4"", ""Rnf7"", ""Psmd3"", ""Ube2a"", ""Psmd13"", ""Psmc5"", ""Ube2e3"", ""Psmb7"", ""H2-Q2"", ""H2-K1"", ""Rnf126"", ""Pdia3"", ""Ube2e1"", ""Stub1"", ""Blmh"", ""Psma4"", ""Ube2c"", ""Calr"", ""H2-Q7"", ""Ube2l3"", ""Anapc5"", ""Psmc2"", ""Fbxw7"", ""Psmd12"", ""Psmd7"", ""Socs3"")"
"120","TABULA_MURIS_SENIS_LIVER_MYELOID_LEUKOCYTE_AGEING","0.00191244473515262","0.0286222622667789","0.45505986738723","-0.712221827939849","-1.82119856024351","29","c(""Jund"", ""Id3"", ""Cd52"", ""AW112010"", ""Junb"", ""Sp140"", ""Rilpl2"", ""Pim1"", ""Ifrd1"")"
"121","REACTOME_APC_C_CDH1_MEDIATED_DEGRADATION_OF_CDC20_AND_OTHER_APC_C_CDH1_TARGETED_PROTEINS_IN_LATE_MITOSIS_EARLY_G1","0.000340848680358115","0.00739965027074852","0.49849310876659","-0.648418378576586","-1.81746357586714","48","c(""Ubb"", ""Ube2s"", ""Psmb5"", ""Psmb2"", ""Psmb6"", ""Psmb3"", ""Psma5"", ""Psma2"", ""Psme2"", ""Psma1"", ""Psma3"", ""Psma6"", ""Psmb4"", ""Psmc4"", ""Psmd3"", ""Psmd13"", ""Psmc5"", ""Psmb7"")"
"122","GOCC_ORGANELLAR_RIBOSOME","0.000224506957665839","0.00548678217550723","0.518848077743792","-0.627648617081218","-1.81686861854585","57","c(""Aurkaip1"", ""Mrps14"", ""Mrps24"", ""Mrpl18"", ""Mrpl20"", ""Mrpl34"", ""Mrpl11"", ""Mrps17"", ""Mrps34"", ""Mrps18a"", ""Mrps28"", ""Mrpl4"", ""Mrps7"", ""Mrpl28"", ""Gadd45gip1"", ""Mrpl27"", ""Mrpl41"", ""Mrps12"", ""Mrpl12"", ""Mrps33"", ""Mrpl15"", ""Mrpl40"", ""Mrpl55"", ""Mrpl49"", ""Mrps15"", ""Mrps11"", ""Mrpl14"", ""Mrpl54"", ""Mrpl46"", ""Mrpl21"", ""Mrps10"")"
"123","TABULA_MURIS_SENIS_BRAIN_NON_MYELOID_INTERNEURON_AGEING","0.000311103403841798","0.00700727262183064","0.49849310876659","-0.792175770251726","-1.81177743399438","20","c(""Rplp0"", ""H3f3b"", ""Jund"", ""H2-D1"", ""Bsg"", ""H2-K1"", ""Atp5b"")"
"124","TABULA_MURIS_SENIS_KIDNEY_KIDNEY_DISTAL_CONVOLUTED_TUBULE_EPITHELIAL_CELL_AGEING","0.000369754900385436","0.00789604998268795","0.49849310876659","-0.61134097329408","-1.81065463103755","61","c(""Rplp0"", ""Rpl9"", ""Rpl10"", ""Rpl13"", ""Rps3"", ""Rps3a1"", ""Rps4x"", ""Rps2"", ""Rpl17"", ""Rps6"", ""Rbm3"", ""Rps10"", ""Tmsb4x"", ""Eef1a1"", ""Rpl4"", ""Rpl18a"", ""Rpl7a"", ""Rpl21"", ""Hspa8"", ""Rps16"", ""H2-D1"", ""Ifi27"", ""Rplp1"", ""H2-K1"", ""Manf"", ""Rpl14"", ""Sox4"", ""Csrp1"", ""Ywhaq"")"
"125","REACTOME_MITOCHONDRIAL_TRANSLATION","0.000225402845052952","0.00548678217550723","0.518848077743792","-0.616385931581721","-1.80899794825875","59","c(""Aurkaip1"", ""Mrps14"", ""Mrps24"", ""Mrpl18"", ""Mrpl20"", ""Mrpl34"", ""Mrpl11"", ""Mrps17"", ""Mrps34"", ""Mrps18a"", ""Mrps28"", ""Mrpl4"", ""Mrps7"", ""Mrpl28"", ""Gadd45gip1"", ""Mrpl27"", ""Mrpl41"", ""Mrps12"", ""Mrpl12"", ""Mrps33"", ""Mrpl15"", ""Mrpl40"", ""Mrpl55"", ""Mrpl49"", ""Mrps15"", ""Mrps11"", ""Mrpl14"", ""Mrpl54"", ""Mrpl46"", ""Mrpl21"", ""Mrps10"")"
"126","REACTOME_AUF1_HNRNP_D0_BINDS_AND_DESTABILIZES_MRNA","0.000652491734971758","0.0123994893188548","0.477270815362862","-0.667717876594515","-1.80863599544854","39","c(""Ubb"", ""Psmb5"", ""Psmb2"", ""Hspa8"", ""Psmb6"", ""Psmb3"", ""Psma5"", ""Psma2"", ""Psme2"", ""Psma1"", ""Psma3"", ""Psma6"", ""Psmb4"", ""Psmc4"", ""Psmd3"", ""Psmd13"", ""Psmc5"", ""Psmb7"")"
"127","ZHANG_UTERUS_C8_NK_CELL","7.92221388297025e-05","0.00227694674636414","0.538434096309916","-0.571490131415009","-1.80786304016338","94","c(""Rpl13"", ""Rps3"", ""Rps6"", ""Rbm3"", ""Rpl3"", ""Clic1"", ""H3f3b"", ""Tmsb4x"", ""Eef1a1"", ""Rpl4"", ""Rpl18a"", ""Rpsa"", ""Cotl1"", ""Rps16"", ""H2-D1"", ""Psme2"", ""Ostf1"", ""Cmtm7"", ""Ubald2"", ""Fxyd5"", ""Cnbp"", ""Rps18"", ""Trbc1"", ""Srgn"", ""Ifngr1"", ""Anxa2"", ""H2-K1"", ""Cd52"", ""Sp100"", ""Ms4a4b"", ""AW112010"")"
"128","REACTOME_SIGNALING_BY_INTERLEUKINS","4.83007407794646e-05","0.00150017945958585","0.557332238758646","-0.557876274698185","-1.80577391597751","103","c(""Ubb"", ""Psmb5"", ""Psmb2"", ""Psmb6"", ""Psmb3"", ""Psma5"", ""Psma2"", ""Psme2"", ""Ube2n"", ""Psma1"", ""Psma3"", ""Psma6"", ""Nfkbia"", ""Psmb4"", ""Psmc4"", ""Psmd3"", ""Psmd13"", ""Psmc5"", ""Psmb7"")"
"129","TABULA_MURIS_SENIS_LUNG_TYPE_II_PNEUMOCYTE_AGEING","0.00199604459546187","0.0295670503281621","0.431707695803346","-0.754377085516764","-1.80203475405108","22","c(""Clic1"", ""Fth1"", ""Gapdh"", ""Naca"", ""Jund"", ""Rpsa"", ""H2-D1"", ""Klf2"", ""Tomm6"", ""Rheb"", ""H2-K1"", ""Eif5a"", ""Prr13"")"
"130","REACTOME_ABC_FAMILY_PROTEINS_MEDIATED_TRANSPORT","0.00157710682020569","0.0245578062003457","0.45505986738723","-0.64828637694893","-1.80164860921721","44","c(""Ubb"", ""Psmb5"", ""Psmb2"", ""Psmb6"", ""Psmb3"", ""Psma5"", ""Psma2"", ""Psme2"", ""Psma1"", ""Psma3"", ""Psma6"", ""Psmb4"", ""Psmc4"", ""Psmd3"", ""Psmd13"", ""Psmc5"", ""Psmb7"")"
"131","REACTOME_ANTIGEN_PROCESSING_UBIQUITINATION_PROTEASOME_DEGRADATION","8.68147057639199e-05","0.00242284326182689","0.538434096309916","-0.579133469616474","-1.79693650583143","87","c(""Ubb"", ""Ube2s"", ""Psmb5"", ""Psmb2"", ""Psmb6"", ""Psmb3"", ""Psma5"", ""Psma2"", ""Psme2"", ""Ube2n"", ""Psma1"", ""Psma3"", ""Psma6"", ""Psmb4"", ""Ube2m"", ""Psmc4"", ""Rnf7"", ""Psmd3"", ""Ube2a"", ""Psmd13"", ""Psmc5"", ""Ube2e3"", ""Psmb7"", ""Rnf126"", ""Ube2e1"", ""Stub1"", ""Blmh"", ""Psma4"", ""Ube2c"", ""Ube2l3"", ""Anapc5"", ""Psmc2"", ""Fbxw7"", ""Psmd12"", ""Psmd7"", ""Socs3"")"
"132","REACTOME_NEDDYLATION","0.000212673045429822","0.00527301366286731","0.518848077743792","-0.598917493357094","-1.79463256984992","66","c(""Ubb"", ""Psmb5"", ""Psmb2"", ""Psmb6"", ""Psmb3"", ""Psma5"", ""Psma2"", ""Psme2"", ""Psma1"", ""Psma3"", ""Psma6"", ""Psmb4"", ""Ube2m"", ""Psmc4"", ""Rnf7"", ""Psmd3"", ""Psmd13"", ""Psmc5"", ""Psmb7"", ""Commd1"", ""Cops4"")"
"133","ZHANG_UTERUS_C1_PROLIFERATIVE_STROMAL1_MGP_HIGH_CELL","5.92508674480275e-06","0.000278286391257931","0.610526878385931","-0.538962430813296","-1.79442110392442","140","c(""Rplp0"", ""Rpl10"", ""Rpl15"", ""Rpl11"", ""Rps6"", ""Gapdh"", ""Eef1a1"", ""Rpl4"", ""Gstp1"", ""Eef1g"", ""Tuba1a"", ""Vim"", ""Sptssa"", ""Tubb2a"", ""Dap"", ""Rps18"", ""Cnpy2"", ""Ier2"", ""Ctsl"", ""Ddost"", ""Anxa2"", ""Bst2"", ""Swi5"", ""Pdia6"", ""Arl4c"", ""Ckb"", ""Sox4"", ""Pgrmc1"", ""Pdia3"", ""Raly"", ""Pnp"", ""Timp2"", ""Chchd10"")"
"134","GOBP_T_CELL_RECEPTOR_SIGNALING_PATHWAY","0.000690176094242015","0.0129452834299874","0.477270815362862","-0.629565783768237","-1.79254945356318","51","c(""Rps3"", ""Lat"", ""Sh2d1a"", ""Cd8a"", ""Ube2n"", ""Cd28"", ""Cd247"", ""Hras"", ""Cd3e"", ""Ada"", ""Cd226"", ""Ccr7"", ""Stoml2"", ""Lcp2"", ""Thy1"", ""Bcl2a1d"", ""Themis"", ""Fyb"", ""Bcl10"", ""Eif2b1"", ""Fcho1"", ""Eif2b5"", ""Lgals3"", ""Cd160"", ""Card11"", ""Prnp"", ""Nfkbiz"")"
"135","GOBP_NATURAL_KILLER_CELL_MEDIATED_IMMUNITY","0.000396092054519754","0.00835118174803145","0.49849310876659","-0.619849891135716","-1.79120806832851","56","c(""Sh2d1a"", ""H2-D1"", ""H2-T22"", ""H2-Q4"", ""H2-Q2"", ""H2-K1"", ""Gimap5"", ""H2-T3"", ""Nkg7"", ""Gfer"", ""Clec2d"", ""H2-Q7"", ""Slamf6"", ""Gimap3"", ""Cd226"", ""Prdx1"")"
"136","GOMF_MHC_CLASS_I_PROTEIN_BINDING","0.00103421204503567","0.0177289109322584","0.45505986738723","-0.775296079615374","-1.78845064369362","21","c(""H2-D1"", ""H2-T22"", ""H2-Q4"", ""Atp5a1"", ""H2-Q2"", ""H2-K1"", ""Atp5b"", ""Pdia3"", ""H2-T3"", ""H2-Q7"")"
"137","BOYLAN_MULTIPLE_MYELOMA_C_D_DN","1.19674577250314e-06","7.43397884704372e-05","0.643551836150722","-0.525624760535568","-1.78838296726119","170","c(""Cd3g"", ""Cd3d"", ""Ltb"", ""Sh2d1a"", ""Rgcc"", ""Cd28"", ""Trbc1"", ""Anxa2"", ""H2-Q2"", ""Cd3e"", ""Arl4c"", ""Zbp1"", ""Gzma"", ""Ada"", ""Ms4a4b"", ""Plin3"", ""Cd9"", ""Trdc"", ""Nkg7"", ""Ctsw"", ""Slfn1"", ""Inpp4b"", ""AA467197"", ""Khk"", ""Rtp4"", ""Cd226"", ""Icos"", ""Gimap4"", ""Cd7"", ""Cd8b1"", ""Isg20"", ""Lax1"", ""Tmem176a"", ""Id2"", ""Fyb"", ""Tmem176b"", ""Basp1"", ""St8sia6"", ""Dhrs3"", ""Ly6c1"", ""Zfp467"", ""Cxcr6"", ""Zbtb16"", ""Pglyrp1"", ""Epcam"", ""F13a1"", ""Aqp3"", ""Rora"", ""Eomes"", ""Cacnb3"", ""Fos"", ""Cers4"", ""Rhob"", ""Vav3"", ""H2-Q6"")"
"138","TABULA_MURIS_SENIS_HEART_AND_AORTA_FIBROBLAST_OF_CARDIAC_TISSUE_AGEING","1.13083272763481e-05","0.000466630047681877","0.593325476396405","-0.524490599755016","-1.78704480372234","161","c(""Rplp0"", ""Rpl10"", ""Rpl19"", ""Rpl15"", ""Rpl13"", ""Rps7"", ""Rps3"", ""Rpl29"", ""Rps3a1"", ""Rps4x"", ""Rpl18"", ""Rps2"", ""Rpl11"", ""Rpl17"", ""Rps5"", ""Rps6"", ""Rbm3"", ""Rpl3"", ""Rps10"", ""Fth1"", ""Btf3"", ""Naca"", ""Eef1a1"", ""Rpl4"", ""Rpl10a"", ""Rpl18a"", ""Rpl7a"", ""Rpl5"", ""Eef1b2"", ""Rpsa"", ""Eef1d"", ""Rpl21"", ""Rps16"", ""H2-D1"", ""Vim"", ""Fxyd5"", ""Pgls"", ""Id3"", ""Klf2"", ""H2-Q4"", ""Rps18"", ""Txn1"", ""Npm1"", ""Rplp1"")"
"139","GOBP_POSITIVE_REGULATION_OF_ACUTE_INFLAMMATORY_RESPONSE","0.00143785676788598","0.022695351224255","0.45505986738723","-0.726000255126911","-1.78697228174523","25","c(""H2-D1"", ""Park7"", ""H2-T22"", ""H2-Q4"", ""H2-Q2"", ""H2-K1"", ""H2-T3"", ""H2-Q7"", ""Ccr7"")"
"140","ZEMEK_IMMUNE_CHECKPOINT_BLOCKADE_OVARIAN_CANCER_RENCA_UP","0.0003040141738528","0.00699717084600648","0.49849310876659","-0.601478762343275","-1.78679115046139","63","c(""Psmb9"", ""H2-D1"", ""H2-T22"", ""Cd8a"", ""Cd27"", ""Dusp2"", ""Satb1"", ""H2-Q2"", ""Ighm"", ""AW112010"", ""H2-DMa"", ""Izumo1r"", ""H2-T3"", ""Igtp"", ""Nkg7"", ""Pdcd1"")"
"141","REACTOME_PD_1_SIGNALING","0.000725988033094059","0.0134424130358474","0.477270815362862","-0.808373003640286","-1.78604491924539","18","c(""Cd3g"", ""Cd3d"", ""Trbc2"", ""Cd247"", ""Trbc1"", ""Cd3e"", ""Cd4"", ""Pdcd1"")"
"142","GOBP_CELL_CELL_RECOGNITION","0.000473096608598444","0.00952292372081257","0.49849310876659","-0.780873234867492","-1.78592751617934","20","c(""Vdac2"", ""Cct4"", ""Cct5"", ""Cct2"", ""Cct7"", ""Cd9"", ""Cct8"", ""Izumo1r"", ""Cct3"", ""Ccr7"")"
"143","ZEMEK_IMMUNE_CHECKPOINT_BLOCKADE_OVARIAN_CANCER_OVERLAP_UP","0.000591861281546197","0.0114737671929275","0.477270815362862","-0.602927995401203","-1.78573728041328","61","c(""Psmb9"", ""H2-D1"", ""H2-T22"", ""Cd8a"", ""Cd27"", ""Dusp2"", ""Satb1"", ""H2-Q2"", ""Ighm"", ""AW112010"", ""H2-DMa"", ""Izumo1r"", ""H2-T3"", ""Igtp"", ""Nkg7"", ""Pdcd1"")"
"144","GOCC_ENDOPEPTIDASE_COMPLEX","0.00124626441531281","0.0204293556438653","0.45505986738723","-0.646541275023453","-1.7827221580739","43","c(""Psmb5"", ""Psmb2"", ""Psmb6"", ""Psmb3"", ""Psmb9"", ""Psma5"", ""Psma2"", ""Psma1"", ""Psma3"", ""Psma6"", ""Psmb4"", ""Psmc4"", ""Psmd3"", ""Psmd13"", ""Txnl1"", ""Psmc5"", ""Psmb7"")"
"145","TABULA_MURIS_SENIS_LUNG_NON_CLASSICAL_MONOCYTE_AGEING","0.00184840008651671","0.0278804368141175","0.45505986738723","-0.688807041572622","-1.78225212794473","31","c(""Rpl13"", ""Rps7"", ""Rps4x"", ""Fth1"", ""Txn1"", ""Cd52"", ""AW112010"")"
"146","REACTOME_GENERATION_OF_SECOND_MESSENGER_MOLECULES","0.000598812754436617","0.0115003356447711","0.477270815362862","-0.777991147290691","-1.77933592195173","20","c(""Cd3g"", ""Cd3d"", ""Lat"", ""Trbc2"", ""Cd247"", ""Trbc1"", ""Cd3e"")"
"147","ZHANG_UTERUS_C12_MONOCYTE","3.8465613164779e-05","0.00125545676414084","0.557332238758646","-0.5487358274011","-1.77588557253544","116","c(""H3f3a"", ""Fth1"", ""H3f3b"", ""Tmsb4x"", ""Eif4a1"", ""Pkm"", ""Cotl1"", ""Emp3"", ""H2-D1"", ""Fxyd5"", ""Ms4a6b"", ""Cytip"", ""Srgn"", ""Ctsz"", ""Cd52"", ""Msrb1"", ""Rnh1"", ""Plin2"", ""Slc3a2"", ""Cycs"", ""H2-DMa"", ""Irf7"", ""Ctsc"")"
"148","BIOCARTA_TCR_PATHWAY","0.00107291277574189","0.0183379204303576","0.45505986738723","-0.802430333127224","-1.7729149947813","18","c(""Cd3g"", ""Cd3d"", ""Lat"", ""Cd247"", ""Nfkbia"", ""Calm3"", ""Hras"", ""Cd3e"")"
"149","GOBP_DEFENSE_RESPONSE_TO_FUNGUS","0.00235395079747794","0.0331613008614651","0.431707695803346","-0.734340799076653","-1.77138363406339","23","c(""Gapdh"", ""Cotl1"", ""Zbp1"")"
"150","REACTOME_METABOLISM_OF_POLYAMINES","0.00101819349294375","0.0175062613355239","0.45505986738723","-0.655497789196941","-1.76855458051221","38","c(""Psmb5"", ""Psmb2"", ""Psmb6"", ""Psmb3"", ""Psma5"", ""Psma2"", ""Psme2"", ""Psma1"", ""Psma3"", ""Psma6"", ""Psmb4"", ""Psmc4"", ""Psmd3"", ""Psmd13"", ""Psmc5"", ""Amd1"", ""Psmb7"")"
"151","REACTOME_PTEN_REGULATION","0.000704484049152241","0.0131656592285808","0.477270815362862","-0.614139222541019","-1.7663990990242","53","c(""Ubb"", ""Psmb5"", ""Psmb2"", ""Psmb6"", ""Psmb3"", ""Psma5"", ""Psma2"", ""Psme2"", ""Psma1"", ""Psma3"", ""Psma6"", ""Hdac1"", ""Psmb4"", ""Rheb"", ""Psmc4"", ""Psmd3"", ""Psmd13"", ""Psmc5"", ""Akt1"", ""Psmb7"", ""Stub1"", ""Psma4"", ""Mbd3"", ""Trim27"", ""Mta3"")"
"152","REACTOME_IMMUNOREGULATORY_INTERACTIONS_BETWEEN_A_LYMPHOID_AND_A_NON_LYMPHOID_CELL","0.000290299513245227","0.00676233987103902","0.49849310876659","-0.585901860209877","-1.7657177968169","70","c(""Cd3g"", ""Cd3d"", ""Trbc2"", ""H2-T22"", ""Cd8a"", ""Cd247"", ""H2-Q4"", ""Trbc1"", ""Cd1d1"", ""H2-Q2"", ""H2-K1"", ""Itgb7"", ""Cd3e"")"
"153","GOBP_POSITIVE_REGULATION_OF_OSTEOBLAST_DIFFERENTIATION","0.00254666980169379","0.0352808427922902","0.431707695803346","-0.731572061396143","-1.76470485954829","23","c(""Clic1"", ""Jund"")"
"154","REACTOME_TRANSLOCATION_OF_ZAP_70_TO_IMMUNOLOGICAL_SYNAPSE","0.00108867368526266","0.0184978467051834","0.45505986738723","-0.830115274720403","-1.76397142866189","15","c(""Cd3g"", ""Cd3d"", ""Trbc2"", ""Cd247"", ""Trbc1"", ""Cd3e"", ""Cd4"")"
"155","REACTOME_SIGNALING_BY_HEDGEHOG","0.000424523613574233","0.00875883184149408","0.49849310876659","-0.608508280949053","-1.75830828446496","55","c(""Ubb"", ""Psmb5"", ""Psmb2"", ""Psmb6"", ""Psmb3"", ""Psma5"", ""Tuba1a"", ""Psma2"", ""Psme2"", ""Psma1"", ""Psma3"", ""Psma6"", ""Tubb2a"", ""Psmb4"", ""Psmc4"", ""Tubb2b"", ""Psmd3"", ""Psmd13"", ""Psmc5"", ""Psmb7"")"
"156","TORCHIA_TARGETS_OF_EWSR1_FLI1_FUSION_UP","0.000204412776540928","0.00513431569598669","0.518848077743792","-0.571741556799456","-1.75622692365604","84","c(""Emp3"", ""Tsc22d3"", ""Cytip"", ""S1pr4"", ""Itgb7"", ""Dusp10"", ""Tnfrsf18"", ""Sp100"", ""Rsu1"", ""Icam2"", ""Pecam1"", ""Bbc3"", ""Gramd3"", ""Cdkn2c"", ""Faah"", ""Klf6"", ""P2rx1"", ""Fuom"", ""Mxd4"", ""Orai2"", ""Crem"", ""Stim2"", ""Serpinb6b"", ""Id2"", ""Slc43a1"", ""Ypel2"", ""St6galnac3"", ""Ddit4"")"
"157","GOBP_NATURAL_KILLER_CELL_CYTOKINE_PRODUCTION","0.00135687741628707","0.0217137973237962","0.45505986738723","-0.824075338385872","-1.75113673515666","15","c(""H2-D1"", ""H2-T22"", ""H2-Q4"", ""H2-Q2"", ""H2-K1"", ""Gimap5"", ""H2-T3"", ""H2-Q7"", ""Gimap3"", ""Cd226"")"
"158","GOBP_SPERM_EGG_RECOGNITION","0.00135687741628707","0.0217137973237962","0.45505986738723","-0.823708204021172","-1.75035658503831","15","c(""Vdac2"", ""Cct4"", ""Cct5"", ""Cct2"", ""Cct7"", ""Cd9"", ""Cct8"", ""Izumo1r"")"
"159","TABULA_MURIS_SENIS_LIMB_MUSCLE_SKELETAL_MUSCLE_SATELLITE_CELL_AGEING","0.000957025748100232","0.0167031351866315","0.477270815362862","-0.590760233543303","-1.74969910316065","61","c(""Ubb"", ""Rpl13"", ""Fth1"", ""Jund"", ""Gstp1"", ""Eef1d"", ""H2-D1"", ""Bsg"", ""Id3"", ""Klf2"", ""Nfkbia"", ""H2-Q4"", ""Ifi27"", ""Srgn"", ""Ctsl"", ""H2-K1"", ""Swi5"", ""Rpl14"", ""Tuba4a"", ""Eif5a"", ""Pnp"", ""Tagln2"", ""Junb"", ""Capg"")"
"160","GOBP_REGULATION_OF_INTERLEUKIN_4_PRODUCTION","0.00359759023666857","0.0449854519420657","0.431707695803346","-0.678004244715483","-1.74002295837314","30","c(""H2-D1"", ""H2-T22"", ""Cd28"", ""H2-Q4"", ""Ndfip1"", ""Cd1d1"", ""H2-Q2"", ""H2-K1"", ""Cd3e"", ""H2-T3"", ""H2-Q7"", ""Lef1"")"
"161","GOBP_CYCLIC_NUCLEOTIDE_MEDIATED_SIGNALING","0.00401180269214415","0.0479838181211526","0.407017918923954","-0.726814295309855","-1.73619353640931","22","c(""Gapdh"", ""Pebp1"")"
"162","GOBP_RESPONSE_TO_FUNGUS","0.00223506288027207","0.0318473221950924","0.431707695803346","-0.698849706862681","-1.73494635107421","26","c(""Gapdh"", ""Cotl1"", ""Zbp1"")"
"163","GOBP_REGULATION_OF_ACUTE_INFLAMMATORY_RESPONSE","0.00241506794445505","0.0337001147708136","0.431707695803346","-0.659542769303656","-1.73336138543222","34","c(""Gstp1"", ""H2-D1"", ""Park7"", ""H2-T22"", ""H2-Q4"", ""H2-Q2"", ""H2-K1"", ""H2-T3"", ""H2-Q7"", ""Ccr7"", ""Tnfsf11"", ""Il4"", ""Pparg"")"
"164","TABULA_MURIS_SENIS_MARROW_ERYTHROBLAST_AGEING","2.82005103179382e-05","0.000958319694745466","0.575610261071129","-0.519969294578583","-1.7311853707067","140","c(""Rplp0"", ""Rpl9"", ""Rpl10"", ""Rpl19"", ""Rpl15"", ""Rpl13"", ""Rps7"", ""Rps3"", ""Rpl29"", ""Rps3a1"", ""Rpl8"", ""Rps4x"", ""Rpl18"", ""Rps2"", ""Rpl11"", ""Rpl17"", ""Rps5"", ""Rps6"", ""Rpl3"", ""Rps10"", ""Clic1"", ""Gapdh"", ""Naca"", ""Tmsb4x"", ""Eef1a1"", ""Rpl4"", ""Rpl10a"", ""Rpl18a"", ""Rpl7a"", ""Rpl5"", ""Eef1b2"", ""Rpsa"", ""Pkm"", ""Eif3i"", ""Psmb2"", ""Eef1g"", ""Rps16"", ""Arl6ip1"", ""H2-D1"", ""Park7"")"
"165","GOCC_CYTOSOLIC_RIBOSOME","0.000240605739073019","0.00581581319926707","0.518848077743792","-0.565086731881687","-1.72954242878247","80","c(""Rplp0"", ""Rpl9"", ""Ubb"", ""Rpl10"", ""Rpl19"", ""Rpl15"", ""Rpl13"", ""Rps7"", ""Rps3"", ""Rpl29"", ""Rps3a1"", ""Rpl8"", ""Rps4x"", ""Rpl18"", ""Rps2"", ""Rpl11"", ""Rpl17"", ""Rps5"", ""Rps6"", ""Rpl3"", ""Rps10"", ""Eef1a1"", ""Rpl4"", ""Rpl10a"", ""Rpl18a"", ""Rpl7a"", ""Rpl5"", ""Rpsa"", ""Rpl21"", ""Rps16"")"
"166","GOBP_INTERLEUKIN_2_PRODUCTION","0.00357581608987229","0.0449075859808526","0.431707695803346","-0.638749308713303","-1.72782973381088","37","c(""Rps3"", ""Cd28"", ""Cd247"", ""Cd1d1"", ""Cd3e"", ""Pnp"", ""Trim27"")"
"167","GOBP_NEGATIVE_REGULATION_OF_PEPTIDASE_ACTIVITY","0.000670346176450601","0.0126328244392615","0.477270815362862","-0.592167453117546","-1.72657202364254","58","c(""Gapdh"", ""Pebp1"", ""Cdkn2d"", ""Arl6ip1"", ""Park7"", ""Akt1"", ""Timp2"", ""Pih1d1"", ""Cst3"", ""Cst7"", ""Bcl2a1d"", ""Adora2a"", ""Birc5"")"
"168","GOBP_IMMUNE_RESPONSE_REGULATING_CELL_SURFACE_RECEPTOR_SIGNALING_PATHWAY","4.56740186252765e-05","0.00142626381404445","0.557332238758646","-0.529579071485716","-1.72570545701503","118","c(""Rps3"", ""Lat"", ""Sh2d1a"", ""Cd8a"", ""Ube2n"", ""Cd28"", ""Cd247"", ""Nfkbia"", ""Hras"", ""Cd3e"", ""Ighm"", ""Ada"", ""Ifi35"", ""Bcl2"", ""Cd226"", ""Cd79b"", ""Tmem126a"", ""Ccr7"", ""Stoml2"", ""Lcp2"", ""Thy1"", ""Bcl2a1d"", ""Themis"", ""Lax1"", ""Blk"", ""Lbp"", ""Fyb"", ""Oas1a"", ""Ninj1"", ""Bcl10"", ""Eif2b1"", ""Chuk"", ""Fcho1"", ""Eif2b5"", ""Nfkb1"", ""Lgals3"", ""Cd160"", ""Card11"", ""Foxp1"", ""Prnp"", ""Nfkbiz"")"
"169","TABULA_MURIS_SENIS_MESENTERIC_ADIPOSE_TISSUE_B_CELL_AGEING","0.00158837186892144","0.0246667319536537","0.45505986738723","-0.638736732968911","-1.72333269989745","38","c(""H3f3a"", ""Jund"", ""Cotl1"", ""Bsg"", ""Tomm6"", ""Klf13"", ""Ier2"", ""S1pr4"", ""Anxa2"", ""H2-K1"")"
"170","GOBP_CD8_POSITIVE_ALPHA_BETA_T_CELL_ACTIVATION","0.00400706349192055","0.0479838181211526","0.407017918923954","-0.671320178940897","-1.72286904231183","30","c(""H2-D1"", ""H2-T22"", ""H2-Q4"", ""Satb1"", ""H2-Q2"", ""H2-K1"", ""H2-T3"", ""Igtp"", ""Gpr18"", ""Bcl2"", ""H2-Q7"", ""Irf1"")"
"171","GOCC_PEPTIDASE_COMPLEX","0.00133114085272777","0.0214586000929512","0.45505986738723","-0.598388939384506","-1.72109783026313","53","c(""Psmb5"", ""Psmb2"", ""Psmb6"", ""Psmb3"", ""Psmb9"", ""Psma5"", ""Psma2"", ""Psma1"", ""Psma3"", ""Psma6"", ""Psmb4"", ""Psmc4"", ""Psmd3"", ""Sf3b5"", ""Psmd13"", ""Txnl1"", ""Psmc5"", ""Psmb7"")"
"172","CHIARADONNA_NEOPLASTIC_TRANSFORMATION_KRAS_CDC25_UP","0.00227563992064442","0.0321427183901291","0.431707695803346","-0.635202593387707","-1.7205624037844","39","c(""Clic1"", ""Tmsb4x"", ""Psmb5"", ""Fxyd5"", ""Sptssa"", ""Cytip"", ""Ssna1"", ""Ctsl"", ""Itgb7"", ""Cd9"", ""Plp2"", ""Capg"")"
"173","REACTOME_ACTIVATION_OF_APC_C_AND_APC_C_CDC20_MEDIATED_DEGRADATION_OF_MITOTIC_PROTEINS","0.00162545241690435","0.0250406362998838","0.45505986738723","-0.60402369154876","-1.71982399002728","51","c(""Ubb"", ""Ube2s"", ""Psmb5"", ""Psmb2"", ""Psmb6"", ""Psmb3"", ""Psma5"", ""Psma2"", ""Psme2"", ""Psma1"", ""Psma3"", ""Psma6"", ""Psmb4"", ""Psmc4"", ""Psmd3"", ""Psmd13"", ""Psmc5"", ""Bub3"", ""Psmb7"")"
"174","TABULA_MURIS_SENIS_TRACHEA_MACROPHAGE_AGEING","0.00240660980446434","0.0336634015505823","0.431707695803346","-0.634491092264905","-1.71863517285857","39","c(""Rplp0"", ""Rps3"", ""Rps3a1"", ""Rpl3"", ""Jund"", ""Rpl4"", ""Rpsa"", ""Ltb"", ""Cotl1"", ""Pebp1"", ""Slc25a5"", ""Bsg"", ""Vasp"", ""Ldha"", ""Prelid1"", ""H2-K1"", ""Rpl14"", ""Eif5a"", ""Exosc5"", ""Tagln2"", ""Prr13"", ""Capg"")"
"175","GOBP_NATURAL_KILLER_CELL_PROLIFERATION","0.00235923397162232","0.0331613008614651","0.431707695803346","-0.806990126050945","-1.7148311432356","15","c(""H2-D1"", ""H2-T22"", ""H2-Q4"", ""H2-Q2"", ""H2-K1"", ""H2-T3"", ""H2-Q7"", ""Slamf6"")"
"176","REACTOME_PHOSPHORYLATION_OF_CD3_AND_TCR_ZETA_CHAINS","0.00213835136671564","0.0307395692038996","0.431707695803346","-0.800595060978942","-1.71415543018042","16","c(""Cd3g"", ""Cd3d"", ""Trbc2"", ""Cd247"", ""Trbc1"", ""Cd3e"", ""Cd4"")"
"177","GOBP_POSITIVE_REGULATION_OF_ACUTE_INFLAMMATORY_RESPONSE_TO_ANTIGENIC_STIMULUS","0.00213835136671564","0.0307395692038996","0.431707695803346","-0.800378346149166","-1.71369142169427","16","c(""H2-D1"", ""Park7"", ""H2-T22"", ""H2-Q4"", ""H2-Q2"", ""H2-K1"", ""H2-T3"", ""H2-Q7"", ""Ccr7"")"
"178","TABULA_MURIS_SENIS_SUBCUTANEOUS_ADIPOSE_TISSUE_ENDOTHELIAL_CELL_AGEING","0.000462588263828827","0.00937674526364608","0.49849310876659","-0.564814358279193","-1.70509225485282","72","c(""Jund"", ""Gstp1"", ""Arl6ip1"", ""Bsg"", ""Vasp"", ""Tomm6"", ""Srsf9"", ""Klf13"", ""Bcl7c"", ""Bst2"", ""Swi5"", ""Lsm2"", ""Aldh2"", ""Csrp1"", ""Eif5a"", ""Ptms"", ""Gadd45gip1"", ""Cd9"", ""Prr13"", ""Zfp771"", ""Smco4"", ""Hexb"", ""Sf3b2"", ""Rnf125"", ""Psmd7"")"
"179","ZHANG_UTERUS_C10_STROMAL2_RETNLG_HIGH_CELL","0.00306102755780447","0.0399804809835903","0.431707695803346","-0.652270716913338","-1.70331259191696","33","c(""Fth1"", ""Tmsb4x"", ""Vasp"", ""Srgn"", ""Cd52"", ""Msrb1"", ""Cd9"")"
"180","REACTOME_INNATE_IMMUNE_SYSTEM","1.65223283593351e-08","1.52799181204874e-06","0.73376198835648","-0.46613117194556","-1.70320489003076","357","c(""Ubb"", ""Fth1"", ""Cd3g"", ""Eef1a1"", ""Gstp1"", ""Psmb5"", ""Lat"", ""Pkm"", ""Psmb2"", ""Dynlt1f"", ""Hspa8"", ""Psmb6"", ""Cotl1"", ""Psmb3"", ""Psma5"", ""Psma2"", ""Psme2"", ""Dynll1"", ""Ostf1"", ""H2-T22"", ""Ube2n"", ""Psma1"", ""Psma3"", ""Cct2"", ""Psma6"", ""Cd247"", ""Nfkbia"", ""H2-Q4"", ""Calm3"", ""Psmb4"", ""Ube2m"", ""Txn1"", ""Psmc4"", ""Pgam1"", ""Psmd3"", ""Psmd13"", ""Aprt"", ""Ndufc2"", ""Psmc5"", ""Ctsl"", ""Ddost"", ""Psmb7"", ""Anxa2"", ""Gdi2"", ""H2-Q2"", ""H2-K1"", ""Bst2"", ""Hras"", ""Ctsz"", ""Pin1"", ""Dynlt1a"", ""Pgrmc1"", ""Prdx4"", ""Kras"", ""Cct8"", ""Pnp"", ""Timp2"", 
""Pdzd11"", ""Psma4"", ""Irf7"", ""Trappc1"", ""Ctsc"", ""Cd4"", ""Gyg"", ""Hexb"", ""Pfkl"", ""Bcl2"", ""S100a11"", ""Icam2"", ""Pecam1"", ""H2-Q7"")"
"181","WP_CYTOPLASMIC_RIBOSOMAL_PROTEINS","0.00156469456501023","0.0244303797353084","0.45505986738723","-0.584491958792238","-1.68903266328486","56","c(""Rplp0"", ""Rpl9"", ""Rpl10"", ""Rpl19"", ""Rpl15"", ""Rpl13"", ""Rps7"", ""Rps3"", ""Rpl29"", ""Rps3a1"", ""Rpl8"", ""Rps4x"", ""Rpl18"", ""Rps2"", ""Rpl11"", ""Rpl17"", ""Rps5"", ""Rps6"", ""Rpl3"", ""Rps10"", ""Rpl4"", ""Rpl10a"", ""Rpl18a"", ""Rpl7a"", ""Rpsa"", ""Rpl21"", ""Rps16"")"
"182","REACTOME_UB_SPECIFIC_PROCESSING_PROTEASES","0.00133350137326805","0.0214586000929512","0.45505986738723","-0.560205697684643","-1.68879219375026","69","c(""Ubb"", ""Psmb5"", ""Psmb2"", ""Vdac2"", ""Psmb6"", ""Psmb3"", ""Tomm20"", ""Psma5"", ""Psma2"", ""Psme2"", ""Vdac3"", ""Psma1"", ""Psma3"", ""Psma6"", ""Nfkbia"", ""Psmb4"", ""Psmc4"", ""Psmd3"", ""Psmd13"", ""Psmc5"", ""Psmb7"")"
"183","REACTOME_INTRACELLULAR_SIGNALING_BY_SECOND_MESSENGERS","0.000741382864527916","0.0136400280521585","0.477270815362862","-0.539728724302608","-1.68454820639161","90","c(""Ubb"", ""Psmb5"", ""Psmb2"", ""Psmb6"", ""Psmb3"", ""Psma5"", ""Psma2"", ""Psme2"", ""Psma1"", ""Psma3"", ""Cd28"", ""Psma6"", ""Hdac1"", ""Calm3"", ""Psmb4"", ""Rheb"", ""Psmc4"", ""Psmd3"", ""Psmd13"", ""Psmc5"", ""Akt1"", ""Psmb7"", ""Stub1"", ""Psma4"", ""Mbd3"", ""Trim27"", ""Mta3"")"
"184","REACTOME_SCF_SKP2_MEDIATED_DEGRADATION_OF_P27_P21","0.00338920914689085","0.0429324323250131","0.431707695803346","-0.61261261334091","-1.6842051582957","42","c(""Ubb"", ""Psmb5"", ""Psmb2"", ""Psmb6"", ""Psmb3"", ""Psma5"", ""Psma2"", ""Psme2"", ""Psma1"", ""Psma3"", ""Psma6"", ""Psmb4"", ""Psmc4"", ""Psmd3"", ""Psmd13"", ""Psmc5"", ""Psmb7"")"
"185","GOBP_ACUTE_INFLAMMATORY_RESPONSE_TO_ANTIGENIC_STIMULUS","0.00386272884246021","0.0470780264196047","0.431707695803346","-0.677954191060503","-1.68307167968378","26","c(""H2-D1"", ""Park7"", ""H2-T22"", ""H2-Q4"", ""H2-Q2"", ""H2-K1"", ""H2-T3"", ""H2-Q7"", ""Ccr7"", ""Ephb6"", ""Icam1"")"
"186","TABULA_MURIS_SENIS_MESENTERIC_ADIPOSE_TISSUE_MACROPHAGE_AGEING","0.00371824869861011","0.0459970762409593","0.431707695803346","-0.610606383137177","-1.67868959563134","42","c(""Rps3"", ""Jund"", ""Eif4a1"", ""Pkm"", ""Cotl1"", ""Emp3"", ""Tomm6"", ""Ube2m"", ""Klf13"", ""Cuedc2"", ""Rnf126"", ""Ptms"")"
"187","GOCC_RIBOSOME","6.59602400468118e-05","0.00195411439359196","0.538434096309916","-0.497104922689111","-1.67730804515175","152","c(""Rplp0"", ""Rpl9"", ""Ubb"", ""Rpl10"", ""Rpl19"", ""Rpl15"", ""Rpl13"", ""Rps7"", ""Rps3"", ""Rpl29"", ""Rps3a1"", ""Rpl8"", ""Rps4x"", ""Rpl18"", ""Rps2"", ""Rpl11"", ""Rpl17"", ""Rps5"", ""Rps6"", ""Rpl3"", ""Rps10"", ""Btf3"", ""Eef1a1"", ""Rpl4"", ""Rpl10a"", ""Rpl18a"", ""Rpl7a"", ""Rpl5"", ""Rpsa"", ""Rpl21"", ""Rps16"", ""Aurkaip1"", ""Mrps14"", ""Mrps24"", ""Mrpl18"", ""Rps18"", ""Mrpl20"", ""Npm1"", ""Rplp1"", ""Mrpl34"", ""Mrpl11"", ""Mrps17"", ""Rpl14"", ""Mrps34"", ""Mrps18a"", ""Mrps28"", ""Mrpl4"", ""Mrps7"", ""Mrpl28"", ""Gadd45gip1"")"
"188","GOMF_STRUCTURAL_CONSTITUENT_OF_RIBOSOME","0.000249524206597625","0.00593787346863349","0.49849310876659","-0.5168494797658","-1.67709485719864","114","c(""Rplp0"", ""Rpl9"", ""Ubb"", ""Rpl10"", ""Rpl19"", ""Rpl15"", ""Rpl13"", ""Rps7"", ""Rps3"", ""Rpl29"", ""Rps3a1"", ""Rpl8"", ""Rps4x"", ""Rpl18"", ""Rps2"", ""Rpl11"", ""Rpl17"", ""Rps5"", ""Rps6"", ""Rpl3"", ""Rps10"", ""Rpl4"", ""Rpl10a"", ""Rpl18a"", ""Rpl7a"", ""Rpl5"", ""Rpsa"", ""Rpl21"", ""Rps16"", ""Mrps14"", ""Mrps24"", ""Mrpl18"", ""Rps18"", ""Mrpl20"", ""Rplp1"", ""Mrpl34"")"
"189","REACTOME_CYCLIN_A_CDK2_ASSOCIATED_EVENTS_AT_S_PHASE_ENTRY","0.00205432702059866","0.0301214395888286","0.431707695803346","-0.59827418733602","-1.67691351724434","48","c(""Ubb"", ""Psmb5"", ""Psmb2"", ""Psmb6"", ""Psmb3"", ""Psma5"", ""Psma2"", ""Psme2"", ""Psma1"", ""Psma3"", ""Psma6"", ""Psmb4"", ""Psmc4"", ""Psmd3"", ""Psmd13"", ""Psmc5"", ""Akt1"", ""Psmb7"")"
"190","TABULA_MURIS_SENIS_SPLEEN_T_CELL_AGEING","0.000101285164710837","0.00278630665016432","0.538434096309916","-0.497154092725576","-1.67536409726465","149","c(""Ubb"", ""Rbm3"", ""Clic1"", ""Fth1"", ""Gapdh"", ""Cd3g"", ""H3f3b"", ""Jund"", ""Prdx2"", ""Pkm"", ""Sh2d1a"", ""Psmb9"", ""Pebp1"", ""H2-D1"", ""Bsg"", ""Vim"", ""Id3"", ""Vasp"", ""Psma3"", ""Nfkbia"", ""H2-Q4"", ""Ifi27"", ""Txn1"", ""Pgam1"", ""Srgn"", ""Ndfip1"", ""Maz"", ""Ier5"", ""Prelid1"", ""Anxa2"", ""Gdi2"", ""H2-K1"", ""Polr2e"", ""Txndc17"", ""Mif4gd"", ""Tnfrsf18"", ""Etfb"", ""Rnh1"", ""Atp5g2"", ""Pdia3"", ""Slc3a2"", ""Cd5"", ""Gimap5"", ""Batf"", ""AW112010"", ""Ptms"", ""Apobec3"", ""Smpdl3a"", ""Timp2"", ""Junb"", ""Prr13"", ""Capg"", ""Izumo1r"", ""Cd4"", ""Smco4"", ""Pdcd1"", ""Calr"", 
""S100a11"", ""Clec2d"", ""Gimap7"")"
"191","GOCC_RIBOSOMAL_SUBUNIT","0.000132159264558574","0.0035022205108022","0.518848077743792","-0.509519278778624","-1.67169783484686","131","c(""Rplp0"", ""Rpl9"", ""Ubb"", ""Rpl10"", ""Rpl19"", ""Rpl15"", ""Rpl13"", ""Rps7"", ""Rps3"", ""Rpl29"", ""Rps3a1"", ""Rpl8"", ""Rps4x"", ""Rpl18"", ""Rps2"", ""Rpl11"", ""Rpl17"", ""Rps5"", ""Rps6"", ""Rpl3"", ""Rps10"", ""Rpl4"", ""Rpl10a"", ""Rpl18a"", ""Rpl7a"", ""Rpl5"", ""Rpsa"", ""Rpl21"", ""Rps16"", ""Aurkaip1"", ""Mrps14"", ""Mrps24"", ""Mrpl18"", ""Rps18"", ""Mrpl20"", ""Npm1"", ""Rplp1"", ""Mrpl34"", ""Mrpl11"", ""Mrps17"", ""Rpl14"", ""Mrps34"", ""Mrps18a"", ""Mrps28"", ""Mrpl4"", ""Mrps7"", ""Mrpl28"", ""Gadd45gip1"")"
"192","GOMF_STRUCTURAL_MOLECULE_ACTIVITY","1.75092707180279e-06","0.000103215364222497","0.643551836150722","-0.474848352276719","-1.67078448200985","233","c(""Rplp0"", ""Rpl9"", ""Ubb"", ""Rpl10"", ""Rpl19"", ""Rpl15"", ""Rpl13"", ""Rps7"", ""Rps3"", ""H3f3a"", ""Rpl29"", ""Rps3a1"", ""Rpl8"", ""Rps4x"", ""Rpl18"", ""Rps2"", ""Rpl11"", ""Rpl17"", ""Rps5"", ""Rps6"", ""Rpl3"", ""Rps10"", ""H3f3b"", ""Rpl4"", ""Rpl10a"", ""Rpl18a"", ""Rpl7a"", ""Rpl5"", ""Rpsa"", ""Rpl21"", ""Rps16"", ""Tuba1a"", ""Vim"", ""Mrps14"", ""Tubb2a"", ""Mrps24"", ""Mrpl18"", ""Rps18"", ""Tubb2b"", ""Mrpl20"", ""Psmd13"", ""Rplp1"", ""Mrpl34"", ""Capn3"", ""Mrpl11"", ""Mrps17"", ""Rpl14"", ""Mrps34"", ""Mrps18a"", ""Mrpl4"", ""Tuba4a"", ""Csrp1"", ""Mrps7"", ""Mrpl28"")"
"193","ZHANG_UTERUS_C0_SECRETORY_STROMAL3_NPPC_HIGH_CELL","0.000145225260656814","0.00379622774124169","0.518848077743792","-0.489490697635702","-1.66779310837771","161","c(""Rplp0"", ""Ubb"", ""Rpl15"", ""Rps6"", ""Gapdh"", ""Jund"", ""Eef1a1"", ""Rpl4"", ""Gstp1"", ""Rpl10a"", ""Sap18"", ""Eef1g"", ""Tuba1a"", ""Vim"", ""Nfkbia"", ""Sptssa"", ""Tubb2a"", ""Dap"", ""Ier2"", ""Arl1"", ""Ddost"", ""Anxa2"", ""Bst2"", ""Swi5"", ""Pdia6"", ""Arl4c"", ""Ckb"", ""Pgrmc1"", ""Pdia3"", ""Raly"")"
"194","KIM_GLIS2_TARGETS_UP","0.00225805750292119","0.0320511012146824","0.431707695803346","-0.593623059364335","-1.66387678670966","48","c(""Ltb"", ""Psmb9"", ""Vim"", ""H2-DMa"", ""Bbc3"", ""Irf1"", ""Isg15"", ""Socs3"", ""Bcl2a1b"", ""Icam1"", ""S100a4"", ""S100a6"")"
"195","GOBP_NEGATIVE_REGULATION_OF_ENDOPEPTIDASE_ACTIVITY","0.00286715276885468","0.0380771070015482","0.431707695803346","-0.594041839826267","-1.66361894124543","47","c(""Gapdh"", ""Cdkn2d"", ""Arl6ip1"", ""Park7"", ""Akt1"", ""Timp2"", ""Pih1d1"", ""Cst3"", ""Cst7"", ""Bcl2a1d"", ""Adora2a"", ""Birc5"", ""Serpinb6b"")"
"196","ZHANG_UTERUS_C9_DENDRITIC_CELL","0.00246278937792342","0.0342832150271412","0.431707695803346","-0.561673231479674","-1.66354993716294","61","c(""Fth1"", ""Tmsb4x"", ""Rpl18a"", ""Cotl1"", ""H2-D1"", ""Fxyd5"", ""Cytip"", ""Srgn"", ""H2-K1"", ""Ctsz"", ""Cd52"", ""H2-DMa"", ""Tagln2"", ""Ctsc"", ""Cst3"", ""Psap"", ""Gm2a"", ""Rilpl2"", ""Pim1"", ""Bcl2a1d"", ""Ctss"", ""Bcl2a1b"")"
"197","TABULA_MURIS_SENIS_LUNG_CLASSICAL_MONOCYTE_AGEING","1.63294807499345e-06","9.93004318867067e-05","0.643551836150722","-0.460508164241769","-1.65972889327405","274","c(""Rpl10"", ""Rpl19"", ""Rpl15"", ""Rpl13"", ""Rps7"", ""Rps3"", ""Rpl29"", ""Rps3a1"", ""Rpl8"", ""Rps4x"", ""Rpl18"", ""Rps2"", ""Rpl11"", ""Rps5"", ""Rps6"", ""Rbm3"", ""Rpl3"", ""Rps10"", ""Clic1"", ""Fth1"", ""Gapdh"", ""Rpl10a"", ""Prdx2"", ""Rpl18a"", ""Chchd2"", ""Atp5d"", ""Ube2s"", ""Eef1b2"", ""Rpsa"", ""Psmb5"", ""Eef1d"", ""Pkm"", ""Eif3i"", ""Rpl21"", ""Lsm4"", ""Psmb2"", ""Erh"", ""Psmb6"", ""Psmb3"", ""Cox5a"", ""Rps16"", ""Atp5h"", ""Pebp1"", ""Srsf3"", ""Ndufb8"", ""Ndufb10"", ""Emp3"", ""Ndufb9"", ""Arl6ip1"", ""Psma2"", ""Park7"", ""Dynll1"", ""Mdh2"", ""Tmem14c"", ""Aurkaip1"", ""Pgls"", 
""Ndufs7"", ""Id3"", ""Pgk1"", ""Ldha"", ""Psma6"", ""Mrps14"", ""Atp5o"", ""Calm3"", ""Elof1"", ""Mrps24"", ""Psmb4"", ""Mrpl18"", ""Rps18"", ""Txn1"", ""Anp32a"", ""Mrpl20"", ""Ssna1"", ""Sf3b5"", ""Psmd13"", ""Npm1"", ""Rplp1"", ""Ndufc2"", ""Atp5a1"", ""Mrpl34"", ""Ctsl"", ""Pfdn6"", ""Prelid1"", ""Cuedc2"", ""Ndufv1"", ""Swi5"", ""Ndufs8"", ""Timm13"", ""Lsm2"", ""Commd1"", ""Atp5g3"", ""Cyc1"", ""Etfb"", ""Rpl14"", ""Atp5b"", ""Rnh1"", ""Prdx4"", ""Atp5g2"", ""Rnaseh2c"", ""Eif5a"", ""AW112010"", ""Hmgn2"", ""Mrpl28"")"
"198","REACTOME_CYTOKINE_SIGNALING_IN_IMMUNE_SYSTEM","4.52667269367052e-05","0.00142122761692036","0.557332238758646","-0.479890978281667","-1.65875469759625","179","c(""Ubb"", ""Eif4a1"", ""Ltb"", ""Psmb5"", ""Psmb2"", ""Hspa8"", ""Psmb6"", ""Psmb3"", ""Psma5"", ""Tuba1a"", ""Psma2"", ""Psme2"", ""Ube2n"", ""Psma1"", ""Psma3"", ""Psma6"", ""Nfkbia"", ""Cd27"", ""Tubb2a"", ""Psmb4"", ""Ube2m"", ""Psmc4"", ""Rnf7"", ""Tubb2b"", ""Psmd3"", ""Psmd13"", ""Npm1"", ""Psmc5"", ""Akt1"", ""Ifngr1"", ""Psmb7"", ""Hras"", ""Tnfrsf18"", ""Tuba4a"", ""Ube2e1"", ""Kras"", ""Psma4"", ""Ifnar2"", ""Cd4"")"
"199","GOMF_ENDOPEPTIDASE_REGULATOR_ACTIVITY","0.00203544938442076","0.0299205880249332","0.431707695803346","-0.587775498312451","-1.65829869836895","49","c(""Gapdh"", ""Pebp1"", ""Psme2"", ""Anxa2"", ""Bst2"", ""Timp2"", ""Cst3"", ""Cst7"", ""Birc5"", ""Furin"", ""Serpinb6b"", ""Vsir"", ""Gbp2"")"
"200","REACTOME_CELLULAR_RESPONSE_TO_CHEMICAL_STRESS","0.000834387583878238","0.0149697424598279","0.477270815362862","-0.549146653754957","-1.6577937376604","72","c(""Ubb"", ""Gstp1"", ""Prdx2"", ""Psmb5"", ""Psmb2"", ""Psmb6"", ""Psmb3"", ""Cox5a"", ""Psma5"", ""Psma2"", ""Psme2"", ""Psma1"", ""Psma3"", ""Psma6"", ""Psmb4"", ""Txn1"", ""Psmc4"", ""Psmd3"", ""Psmd13"", ""Psmc5"", ""Akt1"", ""Psmb7"", ""Prdx3"")"
"201","REACTOME_NONSENSE_MEDIATED_DECAY_NMD_INDEPENDENT_OF_THE_EXON_JUNCTION_COMPLEX_EJC","0.00116364970622142","0.0194852300082353","0.45505986738723","-0.552277434079071","-1.65636120119591","67","c(""Rplp0"", ""Rpl9"", ""Ubb"", ""Rpl10"", ""Rpl19"", ""Rpl15"", ""Rpl13"", ""Rps7"", ""Rps3"", ""Rpl29"", ""Rps3a1"", ""Rpl8"", ""Rps4x"", ""Rpl18"", ""Rps2"", ""Rpl11"", ""Rpl17"", ""Rps5"", ""Rps6"", ""Rpl3"", ""Rps10"", ""Rpl4"", ""Rpl18a"", ""Rpl5"", ""Rpsa"", ""Rpl21"", ""Rps16"")"
"202","REACTOME_ADAPTIVE_IMMUNE_SYSTEM","2.64411080244843e-06","0.000145476458149948","0.627256739718528","-0.456859978170059","-1.65230695729497","273","c(""Ubb"", ""Cd3g"", ""Cd3d"", ""Ube2s"", ""Psmb5"", ""Lat"", ""Psmb2"", ""Psmb6"", ""Psmb3"", ""Trbc2"", ""Psma5"", ""Tuba1a"", ""Psma2"", ""Psme2"", ""Dynll1"", ""H2-T22"", ""Cd8a"", ""Ube2n"", ""Psma1"", ""Psma3"", ""Cd28"", ""Psma6"", ""Cd247"", ""Nfkbia"", ""H2-Q4"", ""Calm3"", ""Tubb2a"", ""Psmb4"", ""Ube2m"", ""Psmc4"", ""Rnf7"", ""Trbc1"", ""Tubb2b"", ""Psmd3"", ""Ube2a"", ""Psmd13"", ""Psmc5"", ""Ctsl"", ""Akt1"", ""Ube2e3"", ""Psmb7"", ""Cd1d1"", ""H2-Q2"", ""H2-K1"", ""Itgb7"", ""Hras"", ""Rnf126"", ""Rasgrp2"", ""Cd3e"", ""Pdia3"", ""Tuba4a"", ""Ube2e1"", ""H2-DMa"", ""Stub1"", ""Kras"", ""Rapgef3"", 
""Blmh"", ""Psma4"", ""Ctsc"", ""H2-Oa"", ""Cd4"", ""Ube2c"", ""Pdcd1"", ""Calr"", ""Icam2"", ""H2-Q7"", ""Ube2l3"", ""Slamf6"", ""Anapc5"", ""Psmc2"", ""Cd226"", ""Icos"", ""Fbxw7"", ""Psmd12"", ""Psmd7"", ""Socs3"")"
"203","GOBP_CYTOPLASMIC_TRANSLATION","0.000666614917599711","0.0126263422261427","0.477270815362862","-0.531710652485951","-1.65122270831029","89","c(""Rplp0"", ""Rpl9"", ""Rpl19"", ""Rpl15"", ""Rpl13"", ""Rps7"", ""Rps3"", ""Rpl29"", ""Rps3a1"", ""Rpl8"", ""Rps4x"", ""Rpl18"", ""Rps2"", ""Rpl11"", ""Rpl17"", ""Rps5"", ""Rps6"", ""Rpl3"", ""Rps10"", ""Rpl4"", ""Rpl10a"", ""Rpl18a"", ""Eif4a1"", ""Rpl7a"", ""Rpl5"", ""Rpsa"", ""Pkm"", ""Eif3i"", ""Rpl21"", ""Rps16"")"
"204","GOMF_OXIDOREDUCTASE_ACTIVITY_ACTING_ON_PEROXIDE_AS_ACCEPTOR","0.00325018849025584","0.0414488717620486","0.431707695803346","-0.719073285814226","-1.64458545887161","20","c(""Gstp1"", ""Prdx2"", ""Park7"", ""Prdx3"", ""Txndc17"", ""Prdx4"")"
"205","REACTOME_CDK_MEDIATED_PHOSPHORYLATION_AND_REMOVAL_OF_CDC6","0.0028013402892284","0.0373749257525923","0.431707695803346","-0.586526318546286","-1.64398520378987","48","c(""Ubb"", ""Ube2s"", ""Psmb5"", ""Psmb2"", ""Psmb6"", ""Psmb3"", ""Psma5"", ""Psma2"", ""Psme2"", ""Psma1"", ""Psma3"", ""Psma6"", ""Psmb4"", ""Psmc4"", ""Psmd3"", ""Psmd13"", ""Psmc5"", ""Psmb7"")"
"206","DELACROIX_RARG_BOUND_MEF","0.000420882631128078","0.00871483498217529","0.49849310876659","-0.506580998227162","-1.64213778798248","120","c(""Rpl19"", ""Fth1"", ""Rpl10a"", ""Pkm"", ""Ndufb8"", ""Ndufb10"", ""Cdkn2d"", ""Park7"", ""Bsg"", ""Ifi27"", ""Mrpl34"", ""Ndfip1"", ""Ndufs8"", ""Zbp1"", ""Ckb"", ""Stub1"", ""Tagln2"", ""Junb"", ""Ube2c"", ""Calr"", ""Sgk1"", ""Tpst2"", ""Med9"", ""Psmd12"", ""Gpr146"", ""Rilpl2"", ""Sat1"", ""Polr3h"", ""Furin"", ""Avpi1"", ""Ctsb"", ""Ifrd1"", ""Clpp"", ""Cnih4"", ""Dusp1"", ""Pdlim4"", ""S100a4"", ""Dhrs3"", ""Pitpnc1"", ""Cebpb"")"
"207","TABULA_MURIS_SENIS_KIDNEY_FENESTRATED_CELL_AGEING","0.00182300269902149","0.0276416970925121","0.45505986738723","-0.562620769109938","-1.6404232869459","58","c(""Rpl10"", ""Rpl19"", ""Rpl13"", ""Rps3a1"", ""Rpl18"", ""Rps6"", ""Rps10"", ""Fth1"", ""Tmsb4x"", ""Rpl21"", ""Vim"", ""Fxyd5"", ""Rplp1"", ""H2-K1"", ""Aldh2"", ""Rpl14"")"
"208","TABULA_MURIS_SENIS_MARROW_PROERYTHROBLAST_AGEING","0.00239698966171936","0.0336102166887202","0.431707695803346","-0.565287938914162","-1.63342142945152","55","c(""Rpl10"", ""Rpl13"", ""Rps7"", ""Rpl8"", ""Rps2"", ""Rps5"", ""Rbm3"", ""Rpl3"", ""H3f3b"", ""Rpl10a"", ""Chchd2"", ""Atp5h"", ""Ndufb10"", ""Emp3"")"
"209","ZHONG_SECRETOME_OF_LUNG_CANCER_AND_FIBROBLAST","0.00119787469758088","0.0199427150660655","0.45505986738723","-0.540755099768628","-1.63246085881528","72","c(""Gstp1"", ""Rpl10a"", ""Rpl18a"", ""Psmb5"", ""Pkm"", ""Psmb2"", ""Psmb6"", ""Psmb3"", ""Pebp1"", ""Psma5"", ""Park7"", ""Mdh2"", ""Glo1"", ""Psma1"", ""Psma3"", ""Pgk1"", ""Ldha"", ""Psmb4"", ""Cytip"", ""Npm1"", ""Ctsz"", ""Ywhaq"", ""Cd9"", ""Pnp"", ""Timp2"", ""Glod4"", ""Psma4"", ""Capg"")"
"210","REACTOME_NONSENSE_MEDIATED_DECAY_NMD","0.00129370270489732","0.0210992012034532","0.45505986738723","-0.538714243258736","-1.62629981036232","72","c(""Rplp0"", ""Rpl9"", ""Ubb"", ""Rpl10"", ""Rpl19"", ""Rpl15"", ""Rpl13"", ""Rps7"", ""Rps3"", ""Rpl29"", ""Rps3a1"", ""Rpl8"", ""Rps4x"", ""Rpl18"", ""Rps2"", ""Rpl11"", ""Rpl17"", ""Rps5"", ""Rps6"", ""Rpl3"", ""Rps10"", ""Rpl4"", ""Rpl18a"", ""Rpl5"", ""Rpsa"", ""Rpl21"", ""Rps16"")"
"211","TABULA_MURIS_SENIS_PANCREAS_ENDOTHELIAL_CELL_AGEING","0.000766738542073008","0.014061741452558","0.477270815362862","-0.502549378814714","-1.62141949814483","107","c(""Rplp0"", ""Rpl9"", ""Rpl13"", ""Rps7"", ""Rps3"", ""Rps3a1"", ""Rpl8"", ""Rps4x"", ""Rpl11"", ""Rps6"", ""Rpl3"", ""Rps10"", ""Sumo2"", ""H3f3b"", ""Jund"", ""Rpl4"", ""Rpl10a"", ""Rpl18a"", ""Rpl5"", ""Rpsa"", ""Pkm"", ""Rps16"", ""Pebp1"", ""Bsg"", ""Hdac1"", ""Tomm6"", ""Rheb"", ""Ube2m"", ""Ppp1r35"", ""Klf13"", ""Ier2"", ""Ctsl"")"
"212","MARKEY_RB1_ACUTE_LOF_DN","0.00021976154792426","0.00540239345684446","0.518848077743792","-0.487478285821414","-1.60791715050618","135","c(""Psmb9"", ""H2-D1"", ""Ap3s1"", ""Psme2"", ""H2-Q4"", ""Srgn"", ""Ube2a"", ""H2-K1"", ""Ctsz"", ""Cd52"", ""Msrb1"", ""Sp100"", ""Plin2"", ""AW112010"", ""Ifi47"", ""Smpdl3a"", ""Pfkp"", ""Pnp"", ""Ifi35"", ""Chchd10"", ""Irf7"", ""Igtp"", ""Sod2"", ""Fam162a"", ""Pfkl"", ""Plekho1"", ""Isg15"", ""Socs3"", ""Sap30"", ""Sat1"", ""Ncf4"", ""Glrx"", ""Isg20"", ""Ctsb"", ""Cd72"", ""Evi2a"", ""Ifi27l2a"", ""Gbp2"", ""Abca1"")"
"213","REACTOME_APC_C_MEDIATED_DEGRADATION_OF_CELL_CYCLE_PROTEINS","0.00270793220608758","0.0368087631872187","0.431707695803346","-0.551283236962814","-1.6073666477819","58","c(""Ubb"", ""Ube2s"", ""Psmb5"", ""Psmb2"", ""Psmb6"", ""Psmb3"", ""Psma5"", ""Psma2"", ""Psme2"", ""Psma1"", ""Psma3"", ""Psma6"", ""Psmb4"", ""Psmc4"", ""Psmd3"", ""Psmd13"", ""Psmc5"", ""Bub3"", ""Psmb7"")"
"214","GOMF_GATED_CHANNEL_ACTIVITY","0.00321066206701872","0.0411263741932752","0.431707695803346","-0.538664713470729","-1.6034454164834","64","c(""Clic1"", ""Vdac2"", ""Vdac3"", ""Atp5g3"", ""Atp5g2"")"
"215","REACTOME_TRANSLATION","0.000270584136656257","0.00637713803103609","0.49849310876659","-0.475138936426536","-1.60319144763628","152","c(""Rplp0"", ""Rpl9"", ""Ubb"", ""Rpl10"", ""Rpl19"", ""Rpl15"", ""Rpl13"", ""Rps7"", ""Rps3"", ""Rpl29"", ""Rps3a1"", ""Rpl8"", ""Rps4x"", ""Rpl18"", ""Rps2"", ""Rpl11"", ""Rpl17"", ""Rps5"", ""Rps6"", ""Rpl3"", ""Rps10"", ""Eef1a1"", ""Rpl4"", ""Rpl18a"", ""Eif4a1"", ""Rpl5"", ""Eef1b2"", ""Rpsa"", ""Eef1d"", ""Eif3i"", ""Rpl21"", ""Eef1g"", ""Rps16"", ""Aurkaip1"", ""Mrps14"", ""Mrps24"", ""Mrpl18"", ""Rps18"", ""Mrpl20"", ""Rplp1"", ""Mrpl34"", ""Trmt112"", ""Mrpl11"", ""Mrps17"", ""Rpl14"", ""Mrps34"", ""Mrps18a"", ""Mrps28"", ""Mrpl4"", ""Mrps7"", ""Mrpl28"", ""Gadd45gip1"", ""Eif3g"", ""Mrpl27"", 
""Mrpl41"", ""Mrps12"", ""Mrpl12"", ""Mrps33"")"
"216","GOCC_MYELIN_SHEATH","0.00178252303701326","0.027099041012699","0.45505986738723","-0.504522598888427","-1.6007572984867","97","c(""Ubb"", ""Gapdh"", ""Eef1a1"", ""Prdx2"", ""Pkm"", ""Vdac2"", ""Hspa8"", ""Cox5a"", ""Atp5h"", ""Pebp1"", ""Slc25a5"", ""Uqcrfs1"", ""Tuba1a"", ""Mdh2"", ""Cct5"", ""Cct2"", ""Ndufv2"", ""Phb"", ""Atp5o"", ""Calm3"", ""Pgam1"", ""Atp5a1"", ""Ass1"", ""Anxa2"", ""Prdx3"", ""Gdi2"", ""Ckb"", ""Atp5b"", ""Pdia3"", ""Cycs"", ""Nme1"", ""Mdh1"", ""Phgdh"")"
"217","GOBP_ANTIGEN_PROCESSING_AND_PRESENTATION","0.00373613606743873","0.0459970762409593","0.431707695803346","-0.551567679818471","-1.59663541222564","57","c(""Psmb9"", ""H2-D1"", ""Psme2"", ""H2-T22"", ""H2-Q4"", ""Ctsl"", ""Cd1d1"", ""H2-Q2"", ""H2-K1"", ""Ighm"", ""Pdia3"", ""H2-DMa"", ""H2-T3"", ""H2-Oa"", ""Calr"", ""H2-Q7"", ""Psap"", ""Ccr7"", ""Cd1d2"", ""Gm8909"", ""Ctss"", ""Icam1"")"
"218","GOBP_NEGATIVE_REGULATION_OF_IMMUNE_EFFECTOR_PROCESS","0.00339624745932681","0.0429324323250131","0.431707695803346","-0.526964177943551","-1.58809877638315","70","c(""H2-D1"", ""H2-T22"", ""H2-Q4"", ""Ndfip1"", ""Cuedc2"", ""H2-Q2"", ""H2-K1"", ""Bst2"", ""Dusp10"", ""H2-T3"", ""Smad7"", ""Gfer"", ""Clec2d"", ""H2-Q7"", ""Irf1"")"
"219","TABULA_MURIS_SENIS_BRAIN_NON_MYELOID_NEURON_AGEING","2.50209974851089e-05","0.000881379893118744","0.575610261071129","-0.438599910260296","-1.58200385617392","265","c(""Rpl13"", ""Rps7"", ""Rps3"", ""Rpl29"", ""Rps3a1"", ""Rpl18"", ""Rpl17"", ""Fth1"", ""Tmsb4x"", ""Jund"", ""Rpsa"", ""Lsm4"", ""H2-D1"", ""Vim"", ""Glrx5"", ""Mpc1"", ""Tomm6"", ""Mrps24"", ""Eif6"", ""Ube2m"", ""Snf8"", ""Ppp1r35"", ""Mrpl20"", ""Sf3b5"", ""Dgcr6"", ""Maz"", ""Them6"", ""Anxa2"", ""U2af1"", ""H2-K1"", ""Swi5"", ""Glrx3"", ""Fh1"", ""Atp5g2"", ""B9d2"", ""Csrp1"", ""Ptms"", ""Gadd45gip1"", ""Cd9"", ""Pex6"", ""Phgdh"", ""Pgp"", ""Chchd10"", ""Prr13"", ""Mrps12"", ""Zfp771"", ""Rsu1"", ""Capg"", ""Ctsc"", ""Gpr162"", ""Apoo"", ""Arl6ip4"", ""Smad7"", ""Bcl2"", ""Polr2j"", ""Thoc6"", ""Cst3"", 
""1110065P20Rik"", ""Plekho1"", ""Med19"", ""Mrpl21"", ""Rpl32"")"
"220","TABULA_MURIS_SENIS_BROWN_ADIPOSE_TISSUE_B_CELL_AGEING","0.000523193499978491","0.0102457249131381","0.477270815362862","-0.481644285491856","-1.57980090879865","130","c(""Rps3"", ""Jund"", ""Atp5d"", ""Pkm"", ""Cotl1"", ""Cox5a"", ""Psmb9"", ""Uqcrfs1"", ""Bsg"", ""Vim"", ""Id3"", ""Klf2"", ""Tomm6"", ""Ppp1r35"", ""Klf13"", ""Ctsl"", ""Ifngr1"", ""Prelid1"", ""Anxa2"", ""H2-K1"", ""Bst2"", ""Ctsz"", ""Pcmt1"", ""Rasgrp2"", ""Aldh2"", ""Gadd45gip1"", ""Cd9"", ""Tagln2"", ""Timp2"", ""Prr13"", ""Capg"", ""Snrpa"", ""Dohh"", ""Itm2a"", ""Hexb"", ""Sgk1"", ""Sf3b2"", ""Cst3"", ""Plekho1"", ""Tmed3"", ""Psap"", ""Atp5c1"")"
"221","REACTOME_EUKARYOTIC_TRANSLATION_INITIATION","0.00367126195548994","0.0458075168830786","0.431707695803346","-0.514576415765068","-1.57572348963418","83","c(""Rplp0"", ""Rpl9"", ""Ubb"", ""Rpl10"", ""Rpl19"", ""Rpl15"", ""Rpl13"", ""Rps7"", ""Rps3"", ""Rpl29"", ""Rps3a1"", ""Rpl8"", ""Rps4x"", ""Rpl18"", ""Rps2"", ""Rpl11"", ""Rpl17"", ""Rps5"", ""Rps6"", ""Rpl3"", ""Rps10"", ""Rpl4"", ""Rpl18a"", ""Eif4a1"", ""Rpl5"", ""Rpsa"", ""Eif3i"", ""Rpl21"", ""Rps16"")"
"222","TABULA_MURIS_SENIS_MARROW_MATURE_ALPHA_BETA_T_CELL_AGEING","8.04855592152583e-05","0.00227924056660072","0.538434096309916","-0.453025987952355","-1.57363194364654","201","c(""Ubb"", ""Clic1"", ""Fth1"", ""Cd3g"", ""H3f3b"", ""Tmsb4x"", ""Jund"", ""Chchd2"", ""Ltb"", ""Eef1d"", ""Lat"", ""Lsm4"", ""Sh2d1a"", ""Cotl1"", ""Cox5a"", ""Rps16"", ""Psmb9"", ""Pebp1"", ""Ndufb8"", ""Ndufb10"", ""H2-D1"", ""Dynll1"", ""Bsg"", ""Aurkaip1"", ""Fxyd5"", ""Ndufs7"", ""Vasp"", ""Psma6"", ""Tomm6"", ""Cd27"", ""Ms4a6b"", ""Calm3"", ""Mrps24"", ""Ube2m"", ""Snf8"", ""Psmc4"", ""Ppp1r35"", ""Klf13"", ""Dazap1"", ""Sf3b5"", ""Bcl7c"", ""Psmc5"", ""Pfdn6"", ""Klk8"", ""U2af1"", ""H2-K1"", ""Swi5"", ""Glrx3"", ""Timm13"", ""Rnf126"", ""Lsm2"", ""Tnfrsf18"", ""Cyc1"", ""Sfr1"", ""Ms4a4b"", ""Atp5g2"", 
""Rnaseh2c"", ""AW112010"", ""Nab2"", ""Gadd45gip1"", ""Cycs"", ""Exosc5"", ""Ptp4a3"", ""Mdh1"", ""Eef1e1"", ""Mri1"", ""Sp110"", ""Prr13"", ""Mrpl41"", ""Mrps12"", ""Snrpa"", ""Sod2"", ""Nkg7"", ""Smad7"", ""Mtdh"", ""S100a11"", ""Sf3b2"", ""Gimap7"", ""Nsmce2"")"
"223","GOBP_PROTEOLYSIS_INVOLVED_IN_PROTEIN_CATABOLIC_PROCESS","0.000370404975819359","0.00789604998268795","0.49849310876659","-0.452906693719464","-1.57012189899903","194","c(""Ubb"", ""Rps7"", ""Rpl11"", ""Sumo2"", ""Rpl5"", ""Ube2s"", ""Psmb5"", ""Psmb2"", ""Psmb6"", ""Psmb3"", ""Psmb9"", ""Psma5"", ""Psma2"", ""Park7"", ""Psme2"", ""Ube2n"", ""Psma1"", ""Psma3"", ""Rnf187"", ""Psma6"", ""Psmb4"", ""Snf8"", ""Psmc4"", ""Rnf7"", ""Psmd3"", ""Ube2a"", ""Psmd13"", ""Psmc5"", ""Ctsl"", ""Ndfip1"", ""Akt1"", ""Psmb7"", ""Ctsz"", ""Rnf126"", ""Commd1"", ""Akirin2"", ""Gzma"", ""Stub1"", ""Rad23a"", ""Psma4"", ""Rnf26"", ""Ctsc"", ""Ctsw"", ""Ube2c"", ""Aqp11"", ""Calr"", ""Faf1"", ""Ube2l3"", ""Ubl4a"", ""Klhdc2"", ""Anapc5"", ""Dcaf13"", ""Psmc2"", ""Alad"", ""Rnf125"", ""Sumo3"", 
""Fbxw7"", ""Psmd7"", ""Isg15"")"
"224","GOBP_PROTEASOMAL_PROTEIN_CATABOLIC_PROCESS","0.000313619602364163","0.00702240481727817","0.49849310876659","-0.47672179817922","-1.57000187354506","134","c(""Ubb"", ""Rpl11"", ""Sumo2"", ""Ube2s"", ""Psmb5"", ""Psmb2"", ""Psmb6"", ""Psmb3"", ""Psmb9"", ""Psma5"", ""Psma2"", ""Park7"", ""Psme2"", ""Ube2n"", ""Psma1"", ""Psma3"", ""Rnf187"", ""Psma6"", ""Psmb4"", ""Psmc4"", ""Ube2a"", ""Psmc5"", ""Akt1"", ""Psmb7"", ""Rnf126"", ""Commd1"", ""Akirin2"", ""Stub1"", ""Rad23a"", ""Psma4"", ""Ube2c"", ""Aqp11"", ""Calr"", ""Faf1"", ""Klhdc2"", ""Anapc5"", ""Dcaf13"", ""Psmc2"", ""Alad"", ""Fbxw7"", ""Psmd7"")"
"225","HALLMARK_ALLOGRAFT_REJECTION","0.00142699761042041","0.0226477065807658","0.45505986738723","-0.482422710161153","-1.56706781169977","111","c(""Rpl9"", ""Rps3a1"", ""Cd3g"", ""Cd3d"", ""Ltb"", ""Cd8a"", ""Ube2n"", ""Cd28"", ""Cd247"", ""Srgn"", ""Npm1"", ""Akt1"", ""Ifngr1"", ""Cd3e"", ""Gzma"", ""Eif5a"", ""H2-DMa"", ""Nme1"", ""Irf7"", ""Capg"", ""Ifnar2"", ""H2-Oa"", ""Cd4"", ""Ets1"")"
"226","GOCC_SYNAPSE","2.39687268850924e-06","0.000137096371500177","0.627256739718528","-0.417819876435103","-1.55953078079241","408","c(""Rplp0"", ""Rpl9"", ""Rpl10"", ""Rpl19"", ""Rpl15"", ""Rpl13"", ""Rps7"", ""Rps3"", ""Rpl29"", ""Rps3a1"", ""Rpl8"", ""Rps4x"", ""Rpl18"", ""Rps2"", ""Rpl11"", ""Rpl17"", ""Rps5"", ""Rps6"", ""Rpl3"", ""Rps10"", ""Gapdh"", ""Rpl4"", ""Rpl10a"", ""Rpl18a"", ""Rpl7a"", ""Rpl5"", ""Rpsa"", ""Eef1d"", ""Eif3i"", ""Rpl21"", ""Vdac2"", ""Hspa8"", ""Rps16"", ""Pebp1"", ""Tuba1a"", ""Vdac3"", ""Phb2"", ""Ndufs7"", ""Psma3"", ""Phb"", ""Calm3"", ""Eif6"", ""Rheb"", ""Rps18"", ""Psmc4"", ""Tubb2b"", ""Srgn"", ""Rplp1"", ""Psmc5"", ""Ndfip1"", ""Akt1"", ""Gdi2"", ""Hras"", ""Pin1"", ""Rasgrp2"", ""Cd3e"")"
"227","TABULA_MURIS_SENIS_PANCREAS_PANCREATIC_BETA_CELL_AGEING","0.00275426452660692","0.0371761359117014","0.431707695803346","-0.516595071157778","-1.55952525252706","72","c(""Ubb"", ""H3f3b"", ""Jund"", ""Pebp1"", ""Ndufb9"", ""Tuba1a"", ""Ier2"", ""Ckb"", ""Pycr2"", ""Guk1"", ""Junb"", ""Srsf7"", ""Sf3b2"", ""Atf5"", ""Psap"", ""Socs3"")"
"228","ICHIBA_GRAFT_VERSUS_HOST_DISEASE_35D_UP","0.00373269340742931","0.0459970762409593","0.431707695803346","-0.482633797580291","-1.55930958708424","100","c(""Rbm3"", ""Clic1"", ""Tmsb4x"", ""Pkm"", ""Psmb9"", ""Cytip"", ""Trbc1"", ""Cd52"", ""H2-DMa"", ""Ifi47"", ""Ctsc"", ""S100a11"", ""Cd7"", ""Ncf4"", ""Lcp2"", ""Birc5"", ""Ctss"", ""Samhd1"", ""Irgm1"", ""Lbp"", ""S100a4"", ""Gbp2"", ""Scmh1"", ""S100a6"", ""Tff3"")"
"229","GOBP_LEUKOCYTE_MEDIATED_CYTOTOXICITY","0.00214446862977673","0.0307409312015388","0.431707695803346","-0.510569120264649","-1.5559986181455","79","c(""Sh2d1a"", ""H2-D1"", ""H2-T22"", ""H2-Q4"", ""Cd1d1"", ""H2-Q2"", ""H2-K1"", ""Gimap5"", ""Pnp"", ""H2-T3"", ""Ctsc"", ""Nkg7"", ""Gfer"", ""Clec2d"", ""Hprt"", ""H2-Q7"", ""Slamf6"", ""Gimap3"", ""Cd226"", ""Prdx1"", ""Cd1d2"", ""Ripk3"", ""Gm8909"")"
"230","ZENG_GU_POST_ICB_METAGENE_31","0.00174671653357936","0.0267659984469177","0.45505986738723","-0.487856518980493","-1.55578830290043","98","c(""Ltb"", ""Psmb9"", ""Emp3"", ""Vasp"", ""Cd247"", ""Calm3"", ""Itgb7"", ""Cd3e"", ""Zbp1"", ""Gzma"", ""H2-DMa"", ""Ifi47"", ""Sp110"", ""Igtp"", ""Nkg7"", ""Ctsw"", ""Sp140"", ""Slfn1"", ""Gimap7"", ""Gimap3"", ""Irf1"", ""Gimap4"", ""Cst7"", ""Phf11b"", ""Cd8b1"", ""Morc3"")"
"231","GOBP_PROTEIN_STABILIZATION","0.00379817296968391","0.046586083324552","0.431707695803346","-0.515774893866473","-1.54688471777946","67","c(""Rps7"", ""Rpl11"", ""Gapdh"", ""Rpl5"", ""Cct4"", ""Park7"", ""Cct5"", ""Phb2"", ""Cct2"", ""Phb"", ""Cct7"", ""Npm1"", ""Pin1"", ""Bag1"", ""Sox4"", ""Tesc"", ""Stub1"", ""Cct8"", ""Pex6"", ""Igtp"", ""Tcf3"", ""Smad7"", ""Smo"", ""Calr"")"
"232","QI_PLASMACYTOMA_UP","0.00130934755993704","0.0212474743083042","0.45505986738723","-0.458162956495568","-1.54456269104415","147","c(""Cd3g"", ""Cd3d"", ""Tmsb4x"", ""Ltb"", ""Lat"", ""Sh2d1a"", ""Psmb9"", ""Vasp"", ""Ddt"", ""Nfkbia"", ""Dusp2"", ""Ifngr1"", ""Itgb7"", ""Dntt"", ""Cd3e"", ""Sp100"", ""Batf"", ""Cdc42ep3"", ""Ifi35"", ""Capg"", ""Mta3"", ""Cd4"", ""Bcl2"", ""Rrad"", ""Plekho1"", ""Ehd1"", ""Irf1"")"
"233","GOCC_POSTSYNAPSE","7.23495657022096e-05","0.00212164183280033","0.538434096309916","-0.439160974079459","-1.54389825185862","223","c(""Rplp0"", ""Rpl9"", ""Rpl10"", ""Rpl15"", ""Rpl13"", ""Rps7"", ""Rps3"", ""Rpl29"", ""Rps3a1"", ""Rpl8"", ""Rps2"", ""Rpl17"", ""Rps5"", ""Rps10"", ""Gapdh"", ""Rpl4"", ""Rpl10a"", ""Rpl18a"", ""Rpl7a"", ""Rpl5"", ""Rpsa"", ""Rpl21"", ""Hspa8"", ""Rps16"", ""Phb2"", ""Phb"", ""Rheb"", ""Rps18"", ""Srgn"", ""Rplp1"", ""Psmc5"")"
"234","TABULA_MURIS_SENIS_LUNG_CD4_POSITIVE_ALPHA_BETA_T_CELL_AGEING","0.00380981762862071","0.0466299077130123","0.431707695803346","-0.494344628589925","-1.54289983084834","90","c(""Clic1"", ""Sh2d1a"", ""Hspa8"", ""Emp3"", ""H2-D1"", ""Cd8a"", ""Vim"", ""H2-Q4"", ""Ms4a6b"", ""Txn1"", ""Pgam1"", ""Srgn"", ""Cd48"", ""Ier2"", ""Ndfip1"", ""Ifngr1"", ""Anxa2"", ""H2-K1"", ""Bst2"", ""Tnfrsf18"", ""Ms4a4b"", ""Slc3a2"", ""Cd5"", ""AW112010"", ""Cdc42ep3"", ""Ywhaq"", ""Ifi47"", ""Apobec3"", ""Smpdl3a"", ""Ifi35"", ""Junb"", ""Epsti1"", ""Prr13"", ""Capg"", ""Nkg7"", ""Smco4"", ""S100a11"", ""Gimap7"", ""Gm8369"", ""Socs3"", ""Klf6"", ""Cst7"", ""Gng2"", ""Ncf4"", ""Thy1"", ""Cd8b1"", ""Bcl2a1b"", ""Tnfrsf4"", ""Cd82"", ""Nr3c1"", ""Id2"")"
"235","TABULA_MURIS_SENIS_TRACHEA_T_CELL_AGEING","0.000887749336372348","0.0157316807246106","0.477270815362862","-0.459427748761391","-1.52180414736779","136","c(""Fth1"", ""Jund"", ""Lat"", ""Pebp1"", ""H2-D1"", ""Ostf1"", ""Bsg"", ""Tsc22d3"", ""Vim"", ""Fxyd5"", ""Vasp"", ""Mpc1"", ""Elof1"", ""Mrps24"", ""Ube2m"", ""Ppp1r35"", ""Bcl7c"", ""S1pr4"", ""Pfdn6"", ""Maz"", ""H2-K1"", ""Hras"", ""Pin1"", ""Rnf126"", ""Bag1"", ""Gzma"", ""Rnaseh2c"", ""Prmt1"", ""Cdc42ep3"", ""Gadd45gip1"", ""Exosc5"", ""Nip7"", ""Tagln2"", ""Junb"", ""Prr13"", ""Mrps12"", ""Mrpl12"", ""Ifnar2"", ""Fkbp2"", ""Mrpl15"", ""Prr7"", ""Dohh"", ""Smco4"", ""Gfer"", ""Pdcd1"", ""Polr2c"", ""Sf3b2"", ""Tpst2"", ""Ubl4a"", ""Lef1"", ""Thoc6"", ""Med9"", ""Aasdhppt"", ""Orai1"", ""Pigf"", ""Ppie"", 
""Glrx"", ""Zwint"", ""Bcl2a1b"", ""Zcchc17"", ""Avpi1"", ""Arhgef6"", ""Sgf29"", ""Nt5c3b"", ""Cd82"")"
"236","REACTOME_TRANSPORT_OF_SMALL_MOLECULES","0.000792331929397363","0.0143940300507188","0.477270815362862","-0.444801797535828","-1.51339133588324","170","c(""Ubb"", ""Fth1"", ""Psmb5"", ""Psmb2"", ""Psmb6"", ""Psmb3"", ""Slc25a5"", ""Psma5"", ""Psma2"", ""Psme2"", ""Phb2"", ""Tsc22d3"", ""Psma1"", ""Psma3"", ""Psma6"", ""Phb"", ""Calm3"", ""Psmb4"", ""Psmc4"", ""Psmd3"", ""Psmd13"", ""Slc24a5"", ""Psmc5"", ""Psmb7"")"
"237","GOCC_PRESYNAPSE","0.00183308391499685","0.0277217952275833","0.45505986738723","-0.435579366054377","-1.50493900656741","180","c(""Rpl9"", ""Rpl10"", ""Rpl15"", ""Rpl13"", ""Rpl29"", ""Rpl8"", ""Rpl17"", ""Rps5"", ""Rps6"", ""Rps10"", ""Rpl4"", ""Rpl10a"", ""Rpl7a"", ""Rpl5"", ""Vdac2"", ""Hspa8"", ""Rps16"", ""Pebp1"", ""Vdac3"", ""Phb2"", ""Phb"", ""Calm3"")"
"238","ZENG_GU_ICB_CONTROL_METAGENE_8_PRECICTIVE_ICB_RESPONSE","0.00122740257612161","0.0203172053932794","0.45505986738723","-0.451753413652749","-1.50117275391935","137","c(""Cd3g"", ""Lat"", ""Sh2d1a"", ""Cd8a"", ""Cd28"", ""Cd27"", ""Cd48"", ""S1pr4"", ""AB124611"", ""Cd5"", ""Ifi47"", ""Epsti1"", ""Gpr171"", ""Igtp"", ""Nkg7"", ""Gpr18"", ""Ctsw"", ""Pdcd1"", ""Slfn1"", ""Gimap7"", ""Slamf6"", ""Gimap3"", ""Cd226"", ""Irf1"", ""Icos"", ""Gimap4"", ""Cd7"", ""Cst7"", ""Gbp9"", ""Prcp"", ""Cd8b1"", ""Parp9"", ""Lax1"", ""Tnfrsf4"")"
"239","GOBP_SMALL_MOLECULE_CATABOLIC_PROCESS","0.00389131028518036","0.0470795716808014","0.431707695803346","-0.478631484132159","-1.50112873911584","91","c(""Gapdh"", ""Pkm"", ""Park7"", ""Glo1"", ""Pgk1"", ""Ldha"", ""Adh5"", ""Akt1"", ""Etfb"", ""Ada"", ""Pfkp"", ""Pnp"", ""Blmh"", ""Nudt1"", ""Hexb"", ""Pfkl"", ""Hibadh"", ""Khk"", ""Aasdhppt"", ""Nudt19"", ""Pex7"", ""Faah"", ""Got1"", ""Asrgl1"", ""Ahcy"", ""Eno3"", ""Gale"", ""Galk1"", ""Prodh"", ""Decr1"", ""Eci1"", ""Pycrl"", ""Acadl"", ""Oat"")"
"240","TABULA_MURIS_SENIS_LIMB_MUSCLE_B_CELL_AGEING","0.00277349112162621","0.0372615307200805","0.431707695803346","-0.459746781260351","-1.49502783892474","122","c(""Ubb"", ""Fth1"", ""Gapdh"", ""Jund"", ""Gstp1"", ""Prdx2"", ""Atp5d"", ""Ube2s"", ""Eef1d"", ""Psmb9"", ""Emp3"", ""Tuba1a"", ""H2-D1"", ""Psme2"", ""Dynll1"", ""Bsg"", ""Vim"", ""Fxyd5"", ""Ldha"", ""H2-Q4"", ""Tubb2a"", ""Rheb"", ""Txn1"", ""Srgn"", ""Ndfip1"", ""H2-K1"", ""Itgb7"", ""Manf"", ""Pdia6"", ""Strap"", ""Sfr1"", ""Pdia3"", ""Slc3a2"", ""Tuba4a"", ""AW112010"", ""Cycs"", ""Ppp1r2"", ""Cd9"", ""Kras"", ""Tagln2"", ""Prr13"", ""Srsf7"", ""Fkbp2"")"
"241","TABULA_MURIS_SENIS_AORTA_FIBROBLAST_OF_CARDIAC_TISSUE_AGEING","0.000310387527977327","0.00700727262183064","0.49849310876659","-0.410172966759694","-1.47548570092615","271","c(""Ubb"", ""Clic1"", ""Fth1"", ""H3f3b"", ""Jund"", ""Gstp1"", ""Chchd2"", ""Ppp1r14b"", ""Eif3i"", ""Cotl1"", ""Slc25a5"", ""Tuba1a"", ""H2-D1"", ""Fdps"", ""Dynll1"", ""Bsg"", ""Vdac3"", ""Cmtm7"", ""Mdh2"", ""Phb2"", ""Fxyd5"", ""Pgls"", ""Id3"", ""Ddt"", ""Tomm6"", ""Dap"", ""Rheb"", ""Ube2m"", ""Srsf9"", ""Klf13"", ""Tubb2b"", ""Srgn"", ""Ndufa9"", ""Bcl7c"", ""Ier2"", ""Mospd3"", ""Mrpl34"", ""Prelid1"", ""Bst2"", ""Ctsz"", ""Manf"", ""Pdia6"", ""Bcas2"", ""Cyc1"", ""Slc3a2"", ""Tuba4a"", ""Txnl4a"", ""Eif5a"", ""Mrpl28"", ""Ptms"", ""Gadd45gip1"", ""Thyn1"", ""Ptp4a3"", ""Pnp"", ""Ormdl2"", ""Ifi35"", 
""Eif3g"", ""Miip"", ""Glod4"", ""Junb"", ""Prr13"", ""Spag7"", ""Mrpl12"", ""Capg"", ""Fkbp2"", ""Yif1b"", ""Snrpa"")"
"242","REACTOME_NEUTROPHIL_DEGRANULATION","0.000448931970911874","0.00919673757431879","0.49849310876659","-0.41951816029812","-1.47108163414661","215","c(""Fth1"", ""Eef1a1"", ""Gstp1"", ""Pkm"", ""Dynlt1f"", ""Hspa8"", ""Cotl1"", ""Psma5"", ""Psma2"", ""Dynll1"", ""Ostf1"", ""H2-T22"", ""Cct2"", ""H2-Q4"", ""Pgam1"", ""Psmd3"", ""Psmd13"", ""Aprt"", ""Ndufc2"", ""Ddost"", ""Psmb7"", ""Anxa2"", ""Gdi2"", ""H2-Q2"", ""H2-K1"", ""Bst2"", ""Ctsz"", ""Dynlt1a"", ""Pgrmc1"", ""Prdx4"", ""Cct8"", ""Pnp"", ""Timp2"", ""Trappc1"", ""Ctsc"", ""Gyg"", ""Hexb"", ""Pfkl"", ""S100a11"", ""Pecam1"", ""H2-Q7"", ""Cst3"", ""Psmc2"", ""Alad"", ""Psap"", ""Psmd12"", ""Psmd7"", ""Gm2a"", ""P2rx1"", ""Creg1"", ""Ppie"", ""Prcp"", ""Gm8909"", ""Ctss"", ""Mvp"", ""Hvcn1"", ""Ilf2"", 
""Ctsb"")"
"243","GOBP_MODIFICATION_DEPENDENT_MACROMOLECULE_CATABOLIC_PROCESS","0.00390360305264045","0.0470795716808014","0.431707695803346","-0.429346540253373","-1.46286988577934","161","c(""Ubb"", ""Rps7"", ""Rpl11"", ""Sumo2"", ""Rpl5"", ""Ube2s"", ""Psmb5"", ""Psmb3"", ""Psma5"", ""Psma2"", ""Park7"", ""Ube2n"", ""Psma1"", ""Psma3"", ""Rnf187"", ""Psma6"", ""Snf8"", ""Psmc4"", ""Rnf7"", ""Exosc3"", ""Psmd3"", ""Ube2a"", ""Psmd13"", ""Psmc5"", ""Ndfip1"", ""Akt1"", ""Rnf126"", ""Commd1"", ""Akirin2"", ""Stub1"", ""Rad23a"", ""Psma4"", ""Rnf26"", ""Ube2c"", ""Calr"", ""Faf1"", ""Ube2l3"", ""Ubl4a"", ""Klhdc2"", ""Anapc5"", ""Dcaf13"", ""Psmc2"", ""Rnf125"", ""Sumo3"", ""Fbxw7"", ""Psmd7"", ""Isg15"")"
"244","TABULA_MURIS_SENIS_MAMMARY_GLAND_ENDOTHELIAL_CELL_AGEING","0.000249271822419242","0.00593787346863349","0.49849310876659","-0.415224307536633","-1.46099344403159","233","c(""Rbm3"", ""Fth1"", ""Sumo2"", ""Jund"", ""Gstp1"", ""Prdx2"", ""Psmb3"", ""Psmb9"", ""0610010K14Rik"", ""Ndufb8"", ""Ndufb10"", ""Ndufb9"", ""Uqcrfs1"", ""Park7"", ""Ostf1"", ""Bsg"", ""Gtf2a2"", ""Phb2"", ""Pgls"", ""Ndufs7"", ""Psma1"", ""Ndufv2"", ""Rnf187"", ""Klf2"", ""Tomm6"", ""Mrps14"", ""Atp5o"", ""Calm3"", ""Sptssa"", ""Rheb"", ""Snf8"", ""Anp32a"", ""Klf13"", ""Adh5"", ""Cnpy2"", ""Mrpl20"", ""Ndufa9"", ""Wdr83os"", ""Ndufc2"", ""Akt1"", ""Ifngr1"", ""Ddost"", ""Prelid1"", ""Ndufv1"", ""Ctsz"", ""Swi5"", ""Cetn3"", ""Eid1"", ""Pdia6"", ""Ndufs8"", ""Timm13"", ""Commd1"", ""Aldh2"", ""Bag1"", 
""Cyc1"", ""Etfb"", ""Igfbp4"", ""Prdx4"", ""Atp5g2"", ""Pdia3"", ""Mrpl4"", ""Guk1"", ""Rnaseh2c"", ""AW112010"", ""Ptms"", ""Smpdl3a"", ""Sdhb"", ""Spag7"", ""Lsm7"", ""Mrps33"", ""Rsu1"", ""Capg"", ""Yif1b"", ""Tcf3"", ""Smco4"", ""Icam2"", ""Tsen34"", ""Sf3b2"", ""Mrpl14"", ""Cst3"", ""Mrpl54"", ""Cmpk1"", ""Tmed3"", ""Irf1"", ""Psap"", ""Sumo3"", ""Gimap4"", ""Atp5c1"", ""Vamp5"", ""Socs3"", ""Sypl"", ""Nenf"")"
"245","TABULA_MURIS_SENIS_BLADDER_ENDOTHELIAL_CELL_AGEING","0.00420519860419548","0.0495784333396679","0.407017918923954","-0.427513826248507","-1.45534505260799","168","c(""Rps2"", ""Rbm3"", ""Fth1"", ""Gapdh"", ""H3f3b"", ""Jund"", ""Eef1a1"", ""Rpl4"", ""Eif4a1"", ""Chchd2"", ""Atp5d"", ""Ube2s"", ""Sap18"", ""Pkm"", ""Rpl21"", ""Tomm20"", ""Srsf3"", ""Vim"", ""Tubb2a"", ""Eif6"", ""Rheb"", ""Txnl1"", ""Rplp1"", ""Ier5"", ""U2af1"", ""Aldh2"", ""Ckb"", ""Rpl14"", ""Slc3a2"", ""Tuba4a"", ""Csrp1"", ""Eif5a"", ""Ppp1r2"", ""Pnp"", ""Junb"", ""Srsf7"", ""Igtp"", ""Gem"", ""Pmvk"", ""Ly6d"")"
"246","GOBP_REGULATION_OF_PROTEOLYSIS","0.000627918599253833","0.0119719001580508","0.477270815362862","-0.414319311901681","-1.45285136161376","215","c(""Ubb"", ""Rps7"", ""Rps3"", ""Rpl11"", ""Gapdh"", ""Sumo2"", ""Rpl5"", ""Psmb9"", ""Pebp1"", ""Cdkn2d"", ""Arl6ip1"", ""Park7"", ""Psme2"", ""Aurkaip1"", ""Psma3"", ""Hdac1"", ""Dap"", ""Rnf7"", ""Ctsl"", ""Akt1"", ""Prelid1"", ""Capn3"", ""Ctsz"", ""Timm17a"", ""Commd1"", ""Akirin2"", ""Cycs"", ""Stub1"", ""Timp2"", ""Rad23a"", ""Prr7"", ""Ctsc"", ""Fam162a"", ""Aqp11"", ""Pih1d1"", ""Bmyc"", ""Bbc3"", ""Cst3"", ""Ift57"", ""Alad"")"
"247","GOBP_PROTEIN_CATABOLIC_PROCESS","0.000459372875260913","0.00934435598726159","0.49849310876659","-0.398700710986567","-1.42862437780169","263","c(""Ubb"", ""Rps7"", ""Rpl11"", ""Sumo2"", ""Rpl5"", ""Ube2s"", ""Psmb5"", ""Psmb2"", ""Hspa8"", ""Psmb6"", ""Psmb3"", ""Psmb9"", ""Psma5"", ""Psma2"", ""Park7"", ""Psme2"", ""Ube2n"", ""Psma1"", ""Psma3"", ""Rnf187"", ""Psma6"", ""Phb"", ""Psmb4"", ""Snf8"", ""Psmc4"", ""Rnf7"", ""Psmd3"", ""Ube2a"", ""Psmd13"", ""Psmc5"", ""Ctsl"", ""Ndfip1"", ""Akt1"", ""Psmb7"", ""Anxa2"", ""Capn3"", ""Ctsz"", ""Pin1"", ""Rnf126"", ""Commd1"", ""Akirin2"", ""Gzma"", ""Stub1"", ""Timp2"", ""Rad23a"", ""Psma4"", ""Rnf26"", ""Ctsc"", ""Ctsw"", ""Ube2c"", ""Aqp11"", ""Calr"", ""Faf1"", ""Ube2l3"", ""Ubl4a"", ""Cst3"", ""Klhdc2"", 
""Anapc5"", ""Dcaf13"", ""Psmc2"", ""Alad"", ""Psap"", ""Rnf125"", ""Sumo3"", ""Fbxw7"", ""Psmd7"", ""Isg15"")"
"248","GOCC_ENDOPLASMIC_RETICULUM","5.04011301297061e-05","0.00155704453881985","0.557332238758646","-0.382700151059233","-1.42242103922741","423","c(""Rplp0"", ""Rpl10"", ""Rpl13"", ""Rps7"", ""Rps3"", ""Rps3a1"", ""Rpl18"", ""Rps6"", ""Clic1"", ""Rpl4"", ""Rpl5"", ""Eef1b2"", ""Eef1d"", ""Pkm"", ""Rpl21"", ""Eef1g"", ""Ndufb8"", ""Arl6ip1"", ""H2-D1"", ""Park7"", ""Bsg"", ""H2-T22"", ""Cnbp"", ""H2-Q4"", ""Sptssa"", ""Rheb"", ""Anp32a"", ""Cnpy2"", ""Wdr83os"", ""Ahsa1"", ""Ndfip1"", ""Ddost"", ""Cd1d1"", ""H2-Q2"", ""H2-K1"", ""Ctsz"", ""Manf"", ""Pdia6"", ""Cd3e"", ""Pgrmc1"", ""Prdx4"", ""Pdia3"", ""Eif5a"", ""Tfg"", ""Ifi47"", ""Stub1"", ""Emc8"", ""Ormdl2"", ""Trappc1"", ""Rnf26"", ""Fkbp2"", ""H2-T3"", ""Igtp"", ""Yif1b"", ""Emc9"", ""Cd4"", ""Apoo"", 
""Ctsw"", ""0610009B22Rik"", ""Aqp11"", ""Smo"", ""Bcl2"", ""Mtdh"", ""Gnpnat1"", ""Calr"", ""Sgk1"", ""Clec2d"", ""Psmg1"", ""Faf1"", ""H2-Q7"", ""Tpst2"", ""Kdelr2"")"
"249","GOBP_PEPTIDE_BIOSYNTHETIC_PROCESS","0.000671330639233732","0.0126328244392615","0.477270815362862","-0.38795814413032","-1.41116721273671","299","c(""Rplp0"", ""Rpl9"", ""Rpl10"", ""Rpl19"", ""Rpl15"", ""Rpl13"", ""Rps7"", ""Rps3"", ""Rpl29"", ""Rps3a1"", ""Rpl8"", ""Rps4x"", ""Rpl18"", ""Rps2"", ""Rpl11"", ""Rpl17"", ""Rps5"", ""Rps6"", ""Rbm3"", ""Rpl3"", ""Rps10"", ""Gapdh"", ""Eef1a1"", ""Rpl4"", ""Rpl10a"", ""Rpl18a"", ""Eif4a1"", ""Rpl7a"", ""Rpl5"", ""Eef1b2"", ""Rpsa"", ""Eef1d"", ""Pkm"", ""Eif3i"", ""Rpl21"", ""Eef1g"", ""Rps16"", ""Vim"", ""Aurkaip1"", ""Cnbp"", ""Mrps14"", ""Mrps24"", ""Dap"", ""Eif6"", ""Mrpl18"", ""Rps18"", ""Mrpl20"", ""Exosc3"", ""Npm1"", ""Rplp1"", ""Mrpl34"", ""Akt1"", ""Mif4gd"", ""Dcps"", ""Mrpl11"", ""Mrps17"", 
""Rpl14"", ""Sox4"", ""Mrps34"", ""Mrps18a"", ""Mrps28"", ""Mrpl4"", ""Prmt1"", ""Mrps7"", ""Eif5a"", ""Mrpl28"", ""Gadd45gip1"", ""Drg1"", ""Exosc5"", ""Tsfm"", ""Eef1e1"", ""Eif3g"", ""Mrpl27"", ""Mrpl41"", ""Mrps12"", ""Mrpl12"", ""Mrps33"")"
"250","ZHANG_UTERUS_C4_MYOFIBROBLAST","0.00387920513253542","0.0470795716808014","0.431707695803346","-0.410877495684794","-1.41060115570125","174","c(""Ubb"", ""Rpl15"", ""Rps6"", ""Rbm3"", ""Gapdh"", ""Eef1a1"", ""Gstp1"", ""Sap18"", ""Erh"", ""Eef1g"", ""Tuba1a"", ""Vim"", ""Hdac1"", ""Nfkbia"", ""Tubb2a"", ""Arl1"", ""Ddost"", ""Anxa2"", ""Swi5"", ""Pdia6"", ""Prdx4"", ""Pdia3"", ""Raly"", ""Hmgn2"", ""Nab2"", ""Ppp1r2"", ""Pnp"")"
"251","GOBP_AMIDE_BIOSYNTHETIC_PROCESS","0.00025932305468216","0.00613979215942147","0.49849310876659","-0.388713286930213","-1.40619847263721","331","c(""Rplp0"", ""Rpl9"", ""Rpl10"", ""Rpl19"", ""Rpl15"", ""Rpl13"", ""Rps7"", ""Rps3"", ""Rpl29"", ""Rps3a1"", ""Rpl8"", ""Rps4x"", ""Rpl18"", ""Rps2"", ""Rpl11"", ""Rpl17"", ""Rps5"", ""Rps6"", ""Rbm3"", ""Rpl3"", ""Rps10"", ""Gapdh"", ""Eef1a1"", ""Rpl4"", ""Rpl10a"", ""Rpl18a"", ""Eif4a1"", ""Rpl7a"", ""Rpl5"", ""Eef1b2"", ""Rpsa"", ""Eef1d"", ""Pkm"", ""Eif3i"", ""Rpl21"", ""Eef1g"", ""Rps16"", ""Vim"", ""Aurkaip1"", ""Cnbp"", ""Mpc1"", ""Mrps14"", ""Sptssa"", ""Mrps24"", ""Dap"", ""Eif6"", ""Mrpl18"", ""Rps18"", ""Mrpl20"", ""Exosc3"", ""Npm1"", ""Rplp1"", ""Mrpl34"", ""Ass1"", ""Akt1"", ""Mif4gd"", ""Dcps"", 
""Mrpl11"", ""Mrps17"", ""Rpl14"", ""Sox4"", ""Fh1"", ""Mrps34"", ""Mrps18a"", ""Mrps28"", ""Mrpl4"", ""Prmt1"", ""Mrps7"", ""Eif5a"", ""Mrpl28"", ""Gadd45gip1"", ""Drg1"", ""Exosc5"", ""Tsfm"", ""Ormdl2"", ""Eef1e1"", ""Eif3g"", ""Mrpl27"", ""Mrpl41"", ""Mrps12"", ""Mrpl12"", ""Mrps33"")"
"252","TABULA_MURIS_SENIS_MAMMARY_GLAND_T_CELL_AGEING","0.00121869990348958","0.0202311188001705","0.45505986738723","-0.384980374304455","-1.38670185485852","266","c(""Rbm3"", ""Clic1"", ""Cd3g"", ""H3f3b"", ""Tmsb4x"", ""Jund"", ""Gstp1"", ""Atp5d"", ""Ppp1r14b"", ""Ltb"", ""Lat"", ""Pkm"", ""Lsm4"", ""Psmb2"", ""Cotl1"", ""Psmb3"", ""Cox5a"", ""Atp5h"", ""Psmb9"", ""Pebp1"", ""Ndufb8"", ""Ndufb10"", ""Emp3"", ""H2-D1"", ""Park7"", ""Psme2"", ""Ostf1"", ""Bsg"", ""Cmtm7"", ""Cd8a"", ""Vim"", ""Fxyd5"", ""Pgls"", ""Ndufs7"", ""Vasp"", ""Psma1"", ""Cd28"", ""Rnf187"", ""Tomm6"", ""Nfkbia"", ""Mrps14"", ""Calm3"", ""Sptssa"", ""Dap"", ""Ifi27"", ""Rheb"", ""Dusp2"", ""Txn1"", ""Cd48"", ""Sf3b5"", ""Ier2"", ""Ier5"", ""Ddost"", ""Dnajc15"", ""Anxa2"", ""H2-K1"", ""Itgb7"", 
""Swi5"", ""Cd52"", ""Trmt112"", ""Cd3e"", ""Cyc1"", ""Etfb"", ""Rnh1"", ""Ms4a4b"", ""Pdia3"", ""Slc3a2"", ""Rnaseh2c"", ""AW112010"", ""Ptms"", ""Ywhaq"", ""Apobec3"", ""Nme1"", ""Smpdl3a"", ""Tagln2"", ""Timp2"", ""Sdhb"", ""Junb"", ""Sp110"", ""Prr13"", ""Lsm7"")"
"253","GOCC_MITOCHONDRIAL_ENVELOPE","0.00100279537492776","0.0173968434863594","0.45505986738723","-0.383112845054964","-1.38532560168686","280","c(""Ubb"", ""Rps3"", ""Chchd2"", ""Atp5d"", ""Vdac2"", ""Cox5a"", ""Tomm20"", ""Atp5h"", ""Pebp1"", ""Slc25a5"", ""Ndufb8"", ""Ndufb10"", ""Ndufb9"", ""Uqcrfs1"", ""Park7"", ""Vdac3"", ""Mdh2"", ""Tmem14c"", ""Phb2"", ""Aurkaip1"", ""Ndufs7"", ""Ndufv2"", ""Mpc1"", ""Tomm6"", ""Phb"", ""Mrps14"", ""Atp5o"", ""Calm3"", ""Mrps24"", ""Ifi27"", ""Mrpl18"", ""Mrpl20"", ""Sdhd"", ""Ndufa9"", ""Ndufc2"", ""Atp5a1"", ""Mrpl34"", ""Ass1"", ""Prelid1"", ""Dnajc15"", ""Ndufv1"", ""Timm17a"", ""Ndufs8"", ""Timm13"", ""Mrpl11"", ""Fdx1"", ""Atp5g3"", ""Cyc1"", ""Ndufab1"", ""Mrps17"", ""Atp5b"", ""Samm50"", ""Pgrmc1"", 
""Mrps34"", ""Atp5g2"", ""Mrps18a"", ""Pmpcb"", ""Mrps28"", ""Mrpl4"", ""Mrps7"", ""Mrpl28"", ""Gadd45gip1"", ""Cycs"", ""Idh2"", ""Tomm5"", ""Nme1"", ""Chchd10"", ""Sdhb"", ""Mrpl27"", ""Mrpl41"", ""Mrps12"", ""Mrpl12"", ""Mrps33"", ""Mrpl15"", ""Sod2"", ""Mrpl40"", ""Apoo"", ""Mrpl55"", ""Ak2"", ""Mrpl49"", ""Mrps15"", ""Bcl2"", ""Mtx2"", ""Mrps11"", ""AA467197"", ""Bbc3"", ""Mtx1"", ""Mrpl14"", ""Gimap3"", ""Mrpl54"", ""Mrpl46"", ""Mrpl21"", ""Tomm40"")"
"254","GOBP_PEPTIDE_METABOLIC_PROCESS","0.000825878968950061","0.0149096962613266","0.477270815362862","-0.378957372096592","-1.37296791860246","328","c(""Rplp0"", ""Rpl9"", ""Rpl10"", ""Rpl19"", ""Rpl15"", ""Rpl13"", ""Rps7"", ""Rps3"", ""Rpl29"", ""Rps3a1"", ""Rpl8"", ""Rps4x"", ""Rpl18"", ""Rps2"", ""Rpl11"", ""Rpl17"", ""Rps5"", ""Rps6"", ""Rbm3"", ""Rpl3"", ""Rps10"", ""Gapdh"", ""Eef1a1"", ""Rpl4"", ""Rpl10a"", ""Rpl18a"", ""Eif4a1"", ""Rpl7a"", ""Rpl5"", ""Eef1b2"", ""Rpsa"", ""Eef1d"", ""Pkm"", ""Eif3i"", ""Rpl21"", ""Eef1g"", ""Rps16"", ""Vim"", ""Aurkaip1"", ""Cnbp"", ""Mrps14"", ""Mrps24"", ""Dap"", ""Eif6"", ""Mrpl18"", ""Rps18"", ""Mrpl20"", ""Exosc3"", ""Npm1"", ""Rplp1"", ""Mrpl34"", ""Akt1"", ""Ifngr1"", ""Pin1"", ""Mif4gd"", ""Dcps"", ""Mrpl11"", 
""Mrps17"", ""Rpl14"", ""Sox4"", ""Mrps34"", ""Mrps18a"", ""Mrps28"", ""Mrpl4"", ""Prmt1"", ""Mrps7"", ""Eif5a"", ""Mrpl28"", ""Gadd45gip1"", ""Drg1"", ""Exosc5"", ""Tsfm"", ""Eef1e1"", ""Eif3g"", ""Mrpl27"", ""Mrpl41"", ""Mrps12"", ""Mrpl12"", ""Mrps33"")"
"255","LI_INDUCED_T_TO_NATURAL_KILLER_UP","0.00374218899658142","0.0459970762409593","0.431707695803346","-0.394805802591193","-1.37001503954704","203","c(""Cotl1"", ""Ostf1"", ""Vim"", ""Fxyd5"", ""Ndfip1"", ""Klk8"", ""Anxa2"", ""Itgb7"", ""Cd52"", ""Tnfrsf18"", ""Prdx4"", ""Batf"", ""Ptms"", ""Cd9"", ""Junb"", ""Prr13"", ""Plp2"", ""Capg"", ""Prr7"", ""Nkg7"", ""Smco4"", ""Gpr18"", ""Ctsw"", ""Mfsd10"", ""S100a11"", ""Sgk1"", ""H2-Q7"", ""Tpst2"", ""Cldnd1"", ""AA467197"", ""Sypl"", ""Cd7"", ""Tmem126a"", ""Gng2"", ""St3gal6"", ""Ncf4"", ""Sdf2l1"", ""Glrx"", ""Mapkapk3"", ""Furin"", ""Mvp"", ""Hvcn1"", ""Id2"", ""Eci1"", ""Ccdc102a"", ""Evi2a"", ""Lmna"", ""Neurl3"", ""Traf1"", ""S100a4"", ""Gbp2"", ""S100a6"", ""Lag3"", ""Nrgn"", ""Nfkb1"", ""Gadd45g"", 
""Hopx"", ""Cd69"", ""Lgals3"", ""Pglyrp1"", ""Cd160"", ""Litaf"", ""Snx18"", ""Lta"", ""Fhl2"", ""Asah1"", ""Rgs1"", ""Stx11"", ""Tnfrsf9"", ""Dusp6"", ""Cxcr3"", ""Ifi30"", ""Napsa"")"
"256","GOBP_AMIDE_METABOLIC_PROCESS","0.000415127235607245","0.00862658287806854","0.49849310876659","-0.368846794807629","-1.36703394021065","400","c(""Rplp0"", ""Rpl9"", ""Rpl10"", ""Rpl19"", ""Rpl15"", ""Rpl13"", ""Rps7"", ""Rps3"", ""Rpl29"", ""Rps3a1"", ""Rpl8"", ""Rps4x"", ""Rpl18"", ""Rps2"", ""Rpl11"", ""Rpl17"", ""Rps5"", ""Rps6"", ""Rbm3"", ""Rpl3"", ""Rps10"", ""Gapdh"", ""Eef1a1"", ""Rpl4"", ""Rpl10a"", ""Rpl18a"", ""Eif4a1"", ""Rpl7a"", ""Rpl5"", ""Eef1b2"", ""Rpsa"", ""Eef1d"", ""Pkm"", ""Eif3i"", ""Rpl21"", ""Eef1g"", ""Rps16"", ""Vim"", ""Aurkaip1"", ""Cnbp"", ""Mpc1"", ""Mrps14"", ""Sptssa"", ""Mrps24"", ""Dap"", ""Eif6"", ""Mrpl18"", ""Rps18"", ""Mrpl20"", ""Exosc3"", ""Npm1"", ""Rplp1"", ""Mrpl34"", ""Ass1"", ""Akt1"", ""Ifngr1"", ""Pin1"", 
""Mif4gd"", ""Dcps"", ""Mrpl11"", ""Mrps17"", ""Rpl14"", ""Sox4"", ""Fh1"", ""Ada"", ""Mrps34"", ""Mrps18a"", ""Mrps28"", ""Mrpl4"", ""Prmt1"", ""Mrps7"", ""Eif5a"", ""Mrpl28"", ""Gadd45gip1"", ""Drg1"", ""Exosc5"", ""Smpdl3a"", ""Pnp"", ""Tsfm"", ""Ormdl2"", ""Eef1e1"", ""Eif3g"", ""Pdzd11"", ""Mrpl27"", ""Mrpl41"", ""Mrps12"", ""Mrpl12"")"
"257","GOCC_BOUNDING_MEMBRANE_OF_ORGANELLE","0.0018865578349285","0.0283081678243687","0.45505986738723","-0.37907236339203","-1.35888381690877","268","c(""Ubb"", ""Vdac2"", ""Hspa8"", ""Tomm20"", ""Pebp1"", ""Arl6ip1"", ""H2-D1"", ""Bsg"", ""H2-T22"", ""Vdac3"", ""Phb2"", ""Tomm6"", ""Phb"", ""Calm3"", ""Rheb"", ""Snf8"", ""Srgn"", ""Ndfip1"", ""Ass1"", ""Anxa2"", ""H2-Q2"", ""H2-K1"", ""Samm50"", ""Pgrmc1"", ""Ldlrad4"", ""Mvb12a"", ""H2-DMa"", ""Tomm5"", ""Nme1"", ""Pex6"", ""Dhrs4"", ""H2-T3"", ""Igtp"", ""H2-Oa"", ""Nkg7"", ""Ift27"", ""Apoo"", ""Lfng"", ""Mfng"", ""0610009B22Rik"", ""Smo"", ""Bcl2"", ""Mtx2"", ""H2-Q7"", ""Kdelr2"", ""B4galnt1"", ""Mtx1"", ""Gimap3"", ""Tomm40"", ""Ehd1"", ""Tmed3"", ""Dtnbp1"", ""Rnf125"", ""Vdac1"", ""Sypl"")"
"258","GOBP_PROTEOLYSIS","0.000484099364316592","0.00967696203341505","0.49849310876659","-0.363338426673127","-1.34603445745177","430","c(""Ubb"", ""Rps7"", ""Rps3"", ""Rpl11"", ""Gapdh"", ""Sumo2"", ""Rpl5"", ""Ube2s"", ""Psmb5"", ""Psmb2"", ""Psmb6"", ""Psmb3"", ""Psmb9"", ""Pebp1"", ""Psma5"", ""Cdkn2d"", ""Arl6ip1"", ""Psma2"", ""Park7"", ""Psme2"", ""Ube2n"", ""Aurkaip1"", ""Psma1"", ""Psma3"", ""Pgk1"", ""Rnf187"", ""Psma6"", ""Hdac1"", ""Dap"", ""Psmb4"", ""Snf8"", ""Psmc4"", ""Rnf7"", ""Srgn"", ""Psmd3"", ""Ube2a"", ""Psmd13"", ""Psmc5"", ""Ctsl"", ""Ndfip1"", ""Akt1"", ""Prelid1"", ""Klk8"", ""Psmb7"", ""Capn3"", ""Ctsz"", ""Endou"", ""Timm17a"", ""Rnf126"", ""Commd1"", ""Akirin2"", ""Cpa3"", ""Cops4"", ""Gzma"", ""Pmpcb"", ""Cycs"", 
""Stub1"", ""Timp2"", ""Blmh"", ""Rad23a"", ""Npepl1"", ""Psma4"", ""Rnf26"", ""Prr7"", ""Ctsc"", ""Fam162a"", ""Ctsw"", ""Ube2c"", ""Aqp11"", ""Pih1d1"", ""Calr"", ""Faf1"", ""Bmyc"", ""Ube2l3"", ""Ubl4a"", ""Bbc3"", ""Cst3"", ""Klhdc2"", ""Anapc5"", ""Dcaf13"", ""Psmc2"", ""Ift57"", ""Alad"", ""Rnf125"", ""Sumo3"", ""Fbxw7"", ""Psmd7"", ""Isg15"")"
"259","ZHANG_UTERUS_C7_EPITHELIAL2_CELL","0.00020602056941141","0.00515229796315894","0.518848077743792","-0.3545012882354","-1.32736420346117","493","c(""Rpl19"", ""Rpl15"", ""H3f3a"", ""Rpl29"", ""Rpl8"", ""Rps2"", ""Rps6"", ""Rbm3"", ""Rps10"", ""Clic1"", ""Btf3"", ""Gapdh"", ""Naca"", ""Eif4a1"", ""Chchd2"", ""Rpl7a"", ""Atp5d"", ""Rpl5"", ""Sap18"", ""Ppp1r14b"", ""Psmb5"", ""Eef1d"", ""Pkm"", ""Eif3i"", ""Lsm4"", ""Psmb2"", ""Vdac2"", ""Erh"", ""Eef1g"", ""Psmb6"", ""Psmb3"", ""Cox5a"", ""Pebp1"", ""Srsf3"", ""Slc25a5"", ""Psma5"", ""Ndufb8"", ""Uqcrfs1"", ""Psma2"", ""Fdps"", ""Ap3s1"", ""Park7"", ""Psme2"", ""Dynll1"", ""Ostf1"", ""Mdh2"", ""Tmem14c"", ""Cct5"", ""Phb2"", ""Ube2n"", ""Psma1"", ""Psma3"", ""Cct2"", ""Pgk1"", ""Nudt21"", ""Ldha"", 
""Ndufv2"", ""Cnbp"", ""Psma6"", ""Phb"", ""Mrps14"", ""Atp5o"", ""Calm3"", ""Elof1"", ""Eif6"", ""Rheb"", ""Cct7"", ""Mrpl18"", ""Txn1"", ""Psmc4"", ""Rnf7"", ""Mrpl20"", ""Psmd3"", ""Ube2a"", ""Dazap1"", ""Sdhd"", ""Ndufa9"", ""Psmd13"", ""Txnl1"", ""Ppil1"", ""Npm1"", ""Ahsa1"", ""Ndufc2"", ""Atp5a1"", ""Psmc5"", ""Pfdn6"", ""Ass1"", ""Ddost"", ""Prelid1"", ""Dnajc15"", ""Psmb7"", ""Anxa2"", ""Nsmce1"", ""U2af1"", ""Prdx3"", ""Manf"", ""Timm17a"", ""Pdia6"", ""Dpy30"", ""Timm13"", ""Lsm2"", ""Commd1"", ""Mrpl11"", ""Strap"", ""Atp5g3"", ""Cyc1"", ""Cops4"", ""Ndufab1"", ""Pycr2"", ""Atp5b"", ""Samm50"", 
""Mrps34"", ""Atp5g2"", ""Mrps18a"", ""Pdia3"", ""Tuba4a"", ""Prmt1"", ""Txnl4a"", ""Lsm8"", ""Mrps7"", ""Eif5a"", ""Ppih"", ""Ube2e1"", ""Hmgn2"", ""Hnrnpa1"", ""Mrpl28"", ""Gadd45gip1"", ""Cycs"", ""Tomm5"", ""Cd9"", ""Nme1"", ""Cct8"", ""Nfu1"", ""Thyn1"", ""Mdh1"", ""Tagln2"", ""Ormdl2"", ""Eif3g"", ""Psma4"", ""Prr13"", ""Lsm7"", ""Mrpl12"", ""Yrdc"", ""Mrps33"", ""Plp2"", ""Capg"", ""Fkbp2"", ""Mrpl15"", ""Snrpa"")"
"260","GOCC_MICROTUBULE_CYTOSKELETON","0.00334791608948664","0.0425074972504711","0.431707695803346","0.444681795708402","1.32381018713836","444","c(""Cbx3"", ""Top2a"", ""Tuba1b"", ""Ccne2"", ""Nusap1"", ""Taf1d"", ""Ckap2"", ""Kif15"", ""Cbx1"", ""Prc1"", ""Cdk6"", ""Myc"", ""Kif11"", ""Cdc6"", ""Racgap1"", ""Mcm3"", ""Hmmr"", ""Dhx9"", ""Tpx2"", ""Rif1"", ""Chek1"", ""Ckap2l"", ""Stag2"", ""Ccdc18"", ""Stil"", ""Pcna"", ""Gtse1"", ""Bub1b"", ""Aurkb"", ""Plk1"", ""Kntc1"", ""Cenpe"", ""Kif20a"", ""Cenpf"", ""Mad2l1"", ""Dtl"", ""Brca1"", ""Calm2"", ""Shmt2"", ""Kif4"", ""Cep41"", ""Ywhae"", ""Smc1a"", ""Aspm"", ""Ckap5"", ""Kif18a"", ""Cep295"", ""Incenp"", ""Tacc3"", ""Hk2"", ""Kif14"", ""Espl1"", ""Eif3a"", ""Naa40"", ""Plk4"", ""Kif20b"", ""Brca2"", 
""Pcnt"", ""Cdc7"", ""Ccne1"", ""Ska3"", ""Apex1"", ""Dlgap5"", ""Ccnf"", ""Atm"", ""Nsl1"", ""Ska2"", ""Spag5"", ""Nek2"", ""Ndc80"", ""Ppp2r3c"", ""Tuba1c"", ""Aunip"", ""Ska1"", ""Odf2"", ""Aaas"", ""Clic4"", ""Ccp110"", ""Ccnb2"", ""Cntln"", ""Kif23"", ""Ddx3x"", ""Plekha7"", ""Cep152"", ""Hsph1"", ""Ect2"", ""Lrp8"", ""Bora"", ""Mastl"", ""Pmf1"", ""Kif2c"", ""Fmr1"", ""Ranbp1"", ""Dsn1"", ""Rangap1"", ""Cep162"", ""Rock2"", ""Mast2"", ""Smtn"", ""Rcc2"", ""Alms1"", ""Smc6"", ""Orc2"", ""Ccnb1"", ""Slc16a1"", ""Gas2l3"", ""Cep192"", ""Ccdc50"", ""Pcm1"", ""Hnrnpu"", ""E2f1"", ""Mns1"", ""Ddx11"", ""Cdk2"", 
""BC055324"", ""Map7"", ""Rad18"", ""Mphosph9"", ""Fbxo5"", ""Knstrn"", ""Cntrob"", ""Eml4"", ""Gen1"", ""Lrpprc"", ""Jade1"", ""Tbc1d31"", ""Aurka"", ""Kif18b"", ""Pkp4"", ""Ccdc181"", ""Wrn"", ""Ankrd26"", ""Tiam1"", ""Prkar2a"", ""Prkar2b"", ""Sclt1"", ""Arhgap18"", ""Mdm1"", ""Wdr90"", ""Poc5"", ""G6pdx"", ""Kifap3"", ""Smc3"", ""Cep135"", ""Wdr5"", ""Haus6"", ""Spdl1"")"
"261","GOCC_SUPRAMOLECULAR_COMPLEX","0.00267518989472348","0.0364494623156075","0.431707695803346","0.450006904197267","1.33699353602782","421","c(""Ncl"", ""Dek"", ""Tuba1b"", ""Pabpc1"", ""Rpl6"", ""Nusap1"", ""Spc25"", ""Hnrnpab"", ""Cenph"", ""Snrpb2"", ""Cenpw"", ""Hnrnpa2b1"", ""Ckap2"", ""Kif15"", ""Prc1"", ""Ttk"", ""Kif11"", ""Ddx1"", ""Diaph3"", ""Dhx9"", ""Snrpg"", ""Cbx5"", ""Tpx2"", ""Actn4"", ""Gtse1"", ""Cdt1"", ""Bub1b"", ""Cenpk"", ""Aurkb"", ""Plk1"", ""Bard1"", ""Kntc1"", ""Cenpe"", ""Larp1"", ""Kif20a"", ""Cenpf"", ""Mad2l1"", ""Ercc6l"", ""Calm2"", ""Smarcc1"", ""Kif4"", ""Smc1a"", ""Aspm"", ""Ckap5"", ""Kif18a"", ""Cep295"", ""Incenp"", ""Kif14"", ""Ddx19a"", ""Eif3a"", ""Xpo1"", ""Nuf2"", ""Pcbp1"", ""Kif20b"", ""Bub1"", ""Eif4g1"", 
""Ptges3"", ""Pcnt"", ""Caprin1"", ""Ska3"", ""Hnrnpa3"", ""Dbi"", ""Khsrp"", ""Cenpp"", ""Zwilch"", ""Psmc3"", ""Nsl1"", ""Ska2"", ""Ssb"", ""Spag5"", ""Nek2"", ""Ndc80"", ""Nup133"", ""Tuba1c"", ""Nup107"", ""Nup85"", ""Larp4"", ""Kpnb1"", ""Cenpi"", ""Nefh"", ""Ska1"", ""Odf2"", ""Cenpc1"", ""Nrp1"", ""Kif23"", ""Ddx3x"", ""Hdac4"", ""Hsph1"", ""Gja1"", ""Pmf1"", ""Myo5a"", ""Kif2c"", ""Fmr1"", ""Dsn1"", ""Lcp1"", ""Larp4b"", ""Rangap1"", ""Cep162"", ""Rock2"", ""Cenpl"", ""Smtn"", ""Rcc2"", ""Mtbp"", ""Myo1c"", ""Orc2"", ""Ccnb1"", ""Myzap"", ""Rpl28"", ""Gas2l3"", ""Cenpo"", ""Eif3b"", ""Sin3a"", ""Smn1"", 
""Hnrnpu"", ""Mns1"", ""BC055324"", ""Map7"", ""Knstrn"", ""Ctps"", ""Nup160"", ""Eml4"")"
"262","MIR_466L_3P","0.00290963433981743","0.0384303120359288","0.431707695803346","0.455013216322549","1.34396418870098","383","c(""Cbx3"", ""Dek"", ""Naa15"", ""Metap2"", ""Anp32e"", ""Arpp19"", ""Hmgb2"", ""Arhgap19"", ""Cdk6"", ""Arhgap11a"", ""Notch1"", ""Rif1"", ""Zdhhc21"", ""Bard1"", ""Kntc1"", ""Anln"", ""Cenpf"", ""E2f8"", ""Myef2"", ""Otud6b"", ""Hk2"", ""Kpna3"", ""Kif14"", ""Syncrip"", ""Bcl7a"", ""Eif3a"", ""Xpo1"", ""Srm"", ""Atp2a2"", ""Nup188"", ""Gpr65"", ""Ccar1"", ""Fasn"", ""Net1"", ""Zmynd19"", ""Cdca4"", ""Ldlr"", ""Baz1b"", ""Txnrd1"", ""Notch3"", ""Samsn1"", ""Dennd5b"", ""Zfp367"", ""Zgrf1"", ""Suz12"", ""Odf2"", ""Nup88"", ""Ccp110"", ""Mrpl1"", ""Ddx3x"", ""Asxl1"", ""Cep152"", ""Lrp8"", ""Stip1"", ""Mastl"", 
""Slc35a3"", ""Fmr1"", ""Nedd4"", ""Nup155"", ""Rock2"", ""Hyou1"", ""Aco2"", ""Polr3d"", ""Thap1"", ""Rbbp8"", ""Slc16a10"", ""Ccdc50"", ""Fstl3"", ""Smurf2"", ""Arl5a"", ""E2f1"", ""Cdk2"", ""Bcor"", ""Psme3"", ""Ppat"", ""Xpo7"", ""Nup160"", ""Orc1"", ""Piezo1"", ""E2f2"", ""Jade1"", ""Taf3"", ""Tiam1"", ""Mtpn"", ""Ctdspl2"", ""Slc4a7"", ""Ncapd3"", ""Lipg"")"
"263","GOCC_NUCLEOLUS","0.00286513388612529","0.0380771070015482","0.431707695803346","0.459273349919876","1.35733526719443","379","c(""Ncl"", ""Ddx21"", ""Dek"", ""Top2a"", ""Rpl6"", ""Pola1"", ""Nop58"", ""Gnl3"", ""Nusap1"", ""Mki67"", ""Wdr43"", ""Fam111a"", ""Nifk"", ""Cenph"", ""Snrpb2"", ""Taf1d"", ""Pdcd11"", ""Mybbp1a"", ""Nucks1"", ""Hmgb2"", ""Tcof1"", ""Trim28"", ""Rpl36"", ""Myc"", ""Hirip3"", ""Ddx18"", ""Nolc1"", ""Nop56"", ""Dhx9"", ""Cbx5"", ""Wbp11"", ""Mcm10"", ""Bms1"", ""Stag2"", ""Exosc2"", ""Rad51"", ""Npm3"", ""Smarca5"", ""Parp1"", ""Blm"", ""Dtl"", ""E2f8"", ""Ckap5"", ""Rbm28"", ""Rps25"", ""Polr2k"", ""Cdca7l"", ""Ccnd2"", ""Slbp"", ""Suv39h1"", ""Smc2"", ""Eif3a"", ""Dkc1"", ""Xpo1"", ""Naa10"", ""Mdn1"", ""Plk4"", 
""Kif20b"", ""Taf1"", ""Polr1a"", ""Lyar"", ""Tma16"", ""Acaca"", ""Srp68"", ""Llph"", ""Pop4"", ""Noc3l"", ""Rars"", ""Cenpp"", ""Apex1"", ""Atm"", ""Pidd1"", ""Baz1b"", ""Txnrd1"", ""Rpf2"", ""Nop10"", ""Noc2l"", ""Rrp12"", ""Suz12"", ""Nbn"", ""Utp20"", ""Trmt10a"", ""Rpl23"", ""Rrp1b"", ""Get4"", ""Pno1"", ""Fancd2"", ""Rbm34"", ""Mettl1"", ""Wdr36"", ""Sf3b3"", ""Nop2"", ""Fcf1"", ""Fmr1"", ""Rpp38"", ""Dsn1"", ""Larp4b"", ""Scaf11"", ""Gar1"", ""Pum3"", ""Myo1c"", ""Skp2"", ""Utp6"", ""Nat10"", ""Pes1"", ""Xrcc5"", ""Pop1"", ""Gpatch4"", ""Nop14"", ""Thap1"", ""Ube2t"", ""Kit"", ""Runx3"", ""Nol9"", ""Etv6"", 
""Rrp9"", ""Pwp1"", ""Pelp1"", ""Pml"", ""Ddx11"", ""Anp32b"")"
"264","GOBP_SEXUAL_REPRODUCTION","0.0031029491440568","0.0402208787993443","0.431707695803346","0.480423791689096","1.39057573638331","273","c(""Mcm7"", ""Eif2s2"", ""Top2a"", ""Ccne2"", ""Mki67"", ""Mcm6"", ""Sod1"", ""Larp7"", ""Rad51ap1"", ""Ncapd2"", ""Hmgb2"", ""Trim28"", ""Ncaph"", ""Ttk"", ""Racgap1"", ""Notch1"", ""Mcm3"", ""Slirp"", ""Ybx3"", ""Stag2"", ""Exo1"", ""Plk1"", ""Fanca"", ""Trip13"", ""Rad51"", ""Cenpe"", ""Mcm5"", ""Rad54l"", ""Mcm4"", ""Cit"", ""Rad54b"", ""Smc1a"", ""Aspm"", ""Kif18a"", ""Incenp"", ""Ccdc34"", ""Espl1"", ""Smc2"", ""Nuf2"", ""Syce2"", ""Brca2"", ""Ccne1"", ""Mcm2"", ""Atm"", ""Cdc25a"", ""Ndc1"", ""Zcwpw1"", ""Nek2"", ""Lepr"", ""Smc4"", ""Topbp1"", ""Ndc80"", ""Brip1"", ""Nbn"", ""Odf2"", ""Aaas"", ""Clic4"", 
""Cenpc1"", ""Ccnb2"", ""Fancd2"", ""Sfmbt1"", ""Ddx3x"", ""Gja1"", ""Mastl"", ""Mast2"", ""H19"", ""Chtf18"", ""Alms1"", ""Ccnb1"", ""Ybx2"", ""Paqr5"", ""Rbbp8"", ""Kit"", ""Ankle1"", ""Cdc25c"", ""Rad50"", ""Nphp1"", ""Hmga1"", ""Etv6"", ""Mcm8"", ""Mns1"", ""Cdk2"", ""Map7"", ""Rad18"", ""Fbxo5"", ""Golga3"")"
"265","GOBP_REGULATION_OF_DNA_METABOLIC_PROCESS","0.0041127146117168","0.0487867603940204","0.407017918923954","0.495815399715467","1.40529388188825","209","c(""Dek"", ""Gnl3"", ""Hnrnpab"", ""Rad51ap1"", ""Nucks1"", ""Hnrnpa2b1"", ""Trim28"", ""Myc"", ""Dhx9"", ""Rif1"", ""Chek1"", ""Pcna"", ""Cdt1"", ""Aurkb"", ""Bard1"", ""Rfc3"", ""Rad51"", ""Smarca5"", ""Parp1"", ""Blm"", ""Brca1"", ""E2f8"", ""Smarcc1"", ""Atad5"", ""Hmgb1"", ""Brd8"", ""Ccna2"", ""Syncrip"", ""Bcl7a"", ""Suv39h1"", ""Pds5a"", ""Dkc1"", ""Tfrc"", ""Prim2"", ""Dna2"", ""Ptges3"", ""Esco2"", ""Cdc7"", ""Hsp90aa1"", ""Ticrr"", ""Hnrnpc"", ""Ruvbl1"", ""Foxm1"", ""Atm"", ""Dbf4"", ""Zcwpw1"", ""Nek2"", ""Paxip1"", ""Polq"", ""Nbn"", ""Aunip"", ""Aifm1"", ""Tinf2"", ""Usp1"", ""Prmt5"", ""Otud4"", 
""Sf3b3"", ""Gja1"", ""E2f7"", ""H19"", ""Chtf18"", ""Nat10"", ""Babam1"", ""Xrcc5"", ""Parpbp"", ""Pole3"", ""Ing5"", ""Ankle1"", ""Rad50"", ""Ctc1"", ""Hnrnpu"", ""Pml"", ""Cdk2"", ""Rad18"", ""Ylpm1"", ""Fbxo5"", ""Nfatc1"", ""Timeless"", ""Rnf168"", ""Jade1"", ""Wrn"", ""Morf4l2"", ""Ddx39b"", ""Eny2"", ""Spidr"", ""Pdgfrb"", ""Smc3"", ""Ptprc"", ""Mad2l2"", ""Naf1"", ""Zranb3"", ""Taf5l"", ""Pinx1"", ""Uchl5"", ""Cdkn1a"", ""Cdk1"", ""Mlh1"", ""Kat2a"", ""Rfc4"", ""Dnajc2"", ""Ruvbl2"", ""Xrcc1"", ""Gata3"", ""Ssbp1"", ""Mapk1"")"
"266","GOBP_RIBONUCLEOPROTEIN_COMPLEX_BIOGENESIS","0.00247584478371856","0.0343821041238993","0.431707695803346","0.501609547269333","1.43159467541764","232","c(""Rpl38"", ""Ncl"", ""Ddx21"", ""Rps28"", ""Eif2s2"", ""Serbp1"", ""Rps17"", ""Rpl6"", ""Snrpf"", ""Nop58"", ""Rps15"", ""Rps8"", ""Wdr43"", ""Rpl23a"", ""Eif5b"", ""Snrpd3"", ""Rps27l"", ""Nifk"", ""Pdcd11"", ""Mybbp1a"", ""C1qbp"", ""2810004N23Rik"", ""Ddx18"", ""Nop56"", ""Dhx9"", ""Snrpg"", ""Wbp11"", ""Bms1"", ""Exosc2"", ""Npm3"", ""Srsf1"", ""Ckap5"", ""Rpl35"", ""Rps25"", ""Psip1"", ""Suv39h1"", ""Eif3a"", ""Dkc1"", ""Xpo1"", ""Prpf8"", ""Mdn1"", ""Snrpd2"", ""Ptges3"", ""Lyar"", ""Hsp90aa1"", ""Tma16"", ""Denr"", ""Pop4"", ""Rrp15"", ""Ruvbl1"", ""Atm"", ""Eif2s3x"", ""Rpf2"", ""Snrnp200"", 
""Nop10"", ""Snrpd1"", ""Dis3"", ""Noc2l"", ""Abce1"", ""Rrp12"", ""Utp20"", ""Rrp1b"", ""Nup88"", ""Pno1"", ""Prmt5"", ""Ddx3x"", ""Rbm34"", ""Snrpe"", ""Wdr36"", ""Tsr1"", ""Heatr3"", ""Nop2"", ""Fcf1"", ""Rpp38"", ""Scaf11"", ""Gar1"", ""Utp6"", ""Nat10"", ""Pes1"", ""Xrcc5"", ""Nop14"", ""Ipo9"", ""Nol9"", ""Ipo4"", ""Smn1"", ""Rrp9"", ""Pwp1"", ""Pelp1"", ""Ddx10"", ""Rps12"", ""Isy1"", ""Wdr75"", ""Ddx27"")"
"267","MIR_7119_3P","0.00018775044608728","0.0048093168091892","0.518848077743792","0.486720844670959","1.43761842879825","383","c(""Cbx3"", ""Nap1l1"", ""Ddx21"", ""Serbp1"", ""Pdap1"", ""Uhrf1"", ""Dnmt1"", ""Nucks1"", ""Ncapd2"", ""Arhgap19"", ""Trim28"", ""Prc1"", ""Rbbp4"", ""Cdk6"", ""Arhgap11a"", ""Myc"", ""Notch1"", ""Tcerg1"", ""Nmt2"", ""Bard1"", ""Mtf2"", ""G2e3"", ""Shmt2"", ""Smarcc1"", ""Myef2"", ""Atad5"", ""Ccnd2"", ""Syncrip"", ""Ccdc34"", ""Smc2"", ""Xpo1"", ""Naa40"", ""Tfrc"", ""Ptges3"", ""U2surp"", ""Caprin1"", ""Khsrp"", ""Ssr1"", ""Rars"", ""Srebf2"", ""Rtkn2"", ""Gfra1"", ""Nsl1"", ""Canx"", ""Cluh"", ""Ppp2r3c"", ""Sell"", ""Abce1"", ""Suz12"", ""Supt16"", ""Larp4"", ""Bri3bp"", ""Lbr"", ""Ccp110"", ""Sfmbt1"", 
""Rnf144a"", ""Bora"", ""Otud4"", ""Elk3"", ""Fmr1"", ""Ranbp1"", ""Nedd4"", ""Lcp1"", ""Cs"", ""Smc6"", ""Skp2"", ""Slc16a1"", ""Myb"", ""Pfas"", ""Runx3"", ""Ccdc50"", ""Etv6"", ""Smurf2"", ""Bcor"", ""Psme3"", ""Mthfd2"", ""Ddx10"", ""Zc3h18"", ""Ctps"", ""Ivns1abp"", ""Casp8ap2"", ""Sf3a1"", ""Med14"", ""Chsy1"", ""Twsg1"", ""Tiam1"", ""Ddx39b"", ""Palb2"", ""Dctd"", ""Ctdspl2"", ""Srsf10"", ""Wdr90"", ""Slc39a10"", ""Traip"", ""Cblb"", ""Plod2"", ""Nup50"", ""Zranb3"", ""Mbnl3"", ""Acsl3"", ""Cep55"", ""Naa50"", ""Pdzd8"", ""Hnrnpr"", ""Cux1"", ""Heatr1"", ""Camkk2"", ""Sp4"", ""Azin1"", ""Kdm2b"")"
"268","CUI_TCF21_TARGETS_2_UP","0.00255486600249993","0.0353097150632586","0.431707695803346","0.504748024962109","1.43975679129047","229","c(""Mcm7"", ""Hells"", ""Rpl41"", ""Uhrf1"", ""Mif"", ""Ncaph"", ""Cdca7"", ""Mcm3"", ""Hmmr"", ""Banf1"", ""Cbx5"", ""Tpx2"", ""Cdt1"", ""Cenpk"", ""Cad"", ""Rfc3"", ""Kntc1"", ""Rad51"", ""Mcm5"", ""Blm"", ""Dtl"", ""Psat1"", ""Smc1a"", ""Aspm"", ""Ckap5"", ""Iqgap3"", ""Incenp"", ""Tacc3"", ""Cdca7l"", ""Ccna2"", ""Ccnd2"", ""Bcl7a"", ""Suv39h1"", ""Espl1"", ""Tk1"", ""Nuf2"", ""Syce2"", ""Srm"", ""Mir17hg"", ""Ska3"", ""Apex1"", ""Nsl1"", ""Prim1"", ""Pold1"", ""Rrp1b"", ""Bri3bp"", ""Ccnb2"", ""Mettl1"", ""Gja1"", ""Ranbp1"", ""Rcc2"", ""Skp2"", ""Tmem97"", ""Pole3"", ""Gas2l3"", ""Ube2t"", ""Cdc25c"", 
""Palm"", ""Nphp1"", ""Hnrnpu"", ""Mns1"", ""BC055324"", ""Atad3a"", ""Rad18"", ""Knstrn"")"
"269","GOMF_ADENYL_NUCLEOTIDE_BINDING","3.00365538063909e-05","0.00100301255109549","0.575610261071129","0.489155154781013","1.45854983331372","484","c(""Lig1"", ""Mcm7"", ""Ddx21"", ""Top2a"", ""Hells"", ""Mki67"", ""Mcm6"", ""Hspd1"", ""Atad2"", ""St13"", ""Rrm1"", ""Kif15"", ""Rfc1"", ""Cdk6"", ""Ttk"", ""Kif11"", ""Cdc6"", ""Nars"", ""Ddx18"", ""Mcm3"", ""Ddx1"", ""Uck2"", ""Dhx9"", ""Pbk"", ""Chek1"", ""Ide"", ""Bub1b"", ""Aurkb"", ""Plk1"", ""Cad"", ""Trip13"", ""Rad51"", ""Cenpe"", ""Mcm5"", ""Smarca5"", ""Parp1"", ""Kif20a"", ""Rad54l"", ""Mcm4"", ""Blm"", ""Ercc6l"", ""Kif4"", ""Cit"", ""Smc1a"", ""Kif18a"", ""Paics"", ""Abcb1b"", ""Atad5"", ""Hk2"", ""Vars"", ""Kif14"", ""Gars"", ""Suclg2"", ""Smc2"", ""Ddx19a"", ""Tk1"", ""Plk4"", ""Dna2"", ""Kif20b"", 
""Bub1"", ""Eif4g1"", ""Taf1"", ""Atp2a2"", ""Cdc7"", ""Slfn9"", ""Hsp90aa1"", ""Caprin1"", ""Acaca"", ""Hsp90b1"", ""Dbi"", ""Hspa9"", ""Ruvbl1"", ""Rars"", ""Mcm2"", ""Atm"", ""Iars"", ""Dqx1"", ""Baz1b"", ""Psmc3"", ""Dhfr"", ""Nek2"", ""Smc4"", ""Snrnp200"", ""Brip1"", ""Polq"", ""Dph6"", ""Abce1"", ""Mthfd1"", ""Ttf2"", ""Tars"", ""Hsp90ab1"", ""Psmc1"", ""Lbr"", ""Pask"", ""Kif23"", ""Kars"", ""Ddx3x"", ""Hsph1"", ""Pdxk"", ""Uxs1"", ""Mastl"", ""Myo5a"", ""Kif2c"", ""Hspe1"", ""Recql4"", ""Acot7"", ""Rock2"", ""Mast2"", ""Hyou1"", ""Chka"", ""Chtf18"", ""Myo1c"", ""Smc6"", ""Tdg"", ""Nat10"", ""Ephb2"", 
""Xrcc5"", ""Chek2"", ""Pfas"", ""Ube2t"", ""Kit"", ""Camk2a"", ""Runx3"", ""Nol9"", ""Rad50"", ""Mcm8"", ""Hnrnpu"", ""Ddx11"", ""Cdk2"", ""Ddx10"", ""Cdc34"", ""Atad3a"", ""Ube2o"", ""Ddx27"", ""Ctps"", ""Rtca"", ""Gart"", ""Thrap3"", ""Orc1"", ""Dars"", ""Nt5c2"")"
"270","TEX10_TARGET_GENES","5.80109534558729e-05","0.00174546499018009","0.557332238758646","0.489630831080783","1.46026005958683","481","c(""Ncl"", ""Cbx3"", ""Rpl37"", ""Tuba1b"", ""Set"", ""Rps26"", ""Nop58"", ""Rps8"", ""Tomm7"", ""Uhrf1"", ""Atad2"", ""Lockd"", ""Rps27l"", ""Anp32e"", ""Rplp2"", ""Hnrnpa2b1"", ""1110004F10Rik"", ""Ncapd2"", ""St13"", ""Rfc1"", ""Prc1"", ""Gins1"", ""Cdca7"", ""Myc"", ""Kif11"", ""Comt"", ""Notch1"", ""Serinc3"", ""Uck2"", ""Nop56"", ""Hmmr"", ""Ly6e"", ""Slirp"", ""Rif1"", ""Sms"", ""Chek1"", ""Wdr76"", ""Actn4"", ""Pcna"", ""Cdt1"", ""Fanca"", ""Mtf2"", ""Rbbp7"", ""Parp1"", ""Calm2"", ""Cit"", ""Ywhae"", ""Atad5"", ""Incenp"", ""Hmgb1"", ""P4hb"", ""Zc3h4"", ""Uqcc2"", ""Srrm1"", ""Pcbp1"", ""Ipo7"", 
""Smyd2"", ""Ndufs6"", ""Syce2"", ""Brca2"", ""Srm"", ""Hsp90aa1"", ""Caprin1"", ""Acaca"", ""Rpgrip1"", ""Hspa9"", ""Cenpp"", ""Atm"", ""Srebf2"", ""Psmg2"", ""Baz1b"", ""Cdc25a"", ""Ndc1"", ""Tnpo1"", ""Mtfr2"", ""Zcchc8"", ""Dennd5b"", ""Topbp1"", ""Nup133"", ""Tuba1c"", ""Mrpl48"", ""Trim59"", ""Prr11"", ""Bcat1"", ""Suz12"", ""Uaca"", ""Supt16"", ""Nup85"", ""Usp10"", ""Akap1"", ""Hsp90ab1"", ""Get4"", ""Tmem131"", ""Mrpl1"", ""Sfmbt1"", ""Gstcd"", ""Asxl1"", ""Pola2"", ""Uxs1"", ""Mettl1"", ""Tsr1"", ""Elk3"", ""Prpf40a"", ""Pmf1"", ""E2f7"", ""Cpsf1"", ""Recql4"", ""4932422M17Rik"", ""Tcf4"", 
""Rrm2"", ""Odc1"", ""Impdh2"", ""Tomm70a"", ""Rock2"", ""Nsmaf"", ""Fam163b"", ""Chka"", ""Smc6"", ""E2f3"", ""Polr3d"", ""Scarb1"", ""Nop14"", ""Slc16a1"", ""Thap1"", ""Hira"", ""Stard4"", ""Pfas"", ""Slc25a1"", ""Rpl22l1"", ""Ankle1"", ""Nol9"", ""Rad50"", ""Slc25a13"", ""Etv6"", ""Mrpl47"", ""Ppp1r8"", ""Hnrnpu"", ""Zc3h18"", ""Rad18"", ""Isy1"", ""Spcs3"", ""Pole2"", ""Golga3"", ""Usp14"", ""Thrap3"", ""Dars"", ""Nt5c2"", ""Mdc1"", ""Rev1"", ""Gen1"", ""Piezo1"", ""Twsg1"", ""Npat"", ""Dnajc11"", ""Aurka"", ""Eed"", ""Pkp4"", ""Hax1"", ""Laptm4b"", ""Ctdspl2"", ""Prkar2b"", ""Sclt1"", ""Srsf10"", 
""Hnrnpdl"")"
"271","ZHANG_UTERUS_C13_EPITHELIAL1_CELL","0.000514333005497347","0.0101409616817685","0.477270815362862","0.513891897861733","1.47546234689692","242","c(""Rpl38"", ""Ncl"", ""Rpl37"", ""Nap1l1"", ""Rpl39"", ""Atp5k"", ""Dek"", ""Rps28"", ""Top2a"", ""Serbp1"", ""Tuba1b"", ""Rps17"", ""Set"", ""Cox7c"", ""Snrpf"", ""Rps26"", ""Rps8"", ""Tomm7"", ""Rpl36a"", ""Rpl41"", ""mt-Nd1"", ""Hspd1"", ""Bola2"", ""Mif"", ""Uqcr11"", ""Snrpd3"", ""Hnrnpab"", ""Ptma"", ""Rps27l"", ""Rplp2"", ""Knop1"", ""Rbm8a"", ""Uqcr10"", ""Rbbp4"", ""C1qbp"", ""Rpl36"", ""Atp5j2"", ""Snrpg"", ""Banf1"", ""Slirp"", ""Rpl22"", ""Pcna"", ""Anapc13"", ""Rfc3"", ""Rbbp7"", ""Ndufaf2"", ""Cox7b"", ""Ndufa5"", ""Cox6a1"", ""Paics"", ""Atpif1"", ""Ccdc34"", ""Cd24a"", ""Ndufs6"", ""Snrpd2"", 
""Lyar"", ""Hnrnpc"", ""Ndufa12"", ""Apex1"", ""Cox7a2"")"
"272","MIR_1961","0.00310516045430285","0.0402208787993443","0.431707695803346","0.5568033046081","1.48384862293698","107","c(""Nap1l1"", ""Rdx"", ""Arpp19"", ""Cbx5"", ""Smarcc1"", ""Hk2"", ""Ccnd2"", ""Ddx19a"", ""Dna2"", ""Atp2a2"", ""Bcat1"", ""Brd3"", ""Lbr"", ""Gnptab"", ""Mycbp"", ""Cbx2"", ""Hmga1"", ""Arl5a"", ""Cdc34"", ""Hdlbp"", ""Snx30"", ""Ppargc1b"", ""E2f6"", ""Nme4"", ""E2f2"", ""Cep135"", ""Slc5a9"")"
"273","GOCC_NUCLEAR_PROTEIN_CONTAINING_COMPLEX","8.72792279570803e-06","0.00037910684203613","0.593325476396405","0.50124813310903","1.49162316619698","498","c(""Ncl"", ""Mcm7"", ""Cbx3"", ""Ddx21"", ""Dek"", ""Pabpc1"", ""Hnrnpm"", ""Snrpf"", ""Pola1"", ""Mcm6"", ""Snrpd3"", ""Hnrnpab"", ""Anp32e"", ""Larp7"", ""Snrpb2"", ""Taf1d"", ""Mybbp1a"", ""Hnrnpa2b1"", ""Trim28"", ""Rbm8a"", ""Rbbp4"", ""Gins1"", ""U2af2"", ""Myc"", ""Mcm3"", ""Nolc1"", ""Snrpg"", ""Cbx5"", ""Ezh2"", ""Pcna"", ""Bub1b"", ""Fanca"", ""Exosc2"", ""Anapc13"", ""Bard1"", ""Mtf2"", ""Rfc3"", ""Rbbp7"", ""Rad51"", ""Nelfe"", ""Mcm5"", ""Smarca5"", ""Pole"", ""Mcm4"", ""Mad2l1"", ""Brca1"", ""Nup205"", ""E2f8"", ""Shmt2"", ""Smarcc1"", ""Srsf1"", ""Rbm28"", ""Polr2k"", ""Trim37"", ""Brd8"", 
""Slbp"", ""Syncrip"", ""Bcl7a"", ""Suv39h1"", ""Srrm1"", ""Dkc1"", ""Prpf8"", ""Inip"", ""Mybl2"", ""Prim2"", ""Snrpd2"", ""Ranbp2"", ""Brca2"", ""Ptges3"", ""Bclaf1"", ""Taf1"", ""Polr1a"", ""Nup188"", ""Hnrnpa3"", ""Hnrnpc"", ""Ruvbl1"", ""Hcfc1"", ""Epb41l2"", ""Mcm2"", ""Cstf2"", ""Dbf4"", ""Dqx1"", ""Rbmxl1"", ""Baz1b"", ""Ndc1"", ""Paxip1"", ""Pold3"", ""Zcchc8"", ""Snrnp200"", ""Nop10"", ""Topbp1"", ""Snrpd1"", ""Dis3"", ""Mms22l"", ""Brip1"", ""Noc2l"", ""Nup133"", ""Suz12"", ""Eftud2"", ""Nbn"", ""Supt16"", ""Pom121"", ""Prim1"", ""Pold1"", ""Nup107"", ""Nup85"", ""Xpot"", ""Ttf2"", ""Kpnb1"", 
""Lsm5"", ""Hsp90ab1"", ""Lmo4"", ""Aaas"", ""Lbr"", ""Nup88"", ""Tinf2"", ""Prmt5"", ""Asxl1"", ""Hdac4"", ""Cops5"", ""Pola2"", ""Pms1"", ""Snrpe"", ""Wdr36"", ""Sf3b3"", ""Prpf40a"", ""Thoc7"", ""E2f7"", ""Cpsf1"", ""Ranbp1"", ""Rpp38"", ""Polr2i"", ""Tcf4"", ""Cpsf2"", ""Nup155"", ""Gins2"", ""Rangap1"", ""Anapc1"", ""Ssrp1"", ""Api5"", ""Gar1"", ""Dgcr8"", ""Chtf18"", ""Myo1c"", ""Utp6"", ""E2f3"", ""Orc2"", ""Nat10"", ""Pes1"", ""Phf19"", ""Babam1"", ""Polr3d"", ""Xrcc5"", ""Pop1"", ""Nop14"", ""Myb"", ""Rbbp8"", ""Myzap"", ""Pole3"", ""Runx3"", ""Rad50"", ""Ctc1"", ""Cbx2"", ""Sin3a"", ""Hmga1"", ""Ppp1r8"", 
""Hnrnpu"", ""Pelp1"", ""E2f1"", ""Ddx11"", ""Bcor"", ""Isy1"", ""Pole2"", ""Xpo7"", ""Nup160"", ""Thrap3"", ""Orc1"", ""Sf3a1"", ""Zc3h8"", ""Med14"", ""Luc7l"", ""Timeless"", ""Ppargc1b"", ""E2f6"")"
"274","MONNIER_POSTRADIATION_TUMOR_ESCAPE_UP","0.00149376866878269","0.023386183196633","0.45505986738723","0.536078099992046","1.49628553134789","165","c(""Pdap1"", ""Naa15"", ""Pdcd11"", ""Mybbp1a"", ""Cdk6"", ""Nolc1"", ""Nop56"", ""Dhx9"", ""Bms1"", ""Nmt2"", ""Mtf2"", ""Smarcc1"", ""Syncrip"", ""Espl1"", ""Tfrc"", ""Mybl2"", ""Eif4g1"", ""Srm"", ""Atp2a2"", ""Polr1a"", ""Ccar1"", ""Zmynd19"", ""Txnrd1"", ""Bcat1"", ""Abce1"", ""Rrp12"", ""Uaca"", ""Scin"", ""Mthfd1"", ""Kpnb1"", ""Akap1"", ""Nrp1"", ""Ddx3x"", ""Ampd2"", ""Mettl1"", ""Otud4"", ""Tsr1"", ""Odc1"", ""Ergic1"", ""Pop1"", ""Eif3b"", ""Ipo4"", ""Hmga1"", ""Etv6"", ""Kcnq1ot1"", ""Rcc1"", ""Zc3h18"", ""Ppat"", ""Ncbp1"", ""Etf1"", ""Naa25"", ""Ftsj3"", ""Prkar2b"", ""Rbm14"", ""G6pdx"", ""Pa2g4"", 
""Sdad1"", ""Naa16"", ""Ddx46"", ""2700038G22Rik"", ""Slc39a6"", ""Kat2a"", ""Prpf4"", ""Lonp1"", ""Hspa4"", ""Dynll2"", ""Trmt6"", ""Slc35b4"", ""Tbrg4"", ""Pnn"")"
"275","LET_7F_1_3P","0.00279062817508114","0.0373181920542679","0.431707695803346","0.546798769937317","1.50024332157756","138","c(""Ddx21"", ""Dek"", ""Atad2"", ""Snrpb2"", ""Ncapg2"", ""C1qbp"", ""Kif11"", ""Rad21"", ""Hes1"", ""Cbx5"", ""Rif1"", ""Plk1"", ""Smarca5"", ""Clspn"", ""G2e3"", ""Srsf1"", ""Nasp"", ""Atad5"", ""Kpna3"", ""Polr2k"", ""Psip1"", ""U2surp"", ""Wdhd1"", ""Ssb"", ""Akap1"", ""Rnf144a"", ""Nudt4"", ""Myo5a"", ""Larp4b"", ""Zfp704"", ""Rcc1"", ""Cntrob"", ""Xpo7"", ""Casp8ap2"", ""Med14"", ""Mdm1"", ""Ppp3ca"", ""Slc39a10"", ""Lin9"", ""Cul1"", ""Sp4"", ""Akap12"", ""Kdm2b"", ""Dennd4a"", ""Gata3"", ""Mapk1"", ""Golim4"", ""Sephs1"", ""Eea1"")"
"276","MIR_98_3P","0.00279062817508114","0.0373181920542679","0.431707695803346","0.546798769937317","1.50024332157756","138","c(""Ddx21"", ""Dek"", ""Atad2"", ""Snrpb2"", ""Ncapg2"", ""C1qbp"", ""Kif11"", ""Rad21"", ""Hes1"", ""Cbx5"", ""Rif1"", ""Plk1"", ""Smarca5"", ""Clspn"", ""G2e3"", ""Srsf1"", ""Nasp"", ""Atad5"", ""Kpna3"", ""Polr2k"", ""Psip1"", ""U2surp"", ""Wdhd1"", ""Ssb"", ""Akap1"", ""Rnf144a"", ""Nudt4"", ""Myo5a"", ""Larp4b"", ""Zfp704"", ""Rcc1"", ""Cntrob"", ""Xpo7"", ""Casp8ap2"", ""Med14"", ""Mdm1"", ""Ppp3ca"", ""Slc39a10"", ""Lin9"", ""Cul1"", ""Sp4"", ""Akap12"", ""Kdm2b"", ""Dennd4a"", ""Gata3"", ""Mapk1"", ""Golim4"", ""Sephs1"", ""Eea1"")"
"277","GOCC_NUCLEAR_BODY","0.00027229239735649","0.00637713803103609","0.49849310876659","0.522438159713142","1.50074629923915","246","c(""Hnrnpm"", ""Nop58"", ""Gnl3"", ""Mki67"", ""Naa15"", ""Snrpd3"", ""Snrpb2"", ""Ncapg2"", ""Hnrnpa2b1"", ""Rbm8a"", ""Cbx1"", ""U2af2"", ""Myc"", ""Ddx1"", ""Nolc1"", ""Dhx9"", ""Cbx5"", ""Wbp11"", ""Pcna"", ""Exo1"", ""Cdt1"", ""Bard1"", ""Rad51"", ""Nelfe"", ""Parp1"", ""Blm"", ""Brca1"", ""Srsf1"", ""Incenp"", ""Uqcc2"", ""Srrm1"", ""Dkc1"", ""Pcbp1"", ""Bclaf1"", ""Noc3l"", ""Apex1"", ""Cstf2"", ""Dbf4"", ""Nsl1"", ""Spag5"", ""Zcchc8"", ""Smc4"", ""Nop10"", ""Topbp1"", ""Suz12"", ""Eftud2"", ""Nbn"", ""Cenpi"", ""Tinf2"", ""Cenpc1"", ""Fancd2"", ""Hdac4"", ""Ect2"", ""Thoc7"", ""E2f7"", ""Bola3"", 
""Fmr1"", ""Dsn1"", ""Scaf11"", ""Api5"", ""Dgcr8"", ""Dtx1"", ""Myo1c"", ""Smc6"", ""Tdg"", ""Babam1"", ""Chek2"", ""Srrt"", ""Cenpo"", ""Smn1"", ""Ppp1r8"", ""Hnrnpu"", ""Smurf2"", ""Pml"", ""Cdk2"", ""Cdc34"", ""Zc3h18"", ""Rad18"", ""Ylpm1"", ""Ube2o"", ""Pole2"", ""Mbd4"", ""Thrap3"", ""Nfatc1"", ""Casp8ap2"", ""Mdc1"", ""Sf3a1"", ""Zc3h8"", ""Jade1"", ""Trim25"", ""Npat"", ""Dnajc11"", ""Kif18b"", ""Wrn"", ""Ddx39b"", ""Palb2"", ""Srsf10"", ""Rbm15"", ""Pcgf2"", ""Arhgap18"", ""Nampt"", ""Rbm14"")"
"278","LET_7B_3P","0.00113412046416006","0.0191573506475224","0.45505986738723","0.551155261883624","1.51197797888512","139","c(""Ddx21"", ""Dek"", ""Atad2"", ""Snrpb2"", ""Ncapg2"", ""C1qbp"", ""Kif11"", ""Rad21"", ""Hes1"", ""Cbx5"", ""Rif1"", ""Plk1"", ""Smarca5"", ""Clspn"", ""G2e3"", ""Srsf1"", ""Nasp"", ""Atad5"", ""Kpna3"", ""Polr2k"", ""Psip1"", ""U2surp"", ""Wdhd1"", ""Baz1b"", ""Ssb"", ""Akap1"", ""Rnf144a"", ""Nudt4"", ""Myo5a"", ""Larp4b"")"
"279","MIR_141_3P","0.00343452655473032","0.0433215281805176","0.431707695803346","0.588653366811343","1.51473734393935","81","c(""Dek"", ""Ccne2"", ""Fkbp5"", ""Rdx"", ""Anp32e"", ""Tcerg1"", ""Psat1"", ""Cdc25a"", ""Canx"", ""Brd3"", ""Lbr"", ""Ccp110"", ""Nrp1"", ""Pds5b"", ""Elk3"", ""Fmr1"", ""E2f3"")"
"280","LET_7A_5P_LET_7C_5P_LET_7E_5P_MIR_98_5P","0.00319435393451836","0.0410084059549168","0.431707695803346","0.590495201355064","1.51947679795767","81","c(""Nap1l1"", ""Rdx"", ""Arpp19"", ""Cbx5"", ""Ccnd2"", ""Ddx19a"", ""Dna2"", ""Atp2a2"", ""Bcat1"", ""Brd3"", ""Lbr"", ""Gnptab"", ""Mycbp"", ""Cbx2"", ""Arl5a"", ""Cdc34"", ""Hdlbp"", ""Snx30"", ""Ppargc1b"", ""E2f6"", ""E2f2"")"
"281","LET_7B_5P_LET_7K","0.00319435393451836","0.0410084059549168","0.431707695803346","0.590495201355064","1.51947679795767","81","c(""Nap1l1"", ""Rdx"", ""Arpp19"", ""Cbx5"", ""Ccnd2"", ""Ddx19a"", ""Dna2"", ""Atp2a2"", ""Bcat1"", ""Brd3"", ""Lbr"", ""Gnptab"", ""Mycbp"", ""Cbx2"", ""Arl5a"", ""Cdc34"", ""Hdlbp"", ""Snx30"", ""Ppargc1b"", ""E2f6"", ""E2f2"")"
"282","LET_7G_5P","0.00319435393451836","0.0410084059549168","0.431707695803346","0.590495201355064","1.51947679795767","81","c(""Nap1l1"", ""Rdx"", ""Arpp19"", ""Cbx5"", ""Ccnd2"", ""Ddx19a"", ""Dna2"", ""Atp2a2"", ""Bcat1"", ""Brd3"", ""Lbr"", ""Gnptab"", ""Mycbp"", ""Cbx2"", ""Arl5a"", ""Cdc34"", ""Hdlbp"", ""Snx30"", ""Ppargc1b"", ""E2f6"", ""E2f2"")"
"283","LET_7I_5P","0.00319435393451836","0.0410084059549168","0.431707695803346","0.590495201355064","1.51947679795767","81","c(""Nap1l1"", ""Rdx"", ""Arpp19"", ""Cbx5"", ""Ccnd2"", ""Ddx19a"", ""Dna2"", ""Atp2a2"", ""Bcat1"", ""Brd3"", ""Lbr"", ""Gnptab"", ""Mycbp"", ""Cbx2"", ""Arl5a"", ""Cdc34"", ""Hdlbp"", ""Snx30"", ""Ppargc1b"", ""E2f6"", ""E2f2"")"
"284","MIR_26A_5P","0.00261890058144261","0.0358516318933507","0.431707695803346","0.576138615097125","1.51994561350438","103","c(""Rpl37"", ""Serbp1"", ""Ccne2"", ""Naa15"", ""Arpp19"", ""Cdk6"", ""Ezh2"", ""Larp1"", ""Trim37"", ""Mdn1"", ""Anks1"", ""Car12"", ""Suz12"", ""Pom121"", ""Ddx3x"", ""Asxl1"", ""Otud4"", ""E2f7"", ""Cpsf2"", ""Depdc1b"", ""Loxl2"", ""Skp2"", ""Pcm1"", ""Hmga1"", ""Etf1"", ""Nampt"", ""Adam19"", ""Plod2"", ""Nup50"", ""Acsl3"", ""Atp11c"", ""Dennd4a"", ""Plp1"")"
"285","MIR_26B_5P","0.00261890058144261","0.0358516318933507","0.431707695803346","0.576138615097125","1.51994561350438","103","c(""Rpl37"", ""Serbp1"", ""Ccne2"", ""Naa15"", ""Arpp19"", ""Cdk6"", ""Ezh2"", ""Larp1"", ""Trim37"", ""Mdn1"", ""Anks1"", ""Car12"", ""Suz12"", ""Pom121"", ""Ddx3x"", ""Asxl1"", ""Otud4"", ""E2f7"", ""Cpsf2"", ""Depdc1b"", ""Loxl2"", ""Skp2"", ""Pcm1"", ""Hmga1"", ""Etf1"", ""Nampt"", ""Adam19"", ""Plod2"", ""Nup50"", ""Acsl3"", ""Atp11c"", ""Dennd4a"", ""Plp1"")"
"286","REACTOME_SIGNALING_BY_RHO_GTPASES_MIRO_GTPASES_AND_RHOBTB3","0.000324362360957736","0.00715206625669023","0.49849310876659","0.53879814122957","1.5297319621087","214","c(""Tuba1b"", ""Spc25"", ""Cenph"", ""Arhgap19"", ""Prc1"", ""C1qbp"", ""Arhgap11a"", ""Racgap1"", ""Diaph3"", ""Bub1b"", ""Cenpk"", ""Aurkb"", ""Plk1"", ""Kntc1"", ""Cenpe"", ""Anln"", ""Cenpf"", ""Ndufa5"", ""Mad2l1"", ""Ercc6l"", ""Calm2"", ""Shmt2"", ""Ywhae"", ""Ckap5"", ""Kif18a"", ""Iqgap3"", ""Incenp"", ""Kif14"", ""Srrm1"", ""Xpo1"", ""Nuf2"", ""Tfrc"", ""Bub1"", ""Ranbp2"", ""Ccne1"", ""Hsp90aa1"", ""Hnrnpc"", ""Net1"", ""Cenpp"", ""Zwilch"", ""Nsl1"", ""Ska2"", ""Ndc80"", ""Nup133"", ""Tuba1c"", ""Nup107"", ""Nup85"", ""Cenpi"", ""Hsp90ab1"", ""Ska1"", ""Aaas"", ""Lbr"", ""Cenpc1"", ""Ccp110"", 
""Ect2"", ""Stip1"", ""Gja1"", ""Pmf1"", ""Kif2c"", ""Hspe1"", ""Dsn1"", ""Rangap1"", ""Rock2"", ""Cenpl"", ""Depdc1b"", ""Rcc2"")"
"287","GOBP_SPINDLE_ORGANIZATION","0.00293893426726579","0.0386719780523511","0.431707695803346","0.592093480938614","1.5328567802339","87","c(""Spc25"", ""Cenph"", ""Prc1"", ""Kif11"", ""Racgap1"", ""Tpx2"", ""Stag2"", ""Stil"", ""Aurkb"", ""Plk1"", ""Cenpe"", ""Kif4"", ""Smc1a"", ""Aspm"", ""Ckap5"", ""Incenp"", ""Tacc3"", ""Espl1"", ""Nuf2"", ""Mybl2"", ""Pcnt"", ""Dlgap5"", ""Spag5"", ""Nek2"", ""Ndc80"", ""Aunip"", ""Kpnb1"", ""Aaas"", ""Ccnb2"", ""Kif23"", ""Bora"", ""Ranbp1"", ""Ccnb1"", ""Chek2"", ""Cep192"", ""Hnrnpu"", ""Rcc1"", ""Fbxo5"", ""Knstrn"", ""Aurka"", ""Smc3"", ""Haus6"", ""Ddb1"", ""Tubb5"", ""Haus3"", ""Haus8"", ""Haus2"", ""Mlh1"")"
"288","MIR_381_3P","0.00223818812726459","0.0318473221950924","0.431707695803346","0.592802882332745","1.53411887475116","84","c(""Dek"", ""Pdap1"", ""Kif11"", ""Cbx5"", ""Rpl22"", ""Parp1"", ""G2e3"", ""Srsf1"", ""Atad5"", ""Kpna3"", ""Psip1"", ""Syncrip"", ""Suclg2"", ""Xpo1"", ""Kif20b"", ""Gfra1"", ""Ska2"", ""Rnf144a"", ""Pds5b"", ""Thap1"", ""Nol9"", ""Mphosph9"", ""Xpo7"", ""Casp8ap2"", ""Med14"", ""Frmd6"", ""Mdm1"", ""Ppp3ca"", ""Lin9"", ""Cdk1"", ""Sp4"", ""Akap12"", ""Dennd4a"", ""Myh10"")"
"289","PILON_KLF1_TARGETS_UP","0.00115301866823341","0.0193633396697221","0.45505986738723","0.559471554615283","1.53628661161476","141","c(""Nap1l1"", ""Top2a"", ""Wdr43"", ""Bola2"", ""Kntc1"", ""Atpif1"", ""Mpzl2"", ""Slbp"", ""Mis18bp1"", ""Hspa9"", ""Rars"", ""Supt16"", ""Trmt10a"", ""Rrp1b"", ""Cpsf2"", ""Larp4b"", ""Pitrm1"", ""Loxl2"", ""Sin3a"", ""Mrpl47"", ""Itga4"", ""Mthfd2"", ""Rad18"", ""Ube2o"", ""Ptprf"", ""Zfp239"", ""Rnf168"", ""Prkar2a"", ""Prkar2b"", ""Lipg"")"
"290","MIR_200A_3P","0.00291370549969479","0.0384303120359288","0.431707695803346","0.597704625504783","1.53653195767113","79","c(""Dek"", ""Ccne2"", ""Fkbp5"", ""Rdx"", ""Anp32e"", ""Tcerg1"", ""Psat1"", ""Cdc25a"", ""Canx"", ""Brd3"", ""Lbr"", ""Ccp110"", ""Nrp1"", ""Pds5b"", ""Elk3"", ""Fmr1"", ""E2f3"")"
"291","MA_RAT_AGING_DN","0.00145473802894814","0.0228370151990038","0.45505986738723","0.594084936825674","1.53847415811785","86","c(""Rpl38"", ""Rpl37"", ""Rpl39"", ""Atp5k"", ""Rps28"", ""Rps17"", ""mt-Nd1"", ""Crip1"", ""Fam111a"", ""Uqcr10"", ""Hes1"")"
"292","LET_7A_1_3P_LET_7C_2_3P","0.00107638370137572","0.0183429753476328","0.45505986738723","0.560678247450322","1.53904577115083","140","c(""Ddx21"", ""Dek"", ""Nusap1"", ""Atad2"", ""Snrpb2"", ""Ncapg2"", ""C1qbp"", ""Kif11"", ""Rad21"", ""Hes1"", ""Cbx5"", ""Rif1"", ""Plk1"", ""Smarca5"", ""Clspn"", ""G2e3"", ""Srsf1"", ""Nasp"", ""Atad5"", ""Kpna3"", ""Polr2k"", ""Psip1"", ""U2surp"", ""Wdhd1"", ""Ssb"", ""Akap1"", ""Rnf144a"", ""Nudt4"", ""Myo5a"", ""Larp4b"")"
"293","GRAESSMANN_RESPONSE_TO_MC_AND_DOXORUBICIN_DN","2.67698154542875e-05","0.000915084164966977","0.575610261071129","0.527860079211136","1.54333631443402","304","c(""Cbx3"", ""Eif2s2"", ""Hells"", ""Nop58"", ""Rpl41"", ""Naa15"", ""Taf1d"", ""Ncapg2"", ""Mybbp1a"", ""St13"", ""Rrm1"", ""Tcof1"", ""Rfc1"", ""Cbx1"", ""C1qbp"", ""Cdca7"", ""Myc"", ""Cdc6"", ""Nolc1"", ""Nop56"", ""Dhx9"", ""Pbk"", ""Tcerg1"", ""Exosc2"", ""Mtf2"", ""Trip13"", ""Pole"", ""Dtl"", ""Cep41"", ""Srsf1"", ""Nasp"", ""Snhg6"", ""Paics"", ""Kpna3"", ""Brd8"", ""Psip1"", ""Syncrip"", ""Suv39h1"", ""Tk1"", ""Tfrc"", ""Mdn1"", ""Plk4"", ""Bclaf1"", ""Polr1a"", ""Caprin1"", ""Hspa9"", ""Hivep3"", ""Ssr1"", ""Rrp15"", ""Hcfc1"", ""Epb41l2"", ""Apex1"", ""Mcm2"", ""Foxm1"", ""Rbl1"", ""Cstf2"", ""Iars"", 
""Ldlr"", ""Pold3"", ""Zcchc8"", ""Nop10"", ""Tmpo"", ""Mrps5"", ""Ndufaf4"", ""Dph6"", ""Nup133"", ""Abce1"", ""Pold1"", ""Tars"", ""Kpnb1"", ""Mrpl19"", ""Ska1"", ""AU020206"", ""Lbr"", ""Sfxn1"", ""Cep152"", ""Mtap"", ""Mettl1"", ""Pmf1"", ""Slc35a3"", ""Polr2i"", ""1700037H04Rik"", ""Tmem209"", ""Dgcr8"", ""Pum3"", ""Mtbp"", ""Skp2"", ""Stard4"", ""Slc25a13"", ""Sin3a"", ""Lancl2"", ""Pelp1"", ""Cdk2"", ""Mthfd2"", ""Ddx10"", ""Ppat"", ""Wdr75"", ""Ivns1abp"", ""Gart"", ""Dars"", ""Gcsh"", ""Ptprf"", ""Etf1"", ""Timeless"")"
"294","GOBP_MICROTUBULE_CYTOSKELETON_ORGANIZATION","7.30731402338164e-05","0.00213203803601393","0.538434096309916","0.541371916894642","1.54421226607937","225","c(""Tuba1b"", ""Nusap1"", ""Spc25"", ""Cenph"", ""Ckap2"", ""Prc1"", ""Kif11"", ""Racgap1"", ""Tpx2"", ""Chek1"", ""Stag2"", ""Stil"", ""Aurkb"", ""Plk1"", ""Cenpe"", ""Kif20a"", ""Mad2l1"", ""Brca1"", ""Kif4"", ""Smc1a"", ""Aspm"", ""Ckap5"", ""Kif18a"", ""Cep295"", ""Incenp"", ""Tacc3"", ""Trim37"", ""Kif14"", ""Espl1"", ""Xpo1"", ""Nuf2"", ""Plk4"", ""Mybl2"", ""Brca2"", ""Pcnt"", ""Ska3"", ""Dlgap5"", ""Ccnf"", ""Ska2"", ""Spag5"", ""Nek2"", ""Ndc80"", ""Ppp2r3c"", ""Tuba1c"", ""Aunip"", ""Kpnb1"", ""Nefh"", ""Ska1"", ""Odf2"", ""Aaas"", ""Ccp110"", ""Ccnb2"", ""Cntln"", ""Kif23"", ""Cep152"", ""Hsph1"", 
""Bora"", ""Kif2c"", ""Ranbp1"", ""Rock2"", ""Alms1"", ""Nat10"", ""Ccnb1"", ""Slc16a1"", ""Chek2"", ""Gas2l3"", ""Cep192"", ""Pcm1"", ""Smn1"", ""Hnrnpu"", ""Mns1"", ""Cdk2"", ""Map7"", ""Rcc1"", ""Fbxo5"", ""Knstrn"", ""Cntrob"", ""Eml4"", ""Mcph1"", ""Gen1"", ""Aurka"", ""Kif18b"", ""Itgb1"", ""Rbm14"", ""Mdm1"", ""Smc3"", ""Cep135"", ""Haus6"", ""Spdl1"", ""Cdk5rap2"", ""Ddb1"", ""Tubb5"", ""Cdk1"", ""Haus3"", ""Haus8"", ""Azin1"", ""Haus2"", ""Mlh1"", ""Kat2a"", ""Cep76"", ""Syne2"", ""Bicd1"")"
"295","GOCC_SPINDLE","0.000729037960847183","0.0134557581463712","0.477270815362862","0.555224282581138","1.54442755430166","161","c(""Cbx3"", ""Nusap1"", ""Taf1d"", ""Ckap2"", ""Cbx1"", ""Prc1"", ""Myc"", ""Kif11"", ""Cdc6"", ""Racgap1"", ""Hmmr"", ""Tpx2"", ""Rif1"", ""Ckap2l"", ""Stag2"", ""Bub1b"", ""Aurkb"", ""Plk1"", ""Kntc1"", ""Cenpe"", ""Kif20a"", ""Cenpf"", ""Mad2l1"", ""Calm2"", ""Smc1a"", ""Aspm"", ""Ckap5"", ""Kif18a"", ""Cep295"", ""Incenp"", ""Tacc3"", ""Kif14"", ""Espl1"", ""Kif20b"", ""Cdc7"", ""Ska3"", ""Dlgap5"", ""Atm"", ""Nsl1"", ""Ska2"", ""Spag5"", ""Nek2"", ""Aunip"", ""Ska1"", ""Aaas"", ""Kif23"", ""Ect2"", ""Bora"", ""Pmf1"", ""Kif2c"", ""Dsn1"", ""Rangap1"", ""Rock2"", ""Rcc2"", ""Smc6"", ""Ccnb1"", ""Hnrnpu"", 
""Ddx11"", ""BC055324"", ""Fbxo5"", ""Knstrn"", ""Eml4"", ""Aurka"", ""Kif18b"", ""Pkp4"", ""Kifap3"", ""Smc3"", ""Wdr5"", ""Haus6"", ""Spdl1"", ""Mad2l2"", ""Cdk5rap2"", ""Pinx1"", ""Tubb5"", ""Cdk1"", ""Haus3"", ""Haus8"", ""Haus2"", ""Kat2a"")"
"296","GOBP_REGULATION_OF_CHROMOSOME_ORGANIZATION","0.00175438888038313","0.0268124459311464","0.45505986738723","0.571270892973488","1.54447182114277","119","c(""Top2a"", ""Gnl3"", ""Spc25"", ""Hnrnpa2b1"", ""Ncapd2"", ""Trim28"", ""Ncaph"", ""Ttk"", ""Myc"", ""Cdc6"", ""Rad21"", ""Bub1b"", ""Aurkb"", ""Plk1"", ""Kntc1"", ""Ncapg"", ""Trip13"", ""Cenpe"", ""Smarca5"", ""Parp1"", ""Mad2l1"", ""Smarcc1"", ""Cit"", ""Incenp"", ""Tacc3"", ""Bcl7a"", ""Smc2"", ""Dkc1"", ""Naa10"", ""Nuf2"", ""Bub1"", ""Wdhd1"", ""Hnrnpc"", ""Ruvbl1"", ""Mcm2"", ""Atm"", ""Zwilch"", ""Psmg2"", ""Baz1b"", ""Nek2"", ""Smc4"", ""Ndc80"", ""Nbn"", ""Tinf2"", ""Recql4"", ""Anapc1"", ""Nat10"", ""Ccnb1"", ""Xrcc5"", ""Cep192"", ""Rad50"", ""Ctc1"", ""Hnrnpu"", ""Pml"", ""Cdk2"", ""Ylpm1"", 
""Fbxo5"", ""Mcph1"", ""Gen1"")"
"297","KATSANOU_ELAVL1_TARGETS_DN","0.00306583920299992","0.0399804809835903","0.431707695803346","0.617996540722147","1.55492003041495","64","c(""Hmgn5"", ""Tcf19"", ""Tcof1"", ""Nolc1"", ""Depdc1a"", ""Fanca"", ""Pus7"", ""Incenp"", ""Cdca7l"", ""Dkc1"", ""Mybl2"", ""Shmt1"", ""Dhfr"", ""Rrp12"", ""Pfas"", ""Mettl13"", ""Mns1"", ""Timeless"", ""Kif18b"", ""Tiam1"")"
"298","SANSOM_APC_TARGETS_REQUIRE_MYC","0.000896750984008683","0.015815694572793","0.477270815362862","0.58043124076689","1.55733817064289","114","c(""Mcm7"", ""Snrpf"", ""Rpl31"", ""Knop1"", ""Mybbp1a"", ""Myc"", ""Mcm3"", ""Nolc1"", ""Nop56"", ""Snrpg"", ""Ybx3"", ""Gtse1"", ""Bub1b"", ""Cad"", ""Pole"", ""Rad54l"", ""Shmt2"", ""Smarcc1"", ""Myef2"", ""Nasp"", ""Vars"", ""Tk1"", ""Mdn1"", ""Srm"", ""Shmt1"", ""Polr1a"", ""Zmynd19"", ""Cenpp"", ""Tmpo"", ""Ska1"", ""Aaas"", ""Pdxk"", ""Lrp8"", ""Mettl1"", ""Pmf1"", ""Gins2"", ""Gar1"", ""Rcc2"", ""Ephb2"", ""Hira"", ""Smpd4"", ""Mettl13"", ""Rrp9"", ""Lancl2"")"
"299","GOBP_REGULATION_OF_INSULIN_RECEPTOR_SIGNALING_PATHWAY","0.00411199794200669","0.0487867603940204","0.407017918923954","0.719599133615248","1.55921705042878","25","c(""Ncl"", ""Nucks1"", ""Ide"", ""Ptprf"", ""Ankrd26"")"
"300","BOYLAN_MULTIPLE_MYELOMA_C_D_UP","0.00194543786868515","0.0290408128356436","0.45505986738723","0.620746946451652","1.56059283274131","68","c(""Ncl"", ""Nap1l1"", ""Pabpc1"", ""Snrpf"", ""Taf1d"", ""Nolc1"", ""Fanca"", ""Rad54l"", ""Incenp"", ""Serf1"", ""Brd8"", ""Bcl7a"", ""Tfrc"", ""Shmt1"", ""Esco2"", ""Bcat1"", ""Supt16"", ""Mthfd1"", ""Rpl23"", ""Cpsf2"", ""Gar1"", ""Scarb1"", ""Slc16a1"", ""Smpd4"", ""Gid4"", ""Mnd1"", ""Eprs"", ""Sapcd1"", ""Idi1"")"
"301","ZHANG_BREAST_CANCER_PROGENITORS_UP","0.000110935862799663","0.00299474990370867","0.538434096309916","0.54554642124843","1.56285219910205","237","c(""Top2a"", ""Serbp1"", ""Hells"", ""Pola1"", ""Uhrf1"", ""Atad2"", ""Anp32e"", ""Snrpb2"", ""Taf1d"", ""Arpp19"", ""Hnrnpa2b1"", ""Ncapd2"", ""Ndufc1"", ""Rfc1"", ""2810004N23Rik"", ""Cdca7"", ""Cdc6"", ""Rad21"", ""Pbk"", ""Rif1"", ""Chek1"", ""Ezh2"", ""Bub1b"", ""Depdc1a"", ""Ncapg"", ""Trip13"", ""Rad51"", ""Smarca5"", ""Parp1"", ""Anln"", ""Cenpf"", ""Brca1"", ""Calm2"", ""Psat1"", ""Paics"", ""Slc7a1"", ""Trim37"", ""Ccna2"", ""Syncrip"", ""Smc2"", ""Cd24a"", ""Xpo1"", ""Tfrc"", ""Bub1"", ""Mis18bp1"", ""Shmt1"", ""Esco2"", ""Caprin1"", ""Hnrnpa3"", ""Car12"", ""Mcm2"", ""Rbl1"", ""Cstf2"", ""Dbf4"", 
""Cdc25a"", ""Ska2"", ""Ssb"", ""Pold3"", ""Zcchc8"", ""Smc4"", ""Tmpo"", ""Topbp1"", ""Zfp367"", ""Trim59"", ""Eftud2"", ""Prim1"", ""Nup107"", ""Mthfd1"", ""Nup85"", ""Ttf2"", ""Lsm5"", ""Usp1"", ""Asxl1"", ""Pds5b"", ""Ect2"", ""E2f7"", ""Kif2c"", ""Rrm2"", ""Nup155"", ""Tomm70a"", ""Anapc1"", ""Tmem209"", ""Skp2"", ""Xrcc5"", ""Myb"", ""Rbbp8"", ""Cep192"", ""Hnrnpu"", ""Pwp1"", ""BC055324"", ""Ppat"", ""Wdr75"", ""Ncbp1"", ""Casp8ap2"", ""Zfp239"", ""Jade1"", ""Aurka"", ""Pkp4"", ""Ankrd26"", ""Ctdspl2"", ""Srsf10"", ""Hnrnpdl"", ""Ncapd3"")"
"302","GOBP_REGULATION_OF_MITOTIC_CELL_CYCLE","8.02956100465522e-05","0.00227924056660072","0.538434096309916","0.55132534360504","1.56400956871596","212","c(""Nusap1"", ""Mki67"", ""Spc25"", ""Rps27l"", ""Rdx"", ""Larp7"", ""Rrm1"", ""Cdk6"", ""Ttk"", ""Myc"", ""Cdc6"", ""Rad21"", ""Hes1"", ""Chek1"", ""Ezh2"", ""Stil"", ""Bub1b"", ""Aurkb"", ""Plk1"", ""Bard1"", ""Kntc1"", ""Trip13"", ""Cenpe"", ""Clspn"", ""Cenpf"", ""Mad2l1"", ""Blm"", ""Dtl"", ""Brca1"", ""Smarcc1"", ""Ywhae"", ""Atad5"", ""Incenp"", ""Hmgb1"", ""Kif14"", ""Ccnd2"", ""Bcl7a"", ""Nuf2"", ""Inip"", ""Bub1"", ""Brca2"", ""Eif4g1"", ""Cdc7"", ""Ticrr"", ""Apex1"", ""Dlgap5"", ""Rbl1"", ""Atm"", ""Zwilch"", ""Dbf4"", ""Pidd1"", ""Psmg2"", ""Cdc25a"", ""Topbp1"", ""Ndc80"", ""Rfwd3"", ""Nbn"", ""Fancd2"", 
""Ddx3x"", ""Bora"", ""E2f7"", ""Rrm2"", ""Rcc2"", ""Mtbp"", ""Ccnb1"", ""Babam1"", ""Thap1"", ""Chek2"", ""Rbbp8"", ""Cep192"", ""Cdc25c"", ""Rad50"", ""Ctc1"", ""Sin3a"", ""Hnrnpu"", ""Pml"", ""E2f1"", ""Cdk2"", ""Anp32b"", ""Psme3"", ""Rcc1"", ""Fbxo5"", ""Mbd4"", ""Orc1"")"
"303","GOBP_REGULATION_OF_CELL_CYCLE_PHASE_TRANSITION","0.00019464087410393","0.00493175583201054","0.518848077743792","0.554259606013685","1.56486889822817","186","c(""Spc25"", ""Rps27l"", ""Rdx"", ""Larp7"", ""Rrm1"", ""Cdk6"", ""Ttk"", ""Cdc6"", ""Rad21"", ""Chek1"", ""Ezh2"", ""Wdr76"", ""Stil"", ""Cdt1"", ""Bub1b"", ""Aurkb"", ""Plk1"", ""Bard1"", ""Kntc1"", ""Trip13"", ""Rad51"", ""Cenpe"", ""Clspn"", ""Cenpf"", ""Mad2l1"", ""Blm"", ""Dtl"", ""Brca1"", ""Smarcc1"", ""Atad5"", ""Incenp"", ""Kif14"", ""Ccnd2"", ""Bcl7a"", ""Nuf2"", ""Inip"", ""Dna2"", ""Bub1"", ""Brca2"", ""Eif4g1"", ""Cdc7"", ""Ticrr"", ""Apex1"", ""Rbl1"", ""Atm"", ""Zwilch"", ""Dbf4"", ""Pidd1"", ""Psmg2"", ""Cdc25a"", ""Paxip1"", ""Topbp1"", ""Ndc80"", ""Rfwd3"", ""Dtx3l"", ""Nbn"", ""Fancd2"", 
""Ddx3x"", ""E2f7"", ""Rrm2"", ""Rcc2"", ""Mtbp"", ""Ccnb1"", ""Babam1"", ""Chek2"", ""Rbbp8"", ""Cep192"", ""Cdc25c"", ""Rad50"", ""Ctc1"", ""Mettl13"", ""Sin3a"", ""Pml"", ""E2f1"", ""Cdk2"", ""Anp32b"", ""Psme3"", ""Fbxo5"", ""Mbd4"", ""Orc1"", ""Gen1"", ""Timeless"", ""Jade1"", ""Aurka"")"
"304","MIR_568","0.00259941694513497","0.0358218223970508","0.431707695803346","0.633041367862979","1.56723625485916","57","c(""Cdca7"", ""Notch1"", ""Cenpe"", ""Bub1"", ""Atp2a2"", ""Nup188"", ""Ccar1"", ""Dbf4"", ""Ndufaf4"", ""Stip1"", ""Elovl5"", ""Slc43a3"", ""Smurf2"", ""Spcs3"", ""Med14"", ""Piezo1"", ""Jade1"", ""Ctdspl2"")"
"305","GOCC_MIDBODY","0.00356395689595838","0.0448561633724435","0.431707695803346","0.632216042783011","1.56842081931508","58","c(""Gnl3"", ""Rdx"", ""Prc1"", ""Racgap1"", ""Rad21"", ""Aurkb"", ""Plk1"", ""Cenpe"", ""Kif20a"", ""Anln"", ""Cenpf"", ""Usp50"", ""Kif4"", ""Cit"", ""Aspm"", ""Incenp"", ""Kif14"", ""Kif20b"", ""Hsp90b1"", ""Nek2"", ""Clic4"", ""Cenpc1"", ""Kif23"", ""Ect2"", ""Rcc2"", ""Nat10"", ""Hnrnpu"", ""Ddx11"", ""BC055324"", ""Eml4"")"
"306","MIR_1943_5P","0.00396228423810289","0.0475885988430777","0.407017918923954","0.70865572558736","1.57234284774425","30","c(""Rpl31"", ""Uqcrq"", ""Bard1"", ""Smarcc1"", ""Slc7a1"")"
"307","GOBP_CYTOSKELETON_DEPENDENT_CYTOKINESIS","0.00385446866622573","0.0470766712151925","0.431707695803346","0.709341447417512","1.57386430559218","30","c(""Nusap1"", ""Ckap2"", ""Racgap1"", ""Aurkb"", ""Plk1"", ""Kif20a"", ""Anln"", ""Cit"", ""Iqgap3"", ""Incenp"", ""Kif20b"", ""Kif23"", ""Ect2"", ""Rock2"")"
"308","GOBP_CHROMATIN_REMODELING","0.000383603847941969","0.00814735084397336","0.49849310876659","0.566194107506423","1.57494152930599","161","c(""Cbx3"", ""Nap1l1"", ""Ddx21"", ""Dek"", ""Hells"", ""Set"", ""Uhrf1"", ""Dnmt1"", ""Mybbp1a"", ""Trim28"", ""Rbbp4"", ""Myc"", ""Hdgf"", ""Rif1"", ""Chek1"", ""Ezh2"", ""Mtf2"", ""Rbbp7"", ""Npm3"", ""Smarca5"", ""Brca1"", ""Smarcc1"", ""Chaf1a"", ""Nasp"", ""Msl3"", ""Hmgb1"", ""Trim37"", ""Psip1"", ""Bcl7a"", ""Suv39h1"", ""Smyd2"", ""Wdhd1"", ""Ruvbl1"", ""Hcfc1"", ""Cenpp"", ""Mcm2"", ""Baz1b"", ""Paxip1"", ""Dtx3l"", ""Noc2l"", ""Suz12"", ""Brd3"", ""Supt16"", ""Cenpi"", ""Hdac4"", ""Ssrp1"", ""H19"", ""Loxl2"", ""Myo1c"", ""Tdg"", ""Phf19"", ""Babam1"", ""Hira"", ""Pole3"", ""Sin3a"", ""Hnrnpu"", 
""Dnmt3b"", ""Cdk2"", ""Anp32b"", ""Nudt5"", ""Kcnq1ot1"")"
"309","REACTOME_BASE_EXCISION_REPAIR","0.00373075895759622","0.0459970762409593","0.431707695803346","0.727264619848142","1.57582651572109","25","c(""Lig1"", ""Rfc1"", ""Pcna"", ""Rfc3"", ""Parp1"", ""Pole"", ""Apex1"", ""Pold3"", ""Pold1"", ""Neil3"", ""Tdg"", ""Pole3"", ""Pole2"", ""Mbd4"")"
"310","MIR_802_5P","0.00412377680450163","0.0488177430319793","0.407017918923954","0.687219787539429","1.57608244245915","35","c(""Nusap1"", ""Hspd1"", ""Cenpw"", ""Nolc1"", ""Rif1"", ""Nmt2"", ""Kif4"", ""Ckap5"", ""Cdca4"")"
"311","GOBP_REGULATION_OF_SISTER_CHROMATID_SEGREGATION","0.00389710216776025","0.0470795716808014","0.431707695803346","0.644336906329314","1.57628800763057","54","c(""Spc25"", ""Ttk"", ""Cdc6"", ""Rad21"", ""Bub1b"", ""Aurkb"", ""Plk1"", ""Kntc1"", ""Trip13"", ""Cenpe"", ""Mad2l1"", ""Smarcc1"", ""Cit"", ""Incenp"", ""Tacc3"", ""Bcl7a"", ""Nuf2"", ""Bub1"", ""Atm"", ""Zwilch"", ""Psmg2"", ""Ndc80"", ""Anapc1"", ""Ccnb1"", ""Cep192"", ""Hnrnpu"", ""Fbxo5"", ""Gen1"")"
"312","MIR_149_3P","0.00417184296257637","0.049285760316572","0.407017918923954","0.713849688629214","1.57711951263805","29","c(""Rpl31"", ""Uqcrq"", ""Bard1"", ""Smarcc1"", ""Slc7a1"")"
"313","REACTOME_SNRNP_ASSEMBLY","0.00423484665329315","0.0497264378189469","0.407017918923954","0.690986431479468","1.57865401545732","34","c(""Snrpf"", ""Snrpd3"", ""Snrpg"", ""Nup205"", ""Snrpd2"", ""Ranbp2"", ""Nup188"", ""Ndc1"", ""Snrpd1"", ""Nup133"", ""Pom121"", ""Nup107"", ""Nup85"", ""Aaas"", ""Nup88"", ""Prmt5"", ""Snrpe"", ""Nup155"", ""Smn1"", ""Nup160"")"
"314","chr2E5","0.0032405956107893","0.0414179664679862","0.431707695803346","0.732008377693609","1.58610522197605","25","c(""Nusap1"", ""Eif3j1"", ""B2m"", ""Wdr76"", ""Bub1b"", ""Fam98b"", ""Rad51"")"
"315","GOBP_POSITIVE_REGULATION_OF_CELL_DIVISION","0.00309976132780066","0.0402208787993443","0.431707695803346","0.714893625674357","1.58618330261195","30","c(""Cdc6"", ""Racgap1"", ""Aurkb"", ""Cit"", ""Incenp"", ""Kif14"", ""Kif20b"", ""Kif23"", ""Ect2"")"
"316","GOBP_MITOTIC_SISTER_CHROMATID_SEPARATION","0.00407797415855241","0.0486744973428869","0.407017918923954","0.677370216771898","1.58685311097948","39","c(""Spc25"", ""Ttk"", ""Rad21"", ""Bub1b"", ""Aurkb"", ""Plk1"", ""Kntc1"", ""Trip13"", ""Cenpe"", ""Mad2l1"", ""Incenp"", ""Nuf2"", ""Bub1"", ""Atm"", ""Zwilch"", ""Psmg2"", ""Ndc80"")"
"317","GOBP_MYELOID_LEUKOCYTE_CYTOKINE_PRODUCTION","0.00359015580687122","0.0449854519420657","0.431707695803346","0.717341962377685","1.58696523243713","28","c(""Ddx21"", ""Mif"", ""Ddx1"", ""Kit"")"
"318","BYSTROEM_CORRELATED_WITH_IL5_UP","0.00302274575596769","0.0395972839733001","0.431707695803346","0.733835080830105","1.59006329605292","25","c(""Set"", ""Rpl41"", ""Rbbp4"", ""Hdgf"", ""Nelfe"", ""E2f1"", ""Rps12"", ""Etf1"")"
"319","GOBP_POSITIVE_REGULATION_OF_CELL_CYCLE_PROCESS","0.000603593156711332","0.0115462174381502","0.477270815362862","0.586821450619287","1.59135232417001","124","c(""Nusap1"", ""Rdx"", ""Larp7"", ""Ncapg2"", ""Rad51ap1"", ""Ncapd2"", ""Rrm1"", ""Ncaph"", ""Cdc6"", ""Racgap1"", ""Rad21"", ""Ezh2"", ""Stil"", ""Aurkb"", ""Ncapg"", ""Cenpe"", ""Mad2l1"", ""Dtl"", ""E2f8"", ""Cit"", ""Atad5"", ""Cep295"", ""Incenp"", ""Kif14"", ""Ccnd2"", ""Smc2"", ""Plk4"", ""Kif20b"", ""Bub1"", ""Eif4g1"", ""Cdc7"", ""Apex1"", ""Dbf4"", ""Cdc25a"", ""Spag5"", ""Smc4"", ""Ndc80"", ""Kif23"", ""Ddx3x"", ""Ect2"", ""Gja1"", ""E2f7"", ""Ranbp1"", ""Rrm2"", ""Rock2"", ""Rcc2"", ""Mtbp"", ""Smc6"", ""Ccnb1"", ""Chek2"", ""Cdc25c"", ""Sin3a"", ""Hnrnpu"", ""Anp32b"", ""Rad18"", ""Fbxo5"", ""Orc1"", 
""Gen1"", ""Aurka"", ""Pkp4"", ""Ddx39b"", ""Ncapd3"")"
"320","GOBP_POSITIVE_REGULATION_OF_CELL_CYCLE","7.66335484586659e-05","0.00222468346455132","0.538434096309916","0.575695821583691","1.59194538101547","157","c(""Nusap1"", ""Rdx"", ""Larp7"", ""Ncapg2"", ""Rad51ap1"", ""Ncapd2"", ""Rrm1"", ""Ncaph"", ""Myc"", ""Cdc6"", ""Racgap1"", ""Rad21"", ""Hes1"", ""Chek1"", ""Ezh2"", ""Stil"", ""Aurkb"", ""Bard1"", ""Ncapg"", ""Cenpe"", ""Mad2l1"", ""Dtl"", ""Brca1"", ""E2f8"", ""Cit"", ""Atad5"", ""Cep295"", ""Incenp"", ""Hmgb1"", ""Kif14"", ""Ccnd2"", ""Smc2"", ""Plk4"", ""Kif20b"", ""Bub1"", ""Brca2"", ""Eif4g1"", ""Cdc7"", ""Apex1"", ""Dbf4"", ""Cdc25a"", ""Spag5"", ""Smc4"", ""Ndc80"", ""Kif23"", ""Ddx3x"", ""Ect2"", ""Gja1"", ""E2f7"", ""Ranbp1"", ""Rrm2"", ""Rock2"", ""Rcc2"", ""Mtbp"", ""Smc6"", ""Ccnb1"", ""Chek2"", 
""Cdc25c"", ""Sin3a"", ""Hnrnpu"", ""Anp32b"", ""Rad18"", ""Fbxo5"", ""Orc1"", ""Gen1"", ""Aurka"", ""Pkp4"", ""Ddx39b"", ""Ncapd3"")"
"321","MIR_301A_5P_MIR_301B_5P","0.00369208302607334","0.0458691691217757","0.431707695803346","0.784344819782431","1.59410832951922","18","c(""Eif2s2"", ""Set"", ""Wdr76"", ""Erg"", ""Rab1a"")"
"322","GOBP_NEGATIVE_REGULATION_OF_CELL_CYCLE_G2_M_PHASE_TRANSITION","0.00411207443875722","0.0487867603940204","0.407017918923954","0.70459165115021","1.5941365094532","33","c(""Cdc6"", ""Rad21"", ""Chek1"", ""Plk1"", ""Bard1"", ""Clspn"", ""Blm"", ""Dtl"", ""Brca1"", ""Inip"", ""Ticrr"", ""Atm"", ""Topbp1"", ""Nbn"", ""Babam1"", ""Rbbp8"", ""Rad50"", ""Mbd4"", ""Orc1"", ""Pinx1"", ""Cdkn1a"", ""Cdk1"")"
"323","MIR_6903_5P","0.00294541636542054","0.0386719780523511","0.431707695803346","0.679618132930341","1.59535607544831","40","c(""Myc"", ""Hdgf"", ""Bms1"", ""Psat1"", ""Kpna3"", ""Tfrc"", ""Ska2"", ""Tnpo1"", ""Ndufaf4"", ""Fam163b"", ""Parpbp"", ""Kit"", ""Arl5a"")"
"324","GOBP_NEGATIVE_REGULATION_OF_RNA_CATABOLIC_PROCESS","0.00332022457307724","0.0422487607019102","0.431707695803346","0.721255253744845","1.5956225502434","28","c(""Hnrnpab"", ""Dhx9"", ""Slirp"", ""Larp1"", ""Srsf1"", ""Syncrip"", ""Dkc1"", ""Hnrnpc"", ""Mettl1"", ""Fmr1"", ""Larp4b"", ""Ybx2"", ""Hnrnpu"", ""E2f1"", ""Thrap3"", ""Lrpprc"", ""Taf15"", ""Naf1"")"
"325","ZHANG_UTERUS_C3_PROLIFERATIVE_STROMAL1_STROCXCL14_HIGH_CELL","0.00289820161298151","0.038401171372005","0.431707695803346","0.675933036897326","1.59765428703739","43","c(""Rpl38"", ""Rpl39"", ""Rps28"", ""Rps17"", ""Cox7c"", ""Rps26"", ""mt-Nd1"", ""Mif"", ""Ptma"", ""Rps27l"", ""Tmem256"", ""B2m"", ""Hes1"")"
"326","GOLDRATH_ANTIGEN_RESPONSE","6.05386400604841e-06","0.000279785378903533","0.610526878385931","0.548813561886678","1.59944046802038","288","c(""Lig1"", ""Top2a"", ""Pola1"", ""Nusap1"", ""Mki67"", ""Tcf19"", ""Rad51ap1"", ""Ckap2"", ""Rrm1"", ""Ncaph"", ""Prc1"", ""Ttk"", ""Kif11"", ""Cdc6"", ""Racgap1"", ""Rad21"", ""Serinc3"", ""Mcm3"", ""Cbx5"", ""Mcm10"", ""Ybx3"", ""Chek1"", ""Ezh2"", ""Pcna"", ""Gtse1"", ""Il2ra"", ""Aurkb"", ""Plk1"", ""Trip13"", ""Rad51"", ""Mcm5"", ""Kif20a"", ""Anln"", ""Mcm4"", ""Mad2l1"", ""Dtl"", ""Brca1"", ""E2f8"", ""Kif4"", ""Aspm"", ""Chaf1a"", ""Iqgap3"", ""Incenp"", ""Tacc3"", ""Atpif1"", ""Ccna2"", ""Cd24a"", ""Tk1"", ""Plk4"", ""Prim2"", ""Dna2"", ""Bub1"", ""Syce2"", ""Mis18bp1"", ""Sh3bgrl"", ""Dbi"", ""Dlgap5"", 
""Ccnf"", ""Dhfr"", ""Nek2"", ""Tmpo"", ""Topbp1"", ""Dstn"", ""Prim1"", ""AU020206"", ""Clic4"", ""Ccnb2"", ""Nrp1"", ""Ect2"", ""Nudt4"", ""Hemgn"", ""Kif2c"", ""Rrm2"", ""Acot7"", ""Odc1"", ""Scpep1"", ""Pld4"")"
"327","GOBP_REGULATION_OF_MITOTIC_CELL_CYCLE_PHASE_TRANSITION","0.000150691861947731","0.00390379769718405","0.518848077743792","0.579083582406202","1.60012797860372","152","c(""Spc25"", ""Rps27l"", ""Rdx"", ""Larp7"", ""Rrm1"", ""Cdk6"", ""Ttk"", ""Cdc6"", ""Rad21"", ""Chek1"", ""Ezh2"", ""Stil"", ""Bub1b"", ""Aurkb"", ""Plk1"", ""Bard1"", ""Kntc1"", ""Trip13"", ""Cenpe"", ""Clspn"", ""Cenpf"", ""Mad2l1"", ""Blm"", ""Dtl"", ""Brca1"", ""Smarcc1"", ""Atad5"", ""Incenp"", ""Kif14"", ""Ccnd2"", ""Bcl7a"", ""Nuf2"", ""Inip"", ""Bub1"", ""Eif4g1"", ""Cdc7"", ""Ticrr"", ""Apex1"", ""Rbl1"", ""Atm"", ""Zwilch"", ""Dbf4"", ""Pidd1"", ""Psmg2"", ""Cdc25a"", ""Topbp1"", ""Ndc80"", ""Rfwd3"", ""Nbn"", ""Ddx3x"", ""E2f7"", ""Rrm2"", ""Rcc2"", ""Mtbp"", ""Ccnb1"", ""Babam1"", ""Rbbp8"", ""Cep192"", 
""Cdc25c"", ""Rad50"", ""Ctc1"", ""Sin3a"", ""Pml"", ""E2f1"", ""Cdk2"", ""Anp32b"", ""Psme3"", ""Fbxo5"", ""Mbd4"", ""Orc1"", ""Gen1"")"
"328","KARLSSON_TGFB1_TARGETS_UP","0.000498730049280597","0.00987791211594524","0.477270815362862","0.613657889594611","1.60119223286595","92","c(""Ncl"", ""Ddx21"", ""Eif2s2"", ""Set"", ""Gnl3"", ""Hspd1"", ""Naa15"", ""Mybbp1a"", ""Myc"", ""Nolc1"", ""Ybx3"", ""Ipo5"", ""Shmt2"", ""Gars"", ""Syncrip"", ""Eif3a"", ""Eif4g1"", ""Srm"", ""Lyar"", ""Hspa9"", ""Rpf2"", ""Bcat1"", ""Abce1"", ""Usp10"", ""Kpnb1"", ""Dpy19l1"", ""Hsph1"", ""Lrp8"", ""Hspe1"", ""Rrm2"", ""1700037H04Rik"", ""Tomm70a"", ""Pprc1"", ""Pum3"", ""Eif3b"", ""Rcc1"", ""Cdc34"", ""Wdr75"", ""Gcsh"", ""Naa25"", ""Jade1"")"
"329","REACTOME_MITOTIC_SPINDLE_CHECKPOINT","0.00124211853550974","0.0204293556438653","0.45505986738723","0.62923014096325","1.60145765372953","72","c(""Spc25"", ""Cenph"", ""Bub1b"", ""Cenpk"", ""Aurkb"", ""Plk1"", ""Kntc1"", ""Cenpe"", ""Cenpf"", ""Mad2l1"", ""Ercc6l"", ""Ckap5"", ""Kif18a"", ""Incenp"", ""Xpo1"", ""Nuf2"", ""Bub1"", ""Ranbp2"", ""Cenpp"", ""Zwilch"", ""Nsl1"", ""Ska2"", ""Ndc80"", ""Nup133"", ""Nup107"", ""Nup85"", ""Cenpi"", ""Ska1"", ""Cenpc1"", ""Pmf1"", ""Kif2c"", ""Dsn1"", ""Rangap1"", ""Anapc1"", ""Cenpl"", ""Rcc2"")"
"330","GOBP_CHROMOSOME_LOCALIZATION","0.00222476404025384","0.0318130244072931","0.431707695803346","0.654925730756631","1.60211467324398","53","c(""Spc25"", ""Racgap1"", ""Cdt1"", ""Aurkb"", ""Cenpe"", ""Cenpf"", ""Kif18a"", ""Incenp"", ""Kif14"", ""Nuf2"", ""Brca2"", ""Atm"", ""Nsl1"", ""Spag5"", ""Nek2"", ""Ndc80"", ""Kpnb1"", ""Cenpc1"", ""Ect2"", ""Pmf1"", ""Kif2c"", ""Dsn1"", ""Rcc2"", ""Ccnb1"", ""Hnrnpu"", ""Knstrn"", ""Eml4"")"
"331","GOCC_SPINDLE_MIDZONE","0.00388539484709839","0.0470795716808014","0.431707695803346","0.7472044475843","1.60280840938956","24","c(""Prc1"", ""Cdc6"", ""Racgap1"", ""Rif1"", ""Aurkb"", ""Plk1"", ""Cenpe"", ""Kif18a"", ""Incenp"", ""Kif14"", ""Kif20b"", ""Rcc2"", ""Hnrnpu"", ""BC055324"", ""Aurka"", ""Kif18b"", ""Pkp4"")"
"332","GOBP_POSITIVE_REGULATION_OF_CHROMOSOME_SEGREGATION","0.00423496752759597","0.0497264378189469","0.407017918923954","0.759930765661998","1.60440790483016","22","c(""Ncapg2"", ""Ncapd2"", ""Ncaph"", ""Cdc6"", ""Aurkb"", ""Ncapg"", ""Cenpe"", ""Incenp"", ""Smc2"", ""Smc4"", ""Rcc2"", ""Smc6"", ""Ccnb1"", ""Hnrnpu"", ""Rad18"")"
"333","GOBP_SIGNAL_TRANSDUCTION_IN_RESPONSE_TO_DNA_DAMAGE","0.00124211853550974","0.0204293556438653","0.45505986738723","0.630445506704807","1.60455088884684","72","c(""Mif"", ""Rps27l"", ""Chek1"", ""Wdr76"", ""Plk1"", ""Bard1"", ""Rad51"", ""Clspn"", ""Blm"", ""Dtl"", ""Brca1"", ""Atad5"", ""Smyd2"", ""Brca2"", ""Ticrr"", ""Foxm1"", ""Atm"", ""Pidd1"", ""Paxip1"", ""Topbp1"", ""Rfwd3"", ""Dtx3l"", ""Nbn"", ""Usp10"", ""Fancd2"", ""E2f7"", ""Babam1"", ""Chek2"", ""Pml"", ""E2f1"", ""Mbd4"")"
"334","GOBP_NEGATIVE_REGULATION_OF_MITOTIC_CELL_CYCLE","0.000335236875814846","0.00730816389276364","0.49849310876659","0.61147610817057","1.61005498006454","101","c(""Spc25"", ""Rps27l"", ""Ttk"", ""Cdc6"", ""Rad21"", ""Chek1"", ""Ezh2"", ""Stil"", ""Bub1b"", ""Aurkb"", ""Plk1"", ""Bard1"", ""Kntc1"", ""Trip13"", ""Cenpe"", ""Clspn"", ""Mad2l1"", ""Blm"", ""Dtl"", ""Brca1"", ""Incenp"", ""Nuf2"", ""Inip"", ""Bub1"", ""Ticrr"", ""Rbl1"", ""Atm"", ""Zwilch"", ""Pidd1"", ""Psmg2"", ""Topbp1"", ""Ndc80"", ""Rfwd3"", ""Nbn"", ""Fancd2"", ""E2f7"", ""Mtbp"", ""Ccnb1"", ""Babam1"", ""Chek2"", ""Rbbp8"", ""Cep192"", ""Rad50"", ""Pml"", ""Fbxo5"", ""Mbd4"", ""Orc1"", ""Gen1"", ""Jade1"")"
"335","GOBP_DNA_TEMPLATED_DNA_REPLICATION_MAINTENANCE_OF_FIDELITY","0.00276188050420591","0.0371920365333276","0.431707695803346","0.70482664384312","1.61027389368833","34","c(""Fam111a"", ""Nucks1"", ""Pcna"", ""Bard1"", ""Rad51"", ""Parp1"", ""Pole"", ""Blm"", ""Brca1"", ""Dna2"", ""Brca2"", ""Rfwd3"", ""Mms22l"", ""Nbn"", ""Pold1"", ""Rbbp8"", ""Rad50"", ""Gen1"", ""Timeless"", ""Wrn"", ""Traip"", ""Zranb3"")"
"336","GOMF_CYTOSKELETAL_MOTOR_ACTIVITY","0.0027483134049699","0.0371761359117014","0.431707695803346","0.717757608683275","1.6108809630126","32","c(""Kif15"", ""Kif11"", ""Cenpe"", ""Kif20a"", ""Kif4"", ""Kif18a"", ""Kif14"", ""Kif20b"", ""Kif23"", ""Myo5a"", ""Kif2c"", ""Myo1c"")"
"337","GOBP_REGULATION_OF_MITOTIC_SISTER_CHROMATID_SEGREGATION","0.00197334654166489","0.0293815025030877","0.431707695803346","0.702833227630251","1.61189059181649","35","c(""Spc25"", ""Ttk"", ""Rad21"", ""Bub1b"", ""Aurkb"", ""Plk1"", ""Kntc1"", ""Trip13"", ""Cenpe"", ""Mad2l1"", ""Incenp"", ""Nuf2"", ""Bub1"", ""Atm"", ""Zwilch"", ""Psmg2"", ""Ndc80"", ""Ccnb1"", ""Cep192"", ""Hnrnpu"", ""Fbxo5"", ""Gen1"")"
"338","WP_COMPREHENSIVE_IL_17A_SIGNALING","0.00209621276209769","0.030426686247835","0.431707695803346","0.662169957399742","1.61231189517334","51","c(""Mcm7"", ""Serbp1"", ""Mki67"", ""Mcm6"", ""Nucks1"", ""Rbbp4"", ""Mcm3"", ""Pcna"", ""Mcm5"", ""Mcm4"", ""Nasp"", ""Hmgb1"", ""Mcm2"")"
"339","GOBP_METAPHASE_ANAPHASE_TRANSITION_OF_CELL_CYCLE","0.00209621276209769","0.030426686247835","0.431707695803346","0.662250421825865","1.61250781730772","51","c(""Spc25"", ""Ttk"", ""Cdc6"", ""Rad21"", ""Bub1b"", ""Aurkb"", ""Plk1"", ""Kntc1"", ""Trip13"", ""Cenpe"", ""Mad2l1"", ""Smarcc1"", ""Cit"", ""Incenp"", ""Tacc3"", ""Bcl7a"", ""Nuf2"", ""Bub1"", ""Atm"", ""Zwilch"", ""Psmg2"", ""Ndc80"")"
"340","GOBP_SPINDLE_CHECKPOINT_SIGNALING","0.00260432151752836","0.0358218223970508","0.431707695803346","0.706010190154359","1.612977868834","34","c(""Spc25"", ""Ttk"", ""Stil"", ""Bub1b"", ""Aurkb"", ""Plk1"", ""Kntc1"", ""Trip13"", ""Cenpe"", ""Mad2l1"", ""Incenp"", ""Nuf2"", ""Bub1"", ""Atm"", ""Zwilch"", ""Psmg2"", ""Ndc80"", ""Mtbp"", ""Ccnb1"", ""Cep192"", ""Gen1"", ""Aurka"", ""Spdl1"", ""Cdk5rap2"")"
"341","REACTOME_RHO_GTPASE_EFFECTORS","0.000323013733311253","0.00714961815072455","0.49849310876659","0.606313972611914","1.61453953702605","108","c(""Tuba1b"", ""Spc25"", ""Cenph"", ""Prc1"", ""Diaph3"", ""Bub1b"", ""Cenpk"", ""Aurkb"", ""Plk1"", ""Kntc1"", ""Cenpe"", ""Cenpf"", ""Mad2l1"", ""Ercc6l"", ""Calm2"", ""Ywhae"", ""Ckap5"", ""Kif18a"", ""Iqgap3"", ""Incenp"", ""Kif14"", ""Xpo1"", ""Nuf2"", ""Bub1"", ""Ranbp2"", ""Cenpp"", ""Zwilch"", ""Nsl1"", ""Ska2"", ""Ndc80"", ""Nup133"", ""Tuba1c"", ""Nup107"", ""Nup85"", ""Cenpi"", ""Ska1"", ""Cenpc1"", ""Pmf1"", ""Kif2c"", ""Dsn1"", ""Rangap1"", ""Rock2"", ""Cenpl"", ""Rcc2"")"
"342","REACTOME_TELOMERE_C_STRAND_LAGGING_STRAND_SYNTHESIS","0.00207299361422036","0.0302806928802462","0.431707695803346","0.745749594277905","1.61587949238718","25","c(""Lig1"", ""Pola1"", ""Rfc1"", ""Pcna"", ""Rfc3"", ""Blm"", ""Prim2"", ""Dna2"", ""Pold3"", ""Prim1"", ""Pold1"", ""Pola2"", ""Chtf18"", ""Ctc1"")"
"343","GOBP_REGULATION_OF_CYTOKINESIS","0.00198379041856308","0.0294610726170667","0.431707695803346","0.725179277768654","1.61863420614832","31","c(""Prc1"", ""Cdc6"", ""Racgap1"", ""Aurkb"", ""Plk1"", ""Kif20a"", ""Calm2"", ""E2f8"", ""Cit"", ""Incenp"", ""Kif14"", ""Kif20b"", ""Brca2"", ""Ccp110"", ""Kif23"", ""Ect2"", ""Prpf40a"", ""E2f7"")"
"344","REACTOME_RESOLUTION_OF_D_LOOP_STRUCTURES","0.00213905259130477","0.0307395692038996","0.431707695803346","0.779377413259091","1.62093148559553","20","c(""Rad51ap1"", ""Exo1"", ""Bard1"", ""Rad51"", ""Blm"", ""Brca1"", ""Dna2"", ""Brca2"", ""Atm"", ""Brip1"", ""Nbn"", ""Rbbp8"", ""Rad50"", ""Gen1"", ""Wrn"", ""Palb2"", ""Spidr"")"
"345","MILI_PSEUDOPODIA_HAPTOTAXIS_UP","4.28509245045725e-05","0.00138295972549115","0.557332238758646","0.577260480338533","1.62188424150525","181","c(""Nap1l1"", ""Dek"", ""Eif2s2"", ""Pola1"", ""Ccne2"", ""Rpl31"", ""Nusap1"", ""Wdr43"", ""Naa15"", ""Eif3j1"", ""Metap2"", ""Eif5b"", ""Larp7"", ""Nifk"", ""Arpp19"", ""St13"", ""Slirp"", ""Chek1"", ""Stag2"", ""Cenpk"", ""Myef2"", ""Srsf1"", ""Eif1a"", ""Snhg6"", ""Kpna3"", ""Serf1"", ""Psip1"", ""Ccnd2"", ""Ccdc34"", ""Dkc1"", ""Xpo1"", ""Bub1"", ""Sh3bgrl"", ""Bclaf1"", ""Hnrnpa3"", ""Net1"", ""Cenpp"", ""Cstf2"", ""Cdv3"", ""Rpf2"", ""Ssb"", ""Prim1"", ""Pno1"", ""Rbm34"", ""Mtap"", ""Tsr1"", ""Prpf40a"", ""Thoc7"", ""Myo5a"", ""Tomm70a"", ""Mycbp"", ""Pum3"", ""Orc2"", ""Gpatch4"", ""Rbbp8"", ""Stard4"", 
""Pdcd5"", ""Mrpl47"", ""Arl5a"", ""Ddx10"", ""Wdr75"", ""Ivns1abp"")"
"346","GOBP_REGULATION_OF_TRANSCRIPTION_BY_RNA_POLYMERASE_I","0.0020272083406434","0.0298754657752472","0.431707695803346","0.781472948258928","1.62528973180926","20","c(""Ncl"", ""Ddx21"", ""Dek"", ""Wdr43"", ""Mybbp1a"", ""Smarca5"", ""Lyar"", ""Baz1b"")"
"347","REACTOME_HOMOLOGOUS_DNA_PAIRING_AND_STRAND_EXCHANGE","0.0021217665682313","0.0307204146984267","0.431707695803346","0.800516266894573","1.62697530064169","18","c(""Rad51ap1"", ""Chek1"", ""Exo1"", ""Bard1"", ""Rad51"", ""Blm"", ""Brca1"", ""Dna2"", ""Brca2"", ""Atm"", ""Brip1"", ""Nbn"", ""Rbbp8"", ""Rad50"", ""Wrn"", ""Palb2"")"
"348","GOBP_DNA_UNWINDING_INVOLVED_IN_DNA_REPLICATION","0.00394777716198007","0.0475131430515809","0.407017918923954","0.805506416615729","1.63007073532639","17","c(""Mcm7"", ""Mcm6"", ""Gins1"", ""Mcm3"", ""Rad51"", ""Mcm5"", ""Mcm4"", ""Blm"", ""Mcm2"", ""Recql4"", ""Gins2"")"
"349","GOBP_METAPHASE_CHROMOSOME_ALIGNMENT","0.00161703371443578","0.0250290862669263","0.45505986738723","0.67416845329706","1.63044761537596","47","c(""Spc25"", ""Racgap1"", ""Cdt1"", ""Aurkb"", ""Cenpe"", ""Cenpf"", ""Kif18a"", ""Incenp"", ""Kif14"", ""Nuf2"", ""Brca2"", ""Nsl1"", ""Spag5"", ""Nek2"", ""Ndc80"", ""Kpnb1"", ""Cenpc1"", ""Ect2"", ""Pmf1"", ""Kif2c"", ""Dsn1"", ""Rcc2"", ""Ccnb1"", ""Hnrnpu"", ""Knstrn"", ""Eml4"")"
"350","GREENBAUM_E2A_TARGETS_UP","0.00175939661386896","0.0268180322910844","0.45505986738723","0.739247118865466","1.63542569283174","28","c(""Top2a"", ""Nusap1"", ""Mki67"", ""Ttk"", ""Kif11"", ""Racgap1"", ""Anln"", ""Mad2l1"", ""Kif4"", ""Ccna2"", ""Plk4"", ""Bub1"", ""Slc7a5"", ""Scin"", ""Ccnb2"", ""Ect2"", ""Kif2c"", ""Ccnb1"")"
"351","HALLMARK_MYC_TARGETS_V2","0.000897965694975955","0.015815694572793","0.477270815362862","0.671600002734935","1.63574205918143","52","c(""Cbx3"", ""Gnl3"", ""Hspd1"", ""Wdr43"", ""Mybbp1a"", ""Tcof1"", ""Myc"", ""Ddx18"", ""Nolc1"", ""Nop56"", ""Plk1"", ""Mcm5"", ""Mcm4"", ""Hk2"", ""Plk4"", ""Srm"", ""Ndufaf4"", ""Rrp12"", ""Utp20"", ""Nop2"", ""Hspe1"", ""Pprc1"", ""Pes1"", ""Tmem97"", ""Ipo4"", ""Rrp9"")"
"352","GOBP_CELL_CYCLE_PHASE_TRANSITION","8.49164922736164e-06","0.000374216902500628","0.593325476396405","0.572858057935644","1.63820742445257","235","c(""Ccne2"", ""Spc25"", ""Rps27l"", ""Rdx"", ""Larp7"", ""Tcf19"", ""Arpp19"", ""Rrm1"", ""Cdk6"", ""Ttk"", ""Myc"", ""Cdc6"", ""Rad21"", ""Chek1"", ""Ezh2"", ""Wdr76"", ""Stil"", ""Cdt1"", ""Bub1b"", ""Aurkb"", ""Plk1"", ""Bard1"", ""Kntc1"", ""Trip13"", ""Rad51"", ""Cenpe"", ""Pole"", ""Clspn"", ""Cenpf"", ""Mad2l1"", ""Blm"", ""Dtl"", ""Brca1"", ""Calm2"", ""Smarcc1"", ""Cit"", ""Nasp"", ""Abcb1b"", ""Atad5"", ""Iqgap3"", ""Incenp"", ""Tacc3"", ""Ccna2"", ""Kif14"", ""Ccnd2"", ""Bcl7a"", ""Nuf2"", ""Inip"", ""Dna2"", ""Bub1"", ""Brca2"", ""Eif4g1"", ""Cdc7"", ""Ccne1"", ""Ticrr"", ""Apex1"", ""Foxm1"", ""Rbl1"", 
""Ccnf"", ""Atm"", ""Zwilch"", ""Dbf4"", ""Pidd1"", ""Psmg2"", ""Cdc25a"", ""Paxip1"", ""Topbp1"", ""Ndc80"", ""Rfwd3"", ""Dtx3l"", ""Nbn"", ""Ccnb2"", ""Fancd2"", ""Ddx3x"", ""Mastl"", ""E2f7"", ""Rrm2"", ""Anapc1"", ""Rcc2"", ""Mtbp"", ""Skp2"", ""E2f3"", ""Ccnb1"", ""Babam1"", ""Chek2"", ""Myb"", ""Rbbp8"", ""Cep192"", ""Camk2a"", ""Cdc25c"", ""Rad50"", ""Ctc1"", ""Mettl13"", ""Sin3a"", ""Pml"", ""E2f1"", ""Cdk2"", ""Anp32b"", ""Psme3"", ""Rcc1"", ""Fbxo5"", ""Mbd4"", ""Orc1"", ""Nfatc1"", ""Gen1"", ""Timeless"", ""E2f6"", ""Jade1"", ""Npat"", ""Aurka"", ""Itgb1"")"
"353","GOBP_RECOMBINATIONAL_REPAIR","0.000320685368942916","0.00712538221685856","0.49849310876659","0.643848756728903","1.63899609354121","74","c(""Mcm7"", ""Mcm6"", ""Rad51ap1"", ""Nucks1"", ""Rad21"", ""Mcm3"", ""Rif1"", ""Chek1"", ""Rad51"", ""Mcm5"", ""Parp1"", ""Rad54l"", ""Mcm4"", ""Blm"", ""Brca1"", ""Rad54b"", ""Brd8"", ""Inip"", ""Brca2"", ""Cdc7"", ""Ruvbl1"", ""Mcm2"", ""Atm"", ""Rfwd3"", ""Mms22l"", ""Polq"", ""Nbn"", ""Aunip"", ""Recql4"", ""Gins2"", ""Smc6"", ""Xrcc5"", ""Rbbp8"", ""Parpbp"", ""Ankle1"", ""Mcm8"", ""Gen1"", ""Timeless"", ""Wrn"", ""Morf4l2"", ""Palb2"", ""Xrcc6"", ""Spidr"")"
"354","LE_EGR2_TARGETS_UP","0.000334274645588056","0.00730816389276364","0.49849310876659","0.637126618499315","1.63946990923779","81","c(""Mcm7"", ""Top2a"", ""Nusap1"", ""Mki67"", ""Uhrf1"", ""Tcf19"", ""Hnrnpa2b1"", ""Rrm1"", ""Ncaph"", ""Prc1"", ""Kif11"", ""Ezh2"", ""Plk1"", ""Rad51"", ""Mcm5"", ""Kif20a"", ""Mcm4"", ""Mad2l1"", ""Iqgap3"", ""Incenp"", ""Ccna2"", ""Smc2"", ""Plk4"", ""Bub1"", ""Cdc7"", ""Rbl1"", ""Trim59"", ""Ccnb2"", ""Kif23"", ""Usp1"", ""Ect2"", ""Kif2c"", ""Rrm2"")"
"355","GOBP_MITOTIC_CELL_CYCLE_PHASE_TRANSITION","1.0967617872742e-05","0.000457786741537162","0.593325476396405","0.57983378379773","1.63969036768869","201","c(""Ccne2"", ""Spc25"", ""Rps27l"", ""Rdx"", ""Larp7"", ""Tcf19"", ""Arpp19"", ""Rrm1"", ""Cdk6"", ""Ttk"", ""Myc"", ""Cdc6"", ""Rad21"", ""Chek1"", ""Ezh2"", ""Stil"", ""Bub1b"", ""Aurkb"", ""Plk1"", ""Bard1"", ""Kntc1"", ""Trip13"", ""Cenpe"", ""Pole"", ""Clspn"", ""Cenpf"", ""Mad2l1"", ""Blm"", ""Dtl"", ""Brca1"", ""Calm2"", ""Smarcc1"", ""Cit"", ""Nasp"", ""Abcb1b"", ""Atad5"", ""Iqgap3"", ""Incenp"", ""Tacc3"", ""Ccna2"", ""Kif14"", ""Ccnd2"", ""Bcl7a"", ""Nuf2"", ""Inip"", ""Bub1"", ""Eif4g1"", ""Cdc7"", ""Ccne1"", ""Ticrr"", ""Apex1"", ""Foxm1"", ""Rbl1"", ""Ccnf"", ""Atm"", ""Zwilch"", ""Dbf4"", ""Pidd1"", 
""Psmg2"", ""Cdc25a"", ""Topbp1"", ""Ndc80"", ""Rfwd3"", ""Nbn"", ""Ccnb2"", ""Ddx3x"", ""Mastl"", ""E2f7"", ""Rrm2"", ""Anapc1"", ""Rcc2"", ""Mtbp"", ""Skp2"", ""E2f3"", ""Ccnb1"", ""Babam1"", ""Chek2"", ""Myb"", ""Rbbp8"", ""Cep192"", ""Camk2a"", ""Cdc25c"", ""Rad50"", ""Ctc1"", ""Sin3a"", ""Pml"", ""E2f1"", ""Cdk2"", ""Anp32b"", ""Psme3"", ""Rcc1"", ""Fbxo5"", ""Mbd4"", ""Orc1"", ""Nfatc1"", ""Gen1"", ""E2f6"", ""Jade1"", ""Npat"")"
"356","MIR_6340","0.00227233751884839","0.0321427183901291","0.431707695803346","0.776913014975379","1.64026176977593","22","c(""Naa15"", ""Nucks1"", ""Psip1"", ""Atp2a2"", ""Lmo4"", ""Tmem131"", ""Elk3"", ""Elovl5"", ""Slc16a1"")"
"357","MIR_22_5P","0.00368737803948463","0.0458691691217757","0.431707695803346","0.744177823960179","1.64029479452866","27","c(""Naa15"", ""St13"", ""Rpl22"", ""Il2ra"", ""Aurkb"", ""Tfrc"", ""Hnrnpa3"", ""Epb41l2"", ""Baz1b"")"
"358","TABULA_MURIS_SENIS_SPLEEN_MEGAKARYOCYTE_ERYTHROID_PROGENITOR_CELL_AGEING","0.00114443809338843","0.0192752736603644","0.45505986738723","0.670644009184594","1.64056557435376","53","c(""Lig1"", ""Mcm7"", ""Rpl39"", ""Dek"", ""Rps28"", ""Rpl41"", ""Metap2"", ""Fam111a"", ""Cenph"", ""Rrm1"", ""Rfc1"", ""Mcm3"", ""Pcna"", ""Mcm5"", ""Clspn"", ""Slbp"", ""Smc2"", ""Tk1"", ""Tfrc"")"
"359","GOMF_ATP_DEPENDENT_ACTIVITY","1.03453524277159e-05","0.000436241612955583","0.593325476396405","0.580176278589947","1.64065889595916","201","c(""Mcm7"", ""Ddx21"", ""Top2a"", ""Hells"", ""Atp5e"", ""Mcm6"", ""Hspd1"", ""Atad2"", ""Kif15"", ""Rfc1"", ""Rbbp4"", ""Kif11"", ""Ddx18"", ""Mcm3"", ""Ddx1"", ""Dhx9"", ""Ide"", ""Atp5l"", ""Rfc3"", ""Trip13"", ""Rad51"", ""Cenpe"", ""Mcm5"", ""Smarca5"", ""Kif20a"", ""Rad54l"", ""Mcm4"", ""Blm"", ""Ercc6l"", ""Kif4"", ""Rad54b"", ""Smc1a"", ""Kif18a"", ""Abcb1b"", ""Atad5"", ""Kif14"", ""Smc2"", ""Ddx19a"", ""Dna2"", ""Kif20b"", ""Atp2a2"", ""Slfn9"", ""Hsp90aa1"", ""Hsp90b1"", ""Hspa9"", ""Ruvbl1"", ""Mcm2"", ""Dqx1"", ""Psmc3"", ""Smc4"", ""Snrnp200"", ""Brip1"", ""Polq"", ""Zgrf1"", ""Abce1"", ""Ttf2"", 
""Hsp90ab1"", ""Psmc1"", ""Kif23"", ""Ddx3x"", ""Pms1"", ""Hsph1"", ""Myo5a"", ""Kif2c"", ""Recql4"", ""Hyou1"", ""Chtf18"", ""Myo1c"", ""Smc6"", ""Xrcc5"")"
"360","MIR_217_3P","0.00200839019186941","0.0296738366711753","0.431707695803346","0.794893967806304","1.64225208503257","19","c(""Atad2"", ""Cbx5"", ""Cse1l"", ""Myef2"", ""Slbp"", ""Ptges3"", ""Sh3bgrl"", ""Kpnb1"", ""Cenpc1"", ""Hnrnpu"")"
"361","GOBP_CHROMOSOME_ORGANIZATION_INVOLVED_IN_MEIOTIC_CELL_CYCLE","0.00133148041673066","0.0214586000929512","0.45505986738723","0.73595097143111","1.64267713229736","31","c(""Ccne2"", ""Ncapd2"", ""Ncaph"", ""Trip13"", ""Rad51"", ""Smc2"", ""Syce2"", ""Ccne1"", ""Atm"", ""Ndc1"", ""Zcwpw1"", ""Smc4"", ""Brip1"", ""Fancd2"", ""Rad50"", ""Mnd1"", ""Ncapd3"", ""Mlh1"", ""Stag3"", ""Msh5"", ""Ehmt2"")"
"362","GOBP_POSITIVE_REGULATION_OF_MYELOID_LEUKOCYTE_CYTOKINE_PRODUCTION_INVOLVED_IN_IMMUNE_RESPONSE","0.0018741398712952","0.0281950678033135","0.45505986738723","0.823974039640581","1.64398195168465","16","c(""Ddx21"", ""Mif"", ""Ddx1"", ""Kit"")"
"363","GOBP_POSITIVE_REGULATION_OF_TRANSCRIPTION_BY_RNA_POLYMERASE_I","0.00172750140937592","0.0265419564945869","0.45505986738723","0.798384634217956","1.64946380687833","19","c(""Ncl"", ""Ddx21"", ""Dek"", ""Wdr43"", ""Mybbp1a"", ""Smarca5"", ""Lyar"", ""Baz1b"")"
"364","REACTOME_LAGGING_STRAND_SYNTHESIS","0.00129655814907839","0.0210992012034532","0.45505986738723","0.81202775863698","1.65037134331187","18","c(""Lig1"", ""Pola1"", ""Rfc1"", ""Pcna"", ""Rfc3"", ""Prim2"", ""Dna2"", ""Pold3"", ""Prim1"", ""Pold1"", ""Pola2"")"
"365","GOBP_REGULATION_OF_CELL_DIVISION","0.00100685683470552","0.0174150057907","0.45505986738723","0.675458650210098","1.65234340910832","53","c(""Prc1"", ""Myc"", ""Cdc6"", ""Racgap1"", ""Aurkb"", ""Plk1"", ""Kif20a"", ""Blm"", ""Calm2"", ""E2f8"", ""Cit"", ""Aspm"", ""Incenp"", ""Kif14"", ""Kif20b"", ""Brca2"", ""Ccp110"", ""Kif23"", ""Ect2"", ""Prpf40a"", ""E2f7"")"
"366","MIR_6913_5P","0.00271845225833245","0.0368650204140529","0.431707695803346","0.750264839241345","1.65371161394795","27","c(""Rad51ap1"", ""Cdk6"", ""Mcm3"", ""Hmmr"", ""Chek1"", ""Cenpf"", ""Hnrnpa3"", ""Srebf2"")"
"367","GOMF_MODIFICATION_DEPENDENT_PROTEIN_BINDING","0.000977334722959403","0.0170062129353508","0.45505986738723","0.676743686656838","1.65556705977613","54","c(""Cbx3"", ""Hspd1"", ""Uhrf1"", ""Ncapg2"", ""Cbx1"", ""Cbx5"", ""Ide"", ""Mtf2"", ""Msl3"", ""Prpf8"", ""Taf1"", ""Zcwpw1"", ""Suz12"", ""Brd3"", ""Fmr1"", ""Phf19"", ""Ing5"", ""Cbx2"", ""Pwp1"", ""Pml"", ""Rad18"", ""Rnf168"", ""Ncapd3"", ""Wdr5"", ""Zranb3"", ""Dzip3"", ""Dnajc2"", ""Xrcc1"")"
"368","GOBP_NEGATIVE_REGULATION_OF_CELL_CYCLE","3.43909675053484e-05","0.00113529496730513","0.557332238758646","0.595248513580338","1.65576008627871","161","c(""Spc25"", ""Rps27l"", ""Cdk6"", ""Ttk"", ""Cdc6"", ""Rad21"", ""Chek1"", ""Ezh2"", ""Wdr76"", ""Stil"", ""Cdt1"", ""Bub1b"", ""Aurkb"", ""Plk1"", ""Bard1"", ""Kntc1"", ""Trip13"", ""Rad51"", ""Cenpe"", ""Smarca5"", ""Clspn"", ""Mad2l1"", ""Blm"", ""Dtl"", ""Brca1"", ""E2f8"", ""Incenp"", ""Trim37"", ""Suv39h1"", ""Naa10"", ""Nuf2"", ""Inip"", ""Dna2"", ""Bub1"", ""Brca2"", ""Ticrr"", ""Rbl1"", ""Ccnf"", ""Atm"", ""Zwilch"", ""Pidd1"", ""Psmg2"", ""Baz1b"", ""Nek2"", ""Topbp1"", ""Ndc80"", ""Rfwd3"", ""Dtx3l"", ""Nbn"", ""Ccp110"", ""Fancd2"", ""E2f7"", ""Recql4"", ""Chtf18"", ""Mtbp"", ""Ccnb1"", ""Babam1"", 
""Chek2"", ""Rbbp8"", ""Cep192"", ""Runx3"", ""Rad50"", ""Mettl13"", ""Pml"", ""E2f1"", ""Fbxo5"", ""Mbd4"", ""Orc1"", ""Gen1"", ""Timeless"", ""Jade1"", ""Aurka"")"
"369","GOBP_HOMOLOGOUS_CHROMOSOME_SEGREGATION","0.00263810457552148","0.0360291492500888","0.431707695803346","0.75163322267776","1.65672776432949","27","c(""Ccne2"", ""Plk1"", ""Trip13"", ""Espl1"", ""Syce2"", ""Brca2"", ""Ccne1"", ""Atm"", ""Ndc1"", ""Zcwpw1"", ""Brip1"", ""Cenpc1"", ""Fancd2"")"
"370","LEE_TARGETS_OF_PTCH1_AND_SUFU_UP","0.00138596669903801","0.0221180376252557","0.45505986738723","0.732696389239231","1.65772339556403","33","c(""Mcm6"", ""Rad51ap1"", ""Cdk6"", ""Cdca7"", ""B2m"", ""Ybx3"", ""Pole"", ""Hk2"", ""Ccnd2"", ""Mcm2"", ""Rpl23"", ""Lap3"")"
"371","GOBP_REGULATION_OF_CELL_CYCLE","2.57985997290766e-08","2.19174280345405e-06","0.73376198835648","0.560293286179979","1.65966047060869","404","c(""Ccne2"", ""Nusap1"", ""Mki67"", ""Spc25"", ""Rps27l"", ""Rdx"", ""Larp7"", ""Ncapg2"", ""Rad51ap1"", ""Mybbp1a"", ""Ncapd2"", ""Rrm1"", ""Ncaph"", ""Prc1"", ""Cdk6"", ""Ttk"", ""Myc"", ""Kif11"", ""Cdc6"", ""Racgap1"", ""Rad21"", ""Hes1"", ""Tpx2"", ""Chek1"", ""Ezh2"", ""Wdr76"", ""Stil"", ""Cdt1"", ""Bub1b"", ""Aurkb"", ""Plk1"", ""Bard1"", ""Kntc1"", ""Ncapg"", ""Trip13"", ""Rad51"", ""Cenpe"", ""Smarca5"", ""Kif20a"", ""Clspn"", ""Cenpf"", ""Mad2l1"", ""Blm"", ""Dtl"", ""Brca1"", ""Calm2"", ""E2f8"", ""Smarcc1"", ""Cit"", ""Ywhae"", ""Aspm"", ""Atad5"", ""Cep295"", ""Incenp"", ""Tacc3"", ""Hmgb1"", 
""Trim37"", ""Brd8"", ""Ccna2"", ""Kif14"", ""Ccnd2"", ""Bcl7a"", ""Suv39h1"", ""Smc2"", ""Xpo1"", ""Naa10"", ""Nuf2"", ""Inip"", ""Plk4"", ""Dna2"", ""Kif20b"", ""Bub1"", ""Brca2"", ""Eif4g1"", ""Cdc7"", ""Ccne1"", ""Ticrr"", ""Ruvbl1"", ""Apex1"", ""Foxm1"", ""Dlgap5"", ""Rbl1"", ""Ccnf"", ""Atm"", ""Zwilch"", ""Dbf4"", ""Pidd1"", ""Psmg2"", ""Baz1b"", ""Cdc25a"", ""Spag5"", ""Nek2"", ""Paxip1"", ""Smc4"", ""Topbp1"", ""Ndc80"", ""Rfwd3"", ""Dtx3l"", ""Prr11"", ""Nbn"", ""Rpl23"", ""Hsp90ab1"", ""Ccp110"", ""Ccnb2"", ""Fancd2"", ""Kif23"", ""Ddx3x"", ""Cops5"", ""Ect2"", ""Bora"", ""Gja1"", ""Prpf40a"", 
""Mastl"", ""E2f7"", ""Kif2c"", ""Ranbp1"", ""Recql4"", ""Rrm2"", ""Rock2"", ""Anapc1"", ""Rcc2"", ""Pnpt1"", ""Chtf18"", ""Alms1"", ""Mtbp"", ""Smc6"", ""Skp2"", ""Nat10"", ""Ccnb1"", ""Pes1"", ""Babam1"", ""Ppm1g"", ""Thap1"", ""Chek2"", ""Rbbp8"", ""Ing5"", ""Cep192"", ""Runx3"", ""Cdc25c"", ""Rad50"", ""Ctc1"", ""Mettl13"", ""Sin3a"", ""Hnrnpu"", ""Pml"", ""E2f1"", ""Cdk2"", ""Anp32b"", ""Psme3"", ""Rcc1"", ""Rad18"", ""Fbxo5"", ""Knstrn"", ""Mbd4"", ""Orc1"", ""Mcph1"", ""Gen1"", ""Timeless"", ""E2f2"", ""Jade1"", ""Aurka"", ""Pkp4"", ""Itgb1"", ""Morf4l2"", ""Ddx39b"", ""Ncapd3"", ""Mdm1"", ""Pdgfrb"", 
""Ptprc"", ""Wdr5"", ""Spdl1"", ""Cdca2"", ""Cdk5rap2"", ""Ddb1"", ""Lin9"", ""Pinx1"", ""Cdca5"", ""Stra8"", ""Ints7"", ""Uchl5"")"
"372","REACTOME_RHO_GTPASES_ACTIVATE_FORMINS","0.000499281692549076","0.00987791211594524","0.477270815362862","0.645227700143657","1.66016943193161","80","c(""Tuba1b"", ""Spc25"", ""Cenph"", ""Diaph3"", ""Bub1b"", ""Cenpk"", ""Aurkb"", ""Plk1"", ""Kntc1"", ""Cenpe"", ""Cenpf"", ""Mad2l1"", ""Ercc6l"", ""Ckap5"", ""Kif18a"", ""Incenp"", ""Xpo1"", ""Nuf2"", ""Bub1"", ""Ranbp2"", ""Cenpp"", ""Zwilch"", ""Nsl1"", ""Ska2"", ""Ndc80"", ""Nup133"", ""Tuba1c"", ""Nup107"", ""Nup85"", ""Cenpi"", ""Ska1"", ""Cenpc1"", ""Pmf1"", ""Kif2c"", ""Dsn1"", ""Rangap1"", ""Cenpl"", ""Rcc2"")"
"373","GOBP_MITOTIC_DNA_INTEGRITY_CHECKPOINT_SIGNALING","0.000721743306535677","0.013406788044555","0.477270815362862","0.724376909313771","1.66129926581422","35","c(""Rps27l"", ""Cdc6"", ""Chek1"", ""Plk1"", ""Clspn"", ""Blm"", ""Dtl"", ""Brca1"", ""Ticrr"", ""Atm"", ""Pidd1"", ""Topbp1"", ""Rfwd3"", ""Nbn"", ""Fancd2"", ""Babam1"", ""Chek2"", ""Pml"", ""Mbd4"", ""Orc1"")"
"374","GOCC_CYTOPLASMIC_STRESS_GRANULE","0.00124832309888947","0.0204293556438653","0.45505986738723","0.774597774657314","1.66156910753012","24","c(""Pabpc1"", ""Ddx1"", ""Larp1"", ""Ddx19a"", ""Eif4g1"", ""Caprin1"", ""Khsrp"", ""Ssb"", ""Larp4"", ""Kpnb1"", ""Ddx3x"", ""Fmr1"", ""Larp4b"", ""Eif3b"", ""Trim25"")"
"375","GOMF_MICROTUBULE_MOTOR_ACTIVITY","0.000883417142975893","0.0157030794922207","0.477270815362862","0.799070308432996","1.66188832279258","20","c(""Kif15"", ""Kif11"", ""Cenpe"", ""Kif20a"", ""Kif4"", ""Kif18a"", ""Kif14"", ""Kif20b"", ""Kif23"", ""Kif2c"")"
"376","RIZ_ERYTHROID_DIFFERENTIATION_HBZ","0.00144495710803192","0.0227452785098104","0.45505986738723","0.834349155647102","1.66468224397638","16","c(""Mcm7"", ""Cbx3"", ""Bard1"", ""Mcm5"", ""Mcm4"", ""E2f8"", ""Hmgb1"", ""Tmpo"")"
"377","GOBP_NEGATIVE_REGULATION_OF_NUCLEAR_DIVISION","0.00080633226761927","0.0146024498747226","0.477270815362862","0.715236118178728","1.66737696388912","38","c(""Spc25"", ""Ttk"", ""Rad21"", ""Chek1"", ""Bub1b"", ""Aurkb"", ""Plk1"", ""Kntc1"", ""Trip13"", ""Cenpe"", ""Mad2l1"", ""Incenp"", ""Nuf2"", ""Bub1"", ""Atm"", ""Zwilch"", ""Psmg2"", ""Ndc80"", ""Mtbp"", ""Ccnb1"", ""Cep192"", ""Fbxo5"", ""Gen1"")"
"378","REACTOME_DNA_STRAND_ELONGATION","0.0013909602056391","0.0221365760550333","0.45505986738723","0.789791694579242","1.66745195116333","22","c(""Lig1"", ""Pola1"", ""Rfc1"", ""Gins1"", ""Pcna"", ""Rfc3"", ""Prim2"", ""Dna2"", ""Pold3"", ""Prim1"", ""Pold1"", ""Pola2"", ""Gins2"")"
"379","REACTOME_TELOMERE_MAINTENANCE","0.00093133583064302","0.0163040214958325","0.477270815362862","0.743877904856363","1.66950338281623","32","c(""Lig1"", ""Pola1"", ""Rfc1"", ""Pcna"", ""Rfc3"", ""Blm"", ""Ccna2"", ""Dkc1"", ""Prim2"", ""Dna2"", ""Pold3"", ""Nop10"", ""Prim1"", ""Pold1"", ""Pola2"", ""Gar1"", ""Chtf18"", ""Ctc1"", ""Cdk2"")"
"380","GAVIN_FOXP3_TARGETS_CLUSTER_P6","0.000326250602081989","0.00716634877653099","0.49849310876659","0.654337153584905","1.67188478747546","75","c(""Nusap1"", ""Spc25"", ""Ncapg2"", ""Hmmr"", ""Pbk"", ""Tpx2"", ""Mcm10"", ""Bub1b"", ""Cenpk"", ""Aurkb"", ""Plk1"", ""Ncapg"", ""Rad51"", ""Cenpe"", ""Kif20a"", ""Clspn"", ""Rad54l"", ""Cenpf"", ""Aspm"", ""Ccna2"", ""Tk1"", ""Nuf2"", ""Bub1"", ""Spag5"", ""Nek2"", ""Mms22l"", ""Ccnb2"", ""Kif2c"", ""Nedd4"", ""Rrm2"", ""Acot7"", ""Odc1"", ""Gins2"", ""Ccnb1"")"
"381","GOMF_SINGLE_STRANDED_DNA_HELICASE_ACTIVITY","0.00112503972536455","0.0190596905965719","0.45505986738723","0.809443273661814","1.67231097193409","19","c(""Mcm7"", ""Mcm6"", ""Mcm3"", ""Dhx9"", ""Rfc3"", ""Rad51"", ""Mcm5"", ""Mcm4"", ""Dna2"", ""Mcm2"", ""Polq"", ""Chtf18"", ""Mcm8"")"
"382","GOBP_ATTACHMENT_OF_SPINDLE_MICROTUBULES_TO_KINETOCHORE","0.00207567152165094","0.0302806928802462","0.431707695803346","0.758749770303693","1.67241384855559","27","c(""Spc25"", ""Racgap1"", ""Cdt1"", ""Aurkb"", ""Cenpe"", ""Incenp"", ""Nuf2"", ""Nsl1"", ""Spag5"", ""Nek2"", ""Ndc80"", ""Cenpc1"", ""Ect2"", ""Pmf1"", ""Kif2c"", ""Dsn1"", ""Rcc2"", ""Ccnb1"", ""Hnrnpu"", ""Knstrn"", ""Eml4"")"
"383","GOBP_TRANSCRIPTION_BY_RNA_POLYMERASE_I","0.00101639678889191","0.0175062613355239","0.45505986738723","0.779684043577924","1.67247952786384","24","c(""Ncl"", ""Ddx21"", ""Dek"", ""Wdr43"", ""Mybbp1a"", ""Tcof1"", ""Smarca5"", ""Lyar"", ""Baz1b"")"
"384","GOBP_CYTOKINESIS","0.000905562466333518","0.015901016316136","0.477270815362862","0.689467213546803","1.67285703312016","49","c(""Nusap1"", ""Ckap2"", ""Prc1"", ""Cdc6"", ""Racgap1"", ""Aurkb"", ""Plk1"", ""Kif20a"", ""Anln"", ""Calm2"", ""E2f8"", ""Cit"", ""Iqgap3"", ""Incenp"", ""Kif14"", ""Kif20b"", ""Brca2"", ""Dstn"", ""Ccp110"", ""Kif23"", ""Ect2"", ""Prpf40a"", ""E2f7"", ""Rock2"")"
"385","GOBP_DNA_RECOMBINATION","3.77394247019464e-05","0.0012387537301315","0.557332238758646","0.609453139129131","1.67293145535202","140","c(""Lig1"", ""Mcm7"", ""Top2a"", ""Mcm6"", ""Hspd1"", ""Rad51ap1"", ""Nucks1"", ""Hmgb2"", ""Rad21"", ""Mcm3"", ""Rif1"", ""Chek1"", ""Ezh2"", ""Exo1"", ""Bard1"", ""Trip13"", ""Rad51"", ""Mcm5"", ""Parp1"", ""Rad54l"", ""Mcm4"", ""Blm"", ""Brca1"", ""Rad54b"", ""Atad5"", ""Hmgb1"", ""Brd8"", ""Inip"", ""Tfrc"", ""Brca2"", ""Cdc7"", ""Ruvbl1"", ""Apex1"", ""Mcm2"", ""Atm"", ""Zcwpw1"", ""Paxip1"", ""Topbp1"", ""Rfwd3"", ""Mms22l"", ""Brip1"", ""Polq"", ""Nbn"", ""Aunip"", ""Fancd2"", ""Recql4"", ""Gins2"", ""Chtf18"", ""Smc6"", ""Xrcc5"", ""Rbbp8"", ""Parpbp"", ""Ankle1"", ""Rad50"", ""Mcm8"", ""Rad18"", ""Gen1"", 
""Timeless"", ""Mnd1"", ""Rnf168"", ""Wrn"", ""Morf4l2"", ""Palb2"", ""Xrcc6"", ""Rag1"", ""Spidr"", ""Ptprc"")"
"386","WP_G1_TO_S_CELL_CYCLE_CONTROL","0.000570185175006319","0.0110907735892643","0.477270815362862","0.700741998509542","1.67382064823781","45","c(""Mcm7"", ""Ccne2"", ""Mcm6"", ""Cdk6"", ""Myc"", ""Mcm3"", ""Pcna"", ""Mcm5"", ""Pole"", ""Mcm4"", ""Ccnd2"", ""Prim2"", ""Ccne1"", ""Mcm2"", ""Rbl1"", ""Atm"", ""Cdc25a"", ""Prim1"", ""Pola2"", ""E2f3"", ""Orc2"", ""E2f1"", ""Cdk2"", ""Pole2"", ""Orc1"", ""E2f6"", ""E2f2"", ""Orc6"")"
"387","GOBP_DNA_METABOLIC_PROCESS","2.86936479350325e-09","3.38292253307516e-07","0.774939030136436","0.564192476013818","1.6768331426508","423","c(""Lig1"", ""Mcm7"", ""Dek"", ""Top2a"", ""Hells"", ""Pola1"", ""Ccne2"", ""Gnl3"", ""Mcm6"", ""Hspd1"", ""Uhrf1"", ""Dnmt1"", ""Hnrnpab"", ""Fam111a"", ""Rad51ap1"", ""Nucks1"", ""Hnrnpa2b1"", ""Hmgb2"", ""Rrm1"", ""Trim28"", ""Rfc1"", ""Rbbp4"", ""Gins1"", ""Myc"", ""Cdc6"", ""Rad21"", ""Mcm3"", ""Ddx1"", ""Dhx9"", ""Banf1"", ""Mcm10"", ""Rif1"", ""Chek1"", ""Ezh2"", ""Pcna"", ""Exo1"", ""Cdt1"", ""Aurkb"", ""Fanca"", ""Bard1"", ""Rfc3"", ""Rbbp7"", ""Trip13"", ""Rad51"", ""Mcm5"", ""Smarca5"", ""Parp1"", ""Pole"", ""Clspn"", ""Rad54l"", ""Mcm4"", ""Blm"", ""Dtl"", ""Brca1"", ""E2f8"", ""Smarcc1"", ""Rad54b"", 
""Smc1a"", ""Chaf1a"", ""Nasp"", ""Atad5"", ""Hmgb1"", ""Brd8"", ""Ccna2"", ""Syncrip"", ""Bcl7a"", ""Suv39h1"", ""Pds5a"", ""Smc2"", ""Dkc1"", ""Tk1"", ""Inip"", ""Tfrc"", ""Prim2"", ""Dna2"", ""Brca2"", ""Ptges3"", ""Esco2"", ""Cdc7"", ""Ccne1"", ""Hsp90aa1"", ""Ticrr"", ""Wdhd1"", ""Hnrnpc"", ""Noc3l"", ""Ruvbl1"", ""Apex1"", ""Mcm2"", ""Foxm1"", ""Atm"", ""Dbf4"", ""Zcwpw1"", ""Nek2"", ""Paxip1"", ""Pold3"", ""Smc4"", ""Nop10"", ""Topbp1"", ""Rfwd3"", ""Dtx3l"", ""Mms22l"", ""Brip1"", ""Polq"", ""Nbn"", ""Supt16"", ""Aunip"", ""Prim1"", ""Pold1"", ""Ttf2"", ""Usp10"", ""Aifm1"", ""Tinf2"", ""Fancd2"", 
""Usp1"", ""Prmt5"", ""Pola2"", ""Pms1"", ""Pds5b"", ""Neil3"", ""Otud4"", ""Sf3b3"", ""Gja1"", ""E2f7"", ""Fmr1"", ""Recql4"", ""Polr2i"", ""Gins2"", ""Ssrp1"", ""Gar1"", ""H19"", ""Chtf18"", ""Smc6"", ""Orc2"", ""Tdg"", ""Nat10"", ""Babam1"", ""Xrcc5"", ""Chek2"", ""Mgme1"", ""Rbbp8"", ""Parpbp"", ""Pole3"", ""Ing5"", ""Ube2t"", ""Ankle1"", ""Rad50"", ""Ctc1"", ""Sin3a"", ""Hmga1"", ""Mcm8"", ""Hnrnpu"", ""Pml"", ""Dnmt3b"", ""Ddx11"", ""Cdk2"", ""BC055324"", ""Rad18"", ""Ylpm1"", ""Fbxo5"", ""Pole2"", ""Mbd4"", ""Orc1"", ""Nfatc1"", ""Mdc1"", ""Rev1"", ""Gen1"", ""Timeless"", ""Mnd1"", ""Rnf168"", ""Jade1"", 
""Wrn"", ""Morf4l2"", ""Ddx39b"", ""Palb2"", ""Orc6"", ""Xrcc6"", ""Rag1"", ""Eny2"", ""Spidr"", ""Pdgfrb"", ""Smc3"", ""Ptprc"", ""Traip"", ""Mad2l2"", ""Naf1"", ""Dctpp1"", ""Ddb1"", ""Ercc6l2"", ""Zranb3"", ""Taf5l"", ""Lin9"", ""Pinx1"", ""Cdca5"", ""Stra8"", ""Uchl5"")"
"388","MP_INCREASED_LYMPHOMA_INCIDENCE","0.000481933902266177","0.00966712553261008","0.49849310876659","0.676141316694676","1.67739197701286","58","c(""Lig1"", ""Myc"", ""Mcm3"", ""Tpx2"", ""Exo1"", ""Bub1b"", ""Plk1"", ""Pole"", ""Mcm4"", ""Blm"", ""Brca1"", ""Atad5"", ""Trim37"", ""Dna2"", ""Bub1"", ""Brca2"", ""Apex1"", ""Atm"", ""Brip1"", ""Nbn"", ""Pold1"", ""Recql4"", ""Rbbp8"", ""Rad50"", ""Hmga1"", ""Smurf2"", ""Pml"", ""E2f1"")"
"389","MIR_1896","0.000852993816531139","0.0152561773315801","0.477270815362862","0.735765084741637","1.68095703843816","34","c(""Serbp1"", ""Set"", ""Mcm6"", ""Hspd1"", ""Ncapg2"", ""Cdk6"", ""Taf1"")"
"390","GOBP_MITOTIC_G2_M_TRANSITION_CHECKPOINT","0.00162037013395022","0.0250290862669263","0.45505986738723","0.763352548635318","1.68255915669922","27","c(""Cdc6"", ""Chek1"", ""Plk1"", ""Bard1"", ""Clspn"", ""Blm"", ""Dtl"", ""Brca1"", ""Inip"", ""Ticrr"", ""Atm"", ""Topbp1"", ""Nbn"", ""Babam1"", ""Rbbp8"", ""Rad50"", ""Mbd4"", ""Orc1"")"
"391","GOCC_PERICENTRIC_HETEROCHROMATIN","0.00117412544368742","0.0196038227982145","0.45505986738723","0.833171543130572","1.68605553220786","17","c(""Cbx3"", ""Hells"", ""Dnmt1"", ""Cbx1"", ""Cbx5"", ""Ezh2"", ""Smarca5"", ""Incenp"", ""Esco2"", ""Baz1b"", ""Cenpc1"")"
"392","GOBP_ORGANELLE_FISSION","2.09886012290861e-06","0.000122475908384273","0.627256739718528","0.596620403823405","1.68716062542681","201","c(""Top2a"", ""Ccne2"", ""Nusap1"", ""Mki67"", ""Spc25"", ""Ncapg2"", ""Rad51ap1"", ""Ncapd2"", ""Ncaph"", ""Prc1"", ""Ttk"", ""Kif11"", ""Racgap1"", ""Rad21"", ""Banf1"", ""Tpx2"", ""Chek1"", ""Stag2"", ""Cdt1"", ""Bub1b"", ""Cenpk"", ""Aurkb"", ""Plk1"", ""Fanca"", ""Kntc1"", ""Ncapg"", ""Trip13"", ""Rad51"", ""Cenpe"", ""Smarca5"", ""Rad54l"", ""Mad2l1"", ""Cit"", ""Rad54b"", ""Smc1a"", ""Aspm"", ""Kif18a"", ""Incenp"", ""Kif14"", ""Espl1"", ""Smc2"", ""Nuf2"", ""Mybl2"", ""Bub1"", ""Syce2"", ""Brca2"", ""Ccne1"", ""Atm"", ""Zwilch"", ""Psmg2"", ""Baz1b"", ""Nsl1"", ""Ndc1"", ""Zcwpw1"", ""Mtfr2"", ""Spag5"", 
""Nek2"", ""Smc4"", ""Topbp1"", ""Ndc80"", ""Brip1"", ""Kpnb1"", ""Cenpi"", ""Aaas"", ""Cenpc1"", ""Ccnb2"", ""Fancd2"", ""Kif23"", ""Bora"", ""Gja1"", ""Mastl"", ""Kif2c"", ""Ranbp1"", ""Dsn1"", ""Chtf18"", ""Mtbp"", ""Ccnb1"", ""Chek2"", ""Cep192"", ""Ankle1"", ""Hnrnpu"", ""Rcc1"", ""Fbxo5"", ""Knstrn"", ""Eml4"")"
"393","GOCC_OUTER_KINETOCHORE","0.000831555541196286","0.0149654092258285","0.477270815362862","0.816670714919891","1.68724287600714","19","c(""Spc25"", ""Bub1b"", ""Plk1"", ""Cenpe"", ""Cenpf"", ""Nuf2"", ""Bub1"", ""Ska3"", ""Nsl1"", ""Ska2"", ""Ndc80"", ""Nup133"", ""Ska1"", ""Pmf1"", ""Dsn1"", ""Ccnb1"")"
"394","HESS_TARGETS_OF_HOXA9_AND_MEIS1_UP","0.000599203917098164","0.0115003356447711","0.477270815362862","0.689809130982152","1.6875300018365","54","c(""Ncl"", ""Mcm7"", ""Nop58"", ""Uhrf1"", ""Metap2"", ""Rrm1"", ""C1qbp"", ""Mcm3"", ""Nolc1"", ""Ybx3"", ""Ide"", ""Trip13"", ""Mybl2"", ""Ruvbl1"", ""Psmg2"", ""Fabp5"", ""Bcat1"", ""Dut"", ""Nedd4"", ""Odc1"")"
"395","MARTORIATI_MDM4_TARGETS_FETAL_LIVER_DN","1.31518073608573e-05","0.00052039719947721","0.593325476396405","0.60305554435646","1.6876324706285","169","c(""Ncl"", ""Ddx21"", ""Pola1"", ""Eif5b"", ""Anp32e"", ""Knop1"", ""Nucks1"", ""St13"", ""Kif15"", ""Prc1"", ""Kif11"", ""Ddx18"", ""Nolc1"", ""Dhx9"", ""Cbx5"", ""Cad"", ""Smarca5"", ""Dtl"", ""Nup205"", ""Smc1a"", ""Ubap2"", ""Srsf1"", ""Rbm28"", ""Incenp"", ""Kpna3"", ""Brd8"", ""Tfrc"", ""Bub1"", ""Eif4g1"", ""Bclaf1"", ""Ccar1"", ""Ssr1"", ""Hcfc1"", ""Epb41l2"", ""Foxm1"", ""Baz1b"", ""Spag5"", ""Suz12"", ""Supt16"", ""Odf2"", ""Lmo4"", ""Nudt4"", ""Hemgn"", ""Otud4"", ""Prpf40a"", ""Tcf4"", ""Lcp1"", ""Rangap1"", ""Rock2"", ""Rcc2"", ""Dgcr8"", ""Smc6"", ""Myb"", ""Pole3"", ""Stard4"", ""Slc25a13"", 
""Cbx2"")"
"396","REACTOME_MITOTIC_PROPHASE","0.000772518517495319","0.0141229097328179","0.477270815362862","0.716539724915791","1.68919601343215","41","c(""Set"", ""Ncapg2"", ""Arpp19"", ""Banf1"", ""Plk1"", ""Nup205"", ""Smc2"", ""Ranbp2"", ""Nup188"", ""Ndc1"", ""Smc4"", ""Nup133"", ""Pom121"", ""Nup107"", ""Nup85"", ""Aaas"", ""Nup88"", ""Ccnb2"", ""Mastl"", ""Nup155"", ""Ccnb1"", ""Nup160"", ""Mcph1"", ""Ncapd3"", ""Rab1a"", ""Sec13"", ""Nup50"", ""Cdk1"")"
"397","GOBP_NEGATIVE_REGULATION_OF_CELL_CYCLE_PROCESS","2.50106402608538e-05","0.000881379893118744","0.575610261071129","0.615823422272548","1.68925327054947","136","c(""Spc25"", ""Rps27l"", ""Ttk"", ""Cdc6"", ""Rad21"", ""Chek1"", ""Ezh2"", ""Wdr76"", ""Stil"", ""Cdt1"", ""Bub1b"", ""Aurkb"", ""Plk1"", ""Bard1"", ""Kntc1"", ""Trip13"", ""Rad51"", ""Cenpe"", ""Smarca5"", ""Clspn"", ""Mad2l1"", ""Blm"", ""Dtl"", ""Brca1"", ""E2f8"", ""Incenp"", ""Trim37"", ""Naa10"", ""Nuf2"", ""Inip"", ""Dna2"", ""Bub1"", ""Brca2"", ""Ticrr"", ""Rbl1"", ""Ccnf"", ""Atm"", ""Zwilch"", ""Pidd1"", ""Psmg2"", ""Baz1b"", ""Nek2"", ""Topbp1"", ""Ndc80"", ""Rfwd3"", ""Dtx3l"", ""Nbn"", ""Ccp110"", ""Fancd2"", ""E2f7"", ""Recql4"", ""Chtf18"", ""Mtbp"", ""Ccnb1"", ""Babam1"", ""Chek2"", ""Rbbp8"", 
""Cep192"", ""Rad50"", ""Mettl13"", ""Pml"", ""E2f1"", ""Fbxo5"", ""Mbd4"", ""Orc1"", ""Gen1"", ""Timeless"", ""Jade1"", ""Aurka"")"
"398","MIR_216B_3P","0.000875521986876765","0.0156107732042811","0.477270815362862","0.846781632994876","1.68948735602018","16","c(""Pola1"", ""Ncaph"", ""Cbx5"", ""Pcbp1"", ""Ccne1"", ""Cstf2"", ""Nefh"")"
"399","GOBP_PROTEIN_DNA_COMPLEX_ORGANIZATION","9.07780456936733e-07","5.82694188858168e-05","0.659444398037935","0.592449718871473","1.69038102350372","231","c(""Cbx3"", ""Nap1l1"", ""Ddx21"", ""Dek"", ""Hells"", ""Set"", ""Mki67"", ""Uhrf1"", ""Dnmt1"", ""Ptma"", ""Anp32e"", ""Hmgn5"", ""Cenph"", ""Cenpw"", ""Mybbp1a"", ""Nucks1"", ""Trim28"", ""Cbx1"", ""Rbbp4"", ""Myc"", ""Rad21"", ""Hdgf"", ""Banf1"", ""Cbx5"", ""Rif1"", ""Chek1"", ""Ezh2"", ""Cdt1"", ""Cenpk"", ""Mtf2"", ""Kntc1"", ""Rbbp7"", ""Rad51"", ""Cenpe"", ""Npm3"", ""Smarca5"", ""Brca1"", ""Smarcc1"", ""Chaf1a"", ""Nasp"", ""Msl3"", ""Hmgb1"", ""Trim37"", ""Brd8"", ""Psip1"", ""Bcl7a"", ""Suv39h1"", ""Smyd2"", ""Taf1"", ""Wdhd1"", ""Ruvbl1"", ""Hcfc1"", ""Cenpp"", ""Mcm2"", ""Dlgap5"", ""Rbl1"", ""Baz1b"", 
""Paxip1"", ""Dtx3l"", ""Mms22l"", ""Noc2l"", ""Suz12"", ""Brd3"", ""Supt16"", ""Rpl23"", ""Cenpi"", ""Cenpc1"", ""Sfmbt1"", ""Prmt5"", ""Asxl1"", ""Hdac4"", ""Tcf4"", ""Ssrp1"", ""H19"", ""Loxl2"", ""Myo1c"", ""Tdg"", ""Phf19"", ""Babam1"", ""Hira"", ""Pole3"", ""Ing5"", ""Cenpo"", ""Cbx2"", ""Sin3a"", ""Hmga1"", ""Hnrnpu"", ""Dnmt3b"", ""Cdk2"", ""Anp32b"", ""Bcor"", ""Nudt5"", ""Kcnq1ot1"")"
"400","GOMF_CATALYTIC_ACTIVITY_ACTING_ON_A_NUCLEIC_ACID","3.87417559864264e-07","2.76310030041463e-05","0.674962860011025","0.593311905472476","1.69066425005039","224","c(""Lig1"", ""Mcm7"", ""Ddx21"", ""Top2a"", ""Hells"", ""Pola1"", ""Mcm6"", ""Dnmt1"", ""Rfc1"", ""Rbbp4"", ""Nars"", ""Ddx18"", ""Mcm3"", ""Ddx1"", ""Dhx9"", ""Pcna"", ""Exo1"", ""Rfc3"", ""Rad51"", ""Mcm5"", ""Smarca5"", ""Pole"", ""Rad54l"", ""Mcm4"", ""Blm"", ""Ercc6l"", ""Rad54b"", ""Atad5"", ""Polr2k"", ""Vars"", ""Gars"", ""Ddx19a"", ""Dkc1"", ""Dna2"", ""Ptges3"", ""Polr1a"", ""Slfn9"", ""Pop4"", ""Ruvbl1"", ""Rars"", ""Apex1"", ""Mcm2"", ""Iars"", ""Dqx1"", ""Pold3"", ""Snrnp200"", ""Dis3"", ""Brip1"", ""Polq"", ""Zgrf1"", ""Prim1"", ""Pold1"", ""Trmt10a"", ""Ttf2"", ""Tars"", ""Kars"", ""Ddx3x"", ""Pola2"", 
""Mettl1"", ""Nudt4"", ""Neil3"", ""Nop2"", ""Rpp38"", ""Recql4"", ""Polr2i"", ""Pld4"", ""Pnpt1"", ""Chtf18"", ""Tdg"", ""Xrcc5"", ""Dus4l"", ""Pop1"", ""Mgme1"", ""Rbbp8"", ""Ankle1"", ""Rad50"", ""Hmga1"", ""Mcm8"", ""Dnmt3b"", ""Ddx11"", ""Nudt5"", ""Ddx10"", ""Ddx27"", ""Mbd4"", ""Rtca"", ""Dars"", ""Etf1"", ""Rev1"", ""Gen1"", ""Eprs"")"
"401","REACTOME_ACTIVATION_OF_ATR_IN_RESPONSE_TO_REPLICATION_STRESS","0.00143289383915634","0.0226789800241265","0.45505986738723","0.767102753067414","1.69082524661796","27","c(""Mcm7"", ""Mcm6"", ""Cdc6"", ""Mcm3"", ""Mcm10"", ""Chek1"", ""Rfc3"", ""Mcm5"", ""Clspn"", ""Mcm4"", ""Cdc7"", ""Mcm2"", ""Dbf4"", ""Cdc25a"", ""Orc2"", ""Cdc25c"", ""Mcm8"", ""Cdk2"", ""Orc1"")"
"402","GOMF_METHYLATION_DEPENDENT_PROTEIN_BINDING","0.000493043769266589","0.00982177191397616","0.477270815362862","0.777345411318897","1.69147070341475","26","c(""Cbx3"", ""Uhrf1"", ""Ncapg2"", ""Cbx1"", ""Cbx5"", ""Mtf2"", ""Msl3"", ""Taf1"", ""Zcwpw1"", ""Suz12"", ""Fmr1"", ""Phf19"", ""Ing5"", ""Cbx2"", ""Pwp1"")"
"403","REACTOME_RESOLUTION_OF_SISTER_CHROMATID_COHESION","0.000159395202743544","0.00411083074218506","0.518848077743792","0.654901116111945","1.69201714244951","83","c(""Tuba1b"", ""Spc25"", ""Cenph"", ""Rad21"", ""Stag2"", ""Bub1b"", ""Cenpk"", ""Aurkb"", ""Plk1"", ""Kntc1"", ""Cenpe"", ""Cenpf"", ""Mad2l1"", ""Ercc6l"", ""Smc1a"", ""Ckap5"", ""Kif18a"", ""Incenp"", ""Pds5a"", ""Xpo1"", ""Nuf2"", ""Bub1"", ""Ranbp2"", ""Cenpp"", ""Zwilch"", ""Nsl1"", ""Ska2"", ""Ndc80"", ""Nup133"", ""Tuba1c"", ""Nup107"", ""Nup85"", ""Cenpi"", ""Ska1"", ""Cenpc1"", ""Ccnb2"", ""Pds5b"", ""Pmf1"", ""Kif2c"", ""Dsn1"", ""Rangap1"", ""Cenpl"", ""Rcc2"", ""Ccnb1"", ""Cenpo"")"
"404","GOBP_HOMOLOGOUS_RECOMBINATION","0.000466211881081311","0.00941715397554801","0.49849310876659","0.778839557670915","1.69472190261688","26","c(""Top2a"", ""Rad51ap1"", ""Bard1"", ""Trip13"", ""Rad51"", ""Rad54l"", ""Brca1"", ""Rad54b"", ""Topbp1"", ""Brip1"", ""Nbn"", ""Fancd2"", ""Chtf18"", ""Rbbp8"", ""Ankle1"", ""Rad50"")"
"405","GOCC_HETEROCHROMATIN","0.000451727034677525","0.0092212971001133","0.49849310876659","0.718503468109034","1.69540485910376","42","c(""Cbx3"", ""Hells"", ""Uhrf1"", ""Dnmt1"", ""Trim28"", ""Cbx1"", ""Cbx5"", ""Ezh2"", ""Wdr76"", ""Smarca5"", ""Incenp"", ""Psip1"", ""Suv39h1"", ""Esco2"", ""Baz1b"", ""Suz12"", ""Rrp1b"", ""Cenpc1"", ""Orc2"", ""Pole3"", ""Cbx2"", ""Hmga1"", ""Dnmt3b"", ""Eed"", ""Pcgf2"", ""Ncapd3"")"
"406","REACTOME_RHOA_GTPASE_CYCLE","0.000350643149800056","0.0075584532701303","0.49849310876659","0.727865729941155","1.69681944194679","38","c(""Arhgap19"", ""C1qbp"", ""Arhgap11a"", ""Racgap1"", ""Diaph3"", ""Anln"", ""Iqgap3"", ""Tfrc"", ""Net1"", ""Aaas"", ""Lbr"", ""Ect2"", ""Rock2"", ""Depdc1b"")"
"407","GOBP_DNA_STRAND_ELONGATION","0.000398007817069404","0.00835157834186039","0.49849310876659","0.816934417898893","1.69904169290926","20","c(""Lig1"", ""Mcm7"", ""Pola1"", ""Nucks1"", ""Gins1"", ""Mcm3"", ""Pcna"", ""Pole"", ""Mcm4"", ""Dna2"", ""Ruvbl1"", ""Pold3"", ""Nbn"")"
"408","GOBP_MITOTIC_CELL_CYCLE_CHECKPOINT_SIGNALING","0.000209427530929421","0.00521492606111751","0.518848077743792","0.667585278315295","1.69907555896567","72","c(""Spc25"", ""Rps27l"", ""Ttk"", ""Cdc6"", ""Chek1"", ""Stil"", ""Bub1b"", ""Aurkb"", ""Plk1"", ""Bard1"", ""Kntc1"", ""Trip13"", ""Cenpe"", ""Clspn"", ""Mad2l1"", ""Blm"", ""Dtl"", ""Brca1"", ""Incenp"", ""Nuf2"", ""Inip"", ""Bub1"", ""Ticrr"", ""Atm"", ""Zwilch"", ""Pidd1"", ""Psmg2"", ""Topbp1"", ""Ndc80"", ""Rfwd3"", ""Nbn"", ""Fancd2"", ""Mtbp"", ""Ccnb1"", ""Babam1"", ""Chek2"", ""Rbbp8"", ""Cep192"", ""Rad50"", ""Pml"", ""Mbd4"", ""Orc1"", ""Gen1"")"
"409","REICHERT_MITOSIS_LIN9_TARGETS","0.000596606523348553","0.0115003356447711","0.477270815362862","0.804873422879845","1.69929333092759","22","c(""Top2a"", ""Nusap1"", ""Mki67"", ""Ncapd2"", ""Hmgb2"", ""Hmmr"", ""Plk1"", ""Cenpe"", ""Kif20a"", ""Cenpf"", ""Aspm"", ""Ccnf"", ""Kif23"", ""Kif2c"", ""Anapc1"", ""Ccnb1"")"
"410","GOBP_MITOTIC_NUCLEAR_DIVISION","9.67861097178565e-06","0.000417263698388102","0.593325476396405","0.620264028512629","1.70067041361654","137","c(""Nusap1"", ""Mki67"", ""Spc25"", ""Ncapg2"", ""Ncapd2"", ""Ncaph"", ""Prc1"", ""Ttk"", ""Kif11"", ""Racgap1"", ""Rad21"", ""Banf1"", ""Tpx2"", ""Chek1"", ""Stag2"", ""Cdt1"", ""Bub1b"", ""Cenpk"", ""Aurkb"", ""Plk1"", ""Kntc1"", ""Ncapg"", ""Trip13"", ""Cenpe"", ""Smarca5"", ""Mad2l1"", ""Cit"", ""Smc1a"", ""Kif18a"", ""Incenp"", ""Kif14"", ""Espl1"", ""Smc2"", ""Nuf2"", ""Mybl2"", ""Bub1"", ""Atm"", ""Zwilch"", ""Psmg2"", ""Baz1b"", ""Nsl1"", ""Spag5"", ""Nek2"", ""Smc4"", ""Ndc80"", ""Kpnb1"", ""Cenpi"", ""Aaas"", ""Cenpc1"", ""Kif23"", ""Bora"", ""Kif2c"", ""Ranbp1"", ""Dsn1"", ""Mtbp"", ""Ccnb1"", ""Chek2"", 
""Cep192"", ""Hnrnpu"", ""Rcc1"", ""Fbxo5"", ""Knstrn"", ""Eml4"", ""Gen1"", ""Aurka"", ""Kif18b"", ""Ncapd3"", ""Pdgfrb"", ""Smc3"", ""Spdl1"", ""Cdca2"", ""Cdk5rap2"", ""Pinx1"", ""Cdca5"", ""Ran"", ""Cdk1"")"
"411","GOBP_DNA_DUPLEX_UNWINDING","0.000311730840195685","0.00700727262183064","0.49849310876659","0.770550854447949","1.70239030343124","29","c(""Mcm7"", ""Top2a"", ""Mcm6"", ""Gins1"", ""Mcm3"", ""Ddx1"", ""Dhx9"", ""Rad51"", ""Mcm5"", ""Mcm4"", ""Blm"", ""Mcm2"", ""Nbn"", ""Recql4"", ""Gins2"", ""Rad50"", ""Mcm8"", ""Ddx11"")"
"412","GOMF_SINGLE_STRANDED_DNA_BINDING","0.000226043648566855","0.00548678217550723","0.518848077743792","0.681152533498287","1.70266765722308","62","c(""Ncl"", ""Mcm7"", ""Pola1"", ""Mcm6"", ""Fam111a"", ""Rad51ap1"", ""Nucks1"", ""Hnrnpa2b1"", ""Mcm3"", ""Dhx9"", ""Mcm10"", ""Ybx3"", ""Rad51"", ""Mcm5"", ""Rad54l"", ""Mcm4"", ""Blm"", ""Hmgb1"", ""Smc2"", ""Pcbp1"", ""Brca2"", ""Mcm2"", ""Smc4"", ""Mms22l"", ""Neil3"", ""Recql4"", ""Smc6"", ""Rad50"", ""Ctc1"", ""Mcm8"", ""Hnrnpu"", ""Ddx11"", ""Rad18"")"
"413","DNMT1_TARGET_GENES","0.000395641336366229","0.00835118174803145","0.49849310876659","0.77093398019335","1.70552607715296","28","c(""Lig1"", ""mt-Nd1"", ""Arhgap11a"", ""Frmd4a"", ""Rag1"")"
"414","MIR_30C_1_3P","0.000308229536523051","0.00700727262183064","0.49849310876659","0.821281368467236","1.70808238221163","20","c(""Mcm7"", ""Hmgb2"", ""Syce2"", ""Ldlr"", ""Bcat1"")"
"415","MIR_30C_2_3P","0.000308229536523051","0.00700727262183064","0.49849310876659","0.821281368467236","1.70808238221163","20","c(""Mcm7"", ""Hmgb2"", ""Syce2"", ""Ldlr"", ""Bcat1"")"
"416","MIR_6958_5P","0.000308229536523051","0.00700727262183064","0.49849310876659","0.821281368467236","1.70808238221163","20","c(""Mcm7"", ""Hmgb2"", ""Syce2"", ""Ldlr"", ""Bcat1"")"
"417","REACTOME_MITOTIC_PROMETAPHASE","1.58641192299144e-05","0.000610980111941437","0.575610261071129","0.629553308048482","1.70845958900621","125","c(""Tuba1b"", ""Spc25"", ""Cenph"", ""Ncapd2"", ""Ncaph"", ""Rad21"", ""Stag2"", ""Bub1b"", ""Cenpk"", ""Aurkb"", ""Plk1"", ""Kntc1"", ""Ncapg"", ""Cenpe"", ""Cenpf"", ""Mad2l1"", ""Ercc6l"", ""Cep41"", ""Ywhae"", ""Smc1a"", ""Ckap5"", ""Kif18a"", ""Incenp"", ""Pds5a"", ""Smc2"", ""Xpo1"", ""Nuf2"", ""Plk4"", ""Bub1"", ""Ranbp2"", ""Hsp90aa1"", ""Cenpp"", ""Zwilch"", ""Nsl1"", ""Ska2"", ""Nek2"", ""Smc4"", ""Ndc80"", ""Nup133"", ""Tuba1c"", ""Nup107"", ""Nup85"", ""Cenpi"", ""Ska1"", ""Odf2"", ""Cenpc1"", ""Ccp110"", ""Ccnb2"", ""Cep152"", ""Pds5b"", ""Pmf1"", ""Kif2c"", ""Dsn1"", ""Rangap1"", ""Cenpl"", 
""Rcc2"", ""Alms1"", ""Ccnb1"", ""Cenpo"", ""Cep192"", ""Pcm1"", ""Nup160"", ""Eml4"", ""Prkar2b"", ""Smc3"", ""Cep135"", ""Haus6"", ""Spdl1"", ""Sec13"", ""Cdk5rap2"", ""Cdca5"", ""Tubb5"", ""Cdk1"", ""Haus3"", ""Haus8"", ""Haus2"", ""Ppp2r5d"", ""Cep76"")"
"418","GOBP_DNA_REPAIR","1.45867096466556e-07","1.08035155934269e-05","0.690132458796796","0.600548637717601","1.71067580582748","227","c(""Lig1"", ""Mcm7"", ""Dek"", ""Pola1"", ""Mcm6"", ""Uhrf1"", ""Fam111a"", ""Rad51ap1"", ""Nucks1"", ""Rrm1"", ""Trim28"", ""Rfc1"", ""Rad21"", ""Mcm3"", ""Ddx1"", ""Dhx9"", ""Rif1"", ""Chek1"", ""Pcna"", ""Exo1"", ""Fanca"", ""Bard1"", ""Rfc3"", ""Trip13"", ""Rad51"", ""Mcm5"", ""Smarca5"", ""Parp1"", ""Pole"", ""Clspn"", ""Rad54l"", ""Mcm4"", ""Blm"", ""Dtl"", ""Brca1"", ""Smarcc1"", ""Rad54b"", ""Smc1a"", ""Chaf1a"", ""Hmgb1"", ""Brd8"", ""Bcl7a"", ""Suv39h1"", ""Pds5a"", ""Smc2"", ""Inip"", ""Dna2"", ""Brca2"", ""Esco2"", ""Cdc7"", ""Ticrr"", ""Wdhd1"", ""Ruvbl1"", ""Apex1"", ""Mcm2"", ""Foxm1"", ""Atm"", 
""Zcwpw1"", ""Paxip1"", ""Pold3"", ""Smc4"", ""Topbp1"", ""Rfwd3"", ""Dtx3l"", ""Mms22l"", ""Brip1"", ""Polq"", ""Nbn"", ""Supt16"", ""Aunip"", ""Pold1"", ""Ttf2"", ""Usp10"", ""Fancd2"", ""Usp1"", ""Pms1"", ""Pds5b"", ""Neil3"", ""Sf3b3"", ""Fmr1"", ""Recql4"", ""Polr2i"", ""Gins2"", ""Ssrp1"", ""Smc6"", ""Tdg"", ""Babam1"", ""Xrcc5"", ""Chek2"", ""Mgme1"", ""Rbbp8"", ""Parpbp"", ""Ube2t"", ""Ankle1"", ""Rad50"", ""Hmga1"", ""Mcm8"", ""Pml"", ""Ddx11"", ""Cdk2"", ""BC055324"", ""Rad18"", ""Pole2"", ""Mbd4"", ""Mdc1"", ""Rev1"", ""Gen1"", ""Timeless"", ""Rnf168"", ""Wrn"", ""Morf4l2"", ""Palb2"", ""Xrcc6"", 
""Eny2"", ""Spidr"", ""Smc3"", ""Traip"", ""Mad2l2"", ""Ddb1"", ""Ercc6l2"", ""Zranb3"", ""Taf5l"", ""Cdca5"", ""Uchl5"")"
"419","GOBP_REGULATION_OF_CELL_CYCLE_G2_M_PHASE_TRANSITION","0.000196754875172345","0.00496354984222986","0.518848077743792","0.68860035630536","1.71184104823598","59","c(""Rrm1"", ""Cdk6"", ""Cdc6"", ""Rad21"", ""Chek1"", ""Plk1"", ""Bard1"", ""Clspn"", ""Cenpf"", ""Blm"", ""Dtl"", ""Brca1"", ""Atad5"", ""Kif14"", ""Inip"", ""Cdc7"", ""Ticrr"", ""Atm"", ""Cdc25a"", ""Paxip1"", ""Topbp1"", ""Nbn"", ""Rcc2"", ""Ccnb1"", ""Babam1"", ""Rbbp8"", ""Cdc25c"", ""Rad50"", ""Ctc1"", ""Sin3a"", ""Cdk2"", ""Fbxo5"", ""Mbd4"", ""Orc1"")"
"420","GOMF_DNA_HELICASE_ACTIVITY","0.000436400364328352","0.00897183240115619","0.49849310876659","0.737884213182265","1.71516454117179","37","c(""Mcm7"", ""Mcm6"", ""Mcm3"", ""Dhx9"", ""Rfc3"", ""Rad51"", ""Mcm5"", ""Mcm4"", ""Blm"", ""Dna2"", ""Ruvbl1"", ""Mcm2"", ""Brip1"", ""Polq"", ""Ddx3x"", ""Recql4"", ""Chtf18"", ""Xrcc5"", ""Rad50"", ""Mcm8"", ""Ddx11"")"
"421","GOCC_REPLICATION_FORK","0.000272659354970731","0.00637713803103609","0.49849310876659","0.723282041780654","1.7186258181243","44","c(""Pola1"", ""Uhrf1"", ""Dnmt1"", ""Rfc1"", ""Mcm10"", ""Chek1"", ""Pcna"", ""Rfc3"", ""Smarca5"", ""Parp1"", ""Blm"", ""Prim2"", ""Wdhd1"", ""Baz1b"", ""Pold3"", ""Mms22l"", ""Nbn"", ""Prim1"", ""Pold1"", ""Pola2"")"
"422","GOCC_PROTEIN_DNA_COMPLEX","2.03187027927908e-08","1.82556036219411e-06","0.73376198835648","0.590104879044185","1.71870233525447","284","c(""Mcm7"", ""Cbx3"", ""Nap1l1"", ""Ddx21"", ""Dek"", ""Hells"", ""Set"", ""Pola1"", ""Mcm6"", ""Wdr43"", ""Uhrf1"", ""Dnmt1"", ""Fam111a"", ""Anp32e"", ""Hmgn5"", ""Rad51ap1"", ""Mybbp1a"", ""Nucks1"", ""Hnrnpa2b1"", ""Hmgb2"", ""Trim28"", ""Cbx1"", ""Rbbp4"", ""Gins1"", ""Myc"", ""Rad21"", ""Mcm3"", ""Hes1"", ""Dhx9"", ""Banf1"", ""Cbx5"", ""Rif1"", ""Chek1"", ""Stag2"", ""Ezh2"", ""Wdr76"", ""Pcna"", ""Plk1"", ""Fanca"", ""Rbbp7"", ""Rad51"", ""Nelfe"", ""Mcm5"", ""Smarca5"", ""Parp1"", ""Mcm4"", ""Smarcc1"", ""Chaf1a"", ""Nasp"", ""Msl3"", ""Incenp"", ""Brd8"", ""Psip1"", ""Ccnd2"", ""Bcl7a"", ""Suv39h1"", 
""Pds5a"", ""Smc2"", ""Prim2"", ""Taf1"", ""Esco2"", ""Ruvbl1"", ""Hcfc1"", ""Mcm2"", ""Rbl1"", ""Baz1b"", ""Pold3"", ""Tmpo"", ""Mms22l"", ""Noc2l"", ""Suz12"", ""Brd3"", ""Supt16"", ""Prim1"", ""Pold1"", ""Rrp1b"", ""Tinf2"", ""Cenpc1"", ""Prmt5"", ""Hdac4"", ""Cops5"", ""Pola2"", ""Pds5b"", ""Sf3b3"", ""Nedd4"", ""Tcf4"", ""Gins2"", ""Ssrp1"", ""Loxl2"", ""Mtbp"", ""Myo1c"", ""Orc2"", ""Xrcc5"", ""Hira"", ""Parpbp"", ""Myzap"", ""Pole3"", ""Ing5"", ""Runx3"", ""Ipo4"", ""Rad50"", ""Ctc1"", ""Cbx2"", ""Sin3a"", ""Hmga1"", ""Pelp1"", ""E2f1"", ""Dnmt3b"", ""Ddx11"", ""Rcc1"", ""Rad18"")"
"423","GOBP_NEGATIVE_REGULATION_OF_MITOTIC_CELL_CYCLE_PHASE_TRANSITION","4.44115597023374e-05","0.00140338106501062","0.557332238758646","0.664436852332671","1.71950094478732","84","c(""Spc25"", ""Rps27l"", ""Ttk"", ""Cdc6"", ""Rad21"", ""Chek1"", ""Ezh2"", ""Bub1b"", ""Aurkb"", ""Plk1"", ""Bard1"", ""Kntc1"", ""Trip13"", ""Cenpe"", ""Clspn"", ""Mad2l1"", ""Blm"", ""Dtl"", ""Brca1"", ""Incenp"", ""Nuf2"", ""Inip"", ""Bub1"", ""Ticrr"", ""Rbl1"", ""Atm"", ""Zwilch"", ""Pidd1"", ""Psmg2"", ""Topbp1"", ""Ndc80"", ""Rfwd3"", ""Nbn"", ""E2f7"", ""Ccnb1"", ""Babam1"", ""Rbbp8"", ""Cep192"", ""Rad50"", ""Pml"", ""Fbxo5"", ""Mbd4"", ""Orc1"", ""Gen1"", ""Jade1"")"
"424","GOBP_MICROTUBULE_CYTOSKELETON_ORGANIZATION_INVOLVED_IN_MITOSIS","7.77993457862584e-05","0.00224723410303607","0.538434096309916","0.675511688861019","1.72007696978415","73","c(""Nusap1"", ""Spc25"", ""Cenph"", ""Prc1"", ""Kif11"", ""Racgap1"", ""Tpx2"", ""Stag2"", ""Stil"", ""Aurkb"", ""Plk1"", ""Cenpe"", ""Mad2l1"", ""Kif4"", ""Smc1a"", ""Ckap5"", ""Incenp"", ""Tacc3"", ""Nuf2"", ""Mybl2"", ""Pcnt"", ""Dlgap5"", ""Nek2"", ""Ndc80"", ""Kpnb1"", ""Aaas"", ""Kif23"", ""Bora"", ""Ccnb1"", ""Chek2"", ""Cep192"", ""Hnrnpu"", ""Rcc1"", ""Mcph1"", ""Aurka"", ""Itgb1"", ""Smc3"", ""Spdl1"", ""Cdk5rap2"")"
"425","GOBP_DNA_DAMAGE_RESPONSE","1.02980554039601e-09","1.35208786519722e-07","0.788186810800237","0.586489751368133","1.72206511924275","336","c(""Lig1"", ""Mcm7"", ""Cbx3"", ""Dek"", ""Top2a"", ""Pola1"", ""Mcm6"", ""Uhrf1"", ""Mif"", ""Crip1"", ""Fam111a"", ""Rps27l"", ""Rad51ap1"", ""Nucks1"", ""Rrm1"", ""Trim28"", ""Rfc1"", ""Cbx1"", ""Cdk6"", ""Myc"", ""Rad21"", ""Mcm3"", ""Ddx1"", ""Dhx9"", ""Cbx5"", ""Mcm10"", ""Rif1"", ""Chek1"", ""Wdr76"", ""Pcna"", ""Exo1"", ""Plk1"", ""Fanca"", ""Bard1"", ""Rfc3"", ""Trip13"", ""Rad51"", ""Mcm5"", ""Smarca5"", ""Parp1"", ""Pole"", ""Clspn"", ""Rad54l"", ""Mcm4"", ""Blm"", ""Dtl"", ""Brca1"", ""Smarcc1"", ""Rad54b"", ""Smc1a"", ""Chaf1a"", ""Atad5"", ""Hmgb1"", ""Brd8"", ""Bcl7a"", ""Suv39h1"", ""Pds5a"", 
""Smc2"", ""Inip"", ""Dna2"", ""Smyd2"", ""Brca2"", ""Bclaf1"", ""Esco2"", ""Cdc7"", ""Ticrr"", ""Wdhd1"", ""Ruvbl1"", ""Apex1"", ""Mcm2"", ""Foxm1"", ""Atm"", ""Pidd1"", ""Baz1b"", ""Zcwpw1"", ""Paxip1"", ""Pold3"", ""Smc4"", ""Topbp1"", ""Rfwd3"", ""Dtx3l"", ""Mms22l"", ""Brip1"", ""Polq"", ""Uaca"", ""Nbn"", ""Supt16"", ""Aunip"", ""Pold1"", ""Ttf2"", ""Usp10"", ""Fancd2"", ""Usp1"", ""Pms1"", ""Pds5b"", ""Neil3"", ""Sf3b3"", ""E2f7"", ""Fmr1"", ""Recql4"", ""Polr2i"", ""Gins2"", ""Ssrp1"", ""Smc6"", ""Tdg"", ""Babam1"", ""Xrcc5"", ""Chek2"", ""Mgme1"", ""Rbbp8"", ""Parpbp"", ""Pole3"", ""Ube2t"", ""Ankle1"", 
""Rad50"", ""Ctc1"", ""Hmga1"", ""Mcm8"", ""Pml"", ""E2f1"", ""Ddx11"", ""Cdk2"", ""BC055324"", ""Rad18"", ""Fbxo5"", ""Pole2"", ""Mbd4"", ""Mdc1"", ""Rev1"", ""Gen1"", ""Timeless"")"
"426","MILI_PSEUDOPODIA_CHEMOTAXIS_UP","0.000243632059262258","0.00586442669315861","0.518848077743792","0.767929490112222","1.72348294409181","32","c(""Ncl"", ""Nap1l1"", ""Eif2s2"", ""Pdap1"", ""Hmgn5"", ""Ccnd2"", ""Ccdc34"", ""Eif3a"", ""Dkc1"", ""Sh3bgrl"", ""Hnrnpa3"", ""Ssb"")"
"427","SAP30_TARGET_GENES","2.56207219237614e-05","0.000891631991286562","0.575610261071129","0.658003594680101","1.72361644139334","95","c(""Mcm7"", ""Atad2"", ""Kif15"", ""Pbk"", ""Tpx2"", ""Bms1"", ""Uqcrq"", ""Trip13"", ""Cenpf"", ""3110082I17Rik"", ""Tacc3"", ""Ccna2"", ""Syncrip"", ""Nuf2"", ""Naa40"", ""Ipo7"", ""Bub1"", ""Mis18bp1"", ""Hspa9"", ""Rrp15"", ""Ccnf"", ""Cdc25a"", ""Nsl1"", ""Mtfr2"", ""Smc4"", ""Ndc80"", ""Mms22l"", ""Mrpl48"", ""Nbn"", ""Utp20"", ""Rpl23"", ""Ccnb2"", ""Ect2"", ""Cpsf1"", ""Kif2c"", ""Ranbp1"", ""Pprc1"", ""Gar1"", ""Dgcr8"", ""Smc6"", ""Mgme1"", ""Nol9"", ""Psme3"", ""Rcc1"", ""Thrap3"", ""Mcph1"", ""Eprs"", ""Aurka"", ""Haus6"", ""Sdad1"", ""Cdca2"", ""2700038G22Rik"", ""Cyp51"")"
"428","REACTOME_CELL_CYCLE","2.39875765192284e-09","2.94843041599111e-07","0.774939030136436","0.586268901935912","1.72394503112534","330","c(""Lig1"", ""Mcm7"", ""Tuba1b"", ""Set"", ""Pola1"", ""Ccne2"", ""Mcm6"", ""Spc25"", ""Cenph"", ""Ncapg2"", ""Arpp19"", ""Cenpw"", ""Ncapd2"", ""Ncaph"", ""Rfc1"", ""Rbbp4"", ""Gins1"", ""Cdk6"", ""Cdc6"", ""Rad21"", ""Mcm3"", ""Hmmr"", ""Banf1"", ""Tpx2"", ""Mcm10"", ""Chek1"", ""Stag2"", ""Pcna"", ""Exo1"", ""Gtse1"", ""Cdt1"", ""Bub1b"", ""Cenpk"", ""Aurkb"", ""Plk1"", ""Bard1"", ""Rfc3"", ""Kntc1"", ""Rbbp7"", ""Ncapg"", ""Cenpe"", ""Mcm5"", ""Smarca5"", ""Pole"", ""Kif20a"", ""Clspn"", ""Cenpf"", ""Mcm4"", ""Mad2l1"", ""Blm"", ""Brca1"", ""Ercc6l"", ""Nup205"", ""Cep41"", ""Ywhae"", ""Smc1a"", ""Ckap5"", 
""Kif18a"", ""Incenp"", ""Ccna2"", ""Ccnd2"", ""Pds5a"", ""Espl1"", ""Smc2"", ""Dkc1"", ""Xpo1"", ""Nuf2"", ""Plk4"", ""Prim2"", ""Dna2"", ""Bub1"", ""Mis18bp1"", ""Ranbp2"", ""Esco2"", ""Cdc7"", ""Nup188"", ""Ccne1"", ""Hsp90aa1"", ""Ruvbl1"", ""Cenpp"", ""Mcm2"", ""Foxm1"", ""Rbl1"", ""Atm"", ""Zwilch"", ""Dbf4"", ""Psmc3"", ""Cdc25a"", ""Nsl1"", ""Ska2"", ""Ndc1"", ""Nek2"", ""Pold3"", ""Smc4"", ""Nop10"", ""Topbp1"", ""Ndc80"", ""Brip1"", ""Nup133"", ""Tuba1c"", ""Nbn"", ""Pom121"", ""Prim1"", ""Pold1"", ""Nup107"", ""Nup85"", ""Kpnb1"", ""Cenpi"", ""Hsp90ab1"", ""Ska1"", ""Odf2"", ""Psmc1"", ""Aaas"", 
""Lbr"", ""Nup88"", ""Cenpc1"", ""Ccp110"", ""Ccnb2"", ""Kif23"", ""Cep152"", ""Pola2"", ""Pds5b"", ""Bora"", ""Mastl"", ""Pmf1"", ""Kif2c"", ""Dsn1"", ""Nup155"", ""Gins2"", ""Rangap1"", ""Anapc1"", ""Gar1"", ""Cenpl"", ""Rcc2"", ""Chtf18"", ""Alms1"", ""Skp2"", ""E2f3"", ""Orc2"", ""Ccnb1"", ""Babam1"", ""Chek2"", ""Rbbp8"", ""Pole3"", ""Cenpo"", ""Cep192"", ""Cdc25c"", ""Rad50"", ""Pcm1"", ""Ctc1"", ""Mcm8"", ""E2f1"", ""Cdk2"", ""Psme3"", ""Rcc1"", ""Fbxo5"", ""Pole2"", ""Nup160"", ""Eml4"", ""Orc1"", ""Mcph1"", ""Mdc1"")"
"429","GOBP_CELL_CYCLE_CHECKPOINT_SIGNALING","1.78738525960301e-05","0.000666175783530749","0.575610261071129","0.660814355636413","1.72423565565225","92","c(""Spc25"", ""Rps27l"", ""Ttk"", ""Cdc6"", ""Chek1"", ""Wdr76"", ""Stil"", ""Cdt1"", ""Bub1b"", ""Aurkb"", ""Plk1"", ""Bard1"", ""Kntc1"", ""Trip13"", ""Rad51"", ""Cenpe"", ""Clspn"", ""Mad2l1"", ""Blm"", ""Dtl"", ""Brca1"", ""Incenp"", ""Nuf2"", ""Inip"", ""Dna2"", ""Bub1"", ""Brca2"", ""Ticrr"", ""Atm"", ""Zwilch"", ""Pidd1"", ""Psmg2"", ""Topbp1"", ""Ndc80"", ""Rfwd3"", ""Dtx3l"", ""Nbn"", ""Fancd2"", ""Mtbp"", ""Ccnb1"", ""Babam1"", ""Chek2"", ""Rbbp8"", ""Cep192"", ""Rad50"", ""Pml"", ""E2f1"", ""Mbd4"", ""Orc1"", ""Gen1"", ""Timeless"", ""Aurka"", ""Ddx39b"")"
"430","GOBP_REGULATION_OF_CELL_CYCLE_PROCESS","1.00772681087838e-08","1.0213399625341e-06","0.747739663149885","0.591056856816893","1.72591287538247","299","c(""Nusap1"", ""Mki67"", ""Spc25"", ""Rps27l"", ""Rdx"", ""Larp7"", ""Ncapg2"", ""Rad51ap1"", ""Mybbp1a"", ""Ncapd2"", ""Rrm1"", ""Ncaph"", ""Prc1"", ""Cdk6"", ""Ttk"", ""Myc"", ""Kif11"", ""Cdc6"", ""Racgap1"", ""Rad21"", ""Tpx2"", ""Chek1"", ""Ezh2"", ""Wdr76"", ""Stil"", ""Cdt1"", ""Bub1b"", ""Aurkb"", ""Plk1"", ""Bard1"", ""Kntc1"", ""Ncapg"", ""Trip13"", ""Rad51"", ""Cenpe"", ""Smarca5"", ""Kif20a"", ""Clspn"", ""Cenpf"", ""Mad2l1"", ""Blm"", ""Dtl"", ""Brca1"", ""Calm2"", ""E2f8"", ""Smarcc1"", ""Cit"", ""Atad5"", ""Cep295"", ""Incenp"", ""Tacc3"", ""Trim37"", ""Kif14"", ""Ccnd2"", ""Bcl7a"", ""Smc2"", 
""Xpo1"", ""Naa10"", ""Nuf2"", ""Inip"", ""Plk4"", ""Dna2"", ""Kif20b"", ""Bub1"", ""Brca2"", ""Eif4g1"", ""Cdc7"", ""Ticrr"", ""Apex1"", ""Rbl1"", ""Ccnf"", ""Atm"", ""Zwilch"", ""Dbf4"", ""Pidd1"", ""Psmg2"", ""Baz1b"", ""Cdc25a"", ""Spag5"", ""Nek2"", ""Paxip1"", ""Smc4"", ""Topbp1"", ""Ndc80"", ""Rfwd3"", ""Dtx3l"", ""Nbn"", ""Rpl23"", ""Ccp110"", ""Fancd2"", ""Kif23"", ""Ddx3x"", ""Ect2"", ""Bora"", ""Gja1"", ""Prpf40a"", ""E2f7"", ""Kif2c"", ""Ranbp1"", ""Recql4"", ""Rrm2"", ""Rock2"", ""Anapc1"", ""Rcc2"", ""Chtf18"", ""Alms1"", ""Mtbp"", ""Smc6"", ""Nat10"", ""Ccnb1"", ""Babam1"", ""Chek2"", ""Rbbp8"", 
""Cep192"", ""Cdc25c"", ""Rad50"", ""Ctc1"", ""Mettl13"", ""Sin3a"", ""Hnrnpu"", ""Pml"", ""E2f1"", ""Cdk2"", ""Anp32b"", ""Psme3"", ""Rcc1"", ""Rad18"", ""Fbxo5"", ""Knstrn"", ""Mbd4"", ""Orc1"", ""Mcph1"", ""Gen1"", ""Timeless"")"
"431","GOBP_REGULATION_OF_CHROMOSOME_SEGREGATION","0.000102721236906772","0.00281241983701621","0.538434096309916","0.678582696200686","1.72706515751997","72","c(""Mki67"", ""Spc25"", ""Ncapg2"", ""Ncapd2"", ""Ncaph"", ""Ttk"", ""Cdc6"", ""Rad21"", ""Bub1b"", ""Aurkb"", ""Plk1"", ""Kntc1"", ""Ncapg"", ""Trip13"", ""Cenpe"", ""Mad2l1"", ""Smarcc1"", ""Cit"", ""Incenp"", ""Tacc3"", ""Bcl7a"", ""Smc2"", ""Nuf2"", ""Bub1"", ""Atm"", ""Zwilch"", ""Psmg2"", ""Smc4"", ""Ndc80"", ""Kif2c"", ""Anapc1"", ""Rcc2"", ""Chtf18"", ""Smc6"", ""Ccnb1"", ""Cep192"", ""Hnrnpu"", ""Rad18"", ""Fbxo5"")"
"432","REACTOME_AMPLIFICATION_OF_SIGNAL_FROM_THE_KINETOCHORES","0.000150309333747391","0.00390379769718405","0.518848077743792","0.688845661804214","1.72989303674595","63","c(""Spc25"", ""Cenph"", ""Bub1b"", ""Cenpk"", ""Aurkb"", ""Plk1"", ""Kntc1"", ""Cenpe"", ""Cenpf"", ""Mad2l1"", ""Ercc6l"", ""Ckap5"", ""Kif18a"", ""Incenp"", ""Xpo1"", ""Nuf2"", ""Bub1"", ""Ranbp2"", ""Cenpp"", ""Zwilch"", ""Nsl1"", ""Ska2"", ""Ndc80"", ""Nup133"", ""Nup107"", ""Nup85"", ""Cenpi"", ""Ska1"", ""Cenpc1"", ""Pmf1"", ""Kif2c"", ""Dsn1"", ""Rangap1"", ""Cenpl"", ""Rcc2"")"
"433","BURTON_ADIPOGENESIS_PEAK_AT_24HR","0.000188324320872852","0.0048093168091892","0.518848077743792","0.754364135142612","1.73007251854042","35","c(""Top2a"", ""Nusap1"", ""Rrm1"", ""Prc1"", ""Racgap1"", ""Hmmr"", ""Ipo5"", ""Aurkb"", ""Cad"", ""Kif20a"", ""Anln"", ""Srsf1"", ""Ccna2"", ""Tk1"", ""Bub1"", ""Rangap1"", ""Cenpl"", ""Ccnb1"", ""Cdc25c"")"
"434","GOCC_CONDENSED_CHROMOSOME_CENTROMERIC_REGION","1.16491928871487e-05","0.000477286434816014","0.593325476396405","0.665280612804138","1.73588927635558","92","c(""Cbx3"", ""Spc25"", ""Cenph"", ""Cenpw"", ""Ncapd2"", ""Ttk"", ""Cbx5"", ""Cdt1"", ""Bub1b"", ""Cenpk"", ""Aurkb"", ""Plk1"", ""Kntc1"", ""Ncapg"", ""Cenpe"", ""Cenpf"", ""Mad2l1"", ""Ercc6l"", ""Smarcc1"", ""Smc1a"", ""Ckap5"", ""Kif18a"", ""Incenp"", ""Xpo1"", ""Nuf2"", ""Bub1"", ""Ska3"", ""Cenpp"", ""Zwilch"", ""Nsl1"", ""Ska2"", ""Spag5"", ""Nek2"", ""Ndc80"", ""Nup133"", ""Nup107"", ""Nup85"", ""Cenpi"", ""Ska1"", ""Cenpc1"", ""Pmf1"", ""Kif2c"", ""Dsn1"", ""Rangap1"", ""Cenpl"", ""Mtbp"", ""Orc2"", ""Ccnb1"", ""Cenpo"", ""Sin3a"", ""Hnrnpu"", ""BC055324"", ""Knstrn"", ""Nup160"")"
"435","GOBP_DNA_CONFORMATION_CHANGE","0.000300761885293841","0.00695000564537007","0.49849310876659","0.76726186154367","1.73592767356966","33","c(""Mcm7"", ""Top2a"", ""Mcm6"", ""Hnrnpa2b1"", ""Gins1"", ""Mcm3"", ""Ddx1"", ""Dhx9"", ""Rad51"", ""Mcm5"", ""Mcm4"", ""Blm"", ""Hmgb1"", ""Mcm2"", ""Nbn"", ""Recql4"", ""Gins2"", ""Rad50"", ""Mcm8"", ""Ddx11"")"
"436","MP_INCREASED_TUMOR_INCIDENCE","0.000124884105428194","0.00332467961778191","0.518848077743792","0.691765874674585","1.73722654581827","63","c(""Lig1"", ""Dnmt1"", ""Myc"", ""Mcm3"", ""Exo1"", ""Aurkb"", ""Plk1"", ""Pole"", ""Mcm4"", ""Blm"", ""Brca1"", ""Atad5"", ""Trim37"", ""Dkc1"", ""Ranbp2"", ""Brca2"", ""Atp2a2"", ""Apex1"", ""Atm"", ""Brip1"", ""Nbn"", ""Pold1"")"
"437","GOBP_DNA_INTEGRITY_CHECKPOINT_SIGNALING","0.000114767945275209","0.00308378799932503","0.538434096309916","0.710248278733915","1.7374476762293","53","c(""Rps27l"", ""Cdc6"", ""Chek1"", ""Wdr76"", ""Cdt1"", ""Plk1"", ""Bard1"", ""Rad51"", ""Clspn"", ""Blm"", ""Dtl"", ""Brca1"", ""Dna2"", ""Brca2"", ""Ticrr"", ""Atm"", ""Pidd1"", ""Topbp1"", ""Rfwd3"", ""Dtx3l"", ""Nbn"", ""Fancd2"", ""Babam1"", ""Chek2"", ""Pml"", ""E2f1"", ""Mbd4"", ""Orc1"", ""Timeless"", ""Ddx39b"", ""Ints7"", ""Cdkn1a"", ""Cdk1"")"
"438","MARKEY_RB1_CHRONIC_LOF_UP","3.99211416782554e-05","0.00129564289592855","0.557332238758646","0.678803358806127","1.73848872671097","76","c(""Mcm7"", ""Top2a"", ""Pola1"", ""Uhrf1"", ""Dnmt1"", ""Crip1"", ""Ncaph"", ""Cdca7"", ""Ezh2"", ""Pcna"", ""Rfc3"", ""Trim37"", ""Slbp"", ""Tk1"", ""Brca2"", ""Wdhd1"", ""Cdca4"", ""Mcm2"", ""Rbl1"", ""Prim1"", ""Pold1"", ""Gja1"", ""H19"", ""Dnph1"", ""Cbx2"", ""Pml"", ""Cdk2"", ""Anp32b"", ""Fads1"", ""Nme4"", ""Idi1"", ""Sqle"", ""Cyp51"", ""Elovl6"", ""Tpst1"", ""Cdkn1a"")"
"439","GOMF_CHROMATIN_BINDING","7.13350737190024e-08","5.56895568749563e-06","0.704975715167238","0.608887434341644","1.73876698692985","233","c(""Cbx3"", ""Nap1l1"", ""Top2a"", ""Hells"", ""Set"", ""Pola1"", ""Dnmt1"", ""Atad2"", ""Hmgn5"", ""Nucks1"", ""Trim28"", ""Ncaph"", ""Cbx1"", ""Cdc6"", ""Rad21"", ""Notch1"", ""Ddx1"", ""Hes1"", ""Dhx9"", ""Cbx5"", ""Stag2"", ""Ezh2"", ""Actn4"", ""Pcna"", ""Exo1"", ""Cdt1"", ""Mtf2"", ""Rad51"", ""Nelfe"", ""Npm3"", ""Smarca5"", ""Parp1"", ""Pole"", ""Brca1"", ""Shmt2"", ""Smarcc1"", ""Smc1a"", ""Trim37"", ""Psip1"", ""Zc3h4"", ""Smc2"", ""Taf1"", ""Polr1a"", ""Ticrr"", ""Wdhd1"", ""Noc3l"", ""Hcfc1"", ""Apex1"", ""Rbl1"", ""Srebf2"", ""Rbmxl1"", ""Smc4"", ""Brip1"", ""Polq"", ""Noc2l"", ""Suz12"", ""Brd3"", 
""Supt16"", ""Pold1"", ""Sfmbt1"", ""Prmt5"", ""Asxl1"", ""Hdac4"", ""Fmr1"", ""Tcf4"", ""Ssrp1"", ""Phf19"", ""Polr3d"", ""Ybx2"", ""Hira"", ""Pole3"", ""Ing5"", ""Ube2t"", ""Cbx2"", ""Sin3a"", ""Hmga1"", ""Mcm8"", ""Hnrnpu"", ""Pelp1"", ""Dnmt3b"", ""Ddx11"", ""Kcnq1ot1"", ""Rcc1"")"
"440","GOCC_CONDENSED_NUCLEAR_CHROMOSOME","0.000117754254677799","0.00314938115404466","0.538434096309916","0.728011350958946","1.73895732520446","45","c(""Nifk"", ""Ncapg2"", ""Ncapd2"", ""Ncaph"", ""Rad21"", ""Chek1"", ""Plk1"", ""Ncapg"", ""Rad51"", ""Blm"", ""Brca1"", ""Smc1a"", ""Incenp"", ""Smc2"", ""Syce2"", ""Brca2"", ""Nek2"", ""Smc4"", ""Topbp1"")"
"441","GOBP_MITOTIC_SPINDLE_ORGANIZATION","8.42346876972974e-05","0.00236225141178295","0.538434096309916","0.70174731358005","1.74452401291374","59","c(""Spc25"", ""Cenph"", ""Prc1"", ""Kif11"", ""Racgap1"", ""Tpx2"", ""Stag2"", ""Stil"", ""Aurkb"", ""Plk1"", ""Cenpe"", ""Kif4"", ""Smc1a"", ""Ckap5"", ""Incenp"", ""Tacc3"", ""Nuf2"", ""Mybl2"", ""Pcnt"", ""Dlgap5"", ""Nek2"", ""Ndc80"", ""Kpnb1"", ""Aaas"", ""Kif23"", ""Bora"", ""Ccnb1"", ""Chek2"", ""Cep192"", ""Hnrnpu"", ""Rcc1"")"
"442","GOCC_NUCLEAR_CHROMOSOME","6.72982948686585e-06","0.000308557340838286","0.610526878385931","0.64516410090465","1.7451109355997","123","c(""Mcm7"", ""Top2a"", ""Pola1"", ""Mcm6"", ""Anp32e"", ""Nifk"", ""Ncapg2"", ""Ncapd2"", ""Ncaph"", ""Rbbp4"", ""Gins1"", ""Rad21"", ""Mcm3"", ""Dhx9"", ""Mcm10"", ""Chek1"", ""Pcna"", ""Plk1"", ""Rbbp7"", ""Ncapg"", ""Rad51"", ""Mcm5"", ""Smarca5"", ""Parp1"", ""Pole"", ""Mcm4"", ""Blm"", ""Brca1"", ""Smc1a"", ""Incenp"", ""Brd8"", ""Smc2"", ""Prim2"", ""Syce2"", ""Brca2"", ""Wdhd1"", ""Ruvbl1"", ""Hcfc1"", ""Mcm2"", ""Baz1b"", ""Nek2"", ""Pold3"", ""Smc4"", ""Topbp1"", ""Mms22l"", ""Prim1"", ""Pold1"")"
"443","GOBP_DOUBLE_STRAND_BREAK_REPAIR","3.74406931189148e-06","0.000199409954136091","0.627256739718528","0.652968936779384","1.75196195185338","114","c(""Lig1"", ""Mcm7"", ""Dek"", ""Pola1"", ""Mcm6"", ""Rad51ap1"", ""Nucks1"", ""Rad21"", ""Mcm3"", ""Ddx1"", ""Rif1"", ""Chek1"", ""Trip13"", ""Rad51"", ""Mcm5"", ""Parp1"", ""Rad54l"", ""Mcm4"", ""Blm"", ""Brca1"", ""Smarcc1"", ""Rad54b"", ""Brd8"", ""Bcl7a"", ""Inip"", ""Dna2"", ""Brca2"", ""Esco2"", ""Cdc7"", ""Ruvbl1"", ""Mcm2"", ""Foxm1"", ""Atm"", ""Zcwpw1"", ""Rfwd3"", ""Dtx3l"", ""Mms22l"", ""Brip1"", ""Polq"", ""Nbn"", ""Aunip"", ""Fancd2"", ""Recql4"", ""Gins2"", ""Smc6"", ""Babam1"", ""Xrcc5"", ""Chek2"", ""Rbbp8"", ""Parpbp"", ""Ankle1"", ""Rad50"", ""Mcm8"", ""Pml"", ""Gen1"", ""Timeless"", ""Rnf168"", 
""Wrn"", ""Morf4l2"", ""Palb2"", ""Xrcc6"", ""Spidr"")"
"444","GOBP_MEIOTIC_CELL_CYCLE_PROCESS","1.59788275028802e-05","0.000611322427047278","0.575610261071129","0.676060950110848","1.75405034692727","89","c(""Mcm7"", ""Top2a"", ""Ccne2"", ""Mcm6"", ""Rad51ap1"", ""Ncapd2"", ""Ncaph"", ""Ttk"", ""Mcm3"", ""Plk1"", ""Fanca"", ""Trip13"", ""Rad51"", ""Cenpe"", ""Mcm5"", ""Rad54l"", ""Mcm4"", ""Rad54b"", ""Aspm"", ""Kif18a"", ""Incenp"", ""Espl1"", ""Smc2"", ""Nuf2"", ""Syce2"", ""Brca2"", ""Ccne1"", ""Mcm2"", ""Atm"", ""Cdc25a"", ""Ndc1"", ""Zcwpw1"", ""Smc4"", ""Topbp1"", ""Ndc80"", ""Brip1"", ""Cenpc1"", ""Ccnb2"", ""Fancd2"", ""Gja1"", ""Mastl"")"
"445","GOBP_CELL_CYCLE_G2_M_PHASE_TRANSITION","1.82234064277648e-05","0.000672986891882767","0.575610261071129","0.687137492367599","1.75983334302077","76","c(""Arpp19"", ""Rrm1"", ""Cdk6"", ""Cdc6"", ""Rad21"", ""Chek1"", ""Aurkb"", ""Plk1"", ""Bard1"", ""Clspn"", ""Cenpf"", ""Blm"", ""Dtl"", ""Brca1"", ""Calm2"", ""Cit"", ""Abcb1b"", ""Atad5"", ""Ccna2"", ""Kif14"", ""Inip"", ""Cdc7"", ""Ticrr"", ""Foxm1"", ""Atm"", ""Cdc25a"", ""Paxip1"", ""Topbp1"", ""Ndc80"", ""Nbn"", ""Ccnb2"", ""Mastl"", ""Rcc2"", ""Skp2"", ""Ccnb1"", ""Babam1"", ""Chek2"", ""Rbbp8"", ""Cdc25c"", ""Rad50"", ""Ctc1"", ""Sin3a"", ""Cdk2"", ""Fbxo5"", ""Mbd4"", ""Orc1"")"
"446","GOBP_MEIOTIC_CELL_CYCLE","2.58848121218461e-06","0.00014378515348837","0.627256739718528","0.65689371955217","1.75987405170583","113","c(""Mcm7"", ""Top2a"", ""Ccne2"", ""Mki67"", ""Mcm6"", ""Rad51ap1"", ""Ncapd2"", ""Ncaph"", ""Ttk"", ""Mcm3"", ""Stag2"", ""Exo1"", ""Plk1"", ""Fanca"", ""Trip13"", ""Rad51"", ""Cenpe"", ""Mcm5"", ""Rad54l"", ""Mcm4"", ""Rad54b"", ""Smc1a"", ""Aspm"", ""Kif18a"", ""Incenp"", ""Espl1"", ""Smc2"", ""Nuf2"", ""Syce2"", ""Brca2"", ""Ccne1"", ""Mcm2"", ""Atm"", ""Cdc25a"", ""Ndc1"", ""Zcwpw1"", ""Nek2"", ""Smc4"", ""Topbp1"", ""Ndc80"", ""Brip1"", ""Nbn"", ""Cenpc1"", ""Ccnb2"", ""Fancd2"", ""Gja1"", ""Mastl"", ""Chtf18"", ""Rbbp8"", ""Ankle1"", ""Cdc25c"", ""Rad50"", ""Mns1"", ""Cdk2"")"
"447","REACTOME_ACTIVATION_OF_THE_PRE_REPLICATIVE_COMPLEX","9.13565709136869e-05","0.00253734091427101","0.538434096309916","0.7962150965038","1.7614551245614","28","c(""Mcm7"", ""Pola1"", ""Mcm6"", ""Cdc6"", ""Mcm3"", ""Mcm10"", ""Cdt1"", ""Mcm5"", ""Pole"", ""Mcm4"", ""Prim2"", ""Cdc7"", ""Mcm2"", ""Dbf4"", ""Prim1"", ""Pola2"", ""Orc2"", ""Pole3"", ""Mcm8"", ""Cdk2"", ""Pole2"", ""Orc1"")"
"448","BURTON_ADIPOGENESIS_PEAK_AT_16HR","0.000144302973810967","0.00378926490775435","0.518848077743792","0.761559348229729","1.77019587456451","37","c(""Mcm7"", ""Ddx21"", ""Hells"", ""Mcm6"", ""Dnmt1"", ""Fam111a"", ""Cdca7"", ""Cdc6"", ""Mcm3"", ""Rad51"", ""Mcm5"", ""Mcm4"", ""Smc2"", ""Pold1"", ""Pola2"", ""Dut"", ""Rrm2"")"
"449","MORI_LARGE_PRE_BII_LYMPHOCYTE_UP","2.58282283203274e-05","0.000893471107823542","0.575610261071129","0.691821481900028","1.77037468152609","77","c(""Lig1"", ""Mcm7"", ""Top2a"", ""Mki67"", ""Mcm6"", ""Hnrnpab"", ""Anp32e"", ""Nucks1"", ""Rrm1"", ""Ncaph"", ""Cbx1"", ""Prc1"", ""Rbbp4"", ""Cdca7"", ""Ttk"", ""Racgap1"", ""Rad21"", ""Mcm3"", ""Ide"", ""Cenpe"", ""Dtl"", ""Calm2"", ""E2f8"", ""Smarcc1"", ""Hmgb1"", ""Ccna2"", ""Slbp"", ""Smc2"", ""Mybl2"", ""Mcm2"", ""Lgals9"", ""Smc4"", ""Tmpo"", ""Ndc80"", ""Psmc1"", ""Ccnb2"", ""Kif23"", ""Rrm2"", ""Rangap1"", ""Cenpl"", ""Ccnb1"")"
"450","BERENJENO_TRANSFORMED_BY_RHOA_UP","5.65261147266974e-12","1.20944949917086e-09","0.887074988399873","0.598953482903513","1.77268670530655","392","c(""Lig1"", ""Mcm7"", ""Ddx21"", ""Dek"", ""Top2a"", ""Hells"", ""Pola1"", ""Nop58"", ""Nusap1"", ""Mki67"", ""Hspd1"", ""Wdr43"", ""Naa15"", ""Eif3j1"", ""Bola2"", ""Uhrf1"", ""Dnmt1"", ""Snrpd3"", ""Hmgn5"", ""Taf1d"", ""Tcf19"", ""Rad51ap1"", ""Ckap2"", ""Rrm1"", ""Cbx1"", ""Prc1"", ""Cdca7"", ""Ttk"", ""Myc"", ""Kif11"", ""Cdc6"", ""Racgap1"", ""Ddx18"", ""Mcm3"", ""Uck2"", ""Diaph3"", ""Banf1"", ""Cbx5"", ""Tcerg1"", ""Mcm10"", ""Ybx3"", ""Chek1"", ""Cse1l"", ""Ezh2"", ""Rnps1"", ""Ipo5"", ""Actn4"", ""Pcna"", ""Exo1"", ""Gtse1"", ""Aurkb"", ""Rfc3"", ""Trip13"", ""Rad51"", ""Mcm5"", ""Kif20a"", ""Anln"", 
""Mcm4"", ""Mad2l1"", ""Dtl"", ""Brca1"", ""E2f8"", ""Psat1"", ""Kif4"", ""Aspm"", ""Srsf1"", ""Nasp"", ""Iqgap3"", ""Incenp"", ""Tacc3"", ""Hk2"", ""Cdca7l"", ""Vars"", ""Ccna2"", ""Slbp"", ""Smc2"", ""Xpo1"", ""Tk1"", ""Tfrc"", ""Plk4"", ""Mybl2"", ""Prim2"", ""Dna2"", ""Ipo7"", ""Bub1"", ""Snrpd2"", ""Mis18bp1"", ""Ptges3"", ""Srm"", ""Shmt1"", ""Cdc7"", ""Hsp90aa1"", ""Wdhd1"", ""Rars"", ""Net1"", ""Cdca4"", ""Mcm2"", ""Foxm1"", ""Dlgap5"", ""Rbl1"", ""Ccnf"", ""Cstf2"", ""Rbmxl1"", ""Txnrd1"", ""Rpf2"", ""Dhfr"", ""Nek2"", ""Smc4"", ""Tmpo"", ""Topbp1"", ""Ndufaf4"", ""Snrpd1"", ""Trim59"", ""Bcat1"", ""Abce1"", 
""Rrp12"", ""Suz12"", ""Prim1"", ""Pold1"", ""Nup107"", ""Nup85"", ""Usp10"", ""Kpnb1"", ""AU020206"", ""Lbr"", ""Pno1"", ""Kif23"", ""Usp1"", ""Pola2"", ""Hsph1"", ""Ect2"", ""Otud4"", ""Stip1"", ""Tsr1"", ""Gja1"", ""Nop2"", ""Pmf1"", ""Kif2c"", ""Ranbp1"", ""Acot7"", ""Odc1"", ""Rangap1"", ""Tomm70a"", ""Pprc1"", ""Ssrp1"", ""Gar1"", ""Pnpt1"", ""Pum3"")"
"451","GOBP_DNA_REPLICATION_INITIATION","0.000110062986425817","0.0029851355520279","0.538434096309916","0.828737478310893","1.77770274749754","24","c(""Mcm7"", ""Pola1"", ""Ccne2"", ""Mcm6"", ""Cdc6"", ""Mcm3"", ""Mcm10"", ""Cdt1"", ""Mcm5"", ""Mcm4"", ""Prim2"", ""Ccne1"", ""Ticrr"", ""Noc3l"", ""Mcm2"", ""Topbp1"", ""Prim1"", ""Pola2"")"
"452","GOMF_HELICASE_ACTIVITY","1.64867637413823e-05","0.000622510027019385","0.575610261071129","0.707000325949377","1.77885942054625","64","c(""Mcm7"", ""Ddx21"", ""Hells"", ""Mcm6"", ""Ddx18"", ""Mcm3"", ""Ddx1"", ""Dhx9"", ""Rfc3"", ""Rad51"", ""Mcm5"", ""Smarca5"", ""Rad54l"", ""Mcm4"", ""Blm"", ""Ercc6l"", ""Ddx19a"", ""Dna2"", ""Ruvbl1"", ""Mcm2"", ""Dqx1"", ""Snrnp200"", ""Brip1"", ""Polq"", ""Zgrf1"", ""Ttf2"", ""Ddx3x"", ""Recql4"", ""Chtf18"", ""Xrcc5"", ""Rad50"", ""Mcm8"", ""Ddx11"", ""Ddx10"", ""Ddx27"")"
"453","GOMF_CATALYTIC_ACTIVITY_ACTING_ON_DNA","7.25457454536942e-06","0.000329997457862986","0.610526878385931","0.673349827311455","1.78857946994989","106","c(""Lig1"", ""Mcm7"", ""Top2a"", ""Hells"", ""Pola1"", ""Mcm6"", ""Dnmt1"", ""Rfc1"", ""Rbbp4"", ""Mcm3"", ""Ddx1"", ""Dhx9"", ""Pcna"", ""Exo1"", ""Rfc3"", ""Rad51"", ""Mcm5"", ""Smarca5"", ""Pole"", ""Rad54l"", ""Mcm4"", ""Blm"", ""Ercc6l"", ""Rad54b"", ""Atad5"", ""Dkc1"", ""Dna2"", ""Ptges3"", ""Ruvbl1"", ""Apex1"", ""Mcm2"", ""Pold3"", ""Brip1"", ""Polq"", ""Pold1"", ""Ttf2"", ""Ddx3x"", ""Pola2"", ""Neil3"", ""Recql4"", ""Pld4"", ""Chtf18"", ""Tdg"", ""Xrcc5"", ""Mgme1"", ""Rbbp8"", ""Ankle1"", ""Rad50"", ""Hmga1"", ""Mcm8"", ""Dnmt3b"", ""Ddx11"", ""Mbd4"", ""Rev1"", ""Gen1"")"
"454","GOMF_HISTONE_BINDING","3.88711272179432e-06","0.000203266498737112","0.610526878385931","0.692005535877985","1.789098216148","85","c(""Ncl"", ""Cbx3"", ""Nap1l1"", ""Dek"", ""Set"", ""Uhrf1"", ""Atad2"", ""Ptma"", ""Anp32e"", ""Ncapg2"", ""Ncapd2"", ""Cbx1"", ""Rbbp4"", ""Cbx5"", ""Mtf2"", ""Rbbp7"", ""Npm3"", ""Smarca5"", ""Smarcc1"", ""Nasp"", ""Msl3"", ""Ipo7"", ""Taf1"", ""Mcm2"", ""Baz1b"", ""Zcwpw1"", ""Dtx3l"", ""Noc2l"", ""Suz12"", ""Brd3"", ""Sfmbt1"", ""Hdac4"", ""Fmr1"", ""Ssrp1"", ""Phf19"", ""Ipo9"", ""Hira"", ""Ing5"", ""Cbx2"", ""Pwp1"", ""Anp32b"", ""Rcc1"")"
"455","REACTOME_CHROMOSOME_MAINTENANCE","1.66330132343544e-05","0.000623954009447178","0.575610261071129","0.736890902102908","1.81009104600263","55","c(""Lig1"", ""Pola1"", ""Cenph"", ""Cenpw"", ""Rfc1"", ""Rbbp4"", ""Pcna"", ""Cenpk"", ""Rfc3"", ""Rbbp7"", ""Smarca5"", ""Blm"", ""Ccna2"", ""Dkc1"", ""Prim2"", ""Dna2"", ""Mis18bp1"", ""Ruvbl1"", ""Cenpp"", ""Pold3"", ""Nop10"", ""Prim1"", ""Pold1"", ""Cenpi"", ""Cenpc1"", ""Pola2"", ""Gar1"", ""Cenpl"", ""Chtf18"", ""Cenpo"", ""Ctc1"", ""Cdk2"")"
"456","GOBP_MEIOTIC_CHROMOSOME_SEGREGATION","2.26490689076182e-05","0.000812693609188263","0.575610261071129","0.765932143978055","1.81037870115551","43","c(""Top2a"", ""Ccne2"", ""Ncaph"", ""Ttk"", ""Plk1"", ""Trip13"", ""Cenpe"", ""Aspm"", ""Espl1"", ""Smc2"", ""Nuf2"", ""Syce2"", ""Brca2"", ""Ccne1"", ""Atm"", ""Ndc1"", ""Zcwpw1"", ""Smc4"", ""Ndc80"", ""Brip1"", ""Cenpc1"", ""Ccnb2"", ""Fancd2"")"
"457","GOBP_CHROMOSOME_SEGREGATION","6.85633198304992e-09","7.20164179383262e-07","0.761460801445585","0.641999814457909","1.81683971601087","202","c(""Top2a"", ""Ccne2"", ""Nusap1"", ""Mki67"", ""Spc25"", ""Cenph"", ""Ncapg2"", ""Cenpw"", ""Ncapd2"", ""Ncaph"", ""Prc1"", ""Ttk"", ""Kif11"", ""Cdc6"", ""Racgap1"", ""Rad21"", ""Tpx2"", ""Stag2"", ""Stil"", ""Cdt1"", ""Bub1b"", ""Cenpk"", ""Aurkb"", ""Plk1"", ""Kntc1"", ""Ncapg"", ""Trip13"", ""Cenpe"", ""Smarca5"", ""Cenpf"", ""Mad2l1"", ""Brca1"", ""Smarcc1"", ""Kif4"", ""Cit"", ""Smc1a"", ""Aspm"", ""Kif18a"", ""Incenp"", ""Tacc3"", ""Kif14"", ""Bcl7a"", ""Espl1"", ""Smc2"", ""Nuf2"", ""Mybl2"", ""Bub1"", ""Syce2"", ""Brca2"", ""Esco2"", ""Ccne1"", ""Ska3"", ""Cenpp"", ""Dlgap5"", ""Atm"", ""Zwilch"", 
""Psmg2"", ""Baz1b"", ""Nsl1"", ""Ska2"", ""Ndc1"", ""Zcwpw1"", ""Spag5"", ""Nek2"", ""Smc4"", ""Ndc80"", ""Brip1"", ""Kpnb1"", ""Cenpi"", ""Ska1"", ""Aaas"", ""Cenpc1"", ""Ccnb2"", ""Fancd2"", ""Kif23"", ""Ddx3x"", ""Ect2"", ""Pmf1"", ""Kif2c"", ""Dsn1"", ""Anapc1"", ""Cenpl"", ""Rcc2"", ""Chtf18"", ""Smc6"", ""Ccnb1"", ""Chek2"", ""Cenpo"", ""Cep192"", ""Hnrnpu"", ""BC055324"", ""Rcc1"", ""Rad18"", ""Fbxo5"", ""Knstrn"", ""Eml4"", ""Gen1"", ""Mnd1"", ""Aurka"", ""Kif18b"", ""Ncapd3"", ""Smc3"", ""Haus6"", ""Spdl1"", ""Oip5"", ""Cdca2"", ""Cdk5rap2"", ""Ddb1"", ""Pinx1"", ""Cdca5"", ""Ran"", ""Tubb5"", ""Cdk1"", 
""Haus3"", ""Haus8"", ""Haus2"", ""Mlh1"")"
"458","GOBP_CELL_DIVISION","4.36806925280228e-10","6.6406147561681e-08","0.814035837847908","0.634019559693572","1.81994167604374","241","c(""Lig1"", ""Top2a"", ""Hells"", ""Ccne2"", ""Gnl3"", ""Nusap1"", ""Spc25"", ""Ncapg2"", ""Arpp19"", ""Cenpw"", ""Ncapd2"", ""Ckap2"", ""Ncaph"", ""Prc1"", ""Cdk6"", ""Myc"", ""Kif11"", ""Cdc6"", ""Racgap1"", ""Rad21"", ""Notch1"", ""Tpx2"", ""Stag2"", ""Bub1b"", ""Aurkb"", ""Plk1"", ""Anapc13"", ""Kntc1"", ""Cenpe"", ""Kif20a"", ""Anln"", ""Mad2l1"", ""Blm"", ""Ercc6l"", ""Calm2"", ""E2f8"", ""Cit"", ""Smc1a"", ""Aspm"", ""Ckap5"", ""Iqgap3"", ""Incenp"", ""Tacc3"", ""Ccna2"", ""Kif14"", ""Ccnd2"", ""Smc2"", ""Nuf2"", ""Kif20b"", ""Bub1"", ""Syce2"", ""Mis18bp1"", ""Brca2"", ""Cdc7"", ""Ccne1"", ""Ska3"", 
""Ruvbl1"", ""Epb41l2"", ""Ccnf"", ""Zwilch"", ""Cdc25a"", ""Nsl1"", ""Ska2"", ""Spag5"", ""Nek2"", ""Smc4"", ""Ndc80"", ""Brip1"", ""Dstn"", ""Ska1"", ""Cenpc1"", ""Ccp110"", ""Ccnb2"", ""Kif23"", ""Pds5b"", ""Ect2"", ""Bora"", ""Prpf40a"", ""Mastl"", ""Pmf1"", ""E2f7"", ""Kif2c"", ""Dsn1"", ""Rock2"", ""Anapc1"", ""Rcc2"", ""Ccnb1"", ""Babam1"", ""Chek2"", ""Myb"", ""Rbbp8"", ""Cdc25c"", ""Hnrnpu"", ""Cdk2"", ""Rcc1"", ""Fbxo5"", ""Knstrn"", ""Cntrob"", ""Eml4"")"
"459","GOBP_CHROMOSOME_SEPARATION","1.33583792618955e-05","0.000524975217659663","0.593325476396405","0.749266278271726","1.82438197264887","51","c(""Top2a"", ""Spc25"", ""Ncapg2"", ""Ncapd2"", ""Ncaph"", ""Ttk"", ""Rad21"", ""Bub1b"", ""Aurkb"", ""Plk1"", ""Kntc1"", ""Ncapg"", ""Trip13"", ""Cenpe"", ""Mad2l1"", ""Incenp"", ""Espl1"", ""Smc2"", ""Nuf2"", ""Bub1"", ""Atm"", ""Zwilch"", ""Psmg2"", ""Smc4"", ""Ndc80"")"
"460","GOBP_MITOTIC_SISTER_CHROMATID_SEGREGATION","4.95255275724056e-07","3.44709605766008e-05","0.659444398037935","0.697489257311367","1.83282496997766","100","c(""Nusap1"", ""Spc25"", ""Ncapg2"", ""Ncapd2"", ""Ncaph"", ""Prc1"", ""Ttk"", ""Kif11"", ""Racgap1"", ""Rad21"", ""Tpx2"", ""Stag2"", ""Cdt1"", ""Bub1b"", ""Cenpk"", ""Aurkb"", ""Plk1"", ""Kntc1"", ""Ncapg"", ""Trip13"", ""Cenpe"", ""Smarca5"", ""Mad2l1"", ""Cit"", ""Smc1a"", ""Kif18a"", ""Incenp"", ""Kif14"", ""Espl1"", ""Smc2"", ""Nuf2"", ""Mybl2"", ""Bub1"", ""Atm"", ""Zwilch"", ""Psmg2"", ""Baz1b"", ""Nsl1"", ""Spag5"", ""Nek2"", ""Smc4"", ""Ndc80"", ""Kpnb1"", ""Cenpi"", ""Aaas"", ""Cenpc1"", ""Kif23"", ""Kif2c"", ""Dsn1"", ""Ccnb1"", ""Chek2"", ""Cep192"", ""Hnrnpu"", ""Fbxo5"", ""Knstrn"", ""Eml4"", 
""Gen1"", ""Kif18b"", ""Ncapd3"", ""Smc3"", ""Spdl1"", ""Cdk5rap2"", ""Pinx1"", ""Cdca5"", ""Ran"", ""Cdk1"")"
"461","MORI_PRE_BI_LYMPHOCYTE_UP","6.01121024807827e-06","0.000279785378903533","0.610526878385931","0.725995594419836","1.83287051775019","69","c(""Lig1"", ""Mcm7"", ""Top2a"", ""Tuba1b"", ""Mki67"", ""Mcm6"", ""Mif"", ""Hnrnpab"", ""Anp32e"", ""Nucks1"", ""Rrm1"", ""Ncaph"", ""Prc1"", ""Rbbp4"", ""Cdca7"", ""Ttk"", ""Racgap1"", ""Ide"", ""Actn4"", ""Rad51"", ""Dtl"", ""E2f8"", ""Psat1"", ""Smarcc1"", ""Kif4"", ""Dbi"", ""Mcm2"", ""Smc4"", ""Ndc80"")"
"462","HALLMARK_MITOTIC_SPINDLE","8.41283932769353e-07","5.46078346023433e-05","0.659444398037935","0.709913642360463","1.83539750090984","85","c(""Top2a"", ""Nusap1"", ""Kif15"", ""Rfc1"", ""Prc1"", ""Ttk"", ""Kif11"", ""Racgap1"", ""Tpx2"", ""Actn4"", ""Plk1"", ""Kntc1"", ""Cenpe"", ""Anln"", ""Cenpf"", ""Kif4"", ""Ywhae"", ""Smc1a"", ""Ckap5"", ""Incenp"", ""Espl1"", ""Kif20b"", ""Bub1"", ""Brca2"", ""Pcnt"", ""Net1"", ""Epb41l2"", ""Dlgap5"", ""Nek2"", ""Smc4"", ""Ndc80"", ""Ccnb2"", ""Kif23"", ""Ect2"", ""Kif2c"", ""Alms1"", ""Cep192"", ""Pcm1"", ""Fbxo5"", ""Cntrob"", ""Lrpprc"", ""Aurka"", ""Tiam1"", ""Kifap3"", ""Smc3"")"
"463","GOCC_CONDENSED_CHROMOSOME","3.05272159582714e-08","2.55588009552078e-06","0.719512826338911","0.666960691197429","1.8390648593177","149","c(""Cbx3"", ""Top2a"", ""Mki67"", ""Spc25"", ""Nifk"", ""Cenph"", ""Ncapg2"", ""Cenpw"", ""Ncapd2"", ""Hmgb2"", ""Ncaph"", ""Ttk"", ""Rad21"", ""Banf1"", ""Cbx5"", ""Rif1"", ""Chek1"", ""Cdt1"", ""Bub1b"", ""Cenpk"", ""Aurkb"", ""Plk1"", ""Kntc1"", ""Ncapg"", ""Rad51"", ""Cenpe"", ""Smarca5"", ""Cenpf"", ""Mad2l1"", ""Blm"", ""Brca1"", ""Ercc6l"", ""Smarcc1"", ""Smc1a"", ""Ckap5"", ""Kif18a"", ""Incenp"", ""Hmgb1"", ""Smc2"", ""Xpo1"", ""Nuf2"", ""Bub1"", ""Syce2"", ""Brca2"", ""Ska3"", ""Cenpp"", ""Zwilch"", ""Baz1b"", ""Nsl1"", ""Ska2"", ""Spag5"", ""Nek2"", ""Smc4"", ""Topbp1"", ""Ndc80"", ""Nup133"", ""Nup107"", 
""Nup85"", ""Cenpi"", ""Ska1"", ""Cenpc1"", ""Fancd2"", ""Pmf1"", ""Kif2c"", ""Dsn1"", ""Rangap1"", ""Cenpl"", ""Mtbp"", ""Smc6"", ""Orc2"", ""Ccnb1"", ""Pes1"", ""Cenpo"", ""Rad50"", ""Sin3a"", ""Hnrnpu"", ""Cdk2"", ""BC055324"", ""Rcc1"", ""Knstrn"", ""Nup160"")"
"464","GOBP_CHROMOSOME_ORGANIZATION","1.66917776106896e-11","3.2142799752318e-09","0.863415391606693","0.640116554289989","1.8475058416356","267","c(""Mcm7"", ""Top2a"", ""Ccne2"", ""Gnl3"", ""Nusap1"", ""Mcm6"", ""Spc25"", ""Cenph"", ""Ncapg2"", ""Cenpw"", ""Hnrnpa2b1"", ""Ncapd2"", ""Trim28"", ""Ncaph"", ""Prc1"", ""Gins1"", ""Ttk"", ""Myc"", ""Kif11"", ""Cdc6"", ""Racgap1"", ""Rad21"", ""Mcm3"", ""Ddx1"", ""Dhx9"", ""Tpx2"", ""Rif1"", ""Stag2"", ""Ezh2"", ""Pcna"", ""Cdt1"", ""Bub1b"", ""Cenpk"", ""Aurkb"", ""Plk1"", ""Kntc1"", ""Ncapg"", ""Trip13"", ""Rad51"", ""Cenpe"", ""Mcm5"", ""Smarca5"", ""Parp1"", ""Rad54l"", ""Mcm4"", ""Mad2l1"", ""Blm"", ""Smarcc1"", ""Cit"", ""Smc1a"", ""Nasp"", ""Kif18a"", ""Incenp"", ""Tacc3"", ""Hmgb1"", ""Kif14"", ""Bcl7a"", 
""Suv39h1"", ""Pds5a"", ""Espl1"", ""Smc2"", ""Dkc1"", ""Naa10"", ""Nuf2"", ""Mybl2"", ""Dna2"", ""Bub1"", ""Syce2"", ""Brca2"", ""Ptges3"", ""Esco2"", ""Ccne1"", ""Hsp90aa1"", ""Wdhd1"", ""Hnrnpc"", ""Ruvbl1"", ""Cenpp"", ""Apex1"", ""Mcm2"", ""Dlgap5"", ""Atm"", ""Zwilch"", ""Psmg2"", ""Baz1b"", ""Nsl1"", ""Ndc1"", ""Zcwpw1"", ""Spag5"", ""Nek2"", ""Smc4"", ""Nop10"", ""Ndc80"", ""Brip1"", ""Nup133"", ""Nbn"", ""Nup107"", ""Kpnb1"", ""Cenpi"", ""Aaas"", ""Tinf2"", ""Cenpc1"", ""Fancd2"", ""Kif23"", ""Pds5b"", ""Kif2c"", ""Recql4"", ""Dsn1"", ""Nup155"", ""Gins2"", ""Anapc1"", ""Gar1"", ""Smc6"", ""Nat10"", 
""Ccnb1"", ""Xrcc5"", ""Chek2"", ""Cenpo"", ""Cep192"", ""Rad50"", ""Ctc1"", ""Mcm8"", ""Hnrnpu"", ""Pml"", ""Ddx11"", ""Cdk2"", ""Ylpm1"", ""Fbxo5"", ""Knstrn"", ""Eml4"")"
"465","RIZ_ERYTHROID_DIFFERENTIATION","5.23227478526884e-06","0.000256159757919475","0.610526878385931","0.761396358955474","1.84871061375076","50","c(""Mcm7"", ""Cbx3"", ""Top2a"", ""Pola1"", ""Uhrf1"", ""Dnmt1"", ""Mcm3"", ""Dhx9"", ""Ybx3"", ""Ezh2"", ""Exo1"", ""Aurkb"", ""Mcm5"", ""Mcm4"", ""Blm"", ""Brca1"", ""Kif4"", ""Hmgb1"", ""Mybl2"", ""Mcm2"", ""Rbl1"", ""Pold1"", ""Cenpc1"")"
"466","GOBP_SISTER_CHROMATID_SEGREGATION","6.31433387126756e-08","4.99697353072777e-06","0.704975715167238","0.691140237984227","1.85437825927141","114","c(""Top2a"", ""Nusap1"", ""Spc25"", ""Ncapg2"", ""Ncapd2"", ""Ncaph"", ""Prc1"", ""Ttk"", ""Kif11"", ""Cdc6"", ""Racgap1"", ""Rad21"", ""Tpx2"", ""Stag2"", ""Cdt1"", ""Bub1b"", ""Cenpk"", ""Aurkb"", ""Plk1"", ""Kntc1"", ""Ncapg"", ""Trip13"", ""Cenpe"", ""Smarca5"", ""Mad2l1"", ""Smarcc1"", ""Cit"", ""Smc1a"", ""Kif18a"", ""Incenp"", ""Tacc3"", ""Kif14"", ""Bcl7a"", ""Espl1"", ""Smc2"", ""Nuf2"", ""Mybl2"", ""Bub1"", ""Atm"", ""Zwilch"", ""Psmg2"", ""Baz1b"", ""Nsl1"", ""Spag5"", ""Nek2"", ""Smc4"", ""Ndc80"", ""Kpnb1"", ""Cenpi"", ""Aaas"", ""Cenpc1"", ""Kif23"", ""Kif2c"", ""Dsn1"", ""Anapc1"", ""Ccnb1"", 
""Chek2"", ""Cep192"", ""Hnrnpu"", ""Fbxo5"", ""Knstrn"", ""Eml4"")"
"467","GOBP_MITOTIC_CELL_CYCLE","2.41381356548576e-14","8.19392689225624e-12","0.97599468306432","0.627555043146544","1.85467454690574","379","c(""Lig1"", ""Tuba1b"", ""Pola1"", ""Ccne2"", ""Nusap1"", ""Mki67"", ""Mcm6"", ""Spc25"", ""Rps27l"", ""Rdx"", ""Larp7"", ""Cenph"", ""Ncapg2"", ""Tcf19"", ""Arpp19"", ""Cenpw"", ""Ncapd2"", ""Ckap2"", ""Rrm1"", ""Ncaph"", ""Prc1"", ""Gins1"", ""Cdk6"", ""Ttk"", ""Myc"", ""Kif11"", ""Cdc6"", ""Racgap1"", ""Rad21"", ""Mcm3"", ""Hes1"", ""Banf1"", ""Tpx2"", ""Chek1"", ""Stag2"", ""Ezh2"", ""Stil"", ""Pcna"", ""Cdt1"", ""Bub1b"", ""Cenpk"", ""Aurkb"", ""Plk1"", ""Bard1"", ""Kntc1"", ""Ncapg"", ""Trip13"", ""Rad51"", ""Cenpe"", ""Smarca5"", ""Pole"", ""Kif20a"", ""Anln"", ""Clspn"", ""Cenpf"", ""Mcm4"", ""Mad2l1"", 
""Blm"", ""Dtl"", ""Brca1"", ""Calm2"", ""E2f8"", ""Smarcc1"", ""Kif4"", ""Cit"", ""Ywhae"", ""Smc1a"", ""Nasp"", ""Ckap5"", ""Kif18a"", ""Abcb1b"", ""Atad5"", ""Iqgap3"", ""Incenp"", ""Tacc3"", ""Hmgb1"", ""Ccna2"", ""Kif14"", ""Ccnd2"", ""Bcl7a"", ""Espl1"", ""Smc2"", ""Tk1"", ""Nuf2"", ""Inip"", ""Mybl2"", ""Dna2"", ""Kif20b"", ""Bub1"", ""Brca2"", ""Eif4g1"", ""Pcnt"", ""Cdc7"", ""Ccne1"", ""Ska3"", ""Ticrr"", ""Wdhd1"", ""Apex1"", ""Mcm2"", ""Foxm1"", ""Dlgap5"", ""Rbl1"", ""Ccnf"", ""Atm"", ""Zwilch"", ""Dbf4"", ""Pidd1"", ""Psmg2"", ""Baz1b"", ""Cdc25a"", ""Nsl1"", ""Ska2"", ""Spag5"", ""Nek2"", ""Smc4"", 
""Topbp1"", ""Ndc80"", ""Rfwd3"", ""Tuba1c"", ""Nbn"", ""Kpnb1"", ""Cenpi"", ""Ska1"", ""Aaas"", ""Cenpc1"", ""Ccnb2"", ""Fancd2"", ""Kif23"", ""Ddx3x"", ""Ect2"", ""Bora"", ""Mastl"", ""E2f7"", ""Kif2c"", ""Ranbp1"", ""Dsn1"", ""Rrm2"", ""Rock2"", ""Anapc1"", ""Rcc2"", ""Mtbp"", ""Skp2"", ""E2f3"", ""Ccnb1"", ""Babam1"", ""Thap1"", ""Chek2"", ""Myb"", ""Rbbp8"", ""Cep192"", ""Camk2a"", ""Cdc25c"", ""Rad50"", ""Ctc1"", ""Sin3a"", ""Hnrnpu"", ""Pml"", ""E2f1"", ""Cdk2"", ""Anp32b"", ""Psme3"", ""BC055324"", ""Rcc1"", ""Fbxo5"", ""Knstrn"", ""Cntrob"", ""Eml4"", ""Mbd4"", ""Orc1"", ""Nfatc1"", ""Mcph1"")"
"468","KAMMINGA_EZH2_TARGETS","7.39331569773704e-06","0.000333145050216908","0.610526878385931","0.800541811672392","1.86080811132186","37","c(""Nap1l1"", ""Top2a"", ""Nusap1"", ""Mki67"", ""Rrm1"", ""Rfc1"", ""Prc1"", ""Cdca7"", ""Mcm3"", ""Ipo5"", ""Pcna"", ""Aurkb"", ""Mcm4"", ""Mad2l1"", ""Tacc3"", ""Smc2"", ""Xpo1"", ""Mcm2"", ""Rbl1"", ""Dbf4"", ""Nek2"", ""Smc4"", ""Topbp1"", ""Prim1"", ""Ccnb2"", ""Ect2"")"
"469","GOMF_ATP_DEPENDENT_ACTIVITY_ACTING_ON_DNA","2.46250389903286e-06","0.000138115388589445","0.627256739718528","0.752185194975601","1.86220359012814","57","c(""Mcm7"", ""Top2a"", ""Hells"", ""Mcm6"", ""Rfc1"", ""Rbbp4"", ""Mcm3"", ""Ddx1"", ""Dhx9"", ""Rfc3"", ""Rad51"", ""Mcm5"", ""Smarca5"", ""Rad54l"", ""Mcm4"", ""Blm"", ""Ercc6l"", ""Rad54b"", ""Atad5"", ""Dna2"", ""Ruvbl1"", ""Mcm2"", ""Brip1"", ""Polq"", ""Ttf2"", ""Ddx3x"", ""Recql4"", ""Chtf18"", ""Xrcc5"", ""Rad50"", ""Mcm8"", ""Ddx11"")"
"470","GOBP_DNA_REPLICATION","2.98201687478074e-09","3.44542229712167e-07","0.774939030136436","0.675450291497539","1.86631958341801","153","c(""Lig1"", ""Mcm7"", ""Pola1"", ""Ccne2"", ""Mcm6"", ""Fam111a"", ""Nucks1"", ""Rrm1"", ""Rfc1"", ""Rbbp4"", ""Gins1"", ""Cdc6"", ""Mcm3"", ""Dhx9"", ""Mcm10"", ""Pcna"", ""Cdt1"", ""Bard1"", ""Rfc3"", ""Rbbp7"", ""Rad51"", ""Mcm5"", ""Smarca5"", ""Parp1"", ""Pole"", ""Mcm4"", ""Blm"", ""Dtl"", ""Brca1"", ""E2f8"", ""Chaf1a"", ""Nasp"", ""Atad5"", ""Ccna2"", ""Pds5a"", ""Tk1"", ""Prim2"", ""Dna2"", ""Brca2"", ""Esco2"", ""Cdc7"", ""Ccne1"", ""Ticrr"", ""Wdhd1"", ""Noc3l"", ""Ruvbl1"", ""Mcm2"", ""Dbf4"", ""Pold3"", ""Topbp1"", ""Rfwd3"", ""Mms22l"", ""Polq"", ""Nbn"", ""Supt16"", ""Prim1"", ""Pold1"", ""Pola2"", 
""E2f7"", ""Recql4"", ""Gins2"", ""Ssrp1"", ""Chtf18"", ""Orc2"", ""Mgme1"", ""Rbbp8"", ""Pole3"", ""Ing5"", ""Rad50"", ""Ctc1"", ""Sin3a"", ""Mcm8"", ""Ddx11"", ""Cdk2"", ""Fbxo5"", ""Pole2"", ""Orc1"", ""Gen1"", ""Timeless"")"
"471","HEVNER_CORTEX_PROLIFERATING_CELLS","1.67519712821311e-06","0.000100808477184241","0.643551836150722","0.862814411735974","1.8695338547388","25","c(""Mcm7"", ""Top2a"", ""Nusap1"", ""Mki67"", ""Mcm6"", ""Mcm3"", ""Mcm10"", ""Bub1b"", ""Plk1"", ""Mcm5"", ""Mcm4"", ""Slbp"", ""Nuf2"", ""Mybl2"", ""Bub1"", ""Ccne1"", ""Mcm2"", ""Foxm1"")"
"472","ING1_TARGET_GENES","5.70074075509604e-07","3.92061658835593e-05","0.659444398037935","0.739044065182987","1.87023402683333","70","c(""Ccne2"", ""Mki67"", ""Hspd1"", ""Atad2"", ""Ncapg2"", ""Arhgap11a"", ""Ttk"", ""Kif11"", ""Diaph3"", ""Pbk"", ""Tpx2"", ""Ckap2l"", ""Aurkb"", ""Plk1"", ""Rad51"", ""Pole"", ""Clspn"", ""Syncrip"", ""Smc2"", ""Mybl2"", ""Hsp90aa1"", ""Ticrr"", ""Fasn"", ""Net1"", ""Foxm1"", ""Dlgap5"", ""Nek2"", ""Mms22l"", ""Polq"", ""Lrr1"", ""Nup107"", ""Nup85"", ""Pola2"", ""Ect2"", ""Kif2c"", ""Hspe1"", ""Rrm2"", ""Pole3"", ""Cdc25c"", ""Mcm8"", ""Arhgef39"", ""Rcc1"", ""Fbxo5"")"
"473","GOBP_MITOTIC_CELL_CYCLE_PROCESS","1.25184844240046e-13","3.61596422587373e-11","0.943632225232838","0.636302608399277","1.87166658007974","332","c(""Lig1"", ""Pola1"", ""Ccne2"", ""Nusap1"", ""Mki67"", ""Mcm6"", ""Spc25"", ""Rps27l"", ""Rdx"", ""Larp7"", ""Cenph"", ""Ncapg2"", ""Tcf19"", ""Arpp19"", ""Ncapd2"", ""Ckap2"", ""Rrm1"", ""Ncaph"", ""Prc1"", ""Gins1"", ""Cdk6"", ""Ttk"", ""Myc"", ""Kif11"", ""Cdc6"", ""Racgap1"", ""Rad21"", ""Mcm3"", ""Banf1"", ""Tpx2"", ""Chek1"", ""Stag2"", ""Ezh2"", ""Stil"", ""Pcna"", ""Cdt1"", ""Bub1b"", ""Cenpk"", ""Aurkb"", ""Plk1"", ""Bard1"", ""Kntc1"", ""Ncapg"", ""Trip13"", ""Rad51"", ""Cenpe"", ""Smarca5"", ""Pole"", ""Kif20a"", ""Anln"", ""Clspn"", ""Cenpf"", ""Mcm4"", ""Mad2l1"", ""Blm"", ""Dtl"", ""Brca1"", 
""Calm2"", ""Smarcc1"", ""Kif4"", ""Cit"", ""Smc1a"", ""Nasp"", ""Ckap5"", ""Kif18a"", ""Abcb1b"", ""Atad5"", ""Iqgap3"", ""Incenp"", ""Tacc3"", ""Ccna2"", ""Kif14"", ""Ccnd2"", ""Bcl7a"", ""Espl1"", ""Smc2"", ""Tk1"", ""Nuf2"", ""Inip"", ""Mybl2"", ""Dna2"", ""Kif20b"", ""Bub1"", ""Brca2"", ""Eif4g1"", ""Pcnt"", ""Cdc7"", ""Ccne1"", ""Ticrr"", ""Apex1"", ""Mcm2"", ""Foxm1"", ""Dlgap5"", ""Rbl1"", ""Ccnf"", ""Atm"", ""Zwilch"", ""Dbf4"", ""Pidd1"", ""Psmg2"", ""Baz1b"", ""Cdc25a"", ""Nsl1"", ""Spag5"", ""Nek2"", ""Smc4"", ""Topbp1"", ""Ndc80"", ""Rfwd3"", ""Nbn"", ""Kpnb1"", ""Cenpi"", ""Aaas"", ""Cenpc1"", 
""Ccnb2"", ""Fancd2"", ""Kif23"", ""Ddx3x"", ""Ect2"", ""Bora"", ""Mastl"", ""E2f7"", ""Kif2c"", ""Ranbp1"", ""Dsn1"", ""Rrm2"", ""Rock2"", ""Anapc1"", ""Rcc2"", ""Mtbp"", ""Skp2"", ""E2f3"", ""Ccnb1"", ""Babam1"", ""Chek2"", ""Myb"", ""Rbbp8"", ""Cep192"", ""Camk2a"", ""Cdc25c"", ""Rad50"", ""Ctc1"", ""Sin3a"", ""Hnrnpu"", ""Pml"", ""E2f1"", ""Cdk2"", ""Anp32b"", ""Psme3"", ""Rcc1"", ""Fbxo5"", ""Knstrn"", ""Cntrob"", ""Eml4"", ""Mbd4"", ""Orc1"", ""Nfatc1"", ""Mcph1"", ""Gen1"", ""E2f6"", ""Jade1"", ""Npat"", ""Aurka"", ""Kif18b"")"
"474","GOBP_NUCLEAR_CHROMOSOME_SEGREGATION","1.7970022371883e-09","2.25680041831235e-07","0.788186810800237","0.68425309358069","1.88674660424804","149","c(""Top2a"", ""Ccne2"", ""Nusap1"", ""Spc25"", ""Ncapg2"", ""Ncapd2"", ""Ncaph"", ""Prc1"", ""Ttk"", ""Kif11"", ""Cdc6"", ""Racgap1"", ""Rad21"", ""Tpx2"", ""Stag2"", ""Cdt1"", ""Bub1b"", ""Cenpk"", ""Aurkb"", ""Plk1"", ""Kntc1"", ""Ncapg"", ""Trip13"", ""Cenpe"", ""Smarca5"", ""Cenpf"", ""Mad2l1"", ""Smarcc1"", ""Kif4"", ""Cit"", ""Smc1a"", ""Aspm"", ""Kif18a"", ""Incenp"", ""Tacc3"", ""Kif14"", ""Bcl7a"", ""Espl1"", ""Smc2"", ""Nuf2"", ""Mybl2"", ""Bub1"", ""Syce2"", ""Brca2"", ""Ccne1"", ""Atm"", ""Zwilch"", ""Psmg2"", ""Baz1b"", ""Nsl1"", ""Ndc1"", ""Zcwpw1"", ""Spag5"", ""Nek2"", ""Smc4"", ""Ndc80"", 
""Brip1"", ""Kpnb1"", ""Cenpi"", ""Aaas"", ""Cenpc1"", ""Ccnb2"", ""Fancd2"", ""Kif23"", ""Ect2"", ""Pmf1"", ""Kif2c"", ""Dsn1"", ""Anapc1"", ""Rcc2"", ""Ccnb1"", ""Chek2"", ""Cep192"", ""Hnrnpu"", ""Fbxo5"", ""Knstrn"", ""Eml4"", ""Gen1"", ""Mnd1"", ""Aurka"", ""Kif18b"")"
"475","GOCC_CHROMOSOME_CENTROMERIC_REGION","1.3419819027902e-08","1.2921049087365e-06","0.747739663149885","0.696405556657651","1.88852435435434","124","c(""Cbx3"", ""Top2a"", ""Hells"", ""Mki67"", ""Dnmt1"", ""Spc25"", ""Cenph"", ""Cenpw"", ""Ncapd2"", ""Cbx1"", ""Ttk"", ""Rad21"", ""Cbx5"", ""Stag2"", ""Ezh2"", ""Cdt1"", ""Bub1b"", ""Cenpk"", ""Aurkb"", ""Plk1"", ""Kntc1"", ""Ncapg"", ""Cenpe"", ""Smarca5"", ""Cenpf"", ""Mad2l1"", ""Ercc6l"", ""Smarcc1"", ""Smc1a"", ""Ckap5"", ""Kif18a"", ""Incenp"", ""Suv39h1"", ""Xpo1"", ""Nuf2"", ""Bub1"", ""Mis18bp1"", ""Esco2"", ""Ska3"", ""Wdhd1"", ""Cenpp"", ""Zwilch"", ""Baz1b"", ""Nsl1"", ""Ska2"", ""Spag5"", ""Nek2"", ""Smc4"", ""Ndc80"", ""Nup133"", ""Nup107"", ""Nup85"", ""Cenpi"", ""Ska1"", ""Cenpc1"", ""Pmf1"", 
""Kif2c"", ""Fmr1"", ""Dsn1"", ""Rangap1"", ""Cenpl"", ""Rcc2"", ""Mtbp"", ""Smc6"", ""Orc2"", ""Ccnb1"", ""Pole3"", ""Cenpo"", ""Sin3a"", ""Hnrnpu"", ""Dnmt3b"", ""BC055324"", ""Knstrn"", ""Nup160"")"
"476","MARKEY_RB1_ACUTE_LOF_UP","5.59535820505486e-10","8.04650584033646e-08","0.801215574617779","0.673772979873825","1.89344352190396","178","c(""Mcm7"", ""Nap1l1"", ""Dek"", ""Set"", ""Pola1"", ""Nop58"", ""Nusap1"", ""Mki67"", ""Hspd1"", ""Ptma"", ""Rad51ap1"", ""Nucks1"", ""Ckap2"", ""Rfc1"", ""Prc1"", ""Rbbp4"", ""Kif11"", ""Cdc6"", ""Racgap1"", ""Rad21"", ""Mcm3"", ""Banf1"", ""Cbx5"", ""Cse1l"", ""Ipo5"", ""Pcna"", ""Cdt1"", ""Cenpk"", ""Plk1"", ""Trip13"", ""Rad51"", ""Mcm5"", ""Parp1"", ""Kif20a"", ""Anln"", ""Mcm4"", ""Mad2l1"", ""Dtl"", ""Brca1"", ""E2f8"", ""Kif4"", ""Nasp"", ""Iqgap3"", ""Cdca7l"", ""Trim37"", ""Psip1"", ""Ccna2"", ""Smc2"", ""Xpo1"", ""Tk1"", ""Naa10"", ""Bub1"", ""Mis18bp1"", ""Brca2"", ""Ptges3"", ""Hnrnpc"", ""Dlgap5"", 
""Rbl1"", ""Ccnf"", ""Nek2"", ""Tmpo"", ""Topbp1"", ""Dstn"", ""Trim59"", ""Prim1"", ""Ccnb2"", ""Kif23"", ""Ect2"", ""Otud4"", ""Adsl"", ""Kif2c"", ""Ranbp1"", ""Cpsf2"", ""Rrm2"")"
"477","AFFAR_YY1_TARGETS_DN","6.28228230121399e-09","6.72087867668763e-07","0.761460801445585","0.690844326069757","1.89504165487455","136","c(""Lig1"", ""Mcm7"", ""Top2a"", ""Hells"", ""Pola1"", ""Mki67"", ""Mcm6"", ""Uhrf1"", ""Crip1"", ""Anp32e"", ""Cenph"", ""Rad51ap1"", ""Hmgb2"", ""Prc1"", ""Rbbp4"", ""Ttk"", ""Kif11"", ""Cdc6"", ""Racgap1"", ""Mcm3"", ""Diaph3"", ""Hmmr"", ""Exo1"", ""Cdt1"", ""Bub1b"", ""Aurkb"", ""Plk1"", ""Ncapg"", ""Trip13"", ""Cenpe"", ""Mcm5"", ""Kif20a"", ""Cenpf"", ""Mcm4"", ""Mad2l1"", ""Aspm"", ""Nasp"", ""Tacc3"", ""Hmgb1"", ""Ccna2"", ""Smc2"", ""Tk1"", ""Plk4"", ""Bub1"", ""Gpr65"", ""Foxm1"", ""Ldlr"", ""Rab27a"", ""Gfra1"", ""Spag5"", ""Bcat1"", ""Mrpl19"", ""Ccnb2"", ""Sfxn1"", ""Kif23"", ""Dut"", ""Kif2c"", 
""Api5"", ""Chtf18"", ""Ccnb1"", ""Scarb1"")"
"478","GOCC_CHROMOSOMAL_REGION","5.7106930838462e-10","8.04650584033646e-08","0.801215574617779","0.678433106150857","1.8972508247127","168","c(""Cbx3"", ""Top2a"", ""Hells"", ""Mki67"", ""Dnmt1"", ""Spc25"", ""Cenph"", ""Cenpw"", ""Rad51ap1"", ""Hnrnpa2b1"", ""Ncapd2"", ""Cbx1"", ""Rbbp4"", ""Ttk"", ""Rad21"", ""Cbx5"", ""Rif1"", ""Chek1"", ""Stag2"", ""Ezh2"", ""Cdt1"", ""Bub1b"", ""Cenpk"", ""Aurkb"", ""Plk1"", ""Kntc1"", ""Rbbp7"", ""Ncapg"", ""Rad51"", ""Cenpe"", ""Smarca5"", ""Cenpf"", ""Mad2l1"", ""Blm"", ""Ercc6l"", ""Smarcc1"", ""Smc1a"", ""Ckap5"", ""Kif18a"", ""Incenp"", ""Suv39h1"", ""Xpo1"", ""Nuf2"", ""Dna2"", ""Bub1"", ""Mis18bp1"", ""Brca2"", ""Esco2"", ""Ska3"", ""Wdhd1"", ""Cenpp"", ""Atm"", ""Zwilch"", ""Baz1b"", ""Nsl1"", ""Ska2"", 
""Spag5"", ""Nek2"", ""Smc4"", ""Ndc80"", ""Nup133"", ""Nbn"", ""Pold1"", ""Nup107"", ""Nup85"", ""Cenpi"", ""Ska1"", ""Tinf2"", ""Cenpc1"", ""Thoc7"", ""Pmf1"", ""Kif2c"", ""Fmr1"", ""Recql4"", ""Dsn1"", ""Rangap1"", ""Gar1"", ""Cenpl"", ""Rcc2"", ""Mtbp"", ""Smc6"", ""Orc2"", ""Ccnb1"", ""Xrcc5"", ""Chek2"", ""Pole3"", ""Cenpo"", ""Rad50"", ""Ctc1"", ""Sin3a"", ""Hnrnpu"", ""Pml"", ""Dnmt3b"", ""Cdk2"", ""BC055324"", ""Knstrn"", ""Nup160"", ""Orc1"")"
"479","GOBP_CELL_CYCLE_DNA_REPLICATION","2.30690978399067e-06","0.000133270178221141","0.627256739718528","0.885364863807758","1.89917264769628","24","c(""Lig1"", ""Mcm7"", ""Pola1"", ""Mcm6"", ""Gins1"", ""Mcm3"", ""Pcna"", ""Cdt1"", ""Rad51"", ""Mcm5"", ""Mcm4"", ""E2f8"", ""Atad5"", ""Tk1"", ""Dna2"", ""Brca2"", ""Cdc7"", ""Mcm2"", ""Dbf4"")"
"480","GOBP_DNA_TEMPLATED_DNA_REPLICATION","4.1648403898519e-09","4.62697748695662e-07","0.761460801445585","0.747783595672917","1.95011465684931","93","c(""Lig1"", ""Mcm7"", ""Pola1"", ""Ccne2"", ""Mcm6"", ""Fam111a"", ""Nucks1"", ""Rrm1"", ""Rfc1"", ""Gins1"", ""Cdc6"", ""Mcm3"", ""Mcm10"", ""Pcna"", ""Cdt1"", ""Bard1"", ""Rfc3"", ""Rad51"", ""Mcm5"", ""Parp1"", ""Pole"", ""Mcm4"", ""Blm"", ""Brca1"", ""E2f8"", ""Atad5"", ""Tk1"", ""Prim2"", ""Dna2"", ""Brca2"", ""Cdc7"", ""Ccne1"", ""Ticrr"", ""Wdhd1"", ""Noc3l"", ""Mcm2"", ""Dbf4"", ""Pold3"", ""Topbp1"", ""Rfwd3"", ""Mms22l"", ""Polq"", ""Nbn"", ""Prim1"", ""Pold1"", ""Pola2"", ""E2f7"", ""Recql4"", ""Gins2"", ""Chtf18"", ""Orc2"", ""Mgme1"", ""Rbbp8"", ""Pole3"", ""Rad50"", ""Cdk2"", ""Fbxo5"", ""Pole2"", 
""Orc1"", ""Gen1"", ""Timeless"")"
"481","HOFFMANN_LARGE_TO_SMALL_PRE_BII_LYMPHOCYTE_UP","4.92261278093576e-10","7.29177795781177e-08","0.801215574617779","0.720478517640188","1.95509065673599","126","c(""Lig1"", ""Top2a"", ""Tuba1b"", ""Hells"", ""Pola1"", ""Nusap1"", ""Mki67"", ""Mcm6"", ""Dnmt1"", ""Fam111a"", ""Anp32e"", ""Nucks1"", ""Rrm1"", ""Ncaph"", ""Cbx1"", ""Prc1"", ""Ttk"", ""Racgap1"", ""Hes1"", ""Cbx5"", ""Mcm10"", ""Ide"", ""Ipo5"", ""Actn4"", ""Aurkb"", ""Rfc3"", ""Trip13"", ""Rad51"", ""Cenpe"", ""Kif20a"", ""Anln"", ""Rad54l"", ""E2f8"", ""Kif4"", ""Myef2"", ""Cit"", ""Nasp"", ""Ckap5"", ""Incenp"", ""Ccna2"", ""Smc2"", ""Ddx19a"", ""Xpo1"", ""Tk1"", ""Plk4"", ""Dna2"", ""Bub1"", ""Mis18bp1"", ""Brca2"", ""Ccne1"", ""Wdhd1"", ""Dlgap5"", ""Rbl1"", ""Dbf4"", ""Psmc3"", ""Nek2"", ""Smc4"", 
""Tmpo"", ""Ndc80"")"
"482","MORI_IMMATURE_B_LYMPHOCYTE_DN","1.29792988504988e-08","1.27087134676834e-06","0.747739663149885","0.760428086272581","1.95657976824447","80","c(""Lig1"", ""Mcm7"", ""Top2a"", ""Tuba1b"", ""Nusap1"", ""Mki67"", ""Mcm6"", ""Dnmt1"", ""Hnrnpab"", ""Anp32e"", ""Rrm1"", ""Ncaph"", ""Cbx1"", ""Prc1"", ""Rbbp4"", ""Cdca7"", ""Ttk"", ""Mcm3"", ""Uck2"", ""Mcm10"", ""Chek1"", ""Ezh2"", ""Actn4"", ""Pcna"", ""Rad51"", ""Smarca5"", ""Rad54l"", ""Dtl"", ""E2f8"", ""Ckap5"", ""Iqgap3"", ""Hmgb1"", ""Ccna2"", ""Slbp"", ""Smc2"", ""Hnrnpa3"", ""Mcm2"", ""Dlgap5"", ""Nek2"", ""Smc4"", ""Tmpo"", ""Ndc80"", ""Prim1"")"
"483","ISHIDA_E2F_TARGETS","1.30857611551037e-07","9.94690028855713e-06","0.690132458796796","0.807296807341948","1.95874744359508","49","c(""Lig1"", ""Mcm7"", ""Top2a"", ""Nusap1"", ""Mki67"", ""Hmgb2"", ""Rrm1"", ""Ncaph"", ""Prc1"", ""Cdca7"", ""Mcm3"", ""Ezh2"", ""Pcna"", ""Cdt1"", ""Aurkb"", ""Rfc3"", ""Trip13"", ""Rad51"", ""Anln"", ""E2f8"", ""Ccna2"", ""Slbp"", ""Smc2"", ""Tk1"", ""Dna2"", ""Bub1"", ""Ccne1"", ""Dbf4"", ""Prim1"", ""Lbr"", ""Ccnb2"", ""Dut"", ""Kif2c"", ""Rrm2"")"
"484","ZHENG_GLIOBLASTOMA_PLASTICITY_UP","1.53804385163204e-11","3.0638894244408e-09","0.863415391606693","0.722631013988579","1.98618356523049","144","c(""Lig1"", ""Top2a"", ""Hells"", ""Pola1"", ""Nusap1"", ""Mcm6"", ""Uhrf1"", ""Spc25"", ""Rad51ap1"", ""Rrm1"", ""Prc1"", ""Racgap1"", ""Mcm3"", ""Tpx2"", ""Exo1"", ""Cdt1"", ""Aurkb"", ""Plk1"", ""Rad51"", ""Mcm5"", ""Pole"", ""Anln"", ""Clspn"", ""Rad54l"", ""Mcm4"", ""Mad2l1"", ""Kif4"", ""Cit"", ""Aspm"", ""Nasp"", ""Kif18a"", ""Incenp"", ""Ccnd2"", ""Smc2"", ""Cd24a"", ""Tk1"", ""Nuf2"", ""Plk4"", ""Bub1"", ""Mis18bp1"", ""Rpgrip1"", ""Mcm2"", ""Rbl1"", ""Ccnf"", ""Dbf4"", ""Spag5"", ""Ndc80"", ""Zfp367"", ""Pold1"", ""Nup107"", ""Ccnb2"", ""Kif23"", ""Usp1"", ""Ect2"", ""Dut"", ""E2f7"", ""Rrm2"", ""Acot7""
)"
"485","HALLMARK_G2M_CHECKPOINT","3.42770859063954e-12","8.25078022005193e-10","0.898671232061694","0.730462111408994","2.00581987197036","141","c(""Ncl"", ""Top2a"", ""Nusap1"", ""Mki67"", ""Mcm6"", ""Kif15"", ""Cbx1"", ""Prc1"", ""Ttk"", ""Myc"", ""Kif11"", ""Cdc6"", ""Racgap1"", ""Rad21"", ""Mcm3"", ""Uck2"", ""Nolc1"", ""Hmmr"", ""Pbk"", ""Tpx2"", ""Chek1"", ""Ezh2"", ""Stil"", ""Exo1"", ""Aurkb"", ""Plk1"", ""Bard1"", ""Mtf2"", ""Cenpe"", ""Mcm5"", ""Pole"", ""Rad54l"", ""Cenpf"", ""Mad2l1"", ""Smarcc1"", ""Kif4"", ""Smc1a"", ""Chaf1a"", ""Srsf1"", ""Nasp"", ""Incenp"", ""Tacc3"", ""Slc7a1"", ""Ccna2"", ""Syncrip"", ""Suv39h1"", ""Espl1"", ""Smc2"", ""Dkc1"", ""Xpo1"", ""Plk4"", ""Mybl2"", ""Prim2"", ""Kif20b"", ""Bub1"", ""Brca2"", ""Cdc7"", ""Mcm2"", 
""Rbl1"", ""Ccnf"", ""Dbf4"", ""Cdc25a"", ""Nek2"", ""Smc4"", ""Tmpo"", ""Ndc80"", ""Snrpd1"", ""Polq"", ""Slc7a5"", ""Kpnb1"", ""Odf2"", ""Lbr"", ""Ccnb2"", ""Kif23"", ""Prmt5"", ""Pola2"", ""Pds5b"", ""Kif2c"", ""Odc1"", ""Gins2"")"
"486","KONG_E2F3_TARGETS","1.71489805855248e-10","3.00211093462355e-08","0.826657301178302","0.783068025329079","2.01880631083099","82","c(""Top2a"", ""Nusap1"", ""Mki67"", ""Spc25"", ""Fam111a"", ""Cenph"", ""Taf1d"", ""Ncapg2"", ""Rad51ap1"", ""Ncapd2"", ""Hmgb2"", ""Ncaph"", ""Prc1"", ""Kif11"", ""Cdc6"", ""Racgap1"", ""Mcm3"", ""Hmmr"", ""Pbk"", ""Tpx2"", ""Ezh2"", ""Bub1b"", ""Cenpk"", ""Depdc1a"", ""Plk1"", ""Ncapg"", ""Rad51"", ""Kif20a"", ""Rad54l"", ""Cenpf"", ""Brca1"", ""Ercc6l"", ""Nasp"", ""Iqgap3"", ""Incenp"", ""Tacc3"", ""Psip1"", ""Ccna2"", ""Smc2"", ""Tk1"", ""Nuf2"", ""Dna2"", ""Bub1"", ""Syce2"", ""Cdc7"", ""Ccne1"", ""Dlgap5"", ""Rbl1"", ""Ccnf"")"
"487","HALLMARK_E2F_TARGETS","2.55306706007638e-14","8.19392689225624e-12","0.97599468306432","0.725840219619324","2.03595019736757","175","c(""Lig1"", ""Mcm7"", ""Nap1l1"", ""Dek"", ""Top2a"", ""Hells"", ""Mki67"", ""Mcm6"", ""Dnmt1"", ""Spc25"", ""Atad2"", ""Anp32e"", ""Tcf19"", ""Rad51ap1"", ""Ncapd2"", ""Hmgb2"", ""Rfc1"", ""Gins1"", ""Myc"", ""Racgap1"", ""Rad21"", ""Mcm3"", ""Diaph3"", ""Nolc1"", ""Nop56"", ""Hmmr"", ""Cbx5"", ""Chek1"", ""Cse1l"", ""Ezh2"", ""Pcna"", ""Bub1b"", ""Depdc1a"", ""Aurkb"", ""Plk1"", ""Bard1"", ""Rfc3"", ""Rbbp7"", ""Trip13"", ""Cenpe"", ""Mcm5"", ""Pole"", ""Mcm4"", ""Mad2l1"", ""Brca1"", ""Nup205"", ""E2f8"", ""Kif4"", ""Cit"", ""Smc1a"", ""Srsf1"", ""Nasp"", ""Paics"", ""Tacc3"", ""Psip1"", ""Slbp"", ""Syncrip"", 
""Suv39h1"", ""Espl1"", ""Xpo1"", ""Tk1"", ""Tfrc"", ""Plk4"", ""Mybl2"", ""Prim2"", ""Ipo7"", ""Brca2"", ""Shmt1"", ""Lyar"", ""Ccne1"", ""Mcm2"", ""Dlgap5"", ""Cdc25a"", ""Spag5"", ""Pold3"", ""Smc4"", ""Tmpo"", ""Mms22l"", ""Nbn"", ""Pold1"", ""Nup107"", ""Lbr"", ""Ccp110"", ""Ccnb2"", ""Usp1"", ""Pola2"", ""Ubr7"", ""Pds5b"", ""Dut"", ""Kif2c"", ""Ranbp1"", ""Rrm2"")"
"488","HEVNER_CORTEX_RADIAL_GLIA_PROGENITORS","6.82708036024494e-19","4.38222702679278e-16","1.12391496374483","0.700963039032706","2.03847403973809","281","c(""Lig1"", ""Mcm7"", ""Top2a"", ""Hells"", ""Pola1"", ""Ccne2"", ""Nusap1"", ""Mcm6"", ""Uhrf1"", ""Dnmt1"", ""Spc25"", ""Larp7"", ""Rad51ap1"", ""Ncaph"", ""Rfc1"", ""Prc1"", ""Gins1"", ""2810004N23Rik"", ""Cdca7"", ""Ttk"", ""Kif11"", ""Cdc6"", ""Racgap1"", ""Notch1"", ""Mcm3"", ""Pbk"", ""Tpx2"", ""Mcm10"", ""Chek1"", ""Ide"", ""Stil"", ""Exo1"", ""Cdt1"", ""Bub1b"", ""Cenpk"", ""Aurkb"", ""Plk1"", ""Fanca"", ""Rfc3"", ""Kntc1"", ""Rbbp7"", ""Ncapg"", ""Trip13"", ""Rad51"", ""Cenpe"", ""Nelfe"", ""Mcm5"", ""Pole"", ""Anln"", ""Clspn"", ""Mcm4"", ""Mad2l1"", ""Blm"", ""Dtl"", ""Ercc6l"", ""E2f8"", ""Kif4"", 
""Cit"", ""Aspm"", ""Msl3"", ""Paics"", ""Incenp"", ""Tacc3"", ""Cdca7l"", ""Ccna2"", ""Slbp"", ""Ccdc34"", ""Espl1"", ""Dkc1"", ""Nuf2"", ""Mybl2"", ""Prim2"", ""Kif20b"", ""Mis18bp1"", ""Brca2"", ""Shmt1"", ""Ccne1"", ""Dbi"", ""Wdhd1"", ""Cenpp"", ""Mcm2"", ""Foxm1"", ""Dlgap5"", ""Rbl1"", ""Ccnf"", ""Zwilch"", ""Dbf4"", ""Naa38"", ""Dhfr"", ""Spag5"", ""Pold3"", ""Notch3"", ""Ndc80"", ""Mms22l"", ""Nup133"", ""Prr11"", ""Lrr1"", ""Nbn"", ""Prim1"", ""Pold1"", ""Mthfd1"", ""Nup85"", ""Ttf2"", ""Ska1"", ""Lbr"", ""Tinf2"", ""Pask"", ""Ccnb2"", ""Fancd2"", ""Kif23"", ""Usp1"", ""Asxl1"", ""Plekha7"", ""Ubr7"", 
""Mtap"", ""Neil3"", ""Bola3"", ""Ranbp1"", ""Dsn1"", ""Rrm2"", ""Pitrm1"", ""Ssrp1"", ""Cenpl"", ""Scarb1"", ""Chek2"", ""Parpbp"", ""Gas2l3"", ""Ube2t"", ""Cep192"", ""Mns1"", ""Dnmt3b"", ""Arhgef39"", ""Nudt5"", ""Mthfd2"", ""BC055324"", ""Fbxo5"", ""Knstrn"", ""Pole2"")"
"489","BURTON_ADIPOGENESIS_3","1.80507278720315e-12","4.53387195290113e-10","0.910119734774459","0.80596843329887","2.08655257558013","87","c(""Mcm7"", ""Top2a"", ""Hells"", ""Pola1"", ""Ccne2"", ""Nusap1"", ""Mki67"", ""Dnmt1"", ""Tcf19"", ""Rad51ap1"", ""Hmgb2"", ""Rrm1"", ""Ncaph"", ""Prc1"", ""Cdca7"", ""Ttk"", ""Kif11"", ""Cdc6"", ""Racgap1"", ""Mcm3"", ""Mcm10"", ""Ezh2"", ""Pcna"", ""Cenpk"", ""Plk1"", ""Rad51"", ""Mcm5"", ""Kif20a"", ""Mcm4"", ""Mad2l1"", ""Dtl"", ""Brca1"", ""E2f8"", ""Kif4"", ""Nasp"", ""Incenp"", ""Tacc3"", ""Slbp"", ""Smc2"", ""Tk1"", ""Bub1"", ""Cdc7"", ""Mcm2"", ""Dlgap5"", ""Ccnf"", ""Cstf2"", ""Topbp1"", ""Prim1"", ""Nup85"", ""Lmo4"", ""Ccnb2"", ""Usp1"", ""Kif2c"", ""Rrm2"", ""Impdh2"")"
"490","GOBERT_OLIGODENDROCYTE_DIFFERENTIATION_UP","9.1250247115246e-31","1.75717559194925e-27","1.43902565267782","0.710009526928329","2.11368635681537","444","c(""Lig1"", ""Ncl"", ""Mcm7"", ""Top2a"", ""Pabpc1"", ""Hells"", ""Pola1"", ""Ccne2"", ""Nop58"", ""Nusap1"", ""Mki67"", ""Mcm6"", ""Uhrf1"", ""Dnmt1"", ""Spc25"", ""Fam111a"", ""Atad2"", ""Lockd"", ""Anp32e"", ""Larp7"", ""Hmgn5"", ""Cenph"", ""Ncapg2"", ""Tcf19"", ""Cenpw"", ""Rad51ap1"", ""Nucks1"", ""Ncapd2"", ""Ckap2"", ""Hmgb2"", ""Arhgap19"", ""Rrm1"", ""Tcof1"", ""Ncaph"", ""Prc1"", ""Rbbp4"", ""Gins1"", ""Cdca7"", ""Arhgap11a"", ""Ttk"", ""Kif11"", ""Cdc6"", ""Hirip3"", ""Racgap1"", ""Mcm3"", ""Nolc1"", ""Hmmr"", ""Pbk"", ""Tpx2"", ""Mcm10"", ""Rif1"", ""Chek1"", ""Ckap2l"", ""Ezh2"", ""Ccdc18"", 
""Wdr76"", ""Stil"", ""Exo1"", ""Gtse1"", ""Cdt1"", ""Bub1b"", ""Cenpk"", ""Depdc1a"", ""Aurkb"", ""Plk1"", ""Fanca"", ""Rfc3"", ""Kntc1"", ""Ncapg"", ""Trip13"", ""Rad51"", ""Cenpe"", ""Mcm5"", ""Pole"", ""Kif20a"", ""Clspn"", ""Rad54l"", ""Cenpf"", ""Mcm4"", ""Mad2l1"", ""Blm"", ""Dtl"", ""Ercc6l"", ""3110082I17Rik"", ""Kif4"", ""Cit"", ""Aspm"", ""Nasp"", ""Ckap5"", ""Kif18a"", ""Abcb1b"", ""Atad5"", ""Iqgap3"", ""Incenp"", ""Tacc3"", ""Cdca7l"", ""Vars"", ""Ccna2"", ""Slbp"", ""Ccdc34"", ""Suv39h1"", ""Espl1"", ""Smc2"", ""Dkc1"", ""Xpo1"", ""Tk1"", ""Nuf2"", ""Plk4"", ""Mybl2"", ""Prim2"", ""Dna2"", ""Kif20b"", 
""Bub1"", ""Mis18bp1"", ""Brca2"", ""Anks1"", ""Srm"", ""Shmt1"", ""Esco2"", ""Cdc7"", ""Slfn9"", ""Lyar"", ""Ccne1"", ""Ska3"", ""Ticrr"", ""Wdhd1"", ""Net1"", ""Cdca4"", ""Cenpp"", ""Mcm2"", ""Foxm1"", ""Dlgap5"", ""Rbl1"", ""Ccnf"", ""Zwilch"", ""Dbf4"", ""Pidd1"", ""Ldlr"", ""Nsl1"", ""Dhfr"", ""Ska2"", ""Ndc1"", ""Mtfr2"", ""Spag5"", ""Nek2"", ""Pold3"", ""Smc4"", ""Ndc80"", ""Mms22l"", ""Noc2l"", ""Zfp367"", ""Nup133"", ""Trim59"", ""Prr11"", ""Lrr1"", ""Rrp12"", ""Aunip"", ""Prim1"", ""Pold1"", ""Nup107"", ""Nup85"", ""Ttf2"", ""Cenpi"", ""Rrp1b"", ""Lsm5"", ""Ska1"", ""AU020206"", ""Aaas"", ""Pask"", 
""Ccnb2"", ""Fancd2"", ""Kif23"", ""Neurl1b"", ""Usp1"", ""Hdac4"", ""Cep152"", ""Pola2"", ""Ect2"", ""Dut"", ""Bora"", ""Pmf1"", ""E2f7"", ""Kif2c"", ""Recql4"", ""Rrm2"", ""Odc1"", ""Gins2"", ""Rangap1"", ""Fam72a"", ""Cenpl"", ""Depdc1b"", ""Chtf18"", ""Skp2"", ""Ccnb1"", ""Phf19"", ""Tmem97"", ""Gpatch4"", ""Chek2"", ""Myb"", ""Hira"", ""Parpbp"", ""Gas2l3"", ""Zfp704"", ""Ube2t"", ""Cep192"", ""Ankle1"", ""Cdc25c"", ""Rad50"", ""Ctc1"", ""Lancl2"", ""Mcm8"", ""E2f1"", ""Mns1"", ""Ddx11"", ""Cdk2"", ""Arhgef39"", ""BC055324"", ""Rcc1"", ""Rad18"", ""Isy1"", ""Fbxo5"", ""Knstrn"", ""Pole2"", ""Orc1"", 
""Mdc1"", ""Zc3h8"", ""Timeless"", ""Ppargc1b"", ""Chsy1"", ""E2f2"", ""Jade1"", ""Taf15"", ""Tbc1d31"", ""Aurka"", ""Kif18b"", ""Hmgb3"")"
"491","LAZARO_GENETIC_MOUSE_MODEL_HIGH_GRADE_SMALL_CELL_NEUROENDOCRINE_LUNG_CARCINOMA_UP","1.22893495728503e-30","1.7748893120589e-27","1.43902565267782","0.725390938473276","2.14198115422693","382","c(""Lig1"", ""Mcm7"", ""Top2a"", ""Hells"", ""Pola1"", ""Ccne2"", ""Nop58"", ""Nusap1"", ""Mki67"", ""Mcm6"", ""Uhrf1"", ""Dnmt1"", ""Mif"", ""Spc25"", ""Atad2"", ""Lockd"", ""Larp7"", ""Cenph"", ""Ncapg2"", ""Nucks1"", ""Ncapd2"", ""Ckap2"", ""Hmgb2"", ""Arhgap19"", ""Rrm1"", ""Ncaph"", ""Rfc1"", ""Prc1"", ""Gins1"", ""Arhgap11a"", ""Ttk"", ""Kif11"", ""Cdc6"", ""Hirip3"", ""Racgap1"", ""Mcm3"", ""Hmmr"", ""Dhx9"", ""Pbk"", ""Cbx5"", ""Tpx2"", ""Rif1"", ""Chek1"", ""Ckap2l"", ""Ezh2"", ""Ccdc18"", ""Wdr76"", ""Ipo5"", ""Stil"", ""Pcna"", ""Exo1"", ""Gtse1"", ""Cdt1"", ""Bub1b"", ""Cenpk"", ""Depdc1a"", ""Aurkb"", 
""Plk1"", ""Fanca"", ""Mtf2"", ""Kntc1"", ""Ncapg"", ""Trip13"", ""Rad51"", ""Cenpe"", ""Mcm5"", ""Pole"", ""Kif20a"", ""Anln"", ""Clspn"", ""Rad54l"", ""Cenpf"", ""Mcm4"", ""Mad2l1"", ""G2e3"", ""Blm"", ""Dtl"", ""Nup205"", ""E2f8"", ""Smarcc1"", ""Kif4"", ""Myef2"", ""Rad54b"", ""Aspm"", ""Chaf1a"", ""Srsf1"", ""Nasp"", ""Ckap5"", ""Kif18a"", ""Atad5"", ""Cep295"", ""Iqgap3"", ""Incenp"", ""Tacc3"", ""Atpif1"", ""Trim37"", ""Psip1"", ""Ccna2"", ""Kif14"", ""Slbp"", ""Bcl7a"", ""Smc2"", ""Nuf2"", ""Plk4"", ""Prim2"", ""Dna2"", ""Kif20b"", ""Syce2"", ""Mis18bp1"", ""Brca2"", ""Cdc7"", ""Nup188"", ""Ccne1"", 
""Ska3"", ""Hnrnpa3"", ""Ticrr"", ""Wdhd1"", ""Mcm2"", ""Foxm1"", ""Dlgap5"", ""Rbl1"", ""Cstf2"", ""Zwilch"", ""Dbf4"", ""Pidd1"", ""Cdc25a"", ""Nsl1"", ""Dhfr"", ""Ska2"", ""Spag5"", ""Nek2"", ""Paxip1"", ""Pold3"", ""Smc4"", ""Tmpo"", ""Topbp1"", ""Ndc80"", ""Snrpd1"", ""Dis3"", ""Mms22l"", ""Brip1"", ""Zgrf1"", ""Trim59"", ""Prr11"", ""Suz12"", ""Supt16"", ""Prim1"", ""Pold1"", ""Cenpi"", ""Ska1"", ""Pask"", ""Ccp110"", ""Ccnb2"", ""Fancd2"", ""Sfxn1"", ""Kif23"", ""Neurl1b"", ""Sfmbt1"", ""Ubr7"", ""Ect2"", ""Dut"", ""Neil3"", ""Bora"", ""Thoc7"", ""Pmf1"", ""E2f7"", ""Kif2c"", ""Ranbp1"", ""Nup155"", 
""Gins2"", ""Rangap1"", ""Ssrp1"", ""Cenpl"", ""Depdc1b"", ""Rcc2"", ""Alms1"", ""Orc2"", ""Ccnb1"", ""Phf19"", ""Ephb2"", ""Myb"", ""Parpbp"", ""Gas2l3"", ""Cdc25c"", ""Pcm1"", ""Ctc1"", ""Nphp1"", ""Lancl2"", ""Ddx11"", ""Cdk2"", ""Arhgef39"", ""Mthfd2"", ""BC055324"", ""Rad18"", ""Ppat"", ""Knstrn"", ""Ctps"", ""Cntrob"", ""Mbd4"", ""Ncbp1"", ""Nt5c2"", ""Rev1"", ""Gen1"", ""Med14"", ""Zfp239"")"
"492","LAZARO_GENETIC_MOUSE_MODEL_HIGH_GRADE_LARGE_CELL_NEUROENDOCRINE_LUNG_CARCINOMA_UP","1.20423888849298e-31","3.47844402941197e-28","1.46045153084133","0.76261196018897","2.22767221937432","303","c(""Lig1"", ""Mcm7"", ""Top2a"", ""Hells"", ""Pola1"", ""Ccne2"", ""Nop58"", ""Nusap1"", ""Mki67"", ""Mcm6"", ""Uhrf1"", ""Dnmt1"", ""Mif"", ""Fkbp5"", ""Spc25"", ""Atad2"", ""Cenph"", ""Taf1d"", ""Ncapg2"", ""Tcf19"", ""Ncapd2"", ""Ckap2"", ""Hmgb2"", ""Arhgap19"", ""Rrm1"", ""Kif15"", ""Ncaph"", ""Prc1"", ""Gins1"", ""Cdca7"", ""Arhgap11a"", ""Ttk"", ""Kif11"", ""Cdc6"", ""Racgap1"", ""Mcm3"", ""Uck2"", ""Diaph3"", ""Hmmr"", ""Pbk"", ""Tpx2"", ""Mcm10"", ""Chek1"", ""Ckap2l"", ""Ezh2"", ""Ccdc18"", ""Wdr76"", ""Ipo5"", ""Stil"", ""Pcna"", ""Exo1"", ""Gtse1"", ""Cdt1"", ""Bub1b"", ""Cenpk"", ""Depdc1a"", 
""Aurkb"", ""Plk1"", ""Fanca"", ""Exosc2"", ""Bard1"", ""Rfc3"", ""Kntc1"", ""Rbbp7"", ""Ncapg"", ""Trip13"", ""Rad51"", ""Cenpe"", ""Mcm5"", ""Pole"", ""Kif20a"", ""Anln"", ""Clspn"", ""Rad54l"", ""Cenpf"", ""Mcm4"", ""Mad2l1"", ""Blm"", ""Dtl"", ""Brca1"", ""Nup205"", ""E2f8"", ""Psat1"", ""Smarcc1"", ""Kif4"", ""Cit"", ""Rad54b"", ""Aspm"", ""Chaf1a"", ""Nasp"", ""Kif18a"", ""Atad5"", ""Iqgap3"", ""Incenp"", ""Tacc3"", ""Slc7a1"", ""Ccna2"", ""Kif14"", ""Slbp"", ""Ccdc34"", ""Smc2"", ""Tk1"", ""Nuf2"", ""Plk4"", ""Prim2"", ""Dna2"", ""Kif20b"", ""Bub1"", ""Mis18bp1"", ""Brca2"", ""Esco2"", ""Slfn9"", ""Ccne1"", 
""Ska3"", ""Ticrr"", ""Wdhd1"", ""Mcm2"", ""Foxm1"", ""Dlgap5"", ""Ccnf"", ""Zwilch"", ""Dbf4"", ""Txnrd1"", ""Cdc25a"", ""Nsl1"", ""Dhfr"", ""Ndc1"", ""Mtfr2"", ""Spag5"", ""Nek2"", ""Smc4"", ""Topbp1"", ""Ndc80"", ""Rfwd3"", ""Snrpd1"", ""Mms22l"", ""Brip1"", ""Polq"", ""Tuba1c"", ""Zgrf1"", ""Trim59"", ""Prr11"", ""Slc7a5"", ""Prim1"", ""Cenpi"", ""Pask"", ""Ccnb2"", ""Fancd2"", ""Kif23"", ""Usp1"", ""Pola2"", ""Ect2"", ""Dut"", ""Neil3"", ""Bora"", ""Mastl"", ""Pmf1"", ""E2f7"", ""Kif2c"", ""Ranbp1"", ""Dsn1"", ""Nup155"", ""Gins2"", ""Rangap1"", ""Ssrp1"", ""Cenpl"", ""Mtbp"", ""Skp2"", ""Ccnb1"", ""Ephb2"", 
""Chek2"", ""Parpbp"", ""Gas2l3"", ""Cdc25c"", ""Slc25a13"", ""Spats2"", ""Mcm8"", ""Cdk2"", ""Arhgef39"", ""Mthfd2"", ""BC055324"", ""Rad18"", ""Fbxo5"", ""Knstrn"")"
