"","pathway","pval","padj","log2err","ES","NES","size","leadingEdge"
"1","GOBP_MRNA_PROCESSING","5.13032618703931e-18","1.13991901471254e-15","1.0959292864312","-0.663687765033713","-2.3974450940574","162","c(""Srsf3"", ""Sfpq"", ""Hnrnpa2b1"", ""Ncl"", ""Ybx1"", ""Hnrnpm"", ""Pnn"", ""Hnrnpa3"", ""Hnrnpc"", ""Pcbp1"", ""Srsf7"", ""Snrpe"", ""Srsf9"", ""Srsf6"", ""U2af1"", ""Hnrnpa1"", ""Snrpd1"", ""Srsf1"", ""Prpf40a"", ""Phf5a"", ""Dhx9"", ""Hnrnpll"", ""Ddx39b"", ""Rbmxl1"", ""Hnrnpu"", ""Eif4a3"", ""Srsf2"", ""Thoc7"", ""Srsf10"", ""Srrm1"", ""Magoh"", ""Ddx46"", ""Clns1a"", ""Scaf11"", ""Alyref"", ""Raly"", ""Thrap3"", ""Rbm8a"", ""Larp7"", ""Ptbp1"", ""Lsm8"", ""Syncrip"", ""Rbm17"", ""Rbm3"", ""Leo1"", ""Sf3b6"", ""Snrpc"", ""U2af2"", ""Htatsf1"", ""Snrpd2"", ""Srrt"", ""Lsm3"", ""Snrpb"", ""Sf3b2"", 
""Slbp"", ""Ddx1"", ""Sf3a3"", ""Wbp11"", ""Psip1"", ""Smu1"", ""Rnps1"", ""Lsm2"", ""Luc7l"", ""Iws1"", ""Thoc6"", ""Strap"", ""Ccnb1"", ""Nudt21"", ""Polr2d"", ""Zcchc8"", ""Rbm28"", ""Prpf38a"", ""Sf3a1"", ""Srek1"", ""Snrpb2"", ""Sf3b3"", ""Snrpa"", ""Lsm5"", ""Ppil1"", ""Prpf8"", ""Zcrb1"", ""Smn1"", ""Khsrp"", ""Txnl4a"", ""Prmt5"", ""Eftud2"", ""Sf3a2"", ""Fmr1"", ""Zfp36l1"", ""Cstf2"", ""Sf3b4"", ""Ncbp1"", ""Tcerg1"", ""Arl6ip4"", ""Srsf4"", ""Prpf19"", ""Tssc4"", ""Cpsf2"", ""Thoc3"", ""Sf3b5"", ""Snrnp200"", ""Arvcf"", ""Dazap1"", ""Lsm4"", ""Snrpf"")"
"2","REACTOME_MRNA_SPLICING","5.62114019738508e-14","7.90824016674409e-12","0.965327754226083","-0.689871268168502","-2.34555517532868","99","c(""Srsf3"", ""Hnrnpa2b1"", ""Ybx1"", ""Pnn"", ""Hnrnpa3"", ""Hnrnpc"", ""Pcbp1"", ""Srsf7"", ""Snrpe"", ""Srsf9"", ""U2af1"", ""Hnrnpa1"", ""Snrpd1"", ""Srsf1"", ""Prpf40a"", ""Phf5a"", ""Dhx9"", ""Hnrnpd"", ""Ddx39b"", ""Hnrnpu"", ""Eif4a3"", ""Srsf2"", ""Hnrnpr"", ""Srsf10"", ""Srrm1"", ""Magoh"", ""Ddx46"", ""Alyref"", ""Rbm8a"", ""Ptbp1"", ""Lsm8"", ""Polr2k"", ""Rbm17"", ""U2surp"", ""Sf3b6"", ""Snrpc"", ""U2af2"", ""Htatsf1"", ""Snrpd2"", ""Srrt"", ""Lsm3"", ""Snrpb"", ""Sf3b2"", ""Sf3a3"", ""Wbp11"", ""Smu1"", ""Rnps1"", ""Lsm2"", ""Polr2c"", ""Polr2i"", ""Polr2d"", ""Prpf38a"", ""Sf3a1"", ""Nkap"", 
""Sf3b3"", ""Snrpa"", ""Lsm5"", ""Ppil1"", ""Prpf8"", ""Zcrb1"", ""Txnl4a"", ""Eftud2"", ""Sf3a2"", ""Sf3b4"", ""Ncbp1"", ""Tcerg1"", ""Prpf19"", ""Polr2b"", ""Gtf2f2"", ""Ppih"", ""Sf3b5"", ""Snrnp200"", ""Lsm4"", ""Snrpf"")"
"3","HOUNKPE_HOUSEKEEPING_GENES","4.70135466702606e-26","5.43194518228191e-23","1.32671609800481","-0.5964055919613","-2.33589030838591","377","c(""H3f3b"", ""Ywhae"", ""Srsf3"", ""Sfpq"", ""Hnrnpab"", ""Hnrnpa2b1"", ""Cbx1"", ""Slc25a5"", ""Ncl"", ""St13"", ""Maz"", ""Hnrnpm"", ""Psma6"", ""Arl6ip1"", ""Kras"", ""Eif4a1"", ""Vdac1"", ""Pcbp1"", ""Serbp1"", ""Srsf9"", ""Srsf6"", ""Eif4h"", ""Psmc3"", ""U2af1"", ""Hnrnpa1"", ""Anp32b"", ""Smarca5"", ""Brd3"", ""Srsf1"", ""Trim28"", ""Hnrnpdl"", ""Phf5a"", ""Smarcc1"", ""Ssna1"", ""Psmb6"", ""Hnrnpd"", ""Rheb"", ""Pin1"", ""Mlf2"", ""Ppt1"", ""Hnrnpu"", ""Eif1ax"", ""Eif4a3"", ""Srsf2"", ""Nsmce1"", ""Ddx19a"", ""Bub3"", ""Thoc7"", ""Srsf10"", ""Hsp90ab1"", ""Srrm1"", ""Banf1"", ""Eif2s2"", ""Rad21"", 
""Magoh"", ""Lrrc59"", ""Psmd3"", ""Erh"", ""Clns1a"", ""Tcp1"", ""Raly"", ""Eif5a"", ""Eif3a"", ""Thrap3"", ""Morf4l2"", ""Mtch1"", ""Rbm8a"", ""Arpp19"", ""Psmd12"", ""Gspt1"", ""Atp5j"", ""Ndufb8"", ""Syncrip"", ""Polr2k"", ""Ilf2"", ""Rbm17"", ""Nap1l1"", ""Eif5b"", ""Pdap1"", ""Sf3b6"", ""Polr2j"", ""Psmb7"", ""Nol7"", ""Gtf2e2"", ""U2af2"", ""Cuedc2"", ""Htatsf1"", ""Akt1"", ""Utp3"", ""E2f4"", ""Txnl1"", ""Mtdh"", ""Mapk1"", ""Ywhaq"", ""Snrpb"", ""Ilf3"", ""Sf3b2"", ""Psmc1"", ""Cops5"", ""Emc8"", ""Ddx1"", ""Nfyb"", ""Psma7"", ""Akirin2"", ""Mrpl18"", ""Mrps28"", ""Hcfc1"", ""Sf3a3"", ""Cfdp1"", 
""Serp1"", ""Pds5a"", ""Pcmt1"", ""Smu1"", ""Comt"", ""Fcf1"", ""Stip1"", ""Rnps1"", ""Nt5c2"", ""Cct2"", ""Mtpn"", ""Smc1a"", ""Uba2"", ""Polr2c"", ""Psmd6"", ""Cdc16"", ""Psmc5"", ""Iws1"", ""Parp1"", ""Srebf2"", ""Strap"", ""Cdk4"", ""Mrps14"", ""Cyb5b"", ""Park7"", ""Ndufaf2"", ""Nudt21"", ""Ruvbl1"", ""Zc3h18"", ""Baz1b"", ""Ppid"", ""Ranbp1"", ""Ssbp1"", ""Abcf2"", ""Sec61b"", ""Rps19bp1"", ""Ddb1"", ""Prpf38a"", ""Cby1"", ""Nars"", ""Hspa4"", ""Vps36"", ""Nudc"", ""Nucks1"", ""Dars"", ""Snrpa"", ""Mrpl51"", ""Psmb4"", ""Prep"", ""Elof1"", ""Mrpl49"", ""Snf8"", ""Tomm20"", ""Eif3g"", ""Khsrp"", ""Tmem256"", 
""Ranbp2"", ""Anks1"", ""Aars"", ""Lcmt1"", ""Sf3a2"", ""Psma2"", ""Sec13"", ""Nifk"", ""Aasdhppt"", ""Arl1"", ""Gdi2"", ""Mrps17"", ""Tubg1"", ""Cdc123"", ""Rsl24d1"", ""Med19"", ""Drg1"", ""P4hb"", ""Pop7"", ""Hdlbp"", ""Smarcb1"", ""Cops4"", ""Sf3b4"", ""Eif2s1"", ""Pdia6"", ""Pcyt1a"", ""Pole3"", ""Larp4b"", ""Rad23b"", ""Golga3"", ""Bag1"", ""Chchd1"", ""Ncbp1"", ""Pa2g4"", ""Mrps5"", ""Hat1"", ""Hsp90b1"", ""Cmpk1"", ""Denr"", ""Srsf4"", ""Ddx18"", ""Prpf19"", ""Api5"", ""Mrps25"", ""Mrpl41"", ""Etf1"", ""Cnbp"", ""Gtf2f2"", ""Psme3"", ""Sf3b5"", ""Cdc34"", ""Kpna3"", ""Nsmce4a"", ""Mrpl28"", ""Sod1"", 
""Pmpcb"", ""Lsm4"", ""Mrpl36"", ""Rpn1"", ""Psmg3"", ""Mrpl57"", ""Slc25a3"", ""Ube2f"")"
"4","GOCC_SPLICEOSOMAL_COMPLEX","3.6579173402025e-13","4.40245593215622e-11","0.932595211336209","-0.693019083414372","-2.31620414316906","92","c(""Hnrnpa2b1"", ""Ncl"", ""Ybx1"", ""Hnrnpm"", ""Pnn"", ""Hnrnpa3"", ""Hnrnpc"", ""Snrpe"", ""U2af1"", ""Hnrnpa1"", ""Snrpd1"", ""Srsf1"", ""Prpf40a"", ""Phf5a"", ""Rheb"", ""Ddx39b"", ""Rbmxl1"", ""Hnrnpu"", ""Eif4a3"", ""Srsf2"", ""Hnrnpr"", ""Srrm1"", ""Magoh"", ""Clns1a"", ""Alyref"", ""Raly"", ""Rbm8a"", ""Lsm8"", ""Syncrip"", ""Rbm17"", ""Rbm3"", ""Sf3b6"", ""Snrpc"", ""U2af2"", ""Htatsf1"", ""Snrpd2"", ""Lsm3"", ""Snrpb"", ""Sf3b2"", ""Sf3a3"", ""Smu1"", ""Lsm2"", ""Luc7l"", ""Zcchc8"", ""Rbm28"", ""Prpf38a"", ""Sf3a1"", ""Srek1"", ""Snrpb2"", ""Sf3b3"", ""Snrpa"", ""Lsm5"", ""Ppil1"", ""Prpf8"", 
""Zcrb1"", ""Txnl4a"", ""Eftud2"", ""Sf3a2"")"
"5","REACTOME_PROCESSING_OF_CAPPED_INTRON_CONTAINING_PRE_MRNA","8.92698979758952e-14","1.17207318319715e-11","0.954541630725724","-0.65311890723225","-2.29388298010163","129","c(""Srsf3"", ""Hnrnpa2b1"", ""Ybx1"", ""Pnn"", ""Hnrnpa3"", ""Hnrnpc"", ""Pcbp1"", ""Srsf7"", ""Snrpe"", ""Srsf9"", ""U2af1"", ""Hnrnpa1"", ""Snrpd1"", ""Srsf1"", ""Prpf40a"", ""Phf5a"", ""Dhx9"", ""Hnrnpd"", ""Ddx39b"", ""Hnrnpu"", ""Eif4a3"", ""Srsf2"", ""Hnrnpr"", ""Thoc7"", ""Srsf10"", ""Srrm1"", ""Magoh"", ""Ddx46"", ""Alyref"", ""Rbm8a"", ""Ptbp1"", ""Lsm8"", ""Polr2k"", ""Rbm17"", ""U2surp"", ""Eif4e"", ""Sf3b6"", ""Snrpc"", ""U2af2"", ""Htatsf1"", ""Snrpd2"", ""Srrt"", ""Lsm3"", ""Snrpb"", ""Sf3b2"", ""Slbp"", ""Sf3a3"", ""Wbp11"", ""Smu1"", ""Rnps1"", ""Lsm2"", ""Polr2c"", ""Polr2i"", ""Thoc6"", 
""Nudt21"", ""Polr2d"", ""Nup62"", ""Prpf38a"", ""Sf3a1"", ""Nkap"", ""Sf3b3"", ""Snrpa"", ""Lsm5"", ""Ppil1"", ""Prpf8"", ""Zcrb1"", ""Txnl4a"", ""Ranbp2"", ""Eftud2"", ""Sf3a2"", ""Sec13"", ""Cstf2"", ""Sf3b4"", ""Ncbp1"", ""Tcerg1"", ""Nxt1"", ""Prpf19"", ""Cpsf2"", ""Polr2b"", ""Seh1l"", ""Gtf2f2"", ""Ppih"", ""Thoc3"", ""Sf3b5"", ""Snrnp200"", ""Lsm4"", ""Snrpf"")"
"6","MORI_LARGE_PRE_BII_LYMPHOCYTE_UP","4.50393399149827e-12","4.26544699489926e-10","0.887074988399873","-0.707939168500746","-2.29246020122874","77","c(""Hmgb1"", ""Txn1"", ""Anp32e"", ""Hnrnpab"", ""Calm2"", ""Stmn1"", ""Cbx1"", ""Ube2s"", ""Xrcc6"", ""Cdca7"", ""Tubb5"", ""Lmnb1"", ""Anapc5"", ""Smc4"", ""Smarcc1"", ""Smarca4"", ""Hmgb3"", ""Slc29a1"", ""Rbbp4"", ""Bub3"", ""Hmgn2"", ""Mcm7"", ""Hjurp"", ""Rad21"", ""Alyref"", ""Rrm2"", ""Tmpo"", ""Lgals9"", ""Ccna2"", ""Psmc1"", ""Slbp"", ""Rrm1"", ""Tuba1a"", ""Mki67"", ""Lig1"", ""Ccnb1"", ""Ran"", ""Tubb4b"", ""Top2a"", ""Cdkn2c"", ""Cdk1"", ""Nucks1"", ""Haus3"", ""Hmga1"", ""E2f8"", ""Ccnb2"", ""Cdca3"", ""Ncaph"", ""Aurka"", ""Cdc20"", ""Cenpe"", ""Cenpl"", ""Prc1"", ""Smc2"")"
"7","GOBP_RNA_SPLICING_VIA_TRANSESTERIFICATION_REACTIONS","1.06675961968417e-12","1.16276798545575e-10","0.910119734774459","-0.661208967178025","-2.2845274112145","115","c(""Srsf3"", ""Sfpq"", ""Hnrnpa2b1"", ""Ncl"", ""Hnrnpm"", ""Hnrnpa3"", ""Hnrnpc"", ""Srsf7"", ""Snrpe"", ""Srsf9"", ""Srsf6"", ""U2af1"", ""Hnrnpa1"", ""Snrpd1"", ""Srsf1"", ""Prpf40a"", ""Phf5a"", ""Dhx9"", ""Ddx39b"", ""Rbmxl1"", ""Hnrnpu"", ""Eif4a3"", ""Srsf2"", ""Srsf10"", ""Srrm1"", ""Magoh"", ""Ddx46"", ""Clns1a"", ""Scaf11"", ""Thrap3"", ""Rbm8a"", ""Larp7"", ""Ptbp1"", ""Lsm8"", ""Rbm17"", ""Rbm3"", ""Sf3b6"", ""Snrpc"", ""U2af2"", ""Htatsf1"", ""Snrpd2"", ""Lsm3"", ""Snrpb"", ""Sf3b2"", ""Sf3a3"", ""Psip1"", ""Smu1"", ""Rnps1"", ""Lsm2"", ""Luc7l"", ""Strap"", ""Prpf38a"", ""Sf3a1"", ""Snrpb2"", 
""Sf3b3"", ""Snrpa"", ""Lsm5"", ""Ppil1"", ""Prpf8"", ""Zcrb1"", ""Smn1"", ""Txnl4a"", ""Prmt5"", ""Eftud2"", ""Sf3a2"", ""Fmr1"", ""Sf3b4"", ""Ncbp1"", ""Srsf4"", ""Prpf19"", ""Tssc4"", ""Sf3b5"", ""Snrnp200"", ""Dazap1"", ""Lsm4"", ""Snrpf"")"
"8","GOBP_RNA_SPLICING","1.71817165370394e-14","2.68266963336424e-12","0.97599468306432","-0.633470814181105","-2.2743514705999","158","c(""Srsf3"", ""Sfpq"", ""Hnrnpa2b1"", ""Ncl"", ""Ybx1"", ""Hnrnpm"", ""Pnn"", ""Hnrnpa3"", ""Hnrnpc"", ""Srsf7"", ""Snrpe"", ""Srsf9"", ""Srsf6"", ""U2af1"", ""Hnrnpa1"", ""Snrpd1"", ""Srsf1"", ""Prpf40a"", ""Phf5a"", ""Dhx9"", ""Hnrnpll"", ""Ddx39b"", ""Rbmxl1"", ""Hnrnpu"", ""Eif4a3"", ""Srsf2"", ""Thoc7"", ""Srsf10"", ""Srrm1"", ""Magoh"", ""Ddx46"", ""Clns1a"", ""Scaf11"", ""Alyref"", ""Raly"", ""Thrap3"", ""Rbm8a"", ""Larp7"", ""Ptbp1"", ""Lsm8"", ""Syncrip"", ""Rbm17"", ""Rbm3"", ""Sf3b6"", ""Snrpc"", ""U2af2"", ""Htatsf1"", ""Ivns1abp"", ""Snrpd2"", ""Lsm3"", ""Snrpb"", ""Sf3b2"", ""Prmt1"", ""Ddx1"", 
""Sf3a3"", ""Wbp11"", ""Psip1"", ""Smu1"", ""Rnps1"", ""Lsm2"", ""Luc7l"", ""Iws1"", ""Thoc6"", ""Strap"", ""Eny2"", ""Zcchc8"", ""Rbm28"", ""Prpf38a"", ""Sf3a1"", ""Srek1"", ""Snrpb2"", ""Sf3b3"", ""Snrpa"", ""Lsm5"", ""Ppil1"", ""Prpf8"", ""Zcrb1"", ""Smn1"", ""Khsrp"", ""Txnl4a"", ""Taf15"", ""Prmt5"", ""Eftud2"", ""Sf3a2"", ""Fmr1"", ""Sf3b4"", ""Ncbp1"", ""Tcerg1"", ""Arl6ip4"", ""Srsf4"", ""Prpf19"", ""Tssc4"", ""Thoc3"", ""Sf3b5"", ""Snrnp200"", ""Arvcf"", ""Dazap1"", ""Lsm4"", ""Snrpf"")"
"9","GOBP_MRNA_METABOLIC_PROCESS","2.58451894773045e-17","5.1485399865651e-15","1.07686819261983","-0.613658379322887","-2.26560471019028","214","c(""Srsf3"", ""Sfpq"", ""Hnrnpab"", ""Hnrnpa2b1"", ""Anxa2"", ""Ncl"", ""Ybx1"", ""Hnrnpm"", ""Pnn"", ""Hnrnpa3"", ""Hnrnpc"", ""Pcbp1"", ""Srsf7"", ""Snrpe"", ""Srsf9"", ""Srsf6"", ""U2af1"", ""Hnrnpa1"", ""Snrpd1"", ""Srsf1"", ""Prpf40a"", ""Hnrnpdl"", ""Phf5a"", ""Caprin1"", ""Dhx9"", ""Hnrnpd"", ""Hnrnpll"", ""Ddx39b"", ""Rbmxl1"", ""Hnrnpu"", ""Eif4a3"", ""Srsf2"", ""Hnrnpr"", ""Thoc7"", ""Srsf10"", ""Srrm1"", ""Magoh"", ""Ddx46"", ""Clns1a"", ""Scaf11"", ""Alyref"", ""Raly"", ""Thrap3"", ""Rbm8a"", ""Gspt1"", ""Larp7"", ""Ptbp1"", ""Lsm8"", ""Syncrip"", ""Rbm17"", ""Rbm3"", ""Leo1"", ""Sf3b6"", 
""Snrpc"", ""Ssb"", ""U2af2"", ""Htatsf1"", ""Snrpd2"", ""Srrt"", ""Lsm3"", ""Snrpb"", ""Sf3b2"", ""Slbp"", ""Ddx1"", ""Sf3a3"", ""Wbp11"", ""Psip1"", ""Smu1"", ""Rnps1"", ""Lsm2"", ""Luc7l"", ""Iws1"", ""Thoc6"", ""Strap"", ""Ccnb1"", ""Nudt21"", ""Polr2d"", ""Zcchc8"", ""Rbm28"", ""Atf1"", ""Prpf38a"", ""Sf3a1"", ""Srek1"", ""Cebpg"", ""Exosc3"", ""Snrpb2"", ""Sf3b3"", ""Snrpa"", ""Lsm5"", ""Ppil1"", ""Prpf8"", ""Zcrb1"", ""Smn1"", ""Carhsp1"", ""Khsrp"", ""Txnl4a"", ""Taf15"", ""Prmt5"", ""Eftud2"", ""Sf3a2"", ""Fmr1"", ""Zfp36l1"", ""Cstf2"", ""Sf3b4"", ""Larp4b"", ""Ncbp1"", ""Tcerg1"", ""Rock2"", ""Arl6ip4"", 
""Srsf4"", ""Prpf19"", ""Tssc4"", ""Etf1"", ""Cpsf2"", ""Taf3"", ""Thoc3"", ""Sf3b5"", ""Snrnp200"", ""Arvcf"", ""Dazap1"", ""Lsm4"", ""Snrpf"")"
"10","LI_INDUCED_T_TO_NATURAL_KILLER_DN","1.40035699873587e-10","1.07864831755962e-08","0.826657301178302","-0.702797330961094","-2.24566379345875","72","c(""Satb1"", ""Tcf7"", ""Sh2d1a"", ""Sox4"", ""H3f3b"", ""Cd27"", ""Anp32e"", ""Dntt"", ""Marcks"", ""Ets1"", ""Aqp11"", ""Endou"", ""Xrcc6"", ""Cdca7"", ""Mtf2"", ""Brd3"", ""Trim28"", ""Hibadh"", ""Ly6d"", ""Rapgef3"", ""Slc29a1"", ""Nt5dc2"", ""Nck2"", ""Pitpnm2"", ""Gfi1"", ""Cd3d"", ""Fyb"", ""Msh6"", ""Mapk1"", ""Chchd3"", ""Bcl7a"", ""Il17rb"", ""Gm525"")"
"11","MORI_IMMATURE_B_LYMPHOCYTE_DN","1.39017278030349e-10","1.07864831755962e-08","0.826657301178302","-0.685723936342463","-2.2349506547053","80","c(""Hmgb1"", ""Txn1"", ""Anp32e"", ""Hnrnpab"", ""Stmn1"", ""Cbx1"", ""Xrcc6"", ""Ezh2"", ""Cdca7"", ""Hnrnpa3"", ""Tubb5"", ""Lmnb1"", ""Rag1"", ""Smarca5"", ""Smc4"", ""Smarca4"", ""Hmgb3"", ""Slc29a1"", ""Rbbp4"", ""Hmgn2"", ""Mcm7"", ""Hjurp"", ""Rrm2"", ""Tmpo"", ""Ckap5"", ""Ccna2"", ""Slc16a1"", ""Slbp"", ""Rrm1"", ""Uck2"", ""Tuba1a"", ""Mki67"", ""Lig1"", ""Ccnb1"", ""Tubb4b"", ""Nusap1"", ""Top2a"", ""Cdkn2c"", ""Pcna"", ""Cdk1"", ""Haus3"", ""E2f8"", ""Ccnb2"", ""Cdca3"", ""Prep"", ""Ncaph"", ""Cdc20"", ""Dnmt1"", ""Cenpl"", ""Ube2c"", ""Prc1"", ""Smc2"", ""Actn4"")"
"12","GOCC_CATALYTIC_STEP_2_SPLICEOSOME","2.01917428702234e-09","1.23601180052127e-07","0.774939030136436","-0.740832412310514","-2.16996137622877","49","c(""Hnrnpa2b1"", ""Hnrnpm"", ""Pnn"", ""Hnrnpa3"", ""Hnrnpc"", ""Snrpe"", ""U2af1"", ""Hnrnpa1"", ""Snrpd1"", ""Srsf1"", ""Hnrnpu"", ""Eif4a3"", ""Hnrnpr"", ""Srrm1"", ""Magoh"", ""Alyref"", ""Raly"", ""Rbm8a"", ""Syncrip"", ""Sf3b6"", ""Snrpd2"", ""Lsm3"", ""Snrpb"", ""Sf3b2"", ""Sf3a3"", ""Lsm2"", ""Zcchc8"", ""Sf3a1"", ""Snrpb2"", ""Sf3b3"", ""Ppil1"", ""Prpf8"", ""Eftud2"", ""Sf3a2"")"
"13","HALLMARK_G2M_CHECKPOINT","8.50781557821488e-11","7.12313776744164e-09","0.839088935621274","-0.602636655092778","-2.12068566815641","141","c(""Sfpq"", ""Marcks"", ""Stmn1"", ""Cbx1"", ""Ube2s"", ""Ncl"", ""Ezh2"", ""Lmnb1"", ""Mtf2"", ""Snrpd1"", ""Ctcf"", ""Srsf1"", ""Smc4"", ""Smarcc1"", ""Hnrnpd"", ""Hmgb3"", ""Hnrnpu"", ""Lbr"", ""Srsf2"", ""Bub3"", ""Srsf10"", ""Rad21"", ""Gspt1"", ""Syncrip"", ""Tmpo"", ""Slc38a1"", ""Amd1"", ""Ewsr1"", ""Nasp"", ""Dtymk"", ""Ccna2"", ""Cks2"", ""E2f4"", ""Pbk"", ""Fbxo5"", ""Ilf3"", ""Pds5b"", ""Sap30"", ""Smc1a"", ""Uck2"", ""Casp8ap2"", ""Mki67"", ""Cdk4"", ""E2f2"", ""Dbf4"", ""Nusap1"", ""Top2a"", ""Cdkn2c"", ""Cdk1"", ""Cdc25a"", ""Kif11"", ""Ccnb2"", ""Aurka"", ""Cdc20"", ""Plk1"", ""Cenpe"", ""Ube2c"", 
""Prmt5"", ""Prc1"", ""Incenp"", ""Smc2"", ""Birc5"", ""Suv39h1"", ""Kif22"", ""Orc6"", ""Rad23b"", ""Tpx2"", ""Sqle"", ""Aurkb"", ""Mad2l1"", ""Ccnf"", ""Cenpf"", ""Odf2"", ""Plk4"", ""Tacc3"", ""Kif15"", ""Kif23"", ""Mybl2"", ""Nolc1"", ""Cks1b"", ""Kpnb1"", ""Cdc27"", ""Kif2c"", ""Wrn"", ""Kif20b"", ""Prim2"", ""Kif4"", ""Cenpa"", ""Smad3"", ""Mcm2"", ""Atf5"", ""Cdc6"", ""Ndc80"", ""Exo1"", ""Hmmr"", ""Cul1"", ""Nup50"", ""Mcm6"", ""Nek2"")"
"14","GOCC_NUCLEAR_MATRIX","2.10445582755381e-08","1.10522193779803e-06","0.73376198835648","-0.720900643733055","-2.11157952460578","49","c(""Satb1"", ""Dntt"", ""Sfpq"", ""Hnrnpa2b1"", ""Anxa2"", ""Hnrnpm"", ""Psma6"", ""Lmnb1"", ""Prpf40a"", ""Phf5a"", ""Smarcc1"", ""Smarca4"", ""Basp1"", ""Ddx39b"", ""Smc3"", ""Hnrnpu"", ""Srrm1"", ""Stag2"", ""Rad21"", ""Gfi1"", ""Actl6a"", ""Gmcl1"", ""Clic4"", ""Smc1a"", ""Uhrf1"", ""Ruvbl1"", ""Phb2"")"
"15","GOCC_NUCLEAR_PROTEIN_CONTAINING_COMPLEX","2.78024709317249e-20","1.00384296607859e-17","1.16017957183021","-0.52561998043173","-2.1055182957261","498","c(""Tcf7"", ""Anp32e"", ""Sfpq"", ""Hnrnpab"", ""Hnrnpa2b1"", ""Dynll1"", ""Myb"", ""Anxa2"", ""Ube2s"", ""Ncl"", ""Lmo4"", ""Themis"", ""Tcf12"", ""Ybx1"", ""Cbx3"", ""Hnrnpm"", ""Xrcc6"", ""Pnn"", ""Ezh2"", ""Hnrnpa3"", ""Hnrnpc"", ""Anapc5"", ""Snrpe"", ""Mtf2"", ""U2af1"", ""Hnrnpa1"", ""Snrpd1"", ""Smarca5"", ""Srsf1"", ""Prpf40a"", ""Trim28"", ""Lat"", ""Lig4"", ""Phf5a"", ""Smarcc1"", ""Smarca4"", ""Mxd4"", ""Basp1"", ""Gtf2h4"", ""Rheb"", ""Dek"", ""Polr3k"", ""Ddx39b"", ""Rbmxl1"", ""Hnrnpu"", ""Gtf2a2"", ""Lbr"", ""Eif4a3"", ""Srsf2"", ""Hnrnpr"", ""Rbbp4"", ""Bub3"", ""Thoc7"", ""Tcf3"", ""Swi5"", 
""Hsp90ab1"", ""Srrm1"", ""Mcm7"", ""Supt16"", ""Magoh"", ""Jup"", ""Bcl7c"", ""Xbp1"", ""Wdr12"", ""Clns1a"", ""Atp5a1"", ""Alyref"", ""Raly"", ""Eif5a"", ""Thrap3"", ""Rbm8a"", ""Larp7"", ""Hdac1"", ""Mbd3"", ""Lsm8"", ""Syncrip"", ""Suz12"", ""Polr2k"", ""Rbm17"", ""Msh6"", ""Rbm3"", ""Tcf4"", ""Bclaf1"", ""Leo1"", ""Sf3b6"", ""Snrpc"", ""Polr2j"", ""Gtf2e2"", ""U2af2"", ""Actl6a"", ""Cdk2ap1"", ""Sae1"", ""Htatsf1"", ""Snrpd2"", ""Brd8"", ""Mad1l1"", ""Runx1"", ""E2f4"", ""Lsm3"", ""Snrpb"", ""Sf3b2"", ""Cops3"", ""Sfr1"", ""Bcl7a"", ""Cops5"", ""Slbp"", ""Nfyb"", ""Cbx5"", ""Hcfc1"", ""Sf3a3"", ""Cfdp1"", 
""Kdm2b"", ""Lef1"", ""Smu1"", ""Ccnh"", ""Lsm2"", ""Sap30"", ""Uba2"", ""Polr2c"", ""Cdc16"", ""Polr2i"", ""Psmc5"", ""Luc7l"", ""Med7"", ""Med14"", ""Hdac2"", ""Thoc6"", ""E2f2"", ""Taf1d"", ""Tfdp2"", ""Nudt21"", ""Ruvbl1"", ""Eny2"", ""Polr2d"", ""Zcchc8"", ""Baz1b"", ""Dbf4"", ""Ranbp1"", ""Uchl5"", ""Rbm28"", ""Ran"", ""Nup62"", ""Terf1"", ""Atf1"", ""Eri1"", ""Prpf38a"", ""Pcna"", ""Sf3a1"", ""Srek1"", ""Hmga1"", ""Drap1"", ""Taf1"", ""Cebpg"", ""E2f8"", ""Exosc3"", ""Snrpb2"", ""Sf3b3"", ""Snrpa"", ""Lsm5"", ""Inip"", ""Ppil1"", ""Prpf8"", ""Mga"", ""Zcrb1"", ""Elof1"", ""Nfya"", ""Ptges3"", ""Cdc20"", 
""Txnl4a"", ""Ranbp2"", ""Rfc4"", ""Ube2c"", ""Prmt5"", ""Rpa3"", ""Tipin"", ""Eftud2"", ""Sf3a2"", ""Sec13"", ""Ddx21"", ""Brcc3"", ""Med19"", ""Pop7"", ""Birc5"", ""Suv39h1"", ""Smarcb1"", ""Cops4"", ""Cstf2"", ""Sf3b4"", ""Orc6"", ""Pole3"", ""Rad23b"", ""Wdr5"", ""Rbbp8"", ""Mafg"", ""Nxt1"", ""Mad2l1"", ""Las1l"", ""Med30"", ""Dgcr8"", ""Prpf19"", ""Xpo7"", ""Api5"", ""Tssc4"", ""Bub1b"", ""Cpsf2"", ""Hmgxb4"", ""Wdr18"", ""Taf3"", ""Polr2b"", ""Seh1l"", ""Gtf2f2"", ""Ppih"", ""Rfc3"", ""Pou2f1"", ""Thoc3"", ""Mybl2"", ""Sf3b5"", ""Snrnp200"", ""Nelfa"", ""Nolc1"", ""Mafb"", ""Lsm4"", ""Kpnb1"", ""Snrpf"", 
""Cbx2"", ""Magohb"", ""Cdc27"", ""Ints1"", ""Msh2"", ""Nup54"", ""Xrcc1"", ""Anapc13"", ""Cops2"", ""Pom121"", ""Gins1"", ""Epb41l2"", ""Ruvbl2"", ""Topbp1"", ""Prim2"", ""Tmod1"", ""Cbfb"", ""Myzap"", ""Tcf7l2"", ""Mxd3"", ""Rbbp7"", ""Polr3h"", ""Mphosph10"", ""Smad3"", ""Taf5l"", ""Nup88"", ""Pola1"", ""Mcm2"", ""Atf5"", ""Trim37"", ""Myo1c"", ""Gtf2f1"", ""Polr2e"", ""Noc4l"", ""Atf6"", ""Nup50"", ""Ddx11"", ""Ing2"", ""Bcor"", ""Snrpa1"", ""Ints7"", ""Mcm6"", ""Snrnp35"", ""Nup107"", ""Med29"", ""Anapc1"", ""Imp4"", ""Asxl1"", ""Dpy30"", ""Orc2"", ""Prpf4"", ""Nol11"", ""Telo2"", ""Rpp30"", ""Pes1"", 
""Gins2"", ""Syne1"", ""Mphosph6"", ""Ash2l"")"
"16","MARKEY_RB1_ACUTE_LOF_UP","1.09316594735767e-10","8.77113844150728e-09","0.839088935621274","-0.573759551169243","-2.0890746718032","178","c(""Ptma"", ""Prdx2"", ""Sfpq"", ""Stmn1"", ""Ube2s"", ""Hmgn1"", ""Tubb5"", ""Hnrnpc"", ""Anapc5"", ""Anp32b"", ""Dek"", ""Hmgb3"", ""Smc3"", ""Srsf2"", ""Hnrnpr"", ""Rbbp4"", ""Hmgn2"", ""Mcm7"", ""Hjurp"", ""Banf1"", ""Rad21"", ""Rrm2"", ""Tmpo"", ""Nap1l1"", ""Tsc22d1"", ""Amd1"", ""Sae1"", ""Nasp"", ""Dtymk"", ""Ccna2"", ""Cks2"", ""Lsm3"", ""Idh2"", ""Ilf3"", ""Cbx5"", ""Psip1"", ""Nav2"", ""Tyms"", ""Casp8ap2"", ""Parp1"", ""Rfc1"", ""Hdac2"", ""Mki67"", ""Trim59"", ""Ranbp1"", ""Ptger4"", ""Nusap1"", ""Pcna"", ""Cdk1"", ""Klf10"", ""Nucks1"", ""Haus3"", ""Kif11"", ""E2f8"", ""Ccnb2"", ""Cdca3"", ""Cox6b2"", 
""Dstn"", ""Brip1os"", ""Aurka"", ""Ptges3"", ""Plk1"", ""Rfc4"", ""Dnph1"", ""Tipin"", ""Prc1"", ""Hspd1"", ""Nop58"", ""Smc2"", ""Ect2"", ""Set"", ""Cdk2"", ""Birc5"", ""Kif22"", ""Tk1"", ""Orc6"", ""Igf1r"", ""Sass6"", ""Mad2l1"", ""Hat1"", ""Ccnf"", ""Prpf19"", ""Cpsf2"", ""Ylpm1"", ""Kif20a"", ""Kif23"", ""Kpna2"", ""Dohh"", ""Cks1b"", ""Nsmce4a"", ""Lsm4"", ""Ckap2"", ""Kif2c"", ""Cse1l"", ""Asf1b"", ""Topbp1"", ""Kif4"", ""Cenpa"", ""Mis18bp1"", ""Ppp5c"", ""Spdl1"", ""Gmnn"", ""Dlgap5"", ""Pola1"", ""Cdc6"", ""Trim37"", ""Anln"", ""Pspc1"", ""Kif2a"", ""Nek2"")"
"17","HALLMARK_OXIDATIVE_PHOSPHORYLATION","1.69109423817034e-08","9.045788346213e-07","0.73376198835648","-0.619829850625939","-2.08525480632305","96","c(""Slc25a5"", ""Atp5b"", ""Atp5h"", ""Cox7a2"", ""Atp5g3"", ""Cox7c"", ""Vdac1"", ""Atp5k"", ""Uqcr11"", ""Uqcrq"", ""Cox6a1"", ""Atp5j2"", ""Ndufs6"", ""Uqcrb"", ""Ndufb7"", ""Atp5a1"", ""Ndufc2"", ""Atp5j"", ""Ndufb8"", ""Ndufb6"", ""Atp5o"", ""Ndufa5"", ""Timm8b"", ""Aco2"", ""Idh2"", ""Mdh1"", ""Atp5c1"", ""Mtx2"", ""Immt"", ""Vdac2"", ""Ndufc1"", ""Ndufa4"", ""Vdac3"", ""Uqcr10"", ""Mpc1"", ""Ndufs8"", ""Timm13"", ""Phb2"", ""Mdh2"", ""Cox5a"", ""Ndufab1"", ""Dld"", ""Cox5b"", ""Uqcrfs1"", ""Mrpl34"", ""Sdhb"", ""Atp5d"", ""Mrps11"", ""Ndufv2"", ""Mrps12"", ""Aifm1"", ""Ndufb2"", ""Cs"", ""Mrpl35"", 
""Mrpl15"", ""Got2"", ""Slc25a3"", ""Cyc1"", ""Tomm70a"", ""Hspa9"", ""Dlat"", ""Idh3a"", ""Ndufs1"", ""Sdhc"", ""Idh3g"", ""Etfa"", ""Sdhd"", ""Mrps22"")"
"18","GOCC_ATPASE_COMPLEX","1.47676090972895e-07","6.18206360543778e-06","0.690132458796796","-0.705254805785004","-2.06565939807273","48","c(""Anp32e"", ""Atp5b"", ""Atp5h"", ""Atp5g3"", ""Atp5k"", ""Smarca5"", ""Smarcc1"", ""Smarca4"", ""Atp5j2"", ""Dek"", ""Rbbp4"", ""Bcl7c"", ""Atp5a1"", ""Atp5j"", ""Hdac1"", ""Mbd3"", ""Suz12"", ""Atp5o"", ""Actl6a"", ""Cdk2ap1"", ""Brd8"", ""Bcl7a"", ""Atp5c1"", ""Cfdp1"", ""Hdac2"", ""Ruvbl1"", ""Baz1b"", ""Uchl5"", ""Ddx21"", ""Atp5d"", ""Smarcb1"", ""Pole3"", ""Atp6v1a"", ""Hmgxb4"")"
"19","REACTOME_RESPIRATORY_ELECTRON_TRANSPORT_ATP_SYNTHESIS_BY_CHEMIOSMOTIC_COUPLING_AND_HEAT_PRODUCTION_BY_UNCOUPLING_PROTEINS","1.41629349983118e-07","6.01612319744465e-06","0.690132458796796","-0.68260821087927","-2.06003314267398","56","c(""Atp5b"", ""Atp5h"", ""Atp5g3"", ""Cox7c"", ""Atp5k"", ""Uqcr11"", ""Uqcrq"", ""Cox6a1"", ""Atp5j2"", ""Ndufs6"", ""Uqcrb"", ""Ndufb7"", ""Atp5a1"", ""Ndufc2"", ""Atp5j"", ""Ndufb8"", ""Ndufb6"", ""Atp5o"", ""Cycs"", ""Ndufa5"", ""Atp5c1"", ""Ndufc1"", ""Ndufa4"", ""Uqcr10"", ""Ndufs8"", ""Ndufb9"", ""Ndufaf2"", ""Cox5a"", ""Ndufab1"", ""mt-Nd1"", ""Cox5b"", ""Uqcrfs1"", ""Atp5d"", ""Ndufa12"", ""Ndufv2"", ""Ndufb10"", ""Ndufb2"")"
"20","HALLMARK_E2F_TARGETS","1.86203826587616e-10","1.36164494455273e-08","0.826657301178302","-0.565346665390567","-2.05928653392132","175","c(""Anp32e"", ""Stmn1"", ""Ube2s"", ""Xrcc6"", ""Pnn"", ""Ezh2"", ""Tubb5"", ""Lmnb1"", ""Ctcf"", ""Srsf1"", ""Phf5a"", ""Smc4"", ""Dut"", ""Hnrnpd"", ""Dek"", ""Hmgb3"", ""Smc3"", ""Lbr"", ""Srsf2"", ""Mcm7"", ""Rad21"", ""Hmgb2"", ""Rrm2"", ""Gspt1"", ""Lsm8"", ""Syncrip"", ""Tmpo"", ""Asf1a"", ""Nap1l1"", ""Nasp"", ""Cks2"", ""Snrpb"", ""Ilf3"", ""Slbp"", ""Cbx5"", ""Pds5b"", ""Psip1"", ""Ncapd2"", ""Smc1a"", ""Usp1"", ""Rfc1"", ""Mki67"", ""Lig1"", ""Cdk4"", ""Tfrc"", ""Nudt21"", ""Ranbp1"", ""Ran"", ""Top2a"", ""Cdkn2c"", ""Pcna"", ""Cdk1"", ""Cdc25a"", ""E2f8"", ""Ccnb2"", ""Cdca3"", ""Nop56"", ""Spc24"", 
""Psmc3ip"", ""Cdca8"", ""Spc25"", ""Aurka"", ""Cdc20"", ""Plk1"", ""Dnmt1"", ""Cenpe"", ""Rpa3"", ""Tipin"", ""Tubg1"", ""Pop7"", ""Birc5"", ""Suv39h1"", ""Kif22"", ""Tk1"", ""Orc6"", ""Eif2s1"", ""Pa2g4"", ""Aurkb"", ""Mad2l1"", ""Plk4"", ""Bub1b"", ""Atad2"", ""Tacc3"", ""Lyar"", ""Rfc3"", ""Mybl2"", ""Paics"", ""Nolc1"", ""Cks1b"", ""Depdc1a"", ""Msh2"", ""Kif2c"", ""Cse1l"", ""Asf1b"", ""Gins1"", ""Prim2"", ""Kif4"", ""Mxd3"", ""Rbbp7"", ""Dlgap5"", ""Mcm2"", ""Nme1"", ""Ubr7"", ""Hmmr"", ""Mcm6"", ""Nup107"", ""Rad51ap1"", ""Orc2"")"
"21","REACTOME_THE_CITRIC_ACID_TCA_CYCLE_AND_RESPIRATORY_ELECTRON_TRANSPORT","6.63755497173817e-08","3.1430454976829e-06","0.704975715167238","-0.639219963354359","-2.05683562568684","76","c(""Atp5b"", ""Atp5h"", ""Atp5g3"", ""Cox7c"", ""Vdac1"", ""Atp5k"", ""Uqcr11"", ""Uqcrq"", ""Cox6a1"", ""Atp5j2"", ""Ndufs6"", ""Uqcrb"", ""Ndufb7"", ""Atp5a1"", ""Ndufc2"", ""Atp5j"", ""Ndufb8"", ""Ndufb6"", ""Atp5o"", ""Cycs"", ""Ndufa5"", ""Aco2"", ""Idh2"", ""Atp5c1"", ""Ndufc1"", ""Ndufa4"", ""Uqcr10"", ""Ndufs8"", ""Ndufb9"", ""Ndufaf2"", ""Mdh2"", ""Cox5a"", ""Ndufab1"", ""Dld"", ""mt-Nd1"", ""Cox5b"", ""Uqcrfs1"", ""Sdhb"", ""Atp5d"", ""Ndufa12"", ""Ndufv2"", ""Ndufb10"", ""Ndufb2"", ""Cs"", ""Cyc1"", ""Dlat"", ""Pdk3"", ""Idh3a"", ""Ndufs1"", ""Sdhc"", ""Idh3g"", ""Etfa"", ""Sdhd"")"
"22","GOCC_NUCLEAR_PERIPHERY","3.11376561453679e-07","1.16053057775348e-05","0.674962860011025","-0.658752484763636","-2.05038544809074","64","c(""Satb1"", ""Dntt"", ""Sfpq"", ""Hnrnpa2b1"", ""Anxa2"", ""Hnrnpm"", ""Psma6"", ""Lmnb1"", ""Prpf40a"", ""Phf5a"", ""Smarcc1"", ""Smarca4"", ""Basp1"", ""Ddx39b"", ""Smc3"", ""Hnrnpu"", ""Lbr"", ""Srrm1"", ""Stag2"", ""Rad21"", ""Gfi1"", ""Actl6a"", ""Gmcl1"", ""Psip1"", ""Clic4"", ""Smc1a"", ""Uhrf1"", ""Ruvbl1"", ""Phb2"", ""Pcna"")"
"23","GOCC_MITOCHONDRIAL_PROTEIN_CONTAINING_COMPLEX","1.81950462698848e-09","1.13024497097984e-07","0.788186810800237","-0.572652180683567","-2.04611384783986","155","c(""Slc25a5"", ""Atp5b"", ""Atp5h"", ""Cox7a2"", ""Atp5g3"", ""Cox7c"", ""Vdac1"", ""Atp5k"", ""Uqcr11"", ""Uqcrq"", ""Cox6a1"", ""Atp5j2"", ""Tomm7"", ""Ndufs6"", ""Uqcrb"", ""Ndufb7"", ""Atp5a1"", ""Ndufc2"", ""Atp5j"", ""Ndufb8"", ""Ndufb6"", ""Atp5o"", ""Ndufa5"", ""Dnajc15"", ""Chchd3"", ""Atp5c1"", ""Mrpl18"", ""Mrps28"", ""Mtx2"", ""Immt"", ""Ndufc1"", ""Tomm40"", ""Ndufa4"", ""Uqcr10"", ""Mrpl20"", ""Ndufs8"", ""Mrps33"", ""Mrps14"", ""Timm13"", ""Ndufb9"", ""Mrpl13"", ""Mrps36"", ""Romo1"", ""Phb2"", ""Cox5a"", ""Ndufab1"", ""Mrpl51"", ""Mrpl50"", ""Mrpl49"", ""Tomm20"", ""Mrpl21"", ""Dld"", 
""mt-Nd1"", ""Cox5b"", ""Uqcrfs1"", ""Mrpl34"", ""Sdhb"", ""Pam16"", ""Atp5d"", ""Mrps6"", ""Mrps11"", ""Mrps17"", ""Mrpl3"", ""Ndufa12"", ""Ndufv2"", ""Chchd1"", ""Mrps5"", ""Mrps12"", ""Ndufb10"", ""Mrpl46"", ""Mrps25"", ""Mrpl41"", ""Ndufb2"", ""Mrpl35"", ""Mrpl15"", ""Mrpl28"", ""Pmpcb"", ""Mrpl36"", ""Mrpl57"", ""Mrpl12"", ""Cyc1"", ""Chchd6"", ""Dlat"", ""Mrpl38"", ""Samm50"", ""Idh3a"", ""Mrpl45"", ""Ndufs1"", ""Mrpl54"", ""Sdhc"", ""Mrpl27"", ""Gadd45gip1"", ""Mrpl14"", ""Mrps18c"", ""Mtx1"", ""Idh3g"", ""Etfa"", ""Sdhd"", ""Mrpl1"", ""Mrps22"", ""Mrps18a"")"
"24","GOBP_SISTER_CHROMATID_SEGREGATION","4.61495337369268e-08","2.27868253331817e-06","0.719512826338911","-0.586766725748648","-2.02996221839096","114","c(""Anapc5"", ""Smarca5"", ""Smc4"", ""Smarcc1"", ""Smarca4"", ""Smc3"", ""Hnrnpu"", ""Bub3"", ""Stag2"", ""Rad21"", ""Bcl7c"", ""Actl6a"", ""Mad1l1"", ""Fbxo5"", ""Bcl7a"", ""Ncapd2"", ""Mzt1"", ""Smc1a"", ""Cdc16"", ""Ccnb1"", ""Baz1b"", ""Ran"", ""Nup62"", ""Nusap1"", ""Top2a"", ""Nudc"", ""Cdk1"", ""Kif11"", ""Spc24"", ""Nsmce2"", ""Cdca8"", ""Ncaph"", ""Spc25"", ""Cdc20"", ""Plk1"", ""Cenpe"", ""Ube2c"", ""Lcmt1"", ""Prc1"", ""Incenp"", ""Smc2"", ""Tubg1"", ""Drg1"", ""Ncapd3"", ""Birc5"", ""Smarcb1"", ""Kif22"", ""Tpx2"", ""Aurkb"", ""Rmi2"", ""Mad2l1"", ""Bub1b"", ""Zwint"", ""Ncapg2"", ""Hecw2"", 
""Seh1l"", ""Tacc3"", ""Kif23"", ""Mybl2"", ""Ncapg"", ""Kpnb1"", ""Cdc27"", ""Kif2c"", ""Ccdc61"", ""Cenpc1"", ""Knstrn"", ""Spdl1"", ""Kif18a"", ""Cdc6"", ""Nuf2"", ""Ndc80"", ""Kif2a"", ""Nek2"", ""Anapc1"", ""Ncaph2"", ""Cdca5"", ""Bub1"", ""Cenpk"", ""Cep192"", ""Ttk"", ""Cdk5rap2"", ""Anapc15"", ""Spag5"")"
"25","GOBP_REGULATION_OF_MRNA_PROCESSING","7.91948955720755e-07","2.69122889246988e-05","0.659444398037935","-0.691760468115019","-2.02645921878981","47","c(""Srsf3"", ""Hnrnpa2b1"", ""Ncl"", ""Srsf7"", ""Srsf9"", ""Srsf6"", ""Dhx9"", ""Rbmxl1"", ""Hnrnpu"", ""Eif4a3"", ""Srsf2"", ""Srsf10"", ""Srrm1"", ""Magoh"", ""Clns1a"", ""Thrap3"", ""Rbm8a"", ""Larp7"", ""Ptbp1"", ""Rbm3"", ""Leo1"", ""U2af2"", ""Rnps1"", ""Iws1"", ""Ccnb1"", ""Prmt5"", ""Fmr1"", ""Zfp36l1"", ""Sf3b4"", ""Ncbp1"", ""Srsf4"", ""Prpf19"")"
"26","MORI_PRE_BI_LYMPHOCYTE_UP","8.18624387749899e-07","2.76560999300068e-05","0.659444398037935","-0.635547633952262","-2.01627920746508","69","c(""Txn1"", ""Anp32e"", ""Dntt"", ""Hnrnpab"", ""Stmn1"", ""Cdca7"", ""Tubb5"", ""Lmnb1"", ""Dbi"", ""Smc4"", ""Smarcc1"", ""Hmgb3"", ""Slc29a1"", ""Rbbp4"", ""Hmgn2"", ""Mcm7"", ""Hjurp"", ""Rrm2"", ""Rrm1"", ""Lef1"", ""Gzma"", ""Tuba1a"", ""Mki67"", ""Lig1"", ""Ran"", ""Tubb4b"", ""Top2a"", ""Cdk1"", ""Nucks1"", ""E2f8"", ""Ccnb2"", ""Cdca3"", ""Ncaph"", ""Aurka"", ""Cdc20"", ""Ube2c"", ""Prc1"", ""Actn4"")"
"27","MORI_MATURE_B_LYMPHOCYTE_DN","4.27768604005392e-07","1.53491877350258e-05","0.674962860011025","-0.653438199988797","-2.01295298153856","61","c(""Sox4"", ""Txn1"", ""Dntt"", ""Myb"", ""Marcks"", ""Stmn1"", ""Desi1"", ""Ezh2"", ""Cox7a2"", ""Lmnb1"", ""Pafah1b3"", ""Rag1"", ""Smarca4"", ""Dgcr6"", ""Mpp1"", ""Plin2"", ""Rrm2"", ""Rag2"", ""Cycs"", ""Snrpc"", ""Ewsr1"", ""Lgals9"", ""Idh2"", ""Snrpb"", ""Psmc1"", ""Slc16a1"", ""Pla2g12a"", ""Uck2"", ""Ndufc1"", ""Ccnb1"", ""Gfra1"", ""Hmga1"", ""Ccnb2"", ""Prep"")"
"28","GOBP_AEROBIC_RESPIRATION","1.85645056729597e-07","7.49980064843972e-06","0.690132458796796","-0.601348113546486","-2.00276863339205","91","c(""Chchd2"", ""Atp5b"", ""Atp5h"", ""Cox7a2"", ""Cox7c"", ""Atp5k"", ""Uqcr11"", ""Uqcrq"", ""Cox6a1"", ""Atp5j2"", ""Ndufs6"", ""Uqcrb"", ""Ndufb7"", ""Atp5a1"", ""Ndufc2"", ""Atp5j"", ""Ndufb8"", ""Ndufb6"", ""Atp5o"", ""Cycs"", ""Ndufa5"", ""Dnajc15"", ""Aco2"", ""Akt1"", ""Cbfa2t3"", ""Idh2"", ""Mdh1"", ""Atp5c1"", ""Ndufc1"", ""Uqcr10"", ""Ndufs8"", ""Ccnb1"", ""Ndufb9"", ""Park7"", ""Mrps36"", ""Mdh2"", ""Cdk1"", ""Cox5a"", ""Ndufab1"", ""Dld"", ""mt-Nd1"", ""Cox5b"", ""Uqcrfs1"", ""Sdhb"", ""Atp5d"", ""Ndufa12"", ""Ndufv2"", ""Coq7"", ""Ndufb10"", ""Ndufb2"", ""Cs"", ""Bid"", ""Cyc1"", ""Acly"", 
""Msh2"", ""Dlat"", ""Idh3a"", ""Ndufs1"", ""Sdhc"", ""Gadd45gip1"", ""Idh3g"", ""Sdhd"")"
"29","WP_ELECTRON_TRANSPORT_CHAIN","1.16220151140151e-06","3.79324188212799e-05","0.643551836150722","-0.678203558947682","-1.99572130953111","50","c(""Atpif1"", ""Slc25a5"", ""Atp5b"", ""Atp5h"", ""Cox7a2"", ""Atp5g3"", ""Uqcr11"", ""Uqcrq"", ""Cox6a1"", ""Atp5j2"", ""Ndufs6"", ""Uqcrb"", ""Ndufb7"", ""Atp5a1"", ""Ndufc2"", ""Atp5j"", ""Ndufb6"", ""Atp5o"", ""Ndufa5"", ""Atp5c1"", ""Ndufc1"", ""Uqcr10"", ""Ndufs8"", ""Ndufb9"", ""Cox5a"", ""Ndufab1"", ""mt-Nd1"", ""Cox5b"", ""Uqcrfs1"", ""Sdhb"", ""Atp5d"", ""Ndufa12"", ""Ndufv2"", ""Ndufb10"", ""Ndufb2"")"
"30","GOCC_CHROMOSOME_CENTROMERIC_REGION","3.00018935730571e-08","1.53381362098717e-06","0.719512826338911","-0.569729141077114","-1.98875337798746","124","c(""H3f3a"", ""Dynll1"", ""Cbx1"", ""Cbx3"", ""Ezh2"", ""Smarca5"", ""Ctcf"", ""Smc4"", ""Smarcc1"", ""Smarca4"", ""Rcc2"", ""Ikzf1"", ""Smc3"", ""Hnrnpu"", ""Nsmce1"", ""Bub3"", ""Stag2"", ""Hjurp"", ""Rad21"", ""Ckap5"", ""Actl6a"", ""Mad1l1"", ""Cbx5"", ""Cfdp1"", ""Ncapd2"", ""Smc1a"", ""Smc5"", ""Mki67"", ""Ccnb1"", ""Nde1"", ""Baz1b"", ""Top2a"", ""Ska2"", ""Spc24"", ""Cdca8"", ""Spc25"", ""Aurka"", ""Cdc20"", ""Plk1"", ""Dnmt1"", ""Cenpe"", ""Cenpl"", ""Sec13"", ""Incenp"", ""Fmr1"", ""Cenpq"", ""Ncapd3"", ""Birc5"", ""Suv39h1"", ""Smarcb1"", ""Pole3"", ""Aurkb"", ""Mad2l1"", ""Cenpf"", ""Bub1b"", 
""Zwint"", ""Seh1l"", ""Cenpb"", ""Ncapg"", ""Kif2c"", ""Esco2"", ""Cenpp"", ""Cenpc1"", ""Cenpa"", ""Mis18bp1"", ""Knstrn"", ""Ska1"", ""Spdl1"", ""Kif18a"", ""Nuf2"", ""Ndc80"", ""Nek2"", ""Nup107"", ""Ercc6l"", ""Orc2"", ""Bub1"", ""Cenpk"", ""Sin3a"", ""Ttk"", ""Cenpo"", ""Cenpv"", ""Spag5"", ""Nsl1"", ""Suv39h2"", ""Xpo1"", ""Mis18a"", ""Nup160"", ""Hells"")"
"31","GOBP_REGULATION_OF_CHROMOSOME_ORGANIZATION","1.63054255270013e-07","6.72831737639189e-06","0.690132458796796","-0.568053582754667","-1.97778606889052","119","c(""H3f3a"", ""H3f3b"", ""Sfpq"", ""Hnrnpa2b1"", ""Hnrnpc"", ""Anapc5"", ""Smarca5"", ""Trim28"", ""Lig4"", ""Smc4"", ""Smarcc1"", ""Smarca4"", ""Hnrnpd"", ""Hnrnpu"", ""Bub3"", ""Rad21"", ""Bcl7c"", ""Tcp1"", ""Cct7"", ""Actl6a"", ""Mad1l1"", ""Fbxo5"", ""Mapk1"", ""Bcl7a"", ""Ncapd2"", ""Cct2"", ""Cdc16"", ""Parp1"", ""Smc5"", ""Ccnb1"", ""Ruvbl1"", ""Baz1b"", ""Uchl5"", ""Terf1"", ""Top2a"", ""Cdk1"", ""Cct3"", ""Spc24"", ""Nsmce2"", ""Cdca8"", ""Ncaph"", ""Spc25"", ""Cdc20"", ""Plk1"", ""Cenpe"", ""Ube2c"", ""Lcmt1"", ""Incenp"", ""Cct8"", ""Smc2"", ""Cdk2"", ""Birc5"", ""Smarcb1"", ""Aurkb"", ""Rmi2"", 
""Mad2l1"", ""Bub1b"", ""Ylpm1"", ""Zwint"", ""Hecw2"", ""Tacc3"")"
"32","GOCC_SM_LIKE_PROTEIN_FAMILY_COMPLEX","3.49668967299735e-06","9.8538420687345e-05","0.627256739718528","-0.661606804389859","-1.97640985793506","52","c(""Snrpe"", ""Snrpd1"", ""Prpf40a"", ""Phf5a"", ""Ddx39b"", ""Clns1a"", ""Larp7"", ""Lsm8"", ""Sf3b6"", ""Snrpc"", ""Htatsf1"", ""Snrpd2"", ""Lsm3"", ""Snrpb"", ""Sf3b2"", ""Sf3a3"", ""Lsm2"", ""Luc7l"", ""Strap"", ""Sf3a1"", ""Snrpb2"", ""Sf3b3"", ""Snrpa"", ""Lsm5"", ""Prpf8"", ""Smn1"", ""Txnl4a"", ""Eftud2"", ""Sf3a2"", ""Fmr1"", ""Sf3b4"", ""Tssc4"", ""Ppih"", ""Sf3b5"", ""Snrnp200"", ""Nolc1"", ""Lsm4"", ""Snrpf"")"
"33","GOBP_REGULATION_OF_CHROMOSOME_SEGREGATION","2.33447623291005e-06","6.81124706945522e-05","0.627256739718528","-0.616672225204357","-1.97046634579454","72","c(""Anapc5"", ""Smc4"", ""Smarcc1"", ""Smarca4"", ""Rcc2"", ""Hnrnpu"", ""Bub3"", ""Rad21"", ""Bcl7c"", ""Actl6a"", ""Mad1l1"", ""Fbxo5"", ""Bcl7a"", ""Ncapd2"", ""Cdc16"", ""Smc5"", ""Mki67"", ""Ccnb1"", ""Cdk1"", ""Spc24"", ""Nsmce2"", ""Cdca8"", ""Ncaph"", ""Spc25"", ""Cdc20"", ""Plk1"", ""Cenpe"", ""Ube2c"", ""Lcmt1"", ""Incenp"", ""Smc2"", ""Ncapd3"", ""Birc5"", ""Smarcb1"", ""Aurkb"", ""Rmi2"", ""Mad2l1"", ""Bub1b"", ""Zwint"", ""Ncapg2"", ""Hecw2"", ""Tacc3"", ""Ncapg"", ""Cdc27"", ""Kif2c"", ""Spdl1"", ""Cdc6"", ""Nuf2"", ""Ndc80"", ""Anapc1"", ""Ncaph2"", ""Bub1"", ""Cep192"", ""Ttk"", ""Cdk5rap2"", 
""Anapc15"", ""Rad18"")"
"34","LAZARO_GENETIC_MOUSE_MODEL_HIGH_GRADE_SMALL_CELL_NEUROENDOCRINE_LUNG_CARCINOMA_UP","1.60242894298957e-13","2.05716266747795e-11","0.943632225232838","-0.503199370783224","-1.96943570107175","382","c(""Tox"", ""Myb"", ""Atpif1"", ""Stmn1"", ""Xrcc6"", ""Ezh2"", ""Hnrnpa3"", ""Tubb5"", ""Mtf2"", ""Snrpd1"", ""Srsf1"", ""Smc4"", ""Smarcc1"", ""Dut"", ""Dhx9"", ""Rcc2"", ""Hnrnpd"", ""Gtf2a2"", ""Thoc7"", ""Hmgn2"", ""Mcm7"", ""Hjurp"", ""Supt16"", ""Hmgb2"", ""Morf4l2"", ""Larp7"", ""Tmpo"", ""Suz12"", ""Msh6"", ""Slc38a1"", ""Pcm1"", ""Ckap5"", ""Gpr162"", ""Sae1"", ""Nasp"", ""Agpat5"", ""Ccna2"", ""Tube1"", ""Cks2"", ""Pbk"", ""H1f0"", ""Ilf3"", ""Prmt1"", ""Syt13"", ""Bcl7a"", ""Slbp"", ""Rrm1"", ""Cbx5"", ""Psip1"", ""1500009L16Rik"", ""C2cd5"", ""Myef2"", ""Ncapd2"", ""Tdrkh"", ""Nt5c2"", ""Tyms"", 
""Uba2"", ""Uhrf1"", ""Med14"", ""Smc5"", ""Rfc1"", ""Mki67"", ""Lig1"", ""Ccnb1"", ""Cdk4"", ""Trim59"", ""Sumo3"", ""Cdkn2d"", ""Dbf4"", ""Ranbp1"", ""Hmgn3"", ""Ran"", ""Ctdspl2"", ""Pmm1"", ""Nusap1"", ""Eri1"", ""Top2a"", ""Cdkn2c"", ""Pcna"", ""Cdk1"", ""Nucks1"", ""Cdc25a"", ""Kif11"", ""Lockd"", ""E2f8"", ""Ska2"", ""Ccne2"", ""Abi2"", ""Ccnb2"", ""Cdca8"", ""Ncaph"", ""Spc25"", ""Clspn"", ""Aurka"", ""Cdc20"", ""Plk1"", ""Dnmt1"", ""Fcho1"", ""Cenpe"", ""Rfc4"", ""Cenpl"", ""Ube2c"", ""Tipin"", ""Prc1"", ""Cep295"", ""Nop58"", ""G2e3"", ""Incenp"", ""Smc2"", ""Lin9"", ""Cenpq"", ""Tubg1"", ""Ect2"", 
""Ncapd3"", ""Cdk2"", ""Birc5"", ""Cstf2"", ""Kif22"", ""Orc6"", ""Ahi1"", ""Syce2"", ""Tpx2"", ""Sqle"", ""Ncbp1"", ""Aurkb"", ""Sass6"", ""Ccdc18"", ""Mad2l1"", ""Tex9"", ""Cenpf"", ""Plk4"", ""Bub1b"", ""Ncapg2"", ""Atad5"", ""4930579G24Rik"", ""Atad2"", ""Tacc3"", ""Kif20a"", ""Kif23"", ""Kpna2"", ""Ckap2l"", ""Sclt1"", ""Gmps"", ""Ncapg"", ""Depdc1a"", ""Ckap2"", ""Arhgap19"", ""Shcbp1"", ""Kif2c"", ""Gins1"", ""Nmral1"", ""Irak1bp1"", ""Topbp1"", ""9530077C05Rik"", ""Kif20b"", ""Prim2"", ""Wdr76"", ""Rif1"", ""Idh3a"", ""Cntrob"", ""Kif4"", ""Neil3"", ""Rnaseh2b"", ""Cenpa"", ""Mis18bp1"", ""Knstrn"", 
""Ska1"", ""Polr3h"", ""Spdl1"", ""Alms1"", ""Gmnn"", ""Dlgap5"", ""Pola1"", ""Mcm2"", ""Kif18a"", ""Cdc6"", ""Trim37"", ""Nuf2"", ""Rbm15"", ""Anln"", ""Nme1"", ""Ndc80"", ""Exo1"", ""Ubr7"", ""Hmmr"", ""Zbed3"", ""Ddx11"", ""Ints7"", ""Mcm6"", ""Nek2"", ""Foxm1"", ""Rnf126"", ""Usp37"", ""Orc2"", ""Dna2"", ""Nphp1"", ""Rev1"", ""Ephb2"", ""Casp3"", ""Cdca5"", ""Gins2"", ""Cenpk"", ""Apoo"", ""Ttk"", ""Chaf1a"", ""Paxip1"", ""Cdk5rap2"", ""Fignl1"", ""Ccp110"", ""Lancl2"", ""Cdc7"", ""Sfmbt1"", ""Cenpv"", ""Spag5"", ""Npat"", ""Rad18"", ""Rbl1"", ""Gas2l3"", ""Fancm"", ""Blm"", ""Nsl1"", ""Dhfr"", ""Cdc25c"", 
""Hirip3"", ""Rpa1"", ""Ift80"", ""Gtse1"", ""Trip13"", ""Hells"", ""Ipo5"", ""Dtl"", ""Arhgef39"", ""Pif1"", ""Cdc45"", ""Stil"", ""Hook1"", ""Brca2"", ""Melk"", ""Aspm"", ""Mbd4"", ""Hyls1"", ""Cdkn3"", ""Cenpn"", ""Cdca2"", ""Tubgcp2"", ""Nup155"", ""Prr11"")"
"35","GOBP_REGULATION_OF_MRNA_SPLICING_VIA_SPLICEOSOME","1.60664353399476e-05","0.000365416523460146","0.575610261071129","-0.683588614949766","-1.96702030658857","41","c(""Srsf3"", ""Hnrnpa2b1"", ""Ncl"", ""Srsf7"", ""Srsf9"", ""Srsf6"", ""Rbmxl1"", ""Hnrnpu"", ""Eif4a3"", ""Srsf2"", ""Srsf10"", ""Srrm1"", ""Magoh"", ""Clns1a"", ""Thrap3"", ""Rbm8a"", ""Larp7"", ""Ptbp1"", ""Rbm3"", ""U2af2"")"
"36","GOCC_CHROMOSOMAL_REGION","3.88374468783251e-08","1.95099070100943e-06","0.719512826338911","-0.539516446375134","-1.956486093298","168","c(""H3f3a"", ""H3f3b"", ""Hnrnpa2b1"", ""Dynll1"", ""Cbx1"", ""Cbx3"", ""Ezh2"", ""Smarca5"", ""Ctcf"", ""Smc4"", ""Smarcc1"", ""Smarca4"", ""Rcc2"", ""Ikzf1"", ""Smc3"", ""Hnrnpu"", ""Rbbp4"", ""Nsmce1"", ""Bub3"", ""Thoc7"", ""Stag2"", ""Hjurp"", ""Rad21"", ""Alyref"", ""Ckap5"", ""Actl6a"", ""Mad1l1"", ""Cbx5"", ""Cfdp1"", ""Ncapd2"", ""Smc1a"", ""Smc5"", ""Hdac2"", ""Thoc6"", ""Mki67"", ""Ccnb1"", ""Nde1"", ""Baz1b"", ""Terf1"", ""Top2a"", ""Ska2"", ""Spc24"", ""Nsmce2"", ""Cdca8"", ""Spc25"", ""Aurka"", ""Cdc20"", ""Plk1"", ""Dnmt1"", ""Cenpe"", ""Cenpl"", ""Sec13"", ""Incenp"", ""Fmr1"", ""Cenpq"", 
""Ncapd3"", ""Cdk2"", ""Birc5"", ""Suv39h1"", ""Smarcb1"", ""Pole3"", ""Aurkb"", ""Mad2l1"", ""Cenpf"", ""Bub1b"", ""Zwint"", ""Polr2b"", ""Seh1l"", ""Cenpb"", ""Thoc3"", ""Ncapg"", ""Kif2c"", ""Xrcc1"", ""Wrn"", ""Esco2"", ""Rif1"", ""Cenpp"", ""Cenpc1"", ""Cenpa"", ""Mis18bp1"", ""Knstrn"", ""Ska1"", ""Rbbp7"", ""Spdl1"", ""Kif18a"", ""Nuf2"", ""Ndc80"", ""Nek2"", ""Nup107"", ""Rad51ap1"", ""Ercc6l"", ""Orc2"", ""Dna2"", ""Telo2"", ""Bub1"", ""Cenpk"", ""Sin3a"", ""Fen1"", ""Ttk"", ""Cenpo"", ""Cenpv"", ""Spag5"", ""Terf2ip"", ""Blm"", ""Tinf2"", ""Nsl1"", ""Suv39h2"", ""Xpo1"", ""Mis18a"", ""Nup160"", 
""Hells"")"
"37","GOBP_NUCLEAR_CHROMOSOME_SEGREGATION","1.01868613901042e-07","4.59761705083063e-06","0.704975715167238","-0.549699388494627","-1.95290217930842","149","c(""Anapc5"", ""Smarca5"", ""Smc4"", ""Smarcc1"", ""Smarca4"", ""Rcc2"", ""Smc3"", ""Hnrnpu"", ""Bub3"", ""Stag2"", ""Rad21"", ""Bcl7c"", ""Actl6a"", ""Mad1l1"", ""Fbxo5"", ""Bcl7a"", ""Ncapd2"", ""Mzt1"", ""Smc1a"", ""Cdc16"", ""Ccnb1"", ""Baz1b"", ""Ran"", ""Nup62"", ""Terf1"", ""Ddb1"", ""Nusap1"", ""Top2a"", ""Nudc"", ""Cdk1"", ""Kif11"", ""Ccne2"", ""Ccnb2"", ""Spc24"", ""Nsmce2"", ""Psmc3ip"", ""Cdca8"", ""Ncaph"", ""Spc25"", ""Aurka"", ""Cdc20"", ""Plk1"", ""Cenpe"", ""Ube2c"", ""Lcmt1"", ""Prc1"", ""Incenp"", ""Smc2"", ""Cenpq"", ""Tubg1"", ""Ect2"", ""Drg1"", ""Ncapd3"", ""Birc5"", ""Smarcb1"", 
""Kif22"", ""Syce2"", ""Tpx2"", ""Aurkb"", ""Rmi2"", ""Mad2l1"", ""Cenpf"", ""Bub1b"", ""Zwint"", ""Ncapg2"", ""Hecw2"", ""Seh1l"", ""Tacc3"", ""Kif23"", ""Mybl2"", ""Ncapg"", ""Kpnb1"", ""Ehmt2"", ""Cdc27"", ""Kif2c"", ""Ccdc61"", ""Cenpc1"", ""Kif4"", ""Knstrn"", ""Spdl1"", ""Kif18a"", ""Cdc6"", ""Nuf2"", ""Ndc80"", ""Kif2a"", ""Nek2"", ""Anapc1"", ""Ncaph2"", ""Cdca5"", ""Bub1"", ""Cenpk"", ""Cep192"", ""Ttk"", ""Cdk5rap2"", ""Anapc15"", ""Spag5"", ""Dcaf13"", ""Nsl1"", ""Psrc1"", ""Gem"")"
"38","GOCC_NUCLEAR_SPECK","7.05443657936436e-07","2.4403281508376e-05","0.659444398037935","-0.571049693147038","-1.95072629616436","104","c(""Srsf3"", ""Tcf12"", ""Pnn"", ""Pcbp1"", ""Srsf7"", ""Srsf9"", ""Srsf6"", ""U2af1"", ""Srsf1"", ""Phf5a"", ""Smc4"", ""Basp1"", ""Gtf2h4"", ""Ddx39b"", ""Hnrnpu"", ""Srsf2"", ""Thoc7"", ""Srsf10"", ""Srrm1"", ""Nr3c1"", ""Ddx46"", ""Thrap3"", ""Rbm8a"", ""Bclaf1"", ""Eif4e"", ""Zcchc12"", ""U2af2"", ""Sf3b2"", ""Ak6"", ""Sf3a3"", ""Wbp11"", ""Smc5"", ""Thoc6"", ""Zc3h18"", ""Polr2d"", ""Sf3a1"", ""Srek1"", ""Bmp2k"", ""Snrpb2"", ""Hbp1"", ""Topors"", ""Eftud2"", ""Sf3a2"", ""Cops4"", ""Kif22"", ""Rreb1"", ""Rmi2"", ""Srsf4"", ""Prpf19"", ""Api5"", ""Ylpm1"", ""Ncapg2"", ""Ppih"", ""Jade1"", ""Cdc34"")"
"39","GOBP_ENERGY_DERIVATION_BY_OXIDATION_OF_ORGANIC_COMPOUNDS","2.41282641767133e-07","9.35496524489078e-06","0.674962860011025","-0.554294275732465","-1.94679129786441","129","c(""Hmgb1"", ""Chchd2"", ""Atp5b"", ""Atp5h"", ""Cox7a2"", ""Cox7c"", ""Atp5k"", ""Uqcr11"", ""Uqcrq"", ""Cox6a1"", ""Atp5j2"", ""Ndufs6"", ""Uqcrb"", ""Ndufb7"", ""Prelid1"", ""Atp5a1"", ""Ndufc2"", ""Atp5j"", ""Ndufb8"", ""Ndufb6"", ""Atp5o"", ""Cycs"", ""Ndufa5"", ""Dnajc15"", ""Nfatc3"", ""Aco2"", ""Akt1"", ""Cbfa2t3"", ""Idh2"", ""Mdh1"", ""Atp5c1"", ""Ndufc1"", ""Uqcr10"", ""Ndufs8"", ""Ccnb1"", ""Ndufb9"", ""Park7"", ""Mrps36"", ""Mdh2"", ""Cdk1"", ""Cox5a"", ""Ndufab1"", ""Dld"", ""mt-Nd1"", ""Cox5b"", ""Uqcrfs1"", ""Ptges3"", ""Sdhb"", ""Ppp1r2"", ""Atp5d"", ""Ndufa12"", ""Ndufv2"", ""Agl"", 
""Coq7"", ""Ndufb10"", ""Ndufb2"", ""Cs"", ""Bid"", ""Cyc1"", ""Acly"", ""Msh2"", ""Dlat"", ""Idh3a"", ""Ndufs1"", ""Nr4a3"", ""Cisd1"", ""Tcf7l2"", ""Sdhc"", ""Gadd45gip1"", ""Idh3g"", ""Etfa"", ""Sdhd"")"
"40","GOCC_U2_TYPE_SPLICEOSOMAL_COMPLEX","5.10858044308114e-06","0.000139208817073961","0.610526878385931","-0.663482446962769","-1.94339672480679","49","c(""Snrpe"", ""Snrpd1"", ""Prpf40a"", ""Phf5a"", ""Eif4a3"", ""Rbm8a"", ""Lsm8"", ""Sf3b6"", ""U2af2"", ""Htatsf1"", ""Snrpd2"", ""Lsm3"", ""Snrpb"", ""Sf3b2"", ""Sf3a3"", ""Smu1"", ""Lsm2"", ""Luc7l"", ""Prpf38a"", ""Sf3a1"", ""Snrpb2"", ""Sf3b3"", ""Lsm5"", ""Ppil1"", ""Prpf8"", ""Txnl4a"", ""Eftud2"", ""Sf3a2"", ""Sf3b4"", ""Prpf19"", ""Sf3b5"", ""Snrnp200"", ""Lsm4"", ""Snrpf"", ""Magohb"")"
"41","GOBP_MITOTIC_SISTER_CHROMATID_SEGREGATION","2.0739455399691e-06","6.24019967937577e-05","0.627256739718528","-0.56972748334469","-1.94277021012798","100","c(""Anapc5"", ""Smarca5"", ""Smc4"", ""Smc3"", ""Hnrnpu"", ""Bub3"", ""Stag2"", ""Rad21"", ""Mad1l1"", ""Fbxo5"", ""Ncapd2"", ""Mzt1"", ""Smc1a"", ""Cdc16"", ""Ccnb1"", ""Baz1b"", ""Ran"", ""Nup62"", ""Nusap1"", ""Nudc"", ""Cdk1"", ""Kif11"", ""Spc24"", ""Nsmce2"", ""Cdca8"", ""Ncaph"", ""Spc25"", ""Cdc20"", ""Plk1"", ""Cenpe"", ""Ube2c"", ""Lcmt1"", ""Prc1"", ""Incenp"", ""Smc2"", ""Tubg1"", ""Drg1"", ""Ncapd3"", ""Birc5"", ""Kif22"", ""Tpx2"", ""Aurkb"", ""Mad2l1"", ""Bub1b"", ""Zwint"", ""Ncapg2"", ""Seh1l"", ""Kif23"", ""Mybl2"", ""Ncapg"", ""Kpnb1"", ""Kif2c"", ""Ccdc61"", ""Cenpc1"", ""Knstrn"", ""Spdl1"", 
""Kif18a"", ""Nuf2"", ""Ndc80"", ""Kif2a"", ""Nek2"", ""Ncaph2"", ""Cdca5"", ""Bub1"", ""Cenpk"", ""Cep192"", ""Ttk"", ""Cdk5rap2"", ""Anapc15"", ""Spag5"", ""Nsl1"", ""Psrc1"")"
"42","GOBP_PROTEIN_DNA_COMPLEX_ORGANIZATION","1.37625712663629e-09","8.83404157841981e-08","0.788186810800237","-0.522279517534917","-1.94235371059307","231","c(""Satb1"", ""H3f3a"", ""Hmgb1"", ""H3f3b"", ""Ptma"", ""Tox"", ""Anp32e"", ""Sfpq"", ""Cbx1"", ""Mier1"", ""Cbx3"", ""Ezh2"", ""Gata3"", ""Hmgn1"", ""Lmnb1"", ""Rag1"", ""Mtf2"", ""Anp32b"", ""Smarca5"", ""Brd3"", ""Ctcf"", ""Trim28"", ""Smarcc1"", ""Smarca4"", ""Psmc6"", ""Ikzf1"", ""Dek"", ""Hnrnpu"", ""Gtf2a2"", ""Rbbp4"", ""Tcf3"", ""Hmgn2"", ""Hjurp"", ""Supt16"", ""Banf1"", ""Nr3c1"", ""Rad21"", ""Bcl7c"", ""Bcl6"", ""Morf4l2"", ""Hdac1"", ""Rag2"", ""Mbd3"", ""Kcnq1ot1"", ""Suz12"", ""Asf1a"", ""Nap1l1"", ""Tcf4"", ""Hdgf"", ""Actl6a"", ""Nasp"", ""Brd8"", ""Utp3"", ""Tdg"", ""H1f0"", ""Bcl7a"", ""Trim27"", 
""Cbx5"", ""Hcfc1"", ""Cfdp1"", ""Psip1"", ""Kdm2b"", ""Pak1"", ""Med7"", ""Iws1"", ""Uhrf1"", ""Med14"", ""Scmh1"", ""Hdac2"", ""Mki67"", ""Ruvbl1"", ""Eny2"", ""Baz1b"", ""Hmgn3"", ""Uchl5"", ""Terf1"", ""Ddb1"", ""Nucks1"", ""Hmgn5"", ""Hmga1"", ""Taf1"", ""Cebpg"", ""Padi4"", ""Nudt5"", ""Morc1"", ""Nfat5"", ""Dnmt1"", ""Cenpe"", ""Prmt5"", ""Ddx21"", ""Brcc3"", ""a"", ""Med19"", ""Set"", ""Cdk2"", ""Suv39h1"", ""Smarcb1"")"
"43","LE_EGR2_TARGETS_UP","2.25051532260208e-06","6.63327909115929e-05","0.627256739718528","-0.59601003331966","-1.94124007974342","81","c(""Ppp1r14b"", ""Marcksl1"", ""Hnrnpa2b1"", ""Marcks"", ""Ets1"", ""Ezh2"", ""Lmnb1"", ""Cxcr4"", ""Basp1"", ""Nt5dc2"", ""Mcm7"", ""Rrm2"", ""Rbm3"", ""Cuedc2"", ""Ccna2"", ""Cks2"", ""Chl1"", ""Rrm1"", ""Nav2"", ""Lsm2"", ""Uhrf1"", ""Usp1"", ""Hdac2"", ""Mki67"", ""Trim59"", ""Nusap1"", ""Top2a"", ""Cdk1"", ""Klf10"", ""Kif11"", ""Ccnb2"", ""Cdca8"", ""Ncaph"", ""Aurka"", ""Cdc20"", ""Plk1"", ""Rpa3"", ""Prc1"", ""Incenp"", ""Smc2"", ""Lin9"", ""Ect2"", ""Birc5"", ""Kif22"", ""Mad2l1"", ""Cdkn1c"", ""Plk4"", ""Kif20a"", ""Kif23"", ""Kpna2"", ""Cks1b"")"
"44","GOBP_CELLULAR_RESPIRATION","2.19973066285482e-06","6.51684309708322e-05","0.627256739718528","-0.562785733955227","-1.9399439336676","110","c(""Chchd2"", ""Atp5b"", ""Atp5h"", ""Cox7a2"", ""Cox7c"", ""Atp5k"", ""Uqcr11"", ""Uqcrq"", ""Cox6a1"", ""Atp5j2"", ""Ndufs6"", ""Uqcrb"", ""Ndufb7"", ""Prelid1"", ""Atp5a1"", ""Ndufc2"", ""Atp5j"", ""Ndufb8"", ""Ndufb6"", ""Atp5o"", ""Cycs"", ""Ndufa5"", ""Dnajc15"", ""Nfatc3"", ""Aco2"", ""Akt1"", ""Cbfa2t3"", ""Idh2"", ""Mdh1"", ""Atp5c1"", ""Ndufc1"", ""Uqcr10"", ""Ndufs8"", ""Ccnb1"", ""Ndufb9"", ""Park7"", ""Mrps36"", ""Mdh2"", ""Cdk1"", ""Cox5a"", ""Ndufab1"", ""Dld"", ""mt-Nd1"", ""Cox5b"", ""Uqcrfs1"", ""Sdhb"", ""Atp5d"", ""Ndufa12"", ""Ndufv2"", ""Coq7"", ""Ndufb10"", ""Ndufb2"", ""Cs"", 
""Bid"", ""Cyc1"", ""Acly"", ""Msh2"", ""Dlat"", ""Idh3a"", ""Ndufs1"", ""Nr4a3"", ""Cisd1"", ""Sdhc"", ""Gadd45gip1"", ""Idh3g"", ""Etfa"", ""Sdhd"")"
"45","GOBP_CHROMOSOME_ORGANIZATION","2.2845140960247e-10","1.629338016387e-08","0.826657301178302","-0.512342800032801","-1.939906943242","267","c(""H3f3a"", ""Hmgb1"", ""H3f3b"", ""Sfpq"", ""Hnrnpa2b1"", ""Xrcc6"", ""Ezh2"", ""Hsp90aa1"", ""Hnrnpc"", ""Anapc5"", ""Smarca5"", ""Trim28"", ""Lig4"", ""Smc4"", ""Smarcc1"", ""Smarca4"", ""Dhx9"", ""Hnrnpd"", ""Smc3"", ""Hnrnpu"", ""Bub3"", ""Mcm7"", ""Stag2"", ""Hjurp"", ""Rad21"", ""Bcl7c"", ""Tcp1"", ""Cct7"", ""Actl6a"", ""Nasp"", ""Mad1l1"", ""Fbxo5"", ""Mapk1"", ""H1f0"", ""Bcl7a"", ""Ddx1"", ""Pds5b"", ""Pds5a"", ""Ncapd2"", ""Mzt1"", ""Cct2"", ""Smc1a"", ""Cdc16"", ""Parp1"", ""Smc5"", ""Ccnb1"", ""Ruvbl1"", ""Baz1b"", ""Ssbp1"", ""Uchl5"", ""Ran"", ""Nup62"", ""Terf1"", ""Fbxw7"", ""Phb2"", ""Nusap1"", 
""Top2a"", ""Pcna"", ""Nudc"", ""Cdk1"", ""Kif11"", ""Cct3"", ""Ccne2"", ""Spc24"", ""Nsmce2"", ""Psmc3ip"", ""Cdca8"", ""Ncaph"", ""Spc25"", ""Naa50"", ""Ptges3"", ""Cdc20"", ""Plk1"", ""Cenpe"", ""Ube2c"", ""Lcmt1"", ""Prc1"", ""Incenp"", ""Cct8"", ""Smc2"", ""Tubg1"", ""Drg1"", ""Ncapd3"", ""Cdk2"", ""Itpa"", ""Birc5"", ""Suv39h1"", ""Smarcb1"", ""Kif22"", ""Syce2"", ""Tpx2"", ""Aurkb"", ""Rmi2"", ""Mad2l1"", ""Hat1"", ""Bub1b"", ""Ylpm1"", ""Zwint"", ""Ncapg2"", ""Hecw2"", ""Seh1l"", ""Tacc3"", ""Kif23"", ""Mybl2"", ""Ncapg"", ""Kpnb1"", ""Ehmt2"", ""Cdc27"", ""Msh2"", ""Kif2c"", ""Xrcc1"", ""Ccdc61"", 
""Wrn"", ""Gins1"", ""Ruvbl2"", ""Esco2"", ""Rif1"", ""Cenpp"", ""Cenpc1"", ""Cenpa"", ""Knstrn"", ""Tcf7l2"", ""Spdl1"", ""Dlgap5"", ""Mcm2"", ""Kif18a"", ""Cdc6"", ""Nuf2"", ""Recql"", ""Ndc80"", ""Ddx11"", ""Kif2a"", ""Mcm6"", ""Nek2"", ""Nup107"", ""Anapc1"", ""Ncaph2"", ""Dna2"", ""Telo2"", ""Cdca5"", ""Bub1"", ""Gins2"", ""Cenpk"", ""Pphln1"", ""Cep192"", ""Fen1"", ""Ttk"", ""Cdk5rap2"", ""Anapc15"", ""Cenpo"", ""Cenpv"", ""Spag5"", ""Terf2ip"", ""Blm"", ""Tinf2"", ""Nsl1"", ""Psrc1"", ""Gem"", ""Mis18a"", ""Naf1"", ""Rpa1"", ""Trip13"")"
"46","GOBP_REGULATION_OF_MRNA_METABOLIC_PROCESS","6.2036588464787e-06","0.000165154549106486","0.610526878385931","-0.59228650761085","-1.93867374238732","84","c(""Srsf3"", ""Hnrnpab"", ""Hnrnpa2b1"", ""Ncl"", ""Ybx1"", ""Hnrnpc"", ""Srsf7"", ""Srsf9"", ""Srsf6"", ""Srsf1"", ""Caprin1"", ""Dhx9"", ""Hnrnpd"", ""Rbmxl1"", ""Hnrnpu"", ""Eif4a3"", ""Srsf2"", ""Hnrnpr"", ""Srsf10"", ""Srrm1"", ""Magoh"", ""Clns1a"", ""Thrap3"", ""Rbm8a"", ""Larp7"", ""Ptbp1"", ""Syncrip"", ""Rbm3"", ""Leo1"", ""U2af2"", ""Rnps1"", ""Iws1"", ""Ccnb1"", ""Exosc3"", ""Carhsp1"", ""Khsrp"", ""Taf15"", ""Prmt5"", ""Fmr1"", ""Zfp36l1"", ""Sf3b4"", ""Larp4b"", ""Ncbp1"", ""Rock2"", ""Srsf4"", ""Prpf19"")"
"47","GOCC_SMALL_NUCLEAR_RIBONUCLEOPROTEIN_COMPLEX","9.58025966914396e-06","0.000237532876002767","0.593325476396405","-0.662695257481588","-1.9380607706411","46","c(""Snrpe"", ""Snrpd1"", ""Prpf40a"", ""Phf5a"", ""Ddx39b"", ""Larp7"", ""Lsm8"", ""Sf3b6"", ""Snrpc"", ""Htatsf1"", ""Snrpd2"", ""Lsm3"", ""Snrpb"", ""Sf3b2"", ""Sf3a3"", ""Lsm2"", ""Luc7l"", ""Sf3a1"", ""Snrpb2"", ""Sf3b3"", ""Snrpa"", ""Lsm5"", ""Prpf8"", ""Txnl4a"", ""Eftud2"", ""Sf3a2"", ""Sf3b4"", ""Tssc4"", ""Ppih"", ""Sf3b5"", ""Snrnp200"", ""Nolc1"", ""Lsm4"", ""Snrpf"")"
"48","REACTOME_RNA_POLYMERASE_II_TRANSCRIPTION_TERMINATION","7.90661330185506e-06","0.000205750022724399","0.593325476396405","-0.735958004765085","-1.93666857822502","29","c(""Srsf3"", ""Srsf7"", ""Snrpe"", ""Srsf9"", ""U2af1"", ""Srsf1"", ""Ddx39b"", ""Eif4a3"", ""Srsf2"", ""Thoc7"", ""Srrm1"", ""Magoh"", ""Alyref"", ""Rbm8a"", ""U2af2"", ""Snrpb"", ""Slbp"", ""Rnps1"", ""Thoc6"", ""Nudt21"")"
"49","REACTOME_GENERATION_OF_SECOND_MESSENGER_MOLECULES","2.94371282670693e-06","8.33619068621858e-05","0.627256739718528","-0.816418212443704","-1.93647766964746","20","c(""Trbc2"", ""Lat"", ""Cd4"", ""Cd247"", ""Trbc1"", ""Trac"", ""Lcp2"", ""Cd3d"", ""Fyb"", ""Pak1"", ""Cd3e"")"
"50","GOBP_ALTERNATIVE_MRNA_SPLICING_VIA_SPLICEOSOME","1.01690210149004e-05","0.000249984827247148","0.593325476396405","-0.771981810348352","-1.93337466914399","24","c(""Sfpq"", ""Hnrnpm"", ""Srsf9"", ""Srsf6"", ""Hnrnpa1"", ""Srsf1"", ""Dhx9"", ""Hnrnpu"", ""Srsf2"", ""Magoh"", ""Thrap3"", ""Rbm8a"", ""Ptbp1"", ""Rbm17"", ""Rnps1"", ""Strap"")"
"51","MARTORIATI_MDM4_TARGETS_FETAL_LIVER_DN","5.95422834559516e-08","2.8664647627086e-06","0.719512826338911","-0.531950209847382","-1.93296600288426","169","c(""Satb1"", ""Sox4"", ""Anp32e"", ""Sfpq"", ""Myb"", ""Ets1"", ""Ncl"", ""Lmo4"", ""St13"", ""Anapc5"", ""Hnrnpa1"", ""Smarca5"", ""Srsf1"", ""Prpf40a"", ""Dhx9"", ""Basp1"", ""Rcc2"", ""Ccar1"", ""Nck2"", ""Supt16"", ""Lrrc59"", ""Thrap3"", ""Psap"", ""Suz12"", ""Tcf4"", ""Bclaf1"", ""Eif5b"", ""Amd1"", ""Knop1"", ""Nfatc3"", ""Ivns1abp"", ""Brd8"", ""Utp3"", ""Mtdh"", ""Pknox1"", ""Cbx5"", ""Hcfc1"", ""Cd1d1"", ""Smc1a"", ""Nudt4"", ""Clic1"", ""Hmgcr"", ""Tfrc"", ""Baz1b"", ""Abcf2"", ""Rbm28"", ""Eif4g1"", ""Srek1"", ""Nucks1"", ""Kif11"", ""Pitpnb"", ""Atp2b1"", ""Naa50"", ""Prc1"", ""Ubap2"", ""Ddx21"", 
""Incenp"", ""Hdlbp"", ""Pdia6"", ""Pcyt1a"", ""Pole3"", ""Rock2"", ""Dgcr8"", ""Prkar2b"", ""Ddx18"", ""Prpf19"", ""Odf2"", ""Pim1"", ""Eprs"", ""Kif15"", ""Zfpm1"", ""Nolc1"", ""Kpna3"", ""Magt1"", ""Angptl2"", ""Cbx2"")"
"52","GOMF_CHROMATIN_BINDING","1.65942162890552e-09","1.04200855980296e-07","0.788186810800237","-0.518723289877886","-1.93135084712301","233","c(""Satb1"", ""H3f3a"", ""H3f3b"", ""Tox"", ""Sfpq"", ""Cux1"", ""Cbx1"", ""Ybx1"", ""Maz"", ""Cbx3"", ""Ezh2"", ""Hmgn1"", ""Mtf2"", ""Smarca5"", ""Brd3"", ""Ctcf"", ""Trim28"", ""Smc4"", ""Smarcc1"", ""Smarca4"", ""Dhx9"", ""Hnrnpd"", ""Patz1"", ""Rbmxl1"", ""Smc3"", ""Hnrnpu"", ""Tcf3"", ""Hmgn2"", ""Stag2"", ""Supt16"", ""Nr3c1"", ""Rad21"", ""Xbp1"", ""Bcl6"", ""Stat5b"", ""Hdac1"", ""Rag2"", ""Mbd3"", ""Kcnq1ot1"", ""Suz12"", ""Msh6"", ""Asf1a"", ""Nap1l1"", ""Tcf4"", ""Actl6a"", ""Nfatc3"", ""Ikzf3"", ""Cbfa2t3"", ""Cks2"", ""Runx1"", ""E2f4"", ""H1f0"", ""Ddx1"", ""Pknox1"", ""Cbx5"", ""Hcfc1"", ""Psip1"", 
""Lef1"", ""Smc1a"", ""Tox2"", ""Egr1"", ""Scmh1"", ""Parp1"", ""Srebf2"", ""Hdac2"", ""Nudt21"", ""Fli1"", ""Eny2"", ""Hmgn3"", ""Ssbp1"", ""Top2a"", ""Pcna"", ""Cdk1"", ""Nucks1"", ""Hmgn5"", ""Nkap"", ""Hmga1"", ""Taf1"", ""Egr2"", ""Nfatc1"", ""Cited2"", ""Ncaph"", ""Elk4"", ""Nfat5"", ""Dnmt1"", ""Prmt5"", ""Notch1"", ""Fmr1"", ""Smc2"", ""Actn4"", ""Set"")"
"53","GOBP_MITOTIC_NUCLEAR_DIVISION","1.08625869825129e-07","4.82716653830591e-06","0.704975715167238","-0.549437867799332","-1.92937414310088","137","c(""Cd28"", ""Ube2s"", ""Anapc5"", ""Smarca5"", ""Smc4"", ""Smc3"", ""Hnrnpu"", ""Bub3"", ""Stag2"", ""Banf1"", ""Rad21"", ""Mad1l1"", ""Fbxo5"", ""Ncapd2"", ""Mzt1"", ""Smc1a"", ""Cdc16"", ""Mki67"", ""Ccnb1"", ""Nde1"", ""Baz1b"", ""Ranbp1"", ""Ran"", ""Nup62"", ""Phb2"", ""Nusap1"", ""Nudc"", ""Cdk1"", ""Kif11"", ""Reep3"", ""Reep4"", ""Pebp1"", ""Spc24"", ""Nsmce2"", ""Cdca8"", ""Ncaph"", ""Spc25"", ""Aurka"", ""Cdc20"", ""Plk1"", ""Cenpe"", ""Ube2c"", ""Lcmt1"", ""Prc1"", ""Incenp"", ""Smc2"", ""Tubg1"", ""Drg1"", ""Ncapd3"", ""Birc5"", ""Kif22"", ""Igf1r"", ""Tpx2"", ""Aurkb"", ""Mad2l1"", ""Cdkn1c"", 
""Bub1b"", ""Zwint"", ""Ncapg2"", ""Seh1l"", ""Kif23"", ""Mybl2"", ""Ncapg"", ""Rgcc"", ""Kpnb1"", ""Kif2c"", ""Ccdc61"", ""Cenpc1"", ""Knstrn"", ""Spdl1"", ""Nfia"", ""Kif18a"", ""Nuf2"", ""Ndc80"", ""Kif2a"", ""Nek2"", ""Ncaph2"", ""Rcc1"", ""Cdca5"", ""Bub1"", ""Cenpk"", ""Cep192"", ""Ttk"", ""Cdk5rap2"", ""Pdgfrb"", ""Anapc15"", ""Spag5"", ""Nsl1"", ""Psrc1"", ""Nme6"")"
"54","GOBP_OXIDATIVE_PHOSPHORYLATION","7.27400738333166e-06","0.000191008821152304","0.610526878385931","-0.601818834387911","-1.92897837197442","73","c(""Chchd2"", ""Atp5b"", ""Atp5h"", ""Cox7a2"", ""Cox7c"", ""Atp5k"", ""Uqcr11"", ""Uqcrq"", ""Cox6a1"", ""Atp5j2"", ""Ndufs6"", ""Uqcrb"", ""Ndufb7"", ""Atp5a1"", ""Ndufc2"", ""Atp5j"", ""Ndufb8"", ""Ndufb6"", ""Atp5o"", ""Cycs"", ""Ndufa5"", ""Dnajc15"", ""Atp5c1"", ""Ndufc1"", ""Uqcr10"", ""Ndufs8"", ""Ccnb1"", ""Ndufb9"", ""Park7"", ""Cdk1"", ""Cox5a"", ""Ndufab1"", ""Dld"", ""mt-Nd1"", ""Cox5b"", ""Uqcrfs1"", ""Sdhb"", ""Atp5d"", ""Ndufa12"", ""Ndufv2"", ""Coq7"", ""Ndufb10"", ""Ndufb2"")"
"55","ZHANG_BREAST_CANCER_PROGENITORS_UP","2.03256224769812e-09","1.23601180052127e-07","0.774939030136436","-0.51544469054241","-1.92004537537287","237","c(""Srsf3"", ""Anp32e"", ""Cd24a"", ""Sfpq"", ""Calm2"", ""Hnrnpa2b1"", ""Myb"", ""Stmn1"", ""Ezh2"", ""Cdca7"", ""Hnrnpa3"", ""Vdac1"", ""Serbp1"", ""Eif4h"", ""Hnrnpa1"", ""Smarca5"", ""Ctcf"", ""Edaradd"", ""Hnrnpdl"", ""Caprin1"", ""Smc4"", ""Eid1"", ""Polr3k"", ""Patz1"", ""Hnrnpll"", ""Pin1"", ""Hnrnpu"", ""Srsf10"", ""Rad21"", ""Prps2"", ""Rrm2"", ""Ndufc2"", ""Arpp19"", ""Syncrip"", ""Tmpo"", ""Slc38a1"", ""Ssb"", ""Ewsr1"", ""Actl6a"", ""Ccna2"", ""Pbk"", ""Mtdh"", ""Ywhaq"", ""Ilf3"", ""Mdh1"", ""Trps1"", ""Nfyb"", ""Pds5b"", ""Ncapd2"", ""Sap30"", ""Uba2"", ""Ndufc1"", ""Casp8ap2"", ""Uhrf1"", 
""Ndufa4"", ""Parp1"", ""Vdac3"", ""Usp1"", ""Rfc1"", ""Mrps33"", ""Strap"", ""Trim59"", ""Taf1d"", ""Tfrc"", ""Park7"", ""Zcchc8"", ""Dbf4"", ""Ssbp1"", ""Uchl5"", ""Ctdspl2"", ""Phb2"", ""Top2a"", ""Cdc25a"", ""Snrpb2"", ""Ska2"", ""Lsm5"", ""Ptpn14"", ""Tspan2"", ""Arl6ip6"", ""Cdca8"", ""Azin1"", ""Aurka"", ""Rnf7"", ""Rpa3"", ""Eftud2"", ""Smc2"", ""Ect2"", ""Ncapd3"", ""Acsl3"", ""Cstf2"", ""St6gal1"", ""Rell1"", ""Rbbp8"", ""Ncbp1"", ""Hat1"", ""Cenpf"", ""Bub1b"", ""Atad2"", ""Polr2b"", ""Atxn1"", ""2810004N23Rik"", ""Paics"", ""Jade1"", ""Pex7"", ""Ncapg"", ""Skp2"", ""Depdc1a"", ""Tomm70a"", 
""Shcbp1"", ""Crls1"", ""Kif2c"", ""Dlat"", ""Esco2"", ""Topbp1"", ""Rif1"", ""Idh3a"", ""Lcorl"", ""Mis18bp1"", ""Polr3h"", ""Gmnn"", ""Mrps18c"", ""Nfia"", ""Pola1"", ""Mcm2"", ""Snx5"", ""Hars"", ""Cdc6"", ""Trim37"", ""Anln"", ""Rragd"", ""Pspc1"", ""Nup107"", ""Anapc1"", ""Ercc6l2"", ""Asxl1"", ""Dpy30"", ""Acat2"")"
"56","GOBP_ATP_SYNTHESIS_COUPLED_ELECTRON_TRANSPORT","2.81525443986188e-05","0.000602360181447484","0.575610261071129","-0.667934034822455","-1.918900440691","42","c(""Chchd2"", ""Cox7a2"", ""Cox7c"", ""Uqcr11"", ""Uqcrq"", ""Cox6a1"", ""Ndufs6"", ""Uqcrb"", ""Ndufc2"", ""Ndufb8"", ""Ndufb6"", ""Cycs"", ""Dnajc15"", ""Uqcr10"", ""Ndufs8"", ""Ccnb1"", ""Ndufb9"", ""Park7"", ""Cdk1"", ""Cox5a"", ""Dld"", ""mt-Nd1"", ""Cox5b"", ""Uqcrfs1"", ""Sdhb"", ""Ndufa12"", ""Ndufv2"", ""Coq7"", ""Bid"", ""Cyc1"", ""Ndufs1"", ""Sdhc"")"
"57","GOBP_ELECTRON_TRANSPORT_CHAIN","1.2877746780409e-05","0.000302417655083019","0.593325476396405","-0.646887771512141","-1.91741284543679","51","c(""Chchd2"", ""Cox7a2"", ""Cox7c"", ""Uqcr11"", ""Uqcrq"", ""Cox6a1"", ""Ndufs6"", ""Uqcrb"", ""Ndufc2"", ""Ndufb8"", ""Ndufb6"", ""Cycs"", ""Ndufa5"", ""Dnajc15"", ""Uqcr10"", ""Ndufs8"", ""Ccnb1"", ""Ndufb9"", ""Park7"", ""Cdk1"", ""Cox5a"", ""Dld"", ""mt-Nd1"", ""Cox5b"", ""Uqcrfs1"", ""Sdhb"", ""Ndufa12"", ""Ndufv2"", ""Coq7"", ""Bid"", ""Cyc1"", ""Ndufs1"", ""Sdhc"", ""Etfa"", ""Sdhd"")"
"58","REACTOME_M_PHASE","2.36043596725879e-08","1.22848996241928e-06","0.73376198835648","-0.519361119589295","-1.91675567339354","201","c(""Ywhae"", ""Dynll1"", ""Ube2s"", ""Psma6"", ""Hsp90aa1"", ""Tubb5"", ""Lmnb1"", ""Anapc5"", ""Psmc3"", ""Smc4"", ""Psmc4"", ""Psmc6"", ""Ssna1"", ""Rcc2"", ""Psmb6"", ""Smc3"", ""Lbr"", ""Tubb2a"", ""Bub3"", ""Tubb2b"", ""Ube2e1"", ""Stag2"", ""Banf1"", ""Ubb"", ""Rad21"", ""Psmd3"", ""Arpp19"", ""Psmd12"", ""Pcm1"", ""Psmb7"", ""Ckap5"", ""Mad1l1"", ""Fbxo5"", ""Mapk1"", ""Psmd13"", ""Psmc1"", ""Psma7"", ""Pds5b"", ""Pds5a"", ""B9d2"", ""Ncapd2"", ""Mzt1"", ""Smc1a"", ""Psmd6"", ""Cdc16"", ""Psmc5"", ""Tuba1a"", ""Ccnb1"", ""Nde1"", ""Psma1"", ""Cep57"", ""Psmb5"", ""Ran"", ""Tubb4b"", ""Nup62"", ""Dynll2"", 
""Nudc"", ""Cdk1"", ""Haus3"", ""Cep70"", ""Ska2"", ""Ccnb2"", ""Psmb4"", ""Spc24"", ""Cdca8"", ""Ncaph"", ""Spc25"", ""Cdc20"", ""Plk1"", ""Cenpe"", ""Ranbp2"", ""Cenpl"", ""Ube2c"", ""Psma2"", ""Sec13"", ""Incenp"", ""Smc2"", ""Cenpq"", ""Rab1a"", ""Tubg1"", ""Set"", ""Ncapd3"", ""Ppp2r5d"", ""Cep250"", ""Aurkb"", ""Mad2l1"", ""Haus4"", ""Cenpf"", ""Prkar2b"", ""Odf2"", ""Plk4"", ""Psmb3"", ""Bub1b"", ""Zwint"", ""Ncapg2"", ""Psma3"", ""Psmc2"", ""Seh1l"", ""Kif20a"", ""Kif23"", ""Psme3"", ""Tuba1b"", ""Ncapg"", ""Kpnb1"", ""Cdc27"", ""Nup54"", ""Kif2c"", ""Psmb2"", ""Pom121"", ""Cenpp"", ""Cenpc1"", ""Psmd14"", 
""Cenpa"", ""Ska1"", ""Spdl1"", ""Alms1"", ""Nup88"", ""Cep290"", ""Psmd2"", ""Psma5"", ""Kif18a"", ""Nuf2"", ""Psmd7"", ""Ndc80"", ""Nup50"", ""Kif2a"", ""Nek2"", ""Nup107"", ""Psmd1"", ""Anapc1"", ""Ercc6l"", ""Ncaph2"", ""Rcc1"", ""Cdca5"", ""Bub1"", ""Cenpk"", ""Cep192"", ""Cep135"", ""Cdk5rap2"", ""Tuba8"", ""Anapc15"", ""Ccp110"", ""Cenpo"")"
"59","GOCC_SWI_SNF_SUPERFAMILY_TYPE_COMPLEX","3.00184360677488e-05","0.000637560680747737","0.575610261071129","-0.705939285128908","-1.91499128532583","32","c(""Anp32e"", ""Smarca5"", ""Smarcc1"", ""Smarca4"", ""Dek"", ""Rbbp4"", ""Bcl7c"", ""Hdac1"", ""Mbd3"", ""Suz12"", ""Actl6a"", ""Cdk2ap1"", ""Brd8"", ""Bcl7a"", ""Cfdp1"", ""Hdac2"", ""Ruvbl1"", ""Baz1b"", ""Uchl5"", ""Ddx21"", ""Smarcb1"", ""Pole3"")"
"60","SCHAEFFER_SOX9_TARGETS_IN_PROSTATE_DEVELOPMENT_DN","1.3955637191439e-05","0.00032120205599579","0.593325476396405","-0.772623969364085","-1.91377633203894","23","c(""Hmgb1"", ""Sox4"", ""Stmn1"", ""Ets1"", ""Cdca7"", ""Smarca5"", ""Basp1"", ""Rrm2"", ""Eif3a"", ""Tcf4"", ""Nasp"")"
"61","GOCC_HETEROCHROMATIN","3.3135175337027e-05","0.000701179149897455","0.557332238758646","-0.665645507591526","-1.91232575564275","42","c(""Satb1"", ""Cbx1"", ""Cbx3"", ""Ezh2"", ""Smarca5"", ""Trim28"", ""Smarca4"", ""Ikzf1"", ""Tcp1"", ""Hdac1"", ""Mbd3"", ""Suz12"", ""Cbx5"", ""Psip1"", ""Uhrf1"", ""Hdac2"", ""Baz1b"", ""Hmga1"", ""Dnmt1"", ""Incenp"", ""Ncapd3"", ""Suv39h1"", ""Pole3"", ""Cenpb"", ""Aldoa"", ""Cbx2"", ""Esco2"", ""Wdr76"", ""Cenpc1"", ""Cenpa"")"
"62","REACTOME_MITOTIC_PROMETAPHASE","8.66082163317147e-07","2.90892828923439e-05","0.659444398037935","-0.545680088959256","-1.90839318262436","125","c(""Ywhae"", ""Dynll1"", ""Hsp90aa1"", ""Tubb5"", ""Smc4"", ""Ssna1"", ""Rcc2"", ""Smc3"", ""Tubb2a"", ""Bub3"", ""Tubb2b"", ""Stag2"", ""Rad21"", ""Pcm1"", ""Ckap5"", ""Mad1l1"", ""Pds5b"", ""Pds5a"", ""B9d2"", ""Ncapd2"", ""Mzt1"", ""Smc1a"", ""Tuba1a"", ""Ccnb1"", ""Nde1"", ""Cep57"", ""Tubb4b"", ""Dynll2"", ""Nudc"", ""Cdk1"", ""Haus3"", ""Cep70"", ""Ska2"", ""Ccnb2"", ""Spc24"", ""Cdca8"", ""Ncaph"", ""Spc25"", ""Cdc20"", ""Plk1"", ""Cenpe"", ""Ranbp2"", ""Cenpl"", ""Sec13"", ""Incenp"", ""Smc2"", ""Cenpq"", ""Tubg1"", ""Ppp2r5d"", ""Cep250"", ""Aurkb"", ""Mad2l1"", ""Haus4"", ""Cenpf"", ""Prkar2b"", 
""Odf2"", ""Plk4"", ""Bub1b"", ""Zwint"", ""Seh1l"", ""Tuba1b"", ""Ncapg"", ""Kif2c"", ""Cenpp"", ""Cenpc1"", ""Cenpa"", ""Ska1"", ""Spdl1"", ""Alms1"", ""Cep290"", ""Kif18a"", ""Nuf2"", ""Ndc80"", ""Kif2a"", ""Nek2"", ""Nup107"", ""Ercc6l"", ""Cdca5"", ""Bub1"", ""Cenpk"", ""Cep192"", ""Cep135"", ""Cdk5rap2"", ""Tuba8"", ""Ccp110"", ""Cenpo"", ""Haus2"", ""Nsl1"", ""Cep76"", ""Xpo1"")"
"63","GOBP_GENERATION_OF_PRECURSOR_METABOLITES_AND_ENERGY","3.67989841905893e-07","1.35406198515309e-05","0.674962860011025","-0.523434089293683","-1.90821554689773","172","c(""Hmgb1"", ""Gapdh"", ""Chchd2"", ""Atp5b"", ""Atp5h"", ""Cox7a2"", ""Cox7c"", ""Atp5k"", ""Uqcr11"", ""Uqcrq"", ""Cox6a1"", ""Atp5j2"", ""Ndufs6"", ""Uqcrb"", ""Ndufb7"", ""Prelid1"", ""Prps2"", ""Atp5a1"", ""Ndufc2"", ""Atp5j"", ""Ndufb8"", ""Ndufb6"", ""Atp5o"", ""Cycs"", ""Ndufa5"", ""Dnajc15"", ""Nfatc3"", ""Aco2"", ""Akt1"", ""Cbfa2t3"", ""Idh2"", ""Mdh1"", ""Atp5c1"", ""Ndufc1"", ""Ndufa4"", ""Uqcr10"", ""P2rx7"", ""Ndufs8"", ""Galk1"", ""Ccnb1"", ""Ndufb9"", ""Park7"", ""Mrps36"", ""Phb2"", ""Mdh2"", ""Cdk1"", ""Cox5a"", ""Ndufab1"", ""Dld"", ""mt-Nd1"", ""Cox5b"", ""Uqcrfs1"", ""Ptges3"", 
""Sdhb"", ""Ppp1r2"", ""Atp5d"", ""a"", ""Ndufa12"", ""Ndufv2"", ""Agl"", ""Pfkp"", ""Coq7"", ""Ndufb10"", ""Eif6"", ""Ndufb2"", ""Pgls"", ""Cs"", ""Aldoa"", ""Bid"", ""Rpia"", ""Cyc1"", ""Acly"", ""Msh2"", ""Sik2"", ""Dlat"", ""Idh3a"", ""Ndufs1"", ""Nr4a3"", ""Cisd1"", ""Tcf7l2"", ""Sdhc"", ""Gadd45gip1"", ""Idh3g"", ""Etfa"", ""Sdhd"")"
"64","GOBP_RNA_LOCALIZATION","1.18280758461001e-05","0.000281196683798026","0.593325476396405","-0.594797117574396","-1.90647203104015","73","c(""Srsf3"", ""Hnrnpab"", ""Hnrnpa2b1"", ""Ybx1"", ""Hnrnpa3"", ""Srsf7"", ""Hnrnpa1"", ""Srsf1"", ""Dhx9"", ""Ddx39b"", ""Hnrnpu"", ""Eif4a3"", ""Ddx19a"", ""Thoc7"", ""Magoh"", ""Tcp1"", ""Alyref"", ""Rbm8a"", ""Ssb"", ""Ckap5"", ""Slbp"", ""Mrpl18"", ""Cct2"", ""Iws1"", ""Thoc6"", ""Eny2"", ""Ran"", ""Nup62"", ""Terf1"", ""Tomm20"", ""Khsrp"", ""Ranbp2"", ""Sec13"", ""Nop58"", ""Fmr1"", ""Zfp36l1"", ""Ncbp1"", ""Nxt1"", ""Seh1l"", ""Thoc3"", ""Kpnb1"", ""Magohb"", ""Nup54"", ""Pom121"")"
"65","GOCC_INNER_MITOCHONDRIAL_MEMBRANE_PROTEIN_COMPLEX","1.39330490030176e-05","0.00032120205599579","0.593325476396405","-0.596478958883026","-1.90594235708293","72","c(""Atp5b"", ""Atp5h"", ""Cox7a2"", ""Atp5g3"", ""Cox7c"", ""Atp5k"", ""Uqcr11"", ""Uqcrq"", ""Cox6a1"", ""Atp5j2"", ""Ndufs6"", ""Uqcrb"", ""Ndufb7"", ""Atp5a1"", ""Ndufc2"", ""Atp5j"", ""Ndufb8"", ""Ndufb6"", ""Atp5o"", ""Ndufa5"", ""Dnajc15"", ""Chchd3"", ""Atp5c1"", ""Immt"", ""Ndufc1"", ""Ndufa4"", ""Uqcr10"", ""Ndufs8"", ""Ndufb9"", ""Romo1"", ""Phb2"", ""Cox5a"", ""Ndufab1"", ""mt-Nd1"", ""Cox5b"", ""Uqcrfs1"", ""Sdhb"", ""Pam16"", ""Atp5d"", ""Ndufa12"", ""Ndufv2"", ""Ndufb10"", ""Ndufb2"")"
"66","PAL_PRMT5_TARGETS_UP","1.03469588692424e-06","3.39627166975076e-05","0.643551836150722","-0.54262550722309","-1.90185117309669","127","c(""Anp32e"", ""Marcks"", ""Stmn1"", ""Ube2e3"", ""Calm3"", ""Ptov1"", ""Anapc5"", ""Srsf6"", ""Psmc3"", ""Hnrnpa1"", ""Anp32b"", ""Srsf1"", ""Eif1ax"", ""Tubb2a"", ""Hmgn2"", ""Ube2m"", ""Prelid1"", ""Erh"", ""Larp7"", ""Ndufb8"", ""Tmpo"", ""Rbm3"", ""Amd1"", ""Cuedc2"", ""Cks2"", ""Lsm3"", ""Ilf3"", ""Cops3"", ""Slbp"", ""Rrm1"", ""Mrpl18"", ""Sf3a3"", ""Cfdp1"", ""Psip1"", ""Lsm2"", ""Tyms"", ""Psmd6"", ""Casp8ap2"", ""Uhrf1"", ""Mki67"", ""Mrpl20"", ""Strap"", ""Cdk4"", ""Nde1"", ""Psmb5"", ""Hspa4"", ""Haus3"", ""Kif11"", ""Snrpa"", ""Ccnb2"", ""Elof1"", ""Cdc20"", ""Nop58"", ""Incenp"", ""Fmr1"", 
""Fkbp4"", ""Ect2"", ""Set"")"
"67","REACTOME_MITOCHONDRIAL_BIOGENESIS","5.82418242103914e-06","0.000156154876941385","0.610526878385931","-0.833700900924154","-1.89826769755459","16","c(""Atp5b"", ""Atp5h"", ""Atp5g3"", ""Atp5k"", ""Atp5j2"", ""Atp5a1"", ""Atp5j"", ""Atp5o"", ""Cycs"", ""Idh2"", ""Atp5c1"")"
"68","MIR_7078_3P","8.03301601521925e-06","0.000208101944035523","0.593325476396405","-0.554446206704928","-1.89783848995966","105","c(""H3f3b"", ""Camk4"", ""Tcf12"", ""Hnrnpc"", ""Dhx9"", ""Sypl"", ""Smc3"", ""Hnrnpr"", ""Srsf10"", ""Ddx3x"", ""Nck2"", ""Nr3c1"", ""Ikzf2"", ""Psmd3"", ""Tcf4"", ""Raph1"", ""Timm8b"", ""Zcchc12"", ""Ewsr1"", ""Sae1"", ""C2cd5"", ""Pgrmc1"", ""Nudt4"", ""Ccdc88a"", ""Cdca4"", ""Ppm1e"", ""Chsy1"", ""Bmp2k"", ""Nfat5"", ""Spred1"", ""Cacybp"", ""Ppp1r2"", ""Fmr1"", ""Brcc3"", ""Lin9"", ""Epg5"", ""Smarcb1"", ""Rreb1"", ""Mphosph9"", ""Zwint"", ""Paics"", ""Tmed5"", ""Kpnb1"")"
"69","REACTOME_GENE_EXPRESSION_TRANSCRIPTION","1.35329774550286e-10","1.07095905147535e-08","0.826657301178302","-0.489607750778504","-1.89580829305877","326","c(""H3f3a"", ""Tcf7"", ""H3f3b"", ""Txn1"", ""Ywhae"", ""Srsf3"", ""Prdx2"", ""Tcf12"", ""Psma6"", ""Ezh2"", ""Gata3"", ""Ctsl"", ""Cox7c"", ""Srsf7"", ""Snrpe"", ""Srsf9"", ""Mtf2"", ""Psmc3"", ""U2af1"", ""Smarca5"", ""Rorc"", ""Srsf1"", ""Trim28"", ""Smarcc1"", ""Psmc4"", ""Cox6a1"", ""Smarca4"", ""Psmc6"", ""Gtf2h4"", ""Psmb6"", ""Rheb"", ""Dek"", ""Polr3k"", ""Ddx39b"", ""Pin1"", ""Gtf2a2"", ""Lbr"", ""Eif4a3"", ""Srsf2"", ""Rbbp4"", ""Thoc7"", ""Tcf3"", ""Srrm1"", ""Supt16"", ""Ubb"", ""Nr3c1"", ""Magoh"", ""Prelid1"", ""Psmd3"", ""Alyref"", ""Rbm8a"", ""Psmd12"", ""Hdac1"", ""Mbd3"", ""Suz12"", ""Polr2k"", 
""Leo1"", ""Cycs"", ""Psmb7"", ""Gtf2e2"", ""U2af2"", ""Actl6a"", ""Akt1"", ""Ccna2"", ""Tdg"", ""Srrt"", ""E2f4"", ""Mapk1"", ""Ywhaq"", ""Snrpb"", ""Prmt1"", ""Psmd13"", ""Psmc1"", ""Cdk6"", ""Slbp"", ""Psma7"", ""Ak6"", ""Hcfc1"", ""Zfp704"", ""Psip1"", ""Lef1"", ""Ccnh"", ""Rnps1"", ""Polr2c"", ""Psmd6"", ""Polr2i"", ""Psmc5"", ""Iws1"", ""Ndufa4"", ""Scmh1"", ""Parp1"", ""Thoc6"", ""Ccnb1"", ""Cdk4"", ""Taf1d"", ""Nudt21"", ""Psma1"", ""Polr2d"", ""Baz1b"", ""Psmb5"", ""Ran"", ""Nup62"", ""Pcna"", ""Cdk1"", ""Taf1"", ""E2f8"", ""Cox5a"", ""Ccne2"", ""Psmb4"", ""Mga"", ""Cited2"", ""Cox5b"", ""Aurka"", ""Dnmt1"", 
""Taf15"", ""Ranbp2"", ""Rfc4"", ""Prmt5"", ""Rpa3"", ""Psma2"", ""Sec13"", ""Ddx21"", ""Notch1"", ""Prdx1"", ""Nr4a1"", ""Cdk2"", ""Smarcb1"", ""Cstf2"", ""Wdr5"", ""Tpx2"", ""Rbbp8"", ""Ncbp1"", ""Aurkb"", ""Rmi2"", ""Psmb3"", ""Cpsf2"", ""Txnrd1"", ""Psma3"", ""Psmc2"", ""Atad2"", ""Taf3"", ""Polr2b"", ""Rhno1"", ""Seh1l"", ""Gtf2f2"", ""Zfpm1"", ""Psme3"", ""Rfc3"", ""Pou2f1"", ""Thoc3"", ""Nelfa"", ""Gsr"", ""Snrpf"", ""Cbx2"", ""Skp2"", ""Ehmt2"", ""Magohb"", ""Ints1"", ""Nup54"", ""Psmb2"", ""Notch3"", ""Pom121"", ""Wrn"", ""Topbp1"", ""Psmd14"", ""Zfp101"", ""Cbfb"", ""Nr4a3"", ""Tcf7l2"", ""Rbm14"", 
""Rbbp7"", ""Polr3h"", ""Smad3"", ""Nup88"", ""Psmd2"", ""Psma5"", ""Psmd7"", ""Myo1c"", ""Exo1"", ""Gtf2f1"", ""Tgif1"", ""Kctd1"", ""Polr2e"", ""Cul1"", ""Nup50"", ""Ing2"", ""Rragd"", ""Ints7"", ""Sgf29"")"
"70","GOBP_POSITIVE_REGULATION_OF_NUCLEOCYTOPLASMIC_TRANSPORT","5.73590901943626e-05","0.00110454488017611","0.557332238758646","-0.715208710534064","-1.89543369631899","30","c(""Ywhae"", ""Camk4"", ""Hsp90aa1"", ""Smo"", ""Anp32b"", ""Trim28"", ""Dhx9"", ""Nedd4"", ""Rapgef3"", ""Hsp90ab1"", ""Jup"", ""Xbp1"", ""Mapk1"", ""Ran"", ""Ctdspl2"", ""Cdk1"")"
"71","REACTOME_ORGANELLE_BIOGENESIS_AND_MAINTENANCE","8.13714770430542e-06","0.000208925787945655","0.593325476396405","-0.570802421913068","-1.88773718625481","89","c(""Ywhae"", ""Dynll1"", ""Lztfl1"", ""Atp5b"", ""Hsp90aa1"", ""Atp5h"", ""Tubb5"", ""Atp5g3"", ""Smo"", ""Atp5k"", ""Ssna1"", ""Atp5j2"", ""Tubb2a"", ""Tubb2b"", ""Atp5a1"", ""Atp5j"", ""Atp5o"", ""Cycs"", ""Pcm1"", ""Ckap5"", ""Idh2"", ""Atp5c1"", ""B9d2"", ""Hspb11"", ""Tuba1a"", ""Nde1"", ""Cep57"", ""Tubb4b"", ""Exoc4"", ""Dynll2"", ""Cdk1"", ""Haus3"", ""Cep70"", ""Ift57"", ""Plk1"", ""Atp5d"", ""Tubg1"", ""Cep250"", ""Ahi1"", ""Cep83"", ""Haus4"", ""Prkar2b"", ""Odf2"", ""Plk4"", ""Tnpo1"", ""Sclt1"", ""Tuba1b"", ""Kif3a"")"
"72","GOBP_REGULATION_OF_SISTER_CHROMATID_SEGREGATION","3.35533884112441e-05","0.000706588155700748","0.557332238758646","-0.627290520957503","-1.88292647813623","54","c(""Anapc5"", ""Smarcc1"", ""Smarca4"", ""Hnrnpu"", ""Bub3"", ""Rad21"", ""Bcl7c"", ""Actl6a"", ""Mad1l1"", ""Fbxo5"", ""Bcl7a"", ""Cdc16"", ""Ccnb1"", ""Cdk1"", ""Spc24"", ""Nsmce2"", ""Cdca8"", ""Spc25"", ""Cdc20"", ""Plk1"", ""Cenpe"", ""Ube2c"", ""Lcmt1"", ""Incenp"", ""Birc5"", ""Smarcb1"", ""Aurkb"", ""Rmi2"", ""Mad2l1"", ""Bub1b"", ""Zwint"", ""Hecw2"", ""Tacc3"", ""Cdc27"", ""Spdl1"", ""Cdc6"", ""Nuf2"", ""Ndc80"", ""Anapc1"", ""Bub1"", ""Cep192"", ""Ttk"", ""Cdk5rap2"", ""Anapc15"")"
"73","GOBP_NUCLEAR_TRANSCRIBED_MRNA_CATABOLIC_PROCESS","8.78465828470229e-05","0.00155195629696407","0.538434096309916","-0.683515964251588","-1.87839397706959","35","c(""Hnrnpab"", ""Ybx1"", ""Caprin1"", ""Dhx9"", ""Hnrnpd"", ""Hnrnpu"", ""Eif4a3"", ""Magoh"", ""Thrap3"", ""Rbm8a"", ""Gspt1"", ""Ptbp1"", ""Syncrip"", ""Ssb"", ""Rnps1"", ""Exosc3"", ""Zfp36l1"", ""Ncbp1"", ""Etf1"", ""Lsm4"", ""Magohb"")"
"74","HALLMARK_MITOTIC_SPINDLE","1.26229636270142e-05","0.000297644330094944","0.593325476396405","-0.572236883795464","-1.87621482252534","85","c(""Ywhae"", ""Marcks"", ""Lmnb1"", ""Smc4"", ""Smc3"", ""Nck2"", ""Als2"", ""Pcm1"", ""Ckap5"", ""Bcl2l11"", ""Fbxo5"", ""Smc1a"", ""Ccdc88a"", ""Rfc1"", ""Cep57"", ""Dynll2"", ""Nusap1"", ""Top2a"", ""Cdk1"", ""Kif11"", ""Ccnb2"", ""Aurka"", ""Plk1"", ""Cenpe"", ""Prc1"", ""Incenp"", ""Pcnt"", ""Ect2"", ""Actn4"", ""Birc5"", ""Cep250"", ""Kif22"", ""Tpx2"", ""Sass6"", ""Cenpf"", ""Tiam1"", ""Kif15"", ""Kif23"", ""Net1"", ""Cdc27"", ""Kif2c"", ""Epb41l2"", ""Kif20b"", ""Cntrob"", ""Kif4"", ""Arhgap10"", ""Kifap3"", ""Alms1"", ""Dlgap5"", ""Anln"", ""Uxt"", ""Ndc80"", ""Nek2"", ""Bub1"", ""Trio"", ""Cep192"", 
""Ttk"", ""Cdk5rap2"")"
"75","GOBP_NEGATIVE_REGULATION_OF_MRNA_METABOLIC_PROCESS","5.09402929570989e-05","0.000994196190585002","0.557332238758646","-0.682397265033629","-1.87088510438751","34","c(""Hnrnpab"", ""Hnrnpa2b1"", ""Ybx1"", ""Hnrnpc"", ""Srsf7"", ""Srsf9"", ""Srsf6"", ""Srsf1"", ""Dhx9"", ""Hnrnpd"", ""Hnrnpu"", ""Srsf10"", ""Thrap3"", ""Ptbp1"", ""Syncrip"", ""U2af2"")"
"76","GOBP_CHROMATIN_REMODELING","2.89468174638582e-07","1.10745539396496e-05","0.674962860011025","-0.519171085294274","-1.87052913744903","161","c(""Satb1"", ""H3f3a"", ""Hmgb1"", ""H3f3b"", ""Sfpq"", ""Mier1"", ""Cbx3"", ""Ezh2"", ""Gata3"", ""Lmnb1"", ""Mtf2"", ""Anp32b"", ""Smarca5"", ""Brd3"", ""Ctcf"", ""Trim28"", ""Smarcc1"", ""Smarca4"", ""Dek"", ""Hnrnpu"", ""Rbbp4"", ""Tcf3"", ""Hjurp"", ""Supt16"", ""Nr3c1"", ""Bcl7c"", ""Bcl6"", ""Hdac1"", ""Mbd3"", ""Kcnq1ot1"", ""Suz12"", ""Asf1a"", ""Nap1l1"", ""Hdgf"", ""Actl6a"", ""Nasp"", ""Tdg"", ""H1f0"", ""Bcl7a"", ""Trim27"", ""Hcfc1"", ""Cfdp1"", ""Psip1"", ""Kdm2b"", ""Pak1"", ""Iws1"", ""Uhrf1"", ""Scmh1"", ""Hdac2"", ""Ruvbl1"", ""Baz1b"", ""Uchl5"", ""Ddb1"", ""Cebpg"", ""Padi4"", ""Nudt5"", 
""Morc1"", ""Nfat5"", ""Dnmt1"", ""Ddx21"", ""Brcc3"", ""a"", ""Set"", ""Cdk2"", ""Suv39h1"", ""Smarcb1"", ""Pole3"", ""Wdr5"")"
"77","GOCC_CONDENSED_CHROMOSOME","2.13727090961305e-06","6.36444022929618e-05","0.627256739718528","-0.525811536449578","-1.86803645215976","149","c(""H3f3a"", ""Hmgb1"", ""Dynll1"", ""Cbx3"", ""Smarca5"", ""Ctcf"", ""Lig4"", ""Smc4"", ""Smarcc1"", ""Smarca4"", ""Smc3"", ""Hnrnpu"", ""Nsmce1"", ""Bub3"", ""Hjurp"", ""Banf1"", ""Rad21"", ""Hmgb2"", ""Ckap5"", ""Actl6a"", ""Mad1l1"", ""Cbx5"", ""Cfdp1"", ""Ncapd2"", ""Smc1a"", ""Tuba1a"", ""Smc5"", ""Mki67"", ""Ccnb1"", ""Nde1"", ""Baz1b"", ""Top2a"", ""P3h4"", ""Ska2"", ""Spc24"", ""Nsmce2"", ""Psmc3ip"", ""Ncaph"", ""Spc25"", ""Aurka"", ""Cdc20"", ""Plk1"", ""Cenpe"", ""Cenpl"", ""Sec13"", ""Nifk"", ""Incenp"", ""Smc2"", ""Cenpq"", ""Tubg1"", ""Ncapd3"", ""Cdk2"", ""Birc5"", ""Smarcb1"", ""Syce2"", 
""Aurkb"", ""Mad2l1"", ""Cenpf"", ""Bub1b"", ""Zwint"", ""Ncapg2"", ""Seh1l"", ""Cenpb"", ""Nsmce4a"", ""Ncapg"", ""Kif2c"", ""Topbp1"", ""Rif1"", ""Cenpp"", ""Cenpc1"", ""Cenpa"", ""Kifap3"", ""Knstrn"", ""Ska1"", ""Spdl1"", ""Kif18a"", ""Nuf2"", ""Ndc80"", ""Nek2"", ""Nup107"", ""Ercc6l"", ""Ncaph2"", ""Orc2"", ""Rcc1"", ""Pes1"", ""Bub1"", ""Cenpk"", ""Sin3a"", ""Ttk"", ""Cenpo"", ""Cenpv"", ""Spag5"", ""Blm"", ""Nsl1"", ""Xpo1"")"
"78","REACTOME_CELL_CYCLE","1.28010050805507e-09","8.30914678093723e-08","0.788186810800237","-0.483407155882914","-1.86632846336584","330","c(""Ywhae"", ""Dynll1"", ""Ube2s"", ""Psma6"", ""Hsp90aa1"", ""Tubb5"", ""Lmnb1"", ""Anapc5"", ""Psmc3"", ""Smarca5"", ""Smc4"", ""Psmc4"", ""Psmc6"", ""Ssna1"", ""Rcc2"", ""Psmb6"", ""Smc3"", ""Lbr"", ""Tubb2a"", ""Rbbp4"", ""Bub3"", ""Tubb2b"", ""Hsp90ab1"", ""Ube2e1"", ""Mcm7"", ""Stag2"", ""Hjurp"", ""Banf1"", ""Ubb"", ""Rad21"", ""Psmd3"", ""Arpp19"", ""Psmd12"", ""Hdac1"", ""Ube2n"", ""Pcm1"", ""Psmb7"", ""Ckap5"", ""Akt1"", ""Mad1l1"", ""Ccna2"", ""E2f4"", ""Fbxo5"", ""Mapk1"", ""Ywhaq"", ""Psmd13"", ""Psmc1"", ""Cdk6"", ""Psma7"", ""Pds5b"", ""Pds5a"", ""Ccnh"", ""B9d2"", ""Ncapd2"", ""Phlda1"", 
""Mzt1"", ""Smc1a"", ""Psmd6"", ""Cdc16"", ""Psmc5"", ""Tuba1a"", ""Rfc1"", ""Lig1"", ""Ccnb1"", ""Cdk4"", ""E2f2"", ""Ruvbl1"", ""Nde1"", ""Psma1"", ""Cep57"", ""Dbf4"", ""Psmb5"", ""Ran"", ""Tubb4b"", ""Nup62"", ""Terf1"", ""Dynll2"", ""Pcna"", ""Nudc"", ""Cdk1"", ""Cdc25a"", ""Haus3"", ""Cep70"", ""Ska2"", ""Ccne2"", ""Ccnb2"", ""Psmb4"", ""Spc24"", ""Cdca8"", ""Ncaph"", ""Spc25"", ""Clspn"", ""Aurka"", ""Cdc20"", ""Plk1"", ""Cenpe"", ""Ranbp2"", ""Rfc4"", ""Cenpl"", ""Ube2c"", ""Rpa3"", ""Lcmt1"", ""Psma2"", ""Sec13"", ""Incenp"", ""Brcc3"", ""Smc2"", ""Lin9"", ""Cenpq"", ""Rab1a"", ""Tubg1"", ""Set"", ""Ncapd3"", 
""Cdk2"", ""Ppp2r5d"", ""Cep250"", ""Orc6"", ""Pole3"", ""Tpx2"", ""Rbbp8"", ""Aurkb"", ""Rmi2"", ""Mad2l1"", ""Haus4"", ""Cenpf"", ""Prkar2b"", ""Cdkn1c"", ""Odf2"", ""Plk4"", ""Psmb3"", ""Bub1b"", ""Zwint"", ""Ncapg2"", ""Psma3"", ""Psmc2"", ""Rhno1"", ""Seh1l"", ""Kif20a"", ""Kif23"", ""Psme3"", ""Rfc3"", ""Tuba1b"", ""Cks1b"", ""Ncapg"", ""Kpnb1"", ""Skp2"", ""Cdc27"", ""Nup54"", ""Kif2c"", ""Psmb2"", ""Pom121"", ""Wrn"", ""Gins1"", ""Esco2"", ""Topbp1"", ""Prim2"", ""Cenpp"", ""Cenpc1"", ""Psmd14"", ""Cenpa"", ""Mis18bp1"", ""Ska1"", ""Rbbp7"", ""Spdl1"", ""Alms1"", ""Gmnn"", ""Nup88"", ""Cep290"", 
""Psmd2"", ""Pola1"", ""Mcm2"", ""Psma5"", ""Kif18a"", ""Cdc6"", ""Nuf2"", ""Psmd7"", ""Ndc80"", ""Exo1"", ""Hmmr"", ""Cul1"", ""Nup50"", ""Kif2a"", ""Mcm6"", ""Nek2"", ""Nup107"", ""Psmd1"", ""Foxm1"", ""Anapc1"", ""Ercc6l"", ""Ncaph2"", ""Rnf168"", ""Orc2"", ""Rcc1"", ""Dna2"", ""Cdca5"", ""Bub1"", ""Gins2"", ""Cenpk"", ""Cep192"", ""Fen1"", ""Cep135"", ""Cdk5rap2"", ""Tuba8"", ""Anapc15"", ""Ccp110"", ""Cenpo"", ""Cdc7"", ""Rbl1"", ""Terf2ip"", ""Blm"", ""Haus2"", ""Nsl1"", ""Cep76"", ""Xpo1"", ""Cdc25c"", ""Mis18a"", ""Rpa1"", ""Fzr1"", ""Gtse1"", ""Nup160"", ""Pole4"", ""Haus6"")"
"79","GOBP_POSITIVE_REGULATION_OF_MRNA_METABOLIC_PROCESS","8.73167865353987e-05","0.00154732845342024","0.538434096309916","-0.643872054152338","-1.86538701459968","43","c(""Ncl"", ""Ybx1"", ""Caprin1"", ""Dhx9"", ""Hnrnpd"", ""Rbmxl1"", ""Hnrnpu"", ""Eif4a3"", ""Hnrnpr"", ""Clns1a"", ""Thrap3"", ""Syncrip"", ""Rbm3"", ""Leo1"", ""Ccnb1"", ""Exosc3"", ""Khsrp"", ""Prmt5"", ""Zfp36l1"", ""Sf3b4"", ""Ncbp1"", ""Rock2"", ""Prpf19"")"
"80","REACTOME_RESPIRATORY_ELECTRON_TRANSPORT","0.000113725093598633","0.00191062103921692","0.538434096309916","-0.649029951963225","-1.86459110617853","42","c(""Cox7c"", ""Uqcr11"", ""Uqcrq"", ""Cox6a1"", ""Ndufs6"", ""Uqcrb"", ""Ndufb7"", ""Ndufc2"", ""Ndufb8"", ""Ndufb6"", ""Cycs"", ""Ndufa5"", ""Ndufc1"", ""Ndufa4"", ""Uqcr10"", ""Ndufs8"", ""Ndufb9"", ""Ndufaf2"", ""Cox5a"", ""Ndufab1"", ""mt-Nd1"", ""Cox5b"", ""Uqcrfs1"", ""Ndufa12"", ""Ndufv2"", ""Ndufb10"", ""Ndufb2"")"
"81","SOX30_TARGET_GENES","1.00321825703645e-08","5.68195281460741e-07","0.747739663149885","-0.492766764537801","-1.8639860938272","265","c(""Hmgb1"", ""Sox4"", ""H3f3b"", ""Ptma"", ""Anp32e"", ""Hnrnpab"", ""Cux1"", ""Hnrnpa2b1"", ""Marcks"", ""Ncl"", ""Lmo4"", ""Tcf12"", ""St13"", ""Maz"", ""Cbx3"", ""Calm3"", ""Cdv3"", ""Hmgn1"", ""Eif4a1"", ""Lmnb1"", ""Pcbp1"", ""Srsf9"", ""Hspa4l"", ""Ubald2"", ""Srsf1"", ""Prpf40a"", ""Smarca4"", ""Hnrnpd"", ""Rheb"", ""Patz1"", ""Smc3"", ""Lbr"", ""Eif4a3"", ""Srsf2"", ""Hnrnpr"", ""Rbbp4"", ""Hmgn2"", ""Ube2e1"", ""Mcm7"", ""Siva1"", ""Bcl6"", ""Stat5b"", ""Raly"", ""Eif5a"", ""Larp7"", ""Ptbp1"", ""Syncrip"", ""Fyb"", ""Cct7"", ""Ube2n"", ""Tcf4"", ""Eif5b"", ""Knop1"", ""Hdgf"", ""Gtf2e2"", ""Ikzf3"", 
""Cks2"", ""Camk2d"", ""Ywhaq"", ""Slc16a1"", ""Ak6"", ""Cfdp1"", ""Pds5a"", ""Pcmt1"", ""Cct2"", ""Tomm40"", ""Hmgcr"", ""Usp1"", ""Rfc1"", ""Cfap36"", ""Trim59"", ""Sumo3"", ""Ranbp1"", ""Zbed4"", ""Abcf2"", ""Cdca4"", ""Otud1"", ""Atf1"", ""Cdkn2c"", ""Pcna"", ""Cfap20"", ""Hspa4"", ""Nudc"", ""Bmp2k"", ""Drap1"", ""Exosc3"", ""Hbp1"", ""Pgm2l1"", ""Abi2"", ""Ccnb2"", ""Atp2b1"", ""Nop56"", ""Arl6ip6"", ""Dstn"", ""Ptges3"", ""Cacybp"", ""Fcho1"", ""Spats2"", ""Adam12"", ""G2e3"", ""Tex30"", ""a"", ""Zfp36l1"", ""Cstf2"", ""Podxl2"", ""Wdr5"", ""Chka"", ""Denr"", ""Cdkn1c"", ""Odf2"", ""Tmcc3"", ""Tnpo1"", 
""Acot7"", ""Kpna3"", ""Insig1"", ""Naa40"", ""Sod1"", ""Fut8"", ""Dazap1"", ""Lsm4"", ""Vkorc1l1"")"
"82","GOBP_REGULATORY_NCRNA_MEDIATED_GENE_SILENCING","8.54315565144587e-05","0.00152257775136901","0.538434096309916","-0.68694009072923","-1.86345244555585","32","c(""Srsf3"", ""Hnrnpa2b1"", ""Dhx9"", ""Ddx3x"", ""Larp7"", ""Kcnq1ot1"", ""Rbm3"", ""Srrt"", ""Tdrkh"", ""Tdrd5"", ""Eri1"", ""Eif4g1"", ""Exosc3"", ""Morc1"", ""Fmr1"", ""Ncbp1"", ""Tial1"", ""Dgcr8"", ""Eif6"")"
"83","REACTOME_ESR_MEDIATED_SIGNALING","6.68837181420576e-05","0.00125859035735071","0.538434096309916","-0.636915013151831","-1.8626661158145","46","c(""H3f3a"", ""H3f3b"", ""Calm2"", ""Gata3"", ""Hsp90aa1"", ""Calm3"", ""Kras"", ""Gtf2a2"", ""Fkbp5"", ""Hsp90ab1"", ""Polr2k"", ""Akt1"", ""Mapk1"", ""Prmt1"", ""Polr2c"", ""Polr2i"", ""Polr2d"", ""Hras"", ""Ppid"", ""Ptges3"", ""Gng12"", ""Fkbp4"", ""Igf1r"", ""Polr2b"", ""Gtf2f2"")"
"84","MIR_340_5P","1.9465746152595e-06","5.94992674727731e-05","0.627256739718528","-0.533152240933752","-1.86107440130936","124","c(""H3f3a"", ""Hmgb1"", ""Lztfl1"", ""Ctsl"", ""Serbp1"", ""Sumo2"", ""Srsf6"", ""Mtf2"", ""Arhgef6"", ""Mat2a"", ""Smc3"", ""Nck2"", ""Siva1"", ""Gspt1"", ""Als2"", ""Itgb1"", ""Nfatc3"", ""Ivns1abp"", ""Eif3j1"", ""Runx1"", ""Pds5b"", ""Med14"", ""Zc3h18"", ""Cep57"", ""Ranbp1"", ""Slk"", ""Atf1"", ""Slc24a5"", ""Qser1"", ""Nfat5"", ""Dstn"", ""Azin1"", ""G2e3"", ""Lin9"", ""Hdlbp"", ""Slc35b4"", ""Sass6"", ""Mphosph9"", ""Tiam1"", ""Prkar2b"", ""Hecw2"", ""Kif23"", ""Pou2f1"", ""Jade1"", ""Tmed5"", ""Ppp1r7"", ""Skp2"", ""Fbxo45"", ""Chuk"", ""Slc4a7"", ""Esco2"", ""Rif1"", ""Creld2"")"
"85","YAO_TEMPORAL_RESPONSE_TO_PROGESTERONE_CLUSTER_17","8.10712132901278e-06","0.000208925787945655","0.593325476396405","-0.543812516078428","-1.85703609058861","101","c(""Marcksl1"", ""Ube2s"", ""Tubb5"", ""Srsf9"", ""Uqcrq"", ""Psmb6"", ""Hnrnpd"", ""Polr3k"", ""Eif1ax"", ""Eif4a3"", ""Ndufs6"", ""Ndufb7"", ""Prelid1"", ""Erh"", ""Ndufb6"", ""Nap1l1"", ""Pdap1"", ""Psmb7"", ""Sae1"", ""Akt1"", ""Psmd13"", ""Cops5"", ""Ddx1"", ""Psma7"", ""Mrpl18"", ""Vdac3"", ""Usp1"", ""Cdk4"", ""Mrps14"", ""Ndufb9"", ""Ruvbl1"", ""Romo1"", ""Phb2"", ""Mdh2"", ""Drap1"", ""Ndufab1"", ""Mrpl51"", ""Mrpl34"", ""Sdhb"", ""Rnf7"", ""Mrps11"", ""Set"", ""Ndufv2"", ""Bag1"", ""Mrps12"", ""Cmpk1"", ""Coq7"", ""Txnrd1"", ""Cenpb"", ""Dohh"", ""Cks1b"", ""Lsm4"", ""Mrpl36"", ""Uri1"", ""Tomm70a"", 
""Samm50"", ""Psmd14"")"
"86","GOBP_PROTON_MOTIVE_FORCE_DRIVEN_ATP_SYNTHESIS","7.94747917810942e-05","0.00145047282062042","0.538434096309916","-0.654886536806581","-1.85510298251177","39","c(""Atp5b"", ""Atp5h"", ""Atp5g3"", ""Atp5k"", ""Atp5j2"", ""Ndufs6"", ""Ndufb7"", ""Atp5a1"", ""Ndufc2"", ""Atp5j"", ""Ndufb8"", ""Ndufb6"", ""Atp5o"", ""Ndufa5"", ""Atp5c1"", ""Ndufc1"", ""Ndufs8"", ""Ndufb9"", ""Ndufab1"", ""mt-Nd1"", ""Sdhb"", ""Atp5d"", ""Ndufa12"", ""Ndufv2"", ""Ndufb10"", ""Ndufb2"")"
"87","GOBP_MRNA_TRANSPORT","4.58369227473168e-05","0.000913103112797411","0.557332238758646","-0.632796983709643","-1.8534337175015","48","c(""Srsf3"", ""Hnrnpa2b1"", ""Hnrnpa3"", ""Srsf7"", ""Hnrnpa1"", ""Srsf1"", ""Dhx9"", ""Ddx39b"", ""Eif4a3"", ""Ddx19a"", ""Thoc7"", ""Magoh"", ""Alyref"", ""Rbm8a"", ""Slbp"", ""Iws1"", ""Thoc6"", ""Eny2"", ""Nup62"", ""Khsrp"", ""Ranbp2"", ""Sec13"", ""Fmr1"", ""Zfp36l1"", ""Ncbp1"", ""Nxt1"", ""Seh1l"", ""Thoc3"", ""Magohb"", ""Nup54"", ""Pom121"")"
"88","GOCC_CONDENSED_CHROMOSOME_CENTROMERIC_REGION","1.56655024538349e-05","0.000357705959192903","0.575610261071129","-0.55379107211232","-1.85087713509563","92","c(""H3f3a"", ""Dynll1"", ""Cbx3"", ""Smarcc1"", ""Smarca4"", ""Hnrnpu"", ""Bub3"", ""Hjurp"", ""Ckap5"", ""Actl6a"", ""Mad1l1"", ""Cbx5"", ""Cfdp1"", ""Ncapd2"", ""Smc1a"", ""Ccnb1"", ""Nde1"", ""Ska2"", ""Spc24"", ""Spc25"", ""Aurka"", ""Cdc20"", ""Plk1"", ""Cenpe"", ""Cenpl"", ""Sec13"", ""Incenp"", ""Cenpq"", ""Ncapd3"", ""Birc5"", ""Smarcb1"", ""Aurkb"", ""Mad2l1"", ""Cenpf"", ""Bub1b"", ""Zwint"", ""Seh1l"", ""Cenpb"", ""Ncapg"", ""Kif2c"", ""Cenpp"", ""Cenpc1"", ""Cenpa"", ""Knstrn"", ""Ska1"", ""Spdl1"", ""Kif18a"", ""Nuf2"", ""Ndc80"", ""Nek2"", ""Nup107"", ""Ercc6l"", ""Orc2"", ""Bub1"", ""Cenpk"", 
""Sin3a"", ""Ttk"", ""Cenpo"", ""Cenpv"", ""Spag5"", ""Nsl1"", ""Xpo1"")"
"89","GOBP_ESTABLISHMENT_OF_RNA_LOCALIZATION","4.38911374509258e-05","0.000883481188341457","0.557332238758646","-0.600655814295734","-1.85035388547195","61","c(""Srsf3"", ""Hnrnpa2b1"", ""Ybx1"", ""Hnrnpa3"", ""Srsf7"", ""Hnrnpa1"", ""Srsf1"", ""Dhx9"", ""Ddx39b"", ""Eif4a3"", ""Ddx19a"", ""Thoc7"", ""Magoh"", ""Alyref"", ""Rbm8a"", ""Ssb"", ""Slbp"", ""Mrpl18"", ""Iws1"", ""Thoc6"", ""Eny2"", ""Ran"", ""Nup62"", ""Terf1"", ""Tomm20"", ""Khsrp"", ""Ranbp2"", ""Sec13"", ""Fmr1"", ""Zfp36l1"", ""Ncbp1"", ""Nxt1"", ""Seh1l"", ""Thoc3"", ""Kpnb1"", ""Magohb"", ""Nup54"", ""Pom121"")"
"90","CHIARADONNA_NEOPLASTIC_TRANSFORMATION_CDC25_UP","6.2586580364101e-05","0.00119327615433469","0.538434096309916","-0.616426596492679","-1.85031643486623","54","c(""Srsf3"", ""Anp32e"", ""Thy1"", ""Srsf6"", ""Hnrnpu"", ""Gtf2a2"", ""Hmgn2"", ""Rbm3"", ""Nap1l1"", ""Htatsf1"", ""Ivns1abp"", ""Srrt"", ""Slc16a1"", ""Sephs2"", ""Nav2"", ""Pgrmc1"", ""Phlda1"", ""Taf1d"", ""Ppid"")"
"91","GOBP_MICROTUBULE_CYTOSKELETON_ORGANIZATION_INVOLVED_IN_MITOSIS","4.21595219781601e-05","0.00085458090690467","0.557332238758646","-0.576905369746711","-1.84912454933243","73","c(""Stmn1"", ""Smc3"", ""Hnrnpu"", ""Stag2"", ""Tacc2"", ""Itgb1"", ""Ckap5"", ""Mzt1"", ""Smc1a"", ""Ccnb1"", ""Nde1"", ""Nup62"", ""Nusap1"", ""Nudc"", ""Cdk1"", ""Kif11"", ""Cdca8"", ""Spc25"", ""Aurka"", ""Cdc20"", ""Plk1"", ""Cenpe"", ""Prc1"", ""Incenp"", ""Pcnt"", ""Tubg1"", ""Drg1"", ""Birc5"", ""Tpx2"", ""Aurkb"", ""Sass6"", ""Mad2l1"", ""Tacc3"", ""Kif23"", ""Mybl2"", ""Kpnb1"", ""Spry1"", ""Ccdc61"", ""Kif4"", ""Cenpa"", ""Spdl1"", ""Dlgap5"", ""Poc1a"", ""Nuf2"", ""Ndc80"", ""Kif2a"", ""Nek2"", ""Enkd1"", ""Rcc1"", ""Cep192"", ""Cdk5rap2"", ""Gpsm2"", ""Fam110a"", ""Psrc1"")"
"92","GOBP_AEROBIC_ELECTRON_TRANSPORT_CHAIN","7.86352693327023e-05","0.0014421458759842","0.538434096309916","-0.674280651192546","-1.84863230134821","34","c(""Cox7a2"", ""Cox7c"", ""Uqcr11"", ""Uqcrq"", ""Cox6a1"", ""Ndufs6"", ""Uqcrb"", ""Ndufc2"", ""Ndufb8"", ""Ndufb6"", ""Cycs"", ""Dnajc15"", ""Uqcr10"", ""Ndufs8"", ""Ndufb9"", ""Park7"", ""Cox5a"", ""Dld"", ""mt-Nd1"", ""Cox5b"", ""Uqcrfs1"", ""Sdhb"")"
"93","GOCC_RESPIRASOME","0.000173340725083429","0.00265620522229965","0.518848077743792","-0.63266721837189","-1.8476657539859","44","c(""Cox7a2"", ""Cox7c"", ""Uqcr11"", ""Uqcrq"", ""Cox6a1"", ""Ndufs6"", ""Uqcrb"", ""Ndufb7"", ""Ndufc2"", ""Ndufb8"", ""Ndufb6"", ""Ndufa5"", ""Ndufc1"", ""Ndufa4"", ""Uqcr10"", ""Ndufs8"", ""Ndufb9"", ""Cox5a"", ""Ndufab1"", ""Cox6b2"", ""mt-Nd1"", ""Cox5b"", ""Uqcrfs1"", ""Sdhb"", ""Ndufa12"", ""Ndufv2"", ""Ndufb10"", ""Ndufb2"")"
"94","MIR_141_3P","2.43189739387686e-05","0.000534185218419264","0.575610261071129","-0.567139220859037","-1.84720612871888","81","c(""Anp32e"", ""Sfpq"", ""Tcf12"", ""Brd3"", ""Cd247"", ""Rdx"", ""Rheb"", ""Dek"", ""Lbr"", ""Fkbp5"", ""Nr3c1"", ""Ikzf2"", ""Stat5b"", ""Dmwd"", ""Ivns1abp"", ""Mapk1"", ""Pds5b"", ""Slk"", ""Elk3"", ""Ppm1e"", ""Cdc25a"", ""Ccne2"", ""Qser1"", ""Fmr1"", ""Canx"", ""Tcerg1"", ""Atp6v1a"", ""Tiam1"", ""Nrp1"", ""Atxn1"", ""Kif3a"", ""Angptl2"", ""Ppm1l"")"
"95","ZHANG_UTERUS_C7_EPITHELIAL2_CELL","9.03827362582563e-12","8.28795345022137e-10","0.875325132024659","-0.461679500206731","-1.84670437203911","493","c(""H3f3a"", ""Hmgb1"", ""Ap3s1"", ""Ptma"", ""Txn1"", ""Gapdh"", ""Ywhae"", ""Srsf3"", ""Cd24a"", ""Hnrnpab"", ""Ppp1r14b"", ""Hnrnpa2b1"", ""Dynll1"", ""Chchd2"", ""Anxa2"", ""Cbx1"", ""Slc25a5"", ""Ncl"", ""Ybx1"", ""St13"", ""Hnrnpm"", ""Psma6"", ""Atp5b"", ""Metap2"", ""Calm3"", ""Cox7a2"", ""Hnrnpa3"", ""Atp5g3"", ""Cox7c"", ""Hnrnpc"", ""Eif4a1"", ""Vdac1"", ""Serbp1"", ""Atp5k"", ""Snrpe"", ""Uqcr11"", ""Psmc3"", ""U2af1"", ""Hnrnpa1"", ""Anp32b"", ""Snrpd1"", ""Srsf1"", ""Dbi"", ""Uqcrq"", ""Psmc4"", ""Dut"", ""Smarca4"", ""Psmb6"", ""Rheb"", ""Atp5j2"", ""Polr3k"", ""Eif3c"", ""Ddx39b"", ""Sypl"", 
""Hnrnpu"", ""Tomm7"", ""Nsmce1"", ""Hmgn2"", ""Ndufs6"", ""Uqcrb"", ""Hsp90ab1"", ""Ube2e1"", ""Banf1"", ""Ube2l3"", ""Eif2s2"", ""1110004F10Rik"", ""Ndufb7"", ""Magoh"", ""Prelid1"", ""Jup"", ""Hmgb2"", ""Lrrc59"", ""Psmd3"", ""Erh"", ""Tcp1"", ""Atp5a1"", ""Eif5a"", ""Ube2a"", ""Ndufc2"", ""Arpp19"", ""Psmd12"", ""Rps27l"", ""Gspt1"", ""Atp5j"", ""Ptbp1"", ""Lsm8"", ""Ndufb8"", ""Fdps"", ""Polr2k"", ""Rbm3"", ""Cct7"", ""Ndufb6"", ""Nap1l1"", ""Ube2n"", ""Atp5o"", ""Cycs"", ""Ndufa5"", ""Timm8b"", ""Polr2j"", ""Psmb7"", ""Ewsr1"", ""Nol7"", ""Hdgf"", ""Dnajc15"", ""Sae1"", ""Dtymk"", ""Snrpd2"", ""Lsm3"", 
""Txnl1"", ""Prmt1"", ""Ybx3"", ""Psmd13"", ""Psmc1"", ""Cops5"", ""Mdh1"", ""Ddx1"", ""Rrm1"", ""Atp5c1"", ""Psma7"", ""Mrpl18"", ""Serp1"", ""Ccdc34"", ""Mtx2"", ""Fcf1"", ""Stip1"", ""Phlda1"", ""Lsm2"", ""Tyms"", ""Cct2"", ""Vdac2"", ""Ndufc1"", ""Clic1"", ""Psmc5"", ""Tomm40"", ""Manf"", ""Ndufa4"", ""Ormdl2"", ""Llph"", ""Uqcr10"", ""Mrpl20"", ""Mrps33"", ""Strap"", ""Mrps14"", ""Timm13"", ""Cyb5b"", ""Mrpl13"", ""Park7"", ""Nudt21"", ""Psma1"", ""Eny2"", ""Sumo3"", ""Psmb5"", ""Ranbp1"", ""Uchl5"", ""Ran"", ""Tubb4b"", ""Phb2"", ""Mdh2"", ""Nars"", ""Hspa4"", ""Nudc"", ""Eif4g1"", ""Cct3"", ""Dhcr24"", 
""Cox5a"", ""Pebp1"", ""Ndufab1"", ""Snrpa"", ""Padi4"", ""Mrpl51"", ""Lsm5"", ""Ccnb2"", ""Cdca3"", ""Spc24"", ""Ppil1"", ""Elof1"", ""Mrpl21"", ""Eif3g"", ""Naa50"", ""Dstn"", ""mt-Nd1"", ""Cox5b"", ""Uqcrfs1"", ""Ptges3"", ""Txnl4a"", ""Cacybp"", ""Ube2c"", ""Rnf7"", ""Rpa3"", ""Psma2"", ""Sec13"", ""Hspd1"", ""Nop58"", ""Prdx1"", ""Atp5d"", ""Cct8"", ""Mrps6"", ""Gng12"", ""Fkbp4"", ""Actn4"", ""Set"", ""Birc5"", ""Cops4"", ""Eif2s1"", ""Pdia6"", ""Ndufa12"", ""Rad23b"", ""Uchl3"", ""Rnpep"", ""Canx"", ""Ndufv2"", ""Brix1"", ""Chchd1"", ""Pa2g4"", ""Chka"", ""Atp6v1a"", ""Mad2l1"", ""Hsp90b1"", ""Cmpk1"", 
""Las1l"", ""Denr"", ""Mrpl46"", ""Gars"", ""Mrps25"", ""Psmb3"", ""Eif6"", ""Txnrd1"", ""Psma3"", ""Ndufb2"", ""Wdr18"", ""Eprs"", ""Cnbp"", ""Cs"", ""Gtf2f2"", ""Ppih"", ""Lyar"", ""Adss"", ""Aldoa"", ""Tmem14c"", ""Psme3"", ""Mrpl15"", ""Tuba1b"", ""Gsr"", ""Cks1b"", ""Mrpl28"", ""Dazap1"", ""Lsm4"", ""Mrpl36"", ""Net1"", ""Snrpf"", ""Rpn1"", ""Mrpl57"", ""Yrdc"")"
"96","GOCC_NUCLEAR_BODY","1.68373019776615e-08","9.045788346213e-07","0.73376198835648","-0.492970989103881","-1.84448865275463","246","c(""Satb1"", ""Tcf7"", ""Srsf3"", ""Sfpq"", ""Hnrnpa2b1"", ""Cbx1"", ""Tcf12"", ""Hnrnpm"", ""Pnn"", ""Pcbp1"", ""Sumo2"", ""Srsf7"", ""Srsf9"", ""Srsf6"", ""U2af1"", ""Rorc"", ""Srsf1"", ""Phf5a"", ""Smc4"", ""Dhx9"", ""Basp1"", ""Gtf2h4"", ""Ddx39b"", ""Hnrnpu"", ""Srsf2"", ""Naa15"", ""Thoc7"", ""Srsf10"", ""Srrm1"", ""Nr3c1"", ""Gfi1"", ""Bcl6"", ""Ddx46"", ""Scaf11"", ""Thrap3"", ""Rbm8a"", ""Suz12"", ""Bclaf1"", ""Eif4e"", ""Raph1"", ""Snrpc"", ""Zcchc12"", ""Psmb7"", ""Ewsr1"", ""U2af2"", ""Tdg"", ""Srrt"", ""Mtdh"", ""H1f0"", ""Sf3b2"", ""Ddx1"", ""Cbx5"", ""Ak6"", ""Sf3a3"", ""Wbp11"", ""Med7"", ""Casp8ap2"", 
""Parp1"", ""Smc5"", ""Thoc6"", ""Mki67"", ""Pcnp"", ""Park7"", ""Nudt21"", ""Zc3h18"", ""Fli1"", ""Polr2d"", ""Sumo3"", ""Zcchc8"", ""Dbf4"", ""Terf1"", ""Pcna"", ""Sf3a1"", ""Srek1"", ""Bmp2k"", ""Snrpb2"", ""Hbp1"", ""Topors"", ""Nfatc1"", ""Nsmce2"", ""Smn1"", ""Eftud2"", ""Sf3a2"", ""Nop58"", ""Incenp"", ""Fmr1"", ""Ect2"", ""Drg1"", ""Cdk2"", ""Cops4"", ""Cstf2"", ""Kif22"", ""Rreb1"", ""Rmi2"", ""Dgcr8"", ""Srsf4"", ""Prpf19"", ""Api5"", ""Ylpm1"", ""Zwint"", ""Ncapg2"", ""Cenpb"", ""Ppih"", ""Nelfa"", ""Nolc1"", ""Jade1"", ""Cdc34"", ""Nsmce4a"", ""Mrpl36"", ""Xrra1"", ""Ehmt2"", ""Hivep1"")"
"97","GOBP_METAPHASE_ANAPHASE_TRANSITION_OF_CELL_CYCLE","6.78745700512004e-05","0.00126896890351387","0.538434096309916","-0.622158099598668","-1.84411266466588","51","c(""Anapc5"", ""Smarcc1"", ""Smarca4"", ""Bub3"", ""Rad21"", ""Bcl7c"", ""Actl6a"", ""Mad1l1"", ""Fbxo5"", ""Bcl7a"", ""Cdc16"", ""Ccnb1"", ""Spc24"", ""Nsmce2"", ""Cdca8"", ""Spc25"", ""Cdc20"", ""Plk1"", ""Cenpe"", ""Ube2c"", ""Lcmt1"", ""Incenp"", ""Birc5"", ""Smarcb1"", ""Aurkb"", ""Mad2l1"", ""Bub1b"", ""Zwint"", ""Hecw2"", ""Tacc3"", ""Cdc27"", ""Spdl1"", ""Cdc6"", ""Nuf2"", ""Ndc80"", ""Anapc1"", ""Bub1"", ""Cep192"", ""Ttk"", ""Cdk5rap2"", ""Anapc15"")"
"98","GOBP_HETEROCHROMATIN_ORGANIZATION","0.000184172779409363","0.00280729853996804","0.518848077743792","-0.641773973576085","-1.8437454846069","42","c(""H3f3a"", ""Hmgb1"", ""H3f3b"", ""Cbx3"", ""Ezh2"", ""Lmnb1"", ""Smarca5"", ""Trim28"", ""Smarca4"", ""Bcl6"", ""Hdac1"", ""Mbd3"", ""Kcnq1ot1"", ""Suz12"", ""H1f0"", ""Uhrf1"", ""Hdac2"", ""Dnmt1"", ""Cdk2"", ""Suv39h1"", ""Pole3"", ""Hat1"")"
"99","STEARMAN_LUNG_CANCER_EARLY_VS_LATE_UP","6.78745700512004e-05","0.00126896890351387","0.538434096309916","-0.658760207364213","-1.84307260606897","37","c(""Pnn"", ""Hnrnpc"", ""Smo"", ""Ctcf"", ""Srsf1"", ""Eif1ax"", ""Ddx3x"", ""Ephb6"", ""Mtch1"", ""Gtf2e2"", ""Agpat5"", ""Mapk1"", ""Prmt1"", ""Pgrmc1"", ""Klf13"")"
"100","REACTOME_PHOSPHORYLATION_OF_CD3_AND_TCR_ZETA_CHAINS","2.58567540436808e-05","0.000559454936742861","0.575610261071129","-0.809353041532799","-1.84282964424797","16","c(""Trbc2"", ""Ptprc"", ""Cd4"", ""Cd247"", ""Trbc1"", ""Trac"", ""Cd3d"", ""Cd3e"")"
"101","REACTOME_TRANSPORT_OF_MATURE_TRANSCRIPT_TO_CYTOPLASM","0.000201074960054666","0.00301716894606703","0.518848077743792","-0.62974180741104","-1.83912227094815","44","c(""Srsf3"", ""Srsf7"", ""Srsf9"", ""U2af1"", ""Srsf1"", ""Ddx39b"", ""Eif4a3"", ""Srsf2"", ""Thoc7"", ""Srrm1"", ""Magoh"", ""Alyref"", ""Rbm8a"", ""Eif4e"", ""U2af2"", ""Slbp"", ""Rnps1"", ""Thoc6"", ""Nup62"", ""Ranbp2"", ""Sec13"", ""Ncbp1"", ""Nxt1"", ""Cpsf2"", ""Seh1l"", ""Thoc3"", ""Magohb"", ""Nup54"", ""Pom121"")"
"102","HESS_TARGETS_OF_HOXA9_AND_MEIS1_UP","8.19929292447621e-05","0.00148953821461318","0.538434096309916","-0.612088481340897","-1.83729479399714","54","c(""Cd28"", ""Myb"", ""Ncl"", ""Metap2"", ""Dut"", ""Nedd4"", ""Mcm7"", ""Bcl7c"", ""Icam2"", ""Dtymk"", ""Prmt1"", ""Ybx3"", ""Rrm1"", ""Fabp5"", ""Immt"", ""Uhrf1"", ""Hmgcr"", ""Hdac2"", ""Ruvbl1"", ""Ppid"", ""Nop58"", ""Bid"", ""Mybl2"", ""Mrpl15"", ""Nolc1"", ""Got1"", ""Phgdh"", ""Msh2"", ""Ruvbl2"")"
"103","MIR_669H_3P","0.000163462066956823","0.00253168997536076","0.518848077743792","-0.633727392412306","-1.83599651666563","43","c(""Mier1"", ""Cd8a"", ""Srsf7"", ""Rag1"", ""Smarca5"", ""Caprin1"", ""Tm6sf1"", ""Ube2a"", ""Eif4e"", ""Camk2d"", ""Mapk1"", ""Cdk19"", ""Serp1"")"
"104","MIR_669K_3P","0.000163462066956823","0.00253168997536076","0.518848077743792","-0.633727392412306","-1.83599651666563","43","c(""Mier1"", ""Cd8a"", ""Srsf7"", ""Rag1"", ""Smarca5"", ""Caprin1"", ""Tm6sf1"", ""Ube2a"", ""Eif4e"", ""Camk2d"", ""Mapk1"", ""Cdk19"", ""Serp1"")"
"105","BURTON_ADIPOGENESIS_3","3.38269819962553e-05","0.000708037952870894","0.557332238758646","-0.557375027303157","-1.83382821057409","87","c(""Lmo4"", ""Ezh2"", ""Cdca7"", ""Mcm7"", ""Hmgb2"", ""Rrm2"", ""Ilf2"", ""Nasp"", ""Dtymk"", ""Cks2"", ""Slbp"", ""Rrm1"", ""Tyms"", ""Usp1"", ""Mki67"", ""Ccnb1"", ""Phb2"", ""Nusap1"", ""Top2a"", ""Pcna"", ""Cdk1"", ""Kif11"", ""E2f8"", ""Ccne2"", ""Ccnb2"", ""Cdca8"", ""Ncaph"", ""Aurka"", ""Cdc20"", ""Plk1"", ""Dnmt1"", ""Prc1"", ""Incenp"", ""Smc2"", ""Birc5"", ""Cstf2"", ""Kif22"", ""Tk1"", ""Mad2l1"", ""Ccnf"", ""Tacc3"", ""Kif20a"", ""Kpna2"", ""Cks1b"", ""Kif2c"", ""Asf1b"", ""Topbp1"", ""Kif4"", ""Dlgap5"", ""Pola1"", ""Mcm2"", ""Cdc6"", ""Rad51ap1"", ""Bub1"", ""Cenpk"", ""Fen1"", ""Ttk"", ""Fignl1"", 
""Cdc7"")"
"106","GOBP_MAINTENANCE_OF_CELL_NUMBER","5.54827865195629e-05","0.00107558408632052","0.557332238758646","-0.592769327503903","-1.83141181430736","63","c(""Sox4"", ""Ezh2"", ""Smo"", ""Mtf2"", ""Lig4"", ""Smarcc1"", ""Smarca4"", ""Smc3"", ""Rbbp4"", ""Stag2"", ""Bcl7c"", ""Hdac1"", ""Leo1"", ""Eif4e"", ""Pcm1"", ""Actl6a"", ""Srrt"", ""Bcl7a"", ""Kdm2b"", ""Sap30"", ""Smc1a"", ""Med7"", ""Med14"", ""Smc5"", ""Hdac2"", ""Raf1"", ""Klf10"", ""Nkap"", ""Padi4"")"
"107","MIR_200A_3P","6.50259360254672e-05","0.00122763017130433","0.538434096309916","-0.563930383134087","-1.8308952108172","79","c(""Anp32e"", ""Sfpq"", ""Tcf12"", ""Brd3"", ""Cd247"", ""Rdx"", ""Rheb"", ""Dek"", ""Lbr"", ""Fkbp5"", ""Nr3c1"", ""Ikzf2"", ""Stat5b"", ""Dmwd"", ""Mapk1"", ""Pds5b"", ""Slk"", ""Elk3"", ""Ppm1e"", ""Cdc25a"", ""Ccne2"", ""Qser1"", ""Fmr1"", ""Canx"", ""Tcerg1"", ""Atp6v1a"", ""Tiam1"", ""Nrp1"", ""Atxn1"", ""Kif3a"", ""Angptl2"", ""Ppm1l"")"
"108","GOBP_POSITIVE_REGULATION_OF_ESTABLISHMENT_OF_PROTEIN_LOCALIZATION","8.54061590793578e-06","0.000217353031278172","0.593325476396405","-0.528452437442668","-1.82949617613341","112","c(""Sox4"", ""Ywhae"", ""Camk4"", ""Dynll1"", ""Hnrnpm"", ""Hsp90aa1"", ""Smo"", ""Pdcd5"", ""Anp32b"", ""Trim28"", ""Rapgef3"", ""Tomm7"", ""Hsp90ab1"", ""Jup"", ""Xbp1"", ""Tcp1"", ""Ptbp1"", ""Cct7"", ""Pcm1"", ""Mapk1"", ""Hcfc1"", ""Bsg"", ""Serp1"", ""C2cd5"", ""Pak1"", ""Cct2"", ""P2rx7"", ""Hras"", ""Ppid"", ""Ptp4a3"", ""Ran"", ""Ctdspl2"", ""Fbxw7"", ""Ptger4"", ""Glul"", ""Cdk1"", ""Cct3"", ""Vps35"", ""Bbc3"", ""Cep295"", ""Cct8"", ""Pcnt"", ""Ect2"", ""Acsl3"")"
"109","GOBP_NEGATIVE_REGULATION_OF_GENE_EXPRESSION_EPIGENETIC","8.36222660525163e-05","0.00150964322182933","0.538434096309916","-0.621597813792603","-1.82914994558373","50","c(""H3f3a"", ""Hmgb1"", ""H3f3b"", ""Cbx3"", ""Ezh2"", ""Lmnb1"", ""Smarca5"", ""Ctcf"", ""Trim28"", ""Smarca4"", ""Bcl6"", ""Hdac1"", ""Mbd3"", ""Kcnq1ot1"", ""Suz12"", ""H1f0"", ""Trim27"", ""Uhrf1"", ""Hdac2"")"
"110","MIR_3572_3P","7.12900440351249e-05","0.00131579100444382","0.538434096309916","-0.783724733160019","-1.82711004917878","18","c(""Cd5"", ""Pnn"", ""Hmgn1"", ""Ddx3x"", ""Gfi1"", ""Ube2n"", ""H1f0"", ""Cdk6"", ""Nt5c2"")"
"111","ISHIDA_E2F_TARGETS","0.00011677868326009","0.00194417998038484","0.538434096309916","-0.623762798768994","-1.82705448461096","49","c(""Stmn1"", ""Ezh2"", ""Cdca7"", ""Dut"", ""Hmgb3"", ""Lbr"", ""Mcm7"", ""Hmgb2"", ""Rrm2"", ""Ccna2"", ""Slbp"", ""Rrm1"", ""Mki67"", ""Lig1"", ""Ccnb1"", ""Dbf4"", ""Nusap1"", ""Top2a"", ""Cdkn2c"", ""Pcna"", ""Cdk1"", ""E2f8"", ""Ccnb2"", ""Ncaph"", ""Cdc20"", ""Prc1"", ""Smc2"", ""Cdk2"", ""Tk1"", ""Aurkb"", ""Kpna2"", ""Rfc3"", ""Kif2c"", ""Asf1b"")"
"112","GOCC_TRANSCRIPTION_REGULATOR_COMPLEX","8.8141065452701e-07","2.94330020300725e-05","0.659444398037935","-0.500381968794649","-1.82563308948857","176","c(""Hmgb1"", ""Tcf7"", ""Sox4"", ""Sfpq"", ""Hnrnpab"", ""Myb"", ""Anxa2"", ""Ets1"", ""Lmo4"", ""Tcf12"", ""Mier1"", ""Cbx3"", ""Xrcc6"", ""Ptov1"", ""Trim28"", ""Mxd4"", ""Gtf2h4"", ""Ikzf1"", ""Hnrnpu"", ""Gtf2a2"", ""Naa15"", ""Rbbp4"", ""Tcf3"", ""Gfi1"", ""Xbp1"", ""Hdac1"", ""Mbd3"", ""Tcf4"", ""Hdgf"", ""Gtf2e2"", ""Nfatc3"", ""Cdk2ap1"", ""Runx1"", ""E2f4"", ""H1f0"", ""Cops5"", ""Pknox1"", ""Nfyb"", ""Akirin2"", ""Cbx5"", ""Lef1"", ""Ccnh"", ""Psmc5"", ""Med7"", ""Med14"", ""Parp1"", ""Hdac2"", ""Cdk4"", ""E2f2"", ""Taf1d"", ""Tfdp2"", ""Eny2"", ""Atf1"", ""Hmga1"", ""Drap1"", ""Taf1"", ""Cebpg"", 
""E2f8"", ""Mga"", ""Nfatc1"", ""Snf8"", ""Nfya"", ""Nfat5"", ""Lin9"", ""Med19"", ""Nr4a1"", ""Cdk2"")"
"113","GOCC_PRECATALYTIC_SPLICEOSOME","0.000298729062063617","0.00409918715330527","0.49849310876659","-0.664272778222103","-1.82551110874187","35","c(""Snrpe"", ""Snrpd1"", ""Phf5a"", ""Lsm8"", ""Sf3b6"", ""Snrpd2"", ""Lsm3"", ""Snrpb"", ""Sf3b2"", ""Sf3a3"", ""Smu1"", ""Lsm2"", ""Prpf38a"", ""Sf3a1"", ""Snrpb2"", ""Sf3b3"", ""Lsm5"", ""Prpf8"", ""Txnl4a"", ""Eftud2"", ""Sf3a2"", ""Sf3b4"", ""Sf3b5"", ""Snrnp200"", ""Lsm4"", ""Snrpf"", ""Magohb"")"
"114","GOBP_NUCLEOBASE_CONTAINING_COMPOUND_TRANSPORT","9.88763616054172e-05","0.00171020581136076","0.538434096309916","-0.570877242689051","-1.82413662935116","72","c(""Srsf3"", ""Hnrnpa2b1"", ""Slc25a5"", ""Ybx1"", ""Hnrnpa3"", ""Srsf7"", ""Hnrnpa1"", ""Srsf1"", ""Dhx9"", ""Ddx39b"", ""Slc29a1"", ""Eif4a3"", ""Ddx19a"", ""Thoc7"", ""Magoh"", ""Alyref"", ""Rbm8a"", ""Ssb"", ""Slbp"", ""Mrpl18"", ""Slc35d1"", ""Iws1"", ""Thoc6"", ""P2rx7"", ""Eny2"", ""Ran"", ""Nup62"", ""Tomm20"", ""Khsrp"", ""Ranbp2"", ""Sec13"", ""Fmr1"", ""Zfp36l1"", ""Epg5"", ""Slc35b4"", ""Ncbp1"", ""Nxt1"", ""Seh1l"", ""Thoc3"", ""Kpnb1"", ""Magohb"", ""Nup54"", ""Pom121"")"
"115","GOBP_REGULATION_OF_DNA_BINDING","0.000252846043286108","0.00358012645113688","0.49849310876659","-0.634463926022067","-1.82274452831245","42","c(""Hmgb1"", ""Txn1"", ""Gata3"", ""Smo"", ""Trim28"", ""Smarca4"", ""Hjurp"", ""Hmgb2"", ""H1f0"", ""Lef1"", ""Gzma"", ""Parp1"", ""Hdac2"", ""Park7"", ""Sumo3"", ""Fbxw7"", ""Hspa4"")"
"116","GOCC_INTRACELLULAR_PROTEIN_CONTAINING_COMPLEX","3.85066882700084e-08","1.95099070100943e-06","0.719512826338911","-0.478882943352333","-1.82209954300784","281","c(""Ube2s"", ""Ybx1"", ""Psma6"", ""Xrcc6"", ""Eif4a1"", ""Anapc5"", ""Rag1"", ""Psmc3"", ""Lig4"", ""Psmc4"", ""Dhx9"", ""Psmc6"", ""Nedd4"", ""Gtf2h4"", ""Psmb6"", ""Polr3k"", ""Mat2a"", ""Hnrnpu"", ""Gtf2a2"", ""Naa15"", ""Hsp90ab1"", ""Ube2e1"", ""Ube2l3"", ""Psmd3"", ""Tcp1"", ""Ube2a"", ""Morf4l2"", ""Psmd12"", ""Syncrip"", ""Polr2k"", ""Cct7"", ""Ube2n"", ""Leo1"", ""Eif4e"", ""Dcun1d5"", ""Polr2j"", ""Psmb7"", ""Gtf2e2"", ""Actl6a"", ""Brd8"", ""Cks2"", ""Txnl1"", ""Camk2d"", ""Psmd13"", ""Psmc1"", ""Ddx1"", ""Psma7"", ""Hcfc1"", ""Ccnh"", ""Stip1"", ""Pop4"", ""Cct2"", ""Polr2c"", ""Psmd6"", ""Cdc16"", 
""Polr2i"", ""Psmc5"", ""Med7"", ""Ruvbl1"", ""Psma1"", ""Eny2"", ""Polr2d"", ""Psmb5"", ""Uchl5"", ""Bcl10"", ""Fbxw7"", ""Ddb1"", ""Eif4g1"", ""Cct3"", ""Taf1"", ""Sf3b3"", ""Dars"", ""Topors"", ""Psmb4"", ""Naa50"", ""Ptges3"", ""Cdc20"", ""Cacybp"", ""Ube2c"", ""Rnf7"", ""Psma2"", ""Cct8"", ""Fmr1"", ""Brcc3"", ""Trappc1"", ""Ect2"", ""Pop7"", ""Otud6b"", ""Pole3"", ""Rad23b"", ""Wdr5"", ""Ncbp1"", ""Rpap3"", ""Cep83"", ""Ccnf"", ""Dtnbp1"", ""Cenpf"", ""Las1l"", ""Dnaaf2"", ""Med30"", ""Dgcr8"", ""Prkar2b"", ""Odf2"", ""Psmb3"", ""Psma3"", ""Psmc2"", ""Eprs"", ""Msl3"", ""Taf3"", ""Polr2b"", ""Naa16"", 
""Gtf2f2"", ""Kif23"", ""Psme3"", ""Sclt1"", ""Sf3b5"", ""Jade1"", ""Cks1b"", ""Fam98b"", ""Cbx2"", ""Skp2"", ""Elp5"", ""Fbxo45"", ""Cdc27"", ""Camk2a"", ""Ccdc61"", ""Anapc13"", ""Psmb2"", ""Ruvbl2"", ""Prim2"", ""Psmd14"", ""Rnaseh2b"", ""Myzap"", ""Ppp5c"", ""Polr3h"", ""Taf5l"", ""Psmd2"", ""Pola1"", ""Psma5"", ""Iars"", ""Psmd7"", ""Gtf2f1"", ""Polr2e"", ""Cul1"", ""Bcor"", ""Asb2"", ""Sgf29"", ""Kif2a"", ""Psmd1"", ""Sdf2l1"", ""Anapc1"", ""Rnf168"", ""Dna2"", ""Naa38"", ""Telo2"", ""Rpp30"", ""Gan"", ""Kars"")"
"117","GOMF_CHROMATIN_DNA_BINDING","0.000373544120880962","0.00486028014939036","0.49849310876659","-0.637031157191031","-1.81830361046096","40","c(""H3f3a"", ""H3f3b"", ""Tox"", ""Ezh2"", ""Hmgn1"", ""Ctcf"", ""Dhx9"", ""Hnrnpu"", ""Xbp1"", ""Bcl6"", ""Suz12"", ""H1f0"", ""Hcfc1"", ""Tox2"", ""Hdac2"", ""Hmgn3"", ""Hmgn5"", ""Nkap"", ""Notch1"", ""Actn4"", ""Pole3"")"
"118","YAO_TEMPORAL_RESPONSE_TO_PROGESTERONE_CLUSTER_11","6.03403791547538e-05","0.00115503481439322","0.557332238758646","-0.582415652012993","-1.81764581100073","66","c(""Srsf3"", ""Kras"", ""Rdx"", ""Hnrnpll"", ""Srsf2"", ""Tubb2a"", ""Lrrc59"", ""Gspt1"", ""Cycs"", ""Actl6a"", ""Srrt"", ""Ak6"", ""Stip1"", ""Manf"", ""Strap"", ""Tfrc"", ""Mak16"", ""Bms1"", ""Nop56"", ""Aars"", ""Nifk"", ""Ddx21"", ""Nop58"", ""Tars"", ""Pdia6"", ""Ncbp1"", ""Pa2g4"", ""Hsp90b1"", ""Eprs"", ""Acot7"", ""Kpna2"", ""Psme3"", ""Cse1l"", ""Dus1l"", ""Creld2"")"
"119","GOBP_CHROMOSOME_SEPARATION","0.000136419488561839","0.00221998700118801","0.518848077743792","-0.61246627443718","-1.8153855331931","51","c(""Anapc5"", ""Smc4"", ""Bub3"", ""Rad21"", ""Mad1l1"", ""Fbxo5"", ""Ncapd2"", ""Cdc16"", ""Ccnb1"", ""Top2a"", ""Spc24"", ""Nsmce2"", ""Cdca8"", ""Ncaph"", ""Spc25"", ""Cdc20"", ""Plk1"", ""Cenpe"", ""Ube2c"", ""Lcmt1"", ""Incenp"", ""Smc2"", ""Ncapd3"", ""Birc5"", ""Aurkb"", ""Mad2l1"", ""Bub1b"", ""Zwint"", ""Ncapg2"", ""Ncapg"", ""Spdl1"", ""Nuf2"", ""Ndc80"", ""Ncaph2"", ""Bub1"", ""Cep192"", ""Ttk"", ""Cdk5rap2"", ""Anapc15"")"
"120","GOMF_PROTEIN_HETERODIMERIZATION_ACTIVITY","3.81178433234318e-05","0.000786452788855235","0.557332238758646","-0.539375140282002","-1.81458605542859","96","c(""Ywhae"", ""Tcf12"", ""Pafah1b3"", ""Cd247"", ""Smc3"", ""Gtf2a2"", ""Tcf3"", ""Tubb2b"", ""Xbp1"", ""Tcf4"", ""Itgb1"", ""Sae1"", ""Ikzf3"", ""Runx1"", ""Nfyb"", ""Tcof1"", ""Smc1a"", ""Uba2"", ""Tuba1a"", ""Bcl10"", ""Ran"", ""Phb2"", ""Top2a"", ""Drap1"", ""Taf1"", ""Lsm5"", ""Aurka"", ""Prmt5"", ""Fmr1"", ""Slc3a2"", ""P4hb"", ""Nr4a1"", ""Birc5"", ""Srgap2"", ""Pole3"")"
"121","GOBP_CHROMOSOME_SEGREGATION","4.11508724988544e-07","1.48580369016176e-05","0.674962860011025","-0.491073455558173","-1.81113254412793","202","c(""Slc25a5"", ""Tubb5"", ""Anapc5"", ""Smarca5"", ""Ctcf"", ""Smc4"", ""Smarcc1"", ""Smarca4"", ""Rcc2"", ""Smc3"", ""Hnrnpu"", ""Bub3"", ""Ddx3x"", ""Stag2"", ""Hjurp"", ""Rad21"", ""Bcl7c"", ""Actl6a"", ""Mad1l1"", ""Fbxo5"", ""Bcl7a"", ""Ncapd2"", ""Mzt1"", ""Smc1a"", ""Cdc16"", ""Smc5"", ""Mki67"", ""Ccnb1"", ""Nde1"", ""Baz1b"", ""Ran"", ""Nup62"", ""Terf1"", ""Ddb1"", ""Nusap1"", ""Top2a"", ""Nudc"", ""Cdk1"", ""Haus3"", ""Kif11"", ""Ska2"", ""Ccne2"", ""Ccnb2"", ""Spc24"", ""Nsmce2"", ""Psmc3ip"", ""Cdca8"", ""Ncaph"", ""Spc25"", ""Aurka"", ""Cdc20"", ""Plk1"", ""Cenpe"", ""Cenpl"", ""Ube2c"", ""Lcmt1"", 
""Prc1"", ""Incenp"", ""Smc2"", ""Cenpq"", ""Tubg1"", ""Ect2"", ""Drg1"", ""Ncapd3"", ""Birc5"", ""Smarcb1"", ""Kif22"", ""Syce2"", ""Tpx2"", ""Aurkb"", ""Sass6"", ""Rmi2"", ""Mad2l1"", ""Haus4"", ""Cenpf"", ""Bub1b"", ""Zwint"", ""Ncapg2"", ""Hecw2"", ""Seh1l"", ""Tacc3"", ""Kif23"", ""Mybl2"", ""Ncapg"", ""Kpnb1"", ""Ppp1r7"", ""Ehmt2"", ""Cdc27"", ""Kif2c"", ""Ccdc61"", ""Esco2"", ""Cenpp"", ""Cenpc1"", ""Kif4"", ""Knstrn"", ""Ska1"", ""Spdl1"", ""Dlgap5"", ""Kif18a"", ""Cdc6"", ""Nuf2"", ""Ndc80"", ""Kif2a"", ""Nek2"", ""Anapc1"", ""Ncaph2"", ""Rcc1"", ""Cdca5"", ""Bub1"", ""Cenpk"", ""Cep192"", ""Ttk"", 
""Cdk5rap2"", ""Anapc15"", ""Cenpo"", ""Spag5"", ""Rad18"", ""Gpsm2"", ""Mapre2"", ""Dcaf13"", ""Haus2"", ""Nsl1"", ""Psrc1"", ""Gem"", ""Mis18a"", ""Trip13"", ""Haus6"", ""Stil"", ""Brca2"", ""Bex6"", ""Aspm"", ""Mre11a"", ""Cenpn"", ""Cdca2"", ""Tubgcp2"")"
"122","chr6F2","0.000245834714529474","0.00354161383001689","0.49849310876659","-0.697924712801217","-1.81061629253316","27","c(""Cd27"", ""Gapdh"", ""Ptms"", ""Cd4"", ""Mlf2"", ""Gpr162"", ""Ncapd2"", ""Phb2"", ""Mrpl51"", ""Cdca3"")"
"123","REACTOME_MITOTIC_SPINDLE_CHECKPOINT","0.000137582446435229","0.00222337963681956","0.518848077743792","-0.56430937020316","-1.80315016171411","72","c(""Dynll1"", ""Ube2s"", ""Anapc5"", ""Rcc2"", ""Bub3"", ""Ube2e1"", ""Ckap5"", ""Mad1l1"", ""B9d2"", ""Cdc16"", ""Nde1"", ""Dynll2"", ""Nudc"", ""Ska2"", ""Spc24"", ""Cdca8"", ""Spc25"", ""Cdc20"", ""Plk1"", ""Cenpe"", ""Ranbp2"", ""Cenpl"", ""Ube2c"", ""Sec13"", ""Incenp"", ""Cenpq"", ""Ppp2r5d"", ""Aurkb"", ""Mad2l1"", ""Cenpf"", ""Bub1b"", ""Zwint"", ""Seh1l"", ""Cdc27"", ""Kif2c"", ""Cenpp"", ""Cenpc1"", ""Cenpa"", ""Ska1"", ""Spdl1"", ""Kif18a"", ""Nuf2"", ""Ndc80"", ""Kif2a"", ""Nup107"", ""Anapc1"", ""Ercc6l"", ""Bub1"", ""Cenpk"", ""Anapc15"", ""Cenpo"", ""Nsl1"", ""Xpo1"")"
"124","RIZ_ERYTHROID_DIFFERENTIATION_HBZ","6.32051136442444e-05","0.00120110507079868","0.538434096309916","-0.791792742627599","-1.80284630233939","16","c(""Hmgb1"", ""Sox4"", ""Cux1"", ""Cbx3"", ""Basp1"", ""Mcm7"", ""Tmpo"")"
"125","GOMF_PRE_MRNA_BINDING","0.000100855208021539","0.00172931806761508","0.538434096309916","-0.804945752922788","-1.80276134955915","15","c(""Hnrnpa2b1"", ""Srsf6"", ""U2af1"", ""Hnrnpa1"", ""Hnrnpu"", ""Srsf2"", ""Ptbp1"", ""Snrpc"", ""U2af2"", ""Slbp"", ""Eri1"", ""Prpf8"")"
"126","GOBP_HISTONE_MODIFICATION","0.000118171947712648","0.00196172224694243","0.538434096309916","-0.59210355921443","-1.80043892423185","59","c(""Mier1"", ""Ezh2"", ""Smarca5"", ""Smarca4"", ""Dek"", ""Rbbp4"", ""Xbp1"", ""Ube2a"", ""Morf4l2"", ""Hdac1"", ""Mbd3"", ""Suz12"", ""Ube2n"", ""Leo1"", ""Actl6a"", ""Brd8"", ""Nfyb"", ""Hcfc1"", ""Uhrf1"", ""Hdac2"", ""Ruvbl1"", ""Eny2"", ""Baz1b"", ""Nfya"", ""Prmt5"", ""Ddx21"", ""Suv39h1"", ""Wdr5"", ""Hat1"", ""Msl3"", ""Nelfa"", ""Ehmt2"", ""Ruvbl2"", ""Rbbp7"", ""Taf5l"", ""Myo1c"", ""Sgf29"")"
"127","LAZARO_GENETIC_MOUSE_MODEL_HIGH_GRADE_LARGE_CELL_NEUROENDOCRINE_LUNG_CARCINOMA_UP","1.03969848213021e-08","5.77532512621751e-07","0.747739663149885","-0.46963465650062","-1.79988430964431","303","c(""Ezh2"", ""Cdca7"", ""Lmnb1"", ""Snrpd1"", ""Smc4"", ""Smarcc1"", ""Dut"", ""Fkbp5"", ""Mcm7"", ""Hjurp"", ""Egln3"", ""Hmgb2"", ""Msh6"", ""Rbm3"", ""Nasp"", ""Dtymk"", ""Ccna2"", ""Tube1"", ""Cks2"", ""Pbk"", ""Fbxo5"", ""H1f0"", ""Slbp"", ""Rrm1"", ""Ccdc34"", ""Ncapd2"", ""Nt5c2"", ""Tyms"", ""Uck2"", ""Casp8ap2"", ""Uhrf1"", ""Usp1"", ""Mki67"", ""Lig1"", ""Ccnb1"", ""Trim59"", ""Taf1d"", ""Dbf4"", ""Ranbp1"", ""Nusap1"", ""Eri1"", ""Top2a"", ""Pcna"", ""Cdk1"", ""Cdc25a"", ""Kif11"", ""E2f8"", ""Ccne2"", ""Ccnb2"", ""Spc24"", ""Ppil1"", ""Cdca8"", ""Ncaph"", ""Spc25"", ""Naa50"", ""Clspn"", ""Aurka"", 
""Cdc20"", ""Plk1"", ""Dnmt1"", ""Cenpe"", ""Rfc4"", ""Cenpl"", ""Ube2c"", ""Spats2"", ""Tipin"", ""Prc1"", ""Nop58"", ""Incenp"", ""Smc2"", ""Tubg1"", ""Ect2"", ""Ncapd3"", ""Cdk2"", ""Birc5"", ""Kif22"", ""Tk1"", ""Tpx2"", ""Aurkb"", ""Ccdc18"", ""Mad2l1"", ""Hat1"", ""Ccnf"", ""Cenpf"", ""Cdkn1c"", ""Plk4"", ""Bub1b"", ""Ncapg2"", ""Txnrd1"", ""Atad5"", ""4930579G24Rik"", ""Atad2"", ""Tacc3"", ""Kif15"", ""Kif20a"", ""Kif23"", ""Kpna2"", ""Ckap2l"", ""Rfc3"", ""Gsr"", ""Ncapg"", ""Skp2"", ""Depdc1a"", ""Ckap2"", ""Arhgap19"", ""Shcbp1"", ""Kif2c"", ""Asf1b"", ""Gins1"", ""Esco2"", ""Topbp1"", ""Kif20b"", 
""Prim2"", ""Wdr76"", ""Lcorl"", ""Kif4"", ""Neil3"", ""Rnaseh2b"", ""Cenpa"", ""Mis18bp1"", ""Rfwd3"", ""Knstrn"", ""Rbbp7"", ""Spdl1"", ""Dlgap5"", ""Pola1"", ""Mcm2"", ""Kif18a"", ""Cdc6"", ""Nuf2"", ""Anln"", ""Ndc80"", ""Exo1"", ""Hmmr"", ""Ints7"", ""Mcm6"", ""Nek2"", ""Foxm1"", ""Dna2"", ""Ephb2"", ""Casp3"", ""Cdca5"", ""Bub1"", ""Gins2"", ""Cenpk"", ""Fen1"", ""Ttk"", ""Chaf1a"", ""Cdk5rap2"", ""Fignl1"", ""Spag5"", ""Rad18"", ""Gas2l3"", ""Gpsm2"", ""Blm"", ""Diaph3"", ""Ammecr1"", ""Nsl1"", ""Dhfr"", ""Cdc25c"", ""Psrc1"", ""Rpa1"", ""Gtse1"", ""Trip13"", ""Hells"", ""Ipo5"", ""Haus6"", ""Fam167a"", 
""Dtl"", ""Arhgef39"", ""Cdc45"", ""Stil"", ""Brca2"", ""Melk"", ""Aspm"", ""Cdkn3"", ""Cenpn"", ""Cdca2"", ""Nup155"", ""Epcam"", ""Prr11"", ""Psat1"", ""Prim1"", ""Bard1"", ""Cenph"", ""Kif18b"", ""Oip5"", ""Pola2"", ""Arhgap11a"", ""Rad51"", ""Kif14"", ""Cdkn1a"", ""Ndc1"", ""Exosc2"", ""Odf2l"", ""Zfp599"", ""Bora"", ""Cacnb3"", ""Mastl"", ""Ska3"", ""Iqgap3"", ""Brca1"", ""Chek2"", ""Mcm10"", ""Rad54l"", ""E2f7"")"
"128","GOBP_ATP_BIOSYNTHETIC_PROCESS","0.0002061414687034","0.0030772074023244","0.518848077743792","-0.606056753310071","-1.79638734110563","51","c(""Atp5b"", ""Atp5h"", ""Atp5g3"", ""Atp5k"", ""Atp5j2"", ""Ndufs6"", ""Ndufb7"", ""Atp5a1"", ""Ndufc2"", ""Atp5j"", ""Ndufb8"", ""Ndufb6"", ""Atp5o"", ""Ndufa5"", ""Atp5c1"", ""Ndufc1"", ""Parp1"", ""Ndufs8"", ""Ndufb9"", ""Ndufab1"", ""mt-Nd1"", ""Sdhb"", ""Atp5d"", ""Ndufa12"", ""Ndufv2"", ""Ndufb10"", ""Ndufb2"", ""Aldoa"")"
"129","DLX1_TARGET_GENES","0.00013578933262503","0.00221597450444858","0.518848077743792","-0.572538553743834","-1.79451124652534","67","c(""H3f3a"", ""Hmgb1"", ""Sox4"", ""Marcksl1"", ""Cbx3"", ""Tubb5"", ""Atp5g3"", ""Hnrnpc"", ""Eif4a1"", ""Srsf1"", ""Nedd4"", ""Psmb6"", ""Srsf2"", ""Scaf11"", ""Syncrip"", ""Cct7"", ""Mapk1"", ""Uba2"", ""Psmc5"", ""Tomm40"", ""Luc7l"", ""Hdac2"", ""Sumo3"", ""Glul"", ""Cdc25a"", ""Ccne2"")"
"130","GOBP_PEPTIDYL_LYSINE_MODIFICATION","0.000114991940636311","0.0019199665926473","0.538434096309916","-0.553570812963195","-1.79258206600928","77","c(""Sox4"", ""Desi1"", ""Ezh2"", ""Smo"", ""Sumo2"", ""Smarca5"", ""Trim28"", ""Smarca4"", ""Dek"", ""Morf4l2"", ""Mbd3"", ""Suz12"", ""Actl6a"", ""Sae1"", ""Brd8"", ""Capn3"", ""Nfyb"", ""Hcfc1"", ""Uba2"", ""Egr1"", ""Smc5"", ""Hdac2"", ""Park7"", ""Ruvbl1"", ""Sumo3"", ""Baz1b"", ""P3h4"", ""Egr2"", ""Ndufab1"", ""Topors"", ""Nsmce2"", ""Nfya"", ""Ddx21"", ""Suv39h1"", ""Wdr5"", ""Hat1"", ""Msl3"", ""Dohh"", ""Nelfa"", ""Kif3a"", ""Ehmt2"")"
"131","MIR_465B_5P","0.000213151519969871","0.00315737520734858","0.518848077743792","-0.574266654166213","-1.79008874547863","65","c(""Ap3s1"", ""Ube2s"", ""Tcf12"", ""Sypl"", ""Smc3"", ""Hnrnpr"", ""Srrm1"", ""Stag2"", ""1110004F10Rik"", ""Eif4e"", ""Tacc2"", ""Actl6a"", ""Gmcl1"", ""Mtdh"", ""Capn3"", ""Mdh1"", ""Pak1"", ""Mpp4"", ""Slc7a11"", ""Nudt4"", ""Mmd"", ""Ccdc88a"", ""Strap"", ""Eny2"", ""Nup62"", ""Cfap20"", ""Hspa4"")"
"132","REACTOME_SIGNALING_BY_NUCLEAR_RECEPTORS","0.000131605563840122","0.0021537828393892","0.518848077743792","-0.578990997889124","-1.78884248005354","63","c(""H3f3a"", ""H3f3b"", ""Calm2"", ""Gata3"", ""Hsp90aa1"", ""Calm3"", ""Kras"", ""Gtf2a2"", ""Fkbp5"", ""Hsp90ab1"", ""Polr2k"", ""Akt1"", ""Mapk1"", ""Prmt1"", ""Fabp5"", ""Dhrs3"", ""Polr2c"", ""Polr2i"", ""Polr2d"", ""Hras"", ""Ppid"", ""Dld"", ""Ptges3"", ""Gng12"", ""Fkbp4"", ""Igf1r"", ""Polr2b"", ""Gtf2f2"", ""Dlat"", ""Pdk3"", ""Cbfb"", ""Ppp5c"", ""Zdhhc21"", ""Gtf2f1"", ""Polr2e"")"
"133","REACTOME_TRANSLOCATION_OF_ZAP_70_TO_IMMUNOLOGICAL_SYNAPSE","0.00013855714125927","0.00222965071045906","0.518848077743792","-0.798544209210893","-1.78842441376017","15","c(""Trbc2"", ""Cd4"", ""Cd247"", ""Trbc1"", ""Trac"", ""Cd3d"", ""Cd3e"")"
"134","GOBERT_OLIGODENDROCYTE_DIFFERENTIATION_UP","1.66121497263127e-10","1.23036396113985e-08","0.826657301178302","-0.451914468707137","-1.78676442540247","444","c(""Anp32e"", ""Dynll1"", ""Myb"", ""Stmn1"", ""Anxa2"", ""Ncl"", ""Ezh2"", ""Ptov1"", ""Cdca7"", ""Mns1"", ""Smo"", ""Lmnb1"", ""Pafah1b3"", ""Smc4"", ""Dut"", ""Hmgb3"", ""Rbbp4"", ""Hmgn2"", ""Nt5dc2"", ""Mcm7"", ""Hjurp"", ""Siva1"", ""Hmgb2"", ""Rrm2"", ""Larp7"", ""Msh6"", ""Ckap5"", ""Nasp"", ""Mad1l1"", ""Ccna2"", ""Cks2"", ""Pbk"", ""Fbxo5"", ""Slbp"", ""Rrm1"", ""Trps1"", ""Zfp704"", ""Ccdc34"", ""Ncapd2"", ""Lsm2"", ""Tyms"", ""Tcof1"", ""Clic1"", ""Uhrf1"", ""Usp1"", ""Mki67"", ""Lig1"", ""Ccnb1"", ""E2f2"", ""Trim59"", ""Dbf4"", ""Uchl5"", ""Cdca4"", ""Terf1"", ""Ctdspl2"", ""Nusap1"", ""Top2a"", 
""Cdkn2c"", ""Chsy1"", ""Cdk1"", ""Nucks1"", ""Haus3"", ""Kif11"", ""Lockd"", ""Hmgn5"", ""2610318N02Rik"", ""Cep70"", ""Ska2"", ""Ccne2"", ""Lsm5"", ""Ccnb2"", ""Akap12"", ""Cdca3"", ""Spc24"", ""Psmc3ip"", ""Cdca8"", ""Ncaph"", ""Spc25"", ""Clspn"", ""Brip1os"", ""Aurka"", ""Cdc20"", ""Plk1"", ""Dnmt1"", ""Taf15"", ""Cenpe"", ""Rfc4"", ""Cenpl"", ""Anks1"", ""Ube2c"", ""Tipin"", ""Prc1"", ""Nop58"", ""Incenp"", ""Tex30"", ""Smc2"", ""Lin9"", ""Cenpq"", ""Ect2"", ""Cdk2"", ""Birc5"", ""Suv39h1"", ""Srgap2"", ""Kif22"", ""Tk1"", ""Igf1r"", ""Tpx2"", ""Pa2g4"", ""Aurkb"", ""Sass6"", ""Ccdc18"", ""Mad2l1"", 
""Hat1"", ""Ccnf"", ""Haus4"", ""Cenpf"", ""Dnaaf2"", ""Plk4"", ""Bub1b"", ""Ncapg2"", ""Atad5"", ""4930579G24Rik"", ""Atad2"", ""Isoc1"", ""Tacc3"", ""Kif20a"", ""Kif23"", ""Lyar"", ""Kpna2"", ""Ckap2l"", ""Ptgr1"", ""Rfc3"", ""Mybl2"", ""Nolc1"", ""Jade1"", ""Cks1b"", ""Lsm4"", ""Angptl2"", ""Ncapg"", ""Rgcc"", ""Net1"", ""Skp2"", ""Cmc2"", ""Depdc1a"", ""Ckap2"", ""Arhgap19"", ""Shcbp1"", ""Nup54"", ""Kif2c"", ""Xrcc1"", ""Ccdc61"", ""Asf1b"", ""Gins1"", ""Nmral1"", ""Esco2"", ""Kif20b"", ""Prim2"", ""Wdr76"", ""Rif1"", ""Cenpp"", ""Zfp101"", ""Kif4"", ""Etaa1"", ""Cenpa"", ""Mis18bp1"", ""Knstrn"", 
""Mxd3"", ""Ska1"", ""Spdl1"", ""Gmnn"", ""Dlgap5"", ""Pola1"", ""Mcm2"", ""Aunip"", ""Kif18a"", ""Cdc6"", ""Nuf2"", ""Ndc80"", ""Exo1"", ""Hmmr"", ""Ankrd6"", ""Ddx11"", ""Mcm6"", ""Nek2"", ""Nup107"", ""Foxm1"", ""Rad51ap1"", ""Ercc6l"", ""Ncaph2"", ""Enkd1"", ""Rcc1"", ""Dna2"", ""Casp3"", ""Cdca5"", ""Bub1"", ""Gins2"", ""Cenpk"", ""Odc1"", ""Cep192"", ""Fen1"", ""Ttk"", ""Taf5"", ""Poc1b"", ""Spats2l"", ""Fignl1"", ""Alad"", ""Lancl2"", ""Cdc7"", ""Tdp2"", ""Spag5"", ""Rad18"", ""Rbl1"", ""Ube2t"", ""Gas2l3"", ""Gfod2"", ""Tmem107"", ""Fam110a"", ""Blm"", ""Stub1"", ""Hira"", ""Nsl1"", ""Lrr1"", ""Dhfr"", 
""Suv39h2"", ""Xpo1"", ""Cdc25c"", ""Psrc1"", ""Hirip3"", ""Mis18a"", ""Rpa1"", ""Impa2"", ""Gtse1"", ""Trip13"", ""Hells"", ""Aen"", ""Haus6"", ""Emp1"", ""Dtl"", ""Arhgef39"", ""Pif1"", ""Cdc45"", ""Arhgap18"", ""Rad50"", ""Stil"", ""Brca2"", ""Melk"", ""Aspm"", ""Mre11a"", ""L3mbtl2"", ""Hyls1"", ""Cdkn3"", ""Cenpn"", ""Myg1"", ""Cdca2"", ""Prr11"", ""Sart3"", ""Dctpp1"", ""Prim1"", ""Csrp2"", ""Serpine2"", ""Cenph"", ""Kif18b"", ""Oip5"", ""Pola2"", ""Noc2l"", ""Arhgap11a"", ""Rad51"", ""Vrk1"", ""Cep152"", ""Ndc1"", ""Bora"", ""Mdc1"", ""Ska3"", ""Tamm41"", ""Ctc1"", ""Haus5"", ""Rbmx2"", ""Iqgap3"", 
""Ccdc77"", ""Chek2"", ""Espl1"", ""Traip"", ""Ldlr"", ""Mcm10"", ""Rad54l"", ""E2f7"")"
"135","GOBP_POSITIVE_REGULATION_OF_RESPONSE_TO_WOUNDING","0.000247622213636666","0.00354409969033002","0.49849310876659","-0.678936659597078","-1.7866172889395","29","c(""Hmgb1"", ""Cd24a"", ""Prdx2"", ""Cxcr4"", ""Xbp1"", ""Itgb1"", ""Hras"", ""Ptger4"", ""Igf1r"", ""Rreb1"", ""Vegfb"")"
"136","REACTOME_MITOTIC_METAPHASE_AND_ANAPHASE","9.5725389504154e-06","0.000237532876002767","0.593325476396405","-0.505909634549329","-1.78540149613372","142","c(""Dynll1"", ""Ube2s"", ""Psma6"", ""Lmnb1"", ""Anapc5"", ""Psmc3"", ""Psmc4"", ""Psmc6"", ""Rcc2"", ""Psmb6"", ""Smc3"", ""Lbr"", ""Tubb2a"", ""Bub3"", ""Tubb2b"", ""Ube2e1"", ""Stag2"", ""Banf1"", ""Ubb"", ""Rad21"", ""Psmd3"", ""Psmd12"", ""Psmb7"", ""Ckap5"", ""Mad1l1"", ""Fbxo5"", ""Psmd13"", ""Psmc1"", ""Psma7"", ""Pds5b"", ""Pds5a"", ""B9d2"", ""Smc1a"", ""Psmd6"", ""Cdc16"", ""Psmc5"", ""Tuba1a"", ""Ccnb1"", ""Nde1"", ""Psma1"", ""Psmb5"", ""Ran"", ""Tubb4b"", ""Dynll2"", ""Nudc"", ""Cdk1"", ""Ska2"", ""Ccnb2"", ""Psmb4"", ""Spc24"", ""Cdca8"", ""Spc25"", ""Cdc20"", ""Plk1"", ""Cenpe"", ""Ranbp2"", 
""Cenpl"", ""Ube2c"", ""Psma2"", ""Sec13"", ""Incenp"", ""Cenpq"", ""Ppp2r5d"", ""Aurkb"", ""Mad2l1"", ""Cenpf"", ""Psmb3"", ""Bub1b"", ""Zwint"", ""Psma3"", ""Psmc2"", ""Seh1l"", ""Psme3"", ""Tuba1b"", ""Kpnb1"", ""Cdc27"", ""Kif2c"", ""Psmb2"", ""Pom121"", ""Cenpp"", ""Cenpc1"", ""Psmd14"", ""Cenpa"", ""Ska1"", ""Spdl1"", ""Psmd2"", ""Psma5"", ""Kif18a"", ""Nuf2"", ""Psmd7"", ""Ndc80"", ""Kif2a"", ""Nup107"", ""Psmd1"", ""Anapc1"", ""Ercc6l"", ""Rcc1"", ""Cdca5"", ""Bub1"", ""Cenpk"")"
"137","REACTOME_MRNA_SPLICING_MINOR_PATHWAY","0.000286699888249587","0.00396235706798532","0.49849310876659","-0.643291878630467","-1.78346616685105","36","c(""Ybx1"", ""Srsf7"", ""Snrpe"", ""Snrpd1"", ""Srsf1"", ""Srsf2"", ""Polr2k"", ""Sf3b6"", ""Snrpd2"", ""Snrpb"", ""Sf3b2"", ""Polr2c"", ""Polr2i"", ""Polr2d"", ""Sf3b3"", ""Prpf8"", ""Zcrb1"", ""Txnl4a"", ""Eftud2"", ""Sf3b4"", ""Ncbp1"", ""Polr2b"", ""Gtf2f2"", ""Sf3b5"", ""Snrnp200"", ""Snrpf"")"
"138","GOCC_ORGANELLE_INNER_MEMBRANE","2.85493453077324e-07","1.09953045228513e-05","0.674962860011025","-0.480747578305224","-1.78321531047351","227","c(""Slc25a5"", ""Atp5b"", ""Atp5h"", ""Cox7a2"", ""Atp5g3"", ""Cox7c"", ""Vdac1"", ""Lmnb1"", ""Atp5k"", ""Uqcr11"", ""Uqcrq"", ""Cox6a1"", ""Atp5j2"", ""Lbr"", ""Ndufs6"", ""Uqcrb"", ""Ndufb7"", ""Atp5a1"", ""Ndufc2"", ""Atp5j"", ""Chdh"", ""Ndufb8"", ""Tmpo"", ""Ndufb6"", ""Atp5o"", ""Ndufa5"", ""Timm8b"", ""Dnajc15"", ""Idh2"", ""Chchd3"", ""Atp5c1"", ""Mrpl18"", ""Mrps28"", ""Slc25a37"", ""Immt"", ""Tyms"", ""Vdac2"", ""Ndufc1"", ""Tomm40"", ""Ndufa4"", ""Vdac3"", ""Uqcr10"", ""Mpc1"", ""Mrpl20"", ""Ndufs8"", ""Mrps33"", ""Mrps14"", ""Timm13"", ""Cyb5b"", ""Ndufb9"", ""Mrpl13"", ""Romo1"", ""Phb2"", 
""Mdh2"", ""Cox5a"", ""Ndufab1"", ""Mrpl51"", ""Mrpl50"", ""Arl6ip6"", ""Mrpl49"", ""Mrpl21"", ""Cox6b2"", ""mt-Nd1"", ""Cox5b"", ""Uqcrfs1"", ""Tmem256"", ""Mrpl34"", ""Sdhb"", ""Hspd1"", ""Pam16"", ""Atp5d"", ""Mrps6"", ""Prodh"", ""Mrps11"", ""Mrps17"", ""Srgap2"", ""Mrpl3"", ""Ndufa12"", ""Ndufv2"", ""Chchd1"", ""Mrps5"", ""Mrps12"", ""Coq7"", ""Ndufb10"", ""Mrpl46"", ""Mrps25"", ""Mrpl41"", ""Aifm1"", ""Ndufb2"", ""Mrpl35"", ""Tmem14c"", ""Mrpl15"", ""Mrpl28"", ""Pmpcb"", ""Got2"", ""Mrpl36"", ""Mrpl57"", ""Slc25a3"", ""Mrpl12"", ""Cyc1"", ""Chchd6"", ""Crls1"", ""Mrpl38"", ""Samm50"", ""Mrpl45"", 
""Ndufs1"", ""Mrpl54"", ""Sdhc"", ""Smad3"", ""Mrpl27"", ""Gadd45gip1"", ""Mrpl14"", ""Mrps18c"", ""Mtx1"", ""Sdhd"", ""Mrpl1"", ""Akap1"", ""Mrps22"", ""Mrps18a"")"
"139","GOBP_POSITIVE_REGULATION_OF_INTRACELLULAR_PROTEIN_TRANSPORT","0.000258081817056832","0.00362758797357012","0.49849310876659","-0.596811223474982","-1.78284681713638","52","c(""Ywhae"", ""Camk4"", ""Hsp90aa1"", ""Smo"", ""Pdcd5"", ""Anp32b"", ""Trim28"", ""Rapgef3"", ""Tomm7"", ""Hsp90ab1"", ""Jup"", ""Xbp1"", ""Pcm1"", ""Mapk1"", ""C2cd5"", ""Pak1"", ""Hras"", ""Ran"", ""Ctdspl2"", ""Fbxw7"", ""Cdk1"", ""Bbc3"", ""Pcnt"", ""Ect2"", ""Prkcd"")"
"140","LET_7F_2_3P","7.95914634129608e-05","0.00145047282062042","0.538434096309916","-0.538880261314516","-1.78216536785657","89","c(""Satb1"", ""Sfpq"", ""Cbx3"", ""Gata3"", ""Smo"", ""Hnrnpdl"", ""Ppt1"", ""Naa15"", ""Ikzf2"", ""Magoh"", ""Bcl6"", ""U2surp"", ""Pcm1"", ""Ssb"", ""Nasp"", ""Mapk1"", ""Casp8ap2"", ""Fli1"", ""Otud1"", ""Ppp1r2"", ""Ddx21"", ""G2e3"", ""Set"", ""Drg1"", ""Lrrcc1"", ""Aifm1"", ""Hmgxb4"", ""4930579G24Rik"", ""Adss"", ""Kif3a"", ""Vkorc1l1"", ""Aak1"", ""Fbxo45"", ""Slc4a7"")"
"141","MIR_203B_3P","0.00027101912551656","0.00377221112101092","0.49849310876659","-0.676587245768228","-1.78043482212737","29","c(""H3f3a"", ""Chchd2"", ""Mier1"", ""Hnrnpd"", ""Ccar1"", ""Raph1"", ""Htatsf1"", ""Camk2d"")"
"142","REACTOME_CELL_CYCLE_CHECKPOINTS","5.66508616710229e-06","0.00015364883937723","0.610526878385931","-0.491141010382109","-1.77688824880932","165","c(""Ywhae"", ""Dynll1"", ""Ube2s"", ""Psma6"", ""Anapc5"", ""Psmc3"", ""Psmc4"", ""Psmc6"", ""Rcc2"", ""Psmb6"", ""Bub3"", ""Ube2e1"", ""Mcm7"", ""Ubb"", ""Psmd3"", ""Psmd12"", ""Ube2n"", ""Psmb7"", ""Ckap5"", ""Mad1l1"", ""Ccna2"", ""Ywhaq"", ""Psmd13"", ""Psmc1"", ""Psma7"", ""B9d2"", ""Psmd6"", ""Cdc16"", ""Psmc5"", ""Ccnb1"", ""Nde1"", ""Psma1"", ""Dbf4"", ""Psmb5"", ""Dynll2"", ""Nudc"", ""Cdk1"", ""Cdc25a"", ""Ska2"", ""Ccne2"", ""Ccnb2"", ""Psmb4"", ""Spc24"", ""Cdca8"", ""Spc25"", ""Clspn"", ""Cdc20"", ""Plk1"", ""Cenpe"", ""Ranbp2"", ""Rfc4"", ""Cenpl"", ""Ube2c"", ""Rpa3"", ""Psma2"", ""Sec13"", 
""Incenp"", ""Brcc3"", ""Cenpq"", ""Cdk2"", ""Ppp2r5d"", ""Orc6"", ""Rbbp8"", ""Aurkb"", ""Rmi2"", ""Mad2l1"", ""Cenpf"", ""Psmb3"", ""Bub1b"", ""Zwint"", ""Psma3"", ""Psmc2"", ""Rhno1"", ""Seh1l"", ""Psme3"", ""Rfc3"", ""Cdc27"", ""Kif2c"", ""Psmb2"", ""Wrn"", ""Topbp1"", ""Cenpp"", ""Cenpc1"", ""Psmd14"", ""Cenpa"", ""Ska1"", ""Spdl1"", ""Psmd2"", ""Mcm2"", ""Psma5"", ""Kif18a"", ""Cdc6"", ""Nuf2"", ""Psmd7"", ""Ndc80"", ""Exo1"", ""Kif2a"", ""Mcm6"", ""Nup107"", ""Psmd1"", ""Anapc1"", ""Ercc6l"", ""Rnf168"", ""Orc2"", ""Dna2"", ""Bub1"", ""Cenpk"")"
"143","REACTOME_RESOLUTION_OF_SISTER_CHROMATID_COHESION","0.00019531366587647","0.0029460236234161","0.518848077743792","-0.542708412849878","-1.7765459771547","83","c(""Dynll1"", ""Rcc2"", ""Smc3"", ""Tubb2a"", ""Bub3"", ""Tubb2b"", ""Stag2"", ""Rad21"", ""Ckap5"", ""Mad1l1"", ""Pds5b"", ""Pds5a"", ""B9d2"", ""Smc1a"", ""Tuba1a"", ""Ccnb1"", ""Nde1"", ""Tubb4b"", ""Dynll2"", ""Nudc"", ""Cdk1"", ""Ska2"", ""Ccnb2"", ""Spc24"", ""Cdca8"", ""Spc25"", ""Cdc20"", ""Plk1"", ""Cenpe"", ""Ranbp2"", ""Cenpl"", ""Sec13"", ""Incenp"", ""Cenpq"", ""Ppp2r5d"", ""Aurkb"", ""Mad2l1"", ""Cenpf"", ""Bub1b"", ""Zwint"", ""Seh1l"", ""Tuba1b"", ""Kif2c"", ""Cenpp"", ""Cenpc1"", ""Cenpa"", ""Ska1"", ""Spdl1"", ""Kif18a"", ""Nuf2"", ""Ndc80"", ""Kif2a"", ""Nup107"", ""Ercc6l"", ""Cdca5"", 
""Bub1"", ""Cenpk"")"
"144","GOBP_RHYTHMIC_PROCESS","0.000197448220329005","0.00297046450218923","0.518848077743792","-0.542396149717583","-1.77552378955201","83","c(""Sfpq"", ""Cbx3"", ""Ezh2"", ""Rorc"", ""Dhx9"", ""Hnrnpd"", ""Mat2a"", ""Hnrnpu"", ""Ada"", ""Stat5b"", ""Thrap3"", ""Hdac1"", ""Id3"", ""Runx1"", ""Egr1"", ""Parp1"", ""Stat5a"", ""Hdac2"", ""Fbxw7"", ""Ddb1"", ""Ptger4"", ""Top2a"", ""Cdk1"", ""Klf10"", ""Nfya"", ""Prmt5"", ""Suv39h1"", ""Igf1r"", ""Rock2"")"
"145","GOCC_PROTEIN_DNA_COMPLEX","2.08992700532229e-07","8.21327095901147e-06","0.690132458796796","-0.464618542496257","-1.77448267912281","284","c(""Satb1"", ""H3f3a"", ""Tcf7"", ""H3f3b"", ""Anp32e"", ""Dntt"", ""Sfpq"", ""Hnrnpa2b1"", ""Cbx1"", ""Tcf12"", ""Cbx3"", ""Xrcc6"", ""Ezh2"", ""Gata3"", ""Hmgn1"", ""Rag1"", ""Smarca5"", ""Brd3"", ""Trim28"", ""Smarcc1"", ""Smarca4"", ""Dhx9"", ""Nedd4"", ""Basp1"", ""Ikzf1"", ""Dek"", ""Smc3"", ""Srsf2"", ""Rbbp4"", ""Tcf3"", ""Swi5"", ""Mcm7"", ""Stag2"", ""Supt16"", ""Banf1"", ""Rad21"", ""Jup"", ""Bcl7c"", ""Hmgb2"", ""Tcp1"", ""Ube2a"", ""Morf4l2"", ""Hdac1"", ""Rag2"", ""Mbd3"", ""Tmpo"", ""Suz12"", ""Msh6"", ""Asf1a"", ""Nap1l1"", ""Tcf4"", ""Actl6a"", ""Cdk2ap1"", ""Nasp"", ""Brd8"", ""Runx1"", ""E2f4"", 
""H1f0"", ""Sfr1"", ""Bcl7a"", ""Cops5"", ""Trps1"", ""Nfyb"", ""Akirin2"", ""Cbx5"", ""Hcfc1"", ""Pds5b"", ""Cfdp1"", ""Psip1"", ""Pds5a"", ""Lef1"", ""Sap30"", ""Uhrf1"", ""Egr1"", ""Parp1"", ""Hdac2"", ""Cdk4"", ""Park7"", ""Ruvbl1"", ""Eny2"", ""Baz1b"", ""Hmgn3"", ""Uchl5"", ""Ran"", ""Terf1"", ""Pcna"", ""Nucks1"", ""Hmgn5"", ""Hmga1"", ""Taf1"", ""Exosc3"", ""Sf3b3"", ""Nfatc1"", ""Cited2"", ""Nfya"", ""Plk1"", ""Dnmt1"", ""Prmt5"", ""Rpa3"", ""Tipin"", ""Ddx21"", ""Prdx1"", ""Incenp"", ""Smc2"", ""Set"", ""Ncapd3"", ""Nr4a1"", ""Suv39h1"", ""Smarcb1"", ""Kif22"")"
"146","GOBP_NUCLEAR_TRANSPORT","1.36527668340566e-05","0.000316755156627891","0.593325476396405","-0.504226414986071","-1.77437884458293","141","c(""Txn1"", ""Ywhae"", ""Srsf3"", ""Camk4"", ""Hnrnpa2b1"", ""Desi1"", ""Hsp90aa1"", ""Smo"", ""Anp32b"", ""Trim28"", ""Dhx9"", ""Nedd4"", ""Ddx39b"", ""Rapgef3"", ""Eif4a3"", ""Ddx19a"", ""Thoc7"", ""Hsp90ab1"", ""Magoh"", ""Nfkbia"", ""Jup"", ""Xbp1"", ""Alyref"", ""Rbm8a"", ""Eif4e"", ""Ssb"", ""Akt1"", ""Mapk1"", ""Akirin2"", ""Iws1"", ""Thoc6"", ""Park7"", ""Eny2"", ""Ranbp1"", ""Ran"", ""Nup62"", ""Ctdspl2"", ""Phb2"", ""Cdk1"", ""Egr2"", ""Pkig"", ""Ptpn14"", ""Ranbp2"", ""Sec13"", ""Notch1"", ""Fmr1"", ""Ect2"", ""Ncbp1"", ""Prkcd"", ""Nxt1"", ""Xpo7"", ""Eif6"", ""Atxn1"", ""Seh1l"", ""Tnpo1"", 
""Kpna2"", ""Thoc3"", ""Nolc1"", ""Kpna3"", ""Kpnb1"", ""Syk"", ""Magohb"", ""Nup54"", ""Hspa9"", ""Cse1l"", ""Pom121"")"
"147","GROSS_HYPOXIA_VIA_ELK3_UP","0.000105734425497566","0.00180185184690101","0.538434096309916","-0.515021773096574","-1.77382905219115","109","c(""Marcks"", ""Stmn1"", ""Arl6ip1"", ""Smo"", ""Srsf7"", ""Brd3"", ""Srsf1"", ""Dbi"", ""Nedd4"", ""Rcc2"", ""Mat2a"", ""Ddx39b"", ""Rapgef3"", ""Eif1ax"", ""Srsf2"", ""Srsf10"", ""Rrm2"", ""Arpp19"", ""Rbm3"", ""Nap1l1"", ""Amd1"", ""Cdk2ap1"", ""Serinc3"", ""Dtymk"", ""Ccna2"", ""Pbk"", ""Bcl7a"", ""Pcmt1"", ""Ncapd2"", ""Ccnb1"", ""Tfrc"", ""Nde1"", ""Hras"", ""Tubb4b"", ""Cdkn2c"", ""Sf3a1"", ""Cdc25a"", ""Ccnb2"", ""Inip"", ""Rgs12"", ""Ube2c"", ""Notch1"")"
"148","GOBP_NUCLEAR_EXPORT","0.00024784771938607","0.00354409969033002","0.49849310876659","-0.554805489525094","-1.77278220242363","72","c(""Txn1"", ""Ywhae"", ""Srsf3"", ""Camk4"", ""Hnrnpa2b1"", ""Desi1"", ""Anp32b"", ""Dhx9"", ""Ddx39b"", ""Rapgef3"", ""Eif4a3"", ""Ddx19a"", ""Thoc7"", ""Magoh"", ""Alyref"", ""Rbm8a"", ""Eif4e"", ""Ssb"", ""Iws1"", ""Thoc6"", ""Park7"", ""Eny2"", ""Ran"", ""Nup62"", ""Ctdspl2"", ""Egr2"", ""Ptpn14"", ""Ranbp2"", ""Fmr1"", ""Ncbp1"", ""Nxt1"", ""Xpo7"", ""Eif6"", ""Atxn1"", ""Thoc3"", ""Magohb"", ""Hspa9"", ""Cse1l"", ""Pom121"")"
"149","WP_OXIDATIVE_PHOSPHORYLATION","0.000422217241808926","0.00539250442892629","0.49849310876659","-0.661397703384197","-1.77195838492343","31","c(""Atp5b"", ""Atp5h"", ""Atp5g3"", ""Atp5j2"", ""Ndufs6"", ""Ndufb7"", ""Atp5a1"", ""Ndufc2"", ""Atp5j"", ""Ndufb8"", ""Ndufb6"", ""Atp5o"", ""Ndufa5"", ""Ndufc1"", ""Ndufs8"", ""Ndufb9"", ""mt-Nd1"", ""Atp5d"", ""Ndufv2"", ""Ndufb10"", ""Ndufb2"")"
"150","GOBP_REGULATION_OF_CIRCADIAN_RHYTHM","0.000413589414287873","0.00530956899186898","0.49849310876659","-0.645600643936609","-1.77000215272618","34","c(""Sfpq"", ""Ezh2"", ""Rorc"", ""Hnrnpd"", ""Ada"", ""Thrap3"", ""Parp1"", ""Fbxw7"", ""Ddb1"", ""Ptger4"", ""Top2a"", ""Cdk1"", ""Klf10"")"
"151","TABULA_MURIS_SENIS_LARGE_INTESTINE_SECRETORY_CELL_AGEING","1.27452487966814e-07","5.53603776679912e-06","0.690132458796796","-0.463165121880972","-1.76886040826757","299","c(""H3f3b"", ""Ptma"", ""Tox"", ""Ywhae"", ""Cux1"", ""Marcks"", ""Cbx1"", ""Ybx1"", ""Maz"", ""Calm3"", ""Cdv3"", ""Ptov1"", ""Cdca7"", ""Hnrnpa3"", ""Lmnb1"", ""Serbp1"", ""Anapc5"", ""Srsf7"", ""Eif4h"", ""Ptms"", ""Psmc3"", ""Psmc4"", ""Psmc6"", ""Rcc2"", ""Hnrnpd"", ""Dek"", ""Ccar1"", ""Ppp1r35"", ""Sypl"", ""Mlf2"", ""Slc29a1"", ""Bub3"", ""Swi5"", ""Ube2m"", ""Ube2e1"", ""Mcm7"", ""Ube2l3"", ""Psmd3"", ""Atp5a1"", ""Raly"", ""Eif5a"", ""Psap"", ""Psmd12"", ""Gspt1"", ""Ptbp1"", ""Rbm3"", ""Cct7"", ""Tcf4"", ""Tsc22d1"", ""Snrpc"", ""Ewsr1"", ""Hdgf"", ""Actl6a"", ""Akt1"", ""Dtymk"", ""Mad1l1"", ""Srrt"", 
""E2f4"", ""H1f0"", ""Dusp5"", ""Chchd3"", ""Sf3b2"", ""Ybx3"", ""Psmd13"", ""Slbp"", ""Rrm1"", ""Nt5c3b"", ""Cbx5"", ""Wbp11"", ""Bsg"", ""Cfdp1"", ""Pak1"", ""Nav2"", ""Clic4"", ""Stip1"", ""Hspa14"", ""Lsm2"", ""Mzt1"", ""Clic1"", ""Tomm40"", ""Tfg"", ""Nim1k"", ""Klf13"", ""Pcnp"", ""Cdk4"", ""Sumo3"", ""Abcf2"", ""Uchl5"", ""Nup62"", ""Dynll2"", ""Phb2"", ""Eif2a"", ""Eif4g1"", ""Nucks1"", ""Drap1"", ""Pebp1"", ""Egr2"", ""Snrpa"", ""Ppil1"", ""Elof1"", ""Bbc3"", ""Naa50"", ""Plk1"", ""Ppp1r2"", ""Arl1"", ""Incenp"", ""Cct8"", ""Fkbp4"", ""Cdc123"", ""Dusp6"", ""Set"", ""Smarcb1"", ""Sf3b4"", ""Eif2s1"", 
""Mospd3"", ""Larp4b"", ""Rad23b"", ""Rnpep"", ""Brix1"", ""Pa2g4"", ""Tcerg1"", ""Dusp1"", ""Prpf19"", ""Gars"", ""Tssc4"", ""Aifm1"", ""Psmc2"", ""Wdr18"", ""Cnbp"")"
"152","GOBP_ATP_METABOLIC_PROCESS","0.000233451077722245","0.00341429588861117","0.518848077743792","-0.581251213312838","-1.76743965294495","59","c(""Atpif1"", ""Atp5b"", ""Atp5h"", ""Atp5g3"", ""Atp5k"", ""Atp5j2"", ""Ndufs6"", ""Ndufb7"", ""Atp5a1"", ""Ndufc2"", ""Atp5j"", ""Ndufb8"", ""Ndufb6"", ""Atp5o"", ""Ndufa5"", ""Atp5c1"", ""Ndufc1"", ""Parp1"", ""Ndufs8"", ""Ndufb9"", ""Ndufab1"", ""Nudt5"", ""mt-Nd1"", ""Sdhb"", ""Atp5d"", ""Ndufa12"", ""Ndufv2"", ""Atp6v1a"", ""Ndufb10"", ""Ndufb2"", ""Aldoa"")"
"153","GOBP_PROTEIN_ACYLATION","0.000233451077722245","0.00341429588861117","0.518848077743792","-0.58106960148867","-1.76688741678247","59","c(""Sox4"", ""Smo"", ""Smarca5"", ""Smarca4"", ""Dek"", ""Naa15"", ""Ddx3x"", ""Xbp1"", ""Morf4l2"", ""Mbd3"", ""Actl6a"", ""Brd8"", ""Nfyb"", ""Smc5"", ""Hdac2"", ""Park7"", ""Ruvbl1"", ""Baz1b"", ""Glul"", ""Zdhhc8"", ""Nfya"", ""Dld"", ""Naa50"", ""Ddx21"", ""Cep295"", ""Hat1"", ""Nmt2"", ""Msl3"", ""Naa16"", ""Kif3a"", ""Ruvbl2"", ""Esco2"", ""Taf5l"", ""Zdhhc21"", ""Myo1c"", ""Sgf29"")"
"154","MIR_465A_5P","0.000371488882343449","0.00484861407859403","0.49849310876659","-0.566932445967841","-1.76459302112543","64","c(""Ap3s1"", ""Ube2s"", ""Tcf12"", ""Sypl"", ""Smc3"", ""Hnrnpr"", ""Srrm1"", ""Stag2"", ""1110004F10Rik"", ""Tacc2"", ""Actl6a"", ""Gmcl1"", ""Mtdh"", ""Capn3"", ""Mdh1"", ""Pak1"", ""Mpp4"", ""Slc7a11"", ""Nudt4"", ""Mmd"", ""Ccdc88a"", ""Strap"", ""Eny2"", ""Nup62"", ""Cfap20"", ""Hspa4"")"
"155","MIR_465C_5P","0.000371488882343449","0.00484861407859403","0.49849310876659","-0.566932445967841","-1.76459302112543","64","c(""Ap3s1"", ""Ube2s"", ""Tcf12"", ""Sypl"", ""Smc3"", ""Hnrnpr"", ""Srrm1"", ""Stag2"", ""1110004F10Rik"", ""Tacc2"", ""Actl6a"", ""Gmcl1"", ""Mtdh"", ""Capn3"", ""Mdh1"", ""Pak1"", ""Mpp4"", ""Slc7a11"", ""Nudt4"", ""Mmd"", ""Ccdc88a"", ""Strap"", ""Eny2"", ""Nup62"", ""Cfap20"", ""Hspa4"")"
"156","MIR_465D_5P","0.000371488882343449","0.00484861407859403","0.49849310876659","-0.566932445967841","-1.76459302112543","64","c(""Ap3s1"", ""Ube2s"", ""Tcf12"", ""Sypl"", ""Smc3"", ""Hnrnpr"", ""Srrm1"", ""Stag2"", ""1110004F10Rik"", ""Tacc2"", ""Actl6a"", ""Gmcl1"", ""Mtdh"", ""Capn3"", ""Mdh1"", ""Pak1"", ""Mpp4"", ""Slc7a11"", ""Nudt4"", ""Mmd"", ""Ccdc88a"", ""Strap"", ""Eny2"", ""Nup62"", ""Cfap20"", ""Hspa4"")"
"157","MIR_499_5P","0.000723354422787681","0.00825853458585856","0.477270815362862","-0.684553938988304","-1.7620655549866","26","c(""Cd24a"", ""Ets1"", ""Colq"", ""Hnrnpc"", ""Ikzf2"", ""Ddx1"", ""Myef2"", ""Llph"", ""Cebpg"", ""Tipin"", ""Srgap2"", ""Aurkb"", ""Nmt2"", ""Dgcr8"", ""Osbpl1a"", ""Jade1"", ""Kpna3"")"
"158","REACTOME_CELLULAR_RESPONSES_TO_STIMULI","5.81141259093457e-06","0.000156154876941385","0.610526878385931","-0.478809681845285","-1.76116007621833","192","c(""Txn1"", ""Ywhae"", ""Prdx2"", ""Dynll1"", ""Ets1"", ""Ube2s"", ""St13"", ""Psma6"", ""Ezh2"", ""Hsp90aa1"", ""Cox7c"", ""Lmnb1"", ""Anapc5"", ""Hspa4l"", ""Psmc3"", ""Psmc4"", ""Cox6a1"", ""Psmc6"", ""Psmb6"", ""Rheb"", ""Fkbp5"", ""Tubb2a"", ""Rbbp4"", ""Tubb2b"", ""Hsp90ab1"", ""Ube2e1"", ""Ubb"", ""Eif2s2"", ""Nr3c1"", ""Egln3"", ""Psmd3"", ""Psmd12"", ""Suz12"", ""Asf1a"", ""Cycs"", ""Psmb7"", ""Akt1"", ""Ccna2"", ""Camk2d"", ""Mapk1"", ""H1f0"", ""Psmd13"", ""Psmc1"", ""Cdk6"", ""Psma7"", ""Stip1"", ""Hspa14"", ""Psmd6"", ""Cdc16"", ""Psmc5"", ""Ndufa4"", ""Tuba1a"", ""Cdk4"", ""Psma1"", ""Psmb5"", 
""Rps19bp1"", ""Tubb4b"", ""Nup62"", ""Dynll2"", ""Hspa4"", ""Hmga1"", ""Cox5a"", ""Ccne2"", ""Psmb4"", ""Cited2"", ""Cox5b"", ""Ptges3"", ""Ranbp2"", ""Ube2c"", ""Rpa3"", ""Psma2"", ""Sec13"", ""Prdx1"", ""Fkbp4"", ""P4hb"", ""Cdk2"", ""Eif2s1"", ""Bag1"", ""Atp6v1a"", ""Psmb3"", ""Txnrd1"", ""Psma3"", ""Psmc2"", ""Seh1l"", ""Psme3"", ""Tuba1b"", ""Gsr"", ""Sod1"", ""Skp2"", ""Ehmt2"", ""Cdc27"", ""Nup54"", ""Camk2a"", ""Hspa9"", ""Dnajc2"", ""Psmb2"", ""Pom121"", ""Psmd14"", ""Rbbp7"", ""Nup88"", ""Psmd2"", ""Psma5"", ""Tgs1"", ""Psmd7"", ""Cul1"", ""Atf6"", ""Nup50"", ""Rragd"", ""Nup107"", ""Psmd1"", 
""Anapc1"")"
"159","YAO_TEMPORAL_RESPONSE_TO_PROGESTERONE_CLUSTER_7","0.00051781354132251","0.00632433156071911","0.477270815362862","-0.678739475952455","-1.76084430169041","27","c(""Hnrnpa2b1"", ""Cdv3"", ""Hnrnpc"", ""Anp32b"", ""Ddx3x"", ""Eif3j1"", ""Cops3"", ""Emc8"", ""Hras"", ""Hspa4"", ""Psma2"", ""Eif2s1"", ""Brix1"", ""Rreb1"", ""Etf1"", ""Pgls"", ""Zfpm1"")"
"160","HOFFMANN_LARGE_TO_SMALL_PRE_BII_LYMPHOCYTE_UP","4.71769992069547e-05","0.000933361384995127","0.557332238758646","-0.503618560892256","-1.76075559151691","126","c(""Anp32e"", ""Stmn1"", ""Cbx1"", ""Ube2s"", ""Tubb5"", ""Psmc3"", ""Anp32b"", ""Smc4"", ""Nedd4"", ""Hmgb3"", ""Slc29a1"", ""Ddx19a"", ""Nt5dc2"", ""Hjurp"", ""Rrm2"", ""Gspt1"", ""Tmpo"", ""Ckap5"", ""Nasp"", ""Ccna2"", ""Cks2"", ""Rrm1"", ""Cbx5"", ""Myef2"", ""Tuba1a"", ""Mki67"", ""Lig1"", ""Ccnb1"", ""Dbf4"", ""Tubb4b"", ""Nusap1"", ""Top2a"", ""Cdkn2c"", ""Nudc"", ""Cdk1"", ""Nucks1"", ""E2f8"", ""Ccnb2"", ""Cdca3"", ""Ncaph"", ""Azin1"", ""Aurka"", ""Cdc20"", ""Dnmt1"", ""Cenpe"", ""Cenpl"", ""Aars"", ""Ube2c"", ""Prc1"", ""Arl1"", ""Incenp"", ""Smc2"", ""Ect2"", ""Actn4"", ""Kif22"", ""Tk1"", ""Aurkb"", 
""Plk4"", ""Kif20a"", ""Kif23"", ""Kpna2"", ""Rfc3"", ""Jade1"", ""Tuba1b"", ""Cks1b"", ""Kif2c"", ""Kif4"", ""Cenpa"", ""Mis18bp1"", ""Spdl1"", ""Dlgap5"", ""Pola1"", ""Anln"", ""Ndc80"", ""Mcm6"", ""Nek2"", ""Hes1"", ""Ncaph2"", ""Dna2"", ""Casp3"", ""Cdca5"", ""Bub1"", ""Gphn"", ""Fen1"", ""Ttk"", ""Rbl1"", ""Ube2t"", ""Ssx2ip"", ""Xpo1"", ""Cdc25c"", ""Rpa1"", ""Trip13"", ""Hells"", ""Ipo5"", ""Haus6"", ""Cdc45"", ""Brca2"", ""Melk"", ""Cdkn3"")"
"161","GOBP_MITOTIC_SPINDLE_ORGANIZATION","0.000265930459078239","0.00371082188911832","0.49849310876659","-0.578723262846376","-1.7597527874507","59","c(""Stmn1"", ""Smc3"", ""Hnrnpu"", ""Stag2"", ""Tacc2"", ""Ckap5"", ""Mzt1"", ""Smc1a"", ""Ccnb1"", ""Nup62"", ""Nudc"", ""Kif11"", ""Cdca8"", ""Spc25"", ""Aurka"", ""Cdc20"", ""Plk1"", ""Cenpe"", ""Prc1"", ""Incenp"", ""Pcnt"", ""Tubg1"", ""Drg1"", ""Birc5"", ""Tpx2"", ""Aurkb"", ""Sass6"", ""Tacc3"", ""Kif23"", ""Mybl2"", ""Kpnb1"", ""Ccdc61"", ""Kif4"", ""Dlgap5"", ""Poc1a"", ""Nuf2"", ""Ndc80"", ""Kif2a"", ""Nek2"", ""Rcc1"", ""Cep192"", ""Gpsm2"", ""Fam110a"", ""Psrc1"")"
"162","GOBP_PROTEIN_TARGETING_TO_MITOCHONDRION","0.000824009945980043","0.00917207217326919","0.477270815362862","-0.646653566127635","-1.75959619868768","33","c(""Atpif1"", ""Hsp90aa1"", ""Pdcd5"", ""Tomm7"", ""Mtch1"", ""Dnajc15"", ""Tomm40"", ""Timm13"", ""Romo1"", ""Fbxw7"", ""Hspa4"", ""Tomm20"", ""Hspd1"", ""Pam16"", ""Aifm1"", ""Bid"", ""Pmpcb"", ""Tomm70a"", ""Samm50"", ""Dnlz"")"
"163","HALLMARK_PI3K_AKT_MTOR_SIGNALING","0.000633983071898577","0.00742904707172024","0.477270815362862","-0.671508806837219","-1.75167060644272","28","c(""Camk4"", ""Cxcr4"", ""Pin1"", ""Ube2n"", ""Eif4e"", ""Akt1"", ""Mapk1"", ""Pla2g12a"", ""Cdk4"", ""Hras"", ""Atf1"", ""Raf1"", ""Cdk1"", ""Cdk2"", ""Hsp90b1"", ""Tiam1"")"
"164","GOBP_POSITIVE_REGULATION_OF_CHROMOSOME_ORGANIZATION","0.000406274077931175","0.00525066073424697","0.49849310876659","-0.59024115726867","-1.74950899783886","51","c(""Sfpq"", ""Hnrnpa2b1"", ""Trim28"", ""Lig4"", ""Smc4"", ""Hnrnpd"", ""Rad21"", ""Tcp1"", ""Cct7"", ""Actl6a"", ""Mad1l1"", ""Mapk1"", ""Ncapd2"", ""Cct2"", ""Smc5"", ""Ruvbl1"", ""Uchl5"", ""Terf1"", ""Cdk1"", ""Cct3"", ""Nsmce2"", ""Ncaph"", ""Cct8"", ""Smc2"", ""Cdk2"", ""Aurkb"")"
"165","GOBP_POSITIVE_REGULATION_OF_PROTEIN_LOCALIZATION","2.16429514572335e-05","0.000479047243557234","0.575610261071129","-0.486814114406849","-1.74882142017364","159","c(""Sox4"", ""Ywhae"", ""Camk4"", ""Dynll1"", ""Hnrnpm"", ""Hsp90aa1"", ""Smo"", ""Pdcd5"", ""Anp32b"", ""Trim28"", ""Cd247"", ""Rdx"", ""Rapgef3"", ""Tomm7"", ""Hsp90ab1"", ""Jup"", ""Xbp1"", ""Tcp1"", ""Larp7"", ""Ptbp1"", ""Cct7"", ""Pcm1"", ""Itgb1"", ""Akt1"", ""Mapk1"", ""Hcfc1"", ""Bsg"", ""Serp1"", ""C2cd5"", ""Pak1"", ""Pgrmc1"", ""Cct2"", ""Parp1"", ""Ccdc88a"", ""P2rx7"", ""Tfrc"", ""Park7"", ""Hras"", ""Ppid"", ""Ptp4a3"", ""Ran"", ""Nup62"", ""Ctdspl2"", ""Fbxw7"", ""Ptger4"", ""Glul"", ""Cdk1"", ""Eif4g1"", ""Cct3"", ""Vps35"", ""Bbc3"", ""Cep295"", ""Cct8"", ""Pcnt"", ""Cenpq"", ""Ect2"", ""Acsl3"", 
""Cep250"")"
"166","GOBP_NEGATIVE_REGULATION_OF_CHROMOSOME_ORGANIZATION","0.000504626460514387","0.00618944174605438","0.477270815362862","-0.581719790876123","-1.7487134619439","55","c(""H3f3a"", ""H3f3b"", ""Hnrnpc"", ""Smarca5"", ""Hnrnpu"", ""Bub3"", ""Rad21"", ""Mad1l1"", ""Fbxo5"", ""Parp1"", ""Ccnb1"", ""Baz1b"", ""Terf1"", ""Top2a"", ""Spc24"", ""Cdca8"", ""Spc25"", ""Cdc20"", ""Plk1"", ""Cenpe"", ""Lcmt1"", ""Incenp"", ""Birc5"", ""Aurkb"", ""Mad2l1"", ""Bub1b"", ""Zwint"", ""Xrcc1"", ""Spdl1"", ""Mcm2"", ""Nuf2"", ""Ndc80"", ""Bub1"", ""Cep192"", ""Ttk"", ""Cdk5rap2"", ""Anapc15"", ""Terf2ip"", ""Tinf2"", ""Trip13"", ""Pif1"", ""Rad50"")"
"167","GOBP_REGULATION_OF_INTRACELLULAR_PROTEIN_TRANSPORT","0.000355140217958834","0.00470560788795455","0.49849310876659","-0.538164058320829","-1.74724048656068","79","c(""Txn1"", ""Ywhae"", ""Camk4"", ""Atpif1"", ""Hsp90aa1"", ""Smo"", ""Pdcd5"", ""Anp32b"", ""Trim28"", ""Rapgef3"", ""Tomm7"", ""Hsp90ab1"", ""Jup"", ""Xbp1"", ""Pcm1"", ""Mapk1"", ""C2cd5"", ""Pak1"", ""Park7"", ""Hras"", ""Ran"", ""Nup62"", ""Ctdspl2"", ""Fbxw7"", ""Cdk1"", ""Pkig"", ""Ptpn14"", ""Bbc3"", ""Pcnt"", ""Ect2"", ""Prkcd"", ""Nolc1"", ""Insig1"", ""Kif3a"", ""Atp13a2"", ""Tomm70a"", ""Nup54"", ""Kif20b"", ""Angpt1"", ""Cep290"", ""Akap1"", ""Myo1c"")"
"168","REACTOME_SEPARATION_OF_SISTER_CHROMATIDS","8.23800499420704e-05","0.00149187946243053","0.538434096309916","-0.500551181915356","-1.74705479121176","123","c(""Dynll1"", ""Ube2s"", ""Psma6"", ""Anapc5"", ""Psmc3"", ""Psmc4"", ""Psmc6"", ""Rcc2"", ""Psmb6"", ""Smc3"", ""Tubb2a"", ""Bub3"", ""Tubb2b"", ""Ube2e1"", ""Stag2"", ""Ubb"", ""Rad21"", ""Psmd3"", ""Psmd12"", ""Psmb7"", ""Ckap5"", ""Mad1l1"", ""Psmd13"", ""Psmc1"", ""Psma7"", ""Pds5b"", ""Pds5a"", ""B9d2"", ""Smc1a"", ""Psmd6"", ""Cdc16"", ""Psmc5"", ""Tuba1a"", ""Nde1"", ""Psma1"", ""Psmb5"", ""Tubb4b"", ""Dynll2"", ""Nudc"", ""Ska2"", ""Psmb4"", ""Spc24"", ""Cdca8"", ""Spc25"", ""Cdc20"", ""Plk1"", ""Cenpe"", ""Ranbp2"", ""Cenpl"", ""Ube2c"", ""Psma2"", ""Sec13"", ""Incenp"", ""Cenpq"", ""Ppp2r5d"", 
""Aurkb"", ""Mad2l1"", ""Cenpf"", ""Psmb3"", ""Bub1b"", ""Zwint"", ""Psma3"", ""Psmc2"", ""Seh1l"", ""Psme3"", ""Tuba1b"", ""Cdc27"", ""Kif2c"", ""Psmb2"", ""Cenpp"", ""Cenpc1"", ""Psmd14"", ""Cenpa"", ""Ska1"", ""Spdl1"", ""Psmd2"", ""Psma5"", ""Kif18a"", ""Nuf2"", ""Psmd7"", ""Ndc80"", ""Kif2a"", ""Nup107"", ""Psmd1"", ""Anapc1"", ""Ercc6l"", ""Cdca5"", ""Bub1"", ""Cenpk"")"
"169","GOBP_CHROMOSOME_CONDENSATION","0.000478724862235918","0.00596033088176055","0.49849310876659","-0.71340259724291","-1.74690606352171","22","c(""H3f3a"", ""H3f3b"", ""Smarca5"", ""Smc4"", ""H1f0"", ""Ncapd2"", ""Smc5"", ""Ccnb1"", ""Baz1b"", ""Nusap1"", ""Top2a"", ""Cdk1"", ""Ncaph"", ""Smc2"", ""Ncapd3"", ""Ncapg2"", ""Ncapg"")"
"170","GOCC_PLASMA_MEMBRANE_BOUNDED_CELL_PROJECTION_CYTOPLASM","0.000744156856593679","0.00846258693020016","0.477270815362862","-0.596495773645505","-1.7444595320462","46","c(""Sfpq"", ""Hnrnpab"", ""Hnrnpa2b1"", ""Dynll1"", ""Mns1"", ""Ssna1"", ""Hnrnpu"", ""Ada"", ""Ckap5"", ""Mapk1"", ""Tuba1a"", ""Cfap36"", ""Ranbp1"", ""Tubb4b"", ""Cfap20"", ""Baiap2"", ""Ift57"", ""Fmr1"", ""Canx"", ""Cenpf"", ""Sod1"", ""Kif3a"", ""Camk2a"")"
"171","GOBP_ORGANELLE_FISSION","4.76949112140208e-06","0.000131834211523157","0.610526878385931","-0.471992108549477","-1.74193546212048","201","c(""Cd28"", ""Ube2s"", ""Anapc5"", ""Smarca5"", ""Smc4"", ""Smc3"", ""Hnrnpu"", ""Bub3"", ""Stag2"", ""Banf1"", ""Ubb"", ""Rad21"", ""Mad1l1"", ""Bcl2l11"", ""Cks2"", ""Fbxo5"", ""Psmd13"", ""Ncapd2"", ""Tdrkh"", ""Mzt1"", ""Smc1a"", ""Cdc16"", ""Mki67"", ""Ccnb1"", ""Nde1"", ""Baz1b"", ""Ranbp1"", ""Ran"", ""Nup62"", ""Terf1"", ""Ddb1"", ""Phb2"", ""Nusap1"", ""Top2a"", ""Nudc"", ""Cdk1"", ""Kif11"", ""Reep3"", ""Reep4"", ""Pebp1"", ""Vps35"", ""Ccne2"", ""Ccnb2"", ""Spc24"", ""Nsmce2"", ""Psmc3ip"", ""Cdca8"", ""Ncaph"", ""Spc25"", ""Aurka"", ""Cdc20"", ""Plk1"", ""Cenpe"", ""Ube2c"", ""Lcmt1"", ""Prc1"", 
""Incenp"", ""Smc2"", ""Tubg1"", ""Drg1"", ""Ncapd3"", ""Birc5"", ""Kif22"", ""Syce2"", ""Igf1r"", ""Tpx2"", ""Aurkb"", ""Mad2l1"", ""Cdkn1c"", ""Bub1b"", ""Zwint"", ""Ncapg2"", ""Seh1l"", ""Kif23"", ""Mybl2"", ""Ncapg"", ""Rgcc"", ""Kpnb1"", ""Ehmt2"", ""Kif2c"", ""Ccdc61"", ""Topbp1"", ""Cenpc1"", ""Knstrn"", ""Spdl1"", ""Nfia"", ""Kif18a"", ""Nuf2"", ""Ndc80"", ""Ing2"", ""Kif2a"", ""Nek2"", ""Rad51ap1"", ""Ncaph2"", ""Rcc1"", ""Cdca5"", ""Bub1"", ""Cenpk"", ""Cep192"", ""Ttk"", ""Cdk5rap2"", ""Fignl1"", ""Pdgfrb"", ""Anapc15"", ""Spag5"", ""Fancm"", ""Dcaf13"", ""Nsl1"", ""Suv39h2"", ""Psrc1"", ""Nme6"", 
""Fzr1"", ""Trip13"")"
"172","GOBP_REGULATION_OF_RNA_SPLICING","0.000536413316664742","0.00653767875605953","0.477270815362862","-0.579365708608957","-1.7416368325844","55","c(""Srsf3"", ""Hnrnpa2b1"", ""Ncl"", ""Srsf7"", ""Srsf9"", ""Srsf6"", ""Srsf1"", ""Hnrnpll"", ""Rbmxl1"", ""Hnrnpu"", ""Eif4a3"", ""Srsf2"", ""Srsf10"", ""Srrm1"", ""Magoh"", ""Clns1a"", ""Thrap3"", ""Rbm8a"", ""Larp7"", ""Ptbp1"", ""Rbm3"", ""U2af2"", ""Rnps1"", ""Eny2"", ""Sf3b3"", ""Smn1"", ""Prmt5"", ""Fmr1"", ""Sf3b4"", ""Ncbp1"", ""Srsf4"", ""Prpf19"")"
"173","GOBP_DNA_METABOLIC_PROCESS","9.18086332025693e-09","5.2512720199133e-07","0.747739663149885","-0.441594292966262","-1.74151266458581","423","c(""Hmgb1"", ""Tcf7"", ""Cd28"", ""Tox"", ""Dntt"", ""Sfpq"", ""Hnrnpab"", ""Hnrnpa2b1"", ""Xrcc6"", ""Ezh2"", ""Gata3"", ""Hsp90aa1"", ""Hmgn1"", ""Hnrnpc"", ""Rag1"", ""Smarca5"", ""Ctcf"", ""Ptprc"", ""Trim28"", ""Lig4"", ""Smc4"", ""Smarcc1"", ""Smarca4"", ""Dhx9"", ""Gtf2h4"", ""Hnrnpd"", ""Dek"", ""Ddx39b"", ""Smc3"", ""Hnrnpu"", ""Rbbp4"", ""Nsmce1"", ""Tcf3"", ""Swi5"", ""Mcm7"", ""Supt16"", ""Banf1"", ""Rad21"", ""Bcl7c"", ""Bcl6"", ""Hmgb2"", ""Tcp1"", ""Alyref"", ""Ube2a"", ""Morf4l2"", ""Rag2"", ""Syncrip"", ""Msh6"", ""Cct7"", ""Asf1a"", ""Ube2n"", ""Id3"", ""Actl6a"", ""Akt1"", ""Nasp"", ""Brd8"", 
""Ccna2"", ""Tdg"", ""Camk2d"", ""Fbxo5"", ""Mapk1"", ""H1f0"", ""Sfr1"", ""Bcl7a"", ""Ddx1"", ""Rrm1"", ""Pds5b"", ""Pds5a"", ""Lef1"", ""Cct2"", ""Smc1a"", ""Gzma"", ""Polr2i"", ""Uhrf1"", ""Parp1"", ""Ccdc88a"", ""Smc5"", ""Usp1"", ""Rfc1"", ""Lig1"", ""Tfrc"", ""Park7"", ""Ruvbl1"", ""Eny2"", ""Hras"", ""Cdkn2d"", ""Dbf4"", ""Ssbp1"", ""Uchl5"", ""Terf1"", ""Fbxw7"", ""Ddb1"", ""Zbtb38"", ""Atf1"", ""Top2a"", ""Pcna"", ""Cdk1"", ""Nucks1"", ""Cct3"", ""Hmga1"", ""Cebpg"", ""E2f8"", ""Exosc3"", ""Sf3b3"", ""Ccne2"", ""Inip"", ""Nfatc1"", ""Nsmce2"", ""Psmc3ip"", ""Clspn"", ""Ptges3"", ""Cacybp"", ""Dnmt1"", 
""Rfc4"", ""Prmt5"", ""Rpa3"", ""Tipin"", ""Hspd1"", ""Pam16"", ""Cct8"", ""Fmr1"", ""Brcc3"", ""Smc2"", ""Lin9"", ""Cdk2"", ""Suv39h1"", ""Smarcb1"", ""Kif22"", ""Tk1"", ""Orc6"", ""Pole3"", ""Rad23b"", ""Igf1r"", ""Cst3"", ""Rbbp8"", ""Prkcd"", ""Aurkb"", ""Rmi2"", ""Dusp1"", ""Prpf19"", ""Aifm1"", ""Ylpm1"", ""Atad5"", ""Wdr18"", ""Cnbp"", ""Rhno1"", ""Rfc3"", ""Sf3b5"", ""Jade1"", ""Nsmce4a"", ""Rgcc"", ""Ehmt2"", ""Msh2"", ""Xrcc1"", ""Dnajc2"", ""Wrn"", ""Gins1"", ""Ruvbl2"", ""Esco2"", ""Topbp1"", ""Prim2"", ""Rif1"", ""Psmd14"", ""Etaa1"", ""Neil3"", ""Rnaseh2b"", ""Rfwd3"", ""Tcf7l2"", ""Rbbp7"", 
""Nudt1"", ""Gmnn"", ""Taf5l"", ""Nfia"", ""Pola1"", ""Mcm2"", ""Aunip"", ""Gtpbp4"", ""Cdc6"", ""Recql"", ""Exo1"", ""Faf1"", ""Ddx11"", ""Usp10"", ""Sgf29"", ""Mcm6"", ""Nek2"", ""Foxm1"", ""Ercc6l2"", ""Rad51ap1"", ""Usp37"", ""Rnf168"", ""Orc2"", ""Dna2"", ""Telo2"", ""Rev1"", ""Cdca5"", ""Gins2"", ""Commd1"", ""Sin3a"", ""Fen1"", ""Chaf1a"", ""Paxip1"", ""Taf5"", ""Fignl1"", ""Pdgfrb"", ""Bmi1"", ""Cdc7"", ""Tdp2"", ""Rad18"", ""Ube2t"", ""Fancm"", ""Terf2ip"", ""Pnp"", ""Blm"", ""Stub1"", ""Tinf2"")"
"174","YU_MYC_TARGETS_UP","0.00111745781382646","0.0114964491159022","0.45505986738723","-0.614712246298672","-1.7413009084839","39","c(""Txn1"", ""Ube2s"", ""Hnrnpll"", ""Hmgn2"", ""Fdps"", ""Cks2"", ""Ybx3"", ""Rrm1"", ""Clic4"", ""Mki67"", ""Strap"", ""Uchl5"", ""Top2a"", ""Pcna"", ""Cdk1"", ""E2f8"", ""Ccnb2"", ""Aurka"", ""Plk1"", ""Idi1"", ""Ect2"", ""Birc5"", ""Kif20a"", ""Kpna2"", ""Cks1b"", ""Nup54"", ""Gmnn"", ""Anln"")"
"175","REACTOME_COSTIMULATION_BY_THE_CD28_FAMILY","0.000753669978772259","0.00850381145970183","0.477270815362862","-0.649326151723375","-1.73961734854701","31","c(""Trbc2"", ""Cd28"", ""Cd4"", ""Cd247"", ""Pdcd1"", ""Trbc1"", ""Trac"", ""Cd3d"", ""Akt1"", ""Pak1"", ""Cd3e"")"
"176","GOBP_MICROTUBULE_BASED_PROCESS","4.68938538936005e-07","1.67225798730451e-05","0.674962860011025","-0.456892499991824","-1.73909329987862","279","c(""Ap3s1"", ""Gapdh"", ""Sfpq"", ""Dynll1"", ""Lztfl1"", ""Stmn1"", ""Mns1"", ""Tubb5"", ""Ssna1"", ""Ppp1r35"", ""Smc3"", ""Hnrnpu"", ""Tubb2a"", ""Tubb2b"", ""Stag2"", ""Ubb"", ""Pcm1"", ""Tacc2"", ""Itgb1"", ""Ckap5"", ""Tube1"", ""Fbxo5"", ""Slc16a1"", ""Pak1"", ""Mzt1"", ""Hspb11"", ""Smc1a"", ""Ccdc88a"", ""Vdac3"", ""Tuba1a"", ""Ccnb1"", ""Nde1"", ""Ranbp1"", ""Slk"", ""Tubb4b"", ""Lyst"", ""Nup62"", ""Ddb1"", ""Dynll2"", ""Nusap1"", ""Cfap20"", ""Nudc"", ""Cdk1"", ""Haus3"", ""Kif11"", ""Cep70"", ""Ska2"", ""Ift57"", ""Ccnb2"", ""Cdca8"", ""Smn1"", ""Spc25"", ""Azin1"", ""Aurka"", ""Cdc20"", ""Plk1"", 
""Cenpe"", ""Prc1"", ""Cep295"", ""Incenp"", ""Fmr1"", ""Yif1b"", ""Fkbp4"", ""Pcnt"", ""Rab1a"", ""Tubg1"", ""Drg1"", ""Cdk2"", ""Birc5"", ""Srgap2"", ""Cep250"", ""Kif22"", ""Mdm1"", ""Tpx2"", ""Aurkb"", ""Sass6"", ""Mad2l1"", ""Rock2"", ""Ccnf"", ""Dtnbp1"", ""Haus4"", ""Dnaaf2"", ""Odf2"", ""Plk4"", ""Ly6k"", ""Ppp2r3c"", ""Tacc3"", ""Kif15"", ""Kif20a"", ""Kif23"", ""Mybl2"", ""Tuba1b"", ""Sod1"", ""Kif3a"", ""Kpnb1"", ""Rpgr"", ""Spry1"", ""Ckap2"", ""Kif2c"", ""Ccdc61"", ""Kif20b"", ""Cntrob"", ""Kif4"", ""Cenpa"", ""Kifap3"", ""Knstrn"", ""Ska1"", ""Rbm14"", ""Spdl1"", ""Memo1"", ""Alms1"", ""Cep290"", 
""Dlgap5"", ""Cacna1e"", ""Aunip"", ""Map7"", ""Kif18a"", ""Atf5"", ""Poc1a"", ""Trim37"", ""Nuf2"", ""Uxt"", ""Ndc80"", ""Zbed3"", ""Ing2"", ""Fgf13"", ""Kif2a"", ""Nek2"", ""Enkd1"", ""Rcc1"", ""Sord"", ""Cep192"", ""Cep135"", ""Cdk5rap2"", ""Tuba8"", ""Poc1b"", ""Ccp110"", ""Cdc42bpa"", ""Spag5"", ""Gas2l3"", ""Ssx2ip"", ""Slirp"", ""Gpsm2"", ""Mapre2"", ""Fam110a"", ""Dcaf13"", ""Haus2"", ""Cep76"", ""Nubp1"", ""Xpo1"", ""Psrc1"", ""Mid1"", ""Stard7"", ""Ift80"")"
"177","KONG_E2F3_TARGETS","0.000351648656381863","0.00468081633160834","0.49849310876659","-0.533361779293957","-1.73902502029824","82","c(""Myb"", ""Ezh2"", ""Lmnb1"", ""Srsf7"", ""Hjurp"", ""Hmgb2"", ""Nasp"", ""Ccna2"", ""Pbk"", ""F13a1"", ""Psip1"", ""Ncapd2"", ""Tyms"", ""Usp1"", ""Mki67"", ""Ccnb1"", ""Taf1d"", ""Nusap1"", ""Top2a"", ""Kif11"", ""Cdca3"", ""Ncaph"", ""Spc25"", ""Aurka"", ""Cdc20"", ""Plk1"", ""Ube2c"", ""Prc1"", ""Incenp"", ""Smc2"", ""Cenpq"", ""Tk1"", ""Syce2"", ""Tpx2"", ""Rbbp8"", ""Ccnf"", ""Cenpf"", ""Bub1b"", ""Ncapg2"", ""Tacc3"", ""Kif20a"", ""Ncapg"", ""Cbx2"", ""Skp2"", ""Depdc1a"", ""Fbxo45"", ""Shcbp1"", ""Kif2c"", ""Asf1b"", ""Spdl1"", ""Dlgap5"", ""Cdc6"", ""Nuf2"", ""Hmmr"", ""Nup50"", ""Rad51ap1"", ""Ercc6l"", 
""Dna2"", ""Cdca5"", ""Bub1"", ""Cenpk"", ""Fen1"", ""Fignl1"", ""Cdc7"", ""Rbl1"", ""Ube2t"")"
"178","GOBP_REGULATION_OF_DNA_METABOLIC_PROCESS","1.97026058564653e-06","5.99062915962104e-05","0.627256739718528","-0.470240398563742","-1.73475569591734","209","c(""Hmgb1"", ""Cd28"", ""Tox"", ""Hnrnpab"", ""Hnrnpa2b1"", ""Gata3"", ""Hsp90aa1"", ""Hnrnpc"", ""Smarca5"", ""Ptprc"", ""Trim28"", ""Smarcc1"", ""Smarca4"", ""Dhx9"", ""Hnrnpd"", ""Dek"", ""Ddx39b"", ""Smc3"", ""Hnrnpu"", ""Bcl7c"", ""Bcl6"", ""Tcp1"", ""Alyref"", ""Morf4l2"", ""Syncrip"", ""Msh6"", ""Cct7"", ""Ube2n"", ""Id3"", ""Actl6a"", ""Akt1"", ""Brd8"", ""Ccna2"", ""Camk2d"", ""Fbxo5"", ""Mapk1"", ""H1f0"", ""Bcl7a"", ""Pds5a"", ""Cct2"", ""Gzma"", ""Parp1"", ""Ccdc88a"", ""Usp1"", ""Tfrc"", ""Ruvbl1"", ""Eny2"", ""Hras"", ""Dbf4"", ""Ssbp1"", ""Uchl5"", ""Terf1"", ""Zbtb38"", ""Atf1"", ""Pcna"", 
""Cdk1"", ""Nucks1"", ""Cct3"", ""Cebpg"", ""E2f8"", ""Exosc3"", ""Sf3b3"", ""Nfatc1"", ""Ptges3"", ""Cacybp"", ""Rfc4"", ""Prmt5"", ""Tipin"", ""Cct8"", ""Brcc3"", ""Cdk2"", ""Suv39h1"", ""Smarcb1"", ""Pole3"", ""Igf1r"", ""Cst3"", ""Prkcd"", ""Aurkb"", ""Rmi2"", ""Dusp1"", ""Aifm1"", ""Ylpm1"", ""Atad5"", ""Rfc3"", ""Sf3b5"", ""Jade1"", ""Rgcc"", ""Ehmt2"", ""Msh2"", ""Xrcc1"", ""Dnajc2"", ""Wrn"", ""Ruvbl2"", ""Esco2"", ""Prim2"", ""Rif1"")"
"179","REACTOME_PD_1_SIGNALING","0.000540479829485408","0.00657337257881516","0.477270815362862","-0.743786745198051","-1.73400197683932","18","c(""Trbc2"", ""Cd4"", ""Cd247"", ""Pdcd1"", ""Trbc1"", ""Trac"", ""Cd3d"", ""Cd3e"")"
"180","GOBP_PROTEIN_ACETYLATION","0.00067709530996081","0.0078231592112872","0.477270815362862","-0.580226101874562","-1.73330228765357","52","c(""Sox4"", ""Smo"", ""Smarca5"", ""Smarca4"", ""Dek"", ""Naa15"", ""Ddx3x"", ""Xbp1"", ""Morf4l2"", ""Mbd3"", ""Actl6a"", ""Brd8"", ""Nfyb"", ""Smc5"", ""Hdac2"", ""Park7"", ""Ruvbl1"", ""Baz1b"", ""Nfya"", ""Naa50"", ""Ddx21"", ""Cep295"", ""Hat1"", ""Msl3"", ""Naa16"", ""Kif3a"", ""Ruvbl2"", ""Esco2"", ""Taf5l"", ""Myo1c"", ""Sgf29"")"
"181","GOMF_HISTONE_BINDING","0.000315332976406013","0.00427624085609751","0.49849310876659","-0.528329867685022","-1.7322552198292","85","c(""Ptma"", ""Anp32e"", ""Cbx1"", ""Ncl"", ""Cbx3"", ""Ctsl"", ""Rag1"", ""Mtf2"", ""Ptms"", ""Anp32b"", ""Smarca5"", ""Brd3"", ""Smarcc1"", ""Smarca4"", ""Dek"", ""Rbbp4"", ""Hjurp"", ""Rag2"", ""Suz12"", ""Msh6"", ""Asf1a"", ""Nap1l1"", ""Nasp"", ""Cks2"", ""Cbx5"", ""Lef1"", ""Cd1d1"", ""Ncapd2"", ""Uhrf1"", ""Scmh1"", ""Hdac2"", ""Baz1b"", ""Taf1"", ""Fmr1"", ""Set"", ""Ncapd3"", ""Wdr5"", ""Cd1d2"", ""Hat1"", ""Ncapg2"", ""Atad2"", ""Msl3"")"
"182","GOCC_TRANSFERASE_COMPLEX","6.95891146672333e-07","2.42178503272655e-05","0.659444398037935","-0.464257055205366","-1.73039671483489","240","c(""Ube2s"", ""Xrcc6"", ""Ezh2"", ""Anapc5"", ""Snrpe"", ""Mtf2"", ""Snrpd1"", ""Nedd4"", ""Gtf2h4"", ""Polr3k"", ""Mat2a"", ""Gtf2a2"", ""Naa15"", ""Rbbp4"", ""Nsmce1"", ""Ube2e1"", ""Ube2l3"", ""Prps2"", ""Erh"", ""Clns1a"", ""Ube2a"", ""Morf4l2"", ""Suz12"", ""Polr2k"", ""Ube2n"", ""Leo1"", ""Dcun1d5"", ""Polr2j"", ""Gtf2e2"", ""Actl6a"", ""Snrpd2"", ""Brd8"", ""Ccna2"", ""Cks2"", ""Snrpb"", ""Prmt1"", ""Cdk6"", ""Cbx5"", ""Hcfc1"", ""Ccnh"", ""Polr2c"", ""Cdc16"", ""Polr2i"", ""Psmc5"", ""Med7"", ""Smc5"", ""Ormdl2"", ""Hdac2"", ""Ccnb1"", ""Cdk4"", ""Ruvbl1"", ""Mrps36"", ""Eny2"", ""Polr2d"", ""Cdkn2d"", 
""Dbf4"", ""Fbxw7"", ""Ddb1"", ""Pcna"", ""Cdk1"", ""Hmga1"", ""Taf1"", ""Sf3b3"", ""Ccne2"", ""Ccnb2"", ""Topors"", ""Mga"", ""Nsmce2"", ""Dld"", ""Naa50"", ""Cdc20"", ""Cacybp"", ""Ranbp2"", ""Ube2c"", ""Rnf7"", ""Prmt5"", ""Brcc3"", ""Cdk2"", ""Pole3"", ""Igf1r"", ""Wdr5"", ""Pfkp"", ""Ccnf"", ""Las1l"", ""Med30"", ""Prkar2b"", ""Msl3"", ""Taf3"", ""Polr2b"", ""Naa16"", ""Gtf2f2"", ""Sf3b5"", ""Jade1"", ""Cks1b"", ""Nsmce4a"", ""Magt1"", ""Snrpf"", ""Cbx2"", ""Rpn1"", ""Skp2"", ""Fbxo45"", ""Cdc27"", ""Chuk"", ""Anapc13"", ""Dlat"", ""Ruvbl2"", ""Prim2"", ""Myzap"", ""Rbbp7"", ""Polr3h"", ""Taf5l"", ""Pola1"", 
""Trim37"", ""Rbm15"", ""Chml"", ""Gtf2f1"", ""Polr2e"", ""Cul1"", ""Bcor"", ""Asb2"", ""Sgf29"", ""Anapc1"", ""Dpy30"", ""Rnf168"", ""Dna2"", ""Naa38"", ""Gan"", ""Ash2l"", ""Rpn2"", ""Commd1"", ""Paxip1"", ""Ikbkb"", ""Polr2h"", ""Taf5"")"
"183","GOBP_MITOTIC_SISTER_CHROMATID_SEPARATION","0.00124796163946029","0.0124731390850555","0.45505986738723","-0.609947046687706","-1.72780248469025","39","c(""Anapc5"", ""Bub3"", ""Rad21"", ""Mad1l1"", ""Fbxo5"", ""Cdc16"", ""Ccnb1"", ""Spc24"", ""Nsmce2"", ""Cdca8"", ""Spc25"", ""Cdc20"", ""Plk1"", ""Cenpe"", ""Ube2c"", ""Lcmt1"", ""Incenp"", ""Birc5"", ""Aurkb"", ""Mad2l1"", ""Bub1b"", ""Zwint"", ""Spdl1"", ""Nuf2"", ""Ndc80"", ""Ncaph2"", ""Bub1"", ""Cep192"", ""Ttk"", ""Cdk5rap2"", ""Anapc15"")"
"184","GOBP_POSITIVE_REGULATION_OF_INTRACELLULAR_TRANSPORT","0.000466703116456828","0.00586118239950238","0.49849310876659","-0.559168267378557","-1.72759844942571","63","c(""Ywhae"", ""Camk4"", ""Anxa2"", ""Hsp90aa1"", ""Smo"", ""Pdcd5"", ""Anp32b"", ""Trim28"", ""Rdx"", ""Dhx9"", ""Nedd4"", ""Rapgef3"", ""Tomm7"", ""Hsp90ab1"", ""Jup"", ""Xbp1"", ""Pcm1"", ""Mapk1"", ""C2cd5"", ""Pak1"", ""Hras"", ""Ran"", ""Ctdspl2"", ""Fbxw7"", ""Cdk1"", ""Bbc3"", ""Pcnt"", ""Ect2"")"
"185","GOBP_RIBOSE_PHOSPHATE_BIOSYNTHETIC_PROCESS","0.000237902893641862","0.00345515276126251","0.518848077743792","-0.51283752299125","-1.72530720906773","96","c(""Atp5b"", ""Atp5h"", ""Atp5g3"", ""Vdac1"", ""Atp5k"", ""Atp5j2"", ""Ndufs6"", ""Ada"", ""Ndufb7"", ""Prps2"", ""Atp5a1"", ""Ndufc2"", ""Atp5j"", ""Ndufb8"", ""Ndufb6"", ""Atp5o"", ""Ndufa5"", ""Atp5c1"", ""Uck2"", ""Ndufc1"", ""Parp1"", ""Mpc1"", ""Ndufs8"", ""Ndufb9"", ""Ndufab1"", ""Dld"", ""mt-Nd1"", ""Sdhb"", ""Atp5d"", ""Ndufa12"", ""Ndufv2"", ""Cmpk1"", ""Ndufb10"", ""Adssl1"", ""Ndufb2"", ""Acot7"", ""Adss"", ""Aldoa"", ""Paics"", ""Gmps"", ""Acly"", ""Dlat"", ""Dcakd"", ""Pdk3"", ""Ndufs1"", ""Sdhc"", ""Sdhd"", ""Nme1"")"
"186","MIR_694","4.18013423101203e-05","0.000850304065230862","0.557332238758646","-0.489721768444774","-1.72333681821123","141","c(""Sh2d1a"", ""Tox"", ""Cux1"", ""Lztfl1"", ""Cdv3"", ""Serbp1"", ""Srsf6"", ""Rag1"", ""Arhgef6"", ""Rheb"", ""Mat2a"", ""Ube2a"", ""Raph1"", ""Cdk2ap1"", ""Chl1"", ""Nfyb"", ""Cbx5"", ""Zfp704"", ""Psip1"", ""Clic4"", ""Uba2"", ""Slc7a11"", ""Hdac2"", ""Slk"", ""Ptger4"", ""Ypel2"", ""Pitpnb"", ""Dars"", ""Pgm2l1"", ""Qser1"", ""Nsmce2"", ""Spred1"", ""Ppp1r2"", ""Fmr1"", ""Tex30"", ""Ect2"", ""Rad23b"", ""Uchl3"", ""Chchd1"", ""Mphosph9"", ""Cmpk1"", ""Xpo7"", ""Cnbp"", ""Hecw2"", ""Sclt1"", ""Kpna3"", ""Kpnb1"", ""Uri1"", ""Crls1"", ""Etaa1"", ""Larp4"", ""Ska1"", ""Dzip3"", ""Pitrm1"", ""Mgat4a"", 
""Cep290"", ""Zdhhc21"", ""Kif18a"", ""Cdc6"", ""Exo1"", ""Atf6"", ""Oxsr1"", ""Klhl23"", ""Zeb2"", ""Nphp1"", ""Rev1"", ""Pfdn4"", ""Trio"", ""Cep135"", ""Eif2s3x"")"
"187","GUO_HEX_TARGETS_UP","0.00131541196189855","0.0129197910463485","0.45505986738723","-0.681806214329091","-1.72073202568802","25","c(""Satb1"", ""Calm3"", ""Srsf7"", ""Mtf2"", ""Smarcc1"", ""Naa15"", ""Pcm1"", ""Eny2"", ""Akap12"", ""Igf1r"", ""Atp6v1a"", ""Fbln2"", ""Nrp1"", ""Pou2f1"")"
"188","MIR_7A_1_3P","0.00029575348175615","0.00406801872406019","0.49849310876659","-0.50447417025871","-1.72025647069705","100","c(""Satb1"", ""Lztfl1"", ""St13"", ""Hsp90aa1"", ""Tubb5"", ""Hnrnpc"", ""Rag1"", ""Caprin1"", ""Hnrnpr"", ""Ptprf"", ""Eif5a"", ""Syncrip"", ""U2surp"", ""Bclaf1"", ""Raph1"", ""Htatsf1"", ""Camk2d"", ""Mtdh"", ""Cdk6"", ""Cbx5"", ""Pds5b"", ""Uba2"", ""Ctdspl2"", ""Ppm1e"", ""Nucks1"", ""Topors"", ""Nudt5"", ""Qser1"", ""Azin1"", ""Notch1"", ""Mphosph9"", ""Nmt2"", ""Hecw2"", ""Tnpo1"", ""Ckap2l"")"
"189","GOBP_POSITIVE_REGULATION_OF_CHROMOSOME_SEPARATION","0.000782301091630931","0.00879649521655109","0.477270815362862","-0.702338033943686","-1.71981231198179","22","c(""Anapc5"", ""Smc4"", ""Mad1l1"", ""Ncapd2"", ""Cdc16"", ""Nsmce2"", ""Cdca8"", ""Ncaph"", ""Cdc20"", ""Cenpe"", ""Ube2c"", ""Incenp"", ""Smc2"", ""Ncapd3"", ""Birc5"", ""Aurkb"", ""Ncapg2"", ""Ncapg"")"
"190","GOBP_DNA_MODIFICATION","0.00112631435967774","0.0114964491159022","0.45505986738723","-0.633973950719781","-1.71977196385986","32","c(""Tox"", ""Dntt"", ""Hnrnpab"", ""Ezh2"", ""Gata3"", ""Smarca5"", ""Ctcf"", ""Trim28"", ""Smarca4"", ""Syncrip"", ""Parp1"", ""Exosc3"", ""Dnmt1"", ""Prmt5"")"
"191","GOCC_OXIDOREDUCTASE_COMPLEX","0.000867467345031211","0.00949120994743429","0.477270815362862","-0.575615179599005","-1.71952813633119","52","c(""Uqcr11"", ""Uqcrq"", ""Ndufs6"", ""Uqcrb"", ""Ndufb7"", ""Rrm2"", ""Ndufc2"", ""Ndufb8"", ""Ndufb6"", ""Ndufa5"", ""Rrm1"", ""Ndufc1"", ""Ndufa4"", ""Uqcr10"", ""Ndufs8"", ""Cyb5b"", ""Ndufb9"", ""Mrps36"", ""Ndufab1"", ""Dld"", ""mt-Nd1"", ""Uqcrfs1"", ""Sdhb"", ""P4hb"", ""Ndufa12"", ""Ndufv2"", ""Ndufb10"", ""Ndufb2"", ""Cyc1"", ""Dlat"", ""Idh3a"", ""Ndufs1"", ""Sdhc"", ""Idh3g"", ""Etfa"", ""Sdhd"")"
"192","GOBP_REGULATION_OF_MITOTIC_SISTER_CHROMATID_SEGREGATION","0.00170919568185252","0.0157984375264993","0.45505986738723","-0.625466815601467","-1.71886709415649","35","c(""Hnrnpu"", ""Bub3"", ""Rad21"", ""Mad1l1"", ""Fbxo5"", ""Ccnb1"", ""Cdk1"", ""Spc24"", ""Cdca8"", ""Spc25"", ""Cdc20"", ""Plk1"", ""Cenpe"", ""Lcmt1"", ""Incenp"", ""Birc5"", ""Aurkb"", ""Mad2l1"", ""Bub1b"", ""Zwint"", ""Spdl1"", ""Nuf2"", ""Ndc80"", ""Bub1"", ""Cep192"", ""Ttk"", ""Cdk5rap2"", ""Anapc15"")"
"193","REACTOME_EPIGENETIC_REGULATION_OF_GENE_EXPRESSION","0.0012509196189991","0.0124811099118442","0.45505986738723","-0.626748850305512","-1.71831739122048","34","c(""H3f3a"", ""H3f3b"", ""Ezh2"", ""Mtf2"", ""Smarca5"", ""Dek"", ""Rbbp4"", ""Suz12"", ""Polr2k"", ""Tdg"", ""Hcfc1"", ""Psip1"", ""Taf1d"", ""Baz1b"", ""Dnmt1"", ""Ddx21"", ""Wdr5"")"
"194","BIOCARTA_TCR_PATHWAY","0.000655473779054499","0.00764984246787442","0.477270815362862","-0.736936182436959","-1.71803114992302","18","c(""Calm3"", ""Lat"", ""Cd247"", ""Nfkbia"", ""Cd3d"", ""Nfatc3"", ""Cd3e"", ""Hras"", ""Raf1"", ""Nfatc1"")"
"195","GOCC_NEURON_PROJECTION_CYTOPLASM","0.000472553702312412","0.00592178468168938","0.49849310876659","-0.710610828364145","-1.71781234164223","21","c(""Sfpq"", ""Hnrnpab"", ""Hnrnpa2b1"", ""Dynll1"", ""Hnrnpu"", ""Ada"", ""Ckap5"", ""Mapk1"", ""Ranbp1"", ""Baiap2"", ""Fmr1"", ""Canx"", ""Sod1"", ""Kif3a"", ""Camk2a"")"
"196","MIR_350_3P","8.52947113735666e-05","0.00152257775136901","0.538434096309916","-0.49213325457694","-1.71772737315277","122","c(""Camk4"", ""Lmo4"", ""Ube2e3"", ""Gata3"", ""Hmgn1"", ""Hnrnpa3"", ""Hnrnpc"", ""Eif4h"", ""Mtf2"", ""Lbr"", ""Ddx3x"", ""Stag2"", ""Rad21"", ""Ikzf2"", ""Dusp10"", ""Scaf11"", ""Hdac1"", ""Suz12"", ""U2surp"", ""Eif5b"", ""Zcchc12"", ""Bcl2l11"", ""Mtdh"", ""Ilf3"", ""Cdk19"", ""Mdh1"", ""Pknox1"", ""Zfp704"", ""Pds5b"", ""Immt"", ""Egr1"", ""Otud1"", ""Reep3"", ""Hmgn5"", ""Ypel2"", ""Cebpg"", ""Prep"", ""Spred1"", ""Fmr1"", ""Zfp36l1"", ""Ect2"", ""Cdk2"")"
"197","GOCC_MICROTUBULE","4.65883528624341e-05","0.000924882867650453","0.557332238758646","-0.477478632880938","-1.71429244499073","158","c(""Calm2"", ""Dynll1"", ""Marcks"", ""Stmn1"", ""Calm3"", ""Mns1"", ""Tubb5"", ""Rcc2"", ""Hnrnpu"", ""Tubb2a"", ""Tubb2b"", ""Tcp1"", ""Eif3a"", ""Cct7"", ""Ckap5"", ""Bcl2l11"", ""Tube1"", ""Serp1"", ""Cct2"", ""Tuba1a"", ""Nde1"", ""Cep57"", ""Bcl10"", ""Tubb4b"", ""Dynll2"", ""Nusap1"", ""Cfap20"", ""Baiap2"", ""Nudc"", ""Cdk1"", ""Haus3"", ""Dynlt1f"", ""Kif11"", ""Reep3"", ""Reep4"", ""Cct3"", ""Ska2"", ""Aurka"", ""Plk1"", ""Cenpe"", ""Prc1"", ""Cep295"", ""Incenp"", ""Cct8"", ""Fkbp4"", ""Pcnt"", ""Tubg1"", ""Birc5"", ""Kif22"", ""Mdm1"", ""Tpx2"", ""Aurkb"", ""Haus4"", ""Tiam1"", ""Odf2"", ""Kif15"", 
""Kif20a"", ""Kif23"", ""Tuba1b"", ""Kif3a"", ""Ckap2"", ""Kif2c"", ""Kif20b"", ""Kif4"", ""Kifap3"", ""Knstrn"", ""Ska1"", ""Map7"", ""Kif18a"", ""Fgf13"", ""Kif2a"", ""Nek2"", ""Ndrg1"", ""Enkd1"", ""Cdk5rap2"", ""Tuba8"", ""Spag5"", ""Gas2l3"", ""Mapre2"", ""Fam110a"", ""Haus2"", ""Psrc1"", ""Ccdc181"", ""Mid1"", ""Gtse1"", ""Haus6"", ""Ccdc173"", ""Arhgap18"", ""Dync2h1"", ""Dynlt1a"", ""Hook1"", ""Bex6"", ""Aspm"", ""Tubgcp2"", ""Cct4"", ""Rpgrip1l"", ""Ccdc66"", ""Stim1"", ""Hsph1"", ""Cep57l1"", ""Kif18b"", ""Kif14"", ""Cct5"")"
"198","GOBP_DNA_TEMPLATED_TRANSCRIPTION_ELONGATION","0.00127422754000544","0.0126264365327811","0.45505986738723","-0.657028553565388","-1.71389800573837","28","c(""Ezh2"", ""Ikzf1"", ""Ddx39b"", ""Hnrnpu"", ""Supt16"", ""Alyref"", ""Leo1"", ""Polr2i"", ""Med7"", ""Iws1"", ""Med14"", ""Parp1"", ""Elof1"", ""Med19"", ""Ncbp1"", ""Med30"", ""Gtf2f2"", ""Nelfa"", ""Wdr43"", ""Zc3h4"", ""Gtf2f1"", ""Med29"", ""Rnf168"")"
"199","YAO_TEMPORAL_RESPONSE_TO_PROGESTERONE_CLUSTER_13","0.000322114396476263","0.00434779174869946","0.49849310876659","-0.509294492490154","-1.71338761311104","96","c(""Prdx2"", ""Anxa2"", ""Psma6"", ""Pafah1b3"", ""Snrpe"", ""Pdcd5"", ""Uqcr11"", ""Hnrnpa1"", ""Dbi"", ""Cox6a1"", ""Ssna1"", ""Polr3k"", ""Dgcr6"", ""Gtf2a2"", ""Uqcrb"", ""Dap"", ""Atp5j"", ""Lsm8"", ""Ndufb8"", ""Rbm3"", ""Atp5o"", ""Ndufa5"", ""Timm8b"", ""Ckap5"", ""Dnajc15"", ""Cuedc2"", ""Snrpd2"", ""Lsm3"", ""Csrp1"", ""Mrpl18"", ""Ndufc1"", ""Uqcr10"", ""Mrps33"", ""Cyb5b"", ""Mrpl13"", ""Park7"", ""Romo1"", ""Sumo3"")"
"200","MIR_30F","0.000619000339871452","0.00728302436545291","0.477270815362862","-0.49673987716995","-1.71228134116722","110","c(""Satb1"", ""Ywhae"", ""Hnrnpm"", ""Ube2e3"", ""Kras"", ""Prpf40a"", ""Caprin1"", ""Nedd4"", ""Stag2"", ""Suz12"", ""Serinc3"", ""Txnl1"", ""Camk2d"", ""Mapk1"", ""Chl1"", ""Akirin2"", ""Pds5b"", ""Mmd"", ""Usp1"", ""Baz1b"", ""Slk"", ""Ctdspl2"", ""Ccne2"", ""Atp2b1"", ""Qser1"", ""Nfatc1"", ""Nfat5"", ""Spred1"", ""Psma2"", ""Notch1"", ""Smc2"", ""Rab1a"", ""Set"", ""Mafg"", ""Atp2a2"", ""Hecw2"", ""Tnpo1"", ""Adss"", ""Kif3a"", ""Frmd6"", ""Aak1"", ""Cbfb"", ""Tcf7l2"", ""Angpt1"", ""Zdhhc21"", ""Akap1"", ""Bcor"", ""Fads1"", ""Rnf168"", ""Zeb2"", ""Bub1"")"
"201","REACTOME_AMPLIFICATION_OF_SIGNAL_FROM_THE_KINETOCHORES","0.000572216189579747","0.00681586170557154","0.477270815362862","-0.554140566523612","-1.71206493526208","63","c(""Dynll1"", ""Rcc2"", ""Bub3"", ""Ckap5"", ""Mad1l1"", ""B9d2"", ""Nde1"", ""Dynll2"", ""Nudc"", ""Ska2"", ""Spc24"", ""Cdca8"", ""Spc25"", ""Cdc20"", ""Plk1"", ""Cenpe"", ""Ranbp2"", ""Cenpl"", ""Sec13"", ""Incenp"", ""Cenpq"", ""Ppp2r5d"", ""Aurkb"", ""Mad2l1"", ""Cenpf"", ""Bub1b"", ""Zwint"", ""Seh1l"", ""Kif2c"", ""Cenpp"", ""Cenpc1"", ""Cenpa"", ""Ska1"", ""Spdl1"", ""Kif18a"", ""Nuf2"", ""Ndc80"", ""Kif2a"", ""Nup107"", ""Ercc6l"", ""Bub1"", ""Cenpk"", ""Cenpo"", ""Nsl1"", ""Xpo1"", ""Nup160"")"
"202","GOBP_NUCLEOTIDE_EXCISION_REPAIR","0.00107624940406521","0.0112026897428553","0.45505986738723","-0.682861832813487","-1.71017989334631","24","c(""Hmgb1"", ""Hmgn1"", ""Lig4"", ""Smarcc1"", ""Smarca4"", ""Gtf2h4"", ""Bcl7c"", ""Actl6a"", ""Bcl7a"", ""Polr2i"", ""Rpa3"", ""Smarcb1"", ""Rad23b"")"
"203","GOBP_CELL_DIVISION","6.98634890577203e-06","0.000185138246002959","0.610526878385931","-0.458161385744914","-1.70990971299209","241","c(""Calm2"", ""Myb"", ""Stmn1"", ""Ube2s"", ""Ybx1"", ""Calm3"", ""Anapc5"", ""Prpf40a"", ""Lig4"", ""Smc4"", ""Ssna1"", ""Rcc2"", ""Pin1"", ""Smc3"", ""Hnrnpu"", ""Bub3"", ""Stag2"", ""Rad21"", ""Arpp19"", ""Ckap5"", ""Mad1l1"", ""Ccna2"", ""Cks2"", ""Fbxo5"", ""Cdk6"", ""Pds5b"", ""Lef1"", ""Ncapd2"", ""Smc1a"", ""Cdc16"", ""Smc5"", ""Lig1"", ""Ccnb1"", ""Cdk4"", ""Ruvbl1"", ""Nde1"", ""Ran"", ""Nup62"", ""Terf1"", ""Exoc4"", ""Nusap1"", ""Top2a"", ""Nudc"", ""Cdk1"", ""Cdc25a"", ""Haus3"", ""Kif11"", ""Reep3"", ""Reep4"", ""E2f8"", ""Ska2"", ""Ccne2"", ""Ccnb2"", ""Cdca3"", ""Spc24"", ""Nsmce2"", ""Etv5"", 
""Cdca8"", ""Ncaph"", ""Spc25"", ""Dstn"", ""Aurka"", ""Cdc20"", ""Plk1"", ""Cenpe"", ""Ube2c"", ""Tipin"", ""Prc1"", ""Notch1"", ""Incenp"", ""Brcc3"", ""Smc2"", ""Cdc123"", ""Ect2"", ""Ncapd3"", ""Cdk2"", ""Birc5"", ""Syce2"", ""Igf1r"", ""Wdr5"", ""Tpx2"", ""Rbbp8"", ""Aurkb"", ""Tial1"", ""Lrrcc1"", ""Mad2l1"", ""Rock2"", ""Ccnf"", ""Haus4"", ""Vegfb"", ""Bub1b"", ""Zwint"", ""Ncapg2"", ""Seh1l"", ""Tacc3"", ""Kif20a"", ""Kif23"", ""Cks1b"", ""Ckap2"", ""Cdc27"", ""Kif2c"", ""Anapc13"", ""Epb41l2"", ""Kif20b"", ""Cenpc1"", ""Cntrob"", ""Cenpa"", ""Mis18bp1"", ""Knstrn"", ""Ska1"", ""Spdl1"", ""Cdc6"", 
""Nuf2"", ""Anln"", ""Ndc80"", ""Ing2"", ""Fgf13"", ""Sgf29"", ""Kif2a"", ""Nek2"", ""Anapc1"", ""Usp37"", ""Ercc6l"", ""Rcc1"", ""Ccdc124"", ""Cdca5"", ""Bub1"", ""Usp39"", ""Anapc15"", ""Ccp110"", ""Bmi1"", ""Cdc7"", ""Cenpv"", ""Spag5"", ""Cetn3"", ""Gpsm2"", ""Mapre2"", ""Blm"", ""Haus2"", ""Nsl1"", ""Cdc25c"", ""Psrc1"")"
"204","YAUCH_HEDGEHOG_SIGNALING_PARACRINE_DN","0.000897405698602562","0.00973486100518034","0.477270815362862","-0.576696159887576","-1.70936084059482","51","c(""Cd27"", ""Cd28"", ""Arpp21"", ""Smo"", ""Hspa4l"", ""Thoc7"", ""Bclaf1"", ""Als2"", ""Ikzf3"", ""Ccdc34"", ""Nav2"", ""Mylpf"")"
"205","GOBP_POSITIVE_REGULATION_OF_CELL_CYCLE_PROCESS","8.42732301065912e-05","0.00151566515010677","0.538434096309916","-0.489677060467581","-1.70931559914022","124","c(""Cd28"", ""Sfpq"", ""Ezh2"", ""Lmnb1"", ""Anapc5"", ""Anp32b"", ""Smc4"", ""Rdx"", ""Rcc2"", ""Ppp1r35"", ""Ddx39b"", ""Hnrnpu"", ""Ddx3x"", ""Rad21"", ""Rrm2"", ""Larp7"", ""Akt1"", ""Mad1l1"", ""Camk2d"", ""Fbxo5"", ""Rrm1"", ""Lef1"", ""Ncapd2"", ""Cdc16"", ""Smc5"", ""Ccnb1"", ""Cdk4"", ""Dbf4"", ""Ranbp1"", ""Nup62"", ""Phb2"", ""Nusap1"", ""Cdk1"", ""Eif4g1"", ""Cdc25a"", ""E2f8"", ""Pebp1"", ""Nsmce2"", ""Cdca8"", ""Ncaph"", ""Azin1"", ""Aurka"", ""Cdc20"", ""Cenpe"", ""Ube2c"", ""Cep295"", ""Incenp"", ""Smc2"", ""Ect2"", ""Ncapd3"", ""Birc5"", ""Igf1r"", ""Aurkb"", ""Sass6"", ""Mad2l1"", ""Rock2"", 
""Plk4"", ""Ncapg2"", ""Atad5"", ""Rhno1"", ""Kif23"")"
"206","LET_7A_1_3P_LET_7C_2_3P","5.44204720256012e-05","0.00105854231276733","0.557332238758646","-0.486169362435142","-1.70863697949946","140","c(""Sfpq"", ""Gata3"", ""Smo"", ""Ptms"", ""Hnrnpa1"", ""Smarca5"", ""Srsf1"", ""Basp1"", ""Hnrnpd"", ""Dek"", ""Srsf2"", ""Tcf3"", ""Nr3c1"", ""Rad21"", ""Ikzf2"", ""Nfkbia"", ""Polr2k"", ""U2surp"", ""Ssb"", ""Nfatc3"", ""Nasp"", ""Camk2d"", ""Mapk1"", ""Cbx5"", ""Zfp704"", ""Psip1"", ""Kdm2b"", ""Nudt4"", ""Casp8ap2"", ""Med14"", ""Hmgcr"", ""Fli1"", ""Nusap1"", ""Kif11"", ""Snrpb2"", ""Hbp1"", ""Akap12"", ""Cdc42ep3"", ""Nfat5"", ""Clspn"", ""Spred1"", ""Plk1"", ""Ppp1r2"", ""Ddx21"", ""G2e3"", ""Lin9"", ""Larp4b"", ""Igf1r"", ""Mdm1"", ""Xpo7"", ""Ncapg2"", ""Atad5"", ""Hmgxb4"", ""Cnbp"", ""Atad2"", 
""Isoc1"", ""Adss"", ""Kpna3"", ""Vkorc1l1"", ""Aak1"", ""Spry1"", ""Hivep1"", ""Fbxo45"", ""Rif1"", ""Zfp101"", ""Creld2"", ""Cntrob"")"
"207","MIR_7026_5P","0.000849204494688067","0.00936231749200947","0.477270815362862","-0.582845003650215","-1.70720276979293","49","c(""Camk4"", ""Arl6ip1"", ""Naa15"", ""Ikzf2"", ""Bcl6"", ""Cycs"", ""Trib1"", ""Zfp704"", ""Ppm1e"", ""Cep70"", ""Tspan2"", ""Nfat5"", ""Azin1"", ""Cstf2"", ""Pcyt1a"", ""Msl3"", ""Cenpb"", ""Ppm1l"", ""Rpgr"", ""Aak1"")"
"208","GOBP_REGULATION_OF_DNA_REPLICATION","0.000705846746037821","0.00810671302556758","0.477270815362862","-0.561344207994712","-1.70690742563121","59","c(""Smarca5"", ""Dhx9"", ""Smc3"", ""Id3"", ""Actl6a"", ""Ccna2"", ""Fbxo5"", ""Pds5a"", ""Ccdc88a"", ""Ruvbl1"", ""Hras"", ""Dbf4"", ""Ssbp1"", ""Uchl5"", ""Terf1"", ""Zbtb38"", ""Atf1"", ""Pcna"", ""Cdk1"", ""Nucks1"", ""E2f8"", ""Cacybp"", ""Rfc4"", ""Tipin"", ""Cdk2"", ""Pole3"", ""Cst3"", ""Atad5"", ""Rfc3"", ""Jade1"", ""Ehmt2"", ""Ruvbl2"", ""Esco2"", ""Gmnn"", ""Gtpbp4"", ""Faf1"", ""Usp37"", ""Dna2"")"
"209","GOBP_REGULATION_OF_ESTABLISHMENT_OF_PROTEIN_LOCALIZATION","1.50732465954039e-05","0.000345548196752572","0.593325476396405","-0.465910911747192","-1.70673985781643","185","c(""Sox4"", ""Txn1"", ""Ywhae"", ""Camk4"", ""Dynll1"", ""Atpif1"", ""Hnrnpm"", ""Hsp90aa1"", ""Smo"", ""Pdcd5"", ""Anp32b"", ""Trim28"", ""Rapgef3"", ""Tomm7"", ""Hsp90ab1"", ""Jup"", ""Xbp1"", ""Tcp1"", ""Ptbp1"", ""Cct7"", ""Pcm1"", ""Idh2"", ""Mapk1"", ""Slc16a1"", ""Hcfc1"", ""Bsg"", ""Serp1"", ""C2cd5"", ""Pak1"", ""Cct2"", ""Slc7a11"", ""Hmgcr"", ""P2rx7"", ""Park7"", ""Ndufaf2"", ""Eny2"", ""Hras"", ""Ppid"", ""Hmgn3"", ""Ptp4a3"", ""Ran"", ""Nup62"", ""Terf1"", ""Ctdspl2"", ""Fbxw7"", ""Ptger4"", ""Exoc4"", ""Glul"", ""Cdk1"", ""Cct3"", ""Pkig"", ""Vps35"", ""Ptpn14"", ""Bbc3"", ""Cep295"", ""Cct8"", 
""Pcnt"", ""Ect2"", ""Birc5"", ""Acsl3"", ""Ahi1"", ""Prkcd"")"
"210","BERENJENO_TRANSFORMED_BY_RHOA_UP","1.01360461225834e-07","4.59761705083063e-06","0.704975715167238","-0.433339603348179","-1.70293211548799","392","c(""Txn1"", ""Gapdh"", ""Ppp1r14b"", ""Stmn1"", ""Cbx1"", ""Thy1"", ""Ezh2"", ""Hsp90aa1"", ""Cdca7"", ""Hspa4l"", ""Snrpd1"", ""Srsf1"", ""Phf5a"", ""Smc4"", ""Dek"", ""Hmgb3"", ""Polr3k"", ""Rbmxl1"", ""Lbr"", ""Naa15"", ""Bub3"", ""Mcm7"", ""Banf1"", ""Nfkbia"", ""Lrrc59"", ""Alyref"", ""Lsm8"", ""Tmpo"", ""Suz12"", ""Cct7"", ""Cycs"", ""Actl6a"", ""Sae1"", ""Nasp"", ""Ivns1abp"", ""Dtymk"", ""Snrpd2"", ""Ccna2"", ""Eif3j1"", ""Cks2"", ""Runx1"", ""Lsm3"", ""Ybx3"", ""Psmd13"", ""Slbp"", ""Rrm1"", ""Psma7"", ""Mrpl18"", ""Cbx5"", ""Sf3a3"", ""Sephs2"", ""Stip1"", ""Rnps1"", ""Phlda1"", ""Hspa14"", ""Lsm2"", 
""Sap30"", ""Tyms"", ""Uba2"", ""Uck2"", ""Slc35d1"", ""Tomm40"", ""Casp8ap2"", ""Uhrf1"", ""Usp1"", ""Rsl1d1"", ""Mki67"", ""Lig1"", ""Trim59"", ""Taf1d"", ""Tfrc"", ""Nde1"", ""Psma1"", ""Ppid"", ""Psmb5"", ""Ranbp1"", ""Slk"", ""Abcf2"", ""Uchl5"", ""Cdca4"", ""Ran"", ""Nup62"", ""Ptger4"", ""Nusap1"", ""Top2a"", ""Pcna"", ""Hspa4"", ""Mak16"", ""Cdk1"", ""Haus3"", ""Kif11"", ""Cct3"", ""Hmgn5"", ""E2f8"", ""Tnfaip3"", ""Cdca8"", ""Brip1os"", ""Aurka"", ""Ptges3"", ""Cdc20"", ""Cacybp"", ""Dnmt1"", ""Rfc4"", ""Mrpl34"", ""Dnph1"", ""Tipin"", ""Adam12"", ""Prc1"", ""Hspd1"", ""Ddx21"", ""Nop58"", ""Incenp"", 
""Smc2"", ""Fkbp4"", ""Lin9"", ""Tubg1"", ""Dusp6"", ""Ect2"", ""Actn4"", ""Nr4a1"", ""Birc5"", ""Cstf2"", ""Kif22"", ""Tk1"", ""Orc6"", ""Eif2s1"", ""Ncbp1"", ""Pa2g4"", ""Aurkb"", ""Tcerg1"", ""Nxt1"", ""Mad2l1"", ""Dusp1"", ""Hat1"", ""Ccnf"", ""Coq7"", ""Ddx18"", ""Mrps25"", ""Plk4"", ""Psmb3"", ""Etf1"", ""Eif6"", ""Txnrd1"", ""Psmc2"", ""Tacc3"", ""Acot7"", ""Kif20a"", ""Kif23"", ""Kpna2"", ""Rfc3"", ""Mybl2"", ""Sf3b5"", ""Gsr"", ""Cks1b"", ""Nsmce4a"", ""Lsm4"", ""Tmem176b"", ""Kpnb1"", ""Net1"", ""Mrpl12"", ""Ckap2"", ""Tomm70a"", ""Msh2"", ""Nup54"", ""Kif2c"", ""Dnajc2"", ""Cse1l"", ""Asf1b"", ""Ruvbl2"", 
""Topbp1"", ""Prim2"", ""Kif4"", ""Wdr43"", ""Cenpa"", ""Mis18bp1"", ""Pfdn6"", ""Cisd1"", ""Rbm14"", ""D030056L22Rik"", ""Rpf2"", ""Spdl1"", ""Fkbp2"", ""Gmnn"", ""Dlgap5"", ""Pola1"", ""Mcm2"", ""Hars"", ""Cdc6"", ""Anln"", ""Nme1"", ""Mrps22"", ""Exo1"", ""Tmem176a"", ""Tgif1"", ""Polr2e"", ""Nup50"", ""Usp10"", ""Snrpa1"", ""Nek2"", ""Nup107"", ""Foxm1"", ""Rad51ap1"", ""Higd1a"", ""Rcc1"", ""Dna2"", ""Rpp30"", ""Casp3"", ""Cdca5"", ""Bub1"", ""Ebna1bp2"", ""Odc1"", ""Pgam1"", ""Eif3b"", ""Fen1"", ""Ttk"", ""Fignl1"", ""Anapc15"", ""Cd93"", ""Cdc7"", ""Tdp2"", ""Cenpv"", ""Mrto4"", ""Rbl1"", ""Ube2t"", 
""Ipo7"", ""Bcat1"", ""Fam110a"", ""Diaph3"", ""Dnajc21"", ""Nubp1"", ""Dhfr"", ""Xpo1"", ""Cdc25c"", ""Pnpt1"", ""Rpa1"", ""Gtse1"", ""Trip13"", ""Hells"", ""Gpd2"", ""Alcam"", ""Mycn"", ""Ipo5"", ""Haus6"", ""Rabggtb"", ""Dtl"", ""Cdc45"", ""Usp14"")"
"211","LET_7B_3P","8.44805570944055e-05","0.00151566515010677","0.538434096309916","-0.48447902888205","-1.70244450940506","139","c(""Sfpq"", ""Gata3"", ""Smo"", ""Ptms"", ""Hnrnpa1"", ""Smarca5"", ""Srsf1"", ""Basp1"", ""Hnrnpd"", ""Dek"", ""Srsf2"", ""Tcf3"", ""Nr3c1"", ""Rad21"", ""Ikzf2"", ""Nfkbia"", ""Polr2k"", ""U2surp"", ""Ssb"", ""Nfatc3"", ""Nasp"", ""Camk2d"", ""Mapk1"", ""Cbx5"", ""Zfp704"", ""Psip1"", ""Kdm2b"", ""Nudt4"", ""Casp8ap2"", ""Med14"", ""Hmgcr"", ""Fli1"", ""Baz1b"", ""Kif11"", ""Snrpb2"", ""Hbp1"", ""Akap12"", ""Cdc42ep3"", ""Nfat5"", ""Clspn"", ""Spred1"", ""Plk1"", ""Ppp1r2"", ""Ddx21"", ""G2e3"", ""Lin9"", ""Larp4b"", ""Igf1r"", ""Mdm1"", ""Xpo7"", ""Ncapg2"", ""Atad5"", ""Hmgxb4"", ""Cnbp"", ""Atad2"", 
""Isoc1"", ""Adss"", ""Kpna3"", ""Vkorc1l1"", ""Aak1"", ""Spry1"", ""Hivep1"", ""Fbxo45"", ""Rif1"", ""Creld2"", ""Cntrob"")"
"212","GOBP_POSITIVE_REGULATION_OF_WOUND_HEALING","0.00134730035093746","0.0130593190056472","0.45505986738723","-0.679019279921027","-1.70055648729251","24","c(""Hmgb1"", ""Prdx2"", ""Cxcr4"", ""Xbp1"", ""Itgb1"", ""Hras"", ""Ptger4"", ""Rreb1"", ""Vegfb"")"
"213","ZENG_GU_POST_ICB_METAGENE_41","0.00121762923850118","0.0122122293590648","0.45505986738723","-0.56915928706783","-1.70024252808817","52","c(""Srsf3"", ""Lztfl1"", ""Ube2e3"", ""Psmc6"", ""Hnrnpr"", ""Hjurp"", ""Mettl6"", ""Eif4e"", ""Akt1"", ""Fbxo5"", ""Mapk1"", ""Smu1"", ""Nt5c2"", ""Psmd6"", ""Med7"", ""Sumo3"", ""Arl6ip6"", ""Cenpl"", ""Tex30"", ""Cdc123"", ""Drg1"", ""Mdm1"", ""Tex9"", ""Plk4"", ""Zwint"", ""Ppp2r3c"", ""Ppp1r7"", ""Esco2"", ""Sdhc"", ""Pspc1"", ""Alg13"", ""Sin3a"", ""Poc1b"", ""Haus2"", ""Ipo9"", ""Ift80"", ""Twsg1"")"
"214","GOBP_TRANSPORT_ALONG_MICROTUBULE","0.00355984599928912","0.0281330100381577","0.431707695803346","-0.590693867386326","-1.69971647671696","41","c(""Ap3s1"", ""Sfpq"", ""Dynll1"", ""Ssna1"", ""Hnrnpu"", ""Ubb"", ""Pcm1"", ""Hspb11"", ""Tuba1a"", ""Nde1"", ""Ift57"", ""Fmr1"", ""Rab1a"", ""Dtnbp1"", ""Sod1"", ""Kif3a"", ""Rpgr"")"
"215","GOCC_NUCLEAR_CHROMOSOME","0.000194368793292781","0.00293944638443036","0.518848077743792","-0.486911782959991","-1.69944971473778","123","c(""H3f3a"", ""Anp32e"", ""Smarca5"", ""Smc4"", ""Smarca4"", ""Dhx9"", ""Smc3"", ""Hnrnpu"", ""Srsf2"", ""Rbbp4"", ""Swi5"", ""Mcm7"", ""Rad21"", ""Hdac1"", ""Actl6a"", ""Brd8"", ""Sfr1"", ""Hcfc1"", ""Cfdp1"", ""Ncapd2"", ""Sap30"", ""Smc1a"", ""Parp1"", ""Hdac2"", ""Ruvbl1"", ""Baz1b"", ""Uchl5"", ""Top2a"", ""Pcna"", ""P3h4"", ""Psmc3ip"", ""Ncaph"", ""Plk1"", ""Rpa3"", ""Tipin"", ""Nifk"", ""Incenp"", ""Smc2"", ""Tubg1"", ""Ncapd3"", ""Birc5"", ""Smarcb1"", ""Orc6"", ""Pole3"", ""Syce2"", ""Prpf19"", ""Ncapg2"", ""Ncapg"", ""Gins1"", ""Ruvbl2"", ""Topbp1"", ""Prim2"", ""Etaa1"", ""Kifap3"", ""Rbbp7"", 
""Pola1"", ""Mcm2"", ""Ing2"", ""Mcm6"", ""Nek2"", ""Ncaph2"", ""Orc2"", ""Rcc1"")"
"216","MIR_1953","0.00113215018537556","0.0115351527705725","0.45505986738723","-0.565978107016286","-1.69888612714839","54","c(""Satb1"", ""Tcf7"", ""Maz"", ""Thy1"", ""Rdx"", ""Rcc2"", ""Tmpo"", ""Hdgf"", ""Itgal"", ""Zfp704"", ""Psip1"", ""Palm"", ""Tfrc"", ""Uchl5"", ""Pgm2l1"", ""Hdlbp"", ""Hecw2"", ""Tmed5"", ""Rgcc"", ""Idh3a"", ""Nfia"", ""Camkk2"", ""Faf1"", ""Rad51ap1"", ""Zeb2"")"
"217","GOMF_SEQUENCE_SPECIFIC_DNA_BINDING","3.92847091969664e-07","1.42734443415645e-05","0.674962860011025","-0.43632421461786","-1.69872171464672","359","c(""Satb1"", ""H3f3a"", ""Hmgb1"", ""Tcf7"", ""Sox4"", ""H3f3b"", ""Sfpq"", ""Hnrnpab"", ""Cux1"", ""Hnrnpa2b1"", ""Chchd2"", ""Myb"", ""Ets1"", ""Ncl"", ""Tcf12"", ""Ybx1"", ""Maz"", ""Cbx3"", ""Xrcc6"", ""Ezh2"", ""Gata3"", ""Hivep3"", ""Lmnb1"", ""Pcbp1"", ""Rag1"", ""Mtf2"", ""Hnrnpa1"", ""Rorc"", ""Ctcf"", ""Smarca4"", ""Dhx9"", ""Mxd4"", ""Basp1"", ""Ikzf1"", ""Hnrnpd"", ""Patz1"", ""Ccar1"", ""Rbmxl1"", ""Hnrnpu"", ""Rbbp4"", ""Tcf3"", ""Nr3c1"", ""Ikzf2"", ""Gfi1"", ""Xbp1"", ""Bcl6"", ""Hmgb2"", ""Erh"", ""Stat5b"", ""Thrap3"", ""Hdac1"", ""Rag2"", ""Ptbp1"", ""Mbd3"", ""Suz12"", ""Tcf4"", ""Hdgf"", 
""Nfatc3"", ""Ikzf3"", ""Runx1"", ""E2f4"", ""Prmt1"", ""Ybx3"", ""Pknox1"", ""Trps1"", ""Nfyb"", ""Hcfc1"", ""Zfp704"", ""Kdm2b"", ""Lef1"", ""Myef2"", ""Mtpn"", ""Uhrf1"", ""Egr1"", ""Klf13"", ""Srebf2"", ""Rfc1"", ""Stat5a"", ""Hdac2"", ""E2f2"", ""Tfdp2"", ""Fli1"", ""Zbed4"", ""Elk3"", ""Terf1"", ""Zbtb38"", ""Atf1"", ""Top2a"", ""Klf10"", ""Hmga1"", ""Drap1"", ""Taf1"", ""Cebpg"", ""E2f8"", ""Hbp1"", ""Egr2"", ""Mga"", ""Nfatc1"", ""Etv5"", ""Nfya"", ""Elk4"", ""Nfat5"")"
"218","GOMF_MODIFICATION_DEPENDENT_PROTEIN_BINDING","0.00124298833756063","0.0124449629568246","0.45505986738723","-0.564613954312335","-1.69479137493921","54","c(""Cbx1"", ""Cbx3"", ""Mtf2"", ""Brd3"", ""Smarca4"", ""Rag2"", ""Suz12"", ""Msh6"", ""Cbx5"", ""Uhrf1"", ""Taf1"", ""Tnfaip3"", ""Prpf8"", ""Hspd1"", ""Fmr1"", ""Brcc3"", ""Ncapd3"", ""Rad23b"", ""Wdr5"", ""Agl"", ""Pex6"", ""Ncapg2"", ""Msl3"", ""Cbx2"", ""Xrcc1"", ""Dnajc2"", ""Dzip3"", ""Ing2"", ""Sgf29"", ""Rnf168"", ""Pwp1"")"
"219","GOCC_GERM_CELL_NUCLEUS","0.00322382939246674","0.0261207046287242","0.431707695803346","-0.584351447764839","-1.69294752830685","43","c(""Marcks"", ""Hmgn1"", ""Ctcf"", ""Smarcc1"", ""Smarca4"", ""Patz1"", ""Hmgn2"", ""Ccnh"", ""Scmh1"", ""Ran"", ""Top2a"", ""Pcna"", ""Hmga1"", ""Morc1"", ""Aurka"", ""Dnmt1"", ""Prmt5"", ""Ncapd3"", ""Cdk2"", ""Smarcb1"")"
"220","LET_7F_1_3P","0.000100879381822102","0.00172931806761508","0.538434096309916","-0.481688646815444","-1.69255374509885","138","c(""Sfpq"", ""Gata3"", ""Smo"", ""Ptms"", ""Hnrnpa1"", ""Smarca5"", ""Srsf1"", ""Basp1"", ""Hnrnpd"", ""Dek"", ""Srsf2"", ""Tcf3"", ""Nr3c1"", ""Rad21"", ""Ikzf2"", ""Nfkbia"", ""Polr2k"", ""U2surp"", ""Ssb"", ""Nfatc3"", ""Nasp"", ""Camk2d"", ""Mapk1"", ""Cbx5"", ""Zfp704"", ""Psip1"", ""Kdm2b"", ""Nudt4"", ""Casp8ap2"", ""Med14"", ""Hmgcr"", ""Fli1"", ""Kif11"", ""Snrpb2"", ""Hbp1"", ""Akap12"", ""Cdc42ep3"", ""Nfat5"", ""Clspn"", ""Spred1"", ""Plk1"", ""Ppp1r2"", ""Ddx21"", ""G2e3"", ""Lin9"", ""Larp4b"", ""Igf1r"", ""Mdm1"", ""Xpo7"", ""Ncapg2"", ""Atad5"", ""Hmgxb4"", ""Cnbp"", ""Atad2"", ""Isoc1"", 
""Adss"", ""Kpna3"", ""Vkorc1l1"", ""Aak1"", ""Spry1"", ""Hivep1"", ""Fbxo45"", ""Rif1"", ""Creld2"", ""Cntrob"")"
"221","MIR_98_3P","0.000100879381822102","0.00172931806761508","0.538434096309916","-0.481688646815444","-1.69255374509885","138","c(""Sfpq"", ""Gata3"", ""Smo"", ""Ptms"", ""Hnrnpa1"", ""Smarca5"", ""Srsf1"", ""Basp1"", ""Hnrnpd"", ""Dek"", ""Srsf2"", ""Tcf3"", ""Nr3c1"", ""Rad21"", ""Ikzf2"", ""Nfkbia"", ""Polr2k"", ""U2surp"", ""Ssb"", ""Nfatc3"", ""Nasp"", ""Camk2d"", ""Mapk1"", ""Cbx5"", ""Zfp704"", ""Psip1"", ""Kdm2b"", ""Nudt4"", ""Casp8ap2"", ""Med14"", ""Hmgcr"", ""Fli1"", ""Kif11"", ""Snrpb2"", ""Hbp1"", ""Akap12"", ""Cdc42ep3"", ""Nfat5"", ""Clspn"", ""Spred1"", ""Plk1"", ""Ppp1r2"", ""Ddx21"", ""G2e3"", ""Lin9"", ""Larp4b"", ""Igf1r"", ""Mdm1"", ""Xpo7"", ""Ncapg2"", ""Atad5"", ""Hmgxb4"", ""Cnbp"", ""Atad2"", ""Isoc1"", 
""Adss"", ""Kpna3"", ""Vkorc1l1"", ""Aak1"", ""Spry1"", ""Hivep1"", ""Fbxo45"", ""Rif1"", ""Creld2"", ""Cntrob"")"
"222","GOBP_REGULATION_OF_NUCLEOCYTOPLASMIC_TRANSPORT","0.00129049044604447","0.0127221216839572","0.45505986738723","-0.563220878578119","-1.69060980499933","54","c(""Txn1"", ""Ywhae"", ""Camk4"", ""Hsp90aa1"", ""Smo"", ""Anp32b"", ""Trim28"", ""Dhx9"", ""Nedd4"", ""Rapgef3"", ""Hsp90ab1"", ""Jup"", ""Xbp1"", ""Mapk1"", ""Iws1"", ""Park7"", ""Ran"", ""Nup62"", ""Ctdspl2"", ""Cdk1"", ""Pkig"", ""Ptpn14"")"
"223","GOBP_REGULATION_OF_MITOTIC_NUCLEAR_DIVISION","0.00115625593285556","0.0117187553054501","0.45505986738723","-0.542289238823022","-1.6904095966023","65","c(""Cd28"", ""Anapc5"", ""Bub3"", ""Rad21"", ""Mad1l1"", ""Fbxo5"", ""Cdc16"", ""Mki67"", ""Ccnb1"", ""Nup62"", ""Nusap1"", ""Pebp1"", ""Spc24"", ""Nsmce2"", ""Cdca8"", ""Spc25"", ""Cdc20"", ""Plk1"", ""Cenpe"", ""Ube2c"", ""Lcmt1"", ""Incenp"", ""Tubg1"", ""Birc5"", ""Igf1r"", ""Aurkb"", ""Mad2l1"", ""Bub1b"", ""Zwint"", ""Rgcc"", ""Spdl1"", ""Nuf2"", ""Ndc80"", ""Rcc1"", ""Bub1"", ""Cep192"", ""Ttk"", ""Cdk5rap2"", ""Pdgfrb"", ""Anapc15"")"
"224","MIR_3087_3P","0.00126318570690314","0.0125601098602055","0.45505986738723","-0.651378293648736","-1.68986157023898","27","c(""Tcf12"", ""Desi1"", ""Brd3"", ""Polr3k"", ""Fbxo5"", ""Ilf3"", ""Myef2"", ""Hdac2"", ""Tspan6"", ""Cep70"", ""Ptpn14"", ""Nfat5"")"
"225","GOBP_DENDRITIC_SPINE_DEVELOPMENT","0.00164118585109799","0.0153416353750697","0.45505986738723","-0.603755834375975","-1.68918193092597","37","c(""Marcks"", ""Caprin1"", ""Nck2"", ""Nr3c1"", ""Bhlhb9"", ""Pak1"", ""Palm"", ""Llph"", ""Hdac2"", ""Baiap2"", ""Abi2"", ""Fmr1"", ""Srgap2"", ""Dtnbp1"", ""Tiam1"", ""Eef2k"")"
"226","GOCC_CYTOPLASMIC_REGION","0.00126652824169605","0.0125717073063198","0.45505986738723","-0.573515638326153","-1.68766053444602","50","c(""Sfpq"", ""Hnrnpab"", ""Hnrnpa2b1"", ""Dynll1"", ""Mns1"", ""Ssna1"", ""Hnrnpu"", ""Ada"", ""Ckap5"", ""Mapk1"", ""Tuba1a"", ""Cfap36"", ""Ranbp1"", ""Tubb4b"", ""Cfap20"", ""Baiap2"", ""Ift57"", ""Fmr1"", ""Canx"", ""Cenpf"", ""Sod1"", ""Kif3a"", ""Camk2a"", ""Kifap3"", ""Cltb"")"
"227","GOBP_MITOTIC_CELL_CYCLE","3.31309656544022e-07","1.2269076191377e-05","0.674962860011025","-0.431103037101142","-1.68715192048845","379","c(""Hmgb1"", ""Cd28"", ""Ywhae"", ""Calm2"", ""Myb"", ""Stmn1"", ""Ube2s"", ""Ezh2"", ""Calm3"", ""Tubb5"", ""Lmnb1"", ""Anapc5"", ""Anp32b"", ""Smarca5"", ""Smc4"", ""Smarcc1"", ""Rdx"", ""Smarca4"", ""Rcc2"", ""Smc3"", ""Hnrnpu"", ""Tubb2a"", ""Bub3"", ""Tcf3"", ""Tubb2b"", ""Ddx3x"", ""Stag2"", ""Banf1"", ""Rad21"", ""Bcl7c"", ""Stat5b"", ""Rrm2"", ""Ube2a"", ""Arpp19"", ""Rps27l"", ""Larp7"", ""Eif4e"", ""Tacc2"", ""Itgb1"", ""Ckap5"", ""Actl6a"", ""Akt1"", ""Nasp"", ""Mad1l1"", ""Ccna2"", ""Tube1"", ""Cks2"", ""E2f4"", ""Camk2d"", ""Fbxo5"", ""Bcl7a"", ""Cdk6"", ""Rrm1"", ""Ccnh"", ""Ncapd2"", ""Mzt1"", 
""Smc1a"", ""Cdc16"", ""Tuba1a"", ""Smc5"", ""Stat5a"", ""Mki67"", ""Lig1"", ""Ccnb1"", ""Cdk4"", ""Nde1"", ""Baz1b"", ""Cdkn2d"", ""Dbf4"", ""Ranbp1"", ""Ran"", ""Tubb4b"", ""Nup62"", ""Ddb1"", ""Exoc4"", ""Phb2"", ""Nusap1"", ""Cdkn2c"", ""Pcna"", ""Nudc"", ""Cdk1"", ""Eif4g1"", ""Cdc25a"", ""Kif11"", ""Reep3"", ""Reep4"", ""E2f8"", ""Pebp1"", ""Ska2"", ""Ccne2"", ""Ccnb2"", ""Inip"", ""Spc24"", ""Nfatc1"", ""Nsmce2"", ""Cdca8"", ""Ncaph"", ""Spc25"", ""Naa50"", ""Clspn"", ""Aurka"", ""Cdc20"", ""Plk1"", ""Cenpe"", ""Ube2c"", ""Rpa3"", ""Tipin"", ""Lcmt1"", ""Prc1"", ""Incenp"", ""Brcc3"", ""Smc2"", ""Pcnt"", 
""Zfp36l1"", ""Tubg1"", ""Ect2"", ""Drg1"", ""Ncapd3"", ""Cdk2"", ""Birc5"", ""Smarcb1"", ""Cep250"", ""Kif22"", ""Tk1"", ""Igf1r"", ""Tpx2"", ""Rbbp8"", ""Aurkb"", ""Sass6"", ""Mad2l1"", ""Rock2"", ""Ccnf"", ""Cenpf"", ""Cdkn1c"", ""Bub1b"", ""Zwint"", ""Ncapg2"", ""Atad5"", ""Hacd1"", ""Hecw2"", ""Seh1l"", ""Tacc3"", ""Kif20a"", ""Kif23"", ""Psme3"", ""Bid"", ""Mybl2"", ""Jade1"", ""Tuba1b"", ""Cks1b"", ""Ncapg"", ""Rgcc"", ""Kpnb1"", ""Skp2"", ""Spry1"", ""Ckap2"", ""Cdc27"", ""Msh2"", ""Camk2a"", ""Kif2c"", ""Ccdc61"", ""Gins1"", ""Topbp1"", ""Kif20b"", ""Cenpc1"", ""Cntrob"", ""Kif4"", ""Rnaseh2b"", 
""Cenpa"", ""Rfwd3"", ""Knstrn"", ""Ska1"", ""Spdl1"", ""Dlgap5"", ""Nfia"", ""Pola1"", ""Mcm2"", ""Kif18a"", ""Cdc6"", ""Poc1a"", ""Ctdspl"", ""Nuf2"", ""Anln"", ""Ndc80"", ""Kif2a"", ""Mcm6"", ""Nek2"", ""Hes1"", ""Foxm1"", ""Anapc1"", ""Usp37"", ""Ncaph2"", ""Enkd1"", ""Rcc1"", ""Dna2"", ""Cdca5"", ""Bub1"", ""Cenpk"", ""Sin3a"", ""Cep192"", ""Ttk"", ""Cdk5rap2"", ""Tuba8"", ""Ythdc2"", ""Pdgfrb"", ""Anapc15"", ""Cdc7"", ""Spag5"", ""Npat"", ""Rbl1"", ""Miip"", ""Gpsm2"", ""Fam110a"", ""Blm"")"
"228","MODY_HIPPOCAMPUS_NEONATAL","0.00157232841020071","0.0148646447296121","0.45505986738723","-0.688023326689615","-1.6847599460438","22","c(""Ube2e3"", ""Tubb5"", ""Tubb2b"", ""Fdps"", ""Cct7"", ""Chl1"", ""Fabp5"", ""Myef2"", ""Tuba1a"", ""Cct8"", ""Tars"", ""Sqle"", ""Nrp1"", ""Tuba1b"")"
"229","GOBP_THYMUS_DEVELOPMENT","0.00232335703736348","0.0203672740589512","0.431707695803346","-0.667426385067928","-1.68444043401053","25","c(""Prdx2"", ""Myb"", ""Lmo4"", ""Gata3"", ""Rag1"", ""Ikzf1"", ""Nfatc3"", ""Mad1l1"", ""Bcl2l11"", ""Mapk1"", ""Raf1"", ""Ccnb2"", ""Cited2"")"
"230","GOMF_UBIQUITIN_LIKE_PROTEIN_BINDING","0.00284863191154031","0.0239193990595471","0.431707695803346","-0.612101411354062","-1.68213716222737","35","c(""Serbp1"", ""Cxcr4"", ""Nedd4"", ""Bub3"", ""Ube2n"", ""Dcun1d5"", ""Zcchc12"", ""Cuedc2"", ""Tdg"", ""Cks2"", ""Uba2"", ""Casp8ap2"", ""Nup62"", ""Fbxw7"", ""Top2a"", ""Vps36"", ""Tnfaip3"", ""Rad23b"", ""Uchl3"")"
"231","GOBP_POSITIVE_REGULATION_OF_DNA_METABOLIC_PROCESS","0.000143734478016069","0.0023001498047059","0.518848077743792","-0.478740607438436","-1.6811177448393","137","c(""Hmgb1"", ""Cd28"", ""Tox"", ""Hnrnpab"", ""Hnrnpa2b1"", ""Hsp90aa1"", ""Smarca5"", ""Ptprc"", ""Trim28"", ""Smarcc1"", ""Smarca4"", ""Dhx9"", ""Hnrnpd"", ""Ddx39b"", ""Bcl7c"", ""Tcp1"", ""Morf4l2"", ""Syncrip"", ""Cct7"", ""Ube2n"", ""Actl6a"", ""Akt1"", ""Brd8"", ""Ccna2"", ""Camk2d"", ""Mapk1"", ""Bcl7a"", ""Cct2"", ""Parp1"", ""Tfrc"", ""Ruvbl1"", ""Hras"", ""Dbf4"", ""Ssbp1"", ""Uchl5"", ""Terf1"", ""Atf1"", ""Pcna"", ""Cdk1"", ""Cct3"", ""Cebpg"", ""E2f8"", ""Exosc3"", ""Nfatc1"", ""Ptges3"", ""Cacybp"", ""Rfc4"", ""Cct8"", ""Brcc3"", ""Cdk2"", ""Smarcb1"", ""Igf1r"", ""Cst3"", ""Prkcd"", ""Aurkb""
)"
"232","GOCC_CYTOCHROME_COMPLEX","0.00110170581064277","0.0113856072774298","0.45505986738723","-0.720561847104967","-1.67985739915586","18","c(""Cox7a2"", ""Cox7c"", ""Uqcr11"", ""Uqcrq"", ""Cox6a1"", ""Uqcrb"", ""Ndufa4"", ""Uqcr10"", ""Cox5a"", ""Cox6b2"", ""Cox5b"", ""Uqcrfs1"")"
"233","GOBP_CYTOKINESIS","0.00150876460872971","0.0143593626764935","0.45505986738723","-0.573333829197696","-1.67934372790764","49","c(""Calm2"", ""Stmn1"", ""Calm3"", ""Prpf40a"", ""Pin1"", ""Nup62"", ""Exoc4"", ""Nusap1"", ""E2f8"", ""Cdca8"", ""Dstn"", ""Aurka"", ""Plk1"", ""Prc1"", ""Incenp"", ""Ect2"", ""Birc5"", ""Igf1r"", ""Aurkb"", ""Rock2"", ""Kif20a"", ""Kif23"", ""Ckap2"", ""Kif20b"", ""Cntrob"", ""Cenpa"", ""Cdc6"", ""Anln"")"
"234","REACTOME_GENERIC_TRANSCRIPTION_PATHWAY","9.04588135287091e-06","0.000227208941632762","0.593325476396405","-0.450923309669303","-1.67913250476335","236","c(""H3f3a"", ""Tcf7"", ""H3f3b"", ""Txn1"", ""Ywhae"", ""Prdx2"", ""Tcf12"", ""Psma6"", ""Ezh2"", ""Gata3"", ""Ctsl"", ""Cox7c"", ""Psmc3"", ""Rorc"", ""Trim28"", ""Smarcc1"", ""Psmc4"", ""Cox6a1"", ""Smarca4"", ""Psmc6"", ""Gtf2h4"", ""Psmb6"", ""Rheb"", ""Dek"", ""Pin1"", ""Lbr"", ""Rbbp4"", ""Tcf3"", ""Supt16"", ""Ubb"", ""Nr3c1"", ""Prelid1"", ""Psmd3"", ""Psmd12"", ""Hdac1"", ""Mbd3"", ""Suz12"", ""Polr2k"", ""Cycs"", ""Psmb7"", ""Actl6a"", ""Akt1"", ""Ccna2"", ""E2f4"", ""Mapk1"", ""Ywhaq"", ""Prmt1"", ""Psmd13"", ""Psmc1"", ""Cdk6"", ""Psma7"", ""Ak6"", ""Zfp704"", ""Lef1"", ""Ccnh"", ""Polr2c"", ""Psmd6"", 
""Polr2i"", ""Psmc5"", ""Ndufa4"", ""Scmh1"", ""Parp1"", ""Ccnb1"", ""Cdk4"", ""Psma1"", ""Polr2d"", ""Psmb5"", ""Pcna"", ""Cdk1"", ""Taf1"", ""E2f8"", ""Cox5a"", ""Ccne2"", ""Psmb4"", ""Mga"", ""Cited2"", ""Cox5b"", ""Aurka"", ""Taf15"", ""Rfc4"", ""Prmt5"", ""Rpa3"", ""Psma2"", ""Notch1"", ""Prdx1"", ""Nr4a1"", ""Cdk2"", ""Smarcb1"", ""Wdr5"", ""Tpx2"", ""Rbbp8"", ""Aurkb"", ""Rmi2"", ""Psmb3"", ""Txnrd1"", ""Psma3"", ""Psmc2"", ""Atad2"", ""Taf3"", ""Polr2b"", ""Rhno1"", ""Gtf2f2"", ""Zfpm1"", ""Psme3"", ""Rfc3"", ""Nelfa"", ""Gsr"", ""Cbx2"", ""Skp2"", ""Ehmt2"", ""Psmb2"", ""Notch3"", ""Wrn"", ""Topbp1"", 
""Psmd14"", ""Zfp101"", ""Cbfb"", ""Nr4a3"", ""Tcf7l2"", ""Rbm14"", ""Rbbp7"", ""Smad3"", ""Psmd2"", ""Psma5"", ""Psmd7"", ""Exo1"", ""Gtf2f1"", ""Tgif1"", ""Kctd1"", ""Polr2e"", ""Cul1"", ""Ing2"", ""Rragd"")"
"235","GOBP_POSITIVE_REGULATION_OF_DNA_BINDING","0.00105298018270937","0.0110411957659925","0.45505986738723","-0.707777370471912","-1.67879041906499","20","c(""Hmgb1"", ""Txn1"", ""Gata3"", ""Trim28"", ""Smarca4"", ""Hmgb2"", ""H1f0"", ""Parp1"", ""Park7"")"
"236","GOCC_ORGANELLAR_RIBOSOME","0.00113579176074944","0.0115518820455097","0.45505986738723","-0.553834272126932","-1.67870794253506","57","c(""Mrpl18"", ""Mrps28"", ""Mrpl20"", ""Mrps33"", ""Mrps14"", ""Mrpl13"", ""Mrpl51"", ""Mrpl50"", ""Mrpl49"", ""Mrpl21"", ""Mrpl34"", ""Mrps6"", ""Mrps11"", ""Mrps17"", ""Mrpl3"", ""Chchd1"", ""Mrps5"", ""Mrps12"", ""Mrpl46"", ""Mrps25"", ""Mrpl41"", ""Mrpl35"", ""Mrpl15"", ""Mrpl28"", ""Mrpl36"", ""Mrpl57"", ""Mrpl12"", ""Mrpl38"", ""Mrpl45"", ""Mrpl54"", ""Mrpl27"", ""Gadd45gip1"", ""Mrpl14"", ""Mrps18c"", ""Mrpl1"", ""Mrps22"", ""Mrps18a"", ""Mrpl40"")"
"237","GOBP_EPITHELIAL_CELL_DIFFERENTIATION_INVOLVED_IN_KIDNEY_DEVELOPMENT","0.000985566284343182","0.0104854814450287","0.45505986738723","-0.737262215954483","-1.6786848228454","16","c(""Cd24a"", ""Gata3"", ""Smo"", ""Basp1"")"
"238","GOBP_REGULATION_OF_NUCLEAR_DIVISION","0.00215911641701987","0.0191600853166264","0.431707695803346","-0.527772491023195","-1.67841319664919","70","c(""Cd28"", ""Anapc5"", ""Bub3"", ""Rad21"", ""Mad1l1"", ""Fbxo5"", ""Cdc16"", ""Mki67"", ""Ccnb1"", ""Nup62"", ""Nusap1"", ""Pebp1"", ""Spc24"", ""Nsmce2"", ""Cdca8"", ""Spc25"", ""Cdc20"", ""Plk1"", ""Cenpe"", ""Ube2c"", ""Lcmt1"", ""Incenp"", ""Tubg1"", ""Birc5"", ""Igf1r"", ""Aurkb"", ""Mad2l1"", ""Bub1b"", ""Zwint"", ""Rgcc"", ""Spdl1"", ""Nuf2"", ""Ndc80"", ""Rad51ap1"", ""Rcc1"", ""Bub1"", ""Cep192"", ""Ttk"", ""Cdk5rap2"", ""Pdgfrb"", ""Anapc15"", ""Nme6"", ""Fzr1"", ""Trip13"")"
"239","BURTON_ADIPOGENESIS_5","0.00209615481500934","0.0186874789603534","0.431707695803346","-0.556042370749675","-1.67807198070452","56","c(""Ifngr1"", ""Uqcr11"", ""Dbi"", ""Cox6a1"", ""Xbp1"", ""Cycs"", ""Aco2"", ""Fabp5"", ""Mrpl18"", ""Mtx2"", ""Pla2g12a"", ""Tomm40"", ""Mrpl20"", ""Psma1"", ""Phb2"", ""Mdh2"", ""Ndufab1"", ""Mrpl34"", ""Adam12"", ""Pdia6"", ""Rreb1"", ""Ndufb10"", ""Aifm1"", ""Aldoa"", ""Mrpl15"", ""Rgcc"", ""Mrpl12"", ""Cyc1"", ""Cisd1"", ""Psma5"", ""Sdhd"")"
"240","GOBP_DNA_TEMPLATED_TRANSCRIPTION_INITIATION","0.00290169402403214","0.0241891578309288","0.431707695803346","-0.592389895487372","-1.67806818458543","39","c(""Hmgb1"", ""Maz"", ""Smarca5"", ""Psmc6"", ""Ikzf1"", ""Gtf2a2"", ""Nfkbia"", ""Bclaf1"", ""Gtf2e2"", ""Ccnh"", ""Polr2i"", ""Med7"", ""Med14"", ""Polr2d"", ""Taf1"", ""Morc1"", ""Med19"", ""Med30"", ""Taf3"", ""Gtf2f2"")"
"241","REACTOME_RHO_GTPASES_ACTIVATE_FORMINS","0.00139142265970158","0.0134418874667158","0.45505986738723","-0.514656735839757","-1.67739865527913","80","c(""Dynll1"", ""Rcc2"", ""Tubb2a"", ""Bub3"", ""Tubb2b"", ""Ckap5"", ""Mad1l1"", ""B9d2"", ""Tuba1a"", ""Nde1"", ""Tubb4b"", ""Dynll2"", ""Nudc"", ""Ska2"", ""Spc24"", ""Cdca8"", ""Spc25"", ""Cdc20"", ""Plk1"", ""Cenpe"", ""Ranbp2"", ""Cenpl"", ""Sec13"", ""Incenp"", ""Cenpq"", ""Srgap2"", ""Ppp2r5d"", ""Aurkb"", ""Mad2l1"", ""Cenpf"", ""Bub1b"", ""Zwint"", ""Seh1l"", ""Tuba1b"", ""Kif2c"", ""Cenpp"", ""Cenpc1"", ""Cenpa"", ""Ska1"", ""Spdl1"", ""Kif18a"", ""Nuf2"", ""Ndc80"", ""Kif2a"", ""Nup107"", ""Ercc6l"", ""Fmnl2"", ""Bub1"", ""Cenpk"", ""Srf"", ""Tuba8"", ""Cenpo"", ""Diaph3"", ""Nsl1"", ""Xpo1"")"
"242","REACTOME_MITOCHONDRIAL_TRANSLATION","0.00115625593285556","0.0117187553054501","0.45505986738723","-0.551499629933854","-1.67697252445122","59","c(""Mrpl18"", ""Mrps28"", ""Mrpl20"", ""Mrps33"", ""Mrps14"", ""Mrpl13"", ""Mrps36"", ""Mrpl51"", ""Mrpl50"", ""Mrpl49"", ""Mrpl21"", ""Mrpl34"", ""Mrps6"", ""Mrps11"", ""Mrps17"", ""Mrpl3"", ""Chchd1"", ""Mrps5"", ""Mrps12"", ""Mrpl46"", ""Mrps25"", ""Mrpl41"", ""Mrpl35"", ""Mrpl15"", ""Mrpl28"", ""Mrpl36"", ""Mrpl57"", ""Mrpl12"", ""Mrpl38"", ""Mrpl45"", ""Mrpl54"", ""Mrpl27"", ""Gadd45gip1"", ""Mrpl14"", ""Mrps18c"", ""Mrpl1"", ""Mrps22"", ""Mrps18a"", ""Mrpl40"", ""Mrpl2"", ""Gfm1"")"
"243","MIR_452_3P","0.00319972486621285","0.0259618125731905","0.431707695803346","-0.6326023862219","-1.67651185109508","30","c(""Dynll1"", ""Cxcr4"", ""Syncrip"", ""Slc38a1"", ""Eif4e"", ""Dcun1d5"", ""Zfp704"", ""Slc35d1"", ""Mrpl13"", ""Eri1"", ""Pkig"", ""Ppp1r2"", ""Art1"", ""Larp4b"", ""Rock2"", ""Cmpk1"", ""Mrpl35"")"
"244","GOBP_CIRCADIAN_RHYTHM","0.00166467330513875","0.0154860188144711","0.45505986738723","-0.538406844403338","-1.67580629212072","64","c(""Sfpq"", ""Ezh2"", ""Rorc"", ""Dhx9"", ""Hnrnpd"", ""Mat2a"", ""Hnrnpu"", ""Ada"", ""Thrap3"", ""Hdac1"", ""Id3"", ""Egr1"", ""Parp1"", ""Hdac2"", ""Fbxw7"", ""Ddb1"", ""Ptger4"", ""Top2a"", ""Cdk1"", ""Klf10"")"
"245","GOBP_NUCLEOSIDE_PHOSPHATE_BIOSYNTHETIC_PROCESS","0.000331766614458225","0.00445724588773295","0.49849310876659","-0.484018906689886","-1.67566563018144","117","c(""Atp5b"", ""Atp5h"", ""Atp5g3"", ""Vdac1"", ""Atp5k"", ""Dut"", ""Atp5j2"", ""Ndufs6"", ""Ada"", ""Ndufb7"", ""Prps2"", ""Atp5a1"", ""Rrm2"", ""Ndufc2"", ""Atp5j"", ""Ndufb8"", ""Ndufb6"", ""Atp5o"", ""Ndufa5"", ""Dtymk"", ""Idh2"", ""Mapk1"", ""Rrm1"", ""Atp5c1"", ""Tyms"", ""Uck2"", ""Ndufc1"", ""Parp1"", ""Mpc1"", ""Ndufs8"", ""Ndufb9"", ""Ndufab1"", ""Dld"", ""mt-Nd1"", ""Sdhb"", ""Atp5d"", ""Tk1"", ""Ndufa12"", ""Ndufv2"", ""Cmpk1"", ""Ndufb10"", ""Gars"", ""Adssl1"", ""Ndufb2"", ""Acot7"", ""Adss"", ""Aldoa"", ""Paics"", ""Gmps"", ""Acly"", ""Dlat"", ""Slc4a7"", ""Dcakd"", ""Pdk3"", ""Ndufs1"", 
""Sdhc"")"
"246","MIR_669D_2_3P_MIR_669L_3P","0.000137782570535122","0.00222337963681956","0.518848077743792","-0.470337205487007","-1.67548931597881","152","c(""Sfpq"", ""Lztfl1"", ""Ets1"", ""Gata3"", ""Smo"", ""Ccar1"", ""Rad21"", ""Dusp10"", ""St8sia4"", ""Syncrip"", ""U2surp"", ""Itgb1"", ""Ssb"", ""Cks2"", ""Camk2d"", ""Mapk1"", ""Syt13"", ""Nfyb"", ""Zfp704"", ""Eif1ad"", ""Casp8ap2"", ""Tfg"", ""Med14"", ""Trim59"", ""Fli1"", ""Ptp4a3"", ""Ctdspl2"", ""Cfap20"", ""Cebpg"", ""Pgm2l1"", ""Vps35"", ""Arl6ip6"", ""Ddx10"", ""Spred1"", ""Ddx21"", ""G2e3"", ""Lin9"", ""Set"", ""Prkcd"", ""Rock2"", ""Xpo7"", ""Zwint"", ""Hmgxb4"", ""Cnbp"", ""Kif3a"", ""Vkorc1l1"", ""Aak1"", ""Spry1"", ""Hivep1"", ""Ckap2"", ""Klf6"", ""Ccdc25"", ""Dlat"", ""Slc4a7"", ""Topbp1"", 
""Rif1"", ""Wdr43"", ""Nr4a3"", ""Mphosph10"", ""Zdhhc21"", ""Gch1"", ""Dph6"", ""Lrp8"", ""Kif2a"", ""Pdik1l"", ""Svil"", ""Asxl1"")"
"247","GOBP_NEURON_APOPTOTIC_PROCESS","0.00017877172108434","0.00273218050979955","0.518848077743792","-0.477173519856213","-1.67536230018489","132","c(""Gapdh"", ""Prdx2"", ""Myb"", ""Gata3"", ""Kras"", ""Smo"", ""Rapsn"", ""Lig4"", ""Pin1"", ""Ppt1"", ""Ube2m"", ""Hsp90ab1"", ""Ubb"", ""Nr3c1"", ""Rad21"", ""Egln3"", ""Ptprf"", ""Bhlhb9"", ""Hdgf"", ""Bcl2l11"", ""Chl1"", ""Kdm2b"", ""Egr1"", ""Parp1"", ""Tuba1a"", ""Park7"", ""Hras"", ""Fbxw7"", ""Hspa4"", ""Bbc3"", ""Ptges3"", ""Aars"", ""Hspd1"", ""Fmr1"", ""Prodh"", ""Set"", ""Birc5"", ""Bag1"", ""Nrp1"", ""Vegfb"", ""Aifm1"", ""Mybl2"", ""Cdc34"", ""Sod1"")"
"248","GOMF_NUCLEOSOME_BINDING","0.00120956344108841","0.0121524313029004","0.45505986738723","-0.717805395756298","-1.67343123988573","18","c(""H3f3a"", ""H3f3b"", ""Hmgn1"", ""Smarca5"", ""Supt16"", ""H1f0"", ""Parp1"", ""Hmgn3"", ""Hmgn5"")"
"249","GOCC_PROTON_TRANSPORTING_TWO_SECTOR_ATPASE_COMPLEX","0.00112308457541669","0.0114964491159022","0.45505986738723","-0.734849362767329","-1.67319095656909","16","c(""Atp5b"", ""Atp5h"", ""Atp5g3"", ""Atp5k"", ""Atp5j2"", ""Atp5a1"", ""Atp5j"", ""Atp5o"", ""Atp5c1"")"
"250","GOBP_PROTEIN_DNA_COMPLEX_ASSEMBLY","0.00101775480062931","0.0107684422769881","0.45505986738723","-0.535647005383027","-1.67168676209928","66","c(""Hmgb1"", ""H3f3b"", ""Anp32b"", ""Smarca5"", ""Smarca4"", ""Psmc6"", ""Ikzf1"", ""Gtf2a2"", ""Rbbp4"", ""Hjurp"", ""Supt16"", ""Asf1a"", ""Nap1l1"", ""Tcf4"", ""Nasp"", ""H1f0"", ""Med7"", ""Med14"", ""Terf1"", ""Taf1"", ""Padi4"", ""Cenpe"", ""Med19"", ""Set"", ""Pole3"", ""Hat1"", ""Med30"", ""Taf3"", ""Gtf2f2"", ""Asf1b"", ""Cenpp"", ""Cenpc1"", ""Cenpa"", ""Dlgap5"", ""Mcm2"", ""Med29"", ""Cenpk"", ""Chaf1a"", ""Taf5"", ""Cenpo"", ""Cenpv"")"
"251","GOCC_COP9_SIGNALOSOME","0.00141576134217701","0.0136541790880745","0.45505986738723","-0.725971777225294","-1.67055102006874","17","c(""Dynll1"", ""Themis"", ""Lat"", ""Basp1"", ""Hsp90ab1"", ""Atp5a1"", ""Cops3"", ""Cops5"")"
"252","MIR_290B_5P","0.000124437999846406","0.00204808639633244","0.518848077743792","-0.460777095251586","-1.6660332069009","166","c(""Srsf3"", ""Cd24a"", ""Camk4"", ""Hnrnpa2b1"", ""Tcf12"", ""Ybx1"", ""Ifngr1"", ""Cdv3"", ""Hmgn1"", ""Lmnb1"", ""Rag1"", ""Srsf1"", ""Hnrnpr"", ""Stag2"", ""Rad21"", ""Ikzf2"", ""Dusp10"", ""Ptprf"", ""Ube2a"", ""St8sia4"", ""Psmd12"", ""Rbm3"", ""Asf1a"", ""U2surp"", ""Bclaf1"", ""Raph1"", ""Ewsr1"", ""Agpat5"", ""Bcl2l11"", ""Runx1"", ""Fbxo5"", ""Cdk6"", ""Trps1"", ""Uck2"", ""Mmd"", ""Med14"", ""Pcnp"", ""Gfra1"", ""Ssbp1"", ""Ctdspl2"", ""Eri1"", ""Pcna"", ""Nucks1"", ""Pgm2l1"", ""Psma2"", ""Fmr1"", ""Lin9"", ""Zfp36l1"", ""Acsl3"", ""Canx"", ""Tpx2"", ""Tial1"", ""Atp6v1a"", ""Txnrd1"", ""Taf3"", 
""Hecw2"", ""Atxn1"", ""Tnpo1"", ""Lyar"")"
"253","GOMF_TRANSCRIPTION_COREGULATOR_ACTIVITY","9.03664537121865e-05","0.0015867690063687","0.538434096309916","-0.465272945609223","-1.66506180935949","157","c(""Hmgb1"", ""Ets1"", ""Lmo4"", ""Mier1"", ""Ezh2"", ""Trim28"", ""Eid1"", ""Smarca4"", ""Dhx9"", ""Basp1"", ""Ccar1"", ""Hnrnpu"", ""Ube2l3"", ""Nr3c1"", ""Jup"", ""Nab2"", ""Hmgb2"", ""Raly"", ""Thrap3"", ""Hdac1"", ""Tcf4"", ""Bclaf1"", ""Zcchc12"", ""Ewsr1"", ""Hdgf"", ""Brd8"", ""Cbfa2t3"", ""Tdg"", ""Mtdh"", ""Sfr1"", ""Cops5"", ""Ddx1"", ""Trim27"", ""Akirin2"", ""Hcfc1"", ""Psip1"", ""Kdm2b"", ""Sap30"", ""Tox2"", ""Med7"", ""Casp8ap2"", ""Med14"", ""Park7"", ""Ruvbl1"", ""Eny2"", ""Bcl10"", ""Nucks1"", ""Hmga1"", ""Drap1"", ""Ptpn14"", ""Psmc3ip"", ""Cited2"", ""Taf15"", ""Prmt5"", ""Notch1"", 
""Med19"", ""Actn4"", ""Smarcb1"", ""Rbbp8"", ""Pa2g4"", ""Tcerg1"")"
"254","GOBP_ASSOCIATIVE_LEARNING","0.00349815022807094","0.0277334605381627","0.431707695803346","-0.64614728181632","-1.66320548884638","26","c(""Kras"", ""Rag1"", ""Rapgef3"", ""Ppt1"", ""Itgb1"", ""Ckap5"", ""Pgrmc1"", ""Slc7a11"", ""Tuba1a"", ""Hmgcr"")"
"255","MIR_7227_3P","0.000671049052079718","0.007784438501736","0.477270815362862","-0.481746791985046","-1.66221889960509","111","c(""Ywhae"", ""Mier1"", ""Metap2"", ""Kras"", ""Serbp1"", ""Rheb"", ""Hnrnpr"", ""Ddx3x"", ""Stag2"", ""Hjurp"", ""Nr3c1"", ""Ikzf2"", ""Nab2"", ""Ddx46"", ""Psmd12"", ""Dcun1d5"", ""Pcm1"", ""Agpat5"", ""Trps1"", ""Pds5b"", ""C2cd5"", ""Phlda1"", ""Mmd"", ""Med14"", ""Eny2"", ""Slk"", ""Bcl10"", ""Hmgn5"", ""Pkig"", ""Qser1"", ""Tspan2"", ""Nfat5"", ""Vma21"", ""Spred1"", ""Adam12"", ""Aasdhppt"", ""Rab1a"", ""Ect2"", ""St6gal1"", ""Larp4b"")"
"256","GOBP_MITOTIC_CELL_CYCLE_PROCESS","1.43944164766288e-06","4.56904087832334e-05","0.643551836150722","-0.430359480957893","-1.66159928732086","332","c(""Cd28"", ""Calm2"", ""Myb"", ""Stmn1"", ""Ube2s"", ""Ezh2"", ""Calm3"", ""Lmnb1"", ""Anapc5"", ""Anp32b"", ""Smarca5"", ""Smc4"", ""Smarcc1"", ""Rdx"", ""Smarca4"", ""Rcc2"", ""Smc3"", ""Hnrnpu"", ""Bub3"", ""Tcf3"", ""Ddx3x"", ""Stag2"", ""Banf1"", ""Rad21"", ""Bcl7c"", ""Rrm2"", ""Ube2a"", ""Arpp19"", ""Rps27l"", ""Larp7"", ""Eif4e"", ""Tacc2"", ""Itgb1"", ""Ckap5"", ""Actl6a"", ""Akt1"", ""Nasp"", ""Mad1l1"", ""Ccna2"", ""Cks2"", ""E2f4"", ""Camk2d"", ""Fbxo5"", ""Bcl7a"", ""Cdk6"", ""Rrm1"", ""Ccnh"", ""Ncapd2"", ""Mzt1"", ""Smc1a"", ""Cdc16"", ""Smc5"", ""Mki67"", ""Lig1"", ""Ccnb1"", ""Cdk4"", ""Nde1"", 
""Baz1b"", ""Cdkn2d"", ""Dbf4"", ""Ranbp1"", ""Ran"", ""Nup62"", ""Ddb1"", ""Exoc4"", ""Phb2"", ""Nusap1"", ""Cdkn2c"", ""Pcna"", ""Nudc"", ""Cdk1"", ""Eif4g1"", ""Cdc25a"", ""Kif11"", ""Reep3"", ""Reep4"", ""Pebp1"", ""Ccne2"", ""Ccnb2"", ""Inip"", ""Spc24"", ""Nfatc1"", ""Nsmce2"", ""Cdca8"", ""Ncaph"", ""Spc25"", ""Naa50"", ""Clspn"", ""Aurka"", ""Cdc20"", ""Plk1"", ""Cenpe"", ""Ube2c"", ""Tipin"", ""Lcmt1"", ""Prc1"", ""Incenp"", ""Brcc3"", ""Smc2"", ""Pcnt"", ""Zfp36l1"", ""Tubg1"", ""Ect2"", ""Drg1"", ""Ncapd3"", ""Cdk2"", ""Birc5"", ""Smarcb1"", ""Kif22"", ""Tk1"", ""Igf1r"", ""Tpx2"", ""Rbbp8"", ""Aurkb"", 
""Sass6"", ""Mad2l1"", ""Rock2"", ""Ccnf"", ""Cenpf"", ""Cdkn1c"", ""Bub1b"", ""Zwint"", ""Ncapg2"", ""Atad5"", ""Hacd1"", ""Hecw2"", ""Seh1l"", ""Tacc3"", ""Kif20a"", ""Kif23"", ""Psme3"", ""Bid"", ""Mybl2"", ""Jade1"", ""Cks1b"", ""Ncapg"", ""Rgcc"", ""Kpnb1"", ""Skp2"", ""Spry1"", ""Ckap2"", ""Cdc27"", ""Msh2"", ""Camk2a"", ""Kif2c"", ""Ccdc61"", ""Gins1"", ""Topbp1"", ""Kif20b"", ""Cenpc1"", ""Cntrob"", ""Kif4"", ""Rnaseh2b"", ""Cenpa"", ""Rfwd3"", ""Knstrn"", ""Spdl1"", ""Dlgap5"", ""Nfia"", ""Pola1"", ""Mcm2"", ""Kif18a"", ""Cdc6"", ""Poc1a"", ""Ctdspl"", ""Nuf2"", ""Anln"", ""Ndc80"", ""Kif2a"", ""Mcm6"", 
""Nek2"", ""Foxm1"", ""Anapc1"", ""Usp37"", ""Ncaph2"", ""Enkd1"", ""Rcc1"", ""Dna2"", ""Cdca5"", ""Bub1"", ""Cenpk"", ""Sin3a"", ""Cep192"", ""Ttk"", ""Cdk5rap2"", ""Pdgfrb"", ""Anapc15"", ""Cdc7"", ""Spag5"", ""Npat"", ""Rbl1"", ""Miip"", ""Gpsm2"", ""Fam110a"", ""Blm"")"
"257","MIR_669M_3P","0.000187507798286416","0.00284313005433234","0.518848077743792","-0.466389387003742","-1.66142594269477","152","c(""Sfpq"", ""Lztfl1"", ""Ets1"", ""Gata3"", ""Smo"", ""Ccar1"", ""Rad21"", ""Dusp10"", ""St8sia4"", ""Syncrip"", ""U2surp"", ""Itgb1"", ""Ssb"", ""Cks2"", ""Camk2d"", ""Mapk1"", ""Syt13"", ""Nfyb"", ""Zfp704"", ""Eif1ad"", ""Casp8ap2"", ""Tfg"", ""Med14"", ""Fli1"", ""Ptp4a3"", ""Ctdspl2"", ""Cfap20"", ""Cebpg"", ""Pgm2l1"", ""Vps35"", ""Arl6ip6"", ""Ddx10"", ""Spred1"", ""Ddx21"", ""G2e3"", ""Lin9"", ""Set"", ""Prkcd"", ""Rock2"", ""Xpo7"", ""Zwint"", ""Hmgxb4"", ""Cnbp"", ""Kif3a"", ""Vkorc1l1"", ""Aak1"", ""Spry1"", ""Hivep1"", ""Ckap2"", ""Klf6"", ""Ccdc25"", ""Dlat"", ""Slc4a7"", ""Topbp1"", ""Rif1"", 
""Wdr43"", ""Nr4a3"", ""Mphosph10"", ""Zdhhc21"", ""Gch1"", ""Dph6"", ""Lrp8"", ""Kif2a"", ""Pdik1l"", ""Svil"", ""Asxl1"")"
"258","REACTOME_TCR_SIGNALING","0.00199430170332335","0.0179176997513204","0.431707695803346","-0.532924036754749","-1.66121663772175","65","c(""Trbc2"", ""Psma6"", ""Psmc3"", ""Ptprc"", ""Lat"", ""Cd4"", ""Cd247"", ""Psmc4"", ""Psmc6"", ""Psmb6"", ""Trbc1"", ""Trac"", ""Ubb"", ""Lcp2"", ""Nfkbia"", ""Psmd3"", ""Cd3d"", ""Psmd12"", ""Fyb"", ""Ube2n"", ""Psmb7"", ""Psmd13"", ""Psmc1"", ""Psma7"", ""Pak1"", ""Cd3e"", ""Psmd6"", ""Psmc5"", ""Psma1"", ""Psmb5"", ""Bcl10"")"
"259","GOBP_RIBOSE_PHOSPHATE_METABOLIC_PROCESS","0.000209842392737572","0.00311634833636236","0.518848077743792","-0.473202290113242","-1.66092127625713","133","c(""Atpif1"", ""Atp5b"", ""Atp5h"", ""Atp5g3"", ""Vdac1"", ""Atp5k"", ""Atp5j2"", ""Ndufs6"", ""Ada"", ""Ndufb7"", ""Prps2"", ""Atp5a1"", ""Ndufc2"", ""Atp5j"", ""Ndufb8"", ""Ndufb6"", ""Atp5o"", ""Ndufa5"", ""Atp5c1"", ""Nt5c2"", ""Uck2"", ""Ndufc1"", ""Nudt4"", ""Parp1"", ""Hmgcr"", ""Mpc1"", ""Ndufs8"", ""Ndufb9"", ""Ran"", ""Ndufab1"", ""Nudt5"", ""Dld"", ""mt-Nd1"", ""Sdhb"", ""Atp5d"", ""Pmvk"", ""Itpa"", ""Acsl3"", ""Ndufa12"", ""Ndufv2"", ""Atp6v1a"", ""Cmpk1"", ""Ndufb10"", ""Adssl1"", ""Ndufb2"", ""Cs"", ""Acot7"", ""Adss"", ""Aldoa"", ""Paics"", ""Gmps"", ""Acly"", ""Pde5a"", ""Dlat"", ""Dcakd"", 
""Pdk3"", ""Ndufs1"", ""Rnaseh2b"", ""Sdhc"")"
"260","GOBP_MITOCHONDRIAL_TRANSLATION","0.00157472088878701","0.0148646447296121","0.45505986738723","-0.520918599146591","-1.6607144463057","71","c(""Mrpl18"", ""Mrps28"", ""Mrpl20"", ""Mrps33"", ""Mrps14"", ""Mrpl13"", ""Mrpl51"", ""Mrpl50"", ""Mrpl49"", ""Mrpl21"", ""Mrpl34"", ""Mrps6"", ""Mrps11"", ""Mrps17"", ""Mrpl3"", ""Chchd1"", ""Mrps5"", ""Mrps12"", ""Mrpl46"", ""Gars"", ""Mrps25"", ""Mrpl41"", ""Mrpl35"", ""Mrpl15"", ""Mrpl28"", ""Mrpl36"", ""Mrpl57"", ""Mrpl12"", ""Mrpl38"", ""Mrpl45"", ""Mrpl54"", ""Aars2"", ""Mrpl27"", ""Gadd45gip1"", ""Mrpl14"", ""Mrps18c"", ""Hars"", ""Mrpl1"", ""Mrps22"", ""Mrps18a"", ""Mrpl40"", ""Mrpl2"", ""Gfm1"", ""Mrpl19"", ""Sars2"", ""Mrpl4"", ""Mrpl47"", ""Mrpl11"", ""Mrps10"", ""Tsfm"", ""Mrpl48"", 
""Uqcc2"", ""Mrpl23"", ""Mrps7"", ""Lrpprc"")"
"261","MIR_467B_3P_MIR_467C_3P_MIR_467D_3P_MIR_467E_3P","0.000109378416031603","0.00184759973513033","0.538434096309916","-0.467407905780891","-1.66030648854282","151","c(""Sfpq"", ""Lztfl1"", ""Ets1"", ""Gata3"", ""Smo"", ""Ccar1"", ""Rad21"", ""Dusp10"", ""St8sia4"", ""Syncrip"", ""U2surp"", ""Itgb1"", ""Ssb"", ""Cks2"", ""Camk2d"", ""Mapk1"", ""Syt13"", ""Nfyb"", ""Zfp704"", ""Eif1ad"", ""Casp8ap2"", ""Tfg"", ""Med14"", ""Fli1"", ""Ptp4a3"", ""Ctdspl2"", ""Cfap20"", ""Cebpg"", ""Pgm2l1"", ""Vps35"", ""Arl6ip6"", ""Ddx10"", ""Spred1"", ""Ddx21"", ""G2e3"", ""Lin9"", ""Set"", ""Prkcd"", ""Rock2"", ""Xpo7"", ""Zwint"", ""Hmgxb4"", ""Cnbp"", ""Kif3a"", ""Vkorc1l1"", ""Aak1"", ""Spry1"", ""Hivep1"", ""Ckap2"", ""Klf6"", ""Ccdc25"", ""Dlat"", ""Slc4a7"", ""Topbp1"", ""Rif1"", 
""Wdr43"", ""Nr4a3"", ""Mphosph10"", ""Zdhhc21"", ""Gch1"", ""Dph6"", ""Lrp8"", ""Kif2a"", ""Pdik1l"", ""Svil"", ""Asxl1"")"
"262","REACTOME_ESTROGEN_DEPENDENT_GENE_EXPRESSION","0.00263914265416758","0.0225400154312717","0.431707695803346","-0.670277833559693","-1.66026670750671","23","c(""H3f3a"", ""H3f3b"", ""Gata3"", ""Hsp90aa1"", ""Gtf2a2"", ""Hsp90ab1"", ""Polr2k"", ""Prmt1"", ""Polr2c"", ""Polr2i"", ""Polr2d"", ""Ptges3"", ""Fkbp4"", ""Polr2b"", ""Gtf2f2"")"
"263","GOBP_TRANSLATIONAL_INITIATION","0.00490075298816812","0.0354465029048128","0.407017918923954","-0.57292754237808","-1.65985088336467","43","c(""Eif4a1"", ""Eif4h"", ""Eif3c"", ""Eif1ax"", ""Sh3bgrl"", ""Ddx3x"", ""Nck2"", ""Eif2s2"", ""Eif3a"", ""Eif5b"", ""Eif4e"", ""Mif4gd"", ""Slbp"", ""Eif1ad"", ""Eif2a"", ""Eif4g1"", ""Eif3g"", ""Fmr1"", ""Eif2s1"", ""Ncbp1"", ""Paip2b"", ""Denr"", ""Eif6"")"
"264","SCHAEFFER_PROSTATE_DEVELOPMENT_6HR_DN","0.000137028286389857","0.00222337963681956","0.518848077743792","-0.464608071288283","-1.65939373582455","154","c(""Ywhae"", ""Sfpq"", ""Ets1"", ""St13"", ""Gata3"", ""Ptov1"", ""Hnrnpc"", ""Kras"", ""Atp5k"", ""Srsf9"", ""Ptms"", ""Psmc4"", ""Nedd4"", ""Dek"", ""Hnrnpu"", ""Tcf3"", ""Alyref"", ""Thrap3"", ""Psap"", ""Psmd12"", ""Gspt1"", ""Id3"", ""Bclaf1"", ""Itgb1"", ""Nasp"", ""Eif3j1"", ""Csrp1"", ""Ilf3"", ""Sf3b2"", ""Syt13"", ""Bcl7a"", ""Dhrs3"", ""Zfp704"", ""Lef1"", ""Clic4"", ""Sap30"", ""Manf"", ""Uhrf1"", ""Ndufa4"", ""Hmgcr"", ""Llph"", ""Dynll2"", ""Vps36"", ""Nucks1"", ""Taf1"", ""Ppil1"", ""Nfya"", ""Cnpy2"", ""Ptges3"", ""Dnmt1"", ""Notch1"", ""Fkbp4"", ""Set"", ""Cdk2"", ""Canx"", ""Hsp90b1"", ""Tiam1"", 
""Ablim1"", ""Ptgr1"", ""Nolc1"", ""Gsr"", ""Dazap1"", ""Snrpf"", ""Cdc27"", ""Dnajc2"", ""Psmb2"", ""Dnlz"", ""Arhgap10"", ""Rfwd3"", ""Psmd2"", ""Nfia"")"
"265","REACTOME_RHO_GTPASE_EFFECTORS","0.000437806536064071","0.00557094352167872","0.49849310876659","-0.482806056479501","-1.65917122104784","108","c(""Ywhae"", ""Calm2"", ""Dynll1"", ""Calm3"", ""Rcc2"", ""Pin1"", ""Tubb2a"", ""Bub3"", ""Tubb2b"", ""Ckap5"", ""Mad1l1"", ""Mapk1"", ""Ywhaq"", ""Pak1"", ""B9d2"", ""Tuba1a"", ""Nde1"", ""Tubb4b"", ""Dynll2"", ""Baiap2"", ""Nudc"", ""Ska2"", ""Abi2"", ""Spc24"", ""Cdca8"", ""Spc25"", ""Cdc20"", ""Plk1"", ""Cenpe"", ""Ranbp2"", ""Cenpl"", ""Sec13"", ""Prc1"", ""Incenp"", ""Cenpq"", ""Srgap2"", ""Ppp2r5d"", ""Prkcd"", ""Aurkb"", ""Mad2l1"", ""Rock2"", ""Cenpf"", ""Bub1b"", ""Zwint"", ""Seh1l"", ""Tuba1b"", ""Kif2c"", ""Cenpp"", ""Cenpc1"", ""Cenpa"", ""Ska1"", ""Spdl1"", ""Kif18a"", ""Nuf2"", ""Ndc80"", 
""Kif2a"", ""Nup107"", ""Ercc6l"", ""Fmnl2"", ""Bub1"", ""Cenpk"", ""Srf"", ""Tuba8"", ""Cenpo"", ""Diaph3"", ""Nsl1"", ""Xpo1"", ""Cdc25c"")"
"266","GOMF_DNA_BINDING_TRANSCRIPTION_FACTOR_BINDING","0.000122828683949104","0.00202737516335422","0.518848077743792","-0.453927070775063","-1.65894200125927","181","c(""Satb1"", ""Hmgb1"", ""Ptma"", ""Chchd2"", ""Ets1"", ""Lmo4"", ""Tcf12"", ""Cbx3"", ""Psma6"", ""Gata3"", ""Sumo2"", ""Ctcf"", ""Smarca4"", ""Dhx9"", ""Gtf2a2"", ""Tcf3"", ""Rad21"", ""Nfkbia"", ""Jup"", ""Bcl6"", ""Hmgb2"", ""Stat5b"", ""Thrap3"", ""Hdac1"", ""Tcf4"", ""Id3"", ""Eif4e"", ""Tacc2"", ""Brd8"", ""Tdg"", ""Runx1"", ""Mtdh"", ""Trib1"", ""Nfyb"", ""Cbx5"", ""Hcfc1"", ""Psip1"", ""Lef1"", ""Tox2"", ""Psmc5"", ""Parp1"", ""Stat5a"", ""Hdac2"", ""Park7"", ""Bcl10"", ""Pcna"", ""Hspa4"", ""Nucks1"", ""Hmga1"", ""Taf1"", ""Cebpg"", ""Egr2"", ""Nfatc1"", ""Psmc3ip"", ""Cited2"", ""Dnmt1"", ""Fkbp4"", 
""Actn4"", ""Nr4a1"", ""Smarcb1"", ""Nfkbid"", ""Rad23b"", ""Rbbp8"", ""Tcerg1"", ""Cenpf"", ""Med30"", ""Ncapg2"", ""Zfpm1"", ""Lyar"", ""Kpna2"")"
"267","GOBP_MRNA_EXPORT_FROM_NUCLEUS","0.00205982630868336","0.0184204591103154","0.431707695803346","-0.639217918748978","-1.65831408021181","27","c(""Srsf3"", ""Hnrnpa2b1"", ""Ddx39b"", ""Eif4a3"", ""Ddx19a"", ""Thoc7"", ""Magoh"", ""Alyref"", ""Rbm8a"", ""Iws1"", ""Thoc6"", ""Eny2"", ""Fmr1"", ""Ncbp1"", ""Nxt1"", ""Thoc3"", ""Magohb"")"
"268","GOBP_NEGATIVE_REGULATION_OF_MRNA_CATABOLIC_PROCESS","0.00142072808551494","0.0136564827787352","0.45505986738723","-0.685899015784705","-1.65807464142869","21","c(""Hnrnpab"", ""Ybx1"", ""Hnrnpc"", ""Srsf1"", ""Dhx9"", ""Hnrnpd"", ""Hnrnpu"", ""Thrap3"", ""Ptbp1"", ""Syncrip"")"
"269","REACTOME_SUMOYLATION","0.00219689423310591","0.0194654263568295","0.431707695803346","-0.512148644354839","-1.65748958737525","78","c(""Satb1"", ""Hnrnpc"", ""Sumo2"", ""Smc3"", ""Nsmce1"", ""Stag2"", ""Nr3c1"", ""Rad21"", ""Nfkbia"", ""Hdac1"", ""Suz12"", ""Sae1"", ""Tdg"", ""Trim27"", ""Smc1a"", ""Uba2"", ""Casp8ap2"", ""Scmh1"", ""Parp1"", ""Smc5"", ""Park7"", ""Sumo3"", ""Nup62"", ""Top2a"", ""Pcna"", ""Topors"", ""Nsmce2"", ""Cdca8"", ""Dnmt1"", ""Ranbp2"", ""Sec13"", ""Nop58"", ""Incenp"")"
"270","WP_WNT_SIGNALING_PATHWAY_WP539","0.00288317906170563","0.024116212440908","0.431707695803346","-0.635257009217008","-1.65710563919959","28","c(""Myb"", ""Pin1"", ""Tcf3"", ""Jup"", ""Tcf4"", ""Akt1"", ""Camk2d"", ""Mapk1"", ""Lef1"", ""Ruvbl1"", ""Raf1"", ""Cdk1"")"
"271","REACTOME_S_PHASE","0.00109782019531613","0.0113856072774298","0.45505986738723","-0.483965517335224","-1.6565870151238","105","c(""Ube2s"", ""Psma6"", ""Anapc5"", ""Psmc3"", ""Psmc4"", ""Psmc6"", ""Psmb6"", ""Smc3"", ""Ube2e1"", ""Mcm7"", ""Stag2"", ""Ubb"", ""Rad21"", ""Psmd3"", ""Psmd12"", ""Psmb7"", ""Akt1"", ""Ccna2"", ""Psmd13"", ""Psmc1"", ""Psma7"", ""Pds5b"", ""Pds5a"", ""Ccnh"", ""Smc1a"", ""Psmd6"", ""Cdc16"", ""Psmc5"", ""Rfc1"", ""Lig1"", ""Cdk4"", ""Psma1"", ""Psmb5"", ""Pcna"", ""Cdc25a"", ""Ccne2"", ""Psmb4"", ""Rfc4"", ""Ube2c"", ""Rpa3"", ""Psma2"", ""Cdk2"", ""Orc6"", ""Pole3"", ""Psmb3"", ""Psma3"", ""Psmc2"", ""Psme3"", ""Rfc3"", ""Cks1b"", ""Skp2"", ""Cdc27"", ""Psmb2"", ""Gins1"", ""Esco2"", ""Prim2"", ""Psmd14"", 
""Gmnn"", ""Psmd2"", ""Pola1"", ""Mcm2"", ""Psma5"", ""Cdc6"", ""Psmd7"", ""Cul1"", ""Mcm6"", ""Psmd1"", ""Anapc1"", ""Orc2"", ""Dna2"", ""Cdca5"", ""Gins2"")"
"272","GOBP_NUCLEAR_TRANSCRIBED_MRNA_CATABOLIC_PROCESS_DEADENYLATION_DEPENDENT_DECAY","0.00165685875855389","0.0154631228564876","0.45505986738723","-0.71016802570025","-1.65562611649447","18","c(""Ybx1"", ""Caprin1"", ""Dhx9"", ""Hnrnpd"", ""Hnrnpu"", ""Syncrip"", ""Exosc3"", ""Zfp36l1"")"
"273","GOBP_SPLICEOSOMAL_COMPLEX_ASSEMBLY","0.00151216720926698","0.0143680756051568","0.45505986738723","-0.697620826415006","-1.65469992173505","20","c(""Srsf6"", ""Srsf1"", ""Ddx39b"", ""Srsf10"", ""Scaf11"", ""Snrpc"", ""Sf3a3"", ""Psip1"", ""Luc7l"", ""Sf3a1"", ""Sf3a2"", ""Ncbp1"", ""Prpf19"")"
"274","GOCC_NUCLEOSOME","0.00144637210325536","0.0138339265571295","0.45505986738723","-0.738612449951037","-1.65420088526468","15","c(""H3f3a"", ""H3f3b"", ""Tcf3"", ""Morf4l2"", ""Actl6a"", ""Brd8"", ""H1f0"", ""Ruvbl1"")"
"275","GOBP_NEGATIVE_REGULATION_OF_MRNA_PROCESSING","0.00147698287038125","0.0141033554416405","0.45505986738723","-0.738233201797685","-1.65335151881946","15","c(""Hnrnpa2b1"", ""Srsf7"", ""Srsf9"", ""Srsf6"", ""Srsf10"", ""Ptbp1"", ""U2af2"", ""Rnps1"")"
"276","MIR_7006_5P","0.00395872708350759","0.0304116573955097","0.407017918923954","-0.586307700391182","-1.65242273706612","38","c(""Sox4"", ""Cxcr4"", ""Ddx19a"", ""Egln3"", ""Eif5a"", ""Srgn"", ""Nav2"", ""Palm"", ""P2rx1"", ""Cnih4"", ""Ptpn14"", ""Cited2"")"
"277","GOBP_DENDRITE_DEVELOPMENT","0.00246937208222551","0.0214197635420672","0.431707695803346","-0.510495753583352","-1.65214026296913","78","c(""Cux1"", ""Marcks"", ""Ezh2"", ""Caprin1"", ""Nedd4"", ""Nck2"", ""Nr3c1"", ""Ptprf"", ""Bhlhb9"", ""Itgb1"", ""Pak1"", ""Cd3e"", ""Palm"", ""Llph"", ""Hdac2"", ""Baiap2"", ""Dynlt1f"", ""Abi2"", ""Cdc20"", ""Fmr1"", ""Srgap2"", ""Dgkg"", ""Rock2"", ""Dtnbp1"", ""Tiam1"", ""Nrp1"", ""Hecw2"", ""Eef2k"")"
"278","MORI_EMU_MYC_LYMPHOMA_BY_ONSET_TIME_UP","0.00133523237003266","0.0130144530886793","0.45505986738723","-0.514906849691405","-1.65193424399185","75","c(""Myb"", ""Cbx1"", ""Trim28"", ""Smarca4"", ""Rbmxl1"", ""Srsf2"", ""Rbbp4"", ""Tcf3"", ""Mcm7"", ""Erh"", ""Suz12"", ""Blmh"", ""Sf3b6"", ""U2af2"", ""Lgals9"", ""Snrpb"", ""Ilf3"", ""Smc1a"", ""Uhrf1"", ""Lig1"", ""Ranbp1"", ""Cdca4"", ""Phb2"", ""Cdk1"", ""Hmga1"", ""2610318N02Rik"", ""Cox5a"", ""Akap12"", ""Inip"", ""Elof1"", ""Tipin"", ""Eftud2"", ""Smarcb1"", ""Mdm1"", ""Dnaaf2"", ""Bub1b"", ""Ptgr1"", ""Rfc3"", ""Cbx2"", ""Topbp1"", ""Prim2"", ""Mis18bp1"", ""Cisd1"")"
"279","GOBP_EPIDERMIS_DEVELOPMENT","0.00102906919399191","0.0108484173972468","0.45505986738723","-0.490867826508838","-1.65139593303425","96","c(""Satb1"", ""Cux1"", ""Stmn1"", ""Ybx1"", ""Ezh2"", ""Ctsl"", ""Smo"", ""Srsf6"", ""Dbi"", ""Edaradd"", ""Smarca4"", ""Nab2"", ""Gfi1"", ""Psap"", ""Hdac1"", ""Akt1"", ""Runx1"", ""Trps1"", ""Clic4"")"
"280","GOBP_RNA_EXPORT_FROM_NUCLEUS","0.00472720883554131","0.0345247603576766","0.407017918923954","-0.602328292974616","-1.65136510507824","34","c(""Srsf3"", ""Hnrnpa2b1"", ""Dhx9"", ""Ddx39b"", ""Eif4a3"", ""Ddx19a"", ""Thoc7"", ""Magoh"", ""Alyref"", ""Rbm8a"", ""Ssb"", ""Iws1"", ""Thoc6"", ""Eny2"", ""Nup62"", ""Fmr1"", ""Ncbp1"", ""Nxt1"", ""Thoc3"", ""Magohb"", ""Pom121"")"
"281","GOBP_REGULATION_OF_INTRACELLULAR_TRANSPORT","0.000560702084857715","0.00671399867768948","0.477270815362862","-0.484053446587961","-1.65102001708738","103","c(""Txn1"", ""Ywhae"", ""Camk4"", ""Atpif1"", ""Anxa2"", ""Hsp90aa1"", ""Smo"", ""Pdcd5"", ""Anp32b"", ""Trim28"", ""Rdx"", ""Dhx9"", ""Nedd4"", ""Rapgef3"", ""Tomm7"", ""Hsp90ab1"", ""Jup"", ""Xbp1"", ""Pcm1"", ""Mapk1"", ""C2cd5"", ""Pak1"", ""Iws1"", ""Park7"", ""Hras"", ""Ran"", ""Nup62"", ""Ctdspl2"", ""Fbxw7"", ""Cdk1"", ""Pkig"", ""Vps35"", ""Ptpn14"", ""Bbc3"")"
"282","GOCC_U2_SNRNP","0.00167081995842578","0.0154933016048567","0.45505986738723","-0.695783529910568","-1.65034200369851","20","c(""Snrpe"", ""Snrpd1"", ""Phf5a"", ""Sf3b6"", ""Htatsf1"", ""Snrpd2"", ""Snrpb"", ""Sf3b2"", ""Sf3a3"", ""Sf3a1"", ""Snrpb2"", ""Sf3b3"", ""Sf3a2"", ""Sf3b4"")"
"283","GOBP_POSITIVE_REGULATION_OF_RNA_SPLICING","0.00167081995842578","0.0154933016048567","0.45505986738723","-0.695049650721782","-1.64860130188706","20","c(""Ncl"", ""Srsf1"", ""Hnrnpll"", ""Rbmxl1"", ""Eif4a3"", ""Clns1a"", ""Thrap3"", ""Rbm3"", ""U2af2"", ""Smn1"", ""Prmt5"", ""Sf3b4"", ""Ncbp1"", ""Prpf19"", ""Dazap1"")"
"284","REACTOME_TRANSCRIPTIONAL_REGULATION_BY_TP53","0.00159189966211924","0.0149891455680169","0.45505986738723","-0.479449528385459","-1.64836697685057","107","c(""Txn1"", ""Ywhae"", ""Prdx2"", ""Cox7c"", ""Cox6a1"", ""Gtf2h4"", ""Rheb"", ""Pin1"", ""Rbbp4"", ""Supt16"", ""Ubb"", ""Prelid1"", ""Hdac1"", ""Mbd3"", ""Polr2k"", ""Cycs"", ""Akt1"", ""Ccna2"", ""Ywhaq"", ""Ak6"", ""Ccnh"", ""Polr2c"", ""Polr2i"", ""Ndufa4"", ""Ccnb1"", ""Polr2d"", ""Pcna"", ""Cdk1"", ""Taf1"", ""E2f8"", ""Cox5a"", ""Ccne2"", ""Cox5b"", ""Aurka"", ""Taf15"", ""Rfc4"", ""Prmt5"", ""Rpa3"", ""Prdx1"", ""Cdk2"", ""Tpx2"", ""Rbbp8"", ""Aurkb"", ""Rmi2"", ""Txnrd1"", ""Taf3"", ""Polr2b"", ""Rhno1"", ""Gtf2f2"", ""Rfc3"", ""Nelfa"", ""Gsr"", ""Ehmt2"", ""Wrn"", ""Topbp1"", ""Rbbp7"", ""Exo1"", 
""Gtf2f1"", ""Polr2e"", ""Ing2"", ""Rragd"")"
"285","MIR_875_3P","0.000851084336873688","0.00936516993165581","0.477270815362862","-0.492516523106146","-1.64809928183038","93","c(""Ywhae"", ""Mier1"", ""Metap2"", ""Kras"", ""Serbp1"", ""Rheb"", ""Ddx3x"", ""Stag2"", ""Nr3c1"", ""Ikzf2"", ""Ddx46"", ""Psmd12"", ""Dcun1d5"", ""Pcm1"", ""Agpat5"", ""Trps1"", ""Pds5b"", ""Phlda1"", ""Mmd"", ""Med14"", ""Eny2"", ""Slk"", ""Bcl10"", ""Pkig"", ""Qser1"", ""Tspan2"", ""Nfat5"", ""Vma21"", ""Spred1"", ""Adam12"", ""Rab1a"", ""Ect2"", ""St6gal1"", ""Larp4b"", ""Psma3"", ""Aak1"", ""Pde5a"", ""Dzip3"", ""Mgat4a"", ""Zdhhc21"", ""Sdhd"", ""Rwdd1"", ""Lrp8"", ""Kctd1"", ""Sestd1"", ""Atp8a1"", ""Ssr1"")"
"286","GOCC_NADH_DEHYDROGENASE_COMPLEX","0.00317644725605484","0.025845543377787","0.431707695803346","-0.66441647739713","-1.64574822873521","23","c(""Ndufs6"", ""Ndufb7"", ""Ndufc2"", ""Ndufb8"", ""Ndufb6"", ""Ndufa5"", ""Ndufc1"", ""Ndufa4"", ""Ndufs8"", ""Ndufb9"", ""Ndufab1"", ""mt-Nd1"", ""Ndufa12"", ""Ndufv2"", ""Ndufb10"", ""Ndufb2"")"
"287","GOBP_POSITIVE_REGULATION_OF_BLOOD_VESSEL_ENDOTHELIAL_CELL_MIGRATION","0.00187363807085337","0.0169655284252663","0.45505986738723","-0.705615093515282","-1.6450117926172","18","c(""Hmgb1"", ""Ets1"", ""Atp5b"", ""Atp5a1"", ""Akt1"", ""Stat5a"")"
"288","GOBP_POSITIVE_REGULATION_OF_CELL_CYCLE","0.00012973310066385","0.00212917080265642","0.518848077743792","-0.459442654677232","-1.64419707853874","157","c(""Hmgb1"", ""Cd28"", ""Sfpq"", ""Ezh2"", ""Lmnb1"", ""Anapc5"", ""Anp32b"", ""Smc4"", ""Rdx"", ""Rcc2"", ""Ppp1r35"", ""Ddx39b"", ""Hnrnpu"", ""Tcf3"", ""Ddx3x"", ""Rad21"", ""Stat5b"", ""Rrm2"", ""Larp7"", ""Eif4e"", ""Akt1"", ""Mad1l1"", ""Bcl2l11"", ""Camk2d"", ""Fbxo5"", ""Rrm1"", ""Lef1"", ""Ncapd2"", ""Cdc16"", ""Smc5"", ""Stat5a"", ""Ccnb1"", ""Cdk4"", ""Dbf4"", ""Ranbp1"", ""Nup62"", ""Phb2"", ""Nusap1"", ""Cdk1"", ""Eif4g1"", ""Cdc25a"", ""E2f8"", ""Pebp1"", ""Nsmce2"", ""Cdca8"", ""Cited2"", ""Ncaph"", ""Azin1"", ""Aurka"", ""Cdc20"", ""Cenpe"", ""Ube2c"", ""Cep295"", ""Incenp"", ""Smc2"", ""Ect2"", 
""Ncapd3"", ""Birc5"", ""Igf1r"", ""Aurkb"", ""Sass6"", ""Mad2l1"", ""Rock2"", ""Plk4"", ""Ncapg2"", ""Atad5"", ""Pim1"", ""Rhno1"", ""Kif23"")"
"289","GOBP_INTRACELLULAR_TRANSPORT","9.94601373634646e-07","3.28332122027849e-05","0.643551836150722","-0.415844113266274","-1.64214825356549","410","c(""Ap3s1"", ""Txn1"", ""Ywhae"", ""Srsf3"", ""Cd24a"", ""Sfpq"", ""Camk4"", ""Hnrnpa2b1"", ""Dynll1"", ""Atpif1"", ""Marcks"", ""Anxa2"", ""Slc25a5"", ""Aqp11"", ""Desi1"", ""Hsp90aa1"", ""Arl6ip1"", ""Smo"", ""Lmnb1"", ""Pdcd5"", ""Anp32b"", ""Trim28"", ""Rdx"", ""Dhx9"", ""Nedd4"", ""Ssna1"", ""Ddx39b"", ""Rapgef3"", ""Hnrnpu"", ""Eif4a3"", ""Tomm7"", ""Ddx19a"", ""Thoc7"", ""Srsf10"", ""Hsp90ab1"", ""Siva1"", ""Ubb"", ""Magoh"", ""Nfkbia"", ""Jup"", ""Xbp1"", ""Alyref"", ""Psap"", ""Ighm"", ""Mtch1"", ""Rbm8a"", ""Als2"", ""Eif4e"", ""Pcm1"", ""Tacc2"", ""Itgb1"", ""Ssb"", ""Dnajc15"", ""Akt1"", ""Bcl2l11"", 
""Mapk1"", ""Ywhaq"", ""Trim27"", ""Akirin2"", ""Mtx2"", ""C2cd5"", ""Pak1"", ""Hspb11"", ""Vdac2"", ""Tomm40"", ""Tfg"", ""Iws1"", ""Ccdc88a"", ""Tuba1a"", ""Thoc6"", ""Timm13"", ""Park7"", ""Cnih4"", ""Nde1"", ""Eny2"", ""Romo1"", ""Hras"", ""Srp68"", ""Ranbp1"", ""Sec61b"", ""Ran"", ""Lyst"", ""Rilpl2"", ""Nup62"", ""Ctdspl2"", ""Fbxw7"", ""Exoc4"", ""Phb2"", ""Hspa4"", ""Vps36"", ""Nudc"", ""Cdk1"", ""Dynlt1f"", ""Sytl3"", ""Egr2"", ""Ift57"", ""Pkig"", ""Vps35"", ""Ptpn14"", ""Bbc3"", ""Snf8"", ""Tomm20"", ""Ranbp2"", ""Sec13"", ""Hspd1"", ""Pam16"", ""Arl1"", ""Notch1"", ""Fmr1"", ""Yif1b"", ""Trappc1"", 
""Pcnt"", ""Rab1a"", ""Epg5"", ""Ect2"", ""Actn4"", ""P4hb"", ""Ncbp1"", ""Prkcd"", ""Nxt1"", ""Pex6"", ""Dtnbp1"", ""Xpo7"", ""Atp2a2"", ""Aifm1"", ""Eif6"", ""Atxn1"", ""Seh1l"", ""Tnpo1"", ""Tacc3"", ""Kpna2"", ""Tmem14c"", ""Bid"", ""Laptm4b"", ""Thoc3"", ""Nolc1"", ""Kpna3"", ""Insig1"", ""Sod1"", ""Kif3a"", ""Pex7"", ""Atp13a2"", ""Pmpcb"", ""Tmed5"", ""Kpnb1"", ""Syk"", ""Rpgr"", ""Magohb"", ""Tomm70a"", ""Nup54"", ""Hyou1"", ""Camk2a"", ""Hspa9"", ""Cse1l"", ""Samm50"", ""Pom121"", ""Dnlz"", ""Kif20b"", ""Ap1s1"")"
"290","GOMF_HISTONE_MODIFYING_ACTIVITY","0.00295912774520444","0.0244561959714536","0.431707695803346","-0.549673983316766","-1.64203432018744","52","c(""Mier1"", ""Ezh2"", ""Ube2a"", ""Hdac1"", ""Suz12"", ""Prmt1"", ""Kdm2b"", ""Uhrf1"", ""Hdac2"", ""Baz1b"", ""Slk"", ""Cdk1"", ""Taf1"", ""Padi4"", ""Naa50"", ""Aurka"", ""Prmt5"", ""Cdk2"", ""Suv39h1"", ""Wdr5"", ""Aurkb"", ""Hat1"", ""Msl3"", ""Jade1"", ""Naa40"", ""Ehmt2"")"
"291","GOBP_MICROTUBULE_BASED_MOVEMENT","0.00105785395787737","0.0110710549178579","0.45505986738723","-0.498387072165773","-1.63975102570557","87","c(""Ap3s1"", ""Sfpq"", ""Dynll1"", ""Lztfl1"", ""Mns1"", ""Ssna1"", ""Hnrnpu"", ""Ubb"", ""Pcm1"", ""Hspb11"", ""Vdac3"", ""Tuba1a"", ""Nde1"", ""Cfap20"", ""Kif11"", ""Ift57"", ""Cenpe"", ""Fmr1"", ""Yif1b"", ""Rab1a"", ""Kif22"", ""Dtnbp1"", ""Dnaaf2"", ""Ly6k"", ""Kif15"", ""Kif20a"", ""Kif23"", ""Sod1"", ""Kif3a"", ""Kpnb1"", ""Rpgr"", ""Kif2c"", ""Kif20b"", ""Kif4"", ""Kifap3"", ""Cacna1e"", ""Kif18a"", ""Ing2"", ""Kif2a"")"
"292","YAMAZAKI_TCEB3_TARGETS_DN","0.000597338679555262","0.00707136383563678","0.477270815362862","-0.469917246112223","-1.63888677524662","121","c(""Tcf7"", ""Ube2s"", ""Itm2a"", ""Ybx1"", ""St13"", ""Hsp90aa1"", ""Arl6ip1"", ""Tubb5"", ""Vdac1"", ""Serbp1"", ""Mtf2"", ""Hnrnpa1"", ""Lbr"", ""Tubb2b"", ""Msh6"", ""Rbm3"", ""Agtrap"", ""Nasp"", ""Cks2"", ""Psip1"", ""Sephs2"", ""Sap30"", ""Uhrf1"", ""Tfrc"", ""Park7"", ""Dbf4"", ""Tubb4b"", ""Pmm1"", ""Nusap1"", ""Top2a"", ""Kif11"", ""Aldh2"", ""Cct3"", ""Hmga1"", ""Dhcr24"", ""Spred1"", ""Aurka"", ""Dnmt1"", ""Psma2"", ""G2e3"", ""Dusp6"", ""Ect2"", ""Hat1"", ""Cdkn1c"", ""Bub1b"", ""Pim1"", ""Kif20a"", ""Kpna2"", ""Aldoa"", ""Osbpl1a"", ""Mybl2"", ""Mir17hg"", ""Jade1"", ""Tuba1b"")"
"293","GOBP_REGULATION_OF_MYOBLAST_DIFFERENTIATION","0.00192541390700821","0.0174070675129678","0.45505986738723","-0.690842843672292","-1.63862309734962","20","c(""Sox4"", ""Smarcc1"", ""Smarca4"", ""Id3"", ""Actl6a"", ""Capn3"", ""Notch1"", ""Zfp36l1"", ""Smarcb1"")"
"294","GOBP_REGULATION_OF_NEURON_APOPTOTIC_PROCESS","0.000948712227008172","0.010149463954493","0.477270815362862","-0.47094638775121","-1.6379221871278","118","c(""Prdx2"", ""Myb"", ""Gata3"", ""Kras"", ""Smo"", ""Rapsn"", ""Lig4"", ""Pin1"", ""Ppt1"", ""Ube2m"", ""Hsp90ab1"", ""Ubb"", ""Nr3c1"", ""Rad21"", ""Egln3"", ""Ptprf"", ""Bhlhb9"", ""Hdgf"", ""Bcl2l11"", ""Chl1"", ""Kdm2b"", ""Egr1"", ""Parp1"", ""Park7"", ""Hras"", ""Fbxw7"", ""Bbc3"", ""Aars"", ""Hspd1"", ""Fmr1"", ""Prodh"", ""Set"", ""Birc5"", ""Bag1"", ""Nrp1"", ""Vegfb"", ""Aifm1"", ""Mybl2"", ""Cdc34"", ""Sod1"", ""Msh2"", ""Hyou1"")"
"295","GOCC_EUCHROMATIN","0.00454084406478282","0.0334171416079622","0.407017918923954","-0.64889059349078","-1.63766008863092","25","c(""Tcf7"", ""Dntt"", ""Cbx3"", ""Trim28"", ""Smarca4"", ""Tcf3"", ""H1f0"", ""Psip1"", ""Uhrf1"", ""Exosc3"", ""Prdx1"")"
"296","MIR_206_5P","0.00385245632051875","0.0297535296305305","0.431707695803346","-0.627783204585678","-1.63760977591723","28","c(""Satb1"", ""Camk4"", ""Mier1"", ""Lig4"", ""Eif3a"", ""Raph1"", ""Tdg"", ""Cdk19"", ""Kdm2b"", ""Ptger4"")"
"297","GOBP_TRANSCRIPTION_ELONGATION_BY_RNA_POLYMERASE_II","0.00454084406478282","0.0334171416079622","0.407017918923954","-0.648479803481855","-1.63662334313149","25","c(""Ezh2"", ""Ikzf1"", ""Hnrnpu"", ""Supt16"", ""Leo1"", ""Polr2i"", ""Med7"", ""Iws1"", ""Med14"", ""Parp1"", ""Elof1"", ""Med19"", ""Ncbp1"", ""Med30"", ""Gtf2f2"", ""Nelfa"", ""Wdr43"", ""Gtf2f1"", ""Med29"", ""Rnf168"")"
"298","GOBP_CELL_DIFFERENTIATION_INVOLVED_IN_KIDNEY_DEVELOPMENT","0.00230719826831202","0.0202563592644963","0.431707695803346","-0.70126553497553","-1.63487159698317","18","c(""Cd24a"", ""Gata3"", ""Smo"", ""Basp1"")"
"299","GOBP_MICROTUBULE_CYTOSKELETON_ORGANIZATION","4.94388722984927e-05","0.000974772577707823","0.557332238758646","-0.440338094742303","-1.63479397499284","225","c(""Gapdh"", ""Stmn1"", ""Mns1"", ""Tubb5"", ""Ssna1"", ""Ppp1r35"", ""Smc3"", ""Hnrnpu"", ""Tubb2a"", ""Tubb2b"", ""Stag2"", ""Pcm1"", ""Tacc2"", ""Itgb1"", ""Ckap5"", ""Tube1"", ""Fbxo5"", ""Slc16a1"", ""Pak1"", ""Mzt1"", ""Smc1a"", ""Ccdc88a"", ""Tuba1a"", ""Ccnb1"", ""Nde1"", ""Ranbp1"", ""Slk"", ""Tubb4b"", ""Nup62"", ""Ddb1"", ""Nusap1"", ""Nudc"", ""Cdk1"", ""Haus3"", ""Kif11"", ""Cep70"", ""Ska2"", ""Ccnb2"", ""Cdca8"", ""Smn1"", ""Spc25"", ""Azin1"", ""Aurka"", ""Cdc20"", ""Plk1"", ""Cenpe"", ""Prc1"", ""Cep295"", ""Incenp"", ""Fkbp4"", ""Pcnt"", ""Tubg1"", ""Drg1"", ""Cdk2"", ""Birc5"", ""Srgap2"", 
""Cep250"", ""Mdm1"", ""Tpx2"", ""Aurkb"", ""Sass6"", ""Mad2l1"", ""Rock2"", ""Ccnf"", ""Haus4"", ""Dnaaf2"", ""Odf2"", ""Plk4"", ""Ppp2r3c"", ""Tacc3"", ""Kif20a"", ""Kif23"", ""Mybl2"", ""Tuba1b"", ""Kif3a"", ""Kpnb1"", ""Spry1"", ""Ckap2"", ""Kif2c"", ""Ccdc61"", ""Cntrob"", ""Kif4"", ""Cenpa"", ""Knstrn"", ""Ska1"", ""Rbm14"", ""Spdl1"", ""Alms1"", ""Cep290"", ""Dlgap5"", ""Aunip"", ""Map7"", ""Kif18a"", ""Atf5"", ""Poc1a"", ""Trim37"", ""Nuf2"", ""Uxt"", ""Ndc80"", ""Zbed3"", ""Fgf13"", ""Kif2a"", ""Nek2"", ""Enkd1"", ""Rcc1"", ""Cep192"", ""Cep135"", ""Cdk5rap2"", ""Tuba8"", ""Poc1b"", ""Ccp110"", 
""Cdc42bpa"", ""Spag5"", ""Gas2l3"", ""Ssx2ip"", ""Gpsm2"", ""Mapre2"", ""Fam110a"", ""Dcaf13"", ""Haus2"", ""Cep76"", ""Nubp1"", ""Xpo1"", ""Psrc1"", ""Mid1"")"
"300","GOCC_PROTEASOME_COMPLEX","0.00376243115229515","0.0292661757969691","0.431707695803346","-0.589064775432671","-1.63312662877775","36","c(""Psma6"", ""Psmc3"", ""Psmc4"", ""Psmc6"", ""Psmb6"", ""Psmd3"", ""Psmd12"", ""Psmb7"", ""Txnl1"", ""Psmd13"", ""Psmc1"", ""Psma7"", ""Psmd6"", ""Psmc5"", ""Psma1"", ""Psmb5"", ""Uchl5"", ""Psmb4"", ""Psma2"", ""Rad23b"", ""Psmb3"", ""Psma3"", ""Psmc2"", ""Psme3"", ""Psmb2"", ""Psmd14"", ""Psmd2"", ""Psma5"", ""Psmd7"")"
"301","GOBP_POSITIVE_REGULATION_OF_CHROMOSOME_SEGREGATION","0.00376041811490908","0.0292661757969691","0.431707695803346","-0.666733896466592","-1.63262860409291","22","c(""Smc4"", ""Rcc2"", ""Hnrnpu"", ""Mad1l1"", ""Ncapd2"", ""Smc5"", ""Ccnb1"", ""Cdk1"", ""Cdca8"", ""Ncaph"", ""Cenpe"", ""Incenp"", ""Smc2"", ""Ncapd3"", ""Birc5"", ""Aurkb"", ""Ncapg2"", ""Ncapg"")"
"302","GOBP_NEGATIVE_REGULATION_OF_NUCLEAR_DIVISION","0.00494020954163348","0.035541208620195","0.407017918923954","-0.579231391972474","-1.63247919390991","38","c(""Bub3"", ""Rad21"", ""Mad1l1"", ""Fbxo5"", ""Ccnb1"", ""Spc24"", ""Cdca8"", ""Spc25"", ""Cdc20"", ""Plk1"", ""Cenpe"", ""Lcmt1"", ""Incenp"", ""Birc5"", ""Aurkb"", ""Mad2l1"", ""Bub1b"", ""Zwint"", ""Spdl1"", ""Nuf2"", ""Ndc80"", ""Bub1"", ""Cep192"", ""Ttk"", ""Cdk5rap2"", ""Anapc15"", ""Nme6"", ""Trip13"")"
"303","GOBP_NEGATIVE_REGULATION_OF_CALCIUM_ION_TRANSPORT","0.002922064459671","0.0242191770208313","0.431707695803346","-0.629212327751075","-1.63235671583576","27","c(""Ywhae"", ""Calm2"", ""Calm3"", ""Vdac1"", ""Akt1"", ""Trim27"")"
"304","MIR_713","0.00376794872358239","0.0292661757969691","0.431707695803346","-0.65140347843314","-1.63139463613348","24","c(""Kras"", ""Rdx"", ""Mdh1"", ""Serp1"", ""Mmd"", ""Uchl5"", ""Ctdspl2"", ""Rrbp1"", ""Nfatc1"", ""Nfat5"", ""Rad23b"", ""Ptgr1"", ""Zc3h4"", ""Sp4"", ""Atf5"", ""Mrpl1"", ""Acat2"")"
"305","GOCC_HISTONE_DEACETYLASE_COMPLEX","0.00401321357003479","0.0305546213792919","0.407017918923954","-0.665626243290938","-1.6299162982276","22","c(""Anp32e"", ""Rbbp4"", ""Hdac1"", ""Mbd3"", ""Cdk2ap1"", ""Brd8"", ""Cbx5"", ""Cfdp1"", ""Sap30"", ""Hdac2"", ""Ruvbl1"")"
"306","GOBP_REGULATION_OF_DENDRITIC_SPINE_DEVELOPMENT","0.00430567636977912","0.0320539850363582","0.407017918923954","-0.6242575814222","-1.62841297849332","28","c(""Marcks"", ""Caprin1"", ""Nr3c1"", ""Bhlhb9"", ""Palm"", ""Llph"", ""Hdac2"", ""Baiap2"", ""Fmr1"", ""Dtnbp1"", ""Tiam1"", ""Eef2k"")"
"307","GOBP_PEPTIDYL_LYSINE_ACETYLATION","0.005966045964084","0.0410307708744206","0.407017918923954","-0.593823622126665","-1.62804839086725","34","c(""Sox4"", ""Smo"", ""Smarca5"", ""Smarca4"", ""Dek"", ""Morf4l2"", ""Mbd3"", ""Actl6a"", ""Brd8"", ""Nfyb"", ""Smc5"", ""Hdac2"", ""Ruvbl1"", ""Baz1b"", ""Nfya"", ""Ddx21"", ""Hat1"", ""Msl3"", ""Kif3a"", ""Ruvbl2"", ""Taf5l"", ""Myo1c"", ""Sgf29"")"
"308","GOCC_METHYLTRANSFERASE_COMPLEX","0.00760231610092384","0.0489071048051637","0.407017918923954","-0.561890845069405","-1.62787603415216","43","c(""Ezh2"", ""Snrpe"", ""Mtf2"", ""Snrpd1"", ""Rbbp4"", ""Erh"", ""Clns1a"", ""Suz12"", ""Snrpd2"", ""Snrpb"", ""Prmt1"", ""Cbx5"", ""Hcfc1"", ""Hdac2"", ""Ruvbl1"", ""Taf1"", ""Mga"", ""Prmt5"", ""Wdr5"", ""Las1l"", ""Snrpf"", ""Ruvbl2"", ""Rbbp7"", ""Trim37"", ""Rbm15"", ""Dpy30"", ""Ash2l"", ""Paxip1"")"
"309","MCCLUNG_DELTA_FOSB_TARGETS_8WK","0.00274075973362363","0.0231820922125091","0.431707695803346","-0.69818859485504","-1.62769827709546","18","c(""Calm3"", ""Mxd4"", ""Rcc2"", ""Raly"", ""Psap"")"
"310","REACTOME_RNA_POLYMERASE_II_PRE_TRANSCRIPTION_EVENTS","0.0037862629129497","0.0293600548296784","0.431707695803346","-0.618479179265567","-1.62752383290179","29","c(""Gtf2h4"", ""Gtf2a2"", ""Supt16"", ""Polr2k"", ""Leo1"", ""Gtf2e2"", ""Ak6"", ""Ccnh"", ""Polr2c"", ""Polr2i"", ""Iws1"", ""Polr2d"", ""Taf1"", ""Taf15"", ""Ncbp1"", ""Taf3"", ""Polr2b"", ""Gtf2f2"", ""Nelfa"")"
"311","MIR_3065_5P","0.00185629792380504","0.0168613728078958","0.45505986738723","-0.48171832378259","-1.62719078741278","97","c(""Hmgb1"", ""Myb"", ""Arpp21"", ""Maz"", ""Srsf7"", ""Cxcr4"", ""Eif1ax"", ""Srsf10"", ""Ddx3x"", ""Scaf11"", ""Ssb"", ""Ewsr1"", ""U2af2"", ""Eif3j1"", ""Trps1"", ""Zfp704"", ""Klf13"", ""Klf10"", ""Nucks1"", ""Azin1"", ""Rab1a"", ""Cdk2"", ""Acsl3"", ""Slc35b4"", ""Lrrcc1"", ""Atp6v1a"", ""Cep83"", ""Atad2"", ""Hecw2"", ""Atxn1"", ""Jade1"", ""Yrdc"", ""Cxxc5"", ""Aak1"", ""Magohb"", ""Tomm70a"", ""Rif1"", ""Nr4a3"", ""Sp4"", ""Camkk2"", ""Fgf13"")"
"312","GOBP_RNA_DESTABILIZATION","0.00304980373770842","0.0250265855010533","0.431707695803346","-0.62712160439756","-1.62693278156661","27","c(""Ybx1"", ""Caprin1"", ""Dhx9"", ""Hnrnpd"", ""Hnrnpu"", ""Hnrnpr"", ""Syncrip"", ""Zc3h18"", ""Exosc3"", ""Khsrp"", ""Zfp36l1"", ""Rock2"")"
"313","LET_7A_2_3P","0.0047370661425708","0.0345530695778176","0.407017918923954","-0.511451672664478","-1.62651000468806","70","c(""Satb1"", ""Dynll1"", ""Hmgn1"", ""Anp32b"", ""Mrfap1"", ""Naa15"", ""Nr3c1"", ""Nfkbia"", ""Bcl6"", ""Hmgb2"", ""Itgb1"", ""Usp1"", ""Fli1"", ""Ctdspl2"", ""Snrpb2"", ""Cited2"", ""Bbc3"", ""Anks1"", ""Fmr1"", ""Dusp6"", ""Rreb1"", ""Osbpl1a"", ""Gmps"", ""Hivep1"", ""Pom121"", ""Esco2"", ""Memo1"", ""Psma5"")"
"314","GOBP_REGULATION_OF_NCRNA_TRANSCRIPTION","0.0078112406654873","0.0499176297837612","0.407017918923954","-0.565033840742208","-1.62587997275427","41","c(""Myb"", ""Ets1"", ""Ncl"", ""Gata3"", ""Ctcf"", ""Smarca4"", ""Nr3c1"", ""Larp7"", ""Nfatc3"", ""Egr1"", ""Srebf2"", ""Hdac2"")"
"315","REACTOME_COMPLEX_I_BIOGENESIS","0.00550696632300641","0.038562114482434","0.407017918923954","-0.644207121640506","-1.62584001448844","25","c(""Ndufs6"", ""Ndufb7"", ""Ndufc2"", ""Ndufb8"", ""Ndufb6"", ""Ndufa5"", ""Ndufc1"", ""Ndufs8"", ""Ndufb9"", ""Ndufaf2"", ""Ndufab1"", ""mt-Nd1"", ""Ndufa12"", ""Ndufv2"", ""Ndufb10"", ""Ndufb2"")"
"316","MIR_3058_3P","0.00550696632300641","0.038562114482434","0.407017918923954","-0.644149212847976","-1.6256938651695","25","c(""Srsf3"", ""Hsp90aa1"", ""Hnrnpa3"", ""Edaradd"", ""Nr3c1"", ""Blmh"", ""Cdk4"", ""Nfatc1"", ""Hspd1"", ""Brcc3"", ""Acsl3"")"
"317","GOBP_NUCLEOSIDE_TRIPHOSPHATE_BIOSYNTHETIC_PROCESS","0.00224595195721525","0.0198392422887347","0.431707695803346","-0.526139172044024","-1.62555221895312","63","c(""Atp5b"", ""Atp5h"", ""Atp5g3"", ""Atp5k"", ""Atp5j2"", ""Ndufs6"", ""Ndufb7"", ""Atp5a1"", ""Ndufc2"", ""Atp5j"", ""Ndufb8"", ""Ndufb6"", ""Atp5o"", ""Ndufa5"", ""Dtymk"", ""Atp5c1"", ""Uck2"", ""Ndufc1"", ""Parp1"", ""Ndufs8"", ""Ndufb9"", ""Ndufab1"", ""mt-Nd1"", ""Sdhb"", ""Atp5d"", ""Ndufa12"", ""Ndufv2"", ""Ndufb10"", ""Ndufb2"", ""Aldoa"")"
"318","TABULA_MURIS_SENIS_BROWN_ADIPOSE_TISSUE_MESENCHYMAL_STEM_CELL_OF_ADIPOSE_AGEING","2.4634282533946e-06","7.1156125099303e-05","0.627256739718528","-0.41594162563075","-1.62397723766973","373","c(""H3f3b"", ""Ptma"", ""Ywhae"", ""Prdx2"", ""Calm2"", ""Slc25a5"", ""Ube2s"", ""Ncl"", ""Lmo4"", ""Ybx1"", ""Maz"", ""Cbx3"", ""Pnn"", ""Ube2e3"", ""Atp5h"", ""Hmgn1"", ""Ptov1"", ""Arl6ip1"", ""Tubb5"", ""Sumo2"", ""Srsf7"", ""Srsf9"", ""Eif4h"", ""Ptms"", ""U2af1"", ""Brd3"", ""Ctcf"", ""Hibadh"", ""Ssna1"", ""Psmb6"", ""Hnrnpd"", ""Dgcr6"", ""Pin1"", ""Mlf2"", ""Smc3"", ""Gtf2a2"", ""Srsf2"", ""Hnrnpr"", ""Bub3"", ""Thoc7"", ""Hmgn2"", ""Swi5"", ""Nr3c1"", ""1110004F10Rik"", ""Plin2"", ""Bcl7c"", ""Xbp1"", ""Alyref"", ""Raly"", ""Eif5a"", ""Mtch1"", ""Psmd12"", ""Hdac1"", ""Fdps"", ""Tcf4"", ""Leo1"", 
""Tsc22d1"", ""Cycs"", ""Snrpc"", ""Agtrap"", ""Ddah2"", ""Ivns1abp"", ""Snrpb"", ""Sf3b2"", ""Cops3"", ""Sfr1"", ""Emc8"", ""Slbp"", ""Nt5c3b"", ""Dhrs3"", ""Bsg"", ""Psip1"", ""Mtx2"", ""Ctsz"", ""Clic4"", ""Pcmt1"", ""Lsm2"", ""Vdac2"", ""Polr2c"", ""Clic1"", ""Manf"", ""Srebf2"", ""Ormdl2"", ""Mpc1"", ""Park7"", ""Cnih4"", ""Psma1"", ""Sumo3"", ""Hras"", ""Ranbp1"", ""Bcl10"", ""Dynll2"", ""Phb2"", ""Eri1"", ""Cby1"", ""Pcna"", ""Mdh2"", ""Cfap20"", ""Hspa4"", ""Srek1"", ""Aldh2"", ""Cct3"", ""Drap1"", ""Cebpg"", ""Pebp1"", ""Ift57"", ""Pkig"", ""Snrpa"", ""Mrpl51"", ""Akap12"", ""Ptpn14"", ""Elof1"", 
""Cdc42ep3"", ""Eif3g"", ""Khsrp"", ""Txnl4a"", ""Ppp1r2"", ""Rnf7"", ""Lcmt1"", ""Psma2"", ""Sec13"", ""Hspd1"", ""Prdx1"", ""Atp5d"", ""Yif1b"", ""Pcnt"", ""Zfp36l1"", ""Nr4a1"", ""Smarcb1"", ""Sf3b4"", ""Usp11"", ""Mospd3"", ""Ndufa12"", ""Ndufv2"", ""Fundc2"", ""Igf1r"", ""Ncbp1"", ""Pa2g4"", ""Arl6ip4"", ""Cep83"", ""Dtnbp1"", ""Ndufb10"", ""Cdkn1c"", ""Mrpl41"", ""Tssc4"", ""Zwint"", ""Eif6"", ""Txnrd1"", ""Pim1"", ""Psma3"", ""Psmc2"", ""Cnbp"", ""Isoc1"")"
"319","MIR_194_5P","0.00677296171724978","0.0451221543214536","0.407017918923954","-0.590875254980331","-1.62380482417816","35","c(""Sumo2"", ""Hspa4l"", ""Caprin1"", ""Hibadh"", ""Pitpnm2"", ""Mex3a"", ""Cdk19"", ""Trps1"", ""Luc7l"", ""Trim59"", ""Dbf4"", ""Slk"", ""Fbxw7"", ""Nudc"", ""Nfat5"", ""Sdc4"", ""Tmed5"", ""Got2"")"
"320","GOBP_CYTOSKELETON_DEPENDENT_INTRACELLULAR_TRANSPORT","0.0029086039211563","0.0242118225540633","0.431707695803346","-0.547724689652008","-1.62348772376187","51","c(""Ap3s1"", ""Sfpq"", ""Dynll1"", ""Ssna1"", ""Hnrnpu"", ""Ubb"", ""Pcm1"", ""Hspb11"", ""Ccdc88a"", ""Tuba1a"", ""Nde1"", ""Ift57"", ""Fmr1"", ""Rab1a"", ""Actn4"", ""Dtnbp1"", ""Sod1"", ""Kif3a"", ""Rpgr"")"
"321","GOCC_MICROTUBULE_CYTOSKELETON","2.2370752568842e-07","8.73215118852703e-06","0.690132458796796","-0.410454437995499","-1.62284113221034","444","c(""Gapdh"", ""Ywhae"", ""Calm2"", ""Dynll1"", ""Lztfl1"", ""Marcks"", ""Stmn1"", ""Cbx1"", ""Slc25a5"", ""Cbx3"", ""Calm3"", ""Mns1"", ""Tubb5"", ""Smo"", ""Anapc5"", ""Rapsn"", ""Dhx9"", ""Ssna1"", ""Rcc2"", ""Ppp1r35"", ""Pin1"", ""Smc3"", ""Hnrnpu"", ""Tubb2a"", ""Nsmce1"", ""Tubb2b"", ""Ddx3x"", ""Mpp1"", ""Stag2"", ""Tcp1"", ""Eif3a"", ""Cct7"", ""Leo1"", ""Als2"", ""Dcun1d5"", ""Pcm1"", ""Ckap5"", ""Akt1"", ""Mad1l1"", ""Bcl2l11"", ""Tube1"", ""Fbxo5"", ""Sfr1"", ""Cdk6"", ""Slc16a1"", ""Mdh1"", ""Ak6"", ""Serp1"", ""C2cd5"", ""Clic4"", ""B9d2"", ""Mzt1"", ""Cct2"", ""Hspb11"", ""Smc1a"", ""Cdc16"", 
""Ccdc88a"", ""Tuba1a"", ""Ccnb1"", ""Taf1d"", ""Tfdp2"", ""Nudt21"", ""Nde1"", ""Psma1"", ""Cep57"", ""Psmb5"", ""Ranbp1"", ""Bcl10"", ""Ran"", ""Tubb4b"", ""Lyst"", ""Rilpl2"", ""Nup62"", ""Terf1"", ""Exoc4"", ""Dynll2"", ""Nusap1"", ""Cby1"", ""Top2a"", ""Pcna"", ""Cfap20"", ""Baiap2"", ""Nudc"", ""Cdk1"", ""Haus3"", ""Dynlt1f"", ""Kif11"", ""Reep3"", ""Reep4"", ""Cct3"", ""Cep70"", ""Ska2"", ""Ift57"", ""Ccne2"", ""Ccnb2"", ""Topors"", ""Psmb4"", ""Cdca8"", ""Azin1"", ""Aurka"", ""Cdc20"", ""Plk1"", ""Cenpe"", ""Prc1"", ""Cep295"", ""Incenp"", ""Cct8"", ""Fmr1"", ""Fkbp4"", ""Pcnt"", ""Tubg1"", ""Ect2"", 
""Cdk2"", ""Birc5"", ""Cep250"", ""Kif22"", ""Ahi1"", ""Rell1"", ""Mdm1"", ""Wdr5"", ""Tpx2"", ""Aurkb"", ""Sass6"", ""Lrrcc1"", ""Ccdc18"", ""Mad2l1"", ""Mphosph9"", ""Rock2"", ""Tex9"", ""Cep83"", ""Ccnf"", ""Dtnbp1"", ""Haus4"", ""Cenpf"", ""Dnaaf2"", ""Tiam1"", ""Prkar2b"", ""Odf2"", ""Plk4"", ""Bub1b"", ""Ppp2r3c"", ""Hecw2"", ""Tacc3"", ""Kif15"", ""Gtf2f2"", ""Kif20a"", ""Kif23"", ""Ckap2l"", ""Sclt1"", ""Jade1"", ""Tuba1b"", ""Naa40"", ""Kif3a"", ""Rgcc"", ""Rpgr"", ""Ckap2"", ""Cdc27"", ""Kif2c"", ""Ccdc61"", ""Ccdc50"", ""Wrn"", ""Ruvbl2"", ""Kif20b"", ""Rif1"", ""Cntrob"", ""Kif4"", ""Kifap3"", 
""Knstrn"", ""Gpr174"", ""Ska1"", ""Polr3h"", ""Spdl1"", ""Alms1"", ""Cep290"", ""Mast2"", ""Dlgap5"", ""Aunip"", ""Map7"", ""Kif18a"", ""Atf5"", ""Cdc6"", ""Poc1a"", ""Nme1"", ""Uxt"", ""Lrp8"", ""Ndc80"", ""Hmmr"", ""Ddx11"", ""Rragd"", ""Fgf13"", ""Sgf29"", ""Kif2a"", ""Nek2"", ""Ndrg1"", ""Ercc6l2"", ""Enkd1"", ""Orc2"", ""Plekha7"", ""Cep192"", ""Rabl6"", ""Cep135"", ""Cdk5rap2"", ""Tuba8"", ""Poc1b"", ""Ccdc15"", ""Ccp110"", ""Cdc7"", ""Cenpv"", ""Spag5"", ""Rad18"", ""Gas2l3"", ""Cetn3"", ""Ssx2ip"", ""Gpsm2"", ""Mapre2"", ""Fam110a"", ""Dcaf13"", ""Haus2"", ""Nsl1"", ""Cep76"", ""Psrc1"", ""Ccdc181"", 
""Gem"", ""Mid1"", ""Ankrd26"", ""Ift80"", ""Gtse1"", ""Haus6"", ""Apex1"", ""Ccdc173"", ""Dtl"", ""Cdc45"", ""Arhgap18"", ""Dync2h1"", ""Cep72"", ""Stil"", ""Dynlt1a"", ""Hook1"", ""Cchcr1"", ""Brca2"", ""Bex6"")"
"322","GOMF_METHYLATION_DEPENDENT_PROTEIN_BINDING","0.00523113821711991","0.0372060992437424","0.407017918923954","-0.629732215783248","-1.62095254018545","26","c(""Cbx1"", ""Cbx3"", ""Mtf2"", ""Rag2"", ""Suz12"", ""Msh6"", ""Cbx5"", ""Uhrf1"", ""Taf1"", ""Fmr1"", ""Ncapd3"", ""Wdr5"", ""Ncapg2"", ""Msl3"", ""Cbx2"")"
"323","GOBP_DNA_REPAIR","2.60271052121327e-05","0.000561039503024218","0.575610261071129","-0.436717410147339","-1.61989619348772","227","c(""Hmgb1"", ""Dntt"", ""Sfpq"", ""Xrcc6"", ""Hmgn1"", ""Smarca5"", ""Trim28"", ""Lig4"", ""Smc4"", ""Smarcc1"", ""Smarca4"", ""Dhx9"", ""Gtf2h4"", ""Dek"", ""Smc3"", ""Nsmce1"", ""Swi5"", ""Mcm7"", ""Supt16"", ""Rad21"", ""Bcl7c"", ""Ube2a"", ""Morf4l2"", ""Msh6"", ""Asf1a"", ""Ube2n"", ""Actl6a"", ""Brd8"", ""Tdg"", ""Sfr1"", ""Bcl7a"", ""Ddx1"", ""Rrm1"", ""Pds5b"", ""Pds5a"", ""Smc1a"", ""Polr2i"", ""Uhrf1"", ""Parp1"", ""Smc5"", ""Usp1"", ""Rfc1"", ""Lig1"", ""Park7"", ""Ruvbl1"", ""Eny2"", ""Cdkn2d"", ""Uchl5"", ""Fbxw7"", ""Ddb1"", ""Pcna"", ""Nucks1"", ""Hmga1"", ""Cebpg"", ""Sf3b3"", ""Inip"", ""Nsmce2"", 
""Clspn"", ""Rfc4"", ""Rpa3"", ""Fmr1"", ""Brcc3"", ""Smc2"", ""Cdk2"", ""Suv39h1"", ""Smarcb1"", ""Kif22"", ""Rad23b"", ""Rbbp8"", ""Rmi2"", ""Prpf19"", ""Rhno1"", ""Rfc3"", ""Sf3b5"", ""Nsmce4a"", ""Msh2"", ""Xrcc1"", ""Wrn"", ""Ruvbl2"", ""Esco2"", ""Topbp1"", ""Rif1"", ""Psmd14"", ""Etaa1"", ""Neil3"", ""Rnaseh2b"", ""Rfwd3"", ""Taf5l"", ""Pola1"", ""Mcm2"", ""Aunip"", ""Recql"", ""Exo1"", ""Ddx11"", ""Usp10"", ""Sgf29"", ""Mcm6"", ""Foxm1"", ""Ercc6l2"", ""Rad51ap1"", ""Rnf168"", ""Dna2"", ""Rev1"", ""Cdca5"", ""Gins2"", ""Commd1"", ""Fen1"", ""Chaf1a"", ""Paxip1"", ""Taf5"", ""Fignl1"", ""Cdc7"", ""Tdp2"", 
""Rad18"", ""Ube2t"", ""Fancm"", ""Terf2ip"", ""Pnp"", ""Blm"", ""Stub1"", ""Rpa1"", ""Fzr1"", ""Trip13"", ""Apex1"", ""Dtl"", ""Pif1"", ""Cdc45"", ""Fh1"", ""Rad50"", ""Brca2"", ""Spidr"", ""Mre11a"", ""Mbd4"", ""Babam1"")"
"324","GOCC_PEPTIDASE_COMPLEX","0.00364646580856002","0.0286997724469363","0.431707695803346","-0.538568043954314","-1.61878746165509","53","c(""Psma6"", ""Psmc3"", ""Psmc4"", ""Psmc6"", ""Psmb6"", ""Psmd3"", ""Psmd12"", ""Psmb7"", ""Txnl1"", ""Psmd13"", ""Psmc1"", ""Psma7"", ""Psmd6"", ""Psmc5"", ""Psma1"", ""Eny2"", ""Psmb5"", ""Uchl5"", ""Sf3b3"", ""Psmb4"", ""Psma2"", ""Rad23b"", ""Psmb3"", ""Psma3"", ""Psmc2"", ""Psme3"", ""Sf3b5"", ""Psmb2"", ""Psmd14"", ""Taf5l"", ""Psmd2"", ""Psma5"", ""Psmd7"", ""Sgf29"", ""Psmd1"")"
"325","GOBP_REGULATION_OF_DNA_TEMPLATED_TRANSCRIPTION_ELONGATION","0.00285548768360798","0.0239421659625593","0.431707695803346","-0.669468698883908","-1.61835641589271","21","c(""Ezh2"", ""Ikzf1"", ""Ddx39b"", ""Hnrnpu"", ""Alyref"", ""Leo1"", ""Med7"", ""Med14"", ""Parp1"", ""Med19"", ""Ncbp1"", ""Med30"", ""Nelfa"", ""Wdr43"", ""Zc3h4"", ""Gtf2f1"", ""Med29"", ""Rnf168"")"
"326","GOCC_PERICENTRIC_HETEROCHROMATIN","0.0032460164857445","0.026190275472271","0.431707695803346","-0.703199714052459","-1.61814968084885","17","c(""Cbx1"", ""Cbx3"", ""Ezh2"", ""Smarca5"", ""Ikzf1"", ""Cbx5"", ""Baz1b"", ""Dnmt1"", ""Incenp"", ""Ncapd3"", ""Pole3"", ""Cenpb"", ""Esco2"", ""Cenpc1"", ""Cenpa"")"
"327","chr4D2","0.00250824850119189","0.0216270919274411","0.431707695803346","-0.523636886126224","-1.61782119141846","63","c(""Sfpq"", ""Marcksl1"", ""Atpif1"", ""Ybx1"", ""Hivep3"", ""Ppt1"", ""Rbbp4"", ""Ptprf"", ""Thrap3"", ""Hdac1"", ""Sf3a3"", ""Scmh1"", ""Nudc"", ""Cdca8"", ""Clspn"", ""Cdc20"")"
"328","MIR_8094","0.00720983351299155","0.0470635120955392","0.407017918923954","-0.610211575496681","-1.61717211360112","30","c(""Hmgb1"", ""Nr3c1"", ""Ikzf2"", ""Hmgb2"", ""Nt5c2"", ""P2ry10"", ""Ypel2"", ""Nfat5"", ""Dusp6"", ""Zwint"", ""Hecw2"", ""Cdc27"", ""Larp4"", ""Gpr174"", ""Zdhhc21"", ""Map7"", ""Zeb2"")"
"329","GOBP_NEGATIVE_REGULATION_OF_RNA_CATABOLIC_PROCESS","0.00475889732793127","0.0346685370283215","0.407017918923954","-0.619943968177325","-1.61716066213994","28","c(""Hnrnpab"", ""Ybx1"", ""Hnrnpc"", ""Srsf1"", ""Dhx9"", ""Hnrnpd"", ""Hnrnpu"", ""Thrap3"", ""Ptbp1"", ""Syncrip"")"
"330","MIR_12205_3P","0.00343396580277556","0.0274384791737682","0.431707695803346","-0.623349181317766","-1.617146037287","27","c(""Srsf3"", ""Tcf12"", ""Smc3"", ""Lbr"", ""Ikzf2"", ""Jup"", ""Gspt1"", ""Mdh1"", ""Myef2"", ""Stip1"", ""Fbxw7"", ""Cdc42ep3"", ""Rab1a"", ""Prkar2b"")"
"331","GOBP_EPIGENETIC_REGULATION_OF_GENE_EXPRESSION","0.00257631354050693","0.0220821414295379","0.431707695803346","-0.497691055885888","-1.61583805012216","79","c(""H3f3a"", ""Hmgb1"", ""H3f3b"", ""Cbx3"", ""Ezh2"", ""Lmnb1"", ""Mtf2"", ""Smarca5"", ""Ctcf"", ""Trim28"", ""Smarca4"", ""Hnrnpu"", ""Nr3c1"", ""Bcl6"", ""Hdac1"", ""Mbd3"", ""Kcnq1ot1"", ""Suz12"", ""Tdg"", ""H1f0"", ""Trim27"", ""Hcfc1"", ""Uhrf1"", ""Hdac2"", ""Ddb1"", ""Morc1"", ""Dnmt1"", ""a"", ""Cdk2"", ""Suv39h1"", ""Smarcb1"", ""Pole3"", ""Wdr5"", ""Hat1"", ""Cdkn1c"", ""Msl3"")"
"332","KAMMINGA_EZH2_TARGETS","0.00480086291283366","0.0349220892530263","0.407017918923954","-0.577257400272474","-1.61504488158097","37","c(""Dntt"", ""Cdca7"", ""Smc4"", ""Nap1l1"", ""Rrm1"", ""Rfc1"", ""Mki67"", ""Dbf4"", ""Nusap1"", ""Top2a"", ""Pcna"", ""Ccnb2"", ""Aurka"", ""Rpa3"", ""Prc1"", ""Smc2"", ""Ect2"", ""Aurkb"", ""Mad2l1"", ""Hat1"", ""Tacc3"", ""Kpna2"", ""Topbp1"", ""Gmnn"", ""Mcm2"", ""Nek2"", ""Cdca5"")"
"333","GOBP_NUCLEOSOME_ORGANIZATION","0.00521211895789927","0.0371733471849186","0.407017918923954","-0.618555142524088","-1.61353782793512","28","c(""Anp32b"", ""Smarca5"", ""Smarcc1"", ""Smarca4"", ""Rbbp4"", ""Supt16"", ""Asf1a"", ""Nap1l1"", ""Nasp"", ""H1f0"", ""Cebpg"", ""Padi4"", ""Set"", ""Smarcb1"", ""Pole3"", ""Hat1"")"
"334","GOBP_MEIOTIC_CELL_CYCLE_PROCESS","0.00237157651373187","0.0206677713985923","0.431707695803346","-0.48756505678264","-1.61245757388745","89","c(""Smc4"", ""Mcm7"", ""Ubb"", ""Bcl2l11"", ""Cks2"", ""Fbxo5"", ""Psmd13"", ""Ncapd2"", ""Tdrkh"", ""Terf1"", ""Ddb1"", ""Top2a"", ""Cdc25a"", ""Ccne2"", ""Ccnb2"", ""Psmc3ip"", ""Ncaph"", ""Aurka"", ""Cdc20"", ""Plk1"", ""Cenpe"", ""Incenp"", ""Smc2"", ""Tubg1"", ""Ncapd3"", ""Birc5"", ""Syce2"", ""Ehmt2"", ""Topbp1"", ""Cenpc1"", ""Mcm2"", ""Kif18a"", ""Nuf2"", ""Ndc80"", ""Ing2"", ""Mcm6"", ""Rad51ap1"", ""Ncaph2"", ""Ttk"", ""Fignl1"", ""Fancm"", ""Dcaf13"", ""Suv39h2"", ""Cdc25c"", ""Fzr1"", ""Trip13"", ""Rad50"", ""Brca2"", ""Aspm"", ""Mre11a"", ""Rad51"", ""Ndc1"", ""Mnd1"", ""Stra8"", ""Mastl"", 
""Espl1"", ""Rad54l"")"
"335","MONNIER_POSTRADIATION_TUMOR_ESCAPE_UP","0.000290913879327413","0.00401100114767176","0.49849310876659","-0.445306474954498","-1.61106449215012","165","c(""Sfpq"", ""Marcksl1"", ""Ets1"", ""Pnn"", ""Mtf2"", ""Hspa4l"", ""Smarcc1"", ""Smarca4"", ""Dhx9"", ""Ccar1"", ""Naa15"", ""Ddx3x"", ""Dap"", ""Ube2l3"", ""Lrrc59"", ""Ddx46"", ""Gspt1"", ""Kcnq1ot1"", ""Syncrip"", ""Pdap1"", ""Tsc22d1"", ""Cdk2ap1"", ""Camk2d"", ""Mtdh"", ""Cdk6"", ""Mmd"", ""Strap"", ""Tfrc"", ""Tfdp2"", ""Zc3h18"", ""Sumo3"", ""Dynll2"", ""Hspa4"", ""Eif4g1"", ""Srek1"", ""Hmga1"", ""Bms1"", ""Atp2b1"", ""Nop56"", ""Gng12"", ""Fkbp4"", ""Slc35b4"", ""Pcyt1a"", ""Rad23b"", ""Ncbp1"", ""Pa2g4"", ""Mafg"", ""Nmt2"", ""Prkar2b"", ""Nrp1"", ""Atp2a2"", ""Etf1"", ""Txnrd1"", ""Naa16"", 
""Ablim1"", ""Asrgl1"", ""Thoc3"", ""Mybl2"", ""Mrpl15"", ""Nolc1"", ""Gmps"", ""Gsr"", ""Ppm1l"", ""Kpnb1"", ""Pdcd11"")"
"336","GOBP_SISTER_CHROMATID_COHESION","0.00375488824273809","0.0292661757969691","0.431707695803346","-0.62074685087437","-1.61039484792095","27","c(""Sfpq"", ""Smc3"", ""Stag2"", ""Rad21"", ""Pds5b"", ""Pds5a"", ""Smc1a"", ""Smc5"", ""Fbxw7"", ""Phb2"", ""Nsmce2"", ""Naa50"", ""Cdc20"", ""Kif22"", ""Bub1b"", ""Esco2"", ""Ddx11"", ""Cdca5"", ""Bub1"", ""Fen1"")"
"337","MIR_7089_3P","0.005423693079298","0.0383040035685875","0.407017918923954","-0.625515210709767","-1.61009782303027","26","c(""Srsf3"", ""Camk4"", ""Lmnb1"", ""Eif3j1"", ""Cdk6"", ""Slc16a1"", ""Ndufa4"", ""Hmgcr"", ""Cited2"", ""Mrps17"")"
"338","GOBP_REGULATION_OF_ALTERNATIVE_MRNA_SPLICING_VIA_SPLICEOSOME","0.00343149768624045","0.0274384791737682","0.431707695803346","-0.718880524804123","-1.6100091470288","15","c(""Srsf6"", ""Hnrnpu"", ""Srsf2"", ""Magoh"", ""Thrap3"", ""Rbm8a"", ""Ptbp1"", ""Rnps1"")"
"339","GOBP_TRANSCRIPTION_INITIATION_AT_RNA_POLYMERASE_II_PROMOTER","0.00759954397135002","0.0489071048051637","0.407017918923954","-0.607502754771889","-1.60999324398805","30","c(""Hmgb1"", ""Maz"", ""Psmc6"", ""Ikzf1"", ""Gtf2a2"", ""Nfkbia"", ""Gtf2e2"", ""Ccnh"", ""Polr2i"", ""Med7"", ""Med14"", ""Polr2d"", ""Taf1"", ""Med19"", ""Med30"", ""Taf3"", ""Gtf2f2"")"
"340","GOCC_MYELIN_SHEATH","0.00236719282331832","0.0206677713985923","0.431707695803346","-0.47649389340853","-1.60954324411944","97","c(""Gapdh"", ""Prdx2"", ""Calm2"", ""Anxa2"", ""Slc25a5"", ""Atp5b"", ""Thy1"", ""Hsp90aa1"", ""Calm3"", ""Atp5h"", ""Vdac1"", ""Cox6a1"", ""Rdx"", ""Ubb"", ""Tcp1"", ""Atp5a1"", ""Atp5o"", ""Cycs"", ""Itgb1"", ""Aco2"", ""Mdh1"", ""Atp5c1"", ""Stip1"", ""Immt"", ""Cct2"", ""Vdac2"", ""Tuba1a"", ""Tubb4b"", ""Exoc4"", ""Glul"", ""Mdh2"", ""Cct3"", ""Cox5a"", ""Pebp1"", ""Tspan2"", ""Dld"", ""Cox5b"", ""Uqcrfs1"", ""Hspd1"", ""Prdx1"", ""Gdi2"", ""Canx"", ""Ndufv2"", ""Atp6v1a"", ""Aldoa"", ""Tuba1b"", ""Sod1"", ""Got2"", ""Slc25a3"", ""Phgdh"", ""Hspa9"", ""Dlat"", ""Idh3a"", ""Ndufs1"")"
"341","GOBP_NEGATIVE_REGULATION_OF_CALCIUM_ION_TRANSMEMBRANE_TRANSPORT","0.00317100813404105","0.0258376784067068","0.431707695803346","-0.665712473487786","-1.60927621321932","21","c(""Ywhae"", ""Calm2"", ""Calm3"", ""Vdac1"", ""Akt1"")"
"342","GOBP_MICROTUBULE_ORGANIZING_CENTER_ORGANIZATION","0.00573084144837256","0.0398094379107722","0.407017918923954","-0.505985085574778","-1.60912525639586","70","c(""Ppp1r35"", ""Pcm1"", ""Ckap5"", ""Slc16a1"", ""Tuba1a"", ""Nde1"", ""Ranbp1"", ""Nup62"", ""Haus3"", ""Kif11"", ""Azin1"", ""Aurka"", ""Plk1"", ""Cep295"", ""Cdk2"", ""Cep250"", ""Mdm1"", ""Sass6"", ""Rock2"", ""Ccnf"", ""Haus4"", ""Odf2"", ""Plk4"", ""Kif3a"", ""Ccdc61"", ""Cntrob"", ""Rbm14"", ""Alms1"", ""Atf5"", ""Poc1a"", ""Trim37"", ""Uxt"", ""Ndc80"", ""Nek2"", ""Cep192"", ""Cep135"", ""Cdk5rap2"", ""Poc1b"", ""Ccp110"", ""Ssx2ip"", ""Haus2"", ""Cep76"", ""Nubp1"", ""Xpo1"", ""Haus6"", ""Cep72"", ""Stil"", ""Brca2"")"
"343","GOBP_MIRNA_TRANSCRIPTION","0.00701120666611109","0.04628998961157","0.407017918923954","-0.586864947397665","-1.6089702357165","34","c(""Myb"", ""Ets1"", ""Gata3"", ""Ctcf"", ""Smarca4"", ""Nr3c1"", ""Nfatc3"", ""Egr1"", ""Srebf2"", ""Hdac2"")"
"344","REACTOME_MITOTIC_G2_G2_M_PHASES","0.000946977835368303","0.010149463954493","0.477270815362862","-0.468150658789901","-1.60880769773809","108","c(""Ywhae"", ""Dynll1"", ""Psma6"", ""Hsp90aa1"", ""Tubb5"", ""Psmc3"", ""Psmc4"", ""Psmc6"", ""Ssna1"", ""Psmb6"", ""Tubb2a"", ""Tubb2b"", ""Hsp90ab1"", ""Ubb"", ""Psmd3"", ""Psmd12"", ""Pcm1"", ""Psmb7"", ""Ckap5"", ""Ccna2"", ""Psmd13"", ""Psmc1"", ""Psma7"", ""Ccnh"", ""Phlda1"", ""Mzt1"", ""Psmd6"", ""Psmc5"", ""Tuba1a"", ""Ccnb1"", ""Nde1"", ""Psma1"", ""Cep57"", ""Psmb5"", ""Tubb4b"", ""Cdk1"", ""Cdc25a"", ""Haus3"", ""Cep70"", ""Ccnb2"", ""Psmb4"", ""Aurka"", ""Plk1"", ""Lcmt1"", ""Psma2"", ""Tubg1"", ""Cdk2"", ""Cep250"", ""Tpx2"", ""Haus4"", ""Prkar2b"", ""Odf2"", ""Plk4"", ""Psmb3"", ""Psma3"", 
""Psmc2"", ""Psme3"", ""Tuba1b"", ""Psmb2"", ""Psmd14"", ""Alms1"", ""Cep290"", ""Psmd2"", ""Psma5"", ""Psmd7"", ""Hmmr"", ""Cul1"", ""Nek2"", ""Psmd1"", ""Foxm1"")"
"345","GOBP_BLOOD_VESSEL_ENDOTHELIAL_CELL_MIGRATION","0.00423352931099501","0.0318987026801193","0.407017918923954","-0.548010153287734","-1.6080346968412","45","c(""Hmgb1"", ""Ets1"", ""Atp5b"", ""Cxcr4"", ""Jup"", ""Atp5a1"", ""Itgb1"", ""Akt1"", ""Stat5a"", ""Fbxw7"", ""Spred1"", ""Notch1"", ""Nr4a1"", ""Nrp1"")"
"346","GOBP_SYNAPTIC_SIGNALING","0.000495273643699331","0.00611366632404067","0.477270815362862","-0.438824189854423","-1.60762646642629","187","c(""Cd24a"", ""Camk4"", ""Ly6e"", ""Ezh2"", ""Kras"", ""Vdac1"", ""Dbi"", ""Rapsn"", ""Nedd4"", ""Ppt1"", ""Slc29a1"", ""Eif4a3"", ""Tubb2b"", ""Nr3c1"", ""Xbp1"", ""Slc38a1"", ""Als2"", ""Eif4e"", ""Itgb1"", ""Ckap5"", ""Dgke"", ""Mapk1"", ""Fabp5"", ""Srgn"", ""Pak1"", ""Slc7a11"", ""Psmc5"", ""Egr1"", ""Vdac3"", ""Hmgcr"", ""P2rx7"", ""P2rx1"", ""Park7"", ""Hras"", ""Ptger4"", ""Exoc4"", ""Glul"", ""Baiap2"", ""Vps35"", ""Akap12"", ""Etv5"", ""Cdc20"", ""Nrgn"", ""Fmr1"", ""Nr4a1"", ""Igf1r"", ""Dtnbp1"", ""Prkar2b"", ""Atp2a2"", ""Atxn1"", ""Kpna2"")"
"347","GOBP_REGULATION_OF_TRANS_SYNAPTIC_SIGNALING","0.000492340503964239","0.0061035431145953","0.477270815362862","-0.457474423846027","-1.60755115214599","139","c(""Camk4"", ""Kras"", ""Dbi"", ""Rapsn"", ""Nedd4"", ""Eif4a3"", ""Tubb2b"", ""Nr3c1"", ""Slc38a1"", ""Eif4e"", ""Itgb1"", ""Ckap5"", ""Dgke"", ""Mapk1"", ""Fabp5"", ""Srgn"", ""Pak1"", ""Slc7a11"", ""Psmc5"", ""Egr1"", ""Hmgcr"", ""P2rx7"", ""P2rx1"", ""Hras"", ""Ptger4"", ""Glul"", ""Baiap2"", ""Vps35"", ""Akap12"", ""Cdc20"", ""Nrgn"", ""Fmr1"", ""Igf1r"", ""Dtnbp1"", ""Prkar2b"", ""Atp2a2"")"
"348","GOBP_METAPHASE_CHROMOSOME_ALIGNMENT","0.0037690903224762","0.0292661757969691","0.431707695803346","-0.548665872483803","-1.60727457924827","47","c(""Rcc2"", ""Hnrnpu"", ""Bub3"", ""Mad1l1"", ""Ccnb1"", ""Nup62"", ""Nudc"", ""Spc24"", ""Cdca8"", ""Spc25"", ""Cenpe"", ""Incenp"", ""Cenpq"", ""Ect2"", ""Birc5"", ""Kif22"", ""Aurkb"", ""Cenpf"", ""Seh1l"", ""Kpnb1"", ""Kif2c"", ""Cenpc1"", ""Knstrn"", ""Spdl1"", ""Kif18a"", ""Nuf2"", ""Ndc80"", ""Nek2"", ""Cdca5"", ""Spag5"", ""Nsl1"", ""Psrc1"", ""Gem"")"
"349","ID2_TARGET_GENES","1.10477828215741e-05","0.000264825897760304","0.593325476396405","-0.416303445867795","-1.60725583178693","330","c(""H3f3b"", ""Ptma"", ""Sfpq"", ""Cux1"", ""Dynll1"", ""Cbx1"", ""Ube2s"", ""Hsp90aa1"", ""Atp5h"", ""Cox7a2"", ""Kras"", ""Lmnb1"", ""Pcbp1"", ""Pdcd5"", ""Ctcf"", ""Srsf1"", ""Lig4"", ""Smarcc1"", ""Hibadh"", ""Smarca4"", ""Ccar1"", ""Srsf2"", ""Ndufs6"", ""Srrm1"", ""Hjurp"", ""Eif2s2"", ""Rad21"", ""Jup"", ""Lrrc59"", ""Psmd3"", ""Alyref"", ""Rrm2"", ""Eif3a"", ""Psap"", ""Mbd3"", ""Ndufb6"", ""Ube2n"", ""Rnf157"", ""Tsc22d1"", ""Timm8b"", ""Polr2j"", ""Hdgf"", ""Sae1"", ""Akt1"", ""Gmcl1"", ""Mif4gd"", ""Mad1l1"", ""Ccna2"", ""Cks2"", ""Runx1"", ""Pbk"", ""Fbxo5"", ""Slc16a1"", ""Atp5c1"", ""Nfyb"", 
""Pds5b"", ""Pcmt1"", ""Cdkn2aipnl"", ""Polr2c"", ""Vdac3"", ""Rfc1"", ""Mrpl20"", ""Trim59"", ""Park7"", ""Srp68"", ""Dbf4"", ""Ranbp1"", ""Zbed4"", ""Slk"", ""Uchl5"", ""Ctdspl2"", ""Ddb1"", ""Zbtb38"", ""Raf1"", ""Eri1"", ""Vps36"", ""Cct3"", ""Hmga1"", ""Pitpnb"", ""Mga"", ""Ptpn14"", ""Mrpl49"", ""Cited2"", ""Bbc3"", ""Ncaph"", ""Tomm20"", ""Cdc42ep3"", ""Naa50"", ""Nfat5"", ""Cox5b"", ""Azin1"", ""Txnl4a"", ""Dnmt1"", ""Ranbp2"", ""Eftud2"", ""Psma2"", ""Cep295"", ""G2e3"", ""Atp5d"", ""Tex30"", ""Yif1b"", ""Tubg1"", ""Actn4"", ""Set"", ""Pop7"", ""Itpa"", ""Birc5"", ""Hdlbp"", ""Pcyt1a"", ""Rad23b"", 
""Golga3"", ""Rbbp8"", ""Pa2g4"", ""Mafg"", ""Atp6v1a"", ""Mphosph9"", ""Rock2"", ""Arl6ip4"", ""Hat1"", ""Ndufb10"", ""Xpo7"", ""Gars"", ""Pgls"", ""Eef2k"", ""Tnpo1"", ""Sdc4"", ""Kif23"", ""Adss"", ""Pou2f1"", ""Laptm4b"", ""Cdc34"", ""Insig1"", ""Dazap1"", ""Got2"", ""Ube2f"", ""Mrpl12"", ""Chuk"", ""Nup54"", ""Epb41l2"", ""Kif20b"", ""Creld2"", ""Lcorl"", ""Wdr43"", ""Kifap3"", ""Cisd1"", ""Nudt1"", ""Get4"", ""Plod2"", ""Memo1"", ""Mgat4a"", ""Sdhd"", ""Nme1"", ""Mycbp"", ""Gtf2f1"", ""Mrps18a"", ""Faf1"", ""Atf6"", ""Nup50"", ""Rap2a"", ""Usp10"", ""Hes1"", ""Cnih1"", ""Pdik1l"", ""Nup107"", ""Rnf126"", 
""Rad51ap1"", ""Rcc1"", ""Dna2"", ""Klf3"")"
"350","GOBP_MULTICELLULAR_ORGANISMAL_RESPONSE_TO_STRESS","0.00714225347797151","0.0467557893982553","0.407017918923954","-0.586028749941986","-1.60667768642839","34","c(""Vdac1"", ""Rag1"", ""Dbi"", ""Als2"", ""Eif4e"", ""Akt1"", ""Runx1"", ""Comt"", ""Vdac3"", ""Eif4g1"", ""Morc1"")"
"351","GOBP_REGULATION_OF_B_CELL_DIFFERENTIATION","0.0055713745558961","0.0389187796969913","0.407017918923954","-0.641454189592969","-1.60647733528295","24","c(""Cd27"", ""Cd24a"", ""Hmgb3"", ""Xbp1"", ""Bcl6"", ""Stat5b"", ""Ikzf3"", ""Stat5a"")"
"352","REACTOME_ANCHORING_OF_THE_BASAL_BODY_TO_THE_PLASMA_MEMBRANE","0.00414769515351038","0.0314039775908643","0.407017918923954","-0.541780829668356","-1.60586977829122","51","c(""Ywhae"", ""Dynll1"", ""Hsp90aa1"", ""Tubb5"", ""Ssna1"", ""Pcm1"", ""Ckap5"", ""B9d2"", ""Tuba1a"", ""Nde1"", ""Cep57"", ""Tubb4b"", ""Cdk1"", ""Haus3"", ""Cep70"", ""Plk1"", ""Tubg1"", ""Cep250"", ""Ahi1"", ""Cep83"", ""Haus4"", ""Prkar2b"", ""Odf2"", ""Plk4"", ""Sclt1"", ""Alms1"", ""Cep290"", ""Nek2"", ""Nphp1"", ""Cep192"", ""Cep135"", ""Cdk5rap2"", ""Ccp110"", ""Haus2"", ""Cep76"", ""Haus6"", ""Tmem216"", ""Cep72"")"
"353","GOCC_MITOCHONDRIAL_LARGE_RIBOSOMAL_SUBUNIT","0.00545403206860042","0.0384712371920691","0.407017918923954","-0.573775084832517","-1.60530209487144","37","c(""Mrpl18"", ""Mrpl20"", ""Mrpl13"", ""Mrpl51"", ""Mrpl50"", ""Mrpl49"", ""Mrpl21"", ""Mrpl34"", ""Mrpl3"", ""Mrpl46"", ""Mrpl41"", ""Mrpl35"", ""Mrpl15"", ""Mrpl28"", ""Mrpl36"", ""Mrpl57"", ""Mrpl12"", ""Mrpl38"", ""Mrpl45"", ""Mrpl54"", ""Mrpl27"", ""Gadd45gip1"", ""Mrpl14"", ""Mrpl1"", ""Mrps18a"", ""Mrpl40"", ""Mrpl2"", ""Mrpl19"", ""Mrpl4"", ""Mrpl47"", ""Mrpl11"")"
"354","MIR_384_3P","0.00413999604483441","0.0313868204081475","0.407017918923954","-0.618427590759752","-1.60437802393818","27","c(""Hdgf"", ""Cdk6"", ""Mzt1"", ""Ppm1e"", ""Dars"", ""Nfat5"", ""Cenpq"", ""Cstf2"", ""Jade1"", ""Ppm1l"", ""Slc25a3"", ""Aak1"", ""Lcorl"", ""Sdhc"", ""Sp4"", ""Zdhhc21"", ""Sytl2"", ""Paxip1"", ""Hira"")"
"355","GOMF_ATP_HYDROLYSIS_ACTIVITY","0.00166307291393852","0.0154860188144711","0.45505986738723","-0.463797215451043","-1.60421205769452","116","c(""Atp5b"", ""Xrcc6"", ""Hsp90aa1"", ""Psmc3"", ""Smarca5"", ""Smc4"", ""Psmc4"", ""Smarca4"", ""Dhx9"", ""Psmc6"", ""Ddx39b"", ""Smc3"", ""Hsp90ab1"", ""Ddx3x"", ""Tcp1"", ""Atp5a1"", ""Atp5j"", ""Cct7"", ""Atp5o"", ""Psmc1"", ""Atp5c1"", ""Hspa14"", ""Cct2"", ""Smc1a"", ""Psmc5"", ""Smc5"", ""Rfc1"", ""Ruvbl1"", ""Abcf2"", ""Cct3"", ""Atp2b1"", ""Rfc4"", ""Atp5d"", ""Cct8"", ""Smc2"", ""Kif22"", ""Pex6"", ""Hsp90b1"", ""Atp2a2"", ""Atad5"", ""Psmc2"", ""Atad2"", ""Kif15"", ""Kif20a"", ""Kif23"", ""Kif3a"", ""Atp13a2"", ""Msh2"", ""Kif2c"", ""Hspa9"", ""Wrn"", ""Ruvbl2"", ""Kif20b"")"
"356","GRAESSMANN_RESPONSE_TO_MC_AND_DOXORUBICIN_DN","1.04387169771004e-05","0.000254449231969235","0.593325476396405","-0.41863071022967","-1.60416864447726","304","c(""Marcksl1"", ""Cbx1"", ""Ube2s"", ""St13"", ""Cbx3"", ""Pnn"", ""Cdca7"", ""Tubb5"", ""Eif4a1"", ""Hivep3"", ""Srsf7"", ""Srsf6"", ""Mtf2"", ""Hnrnpa1"", ""Srsf1"", ""Hnrnpdl"", ""Caprin1"", ""Eid1"", ""Dhx9"", ""Lbr"", ""Srsf2"", ""Naa15"", ""Nsmce1"", ""Tcf3"", ""Srsf10"", ""Tubb2b"", ""Nck2"", ""Hjurp"", ""Eif2s2"", ""Agfg2"", ""Tcp1"", ""Stat5b"", ""Ptprf"", ""Morf4l2"", ""Mbd3"", ""Syncrip"", ""Tmpo"", ""Bclaf1"", ""Nasp"", ""Ivns1abp"", ""Dtymk"", ""Brd8"", ""Runx1"", ""Pbk"", ""Trib1"", ""Ilf3"", ""Sfr1"", ""Rrm1"", ""Atp5c1"", ""Nt5c3b"", ""Hcfc1"", ""Psip1"", ""Immt"", ""Tyms"", ""Tcof1"", ""Polr2i"", 
""Tomm40"", ""Rfc1"", ""Stat5a"", ""Galk1"", ""Taf1d"", ""Tfrc"", ""Cyb5b"", ""Zcchc8"", ""Ssbp1"", ""Rilpl2"", ""Hspa4"", ""Srek1"", ""Dhcr24"", ""Cebpg"", ""Dars"", ""Akap12"", ""Nop56"", ""Mga"", ""Mrpl50"", ""Tspan2"", ""Ddx10"", ""Nop58"", ""Tars"", ""Cdk2"", ""Suv39h1"", ""Cstf2"", ""Tk1"", ""Mrpl3"", ""Rad23b"", ""Tcerg1"", ""Nxt1"", ""Mrps5"", ""Dtnbp1"", ""Dgcr8"", ""Plk4"", ""Etf1"", ""Ncapg2"", ""Hmgxb4"", ""Seh1l"", ""Ppih"", ""Zfp771"", ""Pou2f1"", ""Paics"", ""Nelfa"", ""Nolc1"", ""Gsr"", ""Kpna3"", ""Nsmce4a"", ""Pmpcb"", ""Dazap1"", ""Kpnb1"", ""Skp2"", ""Uri1"", ""Got1"", ""Mrpl12"", ""Magohb"", 
""Klf6"", ""Hspa9"", ""Epb41l2"", ""Zfp101"", ""Etaa1"", ""Tcf7l2"", ""Ska1"", ""Mphosph10"", ""Gmnn"", ""Mcm2"", ""Snx5"", ""Iars"", ""Cdc6"", ""Dph6"", ""B230354K17Rik"", ""Zbed3"", ""Atf6"", ""Ints7"", ""Foxm1"", ""Ssr1"", ""Ercc6l2"", ""Zeb2"", ""Zdhhc6"", ""1700037H04Rik"")"
"357","GOBP_NATURAL_KILLER_CELL_DIFFERENTIATION","0.00329417876174286","0.0265048338531873","0.431707695803346","-0.686009983150953","-1.60401633868831","19","c(""Tox"", ""Ptprc"", ""Ikzf1"", ""Tcf3"", ""Stat5b"", ""Lgals9"", ""Slamf1"", ""Slamf6"", ""Stat5a"")"
"358","REACTOME_SIGNALING_BY_WNT","0.00294891870073429","0.024406738301063","0.431707695803346","-0.511760203844678","-1.60401327616842","67","c(""Tcf7"", ""Sox4"", ""Calm2"", ""Psma6"", ""Calm3"", ""Kras"", ""Psmc3"", ""Psmc4"", ""Smarca4"", ""Psmc6"", ""Psmb6"", ""Ubb"", ""Psmd3"", ""Psmd12"", ""Hdac1"", ""Leo1"", ""Psmb7"", ""Akt1"", ""Psmd13"", ""Psmc1"", ""Psma7"", ""Lef1"", ""Psmd6"", ""Psmc5"", ""Psma1"", ""Psmb5"", ""Cby1"", ""Rnf43"", ""Vps35"", ""Psmb4"", ""Nfatc1"", ""Wnt8b"", ""Psma2"", ""Gng12"", ""Ppp2r5d"", ""Sox13"", ""Psmb3"", ""Psma3"", ""Psmc2"", ""Psme3"", ""Tmed5"", ""Camk2a"", ""Psmb2"", ""Psmd14"", ""Tcf7l2"", ""Psmd2"", ""Psma5"", ""Cltb"", ""Psmd7"", ""Cul1"")"
"359","MIR_497A_3P","0.00421301184809427","0.0318151234593995","0.407017918923954","-0.541091343577249","-1.6038261015577","51","c(""Eif4h"", ""Hspa4l"", ""Caprin1"", ""Rbbp4"", ""Eif5a"", ""Cycs"", ""Serinc3"", ""Iws1"", ""Med14"", ""Egr1"", ""Hmgn3"", ""Ctdspl2"", ""Qser1"", ""Cdc42ep3"", ""Nfat5"")"
"360","GOBP_POSITIVE_REGULATION_OF_RELEASE_OF_SEQUESTERED_CALCIUM_ION_INTO_CYTOSOL","0.00395250949922754","0.0304043240706225","0.407017918923954","-0.687830006940301","-1.60354913483474","18","c(""Calm2"", ""Thy1"", ""Calm3"", ""Dbi"", ""Capn3"")"
"361","GOCC_RNA_POLYMERASE_II_HOLOENZYME","0.00426836548269264","0.0319822923391899","0.407017918923954","-0.61807831546004","-1.60347190392747","27","c(""Gtf2h4"", ""Gtf2a2"", ""Polr2k"", ""Leo1"", ""Polr2j"", ""Gtf2e2"", ""Ccnh"", ""Polr2c"", ""Polr2i"", ""Psmc5"", ""Eny2"", ""Polr2d"", ""Taf1"", ""Taf3"", ""Polr2b"", ""Gtf2f2"", ""Myzap"", ""Taf5l"", ""Gtf2f1"", ""Polr2e"", ""Polr2h"", ""Taf5"")"
"362","GOBP_PROTEIN_SUMOYLATION","0.00398794276772864","0.0305143647273753","0.407017918923954","-0.696363244174279","-1.60241811650028","17","c(""Sumo2"", ""Trim28"", ""Sae1"", ""Capn3"", ""Uba2"", ""Egr1"", ""Park7"", ""Sumo3"", ""Egr2"", ""Topors"", ""Nsmce2"")"
"363","MIR_12194_3P","0.00335814140753188","0.0269070498076445","0.431707695803346","-0.685101320643606","-1.60189172017848","19","c(""Tcf7"", ""Marcks"", ""Fkbp5"", ""Ptprf"", ""Ldlrad4"", ""Carhsp1"", ""Ppp2r5d"", ""Dgkg"")"
"364","GOBP_SPINDLE_CHECKPOINT_SIGNALING","0.00753539430426078","0.0487998751720843","0.407017918923954","-0.584282161724713","-1.60188917679239","34","c(""Bub3"", ""Mad1l1"", ""Ccnb1"", ""Spc24"", ""Cdca8"", ""Spc25"", ""Aurka"", ""Cdc20"", ""Plk1"", ""Cenpe"", ""Lcmt1"", ""Incenp"", ""Birc5"", ""Aurkb"", ""Mad2l1"", ""Bub1b"", ""Zwint"", ""Spdl1"", ""Nuf2"", ""Ndc80"", ""Bub1"", ""Cep192"", ""Ttk"", ""Cdk5rap2"", ""Anapc15"", ""Trip13"", ""Stil"")"
"365","HALLMARK_MYC_TARGETS_V1","0.000461137257114099","0.0058292996375233","0.49849310876659","-0.439667515316589","-1.6008417958198","178","c(""Ap3s1"", ""Ywhae"", ""Srsf3"", ""Hnrnpa2b1"", ""Cbx3"", ""Psma6"", ""Xrcc6"", ""Hnrnpa3"", ""Hnrnpc"", ""Eif4a1"", ""Vdac1"", ""Pcbp1"", ""Serbp1"", ""Srsf7"", ""Eif4h"", ""Hnrnpa1"", ""Snrpd1"", ""Srsf1"", ""Trim28"", ""Smarcc1"", ""Psmc4"", ""Dut"", ""Psmc6"", ""Hnrnpd"", ""Dek"", ""Hnrnpu"", ""Srsf2"", ""Hnrnpr"", ""Bub3"", ""Hsp90ab1"", ""Ube2e1"", ""Mcm7"", ""Eif2s2"", ""Prps2"", ""Psmd3"", ""Erh"", ""Clns1a"", ""Tcp1"", ""Gspt1"", ""Syncrip"", ""Ilf2"", ""Cct7"", ""Nap1l1"", ""Eif4e"", ""Ssb"", ""Hdgf"", ""Snrpd2"", ""Ccna2"", ""Eif3j1"", ""Ywhaq"", ""Cops5"", ""Rrm1"", ""Psma7"", ""Rnps1"", 
""Lsm2"", ""Tyms"", ""Cct2"", ""Uba2"", ""Vdac3"", ""Usp1"", ""Hdac2"", ""Rsl1d1"", ""Cdk4"", ""Psma1"", ""Ranbp1"", ""Ssbp1"", ""Ran"", ""Phb2"", ""Pcna"", ""Sf3a1"", ""Cct3"", ""Cox5a"", ""Snrpb2"", ""Sf3b3"", ""Ndufab1"", ""Snrpa"", ""Nop56"", ""Cdc20"", ""Txnl4a"", ""Rfc4"", ""Psma2"", ""Hspd1"", ""Ddx21"", ""Cdk2"", ""Cstf2"", ""Eif2s1"", ""Pole3"", ""Rad23b"", ""Canx"", ""Ncbp1"", ""Pa2g4"", ""Mad2l1"", ""Ddx18"", ""Psmb3"", ""Etf1"", ""Eprs"", ""Cnbp"")"
"366","GOBP_ATTACHMENT_OF_SPINDLE_MICROTUBULES_TO_KINETOCHORE","0.00446091977402254","0.0329970979955547","0.407017918923954","-0.616941374588222","-1.60052235417174","27","c(""Rcc2"", ""Hnrnpu"", ""Bub3"", ""Mad1l1"", ""Ccnb1"", ""Spc24"", ""Cdca8"", ""Spc25"", ""Cenpe"", ""Incenp"", ""Ect2"", ""Birc5"", ""Aurkb"", ""Seh1l"", ""Kif2c"", ""Cenpc1"", ""Knstrn"", ""Nuf2"", ""Ndc80"", ""Nek2"", ""Spag5"", ""Nsl1"")"
"367","GOBP_CHROMOSOME_LOCALIZATION","0.00491477390111737","0.0354465029048128","0.407017918923954","-0.532411472916943","-1.60028250185667","53","c(""Rcc2"", ""Hnrnpu"", ""Bub3"", ""Mad1l1"", ""Ccnb1"", ""Nde1"", ""Nup62"", ""Terf1"", ""Nudc"", ""Spc24"", ""Cdca8"", ""Spc25"", ""Cenpe"", ""Incenp"", ""Cenpq"", ""Ect2"", ""Birc5"", ""Kif22"", ""Aurkb"", ""Cenpf"", ""Seh1l"", ""Kpnb1"", ""Kif2c"", ""Cenpc1"", ""Knstrn"", ""Spdl1"", ""Kif18a"", ""Nuf2"", ""Ndc80"", ""Nek2"", ""Cdca5"", ""Spag5"", ""Nsl1"", ""Psrc1"", ""Gem"")"
"368","MIR_7234_5P","0.000249197162504325","0.00355459755009255","0.49849310876659","-0.43910288258219","-1.600037619099","177","c(""Satb1"", ""Sox4"", ""Ccr9"", ""Tox"", ""Ywhae"", ""Camk4"", ""Desi1"", ""Hivep3"", ""Serbp1"", ""Mtf2"", ""Brd3"", ""Srsf1"", ""Hnrnpr"", ""Ddx3x"", ""Eif2s2"", ""Dusp10"", ""Thrap3"", ""Chdh"", ""Polr2k"", ""Cycs"", ""Raph1"", ""Chl1"", ""Cdk6"", ""Trps1"", ""Zfp704"", ""Nt5c2"", ""Mtpn"", ""Slc7a11"", ""P2rx7"", ""Zbed4"", ""Fbxw7"", ""Ppm1e"", ""Nucks1"", ""Bmp2k"", ""Slc24a5"", ""Atp2b1"", ""Qser1"", ""Nfatc1"", ""Arl6ip6"", ""Cdc42ep3"", ""Ppp1r2"", ""Brcc3"", ""Cstf2"", ""Dgkg"", ""Rreb1"", ""Mafg"", ""As3mt"", ""Xpo7"", ""Tmcc3"", ""Plk4"", ""Hecw2"", ""Atxn1"", ""Seh1l"", ""Pou2f1"", ""Gmps""
)"
"369","REACTOME_TP53_REGULATES_METABOLIC_GENES","0.00641478135088328","0.0433429144608803","0.407017918923954","-0.653127507032302","-1.59931069314436","22","c(""Txn1"", ""Ywhae"", ""Prdx2"", ""Cox7c"", ""Cox6a1"", ""Rheb"", ""Cycs"", ""Akt1"", ""Ywhaq"", ""Ndufa4"", ""Cox5a"", ""Cox5b"", ""Prdx1"")"
"370","GOMF_DNA_POLYMERASE_BINDING","0.00398794276772864","0.0305143647273753","0.407017918923954","-0.713660807704718","-1.5983190372192","15","c(""Hmgb1"", ""Hnrnpa2b1"", ""Hsp90aa1"", ""Smarca4"", ""Hsp90ab1"", ""Cdk2ap1"", ""Pcna"", ""Ptges3"")"
"371","YAO_TEMPORAL_RESPONSE_TO_PROGESTERONE_CLUSTER_14","0.00179149028875653","0.016401647223687","0.45505986738723","-0.479767401035842","-1.59784836847972","91","c(""Ppp1r14b"", ""Ptov1"", ""Hnrnpa3"", ""Srsf1"", ""Smarca4"", ""Ube2m"", ""Banf1"", ""Morf4l2"", ""Syncrip"", ""Cdk2ap1"", ""Dtymk"", ""Prmt1"", ""Ybx3"", ""Tyms"", ""Psmd6"", ""Tuba1a"", ""Mrpl20"", ""Galk1"", ""Cdk4"", ""Nde1"", ""Psmb5"", ""Ranbp1"", ""Sec61b"", ""Ptp4a3"", ""Ran"", ""Nars"", ""Eif4g1"", ""Cct3"", ""Hmgn5"", ""P3h4"", ""Prep"", ""Eftud2"", ""Sec13"", ""Cct8"", ""Hdlbp"", ""Tcerg1"", ""Psmb3"", ""Cs"", ""Tmem14c"", ""Rpn1"", ""Mrpl12"", ""Tomm70a"", ""Dnajc2"", ""Cisd1"", ""Nme1"", ""Rwdd1"", ""Snrpa1"", ""Psmd1"", ""Ssr1"", ""Pes1"", ""Ebna1bp2"", ""Odc1"")"
"372","MARKEY_RB1_CHRONIC_LOF_UP","0.00271783806144697","0.0230219215263624","0.431707695803346","-0.496365659637665","-1.59716941059352","76","c(""Stmn1"", ""Ezh2"", ""Gata3"", ""Cdca7"", ""Anapc5"", ""Anp32b"", ""Mcm7"", ""Hjurp"", ""Siva1"", ""Idh2"", ""Slbp"", ""Uhrf1"", ""Egr1"", ""Scmh1"", ""Slk"", ""Cdca4"", ""Top2a"", ""Pcna"", ""Ncaph"", ""Dnmt1"", ""Dnph1"", ""Tipin"", ""Idi1"", ""Cdk2"", ""Tk1"", ""Sqle"", ""Rfc3"", ""Gsr"", ""Angptl2"", ""Cbx2"", ""Msh2"", ""Xrcc1"", ""Cbfb"", ""Pola1"", ""Mcm2"", ""Trim37"", ""Fads1"", ""Acat2"")"
"373","GOMF_DNA_BINDING_TRANSCRIPTION_REPRESSOR_ACTIVITY","0.00349968716155801","0.0277334605381627","0.431707695803346","-0.492998982515522","-1.59643737336438","77","c(""Satb1"", ""Tcf7"", ""Gata3"", ""Rorc"", ""Ctcf"", ""Mxd4"", ""Ikzf1"", ""Patz1"", ""Tcf3"", ""Nr3c1"", ""Gfi1"", ""Bcl6"", ""Hdgf"", ""Nfatc3"", ""Trps1"", ""Lef1"", ""Myef2"", ""Srebf2"", ""Elk3"", ""E2f8"", ""Hbp1"", ""Nfatc1"")"
"374","GOBP_INTRACELLULAR_PROTEIN_TRANSPORT","5.59694418176012e-05","0.00108138951632201","0.557332238758646","-0.428488994105185","-1.59636327387743","235","c(""Ap3s1"", ""Txn1"", ""Ywhae"", ""Cd24a"", ""Camk4"", ""Atpif1"", ""Marcks"", ""Aqp11"", ""Desi1"", ""Hsp90aa1"", ""Arl6ip1"", ""Smo"", ""Pdcd5"", ""Anp32b"", ""Trim28"", ""Nedd4"", ""Rapgef3"", ""Tomm7"", ""Hsp90ab1"", ""Nfkbia"", ""Jup"", ""Xbp1"", ""Psap"", ""Mtch1"", ""Pcm1"", ""Itgb1"", ""Dnajc15"", ""Akt1"", ""Mapk1"", ""Ywhaq"", ""Akirin2"", ""C2cd5"", ""Pak1"", ""Tomm40"", ""Tuba1a"", ""Timm13"", ""Park7"", ""Romo1"", ""Hras"", ""Srp68"", ""Sec61b"", ""Ran"", ""Rilpl2"", ""Nup62"", ""Ctdspl2"", ""Fbxw7"", ""Exoc4"", ""Phb2"", ""Hspa4"", ""Vps36"", ""Cdk1"", ""Sytl3"", ""Egr2"", ""Pkig"", ""Vps35"", 
""Ptpn14"", ""Bbc3"", ""Snf8"", ""Tomm20"", ""Ranbp2"", ""Sec13"", ""Hspd1"", ""Pam16"", ""Arl1"", ""Notch1"", ""Yif1b"", ""Pcnt"", ""Rab1a"", ""Ect2"", ""Prkcd"", ""Nxt1"", ""Pex6"", ""Xpo7"", ""Aifm1"", ""Tnpo1"", ""Kpna2"", ""Bid"", ""Nolc1"", ""Kpna3"", ""Insig1"", ""Kif3a"", ""Pex7"", ""Atp13a2"", ""Pmpcb"", ""Tmed5"", ""Kpnb1"", ""Syk"", ""Tomm70a"", ""Nup54"", ""Hspa9"", ""Cse1l"", ""Samm50"", ""Pom121"", ""Dnlz"", ""Kif20b"", ""Ap1s1"", ""Get4"", ""Angpt1"", ""Nup88"", ""Cep290"", ""Snx5"", ""Cltb"", ""Zdhhc21"", ""Trim37"", ""Chml"", ""Akap1"", ""Myo1c"")"
"375","GOBP_REGULATION_OF_CYTOKINESIS","0.00554245738692086","0.0387636517242637","0.407017918923954","-0.595655720191678","-1.59582826266352","31","c(""Calm2"", ""Calm3"", ""Prpf40a"", ""Pin1"", ""Nup62"", ""E2f8"", ""Cdca8"", ""Aurka"", ""Plk1"", ""Prc1"", ""Incenp"", ""Ect2"", ""Birc5"", ""Igf1r"", ""Aurkb"", ""Kif20a"", ""Kif23"")"
"376","chr10C2","0.00429707964876628","0.0320312633947391","0.407017918923954","-0.693382048456368","-1.59555801573078","17","c(""Metap2"", ""Tmpo"", ""Ube2n"", ""Nudt4"", ""Lta4h"", ""Elk3"", ""Ndufa12"", ""Cep83"", ""Tmcc3"", ""Snrpf"", ""Slc25a3"")"
"377","GOBP_CILIUM_ORGANIZATION","0.0029857882628367","0.0246061323743333","0.431707695803346","-0.48219566503287","-1.59470011511627","89","c(""Dynll1"", ""Mns1"", ""Ssna1"", ""Ppp1r35"", ""Pcm1"", ""Akt1"", ""E2f4"", ""B9d2"", ""Hspb11"", ""Ccdc88a"", ""Vdac3"", ""Rilpl2"", ""Cby1"", ""Cfap20"", ""Cep70"", ""Ift57"", ""Aurka"", ""Gdi2"", ""Yif1b"", ""Pcnt"", ""Cep250"", ""Ahi1"", ""Mphosph9"", ""Cep83"", ""Dnaaf2"", ""Odf2"", ""Plk4"", ""Ablim1"", ""Sclt1"", ""Kif3a"", ""Rpgr"", ""Cntrob"", ""Kifap3"", ""Alms1"", ""Cep290"", ""Poc1a"", ""Enkd1"", ""Syne1"", ""Cep135"", ""Poc1b"", ""Tmem237"", ""Ccp110"", ""Ssx2ip"", ""Tmem107"", ""Tmem138"", ""Rpgrip1"", ""Ift80"", ""Dync2h1"", ""Tmem216"", ""Stil"", ""Hyls1"", ""Rpgrip1l"", ""Ccdc66"", 
""Limk2"", ""Cep78"", ""Odf2l"", ""Ift22"")"
"378","STARK_PREFRONTAL_CORTEX_22Q11_DELETION_DN","0.000146296881622105","0.00231549886337234","0.518848077743792","-0.428238687020266","-1.59405291194439","232","c(""Txn1"", ""Prdx2"", ""Dynll1"", ""Atpif1"", ""Slc25a5"", ""St13"", ""Cbx3"", ""Atp5h"", ""Cox7a2"", ""Cox7c"", ""Atp5k"", ""Pdcd5"", ""Uqcr11"", ""Hspa4l"", ""Psmc3"", ""Hibadh"", ""Psmc4"", ""Psmb6"", ""Rheb"", ""Atp5j2"", ""Dek"", ""Dgcr6"", ""Trbc1"", ""Ppt1"", ""Thoc7"", ""Ndufs6"", ""Prelid1"", ""Prps2"", ""Clns1a"", ""Tcp1"", ""Atp5j"", ""Fdps"", ""Atp5o"", ""Eif4e"", ""Cycs"", ""Snrpc"", ""Timm8b"", ""Polr2j"", ""Dnajc15"", ""Cuedc2"", ""Snrpd2"", ""Cops3"", ""Psmc1"", ""Atp5c1"", ""Mrps28"", ""Cfdp1"", ""Pak1"", ""Smu1"", ""Comt"", ""Stip1"", ""Cct2"", ""Vdac2"", ""Vdac3"", ""Usp1"", ""Uqcr10"", 
""Ndufs8"", ""Trim59"", ""Nudt21"", ""Romo1"", ""Baz1b"", ""Ranbp1"", ""Sec61b"", ""Mdh2"", ""Nars"", ""Nudc"", ""Cct3"", ""Mrpl51"", ""Vps35"", ""Inip"", ""Psmb4"", ""Zdhhc8"", ""Elof1"", ""Tomm20"", ""Cox5b"", ""Uqcrfs1"", ""Cnpy2"", ""Tmem256"", ""Cacybp"", ""Psma2"", ""Nifk"", ""Prdx1"", ""Incenp"", ""Prodh"", ""Mrps11"", ""Mrps17"", ""Tubg1"", ""Pop7"", ""Smarcb1"", ""Eif2s1"", ""Mrpl3"", ""Ndufa12"", ""Rad23b"", ""Ndufv2"", ""Chchd1"", ""Mrps12"", ""Dtnbp1"", ""Nmt2"", ""Denr"", ""Dgcr8"", ""Ndufb10"", ""Mrpl41"", ""Psmb3"", ""Eif6"", ""Psma3"", ""Ndufb2"", ""Kpna2"", ""Aldoa"", ""Osbpl1a"", ""Mrpl15"", 
""Mrpl28"", ""Arvcf"")"
"379","GOBP_REGULATION_OF_LYMPHOCYTE_DIFFERENTIATION","0.00291389265932306","0.0242164405054517","0.431707695803346","-0.465622950663023","-1.59380143085217","105","c(""Hmgb1"", ""Tcf7"", ""Sox4"", ""Cd27"", ""Cd28"", ""Tox"", ""Cd24a"", ""Prdx2"", ""Xrcc6"", ""Gata3"", ""Hsp90aa1"", ""Rag1"", ""Rorc"", ""Ptprc"", ""Smarcc1"", ""Smarca4"", ""Hmgb3"", ""Ada"", ""Prelid1"", ""Xbp1"", ""Bcl6"", ""Dusp10"", ""Stat5b"", ""Rag2"", ""Actl6a"", ""Lgals9"", ""Ikzf3"", ""Runx1"", ""Lef1"", ""Cd1d1"")"
"380","GOBP_INTERNAL_PROTEIN_AMINO_ACID_ACETYLATION","0.0055043648962891","0.038562114482434","0.407017918923954","-0.605562880491189","-1.59353467887215","29","c(""Smo"", ""Smarca5"", ""Smarca4"", ""Dek"", ""Morf4l2"", ""Mbd3"", ""Actl6a"", ""Brd8"", ""Nfyb"", ""Smc5"", ""Ruvbl1"", ""Baz1b"", ""Nfya"", ""Ddx21"", ""Hat1"", ""Msl3"", ""Kif3a"", ""Ruvbl2"", ""Taf5l"", ""Myo1c"", ""Sgf29"")"
"381","MIR_129_5P","0.00288876908587646","0.024116212440908","0.431707695803346","-0.495016511935126","-1.5928282209906","76","c(""Satb1"", ""Sox4"", ""Txn1"", ""Tox"", ""Camk4"", ""Ets1"", ""Lig4"", ""Naa15"", ""Sh3bgrl"", ""Dusp10"", ""Morf4l2"", ""Mex3a"", ""Tcf4"", ""Runx1"", ""Slbp"", ""Zfp704"", ""Nudt4"", ""Tomm40"", ""Fbxw7"", ""Inip"", ""Cdc42ep3"", ""Ptges3"", ""Fmr1"", ""Zfp36l1"", ""Rell1"", ""Tial1"", ""Xpo7"", ""Tnpo1"", ""Ablim1"", ""Jade1"", ""Atp13a2"")"
"382","GOMF_TRANSLATION_INITIATION_FACTOR_ACTIVITY","0.00718475583120723","0.04695286701005","0.407017918923954","-0.635321307851252","-1.59111796016641","24","c(""Eif4a1"", ""Eif4h"", ""Eif3c"", ""Eif1ax"", ""Eif2s2"", ""Eif3a"", ""Eif5b"", ""Eif4e"", ""Eif1ad"", ""Eif2a"", ""Eif4g1"", ""Eif3g"", ""Eif2s1"", ""Denr"", ""Eif6"")"
"383","MIR_382_3P","0.00594022329632075","0.0409029937968182","0.407017918923954","-0.543127250174831","-1.59079512747773","48","c(""Tox"", ""Lmo4"", ""Eif4h"", ""Mtf2"", ""Cxcr4"", ""St8sia4"", ""Tmpo"", ""Ube2n"", ""Bcl2l11"", ""Trib1"", ""Slbp"", ""Nfyb"", ""P2ry10"", ""Taf1"", ""Azin1"")"
"384","MIR_743B_5P","0.00651483859899064","0.0438650612894743","0.407017918923954","-0.617959650014486","-1.59064954804197","26","c(""Srsf1"", ""Tubb2b"", ""U2surp"", ""Tsc22d1"", ""Ywhaq"", ""Zfp704"", ""Pgrmc1"", ""Eif1ad"", ""Mmd"", ""Abi2"", ""Srgap2"", ""Pcyt1a"", ""Cenpf"", ""Api5"", ""Mrpl41"", ""Chuk"", ""Mgat4a"")"
"385","IKEDA_MIR1_TARGETS_UP","0.00393380666171155","0.0303008014462769","0.407017918923954","-0.670050927770367","-1.58930636207892","20","c(""Anp32e"", ""Ncl"", ""Hnrnpr"", ""Ddx3x"", ""Syncrip"", ""Ywhaq"", ""Rrbp1"", ""Cited2"", ""Nfat5"", ""Spred1"", ""Atp6v1a"")"
"386","GOCC_PROTEASOME_ACCESSORY_COMPLEX","0.0044207345136846","0.0328259425264215","0.407017918923954","-0.70958904109589","-1.58919988423259","15","c(""Psmc3"", ""Psmc4"", ""Psmc6"", ""Psmd3"", ""Psmd12"", ""Psmd13"", ""Psmc1"", ""Psmd6"", ""Psmc5"", ""Psmc2"", ""Psme3"", ""Psmd14"", ""Psmd2"", ""Psmd7"", ""Psmd1"")"
"387","MIR_3074_2_3P","0.00604325241182069","0.0413647739136115","0.407017918923954","-0.541582375702681","-1.5891735693268","45","c(""Ywhae"", ""Marcksl1"", ""Ets1"", ""Ezh2"", ""Kras"", ""Srsf10"", ""Alyref"", ""Dmwd"", ""Blmh"", ""Trps1"", ""Ndufa4"", ""Ccdc88a"", ""Mak16"", ""Qser1"")"
"388","GOCC_SPINDLE","0.0003573576915047","0.00472415419639051","0.49849310876659","-0.440831371545897","-1.58827783082494","161","c(""Calm2"", ""Dynll1"", ""Cbx1"", ""Slc25a5"", ""Cbx3"", ""Calm3"", ""Tubb5"", ""Anapc5"", ""Rcc2"", ""Smc3"", ""Hnrnpu"", ""Tubb2a"", ""Nsmce1"", ""Tubb2b"", ""Stag2"", ""Dcun1d5"", ""Ckap5"", ""Akt1"", ""Mad1l1"", ""Fbxo5"", ""Mzt1"", ""Smc1a"", ""Cdc16"", ""Ccnb1"", ""Taf1d"", ""Tfdp2"", ""Nde1"", ""Tubb4b"", ""Nup62"", ""Terf1"", ""Nusap1"", ""Nudc"", ""Cdk1"", ""Haus3"", ""Kif11"", ""Ska2"", ""Topors"", ""Cdca8"", ""Aurka"", ""Plk1"", ""Cenpe"", ""Prc1"", ""Cep295"", ""Incenp"", ""Tubg1"", ""Ect2"", ""Birc5"", ""Cep250"", ""Kif22"", ""Wdr5"", ""Tpx2"", ""Aurkb"", ""Mad2l1"", ""Rock2"", ""Haus4"", ""Cenpf"", 
""Bub1b"", ""Hecw2"", ""Tacc3"", ""Kif20a"", ""Kif23"", ""Ckap2l"", ""Kif3a"", ""Ckap2"", ""Cdc27"", ""Kif2c"", ""Kif20b"", ""Rif1"", ""Kifap3"", ""Knstrn"", ""Ska1"", ""Spdl1"", ""Dlgap5"", ""Aunip"", ""Kif18a"", ""Cdc6"", ""Poc1a"", ""Hmmr"", ""Ddx11"", ""Sgf29"", ""Kif2a"", ""Nek2"")"
"389","UEDA_PERIFERAL_CLOCK","0.00573084144837256","0.0398094379107722","0.407017918923954","-0.509245808290985","-1.58740749352305","65","c(""Hnrnpab"", ""Dynll1"", ""Hsp90aa1"", ""Tubb5"", ""Rorc"", ""Hmgb3"", ""Slc29a1"", ""Tubb2a"", ""Thrap3"", ""Fdps"", ""Rbm3"", ""Tsc22d1"", ""Lgals9"", ""Cks2"", ""Dhrs3"", ""Pla2g12a"", ""Tuba1a"", ""Hmgcr"", ""Cyb5b"", ""Hspa4"", ""Fkbp4"", ""Idi1"", ""Tars"", ""Chka"")"
"390","GOMF_PROTEIN_DOMAIN_SPECIFIC_BINDING","0.000113770752551605","0.00191062103921692","0.538434096309916","-0.421944817444396","-1.58717611588505","252","c(""Gapdh"", ""Ywhae"", ""Calm2"", ""Dynll1"", ""Myb"", ""Ncl"", ""Tcf12"", ""St13"", ""Cbx3"", ""Hnrnpm"", ""Gata3"", ""Hsp90aa1"", ""Calm3"", ""Tubb5"", ""Hnrnpc"", ""Kras"", ""Srsf7"", ""Srsf9"", ""U2af1"", ""Hnrnpa1"", ""Srsf1"", ""Trim28"", ""Rdx"", ""Nedd4"", ""Basp1"", ""Rcc2"", ""Ikzf1"", ""Rapgef3"", ""Lbr"", ""Tcf3"", ""Sh3bgrl"", ""Hsp90ab1"", ""Dap"", ""Hmgb2"", ""Hdac1"", ""Id3"", ""Tacc2"", ""Itgb1"", ""Polr2j"", ""U2af2"", ""Slamf1"", ""Ccna2"", ""Tdg"", ""E2f4"", ""Ywhaq"", ""Rrm1"", ""Trps1"", ""Wbp11"", ""Lef1"", ""Cd3e"", ""Luc7l"", ""Ccdc88a"", ""Tuba1a"", ""Rfc1"", ""Hdac2"", ""Tfdp2"", 
""Nde1"", ""Srp68"", ""Bcl10"", ""Ran"", ""Nup62"", ""Terf1"", ""Ddb1"", ""Exoc4"", ""Baiap2"", ""Egr2"", ""Abi2"", ""Atp2b1"", ""Ppil1"", ""Psmc3ip"", ""Cited2"", ""Sh3bp2"", ""Cacybp"", ""Dnmt1"", ""Ppp1r2"", ""Adam12"", ""Arl1"", ""Fmr1"", ""Gng12"", ""Cdk2"", ""Acsl3"", ""Cep250"")"
"391","GOBP_POSITIVE_REGULATION_OF_ORGANELLE_ORGANIZATION","0.000300258467857433","0.00411041035263599","0.49849310876659","-0.431437356475545","-1.58691496104588","192","c(""Cd28"", ""Sfpq"", ""Hnrnpa2b1"", ""Dynll1"", ""Atpif1"", ""Slc25a5"", ""Mns1"", ""Vdac1"", ""Anapc5"", ""Pdcd5"", ""Trim28"", ""Lig4"", ""Caprin1"", ""Smc4"", ""Hnrnpd"", ""Ppp1r35"", ""Rapgef3"", ""Nck2"", ""Siva1"", ""Rad21"", ""Tcp1"", ""Ptbp1"", ""Cct7"", ""Ckap5"", ""Actl6a"", ""Mad1l1"", ""Bcl2l11"", ""Fbxo5"", ""Mapk1"", ""Trim27"", ""C2cd5"", ""Pak1"", ""Ncapd2"", ""Cct2"", ""Cdc16"", ""Ccdc88a"", ""Smc5"", ""P2rx7"", ""Ruvbl1"", ""Ssbp1"", ""Uchl5"", ""Nup62"", ""Terf1"", ""Nusap1"", ""Ppm1e"", ""Baiap2"", ""Cdk1"", ""Cct3"", ""Pebp1"", ""Vps35"", ""Abi2"", ""Nsmce2"", ""Bbc3"", ""Ncaph"", 
""Cdc42ep3"", ""Dstn"", ""Aurka"", ""Cdc20"", ""Cenpe"", ""Ube2c"", ""Cep295"", ""Cct8"", ""Smc2"", ""Drg1"", ""Cdk2"", ""Igf1r"", ""Aurkb"", ""Sass6"", ""Rock2"", ""Nrp1"", ""Plk4"")"
"392","GOBP_REGULATION_OF_HEART_RATE","0.00768499701113855","0.0492743926008295","0.407017918923954","-0.647963896971177","-1.58666658200669","22","c(""Calm2"", ""Calm3"", ""Ada"", ""Jup"", ""Atp5j"")"
"393","GOBP_B_CELL_DIFFERENTIATION","0.00633225299045607","0.0429779409432889","0.407017918923954","-0.489761461153136","-1.58503694407239","78","c(""Cd27"", ""Cd24a"", ""Myb"", ""Slc25a5"", ""Itm2a"", ""Cmtm7"", ""Ezh2"", ""Rag1"", ""Ptprc"", ""Ikzf1"", ""Hmgb3"", ""Tcf3"", ""Ada"", ""Xbp1"", ""Bcl6"", ""Stat5b"", ""Ighm"", ""Rag2"")"
"394","MIR_6417","0.00633844654382588","0.0429779409432889","0.407017918923954","-0.540738967085658","-1.58379995443114","48","c(""H3f3a"", ""Gata3"", ""Srsf6"", ""Bub3"", ""Hmgb2"", ""Gspt1"", ""Ywhaq"", ""Sfr1"", ""Serp1"", ""Cd1d1"", ""Med7"", ""Usp1"", ""Cct3"", ""Acsl3"", ""Rad23b"", ""Ndufv2"", ""Tcerg1"", ""Tex9"", ""Denr"", ""Tiam1"", ""Ppih"", ""Frmd6"")"
"395","MIR_1982_5P","0.00645886919521924","0.0435389583906436","0.407017918923954","-0.60174818621655","-1.58349633634528","29","c(""Rbbp4"", ""Cdk2ap1"", ""Runx1"", ""Nt5c3b"", ""Cbx5"", ""Hcfc1"", ""Zfp704"", ""Tfg"", ""Srebf2"")"
"396","MIR_137_3P","0.00570579726139544","0.0397616294078184","0.407017918923954","-0.483566653616002","-1.58294651939605","83","c(""Ap3s1"", ""Tcf12"", ""Ybx1"", ""St13"", ""Ezh2"", ""Srsf6"", ""Hnrnpdl"", ""Psmc6"", ""Naa15"", ""Mpp1"", ""Syncrip"", ""Tcf4"", ""Ybx3"", ""Serp1"", ""Polr2c"", ""Mpc1"", ""Hmgn3"", ""Egr2"", ""Rrbp1"", ""Vma21"", ""Fkbp4"", ""Rell1"", ""Rreb1"", ""Prkar2b"")"
"397","GOBP_POSITIVE_REGULATION_OF_TRANSCRIPTION_BY_RNA_POLYMERASE_II","9.51959736781586e-06","0.000237532876002767","0.593325476396405","-0.403849622969186","-1.58172296345645","377","c(""Hmgb1"", ""Sox4"", ""Cd28"", ""Ptma"", ""Sfpq"", ""Chchd2"", ""Myb"", ""Anxa2"", ""Ets1"", ""Ncl"", ""Lmo4"", ""Tcf12"", ""Ybx1"", ""Maz"", ""Xrcc6"", ""Gata3"", ""Ptov1"", ""Smo"", ""Pcbp1"", ""Sumo2"", ""Ptms"", ""Psmc3"", ""Smarca5"", ""Smarcc1"", ""Smarca4"", ""Dhx9"", ""Psmc6"", ""Ikzf1"", ""Hnrnpd"", ""Dek"", ""Patz1"", ""Pin1"", ""Rapgef3"", ""Rbmxl1"", ""Hnrnpu"", ""Gtf2a2"", ""Eif4a3"", ""Tcf3"", ""Ddx3x"", ""Ube2e1"", ""Nck2"", ""Nr3c1"", ""Ikzf2"", ""Nfkbia"", ""Jup"", ""Xbp1"", ""Hmgb2"", ""Stat5b"", ""Thrap3"", ""Larp7"", ""Hdac1"", ""Ptbp1"", ""Tcf4"", ""Bclaf1"", ""Leo1"", ""Tsc22d1"", ""Zcchc12"", 
""Hdgf"", ""Nfatc3"", ""Akt1"", ""Brd8"", ""Ikzf3"", ""Runx1"", ""E2f4"", ""Cops5"", ""Pknox1"", ""Nfyb"", ""Akirin2"", ""Hcfc1"", ""Psip1"", ""Lef1"", ""Tox2"", ""Med7"", ""Med14"", ""Egr1"", ""Klf13"", ""Parp1"", ""Srebf2"", ""Stat5a"", ""Hdac2"", ""E2f2"", ""Park7"", ""Tfdp2"", ""Fli1"", ""Baz1b"", ""Hras"", ""Hmgn3"", ""Zbed4"", ""Elk3"", ""Zbtb38"", ""Atf1"", ""Raf1"", ""Top2a"", ""Klf10"", ""Nucks1"", ""Hmga1"", ""Cebpg"", ""E2f8"", ""Egr2"", ""Mga"", ""Nfatc1"", ""Psmc3ip"", ""Etv5"", ""Cited2"", ""Nfya"", ""Elk4"", ""Nfat5"", ""Ddx21"", ""Notch1"", ""Med19"", ""Actn4"", ""Nr4a1"", ""Smarcb1"", ""Ppp2r5d"", 
""Ahi1"", ""Ncbp1"", ""Rreb1"", ""Mafg"", ""Tcerg1"", ""Coq7"", ""Med30"", ""Cnbp"", ""Atad2"", ""Taf3"", ""Atxn1"", ""Gtf2f2"", ""Zfpm1"", ""Ablim1"", ""Pou2f1"", ""Mybl2"", ""Nelfa"", ""Mafb"")"
"398","BURTON_ADIPOGENESIS_6","0.00465566518622619","0.034131697691407","0.407017918923954","-0.485580786786445","-1.58156546461631","81","c(""Cox7a2"", ""Uqcrq"", ""Hibadh"", ""Uqcrb"", ""Ndufb7"", ""Ndufb8"", ""Ndufb6"", ""Atp5o"", ""Pdap1"", ""Ndufa5"", ""Dnajc15"", ""Chchd3"", ""Cd1d1"", ""Pla2g12a"", ""Ndufc1"", ""Uqcr10"", ""Cyb5b"", ""Ndufb9"", ""Phb2"", ""Cdkn2c"", ""Mrpl51"", ""Dld"", ""Cox5b"", ""Sdhb"", ""Atp5d"", ""Ndufb2"", ""Isoc1"", ""Cs"", ""Gsr"", ""Dlat"", ""Samm50"", ""Ndufs1"", ""Sdhc"")"
"399","GOCC_CYTOSOLIC_REGION","0.0054718027572745","0.0385025633724419","0.407017918923954","-0.687242135330921","-1.58142931478589","17","c(""Hnrnpab"", ""Marcksl1"", ""Hnrnpa2b1"", ""Marcks"", ""Nedd4"", ""Pin1"", ""Eif4e"", ""Baiap2"", ""Fmr1"", ""Prkcd"", ""Fbxo45"", ""Camk2a"")"
"400","HALLMARK_PEROXISOME","0.00631134516780592","0.0428948718051939","0.407017918923954","-0.590199985631296","-1.58121173988046","31","c(""Smarcc1"", ""Fdps"", ""Idh2"", ""Dhrs3"", ""Hras"", ""Bcl10"", ""Top2a"", ""Dhcr24"", ""Prdx1"", ""Idi1"", ""Pex6"", ""Cnbp"", ""Isoc1"", ""Atxn1"", ""Sod1"", ""Msh2"", ""Aldh9a1"", ""Fads1"")"
"401","MIR_200B_3P_MIR_429_3P","0.00520589421195972","0.0371733471849186","0.407017918923954","-0.482848977592222","-1.58046253353392","84","c(""Myb"", ""Ets1"", ""Cbx3"", ""Tubb5"", ""Mtf2"", ""Srsf1"", ""Hnrnpd"", ""Dek"", ""Hmgb3"", ""Nck2"", ""Nr3c1"", ""Syncrip"", ""Suz12"", ""Asf1a"", ""Eif5b"", ""Tsc22d1"", ""Sfr1"", ""Pds5b"", ""Psip1"", ""Clic4"", ""Mmd"", ""Strap"", ""Fli1"", ""Slk"", ""Fbxw7"", ""Ypel2"", ""Pgm2l1"", ""Ptpn14"")"
"402","MIR_6974_5P","0.0070983412421721","0.0466520106439456","0.407017918923954","-0.600120366340742","-1.57921273920512","29","c(""Calm2"", ""Ly6e"", ""Hnrnpll"", ""Sh3bgrl"", ""Lrrc59"", ""Polr2k"", ""Casp8ap2"")"
"403","GOBP_NEGATIVE_REGULATION_OF_RNA_BIOSYNTHETIC_PROCESS","2.00008242850061e-05","0.000447847914319691","0.575610261071129","-0.406062821966965","-1.5779512114226","353","c(""Satb1"", ""Hmgb1"", ""Tcf7"", ""Sox4"", ""Txn1"", ""Sfpq"", ""Hnrnpab"", ""Cux1"", ""Hnrnpa2b1"", ""Myb"", ""Cbx1"", ""Lmo4"", ""Ybx1"", ""Mier1"", ""Maz"", ""Cbx3"", ""Xrcc6"", ""Ezh2"", ""Gata3"", ""Smo"", ""Sumo2"", ""Smarca5"", ""Rorc"", ""Ctcf"", ""Trim28"", ""Eid1"", ""Smarca4"", ""Mxd4"", ""Nedd4"", ""Basp1"", ""Ikzf1"", ""Patz1"", ""Hnrnpu"", ""Rbbp4"", ""Tcf3"", ""Hmgn2"", ""Dap"", ""Nck2"", ""Nr3c1"", ""Nab2"", ""Gfi1"", ""Xbp1"", ""Bcl6"", ""Hmgb2"", ""Raly"", ""Larp7"", ""Hdac1"", ""Mbd3"", ""Suz12"", ""Tcf4"", ""Id3"", ""Bclaf1"", ""Hdgf"", ""Nfatc3"", ""Cbfa2t3"", ""Tdg"", ""Runx1"", ""Mtdh"", 
""Ywhaq"", ""Capn3"", ""Dusp5"", ""Ilf3"", ""Ybx3"", ""Cdk6"", ""Trps1"", ""Trim27"", ""Akirin2"", ""Cbx5"", ""Hcfc1"", ""Kdm2b"", ""Lef1"", ""Myef2"", ""Sap30"", ""Psmc5"", ""Uhrf1"", ""Egr1"", ""Scmh1"", ""Parp1"", ""Srebf2"", ""Rfc1"", ""Hdac2"", ""Strap"", ""Tfdp2"", ""Ppid"", ""Elk3"", ""Zbtb38"", ""Phb2"", ""Cby1"", ""Pcna"", ""Klf10"", ""Nkap"", ""Hmga1"", ""Drap1"", ""E2f8"", ""Hbp1"", ""Pkig"", ""Morc1"", ""Nfatc1"", ""Etv5"", ""Cited2"", ""Elk4"", ""Plk1"", ""Dnmt1"", ""Prmt5"", ""Notch1"", ""Cdk2"", ""Birc5"", ""Suv39h1"", ""Pole3"", ""Wdr5"", ""Pa2g4"", ""Rreb1"", ""Aurkb"", ""Tcerg1"", ""Cenpf"", 
""Coq7"", ""Cdkn1c"", ""Sox13"", ""Ylpm1"", ""Cnbp"", ""Taf3"", ""Atxn1"", ""Zfpm1"", ""Lyar"", ""Pou2f1"", ""Nelfa"", ""Cbx2"", ""Uri1"", ""Depdc1a"", ""Ehmt2"", ""Cxxc5"", ""Hivep1"", ""Nfkbie"", ""Samd1"", ""Cops2"", ""Notch3"", ""Rif1"", ""Zfp101"", ""Cbfb"", ""Nr4a3"", ""Tcf7l2"", ""Mxd3"", ""Zc3h4"", ""Rbbp7"", ""Gmnn"", ""Smad3"", ""Hoxa7"", ""Atf5"", ""Trim37"", ""Rbm15"", ""Uxt"", ""Tgif1"", ""Kctd1"", ""Ing2"", ""Bcor"", ""Pspc1"", ""Sgf29"", ""Hes1"")"
"404","MIR_146A_5P_MIR_146B_5P","0.00457343691484815","0.033571467671001","0.407017918923954","-0.664928396595107","-1.57715613431358","20","c(""Hnrnpa2b1"", ""Kras"", ""Uqcrq"", ""Hnrnpd"", ""Kdm2b"", ""Tdrkh"", ""Nfat5"")"
"405","REACTOME_SIGNALING_BY_RECEPTOR_TYROSINE_KINASES","0.00530504025671143","0.0375118942019852","0.407017918923954","-0.458220320679339","-1.57685010030314","106","c(""Calm2"", ""Hsp90aa1"", ""Calm3"", ""Kras"", ""Hnrnpa1"", ""Nedd4"", ""Nck2"", ""Ubb"", ""Jup"", ""Nab2"", ""Stat5b"", ""Ptprf"", ""Hdac1"", ""Ptbp1"", ""Polr2k"", ""Itgb1"", ""Akt1"", ""Mapk1"", ""Pak1"", ""Polr2c"", ""Polr2i"", ""Stat5a"", ""Polr2d"", ""Hras"", ""Atf1"", ""Baiap2"", ""Egr2"", ""Abi2"", ""Spred1"", ""Dusp6"", ""Ppp2r5d"", ""Igf1r"", ""Ncbp1"", ""Prkcd"", ""Atp6v1a"", ""Rock2"", ""Nrp1"", ""Vegfb"", ""Polr2b"", ""Gtf2f2"")"
"406","GOMF_TRANSCRIPTION_FACTOR_BINDING","6.82138004796502e-05","0.00127119717861593","0.538434096309916","-0.421959091775692","-1.57648820397594","243","c(""Satb1"", ""Hmgb1"", ""Ptma"", ""Chchd2"", ""Ets1"", ""Lmo4"", ""Tcf12"", ""Cbx3"", ""Psma6"", ""Ezh2"", ""Gata3"", ""Sumo2"", ""Mtf2"", ""Rorc"", ""Ctcf"", ""Smarca4"", ""Dhx9"", ""Hnrnpu"", ""Gtf2a2"", ""Tcf3"", ""Ddx3x"", ""Nr3c1"", ""Rad21"", ""Nfkbia"", ""Jup"", ""Nab2"", ""Bcl6"", ""Hmgb2"", ""Stat5b"", ""Thrap3"", ""Hdac1"", ""Suz12"", ""Tcf4"", ""Id3"", ""Eif4e"", ""Tacc2"", ""Hdgf"", ""Gtf2e2"", ""Nfatc3"", ""Brd8"", ""Tdg"", ""Runx1"", ""Mtdh"", ""Trib1"", ""Psmc1"", ""Nfyb"", ""Cbx5"", ""Hcfc1"", ""Psip1"", ""Lef1"", ""Uba2"", ""Tox2"", ""Psmc5"", ""Parp1"", ""Stat5a"", ""Hdac2"", ""Park7"", ""Tfdp2"", 
""Ruvbl1"", ""Ppid"", ""Bcl10"", ""Pcna"", ""Baiap2"", ""Hspa4"", ""Nucks1"", ""Hmga1"", ""Drap1"", ""Taf1"", ""Cebpg"", ""Egr2"", ""Nfatc1"", ""Psmc3ip"", ""Cited2"", ""Snf8"", ""Nfya"", ""Nfat5"", ""Dnmt1"", ""Nop58"", ""Fkbp4"", ""Med19"", ""Actn4"", ""Nr4a1"", ""Smarcb1"", ""Nfkbid"", ""Usp11"", ""Rad23b"", ""Rbbp8"", ""Tcerg1"", ""Cenpf"", ""Med30"", ""Ncapg2"", ""Pim1"", ""Psmc2"", ""Taf3"", ""Zfpm1"", ""Lyar"", ""Kpna2"")"
"407","MIR_200C_3P","0.00318720452406459","0.0258965970963729","0.431707695803346","-0.480403254726361","-1.5751164121556","85","c(""Myb"", ""Ets1"", ""Cbx3"", ""Tubb5"", ""Mtf2"", ""Srsf1"", ""Hnrnpd"", ""Dek"", ""Hmgb3"", ""Nck2"", ""Nr3c1"", ""Syncrip"", ""Suz12"", ""Asf1a"", ""Eif5b"", ""Tsc22d1"", ""Sfr1"", ""Pds5b"", ""Psip1"", ""Clic4"", ""Mmd"", ""Strap"", ""Fli1"", ""Slk"", ""Fbxw7"", ""Ypel2"", ""Pgm2l1"", ""Ptpn14"")"
"408","REACTOME_DEADENYLATION_DEPENDENT_MRNA_DECAY","0.00592942402735146","0.0409029937968182","0.407017918923954","-0.651120986648764","-1.5740031281853","21","c(""Eif4a1"", ""Eif4a3"", ""Eif4e"", ""Lsm3"", ""Nt5c3b"", ""Lsm2"", ""Eif4g1"", ""Exosc3"", ""Lsm5"")"
"409","GOMF_CIS_REGULATORY_REGION_SEQUENCE_SPECIFIC_DNA_BINDING","9.60871243061301e-05","0.00166695290425379","0.538434096309916","-0.416925226219822","-1.57384413511075","260","c(""Satb1"", ""H3f3a"", ""Tcf7"", ""Sox4"", ""H3f3b"", ""Cux1"", ""Myb"", ""Ets1"", ""Tcf12"", ""Maz"", ""Ezh2"", ""Gata3"", ""Hivep3"", ""Rorc"", ""Ctcf"", ""Smarca4"", ""Dhx9"", ""Mxd4"", ""Ikzf1"", ""Patz1"", ""Ccar1"", ""Rbmxl1"", ""Hnrnpu"", ""Rbbp4"", ""Tcf3"", ""Nr3c1"", ""Ikzf2"", ""Gfi1"", ""Xbp1"", ""Bcl6"", ""Hmgb2"", ""Stat5b"", ""Thrap3"", ""Hdac1"", ""Suz12"", ""Tcf4"", ""Hdgf"", ""Nfatc3"", ""Ikzf3"", ""Runx1"", ""E2f4"", ""Pknox1"", ""Nfyb"", ""Hcfc1"", ""Zfp704"", ""Kdm2b"", ""Lef1"", ""Myef2"", ""Uhrf1"", ""Egr1"", ""Klf13"", ""Srebf2"", ""Stat5a"", ""Hdac2"", ""E2f2"", ""Fli1"", ""Elk3"", 
""Zbtb38"", ""Atf1"", ""Klf10"", ""Hmga1"", ""Cebpg"", ""E2f8"", ""Hbp1"", ""Egr2"", ""Mga"", ""Nfatc1"", ""Nfya"", ""Elk4"", ""Nfat5"")"
"410","MIR_466N_3P","0.00429445008954534","0.0320312633947391","0.407017918923954","-0.490316290387278","-1.57304232981797","75","c(""Calm2"", ""Cd8a"", ""Mns1"", ""Psmc6"", ""Stag2"", ""Rad21"", ""Nfkbia"", ""St8sia4"", ""Tmpo"", ""Eif5b"", ""Itgb1"", ""Ikzf3"", ""Cks2"", ""Camk2d"", ""Cdk6"", ""Med14"", ""Ssbp1"", ""Ctdspl2"", ""Bmp2k"", ""Exosc3"", ""Gdi2"", ""Rock2"", ""Zwint"", ""Kif3a"", ""Spry1"", ""Cops2"", ""Prim2"", ""Rif1"", ""Zdhhc21"", ""Slc6a19"", ""Mcm6"", ""Pdik1l"", ""Grsf1"", ""Trio"")"
"411","REACTOME_CELLULAR_SENESCENCE","0.00682012362604401","0.045287188721444","0.407017918923954","-0.5360515590485","-1.57294440819095","45","c(""Txn1"", ""Ets1"", ""Ube2s"", ""Ezh2"", ""Lmnb1"", ""Anapc5"", ""Rbbp4"", ""Ube2e1"", ""Ubb"", ""Suz12"", ""Asf1a"", ""Ccna2"", ""Mapk1"", ""H1f0"", ""Cdk6"", ""Cdc16"", ""Cdk4"", ""Hmga1"", ""Ccne2"", ""Ube2c"", ""Cdk2"")"
"412","GOBP_REGULATORY_NCRNA_PROCESSING","0.00489325263551244","0.0354465029048128","0.407017918923954","-0.663015429212055","-1.57261873110089","20","c(""Srsf3"", ""Hnrnpa2b1"", ""Ddx3x"", ""Larp7"", ""Rbm3"", ""Srrt"", ""Tdrkh"", ""Tdrd5"", ""Exosc3"", ""Ncbp1"", ""Dgcr8"")"
"413","GOCC_CILIARY_BASAL_BODY","0.0064337874902854","0.0434205494525453","0.407017918923954","-0.52992390345738","-1.57072516182834","51","c(""Ssna1"", ""Pin1"", ""Pcm1"", ""Akt1"", ""B9d2"", ""Ccdc88a"", ""Rilpl2"", ""Cby1"", ""Cfap20"", ""Ift57"", ""Topors"", ""Psmb4"", ""Aurka"", ""Pcnt"", ""Tubg1"", ""Cep250"", ""Ahi1"", ""Cenpf"", ""Dnaaf2"", ""Odf2"", ""Jade1"", ""Rpgr"", ""Ccdc61"", ""Kifap3"", ""Alms1"", ""Cep290"", ""Poc1a"", ""Enkd1"", ""Poc1b"", ""Spag5"", ""Cetn3"", ""Ssx2ip"", ""Ift80"", ""Cdc45"", ""Rpgrip1l"", ""Ccdc66"", ""Cep78"", ""Odf2l"")"
"414","GOBP_POSTSYNAPSE_ORGANIZATION","0.00425049415991006","0.0318987026801193","0.407017918923954","-0.508035503144798","-1.56961937700942","63","c(""Marcks"", ""Hnrnpm"", ""Colq"", ""Rapsn"", ""Caprin1"", ""Rheb"", ""Ptprf"", ""Bhlhb9"", ""Itgb1"", ""Ckap5"", ""Akt1"", ""Srgn"", ""Slc7a11"", ""Baiap2"", ""Vps35"", ""Abi2"", ""Etv5"", ""Igf1r"", ""Rock2"", ""Dtnbp1"", ""Tiam1"", ""Nrp1"", ""Eef2k"")"
"415","GOBP_NEGATIVE_REGULATION_OF_NUCLEOBASE_CONTAINING_COMPOUND_METABOLIC_PROCESS","3.79974117607778e-06","0.000106043984416432","0.627256739718528","-0.397089642517477","-1.56898912911475","430","c(""Satb1"", ""Hmgb1"", ""Tcf7"", ""Sox4"", ""Txn1"", ""Sfpq"", ""Hnrnpab"", ""Cux1"", ""Hnrnpa2b1"", ""Myb"", ""Cbx1"", ""Lmo4"", ""Ybx1"", ""Mier1"", ""Maz"", ""Cbx3"", ""Xrcc6"", ""Ezh2"", ""Gata3"", ""Hnrnpc"", ""Smo"", ""Sumo2"", ""Srsf7"", ""Srsf9"", ""Srsf6"", ""Smarca5"", ""Rorc"", ""Ctcf"", ""Srsf1"", ""Trim28"", ""Eid1"", ""Smarca4"", ""Dhx9"", ""Mxd4"", ""Nedd4"", ""Basp1"", ""Ikzf1"", ""Hnrnpd"", ""Patz1"", ""Hnrnpu"", ""Rbbp4"", ""Tcf3"", ""Hmgn2"", ""Srsf10"", ""Dap"", ""Nck2"", ""Nr3c1"", ""Nab2"", ""Gfi1"", ""Xbp1"", ""Bcl6"", ""Hmgb2"", ""Raly"", ""Thrap3"", ""Larp7"", ""Hdac1"", ""Ptbp1"", 
""Mbd3"", ""Syncrip"", ""Suz12"", ""Msh6"", ""Tcf4"", ""Id3"", ""Bclaf1"", ""Hdgf"", ""U2af2"", ""Nfatc3"", ""Cbfa2t3"", ""Tdg"", ""Runx1"", ""Mtdh"", ""Fbxo5"", ""H1f0"", ""Ywhaq"", ""Capn3"", ""Dusp5"", ""Ilf3"", ""Ybx3"", ""Cdk6"", ""Trps1"", ""Trim27"", ""Akirin2"", ""Cbx5"", ""Hcfc1"", ""Kdm2b"", ""Pds5a"", ""Lef1"", ""Myef2"", ""Rnps1"", ""Sap30"", ""Gzma"", ""Psmc5"", ""Uhrf1"", ""Egr1"", ""Scmh1"", ""Parp1"", ""Srebf2"", ""Rfc1"", ""Hdac2"", ""Strap"", ""Tfdp2"", ""Ppid"", ""Elk3"", ""Terf1"", ""Zbtb38"", ""Phb2"", ""Cby1"", ""Pcna"", ""Klf10"", ""Nkap"", ""Hmga1"", ""Drap1"", ""E2f8"", ""Hbp1"", ""Pkig"", 
""Morc1"", ""Nfatc1"", ""Etv5"", ""Cited2"", ""Elk4"", ""Plk1"", ""Dnmt1"", ""Taf15"", ""Prmt5"", ""Tipin"", ""Notch1"", ""Fmr1"", ""Cdk2"", ""Birc5"", ""Suv39h1"", ""Pole3"", ""Larp4b"", ""Wdr5"", ""Pa2g4"", ""Rreb1"", ""Aurkb"", ""Tcerg1"", ""Rmi2"", ""Dusp1"", ""Cenpf"", ""Coq7"", ""Cdkn1c"", ""Srsf4"", ""Sox13"")"
"416","GOBP_TELOMERE_ORGANIZATION","0.00443186960643683","0.0328663808939481","0.407017918923954","-0.487287436947987","-1.56795816420493","76","c(""H3f3a"", ""H3f3b"", ""Hnrnpa2b1"", ""Xrcc6"", ""Ezh2"", ""Hsp90aa1"", ""Hnrnpc"", ""Hnrnpd"", ""Hnrnpu"", ""Tcp1"", ""Cct7"", ""Actl6a"", ""Mapk1"", ""Cct2"", ""Parp1"", ""Smc5"", ""Ruvbl1"", ""Uchl5"", ""Terf1"", ""Pcna"", ""Cct3"", ""Ccne2"", ""Nsmce2"", ""Ptges3"", ""Cct8"", ""Aurkb"", ""Hat1"", ""Ylpm1"")"
"417","GOBP_POSITIVE_REGULATION_OF_MRNA_PROCESSING","0.00639982693149145","0.0432925060693514","0.407017918923954","-0.680803794008938","-1.56661389358026","17","c(""Ncl"", ""Rbmxl1"", ""Eif4a3"", ""Clns1a"", ""Thrap3"", ""Rbm3"", ""Leo1"", ""Ccnb1"", ""Prmt5"", ""Sf3b4"", ""Ncbp1"", ""Prpf19"", ""Dazap1"")"
"418","MIR_532_5P","0.00756875335886923","0.0487998751720843","0.407017918923954","-0.671437841373355","-1.56533381615466","18","c(""Ap3s1"", ""Kras"", ""Smarcc1"", ""Bhlhb9"", ""Cdk6"", ""Klf13"")"
"419","MIR_6339","0.00756875335886923","0.0487998751720843","0.407017918923954","-0.671437841373355","-1.56533381615466","18","c(""Ap3s1"", ""Kras"", ""Smarcc1"", ""Bhlhb9"", ""Cdk6"", ""Klf13"")"
"420","MIR_6386","0.00756875335886923","0.0487998751720843","0.407017918923954","-0.671437841373355","-1.56533381615466","18","c(""Ap3s1"", ""Kras"", ""Smarcc1"", ""Bhlhb9"", ""Cdk6"", ""Klf13"")"
"421","MIR_669B_3P","0.000411326734350494","0.00529228183595279","0.49849310876659","-0.42467273493947","-1.56302214677075","195","c(""Arpp21"", ""Tcf12"", ""Ifngr1"", ""Mtf2"", ""Brd3"", ""Hnrnpdl"", ""Dek"", ""Naa15"", ""Hnrnpr"", ""Nr3c1"", ""Ikzf2"", ""Magoh"", ""Nfkbia"", ""Morf4l2"", ""St8sia4"", ""Syncrip"", ""Slc38a1"", ""Asf1a"", ""Pdap1"", ""Raph1"", ""Ccna2"", ""Bcl2l11"", ""Cks2"", ""Camk2d"", ""Trib1"", ""Cdk19"", ""Nfyb"", ""Cbx5"", ""Lef1"", ""Mzt1"", ""Slc7a11"", ""Ccnb1"", ""Zcchc8"", ""Ctdspl2"", ""Nusap1"", ""Eri1"", ""Kif11"", ""Pitpnb"", ""Hbp1"", ""Pgm2l1"", ""Akap12"", ""Tspan2"", ""Arl6ip6"", ""Cdc42ep3"", ""Spc25"", ""Nfat5"", ""Clspn"", ""Spred1"", ""Brcc3"", ""Suv39h1"", ""Prkcd"", ""Mphosph9"", ""Rock2"", 
""Hat1"", ""Denr"", ""Tiam1"", ""Atad5"", ""Psma3"", ""Hmgxb4"", ""Hecw2"", ""Kif23"", ""Nsmce4a"", ""Kif3a"", ""Ppp1r7"", ""Spry1"", ""Hivep1"", ""Fbxo45"", ""Slc4a7"", ""Topbp1"", ""Kif20b"", ""Rif1"", ""Creld2"", ""Cntrob"", ""Lcorl"", ""Etaa1"", ""Cbfb"", ""Tcf7l2"", ""Zc3h4"", ""Sms"")"
"422","GOCC_MITOCHONDRIAL_ENVELOPE","0.000242859203926067","0.00350749405270223","0.518848077743792","-0.410275011951539","-1.5623354595506","280","c(""Calm2"", ""Chchd2"", ""Slc25a5"", ""Atp5b"", ""Calm3"", ""Atp5h"", ""Cox7a2"", ""Atp5g3"", ""Cox7c"", ""Vdac1"", ""Atp5k"", ""Uqcr11"", ""Uqcrq"", ""Cox6a1"", ""Atp5j2"", ""Tomm7"", ""Ndufs6"", ""Uqcrb"", ""Ubb"", ""Ndufb7"", ""Prelid1"", ""Atp5a1"", ""Ndufc2"", ""Mtch1"", ""Atp5j"", ""Chdh"", ""Ndufb8"", ""Ndufb6"", ""Atp5o"", ""Cycs"", ""Ndufa5"", ""Timm8b"", ""Dnajc15"", ""Idh2"", ""Chchd3"", ""Atp5c1"", ""Mrpl18"", ""Mrps28"", ""Slc25a37"", ""Mtx2"", ""Pgrmc1"", ""Immt"", ""Tyms"", ""Vdac2"", ""Ndufc1"", ""Tomm40"", ""Ndufa4"", ""Vdac3"", ""Uqcr10"", ""Mpc1"", ""Mrpl20"", ""Ndufs8"", ""Mrps33"", 
""Mrps14"", ""Timm13"", ""Cyb5b"", ""Ndufb9"", ""Mrpl13"", ""Park7"", ""Romo1"", ""Phb2"", ""Mdh2"", ""Cox5a"", ""Pebp1"", ""Ndufab1"", ""Mrpl51"", ""Mrpl50"", ""Mrpl49"", ""Bbc3"", ""Tomm20"", ""Mrpl21"", ""Cox6b2"", ""mt-Nd1"", ""Cox5b"", ""Uqcrfs1"", ""Tmem256"", ""Mrpl34"", ""Sdhb"", ""Nrgn"", ""Hspd1"", ""Pam16"", ""Atp5d"", ""Mrps6"", ""Prodh"", ""Mrps11"", ""Mrps17"", ""Acsl3"", ""Srgap2"", ""Mrpl3"", ""Ndufa12"", ""Ndufv2"", ""Fundc2"", ""Chchd1"", ""Mrps5"", ""Mrps12"", ""Coq7"", ""Ndufb10"", ""Mrpl46"", ""Mrps25"", ""Mrpl41"", ""Aifm1"", ""Ndufb2"", ""Mrpl35"", ""Tmem14c"", ""Bid"", ""Mrpl15"", 
""Mrpl28"", ""Sod1"", ""Pmpcb"", ""Got2"", ""Mrpl36"", ""Mrpl57"", ""Slc25a3"", ""Mrpl12"", ""Cyc1"", ""Tomm70a"", ""Chchd6"", ""Crls1"", ""Mrpl38"", ""Samm50"", ""Hax1"", ""Mrpl45"", ""Ndufs1"", ""Mrpl54"", ""Cisd1"", ""Sdhc"", ""Mrpl27"", ""Gadd45gip1"", ""Mrpl14"", ""Mrps18c"", ""Mtx1"", ""Sdhd"", ""Nme1"", ""Mrpl1"", ""Akap1"", ""Mrps22"")"
"423","REACTOME_EXTRA_NUCLEAR_ESTROGEN_SIGNALING","0.00669166239336167","0.0448189744184019","0.407017918923954","-0.646062083622262","-1.56177386610932","21","c(""Calm2"", ""Hsp90aa1"", ""Calm3"", ""Kras"", ""Akt1"", ""Mapk1"", ""Prmt1"", ""Hras"", ""Gng12"", ""Igf1r"")"
"424","GOBP_CELL_CELL_SIGNALING","1.61502655166338e-05","0.000365882681919974","0.575610261071129","-0.399120052331807","-1.56158822522807","380","c(""Tcf7"", ""Sh2d1a"", ""Sox4"", ""Cd24a"", ""Camk4"", ""Dynll1"", ""Myb"", ""Ly6e"", ""Thy1"", ""Ezh2"", ""Gata3"", ""Kras"", ""Smo"", ""Vdac1"", ""Dbi"", ""Rapsn"", ""Smarca4"", ""Nedd4"", ""Pin1"", ""Ppt1"", ""Slc29a1"", ""Eif4a3"", ""Tubb2b"", ""Ddx3x"", ""Nr3c1"", ""Jup"", ""Xbp1"", ""Atp5j"", ""Hdac1"", ""Ptbp1"", ""Slc38a1"", ""Leo1"", ""Als2"", ""Eif4e"", ""Itgb1"", ""Ckap5"", ""Dgke"", ""Runx1"", ""Mapk1"", ""Syt13"", ""Slc16a1"", ""Fabp5"", ""Srgn"", ""Hcfc1"", ""Serp1"", ""Lef1"", ""Pak1"", ""Slc7a11"", ""Psmc5"", ""Nrros"", ""Egr1"", ""Vdac3"", ""Hmgcr"", ""Hdac2"", ""P2rx7"", ""P2rx1"", ""Park7"", 
""Ndufaf2"", ""Ruvbl1"", ""Eny2"", ""Hras"", ""Hmgn3"", ""Ddb1"", ""Ptger4"", ""Exoc4"", ""Raf1"", ""Glul"", ""Cby1"", ""Baiap2"", ""Hmga1"", ""Hbp1"", ""Tnfaip3"", ""Rnf43"", ""Vps35"", ""Akap12"", ""Wnt8b"", ""Etv5"", ""Cdc20"", ""Nrgn"", ""Notch1"", ""Fmr1"", ""Rab1a"", ""Nr4a1"", ""Birc5"")"
"425","GOBP_POSITIVE_REGULATION_OF_PROTEIN_IMPORT_INTO_NUCLEUS","0.00669166239336167","0.0448189744184019","0.407017918923954","-0.645838314188873","-1.56123293163575","21","c(""Hsp90aa1"", ""Smo"", ""Trim28"", ""Hsp90ab1"", ""Jup"", ""Xbp1"", ""Mapk1"", ""Ran"", ""Cdk1"", ""Ect2"", ""Prkcd"")"
"426","SERVITJA_LIVER_HNF1A_TARGETS_UP","0.00672543216133926","0.0448646900647308","0.407017918923954","-0.506745542360162","-1.56105803179666","61","c(""Stmn1"", ""Anxa2"", ""Ly6d"", ""Ccna2"", ""Mmd"", ""Galk1"", ""Ccnb1"", ""Kif11"", ""Ccnb2"", ""Akap12"", ""Cdca8"", ""Cdc20"", ""Ube2c"", ""Ect2"", ""Tpx2"", ""Aurkb"", ""Mad2l1"", ""Cdkn1c"", ""Ly6k"", ""Kif20a"", ""Rgs2"", ""Kif2c"", ""Esco2"", ""Mcm2"", ""Anln"", ""Hmmr"", ""Rragd"", ""Nek2"", ""Maoa"", ""Bub1"", ""Gas2l3"", ""Gadd45b"", ""Impa2"", ""Arhgap18"")"
"427","GOCC_RNA_POLYMERASE_II_TRANSCRIPTION_REGULATOR_COMPLEX","0.00468930885612833","0.0343347747298522","0.407017918923954","-0.461595692852368","-1.55921878375086","97","c(""Tcf7"", ""Sfpq"", ""Hnrnpab"", ""Myb"", ""Anxa2"", ""Lmo4"", ""Tcf12"", ""Cbx3"", ""Trim28"", ""Mxd4"", ""Gtf2h4"", ""Hnrnpu"", ""Gtf2a2"", ""Tcf3"", ""Xbp1"", ""Tcf4"", ""Gtf2e2"", ""Runx1"", ""E2f4"", ""Nfyb"", ""Lef1"", ""Ccnh"", ""Psmc5"", ""Med7"", ""Med14"", ""E2f2"", ""Tfdp2"", ""Eny2"", ""Atf1"", ""Hmga1"", ""Drap1"", ""Taf1"", ""Cebpg"", ""E2f8"")"
"428","GOBP_MRNA_CATABOLIC_PROCESS","0.0077898724429044","0.0498362049863331","0.407017918923954","-0.500738974968588","-1.55856399985474","64","c(""Hnrnpab"", ""Ybx1"", ""Hnrnpc"", ""Srsf1"", ""Caprin1"", ""Dhx9"", ""Hnrnpd"", ""Hnrnpu"", ""Eif4a3"", ""Hnrnpr"", ""Magoh"", ""Thrap3"", ""Rbm8a"", ""Gspt1"", ""Ptbp1"", ""Syncrip"", ""Ssb"", ""Rnps1"", ""Lsm2"", ""Exosc3"", ""Lsm5"", ""Carhsp1"", ""Khsrp"", ""Taf15"", ""Fmr1"", ""Zfp36l1"", ""Larp4b"", ""Ncbp1"", ""Rock2"", ""Etf1"")"
"429","GOBP_DNA_REPLICATION","0.000715608988142067","0.0082025260406681","0.477270815362862","-0.437042125827616","-1.55848328297489","153","c(""Smarca5"", ""Lig4"", ""Dhx9"", ""Smc3"", ""Rbbp4"", ""Mcm7"", ""Supt16"", ""Alyref"", ""Asf1a"", ""Id3"", ""Actl6a"", ""Nasp"", ""Ccna2"", ""Fbxo5"", ""Rrm1"", ""Pds5a"", ""Parp1"", ""Ccdc88a"", ""Rfc1"", ""Lig1"", ""Ruvbl1"", ""Hras"", ""Dbf4"", ""Ssbp1"", ""Uchl5"", ""Terf1"", ""Zbtb38"", ""Atf1"", ""Pcna"", ""Cdk1"", ""Nucks1"", ""E2f8"", ""Ccne2"", ""Cacybp"", ""Rfc4"", ""Rpa3"", ""Tipin"", ""Cdk2"", ""Tk1"", ""Orc6"", ""Pole3"", ""Cst3"", ""Rbbp8"", ""Rmi2"", ""Atad5"", ""Wdr18"", ""Rfc3"", ""Jade1"", ""Ehmt2"", ""Dnajc2"", ""Wrn"", ""Gins1"", ""Ruvbl2"", ""Esco2"", ""Topbp1"", ""Prim2"", ""Etaa1"", 
""Rfwd3"", ""Rbbp7"", ""Gmnn"", ""Nfia"", ""Pola1"", ""Mcm2"", ""Gtpbp4"", ""Cdc6"", ""Recql"", ""Faf1"", ""Ddx11"", ""Mcm6"", ""Usp37"", ""Orc2"", ""Dna2"", ""Gins2"", ""Sin3a"", ""Fen1"", ""Chaf1a"", ""Cdc7"", ""Fancm"", ""Blm"", ""Rpa1"", ""Pole4"", ""Dtl"", ""Pif1"", ""Cdc45"", ""Rad50"", ""Brca2"", ""Mre11a"", ""Prim1"", ""Polk"", ""Bard1"", ""Pola2"", ""Noc3l"", ""Rad51"", ""Stra8"", ""Ctc1"", ""Brca1"", ""Traip"", ""Mcm10"", ""E2f7"")"
"430","HEVNER_CORTEX_RADIAL_GLIA_PROGENITORS","0.000109033971791822","0.00184718256610369","0.538434096309916","-0.409549926707983","-1.55829466188457","281","c(""Ifngr1"", ""Cdca7"", ""Mns1"", ""Dbi"", ""Sypl"", ""Lbr"", ""Mcm7"", ""Prps2"", ""Bcl7c"", ""Rrm2"", ""Larp7"", ""Dtymk"", ""Ccna2"", ""Pbk"", ""Fbxo5"", ""Slbp"", ""Ccdc34"", ""Hspa14"", ""Tyms"", ""Uhrf1"", ""Usp1"", ""Rfc1"", ""P2rx7"", ""Lig1"", ""Mrpl13"", ""Cnih4"", ""Nde1"", ""Dbf4"", ""Ranbp1"", ""Nusap1"", ""Glul"", ""Top2a"", ""Cdkn2c"", ""Cdk1"", ""Kif11"", ""E2f8"", ""Ccne2"", ""Ccnb2"", ""Cdca3"", ""Nudt5"", ""Spc24"", ""Nsmce2"", ""Cdca8"", ""Ncaph"", ""Spc25"", ""Clspn"", ""Spred1"", ""Aurka"", ""Plk1"", ""Dnmt1"", ""Cenpe"", ""Rfc4"", ""Cenpl"", ""Prc1"", ""Notch1"", ""Incenp"", ""Cenpq"", 
""Birc5"", ""Tpx2"", ""Aurkb"", ""Mad2l1"", ""Tex9"", ""Arl6ip4"", ""Hat1"", ""Ccnf"", ""Bub1b"", ""Msl3"", ""Tacc3"", ""2810004N23Rik"", ""Mrpl35"", ""Kif23"", ""Asrgl1"", ""Rfc3"", ""Mybl2"", ""Paics"", ""Nxn"", ""Ncapg"", ""Rgcc"", ""Cmc2"", ""Phgdh"", ""Shcbp1"", ""Asf1b"", ""Notch3"", ""Gins1"", ""Mfge8"", ""Kif20b"", ""Prim2"", ""Metrn"", ""Cenpp"", ""Kif4"", ""Neil3"", ""Rnaseh2b"", ""Cenpa"", ""Mis18bp1"", ""Knstrn"", ""Tcf7l2"", ""Mxd3"", ""Ska1"", ""Rbbp7"", ""Pitrm1"", ""Nudt1"", ""Plod2"", ""Gmnn"", ""Smad3"", ""Dlgap5"", ""Pola1"", ""Mcm2"", ""Snx5"", ""Cdc6"", ""Nuf2"", ""Anln"", ""Ndc80"", 
""Exo1"", ""Ubr7"", ""Aldh9a1"", ""Mcm6"", ""Foxm1"", ""Asxl1"", ""Rad51ap1"", ""Tns3"", ""Ercc6l"", ""Naa38"", ""Cdca5"", ""Plekha7"", ""Cenpk"", ""Commd1"", ""Cep192"", ""Fen1"", ""Ttk"", ""Gcsh"", ""Fignl1"", ""Spag5"", ""Rbl1"", ""Ube2t"", ""Gas2l3"", ""Gpsm2"", ""Pnp"", ""Blm"", ""Tinf2"", ""Cep76"", ""Lrr1"", ""Dhfr"", ""Mid1"", ""Mis18a"", ""Rpa1"", ""Trip13"", ""Hells"", ""Tulp3"", ""Fam167a"", ""Dtl"", ""Arhgef39"", ""Pif1"", ""Cdc45"", ""Stil"", ""Brca2"", ""Melk"", ""Aspm"", ""Cenpn"", ""Cdca2"", ""Prr11"")"
"431","GOBP_CELL_CYCLE_G2_M_PHASE_TRANSITION","0.00491283854118196","0.0354465029048128","0.407017918923954","-0.484275440210557","-1.5582663796094","76","c(""Calm2"", ""Calm3"", ""Lmnb1"", ""Rcc2"", ""Rad21"", ""Ube2a"", ""Arpp19"", ""Ccna2"", ""Camk2d"", ""Fbxo5"", ""Cdk6"", ""Rrm1"", ""Ccnb1"", ""Cdk4"", ""Cdk1"", ""Cdc25a"", ""Ccnb2"", ""Inip"", ""Clspn"", ""Plk1"", ""Brcc3"", ""Cdk2"", ""Birc5"", ""Rbbp8"", ""Aurkb"", ""Cenpf"", ""Atad5"", ""Hacd1"", ""Skp2"", ""Topbp1"", ""Rnaseh2b"", ""Atf5"", ""Cdc6"", ""Ndc80"", ""Foxm1"", ""Sin3a"", ""Paxip1"", ""Cdc7"", ""Miip"", ""Blm"", ""Cdc25c"", ""Fzr1"", ""Dtl"", ""Rad50"", ""Mre11a"", ""Mbd4"", ""Babam1"", ""Bard1"", ""Kif14"", ""Cdkn1a"", ""Mastl"", ""Ctc1"", ""Brca1"", ""Chek2"")"
"432","GOBP_NEGATIVE_REGULATION_OF_TRANSCRIPTION_BY_RNA_POLYMERASE_II","0.00015192404629636","0.00238495982460346","0.518848077743792","-0.411179060967236","-1.55720214146425","269","c(""Satb1"", ""Hmgb1"", ""Tcf7"", ""Sox4"", ""Txn1"", ""Sfpq"", ""Hnrnpab"", ""Cux1"", ""Hnrnpa2b1"", ""Myb"", ""Cbx1"", ""Lmo4"", ""Ybx1"", ""Mier1"", ""Maz"", ""Cbx3"", ""Ezh2"", ""Gata3"", ""Smo"", ""Rorc"", ""Ctcf"", ""Trim28"", ""Eid1"", ""Smarca4"", ""Mxd4"", ""Nedd4"", ""Ikzf1"", ""Patz1"", ""Hnrnpu"", ""Rbbp4"", ""Tcf3"", ""Hmgn2"", ""Nck2"", ""Nr3c1"", ""Gfi1"", ""Xbp1"", ""Bcl6"", ""Hmgb2"", ""Raly"", ""Larp7"", ""Hdac1"", ""Mbd3"", ""Suz12"", ""Tcf4"", ""Id3"", ""Hdgf"", ""Cbfa2t3"", ""Tdg"", ""Runx1"", ""Mtdh"", ""Ybx3"", ""Cdk6"", ""Trps1"", ""Trim27"", ""Akirin2"", ""Cbx5"", ""Hcfc1"", ""Kdm2b"", 
""Lef1"", ""Myef2"", ""Sap30"", ""Uhrf1"", ""Egr1"", ""Parp1"", ""Srebf2"", ""Rfc1"", ""Hdac2"", ""Strap"", ""Ppid"", ""Pcna"", ""Nkap"", ""Hmga1"", ""Drap1"", ""E2f8"", ""Hbp1"", ""Pkig"", ""Nfatc1"", ""Etv5"", ""Cited2"", ""Elk4"", ""Plk1"", ""Dnmt1"", ""Prmt5"", ""Notch1"", ""Cdk2"", ""Suv39h1"", ""Pole3"", ""Wdr5"", ""Rreb1"", ""Aurkb"", ""Tcerg1"", ""Coq7"", ""Cdkn1c"", ""Sox13"", ""Ylpm1"", ""Cnbp"", ""Taf3"", ""Atxn1"", ""Zfpm1"", ""Lyar"")"
"433","MIR_669F_3P","0.000751938190718716","0.00850087461405483","0.477270815362862","-0.422367737010627","-1.55696352716418","193","c(""Arpp21"", ""Tcf12"", ""Ifngr1"", ""Mtf2"", ""Brd3"", ""Hnrnpdl"", ""Dek"", ""Naa15"", ""Hnrnpr"", ""Nr3c1"", ""Ikzf2"", ""Magoh"", ""Nfkbia"", ""Morf4l2"", ""St8sia4"", ""Syncrip"", ""Slc38a1"", ""Asf1a"", ""Pdap1"", ""Raph1"", ""Ccna2"", ""Bcl2l11"", ""Cks2"", ""Camk2d"", ""Trib1"", ""Cdk19"", ""Nfyb"", ""Cbx5"", ""Lef1"", ""Mzt1"", ""Slc7a11"", ""Ccnb1"", ""Zcchc8"", ""Ctdspl2"", ""Nusap1"", ""Kif11"", ""Pitpnb"", ""Hbp1"", ""Pgm2l1"", ""Akap12"", ""Tspan2"", ""Arl6ip6"", ""Cdc42ep3"", ""Spc25"", ""Nfat5"", ""Clspn"", ""Spred1"", ""Brcc3"", ""Suv39h1"", ""Prkcd"", ""Mphosph9"", ""Rock2"", ""Hat1"", 
""Denr"", ""Tiam1"", ""Atad5"", ""Psma3"", ""Hmgxb4"", ""Hecw2"", ""Kif23"", ""Nsmce4a"", ""Kif3a"", ""Ppp1r7"", ""Spry1"", ""Hivep1"", ""Fbxo45"", ""Slc4a7"", ""Topbp1"", ""Kif20b"", ""Rif1"", ""Creld2"", ""Cntrob"", ""Lcorl"", ""Etaa1"", ""Cbfb"", ""Tcf7l2"", ""Zc3h4"", ""Sms"")"
"434","MIR_142A_5P","0.00762941883212143","0.0490268660658126","0.407017918923954","-0.513525199896565","-1.55652850526501","57","c(""Cbx3"", ""Kras"", ""Srsf6"", ""Rag1"", ""Prpf40a"", ""Nck2"", ""Ube2a"", ""Mdh1"", ""Med14"", ""Cep57"", ""Ranbp1"", ""Rilpl2"", ""Dynlt1f"", ""Plk1"", ""Actn4"", ""Set"", ""Hdlbp"", ""Tiam1"", ""Ncapg2"", ""Taf3"", ""Kif15"", ""Ckap2l"", ""Skp2"", ""Fbxo45"")"
"435","MIR_742_5P","0.00707403185435644","0.046545195925532","0.407017918923954","-0.643711389629596","-1.55609135890447","21","c(""Hnrnpa2b1"", ""Ets1"", ""Gtf2a2"", ""Swi5"", ""Hdac2"", ""Ypel2"", ""Nfat5"", ""Chst2"", ""Aak1"", ""Tomm70a"", ""Slc6a19"")"
"436","GOBP_MITOCHONDRIAL_ELECTRON_TRANSPORT_NADH_TO_UBIQUINONE","0.00714541563409035","0.0467557893982553","0.407017918923954","-0.694350851630452","-1.55507234345633","15","c(""Ndufs6"", ""Ndufc2"", ""Ndufb8"", ""Ndufb6"", ""Dnajc15"", ""Ndufs8"", ""Ndufb9"", ""Park7"", ""Dld"", ""mt-Nd1"", ""Ndufv2"")"
"437","MIR_467A_3P","0.000565994933392577","0.00675568745910934","0.477270815362862","-0.42194799077964","-1.55382138177004","194","c(""Arpp21"", ""Tcf12"", ""Ifngr1"", ""Mtf2"", ""Brd3"", ""Hnrnpdl"", ""Dek"", ""Naa15"", ""Hnrnpr"", ""Nr3c1"", ""Ikzf2"", ""Magoh"", ""Nfkbia"", ""Morf4l2"", ""St8sia4"", ""Syncrip"", ""Slc38a1"", ""Asf1a"", ""Pdap1"", ""Raph1"", ""Ccna2"", ""Bcl2l11"", ""Cks2"", ""Camk2d"", ""Trib1"", ""Cdk19"", ""Nfyb"", ""Cbx5"", ""Lef1"", ""Mzt1"", ""Slc7a11"", ""Ccnb1"", ""Zcchc8"", ""Ctdspl2"", ""Nusap1"", ""Kif11"", ""Pitpnb"", ""Hbp1"", ""Pgm2l1"", ""Akap12"", ""Tspan2"", ""Arl6ip6"", ""Cdc42ep3"", ""Spc25"", ""Nfat5"", ""Clspn"", ""Spred1"", ""Brcc3"", ""Suv39h1"", ""Prkcd"", ""Mphosph9"", ""Rock2"", ""Hat1"", 
""Denr"", ""Tiam1"", ""Atad5"", ""Psma3"", ""Hmgxb4"", ""Hecw2"", ""Kif23"", ""Nsmce4a"", ""Kif3a"", ""Ppp1r7"", ""Spry1"", ""Hivep1"", ""Fbxo45"", ""Slc4a7"", ""Topbp1"", ""Kif20b"", ""Rif1"", ""Creld2"", ""Cntrob"", ""Lcorl"", ""Etaa1"", ""Cbfb"", ""Tcf7l2"", ""Zc3h4"", ""Sms"")"
"438","MCCLUNG_DELTA_FOSB_TARGETS_2WK","0.00776674109116913","0.0497433074098493","0.407017918923954","-0.692490146313691","-1.55090509663778","15","c(""Txn1"", ""Stmn1"", ""Tubb2a"")"
"439","MIR_7119_3P","1.84629799460096e-05","0.000415021926646295","0.575610261071129","-0.395354615118567","-1.54706467093581","383","c(""Satb1"", ""Sfpq"", ""Ppp1r14b"", ""Cux1"", ""Myb"", ""Marcks"", ""Ets1"", ""Tcf12"", ""Ybx1"", ""Mier1"", ""Cbx3"", ""Gata3"", ""Serbp1"", ""Sumo2"", ""Mtf2"", ""Hspa4l"", ""Trim28"", ""Cxcr4"", ""Caprin1"", ""Smarcc1"", ""Nedd4"", ""Psmb6"", ""Arhgef6"", ""Hnrnpd"", ""Ddx39b"", ""Sypl"", ""Lbr"", ""Hnrnpr"", ""Rbbp4"", ""Srsf10"", ""Supt16"", ""Ikzf2"", ""Jup"", ""Dusp10"", ""Alyref"", ""St8sia4"", ""Psmd12"", ""Syncrip"", ""Suz12"", ""U2surp"", ""Nap1l1"", ""Pdap1"", ""Eif4e"", ""Dcun1d5"", ""Raph1"", ""Gmcl1"", ""Ivns1abp"", ""Ikzf3"", ""Runx1"", ""Camk2d"", ""Mtdh"", ""Chl1"", ""Cdk19"", ""Prmt1"", 
""Cdk6"", ""Slc16a1"", ""Trps1"", ""Trim27"", ""Kdm2b"", ""Ccdc34"", ""Slc25a37"", ""Myef2"", ""Ncapd2"", ""Mzt1"", ""Slc7a11"", ""Casp8ap2"", ""Iws1"", ""Uhrf1"", ""Med14"", ""Ccdc88a"", ""Tdrd5"", ""Srebf2"", ""Tfrc"", ""Tfdp2"", ""Gfra1"", ""Zc3h18"", ""Psma1"", ""Fli1"", ""Ranbp1"", ""Slk"", ""Elk3"", ""Bcl10"", ""Ctdspl2"", ""Atf1"", ""Raf1"", ""Chsy1"", ""Sf3a1"", ""Klf10"", ""Nucks1"", ""Abi2"", ""Atp2b1"", ""Mga"", ""Ddx10"", ""Ldlrad3"", ""Khsrp"", ""Elk4"", ""Naa50"", ""Nfat5"", ""Azin1"", ""Ptges3"", ""Dnmt1"", ""Ppp1r2"", ""Prc1"", ""Aasdhppt"", ""Ddx21"", ""Notch1"", ""G2e3"", ""Fmr1"", ""Smc2"", 
""Dusp6"", ""Birc5"", ""Acsl3"", ""Mrpl3"", ""Rnpep"", ""Canx"", ""Rreb1"", ""Tial1"", ""Tcerg1"", ""Agl"", ""Nmt2"", ""Cmpk1"", ""Tiam1"", ""Atad5"", ""Hmgxb4"", ""Ppp2r3c"", ""Hecw2"", ""Atxn1"", ""Cs"", ""Gtf2f2"", ""Psme3"", ""Pou2f1"", ""Mrpl15"", ""Mafb"", ""Gsr"", ""Naa40"", ""Nsmce4a"", ""Tmed5"", ""Vkorc1l1"", ""Skp2"", ""Cxxc5"", ""Aak1"", ""Fbxo45"", ""Cdc27"", ""Arhgap19"", ""Crls1"", ""Klf6"", ""Ccdc50"")"
"440","REACTOME_FCERI_MEDIATED_CA_2_MOBILIZATION","0.00700944877780976","0.04628998961157","0.407017918923954","-0.678836163713664","-1.54565355522719","16","c(""Calm2"", ""Calm3"", ""Lat"", ""Lcp2"", ""Nfatc3"")"
"441","GOBP_ESTABLISHMENT_OF_ORGANELLE_LOCALIZATION","0.000816919203097174","0.00912832154021736","0.477270815362862","-0.42715645589348","-1.54539993776869","165","c(""Ap3s1"", ""Dynll1"", ""Lmnb1"", ""Lat"", ""Rcc2"", ""Hnrnpu"", ""Bub3"", ""Ubb"", ""Pcm1"", ""Tacc2"", ""Itgb1"", ""Mad1l1"", ""Cops5"", ""Tuba1a"", ""Ccnb1"", ""Nde1"", ""Ran"", ""Nup62"", ""Terf1"", ""Exoc4"", ""Nusap1"", ""Nudc"", ""Spc24"", ""Cdca8"", ""Snf8"", ""Spc25"", ""Plk1"", ""Cenpe"", ""Incenp"", ""Trappc1"", ""a"", ""Cenpq"", ""Rab1a"", ""Ect2"", ""Actn4"", ""Birc5"", ""Kif22"", ""Ahi1"", ""Aurkb"", ""Mad2l1"", ""Cep83"", ""Dtnbp1"", ""Cenpf"", ""Eif6"", ""Seh1l"", ""Tacc3"", ""Sdc4"", ""Atp13a2"", ""Kpnb1"", ""Syk"", ""Spry1"", ""Kif2c"", ""Cenpc1"", ""Nr4a3"", ""Cenpa"", ""Knstrn"", ""Spdl1"", 
""Nup88"", ""Kif18a"", ""Nuf2"", ""Myo1c"", ""Ndc80"", ""Zbed3"", ""Nek2"", ""Nmd3"", ""Enkd1"", ""Cdca5"", ""Syne1"", ""Nop9"", ""Cdk5rap2"", ""Cdc42bpa"", ""Spag5"", ""Gpsm2"", ""Nsl1"", ""Xpo1"", ""Psrc1"", ""Gem"")"
"442","GOMF_ATP_DEPENDENT_ACTIVITY","0.000497999920637125","0.00613421224204834","0.477270815362862","-0.418628173832689","-1.54499036791725","201","c(""Atp5b"", ""Xrcc6"", ""Hsp90aa1"", ""Eif4a1"", ""Hspa4l"", ""Psmc3"", ""Smarca5"", ""Smc4"", ""Psmc4"", ""Smarca4"", ""Dhx9"", ""Psmc6"", ""Ddx39b"", ""Smc3"", ""Eif4a3"", ""Rbbp4"", ""Ddx19a"", ""Hsp90ab1"", ""Ddx3x"", ""Mcm7"", ""Ddx46"", ""Tcp1"", ""Atp5a1"", ""Atp5j"", ""Msh6"", ""Cct7"", ""Atp5o"", ""Sae1"", ""Psmc1"", ""Ddx1"", ""Atp5c1"", ""Nav2"", ""Hspa14"", ""Cct2"", ""Smc1a"", ""Uba2"", ""Psmc5"", ""Smc5"", ""Rfc1"", ""Ruvbl1"", ""Abcf2"", ""Top2a"", ""Hspa4"", ""Kif11"", ""Cct3"", ""Atp2b1"", ""Ddx10"", ""Tomm20"", ""Cenpe"", ""Rfc4"", ""Hspd1"", ""Ddx21"", ""Atp5d"", ""Cct8"", ""Smc2"", ""Acsl3"", 
""Kif22"", ""Atp6v1a"", ""Pex6"", ""Hsp90b1"", ""Ddx18"", ""Atp2a2"", ""Atad5"", ""Psmc2"", ""Atad2"", ""Kif15"", ""Kif20a"", ""Kif23"", ""Rfc3"", ""Snrnp200"", ""Kif3a"", ""Atp13a2"", ""Msh2"", ""Hyou1"", ""Kif2c"", ""Hspa9"", ""Wrn"", ""Ruvbl2"", ""Kif20b"", ""Kif4"", ""Clpp"", ""Mcm2"", ""Kif18a"", ""Recql"", ""Myo1c"", ""Ddx11"", ""Kif2a"", ""Mcm6"", ""Atp8a1"", ""Ercc6l2"", ""Ercc6l"", ""Dna2"", ""Ddx27"")"
"443","GOBP_ESTABLISHMENT_OF_PROTEIN_LOCALIZATION_TO_ORGANELLE","0.000898339478183132","0.00973486100518034","0.477270815362862","-0.435331187833404","-1.54198755976682","147","c(""Atpif1"", ""Hsp90aa1"", ""Smo"", ""Pdcd5"", ""Trim28"", ""Nedd4"", ""Tomm7"", ""Hsp90ab1"", ""Nfkbia"", ""Jup"", ""Xbp1"", ""Tcp1"", ""Mtch1"", ""Cct7"", ""Dnajc15"", ""Akt1"", ""Mapk1"", ""Akirin2"", ""Cct2"", ""Tomm40"", ""Timm13"", ""Romo1"", ""Srp68"", ""Sec61b"", ""Ran"", ""Nup62"", ""Terf1"", ""Fbxw7"", ""Phb2"", ""Hspa4"", ""Vps36"", ""Cdk1"", ""Cct3"", ""Tnfaip3"", ""Pkig"", ""Bbc3"", ""Snf8"", ""Tomm20"", ""Ranbp2"", ""Sec13"", ""Hspd1"", ""Pam16"", ""Notch1"", ""Cct8"", ""Ect2"", ""Prkcd"", ""Pex6"", ""Aifm1"", ""Tnpo1"", ""Kpna2"", ""Bid"", ""Nolc1"", ""Kpna3"", ""Pex7"", ""Pmpcb"", ""Kpnb1"", 
""Syk"", ""Tomm70a"", ""Nup54"", ""Cse1l"", ""Samm50"", ""Pom121"", ""Dnlz"", ""Ruvbl2"", ""Get4"", ""Angpt1"", ""Nup88"", ""Trim37"", ""Akap1"", ""Nup50"", ""Nup107"", ""Uaca"", ""Ubl4a"")"
"444","GOCC_ENVELOPE","8.61632458097106e-06","0.000218318013615218","0.593325476396405","-0.39043558676017","-1.54187838386948","432","c(""Gapdh"", ""Calm2"", ""Chchd2"", ""Slc25a5"", ""Cbx3"", ""Atp5b"", ""Calm3"", ""Atp5h"", ""Cox7a2"", ""Mns1"", ""Tubb5"", ""Atp5g3"", ""Cox7c"", ""Vdac1"", ""Lmnb1"", ""Atp5k"", ""Uqcr11"", ""Uqcrq"", ""Cox6a1"", ""Atp5j2"", ""Ccar1"", ""Lbr"", ""Tomm7"", ""Ndufs6"", ""Uqcrb"", ""Ubb"", ""Ndufb7"", ""Prelid1"", ""Atp5a1"", ""Rrm2"", ""Eif5a"", ""Ndufc2"", ""Mtch1"", ""Atp5j"", ""Chdh"", ""Ndufb8"", ""Tmpo"", ""Ndufb6"", ""Atp5o"", ""Cycs"", ""Ndufa5"", ""Pcm1"", ""Timm8b"", ""Dnajc15"", ""Cuedc2"", ""Gmcl1"", ""Agpat5"", ""Mad1l1"", ""Idh2"", ""Chchd3"", ""Rrm1"", ""Atp5c1"", ""Trim27"", ""Mrpl18"", 
""Mrps28"", ""Slc25a37"", ""Mtx2"", ""Pak1"", ""Pgrmc1"", ""Immt"", ""Tyms"", ""Vdac2"", ""Ndufc1"", ""Clic1"", ""Tomm40"", ""Ndufa4"", ""Parp1"", ""Vdac3"", ""Uqcr10"", ""Mpc1"", ""P2rx7"", ""Mrpl20"", ""Ndufs8"", ""Mrps33"", ""Cdk4"", ""Mrps14"", ""Timm13"", ""Cyb5b"", ""Ndufb9"", ""Mrpl13"", ""Park7"", ""Tfdp2"", ""Eny2"", ""Romo1"", ""Ranbp1"", ""Ran"", ""Nup62"", ""Ptger4"", ""Phb2"", ""Mdh2"", ""Cox5a"", ""Pebp1"", ""Ndufab1"", ""Mrpl51"", ""Mrpl50"", ""Arl6ip6"", ""Mrpl49"", ""Bbc3"", ""Tomm20"", ""Mrpl21"", ""Cox6b2"", ""mt-Nd1"", ""Cox5b"", ""Uqcrfs1"", ""Tmem256"", ""Cacybp"", ""Ranbp2"", ""Mrpl34"", 
""Sdhb"", ""Nrgn"", ""Sec13"", ""Hspd1"", ""Pam16"", ""Atp5d"", ""Mrps6"", ""Prodh"", ""Mrps11"", ""Mrps17"", ""Nr4a1"", ""Cdk2"", ""Acsl3"", ""Srgap2"", ""Mrpl3"", ""Ndufa12"", ""Pcyt1a"", ""Canx"", ""Ndufv2"", ""Fundc2"", ""Cst3"", ""Chchd1"", ""Nxt1"", ""Mad2l1"", ""Mrps5"", ""Mrps12"", ""Cenpf"", ""Coq7"", ""Ndufb10"", ""Mrpl46"", ""Xpo7"", ""Mrps25"", ""Mrpl41"", ""Aifm1"", ""Dusp2"", ""Ndufb2"", ""Taf3"", ""Seh1l"", ""Mrpl35"", ""Kpna2"", ""Tmem14c"", ""Bid"", ""Mrpl15"", ""Mrpl28"", ""Sod1"", ""Pmpcb"", ""Got2"", ""Mrpl36"", ""Kpnb1"", ""Mrpl57"", ""Slc25a3"", ""Mrpl12"", ""Cyc1"", ""Tomm70a"", 
""Chchd6"", ""Crls1"", ""Nup54"", ""Dnajc2"", ""Cse1l"", ""Mrpl38"", ""Samm50"", ""Pom121"", ""Rif1"", ""Hax1"", ""Mrpl45"", ""Ndufs1"", ""Myzap"", ""Mrpl54"", ""Cisd1"", ""Sdhc"", ""Nudt1"", ""Smad3"", ""Mrpl27"", ""Gadd45gip1"", ""Nup88"", ""Mrpl14"", ""Mrps18c"", ""Pola1"", ""Mtx1"", ""Gtpbp4"", ""Hoxa7"", ""Gch1"", ""Sdhd"", ""Nme1"", ""Mrpl1"", ""Akap1"", ""Mrps22"", ""Mrps18a"", ""Faf1"", ""Nup50"")"
"445","GOMF_TRANSCRIPTION_REGULATOR_ACTIVITY","2.29148117743256e-05","0.000505262853512514","0.575610261071129","-0.391268323769679","-1.5404530324984","397","c(""Satb1"", ""Hmgb1"", ""Tcf7"", ""Sox4"", ""Cux1"", ""Myb"", ""Ets1"", ""Lmo4"", ""Tcf12"", ""Mier1"", ""Maz"", ""Ezh2"", ""Gata3"", ""Hivep3"", ""Pcbp1"", ""Rorc"", ""Ctcf"", ""Trim28"", ""Eid1"", ""Smarca4"", ""Dhx9"", ""Mxd4"", ""Basp1"", ""Ikzf1"", ""Patz1"", ""Ccar1"", ""Hnrnpu"", ""Tcf3"", ""Ube2l3"", ""Nr3c1"", ""Ikzf2"", ""Jup"", ""Nab2"", ""Gfi1"", ""Xbp1"", ""Bcl6"", ""Hmgb2"", ""Stat5b"", ""Raly"", ""Thrap3"", ""Hdac1"", ""Tcf4"", ""Id3"", ""Bclaf1"", ""Zcchc12"", ""Ewsr1"", ""Hdgf"", ""Nfatc3"", ""Brd8"", ""Ikzf3"", ""Cbfa2t3"", ""Tdg"", ""Runx1"", ""E2f4"", ""Mtdh"", ""Sfr1"", ""Cops5"", ""Ddx1"", 
""Pknox1"", ""Trps1"", ""Trim27"", ""Nfyb"", ""Akirin2"", ""Hcfc1"", ""Zfp704"", ""Psip1"", ""Kdm2b"", ""Lef1"", ""Myef2"", ""Sap30"", ""Tox2"", ""Med7"", ""Casp8ap2"", ""Med14"", ""Egr1"", ""Klf13"", ""Srebf2"", ""Stat5a"", ""E2f2"", ""Park7"", ""Tfdp2"", ""Ruvbl1"", ""Fli1"", ""Eny2"", ""Zbed4"", ""Elk3"", ""Bcl10"", ""Cdca4"", ""Zbtb38"", ""Atf1"", ""Klf10"", ""Nucks1"", ""Hmga1"", ""Drap1"", ""Cebpg"", ""E2f8"", ""Hbp1"", ""Egr2"", ""Mga"", ""Nfatc1"", ""Ptpn14"", ""Psmc3ip"", ""Etv5"", ""Cited2"", ""Nfya"", ""Elk4"", ""Nfat5"")"
"446","GOBP_ORGANOPHOSPHATE_BIOSYNTHETIC_PROCESS","0.0011085009559795","0.0114353750405242","0.45505986738723","-0.421448108715255","-1.53835930779356","179","c(""Gapdh"", ""Atp5b"", ""Atp5h"", ""Atp5g3"", ""Vdac1"", ""Atp5k"", ""Dut"", ""Atp5j2"", ""Ndufs6"", ""Ada"", ""Ndufb7"", ""Prps2"", ""Atp5a1"", ""Rrm2"", ""Ndufc2"", ""Atp5j"", ""Ndufb8"", ""Fdps"", ""Ndufb6"", ""Atp5o"", ""Ndufa5"", ""Agpat5"", ""Dtymk"", ""Dgke"", ""Idh2"", ""Mapk1"", ""Mdh1"", ""Rrm1"", ""Atp5c1"", ""Fabp5"", ""Tyms"", ""Uck2"", ""Ndufc1"", ""Parp1"", ""Mpc1"", ""Ndufs8"", ""Ndufb9"", ""Mdh2"", ""Ndufab1"", ""Dld"", ""mt-Nd1"", ""Sdhb"", ""Atp5d"", ""Pmvk"", ""Idi1"", ""Acsl3"", ""Tk1"", ""Ndufa12"", ""Dgkg"", ""Pcyt1a"", ""Ndufv2"", ""Chka"", ""Cmpk1"", ""Ndufb10"", ""Gars"", ""Adssl1"", 
""Ndufb2"", ""Acot7"", ""Adss"", ""Aldoa"", ""Paics"", ""Gmps"", ""Acly"", ""Crls1"", ""Dlat"", ""Slc4a7"", ""Dcakd"", ""Pdk3"", ""Ndufs1"", ""Sdhc"")"
"447","MIR_8118","0.000354343282101264","0.00470560788795455","0.49849310876659","-0.412830454982154","-1.53706113667381","234","c(""Satb1"", ""Ptma"", ""Calm2"", ""Arpp21"", ""Mier1"", ""Gata3"", ""Kras"", ""Snrpd1"", ""Mrfap1"", ""Ptprc"", ""Rapsn"", ""Cxcr4"", ""Dhx9"", ""Hnrnpd"", ""Ddx39b"", ""Srsf10"", ""Ddx3x"", ""Supt16"", ""Nr3c1"", ""Dusp10"", ""Ptprf"", ""Mex3a"", ""U2surp"", ""Nap1l1"", ""Tcf4"", ""Bclaf1"", ""Ewsr1"", ""Dgke"", ""Cks2"", ""Chl1"", ""Cdk6"", ""Slc16a1"", ""Trps1"", ""Pds5b"", ""Immt"", ""Tyms"", ""Slc7a11"", ""Luc7l"", ""Iws1"", ""Tdrd5"", ""Smc5"", ""Fli1"", ""Rilpl2"", ""Terf1"", ""Fbxw7"", ""Cfap20"", ""Cdk1"", ""Nucks1"", ""Reep3"", ""Cebpg"", ""Hbp1"", ""Atp2b1"", ""Mga"", ""Cited2"", ""Nfya"", ""Ldlrad3"", 
""Nfat5"", ""G2e3"", ""Gdi2"", ""Cct8"", ""Igf1r"", ""Tcerg1"", ""Agl"", ""Nrp1"", ""Cnbp"", ""Seh1l"", ""Tnpo1"", ""Ppih"", ""Mrpl35"", ""Pou2f1"", ""Mafb"", ""Jade1"", ""Uri1"", ""Cxxc5"", ""Arhgap19"", ""Camk2a"", ""Epb41l2"", ""Metrn"", ""Zfp101"", ""Nr4a3"", ""Mis18bp1"", ""Gpr183"", ""Il17re"", ""Chml"", ""Tgif1"", ""Faf1"", ""Lpgat1"", ""Sestd1"", ""Pspc1"", ""Nup107"", ""Sdf2l1"", ""Zcchc10"")"
"448","HLF_TARGET_GENES","0.00470670888898966","0.0344185534831561","0.407017918923954","-0.456758388799197","-1.53664368473066","96","c(""Cd27"", ""Lztfl1"", ""Ifngr1"", ""Cox7a2"", ""Ctsl"", ""Sumo2"", ""Dbi"", ""Rcc2"", ""Ppt1"", ""Srsf2"", ""Hmgn2"", ""Ube2m"", ""Hjurp"", ""Eif5a"", ""Hdgf"", ""Itgal"", ""Trib1"", ""Sf3b2"", ""Samsn1"", ""Sephs2"", ""Baz1b"", ""5930430L01Rik"", ""E2f8"", ""Cox5a"", ""Cenpl"", ""Cep295"", ""Cdc123"")"
"449","GOBP_NUCLEOBASE_CONTAINING_SMALL_MOLECULE_METABOLIC_PROCESS","0.000743629566436242","0.00846258693020016","0.477270815362862","-0.415939821611496","-1.53088036837427","195","c(""Atpif1"", ""Atp5b"", ""Atp5h"", ""Atp5g3"", ""Vdac1"", ""Atp5k"", ""Dut"", ""Atp5j2"", ""Ndufs6"", ""Ada"", ""Ndufb7"", ""Prps2"", ""Atp5a1"", ""Rrm2"", ""Ndufc2"", ""Atp5j"", ""Ndufb8"", ""Ndufb6"", ""Atp5o"", ""Ndufa5"", ""Dtymk"", ""Idh2"", ""Mapk1"", ""Mdh1"", ""Rrm1"", ""Atp5c1"", ""Nt5c3b"", ""Pcmt1"", ""Nt5c2"", ""Tyms"", ""Uck2"", ""Ndufc1"", ""Nudt4"", ""Parp1"", ""Hmgcr"", ""Mpc1"", ""Ndufs8"", ""Ndufb9"", ""Park7"", ""Ran"", ""Pmm1"", ""Mdh2"", ""Ndufab1"", ""Nudt5"", ""Dld"", ""mt-Nd1"", ""Dnph1"", ""Sdhb"", ""Atp5d"", ""Pmvk"", ""Itpa"", ""Acsl3"", ""Tk1"", ""Ndufa12"", ""Ndufv2"", ""Atp6v1a"", 
""Cmpk1"", ""Ndufb10"", ""Gars"", ""Adssl1"", ""Txnrd1"", ""Ndufb2"", ""Pgls"", ""Cs"", ""Acot7"", ""Adss"", ""Aldoa"", ""Rpia"", ""Paics"", ""Gmps"", ""Fut8"", ""Acly"", ""Pde5a"", ""Gmds"", ""Dlat"", ""Slc4a7"", ""Dcakd"", ""Pdk3"", ""Idh3a"", ""Ndufs1"", ""Rnaseh2b"", ""Sdhc"", ""Nudt1"", ""Idh3g"", ""Sdhd"", ""Nme1"")"
"450","GOBP_PROTEIN_LOCALIZATION_TO_ORGANELLE","8.565652920113e-05","0.00152257775136901","0.538434096309916","-0.399399624887563","-1.53000799455553","302","c(""Txn1"", ""Ywhae"", ""Atpif1"", ""Lztfl1"", ""Ybx1"", ""Hnrnpm"", ""Ezh2"", ""Hsp90aa1"", ""Smo"", ""Lmnb1"", ""Pdcd5"", ""Ctcf"", ""Srsf1"", ""Rapsn"", ""Trim28"", ""Rdx"", ""Dhx9"", ""Nedd4"", ""Rcc2"", ""Pin1"", ""Hnrnpu"", ""Tomm7"", ""Bub3"", ""Hsp90ab1"", ""Ddx3x"", ""Rad21"", ""Nfkbia"", ""Jup"", ""Xbp1"", ""Tcp1"", ""Mtch1"", ""Larp7"", ""Cct7"", ""Pcm1"", ""Ssb"", ""Hdgf"", ""Dnajc15"", ""Akt1"", ""Mapk1"", ""Emc8"", ""Ddx1"", ""Akirin2"", ""Srgn"", ""Lef1"", ""Pak1"", ""Cct2"", ""Tomm40"", ""Parp1"", ""Ccdc88a"", ""Smc5"", ""Tfrc"", ""Timm13"", ""Park7"", ""Romo1"", ""Sumo3"", ""Hras"", ""Srp68"", 
""Sec61b"", ""Ran"", ""Nup62"", ""Terf1"", ""Fbxw7"", ""Phb2"", ""Glul"", ""Hspa4"", ""Vps36"", ""Cdk1"", ""Cct3"", ""Tnfaip3"", ""Pkig"", ""Vps35"", ""Topors"", ""Bbc3"", ""Snf8"", ""Tomm20"", ""Aurka"", ""Plk1"", ""Ranbp2"", ""Sec13"", ""Hspd1"", ""Pam16"", ""Arl1"", ""Notch1"", ""Gdi2"", ""Cct8"", ""Cenpq"", ""Ect2"", ""Cep250"", ""Ahi1"", ""Bag1"", ""Prkcd"", ""Aurkb"", ""Rock2"", ""Pex6"", ""Cep83"", ""Nrp1"", ""Bub1b"", ""Aifm1"", ""Taf3"", ""Tnpo1"", ""Kpna2"", ""Bid"", ""Nolc1"", ""Kpna3"", ""Insig1"", ""Pex7"", ""Atp13a2"", ""Pmpcb"", ""Kpnb1"", ""Syk"", ""Tomm70a"", ""Msh2"", ""Nup54"", ""Camk2a"", 
""Cse1l"", ""Samm50"", ""Pom121"", ""Wrn"", ""Dnlz"", ""Ruvbl2"", ""Esco2"", ""Kif20b"", ""Cenpa"", ""Tcf7l2"", ""Get4"", ""Angpt1"", ""Rpf2"", ""Spdl1"", ""Nup88"")"
"451","GOBP_DNA_RECOMBINATION","0.00181887631243462","0.0165735780077836","0.45505986738723","-0.435123487270929","-1.52923680191603","140","c(""Hmgb1"", ""Tcf7"", ""Cd28"", ""Sfpq"", ""Xrcc6"", ""Ezh2"", ""Rag1"", ""Ptprc"", ""Lig4"", ""Nsmce1"", ""Tcf3"", ""Swi5"", ""Mcm7"", ""Rad21"", ""Bcl6"", ""Hmgb2"", ""Alyref"", ""Morf4l2"", ""Rag2"", ""Msh6"", ""Ube2n"", ""Actl6a"", ""Brd8"", ""H1f0"", ""Sfr1"", ""Lef1"", ""Parp1"", ""Smc5"", ""Lig1"", ""Tfrc"", ""Ruvbl1"", ""Uchl5"", ""Top2a"", ""Nucks1"", ""Exosc3"", ""Inip"", ""Nsmce2"", ""Psmc3ip"", ""Rpa3"", ""Hspd1"", ""Rbbp8"", ""Rmi2"", ""Atad5"", ""Rhno1"", ""Msh2"", ""Xrcc1"", ""Wrn"", ""Ruvbl2"", ""Topbp1"", ""Rif1"", ""Psmd14"", ""Rfwd3"", ""Mcm2"", ""Aunip"", ""Recql"", ""Exo1"", ""Mcm6"", ""Rad51ap1"", 
""Rnf168"", ""Gins2"", ""Paxip1"", ""Fignl1"", ""Cdc7"", ""Rad18"", ""Fancm"", ""Terf2ip"", ""Blm"", ""Rpa1"", ""Trip13"", ""Apex1"", ""Pif1"", ""Cdc45"", ""Rad50"", ""Brca2"", ""Spidr"", ""Mre11a"")"
"452","GOCC_MITOCHONDRIAL_MATRIX","0.00233227583384135","0.0204144810486386","0.431707695803346","-0.435134159008913","-1.52730364544771","133","c(""Slc25a5"", ""Atp5b"", ""Vdac1"", ""Lrrc59"", ""Fdps"", ""Dnajc15"", ""Aco2"", ""Dtymk"", ""Mrpl18"", ""Mrps28"", ""Tyms"", ""Vdac2"", ""Mrpl20"", ""Mrps33"", ""Ccnb1"", ""Mrps14"", ""Mrpl13"", ""Park7"", ""Mrps36"", ""Ssbp1"", ""Mdh2"", ""Cdk1"", ""Aldh2"", ""Mrpl51"", ""Mrpl50"", ""Mrpl49"", ""Mrpl21"", ""Dld"", ""Mrpl34"", ""Hspd1"", ""Pam16"", ""Prdx1"", ""Mrps6"", ""Mrps11"", ""Mrps17"", ""Mrpl3"", ""Chchd1"", ""Mrps5"", ""Mrps12"", ""Mrpl46"", ""Mrps25"", ""Mrpl41"", ""Cs"", ""Acot7"", ""Mrpl35"", ""Mrpl15"", ""Mrpl28"", ""Pmpcb"", ""Got2"", ""Mrpl36"", ""Mrpl57"", ""Mrpl12"", ""Hspa9"", ""Dlat"", 
""Mrpl38"", ""Idh3a"", ""Hax1"", ""Mrpl45"", ""Mrpl54"", ""Pitrm1"", ""Nudt1"", ""Clpp"", ""Mrpl27"", ""Gadd45gip1"", ""Mrpl14"", ""Mrps18c"", ""Idh3g"", ""Etfa"", ""Mrpl1"", ""Mrps22"", ""Mrps18a"", ""Mrpl40"", ""Dna2"", ""Hmgcs2"", ""Grsf1"", ""Mrpl2"", ""Tbrg4"", ""Dhfr"", ""Me2"", ""Trap1"", ""Mrpl19"", ""Fdx1"", ""Lonp1"", ""Fh1"", ""Mrpl4"", ""Mrpl47"", ""Ndufa9"", ""Mrpl11"")"
"453","GOBP_GLAND_DEVELOPMENT","0.0015642499387585","0.0148385417014908","0.45505986738723","-0.427091406005561","-1.52539925056614","154","c(""Prdx2"", ""Myb"", ""Lmo4"", ""Ly6e"", ""Ezh2"", ""Gata3"", ""Smo"", ""Rag1"", ""Edaradd"", ""Smarca4"", ""Ikzf1"", ""Ada"", ""Nr3c1"", ""Xbp1"", ""Stat5b"", ""Psap"", ""Nfatc3"", ""Mad1l1"", ""Bcl2l11"", ""Runx1"", ""Mapk1"", ""Lef1"", ""Stat5a"", ""Mki67"", ""Phb2"", ""Raf1"", ""Hmga1"", ""E2f8"", ""Tnfaip3"", ""Ccnb2"", ""Etv5"", ""Cited2"", ""Aurka"", ""Notch1"", ""Fkbp4"", ""Smarcb1"", ""Igf1r"", ""Rreb1"", ""Nrp1"", ""Cdkn1c"")"
"454","GOMF_ADENYL_NUCLEOTIDE_BINDING","8.76504560319932e-06","0.000221116456112151","0.593325476396405","-0.38195867864507","-1.52453817937902","484","c(""Gapdh"", ""Camk4"", ""Ube2s"", ""St13"", ""Atp5b"", ""Xrcc6"", ""Ube2e3"", ""Hsp90aa1"", ""Eif4a1"", ""Hspa4l"", ""Psmc3"", ""Smarca5"", ""Dbi"", ""Lig4"", ""Caprin1"", ""Smc4"", ""Hibadh"", ""Psmc4"", ""Smarca4"", ""Dhx9"", ""Psmc6"", ""Mat2a"", ""Ddx39b"", ""Rapgef3"", ""Smc3"", ""Hnrnpu"", ""Lbr"", ""Eif4a3"", ""Ddx19a"", ""Ube2m"", ""Hsp90ab1"", ""Ddx3x"", ""Ube2e1"", ""Mcm7"", ""Ube2l3"", ""Prps2"", ""Ephb6"", ""Ddx46"", ""Tcp1"", ""Atp5a1"", ""Thrap3"", ""Ube2a"", ""Msh6"", ""Cct7"", ""Ube2n"", ""Akt1"", ""Dtymk"", ""Tdg"", ""Dgke"", ""Runx1"", ""Pbk"", ""Camk2d"", ""Idh2"", ""Mapk1"", ""Trib1"", 
""Cdk19"", ""Psmc1"", ""Cdk6"", ""Mdh1"", ""Ddx1"", ""Rrm1"", ""Ak6"", ""Sephs2"", ""Pak1"", ""Nt5c2"", ""Cct2"", ""Smc1a"", ""Uba2"", ""Uck2"", ""Psmc5"", ""Nim1k"", ""Parp1"", ""Smc5"", ""Hmgcr"", ""Rfc1"", ""P2rx7"", ""Mki67"", ""Lig1"", ""Galk1"", ""Cdk4"", ""P2rx1"", ""Ruvbl1"", ""Baz1b"", ""Slk"", ""Abcf2"", ""Raf1"", ""Glul"", ""Top2a"", ""Nars"", ""Hspa4"", ""Cdk1"", ""Eif4g1"", ""Kif11"", ""Aldh2"", ""Bmp2k"", ""Cct3"", ""Taf1"", ""Pebp1"", ""Dars"", ""Atp2b1"", ""Ddx10"", ""Dld"", ""Aurka"", ""Plk1"", ""Cenpe"", ""Rfc4"", ""Aars"", ""Ube2c"", ""Hspd1"", ""Ddx21"", ""Cct8"", ""Pmvk"", ""Smc2"", ""Fkbp4"", 
""Tars"", ""Cdk2"", ""Acsl3"", ""Kif22"", ""Tk1"", ""Kti12"", ""Dgkg"", ""Bag1"", ""Igf1r"", ""Prkcd"", ""Aurkb"", ""Chka"", ""Atp6v1a"", ""Rock2"", ""Pex6"", ""Pfkp"", ""Hsp90b1"", ""Cmpk1"", ""Prkar2b"", ""Ddx18"", ""Gars"", ""Plk4"", ""Bub1b"", ""Atp2a2"", ""Atad5"", ""Pim1"", ""Psmc2"", ""Eprs"", ""Atad2"", ""Eef2k"", ""Blk"", ""Kif15"", ""Acot7"", ""Kif20a"", ""Kif23"", ""Paics"", ""Snrnp200"", ""Gmps"", ""Cdc34"", ""Gsr"", ""Kif3a"", ""Atp13a2"", ""Syk"", ""Ube2f"", ""Aak1"", ""Phgdh"", ""Acly"", ""Msh2"", ""Chuk"", ""Hyou1"", ""Camk2a"", ""Kif2c"", ""Hspa9"", ""Rtca"", ""Sik2"", ""Wrn"", ""Dcakd"", ""Pdk3"", 
""Ruvbl2"", ""Kif20b"", ""Idh3a"", ""Kif4"", ""Ppp5c"", ""Aars2"", ""Mast2"", ""Mcm2"", ""Idh3g"", ""Hars"", ""Kif18a"", ""Iars"", ""Cdc6"", ""Nme1"", ""Recql"", ""Camkk2"", ""Dph6"", ""Myo1c"", ""Aldh9a1"", ""Ddx11"", ""Oxsr1"", ""Kif2a"", ""Mcm6"", ""Atp8a1"", ""Nek2"", ""Pdik1l"")"
"455","GOBP_SPINDLE_ORGANIZATION","0.00587142759241078","0.0406218409597091","0.407017918923954","-0.462592312194871","-1.52198213149627","87","c(""Stmn1"", ""Tubb5"", ""Smc3"", ""Hnrnpu"", ""Stag2"", ""Tacc2"", ""Ckap5"", ""Fbxo5"", ""Mzt1"", ""Smc1a"", ""Ccnb1"", ""Ranbp1"", ""Nup62"", ""Ddb1"", ""Nudc"", ""Haus3"", ""Kif11"", ""Ccnb2"", ""Cdca8"", ""Spc25"", ""Aurka"", ""Cdc20"", ""Plk1"", ""Cenpe"", ""Prc1"", ""Incenp"", ""Pcnt"", ""Tubg1"", ""Drg1"", ""Birc5"", ""Tpx2"", ""Aurkb"", ""Sass6"", ""Haus4"", ""Tacc3"", ""Kif23"", ""Mybl2"", ""Kpnb1"", ""Ccdc61"", ""Kif4"", ""Knstrn"", ""Dlgap5"", ""Aunip"", ""Poc1a"", ""Nuf2"", ""Ndc80"", ""Kif2a"", ""Nek2"", ""Rcc1"", ""Cep192"", ""Spag5"", ""Gpsm2"", ""Mapre2"", ""Fam110a"", ""Dcaf13"", ""Haus2"", 
""Psrc1"", ""Haus6"", ""Cep72"", ""Stil"", ""Aspm"", ""Tubgcp2"", ""Limk2"", ""Cenph"", ""Bora"", ""Haus5"", ""Poldip2"", ""Chek2"", ""Espl1"", ""Ofd1"")"
"456","KARLSSON_TGFB1_TARGETS_UP","0.00681689941453793","0.045287188721444","0.407017918923954","-0.455284535057099","-1.52164918926125","92","c(""Anxa2"", ""Slc25a5"", ""Ncl"", ""Naa15"", ""Eif2s2"", ""Tcp1"", ""Rrm2"", ""Eif5a"", ""Eif3a"", ""Syncrip"", ""Cycs"", ""Ybx3"", ""Cct2"", ""Rsl1d1"", ""Mak16"", ""Eif4g1"", ""Cct3"", ""Prep"", ""Tomm20"", ""Cacybp"", ""Ppp1r2"", ""Hspd1"", ""Ddx21"", ""Cct8"", ""Set"", ""Eif2s1"", ""Uchl3"", ""Gars"", ""Gtf2f2"", ""Lyar"", ""Nolc1"", ""Jade1"", ""Cdc34"", ""Kpnb1"", ""Phgdh"", ""Tomm70a"", ""Klf6"", ""Hspa9"", ""Dlat"", ""Idh3a"", ""Rpf2"", ""Gtpbp4"", ""Rwdd1"", ""Lrp8"", ""Usp10"", ""Rcc1"", ""1700037H04Rik"", ""Mphosph6"", ""Eif3b"", ""Gcsh"", ""2700038G22Rik"", ""Ptp4a1"", ""Mrto4"", ""Bcat1""
)"
"457","WP_MECHANISMS_ASSOCIATED_WITH_PLURIPOTENCY","0.00400475141600717","0.0305546213792919","0.407017918923954","-0.445161080596521","-1.51836508979293","103","c(""Satb1"", ""H3f3a"", ""Tcf7"", ""Ncl"", ""Ezh2"", ""Smo"", ""Mtf2"", ""Smarca5"", ""Ctcf"", ""Trim28"", ""Smarcc1"", ""Smarca4"", ""Dhx9"", ""Pin1"", ""Hnrnpu"", ""Rbbp4"", ""Hdac1"", ""Mbd3"", ""Suz12"", ""Leo1"", ""Itgb1"", ""Ewsr1"", ""Cdk2ap1"", ""Akt1"", ""Mapk1"", ""Hcfc1"", ""Lef1"", ""Uhrf1"", ""Parp1"", ""Hdac2"", ""Hras"", ""Ddb1"", ""Raf1"")"
"458","LET_7C_1_3P","0.0050931850647806","0.0365053723563741","0.407017918923954","-0.438743291861334","-1.51786436920846","114","c(""Calm2"", ""Hmgn1"", ""Kras"", ""Sumo2"", ""Snrpd1"", ""Ptprc"", ""Smarcc1"", ""Rdx"", ""Psmc6"", ""Hnrnpu"", ""Rad21"", ""Nfkbia"", ""Bcl6"", ""St8sia4"", ""U2surp"", ""Leo1"", ""Ccna2"", ""E2f4"", ""Bcl7a"", ""Kdm2b"", ""Rnps1"", ""Hmgcr"", ""Stat5a"", ""Rsl1d1"", ""Nudt21"", ""Otud1"", ""Ctdspl2"", ""Ypel2"", ""E2f8"", ""Snrpb2"", ""Sf3b3"", ""Cited2"", ""Hspd1"", ""Rsl24d1"", ""Rreb1"", ""Cdkn1c"", ""Hecw2"", ""Nelfa"", ""Frmd6"", ""Uri1"", ""Ube2f"", ""Nr4a3"", ""Tcf7l2"", ""Angpt1"", ""Memo1"", ""Akap1"", ""Asxl1"", ""Rnf216"", ""Enkd1"", ""Zeb2"", ""Pes1"", ""Gphn"", ""Lonrf1"", ""Trio"", ""Bmi1"", 
""Rapgef2"", ""Npat"")"
"459","GOBP_ESTABLISHMENT_OF_PROTEIN_LOCALIZATION","2.9353617689893e-05","0.000625741141677165","0.575610261071129","-0.384236965200646","-1.51649658635042","439","c(""Ap3s1"", ""Sox4"", ""Txn1"", ""Ywhae"", ""Cd24a"", ""Camk4"", ""Dynll1"", ""Atpif1"", ""Marcks"", ""Aqp11"", ""Hnrnpm"", ""Desi1"", ""Hsp90aa1"", ""Arl6ip1"", ""Colq"", ""Smo"", ""Pdcd5"", ""Anp32b"", ""Rapsn"", ""Trim28"", ""Rdx"", ""Nedd4"", ""Rcc2"", ""Ikzf1"", ""Rapgef3"", ""Ppt1"", ""Tomm7"", ""Hsp90ab1"", ""Nfkbia"", ""Jup"", ""Xbp1"", ""Tcp1"", ""Psap"", ""Mtch1"", ""Ptbp1"", ""Cct7"", ""Pcm1"", ""Itgb1"", ""Timm8b"", ""Dnajc15"", ""Akt1"", ""Nasp"", ""Idh2"", ""Mapk1"", ""Ywhaq"", ""Emc8"", ""Slc16a1"", ""Akirin2"", ""Hcfc1"", ""Bsg"", ""Serp1"", ""Mtx2"", ""C2cd5"", ""Pak1"", ""Cct2"", ""Hspb11"", 
""Slc7a11"", ""Tomm40"", ""Tuba1a"", ""Hmgcr"", ""P2rx7"", ""Tfrc"", ""Timm13"", ""Park7"", ""Ndufaf2"", ""Cnih4"", ""Eny2"", ""Romo1"", ""Hras"", ""Srp68"", ""Ppid"", ""Hmgn3"", ""Sec61b"", ""Ptp4a3"", ""Ran"", ""Lyst"", ""Rilpl2"", ""Nup62"", ""Terf1"", ""Ctdspl2"", ""Fbxw7"", ""Ptger4"", ""Exoc4"", ""Phb2"", ""Raf1"", ""Glul"", ""Hspa4"", ""Vps36"", ""Cdk1"", ""Dynlt1f"", ""Cct3"", ""Hmga1"", ""Sytl3"", ""Egr2"", ""Rrbp1"", ""Tnfaip3"", ""Pkig"", ""Vps35"", ""Ptpn14"", ""Bbc3"", ""Snf8"", ""Tomm20"", ""Plk1"", ""Cenpe"", ""Ranbp2"", ""Sec13"", ""Hspd1"", ""Pam16"", ""Arl1"", ""Notch1"", ""Cep295"", ""Gdi2"", 
""Cct8"", ""Yif1b"", ""Pcnt"", ""Rab1a"", ""Ect2"", ""Actn4"", ""Birc5"", ""Acsl3"", ""Ahi1"", ""Prkcd"", ""Nxt1"", ""Pex6"", ""Cenpf"", ""Tiam1"", ""Xpo7"", ""Aifm1"", ""Blk"", ""Seh1l"", ""Tnpo1"", ""Kif20a"", ""Kpna2"", ""Bid"", ""Nolc1"", ""Kpna3"", ""Insig1"", ""Kif3a"", ""Pex7"", ""Atp13a2"", ""Pmpcb"", ""Tmed5"", ""Kpnb1"", ""Syk"", ""Tomm70a"", ""Nup54"", ""Hspa9"", ""Cse1l"", ""Samm50"", ""Pom121"", ""Dnlz"", ""Ruvbl2"", ""Kif20b"", ""Ap1s1"", ""Tcf7l2"", ""Get4"", ""Angpt1"", ""Nup88"", ""Cep290"", ""Cacna1e"", ""Mtx1"", ""Snx5"", ""Cltb"", ""Zdhhc21"", ""Kif18a"", ""Trim37"", ""Adora2a"", ""Chml"", 
""Akap1"", ""Myo1c"")"
"460","CHIARADONNA_NEOPLASTIC_TRANSFORMATION_KRAS_UP","0.00621884540215193","0.0424159030557635","0.407017918923954","-0.460075778041771","-1.51370244350028","87","c(""Anp32e"", ""Marcksl1"", ""Tcf12"", ""Ctsl"", ""Dhx9"", ""Hnrnpd"", ""Hmgb3"", ""Gtf2a2"", ""Hmgn2"", ""Nfkbia"", ""Erh"", ""Rrm2"", ""Lsm8"", ""Ilf2"", ""Rbm3"", ""Nap1l1"", ""Ivns1abp"", ""Slbp"", ""Rrm1"", ""Mrpl18"", ""Sephs2"", ""Nav2"", ""Myef2"", ""Phlda1"", ""Uba2"", ""Uhrf1"", ""Ppid"", ""Top2a"", ""Pcna"", ""Haus3"", ""E2f8"", ""Ncaph"", ""Aurka"", ""Dnmt1"", ""Smc2"", ""Set"", ""St6gal1"", ""Plk4"", ""Zwint"", ""Psma3"", ""Cks1b"", ""Fut8"", ""Angptl2"")"
"461","GOCC_MICROTUBULE_ORGANIZING_CENTER","0.00031355478293004","0.00426213171996903","0.49849310876659","-0.396780880364733","-1.51168734931572","278","c(""Calm2"", ""Dynll1"", ""Marcks"", ""Calm3"", ""Smo"", ""Rapsn"", ""Dhx9"", ""Ssna1"", ""Ppp1r35"", ""Pin1"", ""Hnrnpu"", ""Ddx3x"", ""Mpp1"", ""Tcp1"", ""Leo1"", ""Als2"", ""Pcm1"", ""Ckap5"", ""Akt1"", ""Sfr1"", ""Cdk6"", ""Slc16a1"", ""Mdh1"", ""Ak6"", ""C2cd5"", ""Clic4"", ""B9d2"", ""Mzt1"", ""Hspb11"", ""Cdc16"", ""Ccdc88a"", ""Ccnb1"", ""Taf1d"", ""Nudt21"", ""Nde1"", ""Psma1"", ""Cep57"", ""Psmb5"", ""Ranbp1"", ""Ran"", ""Rilpl2"", ""Nup62"", ""Exoc4"", ""Dynll2"", ""Cby1"", ""Top2a"", ""Pcna"", ""Cfap20"", ""Cdk1"", ""Haus3"", ""Cep70"", ""Ift57"", ""Ccne2"", ""Ccnb2"", ""Topors"", ""Psmb4"", ""Azin1"", 
""Aurka"", ""Cdc20"", ""Plk1"", ""Cep295"", ""Cct8"", ""Pcnt"", ""Tubg1"", ""Cdk2"", ""Birc5"", ""Cep250"", ""Ahi1"", ""Mdm1"", ""Aurkb"", ""Sass6"", ""Lrrcc1"", ""Ccdc18"", ""Mphosph9"", ""Rock2"", ""Tex9"", ""Cep83"", ""Ccnf"", ""Haus4"", ""Cenpf"", ""Dnaaf2"", ""Tiam1"", ""Prkar2b"", ""Odf2"", ""Plk4"", ""Ppp2r3c"", ""Tacc3"", ""Kif23"", ""Ckap2l"", ""Sclt1"", ""Jade1"", ""Naa40"", ""Kif3a"", ""Rgcc"", ""Rpgr"", ""Ckap2"", ""Cdc27"", ""Kif2c"", ""Ccdc61"", ""Wrn"", ""Ruvbl2"", ""Kif20b"", ""Cntrob"", ""Kifap3"", ""Knstrn"", ""Gpr174"", ""Ska1"", ""Polr3h"", ""Alms1"", ""Cep290"", ""Dlgap5"", ""Aunip"", 
""Atf5"", ""Poc1a"", ""Nme1"", ""Uxt"", ""Ndc80"", ""Hmmr"", ""Ddx11"", ""Rragd"", ""Kif2a"", ""Nek2"", ""Ndrg1"", ""Ercc6l2"", ""Enkd1"", ""Orc2"", ""Plekha7"", ""Cep192"", ""Rabl6"", ""Cep135"", ""Cdk5rap2"", ""Poc1b"", ""Ccdc15"", ""Ccp110"", ""Spag5"", ""Rad18"", ""Cetn3"", ""Ssx2ip"", ""Gpsm2"", ""Mapre2"", ""Fam110a"", ""Dcaf13"", ""Haus2"", ""Cep76"", ""Mid1"", ""Ankrd26"", ""Ift80"", ""Haus6"", ""Apex1"", ""Dtl"", ""Cdc45"", ""Cep72"", ""Stil"", ""Hook1"", ""Cchcr1"", ""Brca2"", ""Aspm"", ""Hyls1"", ""Tubgcp2"", ""Cct4"", ""Rpgrip1l"", ""Ccdc66"", ""Smad4"", ""Cep57l1"", ""Limk2"", ""Cntln"", ""Cep78"", 
""Cep152"", ""Cct5"", ""Odf2l"", ""Ift22"", ""Mastl"", ""Ska3"", ""Haus5"", ""G6pdx"", ""Brca1"", ""Ccdc77"", ""Hk2"", ""Mzt2"", ""Espl1"")"
"462","GOBP_MITOCHONDRION_ORGANIZATION","0.0012562369162766","0.0125125528712585","0.45505986738723","-0.414848969246162","-1.51165930210914","177","c(""Cd24a"", ""Dynll1"", ""Chchd2"", ""Atpif1"", ""Marcks"", ""Slc25a5"", ""Hsp90aa1"", ""Cox7a2"", ""Vdac1"", ""Pdcd5"", ""Tomm7"", ""Ndufs6"", ""Siva1"", ""Ndufb7"", ""Prelid1"", ""Ndufc2"", ""Mtch1"", ""Ndufb8"", ""Ndufb6"", ""Ndufa5"", ""Dnajc15"", ""Akt1"", ""Bcl2l11"", ""Chchd3"", ""Rrm1"", ""Mtx2"", ""Immt"", ""Vdac2"", ""Ndufc1"", ""Tomm40"", ""Parp1"", ""P2rx7"", ""Ndufs8"", ""Tfrc"", ""Timm13"", ""Ndufb9"", ""Park7"", ""Ndufaf2"", ""Romo1"", ""Ssbp1"", ""Fbxw7"", ""Phb2"", ""Hspa4"", ""Dynlt1f"", ""Ndufab1"", ""Vps35"", ""Bbc3"", ""Tomm20"", ""mt-Nd1"", ""Aurka"", ""Rnf7"", ""Hspd1"", ""Pam16"", 
""Atp5d"", ""Ndufa12"", ""Fundc2"", ""Coq7"", ""Ndufb10"", ""Aifm1"", ""Ndufb2"", ""Bid"", ""Mrpl15"", ""Atp13a2"", ""Pmpcb"", ""Tomm70a"", ""Chchd6"", ""Camk2a"", ""Samm50"", ""Dnlz"")"
"463","GOCC_DISTAL_AXON","0.00527615433502306","0.0373533622468483","0.407017918923954","-0.442421201653178","-1.51132674161733","104","c(""Ywhae"", ""Calm2"", ""Marcks"", ""Thy1"", ""Hsp90aa1"", ""Calm3"", ""Smo"", ""Cxcr4"", ""Rapgef3"", ""Hnrnpr"", ""Srsf10"", ""Hsp90ab1"", ""Ptprf"", ""Als2"", ""Ctsz"", ""Pak1"", ""Mpp4"", ""P2rx7"", ""Exoc4"", ""Glul"", ""Dynlt1f"", ""Pebp1"", ""Smn1"", ""Ppp1r2"", ""Fmr1"", ""Fkbp4"", ""Dtnbp1"", ""Tiam1"", ""Nrp1"")"
"464","GOCC_CENTROSOME","0.000555126415341258","0.00669512589024311","0.477270815362862","-0.401311282976915","-1.50925858018756","253","c(""Calm2"", ""Dynll1"", ""Marcks"", ""Calm3"", ""Rapsn"", ""Dhx9"", ""Ssna1"", ""Ppp1r35"", ""Hnrnpu"", ""Ddx3x"", ""Mpp1"", ""Tcp1"", ""Leo1"", ""Als2"", ""Pcm1"", ""Ckap5"", ""Sfr1"", ""Cdk6"", ""Slc16a1"", ""Mdh1"", ""Ak6"", ""C2cd5"", ""Clic4"", ""B9d2"", ""Mzt1"", ""Hspb11"", ""Cdc16"", ""Ccdc88a"", ""Ccnb1"", ""Taf1d"", ""Nudt21"", ""Nde1"", ""Psma1"", ""Cep57"", ""Psmb5"", ""Ranbp1"", ""Rilpl2"", ""Nup62"", ""Exoc4"", ""Dynll2"", ""Pcna"", ""Cdk1"", ""Haus3"", ""Cep70"", ""Ift57"", ""Ccne2"", ""Ccnb2"", ""Azin1"", ""Aurka"", ""Cdc20"", ""Plk1"", ""Cep295"", ""Cct8"", ""Pcnt"", ""Tubg1"", ""Cdk2"", 
""Cep250"", ""Ahi1"", ""Mdm1"", ""Aurkb"", ""Sass6"", ""Lrrcc1"", ""Ccdc18"", ""Mphosph9"", ""Rock2"", ""Tex9"", ""Cep83"", ""Ccnf"", ""Haus4"", ""Cenpf"", ""Tiam1"", ""Prkar2b"", ""Odf2"", ""Plk4"", ""Ppp2r3c"", ""Tacc3"", ""Kif23"", ""Ckap2l"", ""Sclt1"", ""Jade1"", ""Naa40"", ""Kif3a"", ""Rgcc"", ""Rpgr"", ""Ckap2"", ""Cdc27"", ""Kif2c"", ""Ccdc61"", ""Wrn"", ""Ruvbl2"", ""Kif20b"", ""Cntrob"", ""Kifap3"", ""Knstrn"", ""Gpr174"", ""Ska1"", ""Polr3h"", ""Alms1"", ""Cep290"", ""Dlgap5"", ""Aunip"", ""Atf5"", ""Poc1a"", ""Nme1"", ""Uxt"", ""Ndc80"", ""Hmmr"", ""Ddx11"", ""Rragd"", ""Kif2a"", ""Nek2"", ""Ndrg1"", 
""Ercc6l2"", ""Enkd1"", ""Orc2"", ""Plekha7"", ""Cep192"", ""Rabl6"", ""Cep135"", ""Cdk5rap2"", ""Poc1b"", ""Ccdc15"", ""Ccp110"", ""Spag5"", ""Rad18"", ""Cetn3"", ""Ssx2ip"", ""Gpsm2"", ""Fam110a"", ""Dcaf13"", ""Haus2"", ""Cep76"", ""Mid1"", ""Ankrd26"", ""Ift80"", ""Haus6"", ""Apex1"", ""Dtl"", ""Cdc45"", ""Cep72"", ""Stil"", ""Hook1"", ""Brca2"", ""Aspm"", ""Hyls1"", ""Tubgcp2"", ""Cct4"", ""Rpgrip1l"", ""Ccdc66"", ""Smad4"", ""Cep57l1"", ""Limk2"", ""Cntln"", ""Cep78"", ""Cep152"", ""Cct5"", ""Odf2l"", ""Ift22"", ""Mastl"", ""Ska3"", ""Haus5"", ""G6pdx"", ""Brca1"", ""Ccdc77"", ""Hk2"", ""Mzt2"", 
""Espl1"")"
"465","GOMF_MICROTUBULE_BINDING","0.00600106501540811","0.041197697384071","0.407017918923954","-0.453161125923293","-1.5092371097987","91","c(""Gapdh"", ""Ssna1"", ""Rcc2"", ""Ckap5"", ""Bcl2l11"", ""Ccdc88a"", ""Nde1"", ""Cep57"", ""Terf1"", ""Nusap1"", ""Kif11"", ""Reep3"", ""Reep4"", ""Ska2"", ""Spc24"", ""Plk1"", ""Cenpe"", ""Prc1"", ""Cep295"", ""Fmr1"", ""Drg1"", ""Birc5"", ""Kif22"", ""Mdm1"", ""Haus4"", ""Tiam1"", ""Kif15"", ""Kif20a"", ""Kif23"", ""Kif3a"", ""Kif2c"", ""Ccdc61"", ""Kif20b"", ""Kif4"", ""Knstrn"", ""Ppp5c"", ""Ska1"", ""Alms1"", ""Mast2"", ""Dlgap5"", ""Kif18a"", ""Akap1"", ""Fgf13"", ""Kif2a"", ""Ndrg1"", ""Enkd1"", ""Cdk5rap2"", ""Spag5"", ""Gas2l3"", ""Cetn3"", ""Mapre2"", ""Psrc1"", ""Ccdc181"", ""Mid1"", ""Gtse1"", 
""Haus6"", ""Hook1"", ""Prnp"", ""Tubgcp2"", ""Ccdc66"", ""Stim1"", ""Cep57l1"", ""Kif18b"", ""Kif14"")"
"466","GOBP_RESPONSE_TO_ORGANIC_CYCLIC_COMPOUND","0.000897638211115143","0.00973486100518034","0.477270815362862","-0.406853151725075","-1.50836270599991","217","c(""Hmgb1"", ""Dntt"", ""Ezh2"", ""Smo"", ""Rorc"", ""Cxcr4"", ""Ly6d"", ""Smarca4"", ""Dhx9"", ""Nedd4"", ""Hnrnpd"", ""Mat2a"", ""Rapgef3"", ""Hnrnpu"", ""Ada"", ""Ube2l3"", ""Nr3c1"", ""Nfkbia"", ""Jup"", ""Hmgb2"", ""Stat5b"", ""Hdac1"", ""Id3"", ""Eif4e"", ""Akt1"", ""Mapk1"", ""Cdk6"", ""Slc16a1"", ""Ddx1"", ""Pak1"", ""Slc7a11"", ""Palm"", ""Egr1"", ""Parp1"", ""Stat5a"", ""Hdac2"", ""P2rx7"", ""Cdk4"", ""P2rx1"", ""Park7"", ""Cdkn2d"", ""Ranbp1"", ""Atf1"", ""Phb2"", ""Cdk1"", ""Aldh2"", ""Hmga1"", ""Vps35"", ""Ptges3"", ""Dnmt1"", ""Prmt5"", ""Ddx21"", ""Fkbp4"", ""Slc3a2"", ""Zfp36l1"", ""Idi1"", 
""Epg5"", ""Cdk2"", ""Agl"", ""Rock2"", ""Dtnbp1"", ""Hsp90b1"")"
"467","GOMF_RNA_POLYMERASE_II_TRANSCRIPTION_REGULATORY_REGION_SEQUENCE_SPECIFIC_DNA_BINDING","0.000310271771987125","0.00422745289332457","0.49849310876659","-0.39583807440228","-1.50612249712732","281","c(""Satb1"", ""H3f3a"", ""Tcf7"", ""Sox4"", ""H3f3b"", ""Cux1"", ""Myb"", ""Ets1"", ""Tcf12"", ""Maz"", ""Ezh2"", ""Gata3"", ""Hivep3"", ""Mtf2"", ""Rorc"", ""Ctcf"", ""Smarca4"", ""Dhx9"", ""Mxd4"", ""Ikzf1"", ""Patz1"", ""Ccar1"", ""Rbmxl1"", ""Hnrnpu"", ""Rbbp4"", ""Tcf3"", ""Nr3c1"", ""Ikzf2"", ""Gfi1"", ""Xbp1"", ""Bcl6"", ""Stat5b"", ""Thrap3"", ""Hdac1"", ""Suz12"", ""Tcf4"", ""Hdgf"", ""Nfatc3"", ""Ikzf3"", ""Runx1"", ""E2f4"", ""Ybx3"", ""Pknox1"", ""Trps1"", ""Nfyb"", ""Hcfc1"", ""Zfp704"", ""Kdm2b"", ""Lef1"", ""Myef2"", ""Egr1"", ""Klf13"", ""Srebf2"", ""Stat5a"", ""Hdac2"", ""E2f2"", ""Tfdp2"", 
""Fli1"", ""Zbed4"", ""Elk3"", ""Zbtb38"", ""Atf1"", ""Klf10"", ""Hmga1"", ""Taf1"", ""Cebpg"", ""E2f8"", ""Hbp1"", ""Egr2"", ""Mga"", ""Nfatc1"", ""Etv5"", ""Nfya"", ""Elk4"", ""Nfat5"")"
"468","ELL3_TARGET_GENES","3.56571427210445e-05","0.000740975947839834","0.557332238758646","-0.38057169908778","-1.50438833862344","415","c(""H3f3a"", ""Hmgb1"", ""Ptma"", ""Tox"", ""Gapdh"", ""Ywhae"", ""Hnrnpa2b1"", ""Marcks"", ""Slc25a5"", ""Ube2s"", ""Maz"", ""Cbx3"", ""Ly6e"", ""Tubb5"", ""Eif4a1"", ""Pcbp1"", ""Pafah1b3"", ""Serbp1"", ""Mtf2"", ""Rorc"", ""Srsf1"", ""Prpf40a"", ""Phf5a"", ""Caprin1"", ""Smarca4"", ""Mxd4"", ""Hnrnpd"", ""Slc29a1"", ""Hnrnpu"", ""Fkbp5"", ""Srsf2"", ""Naa15"", ""Hnrnpr"", ""Rbbp4"", ""Sh3bgrl"", ""Hsp90ab1"", ""Ddx3x"", ""Nck2"", ""Stag2"", ""Ube2l3"", ""Nr3c1"", ""Prps2"", ""Erh"", ""Atp5a1"", ""Eif5a"", ""Thrap3"", ""Morf4l2"", ""Mex3a"", ""Ptbp1"", ""Syncrip"", ""Msh6"", ""Tcf4"", ""Rnf157"", ""Tsc22d1"", 
""Amd1"", ""Ewsr1"", ""Hdgf"", ""Agtrap"", ""Cdk2ap1"", ""Cuedc2"", ""Aco2"", ""Mad1l1"", ""Dgke"", ""Fbxo5"", ""Mapk1"", ""Csrp1"", ""Cdk6"", ""Cops5"", ""Rrm1"", ""Nfyb"", ""Hcfc1"", ""Kdm2b"", ""Lef1"", ""Myef2"", ""Uba2"", ""Uck2"", ""Clic1"", ""Psmc5"", ""Nrros"", ""Mylpf"", ""Klf13"", ""Tuba1a"", ""Hdac2"", ""Sumo3"", ""Zcchc8"", ""Baz1b"", ""Psmb5"", ""Slk"", ""Zbtb38"", ""Atf1"", ""Exoc4"", ""Dynll2"", ""Phb2"", ""Raf1"", ""Glul"", ""Nars"", ""Sf3a1"", ""Sf3b3"", ""Hbp1"", ""Ska2"", ""Padi4"", ""Abi2"", ""Rasgrp4"", ""Spc24"", ""Etv5"", ""Arl6ip6"", ""Bbc3"", ""Nfya"", ""Rgs12"", ""Cacybp"", ""Cenpl"", 
""Prmt5"", ""Nop58"", ""G2e3"", ""Atp5d"", ""Slc3a2"", ""Mrps11"", ""Set"", ""Slc43a1"", ""Hdlbp"", ""Ahi1"", ""Tnnt1"", ""Cst3"", ""Sass6"", ""Tial1"", ""Mrpl46"", ""Tmem131"", ""Pim1"", ""Hmgxb4"", ""Naa16"", ""Mrpl35"", ""Kpna2"", ""Pou2f1"", ""Dohh"", ""Osbpl1a"", ""Rpia"", ""Mir17hg"", ""Mrpl36"", ""Ppp1r7"", ""Elp5"", ""Aak1"", ""Klf6"", ""Hspa9"", ""Ccdc25"", ""Cops2"", ""Gins1"", ""Dcakd"", ""Rif1"", ""Creld2"", ""Pfdn6"", ""Knstrn"", ""Tcf7l2"", ""Zc3h4"", ""Sms"", ""Rbbp7"", ""Nudt1"", ""Rpf2"", ""Aars2"", ""Nfia"", ""Sp4"", ""Psmd7"", ""Mrpl1"", ""Tgif1"", ""Kctd1"", ""Mrps18a"", ""Ankrd6"", ""Nup50"", 
""Rragd"", ""Oxsr1"", ""Usp10"", ""Pspc1"", ""Hes1"", ""Snrnp35"", ""Zcchc10"", ""Imp4"", ""Asxl1"")"
"469","GOBP_DOUBLE_STRAND_BREAK_REPAIR","0.00677964859806504","0.0451221543214536","0.407017918923954","-0.433157324477002","-1.49853930825022","114","c(""Dntt"", ""Sfpq"", ""Xrcc6"", ""Lig4"", ""Smarcc1"", ""Smarca4"", ""Dek"", ""Nsmce1"", ""Swi5"", ""Mcm7"", ""Rad21"", ""Bcl7c"", ""Morf4l2"", ""Ube2n"", ""Actl6a"", ""Brd8"", ""Sfr1"", ""Bcl7a"", ""Ddx1"", ""Parp1"", ""Smc5"", ""Lig1"", ""Ruvbl1"", ""Nucks1"", ""Inip"", ""Nsmce2"", ""Rpa3"", ""Brcc3"", ""Smarcb1"", ""Rbbp8"", ""Rmi2"", ""Prpf19"", ""Msh2"", ""Xrcc1"", ""Wrn"", ""Ruvbl2"", ""Esco2"", ""Rif1"", ""Psmd14"", ""Rfwd3"", ""Pola1"", ""Mcm2"", ""Aunip"", ""Recql"", ""Mcm6"", ""Foxm1"", ""Rad51ap1"", ""Rnf168"", ""Dna2"", ""Cdca5"", ""Gins2"", ""Fignl1"", ""Cdc7"", ""Tdp2"", ""Fancm"", ""Terf2ip"", 
""Blm"", ""Rpa1"", ""Trip13"", ""Cdc45"", ""Fh1"", ""Rad50"", ""Brca2"", ""Spidr"", ""Mre11a"", ""Babam1"")"
"470","GOBP_DNA_DAMAGE_RESPONSE","0.000239013601418997","0.00346060545212418","0.518848077743792","-0.386858876704459","-1.49703154319041","336","c(""Hmgb1"", ""Sox4"", ""Dntt"", ""Sfpq"", ""Cbx1"", ""Cbx3"", ""Xrcc6"", ""Hmgn1"", ""Smarca5"", ""Trim28"", ""Lig4"", ""Smc4"", ""Smarcc1"", ""Smarca4"", ""Dhx9"", ""Gtf2h4"", ""Dek"", ""Ddx39b"", ""Smc3"", ""Nsmce1"", ""Swi5"", ""Mcm7"", ""Supt16"", ""Rad21"", ""Egln3"", ""Bcl7c"", ""Bcl6"", ""Ube2a"", ""Morf4l2"", ""Rps27l"", ""Msh6"", ""Asf1a"", ""Ube2n"", ""Bclaf1"", ""Dcun1d5"", ""Actl6a"", ""Akt1"", ""Brd8"", ""Tdg"", ""Bcl2l11"", ""Fbxo5"", ""Mapk1"", ""Cops3"", ""Sfr1"", ""Bcl7a"", ""Cdk6"", ""Ddx1"", ""Rrm1"", ""Cbx5"", ""Pds5b"", ""Pds5a"", ""Pak1"", ""Smc1a"", ""Polr2i"", ""Uhrf1"", ""Parp1"", 
""Smc5"", ""Usp1"", ""Rfc1"", ""Lig1"", ""Park7"", ""Ruvbl1"", ""Eny2"", ""Baz1b"", ""Cdkn2d"", ""Uchl5"", ""Fbxw7"", ""Ddb1"", ""Zbtb38"", ""Top2a"", ""Pcna"", ""Cdk1"", ""Nucks1"", ""Hmga1"", ""Cebpg"", ""Sf3b3"", ""Topors"", ""Inip"", ""Nsmce2"", ""Bbc3"", ""Nfat5"", ""Clspn"", ""Spred1"", ""Plk1"", ""Rfc4"", ""Rpa3"", ""Tipin"", ""Fmr1"", ""Brcc3"", ""Smc2"", ""Cdk2"", ""Suv39h1"", ""Smarcb1"", ""Kif22"", ""Pole3"", ""Rad23b"", ""Rbbp8"", ""Prkcd"", ""Rmi2"", ""Prpf19"", ""Atad5"", ""Rhno1"", ""Bid"", ""Rfc3"", ""Sf3b5"", ""Nsmce4a"", ""Fbxo45"", ""Msh2"", ""Chchd6"", ""Xrcc1"", ""Wrn"", ""Ruvbl2"", ""Esco2"", 
""Topbp1"", ""Wdr76"", ""Rif1"", ""Psmd14"", ""Etaa1"", ""Neil3"", ""Rnaseh2b"", ""Rfwd3"", ""Taf5l"", ""Pola1"", ""Mcm2"", ""Aunip"", ""Recql"", ""Exo1"", ""Ddx11"", ""Usp10"", ""Ints7"", ""Sgf29"", ""Mcm6"", ""Foxm1"", ""Ercc6l2"", ""Rad51ap1"", ""Rnf168"", ""Dna2"", ""Uaca"", ""Rev1"", ""Casp3"", ""Cdca5"", ""Gins2"", ""Ash2l"", ""Commd1"", ""Fen1"", ""Chaf1a"", ""Paxip1"", ""Taf5"", ""Fignl1"", ""Rbm24"", ""Cdc7"", ""Tdp2"", ""Rad18"", ""Ube2t"", ""Fancm"", ""Terf2ip"", ""Pnp"", ""Blm"", ""Stub1"")"
"471","GLI3_TARGET_GENES","0.000750013266418128","0.00850087461405483","0.477270815362862","-0.400631485949473","-1.49520167013128","241","c(""Dynll1"", ""Atpif1"", ""Lztfl1"", ""Calm3"", ""Hmgn1"", ""Srsf7"", ""Snrpd1"", ""Patz1"", ""Mat2a"", ""Eif4a3"", ""Srsf2"", ""Hnrnpr"", ""Rbbp4"", ""Hsp90ab1"", ""Mcm7"", ""Mpp1"", ""Hjurp"", ""Ubb"", ""Lrrc59"", ""Psmd3"", ""Thrap3"", ""Ndufc2"", ""Larp7"", ""Suz12"", ""Ilf2"", ""Rbm17"", ""Bhlhb9"", ""U2surp"", ""Pcm1"", ""Snrpc"", ""Polr2j"", ""Hdgf"", ""Ddah2"", ""Bcl2l11"", ""Slbp"", ""Trps1"", ""Nt5c3b"", ""Cbx5"", ""Wbp11"", ""Pds5b"", ""C2cd5"", ""Cdkn2aipnl"", ""Myef2"", ""Rnps1"", ""Lsm2"", ""Manf"", ""Ndufs8"", ""Mrps33"", ""Cdk4"", ""Tfrc"", ""Park7"", ""Ctdspl2"", ""Fbxw7"", ""Raf1"", 
""Ppm1e"", ""Glul"", ""Cdc25a"", ""Dhcr24"", ""Sf3b3"", ""Pgm2l1"", ""Mrpl49"", ""Tomm20"", ""Eif3g"", ""Spred1"", ""Prmt5"", ""Rpa3"", ""Nop58"", ""Prdx1"", ""Hdlbp"", ""Cstf2"", ""Sf3b4"", ""Rad23b"", ""Odf2"", ""Psmb3"", ""Tmem131"", ""Acot7"", ""Naa16"", ""Dohh"", ""Paics"", ""Insig1"", ""Sod1"", ""Got2"", ""Ppm1l"", ""Rgcc"", ""Cmc2"", ""Magohb"", ""Ckap2"", ""Ints1"", ""Tomm70a"", ""Dcakd"", ""Irak1bp1"", ""Nr4a3"", ""Pitrm1"", ""Spdl1"", ""Memo1"", ""Mrpl14"", ""Hoxa7"", ""Dph6"", ""Noc4l"", ""Faf1"", ""Hes1"", ""Ndrg1"", ""Ercc6l2"", ""Gstm1"", ""Telo2"", ""Ephb2"", ""Gpn3"", ""Gins2"", ""Lonrf1"", 
""Rbm34"")"
"472","GM14412_TARGET_GENES","0.00163892666473433","0.0153416353750697","0.45505986738723","-0.410179730530663","-1.49464516284087","177","c(""Hmgb1"", ""Cdca7"", ""Vdac1"", ""Snrpe"", ""Hspa4l"", ""Srsf1"", ""Trim28"", ""Smarcc1"", ""Rheb"", ""Thoc7"", ""Hsp90ab1"", ""Pitpnm2"", ""Wdr12"", ""Ptbp1"", ""Tcf4"", ""Eif5b"", ""Tsc22d1"", ""Raph1"", ""Dnajc15"", ""Cops5"", ""Pknox1"", ""Dhrs3"", ""1500009L16Rik"", ""Mzt1"", ""Uba2"", ""Scmh1"", ""Usp1"", ""Cdk4"", ""Srp68"", ""Ldlrad4"", ""Cdkn2c"", ""Chsy1"", ""Mak16"", ""Drap1"", ""Zcrb1"", ""Carhsp1"", ""Cox6b2"", ""Nfat5"", ""Ubap2"", ""Tex30"", ""Tubg1"", ""Hdlbp"", ""Art1"", ""Rell1"", ""Rock2"", ""Prkar2b"", ""Atp2a2"", ""Taf3"", ""Eef2k"", ""Acot7"", ""Slc16a10"", ""Net1"", ""Syk"", 
""Got1"", ""Ckap2"", ""Nsmaf"", ""Wrn"", ""Dcakd"", ""Lcorl"", ""Kif4"", ""Cbfb"", ""Mis18bp1"", ""Mxd3"", ""Rbbp7"", ""D030056L22Rik"", ""Memo1"", ""Dlgap5"", ""Mrpl14"", ""Zdhhc21"", ""Pdzd11"", ""Fads1"", ""Nmd3"", ""Klhl23"", ""Rnf216"", ""Cars"", ""Ddx27"", ""Klf3"", ""Gpn3"", ""Pphln1"", ""Rabl6"", ""Cldnd1"", ""Fignl1"", ""Ptp4a1"", ""Mtmr4"", ""Stub1"", ""Ammecr1"", ""Cep76"", ""Xpo1"", ""Atrn"", ""Alcam"", ""Aen"", ""Ifrd1"", ""Rad50"", ""Mfsd12"", ""Polr3d"", ""Rpgrip1l"", ""Nr4a2"", ""Gramd1b"", ""Ampd2"")"
"473","GOBP_PURINE_CONTAINING_COMPOUND_METABOLIC_PROCESS","0.00250051542740556","0.0215926421885231","0.431707695803346","-0.413603827672098","-1.49406470900584","162","c(""Atpif1"", ""Atp5b"", ""Atp5h"", ""Atp5g3"", ""Vdac1"", ""Atp5k"", ""Atp5j2"", ""Ndufs6"", ""Ada"", ""Ndufb7"", ""Prps2"", ""Atp5a1"", ""Ndufc2"", ""Atp5j"", ""Ndufb8"", ""Ndufb6"", ""Atp5o"", ""Ndufa5"", ""Idh2"", ""Mdh1"", ""Atp5c1"", ""Pcmt1"", ""Nt5c2"", ""Ndufc1"", ""Nudt4"", ""Parp1"", ""Hmgcr"", ""Mpc1"", ""Ndufs8"", ""Ndufb9"", ""Ran"", ""Mdh2"", ""Ndufab1"", ""Nudt5"", ""Dld"", ""mt-Nd1"", ""Dnph1"", ""Sdhb"", ""Atp5d"", ""Pmvk"", ""Itpa"", ""Acsl3"", ""Ndufa12"", ""Ndufv2"", ""Atp6v1a"", ""Ndufb10"", ""Adssl1"", ""Txnrd1"", ""Ndufb2"", ""Pgls"", ""Cs"", ""Acot7"", ""Adss"", ""Aldoa"", ""Rpia"", 
""Paics"", ""Gmps"", ""Acly"", ""Pde5a"", ""Dlat"", ""Slc4a7"", ""Dcakd"", ""Pdk3"", ""Idh3a"", ""Ndufs1"", ""Sdhc"", ""Nudt1"", ""Idh3g"", ""Sdhd"", ""Nme1"")"
"474","GOBP_PROTEASOME_MEDIATED_UBIQUITIN_DEPENDENT_PROTEIN_CATABOLIC_PROCESS","0.00585306032482197","0.0405433207392045","0.407017918923954","-0.437977784654967","-1.49386414785817","103","c(""Ube2s"", ""Desi1"", ""Sumo2"", ""Anapc5"", ""Psmc3"", ""Smarcc1"", ""Psmc4"", ""Psmc6"", ""Sh3bgrl"", ""Ube2a"", ""Ube2n"", ""Akt1"", ""Cbfa2t3"", ""Pbk"", ""Trib1"", ""Psmc1"", ""Akirin2"", ""Psmd6"", ""Cdc16"", ""Psmc5"", ""Nrros"", ""Pcnp"", ""Park7"", ""Psmb5"", ""Uchl5"", ""Sec61b"", ""Fbxw7"", ""Ddb1"", ""Topors"", ""Aurka"", ""Cdc20"", ""Plk1"", ""Ube2c"", ""Rad23b"", ""Canx"", ""Ccnf"", ""Hsp90b1"", ""Psmb3"", ""Psmc2"", ""Cdc34"", ""Skp2"", ""Fbxo45"", ""Cdc27"", ""Psmd14"", ""Psmd2"", ""Psma5"", ""Psmd7"", ""Cul1"", ""Faf1"", ""Asb2"", ""Psmd1"", ""Anapc1"", ""Rnf126"", ""Rnf216"")"
"475","REACTOME_DNA_REPLICATION","0.00684196154473843","0.0453800365602227","0.407017918923954","-0.446325426954349","-1.49353083828939","93","c(""Ube2s"", ""Psma6"", ""Anapc5"", ""Psmc3"", ""Psmc4"", ""Psmc6"", ""Psmb6"", ""Ube2e1"", ""Mcm7"", ""Ubb"", ""Psmd3"", ""Psmd12"", ""Psmb7"", ""Ccna2"", ""Psmd13"", ""Psmc1"", ""Psma7"", ""Psmd6"", ""Cdc16"", ""Psmc5"", ""Rfc1"", ""Lig1"", ""Psma1"", ""Dbf4"", ""Psmb5"", ""Pcna"", ""Ccne2"", ""Psmb4"", ""Rfc4"", ""Ube2c"", ""Rpa3"", ""Psma2"", ""Cdk2"", ""Orc6"", ""Pole3"", ""Psmb3"", ""Psma3"", ""Psmc2"", ""Psme3"", ""Rfc3"", ""Kpnb1"", ""Skp2"", ""Cdc27"", ""Psmb2"", ""Gins1"", ""Prim2"", ""Psmd14"", ""Gmnn"", ""Psmd2"", ""Pola1"", ""Mcm2"", ""Psma5"", ""Cdc6"", ""Psmd7"", ""Cul1"", ""Mcm6"", ""Psmd1"", 
""Anapc1"", ""Orc2"", ""Dna2"", ""Gins2"")"
"476","GOBP_REGULATION_OF_CELL_CYCLE","4.10920429488054e-05","0.000838829442103352","0.557332238758646","-0.378226215450597","-1.49333434611747","404","c(""Hmgb1"", ""Cd28"", ""Ywhae"", ""Sfpq"", ""Calm2"", ""Ets1"", ""Ezh2"", ""Gata3"", ""Calm3"", ""Lmnb1"", ""Anapc5"", ""Anp32b"", ""Smarca5"", ""Ptprc"", ""Prpf40a"", ""Smc4"", ""Smarcc1"", ""Rdx"", ""Smarca4"", ""Rcc2"", ""Ppp1r35"", ""Ddx39b"", ""Pin1"", ""Hnrnpu"", ""Bub3"", ""Tcf3"", ""Hsp90ab1"", ""Ddx3x"", ""Rad21"", ""Bcl7c"", ""Wdr12"", ""Stat5b"", ""Rrm2"", ""Morf4l2"", ""Rps27l"", ""Larp7"", ""Eif4e"", ""Itgb1"", ""Actl6a"", ""Akt1"", ""Brd8"", ""Mad1l1"", ""Ccna2"", ""Bcl2l11"", ""Cks2"", ""E2f4"", ""Camk2d"", ""Fbxo5"", ""Bcl7a"", ""Cdk6"", ""Cops5"", ""Rrm1"", ""Lef1"", ""Ccnh"", ""Ncapd2"", 
""Cdc16"", ""Smc5"", ""Stat5a"", ""Mki67"", ""Ccnb1"", ""Cdk4"", ""E2f2"", ""Tfdp2"", ""Ruvbl1"", ""Baz1b"", ""Hras"", ""Cdkn2d"", ""Dbf4"", ""Ranbp1"", ""Uchl5"", ""Nup62"", ""Ddb1"", ""Phb2"", ""Nusap1"", ""Cdkn2c"", ""Cdk1"", ""Eif4g1"", ""Cdc25a"", ""Kif11"", ""E2f8"", ""Pebp1"", ""Tnfaip3"", ""Ccne2"", ""Ccnb2"", ""Inip"", ""Spc24"", ""Nsmce2"", ""Cdca8"", ""Cited2"", ""Ncaph"", ""Spc25"", ""Clspn"", ""Azin1"", ""Aurka"", ""Cdc20"", ""Plk1"", ""Cenpe"", ""Ube2c"", ""Rpa3"", ""Tipin"", ""Lcmt1"", ""Prc1"", ""Cep295"", ""Incenp"", ""Brcc3"", ""Smc2"", ""Lin9"", ""Zfp36l1"", ""Tubg1"", ""Ect2"", ""Drg1"", 
""Ncapd3"", ""Nr4a1"", ""Cdk2"", ""Birc5"", ""Suv39h1"", ""Smarcb1"", ""Cep250"", ""Igf1r"", ""Mdm1"", ""Wdr5"", ""Tpx2"", ""Rbbp8"", ""Aurkb"", ""Sass6"", ""Rmi2"", ""Mad2l1"", ""Rock2"", ""Ccnf"", ""Cenpf"", ""Cdkn1c"", ""Prpf19"", ""Plk4"", ""Bub1b"", ""Zwint"", ""Ncapg2"", ""Atad5"", ""Pim1"", ""Hacd1"", ""Rhno1"", ""Hecw2"", ""Tacc3"", ""Kif20a"", ""Kif23"", ""Psme3"", ""Bid"", ""Jade1"", ""Cks1b"", ""Ncapg"", ""Rgcc"", ""Skp2"", ""Cdc27"", ""Msh2"", ""Kif2c"", ""Ruvbl2"", ""Topbp1"", ""Kif20b"", ""Wdr76"", ""Etaa1"", ""Rnaseh2b"", ""Nr4a3"", ""Rfwd3"", ""Knstrn"", ""Spdl1"", ""Alms1"", ""Gmnn"", ""Dlgap5"", 
""Gtpbp4"", ""Atf5"", ""Cdc6"", ""Poc1a"", ""Ctdspl"", ""Trim37"", ""Nuf2"", ""Ndc80"", ""Ints7"", ""Sgf29"", ""Nek2"", ""Hes1"", ""Foxm1"", ""Anapc1"", ""Rad51ap1"", ""Ncaph2"", ""Rcc1"", ""Dna2"", ""Casp3"", ""Pes1"", ""Cdca5"", ""Bub1"", ""Sin3a"", ""Cep192"", ""Fen1"", ""Ttk"", ""Paxip1"", ""Cdk5rap2"", ""Fignl1"", ""Ythdc2"", ""Pdgfrb"", ""Anapc15"", ""Ccp110"", ""Cdc7"", ""Cenpv"", ""Spag5"", ""Rad18"", ""Rbl1"", ""Miip"", ""Gpsm2"", ""Blm"", ""Gadd45b"", ""Cep76"", ""Nubp1"", ""Xpo1"", ""Cdc25c"", ""Psrc1"", ""Pnpt1"", ""Nme6"")"
"477","SALL1_TARGET_GENES","0.000221367827187174","0.00325405073196006","0.518848077743792","-0.388100278510279","-1.49298766750201","313","c(""Satb1"", ""Ywhae"", ""Anp32e"", ""Marcks"", ""Stmn1"", ""Slc25a5"", ""Lmo4"", ""Tcf12"", ""Hsp90aa1"", ""Cox7a2"", ""Kras"", ""Anapc5"", ""Eif4h"", ""Mtf2"", ""Snrpd1"", ""Smarca5"", ""Ctcf"", ""Hnrnpdl"", ""Dhx9"", ""Psmc6"", ""Rcc2"", ""Psmb6"", ""Hnrnpd"", ""Slc29a1"", ""Hnrnpu"", ""Dgkeos"", ""Fkbp5"", ""Sh3bgrl"", ""Hsp90ab1"", ""Ube2e1"", ""Ubb"", ""Plin2"", ""Nab2"", ""Bcl6"", ""Morf4l2"", ""Psap"", ""Kcnq1ot1"", ""U2surp"", ""Tcf4"", ""Rnf157"", ""Bclaf1"", ""Leo1"", ""Tsc22d1"", ""Eif4e"", ""Actl6a"", ""Ccna2"", ""Utp3"", ""Fbxo5"", ""Cdk19"", ""Psmd13"", ""Cdk6"", ""Trps1"", ""Cbx5"", ""Pds5a"", 
""Myef2"", ""Ncapd2"", ""Lsm2"", ""Uba2"", ""Mylpf"", ""Mpc1"", ""Tfrc"", ""Mrpl13"", ""Park7"", ""Tfdp2"", ""Dbf4"", ""Rbm28"", ""Fbxw7"", ""Zbtb38"", ""Atf1"", ""Eif4g1"", ""Nucks1"", ""Haus3"", ""Lockd"", ""BC028471"", ""Qser1"", ""Morc1"", ""Etv5"", ""Cited2"", ""Nfat5"", ""Spred1"", ""Nifk"", ""Nop58"", ""G2e3"", ""Yif1b"", ""Dusp6"", ""Ect2"", ""Utp14b"", ""Rsl24d1"", ""Slc43a1"", ""Acsl3"", ""Fundc2"", ""Tnnt1"", ""Pfkp"", ""Ylpm1"", ""Hmgxb4"", ""Hecw2"", ""Atxn1"", ""Acot7"", ""Cenpb"", ""Pou2f1"", ""Osbpl1a"", ""Jade1"", ""Tuba1b"", ""Gsr"", ""Magt1"", ""Got2"", ""Spry1"", ""Magohb"", ""Kif20b"", 
""Wdr76"", ""Rif1"", ""Hax1"", ""Pbx4"", ""Neil3"", ""Tcf7l2"", ""Sms"", ""Rbbp7"", ""Nudt1"", ""Mast2"", ""Nfia"", ""Zdhhc21"", ""Iars"", ""Nme1"", ""Tgif1"", ""Ankrd6"", ""Atf6"", ""Fgf13"", ""Mcm6"", ""Atp8a1"", ""Asxl1"", ""Tns3"", ""Zeb2"", ""Klf3"", ""Rev1"", ""Alg13"", ""Pfdn4"")"
"478","GOBP_PROTEASOMAL_PROTEIN_CATABOLIC_PROCESS","0.00277228858987334","0.0234144900346466","0.431707695803346","-0.424710386216506","-1.49190057907145","134","c(""Ube2s"", ""Aqp11"", ""Desi1"", ""Psma6"", ""Sumo2"", ""Anapc5"", ""Psmc3"", ""Smarcc1"", ""Psmc4"", ""Psmc6"", ""Psmb6"", ""Sh3bgrl"", ""Hsp90ab1"", ""Ubb"", ""Ube2a"", ""Ube2n"", ""Psmb7"", ""Akt1"", ""Cbfa2t3"", ""Pbk"", ""Trib1"", ""Psmc1"", ""Psma7"", ""Akirin2"", ""Psmd6"", ""Cdc16"", ""Psmc5"", ""Nrros"", ""Pcnp"", ""Park7"", ""Psma1"", ""Psmb5"", ""Uchl5"", ""Sec61b"", ""Fbxw7"", ""Ddb1"", ""Eif2a"", ""Topors"", ""Psmb4"", ""Aurka"", ""Cdc20"", ""Plk1"", ""Ube2c"", ""Psma2"", ""Fmr1"", ""Rad23b"", ""Canx"", ""Ccnf"", ""Hsp90b1"", ""Prpf19"", ""Psmb3"", ""Psma3"", ""Psmc2"", ""Psme3"", ""Cdc34"", 
""Skp2"", ""Fbxo45"", ""Cdc27"", ""Psmb2"", ""Psmd14"", ""Get4"", ""Psmd2"", ""Psma5"", ""Psmd7"", ""Cul1"", ""Faf1"", ""Asb2"", ""Psmd1"", ""Sdf2l1"", ""Anapc1"", ""Rnf126"", ""Rnf216"")"
"479","GOBP_REGULATION_OF_CELLULAR_LOCALIZATION","0.00025193291501966","0.00358012645113688","0.49849310876659","-0.388511093118186","-1.49078309611353","308","c(""Sox4"", ""Txn1"", ""Ywhae"", ""Hnrnpab"", ""Camk4"", ""Dynll1"", ""Atpif1"", ""Lztfl1"", ""Anxa2"", ""Hnrnpm"", ""Hsp90aa1"", ""Smo"", ""Pdcd5"", ""Anp32b"", ""Trim28"", ""Cd4"", ""Cd247"", ""Rdx"", ""Dhx9"", ""Nedd4"", ""Pin1"", ""Rapgef3"", ""Tomm7"", ""Hsp90ab1"", ""Jup"", ""Xbp1"", ""Tcp1"", ""Larp7"", ""Ptbp1"", ""Cct7"", ""Pcm1"", ""Itgb1"", ""Akt1"", ""Camk2d"", ""Idh2"", ""Mapk1"", ""Slc16a1"", ""Hcfc1"", ""Bsg"", ""Serp1"", ""C2cd5"", ""Pak1"", ""Pgrmc1"", ""Cct2"", ""Slc7a11"", ""Iws1"", ""Mmd"", ""Parp1"", ""Ccdc88a"", ""Hmgcr"", ""Rsl1d1"", ""P2rx7"", ""Tfrc"", ""Park7"", ""Ndufaf2"", ""Eny2"", 
""Sumo3"", ""Hras"", ""Ppid"", ""Hmgn3"", ""Ptp4a3"", ""Ran"", ""Nup62"", ""Terf1"", ""Ctdspl2"", ""Fbxw7"", ""Ptger4"", ""Exoc4"", ""Glul"", ""Cdk1"", ""Eif4g1"", ""Cct3"", ""Pkig"", ""Vps35"", ""Ccne2"", ""Ptpn14"", ""Bbc3"", ""Plk1"", ""Cep295"", ""Gdi2"", ""Cct8"", ""Pcnt"", ""Cenpq"", ""Zfp36l1"", ""Ect2"", ""Birc5"", ""Acsl3"", ""Cep250"")"
"480","MILI_PSEUDOPODIA_HAPTOTAXIS_UP","0.00301495141370314","0.0247757813897056","0.431707695803346","-0.406509678589353","-1.48564829715666","181","c(""Srsf3"", ""Lztfl1"", ""Tcf12"", ""St13"", ""Metap2"", ""Cdv3"", ""Hnrnpa3"", ""Kras"", ""Pdcd5"", ""Srsf1"", ""Prpf40a"", ""Psmc6"", ""Dek"", ""Smc3"", ""Naa15"", ""Hnrnpr"", ""Thoc7"", ""Sh3bgrl"", ""Stag2"", ""Eif2s2"", ""Nr3c1"", ""Arpp19"", ""Gspt1"", ""Larp7"", ""Bhlhb9"", ""Nap1l1"", ""Bclaf1"", ""Eif5b"", ""Ssb"", ""Dnajc15"", ""Htatsf1"", ""Ivns1abp"", ""Eif3j1"", ""Txnl1"", ""Camk2d"", ""Ak6"", ""Cfdp1"", ""Psip1"", ""Ccdc34"", ""Myef2"", ""Ccnh"", ""Mtpn"", ""Psmd6"", ""Iws1"", ""Smc5"", ""Hdac2"", ""Pcnp"", ""Strap"", ""Mrps14"", ""Mrpl13"", ""Hmgn3"", ""Ssbp1"", ""Uchl5"", ""Zbtb38"", ""Dynll2"", 
""Nusap1"", ""Eri1"", ""Eif2a"", ""Mak16"", ""Vps35"", ""Ccne2"", ""Abi2"", ""Topors"", ""Psmc3ip"", ""Ddx10"", ""Naa50"", ""Spred1"", ""Cacybp"", ""Nifk"", ""Aasdhppt"", ""Gdi2"", ""Cenpq"", ""Idi1"", ""Cstf2"", ""Rbbp8"", ""Tial1"", ""Cep83"", ""Serf1"", ""Cenpb"", ""Gmps"", ""Kpna3"", ""Net1"", ""Ppp1r7"", ""Mrpl57"", ""Tomm70a"", ""Nup54"", ""Cops2"", ""Irak1bp1"", ""Cenpp"", ""Wdr43"", ""Cisd1"", ""Rpf2"", ""Mrps18c"", ""Nfia"", ""Pola1"", ""Gtpbp4"", ""Snx5"", ""Rwdd1"", ""Mycbp"", ""Mrps22"")"
"481","GOCC_NEURON_PROJECTION","0.000317735513369107","0.00429873082138953","0.49849310876659","-0.381435423684439","-1.4822496823689","353","c(""Hmgb1"", ""Txn1"", ""Ywhae"", ""Sfpq"", ""Hnrnpab"", ""Cux1"", ""Calm2"", ""Hnrnpa2b1"", ""Dynll1"", ""Marcks"", ""Stmn1"", ""Aqp11"", ""Ybx1"", ""Ifngr1"", ""Thy1"", ""Hsp90aa1"", ""Calm3"", ""Smo"", ""Cxcr4"", ""Rdx"", ""Nedd4"", ""Ssna1"", ""Rheb"", ""Rapgef3"", ""Ppt1"", ""Hnrnpu"", ""Eif4a3"", ""Hnrnpr"", ""Ada"", ""Srsf10"", ""Hsp90ab1"", ""Ubb"", ""Nr3c1"", ""Ephb6"", ""Ptprf"", ""Eif5a"", ""Rbm8a"", ""Ptbp1"", ""Syncrip"", ""Slc38a1"", ""Rbm3"", ""Als2"", ""Itgb1"", ""Ckap5"", ""Camk2d"", ""Mapk1"", ""Chl1"", ""Hcfc1"", ""Bsg"", ""Ctsz"", ""Pak1"", ""Comt"", ""Pgrmc1"", ""Mpp4"", ""Mtpn"", ""Cd3e"", 
""Palm"", ""Srebf2"", ""P2rx7"", ""Park7"", ""Gfra1"", ""Ranbp1"", ""Ptger4"", ""Exoc4"", ""Phb2"", ""Glul"", ""Baiap2"", ""Dynlt1f"", ""Pebp1"", ""Ift57"", ""Vps35"", ""Abi2"", ""Topors"", ""Atp2b1"", ""Smn1"", ""Rgs12"", ""Khsrp"", ""mt-Nd1"", ""Aurka"", ""Anks1"", ""Nrgn"", ""Ppp1r2"", ""Fmr1"", ""Fkbp4"", ""Tubg1"", ""Actn4"", ""Srgap2"", ""Cep250"", ""Ahi1"", ""Canx"", ""Igf1r"", ""Cst3"", ""Tpx2"", ""Pex6"", ""Dtnbp1"", ""Tiam1"", ""Prkar2b"", ""Nrp1"", ""Gars"", ""Zwint"", ""Psmc2"", ""Eef2k"", ""Acot7"", ""Lyar"")"
"482","GOMF_DNA_BINDING_TRANSCRIPTION_ACTIVATOR_ACTIVITY","0.00351602870698184","0.0278247915619645","0.431707695803346","-0.420001634283104","-1.48222428476907","142","c(""Sox4"", ""Myb"", ""Ets1"", ""Tcf12"", ""Gata3"", ""Ctcf"", ""Patz1"", ""Tcf3"", ""Nr3c1"", ""Stat5b"", ""Tcf4"", ""Nfatc3"", ""Ikzf3"", ""Runx1"", ""E2f4"", ""Nfyb"", ""Lef1"", ""Egr1"", ""Klf13"", ""Stat5a"", ""E2f2"", ""Tfdp2"", ""Fli1"", ""Zbed4"", ""Elk3"", ""Atf1"", ""Klf10"", ""Hmga1"", ""Cebpg"", ""Egr2"", ""Mga"", ""Nfatc1"", ""Etv5"", ""Nfya"", ""Elk4"", ""Nfat5"")"
"483","GOBP_MULTICELLULAR_ORGANISM_REPRODUCTION","0.00118099886896468","0.01194856473907","0.45505986738723","-0.39733670869641","-1.4794813694675","230","c(""H3f3a"", ""H3f3b"", ""Lztfl1"", ""Mns1"", ""Ctsl"", ""Pafah1b3"", ""Ctcf"", ""Trim28"", ""Cxcr4"", ""Patz1"", ""Ada"", ""Ddx3x"", ""Ubb"", ""Eif2s2"", ""Nr3c1"", ""Magoh"", ""Bcl6"", ""Hmgb2"", ""Stat5b"", ""Ube2a"", ""Larp7"", ""Itgb1"", ""Akt1"", ""Gmcl1"", ""Bcl2l11"", ""Runx1"", ""Fbxo5"", ""Mapk1"", ""Ybx3"", ""Bsg"", ""Kdm2b"", ""Ccdc34"", ""Comt"", ""Tdrkh"", ""Hspb11"", ""Egr1"", ""Scmh1"", ""Parp1"", ""Vdac3"", ""Tdrd5"", ""Stat5a"", ""Hdac2"", ""Ccnb1"", ""P2rx1"", ""Cep57"", ""Ddb1"", ""Ptger4"", ""Top2a"", ""Hmga1"", ""Pebp1"", ""Ccnb2"", ""Morc1"", ""Etv5"", ""Cited2"", ""Ncaph"", ""Dld"", 
""Aurka"", ""Plk1"", ""Cenpe"", ""Notch1"", ""Yif1b"", ""Utp14b"", ""Rad23b"", ""Golga3"", ""Igf1r"", ""Tial1"")"
"484","GOBP_ORGANELLE_LOCALIZATION","0.00429150210226348","0.0320312633947391","0.407017918923954","-0.402267428695454","-1.47370126785079","187","c(""Ap3s1"", ""Dynll1"", ""Lmnb1"", ""Lat"", ""Rcc2"", ""Hnrnpu"", ""Bub3"", ""Ubb"", ""Nr3c1"", ""Pcm1"", ""Tacc2"", ""Itgb1"", ""Mad1l1"", ""Cops5"", ""Tuba1a"", ""Ccnb1"", ""Nde1"", ""Ran"", ""Nup62"", ""Terf1"", ""Exoc4"", ""Nusap1"", ""Nudc"", ""Spc24"", ""Cdca8"", ""Snf8"", ""Spc25"", ""Plk1"", ""Cenpe"", ""Incenp"", ""Trappc1"", ""a"", ""Cenpq"", ""Rab1a"", ""Ect2"", ""Actn4"", ""Birc5"", ""Kif22"", ""Ahi1"", ""Aurkb"", ""Mad2l1"", ""Cep83"", ""Dtnbp1"", ""Cenpf"", ""Atp2a2"", ""Eif6"", ""Seh1l"", ""Tacc3"", ""Sdc4"", ""Atp13a2"", ""Kpnb1"", ""Syk"", ""Spry1"", ""Camk2a"", ""Kif2c"", ""Cenpc1"", ""Nr4a3"", 
""Myzap"", ""Cenpa"", ""Knstrn"", ""Tcf7l2"", ""Spdl1"", ""Nup88"", ""Cep290"", ""Kif18a"", ""Nuf2"", ""Myo1c"", ""Ndc80"", ""Zbed3"", ""Nek2"", ""Nmd3"", ""Enkd1"", ""Cdca5"", ""Syne1"", ""Nop9"", ""Sytl2"", ""Cdk5rap2"", ""Cdc42bpa"", ""Spag5"", ""Gpsm2"", ""Nsl1"", ""Xpo1"", ""Psrc1"", ""Gem"")"
"485","GOBP_SEXUAL_REPRODUCTION","0.00105308964290495","0.0110411957659925","0.45505986738723","-0.388999774604193","-1.47283976805032","273","c(""H3f3a"", ""H3f3b"", ""Lztfl1"", ""Mns1"", ""Pafah1b3"", ""Eif4h"", ""Ctcf"", ""Trim28"", ""Cxcr4"", ""Smc4"", ""Patz1"", ""Smc3"", ""Bub3"", ""Ddx3x"", ""Mcm7"", ""Stag2"", ""Ubb"", ""Eif2s2"", ""Magoh"", ""Bcl6"", ""Hmgb2"", ""Tcp1"", ""Larp7"", ""Cct7"", ""Itgb1"", ""Akt1"", ""Gmcl1"", ""Bcl2l11"", ""Cks2"", ""Fbxo5"", ""Ybx3"", ""Psmd13"", ""Bsg"", ""Kdm2b"", ""Ccdc34"", ""Clic4"", ""Ncapd2"", ""Tdrkh"", ""Cct2"", ""Hspb11"", ""Smc1a"", ""Vdac2"", ""Scmh1"", ""Vdac3"", ""Tdrd5"", ""Mki67"", ""Ccnb1"", ""Park7"", ""Cep57"", ""Terf1"", ""Ddb1"", ""Top2a"", ""Cdc25a"", ""Cct3"", ""Hmga1"", ""Pebp1"", ""Ccne2"", 
""Ccnb2"", ""Morc1"", ""Psmc3ip"", ""Etv5"", ""Ncaph"", ""Dld"", ""Aurka"", ""Cdc20"", ""Plk1"", ""Cenpe"", ""Notch1"", ""Incenp"", ""Cct8"", ""Smc2"", ""Yif1b"", ""Tubg1"", ""Utp14b"", ""Ncapd3"", ""Cdk2"", ""Birc5"", ""Rad23b"", ""Syce2"", ""Golga3"", ""Igf1r"", ""Rbbp8"", ""Tial1"", ""Cdkn1c"", ""Odf2"", ""Ly6k"", ""Aldoa"", ""Gsr"", ""Sod1"", ""Dazap1"", ""Ehmt2"", ""Rgs2"", ""Pde5a"", ""Msh2"", ""Mfge8"", ""Topbp1"", ""Cenpc1"", ""Morn2"", ""Alms1"", ""Mast2"", ""Mcm2"", ""Map7"", ""Kif18a"", ""Poc1a"", ""Nuf2"", ""Ndc80"", ""Exo1"", ""Ing2"", ""Snrpa1"", ""Mcm6"", ""Nek2"", ""Rad51ap1"", ""Ncaph2"", 
""Nphp1"", ""Syne1"", ""Ttk"", ""Etv6"", ""Tuba8"", ""Fignl1"", ""Ythdc2"", ""Sfmbt1"", ""Rad18"", ""Smad1"", ""Slirp"", ""Fancm"", ""Dcaf13"", ""Suv39h2"", ""Cdc25c"", ""Crem"", ""Cyp51"", ""Rpa1"", ""Ybx2"", ""Fzr1"", ""Trip13"")"
"486","MIR_6946_3P","0.00745710217137935","0.0484041339820882","0.407017918923954","-0.421212032539333","-1.47264517057087","126","c(""Cd28"", ""Arpp21"", ""Slc25a5"", ""Lmo4"", ""Tcf12"", ""Ybx1"", ""Smo"", ""Hivep3"", ""Patz1"", ""Hjurp"", ""1110004F10Rik"", ""Ikzf2"", ""Morf4l2"", ""Suz12"", ""Raph1"", ""Cdk2ap1"", ""Ybx3"", ""Trps1"", ""Atp5c1"", ""Mtpn"", ""Egr1"", ""Strap"", ""Elk3"", ""Tnfaip3"", ""Mrpl50"", ""Dld"", ""Spred1"", ""Fmr1"", ""Epg5"", ""Eif2s1"", ""Rreb1"", ""Tial1"", ""Tmcc3"", ""Cpsf2"", ""Chst2"", ""Pou2f1"", ""Tmed5"", ""Depdc1a"", ""Cxxc5"", ""Fbxo45"", ""Klf6"", ""Cops2"", ""Rif1"", ""Cisd1"", ""Plod2"", ""Smad3"")"
"487","GOBP_CELLULAR_RESPONSE_TO_ORGANIC_CYCLIC_COMPOUND","0.00669998598563318","0.0448189744184019","0.407017918923954","-0.417161515787386","-1.46711948480975","136","c(""Ezh2"", ""Smo"", ""Rorc"", ""Smarca4"", ""Dhx9"", ""Nedd4"", ""Rapgef3"", ""Hnrnpu"", ""Ube2l3"", ""Nr3c1"", ""Nfkbia"", ""Jup"", ""Hdac1"", ""Id3"", ""Eif4e"", ""Akt1"", ""Mapk1"", ""Slc16a1"", ""Pak1"", ""Palm"", ""Egr1"", ""Parp1"", ""Stat5a"", ""Hdac2"", ""P2rx7"", ""Cdk4"", ""Park7"", ""Ranbp1"", ""Phb2"", ""Cdk1"", ""Vps35"", ""Ptges3"", ""Dnmt1"", ""Prmt5"", ""Fkbp4"", ""Zfp36l1"", ""Epg5"", ""Rock2"", ""Dtnbp1"", ""Hsp90b1"", ""Pim1"", ""Insig1"", ""Skp2"", ""Uri1"", ""Ehmt2"")"
"488","GOBP_MONONUCLEAR_CELL_DIFFERENTIATION","0.00109560999392004","0.0113837031202807","0.45505986738723","-0.392248223521658","-1.46548494739185","243","c(""Satb1"", ""Hmgb1"", ""Tcf7"", ""Sox4"", ""Ccr9"", ""Cd27"", ""Cd28"", ""Tox"", ""Cd24a"", ""Prdx2"", ""Camk4"", ""Myb"", ""Slc25a5"", ""Themis"", ""Itm2a"", ""Cd8a"", ""Cmtm7"", ""Xrcc6"", ""Ezh2"", ""Gata3"", ""Hsp90aa1"", ""Ctsl"", ""Rag1"", ""Rorc"", ""Ptprc"", ""Lig4"", ""Smarcc1"", ""Cd4"", ""Ly6d"", ""Smarca4"", ""Ikzf1"", ""Hmgb3"", ""Patz1"", ""Tcf3"", ""Ada"", ""Prelid1"", ""Xbp1"", ""Bcl6"", ""Dusp10"", ""Stat5b"", ""Psap"", ""Cd3d"", ""Ighm"", ""Rag2"", ""Actl6a"", ""Nfatc3"", ""Lgals9"", ""Slamf1"", ""Ikzf3"", ""Runx1"", ""Cdk6"", ""Pknox1"", ""Slamf6"", ""Lef1"", ""Cd1d1"")"
"489","MSX1_TARGET_GENES","0.00335795301893767","0.0269070498076445","0.431707695803346","-0.41342925088025","-1.46440866061961","147","c(""Rorc"", ""Caprin1"", ""Nedd4"", ""Rapgef3"", ""Tomm7"", ""Tubb2b"", ""Rad21"", ""Nfkbia"", ""Scaf11"", ""Ptprf"", ""Syncrip"", ""Tcf4"", ""Id3"", ""Amd1"", ""Dtymk"", ""Mad1l1"", ""Cks2"", ""Runx1"", ""Dhrs3"", ""Srebf2"", ""Usp1"", ""Llph"", ""Gfra1"", ""5930430L01Rik"", ""Fbxw7"", ""Atf1"", ""E2f8"", ""Hbp1"", ""Tnfaip3"", ""Pkig"", ""Ddx10"", ""Rgs12"", ""Dstn"", ""Azin1"", ""Incenp"", ""Dusp6"", ""Actn4"", ""St6gal1"", ""Tcerg1"", ""Mrps12"", ""Denr"", ""Tmcc3"", ""Hmgxb4"", ""Atad2"", ""Pgls"", ""Tnpo1"", ""Ablim1"", ""Nelfa"")"
"490","ZFP652_TARGET_GENES","0.000349654429597089","0.00466501995330804","0.49849310876659","-0.381946980425568","-1.46381951942487","303","c(""Hnrnpa2b1"", ""Dynll1"", ""Myb"", ""Cbx3"", ""Cdv3"", ""Serbp1"", ""Srsf9"", ""Brd3"", ""Ctcf"", ""Psmc6"", ""Gtf2h4"", ""Naa15"", ""Srrm1"", ""Nck2"", ""Nr3c1"", ""1110004F10Rik"", ""Nfkbia"", ""Psmd3"", ""Thrap3"", ""Gspt1"", ""Mbd3"", ""Tmpo"", ""Fdps"", ""Rbm17"", ""Msh6"", ""Gtf2e2"", ""Nfatc3"", ""Txnl1"", ""Camk2d"", ""Cdk19"", ""Sf3b2"", ""Emc8"", ""Trps1"", ""Akirin2"", ""Pds5a"", ""Pcmt1"", ""Uba2"", ""Luc7l"", ""Uhrf1"", ""Egr1"", ""Klf13"", ""Vdac3"", ""Tdrd5"", ""Uqcr10"", ""Trim59"", ""Timm13"", ""Ndufb9"", ""Eny2"", ""Zcchc8"", ""Abcf2"", ""Cdca4"", ""Rps19bp1"", ""Cdc25a"", ""P3h4"", 
""Hbp1"", ""Ndufab1"", ""Tnfaip3"", ""Cdca3"", ""Atp2b1"", ""Qser1"", ""Zdhhc8"", ""Mrpl50"", ""Mrpl34"", ""Anks1"", ""Psma2"", ""Notch1"", ""Tex30"", ""Fkbp4"", ""Rab1a"", ""Set"", ""Birc5"", ""Slc35b4"", ""Rell1"", ""Ndufv2"", ""Tnnt1"", ""Podxl2"", ""Wdr5"", ""Pa2g4"", ""Rreb1"", ""Tial1"", ""Ccdc18"", ""Rpap3"", ""Hsp90b1"", ""Denr"", ""Dgcr8"", ""Mrps25"", ""Tmcc3"", ""Bub1b"", ""Dusp2"", ""Tmem131"", ""Adssl1"", ""4930579G24Rik"", ""Msl3"", ""Pgls"", ""Rhno1"", ""Tacc3"", ""Osbpl1a"", ""Thoc3"", ""Sclt1"", ""Rpia"", ""Cdc34"", ""Kpna3"", ""Dazap1"", ""Tmed5"", ""Aak1"", ""Pde5a"", ""Stim2"", ""Pom121"", 
""Wrn"", ""Gins1"", ""Dcakd"", ""Kif20b"", ""Psmd14"", ""Creld2"", ""Lcorl"", ""Mrpl45"", ""Tcf7l2"", ""Dzip3"", ""D030056L22Rik"", ""Cep290"", ""Zdhhc21"", ""Cdc6"", ""Ctdspl"")"
"491","ELL_TARGET_GENES","0.00764667139397429","0.0490831340477661","0.407017918923954","-0.418735069473598","-1.46154051620053","122","c(""H3f3b"", ""Pcbp1"", ""Serbp1"", ""Brd3"", ""Dut"", ""Gtf2h4"", ""Atp5j2"", ""Bub3"", ""Ddx3x"", ""Nr3c1"", ""1110004F10Rik"", ""Wdr12"", ""Thrap3"", ""Gspt1"", ""Fdps"", ""Atp5o"", ""Pcm1"", ""Amd1"", ""Cuedc2"", ""Brd8"", ""Cdk19"", ""Rrm1"", ""Hcfc1"", ""Luc7l"", ""Lta4h"", ""Uqcr10"", ""Lig1"", ""Timm13"", ""Cnih4"", ""Eny2"", ""Zcchc8"", ""Psmb5"", ""Abcf2"", ""Cdca4"", ""Cct3"", ""Hmga1"", ""Cdca3"", ""Mrpl50"", ""Cenpl"", ""Mrpl34"", ""Atp5d"", ""Slc3a2"", ""Birc5"", ""Slc35b4"", ""Pa2g4"", ""Tial1"", ""Hsp90b1"", ""Mrps25"", ""Tssc4"", ""Bub1b"", ""Eprs"", ""Tacc3"", ""Kif20a"", ""Rpia"", ""Kpna3"", 
""Xrra1"", ""Aak1"", ""Rif1"", ""Creld2"", ""Lcorl"", ""Knstrn"", ""Cep290"", ""Snx5"")"
"492","GOMF_OXIDOREDUCTASE_ACTIVITY","0.00385785513079538","0.0297554460488717","0.431707695803346","-0.397198551698417","-1.46106319641049","190","c(""Txn1"", ""Gapdh"", ""Prdx2"", ""Cox7a2"", ""Hibadh"", ""Cox6a1"", ""Lbr"", ""Egln3"", ""Ndufb7"", ""Rrm2"", ""Chdh"", ""Fth1"", ""Txnl1"", ""Idh2"", ""Mdh1"", ""Rrm1"", ""Dhrs3"", ""Kdm2b"", ""Hmgcr"", ""Ndufs8"", ""Cyb5b"", ""Park7"", ""Mrps36"", ""Mdh2"", ""Aldh2"", ""Dhcr24"", ""Cox5a"", ""Dld"", ""mt-Nd1"", ""Uqcrfs1"", ""Sdhb"", ""Prdx1"", ""Prodh"", ""P4hb"", ""Pdia6"", ""Ndufv2"", ""Sqle"", ""Coq7"", ""Aifm1"", ""Txnrd1"", ""Ptgr1"", ""Dohh"", ""Gsr"", ""Sod1"", ""Vkorc1l1"", ""Nxn"", ""Msrb1"", ""Phgdh"", ""Cyc1"", ""Dlat"", ""Dus1l"", ""Idh3a"", ""Ndufs1"", ""Sdhc"", ""Plod2"", ""Idh3g"", ""Etfa"", 
""Sdhd"", ""Aldh9a1"", ""Fads1"", ""Maoa"", ""Pycr2"", ""Acoxl"", ""Gphn"", ""Sord"", ""Aldh1b1"", ""Gfod2"", ""Dhfr"", ""Me2"", ""Pdia4"", ""Cyp51"", ""Alox5ap"", ""Fdx1"", ""Gpd2"", ""Apex1"", ""Txndc17"", ""Loxl2"", ""Fxn"", ""Ndufa9"", ""Ndufv1"", ""Fasn"", ""Akr1c13"", ""Mical3"", ""Ndufs7"", ""L2hgdh"", ""G6pdx"", ""Vat1"", ""Cpox"", ""Prdx4"", ""Ncf2"", ""Chchd4"", ""Pdia3"", ""Lox"", ""Msmo1"", ""Dhrs4"", ""Enox1"", ""Hadh"", ""Kmo"", ""Mecr"", ""Ldha"", ""Cox6a2"", ""Mgst1"")"
"493","GOBP_CARBOHYDRATE_DERIVATIVE_BIOSYNTHETIC_PROCESS","0.00312744510318854","0.0255910061772241","0.431707695803346","-0.398319647239485","-1.45681292755549","186","c(""Gapdh"", ""Aqp11"", ""Itm2a"", ""Atp5b"", ""Atp5h"", ""Atp5g3"", ""Vdac1"", ""Atp5k"", ""Dut"", ""Atp5j2"", ""Ndufs6"", ""Ada"", ""Ndufb7"", ""Prps2"", ""Atp5a1"", ""Rrm2"", ""Ndufc2"", ""St8sia4"", ""Atp5j"", ""Ndufb8"", ""Ndufb6"", ""Atp5o"", ""Ndufa5"", ""Dtymk"", ""Mdh1"", ""Rrm1"", ""Atp5c1"", ""Phlda1"", ""Tyms"", ""Uck2"", ""Ndufc1"", ""Slc35d1"", ""Parp1"", ""Mpc1"", ""Ndufs8"", ""Ndufb9"", ""Ptger4"", ""Pmm1"", ""Mdh2"", ""Chsy1"", ""Ndufab1"", ""Dld"", ""mt-Nd1"", ""Sdhb"", ""Atp5d"", ""St6gal1"", ""Tk1"", ""Ndufa12"", ""Ndufv2"", ""Mogs"", ""Cmpk1"", ""Ndufb10"", ""Vegfb"", ""Adssl1"", ""Ndufb2"", 
""Acot7"", ""Adss"", ""Aldoa"", ""Paics"", ""Gmps"", ""Fut8"", ""Magt1"", ""Rpn1"", ""Acly"", ""Gmds"", ""Dlat"", ""Dcakd"", ""Pdk3"", ""Ndufs1"", ""Tcf7l2"", ""Sdhc"", ""Angpt1"", ""Mgat4a"")"
"494","WP_MRNA_PROCESSING","0.00256764236369735","0.0220405199629711","0.431707695803346","-0.396926343410732","-1.45403336525421","185","c(""Srsf3"", ""Sfpq"", ""Hnrnpab"", ""Ppp1r14b"", ""Hnrnpa2b1"", ""Ncl"", ""Ybx1"", ""Hnrnpm"", ""Hnrnpa3"", ""Hnrnpc"", ""Pcbp1"", ""Srsf7"", ""Snrpe"", ""Srsf9"", ""Srsf6"", ""Eif4h"", ""U2af1"", ""Hnrnpa1"", ""Snrpd1"", ""Srsf1"", ""Prpf40a"", ""Hnrnpdl"", ""Phf5a"", ""Dhx9"", ""Hnrnpd"", ""Hnrnpll"", ""Ddx39b"", ""Rbmxl1"", ""Hnrnpu"", ""Eif4a3"", ""Srsf2"", ""Hnrnpr"", ""Ddx19a"", ""Srsf10"", ""Ddx3x"", ""Srrm1"", ""Rad21"", ""Alyref"", ""Raly"", ""Rbm8a"", ""Ptbp1"", ""Lsm8"", ""Syncrip"", ""Rbm17"", ""Rbm3"", ""U2surp"", ""Bclaf1"", ""Eif4e"", ""Sf3b6"", ""Snrpc"", ""Ssb"", ""Ewsr1"", ""U2af2"", 
""Htatsf1"", ""Snrpd2"", ""Snrpb"", ""Ilf3"", ""Sf3b2"", ""Prmt1"", ""Slbp"", ""Ddx1"", ""Mrps28"", ""Sf3a3"", ""Myef2"", ""Rnps1"", ""Lsm2"", ""Smc1a"", ""Park7"", ""Nudt21"", ""Srp68"", ""Rbm28"", ""Sf3a1"", ""Mak16"", ""Srek1"", ""Snrpb2"", ""Sf3b3"", ""Snrpa"", ""Prpf8"", ""Zcrb1"", ""Smn1"", ""Eif3g"", ""Txnl4a"", ""Taf15"", ""Eftud2"", ""Sf3a2"", ""Nifk"", ""Ddx21"", ""Fmr1"")"
"495","GOBP_GAMETE_GENERATION","0.0040065545733395","0.0305546213792919","0.407017918923954","-0.396440863143528","-1.45130507476988","182","c(""H3f3a"", ""H3f3b"", ""Lztfl1"", ""Mns1"", ""Pafah1b3"", ""Ctcf"", ""Trim28"", ""Cxcr4"", ""Patz1"", ""Ddx3x"", ""Ubb"", ""Eif2s2"", ""Magoh"", ""Bcl6"", ""Hmgb2"", ""Larp7"", ""Itgb1"", ""Akt1"", ""Gmcl1"", ""Bcl2l11"", ""Fbxo5"", ""Ybx3"", ""Bsg"", ""Kdm2b"", ""Ccdc34"", ""Tdrkh"", ""Hspb11"", ""Scmh1"", ""Vdac3"", ""Tdrd5"", ""Ccnb1"", ""Cep57"", ""Ddb1"", ""Top2a"", ""Hmga1"", ""Pebp1"", ""Ccnb2"", ""Morc1"", ""Etv5"", ""Ncaph"", ""Dld"", ""Aurka"", ""Plk1"", ""Cenpe"", ""Notch1"", ""Yif1b"", ""Utp14b"", ""Rad23b"", ""Golga3"", ""Tial1"", ""Cdkn1c"", ""Odf2"", ""Gsr"", ""Sod1"", ""Dazap1"", ""Ehmt2"", 
""Rgs2"", ""Pde5a"", ""Msh2"", ""Morn2"", ""Alms1"", ""Mast2"", ""Map7"", ""Kif18a"", ""Poc1a"", ""Ndc80"", ""Ing2"", ""Snrpa1"", ""Ncaph2"", ""Nphp1"", ""Syne1"", ""Ttk"", ""Etv6"", ""Tuba8"", ""Fignl1"", ""Ythdc2"", ""Sfmbt1"", ""Rad18"", ""Smad1"", ""Slirp"", ""Dcaf13"", ""Suv39h2"", ""Crem"", ""Cyp51"", ""Ybx2"", ""Trip13"")"
"496","MYB_TARGET_GENES","0.000215135757749418","0.00317861706526442","0.518848077743792","-0.365382353692499","-1.4489040083243","455","c(""H3f3b"", ""Anp32e"", ""Calm2"", ""Hnrnpa2b1"", ""Stmn1"", ""Maz"", ""Cbx3"", ""Psma6"", ""Atp5b"", ""Ezh2"", ""Hsp90aa1"", ""Calm3"", ""Arl6ip1"", ""Cox7c"", ""Pdcd5"", ""Hspa4l"", ""Psmc3"", ""Hnrnpa1"", ""Ptprc"", ""Uqcrq"", ""Phf5a"", ""Caprin1"", ""Smc4"", ""Dut"", ""Ssna1"", ""Hnrnpll"", ""Ppp1r35"", ""Sypl"", ""Hnrnpu"", ""Eif4a3"", ""Srsf2"", ""Naa15"", ""Thoc7"", ""Tcf3"", ""Swi5"", ""Ddx3x"", ""Nck2"", ""Hjurp"", ""Ubb"", ""Nab2"", ""Hmgb2"", ""Psmd3"", ""Tcp1"", ""Thrap3"", ""Mettl6"", ""Gspt1"", ""Larp7"", ""Cd69"", ""Dmwd"", ""Ptbp1"", ""U2surp"", ""Blmh"", ""Tcf4"", ""Atp5o"", ""Pdap1"", 
""Mirt1"", ""Eif4e"", ""Ndufa5"", ""Snrpc"", ""Icam2"", ""Ckap5"", ""Hdgf"", ""U2af2"", ""Sae1"", ""Aco2"", ""Serinc3"", ""Dtymk"", ""Brd8"", ""Utp3"", ""Fth1"", ""Cks2"", ""Ilf3"", ""Mdh1"", ""Pknox1"", ""Rrm1"", ""Dhrs3"", ""Mrpl18"", ""Cbx5"", ""Ak6"", ""Sf3a3"", ""Psip1"", ""Kdm2b"", ""Sephs2"", ""C2cd5"", ""Nav2"", ""B9d2"", ""Pla2g12a"", ""Mzt1"", ""Pop4"", ""Vdac2"", ""Slc7a11"", ""Luc7l"", ""Med7"", ""Nrros"", ""Ccdc88a"", ""Thoc6"", ""Mrpl20"", ""Trim59"", ""Tfrc"", ""Psma1"", ""Zcchc8"", ""Cdkn2d"", ""5930430L01Rik"", ""Ssbp1"", ""Zbed4"", ""Abcf2"", ""Uchl5"", ""Ddb1"", ""Atf1"", ""Raf1"", ""Haus3"", 
""Bmp2k"", ""Snrpb2"", ""Cep70"", ""Pkig"", ""Lsm5"", ""Cdca3"", ""Cdca8"", ""Aurka"", ""Ptges3"", ""Cdc20"", ""Fcho1"", ""Ranbp2"", ""Cenpl"", ""Rnf7"", ""Rpa3"", ""Eftud2"", ""Aasdhppt"", ""Ubap2"", ""Cct8"", ""Yif1b"", ""Trappc1"", ""Mrps17"", ""Cdc123"", ""Dusp6"", ""Usp11"", ""Dgkg"", ""Rnpep"", ""Prss57"", ""Tial1"", ""Ccdc18"", ""Nxt1"", ""Mphosph9"", ""Cep83"", ""Pfkp"", ""Prpf19"", ""Tssc4"", ""Psmb3"", ""Adssl1"", ""Atad5"", ""Eprs"", ""Msl3"", ""Taf3"", ""Acot7"", ""Kif20a"", ""Lyar"", ""Ckap2l"", ""Asrgl1"", ""Heg1"", ""Ptgr1"", ""Nelfa"", ""Nsmce4a"", ""Dazap1"", ""Tmed5"", ""Slc25a3"", ""Magohb"", 
""Kif2c"", ""Ccdc61"", ""Psmb2"", ""Gmds"", ""Dus1l"", ""Gins1"", ""Dcakd"", ""Cenpp"", ""Cenpc1"", ""Cntrob"", ""Pbx4"", ""Mis18bp1"", ""Knstrn"", ""Gpr174"", ""Sms"", ""Rbm14"", ""Smad3"", ""Drg2"", ""Taf5l"", ""Dlgap5"", ""Mrps18c"", ""Nfia"", ""Hoxa7"", ""Atf5"", ""Znhit3"", ""Poc1a"", ""Etfa"", ""Nuf2"", ""Anln"", ""Nme1"", ""Uxt"", ""Camkk2"", ""Gtf2f1"", ""Tgif1"", ""Zbed3"", ""Nup50"", ""Snrpa1"", ""Ints7"", ""Kif2a"", ""Nek2"", ""Snrnp35"")"
"497","GLI2_TARGET_GENES","0.000614886230485311","0.00724938317043601","0.477270815362862","-0.377630222856509","-1.44766667463705","309","c(""Satb1"", ""Sox4"", ""Ccr9"", ""Cd24a"", ""Dynll1"", ""Maz"", ""Pnn"", ""Hsp90aa1"", ""Calm3"", ""Atp5h"", ""Cox7a2"", ""Kras"", ""Eif4a1"", ""Pcbp1"", ""Pafah1b3"", ""Prpf40a"", ""Hnrnpdl"", ""Mat2a"", ""Ddx39b"", ""Slc29a1"", ""Hnrnpu"", ""Ddx19a"", ""Hmgn2"", ""Hsp90ab1"", ""Ube2e1"", ""Mcm7"", ""Mpp1"", ""Prps2"", ""Bcl7c"", ""Stat5b"", ""Thrap3"", ""Mex3a"", ""Rps27l"", ""Ptbp1"", ""Syncrip"", ""Ilf2"", ""Rbm17"", ""U2surp"", ""Blmh"", ""Tcf4"", ""Id3"", ""Pdap1"", ""Raph1"", ""Ckap5"", ""Hdgf"", ""Htatsf1"", ""Bcl2l11"", ""Camk2d"", ""Ywhaq"", ""Bcl7a"", ""Dhrs3"", ""Nav2"", ""Cdkn2aipnl"", 
""Phlda1"", ""Lta4h"", ""Scmh1"", ""Ndufs8"", ""Pcnp"", ""Mrps33"", ""Cdk4"", ""Park7"", ""Nyap1"", ""Romo1"", ""Baz1b"", ""Ppid"", ""Ranbp1"", ""Ctdspl2"", ""Nusap1"", ""Glul"", ""Chsy1"", ""Kif11"", ""Dhcr24"", ""Egr2"", ""Ccne2"", ""Abi2"", ""Ptpn14"", ""Khsrp"", ""mt-Nd1"", ""Azin1"", ""Txnl4a"", ""Tmem256"", ""Prmt5"", ""Sf3a2"", ""Hspd1"", ""Atp5d"", ""Zfp36l1"", ""Cdc123"", ""Hdlbp"", ""Ppp2r5d"", ""Otud6b"", ""St6gal1"")"
"498","HALLMARK_MTORC1_SIGNALING","0.00752355861661155","0.0487806937465375","0.407017918923954","-0.411100095112116","-1.4433776651328","132","c(""Cxcr4"", ""Psmc4"", ""Psmc6"", ""Eif2s2"", ""Egln3"", ""Xbp1"", ""Rrm2"", ""Psmd12"", ""Pdap1"", ""Psmd13"", ""Cops5"", ""Serp1"", ""Stip1"", ""Immt"", ""Slc7a11"", ""Tomm40"", ""Lta4h"", ""Hmgcr"", ""Tfrc"", ""Cyb5b"", ""Psmb5"", ""Abcf2"", ""Uchl5"", ""Hspa4"", ""Cdc25a"", ""Dhcr24"", ""Pitpnb"", ""Aurka"", ""Cacybp"", ""Plk1"", ""Hspd1"", ""Prdx1"", ""Rab1a"", ""Idi1"", ""Tubg1"", ""Acsl3"", ""Canx"", ""Sqle"", ""Ccnf"", ""Hsp90b1"", ""Atp2a2"", ""Etf1"", ""Txnrd1"", ""Psma3"", ""Psmc2"", ""Eprs"", ""Aldoa"", ""Psme3"", ""Gmps"", ""Gsr"", ""Insig1"", ""Rpn1"", ""Got1"", ""Phgdh"", ""Acly"", ""Hspa9"", 
""Psmd14"", ""Plod2"", ""Fkbp2"", ""Mcm2"")"
"499","GOBP_PROTEIN_LOCALIZATION_TO_NUCLEUS","0.00522888965319001","0.0372060992437424","0.407017918923954","-0.412016638309864","-1.44093537511694","125","c(""Txn1"", ""Ywhae"", ""Hnrnpm"", ""Hsp90aa1"", ""Smo"", ""Lmnb1"", ""Srsf1"", ""Trim28"", ""Pin1"", ""Hnrnpu"", ""Hsp90ab1"", ""Nfkbia"", ""Jup"", ""Xbp1"", ""Larp7"", ""Hdgf"", ""Akt1"", ""Mapk1"", ""Akirin2"", ""Parp1"", ""Tfrc"", ""Park7"", ""Sumo3"", ""Ran"", ""Nup62"", ""Phb2"", ""Glul"", ""Cdk1"", ""Pkig"", ""Topors"", ""Plk1"", ""Ranbp2"", ""Sec13"", ""Notch1"", ""Ect2"", ""Prkcd"", ""Taf3"", ""Tnpo1"", ""Kpna2"", ""Nolc1"", ""Kpna3"", ""Atp13a2"", ""Kpnb1"", ""Syk"", ""Nup54"", ""Cse1l"", ""Pom121"", ""Wrn"", ""Tcf7l2"", ""Angpt1"", ""Rpf2"", ""Nup88"", ""Akap1"", ""Nup50"", ""Nmd3"", ""Nup107"", 
""Uaca"", ""Syne1"", ""Nol8"", ""Sin3a"")"
"500","ZFP449_TARGET_GENES","0.00106462244829489","0.0111016676602881","0.45505986738723","-0.379919055544127","-1.44061023611747","274","c(""Hmgb1"", ""Txn1"", ""Gapdh"", ""Slc25a5"", ""Maz"", ""Ifngr1"", ""Metap2"", ""Ezh2"", ""Atp5g3"", ""Serbp1"", ""Srsf6"", ""Dbi"", ""Rapsn"", ""Caprin1"", ""Hibadh"", ""Mxd4"", ""Hnrnpd"", ""Atp5j2"", ""Ndufs6"", ""Hsp90ab1"", ""Mcm7"", ""Nr3c1"", ""Ikzf2"", ""Erh"", ""Scaf11"", ""Thrap3"", ""Ndufc2"", ""Psmd12"", ""Rps27l"", ""Ptbp1"", ""Ube2n"", ""Tcf4"", ""Eif5b"", ""Ndufa5"", ""Pcm1"", ""Hdgf"", ""Dnajc15"", ""Cdk2ap1"", ""Mad1l1"", ""Mapk1"", ""Ywhaq"", ""Psmd13"", ""Bsg"", ""Smu1"", ""Phlda1"", ""Hspb11"", ""Tcof1"", ""Vdac2"", ""Klf13"", ""Stat5a"", ""Thoc6"", ""Cdk4"", ""Psma1"", ""Mrps36"", 
""Uchl5"", ""Otud1"", ""Fbxw7"", ""Pmm1"", ""Raf1"", ""Nucks1"", ""Ndufab1"", ""Pgm2l1"", ""Cdca3"", ""Ppil1"", ""Mrpl49"", ""Cox5b"", ""Azin1"", ""Ubap2"", ""Gdi2"", ""Fkbp4"", ""Idi1"", ""Set"", ""Pop7"", ""Cops4"", ""Ndufa12"", ""Chchd1"", ""Rreb1"", ""Tial1"", ""Pex6"", ""Dusp1"", ""Api5"", ""Mrps25"", ""Vegfb"", ""Adssl1"", ""Tacc3"", ""Mir17hg"", ""Nolc1"", ""Jade1"", ""Naa40"", ""Dazap1"", ""Nxn"", ""Frmd6"", ""Uri1"", ""Got1"", ""Nup54"", ""Camk2a"", ""Samd1"", ""Xrcc1"", ""Samm50"", ""Dcakd"", ""Esco2"", ""Cenpc1"", ""Nr4a3"", ""Rbm14"", ""Mphosph10"", ""Smad3"", ""Cep290"", ""Mtx1"", ""Znhit3"", 
""Etfa"", ""Mrpl1"", ""Rwdd1"", ""Mrps18a"", ""Oxsr1"", ""Asb2"", ""Atp8a1"", ""Hes1"", ""Svil"", ""Dpy30"", ""Tns3"", ""1700037H04Rik"", ""Gstm1"", ""Nol11"", ""Plekha7"", ""Syne1"", ""Mphosph6"", ""Rpn2"")"
"501","LHX6_TARGET_GENES","0.00055383477693166","0.00669512589024311","0.477270815362862","-0.365664327871731","-1.43666520621327","390","c(""H3f3a"", ""Sox4"", ""H3f3b"", ""Txn1"", ""Ywhae"", ""Hnrnpa2b1"", ""Dynll1"", ""Marcks"", ""Anxa2"", ""Ube2s"", ""Tcf12"", ""St13"", ""Cbx3"", ""Ezh2"", ""Ptov1"", ""Tubb5"", ""Kras"", ""Eif4a1"", ""Serbp1"", ""Sumo2"", ""Ubald2"", ""Hnrnpa1"", ""Srsf1"", ""Hnrnpdl"", ""Phf5a"", ""Nedd4"", ""Dek"", ""Hmgb3"", ""Patz1"", ""Hnrnpll"", ""Ccar1"", ""Ddx39b"", ""Hnrnpu"", ""Srsf2"", ""Naa15"", ""Srsf10"", ""Ube2m"", ""Siva1"", ""Nr3c1"", ""Agfg2"", ""Lrrc59"", ""Alyref"", ""Rbm8a"", ""Mbd3"", ""Kcnq1ot1"", ""Ilf2"", ""Tsc22d1"", ""Eif4e"", ""Dcun1d5"", ""Pcm1"", ""Polr2j"", ""Hdgf"", ""Aco2"", ""Agpat5"", 
""Txnl1"", ""Ywhaq"", ""Ilf3"", ""Sf3b2"", ""Pknox1"", ""Rrm1"", ""Cbx5"", ""Hcfc1"", ""B9d2"", ""Sap30"", ""Smc1a"", ""Cdc16"", ""Polr2i"", ""Casp8ap2"", ""Tfg"", ""Egr1"", ""Ccdc88a"", ""Vdac3"", ""Srebf2"", ""Hdac2"", ""Rsl1d1"", ""Trim59"", ""Tfrc"", ""Gfra1"", ""Fli1"", ""Cep57"", ""5930430L01Rik"", ""Ssbp1"", ""Ran"", ""Terf1"", ""Fbxw7"", ""Raf1"", ""Ppm1e"", ""Top2a"", ""Nars"", ""Cfap20"", ""Hspa4"", ""Vps36"", ""Eif4g1"", ""Bmp2k"", ""Lockd"", ""Snhg9"", ""Hmga1"", ""Drap1"", ""Hbp1"", ""Nudt5"", ""Etv5"", ""Mrpl49"", ""Snf8"", ""Nfya"", ""Mrpl21"", ""Nfat5"", ""Azin1"", ""Cacybp"", ""Cenpl"", 
""Ube2c"", ""Rnf7"", ""Rpa3"", ""Sec13"", ""Cep295"", ""Tubg1"", ""Cdc123"", ""Med19"", ""Set"", ""Birc5"", ""Cops4"", ""Igf1r"", ""Mafg"", ""Ccdc18"", ""Paip2b"", ""Agl"", ""Mrps12"", ""Denr"", ""Cdkn1c"", ""Psmb3"", ""Ncapg2"", ""Cnbp"", ""Zfpm1"", ""Pou2f1"", ""Osbpl1a"", ""Paics"", ""Nelfa"", ""Nolc1"", ""Cdc34"", ""Kpna3"", ""Naa40"", ""Fut8"", ""Pmpcb"", ""Dazap1"", ""Tmed5"", ""Kpnb1"", ""Cbx2"", ""Ube2f"", ""Magohb"", ""Msh2"", ""Nup54"", ""Xrcc1"", ""Psmb2"", ""Asf1b"", ""Pdk3"", ""Cenpc1"", ""Lcorl"", ""Mrpl45"", ""Rnaseh2b"", ""Cbfb"", ""Tcf7l2"", ""Ska1"", ""Get4"", ""Taf5l"", ""Hoxa7"", ""Kif18a"", 
""Cdc6"", ""Etfa"", ""Nme1"", ""Mrpl1"", ""Camkk2"", ""B230354K17Rik"", ""Hmmr"", ""Zbed3"", ""Noc4l"", ""Faf1"", ""Atf6"", ""Rap2a"", ""Fads1"", ""Pdik1l"", ""Lman1"", ""Imp4"", ""Acat2"", ""Rcc1"", ""Mtf1"", ""Nol11"", ""Klf3"", ""Cdca5"", ""Gan"", ""Cenpk"", ""Ash2l"", ""Rpn2"")"
"502","SOX10_TARGET_GENES","0.000255816274018036","0.00360451369512731","0.49849310876659","-0.362942173202667","-1.4336916092226","433","c(""Hmgb1"", ""Ap3s1"", ""Ptma"", ""Calm2"", ""Hnrnpa2b1"", ""Anxa2"", ""Ets1"", ""St13"", ""Cbx3"", ""Psma6"", ""Hsp90aa1"", ""Calm3"", ""Ptov1"", ""Cox7a2"", ""Atp5g3"", ""Ctsl"", ""Eif4a1"", ""Lmnb1"", ""Pcbp1"", ""Serbp1"", ""Pdcd5"", ""Mtf2"", ""Psmc3"", ""Snrpd1"", ""Smc4"", ""Rdx"", ""Eid1"", ""Dut"", ""Ssna1"", ""Mat2a"", ""Ccar1"", ""Ddx39b"", ""Hnrnpu"", ""Rbbp4"", ""Hmgn2"", ""Ndufs6"", ""Ube2m"", ""Mcm7"", ""Nck2"", ""Banf1"", ""1110004F10Rik"", ""Ndufb7"", ""Nfkbia"", ""Nab2"", ""Lrrc59"", ""Ddx46"", ""Psmd3"", ""Scaf11"", ""Ptprf"", ""Thrap3"", ""Rps27l"", ""Ilf2"", ""Msh6"", ""Asf1a"", ""U2surp"", 
""Eif5b"", ""Itgb1"", ""Hdgf"", ""Agtrap"", ""Sae1"", ""Ccna2"", ""Cks2"", ""Srrt"", ""Txnl1"", ""Camk2d"", ""Fbxo5"", ""Ywhaq"", ""Snrpb"", ""Trib1"", ""Dusp5"", ""Slbp"", ""Ddx1"", ""Nt5c3b"", ""Akirin2"", ""Cbx5"", ""Ak6"", ""Sf3a3"", ""Bsg"", ""Pds5b"", ""Kdm2b"", ""Pds5a"", ""C2cd5"", ""Cdkn2aipnl"", ""Ccnh"", ""Rnps1"", ""Vdac2"", ""Eif1ad"", ""Psmd6"", ""Egr1"", ""Klf13"", ""Ccdc88a"", ""Smc5"", ""Mrpl20"", ""Mrps33"", ""Cdk4"", ""Taf1d"", ""Tfrc"", ""Zc3h18"", ""Cnih4"", ""Nde1"", ""Romo1"", ""Srp68"", ""Ranbp1"", ""Uchl5"", ""Ran"", ""Ctdspl2"", ""Zbtb38"", ""Raf1"", ""Cdkn2c"", ""Pcna"", ""Vps36"", 
""Drap1"", ""Exosc3"", ""Snrpb2"", ""Tnfaip3"", ""Bms1"", ""Nop56"", ""Inip"", ""Smn1"", ""Tomm20"", ""Mrpl21"", ""Eif3g"", ""Nfat5"", ""Cdc20"", ""Tmem256"", ""Cacybp"", ""Ranbp2"", ""Rfc4"", ""Tipin"", ""Eftud2"", ""Adam12"", ""Hspd1"", ""Prdx1"", ""Atp5d"", ""Cct8"", ""Brcc3"", ""Yif1b"", ""Zfp36l1"", ""P4hb"", ""Pop7"", ""Nr4a1"", ""Sf3b4"", ""Pdia6"", ""Mrpl3"", ""Pcyt1a"", ""Ndufv2"", ""Tpx2"", ""Rbbp8"", ""Brix1"", ""Pa2g4"", ""Tcerg1"", ""Arl6ip4"", ""Cep83"", ""Coq7"", ""Denr"")"
"503","GOBP_RNA_PROCESSING","0.000702102764100826","0.00807977623149497","0.477270815362862","-0.371227106691081","-1.43322602315454","330","c(""Srsf3"", ""Sfpq"", ""Hnrnpa2b1"", ""Ncl"", ""Ybx1"", ""Hnrnpm"", ""Pnn"", ""Hnrnpa3"", ""Hnrnpc"", ""Pcbp1"", ""Srsf7"", ""Snrpe"", ""Srsf9"", ""Srsf6"", ""U2af1"", ""Hnrnpa1"", ""Snrpd1"", ""Srsf1"", ""Prpf40a"", ""Phf5a"", ""Dhx9"", ""Hnrnpll"", ""Ddx39b"", ""Rbmxl1"", ""Hnrnpu"", ""Eif4a3"", ""Srsf2"", ""Thoc7"", ""Srsf10"", ""Ddx3x"", ""Srrm1"", ""Magoh"", ""Ddx46"", ""Wdr12"", ""Clns1a"", ""Scaf11"", ""Alyref"", ""Raly"", ""Thrap3"", ""Mettl6"", ""Rbm8a"", ""Larp7"", ""Ptbp1"", ""Lsm8"", ""Syncrip"", ""Rbm17"", ""Rbm3"", ""U2surp"", ""Leo1"", ""Sf3b6"", ""Snrpc"", ""Ssb"", ""U2af2"", ""Htatsf1"", 
""Akt1"", ""Ivns1abp"", ""Snrpd2"", ""Utp3"", ""Srrt"", ""Lsm3"", ""Snrpb"", ""Sf3b2"", ""Prmt1"", ""Slbp"", ""Ddx1"", ""Sf3a3"", ""Wbp11"", ""Psip1"", ""Smu1"", ""Fcf1"", ""Rnps1"", ""Tdrkh"", ""Lsm2"", ""Pop4"", ""Luc7l"", ""Iws1"", ""Tdrd5"", ""Rsl1d1"", ""Thoc6"", ""Strap"", ""Ccnb1"", ""Nudt21"", ""Eny2"", ""Polr2d"", ""Zcchc8"", ""Rbm28"", ""Eri1"", ""Prpf38a"", ""Sf3a1"", ""Mak16"", ""Srek1"", ""Exosc3"", ""Snrpb2"", ""Sf3b3"", ""Bms1"", ""Snrpa"", ""Lsm5"", ""Ppil1"", ""Prpf8"", ""Zcrb1"", ""Smn1"", ""Ddx10"", ""Khsrp"", ""Txnl4a"", ""Taf15"", ""Aars"", ""Prmt5"", ""Eftud2"", ""Sf3a2"", ""Nifk"", ""Ddx21"", 
""Fmr1"", ""Zfp36l1"", ""Utp14b"", ""Pop7"", ""Suv39h1"", ""Cstf2"", ""Sf3b4"", ""Kti12"", ""Brix1"", ""Ncbp1"", ""Pa2g4"", ""Tcerg1"", ""Arl6ip4"", ""Las1l"", ""Dgcr8"", ""Srsf4"", ""Ddx18"", ""Prpf19"", ""Tssc4"", ""Cpsf2"", ""Eif6"", ""Wdr18"", ""Lyar"", ""Thoc3"", ""Sf3b5"", ""Snrnp200"", ""Arvcf"", ""Dazap1"", ""Lsm4"", ""Snrpf"", ""Pdcd11"", ""Yrdc"", ""Elp5"", ""Magohb"", ""Ints1"")"
"504","GOBP_REGULATION_OF_CELL_CYCLE_PROCESS","0.00213157677276817","0.0189447984865873","0.431707695803346","-0.375074901419934","-1.43243761655067","299","c(""Cd28"", ""Sfpq"", ""Calm2"", ""Ezh2"", ""Calm3"", ""Lmnb1"", ""Anapc5"", ""Anp32b"", ""Smarca5"", ""Prpf40a"", ""Smc4"", ""Smarcc1"", ""Rdx"", ""Smarca4"", ""Rcc2"", ""Ppp1r35"", ""Ddx39b"", ""Pin1"", ""Hnrnpu"", ""Bub3"", ""Tcf3"", ""Ddx3x"", ""Rad21"", ""Bcl7c"", ""Rrm2"", ""Rps27l"", ""Larp7"", ""Actl6a"", ""Akt1"", ""Mad1l1"", ""Camk2d"", ""Fbxo5"", ""Bcl7a"", ""Cdk6"", ""Rrm1"", ""Lef1"", ""Ccnh"", ""Ncapd2"", ""Cdc16"", ""Smc5"", ""Mki67"", ""Ccnb1"", ""Cdk4"", ""Baz1b"", ""Cdkn2d"", ""Dbf4"", ""Ranbp1"", ""Nup62"", ""Ddb1"", ""Phb2"", ""Nusap1"", ""Cdkn2c"", ""Cdk1"", ""Eif4g1"", ""Cdc25a"", ""Kif11"", 
""E2f8"", ""Pebp1"", ""Inip"", ""Spc24"", ""Nsmce2"", ""Cdca8"", ""Ncaph"", ""Spc25"", ""Clspn"", ""Azin1"", ""Aurka"", ""Cdc20"", ""Plk1"", ""Cenpe"", ""Ube2c"", ""Tipin"", ""Lcmt1"", ""Prc1"", ""Cep295"", ""Incenp"", ""Brcc3"", ""Smc2"", ""Zfp36l1"", ""Tubg1"", ""Ect2"", ""Drg1"", ""Ncapd3"", ""Cdk2"", ""Birc5"", ""Smarcb1"", ""Cep250"", ""Igf1r"", ""Mdm1"", ""Tpx2"", ""Rbbp8"", ""Aurkb"", ""Sass6"", ""Rmi2"", ""Mad2l1"", ""Rock2"", ""Ccnf"", ""Cenpf"", ""Cdkn1c"", ""Prpf19"", ""Plk4"", ""Bub1b"", ""Zwint"", ""Ncapg2"", ""Atad5"", ""Hacd1"", ""Rhno1"", ""Hecw2"", ""Tacc3"", ""Kif20a"", ""Kif23"", ""Psme3"", 
""Bid"", ""Jade1"", ""Ncapg"", ""Rgcc"", ""Cdc27"", ""Msh2"", ""Kif2c"", ""Topbp1"", ""Kif20b"", ""Wdr76"", ""Etaa1"", ""Rnaseh2b"", ""Rfwd3"", ""Knstrn"", ""Spdl1"", ""Alms1"", ""Atf5"", ""Cdc6"", ""Poc1a"", ""Ctdspl"", ""Trim37"", ""Nuf2"", ""Ndc80"", ""Ints7"", ""Nek2"", ""Anapc1"", ""Rad51ap1"", ""Ncaph2"", ""Rcc1"", ""Dna2"", ""Cdca5"", ""Bub1"", ""Sin3a"", ""Cep192"", ""Fen1"", ""Ttk"", ""Paxip1"", ""Cdk5rap2"", ""Pdgfrb"", ""Anapc15"", ""Ccp110"", ""Cdc7"", ""Cenpv"", ""Spag5"", ""Rad18"", ""Rbl1"", ""Miip"", ""Gpsm2"", ""Blm"", ""Cep76"", ""Nubp1"", ""Xpo1"", ""Cdc25c"", ""Psrc1"", ""Nme6"")"
"505","GOBP_POSITIVE_REGULATION_OF_CATABOLIC_PROCESS","0.00670635509970758","0.0448189744184019","0.407017918923954","-0.407297150484387","-1.4307322692882","134","c(""Hmgb1"", ""Slc25a5"", ""Ybx1"", ""Hsp90aa1"", ""Smo"", ""Vdac1"", ""Sumo2"", ""Caprin1"", ""Rdx"", ""Dhx9"", ""Nedd4"", ""Hnrnpd"", ""Hnrnpu"", ""Hnrnpr"", ""Xbp1"", ""Syncrip"", ""Akt1"", ""Cbfa2t3"", ""Bcl2l11"", ""Mtdh"", ""Trib1"", ""P2rx7"", ""Zc3h18"", ""Sumo3"", ""Fbxw7"", ""Ddb1"", ""Eif2a"", ""Exosc3"", ""Tnfaip3"", ""Vps35"", ""Snf8"", ""Khsrp"", ""Aurka"", ""Cdc20"", ""Plk1"", ""Fmr1"", ""Zfp36l1"")"
"506","WAKABAYASHI_ADIPOGENESIS_PPARG_BOUND_8D","0.00288749870407557","0.024116212440908","0.431707695803346","-0.388781771537032","-1.4300661640651","191","c(""Sox4"", ""Ezh2"", ""Cdca7"", ""Atp5k"", ""Rorc"", ""Prpf40a"", ""Uqcrq"", ""Caprin1"", ""Dut"", ""Mxd4"", ""Arhgef6"", ""Ikzf1"", ""Ubb"", ""Plin2"", ""Ikzf2"", ""Lgals9"", ""Camk2d"", ""Akirin2"", ""Cd1d1"", ""Pla2g12a"", ""Sap30"", ""Palm"", ""Egr1"", ""Cfap36"", ""Nudt21"", ""Phb2"", ""Top2a"", ""Chsy1"", ""Klf10"", ""Aldh2"", ""Pebp1"", ""Ndufab1"", ""Tnfaip3"", ""Arl6ip6"", ""Cited2"", ""Dld"", ""Uqcrfs1"", ""Plk1"", ""Rpa3"", ""Ubap2"", ""Hspd1"", ""Mrps6"", ""Slc3a2"", ""Actn4"", ""Suv39h1"", ""Ppp2r5d"", ""Cep250"", ""Tk1"", ""Eif2s1"", ""Atp6v1a"", ""Rock2"", ""Mrps5"", ""Dgcr8"", ""Prkar2b"", 
""Ndufb10"", ""Mrpl41"", ""Eif6"", ""Txnrd1"", ""Ndufb2"", ""Isoc1"", ""Cenpb"", ""Ablim1"", ""Bid"", ""Rpia"", ""Sod1"", ""Tmem176b"", ""Acly"", ""Chchd6"", ""Crls1"", ""Hspa9"", ""Sik2"", ""Dlat"", ""Ruvbl2"", ""Esco2"", ""Nr4a3"", ""Rbm14"", ""Clpp"", ""Angpt1"", ""Mast2"", ""Akap1"", ""Tmem176a"", ""Aldh9a1"", ""Faf1"", ""Fads1"")"
"507","MARSON_BOUND_BY_FOXP3_STIMULATED","0.0013752040620436","0.0133074604127737","0.45505986738723","-0.370585881020227","-1.42736915937829","316","c(""Cd28"", ""Txn1"", ""Srsf3"", ""Atpif1"", ""Ets1"", ""Aqp11"", ""Themis"", ""Mier1"", ""St13"", ""Cbx3"", ""Cmtm7"", ""Thy1"", ""Atp5h"", ""Hspa4l"", ""Ubald2"", ""Hnrnpa1"", ""Srsf1"", ""Ptprc"", ""Prpf40a"", ""Hnrnpdl"", ""Smarcc1"", ""Eid1"", ""Dut"", ""Rcc2"", ""Arhgef6"", ""Rheb"", ""Pdcd1"", ""Sypl"", ""Ppt1"", ""Hnrnpu"", ""Gtf2a2"", ""Ccr4"", ""Ndufs6"", ""Dap"", ""Ubb"", ""Plin2"", ""Lcp2"", ""Xbp1"", ""Alyref"", ""Cd3d"", ""Mettl6"", ""St8sia4"", ""Fyb"", ""Asf1a"", ""Ube2n"", ""Leo1"", ""Eif4e"", ""Nfatc3"", ""Nasp"", ""Itgal"", ""Fth1"", ""Cdk19"", ""Sfr1"", ""Samsn1"", ""Akirin2"", ""Srgn"", 
""Mrps28"", ""Wbp11"", ""Kdm2b"", ""Pcmt1"", ""Cd3e"", ""Clic1"", ""Cdk4"", ""Park7"", ""Dbf4"", ""P2ry10"", ""Bcl10"", ""Ctdspl2"", ""Ptger4"", ""Reep3"", ""Egr2"", ""Arl6ip6"", ""Cited2"", ""Elk4"", ""Nfat5"", ""Cenpl"", ""Mrpl34"", ""Nrgn"", ""Prmt5"", ""Aasdhppt"", ""Nop58"", ""Prdx1"", ""Pmvk"", ""Slc3a2"", ""Zfp36l1"", ""Tubg1"", ""Dusp6"", ""Ect2"", ""Ncapd3"", ""Slc35b4"", ""Nfkbid"", ""Kti12"", ""Ndufv2"", ""Mdm1"", ""Tial1"", ""Ccdc18"", ""Rock2"", ""Itih5"", ""Hsp90b1"", ""Cmpk1"", ""Nrp1"", ""Psmb3"", ""Etf1"", ""Cpsf2"", ""Zwint"", ""Pim1"", ""Psmc2"", ""Atxn1"", ""Tnpo1"", ""Paics"", ""Gsr"", 
""Kpna3"", ""Insig1"", ""Fam98b"", ""Tmed5"", ""Got2"", ""Mrpl36"", ""Frmd6"", ""Kpnb1"", ""Rgs2"", ""Cdc27"", ""Kif2c"", ""Klf6"", ""Dnajc2"", ""Epb41l2"", ""Topbp1"", ""Cenpc1"", ""Lcorl"", ""Mrpl45"", ""Cenpa"", ""Arhgap10"")"
"508","REACTOME_SIGNALING_BY_RHO_GTPASES_MIRO_GTPASES_AND_RHOBTB3","0.00348371583101493","0.0277209729418364","0.431707695803346","-0.386342947169604","-1.42636429379822","214","c(""Ywhae"", ""Calm2"", ""Dynll1"", ""Hsp90aa1"", ""Calm3"", ""Hnrnpc"", ""Lmnb1"", ""Basp1"", ""Rcc2"", ""Arhgef6"", ""Ddx39b"", ""Pin1"", ""Lbr"", ""Tubb2a"", ""Bub3"", ""Tubb2b"", ""Hsp90ab1"", ""Srrm1"", ""Nck2"", ""Jup"", ""Cct7"", ""Als2"", ""Ndufa5"", ""Itgb1"", ""Ckap5"", ""Mad1l1"", ""Txnl1"", ""Mapk1"", ""Ywhaq"", ""Pak1"", ""B9d2"", ""Stip1"", ""Cct2"", ""Ccdc88a"", ""Tuba1a"", ""Tfrc"", ""Nde1"", ""Slk"", ""Tubb4b"", ""Dynll2"", ""Baiap2"", ""Nudc"", ""Ska2"", ""Abi2"", ""Akap12"", ""Spc24"", ""Cdca8"", ""Cdc42ep3"", ""Spc25"", ""Cdc20"", ""Plk1"", ""Cenpe"", ""Ranbp2"", ""Cenpl"", ""Sec13"", 
""Prc1"", ""Incenp"", ""Cenpq"", ""Ect2"", ""Srgap2"", ""Cops4"", ""Ppp2r5d"", ""Golga3"", ""Prkcd"", ""Aurkb"", ""Mad2l1"", ""Rock2"", ""Cenpf"", ""Bub1b"", ""Zwint"", ""Seh1l"", ""Tuba1b"", ""Net1"", ""Arhgap19"", ""Pde5a"", ""Kif2c"", ""Cops2"", ""Samm50"", ""Slc4a7"", ""Cenpp"", ""Cenpc1"", ""Cenpa"", ""Arhgap10"", ""Ska1"", ""Spdl1"", ""Mtx1"", ""Kif18a"", ""Nuf2"", ""Anln"", ""Ndc80"", ""Kif2a"", ""Lman1"", ""Nup107"", ""Ercc6l"", ""Fmnl2"", ""Bub1"", ""Cenpk"", ""Trio"", ""Srf"", ""Tuba8"", ""Ccp110"", ""Cenpo"", ""Cdc42bpa"", ""Diaph3"", ""Nsl1"", ""Xpo1"", ""Cdc25c"", ""Mpp7"", ""Ankrd26"", ""Plin3"", 
""Nup160"")"
"509","GOBP_T_CELL_DIFFERENTIATION","0.00602662654426723","0.0412999069350318","0.407017918923954","-0.393991549533279","-1.42541335318587","165","c(""Satb1"", ""Hmgb1"", ""Tcf7"", ""Sox4"", ""Ccr9"", ""Cd27"", ""Cd28"", ""Tox"", ""Prdx2"", ""Myb"", ""Themis"", ""Cd8a"", ""Gata3"", ""Hsp90aa1"", ""Ctsl"", ""Rag1"", ""Rorc"", ""Ptprc"", ""Lig4"", ""Smarcc1"", ""Cd4"", ""Smarca4"", ""Ikzf1"", ""Patz1"", ""Tcf3"", ""Ada"", ""Prelid1"", ""Xbp1"", ""Bcl6"", ""Dusp10"", ""Stat5b"", ""Psap"", ""Cd3d"", ""Rag2"", ""Actl6a"", ""Nfatc3"", ""Lgals9"", ""Ikzf3"", ""Runx1"", ""Cdk6"", ""Pknox1"", ""Slamf6"", ""Lef1"", ""Cd1d1"", ""Cd3e"", ""Egr1"", ""Stat5a"")"
"510","BRUINS_UVC_RESPONSE_LATE","0.00112636146782078","0.0114964491159022","0.45505986738723","-0.365192748689751","-1.42528525610432","367","c(""Gapdh"", ""Cux1"", ""Calm2"", ""Ube2e3"", ""Ezh2"", ""Cd8b1"", ""Lmnb1"", ""Sumo2"", ""Anp32b"", ""Snrpd1"", ""Prpf40a"", ""Hnrnpdl"", ""Dut"", ""Nedd4"", ""Nsmce1"", ""Ddx19a"", ""Bub3"", ""Nt5dc2"", ""Nab2"", ""Bcl6"", ""Clns1a"", ""Mettl6"", ""Mtch1"", ""Psmd12"", ""Rbm3"", ""Tcf4"", ""Als2"", ""Polr2j"", ""Psmb7"", ""Gtf2e2"", ""Dnajc15"", ""Agpat5"", ""Mif4gd"", ""Csrp1"", ""Chchd3"", ""Psmc1"", ""Emc8"", ""Fabp5"", ""Mrpl18"", ""Mrps28"", ""Cfdp1"", ""Ccdc34"", ""Mtx2"", ""Pak1"", ""Pcmt1"", ""Ccnh"", ""Ncapd2"", ""Hspa14"", ""Uba2"", ""Uck2"", ""Nudt4"", ""Klf13"", ""Tuba1a"", ""Smc5"", ""Nudt21"", 
""Ruvbl1"", ""Psma1"", ""Hras"", ""Ssbp1"", ""Slk"", ""Elk3"", ""Uchl5"", ""Vps36"", ""Cdk1"", ""Klf10"", ""Drap1"", ""P3h4"", ""Exosc3"", ""Nudt5"", ""Atp2b1"", ""Zcrb1"", ""Mrpl49"", ""Cited2"", ""Tomm20"", ""Rfc4"", ""Tipin"", ""Lcmt1"", ""Ubap2"", ""Tex30"", ""Brcc3"", ""Idi1"", ""Tubg1"", ""Epg5"", ""Drg1"", ""P4hb"", ""Cops4"", ""Cstf2"", ""Pdia6"", ""Uchl3"", ""Wdr5"", ""Pa2g4"", ""Sass6"", ""Rpap3"", ""Tex9"", ""Hat1"", ""Haus4"", ""Nmt2"", ""Coq7"", ""Aifm1"", ""Psmc2"", ""Gtf2f2"", ""2810004N23Rik"", ""Ptgr1"", ""Rfc3"", ""Dohh"", ""Mrpl15"", ""Jade1"", ""Kif3a"", ""Pex7"", ""Msrb1"", ""Cmc2"", ""Magohb"", 
""Bola1"", ""Msh2"", ""Xrcc1"", ""Asf1b"", ""Slc4a7"", ""Psmd14"", ""Kifap3"", ""Cisd1"", ""Rpf2"", ""Memo1"", ""Mrps18c"", ""Pola1"", ""Mcm2"", ""Psma5"", ""Snx5"", ""Atf5"", ""Gch1"", ""Rwdd1"", ""Mrps22"", ""Tmem176a"", ""Zbed3"", ""Mrps18a"")"
"511","GOBP_REGULATION_OF_CELLULAR_RESPONSE_TO_STRESS","0.00291754242544476","0.0242164405054517","0.431707695803346","-0.385736606905599","-1.42472410239256","205","c(""Hmgb1"", ""Sox4"", ""Cd27"", ""Chchd2"", ""Aqp11"", ""Thy1"", ""Vdac1"", ""Lmnb1"", ""Trim28"", ""Smarcc1"", ""Smarca4"", ""Dhx9"", ""Dek"", ""Ddx39b"", ""Nck2"", ""Bcl7c"", ""Xbp1"", ""Dusp10"", ""Ptprf"", ""Morf4l2"", ""Ube2n"", ""Actl6a"", ""Akt1"", ""Serinc3"", ""Brd8"", ""Slamf1"", ""Pbk"", ""Mapk1"", ""Prmt1"", ""Ybx3"", ""Cops3"", ""Bcl7a"", ""Cops5"", ""Slc7a11"", ""Manf"", ""Parp1"", ""Hmgcr"", ""Usp1"", ""Park7"", ""Ruvbl1"", ""Eny2"", ""Hras"", ""Cdkn2d"", ""Uchl5"", ""Eif2a"", ""Pcna"", ""Cebpg"", ""Sf3b3"", ""Spred1"", ""Prdx1"", ""Brcc3"", ""Suv39h1"", ""Smarcb1"", ""Pdia6"", ""Rell1"", 
""Igf1r"", ""Rmi2"", ""Rock2"", ""Dusp1"", ""Atad5"", ""Bid"", ""Sf3b5"", ""Insig1"", ""Fut8"", ""Hyou1"", ""Xrcc1"", ""Rtca"", ""Ruvbl2"", ""Wdr76"", ""Rif1"", ""Etaa1"", ""Rnaseh2b"", ""Rfwd3"", ""Taf5l"", ""Aunip"", ""Gch1"", ""Ankrd6"", ""Atf6"", ""Rap2a"", ""Sgf29"", ""Foxm1"", ""Rad51ap1"", ""Rnf168"")"
"512","MARSON_BOUND_BY_FOXP3_UNSTIMULATED","0.000623607875788094","0.00732232255778012","0.477270815362862","-0.362516828485184","-1.42461373219159","392","c(""H3f3a"", ""Hmgb1"", ""H3f3b"", ""Cd28"", ""Txn1"", ""Dntt"", ""Lztfl1"", ""Arpp21"", ""Ets1"", ""Aqp11"", ""Themis"", ""Mier1"", ""Gata3"", ""Atp5h"", ""Mns1"", ""Pcbp1"", ""Sumo2"", ""Anapc5"", ""Rag1"", ""Psmc3"", ""Ubald2"", ""Srsf1"", ""Ptprc"", ""Edaradd"", ""Prpf40a"", ""Hnrnpdl"", ""Smarcc1"", ""Hibadh"", ""Rdx"", ""Eid1"", ""Dut"", ""Ssna1"", ""Basp1"", ""Rcc2"", ""Arhgef6"", ""Rheb"", ""Pdcd1"", ""Sypl"", ""Ppt1"", ""Hnrnpu"", ""Gtf2a2"", ""Lbr"", ""Ccr4"", ""Naa15"", ""Nsmce1"", ""Dap"", ""Mcm7"", ""Ubb"", ""Lcp2"", ""Xbp1"", ""Dusp10"", ""Alyref"", ""Cd3d"", ""St8sia4"", ""Dmwd"", ""Tmpo"", 
""Fyb"", ""Msh6"", ""Asf1a"", ""Tcf4"", ""Leo1"", ""Icam2"", ""Ewsr1"", ""Nfatc3"", ""Nasp"", ""Mad1l1"", ""Itgal"", ""Fth1"", ""Lsm3"", ""Camk2d"", ""Cdk19"", ""Psmc1"", ""Mdh1"", ""Dhrs3"", ""Srgn"", ""Wbp11"", ""Kdm2b"", ""Slc25a37"", ""Sephs2"", ""Pcmt1"", ""B9d2"", ""Ncapd2"", ""Smc1a"", ""Cd3e"", ""Ndufc1"", ""Nudt4"", ""Slc35d1"", ""Mylpf"", ""Scmh1"", ""Mrps33"", ""E2f2"", ""Park7"", ""Fli1"", ""Nyap1"", ""Cdkn2d"", ""Dbf4"", ""Psmb5"", ""P2ry10"", ""Bcl10"", ""Tubb4b"", ""Nup62"", ""Terf1"", ""Ddb1"", ""Hspa4"", ""Haus3"", ""Kif11"", ""Nkap"", ""Pitpnb"", ""Hbp1"", ""Egr2"", ""Dars"", ""Lsm5"", ""Rasgrp4"", 
""Nudt5"", ""Prpf8"", ""Arl6ip6"", ""Cited2"", ""Ldlrad3"", ""Elk4"", ""Cnpy2"", ""Ranbp2"", ""Cenpl"", ""Mrpl34"", ""Prmt5"", ""Prdx1"", ""Gdi2"", ""Trappc1"", ""Zfp36l1"", ""Tubg1"", ""Cdc123"", ""Dusp6"", ""Ect2"", ""Ncapd3"", ""Slc35b4"", ""Eif2s1"", ""Kti12"", ""Brix1"", ""Aurkb"", ""Ccdc18"", ""Paip2b"", ""Haus4"", ""Hsp90b1"", ""Las1l"", ""Xpo7"", ""Gars"", ""Cpsf2"", ""Ylpm1"", ""Zwint"", ""Psma3"", ""Atxn1"", ""Tnpo1"", ""Kif15"", ""Naa16"", ""Kif23"", ""Dohh"", ""Gsr"", ""Kpna3"", ""Insig1"", ""Fam98b"", ""Kif3a"", ""Tmed5"", ""Nxn"")"
"513","GOCC_SOMATODENDRITIC_COMPARTMENT","0.00134616975312223","0.0130593190056472","0.45505986738723","-0.372030664506745","-1.42145480279753","292","c(""Txn1"", ""Sfpq"", ""Hnrnpab"", ""Hnrnpa2b1"", ""Marcks"", ""Aqp11"", ""Ybx1"", ""Ifngr1"", ""Thy1"", ""Hsp90aa1"", ""Ctsl"", ""Smo"", ""Nedd4"", ""Rheb"", ""Rapgef3"", ""Ppt1"", ""Hnrnpu"", ""Eif4a3"", ""Ccr4"", ""Hnrnpr"", ""Ada"", ""Srsf10"", ""Hsp90ab1"", ""Ubb"", ""Nr3c1"", ""Ephb6"", ""Ptprf"", ""Eif5a"", ""Rbm8a"", ""Hdac1"", ""Syncrip"", ""Slc38a1"", ""Rbm3"", ""Als2"", ""Itgb1"", ""Ckap5"", ""Camk2d"", ""Mapk1"", ""Chl1"", ""Rrm1"", ""Hcfc1"", ""Pak1"", ""Pcmt1"", ""Comt"", ""Pgrmc1"", ""Cd3e"", ""Palm"", ""Srebf2"", ""P2rx7"", ""Gfra1"", ""Ptger4"", ""Pmm1"", ""Exoc4"", ""Glul"", ""Baiap2"", 
""Dynlt1f"", ""Pebp1"", ""Ift57"", ""Vps35"", ""Abi2"", ""Akap12"", ""Atp2b1"", ""Smn1"", ""Rgs12"", ""Khsrp"", ""mt-Nd1"", ""Aurka"", ""Ptges3"", ""Nrgn"", ""Ppp1r2"", ""Fmr1"", ""Fkbp4"", ""Slc3a2"", ""Rab1a"", ""Srgap2"", ""Canx"", ""Igf1r"", ""Cst3"", ""Tpx2"", ""Dtnbp1"", ""Tiam1"", ""Prkar2b"", ""Nrp1"", ""Zwint"", ""Txnrd1"", ""Psmc2"", ""Eef2k"", ""Acot7"")"
"514","TABULA_MURIS_SENIS_MAMMARY_GLAND_ENDOTHELIAL_CELL_AGEING","0.00357609016010081","0.0282227771241836","0.431707695803346","-0.381771008889697","-1.42143947614093","233","c(""Hmgb1"", ""Prdx2"", ""Atpif1"", ""Ybx1"", ""Ifngr1"", ""Ly6e"", ""Calm3"", ""Sumo2"", ""Atp5k"", ""Uqcr11"", ""Ptms"", ""Psmc3"", ""Uqcrq"", ""Cox6a1"", ""Eid1"", ""Nedd4"", ""Rheb"", ""Atp5j2"", ""Sypl"", ""Mlf2"", ""Slc29a1"", ""Gtf2a2"", ""Tcf3"", ""Ndufs6"", ""Uqcrb"", ""Swi5"", ""Banf1"", ""Ndufb7"", ""Prelid1"", ""Jup"", ""Hmgb2"", ""Psap"", ""Ndufc2"", ""Mtch1"", ""Arpp19"", ""Rps27l"", ""Atp5j"", ""Ndufb8"", ""Polr2k"", ""Rbm3"", ""Atp5o"", ""Ndufa5"", ""Icam2"", ""Akt1"", ""Fth1"", ""H1f0"", ""Sf3b2"", ""Psmc1"", ""Atp5c1"", ""Fabp5"", ""Bsg"", ""Cfdp1"", ""Ctsz"", ""Comt"", ""Ndufc1"", ""Egr1"", 
""Ndufa4"", ""Klf13"", ""Uqcr10"", ""Mrpl20"", ""Ndufs8"", ""Mrps33"", ""Mrps14"", ""Timm13"", ""Ndufb9"", ""Park7"", ""Psma1"", ""Fli1"", ""Romo1"", ""Sumo3"", ""Elk3"")"
"515","GOBP_REPRODUCTION","0.000464841077648684","0.00585175169699737","0.49849310876659","-0.361004985465008","-1.42113462696565","400","c(""H3f3a"", ""Tcf7"", ""H3f3b"", ""H2-Q2"", ""Lztfl1"", ""Gata3"", ""Mns1"", ""Ctsl"", ""Pafah1b3"", ""Eif4h"", ""Ctcf"", ""Trim28"", ""Cxcr4"", ""Smc4"", ""Patz1"", ""Smc3"", ""Bub3"", ""Ada"", ""Ddx3x"", ""Mcm7"", ""Stag2"", ""Ubb"", ""Eif2s2"", ""Nr3c1"", ""Magoh"", ""Bcl6"", ""Hmgb2"", ""Tcp1"", ""Stat5b"", ""Ube2a"", ""Psap"", ""Larp7"", ""Cct7"", ""Itgb1"", ""Akt1"", ""Gmcl1"", ""Lgals9"", ""Bcl2l11"", ""Cks2"", ""Runx1"", ""Fbxo5"", ""Mapk1"", ""Ybx3"", ""Psmd13"", ""Bsg"", ""Kdm2b"", ""Ccdc34"", ""Clic4"", ""Comt"", ""Ncapd2"", ""Tdrkh"", ""Cct2"", ""Hspb11"", ""Smc1a"", ""Vdac2"", ""Egr1"", ""Scmh1"", 
""Parp1"", ""Vdac3"", ""Tdrd5"", ""Stat5a"", ""Hdac2"", ""Mki67"", ""Ccnb1"", ""P2rx1"", ""Park7"", ""Cep57"", ""Terf1"", ""Ddb1"", ""Ptger4"", ""Phb2"", ""Top2a"", ""Cdc25a"", ""Cct3"", ""Hmga1"", ""Dhcr24"", ""E2f8"", ""Pebp1"", ""Ccne2"", ""Ccnb2"", ""Morc1"", ""Psmc3ip"", ""Etv5"", ""Cited2"", ""Ncaph"", ""Dld"", ""Aurka"", ""Cdc20"", ""Plk1"", ""Cenpe"", ""Notch1"", ""Incenp"", ""Cct8"", ""Smc2"", ""Yif1b"", ""Fkbp4"", ""Lin9"", ""Tubg1"", ""Utp14b"", ""Ncapd3"", ""Cdk2"", ""Birc5"", ""Rad23b"", ""Syce2"", ""Golga3"", ""Igf1r"", ""Rbbp8"", ""Tial1"")"
"516","GOBP_CENTRAL_NERVOUS_SYSTEM_DEVELOPMENT","0.00282287111950021","0.0237375930965832","0.431707695803346","-0.377090931072342","-1.42044703224527","259","c(""Sox4"", ""Tox"", ""Ywhae"", ""Marcksl1"", ""Marcks"", ""Lmo4"", ""Ifngr1"", ""Ezh2"", ""Hsp90aa1"", ""Kras"", ""Smo"", ""Anp32b"", ""Dbi"", ""Uqcrq"", ""Cxcr4"", ""Lig4"", ""Smarca4"", ""Ikzf1"", ""Rheb"", ""Ppt1"", ""Tubb2a"", ""Rbbp4"", ""Tubb2b"", ""Hsp90ab1"", ""Ubb"", ""Nr3c1"", ""Dusp10"", ""Psap"", ""Hdac1"", ""Suz12"", ""Id3"", ""Pcm1"", ""Tacc2"", ""Itgb1"", ""Ckap5"", ""Akt1"", ""Utp3"", ""Runx1"", ""Mapk1"", ""Akirin2"", ""Kdm2b"", ""Lef1"", ""Pak1"", ""Nav2"", ""Cd3e"", ""Slc7a11"", ""Nrros"", ""Tuba1a"", ""Hdac2"", ""Thoc6"", ""Nde1"", ""Uchl5"", ""Exoc4"", ""Nars"", ""Egr2"", ""Tspan2"", 
""Cited2"", ""Aars"", ""Rnf7"", ""Prmt5"", ""Notch1"", ""Fmr1"", ""Pcnt"")"
"517","GOBP_PEPTIDYL_AMINO_ACID_MODIFICATION","0.00161129504969861","0.015135693499364","0.45505986738723","-0.368607319066822","-1.41964932796488","315","c(""Sox4"", ""Txn1"", ""Gapdh"", ""Cd24a"", ""Camk4"", ""Ncl"", ""Desi1"", ""Metap2"", ""Thy1"", ""Ezh2"", ""Hsp90aa1"", ""Smo"", ""Sumo2"", ""Smarca5"", ""Ptprc"", ""Trim28"", ""Cd4"", ""Smarca4"", ""Dek"", ""Pin1"", ""Fkbp5"", ""Naa15"", ""Hsp90ab1"", ""Nck2"", ""Egln3"", ""Morf4l2"", ""Ighm"", ""Mbd3"", ""Suz12"", ""Itgb1"", ""Actl6a"", ""Sae1"", ""Akt1"", ""Brd8"", ""Pbk"", ""Camk2d"", ""Mapk1"", ""Capn3"", ""Prmt1"", ""Samsn1"", ""Nfyb"", ""Hcfc1"", ""Pak1"", ""Uba2"", ""Cd3e"", ""Egr1"", ""Smc5"", ""Stat5a"", ""Hdac2"", ""Tfrc"", ""Park7"", ""Gfra1"", ""Ruvbl1"", ""Sumo3"", ""Baz1b"", ""Ppid"", ""Fbxw7"", 
""Ptger4"", ""Raf1"", ""Cfap20"", ""Cdk1"", ""Eif4g1"", ""P3h4"", ""Egr2"", ""Ndufab1"", ""Abi2"", ""Topors"", ""Zdhhc8"", ""Ppil1"", ""Nsmce2"", ""Nfya"", ""Clspn"", ""Spred1"", ""Aurka"", ""Plk1"", ""Ranbp2"", ""Prmt5"", ""Ddx21"", ""Fkbp4"", ""P4hb"", ""Cdk2"", ""Suv39h1"", ""Ppp2r5d"", ""Igf1r"", ""Wdr5"", ""Prkcd"", ""Rock2"", ""Hat1"", ""Nmt2"", ""Nrp1"", ""Vegfb"", ""Msl3"", ""Blk"", ""Naa16"", ""Ppih"", ""Dohh"", ""Nelfa"", ""Kif3a"", ""Atp13a2"", ""Vkorc1l1"")"
"518","GOCC_DENDRITIC_TREE","0.00510247919811049","0.036526669550786","0.407017918923954","-0.383444822621276","-1.41038859204066","192","c(""Txn1"", ""Sfpq"", ""Hnrnpab"", ""Marcks"", ""Aqp11"", ""Ybx1"", ""Ifngr1"", ""Thy1"", ""Hsp90aa1"", ""Smo"", ""Nedd4"", ""Rheb"", ""Ppt1"", ""Hnrnpu"", ""Eif4a3"", ""Hnrnpr"", ""Ada"", ""Srsf10"", ""Hsp90ab1"", ""Nr3c1"", ""Ephb6"", ""Eif5a"", ""Rbm8a"", ""Syncrip"", ""Rbm3"", ""Als2"", ""Itgb1"", ""Ckap5"", ""Mapk1"", ""Chl1"", ""Hcfc1"", ""Pak1"", ""Comt"", ""Cd3e"", ""Palm"", ""Srebf2"", ""Exoc4"", ""Baiap2"", ""Ift57"", ""Abi2"", ""Atp2b1"", ""Rgs12"", ""Khsrp"", ""mt-Nd1"", ""Nrgn"", ""Ppp1r2"", ""Fmr1"", ""Srgap2"", ""Canx"", ""Dtnbp1"", ""Tiam1"", ""Prkar2b"", ""Zwint"", ""Psmc2"", ""Eef2k"")"
"519","LRRFIP1_TARGET_GENES","0.000371808211323725","0.00484861407859403","0.49849310876659","-0.353170841229151","-1.41024533182029","483","c(""Satb1"", ""Hmgb1"", ""H3f3b"", ""Hnrnpa2b1"", ""Atpif1"", ""Lmo4"", ""Mier1"", ""St13"", ""Cbx3"", ""Psma6"", ""Pnn"", ""Hmgn1"", ""Cox7a2"", ""Tubb5"", ""Cox7c"", ""Pcbp1"", ""Serbp1"", ""Snrpe"", ""Srsf9"", ""Uqcr11"", ""Hnrnpa1"", ""Srsf1"", ""Lig4"", ""Phf5a"", ""Psmc4"", ""Nedd4"", ""Ssna1"", ""Ccar1"", ""Eif3c"", ""Pin1"", ""Hnrnpu"", ""Eif4a3"", ""Rbbp4"", ""Nsmce1"", ""Ddx19a"", ""Hsp90ab1"", ""Srrm1"", ""Hjurp"", ""Banf1"", ""Eif2s2"", ""Prelid1"", ""Psmd3"", ""Clns1a"", ""Atp5a1"", ""Scaf11"", ""Alyref"", ""Raly"", ""Eif3a"", ""Mettl6"", ""Rbm8a"", ""Msh6"", ""Atp5o"", ""Leo1"", ""Pdap1"", 
""Sf3b6"", ""Snrpc"", ""Knop1"", ""U2af2"", ""Sae1"", ""Aco2"", ""Snrpd2"", ""Runx1"", ""E2f4"", ""Snrpb"", ""Cops3"", ""Psmd13"", ""Slbp"", ""Ddx1"", ""Cbx5"", ""Mrps28"", ""Ak6"", ""Mtx2"", ""Smu1"", ""Ncapd2"", ""Immt"", ""Nt5c2"", ""Sap30"", ""Pop4"", ""Mtpn"", ""Uba2"", ""Eif1ad"", ""Tox2"", ""Psmc5"", ""Luc7l"", ""Tfg"", ""Egr1"", ""Vdac3"", ""Rsl1d1"", ""Mrpl20"", ""Pcnp"", ""E2f2"", ""Ndufb9"", ""Park7"", ""Tfdp2"", ""Zc3h18"", ""Cnih4"", ""Cep57"", ""Ppid"", ""Ssbp1"", ""Sec61b"", ""Rps19bp1"", ""Zbtb38"", ""Dynll2"", ""Phb2"", ""Raf1"", ""Ppm1e"", ""Prpf38a"", ""Cdkn2c"", ""Chsy1"", ""Nudc"", ""Aldh2"", 
""Exosc3"", ""Cox5a"", ""Hbp1"", ""Egr2"", ""Bms1"", ""Pgm2l1"", ""Mrpl51"", ""Ppil1"", ""Prpf8"", ""Nsmce2"", ""Psmc3ip"", ""Elof1"", ""Snf8"", ""Tomm20"", ""Ldlrad3"", ""Naa50"", ""mt-Nd1"", ""Clspn"", ""Cox5b"", ""Uqcrfs1"", ""Txnl4a"", ""Cacybp"", ""Ranbp2"", ""Rfc4"", ""Anks1"", ""Sdhb"", ""Kcnh3"", ""Eftud2"", ""Sf3a2"", ""Psma2"", ""Sec13"", ""Nifk"", ""Nop58"", ""G2e3"", ""Lin9"", ""a"", ""Rab1a"", ""Rsl24d1"", ""Drg1"", ""Pop7"", ""Nr4a1"", ""Kif22"", ""Eif2s1"", ""Mrpl3"", ""Kti12"", ""Ndufa12"", ""Pcyt1a"", ""Bag1"", ""Rreb1"", ""Sass6"", ""Ccdc18"", ""Atp6v1a"", ""Pex6"", ""Cep83"", ""Ndufb10"", 
""Srsf4"", ""Xpo7"", ""Eif6"", ""Pim1"", ""Hmgxb4"", ""Wdr18"", ""Eprs"", ""Atad2"", ""Acot7"", ""Ppih"", ""Zfpm1"", ""2810004N23Rik"", ""Lyar"", ""Ckap2l"", ""Rfc3"", ""Pou2f1"", ""Snrnp200"", ""Cdc34"", ""Nsmce4a"", ""Mrpl28"", ""Dazap1"", ""Tmed5"", ""Ppm1l"", ""Yrdc"", ""Mrpl12"", ""Fbxo45"", ""Magohb"", ""Cdc27"", ""Chuk"", ""Nup54"", ""Hspa9"", ""Ccdc25"", ""Rtca"", ""Cops2"", ""Dus1l"", ""Pom121"", ""Dcakd"", ""Prim2"", ""Rif1"", ""Mrpl45"", ""Ndufs1"", ""Rnaseh2b"", ""Cbfb"", ""Cisd1"", ""Morn2"", ""Dzip3"", ""Clpp"", ""Drg2"", ""Mrpl27"", ""Psmd2"", ""Pola1"", ""Mtx1"", ""Gtpbp4"", ""Tgs1"", ""Trim37"", 
""Nuf2"", ""Psmd7"", ""Nme1"", ""Mrpl1"", ""Camkk2"", ""Mycbp"", ""Mrps22"", ""Ndc80"", ""Ubr7"", ""Aldh9a1"", ""Mrps18a"", ""Nup50"")"
"520","GOCC_CELL_BODY","0.00367554607743092","0.0288500403387479","0.431707695803346","-0.376399988598903","-1.40894420959283","244","c(""Txn1"", ""Hnrnpa2b1"", ""Ybx1"", ""Thy1"", ""Hsp90aa1"", ""Tubb5"", ""Ctsl"", ""Smo"", ""Rheb"", ""Rapgef3"", ""Ppt1"", ""Eif4a3"", ""Ccr4"", ""Ada"", ""Srsf10"", ""Hsp90ab1"", ""Ubb"", ""Pitpnm2"", ""Tcp1"", ""Ptprf"", ""Eif5a"", ""Rbm8a"", ""Hdac1"", ""Syncrip"", ""Slc38a1"", ""Cct7"", ""Rnf157"", ""Als2"", ""Ckap5"", ""Camk2d"", ""Mapk1"", ""Rrm1"", ""Hcfc1"", ""Pcmt1"", ""Comt"", ""Pgrmc1"", ""Cct2"", ""Cd3e"", ""P2rx7"", ""Park7"", ""Gfra1"", ""Ptger4"", ""Pmm1"", ""Exoc4"", ""Glul"", ""Baiap2"", ""Dynlt1f"", ""Cct3"", ""Pebp1"", ""Vps35"", ""Akap12"", ""Atp2b1"", ""Smn1"", ""Rgs12"", ""Khsrp"", 
""mt-Nd1"", ""Aurka"", ""Ptges3"", ""Cacybp"", ""Nrgn"", ""Cct8"", ""Fmr1"", ""Fkbp4"", ""Slc3a2"", ""Rab1a"", ""Canx"", ""Igf1r"", ""Cst3"", ""Tpx2"", ""Dtnbp1"", ""Tiam1"", ""Prkar2b"", ""Nrp1"")"
"521","GOBP_REGULATION_OF_ORGANELLE_ORGANIZATION","0.000832927815928041","0.00921805362570171","0.477270815362862","-0.358413422613225","-1.40875718993811","394","c(""H3f3a"", ""H3f3b"", ""Cd28"", ""Sfpq"", ""Hnrnpa2b1"", ""Dynll1"", ""Atpif1"", ""Stmn1"", ""Slc25a5"", ""Arl6ip1"", ""Mns1"", ""Hnrnpc"", ""Vdac1"", ""Anapc5"", ""Pdcd5"", ""Smarca5"", ""Trim28"", ""Lig4"", ""Caprin1"", ""Smc4"", ""Smarcc1"", ""Rdx"", ""Smarca4"", ""Hnrnpd"", ""Ppp1r35"", ""Rapgef3"", ""Hnrnpu"", ""Bub3"", ""Nck2"", ""Siva1"", ""Rad21"", ""Prelid1"", ""Bcl7c"", ""Tcp1"", ""Ptbp1"", ""Cct7"", ""Ckap5"", ""Actl6a"", ""Akt1"", ""Slamf1"", ""Mad1l1"", ""Bcl2l11"", ""Fbxo5"", ""Mapk1"", ""Bcl7a"", ""Trim27"", ""C2cd5"", ""Pak1"", ""Ncapd2"", ""Cct2"", ""Mtpn"", ""Cdc16"", ""Parp1"", ""Ccdc88a"", 
""Smc5"", ""Hdac2"", ""P2rx7"", ""Mki67"", ""Ccnb1"", ""Tfrc"", ""Ruvbl1"", ""Baz1b"", ""Hras"", ""Ssbp1"", ""Uchl5"", ""Nup62"", ""Terf1"", ""Fbxw7"", ""Ptger4"", ""Nusap1"", ""Ppm1e"", ""Top2a"", ""Baiap2"", ""Cdk1"", ""Dynlt1f"", ""Cct3"", ""Pebp1"", ""Cep70"", ""Ska2"", ""Vps35"", ""Abi2"", ""Spc24"", ""Nsmce2"", ""Cdca8"", ""Bbc3"", ""Ncaph"", ""Cdc42ep3"", ""Spc25"", ""Dstn"", ""Aurka"", ""Cdc20"", ""Plk1"", ""Cenpe"", ""Ube2c"", ""Lcmt1"", ""Cep295"", ""Incenp"", ""Gdi2"", ""Cct8"", ""Smc2"", ""Fkbp4"", ""Tubg1"", ""Ect2"", ""Drg1"", ""Cdk2"", ""Birc5"", ""Smarcb1"", ""Igf1r"", ""Mdm1"", ""Tpx2"", ""Prkcd"", 
""Aurkb"", ""Sass6"", ""Rmi2"", ""Mad2l1"", ""Mphosph9"", ""Rock2"", ""Ccnf"", ""Nrp1"", ""Odf2"", ""Plk4"", ""Bub1b"", ""Ylpm1"", ""Zwint"")"
"522","GOCC_AXON","0.00453562961973049","0.0334171416079622","0.407017918923954","-0.38012399819524","-1.4021736386132","199","c(""Txn1"", ""Ywhae"", ""Calm2"", ""Dynll1"", ""Marcks"", ""Thy1"", ""Hsp90aa1"", ""Calm3"", ""Smo"", ""Cxcr4"", ""Ssna1"", ""Rapgef3"", ""Ppt1"", ""Hnrnpr"", ""Srsf10"", ""Hsp90ab1"", ""Ptprf"", ""Slc38a1"", ""Als2"", ""Camk2d"", ""Mapk1"", ""Hcfc1"", ""Ctsz"", ""Pak1"", ""Comt"", ""Mpp4"", ""Mtpn"", ""Palm"", ""P2rx7"", ""Park7"", ""Gfra1"", ""Ranbp1"", ""Exoc4"", ""Phb2"", ""Glul"", ""Dynlt1f"", ""Pebp1"", ""Smn1"", ""Aurka"", ""Nrgn"", ""Ppp1r2"", ""Fmr1"", ""Fkbp4"", ""Canx"", ""Igf1r"", ""Cst3"", ""Tpx2"", ""Dtnbp1"", ""Tiam1"", ""Nrp1"", ""Gars"")"
"523","DMRT1_TARGET_GENES","0.000555126415341258","0.00669512589024311","0.477270815362862","-0.354987744958605","-1.4010687758429","420","c(""Satb1"", ""Gapdh"", ""Anp32e"", ""Sfpq"", ""Calm2"", ""Myb"", ""Anxa2"", ""Slc25a5"", ""Cbx3"", ""Atp5b"", ""Ezh2"", ""Calm3"", ""Cdv3"", ""Tubb5"", ""Atp5g3"", ""Lmnb1"", ""Anapc5"", ""Mtf2"", ""Hnrnpa1"", ""Srsf1"", ""Smc4"", ""Psmb6"", ""Hnrnpd"", ""Ddx39b"", ""Rapgef3"", ""Dgkeos"", ""Bub3"", ""Tcf3"", ""Stag2"", ""Ubb"", ""1110004F10Rik"", ""Nfkbia"", ""Nab2"", ""Morf4l2"", ""Mtch1"", ""Chdh"", ""Hdac1"", ""Syncrip"", ""Tmpo"", ""Tcf4"", ""AI662270"", ""Actl6a"", ""Mad1l1"", ""Cks2"", ""Csrp1"", ""H1f0"", ""Cdk19"", ""Cops3"", ""Cops5"", ""Slc16a1"", ""Pknox1"", ""Psma7"", ""Cbx5"", ""Mrps28"", 
""Hcfc1"", ""Pds5b"", ""Psip1"", ""Kdm2b"", ""Ccdc34"", ""Il17rb"", ""Nav2"", ""Myef2"", ""Gm525"", ""Med14"", ""Scmh1"", ""Klf13"", ""Ccdc88a"", ""P2rx7"", ""Galk1"", ""Tfdp2"", ""Cdkn2d"", ""Ran"", ""Rilpl2"", ""Terf1"", ""Cfap20"", ""Cdk1"", ""Cdc25a"", ""Hmgn5"", ""Hbp1"", ""Rrbp1"", ""Cep70"", ""Tnfaip3"", ""BC028471"", ""Cdca8"", ""Cited2"", ""Mrpl21"", ""Clspn"", ""Vma21"", ""Ube2c"", ""Rnf7"", ""Ubap2"", ""Cct8"", ""Fmr1"", ""Lin9"", ""Cdc123"", ""Dusp6"", ""Actn4"", ""Cdk2"", ""Srgap2"", ""Kif22"", ""St6gal1"", ""Usp11"", ""Larp4b"", ""Uchl3"", ""Rnpep"", ""Fundc2"", ""Podxl2"", ""Wdr5"", ""Tpx2"", 
""Chchd1"", ""Tcerg1"", ""Paip2b"", ""Mrps5"", ""Ccnf"", ""Hsp90b1"", ""Las1l"", ""Fbln2"", ""Txnrd1"", ""Atad5"", ""Psma3"", ""Ndufb2"", ""Msl3"", ""Atxn1"", ""Mrpl35"", ""Ablim1"", ""Ckap2l"", ""Osbpl1a"", ""Mir17hg"", ""Paics"", ""Tuba1b"", ""Cks1b"", ""Nsmce4a"", ""Kpnb1"", ""Yrdc"", ""Got1"", ""Ube2f"", ""Acly"", ""Stim2"", ""Nup54"", ""Hyou1"", ""Nsmaf"", ""Ccdc50"", ""Anapc13"", ""Sik2"", ""Dlat"", ""Mfge8"", ""Ruvbl2"", ""Rif1"", ""Pbx4"", ""Tmod1"", ""Myzap"", ""Rfwd3"", ""Kifap3"", ""Mxd3"", ""Mphosph10"", ""Get4"", ""Spdl1"", ""Memo1"", ""Aars2"", ""Mast2"", ""Nfia"", ""Pola1"", ""Aunip"")"
"524","GOBP_MITOTIC_CELL_CYCLE_PHASE_TRANSITION","0.00621782405064168","0.0424159030557635","0.407017918923954","-0.378434028745416","-1.39664973800226","201","c(""Calm2"", ""Myb"", ""Ube2s"", ""Ezh2"", ""Calm3"", ""Lmnb1"", ""Anapc5"", ""Anp32b"", ""Smarcc1"", ""Rdx"", ""Smarca4"", ""Rcc2"", ""Bub3"", ""Tcf3"", ""Ddx3x"", ""Rad21"", ""Bcl7c"", ""Rrm2"", ""Ube2a"", ""Arpp19"", ""Rps27l"", ""Larp7"", ""Eif4e"", ""Itgb1"", ""Actl6a"", ""Akt1"", ""Nasp"", ""Mad1l1"", ""Ccna2"", ""Cks2"", ""E2f4"", ""Camk2d"", ""Fbxo5"", ""Bcl7a"", ""Cdk6"", ""Rrm1"", ""Ccnh"", ""Cdc16"", ""Smc5"", ""Ccnb1"", ""Cdk4"", ""Cdkn2d"", ""Dbf4"", ""Ddb1"", ""Phb2"", ""Cdkn2c"", ""Cdk1"", ""Eif4g1"", ""Cdc25a"", ""Ccne2"", ""Ccnb2"", ""Inip"", ""Spc24"", ""Nfatc1"", ""Nsmce2"", ""Cdca8"", ""Spc25"", 
""Clspn"", ""Cdc20"", ""Plk1"", ""Cenpe"", ""Ube2c"", ""Lcmt1"", ""Incenp"", ""Brcc3"", ""Zfp36l1"", ""Cdk2"", ""Birc5"", ""Smarcb1"", ""Rbbp8"", ""Aurkb"", ""Sass6"", ""Mad2l1"", ""Ccnf"", ""Cenpf"", ""Cdkn1c"", ""Bub1b"", ""Zwint"", ""Atad5"", ""Hacd1"", ""Hecw2"", ""Tacc3"", ""Psme3"", ""Bid"", ""Jade1"", ""Cks1b"", ""Rgcc"", ""Skp2"")"
"525","GOBP_CARBOHYDRATE_DERIVATIVE_METABOLIC_PROCESS","0.00417349434722864","0.0315579539842145","0.407017918923954","-0.366834307379294","-1.39595657470287","277","c(""Gapdh"", ""Atpif1"", ""Aqp11"", ""Itm2a"", ""Atp5b"", ""Atp5h"", ""Atp5g3"", ""Ctsl"", ""Vdac1"", ""Atp5k"", ""Dut"", ""Atp5j2"", ""Ndufs6"", ""Ada"", ""Ndufb7"", ""Prps2"", ""Atp5a1"", ""Rrm2"", ""Psap"", ""Ndufc2"", ""St8sia4"", ""Atp5j"", ""Ndufb8"", ""Ndufb6"", ""Atp5o"", ""Ndufa5"", ""Dtymk"", ""Mdh1"", ""Rrm1"", ""Atp5c1"", ""Pcmt1"", ""Phlda1"", ""Nt5c2"", ""Tyms"", ""Uck2"", ""Ndufc1"", ""Nudt4"", ""Slc35d1"", ""Parp1"", ""Hmgcr"", ""Mpc1"", ""Ndufs8"", ""Ndufb9"", ""Ran"", ""Ptger4"", ""Pmm1"", ""Mdh2"", ""Chsy1"", ""Ndufab1"", ""Nudt5"", ""Dld"", ""mt-Nd1"", ""Dnph1"", ""Sdhb"", ""Atp5d"", 
""Pmvk"", ""Rab1a"", ""Itpa"", ""Acsl3"", ""St6gal1"", ""Tk1"", ""Ndufa12"", ""Ndufv2"", ""Mogs"", ""Cst3"", ""Prkcd"", ""Atp6v1a"", ""Itih5"", ""Pfkp"", ""Cmpk1"", ""Ndufb10"", ""Vegfb"", ""Adssl1"", ""Ndufb2"", ""Ganc"", ""Pgls"", ""Cs"", ""Acot7"", ""Adss"", ""Aldoa"", ""Chst2"", ""Rpia"", ""Paics"", ""Gmps"", ""Fut8"", ""Magt1"", ""Rpn1"", ""Acly"", ""Pde5a"", ""Gmds"", ""Dlat"", ""Dcakd"", ""Pdk3"", ""Ndufs1"", ""Rnaseh2b"", ""Tcf7l2"", ""Sdhc"", ""Nudt1"", ""Angpt1"", ""Mgat4a"", ""Map7"", ""Sdhd"", ""Nme1"")"
"526","KDM4B_TARGET_GENES","0.00198685044963899","0.0178785592641191","0.431707695803346","-0.357185857291371","-1.38761875459406","354","c(""Hmgb1"", ""H3f3b"", ""Gapdh"", ""Sfpq"", ""H2-Q2"", ""Chchd2"", ""Lztfl1"", ""Stmn1"", ""Ncl"", ""Mier1"", ""Atp5b"", ""Calm3"", ""Cox7a2"", ""Hnrnpa3"", ""Atp5g3"", ""Eif4a1"", ""Vdac1"", ""Lmnb1"", ""Pcbp1"", ""Anapc5"", ""Ubald2"", ""Ctcf"", ""Smc4"", ""Psmc6"", ""Polr3k"", ""Hnrnpll"", ""Ddx39b"", ""Sypl"", ""Smc3"", ""Eif4a3"", ""Srsf2"", ""Naa15"", ""Hnrnpr"", ""Hmgn2"", ""Uqcrb"", ""Mcm7"", ""Ubb"", ""Magoh"", ""Xbp1"", ""Psmd3"", ""Wdr12"", ""Dusp10"", ""Tcp1"", ""Alyref"", ""Thrap3"", ""Gspt1"", ""Atp5j"", ""Chdh"", ""Hdac1"", ""Ptbp1"", ""Lsm8"", ""Suz12"", ""Cct7"", ""U2surp"", ""Bclaf1"", 
""Pcm1"", ""Ckap5"", ""Ewsr1"", ""Actl6a"", ""Cdk2ap1"", ""Ivns1abp"", ""Srrt"", ""Trib1"", ""Rrm1"", ""Mrpl18"", ""Wbp11"", ""Serp1"", ""Il17rb"", ""Stip1"", ""Ncapd2"", ""Rnps1"", ""Tdrkh"", ""Tfg"", ""Ndufa4"", ""Klf13"", ""Vdac3"", ""Ccnb1"", ""Mrps14"", ""Tfrc"", ""Cyb5b"", ""Hras"", ""Cdkn2d"", ""Ssbp1"", ""Abcf2"", ""Tubb4b"", ""Ddb1"", ""Phb2"", ""Raf1"", ""Eif2a"", ""Top2a"", ""Cdc25a"", ""Cct3"", ""Cox5a"", ""Ska2"", ""Tnfaip3"", ""Snrpa"", ""Mrpl51"", ""Nudt5"", ""Cited2"", ""Nfya"", ""Ddx10"", ""Tomm20"", ""Dstn"", ""Aurka"", ""Cenpl"", ""Aars"", ""Prdx1"", ""Cct8"", ""Yif1b"", ""Pcnt"", ""Idi1"", 
""Cdc123"", ""Pop7"", ""Ppp2r5d"", ""Otud6b"", ""Pdia6"", ""Pole3"", ""Canx"", ""Bag1"")"
"527","GOBP_ORGANOPHOSPHATE_METABOLIC_PROCESS","0.00526550368766919","0.0373236991456011","0.407017918923954","-0.364136847999827","-1.37904561131471","269","c(""Gapdh"", ""Atpif1"", ""Atp5b"", ""Atp5h"", ""Atp5g3"", ""Vdac1"", ""Atp5k"", ""Dbi"", ""Dut"", ""Atp5j2"", ""Ndufs6"", ""Ada"", ""Ndufb7"", ""Prps2"", ""Atp5a1"", ""Rrm2"", ""Ndufc2"", ""Atp5j"", ""Ndufb8"", ""Fdps"", ""Ndufb6"", ""Atp5o"", ""Ndufa5"", ""Agpat5"", ""Dtymk"", ""Dgke"", ""Idh2"", ""Mapk1"", ""Mdh1"", ""Rrm1"", ""Atp5c1"", ""Nt5c3b"", ""Fabp5"", ""Pla2g12a"", ""Nt5c2"", ""Tyms"", ""Uck2"", ""Ndufc1"", ""Nudt4"", ""Parp1"", ""Hmgcr"", ""Mpc1"", ""Ndufs8"", ""Ndufb9"", ""Park7"", ""Ran"", ""Lyst"", ""Phb2"", ""Mdh2"", ""Ndufab1"", ""Nudt5"", ""Dld"", ""mt-Nd1"", ""Dnph1"", ""Sdhb"", ""Atp5d"", 
""Pmvk"", ""Idi1"", ""Itpa"", ""Acsl3"", ""Tk1"", ""Ndufa12"", ""Dgkg"", ""Pcyt1a"", ""Ndufv2"", ""Prkcd"", ""Chka"", ""Atp6v1a"", ""Pfkp"", ""Cmpk1"", ""Ndufb10"", ""Gars"", ""Adssl1"", ""Txnrd1"", ""Ndufb2"", ""Pgls"", ""Cs"", ""Acot7"", ""Adss"", ""Aldoa"", ""Rpia"", ""Paics"", ""Gmps"", ""Acly"", ""Pde5a"", ""Crls1"", ""Dlat"", ""Slc4a7"", ""Dcakd"", ""Pdk3"", ""Idh3a"", ""Ndufs1"", ""Rnaseh2b"")"
"528","GOBP_POSITIVE_REGULATION_OF_PROTEIN_MODIFICATION_PROCESS","0.00669181338410228","0.0448189744184019","0.407017918923954","-0.359972949334881","-1.37476219180729","299","c(""Hmgb1"", ""Sox4"", ""Txn1"", ""Cd24a"", ""Calm2"", ""Marcks"", ""Anxa2"", ""Ube2s"", ""Xrcc6"", ""Ezh2"", ""Hsp90aa1"", ""Calm3"", ""Kras"", ""Sumo2"", ""Smarca5"", ""Ptprc"", ""Cxcr4"", ""Lat"", ""Cd4"", ""Dek"", ""Pin1"", ""Rapgef3"", ""Hsp90ab1"", ""Ddx3x"", ""Ubb"", ""Ube2l3"", ""Nab2"", ""Xbp1"", ""Ighm"", ""Ptbp1"", ""Ube2n"", ""Als2"", ""Dcun1d5"", ""Itgb1"", ""Cdk2ap1"", ""Sae1"", ""Akt1"", ""Mapk1"", ""Trib1"", ""Hcfc1"", ""Pak1"", ""Uba2"", ""Cd3e"", ""Mmd"", ""Egr1"", ""Ccdc88a"", ""Hdac2"", ""P2rx7"", ""Ccnb1"", ""Tfrc"", ""Park7"", ""Gfra1"", ""Baz1b"", ""Hras"", ""Bcl10"", ""Fbxw7"", ""Ptger4"", 
""Phb2"", ""Raf1"", ""Eif4g1"", ""Abi2"", ""Topors"", ""Cdca8"", ""Clspn"", ""Cdc20"", ""Plk1"", ""Cenpe"", ""Ddx21"", ""Cep295"", ""Incenp"", ""Fmr1"", ""Ect2"", ""Birc5"", ""Suv39h1"", ""Ppp2r5d"", ""Wdr5"", ""Tpx2"", ""Prkcd"", ""Aurkb"", ""Rock2"", ""Dtnbp1"", ""Tiam1"", ""Nrp1"", ""Vegfb"")"
"529","DMRTB1_TARGET_GENES","0.00347242869003781","0.0276692697135841","0.431707695803346","-0.356276159499224","-1.37056307817937","313","c(""Satb1"", ""H3f3a"", ""Ptma"", ""Anp32e"", ""Cux1"", ""Calm2"", ""Ube2e3"", ""Cox7a2"", ""Tubb5"", ""Atp5g3"", ""Kras"", ""Pcbp1"", ""Anapc5"", ""Mtf2"", ""Hnrnpa1"", ""Snrpd1"", ""Ctcf"", ""Psmc4"", ""Rcc2"", ""Hnrnpd"", ""Ccar1"", ""Ddx39b"", ""Tomm7"", ""Hnrnpr"", ""Hjurp"", ""Ubb"", ""Eif2s2"", ""1110004F10Rik"", ""Magoh"", ""Nfkbia"", ""Nab2"", ""Rbm8a"", ""Mex3a"", ""Dmwd"", ""Mbd3"", ""Syncrip"", ""Tcf4"", ""Pdap1"", ""Pcm1"", ""Ckap5"", ""Hdgf"", ""Actl6a"", ""Mad1l1"", ""Utp3"", ""Cks2"", ""Srrt"", ""Fbxo5"", ""H1f0"", ""Cops3"", ""Sfr1"", ""Cops5"", ""Pknox1"", ""Nfyb"", ""Cbx5"", ""Ak6"", ""Pds5a"", 
""Nav2"", ""Smu1"", ""Ndufa4"", ""Klf13"", ""Cfap36"", ""P2rx7"", ""Ndufs8"", ""Zcchc8"", ""Baz1b"", ""Cdkn2d"", ""Ppid"", ""Psmb5"", ""Ran"", ""Terf1"", ""Fbxw7"", ""Phb2"", ""Nudc"", ""Cdc25a"", ""Sf3b3"", ""Ndufab1"", ""Cep70"", ""Bms1"", ""Cdca3"", ""Nop56"", ""Spc24"", ""Mrpl50"", ""Elof1"", ""Cdca8"", ""Khsrp"", ""Nfat5"", ""Cenpe"", ""Rnf7"", ""Eftud2"", ""Cct8"", ""Trappc1"", ""Lin9"", ""Slc3a2"", ""Cdk2"", ""Birc5"", ""Cops4"", ""Kif22"", ""Slc35b4"", ""Mrpl3"", ""Pcyt1a"", ""Golga3"", ""Chchd1"", ""Sass6"", ""Tcerg1"", ""Mrps5"", ""Ccnf"", ""Denr"", ""Prpf19"", ""Txnrd1"", ""Psma3"", ""Psmc2"", 
""Rhno1"", ""Osbpl1a"", ""Mir17hg"", ""Snrnp200"", ""Got1"", ""Mrpl12"", ""Fbxo45"", ""Acly"", ""Kif2c"", ""Ccdc50"", ""Dnajc2"", ""Psmb2"", ""Cops2"", ""Dlat"", ""Ruvbl2"", ""Rif1"", ""Cntrob"", ""Mrpl45"", ""Tmod1"", ""Myzap"", ""Rfwd3"", ""Mxd3"", ""Mphosph10"", ""Spdl1"", ""Aars2"", ""Drg2"", ""Taf5l"", ""Dlgap5"", ""Mrps18c"", ""Atf5"", ""Trim37"", ""Nuf2"", ""Nme1"", ""Mrpl1"", ""Akap1"", ""Exo1"", ""Polr2e"", ""Rap2a"", ""Usp10"")"
"530","GOBP_CELL_CYCLE_PHASE_TRANSITION","0.00425168791131934","0.0318987026801193","0.407017918923954","-0.367669561233767","-1.36977656964542","235","c(""Calm2"", ""Myb"", ""Ube2s"", ""Ezh2"", ""Calm3"", ""Lmnb1"", ""Anapc5"", ""Anp32b"", ""Ptprc"", ""Smarcc1"", ""Rdx"", ""Smarca4"", ""Rcc2"", ""Ddx39b"", ""Bub3"", ""Tcf3"", ""Ddx3x"", ""Ube2l3"", ""Rad21"", ""Bcl7c"", ""Rrm2"", ""Ube2a"", ""Arpp19"", ""Rps27l"", ""Larp7"", ""Eif4e"", ""Itgb1"", ""Actl6a"", ""Akt1"", ""Nasp"", ""Mad1l1"", ""Ccna2"", ""Cks2"", ""E2f4"", ""Camk2d"", ""Fbxo5"", ""Bcl7a"", ""Cdk6"", ""Rrm1"", ""Ccnh"", ""Cdc16"", ""Smc5"", ""Ccnb1"", ""Cdk4"", ""Cdkn2d"", ""Dbf4"", ""Ddb1"", ""Phb2"", ""Cdkn2c"", ""Cdk1"", ""Eif4g1"", ""Cdc25a"", ""Ccne2"", ""Ccnb2"", ""Inip"", ""Spc24"", ""Nfatc1"", 
""Nsmce2"", ""Cdca8"", ""Spc25"", ""Clspn"", ""Aurka"", ""Cdc20"", ""Plk1"", ""Cenpe"", ""Ube2c"", ""Tipin"", ""Lcmt1"", ""Incenp"", ""Brcc3"", ""Zfp36l1"", ""Cdk2"", ""Birc5"", ""Smarcb1"", ""Rbbp8"", ""Aurkb"", ""Sass6"", ""Mad2l1"", ""Ccnf"", ""Cenpf"", ""Cdkn1c"", ""Prpf19"", ""Bub1b"", ""Zwint"", ""Atad5"", ""Hacd1"", ""Rhno1"", ""Hecw2"", ""Tacc3"", ""Psme3"", ""Bid"", ""Jade1"", ""Cks1b"", ""Rgcc"", ""Skp2"", ""Cdc27"", ""Msh2"", ""Camk2a"", ""Topbp1"", ""Wdr76"", ""Etaa1"", ""Rnaseh2b"", ""Rfwd3"", ""Spdl1"", ""Nfia"", ""Atf5"", ""Cdc6"", ""Ctdspl"", ""Nuf2"", ""Ndc80"", ""Ints7"", ""Foxm1"", ""Anapc1"", 
""Usp37"", ""Rcc1"", ""Dna2"", ""Cdca5"", ""Bub1"", ""Sin3a"", ""Cep192"", ""Ttk"", ""Paxip1"", ""Cdk5rap2"")"
"531","GOBP_LEUKOCYTE_DIFFERENTIATION","0.00270979507949877","0.0229874980532517","0.431707695803346","-0.355812354517813","-1.36531247858642","308","c(""Satb1"", ""Hmgb1"", ""Tcf7"", ""Sox4"", ""Ccr9"", ""Cd27"", ""Cd28"", ""Tox"", ""Cd24a"", ""Prdx2"", ""Camk4"", ""Myb"", ""Slc25a5"", ""Themis"", ""Itm2a"", ""Cd8a"", ""Cmtm7"", ""Xrcc6"", ""Ezh2"", ""Gata3"", ""Hsp90aa1"", ""Ctsl"", ""Rag1"", ""Rorc"", ""Ptprc"", ""Lig4"", ""Smarcc1"", ""Cd4"", ""Ly6d"", ""Smarca4"", ""Ikzf1"", ""Hmgb3"", ""Patz1"", ""Lbr"", ""Tcf3"", ""Ada"", ""Nr3c1"", ""Prelid1"", ""Xbp1"", ""Bcl6"", ""Dusp10"", ""Stat5b"", ""Psap"", ""Cd3d"", ""Ighm"", ""Rag2"", ""Actl6a"", ""Nfatc3"", ""Lgals9"", ""Slamf1"", ""Ikzf3"", ""Cbfa2t3"", ""Runx1"", ""Trib1"", ""Cdk6"", ""Pknox1"", ""Slamf6"", 
""Lef1"", ""Cd1d1"")"
"532","GOBP_POSITIVE_REGULATION_OF_PROTEIN_METABOLIC_PROCESS","0.00112133860434477","0.0114964491159022","0.45505986738723","-0.343834688774343","-1.36140070478818","453","c(""Hmgb1"", ""Sox4"", ""Txn1"", ""Cd24a"", ""Calm2"", ""Atpif1"", ""Marcks"", ""Anxa2"", ""Ube2s"", ""Ybx1"", ""Ifngr1"", ""Xrcc6"", ""Ezh2"", ""Hsp90aa1"", ""Calm3"", ""Ctsl"", ""Kras"", ""Sumo2"", ""Pdcd5"", ""Anp32b"", ""Smarca5"", ""Ptprc"", ""Cxcr4"", ""Lat"", ""Cd4"", ""Rdx"", ""Dhx9"", ""Nedd4"", ""Hnrnpd"", ""Dek"", ""Ddx39b"", ""Pin1"", ""Rapgef3"", ""Hnrnpu"", ""Eif4a3"", ""Sh3bgrl"", ""Hsp90ab1"", ""Ddx3x"", ""Dap"", ""Nck2"", ""Ubb"", ""Ube2l3"", ""Nfkbia"", ""Prelid1"", ""Nab2"", ""Xbp1"", ""Eif5a"", ""Ighm"", ""Mtch1"", ""Rps27l"", ""Ptbp1"", ""Syncrip"", ""Rbm3"", ""Ube2n"", ""Als2"", ""Dcun1d5"", 
""Cycs"", ""Itgb1"", ""Ssb"", ""Cdk2ap1"", ""Sae1"", ""Akt1"", ""Cbfa2t3"", ""Bcl2l11"", ""Mapk1"", ""Trib1"", ""Capn3"", ""Prmt1"", ""Akirin2"", ""Hcfc1"", ""Serp1"", ""Slc25a37"", ""Pak1"", ""Mtpn"", ""Uba2"", ""Cd3e"", ""Casp8ap2"", ""Mmd"", ""Uhrf1"", ""Egr1"", ""Ccdc88a"", ""Hdac2"", ""P2rx7"", ""Ccnb1"", ""Cdk4"", ""Tfrc"", ""P2rx1"", ""Park7"", ""Gfra1"", ""Sumo3"", ""Baz1b"", ""Hras"", ""Bcl10"", ""Fbxw7"", ""Ddb1"", ""Ptger4"", ""Phb2"", ""Raf1"", ""Eif2a"", ""Eif4g1"", ""Tnfaip3"", ""Ift57"", ""Vps35"", ""Abi2"", ""Topors"", ""Cdca8"", ""Bbc3"", ""Snf8"", ""Clspn"", ""Aurka"", ""Cdc20"", ""Plk1"", 
""Cenpe"", ""Rnf7"", ""Hspd1"", ""Ddx21"", ""Cep295"", ""Incenp"", ""Fmr1"", ""Rab1a"", ""Ect2"", ""Birc5"", ""Suv39h1"", ""Ppp2r5d"", ""Otud6b"", ""Larp4b"", ""Wdr5"", ""Tpx2"", ""Prkcd"", ""Aurkb"", ""Rock2"", ""Dtnbp1"", ""Tiam1"", ""Nrp1"", ""Vegfb"", ""Aifm1"", ""Eif6"", ""Pim1"", ""Cnbp"")"
"533","GOBP_ANIMAL_ORGAN_MORPHOGENESIS","0.00573333085368919","0.0398094379107722","0.407017918923954","-0.358556637802071","-1.3599589992542","275","c(""Tcf7"", ""Sox4"", ""Ly6e"", ""Thy1"", ""Gata3"", ""Hmgn1"", ""Ctsl"", ""Kras"", ""Smo"", ""Srsf6"", ""Edaradd"", ""Cxcr4"", ""Smarcc1"", ""Smarca4"", ""Nedd4"", ""Ikzf1"", ""Ppp1r35"", ""Eif4a3"", ""Nr3c1"", ""Nab2"", ""Gfi1"", ""Xbp1"", ""Hdac1"", ""Id3"", ""Bcl2l11"", ""E2f4"", ""Mapk1"", ""Dhrs3"", ""Serp1"", ""Kdm2b"", ""Pds5a"", ""Ctsz"", ""Lef1"", ""Tuba1a"", ""Stat5a"", ""Hdac2"", ""P2rx7"", ""Mki67"", ""Fli1"", ""Uchl5"", ""Exoc4"", ""Phb2"", ""Chsy1"", ""Hmga1"", ""Tnfaip3"", ""Ift57"", ""Abi2"", ""Nfatc1"", ""Wnt8b"", ""Etv5"", ""Cited2"", ""Notch1"", ""Pcnt"", ""Ahi1"", ""Igf1r"", ""Nrp1"", 
""Pim1"", ""Hacd1"", ""Zfpm1"", ""Heg1"", ""Pou2f1"", ""Mafb"", ""Insig1"", ""Sod1"", ""Kif3a"", ""Pex7"", ""Rpgr"", ""Spry1"", ""Chuk"", ""Slc4a7"", ""Pbx4"", ""Nr4a3"", ""Tcf7l2"", ""Angpt1"", ""Alms1"", ""Gmnn"", ""Smad3"", ""Hoxa7"", ""Poc1a"", ""Rbm15"", ""Cul1"", ""Ankrd6"", ""Asb2"", ""Col27a1"", ""Hes1"")"
"534","RFX2_TARGET_GENES","0.00226816751929446","0.0200048912350597","0.431707695803346","-0.349856392528009","-1.35788760087538","349","c(""Ywhae"", ""Calm2"", ""Dynll1"", ""Lztfl1"", ""Mier1"", ""St13"", ""Hsp90aa1"", ""Calm3"", ""Mns1"", ""Srsf7"", ""Hspa4l"", ""Ddx39b"", ""Pin1"", ""Eif4a3"", ""Tomm7"", ""Nsmce1"", ""Hmgn2"", ""Mcm7"", ""Siva1"", ""Pitpnm2"", ""Atp5a1"", ""Dmwd"", ""Kcnq1ot1"", ""Nap1l1"", ""Pcm1"", ""Knop1"", ""Gtf2e2"", ""U2af2"", ""Agtrap"", ""Snrpd2"", ""Tube1"", ""Camk2d"", ""Ywhaq"", ""Chchd3"", ""Cops3"", ""Psmd13"", ""Sfr1"", ""Mdh1"", ""Wbp11"", ""Pds5b"", ""Ccdc34"", ""1500009L16Rik"", ""Nav2"", ""Ccnh"", ""B9d2"", ""Uhrf1"", ""Klf13"", ""Hmgcr"", ""Mpc1"", ""Cfap36"", ""Cdk4"", ""Timm13"", ""Ruvbl1"", ""Hras"", 
""Tubb4b"", ""Lyst"", ""Rilpl2"", ""Fbxw7"", ""Ppm1e"", ""Cby1"", ""Cfap20"", ""Baiap2"", ""Nudc"", ""Sf3a1"", ""Taf1"", ""E2f8"", ""Ift57"", ""Pkig"", ""Psmc3ip"", ""Naa50"", ""Cacybp"", ""Taf15"", ""Ube2c"", ""Prmt5"", ""Rpa3"", ""Eftud2"", ""Sec13"", ""Dusp6"", ""Ect2"", ""Set"", ""Sf3b4"", ""Eif2s1"", ""Kti12"", ""Pole3"", ""Ahi1"", ""Mafg"", ""Atp6v1a"", ""Tex9"", ""Hat1"", ""Hsp90b1"", ""Cenpf"", ""Dnaaf2"", ""Tiam1"", ""Prkar2b"", ""Prpf19"", ""Odf2"", ""Tnpo1"", ""Kif23"", ""Dohh"", ""Naa40"", ""Fam98b"", ""Net1"", ""Snrpf"", ""Ppp1r7"", ""Rpn1"", ""Slc25a3"", ""Rpgr"", ""Got1"", ""Xrra1"", ""Camk2a"", 
""Rtca"", ""Cops2"", ""9530077C05Rik"", ""Kif20b"", ""Ap1s1"", ""Creld2"", ""Lcorl"", ""Pbx4"", ""Ppp5c"", ""Morn2"", ""Polr3h"", ""Rpf2"", ""Alms1"", ""Cep290"", ""Psma5"", ""Mtx1"", ""Kif18a"", ""Trim37"", ""Mycbp"", ""Gtf2f1"", ""Ankrd6"", ""Atf6"", ""Nup50"", ""Pspc1"", ""Nek2"", ""Rnf126"", ""Enkd1"", ""Cars"", ""1700037H04Rik"", ""Nphp1"", ""Pes1"", ""Gpn3"", ""Ebna1bp2"", ""Apoo"", ""Rpn2"", ""Odc1"")"
"535","GOLDRATH_ANTIGEN_RESPONSE","0.00451390240314854","0.033346309696917","0.407017918923954","-0.355985766358646","-1.35749516178693","288","c(""Txn1"", ""Gapdh"", ""Cd24a"", ""Atpif1"", ""Stmn1"", ""Anxa2"", ""Ezh2"", ""Lmnb1"", ""Dbi"", ""Polr3k"", ""Pdcd1"", ""Sypl"", ""Eif1ax"", ""Hmgn2"", ""Sh3bgrl"", ""Siva1"", ""Rad21"", ""Lrrc59"", ""Rrm2"", ""Tmpo"", ""Rbm3"", ""Itgb1"", ""Cdk2ap1"", ""Serinc3"", ""Ccna2"", ""Cks2"", ""H1f0"", ""Ywhaq"", ""Ybx3"", ""Rrm1"", ""Mrpl18"", ""Cbx5"", ""Clic4"", ""Tyms"", ""Gzma"", ""Nudt4"", ""Mki67"", ""Lig1"", ""Ran"", ""Nup62"", ""Ptger4"", ""Nusap1"", ""Top2a"", ""Cdkn2c"", ""Pcna"", ""Cdk1"", ""Kif11"", ""E2f8"", ""Ccnb2"", ""Cdca3"", ""1700097N02Rik"", ""Psmc3ip"", ""Cdca8"", ""Cited2"", ""Ncaph"", 
""Carhsp1"", ""Dstn"", ""Brip1os"", ""Aurka"", ""Cdc20"", ""Plk1"", ""Rpa3"", ""Prc1"", ""Incenp"", ""Trappc1"", ""Ect2"", ""Birc5"", ""Kif22"", ""Tk1"", ""Rell1"", ""Syce2"", ""Cst3"", ""Sqle"", ""Aurkb"", ""Mad2l1"", ""Dusp1"", ""Hat1"", ""Ccnf"", ""Nrp1"", ""Plk4"", ""Pim1"", ""Tacc3"", ""Acot7"", ""Kif20a"", ""Kpna2"", ""Tmem14c"", ""Cks1b"", ""Cmc2"", ""Ckap2"", ""Kif2c"", ""Ccdc50"", ""Asf1b"", ""Slc4a7"", ""Topbp1"", ""Prim2"", ""Kif4"", ""Rnaseh2b"", ""Cenpa"", ""Mis18bp1"", ""Cisd1"", ""Mxd3"", ""Spdl1"", ""Gmnn"", ""Dlgap5"", ""Pola1"", ""Cdc6"", ""Sdhd"", ""Anln"", ""Nek2"", ""Rad51ap1"", ""Dna2"", 
""Casp3"", ""Cdca5"", ""Bub1"", ""Odc1"", ""Pgam1"", ""Fen1"", ""Ttk"", ""Chaf1a"", ""Fignl1"", ""Alad"", ""Il2ra"", ""Ube2t"", ""Ssx2ip"", ""Fancm"", ""Mapre2"", ""Gadd45b"", ""Dhfr"", ""Cdc25c"", ""Lag3"", ""Gem"", ""Gtse1"", ""Trip13"", ""Alcam"", ""Haus6"", ""Emp1"", ""Dtl"", ""Hemgn"", ""Cdc45"")"
"536","IKZF3_TARGET_GENES","0.00133591322166987","0.0130144530886793","0.45505986738723","-0.338150729104356","-1.34968447040704","484","c(""Tcf7"", ""Cux1"", ""Myb"", ""Stmn1"", ""Arpp21"", ""Tcf12"", ""Endou"", ""St13"", ""Maz"", ""Cmtm7"", ""Desi1"", ""Xrcc6"", ""Pnn"", ""Hsp90aa1"", ""Calm3"", ""Arl6ip1"", ""Atp5g3"", ""Vdac1"", ""Pafah1b3"", ""Srsf7"", ""Rag1"", ""Ptms"", ""Brd3"", ""Ctcf"", ""Dbi"", ""Edaradd"", ""Lat"", ""Hibadh"", ""Rdx"", ""Dek"", ""Hnrnpll"", ""Rapgef3"", ""Sypl"", ""Mlf2"", ""Eif1ax"", ""Eif4a3"", ""Uqcrb"", ""Ube2e1"", ""Srrm1"", ""Hjurp"", ""Nfkbia"", ""Pitpnm2"", ""Prps2"", ""Nab2"", ""Hmgb2"", ""Wdr12"", ""Raly"", ""Mtch1"", ""Atp5j"", ""Suz12"", ""Msh6"", ""Blmh"", ""Tcf4"", ""Id3"", ""Sit1"", ""Tsc22d1"", ""Dcun1d5"", 
""Itgb1"", ""Utp3"", ""Cbfa2t3"", ""Csrp1"", ""Trib1"", ""Capn3"", ""Dusp5"", ""Cdk19"", ""Sfr1"", ""Slc16a1"", ""Nfyb"", ""Srgn"", ""Zfp704"", ""F13a1"", ""Lef1"", ""Nav2"", ""Cdkn2aipnl"", ""Rnps1"", ""Phlda1"", ""Tyms"", ""Uba2"", ""Cd3e"", ""Polr2i"", ""Tfg"", ""Med14"", ""Klf13"", ""Ccdc88a"", ""Smc5"", ""Srebf2"", ""Rfc1"", ""Lig1"", ""Mrps33"", ""Cnih4"", ""Psma1"", ""Cep57"", ""Eny2"", ""5930430L01Rik"", ""Elk3"", ""Ptp4a3"", ""Otud1"", ""Zbtb38"", ""Prpf38a"", ""Pcna"", ""Bmp2k"", ""Cep70"", ""Tnfaip3"", ""Abi2"", ""Rasgrp4"", ""BC028471"", ""Nfya"", ""Mrpl21"", ""Khsrp"", ""Elk4"", ""Nfat5"", 
""Spred1"", ""Ptges3"", ""Cenpl"", ""Dnph1"", ""Prmt5"", ""Psma2"", ""Prc1"", ""Notch1"", ""Prdx1"", ""a"", ""Zfp36l1"", ""Rab1a"", ""Dusp6"", ""P4hb"", ""Slc43a1"", ""Srgap2"", ""Cep250"", ""Nfkbid"", ""St6gal1"", ""Eif2s1"", ""Mospd3"", ""Dgkg"", ""Pcyt1a"", ""Rnpep"", ""Bag1"", ""Cst3"", ""Rbbp8"", ""Pa2g4"", ""Rreb1"", ""Tial1"", ""Agl"", ""Mad2l1"", ""Mphosph9"", ""Hat1"", ""Nrp1"", ""Mrps25"", ""Psmb3"", ""Dusp2"", ""Eif6"", ""Eprs"", ""Ganc"", ""Atad2"", ""Pgls"", ""Naa16"", ""Gtf2f2"", ""A930002I21Rik"", ""Pou2f1"", ""Laptm4b"", ""Osbpl1a"", ""Fut8"", ""Ncapg"", ""Tmem176b"", ""Frmd6"", ""Kpnb1"", 
""Pdcd11"", ""Syk"", ""Skp2"", ""Xrra1"", ""Elp5"", ""Magohb"", ""Nup54"", ""Gmds"", ""Asf1b"", ""Dnlz"", ""9530077C05Rik"", ""Ap1s1"", ""Lcorl"", ""Arhgap10"", ""Mis18bp1"", ""Kifap3"", ""Dzip3"", ""Alms1"", ""Smad3"", ""Drg2"", ""Taf5l"", ""Cep290"", ""Psmd2"", ""Nfia"", ""Aunip"", ""Igsf8"", ""Il17re"", ""Adgrg1"", ""Rwdd1"", ""Gtf2f1"", ""Ubr7"", ""Tmem176a"", ""Tgif1"")"
"537","GOBP_POSITIVE_REGULATION_OF_CELLULAR_COMPONENT_ORGANIZATION","0.00212345648030048","0.0189017073754944","0.431707695803346","-0.342484303060324","-1.34822598542314","400","c(""Cd28"", ""Tox"", ""Cd24a"", ""Sfpq"", ""Cux1"", ""Hnrnpa2b1"", ""Dynll1"", ""Atpif1"", ""Marcks"", ""Anxa2"", ""Slc25a5"", ""Thy1"", ""Ezh2"", ""Hsp90aa1"", ""Mns1"", ""Vdac1"", ""Anapc5"", ""Pdcd5"", ""Ptprc"", ""Trim28"", ""Lig4"", ""Caprin1"", ""Smc4"", ""Psmc6"", ""Ikzf1"", ""Hnrnpd"", ""Ppp1r35"", ""Rapgef3"", ""Ppt1"", ""Tubb2b"", ""Ddx3x"", ""Nck2"", ""Siva1"", ""Rad21"", ""Tcp1"", ""Ptprf"", ""Eif5a"", ""Ighm"", ""Ptbp1"", ""Bhlhb9"", ""Cct7"", ""Itgb1"", ""Ckap5"", ""Actl6a"", ""Mad1l1"", ""Bcl2l11"", ""Fbxo5"", ""Mapk1"", ""Trim27"", ""C2cd5"", ""Pak1"", ""Ncapd2"", ""Cct2"", ""Cdc16"", ""Psmc5"", 
""Palm"", ""Ccdc88a"", ""Smc5"", ""P2rx7"", ""Tfrc"", ""Park7"", ""Ruvbl1"", ""Hras"", ""Ranbp1"", ""Ssbp1"", ""Uchl5"", ""Nup62"", ""Terf1"", ""Atf1"", ""Nusap1"", ""Ppm1e"", ""Baiap2"", ""Cdk1"", ""Eif4g1"", ""Dynlt1f"", ""Cct3"", ""Pebp1"", ""Vps35"", ""Abi2"", ""Nsmce2"", ""Bbc3"", ""Ncaph"", ""Cdc42ep3"", ""Dstn"", ""Lingo4"", ""Aurka"", ""Cdc20"", ""Cenpe"", ""Ube2c"", ""Sf3a2"", ""Cep295"", ""Cct8"", ""Fmr1"", ""Brcc3"", ""Smc2"", ""Actn4"", ""Drg1"", ""Cdk2"", ""Ppp2r5d"", ""Ahi1"", ""Igf1r"", ""Rreb1"", ""Aurkb"", ""Sass6"", ""Rock2"", ""Dtnbp1"", ""Tiam1"", ""Nrp1"")"
"538","GOBP_POSITIVE_REGULATION_OF_TRANSPORT","0.00706590577371729","0.0465447407694011","0.407017918923954","-0.349500209124336","-1.34606045876425","315","c(""Sox4"", ""Ywhae"", ""Calm2"", ""Camk4"", ""Dynll1"", ""Myb"", ""Atpif1"", ""Anxa2"", ""Hnrnpm"", ""Thy1"", ""Hsp90aa1"", ""Calm3"", ""Arl6ip1"", ""Smo"", ""Pdcd5"", ""Anp32b"", ""Dbi"", ""Ptprc"", ""Trim28"", ""Cxcr4"", ""Cd4"", ""Rdx"", ""Dhx9"", ""Nedd4"", ""Rapgef3"", ""Ppt1"", ""Tomm7"", ""Hsp90ab1"", ""Siva1"", ""Nr3c1"", ""Nfkbia"", ""Prelid1"", ""Jup"", ""Xbp1"", ""Ighm"", ""Ptbp1"", ""Slc38a1"", ""Pcm1"", ""Itgb1"", ""Ckap5"", ""Akt1"", ""Runx1"", ""Mapk1"", ""Capn3"", ""Hcfc1"", ""Bsg"", ""Serp1"", ""C2cd5"", ""Pak1"", ""Ndufa4"", ""P2rx7"", ""P2rx1"", ""Park7"", ""Hras"", ""Ppid"", ""Ran"", ""Ctdspl2"", 
""Fbxw7"", ""Ptger4"", ""Glul"", ""Cdk1"", ""Hbp1"", ""Vps35"", ""Atp2b1"", ""Zdhhc8"", ""Bbc3"", ""Snf8"")"
"539","GOCC_SUPRAMOLECULAR_COMPLEX","0.00314642416457936","0.0257098902387199","0.431707695803346","-0.340696859155225","-1.34525202773944","421","c(""H3f3a"", ""Hnrnpab"", ""Calm2"", ""Hnrnpa2b1"", ""Dynll1"", ""Marcks"", ""Stmn1"", ""Ncl"", ""Ybx1"", ""Psma6"", ""Calm3"", ""Hnrnpa3"", ""Mns1"", ""Tubb5"", ""Lmnb1"", ""Pcbp1"", ""Psmc3"", ""Dbi"", ""Caprin1"", ""Smarcc1"", ""Eid1"", ""Smarca4"", ""Dhx9"", ""Ssna1"", ""Rcc2"", ""Dek"", ""Hnrnpu"", ""Tubb2a"", ""Ddx19a"", ""Bub3"", ""Tubb2b"", ""Ddx3x"", ""Hjurp"", ""Jup"", ""Tcp1"", ""Eif3a"", ""Mex3a"", ""Cct7"", ""Eif4e"", ""Ssb"", ""Ckap5"", ""Actl6a"", ""Mad1l1"", ""Bcl2l11"", ""Tube1"", ""Lsm3"", ""Csrp1"", ""Capn3"", ""Ddx1"", ""Cbx5"", ""Cfdp1"", ""Serp1"", ""Pak1"", ""Tdrkh"", ""Lsm2"", ""Cct2"", 
""Smc1a"", ""Tuba1a"", ""Tdrd5"", ""Ccnb1"", ""Nde1"", ""Cep57"", ""Bcl10"", ""Tubb4b"", ""Dynll2"", ""Nusap1"", ""Cfap20"", ""Baiap2"", ""Nudc"", ""Cdk1"", ""Eif4g1"", ""Haus3"", ""Dynlt1f"", ""Kif11"", ""Reep3"", ""Reep4"", ""Cct3"", ""Snrpb2"", ""Ska2"", ""Abi2"", ""Spc24"", ""Smn1"", ""Carhsp1"", ""Spc25"", ""Khsrp"", ""Aurka"", ""Ptges3"", ""Cdc20"", ""Plk1"", ""Cenpe"", ""Cenpl"", ""Psma2"", ""Sec13"", ""Prc1"", ""Cep295"", ""Incenp"", ""Cct8"", ""Fmr1"", ""Gng12"", ""Fkbp4"", ""Pcnt"", ""Cenpq"", ""Zfp36l1"", ""Tubg1"", ""Actn4"", ""Ncapd3"", ""Birc5"", ""Smarcb1"", ""Kif22"", ""Eif2s1"", ""Larp4b"", 
""Tnnt1"", ""Mdm1"", ""Cst3"", ""Tpx2"", ""Aurkb"", ""Tial1"", ""Mad2l1"", ""Rock2"", ""Haus4"", ""Cenpf"", ""Tiam1"", ""Nrp1"", ""Odf2"", ""Bub1b"", ""Zwint"", ""Eif6"", ""Psmc2"", ""Seh1l"", ""Kif15"", ""Sdc4"", ""Kif20a"", ""Kif23"", ""Kpna2"", ""Aldoa"")"
"540","PHF2_TARGET_GENES","0.002486701587214","0.0215055016008013","0.431707695803346","-0.339321833757651","-1.34399596757455","452","c(""Hmgb1"", ""Ap3s1"", ""H3f3b"", ""Ywhae"", ""Sfpq"", ""Cbx1"", ""Ube2s"", ""Lmo4"", ""St13"", ""Psma6"", ""Ifngr1"", ""Atp5h"", ""Arl6ip1"", ""Tubb5"", ""Cox7c"", ""Hivep3"", ""Lmnb1"", ""Pcbp1"", ""Srsf7"", ""Srsf9"", ""Caprin1"", ""Smc4"", ""Nedd4"", ""Ddx39b"", ""Pin1"", ""Rapgef3"", ""Gtf2a2"", ""Eif4a3"", ""Ddx19a"", ""Hmgn2"", ""Ndufs6"", ""Hsp90ab1"", ""Ddx3x"", ""Mcm7"", ""Banf1"", ""Egln3"", ""Pitpnm2"", ""Jup"", ""Xbp1"", ""Wdr12"", ""Erh"", ""Tcp1"", ""Stat5b"", ""Rrm2"", ""Thrap3"", ""Morf4l2"", ""Mettl6"", ""Mtch1"", ""Gspt1"", ""Syncrip"", ""Msh6"", ""Slc38a1"", ""Rbm3"", ""Eif4e"", ""Itgb1"", 
""Snrpc"", ""Mad1l1"", ""Eif3j1"", ""Lsm3"", ""Mapk1"", ""Ywhaq"", ""Psmd13"", ""Bcl7a"", ""Cops5"", ""Emc8"", ""Nfyb"", ""Mrpl18"", ""Cbx5"", ""Wbp11"", ""Zfp704"", ""Kdm2b"", ""Phlda1"", ""Lsm2"", ""Smc1a"", ""Eif1ad"", ""Ndufc1"", ""Manf"", ""Klf13"", ""Parp1"", ""Hmgcr"", ""Uqcr10"", ""Rfc1"", ""Mrpl20"", ""Galk1"", ""Ccnb1"", ""Taf1d"", ""Ndufb9"", ""Park7"", ""Nudt21"", ""Psma1"", ""Cep57"", ""Eny2"", ""Dbf4"", ""Ppid"", ""Ranbp1"", ""Ssbp1"", ""Cdca4"", ""Tubb4b"", ""Terf1"", ""Phb2"", ""Baiap2"", ""Snhg9"", ""Cebpg"", ""Snrpb2"", ""Ift57"", ""Ccne2"", ""Qser1"", ""Etv5"", ""Arl6ip6"", ""Spred1"", 
""Azin1"", ""Uqcrfs1"", ""Ranbp2"", ""Prmt5"", ""Psma2"", ""Arl1"", ""Prdx1"", ""G2e3"", ""Brcc3"", ""Trappc1"", ""Idi1"", ""Set"", ""P4hb"", ""Cops4"", ""St6gal1"", ""Tk1"", ""Eif2s1"", ""Larp4b"", ""Mogs"", ""Bag1"", ""Tpx2"", ""Rbbp8"", ""Sass6"", ""Tial1"", ""Lrrcc1"", ""Chka"", ""Mad2l1"", ""Rock2"", ""Tex9"", ""Arl6ip4"", ""Dusp1"", ""Cep83"", ""Mrps12"", ""Denr"", ""Api5"", ""Atp2a2"", ""Cpsf2"", ""Tmem131"", ""Wdr18"", ""Eef2k"", ""Tnpo1"", ""Ppih"", ""Asrgl1"", ""Zfp771"", ""Pou2f1"", ""Mir17hg"", ""Mrpl15"", ""Insig1"", ""Pmpcb"", ""Dazap1"", ""Lsm4"", ""Ncapg"", ""Kpnb1"", ""Psmg3"", ""Slc25a3"", 
""Xrra1"", ""Rgs2"", ""Fbxo45"", ""Bola1"", ""Cdc27"", ""Cyc1"", ""Msh2"", ""Klf6"", ""Rtca"", ""Anapc13"", ""Wrn"", ""Topbp1"", ""Wdr76"", ""Zfp101"", ""Mrpl45"", ""Mis18bp1"", ""Rfwd3"", ""Tcf7l2"", ""Zc3h4"", ""Sms"", ""Pitrm1"", ""Nudt1"", ""Get4"", ""Rpf2"", ""Mrps18c"", ""Pola1"", ""Gtpbp4"", ""Snx5"", ""Pdzd11"", ""Rbm15"", ""Mrpl1"", ""Akap1"", ""Mrps22"", ""Faf1"", ""Lpgat1"", ""Nek2"", ""Nmd3"", ""Lman1"", ""Anapc1"", ""Ercc6l2"", ""Tns3"", ""Usp37"", ""Ercc6l"", ""Ncaph2"", ""Zeb2"", ""Mtf1"")"
"541","GOBP_NEGATIVE_REGULATION_OF_GENE_EXPRESSION","0.00300090078045747","0.0246954470209442","0.431707695803346","-0.338795002471939","-1.33370266018793","400","c(""H3f3a"", ""Hmgb1"", ""H3f3b"", ""Cd28"", ""Gapdh"", ""Srsf3"", ""Cd24a"", ""Hnrnpab"", ""Hnrnpa2b1"", ""Ncl"", ""Ybx1"", ""Cbx3"", ""Ezh2"", ""Gata3"", ""Hnrnpc"", ""Smo"", ""Lmnb1"", ""Serbp1"", ""Srsf7"", ""Srsf9"", ""Srsf6"", ""Smarca5"", ""Ctcf"", ""Srsf1"", ""Ptprc"", ""Trim28"", ""Caprin1"", ""Smarca4"", ""Dhx9"", ""Hnrnpd"", ""Hnrnpu"", ""Eif4a3"", ""Hnrnpr"", ""Srsf10"", ""Ddx3x"", ""Banf1"", ""Rad21"", ""Magoh"", ""Bcl6"", ""Hmgb2"", ""Thrap3"", ""Rbm8a"", ""Gspt1"", ""Larp7"", ""Hdac1"", ""Ptbp1"", ""Mbd3"", ""Kcnq1ot1"", ""Syncrip"", ""Suz12"", ""Rbm3"", ""Tcf4"", ""Id3"", ""Eif4e"", ""Ssb"", 
""U2af2"", ""Cuedc2"", ""Akt1"", ""Lgals9"", ""Slamf1"", ""Srrt"", ""H1f0"", ""Ilf3"", ""Trim27"", ""Akirin2"", ""Srgn"", ""Ctsz"", ""Lef1"", ""Rnps1"", ""Tdrkh"", ""Lsm2"", ""Tyms"", ""Cd3e"", ""Uhrf1"", ""Parp1"", ""Tdrd5"", ""Hdac2"", ""Ccnb1"", ""Mrpl13"", ""Park7"", ""Hras"", ""Fbxw7"", ""Ptger4"", ""Eri1"", ""Eif2a"", ""Hspa4"", ""Cdk1"", ""Eif4g1"", ""Exosc3"", ""Tnfaip3"", ""Vps35"", ""Lsm5"", ""Atp2b1"", ""Morc1"", ""Wnt8b"", ""Cited2"", ""Pdcd1lg2"", ""Carhsp1"", ""Khsrp"", ""Cnpy2"", ""Aurka"", ""Dnmt1"", ""Taf15"", ""Notch1"", ""Fmr1"", ""Zfp36l1"", ""Cdk2"", ""Suv39h1"", ""Otud6b"", ""Eif2s1"", 
""Pole3"", ""Larp4b"", ""Ncbp1"", ""Tial1"", ""Paip2b"", ""Rock2"", ""Hat1"", ""Dgcr8"", ""Srsf4"", ""Vegfb"", ""Etf1"", ""Eif6"")"
"542","MIR_466L_3P","0.00671082099219623","0.0448189744184019","0.407017918923954","-0.336812364406009","-1.317982615558","383","c(""Satb1"", ""Cd28"", ""Anp32e"", ""Dynll1"", ""Arpp21"", ""Tcf12"", ""Cbx3"", ""Metap2"", ""Nedd4"", ""Dek"", ""Hnrnpll"", ""Ccar1"", ""Pin1"", ""Sypl"", ""Gtf2a2"", ""Naa15"", ""Ddx3x"", ""Lcp2"", ""Ikzf2"", ""Nfkbia"", ""Agfg2"", ""Gfi1"", ""Hmgb2"", ""Tcp1"", ""Eif3a"", ""Arpp19"", ""Dmwd"", ""Syncrip"", ""Suz12"", ""Cycs"", ""Ewsr1"", ""Gtf2e2"", ""Aco2"", ""Dgke"", ""Runx1"", ""Idh2"", ""Chl1"", ""Bcl7a"", ""Cdk6"", ""Samsn1"", ""Akirin2"", ""Kdm2b"", ""Cdkn2aipnl"", ""Myef2"", ""Stip1"", ""Phlda1"", ""Mzt1"", ""Mtpn"", ""Uba2"", ""Slc35d1"", ""E2f2"", ""Nyap1"", ""Baz1b"", ""Cdca4"", ""Ctdspl2"", 
""Fbxw7"", ""Ppm1e"", ""Mak16"", ""Klf10"", ""Pitpnb"", ""E2f8"", ""Tnfaip3"", ""Rnf43"", ""Akap12"", ""Psmc3ip"", ""Arl6ip6"", ""Tomm20"", ""Nfat5"", ""Spred1"", ""Notch1"", ""Fmr1"", ""Gng12"", ""Lin9"", ""Zfp36l1"", ""Ncapd3"", ""Cdk2"", ""Birc5"", ""Otud6b"", ""Ndufv2"", ""Rbbp8"", ""Sass6"", ""Rock2"", ""Dusp1"", ""Cenpf"", ""Tiam1"", ""Xpo7"", ""Odf2"", ""Mrpl41"", ""Atp2a2"", ""Dusp2"", ""Txnrd1"", ""Taf3"", ""Hecw2"", ""Gtf2f2"", ""Slc16a10"", ""Psme3"", ""Jade1"", ""Kpna3"", ""Pmpcb"", ""Net1"", ""Got1"", ""Spry1"", ""Hivep1"", ""Magohb"", ""Arhgap19"", ""Hyou1"", ""Ccdc50"", ""Cops2"", ""Dlat"", 
""Notch3"", ""Slc4a7"", ""Rif1"", ""Lcorl"", ""Nr4a3"", ""Gpr174"", ""Angpt1"", ""Spdl1"", ""Smad3"", ""Nup88"", ""Sp4"", ""Zdhhc21"", ""Gch1"", ""Anln"", ""Mrpl1"", ""Lrp8"")"
"543","PPARGC1A_TARGET_GENES","0.00714650545934905","0.0467557893982553","0.407017918923954","-0.330633323960035","-1.30242490188976","402","c(""Hmgb1"", ""Gapdh"", ""Prdx2"", ""Chchd2"", ""Slc25a5"", ""Psma6"", ""Atp5b"", ""Atp5g3"", ""Vdac1"", ""Atp5k"", ""Ptprc"", ""Uqcrq"", ""Lig4"", ""Phf5a"", ""Caprin1"", ""Slc29a1"", ""Tcf3"", ""Swi5"", ""Banf1"", ""Plin2"", ""Ndufb7"", ""Magoh"", ""Lrrc59"", ""Atp5a1"", ""Raly"", ""Rrm2"", ""Thrap3"", ""Ndufc2"", ""Atp5j"", ""Lsm8"", ""Ndufb8"", ""Rbm17"", ""Slc38a1"", ""U2surp"", ""Tcf4"", ""Atp5o"", ""Cycs"", ""Ndufa5"", ""Knop1"", ""Ewsr1"", ""Dnajc15"", ""Gm15340"", ""Aco2"", ""Fth1"", ""Fbxo5"", ""Ywhaq"", ""Trib1"", ""Chchd3"", ""Psmd13"", ""Emc8"", ""Slc16a1"", ""A930003A15Rik"", ""Atp5c1"", 
""Bsg"", ""Mtx2"", ""Comt"", ""Pop4"", ""Uck2"", ""Eif1ad"", ""Manf"", ""Ndufa4"", ""Tuba1a"", ""Usp1"", ""Uqcr10"", ""Mpc1"", ""Mrpl20"", ""Ndufs8"", ""Tfrc"", ""Timm13"", ""Park7"", ""Psma1"", ""B930036N10Rik"", ""Zcchc8"", ""Slk"", ""Ctdspl2"", ""Atf1"", ""Dynll2"", ""Nucks1"", ""Cox5a"", ""Ndufab1"", ""Ift57"", ""Nudt5"", ""2900079G21Rik"", ""Psmc3ip"", ""Uqcrfs1"", ""Cenpe"", ""Rfc4"", ""Hspd1"", ""Prdx1"", ""Lin9"", ""Prodh"", ""a"", ""Cdc123"", ""Ect2"", ""Smarcb1"", ""Art1"", ""St6gal1"", ""Mospd3"", ""Ncbp1"", ""Rreb1"", ""Aurkb"", ""Chka"", ""Rpap3"", ""Mad2l1"", ""Dusp1"", ""Hsp90b1"", ""Cmpk1"", 
""Dgcr8"", ""Nrp1"", ""Ndufb10"", ""Srsf4"", ""Gars"", ""Vegfb"", ""Mrpl41"", ""Bub1b"", ""Adssl1"", ""Txnrd1"", ""Atad5"", ""Hmgxb4"", ""Ndufb2"", ""4930579G24Rik"", ""Ganc"", ""Msl3"", ""Taf3"", ""Pgls"", ""Cs"", ""Zfpm1"", ""Adss"", ""Osbpl1a"", ""Kpna3"", ""Fam98b"", ""Got2"", ""Ppm1l"", ""Kpnb1"", ""Slc25a3"", ""Got1"", ""Tomm70a"", ""Nup54"", ""Dlat"", ""Mrpl38"", ""Samm50"", ""Cenpa"", ""Polr3h"", ""Aars2"", ""Gmnn"", ""Smad3"", ""Drg2"", ""Taf5l"", ""Gtpbp4"", ""Slc6a19"", ""Igsf8"", ""Poc1a"", ""Etfa"", ""Nme1"", ""Mrpl1"", ""Akap1"", ""Myo1c"")"
"544","NUCKS1_TARGET_GENES","0.00713294472792713","0.0467557893982553","0.407017918923954","-0.329074641989548","-1.2994998159077","410","c(""Hmgb1"", ""Cux1"", ""Cbx1"", ""Ncl"", ""Kras"", ""Smo"", ""Anapc5"", ""Mrfap1"", ""Brd3"", ""Uqcrq"", ""Phf5a"", ""Caprin1"", ""Dut"", ""Dhx9"", ""Hnrnpd"", ""Rheb"", ""Sypl"", ""Lbr"", ""Fkbp5"", ""Srsf10"", ""Ube2m"", ""Hsp90ab1"", ""Supt16"", ""Nr3c1"", ""Ddx46"", ""Tcp1"", ""Atp5a1"", ""Scaf11"", ""Eif5a"", ""Thrap3"", ""Mbd3"", ""Syncrip"", ""Polr2k"", ""Msh6"", ""Atp5o"", ""Als2"", ""Eif4e"", ""Ndufa5"", ""Hdgf"", ""U2af2"", ""Aco2"", ""Ivns1abp"", ""Dtymk"", ""Mad1l1"", ""Ccna2"", ""Camk2d"", ""Sfr1"", ""Emc8"", ""Trim27"", ""Nfyb"", ""Mrpl18"", ""Pds5b"", ""Kdm2b"", ""Myef2"", ""Ndufc1"", ""Cdc16"", 
""Slc35d1"", ""Luc7l"", ""Lta4h"", ""Uhrf1"", ""Nim1k"", ""Egr1"", ""Parp1"", ""Stat5a"", ""Cfap36"", ""Cdk4"", ""Tfrc"", ""Ndufaf2"", ""Gfra1"", ""Nyap1"", ""Sumo3"", ""Baz1b"", ""Srp68"", ""Ppid"", ""Ssbp1"", ""Sec61b"", ""Ctdspl2"", ""Fbxw7"", ""Ptger4"", ""Atf1"", ""Exoc4"", ""Glul"", ""Cby1"", ""Sf3a1"", ""Eif4g1"", ""Haus3"", ""Kif11"", ""E2f8"", ""Exosc3"", ""Pgm2l1"", ""Cdca3"", ""Prpf8"", ""Psmc3ip"", ""Etv5"", ""Azin1"", ""Cacybp"", ""Dnmt1"", ""Ranbp2"", ""Arl1"", ""Nop58"", ""Gdi2"", ""Mrps6"", ""Tubg1"", ""Utp14b"", ""Rsl24d1"", ""Set"", ""Drg1"", ""Birc5"", ""Cep250"", ""Slc35b4"", ""Mogs"", 
""Rbbp8"", ""Rreb1"", ""Prkcd"", ""Ccdc18"", ""Atp6v1a"", ""Rock2"", ""Cep83"", ""Dgcr8"", ""Serf1"", ""Srsf4"", ""Tmcc3"", ""Atp2a2"", ""Cpsf2"", ""Isoc1"", ""Polr2b"", ""Acot7"", ""Kpna2"", ""Osbpl1a"", ""Paics"", ""Mrpl15"", ""Tuba1b"", ""Nsmce4a"", ""Fut8"", ""Tmed5"", ""Vkorc1l1"", ""Cbx2"", ""Mrpl57"", ""Mrpl12"", ""Fbxo45"", ""Magohb"", ""Stim2"", ""Samd1"", ""Gmds"", ""Dlat"", ""Dus1l"", ""Ap1s1"", ""Rif1"", ""Cbfb"", ""Larp4"", ""Zc3h4"", ""Dzip3"", ""Clpp"", ""Memo1"", ""Smad3"")"
"545","NLRC5_TARGET_GENES","0.00656568191697757","0.0441559306570191","0.407017918923954","0.327546959126182","1.27890560098844","403","c(""H2-K1"", ""Rps18"", ""Rps7"", ""Rps5"", ""9930111J21Rik2"", ""Rps3"", ""Rps23"", ""Rpl32"", ""Rps12"", ""Rps8"", ""H2-Q7"", ""Rps3a1"", ""Rps27a"", ""B2m"", ""Rplp2"", ""Rpl19"", ""Rpl18a"", ""Rpl18"", ""Rpl15"", ""Psmb9"", ""Rps25"", ""Rpl4"", ""Rps26"", ""Zbp1"", ""Rpl36"", ""Rpl41"", ""Rpl26"", ""Cd48"", ""Rps14"", ""Ifit1bl1"", ""H2-Q4"", ""Rexo2"", ""Rpl11"", ""H2-T22"", ""Rpl23a"", ""Ifit3b"", ""Rpl6"", ""Traf5"")"
"546","GRAESSMANN_APOPTOSIS_BY_DOXORUBICIN_UP","0.00625017199982889","0.0425291444558439","0.407017918923954","0.338928143137795","1.31777195796049","386","c(""Cotl1"", ""Emp3"", ""Rtp4"", ""Irf7"", ""Ifi203"", ""Ifi47"", ""Stat1"", ""Psmb9"", ""Isg15"", ""Igfbp4"", ""Zbp1"", ""Capg"", ""Il6ra"", ""Ifit1"", ""Ass1"", ""Irgm1"", ""Bst2"", ""Chchd10"", ""Trim30a"", ""Ifit3"", ""Dhx58"", ""Oas3"", ""Apol9b"", ""Lgals3bp"", ""Ifi35"", ""Ddx60"", ""Tgtp1"", ""Oasl2"", ""Sp100"", ""Oasl1"", ""Iigp1"", ""Usp18"", ""Oas1a"", ""Ifih1"", ""Isg20"", ""Gbp2"", ""Ldlrap1"", ""Igtp"", ""Dpcd"", ""Oas2"", ""Mx1"", ""Ly6a"", ""Ier5"", ""Tnfrsf18"", ""Ehd1"", ""Trim30d"", ""Ahnak"", ""Ppm1m"", ""Sp110"", ""Hexb"", ""Cmpk2"", ""Ecm1"", ""Trim34a"", ""Tuba4a"", ""Ttc39b"", ""Ifi30"", 
""Gna15"", ""Gbp7"", ""Arhgap39"", ""Pml"", ""Ppa1"", ""Ifi44"", ""Dgka"", ""Lactb"", ""Endog"", ""Pitpnc1"", ""Endod1"", ""Rsad2"", ""Wdr46"", ""Tor3a"")"
"547","GOCC_GOLGI_APPARATUS","0.00623709632618908","0.0424902187221631","0.407017918923954","0.349611850925043","1.34242870410255","339","c(""Ms4a4b"", ""H2-K1"", ""H2-D1"", ""Ms4a6b"", ""Lfng"", ""Rps12"", ""H2-Q7"", ""B2m"", ""Irgm1"", ""Bst2"", ""Gm8369"", ""B4galnt1"", ""Adam19"", ""Glipr2"", ""H2-Q4"", ""Cst7"", ""Pmepa1"", ""H2-T22"", ""Iigp1"", ""St8sia6"", ""Tpst2"", ""Ms4a4c"", ""Syt11"", ""Golm1"", ""Gbp2"", ""Igtp"", ""Pde3b"", ""B4galt5"", ""Mfng"", ""Sgms1"", ""H2-Q6"", ""Sorl1"", ""Gbp5"", ""Atp8b4"", ""Ms4a6c"", ""Hs3st3b1"", ""Tdgf1"", ""Ms4a6d"", ""Faah"", ""Ctla4"", ""Pacsin1"", ""Psen2"", ""Pde2a"", ""Rsad2"", ""Gbp3"", ""Fut7"", ""Wscd2"", ""Lax1"", ""St6galnac3"", ""Gnpnat1"", ""Spef2"", ""Abcb1b"", ""Litaf"", ""Ece2"", 
""Serpinb9"", ""Rnf125"", ""Gsap"")"
"548","GOMF_RNA_BINDING","0.00200290839736755","0.0179670835583732","0.431707695803346","0.342441259420148","1.34857086876369","456","c(""Rps18"", ""Rps19"", ""Rpl3"", ""Rps20"", ""Rps7"", ""Rpl13"", ""Vim"", ""Rps5"", ""Rpl23"", ""Rplp0"", ""Rps3"", ""Rpl10a"", ""Eef1a1"", ""Rps4x"", ""Rpl14"", ""Rpl17"", ""Rps2"", ""Rps6"", ""Rps16"", ""Rpl22l1"", ""Rpl35"", ""Rps3a1"", ""Rpl5"", ""Rpl19"", ""Rpl9"", ""Rpl18"", ""Rpl15"", ""Rpl8"", ""Rpl4"", ""Rps26"", ""Zbp1"", ""Rps10"", ""Ifit1"", ""Rpl26"", ""Rpl22"", ""Rps14"", ""Slfn8"", ""Dhx58"", ""Oas3"", ""Rpl37"", ""Ifit1bl1"", ""Samhd1"", ""Ddx60"", ""Rpl11"", ""Rpl23a"", ""Oasl2"", ""Oasl1"", ""Oas1a"", ""Ifih1"", ""Rpl6"", ""Isg20"", ""Sidt1"")"
"549","GOBP_REGULATION_OF_CELL_ADHESION","0.00490969342805926","0.0354465029048128","0.407017918923954","0.356425544439576","1.36650066313849","330","c(""H2-K1"", ""H2-D1"", ""Slfn1"", ""Rps3"", ""Smad7"", ""Ccr7"", ""Gimap3"", ""S1pr1"", ""H2-Q7"", ""B2m"", ""Tesc"", ""Il6ra"", ""Ass1"", ""Irgm1"", ""Runx3"", ""Dtx1"", ""Irf1"", ""Adam19"", ""H2-Q4"", ""Cd9"", ""H2-T22"", ""Il7r"", ""Dapl1"", ""Crtam"", ""Vsir"", ""Pde3b"", ""Acvrl1"", ""Cxcr3"", ""Icos"", ""Tnfrsf18"", ""H2-Q6"", ""Zbtb16"", ""Itgb3"", ""Zbtb7b"", ""Gstp1"", ""Lgals1"", ""Fbln1"", ""Cdh13"", ""Gimap5"", ""Cd55"", ""Il4"", ""Pml"", ""Cd86"", ""Tdgf1"", ""Ubash3b"", ""Bcl2"", ""Foxp3"", ""Tbx21"", ""Ctla4"", ""Spn"", ""Cd160"", ""Plaur"", ""H2-DMa"")"
"550","GOBP_REGULATION_OF_CELL_CELL_ADHESION","0.00558223413427747","0.0389475441953152","0.407017918923954","0.370343604939392","1.37977868020652","231","c(""H2-K1"", ""H2-D1"", ""Slfn1"", ""Rps3"", ""Smad7"", ""Ccr7"", ""Gimap3"", ""H2-Q7"", ""B2m"", ""Il6ra"", ""Ass1"", ""Irgm1"", ""Runx3"", ""Dtx1"", ""Irf1"", ""Adam19"", ""H2-Q4"", ""Cd9"", ""H2-T22"", ""Il7r"", ""Dapl1"", ""Crtam"", ""Vsir"", ""Icos"", ""H2-Q6"", ""Zbtb16"", ""Zbtb7b"", ""Gstp1"", ""Lgals1"", ""Gimap5"", ""Cd55"", ""Il4"", ""Cd86"", ""Ubash3b"", ""Foxp3"", ""Tbx21"", ""Ctla4"", ""Spn"", ""Cd160"", ""Plaur"", ""H2-DMa"")"
"551","ZHANG_UTERUS_C0_SECRETORY_STROMAL3_NPPC_HIGH_CELL","0.00423608687355329","0.0318987026801193","0.407017918923954","0.400311756455938","1.41215457140993","161","c(""Vim"", ""Rplp0"", ""Rpl10a"", ""Eef1a1"", ""Rps6"", ""Rpl35"", ""Rpl15"", ""Rpl4"", ""Anxa6"", ""Arl4c"", ""Bst2"", ""Gm10076"", ""Eef1g"", ""Sgk1"", ""Nme2"", ""Rcn1"", ""Ehd1"", ""Ahnak"", ""Gstp1"", ""Lgals1"", ""Ier2"", ""Ppic"", ""Gm2000"", ""Vkorc1"", ""Myc"", ""Qpct"", ""Wdr89"", ""Rps26-ps1"")"
"552","GOBP_LEUKOCYTE_CELL_CELL_ADHESION","0.00574280437041495","0.0398273479566472","0.407017918923954","0.385060896617015","1.41289795686349","210","c(""H2-K1"", ""H2-D1"", ""Itgb7"", ""Slfn1"", ""Rps3"", ""Smad7"", ""Ccr7"", ""Gimap3"", ""H2-Q7"", ""B2m"", ""Ass1"", ""Irgm1"", ""Runx3"", ""Dtx1"", ""Irf1"", ""H2-Q4"", ""H2-T22"", ""Il7r"", ""Dapl1"", ""Stk10"", ""Crtam"", ""Vsir"", ""Nt5e"", ""Icos"", ""H2-Q6"", ""Zbtb16"", ""Zbtb7b"", ""Gstp1"", ""Lgals1"", ""Gimap5"", ""Cd55"", ""Il4"", ""Cd86"", ""Foxp3"", ""Tbx21"", ""Ctla4"", ""Spn"", ""Cd160"", ""H2-DMa"")"
"553","TABULA_MURIS_SENIS_GONADAL_ADIPOSE_TISSUE_ENDOTHELIAL_CELL_AGEING","0.000861824773913517","0.00944736569050928","0.477270815362862","0.363257290777006","1.41454510217074","390","c(""H2-K1"", ""H2-D1"", ""Rpl3"", ""Rps20"", ""Rps7"", ""Rpl13"", ""Tmsb4x"", ""Fxyd5"", ""Rps5"", ""Rpsa"", ""Rpl27a"", ""Rplp0"", ""Rps3"", ""Rps4x"", ""Rpl14"", ""Rpl17"", ""Rps3a1"", ""Psme2"", ""B2m"", ""Ctss"", ""Irf7"", ""Ifi203"", ""Rpl9"", ""AW112010"", ""Rpl8"", ""Psmb9"", ""Xaf1"", ""Capg"", ""Rps10"", ""Tagln2"", ""Bst2"", ""Ostf1"", ""Vasp"", ""Irf1"", ""H2-Q4"", ""Samhd1"", ""Rexo2"", ""Lgals3bp"", ""Ifi35"", ""Smpdl3a"", ""Tgtp2"", ""Tgtp1"", ""Stk10"", ""Rpl6"", ""Prr13"", ""Nme2"", ""Dph5"", ""Bcl3"", ""Igtp"", ""Hspe1"", ""Ly6a"", ""Skil"", ""Eif2ak2"", ""Filip1l"", ""Npm1"", ""Gstp1"", ""Hexb"", 
""Ier2"", ""Ecm1"")"
"554","GOBP_CELL_ADHESION","0.000247631806683957","0.00354409969033002","0.49849310876659","0.358952926796615","1.41693629142832","479","c(""H2-K1"", ""H2-D1"", ""Itgb7"", ""Slfn1"", ""Rpsa"", ""Rps3"", ""Smad7"", ""Ccr7"", ""Gimap3"", ""S1pr1"", ""H2-Q7"", ""B2m"", ""Tesc"", ""Itgae"", ""Rpl29"", ""Il6ra"", ""Ass1"", ""Irgm1"", ""Runx3"", ""Dtx1"", ""Irf1"", ""Adam19"", ""H2-Q4"", ""Cd9"", ""Lgals3bp"", ""Tspan9"", ""H2-T22"", ""Il7r"", ""Actn2"", ""Amigo2"", ""Dapl1"", ""Stk10"", ""Izumo1r"", ""Crtam"", ""Vsir"", ""Pde3b"", ""Nt5e"", ""Acvrl1"", ""Cxcr3"", ""Icos"", ""Tnfrsf18"", ""H2-Q6"", ""Zbtb16"", ""Itgb3"", ""Zbtb7b"", ""Gstp1"", ""Lgals1"", ""Fbln1"", ""Cdh13"", ""Cd226"", ""Gimap5"", ""Cd55"", ""Il4"", ""Pml"", ""Cd86"", ""Tdgf1"", 
""Ubash3b"", ""Bcl2"", ""Foxp3"", ""Tbx21"", ""Ctla4"", ""Spn"", ""Cd160"", ""Plaur"", ""Klra1"", ""H2-DMa"")"
"555","GOBP_POSITIVE_REGULATION_OF_IMMUNE_SYSTEM_PROCESS","0.000367337467967148","0.00483396025614172","0.49849310876659","0.360346227687138","1.41886674663207","455","c(""H2-K1"", ""H2-D1"", ""Rps19"", ""Rps3"", ""Ccr7"", ""Gimap3"", ""H2-Q7"", ""B2m"", ""Tesc"", ""Irf7"", ""Ifi203"", ""Zbp1"", ""Mndal"", ""Irgm1"", ""Runx3"", ""Pik3cd"", ""Klrd1"", ""Trim30a"", ""Gpr68"", ""Dhx58"", ""Irf1"", ""Oas3"", ""Clcf1"", ""H2-Q4"", ""Parp9"", ""Ifi35"", ""Ddx60"", ""Nlrc5"", ""H2-T22"", ""Oasl1"", ""Il7r"", ""Il27ra"", ""Oas1a"", ""F2rl1"", ""Ifih1"", ""Gbp2"", ""Crtam"", ""Igtp"", ""Vsir"", ""Aqp3"", ""Icos"", ""Tnfrsf18"", ""H2-Q6"", ""Trim30d"", ""Eif2ak2"", ""Mapkapk3"", ""Zbtb16"", ""Itgb3"", ""Zbtb7b"", ""Lgals1"", ""Tnfrsf4"", ""Prkch"", ""Cd226"", ""Gimap5"", ""Tmem126a"", 
""Cd55"", ""Gbp7"", ""Gbp5"", ""Il4"", ""Trim30c"", ""Cd86"", ""Bcl2"", ""Foxp3"", ""Tbx21"", ""Ctla4"", ""Spn"", ""Cd160"", ""Trim25"", ""Klrk1"", ""Ctsc"", ""H2-DMa"", ""Phb"", ""Klrb1c"", ""Klrc2"", ""Psen2"", ""Mif"", ""Rsad2"", ""Gbp3"", ""Fut7"", ""Jund"", ""Sell"", ""Lax1"", ""Adk"", ""Tnf"", ""Lta"", ""Tmem64"", ""Ccr6"", ""Hspa8"", ""Arid5a"", ""Il13"", ""Klrc1"", ""Nfatc2"", ""Rnf125"")"
"556","TABULA_MURIS_SENIS_MARROW_NAIVE_B_CELL_AGEING","0.00756235953164842","0.0487998751720843","0.407017918923954","0.393743951222677","1.4219497982054","185","c(""H2-K1"", ""H2-D1"", ""Ms4a6b"", ""Rpl3"", ""Rps7"", ""Rpl13"", ""Vim"", ""Nkg7"", ""Rplp0"", ""Rps3"", ""Cotl1"", ""Emp3"", ""Rps3a1"", ""Psme2"", ""B2m"", ""AW112010"", ""Psmb9"", ""Capg"", ""Vasp"", ""Glipr2"", ""Cd9"", ""Lgals3bp"", ""Cd72"", ""Rpl6"", ""Prr13"", ""Pepd"", ""Nme2"", ""Hint1"", ""Eef1d"", ""Atp5g2"", ""Npm1"", ""Lgals1"", ""Sp110"")"
"557","GOCC_PLASMA_MEMBRANE_PROTEIN_COMPLEX","0.00723534183577798","0.0471767153332837","0.407017918923954","0.404209714159725","1.42503702168604","163","c(""H2-K1"", ""H2-D1"", ""Itgb7"", ""H2-Q7"", ""B2m"", ""Atp1b3"", ""Itgae"", ""Il6ra"", ""Ncf4"", ""H2-Q4"", ""H2-T22"", ""Traf5"", ""Gng2"", ""Acvrl1"", ""H2-Q6"", ""Ahnak"", ""Itgb3"", ""Traf1"", ""Cdh13"", ""Gna15"")"
"558","GOCC_EXTRACELLULAR_SPACE","0.00047594504584086","0.00594731583994505","0.49849310876659","0.362855674722084","1.42661885777214","440","c(""H2-K1"", ""H2-D1"", ""Ctsw"", ""H2-Q7"", ""B2m"", ""Ctss"", ""Ltb"", ""Rpl39"", ""Igfbp4"", ""Klk8"", ""Il6ra"", ""Ggt1"", ""Lcn4"", ""Glipr2"", ""Clcf1"", ""H2-Q4"", ""Apol9b"", ""Cst7"", ""Cd9"", ""Lgals3bp"", ""Ifi35"", ""Smpdl3a"", ""H2-T22"", ""Tnfsf8"", ""H2-Q6"", ""Apol9a"", ""Sorl1"", ""Nenf"", ""Ahnak"", ""Lgals1"", ""Fbln1"", ""Hexb"", ""Cdh13"", ""Ecm1"", ""Il4"", ""Cd86"", ""Tdgf1"", ""Spn"", ""Ctsc"", ""Pglyrp1"", ""Mif"", ""Hspbp1"", ""Timp2"", ""Sell"", ""Nampt"", ""Tnfsf10"", ""Gzmb"", ""Tnf"", ""Pdgfb"", ""Lta"", ""Hspa8"", ""Tgfbr3"", ""Il13"", ""Serpinb9"", ""Nrn1"", ""Igf2r"", ""Ifng"", 
""Fcgrt"", ""S100a4"", ""Apobr"", ""Selp"", ""Eng"", ""Stc2"", ""Lrrc32"", ""Fgl2"", ""Serpina3g"", ""Fasl"")"
"559","GOBP_NEGATIVE_REGULATION_OF_MULTICELLULAR_ORGANISMAL_PROCESS","0.000460925494699581","0.0058292996375233","0.49849310876659","0.363991229759981","1.43076244686938","431","c(""Klf2"", ""Rps19"", ""Slfn1"", ""Smad7"", ""Ccnd2"", ""Ccr7"", ""Gimap3"", ""B2m"", ""Stat1"", ""Xaf1"", ""Irgm1"", ""Bst2"", ""Gpr18"", ""Runx3"", ""Trim30a"", ""Gpr68"", ""Dhx58"", ""Dtx1"", ""Sema4a"", ""Irf1"", ""Oas3"", ""Inpp4b"", ""Cst7"", ""Cd9"", ""Rarg"", ""Sp100"", ""Foxo1"", ""Dapl1"", ""Il27ra"", ""Oas1a"", ""F2rl1"", ""Nme2"", ""Syt11"", ""Plac8"", ""Bcl3"", ""Crtam"", ""Igtp"", ""Vsir"", ""Pde3b"", ""Acvrl1"", ""Cxcr3"", ""Sorl1"", ""Zbtb7b"", ""Gstp1"", ""Fbln1"", ""Tnfrsf4"", ""Gimap5"", ""Ecm1"", ""Gbp7"", ""Il4"", ""Pml"", ""Cd86"", ""Myc"", ""Ubash3b"", ""Bcl2"", ""Foxp3"", ""Tbx21"", 
""Ctla4"", ""Spn"", ""Cd160"", ""Plaur"", ""Ctsc"", ""Pglyrp1"")"
"560","FEV_TARGET_GENES","0.00367377193456735","0.0288500403387479","0.431707695803346","0.387937072310957","1.43735171343668","226","c(""Rps19"", ""Rps7"", ""Rpl13"", ""Rpl27a"", ""Rps23"", ""Rpl10a"", ""Rpl32"", ""Rpl21"", ""Rps12"", ""Rpl17"", ""Rps2"", ""Rps6"", ""Rps3a1"", ""Rps27a"", ""Eef1b2"", ""Rpl9"", ""Rpl18"", ""Rpl4"", ""Rps28"", ""Rpl26"", ""Klhdc2"", ""Rpl11"")"
"561","LEE_BMP2_TARGETS_UP","0.00237194606842075","0.0206677713985923","0.431707695803346","0.381283256851451","1.43737426169025","266","c(""H2-K1"", ""H2-D1"", ""Anxa6"", ""Arl4c"", ""Hvcn1"", ""Rpl22"", ""Chchd10"", ""Sema4a"", ""Inpp4b"", ""Smpdl3a"", ""Oasl2"", ""Foxo1"", ""Usp18"", ""Ifih1"", ""Traf5"", ""Gbp2"", ""Igtp"", ""Vsir"", ""Gng2"", ""Sesn3"", ""Rgs3"", ""H2-Q6"", ""Cd82"", ""Mapkapk3"", ""Zbtb16"", ""Nenf"", ""Itgb3"", ""Cdh13"", ""Ar"", ""Gbp7"", ""Bcl2"", ""Dgka"", ""Qpct"", ""Gbp3"", ""Timp2"", ""Adh1"", ""Dtx3l"", ""Crip1"", ""6330403K07Rik"", ""Bmyc"", ""Zfp467"", ""Igf2r"", ""Fcgrt"", ""Irgm2"", ""Klra7"", ""Gpr146"", ""Kcnj8"", ""Fgl2"", ""Vwa5a"", ""Ttc28"", ""Cdh1"", ""Spock2"", ""Unc93b1"", ""Apobec3"", ""Gpm6b"", 
""Mmp11"", ""Cryl1"")"
"562","TABULA_MURIS_SENIS_BROWN_ADIPOSE_TISSUE_B_CELL_AGEING","0.00724782889058882","0.0472048562580965","0.407017918923954","0.428276386970804","1.45388370960869","130","c(""H2-K1"", ""Klf2"", ""Vim"", ""Rps3"", ""Cotl1"", ""B2m"", ""Psmb9"", ""Capg"", ""Rasgrp2"", ""Tagln2"", ""Irgm1"", ""Bst2"", ""Dtx1"", ""Cd9"", ""Lgals3bp"", ""Sgk1"", ""Prr13"", ""Syt11"", ""Vsir"", ""Pou2f2"", ""Ly6a"", ""Hexb"", ""Pkm"", ""Ifi30"")"
"563","GOBP_CELL_CELL_ADHESION","0.000782655104951924","0.00879649521655109","0.477270815362862","0.381477650502107","1.45819550276996","317","c(""H2-K1"", ""H2-D1"", ""Itgb7"", ""Slfn1"", ""Rpsa"", ""Rps3"", ""Smad7"", ""Ccr7"", ""Gimap3"", ""H2-Q7"", ""B2m"", ""Itgae"", ""Il6ra"", ""Ass1"", ""Irgm1"", ""Runx3"", ""Dtx1"", ""Irf1"", ""Adam19"", ""H2-Q4"", ""Cd9"", ""Tspan9"", ""H2-T22"", ""Il7r"", ""Amigo2"", ""Dapl1"", ""Stk10"", ""Crtam"", ""Vsir"", ""Nt5e"", ""Icos"", ""H2-Q6"", ""Zbtb16"", ""Itgb3"", ""Zbtb7b"", ""Gstp1"", ""Lgals1"", ""Cdh13"", ""Gimap5"", ""Cd55"", ""Il4"", ""Cd86"", ""Ubash3b"", ""Bcl2"", ""Foxp3"", ""Tbx21"", ""Ctla4"", ""Spn"", ""Cd160"", ""Plaur"", ""H2-DMa"")"
"564","GOBP_RIBONUCLEOPROTEIN_COMPLEX_BIOGENESIS","0.00180119935519743","0.0164644441059739","0.45505986738723","0.392362513719959","1.46033518233966","232","c(""Rps19"", ""Rps7"", ""Rps5"", ""Rpsa"", ""Rplp0"", ""Rps23"", ""Rpl10a"", ""Rps12"", ""Rpl14"", ""Rps6"", ""Rps16"", ""Rps8"", ""Rpl35"", ""Rps3a1"", ""Rpl5"", ""Rps25"", ""Rpl10"", ""Rps28"", ""Rpl26"", ""Rps14"", ""Rpl11"", ""Rpl23a"", ""Chd7"", ""Rpl6"", ""Isg20"")"
"565","GOBP_ADAPTIVE_IMMUNE_RESPONSE","0.00207107344819236","0.0184924131533343","0.431707695803346","0.392736333496425","1.4749726366109","246","c(""H2-K1"", ""H2-D1"", ""Slfn1"", ""Smad7"", ""Ccr7"", ""Gimap3"", ""H2-Q7"", ""Cd7"", ""B2m"", ""Irf7"", ""Il6ra"", ""Pik3cd"", ""Klrd1"", ""Il2rb"", ""Sema4a"", ""Irf1"", ""Clcf1"", ""H2-Q4"", ""H2-T22"", ""Il7r"", ""Il27ra"", ""Eomes"", ""Prr7"", ""Bcl3"", ""Crtam"", ""Vsir"", ""Pou2f2"", ""H2-Q6"", ""Zbtb7b"", ""Cd226"", ""Gimap5"", ""Cd55"", ""Il4"", ""Cd86"", ""Foxp3"", ""Tbx21"", ""Ctla4"", ""Spn"", ""Cd160"", ""Klrk1"", ""Ctsc"", ""H2-DMa"", ""Phb"", ""Bach2"", ""Mif"", ""Rsad2"", ""Fut7"", ""Slamf7"", ""Lax1"", ""Ung"", ""Gzmb"", ""Tnf"", ""Lta"", ""Ccr6"", ""Arid5a"", ""Serpinb9"", ""Tnfrsf1b"", ""Rnf125"", 
""Il18r1"", ""Ighd"", ""Ifng"")"
"566","GOBP_REGULATION_OF_T_CELL_PROLIFERATION","0.00594038632430855","0.0409029937968182","0.407017918923954","0.449445582563283","1.49122819339273","107","c(""H2-K1"", ""H2-D1"", ""Slfn1"", ""Rps3"", ""Ccr7"", ""H2-Q7"", ""Irgm1"", ""Irf1"", ""H2-Q4"", ""H2-T22"", ""Crtam"", ""Vsir"", ""H2-Q6"", ""Zbtb7b"", ""Cd55"", ""Il4"", ""Cd86"", ""Foxp3"", ""Ctla4"", ""Spn"")"
"567","REACTOME_GPCR_LIGAND_BINDING","0.00735078982125752","0.0477677309307139","0.407017918923954","0.454228497255362","1.49969193535473","100","c(""Ccr7"", ""S1pr1"", ""S1pr4"", ""Gpr18"", ""Cxcr6"", ""Gpr68"", ""F2rl1"", ""Vipr1"", ""Gng2"", ""Cxcr3"", ""Qrfp"", ""Cd55"", ""Ccrl2"", ""Ccr6"", ""Ece2"", ""Rln3"", ""Ccr10"", ""Xcl1"", ""Cxcl10"", ""Penk"", ""Cxcr5"")"
"568","GOCC_SIDE_OF_MEMBRANE","0.000422850009746168","0.00539250442892629","0.49849310876659","0.392951487630207","1.5074844038883","333","c(""H2-K1"", ""H2-D1"", ""Cd52"", ""Ccr7"", ""S1pr1"", ""H2-Q7"", ""B2m"", ""Itgae"", ""Il6ra"", ""Bst2"", ""Cd48"", ""Cxcr6"", ""Klrd1"", ""Rasa3"", ""Il2rb"", ""Adam19"", ""H2-Q4"", ""Esyt1"", ""Cd9"", ""H2-T22"", ""Il7r"", ""Il27ra"", ""Traf5"", ""Izumo1r"", ""Ldlrap1"", ""Vsir"", ""Nt5e"", ""Gng2"", ""Gm2a"", ""Cxcr3"", ""Icos"", ""Ly6a"", ""Tnfrsf18"", ""H2-Q6"", ""Itgb3"", ""Traf1"", ""Tnfrsf4"", ""Cdh13"", ""Cd226"", ""Cd55"", ""Gna15"", ""Il4"", ""Ly6c1"", ""Cd86"", ""Rgs1"", ""Tdgf1"", ""Ly6c2"", ""Ctla4"", ""Spn"", ""Cd160"", ""Plaur"", ""Klrk1"", ""Klra1"", ""Klrb1c"", ""Klrc2"", ""Ccrl2"", ""Slamf7"", 
""Sell"", ""Ly75"", ""Tnf"", ""Ccr6"", ""Abcb1b"", ""S100a6"", ""Tgfbr3"", ""Litaf"", ""Cdh5"", ""Il13"", ""Klrc1"")"
"569","TABULA_MURIS_SENIS_SUBCUTANEOUS_ADIPOSE_TISSUE_MYELOID_CELL_AGEING","0.00634773503749705","0.0429904634368352","0.407017918923954","0.454711311944652","1.51002611556789","104","c(""Rpl13"", ""Rpsa"", ""Rplp0"", ""Cotl1"", ""Rpl8"", ""Rpl4"", ""Vasp"", ""B4galnt1"", ""Irf1"", ""Cd9"", ""Stk10"", ""Sgk1"", ""Prr13"", ""Bcl3"", ""Ehd1"", ""Filip1l"", ""Traf1"", ""Ier2"", ""Pkm"", ""Spn"", ""Plaur"", ""Pglyrp1"", ""Ccrl2"", ""Jund"")"
"570","HDGFL2_TARGET_GENES","0.000892044265726461","0.00972328249641842","0.477270815362862","0.409151946886374","1.51014473869079","224","c(""Rps18"", ""Rps19"", ""Rpl3"", ""Rps20"", ""Rps7"", ""Rpl23"", ""Rps23"", ""Rpl10a"", ""Rpl21"", ""Rps12"", ""Eef1a1"", ""Rps2"", ""Rps8"", ""Rps27a"", ""Rpl36a"", ""Rplp2"", ""Rpl5"", ""Eef1b2"", ""Rpl9"", ""Rpl18"", ""Rpl15"", ""Rps10"", ""Rpl26"", ""Eef1g"", ""Rps14"", ""B4galnt1"", ""Slc17a9"", ""Ifi35"")"
"571","GOCC_EXTERNAL_SIDE_OF_PLASMA_MEMBRANE","0.000998600673085742","0.01060462516253","0.45505986738723","0.402855106723102","1.51048359085696","241","c(""H2-K1"", ""H2-D1"", ""Ccr7"", ""S1pr1"", ""H2-Q7"", ""B2m"", ""Itgae"", ""Il6ra"", ""Cd48"", ""Cxcr6"", ""Klrd1"", ""Il2rb"", ""Adam19"", ""H2-Q4"", ""Cd9"", ""H2-T22"", ""Il7r"", ""Il27ra"", ""Izumo1r"", ""Vsir"", ""Nt5e"", ""Cxcr3"", ""Icos"", ""Ly6a"", ""Tnfrsf18"", ""H2-Q6"", ""Itgb3"", ""Tnfrsf4"", ""Cdh13"", ""Cd226"", ""Cd55"", ""Il4"", ""Ly6c1"", ""Cd86"", ""Ctla4"", ""Spn"", ""Plaur"", ""Klrk1"", ""Klra1"", ""Klrb1c"", ""Klrc2"", ""Ccrl2"", ""Slamf7"", ""Sell"", ""Ly75"", ""Tnf"", ""Ccr6"", ""Abcb1b"", ""Tgfbr3"", ""Cdh5"", ""Il13"", ""Klrc1"", ""Ighd"", ""Ifng"", ""Fcgrt"", ""Klra7"", ""Selp"", 
""Eng"")"
"572","GOBP_POSITIVE_REGULATION_OF_CYTOKINE_PRODUCTION","0.000930427036188292","0.0100094543539288","0.477270815362862","0.408154443711961","1.51776201170189","230","c(""H2-K1"", ""H2-D1"", ""Rps3"", ""Ccr7"", ""Gimap3"", ""H2-Q7"", ""B2m"", ""Irf7"", ""Stat1"", ""Ltb"", ""Isg15"", ""Il6ra"", ""Dhx58"", ""Irf1"", ""Oas3"", ""H2-Q4"", ""H2-T22"", ""Il27ra"", ""Oas1a"", ""F2rl1"", ""Ifih1"", ""Bcl3"", ""Crtam"", ""Pou2f2"", ""Oas2"", ""H2-Q6"", ""Eif2ak2"", ""Sorl1"", ""Zbtb7b"", ""Cd226"", ""Gimap5"", ""Cd55"", ""Gbp5"", ""Il4"", ""Foxp3"", ""Tbx21"", ""Spn"", ""Cd160"", ""Klrk1"", ""Phb"", ""Mif"", ""Rsad2"")"
"573","TABULA_MURIS_SENIS_LARGE_INTESTINE_LARGE_INTESTINE_GOBLET_CELL_AGEING","0.000202583180030801","0.00303192495087549","0.518848077743792","0.398284167620374","1.52775095240616","346","c(""H2-K1"", ""H2-D1"", ""Rps18"", ""Rpl3"", ""Rps20"", ""Rps7"", ""Rplp1"", ""Rpl13"", ""Tmsb4x"", ""Rps5"", ""Rpsa"", ""Rpl27a"", ""Rplp0"", ""Rps3"", ""Rpl10a"", ""Cotl1"", ""Ccnd2"", ""Rps4x"", ""Rpl14"", ""Rpl17"", ""Rps2"", ""Rps6"", ""Rpl35"", ""Rps3a1"", ""Rps27a"", ""B2m"", ""Rplp2"", ""Rpl19"", ""Rpl18a"", ""Rpl9"", ""Rpl18"", ""Rpl8"", ""Rpl10"", ""Rpl4"", ""Rps10"", ""Tagln2"", ""Chchd10"", ""Eef1g"", ""Rps14"", ""Cd9"", ""Rpl11"", ""Iigp1"", ""Cisd3"", ""Rpl6"", ""Prr13"", ""Isg20"", ""Nme2"", ""Hint1"", ""Eef1d"", ""Rpl28"", ""Cd82"", ""Atp5g2"", ""Gstp1"", ""Ier2"", ""Pkm"", ""Pcbd2"", ""Tuba4a"", 
""Ifi30"", ""Nabp2"", ""Fbl"", ""Vkorc1"", ""Ppa1"")"
"574","GOCC_VACUOLE","0.000690684268268608","0.00796423756045459","0.477270815362862","0.433178122469865","1.52809518085667","161","c(""H2-K1"", ""H2-D1"", ""Ctsw"", ""Nkg7"", ""H2-Q7"", ""B2m"", ""Ctss"", ""Anxa6"", ""Irgm1"", ""Slc17a9"", ""Cst7"", ""H2-T22"", ""Sidt1"", ""Syt11"", ""Igtp"", ""Gm2a"", ""Arsb"", ""H2-Q6"", ""Hexb"", ""Gimap5"", ""Ifi30"", ""Ctsc"", ""H2-DMa"", ""Psen2"", ""Gzmc"", ""Dtx3l"", ""Gzmb"", ""Hspa8"", ""Litaf"")"
"575","TABULA_MURIS_SENIS_MESENTERIC_ADIPOSE_TISSUE_MESENCHYMAL_STEM_CELL_OF_ADIPOSE_AGEING","0.000217976643984499","0.00321237518443482","0.518848077743792","0.402555605072727","1.53668815543606","302","c(""H2-K1"", ""H2-D1"", ""Klf2"", ""Rpl3"", ""Rps20"", ""Rps7"", ""Rpl13"", ""Vim"", ""Rps5"", ""Rpsa"", ""Rpl27a"", ""Rplp0"", ""Rps3"", ""Eef1a1"", ""Cotl1"", ""Rpl17"", ""Rps2"", ""Rps6"", ""Rps3a1"", ""B2m"", ""Rpl5"", ""Eef1b2"", ""Rpl18a"", ""Rpl9"", ""Rpl18"", ""Rpl8"", ""Rps25"", ""Rpl4"", ""Capg"", ""Rps10"", ""Tagln2"", ""Bst2"", ""Rexo2"", ""Cd9"", ""Ifi35"", ""Rarg"", ""Rpl11"", ""Rpl6"", ""Prr13"", ""Bcl3"", ""Pdlim4"", ""Eef1d"", ""Skil"", ""Ehd1"")"
"576","TABULA_MURIS_SENIS_MARROW_NK_CELL_AGEING","0.000836750029602059","0.00924264803252599","0.477270815362862","0.417140014394026","1.53772158833601","219","c(""Rps18"", ""Rps20"", ""Rps7"", ""Rpl13"", ""Tmsb4x"", ""Fxyd5"", ""Rps3"", ""Rpl10a"", ""Cotl1"", ""Rpl14"", ""Rpl17"", ""Rpl22l1"", ""Emp3"", ""Rpl35"", ""Psme2"", ""B2m"", ""Rplp2"", ""Ctss"", ""Rpl19"", ""Rpl18"", ""Ltb"", ""Psmb9"", ""Rps10"", ""S1pr4"", ""Rpl22"", ""Vasp"", ""Rexo2"", ""Cd9"", ""Ifi35"", ""Rpl6"", ""Prr13"", ""Nme2"")"
"577","GOBP_CYTOKINE_PRODUCTION","4.55252094080126e-05","0.000910031608131795","0.557332238758646","0.397737123023398","1.54093978717538","371","c(""H2-K1"", ""H2-D1"", ""Klf2"", ""Rps3"", ""Smad7"", ""Ccr7"", ""Gimap3"", ""H2-Q7"", ""B2m"", ""Irf7"", ""Stat1"", ""Ltb"", ""Isg15"", ""Xaf1"", ""Il6ra"", ""Irgm1"", ""Bst2"", ""Gpr18"", ""Runx3"", ""Irf9"", ""Trim30a"", ""Dhx58"", ""Irf1"", ""Oas3"", ""H2-Q4"", ""H2-T22"", ""Il27ra"", ""Eomes"", ""Oas1a"", ""F2rl1"", ""Ifih1"", ""Syt11"", ""Bcl3"", ""Crtam"", ""Igtp"", ""Vsir"", ""Pou2f2"", ""Oas2"", ""H2-Q6"", ""Eif2ak2"", ""Sorl1"", ""Zbtb7b"", ""Gstp1"", ""Fbln1"", ""Tnfrsf4"", ""Cd226"", ""Gimap5"", ""Cd55"", ""Gbp7"", ""Gbp5"", ""Il4"", ""Pml"", ""Foxp3"", ""Tbx21"", ""Spn"", ""Cd160"", ""Klrk1"", 
""Phb"", ""Pglyrp1"", ""Psen2"", ""Mif"", ""Rsad2"", ""Gbp3"")"
"578","GOBP_LEUKOCYTE_MEDIATED_IMMUNITY","0.00075068530269134","0.00850087461405483","0.477270815362862","0.419398059267985","1.54481833960779","216","c(""H2-K1"", ""H2-D1"", ""Nkg7"", ""Smad7"", ""Gimap3"", ""H2-Q7"", ""B2m"", ""Irf7"", ""Bst2"", ""Klrd1"", ""Il2rb"", ""Clcf1"", ""H2-Q4"", ""H2-T22"", ""Il7r"", ""Il27ra"", ""F2rl1"", ""Bcl3"", ""Crtam"", ""Vsir"", ""Pou2f2"", ""H2-Q6"", ""Cd226"", ""Gimap5"", ""Cd55"", ""Il4"", ""Foxp3"", ""Tbx21"", ""Spn"", ""Cd160"", ""Klrk1"", ""Ctsc"", ""H2-DMa"", ""Klrb1c"", ""Klrc2"", ""Rsad2"", ""Fut7"", ""Gzmc"", ""Ung"", ""Gzmb"", ""Tnf"", ""Lta"", ""Ccr6"", ""Arid5a"", ""Il13"", ""Klrc1"", ""Serpinb9"", ""Tnfrsf1b"", ""Il18r1"", ""Ighd"", ""Ifng"")"
"579","GOBP_PRODUCTION_OF_MOLECULAR_MEDIATOR_OF_IMMUNE_RESPONSE","0.00164069821711858","0.0153416353750697","0.45505986738723","0.443557566572169","1.54817102358349","149","c(""H2-K1"", ""H2-D1"", ""Smad7"", ""Gimap3"", ""H2-Q7"", ""B2m"", ""Bst2"", ""Clcf1"", ""H2-Q4"", ""Samhd1"", ""H2-T22"", ""Il7r"", ""Il27ra"", ""F2rl1"", ""Vsir"", ""Pou2f2"", ""H2-Q6"", ""Tnfrsf4"", ""Cd226"", ""Gimap5"", ""Cd55"", ""Il4"", ""Cd86"", ""Foxp3"", ""Tbx21"", ""Cd160"", ""Phb"", ""Psen2"", ""Mif"", ""Rsad2"", ""Lax1"", ""Ung"", ""Tnf"", ""Ccr6"", ""Arid5a"", ""Litaf"", ""Il13"", ""Tnfrsf1b"", ""Il18r1"", ""Ighd"", ""Ifng"")"
"580","HALLMARK_EPITHELIAL_MESENCHYMAL_TRANSITION","0.00686607070638009","0.0454877184297681","0.407017918923954","0.501097336918765","1.54945216442145","69","c(""Vim"", ""Emp3"", ""Igfbp4"", ""Capg"", ""Pmepa1"", ""Nt5e"", ""Pdlim4"", ""Itgb3"", ""Lgals1"", ""Fbln1"", ""Ecm1"", ""Plaur"")"
"581","GOBP_T_CELL_MEDIATED_IMMUNITY","0.00403951437091301","0.0306652753229493","0.407017918923954","0.49248863681032","1.55012269896918","76","c(""H2-K1"", ""H2-D1"", ""Smad7"", ""H2-Q7"", ""B2m"", ""Klrd1"", ""H2-Q4"", ""H2-T22"", ""Il7r"", ""Vsir"", ""H2-Q6"", ""Cd55"", ""Il4"", ""Foxp3"", ""Tbx21"", ""Spn"", ""Ctsc"", ""Rsad2"", ""Fut7"", ""Gzmb"", ""Arid5a"", ""Serpinb9"", ""Tnfrsf1b"", ""Il18r1"")"
"582","TABULA_MURIS_SENIS_PANCREAS_PANCREATIC_DUCTAL_CELL_AGEING","0.00201175643750571","0.018018475875148","0.431707695803346","0.45840878620416","1.55087364379128","119","c(""H2-K1"", ""H2-D1"", ""Rps7"", ""Rpl13"", ""Tmsb4x"", ""Rplp0"", ""Rps3"", ""Ccnd2"", ""Rps3a1"", ""Rtp4"", ""B2m"", ""Rpl4"", ""Bst2"", ""Chchd10"", ""Cd9"", ""Lgals3bp"", ""Ifi35"", ""Rpl6"", ""Prr13"", ""Ly6a"", ""H2-Q6"", ""Atp5g2"", ""Npm1"", ""Ier2"", ""Nabp2"", ""Ppa1"", ""Anapc11"", ""Ifi27"", ""Jund"", ""A430005L14Rik"", ""Adh1"")"
"583","ZHANG_UTERUS_C1_PROLIFERATIVE_STROMAL1_MGP_HIGH_CELL","0.00184356748687833","0.0167721092467655","0.45505986738723","0.448947073162492","1.55093382803725","140","c(""Rps18"", ""Vim"", ""Rplp0"", ""Eef1a1"", ""Rps6"", ""Rpl35"", ""Rpl15"", ""Rpl10"", ""Rpl4"", ""Arl4c"", ""Bst2"", ""Gm10076"", ""Chchd10"", ""Eef1g"", ""Rpl11"", ""Sgk1"", ""Nme2"", ""Rcn1"", ""Gstp1"", ""Lgals1"", ""Fbln1"", ""Ier2"", ""Ppic"", ""Gm2000"", ""Vkorc1"", ""Wdr89"", ""Rps26-ps1"", ""Oxct1"", ""Mif"", ""Timp2"", ""Adh1"")"
"584","TABULA_MURIS_SENIS_SPLEEN_CD4_POSITIVE_ALPHA_BETA_T_CELL_AGEING","0.00196175595685016","0.0177056798747112","0.431707695803346","0.457038353902","1.55213811736123","117","c(""H2-K1"", ""H2-D1"", ""Cotl1"", ""B2m"", ""AW112010"", ""Ltb"", ""Capg"", ""Pced1b"", ""Vasp"", ""Il2rb"", ""Cst7"", ""Smpdl3a"", ""Iigp1"", ""Hopx"", ""Prr13"", ""Syt11"", ""Izumo1r"", ""Bcl3"", ""Nt5e"", ""Pou2f2"", ""Tnfsf8"", ""Cxcr3"", ""Icos"", ""Tnfrsf18"", ""H2-Q6"", ""Cd82"", ""Gimap7"", ""Traf1"", ""Tnfrsf4"", ""Ier2"", ""Ifi30"", ""Rgs1"", ""Foxp3"", ""Ctla4"", ""H2-DMa"", ""Cish"", ""Pglyrp1"", ""Timp2"", ""Jund"", ""Lax1"", ""Bcl2a1b"", ""Smco4"", ""S100a6"", ""Bmyc"", ""Tnfrsf1b"")"
"585","GOBP_REGULATION_OF_LEUKOCYTE_MEDIATED_IMMUNITY","0.00142997138598729","0.0136997424491685","0.45505986738723","0.453913227928605","1.5578419961843","135","c(""H2-K1"", ""H2-D1"", ""Smad7"", ""Gimap3"", ""H2-Q7"", ""B2m"", ""Bst2"", ""Klrd1"", ""Clcf1"", ""H2-Q4"", ""H2-T22"", ""Il7r"", ""Il27ra"", ""F2rl1"", ""Crtam"", ""Vsir"", ""H2-Q6"", ""Cd226"", ""Gimap5"", ""Cd55"", ""Il4"", ""Foxp3"", ""Tbx21"", ""Spn"", ""Cd160"", ""Klrk1"", ""Klrb1c"", ""Klrc2"", ""Rsad2"", ""Fut7"", ""Tnf"", ""Lta"", ""Arid5a"", ""Il13"", ""Klrc1"", ""Serpinb9"", ""Tnfrsf1b"", ""Il18r1"", ""Ifng"")"
"586","GOBP_ACTIN_POLYMERIZATION_OR_DEPOLYMERIZATION","0.00608740223838409","0.0416176600368578","0.407017918923954","0.529442751603968","1.55951760883666","56","c(""Tmsb4x"", ""Cotl1"", ""Capg"", ""Add3"", ""Vasp"", ""Actn2"", ""F2rl1"")"
"587","GOBP_REGULATION_OF_LYMPHOCYTE_MEDIATED_IMMUNITY","0.00326989891767838","0.0263461730089651","0.431707695803346","0.466848928600109","1.5607796718353","111","c(""H2-K1"", ""H2-D1"", ""Smad7"", ""Gimap3"", ""H2-Q7"", ""B2m"", ""Klrd1"", ""Clcf1"", ""H2-Q4"", ""H2-T22"", ""Il7r"", ""Il27ra"", ""Crtam"", ""Vsir"", ""H2-Q6"", ""Cd226"", ""Gimap5"", ""Cd55"", ""Il4"", ""Foxp3"", ""Tbx21"", ""Spn"", ""Cd160"", ""Klrk1"", ""Klrb1c"", ""Klrc2"", ""Rsad2"", ""Fut7"", ""Tnf"", ""Lta"", ""Arid5a"", ""Klrc1"", ""Serpinb9"", ""Tnfrsf1b"", ""Il18r1"", ""Ifng"")"
"588","TABULA_MURIS_SENIS_LARGE_INTESTINE_INTESTINAL_CRYPT_STEM_CELL_AGEING","0.000964737794572676","0.0102828233196427","0.477270815362862","0.427898439614188","1.56448975234307","202","c(""H2-K1"", ""H2-D1"", ""Rps18"", ""Rpl3"", ""Rps20"", ""Rps7"", ""Rpl13"", ""Rps5"", ""Rpsa"", ""Rplp0"", ""Rps3"", ""Rpl10a"", ""Cotl1"", ""Rps4x"", ""Rpl14"", ""Rpl17"", ""Rps2"", ""Rps6"", ""Rps3a1"", ""Eef1b2"", ""Rpl9"", ""Rpl18"", ""Rpl4"", ""Rps10"", ""Chchd10"", ""Eef1g"", ""Cd9"", ""Rpl11"", ""Rpl6"", ""Prr13"", ""Nme2"")"
"589","TABULA_MURIS_SENIS_MAMMARY_GLAND_T_CELL_AGEING","0.000171781650617788","0.00263931541388022","0.518848077743792","0.416483780929034","1.57007436429884","266","c(""Ms4a4b"", ""H2-K1"", ""H2-D1"", ""Cd52"", ""Ctsw"", ""Vim"", ""Itgb7"", ""Tmsb4x"", ""Fxyd5"", ""Nkg7"", ""Cotl1"", ""Ccnd2"", ""Emp3"", ""Cd7"", ""Psme2"", ""B2m"", ""Ctss"", ""Gimap4"", ""AW112010"", ""Ltb"", ""Psmb9"", ""Capg"", ""Anxa6"", ""Rps28"", ""Tagln2"", ""Ostf1"", ""Cd48"", ""Vasp"", ""Cxcr6"", ""Klrd1"", ""Il2rb"", ""Sema4a"", ""B4galnt1"", ""Glipr2"", ""Cst7"", ""Esyt1"", ""Rexo2"", ""Smpdl3a"", ""Il7r"", ""Tpst2"", ""Prr13"", ""Bola2"", ""Gng2"", ""Gm2a"", ""Icos"", ""Ly6a"", ""Ier5"", ""Rnh1"", ""Cd82"", ""Ahnak"", ""Gstp1"", ""Lgals1"", ""Sp110"", ""Fkbp3"", ""Ier2"", ""Pkm"", ""Pcbd2"")"
"590","GOBP_LYMPHOCYTE_MEDIATED_IMMUNITY","0.00082331781530209","0.00917207217326919","0.477270815362862","0.440286338617007","1.57093614209393","176","c(""H2-K1"", ""H2-D1"", ""Nkg7"", ""Smad7"", ""Gimap3"", ""H2-Q7"", ""B2m"", ""Irf7"", ""Klrd1"", ""Il2rb"", ""Clcf1"", ""H2-Q4"", ""H2-T22"", ""Il7r"", ""Il27ra"", ""Bcl3"", ""Crtam"", ""Vsir"", ""Pou2f2"", ""H2-Q6"", ""Cd226"", ""Gimap5"", ""Cd55"", ""Il4"", ""Foxp3"", ""Tbx21"", ""Spn"", ""Cd160"", ""Klrk1"", ""Ctsc"", ""H2-DMa"", ""Klrb1c"", ""Klrc2"", ""Rsad2"", ""Fut7"", ""Gzmc"", ""Ung"", ""Gzmb"", ""Tnf"", ""Lta"", ""Ccr6"", ""Arid5a"", ""Klrc1"", ""Serpinb9"", ""Tnfrsf1b"", ""Il18r1"", ""Ighd"", ""Ifng"")"
"591","GOBP_REGULATION_OF_IMMUNE_RESPONSE","1.73484536286724e-05","0.000391492252393908","0.575610261071129","0.404858328416045","1.57411227994873","386","c(""H2-K1"", ""H2-D1"", ""Rps19"", ""Rps3"", ""Smad7"", ""Ccr7"", ""Gimap3"", ""H2-Q7"", ""B2m"", ""Irf7"", ""Ifi203"", ""Isg15"", ""Zbp1"", ""Mndal"", ""Irgm1"", ""Klrd1"", ""Trim30a"", ""Dhx58"", ""Irf1"", ""Oas3"", ""Clcf1"", ""H2-Q4"", ""Parp14"", ""Samhd1"", ""Parp9"", ""Ifi35"", ""Ddx60"", ""Nlrc5"", ""H2-T22"", ""Oasl1"", ""Il7r"", ""Il27ra"", ""Oas1a"", ""F2rl1"", ""Ifih1"", ""Gbp2"", ""Crtam"", ""Igtp"", ""Vsir"", ""H2-Q6"", ""Trim30d"", ""Eif2ak2"", ""Mapkapk3"", ""Zbtb7b"", ""Prkch"", ""Cd226"", ""Gimap5"", ""Ecm1"", ""Tmem126a"", ""Cd55"", ""Gbp7"", ""Gbp5"", ""Il4"", ""Trim30c"", ""Cd86"", ""Bcl2"", 
""Foxp3"", ""Tbx21"", ""Ctla4"", ""Spn"", ""Cd160"", ""Trim25"", ""Klrk1"", ""H2-DMa"", ""Phb"", ""Pglyrp1"", ""Klrb1c"", ""Klrc2"", ""Psen2"", ""Mif"", ""Rsad2"", ""Gbp3"", ""Fut7"", ""Lax1"", ""Tnf"", ""Lta"", ""Trafd1"", ""Ccr6"", ""Hspa8"", ""Arid5a"", ""Il13"", ""Klrc1"", ""Serpinb9"", ""Tnfrsf1b"", ""Nfatc2"", ""Rnf125"")"
"592","TABULA_MURIS_SENIS_BRAIN_NON_MYELOID_BRAIN_PERICYTE_AGEING","3.63216835580661e-05","0.000752080164569705","0.557332238758646","0.409356594676458","1.57433974683928","340","c(""H2-K1"", ""H2-D1"", ""Rps18"", ""Rps19"", ""Rpl3"", ""Rps20"", ""Rps7"", ""Rplp1"", ""Rpl13"", ""Tmsb4x"", ""Fxyd5"", ""Rps5"", ""Rpsa"", ""Rpl27a"", ""Rplp0"", ""Rps3"", ""Rpl10a"", ""Rpl32"", ""Rpl21"", ""Rpl14"", ""Rpl17"", ""Rps2"", ""Emp3"", ""Rpl35"", ""Psme2"", ""B2m"", ""Rplp2"", ""Gimap4"", ""Rpl18a"", ""Rpl9"", ""Rpl36"", ""Capg"", ""Rps10"", ""Rasgrp2"", ""Rpl41"", ""Tagln2"", ""Bst2"", ""Vasp"", ""Chchd10"", ""Rps14"", ""Dhx58"", ""Irf1"", ""Cd9"", ""Rpl11"", ""Rpl6"", ""Prr13"", ""Nme2"", ""Rcn1"", ""Hint1"", ""Ly6a"", ""Rps15"", ""Atp5g2"", ""Ahnak"", ""Npm1"", ""Gstp1"")"
"593","LEE_AGING_CEREBELLUM_UP","0.00444934525162691","0.0329536763059598","0.407017918923954","0.549989635184787","1.57848640022462","47","c(""Rpsa"", ""B2m"", ""Ctss"", ""Irf7"", ""Ifit1"", ""Irgm1"", ""Trim30a"", ""Cst7"", ""Lgals3bp"", ""Hexb"", ""Pglyrp1"", ""Ifi27"", ""Gbp3"", ""Hspa8"", ""Tgfbr3"")"
"594","GOBP_MONONUCLEAR_CELL_MIGRATION","0.00435946583498257","0.0324126565362861","0.407017918923954","0.480599355413128","1.57992986791848","96","c(""Rps19"", ""Itgb7"", ""Ccr7"", ""S1pr1"", ""Il27ra"", ""Stk10"", ""Crtam"", ""Cxcr3"", ""Itgb3"", ""Ecm1"", ""Il4"", ""Tbx21"", ""Spn"", ""Fut7"", ""Pdgfb"", ""Ccr6"")"
"595","INGRAM_SHH_TARGETS_UP","0.00427985161037236","0.0320268170377217","0.407017918923954","0.550768448005361","1.58072161588498","47","c(""Ifi27l2a"", ""Igfbp4"", ""Rpl29"", ""Add3"", ""Tgtp1"", ""Plac8"", ""Rassf3"", ""Filip1l"", ""Cmpk2"", ""Tsc22d3"", ""Ly6c1"")"
"596","GOMF_CYTOKINE_RECEPTOR_BINDING","0.00268722013066304","0.0228295157277065","0.431707695803346","0.486164732068374","1.58199964200701","90","c(""Smad7"", ""Stat1"", ""Ltb"", ""Il6ra"", ""Clcf1"", ""Traf5"", ""Smurf2"", ""Tnfsf8"", ""Itgb3"", ""Traf1"", ""Ecm1"", ""Il4"", ""Mif"", ""Ccrl2"", ""Tnfsf10"", ""Tnf"", ""Lta"", ""Tgfbr3"", ""Cdh5"", ""Il13"", ""Ifng"", ""Eng"", ""Fasl"", ""Irak1"", ""Xcl1"", ""Cxcl10"")"
"597","GOBP_ADAPTIVE_IMMUNE_RESPONSE_BASED_ON_SOMATIC_RECOMBINATION_OF_IMMUNE_RECEPTORS_BUILT_FROM_IMMUNOGLOBULIN_SUPERFAMILY_DOMAINS","0.000336690390344946","0.00451290112534281","0.49849310876659","0.441695038378859","1.58992708232533","181","c(""H2-K1"", ""H2-D1"", ""Smad7"", ""Ccr7"", ""Gimap3"", ""H2-Q7"", ""B2m"", ""Irf7"", ""Il6ra"", ""Klrd1"", ""Il2rb"", ""Sema4a"", ""Irf1"", ""Clcf1"", ""H2-Q4"", ""H2-T22"", ""Il7r"", ""Il27ra"", ""Bcl3"", ""Vsir"", ""Pou2f2"", ""H2-Q6"", ""Zbtb7b"", ""Cd226"", ""Gimap5"", ""Cd55"", ""Il4"", ""Foxp3"", ""Tbx21"", ""Spn"", ""Ctsc"", ""H2-DMa"", ""Phb"", ""Bach2"", ""Rsad2"", ""Fut7"", ""Ung"", ""Gzmb"", ""Tnf"", ""Lta"", ""Ccr6"", ""Arid5a"", ""Serpinb9"", ""Tnfrsf1b"", ""Il18r1"", ""Ighd"", ""Ifng"")"
"598","GOBP_POSITIVE_REGULATION_OF_IMMUNE_RESPONSE","4.97269738339183e-05","0.000977118121899816","0.557332238758646","0.416343224402415","1.59190038072441","306","c(""H2-K1"", ""H2-D1"", ""Rps19"", ""Rps3"", ""Ccr7"", ""Gimap3"", ""H2-Q7"", ""B2m"", ""Irf7"", ""Ifi203"", ""Zbp1"", ""Mndal"", ""Irgm1"", ""Klrd1"", ""Trim30a"", ""Dhx58"", ""Irf1"", ""Oas3"", ""Clcf1"", ""H2-Q4"", ""Parp9"", ""Ifi35"", ""Ddx60"", ""Nlrc5"", ""H2-T22"", ""Oasl1"", ""Il27ra"", ""Oas1a"", ""F2rl1"", ""Ifih1"", ""Gbp2"", ""Crtam"", ""Igtp"", ""H2-Q6"", ""Trim30d"", ""Eif2ak2"", ""Mapkapk3"", ""Prkch"", ""Cd226"", ""Gimap5"", ""Tmem126a"", ""Cd55"", ""Gbp7"", ""Gbp5"", ""Il4"", ""Trim30c"", ""Cd86"", ""Bcl2"", ""Foxp3"", ""Tbx21"", ""Ctla4"", ""Cd160"", ""Trim25"", ""Klrk1"", ""H2-DMa"", 
""Phb"", ""Klrb1c"", ""Klrc2"", ""Psen2"", ""Mif"", ""Rsad2"", ""Gbp3"")"
"599","TABULA_MURIS_SENIS_LUNG_CLASSICAL_MONOCYTE_AGEING","0.000153767831347503","0.00240736249781714","0.518848077743792","0.420203368307247","1.59498824546645","274","c(""Rps18"", ""Rps19"", ""Rpl3"", ""Rps20"", ""Rps7"", ""Rplp1"", ""Rpl13"", ""Rps5"", ""Rpsa"", ""Rpl27a"", ""Rpl23"", ""Rps3"", ""Rps23"", ""Rpl10a"", ""Rpl32"", ""Rpl21"", ""Rps12"", ""Rps4x"", ""Rpl14"", ""Rps2"", ""Rps6"", ""Rps16"", ""Rps8"", ""Emp3"", ""Rpl35"", ""Rps3a1"", ""Rps27a"", ""Rpl36a"", ""Eef1b2"", ""Rpl19"", ""Rpl18a"", ""Rpl18"", ""AW112010"", ""Rpl15"", ""Rpl8"", ""Rps25"", ""Rpl10"", ""Rps26"", ""Rpl29"", ""Rps10"", ""Rpl41"", ""Rpl22"", ""Rps14"", ""Ncf4"", ""Rpl11"", ""Rpl23a"", ""Rpl6"", ""Nme2"", ""Hint1"", ""Ly6a"", ""Eef1d"", ""Rpl28"", ""Rps15"", ""Rnh1"", ""Atp5g2"", ""Npm1"", 
""Lgals1"")"
"600","GOBP_ALPHA_BETA_T_CELL_PROLIFERATION","0.0060045804392224","0.041197697384071","0.407017918923954","0.570406912366621","1.59518017794046","42","c(""H2-K1"", ""H2-D1"", ""H2-Q7"", ""Irgm1"", ""Irf1"", ""H2-Q4"", ""H2-T22"", ""Vsir"", ""H2-Q6"", ""Zbtb7b"", ""Cd55"", ""Myc"", ""Foxp3"")"
"601","GOBP_REGULATION_OF_ACTIN_FILAMENT_LENGTH","0.00703581993304939","0.0463994654717195","0.407017918923954","0.564013154239444","1.59807326921089","45","c(""Tmsb4x"", ""Cotl1"", ""Capg"", ""Add3"", ""Vasp"", ""Actn2"", ""F2rl1"")"
"602","HOLLERN_EMT_BREAST_TUMOR_UP","0.00497555147710059","0.0357509463721519","0.407017918923954","0.546513383186357","1.60178404242796","55","c(""Vim"", ""Fxyd5"", ""Emp3"", ""Igfbp4"", ""Ccdc102a"", ""Traf1"", ""Cdh13"", ""Timp2"", ""Il18r1"", ""Fcgrt"", ""S100a4"")"
"603","GOBP_TUMOR_NECROSIS_FACTOR_SUPERFAMILY_CYTOKINE_PRODUCTION","0.00244232957877285","0.0212490029767631","0.431707695803346","0.490197368921171","1.60294320864699","94","c(""H2-K1"", ""H2-D1"", ""Ccr7"", ""H2-Q7"", ""Gpr18"", ""Trim30a"", ""Oas3"", ""H2-Q4"", ""H2-T22"", ""Il27ra"", ""Oas1a"", ""Ifih1"", ""Syt11"", ""Bcl3"", ""Vsir"", ""Oas2"", ""H2-Q6"", ""Gstp1"", ""Il4"", ""Foxp3"", ""Spn"", ""Psen2"", ""Mif"")"
"604","GOMF_GROWTH_FACTOR_BINDING","0.00316061806652431","0.0257893934608912","0.431707695803346","0.551863728216114","1.60386819380979","49","c(""Rps19"", ""Rps2"", ""Igfbp4"", ""Il6ra"", ""Il2rb"", ""Rpl37"", ""Acvrl1"", ""Itgb3"", ""Pdgfb"", ""Tgfbr3"", ""Igf2r"", ""Eng"", ""Lrrc32"")"
"605","GOBP_SIGNAL_TRANSDUCTION_BY_P53_CLASS_MEDIATOR","0.00492948155601632","0.0355082480662173","0.407017918923954","0.534475276472079","1.60547648949344","61","c(""Rps20"", ""Rps7"", ""Rpl23"", ""Rpl5"", ""Rpl26"", ""Rpl37"", ""Rpl11"", ""Sp100"", ""Bcl3"", ""Hint1"", ""Rps15"", ""Npm1"", ""Pml"", ""Myc"", ""Mif"", ""Tfap4"", ""Bmyc"", ""Tmem109"", ""Steap3"")"
"606","TABULA_MURIS_SENIS_BLADDER_BLADDER_UROTHELIAL_CELL_AGEING","0.00248517746611974","0.0215055016008013","0.431707695803346","0.4942593354513","1.6102318180919","92","c(""H2-K1"", ""H2-D1"", ""Rps20"", ""Rplp1"", ""Rps3"", ""Rps12"", ""B2m"", ""Rplp2"", ""Rpl5"", ""Rpl19"", ""Rpl10"", ""Rps10"", ""Tagln2"", ""Cd9"", ""Prr13"", ""Bcl3"", ""Aqp3"", ""Eef1d"", ""Gstp1"", ""Tuba4a"", ""Ppa1"", ""Plaur"")"
"607","GOBP_RRNA_METABOLIC_PROCESS","0.000860369345196175","0.00944736569050928","0.477270815362862","0.475607310188285","1.61029569817984","126","c(""Rps19"", ""Rps7"", ""Rpl10a"", ""Rpl14"", ""Rps6"", ""Rps16"", ""Rps8"", ""Rpl35"", ""Rpl5"", ""Rps25"", ""Rps28"", ""Rpl26"", ""Slfn8"", ""Rpl11"", ""Chd7"", ""Isg20"", ""Rps15"", ""Npm1"", ""Gm2000"", ""Fbl"")"
"608","GOCC_GOLGI_APPARATUS_SUBCOMPARTMENT","0.00228841442339533","0.0201220245417881","0.431707695803346","0.511724805416316","1.61066911439609","76","c(""H2-K1"", ""H2-D1"", ""Ms4a6b"", ""H2-Q7"", ""H2-Q4"", ""Syt11"", ""Sgms1"", ""H2-Q6"", ""Sorl1"", ""Atp8b4"", ""Ms4a6c"", ""Ms4a6d"", ""Pacsin1"", ""Fut7"")"
"609","TABULA_MURIS_SENIS_MAMMARY_GLAND_B_CELL_AGEING","0.000561340031387229","0.00671399867768948","0.477270815362862","0.465489158639429","1.61123428568631","144","c(""H2-K1"", ""H2-D1"", ""Klf2"", ""Cd52"", ""Vim"", ""Fxyd5"", ""Cotl1"", ""Gimap3"", ""B2m"", ""Ctss"", ""Gimap4"", ""AW112010"", ""Ltb"", ""Psmb9"", ""Capg"", ""Anxa6"", ""Rps28"", ""Gpr18"", ""Ostf1"", ""Hvcn1"", ""Ncf4"", ""Rexo2"", ""Cd72"", ""Gm2a"", ""Ly6a"", ""Ahnak"", ""Lgals1"", ""Pkm"", ""Tsc22d3"", ""Ifi30"")"
"610","GOBP_NEGATIVE_REGULATION_OF_CYTOKINE_PRODUCTION","0.000550357291642696","0.00667944133155432","0.477270815362862","0.466347816971318","1.61243961797521","139","c(""Klf2"", ""Smad7"", ""Ccr7"", ""Gimap3"", ""Xaf1"", ""Irgm1"", ""Bst2"", ""Gpr18"", ""Trim30a"", ""Dhx58"", ""Oas3"", ""Il27ra"", ""Oas1a"", ""F2rl1"", ""Syt11"", ""Bcl3"", ""Igtp"", ""Vsir"", ""Gstp1"", ""Fbln1"", ""Tnfrsf4"", ""Gimap5"", ""Gbp7"", ""Il4"", ""Pml"", ""Foxp3"", ""Tbx21"", ""Pglyrp1"", ""Gbp3"")"
"611","GOBP_REGULATION_OF_T_CELL_MEDIATED_IMMUNITY","0.00456298924174429","0.0335373903938381","0.407017918923954","0.556455523888499","1.61554200998283","53","c(""H2-K1"", ""H2-D1"", ""Smad7"", ""H2-Q7"", ""B2m"", ""Klrd1"", ""H2-Q4"", ""H2-T22"", ""Il7r"", ""Vsir"", ""H2-Q6"", ""Cd55"", ""Il4"", ""Foxp3"", ""Tbx21"", ""Spn"", ""Rsad2"", ""Fut7"")"
"612","GOBP_SODIUM_ION_TRANSMEMBRANE_TRANSPORT","0.00480579209904031","0.0349220892530263","0.407017918923954","0.610978266772703","1.61730312664416","32","c(""Fxyd5"", ""Tesc"", ""Atp1b3"", ""Kcnk1"", ""Scn8a"")"
"613","GOBP_POSITIVE_REGULATION_OF_IMMUNE_EFFECTOR_PROCESS","0.000407923096015244","0.00526020474482157","0.49849310876659","0.468501319777317","1.61842568411571","138","c(""H2-K1"", ""H2-D1"", ""Rps19"", ""Ccr7"", ""Gimap3"", ""H2-Q7"", ""B2m"", ""Klrd1"", ""Dhx58"", ""Irf1"", ""Clcf1"", ""H2-Q4"", ""Ddx60"", ""H2-T22"", ""F2rl1"", ""Crtam"", ""H2-Q6"", ""Tnfrsf4"", ""Cd226"", ""Gimap5"", ""Cd55"", ""Il4"", ""Cd86"", ""Foxp3"", ""Tbx21"", ""Cd160"", ""Klrk1"", ""Phb"", ""Klrb1c"", ""Klrc2"", ""Mif"", ""Rsad2"", ""Tnf"", ""Lta"", ""Arid5a"", ""Il13"", ""Klrc1"")"
"614","MIKKELSEN_MCV6_LCP_WITH_H3K4ME3","0.00280405578851796","0.0236482194018514","0.431707695803346","0.564036562552095","1.61880149417505","47","c(""Emp3"", ""Xaf1"", ""Zbp1"", ""G430095P16Rik"", ""Lgals3bp"", ""Ifi35"", ""Il7r"", ""Isg20"", ""Gbp2"", ""Oas2"", ""Rsad2"", ""Tnfsf10"", ""Spef2"", ""Serpinb9"")"
"615","GOBP_REGULATION_OF_T_CELL_CYTOKINE_PRODUCTION","0.00732897167858301","0.047679582643214","0.407017918923954","0.650654155602145","1.61925653608196","24","c(""Smad7"", ""B2m"", ""Vsir"", ""Cd55"", ""Il4"", ""Foxp3"", ""Tbx21"", ""Rsad2"", ""Arid5a"", ""Tnfrsf1b"", ""Il18r1"", ""Malt1"", ""Xcl1"")"
"616","GOBP_REGULATION_OF_NATURAL_KILLER_CELL_ACTIVATION","0.00593076200371199","0.0409029937968182","0.407017918923954","0.605348342431089","1.61937374438463","34","c(""H2-K1"", ""H2-D1"", ""H2-Q7"", ""Klrd1"", ""Irf1"", ""H2-Q4"", ""H2-T22"", ""H2-Q6"", ""Cd160"", ""Pglyrp1"", ""Klrc2"", ""Slamf7"")"
"617","QI_PLASMACYTOMA_UP","0.000415583792153405","0.00532334272122","0.49849310876659","0.468324976270675","1.62880758935635","147","c(""Itgb7"", ""Tmsb4x"", ""Cd7"", ""Ltb"", ""Psmb9"", ""Capg"", ""Irgm1"", ""Vasp"", ""Klrd1"", ""Trim30a"", ""Il2rb"", ""Sema4a"", ""Irf1"", ""Cst7"", ""Tubb3"", ""Ifi35"", ""Tgtp1"", ""Sp100"", ""Iigp1"", ""Il27ra"", ""Stk10"", ""Plac8"", ""Gbp2"", ""Ehd1"", ""Cd82"", ""Itgb3"", ""Traf1"", ""Gna15"", ""Rgs1"", ""Ubash3b"", ""Bcl2"", ""Cish"", ""Rsad2"")"
"618","ZEMEK_IMMUNE_CHECKPOINT_BLOCKADE_OVARIAN_CANCER_OVERLAP_UP","0.00424407951004622","0.0318987026801193","0.407017918923954","0.542244939756854","1.62881528977869","61","c(""H2-D1"", ""Nkg7"", ""B2m"", ""AW112010"", ""Stat1"", ""Psmb9"", ""Neurl3"", ""Tgtp2"", ""Tgtp1"", ""Nlrc5"", ""H2-T22"", ""Gm19585"", ""Izumo1r"", ""Gbp2"", ""Crtam"", ""Igtp"", ""Tnfrsf4"", ""Klrk1"", ""H2-DMa"", ""Klrc2"", ""Gbp3"")"
"619","ZEMEK_IMMUNE_CHECKPOINT_BLOCKADE_OVARIAN_CANCER_RENCA_UP","0.00483985461863421","0.0351254273013189","0.407017918923954","0.535516230957928","1.62994985322707","63","c(""H2-D1"", ""Nkg7"", ""B2m"", ""AW112010"", ""Stat1"", ""Psmb9"", ""Neurl3"", ""Tgtp2"", ""Tgtp1"", ""Nlrc5"", ""H2-T22"", ""Gm19585"", ""Izumo1r"", ""Gbp2"", ""Crtam"", ""Igtp"", ""Tnfrsf4"", ""Klrk1"", ""H2-DMa"", ""Klrc2"", ""Gbp3"")"
"620","GOBP_DEFENSE_RESPONSE_TO_GRAM_NEGATIVE_BACTERIUM","0.00370725366020813","0.0289807907916405","0.431707695803346","0.618748235730128","1.63787078964001","32","c(""Rps19"", ""B2m"", ""Irgm1"", ""Iigp1"", ""F2rl1"", ""Igtp"", ""Cd160"")"
"621","GOBP_MYELOID_LEUKOCYTE_MEDIATED_IMMUNITY","0.00346049846751363","0.0276122923298705","0.431707695803346","0.564214515981139","1.63806847821373","53","c(""H2-K1"", ""H2-D1"", ""H2-Q7"", ""H2-Q4"", ""H2-T22"", ""F2rl1"", ""H2-Q6"", ""Il4"")"
"622","GOBP_ALPHA_BETA_T_CELL_ACTIVATION","0.000831624531415655","0.00921805362570171","0.477270815362862","0.484367102232292","1.63853276271955","120","c(""H2-K1"", ""H2-D1"", ""Nkg7"", ""Smad7"", ""Ccr7"", ""Gimap3"", ""H2-Q7"", ""Il6ra"", ""Irgm1"", ""Gpr18"", ""Rpl22"", ""Runx3"", ""Sema4a"", ""Irf1"", ""H2-Q4"", ""H2-T22"", ""Dapl1"", ""Eomes"", ""Prr7"", ""Bcl3"", ""Crtam"", ""Igtp"", ""Vsir"", ""Tnfsf8"", ""H2-Q6"", ""Zbtb16"", ""Zbtb7b"", ""Gimap5"", ""Cd55"", ""Il4"", ""Myc"", ""Bcl2"", ""Foxp3"", ""Tbx21"", ""Spn"", ""Cd160"", ""Rsad2"", ""Fut7"")"
"623","GOBP_REGULATION_OF_ADAPTIVE_IMMUNE_RESPONSE","0.000662314034733677","0.00771408906987188","0.477270815362862","0.484543970478465","1.63929334621949","119","c(""H2-K1"", ""H2-D1"", ""Smad7"", ""Ccr7"", ""Gimap3"", ""H2-Q7"", ""B2m"", ""Irf7"", ""Klrd1"", ""Irf1"", ""Clcf1"", ""H2-Q4"", ""H2-T22"", ""Il7r"", ""Il27ra"", ""Vsir"", ""H2-Q6"", ""Zbtb7b"", ""Cd226"", ""Gimap5"", ""Cd55"", ""Il4"", ""Foxp3"", ""Tbx21"", ""Spn"", ""Cd160"", ""H2-DMa"", ""Mif"", ""Rsad2"", ""Fut7"", ""Tnf"", ""Lta"", ""Ccr6"", ""Arid5a"", ""Tnfrsf1b"", ""Il18r1"", ""Ifng"")"
"624","TABULA_MURIS_SENIS_HEART_MONOCYTE_AGEING","0.00129396011073503","0.012734595502072","0.45505986738723","0.521775250339319","1.63929471697912","77","c(""H2-K1"", ""Rpl3"", ""Rps7"", ""Vim"", ""Fxyd5"", ""Rplp0"", ""Rps3"", ""Cotl1"", ""Rpl4"", ""Capg"", ""Cd9"", ""Cd72"", ""Rpl6"", ""Prr13"", ""Skil"", ""Ier2"", ""Ecm1"", ""Ifi30"")"
"625","YAO_TEMPORAL_RESPONSE_TO_PROGESTERONE_CLUSTER_6","0.00523603231524365","0.0372060992437424","0.407017918923954","0.586675556782414","1.6394896496431","41","c(""Ifi27l2a"", ""Capg"", ""Arl4c"", ""Ifit3"", ""Ifih1"", ""Cd55"")"
"626","GOBP_REGULATION_OF_VIRAL_INDUCED_CYTOPLASMIC_PATTERN_RECOGNITION_RECEPTOR_SIGNALING_PATHWAY","0.00401435998388136","0.0305546213792919","0.407017918923954","0.633953991341084","1.64130355811761","29","c(""Irgm1"", ""Trim30a"", ""Dhx58"", ""Ddx60"", ""Oasl1"", ""F2rl1"", ""Gbp2"", ""Igtp"", ""Eif2ak2"", ""Gbp5"", ""Rsad2"", ""Hspa8"", ""Rnf125"", ""Irgm2"")"
"627","GOLDRATH_IMMUNE_MEMORY","0.00397048763625491","0.0304614967790765","0.407017918923954","0.635353143226936","1.6449259550107","29","c(""Ctsw"", ""Eomes"", ""Traf1"", ""Eci1"", ""Cd55"", ""Vkorc1"", ""Cd160"", ""Bmyc"", ""Fcgrt"", ""Tmem141"")"
"628","GOBP_RESPONSE_TO_CYTOKINE","2.6394984118194e-06","7.51151838673924e-05","0.627256739718528","0.423194794859822","1.64540550766358","386","c(""Rpl3"", ""Vim"", ""Rplp0"", ""Rps3"", ""Smad7"", ""Ccr7"", ""Rps2"", ""Rps16"", ""H2-Q7"", ""Irf7"", ""Ifi203"", ""Ifi47"", ""Stat1"", ""Isg15"", ""Xaf1"", ""Zbp1"", ""Capg"", ""Il6ra"", ""Mndal"", ""Ifit1"", ""Irgm1"", ""Bst2"", ""Cxcr6"", ""Ifit3"", ""Il2rb"", ""Dtx1"", ""Irf1"", ""Oas3"", ""Parp14"", ""Samhd1"", ""Parp9"", ""Tgtp2"", ""Rarg"", ""Tgtp1"", ""Nlrc5"", ""Oasl2"", ""Sp100"", ""Oasl1"", ""Il7r"", ""Iigp1"", ""Il27ra"", ""Oas1a"", ""Gbp9"", ""F2rl1"", ""Ifih1"", ""Traf5"", ""Gbp2"", ""Ldlrap1"", ""Igtp"", ""Oas2"", ""Eif2ak2"", ""Mapkapk3"", ""Traf1"", ""Ecm1"", ""Gbp7"", ""Gbp5"", ""Il4"", 
""Pml"", ""Myc"", ""Bcl2"", ""Endog"", ""Trim25"", ""Phb"", ""Pde2a"", ""Gbp3"", ""Timp2"", ""Ccrl2"", ""Sell"")"
"629","GOBP_IMMUNE_EFFECTOR_PROCESS","1.326772728918e-05","0.000310314415180538","0.593325476396405","0.43090459019334","1.64609431093653","305","c(""H2-K1"", ""H2-D1"", ""Rps19"", ""Nkg7"", ""Smad7"", ""Lfng"", ""Ccr7"", ""Rps6"", ""Gimap3"", ""H2-Q7"", ""B2m"", ""Irf7"", ""Il6ra"", ""Bst2"", ""Klrd1"", ""Dhx58"", ""Il2rb"", ""Sema4a"", ""Irf1"", ""Clcf1"", ""H2-Q4"", ""Ifi35"", ""Ddx60"", ""H2-T22"", ""Il7r"", ""Il27ra"", ""Eomes"", ""F2rl1"", ""Bcl3"", ""Crtam"", ""Vsir"", ""Pou2f2"", ""Mfng"", ""H2-Q6"", ""Zbtb7b"", ""Lgals1"", ""Tnfrsf4"", ""Cd226"", ""Gimap5"", ""Cd55"", ""Il4"", ""Cd86"", ""Foxp3"", ""Tbx21"", ""Spn"", ""Cd160"", ""Klrk1"", ""Ctsc"", ""H2-DMa"", ""Phb"", ""Pglyrp1"", ""Klrb1c"", ""Klrc2"", ""Psen2"", ""Mif"", ""Rsad2"", ""Fut7"", 
""Gzmc"", ""Ung"", ""Gzmb"", ""Tnf"", ""Lta"", ""Ccr6"", ""Arid5a"", ""Litaf"", ""Il13"", ""Klrc1"", ""Serpinb9"", ""Tnfrsf1b"", ""Il18r1"", ""Lcp1"", ""Ighd"", ""Ifng"")"
"630","chr17B1","0.0037062546397865","0.0289807907916405","0.431707695803346","0.541345998028864","1.64769390547479","63","c(""H2-K1"", ""H2-D1"", ""Rps18"", ""H2-Q7"", ""Ltb"", ""Psmb9"", ""Rps28"", ""H2-Q4"", ""H2-T22"", ""H2-Q6"")"
"631","GOBP_REGULATION_OF_IMMUNE_EFFECTOR_PROCESS","0.000145823661746954","0.00231434970854987","0.518848077743792","0.454035702325286","1.64977843670214","195","c(""H2-K1"", ""H2-D1"", ""Rps19"", ""Smad7"", ""Ccr7"", ""Gimap3"", ""H2-Q7"", ""B2m"", ""Bst2"", ""Klrd1"", ""Dhx58"", ""Irf1"", ""Clcf1"", ""H2-Q4"", ""Ddx60"", ""H2-T22"", ""Il7r"", ""Il27ra"", ""F2rl1"", ""Crtam"", ""Vsir"", ""H2-Q6"", ""Zbtb7b"", ""Tnfrsf4"", ""Cd226"", ""Gimap5"", ""Cd55"", ""Il4"", ""Cd86"", ""Foxp3"", ""Tbx21"", ""Spn"", ""Cd160"", ""Klrk1"", ""Phb"", ""Pglyrp1"", ""Klrb1c"", ""Klrc2"", ""Mif"", ""Rsad2"", ""Fut7"", ""Tnf"", ""Lta"", ""Ccr6"", ""Arid5a"", ""Litaf"", ""Il13"", ""Klrc1"", ""Serpinb9"", ""Tnfrsf1b"")"
"632","GOBP_REGULATION_OF_PRODUCTION_OF_MOLECULAR_MEDIATOR_OF_IMMUNE_RESPONSE","0.000961097566163063","0.0102629586686211","0.477270815362862","0.497899984053749","1.65344903263263","104","c(""H2-K1"", ""H2-D1"", ""Smad7"", ""Gimap3"", ""H2-Q7"", ""B2m"", ""Bst2"", ""Clcf1"", ""H2-Q4"", ""H2-T22"", ""Il27ra"", ""F2rl1"", ""Vsir"", ""H2-Q6"", ""Tnfrsf4"", ""Cd226"", ""Gimap5"", ""Cd55"", ""Il4"", ""Cd86"", ""Foxp3"", ""Tbx21"", ""Cd160"", ""Phb"", ""Mif"", ""Rsad2"", ""Tnf"", ""Arid5a"", ""Litaf"", ""Il13"", ""Tnfrsf1b"", ""Il18r1"", ""Ifng"")"
"633","MODY_HIPPOCAMPUS_PRENATAL","0.00546917012102416","0.0385025633724419","0.407017918923954","0.640552314429162","1.65558936957932","28","c(""Rps18"", ""Rpl13"", ""Ccnd2"", ""Rps8"", ""Rpl19"", ""Rpl9"", ""Rpl8"", ""Eef1g"", ""Rpl37"", ""Rpl23a"")"
"634","GOCC_ENDOSOME_MEMBRANE","0.00159309942509302","0.0149891455680169","0.45505986738723","0.533762176529251","1.65818230024412","71","c(""H2-K1"", ""H2-D1"", ""H2-Q7"", ""B2m"", ""Anxa6"", ""Ncf4"", ""Pmepa1"", ""H2-T22"", ""H2-Q6"", ""Ehd1"")"
"635","GOBP_REGULATION_OF_ALPHA_BETA_T_CELL_ACTIVATION","0.00128273269111911","0.0126672594129831","0.45505986738723","0.526396158640323","1.66080146812999","78","c(""H2-K1"", ""H2-D1"", ""Smad7"", ""Ccr7"", ""Gimap3"", ""H2-Q7"", ""Irgm1"", ""Runx3"", ""Irf1"", ""H2-Q4"", ""H2-T22"", ""Dapl1"", ""Crtam"", ""Vsir"", ""H2-Q6"", ""Zbtb16"", ""Zbtb7b"", ""Gimap5"", ""Cd55"", ""Il4"", ""Foxp3"", ""Tbx21"", ""Cd160"")"
"636","HALLMARK_IL2_STAT5_SIGNALING","0.000234719345065267","0.00342417590010618","0.518848077743792","0.491498809352067","1.66798071266919","128","c(""Ccnd2"", ""Ltb"", ""Itgae"", ""Capg"", ""Cd48"", ""Il2rb"", ""Adam19"", ""Glipr2"", ""Cst7"", ""Smpdl3a"", ""Eomes"", ""Hopx"", ""Syt11"", ""Nt5e"", ""Icos"", ""Ikzf4"", ""Tnfrsf18"", ""Rnh1"", ""Ahnak"", ""Traf1"", ""Tnfrsf4"", ""Prkch"", ""Drc1"", ""Ecm1"", ""Ttc39b"", ""Cd86"", ""Myc"", ""Bcl2"", ""Ctla4"", ""Cish"", ""Gbp3"", ""Sell"", ""Gpr83"", ""Tnfsf10"", ""Il13"", ""Tnfrsf1b"", ""Igf2r"", ""Il18r1"", ""Pus1"", ""Selp"", ""Ccne1"", ""Fgl2"", ""Irf4"", ""Cxcl10"")"
"637","KATSANOU_ELAVL1_TARGETS_UP","0.0018724846483342","0.0169655284252663","0.45505986738723","0.540649579965971","1.66849588655471","66","c(""Cd52"", ""Rplp1"", ""Psme2"", ""Ctss"", ""Irgm1"", ""Ifi44"", ""Cers4"", ""Ctsc"", ""Ankrd44"", ""Pdgfb"", ""Igf2r"", ""Eng"", ""Csprs"")"
"638","GOBP_POSITIVE_REGULATION_OF_B_CELL_MEDIATED_IMMUNITY","0.00382478166795198","0.0295793356034251","0.431707695803346","0.607258411900839","1.66985771525418","38","c(""H2-K1"", ""H2-D1"", ""Gimap3"", ""H2-Q7"", ""Clcf1"", ""H2-Q4"", ""H2-T22"", ""H2-Q6"", ""Cd226"", ""Gimap5"", ""Il4"", ""Tbx21"", ""Tnf"", ""Lta"")"
"639","TABULA_MURIS_SENIS_HEART_AND_AORTA_SMOOTH_MUSCLE_CELL_AGEING","0.00548191876932491","0.0385268184068005","0.407017918923954","0.626118855079418","1.67077567308728","33","c(""H2-D1"", ""Eef1a1"", ""Rpl39"", ""Capg"", ""Rps28"", ""H2-Q4"", ""Rpl6"", ""Ier5"", ""Rpl38"", ""Jund"", ""S100a6"")"
"640","GOBP_POSITIVE_REGULATION_OF_ALPHA_BETA_T_CELL_ACTIVATION","0.0026601899637338","0.0226331626222241","0.431707695803346","0.575949169396923","1.67390575790087","52","c(""H2-K1"", ""H2-D1"", ""Ccr7"", ""Gimap3"", ""H2-Q7"", ""Irgm1"", ""Runx3"", ""Irf1"", ""H2-Q4"", ""H2-T22"", ""H2-Q6"", ""Zbtb16"", ""Zbtb7b"", ""Gimap5"", ""Cd55"", ""Foxp3"", ""Cd160"")"
"641","WP_TYPE_II_INTERFERON_SIGNALING_IFNG","0.00695517379706614","0.0460252451611124","0.407017918923954","0.694733846975841","1.67435174675009","21","c(""Stat1"", ""Psmb9"", ""Isg15"", ""Irf9"", ""Irf1"", ""Eif2ak2"", ""Ifng"", ""Irf4"", ""Ifit2"", ""Cxcl10"")"
"642","MLLT3_TARGET_GENES","2.30454561966007e-06","6.75805078415038e-05","0.627256739718528","0.438128034603479","1.67500513306178","326","c(""H2-K1"", ""Rps18"", ""Rps19"", ""Rpl3"", ""Rps20"", ""Rpl13"", ""Fxyd5"", ""Rps5"", ""Rpl27a"", ""Rplp0"", ""Rps23"", ""Rpl10a"", ""Rpl21"", ""Rps12"", ""Eef1a1"", ""Rps4x"", ""Rps2"", ""Rpl35"", ""Rps27a"", ""Rpl36a"", ""Rplp2"", ""Rpl5"", ""Rpl18a"", ""Rpl9"", ""Rpl18"", ""Rpl15"", ""Rps25"", ""Rpl10"", ""Isg15"", ""Xaf1"", ""Capg"", ""Rps10"", ""Mndal"", ""Cyth4"", ""Ostf1"", ""Rpl22"", ""Eef1g"", ""Rps14"", ""B4galnt1"", ""Parp14"", ""Rpl11"", ""Rpl23a"", ""Usp18"", ""Ifit3b"", ""Oas1a"", ""Rpl6"", ""Isg20"", ""Hint1"", ""Hspe1"", ""Rpl28"", ""Dennd2d"", ""Sh3bp5"", ""Sgms1"", ""Skil"")"
"643","GOBP_POSITIVE_REGULATION_OF_CELL_KILLING","0.00175983859605563","0.0161928918600481","0.45505986738723","0.577242687323358","1.68117992023997","51","c(""H2-K1"", ""H2-D1"", ""Gimap3"", ""H2-Q7"", ""B2m"", ""Klrd1"", ""H2-Q4"", ""H2-T22"", ""F2rl1"", ""Crtam"", ""H2-Q6"", ""Cd226"", ""Gimap5"", ""Cd160"", ""Klrk1"", ""Klrb1c"", ""Klrc2"")"
"644","AFF4_TARGET_GENES","2.54629537518797e-05","0.000555092391790978","0.575610261071129","0.447443776487224","1.68557455484868","260","c(""Klf2"", ""Rps18"", ""Rpl3"", ""Rps20"", ""Rplp1"", ""Rpl13"", ""Rps5"", ""Rpsa"", ""Rplp0"", ""Rps23"", ""Rpl10a"", ""Smad7"", ""Rpl21"", ""Rps12"", ""Eef1a1"", ""Rpl14"", ""Rps2"", ""Rps8"", ""Rpl22l1"", ""Rps27a"", ""Rpl36a"", ""Rplp2"", ""Rpl5"", ""Eef1b2"", ""Rpl18a"", ""Rpl9"", ""Rpl18"", ""Rpl39"", ""Rpl10"", ""Rps26"", ""Rps10"", ""Rpl41"", ""Rps28"", ""Rpl26"", ""Rpl22"", ""Eef1g"", ""Rpl37"", ""Cd9"", ""Rarg"", ""Rpl11"", ""Rpl23a"", ""Rpl6"", ""Sgk1"", ""Nme2"", ""Bcl3"", ""Aqp3"", ""Hspe1"")"
"645","GOBP_REGULATION_OF_INFLAMMATORY_RESPONSE","7.27588908668157e-05","0.00133862456222164","0.538434096309916","0.474375782644254","1.68659227436955","173","c(""H2-K1"", ""H2-D1"", ""Rps19"", ""Nkg7"", ""Ccr7"", ""H2-Q7"", ""Ctss"", ""Zbp1"", ""Irgm1"", ""Ggt1"", ""Clcf1"", ""H2-Q4"", ""Cst7"", ""Ifi35"", ""H2-T22"", ""Syt11"", ""Igtp"", ""Nt5e"", ""H2-Q6"", ""Gstp1"", ""Lgals1"", ""Il4"", ""Foxp3"", ""Spn"", ""Ctsc"", ""Pglyrp1"", ""Pde2a"", ""Fut7"", ""Tnf"", ""Lta"", ""Cdh5"", ""Il13"", ""Tnfrsf1b"")"
"646","GOBP_CYTOKINE_MEDIATED_SIGNALING_PATHWAY","7.0228211765753e-05","0.00130034736977806","0.538434096309916","0.47496816646427","1.68869843157836","173","c(""Irf7"", ""Stat1"", ""Isg15"", ""Zbp1"", ""Il6ra"", ""Irgm1"", ""Cxcr6"", ""Il2rb"", ""Irf1"", ""Oas3"", ""Parp14"", ""Samhd1"", ""Parp9"", ""Nlrc5"", ""Oasl2"", ""Oasl1"", ""Il7r"", ""Iigp1"", ""Il27ra"", ""Oas1a"", ""F2rl1"", ""Ifih1"", ""Traf5"", ""Igtp"", ""Oas2"", ""Traf1"", ""Ecm1"", ""Il4"")"
"647","GOMF_ANTIGEN_BINDING","0.00131725063636823","0.0129197910463485","0.45505986738723","0.56340768402455","1.68981020627298","60","c(""H2-K1"", ""H2-D1"", ""H2-Q7"", ""B2m"", ""Klrd1"", ""H2-Q4"", ""H2-T22"", ""H2-Q6"", ""H2-DMa"", ""Klrc2"")"
"648","REACTOME_GAMMA_CARBOXYLATION_HYPUSINYLATION_HYDROXYLATION_AND_ARYLSULFATASE_ACTIVATION","0.00511907700047849","0.0366001334551538","0.407017918923954","0.692235824694785","1.69146897533667","22","c(""Rpl27a"", ""Rps23"", ""Rps6"", ""Rpl8"", ""Tpst2"", ""Dph5"", ""Arsb"")"
"649","GOBP_INNATE_IMMUNE_RESPONSE_ACTIVATING_SIGNALING_PATHWAY","0.000793088003509141","0.00888939345127472","0.477270815362862","0.515303710145941","1.69401750863551","96","c(""Irf7"", ""Irgm1"", ""Klrd1"", ""Trim30a"", ""Dhx58"", ""Irf1"", ""Oas3"", ""Ifi35"", ""Ddx60"", ""Oasl1"", ""Oas1a"", ""F2rl1"", ""Ifih1"", ""Gbp2"", ""Igtp"", ""Eif2ak2"", ""Mapkapk3"", ""Tmem126a"", ""Gbp5"", ""Cd86"", ""Trim25"", ""Klrk1"", ""Phb"", ""Klrc2"", ""Rsad2"", ""Tnf"", ""Hspa8"", ""Klrc1"", ""Rnf125"", ""Irgm2"", ""Kcnj8"", ""Irak1"", ""Irf4"", ""Lbp"", ""Smpdl3b"", ""Unc93b1"")"
"650","GOCC_ENDOPLASMIC_RETICULUM","1.4324387930249e-07","6.04029117321521e-06","0.690132458796796","0.431878642603262","1.69434035151478","423","c(""H2-K1"", ""H2-D1"", ""Ctsw"", ""Rps7"", ""Rpl13"", ""Rpl27a"", ""Rplp0"", ""Rps3"", ""Rps23"", ""Rpl21"", ""Rps6"", ""Gimap3"", ""Rps8"", ""H2-Q7"", ""Rps3a1"", ""Rpl36a"", ""B2m"", ""Rpl5"", ""Eef1b2"", ""Ifi47"", ""Rpl18"", ""Emc9"", ""Rpl10"", ""Rpl4"", ""Rps26"", ""Rps28"", ""Irgm1"", ""Ggt1"", ""Eef1g"", ""H2-Q4"", ""Cst7"", ""Esyt1"", ""Tgtp2"", ""Tgtp1"", ""H2-T22"", ""Iigp1"", ""Tpst2"", ""Rpl6"", ""Sgk1"", ""Igtp"", ""Pde3b"", ""Rcn1"", ""Eef1d"", ""Sgms1"", ""H2-Q6"", ""Sorl1"", ""Nenf"", ""Bcap29"")"
"651","MIKKELSEN_IPS_LCP_WITH_H3K4ME3","0.00109976088584751","0.0113856072774298","0.45505986738723","0.58357813434099","1.69603900458889","49","c(""Emp3"", ""Xaf1"", ""Capg"", ""Hvcn1"", ""G430095P16Rik"", ""Sema4a"", ""Oas3"", ""Ifi35"", ""Qrfp"")"
"652","GOCC_POSTSYNAPTIC_SPECIALIZATION","0.000278672937937636","0.00386065602509766","0.49849310876659","0.511378168889907","1.696716070909","107","c(""Rps18"", ""Rps19"", ""Rpl23"", ""Rplp0"", ""Rps3"", ""Rpl10a"", ""Rpl14"", ""Rpl5"", ""Rpl18a"", ""Rpl8"", ""Rps25"", ""Rpl4"", ""Add3"", ""Rps14"", ""Actn2"", ""Prr7"", ""Rpl6"", ""Rapgef4"", ""Syt11"")"
"653","GOBP_REGULATION_OF_CELL_KILLING","0.00101763901458889","0.0107684422769881","0.45505986738723","0.546196803877831","1.69681163721517","71","c(""H2-K1"", ""H2-D1"", ""Gimap3"", ""H2-Q7"", ""B2m"", ""Klrd1"", ""H2-Q4"", ""H2-T22"", ""Il7r"", ""F2rl1"", ""Crtam"", ""H2-Q6"", ""Cd226"", ""Gimap5"", ""Cd55"", ""Il4"", ""Cd160"", ""Klrk1"", ""Klrb1c"", ""Klrc2"")"
"654","GOBP_ADENYLATE_CYCLASE_ACTIVATING_G_PROTEIN_COUPLED_RECEPTOR_SIGNALING_PATHWAY","0.00264143854024077","0.0225400154312717","0.431707695803346","0.617089868957461","1.6968925559356","38","c(""S1pr1"", ""S1pr4"", ""Adgrg5"", ""Rapgef4"", ""Nme2"", ""Cxcr3"", ""Adgrg3"")"
"655","GOBP_ANTIGEN_PROCESSING_AND_PRESENTATION_OF_ENDOGENOUS_ANTIGEN","0.00358930114000173","0.0282883938414598","0.431707695803346","0.76836145847828","1.69714002407454","15","c(""H2-K1"", ""H2-D1"", ""H2-Q7"", ""B2m"", ""H2-Q4"", ""H2-T22"", ""H2-Q6"")"
"656","TABULA_MURIS_SENIS_SPLEEN_CD8_POSITIVE_ALPHA_BETA_T_CELL_AGEING","0.000255201337892637","0.00360451369512731","0.49849310876659","0.51322536433895","1.69726630708983","102","c(""Ms4a4b"", ""H2-K1"", ""H2-D1"", ""Klf2"", ""Vim"", ""Tmsb4x"", ""Nkg7"", ""Cotl1"", ""Cd7"", ""Gimap4"", ""AW112010"", ""Arl4c"", ""Gm8369"", ""Cst7"", ""Eomes"", ""Hopx"", ""Prr13"", ""Syt11"", ""Bcl3"", ""Gng2"", ""Rcn1"", ""Cxcr3"", ""Ly6a"", ""H2-Q6"", ""Gimap7"", ""Lgals1"", ""Ier2"")"
"657","MEISSNER_NPC_HCP_WITH_H3K4ME2_AND_H3K27ME3","0.00119717093329221","0.0120699065997017","0.45505986738723","0.551248775921552","1.70120601064985","66","c(""Tesc"", ""Clcf1"", ""Amigo2"", ""St8sia6"", ""Vipr1"", ""Ahnak"", ""Tbx21"", ""Tdrp"", ""Wscd2"", ""Pdgfb"", ""Nfatc2"", ""Nefh"", ""Agpat2"", ""Cdh1"", ""Penk"", ""Tmem163"", ""Stac2"", ""Kcnk1"", ""Gjb2"")"
"658","TABULA_MURIS_SENIS_BRAIN_NON_MYELOID_NEURON_AGEING","1.06064012956426e-05","0.000257450337331628","0.593325476396405","0.451320173106986","1.70161022812312","265","c(""H2-K1"", ""H2-D1"", ""Rps20"", ""Rps7"", ""Rpl13"", ""Vim"", ""Tmsb4x"", ""Rpsa"", ""Rps3"", ""Smad7"", ""Rpl32"", ""Rpl17"", ""Ccr7"", ""S1pr1"", ""Rpl35"", ""Rps3a1"", ""B2m"", ""Rpl18"", ""Rpl29"", ""Capg"", ""Il6ra"", ""Rpl26"", ""Chchd10"", ""Cd9"", ""Pmepa1"", ""Prr13"", ""Rapgef4"", ""Sidt1"", ""Bola2"", ""Acvrl1"", ""B4galt5"", ""Nacc2"", ""Rps15"", ""Atp5g2"", ""Fbln1"", ""Fkbp3"", ""Ppic"", ""Pcbd2"", ""Auts2"", ""Nabp2"", ""Fbl"", ""Bcl2"")"
"659","WP_LUNG_FIBROSIS","0.00244966973084901","0.0212808150903981","0.431707695803346","0.662699439826657","1.70244344121253","27","c(""Smad7"", ""Skil"", ""Il4"", ""Tnf"", ""Pdgfb"", ""Il13"")"
"660","GOBP_REGULATION_OF_RESPONSE_TO_CYTOKINE_STIMULUS","0.00168941372640283","0.0156406139381877","0.45505986738723","0.585889891569439","1.70279690483957","52","c(""Irf7"", ""Isg15"", ""Zbp1"", ""Irgm1"", ""Oas3"", ""Parp14"", ""Samhd1"", ""Parp9"", ""Nlrc5"", ""Oas1a"", ""F2rl1"", ""Ifih1"", ""Igtp"", ""Ecm1"")"
"661","GOBP_ACTIVATION_OF_INNATE_IMMUNE_RESPONSE","0.000259589759614723","0.0036399272846948","0.49849310876659","0.503299035923438","1.70388755847127","116","c(""Irf7"", ""Ifi203"", ""Zbp1"", ""Mndal"", ""Irgm1"", ""Klrd1"", ""Trim30a"", ""Dhx58"", ""Irf1"", ""Oas3"", ""Ifi35"", ""Ddx60"", ""Oasl1"", ""Oas1a"", ""F2rl1"", ""Ifih1"", ""Gbp2"", ""Igtp"", ""Trim30d"", ""Eif2ak2"", ""Mapkapk3"", ""Tmem126a"", ""Gbp7"", ""Gbp5"", ""Trim30c"", ""Cd86"", ""Trim25"", ""Klrk1"", ""Phb"", ""Klrc2"", ""Rsad2"", ""Gbp3"", ""Tnf"", ""Hspa8"", ""Klrc1"", ""Rnf125"")"
"662","YAO_TEMPORAL_RESPONSE_TO_PROGESTERONE_CLUSTER_9","0.00401994712556075","0.0305568875583743","0.407017918923954","0.646465577416894","1.7046433326632","31","c(""Rpl36a"", ""Irf7"", ""Psmb9"", ""Isg15"", ""Ifit1"", ""Irf9"", ""Chchd10"", ""H2-Q4"", ""Tgtp1"", ""Ctsc"")"
"663","WORSCHECH_TUMOR_REJECTION_UP","0.00156958399289888","0.0148646447296121","0.45505986738723","0.610114788095688","1.70622584533662","42","c(""Ifit1"", ""Klrd1"", ""Il7r"", ""Mx1"", ""Ly6a"", ""Tnfrsf4"", ""Ly6c1"", ""Ifi27"", ""Ccrl2"", ""Gzmb"", ""Tnfrsf1b"", ""Klra9"", ""Ifng"", ""Ccr10"", ""Fasl"", ""Irf4"")"
"664","GOBP_ANTIVIRAL_INNATE_IMMUNE_RESPONSE","0.00324534981003701","0.026190275472271","0.431707695803346","0.712879089668774","1.70629174343755","20","c(""Zbp1"", ""Ifit3"", ""Dhx58"", ""Ifit3b"", ""Oas1a"", ""Ifih1"", ""Eif2ak2"", ""Trim25"", ""Phb"", ""Tnf"")"
"665","GOBP_REGULATION_OF_B_CELL_MEDIATED_IMMUNITY","0.00176308130091298","0.0161928918600481","0.45505986738723","0.602341994557047","1.70667409649836","45","c(""H2-K1"", ""H2-D1"", ""Gimap3"", ""H2-Q7"", ""Clcf1"", ""H2-Q4"", ""H2-T22"", ""Il27ra"", ""H2-Q6"", ""Cd226"", ""Gimap5"", ""Cd55"", ""Il4"", ""Foxp3"", ""Tbx21"", ""Tnf"", ""Lta"")"
"666","GOBP_POSITIVE_REGULATION_OF_RESPONSE_TO_CYTOKINE_STIMULUS","0.00261080714791043","0.0223446413236719","0.431707695803346","0.686868225171756","1.70938101825706","24","c(""Irf7"", ""Zbp1"", ""Irgm1"", ""Parp14"", ""Parp9"", ""Nlrc5"", ""Ifih1"", ""Igtp"")"
"667","SIMBULAN_PARP1_TARGETS_UP","0.00281201221972854","0.0236807501361104","0.431707695803346","0.776227340465349","1.71451401257644","15","c(""Ccnd2"", ""Igfbp4"", ""Ly6a"", ""Ly6c1"", ""Timp2"", ""S100a6"")"
"668","GOCC_EARLY_ENDOSOME_MEMBRANE","0.00349621650386615","0.0277334605381627","0.431707695803346","0.695942186607552","1.71466285492761","23","c(""H2-K1"", ""H2-D1"", ""H2-Q7"", ""Pmepa1"", ""H2-T22"", ""H2-Q6"", ""Ehd1"")"
"669","HOFFMANN_SMALL_PRE_BII_TO_IMMATURE_B_LYMPHOCYTE_UP","0.00256279230381093","0.0220316237189222","0.431707695803346","0.601079447560669","1.714976148747","46","c(""Ccnd2"", ""Gimap4"", ""Ltb"", ""Ncf4"", ""Pepd"", ""Ly6a"", ""Ehd1"", ""Ifi30"", ""H2-DMa"", ""Abhd14a"", ""Suclg2"")"
"670","ZHANG_UTERUS_C2_SECRETORY_STROMAL3_RAMP3_HIGH_CELL","0.00016255456456736","0.00253120679112032","0.518848077743792","0.516037761845549","1.71665720146402","108","c(""Rps18"", ""Vim"", ""Rplp0"", ""Eef1a1"", ""Rps6"", ""Rpl35"", ""Rpl15"", ""Rpl10"", ""Rpl4"", ""Arl4c"", ""Bst2"", ""Gm10076"", ""Eef1g"", ""Sgk1"", ""Nme2"", ""Rcn1"", ""Gstp1"", ""Lgals1"", ""Ier2"", ""Ppic"", ""Gm2000"", ""Vkorc1"", ""Wdr89"", ""Rps26-ps1"")"
"671","GOBP_NEGATIVE_REGULATION_OF_CELL_KILLING","0.00524739936596088","0.0372410640505602","0.407017918923954","0.680888491944193","1.71783279763543","25","c(""H2-K1"", ""H2-D1"", ""H2-Q7"", ""Klrd1"", ""H2-Q4"", ""H2-T22"", ""Il7r"", ""H2-Q6"", ""Il4"")"
"672","GOBP_B_CELL_MEDIATED_IMMUNITY","0.000476650031832189","0.00594731583994505","0.49849310876659","0.529927036710875","1.71840202799131","87","c(""H2-K1"", ""H2-D1"", ""Gimap3"", ""H2-Q7"", ""Irf7"", ""Il2rb"", ""Clcf1"", ""H2-Q4"", ""H2-T22"", ""Il27ra"", ""Bcl3"", ""Pou2f2"", ""H2-Q6"", ""Cd226"", ""Gimap5"", ""Cd55"", ""Il4"", ""Foxp3"", ""Tbx21"", ""H2-DMa"", ""Ung"", ""Tnf"", ""Lta"", ""Ccr6"")"
"673","GOCC_NEURON_TO_NEURON_SYNAPSE","0.000271635767066045","0.00377221112101092","0.49849310876659","0.514421700929722","1.71989659615677","112","c(""Rps18"", ""Rps19"", ""Rpl23"", ""Rplp0"", ""Rps3"", ""Rpl10a"", ""Rpl14"", ""Rpl5"", ""Rpl18a"", ""Rpl8"", ""Rps25"", ""Rpl4"", ""Add3"", ""Rps14"", ""Actn2"", ""Prr7"", ""Rpl6"", ""Rapgef4"", ""Syt11"")"
"674","GOBP_REGULATION_OF_SIGNAL_TRANSDUCTION_BY_P53_CLASS_MEDIATOR","0.00134246704654437","0.0130562830435805","0.45505986738723","0.649906625343848","1.72034927321955","32","c(""Rps20"", ""Rps7"", ""Rpl23"", ""Rpl5"", ""Rpl26"", ""Rpl37"", ""Rpl11"", ""Rps15"", ""Npm1"", ""Pml"", ""Myc"", ""Mif"")"
"675","TABULA_MURIS_SENIS_SKIN_BASAL_CELL_OF_EPIDERMIS_AGEING","4.81117137939407e-08","2.35543534396267e-06","0.719512826338911","0.43852634633033","1.72262206028349","436","c(""H2-K1"", ""Klf2"", ""Rps18"", ""Rps19"", ""Rpl3"", ""Rps20"", ""Rps7"", ""Rplp1"", ""Rpl13"", ""Tmsb4x"", ""Fxyd5"", ""Rps5"", ""Rpsa"", ""Rpl27a"", ""Rplp0"", ""Rps3"", ""Rpl32"", ""Rpl21"", ""Cotl1"", ""Ccnd2"", ""Rps4x"", ""Rpl14"", ""Rpl17"", ""Rps16"", ""Rps8"", ""Rpl22l1"", ""Rpl35"", ""Rps3a1"", ""Rps27a"", ""Psme2"", ""B2m"", ""Rplp2"", ""Rpl5"", ""Eef1b2"", ""Rpl19"", ""Rpl18a"", ""Rpl9"", ""Rpl18"", ""AW112010"", ""Ltb"", ""Rpl8"", ""Psmb9"", ""Rpl10"", ""Klk8"", ""Rpl36"", ""Rps10"", ""Rpl41"", ""Ostf1"", ""Rpl22"", ""Vasp"", ""Chchd10"", ""Rps14"", ""Ncf4"", ""Rexo2"", ""Cd9"", ""Ifi35"", ""Rarg"", 
""Rpl11"", ""Dapl1"", ""Rpl6"", ""Prr13"", ""Nme2"", ""Plac8"", ""Vsir"", ""Hint1"", ""Hspe1"", ""Eef1d"", ""Rpl28"", ""Tnfrsf18"", ""Nenf"", ""Atp5g2"", ""Npm1"", ""Gstp1"", ""Eci1"", ""Tnfrsf4"", ""Fkbp3"", ""Ier2"", ""Aprt"", ""Pcbd2"", ""Tuba4a"", ""Rpl31"", ""Ifi30"")"
"676","GOBP_RIBOSOMAL_LARGE_SUBUNIT_ASSEMBLY","0.00368984627905187","0.028922987726028","0.431707695803346","0.745269129585229","1.72400296669375","18","c(""Rplp0"", ""Rpl5"", ""Rpl10"", ""Rpl11"", ""Rpl23a"", ""Rpl6"", ""Rpl38"")"
"677","GAVIN_FOXP3_TARGETS_CLUSTER_P7","0.00119443434532313","0.0120633692533771","0.45505986738723","0.593361741807516","1.72451266345207","52","c(""Klrd1"", ""Glipr2"", ""Amigo2"", ""Nt5e"", ""Pdlim4"", ""Ikzf4"", ""Gramd3"", ""Drc1"", ""Ecm1"", ""Ppic"", ""Ttc39b"", ""Hs3st3b1"", ""2810001G20Rik"", ""Qpct"", ""Tmem64"", ""Abcb1b"", ""Evi2a"", ""Igf2r"", ""Ncoa7"", ""Apobr"", ""Selp"", ""Arhgap20"", ""Fasl"", ""Specc1"", ""Prg4"", ""Gsta4"")"
"678","GAUSSMANN_MLL_AF4_FUSION_TARGETS_A_DN","0.0017850177460577","0.0163683293951989","0.45505986738723","0.645010170601941","1.7254735198234","34","c(""H2-K1"", ""H2-D1"", ""Klf2"", ""H2-DMa"", ""Endod1"", ""Wscd2"", ""Spef2"", ""Lcp1"")"
"679","GOCC_GOLGI_STACK","0.00498720382248022","0.0357901571210785","0.407017918923954","0.684511653666106","1.72697377462458","25","c(""H2-K1"", ""H2-D1"", ""H2-Q7"", ""H2-Q4"", ""Sgms1"", ""H2-Q6"", ""Sorl1"")"
"680","GOBP_NEGATIVE_REGULATION_OF_VIRAL_PROCESS","0.0019645734463718","0.0177056798747112","0.431707695803346","0.594238339339763","1.72731951854085","50","c(""Stat1"", ""Isg15"", ""Bst2"", ""Trim30a"", ""Oas3"", ""Oasl2"", ""Sp100"", ""Oasl1"", ""Oas1a"", ""Ifih1"", ""Isg20"", ""Oas2"", ""Trim30d"", ""Eif2ak2"", ""Fbln1"", ""Trim30c"", ""Trim25"", ""Rsad2"", ""Tnf"")"
"681","GOBP_NEGATIVE_REGULATION_OF_VIRAL_GENOME_REPLICATION","0.00297694575461078","0.0245683080348379","0.431707695803346","0.65523116002813","1.7277570025586","31","c(""Isg15"", ""Bst2"", ""Oas3"", ""Oasl2"", ""Oasl1"", ""Oas1a"", ""Ifih1"", ""Isg20"", ""Oas2"", ""Eif2ak2"", ""Rsad2"", ""Tnf"")"
"682","IRITANI_MAD1_TARGETS_DN","0.00172164508815611","0.015888088936546","0.45505986738723","0.646441493501588","1.72930246682955","34","c(""Rpl13"", ""Rpsa"", ""Rpl10a"", ""Rpl18"", ""Ass1"", ""Rpl22"", ""Eef1g"", ""Nme2"", ""Npm1"", ""Fbl"", ""Ppa1"")"
"683","HEVNER_TELENCEPHALON_MENINGEAL_CELLS","0.00381164459085536","0.0295172530849483","0.431707695803346","0.732827650285268","1.73098597161764","19","c(""Fxyd5"", ""Emp3"", ""Lgals1"", ""Fbln1"", ""S100a6"")"
"684","GOCC_GOLGI_CISTERNA","0.00329995906164821","0.02651441376793","0.431707695803346","0.710164019500703","1.73527627946077","22","c(""H2-K1"", ""H2-D1"", ""H2-Q7"", ""H2-Q4"", ""Sgms1"", ""H2-Q6"", ""Sorl1"")"
"685","TABULA_MURIS_SENIS_KIDNEY_KIDNEY_CORTEX_ARTERY_CELL_AGEING","0.00324534981003701","0.026190275472271","0.431707695803346","0.73642766896687","1.7394894469341","19","c(""H2-K1"", ""Ifi27l2a"", ""B2m"", ""Rps10"", ""Plac8"")"
"686","TABULA_MURIS_SENIS_LIMB_MUSCLE_SKELETAL_MUSCLE_SATELLITE_CELL_AGEING","0.00106117694374011","0.011085749012634","0.45505986738723","0.580006319308552","1.74224431025885","61","c(""H2-K1"", ""H2-D1"", ""Klf2"", ""Rpl13"", ""Rpl14"", ""B2m"", ""Capg"", ""Tagln2"", ""H2-Q4"", ""Rpl6"", ""Isg20"", ""Hint1"", ""Eef1d"", ""Skil"", ""Gstp1"", ""Tuba4a"")"
"687","GOBP_REGULATION_OF_T_CELL_MEDIATED_CYTOTOXICITY","0.00307848874378656","0.0252261410962482","0.431707695803346","0.713253162575331","1.74282455923004","22","c(""H2-K1"", ""H2-D1"", ""H2-Q7"", ""B2m"", ""Klrd1"", ""H2-Q4"", ""H2-T22"", ""Il7r"", ""H2-Q6"")"
"688","GOBP_REGULATION_OF_NATURAL_KILLER_CELL_MEDIATED_IMMUNITY","0.00102606686550742","0.010836541649061","0.45505986738723","0.61527724926016","1.74332481043313","45","c(""H2-K1"", ""H2-D1"", ""Gimap3"", ""H2-Q7"", ""Klrd1"", ""H2-Q4"", ""H2-T22"", ""Crtam"", ""H2-Q6"", ""Cd226"", ""Gimap5"", ""Cd160"", ""Klrk1"", ""Klrb1c"", ""Klrc2"")"
"689","GOBP_ANTIGEN_PROCESSING_AND_PRESENTATION_OF_EXOGENOUS_PEPTIDE_ANTIGEN_VIA_MHC_CLASS_II","0.002218066167249","0.0196229222790161","0.431707695803346","0.763888568846441","1.74439366456004","17","c(""B2m"", ""Ctss"", ""Ifi30"", ""H2-DMa"", ""Unc93b1"", ""H2-DMb2"", ""Ctse"", ""H2-Ob"")"
"690","GOBP_POSITIVE_REGULATION_OF_NATURAL_KILLER_CELL_MEDIATED_IMMUNITY","0.00148927895499137","0.0141973011930448","0.45505986738723","0.652435905398191","1.74533818140572","34","c(""H2-K1"", ""H2-D1"", ""Gimap3"", ""H2-Q7"", ""Klrd1"", ""H2-Q4"", ""H2-T22"", ""Crtam"", ""H2-Q6"", ""Cd226"", ""Gimap5"", ""Cd160"", ""Klrk1"", ""Klrb1c"", ""Klrc2"")"
"691","GOCC_GOLGI_MEMBRANE","0.00104512388094647","0.010997596831016","0.45505986738723","0.583330763798187","1.74615088566412","58","c(""H2-K1"", ""H2-D1"", ""Lfng"", ""H2-Q7"", ""Irgm1"", ""B4galnt1"", ""Glipr2"", ""Pmepa1"", ""H2-T22"", ""Gbp2"", ""Igtp"", ""Mfng"", ""Sgms1"", ""H2-Q6"", ""Gbp5"")"
"692","DESCARTES_ORGANOGENESIS_MEGAKARYOCYTES","0.000793998099508007","0.00888939345127472","0.477270815362862","0.595858856996085","1.74641141102712","55","c(""Ifi47"", ""Rasgrp2"", ""Tagln2"", ""Rasa3"", ""Cd9"", ""Tpst2"", ""Crtam"", ""Nacc2"", ""Dennd2d"", ""Itgb3"", ""Ctla2b"", ""Cd226"", ""Tuba4a"", ""Ubash3b"")"
"693","DESCARTES_ORGANOGENESIS_ENDOTHELIAL_CELLS","0.000326604262677696","0.00439811847433345","0.49849310876659","0.544803383241102","1.74707760919708","82","c(""Klf2"", ""S1pr1"", ""Gimap4"", ""Pced1b"", ""Adam19"", ""Foxo1"", ""Il27ra"", ""Gbp9"", ""Slfn5"", ""Acvrl1"", ""Rgs3"", ""Sh3bp5"", ""Prkch"", ""Bcl2"", ""Plaur"", ""Tdrp"", ""Rsad2"", ""Pgm2"", ""Pdgfb"", ""Cdh5"")"
"694","GOBP_ANTIGEN_PROCESSING_AND_PRESENTATION_OF_PEPTIDE_OR_POLYSACCHARIDE_ANTIGEN_VIA_MHC_CLASS_II","0.00264855559835519","0.0225674125246282","0.431707695803346","0.755602474493426","1.74790670370687","18","c(""B2m"", ""Ctss"", ""Ifi30"", ""H2-DMa"", ""Unc93b1"", ""H2-DMb2"")"
"695","GOBP_CD8_POSITIVE_ALPHA_BETA_T_CELL_ACTIVATION","0.00120745192528313","0.012152351519792","0.45505986738723","0.667789017339243","1.74813030857734","30","c(""H2-K1"", ""H2-D1"", ""H2-Q7"", ""Gpr18"", ""Runx3"", ""Irf1"", ""H2-Q4"", ""H2-T22"", ""Dapl1"", ""Eomes"", ""Crtam"", ""Igtp"", ""Vsir"", ""Tnfsf8"", ""H2-Q6"", ""Zbtb7b"", ""Bcl2"")"
"696","GOBP_RIBOSOMAL_LARGE_SUBUNIT_BIOGENESIS","0.00093303085774504","0.0100188090431098","0.477270815362862","0.602761877555913","1.74998197232889","53","c(""Rplp0"", ""Rpl10a"", ""Rpl14"", ""Rpl35"", ""Rpl5"", ""Rpl10"", ""Rpl26"", ""Rpl11"", ""Rpl23a"", ""Rpl6"", ""Npm1"", ""Gm2000"", ""Rpl38"")"
"697","MORI_LARGE_PRE_BII_LYMPHOCYTE_DN","0.00142590646851957","0.0136834911439162","0.45505986738723","0.654715884490282","1.75143737755558","34","c(""Ctss"", ""Ltb"", ""Capg"", ""Rasa3"", ""Dtx1"", ""Samhd1"", ""H2-DMa"", ""Hip1r"", ""Lcp1"")"
"698","GOBP_REGULATION_OF_RESPONSE_TO_EXTERNAL_STIMULUS","1.12539920591325e-08","6.19183925005793e-07","0.747739663149885","0.446192728574132","1.75293340583041","433","c(""H2-K1"", ""H2-D1"", ""Rps19"", ""Nkg7"", ""Ccr7"", ""Gimap3"", ""S1pr1"", ""H2-Q7"", ""Ctss"", ""Irf7"", ""Ifi203"", ""Stat1"", ""Isg15"", ""Zbp1"", ""Mndal"", ""Irgm1"", ""Ggt1"", ""Gpr18"", ""Klrd1"", ""Trim30a"", ""Dhx58"", ""Sema4a"", ""Irf1"", ""Oas3"", ""Clcf1"", ""H2-Q4"", ""Parp14"", ""Samhd1"", ""Cst7"", ""Parp9"", ""Cd9"", ""Ifi35"", ""Ddx60"", ""Nlrc5"", ""H2-T22"", ""Oasl1"", ""Oas1a"", ""Hopx"", ""F2rl1"", ""Ifih1"", ""Syt11"", ""Gbp2"", ""Crtam"", ""Igtp"", ""Nt5e"", ""Cxcr3"", ""H2-Q6"", ""Trim30d"", ""Eif2ak2"", ""Mapkapk3"", ""Nenf"", ""Gstp1"", ""Lgals1"", ""Cdh13"", ""Cd226"", ""Gimap5"", 
""Tmem126a"", ""Cd55"", ""Gbp7"", ""Gbp5"", ""Il4"", ""Pml"", ""Trim30c"", ""Cd86"", ""Vkorc1"", ""Ubash3b"", ""Bcl2"", ""Foxp3"", ""Spn"", ""Cd160"", ""Plaur"", ""Trim25"", ""Klrk1"", ""Ctsc"", ""Phb"", ""Pglyrp1"", ""Klrb1c"", ""Klrc2"", ""Pde2a"", ""Mif"", ""Rsad2"", ""Gbp3"", ""Fut7"", ""Sell"", ""Dtx3l"", ""Tnf"", ""Pdgfb"", ""Lta"", ""Trafd1"", ""Ccr6"", ""Inpp5f"", ""Hspa8"", ""Cdh5"", ""Il13"", ""Klrc1"", ""Serpinb9"", ""Tnfrsf1b"", ""Rnf125"")"
"699","GOBP_T_CELL_MEDIATED_CYTOTOXICITY","0.00112197091941102","0.0114964491159022","0.45505986738723","0.66980936764991","1.75341915807968","30","c(""H2-K1"", ""H2-D1"", ""H2-Q7"", ""B2m"", ""Klrd1"", ""H2-Q4"", ""H2-T22"", ""Il7r"", ""H2-Q6"", ""Ctsc"", ""Gzmb"", ""Serpinb9"")"
"700","GOMF_PATTERN_RECOGNITION_RECEPTOR_ACTIVITY","0.00251273563072107","0.0216334929041365","0.431707695803346","0.758009242796133","1.75347419004073","18","c(""Trim30a"", ""Ifih1"", ""Trim30d"", ""Trim30c"", ""Pglyrp1"")"
"701","GOBP_NATURAL_KILLER_CELL_MEDIATED_IMMUNITY","0.000665874915713237","0.00773995852731463","0.477270815362862","0.595713986634823","1.7547250371693","56","c(""H2-K1"", ""H2-D1"", ""Nkg7"", ""Gimap3"", ""H2-Q7"", ""Klrd1"", ""H2-Q4"", ""H2-T22"", ""Crtam"", ""H2-Q6"", ""Cd226"", ""Gimap5"", ""Cd160"", ""Klrk1"", ""Klrb1c"", ""Klrc2"", ""Gzmc"", ""Gzmb"", ""Klrc1"", ""Serpinb9"")"
"702","HAN_JNK_SINGALING_UP","0.00127751858319617","0.0126373713272676","0.45505986738723","0.705243458781983","1.75511071485426","24","c(""Ifi27l2a"", ""Ccnd2"", ""Isg15"", ""Ifit1"", ""Irf9"", ""Ifit3"", ""Usp18"", ""Sgk1"", ""Igtp"")"
"703","GOBP_NEGATIVE_REGULATION_OF_RESPONSE_TO_EXTERNAL_STIMULUS","4.23625788522144e-05","0.000855694468633714","0.557332238758646","0.496926845402531","1.75644219552621","165","c(""H2-K1"", ""H2-D1"", ""Rps19"", ""H2-Q7"", ""Isg15"", ""Irgm1"", ""Gpr18"", ""Klrd1"", ""Trim30a"", ""Dhx58"", ""Sema4a"", ""Oas3"", ""H2-Q4"", ""Parp14"", ""Samhd1"", ""Cst7"", ""Cd9"", ""Nlrc5"", ""H2-T22"", ""Oas1a"", ""F2rl1"", ""Syt11"", ""Igtp"", ""Nt5e"", ""H2-Q6"", ""Nenf"", ""Gstp1"", ""Il4"", ""Ubash3b"", ""Foxp3"", ""Spn"", ""Plaur"", ""Pglyrp1"", ""Mif"", ""Tnf"", ""Pdgfb"", ""Trafd1"", ""Inpp5f"", ""Hspa8"", ""Cdh5"", ""Il13"", ""Serpinb9"", ""Tnfrsf1b"", ""Rnf125"")"
"704","GOBP_LYMPHOCYTE_MIGRATION","0.000718875462891817","0.00822365059232876","0.477270815362862","0.591288694010398","1.75838548757204","57","c(""Itgb7"", ""Ccr7"", ""S1pr1"", ""Il27ra"", ""Stk10"", ""Crtam"", ""Cxcr3"", ""Itgb3"", ""Ecm1"", ""Tbx21"", ""Spn"", ""Fut7"", ""Ccr6"")"
"705","GOBP_POSITIVE_REGULATION_OF_CD4_POSITIVE_ALPHA_BETA_T_CELL_DIFFERENTIATION","0.00176308273844041","0.0161928918600481","0.45505986738723","0.77148258496713","1.76173513836884","17","c(""Ccr7"", ""Gimap3"", ""Irf1"", ""Zbtb7b"", ""Gimap5"", ""Foxp3"", ""Ifng"", ""Malt1"")"
"706","GOBP_NEGATIVE_REGULATION_OF_RESPONSE_TO_CYTOKINE_STIMULUS","0.000874285108630315","0.00954772225436168","0.477270815362862","0.680518919607242","1.76185991313805","29","c(""Isg15"", ""Oas3"", ""Parp14"", ""Samhd1"", ""Nlrc5"", ""Oas1a"", ""F2rl1"", ""Ecm1"")"
"707","TABULA_MURIS_SENIS_KIDNEY_KIDNEY_MESANGIAL_CELL_AGEING","0.00228636947806526","0.0201220245417881","0.431707695803346","0.761753539867691","1.76213573122537","18","c(""H2-K1"", ""H2-D1"", ""Ifi27l2a"", ""Ly6a"")"
"708","GOBP_CELL_KILLING","6.03809094593649e-05","0.00115503481439322","0.557332238758646","0.521555207979055","1.76274756514562","118","c(""H2-K1"", ""H2-D1"", ""Rps19"", ""Nkg7"", ""Gimap3"", ""H2-Q7"", ""B2m"", ""Klrd1"", ""H2-Q4"", ""H2-T22"", ""Il7r"", ""F2rl1"", ""Gbp2"", ""Crtam"", ""Igtp"", ""H2-Q6"", ""Cd226"", ""Gimap5"", ""Cd55"", ""Gbp7"", ""Gbp5"", ""Il4"", ""Cd160"", ""Klrk1"", ""Ctsc"", ""Pglyrp1"", ""Klrb1c"", ""Klrc2"", ""Gbp3"", ""Gzmc"", ""Gzmb"", ""Il13"", ""Klrc1"", ""Serpinb9"")"
"709","SPIB_TARGET_GENES","0.000151628022131294","0.00238495982460346","0.518848077743792","0.531019931241098","1.76343526760277","104","c(""H2-K1"", ""Tmsb4x"", ""Rps8"", ""H2-Q7"", ""Ctss"", ""Gpr18"", ""Rasa3"", ""Slfn8"", ""Gpr68"", ""Ncf4"", ""H2-Q4"", ""Esyt1"", ""Samd9l"", ""Isg20"", ""H2-Q6"", ""Ehd1"", ""Tuba4a"", ""Orai3"", ""Trim25"")"
"710","LAZARO_GENETIC_MOUSE_MODEL_HIGH_GRADE_LARGE_CELL_NEUROENDOCRINE_LUNG_CARCINOMA_DN","3.43119990564289e-05","0.00071559717887722","0.557332238758646","0.513629913303245","1.76832384854777","143","c(""Ms4a4b"", ""Klf2"", ""Itgb7"", ""Nkg7"", ""Smad7"", ""Ccr7"", ""Gimap3"", ""S1pr1"", ""Rasgrp2"", ""Pced1b"", ""Gpr18"", ""Klrd1"", ""Amigo2"", ""Il27ra"", ""Hopx"", ""Tmem71"", ""Acvrl1"", ""Sh3bp5"", ""Ahnak"", ""Ctla2b"", ""Cd226"", ""Gimap5"", ""Ar"", ""Crim1"", ""Dgka"", ""Pitpnc1"", ""St6galnac3"", ""Ankrd44"", ""Adk"", ""Pdgfb"")"
"711","HALLMARK_INFLAMMATORY_RESPONSE","0.00014423170037417","0.00230173075431376","0.518848077743792","0.532493818143522","1.76832981861918","104","c(""Ccr7"", ""Emp3"", ""Rtp4"", ""Irf7"", ""Bst2"", ""Cd48"", ""Cxcr6"", ""Il2rb"", ""Irf1"", ""Il7r"", ""Eif2ak2"", ""Cd82"", ""Itgb3"", ""Gna15"", ""Rgs1"", ""Myc"", ""Plaur"", ""Ccrl2"", ""Sell"", ""Nampt"", ""Tnfsf10"", ""Lta"", ""Tnfrsf1b"", ""Il18r1"")"
"712","GOBP_LEUKOCYTE_MEDIATED_CYTOTOXICITY","0.000302115006504657","0.00412604820940285","0.49849310876659","0.559423871102247","1.76976631892728","79","c(""H2-K1"", ""H2-D1"", ""Nkg7"", ""Gimap3"", ""H2-Q7"", ""B2m"", ""Klrd1"", ""H2-Q4"", ""H2-T22"", ""Il7r"", ""F2rl1"", ""Crtam"", ""H2-Q6"", ""Cd226"", ""Gimap5"", ""Cd160"", ""Klrk1"", ""Ctsc"", ""Klrb1c"", ""Klrc2"", ""Gzmc"", ""Gzmb"", ""Klrc1"", ""Serpinb9"")"
"713","ZHANG_UTERUS_C12_MONOCYTE","6.42612109757643e-05","0.00121717054362948","0.538434096309916","0.524798794967329","1.77667365447045","116","c(""H2-D1"", ""Ms4a6b"", ""Cd52"", ""Ifi27l2a"", ""Tmsb4x"", ""Fxyd5"", ""Cotl1"", ""Emp3"", ""B2m"", ""Ctss"", ""Irf7"", ""Samhd1"", ""Ms4a4c"", ""Plac8"", ""Rnh1"", ""Pkm"", ""Ms4a6c"", ""Cd86"", ""Rgs1"", ""Ly6c2"", ""Ms4a6d"", ""Plaur"", ""Ctsc"", ""H2-DMa"")"
"714","GOBP_POSITIVE_REGULATION_OF_MYELOID_LEUKOCYTE_MEDIATED_IMMUNITY","0.00132379068153136","0.0129619301139096","0.45505986738723","0.721279478714995","1.77708889326402","23","c(""H2-K1"", ""H2-D1"", ""H2-Q7"", ""H2-Q4"", ""H2-T22"", ""F2rl1"", ""H2-Q6"")"
"715","TABULA_MURIS_SENIS_SKIN_BULGE_KERATINOCYTE_AGEING","1.57902664103048e-08","8.60569519361614e-07","0.73376198835648","0.456275419085397","1.77920797635338","395","c(""H2-K1"", ""H2-D1"", ""Klf2"", ""Rps18"", ""Rps19"", ""Rpl3"", ""Rps20"", ""Rps7"", ""Rplp1"", ""Rpl13"", ""Vim"", ""Tmsb4x"", ""Rps5"", ""Rpsa"", ""Rpl27a"", ""Rpl23"", ""Rplp0"", ""Rps3"", ""Rpl10a"", ""Rpl32"", ""Rpl21"", ""Rps12"", ""Cotl1"", ""Rps4x"", ""Rpl14"", ""Rpl17"", ""Rps16"", ""Rps8"", ""Emp3"", ""Rpl35"", ""Rps3a1"", ""Rps27a"", ""Psme2"", ""B2m"", ""Rplp2"", ""Ctss"", ""Rpl5"", ""Eef1b2"", ""Rpl19"", ""Rpl18a"", ""Rpl9"", ""Rpl18"", ""Rpl8"", ""Rpl10"", ""Rpl4"", ""Rpl36"", ""Capg"", ""Rps10"", ""Rpl22"", ""Rps14"", ""Rexo2"", ""Cd9"", ""Lgals3bp"", ""Ifi35"", ""Rarg"", ""Rpl11"", ""Usp18"", 
""Hopx"", ""Rpl6"", ""Prr13"", ""Nme2"", ""Bola2"", ""Hint1"", ""Hspe1"", ""Gm2a"", ""Ly6a"", ""Eef1d"", ""Rpl28"", ""Skil"", ""Rps15"", ""Nenf"", ""Atp5g2"", ""Npm1"", ""Gstp1"", ""Lgals1"", ""Eci1"", ""Fkbp3"", ""Ier2"", ""Aprt"", ""Tmem126a"", ""Rpl31"", ""Ly6c1"", ""Nabp2"", ""Fbl"", ""Vkorc1"")"
"716","GOBP_REGULATION_OF_MYELOID_LEUKOCYTE_MEDIATED_IMMUNITY","0.00083173925946327","0.00921805362570171","0.477270815362862","0.653473756394387","1.77936227097083","36","c(""H2-K1"", ""H2-D1"", ""H2-Q7"", ""H2-Q4"", ""H2-T22"", ""F2rl1"", ""H2-Q6"", ""Il4"")"
"717","WDR5_TARGET_GENES","2.44618122558906e-05","0.00053528745985712","0.575610261071129","0.503744636827259","1.7805404237654","165","c(""Rps18"", ""Rpl3"", ""Rpl13"", ""Rpl23"", ""Rpl10a"", ""Rps12"", ""Rpl17"", ""Rps2"", ""Rps8"", ""Rpl35"", ""Rpl36a"", ""Rpl5"", ""Rpl19"", ""Rpl9"", ""Rpl18"", ""Rpl15"", ""Rpl8"", ""Rpl39"", ""Rpl36"", ""Rpl29"", ""Rps10"", ""Rpl41"", ""Rpl26"", ""Eef1g"", ""Rps14"", ""Rpl37"", ""Rexo2"", ""Rpl11"", ""Actn2"", ""Rpl6"", ""Rpl28"", ""Sgms1"", ""Rps15"", ""Rnh1"")"
"718","TABULA_MURIS_SENIS_HEART_FIBROBLAST_OF_CARDIAC_TISSUE_AGEING","3.96211061433669e-05","0.000811670674433442","0.557332238758646","0.525981313274003","1.78085035268445","126","c(""H2-K1"", ""H2-D1"", ""Rps7"", ""Rpl13"", ""Vim"", ""Fxyd5"", ""Rpsa"", ""Rplp0"", ""Rps3"", ""Cotl1"", ""Rtp4"", ""B2m"", ""Rpl4"", ""Capg"", ""Tagln2"", ""Bst2"", ""Irf1"", ""Cd9"", ""Lgals3bp"", ""Rpl6"", ""Prr13"", ""Ly6a"", ""Skil"", ""Cd82"", ""Gstp1"", ""Ier2"", ""Ly6c1"", ""Nabp2"", ""Myc"")"
"719","GOCC_VACUOLAR_MEMBRANE","0.000263842466715187","0.00369060031528725","0.49849310876659","0.595775378752135","1.7835992742201","59","c(""H2-K1"", ""H2-D1"", ""Nkg7"", ""H2-Q7"", ""B2m"", ""Anxa6"", ""Irgm1"", ""Slc17a9"", ""H2-T22"", ""Igtp"", ""H2-Q6"")"
"720","GOBP_HYPERSENSITIVITY","0.00180976309523451","0.0165165898912635","0.45505986738723","0.755298744081672","1.78406413824159","19","c(""H2-K1"", ""H2-D1"", ""Ccr7"", ""H2-Q7"", ""H2-Q4"", ""H2-T22"", ""H2-Q6"", ""Spn"", ""Fut7"")"
"721","BAUS_TFF2_TARGETS_UP","0.00089984694075927","0.00973486100518034","0.477270815362862","0.80840470107313","1.78558666458673","15","c(""H2-K1"", ""Irf7"", ""Ltb"", ""Psmb9"", ""Ifit1"", ""Ggt1"", ""Samhd1"", ""Igtp"", ""Dgka"", ""Crip1"")"
"722","GOCC_LYTIC_VACUOLE_MEMBRANE","0.000446080980430005","0.00566375785482228","0.49849310876659","0.614562519097647","1.78987138257204","51","c(""H2-K1"", ""H2-D1"", ""Nkg7"", ""H2-Q7"", ""B2m"", ""Anxa6"", ""Irgm1"", ""Slc17a9"", ""H2-T22"", ""H2-Q6"", ""H2-DMa"", ""Psen2"")"
"723","TABULA_MURIS_SENIS_MAMMARY_GLAND_MACROPHAGE_AGEING","0.000579494076425351","0.00688834831174744","0.477270815362862","0.631950348787584","1.79056632327621","45","c(""H2-D1"", ""Klf2"", ""Nkg7"", ""Cotl1"", ""Capg"", ""Rps28"", ""Prr13"", ""Sgms1"", ""Ahnak"", ""Ier2"", ""Ecm1"", ""Jund"", ""Crip1"", ""S100a6"")"
"724","GOBP_POSITIVE_REGULATION_OF_ACUTE_INFLAMMATORY_RESPONSE_TO_ANTIGENIC_STIMULUS","0.000913432203046598","0.00986336044299102","0.477270815362862","0.795336607329269","1.79068650647873","16","c(""H2-K1"", ""H2-D1"", ""Ccr7"", ""H2-Q7"", ""H2-Q4"", ""H2-T22"", ""H2-Q6"")"
"725","GOCC_RIBONUCLEOPROTEIN_COMPLEX","2.063729644712e-08","1.09377671169736e-06","0.73376198835648","0.462933729375597","1.79278899663597","376","c(""Rps18"", ""Rps19"", ""Rpl3"", ""Rps20"", ""Rps7"", ""Rplp1"", ""Rpl13"", ""Vim"", ""Rps5"", ""Rpsa"", ""Rpl27a"", ""Rpl23"", ""Rplp0"", ""Rps3"", ""Rps23"", ""Rpl10a"", ""Rpl32"", ""Rpl21"", ""Rps12"", ""Rps4x"", ""Rpl14"", ""Rpl17"", ""Rps2"", ""Rps6"", ""Rps16"", ""Rps8"", ""Rpl22l1"", ""Rpl35"", ""Rps3a1"", ""Rps27a"", ""Rpl36a"", ""Rplp2"", ""Rpl5"", ""Rpl19"", ""Rpl18a"", ""Rpl9"", ""Rpl18"", ""Rpl15"", ""Rpl8"", ""Rpl39"", ""Rps25"", ""Rpl10"", ""Rpl4"", ""Rps26"", ""Rpl36"", ""Rpl29"", ""Rps10"", ""Rpl41"", ""Rps28"", ""Rpl26"", ""Rpl22"", ""Rps14"", ""Rpl37"", ""Rpl11"", ""Rpl23a"")"
"726","chr14C3","0.000919917581498536","0.00991485796327806","0.477270815362862","0.728887812939868","1.79583431254497","23","c(""Psme2"", ""Phf11b"", ""Emc9"", ""Phf11c"", ""Irf9"", ""Gzmc"", ""Gzmb"")"
"727","ONO_AML1_TARGETS_DN","0.000559330445989314","0.00671399867768948","0.477270815362862","0.67876468695273","1.79673862421147","32","c(""Slfn1"", ""Ccr7"", ""Itgae"", ""Igfbp4"", ""Runx3"", ""Izumo1r"", ""Tnfsf8"", ""Cxcr3"", ""Tnfrsf25"", ""Tnfrsf18"", ""Ctla2b"", ""Il4"", ""Ly6c1"", ""Sell"", ""Gpr83"")"
"728","GOBP_NEGATIVE_REGULATION_OF_NATURAL_KILLER_CELL_MEDIATED_IMMUNITY","0.00141963982704","0.0136564827787352","0.45505986738723","0.762479105839883","1.80102461383195","19","c(""H2-K1"", ""H2-D1"", ""H2-Q7"", ""Klrd1"", ""H2-Q4"", ""H2-T22"", ""H2-Q6"")"
"729","MIKKELSEN_MEF_LCP_WITH_H3K4ME3","0.000481182101766842","0.00597804086431623","0.49849310876659","0.644084312935325","1.80122383975681","42","c(""Emp3"", ""Xaf1"", ""Capg"", ""Ifit1"", ""G430095P16Rik"", ""Lgals3bp"", ""Ifi35"", ""Gbp2"", ""Ecm1"")"
"730","GOBP_POSITIVE_REGULATION_OF_INFLAMMATORY_RESPONSE","0.000238038912754453","0.00345515276126251","0.518848077743792","0.560606432892457","1.80323666346668","84","c(""H2-K1"", ""H2-D1"", ""Rps19"", ""Nkg7"", ""Ccr7"", ""H2-Q7"", ""Ctss"", ""Zbp1"", ""H2-Q4"", ""Ifi35"", ""H2-T22"", ""H2-Q6"", ""Lgals1"")"
"731","GOBP_NATURAL_KILLER_CELL_CYTOKINE_PRODUCTION","0.000605562197929427","0.00715405484138711","0.477270815362862","0.817523635568689","1.80572836812815","15","c(""H2-K1"", ""H2-D1"", ""Gimap3"", ""H2-Q7"", ""H2-Q4"", ""H2-T22"", ""H2-Q6"", ""Cd226"", ""Gimap5"", ""Cd160"")"
"732","GOBP_HUMORAL_IMMUNE_RESPONSE","0.000168661441227315","0.0025982857225872","0.518848077743792","0.559794714979436","1.81121036554925","86","c(""H2-K1"", ""H2-D1"", ""Rps19"", ""Ccr7"", ""Gimap3"", ""H2-Q7"", ""B2m"", ""Rpl39"", ""H2-Q4"", ""H2-T22"", ""Bcl3"", ""H2-Q6"", ""Gimap5"", ""Cd55"", ""H2-DMa"", ""Phb"", ""Pglyrp1"")"
"733","GOBP_CELLULAR_RESPONSE_TO_TYPE_II_INTERFERON","0.00058441213548388","0.00693254395624306","0.477270815362862","0.623392473121706","1.81206414202585","50","c(""Vim"", ""H2-Q7"", ""Stat1"", ""Capg"", ""Irgm1"", ""Irf1"", ""Parp14"", ""Parp9"", ""Nlrc5"", ""Gbp9"", ""Gbp2"", ""Igtp"", ""Gbp7"", ""Gbp5"", ""Gbp3"", ""Tnf"", ""Ifng"", ""Irgm2"")"
"734","GOBP_NEGATIVE_REGULATION_OF_IMMUNE_SYSTEM_PROCESS","4.98103374901896e-07","1.76536392442224e-05","0.659444398037935","0.487504647408492","1.81444496676058","232","c(""H2-K1"", ""H2-D1"", ""Rps19"", ""Slfn1"", ""Smad7"", ""Gimap3"", ""H2-Q7"", ""Isg15"", ""Irgm1"", ""Bst2"", ""Gpr18"", ""Runx3"", ""Klrd1"", ""Trim30a"", ""Gpr68"", ""Dhx58"", ""Dtx1"", ""Irf1"", ""Oas3"", ""H2-Q4"", ""Parp14"", ""Samhd1"", ""Inpp4b"", ""Cst7"", ""Nlrc5"", ""H2-T22"", ""Il7r"", ""Dapl1"", ""Il27ra"", ""Oas1a"", ""F2rl1"", ""Nme2"", ""Syt11"", ""Crtam"", ""Igtp"", ""Vsir"", ""H2-Q6"", ""Zbtb7b"", ""Tnfrsf4"", ""Gimap5"", ""Cd55"", ""Tsc22d3"", ""Il4"", ""Cd86"", ""Myc"", ""Ubash3b"", ""Foxp3"", ""Tbx21"", ""Ctla4"", ""Spn"", ""Cd160"")"
"735","GOBP_REGULATION_OF_DEFENSE_RESPONSE","4.05009097985188e-08","2.01701513712106e-06","0.719512826338911","0.472271272793053","1.8145812718456","335","c(""H2-K1"", ""H2-D1"", ""Rps19"", ""Nkg7"", ""Ccr7"", ""Gimap3"", ""H2-Q7"", ""Ctss"", ""Irf7"", ""Ifi203"", ""Stat1"", ""Isg15"", ""Zbp1"", ""Mndal"", ""Irgm1"", ""Ggt1"", ""Klrd1"", ""Trim30a"", ""Dhx58"", ""Irf1"", ""Oas3"", ""Clcf1"", ""H2-Q4"", ""Parp14"", ""Samhd1"", ""Cst7"", ""Parp9"", ""Ifi35"", ""Ddx60"", ""Nlrc5"", ""H2-T22"", ""Oasl1"", ""Oas1a"", ""F2rl1"", ""Ifih1"", ""Syt11"", ""Gbp2"", ""Crtam"", ""Igtp"", ""Nt5e"", ""H2-Q6"", ""Trim30d"", ""Eif2ak2"", ""Mapkapk3"", ""Gstp1"", ""Lgals1"", ""Cd226"", ""Gimap5"", ""Tmem126a"", ""Gbp7"", ""Gbp5"", ""Il4"", ""Pml"", ""Trim30c"", ""Cd86"", ""Foxp3"", 
""Spn"", ""Cd160"", ""Trim25"", ""Klrk1"", ""Ctsc"", ""Phb"", ""Pglyrp1"", ""Klrb1c"", ""Klrc2"", ""Pde2a"", ""Rsad2"", ""Gbp3"", ""Fut7"", ""Dtx3l"", ""Tnf"", ""Lta"", ""Trafd1"", ""Hspa8"", ""Cdh5"", ""Il13"", ""Klrc1"", ""Serpinb9"", ""Tnfrsf1b"", ""Rnf125"")"
"736","GOBP_NEGATIVE_REGULATION_OF_NEURON_PROJECTION_DEVELOPMENT","0.000464939246827383","0.00585175169699737","0.49849310876659","0.642933409424053","1.81501775618479","44","c(""H2-K1"", ""H2-D1"", ""Vim"", ""B2m"", ""Sema4a"", ""Lgals1"")"
"737","GOBP_NEGATIVE_REGULATION_OF_DEFENSE_RESPONSE","4.48592086273576e-05","0.000899832111945294","0.557332238758646","0.537334610689593","1.81771297039041","120","c(""H2-K1"", ""H2-D1"", ""Rps19"", ""H2-Q7"", ""Isg15"", ""Irgm1"", ""Klrd1"", ""Trim30a"", ""Dhx58"", ""Oas3"", ""H2-Q4"", ""Parp14"", ""Samhd1"", ""Cst7"", ""Nlrc5"", ""H2-T22"", ""Oas1a"", ""F2rl1"", ""Syt11"", ""Igtp"", ""Nt5e"", ""H2-Q6"", ""Gstp1"", ""Il4"", ""Foxp3"", ""Spn"", ""Pglyrp1"", ""Trafd1"", ""Hspa8"", ""Cdh5"", ""Il13"", ""Serpinb9"", ""Tnfrsf1b"", ""Rnf125"")"
"738","GOBP_ACUTE_INFLAMMATORY_RESPONSE_TO_ANTIGENIC_STIMULUS","0.00132667331658503","0.012968175549766","0.45505986738723","0.715995958579814","1.81827220486514","26","c(""H2-K1"", ""H2-D1"", ""Ccr7"", ""H2-Q7"", ""H2-Q4"", ""H2-T22"", ""H2-Q6"", ""Spn"", ""Fut7"")"
"739","BOYLAN_MULTIPLE_MYELOMA_C_D_DN","3.74834677537331e-06","0.000105117472433648","0.627256739718528","0.515188510957829","1.82134890147622","170","c(""Ms4a4b"", ""Ctsw"", ""Slfn1"", ""Nkg7"", ""Ccnd2"", ""Cd7"", ""Rtp4"", ""Gimap4"", ""Ltb"", ""Zbp1"", ""Arl4c"", ""Cxcr6"", ""Klrd1"", ""Il2rb"", ""Sema4a"", ""Inpp4b"", ""Cd9"", ""Tgtp1"", ""St8sia6"", ""Eomes"", ""F2rl1"", ""Isg20"", ""Aqp3"", ""Icos"", ""Ly6a"", ""H2-Q6"", ""Trim30d"", ""Zbtb16"", ""Cd226"", ""Trim34a"", ""Ttc39b"", ""Ly6c1"", ""Tbx21"", ""Cers4"", ""Klrk1"", ""Pglyrp1"")"
"740","FOSTER_TOLERANT_MACROPHAGE_UP","0.000139953641464767","0.00224586718539433","0.518848077743792","0.562985463526066","1.82153400149449","86","c(""Slfn1"", ""Smad7"", ""Irf7"", ""Stat1"", ""Xaf1"", ""Ass1"", ""Bst2"", ""Gpr18"", ""Oas3"", ""H2-Q4"", ""Cst7"", ""Ms4a4c"", ""Sgk1"", ""Isg20"", ""Treml2"", ""Ly6a"", ""H2-Q6"", ""Ms4a6c"", ""Rgs1"", ""Ms4a6d"", ""Ifi44"", ""Sell"", ""Mthfd2"", ""Serpinb9"", ""Tnfrsf1b"")"
"741","MORI_PRE_BI_LYMPHOCYTE_DN","0.000397169391711383","0.00514450129129296","0.49849310876659","0.688341424881557","1.82208893376856","32","c(""Klf2"", ""S1pr1"", ""Dtx1"", ""Samhd1"", ""Cd72"", ""Traf5"", ""Tmem71"")"
"742","GOBP_REGULATION_OF_ACUTE_INFLAMMATORY_RESPONSE_TO_ANTIGENIC_STIMULUS","0.000673981508331558","0.00780278792310904","0.477270815362862","0.763616493471518","1.82773283274248","20","c(""H2-K1"", ""H2-D1"", ""Ccr7"", ""H2-Q7"", ""H2-Q4"", ""H2-T22"", ""H2-Q6"", ""Spn"", ""Fut7"")"
"743","GOBP_POSITIVE_REGULATION_OF_SIGNAL_TRANSDUCTION_BY_P53_CLASS_MEDIATOR","0.000504027951783352","0.00618944174605438","0.477270815362862","0.801616904847945","1.83054899267916","17","c(""Rps20"", ""Rps7"", ""Rpl23"", ""Rpl26"", ""Rpl37"", ""Rpl11"", ""Rps15"", ""Pml"", ""Myc"", ""Bmyc"", ""Steap3"")"
"744","TABULA_MURIS_SENIS_LUNG_NON_CLASSICAL_MONOCYTE_AGEING","0.00064011782251706","0.00748575032526529","0.477270815362862","0.695440281537008","1.83378308234807","31","c(""Cd52"", ""Rps7"", ""Rpl13"", ""Rps4x"", ""AW112010"", ""Rpl6"", ""Ly6a"", ""Filip1l"", ""Ms4a6c"")"
"745","GOBP_CYTOSOLIC_PATTERN_RECOGNITION_RECEPTOR_SIGNALING_PATHWAY","0.000157049337737188","0.00245209195704794","0.518848077743792","0.623880610411672","1.83769216747451","56","c(""Irf7"", ""Irgm1"", ""Trim30a"", ""Dhx58"", ""Irf1"", ""Oas3"", ""Ddx60"", ""Oasl1"", ""Oas1a"", ""F2rl1"", ""Ifih1"", ""Gbp2"", ""Igtp"", ""Eif2ak2"", ""Gbp5"", ""Cd86"", ""Trim25"", ""Phb"", ""Rsad2"", ""Tnf"", ""Hspa8"", ""Rnf125"", ""Irgm2"", ""Kcnj8"")"
"746","GOBP_T_CELL_MIGRATION","0.00050868816758178","0.00622604140703377","0.477270815362862","0.672337748351799","1.84269920227939","37","c(""Itgb7"", ""Ccr7"", ""S1pr1"", ""Il27ra"", ""Cxcr3"", ""Itgb3"", ""Ecm1"", ""Spn"", ""Fut7"", ""Ccr6"")"
"747","GOBP_RIBOSOME_BIOGENESIS","1.52125458730588e-06","4.77624334286199e-05","0.643551836150722","0.514478728278124","1.8427062580634","177","c(""Rps19"", ""Rps7"", ""Rps5"", ""Rpsa"", ""Rplp0"", ""Rps23"", ""Rpl10a"", ""Rps12"", ""Rpl14"", ""Rps6"", ""Rps16"", ""Rps8"", ""Rpl35"", ""Rps3a1"", ""Rpl5"", ""Rps25"", ""Rpl10"", ""Rps28"", ""Rpl26"", ""Rps14"", ""Rpl11"", ""Rpl23a"", ""Chd7"", ""Rpl6"", ""Isg20"")"
"748","GOBP_POSITIVE_REGULATION_OF_RESPONSE_TO_EXTERNAL_STIMULUS","8.86998324136597e-08","4.0993514548297e-06","0.704975715167238","0.488842753386845","1.8437389867539","267","c(""H2-K1"", ""H2-D1"", ""Rps19"", ""Nkg7"", ""Ccr7"", ""Gimap3"", ""S1pr1"", ""H2-Q7"", ""Ctss"", ""Irf7"", ""Ifi203"", ""Zbp1"", ""Mndal"", ""Irgm1"", ""Klrd1"", ""Trim30a"", ""Dhx58"", ""Irf1"", ""Oas3"", ""H2-Q4"", ""Parp9"", ""Ifi35"", ""Ddx60"", ""Nlrc5"", ""H2-T22"", ""Oasl1"", ""Oas1a"", ""F2rl1"", ""Ifih1"", ""Gbp2"", ""Crtam"", ""Igtp"", ""Cxcr3"", ""H2-Q6"", ""Trim30d"", ""Eif2ak2"", ""Mapkapk3"", ""Lgals1"", ""Cdh13"", ""Cd226"", ""Gimap5"", ""Tmem126a"", ""Gbp7"", ""Gbp5"", ""Il4"", ""Trim30c"", ""Cd86"", ""Cd160"", ""Trim25"", ""Klrk1"", ""Ctsc"", ""Phb"", ""Klrb1c"", ""Klrc2"", ""Pde2a"", 
""Mif"", ""Rsad2"", ""Gbp3"", ""Sell"", ""Tnf"", ""Pdgfb"", ""Lta"", ""Ccr6"", ""Hspa8"")"
"749","GOBP_INNATE_IMMUNE_RESPONSE","5.01985404334634e-09","2.95915273555223e-07","0.761460801445585","0.475493964278419","1.84387873718011","377","c(""H2-K1"", ""H2-D1"", ""Rps19"", ""Vim"", ""Nkg7"", ""Gimap3"", ""H2-Q7"", ""B2m"", ""Irf7"", ""Ifi203"", ""Stat1"", ""Rpl39"", ""Isg15"", ""Zbp1"", ""Capg"", ""Mndal"", ""Ifit1"", ""Irgm1"", ""Bst2"", ""Pik3cd"", ""Klrd1"", ""Trim30a"", ""Ifit3"", ""Dhx58"", ""Irf1"", ""Oas3"", ""Neurl3"", ""H2-Q4"", ""Parp14"", ""Samhd1"", ""Parp9"", ""Ifi35"", ""Ddx60"", ""Tgtp1"", ""Nlrc5"", ""H2-T22"", ""Oasl2"", ""Sp100"", ""Oasl1"", ""Iigp1"", ""Ifit3b"", ""Oas1a"", ""Gbp9"", ""F2rl1"", ""Ifih1"", ""Isg20"", ""Gbp2"", ""Crtam"", ""Igtp"", ""Herc6"", ""Oas2"", ""Mx1"", ""H2-Q6"", ""Trim30d"", ""Eif2ak2"", ""Mapkapk3"", 
""Sp110"", ""Cd226"", ""Gimap5"", ""Trim34a"", ""Tmem126a"", ""Cd55"", ""Gbp7"", ""Gbp5"", ""Il4"", ""Pml"", ""Trim30c"", ""Cd86"", ""Cd160"", ""Trim25"", ""Klrk1"", ""Phb"", ""Pglyrp1"", ""Klrb1c"", ""Klrc2"", ""Endod1"", ""Mif"", ""Rsad2"", ""Gbp3"", ""Gzmc"", ""Slamf7"")"
"750","TABULA_MURIS_SENIS_LIVER_NK_CELL_AGEING","1.79278938790968e-06","5.53847288446749e-05","0.643551836150722","0.527955255838013","1.84512939410371","154","c(""Klf2"", ""Rps18"", ""Rps19"", ""Ms4a6b"", ""Rpl3"", ""Rps20"", ""Vim"", ""Rps5"", ""Rpsa"", ""Rpl27a"", ""Smad7"", ""Rpl32"", ""Rps12"", ""Rpl14"", ""Rpl17"", ""Rpl22l1"", ""Emp3"", ""H2-Q7"", ""Cd7"", ""Ctss"", ""Rpl18a"", ""Psmb9"", ""Rpl39"", ""Rpl36"", ""Capg"", ""Rps28"", ""Runx3"", ""Irf1"", ""Glipr2"", ""Rpl37"", ""Neurl3"", ""H2-Q4"", ""Cst7"", ""Cd72"", ""Rpl6"", ""Gng2"", ""Ly6a"", ""Eef1d"", ""Cd82"", ""Ahnak"", ""Npm1"", ""Lgals1"", ""Prkch"", ""Rpl38"", ""Rgs1"", ""Spn"", ""Naca"", ""Wdr89"", ""Cish"", ""Pglyrp1"", ""Ifi27"")"
"751","JECHLINGER_EPITHELIAL_TO_MESENCHYMAL_TRANSITION_UP","0.000388691147420707","0.00504599721044814","0.49849310876659","0.661643612227084","1.8489910504335","41","c(""Vim"", ""B2m"", ""Irf7"", ""Stat1"", ""Isg15"", ""Ifit1"", ""Ifit3"", ""Bcl3"", ""Ppic"", ""Gbp3"", ""Mthfd2"", ""Srm"")"
"752","TABULA_MURIS_SENIS_BRAIN_NON_MYELOID_ENDOTHELIAL_CELL_AGEING","1.98691906364893e-06","6.00964996371721e-05","0.627256739718528","0.520741560043231","1.85144082865356","173","c(""H2-K1"", ""H2-D1"", ""Klf2"", ""Rps18"", ""Rpl3"", ""Rps20"", ""Rps7"", ""Rplp1"", ""Rpl13"", ""Tmsb4x"", ""Fxyd5"", ""Rps5"", ""Rpsa"", ""Rps3"", ""Smad7"", ""Rpl32"", ""Rpl14"", ""Rpl35"", ""B2m"", ""Rpl18a"", ""Rpl9"", ""AW112010"", ""Psmb9"", ""Capg"", ""Bst2"", ""Cd9"", ""Rpl11"", ""Rpl6"", ""Prr13"", ""Syt11"", ""Hint1"", ""Gm2a"", ""Ly6a"", ""Eef1d"", ""H2-Q6"", ""Skil"", ""Atp5g2"", ""Gstp1"")"
"753","GOBP_ACUTE_INFLAMMATORY_RESPONSE","0.000120200463914373","0.00198967931241643","0.538434096309916","0.636933535749043","1.85400925019394","54","c(""H2-K1"", ""H2-D1"", ""Ccr7"", ""H2-Q7"", ""H2-Q4"", ""H2-T22"", ""H2-Q6"", ""Gstp1"", ""Il4"", ""Spn"", ""Fut7"", ""Tnf"", ""Serpinb9"")"
"754","GOBP_DEFENSE_RESPONSE_TO_OTHER_ORGANISM","1.4958973850707e-10","1.12231158357837e-08","0.826657301178302","0.471344156763184","1.85560149145914","461","c(""H2-K1"", ""H2-D1"", ""Rps19"", ""Vim"", ""Nkg7"", ""Cotl1"", ""Gimap3"", ""H2-Q7"", ""Rtp4"", ""B2m"", ""Irf7"", ""Ifi203"", ""Stat1"", ""Rpl39"", ""Isg15"", ""Zbp1"", ""Capg"", ""Mndal"", ""Ifit1"", ""Irgm1"", ""Bst2"", ""Pik3cd"", ""Klrd1"", ""Trim30a"", ""Ifit3"", ""Slfn8"", ""Dhx58"", ""Irf1"", ""Oas3"", ""Ifit1bl1"", ""Neurl3"", ""H2-Q4"", ""Parp14"", ""Samhd1"", ""Parp9"", ""Ifi35"", ""Ddx60"", ""Tgtp2"", ""Tgtp1"", ""Nlrc5"", ""H2-T22"", ""Oasl2"", ""Sp100"", ""Oasl1"", ""Il7r"", ""Iigp1"", ""Ifit3b"", ""Il27ra"", ""Rnf213"", ""Oas1a"", ""Gbp9"", ""F2rl1"", ""Ifih1"", ""Isg20"", ""Syt11"", ""Plac8"", 
""Bcl3"", ""Gbp2"", ""Crtam"", ""Igtp"", ""Tnfsf8"", ""Herc6"", ""Oas2"", ""Mx1"", ""H2-Q6"", ""Trim30d"", ""Eif2ak2"", ""Mapkapk3"", ""Sp110"", ""Cd226"", ""Gimap5"", ""Trim34a"", ""Tmem126a"", ""Cd55"", ""Gbp7"", ""Gbp5"", ""Il4"", ""Pml"", ""Trim30c"", ""Cd86"", ""Bcl2"", ""Foxp3"", ""Spn"", ""Cd160"", ""Trim25"", ""Klrk1"", ""Phb"", ""Pglyrp1"", ""Klrb1c"", ""Klrc2"", ""Endod1"", ""Mif"", ""Rsad2"", ""Gbp3"", ""Gzmc"", ""Slamf7"")"
"755","HOFFMANN_IMMATURE_TO_MATURE_B_LYMPHOCYTE_UP","0.000560412505109432","0.00671399867768948","0.477270815362862","0.802490905070469","1.85637194157795","18","c(""Ms4a6b"", ""Fxyd5"", ""Gimap4"", ""Ms4a4c"", ""Ly6a"", ""Bcl2"", ""Cmah"", ""Sell"", ""Fcgrt"")"
"756","TABULA_MURIS_SENIS_MARROW_LATE_PRO_B_CELL_AGEING","1.14036420365682e-05","0.000272226611757249","0.593325476396405","0.549505125033175","1.8586343649003","125","c(""Rps18"", ""Rps7"", ""Rplp1"", ""Rpl13"", ""Tmsb4x"", ""Rps5"", ""Rpl27a"", ""Rps3"", ""Cotl1"", ""Ccnd2"", ""Rpl17"", ""Rps8"", ""Psme2"", ""B2m"", ""Rplp2"", ""Eef1b2"", ""Rpl18"", ""AW112010"", ""Zbp1"", ""Rps10"", ""Ostf1"", ""Chchd10"", ""Rps14"", ""Rpl11"", ""Cisd3"", ""Prr13"", ""Nme2"", ""Igtp"", ""Hint1"", ""Eef1d"", ""Rps15"")"
"757","GOBP_RESPONSE_TO_INTERFERON_ALPHA","0.000493498168622677","0.00610479426152721","0.477270815362862","0.804554993178048","1.86114671874196","18","c(""Ifit1"", ""Bst2"", ""Tgtp1"", ""Oas1a"", ""Eif2ak2"", ""Myc"", ""Ifit2"")"
"758","GOBP_ANTIGEN_PROCESSING_AND_PRESENTATION_OF_PEPTIDE_ANTIGEN_VIA_MHC_CLASS_I","0.000340700066989455","0.00455607473842148","0.49849310876659","0.7777057350533","1.86145574162098","20","c(""H2-K1"", ""H2-D1"", ""H2-Q7"", ""B2m"", ""H2-Q4"", ""H2-T22"", ""H2-Q6"", ""Ifi30"")"
"759","REACTOME_METABOLISM_OF_RNA","7.60362537642158e-09","4.39261437995875e-07","0.747739663149885","0.486796911872908","1.86294091809141","310","c(""Rps18"", ""Rps19"", ""Rpl3"", ""Rps20"", ""Rps7"", ""Rplp1"", ""Rpl13"", ""Rps5"", ""Rpsa"", ""Rpl27a"", ""Rpl23"", ""Rplp0"", ""Rps3"", ""Rps23"", ""Rpl32"", ""Rpl21"", ""Rps12"", ""Rps4x"", ""Rpl14"", ""Rpl17"", ""Rps2"", ""Rps6"", ""Rps16"", ""Rps8"", ""Rpl22l1"", ""Rpl35"", ""Rps3a1"", ""Rps27a"", ""Psme2"", ""Rpl36a"", ""Rplp2"", ""Rpl5"", ""Rpl19"", ""Rpl18a"", ""Rpl9"", ""Rpl18"", ""Rpl15"", ""Rpl8"", ""Rpl39"", ""Rps25"", ""Rpl10"", ""Rpl4"", ""Rps26"", ""Rpl36"", ""Rpl29"", ""Rps10"", ""Rps28"", ""Psme2b"", ""Rpl26"", ""Rpl22"", ""Rps14"", ""Rpl37"", ""Rpl11"", ""Rpl23a"")"
"760","GOCC_A_BAND","0.000186331267845265","0.00283272561668972","0.518848077743792","0.843587755755877","1.86329822808647","15","c(""Rpl17"", ""Rpl15"", ""Rpl4"", ""Rpl6"", ""Myl4"")"
"761","GOBP_REGULATION_OF_RESPONSE_TO_BIOTIC_STIMULUS","2.97312624066543e-07","1.12259805832184e-05","0.674962860011025","0.503172489104578","1.8672047258102","228","c(""H2-K1"", ""H2-D1"", ""Rps19"", ""Gimap3"", ""H2-Q7"", ""Irf7"", ""Ifi203"", ""Stat1"", ""Isg15"", ""Zbp1"", ""Mndal"", ""Irgm1"", ""Klrd1"", ""Trim30a"", ""Dhx58"", ""Irf1"", ""Oas3"", ""H2-Q4"", ""Parp14"", ""Samhd1"", ""Parp9"", ""Ifi35"", ""Ddx60"", ""Nlrc5"", ""H2-T22"", ""Oasl1"", ""Oas1a"", ""F2rl1"", ""Ifih1"", ""Syt11"", ""Gbp2"", ""Crtam"", ""Igtp"", ""H2-Q6"", ""Trim30d"", ""Eif2ak2"", ""Mapkapk3"", ""Cd226"", ""Gimap5"", ""Tmem126a"", ""Cd55"", ""Gbp7"", ""Gbp5"", ""Il4"", ""Pml"", ""Trim30c"", ""Cd86"", ""Foxp3"", ""Spn"", ""Cd160"", ""Trim25"", ""Klrk1"", ""Phb"", ""Klrb1c"", ""Klrc2"", 
""Mif"", ""Rsad2"", ""Gbp3"")"
"762","PANGAS_TUMOR_SUPPRESSION_BY_SMAD1_AND_SMAD5_UP","9.09808066643749e-05","0.00159271551545483","0.538434096309916","0.641755117255159","1.86804408461726","54","c(""Tmsb4x"", ""Rpl14"", ""Rpl22l1"", ""Emp3"", ""Ifi47"", ""Rpl22"", ""Chchd10"", ""Trim30a"", ""Nfix"", ""Smco4"", ""Litaf"", ""Serpinb9"", ""Dtd1"", ""Lcp1"")"
"763","GOBP_POSITIVE_REGULATION_OF_CYTOKINE_PRODUCTION_INVOLVED_IN_IMMUNE_RESPONSE","0.000114917992553997","0.0019199665926473","0.538434096309916","0.64433155048086","1.87067005981916","53","c(""H2-K1"", ""H2-D1"", ""Gimap3"", ""H2-Q7"", ""B2m"", ""H2-Q4"", ""H2-T22"", ""F2rl1"", ""H2-Q6"", ""Cd226"", ""Gimap5"", ""Cd55"", ""Il4"", ""Tbx21"", ""Cd160"", ""Mif"", ""Rsad2"")"
"764","GOCC_MHC_PROTEIN_COMPLEX","0.000252265880656588","0.00358012645113688","0.49849310876659","0.784016657734921","1.87656107353656","20","c(""H2-K1"", ""H2-D1"", ""H2-Q7"", ""B2m"", ""H2-Q4"", ""H2-T22"", ""H2-Q6"", ""H2-DMa"")"
"765","GOBP_POSITIVE_REGULATION_OF_RESPONSE_TO_BIOTIC_STIMULUS","7.74052696362897e-07","2.64597776738962e-05","0.659444398037935","0.532593316376864","1.88288021002857","170","c(""H2-K1"", ""H2-D1"", ""Rps19"", ""Gimap3"", ""H2-Q7"", ""Irf7"", ""Ifi203"", ""Zbp1"", ""Mndal"", ""Irgm1"", ""Klrd1"", ""Trim30a"", ""Dhx58"", ""Irf1"", ""Oas3"", ""H2-Q4"", ""Parp9"", ""Ifi35"", ""Ddx60"", ""Nlrc5"", ""H2-T22"", ""Oasl1"", ""Oas1a"", ""F2rl1"", ""Ifih1"", ""Gbp2"", ""Crtam"", ""Igtp"", ""H2-Q6"", ""Trim30d"", ""Eif2ak2"", ""Mapkapk3"", ""Cd226"", ""Gimap5"", ""Tmem126a"", ""Gbp7"", ""Gbp5"", ""Trim30c"", ""Cd86"", ""Cd160"", ""Trim25"", ""Klrk1"", ""Phb"", ""Klrb1c"", ""Klrc2"", ""Mif"", ""Rsad2"", ""Gbp3"")"
"766","GOBP_REGULATION_OF_CD8_POSITIVE_ALPHA_BETA_T_CELL_ACTIVATION","0.000206885186842103","0.00308034980512069","0.518848077743792","0.788680396997562","1.88772383579557","20","c(""H2-K1"", ""H2-D1"", ""H2-Q7"", ""Runx3"", ""Irf1"", ""H2-Q4"", ""H2-T22"", ""Dapl1"", ""Crtam"", ""Vsir"", ""H2-Q6"", ""Zbtb7b"")"
"767","KIM_GLIS2_TARGETS_UP","9.5535081533557e-05","0.00166236796993783","0.538434096309916","0.655627474890826","1.89750744792383","48","c(""Vim"", ""Ltb"", ""Psmb9"", ""Isg15"", ""Irf1"", ""Iigp1"", ""H2-DMa"", ""Bcl2a1b"", ""S100a6"", ""S100a4"")"
"768","GOBP_POSITIVE_REGULATION_OF_DEFENSE_RESPONSE","9.66165985915639e-08","4.42979436558305e-06","0.704975715167238","0.51607046907338","1.90003796358062","218","c(""H2-K1"", ""H2-D1"", ""Rps19"", ""Nkg7"", ""Ccr7"", ""Gimap3"", ""H2-Q7"", ""Ctss"", ""Irf7"", ""Ifi203"", ""Zbp1"", ""Mndal"", ""Irgm1"", ""Klrd1"", ""Trim30a"", ""Dhx58"", ""Irf1"", ""Oas3"", ""H2-Q4"", ""Parp9"", ""Ifi35"", ""Ddx60"", ""Nlrc5"", ""H2-T22"", ""Oasl1"", ""Oas1a"", ""F2rl1"", ""Ifih1"", ""Gbp2"", ""Crtam"", ""Igtp"", ""H2-Q6"", ""Trim30d"", ""Eif2ak2"", ""Mapkapk3"", ""Lgals1"", ""Cd226"", ""Gimap5"", ""Tmem126a"", ""Gbp7"", ""Gbp5"", ""Trim30c"", ""Cd86"", ""Cd160"", ""Trim25"", ""Klrk1"", ""Ctsc"", ""Phb"", ""Klrb1c"", ""Klrc2"", ""Pde2a"", ""Rsad2"", ""Gbp3"")"
"769","GOBP_REGULATION_OF_INNATE_IMMUNE_RESPONSE","2.95096106250839e-07","1.12155934592835e-05","0.674962860011025","0.52393948715721","1.90024096204703","192","c(""H2-K1"", ""H2-D1"", ""Rps19"", ""Gimap3"", ""H2-Q7"", ""Irf7"", ""Ifi203"", ""Isg15"", ""Zbp1"", ""Mndal"", ""Irgm1"", ""Klrd1"", ""Trim30a"", ""Dhx58"", ""Irf1"", ""Oas3"", ""H2-Q4"", ""Parp14"", ""Samhd1"", ""Parp9"", ""Ifi35"", ""Ddx60"", ""Nlrc5"", ""H2-T22"", ""Oasl1"", ""Oas1a"", ""F2rl1"", ""Ifih1"", ""Gbp2"", ""Crtam"", ""Igtp"", ""H2-Q6"", ""Trim30d"", ""Eif2ak2"", ""Mapkapk3"", ""Cd226"", ""Gimap5"", ""Tmem126a"", ""Gbp7"", ""Gbp5"", ""Trim30c"", ""Cd86"", ""Cd160"", ""Trim25"", ""Klrk1"", ""Phb"", ""Klrb1c"", ""Klrc2"", ""Rsad2"", ""Gbp3"")"
"770","GOCC_SYNAPSE","3.00679060047629e-11","2.59257153715694e-09","0.851339057116899","0.48805917207885","1.90255788354557","408","c(""Rps18"", ""Rps19"", ""Rpl3"", ""Rps20"", ""Rps7"", ""Rplp1"", ""Rpl13"", ""Rps5"", ""Rpsa"", ""Rpl27a"", ""Rpl23"", ""Rplp0"", ""Rps3"", ""Rps23"", ""Rpl10a"", ""Rpl32"", ""Rpl21"", ""Rps12"", ""Rps4x"", ""Rpl14"", ""Rpl17"", ""Rps2"", ""Rps6"", ""Rps16"", ""Rpl35"", ""Rps3a1"", ""Rps27a"", ""Rpl36a"", ""Rplp2"", ""Rpl5"", ""Rpl19"", ""Rpl18a"", ""Rpl9"", ""Rpl18"", ""Rpl15"", ""Rpl8"", ""Rps25"", ""Rpl10"", ""Rpl4"", ""Rps26"", ""Rpl36"", ""Rpl29"", ""Rps10"", ""Rasgrp2"", ""Rps28"", ""Add3"", ""Rpl26"", ""Rpl22"", ""Rps14"", ""Rpl37"", ""Rpl11"", ""Rpl23a"", ""Actn2"", ""Prr7"", ""Rpl6"", ""Rapgef4"", 
""Syt11"", ""Nt5e"", ""Pdlim4"", ""Eef1d"", ""Rpl28"", ""Rps15"")"
"771","TABULA_MURIS_SENIS_MARROW_MONOCYTE_AGEING","0.000102090320918825","0.00174489876907707","0.538434096309916","0.674398153215366","1.90384354721998","44","c(""Rps18"", ""Rps19"", ""Rpl3"", ""Rplp0"", ""Rpl14"", ""Rpl35"", ""Rpl36a"", ""AW112010"", ""Rps26"", ""Rpl41"", ""Rps28"")"
"772","LMX1B_TARGET_GENES","0.000145488033889344","0.00231434970854987","0.518848077743792","0.795744126588615","1.9046310275673","20","c(""Rpl13"", ""Rpl32"", ""Rpl17"", ""Rps6"", ""Rps8"", ""Rpl5"", ""Rps10"", ""Rps14"", ""Rpl11"")"
"773","TABULA_MURIS_SENIS_DIAPHRAGM_MESENCHYMAL_STEM_CELL_AGEING","2.07395288458584e-07","8.20631905085782e-06","0.690132458796796","0.52426344652145","1.90495708771946","195","c(""Rps18"", ""Rps19"", ""Rps20"", ""Rps7"", ""Rplp1"", ""Rpl13"", ""Tmsb4x"", ""Rps5"", ""Rpsa"", ""Rpl27a"", ""Rpl23"", ""Rpl32"", ""Rpl21"", ""Rpl14"", ""Rpl17"", ""Rps8"", ""Rpl22l1"", ""Emp3"", ""Rpl35"", ""Rps27a"", ""Rpl36a"", ""B2m"", ""Rplp2"", ""Rpl18a"", ""Rpl9"", ""Rpl18"", ""Rpl36"", ""Rps10"", ""Rpl41"", ""Bst2"", ""Rpl26"", ""Rpl22"", ""Rps14"", ""H2-Q4"", ""Rpl11"", ""Pmepa1"", ""Rpl23a"", ""Rpl6"", ""Prr13"", ""Nme2"", ""Hint1"", ""Hspe1"", ""Ly6a"", ""Rpl28"", ""Rps15"", ""Atp5g2"", ""Gstp1"", ""Lgals1"", ""Fkbp3"", ""Aprt"", ""Pcbd2"", ""Rpl31"")"
"774","TABULA_MURIS_SENIS_LUNG_ALVEOLAR_MACROPHAGE_AGEING","1.07218346987652e-05","0.000259163343325383","0.593325476396405","0.574296603186613","1.90692083215869","105","c(""H2-K1"", ""H2-D1"", ""Klf2"", ""Cd52"", ""Rps23"", ""Rpl14"", ""Emp3"", ""Rpl35"", ""Rps27a"", ""B2m"", ""Ctss"", ""Rpl19"", ""Rpl10"", ""Rps14"", ""Smpdl3a"", ""Nme2"", ""Plac8"", ""Ahnak"", ""Hexb"", ""Pkm"", ""Ifi30"", ""Ms4a6c"")"
"775","GOBP_POSITIVE_REGULATION_OF_ACUTE_INFLAMMATORY_RESPONSE","0.000358768448728221","0.00473197563539482","0.49849310876659","0.756346851985586","1.90820882435422","25","c(""H2-K1"", ""H2-D1"", ""Ccr7"", ""H2-Q7"", ""H2-Q4"", ""H2-T22"", ""H2-Q6"")"
"776","GOBP_RESPONSE_TO_BACTERIUM","2.43054508057196e-09","1.46263113859002e-07","0.774939030136436","0.499875582130915","1.91128877058392","306","c(""H2-K1"", ""H2-D1"", ""Rps19"", ""Cd52"", ""Vim"", ""Ccr7"", ""H2-Q7"", ""B2m"", ""Stat1"", ""Psmb9"", ""Rpl39"", ""Isg15"", ""Ifit1"", ""Irgm1"", ""Trim30a"", ""Ifit3"", ""Dhx58"", ""Oas3"", ""H2-Q4"", ""Tgtp1"", ""Nlrc5"", ""H2-T22"", ""Il7r"", ""Iigp1"", ""Usp18"", ""Il27ra"", ""Chd7"", ""Rnf213"", ""Oas1a"", ""Gbp9"", ""F2rl1"", ""Syt11"", ""Plac8"", ""Bcl3"", ""Gbp2"", ""Igtp"", ""Tnfsf8"", ""Herc6"", ""Oas2"", ""Ly6a"", ""H2-Q6"", ""Trim30d"", ""Eif2ak2"", ""Mapkapk3"", ""Gstp1"", ""Sp110"", ""Cmpk2"", ""Cd55"", ""Gbp7"", ""Gbp5"", ""Trim30c"", ""Cd86"", ""Rgs1"", ""Ifi44"", ""Spn"", ""Cd160"", ""Klrk1"", 
""Pglyrp1"", ""Pde2a"", ""Mif"", ""Gbp3"")"
"777","ZHANG_UTERUS_C5_MACROPHAGE","4.91305078112136e-06","0.000134515139158948","0.610526878385931","0.56653162870591","1.91795756544884","116","c(""H2-K1"", ""H2-D1"", ""Klf2"", ""Ms4a6b"", ""Cd52"", ""Ifi27l2a"", ""Tmsb4x"", ""Cotl1"", ""B2m"", ""Ctss"", ""Lgals3bp"", ""Ier5"", ""Hexb"", ""Ifi30"", ""Ms4a6c"", ""Rgs1"", ""Ms4a6d"", ""Ctsc"", ""H2-DMa"")"
"778","GOBP_RESPONSE_TO_PROTOZOAN","0.000148371575601937","0.00234191965096281","0.518848077743792","0.743340446576294","1.92125844151665","28","c(""Nkg7"", ""Tgtp2"", ""Tgtp1"", ""Iigp1"", ""Gbp9"", ""Bcl3"", ""Gbp2"", ""Igtp"", ""Gbp7"", ""Il4"", ""Spn"", ""Gbp3"", ""Ifng"", ""Irgm2"", ""Irf4"")"
"779","TABULA_MURIS_SENIS_MARROW_NAIVE_T_CELL_AGEING","8.99693419289806e-05","0.00158461246440159","0.538434096309916","0.719644327312788","1.92512814070905","34","c(""H2-D1"", ""Rps18"", ""Rps19"", ""Cd52"", ""Fxyd5"", ""Cd9"", ""Pglyrp1"", ""Crip1"", ""S100a6"")"
"780","TABULA_MURIS_SENIS_TRACHEA_MACROPHAGE_AGEING","0.000168096197450338","0.00259650195901231","0.518848077743792","0.693460899865047","1.92622496669062","39","c(""H2-K1"", ""Rpl3"", ""Rpsa"", ""Rplp0"", ""Rps3"", ""Cotl1"", ""Rpl14"", ""Rps3a1"", ""Ltb"", ""Rpl4"", ""Capg"", ""Tagln2"", ""Vasp"", ""Rpl6"", ""Prr13"", ""Ly6a"")"
"781","GOBP_NEGATIVE_REGULATION_OF_LEUKOCYTE_MEDIATED_IMMUNITY","9.15041484419528e-05","0.00159703766026937","0.538434096309916","0.681967014990729","1.92765611414046","43","c(""H2-K1"", ""H2-D1"", ""Smad7"", ""H2-Q7"", ""Bst2"", ""Klrd1"", ""H2-Q4"", ""H2-T22"", ""Il7r"", ""Vsir"", ""H2-Q6"", ""Foxp3"", ""Tbx21"", ""Spn"")"
"782","GOBP_ANTIMICROBIAL_HUMORAL_RESPONSE","2.75292361133202e-05","0.000591213371846285","0.575610261071129","0.672229912745263","1.92931958569741","47","c(""H2-K1"", ""H2-D1"", ""Rps19"", ""H2-Q7"", ""B2m"", ""Rpl39"", ""H2-Q4"", ""H2-T22"", ""Bcl3"", ""H2-Q6"")"
"783","GOBP_ANTIGEN_PROCESSING_AND_PRESENTATION_OF_PEPTIDE_ANTIGEN","0.00010784388794359","0.00183239453132388","0.538434096309916","0.704344132847624","1.93042020161773","37","c(""H2-K1"", ""H2-D1"", ""H2-Q7"", ""B2m"", ""Ctss"", ""H2-Q4"", ""H2-T22"", ""H2-Q6"", ""Ifi30"", ""H2-DMa"")"
"784","TABULA_MURIS_SENIS_LIMB_MUSCLE_MACROPHAGE_AGEING","3.95449402647744e-05","0.000811670674433442","0.557332238758646","0.614548134207517","1.9334597866059","75","c(""Rps18"", ""Rps19"", ""Cd52"", ""Rpl3"", ""Itgb7"", ""Fxyd5"", ""Rpsa"", ""Rps6"", ""Rpl35"", ""Rps27a"", ""Ctss"", ""Rpl39"", ""Rpl4"", ""Rps28"", ""Vasp"", ""Smpdl3a"", ""Rpl6"", ""Plac8"", ""Gm2a"", ""Pkm"", ""Tuba4a"", ""Rpl38"")"
"785","TABULA_MURIS_SENIS_MARROW_PROERYTHROBLAST_AGEING","3.36354064077732e-05","0.000706588155700748","0.557332238758646","0.662039419803714","1.94038098740987","55","c(""Rps18"", ""Rps19"", ""Rpl3"", ""Rps7"", ""Rpl13"", ""Rps5"", ""Rpl10a"", ""Rpl32"", ""Rps2"", ""Rps8"", ""Rpl22l1"", ""Emp3"", ""Rpl35"", ""B2m"", ""Rpl8"", ""Rpl10"", ""Tagln2"", ""Rps14"", ""Rpl6"")"
"786","GRAESSMANN_APOPTOSIS_BY_SERUM_DEPRIVATION_UP","2.79390529483949e-08","1.44110632931141e-06","0.73376198835648","0.524596654242638","1.94213869526766","225","c(""H2-D1"", ""Rps18"", ""Rpl35"", ""Rtp4"", ""Irf7"", ""Ifi203"", ""Ifi47"", ""Stat1"", ""Isg15"", ""Igfbp4"", ""Zbp1"", ""Ifit1"", ""Irgm1"", ""Bst2"", ""Irf9"", ""Trim30a"", ""Ifit3"", ""Slfn8"", ""Irf1"", ""Oas3"", ""Clcf1"", ""Apol9b"", ""Parp14"", ""Samhd1"", ""Parp9"", ""Lgals3bp"", ""Ifi35"", ""Ddx60"", ""Tgtp1"", ""Pmepa1"", ""Oasl2"", ""Sp100"", ""Oasl1"", ""Iigp1"", ""Usp18"", ""Oas1a"", ""Ifih1"", ""Sgk1"", ""Gbp2"", ""Igtp"", ""Nacc2"", ""Oas2"", ""Mx1"", ""Trim30d"", ""Eif2ak2"", ""Apol9a"", ""Sp110"", ""Cmpk2"", ""Trim34a"", ""Gbp7"", ""Arhgap39"", ""Myc"", ""Ifi44"", ""Trim25"")"
"787","GOBP_RESPONSE_TO_TYPE_II_INTERFERON","1.34205839634027e-05","0.0003126238449862","0.593325476396405","0.626890930837649","1.94749551655724","71","c(""Vim"", ""H2-Q7"", ""Stat1"", ""Capg"", ""Irgm1"", ""Bst2"", ""Irf1"", ""Parp14"", ""Parp9"", ""Tgtp1"", ""Nlrc5"", ""Sp100"", ""Gbp9"", ""Gbp2"", ""Igtp"", ""Gbp7"", ""Gbp5"")"
"788","BROWN_MYELOID_CELL_DEVELOPMENT_UP","7.05750720664505e-06","0.00018616995037803","0.610526878385931","0.591100585798953","1.94908752022374","97","c(""Cd52"", ""Rpl13"", ""Slfn1"", ""Ccnd2"", ""Ctss"", ""Capg"", ""Glipr2"", ""Apol9b"", ""Sp100"", ""Vsir"", ""Hexb"", ""Plaur"", ""Bcl2a1b"", ""Tnf"", ""S100a6"")"
"789","BOYLAN_MULTIPLE_MYELOMA_PCA1_UP","5.83857597703638e-06","0.000156154876941385","0.610526878385931","0.620558386036948","1.94964802018858","77","c(""Ms4a4b"", ""Ctsw"", ""Slfn1"", ""Nkg7"", ""Gimap4"", ""Ltb"", ""Zbp1"", ""Cxcr6"", ""Il2rb"", ""Cd9"", ""F2rl1"", ""Isg20"", ""Zbtb16"", ""Ly6c1"")"
"790","GOBP_REGULATION_OF_ACUTE_INFLAMMATORY_RESPONSE","4.99161846862314e-05","0.000977511182821556","0.557332238758646","0.729889901697433","1.95253618495677","34","c(""H2-K1"", ""H2-D1"", ""Ccr7"", ""H2-Q7"", ""H2-Q4"", ""H2-T22"", ""H2-Q6"", ""Gstp1"", ""Il4"", ""Spn"", ""Fut7"", ""Tnf"")"
"791","GOMF_PEPTIDE_ANTIGEN_BINDING","6.89396917423727e-05","0.00128059356654562","0.538434096309916","0.710421856583668","1.9535397041073","38","c(""H2-K1"", ""H2-D1"", ""H2-Q7"", ""B2m"", ""H2-Q4"", ""H2-T22"", ""H2-Q6"", ""H2-DMa"")"
"792","TABULA_MURIS_SENIS_MARROW_PROMONOCYTE_AGEING","1.04259941426718e-05","0.000254449231969235","0.593325476396405","0.62972853268574","1.96231869617067","72","c(""H2-K1"", ""Rps18"", ""Rpl3"", ""Rpl13"", ""Rps3"", ""Rpl14"", ""Rps2"", ""Rps6"", ""Rps3a1"", ""Rps27a"", ""Rpl9"", ""AW112010"", ""Rpl8"", ""Cd9"", ""Rpl11"", ""Rpl6"", ""Prr13"", ""Nme2"")"
"793","GOBP_DEFENSE_RESPONSE_TO_SYMBIONT","5.92908356056828e-07","2.08855583715872e-05","0.659444398037935","0.574954703442331","1.9635941950675","134","c(""H2-Q7"", ""Rtp4"", ""Irf7"", ""Stat1"", ""Isg15"", ""Zbp1"", ""Ifit1"", ""Irgm1"", ""Bst2"", ""Trim30a"", ""Ifit3"", ""Slfn8"", ""Dhx58"", ""Irf1"", ""Oas3"", ""Ifit1bl1"", ""Samhd1"", ""Parp9"", ""Ddx60"", ""Oasl2"", ""Oasl1"", ""Ifit3b"", ""Oas1a"", ""F2rl1"", ""Ifih1"", ""Isg20"", ""Igtp"", ""Oas2"", ""Trim30d"", ""Eif2ak2"", ""Trim34a"", ""Gbp7"", ""Gbp5"", ""Il4"", ""Pml"", ""Trim30c"", ""Cd86"", ""Bcl2"", ""Foxp3"", ""Spn"", ""Trim25"", ""Phb"", ""Rsad2"", ""Gbp3"")"
"794","TABULA_MURIS_SENIS_PANCREAS_ENDOTHELIAL_CELL_AGEING","1.63102215782323e-06","5.09319730040258e-05","0.643551836150722","0.591851976552611","1.96372239041019","107","c(""Rpl3"", ""Rps7"", ""Rpl13"", ""Rpsa"", ""Rplp0"", ""Rps3"", ""Rpl10a"", ""Rps4x"", ""Rpl14"", ""Rps6"", ""Rps16"", ""Rps8"", ""Rps3a1"", ""Rps27a"", ""Rplp2"", ""Rpl5"", ""Rpl18a"", ""Rpl9"", ""Rpl8"", ""Rpl39"", ""Rpl4"", ""Rpl36"", ""Rps10"", ""Rpl22"", ""Rps14"", ""Rpl37"", ""Rarg"", ""Rpl11"", ""Rpl6"", ""Rapgef4"", ""Acvrl1"", ""Skil"", ""Ier2"", ""Ppic"", ""Pkm"", ""Rpl31"", ""Rpl38"")"
"795","TABULA_MURIS_SENIS_LIMB_MUSCLE_MESENCHYMAL_STEM_CELL_AGEING","1.31191908405399e-06","4.25784075762915e-05","0.643551836150722","0.595371652591794","1.96892888846599","102","c(""H2-K1"", ""H2-D1"", ""Klf2"", ""Rtp4"", ""B2m"", ""Ifi203"", ""AW112010"", ""Isg15"", ""Capg"", ""Ifit1"", ""Irgm1"", ""Irf1"", ""H2-Q4"", ""Cd9"", ""Iigp1"", ""Prr13"", ""Bcl3"", ""Ly6a"", ""Gstp1"", ""Ecm1"", ""Tuba4a"", ""Ly6c1"", ""Myc"")"
"796","TABULA_MURIS_SENIS_DIAPHRAGM_SKELETAL_MUSCLE_SATELLITE_CELL_AGEING","1.93249487727423e-07","7.69932614207807e-06","0.690132458796796","0.571648294717575","1.97474423955009","138","c(""Rps18"", ""Rps20"", ""Rps7"", ""Rplp1"", ""Rpl13"", ""Tmsb4x"", ""Rps5"", ""Rpl27a"", ""Rplp0"", ""Rpl32"", ""Rpl21"", ""Rpl14"", ""Rpl17"", ""Rps8"", ""Rpl22l1"", ""Emp3"", ""Rpl35"", ""Rps27a"", ""B2m"", ""Rplp2"", ""Rpl18a"", ""Rpl9"", ""Rpl18"", ""Psmb9"", ""Rps26"", ""Rpl36"", ""Capg"", ""Rps10"", ""Rpl41"", ""Rpl26"", ""Rpl22"", ""Rps14"", ""Rpl11"", ""Rpl6"", ""Nme2"", ""Hint1"", ""Hspe1"", ""Rpl28"", ""Rps15"", ""Atp5g2"", ""Gstp1"", ""Fkbp3"", ""Tuba4a"", ""Rpl31"")"
"797","GOBP_ANTIGEN_PROCESSING_AND_PRESENTATION","2.06568454370754e-05","0.000460751336254767","0.575610261071129","0.664802536800256","1.97700234192215","57","c(""H2-K1"", ""H2-D1"", ""Ccr7"", ""H2-Q7"", ""Psme2"", ""B2m"", ""Ctss"", ""Psmb9"", ""H2-Q4"", ""H2-T22"", ""H2-Q6"", ""Ifi30"", ""H2-DMa"")"
"798","GOBP_ANTIGEN_PROCESSING_AND_PRESENTATION_OF_EXOGENOUS_ANTIGEN","2.56632997495789e-05","0.000557356701704201","0.575610261071129","0.748634527221676","1.98168908361485","32","c(""H2-K1"", ""H2-D1"", ""H2-Q7"", ""Psme2"", ""B2m"", ""Ctss"", ""H2-Q4"", ""H2-T22"", ""H2-Q6"", ""Ifi30"", ""H2-DMa"")"
"799","ICHIBA_GRAFT_VERSUS_HOST_DISEASE_35D_UP","1.91364872941459e-06","5.88039824990855e-05","0.627256739718528","0.602290104861045","1.98853576660617","100","c(""Cd52"", ""Tmsb4x"", ""Cd7"", ""Ctss"", ""Ifi47"", ""Atp1b3"", ""Stat1"", ""Psmb9"", ""Irgm1"", ""Ncf4"", ""Samhd1"", ""Tgtp1"", ""Plac8"", ""Gbp2"", ""Ctla2b"", ""Pkm"", ""Ms4a6c"", ""Ctsc"", ""H2-DMa"", ""Gbp3"", ""Nampt"", ""S100a6"", ""Litaf"")"
"800","GOBP_RESPONSE_TO_VIRUS","8.5909246275755e-08","4.00240093334707e-06","0.704975715167238","0.566088413851169","1.98878986323281","158","c(""Ifi27l2a"", ""H2-Q7"", ""Rtp4"", ""Irf7"", ""Stat1"", ""Isg15"", ""Zbp1"", ""Ifit1"", ""Irgm1"", ""Bst2"", ""Trim30a"", ""Ifit3"", ""Slfn8"", ""Dhx58"", ""Irf1"", ""Oas3"", ""Ifit1bl1"", ""Samhd1"", ""Parp9"", ""Ddx60"", ""Tgtp1"", ""Oasl2"", ""Oasl1"", ""Ifit3b"", ""Oas1a"", ""F2rl1"", ""Ifih1"", ""Isg20"", ""Bcl3"", ""Igtp"", ""Pou2f2"", ""Oas2"", ""Mx1"", ""Trim30d"", ""Eif2ak2"", ""Trim34a"", ""Gbp7"", ""Gbp5"", ""Il4"", ""Pml"", ""Trim30c"", ""Cd86"", ""Bcl2"", ""Foxp3"", ""Spn"", ""Trim25"", ""Phb"", ""Rsad2"", ""Gbp3"")"
"801","GOBP_NEGATIVE_REGULATION_OF_RESPONSE_TO_BIOTIC_STIMULUS","7.39948231246796e-06","0.000193424476557138","0.610526878385931","0.644088361515082","1.9903820662302","67","c(""H2-K1"", ""H2-D1"", ""Rps19"", ""H2-Q7"", ""Isg15"", ""Irgm1"", ""Klrd1"", ""Trim30a"", ""Dhx58"", ""Oas3"", ""H2-Q4"", ""Parp14"", ""Samhd1"", ""Nlrc5"", ""H2-T22"", ""Oas1a"", ""F2rl1"", ""Igtp"", ""H2-Q6"")"
"802","ZENG_GU_ICB_CONTROL_METAGENE_8_PRECICTIVE_ICB_RESPONSE","1.76104915439535e-07","7.16449363728305e-06","0.690132458796796","0.578874240094955","1.99487405080161","137","c(""Ctsw"", ""Slfn1"", ""Nkg7"", ""Gimap3"", ""Cd7"", ""B2m"", ""Gimap4"", ""Ifi47"", ""Stat1"", ""S1pr4"", ""Gpr18"", ""Cd48"", ""Cxcr6"", ""Klrd1"", ""Gpr68"", ""Il2rb"", ""Irf1"", ""Parp14"", ""Cst7"", ""Parp9"", ""Eomes"", ""Rnf213"", ""Gbp9"", ""AB124611"", ""Gbp2"", ""Igtp"", ""Slfn5"", ""Ipcef1"", ""Icos"", ""Trim30d"", ""Gimap7"", ""Tnfrsf4"", ""Cd226"", ""Gbp5"", ""Atp8b4"", ""Ly6c1"", ""Foxp3"", ""Tbx21"", ""Qpct"", ""Cd160"", ""Klrk1"", ""Klra1"", ""Klrb1c"", ""Klrc2"", ""Slamf7"", ""Lax1"", ""Dtx3l"", ""Epsti1"")"
"803","GOBP_CYTOKINE_PRODUCTION_INVOLVED_IN_IMMUNE_RESPONSE","2.48074647284982e-06","7.12998625554897e-05","0.627256739718528","0.62195616607101","1.99652652610595","83","c(""H2-K1"", ""H2-D1"", ""Smad7"", ""Gimap3"", ""H2-Q7"", ""B2m"", ""Bst2"", ""H2-Q4"", ""H2-T22"", ""F2rl1"", ""Vsir"", ""H2-Q6"", ""Cd226"", ""Gimap5"", ""Cd55"", ""Il4"", ""Foxp3"", ""Tbx21"", ""Cd160"", ""Psen2"", ""Mif"", ""Rsad2"", ""Tnf"", ""Arid5a"", ""Litaf"", ""Tnfrsf1b"", ""Il18r1"", ""Ifng"")"
"804","TABULA_MURIS_SENIS_HEART_ENDOTHELIAL_CELL_OF_CORONARY_ARTERY_AGEING","2.09943428963956e-06","6.28416160168275e-05","0.627256739718528","0.633467748160071","1.99861672409373","78","c(""H2-K1"", ""H2-D1"", ""Klf2"", ""Rpl3"", ""Rpl13"", ""Vim"", ""Rpsa"", ""Rplp0"", ""Rps3"", ""Smad7"", ""Eef1a1"", ""Rps3a1"", ""Rpl4"", ""Capg"", ""Tagln2"", ""Cd9"", ""Tgtp2"", ""Rpl6"", ""Prr13"", ""Igtp"", ""H2-Q6"", ""Skil"", ""Hexb"", ""Ier2"", ""Ecm1"", ""Pkm"")"
"805","GOBP_NEGATIVE_REGULATION_OF_IMMUNE_EFFECTOR_PROCESS","9.76267135491681e-06","0.000241021164176728","0.593325476396405","0.647017212104375","2.00186445820333","70","c(""H2-K1"", ""H2-D1"", ""Rps19"", ""Smad7"", ""H2-Q7"", ""Bst2"", ""Klrd1"", ""Irf1"", ""H2-Q4"", ""H2-T22"", ""Il7r"", ""Vsir"", ""H2-Q6"", ""Zbtb7b"", ""Cd55"", ""Il4"", ""Foxp3"", ""Tbx21"", ""Spn"", ""Pglyrp1"")"
"806","GOBP_ANTIBACTERIAL_HUMORAL_RESPONSE","2.11852763668611e-05","0.000470720544505217","0.575610261071129","0.775403641057426","2.00412986784975","28","c(""H2-K1"", ""H2-D1"", ""H2-Q7"", ""B2m"", ""Rpl39"", ""H2-Q4"", ""H2-T22"", ""H2-Q6"")"
"807","GOBP_NEGATIVE_REGULATION_OF_IMMUNE_RESPONSE","2.34784218945773e-06","6.81582127060166e-05","0.627256739718528","0.615965844453746","2.00673559497187","92","c(""H2-K1"", ""H2-D1"", ""Rps19"", ""Smad7"", ""H2-Q7"", ""Isg15"", ""Klrd1"", ""Dhx58"", ""Irf1"", ""Oas3"", ""H2-Q4"", ""Parp14"", ""Samhd1"", ""Nlrc5"", ""H2-T22"", ""Il7r"", ""Il27ra"", ""Oas1a"", ""Vsir"", ""H2-Q6"", ""Zbtb7b"", ""Cd55"", ""Il4"", ""Foxp3"", ""Tbx21"", ""Spn"", ""Cd160"", ""Pglyrp1"")"
"808","GOBP_NEGATIVE_REGULATION_OF_INNATE_IMMUNE_RESPONSE","1.21781292826147e-05","0.000288332183875677","0.593325476396405","0.708800052949759","2.00831205676703","45","c(""H2-K1"", ""H2-D1"", ""Rps19"", ""H2-Q7"", ""Isg15"", ""Klrd1"", ""Dhx58"", ""Oas3"", ""H2-Q4"", ""Parp14"", ""Samhd1"", ""Nlrc5"", ""H2-T22"", ""Oas1a"", ""H2-Q6"")"
"809","GOCC_ENDOCYTIC_VESICLE","8.23787172562688e-06","0.000210576039641356","0.593325476396405","0.680415966277201","2.02343385343522","57","c(""H2-K1"", ""H2-D1"", ""Vim"", ""H2-Q7"", ""B2m"", ""Ctss"", ""Capg"", ""Irgm1"", ""Syt11"", ""Ehd1"")"
"810","GOBP_AMIDE_METABOLIC_PROCESS","5.49307005901077e-13","6.22224818253044e-11","0.921426003494898","0.51854293637569","2.02543136181441","400","c(""Rps18"", ""Rps19"", ""Rpl3"", ""Rps20"", ""Rps7"", ""Rplp1"", ""Rpl13"", ""Vim"", ""Rps5"", ""Rpsa"", ""Rpl27a"", ""Rpl23"", ""Rplp0"", ""Rps3"", ""Rps23"", ""Rpl10a"", ""Rpl32"", ""Rpl21"", ""Rps12"", ""Eef1a1"", ""Rps4x"", ""Rpl14"", ""Rpl17"", ""Rps2"", ""Rps6"", ""Rps16"", ""Rps8"", ""Rpl22l1"", ""Rpl35"", ""Rps3a1"", ""Rps27a"", ""Rpl36a"", ""Rplp2"", ""Rpl5"", ""Eef1b2"", ""Rpl19"", ""Rpl18a"", ""Rpl9"", ""Rpl18"", ""Rpl15"", ""Rpl8"", ""Rpl39"", ""Rps25"", ""Rpl10"", ""Rpl4"", ""Rps26"", ""Rpl36"", ""Rpl29"", ""Rps10"", ""Rpl41"", ""Rps28"", ""Ass1"", ""Ggt1"", ""Rpl26"", ""Rpl22"", ""Eef1g"", ""Rps14"", 
""B4galnt1"", ""Rpl37"", ""Smpdl3a"", ""Rpl11"", ""Rpl23a"", ""St8sia6"", ""Rpl6"", ""Bcl3"", ""Gm2a"", ""B4galt5"", ""Eef1d"", ""Rpl28"", ""Sgms1"", ""Rps15"", ""Eif2ak2"", ""Sorl1"", ""Npm1"", ""Hexb"", ""Prkch"", ""Pkm"", ""Gm2000"", ""Rpl31"")"
"811","TABULA_MURIS_SENIS_LUNG_CD4_POSITIVE_ALPHA_BETA_T_CELL_AGEING","1.42981370152686e-06","4.56904087832334e-05","0.643551836150722","0.623195798055268","2.02790425629856","90","c(""Ms4a4b"", ""H2-K1"", ""H2-D1"", ""Ms4a6b"", ""Vim"", ""Nkg7"", ""Emp3"", ""B2m"", ""Ifi203"", ""Ifi47"", ""AW112010"", ""Capg"", ""Bst2"", ""Gm8369"", ""Cd48"", ""Runx3"", ""Cxcr6"", ""Il2rb"", ""Ncf4"", ""Glipr2"", ""H2-Q4"", ""Cst7"", ""Ifi35"", ""Smpdl3a"", ""Prr13"", ""Gng2"", ""Tnfsf8"", ""Cxcr3"", ""Ly6a"", ""Tnfrsf18"", ""Cd82"", ""Gimap7"", ""Ahnak"", ""Lgals1"", ""Tnfrsf4"", ""Ier2"", ""Gna15"", ""Gbp7"", ""Rgs1"", ""Ly6c2"", ""Ctla4"", ""Pglyrp1"", ""Epsti1"", ""Crip1"", ""Bcl2a1b"", ""Smco4"", ""S100a6"", ""Hspa8"")"
"812","GOCC_PRERIBOSOME","2.58094545111755e-06","7.3812484510426e-05","0.627256739718528","0.652425483041248","2.03304544224761","72","c(""Rps19"", ""Rps7"", ""Rps5"", ""Rps23"", ""Rps12"", ""Rps4x"", ""Rps6"", ""Rps16"", ""Rps8"", ""Rps3a1"", ""Rps27a"", ""Rps28"", ""Rps14"")"
"813","TABULA_MURIS_SENIS_SPLEEN_B_CELL_AGEING","4.18408542085488e-06","0.000116208949405186","0.610526878385931","0.677320832249315","2.03456122273453","61","c(""H2-K1"", ""H2-D1"", ""Itgb7"", ""Fxyd5"", ""Gimap3"", ""Emp3"", ""B2m"", ""Gimap4"", ""AW112010"", ""Psmb9"", ""Capg"", ""Rps10"", ""H2-Q4"", ""Cd72"", ""Prr13"", ""Ly6a"", ""Gimap7"", ""Ahnak"", ""Lgals1"", ""Ifi30"", ""Rpl38"")"
"814","GOBP_RIBOSOME_ASSEMBLY","1.08966478825387e-05","0.00026229139507261","0.593325476396405","0.742490642223346","2.03496965249819","37","c(""Rps19"", ""Rps5"", ""Rpsa"", ""Rplp0"", ""Rps6"", ""Rpl5"", ""Rps25"", ""Rpl10"", ""Rps28"", ""Rps14"", ""Rpl11"", ""Rpl23a"", ""Rpl6"", ""Rps15"", ""Rpl38"")"
"815","GOBP_DEFENSE_RESPONSE_TO_GRAM_POSITIVE_BACTERIUM","1.43329496996332e-06","4.56904087832334e-05","0.643551836150722","0.68344271473605","2.0460528807475","59","c(""H2-K1"", ""H2-D1"", ""H2-Q7"", ""B2m"", ""Rpl39"", ""H2-Q4"", ""H2-T22"", ""Il7r"", ""Il27ra"", ""Gbp9"", ""Gbp2"", ""Tnfsf8"", ""H2-Q6"", ""Gbp7"", ""Klrk1"", ""Pglyrp1"", ""Gbp3"", ""Tnf"", ""Lta"")"
"816","GOBP_RIBOSOMAL_SMALL_SUBUNIT_BIOGENESIS","9.21202318657595e-07","3.0584975832672e-05","0.659444398037935","0.687426087615515","2.06177454061912","60","c(""Rps19"", ""Rps7"", ""Rps5"", ""Rpsa"", ""Rps23"", ""Rps12"", ""Rps6"", ""Rps16"", ""Rps8"", ""Rps3a1"", ""Rps25"", ""Rps28"", ""Rps14"", ""Rps15"", ""Npm1"", ""Rpl38"", ""Fbl"")"
"817","GOMF_RRNA_BINDING","4.80130982214742e-06","0.000132081746869265","0.610526878385931","0.73779117668475","2.06328120327974","42","c(""Rps18"", ""Rpl3"", ""Rps5"", ""Rpl23"", ""Rplp0"", ""Rps3"", ""Rps4x"", ""Rpl17"", ""Rpl5"", ""Rpl19"", ""Rpl9"", ""Rpl8"", ""Rpl4"", ""Rpl37"", ""Rpl11"", ""Rpl23a"", ""Rpl6"")"
"818","DESCARTES_ORGANOGENESIS_WHITE_BLOOD_CELLS","1.1887196633139e-12","1.27170990647488e-10","0.910119734774459","0.540049093736289","2.06416937229298","313","c(""H2-K1"", ""H2-D1"", ""Ms4a6b"", ""Cd52"", ""Itgb7"", ""Fxyd5"", ""9930111J21Rik2"", ""Emp3"", ""B2m"", ""Ctss"", ""Ifi203"", ""Stat1"", ""Klk8"", ""Xaf1"", ""Il6ra"", ""Mndal"", ""Cyth4"", ""Psme2b"", ""Cd48"", ""Runx3"", ""Pik3cd"", ""Irf9"", ""Adgrg5"", ""Slfn8"", ""Irf1"", ""Neurl3"", ""Parp14"", ""Samhd1"", ""Ddx60"", ""Nlrc5"", ""Sp100"", ""Il7r"", ""Stk10"", ""Rnf213"", ""Ifih1"", ""Ms4a4c"", ""Pepd"", ""Plac8"", ""AB124611"", ""Vsir"", ""Gm2a"", ""Herc6"", ""Oas2"", ""Mx1"", ""Icos"", ""Arsb"", ""Trim30d"", ""Eif2ak2"", ""Sp110"", ""Hexb"", ""Gna15"", ""Gbp7"", ""Il4"", ""Ms4a6c"", ""Trim30c"", 
""Cd86"")"
"819","ZHANG_UTERUS_C2_REGENERATIVE_UP","1.51919982949454e-06","4.77624334286199e-05","0.643551836150722","0.712546432602432","2.07085644776446","49","c(""Rps7"", ""Rplp1"", ""Rps5"", ""Rpl32"", ""Rps12"", ""Rpl14"", ""Rpl36a"", ""Eef1b2"", ""Rpl18a"", ""Rpl18"", ""Rpl39"", ""Rps26"", ""Rps28"", ""Rpl26"", ""Chchd10"", ""Rpl11"", ""Hint1"")"
"820","ZHANG_UTERUS_C9_DENDRITIC_CELL","1.4106056029158e-06","4.55255227265059e-05","0.643551836150722","0.692928441880372","2.08144393447613","61","c(""H2-K1"", ""H2-D1"", ""Cd52"", ""Tmsb4x"", ""Fxyd5"", ""Cotl1"", ""B2m"", ""Ctss"", ""Rpl18a"", ""Tagln2"", ""Ms4a4c"", ""Gm2a"", ""Ifi30"", ""Ms4a6c"", ""Rgs1"", ""Ctsc"", ""H2-DMa"", ""Crip1"", ""Bcl2a1b"")"
"821","TABULA_MURIS_SENIS_LUNG_INTERMEDIATE_MONOCYTE_AGEING","2.07341030120364e-10","1.49726141375668e-08","0.826657301178302","0.565813867921905","2.08837045069186","224","c(""Rps18"", ""Rps19"", ""Cd52"", ""Rps20"", ""Rps7"", ""Rplp1"", ""Rpl13"", ""Rps5"", ""Rpsa"", ""Rpl27a"", ""Rpl23"", ""Rplp0"", ""Rps3"", ""Rps23"", ""Rpl10a"", ""Rpl32"", ""Rpl21"", ""Rps12"", ""Rps4x"", ""Rpl14"", ""Rpl17"", ""Rps2"", ""Rps6"", ""Rps16"", ""Rps8"", ""Rpl35"", ""Rps3a1"", ""Rps27a"", ""Rpl36a"", ""Rplp2"", ""Eef1b2"", ""Rpl19"", ""Rpl18a"", ""Rpl18"", ""AW112010"", ""Rpl15"", ""Rpl8"", ""Rps25"", ""Rpl10"", ""Rpl29"", ""Rps10"", ""Rpl41"", ""Rpl22"", ""Rps14"", ""Ncf4"", ""Rpl11"", ""Rpl23a"", ""Rpl6"", ""Nme2"", ""Bcl3"", ""Hint1"", ""Ly6a"", ""Eef1d"", ""Rpl28"", ""Rps15"", ""Atp5g2"", 
""Filip1l"", ""Npm1"", ""Lgals1"", ""Aprt"", ""Pkm"", ""Rpl31"", ""Ifi30"")"
"822","TABULA_MURIS_SENIS_MARROW_IMMATURE_B_CELL_AGEING","2.66565639685935e-09","1.58757701078932e-07","0.774939030136436","0.601270559949923","2.08894262870216","145","c(""H2-D1"", ""Rps18"", ""Rps19"", ""Cd52"", ""Rpl3"", ""Rps7"", ""Rplp1"", ""Rpl13"", ""Tmsb4x"", ""Rps5"", ""Rpsa"", ""Rplp0"", ""Rps3"", ""Rpl10a"", ""Rpl32"", ""Cotl1"", ""Rps4x"", ""Rpl14"", ""Rps2"", ""Rps6"", ""Emp3"", ""Rpl35"", ""Rps3a1"", ""Rplp2"", ""Rpl19"", ""Rpl18a"", ""Rpl15"", ""Ltb"", ""Rpl8"", ""Rpl10"", ""Rpl29"", ""Capg"", ""Rps10"", ""S1pr4"", ""Rpl41"", ""Chchd10"", ""Rexo2"", ""Cd9"", ""Rpl11"", ""Rpl23a"", ""Rpl6"", ""Prr13"", ""Hint1"", ""Eef1d"", ""Rpl28"", ""Rps15"", ""Rnh1"")"
"823","TABULA_MURIS_SENIS_MARROW_GRANULOCYTE_AGEING","1.69487436096735e-06","5.26413396952064e-05","0.643551836150722","0.760173755173115","2.11749455791365","40","c(""H2-K1"", ""H2-D1"", ""Klf2"", ""Rps18"", ""Cd52"", ""Tmsb4x"", ""Fxyd5"", ""Rps3"", ""Cotl1"", ""Emp3"", ""B2m"", ""Rpl10"", ""Cd9"", ""Prr13"")"
"824","TABULA_MURIS_SENIS_TONGUE_KERATINOCYTE_AGEING","6.26898186984753e-07","2.19490353103692e-05","0.659444398037935","0.868236976660084","2.12152543522023","22","c(""H2-K1"", ""H2-D1"", ""Rplp1"", ""Ifi27l2a"", ""Rps12"", ""B2m"", ""Rplp2"", ""Eef1b2"", ""Rps10"", ""Gstp1"", ""Rpl38"")"
"825","GOBP_PEPTIDE_METABOLIC_PROCESS","2.76644206831352e-14","3.9954339571618e-12","0.97599468306432","0.552685057939558","2.1216874875427","328","c(""Rps18"", ""Rps19"", ""Rpl3"", ""Rps20"", ""Rps7"", ""Rplp1"", ""Rpl13"", ""Vim"", ""Rps5"", ""Rpsa"", ""Rpl27a"", ""Rpl23"", ""Rplp0"", ""Rps3"", ""Rps23"", ""Rpl10a"", ""Rpl32"", ""Rpl21"", ""Rps12"", ""Eef1a1"", ""Rps4x"", ""Rpl14"", ""Rpl17"", ""Rps2"", ""Rps6"", ""Rps16"", ""Rps8"", ""Rpl22l1"", ""Rpl35"", ""Rps3a1"", ""Rps27a"", ""Rpl36a"", ""Rplp2"", ""Rpl5"", ""Eef1b2"", ""Rpl19"", ""Rpl18a"", ""Rpl9"", ""Rpl18"", ""Rpl15"", ""Rpl8"", ""Rpl39"", ""Rps25"", ""Rpl10"", ""Rpl4"", ""Rps26"", ""Rpl36"", ""Rpl29"", ""Rps10"", ""Rpl41"", ""Rps28"", ""Ggt1"", ""Rpl26"", ""Rpl22"", ""Eef1g"", ""Rps14"", 
""Rpl37"", ""Rpl11"", ""Rpl23a"")"
"826","TABULA_MURIS_SENIS_LUNG_CD8_POSITIVE_ALPHA_BETA_T_CELL_AGEING","7.33351531250126e-07","2.52176892620951e-05","0.659444398037935","0.82637346372516","2.12291424854527","27","c(""Ms4a4b"", ""H2-K1"", ""H2-D1"", ""Vim"", ""Nkg7"", ""Ccnd2"", ""Cst7"", ""Eomes"", ""Ms4a4c"", ""Cxcr3"", ""Ahnak"", ""Lgals1"", ""Rgs1"", ""Klrk1"", ""Crip1"", ""S100a6"")"
"827","GOBP_AMIDE_BIOSYNTHETIC_PROCESS","8.00010078521535e-15","1.28379395100525e-12","0.986546283587582","0.55443981515045","2.12461991899964","331","c(""Rps18"", ""Rps19"", ""Rpl3"", ""Rps20"", ""Rps7"", ""Rplp1"", ""Rpl13"", ""Vim"", ""Rps5"", ""Rpsa"", ""Rpl27a"", ""Rpl23"", ""Rplp0"", ""Rps3"", ""Rps23"", ""Rpl10a"", ""Rpl32"", ""Rpl21"", ""Rps12"", ""Eef1a1"", ""Rps4x"", ""Rpl14"", ""Rpl17"", ""Rps2"", ""Rps6"", ""Rps16"", ""Rps8"", ""Rpl22l1"", ""Rpl35"", ""Rps3a1"", ""Rps27a"", ""Rpl36a"", ""Rplp2"", ""Rpl5"", ""Eef1b2"", ""Rpl19"", ""Rpl18a"", ""Rpl9"", ""Rpl18"", ""Rpl15"", ""Rpl8"", ""Rpl39"", ""Rps25"", ""Rpl10"", ""Rpl4"", ""Rps26"", ""Rpl36"", ""Rpl29"", ""Rps10"", ""Rpl41"", ""Rps28"", ""Ass1"", ""Ggt1"", ""Rpl26"", ""Rpl22"", ""Eef1g"", ""Rps14"", 
""B4galnt1"", ""Rpl37"", ""Rpl11"", ""Rpl23a"", ""St8sia6"", ""Rpl6"", ""Bcl3"", ""B4galt5"", ""Eef1d"", ""Rpl28"", ""Sgms1"", ""Rps15"", ""Eif2ak2"")"
"828","TABULA_MURIS_SENIS_MARROW_HEMATOPOIETIC_PRECURSOR_CELL_AGEING","1.59228031842256e-07","6.61770028742959e-06","0.690132458796796","0.687999489123006","2.12737569929515","69","c(""Ms4a4b"", ""H2-K1"", ""H2-D1"", ""Ms4a6b"", ""Cd52"", ""Tmsb4x"", ""Nkg7"", ""Gimap3"", ""B2m"", ""Gimap4"", ""AW112010"", ""Ltb"", ""Ostf1"", ""Vasp"", ""H2-Q4"", ""Cd9"", ""Prr13"", ""Vsir"", ""Ly6a"", ""Tnfrsf18"", ""Cd82"", ""Gimap7"")"
"829","GOCC_PHAGOCYTIC_VESICLE","3.89310882606766e-07","1.42344871444259e-05","0.674962860011025","0.810248169320767","2.14478479655592","32","c(""H2-K1"", ""H2-D1"", ""Vim"", ""H2-Q7"", ""B2m"", ""Ctss"", ""Capg"", ""Irgm1"", ""Syt11"")"
"830","MA_RAT_AGING_UP","7.43611028810876e-08","3.49255358816295e-06","0.704975715167238","0.69071927369126","2.14578425455284","71","c(""H2-D1"", ""Rps20"", ""Rplp1"", ""Ifi27l2a"", ""Rplp0"", ""Rps12"", ""Eef1a1"", ""Rpl17"", ""Rps6"", ""Rps3a1"", ""B2m"", ""Rpl5"", ""Rpl8"", ""Capg"", ""Ifit3"", ""Oasl1"", ""Oas1a"", ""Plac8"", ""H2-Q6"")"
"831","GOBP_DEFENSE_RESPONSE_TO_BACTERIUM","9.04504918908343e-10","6.00612059371666e-08","0.801215574617779","0.634639175081508","2.14592189687191","129","c(""H2-K1"", ""H2-D1"", ""Rps19"", ""H2-Q7"", ""B2m"", ""Rpl39"", ""Isg15"", ""Irgm1"", ""Oas3"", ""H2-Q4"", ""H2-T22"", ""Il7r"", ""Iigp1"", ""Il27ra"", ""Rnf213"", ""Oas1a"", ""Gbp9"", ""F2rl1"", ""Syt11"", ""Plac8"", ""Bcl3"", ""Gbp2"", ""Igtp"", ""Tnfsf8"", ""Oas2"", ""H2-Q6"", ""Gbp7"", ""Gbp5"", ""Spn"", ""Cd160"", ""Klrk1"", ""Pglyrp1"", ""Gbp3"", ""Gzmb"", ""Tnf"", ""Lta"")"
"832","GOCC_POLYSOMAL_RIBOSOME","1.68398549543974e-07","6.8995632674861e-06","0.690132458796796","0.863630125838696","2.14928117184992","24","c(""Rps23"", ""Rpl10a"", ""Rpl32"", ""Rpl36a"", ""Rpl19"", ""Rpl18a"", ""Rpl18"", ""Rpl8"", ""Rpl39"", ""Rps26"", ""Rpl36"", ""Rpl29"", ""Rps28"", ""Rpl11"", ""Rpl6"", ""Rpl31"", ""Rpl38"")"
"833","ZENG_GU_ICB_CONTROL_METAGENE_25_PRECICTIVE_ICB_RESPONSE","1.0604944476011e-09","6.96190502703583e-08","0.788186810800237","0.626267018900117","2.15040704002444","136","c(""H2-K1"", ""H2-D1"", ""Cd52"", ""Ctsw"", ""Fxyd5"", ""Nkg7"", ""Gimap3"", ""H2-Q7"", ""Cd7"", ""Psme2"", ""B2m"", ""Gimap4"", ""Stat1"", ""Ltb"", ""Zbp1"", ""S1pr4"", ""Cyth4"", ""Runx3"", ""Klrd1"", ""Adgrg5"", ""Il2rb"", ""Ncf4"", ""H2-Q4"", ""Apol9b"", ""Tgtp2"", ""Gng2"", ""Icos"", ""Ly6a"", ""Apol9a"", ""Tnfrsf4"", ""Gna15"", ""Ly6c1"", ""Cd86"", ""Ctla4"", ""Spn"", ""H2-DMa"")"
"834","GOCC_PRESYNAPSE","8.8619110427837e-11","7.3136085848802e-09","0.839088935621274","0.599053509657094","2.15113276349856","180","c(""Rpl13"", ""Rps5"", ""Rpl27a"", ""Rpl23"", ""Rpl10a"", ""Rpl32"", ""Rps12"", ""Rpl14"", ""Rpl17"", ""Rps6"", ""Rps16"", ""Rpl35"", ""Rps27a"", ""Rpl36a"", ""Rplp2"", ""Rpl5"", ""Rpl9"", ""Rpl15"", ""Rpl8"", ""Rpl10"", ""Rpl4"", ""Rps26"", ""Rpl36"", ""Rpl29"", ""Rps10"", ""Rps28"", ""Rpl26"", ""Rpl22"", ""Rps14"", ""Rpl37"", ""Rpl23a"", ""Rpl6"", ""Rapgef4"", ""Syt11"")"
"835","GOCC_SMALL_SUBUNIT_PROCESSOME","1.89467885222025e-07","7.6010831453308e-06","0.690132458796796","0.7402847809811","2.15147173816807","49","c(""Rps19"", ""Rps7"", ""Rps5"", ""Rps23"", ""Rps12"", ""Rps4x"", ""Rps6"", ""Rps16"", ""Rps8"", ""Rps3a1"", ""Rps27a"", ""Rps28"", ""Rps14"")"
"836","TABULA_MURIS_SENIS_LUNG_B_CELL_AGEING","1.03856034767496e-07","4.650979169394e-06","0.704975715167238","0.733907243052668","2.16178475449133","56","c(""H2-K1"", ""H2-D1"", ""Vim"", ""Fxyd5"", ""Ccnd2"", ""Emp3"", ""Psme2"", ""B2m"", ""Gimap4"", ""AW112010"", ""Phf11b"", ""Psmb9"", ""Capg"", ""Anxa6"", ""Cd9"", ""Sp100"", ""Cd72"", ""Prr13"", ""Ly6a"", ""Ahnak"", ""Lgals1"", ""Ier2"", ""Jund"", ""Crip1"", ""Ankrd44"", ""Bcl2a1b"", ""Sp140"")"
"837","GOCC_POLYSOME","3.05179116714991e-07","1.14481802419643e-05","0.674962860011025","0.76666149086626","2.16705453175691","43","c(""Vim"", ""Rps3"", ""Rps23"", ""Rpl10a"", ""Rpl32"", ""Rps4x"", ""Rps6"", ""Rpl36a"", ""Rpl19"", ""Rpl18a"", ""Rpl18"", ""Rpl8"", ""Rpl39"", ""Rps26"", ""Rpl36"", ""Rpl29"", ""Rps28"", ""Rpl11"", ""Rpl6"")"
"838","GOBP_INTERFERON_MEDIATED_SIGNALING_PATHWAY","1.31216476477295e-07","5.65699690006965e-06","0.690132458796796","0.819549664391566","2.16940651860167","32","c(""Irf7"", ""Stat1"", ""Isg15"", ""Zbp1"", ""Irgm1"", ""Irf1"", ""Oas3"", ""Parp14"", ""Samhd1"", ""Parp9"", ""Nlrc5"", ""Oas1a"", ""Ifih1"", ""Igtp"", ""Oas2"")"
"839","TABULA_MURIS_SENIS_LIMB_MUSCLE_SMOOTH_MUSCLE_CELL_AGEING","1.09491723060277e-07","4.82850140549024e-06","0.704975715167238","0.746977062410624","2.17092135368009","49","c(""H2-K1"", ""H2-D1"", ""Rtp4"", ""B2m"", ""Ifi203"", ""Ifi47"", ""Isg15"", ""Capg"", ""Mndal"", ""Ifit1"", ""Irgm1"", ""Ifit3"", ""Irf1"", ""H2-Q4"", ""Inpp4b"", ""Iigp1"", ""Filip1l"", ""Pkm"", ""Tuba4a"", ""Gbp7"", ""Gbp5"")"
"840","TABULA_MURIS_SENIS_KIDNEY_KIDNEY_COLLECTING_DUCT_PRINCIPAL_CELL_AGEING","1.8134648324534e-11","1.61175174416666e-09","0.863415391606693","0.601134653860878","2.17475793965857","187","c(""H2-K1"", ""H2-D1"", ""Klf2"", ""Rps18"", ""Rps19"", ""Rps20"", ""Rps7"", ""Rplp1"", ""Rpl13"", ""Tmsb4x"", ""Rps5"", ""Rpsa"", ""Rpl27a"", ""Rpl23"", ""Rplp0"", ""Rps3"", ""Rps23"", ""Smad7"", ""Rpl32"", ""Rpl21"", ""Rps12"", ""Rps4x"", ""Rpl14"", ""Rps16"", ""Rps8"", ""Rpl35"", ""Rps3a1"", ""Rps27a"", ""B2m"", ""Rplp2"", ""Rpl5"", ""Rpl19"", ""Rpl18a"", ""Rpl9"", ""Rpl39"", ""Rpl10"", ""Rps10"", ""Rps28"", ""Rpl22"", ""Irf1"", ""Rpl37"", ""Tspan9"", ""Samd9l"")"
"841","GOBP_RESPONSE_TO_TYPE_I_INTERFERON","5.87265548867974e-08","2.85095216454646e-06","0.719512826338911","0.874877195259488","2.17727129611883","24","c(""Irf7"", ""Stat1"", ""Isg15"", ""Zbp1"", ""Oas3"", ""Samhd1"", ""Nlrc5"", ""Sp100"", ""Oas1a"", ""Ifih1"", ""Oas2"")"
"842","GOBP_PEPTIDE_BIOSYNTHETIC_PROCESS","2.69577994542106e-14","3.99321044735832e-12","0.97599468306432","0.571459926900094","2.18448706817658","299","c(""Rps18"", ""Rps19"", ""Rpl3"", ""Rps20"", ""Rps7"", ""Rplp1"", ""Rpl13"", ""Vim"", ""Rps5"", ""Rpsa"", ""Rpl27a"", ""Rpl23"", ""Rplp0"", ""Rps3"", ""Rps23"", ""Rpl10a"", ""Rpl32"", ""Rpl21"", ""Rps12"", ""Eef1a1"", ""Rps4x"", ""Rpl14"", ""Rpl17"", ""Rps2"", ""Rps6"", ""Rps16"", ""Rps8"", ""Rpl22l1"", ""Rpl35"", ""Rps3a1"", ""Rps27a"", ""Rpl36a"", ""Rplp2"", ""Rpl5"", ""Eef1b2"", ""Rpl19"", ""Rpl18a"", ""Rpl9"", ""Rpl18"", ""Rpl15"", ""Rpl8"", ""Rpl39"", ""Rps25"", ""Rpl10"", ""Rpl4"", ""Rps26"", ""Rpl36"", ""Rpl29"", ""Rps10"", ""Rpl41"", ""Rps28"", ""Ggt1"", ""Rpl26"", ""Rpl22"", ""Eef1g"", ""Rps14"", 
""Rpl37"", ""Rpl11"", ""Rpl23a"")"
"843","TABULA_MURIS_SENIS_KIDNEY_KIDNEY_LOOP_OF_HENLE_THICK_ASCENDING_LIMB_EPITHELIAL_CELL_AGEING","6.43631106468545e-09","3.75581505259473e-07","0.761460801445585","0.658840050012087","2.18764277806512","105","c(""H2-K1"", ""H2-D1"", ""Rps19"", ""Rps20"", ""Rps7"", ""Rplp1"", ""Tmsb4x"", ""Rps23"", ""Smad7"", ""Rpl21"", ""Rps12"", ""Eef1a1"", ""Rps4x"", ""B2m"", ""Rpl5"", ""Tesc"", ""Rpl39"", ""Rpl10"", ""Rpl4"", ""Rpl29"", ""Rps28"", ""Ggt1"", ""Rpl22"", ""Cd9"", ""Pmepa1"", ""Rpl6"", ""Prr13"")"
"844","WUNDER_INFLAMMATORY_RESPONSE_AND_CHOLESTEROL_UP","1.20664929814674e-07","5.28091893590432e-06","0.690132458796796","0.767809953016732","2.19068504427835","46","c(""H2-K1"", ""H2-D1"", ""H2-Q7"", ""B2m"", ""Ctss"", ""Stat1"", ""Psmb9"", ""Bst2"", ""Psme2b"", ""H2-Q4"", ""Tgtp1"", ""H2-T22"", ""Plac8"", ""Gbp2"", ""Sp110"", ""Cmpk2"", ""Ifi44"", ""Ctsc"", ""H2-DMa"")"
"845","CASTELLANO_NRAS_TARGETS_UP","1.39566205341633e-07","5.97239976487861e-06","0.690132458796796","0.792035425396602","2.20624652132353","40","c(""H2-D1"", ""Ifi27l2a"", ""B2m"", ""Ifi203"", ""Stat1"", ""Isg15"", ""Ifit1"", ""Irgm1"", ""Ifi35"", ""Tgtp1"", ""Iigp1"", ""Usp18"", ""Ifih1"", ""Gbp2"", ""Pcbd2"")"
"846","ZHANG_UTERUS_C6_ENDOTHELIAL_PLVAP_HIGH_CELL","1.0289697782981e-08","5.77122175653219e-07","0.747739663149885","0.692988861615674","2.22905562498092","84","c(""H2-K1"", ""H2-D1"", ""Klf2"", ""Rps20"", ""Rps7"", ""Vim"", ""Tmsb4x"", ""Fxyd5"", ""Rps3"", ""Rps12"", ""H2-Q7"", ""Rpl36a"", ""B2m"", ""Rpl18"", ""Atp1b3"", ""Tagln2"", ""Rpl26"", ""Irf1"", ""Cd9"", ""Rpl11"", ""Iigp1"", ""Slfn5"", ""Ly6a"")"
"847","REACTOME_ACTIVATION_OF_THE_MRNA_UPON_BINDING_OF_THE_CAP_BINDING_COMPLEX_AND_EIFS_AND_SUBSEQUENT_BINDING_TO_43S","6.35052888251593e-08","3.03198391357806e-06","0.704975715167238","0.800304030361443","2.22927905289337","40","c(""Rps18"", ""Rps19"", ""Rps20"", ""Rps7"", ""Rps5"", ""Rpsa"", ""Rps3"", ""Rps23"", ""Rps12"", ""Rps4x"", ""Rps2"", ""Rps6"", ""Rps16"", ""Rps8"", ""Rps3a1"", ""Rps25"", ""Rps26"", ""Rps10"", ""Rps28"", ""Rps14"")"
"848","BILANGES_SERUM_RESPONSE_TRANSLATION","1.44656189153422e-09","9.18328356856394e-08","0.788186810800237","0.910030757449461","2.2421344282153","23","c(""Rps19"", ""Rps7"", ""Rps5"", ""Rps3"", ""Rpl21"", ""Eef1a1"", ""Rps4x"", ""Rpl14"", ""Rps6"", ""Rps8"", ""Eef1b2"", ""Rpl18a"", ""Rpl10"", ""Rpl4"", ""Rpl29"", ""Eef1g"", ""Rpl6"")"
"849","TABULA_MURIS_SENIS_AORTA_AORTIC_ENDOTHELIAL_CELL_AGEING","1.57829573807368e-12","1.59961657523713e-10","0.910119734774459","0.649561975426756","2.27379712974012","155","c(""H2-K1"", ""Klf2"", ""Rps18"", ""Rpl3"", ""Rps20"", ""Rps7"", ""Rplp1"", ""Rpl13"", ""Vim"", ""Tmsb4x"", ""Rps5"", ""Rpsa"", ""Rplp0"", ""Rps3"", ""Rpl32"", ""Eef1a1"", ""Rps4x"", ""Rpl14"", ""Rpl17"", ""Rps8"", ""Rpl35"", ""Rps3a1"", ""B2m"", ""Eef1b2"", ""Rpl9"", ""AW112010"", ""Rpl8"", ""Rpl4"", ""Rpl29"", ""Rps10"", ""Rps14"", ""Tgtp2"", ""Rpl6"", ""Prr13"", ""Nme2"", ""Vsir"", ""Rpl28"", ""Npm1"", ""Cdh13"", ""Ier2"", ""Ppic"")"
"850","TABULA_MURIS_SENIS_TRACHEA_FIBROBLAST_AGEING","5.08224560550714e-10","3.49525391226366e-08","0.801215574617779","0.738308201439333","2.29362372529347","71","c(""H2-K1"", ""H2-D1"", ""Rpl3"", ""Rps20"", ""Rps7"", ""Rpl13"", ""Fxyd5"", ""Rps5"", ""Rpsa"", ""Rplp0"", ""Rps3"", ""Rps4x"", ""Rpl14"", ""Rpl17"", ""Rps6"", ""Rps3a1"", ""Rpl8"", ""Rpl4"", ""Capg"", ""Rps10"", ""Cd9"", ""Rpl11"", ""Rpl6"", ""Prr13"", ""Ly6a"", ""Eef1d"", ""Npm1"", ""Ier2"", ""Ly6c1"", ""Naca"", ""Wdr89"")"
"851","GOBP_RESPONSE_TO_INTERFERON_BETA","8.09200225697703e-10","5.43575546959957e-08","0.801215574617779","0.836746577449055","2.3009112771154","38","c(""Ifi203"", ""Ifi47"", ""Stat1"", ""Xaf1"", ""Mndal"", ""Ifit1"", ""Irgm1"", ""Bst2"", ""Ifit3"", ""Irf1"", ""Tgtp2"", ""Tgtp1"", ""Iigp1"", ""Oas1a"", ""Gbp2"", ""Igtp"", ""Gbp7"", ""Gbp3"")"
"852","TABULA_MURIS_SENIS_LIMB_MUSCLE_ENDOTHELIAL_CELL_AGEING","3.25506239037895e-10","2.29323114990478e-08","0.814035837847908","0.714072118440725","2.30428945443509","85","c(""H2-K1"", ""H2-D1"", ""Klf2"", ""Ccnd2"", ""Psme2"", ""B2m"", ""Ifi203"", ""Ifi47"", ""AW112010"", ""Psmb9"", ""Isg15"", ""Capg"", ""Rps28"", ""Mndal"", ""Ifit1"", ""Irgm1"", ""Bst2"", ""Ifit3"", ""Irf1"", ""H2-Q4"", ""Parp14"", ""Tgtp2"", ""Iigp1"", ""Prr13"", ""Gm12216"", ""Gbp2"", ""Igtp"", ""Slfn5"", ""Ly6a"", ""Gstp1"", ""Pkm"", ""Gbp7"", ""Gbp5"", ""Ly6c1"", ""Ppa1"")"
"853","GOCC_POSTSYNAPSE","1.88576231829397e-15","3.11258540365264e-13","1.00731795687447","0.62394551184616","2.30629472869229","223","c(""Rps18"", ""Rps19"", ""Rps20"", ""Rps7"", ""Rplp1"", ""Rpl13"", ""Rps5"", ""Rpsa"", ""Rpl27a"", ""Rpl23"", ""Rplp0"", ""Rps3"", ""Rps23"", ""Rpl10a"", ""Rpl32"", ""Rpl21"", ""Rps12"", ""Rpl14"", ""Rpl17"", ""Rps2"", ""Rps16"", ""Rpl35"", ""Rps3a1"", ""Rps27a"", ""Rpl36a"", ""Rplp2"", ""Rpl5"", ""Rpl18a"", ""Rpl9"", ""Rpl15"", ""Rpl8"", ""Rps25"", ""Rpl10"", ""Rpl4"", ""Rps26"", ""Rpl36"", ""Rpl29"", ""Rps10"", ""Rps28"", ""Add3"", ""Rpl26"", ""Rpl22"", ""Rps14"", ""Rpl37"", ""Rpl23a"", ""Actn2"", ""Prr7"", ""Rpl6"", ""Rapgef4"", ""Syt11"")"
"854","TABULA_MURIS_SENIS_LUNG_BRONCHIAL_SMOOTH_MUSCLE_CELL_AGEING","1.06668217304434e-10","8.67918720236216e-09","0.839088935621274","0.707186819010976","2.30812814642976","91","c(""H2-K1"", ""H2-D1"", ""Klf2"", ""Rps20"", ""Rpl13"", ""Fxyd5"", ""Rps5"", ""Rpsa"", ""Rps3"", ""Smad7"", ""Ccnd2"", ""Rpl22l1"", ""Emp3"", ""Psme2"", ""B2m"", ""Rpl18a"", ""Ifi47"", ""Rpl8"", ""Psmb9"", ""Isg15"", ""Ifit3"", ""H2-Q4"", ""Cd9"", ""Prr13"", ""Plac8"", ""Gbp2"", ""Igtp"", ""Ly6a"", ""Gstp1"", ""Sp110"", ""Pkm"", ""Gbp7"", ""Ly6c1"")"
"855","ICHIBA_GRAFT_VERSUS_HOST_DISEASE_D7_UP","1.49574943580704e-10","1.12231158357837e-08","0.826657301178302","0.7236927893378","2.32310881294416","83","c(""Tmsb4x"", ""Psme2"", ""Ctss"", ""Gimap4"", ""Irf7"", ""Ifi47"", ""AW112010"", ""Stat1"", ""Psmb9"", ""Isg15"", ""Ifit1"", ""Irgm1"", ""Ifit3"", ""Irf1"", ""Samhd1"", ""Lgals3bp"", ""Ifi35"", ""Tgtp1"", ""Iigp1"", ""Usp18"", ""Plac8"", ""Gbp2"", ""Ly6a"", ""Ctla2b"", ""Pkm"", ""Gbp7"", ""H2-DMa"", ""Ifi27"", ""Gbp3"", ""Nampt"", ""Ly75"")"
"856","GOCC_SMALL_RIBOSOMAL_SUBUNIT","4.0745893590684e-10","2.83601237678773e-08","0.814035837847908","0.799654128561848","2.32406906937721","52","c(""Rps18"", ""Rps19"", ""Rps20"", ""Rps7"", ""Rps5"", ""Rpsa"", ""Rps3"", ""Rps23"", ""Rps12"", ""Rps4x"", ""Rps2"", ""Rps6"", ""Rps16"", ""Rps8"", ""Rps3a1"", ""Rps27a"", ""Rps25"", ""Rps26"", ""Rps10"", ""Rps28"", ""Rps14"")"
"857","TABULA_MURIS_SENIS_HEART_AND_AORTA_CARDIOMYOCYTE_AGEING","5.47004651161053e-10","3.71770102324401e-08","0.801215574617779","0.772405080555575","2.33019497992372","62","c(""H2-D1"", ""Rpl3"", ""Rps20"", ""Rps5"", ""Rpl27a"", ""Rpl23"", ""Rplp0"", ""Rps3"", ""Rps23"", ""Rpl32"", ""Rpl21"", ""Rps12"", ""Eef1a1"", ""Rps4x"", ""Rpl17"", ""Rps2"", ""Rps6"", ""Rps3a1"", ""Rpl36a"", ""Rpl19"", ""Rpl18a"", ""Rpl15"", ""Rpl8"", ""Rpl39"", ""Rps25"", ""Rpl10"", ""Rpl4"", ""Rps26"", ""Rpl23a"", ""Rpl6"", ""Nme2"")"
"858","GOCC_CYTOSOLIC_SMALL_RIBOSOMAL_SUBUNIT","2.87600161712673e-11","2.51737293062744e-09","0.863415391606693","0.900932668526603","2.33250995288951","29","c(""Rps18"", ""Rps19"", ""Rps20"", ""Rps7"", ""Rps5"", ""Rpsa"", ""Rps3"", ""Rps23"", ""Rps12"", ""Rps4x"", ""Rps2"", ""Rps6"", ""Rps16"", ""Rps8"", ""Rps3a1"", ""Rps27a"", ""Rps25"", ""Rps26"", ""Rps10"", ""Rps28"", ""Rps14"")"
"859","HALLMARK_INTERFERON_GAMMA_RESPONSE","3.96455551781093e-13","4.67413004620281e-11","0.932595211336209","0.697673712671087","2.35685636845671","123","c(""Itgb7"", ""Psme2"", ""Rtp4"", ""B2m"", ""Irf7"", ""Stat1"", ""Psmb9"", ""Isg15"", ""Xaf1"", ""Zbp1"", ""Bst2"", ""Gpr18"", ""Irf9"", ""Ifit3"", ""Dhx58"", ""Il2rb"", ""Irf1"", ""Oas3"", ""Parp14"", ""Samhd1"", ""Lgals3bp"", ""Ifi35"", ""Ddx60"", ""Nlrc5"", ""Oasl1"", ""Samd9l"", ""Usp18"", ""Rnf213"", ""Ifih1"", ""Isg20"", ""Herc6"", ""Oas2"", ""Eif2ak2"", ""Sp110"", ""Cmpk2"", ""Auts2"", ""Ifi30"", ""Pml"", ""Cd86"", ""Ifi44"", ""Trim25"", ""H2-DMa"", ""Ifi27"", ""Rsad2"", ""Gbp3"", ""Slamf7"", ""Epsti1"", ""Nampt"", ""Tnfsf10"", ""Trafd1"", ""Mthfd2"")"
"860","TABULA_MURIS_SENIS_KIDNEY_PODOCYTE_AGEING","1.51862563059916e-11","1.37079691687053e-09","0.863415391606693","0.72038407840868","2.36820193167432","96","c(""H2-K1"", ""H2-D1"", ""Rps18"", ""Rps19"", ""Rplp1"", ""Rpsa"", ""Rpl23"", ""Rplp0"", ""Rpl32"", ""Rps12"", ""Cotl1"", ""Rps2"", ""Rps16"", ""Rpl36a"", ""B2m"", ""Rplp2"", ""Eef1b2"", ""Rpl39"", ""Igfbp4"", ""Rps10"", ""Rpl41"", ""Rps28"", ""Tagln2"", ""Ggt1"", ""Bst2"", ""Rpl37"", ""Lgals3bp"", ""Nme2"", ""Bola2"", ""Hint1"", ""Hspe1"", ""Ly6a"")"
"861","MARKEY_RB1_ACUTE_LOF_DN","6.04140350063127e-14","8.1165553542202e-12","0.954541630725724","0.690315928730203","2.36918220982101","135","c(""H2-K1"", ""H2-D1"", ""Cd52"", ""Ifi27l2a"", ""Psme2"", ""Irf7"", ""Ifi203"", ""Ifi47"", ""AW112010"", ""Stat1"", ""Psmb9"", ""Isg15"", ""Ifit1"", ""Irf9"", ""Chchd10"", ""Trim30a"", ""Ifit3"", ""Ncf4"", ""H2-Q4"", ""Lgals3bp"", ""Ifi35"", ""Smpdl3a"", ""Tgtp1"", ""Sp100"", ""Il7r"", ""Iigp1"", ""Usp18"", ""Ifih1"", ""Cd72"", ""Isg20"", ""Plac8"", ""Gbp2"", ""Igtp"", ""Nt5e"")"
"862","TABULA_MURIS_SENIS_KIDNEY_KIDNEY_DISTAL_CONVOLUTED_TUBULE_EPITHELIAL_CELL_AGEING","3.94229300339873e-11","3.34920980597565e-09","0.851339057116899","0.790840285013309","2.37555512934842","61","c(""H2-K1"", ""H2-D1"", ""Rps19"", ""Rplp1"", ""Rpl13"", ""Tmsb4x"", ""Rplp0"", ""Rps3"", ""Rps23"", ""Rpl21"", ""Rps12"", ""Eef1a1"", ""Rps4x"", ""Rpl14"", ""Rpl17"", ""Rps2"", ""Rps6"", ""Rps16"", ""Rps8"", ""Rps3a1"", ""Rpl36a"", ""B2m"", ""Rpl18a"", ""Rpl9"", ""Rpl10"", ""Rpl4"", ""Rps10"", ""Rpl41"", ""Rpl23a"", ""F2rl1"", ""Rpl6"")"
"863","TABULA_MURIS_SENIS_HEART_AND_AORTA_ENDOCARDIAL_CELL_AGEING","7.80908121793654e-13","8.67558888384988e-11","0.921426003494898","0.920024942657606","2.38193975046439","29","c(""H2-K1"", ""H2-D1"", ""Rps18"", ""Rps20"", ""Rpl23"", ""Rplp0"", ""Rps3"", ""Rps23"", ""Rpl32"", ""Rps12"", ""Eef1a1"", ""B2m"", ""Rplp2"", ""Rpl39"", ""Rpl36"", ""Rps10"", ""Rps28"", ""Rpl37"", ""H2-Q4"", ""Rpl6"")"
"864","TABULA_MURIS_SENIS_MARROW_MEGAKARYOCYTE_ERYTHROID_PROGENITOR_CELL_AGEING","1.27140940573575e-12","1.33544220671554e-10","0.910119734774459","0.901474573940995","2.38626760772716","32","c(""H2-K1"", ""H2-D1"", ""Rps18"", ""Rps19"", ""Cd52"", ""Rps7"", ""Rpl32"", ""Rpl17"", ""Rps6"", ""Rps8"", ""Rpl35"", ""Rpl18a"", ""Rpl8"", ""Rpl10"", ""Rps14"")"
"865","TABULA_MURIS_SENIS_MARROW_PRECURSOR_B_CELL_AGEING","6.22816691601477e-12","5.80324520545441e-10","0.887074988399873","0.756859515628099","2.3879228107783","78","c(""Rps18"", ""Rps19"", ""Rpl3"", ""Rps20"", ""Rps7"", ""Rpl13"", ""Vim"", ""Itgb7"", ""Tmsb4x"", ""Fxyd5"", ""Rps5"", ""Rpsa"", ""Rplp0"", ""Rps3"", ""Rpl10a"", ""Rpl32"", ""Rps4x"", ""Rpl14"", ""Rpl17"", ""Rpl35"", ""Rps3a1"", ""Rplp2"", ""Eef1b2"", ""Rpl18"", ""AW112010"", ""Rpl8"", ""Rpl4"", ""Capg"", ""Rps10"", ""S1pr4"", ""Ostf1"", ""Klrd1"", ""Rpl11"", ""Rpl6"", ""Prr13"")"
"866","GRAESSMANN_RESPONSE_TO_MC_AND_SERUM_DEPRIVATION_UP","1.72548029862168e-12","1.71863787674783e-10","0.910119734774459","0.727395673077683","2.3947615692658","98","c(""Rtp4"", ""Irf7"", ""Ifi203"", ""Ifi47"", ""Stat1"", ""Isg15"", ""Zbp1"", ""Ifit1"", ""Irgm1"", ""Bst2"", ""Irf9"", ""Trim30a"", ""Ifit3"", ""Irf1"", ""Apol9b"", ""Parp14"", ""Samhd1"", ""Parp9"", ""Lgals3bp"", ""Ifi35"", ""Ddx60"", ""Tgtp1"", ""Pmepa1"", ""Oasl2"", ""Sp100"", ""Iigp1"", ""Usp18"", ""Oas1a"", ""Ifih1"", ""Gbp2"", ""Igtp"", ""Nacc2"", ""Oas2"", ""Mx1"", ""Eif2ak2"", ""Sp110"", ""Cmpk2"", ""Trim34a"", ""Gbp7"", ""Ifi44"", ""Trim25"", ""Ifi27"", ""Rsad2"", ""Tor3a"", ""Ly75"", ""Trafd1"")"
"867","ZHANG_UTERUS_C8_NK_CELL","5.33106158423368e-13","6.1595085544236e-11","0.921426003494898","0.736270533707613","2.40760135928697","94","c(""Ms4a4b"", ""H2-K1"", ""H2-D1"", ""Rps18"", ""Cd52"", ""Rpl3"", ""Ctsw"", ""Rpl13"", ""Tmsb4x"", ""Fxyd5"", ""Nkg7"", ""Rpsa"", ""Rpl27a"", ""Rps3"", ""Rps23"", ""Rpl32"", ""Eef1a1"", ""Cotl1"", ""Rps6"", ""Rps16"", ""H2-Q7"", ""Rpl35"", ""Cd7"", ""Psme2"", ""B2m"", ""Gimap4"", ""Rpl18a"", ""AW112010"", ""Rpl4"", ""Rpl36"", ""Ostf1"", ""Klrd1"", ""Il2rb"", ""Rpl23a"", ""Sp100"")"
"868","TABULA_MURIS_SENIS_KIDNEY_FIBROBLAST_AGEING","5.7494562403194e-14","7.90824016674409e-12","0.954541630725724","0.930667875371221","2.40949424743144","29","c(""Rps18"", ""Rps19"", ""Rpl13"", ""Rps5"", ""Rpl23"", ""Rps3"", ""Rps23"", ""Rpl32"", ""Rpl21"", ""Rps4x"", ""Rps16"", ""Rps27a"", ""Eef1b2"", ""Rpl18a"", ""AW112010"", ""Rpl8"", ""Rpl39"", ""Rps25"", ""Rps26"", ""Rps10"", ""Rps28"", ""Rpl22"", ""Rpl37"", ""Rpl6"", ""Ly6a"", ""Rps15"")"
"869","LI_INDUCED_T_TO_NATURAL_KILLER_UP","5.89622548584439e-17","1.09879014941042e-14","1.05746357275086","0.658983370366242","2.41026408399921","203","c(""Cd52"", ""Ctsw"", ""Vim"", ""Itgb7"", ""Fxyd5"", ""Nkg7"", ""Cotl1"", ""Ccnd2"", ""H2-Q7"", ""Cd7"", ""Itgae"", ""Klk8"", ""Capg"", ""Gpr18"", ""Ostf1"", ""Hvcn1"", ""Klrd1"", ""Adgrg5"", ""Gpr68"", ""Sema4a"", ""Ncf4"", ""Glipr2"", ""Neurl3"", ""Ccdc102a"", ""Cd9"", ""Lgals3bp"", ""Samd9l"", ""Prr7"", ""Tpst2"", ""Hopx"", ""Sgk1"", ""Prr13"", ""Sidt1"", ""Golm1"", ""Gbp2"", ""Nt5e"", ""Gng2"", ""Cxcr3"", ""Arsb"", ""Ly6a"", ""Tnfrsf18"", ""H2-Q6"", ""Mapkapk3"", ""Ahnak"", ""Traf1"", ""Lgals1"", ""Eci1"", ""Tmem126a"", ""Ifi30"", ""Rgs1"", ""Cd160"", ""Cish"", ""Pglyrp1"", ""Endod1"", ""Adgrg3"", ""Slamf7"", 
""Serp2"", ""Prelid2"", ""Plp2"", ""Tnfsf10"", ""Tnf"", ""Lta"", ""Smco4"", ""S100a6"", ""Litaf"", ""Evi2a"", ""Il18r1"", ""Ifng"", ""S100a4"", ""Irgm2"", ""Apobr"", ""Gadd45g"")"
"870","TABULA_MURIS_SENIS_KIDNEY_BRUSH_CELL_AGEING","3.45414948362156e-12","3.32577026114695e-10","0.898671232061694","0.879758764637803","2.41118511904248","37","c(""H2-K1"", ""Rps19"", ""Tmsb4x"", ""Rps5"", ""Rplp0"", ""Rps3"", ""Rps23"", ""Rpl10a"", ""Rpl21"", ""Eef1a1"", ""Rps4x"", ""Rps3a1"", ""B2m"", ""Rpl9"", ""Rpl10"", ""Rpl4"", ""Ass1"", ""Rpl22"", ""Rpl6"")"
"871","TABULA_MURIS_SENIS_AORTA_PROFESSIONAL_ANTIGEN_PRESENTING_CELL_AGEING","3.42825695356035e-12","3.32577026114695e-10","0.898671232061694","0.747892612944687","2.41342718270746","85","c(""H2-K1"", ""H2-D1"", ""Rps19"", ""Cd52"", ""Rpl3"", ""Rps20"", ""Rps7"", ""Rpl13"", ""Tmsb4x"", ""Fxyd5"", ""Rps5"", ""Rpsa"", ""Rplp0"", ""Rps3"", ""Eef1a1"", ""Rps16"", ""B2m"", ""Ctss"", ""Rpl18"", ""Phf11b"", ""Rpl8"", ""Rpl10"", ""Rpl4"", ""Rpl36"", ""Capg"", ""Rps10"", ""Rps14"", ""Oas1a"", ""Ms4a4c"", ""Plac8"", ""Gm2a"", ""Ly6a"", ""Rpl28"", ""Npm1"", ""Ifi30"", ""Ms4a6c"", ""Ly6c2"", ""Ctsc"", ""H2-DMa"")"
"872","HALLMARK_INTERFERON_ALPHA_RESPONSE","1.44768006579711e-12","1.49343709644819e-10","0.910119734774459","0.823164769788338","2.42470021464973","56","c(""Psme2"", ""Rtp4"", ""B2m"", ""Irf7"", ""Psmb9"", ""Isg15"", ""Bst2"", ""Irf9"", ""Ifit3"", ""Dhx58"", ""Irf1"", ""Parp14"", ""Parp9"", ""Lgals3bp"", ""Ifi35"", ""Ddx60"", ""Oasl1"", ""Samd9l"", ""Usp18"", ""Oas1a"", ""Ifih1"", ""Isg20"", ""Herc6"", ""Eif2ak2"", ""Sp110"", ""Cmpk2"", ""Ifi30"", ""Ifi44"", ""Trim25"", ""Ifi27"", ""Rsad2"", ""Gbp3"", ""Ccrl2"", ""Sell"", ""Epsti1"", ""Trafd1"")"
"873","ZENG_GU_POST_ICB_METAGENE_31","3.47578049115794e-13","4.27225189306796e-11","0.932595211336209","0.736533817468237","2.42484653926336","98","c(""Ctsw"", ""Itgb7"", ""Slfn1"", ""Nkg7"", ""Gimap3"", ""Emp3"", ""B2m"", ""Gimap4"", ""Ifi47"", ""Phf11b"", ""Stat1"", ""Ltb"", ""Psmb9"", ""Zbp1"", ""Irgm1"", ""Vasp"", ""Cxcr6"", ""Klrd1"", ""Ifit3"", ""Il2rb"", ""Irf1"", ""Cst7"", ""Tgtp2"", ""Nlrc5"", ""Oasl1"", ""Iigp1"", ""Igtp"", ""B4galt5"", ""Gimap7"", ""Sp110"", ""Gbp5"", ""Ly6c1"", ""Ly6c2"", ""Tbx21"", ""Spn"", ""H2-DMa"", ""Gbp3"", ""Ccrl2"", ""Sp140"", ""Gzmb"")"
"874","TABULA_MURIS_SENIS_KIDNEY_FENESTRATED_CELL_AGEING","2.36659641160163e-13","2.97213640648318e-11","0.932595211336209","0.824789477402587","2.46893694938269","58","c(""H2-K1"", ""Rps20"", ""Rplp1"", ""Rpl13"", ""Vim"", ""Ifi27l2a"", ""Tmsb4x"", ""Fxyd5"", ""Smad7"", ""Rpl21"", ""Rps12"", ""Rpl14"", ""Rps6"", ""Rps3a1"", ""B2m"", ""Rpl19"", ""Rpl18"", ""Rpl10"", ""Rps10"", ""Rps28"", ""Rpl23a"", ""Prr13"", ""Nme2"", ""Plac8"", ""Ly6a"", ""Rps15"")"
"875","TABULA_MURIS_SENIS_BLADDER_BLADDER_CELL_AGEING","1.19138400326523e-17","2.45808049530829e-15","1.0864405425825","0.697085052153563","2.48836874126363","175","c(""H2-K1"", ""H2-D1"", ""Rps20"", ""Rps7"", ""Rplp1"", ""Rpl13"", ""Tmsb4x"", ""Rps5"", ""Rpsa"", ""Rpl27a"", ""Rpl23"", ""Rplp0"", ""Rps3"", ""Rps23"", ""Smad7"", ""Rpl32"", ""Rpl21"", ""Rps12"", ""Eef1a1"", ""Rps4x"", ""Rpl14"", ""Rpl17"", ""Rps2"", ""Rps6"", ""Rps16"", ""Rps3a1"", ""B2m"", ""Rplp2"", ""Rpl5"", ""Eef1b2"", ""Rpl19"", ""Rpl18a"", ""Rpl9"", ""Rpl18"", ""Atp1b3"", ""Rpl8"", ""Rps25"", ""Rpl10"", ""Isg15"", ""Rpl4"", ""Rpl29"", ""Rps10"", ""Arl4c"", ""Tagln2"", ""Rpl22"", ""Rps14"", ""Cd9"", ""Rpl11"", ""Pmepa1"", ""Rpl23a"", ""Rpl6"", ""Prr13"", ""Bcl3"", ""B4galt5"", ""Ier5"", ""Eef1d"", 
""Rpl28"", ""Skil"", ""Rps15"", ""Ahnak"")"
"876","TABULA_MURIS_SENIS_HEART_AND_AORTA_ENDOTHELIAL_CELL_OF_CORONARY_ARTERY_AGEING","5.24491417929022e-17","1.00999564045865e-14","1.06720998682811","0.728286318442029","2.49949757422337","135","c(""H2-K1"", ""H2-D1"", ""Rps19"", ""Rpl3"", ""Rps20"", ""Rpl13"", ""Vim"", ""Rps5"", ""Rps23"", ""Rpl10a"", ""Smad7"", ""Rpl21"", ""Rps12"", ""Eef1a1"", ""Rpl17"", ""Rps6"", ""Rpl22l1"", ""Rpl35"", ""Rps3a1"", ""Rpl36a"", ""B2m"", ""Rpl19"", ""Rpl18a"", ""Psmb9"", ""Rpl39"", ""Rps25"", ""Rpl4"", ""Rpl36"", ""Capg"", ""Rps28"", ""Tagln2"", ""Irf1"", ""Rpl37"", ""H2-Q4"", ""Smpdl3a"", ""Rpl23a"", ""Iigp1"", ""Rpl6"", ""Gbp2"", ""Ly6a"", ""Ier5"", ""Eef1d"", ""Sh3bp5"", ""Sgms1"", ""Ehd1"", ""Cdh13"", ""Pkm"", ""Ly6c1"", ""Rpl38"")"
"877","GOCC_LARGE_RIBOSOMAL_SUBUNIT","2.37401807482647e-14","3.60913221533487e-12","0.97599468306432","0.780764186873006","2.50631233318705","83","c(""Rpl3"", ""Rplp1"", ""Rpl13"", ""Rpl27a"", ""Rpl23"", ""Rplp0"", ""Rpl10a"", ""Rpl32"", ""Rpl21"", ""Rps12"", ""Rpl14"", ""Rpl17"", ""Rpl35"", ""Rpl36a"", ""Rplp2"", ""Rpl5"", ""Rpl19"", ""Rpl18a"", ""Rpl9"", ""Rpl18"", ""Rpl15"", ""Rpl8"", ""Rpl39"", ""Rpl10"", ""Rpl4"", ""Rpl36"", ""Rpl29"", ""Rpl41"", ""Rpl26"", ""Rpl22"", ""Rpl37"", ""Rpl11"", ""Rpl23a"", ""Rpl6"", ""Rpl28"", ""Npm1"", ""Gm2000"", ""Rpl31"", ""Rpl38"")"
"878","TABULA_MURIS_SENIS_THYMUS_DN4_THYMOCYTE_AGEING","6.03517948728102e-18","1.29130488511194e-15","1.0959292864312","0.740300719198114","2.51457276397947","131","c(""Ms4a4b"", ""H2-K1"", ""H2-D1"", ""Klf2"", ""Ms4a6b"", ""Rpl3"", ""Rps20"", ""Rpl13"", ""Fxyd5"", ""Rps5"", ""Nkg7"", ""Rpsa"", ""Rplp0"", ""Rps3"", ""Smad7"", ""Cotl1"", ""Gimap3"", ""Psme2"", ""B2m"", ""Ctss"", ""Ifi203"", ""Rpl18"", ""AW112010"", ""Ltb"", ""Rpl8"", ""Psmb9"", ""Capg"", ""Rps10"", ""S1pr4"", ""Arl4c"", ""Tagln2"", ""Mndal"", ""Bst2"", ""Gpr18"", ""Ostf1"", ""Runx3"", ""Cxcr6"", ""Klrd1"", ""Il2rb"", ""Irf1"", ""H2-Q4"", ""Cst7"", ""Rexo2"", ""Smpdl3a"", ""Il7r"", ""Tpst2"", ""Prr13"", ""Nme2"", ""Izumo1r"", ""Plac8"", ""AB124611"", ""Bola2"", ""Hint1"", ""Hspe1"", ""Cxcr3"", ""Ly6a"", 
""Tnfrsf18"", ""Cd82"", ""Gimap7"", ""Atp5g2"", ""Npm1"", ""Gstp1"", ""Sp110"", ""Gramd3"", ""Gimap5"", ""Aprt"")"
"879","GOBP_TRANSLATION_AT_SYNAPSE","5.06552267622153e-18","1.13991901471254e-15","1.0959292864312","0.941982332172447","2.51990688579099","34","c(""Rpl13"", ""Rps5"", ""Rpl27a"", ""Rpl23"", ""Rpl10a"", ""Rpl32"", ""Rps12"", ""Rpl14"", ""Rpl17"", ""Rps16"", ""Rpl35"", ""Rps27a"", ""Rpl36a"", ""Rplp2"", ""Rpl5"", ""Rpl9"", ""Rpl15"", ""Rpl8"", ""Rpl10"", ""Rpl4"", ""Rps26"", ""Rpl36"", ""Rpl29"", ""Rps10"", ""Rps28"", ""Rpl26"", ""Rpl22"", ""Rps14"", ""Rpl37"", ""Rpl23a"", ""Rpl6"")"
"880","TABULA_MURIS_SENIS_KIDNEY_EPITHELIAL_CELL_OF_PROXIMAL_TUBULE_AGEING","1.34078358331145e-19","3.68843179085249e-17","1.14219120216838","0.698708941028632","2.52765156978196","184","c(""Rps18"", ""Rps19"", ""Rpl3"", ""Rps20"", ""Rps7"", ""Rplp1"", ""Rpl13"", ""Rps5"", ""Rpsa"", ""Rpl27a"", ""Rpl23"", ""Rplp0"", ""Rps3"", ""Rps23"", ""Rpl10a"", ""Rpl32"", ""Rpl21"", ""Rps12"", ""Eef1a1"", ""Rps4x"", ""Rpl14"", ""Rpl17"", ""Rps2"", ""Rps6"", ""Rps16"", ""Rps8"", ""Rpl22l1"", ""Rpl35"", ""Rps3a1"", ""Rps27a"", ""Rpl36a"", ""B2m"", ""Rplp2"", ""Rpl5"", ""Eef1b2"", ""Rpl19"", ""Rpl18a"", ""Rpl9"", ""Rpl18"", ""Rpl15"", ""Rpl8"", ""Rpl39"", ""Rps25"", ""Rpl10"", ""Rpl4"", ""Rps26"", ""Rpl36"", ""Rpl29"", ""Rps10"", ""Rpl41"", ""Rps28"", ""Ass1"", ""Rpl22"", ""Eef1g"", ""Rps14"", ""Rpl37"", 
""Rpl11"", ""Rpl23a"", ""Rpl6"", ""Sgk1"", ""Bola2"", ""Hint1"", ""Hspe1"", ""Eef1d"", ""Rpl28"", ""Rps15"", ""Nenf"", ""Atp5g2"", ""Npm1"", ""Eci1"")"
"881","TABULA_MURIS_SENIS_KIDNEY_KIDNEY_PROXIMAL_CONVOLUTED_TUBULE_EPITHELIAL_CELL_AGEING","1.0721621338871e-15","1.87693352953509e-13","1.01754479730988","0.775142147918854","2.54821446925734","96","c(""H2-K1"", ""H2-D1"", ""Rps19"", ""Rpl3"", ""Rps20"", ""Rps7"", ""Rpl13"", ""Tmsb4x"", ""Rps5"", ""Rplp0"", ""Rps23"", ""Rpl21"", ""Rps12"", ""Rps4x"", ""Rps2"", ""Rps6"", ""Rps16"", ""Rps3a1"", ""Rps27a"", ""B2m"", ""Rplp2"", ""Rpl5"", ""Eef1b2"", ""Rpl18a"", ""Rpl9"", ""Rpl10"", ""Rpl4"", ""Rps26"", ""Rps10"", ""Rpl41"", ""Rps28"", ""Ass1"", ""Rps14"", ""Rpl6"", ""Sgk1"", ""Hint1"", ""Nenf"", ""Npm1"")"
"882","GOMF_STRUCTURAL_MOLECULE_ACTIVITY","2.64519601420926e-22","1.27344144784058e-19","1.22105375677186","0.685061689153624","2.55231297603644","233","c(""Rps18"", ""Rps19"", ""Rpl3"", ""Rps20"", ""Rps7"", ""Rplp1"", ""Rpl13"", ""Vim"", ""Rps5"", ""Rpsa"", ""Rpl27a"", ""Rpl23"", ""Rplp0"", ""Rps3"", ""Rps23"", ""Rpl10a"", ""Rpl32"", ""Rpl21"", ""Rps12"", ""Rps4x"", ""Rpl14"", ""Rpl17"", ""Rps2"", ""Rps6"", ""Rps16"", ""Rps8"", ""Rpl22l1"", ""Rpl35"", ""Rps3a1"", ""Rps27a"", ""Rpl36a"", ""Rplp2"", ""Rpl5"", ""Rpl19"", ""Rpl18a"", ""Rpl9"", ""Rpl18"", ""Rpl15"", ""Rpl8"", ""Rpl39"", ""Rps25"", ""Rpl10"", ""Rpl4"", ""Rps26"", ""Rpl36"", ""Rpl29"", ""Rps10"", ""Rpl41"", ""Rps28"", ""Add3"", ""Rpl26"", ""Rpl22"", ""Rps14"", ""Rpl37"", ""Tubb3"", ""Rpl11"", ""Rpl23a""
)"
"883","TABULA_MURIS_SENIS_BRAIN_MYELOID_MICROGLIAL_CELL_AGEING","8.93252813202965e-20","2.71595868519659e-17","1.15122052214226","0.712753070161298","2.5555189359364","179","c(""H2-K1"", ""H2-D1"", ""Rps18"", ""Cd52"", ""Rpl3"", ""Rps20"", ""Rps7"", ""Rplp1"", ""Rpl13"", ""Vim"", ""Tmsb4x"", ""Rps5"", ""Rpsa"", ""Rpl27a"", ""Rpl23"", ""Rplp0"", ""Rps3"", ""Rpl10a"", ""Rpl32"", ""Rpl21"", ""Eef1a1"", ""Cotl1"", ""Rps4x"", ""Rpl14"", ""Rpl17"", ""Rps2"", ""Rps6"", ""Rps16"", ""Rpl35"", ""Rps3a1"", ""Rps27a"", ""Rtp4"", ""B2m"", ""Rplp2"", ""Ctss"", ""Rpl5"", ""Eef1b2"", ""Rpl19"", ""Rpl18a"", ""Rpl9"", ""Rpl18"", ""Rpl8"", ""Psmb9"", ""Rpl10"", ""Igfbp4"", ""Klk8"", ""Rpl4"", ""Rpl29"", ""Capg"", ""Rps10"", ""Tagln2"", ""Bst2"", ""Cd48"", ""Rps14"", ""Cd9"", ""Lgals3bp"", ""Rpl11"", 
""Rpl6"", ""Prr13"", ""Nme2"", ""Pou2f2"", ""Ly6a"", ""Eef1d"", ""Rpl28"", ""Atp5g2"", ""Npm1"", ""Fbln1"")"
"884","TABULA_MURIS_SENIS_HEART_AND_AORTA_LEUKOCYTE_AGEING","7.10929897256292e-16","1.2834506301405e-13","1.02766987054358","0.799094853813085","2.57035426894526","84","c(""Rps18"", ""Rps19"", ""Rps20"", ""Rps7"", ""Rpl23"", ""Rps23"", ""Rps12"", ""Eef1a1"", ""Rps4x"", ""Rpl14"", ""Rps8"", ""Rpl22l1"", ""Rpl35"", ""Rps3a1"", ""Rps27a"", ""Rpl36a"", ""Rpl5"", ""Eef1b2"", ""Rpl19"", ""Rpl9"", ""Rpl39"", ""Rps25"", ""Rpl10"", ""Rpl36"", ""Rps10"", ""Rps28"", ""Rps14"", ""Rpl37"", ""Smpdl3a"", ""Rpl23a"", ""Rpl6"", ""Ly6a"", ""Ier5"", ""Ecm1"", ""Ly6c1"", ""Rpl38"", ""Ms4a6d"")"
"885","TABULA_MURIS_SENIS_SPLEEN_NK_CELL_AGEING","1.2442136263398e-15","2.114065329225e-13","1.01754479730988","0.840681297926815","2.58013325903171","65","c(""H2-K1"", ""Rps18"", ""Rps20"", ""Rps7"", ""Rplp1"", ""Rpl13"", ""Rpl23"", ""Rps3"", ""Rpl21"", ""Rps12"", ""Eef1a1"", ""Rpl14"", ""Rpl17"", ""Rps16"", ""Rps8"", ""Rpl35"", ""Rps3a1"", ""Rps27a"", ""Cd7"", ""Rpl36a"", ""B2m"", ""Rplp2"", ""Rpl5"", ""Ltb"", ""Rpl39"", ""Rps25"", ""Klk8"", ""Rps26"", ""Rpl36"", ""Rps10"", ""Rpl41"", ""Rps28"", ""Rpl22"", ""Eef1g"", ""Rpl37"", ""Rpl11"", ""Rpl23a"", ""Il7r"", ""Rpl6"", ""Cxcr3"", ""Rpl28"", ""Gimap7"", ""Rpl31"", ""Rpl38"", ""Rgs1"")"
"886","REACTOME_TRANSLATION","3.88568132938544e-20","1.32044594352116e-17","1.16017957183021","0.738277885691785","2.58710831981708","152","c(""Rps18"", ""Rps19"", ""Rpl3"", ""Rps20"", ""Rps7"", ""Rplp1"", ""Rpl13"", ""Rps5"", ""Rpsa"", ""Rpl27a"", ""Rpl23"", ""Rplp0"", ""Rps3"", ""Rps23"", ""Rpl32"", ""Rpl21"", ""Rps12"", ""Eef1a1"", ""Rps4x"", ""Rpl14"", ""Rpl17"", ""Rps2"", ""Rps6"", ""Rps16"", ""Rps8"", ""Rpl22l1"", ""Rpl35"", ""Rps3a1"", ""Rpl36a"", ""Rplp2"", ""Rpl5"", ""Eef1b2"", ""Rpl19"", ""Rpl18a"", ""Rpl9"", ""Rpl18"", ""Rpl15"", ""Rpl8"", ""Rpl39"", ""Rps25"", ""Rpl10"", ""Rpl4"", ""Rps26"", ""Rpl36"", ""Rpl29"", ""Rps10"", ""Rps28"", ""Rpl26"", ""Rpl22"", ""Eef1g"", ""Rps14"", ""Rpl37"", ""Rpl11"", ""Rpl23a"")"
"887","TABULA_MURIS_SENIS_MARROW_ERYTHROBLAST_AGEING","1.83261135718224e-19","4.81227082292809e-17","1.14219120216838","0.750386390876946","2.59228694712664","140","c(""H2-D1"", ""Rps18"", ""Rps19"", ""Cd52"", ""Rpl3"", ""Rps20"", ""Rps7"", ""Rplp1"", ""Rpl13"", ""Tmsb4x"", ""Rps5"", ""Rpsa"", ""Rpl27a"", ""Rpl23"", ""Rplp0"", ""Rps3"", ""Rps23"", ""Rpl10a"", ""Rpl32"", ""Rps12"", ""Eef1a1"", ""Rps4x"", ""Rpl14"", ""Rpl17"", ""Rps2"", ""Rps6"", ""Rps16"", ""Rps8"", ""Rpl22l1"", ""Rpl35"", ""Rps3a1"", ""Rps27a"", ""Rpl36a"", ""Rpl5"", ""Eef1b2"", ""Rpl19"", ""Rpl18a"", ""Rpl9"", ""Rpl18"", ""Rpl15"", ""Rpl8"", ""Rps25"", ""Rpl10"", ""Rpl4"", ""Rpl36"", ""Rpl29"", ""Rps10"", ""Rpl41"", ""Rps28"", ""Eef1g"", ""Rps14"", ""Rpl37"", ""Rexo2"", ""Rpl11"")"
"888","GOCC_CYTOSOLIC_LARGE_RIBOSOMAL_SUBUNIT","1.0015144149352e-18","2.41072865628361e-16","1.11466447751729","0.916440429178693","2.59663970899671","45","c(""Rpl3"", ""Rplp1"", ""Rpl13"", ""Rpl27a"", ""Rpl23"", ""Rplp0"", ""Rpl10a"", ""Rpl32"", ""Rpl21"", ""Rps12"", ""Rpl14"", ""Rpl17"", ""Rpl35"", ""Rpl36a"", ""Rplp2"", ""Rpl5"", ""Rpl19"", ""Rpl18a"", ""Rpl9"", ""Rpl18"", ""Rpl15"", ""Rpl8"", ""Rpl39"", ""Rpl10"", ""Rpl4"", ""Rpl36"", ""Rpl29"", ""Rpl41"", ""Rpl26"", ""Rpl22"", ""Rpl37"", ""Rpl11"", ""Rpl23a"", ""Rpl6"", ""Rpl28"", ""Gm2000"", ""Rpl31"", ""Rpl38"")"
"889","TABULA_MURIS_SENIS_THYMUS_PROFESSIONAL_ANTIGEN_PRESENTING_CELL_AGEING","6.56113501123603e-19","1.64798595477872e-16","1.12391496374483","0.920093464275926","2.59744780801853","44","c(""Rps19"", ""Rps20"", ""Rps7"", ""Rpl13"", ""Rpsa"", ""Rpl27a"", ""Rpl23"", ""Rps3"", ""Rps23"", ""Rpl21"", ""Eef1a1"", ""Rps4x"", ""Rpl17"", ""Rps16"", ""Rps8"", ""Rpl35"", ""Rps3a1"", ""Rpl36a"", ""Rplp2"", ""Rpl5"", ""Rpl18a"", ""Rpl9"", ""Ltb"", ""Rpl8"", ""Rpl36"", ""Rps10"", ""Rpl11"", ""Rpl23a"", ""Rpl6"", ""Rps15"", ""Gimap7"")"
"890","BILANGES_SERUM_AND_RAPAMYCIN_SENSITIVE_GENES","1.28884780367105e-19","3.68843179085249e-17","1.14219120216838","0.930702653248344","2.60277074458755","42","c(""Rps19"", ""Rps7"", ""Rpl13"", ""Rps5"", ""Rpl27a"", ""Rpl23"", ""Rps3"", ""Rps23"", ""Rpl32"", ""Rpl21"", ""Eef1a1"", ""Rps4x"", ""Rpl14"", ""Rps6"", ""Rps16"", ""Rps8"", ""Rps3a1"", ""Rps27a"", ""Rpl36a"", ""Rpl5"", ""Eef1b2"", ""Rpl18a"", ""Rpl18"", ""Rpl15"", ""Rpl8"", ""Rps25"", ""Rpl10"", ""Rpl4"", ""Rpl29"", ""Rps10"", ""Rpl26"", ""Eef1g"", ""Rps14"")"
"891","TABULA_MURIS_SENIS_LIVER_ENDOTHELIAL_CELL_OF_HEPATIC_SINUSOID_AGEING","1.20140703250989e-22","6.30957129709967e-20","1.22950405660873","0.722078241591231","2.62529422592982","194","c(""H2-K1"", ""Rps18"", ""Rps19"", ""Rpl3"", ""Rps20"", ""Rps7"", ""Rplp1"", ""Rpl13"", ""Tmsb4x"", ""Rps5"", ""Rpsa"", ""Rpl27a"", ""Rpl23"", ""Rps3"", ""Rps23"", ""Rpl32"", ""Rpl21"", ""Rps12"", ""Eef1a1"", ""Rps4x"", ""Rpl14"", ""Rpl17"", ""Rps6"", ""Rps8"", ""Rpl22l1"", ""Rpl35"", ""Rps3a1"", ""Rps27a"", ""Rpl36a"", ""B2m"", ""Rplp2"", ""Rpl5"", ""Eef1b2"", ""Rpl19"", ""Rpl18a"", ""Irf7"", ""Rpl9"", ""AW112010"", ""Stat1"", ""Psmb9"", ""Rpl39"", ""Rps25"", ""Rpl10"", ""Isg15"", ""Rpl4"", ""Zbp1"", ""Rpl36"", ""Capg"", ""Rps10"", ""Rps28"", ""Mndal"", ""Rpl22"", ""Ifit3"", ""Rps14"", ""Irf1"", ""Rpl37"", 
""H2-Q4"", ""Samhd1"", ""Smpdl3a"", ""Rarg"", ""Rpl23a"", ""Sp100"", ""Iigp1"", ""Rpl6"", ""Prr13"", ""Slfn5"", ""Bola2"", ""Rgs3"", ""Ly6a"", ""Rpl28"", ""Sh3bp5"", ""Rassf3"", ""Rps15"", ""Cd82"", ""Gstp1"", ""Lgals1"", ""Rpl31"", ""Gbp7"", ""Crim1"", ""Ms4a6c"", ""Rpl38"")"
"892","TABULA_MURIS_SENIS_LUNG_NK_CELL_AGEING","6.67791654457471e-20","2.14324021544489e-17","1.15122052214226","0.909205940175886","2.64286072249058","50","c(""H2-K1"", ""Rps18"", ""Rps19"", ""Rpl3"", ""Rps20"", ""Rps7"", ""Rpl13"", ""Rps5"", ""Rpsa"", ""Rpl23"", ""Rplp0"", ""Rps3"", ""Rpl32"", ""Rpl21"", ""Rps12"", ""Rps4x"", ""Rpl14"", ""Rpl17"", ""Rps6"", ""Rps16"", ""Rpl35"", ""Rps3a1"", ""B2m"", ""Rpl19"", ""Rpl18a"", ""Rpl18"", ""Ltb"", ""Rpl8"", ""Rpl10"", ""Rpl4"", ""Rpl29"", ""Rps10"", ""Rps14"", ""H2-Q4"", ""Rpl23a"", ""Rpl6"")"
"893","GOCC_RIBOSOMAL_SUBUNIT","1.39429087071618e-23","8.05481836012735e-21","1.25451347943706","0.789113717999471","2.68037543596256","131","c(""Rps18"", ""Rps19"", ""Rpl3"", ""Rps20"", ""Rps7"", ""Rplp1"", ""Rpl13"", ""Rps5"", ""Rpsa"", ""Rpl27a"", ""Rpl23"", ""Rplp0"", ""Rps3"", ""Rps23"", ""Rpl10a"", ""Rpl32"", ""Rpl21"", ""Rps12"", ""Rps4x"", ""Rpl14"", ""Rpl17"", ""Rps2"", ""Rps6"", ""Rps16"", ""Rps8"", ""Rpl35"", ""Rps3a1"", ""Rps27a"", ""Rpl36a"", ""Rplp2"", ""Rpl5"", ""Rpl19"", ""Rpl18a"", ""Rpl9"", ""Rpl18"", ""Rpl15"", ""Rpl8"", ""Rpl39"", ""Rps25"", ""Rpl10"", ""Rpl4"", ""Rps26"", ""Rpl36"", ""Rpl29"", ""Rps10"", ""Rpl41"", ""Rps28"", ""Rpl26"", ""Rpl22"", ""Rps14"", ""Rpl37"", ""Rpl11"", ""Rpl23a"", ""Rpl6"")"
"894","GOCC_RIBOSOME","2.9903539376597e-24","2.15940933723251e-21","1.27903397725049","0.768367242621635","2.69254886891089","152","c(""Rps18"", ""Rps19"", ""Rpl3"", ""Rps20"", ""Rps7"", ""Rplp1"", ""Rpl13"", ""Rps5"", ""Rpsa"", ""Rpl27a"", ""Rpl23"", ""Rplp0"", ""Rps3"", ""Rps23"", ""Rpl10a"", ""Rpl32"", ""Rpl21"", ""Rps12"", ""Eef1a1"", ""Rps4x"", ""Rpl14"", ""Rpl17"", ""Rps2"", ""Rps6"", ""Rps16"", ""Rps8"", ""Rpl22l1"", ""Rpl35"", ""Rps3a1"", ""Rps27a"", ""Rpl36a"", ""Rplp2"", ""Rpl5"", ""Rpl19"", ""Rpl18a"", ""Rpl9"", ""Rpl18"", ""Rpl15"", ""Rpl8"", ""Rpl39"", ""Rps25"", ""Rpl10"", ""Rpl4"", ""Rps26"", ""Rpl36"", ""Rpl29"", ""Rps10"", ""Rpl41"", ""Rps28"", ""Rpl26"", ""Rpl22"", ""Rps14"", ""Rpl37"", ""Rpl11"", ""Rpl23a"", ""Oas1a"", 
""Rpl6"")"
"895","GOBP_CYTOPLASMIC_TRANSLATION","6.49926355197044e-21","2.50308303598221e-18","1.18665095279281","0.832879001808717","2.71116677472837","89","c(""Rps18"", ""Rps19"", ""Rpl3"", ""Rps20"", ""Rps7"", ""Rplp1"", ""Rpl13"", ""Rps5"", ""Rpsa"", ""Rpl27a"", ""Rpl23"", ""Rplp0"", ""Rps3"", ""Rps23"", ""Rpl10a"", ""Rpl32"", ""Rpl21"", ""Rps12"", ""Rps4x"", ""Rpl14"", ""Rpl17"", ""Rps2"", ""Rps6"", ""Rps16"", ""Rps8"", ""Rpl22l1"", ""Rps3a1"", ""Rps27a"", ""Rpl36a"", ""Rplp2"", ""Rpl5"", ""Rpl19"", ""Rpl18a"", ""Rpl9"", ""Rpl18"", ""Rpl15"", ""Rpl8"", ""Rpl39"", ""Rps25"", ""Rpl4"", ""Rps26"", ""Rpl36"", ""Rpl29"", ""Rps10"", ""Rpl41"", ""Rps28"", ""Rpl26"", ""Rpl22"", ""Rps14"", ""Rpl11"", ""Rpl23a"", ""Rpl6"")"
"896","TABULA_MURIS_SENIS_SPLEEN_MATURE_NK_T_CELL_AGEING","7.58458490984667e-22","3.12972478744173e-19","1.21254456769062","0.844019798336722","2.73081786335267","86","c(""Klf2"", ""Rps18"", ""Rps19"", ""Ms4a6b"", ""Rps20"", ""Rplp1"", ""Vim"", ""Rps5"", ""Nkg7"", ""Rpsa"", ""Rpl27a"", ""Rpl23"", ""Rplp0"", ""Rps23"", ""Rpl32"", ""Rps12"", ""Rps4x"", ""Rpl14"", ""Rpl17"", ""Rps2"", ""Rps16"", ""Rps8"", ""Rpl22l1"", ""Emp3"", ""Rpl35"", ""Rpl36a"", ""Rplp2"", ""Rpl5"", ""Psmb9"", ""Rpl39"", ""Rps25"", ""Klk8"", ""Rps26"", ""Rpl36"", ""Rps10"", ""Rpl41"", ""Rps28"", ""Gpr18"", ""Rpl22"", ""Runx3"", ""Eef1g"", ""Rpl37"", ""Cst7"", ""Rpl23a"", ""Eomes"", ""Rpl6"", ""Ms4a4c"", ""Nme2"", ""Bola2"", ""Gng2"", ""Hspe1"", ""Ly6a"", ""Samd3"", ""Ahnak"", ""Lgals1"", ""Rpl31"", ""Rpl38"", 
""Ly6c2"", ""Bcl2"", ""Snrpg"")"
"897","REACTOME_EUKARYOTIC_TRANSLATION_INITIATION","7.44345272096916e-22","3.12972478744173e-19","1.21254456769062","0.853768896188416","2.74066299426278","83","c(""Rps18"", ""Rps19"", ""Rpl3"", ""Rps20"", ""Rps7"", ""Rplp1"", ""Rpl13"", ""Rps5"", ""Rpsa"", ""Rpl27a"", ""Rpl23"", ""Rplp0"", ""Rps3"", ""Rps23"", ""Rpl32"", ""Rpl21"", ""Rps12"", ""Rps4x"", ""Rpl14"", ""Rpl17"", ""Rps2"", ""Rps6"", ""Rps16"", ""Rps8"", ""Rpl22l1"", ""Rpl35"", ""Rps3a1"", ""Rpl36a"", ""Rplp2"", ""Rpl5"", ""Rpl19"", ""Rpl18a"", ""Rpl9"", ""Rpl18"", ""Rpl15"", ""Rpl8"", ""Rpl39"", ""Rps25"", ""Rpl10"", ""Rpl4"", ""Rps26"", ""Rpl36"", ""Rpl29"", ""Rps10"", ""Rps28"", ""Rpl26"", ""Rpl22"", ""Rps14"", ""Rpl37"", ""Rpl11"", ""Rpl23a"", ""Rpl6"")"
"898","REACTOME_NONSENSE_MEDIATED_DECAY_NMD","8.42382719405354e-24","5.40716107778303e-21","1.26273988547916","0.88833586273522","2.76817387404955","72","c(""Rps18"", ""Rps19"", ""Rpl3"", ""Rps20"", ""Rps7"", ""Rplp1"", ""Rpl13"", ""Rps5"", ""Rpsa"", ""Rpl27a"", ""Rpl23"", ""Rplp0"", ""Rps3"", ""Rps23"", ""Rpl32"", ""Rpl21"", ""Rps12"", ""Rps4x"", ""Rpl14"", ""Rpl17"", ""Rps2"", ""Rps6"", ""Rps16"", ""Rps8"", ""Rpl22l1"", ""Rpl35"", ""Rps3a1"", ""Rpl36a"", ""Rplp2"", ""Rpl5"", ""Rpl19"", ""Rpl18a"", ""Rpl9"", ""Rpl18"", ""Rpl15"", ""Rpl8"", ""Rpl39"", ""Rps25"", ""Rpl10"", ""Rpl4"", ""Rps26"", ""Rpl36"", ""Rpl29"", ""Rps10"", ""Rps28"", ""Rpl26"", ""Rpl22"", ""Rps14"", ""Rpl37"", ""Rpl11"", ""Rpl23a"", ""Rpl6"")"
"899","REACTOME_MAJOR_PATHWAY_OF_RRNA_PROCESSING_IN_THE_NUCLEOLUS_AND_CYTOSOL","2.16500148838024e-25","1.78674479976752e-22","1.30309315086572","0.818297036888484","2.76955182100224","121","c(""Rps18"", ""Rps19"", ""Rpl3"", ""Rps20"", ""Rps7"", ""Rplp1"", ""Rpl13"", ""Rps5"", ""Rpsa"", ""Rpl27a"", ""Rpl23"", ""Rplp0"", ""Rps3"", ""Rps23"", ""Rpl32"", ""Rpl21"", ""Rps12"", ""Rps4x"", ""Rpl14"", ""Rpl17"", ""Rps2"", ""Rps6"", ""Rps16"", ""Rps8"", ""Rpl22l1"", ""Rpl35"", ""Rps3a1"", ""Rpl36a"", ""Rplp2"", ""Rpl5"", ""Rpl19"", ""Rpl18a"", ""Rpl9"", ""Rpl18"", ""Rpl15"", ""Rpl8"", ""Rpl39"", ""Rps25"", ""Rpl10"", ""Rpl4"", ""Rps26"", ""Rpl36"", ""Rpl29"", ""Rps10"", ""Rps28"", ""Rpl26"", ""Rpl22"", ""Rps14"", ""Rpl37"", ""Rpl11"", ""Rpl23a"", ""Rpl6"")"
"900","WP_CYTOPLASMIC_RIBOSOMAL_PROTEINS","2.16846003946533e-29","6.26359682399562e-26","1.40995143033448","0.942546965559753","2.77635039008999","56","c(""Rps18"", ""Rps19"", ""Rpl3"", ""Rps20"", ""Rps7"", ""Rplp1"", ""Rpl13"", ""Rps5"", ""Rpsa"", ""Rpl27a"", ""Rplp0"", ""Rps3"", ""Rps23"", ""Rpl10a"", ""Rpl32"", ""Rpl21"", ""Rps12"", ""Rps4x"", ""Rpl17"", ""Rps2"", ""Rps6"", ""Rps16"", ""Rps8"", ""Rpl35"", ""Rps3a1"", ""Rps27a"", ""Rpl36a"", ""Rpl19"", ""Rpl18a"", ""Rpl9"", ""Rpl18"", ""Rpl15"", ""Rpl8"", ""Rpl39"", ""Rps25"", ""Rpl10"", ""Rpl4"", ""Rps26"", ""Rpl36"", ""Rpl29"", ""Rps10"", ""Rpl41"", ""Rps28"", ""Rpl26"", ""Rpl22"", ""Rps14"", ""Rpl37"", ""Rpl11"", ""Rpl23a"", ""Rpl6"")"
"901","GOMF_STRUCTURAL_CONSTITUENT_OF_RIBOSOME","8.45022322143446e-26","8.13615659170448e-23","1.31888879607587","0.828982096097881","2.78717867354317","114","c(""Rps18"", ""Rps19"", ""Rpl3"", ""Rps20"", ""Rps7"", ""Rplp1"", ""Rpl13"", ""Rps5"", ""Rpsa"", ""Rpl27a"", ""Rpl23"", ""Rplp0"", ""Rps3"", ""Rps23"", ""Rpl10a"", ""Rpl32"", ""Rpl21"", ""Rps12"", ""Rps4x"", ""Rpl14"", ""Rpl17"", ""Rps2"", ""Rps6"", ""Rps16"", ""Rps8"", ""Rpl22l1"", ""Rpl35"", ""Rps3a1"", ""Rps27a"", ""Rpl36a"", ""Rplp2"", ""Rpl5"", ""Rpl19"", ""Rpl18a"", ""Rpl9"", ""Rpl18"", ""Rpl15"", ""Rpl8"", ""Rpl39"", ""Rps25"", ""Rpl10"", ""Rpl4"", ""Rps26"", ""Rpl36"", ""Rpl29"", ""Rps10"", ""Rpl41"", ""Rps28"", ""Rpl26"", ""Rpl22"", ""Rps14"", ""Rpl37"", ""Rpl11"", ""Rpl23a"", ""Rpl6"")"
"902","REACTOME_NONSENSE_MEDIATED_DECAY_NMD_INDEPENDENT_OF_THE_EXON_JUNCTION_COMPLEX_EJC","1.71910260182117e-26","2.48281393268022e-23","1.33449749081658","0.912696416771044","2.82044310749607","67","c(""Rps18"", ""Rps19"", ""Rpl3"", ""Rps20"", ""Rps7"", ""Rplp1"", ""Rpl13"", ""Rps5"", ""Rpsa"", ""Rpl27a"", ""Rpl23"", ""Rplp0"", ""Rps3"", ""Rps23"", ""Rpl32"", ""Rpl21"", ""Rps12"", ""Rps4x"", ""Rpl14"", ""Rpl17"", ""Rps2"", ""Rps6"", ""Rps16"", ""Rps8"", ""Rpl22l1"", ""Rpl35"", ""Rps3a1"", ""Rpl36a"", ""Rplp2"", ""Rpl5"", ""Rpl19"", ""Rpl18a"", ""Rpl9"", ""Rpl18"", ""Rpl15"", ""Rpl8"", ""Rpl39"", ""Rps25"", ""Rpl10"", ""Rpl4"", ""Rps26"", ""Rpl36"", ""Rpl29"", ""Rps10"", ""Rps28"", ""Rpl26"", ""Rpl22"", ""Rps14"", ""Rpl37"", ""Rpl11"", ""Rpl23a"", ""Rpl6"")"
"903","GOCC_CYTOSOLIC_RIBOSOME","7.09313295584199e-28","1.36590096952997e-24","1.37274298193398","0.896153939963675","2.84607721320078","80","c(""Rps18"", ""Rps19"", ""Rpl3"", ""Rps20"", ""Rps7"", ""Rplp1"", ""Rpl13"", ""Rps5"", ""Rpsa"", ""Rpl27a"", ""Rpl23"", ""Rplp0"", ""Rps3"", ""Rps23"", ""Rpl10a"", ""Rpl32"", ""Rpl21"", ""Rps12"", ""Eef1a1"", ""Rps4x"", ""Rpl14"", ""Rpl17"", ""Rps2"", ""Rps6"", ""Rps16"", ""Rps8"", ""Rpl35"", ""Rps3a1"", ""Rps27a"", ""Rpl36a"", ""Rplp2"", ""Rpl5"", ""Rpl19"", ""Rpl18a"", ""Rpl9"", ""Rpl18"", ""Rpl15"", ""Rpl8"", ""Rpl39"", ""Rps25"", ""Rpl10"", ""Rpl4"", ""Rps26"", ""Rpl36"", ""Rpl29"", ""Rps10"", ""Rpl41"", ""Rps28"", ""Rpl26"", ""Rpl22"", ""Rps14"", ""Rpl37"", ""Rpl11"", ""Rpl23a"", ""Rpl6"")"
"904","TABULA_MURIS_SENIS_HEART_AND_AORTA_FIBROBLAST_OF_CARDIAC_TISSUE_AGEING","5.23544953445418e-39","3.02451919605418e-35","1.62807167569582","0.84386727346652","2.97685743341426","161","c(""H2-K1"", ""H2-D1"", ""Klf2"", ""Rps18"", ""Rps19"", ""Rpl3"", ""Rps20"", ""Rps7"", ""Rplp1"", ""Rpl13"", ""Vim"", ""Ifi27l2a"", ""Fxyd5"", ""Rps5"", ""Rpsa"", ""Rpl27a"", ""Rpl23"", ""Rplp0"", ""Rps3"", ""Rps23"", ""Rpl10a"", ""Rpl32"", ""Rpl21"", ""Rps12"", ""Eef1a1"", ""Rps4x"", ""Rpl14"", ""Rpl17"", ""Rps2"", ""Rps6"", ""Rps16"", ""Rps8"", ""Rpl22l1"", ""Rpl35"", ""Rps3a1"", ""Rps27a"", ""Rpl36a"", ""B2m"", ""Rplp2"", ""Rpl5"", ""Eef1b2"", ""Rpl19"", ""Rpl18a"", ""Ifi203"", ""Rpl18"", ""AW112010"", ""Rpl15"", ""Rpl39"", ""Rps25"", ""Rpl10"", ""Rpl4"", ""Rpl36"", ""Rpl29"", ""Capg"", ""Rps10"", ""Rpl41"", 
""Rps28"", ""Mndal"", ""Bst2"", ""Add3"", ""Rpl22"", ""Rps14"", ""Rpl37"", ""H2-Q4"", ""Rpl11"", ""Rpl23a"", ""Rpl6"", ""Prr13"", ""Slfn5"", ""Ly6a"", ""Eef1d"", ""Rps15"", ""Atp5g2"", ""Npm1"", ""Lgals1"")"
