"","pathway","pval","padj","log2err","ES","NES","size","leadingEdge"
"1","GOCC_CYTOSOLIC_RIBOSOME","6.12045576910215e-51","1.72505045852144e-47","1.85963097536535","-0.946502378987992","-3.50347796224736","80","c(""Rps16"", ""Rpl32"", ""Rps3a1"", ""Rpl28"", ""Eef1a1"", ""Rpl27a"", ""Rpl23"", ""Rps20"", ""Rps23"", ""Rpl11"", ""Rps14"", ""Rpl26"", ""Rpl18a"", ""Rps10"", ""Rps8"", ""Rpl21"", ""Rpl19"", ""Rplp1"", ""Rps19"", ""Rpl10a"", ""Rpl18"", ""Rps18"", ""Rplp0"", ""Rpl8"", ""Rplp2"", ""Rpsa"", ""Rpl35"", ""Rps4x"", ""Rpl13"", ""Rpl17"", ""Rps5"", ""Rpl22"", ""Rps3"", ""Rps26"", ""Rps7"", ""Rpl5"", ""Rpl6"", ""Rps6"", ""Rpl36"", ""Rpl3"", ""Rpl9"", ""Rpl41"", ""Rps27a"", ""Rps12"", ""Rpl4"", ""Rpl14"", ""Rps25"", ""Rps2"", ""Rpl39"", ""Rpl29"", ""Rpl36a"", ""Rpl10"", ""Rpl7a"", ""Rpl15"", ""Rps17"", ""Rps15"", ""Rps28"", 
""Rpl37"", ""Rpl31"", ""Rpl36al"", ""Rpl23a"", ""Rpl38"")"
"2","GOBP_CYTOPLASMIC_TRANSLATION","4.5694488978054e-39","4.29299723948817e-36","1.62807167569582","-0.887814133422524","-3.36789107508762","89","c(""Rps16"", ""Rpl32"", ""Rps3a1"", ""Rpl28"", ""Rpl27a"", ""Rpl23"", ""Rps20"", ""Rps23"", ""Rpl11"", ""Rps14"", ""Rpl26"", ""Rpl18a"", ""Rps10"", ""Rps8"", ""Rpl21"", ""Rpl19"", ""Rplp1"", ""Rps19"", ""Rpl10a"", ""Rpl18"", ""Rps18"", ""Rplp0"", ""Rpl8"", ""Rplp2"", ""Rpsa"", ""Rps4x"", ""Rpl13"", ""Rpl17"", ""Rps5"", ""Rpl22"", ""Rps3"", ""Rps26"", ""Rps7"", ""Rpl5"", ""Rpl6"", ""Rps6"", ""Rpl36"", ""Rpl3"", ""Rpl9"", ""Rpl41"", ""Rps27a"", ""Rps12"", ""Rpl4"", ""Rpl14"", ""Rps25"", ""Rps2"", ""Rpl39"", ""Rpl29"", ""Rpl36a"", ""Rpl7a"", ""Rpl15"", ""Rps17"", ""Rps15"", ""Rpl22l1"", ""Rps28"", ""Rpl31"", 
""Rpl23a"", ""Eif4a1"", ""Rpl38"", ""Ybx1"", ""Cnbp"")"
"3","REACTOME_NONSENSE_MEDIATED_DECAY_NMD_INDEPENDENT_OF_THE_EXON_JUNCTION_COMPLEX_EJC","1.33458860736585e-48","2.50769199324043e-45","1.82023946954892","-0.959194096840536","-3.33091377452408","67","c(""Rps16"", ""Rpl32"", ""Rps3a1"", ""Rpl28"", ""Rpl27a"", ""Rpl23"", ""Rps20"", ""Rps23"", ""Rpl11"", ""Rps14"", ""Rpl26"", ""Rpl18a"", ""Rps10"", ""Rps8"", ""Rpl21"", ""Rpl19"", ""Rplp1"", ""Rps19"", ""Rpl18"", ""Rps18"", ""Rplp0"", ""Rpl8"", ""Rplp2"", ""Rpsa"", ""Rpl35"", ""Rps4x"", ""Rpl13"", ""Rpl17"", ""Rps5"", ""Rpl22"", ""Rps3"", ""Rps26"", ""Rps7"", ""Rpl5"", ""Rpl6"", ""Rps6"", ""Rpl36"", ""Rpl3"", ""Rpl9"", ""Rps12"", ""Rpl4"", ""Rpl14"", ""Rps25"", ""Rps2"", ""Rpl39"", ""Rpl29"", ""Rpl36a"", ""Rpl10"", ""Rpl15"", ""Rps17"", ""Rps15"", ""Rpl22l1"", ""Rps28"", ""Rpl37"", ""Rpl31"", ""Rpl36al"", 
""Rpl23a"", ""Rpl38"", ""Rps27l"", ""Pabpc1"")"
"4","WP_CYTOPLASMIC_RIBOSOMAL_PROTEINS","1.82023154850376e-72","1.02606452389157e-68","2.22467967165274","-0.993292562635628","-3.31025612569824","56","c(""Rps16"", ""Rpl32"", ""Rps3a1"", ""Rpl28"", ""Rpl27a"", ""Rps20"", ""Rps23"", ""Rpl11"", ""Rps14"", ""Rpl26"", ""Rpl18a"", ""Rps10"", ""Rps8"", ""Rpl21"", ""Rpl19"", ""Rplp1"", ""Rps19"", ""Rpl10a"", ""Rpl18"", ""Rps18"", ""Rplp0"", ""Rpl8"", ""Rpsa"", ""Rpl35"", ""Rps4x"", ""Rpl13"", ""Rpl17"", ""Rps5"", ""Rpl22"", ""Rps3"", ""Rps26"", ""Rps7"", ""Rpl6"", ""Rps6"", ""Rpl36"", ""Rpl3"", ""Rpl9"", ""Rpl41"", ""Rps27a"", ""Rps12"", ""Rpl4"", ""Rps25"", ""Rps2"", ""Rpl39"", ""Rpl29"", ""Rpl36a"", ""Rpl10"", ""Rpl7a"", ""Rpl15"", ""Rps17"", ""Rps15"", ""Rps28"", ""Rpl37"", ""Rpl31"", ""Rpl23a"", ""Rpl38"")"
"5","REACTOME_NONSENSE_MEDIATED_DECAY_NMD","6.08372784167383e-43","8.57349346087885e-40","1.70874828719195","-0.940856221991437","-3.26649839796986","72","c(""Rps16"", ""Rpl32"", ""Rps3a1"", ""Rpl28"", ""Rpl27a"", ""Rpl23"", ""Rps20"", ""Rps23"", ""Rpl11"", ""Rps14"", ""Rpl26"", ""Rpl18a"", ""Rps10"", ""Rps8"", ""Rpl21"", ""Rpl19"", ""Rplp1"", ""Rps19"", ""Rpl18"", ""Rps18"", ""Rplp0"", ""Rpl8"", ""Rplp2"", ""Rpsa"", ""Rpl35"", ""Rps4x"", ""Rpl13"", ""Rpl17"", ""Rps5"", ""Rpl22"", ""Rps3"", ""Rps26"", ""Rps7"", ""Rpl5"", ""Rpl6"", ""Rps6"", ""Rpl36"", ""Rpl3"", ""Rpl9"", ""Rps12"", ""Rpl4"", ""Rpl14"", ""Rps25"", ""Rps2"", ""Rpl39"", ""Rpl29"", ""Rpl36a"", ""Rpl10"", ""Rpl15"", ""Rps17"", ""Rps15"", ""Rpl22l1"", ""Rps28"", ""Rpl37"", ""Rpl31"", ""Rpl36al"", 
""Rpl23a"", ""Rpl38"", ""Rps27l"", ""Pabpc1"")"
"6","REACTOME_EUKARYOTIC_TRANSLATION_INITIATION","2.71540888134536e-37","2.18667998059197e-34","1.58945578468201","-0.893955159100696","-3.22347737419749","83","c(""Rps16"", ""Rpl32"", ""Rps3a1"", ""Rpl28"", ""Rpl27a"", ""Rpl23"", ""Rps20"", ""Rps23"", ""Rpl11"", ""Rps14"", ""Rpl26"", ""Rpl18a"", ""Rps10"", ""Rps8"", ""Rpl21"", ""Rpl19"", ""Rplp1"", ""Rps19"", ""Rpl18"", ""Rps18"", ""Rplp0"", ""Rpl8"", ""Rplp2"", ""Rpsa"", ""Rpl35"", ""Rps4x"", ""Rpl13"", ""Rpl17"", ""Rps5"", ""Rpl22"", ""Rps3"", ""Rps26"", ""Rps7"", ""Rpl5"", ""Rpl6"", ""Rps6"", ""Rpl36"", ""Rpl3"", ""Rpl9"", ""Rps12"", ""Rpl4"", ""Rpl14"", ""Rps25"", ""Rps2"", ""Rpl39"", ""Rpl29"", ""Rpl36a"", ""Rpl10"", ""Rpl15"", ""Rps17"", ""Rps15"", ""Rpl22l1"", ""Rps28"", ""Rpl37"", ""Rpl31"", ""Rpl36al"", 
""Rpl23a"", ""Eif4a1"", ""Rpl38"", ""Rps27l"", ""Pabpc1"", ""Eif3i"")"
"7","GOCC_CYTOSOLIC_LARGE_RIBOSOMAL_SUBUNIT","1.60979942854079e-33","1.00827104207605e-30","1.50238688881415","-0.960742759399614","-3.07579557657622","45","c(""Rpl32"", ""Rpl28"", ""Rpl27a"", ""Rpl23"", ""Rpl11"", ""Rpl26"", ""Rpl18a"", ""Rpl21"", ""Rpl19"", ""Rplp1"", ""Rpl10a"", ""Rpl18"", ""Rplp0"", ""Rpl8"", ""Rplp2"", ""Rpl35"", ""Rpl13"", ""Rpl17"", ""Rpl22"", ""Rpl5"", ""Rpl6"", ""Rpl36"", ""Rpl3"", ""Rpl9"", ""Rpl41"", ""Rps12"", ""Rpl4"", ""Rpl14"", ""Rpl39"", ""Rpl29"", ""Rpl36a"", ""Rpl10"", ""Rpl7a"", ""Rpl15"", ""Rpl37"", ""Rpl31"", ""Rpl36al"", ""Rpl23a"", ""Rpl38"")"
"8","BILANGES_SERUM_AND_RAPAMYCIN_SENSITIVE_GENES","1.36837286942602e-33","9.64189733119307e-31","1.50926283727233","-0.968013727482929","-3.03766494659223","42","c(""Rps16"", ""Rpl32"", ""Rps3a1"", ""Rpl28"", ""Eef1a1"", ""Rpl27a"", ""Rpl23"", ""Rps23"", ""Rps14"", ""Rpl26"", ""Rpl18a"", ""Rps10"", ""Rps8"", ""Rpl21"", ""Rps19"", ""Rpl18"", ""Rpl8"", ""Rps4x"", ""Rpl13"", ""Rps5"", ""Rps3"", ""Rps7"", ""Rpl5"", ""Rpl6"", ""Rps6"", ""Eef1b2"", ""Rps27a"", ""Rpl4"", ""Rpl14"", ""Rps25"", ""Rpl29"", ""Rpl36a"", ""Rpl10"", ""Rpl7a"", ""Rpl15"", ""Rps17"", ""Eef1g"")"
"9","TABULA_MURIS_SENIS_THYMUS_PROFESSIONAL_ANTIGEN_PRESENTING_CELL_AGEING","1.65037589352203e-22","8.45742628343973e-20","1.22950405660873","-0.914535714697637","-2.9566840338001","44","c(""Rps16"", ""Rps3a1"", ""Eef1a1"", ""Rpl27a"", ""Rpl23"", ""Rps20"", ""Rps23"", ""Rpl11"", ""Rpl18a"", ""Rps10"", ""Rps8"", ""Rpl21"", ""Rps19"", ""Rpl8"", ""Rplp2"", ""Rpsa"", ""Rpl35"", ""Rps4x"", ""Rpl13"", ""Rpl17"", ""Rps3"", ""Rps7"", ""Rpl5"", ""Rpl6"", ""Rpl36"", ""Rpl9"", ""Rpl36a"", ""Rps15"", ""Rpl23a"", ""Rpl38"", ""Cd74"")"
"10","GOCC_LARGE_RIBOSOMAL_SUBUNIT","5.09020052292416e-24","2.86934603477235e-21","1.27091304449619","-0.818730740235402","-2.95222863232171","83","c(""Rpl32"", ""Rpl28"", ""Rpl27a"", ""Rpl23"", ""Rpl11"", ""Rpl26"", ""Rpl18a"", ""Rpl21"", ""Rpl19"", ""Rplp1"", ""Rpl10a"", ""Rpl18"", ""Rplp0"", ""Rpl8"", ""Rplp2"", ""Rpl35"", ""Rpl13"", ""Rpl17"", ""Rpl22"", ""Rpl5"", ""Rpl6"", ""Rpl36"", ""Rpl3"", ""Rpl9"", ""Rpl41"", ""Rps12"", ""Rpl4"", ""Rpl14"", ""Rpl39"", ""Rpl29"", ""Rpl36a"", ""Rpl10"", ""Npm1"", ""Rpl7a"", ""Rpl15"", ""Rpl37"", ""Rpl31"", ""Rpl36al"", ""Rpl23a"", ""Rpl38"")"
"11","GOBP_TRANSLATION_AT_SYNAPSE","8.50475522286802e-40","9.5882610382614e-37","1.6407416852705","-0.989000196425064","-2.9068174193123","34","c(""Rps16"", ""Rpl32"", ""Rpl28"", ""Rpl27a"", ""Rpl23"", ""Rps14"", ""Rpl26"", ""Rps10"", ""Rpl10a"", ""Rpl8"", ""Rplp2"", ""Rpl35"", ""Rpl13"", ""Rpl17"", ""Rps5"", ""Rpl22"", ""Rps26"", ""Rpl5"", ""Rpl6"", ""Rpl36"", ""Rpl9"", ""Rps27a"", ""Rps12"", ""Rpl4"", ""Rpl14"", ""Rpl29"", ""Rpl36a"", ""Rpl10"", ""Rpl7a"", ""Rpl15"", ""Rps28"", ""Rpl37"", ""Rpl23a"", ""Rpl38"")"
"12","GOCC_SMALL_RIBOSOMAL_SUBUNIT","3.94867393496288e-15","1.11293374856929e-12","0.996986217533181","-0.819180846522642","-2.73426152986005","52","c(""Rps16"", ""Rps3a1"", ""Rps20"", ""Rps23"", ""Rps14"", ""Rps10"", ""Rps8"", ""Rps19"", ""Rps18"", ""Rpsa"", ""Rps4x"", ""Rps5"", ""Rps3"", ""Rps26"", ""Rps7"", ""Rps6"", ""Rps27a"", ""Rps12"", ""Rps25"", ""Rps2"", ""Npm1"", ""Rps17"", ""Rps15"", ""Rps28"", ""Rps27l"", ""Mrps33"", ""Chchd1"", ""Mrps24"", ""Ubb"", ""Mrpl42"", ""Mrps14"")"
"13","GOCC_CYTOSOLIC_SMALL_RIBOSOMAL_SUBUNIT","2.90830798375983e-19","1.17100943603244e-16","1.13308993200902","-0.948815978378102","-2.67888988565036","29","c(""Rps16"", ""Rps3a1"", ""Rps20"", ""Rps23"", ""Rps14"", ""Rps10"", ""Rps8"", ""Rps19"", ""Rps18"", ""Rpsa"", ""Rps4x"", ""Rps5"", ""Rps3"", ""Rps26"", ""Rps7"", ""Rps6"", ""Rps27a"", ""Rps12"", ""Rps25"", ""Rps2"", ""Rps17"", ""Rps15"", ""Rps28"", ""Rps27l"")"
"14","REACTOME_MRNA_SPLICING","1.11813593563493e-13","2.42420471891312e-11","0.954541630725724","-0.686595910698153","-2.63266514191494","99","c(""Hnrnpa1"", ""Snrpe"", ""Snrpg"", ""Hspa8"", ""Snrpf"", ""Hnrnpa3"", ""Ybx1"", ""Snrpd2"", ""Srsf3"", ""Lsm4"", ""Ddx39b"", ""Snrpd3"", ""Hnrnpa2b1"", ""Pnn"", ""Srsf10"", ""Alyref"", ""Snrpd1"", ""Lsm5"", ""Snrpb"", ""U2af1"", ""Srsf7"", ""Hnrnpu"", ""Hnrnpr"", ""Srsf2"", ""Hnrnpd"", ""Lsm2"", ""Ptbp1"", ""Lsm6"", ""Bcas2"", ""Snrpa"", ""Lsm3"", ""Lsm7"", ""Eif4a3"", ""Polr2f"", ""Rbm17"", ""Polr2e"", ""Sf3b6"", ""Snrpa1"", ""Srsf9"", ""Sf3a3"", ""Polr2h"", ""Txnl4a"", ""Hnrnpc"", ""Magoh"", ""Rnps1"", ""Snrnp40"", ""Rbm8a"", ""Phf5a"", ""Dhx9"", ""U2surp"", ""U2af2"", ""Polr2k"", ""Prpf40a"", ""Ppie"", 
""Ppih"", ""Srrm1"", ""Pcbp1"", ""Polr2d"", ""Htatsf1"", ""Sf3b3"", ""Eftud2"", ""Sf3b4"", ""Srsf1"", ""Polr2i"", ""Ddx46"", ""Prpf31"", ""Tcerg1"", ""Snrpc"", ""Sf3a1"", ""Snrnp25"", ""Ppil1"", ""Sf3b5"", ""Smu1"", ""Prpf19"", ""Isy1"", ""Srrt"")"
"15","HALLMARK_OXIDATIVE_PHOSPHORYLATION","1.18514058434481e-11","2.02443559816718e-09","0.875325132024659","-0.661969544231233","-2.63041258325765","96","c(""Atp5b"", ""Slc25a5"", ""Atp5h"", ""Atp5e"", ""Atp5g1"", ""Slc25a3"", ""Atp5a1"", ""Cox7c"", ""Atp5o"", ""Atp5j2"", ""Atp5g3"", ""Ndufa4"", ""Mdh1"", ""Cox7b"", ""Atp5c1"", ""Atp5d"", ""Cox5b"", ""Ndufab1"", ""Timm13"", ""Ndufc2"", ""Ndufv2"", ""Uqcr10"", ""Uqcr11"", ""Phb2"", ""Ndufa5"", ""Ndufb2"", ""Uqcrq"", ""Idh2"", ""Mrpl34"", ""Ndufc1"", ""Atp5k"", ""Sdhb"", ""Polr2f"", ""Cox7a2"", ""Cox5a"", ""Atp5j"", ""Cyc1"", ""Vdac3"", ""Mrpl11"", ""Vdac1"", ""Mrpl15"", ""Uqcrfs1"", ""Ndufs6"", ""Timm17a"", ""Idh3a"", ""Fh1"", ""Prdx3"", ""Idh3g"", ""Timm50"", ""Hspa9"", ""Mrps12"", ""Ndufs8"", ""Ndufa9"", 
""Ndufv1"", ""Timm8b"", ""Immt"", ""Cox8a"", ""Fxn"", ""Tomm70a"", ""Aco2"", ""Sdhc"", ""Ndufb6"", ""Mrpl35"", ""Mrps15"", ""Timm9"", ""Mrps11"", ""Echs1"", ""Uqcrb"", ""Cox6a1"", ""Mdh2"")"
"16","REACTOME_ACTIVATION_OF_THE_MRNA_UPON_BINDING_OF_THE_CAP_BINDING_COMPLEX_AND_EIFS_AND_SUBSEQUENT_BINDING_TO_43S","4.95244103027979e-13","9.62652071989212e-11","0.921426003494898","-0.840572893543757","-2.62387312014374","40","c(""Rps16"", ""Rps3a1"", ""Rps20"", ""Rps23"", ""Rps14"", ""Rps10"", ""Rps8"", ""Rps19"", ""Rps18"", ""Rpsa"", ""Rps4x"", ""Rps5"", ""Rps3"", ""Rps26"", ""Rps7"", ""Rps6"", ""Rps12"", ""Rps25"", ""Rps2"", ""Rps17"", ""Rps15"", ""Rps28"", ""Eif4a1"", ""Rps27l"", ""Pabpc1"", ""Eif3i"", ""Eif2s2"", ""Eif3a"", ""Eif3l"", ""Eif1ax"", ""Eif2s1"", ""Eif4h"")"
"17","GOCC_POLYSOME","1.04904481687689e-13","2.36538625309402e-11","0.954541630725724","-0.837694769293374","-2.61204713483992","43","c(""Rpl32"", ""Rps23"", ""Rpl11"", ""Rpl18a"", ""Rpl19"", ""Rpl10a"", ""Rpl18"", ""Rpl8"", ""Rps4x"", ""Rps3"", ""Rps26"", ""Rpl6"", ""Rps6"", ""Rpl36"", ""Rpl39"", ""Rpl29"", ""Rpl36a"", ""Rpl7a"", ""Rps28"", ""Rpl31"", ""Rpl36al"", ""Btf3"", ""Rpl38"")"
"18","BILANGES_SERUM_RESPONSE_TRANSLATION","1.50411078316511e-17","5.65244832313449e-15","1.07686819261983","-0.960503222742793","-2.60386825358669","23","c(""Eef1a1"", ""Rpl18a"", ""Rps8"", ""Rpl21"", ""Rps19"", ""Rps4x"", ""Rps5"", ""Rps3"", ""Rps7"", ""Rpl6"", ""Rps6"", ""Eef1b2"", ""Rpl4"", ""Rpl14"", ""Rpl29"", ""Rpl10"", ""Eef1g"")"
"19","GOCC_POLYSOMAL_RIBOSOME","1.7708523578275e-16","5.59548842804501e-14","1.04762648849882","-0.947915101833487","-2.57071006953523","24","c(""Rpl32"", ""Rps23"", ""Rpl11"", ""Rpl18a"", ""Rpl19"", ""Rpl10a"", ""Rpl18"", ""Rpl8"", ""Rps26"", ""Rpl6"", ""Rpl36"", ""Rpl39"", ""Rpl29"", ""Rpl36a"", ""Rpl7a"", ""Rps28"", ""Rpl31"", ""Rpl36al"", ""Btf3"", ""Rpl38"")"
"20","GOBP_PROTEIN_RNA_COMPLEX_ORGANIZATION","6.51829776878771e-12","1.18527885556956e-09","0.887074988399873","-0.667515020096004","-2.53451770899341","90","c(""Rpl11"", ""Rps14"", ""Rps19"", ""Rplp0"", ""Rpsa"", ""Rps5"", ""Rpl5"", ""Rpl6"", ""Rps6"", ""Rps25"", ""Rpl10"", ""Rps15"", ""Rps28"", ""Snrpe"", ""Snrpg"", ""Rpl23a"", ""Rpl38"", ""Snrpf"", ""Snrpd2"", ""Lsm4"", ""Hsp90aa1"", ""Rps27l"", ""Ddx39b"", ""Snrpd3"", ""Eif2s2"", ""Srsf10"", ""Snrpd1"", ""Snrpb"", ""Eif3a"", ""Srsf6"", ""Lsm2"", ""Psip1"", ""Nudt21"")"
"21","TABULA_MURIS_SENIS_SPLEEN_NK_CELL_AGEING","1.13193617313911e-10","1.72452005621221e-08","0.839088935621274","-0.71267078891534","-2.50248721330113","65","c(""Rps16"", ""Rps3a1"", ""Rpl28"", ""Eef1a1"", ""Rpl23"", ""Rps20"", ""Rpl11"", ""Rps10"", ""Rps8"", ""Rpl21"", ""Rplp1"", ""Rps18"", ""Rplp2"", ""Rpl35"", ""Rpl13"", ""Rpl17"", ""Rpl22"", ""Rps3"", ""Rps26"", ""Rps7"", ""Rpl5"", ""Rpl6"", ""Rpl36"", ""Rpl41"", ""Rps27a"", ""Rps12"", ""Rpl14"", ""Rps25"", ""Rpl39"", ""Rpl36a"", ""Cd3d"", ""Cd3g"", ""Rps17"", ""Rps28"", ""Rpl37"", ""Eef1g"", ""Rpl31"", ""Rpl23a"", ""Rbm3"", ""Rpl38"")"
"22","YAO_TEMPORAL_RESPONSE_TO_PROGESTERONE_CLUSTER_17","2.85413440436313e-10","4.02218890934874e-08","0.814035837847908","-0.63061725813885","-2.50002497124749","101","c(""Tubb5"", ""Set"", ""Erh"", ""Lsm4"", ""Krtcap2"", ""Cdk4"", ""Ndufab1"", ""Ube2s"", ""Ndufv2"", ""Phb2"", ""Hnrnpd"", ""Uqcrq"", ""Eif1ax"", ""Mrpl34"", ""Mrpl18"", ""Ddt"", ""Lsm7"", ""Eif4a3"", ""Sdhb"", ""Mrps14"", ""Srsf9"", ""Psma7"", ""Pdap1"", ""Psmb6"", ""Ddost"", ""Impdh2"", ""Rnf7"", ""Romo1"", ""Vdac3"", ""Drap1"", ""Cks1b"", ""Ckb"", ""Naa10"", ""Samm50"", ""Psmb7"", ""Rpn2"", ""Marcksl1"", ""Mrps34"", ""Ndufs6"", ""Dnajc19"", ""Sae1"", ""Nap1l1"", ""Usp1"", ""Polr3k"", ""Psmg1"", ""Ddx1"", ""Ruvbl1"", ""Mrpl36"", ""Bcap29"", ""Slirp"", ""Mrps12"", ""Cmbl"", ""Uri1"", ""Mrps7"", ""Lmna"", 
""Tomm70a"", ""Cops5"", ""Psmd13"", ""Ndufb6"", ""Mrps15"", ""Fam162a"", ""Mrps11"", ""Psmd14"", ""Bag1"", ""Mdh2"", ""Coq7"", ""Adsl"", ""Cnih1"", ""Stub1"")"
"23","WP_ELECTRON_TRANSPORT_CHAIN","2.3281798960973e-10","3.36511540366678e-08","0.826657301178302","-0.752904673288759","-2.47961726116573","50","c(""mt-Nd1"", ""Atp5b"", ""Atp5g2"", ""Slc25a5"", ""Atp5h"", ""Atp5e"", ""Atp5a1"", ""Atp5o"", ""Atp5j2"", ""Atp5g3"", ""Cox7b"", ""Atp5c1"", ""Atp5d"", ""Cox5b"", ""Ndufab1"", ""Ndufc2"", ""Ndufv2"", ""Uqcr10"", ""Ndufa12"", ""Ndufa10"", ""Uqcr11"", ""Ndufa5"", ""Atpif1"", ""Ndufb2"", ""Uqcrq"", ""Ndufc1"", ""Sdhb"", ""Cox7a2"", ""Cox5a"", ""Ndufb4"", ""Atp5j"", ""Ndufb10"", ""Uqcrfs1"", ""Ndufs6"", ""Ndufs8"", ""Ndufa9"", ""Ndufv1"", ""Cox8a"", ""Sdhc"", ""Ndufb6"")"
"24","LMX1B_TARGET_GENES","1.15149450550329e-12","2.16365817584069e-10","0.910119734774459","-0.940619321685702","-2.47932731457763","20","c(""Rpl32"", ""Rpl11"", ""Rps14"", ""Rps10"", ""Rps8"", ""Rpl13"", ""Rpl17"", ""Rpl5"", ""Rps6"", ""Rpl7a"", ""Rps17"", ""Tmem176b"", ""Cct4"", ""Ddx39b"", ""Tmem176a"")"
"25","GOCC_CATALYTIC_STEP_2_SPLICEOSOME","2.97042742030884e-09","3.41720395271039e-07","0.774939030136436","-0.732470711306835","-2.40993351013447","49","c(""Hnrnpa1"", ""Snrpe"", ""Snrpg"", ""Snrpf"", ""Hnrnpa3"", ""Snrpd2"", ""Pabpc1"", ""Snrpd3"", ""Hnrnpa2b1"", ""Pnn"", ""Alyref"", ""Snrpd1"", ""Snrpb"", ""U2af1"", ""Hnrnpu"", ""Hnrnpr"", ""Hnrnpm"", ""Lsm2"", ""Syncrip"", ""Bcas2"", ""Lsm3"", ""Lsm7"", ""Eif4a3"", ""Sf3b6"", ""Snrpa1"", ""Sf3a3"", ""Hnrnpc"", ""Magoh"", ""Raly"", ""Snrnp40"", ""Rbm8a"", ""Snrpb2"", ""Ppie"", ""Srrm1"", ""Sf3b3"", ""Eftud2"", ""Srsf1"", ""Sf3a1"", ""Ppil1"", ""Zcchc8"", ""Prpf19"", ""Isy1"")"
"26","GOBP_RIBOSOMAL_SMALL_SUBUNIT_BIOGENESIS","8.8133385462433e-10","1.18287593774223e-07","0.801215574617779","-0.705904860493807","-2.4069445020776","60","c(""Rps16"", ""Rps3a1"", ""Rps23"", ""Rps14"", ""Rps8"", ""Rps19"", ""Rpsa"", ""Rps5"", ""Rps7"", ""Rps6"", ""Rps12"", ""Rps25"", ""Npm1"", ""Rps17"", ""Rps15"", ""Rps28"", ""Rpl38"", ""Rps27l"", ""Nol7"", ""Fbl"", ""Nop56"", ""Lsm6"")"
"27","GOBP_RIBOSOME_ASSEMBLY","4.10961932971394e-09","4.54233807090146e-07","0.761460801445585","-0.790120791226626","-2.4023287981664","37","c(""Rpl11"", ""Rps14"", ""Rps19"", ""Rplp0"", ""Rpsa"", ""Rps5"", ""Rpl5"", ""Rpl6"", ""Rps6"", ""Rps25"", ""Rpl10"", ""Rps15"", ""Rps28"", ""Rpl23a"", ""Rpl38"", ""Rps27l"", ""C1qbp"")"
"28","REACTOME_THE_CITRIC_ACID_TCA_CYCLE_AND_RESPIRATORY_ELECTRON_TRANSPORT","3.74108996287192e-09","4.2177048241418e-07","0.761460801445585","-0.660900718710049","-2.3885753816105","76","c(""mt-Nd1"", ""Atp5b"", ""Atp5h"", ""Atp5e"", ""Atp5g1"", ""Atp5a1"", ""Cox7c"", ""Atp5o"", ""Atp5j2"", ""Atp5g3"", ""Ndufa4"", ""Cox7b"", ""Atp5c1"", ""Atp5d"", ""Cox5b"", ""Ndufab1"", ""Ndufc2"", ""Ndufv2"", ""Uqcr10"", ""Ndufa12"", ""Ndufa10"", ""Uqcr11"", ""Ndufa5"", ""Ndufb2"", ""Uqcrq"", ""Idh2"", ""Cycs"", ""Ndufc1"", ""Glo1"", ""Atp5k"", ""Sdhb"", ""Cox5a"", ""Ndufb4"", ""Atp5j"", ""Cyc1"", ""Ndufb10"", ""Vdac1"", ""Uqcrfs1"", ""Ndufs6"", ""Idh3a"", ""Fh1"", ""Idh3g"", ""Ndufs8"", ""Ndufa9"", ""Ndufv1"", ""Cox8a"", ""Aco2"", ""Sdhc"", ""Ndufb6"", ""Ndufaf4"", ""Uqcrb"", ""Cox6a1"", ""Mdh2"", 
""Ndufaf2"")"
"29","GOCC_SMALL_SUBUNIT_PROCESSOME","1.62606889193194e-08","1.55358480403735e-06","0.73376198835648","-0.716309351018799","-2.35676032091847","49","c(""Rps16"", ""Rps3a1"", ""Rps23"", ""Rps14"", ""Rps8"", ""Rps19"", ""Rps4x"", ""Rps5"", ""Rps7"", ""Rps6"", ""Rps27a"", ""Rps12"", ""Rps17"", ""Rps28"", ""Nol7"", ""Fbl"", ""Nop56"")"
"30","REACTOME_RESPIRATORY_ELECTRON_TRANSPORT_ATP_SYNTHESIS_BY_CHEMIOSMOTIC_COUPLING_AND_HEAT_PRODUCTION_BY_UNCOUPLING_PROTEINS","7.99507760507984e-09","8.11923682645074e-07","0.747739663149885","-0.706171316798599","-2.35339316446937","56","c(""mt-Nd1"", ""Atp5b"", ""Atp5h"", ""Atp5e"", ""Atp5g1"", ""Atp5a1"", ""Cox7c"", ""Atp5o"", ""Atp5j2"", ""Atp5g3"", ""Ndufa4"", ""Cox7b"", ""Atp5c1"", ""Atp5d"", ""Cox5b"", ""Ndufab1"", ""Ndufc2"", ""Ndufv2"", ""Uqcr10"", ""Ndufa12"", ""Ndufa10"", ""Uqcr11"", ""Ndufa5"", ""Ndufb2"", ""Uqcrq"", ""Cycs"", ""Ndufc1"", ""Atp5k"", ""Cox5a"", ""Ndufb4"", ""Atp5j"", ""Cyc1"", ""Ndufb10"", ""Uqcrfs1"", ""Ndufs6"", ""Ndufs8"", ""Ndufa9"", ""Ndufv1"", ""Cox8a"", ""Ndufb6"")"
"31","GOBP_PROTON_MOTIVE_FORCE_DRIVEN_ATP_SYNTHESIS","5.60379192222782e-08","4.71471269635794e-06","0.719512826338911","-0.750145762758487","-2.32925625444934","39","c(""mt-Nd1"", ""Atp5b"", ""Atp5g2"", ""Atp5h"", ""Atp5e"", ""Atp5g1"", ""Atp5a1"", ""Atp5o"", ""Atp5j2"", ""Atp5g3"", ""Atp5c1"", ""Atp5d"", ""Ndufab1"", ""Ndufc2"", ""Ndufv2"", ""Ndufa12"", ""Ndufa10"", ""Ndufa5"", ""Ndufb2"", ""Ndufc1"", ""Atp5k"", ""Sdhb"", ""Ndufb4"", ""Atp5j"", ""Ndufb10"", ""Ndufs6"", ""Ndufs8"", ""Ndufa9"", ""Ndufv1"", ""Sdhc"", ""Ndufb6"")"
"32","TABULA_MURIS_SENIS_HEART_AND_AORTA_ENDOCARDIAL_CELL_AGEING","2.01326056831065e-08","1.89145830392785e-06","0.73376198835648","-0.815659831363179","-2.30293641987905","29","c(""Rpl32"", ""Eef1a1"", ""Rpl23"", ""Rps20"", ""Rps23"", ""Rps10"", ""Rps18"", ""Rplp0"", ""Rplp2"", ""Rps3"", ""Rpl6"", ""Rpl36"", ""Rps12"", ""Rpl39"", ""Rps28"", ""Rpl37"", ""Rpl31"", ""Rbm3"", ""Rpl38"", ""Cd74"", ""H2-Aa"")"
"33","GOCC_ATPASE_COMPLEX","1.24673319115348e-07","9.37044666470953e-06","0.690132458796796","-0.712314735092544","-2.30285948525593","48","c(""Atp5b"", ""Atp5g2"", ""Atp5h"", ""Atp5e"", ""Atp5g1"", ""Atp5a1"", ""Atp5o"", ""Atp5j2"", ""Anp32e"", ""Atp5g3"", ""Atp5c1"", ""Atp5d"", ""Rbbp4"", ""Rbbp7"", ""Hdac1"", ""Smarca5"", ""Atp5k"", ""Mbd3"", ""Smarcc1"", ""0610010K14Rik"", ""Dek"", ""Hdac2"", ""Ddx21"", ""Atp5j"", ""Actl6a"", ""Suz12"", ""Cfdp1"", ""Cdk2ap1"", ""Mta3"", ""Ruvbl1"", ""Smarcb1"", ""Bcl7c"", ""Bcl7a"", ""Smarca4"", ""Mta1"", ""Uchl5"", ""Baz1b"")"
"34","ZFP335_TARGET_GENES","5.16546732961226e-07","3.27165610528363e-05","0.659444398037935","-0.654666825434745","-2.26925075871245","64","c(""Rps23"", ""Rps10"", ""Rpl21"", ""Rps27a"", ""Rps12"", ""Tomm20"", ""Cct4"", ""Ndufa4"", ""Ddx39b"", ""Ndufa10"", ""Polr2e"", ""Eif4h"", ""Cnpy2"", ""Pdap1"", ""Caprin1"", ""Psmd12"", ""St13"", ""Exosc5"", ""Smc2"", ""Sec61b"", ""Mrpl11"", ""Mrps5"", ""Usp1"", ""Nsun2"", ""Hspa9"", ""Pcbp1"", ""Ptges3"", ""Ak6"", ""Psmg2"", ""Mrps7"", ""Psmd1"", ""Trap1"", ""Mrto4"", ""Sf3b3"", ""Farsb"", ""Eftud2"")"
"35","TABULA_MURIS_SENIS_KIDNEY_FIBROBLAST_AGEING","5.38017228920187e-08","4.63586313612233e-06","0.719512826338911","-0.802359332463232","-2.26538375130144","29","c(""Rps16"", ""Rpl32"", ""Rpl23"", ""Rps23"", ""Rpl18a"", ""Rps10"", ""Rpl21"", ""Rps19"", ""Rps18"", ""Rpl8"", ""Rps4x"", ""Rpl13"", ""Rps5"", ""Rpl22"", ""Rps3"", ""Rps26"", ""Rpl6"", ""Eef1b2"", ""Rps27a"", ""Rps25"", ""Rpl39"", ""Rps17"", ""Rps15"", ""Rps28"", ""Rpl37"")"
"36","GOCC_SMALL_NUCLEAR_RIBONUCLEOPROTEIN_COMPLEX","3.14287217057457e-07","2.1148208835334e-05","0.674962860011025","-0.702880954033639","-2.25849261774295","46","c(""Snrpe"", ""Snrpg"", ""Snrpf"", ""Snrpd2"", ""Lsm4"", ""Ddx39b"", ""Snrpd3"", ""Snrpd1"", ""Lsm5"", ""Snrpb"", ""Lsm2"", ""Lsm6"", ""Snrpa"", ""Lsm3"", ""Lsm7"", ""Sf3b6"", ""Snrpa1"", ""Sf3a3"", ""Txnl4a"", ""Snrnp40"", ""Phf5a"", ""Snrpb2"", ""Nolc1"", ""Prpf40a"", ""Ppih"", ""Larp7"", ""Htatsf1"", ""Sf3b3"", ""Eftud2"", ""Sf3b4"", ""Luc7l"", ""Prpf31"", ""Snrpc"", ""Sf3a1"", ""Sf3b5"")"
"37","BILANGES_RAPAMYCIN_SENSITIVE_VIA_TSC1_AND_TSC2","7.01659486385721e-07","4.12005679662116e-05","0.659444398037935","-0.723035165515595","-2.25832470955693","41","c(""Rpl10a"", ""Rps26"", ""Rpl36"", ""Rpl3"", ""Rps28"", ""Rpl31"", ""Hnrnpa1"", ""Rpl36al"", ""Btf3"", ""Tubb5"", ""Hspa8"", ""Slc25a5"", ""Tomm20"", ""Cct2"", ""Slc25a3"", ""Atp5a1"", ""Cct4"", ""Tcp1"", ""Nudt21"", ""Ppm1g"", ""Ola1"", ""Impdh2"", ""Naa10"", ""Paics"", ""Vdac1"", ""Uqcrfs1"", ""Nap1l1"", ""Prdx3"")"
"38","GOCC_U2_TYPE_SPLICEOSOMAL_COMPLEX","4.45045524247033e-07","2.91711816300061e-05","0.674962860011025","-0.684474284004726","-2.25201839252422","49","c(""Snrpe"", ""Snrpg"", ""Snrpf"", ""Snrpd2"", ""Lsm4"", ""Snrpd3"", ""Snrpd1"", ""Lsm5"", ""Snrpb"", ""Lsm2"", ""Lsm6"", ""Bcas2"", ""Lsm3"", ""Lsm7"", ""Eif4a3"", ""Sf3b6"", ""Snrpa1"", ""Sf3a3"", ""Txnl4a"", ""Snrnp40"", ""Rbm8a"", ""Phf5a"", ""Snrpb2"", ""U2af2"", ""Prpf40a"", ""Ppie"", ""Htatsf1"", ""Sf3b3"", ""Eftud2"", ""Sf3b4"", ""Luc7l"", ""Prpf31"", ""Sf3a1"", ""Ppil1"", ""Sf3b5"", ""Smu1"", ""Prpf19"", ""Isy1"")"
"39","TABULA_MURIS_SENIS_HEART_AND_AORTA_CARDIOMYOCYTE_AGEING","5.52197132491117e-07","3.38340786505699e-05","0.659444398037935","-0.653361054782184","-2.24422068937203","62","c(""Rpl32"", ""Rps3a1"", ""Eef1a1"", ""Rpl27a"", ""Rpl23"", ""Rps20"", ""Rps23"", ""Rpl18a"", ""Rpl21"", ""Rpl19"", ""Rplp0"", ""Rpl8"", ""Rps4x"", ""Rpl17"", ""Rps5"", ""Rps3"", ""Rps26"", ""Rpl6"", ""Rps6"", ""Rpl3"", ""Rps12"", ""Rpl4"", ""Rps25"", ""Rps2"", ""Rpl39"", ""Rpl36a"", ""Rpl10"", ""Rpl7a"", ""Rpl15"", ""Rpl23a"", ""Rbm3"", ""Sumo2"", ""Atp5g2"", ""Mt1"", ""Park7"", ""Atp5h"")"
"40","GOCC_PRERIBOSOME","7.52730675950321e-08","6.14948234830719e-06","0.704975715167238","-0.644058246428445","-2.23606453460531","72","c(""Rps16"", ""Rps3a1"", ""Rps23"", ""Rps14"", ""Rps8"", ""Rps19"", ""Rps4x"", ""Rps5"", ""Rps7"", ""Rps6"", ""Rps27a"", ""Rps12"", ""Rps17"", ""Rps28"", ""Nol7"", ""Fbl"", ""Nop56"", ""Rsl1d1"", ""Nop58"", ""Utp3"", ""Wdr43"", ""Eif6"", ""Ebna1bp2"", ""Wdr12"", ""Mak16"", ""Wdr46"", ""Nip7"", ""2810004N23Rik"", ""Ftsj3"", ""Mrto4"", ""Ppan"", ""Pdcd11"", ""Imp4"", ""Wdr74"", ""Mphosph10"", ""Nop14"", ""Rrp15"", ""Rrs1"", ""Nob1"", ""Rrp9"", ""Bms1"", ""Rcl1"", ""Bop1"", ""Pno1"", ""Xrcc5"", ""Utp18"", ""Dcaf13"", ""Noc4l"", ""Pes1"", ""Ltv1"", ""Fcf1"", ""Utp6"", ""Rrp1b"", ""Wdr36"", ""Dimt1"")"
"41","GOBP_RIBOSOMAL_LARGE_SUBUNIT_BIOGENESIS","1.10713240890319e-06","6.19146895612034e-05","0.643551836150722","-0.668003260470249","-2.22953420915447","53","c(""Rpl11"", ""Rpl26"", ""Rpl10a"", ""Rplp0"", ""Rpl35"", ""Rpl5"", ""Rpl6"", ""Rpl14"", ""Rpl10"", ""Npm1"", ""Rpl7a"", ""Rpl23a"", ""Rpl38"", ""Nhp2"", ""Rsl1d1"", ""Gtpbp4"", ""Ddx18"", ""Gm2000"", ""Eif6"", ""Ebna1bp2"", ""Wdr12"", ""Rsl24d1"", ""Nifk"", ""Mak16"", ""Nip7"", ""Gtf3a"", ""Ftsj3"", ""Mrto4"", ""Ppan"", ""Wdr74"", ""Rrp15"", ""Rrs1"", ""Brix1"", ""Nop16"", ""Rpf2"", ""Bop1"", ""Sdad1"", ""Rbm34"")"
"42","GOBP_REGULATION_OF_MRNA_PROCESSING","1.11533113111705e-06","6.19146895612034e-05","0.643551836150722","-0.689747560868363","-2.22244162330124","47","c(""Npm1"", ""Rbm3"", ""Hspa8"", ""Ncl"", ""Srsf3"", ""Hnrnpa2b1"", ""Srsf10"", ""C1qbp"", ""Srsf7"", ""Srsf6"", ""Hnrnpu"", ""Srsf2"", ""Ptbp1"", ""Rbmxl1"", ""Eif4a3"", ""Srsf9"", ""Dazap1"", ""Clns1a"", ""Magoh"", ""Sap18"", ""Rnps1"", ""Rbm8a"", ""Thrap3"", ""Dhx9"", ""U2af2"", ""Srrm1"", ""Larp7"", ""Slirp"", ""Iws1"", ""Zfp36l1"", ""Sf3b4"", ""Prmt5"", ""Prpf19"", ""Leo1"", ""Ccnb1"", ""Mettl16"", ""Rbm15"", ""Srsf4"")"
"43","GOCC_INNER_MITOCHONDRIAL_MEMBRANE_PROTEIN_COMPLEX","1.22700061131604e-07","9.34676006214664e-06","0.690132458796796","-0.638920844659945","-2.21822831876883","72","c(""mt-Nd1"", ""Atp5b"", ""Atp5g2"", ""Atp5h"", ""Atp5e"", ""Atp5g1"", ""Atp5a1"", ""Cox7c"", ""Atp5o"", ""Atp5j2"", ""Atp5g3"", ""Ndufa4"", ""Cox7b"", ""Atp5c1"", ""Atp5d"", ""Cox5b"", ""Ndufab1"", ""Ndufc2"", ""Ndufv2"", ""Uqcr10"", ""Ndufa12"", ""Ndufa10"", ""Uqcr11"", ""Chchd3"", ""Phb2"", ""Ndufa5"", ""Ndufb2"", ""Uqcrq"", ""Ndufc1"", ""Atp5k"", ""Sdhb"", ""Dnajc15"", ""Cox7a2"", ""Cox5a"", ""Romo1"", ""Ndufb4"", ""Phb"", ""Atp5j"", ""Cyc1"", ""Ndufb10"", ""Uqcrfs1"", ""Ndufs6"", ""Dnajc19"", ""Timm17a"", ""Pam16"", ""Timm50"", ""Ndufs8"", ""Ndufa9"", ""Ndufv1"", ""Immt"", ""Cox8a"", ""Sdhc"", 
""Ndufb6"")"
"44","TABULA_MURIS_SENIS_LUNG_NK_CELL_AGEING","1.05733170163639e-06","6.08181510420851e-05","0.643551836150722","-0.671031570660106","-2.20997627512109","50","c(""Rps16"", ""Rpl32"", ""Rps3a1"", ""Rpl23"", ""Rps20"", ""Rps14"", ""Rpl18a"", ""Rps10"", ""Rpl21"", ""Rpl19"", ""Rps19"", ""Rpl18"", ""Rps18"", ""Rplp0"", ""Rpl8"", ""Rpsa"", ""Rpl35"", ""Rps4x"", ""Rpl13"", ""Rpl17"", ""Rps5"", ""Rps3"", ""Rps7"", ""Rpl6"", ""Rps6"", ""Rpl3"", ""Rps12"", ""Rpl4"", ""Rpl14"", ""Rpl29"", ""Rpl10"", ""Rps15"", ""Rpl23a"")"
"45","GOCC_SM_LIKE_PROTEIN_FAMILY_COMPLEX","2.60529866282344e-06","0.000128825162827507","0.627256739718528","-0.655506189235718","-2.18794831864132","52","c(""Snrpe"", ""Snrpg"", ""Snrpf"", ""Snrpd2"", ""Lsm4"", ""Ddx39b"", ""Snrpd3"", ""Snrpd1"", ""Lsm5"", ""Snrpb"", ""Lsm2"", ""Lsm6"", ""Snrpa"", ""Lsm3"", ""Lsm7"", ""Sf3b6"", ""Snrpa1"", ""Clns1a"", ""Sf3a3"", ""Txnl4a"", ""Snrnp40"", ""Phf5a"", ""Snrpb2"", ""Nolc1"", ""Prpf40a"", ""Ppih"", ""Larp7"", ""Htatsf1"", ""Sf3b3"", ""Eftud2"", ""Sf3b4"", ""Luc7l"", ""Prpf31"", ""Snrpc"", ""Sf3a1"", ""Sf3b5"")"
"46","REACTOME_ASSEMBLY_OF_THE_PRE_REPLICATIVE_COMPLEX","5.84009186518443e-07","3.50219126000475e-05","0.659444398037935","-0.655723995707319","-2.18527194827465","56","c(""Rps27a"", ""Psma4"", ""Psma2"", ""Ube2s"", ""Psmb3"", ""Psma6"", ""Psma3"", ""Anapc5"", ""Psma5"", ""Psmc4"", ""Ubb"", ""Psmd7"", ""Psmc5"", ""Psmb4"", ""Psma7"", ""Psmb6"", ""Mcm7"", ""Ube2e1"", ""Psmd12"", ""Psmd3"", ""Psme2"", ""Psmb7"", ""Anapc11"", ""Psmc6"", ""Mcm3"", ""Mcm2"", ""Mcm6"", ""Psmb5"", ""Mcm5"", ""Gmnn"", ""Psmb2"", ""Orc6"", ""Psmc3"", ""Psmd1"", ""Mcm4"", ""Psmc2"", ""Psmd13"", ""Cdc16"", ""Kpnb1"", ""Psmd14"")"
"47","GOMF_RRNA_BINDING","3.3607957856409e-06","0.000160549202064896","0.627256739718528","-0.696372447649284","-2.18524398357167","42","c(""Rpl23"", ""Rpl11"", ""Rpl19"", ""Rps18"", ""Rplp0"", ""Rpl8"", ""Rps4x"", ""Rpl17"", ""Rps5"", ""Rps3"", ""Rpl5"", ""Rpl6"", ""Rpl3"", ""Rpl9"", ""Rpl4"", ""Npm1"", ""Rpl37"", ""Rpl23a"", ""Hmgb1"", ""Ncl"")"
"48","GOBP_REGULATION_OF_MRNA_SPLICING_VIA_SPLICEOSOME","4.03959315702549e-06","0.000188398520002188","0.610526878385931","-0.698217056857944","-2.18080794315447","41","c(""Npm1"", ""Rbm3"", ""Hspa8"", ""Ncl"", ""Srsf3"", ""Hnrnpa2b1"", ""Srsf10"", ""C1qbp"", ""Srsf7"", ""Srsf6"", ""Hnrnpu"", ""Srsf2"", ""Ptbp1"", ""Rbmxl1"", ""Eif4a3"", ""Srsf9"", ""Dazap1"", ""Clns1a"", ""Magoh"", ""Sap18"", ""Rnps1"", ""Rbm8a"", ""Thrap3"", ""U2af2"", ""Srrm1"", ""Larp7"", ""Slirp"", ""Sf3b4"", ""Prmt5"")"
"49","GOMF_UNFOLDED_PROTEIN_BINDING","1.12032966741933e-06","6.19146895612034e-05","0.643551836150722","-0.74874563984751","-2.17317329584908","33","c(""Npm1"", ""Naca"", ""Hsp90ab1"", ""Hspa8"", ""Hspe1"", ""Tomm20"", ""Cct2"", ""Hsp90aa1"", ""Cct4"", ""Cct5"", ""Cct8"", ""Cct3"", ""Tcp1"", ""Srsf10"", ""Cct7"", ""Calr"", ""Nudc"", ""St13"", ""Pfdn1"", ""Hspa9"", ""Ptges3"", ""Nudcd2"", ""Trap1"", ""Pfdn4"", ""Canx"", ""Hsp90b1"")"
"50","MODY_HIPPOCAMPUS_PRENATAL","2.85000738842182e-06","0.000138495617659774","0.627256739718528","-0.758569343481818","-2.15160097292433","28","c(""Rps8"", ""Rpl19"", ""Rps18"", ""Rpl8"", ""Rpl13"", ""Rpl9"", ""Rpl37"", ""Eef1g"", ""Rpl23a"", ""Btf3"", ""Lsm4"", ""Eif2s2"", ""Cdk4"", ""Srsf6"", ""Eif4a3"", ""Pcna"", ""Ccnd2"", ""Cdk2ap1"", ""Snrpb2"")"
"51","REACTOME_RESPIRATORY_ELECTRON_TRANSPORT","8.20545569696541e-06","0.000314870077159342","0.593325476396405","-0.685175810075851","-2.15010849684159","42","c(""mt-Nd1"", ""Cox7c"", ""Ndufa4"", ""Cox7b"", ""Cox5b"", ""Ndufab1"", ""Ndufc2"", ""Ndufv2"", ""Uqcr10"", ""Ndufa12"", ""Ndufa10"", ""Uqcr11"", ""Ndufa5"", ""Ndufb2"", ""Uqcrq"", ""Cycs"", ""Ndufc1"", ""Cox5a"", ""Ndufb4"", ""Cyc1"", ""Ndufb10"", ""Uqcrfs1"", ""Ndufs6"", ""Ndufs8"", ""Ndufa9"", ""Ndufv1"", ""Cox8a"", ""Ndufb6"", ""Ndufaf4"", ""Uqcrb"", ""Cox6a1"", ""Ndufaf2"")"
"52","TABULA_MURIS_SENIS_PANCREAS_PANCREATIC_ALPHA_CELL_AGEING","1.1714048480298e-06","6.41088264887765e-05","0.643551836150722","-0.613118332121221","-2.12912517352087","67","c(""Rps3a1"", ""Eef1a1"", ""Rplp0"", ""Rps4x"", ""Rpl13"", ""Rps3"", ""Rpl6"", ""Eef1b2"", ""Rpl4"", ""Rpl14"", ""Ptma"", ""Tubb5"", ""Eif5a"", ""Slc25a3"", ""Pebp1"", ""Hsp90aa1"", ""H3f3b"", ""Jund"", ""Ube2s"", ""Calm2"", ""Psmc4"", ""Tuba1a"", ""Klf4"", ""Ubb"", ""Tomm40"", ""Tubb4b"", ""Ccnd2"", ""Bsg"", ""Clic1"", ""Ptov1"", ""C1qa"", ""Pcbp1"", ""Mrps12"")"
"53","GOCC_SPLICEOSOMAL_COMPLEX","7.24050010822063e-06","0.000291533565071712","0.610526878385931","-0.550085006626197","-2.12716610256075","92","c(""Hnrnpa1"", ""Snrpe"", ""Snrpg"", ""Rbm3"", ""Hspa8"", ""Snrpf"", ""Hnrnpa3"", ""Ybx1"", ""Ncl"", ""Snrpd2"", ""Lsm4"", ""Pabpc1"", ""Ddx39b"", ""Snrpd3"", ""Hnrnpa2b1"", ""Pnn"", ""Alyref"", ""Snrpd1"", ""Lsm5"", ""Snrpb"", ""U2af1"", ""Hnrnpu"", ""Hnrnpr"", ""Srsf2"", ""Hnrnpm"", ""Lsm2"", ""Lsm6"", ""Syncrip"", ""Bcas2"", ""Rbmxl1"", ""Snrpa"", ""Lsm3"", ""Lsm7"", ""Eif4a3"", ""Rbm17"", ""Sf3b6"", ""Snrpa1"", ""Clns1a"", ""Sf3a3"", ""Txnl4a"", ""Hnrnpc"", ""Magoh"", ""Raly"", ""Snrnp40"", ""Rbm8a"", ""Phf5a"", ""Snrpb2"", ""U2af2"", ""Prpf40a"", ""Ppie"", ""Srrm1"", ""Srek1"", ""Htatsf1"", ""Sf3b3"", 
""Eftud2"", ""Sf3b4"", ""Srsf1"", ""Luc7l"", ""Rbm28"", ""Prpf31"", ""Snrpc"", ""Sf3a1"", ""Snrnp25"", ""Ppil1"", ""Zcchc8"", ""Sf3b5"", ""Smu1"", ""Rheb"", ""Prpf19"")"
"54","ZENG_GU_ICB_CONTROL_METAGENE_21_PRECICTIVE_ICB_RESISTANCE","7.16059504528444e-06","0.000290390462376032","0.610526878385931","-0.532214071740313","-2.12266267311098","97","c(""Rps3a1"", ""Hnrnpa1"", ""Snrpf"", ""Park7"", ""Erh"", ""Cct2"", ""Eef1d"", ""Slc25a3"", ""Cct5"", ""Eif3i"", ""Pa2g4"", ""Npm3"", ""Hspd1"", ""C1qbp"", ""Snrpb"", ""Rnf187"", ""Gtpbp4"", ""Ola1"", ""Tcof1"", ""Dkc1"", ""Eif2s1"", ""Hibadh"", ""Ddx21"", ""Tomm40"", ""Exosc5"", ""Drap1"", ""Pycr2"", ""Ube2n"", ""Nolc1"", ""Srm"", ""Rtcb"", ""Nap1l1"", ""Prps1"", ""Tipin"", ""Sf3b4"", ""Rcc1"", ""Mphosph10"", ""Rrp15"", ""Rrs1"", ""Hars"", ""Nop16"", ""Gcsh"", ""Mettl16"", ""Tsfm"", ""Rars"", ""Trim27"", ""Shmt2"")"
"55","REACTOME_SWITCHING_OF_ORIGINS_TO_A_POST_REPLICATIVE_STATE","9.97564865672895e-06","0.000369952180776191","0.593325476396405","-0.617809649562046","-2.12210566805677","62","c(""Rps27a"", ""Psma4"", ""Psma2"", ""Ube2s"", ""Psmb3"", ""Psma6"", ""Psma3"", ""Anapc5"", ""Psma5"", ""Psmc4"", ""Ubb"", ""Psmd7"", ""Psmc5"", ""Psmb4"", ""Psma7"", ""Psmb6"", ""Mcm7"", ""Ube2e1"", ""Psmd12"", ""Psmd3"", ""Psme2"", ""Psmb7"", ""Anapc11"", ""Psmc6"", ""Mcm3"", ""Mcm2"", ""Mcm6"", ""Psmb5"", ""Mcm5"", ""Gmnn"", ""Psmb2"", ""Orc6"", ""Psmc3"", ""Psmd1"", ""Mcm4"", ""Psmc2"", ""Psmd13"", ""Cdc16"")"
"56","REACTOME_AUF1_HNRNP_D0_BINDS_AND_DESTABILIZES_MRNA","1.24500219990443e-05","0.000441388515777438","0.593325476396405","-0.683382090050274","-2.12195027480379","39","c(""Rps27a"", ""Hspa8"", ""Pabpc1"", ""Psma4"", ""Psma2"", ""Psmb3"", ""Psma6"", ""Psma3"", ""Psma5"", ""Psmc4"", ""Hnrnpd"", ""Ubb"", ""Psmd7"", ""Psmc5"", ""Psmb4"", ""Psma7"", ""Psmb6"", ""Psmd12"", ""Psmd3"", ""Psme2"", ""Psmb7"", ""Psmc6"", ""Psmb5"", ""Psmb2"", ""Psmc3"", ""Psmd1"", ""Psmc2"", ""Eif4g1"", ""Psmd13"")"
"57","REACTOME_ORC1_REMOVAL_FROM_CHROMATIN","8.22272657380937e-06","0.000314870077159342","0.593325476396405","-0.644696725009391","-2.12114452836222","49","c(""Rps27a"", ""Psma4"", ""Psma2"", ""Psmb3"", ""Psma6"", ""Psma3"", ""Psma5"", ""Psmc4"", ""Ubb"", ""Psmd7"", ""Psmc5"", ""Psmb4"", ""Psma7"", ""Psmb6"", ""Mcm7"", ""Psmd12"", ""Psmd3"", ""Psme2"", ""Psmb7"", ""Psmc6"", ""Mcm3"", ""Mcm2"", ""Mcm6"", ""Psmb5"", ""Mcm5"", ""Psmb2"", ""Orc6"", ""Psmc3"", ""Psmd1"", ""Mcm4"", ""Psmc2"", ""Psmd13"")"
"58","TABULA_MURIS_SENIS_PANCREAS_ENDOTHELIAL_CELL_AGEING","1.17958253539829e-05","0.000423522723059882","0.593325476396405","-0.52759986216114","-2.12058859669924","107","c(""Rps16"", ""Rps3a1"", ""Rpl11"", ""Rps14"", ""Rpl18a"", ""Rps10"", ""Rps8"", ""Rpl10a"", ""Rplp0"", ""Rpl8"", ""Rplp2"", ""Rpsa"", ""Rps4x"", ""Rpl13"", ""Rpl22"", ""Rps3"", ""Rps7"", ""Rpl5"", ""Rpl6"", ""Rps6"", ""Rpl36"", ""Rpl3"", ""Rpl9"", ""Rps27a"", ""Rpl4"", ""Rpl14"", ""Rpl39"", ""Ptma"", ""Rps17"", ""Rpl37"", ""Rpl31"", ""Sumo2"", ""Rpl38"", ""Set"", ""Ybx1"", ""Anp32b"", ""Eif5a"", ""Pebp1"", ""Cox7c"", ""Prdx1"", ""H3f3b"", ""Pa2g4"", ""Jund"")"
"59","WP_OXIDATIVE_PHOSPHORYLATION","4.36775061050645e-07","2.89658943428527e-05","0.674962860011025","-0.756683832039401","-2.12027101641491","31","c(""mt-Nd1"", ""Atp5b"", ""Atp5g2"", ""Atp5h"", ""Atp5e"", ""Atp5g1"", ""Atp5a1"", ""Atp5o"", ""Atp5j2"", ""Atp5g3"", ""Atp5d"", ""Ndufc2"", ""Ndufv2"", ""Ndufa10"", ""Ndufa5"", ""Ndufb2"", ""Ndufc1"", ""Atp5j"", ""Ndufb10"", ""Ndufs6"", ""Ndufs8"", ""Ndufa9"", ""Ndufv1"")"
"60","GOMF_TRANSLATION_REGULATOR_ACTIVITY_NUCLEIC_ACID_BINDING","8.57014261683054e-06","0.000324227476047475","0.593325476396405","-0.679165490566305","-2.1177311101182","43","c(""Eef1a1"", ""Eef1b2"", ""Eef1g"", ""Eif4a1"", ""Eif5a"", ""Eef1d"", ""Rps27l"", ""Eif3i"", ""Eif2s2"", ""Eif3a"", ""Eif3l"", ""Eif1ax"", ""Eif5b"", ""Eif2s1"", ""Eif4h"", ""Eif3c"", ""Denr"", ""Eif4e"", ""Eif3b"", ""Eif6"", ""Eif3g"", ""Gspt1"", ""Tyms"", ""Pcbp1"", ""Eif1ad"", ""Eif4g1"", ""Eif1a"", ""Etf1"", ""Mif4gd"", ""Eif2b5"", ""Eif2s3x"", ""Tsfm"", ""Eif2a"", ""Dhfr"", ""Shmt2"", ""Shmt1"", ""Eif2b3"")"
"61","REACTOME_PTEN_REGULATION","1.99401607188886e-05","0.000645992448117099","0.575610261071129","-0.630355309055648","-2.10388003865783","53","c(""Rps27a"", ""Psma4"", ""Rbbp4"", ""Rbbp7"", ""Psma2"", ""Psmb3"", ""Psma6"", ""Psma3"", ""Psma5"", ""Psmc4"", ""Ezh2"", ""Hdac1"", ""Ubb"", ""Psmd7"", ""Mbd3"", ""Psmc5"", ""Psmb4"", ""Psma7"", ""Psmb6"", ""Psmd12"", ""Psmd3"", ""Psme2"", ""Suz12"", ""Psmb7"", ""Psmc6"", ""Mta3"", ""Psmb5"", ""Psmb2"", ""Psmc3"", ""Psmd1"", ""Psmc2"", ""Psmd13"", ""Psmd14"", ""Mta1"", ""Rheb"", ""Psmd6"", ""Stub1"", ""Psmc1"", ""Trim27"", ""Psma1"")"
"62","GOMF_TRANSLATION_FACTOR_ACTIVITY_RNA_BINDING","1.34689558547543e-05","0.000469543658695178","0.593325476396405","-0.71144806985541","-2.0910507903509","34","c(""Eef1a1"", ""Eef1b2"", ""Eef1g"", ""Eif4a1"", ""Eif5a"", ""Eef1d"", ""Eif3i"", ""Eif2s2"", ""Eif3a"", ""Eif3l"", ""Eif1ax"", ""Eif5b"", ""Eif2s1"", ""Eif4h"", ""Eif3c"", ""Denr"", ""Eif4e"", ""Eif3b"", ""Eif6"", ""Eif3g"", ""Gspt1"", ""Eif1ad"", ""Eif4g1"", ""Eif1a"", ""Etf1"", ""Eif2b5"", ""Eif2s3x"", ""Tsfm"", ""Eif2a"")"
"63","GOBP_ATP_SYNTHESIS_COUPLED_ELECTRON_TRANSPORT","3.09492272921224e-05","0.000937961259385452","0.557332238758646","-0.664673995282499","-2.08577299996674","42","c(""mt-Nd1"", ""Park7"", ""Cox7c"", ""Cox7b"", ""Chchd2"", ""Cox5b"", ""Ndufc2"", ""Ndufv2"", ""Uqcr10"", ""Ndufa12"", ""Ndufa10"", ""Uqcr11"", ""Uqcrq"", ""Cycs"", ""Sdhb"", ""Dnajc15"", ""Cox7a2"", ""Cox5a"", ""Cyc1"", ""Uqcrfs1"", ""Ndufs6"", ""Ndufs8"", ""Ndufv1"", ""Cox8a"", ""Sdhc"", ""Ndufb6"", ""Mtch2"", ""Cdk1"", ""Uqcrb"", ""Cox6a1"", ""Ccnb1"", ""Coq7"")"
"64","REACTOME_DNA_REPLICATION_PRE_INITIATION","4.41500775831561e-06","0.000202336575070123","0.610526878385931","-0.606486263631463","-2.08277990295779","71","c(""Rps27a"", ""Psma4"", ""Psma2"", ""Ube2s"", ""Psmb3"", ""Psma6"", ""Psma3"", ""Anapc5"", ""Psma5"", ""Psmc4"", ""Pole4"", ""Ubb"", ""Psmd7"", ""Psmc5"", ""Psmb4"", ""Psma7"", ""Psmb6"", ""Mcm7"", ""Rpa3"", ""Ube2e1"", ""Psmd12"", ""Psmd3"", ""Psme2"", ""Psmb7"", ""Anapc11"", ""Psmc6"", ""Mcm3"", ""Mcm2"", ""Mcm6"", ""Psmb5"", ""Mcm5"", ""Prim1"", ""Gmnn"", ""Psmb2"", ""Dbf4"", ""Orc6"", ""Psmc3"", ""Psmd1"", ""Mcm4"", ""Psmc2"", ""Psmd13"", ""Cdc16"", ""Kpnb1"", ""Psmd14"")"
"65","GOCC_ORGANELLAR_RIBOSOME","1.04446584692987e-05","0.000382315193450888","0.593325476396405","-0.620180223819248","-2.07861806402324","57","c(""Mrpl23"", ""Mrps33"", ""Chchd1"", ""Mrps24"", ""Mrpl12"", ""Mrpl34"", ""Mrpl18"", ""Mrpl42"", ""Mrps14"", ""Gadd45gip1"", ""Mrpl54"", ""Mrpl57"", ""Mrpl11"", ""Mrpl13"", ""Mrpl21"", ""Mrpl15"", ""Mrps34"", ""Mrps5"", ""Mrpl40"", ""Mrpl28"", ""Mrps28"", ""Mrps17"", ""Mrpl36"", ""Mrps18b"", ""Mrps12"", ""Mrps18a"", ""Mrpl27"", ""Mrps7"", ""Mrpl35"", ""Mrps15"", ""Mrpl3"", ""Mrpl49"", ""Mrps11"", ""Mrpl4"", ""Mrpl19"", ""Mrps10"", ""Mrpl38"", ""Mrpl41"", ""Mrpl17"", ""Mrpl46"")"
"66","GOBP_ELECTRON_TRANSPORT_CHAIN","8.20949371974393e-06","0.000314870077159342","0.593325476396405","-0.625023109297052","-2.07476394200795","51","c(""mt-Nd1"", ""Park7"", ""Cox7c"", ""Cox7b"", ""Chchd2"", ""Cox5b"", ""Ndufc2"", ""Ndufv2"", ""Uqcr10"", ""Ndufa12"", ""Ndufa10"", ""Uqcr11"", ""Ndufa5"", ""Uqcrq"", ""Cycs"", ""Sdhb"", ""Dnajc15"", ""Cox7a2"", ""Cox5a"", ""Cyc1"", ""Uqcrfs1"", ""Ndufs6"", ""Ndufs8"", ""Ndufv1"", ""Cox8a"", ""Sdhc"", ""Ndufb6"", ""Mtch2"", ""Cdk1"", ""Uqcrb"", ""Cox6a1"", ""Sod2"", ""Ccnb1"", ""Coq7"")"
"67","REACTOME_MITOCHONDRIAL_BIOGENESIS","2.00444534397097e-06","0.000100884450035396","0.627256739718528","-0.853023526891907","-2.07290936051611","16","c(""Atp5b"", ""Atp5h"", ""Atp5e"", ""Atp5g1"", ""Atp5a1"", ""Atp5o"", ""Atp5j2"", ""Atp5g3"", ""Atp5c1"", ""Atp5d"", ""Idh2"", ""Cycs"", ""Atp5k"", ""Atp5j"")"
"68","GOBP_NUCLEAR_TRANSCRIBED_MRNA_CATABOLIC_PROCESS","1.53801717203303e-05","0.000519149868188635","0.575610261071129","-0.701919788946976","-2.07243142633985","35","c(""Ybx1"", ""Lsm4"", ""Pabpc1"", ""Hnrnpab"", ""Ssb"", ""Hnrnpu"", ""Hnrnpd"", ""Ptbp1"", ""Syncrip"", ""Lsm7"", ""Eif4a3"", ""Caprin1"", ""Exosc5"", ""Magoh"", ""Exosc3"", ""Rnps1"", ""Rbm8a"", ""Thrap3"", ""Gspt1"", ""Dhx9"", ""Exosc8"", ""Exosc7"", ""Dcps"", ""Mrto4"", ""Zfp36l1"")"
"69","REACTOME_MITOCHONDRIAL_TRANSLATION","6.03806981939293e-06","0.000257853027059984","0.610526878385931","-0.616037619715726","-2.06661253556047","59","c(""Mrpl23"", ""Mrps33"", ""Chchd1"", ""Mrps24"", ""Mrpl12"", ""Mrpl34"", ""Mrpl18"", ""Mrpl42"", ""Mrps14"", ""Gadd45gip1"", ""Mrpl54"", ""Mrps36"", ""Mrpl57"", ""Mrpl11"", ""Mrpl13"", ""Mrpl21"", ""Mrpl15"", ""Mrps34"", ""Mrps5"", ""Mrpl40"", ""Mrpl28"", ""Mrps28"", ""Mrps17"", ""Mrpl36"", ""Mrps18b"", ""Mrps12"", ""Mrps18a"", ""Mrpl27"", ""Mrps7"", ""Mrpl35"", ""Mrps15"", ""Mrpl3"", ""Mrpl49"", ""Mrps11"", ""Mrpl4"", ""Mrpl19"", ""Mrps10"", ""Mrpl38"", ""Mrpl41"", ""Mrpl17"", ""Mrpl46"")"
"70","REACTOME_UCH_PROTEINASES","6.60199743654771e-05","0.00172293794212127","0.538434096309916","-0.661392971394867","-2.06455769966444","40","c(""Rps27a"", ""Psma4"", ""Psma2"", ""Psmb3"", ""Psma6"", ""Psma3"", ""Psma5"", ""Psmc4"", ""Ubb"", ""Psmd7"", ""Psmc5"", ""Psmb4"", ""Psma7"", ""Uchl3"", ""Psmb6"", ""Psmd12"", ""Psmd3"", ""Psme2"", ""Actl6a"", ""Psmb7"", ""Psmc6"", ""Psmb5"", ""Ruvbl1"", ""Psmb2"", ""Psmc3"", ""Psmd1"", ""Psmc2"", ""Psmd13"", ""Psmd14"", ""Uchl5"")"
"71","REACTOME_TCF_DEPENDENT_SIGNALING_IN_RESPONSE_TO_WNT","2.34603150239965e-05","0.000738803328437253","0.575610261071129","-0.626298611297815","-2.06265268674004","50","c(""Rps27a"", ""Tcf7"", ""Lef1"", ""Sox4"", ""Psma4"", ""Psma2"", ""Psmb3"", ""Psma6"", ""Psma3"", ""Psma5"", ""Psmc4"", ""Hdac1"", ""Ubb"", ""Psmd7"", ""Psmc5"", ""Psmb4"", ""Psma7"", ""Psmb6"", ""Psmd12"", ""Psmd3"", ""Psme2"", ""Psmb7"", ""Psmc6"", ""Psmb5"", ""Psmb2"", ""Psmc3"", ""Psmd1"", ""Psmc2"", ""Psmd13"", ""Smarca4"", ""Psmd14"", ""Leo1"", ""Psmd6"", ""Psmc1"", ""Sox13"", ""Psma1"")"
"72","GOCC_SPLICEOSOMAL_TRI_SNRNP_COMPLEX","5.50845526866928e-05","0.00148570154782243","0.557332238758646","-0.739837474382906","-2.06244571224609","25","c(""Snrpe"", ""Snrpg"", ""Snrpf"", ""Snrpd2"", ""Lsm4"", ""Snrpd3"", ""Snrpd1"", ""Lsm5"", ""Snrpb"", ""Lsm2"", ""Lsm6"", ""Snrpa"", ""Lsm3"", ""Lsm7"", ""Txnl4a"", ""Snrnp40"", ""Ppih"")"
"73","REACTOME_DEGRADATION_OF_BETA_CATENIN_BY_THE_DESTRUCTION_COMPLEX","8.35811576466144e-05","0.00205741041770291","0.538434096309916","-0.671550564092735","-2.06085727532911","38","c(""Rps27a"", ""Tcf7"", ""Lef1"", ""Psma4"", ""Psma2"", ""Psmb3"", ""Psma6"", ""Psma3"", ""Psma5"", ""Psmc4"", ""Ubb"", ""Psmd7"", ""Psmc5"", ""Psmb4"", ""Psma7"", ""Psmb6"", ""Psmd12"", ""Psmd3"", ""Psme2"", ""Psmb7"", ""Psmc6"", ""Psmb5"", ""Psmb2"", ""Psmc3"", ""Psmd1"", ""Psmc2"", ""Psmd13"", ""Psmd14"")"
"74","GOBP_POSITIVE_REGULATION_OF_MRNA_METABOLIC_PROCESS","3.57675828810307e-05","0.00104467287409518","0.557332238758646","-0.660420118531125","-2.05928047020636","43","c(""Rbm3"", ""Hspa8"", ""Ybx1"", ""Ncl"", ""Pabpc1"", ""Hnrnpu"", ""Hnrnpr"", ""Hnrnpd"", ""Syncrip"", ""Rbmxl1"", ""Eif4a3"", ""Caprin1"", ""Dazap1"", ""Clns1a"", ""Exosc5"", ""Exosc3"", ""Thrap3"", ""Dhx9"", ""Exosc8"", ""Exosc7"", ""Slirp"", ""Dcps"", ""Zfp36l1"", ""Sf3b4"", ""Prmt5"", ""Khsrp"", ""Prpf19"", ""Leo1"", ""Ccnb1"", ""Mettl16"")"
"75","GOMF_TRANSLATION_REGULATOR_ACTIVITY","3.59659509222585e-05","0.00104505188324109","0.557332238758646","-0.620639018118921","-2.05915072361463","54","c(""Eef1a1"", ""Rps14"", ""Eef1b2"", ""Rpl10"", ""Eef1g"", ""Serbp1"", ""Eif4a1"", ""Eif5a"", ""Eef1d"", ""Cnbp"", ""Rps27l"", ""Eif3i"", ""Eif2s2"", ""Eif3a"", ""Eif3l"", ""Eif1ax"", ""Eif5b"", ""Eif2s1"", ""Eif4h"", ""Eif3c"", ""Denr"", ""Eif4e"", ""Eif3b"", ""Eif6"", ""Eif3g"", ""Gspt1"", ""Tyms"", ""Pcbp1"", ""Prkch"", ""Eif1ad"", ""Eif4g1"", ""Eif1a"", ""Etf1"", ""Mif4gd"", ""Eif2b5"", ""Eif2s3x"")"
"76","REACTOME_DECTIN_1_MEDIATED_NONCANONICAL_NF_KB_SIGNALING","9.5616603765528e-05","0.00229357785287779","0.538434096309916","-0.669647001748781","-2.05501561497569","38","c(""Rps27a"", ""Psma4"", ""Psma2"", ""Psmb3"", ""Psma6"", ""Psma3"", ""Psma5"", ""Psmc4"", ""Ubb"", ""Relb"", ""Psmd7"", ""Psmc5"", ""Psmb4"", ""Psma7"", ""Psmb6"", ""Psmd12"", ""Psmd3"", ""Psme2"", ""Psmb7"", ""Psmc6"", ""Ube2m"", ""Psmb5"", ""Psmb2"", ""Psmc3"", ""Psmd1"", ""Psmc2"", ""Psmd13"", ""Psmd14"")"
"77","GOMF_UBIQUITIN_PROTEIN_TRANSFERASE_REGULATOR_ACTIVITY","1.77113338608849e-05","0.000587989601856446","0.575610261071129","-0.835124638121876","-2.04854495805789","17","c(""Rpl23"", ""Rps20"", ""Rpl11"", ""Rps7"", ""Rpl5"", ""Rps15"", ""Rpl37"")"
"78","GOBP_AEROBIC_ELECTRON_TRANSPORT_CHAIN","3.76681078702982e-05","0.00107784326936483","0.557332238758646","-0.696191079884424","-2.04620824696795","34","c(""mt-Nd1"", ""Park7"", ""Cox7c"", ""Cox7b"", ""Cox5b"", ""Ndufc2"", ""Ndufv2"", ""Uqcr10"", ""Ndufa10"", ""Uqcr11"", ""Uqcrq"", ""Cycs"", ""Sdhb"", ""Dnajc15"", ""Cox7a2"", ""Cox5a"", ""Cyc1"", ""Uqcrfs1"", ""Ndufs6"", ""Ndufs8"", ""Ndufv1"", ""Cox8a"", ""Sdhc"", ""Ndufb6"", ""Uqcrb"", ""Cox6a1"")"
"79","REACTOME_ACTIVATION_OF_APC_C_AND_APC_C_CDC20_MEDIATED_DEGRADATION_OF_MITOTIC_PROTEINS","1.67519712821311e-05","0.000562088464984362","0.575610261071129","-0.615761525282044","-2.04402011786067","51","c(""Rps27a"", ""Psma4"", ""Psma2"", ""Ube2s"", ""Psmb3"", ""Psma6"", ""Psma3"", ""Anapc5"", ""Psma5"", ""Psmc4"", ""Ubb"", ""Psmd7"", ""Psmc5"", ""Psmb4"", ""Psma7"", ""Psmb6"", ""Ube2e1"", ""Psmd12"", ""Psmd3"", ""Psme2"", ""Psmb7"", ""Anapc11"", ""Psmc6"", ""Psmb5"", ""Psmb2"", ""Psmc3"", ""Psmd1"", ""Psmc2"", ""Psmd13"", ""Cdc16"", ""Psmd14"", ""Bub3"", ""Cdk1"", ""Ccnb1"", ""Psmd6"", ""Ccna2"", ""Bub1b"", ""Psmc1"", ""Plk1"", ""Psma1"", ""Ube2c"")"
"80","GOCC_PROTON_TRANSPORTING_TWO_SECTOR_ATPASE_COMPLEX","4.72655661484768e-06","0.000213148797103171","0.610526878385931","-0.840440324157763","-2.04233126048654","16","c(""Atp5b"", ""Atp5g2"", ""Atp5h"", ""Atp5e"", ""Atp5g1"", ""Atp5a1"", ""Atp5o"", ""Atp5j2"", ""Atp5g3"", ""Atp5c1"", ""Atp5d"", ""Atp5k"", ""Atp5j"")"
"81","REACTOME_REGULATION_OF_MRNA_STABILITY_BY_PROTEINS_THAT_BIND_AU_RICH_ELEMENTS","3.35385701537665e-05","0.000995036420825166","0.557332238758646","-0.609405892251089","-2.04231779639496","55","c(""Rps27a"", ""Hspa8"", ""Set"", ""Pabpc1"", ""Anp32a"", ""Psma4"", ""Psma2"", ""Psmb3"", ""Psma6"", ""Psma3"", ""Psma5"", ""Psmc4"", ""Hnrnpd"", ""Ubb"", ""Psmd7"", ""Psmc5"", ""Psmb4"", ""Psma7"", ""Psmb6"", ""Psmd12"", ""Psmd3"", ""Psme2"", ""Exosc5"", ""Exosc3"", ""Psmb7"", ""Psmc6"", ""Exosc8"", ""Exosc7"", ""Psmb5"", ""Psmb2"", ""Psmc3"", ""Psmd1"", ""Zfp36l1"", ""Psmc2"", ""Eif4g1"", ""Psmd13"")"
"82","REACTOME_KEAP1_NFE2L2_PATHWAY","0.000119687563699458","0.00269871518629539","0.538434096309916","-0.664530510228493","-2.03931410367104","38","c(""Rps27a"", ""Prdx1"", ""Psma4"", ""Psma2"", ""Psmb3"", ""Psma6"", ""Psma3"", ""Psma5"", ""Psmc4"", ""Ubb"", ""Psmd7"", ""Psmc5"", ""Psmb4"", ""Psma7"", ""Psmb6"", ""Psmd12"", ""Psmd3"", ""Psme2"", ""Psmb7"", ""Psmc6"", ""Psmb5"", ""Psmb2"", ""Psmc3"", ""Psmd1"", ""Psmc2"", ""Psmd13"", ""Psmd14"")"
"83","REACTOME_NUCLEAR_EVENTS_MEDIATED_BY_NFE2L2","3.20466053241706e-05","0.000960886777725264","0.557332238758646","-0.689064452043832","-2.03447580147532","35","c(""Rps27a"", ""Prdx1"", ""Psma4"", ""Psma2"", ""Psmb3"", ""Psma6"", ""Psma3"", ""Psma5"", ""Psmc4"", ""Ubb"", ""Psmd7"", ""Psmc5"", ""Psmb4"", ""Psma7"", ""Psmb6"", ""Psmd12"", ""Psmd3"", ""Psme2"", ""Psmb7"", ""Psmc6"", ""Psmb5"", ""Psmb2"", ""Psmc3"", ""Psmd1"", ""Psmc2"", ""Psmd13"", ""Psmd14"")"
"84","GOMF_PROTEIN_FOLDING_CHAPERONE","6.06808767652292e-05","0.00162112844704074","0.557332238758646","-0.716877310873994","-2.03334597264915","28","c(""Hsp90ab1"", ""Hspa8"", ""Hspe1"", ""Cct2"", ""Cd74"", ""Hsp90aa1"", ""Anp32e"", ""Cct4"", ""Cct5"", ""Cct8"", ""Cct3"", ""Hspd1"", ""Tcp1"", ""Cct7"", ""Pfdn1"", ""Hspa14"", ""Hspa9"", ""Wdr83os"", ""Trap1"", ""Hsp90b1"", ""Khsrp"")"
"85","REACTOME_APC_C_MEDIATED_DEGRADATION_OF_CELL_CYCLE_PROTEINS","2.24400907424656e-05","0.000714659839069372","0.575610261071129","-0.602530216966324","-2.02682943982143","58","c(""Rps27a"", ""Psma4"", ""Psma2"", ""Ube2s"", ""Psmb3"", ""Psma6"", ""Psma3"", ""Anapc5"", ""Psma5"", ""Psmc4"", ""Ubb"", ""Psmd7"", ""Psmc5"", ""Psmb4"", ""Psma7"", ""Psmb6"", ""Ube2e1"", ""Psmd12"", ""Psmd3"", ""Psme2"", ""Psmb7"", ""Anapc11"", ""Psmc6"", ""Psmb5"", ""Psmb2"", ""Psmc3"", ""Psmd1"", ""Fbxo5"", ""Psmc2"", ""Psmd13"", ""Cdc16"", ""Psmd14"", ""Bub3"", ""Cdk1"", ""Aurkb"", ""Ccnb1"", ""Psmd6"", ""Ccna2"", ""Bub1b"", ""Psmc1"", ""Plk1"", ""Psma1"", ""Ube2c"")"
"86","REACTOME_MRNA_SPLICING_MINOR_PATHWAY","0.000155703996072179","0.00326283801434525","0.518848077743792","-0.669353686565396","-2.02506557615671","36","c(""Snrpe"", ""Snrpg"", ""Snrpf"", ""Ybx1"", ""Snrpd2"", ""Snrpd3"", ""Snrpd1"", ""Snrpb"", ""Srsf7"", ""Srsf2"", ""Polr2f"", ""Polr2e"", ""Sf3b6"", ""Polr2h"", ""Txnl4a"", ""Snrnp40"", ""Polr2k"", ""Polr2d"", ""Sf3b3"", ""Eftud2"", ""Sf3b4"", ""Srsf1"", ""Polr2i"", ""Snrnp25"", ""Sf3b5"")"
"87","REACTOME_HEDGEHOG_ON_STATE","0.000155703996072179","0.00326283801434525","0.518848077743792","-0.669323757149118","-2.02497502756957","36","c(""Rps27a"", ""Psma4"", ""Psma2"", ""Psmb3"", ""Psma6"", ""Psma3"", ""Psma5"", ""Psmc4"", ""Ubb"", ""Psmd7"", ""Psmc5"", ""Psmb4"", ""Psma7"", ""Psmb6"", ""Psmd12"", ""Psmd3"", ""Psme2"", ""Psmb7"", ""Psmc6"", ""Psmb5"", ""Smo"", ""Psmb2"", ""Psmc3"", ""Psmd1"", ""Psmc2"", ""Psmd13"", ""Psmd14"")"
"88","REACTOME_HEDGEHOG_OFF_STATE","0.000100011886635558","0.00234664465487993","0.538434096309916","-0.606604304614782","-2.02460845416674","53","c(""Rps27a"", ""Tuba1b"", ""Psma4"", ""Psma2"", ""Psmb3"", ""Psma6"", ""Psma3"", ""Psma5"", ""Psmc4"", ""Tuba1a"", ""Tubb6"", ""Ubb"", ""Psmd7"", ""Psmc5"", ""Psmb4"", ""Psma7"", ""Psmb6"", ""Psmd12"", ""Psmd3"", ""Psme2"", ""Tubb4b"", ""Psmb7"", ""Psmc6"", ""Psmb5"", ""Smo"", ""Psmb2"", ""Tubb2a"", ""Tubb2b"", ""Psmc3"", ""Psmd1"", ""Psmc2"", ""Psmd13"")"
"89","REACTOME_RNA_POLYMERASE_II_TRANSCRIPTION_TERMINATION","2.7009488916547e-05","0.000836552137486677","0.575610261071129","-0.716328531392024","-2.02248412893418","29","c(""Snrpe"", ""Snrpg"", ""Snrpf"", ""Srsf3"", ""Ddx39b"", ""Snrpd3"", ""Alyref"", ""Snrpb"", ""U2af1"", ""Srsf7"", ""Srsf2"", ""Nudt21"", ""Eif4a3"", ""Thoc7"", ""Srsf9"", ""Magoh"", ""Rnps1"", ""Rbm8a"", ""U2af2"", ""Srrm1"", ""Cstf2"", ""Srsf1"")"
"90","GOCC_NADH_DEHYDROGENASE_COMPLEX","0.00014115560847841","0.00300261949053886","0.518848077743792","-0.745252296120789","-2.02033553749059","23","c(""mt-Nd1"", ""Ndufa4"", ""Ndufab1"", ""Ndufc2"", ""Ndufv2"", ""Ndufa12"", ""Ndufa10"", ""Ndufa5"", ""Ndufb2"", ""Ndufc1"", ""Ndufb4"", ""Ndufb10"", ""Ndufs6"", ""Ndufs8"", ""Ndufa9"", ""Ndufv1"", ""Ndufb6"")"
"91","REACTOME_REGULATION_OF_RAS_BY_GAPS","0.000159924549045767","0.00331431868739334","0.518848077743792","-0.657413425621885","-2.01747316365117","38","c(""Rps27a"", ""Psma4"", ""Psma2"", ""Psmb3"", ""Psma6"", ""Psma3"", ""Psma5"", ""Psmc4"", ""Ubb"", ""Psmd7"", ""Psmc5"", ""Psmb4"", ""Psma7"", ""Psmb6"", ""Psmd12"", ""Psmd3"", ""Psme2"", ""Psmb7"", ""Psmc6"", ""Psmb5"", ""Psmb2"", ""Psmc3"", ""Psmd1"", ""Psmc2"", ""Psmd13"", ""Psmd14"", ""Hras"")"
"92","GOMF_MRNA_5_UTR_BINDING","9.88233045002084e-06","0.000368918521501771","0.593325476396405","-0.829355651074749","-2.01539469676037","16","c(""Rps3a1"", ""Rps14"", ""Rpl26"", ""Rps7"", ""Rpl5"", ""Ncl"", ""Cct5"", ""Rsl1d1"", ""Syncrip"")"
"93","REACTOME_TRANSCRIPTIONAL_REGULATION_BY_RUNX2","9.68587676501065e-05","0.00230376739765253","0.538434096309916","-0.628330245284549","-2.01158465173653","45","c(""Rps27a"", ""Psma4"", ""Cdk4"", ""Psma2"", ""Psmb3"", ""Psma6"", ""Psma3"", ""Psma5"", ""Psmc4"", ""Ubb"", ""Psmd7"", ""Psmc5"", ""Psmb4"", ""Psma7"", ""Psmb6"", ""Psmd12"", ""Psmd3"", ""Psme2"", ""Psmb7"", ""Psmc6"", ""Psmb5"", ""Psmb2"", ""Ccnd1"", ""Psmc3"", ""Psmd1"", ""Psmc2"", ""Psmd13"", ""Psmd14"", ""Cdk1"", ""Ccnb1"", ""Psmd6"", ""Stub1"", ""Psmc1"", ""Psma1"")"
"94","REACTOME_G1_S_TRANSITION","2.75468869826696e-05","0.000848534436728462","0.575610261071129","-0.562616074181371","-2.01001135530053","73","c(""Rps27a"", ""Psma4"", ""Cdk4"", ""Psma2"", ""Psmb3"", ""Psma6"", ""Psma3"", ""Psma5"", ""Psmc4"", ""Pole4"", ""Ubb"", ""Psmd7"", ""Psmc5"", ""Psmb4"", ""Psma7"", ""Psmb6"", ""Mcm7"", ""Rpa3"", ""Psmd12"", ""Psmd3"", ""Psme2"", ""Cks1b"", ""Psmb7"", ""Psmc6"", ""Mcm3"", ""Mcm2"", ""Mcm6"", ""Psmb5"", ""Mcm5"", ""Prim1"", ""Gmnn"", ""Psmb2"", ""Dbf4"", ""Ccnd1"", ""Orc6"", ""Psmc3"", ""Psmd1"", ""Mcm4"", ""Psmc2"", ""Psmd13"")"
"95","GOBP_MITOCHONDRIAL_GENE_EXPRESSION","2.26767739890626e-05","0.000718140308855875","0.575610261071129","-0.553129004414422","-2.0092730709099","78","c(""C1qbp"", ""Mrpl23"", ""Mrps33"", ""Uqcc2"", ""Chchd1"", ""Mrps24"", ""Mrpl12"", ""Mrpl34"", ""Mrpl18"", ""Mrpl42"", ""Mrps14"", ""Gadd45gip1"", ""Mrpl54"", ""Mrpl57"", ""Mrpl11"", ""Mrpl13"", ""Mrpl21"", ""Mrpl15"", ""Mrps34"", ""Mrps5"", ""Tfam"", ""Mrpl40"", ""Mrpl28"", ""Mrps28"", ""Mrps17"", ""Mrpl36"", ""Mrps18b"", ""Mrps12"", ""Mrps18a"", ""Mrpl27"", ""Mrps7"", ""Mrpl35"", ""Mrps15"", ""Mrpl3"", ""Mrpl49"", ""Mrps11"", ""Mrpl4"", ""Mrpl19"", ""Mrps10"", ""Mrpl38"", ""Mrpl41"", ""Mrpl17"", ""Hars"", ""Mrpl46"", ""Gars"", ""Mrps6"", ""Tsfm"", ""Shmt2"", ""Mrpl2"", ""Mrpl45"", ""Cdk5rap1"", 
""Chchd10"", ""Mrpl16"", ""Mrps25"", ""Mrps22"", ""Mrpl20"")"
"96","GOCC_PRECATALYTIC_SPLICEOSOME","6.44097119903475e-05","0.00169662404901677","0.538434096309916","-0.679965035712194","-2.00760960299511","35","c(""Snrpe"", ""Snrpg"", ""Snrpf"", ""Snrpd2"", ""Lsm4"", ""Snrpd3"", ""Snrpd1"", ""Lsm5"", ""Snrpb"", ""Lsm2"", ""Lsm6"", ""Lsm3"", ""Lsm7"", ""Sf3b6"", ""Snrpa1"", ""Sf3a3"", ""Txnl4a"", ""Phf5a"", ""Snrpb2"", ""Sf3b3"", ""Eftud2"", ""Sf3b4"", ""Prpf31"", ""Sf3a1"", ""Sf3b5"", ""Smu1"")"
"97","REACTOME_REGULATION_OF_RUNX3_EXPRESSION_AND_ACTIVITY","6.5549677395353e-05","0.00171862107664002","0.538434096309916","-0.679829481780371","-2.00720937745268","35","c(""Rps27a"", ""Psma4"", ""Psma2"", ""Psmb3"", ""Psma6"", ""Psma3"", ""Psma5"", ""Psmc4"", ""Ubb"", ""Psmd7"", ""Psmc5"", ""Psmb4"", ""Psma7"", ""Psmb6"", ""Psmd12"", ""Psmd3"", ""Psme2"", ""Psmb7"", ""Runx3"", ""Psmc6"", ""Psmb5"", ""Psmb2"", ""Psmc3"", ""Psmd1"", ""Psmc2"", ""Psmd13"", ""Psmd14"")"
"98","GOMF_ATP_DEPENDENT_PROTEIN_FOLDING_CHAPERONE","9.74678849283103e-05","0.00230851456865918","0.538434096309916","-0.778737242317447","-2.00581744133764","19","c(""Hsp90ab1"", ""Hspa8"", ""Cct2"", ""Hsp90aa1"", ""Cct4"", ""Cct5"", ""Cct8"", ""Cct3"", ""Hspd1"", ""Tcp1"", ""Cct7"")"
"99","REACTOME_S_PHASE","1.20435439247578e-05","0.000429680108252275","0.593325476396405","-0.503480037971613","-2.00521898196589","105","c(""Rps27a"", ""Psma4"", ""Cdk4"", ""Psma2"", ""Ube2s"", ""Smc3"", ""Psmb3"", ""Psma6"", ""Psma3"", ""Anapc5"", ""Psma5"", ""Psmc4"", ""Pole4"", ""Ubb"", ""Psmd7"", ""Psmc5"", ""Psmb4"", ""Psma7"", ""Psmb6"", ""Mcm7"", ""Rpa3"", ""Ube2e1"", ""Psmd12"", ""Psmd3"", ""Psme2"", ""Cks1b"", ""Pcna"", ""Psmb7"", ""Anapc11"", ""Psmc6"", ""Mcm3"", ""Mcm2"", ""Mcm6"", ""Psmb5"", ""Mcm5"", ""Prim1"", ""Gmnn"", ""Smc1a"", ""Psmb2"", ""Ccnd1"", ""Orc6"", ""Psmc3"", ""Psmd1"", ""Mcm4"", ""Lig1"", ""Psmc2"", ""Psmd13"", ""Cdc16"", ""Psmd14"", ""Pold2"", ""Pds5b"", ""Psmd6"", ""Ccna2"", ""Pola1"", ""Psmc1"", ""Psma1"", ""Ube2c"", 
""Gins1"", ""Rfc1"", ""Ccne1"", ""Orc2"", ""Ccnh"", ""Psmb11"", ""Rpa1"", ""Esco2"", ""Rad21"", ""Rfc5"", ""Pole2"", ""Cdc27"", ""Anapc15"", ""Fen1"", ""Gins4"", ""Cdt1"", ""Prim2"", ""Pds5a"", ""Pole3"")"
"100","REACTOME_DNA_REPLICATION","3.26707532797596e-05","0.000974418181153465","0.557332238758646","-0.520746367086126","-2.00259639635878","93","c(""Rps27a"", ""Psma4"", ""Psma2"", ""Ube2s"", ""Psmb3"", ""Psma6"", ""Psma3"", ""Anapc5"", ""Psma5"", ""Psmc4"", ""Pole4"", ""Ubb"", ""Psmd7"", ""Psmc5"", ""Psmb4"", ""Psma7"", ""Psmb6"", ""Mcm7"", ""Rpa3"", ""Ube2e1"", ""Psmd12"", ""Psmd3"", ""Psme2"", ""Pcna"", ""Psmb7"", ""Anapc11"", ""Psmc6"", ""Mcm3"", ""Mcm2"", ""Mcm6"", ""Psmb5"", ""Mcm5"", ""Prim1"", ""Gmnn"", ""Psmb2"", ""Dbf4"", ""Orc6"", ""Psmc3"", ""Psmd1"", ""Mcm4"", ""Lig1"", ""Psmc2"", ""Psmd13"", ""Cdc16"", ""Kpnb1"", ""Psmd14"", ""Pold2"", ""Psmd6"", ""Ccna2"", ""Pola1"", ""Psmc1"", ""Psma1"", ""Ube2c"", ""Gins1"", ""Rfc1"", ""Ccne1"", ""Orc2""
)"
"101","DESCARTES_ORGANOGENESIS_STROMAL_CELLS","8.84738651420721e-05","0.00215899211171368","0.538434096309916","-0.618087863999915","-1.99823116132626","48","c(""Rps4x"", ""Rpl36"", ""Rpl9"", ""Rps28"", ""Erh"", ""Tomm20"", ""Srsf3"", ""Rbbp4"", ""Psma3"", ""Snrpa"", ""Lsm3"", ""Ddx18"", ""Uba2"", ""Fscn1"", ""Ppa1"", ""Cops4"", ""Timm17a"", ""Asf1a"", ""Rtcb"", ""Prpf40a"", ""Prps1"", ""Msh2"")"
"102","REACTOME_SIGNALING_BY_HEDGEHOG","7.81457332250175e-05","0.00195781110306411","0.538434096309916","-0.596137041673235","-1.99784955278682","55","c(""Rps27a"", ""Tuba1b"", ""Psma4"", ""Psma2"", ""Psmb3"", ""Psma6"", ""Psma3"", ""Psma5"", ""Psmc4"", ""Tuba1a"", ""Tubb6"", ""Ubb"", ""Psmd7"", ""Psmc5"", ""Psmb4"", ""Psma7"", ""Psmb6"", ""Psmd12"", ""Psmd3"", ""Psme2"", ""Tubb4b"", ""Psmb7"", ""Psmc6"", ""Psmb5"", ""Smo"", ""Psmb2"", ""Tubb2a"", ""Tubb2b"", ""Psmc3"", ""Psmd1"", ""Psmc2"", ""Psmd13"")"
"103","REACTOME_CDK_MEDIATED_PHOSPHORYLATION_AND_REMOVAL_OF_CDC6","9.04509144117233e-05","0.00219772329542622","0.538434096309916","-0.617574488013649","-1.99657145571969","48","c(""Rps27a"", ""Psma4"", ""Psma2"", ""Ube2s"", ""Psmb3"", ""Psma6"", ""Psma3"", ""Anapc5"", ""Psma5"", ""Psmc4"", ""Ubb"", ""Psmd7"", ""Psmc5"", ""Psmb4"", ""Psma7"", ""Psmb6"", ""Ube2e1"", ""Psmd12"", ""Psmd3"", ""Psme2"", ""Psmb7"", ""Anapc11"", ""Psmc6"", ""Psmb5"", ""Psmb2"", ""Psmc3"", ""Psmd1"", ""Psmc2"", ""Psmd13"", ""Cdc16"")"
"104","GOCC_PROTEASOME_COMPLEX","0.000268592242694929","0.00504684824023772","0.49849310876659","-0.659485140754538","-1.99520923442079","36","c(""Psma4"", ""Psma2"", ""Psmb3"", ""Psma6"", ""Psma3"", ""Psma5"", ""Psmc4"", ""Psmd7"", ""Psmc5"", ""Psmb4"", ""Psma7"", ""Psmb6"", ""Psmd12"", ""Psmd3"", ""Psmb7"", ""Psmc6"", ""Psmb5"", ""Psmb2"", ""Psmc3"", ""Psmd1"", ""Psmc2"", ""Usp14"", ""Psmd13"", ""Psmd14"", ""Uchl5"", ""Txnl1"", ""Psmd6"", ""Psmc1"", ""Psma1"")"
"105","REACTOME_UBIQUITIN_MEDIATED_DEGRADATION_OF_PHOSPHORYLATED_CDC25A","0.000268592242694929","0.00504684824023772","0.49849310876659","-0.659334582531234","-1.99475373491233","36","c(""Rps27a"", ""Psma4"", ""Psma2"", ""Psmb3"", ""Psma6"", ""Psma3"", ""Psma5"", ""Psmc4"", ""Ubb"", ""Psmd7"", ""Psmc5"", ""Psmb4"", ""Psma7"", ""Psmb6"", ""Psmd12"", ""Psmd3"", ""Psme2"", ""Psmb7"", ""Psmc6"", ""Psmb5"", ""Psmb2"", ""Psmc3"", ""Psmd1"", ""Psmc2"", ""Psmd13"", ""Psmd14"")"
"106","GOBP_RIBOSOMAL_LARGE_SUBUNIT_ASSEMBLY","6.95752308705954e-05","0.00179084738090204","0.538434096309916","-0.791803331198989","-1.99339547465436","18","c(""Rpl11"", ""Rplp0"", ""Rpl5"", ""Rpl6"", ""Rpl10"", ""Rpl23a"", ""Rpl38"")"
"107","WP_PROTEASOME_DEGRADATION","1.09606500878271e-05","0.000396058875288983","0.593325476396405","-0.710932792246778","-1.99207400792102","31","c(""Psma4"", ""Psma2"", ""Psma6"", ""Psma3"", ""Psma5"", ""Psmc4"", ""Ubb"", ""Psmd7"", ""Psmc5"", ""Psmb4"", ""Psma7"", ""Psmb6"", ""Psmd12"", ""Psmd3"", ""Psme2"", ""Psmb7"", ""Rpn2"", ""Psmc6"", ""Psmb5"", ""Psmb2"", ""Psmc3"", ""Psmc2"", ""Psmd13"")"
"108","REACTOME_GLI3_IS_PROCESSED_TO_GLI3R_BY_THE_PROTEASOME","0.000113842175201002","0.00260865179515468","0.538434096309916","-0.676228121486804","-1.98753416841775","34","c(""Rps27a"", ""Psma4"", ""Psma2"", ""Psmb3"", ""Psma6"", ""Psma3"", ""Psma5"", ""Psmc4"", ""Ubb"", ""Psmd7"", ""Psmc5"", ""Psmb4"", ""Psma7"", ""Psmb6"", ""Psmd12"", ""Psmd3"", ""Psme2"", ""Psmb7"", ""Psmc6"", ""Psmb5"", ""Psmb2"", ""Psmc3"", ""Psmd1"", ""Psmc2"", ""Psmd13"", ""Psmd14"")"
"109","GOBP_POSITIVE_REGULATION_OF_SIGNAL_TRANSDUCTION_BY_P53_CLASS_MEDIATOR","9.26221647880014e-05","0.00224082035583675","0.538434096309916","-0.809971206149893","-1.98684406469191","17","c(""Rpl23"", ""Rps20"", ""Rpl11"", ""Rpl26"", ""Rps7"", ""Rps15"", ""Rpl37"")"
"110","REACTOME_ASYMMETRIC_LOCALIZATION_OF_PCP_PROTEINS","0.000127367559738912","0.00281207349863186","0.518848077743792","-0.674088169882792","-1.98124453508753","34","c(""Rps27a"", ""Psma4"", ""Psma2"", ""Psmb3"", ""Psma6"", ""Psma3"", ""Psma5"", ""Psmc4"", ""Ubb"", ""Psmd7"", ""Psmc5"", ""Psmb4"", ""Psma7"", ""Psmb6"", ""Psmd12"", ""Psmd3"", ""Psme2"", ""Psmb7"", ""Psmc6"", ""Psmb5"", ""Psmb2"", ""Psmc3"", ""Psmd1"", ""Psmc2"", ""Psmd13"", ""Psmd14"")"
"111","REACTOME_DEGRADATION_OF_AXIN","0.000127367559738912","0.00281207349863186","0.518848077743792","-0.674088169882792","-1.98124453508753","34","c(""Rps27a"", ""Psma4"", ""Psma2"", ""Psmb3"", ""Psma6"", ""Psma3"", ""Psma5"", ""Psmc4"", ""Ubb"", ""Psmd7"", ""Psmc5"", ""Psmb4"", ""Psma7"", ""Psmb6"", ""Psmd12"", ""Psmd3"", ""Psme2"", ""Psmb7"", ""Psmc6"", ""Psmb5"", ""Psmb2"", ""Psmc3"", ""Psmd1"", ""Psmc2"", ""Psmd13"", ""Psmd14"")"
"112","IRITANI_MAD1_TARGETS_DN","0.000134130266941611","0.00287487572148236","0.518848077743792","-0.673727209264891","-1.98018361860279","34","c(""Rpl10a"", ""Rpl18"", ""Rpsa"", ""Rpl13"", ""Rpl22"", ""Npm1"", ""Eef1g"", ""Dut"", ""C1qbp"", ""Fbl"", ""Ppa1"", ""Srm"", ""Mcm6"", ""Hspa9"", ""Apex1"", ""Mrps18b"", ""Ass1"", ""Dctpp1"", ""Slc16a1"", ""Wdr74"", ""Eif1a"", ""Cdk1"")"
"113","REACTOME_G2_M_CHECKPOINTS","4.11934602257715e-05","0.00116103767646337","0.557332238758646","-0.521440321648537","-1.97806515954071","89","c(""Rps27a"", ""Psma4"", ""Ywhae"", ""Psma2"", ""Psmb3"", ""Psma6"", ""Psma3"", ""Psma5"", ""Psmc4"", ""Ywhaq"", ""Ubb"", ""Psmd7"", ""Psmc5"", ""Psmb4"", ""Psma7"", ""Psmb6"", ""Mcm7"", ""Rpa3"", ""Psmd12"", ""Psmd3"", ""Psme2"", ""Psmb7"", ""Psmc6"", ""Ube2n"", ""Mcm3"", ""Mcm2"", ""Mcm6"", ""Psmb5"", ""Mcm5"", ""Psmb2"", ""Dbf4"", ""Rad50"", ""Orc6"", ""Psmc3"", ""Psmd1"", ""Mcm4"", ""Psmc2"", ""Psmd13"", ""Rhno1"", ""Psmd14"", ""Cdk1"", ""Clspn"", ""Brcc3"", ""Ccnb1"", ""Psmd6"", ""Babam1"", ""Rmi2"", ""Psmc1"", ""Topbp1"", ""Psma1"", ""Rnf168"")"
"114","REACTOME_REGULATION_OF_PTEN_STABILITY_AND_ACTIVITY","0.000257324249658602","0.00491302134095474","0.49849310876659","-0.650565813228932","-1.97801779876735","37","c(""Rps27a"", ""Psma4"", ""Psma2"", ""Psmb3"", ""Psma6"", ""Psma3"", ""Psma5"", ""Psmc4"", ""Ubb"", ""Psmd7"", ""Psmc5"", ""Psmb4"", ""Psma7"", ""Psmb6"", ""Psmd12"", ""Psmd3"", ""Psme2"", ""Psmb7"", ""Psmc6"", ""Psmb5"", ""Psmb2"", ""Psmc3"", ""Psmd1"", ""Psmc2"", ""Psmd13"", ""Psmd14"", ""Psmd6"", ""Stub1"", ""Psmc1"", ""Trim27"", ""Psma1"")"
"115","REACTOME_APC_C_CDH1_MEDIATED_DEGRADATION_OF_CDC20_AND_OTHER_APC_C_CDH1_TARGETED_PROTEINS_IN_LATE_MITOSIS_EARLY_G1","0.000130138126253575","0.002843366735238","0.518848077743792","-0.611047325494812","-1.97546963460355","48","c(""Rps27a"", ""Psma4"", ""Psma2"", ""Ube2s"", ""Psmb3"", ""Psma6"", ""Psma3"", ""Anapc5"", ""Psma5"", ""Psmc4"", ""Ubb"", ""Psmd7"", ""Psmc5"", ""Psmb4"", ""Psma7"", ""Psmb6"", ""Ube2e1"", ""Psmd12"", ""Psmd3"", ""Psme2"", ""Psmb7"", ""Anapc11"", ""Psmc6"", ""Psmb5"", ""Psmb2"", ""Psmc3"", ""Psmd1"", ""Psmc2"", ""Psmd13"", ""Cdc16"", ""Psmd14"", ""Aurkb"", ""Psmd6"", ""Psmc1"", ""Plk1"", ""Psma1"", ""Ube2c"")"
"116","GOCC_SWI_SNF_SUPERFAMILY_TYPE_COMPLEX","6.64023796855236e-05","0.0017249318630751","0.538434096309916","-0.691071357918556","-1.97520152606794","32","c(""Anp32e"", ""Rbbp4"", ""Rbbp7"", ""Hdac1"", ""Smarca5"", ""Mbd3"", ""Smarcc1"", ""0610010K14Rik"", ""Dek"", ""Hdac2"", ""Ddx21"", ""Actl6a"", ""Suz12"", ""Cfdp1"", ""Cdk2ap1"", ""Mta3"", ""Ruvbl1"", ""Smarcb1"", ""Bcl7c"", ""Bcl7a"", ""Smarca4"", ""Mta1"", ""Uchl5"", ""Baz1b"")"
"117","GOBP_MITOCHONDRIAL_TRANSLATION","3.39426257061151e-05","0.00100175173353597","0.557332238758646","-0.572661968654156","-1.96662135818115","71","c(""C1qbp"", ""Mrpl23"", ""Mrps33"", ""Uqcc2"", ""Chchd1"", ""Mrps24"", ""Mrpl12"", ""Mrpl34"", ""Mrpl18"", ""Mrpl42"", ""Mrps14"", ""Gadd45gip1"", ""Mrpl54"", ""Mrpl57"", ""Mrpl11"", ""Mrpl13"", ""Mrpl21"", ""Mrpl15"", ""Mrps34"", ""Mrps5"", ""Mrpl40"", ""Mrpl28"", ""Mrps28"", ""Mrps17"", ""Mrpl36"", ""Mrps18b"", ""Mrps12"", ""Mrps18a"", ""Mrpl27"", ""Mrps7"", ""Mrpl35"", ""Mrps15"", ""Mrpl3"", ""Mrpl49"", ""Mrps11"", ""Mrpl4"", ""Mrpl19"", ""Mrps10"", ""Mrpl38"", ""Mrpl41"", ""Mrpl17"", ""Hars"", ""Mrpl46"", ""Gars"", ""Mrps6"", ""Tsfm"", ""Shmt2"", ""Mrpl2"", ""Mrpl45"")"
"118","REACTOME_DEGRADATION_OF_DVL","0.000150600092171398","0.0031795232942703","0.518848077743792","-0.676437434494219","-1.96330461337295","33","c(""Rps27a"", ""Psma4"", ""Psma2"", ""Psmb3"", ""Psma6"", ""Psma3"", ""Psma5"", ""Psmc4"", ""Ubb"", ""Psmd7"", ""Psmc5"", ""Psmb4"", ""Psma7"", ""Psmb6"", ""Psmd12"", ""Psmd3"", ""Psme2"", ""Psmb7"", ""Psmc6"", ""Psmb5"", ""Psmb2"", ""Psmc3"", ""Psmd1"", ""Psmc2"", ""Psmd13"", ""Psmd14"")"
"119","REACTOME_REGULATION_OF_RUNX2_EXPRESSION_AND_ACTIVITY","0.000559647171130113","0.00941710777212074","0.477270815362862","-0.647862837329295","-1.9600470667141","36","c(""Rps27a"", ""Psma4"", ""Psma2"", ""Psmb3"", ""Psma6"", ""Psma3"", ""Psma5"", ""Psmc4"", ""Ubb"", ""Psmd7"", ""Psmc5"", ""Psmb4"", ""Psma7"", ""Psmb6"", ""Psmd12"", ""Psmd3"", ""Psme2"", ""Psmb7"", ""Psmc6"", ""Psmb5"", ""Psmb2"", ""Psmc3"", ""Psmd1"", ""Psmc2"", ""Psmd13"", ""Psmd14"", ""Psmd6"", ""Stub1"", ""Psmc1"", ""Psma1"")"
"120","GOBP_TRANSLATIONAL_ELONGATION","4.66169758230792e-05","0.00129448223012166","0.557332238758646","-0.804669679354229","-1.9554059857346","16","c(""Eef1a1"", ""Rplp1"", ""Rplp2"", ""Eef1b2"", ""Eef1g"", ""Eif5a"", ""Eef1d"")"
"121","GOMF_MRNA_3_UTR_BINDING","0.000272174002232754","0.00509715897204664","0.49849310876659","-0.625645101091671","-1.95413703039053","41","c(""Rps7"", ""Rpl5"", ""Hnrnpa1"", ""Serbp1"", ""Hnrnpa3"", ""Pabpc1"", ""Cct5"", ""Hnrnpa2b1"", ""Hnrnpu"", ""Hnrnpr"", ""Hnrnpd"", ""Nhp2"", ""Rsl1d1"", ""Nudt21"", ""Syncrip"", ""Dazap1"", ""Taf15"", ""Hnrnpc"", ""Rnps1"")"
"122","REACTOME_STABILIZATION_OF_P53","0.000159241081066478","0.00331431868739334","0.518848077743792","-0.661791515110948","-1.95395194037562","35","c(""Rps27a"", ""Psma4"", ""Psma2"", ""Psmb3"", ""Psma6"", ""Psma3"", ""Psma5"", ""Psmc4"", ""Ubb"", ""Psmd7"", ""Psmc5"", ""Psmb4"", ""Psma7"", ""Psmb6"", ""Psmd12"", ""Psmd3"", ""Psme2"", ""Psmb7"", ""Psmc6"", ""Psmb5"", ""Psmb2"", ""Psmc3"", ""Psmd1"", ""Psmc2"", ""Psmd13"", ""Psmd14"")"
"123","GOBP_REGULATION_OF_RNA_SPLICING","0.000166654724102136","0.00339145371755863","0.518848077743792","-0.582139267736638","-1.9509384493923","55","c(""Rps26"", ""Npm1"", ""Rbm3"", ""Hspa8"", ""Ncl"", ""Srsf3"", ""Hnrnpa2b1"", ""Srsf10"", ""C1qbp"", ""Eny2"", ""Srsf7"", ""Srsf6"", ""Hnrnpu"", ""Srsf2"", ""Ptbp1"", ""Rbmxl1"", ""Eif4a3"", ""Srsf9"", ""Dazap1"", ""Clns1a"", ""Magoh"", ""Sap18"", ""Rnps1"", ""Rbm8a"", ""Thrap3"", ""U2af2"", ""Srrm1"", ""Larp7"", ""Slirp"", ""Sf3b3"", ""Sf3b4"", ""Srsf1"", ""Prmt5"")"
"124","REACTOME_PCP_CE_PATHWAY","0.000170697082947792","0.00346122106682268","0.518848077743792","-0.66012016263208","-1.94901724063323","35","c(""Rps27a"", ""Psma4"", ""Psma2"", ""Psmb3"", ""Psma6"", ""Psma3"", ""Psma5"", ""Psmc4"", ""Ubb"", ""Psmd7"", ""Psmc5"", ""Psmb4"", ""Psma7"", ""Psmb6"", ""Psmd12"", ""Psmd3"", ""Psme2"", ""Psmb7"", ""Psmc6"", ""Psmb5"", ""Psmb2"", ""Psmc3"", ""Psmd1"", ""Psmc2"", ""Psmd13"", ""Psmd14"")"
"125","REACTOME_HEDGEHOG_LIGAND_BIOGENESIS","0.000233339406448647","0.00454873426754471","0.518848077743792","-0.663066581616925","-1.9488504618856","34","c(""Rps27a"", ""Psma4"", ""Psma2"", ""Psmb3"", ""Psma6"", ""Psma3"", ""Psma5"", ""Psmc4"", ""Ubb"", ""Psmd7"", ""Psmc5"", ""Psmb4"", ""Psma7"", ""Psmb6"", ""Psmd12"", ""Psmd3"", ""Psme2"", ""Psmb7"", ""Psmc6"", ""Psmb5"", ""Psmb2"", ""Psmc3"", ""Psmd1"", ""Psmc2"", ""Psmd13"", ""Psmd14"")"
"126","REACTOME_ACTIVATION_OF_NF_KAPPAB_IN_B_CELLS","0.000328796436359457","0.00595956756192366","0.49849310876659","-0.602783332936538","-1.94879196918352","44","c(""Rps27a"", ""Psma4"", ""Psma2"", ""Psmb3"", ""Psma6"", ""Psma3"", ""Psma5"", ""Psmc4"", ""Ubb"", ""Psmd7"", ""Psmc5"", ""Psmb4"", ""Psma7"", ""Psmb6"", ""Psmd12"", ""Psmd3"", ""Psme2"", ""Psmb7"", ""Psmc6"", ""Psmb5"", ""Psmb2"", ""Psmc3"", ""Psmd1"", ""Psmc2"", ""Psmd13"", ""Card11"", ""Psmd14"")"
"127","REACTOME_DEADENYLATION_DEPENDENT_MRNA_DECAY","0.00039003563183749","0.00689225973877095","0.49849310876659","-0.73367119421718","-1.94581109724023","21","c(""Eif4a1"", ""Lsm4"", ""Pabpc1"", ""Lsm5"", ""Lsm2"", ""Lsm6"", ""Lsm3"", ""Lsm7"", ""Eif4a3"", ""Nt5c3b"", ""Exosc5"", ""Eif4e"", ""Exosc3"", ""Exosc8"", ""Exosc7"", ""Dcps"", ""Eif4g1"")"
"128","REACTOME_SCF_SKP2_MEDIATED_DEGRADATION_OF_P27_P21","0.000493088048496012","0.00844844173061405","0.477270815362862","-0.619618442553624","-1.94438691288126","42","c(""Rps27a"", ""Psma4"", ""Cdk4"", ""Psma2"", ""Psmb3"", ""Psma6"", ""Psma3"", ""Psma5"", ""Psmc4"", ""Ubb"", ""Psmd7"", ""Psmc5"", ""Psmb4"", ""Psma7"", ""Psmb6"", ""Psmd12"", ""Psmd3"", ""Psme2"", ""Cks1b"", ""Psmb7"", ""Psmc6"", ""Psmb5"", ""Psmb2"", ""Ccnd1"", ""Psmc3"", ""Psmd1"", ""Psmc2"", ""Psmd13"")"
"129","GOCC_POSTSYNAPTIC_SPECIALIZATION","0.000195618707610851","0.00391029310213606","0.518848077743792","-0.483336376135264","-1.94267982444873","107","c(""Rpl23"", ""Rps14"", ""Rpl18a"", ""Rps19"", ""Rpl10a"", ""Rps18"", ""Rplp0"", ""Rpl8"", ""Rps3"", ""Rpl5"", ""Rpl6"", ""Rpl4"", ""Rpl14"", ""Rps25"", ""Hspa8"", ""Rpl38"", ""Hnrnpa3"", ""Ablim1"", ""Hnrnpa2b1"", ""Eif3a"", ""Hnrnpm"", ""Phb2"", ""Hnrnpd"")"
"130","GOBP_NEGATIVE_REGULATION_OF_RNA_SPLICING","6.67769681629781e-05","0.00172670536483811","0.538434096309916","-0.797707688179169","-1.93848783961125","16","c(""Rps26"", ""Npm1"", ""Hnrnpa2b1"", ""Srsf10"", ""C1qbp"", ""Srsf7"", ""Srsf6"", ""Ptbp1"", ""Srsf9"", ""Sap18"", ""Rnps1"", ""U2af2"")"
"131","GOBP_REGULATION_OF_MRNA_METABOLIC_PROCESS","5.26743275076467e-05","0.00143442117951983","0.557332238758646","-0.531356338799895","-1.93790858553803","84","c(""Npm1"", ""Rbm3"", ""Hspa8"", ""Ybx1"", ""Ncl"", ""Srsf3"", ""Pabpc1"", ""Hnrnpab"", ""Hnrnpa2b1"", ""Srsf10"", ""C1qbp"", ""Srsf7"", ""Srsf6"", ""Hnrnpu"", ""Hnrnpr"", ""Srsf2"", ""Hnrnpd"", ""Ptbp1"", ""Syncrip"", ""Rbmxl1"", ""Eif4a3"", ""Srsf9"", ""Caprin1"", ""Dazap1"", ""Clns1a"", ""Exosc5"", ""Taf15"", ""Hnrnpc"", ""Magoh"", ""Exosc3"", ""Sap18"", ""Rnps1"", ""Rbm8a"", ""Thrap3"", ""Dhx9"", ""Exosc8"", ""U2af2"", ""Exosc7"", ""Srrm1"", ""Larp7"", ""Slirp"", ""Apex1"", ""Iws1"", ""Dcps"", ""Zfp36l1"", ""Sf3b4"", ""Srsf1"", ""Prmt5"")"
"132","REACTOME_THE_ROLE_OF_GTSE1_IN_G2_M_PROGRESSION_AFTER_G2_CHECKPOINT","0.000187142063755226","0.00376757076210075","0.518848077743792","-0.582043509180197","-1.93209317793867","51","c(""Rps27a"", ""Hsp90ab1"", ""Hsp90aa1"", ""Tuba1b"", ""Psma4"", ""Psma2"", ""Psmb3"", ""Psma6"", ""Psma3"", ""Psma5"", ""Psmc4"", ""Tuba1a"", ""Tubb6"", ""Ubb"", ""Psmd7"", ""Psmc5"", ""Psmb4"", ""Psma7"", ""Psmb6"", ""Psmd12"", ""Psmd3"", ""Psme2"", ""Tubb4b"", ""Psmb7"", ""Psmc6"", ""Psmb5"", ""Psmb2"", ""Tubb2a"", ""Tubb2b"", ""Psmc3"", ""Psmd1"", ""Psmc2"", ""Psmd13"", ""Psmd14"", ""Cdk1"", ""Ccnb1"", ""Psmd6"", ""Psmc1"", ""Plk1"", ""Psma1"")"
"133","REACTOME_CELLULAR_RESPONSE_TO_HYPOXIA","0.000995469710344561","0.0148059703356525","0.45505986738723","-0.637985212487861","-1.93016325723929","36","c(""Rps27a"", ""Psma4"", ""Psma2"", ""Psmb3"", ""Psma6"", ""Psma3"", ""Psma5"", ""Psmc4"", ""Ubb"", ""Psmd7"", ""Psmc5"", ""Psmb4"", ""Psma7"", ""Psmb6"", ""Psmd12"", ""Psmd3"", ""Psme2"", ""Psmb7"", ""Psmc6"", ""Psmb5"", ""Psmb2"", ""Psmc3"", ""Psmd1"", ""Psmc2"", ""Psmd13"", ""Psmd14"")"
"134","GOBP_MITOTIC_SISTER_CHROMATID_SEGREGATION","9.35003780936068e-05","0.00225240013381907","0.538434096309916","-0.501381378370629","-1.92994513439281","100","c(""Ran"", ""Smc4"", ""Smc3"", ""Anapc5"", ""Hnrnpu"", ""Nudc"", ""Smarca5"", ""Smc2"", ""Drg1"", ""Anapc11"", ""Birc5"", ""Ncapd3"", ""Ncapd2"", ""Kif23"", ""Smc1a"", ""Kif11"", ""Spc24"", ""Psmg2"", ""Mzt1"", ""Fbxo5"", ""Spc25"", ""Cdca8"", ""Cdc16"", ""Incenp"", ""Prc1"", ""Tpx2"", ""Nup62"", ""Kpnb1"", ""Nusap1"", ""Cenpe"", ""Nsmce2"", ""Bub3"", ""Baz1b"", ""Eml4"", ""Cdk1"", ""Rrs1"", ""Aurkb"", ""Zwint"", ""Ccnb1"", ""Cenpk"", ""Cenpc1"", ""Tubg1"", ""Bub1b"", ""Plk1"", ""Ncapg"", ""Seh1l"", ""Ube2c"", ""Knstrn"", ""Poldip2"", ""Bub1"", ""Atm"", ""Kif2a"", ""Ncaph2"", ""Mad2l1"", ""Mad1l1"", ""Lcmt1"", 
""Cep192"", ""Kif22"", ""Kif2c"", ""Ncaph"", ""Nek2"", ""Rad21"", ""Cdc20"", ""Kif18b"", ""Ndc80"", ""Anapc15"", ""Kif18a"", ""Cdt1"", ""Cdk5rap2"", ""Ncapg2"", ""Pinx1"", ""Aaas"")"
"135","GOCC_U2_SNRNP","0.000546567429647514","0.00925225405682593","0.477270815362862","-0.729695762584899","-1.92336537619286","20","c(""Snrpe"", ""Snrpg"", ""Snrpd2"", ""Snrpd3"", ""Snrpd1"", ""Snrpb"", ""Sf3b6"", ""Snrpa1"", ""Sf3a3"", ""Phf5a"", ""Snrpb2"", ""Htatsf1"", ""Sf3b3"", ""Sf3b4"", ""Sf3a1"", ""Sf3b5"")"
"136","BILANGES_SERUM_SENSITIVE_GENES","0.000419100216394317","0.00733685689383467","0.49849310876659","-0.652168853580262","-1.91682043216225","34","c(""Rpl10a"", ""Rps18"", ""Rpl31"", ""Tubb5"", ""Tomm20"", ""Ola1"", ""Rcc2"", ""Naa10"", ""Supt16"", ""Xcr1"", ""Mrps5"", ""Nap1l1"", ""Mtdh"", ""Tubb2a"")"
"137","REACTOME_NEDDYLATION","0.000126862340833349","0.00281207349863186","0.518848077743792","-0.551250399193981","-1.91193834004379","66","c(""Rps27a"", ""Psma4"", ""Rbbp7"", ""Psma2"", ""Psmb3"", ""Psma6"", ""Psma3"", ""Psma5"", ""Psmc4"", ""Ubb"", ""Psmd7"", ""Psmc5"", ""Psmb4"", ""Psma7"", ""Uchl3"", ""Psmb6"", ""Rnf7"", ""Psmd12"", ""Psmd3"", ""Dcun1d5"", ""Psme2"", ""Psmb7"", ""Psmc6"", ""Cops4"", ""Ube2m"", ""Psmb5"", ""Psmb2"", ""Cops2"", ""Psmc3"", ""Psmd1"", ""Psmc2"", ""Cops5"", ""Psmd13"", ""Cops3"", ""Socs2"", ""Psmd14"", ""Ddb1"")"
"138","MORI_LARGE_PRE_BII_LYMPHOCYTE_UP","0.000133080041074222","0.00287038322931817","0.518848077743792","-0.533678316254873","-1.91165876095688","77","c(""Tubb5"", ""Hmgb1"", ""Stmn1"", ""Ran"", ""Anp32e"", ""Hnrnpab"", ""Cbx1"", ""Nucks1"", ""Rbbp4"", ""Smc4"", ""Ube2s"", ""Alyref"", ""Calm2"", ""Anapc5"", ""Tuba1a"", ""Lgals1"", ""Xrcc6"", ""Mcm7"", ""Smarcc1"", ""Cks1b"", ""Smc2"", ""Tubb4b"", ""Mcm3"", ""Cdca7"", ""Mcm2"", ""Rrm2"", ""Mcm6"", ""Hmga1"", ""Cmc2"", ""Top2a"", ""Kif23"", ""Rangap1"", ""Hmgb3"", ""Lig1"", ""Rrm1"", ""Smarca4"", ""Prc1"", ""Mki67"", ""Cenpe"", ""Bub3"", ""Cdk1"", ""Cdkn2c"", ""Ccnb1"", ""Cdca3"", ""Slc29a1"", ""Haus3"", ""Ccna2"", ""Slbp"", ""Kpna2"", ""Psmc1"")"
"139","REACTOME_NUCLEOTIDE_EXCISION_REPAIR","0.000265143844176531","0.00501548942826544","0.49849310876659","-0.575808661775815","-1.91139660466623","51","c(""Rps27a"", ""Sumo2"", ""Hmgn1"", ""Pole4"", ""Ubb"", ""Polr2f"", ""Polr2e"", ""Rpa3"", ""Actl6a"", ""Polr2h"", ""Pcna"", ""Cops4"", ""Ube2n"", ""Polr2k"", ""Parp1"", ""Ppie"", ""Sumo3"", ""Ruvbl1"", ""Polr2d"", ""Cops2"", ""Lig1"", ""Gtf2h4"", ""Cops5"", ""Polr2i"", ""Cops3"", ""Ddb1"", ""Pold2"", ""Prpf19"", ""Isy1"", ""Xrcc1"", ""Polr2c"", ""Rfc1"", ""Parp2"", ""Ccnh"", ""Rpa1"", ""Rfc5"", ""Chd1l"", ""Rad23b"", ""Cops7a"", ""Pole2"")"
"140","GOMF_TRANSLATION_INITIATION_FACTOR_ACTIVITY","0.00066500364155371","0.0108029554104849","0.477270815362862","-0.701666095194231","-1.90289203418993","24","c(""Eif4a1"", ""Eif3i"", ""Eif2s2"", ""Eif3a"", ""Eif3l"", ""Eif1ax"", ""Eif5b"", ""Eif2s1"", ""Eif4h"", ""Eif3c"", ""Denr"", ""Eif4e"", ""Eif3b"", ""Eif6"", ""Eif3g"", ""Eif1ad"", ""Eif4g1"", ""Eif1a"", ""Eif2b5"", ""Eif2s3x"")"
"141","GOBP_ALTERNATIVE_MRNA_SPLICING_VIA_SPLICEOSOME","0.00077481789428247","0.0123379900284471","0.477270815362862","-0.698620474680201","-1.89463242601589","24","c(""Hnrnpa1"", ""Srsf6"", ""Hnrnpu"", ""Srsf2"", ""Hnrnpm"", ""Sfpq"", ""Ptbp1"", ""Rbm17"", ""Srsf9"", ""Magoh"", ""Sap18"", ""Rnps1"", ""Rbm8a"", ""Thrap3"", ""Dhx9"")"
"142","REACTOME_CYCLIN_A_CDK2_ASSOCIATED_EVENTS_AT_S_PHASE_ENTRY","0.000589913549250043","0.00982316293413227","0.477270815362862","-0.58599191145722","-1.8944673823253","48","c(""Rps27a"", ""Psma4"", ""Cdk4"", ""Psma2"", ""Psmb3"", ""Psma6"", ""Psma3"", ""Psma5"", ""Psmc4"", ""Ubb"", ""Psmd7"", ""Psmc5"", ""Psmb4"", ""Psma7"", ""Psmb6"", ""Psmd12"", ""Psmd3"", ""Psme2"", ""Cks1b"", ""Psmb7"", ""Psmc6"", ""Psmb5"", ""Psmb2"", ""Ccnd1"", ""Psmc3"", ""Psmd1"", ""Psmc2"", ""Psmd13"")"
"143","GOBP_CHAPERONE_MEDIATED_PROTEIN_FOLDING","8.21826758131315e-05","0.00203686263574231","0.538434096309916","-0.675897258724958","-1.8939024557805","31","c(""Hspa8"", ""Hspe1"", ""Cct2"", ""Cd74"", ""Cct4"", ""Cct5"", ""Cct8"", ""Cct3"", ""Tcp1"", ""Cct7"", ""H2-DMa"", ""Pdcd5"", ""Fkbp4"", ""St13"", ""Fkbp5"", ""Hspa14"", ""Ppid"", ""Hspa9"", ""Ptges3"")"
"144","GOBP_TELOMERE_ORGANIZATION","0.000275583626835586","0.00512855363069974","0.49849310876659","-0.523322440821855","-1.89135079355209","76","c(""Cct2"", ""Nop10"", ""Hsp90aa1"", ""Cct4"", ""H3f3b"", ""Cct5"", ""Hnrnpa2b1"", ""Cct8"", ""Cct3"", ""Tcp1"", ""Cct7"", ""Smc6"", ""Hnrnpu"", ""Hnrnpd"", ""Nhp2"", ""Ezh2"", ""Pkib"", ""Xrcc6"", ""Dkc1"", ""Actl6a"", ""Hnrnpc"", ""Gar1"", ""Pcna"", ""Gnl3"", ""Rpa2"", ""Parp1"", ""Ruvbl1"", ""Rif1"", ""Apex1"", ""Ptges3"", ""Myc"", ""Rad50"", ""Hat1"", ""Lmna"", ""Nsmce2"", ""Uchl5"", ""Aurkb"", ""Xrcc1"", ""Mapk1"", ""Xrcc5"", ""Terf1"", ""Ylpm1"", ""Atr"", ""Smc5"", ""Ccne1"", ""Ruvbl2"", ""Bmyc"", ""Telo2"", ""Atm"", ""Rad51"", ""Rpa1"", ""Nek2"")"
"145","GOCC_PROTEIN_FOLDING_CHAPERONE_COMPLEX","0.000909035748000039","0.0138492824634492","0.477270815362862","-0.695566146954103","-1.88634920421052","24","c(""Hsp90ab1"", ""Hspa8"", ""Cct2"", ""Cct4"", ""Cct5"", ""Cct8"", ""Cct3"", ""Tcp1"", ""Cct7"", ""Dnajc9"", ""Psmg1"", ""Stip1"", ""Ruvbl1"", ""Ptges3"", ""Wdr83os"", ""Psmg2"", ""Ppp5c"", ""Stub1"", ""Sdf2l1"", ""Rpap3"")"
"146","HSF2_TARGET_GENES","0.00016126371996176","0.00332982999789172","0.518848077743792","-0.776042062540384","-1.88583878976416","16","c(""Hsp90ab1"", ""Hspa8"", ""Hspe1"", ""Hsp90aa1"", ""Ndufa4"", ""Hnrnpa2b1"", ""Cbx3"", ""Hspd1"", ""Fkbp4"", ""St13"")"
"147","GOBP_AEROBIC_RESPIRATION","0.000133411461075281","0.00287038322931817","0.518848077743792","-0.493783276428003","-1.88341389607244","91","c(""mt-Nd1"", ""Atp5b"", ""Park7"", ""Atp5h"", ""Atp5e"", ""Atp5a1"", ""Cox7c"", ""Atp5o"", ""Atp5j2"", ""Mdh1"", ""Cox7b"", ""Atp5c1"", ""Chchd2"", ""Atp5d"", ""Cox5b"", ""Ndufab1"", ""Ndufc2"", ""Ndufv2"", ""Uqcr10"", ""Ndufa12"", ""Ndufa10"", ""Uqcr11"", ""Ndufa5"", ""Uqcc2"", ""Ndufb2"", ""Uqcrq"", ""Idh2"", ""Cycs"", ""Ndufc1"", ""Atp5k"", ""Sdhb"", ""Gadd45gip1"", ""Dnajc15"", ""Cox7a2"", ""Mrps36"", ""Cox5a"", ""Ndufb4"", ""Atp5j"", ""Cyc1"", ""Ndufb10"", ""Uqcrfs1"", ""Ndufs6"", ""Idh3a"", ""Fh1"", ""Idh3g"", ""Cbfa2t3"", ""Ndufs8"", ""Ndufa9"", ""Myc"", ""Msh2"", ""Ndufv1"", ""Cox8a"", ""Fxn"", 
""Aco2"", ""Sdhc"", ""Ndufb6"", ""Mtch2"", ""Cdk1"", ""Uqcrb"", ""Cox6a1"", ""Mdh2"", ""Ppif"", ""Ccnb1"", ""Coq7"", ""Adsl"")"
"148","GOCC_MITOCHONDRIAL_LARGE_RIBOSOMAL_SUBUNIT","0.00113477745680862","0.016318215622526","0.45505986738723","-0.619007296982839","-1.88206546686162","37","c(""Mrpl23"", ""Mrpl12"", ""Mrpl34"", ""Mrpl18"", ""Mrpl42"", ""Gadd45gip1"", ""Mrpl54"", ""Mrpl57"", ""Mrpl11"", ""Mrpl13"", ""Mrpl21"", ""Mrpl15"", ""Mrpl40"", ""Mrpl28"", ""Mrpl36"", ""Mrps18a"", ""Mrpl27"", ""Mrpl35"", ""Mrpl3"", ""Mrpl49"", ""Mrpl4"", ""Mrpl19"", ""Mrpl38"", ""Mrpl41"", ""Mrpl17"", ""Mrpl46"")"
"149","REACTOME_FORMATION_OF_TC_NER_PRE_INCISION_COMPLEX","0.00114605672729839","0.0163967557659417","0.45505986738723","-0.693934220404108","-1.88121522531481","23","c(""Rps27a"", ""Hmgn1"", ""Ubb"", ""Polr2f"", ""Polr2e"", ""Polr2h"", ""Cops4"", ""Polr2k"", ""Ppie"", ""Polr2d"", ""Cops2"", ""Gtf2h4"", ""Cops5"", ""Polr2i"", ""Cops3"", ""Ddb1"", ""Prpf19"", ""Isy1"", ""Polr2c"")"
"150","REACTOME_COMPLEX_I_BIOGENESIS","0.00116664205185387","0.0166069728441925","0.45505986738723","-0.674810123463074","-1.88116889709802","25","c(""mt-Nd1"", ""Ndufab1"", ""Ndufc2"", ""Ndufv2"", ""Ndufa12"", ""Ndufa10"", ""Ndufa5"", ""Ndufb2"", ""Ndufc1"", ""Ndufb4"", ""Ndufb10"", ""Ndufs6"", ""Ndufs8"", ""Ndufa9"", ""Ndufv1"", ""Ndufb6"", ""Ndufaf4"", ""Ndufaf2"")"
"151","TABULA_MURIS_SENIS_KIDNEY_BRUSH_CELL_AGEING","0.00119840803432676","0.0168045425111939","0.45505986738723","-0.617546036163849","-1.87762256523687","37","c(""Rps3a1"", ""Eef1a1"", ""Rps23"", ""Rpl21"", ""Rps19"", ""Rpl10a"", ""Rplp0"", ""Rps4x"", ""Rps5"", ""Rpl22"", ""Rps3"", ""Rpl6"", ""Rpl9"", ""Rpl4"", ""Rpl10"", ""Ybx1"", ""Cd74"", ""H2-Aa"")"
"152","TABULA_MURIS_SENIS_KIDNEY_KIDNEY_DISTAL_CONVOLUTED_TUBULE_EPITHELIAL_CELL_AGEING","0.000549742691605465","0.00927814237299402","0.477270815362862","-0.545551123952131","-1.86880698506886","61","c(""Rps16"", ""Rps3a1"", ""Rpl28"", ""Eef1a1"", ""Rps23"", ""Rpl18a"", ""Rps10"", ""Rps8"", ""Rpl21"", ""Rplp1"", ""Rps19"", ""Rplp0"", ""Rps4x"", ""Rpl13"", ""Rpl17"", ""Rps3"", ""Rpl6"", ""Rps6"", ""Rpl9"", ""Rpl41"", ""Rps12"", ""Rpl4"", ""Rpl14"", ""Rps2"", ""Rpl36a"", ""Rpl10"", ""Rpl7a"", ""Ptma"", ""Rpl23a"", ""Rbm3"", ""Hspa8"")"
"153","GOCC_U12_TYPE_SPLICEOSOMAL_COMPLEX","0.000684861801914465","0.0110617936314952","0.477270815362862","-0.741992466347024","-1.86799469813304","18","c(""Snrpe"", ""Snrpg"", ""Snrpf"", ""Ybx1"", ""Snrpd2"", ""Snrpd3"", ""Snrpd1"", ""Snrpb"", ""Lsm7"", ""Sf3b6"", ""Phf5a"", ""Sf3b3"", ""Sf3b4"", ""Snrnp25"", ""Sf3b5"")"
"154","GOBP_NEGATIVE_REGULATION_OF_MRNA_PROCESSING","0.000339950197699614","0.00614198482189976","0.49849310876659","-0.780076857061802","-1.86729435691779","15","c(""Npm1"", ""Hnrnpa2b1"", ""Srsf10"", ""C1qbp"", ""Srsf7"", ""Srsf6"", ""Ptbp1"", ""Srsf9"", ""Sap18"", ""Rnps1"", ""U2af2"")"
"155","GOCC_RESPIRASOME","0.00148294491416744","0.0198927646929739","0.45505986738723","-0.576513345623573","-1.86386138549161","44","c(""mt-Nd1"", ""Cox7c"", ""Ndufa4"", ""Cox7b"", ""Cox5b"", ""Ndufab1"", ""Ndufc2"", ""Ndufv2"", ""Uqcr10"", ""Ndufa12"", ""Ndufa10"", ""Uqcr11"", ""Ndufa5"", ""Ndufb2"", ""Uqcrq"", ""Higd1a"", ""Ndufc1"", ""Sdhb"", ""Cox7a2"", ""Cox5a"", ""Ndufb4"", ""Cyc1"", ""Ndufb10"", ""Uqcrfs1"", ""Ndufs6"", ""Ndufs8"", ""Ndufa9"", ""Ndufv1"", ""Cox8a"", ""Sdhc"", ""Ndufb6"")"
"156","GOCC_U2_TYPE_CATALYTIC_STEP_2_SPLICEOSOME","0.000227931253093305","0.00449247718072365","0.518848077743792","-0.766547288959749","-1.86276579774131","16","c(""Snrpe"", ""Snrpg"", ""Snrpf"", ""Snrpd2"", ""Snrpd3"", ""Snrpd1"", ""Snrpb"", ""Bcas2"", ""Snrpa1"", ""Snrnp40"", ""Snrpb2"", ""Ppie"", ""Eftud2"", ""Ppil1"", ""Prpf19"")"
"157","REACTOME_TRANSCRIPTIONAL_REGULATION_BY_RUNX3","0.000964522696335179","0.0144878887774804","0.477270815362862","-0.577702233117633","-1.86141939688532","47","c(""Rps27a"", ""Tcf7"", ""Lef1"", ""Psma4"", ""Psma2"", ""Psmb3"", ""Psma6"", ""Psma3"", ""Psma5"", ""Psmc4"", ""Ubb"", ""Psmd7"", ""Psmc5"", ""Psmb4"", ""Psma7"", ""Psmb6"", ""Psmd12"", ""Psmd3"", ""Psme2"", ""Psmb7"", ""Runx3"", ""Psmc6"", ""Psmb5"", ""Psmb2"", ""Ccnd1"", ""Psmc3"", ""Psmd1"", ""Psmc2"", ""Psmd13"")"
"158","REACTOME_CROSS_PRESENTATION_OF_SOLUBLE_EXOGENOUS_ANTIGENS_ENDOSOMES","0.000791359476612217","0.012468689006981","0.477270815362862","-0.629567443876777","-1.85880976179351","35","c(""Mrc1"", ""Psma4"", ""Psma2"", ""Psmb3"", ""Psma6"", ""Psma3"", ""Psma5"", ""Psmc4"", ""Psmd7"", ""Psmc5"", ""Psmb4"", ""Psma7"", ""Psmb6"", ""Psmd12"", ""Psmd3"", ""Psme2"", ""Psmb7"", ""Psmc6"", ""Psmb5"", ""Psmb2"", ""Psmc3"", ""Psmd1"", ""Psmc2"", ""Psmd13"", ""Cd207"", ""Psmd14"")"
"159","GOBP_POSITIVE_REGULATION_OF_RNA_SPLICING","0.00176809847086186","0.0225492558376659","0.45505986738723","-0.702480559830259","-1.851630303347","20","c(""Rbm3"", ""Hspa8"", ""Ncl"", ""Rbmxl1"", ""Eif4a3"", ""Dazap1"", ""Clns1a"", ""Thrap3"", ""U2af2"", ""Slirp"", ""Sf3b4"", ""Srsf1"", ""Prmt5"", ""Prpf19"")"
"160","REACTOME_ESTROGEN_DEPENDENT_GENE_EXPRESSION","0.00205380132688843","0.0253332124281621","0.431707695803346","-0.682648065005227","-1.85061911584599","23","c(""Hsp90ab1"", ""Hsp90aa1"", ""H3f3b"", ""Prmt1"", ""Fkbp4"", ""Polr2f"", ""Polr2e"", ""Polr2h"", ""Gata3"", ""Gtf2a2"", ""Polr2k"", ""Polr2d"", ""Ptges3"", ""Polr2i"")"
"161","GOMF_HISTONE_BINDING","0.000367567102270082","0.00652296363996468","0.49849310876659","-0.500068716019151","-1.84827000729418","85","c(""Npm1"", ""Ptma"", ""Set"", ""Ncl"", ""Anp32b"", ""Anp32e"", ""Lef1"", ""Npm3"", ""Cbx3"", ""Cbx1"", ""Anp32a"", ""Rbbp4"", ""Rbbp7"", ""Dnajc9"", ""Dnajc2"", ""Smarca5"", ""Mtf2"", ""Smarcc1"", ""Dek"", ""Hdac2"", ""Nasp"", ""Cks1b"", ""Suz12"", ""Ssrp1"", ""Asf1a"", ""Ctsl"", ""Mcm2"", ""Cbx5"", ""Nap1l1"", ""Fh1"", ""Ncapd3"", ""Ncapd2"", ""Atad2"", ""Rag1"", ""Hat1"", ""Smarca4"", ""Rcc1"", ""Ptms"", ""Baz1b"", ""Cd1d1"", ""Ing2"", ""Prmt7"", ""Msh6"", ""Uhrf1"")"
"162","MORI_IMMATURE_B_LYMPHOCYTE_DN","0.00036797985409061","0.00652296363996468","0.49849310876659","-0.49902325547831","-1.84713426720228","80","c(""Tubb5"", ""Hmgb1"", ""Hnrnpa3"", ""Stmn1"", ""Anp32e"", ""Hnrnpab"", ""Tuba1b"", ""Cbx1"", ""Rbbp4"", ""Smc4"", ""Ezh2"", ""Tuba1a"", ""Lgals1"", ""Xrcc6"", ""Smarca5"", ""Mcm7"", ""Cks1b"", ""Smc2"", ""Dnmt1"", ""Tubb4b"", ""Pcna"", ""Mcm3"", ""Cdca7"", ""Mcm2"", ""Rrm2"", ""Mcm6"", ""Prim1"", ""Top2a"", ""Hmgb3"", ""Rag1"", ""Lig1"", ""Uck2"", ""Rrm1"", ""Smarca4"", ""Slc16a1"", ""Prc1"", ""Nusap1"", ""Mki67"", ""Cdk1"", ""Cdkn2c"", ""Ccnb1"", ""Cdca3"", ""Slc29a1"", ""Haus3"", ""Ccna2"", ""Slbp"", ""Kpna2"", ""Ckap5"", ""Tmpo"", ""Ube2c"", ""Cenpa"", ""Rad51"", ""Ccnb2"", ""Ncaph"", ""Nek2"", ""Dlgap5"", 
""Cdc20"", ""Prdx4"", ""Ndc80"", ""Cenpl"", ""Melk"", ""Mthfd2"")"
"163","GOBP_NUCLEAR_TRANSCRIBED_MRNA_CATABOLIC_PROCESS_DEADENYLATION_DEPENDENT_DECAY","0.00093480751929153","0.0141653494253934","0.477270815362862","-0.733366992554126","-1.84627973464649","18","c(""Ybx1"", ""Pabpc1"", ""Hnrnpu"", ""Hnrnpd"", ""Syncrip"", ""Caprin1"", ""Exosc5"", ""Exosc3"", ""Dhx9"", ""Exosc8"", ""Exosc7"", ""Dcps"", ""Zfp36l1"")"
"164","GOBP_REGULATION_OF_UBIQUITIN_PROTEIN_TRANSFERASE_ACTIVITY","0.0018025256080714","0.0226804394033448","0.45505986738723","-0.678519777460683","-1.84012009189763","24","c(""Rpl23"", ""Rpl11"", ""Rps7"", ""Rpl5"", ""Rps2"", ""Park7"", ""Ube2s"")"
"165","RTF1_TARGET_GENES","0.000466907160868158","0.00804879408505752","0.49849310876659","-0.496781288490707","-1.83611956974962","85","c(""Rps8"", ""Rps19"", ""Rpl5"", ""Rpl6"", ""Rps2"", ""Rpl7a"", ""Rpl22l1"", ""Eef1g"", ""Rbm3"", ""Hspa8"", ""Eif4a1"", ""Atp5b"", ""Hmgb1"", ""Hsp90aa1"", ""Nme1"", ""Pabpc1"", ""Snx5"", ""Ywhae"", ""Hnrnpdl"", ""Sfpq"", ""Phb2"", ""Hnrnpd"", ""Lsm2"", ""Ptbp1"", ""Lsm6"", ""Mtf2"", ""Ddx18"", ""Tcf3"", ""Nop58"")"
"166","GOCC_PROTEASOME_CORE_COMPLEX","0.000651292934003028","0.0106415601999277","0.477270815362862","-0.765984583039202","-1.83356124008409","15","c(""Psma4"", ""Psma2"", ""Psmb3"", ""Psma6"", ""Psma3"", ""Psma5"", ""Psmb4"", ""Psma7"", ""Psmb6"", ""Psmb7"", ""Psmb5"", ""Psmb2"")"
"167","GOCC_TRANSPORTER_COMPLEX","0.00044703911154366","0.00775372145160496","0.49849310876659","-0.482363565669191","-1.82982888715916","89","c(""mt-Nd1"", ""Atp5g2"", ""Atp5g1"", ""Atp5g3"", ""Ndufa4"", ""Ndufab1"", ""Timm13"", ""Calm2"", ""Ndufc2"", ""Ndufv2"", ""Uqcr10"", ""Ndufa12"", ""Atp1b3"", ""Ndufa10"", ""Uqcr11"", ""Ndufa5"", ""Ndufb2"", ""Uqcrq"", ""Ndufc1"", ""Ndufb4"", ""Cyc1"", ""Ndufb10"", ""Uqcrfs1"", ""Clic1"", ""Ndufs6"", ""Ndufs8"", ""Ndufa9"", ""Ndufv1"", ""Scn3a"", ""Cacnb2"", ""Ndufb6"", ""Timm9"", ""Uqcrb"", ""Calm3"")"
"168","GOCC_METHYLTRANSFERASE_COMPLEX","0.00127347474701289","0.0175945518355677","0.45505986738723","-0.586703121288136","-1.82942076653413","43","c(""Snrpe"", ""Snrpg"", ""Snrpf"", ""Snrpd2"", ""Erh"", ""Snrpd3"", ""Rbbp4"", ""Rbbp7"", ""Prmt1"", ""Snrpd1"", ""Snrpb"", ""Ezh2"", ""Mtf2"", ""Dpy30"", ""Clns1a"", ""0610010K14Rik"", ""Hdac2"", ""Suz12"", ""Cbx5"", ""Ruvbl1"")"
"169","TABULA_MURIS_SENIS_KIDNEY_KIDNEY_PROXIMAL_CONVOLUTED_TUBULE_EPITHELIAL_CELL_AGEING","0.00059803950975776","0.00991310583774861","0.477270815362862","-0.459812596116542","-1.82711855750093","96","c(""Rps16"", ""Rps3a1"", ""Rps20"", ""Rps23"", ""Rps14"", ""Rpl18a"", ""Rps10"", ""Rpl21"", ""Rps19"", ""Rplp0"", ""Rplp2"", ""Rps4x"", ""Rpl13"", ""Rps5"", ""Rps26"", ""Rps7"", ""Rpl5"", ""Rpl6"", ""Rps6"", ""Eef1b2"", ""Rpl3"", ""Rpl9"", ""Rpl41"", ""Rps27a"", ""Rps12"", ""Rpl4"", ""Rps2"", ""Rpl10"", ""Npm1"", ""Rps28"", ""Rpl36al"", ""Rbm3"", ""Ybx1"", ""Slc25a3"", ""Cd74"", ""H2-Aa"", ""Hint1"", ""H3f3b"", ""Jund"")"
"170","YAO_TEMPORAL_RESPONSE_TO_PROGESTERONE_CLUSTER_14","0.000316578200441031","0.00579399777885096","0.49849310876659","-0.479008580756543","-1.82705948217012","91","c(""Hnrnpa3"", ""Ran"", ""Ppp1r14b"", ""Nme1"", ""Ranbp1"", ""Snrpd3"", ""Cct8"", ""Cct3"", ""Cdk4"", ""Banf1"", ""Prmt1"", ""Psmb3"", ""Fbl"", ""Rwdd1"", ""Nhp2"", ""Uqcc2"", ""Tuba1a"", ""Tubb6"", ""Syncrip"", ""Mrpl12"", ""Dnajc2"", ""Snrpa1"", ""Pdia3"", ""Dtymk"", ""Galk1"", ""Sec61b"", ""Ptp4a3"", ""Ppa1"", ""Cdk2ap1"", ""Ube2m"", ""Ebna1bp2"", ""Nsun2"", ""Cisd1"", ""Tyms"", ""Ptov1"", ""Psmb5"", ""Nubp1"", ""Apex1"", ""Mrps18b"", ""Dctpp1"", ""Psmd1"", ""Morf4l2"", ""Eftud2"", ""Eif4g1"", ""Srsf1"", ""Tomm70a"", ""Smarca4"", ""Hmgn5"", ""Wdr74"", ""Tcerg1"", ""Mrps10"", ""Sec13"", ""Eif2b5"")"
"171","GOBP_NEGATIVE_REGULATION_OF_PROTEOLYSIS_INVOLVED_IN_PROTEIN_CATABOLIC_PROCESS","0.0014367705684457","0.0193757791730344","0.45505986738723","-0.724705974371987","-1.8244752867869","18","c(""Rpl23"", ""Rpl11"", ""Rps7"", ""Rpl5"", ""Hsp90ab1"", ""Park7"")"
"172","REACTOME_G1_S_DNA_DAMAGE_CHECKPOINTS","0.00385785443751049","0.0407242049892259","0.431707695803346","-0.574807603681788","-1.80376874745264","42","c(""Rps27a"", ""Psma4"", ""Psma2"", ""Psmb3"", ""Psma6"", ""Psma3"", ""Psma5"", ""Psmc4"", ""Ubb"", ""Psmd7"", ""Psmc5"", ""Psmb4"", ""Psma7"", ""Psmb6"", ""Psmd12"", ""Psmd3"", ""Psme2"", ""Psmb7"", ""Psmc6"", ""Psmb5"", ""Psmb2"", ""Psmc3"", ""Psmd1"", ""Psmc2"", ""Psmd13"", ""Psmd14"")"
"173","GOBP_NADH_DEHYDROGENASE_COMPLEX_ASSEMBLY","0.00311611402000921","0.0345960510494933","0.431707695803346","-0.646266640275896","-1.80159819873475","25","c(""mt-Nd1"", ""Ndufab1"", ""Ndufc2"", ""Ndufa12"", ""Ndufa10"", ""Ndufa5"", ""Ndufb2"", ""Ndufc1"", ""Ndufb4"", ""Ndufb10"", ""Ndufs6"", ""Ndufs8"", ""Ndufa9"", ""Ndufb6"", ""Ndufaf4"", ""Ndufaf2"", ""Ndufb8"", ""Ndufs7"", ""Aifm1"", ""Tmem126a"")"
"174","GOCC_A_BAND","0.0012126500387214","0.0169218175401135","0.45505986738723","-0.750784693070934","-1.79717678833862","15","c(""Rpl17"", ""Rpl6"", ""Rpl4"", ""Rpl15"")"
"175","GOBP_MATURATION_OF_LSU_RRNA","0.0034256945041959","0.0372792276450816","0.431707695803346","-0.661492287330214","-1.79394217970629","24","c(""Rpl10a"", ""Rpl35"", ""Npm1"", ""Rpl7a"", ""Nhp2"", ""Rsl1d1"", ""Gtpbp4"", ""Ddx18"", ""Gm2000"", ""Eif6"", ""Wdr12"", ""Nifk"", ""Mak16"")"
"176","GOBP_MITOCHONDRIAL_RESPIRATORY_CHAIN_COMPLEX_ASSEMBLY","0.00129583067502858","0.0177833988337947","0.45505986738723","-0.633711568456067","-1.78922314742056","29","c(""mt-Nd1"", ""Ndufab1"", ""Ndufc2"", ""Ndufa12"", ""Ndufa10"", ""Ndufa5"", ""Uqcc2"", ""Ndufb2"", ""Ndufc1"", ""Ndufb4"", ""Ndufb10"", ""Samm50"", ""Ndufs6"", ""Tfam"", ""Ndufs8"", ""Ndufa9"", ""Ndufb6"", ""Ndufaf4"", ""Ndufaf2"", ""Ndufb8"", ""Ndufs7"", ""Aifm1"", ""Tmem126a"")"
"177","REACTOME_TRANSCRIPTION_COUPLED_NUCLEOTIDE_EXCISION_REPAIR_TC_NER","0.00290496170684683","0.0330146555272088","0.431707695803346","-0.570070805992057","-1.78055653275294","41","c(""Rps27a"", ""Hmgn1"", ""Pole4"", ""Ubb"", ""Polr2f"", ""Polr2e"", ""Rpa3"", ""Polr2h"", ""Pcna"", ""Cops4"", ""Polr2k"", ""Ppie"", ""Polr2d"", ""Cops2"", ""Lig1"", ""Gtf2h4"", ""Cops5"", ""Polr2i"", ""Cops3"", ""Ddb1"", ""Pold2"", ""Prpf19"", ""Isy1"", ""Xrcc1"", ""Polr2c"")"
"178","GOBP_THYMIC_T_CELL_SELECTION","0.00148569344256555","0.0198927646929739","0.45505986738723","-0.742473911854082","-1.77728301155583","15","c(""Cd3d"", ""Cd3g"", ""Cd3e"", ""Cd74"", ""Ccr7"", ""H2-DMa"", ""Cd28"", ""Tox"", ""Gata3"")"
"179","GOBP_SPINDLE_ORGANIZATION","0.000698832301460634","0.0112551933809531","0.477270815362862","-0.476939025254869","-1.77281736640212","87","c(""Rps3"", ""Tubb5"", ""Stmn1"", ""Ranbp1"", ""Smc3"", ""Hnrnpu"", ""Nudc"", ""Drg1"", ""Haus4"", ""Birc5"", ""Kif23"", ""Smc1a"", ""Kif11"", ""Mzt1"", ""Fbxo5"", ""Spc25"", ""Cdca8"", ""Incenp"", ""Rcc1"", ""Prc1"", ""Tpx2"", ""Nup62"", ""Kpnb1"", ""Tacc3"", ""Cenpe"", ""Ddb1"", ""Aurkb"", ""Ccnb1"", ""Haus1"", ""Haus3"", ""Tubg1"", ""Ckap5"", ""Plk1"", ""Haus7"", ""Dcaf13"", ""Knstrn"", ""Poldip2"", ""Cenph"", ""Pcnt"", ""Kif2a"", ""Kif4"", ""Sac3d1"", ""Cep192"", ""Ccnb2"", ""Nek2"", ""Dlgap5"", ""Cdc20"", ""Ndc80"", ""Aunip"", ""Poc1a"", ""Aaas"", ""Bora"", ""Haus8"", ""Aspm"", ""Haus2"", ""Tubgcp2"", 
""Nuf2"", ""Gpsm2"", ""Ccdc61"", ""Plk2"", ""Ofd1"", ""Tacc2"", ""Spice1"", ""Racgap1"", ""Psrc1"", ""Ccsap"")"
"180","GOCC_MYELIN_SHEATH","0.00160730033135772","0.0211690466538866","0.45505986738723","-0.442734507680631","-1.7657857306907","97","c(""Eef1a1"", ""Ppia"", ""Rps27a"", ""Hspa8"", ""Atp5b"", ""Mif"", ""Slc25a5"", ""Atp5h"", ""Cct2"", ""Slc25a3"", ""Atp5a1"", ""Pebp1"", ""Hsp90aa1"", ""Atp5o"", ""Nme1"", ""Prdx1"", ""Thy1"", ""Mdh1"", ""Cct5"", ""Atp5c1"", ""Tuba1b"", ""Cox5b"", ""Cct3"", ""Phgdh"", ""Hspd1"", ""Tcp1"", ""Prdx2"", ""Calm2"", ""Ndufv2"", ""Ndufa10"", ""Tuba1a"", ""Cycs"", ""Ubb"", ""Cox5a"", ""Phb"", ""Ckb"", ""Pdia3"", ""Tubb4b"", ""Fscn1"", ""Bcl2"", ""Vdac1"", ""Uqcrfs1"", ""Idh3a"", ""Prdx3"", ""Stip1"", ""Hspa9"", ""Ass1"", ""Pacsin1"", ""Exoc4"")"
"181","GOBP_PROTEIN_FOLDING","0.00126008624676949","0.0174523493195077","0.45505986738723","-0.507764100644979","-1.76327027305337","67","c(""Ppia"", ""Hsp90ab1"", ""Hspa8"", ""Hspe1"", ""Cct2"", ""Cd74"", ""Hsp90aa1"", ""Cct4"", ""Cct5"", ""Cct8"", ""Cct3"", ""Hspd1"", ""Tcp1"", ""Cct7"", ""H2-DMa"", ""Pdcd5"", ""Calr"", ""Fkbp4"", ""Nudc"", ""Dnajc2"", ""St13"", ""Pfdn1"", ""Pdia3"", ""Fkbp5"", ""Hspa14"", ""Ppie"", ""Ppih"", ""Ppid"", ""Hspa9"", ""Ahsa1"", ""Ptges3"", ""Nudcd2"", ""Trap1"", ""Pfdn4"", ""Canx"", ""Hsp90b1"", ""Ppil1"", ""Bag1"", ""Ppif"", ""Pfdn6"", ""Txndc5"", ""Stub1"", ""Sdf2l1"", ""Pdia4"")"
"182","REACTOME_SELECTIVE_AUTOPHAGY","0.00491879109081786","0.0486235281604578","0.407017918923954","-0.630575795535418","-1.75785681420498","25","c(""Rps27a"", ""Park7"", ""Tomm20"", ""Tuba1b"", ""Tomm7"", ""Dynll1"", ""Tuba1a"", ""Tubb6"", ""Ubb"", ""Tomm40"", ""Tomm5"", ""Tubb4b"", ""Vdac1"", ""Ube2n"", ""Dynll2"", ""Tubb2a"", ""Tubb2b"", ""Tomm70a"")"
"183","REACTOME_RMTS_METHYLATE_HISTONE_ARGININES","0.00211446354520395","0.0259113717485101","0.431707695803346","-0.73310520335567","-1.75485684116977","15","c(""Rps2"", ""Cdk4"", ""Rbbp7"", ""Prmt1"", ""Smarcc1"", ""Actl6a"", ""Ccnd1"", ""Smarcb1"", ""Prmt3"", ""Prmt5"", ""Smarca4"", ""Prmt7"")"
"184","GOBP_NEGATIVE_REGULATION_OF_POST_TRANSLATIONAL_PROTEIN_MODIFICATION","0.00410345992828752","0.0424425754417555","0.407017918923954","-0.596531520816559","-1.7532941066608","34","c(""Rpl23"", ""Rpl11"", ""Ppia"", ""Rps3"", ""Rps7"", ""Rpl5"", ""Park7"", ""Sox4"")"
"185","REACTOME_EPIGENETIC_REGULATION_OF_GENE_EXPRESSION","0.00410345992828752","0.0424425754417555","0.407017918923954","-0.595493334235787","-1.75024272320466","34","c(""H3f3b"", ""Rbbp4"", ""Rbbp7"", ""Psip1"", ""Ezh2"", ""Smarca5"", ""Mtf2"", ""Polr2f"", ""Polr2e"", ""Taf1d"", ""Dek"", ""Ddx21"", ""Polr2h"", ""Dnmt1"", ""Suz12"", ""Polr2k"")"
"186","GOBP_OXIDATIVE_PHOSPHORYLATION","0.00161523740779274","0.0211825344110923","0.45505986738723","-0.489084832441427","-1.74731244275757","73","c(""mt-Nd1"", ""Atp5b"", ""Park7"", ""Atp5h"", ""Atp5e"", ""Atp5a1"", ""Cox7c"", ""Atp5o"", ""Atp5j2"", ""Cox7b"", ""Atp5c1"", ""Chchd2"", ""Atp5d"", ""Cox5b"", ""Ndufab1"", ""Ndufc2"", ""Ndufv2"", ""Uqcr10"", ""Ndufa12"", ""Ndufa10"", ""Uqcr11"", ""Ndufa5"", ""Uqcc2"", ""Ndufb2"", ""Uqcrq"", ""Cycs"", ""Ndufc1"", ""Atp5k"", ""Sdhb"", ""Gadd45gip1"", ""Dnajc15"", ""Cox7a2"", ""Cox5a"", ""Ndufb4"", ""Atp5j"", ""Cyc1"", ""Ndufb10"", ""Uqcrfs1"", ""Ndufs6"", ""Ndufs8"", ""Ndufa9"", ""Myc"", ""Msh2"", ""Ndufv1"", ""Cox8a"", ""Fxn"", ""Sdhc"", ""Ndufb6"", ""Mtch2"")"
"187","GOBP_NEGATIVE_REGULATION_OF_PROTEIN_UBIQUITINATION","0.00118238216173432","0.0167044818187878","0.45505986738723","-0.619386836592951","-1.73555704770043","31","c(""Rpl23"", ""Rpl11"", ""Ppia"", ""Rps3"", ""Rps7"", ""Rpl5"", ""Park7"", ""Sox4"")"
"188","GOBP_ATP_BIOSYNTHETIC_PROCESS","0.00318735778609112","0.0352709236796141","0.431707695803346","-0.522198285456489","-1.73343698357332","51","c(""mt-Nd1"", ""Atp5b"", ""Atp5g2"", ""Atp5h"", ""Atp5e"", ""Atp5g1"", ""Atp5a1"", ""Atp5o"", ""Atp5j2"", ""Atp5g3"", ""Atp5c1"", ""Atp5d"", ""Ndufab1"", ""Ndufc2"", ""Ndufv2"", ""Ndufa12"", ""Ndufa10"", ""Ndufa5"", ""Ndufb2"", ""Ndufc1"", ""Atp5k"", ""Sdhb"", ""Ndufb4"", ""Atp5j"", ""Ndufb10"", ""Ndufs6"", ""Parp1"", ""Ndufs8"", ""Ndufa9"", ""Myc"", ""Ndufv1"", ""Sdhc"", ""Ndufb6"")"
"189","GOBP_TRNA_METABOLIC_PROCESS","0.0014153631763558","0.0191788515026867","0.45505986738723","-0.483897702733728","-1.73334245492571","77","c(""Trmt112"", ""Ssb"", ""Lsm6"", ""Polr2f"", ""Aars"", ""Lage3"", ""Exosc3"", ""Zbtb8os"", ""Eprs"", ""Exosc8"", ""Rtcb"", ""Nsun2"", ""Exosc7"", ""Ddx1"", ""Pop7"", ""Osgep"", ""Farsb"", ""Kti12"", ""Hars"", ""Pop4"", ""Thumpd3"", ""Iars"", ""Yrdc"", ""Rpp14"", ""Gars"", ""Trmt1"", ""Rars"", ""Thumpd1"", ""Tars"", ""Pus1"", ""Dars"", ""Rpp30"", ""Polr3d"", ""Tsen15"", ""Vars"", ""Exosc9"", ""Kars"", ""Cdk5rap1"", ""Mettl1"", ""Trmt6"", ""Nars"", ""Elp5"", ""Exosc2"", ""Wdr4"", ""Trmt10a"", ""Polr2l"", ""Pop1"", ""Dtd1"", ""Ftsj1"", ""Mettl6"", ""Rars2"", ""Pus7"", ""Tsen2"", ""Pusl1"", ""Dtwd1"", ""Polr3e"", 
""Sars2"", ""Nat10"", ""Rpp38"", ""Rpp40"", ""Pnpt1"")"
"190","E4F1_TARGET_GENES","0.00375761016144037","0.0399653744906404","0.431707695803346","-0.586787316005981","-1.7325006267351","35","c(""Rps16"", ""Eef1g"", ""Lsm4"", ""Tomm7"", ""Dnajc9"", ""Cycs"", ""Psmb6"", ""Dpy30"", ""Mrfap1"", ""Gnl3"", ""Mrpl15"", ""Dnajc19"", ""Dph5"", ""Emc8"", ""Ppp5c"", ""Prpf31"", ""Smu1"", ""Leo1"", ""Lrrcc1"", ""Myo9a"")"
"191","RIZ_ERYTHROID_DIFFERENTIATION_HBZ","0.00232596774581656","0.0278967663471659","0.431707695803346","-0.710770797922794","-1.72722485810449","16","c(""Hmgb1"", ""Cbx3"", ""Sox4"", ""Cux1"", ""Mcm7"", ""Mcm5"", ""Mcm4"")"
"192","ISHIDA_E2F_TARGETS","0.00395116576436969","0.0414762037500036","0.407017918923954","-0.52397775129424","-1.72396182115727","49","c(""Stmn1"", ""Dut"", ""Ezh2"", ""Mcm7"", ""Smc2"", ""Pcna"", ""Mcm3"", ""Cdca7"", ""Rrm2"", ""Prim1"", ""Top2a"", ""Dctpp1"", ""Dbf4"", ""Hmgb3"", ""Lig1"", ""Rrm1"", ""Prc1"", ""Nusap1"", ""Mki67"", ""Cdk1"", ""Cdkn2c"", ""Aurkb"", ""Ccnb1"", ""Ccna2"", ""Slbp"", ""Kpna2"", ""Ube2t"", ""Ccne1"", ""Asf1b"", ""Bub1"", ""Rad51"", ""Rpa1"", ""Ccnb2"", ""Kif2c"", ""Ncaph"", ""Cdc20"")"
"193","TABULA_MURIS_SENIS_SPLEEN_MATURE_NK_T_CELL_AGEING","0.000946592914528667","0.0143054805876625","0.477270815362862","-0.467386582052931","-1.7212169275773","86","c(""Rps16"", ""Rpl32"", ""Rpl27a"", ""Rpl23"", ""Rps20"", ""Rps23"", ""Rps10"", ""Rps8"", ""Rplp1"", ""Rps19"", ""Rps18"", ""Rplp0"", ""Rplp2"", ""Rpsa"", ""Rpl35"", ""Rps4x"", ""Rpl17"", ""Rps5"", ""Rpl22"", ""Rps26"", ""Rpl5"", ""Rpl6"", ""Rpl36"", ""Rpl41"", ""Rps12"", ""Rpl14"", ""Rps25"", ""Rps2"", ""Rpl39"", ""Rpl36a"", ""Rpl22l1"", ""Rps28"", ""Rpl37"", ""Eef1g"", ""Rpl31"", ""Snrpg"", ""Rpl23a"", ""Rbm3"", ""Rpl38"", ""Hspe1"", ""Mif"", ""Crip1"", ""Thy1"", ""Eif3i"", ""Cd8a"", ""Cd8b1"", ""Krtcap2"")"
"194","GOBP_ATP_METABOLIC_PROCESS","0.00177970764301883","0.0225686360759122","0.45505986738723","-0.511676679434283","-1.7165143913789","59","c(""mt-Nd1"", ""Hspa8"", ""Atp5b"", ""Atp5g2"", ""Atp5h"", ""Atp5e"", ""Atp5g1"", ""Atp5a1"", ""Atp5o"", ""Atp5j2"", ""Atp5g3"", ""Atp5c1"", ""Atp5d"", ""Ndufab1"", ""Ndufc2"", ""Ndufv2"", ""Ndufa12"", ""Ndufa10"", ""Ndufa5"", ""Atpif1"", ""Ndufb2"", ""Ola1"", ""Ndufc1"", ""Atp5k"", ""Sdhb"", ""Ndufb4"", ""Atp5j"", ""Ndufb10"", ""Ndufs6"", ""Parp1"", ""Nudt5"", ""Ndufs8"", ""Ndufa9"", ""Myc"", ""Ndufv1"")"
"195","HU_GENOTOXIN_ACTION_DIRECT_VS_INDIRECT_24HR","0.0044065718847443","0.044756478764511","0.407017918923954","-0.6046884336639","-1.70727914140002","29","c(""Npm1"", ""Ptma"", ""Ncl"", ""Atp5c1"", ""Cct3"", ""Rbbp7"", ""Psma2"", ""Glrx3"", ""Syncrip"", ""Hspb11"", ""Ube2e1"", ""Rtcb"", ""Nubp1"", ""Mtdh"", ""Top2a"", ""Apex1"", ""Incenp"", ""H2-Q2"", ""Fcho1"", ""Mif4gd"")"
"196","GOBP_REGULATION_OF_ALTERNATIVE_MRNA_SPLICING_VIA_SPLICEOSOME","0.00392540370478082","0.04128265052957","0.407017918923954","-0.712258454271597","-1.70495532624547","15","c(""Srsf6"", ""Hnrnpu"", ""Srsf2"", ""Ptbp1"", ""Magoh"", ""Sap18"", ""Rnps1"", ""Rbm8a"", ""Thrap3"")"
"197","GOBP_MICROTUBULE_CYTOSKELETON_ORGANIZATION_INVOLVED_IN_MITOSIS","0.0024802012191476","0.0293716266225526","0.431707695803346","-0.477178389082022","-1.70477528917825","73","c(""Stmn1"", ""Smc3"", ""Hnrnpu"", ""Nudc"", ""Drg1"", ""Birc5"", ""Kif23"", ""Smc1a"", ""Kif11"", ""Mzt1"", ""Spc25"", ""Cdca8"", ""Incenp"", ""Rcc1"", ""Prc1"", ""Tpx2"", ""Nup62"", ""Kpnb1"", ""Nusap1"", ""Tacc3"", ""Cenpe"", ""Cdk1"", ""Aurkb"", ""Ccnb1"", ""Tubg1"", ""Ckap5"", ""Plk1"", ""Cenpa"", ""Poldip2"", ""Nde1"", ""Cenph"", ""Pcnt"", ""Kif2a"", ""Kif4"", ""Mad2l1"", ""Cep192"", ""Nek2"", ""Dlgap5"", ""Cdc20"", ""Ndc80"", ""Cdk5rap2"", ""Sapcd2"", ""Poc1a"", ""Aaas"", ""Bora"", ""Nuf2"", ""Gpsm2"", ""Ccdc61"", ""Plk2"", ""Ofd1"", ""Tacc2"", ""Spice1"", ""Racgap1"", ""Psrc1"", ""Ccsap"")"
"198","REACTOME_ORGANELLE_BIOGENESIS_AND_MAINTENANCE","0.00236767456625785","0.0283366911464873","0.431707695803346","-0.449389151796053","-1.70474163070665","89","c(""Tubb5"", ""Atp5b"", ""Atp5h"", ""Atp5e"", ""Atp5g1"", ""Atp5a1"", ""Hsp90aa1"", ""Atp5o"", ""Atp5j2"", ""Atp5g3"", ""Atp5c1"", ""Atp5d"", ""Tuba1b"", ""Ywhae"", ""Dynll1"", ""Tuba1a"", ""Tubb6"", ""Idh2"", ""Cycs"", ""Atp5k"", ""Hspb11"", ""Atp5j"", ""Lztfl1"", ""Tubb4b"", ""Ssna1"", ""Dynll2"", ""Cep57"", ""Haus4"", ""Smo"", ""Exoc4"", ""Tubb2a"", ""Tubb2b"")"
"199","GOBP_POSITIVE_REGULATION_OF_CHROMOSOME_ORGANIZATION","0.00446087982217682","0.0449838632515398","0.407017918923954","-0.511908075852707","-1.69927863722731","51","c(""Cct2"", ""Cct4"", ""Cct5"", ""Hnrnpa2b1"", ""Cct8"", ""Cct3"", ""Smc4"", ""Tcp1"", ""Cct7"", ""Sfpq"", ""Hnrnpd"", ""Pkib"", ""Dkc1"", ""Actl6a"", ""Smc2"", ""Trim28"", ""Gnl3"", ""Ruvbl1"", ""Ncapd2"", ""Rad50"", ""Nsmce2"", ""Uchl5"", ""Cdk1"", ""Aurkb"", ""Lig4"", ""Mapk1"", ""Xrcc5"", ""Ncapg"", ""Terf1"", ""Atr"", ""Smc5"", ""Ruvbl2"", ""Bub1"", ""Atm"", ""Mad1l1"", ""Slf1"", ""Ncaph"", ""Nek2"", ""Rad21"", ""Terf2ip"", ""Nabp2"", ""Fen1"")"
"200","REACTOME_ANTIGEN_PROCESSING_UBIQUITINATION_PROTEASOME_DEGRADATION","0.00226066219203416","0.0273462505933402","0.431707695803346","-0.455907210292699","-1.69464056635526","87","c(""Rps27a"", ""Psma4"", ""Psma2"", ""Ube2s"", ""Psmb3"", ""Psma6"", ""Psma3"", ""Anapc5"", ""Psma5"", ""Psmc4"", ""Ubb"", ""Psmd7"", ""Psmc5"", ""Psmb4"", ""Psma7"", ""Psmb6"", ""Rnf7"", ""Ube2e1"", ""Psmd12"", ""Psmd3"", ""Psme2"", ""Blmh"", ""Psmb7"", ""Anapc11"", ""Psmc6"", ""Ube2n"", ""Ube2m"", ""Psmb5"", ""Ube2e3"", ""Rnf126"", ""Psmb2"", ""Psmc3"", ""Psmd1"", ""Ube2l3"", ""Psmc2"", ""Psmd13"", ""Cdc16"", ""Anapc13"")"
"201","REACTOME_SIGNALING_BY_WNT","0.00298428881582982","0.0334442068684547","0.431707695803346","-0.487593206593675","-1.69322448246598","67","c(""Rps27a"", ""Tcf7"", ""Lef1"", ""Sox4"", ""Psma4"", ""Psma2"", ""Psmb3"", ""Calm2"", ""Psma6"", ""Psma3"", ""Psma5"", ""Psmc4"", ""Hdac1"", ""Ubb"", ""Psmd7"", ""Psmc5"", ""Psmb4"", ""Psma7"", ""Psmb6"", ""Psmd12"", ""Psmd3"", ""Psme2"", ""Psmb7"", ""Psmc6"", ""Psmb5"", ""Psmb2"", ""Psmc3"", ""Psmd1"", ""Psmc2"", ""Psmd13"", ""Smarca4"", ""Psmd14"", ""Calm3"", ""Leo1"", ""Psmd6"", ""Psmc1"", ""Sox13"", ""Psma1"")"
"202","REACTOME_SUMOYLATION","0.00340773849266098","0.0371555548996711","0.431707695803346","-0.461225628721193","-1.67542874809842","78","c(""Npm1"", ""Sumo2"", ""Park7"", ""Satb1"", ""Nr1h3"", ""Smc3"", ""Smc6"", ""Hdac1"", ""Nsmce1"", ""Uba2"", ""Nop58"", ""Hnrnpc"", ""Dnmt1"", ""Suz12"", ""Pcna"", ""Casp8ap2"", ""Sae1"", ""Parp1"", ""Nsmce4a"", ""Sumo3"", ""Top2a"", ""Smc1a"", ""Rangap1"", ""Cdca8"", ""Incenp"", ""Nup62"", ""Mta1"", ""Nsmce2"", ""Ing2"", ""Sec13"", ""Aurkb"", ""Trim27"", ""Seh1l"", ""Nup88"", ""Rnf168"", ""Nup85"", ""Nup93"", ""Smc5"", ""Tdg"", ""Nup50"", ""Rpa1"", ""Ranbp2"", ""Rad21"", ""Brca1"", ""Sin3a"", ""Pom121"", ""Nup205"", ""Bmi1"", ""Nup155"", ""Aaas"")"
"203","GOBP_MITOTIC_SPINDLE_ORGANIZATION","0.00382367751367899","0.0404391559936369","0.431707695803346","-0.495871447624274","-1.66349280772777","59","c(""Stmn1"", ""Smc3"", ""Hnrnpu"", ""Nudc"", ""Drg1"", ""Birc5"", ""Kif23"", ""Smc1a"", ""Kif11"", ""Mzt1"", ""Spc25"", ""Cdca8"", ""Incenp"", ""Rcc1"", ""Prc1"", ""Tpx2"", ""Nup62"", ""Kpnb1"", ""Tacc3"", ""Cenpe"", ""Aurkb"", ""Ccnb1"", ""Tubg1"", ""Ckap5"", ""Plk1"", ""Poldip2"", ""Cenph"", ""Pcnt"", ""Kif2a"", ""Kif4"", ""Cep192"", ""Nek2"", ""Dlgap5"", ""Cdc20"", ""Ndc80"", ""Poc1a"", ""Aaas"", ""Bora"", ""Nuf2"", ""Gpsm2"", ""Ccdc61"", ""Plk2"", ""Ofd1"", ""Tacc2"", ""Spice1"", ""Racgap1"", ""Psrc1"", ""Ccsap"")"
"204","BROWN_MYELOID_CELL_DEVELOPMENT_DN","0.00231416837225385","0.027814428815341","0.431707695803346","-0.460630640333846","-1.6609697162797","83","c(""Rpl23"", ""Npm1"", ""Ncl"", ""Erh"", ""Hmgn1"", ""Clec10a"", ""H2-Aa"", ""Nme1"", ""Bzw2"", ""Sox4"", ""Hspd1"", ""Cdk4"", ""C1qbp"", ""Srsf7"", ""Nop56"", ""Calr"", ""Fkbp4"", ""Gtpbp4"", ""H2-Eb1"", ""Nt5c3b"", ""Nop58"", ""Smarcc1"", ""Eif4e"", ""Wdr43"", ""Trim28"", ""Nolc1"", ""Cd48"", ""Nsun2"", ""Cbfa2t3"", ""Rif1"", ""Apex1"", ""Msh2"", ""Ivns1abp"", ""Sf3b3"", ""Ppan"", ""Psat1"", ""Trf"", ""Slc16a1"", ""Serpina3g"", ""Mfng"", ""Pgrmc1"", ""Rcl1"", ""St6gal1"", ""Gart"", ""Nop16"", ""Cpa3"")"
"205","REACTOME_MITOTIC_G1_PHASE_AND_G1_S_TRANSITION","0.00357578575912579","0.0386143760999848","0.431707695803346","-0.438742919762839","-1.6603544573174","88","c(""Rps27a"", ""Psma4"", ""Rbbp4"", ""Cdk4"", ""Psma2"", ""Psmb3"", ""Psma6"", ""Psma3"", ""Psma5"", ""Psmc4"", ""Pole4"", ""Hdac1"", ""Ubb"", ""Psmd7"", ""Psmc5"", ""Psmb4"", ""Psma7"", ""Psmb6"", ""Mcm7"", ""Rpa3"", ""Psmd12"", ""Psmd3"", ""Psme2"", ""Cks1b"", ""Ccnd2"", ""Psmb7"", ""Psmc6"", ""Mcm3"", ""Mcm2"", ""Mcm6"", ""Psmb5"", ""Mcm5"", ""Prim1"", ""Gmnn"", ""Psmb2"", ""Dbf4"", ""Ccnd1"", ""Orc6"", ""Psmc3"", ""Psmd1"", ""Mcm4"", ""Psmc2"", ""Psmd13"", ""Cdkn2b"", ""Psmd14"", ""Cdk6"")"
"206","GOBP_LYMPHOCYTE_ACTIVATION","0.00353331985160324","0.0382290287974807","0.431707695803346","0.689364884154965","1.21391465097109","397","c(""Pglyrp1"", ""Anxa1"", ""Itgam"", ""Tyrobp"", ""Fcgr4"", ""Lst1"", ""Spi1"", ""Fcer1g"", ""Lilrb4a"", ""Lgals3"", ""Pik3r6"", ""Adam8"", ""Fgr"", ""Sirpa"", ""Cd44"", ""Il1b"", ""Bst1"", ""Hhex"", ""Cebpb"", ""Gapt"", ""Tnfsf13b"", ""Pbx1"", ""Ebi3"", ""Rsad2"", ""Lcp1"", ""Sirpb1b"", ""Arg2"", ""Lyn"", ""Hlx"", ""Plcg2"", ""Clec4e"", ""Tarm1"", ""Fgl2"", ""Cd300a"", ""Slc11a1"", ""Tpd52"", ""Csf1r"", ""Ccr2"", ""Slfn1"", ""Stx11"", ""Vsir"", ""Clec4d"", ""Skap2"", ""Fosl2"", ""Fcgr2b"", ""Themis2"", ""Cd55"", ""B2m"", ""Syk"", ""H2-D1"", ""Wdfy4"", ""Ppp3ca"", ""Nlrp3"", ""Psap"", ""Il15"", ""Lmo1"", ""Cd24a"", 
""Adgrg3"", ""Rab27a"", ""Prkcd"", ""Dusp3"", ""Vav3"", ""Il6ra"", ""Fut7"", ""Tnfrsf1b"", ""Cxcr4"", ""Cd80"", ""Treml2"", ""Lyl1"", ""Itgal"", ""Sema4a"", ""Pnp"", ""Zbtb7b"", ""Id2"", ""Cdkn1a"", ""H2-K1"")"
"207","GOBP_POSITIVE_REGULATION_OF_INTRACELLULAR_SIGNAL_TRANSDUCTION","0.00405274722825956","0.0422202543583833","0.407017918923954","0.690058462229838","1.2159026637663","358","c(""S100a8"", ""Chil1"", ""S100a9"", ""C5ar1"", ""Trim30b"", ""Ltf"", ""C3"", ""Spi1"", ""Fgd4"", ""Pik3r6"", ""Adam8"", ""Fgr"", ""Lrrk2"", ""Cd44"", ""Ccr1"", ""Il1b"", ""Ccl6"", ""App"", ""Lyn"", ""Naip2"", ""F3"", ""Plcg2"", ""Xdh"", ""Ncam1"", ""Plscr1"", ""Gcnt2"", ""Nupr1"", ""Rasgrp4"", ""Trim30d"", ""Csf1r"", ""Ccr2"", ""Casp1"", ""Clec4d"", ""Csf1"", ""F10"", ""Gpx1"", ""Fcgr2b"", ""Syk"", ""Ppp3ca"", ""Inhba"", ""Nlrp3"", ""Glipr2"", ""Igf1r"", ""Alox15"", ""Psap"", ""Cd24a"", ""Lrp1"", ""Flt1"", ""Prkcd"", ""Mapk3"", ""Smpd3"", ""Vav3"", ""Eif2ak2"", ""Il6ra"", ""Tgfb2"", ""Ccl9"", ""Zeb2"", ""Clec4n"", 
""Cxcr4"", ""Trim30a"", ""Itgal"", ""Gpr35"", ""Grm1"", ""Hgf"", ""Pik3ap1"", ""Trim30c"", ""Ripk1"", ""F11r"", ""Tgm2"", ""Gadd45g"")"
"208","GOBP_HEMOPOIESIS","0.00135300362750368","0.0184670252983978","0.45505986738723","0.692918020400048","1.2208495688257","426","c(""Pglyrp1"", ""Anxa1"", ""Itgam"", ""Csf3r"", ""Clec5a"", ""Tyrobp"", ""Pirb"", ""Cd300lf"", ""Spi1"", ""Fcer1g"", ""Lilrb4a"", ""Pira2"", ""Fes"", ""Pik3r6"", ""Adam8"", ""Sirpa"", ""Lilra6"", ""Cd44"", ""Ccr1"", ""Il1b"", ""Hhex"", ""Cebpb"", ""Tnfsf13b"", ""Pbx1"", ""App"", ""Rsad2"", ""Lyn"", ""Hlx"", ""Plcg2"", ""Clec4e"", ""Plscr1"", ""Trpm2"", ""Fgl2"", ""Tpd52"", ""Dock1"", ""Pilrb1"", ""Csf1r"", ""Ccr2"", ""Vsir"", ""Clec4d"", ""Csf1"", ""Fosl2"", ""G6pdx"", ""Lmo2"", ""Snx10"", ""B2m"", ""Rogdi"", ""Syk"", ""Hba-a1"", ""Ppp3ca"", ""Inhba"", ""Nlrp3"", ""Psap"", ""Il15"", ""Hbb-bs"", ""Cd24a"", 
""Flt1"", ""Adgrg3"", ""Fam20c"", ""Ninj1"", ""Tifab"", ""Prg4"", ""Isg15"", ""Smpd3"", ""Actn1"", ""Eif2ak2"", ""Il6ra"", ""Tgfb2"", ""Ccl9"", ""Tfe3"", ""Tal1"", ""Fut7"", ""Samd9l"", ""Lyl1"", ""Sema4a"", ""Pnp"", ""Zbtb7b"", ""Id2"")"
"209","GOBP_CELLULAR_CATABOLIC_PROCESS","0.00360731540970511","0.0388803766051773","0.431707695803346","0.693984641998193","1.22309096643348","361","c(""S100a8"", ""Ncf1"", ""S100a9"", ""Ncf2"", ""Trim30b"", ""Gda"", ""Upp1"", ""Hdc"", ""Plbd1"", ""Sorl1"", ""Adam8"", ""Abcd2"", ""Lrrk2"", ""Pla2g7"", ""Il1b"", ""Pde2a"", ""App"", ""Slc16a3"", ""Cyp4f18"", ""Arg2"", ""Samhd1"", ""Wipi1"", ""Plcg2"", ""Xdh"", ""Nupr1"", ""Slc11a1"", ""Trim30d"", ""Pgd"", ""Aldh2"", ""Hk2"", ""Casp1"", ""Lipg"", ""Gpx1"", ""Entpd1"", ""Wdfy3"", ""Snx18"", ""Ctsh"", ""Oas2"", ""Hba-a1"", ""Wdfy4"", ""Nudt4"", ""Smpdl3b"", ""Psap"", ""Anxa2"", ""Smpdl3a"", ""Pla2g4a"", ""Hbb-bs"", ""Lrp1"", ""Mefv"", ""Mgll"", ""Nt5e"", ""Prkcd"", ""Enpp2"", ""Mapk3"", ""Smpd3"", ""Gm2a"", 
""Rnf213"", ""Tnfrsf1b"", ""Irgm2"", ""Nampt"", ""Asah1"", ""Trim30a"", ""Hmox1"", ""Pnp"", ""Isg20"", ""Lta4h"", ""Trim30c"", ""Ldlr"", ""Myo5a"", ""Gpx3"", ""Carhsp1"", ""Slfn8"", ""Creg1"", ""Hbb-bt"", ""Larp4b"", ""Furin"")"
"210","NFATC2_TARGET_GENES","0.00442454890842288","0.0448224836247334","0.407017918923954","0.694514853811699","1.22388569353963","339","c(""C5ar1"", ""Trim30b"", ""Cd300ld"", ""Cd33"", ""Hacd4"", ""Pilrb2"", ""Dhrs9"", ""Oasl2"", ""Pik3r6"", ""Fgr"", ""Stfa3"", ""Ccr1"", ""Il1b"", ""Ccl6"", ""Tnfaip2"", ""Il18rap"", ""Gapt"", ""Il1r2"", ""Dstn"", ""Rin2"", ""Apobr"", ""Plek"", ""Clec4e"", ""Xdh"", ""Capg"", ""Plscr1"", ""Ier3"", ""Glrx"", ""Litaf"", ""Kctd12"", ""Nupr1"", ""Slc11a1"", ""Hk2"", ""Ffar2"", ""Evi2a"", ""Clec4a1"", ""H2-D1"", ""Inhba"", ""Nlrp3"", ""Atp8b4"", ""Grn"", ""Siglecf"", ""Slc2a6"", ""Milr1"", ""Tbxas1"", ""Sh3bp5"", ""Mfsd6"", ""Prkcd"", ""Ccr3"", ""C3ar1"", ""Aldoa"", ""Vav3"", ""Ehd4"", ""Ehd1"", ""Dusp6"", ""Zeb2"", 
""2310001H17Rik"", ""Pqlc3"", ""Cd200r1"", ""Isg20"", ""Gpr35"", ""Slfn8"", ""Cish"", ""Oas1a"", ""Fcgr1"", ""Tm6sf1"", ""Furin"", ""Rnpep"", ""Sap30"", ""Irf5"", ""Fcrl1"", ""Reep3"", ""Cpt1a"", ""Ccl3"", ""Fos"", ""Vcan"", ""Gm6377"", ""Tagap"", ""Pou2f2"", ""Pla1a"", ""Cd82"")"
"211","GOBP_POSITIVE_REGULATION_OF_CELLULAR_COMPONENT_ORGANIZATION","0.00118733244766263","0.0167241705557971","0.45505986738723","0.695285666444174","1.2244923360917","400","c(""Anxa1"", ""Plaur"", ""S100a9"", ""Lcn2"", ""Tyrobp"", ""Gda"", ""C3"", ""Cd300lf"", ""Mmp9"", ""Fcer1g"", ""Lgals3"", ""Fes"", ""Sirpa"", ""Lrrk2"", ""Fcgr3"", ""Il1b"", ""App"", ""Lbp"", ""Lcp1"", ""Sirpb1b"", ""Dstn"", ""Lyn"", ""Wipi1"", ""Plek"", ""Plcg2"", ""Casp4"", ""Rgs2"", ""Slc11a1"", ""Fcgr2b"", ""Cd63"", ""Snx18"", ""Ahnak"", ""B2m"", ""Cdc42ep2"", ""Syk"", ""Cyfip1"", ""Ppp3ca"", ""Vasp"", ""Grn"", ""Igf1r"", ""Alox15"", ""Anxa2"", ""Il15"", ""Pla2g4a"", ""Cfp"", ""Cd24a"", ""Plxnc1"", ""Lrp1"", ""Rab27a"", ""Plxnb2"", ""Nin"", ""Enpp2"", ""Cldn1"", ""Dusp3"", ""Isg15"", ""Mapk3"", ""Smpd3"", 
""Ehd1"", ""Hip1r"", ""Tgfb2"", ""Hdac4"", ""Tal1"", ""Zeb2"", ""Irgm2"")"
"212","GOMF_ENZYME_REGULATOR_ACTIVITY","0.00249738409822372","0.0294487220327818","0.431707695803346","0.696332767873307","1.22705752141036","337","c(""Anxa1"", ""Ncf1"", ""Wfdc21"", ""Slpi"", ""Ncf2"", ""Alox5ap"", ""Ngp"", ""Ltf"", ""Ncf4"", ""Rgs18"", ""Pi16"", ""C3"", ""Serpinb1a"", ""Lilrb4a"", ""Fgd4"", ""Pik3r6"", ""Sirpa"", ""Stfa3"", ""Lrrk2"", ""App"", ""Rin2"", ""Naip2"", ""Rgs2"", ""Nupr1"", ""Rasgrp4"", ""Aph1c"", ""Plekhg1"", ""Dock1"", ""Vsir"", ""Stard8"", ""Tbc1d8"", ""Cd55"", ""Ctsh"", ""Cdc42ep2"", ""Nlrp3"", ""Nucb2"", ""Anxa2"", ""Cd24a"", ""Mmp25"", ""Anxa3"", ""Sh3bp5"", ""Gnaq"", ""Prkcd"", ""Tifab"", ""Adap1"", ""Rap1gap2"")"
"213","GOBP_NEGATIVE_REGULATION_OF_DEVELOPMENTAL_PROCESS","0.00227539865847252","0.0274617537624107","0.431707695803346","0.700998661323869","1.23534016654593","324","c(""Pglyrp1"", ""Anxa1"", ""Ngp"", ""Pirb"", ""Pi16"", ""Alox5"", ""Nfe2"", ""Spi1"", ""Mmp9"", ""Lilrb4a"", ""Pira2"", ""Sorl1"", ""Lilra6"", ""Cd44"", ""Ccr1"", ""Il1b"", ""Hhex"", ""Pbx1"", ""App"", ""Lyn"", ""Hlx"", ""Xdh"", ""Rgs2"", ""Fgl2"", ""Pilrb1"", ""Csf1r"", ""Ccr2"", ""G6pdx"", ""Lmo2"", ""B2m"", ""Plac8"", ""Ppp3ca"", ""Inhba"", ""Nucb2"", ""Cd24a"", ""Flt1"", ""Tacstd2"", ""Acvrl1"", ""Tgfb2"", ""Ccl9"", ""Hdac4"", ""Slc6a4"", ""Zfhx3"", ""Sema4a"", ""Xylt1"", ""Zbtb7b"", ""Id2"", ""Cdkn1a"", ""Ldlr"")"
"214","GOBP_REGULATION_OF_CELL_ADHESION","0.00271936990167501","0.031476567013844","0.431707695803346","0.70306047948425","1.23943907067344","330","c(""Anxa1"", ""Plaur"", ""Alox5"", ""Spi1"", ""Lilrb4a"", ""Lgals3"", ""Fes"", ""Pik3r6"", ""Adam8"", ""Sirpa"", ""Emilin2"", ""Cd44"", ""Cd9"", ""Ptafr"", ""Il1b"", ""Bst1"", ""Cebpb"", ""Tnfsf13b"", ""Sirpb1b"", ""Arg2"", ""Lyn"", ""Rin2"", ""Hlx"", ""Gcnt2"", ""Tarm1"", ""Fgl2"", ""Cd300a"", ""Dock1"", ""Myo1f"", ""Ccr2"", ""Myadm"", ""Slfn1"", ""Vsir"", ""Csf1"", ""Cd63"", ""Cd55"", ""B2m"", ""Syk"", ""H2-D1"", ""Ppp3ca"", ""Nlrp3"", ""Alox15"", ""Il15"", ""Cd24a"", ""Plxnc1"", ""Lrp1"", ""Ninj1"", ""Prkcd"", ""Plxnb2"", ""Enpp2"", ""Dusp3"", ""Tacstd2"", ""Vav3"", ""Acvrl1"", ""Il6ra"", ""Tgfb2"", ""Tfe3"", 
""Fut7"", ""Cxcr4"", ""Cd80"", ""Zfhx3"", ""Ccdc80"", ""Itgal"", ""Rsu1"", ""Pnp"", ""Zbtb7b"", ""Rhod"", ""H2-K1"", ""F11r"", ""Tgm2"")"
"215","GOBP_LEUKOCYTE_DIFFERENTIATION","0.00327433551609133","0.0361202139025574","0.431707695803346","0.706764242979169","1.24587036320304","308","c(""Pglyrp1"", ""Anxa1"", ""Itgam"", ""Tyrobp"", ""Pirb"", ""Cd300lf"", ""Spi1"", ""Fcer1g"", ""Lilrb4a"", ""Pira2"", ""Fes"", ""Pik3r6"", ""Adam8"", ""Lilra6"", ""Cd44"", ""Ccr1"", ""Il1b"", ""Hhex"", ""Cebpb"", ""Tnfsf13b"", ""Pbx1"", ""App"", ""Rsad2"", ""Lyn"", ""Hlx"", ""Plcg2"", ""Clec4e"", ""Trpm2"", ""Fgl2"", ""Tpd52"", ""Pilrb1"", ""Csf1r"", ""Ccr2"", ""Vsir"", ""Clec4d"", ""Csf1"", ""Fosl2"", ""Snx10"", ""B2m"", ""Syk"", ""Ppp3ca"", ""Nlrp3"", ""Psap"", ""Il15"", ""Cd24a"", ""Adgrg3"", ""Fam20c"", ""Ninj1"", ""Il6ra"", ""Ccl9"", ""Tfe3"", ""Tal1"", ""Fut7"", ""Lyl1"", ""Sema4a"", ""Pnp"", ""Zbtb7b"", 
""Id2"", ""Ripk1"", ""Gadd45g"", ""Chd7"")"
"216","GOCC_BOUNDING_MEMBRANE_OF_ORGANELLE","0.0047219907940994","0.0470280249228592","0.407017918923954","0.707219073615932","1.2463228839747","268","c(""Cd177"", ""Mgst1"", ""Csf3r"", ""Ifitm2"", ""Ncf4"", ""Adam8"", ""Abcd2"", ""Lrrk2"", ""Pde2a"", ""Rsad2"", ""Golim4"", ""Ifitm3"", ""Wipi1"", ""Clec4e"", ""Trpm2"", ""Litaf"", ""Slc2a3"", ""Slc11a1"", ""Ifitm1"", ""Hk2"", ""Mctp1"", ""Treml4"", ""Prom1"", ""Wdfy3"", ""Cd63"", ""Snx18"", ""Snx10"", ""Slc15a3"", ""B2m"", ""H2-D1"", ""Nlrp3"", ""Glipr2"", ""Grn"", ""Nucb2"", ""Anxa2"", ""Slc2a6"", ""Pla2g4a"", ""Cfp"", ""Cd24a"", ""Anxa3"", ""Fam20c"", ""Rab27a"", ""Actn1"", ""Ehd4"", ""Ehd1"", ""Tfe3"", ""Irgm2"", ""Syne2"", ""Xylt1"", ""H2-K1"", ""Sgms1"", ""Ldlr"", ""Cd68"")"
"217","SWEET_LUNG_CANCER_KRAS_UP","0.00487071188714212","0.0482534321754308","0.407017918923954","0.710041750573091","1.25081111238482","252","c(""Pglyrp1"", ""Chil1"", ""Wfdc21"", ""Slpi"", ""Lcn2"", ""Tyrobp"", ""Trbc1"", ""Hdc"", ""Lgals3"", ""Tgfbi"", ""Plbd1"", ""Sirpa"", ""Pla2g7"", ""Cd44"", ""Cd9"", ""Bst1"", ""Ccl6"", ""Hhex"", ""Lbp"", ""Lcp1"", ""Arg2"", ""F3"", ""Glrx"", ""Ear2"", ""Litaf"", ""Napsa"", ""Rnf149"", ""Hk2"", ""F10"", ""Entpd1"", ""G6pdx"", ""Fcgr2b"", ""Cd63"", ""Plp2"", ""Snx10"", ""Ostf1"", ""Ctsh"", ""Sat1"", ""Mpeg1"", ""Vasp"", ""Nudt4"", ""Klf5"", ""Nucb2"", ""Psap"", ""Msr1"", ""Plxnb2"", ""Pkm"", ""Tacstd2"", ""Cotl1"", ""Aldoa"", ""Bhlhe40"", ""Actn1"", ""Ccl9"", ""Dusp6"")"
"218","GOBP_LIPID_METABOLIC_PROCESS","0.00102166173996351","0.0151157670030822","0.45505986738723","0.710182293845102","1.25117684278012","316","c(""Anxa1"", ""Alox5ap"", ""St3gal5"", ""Hacd4"", ""C3"", ""Alox5"", ""Dhrs9"", ""Plbd1"", ""Sorl1"", ""Abcd2"", ""Fgr"", ""Pla2g7"", ""Il1b"", ""Pbx1"", ""App"", ""Cyp4f18"", ""Lyn"", ""Apobr"", ""Plek"", ""Plcg2"", ""Lpcat2"", ""Plscr1"", ""Agpat2"", ""Lipg"", ""Gpx1"", ""G6pdx"", ""Igf1r"", ""Alox15"", ""Smpdl3b"", ""Nucb2"", ""Psap"", ""Smpdl3a"", ""Pla2g4a"", ""Mid1ip1"", ""Lrp1"", ""Flt1"", ""Tbxas1"", ""Mgll"", ""Prkcd"", ""Enpp2"", ""Smpd3"", ""Gm2a"", ""Lpgat1"", ""Rnf213"", ""Fut7"", ""Asah1"", ""Igfbp7"", ""Id2"", ""Sgms1"", ""Ldlr"", ""Myo5a"", ""Cish"", ""Prkar2b"")"
"219","GOBP_CELL_CELL_SIGNALING","0.000435186061668697","0.00757143157292112","0.49849310876659","0.710354237324078","1.25168560087659","380","c(""Anxa1"", ""S100a8"", ""S100a9"", ""Tyrobp"", ""Pirb"", ""Alox5"", ""Nfe2"", ""Mmp9"", ""Fcer1g"", ""Lgals3"", ""Adam8"", ""Lrrk2"", ""Cd44"", ""Ly6c2"", ""Fcgr3"", ""Ccr1"", ""Il1b"", ""Hhex"", ""App"", ""Lyn"", ""Rab44"", ""Ncam1"", ""Trpm2"", ""Cd300a"", ""Aph1c"", ""Ccr2"", ""Stx11"", ""Mctp1"", ""Ffar2"", ""Entpd1"", ""Fcgr2b"", ""Ptpro"", ""Syk"", ""Cyfip1"", ""Ppp3ca"", ""Klf5"", ""Inhba"", ""Igf1r"", ""Nucb2"", ""Pla2g4a"", ""Cd24a"", ""Lrp1"", ""Serp1"", ""Mgll"", ""Gnaq"", ""Orai1"", ""Mapk3"", ""Smpd3"", ""Rab11fip1"", ""Rnf213"", ""Zeb2"", ""Slc6a4"", ""Tnfrsf1b"", ""Grm1"", ""Hgf"", ""Myo5a"", 
""Tgm2"", ""Cd68"", ""Chd7"", ""Prkar2b"", ""Nxn"")"
"220","GOBP_REGULATION_OF_CELL_CELL_ADHESION","0.00412710749544871","0.0425384894414028","0.407017918923954","0.712185432331775","1.25604264634618","231","c(""Anxa1"", ""Plaur"", ""Alox5"", ""Spi1"", ""Lilrb4a"", ""Lgals3"", ""Pik3r6"", ""Adam8"", ""Sirpa"", ""Emilin2"", ""Cd44"", ""Cd9"", ""Ptafr"", ""Il1b"", ""Cebpb"", ""Tnfsf13b"", ""Sirpb1b"", ""Arg2"", ""Lyn"", ""Hlx"", ""Gcnt2"", ""Tarm1"", ""Fgl2"", ""Cd300a"", ""Ccr2"", ""Myadm"", ""Slfn1"", ""Vsir"", ""Cd55"", ""B2m"", ""Syk"", ""H2-D1"", ""Ppp3ca"", ""Nlrp3"", ""Alox15"", ""Il15"", ""Cd24a"", ""Prkcd"", ""Dusp3"", ""Il6ra"", ""Fut7"", ""Cd80"", ""Itgal"", ""Pnp"", ""Zbtb7b"", ""H2-K1"")"
"221","GOBP_CELLULAR_RESPONSE_TO_OXYGEN_CONTAINING_COMPOUND","0.000209722073861239","0.00414808186089757","0.518848077743792","0.713701394952","1.25707278210865","390","c(""Anxa1"", ""Mgst1"", ""Alox5ap"", ""Lcn2"", ""Trim30b"", ""Mapk13"", ""Ltf"", ""Fcgr4"", ""Spi1"", ""Mmp9"", ""Hk3"", ""Lilrb4a"", ""Cd300lb"", ""Fes"", ""Sorl1"", ""Sirpa"", ""Lrrk2"", ""Ly6c2"", ""Il1b"", ""Cebpb"", ""Pde2a"", ""App"", ""Lbp"", ""Cmpk2"", ""Lyn"", ""Plcg2"", ""Plscr1"", ""Trpm2"", ""Litaf"", ""Trim30d"", ""Aldh2"", ""Casp1"", ""Ffar2"", ""Gpx1"", ""Fcgr2b"", ""Cpne3"", ""Cd55"", ""B2m"", ""Cyfip1"", ""Ppp3ca"", ""Inhba"", ""Nlrp3"", ""Pid1"", ""Igf1r"", ""Alox15"", ""Nucb2"", ""Cpne2"", ""Psap"", ""Eif4ebp1"", ""Txn1"", ""Lrp1"", ""Gnaq"", ""Prkcd"", ""Tifab"", ""Pkm"", ""Orai1"", ""Mapk3"", 
""Smpd3"", ""Fut7"", ""Slc6a4"", ""Tnfrsf1b"", ""Irgm2"", ""Trim30a"", ""Cd80"", ""Zbtb7b"", ""Id2"", ""Hgf"", ""Trim30c"", ""Ldlr"", ""Myo5a"", ""Ripk1"", ""Gna15"", ""Tgm2"", ""Cd68"")"
"222","GOBP_MULTICELLULAR_ORGANISMAL_LEVEL_HOMEOSTASIS","0.00100325392285567","0.0148824799029932","0.45505986738723","0.715647888244719","1.26051442968019","303","c(""Anxa1"", ""Lcn2"", ""Itgam"", ""Pirb"", ""Fcgr4"", ""Cxcr2"", ""Spi1"", ""Fcer1g"", ""Lilrb4a"", ""Sorl1"", ""Adam8"", ""Cd44"", ""Il1b"", ""Cebpb"", ""Gapt"", ""Tnfsf13b"", ""Lyn"", ""Slc40a1"", ""Gcnt2"", ""Trpm2"", ""Napsa"", ""Slc11a1"", ""Csf1r"", ""Ccr2"", ""Csf1"", ""Gpx1"", ""Fosl2"", ""Tex15"", ""G6pdx"", ""Prom1"", ""Fcgr2b"", ""Lmo2"", ""Snx10"", ""Ctsh"", ""G0s2"", ""B2m"", ""Syk"", ""Hba-a1"", ""Plac8"", ""Metrnl"", ""Inhba"", ""Oas1g"", ""Igf1r"", ""Il15"", ""Pla2g4a"", ""Hbb-bs"", ""Lmo1"", ""Cd24a"", ""Nt5e"", ""Isg15"", ""Tgfb2"", ""Tfe3"", ""Tal1"", ""Zeb2"", ""Cxcr4"", ""Hmox1"", ""Zbtb7b"", 
""Id2"")"
"223","GOCC_GOLGI_APPARATUS","0.000609066459329393","0.0100096432397661","0.477270815362862","0.716849307354987","1.26324384119426","339","c(""Slpi"", ""Mtus1"", ""St3gal5"", ""Lyz2"", ""Cd33"", ""Hck"", ""Fes"", ""Tgfbi"", ""Cpd"", ""Sorl1"", ""Lrrk2"", ""Cd44"", ""Gapt"", ""Pde2a"", ""App"", ""Rsad2"", ""Golim4"", ""Lyn"", ""Wipi1"", ""Lpcat2"", ""Plscr1"", ""Gcnt2"", ""Litaf"", ""Stx11"", ""Rnf149"", ""Rnf144a"", ""Lipg"", ""Syne1"", ""B2m"", ""H2-D1"", ""Ms4a4a"", ""Klf5"", ""Gsap"", ""Nlrp3"", ""Atp8b4"", ""Glipr2"", ""Grn"", ""Nucb2"", ""Ms4a6c"", ""Pla2g4a"", ""Cfp"", ""Lyz1"", ""Lrp1"", ""Fam20c"", ""Rab27a"", ""Gnaq"", ""Vamp5"", ""Dapk2"", ""Mapk3"", ""Smpd3"", ""Steap4"", ""Tgfb2"", ""Rnd3"", ""Fut7"", ""Irgm2"", ""Chst15"", ""Pkdcc"", 
""Xylt1"", ""H2-K1"", ""Sgms1"", ""Ldlr"", ""Myo5a"", ""Galnt3"", ""Chac1"", ""Ms4a4c"", ""Fut4"", ""Furin"", ""Syndig1l"", ""Sdc3"", ""Tmem50b"", ""Cd14"")"
"224","GOCC_EXTERNAL_SIDE_OF_PLASMA_MEMBRANE","0.00175797877787988","0.0225071386064664","0.45505986738723","0.718685425111279","1.26522087891046","241","c(""Clec4a2"", ""Plaur"", ""Itgam"", ""Csf3r"", ""Pirb"", ""Fcgr4"", ""Cd33"", ""Cxcr2"", ""Fcer1g"", ""Lilrb4a"", ""Lgals3"", ""Siglece"", ""Gsr"", ""Cd44"", ""Cd9"", ""Fcgr3"", ""Ccr1"", ""Ebi3"", ""Csf2rb"", ""Clec4e"", ""Ncam1"", ""Ccr2"", ""Vsir"", ""Clec4d"", ""Entpd1"", ""Fcgr2b"", ""Cd55"", ""Clec4a1"", ""B2m"", ""Tcn2"", ""H2-D1"", ""Clec4a3"", ""Cd24a"", ""Lrp1"", ""Nt5e"", ""Ccr3"", ""Alcam"", ""Il6ra"", ""Il13ra1"", ""Clec4n"", ""Cxcr4"", ""Cd80"", ""Itgal"", ""Cd302"", ""Cd200r1"", ""H2-K1"", ""Ldlr"", ""Csf2rb2"", ""Ly6g5b"", ""Adgre1"", ""Sell"", ""Fcgr1"")"
"225","GOMF_SIGNALING_RECEPTOR_BINDING","5.0232748282662e-05","0.00138127805887495","0.557332238758646","0.719885626198892","1.26815709249745","441","c(""Pglyrp1"", ""Cd177"", ""Plaur"", ""Itgam"", ""Pilra"", ""Tyrobp"", ""Pirb"", ""Retnlg"", ""C3"", ""Cd300lf"", ""Pilrb2"", ""Hck"", ""Lilrb4a"", ""Lgals3"", ""Pira2"", ""Fes"", ""Adam8"", ""Fgr"", ""Lilra6"", ""Lrrk2"", ""Cd44"", ""Cd9"", ""Ly6c2"", ""Fcgr3"", ""Il1b"", ""Ccl6"", ""Tnfsf13b"", ""Ebi3"", ""App"", ""Lbp"", ""Lcp1"", ""Lyn"", ""Wipi1"", ""Plscr1"", ""Tarm1"", ""Pilrb1"", ""Clec4d"", ""Csf1"", ""Rtp4"", ""Cpne3"", ""Unc93b1"", ""Cdc42ep2"", ""Syk"", ""H2-D1"", ""Hba-a1"", ""Metrnl"", ""Inhba"", ""Osgin1"", ""Klra17"", ""Grn"", ""Igf1r"", ""Nucb2"", ""Psap"", ""Il15"", ""Lrp1"", ""Gnaq"", ""Mfsd6"", 
""Dusp3"", ""Isg15"", ""Vav3"", ""Actn1"", ""Il6ra"", ""Tgfb2"", ""Ccl9"", ""Slc6a4"", ""Nampt"", ""Cd80"", ""Itgal"", ""Sema4a"", ""Hgf"", ""H2-K1"", ""Pik3ap1"", ""Ripk1"", ""Gna15"", ""F11r"")"
"226","GRAESSMANN_APOPTOSIS_BY_SERUM_DEPRIVATION_UP","0.00345932430766559","0.0375726611219864","0.431707695803346","0.722411186802035","1.27400307713694","225","c(""Wfdc21"", ""Ngp"", ""Slfn4"", ""Fcgr4"", ""C3"", ""Ifi204"", ""Fes"", ""Oasl2"", ""Gca"", ""Oas3"", ""Cebpb"", ""Rsad2"", ""Cmpk2"", ""Rin2"", ""Samhd1"", ""Xdh"", ""Plscr1"", ""Slc2a3"", ""Ddx60"", ""Kctd12"", ""Trim30d"", ""Csf1"", ""Rtp4"", ""Themis2"", ""Plp2"", ""Oas2"", ""H2-D1"", ""Ifit3"", ""Ifit1"", ""Ifih1"", ""Oasl1"", ""Dapk2"", ""Isg15"", ""Irf7"", ""Zbp1"", ""Trafd1"", ""Eif2ak2"", ""Steap4"", ""Ccl9"", ""Rnd3"", ""Dusp6"", ""Ifit2"", ""Lmo4"", ""Zeb2"", ""Irgm2"", ""Trim30a"", ""Igfbp7"", ""Pnp"", ""Parp14"", ""Slfn8"", ""Oas1a"", ""Chac1"", ""Usp18"", ""Tor3a"", ""Irf9"")"
"227","GOBP_ADAPTIVE_IMMUNE_RESPONSE","0.00194242145350745","0.0241406467568557","0.45505986738723","0.724291495576902","1.2741611859921","246","c(""Anxa1"", ""Clec4a2"", ""Csf3r"", ""Pirb"", ""C3"", ""Fcer1g"", ""Lilrb4a"", ""Cd44"", ""Fcgr3"", ""Il1b"", ""Il18rap"", ""Gapt"", ""Tnfsf13b"", ""Rsad2"", ""Csf2rb"", ""Arg2"", ""Lyn"", ""Hlx"", ""Tarm1"", ""Sh2d1b1"", ""Fgl2"", ""Slc11a1"", ""Ccr2"", ""Slfn1"", ""Stx11"", ""Vsir"", ""Treml4"", ""Clec4d"", ""Fosl2"", ""Fcgr2b"", ""Cd55"", ""Ctsh"", ""B2m"", ""Unc93b1"", ""Syk"", ""H2-D1"", ""Nlrp3"", ""Alox15"", ""Pla2g4a"", ""Cd24a"", ""Rab27a"", ""Mfsd6"", ""Prkcd"", ""Orai1"", ""C3ar1"", ""Alcam"", ""Irf7"", ""Il6ra"", ""Tfe3"", ""Fut7"", ""Tnfrsf1b"", ""Clec4n"", ""Cd80"", ""Rnf19b"", ""Sema4a"", 
""Pnp"", ""Zbtb7b"", ""H2-K1"", ""Gadd45g"", ""Csf2rb2"", ""Adgre1"")"
"228","GOBP_POSITIVE_REGULATION_OF_DEVELOPMENTAL_PROCESS","8.26694543544129e-06","0.000314870077159342","0.593325476396405","0.724091449078046","1.27487367344534","479","c(""Anxa1"", ""Cybb"", ""Chil1"", ""Lcn2"", ""Itgam"", ""C5ar1"", ""Tyrobp"", ""Ltf"", ""Camp"", ""Cxcr2"", ""C3"", ""Alox5"", ""Spi1"", ""Mmp9"", ""Lilrb4a"", ""Ifi204"", ""Lgals3"", ""Fes"", ""Sorl1"", ""Pik3r6"", ""Adam8"", ""Emilin2"", ""Ccr1"", ""Il1b"", ""Cebpb"", ""Tmsb4x"", ""Tnfsf13b"", ""App"", ""Lyn"", ""Rin2"", ""Hlx"", ""F3"", ""Ncam1"", ""Gcnt2"", ""Ifitm1"", ""Csf1r"", ""Ccr2"", ""Vsir"", ""Hk2"", ""Csf1"", ""Prom1"", ""Ctsh"", ""Syk"", ""Cyfip1"", ""Ppp3ca"", ""Klf5"", ""Metrnl"", ""Inhba"", ""Nlrp3"", ""Glipr2"", ""Grn"", ""Igf1r"", ""Il15"", ""Cd24a"", ""Anxa3"", ""Plxnc1"", ""Lrp1"", ""Flt1"", 
""Msr1"", ""Serp1"", ""Fam20c"", ""Ninj1"", ""Pdlim7"", ""Plxnb2"", ""Pkm"", ""Ccr3"", ""Nin"", ""Enpp2"", ""C3ar1"", ""Isg15"", ""Tacstd2"", ""Acvrl1"", ""Ehd1"", ""Tgfb2"", ""Ccl9"", ""Tfe3"", ""Tal1"", ""Zeb2"", ""Tnfrsf1b"", ""Irgm2"", ""Cxcr4"", ""Pkdcc"", ""Zfhx3"", ""Sema4a"", ""Hmox1"", ""Pnp"", ""Zbtb7b"", ""Id2"", ""Hgf"", ""Ripk1"", ""F11r"", ""Tgm2"", ""Chd7"")"
"229","GOBP_CELL_ADHESION","7.9890715706624e-06","0.000314870077159342","0.593325476396405","0.724510848856797","1.27561209086107","479","c(""Cd177"", ""Anxa1"", ""S100a8"", ""Plaur"", ""S100a9"", ""Itgam"", ""Csf3r"", ""Cd33"", ""Alox5"", ""Spi1"", ""Lilrb4a"", ""Lgals3"", ""Fes"", ""Tgfbi"", ""Cldn15"", ""Pik3r6"", ""Adam8"", ""Siglece"", ""Sirpa"", ""Stfa3"", ""Emilin2"", ""Cd44"", ""Cd9"", ""Ptafr"", ""Il1b"", ""Bst1"", ""Cebpb"", ""Tnfsf13b"", ""App"", ""Sirpb1b"", ""Arg2"", ""Lyn"", ""Rin2"", ""Hlx"", ""Plek"", ""Ncam1"", ""Gcnt2"", ""Tarm1"", ""Fgl2"", ""Cd300a"", ""Dock1"", ""Myo1f"", ""Ccr2"", ""Myadm"", ""Slfn1"", ""Vsir"", ""Csf1"", ""Cd63"", ""Cd55"", ""B2m"", ""Syk"", ""H2-D1"", ""Zyx"", ""Ppp3ca"", ""Nlrp3"", ""Alox15"", ""Siglecf"", 
""Il15"", ""Cd24a"", ""Plxnc1"", ""Lrp1"", ""Ninj1"", ""Nt5e"", ""Prkcd"", ""Plxnb2"", ""Enpp2"", ""Cldn1"", ""Dusp3"", ""Tacstd2"", ""Alcam"", ""Vav3"", ""Actn1"", ""Acvrl1"", ""Siglec1"", ""Il6ra"", ""Tgfb2"", ""Tfe3"", ""Cadm3"", ""Fut7"", ""Slc6a4"", ""Cxcr4"", ""Cd80"", ""Zfhx3"", ""Igfbp7"", ""Ccdc80"", ""Itgal"", ""Rsu1"", ""Pnp"", ""Zbtb7b"", ""Cd200r1"", ""Rhod"", ""H2-K1"")"
"230","GOBP_LEUKOCYTE_PROLIFERATION","0.00371830877156614","0.0398481113028866","0.431707695803346","0.723026450441086","1.27652862364853","199","c(""Anxa1"", ""Itgam"", ""Tyrobp"", ""Lst1"", ""Lilrb4a"", ""Lgals3"", ""Cd44"", ""Il1b"", ""Bst1"", ""Hhex"", ""Cebpb"", ""Gapt"", ""Tnfsf13b"", ""Ebi3"", ""Csf2rb"", ""Arg2"", ""Lyn"", ""Tarm1"", ""Cd300a"", ""Slc11a1"", ""Csf2ra"", ""Csf1r"", ""Ccr2"", ""Slfn1"", ""Vsir"", ""Csf1"", ""Fosl2"", ""Fcgr2b"", ""Cd55"", ""Syk"", ""H2-D1"", ""Ppp3ca"", ""Il15"", ""Lmo1"", ""Cd24a"", ""Prkcd"", ""Mapk3"", ""Vav3"", ""Tnfrsf1b"", ""Cxcr4"", ""Cd80"", ""Itgal"", ""Pnp"", ""Zbtb7b"", ""Cdkn1a"", ""H2-K1"")"
"231","GOMF_MOLECULAR_FUNCTION_ACTIVATOR_ACTIVITY","0.000344048562434444","0.00619617171387527","0.49849310876659","0.727898376422517","1.28106431397008","283","c(""Pglyrp1"", ""Ncf1"", ""Wfdc21"", ""Ncf2"", ""Alox5ap"", ""Ltf"", ""Retnlg"", ""Ncf4"", ""Rgs18"", ""Lgals3"", ""Lrrk2"", ""Il1b"", ""Ccl6"", ""Tnfsf13b"", ""Ebi3"", ""App"", ""Rin2"", ""Rgs2"", ""Nupr1"", ""Aph1c"", ""Vsir"", ""Csf1"", ""Stard8"", ""Tbc1d8"", ""Ctsh"", ""Cdc42ep2"", ""Metrnl"", ""Inhba"", ""Nlrp3"", ""Osgin1"", ""Grn"", ""Il15"", ""Cd24a"", ""Mmp25"", ""Gnaq"", ""Prkcd"", ""Tifab"", ""Adap1"", ""Rap1gap2"", ""Tgfb2"", ""Ccl9"", ""Gm2a"", ""Irgm2"", ""Nampt"", ""Cd80"", ""Sema4a"", ""Cdkn1a"", ""Hgf"")"
"232","LEE_BMP2_TARGETS_UP","0.000508320710397255","0.00868304195305857","0.477270815362862","0.728296303432705","1.28305914105938","266","c(""Lcn2"", ""Gda"", ""Ltf"", ""Lyz2"", ""Crispld2"", ""Hacd4"", ""Serpinb1a"", ""Msrb1"", ""Hdc"", ""Fgd4"", ""Oasl2"", ""F5"", ""Slc40a1"", ""Wipi1"", ""F3"", ""Plek"", ""Plscr1"", ""Ier3"", ""Fgl2"", ""Nupr1"", ""Ifitm1"", ""Vsir"", ""Casp1"", ""Padi4"", ""Lipg"", ""Entpd1"", ""Prom1"", ""Lmo2"", ""Ctsh"", ""Sat1"", ""Tcn2"", ""Unc93b1"", ""H2-D1"", ""Grn"", ""Alox15"", ""Phactr2"", ""Smpdl3a"", ""Lrp1"", ""Ifih1"", ""Fam20c"", ""Plxnb2"", ""Enpp2"", ""Alcam"", ""Vav3"", ""Efhd2"", ""Abca9"", ""Irgm2"", ""Htra3"", ""Ccdc80"", ""Sema4a"")"
"233","GOCC_ENDOSOME","0.00194242145350745","0.0241406467568557","0.45505986738723","0.727815648747333","1.28353407731298","225","c(""Anxa1"", ""Ifitm2"", ""Ltf"", ""Ncf4"", ""Serpinb1a"", ""Sorl1"", ""Tlr13"", ""Lrrk2"", ""App"", ""Golim4"", ""Ifitm3"", ""Wipi1"", ""Litaf"", ""Slc11a1"", ""Ifitm1"", ""Rnf149"", ""Mctp1"", ""Treml4"", ""Lipg"", ""Fcgr2b"", ""Cd63"", ""Snx18"", ""Snx10"", ""Slc15a3"", ""B2m"", ""Unc93b1"", ""Cd300lg"", ""H2-D1"", ""Wdfy4"", ""Neurl3"", ""Grn"", ""Psap"", ""Anxa2"", ""Lrp1"", ""Flt1"", ""Rab27a"", ""Vamp5"", ""Prkcd"", ""Ccr3"", ""Mapk3"", ""Ehd4"", ""Ehd1"", ""Siglec1"", ""Rab11fip1"", ""Steap4"", ""Tgfb2"", ""Slc6a4"", ""Cxcr4"", ""Samd9l"", ""Rhod"", ""H2-K1"", ""Ldlr"", ""Myo5a"", ""Cd68"")"
"234","GOLDRATH_ANTIGEN_RESPONSE","0.000783082533027127","0.012399539996275","0.477270815362862","0.728922017303203","1.28427947721238","288","c(""Pglyrp1"", ""Anxa1"", ""Mgst1"", ""Slpi"", ""Tyrobp"", ""S100a6"", ""Ncf4"", ""S100a11"", ""C3"", ""Lgals3"", ""Plbd1"", ""Adam8"", ""Cd44"", ""Il18rap"", ""Dstn"", ""Lyn"", ""Ifitm3"", ""Plcg2"", ""Capg"", ""Plscr1"", ""Ier3"", ""Glrx"", ""Litaf"", ""Slc2a3"", ""Fgl2"", ""Napsa"", ""Myo1f"", ""Ccr2"", ""Myadm"", ""Casp1"", ""Skap2"", ""Evi2a"", ""Plp2"", ""Snx10"", ""Ahnak"", ""Cyfip1"", ""Nudt4"", ""Unc119"", ""Anxa2"", ""Hbb-bs"", ""Cd24a"", ""Txn1"", ""Pgam1"", ""Alcam"", ""Bhlhe40"", ""Hip1r"", ""Ccl9"", ""Efhd2"", ""N4bp1"", ""Fut7"", ""Pqlc3"", ""Lyl1"", ""Id2"", ""Cd68"", ""Carhsp1"", ""Cish"", 
""Adgre1"", ""Dusp1"", ""Rell1"")"
"235","GOBP_CELL_CELL_ADHESION","9.64494067399505e-05","0.00230375129573348","0.538434096309916","0.73085284884756","1.28776815500344","317","c(""Cd177"", ""Anxa1"", ""S100a8"", ""Plaur"", ""S100a9"", ""Itgam"", ""Alox5"", ""Spi1"", ""Lilrb4a"", ""Lgals3"", ""Pik3r6"", ""Adam8"", ""Sirpa"", ""Stfa3"", ""Emilin2"", ""Cd44"", ""Cd9"", ""Ptafr"", ""Il1b"", ""Cebpb"", ""Tnfsf13b"", ""Sirpb1b"", ""Arg2"", ""Lyn"", ""Hlx"", ""Plek"", ""Ncam1"", ""Gcnt2"", ""Tarm1"", ""Fgl2"", ""Cd300a"", ""Ccr2"", ""Myadm"", ""Slfn1"", ""Vsir"", ""Cd55"", ""B2m"", ""Syk"", ""H2-D1"", ""Ppp3ca"", ""Nlrp3"", ""Alox15"", ""Il15"", ""Cd24a"", ""Ninj1"", ""Nt5e"", ""Prkcd"", ""Plxnb2"", ""Cldn1"", ""Dusp3"", ""Alcam"", ""Il6ra"", ""Tgfb2"", ""Cadm3"", ""Fut7"", ""Slc6a4"", 
""Cd80"", ""Itgal"", ""Pnp"", ""Zbtb7b"", ""Cd200r1"", ""H2-K1"")"
"236","GOBP_REGULATION_OF_LOCOMOTION","3.73239313749213e-05","0.00107344388347159","0.557332238758646","0.730831115479336","1.28792939686415","379","c(""Anxa1"", ""Mtus1"", ""Lcn2"", ""C5ar1"", ""S100a11"", ""Cxcr2"", ""Spi1"", ""Mmp9"", ""Lgals3"", ""Fes"", ""Sorl1"", ""Adam8"", ""Fgr"", ""Lrrk2"", ""Emilin2"", ""Pla2g7"", ""Cd9"", ""Ptafr"", ""Ccr1"", ""Il1b"", ""Bst1"", ""Tmsb4x"", ""App"", ""Lbp"", ""Lyn"", ""Rin2"", ""F3"", ""Plcg2"", ""Gcnt2"", ""Cd300a"", ""Dock1"", ""Ifitm1"", ""Myo1f"", ""Csf1r"", ""Ccr2"", ""Myadm"", ""Vsir"", ""Mctp1"", ""Csf1"", ""Cd63"", ""Cpne3"", ""Ctsh"", ""Ppp3ca"", ""Osgin1"", ""Glipr2"", ""Grn"", ""Igf1r"", ""Anxa3"", ""Plxnc1"", ""Lrp1"", ""Flt1"", ""Adgrg3"", ""Ninj1"", ""Plxnb2"", ""Dapk2"", ""Enpp2"", ""C3ar1"", ""Cldn1"", 
""Dusp3"", ""Tacstd2"", ""Mapk3"", ""Smpd3"", ""Aldoa"", ""Acvrl1"", ""Tgfb2"", ""Hdac4"", ""Lmo4"", ""Zeb2"", ""Fut7"", ""Cxcr4"", ""Syne2"", ""Sema4a"", ""Hmox1"", ""Cd200r1"", ""Hgf"", ""Rhod"")"
"237","GOBP_POSITIVE_REGULATION_OF_CELL_ACTIVATION","0.000866376889849962","0.0133072657440987","0.477270815362862","0.732268449273472","1.29135328612722","207","c(""Cd177"", ""Anxa1"", ""Itgam"", ""Tyrobp"", ""Spi1"", ""Fcer1g"", ""Lilrb4a"", ""Cd300lb"", ""Pik3r6"", ""Adam8"", ""Fgr"", ""Sirpa"", ""Lrrk2"", ""Ptafr"", ""Il1b"", ""Bst1"", ""Tnfsf13b"", ""Lbp"", ""Sirpb1b"", ""Hlx"", ""Plek"", ""Csf1r"", ""Ccr2"", ""Vsir"", ""Clec4d"", ""Cd55"", ""B2m"", ""Syk"", ""H2-D1"", ""Ppp3ca"", ""Nlrp3"", ""Il15"", ""Pla2g4a"", ""Cd24a"")"
"238","GOBP_RESPONSE_TO_CYTOKINE","7.15545155296578e-06","0.000290390462376032","0.610526878385931","0.734383876108768","1.29396558692755","386","c(""Anxa1"", ""Ifitm6"", ""Wfdc21"", ""Csf3r"", ""Mapk13"", ""Ifitm2"", ""Pirb"", ""Cxcr2"", ""Cd300lf"", ""Spi1"", ""Fcer1g"", ""Lilrb4a"", ""Ifi204"", ""Pira2"", ""Oasl2"", ""Sirpa"", ""Lilra6"", ""Lrrk2"", ""Ccr1"", ""Il1b"", ""Ccl6"", ""Oas3"", ""Cebpb"", ""Il18rap"", ""Il1r2"", ""Tnfsf13b"", ""Ebi3"", ""Pde2a"", ""App"", ""Csf2rb"", ""Lyn"", ""Samhd1"", ""Naip2"", ""Ifitm3"", ""F3"", ""Capg"", ""Casp4"", ""Plscr1"", ""Slc11a1"", ""Ifitm1"", ""Csf2ra"", ""Csf1r"", ""Ccr2"", ""Stx11"", ""Hk2"", ""Casp1"", ""Csf1"", ""Fosl2"", ""Snx10"", ""Cdc42ep2"", ""Oas2"", ""Syk"", ""Zyx"", ""Ifit3"", ""Klf5"", ""Ifit1"", 
""Pid1"", ""Oas1g"", ""Alox15"", ""Klf6"", ""Il15"", ""Cd24a"", ""Ifih1"", ""Oasl1"", ""Mefv"", ""Cldn1"", ""Isg15"", ""Mapk3"", ""Smpd3"", ""Irf7"", ""Zbp1"", ""Eif2ak2"", ""Il6ra"", ""Ccl9"", ""Hdac4"", ""Il13ra1"", ""Ifit2"", ""Irgm2"", ""Cxcr4"", ""Asah1"")"
"239","GOBP_PRODUCTION_OF_MOLECULAR_MEDIATOR_OF_IMMUNE_RESPONSE","0.0044289734573313","0.0448224836247334","0.407017918923954","0.735445680994696","1.29706128402116","149","c(""Fcgr4"", ""Fcer1g"", ""Lilrb4a"", ""Il1b"", ""Il18rap"", ""Gapt"", ""Tnfsf13b"", ""Rsad2"", ""Samhd1"", ""Plcg2"", ""Casp4"", ""Litaf"", ""Fgl2"", ""Slc11a1"", ""Ccr2"", ""Vsir"", ""Casp1"", ""Ffar2"", ""Fosl2"", ""Fcgr2b"", ""Cd55"", ""B2m"", ""Syk"", ""H2-D1"", ""Nlrp3"")"
"240","GOBP_CIRCULATORY_SYSTEM_DEVELOPMENT","3.00276779217528e-05","0.000914951461864434","0.575610261071129","0.736171745456373","1.29759075222595","355","c(""Anxa1"", ""Cybb"", ""Chil1"", ""Ngp"", ""C5ar1"", ""Camp"", ""Cxcr2"", ""Pi16"", ""C3"", ""Alox5"", ""Nfe2"", ""Spi1"", ""Mmp9"", ""Lgals3"", ""Pik3r6"", ""Adam8"", ""Emilin2"", ""Il1b"", ""Hhex"", ""Tnfaip2"", ""Pde2a"", ""Rin2"", ""F3"", ""Xdh"", ""Ncam1"", ""Rgs2"", ""Ccr2"", ""Hk2"", ""Gpx1"", ""G6pdx"", ""Ctsh"", ""Syk"", ""Klf5"", ""Inhba"", ""Grn"", ""Anxa2"", ""Anxa3"", ""Lrp1"", ""Flt1"", ""Ninj1"", ""Gnaq"", ""Pdlim7"", ""Pkm"", ""Ccr3"", ""C3ar1"", ""Mapk3"", ""Vav3"", ""Acvrl1"", ""Il6ra"", ""Tgfb2"", ""Tal1"", ""Rnf213"", ""Dusp6"", ""Lmo4"", ""Tnfrsf1b"", ""Cxcr4"", ""Lyl1"", ""Sema4a"", ""Hmox1"", 
""Id2"", ""Cdkn1a"", ""Hgf"", ""Ldlr"", ""Chd7"", ""Nxn"", ""Cysltr1"")"
"241","GOBP_LEUKOCYTE_CELL_CELL_ADHESION","0.00155549104624117","0.0206313012415564","0.45505986738723","0.736796267037005","1.29898598774369","210","c(""Cd177"", ""Anxa1"", ""S100a8"", ""S100a9"", ""Itgam"", ""Alox5"", ""Lilrb4a"", ""Lgals3"", ""Pik3r6"", ""Adam8"", ""Sirpa"", ""Cd44"", ""Ptafr"", ""Il1b"", ""Cebpb"", ""Tnfsf13b"", ""Sirpb1b"", ""Arg2"", ""Hlx"", ""Tarm1"", ""Fgl2"", ""Cd300a"", ""Ccr2"", ""Slfn1"", ""Vsir"", ""Cd55"", ""B2m"", ""Syk"", ""H2-D1"", ""Ppp3ca"", ""Nlrp3"", ""Il15"", ""Cd24a"")"
"242","GOCC_CELL_SURFACE","4.04403422392492e-06","0.000188398520002188","0.610526878385931","0.73714789357245","1.29917320667163","414","c(""Anxa1"", ""Clec4a2"", ""Plaur"", ""Itgam"", ""C5ar1"", ""A530064D06Rik"", ""Csf3r"", ""Clec5a"", ""Tyrobp"", ""Pirb"", ""Ltf"", ""Ckap4"", ""Fcgr4"", ""Cd33"", ""Cxcr2"", ""Clec12a"", ""C3"", ""Fcer1g"", ""Lilrb4a"", ""Lgals3"", ""Sorl1"", ""Adam8"", ""Siglece"", ""Sirpa"", ""Gsr"", ""Cd44"", ""Cd9"", ""Ly6c2"", ""Fcgr3"", ""Ccr1"", ""Ebi3"", ""App"", ""Lbp"", ""Csf2rb"", ""Lyn"", ""Ifitm3"", ""F3"", ""Clec4e"", ""Ncam1"", ""Adgre4"", ""Csf1r"", ""Ccr2"", ""Vsir"", ""Treml4"", ""Clec4d"", ""Lipg"", ""Entpd1"", ""Fcrls"", ""Prom1"", ""Fcgr2b"", ""Cd63"", ""Cd55"", ""Clec4a1"", ""B2m"", ""Tcn2"", ""H2-D1"", 
""Clec4a3"", ""Anxa2"", ""Il15"", ""Cd24a"", ""Mmp25"", ""Lrp1"", ""Nt5e"", ""Vamp5"", ""Ccr3"", ""Alcam"", ""Acvrl1"", ""Il6ra"", ""Tgfb2"", ""Il13ra1"", ""Clec4n"", ""Cxcr4"", ""Cd80"", ""Treml2"", ""Itgal"", ""Cd302"", ""Cd200r1"")"
"243","GOBP_EPITHELIAL_CELL_DIFFERENTIATION","0.00212740862357548","0.0260134542540021","0.431707695803346","0.736102331653963","1.29975916627462","176","c(""Anxa1"", ""Plaur"", ""Mmp9"", ""Stfa3"", ""Il1b"", ""Hhex"", ""Cebpb"", ""Pde2a"", ""Tgm3"", ""Xdh"", ""Csf1r"", ""Myadm"", ""Gpx1"", ""Fosl2"", ""Prom1"", ""Cd63"", ""Tgm1"", ""Ptpro"", ""Ppp3ca"", ""Klf5"", ""Psap"", ""Cd24a"", ""Fam20c"", ""Mafg"", ""Cldn1"", ""Acvrl1"", ""Tgfb2"", ""Zeb2"", ""Cxcr4"", ""Asah1"", ""Id2"", ""Cdkn1a"", ""F11r"")"
"244","GOBP_REGULATION_OF_PROTEOLYSIS","0.000929622754817741","0.0141247532854652","0.477270815362862","0.737985873407418","1.3008872480464","215","c(""S100a8"", ""Plaur"", ""S100a9"", ""Slpi"", ""Ngp"", ""Ltf"", ""Pi16"", ""Serpinb1a"", ""Mmp9"", ""Sorl1"", ""Adam8"", ""Stfa3"", ""Lrrk2"", ""Cd44"", ""Il1b"", ""Il1r2"", ""App"", ""Lyn"", ""Naip2"", ""F3"", ""Xdh"", ""Nupr1"", ""Aph1c"", ""Vsir"", ""Casp1"", ""Rnf144a"", ""Gpx1"", ""Ctsh"", ""Syk"", ""Gsap"", ""Nlrp3"", ""Grn"")"
"245","REACTOME_HEMOSTASIS","0.00185186875027997","0.0232494078960539","0.45505986738723","0.739060258177922","1.30349278921744","185","c(""Cd177"", ""Plaur"", ""Itgam"", ""Fcer1g"", ""Pik3r6"", ""Fgr"", ""Sirpa"", ""Cd44"", ""Cd9"", ""Tmsb4x"", ""Pde2a"", ""App"", ""Sirpb1b"", ""Lyn"", ""F5"", ""F3"", ""Plek"", ""Plcg2"", ""Dock1"", ""F10"", ""Cd63"", ""Syk"", ""Phactr2"", ""Psap"", ""Anxa2"", ""Pla2g4a"", ""Lhfpl2"", ""Mgll"", ""Mafg"", ""Gnaq"", ""Prkcd"", ""Mapk3"", ""Aldoa"", ""Vav3"", ""Actn1"", ""Ehd1"", ""Tgfb2"", ""Itgal"", ""Hgf"", ""Tuba8"", ""Gna15"", ""F11r"", ""Prkar2b"", ""Sell"", ""Kif1b"", ""Sdc3"", ""Gng12"")"
"246","GOBP_POSITIVE_REGULATION_OF_IMMUNE_SYSTEM_PROCESS","5.83230356384081e-07","3.50219126000475e-05","0.659444398037935","0.740320020934854","1.30357097877465","455","c(""Cd177"", ""Anxa1"", ""Itgam"", ""C5ar1"", ""Trim30b"", ""Tyrobp"", ""Ltf"", ""Cxcr2"", ""C3"", ""Cd300lf"", ""Spi1"", ""Mmp9"", ""Fcer1g"", ""Lilrb4a"", ""Cd300lb"", ""Ifi204"", ""Lgals3"", ""Fes"", ""Pik3r6"", ""Adam8"", ""Tlr13"", ""Fgr"", ""Sirpa"", ""Lrrk2"", ""Pla2g7"", ""Cd44"", ""Fcgr3"", ""Ptafr"", ""Ccr1"", ""Il1b"", ""Bst1"", ""Oas3"", ""Il18rap"", ""Tnfsf13b"", ""App"", ""Lbp"", ""Rsad2"", ""Sirpb1b"", ""Lyn"", ""Hlx"", ""Plcg2"", ""Clec4e"", ""Casp4"", ""Plscr1"", ""Sh2d1b1"", ""Ddx60"", ""Cd300a"", ""Slc11a1"", ""Trim30d"", ""Myo1f"", ""Csf1r"", ""Ccr2"", ""Vsir"", ""Casp1"", ""Treml4"", 
""Clec4d"", ""Csf1"", ""Ffar2"", ""Fosl2"", ""Themis2"", ""Cd55"", ""Slc15a3"", ""B2m"", ""Unc93b1"", ""Syk"", ""H2-D1"", ""Ppp3ca"", ""Nlrp3"", ""Oas1g"", ""Smpdl3b"", ""Il15"", ""Pla2g4a"", ""Cfp"", ""Cd24a"", ""Ifih1"", ""Oasl1"", ""Mefv"", ""Ninj1"", ""Dapk2"", ""C3ar1"", ""Dusp3"", ""Mapk3"", ""Irf7"", ""Vav3"", ""Zbp1"", ""Eif2ak2"", ""Tgfb2"", ""Ccl9"", ""Fut7"", ""Irgm2"", ""Clec4n"", ""Trim30a"", ""Cd80"", ""Itgal"", ""Hmox1"", ""Pnp"", ""Zbtb7b"", ""Id2"", ""Cdkn1a"", ""H2-K1"", ""Pik3ap1"", ""Trim30c"", ""Ripk1"")"
"247","GOBP_LYMPHOCYTE_MEDIATED_IMMUNITY","0.00175797877787988","0.0225071386064664","0.45505986738723","0.73882503018657","1.30456672117912","176","c(""Csf3r"", ""Pirb"", ""Fcgr4"", ""C3"", ""Fcer1g"", ""Lilrb4a"", ""Pik3r6"", ""Fcgr3"", ""Il1b"", ""Il18rap"", ""Gapt"", ""Rsad2"", ""Csf2rb"", ""Sh2d1b1"", ""Fgl2"", ""Slc11a1"", ""Ccr2"", ""Stx11"", ""Vsir"", ""Treml4"", ""Fosl2"", ""Fcgr2b"", ""Cd55"", ""Ctsh"", ""B2m"", ""Unc93b1"", ""H2-D1"", ""Nlrp3"", ""Cd24a"", ""Rab27a"", ""Prkcd"", ""Irf7"", ""Fut7"", ""Tnfrsf1b"", ""Cd80"", ""Rnf19b"", ""Pnp"", ""H2-K1"")"
"248","GOBP_MYELOID_CELL_DIFFERENTIATION","0.0016659388683587","0.0216879847596721","0.45505986738723","0.738778885732671","1.30508596255255","197","c(""Itgam"", ""Csf3r"", ""Clec5a"", ""Tyrobp"", ""Pirb"", ""Cd300lf"", ""Spi1"", ""Fcer1g"", ""Lilrb4a"", ""Pira2"", ""Fes"", ""Adam8"", ""Lilra6"", ""Ccr1"", ""Hhex"", ""Cebpb"", ""App"", ""Lyn"", ""Plscr1"", ""Pilrb1"", ""Csf1r"", ""Csf1"", ""Fosl2"", ""G6pdx"", ""Lmo2"", ""Snx10"", ""B2m"", ""Hba-a1"", ""Ppp3ca"", ""Inhba"", ""Il15"", ""Hbb-bs"", ""Fam20c"", ""Ninj1"", ""Tifab"", ""Isg15"", ""Actn1"", ""Ccl9"", ""Tfe3"", ""Tal1"")"
"249","GOBP_CELLULAR_RESPONSE_TO_LIPID","0.0014464883594207","0.0194602741815143","0.45505986738723","0.741170216478656","1.30698370102424","184","c(""Anxa1"", ""Mgst1"", ""Trim30b"", ""Ltf"", ""Fcgr4"", ""Spi1"", ""Lilrb4a"", ""Cd300lb"", ""Fes"", ""Sirpa"", ""Il1b"", ""Cebpb"", ""Pde2a"", ""Lbp"", ""Cmpk2"", ""Lyn"", ""Plcg2"", ""Plscr1"", ""Litaf"", ""Trim30d"", ""Casp1"", ""Ffar2"", ""Cd55"", ""B2m"", ""Syk"", ""Inhba"", ""Nlrp3"", ""Pid1"", ""Eif4ebp1"", ""Tifab"", ""Mapk3"", ""Tnfrsf1b"", ""Irgm2"", ""Trim30a"", ""Cd80"", ""Trim30c"", ""Ldlr"", ""Cd68"")"
"250","GOBP_POSITIVE_REGULATION_OF_TRANSPORT","2.10834872570101e-05","0.000675270554930488","0.575610261071129","0.742416098396586","1.30782053589251","315","c(""Cd177"", ""Anxa1"", ""S100a8"", ""S100a9"", ""Lcn2"", ""Itgam"", ""C3"", ""Cd300lf"", ""Alox5"", ""Fcer1g"", ""Lgals3"", ""Sorl1"", ""Fgr"", ""Sirpa"", ""Lrrk2"", ""Fcgr3"", ""Ptafr"", ""Ccr1"", ""Il1b"", ""Cebpb"", ""App"", ""Lbp"", ""Sirpb1b"", ""Plcg2"", ""Glrx"", ""Trpm2"", ""Slc11a1"", ""Ccr2"", ""Ffar2"", ""Lipg"", ""G6pdx"", ""Fcgr2b"", ""Cd63"", ""B2m"", ""Syk"", ""Ppp3ca"", ""Nucb2"", ""Anxa2"", ""Il15"", ""Pla2g4a"", ""Cfp"", ""Lrp1"", ""Serp1"", ""Rab27a"", ""Gnaq"", ""Prkcd"", ""Orai1"", ""Smpd3"", ""Ehd1"", ""Hip1r"", ""Tgfb2"")"
"251","GOBP_CELLULAR_LIPID_METABOLIC_PROCESS","0.000718971276171434","0.0115465557942404","0.477270815362862","0.741988655062216","1.30794316578016","215","c(""Anxa1"", ""Alox5ap"", ""Hacd4"", ""C3"", ""Alox5"", ""Dhrs9"", ""Plbd1"", ""Sorl1"", ""Abcd2"", ""Pla2g7"", ""Il1b"", ""Cyp4f18"", ""Apobr"", ""Plek"", ""Plcg2"", ""Lpcat2"", ""Plscr1"", ""Agpat2"", ""Lipg"", ""Gpx1"", ""Alox15"", ""Smpdl3b"", ""Nucb2"", ""Psap"", ""Smpdl3a"", ""Pla2g4a"", ""Mid1ip1"", ""Lrp1"", ""Tbxas1"", ""Mgll"", ""Prkcd"", ""Enpp2"", ""Smpd3"", ""Gm2a"", ""Lpgat1"", ""Rnf213"", ""Fut7"", ""Asah1"", ""Sgms1"", ""Ldlr"", ""Myo5a"", ""Cish"", ""Prkar2b"")"
"252","GOBP_ACTIN_FILAMENT_BASED_PROCESS","0.00042151542226635","0.00735629236939756","0.49849310876659","0.742337705645419","1.30948225008464","232","c(""Anxa1"", ""S100a9"", ""Tyrobp"", ""Hck"", ""Msrb1"", ""Fgr"", ""Sirpa"", ""Bst1"", ""Tmsb4x"", ""Lcp1"", ""Dstn"", ""Plek"", ""Capg"", ""Casp4"", ""Trpm2"", ""Myo1f"", ""Csf1r"", ""Myadm"", ""Stard8"", ""Gas7"", ""Cdc42ep2"", ""Zyx"", ""Cyfip1"", ""Vasp"", ""Alox15"", ""Phactr2"", ""Lrp1"", ""Prkcd"", ""Pdlim7"", ""Tacstd2"", ""Svil"", ""Cotl1"", ""Actn1"", ""Hip1r"", ""Tgfb2"", ""Rnd3"", ""Zeb2"", ""Specc1"", ""Diaph2"", ""Syne2"", ""Cdc42ep3"", ""Rhod"", ""Myo5a"", ""F11r"")"
"253","GOBP_REGULATION_OF_CELL_ACTIVATION","1.88495099548103e-05","0.000617759811716662","0.575610261071129","0.74332701820422","1.30994334744713","321","c(""Pglyrp1"", ""Cd177"", ""Anxa1"", ""Itgam"", ""Tyrobp"", ""Cd300lf"", ""Lst1"", ""Spi1"", ""Fcer1g"", ""Lilrb4a"", ""Cd300lb"", ""Lgals3"", ""Fes"", ""Pik3r6"", ""Adam8"", ""Fgr"", ""Sirpa"", ""Lrrk2"", ""Emilin2"", ""Cd44"", ""Cd9"", ""Ptafr"", ""Il1b"", ""Bst1"", ""Cebpb"", ""Tnfsf13b"", ""Lbp"", ""Sirpb1b"", ""Arg2"", ""Lyn"", ""Hlx"", ""Plek"", ""Plscr1"", ""Tarm1"", ""Fgl2"", ""Cd300a"", ""Csf1r"", ""Ccr2"", ""Slfn1"", ""Vsir"", ""Clec4d"", ""Fcgr2b"", ""Themis2"", ""Cd55"", ""B2m"", ""Syk"", ""H2-D1"", ""Ppp3ca"", ""Nlrp3"", ""Grn"", ""Milr1"", ""Il15"", ""Pla2g4a"", ""Lmo1"", ""Cd24a"", ""Gnaq"", 
""Prkcd"", ""Dusp3"", ""Vav3"", ""Il6ra"", ""Lmo4"", ""Tnfrsf1b"", ""Cd80"", ""Itgal"", ""Hmox1"", ""Pnp"", ""Zbtb7b"", ""Id2"", ""Cdkn1a"", ""H2-K1"", ""Ldlr"", ""F11r"")"
"254","GOBP_REGULATION_OF_HYDROLASE_ACTIVITY","5.13552562475321e-05","0.00140528922071523","0.557332238758646","0.743974010912568","1.31043150751275","302","c(""Anxa1"", ""S100a8"", ""Plaur"", ""S100a9"", ""Slpi"", ""Ngp"", ""Ltf"", ""Pi16"", ""Serpinb1a"", ""Mmp9"", ""Sorl1"", ""Oasl2"", ""Stfa3"", ""Lrrk2"", ""Cd44"", ""Ptafr"", ""Ccl6"", ""Oas3"", ""App"", ""Lyn"", ""Ppp1r42"", ""Naip2"", ""F3"", ""Plek"", ""Xdh"", ""Rgs2"", ""Cd300a"", ""Rasgrp4"", ""Aph1c"", ""Vsir"", ""Casp1"", ""Gpx1"", ""Tbc1d8"", ""Snx18"", ""Ctsh"", ""Oas2"", ""Syk"", ""Nlrp3"", ""Grn"", ""Oas1g"", ""Psap"", ""Plxnc1"", ""Lrp1"", ""Flt1"", ""Oasl1"", ""Mefv"", ""Gnaq"", ""Prkcd"", ""Plxnb2"", ""Adap1"", ""Rap1gap2"", ""Vav3"", ""Hip1r"", ""Tgfb2"", ""Ccl9"")"
"255","GOBP_IMMUNE_RESPONSE_REGULATING_SIGNALING_PATHWAY","0.00190542407897014","0.0238686122958993","0.45505986738723","0.742126563808745","1.31047634290634","177","c(""C5ar1"", ""Tyrobp"", ""Ltf"", ""Cd300lf"", ""Fcer1g"", ""Lilrb4a"", ""Lgals3"", ""Tlr13"", ""Oas3"", ""App"", ""Lbp"", ""Rsad2"", ""Lyn"", ""Plcg2"", ""Clec4e"", ""Casp4"", ""Plscr1"", ""Sh2d1b1"", ""Ddx60"", ""Cd300a"", ""Casp1"", ""Treml4"", ""Clec4d"", ""Ffar2"", ""Fosl2"", ""Themis2"", ""Ctsh"", ""Slc15a3"", ""Unc93b1"", ""Syk"", ""Nlrp3"", ""Oas1g"", ""Smpdl3b"", ""Ifih1"", ""Oasl1"", ""Mefv"", ""Ninj1"", ""C3ar1"", ""Dusp3"", ""Irf7"", ""Vav3"", ""Eif2ak2"", ""Irgm2"", ""Clec4n"", ""Trim30a"")"
"256","LYL1_TARGET_GENES","6.23964372929492e-08","5.17248113265228e-06","0.704975715167238","0.745100115376548","1.31129930778126","496","c(""Anxa1"", ""Clec4a2"", ""Plaur"", ""Pygl"", ""Ncf2"", ""Mtus1"", ""Csf3r"", ""Tyrobp"", ""F630028O10Rik"", ""Ncf4"", ""Cd33"", ""Rgs18"", ""Hacd4"", ""Clec12a"", ""Cd300lf"", ""Lst1"", ""Nfe2"", ""Spi1"", ""Dhrs9"", ""Cd300lb"", ""Gpr141"", ""Pik3r6"", ""I830077J02Rik"", ""Siglece"", ""Ankrd22"", ""Fgr"", ""Ogfrl1"", ""Fcgr3"", ""Ptafr"", ""1600010M07Rik"", ""Hhex"", ""Il18rap"", ""Tnfsf13b"", ""Prr13"", ""Ebi3"", ""Lbp"", ""Rsad2"", ""Cmpk2"", ""Cyp4f18"", ""Csf2rb"", ""Naip2"", ""Tbkbp1"", ""Ier3"", ""Trpm2"", ""Tarm1"", ""Sh2d1b1"", ""Napsa"", ""Slc11a1"", ""Tpd52"", ""Adgre4"", ""Myo1f"", 
""Csf1r"", ""Vsir"", ""F10"", ""Fosl2"", ""Tbc1d8"", ""Slc15a3"", ""AB124611"", ""Unc93b1"", ""Zyx"", ""Inhba"", ""Nlrp3"", ""Neurl3"", ""Atp8b4"", ""Grn"", ""Unc119"", ""Slc2a6"", ""Milr1"", ""Eif4ebp1"", ""Cfp"", ""Lhfpl2"", ""Tbxas1"", ""Erg"", ""Rassf4"", ""Plxnb2"", ""C3ar1"", ""Dusp3"", ""Lair1"", ""Zbp1"", ""Ehd1"", ""Hip1r"", ""Il6ra"", ""Ccl9"", ""Tal1"", ""Dusp6"", ""Zeb2"", ""Fut7"", ""2310001H17Rik"", ""Pqlc3"", ""Treml2"", ""Ctdspl"", ""Itgal"", ""Sema4a"", ""Cd200r1"", ""Sgms1"", ""Pik3ap1"", ""Adssl1"", ""Gna15"", ""Csf2rb2"", ""Ly6g5b"", ""Nek6"", ""Dhx58"", ""Fry"", ""Fcgr1"", ""Furin"", 
""Evi5"", ""Samsn1"", ""Rnpep"")"
"257","GOBP_ADAPTIVE_IMMUNE_RESPONSE_BASED_ON_SOMATIC_RECOMBINATION_OF_IMMUNE_RECEPTORS_BUILT_FROM_IMMUNOGLOBULIN_SUPERFAMILY_DOMAINS","0.00209041115341923","0.0257284883664284","0.431707695803346","0.742803747439525","1.31134669504837","181","c(""Anxa1"", ""Csf3r"", ""Pirb"", ""C3"", ""Fcer1g"", ""Lilrb4a"", ""Fcgr3"", ""Il1b"", ""Il18rap"", ""Gapt"", ""Tnfsf13b"", ""Rsad2"", ""Csf2rb"", ""Hlx"", ""Fgl2"", ""Slc11a1"", ""Ccr2"", ""Stx11"", ""Vsir"", ""Treml4"", ""Fosl2"", ""Fcgr2b"", ""Cd55"", ""Ctsh"", ""B2m"", ""Unc93b1"", ""H2-D1"", ""Nlrp3"", ""Pla2g4a"", ""Cd24a"", ""Rab27a"", ""Prkcd"", ""C3ar1"", ""Irf7"", ""Il6ra"", ""Fut7"", ""Tnfrsf1b"", ""Clec4n"", ""Cd80"", ""Sema4a"", ""Pnp"", ""Zbtb7b"", ""H2-K1"", ""Gadd45g"", ""Csf2rb2"")"
"258","GOBP_NEGATIVE_REGULATION_OF_TRANSPORT","0.00413536997291708","0.0425384894414028","0.407017918923954","0.744279005547873","1.31170237675647","152","c(""Anxa1"", ""Cd300lf"", ""Spi1"", ""Mmp9"", ""Lgals3"", ""Siglece"", ""Sirpa"", ""Lrrk2"", ""Il1b"", ""Rsad2"", ""Plscr1"", ""Rgs2"", ""Cd300a"", ""Ccr2"", ""Mctp1"", ""Ffar2"", ""Entpd1"", ""Fcgr2b"", ""Cyfip1"", ""Ppp3ca"", ""Pid1"", ""Unc119"", ""Nucb2"", ""Txn1"", ""Gnaq"", ""Tifab"", ""Rab11fip1"", ""Tgfb2"", ""Tnfrsf1b"", ""Pkdcc"", ""Hmox1"", ""Gpr35"", ""Myo5a"")"
"259","GOBP_REGULATION_OF_LEUKOCYTE_PROLIFERATION","0.00276188581815681","0.0317729599121427","0.431707695803346","0.744435644921011","1.31247255834245","153","c(""Anxa1"", ""Tyrobp"", ""Lst1"", ""Lilrb4a"", ""Lgals3"", ""Cd44"", ""Il1b"", ""Bst1"", ""Hhex"", ""Cebpb"", ""Tnfsf13b"", ""Csf2rb"", ""Arg2"", ""Lyn"", ""Tarm1"", ""Cd300a"", ""Csf2ra"", ""Csf1r"", ""Ccr2"", ""Slfn1"", ""Vsir"", ""Csf1"", ""Fcgr2b"", ""Cd55"", ""Syk"", ""H2-D1"", ""Ppp3ca"", ""Il15"", ""Lmo1"", ""Cd24a"", ""Mapk3"", ""Vav3"", ""Tnfrsf1b"", ""Cd80"", ""Itgal"", ""Pnp"", ""Zbtb7b"", ""Cdkn1a"", ""H2-K1"")"
"260","GOBP_ACTIVATION_OF_IMMUNE_RESPONSE","0.000811369364041901","0.0127400810727136","0.477270815362862","0.744136106627293","1.3125358686444","206","c(""C5ar1"", ""Trim30b"", ""Tyrobp"", ""Ltf"", ""C3"", ""Cd300lf"", ""Fcer1g"", ""Lilrb4a"", ""Ifi204"", ""Lgals3"", ""Tlr13"", ""Il1b"", ""Oas3"", ""App"", ""Lbp"", ""Rsad2"", ""Lyn"", ""Plcg2"", ""Clec4e"", ""Casp4"", ""Plscr1"", ""Ddx60"", ""Cd300a"", ""Trim30d"", ""Casp1"", ""Treml4"", ""Ffar2"", ""Fosl2"", ""Themis2"", ""Cd55"", ""Slc15a3"", ""Unc93b1"", ""Syk"", ""Nlrp3"", ""Oas1g"", ""Smpdl3b"", ""Cfp"", ""Ifih1"", ""Oasl1"", ""Mefv"", ""Ninj1"", ""C3ar1"", ""Dusp3"", ""Irf7"", ""Vav3"", ""Zbp1"", ""Eif2ak2"", ""Irgm2"", ""Clec4n"", ""Trim30a"")"
"261","GOBP_REGULATION_OF_HEMOPOIESIS","0.00086551137847149","0.0133072657440987","0.477270815362862","0.743515010810894","1.31290888478126","196","c(""Pglyrp1"", ""Anxa1"", ""Itgam"", ""Csf3r"", ""Tyrobp"", ""Pirb"", ""Spi1"", ""Lilrb4a"", ""Pira2"", ""Fes"", ""Pik3r6"", ""Adam8"", ""Lilra6"", ""Cd44"", ""Ccr1"", ""Cebpb"", ""Lyn"", ""Hlx"", ""Fgl2"", ""Pilrb1"", ""Csf1r"", ""Ccr2"", ""Vsir"", ""Csf1"", ""Lmo2"", ""B2m"", ""Syk"", ""Ppp3ca"", ""Inhba"", ""Nlrp3"", ""Il15"", ""Cd24a"", ""Ninj1"", ""Isg15"", ""Ccl9"", ""Tfe3"", ""Tal1"")"
"262","GOBP_NEGATIVE_REGULATION_OF_CELL_ADHESION","0.0051039914749614","0.0497771625334903","0.407017918923954","0.744225772797989","1.31529306455656","129","c(""Anxa1"", ""Spi1"", ""Lilrb4a"", ""Lgals3"", ""Adam8"", ""Cd44"", ""Cd9"", ""Cebpb"", ""Arg2"", ""Hlx"", ""Gcnt2"", ""Tarm1"", ""Fgl2"", ""Cd300a"", ""Myo1f"", ""Myadm"", ""Slfn1"", ""Vsir"", ""Cd24a"", ""Plxnc1"", ""Lrp1"", ""Prkcd"", ""Plxnb2"", ""Enpp2"", ""Dusp3"", ""Tacstd2"", ""Acvrl1"")"
"263","GOCC_SIDE_OF_MEMBRANE","4.251415668083e-06","0.000196436312467081","0.610526878385931","0.749532457018862","1.32103684613242","333","c(""Ncf1"", ""Clec4a2"", ""Plaur"", ""Itgam"", ""Csf3r"", ""Pirb"", ""S100a6"", ""Fcgr4"", ""Cd33"", ""Cxcr2"", ""Hck"", ""Fcer1g"", ""Lilrb4a"", ""Lgals3"", ""Fes"", ""Siglece"", ""Fgr"", ""Lrrk2"", ""Gsr"", ""Cd44"", ""Cd9"", ""Ly6c2"", ""Fcgr3"", ""Ccr1"", ""Bst1"", ""Ebi3"", ""Csf2rb"", ""Lyn"", ""Tgm3"", ""Clec4e"", ""Ncam1"", ""Rgs2"", ""Litaf"", ""Ccr2"", ""Vsir"", ""Clec4d"", ""Entpd1"", ""G6pdx"", ""Fcgr2b"", ""Snx18"", ""Cd55"", ""Clec4a1"", ""B2m"", ""Tcn2"", ""Syk"", ""H2-D1"", ""Ppp3ca"", ""Vnn3"", ""Clec4a3"", ""Alox15"", ""Smpdl3b"", ""Cfp"", ""Cd24a"", ""Mmp25"", ""Lrp1"", ""Nt5e"", ""Gnaq"", 
""Ccr3"", ""Alcam"", ""Il6ra"", ""Gm2a"", ""Il13ra1"", ""Clec4n"", ""Cxcr4"", ""Cd80"", ""Itgal"", ""Cd302"", ""Cd200r1"", ""H2-K1"", ""Cd52"", ""Ldlr"", ""Gna15"", ""Csf2rb2"", ""Ly6g5b"", ""Adgre1"")"
"264","GOBP_NEGATIVE_REGULATION_OF_MULTICELLULAR_ORGANISMAL_PROCESS","2.52056814861466e-07","1.79397718168448e-05","0.674962860011025","0.750369063511822","1.32189389772032","431","c(""Pglyrp1"", ""Anxa1"", ""Ncf1"", ""Plaur"", ""Ngp"", ""Tyrobp"", ""Pirb"", ""Pi16"", ""Cd300lf"", ""Alox5"", ""Lst1"", ""Nfe2"", ""Serpinb1a"", ""Spi1"", ""Lilrb4a"", ""Lgals3"", ""Pira2"", ""Sorl1"", ""Abcd2"", ""Fgr"", ""Sirpa"", ""Lilra6"", ""Cd44"", ""Cd9"", ""Ccr1"", ""Il1b"", ""Oas3"", ""Hhex"", ""Cebpb"", ""Il1r2"", ""App"", ""Lbp"", ""Arg2"", ""Lyn"", ""Hlx"", ""Tarm1"", ""Rgs2"", ""Sh2d1b1"", ""Fgl2"", ""Cd300a"", ""Slc11a1"", ""Pilrb1"", ""Ccr2"", ""Slfn1"", ""Vsir"", ""G6pdx"", ""Fcgr2b"", ""Cd63"", ""B2m"", ""Ptpro"", ""Plac8"", ""Ppp3ca"", ""Inhba"", ""Nlrp3"", ""Grn"", ""Oas1g"", ""Anxa2"", 
""Milr1"", ""Il15"", ""Cd24a"", ""Flt1"", ""Mefv"", ""Prkcd"", ""Tifab"", ""Prg4"", ""Dusp3"", ""Tacstd2"", ""Acvrl1"", ""Siglec1"", ""Rab11fip1"", ""Tgfb2"", ""Tfe3"", ""N4bp1"", ""Slc6a4"", ""Tnfrsf1b"", ""Irgm2"", ""Trim30a"", ""Cd80"", ""Sema4a"", ""Hmox1"", ""Zbtb7b"", ""Cd200r1"", ""Id2"", ""Gpr35"", ""Hgf"")"
"265","CUI_TCF21_TARGETS_2_DN","0.000159842790839238","0.00331431868739334","0.518848077743792","0.749646735237029","1.32211110534658","231","c(""Anxa1"", ""Cybb"", ""Mtus1"", ""Lyz2"", ""Ifi204"", ""Fgd4"", ""Sirpa"", ""Hhex"", ""Cebpb"", ""Pde2a"", ""App"", ""Rin2"", ""Hlx"", ""Plscr1"", ""Rgs2"", ""Slc2a3"", ""Plekhg1"", ""Adgre4"", ""Myadm"", ""Stard8"", ""Lmo2"", ""Cd55"", ""Ahnak"", ""Ptpro"", ""Metrnl"", ""Clec4a3"", ""Gyg"", ""Flt1"", ""Slfn5"", ""Mgll"", ""Erg"", ""Sh3bp5"", ""Nt5e"", ""Vamp5"", ""Dusp3"", ""Ehd4"", ""Sowahc"", ""Dusp6"", ""Il13ra1"", ""Ankrd33b"", ""Zeb2"", ""Irgm2"", ""Cxcr4"", ""Diaph2"", ""Trim30a"", ""Ctdspl"", ""Cdc42ep3"", ""Parp14"", ""Sgms1"")"
"266","GOBP_REGULATION_OF_LEUKOCYTE_DIFFERENTIATION","0.00129777985959004","0.0177833988337947","0.45505986738723","0.749395938013387","1.32214574801675","167","c(""Pglyrp1"", ""Anxa1"", ""Itgam"", ""Tyrobp"", ""Pirb"", ""Spi1"", ""Lilrb4a"", ""Pira2"", ""Fes"", ""Pik3r6"", ""Adam8"", ""Lilra6"", ""Cd44"", ""Ccr1"", ""Cebpb"", ""Lyn"", ""Hlx"", ""Fgl2"", ""Pilrb1"", ""Csf1r"", ""Ccr2"", ""Vsir"", ""Csf1"", ""Syk"", ""Ppp3ca"", ""Nlrp3"", ""Il15"", ""Cd24a"", ""Ninj1"", ""Ccl9"", ""Tfe3"", ""Tal1"")"
"267","GOBP_MAPK_CASCADE","0.000132636010205156","0.00287038322931817","0.518848077743792","0.7519230149928","1.32277008139502","246","c(""Chil1"", ""C5ar1"", ""Trim30b"", ""Mapk13"", ""C3"", ""Spi1"", ""Lilrb4a"", ""Fgd4"", ""Sorl1"", ""Pik3r6"", ""Adam8"", ""Tlr13"", ""Sirpa"", ""Lrrk2"", ""Cd44"", ""Ccr1"", ""Il1b"", ""Ccl6"", ""App"", ""Lyn"", ""Naip2"", ""Plcg2"", ""Xdh"", ""Gcnt2"", ""Rgs2"", ""Cd300a"", ""Trim30d"", ""Csf1r"", ""Ccr2"", ""Rnf149"", ""Fcgr2b"", ""Ctsh"", ""Syk"", ""Inhba"", ""Glipr2"", ""Igf1r"", ""Alox15"", ""Psap"", ""Cd24a"", ""Lrp1"", ""Flt1"", ""Prkcd"", ""Ccr3"", ""Dusp3"", ""Mapk3"", ""Eif2ak2"", ""Il6ra"", ""Tgfb2"", ""Ccl9"", ""Dusp6"", ""Zeb2"", ""Cxcr4"", ""Trim30a"", ""Grm1"", ""Hgf"", ""Pik3ap1"", ""Trim30c"", 
""Ripk1"", ""Gadd45g"", ""Dusp1"", ""Rell1"")"
"268","GOBP_NEGATIVE_REGULATION_OF_IMMUNE_SYSTEM_PROCESS","0.000166644500018762","0.00339145371755863","0.518848077743792","0.749923424696098","1.32286344354342","232","c(""Pglyrp1"", ""Anxa1"", ""Tyrobp"", ""Pirb"", ""Cd300lf"", ""Lst1"", ""Spi1"", ""Fcer1g"", ""Lilrb4a"", ""Lgals3"", ""Pira2"", ""Fgr"", ""Lilra6"", ""Cd44"", ""Ccr1"", ""Oas3"", ""Cebpb"", ""Arg2"", ""Lyn"", ""Samhd1"", ""Hlx"", ""Tarm1"", ""Sh2d1b1"", ""Fgl2"", ""Cd300a"", ""Pilrb1"", ""Ccr2"", ""Slfn1"", ""Vsir"", ""Gpx1"", ""Fcgr2b"", ""Cd55"", ""H2-D1"", ""Grn"", ""Oas1g"", ""Alox15"", ""Smpdl3b"", ""Milr1"", ""Cd24a"", ""Mefv"", ""Dusp3"", ""Isg15"", ""Trafd1"", ""Tgfb2"", ""Irgm2"", ""Trim30a"", ""Cd80"", ""Hmox1"", ""Zbtb7b"", ""Cd200r1"", ""Parp14"", ""Id2"", ""H2-K1"", ""Pik3ap1"", ""Ldlr"", ""Cd68"", 
""Oas1a"", ""Dusp1"", ""Dhx58"")"
"269","GOCC_VACUOLE","0.00249988148232194","0.0294487220327818","0.431707695803346","0.751271836971348","1.32501683502199","161","c(""Anxa1"", ""Ifitm2"", ""Cxcr2"", ""Serpinb1a"", ""Hck"", ""Plbd1"", ""Adam8"", ""Lrrk2"", ""Il1b"", ""App"", ""Ifitm3"", ""Wipi1"", ""Trpm2"", ""Litaf"", ""Napsa"", ""Slc11a1"", ""Ifitm1"", ""Treml4"", ""Wdfy3"", ""Cd63"", ""Ctsh"", ""Slc15a3"", ""B2m"", ""Unc93b1"", ""H2-D1"", ""Grn"", ""Siglecf"", ""Psap"", ""Anxa2"", ""Slc2a6"", ""Fth1"", ""Rab27a"", ""Prkcd"", ""Tfe3"", ""Gm2a"", ""Irgm2"", ""Cxcr4"", ""Asah1"", ""Rnf19b"", ""H2-K1"", ""Ldlr"", ""Myo5a"", ""Cd68"", ""Creg1"", ""Tm6sf1"", ""Fuca2"", ""Naaa"")"
"270","GOBP_TUBE_DEVELOPMENT","7.01651515424421e-06","0.000290390462376032","0.610526878385931","0.752073832667126","1.32503983591335","338","c(""Anxa1"", ""Cybb"", ""Chil1"", ""Lcn2"", ""Ngp"", ""C5ar1"", ""Camp"", ""Cxcr2"", ""C3"", ""Alox5"", ""Spi1"", ""Mmp9"", ""Lgals3"", ""Pik3r6"", ""Adam8"", ""Emilin2"", ""Cd44"", ""Il1b"", ""Hhex"", ""Tnfaip2"", ""Pbx1"", ""Arg2"", ""Rin2"", ""Hlx"", ""F3"", ""Xdh"", ""Ccr2"", ""Hk2"", ""Csf1"", ""Gpx1"", ""Fosl2"", ""Prom1"", ""Ctsh"", ""Syk"", ""Vasp"", ""Klf5"", ""Grn"", ""Anxa2"", ""Cd24a"", ""Anxa3"", ""Lrp1"", ""Flt1"", ""Ninj1"", ""Plxnb2"", ""Pkm"", ""Ccr3"", ""C3ar1"", ""Tacstd2"", ""Mapk3"", ""Smpd3"", ""Vav3"", ""Acvrl1"", ""Tgfb2"", ""Tal1"", ""Rnf213"", ""Lmo4"", ""Zeb2"", ""Cxcr4"", ""Asah1"", ""Pkdcc"", 
""Sema4a"", ""Hmox1"", ""Id2"", ""Hgf"", ""Ldlr"", ""Tgm2"", ""Chd7"")"
"271","HALLMARK_TNFA_SIGNALING_VIA_NFKB","0.00495497251224193","0.0487365079021223","0.407017918923954","0.752394028651248","1.32945765295458","124","c(""Plaur"", ""Cd44"", ""Il1b"", ""Tnfaip2"", ""Cebpb"", ""F3"", ""Plek"", ""Ier3"", ""Litaf"", ""Slc2a3"", ""Mxd1"", ""Csf1"", ""Fosl2"", ""G0s2"", ""Sat1"", ""Inhba"", ""Klf6"", ""Slc2a6"", ""Ifih1"", ""Ninj1"", ""Bhlhe40"", ""Ehd1"", ""Ifit2"", ""Nampt"", ""Cd80"", ""Rnf19b"", ""Id2"", ""Cdkn1a"", ""Ldlr"", ""Dusp1"", ""Fut4"", ""Ier5"", ""Irf1"", ""Fos"", ""Marcks"", ""B4galt5"", ""Ier2"", ""Pfkfb3"", ""Trib1"", ""Serpinb8"")"
"272","GOBP_POSITIVE_REGULATION_OF_LOCOMOTION","7.61445307943226e-05","0.00191619071467677","0.538434096309916","0.754628989524934","1.33026052112714","237","c(""Anxa1"", ""Lcn2"", ""C5ar1"", ""S100a11"", ""Cxcr2"", ""Spi1"", ""Mmp9"", ""Lgals3"", ""Adam8"", ""Fgr"", ""Pla2g7"", ""Ptafr"", ""Ccr1"", ""Il1b"", ""Tmsb4x"", ""App"", ""Lbp"", ""Lyn"", ""Rin2"", ""F3"", ""Plcg2"", ""Gcnt2"", ""Dock1"", ""Myo1f"", ""Csf1r"", ""Ccr2"", ""Myadm"", ""Vsir"", ""Csf1"", ""Cpne3"", ""Ctsh"", ""Ppp3ca"", ""Glipr2"", ""Grn"", ""Igf1r"", ""Anxa3"", ""Lrp1"", ""Flt1"", ""Dapk2"", ""Enpp2"", ""C3ar1"", ""Cldn1"", ""Mapk3"", ""Aldoa"", ""Tgfb2"", ""Hdac4"", ""Fut7"", ""Cxcr4"", ""Syne2"", ""Sema4a"", ""Hmox1"", ""Hgf"", ""Rhod"", ""Myo5a"")"
"273","GOBP_MONOCARBOXYLIC_ACID_METABOLIC_PROCESS","0.000847193850113918","0.0131560102840004","0.477270815362862","0.754431159639192","1.33102929878769","167","c(""Anxa1"", ""Alox5ap"", ""Adpgk"", ""Hacd4"", ""C3"", ""Alox5"", ""Dhrs9"", ""Hk3"", ""Abcd2"", ""Il1b"", ""App"", ""Slc16a3"", ""Cyp4f18"", ""Ier3"", ""Nupr1"", ""Pgd"", ""Hk2"", ""Lipg"", ""Gpx1"", ""Vnn3"", ""Alox15"", ""Nucb2"", ""Slc2a6"", ""Pla2g4a"", ""Mid1ip1"", ""Tbxas1"", ""Mgll"", ""Pkm"", ""Pgam1"", ""Aldoa"", ""Hdac4"", ""Lpgat1"")"
"274","GOMF_LIPID_BINDING","4.18139483192682e-05","0.00117266281928216","0.557332238758646","0.755540935656461","1.331226028135","254","c(""Anxa1"", ""Ncf1"", ""Alox5ap"", ""Ltf"", ""Fcgr4"", ""Camp"", ""Ncf4"", ""C3"", ""Cd300lf"", ""Hck"", ""Fes"", ""Gpr141"", ""Pla2g7"", ""Ptafr"", ""Lbp"", ""Lyn"", ""Wipi1"", ""F3"", ""Clec4e"", ""Capg"", ""Casp4"", ""Cd300a"", ""Ffar2"", ""F10"", ""Stard8"", ""Prom1"", ""Wdfy3"", ""Cpne3"", ""Snx18"", ""Cd55"", ""Snx10"", ""Nlrp3"", ""Unc119"", ""Alox15"", ""Cpne2"", ""Psap"", ""Anxa2"", ""Pla2g4a"", ""Anxa3"", ""Ninj1"", ""Adap1"", ""Svil"", ""Smpd3"", ""Apol8"", ""Hip1r"", ""Pdzd8"", ""Irgm2"")"
"275","GOBP_DEFENSE_RESPONSE_TO_SYMBIONT","0.00250238386618813","0.0294487220327818","0.431707695803346","0.753465344144098","1.33164769020899","134","c(""Ifitm6"", ""Trim30b"", ""Ifitm2"", ""Oasl2"", ""Il1b"", ""Oas3"", ""Rsad2"", ""Ifit3b"", ""Samhd1"", ""Ifitm3"", ""Plscr1"", ""Ddx60"", ""Fgl2"", ""Trim30d"", ""Ifitm1"", ""Casp1"", ""Treml4"", ""Rtp4"", ""Unc93b1"", ""Oas2"", ""Ifit3"", ""Nlrp3"", ""Ifit1"", ""Oas1g"", ""Il15"", ""Ifih1"", ""Oasl1"", ""Mefv"", ""Isg15"", ""Irf7"", ""Zbp1"", ""Eif2ak2"", ""Mlkl"", ""Ifit2"", ""Irgm2"", ""Trim30a"", ""Isg20"", ""Trim30c"", ""Slfn8"", ""Oas1a"", ""Dhx58"", ""Irf1"", ""Irf5"", ""Stat2"", ""Dtx3l"", ""Tagap"", ""Stat1"", ""Il4"")"
"276","GOCC_VESICLE_MEMBRANE","0.00213380363947801","0.0260351755751895","0.431707695803346","0.755711571648422","1.33301113743083","137","c(""Cd177"", ""Csf3r"", ""Ifitm2"", ""Ncf4"", ""Adam8"", ""Ifitm3"", ""Wipi1"", ""Clec4e"", ""Trpm2"", ""Litaf"", ""Slc2a3"", ""Slc11a1"", ""Mctp1"", ""Treml4"", ""Cd63"", ""Snx18"", ""Snx10"", ""Slc15a3"", ""B2m"", ""H2-D1"", ""Anxa2"", ""Anxa3"", ""Rab27a"", ""Sh3bp5"", ""Vamp5"", ""Actn1"", ""Ehd4"", ""Ehd1"")"
"277","GOBP_RESPONSE_TO_VIRUS","0.00111481465215775","0.0161133594723417","0.45505986738723","0.756215189387569","1.33487343963698","158","c(""Ifitm6"", ""Lcn2"", ""Trim30b"", ""Ifitm2"", ""Oasl2"", ""Tlr13"", ""Il1b"", ""Oas3"", ""Rsad2"", ""Ifit3b"", ""Samhd1"", ""Ifitm3"", ""Plscr1"", ""Ifi27l2a"", ""Ddx60"", ""Fgl2"", ""Trim30d"", ""Ifitm1"", ""Casp1"", ""Treml4"", ""Rtp4"", ""Unc93b1"", ""Oas2"", ""Wdfy4"", ""Ifit3"", ""Nlrp3"", ""Ifit1"", ""Oas1g"", ""Il15"", ""Ifih1"", ""Oasl1"", ""Mefv"", ""Isg15"", ""Irf7"", ""Zbp1"", ""Eif2ak2"", ""Mlkl"", ""Ifit2"", ""Irgm2"", ""Trim30a"", ""Isg20"", ""Trim30c"", ""Slfn8"", ""Oas1a"", ""Dhx58"", ""Irf1"", ""Irf5"", ""Stat2"", ""Dtx3l"", ""Tagap"", ""Stat1"", ""Il4"", ""Pou2f2"", ""Mx1"", ""Lyst"", 
""Trim34a"", ""Ifit1bl1"")"
"278","GOBP_NEGATIVE_REGULATION_OF_CYTOKINE_PRODUCTION","0.00227995401114213","0.0274617537624107","0.431707695803346","0.757055786939853","1.33569319520519","139","c(""Pglyrp1"", ""Anxa1"", ""Tyrobp"", ""Serpinb1a"", ""Lilrb4a"", ""Abcd2"", ""Sirpa"", ""Oas3"", ""Il1r2"", ""Lbp"", ""Arg2"", ""Sh2d1b1"", ""Slc11a1"", ""Vsir"", ""Fcgr2b"", ""Nlrp3"", ""Oas1g"", ""Cd24a"", ""Flt1"", ""Mefv"", ""Prg4"", ""Siglec1"", ""Tgfb2"", ""N4bp1"", ""Irgm2"", ""Trim30a"", ""Hmox1"", ""Cd200r1"", ""Hgf"", ""Xaf1"", ""Oas1a"", ""Dhx58"", ""Furin"")"
"279","MIKKELSEN_ES_ICP_WITH_H3K4ME3","0.001224148231351","0.0170383298274705","0.45505986738723","0.757877069337708","1.3373190972252","162","c(""Pglyrp1"", ""Mgst1"", ""Ifitm2"", ""Nfe2"", ""Asprv1"", ""Abcd2"", ""Fgr"", ""Bst1"", ""Pbx1"", ""Ppp1r42"", ""Rin2"", ""Ifitm3"", ""Tbkbp1"", ""Ddx60"", ""Rasgrp4"", ""Slc11a1"", ""Plekhg1"", ""Padi4"", ""Entpd1"", ""G0s2"", ""Tcn2"", ""Fam111a"", ""Grn"", ""Il15"", ""Anxa3"", ""Lrp1"")"
"280","GOBP_LOCOMOTION","1.33694369253558e-08","1.29937096462467e-06","0.747739663149885","0.759607588260966","1.3381316635733","441","c(""Anxa1"", ""S100a8"", ""S100a9"", ""Mtus1"", ""Lcn2"", ""Itgam"", ""C5ar1"", ""Csf3r"", ""Retnlg"", ""S100a11"", ""Cxcr2"", ""Alox5"", ""Spi1"", ""Mmp9"", ""Fcer1g"", ""Lgals3"", ""Fes"", ""Sorl1"", ""Adam8"", ""Fgr"", ""Lrrk2"", ""Emilin2"", ""Pla2g7"", ""Cd9"", ""Fcgr3"", ""Ptafr"", ""Ccr1"", ""Il1b"", ""Bst1"", ""Ccl6"", ""Tmsb4x"", ""App"", ""Lbp"", ""Lyn"", ""Rin2"", ""F3"", ""Plcg2"", ""Gcnt2"", ""Trpm2"", ""Ear2"", ""Cd300a"", ""Dock1"", ""Ifitm1"", ""Myo1f"", ""Csf1r"", ""Ccr2"", ""Myadm"", ""Vsir"", ""Mctp1"", ""Csf1"", ""Ffar2"", ""Cd63"", ""Cpne3"", ""Ctsh"", ""Ptpro"", ""Syk"", ""Ppp3ca"", ""Osgin1"", 
""Glipr2"", ""Grn"", ""Igf1r"", ""Anxa3"", ""Plxnc1"", ""Lrp1"", ""Flt1"", ""Adgrg3"", ""Ninj1"", ""Prkcd"", ""Plxnb2"", ""Dapk2"", ""Ccr3"", ""Enpp2"", ""C3ar1"", ""Cldn1"", ""Dusp3"", ""Tacstd2"", ""Mapk3"", ""Smpd3"", ""Aldoa"", ""Vav3"", ""Acvrl1"", ""Tgfb2"", ""Ccl9"", ""Hdac4"", ""Lmo4"", ""Zeb2"", ""Fut7"", ""Cxcr4"", ""Syne2"", ""Sema4a"", ""Hmox1"", ""Cd200r1"", ""Gpr35"", ""Hgf"", ""Rhod"")"
"281","GOBP_MEMBRANE_ORGANIZATION","0.000289655588335258","0.00537101497186135","0.49849310876659","0.75896863387597","1.33831890639119","190","c(""Anxa1"", ""S100a9"", ""Itgam"", ""C3"", ""Fcer1g"", ""Adam8"", ""Siglece"", ""Abcd2"", ""Sirpa"", ""Cd9"", ""Fcgr3"", ""Lbp"", ""Plcg2"", ""Lpcat2"", ""Plscr1"", ""Ier3"", ""Cd300a"", ""Myadm"", ""Stx11"", ""Hk2"", ""Treml4"", ""Fcgr2b"", ""Rtp4"", ""Snx18"", ""Ahnak"", ""Atp8b4"", ""Alox15"", ""Psap"", ""Anxa2"", ""Pla2g4a"", ""Cd24a"", ""Msr1"", ""Prkcd"", ""Vav3"", ""Hip1r"", ""Tgfb2"")"
"282","GOBP_POSITIVE_REGULATION_OF_MAPK_CASCADE","0.000590749021584325","0.00982316293413227","0.477270815362862","0.758238838622286","1.33868158350662","170","c(""Chil1"", ""C5ar1"", ""Trim30b"", ""C3"", ""Spi1"", ""Fgd4"", ""Pik3r6"", ""Adam8"", ""Lrrk2"", ""Cd44"", ""Ccr1"", ""Il1b"", ""Ccl6"", ""App"", ""Naip2"", ""Plcg2"", ""Xdh"", ""Gcnt2"", ""Trim30d"", ""Csf1r"", ""Ccr2"", ""Fcgr2b"", ""Syk"", ""Inhba"", ""Glipr2"", ""Igf1r"", ""Alox15"", ""Psap"", ""Cd24a"", ""Lrp1"", ""Flt1"", ""Prkcd"", ""Mapk3"", ""Eif2ak2"", ""Il6ra"", ""Tgfb2"", ""Ccl9"", ""Zeb2"", ""Cxcr4"", ""Trim30a"", ""Grm1"", ""Hgf"", ""Trim30c"", ""Ripk1"", ""Gadd45g"", ""Rell1"")"
"283","GOCC_PLASMA_MEMBRANE_PROTEIN_COMPLEX","0.00109529309360562","0.0159539203324416","0.45505986738723","0.759055040104016","1.3389690838322","163","c(""Cybb"", ""Ncf1"", ""Ncf2"", ""Itgam"", ""Fcgr4"", ""Ncf4"", ""Trbc1"", ""Fcer1g"", ""Pira2"", ""Adam8"", ""Lilra6"", ""Il18rap"", ""Csf2rb"", ""Lyn"", ""Aph1c"", ""Csf2ra"", ""Ahnak"", ""B2m"", ""Syk"", ""H2-D1"", ""Igf1r"", ""Anxa2"", ""Gnaq"", ""Alcam"", ""Acvrl1"", ""Il6ra"", ""Itgal"", ""Olfm1"", ""Grm1"", ""H2-K1"", ""Ripk1"", ""Gna15"", ""Csf2rb2"")"
"284","GOCC_EXTERNAL_ENCAPSULATING_STRUCTURE","0.00246284688351366","0.0292891727476086","0.431707695803346","0.759530344480902","1.33917664000471","142","c(""Anxa1"", ""S100a6"", ""S100a11"", ""Crispld2"", ""Serpinb1a"", ""Mmp9"", ""Lgals3"", ""Tgfbi"", ""Emilin2"", ""F3"", ""Tgm3"", ""Plscr1"", ""Fgl2"", ""Entpd1"", ""Anxa2"", ""Mmp25"", ""Anxa3"", ""Prg4"", ""Plxnb2"", ""Pkm"", ""Tgfb2"", ""Igfbp7"", ""Ccdc80"")"
"285","GOBP_ANATOMICAL_STRUCTURE_FORMATION_INVOLVED_IN_MORPHOGENESIS","1.06954649190082e-06","6.08993290388378e-05","0.643551836150722","0.759912909149377","1.33950096017966","344","c(""Anxa1"", ""Cybb"", ""Chil1"", ""Ngp"", ""C5ar1"", ""Tyrobp"", ""Camp"", ""Cxcr2"", ""C3"", ""Alox5"", ""Nfe2"", ""Mmp9"", ""Lgals3"", ""Pik3r6"", ""Adam8"", ""Emilin2"", ""Cd44"", ""Cd9"", ""Il1b"", ""Hhex"", ""Tnfaip2"", ""Tnfsf13b"", ""Slc40a1"", ""F3"", ""Dock1"", ""Ifitm1"", ""Csf1r"", ""Ccr2"", ""Hk2"", ""Casp1"", ""Gpx1"", ""Prom1"", ""Ctsh"", ""Syk"", ""Vasp"", ""Klf5"", ""Inhba"", ""Grn"", ""Psap"", ""Anxa2"", ""Anxa3"", ""Flt1"", ""Fam20c"", ""Ninj1"", ""Tifab"", ""Plxnb2"", ""Pkm"", ""Ccr3"", ""C3ar1"", ""Mapk3"", ""Smpd3"", ""Vav3"", ""Actn1"", ""Acvrl1"", ""Ehd1"", ""Tgfb2"", ""Tal1"", ""Rnf213"", 
""Lmo4"", ""Zeb2"", ""Cxcr4"", ""Sema4a"", ""Hmox1"")"
"286","GOBP_CELLULAR_RESPONSE_TO_CHEMICAL_STRESS","0.00476963954076034","0.0474187973390936","0.407017918923954","0.758347518213467","1.34112768865527","107","c(""Anxa1"", ""Mgst1"", ""Lcn2"", ""Mapk13"", ""Alox5"", ""Mmp9"", ""Hk3"", ""Sirpa"", ""Lrrk2"", ""Gsr"", ""Trpm2"", ""Casp1"", ""G6pdx"", ""Nlrp3"", ""Psap"", ""Txn1"", ""Prkcd"", ""Tifab"", ""Mapk3"", ""Smpd3"")"
"287","REL_TARGET_GENES","0.0002346841032123","0.00454873426754471","0.518848077743792","0.759274956833648","1.34129318936688","197","c(""Mcemp1"", ""Slpi"", ""Igsf6"", ""Lcn2"", ""C3"", ""Fcer1g"", ""Gsr"", ""Cd44"", ""Il1b"", ""Ccl6"", ""Oas3"", ""Tnfaip2"", ""Il1r2"", ""Ebi3"", ""Lcp1"", ""Clec4e"", ""Capg"", ""Casp4"", ""Plscr1"", ""Tarm1"", ""Slc2a3"", ""Ddx60"", ""Napsa"", ""Csf1r"", ""Stx11"", ""Treml4"", ""Gas7"", ""Snx10"", ""Clec4a1"", ""Slc15a3"", ""Nlrp3"", ""Osgin1"", ""Neurl3"", ""Smpdl3b"", ""Slc2a6"", ""Cfp"", ""Oasl1"", ""Lair1"", ""Smpd3"", ""Ehd1"", ""Rab11fip1"", ""Tal1"", ""Rnf213"")"
"288","GOBP_EXPORT_FROM_CELL","3.56401774733836e-05","0.00104467287409518","0.557332238758646","0.762277650298879","1.34130107055723","247","c(""Cd177"", ""Anxa1"", ""Itgam"", ""Fcgr4"", ""Alox5"", ""Spi1"", ""Hck"", ""Fcer1g"", ""Lgals3"", ""Fes"", ""Fgr"", ""Lrrk2"", ""Fcgr3"", ""Ptafr"", ""Ccr1"", ""Il1b"", ""Tnfaip2"", ""Rsad2"", ""Lyn"", ""Rab44"", ""Slc40a1"", ""Plek"", ""Ncam1"", ""Trpm2"", ""Cd300a"", ""Myo1f"", ""Ccr2"", ""Stx11"", ""Mctp1"", ""Ffar2"", ""Entpd1"", ""Syk"", ""Ppp3ca"", ""Inhba"", ""Nucb2"", ""Psap"", ""Anxa2"", ""Milr1"", ""Pla2g4a"", ""Anxa3"", ""Lrp1"", ""Serp1"", ""Rab27a"", ""Gnaq"", ""Orai1"", ""Smpd3"", ""Rab11fip1"", ""Tgfb2"", ""Slc6a4"", ""Tnfrsf1b"")"
"289","GOBP_POSITIVE_REGULATION_OF_IMMUNE_RESPONSE","2.25283747106364e-06","0.000112382697560936","0.627256739718528","0.761306669549809","1.34171302533178","306","c(""Cd177"", ""Anxa1"", ""Itgam"", ""C5ar1"", ""Trim30b"", ""Tyrobp"", ""Ltf"", ""C3"", ""Cd300lf"", ""Spi1"", ""Fcer1g"", ""Lilrb4a"", ""Ifi204"", ""Lgals3"", ""Adam8"", ""Tlr13"", ""Fgr"", ""Cd44"", ""Fcgr3"", ""Ptafr"", ""Il1b"", ""Oas3"", ""Il18rap"", ""Tnfsf13b"", ""App"", ""Lbp"", ""Rsad2"", ""Lyn"", ""Hlx"", ""Plcg2"", ""Clec4e"", ""Casp4"", ""Plscr1"", ""Sh2d1b1"", ""Ddx60"", ""Cd300a"", ""Slc11a1"", ""Trim30d"", ""Ccr2"", ""Casp1"", ""Treml4"", ""Ffar2"", ""Fosl2"", ""Themis2"", ""Cd55"", ""Slc15a3"", ""B2m"", ""Unc93b1"", ""Syk"", ""H2-D1"", ""Nlrp3"", ""Oas1g"", ""Smpdl3b"", ""Il15"", ""Pla2g4a"", 
""Cfp"", ""Cd24a"", ""Ifih1"", ""Oasl1"", ""Mefv"", ""Ninj1"", ""C3ar1"", ""Dusp3"", ""Irf7"", ""Vav3"", ""Zbp1"", ""Eif2ak2"")"
"290","MARTINEZ_TP53_TARGETS_UP","4.57427192259418e-05","0.00127649360532987","0.557332238758646","0.760965678930407","1.34234195825551","232","c(""S100a8"", ""Ncf1"", ""Ncf2"", ""Alox5ap"", ""Pilra"", ""Tyrobp"", ""Lyz2"", ""Serpinb1a"", ""Trbc1"", ""Hdc"", ""Tgfbi"", ""Cpd"", ""Cldn15"", ""Sirpa"", ""Cd44"", ""Il1r2"", ""Prr13"", ""App"", ""Lbp"", ""Rsad2"", ""Lcp1"", ""Clec4e"", ""Ier3"", ""Glrx"", ""Ifi27l2a"", ""Litaf"", ""Fgl2"", ""Fcgr2b"", ""B2m"", ""H2-D1"", ""Ppp3ca"", ""Psap"", ""Fth1"", ""Msr1"", ""Serp1"", ""Nt5e"")"
"291","GOCC_COLLAGEN_CONTAINING_EXTRACELLULAR_MATRIX","0.00372948605244259","0.039850898355427","0.431707695803346","0.759356384572914","1.34306365584794","118","c(""Anxa1"", ""S100a6"", ""S100a11"", ""Serpinb1a"", ""Mmp9"", ""Lgals3"", ""Tgfbi"", ""Emilin2"", ""F3"", ""Tgm3"", ""Plscr1"", ""Fgl2"", ""Entpd1"", ""Anxa2"", ""Anxa3"", ""Prg4"", ""Plxnb2"", ""Pkm"", ""Tgfb2"", ""Igfbp7"", ""Ccdc80"")"
"292","GOMF_SIGNALING_RECEPTOR_REGULATOR_ACTIVITY","0.0029472445870619","0.0332938231207775","0.431707695803346","0.761149599460115","1.34560196445117","132","c(""Pglyrp1"", ""Retnlg"", ""Clec12a"", ""Lilrb4a"", ""Lgals3"", ""Ly6c2"", ""Il1b"", ""Ccl6"", ""Tnfsf13b"", ""Ebi3"", ""App"", ""Csf1"", ""Cdc42ep2"", ""Metrnl"", ""Inhba"", ""Osgin1"", ""Grn"", ""Il15"", ""Tgfb2"", ""Ccl9"", ""Nampt"", ""Cd80"", ""Sema4a"", ""Hgf"", ""Tnfsf12"", ""Hmgb2"", ""Ccl3"", ""Retn"", ""Il4"", ""Il11"", ""Saa3"", ""F2rl2"")"
"293","GOBP_RESPONSE_TO_LIPID","1.43815723701568e-05","0.000491611812419757","0.593325476396405","0.764523726681101","1.34638417060447","259","c(""Anxa1"", ""S100a8"", ""Mgst1"", ""Wfdc21"", ""S100a9"", ""Slpi"", ""Ncf2"", ""Trim30b"", ""Ltf"", ""Fcgr4"", ""Spi1"", ""Lilrb4a"", ""Cd300lb"", ""Fes"", ""Sirpa"", ""Ptafr"", ""Il1b"", ""Cebpb"", ""Pde2a"", ""Lbp"", ""Cmpk2"", ""Lyn"", ""Plcg2"", ""Casp4"", ""Plscr1"", ""Litaf"", ""Slc11a1"", ""Trim30d"", ""Casp1"", ""Ffar2"", ""Fosl2"", ""Cd55"", ""Ctsh"", ""B2m"", ""Syk"", ""Inhba"", ""Nlrp3"", ""Pid1"", ""Grn"", ""Eif4ebp1"")"
"294","GOBP_NEGATIVE_REGULATION_OF_RESPONSE_TO_EXTERNAL_STIMULUS","0.000293923077053813","0.00543227667328637","0.49849310876659","0.763616583781053","1.34654331571429","165","c(""Pglyrp1"", ""Plaur"", ""Ltf"", ""Alox5"", ""Siglece"", ""Sirpa"", ""Cd44"", ""Cd9"", ""Ccr1"", ""Oas3"", ""Arg2"", ""Samhd1"", ""Ier3"", ""Sh2d1b1"", ""Fgl2"", ""Aph1c"", ""Gpx1"", ""Fcgr2b"", ""H2-D1"", ""Metrnl"", ""Nlrp3"", ""Grn"", ""Oas1g"", ""Smpdl3b"", ""Nucb2"", ""Anxa2"", ""Cd24a"", ""Mefv"", ""Nt5e"", ""Prkcd"", ""Dusp3"", ""Isg15"", ""Trafd1"", ""Tnfrsf1b"", ""Irgm2"", ""Trim30a"", ""Sema4a"", ""Xylt1"", ""Cd200r1"", ""Parp14"", ""Hgf"", ""H2-K1"", ""Ldlr"", ""Oas1a"", ""Dusp1"", ""Dhx58"")"
"295","GOBP_OSSIFICATION","0.00261359893618631","0.0306934525068379","0.431707695803346","0.76327563959411","1.3479524142843","125","c(""Clec5a"", ""Ltf"", ""Alox5"", ""Nfe2"", ""Ifi204"", ""Fgr"", ""Ccr1"", ""Cebpb"", ""Pbx1"", ""Rsad2"", ""Ifitm1"", ""Csf1r"", ""Csf1"", ""Fosl2"", ""Snx10"", ""Ppp3ca"", ""Alox15"", ""Fam20c"", ""Pdlim7"", ""Isg15"", ""Mapk3"", ""Smpd3"", ""Hdac4"", ""Pkdcc"", ""Xylt1"", ""Id2"")"
"296","GOMF_PHOSPHOLIPID_BINDING","0.00117009348882904","0.0166141486058672","0.45505986738723","0.764553393704967","1.34936370394961","141","c(""Anxa1"", ""Ncf1"", ""Fcgr4"", ""Ncf4"", ""Cd300lf"", ""Fes"", ""Pla2g7"", ""Ptafr"", ""Wipi1"", ""F3"", ""Capg"", ""Cd300a"", ""F10"", ""Wdfy3"", ""Cpne3"", ""Snx18"", ""Snx10"", ""Nlrp3"", ""Alox15"", ""Cpne2"", ""Psap"", ""Anxa2"", ""Pla2g4a"", ""Anxa3"", ""Adap1"", ""Svil"", ""Smpd3"", ""Hip1r"", ""Irgm2"")"
"297","GOBP_POSITIVE_REGULATION_OF_RESPONSE_TO_BIOTIC_STIMULUS","0.000312150510348751","0.00574181008616296","0.49849310876659","0.764735783146122","1.35015203257901","170","c(""Trim30b"", ""Tyrobp"", ""Ltf"", ""Cd300lf"", ""Spi1"", ""Ifi204"", ""Adam8"", ""Tlr13"", ""Emilin2"", ""Oas3"", ""Il18rap"", ""App"", ""Lbp"", ""Rsad2"", ""Lyn"", ""Plcg2"", ""Clec4e"", ""Casp4"", ""Plscr1"", ""Sh2d1b1"", ""Ddx60"", ""Cd300a"", ""Trim30d"", ""Casp1"", ""Treml4"", ""Ffar2"", ""Slc15a3"", ""Unc93b1"", ""Syk"", ""H2-D1"", ""Nlrp3"", ""Grn"", ""Oas1g"", ""Smpdl3b"", ""Cd24a"", ""Ifih1"", ""Oasl1"", ""Mefv"", ""Ninj1"", ""Irf7"", ""Zbp1"", ""Eif2ak2"", ""Irgm2"", ""Clec4n"", ""Trim30a"", ""H2-K1"", ""Pik3ap1"", ""Trim30c"", ""Oas1a"", ""Dhx58"", ""Irf1"", ""Hmgb2"", ""Cd14"", ""Klri2"", 
""Tifa"")"
"298","MARTINEZ_RB1_AND_TP53_TARGETS_UP","6.67087688180872e-06","0.000278546170242635","0.610526878385931","0.766127701652124","1.35125795143245","233","c(""S100a8"", ""Ncf1"", ""Ncf2"", ""Alox5ap"", ""Pilra"", ""Tyrobp"", ""Lyz2"", ""Serpinb1a"", ""Trbc1"", ""Hdc"", ""Tgfbi"", ""Cpd"", ""Cldn15"", ""Sirpa"", ""Cd44"", ""Il1r2"", ""Prr13"", ""Lbp"", ""Rsad2"", ""Lcp1"", ""Clec4e"", ""Xdh"", ""Ier3"", ""Glrx"", ""Ifi27l2a"", ""Litaf"", ""Fgl2"", ""Csf1r"", ""Fcgr2b"", ""B2m"", ""H2-D1"", ""Ppp3ca"", ""Psap"", ""Fth1"", ""Msr1"", ""Serp1"", ""Nt5e"")"
"299","GOBP_NEGATIVE_REGULATION_OF_CELL_DEVELOPMENT","0.00297103667252759","0.0333620193686016","0.431707695803346","0.766355299428608","1.35528934522351","107","c(""Pglyrp1"", ""Anxa1"", ""Pirb"", ""Lilrb4a"", ""Pira2"", ""Sorl1"", ""Lilra6"", ""Cd44"", ""Il1b"", ""Lyn"", ""Hlx"", ""Fgl2"", ""Pilrb1"", ""B2m"", ""Ppp3ca"", ""Cd24a"")"
"300","GOBP_TUBE_MORPHOGENESIS","1.53158220684321e-06","7.92066871557356e-05","0.643551836150722","0.770542030989633","1.35631728143823","281","c(""Anxa1"", ""Cybb"", ""Chil1"", ""Lcn2"", ""Ngp"", ""C5ar1"", ""Camp"", ""Cxcr2"", ""C3"", ""Alox5"", ""Spi1"", ""Mmp9"", ""Lgals3"", ""Pik3r6"", ""Adam8"", ""Emilin2"", ""Cd44"", ""Il1b"", ""Hhex"", ""Tnfaip2"", ""Pbx1"", ""Rin2"", ""Hlx"", ""F3"", ""Xdh"", ""Ccr2"", ""Hk2"", ""Csf1"", ""Gpx1"", ""Ctsh"", ""Syk"", ""Vasp"", ""Klf5"", ""Grn"", ""Anxa2"", ""Anxa3"", ""Lrp1"", ""Flt1"", ""Ninj1"", ""Plxnb2"", ""Pkm"", ""Ccr3"", ""C3ar1"", ""Tacstd2"", ""Vav3"", ""Acvrl1"", ""Tgfb2"", ""Tal1"", ""Rnf213"", ""Lmo4"", ""Zeb2"", ""Cxcr4"", ""Sema4a"", ""Hmox1"", ""Id2"", ""Hgf"", ""Ldlr"", ""Tgm2"", ""Chd7"")"
"301","GOCC_SECRETORY_VESICLE","0.000986817779118682","0.0147161159282857","0.45505986738723","0.76951046372563","1.3576673050637","139","c(""Cd177"", ""Ncf2"", ""Ltf"", ""Lyz2"", ""Camp"", ""Adam8"", ""Lrrk2"", ""Il1b"", ""App"", ""F5"", ""Slc40a1"", ""Slc2a3"", ""Napsa"", ""Slc11a1"", ""Stx11"", ""Mctp1"", ""Entpd1"", ""Snx10"", ""Ctsh"", ""Pla2g4a"", ""Cfp"", ""Lyz1"", ""Anxa3"", ""Lrp1"", ""Rab27a"", ""Actn1"", ""Tgfb2"")"
"302","HALLMARK_INTERFERON_GAMMA_RESPONSE","0.0029472445870619","0.0332938231207775","0.431707695803346","0.767995604442431","1.3576941319505","123","c(""Ifitm2"", ""St3gal5"", ""Upp1"", ""Oas3"", ""Tnfaip2"", ""Rsad2"", ""Cmpk2"", ""Samhd1"", ""Ifitm3"", ""Casp4"", ""Plscr1"", ""Ddx60"", ""Fgl2"", ""Casp1"", ""Rtp4"", ""B2m"", ""Oas2"", ""Ifit3"", ""Il15"", ""Pla2g4a"", ""Ifih1"", ""Oasl1"", ""Vamp5"", ""Isg15"", ""Irf7"", ""Zbp1"", ""Trafd1"", ""Eif2ak2"", ""Rnf213"", ""Ifit2"", ""Nampt"", ""Samd9l"", ""Pnp"", ""Parp14"", ""Isg20"", ""Cdkn1a"", ""Ripk1"", ""Xaf1"", ""Dhx58"", ""Usp18"", ""Fcgr1"", ""Irf9"", ""Il10ra"", ""Ube2l6"", ""Irf1"", ""Irf5"", ""Stat2"")"
"303","REACTOME_RHO_GTPASE_EFFECTORS","0.00374826493488188","0.0399413410924937","0.431707695803346","0.766717058485936","1.35801396085377","108","c(""Cybb"", ""S100a8"", ""Ncf1"", ""S100a9"", ""Ncf2"", ""Ncf4"", ""Cyfip1"", ""Prkcd"", ""Mapk3"")"
"304","REACTOME_GPCR_LIGAND_BINDING","0.00500001771689868","0.0490175649915788","0.407017918923954","0.765940058431326","1.35826625281481","100","c(""Anxa1"", ""C5ar1"", ""Ltb4r1"", ""Cxcr2"", ""C3"", ""Ptafr"", ""Ccl6"", ""App"", ""Ffar2"", ""Cd55"", ""Psap"", ""Ccr3"", ""C3ar1"", ""Ccl9"", ""Cxcr4"", ""Gpr35"", ""Grm1"", ""Adgre1"", ""Cysltr1"", ""Gng12"", ""Ccl3"", ""Cnr2"", ""Cxcr3"", ""Cx3cr1"", ""Ccr5"", ""F2rl2"")"
"305","GOBP_G_PROTEIN_COUPLED_RECEPTOR_SIGNALING_PATHWAY","6.14799583768157e-05","0.00163472889325524","0.538434096309916","0.769945118126896","1.35880180639762","195","c(""Anxa1"", ""C5ar1"", ""Ltb4r1"", ""Rgs18"", ""Cxcr2"", ""C3"", ""Sorl1"", ""Gpr141"", ""Pik3r6"", ""Ptafr"", ""Ccr1"", ""Ccl6"", ""Pde2a"", ""App"", ""Plek"", ""Rgs2"", ""Kctd12"", ""Adgre4"", ""Ccr2"", ""Ffar2"", ""Entpd1"", ""Syk"", ""Ppp3ca"", ""Psap"", ""Lrp1"", ""Adgrg3"", ""Mgll"", ""Gnaq"", ""Ccr3"", ""Orai1"", ""C3ar1"", ""Ccl9"", ""Cxcr4"", ""Gpr35"", ""Grm1"", ""Gna15"", ""Tgm2"", ""Cish"", ""Adgre1"", ""Cysltr1"", ""Gng12"", ""Ccl3"", ""Cnr2"", ""Rgs3"", ""Zdhhc3"", ""Cxcr3"", ""Dgkg"", ""Cx3cr1"", ""Bcar3"", ""Ccr5"", ""F2rl2"")"
"306","REACTOME_SIGNALING_BY_GPCR","0.000257983735483875","0.00491302134095474","0.49849310876659","0.77114435577027","1.35945750588335","154","c(""Anxa1"", ""C5ar1"", ""Ltb4r1"", ""Rgs18"", ""Cxcr2"", ""C3"", ""Fgd4"", ""Pik3r6"", ""Ptafr"", ""Ccr1"", ""Ccl6"", ""Pde2a"", ""App"", ""Rgs2"", ""Ffar2"", ""Cd55"", ""Psap"", ""Pla2g4a"", ""Mgll"", ""Gnaq"", ""Prkcd"", ""Ccr3"", ""C3ar1"", ""Mapk3"", ""Vav3"", ""Ccl9"", ""Cxcr4"", ""Gpr35"", ""Grm1"", ""Gna15"", ""Adgre1"", ""Prkar2b"", ""Cysltr1"", ""Gng12"", ""Ccl3"", ""Cnr2"", ""Rgs3"", ""Pak1"", ""Camkk2"", ""Cxcr3"", ""Dgkg"", ""Cx3cr1"", ""Ccr5"", ""F2rl2"")"
"307","GOBP_FATTY_ACID_METABOLIC_PROCESS","0.00454889722073453","0.0457079030896267","0.407017918923954","0.76799905492508","1.363713799096","99","c(""Anxa1"", ""Alox5ap"", ""Hacd4"", ""C3"", ""Alox5"", ""Abcd2"", ""Il1b"", ""Cyp4f18"", ""Lipg"", ""Gpx1"", ""Alox15"", ""Nucb2"", ""Pla2g4a"", ""Mid1ip1"", ""Tbxas1"", ""Mgll"", ""Lpgat1"", ""Asah1"", ""Myo5a"", ""Prkar2b"")"
"308","GOBP_REGULATION_OF_ENDOPEPTIDASE_ACTIVITY","0.0011897094895999","0.0167241705557971","0.45505986738723","0.770815938051564","1.36372294268008","122","c(""S100a8"", ""Plaur"", ""S100a9"", ""Ltf"", ""Serpinb1a"", ""Mmp9"", ""Sorl1"", ""Cd44"", ""App"", ""Lyn"", ""Naip2"", ""F3"", ""Xdh"", ""Aph1c"", ""Vsir"", ""Casp1"", ""Gpx1"", ""Syk"", ""Nlrp3"")"
"309","GOBP_REGULATION_OF_RESPONSE_TO_BIOTIC_STIMULUS","2.76874536233148e-06","0.0001357166748475","0.627256739718528","0.77411068525415","1.36487661530147","228","c(""Ncf1"", ""Trim30b"", ""Tyrobp"", ""Ltf"", ""Cd300lf"", ""Serpinb1a"", ""Spi1"", ""Ifi204"", ""Pik3r6"", ""Adam8"", ""Tlr13"", ""Fgr"", ""Emilin2"", ""Ccr1"", ""Il1b"", ""Oas3"", ""Il18rap"", ""App"", ""Lbp"", ""Rsad2"", ""Arg2"", ""Lyn"", ""Samhd1"", ""Plcg2"", ""Clec4e"", ""Casp4"", ""Plscr1"", ""Sh2d1b1"", ""Ddx60"", ""Fgl2"", ""Cd300a"", ""Trim30d"", ""Myo1f"", ""Casp1"", ""Treml4"", ""Ffar2"", ""Cd55"", ""Slc15a3"", ""Unc93b1"", ""Syk"", ""H2-D1"", ""Nlrp3"", ""Grn"", ""Oas1g"", ""Smpdl3b"", ""Il15"", ""Cd24a"", ""Ifih1"", ""Oasl1"", ""Mefv"", ""Ninj1"", ""Isg15"", ""Mapk3"", ""Irf7"", ""Zbp1"", 
""Trafd1"", ""Eif2ak2"", ""N4bp1"", ""Irgm2"", ""Clec4n"", ""Trim30a"", ""Parp14"", ""H2-K1"", ""Pik3ap1"", ""Trim30c"")"
"310","GOBP_SECRETION","1.18933327238412e-06","6.4464150542589e-05","0.643551836150722","0.774714824803953","1.36508022894837","269","c(""Cd177"", ""Anxa1"", ""S100a8"", ""S100a9"", ""Itgam"", ""Fcgr4"", ""Alox5"", ""Spi1"", ""Hck"", ""Fcer1g"", ""Lgals3"", ""Fes"", ""Fgr"", ""Lrrk2"", ""Fcgr3"", ""Ptafr"", ""Ccr1"", ""Il1b"", ""Tnfaip2"", ""Rsad2"", ""Lyn"", ""Rab44"", ""Plek"", ""Xdh"", ""Ncam1"", ""Trpm2"", ""Cd300a"", ""Myo1f"", ""Ccr2"", ""Stx11"", ""Mctp1"", ""Ffar2"", ""Fosl2"", ""Entpd1"", ""Snx10"", ""Oas2"", ""Syk"", ""Ppp3ca"", ""Inhba"", ""Nucb2"", ""Psap"", ""Anxa2"", ""Milr1"", ""Pla2g4a"", ""Anxa3"", ""Lrp1"", ""Serp1"", ""Rab27a"", ""Gnaq"", ""Tifab"", ""Orai1"", ""Smpd3"", ""Rab11fip1"", ""Hip1r"", ""Tgfb2"", ""Slc6a4"", 
""Tnfrsf1b"")"
"311","GOBP_POSITIVE_REGULATION_OF_CYTOKINE_PRODUCTION","5.63396314684674e-06","0.000242432444723474","0.610526878385931","0.774456518804527","1.36576516040405","230","c(""Anxa1"", ""Cybb"", ""Chil1"", ""C5ar1"", ""Mapk13"", ""Clec5a"", ""Tyrobp"", ""Camp"", ""C3"", ""Fcer1g"", ""Sorl1"", ""Adam8"", ""Fgr"", ""Lrrk2"", ""Fcgr3"", ""Ptafr"", ""Il1b"", ""Oas3"", ""Cebpb"", ""App"", ""Lbp"", ""Rsad2"", ""F3"", ""Plcg2"", ""Clec4e"", ""Casp4"", ""Tarm1"", ""Agpat2"", ""Slc11a1"", ""Csf1r"", ""Ccr2"", ""Casp1"", ""Ffar2"", ""Cd55"", ""B2m"", ""Unc93b1"", ""Oas2"", ""Syk"", ""H2-D1"", ""Nlrp3"", ""Oas1g"", ""Il15"", ""Lrp1"", ""Ifih1"", ""Mefv"", ""C3ar1"", ""Isg15"", ""Irf7"", ""Eif2ak2"", ""Il6ra"")"
"312","GOMF_CARBOHYDRATE_BINDING","0.00288755327792006","0.0328831067224958","0.431707695803346","0.769978723993978","1.36597687521774","109","c(""Clec4a2"", ""Pygl"", ""Clec5a"", ""Cd33"", ""Clec12a"", ""Hk3"", ""Lgals3"", ""Siglece"", ""Clec4e"", ""Slc2a3"", ""Pgd"", ""Hk2"", ""Clec4d"", ""Tkt"", ""G6pdx"", ""Clec4a1"", ""Clec4a3"", ""Siglecf"", ""Gyg"", ""Cd24a"", ""Prg4"", ""Enpp2"", ""Aldoa"", ""Siglec1"", ""Clec4n"", ""Cd302"")"
"313","GOBP_BIOLOGICAL_PROCESS_INVOLVED_IN_SYMBIOTIC_INTERACTION","0.0036547800861486","0.0392418958964184","0.431707695803346","0.770172660216934","1.36678643842532","97","c(""Pglyrp1"", ""Ifitm6"", ""Ncf1"", ""Trim30b"", ""Ifitm2"", ""Ltf"", ""Camp"", ""Ifitm3"", ""Trim30d"", ""Ifitm1"", ""Csf1r"", ""Gpx1"")"
"314","GOBP_VASCULATURE_DEVELOPMENT","1.56580715540387e-06","8.02404994091966e-05","0.643551836150722","0.777156087284847","1.36779219760392","248","c(""Anxa1"", ""Cybb"", ""Chil1"", ""Ngp"", ""C5ar1"", ""Camp"", ""Cxcr2"", ""C3"", ""Alox5"", ""Nfe2"", ""Spi1"", ""Mmp9"", ""Lgals3"", ""Pik3r6"", ""Adam8"", ""Emilin2"", ""Il1b"", ""Hhex"", ""Tnfaip2"", ""Pde2a"", ""Rin2"", ""F3"", ""Xdh"", ""Ccr2"", ""Hk2"", ""Gpx1"", ""Ctsh"", ""Syk"", ""Klf5"", ""Grn"", ""Anxa2"", ""Anxa3"", ""Lrp1"", ""Flt1"", ""Ninj1"", ""Pkm"", ""Ccr3"", ""C3ar1"", ""Vav3"", ""Acvrl1"", ""Il6ra"", ""Tgfb2"", ""Tal1"", ""Rnf213"", ""Cxcr4"", ""Lyl1"", ""Sema4a"", ""Hmox1"", ""Hgf"", ""Ldlr"")"
"315","GOBP_RESPONSE_TO_WOUNDING","7.17039797715711e-05","0.0018289381627708","0.538434096309916","0.775901860411727","1.36974188905319","173","c(""Anxa1"", ""Plaur"", ""S100a9"", ""Tyrobp"", ""Alox5"", ""Fcer1g"", ""Lilrb4a"", ""Emilin2"", ""Cd44"", ""Cd9"", ""Lcp1"", ""Lyn"", ""F5"", ""F3"", ""Plek"", ""Plcg2"", ""Slc11a1"", ""Ccr2"", ""F10"", ""Gpx1"", ""Entpd1"", ""Ahnak"", ""Syk"", ""Grn"", ""Igf1r"", ""Alox15"", ""Anxa2"", ""Pla2g4a"", ""Cd24a"", ""Lrp1"", ""Rab27a"", ""Gnaq"", ""Prkcd"", ""Cldn1"", ""Acvrl1"", ""Il6ra"", ""Slc6a4"", ""Cxcr4"", ""Hmox1"", ""Xylt1"", ""Cdkn1a"")"
"316","GOBP_CYTOKINE_PRODUCTION","1.64666456664931e-09","2.15866236330283e-07","0.788186810800237","0.778919425748149","1.37306548906786","371","c(""Pglyrp1"", ""Anxa1"", ""Cybb"", ""Chil1"", ""C5ar1"", ""Mapk13"", ""Cd300ld"", ""Clec5a"", ""Tyrobp"", ""Ltf"", ""Camp"", ""C3"", ""Alox5"", ""Serpinb1a"", ""Fcer1g"", ""Lilrb4a"", ""Sorl1"", ""Adam8"", ""Abcd2"", ""Fgr"", ""Sirpa"", ""Lrrk2"", ""Fcgr3"", ""Ptafr"", ""Il1b"", ""Oas3"", ""Cebpb"", ""Il18rap"", ""Il1r2"", ""App"", ""Lbp"", ""Rsad2"", ""Arg2"", ""Lyn"", ""F3"", ""Plcg2"", ""Clec4e"", ""Casp4"", ""Tarm1"", ""Sh2d1b1"", ""Litaf"", ""Agpat2"", ""Slc11a1"", ""Csf1r"", ""Ccr2"", ""Vsir"", ""Casp1"", ""Ffar2"", ""Fosl2"", ""G6pdx"", ""Fcgr2b"", ""Cd55"", ""B2m"", ""Unc93b1"", ""Oas2"", ""Syk"", 
""H2-D1"", ""Nlrp3"", ""Oas1g"", ""Il15"", ""Cd24a"", ""Lrp1"", ""Flt1"", ""Ifih1"", ""Mefv"", ""Prkcd"", ""Prg4"", ""C3ar1"", ""Isg15"", ""Irf7"", ""Eif2ak2"", ""Siglec1"", ""Il6ra"", ""Tgfb2"", ""N4bp1"", ""Tnfrsf1b"", ""Irgm2"", ""Clec4n"", ""Trim30a"", ""Rnf19b"", ""Hmox1"", ""Pnp"", ""Zbtb7b"", ""Cd200r1"", ""Hgf"", ""H2-K1"", ""Ripk1"", ""F11r"", ""Gadd45g"", ""Xaf1"", ""Oas1a"")"
"317","GOBP_REGULATION_OF_ANATOMICAL_STRUCTURE_MORPHOGENESIS","1.12763136032842e-07","8.82841385857122e-06","0.704975715167238","0.781281444291113","1.37520357126147","280","c(""Anxa1"", ""Cybb"", ""Chil1"", ""Lcn2"", ""Ngp"", ""C5ar1"", ""Camp"", ""Cxcr2"", ""C3"", ""Alox5"", ""Lst1"", ""Hck"", ""Mmp9"", ""Lgals3"", ""Fgd4"", ""Fes"", ""Pik3r6"", ""Fgr"", ""Lrrk2"", ""Emilin2"", ""Cd44"", ""Il1b"", ""Hhex"", ""Tnfsf13b"", ""F3"", ""Csf1r"", ""Ccr2"", ""Hk2"", ""Csf1"", ""Gas7"", ""Ctsh"", ""Cdc42ep2"", ""Cyfip1"", ""Ppp3ca"", ""Grn"", ""Anxa3"", ""Plxnc1"", ""Lrp1"", ""Flt1"", ""Ninj1"", ""Plxnb2"", ""Pkm"", ""Ccr3"", ""Nin"", ""Enpp2"", ""C3ar1"", ""Tacstd2"", ""Aldoa"", ""Acvrl1"", ""Tgfb2"", ""Pdzd8"", ""Zeb2"", ""Irgm2"", ""Cxcr4"", ""Sema4a"", ""Hmox1"", ""Cdc42ep3"", ""Hgf""
)"
"318","GOBP_REGULATION_OF_IMMUNE_RESPONSE","4.15545234754318e-10","5.71324021539046e-08","0.814035837847908","0.781385995883321","1.37678211855291","386","c(""Pglyrp1"", ""Cd177"", ""Anxa1"", ""Ncf1"", ""Itgam"", ""C5ar1"", ""Trim30b"", ""Tyrobp"", ""Ltf"", ""Fcgr4"", ""Clec12a"", ""C3"", ""Cd300lf"", ""Serpinb1a"", ""Spi1"", ""Fcer1g"", ""Lilrb4a"", ""Ifi204"", ""Lgals3"", ""Fes"", ""Pik3r6"", ""Adam8"", ""Tlr13"", ""Fgr"", ""Cd44"", ""Fcgr3"", ""Ptafr"", ""Ccr1"", ""Il1b"", ""Oas3"", ""Il18rap"", ""Tnfsf13b"", ""App"", ""Lbp"", ""Rsad2"", ""Arg2"", ""Lyn"", ""Samhd1"", ""Hlx"", ""Plcg2"", ""Clec4e"", ""Casp4"", ""Plscr1"", ""Sh2d1b1"", ""Ddx60"", ""Fgl2"", ""Cd300a"", ""Slc11a1"", ""Trim30d"", ""Myo1f"", ""Ccr2"", ""Vsir"", ""Casp1"", ""Treml4"", ""Clec4d"", 
""Ffar2"", ""Gpx1"", ""Fosl2"", ""Fcgr2b"", ""Themis2"", ""Cd55"", ""Ctsh"", ""Slc15a3"", ""B2m"", ""Unc93b1"", ""Syk"", ""H2-D1"", ""Nlrp3"", ""Grn"", ""Oas1g"", ""Alox15"", ""Smpdl3b"", ""Il15"", ""Pla2g4a"", ""Cfp"", ""Cd24a"", ""Ifih1"", ""Oasl1"", ""Mefv"", ""Ninj1"", ""C3ar1"", ""Dusp3"", ""Isg15"", ""Irf7"", ""Vav3"", ""Zbp1"", ""Trafd1"", ""Eif2ak2"", ""N4bp1"", ""Fut7"", ""Tnfrsf1b"", ""Irgm2"", ""Clec4n"", ""Trim30a"", ""Cd80"", ""Hmox1"", ""Pnp"", ""Zbtb7b"", ""Parp14"", ""H2-K1"", ""Pik3ap1"", ""Trim30c"")"
"319","GOBP_LYMPHOCYTE_ACTIVATION_INVOLVED_IN_IMMUNE_RESPONSE","0.00110634549616471","0.0160320554289986","0.45505986738723","0.7796167051521","1.37874196816895","107","c(""Pglyrp1"", ""Anxa1"", ""Fcgr4"", ""Spi1"", ""Fcer1g"", ""Lilrb4a"", ""Lgals3"", ""Gapt"", ""Lcp1"", ""Hlx"", ""Plcg2"", ""Clec4e"", ""Fgl2"", ""Slc11a1"", ""Ccr2"", ""Stx11"", ""Clec4d"", ""Nlrp3"", ""Rab27a"", ""Il6ra"", ""Itgal"", ""Sema4a"", ""Zbtb7b"")"
"320","GOBP_RESPONSE_TO_XENOBIOTIC_STIMULUS","0.00209527738436088","0.0257321974197","0.431707695803346","0.779442297687135","1.38103921784376","93","c(""Cybb"", ""Mgst1"", ""Lcn2"", ""Mmp9"", ""Il1b"", ""Ncam1"", ""Rnf149"", ""Casp1"", ""Gpx1"", ""Fosl2"")"
"321","GOBP_REGULATION_OF_CHEMOTAXIS","0.00405949580667798","0.0422202543583833","0.407017918923954","0.77846264031628","1.38115006084773","87","c(""Mtus1"", ""C5ar1"", ""Cxcr2"", ""Spi1"", ""Pla2g7"", ""Ccr1"", ""Il1b"", ""Bst1"", ""App"", ""Lbp"", ""Lyn"", ""Csf1r"", ""Ccr2"", ""Csf1"", ""Ninj1"", ""Dapk2"", ""C3ar1"", ""Dusp3"", ""Mapk3"", ""Cxcr4"", ""Sema4a"", ""Dusp1"", ""Sell"")"
"322","GOBP_REGULATION_OF_INNATE_IMMUNE_RESPONSE","1.77325230291992e-05","0.000587989601856446","0.575610261071129","0.783202164013134","1.38173184616785","192","c(""Ncf1"", ""Trim30b"", ""Tyrobp"", ""Ltf"", ""Cd300lf"", ""Serpinb1a"", ""Spi1"", ""Ifi204"", ""Pik3r6"", ""Adam8"", ""Tlr13"", ""Fgr"", ""Ccr1"", ""Oas3"", ""Il18rap"", ""App"", ""Lbp"", ""Rsad2"", ""Lyn"", ""Samhd1"", ""Plcg2"", ""Clec4e"", ""Casp4"", ""Plscr1"", ""Sh2d1b1"", ""Ddx60"", ""Cd300a"", ""Trim30d"", ""Myo1f"", ""Casp1"", ""Treml4"", ""Ffar2"", ""Slc15a3"", ""Unc93b1"", ""Syk"", ""H2-D1"", ""Nlrp3"", ""Grn"", ""Oas1g"", ""Smpdl3b"", ""Ifih1"", ""Oasl1"", ""Mefv"", ""Ninj1"", ""Isg15"", ""Irf7"", ""Zbp1"", ""Trafd1"", ""Eif2ak2"", ""N4bp1"", ""Irgm2"", ""Clec4n"", ""Trim30a"", ""Parp14"", 
""H2-K1"", ""Pik3ap1"", ""Trim30c"", ""Oas1a"", ""Dhx58"", ""Irf1"", ""Hmgb2"", ""Cd14"", ""Stat2"", ""Klri2"", ""Tifa"")"
"323","GOBP_REGULATION_OF_BODY_FLUID_LEVELS","0.00222361757349821","0.0269559833587299","0.431707695803346","0.780030127930451","1.38306021527833","101","c(""Plaur"", ""S100a9"", ""Fcer1g"", ""Lilrb4a"", ""Emilin2"", ""Cd9"", ""Lyn"", ""F5"", ""F3"", ""Plek"", ""Xdh"", ""F10"", ""Fosl2"", ""Entpd1"", ""Ptpro"", ""Oas2"", ""Syk"", ""Ppp3ca"", ""Anxa2"", ""Pla2g4a"", ""Rab27a"", ""Gnaq"", ""Prkcd"", ""Tifab"", ""Il6ra"", ""Slc6a4"", ""Zbtb7b"", ""F11r"")"
"324","IVANOVA_HEMATOPOIESIS_LATE_PROGENITOR","4.59705188978985e-06","0.000208980495989882","0.610526878385931","0.784807560436787","1.38327664208283","219","c(""Hp"", ""Cybb"", ""Slpi"", ""Mtus1"", ""Tyrobp"", ""Gda"", ""Ltb4r1"", ""Cd33"", ""Clec12a"", ""Hck"", ""Hdc"", ""Sorl1"", ""Cldn15"", ""I830077J02Rik"", ""Ankrd22"", ""Abcd2"", ""Gsr"", ""Emilin2"", ""Ccr1"", ""App"", ""Csf2rb"", ""Rab44"", ""Plek"", ""Lpcat2"", ""Glrx"", ""Fgl2"", ""Cd300a"", ""Ccr2"", ""Stx11"", ""Casp1"", ""F10"", ""G6pdx"", ""Fcgr2b"", ""Evi2a"", ""Ostf1"", ""Sat1"", ""AB124611"", ""Mpeg1"", ""Ptpro"", ""Tmem216"", ""Nucb2"", ""Anxa2"", ""Ms4a6c"", ""Anxa3"", ""Lhfpl2"", ""Fth1"", ""Nin"", ""Tacstd2"", ""Ccl9"", ""Il13ra1"", ""Zeb2"", ""Abca9"")"
"325","GOBP_NEGATIVE_REGULATION_OF_CELL_CELL_ADHESION","0.00194427064531","0.0241406467568557","0.45505986738723","0.781402220493378","1.38451186779796","93","c(""Anxa1"", ""Spi1"", ""Lilrb4a"", ""Lgals3"", ""Adam8"", ""Cd44"", ""Cd9"", ""Cebpb"", ""Arg2"", ""Hlx"", ""Tarm1"", ""Fgl2"", ""Cd300a"", ""Myadm"", ""Slfn1"", ""Vsir"", ""Cd24a"", ""Prkcd"", ""Dusp3"")"
"326","GOBP_REGULATION_OF_SECRETION","8.6924403952479e-06","0.000326661910053416","0.593325476396405","0.786198394089716","1.38561739757536","188","c(""Cd177"", ""Anxa1"", ""S100a8"", ""S100a9"", ""Itgam"", ""Alox5"", ""Spi1"", ""Fcer1g"", ""Lgals3"", ""Fes"", ""Fgr"", ""Lrrk2"", ""Ptafr"", ""Il1b"", ""Rsad2"", ""Lyn"", ""Trpm2"", ""Cd300a"", ""Ccr2"", ""Mctp1"", ""Ffar2"", ""Entpd1"", ""Oas2"", ""Syk"", ""Ppp3ca"", ""Inhba"", ""Nucb2"", ""Anxa2"", ""Pla2g4a"", ""Lrp1"", ""Serp1"", ""Rab27a"", ""Gnaq"", ""Tifab"", ""Orai1"", ""Smpd3"", ""Rab11fip1"", ""Hip1r"", ""Tgfb2"", ""Slc6a4"", ""Tnfrsf1b"")"
"327","GOBP_POSITIVE_REGULATION_OF_RESPONSE_TO_EXTERNAL_STIMULUS","1.01196844987194e-07","8.03445936891286e-06","0.704975715167238","0.786677609766252","1.38603843446244","267","c(""S100a8"", ""S100a9"", ""Alox5ap"", ""C5ar1"", ""Trim30b"", ""Tyrobp"", ""Ltf"", ""Cxcr2"", ""C3"", ""Cd300lf"", ""Spi1"", ""Fcer1g"", ""Ifi204"", ""Adam8"", ""Tlr13"", ""Lrrk2"", ""Emilin2"", ""Pla2g7"", ""Fcgr3"", ""Ccr1"", ""Il1b"", ""Oas3"", ""Cebpb"", ""Il18rap"", ""Pde2a"", ""App"", ""Lbp"", ""Rsad2"", ""Lyn"", ""Plcg2"", ""Clec4e"", ""Casp4"", ""Plscr1"", ""Sh2d1b1"", ""Ddx60"", ""Cd300a"", ""Nupr1"", ""Trim30d"", ""Csf1r"", ""Ccr2"", ""Casp1"", ""Treml4"", ""Csf1"", ""Ffar2"", ""Slc15a3"", ""Unc93b1"", ""Syk"", ""H2-D1"", ""Nlrp3"", ""Grn"", ""Oas1g"", ""Igf1r"", ""Smpdl3b"", ""Cd24a"", ""Lrp1"", 
""Ifih1"", ""Oasl1"", ""Mefv"", ""Ninj1"", ""Dapk2"", ""C3ar1"", ""Mapk3"", ""Irf7"", ""Zbp1"", ""Eif2ak2"", ""Irgm2"", ""Clec4n"", ""Cxcr4"", ""Trim30a"", ""H2-K1"", ""Pik3ap1"", ""Trim30c"", ""Ldlr"", ""Ripk1"", ""Oas1a"", ""Dhx58"", ""Sell"", ""Fcgr1"", ""Irf1"", ""Hmgb2"", ""Cd14"", ""Ccl3"", ""Klri2"", ""Tifa"", ""Il1rl1"")"
"328","GOBP_BLOOD_VESSEL_MORPHOGENESIS","3.45662444348628e-06","0.000163739428470018","0.627256739718528","0.786553533415865","1.38670900522652","210","c(""Anxa1"", ""Cybb"", ""Chil1"", ""Ngp"", ""C5ar1"", ""Camp"", ""Cxcr2"", ""C3"", ""Alox5"", ""Spi1"", ""Mmp9"", ""Lgals3"", ""Pik3r6"", ""Adam8"", ""Emilin2"", ""Il1b"", ""Hhex"", ""Tnfaip2"", ""Rin2"", ""F3"", ""Xdh"", ""Ccr2"", ""Hk2"", ""Gpx1"", ""Ctsh"", ""Syk"", ""Klf5"", ""Grn"", ""Anxa2"", ""Anxa3"", ""Lrp1"", ""Flt1"", ""Ninj1"", ""Pkm"", ""Ccr3"", ""C3ar1"", ""Vav3"", ""Acvrl1"", ""Tgfb2"", ""Tal1"", ""Rnf213"", ""Cxcr4"", ""Sema4a"", ""Hmox1"", ""Hgf"", ""Ldlr"", ""Chd7"")"
"329","GOBP_IMMUNE_EFFECTOR_PROCESS","2.60586205505479e-09","3.06025925090497e-07","0.774939030136436","0.78803214510385","1.38829331397609","305","c(""Pglyrp1"", ""Cd177"", ""Anxa1"", ""Ncf1"", ""Itgam"", ""Csf3r"", ""Tyrobp"", ""Pirb"", ""Fcgr4"", ""C3"", ""Spi1"", ""Fcer1g"", ""Lilrb4a"", ""Cd300lb"", ""Lgals3"", ""Fes"", ""Pik3r6"", ""Fgr"", ""Fcgr3"", ""Ptafr"", ""Il1b"", ""Cebpb"", ""Il18rap"", ""Gapt"", ""App"", ""Lbp"", ""Rsad2"", ""Lcp1"", ""Csf2rb"", ""Lyn"", ""Rab44"", ""Hlx"", ""Plcg2"", ""Clec4e"", ""Casp4"", ""Sh2d1b1"", ""Litaf"", ""Ddx60"", ""Fgl2"", ""Cd300a"", ""Slc11a1"", ""Myo1f"", ""Ccr2"", ""Stx11"", ""Vsir"", ""Casp1"", ""Treml4"", ""Clec4d"", ""Ffar2"", ""Fosl2"", ""Fcgr2b"", ""Cd55"", ""Ctsh"", ""B2m"", ""Unc93b1"", ""Syk"", ""H2-D1"", 
""Nlrp3"", ""Grn"", ""Milr1"", ""Cfp"", ""Cd24a"", ""Anxa3"", ""Lrp1"", ""Rab27a"", ""Prkcd"", ""Irf7"", ""Il6ra"", ""Tgfb2"", ""Fut7"", ""Tnfrsf1b"", ""Cd80"", ""Rnf19b"", ""Itgal"", ""Sema4a"", ""Hmox1"", ""Pnp"", ""Zbtb7b"")"
"330","GOBP_CELLULAR_RESPONSE_TO_BIOTIC_STIMULUS","0.000615212437728277","0.0100812573007974","0.477270815362862","0.786690917709056","1.39125262074933","107","c(""Trim30b"", ""Ltf"", ""Fcgr4"", ""Spi1"", ""Lilrb4a"", ""Cd300lb"", ""Sirpa"", ""Il1b"", ""Cebpb"", ""Pde2a"", ""Lbp"", ""Cmpk2"", ""Lyn"", ""Plcg2"", ""Plscr1"", ""Litaf"", ""Trim30d"", ""Casp1"", ""Fcgr2b"", ""Cd55"", ""B2m"", ""Syk"", ""Nlrp3"", ""Tifab"", ""Mapk3"", ""Tnfrsf1b"", ""Irgm2"", ""Trim30a"", ""Cd80"", ""Trim30c"", ""Cd68"")"
"331","GOBP_VESICLE_MEDIATED_TRANSPORT","9.31000292605816e-11","1.49944247126257e-08","0.839088935621274","0.789815223737358","1.39198455295287","360","c(""Cd177"", ""Anxa1"", ""Ncf2"", ""Itgam"", ""Tyrobp"", ""Fcgr4"", ""Ncf4"", ""Cxcr2"", ""C3"", ""Cd300lf"", ""Spi1"", ""Hck"", ""Fcer1g"", ""Lilrb4a"", ""Lgals3"", ""Fes"", ""Sorl1"", ""Siglece"", ""Fgr"", ""Sirpa"", ""Lrrk2"", ""Cd44"", ""Cd9"", ""Fcgr3"", ""Ptafr"", ""Ccr1"", ""Il1b"", ""Tnfaip2"", ""App"", ""Lbp"", ""Sirpb1b"", ""Lyn"", ""Rab44"", ""Rin2"", ""Apobr"", ""Ifitm3"", ""Wipi1"", ""Plek"", ""Plcg2"", ""Ncam1"", ""Plscr1"", ""Cd300a"", ""Slc11a1"", ""Dock1"", ""Myo1f"", ""Ccr2"", ""Stx11"", ""Mctp1"", ""Treml4"", ""Fcgr2b"", ""Cd63"", ""Snx18"", ""Snx10"", ""B2m"", ""Cd300lg"", ""Syk"", ""Cyfip1"", 
""Ppp3ca"", ""Neurl3"", ""Grn"", ""Unc119"", ""Igf1r"", ""Alox15"", ""Siglecf"", ""Anxa2"", ""Milr1"", ""Il15"", ""Pla2g4a"", ""Cfp"", ""Cd24a"", ""Anxa3"", ""Lrp1"", ""Msr1"", ""Rab27a"", ""Vamp5"", ""Orai1"", ""Mapk3"", ""Smpd3"", ""Vav3"", ""Ehd4"", ""Ehd1"", ""Siglec1"", ""Rab11fip1"", ""Hip1r"")"
"332","GOBP_ACTIVATION_OF_INNATE_IMMUNE_RESPONSE","0.000529281852431002","0.00898663193419746","0.477270815362862","0.788435908806773","1.39573354643943","116","c(""Trim30b"", ""Tyrobp"", ""Ltf"", ""Cd300lf"", ""Ifi204"", ""Tlr13"", ""Oas3"", ""App"", ""Lbp"", ""Rsad2"", ""Lyn"", ""Plcg2"", ""Clec4e"", ""Casp4"", ""Ddx60"", ""Cd300a"", ""Trim30d"", ""Casp1"", ""Treml4"", ""Ffar2"", ""Slc15a3"", ""Unc93b1"", ""Syk"", ""Nlrp3"", ""Oas1g"", ""Smpdl3b"", ""Ifih1"", ""Oasl1"", ""Mefv"", ""Ninj1"", ""Irf7"", ""Zbp1"", ""Eif2ak2"", ""Irgm2"", ""Clec4n"", ""Trim30a"", ""Pik3ap1"", ""Trim30c"", ""Oas1a"", ""Dhx58"", ""Irf1"", ""Cd14"", ""Klri2"", ""Tifa"")"
"333","GOBP_MYELOID_LEUKOCYTE_DIFFERENTIATION","0.000601108755593515","0.00991310583774861","0.477270815362862","0.788232123222806","1.39579309673377","121","c(""Itgam"", ""Tyrobp"", ""Pirb"", ""Cd300lf"", ""Spi1"", ""Fcer1g"", ""Lilrb4a"", ""Pira2"", ""Fes"", ""Adam8"", ""Lilra6"", ""Ccr1"", ""Hhex"", ""Cebpb"", ""App"", ""Lyn"", ""Pilrb1"", ""Csf1r"", ""Csf1"", ""Fosl2"", ""Snx10"", ""Ppp3ca"", ""Il15"", ""Fam20c"", ""Ninj1"", ""Ccl9"", ""Tfe3"", ""Tal1"")"
"334","GOBP_WOUND_HEALING","0.000253417771927568","0.00487548116162355","0.49849310876659","0.790298826035301","1.39643429158668","124","c(""Anxa1"", ""Plaur"", ""S100a9"", ""Alox5"", ""Fcer1g"", ""Lilrb4a"", ""Emilin2"", ""Cd44"", ""Cd9"", ""Lyn"", ""F5"", ""F3"", ""Plek"", ""Slc11a1"", ""Ccr2"", ""F10"", ""Gpx1"", ""Entpd1"", ""Ahnak"", ""Syk"", ""Alox15"", ""Anxa2"", ""Pla2g4a"", ""Rab27a"", ""Gnaq"", ""Prkcd"", ""Cldn1"", ""Acvrl1"", ""Il6ra"", ""Slc6a4"", ""Cxcr4"", ""Hmox1"", ""Cdkn1a"", ""F11r"")"
"335","GOBP_POSITIVE_REGULATION_OF_DEFENSE_RESPONSE","5.32145436497736e-07","3.33300425059748e-05","0.659444398037935","0.792247116206835","1.39651124422341","218","c(""S100a8"", ""S100a9"", ""Alox5ap"", ""Trim30b"", ""Tyrobp"", ""Ltf"", ""C3"", ""Cd300lf"", ""Spi1"", ""Fcer1g"", ""Ifi204"", ""Adam8"", ""Tlr13"", ""Lrrk2"", ""Emilin2"", ""Fcgr3"", ""Il1b"", ""Oas3"", ""Cebpb"", ""Il18rap"", ""Pde2a"", ""App"", ""Lbp"", ""Rsad2"", ""Lyn"", ""Plcg2"", ""Clec4e"", ""Casp4"", ""Plscr1"", ""Sh2d1b1"", ""Ddx60"", ""Cd300a"", ""Nupr1"", ""Trim30d"", ""Csf1r"", ""Ccr2"", ""Casp1"", ""Treml4"", ""Ffar2"", ""Slc15a3"", ""Unc93b1"", ""Syk"", ""H2-D1"", ""Nlrp3"", ""Grn"", ""Oas1g"", ""Smpdl3b"", ""Cd24a"", ""Ifih1"", ""Oasl1"", ""Mefv"", ""Ninj1"", ""Mapk3"", ""Irf7"", ""Zbp1"", 
""Eif2ak2"", ""Irgm2"", ""Clec4n"", ""Trim30a"", ""H2-K1"", ""Pik3ap1"", ""Trim30c"", ""Ldlr"", ""Ripk1"", ""Oas1a"", ""Dhx58"", ""Fcgr1"", ""Irf1"", ""Hmgb2"", ""Cd14"", ""Ccl3"", ""Klri2"", ""Tifa"", ""Il1rl1"")"
"336","ZENG_GU_ICB_CONTROL_METAGENE_8_PRECICTIVE_ICB_RESPONSE","7.2979111372264e-05","0.00185307770633087","0.538434096309916","0.793400236229377","1.39949074622089","137","c(""Cybb"", ""Igsf6"", ""Cd300ld"", ""Pirb"", ""Clec12a"", ""Cd300lf"", ""Hck"", ""Fcer1g"", ""Hk3"", ""Pira2"", ""Plbd1"", ""Gpr141"", ""Fgr"", ""Ptafr"", ""Trpm2"", ""Tarm1"", ""Fgl2"", ""Trim30d"", ""Slfn1"", ""Themis2"", ""AB124611"", ""B2m"", ""Ptpro"", ""Syk"", ""Atp8b4"", ""Mmp25"", ""Slfn5"", ""Mefv"")"
"337","GOBP_CYTOKINE_PRODUCTION_INVOLVED_IN_IMMUNE_RESPONSE","0.00413537204433009","0.0425384894414028","0.407017918923954","0.787948163405478","1.39957664580062","83","c(""Fcer1g"", ""Lilrb4a"", ""Il1b"", ""Il18rap"", ""Rsad2"", ""Plcg2"", ""Casp4"", ""Litaf"", ""Slc11a1"", ""Ccr2"", ""Vsir"", ""Casp1"", ""Ffar2"", ""Fosl2"", ""Cd55"", ""B2m"", ""Syk"", ""H2-D1"", ""Nlrp3"", ""Tgfb2"", ""Tnfrsf1b"", ""Hmox1"", ""H2-K1"")"
"338","GOBP_MONONUCLEAR_CELL_MIGRATION","0.00170823829101334","0.0221319550568766","0.45505986738723","0.788416932901841","1.40033709539982","96","c(""Anxa1"", ""C5ar1"", ""Retnlg"", ""Alox5"", ""Spi1"", ""Lgals3"", ""Adam8"", ""Sirpa"", ""Pla2g7"", ""Ccr1"", ""Ccl6"", ""App"", ""Lyn"", ""Trpm2"", ""Csf1r"", ""Ccr2"", ""Csf1"", ""Ptpro"", ""Flt1"", ""Ninj1"", ""C3ar1"", ""Mapk3"", ""Ccl9"", ""Fut7"", ""Itgal"", ""Cd200r1"", ""F11r"", ""Dusp1"", ""Fut4"", ""Stk10"", ""Ccl3"", ""Cxcr3"", ""Il4"", ""Cx3cr1"", ""Stk39"")"
"339","DURCHDEWALD_SKIN_CARCINOGENESIS_DN","0.0037902516093052","0.0402366258411552","0.431707695803346","0.788828288972394","1.40120034329898","84","c(""Chil1"", ""Slpi"", ""6430548M08Rik"", ""Tgfbi"", ""Gsr"", ""Cd44"", ""Samhd1"", ""Xdh"", ""Mxd1"", ""Tpd52"", ""Dock1"", ""Stx11"", ""Hba-a1"", ""Cpne2"", ""Klf6"", ""Dapk2"", ""Rab11fip1"", ""Gm2a"", ""N4bp1"", ""Cd80"", ""Hmox1"", ""Ripk1"", ""Larp4b"", ""Kif1b"", ""Hba-a2"", ""Fos"", ""Pak1"", ""Bcar3"", ""Tpm4"", ""Pld1"")"
"340","GOBP_REGULATION_OF_MYELOID_CELL_DIFFERENTIATION","0.00105162589455639","0.0154778463906381","0.45505986738723","0.790561694521713","1.40377762829558","99","c(""Itgam"", ""Csf3r"", ""Tyrobp"", ""Pirb"", ""Spi1"", ""Lilrb4a"", ""Pira2"", ""Fes"", ""Adam8"", ""Lilra6"", ""Ccr1"", ""Cebpb"", ""Lyn"", ""Pilrb1"", ""Csf1r"", ""Csf1"", ""Lmo2"", ""B2m"", ""Ppp3ca"", ""Inhba"", ""Ninj1"", ""Isg15"", ""Ccl9"", ""Tfe3"", ""Tal1"")"
"341","GOCC_EXTRACELLULAR_SPACE","9.10791692649603e-14","2.13922198811075e-11","0.954541630725724","0.797153123565135","1.40433127515456","440","c(""Hp"", ""Pglyrp1"", ""Anxa1"", ""S100a8"", ""Chil1"", ""Wfdc21"", ""S100a9"", ""Slpi"", ""Lcn2"", ""Itgam"", ""Ngp"", ""Pirb"", ""Ltf"", ""Lyz2"", ""Retnlg"", ""Fcgr4"", ""Camp"", ""S100a11"", ""Crispld2"", ""Pi16"", ""C3"", ""Serpinb1a"", ""Mmp9"", ""Lgals3"", ""Tgfbi"", ""Cpd"", ""Plbd1"", ""Sorl1"", ""Stfa3"", ""Pla2g7"", ""Cd9"", ""Il1b"", ""Ccl6"", ""Tnfsf13b"", ""Ebi3"", ""App"", ""Lbp"", ""F5"", ""Apobr"", ""F3"", ""Xdh"", ""Ear2"", ""Fgl2"", ""Napsa"", ""Csf1"", ""Lipg"", ""F10"", ""Entpd1"", ""Prom1"", ""Cd63"", ""Snx18"", ""Ctsh"", ""Ahnak"", ""B2m"", ""Tcn2"", ""H2-D1"", ""Hba-a1"", ""Metrnl"", ""Inhba"", 
""Glipr2"", ""Vnn3"", ""Grn"", ""Smpdl3b"", ""Nucb2"", ""Psap"", ""Anxa2"", ""Smpdl3a"", ""Il15"", ""Hbb-bs"", ""Cfp"", ""Mmp25"", ""Lyz1"", ""Flt1"", ""Msr1"", ""Fam20c"", ""Prg4"", ""Ccr3"", ""Enpp2"", ""Tacstd2"", ""Apol8"", ""Aldoa"", ""Il6ra"", ""Tgfb2"", ""Ccl9"")"
"342","PLASARI_TGFB1_TARGETS_10HR_UP","0.00311775659626443","0.0345960510494933","0.431707695803346","0.792340756537815","1.40645933684237","82","c(""Plaur"", ""Crispld2"", ""Hck"", ""Mmp9"", ""Ier3"", ""Gcnt2"", ""Rnf149"", ""Hk2"", ""Inhba"", ""Lmo1"", ""Flt1"", ""Serp1"", ""Mgll"", ""Prg4"", ""Rap1gap2"", ""Bhlhe40"", ""Hip1r"", ""Dusp6"", ""Rnf19b"")"
"343","REACTOME_G_ALPHA_I_SIGNALLING_EVENTS","0.00470004421738704","0.0468922995635588","0.407017918923954","0.792892243104305","1.40695668635104","73","c(""Anxa1"", ""C5ar1"", ""Rgs18"", ""Cxcr2"", ""C3"", ""Ccr1"", ""Ccl6"", ""App"", ""Psap"", ""Pla2g4a"", ""Gnaq"", ""Prkcd"", ""Ccr3"", ""C3ar1"", ""Ccl9"", ""Cxcr4"", ""Gna15"", ""Prkar2b"", ""Gng12"", ""Cnr2"", ""Rgs3"", ""Camkk2"", ""Cxcr3"", ""Cx3cr1"", ""Ccr5"")"
"344","NABA_MATRISOME","3.57406806170517e-08","3.24951962319871e-06","0.719512826338911","0.799405712838349","1.40697691921658","243","c(""Anxa1"", ""S100a8"", ""Clec4a2"", ""S100a9"", ""Slpi"", ""Clec5a"", ""S100a6"", ""S100a11"", ""Crispld2"", ""Clec12a"", ""Serpinb1a"", ""Mmp9"", ""Lgals3"", ""Tgfbi"", ""Adam8"", ""Stfa3"", ""Emilin2"", ""Il1b"", ""Ccl6"", ""Tnfsf13b"", ""Ebi3"", ""Tgm3"", ""Clec4e"", ""Fgl2"", ""Clec4d"", ""Csf1"", ""F10"", ""Tgm1"", ""Ctsh"", ""Clec4a1"", ""Inhba"", ""Clec4a3"", ""Anxa2"", ""Il15"", ""Mmp25"", ""Anxa3"", ""Plxnc1"", ""Fam20c"", ""Prg4"", ""Plxnb2"", ""Tgfb2"", ""Ccl9"", ""Adamdec1"", ""Clec4n"", ""Htra3"", ""Igfbp7"", ""Sema4a"")"
"345","GOBP_REGULATION_OF_RESPONSE_TO_EXTERNAL_STIMULUS","8.29228963505094e-14","2.0323320292514e-11","0.954541630725724","0.799132311071716","1.40743603025676","433","c(""Pglyrp1"", ""Anxa1"", ""S100a8"", ""Ncf1"", ""Plaur"", ""S100a9"", ""Mtus1"", ""Alox5ap"", ""C5ar1"", ""Trim30b"", ""Tyrobp"", ""Ltf"", ""Cxcr2"", ""C3"", ""Cd300lf"", ""Alox5"", ""Serpinb1a"", ""Spi1"", ""Fcer1g"", ""Ifi204"", ""Pik3r6"", ""Adam8"", ""Siglece"", ""Tlr13"", ""Fgr"", ""Sirpa"", ""Lrrk2"", ""Emilin2"", ""Pla2g7"", ""Cd44"", ""Cd9"", ""Fcgr3"", ""Ccr1"", ""Il1b"", ""Bst1"", ""Oas3"", ""Cebpb"", ""Il18rap"", ""Pde2a"", ""App"", ""Lbp"", ""Rsad2"", ""Arg2"", ""Lyn"", ""Samhd1"", ""Plcg2"", ""Clec4e"", ""Casp4"", ""Plscr1"", ""Ier3"", ""Sh2d1b1"", ""Ddx60"", ""Fgl2"", ""Cd300a"", ""Nupr1"", 
""Trim30d"", ""Aph1c"", ""Myo1f"", ""Csf1r"", ""Ccr2"", ""Casp1"", ""Treml4"", ""Csf1"", ""Ffar2"", ""Gpx1"", ""Fcgr2b"", ""Cd55"", ""Slc15a3"", ""Unc93b1"", ""Syk"", ""H2-D1"", ""Metrnl"", ""Nlrp3"", ""Grn"", ""Oas1g"", ""Igf1r"", ""Alox15"", ""Smpdl3b"", ""Nucb2"", ""Anxa2"", ""Il15"", ""Cd24a"", ""Lrp1"", ""Ifih1"", ""Oasl1"", ""Mefv"", ""Mgll"", ""Ninj1"", ""Nt5e"", ""Prkcd"", ""Dapk2"", ""C3ar1"", ""Dusp3"", ""Isg15"", ""Mapk3"", ""Irf7"", ""Zbp1"", ""Trafd1"", ""Eif2ak2"", ""N4bp1"", ""Fut7"", ""Tnfrsf1b"", ""Irgm2"", ""Clec4n"", ""Cxcr4"", ""Trim30a"", ""Sema4a"", ""Xylt1"", ""Cd200r1"", ""Parp14"", 
""Hgf"", ""H2-K1"", ""Pik3ap1"", ""Trim30c"", ""Ldlr"", ""Ripk1"")"
"346","TABULA_MURIS_SENIS_SUBCUTANEOUS_ADIPOSE_TISSUE_B_CELL_AGEING","0.00296659453793229","0.0333620193686016","0.431707695803346","0.792921581830533","1.40749034168375","82","c(""Anxa1"", ""Tyrobp"", ""Lyz2"", ""S100a6"", ""Hck"", ""Cd44"", ""Cd9"", ""Prr13"", ""Capg"", ""Aldh2"", ""Myadm"", ""Gm15987"", ""Gas7"", ""Plp2"", ""Ctsh"", ""Ahnak"", ""Grn"", ""Psap"", ""Anxa2"", ""Ms4a6c"")"
"347","GOBP_NEGATIVE_REGULATION_OF_PROTEOLYSIS","0.00179381932381015","0.0226421123658083","0.45505986738723","0.794187433539125","1.40987022245901","88","c(""Plaur"", ""Slpi"", ""Ngp"", ""Ltf"", ""Pi16"", ""Serpinb1a"", ""Mmp9"", ""Sorl1"", ""Stfa3"", ""Lrrk2"", ""Cd44"", ""Il1r2"", ""App"", ""Naip2"", ""Gpx1"")"
"348","GOBP_INNATE_IMMUNE_RESPONSE_ACTIVATING_SIGNALING_PATHWAY","0.000980146662541569","0.0146554024847396","0.45505986738723","0.793904112750982","1.41008308279713","96","c(""Tyrobp"", ""Ltf"", ""Cd300lf"", ""Tlr13"", ""Oas3"", ""App"", ""Lbp"", ""Rsad2"", ""Lyn"", ""Plcg2"", ""Clec4e"", ""Casp4"", ""Ddx60"", ""Cd300a"", ""Casp1"", ""Treml4"", ""Ffar2"", ""Slc15a3"", ""Unc93b1"", ""Syk"", ""Nlrp3"", ""Oas1g"", ""Smpdl3b"", ""Ifih1"", ""Oasl1"", ""Mefv"", ""Ninj1"", ""Irf7"", ""Eif2ak2"", ""Irgm2"", ""Clec4n"", ""Trim30a"", ""Pik3ap1"", ""Oas1a"", ""Dhx58"", ""Irf1"", ""Cd14"", ""Klri2"", ""Tifa"")"
"349","MCBRYAN_PUBERTAL_BREAST_3_4WK_UP","0.00247027728635452","0.0293156906593273","0.431707695803346","0.79393948828134","1.41027939678437","84","c(""Chil1"", ""Lcn2"", ""Ltf"", ""Hacd4"", ""Pi16"", ""Lgals3"", ""Rnf149"", ""Lipg"", ""Rassf3"", ""Cd55"", ""Unc119"", ""Tacstd2"", ""Gm2a"")"
"350","GOBP_ANGIOGENESIS","1.42890741120645e-06","7.51901540401898e-05","0.643551836150722","0.79889330292229","1.41058063413054","179","c(""Anxa1"", ""Cybb"", ""Chil1"", ""Ngp"", ""C5ar1"", ""Camp"", ""Cxcr2"", ""C3"", ""Alox5"", ""Mmp9"", ""Lgals3"", ""Pik3r6"", ""Adam8"", ""Emilin2"", ""Il1b"", ""Hhex"", ""Tnfaip2"", ""F3"", ""Ccr2"", ""Hk2"", ""Gpx1"", ""Ctsh"", ""Syk"", ""Klf5"", ""Grn"", ""Anxa2"", ""Anxa3"", ""Flt1"", ""Ninj1"", ""Pkm"", ""Ccr3"", ""C3ar1"", ""Vav3"", ""Acvrl1"", ""Tgfb2"", ""Tal1"", ""Rnf213"", ""Cxcr4"", ""Sema4a"", ""Hmox1"", ""Hgf"")"
"351","GOBP_REGULATION_OF_CELL_MORPHOGENESIS","0.00439887355068872","0.044756478764511","0.407017918923954","0.795488114800818","1.41067494246145","74","c(""Anxa1"", ""Lst1"", ""Hck"", ""Fgd4"", ""Fes"", ""Fgr"", ""Cd44"", ""Csf1r"", ""Gas7"", ""Cdc42ep2"", ""Cyfip1"", ""Plxnc1"", ""Plxnb2"", ""Enpp2"", ""Aldoa"", ""Pdzd8"", ""Cxcr4"", ""Sema4a"", ""Cdc42ep3"", ""F11r"")"
"352","DARWICHE_PAPILLOMA_RISK_HIGH_UP","0.00402879467806517","0.0420561400004692","0.407017918923954","0.795968499911026","1.4111524040717","70","c(""S100a8"", ""Chil1"", ""S100a9"", ""Slpi"", ""Ltb4r1"", ""S100a11"", ""Fes"", ""Il1b"", ""Cmpk2"", ""Samhd1"", ""Ifitm3"")"
"353","GOMF_CALCIUM_ION_BINDING","1.25865834722314e-05","0.000443441068956052","0.593325476396405","0.800930005631042","1.41259886090454","161","c(""Anxa1"", ""S100a8"", ""Clec4a2"", ""S100a9"", ""S100a6"", ""S100a11"", ""Adam8"", ""Gca"", ""Lcp1"", ""Tgm3"", ""Clec4e"", ""Lpcat2"", ""Plscr1"", ""Trpm2"", ""Tpd52"", ""Adgre4"", ""Mctp1"", ""Padi4"", ""F10"", ""Tkt"", ""Clec4a1"", ""Clec4a3"", ""Nucb2"", ""Anxa2"", ""Pla2g4a"", ""Anxa3"", ""Lrp1"", ""Fam20c"", ""Nin"", ""Enpp2"", ""Actn1"", ""Ehd4"", ""Ehd1"", ""Efhd2"", ""Clec4n"", ""Ldlr"", ""Myo5a"", ""Tgm2"", ""Galnt3"", ""Adgre1"", ""Sell"")"
"354","GOBP_REGULATION_OF_PEPTIDASE_ACTIVITY","3.79610292157624e-05","0.00108073899843057","0.557332238758646","0.800831228900608","1.41325932013381","138","c(""S100a8"", ""Plaur"", ""S100a9"", ""Slpi"", ""Ngp"", ""Ltf"", ""Pi16"", ""Serpinb1a"", ""Mmp9"", ""Sorl1"", ""Stfa3"", ""Cd44"", ""App"", ""Lyn"", ""Naip2"", ""F3"", ""Xdh"", ""Aph1c"", ""Vsir"", ""Casp1"", ""Gpx1"", ""Ctsh"", ""Syk"", ""Nlrp3"", ""Grn"")"
"355","TABULA_MURIS_SENIS_LIMB_MUSCLE_MESENCHYMAL_STEM_CELL_AGEING","0.000416143212403805","0.0073077859449229","0.49849310876659","0.79720035773646","1.41345896348568","102","c(""Anxa1"", ""Mgst1"", ""S100a6"", ""Crispld2"", ""C3"", ""Ifi204"", ""Lgals3"", ""Cd9"", ""Tnfaip2"", ""Cebpb"", ""Prr13"", ""Ifitm3"", ""Capg"", ""Casp4"", ""Plscr1"", ""Ier3"", ""Aldh2"", ""Hk2"", ""Fosl2"", ""Rtp4"", ""B2m"", ""H2-D1"", ""Ifit1"", ""Psap"", ""Anxa3"", ""Fth1"", ""Enpp2"", ""Isg15"", ""Aldoa"", ""Cd302"", ""Cdkn1a"", ""H2-K1"", ""Gpx3"", ""Gadd45g"")"
"356","REACTOME_IMMUNOREGULATORY_INTERACTIONS_BETWEEN_A_LYMPHOID_AND_A_NON_LYMPHOID_CELL","0.00387532151713155","0.040832125966487","0.431707695803346","0.797489269237241","1.41384853751287","70","c(""Ifitm6"", ""Pilra"", ""Ifitm2"", ""Fcgr4"", ""Cd33"", ""C3"", ""Trbc1"", ""Cd300lb"", ""Siglece"", ""Ifitm3"", ""Cd300a"", ""Ifitm1"", ""Treml4"", ""Fcgr2b"", ""B2m"", ""Cd300lg"", ""Siglecf"", ""Lair1"", ""Siglec1"", ""Treml2"", ""Itgal"", ""H2-K1"")"
"357","GOBP_REGULATION_OF_DEFENSE_RESPONSE","1.89442930898843e-11","3.14085235728464e-09","0.863415391606693","0.80320394381429","1.41529809192908","335","c(""Pglyrp1"", ""Anxa1"", ""S100a8"", ""Ncf1"", ""S100a9"", ""Alox5ap"", ""Trim30b"", ""Tyrobp"", ""Ltf"", ""C3"", ""Cd300lf"", ""Alox5"", ""Serpinb1a"", ""Spi1"", ""Fcer1g"", ""Ifi204"", ""Pik3r6"", ""Adam8"", ""Siglece"", ""Tlr13"", ""Fgr"", ""Sirpa"", ""Lrrk2"", ""Emilin2"", ""Cd44"", ""Fcgr3"", ""Ccr1"", ""Il1b"", ""Bst1"", ""Oas3"", ""Cebpb"", ""Il18rap"", ""Pde2a"", ""App"", ""Lbp"", ""Rsad2"", ""Arg2"", ""Lyn"", ""Samhd1"", ""Plcg2"", ""Clec4e"", ""Casp4"", ""Plscr1"", ""Ier3"", ""Sh2d1b1"", ""Ddx60"", ""Fgl2"", ""Cd300a"", ""Nupr1"", ""Trim30d"", ""Myo1f"", ""Csf1r"", ""Ccr2"", ""Casp1"", ""Treml4"", 
""Ffar2"", ""Gpx1"", ""Fcgr2b"", ""Slc15a3"", ""Unc93b1"", ""Syk"", ""H2-D1"", ""Metrnl"", ""Nlrp3"", ""Grn"", ""Oas1g"", ""Alox15"", ""Smpdl3b"", ""Il15"", ""Cd24a"", ""Ifih1"", ""Oasl1"", ""Mefv"", ""Mgll"", ""Ninj1"", ""Nt5e"", ""Isg15"", ""Mapk3"", ""Irf7"", ""Zbp1"", ""Trafd1"", ""Eif2ak2"", ""N4bp1"", ""Fut7"", ""Tnfrsf1b"", ""Irgm2"", ""Clec4n"", ""Trim30a"", ""Cd200r1"", ""Parp14"", ""Hgf"", ""H2-K1"", ""Pik3ap1"", ""Trim30c"", ""Ldlr"", ""Ripk1"")"
"358","GOBP_LEUKOCYTE_MEDIATED_IMMUNITY","1.21193787811103e-07","9.34676006214664e-06","0.690132458796796","0.802834598642664","1.4155598785247","216","c(""Cd177"", ""Ncf1"", ""Itgam"", ""Csf3r"", ""Tyrobp"", ""Pirb"", ""Fcgr4"", ""C3"", ""Spi1"", ""Fcer1g"", ""Lilrb4a"", ""Cd300lb"", ""Fes"", ""Pik3r6"", ""Fgr"", ""Fcgr3"", ""Ptafr"", ""Il1b"", ""Il18rap"", ""Gapt"", ""Rsad2"", ""Csf2rb"", ""Lyn"", ""Rab44"", ""Plcg2"", ""Sh2d1b1"", ""Fgl2"", ""Cd300a"", ""Slc11a1"", ""Myo1f"", ""Ccr2"", ""Stx11"", ""Vsir"", ""Treml4"", ""Fosl2"", ""Fcgr2b"", ""Cd55"", ""Ctsh"", ""B2m"", ""Unc93b1"", ""Syk"", ""H2-D1"", ""Nlrp3"", ""Milr1"", ""Cd24a"", ""Anxa3"", ""Rab27a"", ""Prkcd"")"
"359","GOBP_POSITIVE_REGULATION_OF_SECRETION","0.000365562819683453","0.00652113169163173","0.49849310876659","0.799376377470722","1.41731710851568","102","c(""Cd177"", ""S100a8"", ""S100a9"", ""Itgam"", ""Fcer1g"", ""Lgals3"", ""Fgr"", ""Ptafr"", ""Il1b"", ""Trpm2"", ""Ffar2"", ""Syk"", ""Ppp3ca"", ""Nucb2"", ""Anxa2"", ""Pla2g4a"", ""Lrp1"", ""Serp1"", ""Rab27a"", ""Gnaq"", ""Orai1"", ""Smpd3"", ""Tgfb2"", ""Slc6a4"")"
"360","WANG_MLL_TARGETS","0.000966373280172544","0.0144878887774804","0.477270815362862","0.800226581546033","1.4187305799318","90","c(""Chil1"", ""Wfdc21"", ""Mapk13"", ""Gda"", ""Fes"", ""Tgfbi"", ""F5"", ""Plek"", ""Aldh2"", ""Rnf144a"", ""Tbc1d8"", ""Tgm1"", ""G0s2"", ""Plac8"", ""Smpdl3b"", ""Steap4"", ""Abca9"", ""Ccdc80"", ""Parp14"", ""Sh3tc1"", ""Cish"")"
"361","GOBP_REGULATION_OF_LEUKOCYTE_MEDIATED_IMMUNITY","2.05660836349647e-05","0.000662462934001692","0.575610261071129","0.803635016931236","1.41976039798671","135","c(""Cd177"", ""Itgam"", ""Tyrobp"", ""C3"", ""Spi1"", ""Fcer1g"", ""Lilrb4a"", ""Fes"", ""Pik3r6"", ""Fgr"", ""Fcgr3"", ""Ptafr"", ""Il1b"", ""Il18rap"", ""Rsad2"", ""Lyn"", ""Plcg2"", ""Sh2d1b1"", ""Cd300a"", ""Ccr2"", ""Vsir"", ""Fcgr2b"", ""Cd55"", ""B2m"", ""Syk"", ""H2-D1"", ""Nlrp3"", ""Cd24a"")"
"362","GOBP_REGULATION_OF_IMMUNE_EFFECTOR_PROCESS","2.98654542523217e-07","2.05306787341875e-05","0.674962860011025","0.804919697157258","1.42052506438784","195","c(""Pglyrp1"", ""Cd177"", ""Anxa1"", ""Ncf1"", ""Itgam"", ""Tyrobp"", ""C3"", ""Spi1"", ""Fcer1g"", ""Lilrb4a"", ""Lgals3"", ""Fes"", ""Pik3r6"", ""Fgr"", ""Fcgr3"", ""Ptafr"", ""Il1b"", ""Il18rap"", ""Lbp"", ""Rsad2"", ""Lyn"", ""Hlx"", ""Plcg2"", ""Casp4"", ""Sh2d1b1"", ""Litaf"", ""Ddx60"", ""Fgl2"", ""Cd300a"", ""Ccr2"", ""Vsir"", ""Casp1"", ""Ffar2"", ""Fcgr2b"", ""Cd55"", ""B2m"", ""Syk"", ""H2-D1"", ""Nlrp3"", ""Grn"", ""Cfp"", ""Cd24a"")"
"363","ZENG_GU_ICB_CONTROL_METAGENE_25_PRECICTIVE_ICB_RESPONSE","2.78689601405674e-05","0.000853789827784666","0.575610261071129","0.805039762369707","1.42052700740252","136","c(""Mcemp1"", ""Ncf1"", ""Ncf2"", ""Alox5ap"", ""Pilra"", ""Tyrobp"", ""Lyz2"", ""Ncf4"", ""Cd33"", ""Clec12a"", ""Lst1"", ""Spi1"", ""Fcer1g"", ""Lilrb4a"", ""Lgals3"", ""Plbd1"", ""Pik3r6"", ""Fcgr3"", ""Ptafr"", ""Il1b"", ""Bst1"", ""Lpcat2"", ""Casp4"", ""Cd300a"", ""Slc11a1"", ""Myo1f"", ""Entpd1"", ""Slc15a3"", ""B2m"", ""Lrrc25"", ""H2-D1"", ""Metrnl"")"
"364","NABA_MATRISOME_ASSOCIATED","2.52308871676327e-07","1.79397718168448e-05","0.674962860011025","0.805485243393731","1.42064763321643","185","c(""Anxa1"", ""S100a8"", ""Clec4a2"", ""S100a9"", ""Slpi"", ""Clec5a"", ""S100a6"", ""S100a11"", ""Clec12a"", ""Serpinb1a"", ""Mmp9"", ""Lgals3"", ""Adam8"", ""Stfa3"", ""Il1b"", ""Ccl6"", ""Tnfsf13b"", ""Ebi3"", ""Tgm3"", ""Clec4e"", ""Clec4d"", ""Csf1"", ""F10"", ""Tgm1"", ""Ctsh"", ""Clec4a1"", ""Inhba"", ""Clec4a3"", ""Anxa2"", ""Il15"", ""Mmp25"", ""Anxa3"", ""Plxnc1"", ""Fam20c"", ""Plxnb2"", ""Tgfb2"", ""Ccl9"", ""Adamdec1"", ""Clec4n"", ""Htra3"", ""Sema4a"")"
"365","GOBP_RECEPTOR_MEDIATED_ENDOCYTOSIS","0.00109884009024522","0.0159643339915266","0.45505986738723","0.800790730649358","1.42159263403669","88","c(""Itgam"", ""Fcgr4"", ""Cxcr2"", ""C3"", ""Fcer1g"", ""Lilrb4a"", ""Sorl1"", ""Cd44"", ""Cd9"", ""App"", ""Ifitm3"", ""Plcg2"", ""Cd300a"", ""Fcgr2b"", ""Cd63"", ""B2m"", ""Syk"", ""Unc119"", ""Anxa2"", ""Lrp1"", ""Msr1"", ""Siglec1"", ""Hip1r"")"
"366","GOBP_IMPORT_INTO_CELL","2.44599528845807e-09","2.93363307256131e-07","0.774939030136436","0.807558710940193","1.42230752006898","257","c(""Cd177"", ""Anxa1"", ""Ncf2"", ""Lcn2"", ""Itgam"", ""Tyrobp"", ""Fcgr4"", ""Ncf4"", ""Cxcr2"", ""C3"", ""Cd300lf"", ""Hck"", ""Fcer1g"", ""Lilrb4a"", ""Lgals3"", ""Sorl1"", ""Siglece"", ""Fgr"", ""Sirpa"", ""Lrrk2"", ""Cd44"", ""Cd9"", ""Fcgr3"", ""Il1b"", ""App"", ""Lbp"", ""Sirpb1b"", ""Arg2"", ""Rin2"", ""Apobr"", ""Ifitm3"", ""Plcg2"", ""Plscr1"", ""Trpm2"", ""Rgs2"", ""Cd300a"", ""Slc11a1"", ""Dock1"", ""Ccr2"", ""Mctp1"", ""Treml4"", ""Fcgr2b"", ""Cd63"", ""Snx18"", ""Snx10"", ""Slc15a3"", ""B2m"", ""Syk"", ""Ppp3ca"", ""Neurl3"", ""Grn"", ""Unc119"", ""Alox15"", ""Siglecf"", ""Anxa2"", ""Il15"", 
""Cfp"", ""Cd24a"", ""Anxa3"", ""Lrp1"", ""Msr1"", ""Rab27a"", ""Prkcd"", ""Mapk3"", ""Ehd4"", ""Ehd1"", ""Siglec1"", ""Hip1r"")"
"367","GOBP_NEGATIVE_REGULATION_OF_IMMUNE_EFFECTOR_PROCESS","0.0026917374610826","0.031316690082294","0.431707695803346","0.802720247778524","1.42312240694992","70","c(""Pglyrp1"", ""Anxa1"", ""Spi1"", ""Lilrb4a"", ""Lgals3"", ""Hlx"", ""Sh2d1b1"", ""Fgl2"", ""Cd300a"", ""Ccr2"", ""Vsir"", ""Fcgr2b"", ""Cd55"", ""H2-D1"", ""Grn"", ""Tgfb2"", ""Cd80"", ""Hmox1"", ""Zbtb7b"", ""H2-K1"")"
"368","GOBP_NEGATIVE_REGULATION_OF_IMMUNE_RESPONSE","0.00121277528582683","0.0169218175401135","0.45505986738723","0.803036456047853","1.42342705496628","92","c(""Pglyrp1"", ""Anxa1"", ""Spi1"", ""Lilrb4a"", ""Lgals3"", ""Ccr1"", ""Oas3"", ""Arg2"", ""Samhd1"", ""Hlx"", ""Sh2d1b1"", ""Fgl2"", ""Cd300a"", ""Ccr2"", ""Vsir"", ""Gpx1"", ""Fcgr2b"", ""Cd55"", ""H2-D1"", ""Grn"", ""Oas1g"", ""Alox15"", ""Smpdl3b"", ""Isg15"", ""Trafd1"", ""Cd80"", ""Hmox1"", ""Zbtb7b"", ""Parp14"", ""H2-K1"", ""Oas1a"", ""Dhx58"", ""Samsn1"", ""Irf1"", ""Stat2"", ""Il1rl1"")"
"369","ZHANG_UTERUS_C5_MACROPHAGE","0.000119630220545339","0.00269871518629539","0.538434096309916","0.804967133222121","1.42499804875661","116","c(""Cybb"", ""Alox5ap"", ""Tyrobp"", ""Lyz2"", ""Clec12a"", ""Lst1"", ""Spi1"", ""Fcer1g"", ""Lilrb4a"", ""Lgals3"", ""Sirpa"", ""Fcgr3"", ""Il1b"", ""Ccl6"", ""Tmsb4x"", ""Lcp1"", ""Plek"", ""Ier3"", ""Ifi27l2a"", ""Rgs2"", ""Kctd12"", ""Tpd52"", ""Csf1r"", ""Fcrls"", ""Fcgr2b"", ""Ctsh"", ""Sat1"", ""Mpeg1"", ""B2m"", ""Unc93b1"", ""H2-D1"", ""Grn"", ""Psap"", ""Klf6"", ""Ms4a6c"", ""Cfp"", ""Fth1"", ""Ninj1"", ""C3ar1"", ""Cotl1"", ""Ehd4"", ""Ccl9"", ""Asah1"", ""Hmox1"", ""Id2"", ""Cdkn1a"", ""H2-K1"", ""Cd52"", ""Cd68"", ""Adgre1"", ""Creg1"", ""Fcgr1"", ""Ier5"", ""Sdc3"", ""Cd14"", ""Ccl3"", ""Gm6377"", 
""Ctss"", ""Marcks"")"
"370","TABULA_MURIS_SENIS_LUNG_ALVEOLAR_MACROPHAGE_AGEING","0.000163911249241683","0.00335988258900133","0.518848077743792","0.808268229605526","1.42825385983081","105","c(""Cybb"", ""S100a8"", ""Mgst1"", ""Wfdc21"", ""S100a9"", ""Slpi"", ""Tyrobp"", ""Ifitm2"", ""Pirb"", ""Lyz2"", ""S100a6"", ""Fcgr4"", ""S100a11"", ""C3"", ""Fcer1g"", ""Lgals3"", ""Il1b"", ""Ifitm3"", ""Ier3"", ""Rgs2"", ""Litaf"", ""Napsa"", ""Aldh2"", ""Csf1r"", ""Tkt"", ""Cd63"", ""Ahnak"", ""Sat1"", ""B2m"", ""H2-D1"", ""Plac8"", ""Psap"", ""Smpdl3a"", ""Ms4a6c"", ""Cd24a"")"
"371","GOCC_SECRETORY_GRANULE","0.000583507155621363","0.00978937451261198","0.477270815362862","0.805869753229827","1.4287354215857","90","c(""Cd177"", ""Ncf2"", ""Ltf"", ""Lyz2"", ""Camp"", ""Adam8"", ""Il1b"", ""App"", ""F5"", ""Slc2a3"", ""Napsa"", ""Slc11a1"", ""Snx10"", ""Ctsh"", ""Pla2g4a"", ""Cfp"", ""Lyz1"", ""Anxa3"", ""Lrp1"", ""Rab27a"", ""Actn1"", ""Tgfb2"")"
"372","GOBP_REGULATION_OF_MYELOID_LEUKOCYTE_DIFFERENTIATION","0.00196631907530836","0.0243607486318973","0.431707695803346","0.807623989574491","1.43181612664498","70","c(""Itgam"", ""Tyrobp"", ""Pirb"", ""Lilrb4a"", ""Pira2"", ""Fes"", ""Adam8"", ""Lilra6"", ""Ccr1"", ""Cebpb"", ""Lyn"", ""Pilrb1"", ""Csf1r"", ""Csf1"", ""Ppp3ca"", ""Ninj1"", ""Ccl9"", ""Tfe3"", ""Tal1"")"
"373","GOBP_LEUKOCYTE_MEDIATED_CYTOTOXICITY","0.00113989228236989","0.0163500580043742","0.45505986738723","0.806818749744937","1.43348541820855","79","c(""Ncf1"", ""Itgam"", ""Tyrobp"", ""Fcgr4"", ""Spi1"", ""Pik3r6"", ""Fcgr3"", ""Il18rap"", ""Sh2d1b1"", ""Stx11"", ""Ctsh"", ""B2m"", ""H2-D1"", ""Rab27a"")"
"374","GOBP_NEGATIVE_REGULATION_OF_CELL_ACTIVATION","7.12157484976126e-05","0.00182474170127747","0.538434096309916","0.811165003759568","1.43453472251476","107","c(""Pglyrp1"", ""Anxa1"", ""Tyrobp"", ""Cd300lf"", ""Lst1"", ""Spi1"", ""Lilrb4a"", ""Lgals3"", ""Fgr"", ""Cd44"", ""Cd9"", ""Cebpb"", ""Arg2"", ""Lyn"", ""Hlx"", ""Tarm1"", ""Fgl2"", ""Cd300a"", ""Ccr2"", ""Slfn1"", ""Vsir"", ""Fcgr2b"", ""Grn"", ""Milr1"", ""Cd24a"", ""Prkcd"", ""Dusp3"", ""Cd80"", ""Hmox1"", ""Zbtb7b"", ""Id2"", ""Ldlr"")"
"375","GROSS_HYPOXIA_VIA_ELK3_DN","0.00138908372423712","0.0189136834626199","0.45505986738723","0.808602305553445","1.43527529471867","72","c(""S100a8"", ""Slpi"", ""Upp1"", ""C3"", ""Dhrs9"", ""Ifi204"", ""Cd44"", ""Cebpb"", ""Plek"", ""Sat1"", ""Oas2"", ""Klf6"", ""Bhlhe40"", ""Il13ra1"")"
"376","ZHANG_UTERUS_C9_DENDRITIC_CELL","0.00493909381911546","0.0486742515006186","0.407017918923954","0.810061280837502","1.43692063887401","61","c(""Alox5ap"", ""Tyrobp"", ""Spi1"", ""Fcer1g"", ""Lgals3"", ""Plbd1"", ""Il1b"", ""Ccl6"", ""Tmsb4x"", ""Il1r2"", ""Lcp1"", ""Ifitm3"", ""Plek"", ""Rgs2"", ""Napsa"", ""Mpeg1"", ""B2m"", ""Unc93b1"", ""H2-D1"", ""Psap"", ""Ms4a6c"", ""Fth1"", ""Cotl1"", ""Bhlhe40"", ""Gm2a"", ""Cdkn1a"", ""H2-K1"", ""Cd52"")"
"377","GRAESSMANN_RESPONSE_TO_MC_AND_SERUM_DEPRIVATION_UP","0.000189319212407479","0.00379783772363331","0.518848077743792","0.810106371021272","1.43772621459945","98","c(""Wfdc21"", ""Slfn4"", ""Fcgr4"", ""C3"", ""Fes"", ""Oasl2"", ""Rsad2"", ""Cmpk2"", ""Rin2"", ""Samhd1"", ""Ddx60"", ""Kctd12"", ""Csf1"", ""Rtp4"", ""Themis2"", ""Oas2"", ""Ifit3"", ""Ifit1"", ""Ifih1"", ""Dapk2"", ""Isg15"", ""Irf7"", ""Zbp1"", ""Trafd1"", ""Eif2ak2"", ""Steap4"", ""Ccl9"", ""Ifit2"", ""Irgm2"", ""Trim30a"", ""Igfbp7"", ""Parp14"", ""Oas1a"", ""Usp18"", ""Tor3a"", ""Irf9"", ""Irf1"")"
"378","DARWICHE_PAPILLOMA_RISK_LOW_UP","0.00154821385110733","0.020583211034651","0.45505986738723","0.811763123305763","1.4391542920577","70","c(""S100a8"", ""Chil1"", ""S100a9"", ""Slpi"", ""Ltb4r1"", ""S100a11"", ""Fes"", ""Siglece"", ""Il1b"", ""App"", ""Cmpk2"", ""Ifitm3"")"
"379","TABULA_MURIS_SENIS_MARROW_PROMONOCYTE_AGEING","0.001181197131841","0.0167044818187878","0.45505986738723","0.811081029047599","1.43967504793377","72","c(""Hp"", ""Pglyrp1"", ""Ifitm6"", ""S100a8"", ""Wfdc21"", ""S100a9"", ""Lcn2"", ""Ngp"", ""Ifitm2"", ""Ltf"", ""Retnlg"", ""Camp"", ""Serpinb1a"", ""Spi1"", ""Cd9"", ""Prr13"", ""Rgs2"", ""Nupr1"")"
"380","HALLMARK_INFLAMMATORY_RESPONSE","0.000110067501947068","0.00253245105500254","0.538434096309916","0.814728352983161","1.44143558461092","104","c(""Cybb"", ""Plaur"", ""Csf3r"", ""Clec5a"", ""Ptafr"", ""Il1b"", ""Il18rap"", ""Ebi3"", ""Lyn"", ""F3"", ""Mxd1"", ""Ifitm1"", ""Csf1"", ""Ffar2"", ""Rtp4"", ""Inhba"", ""Nlrp3"", ""Klf6"", ""Il15"", ""Msr1"", ""Mefv"", ""C3ar1"", ""Irf7"", ""Eif2ak2"", ""Tnfrsf1b"", ""Nampt"", ""Cdkn1a"", ""Ldlr"", ""Gna15"", ""Adgre1"", ""Sell"", ""Kif1b"", ""Il10ra"", ""Irf1"", ""Cd14"")"
"381","TABULA_MURIS_SENIS_SPLEEN_GRANULOCYTE_AGEING","6.41203794058622e-05","0.00169662404901677","0.538434096309916","0.812650721504293","1.44188221408371","110","c(""Cd177"", ""Ifitm6"", ""Cybb"", ""Wfdc21"", ""Lcn2"", ""Ngp"", ""Mapk13"", ""Ltf"", ""Ckap4"", ""Ltb4r1"", ""Camp"", ""Adpgk"", ""Ncf4"", ""Crispld2"", ""Rgs18"", ""Serpinb1a"", ""Ly6c2"", ""Hhex"", ""Dstn"", ""Lyn"", ""Glrx"", ""Aldh2"", ""Myo1f"", ""AA467197"", ""Tkt"", ""Cd63"", ""Syne1"", ""Tbc1d8"", ""Plp2"", ""Ppm1m"", ""Plac8"", ""Gyg"", ""Cd24a"", ""Anxa3"")"
"382","NABA_SECRETED_FACTORS","0.00106235677103146","0.0155545587488424","0.45505986738723","0.810606476095777","1.44236048201295","81","c(""S100a8"", ""S100a9"", ""S100a6"", ""S100a11"", ""Il1b"", ""Ccl6"", ""Tnfsf13b"", ""Ebi3"", ""Csf1"", ""Inhba"", ""Il15"", ""Tgfb2"", ""Ccl9"")"
"383","GOBP_DEFENSE_RESPONSE_TO_OTHER_ORGANISM","1.88245856809911e-19","8.16262996028823e-17","1.14219120216838","0.819028401150402","1.4429803753838","461","c(""Hp"", ""Pglyrp1"", ""Cd177"", ""Anxa1"", ""Ifitm6"", ""Cybb"", ""S100a8"", ""Ncf1"", ""Clec4a2"", ""Wfdc21"", ""S100a9"", ""Slpi"", ""Lcn2"", ""C5ar1"", ""Trim30b"", ""Clec5a"", ""Tyrobp"", ""Ifitm2"", ""Ltf"", ""Lyz2"", ""Fcgr4"", ""Camp"", ""C3"", ""Cd300lf"", ""Serpinb1a"", ""Spi1"", ""Hck"", ""Fcer1g"", ""Msrb1"", ""Ifi204"", ""Lgals3"", ""Oasl2"", ""Pik3r6"", ""Adam8"", ""Tlr13"", ""Fgr"", ""Sirpa"", ""Emilin2"", ""Ccr1"", ""Il1b"", ""Ccl6"", ""Oas3"", ""Cebpb"", ""Il18rap"", ""App"", ""Lbp"", ""Rsad2"", ""Ifit3b"", ""Arg2"", ""Lyn"", ""Samhd1"", ""Naip2"", ""Ifitm3"", ""Tbkbp1"", ""Plcg2"", ""Clec4e"", 
""Capg"", ""Casp4"", ""Plscr1"", ""Ear2"", ""Tarm1"", ""Sh2d1b1"", ""Ddx60"", ""Fgl2"", ""Cd300a"", ""Slc11a1"", ""Trim30d"", ""Ifitm1"", ""Myo1f"", ""Csf1r"", ""Stx11"", ""Casp1"", ""Padi4"", ""Treml4"", ""Clec4d"", ""Csf1"", ""Ffar2"", ""Fosl2"", ""Rtp4"", ""Cd55"", ""Clec4a1"", ""Slc15a3"", ""Mpeg1"", ""B2m"", ""Unc93b1"", ""Cdc42ep2"", ""Oas2"", ""Syk"", ""H2-D1"", ""Zyx"", ""Plac8"", ""Ifit3"", ""Nlrp3"", ""Neurl3"", ""Ifit1"", ""Clec4a3"", ""Grn"", ""Oas1g"", ""Smpdl3b"", ""Il15"", ""Cfp"", ""Cd24a"", ""Lyz1"", ""Anxa3"", ""Ifih1"", ""Oasl1"", ""Mefv"", ""Ninj1"", ""Rab27a"", ""Prkcd"", ""Isg15"", 
""Mapk3"", ""Cotl1"", ""Irf7"", ""Zbp1"", ""Trafd1"", ""Eif2ak2"", ""Ccl9"", ""Hdac4"", ""Rnf213"", ""N4bp1"", ""Mlkl"", ""Ifit2"", ""Irgm2"", ""Clec4n"")"
"384","GOBP_POSITIVE_REGULATION_OF_IMMUNE_EFFECTOR_PROCESS","5.16038127958223e-06","0.000227258353695352","0.610526878385931","0.818016242145466","1.44358640936116","138","c(""Cd177"", ""Anxa1"", ""Itgam"", ""Tyrobp"", ""C3"", ""Spi1"", ""Fcer1g"", ""Lilrb4a"", ""Fes"", ""Fgr"", ""Fcgr3"", ""Ptafr"", ""Il1b"", ""Il18rap"", ""Lbp"", ""Rsad2"", ""Lyn"", ""Hlx"", ""Plcg2"", ""Casp4"", ""Sh2d1b1"", ""Ddx60"", ""Cd300a"", ""Ccr2"", ""Casp1"", ""Ffar2"", ""Cd55"", ""B2m"", ""Syk"", ""H2-D1"", ""Nlrp3"", ""Cfp"", ""Cd24a"")"
"385","GOBP_LEUKOCYTE_HOMEOSTASIS","0.00129725077076564","0.0177833988337947","0.45505986738723","0.814348775163909","1.44412140190874","74","c(""Anxa1"", ""Itgam"", ""Pirb"", ""Cxcr2"", ""Fcer1g"", ""Lilrb4a"", ""Cd44"", ""Gapt"", ""Tnfsf13b"", ""Lyn"", ""Slc40a1"", ""Csf1r"", ""Ccr2"", ""Csf1"", ""Fcgr2b"", ""Lmo1"", ""Cd24a"")"
"386","GOBP_REGULATION_OF_INFLAMMATORY_RESPONSE","4.88333084848837e-08","4.30114624889514e-06","0.719512826338911","0.818324949336369","1.44463368262651","173","c(""Pglyrp1"", ""Anxa1"", ""S100a8"", ""Ncf1"", ""S100a9"", ""Alox5ap"", ""C3"", ""Alox5"", ""Fcer1g"", ""Adam8"", ""Siglece"", ""Sirpa"", ""Lrrk2"", ""Cd44"", ""Fcgr3"", ""Il1b"", ""Bst1"", ""Cebpb"", ""Pde2a"", ""App"", ""Lbp"", ""Lyn"", ""Plcg2"", ""Casp4"", ""Ier3"", ""Nupr1"", ""Csf1r"", ""Ccr2"", ""Casp1"", ""Ffar2"", ""Gpx1"", ""Fcgr2b"", ""H2-D1"", ""Metrnl"", ""Nlrp3"", ""Grn"", ""Alox15"", ""Smpdl3b"", ""Cd24a"", ""Mefv"", ""Mgll"", ""Ninj1"", ""Nt5e"", ""Zbp1"", ""Fut7"", ""Tnfrsf1b"", ""Irgm2"", ""Cd200r1"", ""Hgf"", ""H2-K1"", ""Pik3ap1"", ""Ldlr"", ""Ripk1"")"
"387","GOBP_TAXIS","1.94962412048976e-07","1.42727677496114e-05","0.690132458796796","0.81876827830079","1.44541703533857","169","c(""Anxa1"", ""S100a8"", ""S100a9"", ""Mtus1"", ""Itgam"", ""C5ar1"", ""Csf3r"", ""Retnlg"", ""Cxcr2"", ""Alox5"", ""Spi1"", ""Mmp9"", ""Fcer1g"", ""Lgals3"", ""Fes"", ""Adam8"", ""Pla2g7"", ""Fcgr3"", ""Ptafr"", ""Ccr1"", ""Il1b"", ""Bst1"", ""Ccl6"", ""App"", ""Lbp"", ""Lyn"", ""Trpm2"", ""Ear2"", ""Csf1r"", ""Ccr2"", ""Csf1"", ""Ffar2"", ""Ptpro"", ""Syk"", ""Lrp1"", ""Flt1"", ""Ninj1"", ""Prkcd"", ""Dapk2"", ""Ccr3"", ""Enpp2"", ""C3ar1"", ""Dusp3"", ""Mapk3"", ""Vav3"")"
"388","GOBP_INFLAMMATORY_RESPONSE","2.14166239840654e-13","4.47131516289543e-11","0.943632225232838","0.820022176671602","1.44563313433724","330","c(""Hp"", ""Pglyrp1"", ""Anxa1"", ""Cybb"", ""S100a8"", ""Ncf1"", ""Chil1"", ""S100a9"", ""Alox5ap"", ""Itgam"", ""C5ar1"", ""Tyrobp"", ""Camp"", ""Cxcr2"", ""C3"", ""Alox5"", ""Serpinb1a"", ""Hck"", ""Fcer1g"", ""Lilrb4a"", ""Adam8"", ""Siglece"", ""Tlr13"", ""Abcd2"", ""Sirpa"", ""Lrrk2"", ""Pla2g7"", ""Cd44"", ""Fcgr3"", ""Ptafr"", ""Ccr1"", ""Il1b"", ""Bst1"", ""Ccl6"", ""Cebpb"", ""Il18rap"", ""Il1r2"", ""Pde2a"", ""App"", ""Lbp"", ""Lyn"", ""Rab44"", ""Naip2"", ""F3"", ""Plcg2"", ""Casp4"", ""Plscr1"", ""Ier3"", ""Tarm1"", ""Cd300a"", ""Nupr1"", ""Slc11a1"", ""Csf1r"", ""Ccr2"", ""Casp1"", ""Csf1"", 
""Ffar2"", ""Gpx1"", ""Fosl2"", ""Fcgr2b"", ""Themis2"", ""Syk"", ""H2-D1"", ""Metrnl"", ""Nlrp3"", ""Grn"", ""Alox15"", ""Smpdl3b"", ""Cd24a"", ""Lrp1"", ""Mefv"", ""Mgll"", ""Ninj1"", ""Nt5e"", ""Ccr3"", ""C3ar1"", ""Zbp1"", ""Eif2ak2"", ""Ccl9"", ""Zeb2"", ""Fut7"", ""Tnfrsf1b"", ""Irgm2"", ""Nampt"", ""Trim30a"", ""Hmox1"", ""Cd200r1"", ""Hgf"", ""H2-K1"", ""Pik3ap1"", ""Ldlr"", ""Myo5a"", ""Ripk1"", ""Cd68"")"
"389","GOBP_ENDOCYTOSIS","7.95140212051902e-09","8.11923682645074e-07","0.747739663149885","0.820125243717568","1.4466169213709","205","c(""Cd177"", ""Anxa1"", ""Ncf2"", ""Itgam"", ""Tyrobp"", ""Fcgr4"", ""Ncf4"", ""Cxcr2"", ""C3"", ""Cd300lf"", ""Hck"", ""Fcer1g"", ""Lilrb4a"", ""Lgals3"", ""Sorl1"", ""Siglece"", ""Fgr"", ""Sirpa"", ""Lrrk2"", ""Cd44"", ""Cd9"", ""Fcgr3"", ""Il1b"", ""App"", ""Lbp"", ""Sirpb1b"", ""Rin2"", ""Apobr"", ""Ifitm3"", ""Plcg2"", ""Plscr1"", ""Cd300a"", ""Slc11a1"", ""Dock1"", ""Ccr2"", ""Mctp1"", ""Treml4"", ""Fcgr2b"", ""Cd63"", ""Snx18"", ""Snx10"", ""B2m"", ""Syk"", ""Ppp3ca"", ""Neurl3"", ""Grn"", ""Unc119"", ""Alox15"", ""Siglecf"", ""Anxa2"", ""Il15"", ""Cfp"", ""Cd24a"", ""Anxa3"", ""Lrp1"", ""Msr1"", ""Rab27a"", 
""Mapk3"", ""Ehd4"", ""Ehd1"", ""Siglec1"", ""Hip1r"")"
"390","GOBP_HEMOSTASIS","0.00267840864683767","0.0312591915988074","0.431707695803346","0.817032712525579","1.44821274592599","64","c(""Plaur"", ""S100a9"", ""Fcer1g"", ""Lilrb4a"", ""Emilin2"", ""Cd9"", ""Lyn"", ""F5"", ""F3"", ""Plek"", ""F10"", ""Entpd1"", ""Syk"", ""Anxa2"", ""Pla2g4a"", ""Rab27a"", ""Gnaq"", ""Prkcd"", ""Il6ra"", ""Slc6a4"")"
"391","GOBP_POSITIVE_REGULATION_OF_LEUKOCYTE_MIGRATION","0.000833028094498872","0.0130076990822442","0.477270815362862","0.816173125636083","1.4482677139555","73","c(""C5ar1"", ""Cxcr2"", ""Spi1"", ""Mmp9"", ""Lgals3"", ""Adam8"", ""Pla2g7"", ""Ptafr"", ""Ccr1"", ""Il1b"", ""App"", ""Lbp"", ""Myo1f"", ""Csf1r"", ""Ccr2"", ""Csf1"", ""Dapk2"", ""C3ar1"", ""Mapk3"")"
"392","LI_INDUCED_T_TO_NATURAL_KILLER_UP","5.37135136753796e-09","5.82275147284836e-07","0.761460801445585","0.821165087247875","1.44910460119224","203","c(""Pglyrp1"", ""Tyrobp"", ""Ifitm2"", ""Ltb4r1"", ""S100a6"", ""Ncf4"", ""S100a11"", ""Upp1"", ""Fcer1g"", ""Lgals3"", ""Fes"", ""Emilin2"", ""Cd9"", ""Fcgr3"", ""Hhex"", ""Prr13"", ""Apobr"", ""Ifitm3"", ""Plcg2"", ""Capg"", ""Plscr1"", ""Ier3"", ""Gcnt2"", ""Glrx"", ""Sh2d1b1"", ""Litaf"", ""Napsa"", ""Ifitm1"", ""Pilrb1"", ""Myo1f"", ""AA467197"", ""Stx11"", ""Hk2"", ""Casp1"", ""Fosl2"", ""Evi2a"", ""Cd63"", ""Snx18"", ""Plp2"", ""Ostf1"", ""Ahnak"", ""Hba-a1"", ""Neurl3"", ""Glipr2"", ""Anxa2"", ""Slc2a6"", ""Adgrg3"", ""Nt5e"", ""Pdlim7"", ""Dapk2"", ""Plekho2"", ""Cotl1"", ""Aldoa"", ""Bhlhe40"", 
""Ehd4"", ""Dusp6"", ""Mlkl"", ""Irgm2"", ""Asah1"", ""Rnf19b"", ""Samd9l"", ""Sema4a"", ""Id2"", ""Cdkn1a"", ""Cd52"", ""Gadd45g"", ""Cish"", ""Ly6g5b"")"
"393","GOBP_REGULATION_OF_LEUKOCYTE_MIGRATION","5.47633219419405e-05","0.00148413868166692","0.557332238758646","0.819243811429831","1.44942443446748","104","c(""Anxa1"", ""Mtus1"", ""C5ar1"", ""Cxcr2"", ""Spi1"", ""Mmp9"", ""Lgals3"", ""Adam8"", ""Pla2g7"", ""Cd9"", ""Ptafr"", ""Ccr1"", ""Il1b"", ""Bst1"", ""App"", ""Lbp"", ""Lyn"", ""Cd300a"", ""Myo1f"", ""Csf1r"", ""Ccr2"", ""Csf1"", ""Ninj1"", ""Dapk2"", ""C3ar1"", ""Mapk3"", ""Smpd3"")"
"394","GOBP_POSITIVE_REGULATION_OF_LEUKOCYTE_MEDIATED_IMMUNITY","8.46031881899109e-05","0.00207351379055012","0.538434096309916","0.818062248269961","1.44946720347443","93","c(""Cd177"", ""Itgam"", ""Tyrobp"", ""C3"", ""Spi1"", ""Fcer1g"", ""Fcgr3"", ""Ptafr"", ""Il1b"", ""Il18rap"", ""Rsad2"", ""Plcg2"", ""Sh2d1b1"", ""Cd55"", ""B2m"", ""H2-D1"", ""Nlrp3"", ""Cd24a"")"
"395","GOBP_CELL_KILLING","6.41358792051676e-06","0.000271830038405661","0.610526878385931","0.821170389645879","1.45239327409115","118","c(""Pglyrp1"", ""Ncf1"", ""Itgam"", ""Tyrobp"", ""Ltf"", ""Lyz2"", ""Fcgr4"", ""Camp"", ""C3"", ""Spi1"", ""Lgals3"", ""Pik3r6"", ""Fcgr3"", ""Il18rap"", ""Sh2d1b1"", ""Fgl2"", ""Stx11"", ""Cd55"", ""Ctsh"", ""B2m"", ""Syk"", ""H2-D1"", ""Lyz1"", ""Ninj1"", ""Rab27a"")"
"396","GOBP_INTERLEUKIN_6_PRODUCTION","0.00176080328640264","0.0225071386064664","0.45505986738723","0.819967779206631","1.45321328876829","69","c(""Mapk13"", ""Cd300ld"", ""Tyrobp"", ""Fcer1g"", ""Lilrb4a"", ""Sirpa"", ""Ptafr"", ""Il1b"", ""Cebpb"", ""Il18rap"", ""App"", ""Lbp"", ""Plcg2"", ""Unc93b1"", ""Syk"", ""Cd24a"", ""Ifih1"", ""Prg4"", ""Il6ra"", ""Trim30a"", ""Cd200r1"", ""Hgf"")"
"397","GOBP_INNATE_IMMUNE_RESPONSE","8.72049886303514e-17","3.07234075568307e-14","1.05746357275086","0.824454599524156","1.45323337270622","377","c(""Pglyrp1"", ""Cd177"", ""Anxa1"", ""Ifitm6"", ""Cybb"", ""S100a8"", ""Ncf1"", ""Clec4a2"", ""Wfdc21"", ""S100a9"", ""Slpi"", ""Lcn2"", ""Trim30b"", ""Clec5a"", ""Tyrobp"", ""Ifitm2"", ""Ltf"", ""Fcgr4"", ""Camp"", ""C3"", ""Cd300lf"", ""Serpinb1a"", ""Spi1"", ""Hck"", ""Fcer1g"", ""Msrb1"", ""Ifi204"", ""Lgals3"", ""Oasl2"", ""Pik3r6"", ""Adam8"", ""Tlr13"", ""Fgr"", ""Sirpa"", ""Ccr1"", ""Ccl6"", ""Oas3"", ""Il18rap"", ""App"", ""Lbp"", ""Rsad2"", ""Ifit3b"", ""Arg2"", ""Lyn"", ""Samhd1"", ""Naip2"", ""Ifitm3"", ""Tbkbp1"", ""Plcg2"", ""Clec4e"", ""Capg"", ""Casp4"", ""Plscr1"", ""Ear2"", ""Tarm1"", 
""Sh2d1b1"", ""Ddx60"", ""Cd300a"", ""Slc11a1"", ""Trim30d"", ""Ifitm1"", ""Myo1f"", ""Csf1r"", ""Stx11"", ""Casp1"", ""Padi4"", ""Treml4"", ""Clec4d"", ""Csf1"", ""Ffar2"", ""Fosl2"", ""Cd55"", ""Clec4a1"", ""Slc15a3"", ""Mpeg1"", ""B2m"", ""Unc93b1"", ""Cdc42ep2"", ""Oas2"", ""Syk"", ""H2-D1"", ""Zyx"", ""Ifit3"", ""Nlrp3"", ""Neurl3"", ""Ifit1"", ""Clec4a3"", ""Grn"", ""Oas1g"", ""Smpdl3b"", ""Cfp"", ""Cd24a"", ""Ifih1"", ""Oasl1"", ""Mefv"", ""Ninj1"", ""Rab27a"")"
"398","GOBP_LEUKOCYTE_MIGRATION","3.20884168416727e-08","2.96528533994277e-06","0.719512826338911","0.824448666628903","1.45551112005794","171","c(""Cd177"", ""Anxa1"", ""S100a8"", ""S100a9"", ""Mtus1"", ""Itgam"", ""C5ar1"", ""Csf3r"", ""Retnlg"", ""Cxcr2"", ""Alox5"", ""Spi1"", ""Mmp9"", ""Fcer1g"", ""Lgals3"", ""Adam8"", ""Sirpa"", ""Pla2g7"", ""Cd9"", ""Fcgr3"", ""Ptafr"", ""Ccr1"", ""Il1b"", ""Bst1"", ""Ccl6"", ""App"", ""Lbp"", ""Lyn"", ""Trpm2"", ""Cd300a"", ""Myo1f"", ""Csf1r"", ""Ccr2"", ""Csf1"", ""Ffar2"", ""Ptpro"", ""Syk"", ""Cd24a"", ""Flt1"", ""Ninj1"", ""Dapk2"", ""Ccr3"", ""C3ar1"", ""Mapk3"", ""Smpd3"", ""Vav3"")"
"399","GOBP_HUMORAL_IMMUNE_RESPONSE","0.000130846591503024","0.00284780786217199","0.518848077743792","0.821680396463059","1.45693440745961","86","c(""Pglyrp1"", ""Wfdc21"", ""S100a9"", ""Slpi"", ""Ltf"", ""Camp"", ""C3"", ""Alox5"", ""Lgals3"", ""Il1b"", ""App"", ""Ccr2"", ""Fcgr2b"", ""Cd55"", ""B2m"", ""H2-D1"", ""Cfp"")"
"400","GOBP_CELL_CHEMOTAXIS","1.21007227846422e-06","6.49635946066936e-05","0.643551836150722","0.825709313493191","1.45699931221808","136","c(""Anxa1"", ""S100a8"", ""S100a9"", ""Mtus1"", ""Itgam"", ""C5ar1"", ""Csf3r"", ""Retnlg"", ""Cxcr2"", ""Alox5"", ""Spi1"", ""Mmp9"", ""Fcer1g"", ""Lgals3"", ""Adam8"", ""Pla2g7"", ""Fcgr3"", ""Ccr1"", ""Il1b"", ""Bst1"", ""Ccl6"", ""App"", ""Lbp"", ""Lyn"", ""Trpm2"", ""Csf1r"", ""Ccr2"", ""Csf1"", ""Ffar2"", ""Ptpro"", ""Syk"", ""Flt1"", ""Ninj1"", ""Prkcd"", ""Dapk2"", ""Ccr3"", ""Enpp2"", ""C3ar1"", ""Mapk3"", ""Vav3"", ""Ccl9"")"
"401","GOBP_CELL_ACTIVATION_INVOLVED_IN_IMMUNE_RESPONSE","6.4347235896985e-07","3.81816177632952e-05","0.659444398037935","0.826752025801343","1.45816852967828","143","c(""Pglyrp1"", ""Cd177"", ""Anxa1"", ""Itgam"", ""Tyrobp"", ""Fcgr4"", ""Spi1"", ""Fcer1g"", ""Lilrb4a"", ""Lgals3"", ""Fes"", ""Fgr"", ""Ptafr"", ""Gapt"", ""App"", ""Lbp"", ""Lcp1"", ""Lyn"", ""Rab44"", ""Hlx"", ""Plcg2"", ""Clec4e"", ""Sh2d1b1"", ""Fgl2"", ""Cd300a"", ""Slc11a1"", ""Myo1f"", ""Ccr2"", ""Stx11"", ""Clec4d"", ""Syk"", ""Nlrp3"", ""Grn"", ""Milr1"", ""Anxa3"", ""Lrp1"", ""Rab27a"")"
"402","GOCC_CYTOPLASMIC_SIDE_OF_PLASMA_MEMBRANE","0.00158188740906303","0.0208831365922443","0.45505986738723","0.823493611018656","1.45966486455522","64","c(""Ncf1"", ""S100a6"", ""Hck"", ""Fes"", ""Fgr"", ""Lyn"", ""Tgm3"", ""Rgs2"", ""Litaf"", ""G6pdx"", ""Snx18"", ""Syk"", ""Ppp3ca"", ""Alox15"", ""Gnaq"", ""Gm2a"")"
"403","GOBP_REGULATION_OF_VASCULATURE_DEVELOPMENT","1.98859114111098e-05","0.000645992448117099","0.575610261071129","0.825378332713277","1.45979133912722","106","c(""Cybb"", ""Chil1"", ""Ngp"", ""C5ar1"", ""Camp"", ""Cxcr2"", ""C3"", ""Alox5"", ""Mmp9"", ""Lgals3"", ""Pik3r6"", ""Emilin2"", ""Il1b"", ""Hhex"", ""F3"", ""Ccr2"", ""Hk2"", ""Ctsh"", ""Grn"", ""Anxa3"", ""Flt1"", ""Ninj1"", ""Pkm"", ""Ccr3"", ""C3ar1"", ""Acvrl1"", ""Tgfb2"", ""Cxcr4"", ""Sema4a"", ""Hmox1"", ""Hgf"")"
"404","KLF6_TARGET_GENES","0.00154675815836831","0.020583211034651","0.45505986738723","0.82497530399451","1.46132844403481","63","c(""S100a8"", ""Clec4a2"", ""F630028O10Rik"", ""Trbc1"", ""Bst1"", ""Slc40a1"", ""Casp4"", ""Plscr1"", ""Lrp1"")"
"405","GOBP_CYTOKINE_MEDIATED_SIGNALING_PATHWAY","8.20997869625141e-09","8.11923682645074e-07","0.747739663149885","0.82800969485271","1.46173069230697","173","c(""Ifitm6"", ""Csf3r"", ""Ifitm2"", ""Pirb"", ""Cxcr2"", ""Cd300lf"", ""Spi1"", ""Fcer1g"", ""Lilrb4a"", ""Pira2"", ""Oasl2"", ""Lilra6"", ""Ccr1"", ""Il1b"", ""Ccl6"", ""Oas3"", ""Il18rap"", ""Il1r2"", ""Tnfsf13b"", ""Ebi3"", ""Csf2rb"", ""Lyn"", ""Samhd1"", ""Naip2"", ""Ifitm3"", ""F3"", ""Casp4"", ""Ifitm1"", ""Csf2ra"", ""Csf1r"", ""Ccr2"", ""Casp1"", ""Csf1"", ""Oas2"", ""Syk"", ""Oas1g"", ""Klf6"", ""Il15"", ""Cd24a"", ""Ifih1"", ""Oasl1"", ""Isg15"", ""Mapk3"", ""Irf7"", ""Zbp1"", ""Il6ra"", ""Ccl9"", ""Hdac4"", ""Il13ra1"", ""Irgm2"", ""Cxcr4"", ""Parp14"", ""Gpr35"", ""Ripk1"", ""Csf2rb2"", ""Oas1a"", 
""Naip6"", ""Il10ra"", ""Irf1"", ""Irf5"", ""Stat2"", ""Ccl3"", ""Il1rl1"", ""Stat1"", ""Il4"", ""Cx3cr1"", ""Stk39"", ""Il11"", ""Ccr5"")"
"406","SHETH_LIVER_CANCER_VS_TXNIP_LOSS_PAM3","0.0043038885878009","0.0440308892367217","0.407017918923954","0.834509449485424","1.46246738317806","42","c(""Pglyrp1"", ""Slpi"", ""Lcn2"", ""Nupr1"", ""Prom1"", ""Nucb2"", ""Gyg"", ""Tmem71"", ""Ehd4"", ""Ifit2"")"
"407","GOBP_TUMOR_NECROSIS_FACTOR_SUPERFAMILY_CYTOKINE_PRODUCTION","3.62191042140681e-05","0.00104701072028052","0.557332238758646","0.824169236846956","1.46319854309928","94","c(""Cybb"", ""Cd300ld"", ""Tyrobp"", ""Ltf"", ""Fcer1g"", ""Lilrb4a"", ""Adam8"", ""Sirpa"", ""Lrrk2"", ""Fcgr3"", ""Ptafr"", ""Oas3"", ""App"", ""Lbp"", ""Arg2"", ""Plcg2"", ""Csf1r"", ""Ccr2"", ""Vsir"", ""Oas2"", ""Syk"", ""H2-D1"", ""Oas1g"", ""Cd24a"", ""Ifih1"")"
"408","GOBP_RESPONSE_TO_MOLECULE_OF_BACTERIAL_ORIGIN","5.41200242872162e-07","3.35246787809932e-05","0.659444398037935","0.829905701609667","1.46325994356679","142","c(""S100a8"", ""Mgst1"", ""Wfdc21"", ""S100a9"", ""Slpi"", ""Ncf2"", ""C5ar1"", ""Trim30b"", ""Ltf"", ""Fcgr4"", ""Spi1"", ""Lilrb4a"", ""Cd300lb"", ""Sirpa"", ""Ptafr"", ""Il1b"", ""Cebpb"", ""Pde2a"", ""Lbp"", ""Cmpk2"", ""Lyn"", ""Plcg2"", ""Casp4"", ""Plscr1"", ""Litaf"", ""Slc11a1"", ""Trim30d"", ""Casp1"", ""Fosl2"", ""Fcgr2b"", ""Cd55"", ""B2m"", ""Nlrp3"")"
"409","NEMETH_INFLAMMATORY_RESPONSE_LPS_UP","0.00420524328020179","0.043178426904367","0.407017918923954","0.824442094165964","1.4632853417647","56","c(""Slpi"", ""Slfn4"", ""Hck"", ""Lilrb4a"", ""Ifi204"", ""Cd44"", ""Casp4"", ""Ier3"", ""Glrx"", ""Slc11a1"", ""Myadm"", ""Clec4d"", ""Fcgr2b"", ""Sat1"", ""Msr1"", ""Prkcd"", ""C3ar1"", ""Ccl9"", ""Tnfrsf1b"", ""Irgm2"", ""Pnp"", ""Cdkn1a"", ""Furin"", ""Stk10"", ""Sap30"", ""Ccl3"", ""Il1rl1"", ""Cited2"", ""Stat1"")"
"410","GOBP_NEGATIVE_REGULATION_OF_HEMOPOIESIS","0.00164626218363654","0.0215312759377243","0.45505986738723","0.825580332936552","1.46444898368495","61","c(""Pglyrp1"", ""Anxa1"", ""Pirb"", ""Lilrb4a"", ""Pira2"", ""Lilra6"", ""Cd44"", ""Lyn"", ""Hlx"", ""Fgl2"", ""Pilrb1"")"
"411","TABULA_MURIS_SENIS_SPLEEN_MACROPHAGE_AGEING","0.000521875929341182","0.00888765744319107","0.477270815362862","0.825103214236433","1.46533107250676","71","c(""Cybb"", ""S100a8"", ""Clec4a2"", ""S100a9"", ""Slpi"", ""Ifitm2"", ""Lyz2"", ""Fcer1g"", ""Msrb1"", ""Il1b"", ""App"", ""Litaf"", ""Ifitm1"", ""Aldh2"", ""Csf1r"", ""Cd63"", ""Sat1"", ""Mpeg1"", ""Grn"", ""Smpdl3a"", ""Cfp"", ""Lyz1"", ""Txn1"", ""Fth1"", ""Ninj1"")"
"412","GOBP_POSITIVE_REGULATION_OF_TUMOR_NECROSIS_FACTOR_SUPERFAMILY_CYTOKINE_PRODUCTION","0.00156924496925194","0.0207648682903127","0.45505986738723","0.826336410183132","1.46579014518211","61","c(""Cybb"", ""Tyrobp"", ""Fcer1g"", ""Adam8"", ""Lrrk2"", ""Fcgr3"", ""Ptafr"", ""Oas3"", ""App"", ""Lbp"", ""Plcg2"", ""Csf1r"", ""Ccr2"", ""Oas2"", ""Syk"", ""H2-D1"", ""Oas1g"", ""Ifih1"")"
"413","FOSTER_TOLERANT_MACROPHAGE_UP","8.23850773371025e-05","0.00203686263574231","0.538434096309916","0.826863996102734","1.46612552933868","86","c(""Hp"", ""Igsf6"", ""Lcn2"", ""Slfn4"", ""Tgfbi"", ""Bst1"", ""Oas3"", ""Slc16a3"", ""Clec4e"", ""Glrx"", ""Fgl2"", ""Nupr1"", ""Slfn1"", ""Rnf149"", ""F10"", ""Cdc42ep2"", ""Syk"", ""Ms4a6c"", ""Msr1"", ""Irf7"", ""Lmo4"", ""Tnfrsf1b"", ""Treml2"", ""Itgal"", ""Id2"", ""Isg20"", ""Pik3ap1"", ""Xaf1"", ""Sell"", ""Ms4a4c"")"
"414","GOBP_NEGATIVE_REGULATION_OF_LYMPHOCYTE_ACTIVATION","0.000162935472128388","0.00335207027878732","0.518848077743792","0.825577649598725","1.46647844937796","84","c(""Pglyrp1"", ""Anxa1"", ""Tyrobp"", ""Lst1"", ""Lilrb4a"", ""Lgals3"", ""Fgr"", ""Cd44"", ""Cebpb"", ""Arg2"", ""Lyn"", ""Hlx"", ""Tarm1"", ""Fgl2"", ""Cd300a"", ""Slfn1"", ""Vsir"", ""Fcgr2b"")"
"415","GOBP_REGULATION_OF_LEUKOCYTE_CHEMOTAXIS","0.00272664270085911","0.031496075624473","0.431707695803346","0.828268999236911","1.46931993088967","55","c(""Mtus1"", ""C5ar1"", ""Cxcr2"", ""Spi1"", ""Pla2g7"", ""Ccr1"", ""Il1b"", ""Bst1"", ""App"", ""Lbp"", ""Lyn"", ""Csf1r"", ""Ccr2"", ""Csf1"", ""Ninj1"", ""Dapk2"", ""C3ar1"", ""Mapk3"")"
"416","GOBP_NEGATIVE_REGULATION_OF_ENDOPEPTIDASE_ACTIVITY","0.00296679992724586","0.0333620193686016","0.431707695803346","0.834912276857938","1.46941937003677","47","c(""Plaur"", ""Ltf"", ""Serpinb1a"", ""Mmp9"", ""Sorl1"", ""Cd44"", ""Naip2"", ""Gpx1"")"
"417","GOBP_RESPONSE_TO_BACTERIUM","6.75310573057461e-15","1.81272652396424e-12","0.996986217533181","0.83408741526462","1.46998048761037","306","c(""Hp"", ""Pglyrp1"", ""S100a8"", ""Ncf1"", ""Mgst1"", ""Wfdc21"", ""Pygl"", ""S100a9"", ""Slpi"", ""Ncf2"", ""Lcn2"", ""C5ar1"", ""Trim30b"", ""Slfn4"", ""Ltf"", ""Lyz2"", ""Fcgr4"", ""Camp"", ""C3"", ""Spi1"", ""Hck"", ""Fcer1g"", ""Lilrb4a"", ""Cd300lb"", ""Ifi204"", ""Abcd2"", ""Fgr"", ""Sirpa"", ""Emilin2"", ""Ptafr"", ""Il1b"", ""Oas3"", ""Cebpb"", ""Pde2a"", ""App"", ""Lbp"", ""Cmpk2"", ""Arg2"", ""Lyn"", ""Naip2"", ""Plcg2"", ""Clec4e"", ""Casp4"", ""Plscr1"", ""Ear2"", ""Litaf"", ""Slc11a1"", ""Trim30d"", ""Myo1f"", ""AA467197"", ""Casp1"", ""Clec4d"", ""Gpx1"", ""Fosl2"", ""Fcgr2b"", ""Cd55"", ""Mpeg1"", 
""B2m"", ""Oas2"", ""Syk"", ""H2-D1"", ""Hba-a1"", ""Plac8"", ""Ifit3"", ""Nlrp3"", ""Ifit1"", ""Grn"", ""Oas1g"", ""Cd24a"", ""Lyz1"", ""Anxa3"")"
"418","GOBP_POSITIVE_REGULATION_OF_ENDOCYTOSIS","0.000264334104357324","0.00501548942826544","0.49849310876659","0.828204835444446","1.47006993563585","72","c(""C3"", ""Cd300lf"", ""Fcer1g"", ""Sirpa"", ""Lrrk2"", ""Fcgr3"", ""Il1b"", ""App"", ""Lbp"", ""Sirpb1b"", ""Plcg2"", ""Slc11a1"", ""Fcgr2b"", ""Cd63"", ""B2m"", ""Syk"", ""Ppp3ca"", ""Anxa2"", ""Il15"", ""Cfp"", ""Lrp1"", ""Rab27a"", ""Hip1r"")"
"419","WP_SPINAL_CORD_INJURY","0.00167244526024427","0.0217225205806381","0.45505986738723","0.836206440500385","1.47046992675761","49","c(""Anxa1"", ""Pirb"", ""Ltb4r1"", ""Mmp9"", ""Il1b"", ""Tnfsf13b"", ""Ccr2"", ""Fcgr2b"", ""Ppp3ca"", ""Mapk3"")"
"420","GOBP_NEGATIVE_REGULATION_OF_LEUKOCYTE_PROLIFERATION","0.0045002555587627","0.045299893901331","0.407017918923954","0.839313840557239","1.47067922945751","45","c(""Tyrobp"", ""Lst1"", ""Lilrb4a"", ""Cd44"", ""Cebpb"", ""Arg2"", ""Lyn"", ""Tarm1"", ""Cd300a"", ""Slfn1"", ""Vsir"", ""Fcgr2b"", ""Cd24a"", ""Cd80"", ""Zbtb7b"")"
"421","GOCC_CYTOPLASMIC_SIDE_OF_MEMBRANE","0.000327842894659039","0.00595956756192366","0.49849310876659","0.829245426672047","1.47107372145766","67","c(""Ncf1"", ""S100a6"", ""Hck"", ""Fes"", ""Fgr"", ""Lrrk2"", ""Lyn"", ""Tgm3"", ""Rgs2"", ""Litaf"", ""G6pdx"", ""Snx18"", ""Syk"", ""Ppp3ca"", ""Alox15"", ""Cfp"", ""Gnaq"", ""Gm2a"")"
"422","GOBP_REGULATION_OF_RESPONSE_TO_WOUNDING","0.00305705851437818","0.0341917437411702","0.431707695803346","0.828529274058708","1.47296750361189","57","c(""Anxa1"", ""Plaur"", ""S100a9"", ""Alox5"", ""Emilin2"", ""Cd9"", ""Grn"", ""Igf1r"", ""Anxa2"", ""Cd24a"", ""Lrp1"", ""Prkcd"", ""Cldn1"", ""Cxcr4"", ""Xylt1"")"
"423","GOBP_POSITIVE_REGULATION_OF_INFLAMMATORY_RESPONSE","0.000115563693461589","0.00262674411307651","0.538434096309916","0.829641022015518","1.47369624177328","84","c(""S100a8"", ""S100a9"", ""Alox5ap"", ""C3"", ""Fcer1g"", ""Adam8"", ""Lrrk2"", ""Fcgr3"", ""Il1b"", ""Cebpb"", ""Pde2a"", ""App"", ""Lbp"", ""Plcg2"", ""Casp4"", ""Nupr1"", ""Csf1r"", ""Ccr2"", ""Casp1"", ""Ffar2"", ""H2-D1"", ""Nlrp3"", ""Grn"", ""Cd24a"", ""Mefv"", ""Ninj1"")"
"424","DESCARTES_ORGANOGENESIS_WHITE_BLOOD_CELLS","1.78674457521395e-16","5.59548842804501e-14","1.04762648849882","0.836919109864535","1.47427528972933","313","c(""Cybb"", ""Ncf1"", ""Clec4a2"", ""Ncf2"", ""Alox5ap"", ""Itgam"", ""C5ar1"", ""Csf3r"", ""Pilra"", ""Clec5a"", ""Tyrobp"", ""F630028O10Rik"", ""Cd33"", ""Cd300lf"", ""Lst1"", ""Spi1"", ""Trbc1"", ""Hck"", ""Fcer1g"", ""Hk3"", ""Ifi204"", ""Hdc"", ""Lgals3"", ""Fes"", ""Gpr141"", ""Tlr13"", ""Sirpa"", ""Cd44"", ""Fcgr3"", ""Ptafr"", ""Ccr1"", ""Ccl6"", ""Cebpb"", ""Il18rap"", ""Ebi3"", ""Lyn"", ""Slc40a1"", ""Samhd1"", ""Naip2"", ""Ifitm3"", ""Plcg2"", ""Lpcat2"", ""Casp4"", ""Trpm2"", ""Litaf"", ""Ddx60"", ""Napsa"", ""Cd300a"", ""Slc11a1"", ""Tpd52"", ""Trim30d"", ""Adgre4"", ""Myo1f"", ""Csf1r"", 
""Ccr2"", ""Vsir"", ""Casp1"", ""Mctp1"", ""Ffar2"", ""Skap2"", ""Fcrls"", ""Stard8"", ""Gm15987"", ""Fcgr2b"", ""Evi2a"", ""Themis2"", ""Ctsh"", ""Clec4a1"", ""Slc15a3"", ""Sat1"", ""AB124611"", ""Mpeg1"", ""B2m"", ""Lrrc25"", ""Tcn2"", ""Unc93b1"", ""Oas2"", ""H2-D1"", ""9930111J21Rik2"", ""Ms4a4a"", ""Plac8"", ""Cyfip1"", ""Wdfy4"", ""Nlrp3"", ""Neurl3"", ""Fam111a"", ""Clec4a3"", ""Grn"", ""Psap"", ""Milr1"", ""Ms4a6c"", ""Il15"", ""Cfp"", ""Msr1"", ""Ifih1"", ""Prkcd"", ""Tifab"", ""Sp140"", ""Adap1"", ""C3ar1"", ""Lair1"", ""Ehd4"", ""Eif2ak2"", ""Il6ra"", ""Ccl9"", ""Efhd2"", ""Tfe3"", ""Gm2a"", 
""Rnf213"", ""Il13ra1"", ""Mlkl"", ""Tnfrsf1b"", ""Clec4n"", ""2310001H17Rik"", ""Asah1"", ""Cd80"", ""Itgal"", ""Hmox1"", ""Cd200r1"", ""Parp14"", ""H2-K1"", ""Cd52"", ""Pik3ap1"", ""Trim30c"", ""Myo5a"", ""Gna15"", ""Cd68"", ""Slfn8"", ""Xaf1"", ""Adgre1"", ""Cysltr1"", ""Sell"", ""Ms4a4c"", ""Fcgr1"", ""Naip6"", ""Irf9"", ""Samsn1"", ""Stk10"", ""Rnpep"", ""Il10ra"", ""Irf1"", ""Irf5"", ""Fcrl1"")"
"425","GOBP_HEPATICOBILIARY_SYSTEM_DEVELOPMENT","0.00239384565092446","0.0285892117251296","0.431707695803346","0.835127939994599","1.47439287328078","52","c(""Hp"", ""Anxa1"", ""Hhex"", ""Cebpb"", ""Hlx"", ""Pkm"", ""Hmox1"", ""Hgf"")"
"426","GOBP_REGULATION_OF_VIRAL_GENOME_REPLICATION","0.00220835085513888","0.0268286072638315","0.431707695803346","0.841469957141494","1.47500671281874","44","c(""Ifitm6"", ""Slpi"", ""Ifitm2"", ""Ltf"", ""Oasl2"", ""Oas3"", ""Rsad2"", ""Ifitm3"", ""Plscr1"", ""Ifitm1"", ""Oas2"", ""Fam111a"", ""Oas1g"", ""Ifih1"", ""Oasl1"", ""Isg15"", ""Eif2ak2"", ""N4bp1"")"
"427","GOBP_REGULATION_OF_CELL_SHAPE","0.00510118192281832","0.0497771625334903","0.407017918923954","0.840798719267408","1.47528870646251","43","c(""Anxa1"", ""Lst1"", ""Hck"", ""Fgd4"", ""Fes"", ""Fgr"", ""Csf1r"", ""Gas7"", ""Cdc42ep2"", ""Cyfip1"", ""Plxnc1"", ""Plxnb2"", ""Aldoa"", ""Sema4a"", ""Cdc42ep3"", ""F11r"")"
"428","TABULA_MURIS_SENIS_KIDNEY_MACROPHAGE_AGEING","0.000353223190766029","0.00632101309951779","0.49849310876659","0.829629012355739","1.47539352661227","76","c(""Alox5ap"", ""Itgam"", ""Ifitm2"", ""Lyz2"", ""S100a6"", ""Clec12a"", ""Msrb1"", ""Lgals3"", ""Fgr"", ""Gsr"", ""Pla2g7"", ""Cd44"", ""Ccl6"", ""Tnfaip2"", ""Cebpb"", ""Prr13"", ""Capg"", ""Ier3"", ""Napsa"", ""Cd300a"", ""Aldh2"", ""Clec4a1"", ""Ahnak"", ""Sat1"", ""AB124611"", ""Plac8"", ""Grn"", ""Smpdl3a"", ""Ms4a6c"", ""Cfp"", ""Lyz1"", ""Txn1"", ""Lrp1"", ""Ninj1"", ""Sp140"", ""Ccl9"", ""Lmo4"", ""Zeb2"")"
"429","GOMF_SERINE_HYDROLASE_ACTIVITY","0.00337613421473938","0.0369539195504581","0.431707695803346","0.845118536664561","1.47879198308523","39","c(""Hp"", ""Ltf"", ""Mmp9"", ""F3"", ""F10"", ""Ctsh"", ""Htra3"", ""Hgf"", ""Furin"")"
"430","GOBP_REGULATION_OF_ENDOCYTOSIS","7.37543679241606e-06","0.00029486054750957","0.610526878385931","0.835917673322422","1.47892420304294","104","c(""Cd177"", ""C3"", ""Cd300lf"", ""Hck"", ""Fcer1g"", ""Lgals3"", ""Siglece"", ""Fgr"", ""Sirpa"", ""Lrrk2"", ""Fcgr3"", ""Il1b"", ""App"", ""Lbp"", ""Sirpb1b"", ""Plcg2"", ""Plscr1"", ""Cd300a"", ""Slc11a1"", ""Mctp1"", ""Fcgr2b"", ""Cd63"", ""B2m"", ""Syk"", ""Ppp3ca"", ""Unc119"", ""Alox15"", ""Siglecf"", ""Anxa2"", ""Il15"", ""Cfp"", ""Lrp1"", ""Rab27a"", ""Ehd4"", ""Hip1r"")"
"431","GOBP_GLIAL_CELL_ACTIVATION","0.00511750937332635","0.0498227985102602","0.407017918923954","0.848556592394062","1.47961918766156","35","c(""Itgam"", ""C5ar1"", ""Tyrobp"", ""Lrrk2"", ""Il1b"", ""App"", ""Csf1r"", ""Casp1"", ""Grn"", ""Lrp1"", ""Zeb2"", ""Nampt"", ""Ldlr"")"
"432","GOBP_CARBOHYDRATE_DERIVATIVE_CATABOLIC_PROCESS","0.00436662871310427","0.0445111863576289","0.407017918923954","0.843437431535268","1.47991866404829","43","c(""Pglyrp1"", ""Chil1"", ""Gda"", ""Upp1"", ""Cd44"", ""Pde2a"", ""Samhd1"", ""Xdh"", ""Entpd1"", ""Nudt4"", ""Psap"", ""Nt5e"", ""Prkcd"", ""Gm2a"")"
"433","GOBP_NEUROINFLAMMATORY_RESPONSE","0.00201107005777712","0.0248605305168632","0.431707695803346","0.841890949801289","1.48170161511131","47","c(""Itgam"", ""C5ar1"", ""Tyrobp"", ""Lrrk2"", ""Il1b"", ""App"", ""Plcg2"", ""Nupr1"", ""Csf1r"", ""Casp1"", ""Grn"", ""Lrp1"", ""Zeb2"", ""Tnfrsf1b"", ""Nampt"", ""Cd200r1"", ""Ldlr"", ""Myo5a"")"
"434","CHYLA_CBFA2T3_TARGETS_UP","1.83200843103416e-10","2.71763987519463e-08","0.826657301178302","0.839231086180905","1.48182352064543","180","c(""Hp"", ""Slpi"", ""Ncf2"", ""Igsf6"", ""Alox5ap"", ""Clec5a"", ""F630028O10Rik"", ""Ltb4r1"", ""Ncf4"", ""S100a11"", ""Clec12a"", ""Serpinb1a"", ""Spi1"", ""Hk3"", ""Hdc"", ""Tgfbi"", ""Cldn15"", ""Abcd2"", ""Gca"", ""Fcgr3"", ""Cebpb"", ""Ebi3"", ""Pde2a"", ""App"", ""Lbp"", ""Lcp1"", ""Dstn"", ""Rab44"", ""Plcg2"", ""Clec4e"", ""Casp1"", ""Mctp1"", ""Clec4d"", ""Ffar2"", ""F10"", ""Stard8"", ""Fcgr2b"", ""4833407H14Rik"", ""Gas7"", ""Cpne3"", ""Tcn2"", ""Unc93b1"", ""Cd300lg"", ""Ttc39c"", ""Atp8b4"", ""Siglecf"", ""Lmo1"", ""Anxa3"", ""Flt1"", ""Adgrg3"", ""Mefv"", ""Rab27a"", ""Tifab"", ""Adap1"", 
""Pgam1"")"
"435","REACTOME_CELL_SURFACE_INTERACTIONS_AT_THE_VASCULAR_WALL","0.00329793367690086","0.036309476829473","0.431707695803346","0.846395536034481","1.48217262540955","40","c(""Cd177"", ""Itgam"", ""Fcer1g"", ""Sirpa"", ""Cd44"", ""Sirpb1b"", ""Lyn"", ""Itgal"", ""F11r"", ""Sell"", ""Sdc3"")"
"436","GOMF_IMMUNE_RECEPTOR_ACTIVITY","7.59366805730481e-05","0.00191619071467677","0.538434096309916","0.834711633860948","1.48247642214922","78","c(""C5ar1"", ""Csf3r"", ""Pirb"", ""Fcgr4"", ""Cxcr2"", ""Fcer1g"", ""Lilrb4a"", ""Pira2"", ""Lilra6"", ""Cd44"", ""Fcgr3"", ""Ccr1"", ""Il18rap"", ""Il1r2"", ""Ebi3"", ""Csf2rb"", ""F3"", ""Csf2ra"", ""Ccr2"", ""Fcgr2b"", ""Ctsh"", ""Mfsd6"", ""Ccr3"", ""C3ar1"", ""Il6ra"", ""Il13ra1"", ""Cxcr4"")"
"437","TABULA_MURIS_SENIS_SUBCUTANEOUS_ADIPOSE_TISSUE_MYELOID_CELL_AGEING","5.55677156255746e-06","0.000240950163831819","0.610526878385931","0.838095007129651","1.48277639060684","104","c(""Hp"", ""Mcemp1"", ""Pglyrp1"", ""Cybb"", ""S100a8"", ""Plaur"", ""S100a9"", ""Lcn2"", ""Pilra"", ""Ltb4r1"", ""Pi16"", ""Spi1"", ""Hck"", ""Fgr"", ""Gsr"", ""Emilin2"", ""Cd9"", ""Il1b"", ""Tnfaip2"", ""Cebpb"", ""Prr13"", ""Slc16a3"", ""Clec4e"", ""Ear2"", ""Napsa"", ""Nupr1"", ""Csf2ra"", ""Rnf149"", ""Treml4"", ""Fosl2"", ""Tkt"", ""Cdc42ep2"", ""Vasp"", ""Smpdl3b"", ""Slc2a6"", ""Lrp1"", ""Prkcd"", ""Pkm"", ""Dusp3"", ""Cotl1"", ""Bhlhe40"", ""Ehd1"", ""Efhd2"", ""Lmo4"", ""Htra3"", ""Rnf19b"", ""Itgal"", ""Cdkn1a"", ""Ldlr"", ""Gpx3"", ""Tgm2"")"
"438","GALINDO_IMMUNE_RESPONSE_TO_ENTEROTOXIN","0.00178162906755028","0.0225686360759122","0.45505986738723","0.839908688554241","1.48283313885893","52","c(""Plaur"", ""Slfn4"", ""Lilrb4a"", ""Cd44"", ""Il1b"", ""Tnfaip2"", ""Cebpb"", ""Il18rap"", ""Csf2rb"", ""Ier3"", ""Glrx"", ""Slc11a1"", ""Pdlim7"", ""Pkm"", ""Bhlhe40"", ""Ehd1"", ""Ccl9"")"
"439","GOBP_REGULATION_OF_VESICLE_MEDIATED_TRANSPORT","8.08069038631934e-09","8.11923682645074e-07","0.747739663149885","0.840323978993586","1.48362376515731","157","c(""Cd177"", ""Anxa1"", ""Itgam"", ""C3"", ""Cd300lf"", ""Spi1"", ""Hck"", ""Fcer1g"", ""Lgals3"", ""Fes"", ""Sorl1"", ""Siglece"", ""Fgr"", ""Sirpa"", ""Lrrk2"", ""Fcgr3"", ""Ptafr"", ""Il1b"", ""App"", ""Lbp"", ""Sirpb1b"", ""Lyn"", ""Plcg2"", ""Plscr1"", ""Cd300a"", ""Slc11a1"", ""Ccr2"", ""Mctp1"", ""Fcgr2b"", ""Cd63"", ""B2m"", ""Syk"", ""Ppp3ca"", ""Unc119"", ""Alox15"", ""Siglecf"", ""Anxa2"", ""Il15"", ""Pla2g4a"", ""Cfp"", ""Lrp1"", ""Rab27a"", ""Mapk3"", ""Smpd3"", ""Ehd4"", ""Ehd1"", ""Hip1r"")"
"440","REACTOME_INNATE_IMMUNE_SYSTEM","7.08786581769082e-20","3.32952496786026e-17","1.15122052214226","0.841753655567316","1.48385999292105","357","c(""Hp"", ""Mcemp1"", ""Pglyrp1"", ""Cd177"", ""Cybb"", ""S100a8"", ""Ncf1"", ""Mgst1"", ""Chil1"", ""Plaur"", ""Pygl"", ""S100a9"", ""Slpi"", ""Ncf2"", ""Lcn2"", ""Itgam"", ""C5ar1"", ""Mapk13"", ""Clec5a"", ""Tyrobp"", ""Pirb"", ""Ltf"", ""Ckap4"", ""Lyz2"", ""Fcgr4"", ""Camp"", ""Ncf4"", ""S100a11"", ""Cd33"", ""Crispld2"", ""Cxcr2"", ""Clec12a"", ""C3"", ""Alox5"", ""Serpinb1a"", ""Hck"", ""Mmp9"", ""Fcer1g"", ""Hk3"", ""Lilrb4a"", ""Cd300lb"", ""Ifi204"", ""Pira2"", ""Adam8"", ""Siglece"", ""Fgr"", ""Sirpa"", ""Lilra6"", ""Gca"", ""Cd44"", ""Fcgr3"", ""Ptafr"", ""Il1b"", ""Bst1"", ""App"", ""Lbp"", ""Sirpb1b"", 
""Lyn"", ""Rab44"", ""Plcg2"", ""Clec4e"", ""Casp4"", ""Trpm2"", ""Ear2"", ""Tarm1"", ""Slc2a3"", ""Fgl2"", ""Cd300a"", ""Agpat2"", ""Slc11a1"", ""Dock1"", ""Casp1"", ""Clec4d"", ""Fcgr2b"", ""Cd63"", ""Cpne3"", ""Cd55"", ""Ostf1"", ""Ctsh"", ""B2m"", ""Unc93b1"", ""Syk"", ""Plac8"", ""Cyfip1"", ""Ppp3ca"", ""Nlrp3"", ""Atp8b4"", ""Grn"", ""Siglecf"", ""Psap"", ""Anxa2"", ""Gyg"", ""Hbb-bs"", ""Cfp"", ""Mmp25"", ""Txn1"", ""Fth1"", ""Adgrg3"", ""Mefv"", ""Rab27a"", ""Prkcd"", ""Pkm"", ""Plekho2"", ""C3ar1"", ""Dusp3"", ""Lair1"", ""Pgam1"", ""Mapk3"", ""Cotl1"", ""Irf7"", ""Aldoa"", ""Vav3"")"
"441","MIKKELSEN_ES_LCP_WITH_H3K4ME3","0.00292598892121224","0.0331867194142322","0.431707695803346","0.848017514717439","1.48386462712006","39","c(""Hacd4"", ""Spi1"", ""Fgd4"", ""Ebi3"", ""F5"", ""Apobr"", ""Glrx"", ""Ifitm1"", ""Treml2"", ""Cd68"", ""BC028528"", ""Emp3"")"
"442","GOBP_REGULATION_OF_COAGULATION","0.0044485939309084","0.0449403655708435","0.407017918923954","0.863657282030826","1.48508307778539","28","c(""Plaur"", ""S100a9"", ""Emilin2"", ""Cd9"", ""Anxa2"", ""Prkcd"")"
"443","GOBP_POSITIVE_REGULATION_OF_REACTIVE_OXYGEN_SPECIES_METABOLIC_PROCESS","0.0050443889035664","0.0493667018218816","0.407017918923954","0.853526500017402","1.48520734343431","34","c(""Cd177"", ""Lcn2"", ""Itgam"", ""Tyrobp"", ""App"", ""Plcg2"", ""Xdh"", ""Syk"", ""Pid1"", ""Rab27a"", ""Prkcd"", ""Hdac4"")"
"444","GOBP_ASTROCYTE_DIFFERENTIATION","0.0028663148213931","0.0327073211501881","0.431707695803346","0.851508369822716","1.48634671885352","38","c(""S100a8"", ""S100a9"", ""C5ar1"", ""Il1b"", ""App"", ""Csf1r"", ""Grn"", ""Lrp1"", ""Mapk3"", ""Tal1"", ""Zeb2"", ""Id2"", ""Ldlr"")"
"445","GOBP_REGULATION_OF_REACTIVE_OXYGEN_SPECIES_METABOLIC_PROCESS","0.000275669992922126","0.00512855363069974","0.49849310876659","0.837411282820107","1.48727522796573","68","c(""Cd177"", ""Ncf2"", ""Lcn2"", ""Itgam"", ""Tyrobp"", ""Alox5"", ""Abcd2"", ""Lrrk2"", ""App"", ""Arg2"", ""Plcg2"", ""Xdh"", ""Ier3"", ""Aldh2"", ""Hk2"", ""G6pdx"", ""Syk"", ""Pid1"", ""Rab27a"", ""Prkcd"")"
"446","MCBRYAN_PUBERTAL_TGFB1_TARGETS_DN","0.00462050111103396","0.0462624596143845","0.407017918923954","0.85482934116014","1.48747439575487","34","c(""Chil1"", ""Slpi"", ""Lcn2"", ""Cd9"", ""Tnfaip2"", ""Rgs2"", ""Ifit3"", ""Klf5"")"
"447","TABULA_MURIS_SENIS_MARROW_MACROPHAGE_AGEING","1.04051914462859e-06","6.04681074048592e-05","0.643551836150722","0.838692453021401","1.48785185066084","113","c(""Hp"", ""Mcemp1"", ""Pglyrp1"", ""Ifitm6"", ""S100a8"", ""Wfdc21"", ""S100a9"", ""Slpi"", ""Lcn2"", ""Ngp"", ""Ifitm2"", ""Ltf"", ""S100a6"", ""Retnlg"", ""Camp"", ""Ncf4"", ""Spi1"", ""Fcer1g"", ""Msrb1"", ""Lgals3"", ""Tgfbi"", ""Emilin2"", ""Tmsb4x"", ""Prr13"", ""Ifitm3"", ""Ifitm1"")"
"448","BURTON_ADIPOGENESIS_PEAK_AT_24HR","0.0038087265356721","0.0403567509052324","0.431707695803346","0.853344546055746","1.48796789200369","35","c(""S100a8"", ""Slpi"", ""Lcn2"", ""Anln"")"
"449","MP_DECREASED_TUMOR_GROWTH_SIZE","0.0037327078821475","0.039850898355427","0.431707695803346","0.854426868207782","1.48830379345806","36","c(""Anxa1"", ""Cybb"", ""Cxcr2"", ""Cd44"", ""Il1b"", ""Ccr2"", ""Il6ra"")"
"450","GOBP_NEGATIVE_REGULATION_OF_VIRAL_PROCESS","0.000830329798273356","0.0130015807579636","0.477270815362862","0.844865397237452","1.48833012248781","50","c(""Ifitm6"", ""Slpi"", ""Trim30b"", ""Ifitm2"", ""Ltf"", ""Oasl2"", ""Oas3"", ""Rsad2"", ""Ifitm3"", ""Plscr1"", ""Trim30d"", ""Ifitm1"", ""Oas2"", ""Fam111a"", ""Oas1g"", ""Ifih1"", ""Oasl1"", ""Isg15"", ""Eif2ak2"", ""N4bp1"", ""Trim30a"", ""Isg20"", ""Trim30c"", ""Oas1a"")"
"451","GOBP_ANTIBACTERIAL_HUMORAL_RESPONSE","0.00409796879523462","0.0424425754417555","0.407017918923954","0.86601597170584","1.48913891126817","28","c(""Wfdc21"", ""Slpi"", ""Ltf"", ""Camp"", ""App"", ""B2m"", ""H2-D1"")"
"452","GOMF_IMMUNOGLOBULIN_BINDING","0.00467998479212669","0.0467749543851385","0.407017918923954","0.910507722489725","1.49000498670116","16","c(""Fcgr4"", ""Fcer1g"", ""Lgals3"", ""Pira2"", ""Lilra6"", ""Fcgr3"", ""Fcgr2b"", ""Cd300lg"")"
"453","GOBP_INTERFERON_MEDIATED_SIGNALING_PATHWAY","0.00492532101820497","0.0486235281604578","0.407017918923954","0.857193357231009","1.4907873927244","32","c(""Ifitm6"", ""Ifitm2"", ""Oas3"", ""Samhd1"", ""Ifitm3"", ""Ifitm1"", ""Oas2"", ""Oas1g"", ""Ifih1"", ""Isg15"", ""Irf7"", ""Zbp1"", ""Hdac4"", ""Irgm2"", ""Parp14"", ""Oas1a"", ""Irf1"", ""Stat2"", ""Stat1"")"
"454","HALLMARK_COMPLEMENT","3.9190306740357e-05","0.00111012944269041","0.557332238758646","0.8400740819725","1.49222854772345","84","c(""Plaur"", ""S100a9"", ""Itgam"", ""Ltf"", ""C3"", ""Fcer1g"", ""Msrb1"", ""Lgals3"", ""Pla2g7"", ""Gca"", ""Cebpb"", ""Lyn"", ""F5"", ""F3"", ""Plek"", ""Casp4"", ""Plscr1"", ""Casp1"", ""F10"", ""Ctsh"", ""Pla2g4a"", ""Lrp1"", ""Prkcd"", ""Irf7"", ""Ehd1"", ""Dusp6"")"
"455","GOBP_REACTIVE_OXYGEN_SPECIES_METABOLIC_PROCESS","1.49444789518058e-05","0.000507482095489936","0.593325476396405","0.842625341347031","1.49370304811577","91","c(""Cd177"", ""Cybb"", ""Ncf1"", ""Ncf2"", ""Lcn2"", ""Itgam"", ""Tyrobp"", ""Ncf4"", ""Alox5"", ""Abcd2"", ""Lrrk2"", ""App"", ""Arg2"", ""Plcg2"", ""Xdh"", ""Ier3"", ""Aldh2"", ""Hk2"", ""Gpx1"", ""G6pdx"", ""Syk"", ""Hba-a1"", ""Pid1"", ""Hbb-bs"", ""Txn1"", ""Rab27a"", ""Prkcd"")"
"456","MP_DECREASED_METASTATIC_POTENTIAL","0.00496270277378361","0.0487365079021223","0.407017918923954","0.90562691894729","1.49372076562511","17","c(""Anxa1"", ""Cybb"", ""Cxcr2"", ""Mmp9"", ""Il1b"", ""Fut7"", ""Sell"", ""Id1"", ""Fos"", ""Ccr5"", ""Pld1"", ""Lyst"")"
"457","GOCC_ENDOCYTIC_VESICLE","0.00123038221748585","0.0170829176353885","0.45505986738723","0.841000630034001","1.49513920309524","57","c(""Cybb"", ""Csf3r"", ""Adam8"", ""Rin2"", ""Clec4e"", ""Capg"", ""Slc11a1"", ""Stx11"", ""Mpeg1"", ""B2m"", ""Unc93b1"", ""Cdc42ep2"", ""Syk"", ""H2-D1"", ""Zyx"", ""Cpne2"", ""Anxa3"", ""Fth1"", ""Ehd4"", ""Ehd1"")"
"458","GOBP_POSITIVE_REGULATION_OF_VASCULATURE_DEVELOPMENT","0.000196787340832765","0.00391975349920246","0.518848077743792","0.844743678841676","1.49516988932569","66","c(""Cybb"", ""Chil1"", ""C5ar1"", ""Camp"", ""Cxcr2"", ""C3"", ""Mmp9"", ""Lgals3"", ""Pik3r6"", ""Emilin2"", ""Il1b"", ""F3"", ""Hk2"", ""Ctsh"", ""Grn"", ""Anxa3"", ""Flt1"", ""Ninj1"", ""Pkm"", ""Ccr3"", ""C3ar1"", ""Acvrl1"", ""Cxcr4"", ""Hmox1"", ""Hgf"")"
"459","GOBP_INTERLEUKIN_8_PRODUCTION","0.00330906343262077","0.0363609952625405","0.431707695803346","0.869565085908621","1.49524171333253","28","c(""Anxa1"", ""Chil1"", ""Camp"", ""Il1b"", ""Lbp"", ""F3"", ""Ffar2"", ""Syk"")"
"460","GOBP_REGULATION_OF_WOUND_HEALING","0.00161583994975513","0.0211825344110923","0.45505986738723","0.854486193153882","1.49726483158588","45","c(""Anxa1"", ""Plaur"", ""S100a9"", ""Alox5"", ""Emilin2"", ""Cd9"", ""Anxa2"", ""Prkcd"", ""Cldn1"", ""Cxcr4"")"
"461","GOBP_NEGATIVE_REGULATION_OF_HYDROLASE_ACTIVITY","1.01264020281211e-05","0.000373088419820383","0.593325476396405","0.844573849883309","1.49735434372253","90","c(""Anxa1"", ""Plaur"", ""Slpi"", ""Ngp"", ""Ltf"", ""Pi16"", ""Serpinb1a"", ""Mmp9"", ""Sorl1"", ""Stfa3"", ""Lrrk2"", ""Cd44"", ""App"", ""Naip2"", ""Rgs2"", ""Gpx1"")"
"462","WP_IL_5_SIGNALING_PATHWAY","0.00460756770668675","0.0462150518907352","0.407017918923954","0.877663253938499","1.49772914244158","27","c(""Alox5ap"", ""Itgam"", ""Alox5"", ""Hck"", ""Csf2rb"", ""Lyn"", ""Syk"", ""Unc119"", ""Pla2g4a"", ""Prkcd"", ""Mapk3"")"
"463","GOBP_LEUKOCYTE_CHEMOTAXIS","5.03115003799883e-07","3.22279463229539e-05","0.659444398037935","0.84702696100087","1.49795612585631","107","c(""Anxa1"", ""S100a8"", ""S100a9"", ""Mtus1"", ""Itgam"", ""C5ar1"", ""Csf3r"", ""Retnlg"", ""Cxcr2"", ""Alox5"", ""Spi1"", ""Mmp9"", ""Fcer1g"", ""Lgals3"", ""Adam8"", ""Pla2g7"", ""Fcgr3"", ""Ccr1"", ""Il1b"", ""Bst1"", ""Ccl6"", ""App"", ""Lbp"", ""Lyn"", ""Trpm2"", ""Csf1r"", ""Ccr2"", ""Csf1"", ""Ffar2"", ""Ptpro"", ""Syk"", ""Flt1"", ""Ninj1"", ""Dapk2"", ""Ccr3"", ""C3ar1"", ""Mapk3"", ""Vav3"", ""Ccl9"")"
"464","GOCC_PHAGOCYTIC_VESICLE","0.00398479129110846","0.0416739675472698","0.407017918923954","0.861486133179603","1.49825317183943","32","c(""Cybb"", ""Adam8"", ""Clec4e"", ""Capg"", ""Slc11a1"", ""Stx11"", ""Mpeg1"", ""B2m"", ""Unc93b1"", ""Cdc42ep2"", ""Syk"", ""H2-D1"", ""Zyx"", ""Anxa3"")"
"465","WP_TYROBP_CAUSAL_NETWORK_IN_MICROGLIA","0.00398479129110846","0.0416739675472698","0.407017918923954","0.861556738572123","1.49837596517204","32","c(""Ncf2"", ""Igsf6"", ""Itgam"", ""Tyrobp"", ""C3"", ""Gapt"", ""Hlx"", ""Plek"", ""Capg"", ""Gpx1"", ""Lhfpl2"", ""Il13ra1"", ""Tnfrsf1b"", ""Lyl1"")"
"466","TABULA_MURIS_SENIS_MAMMARY_GLAND_MACROPHAGE_AGEING","0.00149540628501705","0.0199753678403818","0.45505986738723","0.855147735635499","1.4984240127409","45","c(""Ifitm6"", ""Gda"", ""Pirb"", ""Lyz2"", ""S100a6"", ""Pi16"", ""Ccl6"", ""Prr13"", ""App"", ""Capg"", ""Ear2"", ""Csf2ra"", ""Ccr2"", ""Gpx1"", ""Ahnak"", ""H2-D1"", ""Zyx"", ""Anxa2"", ""Lyz1"")"
"467","RAMALHO_STEMNESS_DN","0.00179546287520247","0.0226421123658083","0.45505986738723","0.858464563943927","1.49848907314409","38","c(""Pglyrp1"", ""Clec4a2"", ""Tyrobp"", ""Nhsl2"", ""Hdc"", ""Sirpa"", ""Arg2"", ""Ncam1"", ""Slc11a1"", ""Csf1r"", ""Evi2a"", ""Mpeg1"", ""Rogdi"", ""Ppp3ca"", ""Hbb-bs"", ""Nin"", ""Acvrl1"", ""Ccl9"", ""Adssl1"", ""Cd68"", ""Adgre1"")"
"468","GOBP_INTERLEUKIN_1_PRODUCTION","0.000857684317169029","0.0132823255381369","0.477270815362862","0.844997127400914","1.49974288632288","54","c(""Anxa1"", ""Tyrobp"", ""Serpinb1a"", ""Lilrb4a"", ""Sirpa"", ""Il1b"", ""Il1r2"", ""App"", ""Arg2"", ""Casp4"", ""Casp1"", ""Nlrp3"", ""Mefv"")"
"469","GROSS_HYPOXIA_VIA_ELK3_ONLY_UP","0.00285860869477138","0.0326855521550228","0.431707695803346","0.916497811164578","1.49980749773523","16","c(""Slpi"", ""Dhrs9"", ""Cebpb"", ""Lcp1"", ""Naip2"", ""Clec4e"", ""Rnd3"")"
"470","GOBP_EXOCYTIC_PROCESS","0.00333317530976259","0.0365546872006453","0.431707695803346","0.910939459826487","1.50248315161813","17","c(""Fcer1g"", ""Lyn"", ""Rab44"", ""Plek"", ""Ncam1"", ""Cd300a"", ""Stx11"", ""Syk"")"
"471","SCHLINGEMANN_SKIN_CARCINOGENESIS_TPA_UP","0.00266859151904643","0.0312092331802173","0.431707695803346","0.891552065553811","1.50253773583833","22","c(""S100a8"", ""S100a9"", ""Slpi"", ""Plbd1"")"
"472","KIM_GLIS2_TARGETS_UP","0.000791873454763033","0.012468689006981","0.477270815362862","0.854107652916083","1.50275872982806","48","c(""Pirb"", ""S100a6"", ""C3"", ""Fcer1g"", ""Tgfbi"", ""Adam8"", ""Fcgr3"", ""Ccl6"", ""Tnfsf13b"", ""Ifitm3"", ""Casp4"", ""Ccr2"")"
"473","GOMF_PEPTIDASE_REGULATOR_ACTIVITY","0.000129383553691412","0.00283787973602525","0.518848077743792","0.847691054862589","1.50314581077391","60","c(""Wfdc21"", ""Slpi"", ""Ngp"", ""Ltf"", ""Pi16"", ""C3"", ""Serpinb1a"", ""Stfa3"", ""App"", ""Aph1c"", ""Vsir"", ""Ctsh"", ""Nlrp3"", ""Anxa2"", ""Mmp25"", ""Tifab"")"
"474","GOBP_NEUTROPHIL_MEDIATED_IMMUNITY","0.00353330931917191","0.0382290287974807","0.431707695803346","0.924404417526937","1.50365775071561","15","c(""Cd177"", ""Ncf1"", ""Itgam"", ""Spi1"", ""Cd300lb"", ""Ptafr"", ""Myo1f"", ""Stx11"", ""Syk"", ""Anxa3"")"
"475","GOBP_SYNCYTIUM_FORMATION","0.00435570268172737","0.0444802464074224","0.407017918923954","0.892466013161875","1.50449956554747","21","c(""Tyrobp"", ""Nfe2"", ""Adam8"", ""Cd44"", ""Cd9"", ""Dock1"", ""Casp1"", ""Ehd1"")"
"476","TABULA_MURIS_SENIS_LUNG_NON_CLASSICAL_MONOCYTE_AGEING","0.00424674913503123","0.0435253179530382","0.407017918923954","0.867190454009897","1.50519398287457","31","c(""Hp"", ""Mcemp1"", ""Cybb"", ""Slpi"", ""Ifitm2"", ""Gda"", ""Fcgr4"", ""Fcer1g"", ""Pla2g7"", ""Il1b"", ""Clec4e"", ""Ms4a6c"", ""Txn1"", ""Fth1"", ""Sp140"")"
"477","GOBP_RESPONSE_TO_INTERLEUKIN_1","0.000954159570319341","0.0143812767323265","0.477270815362862","0.859176902318481","1.50569678605262","42","c(""Anxa1"", ""Mapk13"", ""Sirpa"", ""Il1b"", ""Ccl6"", ""Cebpb"", ""Il1r2"", ""App"", ""Mapk3"", ""Zbp1"", ""Ccl9"", ""Hdac4"")"
"478","GOBP_MYELOID_LEUKOCYTE_MIGRATION","2.5460027414362e-07","1.79397718168448e-05","0.674962860011025","0.851773719036632","1.50647508986379","106","c(""Cd177"", ""Anxa1"", ""S100a8"", ""S100a9"", ""Mtus1"", ""Itgam"", ""C5ar1"", ""Csf3r"", ""Retnlg"", ""Cxcr2"", ""Spi1"", ""Mmp9"", ""Fcer1g"", ""Lgals3"", ""Adam8"", ""Sirpa"", ""Pla2g7"", ""Cd9"", ""Fcgr3"", ""Ccr1"", ""Il1b"", ""Bst1"", ""Ccl6"", ""App"", ""Lbp"", ""Lyn"", ""Cd300a"", ""Myo1f"", ""Csf1r"", ""Ccr2"", ""Csf1"", ""Ptpro"", ""Syk"", ""Flt1"", ""Ninj1"", ""Dapk2"", ""Ccr3"", ""C3ar1"", ""Mapk3"", ""Vav3"", ""Ccl9"")"
"479","GOBP_ORGANOPHOSPHATE_CATABOLIC_PROCESS","0.000601433776212529","0.00991310583774861","0.477270815362862","0.859200762006726","1.50801628064699","41","c(""Ncf1"", ""Ncf2"", ""Gda"", ""Upp1"", ""Plbd1"", ""Pla2g7"", ""Pde2a"", ""Samhd1"", ""Plcg2"", ""Xdh"", ""Entpd1"", ""Nudt4"", ""Smpdl3b"", ""Smpdl3a"", ""Pla2g4a"", ""Nt5e"", ""Prkcd"", ""Enpp2"", ""Smpd3"")"
"480","HUMMERICH_SKIN_CANCER_PROGRESSION_UP","0.00115166995089694","0.0164353506663444","0.45505986738723","0.861507199702996","1.5086355416943","40","c(""Ncf2"", ""Lcn2"", ""S100a6"", ""Serpinb1a"", ""Mmp9"", ""Adam8"", ""Cd44"", ""Ccl6"", ""Ifitm3"", ""Rgs2"", ""Casp1"")"
"481","MARKEY_RB1_ACUTE_LOF_DN","2.03440723229817e-09","2.5484341263255e-07","0.774939030136436","0.853972573388218","1.50869040686307","135","c(""Hp"", ""Ifitm6"", ""Ncf1"", ""Ncf2"", ""Itgam"", ""C5ar1"", ""Tyrobp"", ""Lyz2"", ""Ncf4"", ""Lst1"", ""Hck"", ""Msrb1"", ""Ifi204"", ""Tgfbi"", ""Adam8"", ""Pla2g7"", ""Ccr1"", ""Ccl6"", ""App"", ""Cmpk2"", ""Lcp1"", ""Xdh"", ""Casp4"", ""Gcnt2"", ""Glrx"", ""Ifi27l2a"", ""Napsa"", ""Nupr1"", ""Csf2ra"", ""Csf1r"", ""Clec4d"", ""Skap2"", ""Fcgr2b"", ""Lmo2"", ""Evi2a"", ""Ctsh"", ""Sat1"", ""Mpeg1"", ""H2-D1"", ""Plac8"", ""Ifit3"", ""Ifit1"", ""Grn"", ""Smpdl3a"", ""Ms4a6c"", ""Cfp"", ""Mid1ip1"", ""Ifih1"", ""Nt5e"", ""C3ar1"", ""Isg15"", ""Irf7"", ""Bhlhe40"", ""Ccl9"", ""Ifit2"", ""Nampt"", ""Specc1"", 
""Trim30a"", ""Lyl1"", ""Pnp"", ""Isg20"", ""H2-K1"", ""Cd52"", ""Ldlr"", ""Adgre1"", ""Usp18"", ""Tor3a"", ""Fcgr1"", ""Irf9"", ""Ube2l6"", ""Sap30"")"
"482","MIKKELSEN_IPS_LCP_WITH_H3K4ME3","0.00024499236259886","0.00472952721907457","0.49849310876659","0.858320596856636","1.50935769454139","49","c(""Hacd4"", ""Lst1"", ""Spi1"", ""Hdc"", ""Fgd4"", ""Oas3"", ""Ebi3"", ""F5"", ""Capg"", ""Glrx"", ""Ifitm1"", ""Snx10"", ""Sema4a"", ""Gpr35"", ""Cd68"", ""Xaf1"")"
"483","GOBP_OSTEOCLAST_DIFFERENTIATION","0.00023482023627027","0.00454873426754471","0.518848077743792","0.851124552329184","1.50963573452511","58","c(""Tyrobp"", ""Pirb"", ""Cd300lf"", ""Fcer1g"", ""Lilrb4a"", ""Pira2"", ""Adam8"", ""Lilra6"", ""Ccr1"", ""Cebpb"", ""Pilrb1"", ""Csf1r"", ""Csf1"", ""Fosl2"", ""Snx10"", ""Ppp3ca"", ""Fam20c"", ""Ninj1"", ""Ccl9"", ""Tfe3"")"
"484","REACTOME_SIGNALING_BY_VEGF","0.00274888114829626","0.0316880225622618","0.431707695803346","0.869123007263829","1.51153483753194","32","c(""Cybb"", ""Ncf1"", ""Ncf2"", ""Mapk13"", ""Ncf4"", ""Dock1"", ""Cyfip1"", ""Flt1"", ""Prkcd"", ""Vav3"")"
"485","WP_FIBRIN_COMPLEMENT_RECEPTOR_3_SIGNALING_PATHWAY","0.00480882051723218","0.0477241571402074","0.407017918923954","0.90131549691367","1.51175758582997","19","c(""Itgam"", ""Tyrobp"", ""Fcer1g"", ""Lbp"", ""Syk"")"
"486","MCDOWELL_ACUTE_LUNG_INJURY_UP","0.00192267706230364","0.024031331707773","0.45505986738723","0.885828502564881","1.51214602180792","26","c(""S100a8"", ""Lcn2"", ""Slfn4"", ""Ltf"", ""Tgfbi"", ""Pla2g7"", ""Fcgr3"", ""Litaf"", ""Klf6"")"
"487","MIR_7081_5P","0.00171182054369313","0.0221319550568766","0.45505986738723","0.879769995970736","1.51278934427236","28","c(""C5ar1"", ""6430548M08Rik"", ""Nhsl2"", ""Lilrb4a"", ""Gca"", ""G6pdx"", ""Nlrp3"", ""Tifab"", ""Prg4"")"
"488","MIR_5110","0.00262102883444303","0.0307167142198656","0.431707695803346","0.869873929108038","1.51284080287667","32","c(""C5ar1"", ""6430548M08Rik"", ""Nhsl2"", ""Lilrb4a"", ""Gca"", ""G6pdx"", ""Nlrp3"", ""Tifab"", ""Prg4"")"
"489","GOBP_KILLING_OF_CELLS_OF_ANOTHER_ORGANISM","0.000845097070493483","0.0131560102840004","0.477270815362862","0.867903421881206","1.5129826131828","37","c(""Pglyrp1"", ""Ncf1"", ""Ltf"", ""Lyz2"", ""Camp"", ""Lgals3"", ""Fgl2"", ""Syk"", ""Lyz1"", ""Ninj1"")"
"490","GOBP_REGULATION_OF_OSTEOCLAST_DIFFERENTIATION","0.000907673985020436","0.0138492824634492","0.477270815362862","0.864027239386638","1.51304853027354","40","c(""Tyrobp"", ""Pirb"", ""Lilrb4a"", ""Pira2"", ""Adam8"", ""Lilra6"", ""Ccr1"", ""Cebpb"", ""Pilrb1"", ""Csf1r"", ""Csf1"", ""Ppp3ca"", ""Ninj1"", ""Ccl9"", ""Tfe3"")"
"491","GOBP_REGULATION_OF_MAST_CELL_ACTIVATION","0.0031910894228496","0.0352709236796141","0.431707695803346","0.897549015463076","1.51306837897124","21","c(""Cd300lf"", ""Fcer1g"", ""Lilrb4a"", ""Cd300lb"", ""Fes"", ""Fgr"", ""Lyn"", ""Plscr1"", ""Cd300a"", ""Syk"", ""Milr1"")"
"492","REACTOME_RAC2_GTPASE_CYCLE","0.00242600081922708","0.028911980164869","0.431707695803346","0.886677844185644","1.51311250782658","27","c(""Cybb"", ""Ncf1"", ""Ncf2"", ""Ncf4"", ""Dock1"", ""Cyfip1"", ""Vav3"")"
"493","GOBP_DISRUPTION_OF_ANATOMICAL_STRUCTURE_IN_ANOTHER_ORGANISM","0.000862692318250603","0.0133072657440987","0.477270815362862","0.867734616127681","1.51467037227775","38","c(""Pglyrp1"", ""Ncf1"", ""Ltf"", ""Lyz2"", ""Camp"", ""Lgals3"", ""Fgl2"", ""Syk"", ""Lyz1"", ""Ninj1"")"
"494","ICHIBA_GRAFT_VERSUS_HOST_DISEASE_35D_DN","0.001781240395312","0.0225686360759122","0.45505986738723","0.918564417255014","1.515059585699","17","c(""Hp"", ""Ppp1r2"")"
"495","ZHANG_UTERUS_C12_MONOCYTE","5.42783336853067e-08","4.63586313612233e-06","0.719512826338911","0.856463134833109","1.51615916426786","116","c(""Cybb"", ""Plaur"", ""Alox5ap"", ""C5ar1"", ""Tyrobp"", ""Gda"", ""Lyz2"", ""Lst1"", ""Spi1"", ""Fcer1g"", ""Lilrb4a"", ""Msrb1"", ""Ifi204"", ""Lgals3"", ""Tgfbi"", ""Plbd1"", ""Emilin2"", ""Cd44"", ""Ly6c2"", ""Fcgr3"", ""Ccr1"", ""Il1b"", ""Ccl6"", ""Tmsb4x"", ""Lcp1"", ""Csf2rb"", ""Samhd1"", ""Ifitm3"", ""Plek"", ""Clec4e"", ""Ifi27l2a"", ""Litaf"", ""Kctd12"", ""Tpd52"", ""Csf2ra"", ""Csf1r"", ""Ccr2"", ""Fcgr2b"", ""Sat1"", ""Mpeg1"", ""B2m"", ""Unc93b1"", ""H2-D1"", ""Plac8"", ""Grn"", ""Psap"", ""Ms4a6c"", ""Cfp"", ""Fth1"", ""Ninj1"", ""Pkm"", ""Cotl1"", ""Irf7"", ""Ccl9"", ""Efhd2"")"
"496","GOBP_T_CELL_CYTOKINE_PRODUCTION","0.00282399568707816","0.0323554140001211","0.431707695803346","0.873848112875079","1.51674976974649","31","c(""Lilrb4a"", ""Il1b"", ""Il18rap"", ""Rsad2"", ""Slc11a1"", ""Ccr2"", ""Vsir"", ""Fosl2"", ""Cd55"", ""B2m"", ""Nlrp3"", ""Tnfrsf1b"")"
"497","GOBP_REGULATION_OF_MYELOID_CELL_APOPTOTIC_PROCESS","0.00281072068282745","0.0322689052731127","0.431707695803346","0.906215716926115","1.51717360390086","20","c(""Anxa1"", ""Clec5a"", ""Cxcr2"", ""Fcer1g"", ""Cd44"", ""Fcgr2b"")"
"498","GOBP_DEFENSE_RESPONSE_TO_FUNGUS","0.00362954138223926","0.0390452762818372","0.431707695803346","0.897181422199933","1.51718660812994","23","c(""Ncf1"", ""Clec4a2"", ""Ltf"", ""Camp"", ""Spi1"", ""App"", ""Plcg2"", ""Clec4e"", ""Clec4d"", ""Clec4a1"", ""Clec4a3"", ""Cotl1"", ""Zbp1"", ""Clec4n"")"
"499","GOMF_VITAMIN_B6_BINDING","0.00308229382950897","0.034337727899095","0.431707695803346","0.909196214113119","1.51884857942998","18","c(""Pygl"", ""Hdc"", ""Alas2"")"
"500","GOBP_DEFENSE_RESPONSE_TO_BACTERIUM","2.1625562991909e-09","2.65007170837806e-07","0.774939030136436","0.859405345584722","1.51885346088014","129","c(""Hp"", ""Pglyrp1"", ""Ncf1"", ""Wfdc21"", ""Slpi"", ""Lcn2"", ""C5ar1"", ""Ltf"", ""Lyz2"", ""Camp"", ""Hck"", ""Fcer1g"", ""Fgr"", ""Emilin2"", ""Il1b"", ""Oas3"", ""Cebpb"", ""App"", ""Lbp"", ""Arg2"", ""Naip2"", ""Clec4e"", ""Casp4"", ""Ear2"", ""Slc11a1"", ""Myo1f"", ""Casp1"", ""Clec4d"", ""Mpeg1"", ""B2m"", ""Oas2"", ""Syk"", ""H2-D1"", ""Plac8"", ""Nlrp3"", ""Grn"", ""Oas1g"", ""Lyz1"", ""Anxa3"")"
"501","GOBP_PHAGOCYTOSIS_ENGULFMENT","0.0033983636349272","0.0371251469187686","0.431707695803346","0.898590647429227","1.51956969096338","23","c(""Itgam"", ""C3"", ""Fcer1g"", ""Siglece"", ""Sirpa"", ""Fcgr3"", ""Lbp"", ""Plcg2"", ""Cd300a"", ""Treml4"", ""Fcgr2b"", ""Alox15"", ""Msr1"")"
"502","IVANOVA_HEMATOPOIESIS_MATURE_CELL","3.15140951244999e-07","2.1148208835334e-05","0.674962860011025","0.856739306009101","1.52048743645133","98","c(""Pglyrp1"", ""Cybb"", ""Wfdc21"", ""Itgam"", ""Trim30b"", ""Slfn4"", ""Pirb"", ""St3gal5"", ""Nhsl2"", ""C3"", ""Cpd"", ""Plbd1"", ""Tlr13"", ""Fgr"", ""Golim4"", ""Slc40a1"", ""Wipi1"", ""Ear2"", ""Mxd1"", ""Slc11a1"", ""Adgre4"", ""Stx11"", ""Ctsh"", ""Nudt4"")"
"503","MIR_6973B_3P","0.00270000201880342","0.031316690082294","0.431707695803346","0.91061111653608","1.52121223042389","18","c(""Mtus1"", ""Pilra"", ""Plp1"")"
"504","MIR_7063_3P","0.00270000201880342","0.031316690082294","0.431707695803346","0.91061111653608","1.52121223042389","18","c(""Mtus1"", ""Pilra"", ""Plp1"")"
"505","GOBP_ANTIMICROBIAL_HUMORAL_RESPONSE","0.000345790858649266","0.00620771678409527","0.49849310876659","0.86506023061123","1.52247882123897","47","c(""Pglyrp1"", ""Wfdc21"", ""S100a9"", ""Slpi"", ""Ltf"", ""Camp"", ""Lgals3"", ""App"", ""B2m"", ""H2-D1"")"
"506","GOBP_ICOSANOID_METABOLIC_PROCESS","0.00172815585221417","0.0222920241165475","0.45505986738723","0.875558713858983","1.5227274933947","32","c(""Anxa1"", ""Ncf1"", ""Alox5ap"", ""Alox5"", ""Il1b"", ""Cyp4f18"", ""Gpx1"", ""Syk"", ""Alox15"", ""Pla2g4a"", ""Tbxas1"", ""Mgll"")"
"507","GOMF_ENDOPEPTIDASE_REGULATOR_ACTIVITY","0.000125544804247935","0.00280831770454608","0.518848077743792","0.866122184866382","1.52307679546391","49","c(""Wfdc21"", ""Slpi"", ""Ngp"", ""Ltf"", ""C3"", ""Serpinb1a"", ""Stfa3"", ""App"", ""Aph1c"", ""Vsir"", ""Nlrp3"", ""Anxa2"")"
"508","ICHIBA_GRAFT_VERSUS_HOST_DISEASE_35D_UP","1.56637813840252e-07","1.16179915344408e-05","0.690132458796796","0.858980390770303","1.5232576802452","100","c(""Cybb"", ""S100a8"", ""S100a9"", ""Slpi"", ""Ngp"", ""Tyrobp"", ""Pirb"", ""Ltf"", ""Lyz2"", ""S100a6"", ""Camp"", ""Ncf4"", ""S100a11"", ""Trbc1"", ""Hck"", ""Lgals3"", ""Sirpa"", ""Ccr1"", ""Tmsb4x"", ""Lbp"", ""Samhd1"", ""Ear2"", ""Litaf"", ""Fgl2"", ""Csf1r"", ""Casp1"", ""Prom1"", ""Snx10"", ""Mpeg1"", ""Plac8"", ""Grn"", ""Ms4a6c"", ""Cfp"", ""Msr1"")"
"509","GOBP_MEMBRANE_INVAGINATION","0.00142850935109411","0.0193105688539988","0.45505986738723","0.893279364240916","1.52437797772841","27","c(""Itgam"", ""C3"", ""Fcer1g"", ""Siglece"", ""Sirpa"", ""Fcgr3"", ""Lbp"", ""Plcg2"", ""Cd300a"", ""Treml4"", ""Fcgr2b"", ""Snx18"", ""Alox15"", ""Msr1"")"
"510","GOBP_MYELOID_CELL_APOPTOTIC_PROCESS","0.0030747152103791","0.034321128001796","0.431707695803346","0.901961412731734","1.52526985354986","23","c(""Anxa1"", ""Itgam"", ""Clec5a"", ""Cxcr2"", ""Fcer1g"", ""Cd44"", ""Fcgr2b"", ""Plekho2"")"
"511","GOBP_MAST_CELL_ACTIVATION","0.00104702778224729","0.0154505120642093","0.45505986738723","0.875520811302629","1.52663641201057","35","c(""Cd300lf"", ""Fcer1g"", ""Lilrb4a"", ""Cd300lb"", ""Fes"", ""Fgr"", ""Fcgr3"", ""Lyn"", ""Rab44"", ""Plscr1"", ""Cd300a"", ""Fcgr2b"", ""Syk"", ""Milr1"")"
"512","RASHI_RESPONSE_TO_IONIZING_RADIATION_6","0.000127708145405314","0.00281207349863186","0.518848077743792","0.866650947048565","1.52670793997786","50","c(""Ifitm6"", ""S100a8"", ""S100a9"", ""Slpi"", ""Slfn4"", ""Tyrobp"", ""Lyz2"", ""Hhex"", ""Il1r2"", ""Csf2ra"", ""Ccr2"", ""Slfn1"", ""Fcgr2b"", ""Evi2a"", ""Unc93b1"", ""Ifit1"", ""Cfp"", ""Aldoa"", ""Ccl9"", ""Cxcr4"", ""Pqlc3"")"
"513","GOBP_PRODUCTION_OF_MOLECULAR_MEDIATOR_INVOLVED_IN_INFLAMMATORY_RESPONSE","0.000779489347824781","0.0123774125456008","0.477270815362862","0.876953987513947","1.52754319283389","36","c(""Ncf1"", ""Alox5ap"", ""Alox5"", ""Fcer1g"", ""Lilrb4a"", ""Abcd2"", ""Sirpa"", ""Il1r2"", ""Lbp"", ""Lyn"", ""Rab44"", ""Tarm1"", ""Cd300a"", ""Syk"", ""Grn"", ""Mefv"")"
"514","GOBP_RESPONSE_TO_FUNGUS","0.00105614573481976","0.0155038893416119","0.45505986738723","0.895027924665171","1.52784981717193","26","c(""Ncf1"", ""Clec4a2"", ""Ltf"", ""Camp"", ""Spi1"", ""App"", ""Plcg2"", ""Clec4e"", ""Clec4d"", ""Clec4a1"", ""Syk"", ""Clec4a3"", ""Cotl1"", ""Zbp1"", ""Clec4n"")"
"515","HUANG_GATA2_TARGETS_UP","1.83370408597401e-05","0.000604478943428975","0.575610261071129","0.860637628129872","1.52852612668667","68","c(""Hp"", ""Alox5ap"", ""Tyrobp"", ""Lyz2"", ""Spi1"", ""Fes"", ""Cd44"", ""Fcgr3"", ""Hhex"", ""Rab44"", ""Clec4e"", ""Gcnt2"", ""Napsa"", ""Kctd12"", ""Ifitm1"", ""Myo1f"", ""Clec4d"", ""Ffar2"", ""Gpx1"", ""Fcgr2b"", ""Evi2a"", ""Sat1"", ""B2m"", ""Plac8"", ""Neurl3"", ""Anxa2"", ""Gyg"", ""Slc2a6"", ""Adgrg3"")"
"516","REACTOME_NEUTROPHIL_DEGRANULATION","2.94384628857011e-16","8.73392712035248e-14","1.03769615548758","0.867200136657453","1.52866015452706","215","c(""Hp"", ""Mcemp1"", ""Pglyrp1"", ""Cd177"", ""Cybb"", ""S100a8"", ""Mgst1"", ""Chil1"", ""Plaur"", ""Pygl"", ""S100a9"", ""Slpi"", ""Lcn2"", ""Itgam"", ""C5ar1"", ""Clec5a"", ""Tyrobp"", ""Pirb"", ""Ltf"", ""Ckap4"", ""Lyz2"", ""Fcgr4"", ""Camp"", ""S100a11"", ""Cd33"", ""Crispld2"", ""Cxcr2"", ""Clec12a"", ""C3"", ""Alox5"", ""Serpinb1a"", ""Mmp9"", ""Fcer1g"", ""Hk3"", ""Lilrb4a"", ""Ifi204"", ""Pira2"", ""Adam8"", ""Siglece"", ""Fgr"", ""Sirpa"", ""Lilra6"", ""Gca"", ""Cd44"", ""Fcgr3"", ""Ptafr"", ""Bst1"", ""Sirpb1b"", ""Rab44"", ""Trpm2"", ""Ear2"", ""Tarm1"", ""Slc2a3"", ""Fgl2"", ""Cd300a"", ""Agpat2"", 
""Slc11a1"", ""Clec4d"", ""Fcgr2b"", ""Cd63"", ""Cpne3"", ""Cd55"", ""Ostf1"", ""Ctsh"", ""B2m"", ""Plac8"", ""Cyfip1"", ""Atp8b4"", ""Grn"", ""Siglecf"", ""Psap"", ""Anxa2"", ""Gyg"", ""Hbb-bs"", ""Cfp"", ""Mmp25"", ""Fth1"", ""Adgrg3"", ""Rab27a"", ""Prkcd"", ""Pkm"", ""Plekho2"", ""C3ar1"", ""Lair1"", ""Pgam1"", ""Cotl1"", ""Aldoa"")"
"517","WANG_IMMORTALIZED_BY_HOXA9_AND_MEIS1_UP","0.000759749909505242","0.0121323236257253","0.477270815362862","0.940056383279862","1.52911760267228","15","c(""Cd177"", ""Igsf6"", ""Mtus1"", ""Slfn4"", ""Gda"", ""Pde2a"", ""Csf2ra"")"
"518","MIR_15B_3P","0.00220214157782656","0.0268109548039056","0.431707695803346","0.911694847772432","1.52916665341003","19","c(""Mcemp1"", ""Ncf1"", ""App"", ""Dnajb14"")"
"519","LIAN_LIPA_TARGETS_3M","0.000101058413288624","0.00235399287482634","0.538434096309916","0.868242225291301","1.52951116443192","50","c(""S100a9"", ""Igsf6"", ""Ngp"", ""Slfn4"", ""Camp"", ""Fcer1g"", ""Stfa3"", ""Pla2g7"", ""Fcgr3"", ""Ccr1"", ""Tnfaip2"", ""Il1r2"", ""Slc40a1"", ""Clec4e"", ""Slc11a1"", ""Adgre4"", ""Slfn1"", ""Clec4d"", ""Fcgr2b"", ""Slc15a3"", ""Mpeg1"", ""Ms4a6c"", ""Cfp"", ""Msr1"", ""C3ar1"", ""Steap4"", ""Clec4n"", ""Hmox1"", ""Myo5a"", ""Cd68"")"
"520","REACTOME_RAC1_GTPASE_CYCLE","0.000395689381061134","0.00697031575325504","0.49849310876659","0.869236575706494","1.52964046164351","46","c(""Cybb"", ""Ncf1"", ""Ncf2"", ""Ncf4"", ""Plekhg1"", ""Dock1"", ""Cyfip1"", ""Vav3"")"
"521","GOMF_CALCIUM_DEPENDENT_PROTEIN_BINDING","0.00111845237689009","0.0161245934744999","0.45505986738723","0.897008127677372","1.53074109893577","27","c(""Cd177"", ""Anxa1"", ""S100a8"", ""S100a9"", ""S100a6"", ""S100a11"", ""Cpne3"", ""Anxa2"", ""Anxa3"")"
"522","GOBP_ACUTE_INFLAMMATORY_RESPONSE","0.00017153502827618","0.00346574535624669","0.518848077743792","0.862975614443681","1.53165199840729","54","c(""Hp"", ""Alox5ap"", ""Cxcr2"", ""C3"", ""Fcer1g"", ""Adam8"", ""Fcgr3"", ""Il1b"", ""Lbp"", ""F3"", ""Plscr1"", ""Nupr1"", ""Ffar2"", ""Fcgr2b"", ""H2-D1"", ""Nlrp3"")"
"523","GOBP_MYELOID_LEUKOCYTE_ACTIVATION","1.81014678957114e-09","2.3190448756392e-07","0.788186810800237","0.865934229994968","1.53200565530749","122","c(""Cd177"", ""Anxa1"", ""Itgam"", ""C5ar1"", ""Tyrobp"", ""Pirb"", ""Fcgr4"", ""Camp"", ""Cxcr2"", ""Cd300lf"", ""Spi1"", ""Fcer1g"", ""Lilrb4a"", ""Cd300lb"", ""Fes"", ""Fgr"", ""Lrrk2"", ""Fcgr3"", ""Ptafr"", ""Il18rap"", ""App"", ""Lbp"", ""Lyn"", ""Rab44"", ""Plcg2"", ""Plscr1"", ""Cd300a"", ""Slc11a1"", ""Pilrb1"", ""Myo1f"", ""Csf1r"", ""Ccr2"", ""Stx11"", ""Casp1"", ""Clec4d"", ""Fcgr2b"", ""Syk"", ""Grn"", ""Milr1"", ""Il15"", ""Pla2g4a"", ""Anxa3"")"
"524","GOBP_POSITIVE_REGULATION_OF_EXOCYTOSIS","0.00173308495982506","0.0223045660240499","0.45505986738723","0.897607750201057","1.53268227002916","25","c(""Cd177"", ""Itgam"", ""Fcer1g"", ""Fgr"", ""Ptafr"", ""Syk"", ""Anxa2"", ""Rab27a"", ""Smpd3"")"
"525","MA_RAT_AGING_UP","8.2021134792134e-06","0.000314870077159342","0.593325476396405","0.86353265632508","1.53357932874911","71","c(""Hp"", ""Mcemp1"", ""Pglyrp1"", ""Anxa1"", ""S100a8"", ""Mgst1"", ""Chil1"", ""S100a9"", ""Slpi"", ""Tyrobp"", ""Gda"", ""Lyz2"", ""Upp1"", ""Serpinb1a"", ""Fcer1g"", ""Lgals3"", ""Il1b"", ""Ccl6"", ""Xdh"", ""Capg"", ""Ier3"", ""Ifi27l2a"", ""Rgs2"", ""Fgl2"", ""Napsa"", ""Ifitm1"", ""AA467197"", ""Hk2"", ""Ctsh"", ""G0s2"", ""B2m"", ""H2-D1"", ""Plac8"", ""Ifit3"")"
"526","GOBP_NEGATIVE_REGULATION_OF_VIRAL_GENOME_REPLICATION","0.001405059461134","0.0190851088732828","0.45505986738723","0.88379093050336","1.53400765029362","31","c(""Ifitm6"", ""Slpi"", ""Ifitm2"", ""Ltf"", ""Oasl2"", ""Oas3"", ""Rsad2"", ""Ifitm3"", ""Plscr1"", ""Ifitm1"", ""Oas2"", ""Fam111a"", ""Oas1g"", ""Ifih1"", ""Oasl1"", ""Isg15"", ""Eif2ak2"", ""N4bp1"")"
"527","GOBP_PHAGOCYTOSIS","1.44057772509145e-06","7.51901540401898e-05","0.643551836150722","0.863998026286928","1.53465864351123","83","c(""Anxa1"", ""Ncf2"", ""Itgam"", ""Tyrobp"", ""Ncf4"", ""C3"", ""Cd300lf"", ""Hck"", ""Fcer1g"", ""Siglece"", ""Fgr"", ""Sirpa"", ""Fcgr3"", ""Il1b"", ""Lbp"", ""Sirpb1b"", ""Plcg2"", ""Plscr1"", ""Cd300a"", ""Slc11a1"", ""Dock1"", ""Ccr2"", ""Treml4"", ""Fcgr2b"", ""Syk"", ""Alox15"", ""Il15"", ""Cfp"", ""Anxa3"", ""Lrp1"", ""Msr1"", ""Rab27a"")"
"528","GAVIN_PDE3B_TARGETS","0.00165245331279382","0.0215622206579138","0.45505986738723","0.918675017037362","1.53468329819883","18","c(""Cybb"", ""Ncf1"", ""Ncf4"", ""Ebi3"", ""Fgl2"", ""Entpd1"", ""Nt5e"")"
"529","GOBP_GRANULOCYTE_MIGRATION","1.35773667495679e-05","0.000469543658695178","0.593325476396405","0.867307510787749","1.53711259403974","69","c(""Cd177"", ""Anxa1"", ""S100a8"", ""S100a9"", ""Itgam"", ""C5ar1"", ""Csf3r"", ""Cxcr2"", ""Fcer1g"", ""Lgals3"", ""Adam8"", ""Sirpa"", ""Fcgr3"", ""Il1b"", ""Bst1"", ""Ccl6"", ""Lbp"", ""Cd300a"", ""Myo1f"", ""Csf1r"", ""Csf1"", ""Syk"", ""Dapk2"", ""Ccr3"", ""C3ar1"", ""Mapk3"", ""Vav3"", ""Ccl9"", ""Fut7"")"
"530","GOBP_POSITIVE_REGULATION_OF_PHAGOCYTOSIS","0.00067197701205217","0.0108848690141899","0.477270815362862","0.881754265574051","1.53750562053252","35","c(""C3"", ""Cd300lf"", ""Fcer1g"", ""Sirpa"", ""Fcgr3"", ""Il1b"", ""Lbp"", ""Sirpb1b"", ""Plcg2"", ""Slc11a1"", ""Fcgr2b"", ""Il15"", ""Cfp"", ""Lrp1"", ""Rab27a"")"
"531","GOBP_GRANULOCYTE_CHEMOTAXIS","0.000123423667111751","0.00277186936856151","0.518848077743792","0.866373671369239","1.53770883701417","56","c(""Anxa1"", ""S100a8"", ""S100a9"", ""Itgam"", ""C5ar1"", ""Csf3r"", ""Cxcr2"", ""Fcer1g"", ""Lgals3"", ""Fcgr3"", ""Il1b"", ""Bst1"", ""Ccl6"", ""Lbp"", ""Csf1r"", ""Csf1"", ""Syk"", ""Dapk2"", ""Ccr3"", ""C3ar1"", ""Mapk3"", ""Vav3"", ""Ccl9"")"
"532","STEARMAN_TUMOR_FIELD_EFFECT_UP","0.00107297158598723","0.0156692767622021","0.45505986738723","0.905009029414639","1.53894459405313","24","c(""Clec4a2"", ""Chil1"", ""Wfdc21"", ""Lcn2"", ""Lyz2"", ""Sirpa"", ""Ccl6"", ""Csf2rb"", ""Sat1"", ""Mpeg1"")"
"533","GOBP_EXOCYTOSIS","3.95026081463869e-08","3.53454289081243e-06","0.719512826338911","0.866892195022997","1.53904724912382","94","c(""Cd177"", ""Anxa1"", ""Itgam"", ""Fcgr4"", ""Spi1"", ""Hck"", ""Fcer1g"", ""Fes"", ""Fgr"", ""Lrrk2"", ""Ptafr"", ""Ccr1"", ""Tnfaip2"", ""Lyn"", ""Rab44"", ""Plek"", ""Ncam1"", ""Cd300a"", ""Myo1f"", ""Ccr2"", ""Stx11"", ""Syk"", ""Anxa2"", ""Milr1"", ""Anxa3"", ""Rab27a"", ""Orai1"", ""Smpd3"", ""Rab11fip1"")"
"534","GOBP_NEUTROPHIL_HOMEOSTASIS","0.000894584746653932","0.0137031908067614","0.477270815362862","0.919877379887584","1.54004576782761","20","c(""Anxa1"", ""Itgam"", ""Cxcr2"", ""Lilrb4a"", ""Cd44"", ""Csf1r"", ""Ccr2"", ""Csf1"", ""Fcgr2b"")"
"535","BOYLAN_MULTIPLE_MYELOMA_D_DN","0.000320061423574871","0.00583879043589497","0.49849310876659","0.880511857168971","1.54072336471514","39","c(""Cybb"", ""Ncf1"", ""Wfdc21"", ""Itgam"", ""St3gal5"", ""S100a6"", ""Pira2"", ""Cd44"", ""Cmpk2"", ""Ifi27l2a"", ""Casp1"", ""Ahnak"", ""Tifab"", ""Ccl9"", ""Chst15"", ""Ctdspl"", ""Cd52"")"
"536","LIAN_NEUTROPHIL_GRANULE_CONSTITUENTS","0.000230984493344272","0.00453679299296747","0.518848077743792","0.941546413757869","1.54079841066438","16","c(""Cybb"", ""Lcn2"", ""Ngp"", ""Ltf"", ""Lyz2"", ""Camp"", ""Mmp9"", ""Ctsh"")"
"537","BOYLAN_MULTIPLE_MYELOMA_C_D_DN","1.96301208384718e-14","5.02977232574844e-12","0.97599468306432","0.873143997581039","1.54154829556727","170","c(""Hp"", ""Mcemp1"", ""Pglyrp1"", ""Cd177"", ""Ifitm6"", ""S100a8"", ""Pygl"", ""S100a9"", ""Slpi"", ""Igsf6"", ""Lcn2"", ""Ngp"", ""Slfn4"", ""Gda"", ""Pirb"", ""Ltf"", ""Lyz2"", ""Ltb4r1"", ""Camp"", ""Upp1"", ""Rgs18"", ""C3"", ""Trbc1"", ""Mmp9"", ""Ifi204"", ""Hdc"", ""Tgfbi"", ""Gca"", ""Cd9"", ""Il18rap"", ""App"", ""Ifitm3"", ""Wipi1"", ""Plek"", ""Clec4e"", ""Xdh"", ""Casp4"", ""Plscr1"", ""Fgl2"", ""Trim30d"", ""Myo1f"", ""Ccr2"", ""AA467197"", ""Slfn1"", ""Fosl2"", ""Entpd1"", ""Rtp4"", ""Tbc1d8"", ""Hba-a1"", ""Itpripl2"", ""Igf1r"", ""Anxa2"", ""Cfp"")"
"538","GOBP_REACTIVE_OXYGEN_SPECIES_BIOSYNTHETIC_PROCESS","0.000755355530613738","0.0120964179717888","0.477270815362862","0.915376937502066","1.54312229762663","21","c(""Cybb"", ""Ncf1"", ""Ncf2"", ""Lcn2"", ""Alox5"", ""Abcd2"", ""Arg2"", ""Plcg2"", ""Rab27a"", ""Hdac4"")"
"539","GOMF_OXIDOREDUCTASE_ACTIVITY_ACTING_ON_NAD_P_H","0.00129976234158655","0.0177833988337947","0.45505986738723","0.913347453373075","1.54452431864824","23","c(""Cybb"", ""Ncf1"", ""Ncf2"", ""Mical2"")"
"540","GOBP_REGULATION_OF_PHAGOCYTOSIS","8.17818404775933e-05","0.00203686263574231","0.538434096309916","0.878097937118771","1.54496840783944","48","c(""C3"", ""Cd300lf"", ""Hck"", ""Fcer1g"", ""Siglece"", ""Fgr"", ""Sirpa"", ""Fcgr3"", ""Il1b"", ""Lbp"", ""Sirpb1b"", ""Plcg2"", ""Plscr1"", ""Cd300a"", ""Slc11a1"", ""Fcgr2b"", ""Syk"", ""Alox15"", ""Il15"", ""Cfp"", ""Lrp1"", ""Rab27a"")"
"541","GOBP_REGULATED_EXOCYTOSIS","6.46468743209295e-06","0.000271951067572447","0.610526878385931","0.872563345759941","1.54499351690587","62","c(""Cd177"", ""Itgam"", ""Fcgr4"", ""Spi1"", ""Fcer1g"", ""Fes"", ""Fgr"", ""Lrrk2"", ""Ptafr"", ""Lyn"", ""Rab44"", ""Plek"", ""Cd300a"", ""Myo1f"", ""Ccr2"", ""Stx11"", ""Syk"", ""Milr1"", ""Anxa3"", ""Rab27a"", ""Orai1"", ""Rab11fip1"")"
"542","GOBP_NEUTROPHIL_MIGRATION","0.000108644510250949","0.00251066046495219","0.538434096309916","0.869068132188182","1.54503788486196","57","c(""Cd177"", ""S100a8"", ""S100a9"", ""Itgam"", ""C5ar1"", ""Csf3r"", ""Cxcr2"", ""Fcer1g"", ""Lgals3"", ""Adam8"", ""Fcgr3"", ""Il1b"", ""Bst1"", ""Ccl6"", ""Lbp"", ""Myo1f"", ""Syk"", ""Dapk2"", ""C3ar1"", ""Vav3"", ""Ccl9"", ""Fut7"")"
"543","GOBP_NEUTROPHIL_CHEMOTAXIS","0.000140624086688292","0.00300261949053886","0.518848077743792","0.878044026225192","1.54513938685426","46","c(""S100a8"", ""S100a9"", ""Itgam"", ""C5ar1"", ""Csf3r"", ""Cxcr2"", ""Fcer1g"", ""Lgals3"", ""Fcgr3"", ""Il1b"", ""Bst1"", ""Ccl6"", ""Lbp"", ""Syk"", ""Dapk2"", ""C3ar1"", ""Vav3"", ""Ccl9"")"
"544","TABULA_MURIS_SENIS_DIAPHRAGM_MACROPHAGE_AGEING","0.000144233999970396","0.00305656788659069","0.518848077743792","0.944753750770455","1.54604707360786","16","c(""Pglyrp1"", ""Cd177"", ""Ifitm6"", ""Slpi"", ""Retnlg"", ""Camp"", ""Serpinb1a"")"
"545","GERY_CEBP_TARGETS","4.89673742655409e-06","0.000217345739161302","0.610526878385931","0.873053781344438","1.54729659997948","69","c(""Hp"", ""S100a8"", ""Wfdc21"", ""Plaur"", ""Lcn2"", ""Slfn4"", ""Lyz2"", ""C3"", ""Ifi204"", ""Abcd2"", ""Tgm3"", ""Xdh"", ""Glrx"", ""Ear2"", ""Rgs2"", ""Sat1"")"
"546","GOBP_NEGATIVE_REGULATION_OF_PEPTIDASE_ACTIVITY","1.43899146796629e-05","0.000491611812419757","0.593325476396405","0.873951747958533","1.55012422724543","58","c(""Plaur"", ""Slpi"", ""Ngp"", ""Ltf"", ""Pi16"", ""Serpinb1a"", ""Mmp9"", ""Sorl1"", ""Stfa3"", ""Cd44"", ""App"", ""Naip2"", ""Gpx1"")"
"547","LIAN_LIPA_TARGETS_6M","1.35133794260595e-05","0.000469543658695178","0.593325476396405","0.874697833593954","1.55144755593236","58","c(""S100a9"", ""Igsf6"", ""Ngp"", ""Slfn4"", ""Pirb"", ""Fcgr4"", ""Camp"", ""Fcer1g"", ""Adam8"", ""Stfa3"", ""Pla2g7"", ""Fcgr3"", ""Ccr1"", ""Tnfaip2"", ""Il1r2"", ""Slc40a1"", ""Clec4e"", ""Slc11a1"", ""Adgre4"", ""Slfn1"", ""Clec4d"", ""Fcgr2b"", ""Slc15a3"", ""Mpeg1"", ""Ms4a6c"", ""Cfp"", ""Msr1"")"
"548","GOBP_PROTEIN_LOCALIZATION_TO_CELL_SURFACE","0.000656553588526003","0.0106965103425465","0.477270815362862","0.9296612600245","1.55303625578408","18","c(""Cd177"", ""Tyrobp"", ""Fcer1g"")"
"549","GOBP_DEFENSE_RESPONSE_TO_GRAM_POSITIVE_BACTERIUM","1.06927612052417e-05","0.000388871580089982","0.593325476396405","0.876036691684191","1.55534762611663","59","c(""Pglyrp1"", ""Ncf1"", ""C5ar1"", ""Ltf"", ""Lyz2"", ""Camp"", ""Hck"", ""Fgr"", ""Il1b"", ""App"", ""Lbp"", ""Casp4"", ""Ear2"", ""Myo1f"", ""Mpeg1"", ""B2m"", ""H2-D1"", ""Nlrp3"", ""Lyz1"")"
"550","ZHENG_IL22_SIGNALING_UP","0.000459297772290198","0.00794190657177867","0.49849310876659","0.894434893227409","1.55555599117513","32","c(""Hp"", ""S100a8"", ""S100a9"", ""Slpi"", ""Pirb"", ""C3"", ""Tgm1"", ""Hba-a1"", ""Inhba"")"
"551","GOBP_POSITIVE_REGULATION_OF_MYELOID_LEUKOCYTE_MEDIATED_IMMUNITY","0.000589460298435162","0.00982316293413227","0.477270815362862","0.920204374273324","1.55611977560427","23","c(""Cd177"", ""Itgam"", ""Tyrobp"", ""C3"", ""Spi1"", ""Fcer1g"", ""Fcgr3"", ""Ptafr"", ""H2-D1"")"
"552","WP_MICROGLIA_PATHOGEN_PHAGOCYTOSIS_PATHWAY","0.000312708124259718","0.00574181008616296","0.49849310876659","0.923702539631133","1.55715741448417","21","c(""Cybb"", ""Ncf1"", ""Ncf2"", ""Itgam"", ""Tyrobp"", ""Ncf4"", ""Hck"", ""Fcer1g"", ""Pik3r6"", ""Siglece"", ""Lyn"", ""Plcg2"", ""Syk"")"
"553","CAIRO_LIVER_DEVELOPMENT_DN","4.85147739107219e-07","3.14342276476712e-05","0.659444398037935","0.878615462081768","1.5595491845904","72","c(""Hp"", ""Pglyrp1"", ""Anxa1"", ""Cybb"", ""S100a8"", ""Pygl"", ""S100a9"", ""Alox5ap"", ""Lcn2"", ""Ltf"", ""Lyz2"", ""Camp"", ""C3"", ""Lbp"", ""Lcp1"", ""Ccr2"", ""F10"", ""Ctsh"", ""Plac8"", ""Psap"", ""Smpdl3a"", ""Cfp"", ""Lrp1"")"
"554","GOBP_REGULATION_OF_EXOCYTOSIS","2.55340167246305e-05","0.000795222388269294","0.575610261071129","0.884062429374213","1.56078521982281","52","c(""Cd177"", ""Anxa1"", ""Itgam"", ""Spi1"", ""Fcer1g"", ""Fes"", ""Fgr"", ""Lrrk2"", ""Ptafr"", ""Lyn"", ""Cd300a"", ""Ccr2"", ""Syk"", ""Anxa2"", ""Rab27a"", ""Smpd3"")"
"555","GOBP_REGULATION_OF_LEUKOCYTE_DEGRANULATION","0.000468524957527113","0.00805205849262298","0.49849310876659","0.93114788176287","1.56179481946637","19","c(""Cd177"", ""Itgam"", ""Spi1"", ""Fcer1g"", ""Fes"", ""Fgr"", ""Ptafr"", ""Lyn"", ""Cd300a"", ""Ccr2"", ""Syk"")"
"556","GOBP_LEUKOCYTE_DEGRANULATION","0.000108675031656614","0.00251066046495219","0.538434096309916","0.901645423243126","1.56893828574429","34","c(""Cd177"", ""Itgam"", ""Fcgr4"", ""Spi1"", ""Fcer1g"", ""Fes"", ""Fgr"", ""Ptafr"", ""Lyn"", ""Rab44"", ""Cd300a"", ""Myo1f"", ""Ccr2"", ""Stx11"", ""Syk"", ""Milr1"", ""Anxa3"", ""Rab27a"")"
"557","VILIMAS_NOTCH1_TARGETS_DN","0.000256237735436156","0.00491296637637282","0.49849310876659","0.939224107388173","1.56901137414484","18","c(""Pglyrp1"", ""Ncf2"", ""Itgam"", ""Ngp"", ""Csf3r"", ""Pirb"", ""Lyz2"", ""Camp"", ""Ncf4"", ""Ccl6"", ""Csf2ra"", ""Csf1r"", ""Lrrc25"")"
"558","GOBP_SUPEROXIDE_METABOLIC_PROCESS","9.83972975707524e-05","0.00232077642847837","0.538434096309916","0.919705037243579","1.56947329234608","27","c(""Cd177"", ""Cybb"", ""Ncf1"", ""Ncf2"", ""Itgam"", ""Tyrobp"", ""Ncf4"", ""App"", ""Syk"")"
"559","GOBP_REGULATION_OF_MYELOID_LEUKOCYTE_MEDIATED_IMMUNITY","5.66249786384512e-05","0.00151997621230928","0.557332238758646","0.90150186178942","1.57030249238887","36","c(""Cd177"", ""Itgam"", ""Tyrobp"", ""C3"", ""Spi1"", ""Fcer1g"", ""Fes"", ""Fgr"", ""Fcgr3"", ""Ptafr"", ""Lyn"", ""Cd300a"", ""Ccr2"", ""Syk"", ""H2-D1"")"
"560","CHYLA_CBFA2T3_TARGETS_DN","6.32138527786246e-09","6.72332996439824e-07","0.761460801445585","0.885928869059086","1.57067311579454","90","c(""Cd177"", ""Ifitm6"", ""S100a8"", ""Wfdc21"", ""S100a9"", ""Lcn2"", ""Ngp"", ""Slfn4"", ""Ltf"", ""Retnlg"", ""Camp"", ""Mmp9"", ""Asprv1"", ""AA467197"", ""Klf5"", ""Oasl1"", ""Mgll"")"
"561","GOBP_MYELOID_CELL_ACTIVATION_INVOLVED_IN_IMMUNE_RESPONSE","5.48887069238398e-06","0.000239850884441616","0.610526878385931","0.896330402309911","1.57117119760501","44","c(""Cd177"", ""Itgam"", ""Tyrobp"", ""Spi1"", ""Fcer1g"", ""Lilrb4a"", ""Fes"", ""Fgr"", ""Ptafr"", ""Lbp"", ""Lyn"", ""Rab44"", ""Plcg2"", ""Cd300a"", ""Myo1f"", ""Ccr2"", ""Stx11"", ""Syk"", ""Grn"", ""Milr1"", ""Anxa3"")"
"562","GOBP_SUPEROXIDE_ANION_GENERATION","0.000233111341976584","0.00454873426754471","0.518848077743792","0.937037513473777","1.57167337525199","19","c(""Cd177"", ""Cybb"", ""Ncf1"", ""Ncf2"", ""Itgam"", ""Tyrobp"", ""Ncf4"", ""App"", ""Syk"")"
"563","GOBP_MYELOID_LEUKOCYTE_MEDIATED_IMMUNITY","4.83203894141899e-06","0.000216176218355388","0.610526878385931","0.889621919514773","1.57180158606421","53","c(""Cd177"", ""Ncf1"", ""Itgam"", ""Tyrobp"", ""C3"", ""Spi1"", ""Fcer1g"", ""Cd300lb"", ""Fes"", ""Fgr"", ""Fcgr3"", ""Ptafr"", ""Lyn"", ""Rab44"", ""Cd300a"", ""Myo1f"", ""Ccr2"", ""Stx11"", ""Syk"", ""H2-D1"", ""Milr1"", ""Anxa3"")"
"564","ZHANG_UTERUS_C10_STROMAL2_RETNLG_HIGH_CELL","0.000114471239503031","0.0026124468707635","0.538434096309916","0.905163274428047","1.57233241487687","33","c(""Cybb"", ""Alox5ap"", ""Tyrobp"", ""Retnlg"", ""Lilrb4a"", ""Msrb1"", ""Adam8"", ""Pla2g7"", ""Cd9"", ""Il1b"", ""Ccl6"", ""Cebpb"", ""Tmsb4x"", ""Cyp4f18"", ""Csf2rb"", ""Plek"", ""Clec4e"", ""G0s2"", ""Vasp"", ""Cd24a"", ""Fth1"")"
"565","HESS_TARGETS_OF_HOXA9_AND_MEIS1_DN","1.70939533069825e-06","8.68095628751895e-05","0.643551836150722","0.886706970340546","1.57287797411881","61","c(""Anxa1"", ""Cybb"", ""Clec4a2"", ""Lcn2"", ""C5ar1"", ""Lyz2"", ""Upp1"", ""Cd300lf"", ""Hck"", ""Mmp9"", ""Tgfbi"", ""Fgr"", ""Sirpa"", ""Il1b"", ""Ccl6"", ""Il1r2"", ""Arg2"", ""Samhd1"", ""Plek"", ""Plscr1"", ""Gcnt2"", ""Litaf"", ""Slc11a1"", ""Tpd52"", ""Pilrb1"", ""Csf1r"", ""Myadm"", ""Ffar2"", ""Mpeg1"", ""Psap"", ""Msr1"")"
"566","REACTOME_ANTIMICROBIAL_PEPTIDES","2.36670074029712e-05","0.000741171781836381","0.575610261071129","0.954320730119556","1.57403524765264","17","c(""Pglyrp1"", ""S100a8"", ""S100a9"", ""Lcn2"", ""Ltf"", ""Lyz2"", ""Camp"", ""Slc11a1"")"
"567","GOBP_REGULATION_OF_REGULATED_SECRETORY_PATHWAY","3.17008684962687e-05","0.000955603185633511","0.557332238758646","0.903939637505408","1.57580316015811","37","c(""Cd177"", ""Itgam"", ""Spi1"", ""Fcer1g"", ""Fes"", ""Fgr"", ""Lrrk2"", ""Ptafr"", ""Lyn"", ""Cd300a"", ""Ccr2"", ""Syk"", ""Rab27a"")"
"568","REACTOME_RAC3_GTPASE_CYCLE","0.000199622962370729","0.00396223464395704","0.518848077743792","0.912711881435563","1.57611296994494","29","c(""Cybb"", ""Ncf1"", ""Ncf2"", ""Ncf4"", ""Cyfip1"")"
"569","GOBP_NEUTROPHIL_ACTIVATION","0.000100326656346649","0.00234664465487993","0.538434096309916","0.926916936201876","1.57619842646963","24","c(""Cd177"", ""Anxa1"", ""Itgam"", ""Tyrobp"", ""Fcgr4"", ""Camp"", ""Cxcr2"", ""Spi1"", ""Fcer1g"", ""Ptafr"", ""Il18rap"", ""Cd300a"", ""Myo1f"", ""Stx11"", ""Syk"", ""Grn"", ""Il15"", ""Anxa3"", ""Prkcd"")"
"570","TABULA_MURIS_SENIS_MARROW_HEMATOPOIETIC_PRECURSOR_CELL_AGEING","2.91313643043178e-07","2.02732716769678e-05","0.674962860011025","0.89024267633536","1.57776015141832","69","c(""Hp"", ""Pglyrp1"", ""Anxa1"", ""Ifitm6"", ""S100a8"", ""Wfdc21"", ""S100a9"", ""Slpi"", ""Alox5ap"", ""Lcn2"", ""Ngp"", ""Tyrobp"", ""Ltf"", ""Lyz2"", ""S100a6"", ""Retnlg"", ""Camp"", ""S100a11"", ""Msrb1"", ""Lgals3"", ""Gsr"", ""Cd9"", ""Ccl6"", ""Tmsb4x"", ""Prr13"", ""Dstn"", ""Glrx"", ""Vsir"", ""Ostf1"", ""Sat1"", ""B2m"", ""H2-D1"", ""Vasp"", ""Anxa2"", ""Cd24a"", ""Lyz1"")"
"571","GOBP_GRANULOCYTE_ACTIVATION","4.91340588001577e-05","0.00135768965419847","0.557332238758646","0.925709318884749","1.58022423059205","26","c(""Cd177"", ""Anxa1"", ""Itgam"", ""Tyrobp"", ""Fcgr4"", ""Camp"", ""Cxcr2"", ""Spi1"", ""Fcer1g"", ""Ptafr"", ""Il18rap"", ""Cd300a"", ""Myo1f"", ""Ccr2"", ""Stx11"", ""Syk"", ""Grn"", ""Il15"", ""Anxa3"", ""Prkcd"")"
"572","WP_OXIDATIVE_STRESS_AND_REDOX_PATHWAY","7.12550384120788e-06","0.000290390462376032","0.610526878385931","0.903272958003368","1.58297457266811","42","c(""Cybb"", ""S100a8"", ""Ncf1"", ""Mgst1"", ""S100a9"", ""Ncf2"", ""Ncf4"", ""Alox5"", ""Gsr"", ""Cd44"", ""Pgd"", ""Gpx1"", ""G6pdx"")"
"573","TABULA_MURIS_SENIS_MARROW_GRANULOCYTE_AGEING","8.07708232797776e-06","0.000314870077159342","0.593325476396405","0.90785850902727","1.58980402487677","40","c(""Hp"", ""Pglyrp1"", ""S100a8"", ""S100a9"", ""Slpi"", ""Alox5ap"", ""Lcn2"", ""Ngp"", ""Tyrobp"", ""Ifitm2"", ""S100a6"", ""Retnlg"", ""Camp"", ""S100a11"", ""Spi1"", ""Fcer1g"", ""Lgals3"", ""Cd9"", ""Ccl6"", ""Tmsb4x"", ""Prr13"", ""Cd63"", ""B2m"", ""H2-D1"")"
"574","BROWN_MYELOID_CELL_DEVELOPMENT_UP","1.17393182096875e-11","2.02443559816718e-09","0.875325132024659","0.899552459286525","1.59639021938101","97","c(""Mcemp1"", ""Cybb"", ""Clec4a2"", ""Wfdc21"", ""Plaur"", ""Pygl"", ""Lcn2"", ""Itgam"", ""C5ar1"", ""Slfn4"", ""Clec5a"", ""Tyrobp"", ""S100a6"", ""Camp"", ""S100a11"", ""Cd33"", ""Upp1"", ""C3"", ""Hck"", ""Lilrb4a"", ""Msrb1"", ""Tgfbi"", ""Cpd"", ""Siglece"", ""Abcd2"", ""Fgr"", ""Sirpa"", ""Stfa3"", ""Cd44"", ""Fcgr3"", ""Ccr1"", ""Il1b"", ""Ccl6"", ""Il1r2"", ""Dstn"", ""Hlx"", ""Xdh"", ""Capg"", ""Glrx"", ""Trpm2"", ""Mxd1"", ""Pgd"", ""Csf2ra"", ""Ccr2"", ""Slfn1"", ""Vsir"", ""F10"", ""G6pdx"", ""Cpne3"", ""Slc15a3"", ""Sat1"", ""Mpeg1"", ""Zyx"", ""Glipr2"", ""Grn"", ""Gyg"")"
"575","TABULA_MURIS_SENIS_MARROW_NAIVE_T_CELL_AGEING","3.11740980240777e-06","0.000150195205608313","0.627256739718528","0.927203215595081","1.61341097743262","34","c(""Mcemp1"", ""Pglyrp1"", ""Ifitm6"", ""S100a8"", ""Clec4a2"", ""Wfdc21"", ""S100a9"", ""Slpi"", ""Lcn2"", ""Ngp"", ""Tyrobp"", ""Ifitm2"", ""Ltf"", ""S100a6"", ""Retnlg"", ""Camp"", ""Fcer1g"", ""Lgals3"", ""Cd9"", ""Ccl6"", ""Ifitm3"", ""Ffar2"")"
"576","KAMIKUBO_MYELOID_CEBPA_NETWORK","1.27244393557243e-06","6.76676081586961e-05","0.643551836150722","0.955298338271345","1.61546573494595","23","c(""Hp"", ""Cd177"", ""Anxa1"", ""Cybb"", ""S100a8"", ""S100a9"", ""Lcn2"", ""Itgam"", ""Ltf"", ""Lyz2"", ""Camp"", ""Serpinb1a"", ""Hdc"", ""Lbp"", ""Glrx"", ""Pgd"", ""Csf2ra"", ""Aldh2"")"
"577","DESCARTES_ORGANOGENESIS_NUETROPHILS","9.17170671623432e-08","7.38584439420184e-06","0.704975715167238","0.967379101348619","1.61957248160497","20","c(""Hp"", ""Pglyrp1"", ""S100a8"", ""Chil1"", ""S100a9"", ""Slpi"", ""Lcn2"", ""Ngp"", ""Gda"", ""Ltf"", ""Lyz2"", ""Camp"", ""Mmp9"", ""Fgr"", ""Stfa3"", ""Xdh"")"
"578","BOYLAN_MULTIPLE_MYELOMA_PCA1_UP","1.07512299526535e-10","1.68346342341967e-08","0.839088935621274","0.912082686428876","1.62227832174585","77","c(""Hp"", ""Pglyrp1"", ""Cd177"", ""Ifitm6"", ""S100a8"", ""S100a9"", ""Igsf6"", ""Lcn2"", ""Slfn4"", ""Ltf"", ""Lyz2"", ""Ltb4r1"", ""Camp"", ""C3"", ""Trbc1"", ""Mmp9"", ""Ifi204"", ""Hdc"", ""Tgfbi"", ""Cd9"", ""App"", ""Ifitm3"", ""Wipi1"", ""Xdh"", ""Plscr1"", ""Fgl2"", ""Ccr2"", ""Slfn1"")"
"579","TABULA_MURIS_SENIS_MARROW_GRANULOCYTOPOIETIC_CELL_AGEING","3.12877369600102e-13","6.29889190155633e-11","0.932595211336209","0.925523245968844","1.64455667629227","80","c(""Hp"", ""Mcemp1"", ""Pglyrp1"", ""Cd177"", ""Anxa1"", ""Ifitm6"", ""Cybb"", ""S100a8"", ""Clec4a2"", ""Wfdc21"", ""S100a9"", ""Slpi"", ""Alox5ap"", ""Lcn2"", ""Ngp"", ""Tyrobp"", ""Ifitm2"", ""Ltf"", ""Lyz2"", ""Ltb4r1"", ""S100a6"", ""Retnlg"", ""Camp"", ""Ncf4"", ""S100a11"", ""Clec12a"", ""Nfe2"", ""Serpinb1a"", ""Spi1"", ""Fcer1g"", ""Msrb1"", ""Lgals3"", ""Gsr"", ""Cd9"", ""Ly6c2"", ""Dstn"", ""Ifitm3"", ""AA467197"", ""Gpx1"", ""Cd63"", ""Cpne3"")"
