"","pathway","pval","padj","log2err","ES","NES","size","leadingEdge"
"1","GOCC_CYTOSOLIC_LARGE_RIBOSOMAL_SUBUNIT","5.6511398622732e-18","3.17876617252868e-14","1.0959292864312","-0.879030466000588","-2.80647142052887","45","c(""Rplp0"", ""Rpl11"", ""Rpl15"", ""Rpl29"", ""Rpl28"", ""Rplp1"", ""Rplp2"", ""Rpl17"", ""Rpl32"", ""Rpl5"", ""Rpl36a"", ""Rpl23"", ""Rpl41"", ""Rpl36"", ""Rpl18"", ""Rpl13"", ""Rpl6"", ""Rpl35"", ""Rpl10a"", ""Rpl9"", ""Rpl18a"", ""Rpl26"", ""Rpl21"", ""Rpl3"", ""Rpl8"", ""Rpl23a"", ""Rpl19"", ""Rps12"", ""Rpl4"", ""Rpl7a"", ""Rpl22"", ""Rpl39"", ""Rpl14"", ""Rpl31"", ""Rpl27a"", ""Rsl1d1"", ""Gm2000"")"
"2","BILANGES_SERUM_AND_RAPAMYCIN_SENSITIVE_GENES","7.56055797974316e-13","1.06320346590138e-09","0.921426003494898","-0.838923255773086","-2.78075235049289","42","c(""Rpl15"", ""Rpl29"", ""Rpl28"", ""Rps7"", ""Rps3a1"", ""Rps10"", ""Rps16"", ""Rps23"", ""Rps8"", ""Rpl32"", ""Rpl5"", ""Eef1a1"", ""Rps14"", ""Rpl36a"", ""Rpl23"", ""Rpl18"", ""Rpl13"", ""Rpl6"", ""Rps4x"", ""Rps3"", ""Rpl18a"", ""Rpl26"", ""Rpl21"", ""Rpl8"", ""Rps17"", ""Eef1b2"", ""Rps6"", ""Rpl4"", ""Rpl7a"", ""Rps5"", ""Rps27a"", ""Rpl14"", ""Rps19"", ""Rpl27a"")"
"3","GOBP_TRANSLATION_AT_SYNAPSE","3.90638230528021e-16","1.05809292039858e-12","1.03769615548758","-0.903313834696963","-2.78045180049761","34","c(""Rpl15"", ""Rpl29"", ""Rpl28"", ""Rps10"", ""Rps16"", ""Rplp2"", ""Rpl17"", ""Rpl32"", ""Rpl5"", ""Rps14"", ""Rpl36a"", ""Rpl23"", ""Rpl36"", ""Rpl13"", ""Rpl6"", ""Rpl35"", ""Rpl10a"", ""Rpl9"", ""Rps26"", ""Rpl26"", ""Rpl8"", ""Rpl23a"", ""Rps12"", ""Rpl4"", ""Rpl7a"", ""Rps5"", ""Rpl22"", ""Rps27a"", ""Rpl14"", ""Rpl27a"")"
"4","GOCC_SMALL_RIBOSOMAL_SUBUNIT","1.34841391579943e-08","6.32069023030984e-06","0.747739663149885","-0.707057277820818","-2.34363674335881","52","c(""Rps7"", ""Rps20"", ""Rps3a1"", ""Rps10"", ""Rps16"", ""Rps23"", ""Rps8"", ""Rps14"", ""Rps4x"", ""Rps3"", ""Rps18"", ""Rps26"", ""Rpsa"", ""Npm1"", ""Rps17"", ""Rps6"", ""Rps2"", ""Rps12"", ""Rps5"", ""Rps27a"", ""Ubb"", ""Rps19"", ""Chchd1"", ""Rps28"", ""Mrps18c"", ""Mrps12"", ""Mrps24"", ""Rps25"", ""Mrps17"", ""Mrps11"")"
"5","GOCC_CATALYTIC_STEP_2_SPLICEOSOME","1.68495774566856e-08","7.29068255337356e-06","0.73376198835648","-0.723289542372398","-2.32186544607208","49","c(""Snrpe"", ""Hnrnpa1"", ""Hnrnpa3"", ""Snrpg"", ""Snrpf"", ""Snrpd2"", ""Raly"", ""Pabpc1"", ""Alyref"", ""Sf3b2"", ""Snrpd3"", ""Lsm7"", ""Hnrnpu"", ""Bcas2"", ""Magoh"", ""Pnn"", ""Lsm3"", ""Hnrnpr"", ""Snrnp40"", ""Lsm2"", ""Eif4a3"", ""Syncrip"", ""Hnrnpc"", ""Sf3a3"", ""Eftud2"", ""Snrpb"", ""U2af1"", ""Sf3b6"", ""Snrpa1"", ""Isy1"", ""Ppie"", ""Srsf1"", ""Ppil1"", ""Sf3b3"", ""Hnrnpa2b1"", ""Snrpd1"", ""Hnrnpm"", ""Sf3a1"", ""Snrpb2"")"
"6","GOCC_SM_LIKE_PROTEIN_FAMILY_COMPLEX","3.9285053275059e-08","1.47318949781471e-05","0.719512826338911","-0.696562983599858","-2.30885198927543","52","c(""Snrpe"", ""Snrpg"", ""Lsm4"", ""Snrpf"", ""Snrpd2"", ""Ddx39b"", ""Sf3b2"", ""Lsm8"", ""Snrpd3"", ""Snrpa"", ""Lsm7"", ""Phf5a"", ""Htatsf1"", ""Lsm3"", ""Ppih"", ""Snrnp40"", ""Lsm2"", ""Txnl4a"", ""Prpf40a"", ""Gemin6"", ""Sf3a3"", ""Eftud2"", ""Snrpb"", ""Sf3b6"", ""Snrpa1"", ""Snrpc"", ""Lsm5"", ""Clns1a"", ""Tssc4"", ""Larp7"", ""Sf3b3"", ""Sf3b4"", ""Nolc1"", ""Snrpd1"", ""Sf3a1"", ""Snrpb2"", ""Prpf4"", ""Gemin2"", ""Rbmx2"", ""Strap"")"
"7","REACTOME_ACTIVATION_OF_THE_MRNA_UPON_BINDING_OF_THE_CAP_BINDING_COMPLEX_AND_EIFS_AND_SUBSEQUENT_BINDING_TO_43S","1.88396532771046e-06","0.000331165780261605","0.643551836150722","-0.715537628607647","-2.28828154499409","40","c(""Rps7"", ""Rps20"", ""Rps3a1"", ""Rps10"", ""Rps16"", ""Rps23"", ""Rps8"", ""Rps14"", ""Rps4x"", ""Rps3"", ""Rps18"", ""Rps26"", ""Rpsa"", ""Eif4a1"", ""Rps17"", ""Rps6"", ""Rps2"", ""Rps12"", ""Pabpc1"", ""Rps5"", ""Rps19"")"
"8","GOCC_POLYSOMAL_RIBOSOME","9.27388630825547e-08","2.89808947132983e-05","0.704975715167238","-0.832298499962288","-2.2759094619713","24","c(""Rpl11"", ""Rpl29"", ""Rps23"", ""Rpl32"", ""Rpl36a"", ""Rpl36"", ""Rpl18"", ""Rpl6"", ""Rpl10a"", ""Rpl18a"", ""Rps26"", ""Rpl8"", ""Rpl19"", ""Rpl7a"", ""Rpl39"", ""Rpl31"")"
"9","GOCC_CYTOSOLIC_SMALL_RIBOSOMAL_SUBUNIT","1.3267561449307e-07","3.55381110249295e-05","0.690132458796796","-0.80106434865341","-2.27449629823654","29","c(""Rps7"", ""Rps20"", ""Rps3a1"", ""Rps10"", ""Rps16"", ""Rps23"", ""Rps8"", ""Rps14"", ""Rps4x"", ""Rps3"", ""Rps18"", ""Rps26"", ""Rpsa"", ""Rps17"", ""Rps6"", ""Rps2"", ""Rps12"", ""Rps5"", ""Rps27a"", ""Ubb"", ""Rps19"")"
"10","GOCC_SMALL_SUBUNIT_PROCESSOME","6.59048059839787e-08","2.18067372741106e-05","0.704975715167238","-0.70751162113524","-2.27121600627616","49","c(""Rps7"", ""Rps3a1"", ""Rps16"", ""Rps23"", ""Rps8"", ""Rps14"", ""Rps4x"", ""Rps17"", ""Rps6"", ""Rps12"", ""Rps5"", ""Rps27a"", ""Rps19"", ""Nol7"", ""Nop56"", ""Xrcc5"", ""Rps28"", ""Rcl1"", ""Mphosph10"", ""Wdr46"", ""Fbl"")"
"11","GOCC_U2_TYPE_SPLICEOSOMAL_COMPLEX","2.80777134732926e-07","6.58071409530296e-05","0.674962860011025","-0.689507355000332","-2.21341967303538","49","c(""Snrpe"", ""Snrpg"", ""Lsm4"", ""Snrpf"", ""Snrpd2"", ""Sf3b2"", ""Lsm8"", ""Snrpd3"", ""Lsm7"", ""Phf5a"", ""Htatsf1"", ""Bcas2"", ""Lsm3"", ""Snrnp40"", ""Lsm2"", ""Txnl4a"", ""Prpf40a"", ""Eif4a3"", ""Sf3a3"", ""Eftud2"", ""Snrpb"", ""Sf3b6"", ""Snrpa1"", ""Isy1"", ""Ppie"", ""Lsm5"", ""Ppil1"", ""Sf3b3"", ""Sf3b4"", ""Snrpd1"", ""U2af2"", ""Smu1"", ""Sf3a1"", ""Snrpb2"", ""Prpf4"")"
"12","GOCC_PRECATALYTIC_SPLICEOSOME","1.47452551144743e-05","0.0015856198744442","0.593325476396405","-0.694168925232063","-2.17145024511308","35","c(""Snrpe"", ""Snrpg"", ""Lsm4"", ""Snrpf"", ""Snrpd2"", ""Sf3b2"", ""Lsm8"", ""Snrpd3"", ""Lsm7"", ""Phf5a"", ""Lsm3"", ""Lsm2"", ""Txnl4a"", ""Sf3a3"", ""Eftud2"", ""Snrpb"", ""Sf3b6"", ""Snrpa1"", ""Lsm5"", ""Sf3b3"", ""Sf3b4"", ""Snrpd1"", ""Smu1"", ""Sf3a1"", ""Snrpb2"", ""Prpf4"")"
"13","GOCC_SPLICEOSOMAL_TRI_SNRNP_COMPLEX","8.16172343736159e-06","0.00109308796036093","0.593325476396405","-0.776058059915343","-2.15520216233217","25","c(""Snrpe"", ""Snrpg"", ""Lsm4"", ""Snrpf"", ""Snrpd2"", ""Lsm8"", ""Snrpd3"", ""Snrpa"", ""Lsm7"", ""Lsm3"", ""Ppih"", ""Snrnp40"", ""Lsm2"", ""Txnl4a"", ""Eftud2"", ""Snrpb"")"
"14","REACTOME_MRNA_SPLICING_MINOR_PATHWAY","9.62444377985006e-05","0.00661619405990514","0.538434096309916","-0.658844377160227","-2.123432382338","36","c(""Snrpe"", ""Snrpg"", ""Snrpf"", ""Snrpd2"", ""Sf3b2"", ""Snrpd3"", ""Ncbp1"", ""Snrnp40"", ""Txnl4a"", ""Eftud2"", ""Polr2d"", ""Snrpb"", ""Sf3b6"", ""Srsf1"", ""Gtf2f2"", ""Polr2k"", ""Polr2h"", ""Sf3b3"", ""Sf3b4"", ""Zcrb1"", ""Snrpd1"", ""Srsf2"", ""Polr2c"")"
"15","GOMF_RRNA_BINDING","7.70842374733774e-05","0.00563115371152919","0.538434096309916","-0.635629335982183","-2.10690043208526","42","c(""Rplp0"", ""Rpl11"", ""Rpl17"", ""Rpl5"", ""Rpl23"", ""Rpl6"", ""Rps4x"", ""Rps3"", ""Rps18"", ""Rpl9"", ""Rpl3"", ""Npm1"", ""Rpl8"", ""Rpl23a"", ""Hmgb1"", ""Ncl"", ""Rpl19"", ""Rpl4"", ""Rps5"")"
"16","MODY_HIPPOCAMPUS_PRENATAL","3.32636353166896e-05","0.00292356169775592","0.557332238758646","-0.727471623762244","-2.10670528742609","28","c(""Rps8"", ""Rpl13"", ""Rps18"", ""Rpl9"", ""Rpl8"", ""Cdk4"", ""Lsm4"", ""Rpl23a"", ""Rpl19"", ""Ccnd2"", ""Srsf6"", ""Eif4a3"", ""Ddx19a"", ""Btf3"", ""Eftud2"", ""Nfyb"")"
"17","GOCC_POLYSOME","2.33225371038287e-05","0.00215179942814876","0.575610261071129","-0.648479236543184","-2.08588346483755","43","c(""Rpl11"", ""Rpl29"", ""Rps23"", ""Rpl32"", ""Rpl36a"", ""Rpl36"", ""Rpl18"", ""Rpl6"", ""Rps4x"", ""Rpl10a"", ""Rps3"", ""Rpl18a"", ""Rps26"", ""Rpl8"", ""Rps6"", ""Rpl19"", ""Rpl7a"", ""Rpl39"", ""Rpl31"", ""Psma6"")"
"18","TABULA_MURIS_SENIS_DIAPHRAGM_MACROPHAGE_AGEING","6.55323985746209e-06","0.000945178825595494","0.610526878385931","-0.848125954660143","-2.0309354732493","16","c(""Cd177"", ""Pglyrp1"", ""Slpi"", ""Retnlg"", ""Ifitm6"", ""Camp"", ""Rps20"", ""Ptma"", ""Hmgn2"")"
"19","BILANGES_SERUM_RESPONSE_TRANSLATION","5.13898448915218e-05","0.00401483163215014","0.557332238758646","-0.757729921872444","-2.00463219637535","23","c(""Rpl29"", ""Rps7"", ""Rps8"", ""Eef1a1"", ""Rpl6"", ""Rps4x"", ""Rps3"", ""Rpl18a"", ""Rpl21"", ""Eef1b2"", ""Rps6"", ""Rpl4"", ""Rps5"", ""Rpl14"", ""Rps19"")"
"20","GOMF_UBIQUITIN_PROTEIN_TRANSFERASE_REGULATOR_ACTIVITY","2.41001535952661e-05","0.00215179942814876","0.575610261071129","-0.807478897620487","-1.98434080972068","17","c(""Rpl11"", ""Rps7"", ""Rps20"", ""Rpl5"", ""Rpl23"")"
"21","GOCC_METHYLTRANSFERASE_COMPLEX","0.00012968247126123","0.00784369785854216","0.518848077743792","-0.614803968687729","-1.97756436927467","43","c(""Snrpe"", ""Snrpg"", ""Mtf2"", ""Snrpf"", ""Rbbp4"", ""Snrpd2"", ""Prmt1"", ""Prmt5"", ""Erh"", ""Hdac2"", ""Snrpd3"", ""Wdr77"", ""Ezh2"", ""0610010K14Rik"", ""Snrpb"", ""Dpy30"", ""Clns1a"", ""Suz12"", ""Ash2l"", ""Trmt6"", ""Snrpd1"", ""Mga"", ""Cbx5"")"
"22","REACTOME_RNA_POLYMERASE_II_TRANSCRIPTION_TERMINATION","0.000192972728691793","0.0108547159889134","0.518848077743792","-0.69007342781253","-1.95935502523542","29","c(""Snrpe"", ""Snrpg"", ""Snrpf"", ""Srsf3"", ""Ddx39b"", ""Alyref"", ""Snrpd3"", ""Ncbp1"", ""Magoh"", ""Eif4a3"", ""Nudt21"", ""Snrpb"", ""Slbp"", ""U2af1"", ""Rnps1"", ""Srsf1"", ""Thoc6"", ""Srsf2"", ""U2af2"")"
"23","GOCC_U12_TYPE_SPLICEOSOMAL_COMPLEX","0.000536538731677409","0.0236151055861739","0.477270815362862","-0.769039604929021","-1.95224026847447","18","c(""Snrpe"", ""Snrpg"", ""Snrpf"", ""Snrpd2"", ""Sf3b2"", ""Snrpd3"", ""Lsm7"", ""Phf5a"", ""Snrpb"", ""Sf3b6"", ""Sf3b3"", ""Sf3b4"", ""Zcrb1"", ""Snrpd1"")"
"24","GOBP_RIBOSOME_ASSEMBLY","0.000579492998991495","0.0250742163025166","0.477270815362862","-0.605028149393631","-1.92480986221074","37","c(""Rplp0"", ""Rpl11"", ""Rpl5"", ""Rps14"", ""Rpl6"", ""Rpsa"", ""Rpl23a"", ""Rps6"", ""Rps5"", ""Rps19"", ""Rrs1"", ""Xrcc5"", ""Rps28"")"
"25","GOMF_MRNA_5_UTR_BINDING","8.2395381329675e-05","0.00586675974657496","0.538434096309916","-0.801170657502934","-1.91849559550525","16","c(""Rps7"", ""Rps3a1"", ""Rpl5"", ""Rps14"", ""Rpl26"", ""Ncl"", ""Rsl1d1"", ""Cct5"", ""Syncrip"", ""Gnl3"")"
"26","GOBP_SPLICEOSOMAL_SNRNP_ASSEMBLY","0.000355578923156859","0.0175450126557661","0.49849310876659","-0.719952703298395","-1.90468968855421","23","c(""Snrpe"", ""Snrpg"", ""Lsm4"", ""Snrpf"", ""Snrpd2"", ""Prmt5"", ""Snrpd3"", ""Wdr77"", ""Lsm2"", ""Gemin6"", ""Snrpb"", ""Snrpc"", ""Clns1a"", ""Tssc4"")"
"27","REACTOME_DEADENYLATION_DEPENDENT_MRNA_DECAY","0.00123505266621943","0.0413522098064541","0.45505986738723","-0.700098151713694","-1.87924480313031","21","c(""Eif4a1"", ""Lsm4"", ""Nt5c3b"", ""Pabpc1"", ""Lsm7"", ""Lsm3"", ""Lsm2"", ""Eif4a3"", ""Exosc7"", ""Exosc3"", ""Lsm5"", ""Exosc8"")"
"28","TABULA_MURIS_SENIS_KIDNEY_FIBROBLAST_AGEING","0.00122898377048574","0.0413522098064541","0.45505986738723","-0.641727032246563","-1.82208303462353","29","c(""Rps10"", ""Rps16"", ""Rps23"", ""Rpl32"", ""Rpl23"", ""Rpl13"", ""Rpl6"", ""Rps4x"", ""Rps3"", ""Rps18"", ""Rpl18a"", ""Rps26"", ""Rpl21"", ""Rpl8"", ""Rps17"", ""Eef1b2"", ""Rps5"", ""Rpl22"", ""Rpl39"", ""Rps27a"", ""Rps19"")"
"29","GOCC_U2_TYPE_CATALYTIC_STEP_2_SPLICEOSOME","0.000593065603034741","0.0254656031837436","0.477270815362862","-0.751176560770026","-1.79877896149586","16","c(""Snrpe"", ""Snrpg"", ""Snrpf"", ""Snrpd2"", ""Snrpd3"", ""Bcas2"", ""Snrnp40"", ""Eftud2"", ""Snrpb"", ""Snrpa1"", ""Ppie"", ""Ppil1"", ""Snrpd1"", ""Snrpb2"")"
"30","REACTOME_NUCLEOTIDE_EXCISION_REPAIR","0.000840795006398003","0.032843554937422","0.477270815362862","-0.525968965221524","-1.77525841995996","51","c(""Hmgn1"", ""Sumo2"", ""Rps27a"", ""Ubb"", ""Actl6a"", ""Rpa1"", ""Pole2"", ""Polr2d"", ""Rfc4"", ""Isy1"", ""Ppie"", ""Ccnh"", ""Rpa3"", ""Xrcc1"", ""Polr2k"", ""Polr2h"", ""Cops4"", ""Pcna"", ""Ddb1"", ""Polr2c"", ""Polr2f"", ""Cops3"", ""Pole4"", ""Rad23a"", ""Pole3"", ""Rfc5"", ""Chd1l"", ""Lig1"", ""Gtf2h4"", ""Polr2i"")"
"31","GOBP_TRANSLATIONAL_ELONGATION","0.0015734176560588","0.0491843440852951","0.45505986738723","-0.718583065570994","-1.72073007591091","16","c(""Rplp1"", ""Rplp2"", ""Eef1a1"", ""Eef1b2"", ""Eef1d"", ""Eif4a3"", ""Eif5a"", ""Eef1g"")"
"32","GOBP_POSITIVE_REGULATION_OF_CELL_POPULATION_PROLIFERATION","0.00094803053059884","0.0350833666751215","0.477270815362862","0.680349303352013","1.14392694663437","484","c(""P2ry6"", ""Itgax"", ""Pid1"", ""Eps8"", ""H2-DMb1"", ""Zeb2"", ""Cd209a"", ""Cst3"", ""Ctsh"", ""Havcr2"", ""Cd209d"", ""Il13ra1"", ""Ccr2"", ""Cd74"", ""Bcl11a"", ""Hck"", ""Cldn1"", ""Csf2rb"", ""Cd209e"", ""Fes"", ""Adora2b"", ""Csf1r"", ""Shtn1"", ""Lifr"", ""Cdkn1a"", ""Plxnb2"", ""Csf2rb2"", ""Icosl"", ""Flt1"", ""Lyn"", ""Ccnd1"", ""Efna5"", ""Ptafr"", ""H2-DMb2"", ""Rogdi"", ""Ngfr"", ""Cd40"", ""Serpinf1"", ""Plac8"", ""Grn"", ""Cyfip1"", ""Cysltr1"", ""Mef2c"", ""Il1b"", ""Aif1"", ""Arsb"", ""Adm"", ""Fscn1"", ""Cd86"", ""Csf2ra"", ""Lrp1"", ""Cd80"", ""Lpar3"", ""Lgals3"", ""H2-D1"", ""Nccrp1"", 
""Hlx"", ""Trf"", ""Plxna4"", ""Gcnt2"", ""Runx2"", ""H2-Q6"", ""Tgfb2"", ""Fkbp1b"", ""H2-M2"", ""Plxnc1"", ""Marcksl1"", ""Id2"", ""Jun"", ""Ccdc88a"", ""H2-Q7"", ""Vim"", ""Cx3cr1"", ""Pnp"", ""Tpd52"", ""Il12b"", ""H2-K1"", ""Ighd"", ""Mzb1"", ""Htr7"", ""Kdr"", ""Bmyc"", ""Cdc42ep2"", ""Gnaq"", ""Met"", ""Pbx1"", ""Cxcr3"", ""Cav2"", ""Hspa5"", ""Marcks"", ""Cd274"", ""Calr"", ""Il6ra"", ""Insm1"", ""C3ar1"", ""Hpgd"", ""Il15"", ""Ccl5"", ""Acer3"")"
"33","GOBP_REGULATION_OF_PHOSPHORUS_METABOLIC_PROCESS","0.000682336305829537","0.0288582084232417","0.477270815362862","0.686270212805886","1.15412670692443","428","c(""P2ry6"", ""Pid1"", ""Zeb2"", ""Fgd2"", ""Pik3r6"", ""Slamf8"", ""Ptpro"", ""Flt3"", ""Dab2"", ""Cd74"", ""Lrrk1"", ""Sh2d1b1"", ""App"", ""Plek"", ""Myadm"", ""Adora2b"", ""Csf1r"", ""Pkib"", ""Plcg2"", ""Cdkn1a"", ""Plxnb2"", ""Gfra2"", ""Flt1"", ""Pirb"", ""Cd300a"", ""Lyn"", ""Ccnd1"", ""Efna5"", ""Ptafr"", ""Lilrb4a"", ""Sirpa"", ""Cd40"", ""Fgr"", ""Entpd1"", ""Hhex"", ""Tnfrsf11a"", ""Lacc1"", ""Dusp3"", ""Ahr"", ""Cd44"", ""Cd36"", ""Mef2c"", ""Il1b"", ""Aif1"", ""Dock7"", ""Mt3"", ""Cd86"", ""Cd80"", ""Ehd4"", ""Prkcd"", ""Swap70"", ""Adam8"", ""Gadd45b"", ""Lrrk2"", ""Cadm1"", ""Trf"", ""Bank1"", 
""Cdkn2b"", ""Icam1"", ""Tgfb2"", ""Fkbp1b"", ""Prr5l"", ""Bcar3"", ""Prr5"", ""Jun"", ""Samsn1"", ""Ccdc88a"", ""Synpo2"", ""Cx3cr1"", ""Il12b"", ""Ramp3"", ""Fnip2"", ""Cd19"", ""Cdh5"", ""Kdr"", ""Gnaq"", ""Met"", ""Cav2"", ""Scarb1"", ""Marcks"", ""Birc3"", ""Il6ra"", ""Stat2"", ""Insm1"", ""Prkar2a"", ""Pkig"", ""Il15"", ""Ccl5"", ""Hsp90b1"", ""Unc119"", ""Syk"", ""Pmp22"", ""Pdgfa"", ""Pak1"", ""Mvp"", ""Vcan"", ""Anxa2"", ""Parp14"", ""Sod1"", ""Pim1"", ""Il18"", ""Mtmr4"", ""Ubash3b"", ""Txn1"", ""Rap2a"", ""Slc11a1"", ""Itga1"", ""Csf1"")"
"34","GOBP_POSITIVE_REGULATION_OF_INTRACELLULAR_SIGNAL_TRANSDUCTION","0.000892987677723624","0.0339395654540229","0.477270815362862","0.691387156496521","1.1617307028349","358","c(""P2ry6"", ""Zeb2"", ""Fgd2"", ""Pik3r6"", ""Spi1"", ""Havcr2"", ""Fcgr2b"", ""Dab2"", ""S100a4"", ""Ccr2"", ""Cd74"", ""Ccl9"", ""Lrrk1"", ""App"", ""Scimp"", ""Nupr1"", ""Adora2b"", ""Csf1r"", ""Plcg2"", ""Gpr35"", ""Psap"", ""Flt1"", ""Lyn"", ""Ccl17"", ""F11r"", ""Casp1"", ""Ngfr"", ""Cd40"", ""Tifa"", ""Fgr"", ""Gpx1"", ""Sct"", ""Tnfrsf11a"", ""F10"", ""Tlr3"", ""Pmaip1"", ""Cd44"", ""Cd36"", ""Mef2c"", ""Vwf"", ""Il1b"", ""Ffar4"", ""Mt3"", ""Cd86"", ""Ccl22"", ""Lrp1"", ""Naip6"", ""Prkcd"", ""Tmem106a"", ""Adam8"", ""Lpar3"", ""Gadd45b"", ""Pik3ap1"", ""Alox15"", ""Lrrk2"", ""Ccl6"", ""Gcnt2"", ""F2rl2"", 
""Bank1"", ""Icam1"", ""Tgfb2"", ""Prr5l"", ""Bcar3"", ""Prr5"", ""Jun"", ""Nlrp3"", ""Avpi1"", ""Cx3cr1"", ""Ramp3"", ""Naip2"", ""Fnip2"", ""Kdr"", ""Bmyc"", ""Met"", ""Cav2"", ""Calr"", ""Il6ra"", ""Gpr4"", ""Trim30c"", ""Ccl5"", ""Glipr2"", ""Net1"", ""Syk"", ""Tns3"", ""Trim30d"", ""Pdgfa"", ""Pak1"", ""Ccr1"", ""Gpr183"", ""Sod1"", ""Trim30a"", ""Plscr1"", ""Pim1"", ""Eif2ak2"", ""Il18"", ""Hint1"", ""Trim30b"")"
"35","GOBP_CYTOKINE_PRODUCTION","0.000709812531060426","0.0295755221275177","0.477270815362862","0.692192157617607","1.16364593646914","371","c(""Irf5"", ""Havcr2"", ""Hfe"", ""Klf4"", ""Flt3"", ""Fcgr2b"", ""Cd209d"", ""Ccr2"", ""Cd74"", ""Tyrobp"", ""Sh2d1b1"", ""Irf8"", ""App"", ""Scimp"", ""Adora2b"", ""Pld4"", ""Csf1r"", ""Plcg2"", ""Icosl"", ""Cd83"", ""Flt1"", ""Lyn"", ""Cebpb"", ""Ptafr"", ""Lilrb4a"", ""Slamf9"", ""F11r"", ""Casp1"", ""Sirpa"", ""Unc93b1"", ""Cd40"", ""Rab7b"", ""Fgr"", ""Apod"", ""Sulf2"", ""Cybb"", ""Lacc1"", ""Clec9a"", ""Tlr3"", ""Bst2"", ""Cd36"", ""Il1b"", ""Aif1"", ""Fcer1g"", ""Ffar2"", ""Ffar4"", ""Ccr5"", ""Lrp1"", ""Prkcd"", ""Tmem106a"", ""Adam8"", ""Relb"", ""B2m"", ""Rnf19b"", ""Lrrk2"", ""Homer2"", ""H2-D1"", 
""Cadm1"", ""Casp4"", ""Bank1"", ""Cd14"", ""Anxa4"", ""H2-Q6"", ""Tgfb2"", ""H2-M2"", ""Clnk"", ""Mefv"", ""Nlrp3"", ""Pou2f2"", ""Cd200r1"", ""H2-Q7"", ""Cx3cr1"", ""Pnp"", ""Il12b"", ""H2-K1"", ""Ighd"", ""Il1r2"", ""Irf4"", ""Srgn"", ""Clec5a"", ""Met"", ""Zbtb32"", ""Litaf"", ""Rel"", ""Oas1g"", ""Cd34"", ""Cd274"", ""Il6ra"", ""Il1rl1"", ""Nlrc4"", ""Prg4"", ""Klrk1"", ""C3ar1"", ""Il15"", ""Ccl5"", ""Irf7"", ""Tnfrsf1b"", ""Syk"", ""Atp2b1"", ""Alox5"", ""Ifih1"", ""Nfkb1"", ""Tarm1"", ""Oas1a"", ""Prg2"", ""Sod1"", ""Trim30a"", ""Rnf216"", ""Eif2ak2"", ""Il18"", ""Cd55"", ""N4bp1"", ""Aire"", ""Serpinb1a"", 
""Slc11a1"", ""Gbp5"")"
"36","HOXC12_TARGET_GENES","0.000412401665039535","0.0196589776766728","0.49849310876659","0.692273979267072","1.16393836079803","405","c(""P2ry6"", ""Zeb2"", ""Wdfy4"", ""Il4i1"", ""Hfe"", ""H2-Ab1"", ""Rassf4"", ""Ccl9"", ""Bcl11a"", ""Tnip3"", ""Slamf7"", ""Tifab"", ""Irf8"", ""Plek"", ""Ifitm2"", ""Spint1"", ""Tnni2"", ""Fes"", ""Nupr1"", ""Gpr35"", ""Lifr"", ""Plxnb2"", ""BC028528"", ""Siglecg"", ""Cd9"", ""Cd40"", ""Pkdcc"", ""Adap1"", ""Hhex"", ""Fcrla"", ""Grn"", ""Dnase1l3"", ""Snx8"", ""Ifitm3"", ""Cacnb2"", ""Mef2c"", ""Gna15"", ""Arhgap22"", ""Prkcd"", ""Gas7"", ""B2m"", ""Pik3ap1"", ""Hk2"", ""5031439G07Rik"", ""H2-D1"", ""Slc15a3"", ""Plekho1"", ""H2-Eb2"", ""Oasl2"", ""Fkbp1b"", ""Ncf4"", ""Tcf4"", ""Id2"", ""Rgl1"", ""Tmem163"", 
""Serpinb6b"", ""Alpl"", ""Vim"", ""Phactr2"", ""Tpd52"", ""Ebf1"", ""Cd79a"", ""Il1r2"", ""Mthfd2"", ""Naga"", ""Clec4a3"", ""Scarb1"", ""Fut7"", ""Hspa5"", ""Cd79b"", ""Ctsc"", ""Il6ra"", ""4930455G09Rik"", ""Sh3tc1"", ""Pi16"", ""Pkig"", ""Irf7"", ""Hsp90b1"", ""Chst3"", ""Psme2"", ""Pianp"", ""Ttc39b"", ""Orai3"", ""Ninj1"", ""Vcan"", ""Nrxn2"", ""Slfn5"", ""Plpp1"", ""Dna2"", ""Fam111a"", ""Slc11a1"", ""Csf1"", ""Cd22"", ""Oasl1"", ""Cited2"", ""Sdc4"", ""Mical2"", ""Fuca2"", ""Ak2"", ""Itga4"", ""Luzp1"", ""Nfic"", ""Pou2af1"", ""Klf9"", ""Steap3"", ""Pla2g4a"", ""Irf1"", ""Bhlhe41"", ""Tiam1"", 
""Crip1"")"
"37","GOBP_POSITIVE_REGULATION_OF_CELL_DIFFERENTIATION","0.00116892456426477","0.0410950042124335","0.45505986738723","0.695683126247061","1.1687335753533","345","c(""Zeb2"", ""Il4i1"", ""Pik3r6"", ""Spi1"", ""H2-Aa"", ""Dab2"", ""Ccr2"", ""Cd74"", ""H2-DMa"", ""Ccl9"", ""Bcl11a"", ""Sh3pxd2b"", ""Tyrobp"", ""App"", ""Spint1"", ""Fes"", ""Csf1r"", ""Shtn1"", ""Plxnb2"", ""Cd83"", ""Metrnl"", ""Flt1"", ""Tmsb4x"", ""Lyn"", ""Cebpb"", ""Efna5"", ""Lilrb4a"", ""Rin2"", ""F11r"", ""Ngfr"", ""Rab7b"", ""Pkdcc"", ""Serpinf1"", ""Cyfip1"", ""Cysltr1"", ""Ifi204"", ""Cd36"", ""Mef2c"", ""Il1b"", ""Adm"", ""Ffar4"", ""Socs2"", ""Ccr5"", ""Lrp1"", ""Adam8"", ""Lpar3"", ""Hlx"", ""Trf"", ""Plxna4"", ""Gcnt2"", ""Runx2"", ""Tgfb2"", ""Tcf4"", ""Plxnc1"", ""Id2"", ""Jun"", ""Nlrp3"", 
""Vim"", ""Cx3cr1"", ""Msr1"", ""Pnp"", ""Cds1"", ""Il12b"", ""Cdh5"", ""Kdr"", ""Met"", ""Cebpa"", ""Cd34"", ""Marcks"", ""Lmna"", ""Insm1"", ""Il15"", ""Ccl5"", ""Tnfrsf1b"", ""Glipr2"", ""Syk"", ""Junb"", ""Pak1"", ""Ninj1"", ""Fos"", ""Ccr1"", ""Vcan"", ""Hap1"", ""Pim1"", ""Scin"", ""Il18"")"
"38","GOCC_MEMBRANE_PROTEIN_COMPLEX","0.000984846115224339","0.0362075777656007","0.45505986738723","0.69829799712071","1.17274522389198","323","c(""Olfm1"", ""Itgax"", ""Eps8"", ""H2-DMb1"", ""Pik3r6"", ""Hfe"", ""H2-Ab1"", ""H2-Eb1"", ""H2-Aa"", ""Dab2"", ""Ahnak"", ""Cd74"", ""H2-DMa"", ""Csf2rb"", ""Csf2rb2"", ""Aph1c"", ""Lyn"", ""H2-DMb2"", ""Alcam"", ""Ncf2"", ""Cd40"", ""Tspan33"", ""Ryr1"", ""Cybb"", ""Cdh1"", ""Scn3a"", ""Snx8"", ""Pira2"", ""Cacnb2"", ""Gna15"", ""Fcer1g"", ""Socs2"", ""Traf1"", ""Csf2ra"", ""Ctnna1"", ""Adam8"", ""B2m"", ""H2-D1"", ""Trf"", ""H2-Eb2"", ""Cd14"", ""H2-Q6"", ""Fkbp1b"", ""H2-M2"", ""Ncf4"", ""Lilra6"", ""H2-Q7"", ""H2-Ob"", ""Cd79a"", ""Ramp3"", ""H2-K1"", ""Ighd"", ""Cdh5"", ""Gnaq"", ""Ncf1"", ""Iglc1"", 
""Cav2"", ""Cd34"", ""Cd79b"", ""Calr"", ""Il6ra"", ""Cacna1s"", ""Tmed3"", ""H2-Oa"", ""Syk"", ""Pmp22"", ""Clic4"")"
"39","GOBP_POSITIVE_REGULATION_OF_PHOSPHORUS_METABOLIC_PROCESS","0.00133459570078322","0.0436459349820093","0.45505986738723","0.698532410010761","1.17274780264982","272","c(""P2ry6"", ""Pid1"", ""Zeb2"", ""Fgd2"", ""Pik3r6"", ""Flt3"", ""Dab2"", ""Cd74"", ""Lrrk1"", ""Sh2d1b1"", ""App"", ""Plek"", ""Adora2b"", ""Csf1r"", ""Plcg2"", ""Cdkn1a"", ""Flt1"", ""Pirb"", ""Cd300a"", ""Lyn"", ""Ccnd1"", ""Efna5"", ""Ptafr"", ""Cd40"", ""Fgr"", ""Tnfrsf11a"", ""Cd44"", ""Cd36"", ""Mef2c"", ""Il1b"", ""Aif1"", ""Dock7"", ""Mt3"", ""Cd86"", ""Cd80"", ""Ehd4"", ""Prkcd"", ""Adam8"", ""Lrrk2"", ""Trf"", ""Bank1"", ""Icam1"", ""Tgfb2"", ""Prr5l"", ""Bcar3"", ""Prr5"", ""Ccdc88a"", ""Cx3cr1"", ""Il12b"", ""Ramp3"", ""Fnip2"", ""Cd19"", ""Cdh5"", ""Kdr"", ""Met"", ""Cav2"", ""Marcks"", ""Il6ra"", 
""Il15"", ""Ccl5"", ""Unc119"", ""Syk"", ""Pdgfa"", ""Pak1"", ""Anxa2"", ""Parp14"", ""Pim1"", ""Il18"", ""Txn1"", ""Rap2a"", ""Slc11a1"", ""Itga1"", ""Csf1"")"
"40","REACTOME_ADAPTIVE_IMMUNE_SYSTEM","0.000883828910447924","0.0338199838181603","0.477270815362862","0.703941764402105","1.18174601100024","273","c(""Ifi30"", ""H2-DMb1"", ""Ctsh"", ""H2-Ab1"", ""H2-Eb1"", ""Fcgr2b"", ""H2-Aa"", ""Cd300lg"", ""Cd74"", ""H2-DMa"", ""Slamf7"", ""Ifitm2"", ""Cd209e"", ""Tubb6"", ""Ctss"", ""Plcg2"", ""Cd33"", ""Icosl"", ""Rasgrp3"", ""Cd300a"", ""Lyn"", ""Siglecg"", ""Siglech"", ""Ncf2"", ""Cd300c"", ""Cd40"", ""Cybb"", ""Ifitm3"", ""Treml4"", ""Cd36"", ""Blnk"", ""Cd86"", ""Cd80"", ""Lair1"", ""B2m"", ""Pik3ap1"", ""Rnf19b"", ""Iglc2"", ""Cd207"", ""H2-Eb2"", ""Icam1"", ""H2-Q6"", ""H2-M2"", ""Ncf4"", ""Prr5"", ""H2-Q7"", ""H2-Ob"", ""Kif5a"", ""Cd79a"", ""H2-K1"", ""Cd19"", ""Klhl5"", ""Ncf1"", ""Iglc1"", ""Rel"", 
""Hspa5"", ""Cd34"", ""Cd274"", ""Cd79b"", ""Calr"", ""Ctsc"", ""Nfkbie"", ""Klrk1"", ""H2-Oa"", ""Rnf213"", ""Siglecf"", ""Psme2"", ""Syk"", ""Pianp"", ""Map3k8"", ""Fbxl13"", ""Pak1"")"
"41","GOBP_LOCOMOTION","2.38759636905636e-05","0.00215179942814876","0.575610261071129","0.703513562619862","1.18287366289294","441","c(""P2ry6"", ""Itgax"", ""Zeb2"", ""Ctsh"", ""Spi1"", ""Slamf8"", ""Ptpro"", ""Klf4"", ""Plet1"", ""Dab2"", ""Ccr2"", ""Cd74"", ""Ccl9"", ""Cldn1"", ""App"", ""Ear2"", ""Myadm"", ""Fes"", ""Adora2b"", ""Csf1r"", ""Shtn1"", ""Cxcl16"", ""Plcg2"", ""Gpr35"", ""Plxnb2"", ""Sdc3"", ""Flt1"", ""Cd300a"", ""Tmsb4x"", ""Lyn"", ""Ptafr"", ""Ccl17"", ""Slamf9"", ""Rin2"", ""Cd9"", ""Ngfr"", ""Cd40"", ""Serpinf1"", ""Fgr"", ""Apod"", ""Grn"", ""Dock1"", ""Mctp1"", ""Emilin2"", ""Cdh1"", ""S100a11"", ""Gcsam"", ""Bst2"", ""Dusp3"", ""Anxa3"", ""Cysltr1"", ""Mef2c"", ""Il1b"", ""Xcr1"", ""Aif1"", ""Fcer1g"", ""Dock7"", 
""Arsb"", ""Ffar2"", ""Cd63"", ""Myo1f"", ""Ccr5"", ""Ccl22"", ""Lrp1"", ""Prkcd"", ""Ctnna1"", ""Swap70"", ""Adam8"", ""Lgals3"", ""Lrrk2"", ""Ccl6"", ""Trf"", ""Plxna4"", ""Gcnt2"", ""Prcp"", ""Icam1"", ""Tgfb2"", ""Prr5l"", ""Plxnc1"", ""Prr5"", ""Jun"", ""Cd200r1"", ""Synpo2"", ""Ccrl2"", ""Ccr6"", ""Vim"", ""Cx3cr1"", ""Spp1"", ""Cdh5"", ""Nrp2"", ""Kdr"", ""Pf4"", ""Plk2"", ""Met"", ""Cxcr5"", ""Cxcr3"", ""Myo5a"", ""Fut7"", ""Hspa5"", ""Pla2g7"", ""Cd274"", ""Calr"", ""Lmna"", ""Igsf8"", ""Bex6"", ""Insm1"", ""C3ar1"", ""Sema6d"", ""Ccl5"", ""Glipr2"", ""Syk"", ""St3gal4"", ""Clic4"", ""Alox5"", ""Arhgap5"", 
""Fut4"", ""Pdgfa"", ""Pak1"", ""Ninj1"")"
"42","GOBP_REGULATION_OF_LOCOMOTION","5.52840359508435e-05","0.00414630269631326","0.557332238758646","0.704187228443656","1.18374601315665","379","c(""P2ry6"", ""Itgax"", ""Zeb2"", ""Ctsh"", ""Spi1"", ""Slamf8"", ""Klf4"", ""Plet1"", ""Dab2"", ""Ccr2"", ""Cd74"", ""Cldn1"", ""App"", ""Myadm"", ""Fes"", ""Adora2b"", ""Csf1r"", ""Shtn1"", ""Cxcl16"", ""Plcg2"", ""Plxnb2"", ""Sdc3"", ""Flt1"", ""Cd300a"", ""Tmsb4x"", ""Lyn"", ""Ptafr"", ""Rin2"", ""Cd9"", ""Ngfr"", ""Cd40"", ""Serpinf1"", ""Fgr"", ""Apod"", ""Grn"", ""Dock1"", ""Mctp1"", ""Emilin2"", ""Cdh1"", ""S100a11"", ""Gcsam"", ""Bst2"", ""Dusp3"", ""Anxa3"", ""Mef2c"", ""Il1b"", ""Aif1"", ""Dock7"", ""Arsb"", ""Cd63"", ""Myo1f"", ""Ccr5"", ""Lrp1"", ""Ctnna1"", ""Swap70"", ""Adam8"", ""Lgals3"", ""Lrrk2"", 
""Trf"", ""Plxna4"", ""Gcnt2"", ""Prcp"", ""Icam1"", ""Tgfb2"", ""Prr5l"", ""Plxnc1"", ""Prr5"", ""Jun"", ""Cd200r1"", ""Synpo2"", ""Ccr6"", ""Vim"", ""Cx3cr1"", ""Cdh5"", ""Kdr"", ""Plk2"", ""Met"", ""Cxcr3"", ""Myo5a"", ""Fut7"", ""Hspa5"", ""Pla2g7"", ""Cd274"", ""Calr"", ""Lmna"", ""Igsf8"", ""Bex6"", ""Insm1"", ""C3ar1"", ""Sema6d"", ""Ccl5"", ""Glipr2"", ""St3gal4"", ""Clic4"", ""Arhgap5"", ""Fut4"", ""Pdgfa"", ""Pak1"", ""Ninj1"")"
"43","GOBP_CELL_ADHESION","8.68375663860929e-06","0.00111013934300403","0.593325476396405","0.705291761812391","1.18581644824991","479","c(""Itgax"", ""H2-DMb1"", ""Cd209a"", ""Il4i1"", ""Pik3r6"", ""Spi1"", ""Havcr2"", ""Hfe"", ""Klf4"", ""H2-Ab1"", ""H2-Eb1"", ""H2-Aa"", ""Plet1"", ""Adam23"", ""Cd209d"", ""Dab2"", ""Tgfbi"", ""Ccr2"", ""Cd74"", ""H2-DMa"", ""Cldn1"", ""App"", ""Plek"", ""Cd209e"", ""Myadm"", ""Fes"", ""Plxnb2"", ""Cd33"", ""Icosl"", ""Cd83"", ""Sdc3"", ""Cd300a"", ""Lyn"", ""Cebpb"", ""Efna5"", ""Ptafr"", ""H2-DMb2"", ""Alcam"", ""Lilrb4a"", ""Siglecg"", ""Siglech"", ""Rin2"", ""F11r"", ""Sirpa"", ""Cd9"", ""Apod"", ""Dock1"", ""Emilin2"", ""Cdh1"", ""Dusp3"", ""Ctnnd2"", ""Cfh"", ""Arhgap6"", ""Slc6a4"", ""Cd44"", ""Cd36"", 
""Vwf"", ""Il1b"", ""Serpinb8"", ""Fgl2"", ""Aif1"", ""Cd63"", ""Myo1f"", ""Cd86"", ""Ccr5"", ""Lrp1"", ""Cd80"", ""Prkcd"", ""Ctnna1"", ""Swap70"", ""Adam8"", ""Lgals3"", ""B2m"", ""Alox15"", ""H2-D1"", ""Cadm1"", ""Hlx"", ""Plxna4"", ""Gcnt2"", ""H2-Eb2"", ""Icam1"", ""H2-Q6"", ""Tgfb2"", ""H2-M2"", ""Plxnc1"", ""Cadm3"", ""Nlrp3"", ""Ass1"", ""Cd200r1"", ""H2-Q7"", ""Cx3cr1"", ""Pnp"", ""H2-Ob"", ""Il12b"", ""H2-K1"", ""Fmn1"", ""Spp1"", ""Cdh5"", ""Kdr"", ""Cxcr3"", ""Fut7"", ""Cd34"", ""Marcks"", ""Cd274"", ""Calr"", ""Il6ra"", ""Gpr4"", ""Il15"", ""Ccl5"", ""H2-Oa"", ""Siglecf"", ""Syk"", ""Pmp22"", ""St3gal4"", 
""Alox5"", ""Fut4"", ""Lgals1"", ""Ninj1"", ""Zyx"", ""Tarm1"", ""Vcan"")"
"44","LYL1_TARGET_GENES","7.57226123907851e-06","0.00103887730414187","0.610526878385931","0.706308661202852","1.18805891950178","496","c(""Napsa"", ""P2ry6"", ""Irf5"", ""Rnase6"", ""Zeb2"", ""Fgd2"", ""Pik3r6"", ""Spi1"", ""Havcr2"", ""Rassf4"", ""S100a4"", ""Ccl9"", ""Tnip3"", ""Tyrobp"", ""Sh2d1b1"", ""Csf2rb"", ""Scimp"", ""Tnni2"", ""Pld4"", ""Csf1r"", ""Pkib"", ""Plxnb2"", ""Csf2rb2"", ""Cd33"", ""Slc2a6"", ""1600010M07Rik"", ""Rasgrp3"", ""Ptafr"", ""H2-DMb2"", ""Adgre4"", ""Unc93b1"", ""Ncf2"", ""Hacd4"", ""Cd300c"", ""Cd40"", ""Lat2"", ""Rgs18"", ""Serpinf1"", ""Fgr"", ""Hhex"", ""Grn"", ""Ebi3"", ""F10"", ""Dnase1l3"", ""Dusp3"", ""I830077J02Rik"", ""Cfh"", ""Ogfrl1"", ""Mef2c"", ""Tbkbp1"", ""Gna15"", ""P2ry14"", ""Clec4a2"", 
""Myo1f"", ""Traf1"", ""Arhgap22"", ""Cbfa2t3"", ""Lair1"", ""Gpr141"", ""Pik3ap1"", ""Ier3"", ""Tbc1d8"", ""Clec12a"", ""Nccrp1"", ""Slc15a3"", ""Trf"", ""Nek6"", ""Bank1"", ""Zeb2os"", ""Clnk"", ""Ncf4"", ""F630028O10Rik"", ""Tmem123"", ""Tnfsf12"", ""Nlrp3"", ""Avpi1"", ""Samsn1"", ""Cd200r1"", ""Cx3cr1"", ""Prr13"", ""Tpd52"", ""Lst1"", ""Klrd1"", ""Naip2"", ""Neurl3"", ""Spp1"", ""Pf4"", ""Arhgef10l"", ""Eif4ebp1"", ""Cfp"", ""Evi5"", ""Rasa4"", ""Cd300lf"", ""Fut7"", ""Calr"", ""Il6ra"", ""Il1rl1"", ""Nfkbie"", ""4930455G09Rik"", ""Tpi1"", ""C3ar1"", ""Cyp4f18"", ""Unc119"", ""Map3k8"", ""Fcrl1"", 
""Ttc39b"", ""Fbxl13"", ""Lgals1"", ""Zyx"", ""Nfkb1"", ""Gm19590"", ""Tarm1"")"
"45","GOBP_NEGATIVE_REGULATION_OF_CELL_POPULATION_PROLIFERATION","0.000230127274912064","0.0119857955683367","0.518848077743792","0.708661519104045","1.18967006550853","314","c(""Ifi30"", ""Il4i1"", ""Havcr2"", ""Klf4"", ""Flt3"", ""Fcgr2b"", ""H2-Aa"", ""Dab2"", ""Bcl11a"", ""Tyrobp"", ""App"", ""Spint1"", ""Nupr1"", ""Adora2b"", ""Csf1r"", ""Cdkn1a"", ""Flt1"", ""Cd300a"", ""Lyn"", ""Cebpb"", ""Lilrb4a"", ""Cd9"", ""Ngfr"", ""Serpinf1"", ""Apod"", ""Cdh1"", ""Ahr"", ""Skap2"", ""Ifitm3"", ""Slc6a4"", ""Pmaip1"", ""Cd44"", ""Mef2c"", ""Il1b"", ""Aif1"", ""Adm"", ""Fth1"", ""Mt3"", ""Cd86"", ""Ccr5"", ""Lrp1"", ""Cd80"", ""Cbfa2t3"", ""Prkcd"", ""Ctnna1"", ""Lgals3"", ""B2m"", ""Lrrk2"", ""H2-D1"", ""Cdkn2b"", ""Tgfb2"", ""Jun"", ""Vim"", ""Lst1"", ""Il12b"", ""H2-K1"", ""Fnip2"", 
""Cdh5"", ""Bmyc"", ""Cxcr3"", ""Cav2"", ""Cebpa"", ""Cd274"", ""Lmna"", ""Il1rl1"", ""Insm1"", ""Sema6d"", ""Il15"", ""Gdi2"", ""Pmp22"", ""Alox5"", ""Lgals1"", ""Pak1"", ""Hpgds"", ""Tarm1"")"
"46","NFATC2_TARGET_GENES","0.000113370176802477","0.00750243817075218","0.538434096309916","0.708498116694291","1.18967737510088","339","c(""Irf5"", ""Zeb2"", ""Cst3"", ""Pik3r6"", ""Havcr2"", ""Hfe"", ""H2-Ab1"", ""H2-Eb1"", ""S100a4"", ""Cd74"", ""Tnip3"", ""Slamf7"", ""Plek"", ""Scimp"", ""Nupr1"", ""Gpr35"", ""Cd33"", ""Kctd12"", ""Slc2a6"", ""Slamf9"", ""Gapt"", ""Rin2"", ""Clec4b1"", ""Clec4a1"", ""Hacd4"", ""Evi2a"", ""Fgr"", ""Bcl2a1d"", ""Grn"", ""Ctsz"", ""Tlr3"", ""Eea1"", ""Pmaip1"", ""Mef2c"", ""Il1b"", ""P2ry14"", ""Ffar2"", ""Fscn1"", ""Capg"", ""Arhgap22"", ""Ehd4"", ""Prkcd"", ""Ier3"", ""Hk2"", ""H2-D1"", ""Ccl6"", ""Oasl2"", ""Zeb2os"", ""Nlrp3"", ""Pou2f2"", ""Cd200r1"", ""Gpr82"", ""Ccdc50"", ""Lsr"", ""Cds1"", ""Il1r2"", 
""Litaf"", ""Ptms"", ""Phf11b"", ""Tnfaip2"", ""Apobr"", ""Hspa5"", ""Lmna"", ""Ctsc"", ""Nfkbie"", ""C3ar1"", ""Nfkb2"", ""Siglecf"", ""Map3k8"", ""Fcrl1"", ""Ttc39b"", ""Gm6377"", ""Dpep2"", ""Orai3"", ""Rai14"", ""Fos"", ""Ccr1"", ""Nfkb1"", ""Vcan"", ""Oas1a"", ""Plscr1"", ""Fcgr1"", ""Hint1"", ""Ubash3b"", ""Trim30b"", ""Trps1"", ""Sap30"", ""Slc11a1"", ""Myo1c"", ""Dstn"", ""P4hb"", ""Ltc4s"", ""Clec4e"", ""Cish"", ""Batf2"")"
"47","GOBP_REGULATION_OF_ANATOMICAL_STRUCTURE_MORPHOGENESIS","0.000682336305829537","0.0288582084232417","0.477270815362862","0.708833289130518","1.18984203259846","280","c(""Itgax"", ""Eps8"", ""Zeb2"", ""Cst3"", ""Pik3r6"", ""Ctsh"", ""Klf4"", ""Dab2"", ""Ccr2"", ""H2-DMa"", ""Bcl11a"", ""Hck"", ""Fes"", ""Csf1r"", ""Shtn1"", ""Plxnb2"", ""Flt1"", ""Efna5"", ""F11r"", ""Ngfr"", ""Cd40"", ""Serpinf1"", ""Fgr"", ""Hhex"", ""Cybb"", ""Grn"", ""Cyfip1"", ""Emilin2"", ""Cdh1"", ""Tlr3"", ""Anxa3"", ""Cysltr1"", ""Cd44"", ""Mef2c"", ""Il1b"", ""Adm"", ""Mt3"", ""Ccr5"", ""Lrp1"", ""Gas7"", ""Lpar3"", ""Lgals3"", ""Hk2"", ""Lrrk2"", ""Plxna4"", ""Plekho1"", ""Runx2"", ""Icam1"", ""Tgfb2"", ""Tcf4"", ""Plxnc1"", ""Rnh1"", ""Vim"", ""Cx3cr1"", ""Lst1"", ""Cdh5"", ""Kdr"", ""Cdc42ep2"", 
""Plk2"", ""Met"", ""Cxcr3"", ""Cd34"", ""Marcks"", ""Gpr4"", ""Spire1"", ""Stat2"", ""C3ar1"", ""Sema6d"", ""Ccl5"", ""Kif1a"", ""Alox5"", ""Pdgfa"", ""Pak1"", ""Ninj1"")"
"48","GOBP_RESPONSE_TO_BACTERIUM","0.000207454830399589","0.0110088058584687","0.518848077743792","0.708917172609765","1.1900847776973","306","c(""Irf5"", ""Ly86"", ""Rnase6"", ""Mpeg1"", ""Spi1"", ""Slamf8"", ""Havcr2"", ""Fcgr2b"", ""Cd209d"", ""Hck"", ""Tnip3"", ""Wfdc17"", ""Tifab"", ""Irf8"", ""App"", ""Scimp"", ""Ear2"", ""Cxcl16"", ""Plcg2"", ""Lyn"", ""Cebpb"", ""Ptafr"", ""Lilrb4a"", ""Slamf9"", ""Casp1"", ""Sirpa"", ""Ncf2"", ""Cd180"", ""Tlr11"", ""Cd68"", ""Fgr"", ""Gpx1"", ""Plac8"", ""Grn"", ""Tnfrsf11a"", ""Emilin2"", ""Ahr"", ""Anxa3"", ""Cfh"", ""Ifi204"", ""Cd36"", ""Mef2c"", ""Il1b"", ""Ly6a"", ""Fcer1g"", ""Adm"", ""Lyz2"", ""Myo1f"", ""Cd86"", ""Cd80"", ""Naip6"", ""Prkcd"", ""B2m"", ""Havcr1"", ""H2-D1"", ""Trf"", ""Ms4a1"", ""Casp4"", 
""Bank1"", ""Cd14"", ""H2-Q6"", ""H2-M2"", ""Nlrp3"", ""Serpinb9"", ""H2-Q7"", ""Rgs1"", ""Vim"", ""Cx3cr1"", ""Il12b"", ""H2-K1"", ""Naip2"", ""Lyz1"", ""Pf4"", ""Litaf"", ""Ncf1"", ""Scarb1"", ""Oas1g"", ""Cd274"", ""Cd79b"", ""Ighg2b"", ""Psmb9"", ""Ifi205"", ""Nlrc4"", ""Usp18"", ""Klrk1"", ""Trim30c"", ""Tnfrsf1b"", ""Rnf213"", ""Ifi44"", ""Syk"", ""Pmp22"", ""Trim30d"", ""Mt2"", ""Scd1"", ""Nfkb1"", ""Oas1a"", ""Prg2"", ""Trim30a"", ""Plscr1"", ""Eif2ak2"", ""Il18"", ""Fcgr1"", ""Cd55"", ""Trim30b"")"
"49","GOBP_T_CELL_ACTIVATION","0.000284809368655593","0.0143040419525689","0.49849310876659","0.709604986811894","1.19083809103026","288","c(""Itgax"", ""H2-DMb1"", ""Wdfy4"", ""Cd209a"", ""Il4i1"", ""Pik3r6"", ""Spi1"", ""Havcr2"", ""Hfe"", ""H2-Ab1"", ""H2-Eb1"", ""Flt3"", ""H2-Aa"", ""Lmo1"", ""Cd209d"", ""Ccr2"", ""Cd74"", ""H2-DMa"", ""Bcl11a"", ""Slamf7"", ""Cd209e"", ""Psap"", ""Icosl"", ""Cd83"", ""Cd300a"", ""Cebpb"", ""H2-DMb2"", ""Lilrb4a"", ""Slamf9"", ""Sirpa"", ""Bcl2a1d"", ""Ebi3"", ""Dusp3"", ""Cd44"", ""Il1b"", ""Fgl2"", ""Aif1"", ""Fcer1g"", ""Cd86"", ""Cd80"", ""Adam8"", ""Relb"", ""Lgals3"", ""B2m"", ""H2-D1"", ""Hlx"", ""H2-Eb2"", ""Runx2"", ""Icam1"", ""H2-Q6"", ""Fkbp1b"", ""H2-M2"", ""Nlrp3"", ""H2-Q7"", ""Ccr6"", ""Pnp"", 
""H2-Ob"", ""Il12b"", ""H2-K1"", ""Irf4"", ""Zbtb32"", ""Fut7"", ""Cd274"", ""Il6ra"", ""Il15"", ""Ccl5"", ""Tnfrsf1b"", ""Lcp1"", ""H2-Oa"")"
"50","GOBP_RESPONSE_TO_CYTOKINE","3.78851830035431e-05","0.00318031170090273","0.557332238758646","0.709095932834023","1.19215031347118","386","c(""Pid1"", ""Irf5"", ""Eps8"", ""Spi1"", ""Ciita"", ""Klf4"", ""H2-Ab1"", ""H2-Eb1"", ""Flt3"", ""H2-Aa"", ""Adam23"", ""Il13ra1"", ""Ccr2"", ""Cd74"", ""Ccl9"", ""Irf8"", ""Cldn1"", ""App"", ""Csf2rb"", ""Ifitm2"", ""Kynu"", ""Csf1r"", ""Cxcl16"", ""Gpr35"", ""Lifr"", ""Serpina3g"", ""Csf2rb2"", ""Pirb"", ""Lyn"", ""Cebpb"", ""Lilrb4a"", ""Ccl17"", ""Casp1"", ""Sirpa"", ""Cd40"", ""Rab7b"", ""Tnfrsf11a"", ""Ebi3"", ""Bst2"", ""Cfh"", ""Pira2"", ""Ifitm3"", ""Ifi204"", ""Il1b"", ""Xcr1"", ""Fcer1g"", ""Mt3"", ""Traf1"", ""Ccr5"", ""Csf2ra"", ""Capg"", ""Ccl22"", ""Naip6"", ""Relb"", ""Alox15"", ""Hk2"", ""Lrrk2"", 
""Ccl6"", ""Casp4"", ""Asah1"", ""Oasl2"", ""Cd14"", ""Icam1"", ""Snx10"", ""Mefv"", ""Lilra6"", ""H2-Q7"", ""Ccrl2"", ""Il10ra"", ""Vim"", ""Cx3cr1"", ""Il12b"", ""Samhd1"", ""Naip2"", ""Il1r2"", ""Txndc17"", ""Spp1"", ""Nrp2"", ""Pf4"", ""Cdc42ep2"", ""Rel"", ""Oas1g"", ""Cd300lf"", ""Hspa5"", ""Cebpa"", ""Cd274"", ""Birc3"", ""Il6ra"", ""Il1rl1"", ""Stat2"", ""Ifi205"", ""Nfkb2"", ""Il15"", ""Ccl5"", ""Irf7"")"
"51","GOBP_POSITIVE_REGULATION_OF_IMMUNE_SYSTEM_PROCESS","3.25026056170167e-06","0.000513227270953064","0.627256739718528","0.709286254170301","1.1923245188511","455","c(""Irf5"", ""H2-DMb1"", ""Cd209a"", ""Il4i1"", ""Pik3r6"", ""Spi1"", ""Havcr2"", ""Hfe"", ""H2-Ab1"", ""H2-Eb1"", ""H2-Aa"", ""Cd209d"", ""Ccr2"", ""Cd74"", ""H2-DMa"", ""Ccl9"", ""Tnip3"", ""Tyrobp"", ""Sh2d1b1"", ""App"", ""Scimp"", ""Cd209e"", ""Fes"", ""Adora2b"", ""Csf1r"", ""Plcg2"", ""Cdkn1a"", ""Icosl"", ""Cd83"", ""Cd300a"", ""Lyn"", ""Ptafr"", ""H2-DMb2"", ""Lilrb4a"", ""Casp1"", ""Sirpa"", ""Unc93b1"", ""Cd40"", ""Rab7b"", ""Lat2"", ""Tifa"", ""Tlr11"", ""Fgr"", ""Bcl2a1d"", ""Lacc1"", ""Gcsam"", ""Tlr3"", ""Dusp3"", ""Smpdl3b"", ""Tlr13"", ""Cfh"", ""Cd44"", ""Treml4"", ""Ifi204"", ""Cd36"", 
""Mef2c"", ""Il1b"", ""Themis2"", ""Aif1"", ""Fcer1g"", ""Blnk"", ""Ffar2"", ""Myo1f"", ""Cd86"", ""Cd80"", ""Swap70"", ""Adam8"", ""Lgals3"", ""B2m"", ""Pik3ap1"", ""Lrrk2"", ""Havcr1"", ""H2-D1"", ""Cadm1"", ""Hlx"", ""Slc15a3"", ""H2-Eb2"", ""Ms4a1"", ""Casp4"", ""Cd14"", ""Icam1"", ""H2-Q6"", ""Tgfb2"", ""H2-M2"", ""Clnk"", ""Mefv"", ""Id2"", ""Jun"", ""Nlrp3"", ""H2-Q7"", ""Ccr6"", ""Cx3cr1"", ""Pnp"", ""H2-Ob"", ""Aqp3"", ""Il12b"", ""Klrd1"", ""Cd79a"", ""H2-K1"", ""Ighd"", ""Cd19"", ""Irf4"", ""Fcer2a"", ""Mzb1"", ""Clec4b2"", ""Cfp"", ""Oas1g"", ""Cd300lf"", ""Fut7"", ""Cebpa"", ""Pla2g7"", ""Cd274"", 
""Cd79b"", ""Ighg2b"", ""Calr"", ""Ctsc"", ""Il1rl1"", ""Ifi205"", ""Nlrc4"", ""Klrk1"", ""C3ar1"", ""Trim30c"", ""Il15"", ""Ccl5"", ""Irf7"", ""Fcrl5"", ""H2-Oa"", ""Syk"", ""Trim30d"", ""Fut4"", ""Lgals1"", ""Ninj1"", ""Ifih1"", ""Fos"", ""Ccr1"", ""Nfkb1"", ""Cacnb3"", ""Oas1a"", ""Gpr183"", ""Trim30a"", ""Plscr1"", ""Eif2ak2"", ""Il18"", ""Fcgr1"", ""Sirpb1b"", ""Cd55"", ""Trim30b"")"
"52","SWEET_LUNG_CANCER_KRAS_UP","0.000929622754817741","0.0348608533056653","0.477270815362862","0.710640851882961","1.19250645366997","252","c(""Napsa"", ""Itgax"", ""Ifi30"", ""H2-DMb1"", ""Plbd1"", ""Mpeg1"", ""Ctsh"", ""H2-Ab1"", ""H2-Eb1"", ""Fcgr2b"", ""H2-Aa"", ""Plet1"", ""Tgfbi"", ""Cd74"", ""H2-DMa"", ""Ccl9"", ""Tyrobp"", ""Spint1"", ""Ear2"", ""Ctss"", ""Bcl2a1a"", ""Cdkn1a"", ""Psap"", ""Plxnb2"", ""Csf2rb2"", ""Ccnd1"", ""Sirpa"", ""Cd9"", ""Cd68"", ""Entpd1"", ""Hhex"", ""Ctsz"", ""F10"", ""Mx1"", ""Ctnnd2"", ""Cd44"", ""Socs2"", ""Cd63"", ""Ccr5"", ""Lgals3"", ""Bhlhe40"", ""Hk2"", ""Ccl6"", ""Cd14"", ""Anxa4"", ""Sat1"", ""Snx10"", ""Nucb2"", ""Id2"", ""Avpi1"", ""Msr1"", ""Rrbp1"", ""Specc1"", ""Spp1"", ""Hspa1b"", ""Basp1"", ""Litaf"", 
""Gns"", ""Hspa5"", ""Cebpa"", ""Pla2g7"", ""Ighg2b"", ""Ctsc"", ""Tpi1"", ""Lcp1"", ""St3gal4"", ""Plp2"", ""Mt2"", ""Ostf1"", ""Csrp2"", ""Scd1"", ""Kcnk1"", ""Muc1"", ""Hap1"", ""Il18"", ""Golm1"", ""Mdfic"")"
"53","GOBP_POSITIVE_REGULATION_OF_IMMUNE_RESPONSE","0.000141704925358148","0.00839042321199563","0.518848077743792","0.711316725200773","1.1941129930124","306","c(""H2-DMb1"", ""Spi1"", ""Havcr2"", ""Hfe"", ""H2-Ab1"", ""H2-Eb1"", ""H2-Aa"", ""Ccr2"", ""Cd74"", ""H2-DMa"", ""Tnip3"", ""Tyrobp"", ""Sh2d1b1"", ""App"", ""Scimp"", ""Adora2b"", ""Plcg2"", ""Icosl"", ""Cd300a"", ""Lyn"", ""Ptafr"", ""H2-DMb2"", ""Lilrb4a"", ""Casp1"", ""Unc93b1"", ""Cd40"", ""Rab7b"", ""Lat2"", ""Tifa"", ""Tlr11"", ""Fgr"", ""Bcl2a1d"", ""Lacc1"", ""Gcsam"", ""Tlr3"", ""Dusp3"", ""Smpdl3b"", ""Tlr13"", ""Cfh"", ""Cd44"", ""Treml4"", ""Ifi204"", ""Cd36"", ""Mef2c"", ""Il1b"", ""Themis2"", ""Fcer1g"", ""Blnk"", ""Ffar2"", ""Cd86"", ""Adam8"", ""Lgals3"", ""B2m"", ""Pik3ap1"", ""H2-D1"", 
""Cadm1"", ""Hlx"", ""Slc15a3"", ""H2-Eb2"", ""Ms4a1"", ""Casp4"", ""Cd14"", ""H2-Q6"", ""H2-M2"", ""Clnk"", ""Mefv"", ""Nlrp3"", ""H2-Q7"", ""Pnp"", ""H2-Ob"", ""Il12b"", ""Klrd1"", ""Cd79a"", ""H2-K1"", ""Cd19"", ""Irf4"", ""Fcer2a"", ""Cfp"", ""Oas1g"", ""Cd300lf"", ""Cd274"", ""Cd79b"", ""Ighg2b"", ""Ifi205"", ""Nlrc4"", ""Klrk1"", ""C3ar1"", ""Trim30c"", ""Il15"", ""Irf7"", ""Fcrl5"", ""H2-Oa"", ""Syk"", ""Trim30d"", ""Ninj1"", ""Ifih1"", ""Nfkb1"", ""Cacnb3"", ""Oas1a"", ""Trim30a"", ""Plscr1"", ""Eif2ak2"", ""Il18"", ""Fcgr1"", ""Cd55"", ""Trim30b"")"
"54","GOBP_NEGATIVE_REGULATION_OF_MULTICELLULAR_ORGANISMAL_PROCESS","8.68375663860929e-06","0.00111013934300403","0.593325476396405","0.710711950105201","1.1954410268335","431","c(""Cst3"", ""Il4i1"", ""Spi1"", ""Slamf8"", ""Havcr2"", ""Ptpro"", ""Hfe"", ""Klf4"", ""Flt3"", ""Fcgr2b"", ""H2-Aa"", ""Ccr2"", ""Cd74"", ""Bcl11a"", ""Tyrobp"", ""Tifab"", ""Sh2d1b1"", ""Tmem176b"", ""App"", ""Adora2b"", ""Gpr35"", ""Cd83"", ""Tmem176a"", ""Flt1"", ""Pirb"", ""Cd300a"", ""Lyn"", ""Cebpb"", ""Lilrb4a"", ""Sirpa"", ""Cd9"", ""Ngfr"", ""Serpinf1"", ""Fgr"", ""Apod"", ""Plac8"", ""Hhex"", ""Sct"", ""Grn"", ""Procr"", ""Cdh1"", ""Bst2"", ""Dusp3"", ""Ahr"", ""Pira2"", ""Slc6a4"", ""Cd44"", ""Mef2c"", ""Il1b"", ""Fgl2"", ""Dock7"", ""Adm"", ""Ffar4"", ""Socs2"", ""Mt3"", ""Cd63"", ""Cd86"", ""Ccr5"", 
""Cd80"", ""Prkcd"", ""Ctnna1"", ""Relb"", ""Lgals3"", ""B2m"", ""Homer2"", ""Hlx"", ""Bank1"", ""Anxa4"", ""Cdkn2b"", ""Pros1"", ""Tgfb2"", ""Fkbp1b"", ""Clnk"", ""Tcf4"", ""Mefv"", ""Lilra6"", ""Id2"", ""Nlrp3"", ""Samsn1"", ""Cd200r1"", ""Cx3cr1"", ""Lst1"", ""Il12b"", ""Il1r2"", ""Srgn"", ""Bmyc"", ""Plk2"", ""Met"", ""Ncf1"", ""Cxcr3"", ""Rel"", ""Oas1g"", ""Cd300lf"", ""Cebpa"", ""Cd34"", ""Cd274"", ""Calr"", ""Lmna"", ""Ctsc"", ""Il1rl1"", ""Gpr4"", ""Pi16"", ""Prg4"", ""Sema6d"", ""Il15"", ""Tnfrsf1b"", ""Atp2b1"", ""Alox5"", ""Pdgfa"", ""Pak1"", ""Ccr1"", ""Hpgds"", ""Nfkb1"", ""Tarm1"", ""Cacnb3"", 
""Anxa2"", ""Oas1a"", ""Prg2"", ""Sod1"", ""Trim30a"")"
"55","GOBP_ACTIN_FILAMENT_BASED_PROCESS","0.000828876325615112","0.032843554937422","0.477270815362862","0.713717640632144","1.19752454587433","232","c(""Eps8"", ""Zeb2"", ""Sh3pxd2b"", ""Hck"", ""Tyrobp"", ""Rnd3"", ""Plek"", ""Myadm"", ""Csf1r"", ""Shtn1"", ""Tmsb4x"", ""Efna5"", ""F11r"", ""Sirpa"", ""Fgr"", ""Cyfip1"", ""Cdh1"", ""Bst2"", ""Arhgap6"", ""Cacnb2"", ""Mef2c"", ""Aif1"", ""Nuak2"", ""Fscn1"", ""Tagln2"", ""Myo1f"", ""Capg"", ""Lrp1"", ""Prkcd"", ""Swap70"", ""Gas7"", ""Alox15"", ""Trf"", ""Casp4"", ""Icam1"", ""Tgfb2"", ""Marcksl1"", ""Prr5"", ""Rnh1"", ""Ccdc88a"", ""Synpo2"", ""Phactr2"", ""Lima1"", ""Specc1"", ""Myo1e"", ""Nostrin"", ""Fmn1"", ""Arhgef10l"", ""Cdc42ep2"", ""Met"", ""Tpm2"", ""Myo5a"", ""Marcks"", ""Calr"", ""Spire1"", 
""Arhgap28"", ""Lcp1"", ""Hsp90b1"", ""Myo1b"", ""Pmp22"", ""Pdgfa"", ""Pak1"", ""Csrp2"", ""Zyx"", ""Scin"", ""Rap2a"", ""Tpm4"", ""Myo1c"", ""Dstn"", ""Sdc4"", ""Mical2"", ""Fmnl2"", ""Krt8"", ""Rufy3"", ""Asb2"", ""Syne2"", ""Diaph2"")"
"56","GOBP_LEUKOCYTE_CELL_CELL_ADHESION","0.00086551137847149","0.0333459007116584","0.477270815362862","0.717219317757624","1.20308684693152","210","c(""H2-DMb1"", ""Cd209a"", ""Il4i1"", ""Pik3r6"", ""Havcr2"", ""Hfe"", ""Klf4"", ""H2-Ab1"", ""H2-Eb1"", ""H2-Aa"", ""Cd209d"", ""Ccr2"", ""Cd74"", ""H2-DMa"", ""Cd209e"", ""Icosl"", ""Cd83"", ""Cd300a"", ""Cebpb"", ""Ptafr"", ""H2-DMb2"", ""Lilrb4a"", ""F11r"", ""Sirpa"", ""Dusp3"", ""Cfh"", ""Cd44"", ""Il1b"", ""Fgl2"", ""Aif1"", ""Cd86"", ""Cd80"", ""Adam8"", ""Lgals3"", ""B2m"", ""H2-D1"", ""Hlx"", ""H2-Eb2"", ""Icam1"", ""H2-Q6"", ""H2-M2"", ""Nlrp3"", ""Ass1"", ""H2-Q7"", ""Cx3cr1"", ""Pnp"", ""H2-Ob"", ""Il12b"", ""H2-K1"")"
"57","GOBP_REGULATION_OF_RESPONSE_TO_EXTERNAL_STIMULUS","3.28465453409961e-06","0.000513227270953064","0.627256739718528","0.718310354031514","1.20821281307144","433","c(""Ly86"", ""Pik3r6"", ""Spi1"", ""Slamf8"", ""Havcr2"", ""Klf4"", ""Alox5ap"", ""Fcgr2b"", ""Ccr2"", ""Cd74"", ""Tnip3"", ""Tyrobp"", ""Sh2d1b1"", ""App"", ""Scimp"", ""Nupr1"", ""Ctss"", ""Adora2b"", ""Csf1r"", ""Plcg2"", ""Metrnl"", ""Cd300a"", ""Aph1c"", ""Lyn"", ""Cebpb"", ""Siglecg"", ""Casp1"", ""Sirpa"", ""Unc93b1"", ""Cd9"", ""Cd40"", ""Rab7b"", ""Tifa"", ""Cd180"", ""Tlr11"", ""Fgr"", ""Gpx1"", ""Grn"", ""Tnfrsf11a"", ""Lacc1"", ""Emilin2"", ""Tlr3"", ""Dnase1l3"", ""Dusp3"", ""Ahr"", ""Smpdl3b"", ""Tlr13"", ""Cfh"", ""Cd44"", ""Treml4"", ""Ifi204"", ""Cd36"", ""Vwf"", ""Il1b"", ""Fgl2"", ""Aif1"", 
""Fcer1g"", ""Ffar2"", ""Ffar4"", ""Mt3"", ""Myo1f"", ""Cd86"", ""Ccr5"", ""Lrp1"", ""Prkcd"", ""Swap70"", ""Adam8"", ""Pik3ap1"", ""Alox15"", ""Ier3"", ""Lrrk2"", ""H2-D1"", ""Cadm1"", ""Slc15a3"", ""Plxna4"", ""Casp4"", ""Cd14"", ""H2-Q6"", ""Pros1"", ""Fkbp1b"", ""H2-M2"", ""Clnk"", ""Nucb2"", ""Mefv"", ""Nlrp3"", ""Cd200r1"", ""Serpinb9"", ""H2-Q7"", ""Ccr6"", ""Il10ra"", ""Cx3cr1"", ""Il12b"", ""Samhd1"", ""Klrd1"", ""H2-K1"", ""Irf4"", ""Cdh5"", ""Kdr"", ""Met"", ""Ncf1"", ""Cxcr3"", ""Oas1g"", ""Cd300lf"", ""Fut7"", ""Cebpa"", ""Pla2g7"", ""Apobec3"", ""Ighg2b"", ""Calr"", ""Ctsc"", ""Il1rl1"", ""Gpr4"", 
""Stat2"", ""Ifi205"", ""Nlrc4"", ""Klrk1"", ""C3ar1"", ""Sema6d"", ""Trim30c"", ""Il15"", ""Ccl5"", ""Irf7"", ""Tnfrsf1b"", ""Syk"", ""Pmp22"", ""Trim30d"", ""St3gal4"", ""Alox5"", ""Lgals1"", ""Pdgfa"", ""Ninj1"", ""Ifih1"", ""Ccr1"", ""Nfkb1"", ""Cacnb3"", ""Trafd1"", ""Anxa2"", ""Oas1a"", ""Gpr183"", ""Parp14"", ""Sod1"", ""Trim30a"", ""Rnf216"", ""Plscr1"", ""Eif2ak2"", ""Il18"", ""Fcgr1"", ""Cd55"", ""Ubash3b"", ""Trim30b"", ""N4bp1"", ""Serpinb1a"", ""Gbp5"", ""Csf1"", ""Hopx"")"
"58","GOBP_POSITIVE_REGULATION_OF_RESPONSE_TO_EXTERNAL_STIMULUS","0.000106601865652085","0.0071385177892021","0.538434096309916","0.720139237790741","1.20884812632996","267","c(""Ly86"", ""Spi1"", ""Havcr2"", ""Alox5ap"", ""Ccr2"", ""Cd74"", ""Tnip3"", ""Tyrobp"", ""Sh2d1b1"", ""App"", ""Scimp"", ""Nupr1"", ""Ctss"", ""Adora2b"", ""Csf1r"", ""Plcg2"", ""Cd300a"", ""Lyn"", ""Cebpb"", ""Casp1"", ""Unc93b1"", ""Cd40"", ""Rab7b"", ""Tifa"", ""Cd180"", ""Tlr11"", ""Grn"", ""Tnfrsf11a"", ""Lacc1"", ""Emilin2"", ""Tlr3"", ""Smpdl3b"", ""Tlr13"", ""Treml4"", ""Ifi204"", ""Cd36"", ""Il1b"", ""Aif1"", ""Fcer1g"", ""Ffar2"", ""Cd86"", ""Ccr5"", ""Lrp1"", ""Swap70"", ""Adam8"", ""Pik3ap1"", ""Lrrk2"", ""H2-D1"", ""Cadm1"", ""Slc15a3"", ""Casp4"", ""Cd14"", ""H2-Q6"", ""Fkbp1b"", ""H2-M2"", 
""Clnk"", ""Mefv"", ""Nlrp3"", ""H2-Q7"", ""Ccr6"", ""Cx3cr1"", ""Il12b"", ""Klrd1"", ""H2-K1"", ""Irf4"", ""Kdr"", ""Met"", ""Cxcr3"", ""Oas1g"", ""Cd300lf"", ""Cebpa"", ""Pla2g7"", ""Ighg2b"", ""Calr"", ""Ctsc"", ""Il1rl1"", ""Gpr4"", ""Ifi205"", ""Nlrc4"", ""Klrk1"", ""C3ar1"", ""Trim30c"", ""Ccl5"", ""Irf7"", ""Syk"", ""Trim30d"", ""Lgals1"", ""Ninj1"", ""Ifih1"", ""Ccr1"", ""Oas1a"", ""Trim30a"", ""Plscr1"", ""Eif2ak2"", ""Il18"", ""Fcgr1"")"
"59","GOBP_RESPONSE_TO_WOUNDING","0.001224148231351","0.0413522098064541","0.45505986738723","0.722913062509771","1.21274353421269","173","c(""Klf4"", ""Clec10a"", ""Plet1"", ""Ahnak"", ""Ccr2"", ""Tyrobp"", ""Cldn1"", ""Plek"", ""Plcg2"", ""Cdkn1a"", ""Lyn"", ""Lilrb4a"", ""Siglecg"", ""F11r"", ""Cd9"", ""Gpx1"", ""Entpd1"", ""Sulf2"", ""Grn"", ""Procr"", ""Emilin2"", ""F10"", ""Tlr3"", ""Cfh"", ""Slc6a4"", ""Cd44"", ""Cd36"", ""Vwf"", ""Fcer1g"", ""Lrp1"", ""Prkcd"", ""Alox15"", ""Havcr1"", ""F2rl2"", ""Prcp"", ""Pros1"", ""Fkbp1b"", ""Jun"", ""Kdr"", ""Gnaq"", ""F5"", ""Il6ra"", ""Gpr4"", ""Lcp1"", ""Syk"", ""St3gal4"", ""Alox5"", ""Pdgfa"", ""Pak1"", ""Anxa2"", ""Sod1"", ""Nfix"")"
"60","GOBP_G_PROTEIN_COUPLED_RECEPTOR_SIGNALING_PATHWAY","0.000544955479545218","0.0237625935848206","0.477270815362862","0.725889036846308","1.21709454127517","195","c(""P2ry6"", ""Pik3r6"", ""Ccr2"", ""Ccl9"", ""App"", ""Plek"", ""Adora2b"", ""Gpr35"", ""Psap"", ""Kctd12"", ""Adgrg6"", ""Ptafr"", ""Adgre4"", ""Ccl17"", ""Rgs18"", ""Entpd1"", ""Gprc5c"", ""Adgre1"", ""Cysltr1"", ""Gna15"", ""P2ry14"", ""Xcr1"", ""Adm"", ""Ffar2"", ""Ffar4"", ""Ccr5"", ""Ccl22"", ""Lrp1"", ""Lpar3"", ""Gpr141"", ""Homer2"", ""Ccl6"", ""F2rl2"", ""Bcar3"", ""Ltb4r1"", ""Plppr4"", ""Gpr82"", ""Ccrl2"", ""Ccr6"", ""Rgs1"", ""Cx3cr1"", ""Ramp3"", ""Htr7"", ""Gnaq"", ""Met"", ""Cxcr5"", ""Cxcr3"", ""Gpr4"", ""C3ar1"", ""Ccl5"", ""Adcy4"", ""Syk"", ""P2ry13"", ""Gpr34"")"
"61","FOSTER_TOLERANT_MACROPHAGE_DN","0.000847193850113918","0.0328652786682123","0.477270815362862","0.72640883186395","1.21833779303856","188","c(""Il4i1"", ""Pik3r6"", ""Il13ra1"", ""Rnd3"", ""Creb5"", ""Myadm"", ""Tubb6"", ""Serpina3g"", ""Cdkn1a"", ""Icosl"", ""Cd83"", ""Slc2a6"", ""Adgrg6"", ""Alcam"", ""Rin2"", ""F11r"", ""Cd40"", ""Hhex"", ""Tlr3"", ""Ogfrl1"", ""Il1b"", ""Gna15"", ""Fscn1"", ""Socs2"", ""Traf1"", ""Cd86"", ""Ccl22"", ""Gcnt2"", ""Nek6"", ""Snx10"", ""Prr5l"", ""Tcf4"", ""Adap2"", ""Cds1"", ""Il12b"", ""Samhd1"", ""Hspa1b"", ""Frmd4a"", ""Filip1l"", ""Zbtb32"", ""Rel"", ""Endod1"", ""Lmna"", ""Ctsc"", ""Il15"", ""Glipr2"", ""Gca"", ""Etv6"", ""Hmgn3"", ""Map3k8"", ""Junb"", ""Mt2"", ""Rai14"", ""Ifih1"", ""Fos"", ""Zyx"", ""Nfkb1"", 
""Vcan"", ""Cacnb3"", ""Parp14"", ""Pfkfb3"", ""Nfix"", ""Pim1"", ""Slfn5"", ""Il18"", ""Ctla2b"", ""Ubash3b"", ""N4bp1"", ""Tpm4"", ""Csf1"", ""Hopx"", ""B4galt5"", ""Cited2"", ""Sdc4"", ""Batf2"", ""Fmnl2"", ""Tnfsf4"", ""Nampt"", ""Luzp1"", ""Nlrc5"", ""Pla2g4a"", ""Tagap"", ""Tiam1"", ""Malt1"", ""Gbp3"", ""Pml"", ""Arhgap26"", ""Ncoa7"", ""Gnb4"", ""Slc4a7"", ""Aim2"", ""Tmem50b"")"
"62","GOBP_DEFENSE_RESPONSE_TO_OTHER_ORGANISM","3.6219709032596e-07","8.14943453233409e-05","0.674962860011025","0.724859661260318","1.2186209344528","461","c(""Itgax"", ""Irf5"", ""Ly86"", ""Rnase6"", ""Mpeg1"", ""Pik3r6"", ""Spi1"", ""Slamf8"", ""Havcr2"", ""Ciita"", ""H2-Ab1"", ""H2-Eb1"", ""H2-Aa"", ""Cd209d"", ""Cd74"", ""Ccl9"", ""Hck"", ""Tnip3"", ""Slamf7"", ""Tyrobp"", ""Wfdc17"", ""Sh2d1b1"", ""Irf8"", ""App"", ""Scimp"", ""Ifitm2"", ""Ear2"", ""Kynu"", ""Pld4"", ""Csf1r"", ""Cxcl16"", ""Plcg2"", ""Cd300a"", ""Lyn"", ""Cebpb"", ""Ccl17"", ""Siglecg"", ""Slamf9"", ""Clec4b1"", ""Clec4a1"", ""Casp1"", ""Sirpa"", ""Unc93b1"", ""Cd40"", ""Rab7b"", ""Tifa"", ""Cd180"", ""Tlr11"", ""Fgr"", ""Plac8"", ""Cybb"", ""Grn"", ""Lacc1"", ""Emilin2"", ""Mx1"", ""Tlr3"", 
""Trim7"", ""Bst2"", ""Smpdl3b"", ""Anxa3"", ""Tlr13"", ""Cfh"", ""Ifitm3"", ""Pmaip1"", ""Treml4"", ""Ifi204"", ""Cd36"", ""Il1b"", ""Fgl2"", ""Tbkbp1"", ""Fcer1g"", ""Adm"", ""Ffar2"", ""Clec4a2"", ""Lyz2"", ""Myo1f"", ""Cd86"", ""Capg"", ""Ccl22"", ""Naip6"", ""Prkcd"", ""Tmem106a"", ""Adam8"", ""Relb"", ""Lgals3"", ""B2m"", ""Pik3ap1"", ""Rnf19b"", ""H2-D1"", ""Cadm1"", ""Cd207"", ""Slc15a3"", ""Ccl6"", ""Trf"", ""Casp4"", ""Oasl2"", ""Cd14"", ""H2-Q6"", ""H2-M2"", ""Clnk"", ""Mefv"", ""Nlrp3"", ""Serpinb9"", ""H2-Q7"", ""Vim"", ""Cx3cr1"", ""Il12b"", ""Samhd1"", ""Klrd1"", ""H2-K1"", ""Naip2"", ""Lyz1"", 
""Irf4"", ""Neurl3"", ""Clec5a"", ""Clec4b2"", ""Clec4a3"", ""Pf4"", ""Cdc42ep2"", ""Ncf1"", ""Cfp"", ""Rel"", ""Oas1g"", ""Cd300lf"", ""Endod1"", ""Apobec3"", ""Ighg2b"", ""Stat2"", ""Ifi205"", ""Nlrc4"", ""Klrk1"", ""Nfkb2"", ""Trim30c"", ""Il15"", ""Ccl5"", ""Irf7"", ""Rnf213"", ""Syk"", ""Trim30d"", ""Ninj1"", ""Ifih1"", ""Zyx"", ""Scd1"", ""Ccr1"", ""Nfkb1"", ""Tarm1"", ""Trafd1"", ""Oas1a"", ""Prg2"", ""Parp14"", ""Trim30a"", ""Rnf216"", ""Plscr1"", ""Eif2ak2"", ""Il18"", ""Fcgr1"", ""Ncr1"", ""Cd55"", ""Trim30b"", ""N4bp1"", ""Serpinb1a"", ""Slc11a1"", ""Gbp5"", ""Csf1"")"
"63","GOBP_REGULATION_OF_CELL_ADHESION","1.16014444551818e-05","0.00137582604597876","0.593325476396405","0.72556113944468","1.21862319727535","330","c(""H2-DMb1"", ""Cd209a"", ""Il4i1"", ""Pik3r6"", ""Spi1"", ""Havcr2"", ""Hfe"", ""Klf4"", ""H2-Ab1"", ""H2-Eb1"", ""H2-Aa"", ""Plet1"", ""Cd209d"", ""Dab2"", ""Ccr2"", ""Cd74"", ""H2-DMa"", ""Cd209e"", ""Myadm"", ""Fes"", ""Plxnb2"", ""Icosl"", ""Cd83"", ""Cd300a"", ""Lyn"", ""Cebpb"", ""Efna5"", ""Ptafr"", ""H2-DMb2"", ""Lilrb4a"", ""Rin2"", ""F11r"", ""Sirpa"", ""Cd9"", ""Apod"", ""Dock1"", ""Emilin2"", ""Cdh1"", ""Dusp3"", ""Arhgap6"", ""Cd44"", ""Cd36"", ""Il1b"", ""Fgl2"", ""Aif1"", ""Cd63"", ""Myo1f"", ""Cd86"", ""Ccr5"", ""Lrp1"", ""Cd80"", ""Prkcd"", ""Swap70"", ""Adam8"", ""Lgals3"", ""B2m"", ""Alox15"", 
""H2-D1"", ""Hlx"", ""Plxna4"", ""Gcnt2"", ""H2-Eb2"", ""Icam1"", ""H2-Q6"", ""Tgfb2"", ""H2-M2"", ""Plxnc1"", ""Nlrp3"", ""Ass1"", ""H2-Q7"", ""Pnp"", ""H2-Ob"", ""Il12b"", ""H2-K1"", ""Fmn1"", ""Spp1"", ""Kdr"", ""Cxcr3"", ""Fut7"", ""Cd274"", ""Calr"", ""Il6ra"", ""Gpr4"", ""Il15"", ""Ccl5"", ""H2-Oa"", ""Syk"", ""St3gal4"", ""Alox5"", ""Fut4"", ""Lgals1"", ""Ninj1"")"
"64","GOBP_INFLAMMATORY_RESPONSE","1.03510052116933e-05","0.00129387565146166","0.593325476396405","0.726102612833675","1.21953263411901","330","c(""Irf5"", ""Ly86"", ""Zeb2"", ""Slamf8"", ""Havcr2"", ""Alox5ap"", ""Fcgr2b"", ""Clec10a"", ""Ccr2"", ""Ccl9"", ""Hck"", ""Tyrobp"", ""App"", ""Nupr1"", ""Ctss"", ""Adora2b"", ""Pld4"", ""Csf1r"", ""Plcg2"", ""Metrnl"", ""Cd300a"", ""Lyn"", ""Cebpb"", ""Ptafr"", ""Lilrb4a"", ""Ccl17"", ""Siglecg"", ""Casp1"", ""Sirpa"", ""Cd180"", ""Tlr11"", ""Cd68"", ""Gpx1"", ""Apod"", ""Cybb"", ""Grn"", ""Tnfrsf11a"", ""Lacc1"", ""Tlr3"", ""Dnase1l3"", ""Ahr"", ""Smpdl3b"", ""Tlr13"", ""Cfh"", ""Cysltr1"", ""Cd44"", ""Cd36"", ""Vwf"", ""Il1b"", ""Themis2"", ""Aif1"", ""Fcer1g"", ""Ffar2"", ""Ffar4"", ""Ccr5"", ""Ccl22"", 
""Lrp1"", ""Naip6"", ""Adam8"", ""Cd163"", ""Relb"", ""Pik3ap1"", ""Alox15"", ""Ier3"", ""Lrrk2"", ""H2-D1"", ""Ccl6"", ""Prcp"", ""Casp4"", ""Cd14"", ""Icam1"", ""H2-Q6"", ""H2-M2"", ""Mefv"", ""Jun"", ""Nlrp3"", ""Cd200r1"", ""Serpinb9"", ""H2-Q7"", ""Ccrl2"", ""Ccr6"", ""Il10ra"", ""Cx3cr1"", ""Il12b"", ""H2-K1"", ""Naip2"", ""Il1r2"", ""Cdh5"", ""Pf4"", ""Ncf1"", ""Cxcr3"", ""Rel"", ""Myo5a"", ""Fut7"", ""Cebpa"", ""Pla2g7"", ""Ighg2b"", ""Ctsc"", ""Il1rl1"", ""Gpr4"", ""Nlrc4"", ""C3ar1"", ""Nfkb2"", ""Ccl5"", ""Tnfrsf1b"", ""Acer3"", ""Syk"", ""Pmp22"", ""Alox5"", ""Fut4"", ""Lgals1"", ""Ninj1"", ""Ccr1"", 
""Nfkb1"", ""Tarm1"", ""Sod1"", ""Trim30a"", ""Nfix"", ""Plscr1"", ""Eif2ak2"", ""Il18"", ""Fcgr1"")"
"65","GOBP_REGULATION_OF_IMMUNE_RESPONSE","1.18933327238412e-06","0.000222999988572022","0.643551836150722","0.725854643299674","1.22032548838037","386","c(""H2-DMb1"", ""Il4i1"", ""Pik3r6"", ""Ctsh"", ""Spi1"", ""Slamf8"", ""Havcr2"", ""Hfe"", ""H2-Ab1"", ""H2-Eb1"", ""Fcgr2b"", ""H2-Aa"", ""Ccr2"", ""Cd74"", ""H2-DMa"", ""Tnip3"", ""Tyrobp"", ""Sh2d1b1"", ""App"", ""Scimp"", ""Fes"", ""Adora2b"", ""Plcg2"", ""Icosl"", ""Cd300a"", ""Lyn"", ""Ptafr"", ""H2-DMb2"", ""Lilrb4a"", ""Siglecg"", ""Casp1"", ""Unc93b1"", ""Cd40"", ""Rab7b"", ""Lat2"", ""Tifa"", ""Tlr11"", ""Fgr"", ""Gpx1"", ""Bcl2a1d"", ""Grn"", ""Lacc1"", ""Gcsam"", ""Tlr3"", ""Dusp3"", ""Ahr"", ""Smpdl3b"", ""Tlr13"", ""Cfh"", ""Cd44"", ""Treml4"", ""Ifi204"", ""Cd36"", ""Mef2c"", ""Il1b"", ""Fgl2"", 
""Themis2"", ""Fcer1g"", ""Blnk"", ""Ffar2"", ""Myo1f"", ""Cd86"", ""Cd80"", ""Adam8"", ""Lgals3"", ""B2m"", ""Pik3ap1"", ""Alox15"", ""Clec12a"", ""H2-D1"", ""Cadm1"", ""Hlx"", ""Slc15a3"", ""H2-Eb2"", ""Ms4a1"", ""Casp4"", ""Cd14"", ""H2-Q6"", ""H2-M2"", ""Clnk"", ""Mefv"", ""Nlrp3"", ""Samsn1"", ""Serpinb9"", ""H2-Q7"", ""Ccr6"", ""Pnp"", ""H2-Ob"", ""Il12b"", ""Samhd1"", ""Klrd1"", ""Cd79a"", ""H2-K1"", ""Ighd"", ""Cd19"", ""Irf4"", ""Fcer2a"", ""Ncf1"", ""Cfp"", ""Oas1g"", ""Cd300lf"", ""Fut7"", ""Cd274"", ""Cd79b"", ""Ighg2b"", ""Il1rl1"", ""Stat2"", ""Ifi205"", ""Nlrc4"", ""Klrk1"", ""C3ar1"", ""Trim30c"", 
""Il15"", ""Irf7"", ""Fcrl5"", ""Tnfrsf1b"", ""H2-Oa"", ""Syk"", ""Pianp"", ""Trim30d"", ""Ninj1"", ""Ifih1"", ""Ccr1"", ""Nfkb1"", ""Cacnb3"", ""Trafd1"", ""Oas1a"", ""Parp14"", ""Trim30a"", ""Plscr1"", ""Eif2ak2"", ""Il18"", ""Fcgr1"", ""Cd55"", ""Trim30b"", ""N4bp1"", ""Serpinb1a"", ""Slc11a1"", ""Gbp5"")"
"66","GOBP_CELL_CELL_ADHESION","1.16014444551818e-05","0.00137582604597876","0.593325476396405","0.726615883255673","1.22033146964195","317","c(""Itgax"", ""H2-DMb1"", ""Cd209a"", ""Il4i1"", ""Pik3r6"", ""Spi1"", ""Havcr2"", ""Hfe"", ""Klf4"", ""H2-Ab1"", ""H2-Eb1"", ""H2-Aa"", ""Cd209d"", ""Ccr2"", ""Cd74"", ""H2-DMa"", ""Cldn1"", ""Plek"", ""Cd209e"", ""Myadm"", ""Plxnb2"", ""Icosl"", ""Cd83"", ""Cd300a"", ""Lyn"", ""Cebpb"", ""Efna5"", ""Ptafr"", ""H2-DMb2"", ""Alcam"", ""Lilrb4a"", ""F11r"", ""Sirpa"", ""Cd9"", ""Emilin2"", ""Cdh1"", ""Dusp3"", ""Ctnnd2"", ""Cfh"", ""Slc6a4"", ""Cd44"", ""Il1b"", ""Serpinb8"", ""Fgl2"", ""Aif1"", ""Cd86"", ""Ccr5"", ""Cd80"", ""Prkcd"", ""Ctnna1"", ""Swap70"", ""Adam8"", ""Lgals3"", ""B2m"", ""Alox15"", ""H2-D1"", 
""Cadm1"", ""Hlx"", ""Gcnt2"", ""H2-Eb2"", ""Icam1"", ""H2-Q6"", ""Tgfb2"", ""H2-M2"", ""Cadm3"", ""Nlrp3"", ""Ass1"", ""Cd200r1"", ""H2-Q7"", ""Cx3cr1"", ""Pnp"", ""H2-Ob"", ""Il12b"", ""H2-K1"")"
"67","CHYLA_CBFA2T3_TARGETS_UP","0.00102166173996351","0.0371135105456906","0.45505986738723","0.72813538095508","1.2219318841558","180","c(""Spi1"", ""Alox5ap"", ""Fcgr2b"", ""H2-Aa"", ""Lmo1"", ""Cd209d"", ""Tgfbi"", ""Cd300lg"", ""Tifab"", ""App"", ""Pld4"", ""Plcg2"", ""Serpina3g"", ""BC028528"", ""Flt1"", ""Mgl2"", ""Cebpb"", ""Casp1"", ""Unc93b1"", ""Ncf2"", ""Adap1"", ""Fabp5"", ""Ebi3"", ""Mctp1"", ""S100a11"", ""F10"", ""Anxa3"", ""Fcor"", ""P2ry14"", ""Ffar2"", ""Socs2"", ""Gas7"", ""Gadd45b"", ""Clec12a"", ""Tmem141"", ""Trf"", ""F2rl2"", ""Nek6"", ""Ncf4"", ""F630028O10Rik"", ""Mefv"", ""Ltb4r1"", ""Ass1"", ""Cx3cr1"", ""Ebf1"", ""Nostrin"", ""Klhl5"", ""Ttc39c"", ""Clec5a"", ""Vpreb3"", ""Igsf6"", ""Cd34"", ""Calr"", ""Ctsc"", 
""Sh3tc1"", ""Tmed3"", ""Hps3"", ""Hpgd"", ""Lcp1"", ""Gca"", ""Siglecf"", ""BC035044"", ""Cd48"", ""Gm19590"", ""Prg2"", ""Cyth4"", ""Ctla2b"", ""Ubash3b"", ""Serpinb1a"", ""Tpm4"", ""Dstn"")"
"68","IVANOVA_HEMATOPOIESIS_LATE_PROGENITOR","0.00011676544730752","0.0075494901276414","0.538434096309916","0.72876920681965","1.22237946220338","219","c(""Ifi30"", ""H2-DMb1"", ""Ly86"", ""Zeb2"", ""Mpeg1"", ""Ptpro"", ""Fcgr2b"", ""Il13ra1"", ""Ccr2"", ""Ms4a6c"", ""Ccl9"", ""Hck"", ""Tyrobp"", ""Irf8"", ""App"", ""Plek"", ""Csf2rb"", ""Ctss"", ""Cd33"", ""Cd300a"", ""Mgl2"", ""Casp1"", ""Abca9"", ""Tspan33"", ""Evi2a"", ""Tifa"", ""Cybb"", ""Emilin2"", ""F10"", ""Anxa3"", ""I830077J02Rik"", ""Fgl2"", ""Kctd14"", ""Fth1"", ""Clec12a"", ""Havcr1"", ""Sat1"", ""Nucb2"", ""Ltb4r1"", ""Cx3cr1"", ""Lpcat2"", ""Bmp2k"", ""Met"", ""Ctsc"", ""Il1rl1"", ""Spire1"", ""Tmed3"", ""Acer3"", ""Gdi2"", ""Fut4"", ""Mt2"", ""Ostf1"", ""Ccr1"", ""Anxa2"")"
"69","GOBP_POSITIVE_REGULATION_OF_CELL_ACTIVATION","0.000275695666483964","0.0140980738542936","0.49849310876659","0.729871078369045","1.22377068924887","207","c(""H2-DMb1"", ""Cd209a"", ""Il4i1"", ""Pik3r6"", ""Spi1"", ""Havcr2"", ""H2-Ab1"", ""H2-Eb1"", ""H2-Aa"", ""Cd209d"", ""Ccr2"", ""Cd74"", ""H2-DMa"", ""Tyrobp"", ""Plek"", ""Cd209e"", ""Adora2b"", ""Csf1r"", ""Cdkn1a"", ""Icosl"", ""Cd83"", ""Ptafr"", ""H2-DMb2"", ""Lilrb4a"", ""Sirpa"", ""Cd40"", ""Fgr"", ""Mef2c"", ""Il1b"", ""Aif1"", ""Fcer1g"", ""Cd86"", ""Cd80"", ""Adam8"", ""B2m"", ""Lrrk2"", ""Havcr1"", ""H2-D1"", ""Hlx"", ""H2-Eb2"", ""H2-Q6"", ""H2-M2"", ""Nlrp3"", ""H2-Q7"", ""Pnp"", ""H2-Ob"", ""Il12b"", ""H2-K1"", ""Ighd"", ""Cebpa"", ""Cd274"", ""Ctsc"", ""Il1rl1"", ""Klrk1"", ""Il15"", ""Ccl5"", 
""H2-Oa"", ""Syk"")"
"70","GOBP_REGULATION_OF_DEFENSE_RESPONSE","7.43332459996087e-06","0.00103887730414187","0.610526878385931","0.728659287865088","1.22396823760676","335","c(""Pik3r6"", ""Spi1"", ""Slamf8"", ""Havcr2"", ""Alox5ap"", ""Fcgr2b"", ""Ccr2"", ""Cd74"", ""Tnip3"", ""Tyrobp"", ""Sh2d1b1"", ""App"", ""Scimp"", ""Nupr1"", ""Ctss"", ""Adora2b"", ""Csf1r"", ""Plcg2"", ""Metrnl"", ""Cd300a"", ""Lyn"", ""Cebpb"", ""Siglecg"", ""Casp1"", ""Sirpa"", ""Unc93b1"", ""Cd40"", ""Rab7b"", ""Tifa"", ""Tlr11"", ""Fgr"", ""Gpx1"", ""Grn"", ""Tnfrsf11a"", ""Lacc1"", ""Emilin2"", ""Tlr3"", ""Dnase1l3"", ""Ahr"", ""Smpdl3b"", ""Tlr13"", ""Cfh"", ""Cd44"", ""Treml4"", ""Ifi204"", ""Cd36"", ""Mef2c"", ""Il1b"", ""Fgl2"", ""Fcer1g"", ""Ffar2"", ""Ffar4"", ""Myo1f"", ""Cd86"", ""Ccr5"", 
""Adam8"", ""Pik3ap1"", ""Alox15"", ""Ier3"", ""Lrrk2"", ""H2-D1"", ""Cadm1"", ""Slc15a3"", ""Casp4"", ""Cd14"", ""H2-Q6"", ""H2-M2"", ""Clnk"", ""Mefv"", ""Nlrp3"", ""Cd200r1"", ""Serpinb9"", ""H2-Q7"", ""Il10ra"", ""Cx3cr1"", ""Il12b"", ""Samhd1"", ""Klrd1"", ""H2-K1"", ""Irf4"", ""Cdh5"", ""Ncf1"", ""Oas1g"", ""Cd300lf"", ""Fut7"", ""Cebpa"", ""Apobec3"", ""Ighg2b"", ""Ctsc"", ""Il1rl1"", ""Gpr4"", ""Stat2"", ""Ifi205"", ""Nlrc4"", ""Klrk1"", ""Trim30c"", ""Il15"", ""Ccl5"", ""Irf7"", ""Tnfrsf1b"", ""Syk"", ""Pmp22"", ""Trim30d"", ""Alox5"", ""Lgals1"", ""Ninj1"", ""Ifih1"", ""Ccr1"", ""Nfkb1"", ""Trafd1"", 
""Oas1a"", ""Parp14"", ""Sod1"", ""Trim30a"", ""Rnf216"", ""Plscr1"", ""Eif2ak2"", ""Il18"", ""Fcgr1"", ""Trim30b"", ""N4bp1"", ""Serpinb1a"")"
"71","GOBP_LYMPHOCYTE_ACTIVATION","2.18167682540149e-07","5.57815097403789e-05","0.690132458796796","0.728982201564029","1.2252035311203","397","c(""Itgax"", ""H2-DMb1"", ""Wdfy4"", ""Cd209a"", ""Il4i1"", ""Pik3r6"", ""Spi1"", ""Slamf8"", ""Havcr2"", ""Hfe"", ""H2-Ab1"", ""H2-Eb1"", ""Flt3"", ""Fcgr2b"", ""H2-Aa"", ""Lmo1"", ""Cd209d"", ""Ccr2"", ""Cd74"", ""H2-DMa"", ""Bcl11a"", ""Slamf7"", ""Tyrobp"", ""Irf8"", ""Cd209e"", ""Csf1r"", ""Plcg2"", ""Cdkn1a"", ""Psap"", ""Icosl"", ""Cd83"", ""Cd300a"", ""Lyn"", ""Cebpb"", ""H2-DMb2"", ""Lilrb4a"", ""Siglecg"", ""Slamf9"", ""Gapt"", ""Sirpa"", ""Cd40"", ""Lat2"", ""Cd180"", ""Fgr"", ""Hhex"", ""Bcl2a1d"", ""Ebi3"", ""Dusp3"", ""Ahr"", ""Skap2"", ""Cd44"", ""Mef2c"", ""Il1b"", ""Fgl2"", ""Themis2"", 
""Aif1"", ""Fcer1g"", ""Blnk"", ""Cd86"", ""Cd80"", ""Prkcd"", ""Swap70"", ""Adam8"", ""Relb"", ""Lgals3"", ""B2m"", ""Spib"", ""H2-D1"", ""Hlx"", ""H2-Eb2"", ""Ms4a1"", ""Bank1"", ""Runx2"", ""Icam1"", ""H2-Q6"", ""Fkbp1b"", ""H2-M2"", ""Clnk"", ""Igkc"", ""Id2"", ""Nlrp3"", ""Pou2f2"", ""Samsn1"", ""H2-Q7"", ""Ccr6"", ""Pnp"", ""H2-Ob"", ""Tpd52"", ""Lst1"", ""Il12b"", ""Klrd1"", ""Cd79a"", ""H2-K1"", ""Ighd"", ""Lyl1"", ""Cd19"", ""Irf4"", ""Mzb1"", ""Zbtb32"", ""Pbx1"", ""Cxcr5"", ""Fut7"", ""Cd274"", ""Cd79b"", ""Il6ra"", ""Klrk1"", ""Il15"", ""Ccl5"", ""Tnfrsf1b"", ""Lcp1"", ""H2-Oa"")"
"72","GOBP_POSITIVE_REGULATION_OF_CELL_ADHESION","0.00011676544730752","0.0075494901276414","0.538434096309916","0.73088964147331","1.22563038549027","226","c(""H2-DMb1"", ""Cd209a"", ""Il4i1"", ""Pik3r6"", ""Havcr2"", ""H2-Ab1"", ""H2-Eb1"", ""H2-Aa"", ""Cd209d"", ""Dab2"", ""Ccr2"", ""Cd74"", ""H2-DMa"", ""Cd209e"", ""Myadm"", ""Icosl"", ""Cd83"", ""Ptafr"", ""H2-DMb2"", ""Lilrb4a"", ""Rin2"", ""F11r"", ""Sirpa"", ""Dock1"", ""Emilin2"", ""Cdh1"", ""Cd44"", ""Cd36"", ""Il1b"", ""Aif1"", ""Cd63"", ""Cd86"", ""Ccr5"", ""Cd80"", ""Adam8"", ""B2m"", ""Alox15"", ""H2-D1"", ""Hlx"", ""Gcnt2"", ""H2-Eb2"", ""Icam1"", ""H2-Q6"", ""Tgfb2"", ""H2-M2"", ""Nlrp3"", ""H2-Q7"", ""Pnp"", ""H2-Ob"", ""Il12b"", ""H2-K1"", ""Fmn1"", ""Spp1"", ""Kdr"", ""Fut7"", ""Cd274"", ""Calr"", 
""Il6ra"", ""Il15"", ""Ccl5"", ""H2-Oa"", ""Syk"", ""St3gal4"", ""Alox5"", ""Fut4"", ""Lgals1"", ""Ninj1"")"
"73","REACTOME_SIGNALING_BY_GPCR","0.00126096403591905","0.0419699568168324","0.45505986738723","0.731095025510163","1.2266432887848","154","c(""P2ry6"", ""Fgd2"", ""Pik3r6"", ""Ccl9"", ""App"", ""Adora2b"", ""Cxcl16"", ""Gpr35"", ""Psap"", ""Ptafr"", ""Ccl17"", ""Rgs18"", ""Sct"", ""Adgre1"", ""Cysltr1"", ""Gna15"", ""P2ry14"", ""Xcr1"", ""Adm"", ""Ffar2"", ""Ffar4"", ""Ccr5"", ""Ccl22"", ""Prkcd"", ""Lpar3"", ""Ccl6"", ""F2rl2"", ""Ltb4r1"", ""Plppr4"", ""Ccrl2"", ""Ccr6"", ""Rgs1"", ""Cx3cr1"", ""Ramp3"", ""Htr7"", ""Pf4"", ""Arhgef10l"", ""Gnaq"", ""Cxcr5"", ""Cxcr3"", ""Gpr4"", ""C3ar1"", ""Ccl5"", ""Net1"", ""Adcy4"", ""P2ry13"", ""Pak1"", ""Ccr1"", ""Gpr183"", ""Gng2"", ""Cd55"", ""Gpr68"", ""Qrfp"", ""Rgs2"", ""Ffar1"", ""Cxcl10"", ""Pla2g4a"", 
""Pde8b"", ""Ccl1"", ""Gper1"", ""Gng12"", ""Gnb4"", ""Cxcl9"", ""Itgb1"", ""Ccl3"")"
"74","GOBP_IMPORT_INTO_CELL","1.17403822590188e-05","0.00137582604597876","0.593325476396405","0.732508270401585","1.22870614635538","257","c(""P2ry6"", ""Cd209a"", ""Hfe"", ""Fcgr2b"", ""Cd209d"", ""Dab2"", ""Ccr2"", ""Hck"", ""Tyrobp"", ""Irf8"", ""App"", ""Cd209e"", ""Pld4"", ""Cxcl16"", ""Plcg2"", ""Cd300a"", ""Lilrb4a"", ""Siglech"", ""Rin2"", ""Sirpa"", ""Cd9"", ""Ncf2"", ""Rab7b"", ""Fgr"", ""Grn"", ""Dock1"", ""Mctp1"", ""Clec9a"", ""Cd302"", ""Anxa3"", ""Ifitm3"", ""Eea1"", ""Slc6a4"", ""Cd44"", ""Treml4"", ""Cd36"", ""Il1b"", ""Aif1"", ""Fcer1g"", ""Adm"", ""Cd63"", ""Lrp1"", ""Ehd4"", ""Prkcd"", ""Cd163"", ""Lgals3"", ""B2m"", ""Alox15"", ""Lrrk2"", ""Havcr1"", ""Slc15a3"", ""Trf"", ""Ms4a1"", ""Cd14"", ""Pros1"", ""Snx10"", ""Ncf4"", 
""Stra6l"", ""Il10ra"", ""Msr1"", ""Ramp3"", ""Myo1e"", ""Nostrin"", ""Bmp2k"", ""Neurl3"", ""Fcer2a"", ""Plk2"", ""Met"", ""Cfp"", ""Cav2"", ""Scarb1"", ""Cd300lf"", ""Apobr"", ""Ighg2b"", ""Calr"", ""Cacna1s"", ""Il15"", ""Siglecf"", ""Unc119"", ""Syk"", ""Anxa2"", ""Sod1"", ""Rnf216"", ""Nfix"", ""Plscr1"", ""Hap1"", ""Fcgr1"", ""Snx18"", ""Sirpb1b"", ""Ppt1"", ""Slc11a1"")"
"75","GOBP_INNATE_IMMUNE_RESPONSE","2.4358451976331e-07","5.95723010290704e-05","0.674962860011025","0.731095948558535","1.22900138532812","377","c(""Irf5"", ""Ly86"", ""Rnase6"", ""Mpeg1"", ""Pik3r6"", ""Spi1"", ""Slamf8"", ""Havcr2"", ""Ciita"", ""H2-Ab1"", ""H2-Eb1"", ""H2-Aa"", ""Cd74"", ""Ccl9"", ""Hck"", ""Tnip3"", ""Slamf7"", ""Tyrobp"", ""Wfdc17"", ""Sh2d1b1"", ""Irf8"", ""App"", ""Scimp"", ""Ifitm2"", ""Ear2"", ""Kynu"", ""Pld4"", ""Csf1r"", ""Cxcl16"", ""Plcg2"", ""Cd300a"", ""Lyn"", ""Ccl17"", ""Siglecg"", ""Clec4b1"", ""Clec4a1"", ""Casp1"", ""Sirpa"", ""Unc93b1"", ""Cd40"", ""Rab7b"", ""Tifa"", ""Cd180"", ""Tlr11"", ""Fgr"", ""Cybb"", ""Grn"", ""Lacc1"", ""Mx1"", ""Tlr3"", ""Trim7"", ""Bst2"", ""Smpdl3b"", ""Tlr13"", ""Cfh"", ""Ifitm3"", 
""Treml4"", ""Ifi204"", ""Cd36"", ""Tbkbp1"", ""Fcer1g"", ""Ffar2"", ""Clec4a2"", ""Myo1f"", ""Cd86"", ""Capg"", ""Ccl22"", ""Naip6"", ""Tmem106a"", ""Adam8"", ""Relb"", ""Lgals3"", ""B2m"", ""Pik3ap1"", ""Rnf19b"", ""H2-D1"", ""Cadm1"", ""Slc15a3"", ""Ccl6"", ""Casp4"", ""Oasl2"", ""Cd14"", ""H2-Q6"", ""H2-M2"", ""Clnk"", ""Mefv"", ""Nlrp3"", ""Serpinb9"", ""H2-Q7"", ""Vim"", ""Cx3cr1"", ""Il12b"", ""Samhd1"", ""Klrd1"", ""H2-K1"", ""Naip2"", ""Irf4"", ""Neurl3"", ""Clec5a"", ""Clec4b2"", ""Clec4a3"", ""Cdc42ep2"", ""Ncf1"", ""Cfp"", ""Rel"", ""Oas1g"", ""Cd300lf"", ""Endod1"", ""Apobec3"", ""Stat2"", 
""Ifi205"", ""Nlrc4"", ""Klrk1"", ""Nfkb2"", ""Trim30c"", ""Ccl5"", ""Irf7"", ""Syk"", ""Trim30d"", ""Ninj1"", ""Ifih1"", ""Zyx"", ""Ccr1"", ""Nfkb1"", ""Tarm1"", ""Trafd1"", ""Oas1a"", ""Parp14"", ""Trim30a"", ""Plscr1"", ""Eif2ak2"", ""Il18"", ""Fcgr1"", ""Cd55"", ""Trim30b"", ""N4bp1"", ""Serpinb1a"", ""Slc11a1"", ""Gbp5"", ""Csf1"", ""Myo1c"")"
"76","GOBP_VESICLE_MEDIATED_TRANSPORT","1.03532174630377e-06","0.000207988743677096","0.643551836150722","0.731416743242677","1.22921389843214","360","c(""P2ry6"", ""Syngr2"", ""Cd209a"", ""Spi1"", ""Hfe"", ""Fcgr2b"", ""Cd209d"", ""Dab2"", ""Cd300lg"", ""Ccr2"", ""Hck"", ""Tyrobp"", ""Irf8"", ""App"", ""Plek"", ""Cd209e"", ""Fes"", ""Adora2b"", ""Pld4"", ""Cxcl16"", ""Plcg2"", ""Cd300a"", ""Lyn"", ""Ptafr"", ""Lilrb4a"", ""Siglech"", ""Rin2"", ""Sirpa"", ""Cd9"", ""Ncf2"", ""Rab7b"", ""Pkdcc"", ""Lat2"", ""Fgr"", ""Grn"", ""Cyfip1"", ""Dock1"", ""Mctp1"", ""Clec9a"", ""Cd302"", ""Anxa3"", ""Snx8"", ""Ifitm3"", ""Eea1"", ""Cd44"", ""Treml4"", ""Cd36"", ""Stxbp6"", ""Il1b"", ""Aif1"", ""Fcer1g"", ""Adm"", ""Rab3il1"", ""Cd63"", ""Myo1f"", ""Lrp1"", ""Ehd4"", 
""Cd163"", ""Lgals3"", ""B2m"", ""Alox15"", ""Tbc1d4"", ""Lrrk2"", ""Havcr1"", ""Trf"", ""Cd14"", ""Pros1"", ""Snx10"", ""Clnk"", ""Ncf4"", ""Il10ra"", ""Msr1"", ""Kif5a"", ""Ramp3"", ""Myo1e"", ""Nostrin"", ""Bmp2k"", ""Neurl3"", ""Fcer2a"", ""Plk2"", ""Met"", ""Cfp"", ""Evi5"", ""Cav2"", ""Scarb1"", ""Tnfaip2"", ""Myo5a"", ""Cd300lf"", ""Otof"", ""Apobr"", ""Rab30"", ""Ighg2b"", ""Calr"", ""Spire1"", ""Tmed3"", ""Il15"", ""Ccl5"", ""Siglecf"", ""Unc119"", ""Syk"", ""Kif1a"", ""Gdi2"", ""Myo1b"", ""Pak1"", ""Orai1"", ""Ccr1"", ""Anxa2"", ""Sod1"", ""Rnf216"", ""Nfix"", ""Plscr1"", ""Hap1"", ""Fcgr1"", ""Snx18"", 
""Sirpb1b"", ""Ppt1"", ""Arl5a"", ""Slc11a1"", ""Gga2"", ""Cd22"", ""Pld1"", ""Creg1"", ""P4hb"", ""Sdc4"")"
"77","GOBP_REGULATION_OF_T_CELL_ACTIVATION","0.000380503531856513","0.0184511410921801","0.49849310876659","0.733081489575411","1.22953609916266","192","c(""H2-DMb1"", ""Cd209a"", ""Il4i1"", ""Pik3r6"", ""Havcr2"", ""Hfe"", ""H2-Ab1"", ""H2-Eb1"", ""H2-Aa"", ""Lmo1"", ""Cd209d"", ""Ccr2"", ""Cd74"", ""H2-DMa"", ""Cd209e"", ""Icosl"", ""Cd83"", ""Cd300a"", ""Cebpb"", ""H2-DMb2"", ""Lilrb4a"", ""Sirpa"", ""Dusp3"", ""Cd44"", ""Il1b"", ""Fgl2"", ""Aif1"", ""Cd86"", ""Cd80"", ""Adam8"", ""Lgals3"", ""B2m"", ""H2-D1"", ""Hlx"", ""H2-Eb2"", ""H2-Q6"", ""H2-M2"", ""Nlrp3"", ""H2-Q7"", ""Ccr6"", ""Pnp"", ""H2-Ob"", ""Il12b"", ""H2-K1"")"
"78","GOBP_REGULATION_OF_CELL_ACTIVATION","2.04647488999752e-06","0.000348830947158668","0.627256739718528","0.732935794819467","1.23053878306345","321","c(""H2-DMb1"", ""Cd209a"", ""Il4i1"", ""Pik3r6"", ""Spi1"", ""Slamf8"", ""Havcr2"", ""Hfe"", ""H2-Ab1"", ""H2-Eb1"", ""Flt3"", ""Fcgr2b"", ""H2-Aa"", ""Lmo1"", ""Cd209d"", ""Ccr2"", ""Cd74"", ""H2-DMa"", ""Slamf7"", ""Tyrobp"", ""Plek"", ""Cd209e"", ""Fes"", ""Adora2b"", ""Csf1r"", ""Cdkn1a"", ""Icosl"", ""Cd83"", ""Cd300a"", ""Lyn"", ""Cebpb"", ""Ptafr"", ""H2-DMb2"", ""Lilrb4a"", ""Siglecg"", ""F11r"", ""Sirpa"", ""Cd9"", ""Cd40"", ""Fgr"", ""Grn"", ""Emilin2"", ""Dusp3"", ""Ahr"", ""Cd44"", ""Mef2c"", ""Il1b"", ""Fgl2"", ""Themis2"", ""Aif1"", ""Fcer1g"", ""Cd86"", ""Cd80"", ""Prkcd"", ""Adam8"", ""Lgals3"", 
""B2m"", ""Lrrk2"", ""Havcr1"", ""H2-D1"", ""Hlx"", ""H2-Eb2"", ""Bank1"", ""H2-Q6"", ""H2-M2"", ""Clnk"", ""Id2"", ""Nlrp3"", ""Samsn1"", ""H2-Q7"", ""Ccr6"", ""Pnp"", ""H2-Ob"", ""Lst1"", ""Il12b"", ""Klrd1"", ""H2-K1"", ""Ighd"", ""Cd19"", ""Mzb1"", ""Gnaq"", ""Cd300lf"", ""Cebpa"", ""Cd274"", ""Ctsc"", ""Il6ra"", ""Il1rl1"", ""Klrk1"", ""Il15"", ""Ccl5"", ""Tnfrsf1b"", ""H2-Oa"")"
"79","GOBP_NEGATIVE_REGULATION_OF_IMMUNE_SYSTEM_PROCESS","4.79877331544161e-05","0.00385615712847987","0.557332238758646","0.734947978584647","1.23314626708163","232","c(""Il4i1"", ""Spi1"", ""Slamf8"", ""Havcr2"", ""Hfe"", ""Flt3"", ""Fcgr2b"", ""H2-Aa"", ""Ccr2"", ""Cd74"", ""Tyrobp"", ""Sh2d1b1"", ""Tmem176b"", ""Tmem176a"", ""Pirb"", ""Cd300a"", ""Lyn"", ""Cebpb"", ""Lilrb4a"", ""Siglecg"", ""Rab7b"", ""Cd68"", ""Fgr"", ""Gpx1"", ""Apod"", ""Grn"", ""Gcsam"", ""Bst2"", ""Dusp3"", ""Ahr"", ""Smpdl3b"", ""Pira2"", ""Cd44"", ""Fgl2"", ""Fcer1g"", ""Cd86"", ""Cd80"", ""Lgals3"", ""Pik3ap1"", ""Alox15"", ""H2-D1"", ""Hlx"", ""Bank1"", ""H2-Q6"", ""Tgfb2"", ""H2-M2"", ""Clnk"", ""Mefv"", ""Lilra6"", ""Id2"", ""Samsn1"", ""Cd200r1"", ""Serpinb9"", ""H2-Q7"", ""Cx3cr1"", ""H2-Ob"", 
""Lst1"", ""Il12b"", ""Samhd1"", ""Klrd1"", ""H2-K1"", ""Irf4"", ""Bmyc"", ""Vpreb3"", ""Oas1g"", ""Cd300lf"", ""Cebpa"", ""Cd274"", ""Il1rl1"", ""Stat2"", ""Fcrl5"", ""H2-Oa"", ""Ccr1"", ""Tarm1"", ""Trafd1"", ""Oas1a"", ""Prg2"", ""Parp14"", ""Trim30a"")"
"80","GOBP_ADAPTIVE_IMMUNE_RESPONSE","2.02457452963988e-05","0.00193020876766514","0.575610261071129","0.735332901635157","1.23349430021963","246","c(""H2-DMb1"", ""Il4i1"", ""Ctsh"", ""Havcr2"", ""Hfe"", ""H2-Ab1"", ""H2-Eb1"", ""Fcgr2b"", ""H2-Aa"", ""Ccr2"", ""Cd74"", ""H2-DMa"", ""Slamf7"", ""Sh2d1b1"", ""Csf2rb"", ""Serpina3g"", ""Csf2rb2"", ""Icosl"", ""Pirb"", ""Lyn"", ""Alcam"", ""Lilrb4a"", ""Siglecg"", ""Gapt"", ""Unc93b1"", ""Cd40"", ""Lat2"", ""Tnfrsf11a"", ""Ahr"", ""Adgre1"", ""Cfh"", ""Cd44"", ""Treml4"", ""Mef2c"", ""Iglc3"", ""Il1b"", ""Fgl2"", ""Fcer1g"", ""Clec4a2"", ""Cd86"", ""Cd80"", ""Prkcd"", ""Swap70"", ""Relb"", ""B2m"", ""Alox15"", ""Rnf19b"", ""H2-D1"", ""Hlx"", ""Iglc2"", ""Icam1"", ""H2-Q6"", ""H2-M2"", ""Nlrp3"", ""Pou2f2"", 
""Samsn1"", ""Serpinb9"", ""H2-Q7"", ""Ccr6"", ""Cx3cr1"", ""Pnp"", ""Il12b"", ""Klrd1"", ""Cd79a"", ""H2-K1"", ""Ighd"", ""Cd19"", ""Irf4"", ""Fcer2a"", ""Iglc1"", ""Fut7"", ""Cd274"", ""Cd79b"", ""Ighg2b"", ""Ctsc"", ""Il6ra"", ""Il1rl1"", ""Klrk1"", ""C3ar1"", ""Nfkb2"", ""Irf7"", ""Tnfrsf1b"")"
"81","GOBP_POSITIVE_REGULATION_OF_DEFENSE_RESPONSE","0.000125834333614197","0.00778599939237847","0.518848077743792","0.735624508115576","1.23381617502243","218","c(""Spi1"", ""Havcr2"", ""Alox5ap"", ""Ccr2"", ""Cd74"", ""Tnip3"", ""Tyrobp"", ""Sh2d1b1"", ""App"", ""Scimp"", ""Nupr1"", ""Ctss"", ""Adora2b"", ""Csf1r"", ""Plcg2"", ""Cd300a"", ""Lyn"", ""Cebpb"", ""Casp1"", ""Unc93b1"", ""Cd40"", ""Rab7b"", ""Tifa"", ""Tlr11"", ""Grn"", ""Tnfrsf11a"", ""Lacc1"", ""Emilin2"", ""Tlr3"", ""Smpdl3b"", ""Tlr13"", ""Treml4"", ""Ifi204"", ""Cd36"", ""Mef2c"", ""Il1b"", ""Fcer1g"", ""Ffar2"", ""Cd86"", ""Ccr5"", ""Adam8"", ""Pik3ap1"", ""Lrrk2"", ""H2-D1"", ""Cadm1"", ""Slc15a3"", ""Casp4"", ""Cd14"", ""H2-Q6"", ""H2-M2"", ""Clnk"", ""Mefv"", ""Nlrp3"", ""H2-Q7"", ""Il12b"", 
""Klrd1"", ""H2-K1"", ""Irf4"", ""Oas1g"", ""Cd300lf"", ""Cebpa"", ""Ighg2b"", ""Ctsc"", ""Il1rl1"", ""Gpr4"", ""Ifi205"", ""Nlrc4"", ""Klrk1"", ""Trim30c"", ""Ccl5"", ""Irf7"", ""Syk"", ""Trim30d"", ""Lgals1"", ""Ninj1"", ""Ifih1"", ""Oas1a"", ""Trim30a"", ""Plscr1"", ""Eif2ak2"", ""Il18"", ""Fcgr1"")"
"82","TABULA_MURIS_SENIS_LIMB_MUSCLE_T_CELL_AGEING","0.00138981949238136","0.0448970302885245","0.45505986738723","0.735434226490186","1.2351881515228","139","c(""Klf4"", ""H2-Ab1"", ""Ahnak"", ""S100a4"", ""Ccr2"", ""Cd74"", ""Tmem176b"", ""Cdkn1a"", ""Kctd12"", ""Tmem176a"", ""Cebpb"", ""Bcl2a1d"", ""Bcl2a1b"", ""S100a11"", ""Cd44"", ""Fth1"", ""Capg"", ""S100a6"", ""Lgals3"", ""Bhlhe40"", ""B2m"", ""Gadd45b"", ""AW112010"", ""H2-D1"", ""Id2"", ""Ltb4r1"", ""Avpi1"", ""Samsn1"", ""Prr13"", ""Ramp3"", ""H2-K1"", ""Txndc17"", ""Srgn"", ""Rps27l"", ""Hspa5"", ""Calr"", ""Igsf8"", ""Nfkb2"", ""Ccl5"", ""Tnfrsf1b"", ""Hsp90b1"", ""Pxdc1"", ""Atp2b1"", ""Plp2"", ""Junb"", ""Lgals1"", ""Orai1"", ""Anxa2"", ""Gpr183"", ""Sod1"", ""Pim1"", ""Serpinb1a"", ""Tpm4"", 
""Cish"", ""Tnfrsf4"")"
"83","GOBP_MAPK_CASCADE","1.77325230291992e-05","0.00178461018544571","0.575610261071129","0.73634814513149","1.23519733440085","246","c(""P2ry6"", ""Zeb2"", ""Fgd2"", ""Pik3r6"", ""Ctsh"", ""Spi1"", ""Havcr2"", ""Klf4"", ""Fcgr2b"", ""Dab2"", ""Ccr2"", ""Cd74"", ""Ccl9"", ""App"", ""Scimp"", ""Csf1r"", ""Plcg2"", ""Psap"", ""Flt1"", ""Cd300a"", ""Lyn"", ""Lilrb4a"", ""Ccl17"", ""Sirpa"", ""Ngfr"", ""Cd40"", ""Tnfrsf11a"", ""Tlr3"", ""Dusp3"", ""Tlr13"", ""Cd44"", ""Cd36"", ""Mef2c"", ""Il1b"", ""Ffar4"", ""Mt3"", ""Ccl22"", ""Lrp1"", ""Naip6"", ""Prkcd"", ""Tmem106a"", ""Adam8"", ""Lpar3"", ""Gadd45b"", ""Pik3ap1"", ""Alox15"", ""Lrrk2"", ""Ccl6"", ""Trf"", ""Gcnt2"", ""Bank1"", ""Icam1"", ""Tgfb2"", ""Bcar3"", ""Jun"", ""Avpi1"", ""Ramp3"", 
""Naip2"", ""Kdr"", ""Bmyc"", ""Met"", ""Cav2"", ""Il6ra"", ""Trim30c"", ""Ccl5"", ""Glipr2"", ""Syk"", ""Trim30d"", ""Pdgfa"", ""Pak1"", ""Ccr1"", ""Nfkb1"", ""Gpr183"", ""Sod1"", ""Trim30a"", ""Eif2ak2"", ""Mdfic"", ""Trim30b"", ""Rap2a"", ""Itga1"")"
"84","GOBP_CYTOKINE_MEDIATED_SIGNALING_PATHWAY","0.000298479933409678","0.0148579612869862","0.49849310876659","0.738453536407835","1.23881390175183","173","c(""Irf5"", ""Spi1"", ""Flt3"", ""Il13ra1"", ""Ccr2"", ""Cd74"", ""Ccl9"", ""Csf2rb"", ""Ifitm2"", ""Csf1r"", ""Gpr35"", ""Lifr"", ""Csf2rb2"", ""Pirb"", ""Lyn"", ""Lilrb4a"", ""Ccl17"", ""Casp1"", ""Tnfrsf11a"", ""Ebi3"", ""Pira2"", ""Ifitm3"", ""Il1b"", ""Fcer1g"", ""Mt3"", ""Traf1"", ""Ccr5"", ""Csf2ra"", ""Ccl22"", ""Naip6"", ""Ccl6"", ""Casp4"", ""Oasl2"", ""Lilra6"", ""Ccrl2"", ""Il10ra"", ""Cx3cr1"", ""Il12b"", ""Samhd1"", ""Naip2"", ""Il1r2"", ""Txndc17"", ""Pf4"", ""Oas1g"", ""Cd300lf"", ""Cebpa"", ""Il6ra"", ""Il1rl1"", ""Stat2"", ""Il15"", ""Ccl5"", ""Irf7"", ""Syk"", ""Ifih1"", ""Ccr1"", ""Oas1a"", 
""Parp14"", ""Il18"")"
"85","GOBP_ADAPTIVE_IMMUNE_RESPONSE_BASED_ON_SOMATIC_RECOMBINATION_OF_IMMUNE_RECEPTORS_BUILT_FROM_IMMUNOGLOBULIN_SUPERFAMILY_DOMAINS","0.000207454830399589","0.0110088058584687","0.518848077743792","0.739375501535784","1.24042773164439","181","c(""Il4i1"", ""Ctsh"", ""Havcr2"", ""Hfe"", ""H2-Ab1"", ""Fcgr2b"", ""Ccr2"", ""Cd74"", ""H2-DMa"", ""Csf2rb"", ""Csf2rb2"", ""Icosl"", ""Pirb"", ""Lilrb4a"", ""Gapt"", ""Unc93b1"", ""Cd40"", ""Ahr"", ""Cfh"", ""Treml4"", ""Mef2c"", ""Iglc3"", ""Il1b"", ""Fgl2"", ""Fcer1g"", ""Cd80"", ""Prkcd"", ""Swap70"", ""Relb"", ""B2m"", ""H2-D1"", ""Hlx"", ""Iglc2"", ""Icam1"", ""H2-Q6"", ""H2-M2"", ""Nlrp3"", ""Pou2f2"", ""Serpinb9"", ""H2-Q7"", ""Ccr6"", ""Pnp"", ""Il12b"", ""Klrd1"", ""H2-K1"", ""Ighd"", ""Cd19"", ""Irf4"", ""Fcer2a"", ""Iglc1"", ""Fut7"", ""Cd274"", ""Ighg2b"", ""Ctsc"", ""Il6ra"", ""Il1rl1"", ""C3ar1"", 
""Nfkb2"", ""Irf7"", ""Tnfrsf1b"")"
"86","GOBP_CELL_ACTIVATION_INVOLVED_IN_IMMUNE_RESPONSE","0.000838035087366355","0.032843554937422","0.477270815362862","0.740985920449393","1.24404206019218","143","c(""H2-DMb1"", ""Spi1"", ""Havcr2"", ""Ccr2"", ""Cd74"", ""Tyrobp"", ""Sh2d1b1"", ""Irf8"", ""App"", ""Fes"", ""Adora2b"", ""Plcg2"", ""Icosl"", ""Cd300a"", ""Lyn"", ""Ptafr"", ""H2-DMb2"", ""Lilrb4a"", ""Gapt"", ""Cd40"", ""Lat2"", ""Cd180"", ""Fgr"", ""Grn"", ""Dnase1l3"", ""Anxa3"", ""Fgl2"", ""Fcer1g"", ""Myo1f"", ""Lrp1"", ""Swap70"", ""Relb"", ""Lgals3"", ""Hlx"", ""Icam1"", ""Clnk"", ""Nlrp3"", ""Ccr6"", ""Il12b"", ""Cd19"", ""Irf4"")"
"87","GOBP_POSITIVE_REGULATION_OF_LEUKOCYTE_CELL_CELL_ADHESION","0.000517479396549912","0.0231017587745497","0.477270815362862","0.741793912893467","1.24426054137046","151","c(""H2-DMb1"", ""Cd209a"", ""Il4i1"", ""Pik3r6"", ""Havcr2"", ""H2-Ab1"", ""H2-Eb1"", ""H2-Aa"", ""Cd209d"", ""Ccr2"", ""Cd74"", ""H2-DMa"", ""Cd209e"", ""Icosl"", ""Cd83"", ""Ptafr"", ""H2-DMb2"", ""Lilrb4a"", ""Sirpa"", ""Cd44"", ""Il1b"", ""Aif1"", ""Cd86"", ""Cd80"", ""Adam8"", ""B2m"", ""H2-D1"", ""Hlx"", ""H2-Eb2"", ""Icam1"", ""H2-Q6"", ""H2-M2"", ""Nlrp3"", ""H2-Q7"", ""Pnp"", ""H2-Ob"", ""Il12b"", ""H2-K1"", ""Fut7"", ""Cd274"", ""Il15"", ""Ccl5"", ""H2-Oa"", ""Syk"", ""St3gal4"", ""Alox5"", ""Fut4"", ""Lgals1"")"
"88","GOBP_POSITIVE_REGULATION_OF_CELL_CELL_ADHESION","0.000202920344224466","0.0110088058584687","0.518848077743792","0.742342304040673","1.24519971806708","171","c(""H2-DMb1"", ""Cd209a"", ""Il4i1"", ""Pik3r6"", ""Havcr2"", ""H2-Ab1"", ""H2-Eb1"", ""H2-Aa"", ""Cd209d"", ""Ccr2"", ""Cd74"", ""H2-DMa"", ""Cd209e"", ""Icosl"", ""Cd83"", ""Ptafr"", ""H2-DMb2"", ""Lilrb4a"", ""F11r"", ""Sirpa"", ""Emilin2"", ""Cdh1"", ""Cd44"", ""Il1b"", ""Aif1"", ""Cd86"", ""Ccr5"", ""Cd80"", ""Adam8"", ""B2m"", ""Alox15"", ""H2-D1"", ""Hlx"", ""Gcnt2"", ""H2-Eb2"", ""Icam1"", ""H2-Q6"", ""H2-M2"", ""Nlrp3"", ""H2-Q7"", ""Pnp"", ""H2-Ob"", ""Il12b"", ""H2-K1"", ""Fut7"", ""Cd274"", ""Il6ra"", ""Il15"", ""Ccl5"", ""H2-Oa"", ""Syk"", ""St3gal4"", ""Alox5"", ""Fut4"", ""Lgals1"")"
"89","ZENG_GU_ICB_CONTROL_METAGENE_8_PRECICTIVE_ICB_RESPONSE","0.00116892456426477","0.0410950042124335","0.45505986738723","0.741292885543668","1.24528780232297","137","c(""Irf5"", ""Rnase6"", ""Plbd1"", ""Slamf8"", ""Havcr2"", ""Ciita"", ""Ptpro"", ""Hck"", ""Slamf7"", ""Scimp"", ""Kynu"", ""Serpina3g"", ""Csf2rb2"", ""Pirb"", ""Ptafr"", ""Cd180"", ""Fgr"", ""Cybb"", ""Lacc1"", ""Dnase1l3"", ""Pira2"", ""Fgl2"", ""Themis2"", ""P2ry14"", ""Xcr1"", ""Fcer1g"", ""Epsti1"", ""Gpr141"", ""B2m"", ""Clec12a"", ""Prcp"", ""Clnk"", ""Prr5l"", ""Mefv"", ""Il10ra"", ""Il12b"", ""Klrd1"", ""Irf4"", ""Htr7"", ""Igsf6"", ""Cd300lf"", ""Cd274"", ""Ifi205"", ""Mmp25"", ""Klrk1"", ""Rnf213"", ""Syk"", ""Trim30d"", ""Map3k8"", ""Cd48"", ""Tarm1"", ""Parp14"", ""Slfn5"")"
"90","GOBP_ERK1_AND_ERK2_CASCADE","0.00146345126385606","0.0465079850801714","0.45505986738723","0.743490925888514","1.24754074150742","119","c(""P2ry6"", ""Ctsh"", ""Havcr2"", ""Klf4"", ""Dab2"", ""Cd74"", ""Ccl9"", ""App"", ""Scimp"", ""Csf1r"", ""Lyn"", ""Ccl17"", ""Sirpa"", ""Tnfrsf11a"", ""Dusp3"", ""Cd44"", ""Cd36"", ""Il1b"", ""Ffar4"", ""Mt3"", ""Ccl22"", ""Lrp1"", ""Alox15"", ""Ccl6"", ""Trf"", ""Gcnt2"", ""Icam1"", ""Jun"", ""Ramp3"", ""Kdr"", ""Bmyc"")"
"91","GOBP_REGULATION_OF_ADAPTIVE_IMMUNE_RESPONSE","0.00138981949238136","0.0448970302885245","0.45505986738723","0.744386972882519","1.24904426373264","119","c(""Il4i1"", ""Havcr2"", ""Hfe"", ""H2-Ab1"", ""Fcgr2b"", ""Ccr2"", ""Cd74"", ""H2-DMa"", ""Lilrb4a"", ""Cd40"", ""Ahr"", ""Cd44"", ""Mef2c"", ""Il1b"", ""Fcer1g"", ""Cd80"", ""B2m"", ""Alox15"", ""H2-D1"", ""Hlx"", ""H2-Q6"", ""H2-M2"", ""Nlrp3"", ""Samsn1"", ""H2-Q7"", ""Ccr6"", ""Pnp"", ""Il12b"", ""Klrd1"", ""H2-K1"", ""Fcer2a"", ""Fut7"", ""Cd274"", ""Ighg2b"", ""Il1rl1"", ""Irf7"", ""Tnfrsf1b"")"
"92","GOMF_PEPTIDE_BINDING","0.000737288771068078","0.0302718929726857","0.477270815362862","0.746369651530372","1.25260690616815","129","c(""H2-DMb1"", ""Cst3"", ""H2-Ab1"", ""H2-Eb1"", ""Fcgr2b"", ""H2-Aa"", ""Cd74"", ""H2-DMa"", ""Anpep"", ""Pirb"", ""H2-DMb2"", ""Ngfr"", ""Gsap"", ""Cd36"", ""Ffar4"", ""B2m"", ""H2-D1"", ""H2-Eb2"", ""H2-Q6"", ""Tgfb2"", ""H2-M2"", ""H2-Q7"", ""Msr1"", ""H2-Ob"", ""H2-K1"")"
"93","GOBP_POSITIVE_REGULATION_OF_RESPONSE_TO_BIOTIC_STIMULUS","0.000182515170621471","0.0104759983137324","0.518848077743792","0.746760889936426","1.25322842125973","170","c(""Ly86"", ""Spi1"", ""Havcr2"", ""Cd74"", ""Tnip3"", ""Tyrobp"", ""Sh2d1b1"", ""App"", ""Scimp"", ""Plcg2"", ""Cd300a"", ""Lyn"", ""Casp1"", ""Unc93b1"", ""Cd40"", ""Rab7b"", ""Tifa"", ""Cd180"", ""Tlr11"", ""Grn"", ""Lacc1"", ""Emilin2"", ""Tlr3"", ""Smpdl3b"", ""Tlr13"", ""Treml4"", ""Ifi204"", ""Cd36"", ""Ffar2"", ""Cd86"", ""Adam8"", ""Pik3ap1"", ""H2-D1"", ""Cadm1"", ""Slc15a3"", ""Casp4"", ""Cd14"", ""H2-Q6"", ""H2-M2"", ""Clnk"", ""Mefv"", ""Nlrp3"", ""H2-Q7"", ""Il12b"", ""Klrd1"", ""H2-K1"", ""Irf4"", ""Oas1g"", ""Cd300lf"", ""Cd274"", ""Ifi205"", ""Nlrc4"", ""Klrk1"", ""Trim30c"", ""Irf7"", ""Syk"", 
""Trim30d"", ""Ninj1"", ""Ifih1"", ""Oas1a"", ""Trim30a"", ""Plscr1"", ""Eif2ak2"")"
"94","GOBP_LYMPHOCYTE_MEDIATED_IMMUNITY","0.000128101558114849","0.00783229635213069","0.518848077743792","0.746851919657783","1.25336412406843","176","c(""Il4i1"", ""Pik3r6"", ""Ctsh"", ""Havcr2"", ""Hfe"", ""H2-Ab1"", ""Fcgr2b"", ""Ccr2"", ""Cd74"", ""H2-DMa"", ""Sh2d1b1"", ""Csf2rb"", ""Csf2rb2"", ""Icosl"", ""Pirb"", ""Lilrb4a"", ""Gapt"", ""Unc93b1"", ""Cd40"", ""Ahr"", ""Cfh"", ""Treml4"", ""Iglc3"", ""Il1b"", ""Fgl2"", ""Fcer1g"", ""Cd80"", ""Prkcd"", ""Swap70"", ""B2m"", ""Rnf19b"", ""H2-D1"", ""Cadm1"", ""Iglc2"", ""Icam1"", ""H2-Q6"", ""H2-M2"", ""Clnk"", ""Nlrp3"", ""Pou2f2"", ""Serpinb9"", ""H2-Q7"", ""Ccr6"", ""Pnp"", ""Il12b"", ""Klrd1"", ""H2-K1"", ""Ighd"", ""Cd19"", ""Fcer2a"", ""Iglc1"", ""Fut7"", ""Ighg2b"", ""Ctsc"", ""Klrk1"", ""Irf7"", 
""Tnfrsf1b"")"
"95","GOBP_REGULATION_OF_INNATE_IMMUNE_RESPONSE","5.41615271953258e-05","0.00411700797937443","0.557332238758646","0.747576264444989","1.25384696937943","192","c(""Pik3r6"", ""Spi1"", ""Slamf8"", ""Havcr2"", ""Cd74"", ""Tnip3"", ""Tyrobp"", ""Sh2d1b1"", ""App"", ""Scimp"", ""Plcg2"", ""Cd300a"", ""Lyn"", ""Casp1"", ""Unc93b1"", ""Cd40"", ""Rab7b"", ""Tifa"", ""Tlr11"", ""Fgr"", ""Grn"", ""Lacc1"", ""Tlr3"", ""Smpdl3b"", ""Tlr13"", ""Cfh"", ""Treml4"", ""Ifi204"", ""Cd36"", ""Ffar2"", ""Myo1f"", ""Cd86"", ""Adam8"", ""Pik3ap1"", ""H2-D1"", ""Cadm1"", ""Slc15a3"", ""Casp4"", ""Cd14"", ""H2-Q6"", ""H2-M2"", ""Clnk"", ""Mefv"", ""Nlrp3"", ""Serpinb9"", ""H2-Q7"", ""Il12b"", ""Samhd1"", ""Klrd1"", ""H2-K1"", ""Irf4"", ""Ncf1"", ""Oas1g"", ""Cd300lf"", ""Stat2"", ""Ifi205"", 
""Nlrc4"", ""Klrk1"", ""Trim30c"", ""Irf7"", ""Syk"", ""Trim30d"", ""Ninj1"", ""Ifih1"", ""Ccr1"", ""Trafd1"", ""Oas1a"", ""Parp14"", ""Trim30a"", ""Plscr1"", ""Eif2ak2"", ""Trim30b"", ""N4bp1"", ""Serpinb1a"", ""Gbp5"", ""Oasl1"", ""Klrb1b"", ""Clec4e"")"
"96","GOBP_REGULATION_OF_RESPONSE_TO_BIOTIC_STIMULUS","1.82910163262643e-05","0.00178461018544571","0.575610261071129","0.748044411592422","1.25473235928289","228","c(""Ly86"", ""Il4i1"", ""Pik3r6"", ""Spi1"", ""Slamf8"", ""Havcr2"", ""Cd74"", ""Tnip3"", ""Tyrobp"", ""Sh2d1b1"", ""App"", ""Scimp"", ""Plcg2"", ""Cd300a"", ""Lyn"", ""Casp1"", ""Unc93b1"", ""Cd40"", ""Rab7b"", ""Tifa"", ""Cd180"", ""Tlr11"", ""Fgr"", ""Grn"", ""Lacc1"", ""Emilin2"", ""Tlr3"", ""Ahr"", ""Smpdl3b"", ""Tlr13"", ""Cfh"", ""Treml4"", ""Ifi204"", ""Cd36"", ""Il1b"", ""Fgl2"", ""Ffar2"", ""Myo1f"", ""Cd86"", ""Adam8"", ""Pik3ap1"", ""H2-D1"", ""Cadm1"", ""Slc15a3"", ""Casp4"", ""Cd14"", ""H2-Q6"", ""H2-M2"", ""Clnk"", ""Mefv"", ""Nlrp3"", ""Serpinb9"", ""H2-Q7"", ""Il12b"", ""Samhd1"", ""Klrd1"", 
""H2-K1"", ""Irf4"", ""Ncf1"", ""Oas1g"", ""Cd300lf"", ""Apobec3"", ""Cd274"", ""Stat2"", ""Ifi205"", ""Nlrc4"", ""Klrk1"", ""Trim30c"", ""Il15"", ""Ccl5"", ""Irf7"", ""Syk"", ""Trim30d"", ""Ninj1"", ""Ifih1"", ""Ccr1"", ""Trafd1"", ""Oas1a"", ""Parp14"", ""Trim30a"", ""Rnf216"", ""Plscr1"", ""Eif2ak2"", ""Cd55"", ""Trim30b"", ""N4bp1"", ""Serpinb1a"")"
"97","GOBP_REGULATION_OF_CELL_CELL_ADHESION","3.83665303934798e-06","0.000583274955306281","0.610526878385931","0.748012910741406","1.25478654577397","231","c(""H2-DMb1"", ""Cd209a"", ""Il4i1"", ""Pik3r6"", ""Spi1"", ""Havcr2"", ""Hfe"", ""Klf4"", ""H2-Ab1"", ""H2-Eb1"", ""H2-Aa"", ""Cd209d"", ""Ccr2"", ""Cd74"", ""H2-DMa"", ""Cd209e"", ""Myadm"", ""Icosl"", ""Cd83"", ""Cd300a"", ""Lyn"", ""Cebpb"", ""Efna5"", ""Ptafr"", ""H2-DMb2"", ""Lilrb4a"", ""F11r"", ""Sirpa"", ""Cd9"", ""Emilin2"", ""Cdh1"", ""Dusp3"", ""Cd44"", ""Il1b"", ""Fgl2"", ""Aif1"", ""Cd86"", ""Ccr5"", ""Cd80"", ""Prkcd"", ""Swap70"", ""Adam8"", ""Lgals3"", ""B2m"", ""Alox15"", ""H2-D1"", ""Hlx"", ""Gcnt2"", ""H2-Eb2"", ""Icam1"", ""H2-Q6"", ""H2-M2"", ""Nlrp3"", ""Ass1"", ""H2-Q7"", ""Pnp"", ""H2-Ob"", 
""Il12b"", ""H2-K1"")"
"98","GOBP_POSITIVE_REGULATION_OF_LYMPHOCYTE_ACTIVATION","9.98335585276184e-05","0.00676582851467293","0.538434096309916","0.748676442614281","1.25602692042748","175","c(""H2-DMb1"", ""Cd209a"", ""Il4i1"", ""Pik3r6"", ""Spi1"", ""Havcr2"", ""H2-Ab1"", ""H2-Eb1"", ""H2-Aa"", ""Cd209d"", ""Ccr2"", ""Cd74"", ""H2-DMa"", ""Tyrobp"", ""Cd209e"", ""Csf1r"", ""Cdkn1a"", ""Icosl"", ""Cd83"", ""H2-DMb2"", ""Lilrb4a"", ""Sirpa"", ""Cd40"", ""Mef2c"", ""Il1b"", ""Aif1"", ""Cd86"", ""Cd80"", ""Adam8"", ""B2m"", ""H2-D1"", ""Hlx"", ""H2-Eb2"", ""H2-Q6"", ""H2-M2"", ""Nlrp3"", ""H2-Q7"", ""Pnp"", ""H2-Ob"", ""Il12b"", ""H2-K1"", ""Ighd"")"
"99","GOCC_CELL_SURFACE","1.8065301126689e-09","1.12908132041806e-06","0.788186810800237","0.747791423804391","1.25739742780277","414","c(""Itgax"", ""Cd209a"", ""Havcr2"", ""Ciita"", ""Hfe"", ""H2-Ab1"", ""H2-Eb1"", ""Flt3"", ""Fcgr2b"", ""H2-Aa"", ""Clec10a"", ""Plet1"", ""Cd209d"", ""Il13ra1"", ""Ccr2"", ""Cd74"", ""H2-DMa"", ""Fcrls"", ""Slamf7"", ""Tyrobp"", ""App"", ""Csf2rb"", ""Cd209e"", ""Ctss"", ""Adora2b"", ""Csf1r"", ""Fcgrt"", ""Lifr"", ""Gfra2"", ""Csf2rb2"", ""Cd33"", ""Icosl"", ""Cd83"", ""Anpep"", ""Sdc3"", ""Pirb"", ""Lyn"", ""Mgl2"", ""Adgrg6"", ""Efna5"", ""Alcam"", ""Adgre4"", ""Lilrb4a"", ""Siglech"", ""Slamf9"", ""Clec4b1"", ""Clec4a1"", ""Sirpa"", ""Cd9"", ""Ngfr"", ""Cd40"", ""Tspan33"", ""Entpd1"", ""Sulf2"", 
""Ctsz"", ""Tnfrsf11a"", ""Ebi3"", ""Cdh1"", ""Clec9a"", ""Tlr3"", ""Cd302"", ""Bst2"", ""Adgre1"", ""Cfh"", ""Ifitm3"", ""Cd44"", ""Treml4"", ""Cd36"", ""Vwf"", ""Ly6a"", ""Ly6c2"", ""Xcr1"", ""Fcer1g"", ""Arsb"", ""Clec4a2"", ""Cd63"", ""Cd86"", ""Ccr5"", ""Lrp1"", ""Cd80"", ""Adam8"", ""Cd163"", ""Lgals3"", ""B2m"", ""Clec12a"", ""Havcr1"", ""H2-D1"", ""Cd207"", ""Trf"", ""H2-Eb2"", ""Ms4a1"", ""Cd14"", ""Anxa4"", ""Icam1"", ""H2-Q6"", ""Tgfb2"", ""H2-M2"", ""Fcmr"", ""Tmem123"", ""Plppr4"", ""Cd200r1"", ""H2-Q7"", ""Ccrl2"", ""Ccr6"", ""Cx3cr1"", ""Il12b"", ""Klrd1"", ""Cd79a"", ""Ramp3"", ""H2-K1"", ""Ighd"", 
""Cd19"", ""Fcer2a"", ""Clec5a"", ""Clec4b2"", ""Ckap4"", ""Cdh5"", ""Kdr"", ""Clec4a3"", ""Cxcr5"", ""Cxcr3"", ""Iglc1"", ""Cav2"", ""Scarb1"", ""Hspa5"", ""Cd34"", ""Cd274"", ""Cd79b"", ""Calr"", ""Il6ra"", ""Il1rl1"", ""Mmp25"", ""Klrk1"", ""Sema6d"", ""Il15"", ""Fcrl5"")"
"100","GOBP_LEUKOCYTE_PROLIFERATION","1.49400628169853e-05","0.0015856198744442","0.593325476396405","0.75063405496651","1.25876724520588","199","c(""Itgax"", ""H2-DMb1"", ""Cd209a"", ""Il4i1"", ""Havcr2"", ""Flt3"", ""Fcgr2b"", ""H2-Aa"", ""Lmo1"", ""Cd209d"", ""Ccr2"", ""Cd74"", ""Tyrobp"", ""Csf2rb"", ""Cd209e"", ""Csf1r"", ""Cdkn1a"", ""Csf2rb2"", ""Icosl"", ""Cd300a"", ""Lyn"", ""Cebpb"", ""H2-DMb2"", ""Lilrb4a"", ""Siglecg"", ""Gapt"", ""Cd40"", ""Cd180"", ""Hhex"", ""Ebi3"", ""Ahr"", ""Cd44"", ""Mef2c"", ""Il1b"", ""Aif1"", ""Cd86"", ""Csf2ra"", ""Cd80"", ""Prkcd"", ""Lgals3"", ""H2-D1"", ""H2-Q6"", ""Fkbp1b"", ""H2-M2"", ""H2-Q7"", ""Pnp"", ""Lst1"", ""Il12b"", ""Cd79a"", ""H2-K1"", ""Ighd"", ""Cd19"", ""Mzb1"")"
"101","GOBP_REGULATION_OF_PRODUCTION_OF_MOLECULAR_MEDIATOR_OF_IMMUNE_RESPONSE","0.00120574033677733","0.0413522098064541","0.45505986738723","0.752458966079615","1.25900541629664","104","c(""Irf5"", ""Hfe"", ""Fcgr2b"", ""Ccr2"", ""Cd74"", ""Scimp"", ""Plcg2"", ""Lilrb4a"", ""Siglecg"", ""Casp1"", ""Cd40"", ""Lacc1"", ""Tlr3"", ""Bst2"", ""Cd36"", ""Il1b"", ""Fcer1g"", ""Ffar2"", ""Cd86"", ""B2m"", ""H2-D1"", ""Casp4"", ""H2-Q6"", ""Tgfb2"", ""H2-M2"", ""Clnk"", ""Nlrp3"", ""H2-Q7"", ""H2-K1"", ""Mzb1"", ""Vpreb3"", ""Litaf"")"
"102","GOCC_ENDOSOME","3.18147262720494e-06","0.000513227270953064","0.627256739718528","0.752090719959949","1.26111794540686","225","c(""H2-DMb1"", ""Wdfy4"", ""Fgd2"", ""Cst3"", ""Havcr2"", ""Hfe"", ""H2-Ab1"", ""H2-Eb1"", ""Fcgr2b"", ""H2-Aa"", ""Cd300lg"", ""Cd74"", ""H2-DMa"", ""App"", ""Ifitm2"", ""Ctss"", ""Pld4"", ""Fcgrt"", ""Psap"", ""Flt1"", ""Mreg"", ""H2-DMb2"", ""Unc93b1"", ""Rab7b"", ""Cd68"", ""Grn"", ""Mctp1"", ""Cdh1"", ""Tlr3"", ""Bst2"", ""Snx8"", ""Tlr13"", ""Ifitm3"", ""Eea1"", ""Slc6a4"", ""Treml4"", ""Ffar4"", ""Cd63"", ""Ccr5"", ""Lrp1"", ""Ehd4"", ""Prkcd"", ""B2m"", ""Lrrk2"", ""H2-D1"", ""Slc15a3"", ""Trf"", ""H2-Eb2"", ""H2-Q6"", ""Tgfb2"", ""H2-M2"", ""Snx10"", ""Ncf4"", ""H2-Q7"", ""Tmem163"", ""H2-Ob"", ""Il12b"", 
""Cd79a"", ""H2-K1"", ""Neurl3"", ""Kdr"", ""Litaf"")"
"103","GOBP_PRODUCTION_OF_MOLECULAR_MEDIATOR_OF_IMMUNE_RESPONSE","0.000198385859103917","0.0110088058584687","0.518848077743792","0.752061226088128","1.26173386831865","149","c(""Irf5"", ""Hfe"", ""H2-Ab1"", ""Fcgr2b"", ""Ccr2"", ""Cd74"", ""Scimp"", ""Plcg2"", ""Icosl"", ""Lilrb4a"", ""Siglecg"", ""Slamf9"", ""Gapt"", ""Casp1"", ""Cd40"", ""Lacc1"", ""Tlr3"", ""Bst2"", ""Cd36"", ""Il1b"", ""Fgl2"", ""Fcer1g"", ""Ffar2"", ""Cd86"", ""Swap70"", ""B2m"", ""H2-D1"", ""Casp4"", ""H2-Q6"", ""Tgfb2"", ""H2-M2"", ""Clnk"", ""Nlrp3"", ""Pou2f2"", ""H2-Q7"", ""Ccr6"", ""Il12b"", ""Samhd1"", ""H2-K1"", ""Ighd"", ""Mzb1"", ""Vpreb3"", ""Litaf"")"
"104","GOBP_IMMUNE_EFFECTOR_PROCESS","6.02991282790668e-08","2.11989122856094e-05","0.704975715167238","0.751938516343223","1.26214681441907","305","c(""Irf5"", ""H2-DMb1"", ""Il4i1"", ""Pik3r6"", ""Ctsh"", ""Spi1"", ""Slamf8"", ""Havcr2"", ""Hfe"", ""H2-Ab1"", ""Fcgr2b"", ""Ccr2"", ""Cd74"", ""H2-DMa"", ""Tyrobp"", ""Sh2d1b1"", ""Irf8"", ""App"", ""Csf2rb"", ""Scimp"", ""Fes"", ""Adora2b"", ""Plcg2"", ""Csf2rb2"", ""Icosl"", ""Pirb"", ""Cd300a"", ""Lyn"", ""Cebpb"", ""Ptafr"", ""H2-DMb2"", ""Lilrb4a"", ""Siglecg"", ""Slamf9"", ""Gapt"", ""Casp1"", ""Unc93b1"", ""Cd40"", ""Lat2"", ""Cd180"", ""Fgr"", ""Grn"", ""Lacc1"", ""Tlr3"", ""Dnase1l3"", ""Bst2"", ""Ahr"", ""Anxa3"", ""Cfh"", ""Treml4"", ""Cd36"", ""Iglc3"", ""Il1b"", ""Fgl2"", ""Fcer1g"", ""Ffar2"", 
""Myo1f"", ""Cd86"", ""Lrp1"", ""Cd80"", ""Prkcd"", ""Swap70"", ""Relb"", ""Lgals3"", ""B2m"", ""Rnf19b"", ""H2-D1"", ""Cadm1"", ""Hlx"", ""Iglc2"", ""Casp4"", ""Icam1"", ""H2-Q6"", ""Tgfb2"", ""H2-M2"", ""Clnk"", ""Nlrp3"", ""Pou2f2"", ""Serpinb9"", ""H2-Q7"", ""Ccr6"", ""Cx3cr1"", ""Pnp"", ""Il12b"", ""Klrd1"", ""H2-K1"", ""Ighd"", ""Cd19"", ""Irf4"", ""Fcer2a"", ""Mzb1"", ""Vpreb3"", ""Litaf"", ""Ncf1"", ""Cfp"", ""Iglc1"", ""Fut7"", ""Ighg2b"", ""Ctsc"", ""Il6ra"", ""Klrk1"", ""Irf7"", ""Tnfrsf1b"", ""Lcp1"")"
"105","GOBP_REGULATION_OF_LYMPHOCYTE_ACTIVATION","1.34334514834812e-06","0.000243752143853489","0.643551836150722","0.752720152555273","1.26271550022115","258","c(""H2-DMb1"", ""Cd209a"", ""Il4i1"", ""Pik3r6"", ""Spi1"", ""Slamf8"", ""Havcr2"", ""Hfe"", ""H2-Ab1"", ""H2-Eb1"", ""Flt3"", ""Fcgr2b"", ""H2-Aa"", ""Lmo1"", ""Cd209d"", ""Ccr2"", ""Cd74"", ""H2-DMa"", ""Slamf7"", ""Tyrobp"", ""Cd209e"", ""Csf1r"", ""Cdkn1a"", ""Icosl"", ""Cd83"", ""Cd300a"", ""Lyn"", ""Cebpb"", ""H2-DMb2"", ""Lilrb4a"", ""Siglecg"", ""Sirpa"", ""Cd40"", ""Fgr"", ""Dusp3"", ""Ahr"", ""Cd44"", ""Mef2c"", ""Il1b"", ""Fgl2"", ""Themis2"", ""Aif1"", ""Cd86"", ""Cd80"", ""Adam8"", ""Lgals3"", ""B2m"", ""H2-D1"", ""Hlx"", ""H2-Eb2"", ""Bank1"", ""H2-Q6"", ""H2-M2"", ""Clnk"", ""Id2"", ""Nlrp3"", 
""Samsn1"", ""H2-Q7"", ""Ccr6"", ""Pnp"", ""H2-Ob"", ""Lst1"", ""Il12b"", ""Klrd1"", ""H2-K1"", ""Ighd"", ""Cd19"", ""Mzb1"")"
"106","GOLDRATH_ANTIGEN_RESPONSE","1.14870797406441e-07","3.40078018637491e-05","0.704975715167238","0.752577744499306","1.26295370137948","288","c(""Napsa"", ""Itgax"", ""Ifi30"", ""Plbd1"", ""Cst3"", ""H2-Ab1"", ""H2-Eb1"", ""H2-Aa"", ""Ahnak"", ""S100a4"", ""Ccr2"", ""Cd74"", ""Ccl9"", ""Tyrobp"", ""Irf8"", ""Myadm"", ""Pld4"", ""Bcl2a1a"", ""Plcg2"", ""Serpina3g"", ""Batf3"", ""Scpep1"", ""Lyn"", ""Alcam"", ""Casp1"", ""Lat2"", ""Evi2a"", ""Cd68"", ""Cyfip1"", ""S100a11"", ""Adgre1"", ""Skap2"", ""Ifitm3"", ""Eea1"", ""Efhd2"", ""Cd44"", ""Fgl2"", ""Socs2"", ""Myo1f"", ""Ccr5"", ""Capg"", ""Ctnna1"", ""S100a6"", ""Adam8"", ""Lgals3"", ""Bhlhe40"", ""Gadd45b"", ""Ier3"", ""Iglc2"", ""Ms4a1"", ""Runx2"", ""Anxa4"", ""Snx10"", ""Ncf4"", ""Id2"", 
""Rnh1"", ""Serpinb9"", ""Ccdc50"", ""Lyl1"", ""Irf4"", ""Mthfd2"", ""Litaf"", ""Cxcr3"", ""Iglc1"", ""Fut7"", ""Ighg2b"", ""Lmna"", ""Tpi1"", ""Klrk1"", ""Ccl5"", ""Unc119"", ""Plp2"", ""Ttc39b"", ""Clic4"", ""Mt2"", ""Lgals1"", ""Cd48"", ""Anxa2"", ""Ybx3"", ""Plscr1"", ""Pim1"", ""Dna2"", ""Mdfic"", ""Ctla2b"", ""N4bp1"", ""Txn1"", ""Arl5a"", ""Tpm4"", ""Hopx"", ""Sh3bgrl"", ""Dstn"", ""Emp3"")"
"107","GOBP_POSITIVE_REGULATION_OF_LEUKOCYTE_PROLIFERATION","0.00118733244766263","0.0413522098064541","0.45505986738723","0.754554436666575","1.26364719221032","106","c(""H2-DMb1"", ""Cd209a"", ""Havcr2"", ""Cd209d"", ""Ccr2"", ""Cd74"", ""Csf2rb"", ""Cd209e"", ""Csf1r"", ""Cdkn1a"", ""Csf2rb2"", ""Icosl"", ""Lyn"", ""H2-DMb2"", ""Cd40"", ""Mef2c"", ""Il1b"", ""Aif1"", ""Cd86"", ""Csf2ra"", ""Cd80"", ""H2-D1"", ""H2-Q6"", ""H2-M2"", ""H2-Q7"", ""Pnp"", ""Il12b"", ""H2-K1"", ""Ighd"")"
"108","GOBP_ENDOCYTOSIS","4.80443386596657e-06","0.000711182644633209","0.610526878385931","0.754642649095544","1.26549865164996","205","c(""P2ry6"", ""Cd209a"", ""Hfe"", ""Fcgr2b"", ""Cd209d"", ""Dab2"", ""Ccr2"", ""Hck"", ""Tyrobp"", ""Irf8"", ""App"", ""Cd209e"", ""Pld4"", ""Cxcl16"", ""Plcg2"", ""Cd300a"", ""Lilrb4a"", ""Siglech"", ""Rin2"", ""Sirpa"", ""Cd9"", ""Ncf2"", ""Rab7b"", ""Fgr"", ""Grn"", ""Dock1"", ""Mctp1"", ""Clec9a"", ""Cd302"", ""Anxa3"", ""Ifitm3"", ""Eea1"", ""Cd44"", ""Treml4"", ""Cd36"", ""Il1b"", ""Aif1"", ""Fcer1g"", ""Adm"", ""Cd63"", ""Lrp1"", ""Ehd4"", ""Cd163"", ""Lgals3"", ""B2m"", ""Alox15"", ""Lrrk2"", ""Havcr1"", ""Trf"", ""Cd14"", ""Pros1"", ""Snx10"", ""Ncf4"", ""Il10ra"", ""Msr1"", ""Ramp3"", ""Myo1e"", ""Nostrin"", 
""Bmp2k"", ""Neurl3"", ""Fcer2a"", ""Plk2"", ""Met"", ""Cfp"", ""Cav2"", ""Scarb1"", ""Cd300lf"", ""Apobr"", ""Ighg2b"", ""Calr"", ""Il15"", ""Siglecf"", ""Unc119"", ""Syk"", ""Anxa2"", ""Sod1"", ""Rnf216"", ""Nfix"", ""Plscr1"", ""Hap1"", ""Fcgr1"", ""Snx18"", ""Sirpb1b"", ""Ppt1"", ""Slc11a1"")"
"109","GOBP_POSITIVE_REGULATION_OF_MAPK_CASCADE","3.50789265272251e-05","0.00298968123811577","0.557332238758646","0.756719310054579","1.26994083254305","170","c(""P2ry6"", ""Zeb2"", ""Fgd2"", ""Pik3r6"", ""Spi1"", ""Havcr2"", ""Fcgr2b"", ""Dab2"", ""Ccr2"", ""Cd74"", ""Ccl9"", ""App"", ""Scimp"", ""Csf1r"", ""Plcg2"", ""Psap"", ""Flt1"", ""Ccl17"", ""Ngfr"", ""Cd40"", ""Tnfrsf11a"", ""Tlr3"", ""Cd44"", ""Cd36"", ""Mef2c"", ""Il1b"", ""Ffar4"", ""Mt3"", ""Ccl22"", ""Lrp1"", ""Naip6"", ""Prkcd"", ""Tmem106a"", ""Adam8"", ""Lpar3"", ""Gadd45b"", ""Alox15"", ""Lrrk2"", ""Ccl6"", ""Gcnt2"", ""Bank1"", ""Icam1"", ""Tgfb2"", ""Bcar3"", ""Jun"", ""Avpi1"", ""Ramp3"", ""Naip2"", ""Kdr"", ""Met"", ""Cav2"", ""Il6ra"", ""Trim30c"", ""Ccl5"", ""Glipr2"", ""Syk"", ""Trim30d"", 
""Pdgfa"", ""Pak1"", ""Ccr1"", ""Gpr183"", ""Sod1"", ""Trim30a"", ""Eif2ak2"")"
"110","ZENG_GU_ICB_CONTROL_METAGENE_44_PRECICTIVE_ICB_RESPONSE","0.0015002671684057","0.0474101282150679","0.45505986738723","0.761077061835949","1.27395067471359","97","c(""Zeb2"", ""Wdfy4"", ""Klf4"", ""Slamf7"", ""Plek"", ""Pkib"", ""Gpr35"", ""Cd83"", ""Slc2a6"", ""Flt1"", ""Cd300a"", ""Ptafr"", ""F10"", ""Il1b"", ""Ccr5"", ""Adam8"", ""Lgals3"", ""Slc15a3"", ""Plxnc1"", ""Nlrp3"", ""Rasgef1b"", ""Ccrl2"", ""Rgs1"", ""Lpcat2"", ""Ebf1"", ""Il1r2"", ""Fmn1"", ""Rel"", ""Tnfaip2"")"
"111","GOBP_POSITIVE_REGULATION_OF_IMMUNE_EFFECTOR_PROCESS","0.000121299887990532","0.00775354397666751","0.538434096309916","0.759025341130662","1.27449077837552","138","c(""Irf5"", ""H2-DMb1"", ""Spi1"", ""Hfe"", ""Ccr2"", ""Cd74"", ""Tyrobp"", ""Sh2d1b1"", ""Scimp"", ""Fes"", ""Adora2b"", ""Plcg2"", ""Cd300a"", ""Lyn"", ""Ptafr"", ""H2-DMb2"", ""Lilrb4a"", ""Casp1"", ""Cd40"", ""Fgr"", ""Lacc1"", ""Tlr3"", ""Cd36"", ""Il1b"", ""Fcer1g"", ""Ffar2"", ""Cd86"", ""B2m"", ""H2-D1"", ""Cadm1"", ""Hlx"", ""Casp4"", ""H2-Q6"", ""H2-M2"", ""Clnk"", ""Nlrp3"", ""H2-Q7"", ""Pnp"", ""Il12b"", ""Klrd1"", ""H2-K1"", ""Fcer2a"", ""Mzb1"")"
"112","ICHIBA_GRAFT_VERSUS_HOST_DISEASE_35D_UP","0.000700653787589093","0.0294117727999153","0.477270815362862","0.762018141764887","1.27512983068141","100","c(""H2-DMb1"", ""Mpeg1"", ""H2-Ab1"", ""H2-Eb1"", ""H2-Aa"", ""S100a4"", ""Cd74"", ""H2-DMa"", ""Ms4a6c"", ""Hck"", ""Tyrobp"", ""Ear2"", ""Ctss"", ""Pld4"", ""Csf1r"", ""Bcl2a1a"", ""Serpina3g"", ""Pirb"", ""Tmsb4x"", ""Casp1"", ""Sirpa"", ""Cd68"", ""Plac8"", ""Cybb"", ""Grn"", ""Procr"", ""S100a11"", ""Adgre1"", ""Fgl2"", ""Aif1"", ""Lyz2"", ""S100a6"", ""Lgals3"", ""Cd14"", ""Snx10"", ""Ncf4"", ""Msr1"", ""Samhd1"", ""Litaf"", ""Cfp"", ""Ctsc"", ""Psmb9"", ""Ifi205"")"
"113","TABULA_MURIS_SENIS_MAMMARY_GLAND_B_CELL_AGEING","6.71201699502099e-05","0.00496777573644646","0.538434096309916","0.760204090730803","1.27623453645364","144","c(""Napsa"", ""Ifi30"", ""H2-DMb1"", ""Ly86"", ""Rnase6"", ""Cst3"", ""Ctsh"", ""Klf4"", ""Ahnak"", ""Bcl11a"", ""Ctss"", ""Pld4"", ""Gm2a"", ""Psap"", ""Kctd12"", ""Unc93b1"", ""Evi2a"", ""Gpx1"", ""Cybb"", ""Cd44"", ""Ly6a"", ""Capg"", ""S100a6"", ""Bhlhe40"", ""B2m"", ""AW112010"", ""H2-D1"", ""Ms4a1"", ""Ncf4"", ""Tcf4"", ""Id2"", ""Vim"", ""Rrbp1"", ""Cd79a"", ""H2-K1"", ""Sdf2l1"", ""Mzb1"", ""Ptms"", ""Hspa5"", ""Cd79b"", ""Lmna"", ""Psmb9"", ""Cd72"", ""Tmed3"", ""Ccl5"", ""Cyp4f18"", ""Lcp1"", ""H2-Oa"", ""Hsp90b1"", ""Syk"", ""Clic4"", ""Mt2"", ""Lgals1"", ""Ostf1"")"
"114","GOBP_B_CELL_ACTIVATION","3.84464347842464e-05","0.00318031170090273","0.557332238758646","0.762006841544783","1.27806055373935","152","c(""Il4i1"", ""Spi1"", ""Slamf8"", ""H2-Ab1"", ""Flt3"", ""Fcgr2b"", ""Cd74"", ""Bcl11a"", ""Tyrobp"", ""Irf8"", ""Plcg2"", ""Cdkn1a"", ""Icosl"", ""Cd300a"", ""Lyn"", ""Lilrb4a"", ""Siglecg"", ""Gapt"", ""Cd40"", ""Lat2"", ""Cd180"", ""Hhex"", ""Ahr"", ""Skap2"", ""Mef2c"", ""Themis2"", ""Blnk"", ""Cd86"", ""Prkcd"", ""Swap70"", ""Spib"", ""Ms4a1"", ""Bank1"", ""Igkc"", ""Id2"", ""Pou2f2"", ""Samsn1"", ""Ccr6"", ""Pnp"", ""Tpd52"", ""Cd79a"", ""Ighd"", ""Lyl1"", ""Cd19"", ""Mzb1"")"
"115","GOBP_REGULATION_OF_ACTIN_FILAMENT_BASED_PROCESS","0.000435186061668697","0.0202307569990613","0.49849310876659","0.763179141397922","1.27982353931169","121","c(""Eps8"", ""Zeb2"", ""Sh3pxd2b"", ""Hck"", ""Plek"", ""Myadm"", ""Csf1r"", ""Tmsb4x"", ""Efna5"", ""F11r"", ""Fgr"", ""Cyfip1"", ""Bst2"", ""Arhgap6"", ""Mef2c"", ""Fscn1"", ""Myo1f"", ""Capg"", ""Lrp1"", ""Prkcd"", ""Swap70"", ""Alox15"", ""Icam1"", ""Tgfb2"", ""Rnh1"", ""Ccdc88a"", ""Synpo2"", ""Lima1"", ""Fmn1"", ""Arhgef10l"", ""Cdc42ep2"", ""Met"")"
"116","TABULA_MURIS_SENIS_LIMB_MUSCLE_B_CELL_AGEING","0.000362276041084901","0.017720023748718","0.49849310876659","0.763297011906573","1.28004777326269","122","c(""Napsa"", ""Cst3"", ""H2-Eb1"", ""Ahnak"", ""Plek"", ""Pld4"", ""Cdkn1a"", ""Psap"", ""Cd9"", ""Plac8"", ""Bcl2a1d"", ""Bcl2a1b"", ""Cybb"", ""S100a11"", ""Cd44"", ""Ly6a"", ""Fgl2"", ""Fth1"", ""Tagln2"", ""Traf1"", ""Cd86"", ""S100a6"", ""Lgals3"", ""B2m"", ""Gadd45b"", ""Ankrd33b"", ""AW112010"", ""H2-D1"", ""Sat1"", ""Tcf4"", ""Id2"", ""Vim"", ""Prr13"", ""Rrbp1"", ""H2-K1"", ""Sdf2l1"", ""Srgn"", ""Mzb1"", ""Litaf"", ""Rel"", ""Hspa5"", ""Lmna"", ""Psmb9"", ""Cacna1s"", ""Cyp4f18"", ""Hsp90b1"", ""Psme2"", ""Atp2b1"", ""Clic4"", ""Lgals1"", ""Fos"", ""Sod1"", ""Pim1"", ""Txn1"", ""Tpm4"", ""Emp3"", 
""Ptges3"", ""Sp140"", ""Pdia6"", ""Txndc5"", ""Fkbp2"", ""Prdx1"", ""Xbp1"")"
"117","GOBP_NEGATIVE_REGULATION_OF_IMMUNE_RESPONSE","0.00157389901072944","0.0491843440852951","0.45505986738723","0.765902283516507","1.28255322255381","92","c(""Il4i1"", ""Spi1"", ""Slamf8"", ""Havcr2"", ""Hfe"", ""Fcgr2b"", ""Ccr2"", ""Sh2d1b1"", ""Cd300a"", ""Lilrb4a"", ""Gpx1"", ""Grn"", ""Ahr"", ""Smpdl3b"", ""Fgl2"", ""Cd80"", ""Lgals3"", ""Alox15"", ""H2-D1"", ""Hlx"", ""H2-Q6"", ""H2-M2"", ""Samsn1"", ""Serpinb9"", ""H2-Q7"", ""Il12b"", ""Samhd1"", ""Klrd1"", ""H2-K1"", ""Oas1g"", ""Il1rl1"", ""Stat2"")"
"118","GOCC_SIDE_OF_MEMBRANE","9.78366702214392e-10","6.87914087494494e-07","0.788186810800237","0.763612950357357","1.28276619342336","333","c(""Itgax"", ""Cd209a"", ""Hfe"", ""H2-Ab1"", ""H2-Eb1"", ""Flt3"", ""Fcgr2b"", ""H2-Aa"", ""Clec10a"", ""Plet1"", ""Cd209d"", ""Il13ra1"", ""Ccr2"", ""Cd74"", ""Hck"", ""Slamf7"", ""Csf2rb"", ""Cd209e"", ""Fes"", ""Fcgrt"", ""Lifr"", ""Gm2a"", ""Gfra2"", ""Csf2rb2"", ""Cd33"", ""Icosl"", ""Cd83"", ""Anpep"", ""Pirb"", ""Lyn"", ""Mgl2"", ""Efna5"", ""Alcam"", ""Lilrb4a"", ""Slamf9"", ""Clec4b1"", ""Clec4a1"", ""Cd9"", ""Ngfr"", ""Cd40"", ""Fgr"", ""Ryr1"", ""Entpd1"", ""Tnfrsf11a"", ""Ebi3"", ""Cdh1"", ""Cd302"", ""Bst2"", ""Adgre1"", ""Smpdl3b"", ""Cfh"", ""Cd44"", ""Cd36"", ""Vwf"", ""Ly6a"", ""Ly6c2"", 
""Gna15"", ""Xcr1"", ""Fcer1g"", ""Clec4a2"", ""Traf1"", ""Cd86"", ""Ccr5"", ""Lrp1"", ""Cd80"", ""S100a6"", ""Cd163"", ""Lgals3"", ""B2m"", ""Alox15"", ""Lrrk2"", ""H2-D1"", ""Cd207"", ""H2-Eb2"", ""Ms4a1"", ""Cd14"", ""Icam1"", ""H2-Q6"", ""H2-M2"", ""Fcmr"", ""Tmem123"", ""Plppr4"", ""Cd200r1"", ""H2-Q7"", ""Ccrl2"", ""Ccr6"", ""Rgs1"", ""Alpl"", ""Cx3cr1"", ""Il12b"", ""Klrd1"", ""Cd79a"", ""H2-K1"", ""Ighd"", ""Cd19"", ""Fcer2a"", ""Clec4b2"", ""Cdh5"", ""Kdr"", ""Clec4a3"", ""Gnaq"", ""Litaf"", ""Ncf1"", ""Cfp"", ""Cxcr5"", ""Cxcr3"", ""Iglc1"", ""Cd34"", ""Cd274"", ""Cd79b"", ""Calr"", ""Il6ra"", ""Il1rl1"", 
""Mmp25"", ""Klrk1"")"
"119","GOBP_LEUKOCYTE_MEDIATED_IMMUNITY","1.12088365346981e-06","0.000217412777612679","0.643551836150722","0.764971230176013","1.28299262952796","216","c(""Il4i1"", ""Pik3r6"", ""Ctsh"", ""Spi1"", ""Havcr2"", ""Hfe"", ""H2-Ab1"", ""Fcgr2b"", ""Ccr2"", ""Cd74"", ""H2-DMa"", ""Tyrobp"", ""Sh2d1b1"", ""Csf2rb"", ""Scimp"", ""Fes"", ""Adora2b"", ""Plcg2"", ""Csf2rb2"", ""Icosl"", ""Pirb"", ""Cd300a"", ""Lyn"", ""Ptafr"", ""Lilrb4a"", ""Slamf9"", ""Gapt"", ""Unc93b1"", ""Cd40"", ""Lat2"", ""Fgr"", ""Tlr3"", ""Dnase1l3"", ""Bst2"", ""Ahr"", ""Anxa3"", ""Cfh"", ""Treml4"", ""Iglc3"", ""Il1b"", ""Fgl2"", ""Fcer1g"", ""Myo1f"", ""Cd80"", ""Prkcd"", ""Swap70"", ""B2m"", ""Rnf19b"", ""H2-D1"", ""Cadm1"", ""Iglc2"", ""Icam1"", ""H2-Q6"", ""H2-M2"", ""Clnk"", ""Nlrp3"", 
""Pou2f2"", ""Serpinb9"", ""H2-Q7"", ""Ccr6"", ""Cx3cr1"", ""Pnp"", ""Il12b"", ""Klrd1"", ""H2-K1"", ""Ighd"", ""Cd19"", ""Fcer2a"", ""Ncf1"", ""Iglc1"", ""Fut7"", ""Ighg2b"", ""Ctsc"", ""Klrk1"", ""Irf7"", ""Tnfrsf1b"")"
"120","TABULA_MURIS_SENIS_LUNG_ALVEOLAR_MACROPHAGE_AGEING","0.00042151542226635","0.0197585354187351","0.49849310876659","0.767016598974468","1.28359484132066","105","c(""Napsa"", ""Ifi30"", ""H2-DMb1"", ""Cst3"", ""H2-Ab1"", ""H2-Eb1"", ""H2-Aa"", ""Ahnak"", ""S100a4"", ""Cd74"", ""Ms4a6c"", ""Ccl9"", ""Tyrobp"", ""Wfdc17"", ""Ifitm2"", ""Ctss"", ""Csf1r"", ""Psap"", ""Pirb"", ""Alcam"", ""Plac8"", ""Cybb"", ""S100a11"", ""Ifitm3"", ""Il1b"", ""Fcer1g"", ""Lyz2"", ""Cd63"", ""S100a6"", ""Lgals3"", ""B2m"", ""Ier3"", ""H2-D1"", ""Sat1"", ""Rrbp1"", ""H2-K1"", ""Srgn"", ""Spp1"")"
"121","LI_INDUCED_T_TO_NATURAL_KILLER_UP","7.96084875960145e-07","0.00017222990104907","0.659444398037935","0.766783609441228","1.28597663577908","203","c(""Napsa"", ""Ifi30"", ""Havcr2"", ""Ahnak"", ""S100a4"", ""Lrrk1"", ""Slamf7"", ""Tyrobp"", ""Sh2d1b1"", ""Scimp"", ""Ifitm2"", ""Fes"", ""Tubb6"", ""Plcg2"", ""Serpina3g"", ""Cdkn1a"", ""Batf3"", ""Slc2a6"", ""Casp1"", ""Cd9"", ""Lat2"", ""Evi2a"", ""Hhex"", ""Emilin2"", ""S100a11"", ""Ifitm3"", ""Ly6a"", ""P2ry14"", ""Fcer1g"", ""Arsb"", ""Cd63"", ""Myo1f"", ""Traf1"", ""Ccr5"", ""Capg"", ""Ehd4"", ""Ctnna1"", ""S100a6"", ""Lgals3"", ""Bhlhe40"", ""Ier3"", ""Hk2"", ""Rnf19b"", ""Tmem141"", ""Trf"", ""Gcnt2"", ""F2rl2"", ""Asah1"", ""Cdkn2b"", ""H2-Q6"", ""Clnk"", ""Ncf4"", ""Id2"", ""Ltb4r1"", ""H2-Q7"", 
""Rgs1"", ""Vim"", ""Cx3cr1"", ""Prr13"", ""Klrd1"", ""Sdf2l1"", ""Myo1e"", ""Neurl3"", ""Spp1"", ""Zbtb32"", ""Litaf"", ""Ptms"", ""Cxcr5"", ""Cxcr3"", ""Apobr"", ""Endod1"", ""Pltp"", ""Lmna"", ""Ccl5"", ""Glipr2"", ""Gpr34"", ""Plekho2"", ""Plp2"", ""Junb"", ""Lgals1"", ""Pdgfa"", ""Ostf1"", ""Mvp"", ""Nfkb1"", ""Gm19590"", ""Anxa2"", ""Plscr1"", ""Osbpl3"", ""Scin"", ""Golm1"", ""Gng2"", ""Snx18"")"
"122","GOBP_REGULATION_OF_LEUKOCYTE_MEDIATED_IMMUNITY","4.91102405788506e-05","0.00389077610219767","0.557332238758646","0.76551456848452","1.28649589750743","135","c(""Il4i1"", ""Pik3r6"", ""Spi1"", ""Havcr2"", ""Hfe"", ""Fcgr2b"", ""Ccr2"", ""Tyrobp"", ""Sh2d1b1"", ""Scimp"", ""Fes"", ""Adora2b"", ""Plcg2"", ""Cd300a"", ""Lyn"", ""Ptafr"", ""Lilrb4a"", ""Cd40"", ""Fgr"", ""Tlr3"", ""Dnase1l3"", ""Bst2"", ""Ahr"", ""Il1b"", ""Fcer1g"", ""Cd80"", ""B2m"", ""H2-D1"", ""Cadm1"", ""H2-Q6"", ""H2-M2"", ""Clnk"", ""Nlrp3"", ""Serpinb9"", ""H2-Q7"", ""Cx3cr1"", ""Pnp"", ""Il12b"", ""Klrd1"", ""H2-K1"", ""Fcer2a"")"
"123","GOBP_REGULATION_OF_IMMUNE_EFFECTOR_PROCESS","8.98423051178885e-07","0.000187171468995601","0.659444398037935","0.767554378629846","1.28695461281644","195","c(""Irf5"", ""H2-DMb1"", ""Il4i1"", ""Pik3r6"", ""Spi1"", ""Slamf8"", ""Havcr2"", ""Hfe"", ""Fcgr2b"", ""Ccr2"", ""Cd74"", ""Tyrobp"", ""Sh2d1b1"", ""Scimp"", ""Fes"", ""Adora2b"", ""Plcg2"", ""Cd300a"", ""Lyn"", ""Ptafr"", ""H2-DMb2"", ""Lilrb4a"", ""Siglecg"", ""Casp1"", ""Cd40"", ""Fgr"", ""Grn"", ""Lacc1"", ""Tlr3"", ""Dnase1l3"", ""Bst2"", ""Ahr"", ""Cfh"", ""Cd36"", ""Il1b"", ""Fgl2"", ""Fcer1g"", ""Ffar2"", ""Cd86"", ""Cd80"", ""Lgals3"", ""B2m"", ""H2-D1"", ""Cadm1"", ""Hlx"", ""Casp4"", ""H2-Q6"", ""Tgfb2"", ""H2-M2"", ""Clnk"", ""Nlrp3"", ""Serpinb9"", ""H2-Q7"", ""Ccr6"", ""Cx3cr1"", ""Pnp"", ""Il12b"", 
""Klrd1"", ""H2-K1"", ""Fcer2a"", ""Mzb1"", ""Vpreb3"", ""Litaf"", ""Ncf1"", ""Cfp"", ""Fut7"", ""Ighg2b"")"
"124","GOCC_PLASMA_MEMBRANE_PROTEIN_COMPLEX","1.22961336597625e-05","0.00141154595584008","0.593325476396405","0.767305852653862","1.28751619498299","163","c(""Olfm1"", ""Itgax"", ""Eps8"", ""H2-DMb1"", ""Hfe"", ""H2-Ab1"", ""H2-Eb1"", ""H2-Aa"", ""Dab2"", ""Ahnak"", ""Cd74"", ""H2-DMa"", ""Csf2rb"", ""Csf2rb2"", ""Aph1c"", ""Lyn"", ""H2-DMb2"", ""Alcam"", ""Ncf2"", ""Cd40"", ""Cybb"", ""Cdh1"", ""Scn3a"", ""Pira2"", ""Cacnb2"", ""Gna15"", ""Fcer1g"", ""Traf1"", ""Csf2ra"", ""Ctnna1"", ""Adam8"", ""B2m"", ""H2-D1"", ""Trf"", ""H2-Eb2"", ""H2-Q6"", ""H2-M2"", ""Ncf4"", ""Lilra6"", ""H2-Q7"", ""H2-Ob"", ""Cd79a"", ""Ramp3"", ""H2-K1"", ""Ighd"", ""Cdh5"", ""Gnaq"", ""Ncf1"", ""Iglc1"", ""Cav2"", ""Cd79b"", ""Il6ra"", ""Cacna1s"", ""H2-Oa"", ""Syk"", ""Pmp22"")"
"125","GOBP_REGULATION_OF_LEUKOCYTE_PROLIFERATION","1.28518853282803e-05","0.00144583709943154","0.593325476396405","0.770333942413087","1.29252314574952","153","c(""H2-DMb1"", ""Cd209a"", ""Il4i1"", ""Havcr2"", ""Fcgr2b"", ""H2-Aa"", ""Lmo1"", ""Cd209d"", ""Ccr2"", ""Cd74"", ""Tyrobp"", ""Csf2rb"", ""Cd209e"", ""Csf1r"", ""Cdkn1a"", ""Csf2rb2"", ""Icosl"", ""Cd300a"", ""Lyn"", ""Cebpb"", ""H2-DMb2"", ""Lilrb4a"", ""Siglecg"", ""Cd40"", ""Hhex"", ""Ahr"", ""Cd44"", ""Mef2c"", ""Il1b"", ""Aif1"", ""Cd86"", ""Csf2ra"", ""Cd80"", ""Lgals3"", ""H2-D1"", ""H2-Q6"", ""H2-M2"", ""H2-Q7"", ""Pnp"", ""Lst1"", ""Il12b"", ""H2-K1"", ""Ighd"", ""Mzb1"")"
"126","GOCC_RECEPTOR_COMPLEX","9.64494067399505e-05","0.00661619405990514","0.538434096309916","0.771609327482015","1.29451928641536","127","c(""Olfm1"", ""Itgax"", ""Eps8"", ""Hfe"", ""Flt3"", ""Il13ra1"", ""Cd74"", ""App"", ""Csf2rb"", ""Scimp"", ""Csf1r"", ""Lifr"", ""Plxnb2"", ""Gfra2"", ""Csf2rb2"", ""Kctd12"", ""Flt1"", ""Lyn"", ""Alcam"", ""Cd40"", ""Gprc5c"", ""Ebi3"", ""Ahr"", ""Cd44"", ""Cd36"", ""Traf1"", ""Csf2ra"", ""Lrp1"", ""B2m"", ""Trf"", ""Plxna4"", ""Cd14"", ""Plxnc1"", ""Cd200r1"", ""Klrd1"", ""Cd79a"", ""Ramp3"", ""Ighd"", ""Kdr"", ""Met"", ""Iglc1"", ""Cd79b"", ""Il6ra"", ""Fcrl5"", ""Syk"", ""Pmp22"")"
"127","TABULA_MURIS_SENIS_BROWN_ADIPOSE_TISSUE_B_CELL_AGEING","3.50789265272251e-05","0.00298968123811577","0.557332238758646","0.772709064315739","1.29722560953156","130","c(""Ifi30"", ""Rnase6"", ""Cst3"", ""Ctsh"", ""Tgfbi"", ""Irf8"", ""Tmem176b"", ""App"", ""Tubb6"", ""Fcgrt"", ""Cdkn1a"", ""Psap"", ""Tmem176a"", ""Siglech"", ""Rogdi"", ""Cd9"", ""Cd68"", ""Grn"", ""Ctsz"", ""Bst2"", ""Pmaip1"", ""Cd36"", ""Ly6a"", ""Fcer1g"", ""Lyz2"", ""Tagln2"", ""Capg"", ""Lair1"", ""Gas7"", ""Lgals3"", ""B2m"", ""Plekho1"", ""Anxa4"", ""Icam1"", ""Jun"", ""Pou2f2"", ""Vim"", ""Prr13"", ""Cd79a"", ""H2-K1"", ""Pltp"", ""Lmna"", ""Psmb9"", ""Pi16"", ""Tpi1"", ""Pkig"", ""Tmed3"", ""Hsp90b1"", ""P2ry13"", ""Tppp3"", ""Clic4"", ""Mt2"")"
"128","GOBP_CYTOKINE_PRODUCTION_INVOLVED_IN_IMMUNE_RESPONSE","0.00102268340170347","0.0371135105456906","0.45505986738723","0.77441481020616","1.29767875308667","83","c(""Irf5"", ""Hfe"", ""Ccr2"", ""Cd74"", ""Scimp"", ""Plcg2"", ""Lilrb4a"", ""Slamf9"", ""Casp1"", ""Lacc1"", ""Tlr3"", ""Bst2"", ""Cd36"", ""Il1b"", ""Fcer1g"", ""Ffar2"", ""B2m"", ""H2-D1"", ""Casp4"", ""H2-Q6"", ""Tgfb2"", ""H2-M2"", ""Clnk"", ""Nlrp3"", ""H2-Q7"", ""Il12b"", ""H2-K1"", ""Litaf"")"
"129","GOBP_NEGATIVE_REGULATION_OF_CELL_ACTIVATION","0.000207454830399589","0.0110088058584687","0.518848077743792","0.775197699575583","1.29889631411916","107","c(""Il4i1"", ""Spi1"", ""Havcr2"", ""Hfe"", ""Flt3"", ""Fcgr2b"", ""H2-Aa"", ""Ccr2"", ""Cd74"", ""Tyrobp"", ""Cd300a"", ""Lyn"", ""Cebpb"", ""Lilrb4a"", ""Cd9"", ""Fgr"", ""Grn"", ""Dusp3"", ""Cd44"", ""Fgl2"", ""Cd86"", ""Cd80"", ""Prkcd"", ""Lgals3"", ""Hlx"", ""Bank1"", ""Clnk"", ""Id2"", ""Samsn1"", ""Lst1"")"
"130","MARKEY_RB1_ACUTE_LOF_DN","1.80117696343697e-05","0.00178461018544571","0.575610261071129","0.774158273851426","1.30102219387277","135","c(""Napsa"", ""Itgax"", ""Mpeg1"", ""Ctsh"", ""Fcgr2b"", ""Tgfbi"", ""Ms4a6c"", ""Ccl9"", ""Hck"", ""Tyrobp"", ""App"", ""Lmo2"", ""Nupr1"", ""Csf1r"", ""Bcl2a1a"", ""Ncf2"", ""Lat2"", ""Evi2a"", ""Apod"", ""Plac8"", ""Grn"", ""Ctsz"", ""Procr"", ""Adgre1"", ""Skap2"", ""Ifi204"", ""Lyz2"", ""Csf2ra"", ""Gatm"", ""Adam8"", ""Bhlhe40"", ""AW112010"", ""H2-D1"", ""Ccl6"", ""Plekho1"", ""Gcnt2"", ""Casp4"", ""Anxa4"", ""Sat1"", ""Ncf4"", ""Serpinb9"", ""Pnp"", ""Lst1"", ""H2-K1"", ""Specc1"", ""Lyl1"", ""Srgn"", ""Ncf1"", ""Cfp"", ""Tor3a"", ""Pla2g7"", ""Psmb9"", ""Usp18"", ""Cd72"", ""C3ar1"", ""Ccl5"", ""Irf7"", 
""Lcp1"", ""Psme2"", ""Mt2"", ""Ifih1"", ""Ccr1"", ""Smpdl3a"", ""Trim30a"", ""Fcgr1"")"
"131","GOBP_REGULATION_OF_B_CELL_ACTIVATION","0.000783865615560154","0.0317211804857976","0.477270815362862","0.776903208975086","1.30184853673374","83","c(""Il4i1"", ""Spi1"", ""Slamf8"", ""Flt3"", ""Fcgr2b"", ""Cd74"", ""Tyrobp"", ""Cdkn1a"", ""Cd300a"", ""Lyn"", ""Lilrb4a"", ""Siglecg"", ""Cd40"", ""Ahr"", ""Mef2c"", ""Themis2"", ""Bank1"", ""Id2"", ""Samsn1"", ""Pnp"", ""Ighd"", ""Cd19"", ""Mzb1"")"
"132","GOCC_EXTERNAL_SIDE_OF_PLASMA_MEMBRANE","6.26566157330117e-09","3.52443463498191e-06","0.761460801445585","0.776181352320404","1.30225360364217","241","c(""Itgax"", ""Cd209a"", ""Hfe"", ""H2-Ab1"", ""H2-Eb1"", ""Flt3"", ""Fcgr2b"", ""H2-Aa"", ""Clec10a"", ""Plet1"", ""Cd209d"", ""Il13ra1"", ""Ccr2"", ""Cd74"", ""Slamf7"", ""Csf2rb"", ""Cd209e"", ""Fcgrt"", ""Lifr"", ""Gfra2"", ""Csf2rb2"", ""Cd33"", ""Icosl"", ""Cd83"", ""Anpep"", ""Pirb"", ""Mgl2"", ""Efna5"", ""Alcam"", ""Lilrb4a"", ""Slamf9"", ""Clec4b1"", ""Clec4a1"", ""Cd9"", ""Ngfr"", ""Cd40"", ""Entpd1"", ""Tnfrsf11a"", ""Ebi3"", ""Cd302"", ""Adgre1"", ""Cfh"", ""Cd44"", ""Cd36"", ""Vwf"", ""Ly6a"", ""Xcr1"", ""Fcer1g"", ""Clec4a2"", ""Cd86"", ""Ccr5"", ""Lrp1"", ""Cd80"", ""Cd163"", ""Lgals3"", 
""B2m"", ""H2-D1"", ""Cd207"", ""H2-Eb2"", ""Ms4a1"", ""Cd14"", ""Icam1"", ""H2-Q6"", ""H2-M2"", ""Fcmr"", ""Tmem123"", ""Plppr4"", ""Cd200r1"", ""H2-Q7"", ""Ccrl2"", ""Ccr6"", ""Cx3cr1"", ""Il12b"", ""Klrd1"", ""Cd79a"", ""H2-K1"", ""Ighd"", ""Cd19"", ""Fcer2a"", ""Clec4b2"", ""Cdh5"", ""Kdr"", ""Clec4a3"", ""Cxcr5"", ""Cxcr3"", ""Iglc1"", ""Cd34"", ""Cd274"", ""Cd79b"", ""Calr"", ""Il6ra"", ""Il1rl1"")"
"133","BROWN_MYELOID_CELL_DEVELOPMENT_UP","0.000205187587184575","0.0110088058584687","0.518848077743792","0.781009136642303","1.30731454996525","97","c(""Itgax"", ""Mpeg1"", ""Il4i1"", ""Dab2"", ""Tgfbi"", ""Ccr2"", ""Hck"", ""Tyrobp"", ""Tifab"", ""Cldn1"", ""Ctss"", ""Bcl2a1a"", ""Cd33"", ""Anpep"", ""Alcam"", ""Lilrb4a"", ""Clec4b1"", ""Sirpa"", ""Cd68"", ""Fgr"", ""Bcl2a1d"", ""Bcl2a1b"", ""Cybb"", ""Grn"", ""S100a11"", ""F10"", ""Cd44"", ""Il1b"", ""Clec4a2"", ""Csf2ra"", ""Capg"", ""Cd80"", ""S100a6"", ""Hlx"", ""Slc15a3"", ""Ccl6"", ""Anxa4"", ""Sat1"", ""Mcemp1"", ""Id2"")"
"134","GOBP_NEGATIVE_REGULATION_OF_CELL_ADHESION","1.57777996080171e-05","0.00164352079250178","0.575610261071129","0.780265847414584","1.30949374363579","129","c(""Il4i1"", ""Spi1"", ""Havcr2"", ""Hfe"", ""Klf4"", ""H2-Aa"", ""Plet1"", ""Cd74"", ""Myadm"", ""Plxnb2"", ""Cd300a"", ""Cebpb"", ""Efna5"", ""Lilrb4a"", ""Cd9"", ""Apod"", ""Cdh1"", ""Dusp3"", ""Arhgap6"", ""Cd44"", ""Fgl2"", ""Myo1f"", ""Cd86"", ""Lrp1"", ""Cd80"", ""Prkcd"", ""Swap70"", ""Adam8"", ""Lgals3"", ""Hlx"", ""Plxna4"", ""Gcnt2"", ""Plxnc1"", ""Ass1"")"
"135","GOBP_NEGATIVE_REGULATION_OF_LEUKOCYTE_CELL_CELL_ADHESION","0.0013003780174671","0.0430272138132495","0.45505986738723","0.783204686242622","1.31425778428203","75","c(""Il4i1"", ""Havcr2"", ""Hfe"", ""Klf4"", ""H2-Aa"", ""Cd74"", ""Cd300a"", ""Cebpb"", ""Lilrb4a"", ""Dusp3"", ""Cd44"", ""Fgl2"", ""Cd86"", ""Cd80"", ""Adam8"", ""Lgals3"", ""Hlx"", ""Ass1"")"
"136","GOBP_PHAGOCYTOSIS","0.000394568331035142","0.0189696312997664","0.49849310876659","0.784383829643394","1.31438373411533","83","c(""P2ry6"", ""Fcgr2b"", ""Ccr2"", ""Hck"", ""Tyrobp"", ""Irf8"", ""Pld4"", ""Plcg2"", ""Cd300a"", ""Sirpa"", ""Ncf2"", ""Rab7b"", ""Fgr"", ""Dock1"", ""Cd302"", ""Anxa3"", ""Treml4"", ""Cd36"", ""Il1b"", ""Aif1"", ""Fcer1g"", ""Lrp1"", ""Alox15"", ""Havcr1"", ""Pros1"", ""Ncf4"", ""Msr1"", ""Met"", ""Cfp"", ""Scarb1"", ""Cd300lf"", ""Ighg2b"", ""Calr"", ""Il15"", ""Syk"", ""Sod1"", ""Nfix"", ""Plscr1"", ""Fcgr1"", ""Sirpb1b"", ""Slc11a1"")"
"137","TABULA_MURIS_SENIS_SUBCUTANEOUS_ADIPOSE_TISSUE_B_CELL_AGEING","0.000453867000506644","0.0207561128280477","0.49849310876659","0.786927890687079","1.31899284660856","82","c(""Cst3"", ""Ctsh"", ""Gm15987"", ""Ahnak"", ""Ms4a6c"", ""Hck"", ""Tyrobp"", ""Myadm"", ""Fcgrt"", ""Psap"", ""Cd9"", ""Grn"", ""Pmaip1"", ""Cd44"", ""Cd36"", ""Lyz2"", ""Tagln2"", ""Capg"", ""S100a6"", ""Gas7"", ""Spib"", ""H2-Q6"", ""Vim"", ""Prr13"", ""Cd79a"", ""Mzb1"", ""Gns"", ""Lmna"", ""Tppp3"", ""Atp2b1"", ""Plp2"", ""Clic4"", ""Lgals1"", ""Fos"", ""Anxa2"")"
"138","GOBP_RESPONSE_TO_TYPE_II_INTERFERON","0.00115282002356854","0.0410950042124335","0.45505986738723","0.787796306181298","1.32376251119302","71","c(""Ciita"", ""H2-Ab1"", ""H2-Eb1"", ""H2-Aa"", ""Cd74"", ""Ccl9"", ""Irf8"", ""Ifitm2"", ""Kynu"", ""Cxcl16"", ""Ccl17"", ""Casp1"", ""Sirpa"", ""Cd40"", ""Rab7b"", ""Bst2"", ""Ifitm3"", ""Capg"", ""Ccl22"", ""Ccl6"", ""Mefv"", ""H2-Q7"", ""Vim"", ""Il12b"", ""Cdc42ep2"")"
"139","GOBP_NEGATIVE_REGULATION_OF_CELL_CELL_ADHESION","8.06567190712892e-05","0.00581659031764105","0.538434096309916","0.791331230428051","1.32458383819646","93","c(""Il4i1"", ""Spi1"", ""Havcr2"", ""Hfe"", ""Klf4"", ""H2-Aa"", ""Cd74"", ""Myadm"", ""Cd300a"", ""Cebpb"", ""Lilrb4a"", ""Cd9"", ""Cdh1"", ""Dusp3"", ""Cd44"", ""Fgl2"", ""Cd86"", ""Cd80"", ""Prkcd"", ""Swap70"", ""Adam8"", ""Lgals3"", ""Hlx"", ""Ass1"")"
"140","GOBP_NEGATIVE_REGULATION_OF_LYMPHOCYTE_ACTIVATION","0.000191775717697771","0.0108547159889134","0.518848077743792","0.790427108208233","1.32473444973119","84","c(""Il4i1"", ""Havcr2"", ""Hfe"", ""Flt3"", ""Fcgr2b"", ""H2-Aa"", ""Cd74"", ""Tyrobp"", ""Cd300a"", ""Lyn"", ""Cebpb"", ""Lilrb4a"", ""Fgr"", ""Dusp3"", ""Cd44"", ""Fgl2"", ""Cd86"", ""Cd80"", ""Lgals3"", ""Hlx"", ""Bank1"", ""Clnk"", ""Id2"", ""Samsn1"", ""Lst1"")"
"141","ICHIBA_GRAFT_VERSUS_HOST_DISEASE_D7_UP","0.000155463629034583","0.00910919701374513","0.518848077743792","0.794400749501755","1.33116898137591","83","c(""H2-DMb1"", ""Ly86"", ""Mpeg1"", ""H2-Ab1"", ""H2-Eb1"", ""H2-Aa"", ""Cd74"", ""H2-DMa"", ""Hck"", ""Tyrobp"", ""Irf8"", ""Ear2"", ""Ctss"", ""Pld4"", ""Bcl2a1a"", ""Serpina3g"", ""Tmsb4x"", ""Plac8"", ""Procr"", ""Adgre1"", ""Ifi204"", ""Ly6a"", ""Fgl2"", ""Lyz2"", ""Rnf19b"", ""AW112010"", ""Ccl6"", ""Cd14"", ""Icam1"", ""Snx10"", ""Msr1"", ""Samhd1"", ""Litaf"", ""Psmb9"", ""Ifi205"", ""Usp18"", ""Irf7"", ""Psme2"")"
"142","GOMF_IMMUNE_RECEPTOR_ACTIVITY","0.000444744123298004","0.0205056204389448","0.49849310876659","0.794388053856311","1.33376653266851","78","c(""Ctsh"", ""H2-Eb1"", ""Flt3"", ""Fcgr2b"", ""Il13ra1"", ""Ccr2"", ""Cd74"", ""Csf2rb"", ""Gpr35"", ""Lifr"", ""Gfra2"", ""Csf2rb2"", ""Pirb"", ""Lilrb4a"", ""Ebi3"", ""Pira2"", ""Cd44"", ""Xcr1"", ""Fcer1g"", ""Ccr5"", ""Csf2ra"", ""H2-Eb2"", ""Lilra6"", ""Ccrl2"", ""Ccr6"", ""Il10ra"", ""Cx3cr1"", ""Il12b"", ""Klrd1"", ""Il1r2"", ""Fcer2a"", ""Cxcr5"", ""Cxcr3"", ""Il6ra"", ""Il1rl1"", ""Klrk1"", ""C3ar1"")"
"143","HUANG_GATA2_TARGETS_UP","0.000500662515769517","0.0225298132096282","0.477270815362862","0.795553483743611","1.33487410453793","68","c(""Napsa"", ""Cst3"", ""Spi1"", ""Alox5ap"", ""Fcgr2b"", ""Ccl9"", ""Tyrobp"", ""Fes"", ""Cdkn1a"", ""BC028528"", ""Kctd12"", ""Slc2a6"", ""Lat2"", ""Evi2a"", ""Gpx1"", ""Plac8"", ""Hhex"", ""Cd44"", ""P2ry14"", ""Ffar2"", ""Lyz2"", ""Myo1f"", ""B2m"", ""Gcnt2"", ""Sat1"", ""Samsn1"", ""Neurl3"", ""Srgn"", ""Cebpa"", ""Psmb9"", ""Ifi205"")"
"144","GOBP_POSITIVE_REGULATION_OF_SMALL_MOLECULE_METABOLIC_PROCESS","0.00143523819788528","0.045870538994913","0.45505986738723","0.796345251786005","1.3362871046664","57","c(""P2ry6"", ""Pid1"", ""Dab2"", ""Cd74"", ""App"", ""Adora2b"", ""Ptafr"", ""Pmaip1"", ""Il1b"", ""Nucb2"")"
"145","TABULA_MURIS_SENIS_KIDNEY_MACROPHAGE_AGEING","0.000164706346732606","0.00955127010691657","0.518848077743792","0.797998638598057","1.34011010695265","76","c(""Napsa"", ""Ifi30"", ""Zeb2"", ""Klf4"", ""Alox5ap"", ""Ahnak"", ""S100a4"", ""Ms4a6c"", ""Ccl9"", ""Ifitm2"", ""Ms4a6d"", ""Cd300a"", ""Cebpb"", ""Clec4a1"", ""Fgr"", ""Plac8"", ""Grn"", ""Cd44"", ""Ly6a"", ""Lyz2"", ""Capg"", ""Lrp1"", ""S100a6"", ""Lgals3"", ""Ier3"", ""Clec12a"", ""AW112010"", ""Ccl6"", ""Sat1"", ""Samsn1"", ""Vim"", ""Prr13"", ""Lyz1"", ""Cfp"", ""Tnfaip2"", ""Pla2g7"", ""Pltp"", ""Ccl5"", ""Ly6e"", ""Junb"", ""Ninj1"", ""Fos"")"
"146","TABULA_MURIS_SENIS_AORTA_PROFESSIONAL_ANTIGEN_PRESENTING_CELL_AGEING","0.000125960167947812","0.00778599939237847","0.518848077743792","0.800045213162206","1.34062938310039","85","c(""Ifi30"", ""H2-DMb1"", ""Syngr2"", ""Ms4a4c"", ""H2-Ab1"", ""H2-Eb1"", ""Alox5ap"", ""H2-Aa"", ""Tgfbi"", ""Cd74"", ""H2-DMa"", ""Ms4a6c"", ""Tyrobp"", ""Wfdc17"", ""Ifitm2"", ""Ctss"", ""Gm2a"", ""Cdkn1a"", ""Psap"", ""Tmsb4x"", ""Cebpb"", ""Lilrb4a"", ""Cd68"", ""Plac8"", ""Grn"", ""Ctsz"", ""Ifitm3"", ""Ly6a"", ""Ly6c2"", ""Fcer1g"", ""Lyz2"", ""Capg"", ""B2m"", ""H2-D1"", ""Trf"")"
"147","GOCC_VACUOLAR_MEMBRANE","0.00113779209292229","0.0410261571967172","0.45505986738723","0.798149700392285","1.34117080693898","59","c(""H2-DMb1"", ""H2-Ab1"", ""H2-Eb1"", ""H2-Aa"", ""H2-DMa"", ""Ifitm2"", ""Slc2a6"", ""H2-DMb2"", ""Cd68"", ""Grn"", ""Ifitm3"", ""Treml4"", ""Ffar4"", ""Cd63"", ""B2m"", ""H2-D1"", ""Slc15a3"", ""H2-Eb2"", ""H2-Q6"", ""H2-M2"", ""H2-Q7"", ""H2-Ob"", ""H2-K1"", ""Litaf"", ""H2-Oa"", ""Wdfy3"", ""Tm4sf5"", ""Anxa2"")"
"148","GOBP_REGULATION_OF_MAP_KINASE_ACTIVITY","0.00139679649786521","0.0448970302885245","0.45505986738723","0.798967094373314","1.34175037763641","58","c(""Zeb2"", ""Fgd2"", ""Pik3r6"", ""App"", ""Flt1"", ""Cd300a"", ""Lyn"", ""Cd40"", ""Tnfrsf11a"", ""Mef2c"", ""Il1b"", ""Prkcd"", ""Adam8"", ""Lrrk2"")"
"149","GOCC_LATE_ENDOSOME","0.000417793295243736","0.0197486326533278","0.49849310876659","0.79839301886777","1.34210258415447","70","c(""H2-DMb1"", ""Cst3"", ""H2-Ab1"", ""H2-Eb1"", ""H2-Aa"", ""Cd74"", ""H2-DMa"", ""Ifitm2"", ""Ctss"", ""Psap"", ""Mreg"", ""H2-DMb2"", ""Rab7b"", ""Cd68"", ""Grn"", ""Bst2"", ""Cd63"", ""B2m"", ""Lrrk2"", ""Trf"", ""H2-Eb2"", ""H2-Ob"", ""Cd79a"", ""Litaf"", ""Myo5a"")"
"150","GOBP_REGULATION_OF_CANONICAL_WNT_SIGNALING_PATHWAY","0.00131087551912173","0.0431209052342673","0.45505986738723","0.803285257193332","1.34733067882304","50","c(""Zeb2"", ""Ptpro"", ""Dab2"", ""Lrrk1"", ""App"", ""Cdk14"", ""Sulf2"", ""Hhex"", ""Cdh1"", ""Ctnnd2"", ""Lrrk2"")"
"151","GOCC_VACUOLE","1.11724460390447e-08","5.7131826336024e-06","0.747739663149885","0.805440879379434","1.35145810012071","161","c(""Napsa"", ""Ifi30"", ""H2-DMb1"", ""Rnase6"", ""Plbd1"", ""Il4i1"", ""Ctsh"", ""H2-Ab1"", ""H2-Eb1"", ""H2-Aa"", ""Cd74"", ""H2-DMa"", ""Hck"", ""App"", ""Ifitm2"", ""Naaa"", ""Ctss"", ""Gm2a"", ""Psap"", ""Slc2a6"", ""Mreg"", ""H2-DMb2"", ""Unc93b1"", ""Rab7b"", ""Cd68"", ""Grn"", ""Ctsz"", ""Ifitm3"", ""Treml4"", ""Il1b"", ""Arsb"", ""Ffar4"", ""Fth1"", ""Cd63"", ""Prkcd"", ""Adam8"", ""B2m"", ""Rnf19b"", ""Lrrk2"", ""H2-D1"", ""Slc15a3"", ""H2-Eb2"", ""Prcp"", ""Asah1"", ""H2-Q6"", ""H2-M2"", ""Clnk"", ""H2-Q7"", ""Tmem163"", ""H2-Ob"", ""Ramp3"", ""H2-K1"", ""Fnip2"", ""Srgn"", ""Naga"", ""Litaf"", 
""Gns"", ""Gusb"", ""Scarb1"", ""Myo5a"", ""Cd34"", ""Calr"", ""Ctsc"")"
"152","DESCARTES_ORGANOGENESIS_WHITE_BLOOD_CELLS","5.64316224212574e-16","1.05809292039858e-12","1.02766987054358","0.806340376262779","1.35395217514028","313","c(""Napsa"", ""P2ry6"", ""Irf5"", ""Ly86"", ""Wdfy4"", ""Fgd2"", ""Mpeg1"", ""Cst3"", ""Ctsh"", ""Spi1"", ""Havcr2"", ""Ms4a4c"", ""Hfe"", ""Gm15987"", ""Alox5ap"", ""Flt3"", ""Fcgr2b"", ""Clec10a"", ""Dab2"", ""Il13ra1"", ""Ccr2"", ""Cd74"", ""Ms4a6c"", ""Ccl9"", ""Fcrls"", ""Hck"", ""Tyrobp"", ""Tifab"", ""Irf8"", ""Fes"", ""Ctss"", ""Pld4"", ""Csf1r"", ""Plcg2"", ""Fcgrt"", ""Gm2a"", ""Psap"", ""Ms4a6d"", ""Cyp27a1"", ""Cd33"", ""Cd83"", ""Cd300a"", ""Lyn"", ""Cebpb"", ""Lrrc25"", ""Ptafr"", ""Adgre4"", ""Siglech"", ""Clec4a1"", ""Casp1"", ""Sirpa"", ""Unc93b1"", ""Ncf2"", ""Rab7b"", ""Adap1"", ""Evi2a"", 
""Cd180"", ""Cd68"", ""Plac8"", ""Cybb"", ""Grn"", ""Cyfip1"", ""Ctsz"", ""Tnfrsf11a"", ""Ebi3"", ""Mctp1"", ""Mx1"", ""Adgre1"", ""Skap2"", ""Snx8"", ""Tlr13"", ""Cfh"", ""Ifitm3"", ""Cysltr1"", ""Efhd2"", ""Cd44"", ""Ifi204"", ""Cd36"", ""Mef2c"", ""Themis2"", ""Gna15"", ""Aif1"", ""Fcer1g"", ""Blnk"", ""Arsb"", ""Ffar2"", ""Clec4a2"", ""Ms4a4a"", ""Myo1f"", ""Cd86"", ""Ccr5"", ""Cd80"", ""Naip6"", ""Ehd4"", ""Lair1"", ""Prkcd"", ""Tmem106a"", ""Tep1"", ""Lgals3"", ""Epsti1"", ""Gpr141"", ""B2m"", ""Pik3ap1"", ""Tbc1d4"", ""Tmem141"", ""H2-D1"", ""Slc15a3"", ""Ccl6"", ""Casp4"", ""Asah1"", ""Bank1"", ""Sat1"", 
""F630028O10Rik"", ""Nlrp3"", ""Samsn1"", ""Cd200r1"", ""Il10ra"", ""Adap2"", ""Cx3cr1"", ""Msr1"", ""Vwa5a"", ""9930111J21Rik2"", ""Tpd52"", ""Lst1"", ""Lpcat2"", ""Samhd1"", ""H2-K1"", ""Naip2"", ""Fnip2"", ""Neurl3"", ""Clec5a"", ""Clec4a3"", ""Litaf"", ""Ncf1"", ""Cfp"", ""Rasa4"", ""Gusb"", ""Rel"", ""Myo5a"", ""Cd300lf"", ""Apobec3"", ""Cd79b"", ""Ctsc"", ""Il6ra"", ""Il1rl1"", ""Nlrc4"", ""C3ar1"", ""Hps3"", ""Trim30c"", ""Hpgd"", ""Il15"", ""Tnfrsf1b"", ""Rnf213"", ""Ly6e"", ""P2ry13"", ""Gpr34"", ""Trim30d"", ""Map3k8"", ""Fcrl1"", ""Ifih1"", ""BC035044"", ""Cd48"", ""Ccr1"", ""Hpgds"", ""Gpr183"", 
""Parp14"", ""Pfkfb3"", ""Cyth4"", ""Eif2ak2"", ""Il18"", ""Fcgr1"")"
"153","HOLLERN_EMT_BREAST_TUMOR_UP","0.000778590655064363","0.0317211804857976","0.477270815362862","0.806659832449224","1.3541702371885","55","c(""Olfm1"", ""Spi1"", ""Fcgr2b"", ""Dab2"", ""S100a4"", ""Ccr2"", ""Ccl9"", ""Fcrls"", ""Naaa"", ""Csf1r"", ""Fcgrt"", ""Rgs18"", ""Hhex"", ""Cfh"", ""Cysltr1"", ""Clec4a2"", ""Traf1"", ""Lrp1"", ""Hlx"", ""Vim"", ""Nrp2"", ""Cfp"")"
"154","TABULA_MURIS_SENIS_SPLEEN_B_CELL_AGEING","0.000491476307703397","0.0222947921841259","0.477270815362862","0.809462607257143","1.36096265243705","61","c(""Ifi30"", ""H2-DMb1"", ""Cst3"", ""Ctsh"", ""H2-Ab1"", ""H2-Eb1"", ""Fcgr2b"", ""H2-Aa"", ""Ahnak"", ""Irf8"", ""Scimp"", ""Pld4"", ""Psap"", ""Lat2"", ""Evi2a"", ""Bcl2a1b"", ""Cybb"", ""Cd44"", ""Ly6a"", ""Capg"", ""B2m"", ""AW112010"", ""H2-D1"", ""Sat1"", ""Tcf4"", ""Jun"", ""Prr13"", ""H2-K1"", ""Srgn"", ""Mzb1"", ""Gns"", ""Psmb9"", ""Cd72"", ""Ccl5"", ""Cyp4f18"", ""H2-Oa"", ""Unc119"", ""Syk"", ""Lgals1"", ""Fos"")"
"155","GOBP_NEGATIVE_REGULATION_OF_IMMUNE_EFFECTOR_PROCESS","0.000139716849855007","0.00836071574930226","0.518848077743792","0.81084327198607","1.3630315207666","70","c(""Il4i1"", ""Spi1"", ""Slamf8"", ""Havcr2"", ""Hfe"", ""Fcgr2b"", ""Ccr2"", ""Sh2d1b1"", ""Cd300a"", ""Lilrb4a"", ""Siglecg"", ""Grn"", ""Bst2"", ""Ahr"", ""Fgl2"", ""Cd80"", ""Lgals3"", ""H2-D1"", ""Hlx"", ""H2-Q6"", ""Tgfb2"", ""H2-M2"", ""Serpinb9"", ""H2-Q7"", ""Cx3cr1"", ""Klrd1"", ""H2-K1"", ""Vpreb3"")"
"156","GOCC_LYTIC_VACUOLE_MEMBRANE","0.000809486828181173","0.032524024346565","0.477270815362862","0.813347880538019","1.36343442947316","51","c(""H2-DMb1"", ""H2-Ab1"", ""H2-Eb1"", ""H2-Aa"", ""H2-DMa"", ""Ifitm2"", ""Slc2a6"", ""H2-DMb2"", ""Cd68"", ""Grn"", ""Ifitm3"", ""Treml4"", ""Ffar4"", ""Cd63"", ""B2m"", ""H2-D1"", ""Slc15a3"", ""H2-Eb2"", ""H2-Q6"", ""H2-M2"", ""H2-Q7"", ""H2-Ob"", ""H2-K1"", ""Litaf"")"
"157","GOMF_ANTIGEN_BINDING","0.00012406286592677","0.00778599939237847","0.518848077743792","0.819666103692743","1.37735645029974","60","c(""H2-DMb1"", ""H2-Ab1"", ""H2-Eb1"", ""H2-Aa"", ""H2-DMa"", ""Psap"", ""H2-DMb2"", ""Sirpa"", ""Cd40"", ""Iglc3"", ""B2m"", ""H2-D1"", ""Iglc2"", ""H2-Eb2"", ""H2-Q6"", ""H2-M2"", ""H2-Q7"", ""H2-Ob"", ""Klrd1"", ""H2-K1"", ""Ighd"", ""Iglc1"", ""Ighg2b"", ""H2-Oa"")"
"158","TABULA_MURIS_SENIS_LUNG_B_CELL_AGEING","0.000245267905292019","0.0126571740116294","0.49849310876659","0.824073933428425","1.38273771366433","56","c(""Napsa"", ""Ctsh"", ""H2-Ab1"", ""H2-Eb1"", ""Fcgr2b"", ""H2-Aa"", ""Ahnak"", ""Plek"", ""Scimp"", ""Pld4"", ""Serpina3g"", ""Kctd12"", ""Cd9"", ""Evi2a"", ""Bcl2a1b"", ""Cd44"", ""Ly6a"", ""Capg"", ""Lgals3"", ""B2m"", ""AW112010"", ""H2-D1"", ""Tcf4"", ""Jun"", ""Vim"", ""Prr13"", ""H2-K1"", ""Srgn"", ""Zbtb32"", ""Gns"", ""Phf11b"", ""Psmb9"", ""Cd72"", ""Psme2"", ""Atp2b1"", ""Lgals1"")"
"159","SPIB_TARGET_GENES","1.23301453194951e-07","3.46785337110799e-05","0.690132458796796","0.826512069095457","1.38291018983701","104","c(""Napsa"", ""Irf5"", ""Ly86"", ""Zeb2"", ""Wdfy4"", ""Fgd2"", ""Alox5ap"", ""Fcgr2b"", ""S100a4"", ""Bcl11a"", ""Lrrk1"", ""Scimp"", ""Tnni2"", ""Lmo2"", ""Ctss"", ""Pld4"", ""Tmsb4x"", ""H2-DMb2"", ""Serpinf1"", ""Bcl2a1d"", ""Grn"", ""Ebi3"", ""Trim7"", ""Mef2c"", ""Ehf"", ""Arhgap22"", ""Prkcd"", ""Clec12a"", ""Slc15a3"", ""Nek6"", ""Ms4a1"", ""Icam1"", ""H2-Q6"", ""Zeb2os"", ""Ncf4"", ""Plxnc1"", ""Lilra6"", ""H2-Q7"", ""H2-K1"", ""Lyl1"", ""Ncf1"", ""Cfp"", ""Gusb"", ""Cd300lf"", ""Birc3"", ""Sh3tc1"", ""Nlrc4"")"
"160","TABULA_MURIS_SENIS_LIMB_MUSCLE_MACROPHAGE_AGEING","2.36439565276388e-05","0.00215179942814876","0.575610261071129","0.826545749976621","1.38698632050255","75","c(""Napsa"", ""H2-DMb1"", ""Plbd1"", ""Syngr2"", ""Cd209a"", ""Mpeg1"", ""H2-Ab1"", ""H2-Eb1"", ""H2-Aa"", ""Cd209d"", ""Ccr2"", ""Cd74"", ""H2-DMa"", ""Tnip3"", ""Csf2rb"", ""Ctss"", ""Gm2a"", ""Psap"", ""Plac8"", ""S100a11"", ""Il1b"", ""S100a6"", ""Lgals3"")"
"161","GOBP_MYELOID_CELL_ACTIVATION_INVOLVED_IN_IMMUNE_RESPONSE","0.00120417404266494","0.0413522098064541","0.45505986738723","0.829791336236103","1.38998643199909","44","c(""Spi1"", ""Havcr2"", ""Ccr2"", ""Tyrobp"", ""Fes"", ""Adora2b"", ""Plcg2"", ""Cd300a"", ""Lyn"", ""Ptafr"", ""Lilrb4a"", ""Lat2"", ""Fgr"", ""Grn"", ""Dnase1l3"", ""Anxa3"", ""Fcer1g"", ""Myo1f"", ""Clnk"")"
"162","WUNDER_INFLAMMATORY_RESPONSE_AND_CHOLESTEROL_UP","0.00116095484228324","0.0410950042124335","0.45505986738723","0.827451017134841","1.39016471266098","46","c(""H2-DMb1"", ""Mpeg1"", ""H2-Ab1"", ""H2-Eb1"", ""H2-Aa"", ""Cd74"", ""H2-DMa"", ""Ctss"", ""Lyn"", ""H2-DMb2"", ""Casp1"", ""Plac8"", ""Bst2"", ""Aif1"", ""Gatm"", ""B2m"", ""H2-D1"", ""Cd14"", ""H2-Q7"", ""H2-K1"", ""Ctsc"", ""Psmb9"", ""Ccl5"", ""Ifi44"")"
"163","ZENG_GU_ICB_CONTROL_METAGENE_25_PRECICTIVE_ICB_RESPONSE","9.78366702214392e-10","6.87914087494494e-07","0.788186810800237","0.827691845203517","1.39032005915282","136","c(""P2ry6"", ""Itgax"", ""Irf5"", ""H2-DMb1"", ""Ly86"", ""Rnase6"", ""Plbd1"", ""Pik3r6"", ""Spi1"", ""Slamf8"", ""H2-Ab1"", ""Alox5ap"", ""H2-Aa"", ""Cd74"", ""H2-DMa"", ""Tyrobp"", ""Irf8"", ""Naaa"", ""Pld4"", ""Bcl2a1a"", ""Cxcl16"", ""Gpr35"", ""Serpina3g"", ""Cd33"", ""Cd83"", ""Metrnl"", ""Slc2a6"", ""Anpep"", ""Cd300a"", ""Lrrc25"", ""Ptafr"", ""H2-DMb2"", ""Lilrb4a"", ""Ncf2"", ""Cd40"", ""Lat2"", ""Entpd1"", ""Bcl2a1d"", ""Bcl2a1b"", ""Procr"", ""Il1b"", ""Ly6a"", ""Gna15"", ""P2ry14"", ""Aif1"", ""Fcer1g"", ""Lyz2"", ""Myo1f"", ""Cd86"", ""Ccr5"", ""Lair1"", ""Lgals3"", ""B2m"", ""Rnf19b"", 
""Clec12a"", ""H2-D1"", ""Slc15a3"", ""Plekho1"", ""Casp4"", ""Ncf4"", ""Mcemp1"", ""H2-Q7"", ""Lst1"", ""Lpcat2"", ""Klrd1"", ""H2-K1"")"
"164","GOBP_NEGATIVE_REGULATION_OF_LEUKOCYTE_PROLIFERATION","0.000717699336961097","0.0296842556647513","0.477270815362862","0.827399548744889","1.39093063423439","45","c(""Il4i1"", ""Havcr2"", ""Fcgr2b"", ""H2-Aa"", ""Tyrobp"", ""Cd300a"", ""Lyn"", ""Cebpb"", ""Lilrb4a"", ""Cd44"", ""Cd86"", ""Cd80"", ""Lst1"")"
"165","KIM_GLIS2_TARGETS_UP","0.00093711216271154","0.034908979571208","0.477270815362862","0.829004685327948","1.39253101429147","48","c(""H2-DMb1"", ""H2-Ab1"", ""H2-Eb1"", ""H2-Aa"", ""Tgfbi"", ""S100a4"", ""Ccr2"", ""Cd74"", ""H2-DMa"", ""Pirb"", ""Bcl2a1b"", ""Cfh"", ""Ifitm3"", ""Aif1"", ""Fcer1g"", ""S100a6"", ""Adam8"", ""Ccl6"", ""Casp4"", ""Icam1"", ""Vim"")"
"166","MIR_7684_5P","0.000839782593057416","0.032843554937422","0.477270815362862","0.836105474153638","1.40245030399055","40","c(""Slamf7"", ""Sh2d1b1"", ""Cd209e"", ""Cd83"", ""Lyn"", ""Hacd4"", ""Sulf2"")"
"167","RAMALHO_STEMNESS_DN","0.000537374847116491","0.0236151055861739","0.477270815362862","0.843155493037124","1.41077797064705","38","c(""Ly86"", ""Mpeg1"", ""Ccl9"", ""Tyrobp"", ""Ctss"", ""Pld4"", ""Csf1r"", ""Sirpa"", ""Rogdi"", ""Lat2"", ""Evi2a"", ""Cd68"", ""Adgre1"", ""Clec4a2"")"
"168","ZHANG_UTERUS_C5_MACROPHAGE","6.92568691214256e-10","6.49283148013365e-07","0.801215574617779","0.845277682480492","1.41736600570139","116","c(""Ifi30"", ""H2-DMb1"", ""Ly86"", ""Mpeg1"", ""Cst3"", ""Ctsh"", ""Spi1"", ""H2-Ab1"", ""H2-Eb1"", ""Alox5ap"", ""Fcgr2b"", ""H2-Aa"", ""Dab2"", ""Cd74"", ""H2-DMa"", ""Ms4a6c"", ""Ccl9"", ""Fcrls"", ""Tyrobp"", ""Wfdc17"", ""Tmem176b"", ""Plek"", ""Ctss"", ""Pld4"", ""Csf1r"", ""Cxcl16"", ""Cdkn1a"", ""Psap"", ""Ms4a6d"", ""Kctd12"", ""Cd83"", ""Sdc3"", ""Tmem176a"", ""Tmsb4x"", ""Lilrb4a"", ""Sirpa"", ""Unc93b1"", ""Rab7b"", ""Cd68"", ""Bcl2a1b"", ""Cybb"", ""Grn"", ""Ctsz"", ""Adgre1"", ""Il1b"", ""Aif1"", ""Fcer1g"", ""Lyz2"", ""Fth1"", ""Ehd4"", ""Lgals3"", ""B2m"", ""Ier3"", ""Clec12a"", ""H2-D1"", 
""Ccl6"", ""Trf"", ""Asah1"", ""Cd14"", ""Sat1"", ""Id2"", ""Ccrl2"", ""Rgs1"", ""Tpd52"", ""Lst1"", ""H2-K1"")"
"169","GOBP_ANTIGEN_PROCESSING_AND_PRESENTATION","1.84013139121513e-05","0.00178461018544571","0.575610261071129","0.845215497951555","1.41829259111394","57","c(""Ifi30"", ""H2-DMb1"", ""Wdfy4"", ""Hfe"", ""H2-Ab1"", ""H2-Eb1"", ""Flt3"", ""Fcgr2b"", ""H2-Aa"", ""Cd74"", ""H2-DMa"", ""Ctss"", ""Psap"", ""H2-DMb2"", ""Unc93b1"", ""Cd68"", ""Treml4"", ""Fgl2"", ""Fcer1g"", ""Relb"", ""B2m"", ""H2-D1"", ""H2-Eb2"", ""Icam1"", ""H2-Q6"", ""H2-M2"", ""H2-Q7"", ""H2-Ob"", ""H2-K1"", ""Fcer2a"", ""Clec4b2"", ""Calr"", ""Psmb9"", ""H2-Oa"", ""Psme2"")"
"170","HOFFMANN_SMALL_PRE_BII_TO_IMMATURE_B_LYMPHOCYTE_UP","0.000223063863808542","0.0117264881675052","0.518848077743792","0.844309226482008","1.41848746200539","46","c(""Ifi30"", ""H2-DMb1"", ""Il4i1"", ""Ctsh"", ""H2-Ab1"", ""H2-Eb1"", ""H2-Aa"", ""Cd74"", ""H2-DMa"", ""Fes"", ""Pld4"", ""Cd83"", ""Lat2"", ""Cd36"", ""Mef2c"", ""Ly6a"", ""Ms4a1"", ""Icam1"", ""Ncf4"", ""Fcer2a"", ""Cfp"", ""Cxcr5"")"
"171","ZHANG_UTERUS_C12_MONOCYTE","1.98875638027034e-10","2.23735092780413e-07","0.826657301178302","0.850965045454477","1.42690260545847","116","c(""Irf5"", ""H2-DMb1"", ""Ly86"", ""Plbd1"", ""Mpeg1"", ""Cst3"", ""Spi1"", ""Ms4a4c"", ""H2-Ab1"", ""H2-Eb1"", ""Alox5ap"", ""Fcgr2b"", ""H2-Aa"", ""Tgfbi"", ""S100a4"", ""Ccr2"", ""Cd74"", ""H2-DMa"", ""Ms4a6c"", ""Ccl9"", ""Tyrobp"", ""Wfdc17"", ""Plek"", ""Csf2rb"", ""Ctss"", ""Pld4"", ""Csf1r"", ""Cdkn1a"", ""Psap"", ""Ms4a6d"", ""Kctd12"", ""Cd83"", ""Sdc3"", ""Tmsb4x"", ""Lilrb4a"", ""Unc93b1"", ""Rab7b"", ""Lat2"", ""Cd68"", ""Plac8"", ""Cybb"", ""Grn"", ""Ctsz"", ""Emilin2"", ""Ifitm3"", ""Efhd2"", ""Cd44"", ""Ifi204"", ""Il1b"", ""Ly6c2"", ""Aif1"", ""Fcer1g"", ""Lyz2"", ""Fth1"", ""Cd86"", ""Csf2ra"", 
""Lgals3"", ""B2m"", ""H2-D1"", ""Ccl6"", ""Cd14"", ""Sat1"", ""Rnh1"", ""Rgs1"", ""Tpd52"", ""Lst1"", ""Samhd1"", ""Srgn"", ""Spp1"")"
"172","GOCC_MHC_PROTEIN_COMPLEX","0.00119562528538629","0.0413522098064541","0.45505986738723","0.887960129856745","1.42917657490124","20","c(""H2-DMb1"", ""H2-Ab1"", ""H2-Eb1"", ""H2-Aa"", ""Cd74"", ""H2-DMa"", ""H2-DMb2"", ""B2m"", ""H2-D1"", ""H2-Eb2"", ""H2-Q6"", ""H2-M2"", ""H2-Q7"", ""H2-Ob"", ""H2-K1"")"
"173","GOBP_INFLAMMATORY_RESPONSE_TO_WOUNDING","0.00122228359721207","0.0413522098064541","0.45505986738723","0.897683855165774","1.43511548736374","17","c(""Clec10a"", ""Ccr2"", ""Siglecg"", ""Grn"", ""Tlr3"", ""Cfh"", ""Cd44"", ""Alox5"")"
"174","GOBP_ANTIGEN_PROCESSING_AND_PRESENTATION_OF_PEPTIDE_ANTIGEN","9.1509468390128e-05","0.00643425949618088","0.538434096309916","0.862274753388019","1.44065189369041","37","c(""Ifi30"", ""H2-DMb1"", ""Hfe"", ""H2-Ab1"", ""H2-Eb1"", ""Fcgr2b"", ""H2-Aa"", ""Cd74"", ""H2-DMa"", ""Ctss"", ""H2-DMb2"", ""Unc93b1"", ""Fcer1g"", ""B2m"", ""H2-D1"", ""H2-Eb2"", ""H2-Q6"", ""H2-M2"", ""H2-Q7"", ""H2-Ob"", ""H2-K1"")"
"175","REACTOME_MHC_CLASS_II_ANTIGEN_PRESENTATION","1.45266941902391e-05","0.0015856198744442","0.593325476396405","0.859695506064716","1.44115493101834","49","c(""Ifi30"", ""H2-DMb1"", ""Ctsh"", ""H2-Ab1"", ""H2-Eb1"", ""H2-Aa"", ""Cd74"", ""H2-DMa"", ""Tubb6"", ""Ctss"", ""H2-Eb2"", ""H2-Ob"", ""Kif5a"")"
"176","GOBP_ANTIGEN_PROCESSING_AND_PRESENTATION_OF_EXOGENOUS_PEPTIDE_ANTIGEN_VIA_MHC_CLASS_II","0.000914757282562402","0.034533622244386","0.477270815362862","0.902187466615254","1.4423153523307","17","c(""Ifi30"", ""H2-DMb1"", ""H2-Ab1"", ""H2-Eb1"", ""Fcgr2b"", ""H2-Aa"", ""Cd74"", ""H2-DMa"", ""Ctss"", ""H2-DMb2"", ""Unc93b1"", ""Fcer1g"", ""B2m"", ""H2-Eb2"", ""H2-Ob"")"
"177","GOBP_NEGATIVE_REGULATION_OF_LEUKOCYTE_MEDIATED_IMMUNITY","5.26529147243113e-05","0.00405715952498974","0.557332238758646","0.863474848452728","1.44679469353038","43","c(""Il4i1"", ""Spi1"", ""Havcr2"", ""Hfe"", ""Fcgr2b"", ""Ccr2"", ""Sh2d1b1"", ""Cd300a"", ""Lilrb4a"", ""Bst2"", ""Ahr"", ""Cd80"", ""H2-D1"", ""H2-Q6"", ""H2-M2"", ""Serpinb9"", ""H2-Q7"", ""Cx3cr1"", ""Klrd1"", ""H2-K1"")"
"178","GOBP_ANTIGEN_PROCESSING_AND_PRESENTATION_OF_EXOGENOUS_ANTIGEN","0.000279228350562997","0.0141500853325843","0.49849310876659","0.870972768314147","1.44828486095759","32","c(""Ifi30"", ""H2-DMb1"", ""H2-Ab1"", ""H2-Eb1"", ""Fcgr2b"", ""H2-Aa"", ""Cd74"", ""H2-DMa"", ""Ctss"", ""H2-DMb2"", ""Unc93b1"", ""Fcer1g"", ""B2m"", ""H2-D1"", ""H2-Eb2"", ""H2-Q6"", ""H2-M2"", ""H2-Q7"", ""H2-Ob"", ""H2-K1"")"
"179","GOMF_PEPTIDE_ANTIGEN_BINDING","4.32391194708454e-05","0.00352492821773196","0.557332238758646","0.872167471118287","1.45932116333191","38","c(""H2-DMb1"", ""H2-Ab1"", ""H2-Eb1"", ""H2-Aa"", ""H2-DMa"", ""H2-DMb2"", ""B2m"", ""H2-D1"", ""H2-Eb2"", ""H2-Q6"", ""H2-M2"", ""H2-Q7"", ""H2-Ob"", ""H2-K1"")"
"180","ZHANG_UTERUS_C9_DENDRITIC_CELL","1.88774813840605e-08","7.58470234181001e-06","0.73376198835648","0.890263594572797","1.49681466713266","61","c(""Napsa"", ""Ifi30"", ""H2-DMb1"", ""Plbd1"", ""Syngr2"", ""Cd209a"", ""Mpeg1"", ""Cst3"", ""Spi1"", ""Ms4a4c"", ""H2-Ab1"", ""H2-Eb1"", ""Alox5ap"", ""H2-Aa"", ""Cd74"", ""H2-DMa"", ""Ms4a6c"", ""Tyrobp"", ""Wfdc17"", ""Plek"", ""Ctss"", ""Cxcl16"", ""Gm2a"", ""Cdkn1a"", ""Psap"", ""Cd83"", ""Tmsb4x"", ""Unc93b1"", ""Bcl2a1d"", ""Bcl2a1b"", ""Ctsz"", ""Ifitm3"", ""Il1b"", ""Fcer1g"", ""Fth1"", ""Tagln2"", ""Lgals3"", ""Bhlhe40"", ""B2m"", ""H2-D1"", ""Ccl6"")"
