"","pathway","pval","padj","log2err","ES","NES","size","leadingEdge"
"1","WP_CYTOPLASMIC_RIBOSOMAL_PROTEINS","8.79895063059887e-22","4.56105604506134e-19","1.20397524075264","-0.918069437539623","-2.54724026053659","56","c(""Rps10"", ""Rpl11"", ""Rps14"", ""Rpl18"", ""Rpl18a"", ""Rps3a1"", ""Rpl26"", ""Rpl19"", ""Rpl27a"", ""Rps27a"", ""Rpl8"", ""Rpl9"", ""Rpl17"", ""Rps3"", ""Rpl32"", ""Rps16"", ""Rpl10a"", ""Rpl13"", ""Rpl7a"", ""Rps18"", ""Rplp1"", ""Rps23"", ""Rplp0"", ""Rpl22"", ""Rps7"", ""Rps2"", ""Rps5"", ""Rps20"", ""Rpl6"", ""Rpl37"", ""Rps15"", ""Rps19"", ""Rpl36"", ""Rps8"", ""Rps4x"", ""Rps12"", ""Rpl21"", ""Rpl28"", ""Rpl4"", ""Rpl10"", ""Rps17"", ""Rps26"", ""Rpl38"", ""Rps6"", ""Rps25"", ""Rpsa"", ""Rpl35"", ""Rpl29"", ""Rpl31"")"
"2","TABULA_MURIS_SENIS_THYMUS_PROFESSIONAL_ANTIGEN_PRESENTING_CELL_AGEING","8.0507618419847e-17","1.35925977824939e-14","1.05746357275086","-0.915438218163414","-2.46553686556737","44","c(""Rps10"", ""Rpl11"", ""Rpl18a"", ""Rps3a1"", ""Rpl27a"", ""Rpl8"", ""Rpl9"", ""Rpl17"", ""Rps3"", ""Rpl23"", ""Rps16"", ""Rpl13"", ""Rps23"", ""Rpl5"", ""Rps7"", ""Rps20"", ""Rpl6"", ""Rps15"", ""Rps19"", ""Rpl36"", ""Rps8"", ""Rps4x"", ""Rpl21"", ""Rpl38"", ""Eef1a1"", ""Rpsa"", ""Ltb"", ""Mzb1"", ""Rpl35"", ""Cd79b"")"
"3","BILANGES_SERUM_AND_RAPAMYCIN_SENSITIVE_GENES","5.1661175992588e-17","9.50232340353989e-15","1.06720998682811","-0.928056661168639","-2.43899125093871","42","c(""Rps10"", ""Rps14"", ""Rpl18"", ""Rpl18a"", ""Rps3a1"", ""Rpl26"", ""Rpl27a"", ""Rps27a"", ""Rpl8"", ""Rps3"", ""Rpl23"", ""Rpl32"", ""Rps16"", ""Rpl13"", ""Rpl7a"", ""Rps23"", ""Rpl5"", ""Rps7"", ""Eef1b2"", ""Rps5"", ""Rpl6"", ""Rps19"", ""Rps8"", ""Rps4x"", ""Rpl14"", ""Rpl21"", ""Rpl28"", ""Rpl4"", ""Eef1g"", ""Rpl10"", ""Rps17"", ""Rps6"", ""Rps25"", ""Eef1a1"")"
"4","REACTOME_NONSENSE_MEDIATED_DECAY_NMD_INDEPENDENT_OF_THE_EXON_JUNCTION_COMPLEX_EJC","7.57917394022007e-18","1.72865799228539e-15","1.0864405425825","-0.85827654139063","-2.43825544376873","67","c(""Rps10"", ""Rpl11"", ""Rps14"", ""Rpl18"", ""Rpl18a"", ""Rps3a1"", ""Rpl26"", ""Rpl19"", ""Rpl27a"", ""Rpl8"", ""Rpl9"", ""Rpl17"", ""Rps3"", ""Rpl23"", ""Rpl32"", ""Rps16"", ""Rpl13"", ""Rps18"", ""Rplp1"", ""Rpl36al"", ""Rps23"", ""Rplp0"", ""Rpl5"", ""Rpl22"", ""Rps7"", ""Rps2"", ""Rps5"", ""Rps20"", ""Rpl6"", ""Rpl37"", ""Rps15"", ""Rps19"", ""Rpl36"", ""Rps8"", ""Rps4x"", ""Rps12"", ""Rpl14"", ""Rpl21"", ""Rpl28"", ""Rpl4"", ""Rpl10"", ""Rps17"", ""Rps26"", ""Rpl38"", ""Rps6"", ""Rps25"", ""Pabpc1"", ""Rpsa"", ""Eif4g1"", ""Rpl35"", ""Rpl29"", ""Rpl31"")"
"5","GOMF_STRUCTURAL_CONSTITUENT_OF_RIBOSOME","8.10502147675888e-17","1.35925977824939e-14","1.05746357275086","-0.763790308097069","-2.41501444085926","114","c(""Rps10"", ""Rpl11"", ""Rps14"", ""Rpl18"", ""Rpl18a"", ""Rps3a1"", ""Rpl26"", ""Rpl19"", ""Rpl27a"", ""Rps27a"", ""Rpl8"", ""Rpl9"", ""Rpl17"", ""Rps3"", ""Rpl23"", ""Rpl32"", ""Rps16"", ""Rpl10a"", ""Rpl13"", ""Rpl7a"", ""Rps18"", ""Rplp1"", ""Rpl36al"", ""Rps23"", ""Rplp0"", ""Rpl5"", ""Rpl22"", ""Rps7"", ""Rps2"", ""Rps5"", ""Rps20"", ""Rpl6"", ""Rpl37"", ""Rps15"", ""Rps19"", ""Rpl36"", ""Rps8"", ""Rps4x"", ""Rps12"", ""Rpl14"", ""Rpl21"", ""Rpl28"", ""Rpl4"", ""Rpl10"", ""Rps17"", ""Rps26"", ""Rpl38"", ""Rps6"", ""Rps25"", ""Rpsa"", ""Mrpl34"", ""Mrpl14"", ""Rpl35"", ""Mrpl12"", ""Rpl29"", ""Mrpl41"", 
""Rpl31"", ""Mrps5"", ""Mrpl15"", ""Rpl41"", ""Mrps34"", ""Mrps7"", ""Rps28"", ""Rpl39"")"
"6","GOCC_CYTOSOLIC_RIBOSOME","5.42911793584272e-18","1.34594915087718e-15","1.0959292864312","-0.831171345287877","-2.41411038426861","80","c(""Rps10"", ""Rpl11"", ""Rps14"", ""Rpl18"", ""Rpl18a"", ""Rps3a1"", ""Rpl26"", ""Rpl19"", ""Rpl27a"", ""Rps27a"", ""Rpl8"", ""Rpl9"", ""Rpl17"", ""Rps3"", ""Rpl23"", ""Rpl32"", ""Rps16"", ""Rpl10a"", ""Rpl13"", ""Rpl7a"", ""Rps18"", ""Rplp1"", ""Rpl36al"", ""Rps23"", ""Rplp0"", ""Rpl5"", ""Rpl22"", ""Rps7"", ""Rps2"", ""Rps5"", ""Rps20"", ""Rpl6"", ""Rpl37"", ""Rps15"", ""Rps19"", ""Rpl36"", ""Rps8"", ""Rps4x"", ""Rps12"", ""Rpl14"", ""Rpl21"", ""Rpl28"", ""Rpl4"", ""Rpl10"", ""Rps17"", ""Rps26"", ""Rpl38"", ""Rps6"", ""Rps25"", ""Eef1a1"", ""Rsl1d1"", ""Rpsa"", ""Rpl35"", ""Rpl29"", ""Rpl31"")"
"7","REACTOME_NONSENSE_MEDIATED_DECAY_NMD","2.0698747944995e-17","4.21515217079863e-15","1.07686819261983","-0.846744469484806","-2.41044812793928","72","c(""Rps10"", ""Rpl11"", ""Rps14"", ""Rpl18"", ""Rpl18a"", ""Rps3a1"", ""Rpl26"", ""Rpl19"", ""Rpl27a"", ""Rpl8"", ""Rpl9"", ""Rpl17"", ""Rps3"", ""Rpl23"", ""Rpl32"", ""Rps16"", ""Rpl13"", ""Rps18"", ""Rplp1"", ""Rpl36al"", ""Rps23"", ""Rplp0"", ""Rpl5"", ""Rpl22"", ""Rps7"", ""Rps2"", ""Rps5"", ""Rps20"", ""Rpl6"", ""Rpl37"", ""Rps15"", ""Rps19"", ""Rpl36"", ""Rps8"", ""Rps4x"", ""Rps12"", ""Rpl14"", ""Rpl21"", ""Rpl28"", ""Rpl4"", ""Rpl10"", ""Rps17"", ""Rps26"", ""Rpl38"", ""Rps6"", ""Rps25"", ""Pabpc1"", ""Rpsa"", ""Eif4g1"", ""Rpl35"", ""Rpl29"", ""Rpl31"")"
"8","GOCC_RIBOSOME","4.22371744410116e-18","1.14683985077452e-15","1.0959292864312","-0.727930536724728","-2.40310845092396","152","c(""Rps10"", ""Rpl11"", ""Rps14"", ""Rpl18"", ""Rpl18a"", ""Rps3a1"", ""Rpl26"", ""Rpl19"", ""Rpl27a"", ""Rps27a"", ""Rpl8"", ""Rpl9"", ""Rpl17"", ""Rps3"", ""Rpl23"", ""Rpl32"", ""Npm1"", ""Rps16"", ""Rpl10a"", ""Rpl13"", ""Rpl7a"", ""Rps18"", ""Rplp1"", ""Btf3"", ""Rpl36al"", ""Rps23"", ""Rplp0"", ""Rpl5"", ""Rpl22"", ""Rps7"", ""Rps2"", ""Rps5"", ""Rps20"", ""Rpl6"", ""Rpl37"", ""Rps15"", ""Rps19"", ""Rpl36"", ""Rps8"", ""Rps4x"", ""Rps12"", ""Rpl14"", ""Rpl21"", ""Rpl28"", ""Rpl4"", ""Rpl10"", ""Rps17"", ""Rps26"", ""Rpl38"", ""Rps6"", ""Rps25"", ""Eef1a1"", ""Rsl1d1"", ""Dhx9"", ""Rpsa"", ""Mrpl34"", 
""Mrpl14"", ""Rpl35"", ""Mrpl12"", ""Rpl29"", ""Mrpl41"", ""Rpl31"", ""Larp4"", ""Mrps5"", ""Eif2a"", ""Mrpl15"", ""Rpl41"", ""Mrps34"", ""Mrps7"", ""Rps28"", ""Rpl39"", ""Gadd45gip1"", ""Etf1"")"
"9","REACTOME_TRANSLATION","5.23428062963115e-18","1.34594915087718e-15","1.0959292864312","-0.727091628325954","-2.40033897257275","152","c(""Rps10"", ""Rpl11"", ""Rps14"", ""Rpl18"", ""Rpl18a"", ""Rps3a1"", ""Rpl26"", ""Rpl19"", ""Rpl27a"", ""Rpl8"", ""Rpl9"", ""Rpl17"", ""Rps3"", ""Rpl23"", ""Rpl32"", ""Rps16"", ""Rpl13"", ""Rps18"", ""Rplp1"", ""Rpl36al"", ""Rps23"", ""Rplp0"", ""Rpl5"", ""Rpl22"", ""Rps7"", ""Eef1b2"", ""Rps2"", ""Rps5"", ""Rps20"", ""Rpl6"", ""Rpl37"", ""Rps15"", ""Rps19"", ""Eif3a"", ""Rpl36"", ""Rps8"", ""Rps4x"", ""Rps12"", ""Rpl14"", ""Rpl21"", ""Rpl28"", ""Rpl4"", ""Eef1g"", ""Rpl10"", ""Rps17"", ""Rps26"", ""Rpl38"", ""Rps6"", ""Rps25"", ""Eef1a1"", ""Pabpc1"", ""Rpsa"", ""Mrpl34"", ""Eif4g1"", ""Mrpl14"", ""Rpl35"", 
""Mrpl12"", ""Rpl29"", ""Mrpl41"", ""Rpl31"", ""Eif5b"", ""Eif3c"", ""Mrps5"", ""Eif3j1"", ""Eef1d"", ""Mrpl15"", ""Eif3b"", ""Mrps34"", ""Mrps7"", ""Rps28"", ""Rpl39"", ""Eif3g"", ""Gadd45gip1"", ""Etf1"", ""Eif2s1"", ""Mrpl19"", ""Rpl36a"", ""Eif3i"", ""Mrpl38"", ""Rpl22l1"", ""Eif2s2"", ""Rpl3"", ""Eif2s3x"", ""N6amt1"", ""Ppa1"", ""Mrps18b"", ""Mrpl54"", ""Mrps24"")"
"10","REACTOME_EUKARYOTIC_TRANSLATION_INITIATION","1.63661517445737e-16","2.52215668236647e-14","1.04762648849882","-0.809707030432668","-2.36527431786199","83","c(""Rps10"", ""Rpl11"", ""Rps14"", ""Rpl18"", ""Rpl18a"", ""Rps3a1"", ""Rpl26"", ""Rpl19"", ""Rpl27a"", ""Rpl8"", ""Rpl9"", ""Rpl17"", ""Rps3"", ""Rpl23"", ""Rpl32"", ""Rps16"", ""Rpl13"", ""Rps18"", ""Rplp1"", ""Rpl36al"", ""Rps23"", ""Rplp0"", ""Rpl5"", ""Rpl22"", ""Rps7"", ""Rps2"", ""Rps5"", ""Rps20"", ""Rpl6"", ""Rpl37"", ""Rps15"", ""Rps19"", ""Eif3a"", ""Rpl36"", ""Rps8"", ""Rps4x"", ""Rps12"", ""Rpl14"", ""Rpl21"", ""Rpl28"", ""Rpl4"", ""Rpl10"", ""Rps17"", ""Rps26"", ""Rpl38"", ""Rps6"", ""Rps25"", ""Pabpc1"", ""Rpsa"", ""Eif4g1"", ""Rpl35"", ""Rpl29"", ""Rpl31"", ""Eif5b"", ""Eif3c"")"
"11","GOCC_CYTOSOLIC_LARGE_RIBOSOMAL_SUBUNIT","5.58662632209219e-14","5.68838273010173e-12","0.965327754226083","-0.877697619898254","-2.36304550855544","45","c(""Rpl11"", ""Rpl18"", ""Rpl18a"", ""Rpl26"", ""Rpl19"", ""Rpl27a"", ""Rpl8"", ""Rpl9"", ""Rpl17"", ""Rpl23"", ""Rpl32"", ""Rpl10a"", ""Rpl13"", ""Rpl7a"", ""Rplp1"", ""Rpl36al"", ""Rplp0"", ""Rpl5"", ""Rpl22"", ""Rpl6"", ""Rpl37"", ""Rpl36"", ""Rps12"", ""Rpl14"", ""Rpl21"", ""Rpl28"", ""Rpl4"", ""Rpl10"", ""Rpl38"", ""Rsl1d1"", ""Rpl35"", ""Rpl29"", ""Rpl31"")"
"12","GOCC_RIBOSOMAL_SUBUNIT","2.69733775320225e-17","5.30352409267559e-15","1.07686819261983","-0.74819602803608","-2.35930857109574","131","c(""Rps10"", ""Rpl11"", ""Rps14"", ""Rpl18"", ""Rpl18a"", ""Rps3a1"", ""Rpl26"", ""Rpl19"", ""Rpl27a"", ""Rps27a"", ""Rpl8"", ""Rpl9"", ""Rpl17"", ""Rps3"", ""Rpl23"", ""Rpl32"", ""Npm1"", ""Rps16"", ""Rpl10a"", ""Rpl13"", ""Rpl7a"", ""Rps18"", ""Rplp1"", ""Rpl36al"", ""Rps23"", ""Rplp0"", ""Rpl5"", ""Rpl22"", ""Rps7"", ""Rps2"", ""Rps5"", ""Rps20"", ""Rpl6"", ""Rpl37"", ""Rps15"", ""Rps19"", ""Rpl36"", ""Rps8"", ""Rps4x"", ""Rps12"", ""Rpl14"", ""Rpl21"", ""Rpl28"", ""Rpl4"", ""Rpl10"", ""Rps17"", ""Rps26"", ""Rpl38"", ""Rps6"", ""Rps25"", ""Rsl1d1"", ""Rpsa"", ""Mrpl34"", ""Mrpl14"", ""Rpl35"", ""Mrpl12"", 
""Rpl29"", ""Mrpl41"", ""Rpl31"", ""Larp4"", ""Mrps5"", ""Eif2a"", ""Mrpl15"", ""Rpl41"", ""Mrps34"", ""Mrps7"", ""Rps28"", ""Rpl39"")"
"13","GOBP_CYTOPLASMIC_TRANSLATION","9.25466171278817e-16","1.28707514844678e-13","1.01754479730988","-0.792209042072185","-2.34635912422538","89","c(""Rps10"", ""Rpl11"", ""Rps14"", ""Rpl18"", ""Rpl18a"", ""Rps3a1"", ""Rpl26"", ""Rpl19"", ""Rpl27a"", ""Rps27a"", ""Rpl8"", ""Rpl9"", ""Rpl17"", ""Rps3"", ""Rpl23"", ""Rpl32"", ""Rps16"", ""Rpl10a"", ""Rpl13"", ""Rpl7a"", ""Rps18"", ""Rplp1"", ""Rps23"", ""Rplp0"", ""Rpl5"", ""Rpl22"", ""Rps7"", ""Rps2"", ""Rps5"", ""Rps20"", ""Rpl6"", ""Rps15"", ""Rps19"", ""Eif3a"", ""Rpl36"", ""Rps8"", ""Rps4x"", ""Rps12"", ""Rpl14"", ""Rpl21"", ""Rpl28"", ""Rpl4"", ""Rps17"", ""Rps26"", ""Rpl38"", ""Rps6"", ""Rps25"", ""Dhx9"", ""Cnbp"", ""Rpsa"")"
"14","TABULA_MURIS_SENIS_HEART_AND_AORTA_FIBROBLAST_OF_CARDIAC_TISSUE_AGEING","1.13957763183438e-17","2.49918140643062e-15","1.0864405425825","-0.711552898077466","-2.34190012864326","161","c(""Rps10"", ""Rpl11"", ""Rps14"", ""Rpl18"", ""Rpl18a"", ""Rps3a1"", ""Rpl19"", ""Rpl27a"", ""Naca"", ""Rps27a"", ""Rpl17"", ""Rps3"", ""Rpl23"", ""Rpl32"", ""Npm1"", ""Rps16"", ""Rpl10a"", ""Rpl13"", ""Rpl7a"", ""Rps18"", ""Rplp1"", ""Btf3"", ""Fth1"", ""Rps23"", ""Rplp0"", ""Rpl5"", ""Rpl22"", ""Rps7"", ""Eef1b2"", ""Rps2"", ""Rps5"", ""Rps20"", ""Rpl6"", ""Rpl37"", ""Rps15"", ""Rps19"", ""Rpl36"", ""Rps8"", ""Rps4x"", ""Rps12"", ""Rpl14"", ""Rpl21"", ""Rpl4"", ""Rpl10"", ""Foxp1"", ""Rps17"", ""Rpl38"", ""Rps6"", ""Rps25"", ""Eef1a1"", ""Pabpc1"", ""Rpsa"", ""Rpl35"", ""Socs3"", ""Rpl29"", ""Bst2"", ""Rpl31"", 
""Gpx1"", ""Fbln2"", ""Eef1d"", ""Mndal"", ""Rpl41"", ""Rps28"", ""Rpl39"")"
"15","TABULA_MURIS_SENIS_HEART_AND_AORTA_LEUKOCYTE_AGEING","2.8549843725923e-13","2.58398744325735e-11","0.932595211336209","-0.781224322603596","-2.29972588644218","84","c(""Rps10"", ""Rps14"", ""Rps3a1"", ""Rpl19"", ""Rps27a"", ""Rpl9"", ""Rpl23"", ""Jund"", ""Rps18"", ""Rps23"", ""Rpl5"", ""Rps7"", ""Eef1b2"", ""Rps20"", ""Rpl6"", ""Rpl37"", ""Rps19"", ""Rpl36"", ""Rps8"", ""Rps4x"", ""Rps12"", ""Rpl14"", ""Rpl10"", ""Rpl38"", ""Rps25"", ""Eef1a1"", ""Rpl35"", ""Socs3"")"
"16","TABULA_MURIS_SENIS_SPLEEN_NK_CELL_AGEING","7.89081207119846e-13","6.52078412028603e-11","0.921426003494898","-0.807197132553575","-2.28811220271017","65","c(""Rps10"", ""Rpl11"", ""Rps3a1"", ""Rps27a"", ""Rpl17"", ""Rps3"", ""Rpl23"", ""Rps16"", ""Cd3d"", ""Rpl13"", ""Rps18"", ""Rplp1"", ""Rpl5"", ""Rpl22"", ""Rps7"", ""Rps20"", ""Rpl6"", ""Rpl37"", ""Cd3g"", ""Rpl36"", ""Rps8"", ""Rps12"", ""Rpl14"", ""Rpl21"", ""Rpl28"", ""Eef1g"", ""Rps17"", ""Rps26"", ""Rpl38"", ""Rps25"", ""Thy1"", ""Eef1a1"", ""Ltb"", ""Rpl35"", ""Rpl31"")"
"17","REACTOME_MAJOR_PATHWAY_OF_RRNA_PROCESSING_IN_THE_NUCLEOLUS_AND_CYTOSOL","9.30055979876077e-15","1.06063583945068e-12","0.986546283587582","-0.731856381352251","-2.28382512046733","121","c(""Rps10"", ""Rpl11"", ""Rps14"", ""Rpl18"", ""Rpl18a"", ""Rps3a1"", ""Rpl26"", ""Rpl19"", ""Rpl27a"", ""Rpl8"", ""Rpl9"", ""Rpl17"", ""Rps3"", ""Rpl23"", ""Rpl32"", ""Rps16"", ""Rpl13"", ""Rps18"", ""Rplp1"", ""Rpl36al"", ""Rps23"", ""Rplp0"", ""Rpl5"", ""Rpl22"", ""Rps7"", ""Wdr12"", ""Rps2"", ""Rps5"", ""Rps20"", ""Rpl6"", ""Rpl37"", ""Rps15"", ""Rps19"", ""Rpl36"", ""Rps8"", ""Rps4x"", ""Rps12"", ""Rpl14"", ""Rpl21"", ""Rpl28"", ""Rpl4"", ""Rpl10"", ""Rps17"", ""Rps26"", ""Rpl38"", ""Rps6"", ""Rps25"", ""Ncl"", ""Exosc5"", ""Rpsa"", ""Gnl3"", ""Rpl35"", ""Nop56"", ""Rpl29"", ""Rpl31"", ""Ddx21"", ""Nop14"", 
""Wdr43"", ""Ftsj3"", ""Fbl"", ""Rcl1"", ""Rps28"", ""Rpl39"", ""Nob1"", ""Mphosph10"", ""Rpl36a"", ""Ebna1bp2"", ""Utp14a"", ""Nol11"", ""Rpl22l1"", ""Nip7"", ""Rpl3"", ""Imp4"", ""Utp18"")"
"18","GOBP_TRANSLATION_AT_SYNAPSE","2.3759299015091e-13","2.25792538306748e-11","0.932595211336209","-0.917579904206639","-2.26634968794163","34","c(""Rps10"", ""Rps14"", ""Rpl26"", ""Rpl27a"", ""Rps27a"", ""Rpl8"", ""Rpl9"", ""Rpl17"", ""Rpl23"", ""Rpl32"", ""Rps16"", ""Rpl10a"", ""Rpl13"", ""Rpl7a"", ""Rpl5"", ""Rpl22"", ""Rps5"", ""Rpl6"", ""Rpl37"", ""Rpl36"", ""Rps12"", ""Rpl14"", ""Rpl28"", ""Rpl4"", ""Rpl10"", ""Rps26"", ""Rpl38"", ""Rpl35"", ""Rpl29"")"
"19","GOCC_LARGE_RIBOSOMAL_SUBUNIT","5.43297191232268e-13","4.62370236478566e-11","0.921426003494898","-0.770696286820513","-2.25131815036123","83","c(""Rpl11"", ""Rpl18"", ""Rpl18a"", ""Rpl26"", ""Rpl19"", ""Rpl27a"", ""Rpl8"", ""Rpl9"", ""Rpl17"", ""Rpl23"", ""Rpl32"", ""Npm1"", ""Rpl10a"", ""Rpl13"", ""Rpl7a"", ""Rplp1"", ""Rpl36al"", ""Rplp0"", ""Rpl5"", ""Rpl22"", ""Rpl6"", ""Rpl37"", ""Rpl36"", ""Rps12"", ""Rpl14"", ""Rpl21"", ""Rpl28"", ""Rpl4"", ""Rpl10"", ""Rpl38"", ""Rsl1d1"", ""Mrpl34"", ""Mrpl14"", ""Rpl35"", ""Mrpl12"", ""Rpl29"", ""Mrpl41"", ""Rpl31"")"
"20","TABULA_MURIS_SENIS_KIDNEY_FIBROBLAST_AGEING","5.58641643487252e-13","4.68437448700634e-11","0.921426003494898","-0.931587596813273","-2.21255636248724","29","c(""Rps10"", ""Rpl18a"", ""Rps27a"", ""Rpl8"", ""Rps3"", ""Rpl23"", ""Rpl32"", ""Rps16"", ""Rpl13"", ""Rps18"", ""Rps23"", ""Rpl22"", ""Eef1b2"", ""Rps5"", ""Rpl6"", ""Rpl37"", ""Rps15"", ""Rps19"", ""Rps4x"", ""Rpl21"", ""Rps17"", ""Rps26"", ""Rps25"")"
"21","TABULA_MURIS_SENIS_LUNG_NK_CELL_AGEING","1.61311042966989e-10","9.89027491395451e-09","0.826657301178302","-0.814929437223552","-2.2110095256693","50","c(""Rps10"", ""Rps14"", ""Rpl18"", ""Rpl18a"", ""Rps3a1"", ""Rpl19"", ""Rpl8"", ""Rpl17"", ""Rps3"", ""Rpl23"", ""Rpl32"", ""Rps16"", ""Rpl13"", ""Rps18"", ""Rplp0"", ""Rps7"", ""Rps5"", ""Rps20"", ""Rpl6"", ""Rps15"", ""Rps19"", ""Rps4x"", ""Rps12"", ""Rpl14"", ""Rpl21"", ""Rpl4"", ""Rpl10"", ""Rps6"", ""Rpsa"", ""Ltb"", ""Rpl35"", ""Rpl29"")"
"22","TABULA_MURIS_SENIS_KIDNEY_EPITHELIAL_CELL_OF_PROXIMAL_TUBULE_AGEING","4.54216758149958e-13","4.04678742964228e-11","0.932595211336209","-0.643300243481751","-2.16823659751874","184","c(""Rps10"", ""Rpl11"", ""Rps14"", ""Rpl18"", ""Rpl18a"", ""Rps3a1"", ""Rpl19"", ""Rpl27a"", ""Naca"", ""Rps27a"", ""Rpl8"", ""Rpl9"", ""Rpl17"", ""Rps3"", ""Rpl23"", ""Rpl32"", ""Npm1"", ""Rps16"", ""Rpl10a"", ""Rpl13"", ""Rpl7a"", ""Jund"", ""Rps18"", ""Rplp1"", ""Btf3"", ""Fth1"", ""Rpl36al"", ""Rps23"", ""Rplp0"", ""Rpl5"", ""Rpl22"", ""Rps7"", ""Tomm20"", ""Eef1b2"", ""Rps2"", ""Rps5"", ""Rps20"", ""Rpl6"", ""Rpl37"", ""Rps15"", ""Rps19"", ""Rpl36"", ""Rps8"", ""Prdx2"", ""Rps4x"", ""Rps12"", ""Rpl14"", ""Rpl21"", ""Hspe1"", ""C1qbp"", ""Rpl28"", ""Rpl4"", ""Eef1g"", ""Rpl10"", ""Hibadh"", ""Rps17"", 
""Rps26"", ""Rpl38"", ""Rps6"", ""Rps25"", ""Eef1a1"", ""Rpsa"", ""Mrpl34"", ""Slc25a3"", ""S100a11"", ""Cisd1"", ""Dhrs3"", ""Rpl35"", ""Rpl29"", ""Ifi27"", ""Rpl31"", ""Ldha"", ""Nop10"", ""Gpx1"", ""Nme1"")"
"23","TABULA_MURIS_SENIS_KIDNEY_KIDNEY_PROXIMAL_CONVOLUTED_TUBULE_EPITHELIAL_CELL_AGEING","9.01441817126136e-11","5.90807039224509e-09","0.839088935621274","-0.719736287003913","-2.15991680422595","96","c(""Rps10"", ""Rps14"", ""Rpl18a"", ""Rps3a1"", ""Rps27a"", ""Rpl9"", ""Npm1"", ""Rps16"", ""Rpl13"", ""Jund"", ""Rpl36al"", ""Rps23"", ""Rplp0"", ""Rpl5"", ""Rps7"", ""Eef1b2"", ""Rps2"", ""Rps5"", ""Rps20"", ""Rpl6"", ""Rps19"", ""Rps4x"", ""Rps12"", ""Rpl21"", ""Rpl4"", ""Rpl10"", ""Rps26"", ""Rps6"", ""Slc25a3"", ""Ypel2"", ""Psap"", ""Dhrs3"", ""Ifi27"", ""Tmsb4x"", ""Gpx1"")"
"24","GOCC_PRESYNAPSE","2.42911457852784e-13","2.27062480766652e-11","0.932595211336209","-0.648065068595943","-2.14601905048607","180","c(""Rps10"", ""Rps14"", ""Rpl26"", ""Rpl27a"", ""Rps27a"", ""Rpl8"", ""Rpl9"", ""Rpl17"", ""Rpl23"", ""Rpl32"", ""Rps16"", ""Rpl10a"", ""Rpl13"", ""Rpl7a"", ""Rpl5"", ""Rpl22"", ""Rps5"", ""Rpl6"", ""Rpl37"", ""Ppt1"", ""Rpl36"", ""Rps12"", ""Rpl14"", ""C1qbp"", ""Rpl28"", ""Rpl4"", ""Rpl10"", ""Phb2"", ""P2rx1"", ""Rps26"", ""Rpl38"", ""Rps6"", ""Pebp1"", ""Rapgef3"", ""Rpl35"", ""Rpl29"", ""Vdac2"", ""Hspa8"", ""Cacna1e"", ""Rps28"", ""Glul"", ""Aak1"")"
"25","REACTOME_ACTIVATION_OF_THE_MRNA_UPON_BINDING_OF_THE_CAP_BINDING_COMPLEX_AND_EIFS_AND_SUBSEQUENT_BINDING_TO_43S","1.13490013036382e-08","5.53094063532865e-07","0.747739663149885","-0.824159922423047","-2.11593102661734","40","c(""Rps10"", ""Rps14"", ""Rps3a1"", ""Rps3"", ""Rps16"", ""Rps18"", ""Rps23"", ""Rps7"", ""Rps2"", ""Rps5"", ""Rps20"", ""Rps15"", ""Rps19"", ""Eif3a"", ""Rps8"", ""Rps4x"", ""Rps12"", ""Rps17"", ""Rps26"", ""Rps6"", ""Rps25"", ""Pabpc1"", ""Rpsa"", ""Eif4g1"", ""Eif3c"", ""Eif3j1"", ""Eif3b"", ""Rps28"", ""Eif3g"", ""Eif2s1"", ""Eif3i"", ""Eif2s2"", ""Eif2s3x"")"
"26","GOCC_PRERIBOSOME","6.2987809785356e-09","3.15049553856228e-07","0.761460801445585","-0.73919767822604","-2.10429205488775","72","c(""Rps14"", ""Rps3a1"", ""Rps27a"", ""Rps16"", ""Rps23"", ""Rps7"", ""Wdr12"", ""Rps5"", ""Rps19"", ""Rps8"", ""Rps4x"", ""Rps12"", ""Rps17"", ""Rps6"", ""Rsl1d1"", ""Noc2l"", ""Rrp15"", ""Nop56"", ""Mrto4"", ""2810004N23Rik"", ""Mak16"", ""Nop14"", ""Wdr43"", ""Ftsj3"", ""Fbl"", ""Rcl1"", ""Rps28"", ""Nob1"", ""Mphosph10"", ""Ebna1bp2"", ""Aatf"", ""Wdr74"", ""Utp14a"", ""Nip7"", ""Ppan"", ""Imp4"", ""Utp18"", ""Eif6"", ""Rrp1b"", ""Rrs1"", ""Utp20"", ""Bms1"", ""Pdcd11"", ""Tsr1"", ""Mdn1"", ""Rrp9"", ""Ltv1"", ""Pes1"")"
"27","GOBP_RIBOSOMAL_LARGE_SUBUNIT_BIOGENESIS","6.5479403189117e-08","2.89429113941353e-06","0.704975715167238","-0.757420437780147","-2.09464189907194","53","c(""Rpl11"", ""Rpl26"", ""Npm1"", ""Rpl10a"", ""Rpl7a"", ""Rplp0"", ""Rpl5"", ""Wdr12"", ""Rpl6"", ""Rpl14"", ""Rpl10"", ""Rpl38"", ""Rsl1d1"", ""Ddx18"", ""Noc2l"", ""Rpl35"", ""Rrp15"", ""Mrto4"", ""Mak16"", ""Gtf3a"", ""Ftsj3"", ""Gtpbp4"", ""Tma16"", ""Ebna1bp2"", ""Wdr74"", ""Nip7"", ""Ppan"", ""Eif6"", ""Spata5"", ""Rrs1"", ""Sdad1"", ""Rsl24d1"", ""Heatr3"", ""Mdn1"", ""Pes1"", ""Nol9"", ""Nifk"", ""Nop16"")"
"28","TABULA_MURIS_SENIS_AORTA_PROFESSIONAL_ANTIGEN_PRESENTING_CELL_AGEING","3.7308509222952e-09","1.88259397866613e-07","0.761460801445585","-0.70208594348724","-2.08337483078616","85","c(""Rps10"", ""Rps14"", ""Rpl18"", ""Rpl8"", ""Rps3"", ""Npm1"", ""Rps16"", ""Rpl13"", ""Rpl7a"", ""Rplp0"", ""Rps7"", ""Rps5"", ""Rps20"", ""Rps19"", ""Rpl36"", ""Rpl28"", ""Rpl4"", ""Rpl10"", ""Eef1a1"", ""Cd52"", ""Rpsa"", ""Nfkbia"", ""Psap"", ""Tmsb4x"", ""Psma7"")"
"29","GOCC_POLYSOME","1.42453551133265e-06","4.58909688453036e-05","0.643551836150722","-0.766261420232661","-2.04879176165619","43","c(""Rpl11"", ""Rpl18"", ""Rpl18a"", ""Rpl19"", ""Rpl8"", ""Rps3"", ""Rpl32"", ""Rpl10a"", ""Rpl7a"", ""Btf3"", ""Rpl36al"", ""Rps23"", ""Rpl6"", ""Rpl36"", ""Rps4x"", ""Rps26"", ""Rpl38"", ""Rps6"", ""Dhx9"", ""Eif4g1"", ""Rpl29"", ""Rpl31"", ""Hdlbp"", ""Larp4"", ""Rps28"", ""Rpl39"", ""Larp1"", ""Rpl36a"")"
"30","GOBP_RIBOSOME_BIOGENESIS","2.15530393443674e-10","1.29363610885877e-08","0.826657301178302","-0.619606372197432","-2.0453024942869","177","c(""Rpl11"", ""Rps14"", ""Rps3a1"", ""Rpl26"", ""Npm1"", ""Rps16"", ""Rpl10a"", ""Rpl7a"", ""Rps23"", ""Rplp0"", ""Rpl5"", ""Rps7"", ""Wdr12"", ""Rps5"", ""Rpl6"", ""Rps15"", ""Rps19"", ""Rps8"", ""Rps12"", ""Rpl14"", ""C1qbp"", ""Rpl10"", ""Rps17"", ""Rpl38"", ""Rps6"", ""Rps25"", ""Rsl1d1"", ""Ncl"", ""Exosc5"", ""Rpsa"", ""Ddx18"", ""Serbp1"", ""Noc2l"", ""Rpl35"", ""Rrp15"", ""Mybbp1a"", ""Nop56"", ""Eif5b"", ""Ddx21"", ""Nop10"", ""Mrto4"", ""2810004N23Rik"", ""Mak16"", ""Nop14"", ""Nol8"", ""Wdr43"", ""Eif2a"", ""Gtf3a"", ""Ftsj3"", ""Mrps7"", ""Fbl"", ""Rcl1"", ""Rps28"", ""Glul"", ""Nob1"", ""Nom1"", 
""Ddx27"", ""Mphosph10"", ""Noa1"", ""Gtpbp4"", ""Naf1"", ""Tma16"", ""Abce1"", ""Ebna1bp2"", ""Aatf"", ""Wdr74"", ""Utp14a"", ""Nol11"", ""Nip7"", ""Ppan"", ""Gnl2"", ""Imp4"", ""Utp18"", ""Eif6"", ""Nmd3"", ""Rbm10"", ""Spata5"", ""Rrp1b"", ""Rrs1"", ""Utp20"", ""Sdad1"", ""Drosha"", ""Rsl24d1"", ""Exosc2"", ""Ddx3x"", ""Bms1"", ""Pdcd11"", ""Heatr3"", ""Tsr1"", ""Mdn1"", ""Ddx10"", ""Rrp9"", ""Ltv1"", ""Pes1"", ""Gar1"", ""Nol9"", ""Nifk"", ""Exosc7"", ""Nop16"", ""Zfp593"", ""Pno1"", ""Dkc1"", ""Wdr3"")"
"31","TABULA_MURIS_SENIS_BLADDER_BLADDER_CELL_AGEING","1.694345605206e-10","1.02778283413666e-08","0.826657301178302","-0.611712083049442","-2.04242388085561","175","c(""Rps10"", ""Rpl11"", ""Rps14"", ""Rpl18"", ""Rpl18a"", ""Rps3a1"", ""Rpl19"", ""Rpl27a"", ""Naca"", ""Rpl8"", ""Rpl9"", ""Rpl17"", ""Rps3"", ""Rpl23"", ""Rpl32"", ""Rps16"", ""Rpl13"", ""Rplp1"", ""Fth1"", ""Rps23"", ""Rplp0"", ""Rpl5"", ""Hsp90ab1"", ""Rpl22"", ""Rps7"", ""Tomm20"", ""Eef1b2"", ""Rps2"", ""Rps5"", ""Rps20"", ""Rpl6"", ""Rps15"", ""Rps4x"", ""Rps12"", ""Rpl14"", ""Rpl21"", ""Rpl28"", ""Rpl4"", ""Rpl10"", ""Rps17"", ""Rps6"", ""Rps25"", ""Thy1"", ""Eef1a1"", ""Pabpc1"", ""Arl4c"", ""Cnbp"", ""Rpsa"", ""Slc25a3"", ""Nfkbia"", ""Mat2a"", ""Nop56"", ""Rpl29"", ""Hspa9"", ""Tmsb4x"", ""Rgcc"", 
""Ldha"", ""Slbp"", ""Ly6d"", ""Hspa8"", ""Fbln2"", ""Snhg12"", ""Eef1d"")"
"32","TABULA_MURIS_SENIS_KIDNEY_BRUSH_CELL_AGEING","4.08500450595479e-07","1.42028632274111e-05","0.674962860011025","-0.801637052483721","-2.03755473019705","37","c(""Rps3a1"", ""Rpl9"", ""Rps3"", ""Rpl10a"", ""Rps23"", ""Rplp0"", ""Rpl22"", ""Rps5"", ""Rpl6"", ""Rps19"", ""Rps4x"", ""Rpl21"", ""Rpl4"", ""Rpl10"", ""Eef1a1"", ""Dhrs3"", ""Tmsb4x"")"
"33","GOCC_POLYSOMAL_RIBOSOME","2.13170080990588e-07","7.99668290663375e-06","0.690132458796796","-0.876779556566164","-2.02831508839809","24","c(""Rpl11"", ""Rpl18"", ""Rpl18a"", ""Rpl19"", ""Rpl8"", ""Rpl32"", ""Rpl10a"", ""Rpl7a"", ""Btf3"", ""Rpl36al"", ""Rps23"", ""Rpl6"", ""Rpl36"", ""Rps26"", ""Rpl38"", ""Dhx9"", ""Rpl29"", ""Rpl31"", ""Rps28"", ""Rpl39"", ""Larp1"", ""Rpl36a"")"
"34","HALLMARK_ALLOGRAFT_REJECTION","2.54972740158748e-09","1.32168596762289e-07","0.774939030136436","-0.664563800927135","-2.01671172700431","111","c(""Rps3a1"", ""Rpl9"", ""Npm1"", ""Cd3d"", ""Cd8b1"", ""Cd4"", ""Ptprc"", ""Ets1"", ""Eif3a"", ""Cd3g"", ""Cd247"", ""Cd8a"", ""Thy1"", ""Fyb"", ""Cd3e"", ""Lcp2"", ""Ikbkb"", ""Ltb"", ""Itgal"", ""Il2ra"", ""Nme1"", ""Eif3j1"", ""Cd28"", ""Stat4"", ""B2m"", ""Abce1"", ""Dars"", ""Ifngr1"", ""Sit1"", ""Tpd52"", ""St8sia4"", ""H2-Oa"")"
"35","REACTOME_PD_1_SIGNALING","4.83874432948349e-07","1.65212695609071e-05","0.659444398037935","-0.911820750705276","-2.01349642972039","18","c(""Cd3d"", ""Cd4"", ""Cd3g"", ""Trac"", ""Cd247"", ""Trbc2"", ""Cd3e"")"
"36","REACTOME_PHOSPHORYLATION_OF_CD3_AND_TCR_ZETA_CHAINS","2.76463808870717e-07","9.97719391253688e-06","0.674962860011025","-0.92944116932443","-2.00081340048398","16","c(""Cd3d"", ""Cd4"", ""Ptprc"", ""Cd3g"", ""Trac"", ""Cd247"", ""Trbc2"", ""Cd3e"")"
"37","BILANGES_SERUM_RESPONSE_TRANSLATION","4.44717026002166e-07","1.52757619413515e-05","0.674962860011025","-0.86843102250505","-1.99059415291993","23","c(""Rpl18a"", ""Rps3"", ""Rps7"", ""Eef1b2"", ""Rps5"", ""Rpl6"", ""Rps19"", ""Rps8"", ""Rps4x"", ""Rpl14"", ""Rpl21"", ""Rpl4"", ""Eef1g"", ""Rpl10"", ""Rps6"", ""Eef1a1"", ""Rpl29"")"
"38","TABULA_MURIS_SENIS_SPLEEN_MATURE_NK_T_CELL_AGEING","2.21188955645082e-07","8.24326421626313e-06","0.690132458796796","-0.669418826116677","-1.98745062578947","86","c(""Rps10"", ""Rpl27a"", ""Rpl17"", ""Rpl23"", ""Rpl32"", ""Rps16"", ""Rps18"", ""Rplp1"", ""Cd8b1"", ""Rps23"", ""Rplp0"", ""Rpl5"", ""Rpl22"", ""Rps2"", ""Rps5"", ""Rps20"", ""Rpl6"", ""Rpl37"", ""Rps19"", ""Rpl36"", ""Rps8"", ""Rps4x"", ""Rps12"", ""Rpl14"", ""Hspe1"", ""Eef1g"", ""Cd8a"", ""Rps26"", ""Rpl38"", ""Rps25"", ""Thy1"", ""Rpsa"", ""Rpl35"", ""Rpl31"", ""Mif"", ""Rpl41"", ""Rps28"", ""Rpl39"")"
"39","REACTOME_GENERATION_OF_SECOND_MESSENGER_MOLECULES","8.20526424635919e-07","2.70441715218151e-05","0.659444398037935","-0.892315997523192","-1.98601082775952","20","c(""Cd3d"", ""Cd4"", ""Cd3g"", ""Trac"", ""Cd247"", ""Trbc2"", ""Fyb"", ""Cd3e"", ""Lcp2"", ""Lat"")"
"40","GOCC_SMALL_RIBOSOMAL_SUBUNIT","7.01771311277132e-06","0.000205205129071908","0.610526878385931","-0.720141173203936","-1.98549311068817","52","c(""Rps10"", ""Rps14"", ""Rps3a1"", ""Rps27a"", ""Rps3"", ""Npm1"", ""Rps16"", ""Rps18"", ""Rps23"", ""Rps7"", ""Rps2"", ""Rps5"", ""Rps20"", ""Rps15"", ""Rps19"", ""Rps8"", ""Rps4x"", ""Rps12"", ""Rps17"", ""Rps26"", ""Rps6"", ""Rps25"", ""Rpsa"", ""Larp4"", ""Mrps5"", ""Eif2a"", ""Mrps34"", ""Mrps7"", ""Rps28"")"
"41","GOCC_SMALL_SUBUNIT_PROCESSOME","3.49436615936972e-06","0.000105422623495906","0.627256739718528","-0.726256420212842","-1.95914684181643","49","c(""Rps14"", ""Rps3a1"", ""Rps27a"", ""Rps16"", ""Rps23"", ""Rps7"", ""Rps5"", ""Rps19"", ""Rps8"", ""Rps4x"", ""Rps12"", ""Rps17"", ""Rps6"", ""Nop56"", ""2810004N23Rik"", ""Nop14"", ""Wdr43"", ""Fbl"", ""Rcl1"", ""Rps28"", ""Mphosph10"", ""Aatf"", ""Utp14a"", ""Imp4"", ""Utp18"", ""Utp20"", ""Bms1"", ""Pdcd11"", ""Rrp9"")"
"42","GOBP_RIBOSOMAL_SMALL_SUBUNIT_BIOGENESIS","4.32852682349572e-06","0.000127882175894159","0.610526878385931","-0.695096943372876","-1.95732891528494","60","c(""Rps14"", ""Rps3a1"", ""Npm1"", ""Rps16"", ""Rps23"", ""Rps7"", ""Rps5"", ""Rps15"", ""Rps19"", ""Rps8"", ""Rps12"", ""Rps17"", ""Rpl38"", ""Rps6"", ""Rps25"", ""Rpsa"", ""Nop56"", ""2810004N23Rik"", ""Nop14"", ""Wdr43"", ""Mrps7"", ""Fbl"", ""Rcl1"", ""Rps28"", ""Nob1"", ""Nom1"", ""Mphosph10"", ""Aatf"", ""Nol11"", ""Imp4"", ""Utp18"", ""Rrs1"", ""Utp20"", ""Bms1"", ""Tsr1"", ""Rrp9"", ""Ltv1"")"
"43","TABULA_MURIS_SENIS_HEART_AND_AORTA_CARDIOMYOCYTE_AGEING","4.16307879132432e-06","0.000124936185621744","0.610526878385931","-0.683409330193244","-1.95550982143111","62","c(""Rpl18a"", ""Rps3a1"", ""Rpl19"", ""Rpl27a"", ""Rpl8"", ""Rpl17"", ""Rps3"", ""Rpl23"", ""Rpl32"", ""Rpl7a"", ""Fth1"", ""Rps23"", ""Rplp0"", ""Rps2"", ""Rps5"", ""Rps20"", ""Rpl6"", ""Rps4x"", ""Rps12"", ""Rpl21"", ""Rpl4"", ""Rpl10"", ""Rps26"", ""Rps6"", ""Rps25"", ""Eef1a1"", ""Pdcd5"", ""Aldoa"")"
"44","GOBP_RIBOSOME_ASSEMBLY","7.87806851881857e-06","0.000225732395448761","0.593325476396405","-0.766797540014962","-1.94900167091849","37","c(""Rpl11"", ""Rps14"", ""Rplp0"", ""Rpl5"", ""Rps5"", ""Rpl6"", ""Rps15"", ""Rps19"", ""C1qbp"", ""Rpl10"", ""Rpl38"", ""Rps6"", ""Rps25"", ""Rpsa"", ""Eif5b"", ""Mrto4"", ""Eif2a"", ""Mrps7"", ""Rps28"", ""Noa1"", ""Nip7"", ""Ppan"", ""Eif6"", ""Rrs1"", ""Ddx3x"", ""Mdn1"")"
"45","TABULA_MURIS_SENIS_BRAIN_MYELOID_MICROGLIAL_CELL_AGEING","1.84297219645689e-08","8.61362906901408e-07","0.73376198835648","-0.589863744486976","-1.93874425538796","179","c(""Rps10"", ""Rpl11"", ""Rps14"", ""Rpl18"", ""Rpl18a"", ""Rps3a1"", ""Rpl19"", ""Rpl27a"", ""Naca"", ""Rps27a"", ""Rpl8"", ""Rpl9"", ""Rpl17"", ""Rps3"", ""Rpl23"", ""Rpl32"", ""Npm1"", ""Rps16"", ""Rpl10a"", ""Rpl13"", ""Rpl7a"", ""Rps18"", ""Rplp1"", ""Fth1"", ""Rplp0"", ""Rpl5"", ""Rps7"", ""Eef1b2"", ""Rps2"", ""Rps5"", ""Rps20"", ""Rpl6"", ""Rps4x"", ""Rpl14"", ""Rpl21"", ""Ctsl"", ""Rpl28"", ""Rpl4"", ""Rpl10"", ""Rps6"", ""Eef1a1"", ""Pebp1"", ""Exosc5"", ""Cd52"", ""Rpsa"", ""Slc25a3"", ""Serbp1"", ""Aldoa"", ""Rpl35"", ""Rpl29"", ""Bst2"", ""Ifi27"", ""Tmsb4x"", ""Ldha"", ""Slc25a5"", ""Gpx1"")"
"46","REACTOME_TRANSLOCATION_OF_ZAP_70_TO_IMMUNOLOGICAL_SYNAPSE","1.1905320730462e-06","3.85705334119853e-05","0.643551836150722","-0.922415221170311","-1.937213737782","15","c(""Cd3d"", ""Cd4"", ""Cd3g"", ""Trac"", ""Cd247"", ""Trbc2"", ""Cd3e"")"
"47","MA_RAT_AGING_UP","4.46244382669376e-06","0.00013115904484437","0.610526878385931","-0.674460500967628","-1.93206588135488","71","c(""Rps3a1"", ""Rpl8"", ""Rpl17"", ""Rplp1"", ""Fth1"", ""Rplp0"", ""Rpl5"", ""Rps20"", ""Ppt1"", ""Rps12"", ""Rps6"", ""Eef1a1"", ""Nfkbia"", ""Rgcc"")"
"48","TABULA_MURIS_SENIS_LIVER_ENDOTHELIAL_CELL_OF_HEPATIC_SINUSOID_AGEING","3.26139312338947e-09","1.66039853478275e-07","0.774939030136436","-0.574072077055916","-1.92076402075032","194","c(""Rps10"", ""Rps14"", ""Rpl18a"", ""Rps3a1"", ""Rpl19"", ""Rpl27a"", ""Rps27a"", ""Rpl9"", ""Rpl17"", ""Mier1"", ""Rps3"", ""Rpl23"", ""Rpl32"", ""Rpl13"", ""Rps18"", ""Rplp1"", ""Rps23"", ""Rpl5"", ""Rpl22"", ""Rps7"", ""Eef1b2"", ""Rps5"", ""Rps20"", ""Rpl6"", ""Rpl37"", ""Rps15"", ""Rps19"", ""Rpl36"", ""Rps8"", ""Hspd1"", ""Rps4x"", ""Rps12"", ""Rpl14"", ""Rpl21"", ""Rpl28"", ""Rpl4"", ""Rpl10"", ""Rps17"", ""Rpl38"", ""Rps6"", ""Rps25"", ""Eef1a1"", ""Brd3"", ""Ncl"", ""Pabpc1"", ""Rpsa"", ""Cbfa2t3"", ""Ddx18"", ""Nedd4"", ""Psap"", ""Rpl35"", ""Sp100"", ""Hnrnpc"", ""Rpl31"", ""Tmsb4x"")"
"49","GOCC_PLASMA_MEMBRANE_SIGNALING_RECEPTOR_COMPLEX","2.44094453416401e-06","7.52338688313687e-05","0.627256739718528","-0.675503795491157","-1.91902111640393","67","c(""Cd3d"", ""Cd3g"", ""Trac"", ""Cd247"", ""Ighm"", ""Trbc2"", ""Cd3e"", ""Ikbkb"", ""Itgal"", ""Cd79b"", ""Itgb1"", ""Igf1r"", ""Itga6"", ""B2m"", ""Itga4"", ""Chuk"")"
"50","TABULA_MURIS_SENIS_MARROW_MEGAKARYOCYTE_ERYTHROID_PROGENITOR_CELL_AGEING","4.22826212453072e-06","0.000125570576219136","0.610526878385931","-0.797839365193294","-1.91722561419526","32","c(""Rps14"", ""Rpl18a"", ""Rpl8"", ""Rpl17"", ""Rpl32"", ""Rps18"", ""Fth1"", ""Rps7"", ""Rps19"", ""Rps8"", ""Rpl10"", ""Rps6"", ""Cd52"", ""Rpl35"")"
"51","LMX1B_TARGET_GENES","1.23185202435988e-05","0.000347723774400992","0.593325476396405","-0.859399175364848","-1.91274847966382","20","c(""Rps10"", ""Rpl11"", ""Rps14"", ""Rpl17"", ""Rpl32"", ""Rpl13"", ""Rpl7a"", ""Rpl5"", ""Rps8"", ""Rps17"", ""Rps6"")"
"52","GOCC_CYTOSOLIC_SMALL_RIBOSOMAL_SUBUNIT","3.12395416033352e-06","9.47488650118178e-05","0.627256739718528","-0.805149850860267","-1.91226185424794","29","c(""Rps10"", ""Rps14"", ""Rps3a1"", ""Rps27a"", ""Rps3"", ""Rps16"", ""Rps18"", ""Rps23"", ""Rps7"", ""Rps2"", ""Rps5"", ""Rps20"", ""Rps15"", ""Rps19"", ""Rps8"", ""Rps4x"", ""Rps12"", ""Rps17"", ""Rps26"", ""Rps6"", ""Rps25"", ""Rpsa"")"
"53","GOBP_ANTIGEN_RECEPTOR_MEDIATED_SIGNALING_PATHWAY","2.85054731036782e-06","8.69188276134616e-05","0.627256739718528","-0.663343592287579","-1.90238759492833","75","c(""Rps3"", ""Themis"", ""Ptprc"", ""Cd247"", ""Foxp1"", ""Cd8a"", ""Ighm"", ""Thy1"", ""Fyb"", ""Cd3e"", ""Lcp2"", ""Nfkbia"", ""Lat"", ""Cd79b"", ""Cd28"", ""Hras"", ""Mapk1"", ""Ada"", ""Sh2d1a"", ""Slc39a6"", ""Cyld"", ""Card11"", ""Cacnb3"", ""Bcl10"", ""Vav3"", ""Slc39a10"", ""Lax1"", ""Cblb"", ""Nfkb1"", ""Psen2"", ""Eif2b5"", ""Syk"", ""Prkch"", ""Zc3h12a"", ""Ikbkg"", ""Nfkbiz"", ""Cd226"")"
"54","GOCC_RECEPTOR_COMPLEX","6.33511096145522e-07","2.11244460246887e-05","0.659444398037935","-0.602936693438965","-1.88984698260777","127","c(""Cd3d"", ""Cd8b1"", ""Hsp90ab1"", ""Cd3g"", ""Hspd1"", ""Trac"", ""Cd247"", ""Cd8a"", ""Ighm"", ""Trbc2"", ""Cd3e"", ""Ikbkb"", ""Itgal"", ""Cd79b"", ""Itgb1"", ""Notch1"", ""Igf1r"", ""Itga6"", ""Ripk1"", ""B2m"", ""Itga4"", ""Notch3"", ""Chuk"")"
"55","GOBP_NCRNA_PROCESSING","6.69754312141321e-08","2.91522067773268e-06","0.704975715167238","-0.563651541335628","-1.88195623464889","175","c(""Rpl11"", ""Rpl26"", ""Npm1"", ""Rps16"", ""Rpl10a"", ""Rpl7a"", ""Rpl5"", ""Rps7"", ""Wdr12"", ""Rps15"", ""Rps19"", ""Rps8"", ""Rpl14"", ""Rps17"", ""Rps6"", ""Tdrd5"", ""Rps25"", ""Rsl1d1"", ""Ncl"", ""Exosc5"", ""Ddx18"", ""Rpl35"", ""Rrp15"", ""Ddx21"", ""Nop10"", ""Mettl6"", ""Mrto4"", ""Mak16"", ""Nop14"", ""Nol8"", ""Wdr43"", ""Trmt6"", ""Mettl1"", ""Ftsj3"", ""Fbl"", ""Rcl1"", ""Rps28"", ""Nob1"", ""Ddx27"", ""Ints7"", ""Mphosph10"", ""Ripk1"", ""Gtpbp4"", ""Kti12"", ""Yrdc"", ""Naf1"", ""Grsf1"", ""Nsun2"", ""Trnt1"", ""Ebna1bp2"", ""Wdr74"", ""Utp14a"", ""Nol11"", ""Ppan"", ""Imp4"", ""Utp18"", 
""Eif6"", ""Rrp1b"", ""Rrs1"", ""Pus7"", ""Dgcr8"", ""Utp20"", ""Drosha"", ""Exosc2"", ""Ddx3x"", ""Bms1"", ""Pdcd11"", ""Pus1"", ""Tsr1"", ""Trmt1"", ""Osgep"", ""Ddx10"", ""Rrp9"", ""Pusl1"", ""Pes1"", ""Gar1"", ""Nol9"", ""Rpp14"", ""Nifk"", ""Exosc7"", ""Thumpd1"", ""Pnpt1"", ""Dkc1"", ""Wdr3"", ""Srrt"", ""Pop7"", ""Nop2"", ""Dus1l"", ""Pop1"", ""Trmt61a"", ""Exosc1"", ""Mettl16"", ""Wdr46"", ""Nat10"", ""Aars"", ""Las1l"", ""Rrp12"", ""Tex15"", ""Wdr18"", ""Tsen34"", ""Rtcb"", ""Wdr4"", ""Znhit6"", ""Thg1l"")"
"56","TABULA_MURIS_SENIS_MARROW_PROMONOCYTE_AGEING","1.72153932919616e-05","0.000476515400731868","0.575610261071129","-0.656654854127984","-1.86931538483871","72","c(""Rpl11"", ""Rps3a1"", ""Rps27a"", ""Rpl8"", ""Rpl9"", ""Rps3"", ""Rpl13"", ""Rps18"", ""Fth1"", ""Rps2"", ""Rpl6"", ""Prdx2"", ""Rpl14"", ""Ctsl"", ""Phb2"", ""Rps6"", ""Atp5g1"", ""Ldha"", ""Nme1"", ""Mif"")"
"57","GOBP_RRNA_METABOLIC_PROCESS","6.04495897825969e-07","2.039547697872e-05","0.659444398037935","-0.59687817992557","-1.86504207218785","126","c(""Rpl11"", ""Rpl26"", ""Npm1"", ""Rps16"", ""Rpl10a"", ""Rpl7a"", ""Rpl5"", ""Rps7"", ""Wdr12"", ""Rps15"", ""Rps19"", ""Rps8"", ""Rpl14"", ""Rps17"", ""Rps6"", ""Rps25"", ""Rsl1d1"", ""Ncl"", ""Exosc5"", ""Ddx18"", ""Smarca4"", ""Rpl35"", ""Rrp15"", ""Ddx21"", ""Nop10"", ""Mrto4"", ""Mak16"", ""Nop14"", ""Nol8"", ""Wdr43"", ""Ftsj3"", ""Fbl"", ""Rcl1"", ""Rps28"", ""Nob1"", ""Ddx27"", ""Mphosph10"", ""Gtpbp4"", ""Naf1"", ""Ebna1bp2"", ""Wdr74"", ""Utp14a"", ""Nol11"", ""Ppan"", ""Imp4"", ""Utp18"", ""Tcof1"", ""Eif6"", ""Rrp1b"", ""Rrs1"", ""Utp20"", ""Drosha"", ""Exosc2"", ""Bms1"", ""Pdcd11"", ""Tsr1"", 
""Ddx10"", ""Rrp9"", ""Pes1"", ""Gar1"", ""Nol9"", ""Nifk"", ""Exosc7"", ""Dkc1"", ""Wdr3"", ""Pop7"", ""Nop2"", ""Exosc1"", ""Mettl16"", ""Polr1a"", ""Wdr46"", ""Nat10"", ""Las1l"", ""Rrp12"")"
"58","GOMF_RRNA_BINDING","0.00012284623961356","0.00279071417640047","0.518848077743792","-0.708021299792926","-1.86072448798404","42","c(""Rpl11"", ""Rpl19"", ""Rpl8"", ""Rpl9"", ""Rpl17"", ""Rps3"", ""Rpl23"", ""Npm1"", ""Rps18"", ""Rplp0"", ""Rpl5"", ""Rps5"", ""Rpl6"", ""Rpl37"", ""Rps4x"", ""Rpl4"", ""Ncl"")"
"59","TABULA_MURIS_SENIS_PANCREAS_ENDOTHELIAL_CELL_AGEING","2.19223386453654e-06","6.90614226275544e-05","0.627256739718528","-0.614936236730541","-1.85962721343287","107","c(""Rps10"", ""Rpl11"", ""Rps14"", ""Rpl18a"", ""Rps3a1"", ""Rps27a"", ""Rpl8"", ""Rpl9"", ""Rps3"", ""Rps16"", ""Rpl10a"", ""Rpl13"", ""Jund"", ""Klf13"", ""Rplp0"", ""Rpl5"", ""Rpl22"", ""Rps7"", ""Rpl6"", ""Rpl37"", ""Rpl36"", ""Rps8"", ""Rps4x"", ""Rpl14"", ""Ctsl"", ""Rpl4"", ""Rps17"", ""Rpl38"", ""Rps6"", ""Pebp1"", ""Rpsa"", ""Cbfa2t3"")"
"60","TABULA_MURIS_SENIS_TRACHEA_MACROPHAGE_AGEING","4.90252518911566e-05","0.00123146249464042","0.557332238758646","-0.725129039259346","-1.84769026213913","39","c(""Rps3a1"", ""Rps3"", ""Jund"", ""Rplp0"", ""Hsp90ab1"", ""Rpl6"", ""Rpl14"", ""Rpl4"", ""Pebp1"", ""Exosc5"", ""Rpsa"", ""Slc25a3"", ""Serbp1"", ""Ltb"", ""Ldha"", ""Slc25a5"")"
"61","GOBP_T_CELL_SELECTION","2.58839777720542e-05","0.000677020372735107","0.575610261071129","-0.772915018000388","-1.83570288675867","29","c(""Cd3d"", ""Themis"", ""Cd4"", ""Ptprc"", ""Cd3g"", ""Ctsl"", ""Cd3e"", ""Cd1d1"", ""Cd28"", ""Cyld"", ""Tox"", ""Card11"", ""Slamf6"")"
"62","GOBP_B_CELL_PROLIFERATION","6.34687352558179e-05","0.00156420885373256","0.538434096309916","-0.65020763884553","-1.83483430238367","61","c(""Cd27"", ""Ptprc"", ""Hspd1"", ""Ighm"", ""Mzb1"", ""Rag2"", ""Ikzf3"", ""Bcl6"", ""Mif"", ""Ada"", ""Atm"", ""Lef1"", ""Cd24a"", ""Card11"", ""Tcf3"", ""Prkcd"", ""Ctps"", ""Bst1"", ""Vav3"", ""Slc39a10"", ""Atad5"")"
"63","GOBP_IMMUNOGLOBULIN_PRODUCTION_INVOLVED_IN_IMMUNOGLOBULIN_MEDIATED_IMMUNE_RESPONSE","7.89678870381257e-05","0.0018761453828808","0.538434096309916","-0.718014949896027","-1.82956295937104","39","c(""Ung"", ""Ptprc"", ""Hspd1"", ""Msh2"", ""Ighm"", ""Rif1"", ""Msh6"", ""Lig4"", ""Bcl6"", ""Cd28"", ""Rnf168"", ""Exo1"")"
"64","TABULA_MURIS_SENIS_TRACHEA_FIBROBLAST_AGEING","8.59402720542478e-05","0.00201247823350601","0.538434096309916","-0.637796782887435","-1.82703865042774","71","c(""Rps10"", ""Rpl11"", ""Rps3a1"", ""Naca"", ""Rpl8"", ""Rpl17"", ""Rps3"", ""Npm1"", ""Rpl13"", ""Jund"", ""Fth1"", ""Rplp0"", ""Hsp90ab1"", ""Rps7"", ""Rps5"", ""Rps20"", ""Rpl6"", ""Rps4x"", ""Rpl14"", ""Rpl4"", ""Rps6"", ""Pebp1"", ""Rpsa"", ""Slc25a3"")"
"65","TABULA_MURIS_SENIS_HEART_AND_AORTA_ENDOCARDIAL_CELL_AGEING","3.47697183096918e-05","0.000893049251359743","0.557332238758646","-0.767741478834056","-1.8234155323132","29","c(""Rps10"", ""Rps3"", ""Rpl23"", ""Rpl32"", ""Rps18"", ""Rps23"", ""Rplp0"", ""Rps20"", ""Rpl6"", ""Rpl37"", ""Rpl36"", ""Rps12"", ""Rpl38"", ""Eef1a1"", ""Rpl31"", ""Rps28"", ""Rpl39"")"
"66","GOBP_T_CELL_RECEPTOR_SIGNALING_PATHWAY","8.61179742152693e-05","0.00201247823350601","0.538434096309916","-0.669628292920721","-1.8203809474149","51","c(""Rps3"", ""Themis"", ""Ptprc"", ""Cd247"", ""Cd8a"", ""Thy1"", ""Fyb"", ""Cd3e"", ""Lcp2"", ""Lat"", ""Cd28"", ""Hras"", ""Mapk1"", ""Ada"", ""Sh2d1a"", ""Slc39a6"", ""Cyld"", ""Card11"", ""Cacnb3"", ""Bcl10"", ""Cblb"", ""Psen2"", ""Eif2b5"", ""Zc3h12a"", ""Ikbkg"", ""Nfkbiz"", ""Cd226"")"
"67","GOBP_INTERLEUKIN_2_PRODUCTION","0.000237183872787475","0.00502759272354714","0.518848077743792","-0.714504218631317","-1.81608552886538","37","c(""Rps3"", ""Ptprc"", ""Cd247"", ""Cd3e"", ""Cd1d1"", ""Trim27"", ""Cd28"", ""Stat5a"", ""Stat5b"", ""Card11"", ""Tnfaip3"", ""Runx1"", ""Cd1d2"", ""Lag3"")"
"68","GOMF_MRNA_5_UTR_BINDING","0.000276259169114044","0.00579128596429514","0.49849310876659","-0.841240951144947","-1.81094427881877","16","c(""Rps14"", ""Rps3a1"", ""Rpl26"", ""Rpl5"", ""Rps7"", ""Rsl1d1"", ""Ncl"", ""Gnl3"", ""Shmt1"", ""Syncrip"", ""Larp1"", ""Shmt2"", ""Ddx3x"", ""Cct5"")"
"69","GOBP_POSITIVE_REGULATION_OF_LYMPHOCYTE_DIFFERENTIATION","0.000186755380636418","0.00406442435262921","0.518848077743792","-0.620806320177657","-1.7766576850375","68","c(""Rag1"", ""Cd27"", ""Ptprc"", ""Sox4"", ""Xbp1"", ""Cd1d1"", ""Smarca4"", ""Il2ra"", ""Xrcc6"", ""Bcl6"", ""Ada"", ""Stat5a"", ""Stat5b"", ""Lef1"", ""Cyld"", ""Tox"", ""Vsir"", ""Runx1"", ""Gimap5"", ""Dusp10"")"
"70","TABULA_MURIS_SENIS_KIDNEY_KIDNEY_DISTAL_CONVOLUTED_TUBULE_EPITHELIAL_CELL_AGEING","0.000238553219045036","0.00503789057405479","0.518848077743792","-0.628064475795988","-1.77234805537693","61","c(""Rps10"", ""Rpl18a"", ""Rps3a1"", ""Rpl9"", ""Rpl17"", ""Mier1"", ""Rps3"", ""Rps16"", ""Rpl13"", ""Rpl7a"", ""Rplp1"", ""Rps23"", ""Rplp0"", ""Rps2"", ""Rpl6"", ""Rps19"", ""Rps8"", ""Sox4"", ""Rps4x"", ""Rps12"", ""Rpl14"", ""Rpl21"", ""Rpl28"", ""Rpl4"", ""Rpl10"", ""Rps6"", ""Mtdh"", ""Eef1a1"", ""S100a11"", ""Ifi27"", ""Tmsb4x"")"
"71","REACTOME_COSTIMULATION_BY_THE_CD28_FAMILY","0.000214080877688365","0.0046063742059587","0.518848077743792","-0.744051699879252","-1.77099283435845","31","c(""Cd3d"", ""Cd4"", ""Cd3g"", ""Trac"", ""Cd247"", ""Trbc2"", ""Cd3e"", ""Cd28"")"
"72","GOBP_POSITIVE_T_CELL_SELECTION","0.000645832008454757","0.012136708244485","0.477270815362862","-0.786645734720168","-1.76349857454882","21","c(""Cd3d"", ""Themis"", ""Ptprc"", ""Cd3g"", ""Ctsl"", ""Cd3e"", ""Cd1d1"", ""Cyld"", ""Tox"", ""Slamf6"")"
"73","GOBP_TRANSLATIONAL_INITIATION","0.00138983621431572","0.0233771271210272","0.45505986738723","-0.658308908803429","-1.7601536934638","43","c(""Npm1"", ""Eif3a"", ""Eif4g1"", ""Slbp"", ""Eif5b"", ""Eif3c"", ""Bzw2"", ""Eif2a"", ""Eif3b"", ""Eif3g"", ""Eif2s1"", ""Nck2"", ""Larp1"", ""Eif1a"", ""Abce1"", ""Eif3i"", ""Eif2s2"", ""Eif2s3x"", ""Sh3bgrl"", ""Eif6"", ""Ddx3x"", ""Eif4a1"", ""Eif1ad"", ""Eif4h"")"
"74","GOBP_ACTIVATION_OF_IMMUNE_RESPONSE","1.58698819850643e-06","5.05531100999087e-05","0.643551836150722","-0.513690780494733","-1.75588366427844","206","c(""Rps3"", ""Themis"", ""Ptprc"", ""Hspd1"", ""C1qbp"", ""Cd247"", ""Foxp1"", ""Phb2"", ""Cd8a"", ""Ighm"", ""Thy1"", ""Fyb"", ""Cd3e"", ""Lcp2"", ""Nfkbia"", ""Lat"", ""Cd79b"", ""Xrcc6"", ""Rgcc"", ""Hspa8"", ""Igtp"", ""Cd28"", ""Hras"", ""Mapk1"", ""Mndal"", ""Ada"", ""Sh2d1a"", ""Trim25"", ""Ipo5"", ""Epg5"", ""Slc39a6"", ""Cyld"", ""Card11"", ""Ddx3x"", ""Trim30a"", ""Chuk"", ""Gbp7"", ""Tnfaip3"", ""Ifi203"", ""Trim5"", ""Cacnb3"", ""Aim2"", ""Bcl10"", ""Otud4"", ""Eif2ak2"", ""Vav3"", ""Slc39a10"", ""Lax1"", ""Cblb"", ""Nfkb1"", ""Psen2"", ""Slc15a2"", ""Eif2b5"", ""Syk"", ""Usp50"", ""Irak1"", ""Prkch"", 
""Zc3h12a"", ""Tomm70a"", ""Ikbkg"", ""Tmem126a"", ""Nfkbiz"")"
"75","GOBP_COMPLEMENT_ACTIVATION","0.00117391107094171","0.020469849928164","0.45505986738723","-0.784630406031219","-1.75508370038045","19","c(""C1qbp"", ""Ighm"", ""Rgcc"")"
"76","YU_MYC_TARGETS_DN","0.000397783791064589","0.00804313183209321","0.49849310876659","-0.694153891961597","-1.75380278129158","36","c(""Rag1"", ""Ptprc"", ""Klf3"", ""Ltb"", ""Cd1d1"", ""Cmah"", ""Dgka"", ""Abca1"", ""Gga2"", ""Pld4"", ""Ifi203"")"
"77","GOBP_SOMATIC_DIVERSIFICATION_OF_IMMUNOGLOBULINS_INVOLVED_IN_IMMUNE_RESPONSE","0.00040602841614684","0.00815202122841297","0.49849310876659","-0.715328295821933","-1.75287195195176","33","c(""Ung"", ""Ptprc"", ""Hspd1"", ""Msh2"", ""Rif1"", ""Msh6"", ""Lig4"", ""Bcl6"", ""Cd28"", ""Rnf168"", ""Exo1"")"
"78","TABULA_MURIS_SENIS_LUNG_NON_CLASSICAL_MONOCYTE_AGEING","0.000402957226153814","0.00811894736229346","0.49849310876659","-0.731562286345162","-1.74126551584308","31","c(""Rpl13"", ""Fth1"", ""Rps7"", ""Rpl6"", ""Rps4x"", ""Cd52"")"
"79","ZENG_GU_ICB_CONTROL_METAGENE_25_PRECICTIVE_ICB_RESPONSE","1.65613480214531e-05","0.00046290591381532","0.575610261071129","-0.549376317526511","-1.73873457503351","136","c(""Cd3d"", ""Cd8b1"", ""Cd27"", ""Cd4"", ""Ccr9"", ""Cd3g"", ""Cd8a"", ""Cd3e"", ""Cd52"", ""Lcp2"", ""Ltb"", ""Lat"", ""Itgal"", ""Sh2d1a"", ""B2m"", ""Rnf157"", ""Pld4"", ""Slamf6"", ""Bst1"", ""Lag3"", ""Gng2"", ""Lair1"", ""Ctsb"", ""Nkg7"", ""Nfkbie"", ""Myo1f"", ""Plekho1"", ""Stat1"", ""Psme2"", ""Fxyd5"", ""Rrad"", ""Runx3"")"
"80","BIOCARTA_IL2RB_PATHWAY","0.00168472869118493","0.0277639392980822","0.45505986738723","-0.785563079391314","-1.73469232242316","18","c(""E2f1"", ""Il2ra"", ""Ikzf3"", ""Socs3"", ""Hras"", ""Mapk1"", ""Stat5a"", ""Stat5b"", ""Raf1"")"
"81","VILIMAS_NOTCH1_TARGETS_UP","0.00214729360517362","0.0333620385196184","0.431707695803346","-0.640384939157557","-1.72473974138277","44","c(""Cd3d"", ""Rag1"", ""Cd3g"", ""Thy1"", ""Nfkbia"", ""Rag2"", ""Ptcra"", ""Lat"", ""Cd28"", ""Tnfrsf18"", ""Tox"", ""Card11"", ""Notch3"", ""P2ry10"", ""Junb"", ""Dtx1"", ""Traf1"")"
"82","GOCC_A_BAND","0.00101829477424916","0.0183164567910684","0.45505986738723","-0.818655182472403","-1.71930170881162","15","c(""Rpl17"", ""Rpl6"", ""Rpl4"")"
"83","GOBP_POSITIVE_REGULATION_OF_INTERLEUKIN_2_PRODUCTION","0.00193089275510586","0.0307540516469654","0.45505986738723","-0.764870735281319","-1.71468348692253","21","c(""Rps3"", ""Ptprc"", ""Cd3e"", ""Cd1d1"", ""Cd28"", ""Stat5a"", ""Stat5b"", ""Card11"", ""Runx1"", ""Cd1d2"")"
"84","GOBP_DENDRITIC_CELL_MIGRATION","0.00176503927363002","0.028591630506359","0.45505986738723","-0.784018357305572","-1.71398278850338","17","c(""C1qbp"", ""Slamf1"")"
"85","TABULA_MURIS_SENIS_KIDNEY_FENESTRATED_CELL_AGEING","0.00159861197861974","0.0265751763909322","0.45505986738723","-0.605011302023591","-1.7134477484956","58","c(""Rps10"", ""Rpl18"", ""Rps3a1"", ""Rpl19"", ""Rpl13"", ""Rplp1"", ""Fth1"", ""Rps20"", ""Rps15"", ""Rps12"", ""Rpl14"", ""Rpl21"", ""Rpl10"", ""Foxp1"", ""Rps6"")"
"86","HEVNER_TELENCEPHALON_MICROGLIA","0.00202818762427567","0.0318745625760269","0.431707695803346","-0.737525802739124","-1.71063049661546","25","c(""Ptprc"", ""F13a1"")"
"87","GOBP_THYMIC_T_CELL_SELECTION","0.00123278772597014","0.021345533611556","0.45505986738723","-0.813742652481934","-1.70898464078587","15","c(""Cd3d"", ""Ptprc"", ""Cd3g"", ""Cd3e"", ""Cd1d1"", ""Cd28"", ""Tox"", ""Card11"")"
"88","GOBP_PROTEIN_STABILIZATION","0.000266749047517965","0.00561255744999054","0.49849310876659","-0.601542611554705","-1.70890671776449","67","c(""Rpl11"", ""Rpl23"", ""Npm1"", ""Rpl5"", ""Hsp90ab1"", ""Rps7"", ""Hspd1"", ""Sox4"", ""Phb2"", ""Cct2"", ""Cct4"", ""Fbxw7"", ""Igtp"", ""Bag2"", ""Aak1"", ""Gtpbp4"", ""Naa16"", ""Smo"", ""Ccnh"", ""Morc3"", ""Tcf3"", ""Cct5"", ""Naa15"")"
"89","GOBP_RESPONSE_TO_LEUKEMIA_INHIBITORY_FACTOR","0.00104680729402085","0.018652797470334","0.45505986738723","-0.597258320836516","-1.70007308974335","63","c(""Rps16"", ""Hells"", ""Myb"", ""Xbp1"", ""Srm"", ""Rif1"", ""Ncl"", ""Mga"", ""Mat2a"", ""Bclaf1"", ""Socs3"", ""Shmt1"", ""Slc25a5"", ""Mtf2"", ""Nol8"", ""Mrpl15"", ""Nefh"", ""Trim25"", ""Pmm1"", ""Sdad1"", ""Pfkp"", ""Ubxn2a"", ""Dtx1"")"
"90","GOBP_IMMUNE_RESPONSE_REGULATING_SIGNALING_PATHWAY","2.04193468298757e-05","0.000557086677626562","0.575610261071129","-0.514522294318869","-1.69842302977685","177","c(""Rps3"", ""Themis"", ""Ptprc"", ""Hspd1"", ""C1qbp"", ""Cd247"", ""Foxp1"", ""Phb2"", ""Cd8a"", ""Ighm"", ""Thy1"", ""Fyb"", ""Cd3e"", ""Lcp2"", ""Nfkbia"", ""Lat"", ""Cd79b"", ""Hspa8"", ""Igtp"", ""Cd28"", ""Hras"", ""Mapk1"", ""Ada"", ""Sh2d1a"", ""Trim25"", ""Ipo5"", ""Epg5"", ""Slc39a6"", ""Cyld"", ""Card11"", ""Ddx3x"", ""Trim30a"", ""Chuk"", ""Tnfaip3"", ""Cacnb3"", ""Aim2"", ""Bcl10"", ""Otud4"", ""Eif2ak2"", ""Vav3"", ""Slc39a10"", ""Lax1"", ""Cblb"", ""Nfkb1"", ""Psen2"", ""Slc15a2"", ""Eif2b5"", ""Syk"", ""Usp50"", ""Irak1"", ""Prkch"", ""Zc3h12a"", ""Ikbkg"", ""Tmem126a"", ""Nfkbiz"")"
"91","GOBP_REGULATION_OF_B_CELL_PROLIFERATION","0.0028747402887438","0.0426868987667113","0.431707695803346","-0.630541760733826","-1.69762209886297","45","c(""Ptprc"", ""Ighm"", ""Mzb1"", ""Ikzf3"", ""Bcl6"", ""Mif"", ""Ada"", ""Atm"", ""Cd24a"", ""Card11"", ""Tcf3"", ""Bst1"", ""Vav3"", ""Slc39a10"", ""Atad5"")"
"92","GOCC_CELL_PROJECTION_MEMBRANE","0.000996031018663492","0.0179726862924659","0.45505986738723","-0.591659256026177","-1.69487265794806","71","c(""Rps3"", ""Hsp90ab1"", ""Slc7a11"", ""Thy1"", ""Eef1a1"", ""Rapgef3"", ""Slc6a19"", ""Itgb1"", ""Nme1"", ""Smo"", ""Scarb1"", ""Slc39a6"", ""Cnga1"", ""Cd24a"")"
"93","GOCC_PRERIBOSOME_LARGE_SUBUNIT_PRECURSOR","0.00332566493923045","0.0482517594999796","0.431707695803346","-0.786458721145984","-1.69301425429662","16","c(""Wdr12"", ""Noc2l"", ""Rrp15"", ""Mrto4"", ""Mak16"", ""Ftsj3"", ""Ebna1bp2"", ""Wdr74"", ""Nip7"", ""Ppan"", ""Eif6"", ""Rrs1"", ""Mdn1"", ""Pes1"")"
"94","GOBP_GLANDULAR_EPITHELIAL_CELL_DIFFERENTIATION","0.00250151964617345","0.0380364400599494","0.431707695803346","-0.772032394123123","-1.6877796589377","17","c(""Foxp1"", ""Xbp1"", ""Notch1"", ""Cdk6"", ""Smo"", ""Wdr77"", ""Hes1"", ""Fasn"")"
"95","TABULA_MURIS_SENIS_DIAPHRAGM_SKELETAL_MUSCLE_SATELLITE_CELL_AGEING","7.72643618208863e-05","0.00185890882321812","0.538434096309916","-0.527300973116673","-1.68636347102291","138","c(""Rps10"", ""Rpl11"", ""Rps14"", ""Rpl18"", ""Rpl18a"", ""Rpl26"", ""Rpl27a"", ""Naca"", ""Rps27a"", ""Rpl9"", ""Rpl17"", ""Rpl32"", ""Rpl13"", ""Rps18"", ""Rplp1"", ""Btf3"", ""Fth1"", ""Rpl36al"", ""Rplp0"", ""Rpl22"", ""Rps7"", ""Rps5"", ""Rps20"", ""Rpl6"", ""Rps15"", ""Ppp1r14b"", ""Rpl36"", ""Rps8"", ""Rpl14"", ""Rpl21"", ""Hspe1"", ""Rpl28"", ""Rps26"", ""Ncl"", ""Nfkbia"", ""Pdcd5"", ""Atp5g1"", ""Rpl35"", ""Rpl31"", ""Tmsb4x"")"
"96","REACTOME_EXTRACELLULAR_MATRIX_ORGANIZATION","0.00127394472574235","0.0217486012759967","0.45505986738723","-0.585609999980094","-1.67754390230196","71","c(""Capn3"", ""Ctsl"", ""Itgal"", ""Itgb1"", ""Pecam1"", ""Fbln2"", ""Sdc4"", ""Adam12"", ""Itga6"", ""Icam2"", ""Furin"", ""Colgalt1"", ""Itga4"", ""P4hb"", ""Ctsb"", ""Col27a1"", ""Timp2"", ""Icam1"", ""Plod2"", ""Mmp11"", ""Bmp7"")"
"97","TABULA_MURIS_SENIS_MARROW_HEMATOPOIETIC_PRECURSOR_CELL_AGEING","0.00070449734742737","0.0131706356558389","0.477270815362862","-0.58632588544812","-1.67594985289543","69","c(""Cd3d"", ""Cd8b1"", ""Cd3g"", ""Thy1"", ""Cd3e"", ""Cd52"", ""Ltb"", ""S100a11"", ""Lat"", ""Aldoa"", ""Tmsb4x"", ""Sh2d1a"", ""B2m"", ""Dstn"", ""Cd24a"", ""Tnfrsf18"", ""Vsir"", ""Vasp"")"
"98","GOMF_GROWTH_FACTOR_BINDING","0.00196144666753911","0.030993188081626","0.431707695803346","-0.620091201769498","-1.67275591068625","49","c(""Rps2"", ""Rpl37"", ""Rps19"", ""Il2ra"", ""Hspa9"", ""Sec61b"", ""Nrp1"", ""Igf1r"", ""Itga6"", ""Nrros"", ""Igf2r"", ""Furin"")"
"99","GOCC_GLIAL_CELL_PROJECTION","0.0024777508123484","0.0377757623850551","0.431707695803346","-0.795843242542391","-1.6713931288103","15","c(""Slc7a11"", ""Itgb1"", ""Glul"", ""Eif2s1"")"
"100","MIR_182_5P","0.000117753553308995","0.00268572304387156","0.538434096309916","-0.555272664389492","-1.67073101580651","97","c(""Eif3a"", ""Cbfa2t3"", ""Slc35d1"", ""Cep250"", ""Cdv3"", ""Fbxw7"", ""Wdr76"", ""Igf1r"", ""Pdzd8"", ""Sh2d1a"", ""Rad23b"", ""Spats2l"", ""Cited2"", ""Rev1"", ""Atp8a1"", ""Atad2"", ""Kdm2b"", ""Camkk2"", ""Zfp36l1"", ""Rmi2"", ""Ikzf1"", ""Rgs2"", ""Plekha7"", ""Topbp1"", ""N4bp1"", ""Tfpi"", ""Ipcef1"", ""Gnaq"", ""Skil"", ""Tns3"", ""Slc5a3"", ""Atoh8"", ""Snx30"", ""Dock9"", ""Kdelr2"", ""Fastkd2"", ""Denr"", ""Myo1c"", ""Bach2"", ""Smad1"", ""Ahr"", ""Evi5"")"
"101","GOMF_TRANSLATION_REGULATOR_ACTIVITY","0.00212559633237483","0.0331151647191292","0.431707695803346","-0.60388353320648","-1.66984340051343","54","c(""Rps14"", ""Eef1b2"", ""Eif3a"", ""Eef1g"", ""Rpl10"", ""Dhfr"", ""Eef1a1"", ""Cnbp"", ""Serbp1"", ""Eif4g1"", ""Shmt1"", ""Eif5b"", ""Eif3c"", ""Pcbp1"", ""Eef1d"", ""Eif2a"", ""Eif3b"", ""Eif3g"", ""Etf1"", ""Eif2s1"", ""Larp1"", ""Eif1a"", ""Eif3i"", ""Eif2s2"", ""Eif2s3x"", ""Eif6"", ""Shmt2"")"
"102","WP_CYTOKINES_AND_INFLAMMATORY_RESPONSE","0.0024777508123484","0.0377757623850551","0.431707695803346","-0.794879292868727","-1.66936868633852","15","Cd4"
"103","GOBP_MATURATION_OF_LSU_RRNA","0.002112093540401","0.0330855971630949","0.431707695803346","-0.719975702746798","-1.66556983477197","24","c(""Npm1"", ""Rpl10a"", ""Rpl7a"", ""Wdr12"", ""Rsl1d1"", ""Ddx18"", ""Rpl35"", ""Rrp15"", ""Mak16"", ""Ftsj3"", ""Gtpbp4"", ""Eif6"", ""Pes1"", ""Nol9"", ""Nifk"", ""Nop2"", ""Las1l"", ""Znhit6"", ""Rpf2"")"
"104","GOBP_POSITIVE_REGULATION_OF_CELL_SUBSTRATE_ADHESION","0.00345007872280235","0.0496776486803511","0.431707695803346","-0.632042786253318","-1.66104817775846","42","c(""C1qbp"", ""Thy1"", ""Cd3e"", ""Itgb1"", ""Nrp1"", ""Fbln2"", ""Rreb1"", ""Cdk6"", ""Sdc4"", ""Itga6"", ""Hacd1"", ""Jup"")"
"105","TABULA_MURIS_SENIS_KIDNEY_KIDNEY_COLLECTING_DUCT_PRINCIPAL_CELL_AGEING","3.64997617425667e-05","0.000929114470786228","0.557332238758646","-0.487819857469123","-1.65556408824049","187","c(""Rps10"", ""Rpl18a"", ""Rps3a1"", ""Rpl19"", ""Rpl27a"", ""Rps27a"", ""Rpl9"", ""Mier1"", ""Rps3"", ""Rpl23"", ""Rpl32"", ""Rps16"", ""Rpl13"", ""Pnn"", ""Jund"", ""Rps18"", ""Rplp1"", ""Rps23"", ""Rplp0"", ""Rpl5"", ""Rpl22"", ""Rps7"", ""Rps5"", ""Rps20"", ""Rpl37"", ""Rps15"", ""Rps19"", ""Rps8"", ""Sox4"", ""Rps4x"", ""Rps12"", ""Rpl14"", ""Rpl21"", ""Rpl10"", ""Foxp1"", ""Rps17"", ""Xbp1"", ""Rpl38"", ""Mtdh"", ""Rpsa"", ""S100a11"", ""Mat2a"", ""Srrm1"", ""Mbd3"", ""Rpl35"", ""Hnrnpc"", ""Socs3"", ""Nfat5"", ""Ifi27"", ""Rpl31"", ""Tmsb4x"", ""Eif5b"", ""Eif3c"", ""Tubb2b"", ""Tsc22d1"", ""Pcbp1"", 
""Scaf11"", ""Cldn4"", ""Epcam"", ""Rps28"", ""Rpl39"")"
"106","GOBERT_CORE_OLIGODENDROCYTE_DIFFERENTIATION","0.00315129524050681","0.0464007533388715","0.431707695803346","-0.787643798141478","-1.65417303533063","15","c(""E2f1"", ""Aqp11"", ""Hbp1"", ""Cdk6"", ""Abca1"", ""Atrn"", ""Ankrd6"", ""Rgs2"")"
"107","ZHANG_UTERUS_C2_REGENERATIVE_UP","0.00308659919506191","0.0455953072804223","0.431707695803346","-0.61042362024874","-1.64667667575316","49","c(""Rpl11"", ""Rpl18"", ""Rpl18a"", ""Rpl26"", ""Rpl32"", ""Rplp1"", ""Rps7"", ""Eef1b2"", ""Rps5"", ""Rps12"", ""Rpl14"", ""Siva1"", ""mt-Nd1"", ""Rps26"", ""Rpl38"", ""Ivns1abp"")"
"108","ZENG_GU_ICB_CONTROL_METAGENE_8_PRECICTIVE_ICB_RESPONSE","7.72643618208863e-05","0.00185890882321812","0.538434096309916","-0.518850962442058","-1.6443970736461","137","c(""Cd8b1"", ""Cd27"", ""Ptprc"", ""Cd3g"", ""Cd8a"", ""Lat"", ""Itgal"", ""Il2ra"", ""Ikzf3"", ""Igtp"", ""Cd28"", ""Epsti1"", ""Dtx3l"", ""Stat4"", ""Sh2d1a"", ""B2m"", ""Card11"", ""Slamf6"", ""P2ry10"", ""Ikzf1"", ""Lag3"", ""Gbp9"", ""Lax1"", ""Ipcef1"", ""Nkg7"", ""Gimap7"", ""Parp9"", ""Syk"", ""Slfn5"", ""Prcp"", ""Stat1"", ""Cd226"", ""Gbp2"", ""Rnf213"", ""Gpr65"", ""AB124611"", ""Parp14"", ""Ctsw"", ""Il10ra"", ""Cd48"", ""Cd5"", ""Ifi47"", ""Cnr2"", ""Icos"", ""Trim30d"")"
"109","GOBP_POSITIVE_REGULATION_OF_B_CELL_ACTIVATION","0.00267345164087841","0.040542609724172","0.431707695803346","-0.603961182302666","-1.64186525698685","51","c(""Cd27"", ""Ptprc"", ""Msh2"", ""Xbp1"", ""Ighm"", ""Rif1"", ""Bcl6"", ""Cd28"", ""Mif"", ""Ada"", ""Stat5a"", ""Stat5b"", ""Card11"", ""Tcf3"", ""Bst1"", ""Vav3"", ""Slc39a10"", ""Atad5"", ""Paxip1"", ""Syk"", ""Cdkn1a"", ""Mad2l2"")"
"110","GOBP_CELL_MATRIX_ADHESION","0.00228087889579539","0.0350763453423313","0.431707695803346","-0.576250966655591","-1.64042767783687","72","c(""Thy1"", ""Cd3e"", ""Itgal"", ""Itgb1"", ""Bcl6"", ""Nrp1"", ""Pecam1"", ""Cdk6"", ""Actn1"", ""Sdc4"", ""Itga6"", ""Rcc2"", ""Jup"", ""Itga4"", ""Zyx"", ""Bst1"", ""Slk"", ""Hoxa7"", ""Bcl2l11"", ""Poldip2"", ""Tiam1"", ""Smad3"", ""Srf"")"
"111","GOMF_TRANSLATION_FACTOR_ACTIVITY_RNA_BINDING","0.00339335764311755","0.0489846209646994","0.431707695803346","-0.662781139278175","-1.63701691949699","34","c(""Eef1b2"", ""Eif3a"", ""Eef1g"", ""Eef1a1"", ""Eif4g1"", ""Eif5b"", ""Eif3c"", ""Eef1d"", ""Eif2a"", ""Eif3b"", ""Eif3g"", ""Etf1"", ""Eif2s1"", ""Eif1a"", ""Eif3i"", ""Eif2s2"", ""Eif2s3x"", ""Eif6"", ""Eif4a1"", ""Eif1ad"", ""Eif4h"")"
"112","GOBP_T_CELL_DIFFERENTIATION","8.94036808933488e-05","0.00208073383042398","0.538434096309916","-0.492626792024255","-1.63456686343767","165","c(""Cd3d"", ""Satb1"", ""Rag1"", ""Cd27"", ""Tcf7"", ""Themis"", ""Cd4"", ""Ptprc"", ""Rpl22"", ""Ccr9"", ""Myb"", ""Cd3g"", ""Sox4"", ""Prdx2"", ""Ctsl"", ""Foxp1"", ""Rorc"", ""Cd8a"", ""Xbp1"", ""Rps6"", ""Patz1"", ""Cd3e"", ""Cd1d1"", ""Psap"", ""Rag2"", ""Lig4"", ""Smarca4"", ""Il2ra"", ""Ikzf3"", ""Nfatc3"", ""Bcl6"", ""Igtp"", ""Cd28"", ""Cdk6"", ""Ada"", ""Stat4"", ""Stat5a"", ""Stat5b"", ""B2m"", ""Lef1"", ""Cyld"", ""Tox"", ""Vsir"", ""Card11"", ""Tcf3"", ""Drosha"", ""H2-Oa"", ""Slamf6"", ""Zfp36l1"", ""Ikzf1"")"
"113","TABULA_MURIS_SENIS_AORTA_AORTIC_ENDOTHELIAL_CELL_AGEING","0.000159902263811073","0.00352031933687544","0.518848077743792","-0.491188327289788","-1.63254198817276","155","c(""Rps10"", ""Rps14"", ""Rps3a1"", ""Naca"", ""Rpl8"", ""Rpl9"", ""Rpl17"", ""Rps3"", ""Rpl32"", ""Npm1"", ""Rpl13"", ""Jund"", ""Rps18"", ""Rplp1"", ""Fth1"", ""Klf13"", ""Rplp0"", ""Rps7"", ""Eef1b2"", ""Rps5"", ""Rps20"", ""Rpl6"", ""Rps8"", ""Rps4x"", ""Ablim1"", ""Rpl14"", ""Rpl28"", ""Rpl4"", ""Idh2"", ""Eef1a1"", ""Pabpc1"", ""Rpsa"", ""Rpl35"", ""Rpl29"", ""Cd79b"", ""Tmsb4x"", ""Ddit4"")"
"114","GOBP_POSITIVE_REGULATION_OF_PEPTIDYL_TYROSINE_PHOSPHORYLATION","0.00124579051338217","0.0214607175447285","0.45505986738723","-0.572040768835696","-1.62712925908965","74","c(""Cd4"", ""Ptprc"", ""Ighm"", ""Cd3e"", ""Itgb1"", ""Fbxw7"", ""Nrp1"", ""Pecam1"", ""Mif"", ""Hes1"", ""Cd24a"", ""Tnfrsf18"", ""Angpt1"", ""Hdac2"", ""Ptger4"", ""Parp9"", ""Syk"", ""Icam1"", ""Unc119"")"
"115","WP_INTEGRIN_MEDIATED_CELL_ADHESION","0.00211968481033322","0.0331135418863562","0.431707695803346","-0.684399636364","-1.62547545190712","29","c(""Capn3"", ""Itgal"", ""Itgb1"", ""Hras"", ""Mapk1"", ""Actn1"", ""Itga6"", ""Raf1"", ""Itga4"", ""Vasp"", ""Zyx"", ""Tns1"", ""Vav3"", ""Pak1"", ""Rock2"", ""Akt1"")"
"116","GOBP_IMMUNE_RESPONSE_REGULATING_CELL_SURFACE_RECEPTOR_SIGNALING_PATHWAY","0.000316084885405073","0.00657779568094791","0.49849310876659","-0.51244634956346","-1.61920205453003","118","c(""Rps3"", ""Themis"", ""Ptprc"", ""Cd247"", ""Foxp1"", ""Cd8a"", ""Ighm"", ""Thy1"", ""Fyb"", ""Cd3e"", ""Lcp2"", ""Nfkbia"", ""Lat"", ""Cd79b"", ""Cd28"", ""Hras"", ""Mapk1"", ""Ada"", ""Sh2d1a"", ""Slc39a6"", ""Cyld"", ""Card11"", ""Chuk"", ""Tnfaip3"", ""Cacnb3"", ""Bcl10"", ""Vav3"", ""Slc39a10"", ""Lax1"", ""Cblb"", ""Nfkb1"", ""Psen2"", ""Eif2b5"", ""Syk"", ""Irak1"", ""Prkch"", ""Zc3h12a"", ""Ikbkg"", ""Tmem126a"", ""Nfkbiz"")"
"117","BROWN_MYELOID_CELL_DEVELOPMENT_UP","0.000393278611171678","0.00800883800321752","0.49849310876659","-0.536608739598816","-1.61457410403282","97","c(""Rpl13"", ""Capn3"", ""Rps17"", ""Cd52"", ""S100a11"", ""Sp100"", ""Actn1"", ""Gyg"", ""Pgd"", ""Dstn"", ""Vsir"", ""Mxd1"", ""Zyx"", ""Junb"")"
"118","GOBP_POSITIVE_REGULATION_OF_CELL_ACTIVATION","8.99314816027037e-05","0.0020845093825147","0.538434096309916","-0.466332494760123","-1.59654808402197","207","c(""Rps3"", ""Jund"", ""Rag1"", ""Cd27"", ""Cd4"", ""Ptprc"", ""Myb"", ""Hspd1"", ""Sox4"", ""Capn3"", ""Msh2"", ""Xbp1"", ""Ighm"", ""Thy1"", ""Cd3e"", ""Rif1"", ""Cd1d1"", ""Smarca4"", ""Itgal"", ""Slamf1"", ""Il2ra"", ""Lyst"", ""Xrcc6"", ""Dpp4"", ""Bcl6"", ""Cd28"", ""Mif"", ""Ada"", ""Stat5a"", ""Stat5b"", ""Nck2"", ""Smo"", ""B2m"", ""Hes1"", ""Lef1"", ""Cd24a"", ""Cyld"", ""Tox"", ""Vsir"", ""Card11"", ""Tcf3"", ""Hsph1"", ""H2-Oa"", ""Runx1"", ""Cd1d2"", ""Bst1"", ""Pla2g4a"", ""Ephb6"", ""Gimap5"", ""Dusp10"", ""Bcl10"", ""Vav3"", ""Slc39a10"")"
"119","GOMF_DNA_BINDING_TRANSCRIPTION_ACTIVATOR_ACTIVITY","0.000467111988216536","0.00917439055433976","0.49849310876659","-0.495189745558534","-1.58642451044468","142","c(""Jund"", ""Klf13"", ""E2f1"", ""Tcf12"", ""Ets1"", ""Myb"", ""Sox4"", ""Patz1"", ""Mga"", ""Tfdp2"", ""Ikzf3"", ""Nfat5"", ""Nfatc3"", ""Smad4"", ""Nr3c1"", ""Rreb1"", ""Cebpg"", ""Elk4"", ""E2f4"", ""Elk3"", ""Stat4"", ""Stat5a"", ""Stat5b"", ""Fli1"", ""Tcf4"", ""Lef1"", ""Tcf3"", ""Mafg"", ""Junb"", ""Etv6"", ""Bmyc"", ""Nfia"", ""Runx1"", ""Mafb"", ""Mybl2"", ""Nfkb1"", ""Atf6"", ""Hoxa7"", ""Spib"", ""Elk1"", ""Tcf7l2"", ""Zfp760"", ""Mtf1"", ""Smad3"", ""Zbed4"", ""Cebpb"", ""Tfap4"", ""E2f3"", ""Srf"", ""Rel"", ""Nfix"", ""Zfp467"", ""Foxo1"", ""Zeb2"")"
"120","GOBP_MYELOID_LEUKOCYTE_DIFFERENTIATION","0.000468212495845821","0.00917439055433976","0.49849310876659","-0.507732972475512","-1.58442741851424","121","c(""Cd4"", ""Camk4"", ""Foxp1"", ""Cbfa2t3"", ""Zbtb7a"", ""Nme1"", ""Fbxw7"", ""Nr3c1"", ""Cdk6"", ""Stat5a"", ""Nrros"", ""Ripk1"", ""Cited2"", ""Lef1"", ""Fasn"", ""Clec2d"", ""Chuk"", ""Zfp36l1"", ""Ikzf1"", ""Junb"", ""Bmyc"", ""Runx1"", ""Mafb"", ""Gimap5"", ""Ppargc1b"", ""Tspan2"", ""Hoxa7"", ""Inpp4b"", ""Psen2"", ""Igsf23"", ""Spib"", ""Ppp3ca"", ""Cebpb"", ""Nfix"", ""Tmem64"", ""Snx10"", ""Gfi1b"", ""Prdm16"", ""Ninj1"")"
"121","GOBP_REGULATION_OF_PEPTIDYL_TYROSINE_PHOSPHORYLATION","0.00225460729203457","0.0348394872064529","0.431707695803346","-0.522831183637259","-1.57747163305487","95","c(""Cd4"", ""Ptprc"", ""Ighm"", ""Thy1"", ""Cd3e"", ""Ncl"", ""Socs3"", ""Itgb1"", ""Suz12"", ""Fbxw7"", ""Nrp1"", ""Pecam1"", ""Mif"", ""Hes1"", ""Cd24a"", ""Tnfrsf18"", ""Mvp"", ""Prkcd"", ""Angpt1"", ""Bst1"", ""Hdac2"", ""Samsn1"", ""Ptger4"", ""Cblb"", ""Psen2"", ""Parp9"", ""Syk"", ""Lonp1"", ""Icam1"", ""Unc119"")"
"122","MIR_129_5P","0.0024082258828244","0.0369131827523245","0.431707695803346","-0.545039047543518","-1.56454096352861","76","c(""Satb1"", ""Ets1"", ""Sox4"", ""Ablim1"", ""Camk4"", ""Lig4"", ""Tomm40"", ""Slbp"", ""Fbxw7"", ""Umps"", ""Larp4"", ""Actn1"", ""Itga6"", ""Tial1"", ""Mrpl19"", ""Tcf4"", ""Larp1"", ""Cdc42ep3"", ""Pmepa1"", ""Sh3bgrl"", ""Tox"", ""Zswim6"", ""Gbp7"", ""Zfp36l1"", ""Xpo7"", ""Naa15"", ""Runx1"", ""Slc16a6"", ""Inip"", ""Arhgef10l"", ""Dusp10"", ""Eml4"", ""Atp13a2"", ""Gnaq"", ""Inpp4b"", ""Tshz1"", ""Ptp4a1"", ""Ppp3ca"")"
"123","TABULA_MURIS_SENIS_DIAPHRAGM_MESENCHYMAL_STEM_CELL_AGEING","7.16746343706748e-05","0.00173910112843229","0.538434096309916","-0.465573142801061","-1.56439061044223","195","c(""Rps10"", ""Rpl11"", ""Rps14"", ""Rpl18"", ""Rpl18a"", ""Rpl26"", ""Rpl27a"", ""Naca"", ""Rps27a"", ""Rpl9"", ""Rpl17"", ""Rpl23"", ""Rpl32"", ""Rpl13"", ""Rps18"", ""Rplp1"", ""Fth1"", ""Rpl36al"", ""Rpl22"", ""Rps7"", ""Rps5"", ""Rps20"", ""Rpl6"", ""Rps15"", ""Rps19"", ""Rpl36"", ""Rps8"", ""Rpl14"", ""Rpl21"", ""Hspe1"", ""Rpl28"", ""Rps17"", ""Ncl"", ""Aprt"", ""Rpsa"", ""Nfkbia"", ""Tomm5"", ""S100a11"", ""Pdcd5"", ""Atp5g1"", ""Rpl35"", ""Bst2"", ""Ifi27"", ""Rpl31"", ""Sec61b"", ""Tmsb4x"", ""Psma7"", ""Eif5b"", ""Nop10"", ""Gpx1"", ""Nme1"")"
"124","BROWN_MYELOID_CELL_DEVELOPMENT_DN","0.00273184386293919","0.0411001944761985","0.431707695803346","-0.534604771190424","-1.56165982012965","83","c(""Rpl23"", ""Npm1"", ""Hspd1"", ""Sox4"", ""C1qbp"", ""Msh2"", ""Rif1"", ""Ivns1abp"", ""Ncl"", ""Apex1"", ""Cbfa2t3"", ""Nolc1"", ""Cdk4"", ""Sytl3"", ""Nop56"", ""Bzw2"", ""Nme1"", ""Gart"", ""Wdr43"", ""Rcl1"", ""Gtpbp4"", ""Nsun2"", ""Ppan"", ""Shmt2"", ""Hsph1"", ""P2ry10"", ""Akr1c13"", ""Xpot"")"
"125","TABULA_MURIS_SENIS_KIDNEY_PODOCYTE_AGEING","0.00277557803745621","0.0416482788673035","0.431707695803346","-0.517821594720356","-1.55397412110957","96","c(""Rps10"", ""Rpl23"", ""Rpl32"", ""Rps16"", ""Rps18"", ""Rplp1"", ""Fth1"", ""Rplp0"", ""Eef1b2"", ""Rps2"", ""Rpl37"", ""Rps19"", ""Rps12"", ""Hspe1"", ""Rps17"", ""Rpl38"", ""Ivns1abp"", ""Pebp1"", ""Rpsa"", ""Psap"", ""Bst2"", ""Gpx1"", ""Nme1"", ""Mif"", ""Rpl41"", ""Rps28"", ""Rpl39"", ""Ak2"", ""St13"", ""Ctsz"", ""Rpl36a"", ""B2m"", ""Eif6"", ""Lap3"", ""Bola2"", ""Tmem176a"", ""Rplp2"", ""Krtcap2"", ""Timm13"", ""Psmg4"")"
"126","GOBP_POSITIVE_REGULATION_OF_IMMUNE_EFFECTOR_PROCESS","0.00098645526048603","0.0178564060167979","0.45505986738723","-0.479915353735465","-1.5348193213811","138","c(""Cd27"", ""Ptprc"", ""Rps19"", ""Hspd1"", ""Foxp1"", ""Phb2"", ""Msh2"", ""Xbp1"", ""Rif1"", ""Mzb1"", ""Cd1d1"", ""Slamf1"", ""Dpp4"", ""Ddx21"", ""Cd28"", ""Mif"", ""Stat5a"", ""Stat5b"", ""Sh2d1a"", ""B2m"", ""Cd24a"")"
"127","QI_PLASMACYTOMA_UP","0.000585503355508769","0.0112031548090973","0.477270815362862","-0.472273487237851","-1.53418401049169","147","c(""Cd3d"", ""Rag1"", ""Cd4"", ""Myb"", ""Cd3g"", ""Dntt"", ""Cd3e"", ""Nfkbia"", ""Ltb"", ""Lat"", ""Slamf1"", ""Sp100"", ""Itgb1"", ""Tmsb4x"", ""Dpp4"", ""Bag2"", ""Itga6"", ""Sh2d1a"", ""Cdc42ep3"", ""Dusp2"", ""Plac8"", ""Ifngr1"", ""Card11"", ""Myo10"", ""Trim30a"", ""Vasp"", ""Zfp36l1"", ""Zyx"", ""Tnfaip3"", ""Mtpn"", ""Lag3"", ""Traf1"", ""Casp7"")"
"128","KUMAR_TARGETS_OF_MLL_AF9_FUSION","0.00013648635721485","0.00304002034702763","0.518848077743792","-0.455586246591656","-1.53112025898897","205","c(""Cd8b1"", ""Satb1"", ""Rag1"", ""Cd27"", ""Tcf7"", ""Ccr9"", ""Sox4"", ""Ablim1"", ""Dntt"", ""Trac"", ""Cd8a"", ""Ighm"", ""Mtdh"", ""Thy1"", ""Cd3e"", ""Ltb"", ""Ly6d"", ""Eif3j1"", ""Snhg6"", ""Rabggtb"", ""Sdc4"", ""Mrps34"", ""Camk2d"", ""Hspa4"", ""Smo"", ""Npepl1"", ""Atm"", ""Cxxc5"", ""Arl6ip4"", ""Cited2"", ""Lef1"", ""Eif2s2"", ""Golim4"", ""Gsto1"", ""Fasn"", ""Sit1"", ""Rsl24d1"", ""Dtd1"", ""Trim30a"", ""Pfkp"", ""Ola1"", ""1810037I17Rik"", ""Pes1"", ""Akr1c13"")"
"129","GOMF_MRNA_BINDING","0.000834087518808018","0.0153853548292306","0.477270815362862","-0.482724778731414","-1.52559472089091","119","c(""Rps14"", ""Rps3a1"", ""Rpl26"", ""Rps3"", ""Rpl5"", ""Rps7"", ""Rps2"", ""Rps5"", ""Rpl6"", ""Eif3a"", ""C1qbp"", ""Dhfr"", ""Rps26"", ""Rps6"", ""Eef1a1"", ""Rsl1d1"", ""Ncl"", ""Pabpc1"", ""Dhx9"", ""Cnbp"", ""Gnl3"", ""Serbp1"", ""Eif4g1"", ""Rpl35"", ""Mrpl12"", ""Hnrnpc"", ""Caprin1"", ""Srsf6"", ""Shmt1"", ""Slbp"", ""Hdlbp"", ""Larp4"", ""Pcbp1"", ""Eif2a"", ""Mrps7"", ""Luc7l"", ""Etf1"", ""Tial1"", ""Syncrip"", ""Larp1"", ""Ybx3"", ""Eif2s2"", ""Hnrnpr"", ""Shmt2"", ""Lrpprc"", ""Ddx3x"", ""Rbm24"", ""Pum3"", ""Cct5"", ""Zfp36l1"")"
"130","GOBP_CELLULAR_RESPONSE_TO_EXTERNAL_STIMULUS","0.00287375782984512","0.0426868987667113","0.431707695803346","-0.512296259580626","-1.51731542956058","89","c(""Ptprc"", ""Dnajc15"", ""Xbp1"", ""Dctpp1"", ""Eif4g1"", ""Plin2"", ""Mybbp1a"", ""Ldha"", ""Mapk1"", ""Glul"", ""Itga6"", ""Eif2s1"", ""Sik2"", ""Rragd"", ""Pdia3"", ""Ppan"", ""Higd1a"", ""Itga4"", ""Sesn3"", ""Eif2ak2"", ""Ptger4"", ""Lars"", ""Comt"", ""Prkch"", ""Tcf7l2"", ""Zc3h12a"", ""Angptl4"", ""Cdkn1a"", ""Akt1"", ""Rheb"")"
"131","HALLMARK_P53_PATHWAY","0.00319305831467333","0.0466841500263265","0.431707695803346","-0.519262799216687","-1.50818206481748","80","c(""Rpl18"", ""Mxd4"", ""Rpl36"", ""Rps12"", ""Slc7a11"", ""Slc35d1"", ""Ptpn14"", ""Ddit4"", ""Fbxw7"", ""Dgka"", ""Notch1"", ""Tsc22d1"", ""Nol8"", ""Hras"", ""Ada"", ""Aen"", ""Pmm1"", ""Slc3a2"", ""Mxd1"", ""Zfp36l1"", ""Pidd1"", ""Pcna"", ""Klk8"", ""Sat1"", ""Ccnd2"", ""Fam162a"", ""Irak1"", ""Ppp1r15a"", ""Cdkn1a"", ""Tcn2"")"
"132","GOBP_PRODUCTION_OF_MOLECULAR_MEDIATOR_OF_IMMUNE_RESPONSE","0.00116160514170267","0.0204273210751859","0.45505986738723","-0.457911277553928","-1.4997382837149","149","c(""Ung"", ""Cd27"", ""Ptprc"", ""Hspd1"", ""Foxp1"", ""Phb2"", ""Msh2"", ""Xbp1"", ""Ighm"", ""Rif1"", ""Msh6"", ""Mzb1"", ""Lig4"", ""Slamf1"", ""Bst2"", ""Ddx21"", ""Bcl6"", ""Cd28"", ""Mif"", ""Atm"", ""Rnf168"", ""B2m"", ""Exo1"", ""Vsir"", ""Card11"", ""Tcf3"")"
"133","GOBP_POSITIVE_REGULATION_OF_LYMPHOCYTE_ACTIVATION","0.000363150014008567","0.00744849417221889","0.49849310876659","-0.448721227645586","-1.49821946727202","175","c(""Rps3"", ""Rag1"", ""Cd27"", ""Cd4"", ""Ptprc"", ""Hspd1"", ""Sox4"", ""Msh2"", ""Xbp1"", ""Ighm"", ""Thy1"", ""Cd3e"", ""Rif1"", ""Cd1d1"", ""Smarca4"", ""Itgal"", ""Slamf1"", ""Il2ra"", ""Lyst"", ""Xrcc6"", ""Dpp4"", ""Bcl6"", ""Cd28"", ""Mif"", ""Ada"", ""Stat5a"", ""Stat5b"", ""Nck2"", ""B2m"", ""Hes1"", ""Lef1"", ""Cd24a"", ""Cyld"", ""Tox"", ""Vsir"", ""Card11"", ""Tcf3"", ""Hsph1"", ""H2-Oa"", ""Runx1"", ""Cd1d2"", ""Bst1"", ""Ephb6"", ""Gimap5"", ""Dusp10"", ""Bcl10"", ""Vav3"", ""Slc39a10"")"
"134","GOBP_POSITIVE_REGULATION_OF_LEUKOCYTE_CELL_CELL_ADHESION","0.00102220673847919","0.0183290025874476","0.45505986738723","-0.454060401800238","-1.49307757687867","151","c(""Rps3"", ""Rag1"", ""Cd27"", ""Cd4"", ""Ptprc"", ""Ets1"", ""Hspd1"", ""Sox4"", ""Xbp1"", ""Thy1"", ""Cd3e"", ""Cd1d1"", ""Smarca4"", ""Itgal"", ""Slamf1"", ""Il2ra"", ""Nfat5"", ""Dpp4"", ""Bcl6"", ""Cd28"", ""Ada"", ""Stat5a"", ""Stat5b"", ""Nck2"", ""B2m"", ""Hes1"", ""Lef1"", ""Cd24a"", ""Cyld"", ""Itga4"", ""Vsir"", ""Card11"", ""Hsph1"", ""H2-Oa"", ""Runx1"", ""Cd1d2"", ""Ephb6"", ""Gimap5"", ""Dusp10"", ""Bcl10"")"
"135","GOBP_POSITIVE_REGULATION_OF_CELL_CELL_ADHESION","0.000647064066349251","0.012136708244485","0.477270815362862","-0.450151436921727","-1.49186813889596","171","c(""Rps3"", ""Rag1"", ""Cd27"", ""Cd4"", ""Ptprc"", ""Ets1"", ""Hspd1"", ""Sox4"", ""Xbp1"", ""Thy1"", ""Cd3e"", ""Cd1d1"", ""Smarca4"", ""Itgal"", ""Slamf1"", ""Il2ra"", ""Nfat5"", ""Dpp4"", ""Bcl6"", ""Cd28"", ""Ada"", ""Itga6"", ""Stat5a"", ""Stat5b"", ""Nck2"", ""B2m"", ""Hes1"", ""Cited2"", ""Lef1"", ""Cd24a"", ""Cyld"", ""Itga4"", ""Vsir"", ""Card11"", ""Myo10"", ""Hsph1"", ""H2-Oa"", ""Runx1"", ""Cd1d2"", ""Ephb6"", ""Gimap5"", ""Dusp10"", ""Bcl10"")"
"136","WDR5_TARGET_GENES","0.00106021802197967","0.0188329070446358","0.45505986738723","-0.445728789426325","-1.47895632367593","165","c(""Rps10"", ""Rpl11"", ""Rps14"", ""Rpl18"", ""Rpl26"", ""Rpl19"", ""Ung"", ""Rpl8"", ""Rpl9"", ""Rpl17"", ""Rpl23"", ""Rpl10a"", ""Rpl13"", ""Rpl7a"", ""Rps18"", ""Rpl5"", ""Rps2"", ""Rpl6"", ""Rpl37"", ""Rps15"", ""Rpl36"", ""Rps8"", ""Eid1"", ""Rps12"", ""Ctsl"", ""Rpl28"", ""Eef1g"", ""Rps17"", ""Dhx9"", ""Rfc1"", ""Serbp1"", ""Eif4g1"", ""Cep250"", ""Noc2l"", ""Rpl35"", ""Rpl29"", ""Rpl31"", ""Syce2"", ""Cct4"", ""Mtf2"", ""Nr3c1"", ""Snhg9"", ""Cdk6"", ""Tcf19"", ""Rpl41"", ""Knop1"", ""Rpl39"")"
"137","BERENJENO_TRANSFORMED_BY_RHOA_DN","0.00176327272663323","0.028591630506359","0.45505986738723","-0.466375594053575","-1.47392505126896","119","c(""Mxd4"", ""Jund"", ""Rpl22"", ""Eid1"", ""Ablim1"", ""Psap"", ""Ptov1"", ""Eprs"", ""Ifi27"", ""Mrps34"", ""Cnpy2"", ""Tcf4"", ""St13"", ""Thra"", ""Gga2"", ""Cxxc5"", ""Cd24a"", ""Tmed3"", ""Dtd1"", ""Myo10"")"
"138","BOYLAN_MULTIPLE_MYELOMA_C_D_DN","0.00084341013555415","0.0154634231283915","0.477270815362862","-0.440158600966377","-1.4674748868871","170","c(""Cd3d"", ""Cd8b1"", ""Cd3g"", ""Fyb"", ""Cd3e"", ""Arl4c"", ""Ltb"", ""F13a1"", ""Cep250"", ""Dhrs3"", ""Itgal"", ""Rgcc"", ""Hook1"", ""Cd28"", ""Ada"", ""Igf1r"", ""Epcam"", ""Stat4"", ""Sh2d1a"", ""Dnajb14"", ""Tmem176a"", ""Hmgn3"", ""Trim34a"", ""Cacnb3"", ""Tspan2"", ""Vav3"", ""Tmem176b"", ""Lax1"", ""Nkg7"", ""Trbc1"", ""Ccnd2"", ""Inpp4b"", ""Myo1f"", ""Tns3"", ""Tiam1"", ""Rora"", ""Cd226"", ""F2r"", ""Zfp467"", ""Lpar4"", ""Basp1"", ""Mdfic"", ""Smad1"", ""Cers4"", ""Gramd1b"", ""Zbp1"", ""Tbc1d8"", ""Plin3"", ""Ctsw"", ""Ctla2a"", ""AA467197"", ""Gzma"", ""Kit"", ""Icos"", ""Trim30d"", ""H2-Q2"", 
""Isg20"")"
"139","GOBP_LEUKOCYTE_CELL_CELL_ADHESION","0.000630822607012474","0.0119500016783559","0.477270815362862","-0.427807039934312","-1.46684659887506","210","c(""Rps3"", ""Rag1"", ""Cd27"", ""Cd4"", ""Ptprc"", ""Ets1"", ""Hspd1"", ""Sox4"", ""Prdx2"", ""Xbp1"", ""Thy1"", ""Cd3e"", ""Cd1d1"", ""Rag2"", ""Smarca4"", ""Itgal"", ""Slamf1"", ""Il2ra"", ""Nfat5"", ""Podxl2"", ""Itgb1"", ""Dpp4"", ""Bcl6"", ""Mad1l1"", ""Pecam1"", ""Cd28"", ""Sdc4"", ""Ada"", ""Stat5a"", ""Stat5b"", ""Nck2"", ""B2m"", ""Hes1"", ""Lef1"", ""Cd24a"", ""Cyld"", ""Itga4"", ""Vsir"", ""Card11"", ""Hsph1"", ""H2-Oa"", ""Zdhhc21"", ""Runx1"", ""Dtx1"", ""Cd1d2"", ""Ephb6"", ""Gimap5"", ""Dusp10"", ""Bcl10"", ""Lag3"")"
"140","TABULA_MURIS_SENIS_THYMUS_DN4_THYMOCYTE_AGEING","0.00335980694499269","0.0486233989856557","0.431707695803346","-0.463813801946576","-1.46255772193472","131","c(""Rps10"", ""Rpl18"", ""Rpl8"", ""Rps3"", ""Npm1"", ""Rpl13"", ""Jund"", ""Fth1"", ""Rplp0"", ""Rps5"", ""Rps20"", ""Hspe1"", ""Dnajc15"", ""Thy1"", ""Fyb"", ""Pabpc1"", ""Arl4c"", ""Aprt"", ""Rpsa"", ""Slc25a3"", ""Ltb"", ""S100a11"", ""Lat"", ""Aldoa"", ""Socs3"", ""Bst2"", ""Gramd3"", ""Ifi27"", ""Ly6d"", ""Epsti1"", ""Mndal"", ""Fbl"", ""Ctsz"", ""B2m"", ""Sp110"", ""Eif3i"", ""Rpl3"", ""Tnfrsf18"", ""Plac8"")"
"141","GOBP_CELL_ACTIVATION_INVOLVED_IN_IMMUNE_RESPONSE","0.00126409791809396","0.0216453042912065","0.45505986738723","-0.456025804265418","-1.45929642237452","143","c(""Ung"", ""Ptprc"", ""Myb"", ""Hspd1"", ""Foxp1"", ""Rorc"", ""Msh2"", ""Xbp1"", ""Rps6"", ""Rif1"", ""Msh6"", ""Rag2"", ""Lig4"", ""Lat"", ""Itgal"", ""Slamf1"", ""Bcl6"", ""Cd28"", ""Ada"", ""Stat4"", ""Rnf168"", ""Exo1"", ""Lef1"")"
"142","GOBP_B_CELL_ACTIVATION","0.00330976943508772","0.048143636017526","0.431707695803346","-0.440984580883881","-1.4558171687884","152","c(""Ung"", ""Rag1"", ""Cd27"", ""Ptprc"", ""Myb"", ""Hspd1"", ""Foxp1"", ""Phb2"", ""Msh2"", ""Xbp1"", ""Ighm"", ""Rif1"", ""Msh6"", ""Mzb1"", ""Rag2"", ""Lig4"", ""Ikzf3"", ""Zbtb7a"", ""Cd79b"", ""Dpp4"", ""Slc25a5"", ""Bcl6"", ""Cd28"", ""Mif"", ""Ada"", ""Cebpg"", ""Stat5a"", ""Stat5b"", ""Atm"", ""Rnf168"", ""Exo1"", ""Lef1"", ""Cd24a"", ""Cyld"", ""Card11"", ""Tcf3"", ""Tpd52"", ""Zfp36l1"", ""Ikzf1"", ""Prkcd"", ""Tnfaip3"", ""Ctps"")"
"143","GOBP_POST_TRANSCRIPTIONAL_REGULATION_OF_GENE_EXPRESSION","0.00270090248881476","0.0407421851619623","0.431707695803346","-0.435025410270254","-1.44587566261377","155","c(""Rpl26"", ""Rps3"", ""Npm1"", ""Rplp1"", ""E2f1"", ""Rpl5"", ""Sox4"", ""C1qbp"", ""Rpl10"", ""Rpl38"", ""Ncl"", ""Exosc5"", ""Pabpc1"", ""Dhx9"", ""Apex1"", ""Cnbp"", ""Serbp1"", ""Eif4g1"", ""Nolc1"", ""Cdk4"", ""Eprs"", ""Hnrnpc"", ""Caprin1"", ""Shmt1"", ""Eif5b"", ""Zc3h18"", ""Bzw2"", ""Larp4"", ""Mapk1"", ""Mettl1"", ""Eif2a"", ""Eif3b"", ""Etf1"", ""Tial1"", ""Eif2s1"", ""Ripk1"", ""Nck2"", ""Naf1"", ""Syncrip"", ""Nsun2"", ""Larp1"", ""Abce1"", ""Thrap3"", ""Hnrnpr"", ""Tcof1"", ""Sh3bgrl"", ""Eif6"", ""Shmt2"", ""Rbm10"", ""Pus7"", ""Dgcr8"", ""Lrpprc"", ""Exosc2"", ""Ddx3x"", ""Rbm24"", ""Pum3"", 
""Zfp36l1"", ""Rgs2"", ""Serp1"", ""Pkm"", ""Exosc7"", ""Pnpt1"", ""Dkc1"", ""Srsf1"", ""Eif2ak2"", ""Eif4ebp1"", ""Mettl16"", ""Ifrd2"", ""Nfkb1"", ""Nat10"", ""Aars"", ""Tbrg4"")"
"144","GOBP_REGULATION_OF_AMIDE_METABOLIC_PROCESS","0.00156841531797469","0.0261494273189815","0.45505986738723","-0.448372899276059","-1.42871894774362","145","c(""Rpl26"", ""Rps3"", ""Npm1"", ""Rplp1"", ""Rpl5"", ""Sox4"", ""C1qbp"", ""Rpl10"", ""Slc7a11"", ""Rpl38"", ""Ncl"", ""Exosc5"", ""Pabpc1"", ""Dhx9"", ""Cnbp"", ""Serbp1"", ""Eif4g1"", ""Nolc1"", ""Cdk4"", ""Eprs"", ""Caprin1"", ""Shmt1"", ""Eif5b"", ""Bzw2"", ""Larp4"", ""Mapk1"", ""Eif2a"", ""Eif3b"", ""Etf1"", ""Eif2s1"", ""Nck2"", ""Syncrip"", ""Larp1"", ""Abce1"", ""Hnrnpr"", ""Tcof1"", ""Sh3bgrl"", ""Eif6"", ""Shmt2"", ""Pus7"", ""Ifngr1"", ""Lrpprc"", ""Exosc2"", ""Ddx3x"", ""Rbm24"", ""Pum3"", ""Zfp36l1"", ""Prkcd"", ""Rgs2"", ""Serp1"", ""Pkm"", ""Exosc7"")"
"145","GOBP_LEUKOCYTE_PROLIFERATION","0.00112744523738706","0.0199648842968355","0.45505986738723","-0.421829844521674","-1.37318495522889","199","c(""Rps3"", ""Satb1"", ""Cd27"", ""Hells"", ""Cd4"", ""Ptprc"", ""Hspd1"", ""Prdx2"", ""Rps6"", ""Ighm"", ""Cd3e"", ""Mzb1"", ""Cd1d1"", ""Rag2"", ""Itgal"", ""Slamf1"", ""Il2ra"", ""Ikzf3"", ""Bcl6"", ""Mad1l1"", ""Cd28"", ""Mapk1"", ""Mif"", ""Sdc4"", ""Ada"", ""Stat4"", ""Stat5a"", ""Stat5b"", ""Nck2"", ""Atm"", ""Hes1"", ""Lef1"", ""Cd24a"", ""Vsir"", ""Card11"", ""Tcf3"", ""Slamf6"", ""Prkcd"", ""Junb"", ""Ctps"", ""Cd1d2"", ""Bst1"", ""Ephb6"")"
"146","GOBP_REGULATION_OF_PROTEIN_MODIFICATION_PROCESS","0.00161071494698483","0.0266985367084521","0.45505986738723","0.595660006881538","1.27788863783888","458","c(""Birc5"", ""Cdca8"", ""Cdc20"", ""Ccnb1"", ""Tpx2"", ""Ccna2"", ""Ube2s"", ""Cenpe"", ""Ccnb2"", ""Plk1"", ""Aurkb"", ""Incenp"", ""Pbk"", ""Ccnf"", ""Cdca2"", ""Ect2"", ""Kif14"", ""Cdc25b"", ""Cdkn2c"", ""Hmgb1"", ""Mad2l1"", ""Ubb"", ""Fzr1"", ""Psrc1"", ""Fbxo5"", ""Calm2"", ""Ppia"", ""Bora"", ""Ezh2"", ""Iqgap3"", ""Dek"", ""Cdkn2d"", ""Fam72a"", ""Calm3"", ""Dbi"", ""Stil"", ""Sumo2"", ""Hsp90b1"", ""Cdk5rap2"", ""Pih1d1"", ""Fbln1"", ""Anxa2"", ""Mastl"", ""Txn1"", ""Commd1"")"
"147","DMRT1_TARGET_GENES","0.00129777985959004","0.0220236332124476","0.45505986738723","0.610244638304547","1.30984276228121","420","c(""Ube2c"", ""Cks2"", ""Cdk1"", ""Cdca8"", ""Tpx2"", ""Kif22"", ""Tuba1b"", ""Cks1b"", ""Mxd3"", ""Racgap1"", ""Tubb5"", ""Ckap2l"", ""Ccnf"", ""Pif1"", ""Gas2l3"", ""Cdc25c"", ""Tmpo"", ""Anp32e"", ""Ubb"", ""Bub3"", ""Lmnb1"", ""Ccdc34"", ""Calm2"", ""Ran"", ""Spdl1"", ""Rdm1"", ""Rnf26"", ""Smc4"", ""Ezh2"", ""Hmgn5"", ""Rad51ap1"", ""Cdkn2d"", ""Fam72a"", ""Calm3"", ""Zwilch"", ""Terf1"", ""Apobec3"", ""Myef2"", ""Gapdh"", ""Ccsap"", ""Hsp90b1"", ""Cbx3"", ""Sephs1"", ""Ddx39b"", ""Hnrnpa1"", ""Anxa2"", ""Miip"", ""Hnrnpd"", ""Cep128"", ""Rpn2"", ""Gale"", ""Mnd1"", ""Cbx5"", ""Anapc5"", ""Mast2"", 
""Galk1"", ""Syne2"", ""Srgap2"", ""Psip1"", ""Hdac1"", ""Zfp599"", ""Morf4l2"", ""Anapc13"", ""Rnf7"", ""H1f0"", ""Cdk19"", ""Psmb6"")"
"148","MYB_TARGET_GENES","0.000293923077053813","0.0061390087375855","0.49849310876659","0.616624136239281","1.32235176174738","455","c(""Cks2"", ""Cdca8"", ""Cdc20"", ""Hmgb2"", ""Cdca3"", ""Aurka"", ""Dlgap5"", ""Mis18bp1"", ""Kif2c"", ""Stmn1"", ""Ckap2l"", ""Kif20a"", ""Knstrn"", ""Nek2"", ""Cdca2"", ""Nuf2"", ""Spag5"", ""Arl6ip1"", ""Anln"", ""Anp32e"", ""Depdc1b"", ""Ubb"", ""Ckap5"", ""Arhgap11a"", ""Cenpp"", ""Calm2"", ""Cdca5"", ""Cenpl"", ""Gtse1"", ""Lsm5"", ""Poc1a"", ""Smc4"", ""Trim59"", ""Rrm1"", ""Ezh2"", ""Hdgf"", ""Cenpc1"", ""Ccdc18"", ""Cdkn2d"", ""Calm3"", ""Serinc3"", ""Ube2t"", ""Acot7"", ""Ifnar2"", ""Fancd2"", ""Dazap1"", ""Fam110a"", ""Tbc1d31"", ""Cbx3"", ""Hyls1"", ""Rpa3"", ""Hjurp"", ""Hnrnpa1"", ""Mdh1"", 
""Snrpc"", ""Vim"", ""Ccdc61"", ""Brd8"", ""Atp5o"", ""Ptgr1"", ""Haus5"", ""Gale"", ""Swi5"", ""Srsf2"", ""Ccdc163"", ""Cbx5"", ""Mzt1"", ""Dars2"", ""Zbed3"", ""Atp5g2"", ""Eif4e"", ""Eri2"", ""Trappc1"", ""Uchl5"", ""Psip1"", ""Maz"", ""Cntrob"", ""Etfa"", ""Dut"", ""Mrps18c"", ""Asrgl1"", ""Ubl4a"", ""Rnf7"", ""Ssna1"", ""Sms"", ""Pgk1"", ""Gtf2f1"", ""Cenpu"")"
"149","REACTOME_ADAPTIVE_IMMUNE_SYSTEM","0.00228223853419939","0.0350763453423313","0.431707695803346","0.628524167113764","1.34421641551655","273","c(""Ube2c"", ""Cdc20"", ""Tubb4b"", ""Ube2s"", ""Cenpe"", ""Kif11"", ""Tuba1c"", ""Kif22"", ""Tuba1b"", ""Kif2c"", ""Racgap1"", ""Kif20a"", ""Ccnf"", ""Kif15"", ""Kif4"", ""Kif18a"", ""Ubb"", ""Fzr1"", ""Calm2"", ""Kif23"", ""Calm3"", ""H2-T22"", ""Tubb2a"", ""Gm8909"", ""Psmc1"", ""Tuba1a"", ""Traip"", ""Dynll1"")"
"150","GOBP_POSITIVE_REGULATION_OF_PHOSPHORUS_METABOLIC_PROCESS","0.00217091234074136","0.0336373428448566","0.431707695803346","0.636864827944699","1.36255248671282","272","c(""Birc5"", ""Cdca8"", ""Ccnb1"", ""Tpx2"", ""Cenpe"", ""Plk1"", ""Aurkb"", ""Incenp"", ""Cdca2"", ""Ect2"", ""Kif14"", ""Cdc25b"", ""Hmgb1"", ""Psrc1"", ""Calm2"", ""Ppia"", ""Bora"", ""Ezh2"", ""Iqgap3"", ""Calm3"", ""Stil"", ""Pih1d1"", ""Ndufc2"", ""Anxa2"", ""Txn1"")"
"151","GOBP_POSITIVE_REGULATION_OF_PROTEIN_MODIFICATION_PROCESS","0.000221722798495064","0.00475286991360472","0.518848077743792","0.649240072514278","1.39209278335997","299","c(""Birc5"", ""Cdca8"", ""Cdc20"", ""Ccnb1"", ""Tpx2"", ""Ube2s"", ""Cenpe"", ""Plk1"", ""Aurkb"", ""Incenp"", ""Cdca2"", ""Ect2"", ""Kif14"", ""Cdc25b"", ""Hmgb1"", ""Ubb"", ""Fzr1"", ""Psrc1"", ""Calm2"", ""Ppia"", ""Bora"", ""Ezh2"", ""Iqgap3"", ""Dek"", ""Calm3"", ""Stil"", ""Sumo2"", ""Pih1d1"", ""Anxa2"", ""Mastl"", ""Txn1"", ""Commd1"")"
"152","GOBP_MULTICELLULAR_ORGANISM_REPRODUCTION","0.000457066465767013","0.0090808118041934","0.49849310876659","0.663080881517616","1.41831649004178","230","c(""Hmgb2"", ""Ccnb1"", ""Cenpe"", ""Ccnb2"", ""Aurka"", ""Plk1"", ""Aspm"", ""Racgap1"", ""Top2a"", ""Ndc80"", ""Cit"", ""Cdc25b"", ""Kif18a"", ""Ubb"", ""Ttk"", ""Ccdc34"", ""Fbxo5"", ""Ncaph"", ""Poc1a"", ""Fignl1"", ""Mns1"", ""Trip13"", ""Ncaph2"", ""Ctcf"", ""Odf2"", ""Fancd2"", ""Dazap1"", ""Prdx4"", ""Brip1"", ""Ybx2"", ""Mastl"", ""Chtf18"", ""Cep128"", ""Cntrl"", ""Ddias"", ""Msh5"", ""Slirp"", ""Cep57"", ""Mast2"", ""Tdrkh"", ""H3f3a"", ""Hmga1"", ""Rad18"", ""Magoh"")"
"153","GOMF_MOLECULAR_FUNCTION_ACTIVATOR_ACTIVITY","0.000212626559999176","0.00459241153452765","0.518848077743792","0.664134878906115","1.42323286204026","283","c(""Cks2"", ""Cdc20"", ""Hmgb2"", ""Ccnb1"", ""Aurka"", ""Cks1b"", ""Depdc1a"", ""Incenp"", ""Racgap1"", ""Ect2"", ""Depdc1b"", ""Hmgb1"", ""Fzr1"", ""Arhgap11a"", ""Arhgap19"", ""Calm2"", ""Dbf4"", ""Hdgf"", ""Iqgap3"", ""Calm3"", ""Rangap1"")"
"154","GOBP_REPRODUCTION","2.28723127327298e-06","7.16332761087385e-05","0.627256739718528","0.667145085038542","1.43210404297275","400","c(""Cks2"", ""Birc5"", ""Cdc20"", ""Hmgb2"", ""Ccnb1"", ""Cenpe"", ""Ccnb2"", ""Aurka"", ""Plk1"", ""Mki67"", ""Aspm"", ""Incenp"", ""Racgap1"", ""Top2a"", ""Smc2"", ""Ndc80"", ""Nek2"", ""Cdc25c"", ""Nuf2"", ""Cit"", ""Cdc25b"", ""Kif18a"", ""Ubb"", ""Bub3"", ""Ttk"", ""Fzr1"", ""Ccdc34"", ""Ncapd2"", ""Fbxo5"", ""Espl1"", ""Ankle1"", ""Ncaph"", ""Poc1a"", ""Fignl1"", ""Smc4"", ""Cenpc1"", ""Rad51ap1"", ""Mns1"", ""Trip13"", ""Plk4"", ""Ncaph2"", ""E2f8"", ""Eme1"", ""Ctcf"", ""Smc1a"", ""Terf1"", ""Odf2"", ""Fancd2"", ""Dazap1"", ""Prdx4"", ""Brip1"", ""Ncapd3"", ""Ybx2"", ""Pkmyt1"", ""Mastl"", ""Tubg1"", 
""Rad54b"", ""Chtf18"", ""Cep128"", ""E2f7"", ""Cntrl"", ""Ddias"", ""Msh5"", ""Slirp"", ""Mnd1"", ""Rbbp8"", ""Cep57"", ""Mast2"")"
"155","GOBP_ORGANELLE_ASSEMBLY","0.000131023245428449","0.002941317108004","0.518848077743792","0.670604695146617","1.43362280972544","270","c(""Birc5"", ""Cdca8"", ""Cdc20"", ""Tpx2"", ""Cenpa"", ""Cenpe"", ""Ccnb2"", ""Prc1"", ""Aurka"", ""Kif11"", ""Plk1"", ""Dlgap5"", ""Aspm"", ""Aurkb"", ""Incenp"", ""Racgap1"", ""Tubb5"", ""Ndc80"", ""Nek2"", ""Spag5"", ""Kifc1"", ""Fbxo5"", ""Kif23"", ""Cep89"", ""Cenpw"", ""Poc1a"", ""Gpsm2"", ""Cenpc1"", ""Mns1"", ""Plk4"", ""Stil"", ""Cenpk"", ""Smc1a"", ""Lsm3"", ""Mdm1"", ""Odf2"", ""Kntc1"", ""Rcc1"", ""Ccsap"", ""Haus4"", ""Lsm4"", ""Cdk5rap2"", ""Tbc1d31"", ""Cep72"", ""Hyls1"", ""Cenph"", ""Dynll1"", ""Ccdc61"", ""Cep128"", ""Haus5"", ""Chek2"", ""Cntrl"", ""Gdi2"", ""Tmem138"", ""Mzt1"")"
"156","ZHANG_BREAST_CANCER_PROGENITORS_UP","7.78951158253402e-05","0.00186620987578189","0.538434096309916","0.681435874780141","1.45693193893639","237","c(""Cdca8"", ""Cenpf"", ""Ccna2"", ""Aurka"", ""Mis18bp1"", ""Kif2c"", ""Stmn1"", ""Depdc1a"", ""Ncapg"", ""Top2a"", ""Cep55"", ""Shcbp1"", ""Bub1b"", ""Pbk"", ""Smc2"", ""Bub1"", ""Ect2"", ""Tmpo"", ""Anln"", ""Anp32e"", ""Melk"", ""Esco2"", ""Ncapd2"", ""Calm2"", ""Rrm2"", ""Ska2"", ""Dbf4"", ""Rad21"", ""Lsm5"", ""Gpsm2"", ""Fignl1"", ""Smc4"", ""Trim59"", ""Ezh2"", ""Trip13"", ""Ctcf"", ""Hnrnpa3"", ""Gmnn"", ""Ttf2"", ""Sap30"", ""Ncapd3"", ""Ndufc2"", ""Rpa3"", ""Hnrnpa1"", ""Rbl1"", ""Mdh1"", ""Srsf3"", ""Usp1"", ""Wee1"", ""Psat1"", ""E2f7"", ""Adk"", ""Xpo1"", ""Ndufc1"", ""Pkp4"", ""Rbbp8"", ""Ndufa4"", 
""Oxct1"", ""Eri2"", ""Uchl5"", ""Fh1"")"
"157","GOBP_DEVELOPMENTAL_MATURATION","0.00318302415402686","0.0466570789878178","0.431707695803346","0.709547583527969","1.45918399763492","93","c(""Cdc20"", ""Ccnb1"", ""Aurka"", ""Kif14"", ""Cdc25b"", ""Fbxo5"", ""Ankle1"", ""Trip13"")"
"158","GOMF_ENZYME_ACTIVATOR_ACTIVITY","0.000806446106543368","0.0149297262971113","0.477270815362862","0.690409040967443","1.46002625537803","163","c(""Cks2"", ""Cdc20"", ""Ccnb1"", ""Cks1b"", ""Depdc1a"", ""Racgap1"", ""Ect2"", ""Depdc1b"", ""Hmgb1"", ""Fzr1"", ""Arhgap11a"", ""Arhgap19"", ""Calm2"", ""Dbf4"", ""Iqgap3"", ""Calm3"", ""Rangap1"", ""Pdzd11"", ""Fbln1"")"
"159","GOMF_PROTEIN_KINASE_ACTIVITY","0.00128311243935324","0.021839722773708","0.45505986738723","0.697165704631259","1.46647835861192","134","c(""Cdk1"", ""Aurka"", ""Plk1"", ""Aurkb"", ""Bub1b"", ""Pbk"", ""Nek2"", ""Bub1"", ""Cit"", ""Melk"", ""Ttk"", ""Dbf4"", ""Plk4"", ""Pkmyt1"", ""Mastl"", ""Wee1"", ""Chek2"", ""Pdik1l"", ""Cdc7"", ""Ripk3"", ""Mast2"")"
"160","TABULA_MURIS_SENIS_SPLEEN_GRANULOCYTE_AGEING","0.00193086802974338","0.0307540516469654","0.45505986738723","0.712055884207614","1.48123250855319","110","c(""Cdk1"", ""Birc5"", ""Cenpa"", ""Hmgn2"", ""Mki67"", ""Nucks1"", ""Top2a"", ""Tubb5"", ""Tmpo"", ""Rrm2"", ""Lsm5"", ""Rbm3"", ""Hint1"", ""Dbi"", ""Emp3"", ""Hnrnpa3"", ""Hsp90b1"", ""Ywhae"", ""Rnaseh2c"", ""Gdi2"", ""Ndufc1"", ""Cox5a"", ""Atp5k"", ""Plp2"", ""Hdac1"", ""Atpif1"", ""Hnrnpab"", ""Anapc13"", ""Ndufb7"", ""Cmpk1"", ""Cox6a1"", ""Ndufb8"", ""Tpi1"")"
"161","CHIARADONNA_NEOPLASTIC_TRANSFORMATION_KRAS_UP","0.00283494607736169","0.0423163940657497","0.431707695803346","0.724208069951201","1.48210703174289","87","c(""Cenpa"", ""Aurka"", ""Hmgn2"", ""Cks1b"", ""Top2a"", ""Smc2"", ""Anp32e"", ""Hmgb3"", ""Rrm2"", ""Ncaph"", ""Fignl1"", ""Rrm1"", ""Rbm3"", ""Plk4"", ""Rangap1"", ""E2f8"", ""Myef2"", ""Rbl1"", ""Hnrnpd"", ""Hprt"", ""Ssrp1"", ""Cdc7"", ""Ilf2"", ""Erh"", ""Sms"")"
"162","GOBP_REGULATION_OF_CYTOSKELETON_ORGANIZATION","0.000223213521580016","0.00476690449456649","0.518848077743792","0.7058532325668","1.49260308752446","165","c(""Tpx2"", ""Plk1"", ""Tacc3"", ""Stmn1"", ""Ccnf"", ""Ect2"", ""Spag5"", ""Ckap2"", ""Cit"", ""Kifc1"", ""Kif18a"", ""Ska1"", ""Ckap5"", ""Psrc1"", ""Ska2"", ""Ska3"", ""Gpsm2"", ""Bora"", ""Plk4"", ""Stil"", ""Mdm1"", ""Ccsap"", ""Cdk5rap2"", ""Dynlt1f"")"
"163","GOMF_PROTEIN_SERINE_THREONINE_KINASE_ACTIVITY","0.00175917156581021","0.028591630506359","0.45505986738723","0.727304381212773","1.4982707207801","97","c(""Cdk1"", ""Aurka"", ""Plk1"", ""Aurkb"", ""Bub1b"", ""Pbk"", ""Nek2"", ""Bub1"", ""Cit"", ""Melk"", ""Ttk"", ""Dbf4"", ""Plk4"", ""Pkmyt1"", ""Mastl"", ""Chek2"", ""Pdik1l"", ""Cdc7"", ""Ripk3"", ""Mast2"")"
"164","GOBP_CELLULAR_COMPONENT_DISASSEMBLY","0.00133026597569218","0.0225079424136404","0.45505986738723","0.723127751591845","1.49832927322245","113","c(""Cdk1"", ""Tpx2"", ""Aurka"", ""Plk1"", ""Kif2c"", ""Stmn1"", ""Top2a"", ""Kif18b"", ""Kif14"", ""Ckap2"", ""Kif18a"", ""Ccsap"")"
"165","GOBP_POSITIVE_REGULATION_OF_ORGANELLE_ORGANIZATION","0.000123646830833526","0.00279775487862208","0.518848077743792","0.706114673227905","1.50718355948526","192","c(""Ube2c"", ""Cdk1"", ""Cdc20"", ""Cenpe"", ""Aurka"", ""Nusap1"", ""Aurkb"", ""Ncapg"", ""Smc2"", ""Nek2"", ""Bub1"", ""Spag5"", ""Ckap5"", ""Ncapd2"", ""Psrc1"", ""Fbxo5"", ""Ncaph"", ""Rad21"", ""Gpsm2"", ""Smc4"", ""Rad51ap1"", ""Mns1"", ""Plk4"", ""Stil"", ""Terf1"", ""Cdk5rap2"")"
"166","GOBP_PROTEIN_POLYMERIZATION","0.00167423304393874","0.027670947294315","0.45505986738723","0.738145118442299","1.5085228000397","84","c(""Ube2c"", ""Tpx2"", ""Ube2s"", ""Stmn1"", ""Diaph3"", ""Ckap5"", ""Psrc1"", ""Fbxo5"", ""Nde1"", ""Cdk5rap2"", ""Tuba1a"", ""Tubg1"")"
"167","SHETH_LIVER_CANCER_VS_TXNIP_LOSS_PAM1","0.000956022102033527","0.0173606306553986","0.477270815362862","0.728379105376138","1.50921014051282","113","c(""Cdc20"", ""Tubb4b"", ""Ube2s"", ""Kif11"", ""Tuba1b"", ""Stmn1"", ""Top2a"", ""Cep55"", ""Nek2"", ""Cdca5"", ""Smc4"", ""Iqgap3"", ""Psmc1"", ""Pdzd11"", ""Dynll1"", ""Phgdh"")"
"168","HALLMARK_GLYCOLYSIS","0.0018486524742275","0.0296095966518124","0.45505986738723","0.736060212336928","1.50938416310109","92","c(""Cdk1"", ""Cenpa"", ""Hmmr"", ""Aurka"", ""Stmn1"", ""Depdc1a"", ""Kif20a"", ""Ppia"", ""Sap30"", ""Mdh1"", ""Txn1"", ""Gale"")"
"169","REACTOME_HEMOSTASIS","6.2925806068704e-05","0.00156001280958152","0.538434096309916","0.709337083654541","1.51058423462631","185","c(""Tubb4b"", ""Cenpe"", ""Kif11"", ""Tuba1c"", ""Kif22"", ""Tuba1b"", ""Kif2c"", ""Racgap1"", ""Kif20a"", ""Kif20b"", ""Kif15"", ""Kif4"", ""Kif18b"", ""Kifc1"", ""Kif18a"", ""Calm2"", ""Kif23"", ""Calm3"", ""Tubb2a"", ""Tuba1a"", ""Anxa2"")"
"170","IVANOVA_HEMATOPOIESIS_MATURE_CELL","0.00116788963004395","0.0204273210751859","0.45505986738723","0.736876077795514","1.51796828113224","98","c(""Cdca3"", ""Ccna2"", ""Prc1"", ""Cdkn3"", ""Tmpo"", ""Arl6ip1"", ""Arhgap19"", ""Spdl1"", ""G2e3"", ""Trim59"", ""Cdkn2d"", ""Nudt4"", ""Hemgn"")"
"171","REACTOME_ORGANELLE_BIOGENESIS_AND_MAINTENANCE","0.00116536446327629","0.0204273210751859","0.45505986738723","0.741134031966805","1.51968456889107","89","c(""Cdk1"", ""Tubb4b"", ""Tuba1c"", ""Plk1"", ""Tuba1b"", ""Tubb5"", ""Nek2"", ""Ckap5"", ""Nde1"", ""Cep89"", ""Plk4"", ""Odf2"", ""Tubb2a"", ""Haus4"", ""Cdk5rap2"", ""Tuba1a"", ""Cep72"", ""Dynll1"", ""Tubg1"", ""Atp5o"", ""Haus5"", ""Ywhae"", ""Cep57"", ""Atp5k"", ""Haus7"", ""Ssna1"", ""Haus1"", ""Sclt1"", ""Atp5l"", ""Cycs"", ""Cep70"", ""Ccp110"", ""Atp5j2"", ""Tubb3"", ""Atp5j"", ""Haus8"", ""Cep192"", ""Ift74"")"
"172","GOBP_NON_MEMBRANE_BOUNDED_ORGANELLE_ASSEMBLY","2.92497704166603e-05","0.000754670547130303","0.575610261071129","0.720043118101476","1.52238361065696","166","c(""Birc5"", ""Cdca8"", ""Cdc20"", ""Tpx2"", ""Cenpa"", ""Cenpe"", ""Ccnb2"", ""Prc1"", ""Aurka"", ""Kif11"", ""Plk1"", ""Dlgap5"", ""Aspm"", ""Aurkb"", ""Incenp"", ""Racgap1"", ""Tubb5"", ""Ndc80"", ""Nek2"", ""Spag5"", ""Kifc1"", ""Fbxo5"", ""Kif23"", ""Cenpw"", ""Gpsm2"", ""Cenpc1"", ""Plk4"", ""Stil"", ""Cenpk"", ""Smc1a"", ""Lsm3"", ""Mdm1"", ""Kntc1"", ""Rcc1"", ""Ccsap"", ""Haus4"", ""Lsm4"", ""Cdk5rap2"", ""Cep72"", ""Cenph"")"
"173","MP_DECREASED_TUMOR_GROWTH_SIZE","0.002912626671523","0.043137135794868","0.431707695803346","0.805464858025163","1.52581389743198","36","c(""Cdk1"", ""Cdc20"", ""Fzr1"", ""Kras"")"
"174","BERENJENO_TRANSFORMED_BY_RHOA_UP","1.74258384387138e-09","9.20019729421725e-08","0.788186810800237","0.714244010720426","1.53202492454086","392","c(""Cks2"", ""Cdk1"", ""Birc5"", ""Cdca8"", ""Cdc20"", ""Ccna2"", ""Kpna2"", ""Cenpa"", ""Prc1"", ""Aurka"", ""Kif11"", ""Nusap1"", ""Mki67"", ""Dlgap5"", ""Tacc3"", ""Aspm"", ""Aurkb"", ""Kif22"", ""Cks1b"", ""Mis18bp1"", ""Kif2c"", ""Stmn1"", ""Incenp"", ""Racgap1"", ""Top2a"", ""Kif20a"", ""Ccnf"", ""Smc2"", ""Nek2"", ""Bub1"", ""Kif4"", ""Ect2"", ""Cdc25c"", ""Tmpo"", ""Ckap2"", ""Anln"", ""Kifc1"", ""Foxm1"", ""Diaph3"", ""Mad2l1"", ""Hmgb3"", ""Bub3"", ""Ttk"", ""Ran"", ""Cdca5"", ""Spdl1"", ""Kif23"", ""Nde1"", ""Gtse1"", ""Asf1b"", ""Fignl1"", ""Smc4"", ""Trim59"", ""Rrm1"", ""Ezh2"", ""Alyref"", ""Fkbp2"", 
""Iqgap3"", ""Hmgn5"", ""Dek"", ""Rad51ap1"", ""Banf1"", ""Trip13"", ""Plk4"", ""Nudcd2"", ""Rangap1"", ""E2f8"", ""Tmem97"", ""Lsm2"", ""Cdc45"", ""Tyms"", ""Pmf1"", ""Gmnn"", ""Ube2t"", ""Acot7"", ""Snrpd1"", ""Lsm3"", ""Rcc1"", ""Fam110a"", ""Gapdh"", ""Sap30"", ""Lsm4"", ""Vars"", ""Acsl5"", ""Dnph1"", ""Rbl1"", ""Txn1"", ""Usp1"", ""Tubg1"", ""Rpp30"", ""Anapc15"", ""Psat1"", ""Hprt"", ""Rnaseh2c"", ""Xpo1"", ""Pkp4"", ""Ssrp1"", ""Cdc7"", ""Cbx5"")"
"175","GOBP_GAMETE_GENERATION","4.61496402226496e-05","0.00116435950685641","0.557332238758646","0.71953299005173","1.53342621388952","182","c(""Hmgb2"", ""Ccnb1"", ""Cenpe"", ""Ccnb2"", ""Aurka"", ""Plk1"", ""Aspm"", ""Racgap1"", ""Top2a"", ""Ndc80"", ""Cit"", ""Cdc25b"", ""Kif18a"", ""Ubb"", ""Ttk"", ""Ccdc34"", ""Fbxo5"", ""Ncaph"", ""Poc1a"", ""Fignl1"", ""Mns1"", ""Trip13"", ""Ncaph2"", ""Ctcf"", ""Odf2"", ""Fancd2"", ""Dazap1"", ""Prdx4"", ""Brip1"", ""Ybx2"", ""Mastl"", ""Chtf18"", ""Cep128"", ""Cntrl"", ""Ddias"", ""Msh5"", ""Slirp"", ""Cep57"", ""Mast2"", ""Tdrkh"", ""H3f3a"", ""Hmga1"", ""Rad18"", ""Magoh"")"
"176","REACTOME_GAP_JUNCTION_TRAFFICKING_AND_REGULATION","0.00326443301805405","0.0476056191021591","0.431707695803346","0.883979793572155","1.54303034446544","17","c(""Tubb4b"", ""Tuba1c"", ""Tuba1b"", ""Tubb2a"", ""Tuba1a"")"
"177","GOCC_CENTRIOLE","0.00174534305408677","0.0285156048550222","0.45505986738723","0.776725764412543","1.54347329788589","59","c(""Birc5"", ""Plk1"", ""Top2a"", ""Ccnf"", ""Ran"", ""Cep89"", ""Poc1a"", ""Plk4"", ""Stil"", ""Mdm1"", ""Odf2"", ""Ccsap"", ""Hyls1"", ""Cntln"", ""Tubg1"", ""Cep128"", ""Cntrob"", ""Ssna1"", ""Sclt1"", ""Cby1"", ""Cetn3"", ""Cep295"", ""Ccp110"")"
"178","GOBP_MICROTUBULE_BUNDLE_FORMATION","0.00268335029229946","0.0405847834660252","0.431707695803346","0.857434561581397","1.54998582433105","22","c(""Prc1"", ""Plk1"", ""Kif20a"", ""Psrc1"", ""Mns1"", ""Cdk5rap2"", ""Cntrl"")"
"179","GOCC_CONDENSED_NUCLEAR_CHROMOSOME","0.0017979891804548","0.0290428733908025","0.45505986738723","0.798321225242287","1.55032568922636","45","c(""Plk1"", ""Ncapg"", ""Incenp"", ""Smc2"", ""Nek2"", ""Ncapd2"", ""Ncaph"", ""Rad21"", ""Smc4"", ""Ncaph2"", ""Smc1a"", ""Rcc1"", ""Ncapg2"", ""Ncapd3"", ""Tubg1"", ""Msh5"", ""Blm"")"
"180","PLASARI_TGFB1_TARGETS_10HR_DN","9.94219013486635e-05","0.00229515660522299","0.538434096309916","0.746251778453862","1.55197994056471","119","c(""Ccnb1"", ""Hmmr"", ""Nusap1"", ""Mki67"", ""Cdkn3"", ""Stmn1"", ""Knstrn"", ""Bub1"", ""Nuf2"", ""Arl6ip1"", ""Fignl1"", ""Cenpk"", ""Zwilch"")"
"181","GOCC_PROTEIN_KINASE_COMPLEX","0.00195118613695165","0.0309907057183796","0.45505986738723","0.81415930458114","1.55365789929407","38","c(""Cks2"", ""Cdk1"", ""Ccnb1"", ""Ccna2"", ""Ccnb2"", ""Cks1b"", ""Ccnf"", ""Dbf4"", ""Cdkn2d"")"
"182","GOCC_SERINE_THREONINE_PROTEIN_KINASE_COMPLEX","0.00282473339773126","0.0422746189865188","0.431707695803346","0.82460161107363","1.55506272802458","33","c(""Cks2"", ""Cdk1"", ""Ccnb1"", ""Ccna2"", ""Ccnb2"", ""Cks1b"", ""Ccnf"", ""Dbf4"", ""Cdkn2d"")"
"183","GOBP_SEXUAL_REPRODUCTION","4.16046543880242e-08","1.88277570889297e-06","0.719512826338911","0.727562466535483","1.55602833113287","273","c(""Cks2"", ""Birc5"", ""Cdc20"", ""Hmgb2"", ""Ccnb1"", ""Cenpe"", ""Ccnb2"", ""Aurka"", ""Plk1"", ""Mki67"", ""Aspm"", ""Incenp"", ""Racgap1"", ""Top2a"", ""Smc2"", ""Ndc80"", ""Nek2"", ""Cdc25c"", ""Nuf2"", ""Cit"", ""Cdc25b"", ""Kif18a"", ""Ubb"", ""Bub3"", ""Ttk"", ""Fzr1"", ""Ccdc34"", ""Ncapd2"", ""Fbxo5"", ""Espl1"", ""Ankle1"", ""Ncaph"", ""Poc1a"", ""Fignl1"", ""Smc4"", ""Cenpc1"", ""Rad51ap1"", ""Mns1"", ""Trip13"", ""Ncaph2"", ""Eme1"", ""Ctcf"", ""Smc1a"", ""Terf1"", ""Odf2"", ""Fancd2"", ""Dazap1"", ""Prdx4"", ""Brip1"", ""Ncapd3"", ""Ybx2"", ""Pkmyt1"", ""Mastl"", ""Tubg1"", ""Rad54b"", ""Chtf18"", 
""Cep128"", ""Cntrl"", ""Ddias"", ""Msh5"", ""Slirp"", ""Mnd1"", ""Rbbp8"", ""Cep57"", ""Mast2"")"
"184","GOMF_KINASE_REGULATOR_ACTIVITY","0.000507664341293077","0.00984592542194941","0.477270815362862","0.764435351292256","1.55628317378524","76","c(""Cks2"", ""Ccnb1"", ""Ccna2"", ""Ccnb2"", ""Cks1b"", ""Ccnf"", ""Cit"", ""Cdkn2c"", ""Hmgb1"", ""Calm2"", ""Dbf4"", ""Cdkn2d"", ""Calm3"")"
"185","REACTOME_RHOA_GTPASE_CYCLE","0.0018126420544119","0.0291968502662618","0.45505986738723","0.815600062227373","1.55640729303733","38","c(""Racgap1"", ""Ect2"", ""Anln"", ""Depdc1b"", ""Diaph3"", ""Arhgap11a"", ""Arhgap19"", ""Iqgap3"")"
"186","GOBP_POSITIVE_REGULATION_OF_NUCLEAR_DIVISION","0.00202919435550645","0.0318745625760269","0.431707695803346","0.845642433372434","1.55800437010211","28","c(""Ube2c"", ""Cdc20"", ""Cenpe"", ""Nusap1"", ""Fbxo5"", ""Rad51ap1"", ""Anapc5"", ""Nup62"", ""Nsmce2"")"
"187","GOBP_PROTEIN_LOCALIZATION_TO_CHROMOSOME","0.00120741841995688","0.0209899385079089","0.45505986738723","0.794371905983044","1.55928841444321","52","c(""Cdk1"", ""Cenpa"", ""Plk1"", ""Aurkb"", ""Bub1b"", ""Esco2"", ""Bub3"", ""Ttk"", ""Spdl1"", ""Rad21"", ""Ezh2"", ""Ctcf"", ""Zwilch"", ""Terf1"", ""Kntc1"")"
"188","GOBP_MICROTUBULE_ORGANIZING_CENTER_ORGANIZATION","0.000509962921917577","0.00985697823991195","0.477270815362862","0.774818169050192","1.56004624057997","70","c(""Aurka"", ""Kif11"", ""Plk1"", ""Ccnf"", ""Ndc80"", ""Nek2"", ""Kifc1"", ""Ckap5"", ""Nde1"", ""Poc1a"", ""Plk4"", ""Stil"", ""Mdm1"", ""Odf2"", ""Haus4"", ""Cdk5rap2"", ""Tuba1a"", ""Cep72"", ""Cntln"", ""Ccdc61"", ""Haus5"", ""Gen1"", ""Xpo1"", ""Nup62"", ""Cntrob"", ""Haus7"")"
"189","SHETH_LIVER_CANCER_VS_TXNIP_LOSS_PAM2","0.000519171505884174","0.0100010673194309","0.477270815362862","0.778839428004557","1.56013595317109","67","c(""Ccnb1"", ""Hmmr"", ""Tacc3"", ""Nuf2"", ""Psrc1"", ""Rrm2"", ""Ska2"", ""Lgals1"", ""Tubb2a"", ""Cenph"", ""Anxa2"", ""Dynll1"", ""Ptgr1"", ""Cox5b"", ""Eri2"")"
"190","GOCC_MITOTIC_SPINDLE_POLE","0.00315739956076502","0.0464007533388715","0.431707695803346","0.882775043408573","1.56017927152487","18","c(""Aurka"", ""Plk1"", ""Aspm"", ""Aurkb"", ""Kif20b"", ""Spag5"", ""Fam83d"", ""Gpsm2"", ""Smc1a"", ""Nsmce1"", ""Cdk5rap2"")"
"191","GOMF_KINASE_ACTIVATOR_ACTIVITY","0.00133742199569549","0.0225620716551943","0.45505986738723","0.814872100675049","1.56025276774145","40","c(""Cks2"", ""Ccnb1"", ""Cks1b"", ""Hmgb1"", ""Calm2"", ""Dbf4"", ""Calm3"")"
"192","GOBP_REGULATION_OF_SPINDLE_ORGANIZATION","0.00142926129137055","0.0239695525982203","0.45505986738723","0.911994718007162","1.56026980334013","15","c(""Tpx2"", ""Plk1"", ""Tacc3"", ""Spag5"", ""Psrc1"", ""Gpsm2"", ""Bora"", ""Stil"", ""Ccsap"")"
"193","GOBP_REGULATION_OF_REPRODUCTIVE_PROCESS","0.000628163415132094","0.0119392926436107","0.477270815362862","0.781336380260852","1.56272287212251","65","c(""Cdc20"", ""Aurka"", ""Aspm"", ""Cdc25c"", ""Cdc25b"", ""Ttk"", ""Fzr1"", ""Fbxo5"", ""Rad51ap1"", ""Trip13"", ""Prdx4"", ""Pkmyt1"")"
"194","REACTOME_THE_ROLE_OF_GTSE1_IN_G2_M_PROGRESSION_AFTER_G2_CHECKPOINT","0.00182966690633069","0.0293880583095706","0.45505986738723","0.793778190707933","1.56405466648096","51","c(""Cdk1"", ""Ccnb1"", ""Tubb4b"", ""Ccnb2"", ""Tuba1c"", ""Plk1"", ""Tuba1b"", ""Ubb"", ""Gtse1"", ""Tubb2a"", ""Psmc1"", ""Tuba1a"")"
"195","RAY_TUMORIGENESIS_BY_ERBB2_CDC25A_UP","0.00036762035427772","0.007513158638321","0.49849310876659","0.76870280187577","1.56509638980481","75","c(""Cenpa"", ""Ccnb2"", ""Mki67"", ""Dlgap5"", ""Kif22"", ""Cks1b"", ""Shcbp1"", ""Kif20a"", ""Ect2"", ""Arhgap19"", ""Hint1"", ""Cenpk"", ""Gmnn"")"
"196","GOMF_CYCLIN_DEPENDENT_PROTEIN_SERINE_THREONINE_KINASE_REGULATOR_ACTIVITY","0.00173918042458308","0.0285156048550222","0.45505986738723","0.897140251426286","1.56600257297524","17","c(""Cks2"", ""Ccnb1"", ""Ccna2"", ""Ccnb2"", ""Cks1b"", ""Ccnf"", ""Cdkn2c"", ""Cdkn2d"")"
"197","REACTOME_VESICLE_MEDIATED_TRANSPORT","2.3342535932581e-05","0.000627826131545174","0.575610261071129","0.742743939643848","1.56656016434892","144","c(""Tubb4b"", ""Cenpe"", ""Kif11"", ""Tuba1c"", ""Kif22"", ""Tuba1b"", ""Kif2c"", ""Racgap1"", ""Kif20a"", ""Kif20b"", ""Kif15"", ""Kif4"", ""Kif18b"", ""Kifc1"", ""Kif18a"", ""Ubb"", ""Kif23"", ""Tubb2a"", ""Hsp90b1"", ""Tuba1a"", ""Dynll1"", ""Ldlr"", ""Ywhae"", ""Gdi2"")"
"198","GOCC_CYCLIN_DEPENDENT_PROTEIN_KINASE_HOLOENZYME_COMPLEX","0.00146133648931802","0.0244356031146374","0.45505986738723","0.883096586821136","1.56898349679446","19","c(""Cks2"", ""Cdk1"", ""Ccnb1"", ""Ccna2"", ""Ccnb2"", ""Cks1b"", ""Ccnf"", ""Cdkn2d"")"
"199","GOCC_CULLIN_RING_UBIQUITIN_LIGASE_COMPLEX","0.000441713969984287","0.00880647921975665","0.49849310876659","0.828980949436512","1.573198618505","37","c(""Ube2c"", ""Cks2"", ""Cdc20"", ""Ube2s"", ""Cks1b"", ""Ccnf"", ""Fzr1"", ""Commd1"", ""Anapc15"", ""Anapc5"", ""Anapc13"", ""Rnf7"")"
"200","REACTOME_MEMBRANE_TRAFFICKING","3.56761686784777e-05","0.000912222034998565","0.557332238758646","0.756876921613761","1.57407705245897","119","c(""Tubb4b"", ""Cenpe"", ""Kif11"", ""Tuba1c"", ""Kif22"", ""Tuba1b"", ""Kif2c"", ""Racgap1"", ""Kif20a"", ""Kif20b"", ""Kif15"", ""Kif4"", ""Kif18b"", ""Kifc1"", ""Kif18a"", ""Ubb"", ""Kif23"", ""Tubb2a"", ""Tuba1a"", ""Dynll1"", ""Ldlr"", ""Ywhae"", ""Gdi2"")"
"201","GOBP_POSITIVE_REGULATION_OF_MITOTIC_NUCLEAR_DIVISION","0.00196221341590091","0.030993188081626","0.431707695803346","0.869036756001248","1.57478056411083","24","c(""Ube2c"", ""Cdc20"", ""Cenpe"", ""Nusap1"", ""Anapc5"", ""Nup62"", ""Nsmce2"")"
"202","GOCC_CYTOPLASMIC_MICROTUBULE","0.00174176049085267","0.0285156048550222","0.45505986738723","0.835579315426837","1.57576486909453","33","c(""Birc5"", ""Tubb4b"", ""Tuba1c"", ""Tuba1b"", ""Kif18b"", ""Kif18a"", ""Gtse1"", ""Mns1"", ""Reep4"", ""Ccsap"", ""Tuba1a"", ""Dynlt1f"", ""Tubg1"")"
"203","GOBP_ESTABLISHMENT_OF_SPINDLE_ORIENTATION","0.00113140500571893","0.0199729762929081","0.45505986738723","0.912520087481728","1.57602886600392","16","c(""Cenpa"", ""Plk1"", ""Ndc80"", ""Sapcd2"", ""Spag5"", ""Mad2l1"", ""Spdl1"", ""Nde1"", ""Gpsm2"", ""Cdk5rap2"")"
"204","REACTOME_APC_C_CDH1_MEDIATED_DEGRADATION_OF_CDC20_AND_OTHER_APC_C_CDH1_TARGETED_PROTEINS_IN_LATE_MITOSIS_EARLY_G1","0.00103248209217639","0.0184552128200307","0.45505986738723","0.803915971323163","1.57662492214573","48","c(""Ube2c"", ""Cdc20"", ""Ube2s"", ""Aurka"", ""Plk1"", ""Aurkb"", ""Ubb"", ""Fzr1"", ""Psmc1"", ""Anapc15"", ""Anapc5"", ""Psmb7"", ""Psmd1"", ""Psmd14"")"
"205","REACTOME_CYCLIN_A_B1_B2_ASSOCIATED_EVENTS_DURING_G2_M_TRANSITION","0.000740595217602141","0.0137552896767668","0.477270815362862","0.921800007589941","1.57704500712908","15","c(""Cdk1"", ""Ccnb1"", ""Ccna2"", ""Ccnb2"", ""Plk1"", ""Cdc25c"", ""Cdc25b"", ""Foxm1"", ""Pkmyt1"", ""Wee1"", ""Xpo1"")"
"206","SCHAEFFER_PROSTATE_DEVELOPMENT_12HR_DN","0.00123536059133874","0.021345533611556","0.45505986738723","0.856484731754149","1.5779801276966","28","c(""Kpna2"", ""Tuba1b"", ""Stmn1"", ""Tubb3"", ""Igfbp4"")"
"207","REACTOME_RHOB_GTPASE_CYCLE","0.000955004095242532","0.0173606306553986","0.477270815362862","0.8741859664422","1.57997674480457","23","c(""Racgap1"", ""Ect2"", ""Anln"", ""Depdc1b"", ""Diaph3"", ""Iqgap3"")"
"208","CUI_TCF21_TARGETS_2_UP","1.9015912263436e-07","7.22858211507413e-06","0.690132458796796","0.740344536657038","1.58392243689033","229","c(""Ube2c"", ""Cdk1"", ""Cdca8"", ""Cdca3"", ""Tpx2"", ""Ccna2"", ""Cenpa"", ""Hmmr"", ""Ccnb2"", ""Spc24"", ""Tacc3"", ""Aspm"", ""Kif22"", ""Cks1b"", ""Mxd3"", ""Stmn1"", ""Incenp"", ""Knstrn"", ""Gas2l3"", ""Cdc25c"", ""Nuf2"", ""Hmgb3"", ""Ckap5"", ""Lmnb1"", ""Cdca5"", ""Espl1"", ""Ska3"", ""Ncaph"", ""Cmc2"", ""Iqgap3"", ""Nsl1"", ""Mns1"", ""Banf1"", ""Lgals1"", ""Ncaph2"", ""Cenpk"", ""Tmem97"", ""Cdc45"", ""Tyms"", ""Smc1a"", ""Exosc8"", ""Ube2t"", ""Lsm3"", ""Kntc1"", ""Nt5dc2"", ""Lsm4"", ""Pih1d1"", ""Hjurp"", ""Phgdh"", ""Xrcc1"", ""Anapc15"", ""Psat1"", ""Lmnb2"", ""Rnaseh2c"", ""Snrpb"", ""Cbx5"", 
""Blm"", ""Tk1"", ""Galk1"", ""Syne2"", ""Cdk2ap1"", ""Suv39h1"", ""Fxn"", ""Mycn"", ""Smchd1"", ""Rad18"", ""Ndufb7"")"
"209","GROSS_HYPOXIA_VIA_ELK3_ONLY_DN","0.000836453875317691","0.0153853548292306","0.477270815362862","0.876672546927028","1.58447091365528","23","c(""Cenpa"", ""Stmn1"", ""Racgap1"", ""Cdc25b"", ""Cdkn2c"", ""Kif23"", ""Nde1"", ""Chek2"")"
"210","GOCC_CENTROSOME","1.55393246071143e-08","7.32274619088971e-07","0.73376198835648","0.740703223261677","1.58447753571723","253","c(""Cdk1"", ""Cdc20"", ""Cenpf"", ""Ccnb1"", ""Hmmr"", ""Ccnb2"", ""Aurka"", ""Plk1"", ""Dlgap5"", ""Tacc3"", ""Aspm"", ""Aurkb"", ""Kif2c"", ""Ckap2l"", ""Cep55"", ""Ccnf"", ""Kif20b"", ""Ndc80"", ""Knstrn"", ""Nek2"", ""Spag5"", ""Ckap2"", ""Kifc1"", ""Cdc25b"", ""Ska1"", ""Ckap5"", ""Calm2"", ""Kif23"", ""Espl1"", ""Nde1"", ""Ska3"", ""Cep89"", ""Poc1a"", ""Gpsm2"", ""Ccdc18"", ""Calm3"", ""Plk4"", ""Stil"", ""Cdc45"", ""Mdm1"", ""Odf2"", ""Fam110a"", ""Ccsap"", ""Haus4"", ""Cdk5rap2"", ""Tbc1d31"", ""Cep72"", ""Hyls1"", ""Ccdc77"", ""Cntln"", ""Dynll1"", ""Nudt21"", ""Mdh1"", ""Mastl"", ""Tubg1"", ""Ccdc61"", 
""Cep128"", ""Haus5"", ""Cntrl"", ""Gen1"")"
"211","GOBP_PROTEIN_LOCALIZATION_TO_CHROMOSOME_CENTROMERIC_REGION","0.000482679181491257","0.00942546812624365","0.49849310876659","0.927098735602818","1.58611024089783","15","c(""Cdk1"", ""Cenpa"", ""Aurkb"", ""Bub1b"", ""Bub3"", ""Ttk"", ""Spdl1"", ""Ctcf"", ""Zwilch"", ""Kntc1"")"
"212","GOBP_CENTROMERE_COMPLEX_ASSEMBLY","0.00072707783146122","0.013548358807163","0.477270815362862","0.893260174840083","1.58704098009575","19","c(""Cenpa"", ""Cenpe"", ""Dlgap5"", ""Cenpp"", ""Cenpw"", ""Cenpn"", ""Oip5"", ""Cenpi"", ""Cenpc1"", ""Cenpk"", ""Kntc1"", ""Cenph"", ""Hjurp"", ""Mis18a"")"
"213","GOBP_REGULATION_OF_MEIOTIC_CELL_CYCLE","0.00126042593311594","0.0216453042912065","0.45505986738723","0.899625033277703","1.58995923088769","18","c(""Cdc20"", ""Aspm"", ""Cdc25c"", ""Cdc25b"", ""Ttk"", ""Fzr1"", ""Fbxo5"", ""Rad51ap1"", ""Trip13"", ""Pkmyt1"")"
"214","GOBP_NEGATIVE_REGULATION_OF_CELLULAR_COMPONENT_ORGANIZATION","9.54102793833642e-09","4.68990873313744e-07","0.747739663149885","0.74335633642697","1.59009644025335","259","c(""Birc5"", ""Cdca8"", ""Cdc20"", ""Ccnb1"", ""Tpx2"", ""Cenpe"", ""Spc24"", ""Plk1"", ""Aurkb"", ""Stmn1"", ""Spc25"", ""Incenp"", ""Top2a"", ""Bub1b"", ""Ccnf"", ""Ndc80"", ""Pif1"", ""Bub1"", ""Nuf2"", ""Kif14"", ""Ckap2"", ""Cit"", ""Kifc1"", ""Hmgb1"", ""Mad2l1"", ""Bub3"", ""Ttk"", ""Fbxo5"", ""Spdl1"", ""Rad21"", ""Trip13"", ""Lgals1"", ""Zwilch"", ""Terf1"", ""Mdm1"", ""Kntc1"")"
"215","GOBP_ESTABLISHMENT_OF_MITOTIC_SPINDLE_LOCALIZATION","0.000537273964113694","0.0103149365096845","0.477270815362862","0.914790054595467","1.5968111752328","17","c(""Cenpa"", ""Nusap1"", ""Plk1"", ""Ndc80"", ""Sapcd2"", ""Mad2l1"", ""Spdl1"", ""Nde1"", ""Gpsm2"", ""Cdk5rap2"")"
"216","GOBP_REGULATION_OF_CELL_CYCLE_CHECKPOINT","0.000615487070826638","0.0117374825346271","0.477270815362862","0.867263547081539","1.59692191979027","27","c(""Birc5"", ""Cdca8"", ""Ccnb1"", ""Aurka"", ""Aurkb"", ""Incenp"", ""Ndc80"", ""Mad2l1"", ""Rnaseh2b"", ""Cdk5rap2"", ""Bard1"", ""Ddx39b"", ""Anapc15"", ""Chek2"", ""Gen1"")"
"217","GOCC_MICROTUBULE_ORGANIZING_CENTER","7.57401887444305e-10","4.18287455396051e-08","0.801215574617779","0.746077261769891","1.59743576810956","278","c(""Cdk1"", ""Birc5"", ""Cdc20"", ""Cenpf"", ""Ccnb1"", ""Hmmr"", ""Ccnb2"", ""Aurka"", ""Plk1"", ""Dlgap5"", ""Tacc3"", ""Aspm"", ""Aurkb"", ""Kif2c"", ""Top2a"", ""Ckap2l"", ""Cep55"", ""Ccnf"", ""Kif20b"", ""Ndc80"", ""Knstrn"", ""Nek2"", ""Spag5"", ""Ckap2"", ""Kifc1"", ""Cdc25b"", ""Ska1"", ""Ckap5"", ""Calm2"", ""Ran"", ""Kif23"", ""Espl1"", ""Nde1"", ""Ska3"", ""Cep89"", ""Poc1a"", ""Gpsm2"", ""Ccdc18"", ""Calm3"", ""Plk4"", ""Stil"", ""Smtn"", ""Cdc45"", ""Mdm1"", ""Odf2"", ""Fam110a"", ""Ccsap"", ""Haus4"", ""Cdk5rap2"", ""Tbc1d31"", ""Cep72"", ""Hyls1"", ""Ccdc77"", ""Cntln"", ""Dynll1"", ""Nudt21"", 
""Mdh1"", ""Mastl"", ""Tubg1"", ""Ccdc61"", ""Cep128"", ""Haus5"", ""Cntrl"", ""Gen1"")"
"218","REACTOME_NUCLEAR_ENVELOPE_BREAKDOWN","0.00046792474320228","0.00917439055433976","0.49849310876659","0.86379381173621","1.5991704736318","29","c(""Cdk1"", ""Ccnb1"", ""Ccnb2"", ""Plk1"", ""Lmnb1"", ""Nup37"", ""Banf1"", ""Nup205"", ""Nup62"")"
"219","GOMF_PROTEIN_SERINE_THREONINE_KINASE_ACTIVATOR_ACTIVITY","0.000885770509690369","0.0161880238662003","0.477270815362862","0.883159236448649","1.6003718956305","24","c(""Cks2"", ""Ccnb1"", ""Cks1b"", ""Calm2"", ""Dbf4"", ""Calm3"")"
"220","KUNINGER_IGF1_VS_PDGFB_TARGETS_DN","0.000416171822320773","0.00832635695043175","0.49849310876659","0.887158933505019","1.60342368522365","23","c(""Tpx2"", ""Ckap2l"", ""Spag5"", ""Anln"", ""Cdkn2d"", ""Cenph"")"
"221","GOBP_REGULATION_OF_ORGANELLE_ORGANIZATION","2.72740348612313e-13","2.50833139965711e-11","0.932595211336209","0.747599882518762","1.60381956718509","394","c(""Ube2c"", ""Cdk1"", ""Birc5"", ""Cdca8"", ""Cdc20"", ""Ccnb1"", ""Tpx2"", ""Cenpe"", ""Aurka"", ""Spc24"", ""Nusap1"", ""Plk1"", ""Mki67"", ""Tacc3"", ""Aurkb"", ""Stmn1"", ""Ncapg"", ""Spc25"", ""Incenp"", ""Top2a"", ""Bub1b"", ""Ccnf"", ""Smc2"", ""Ndc80"", ""Nek2"", ""Pif1"", ""Cdca2"", ""Bub1"", ""Ect2"", ""Nuf2"", ""Spag5"", ""Arl6ip1"", ""Ckap2"", ""Cit"", ""Kifc1"", ""Kif18a"", ""Mad2l1"", ""Ska1"", ""Bub3"", ""Ttk"", ""Ckap5"", ""Fzr1"", ""Ncapd2"", ""Psrc1"", ""Fbxo5"", ""Ska2"", ""Spdl1"", ""Ska3"", ""Ncaph"", ""Rad21"", ""Gpsm2"", ""Smc4"", ""Bora"", ""Rad51ap1"", ""Mns1"", ""Trip13"", ""Plk4"", 
""Stil"", ""Zwilch"", ""Terf1"", ""Mdm1"", ""Odf2"", ""Kntc1"", ""Rcc1"", ""Ccsap"", ""Cdk5rap2"")"
"222","BORLAK_LIVER_CANCER_EGF_UP","0.000505845523394846","0.00984413370101507","0.477270815362862","0.84879233658358","1.60395874936188","34","c(""Cdk1"", ""Ccnb1"", ""Mki67"", ""Ect2"", ""Rrm2"", ""Rbm3"", ""Anxa2"")"
"223","REACTOME_MITOTIC_PROPHASE","0.000641879648012964","0.0121191978575163","0.477270815362862","0.837797140166759","1.60420127131367","41","c(""Cdk1"", ""Ccnb1"", ""Ccnb2"", ""Plk1"", ""Smc2"", ""Lmnb1"", ""Smc4"", ""Nup37"", ""Banf1"", ""Ncaph2"", ""Ncapg2"", ""Ncapd3"", ""Mastl"", ""Nup205"", ""Nup62"")"
"224","GOBP_MICROTUBULE_DEPOLYMERIZATION","0.000394952190570421","0.00801429676381688","0.49849310876659","0.920005344058763","1.60591472030878","17","c(""Tpx2"", ""Kif2c"", ""Stmn1"", ""Kif18b"", ""Kif14"", ""Ckap2"", ""Kif18a"", ""Ccsap"")"
"225","GOMF_STRUCTURAL_CONSTITUENT_OF_CYTOSKELETON","0.000325380672862835","0.00672217607486916","0.49849310876659","0.867906389662545","1.60678422716991","29","c(""Tubb4b"", ""Tuba1c"", ""Tuba1b"", ""Tubb5"", ""Lmnb1"", ""Odf2"", ""Tubb2a"", ""Tuba1a"", ""Vim"", ""Tubg1"", ""Tubd1"", ""Lmnb2"")"
"226","GOBP_CELLULAR_PROCESS_INVOLVED_IN_REPRODUCTION_IN_MULTICELLULAR_ORGANISM","1.6927735699491e-05","0.000470838775407307","0.575610261071129","0.776522756080053","1.60779416924456","112","c(""Hmgb2"", ""Ccnb1"", ""Cenpe"", ""Ccnb2"", ""Aurka"", ""Plk1"", ""Aspm"", ""Top2a"", ""Ndc80"", ""Cdc25b"", ""Kif18a"", ""Ubb"", ""Ttk"", ""Fbxo5"", ""Ncaph"", ""Fignl1"", ""Mns1"", ""Trip13"", ""Ncaph2"", ""Ctcf"", ""Prdx4"", ""Brip1"", ""Ybx2"", ""Mastl"", ""Chtf18"", ""Cep128"", ""Cntrl"", ""Ddias"", ""Slirp"", ""Cep57"", ""Mast2"", ""Tdrkh"", ""H3f3a"")"
"227","REACTOME_ANCHORING_OF_THE_BASAL_BODY_TO_THE_PLASMA_MEMBRANE","0.000335010784987367","0.0068961425848302","0.49849310876659","0.817591180441217","1.61097560503936","51","c(""Cdk1"", ""Tubb4b"", ""Plk1"", ""Tubb5"", ""Nek2"", ""Ckap5"", ""Nde1"", ""Cep89"", ""Plk4"", ""Odf2"", ""Haus4"", ""Cdk5rap2"", ""Tuba1a"", ""Cep72"", ""Dynll1"", ""Tubg1"", ""Haus5"", ""Ywhae"", ""Cep57"", ""Haus7"", ""Ssna1"", ""Haus1"", ""Sclt1"")"
"228","GOBP_POSITIVE_REGULATION_OF_CELL_CYCLE_PHASE_TRANSITION","0.000107510681888658","0.00246195143826959","0.538434096309916","0.817024189632273","1.61247744973805","55","c(""Ube2c"", ""Cdk1"", ""Birc5"", ""Cdc20"", ""Ccnb1"", ""Cenpe"", ""Aurka"", ""Cdc25c"", ""Cdc25b"", ""Fam83d"", ""Lmnb1"", ""Fbxo5"", ""Rrm2"", ""Cdca5"", ""Dbf4"", ""Anp32b"", ""Rrm1"", ""Ezh2"", ""Stil"")"
"229","GOBP_POSITIVE_REGULATION_OF_MITOTIC_CELL_CYCLE","0.000199333708037549","0.00432167605790915","0.518848077743792","0.81147038503537","1.61251619131568","59","c(""Ube2c"", ""Cdk1"", ""Birc5"", ""Cdc20"", ""Ccnb1"", ""Cenpe"", ""Cdc25c"", ""Cdc25b"", ""Hmgb1"", ""Lmnb1"", ""Fbxo5"", ""Rrm2"", ""Cdca5"", ""Dbf4"", ""Anp32b"", ""Rrm1"", ""Stil"")"
"230","GOMF_CYTOSKELETAL_PROTEIN_BINDING","1.54272997059042e-10","9.56157205685499e-09","0.826657301178302","0.753488483498007","1.61395976186835","282","c(""Birc5"", ""Cenpe"", ""Prc1"", ""Kif11"", ""Spc24"", ""Nusap1"", ""Plk1"", ""Dlgap5"", ""Kif22"", ""Kif2c"", ""Stmn1"", ""Racgap1"", ""Kif20a"", ""Kif20b"", ""Knstrn"", ""Kif15"", ""Kif4"", ""Gas2l3"", ""Kif18b"", ""Kif14"", ""Spag5"", ""Anln"", ""Kifc1"", ""Kif18a"", ""Diaph3"", ""Ska1"", ""Fam83d"", ""Ckap5"", ""Psrc1"", ""Calm2"", ""Ska2"", ""Kif23"", ""Nde1"", ""Gtse1"", ""Hdgf"", ""Iqgap3"", ""Calm3"", ""Reep4"", ""Smtn"", ""Terf1"", ""Mdm1"", ""Gapdh"", ""Ccsap"", ""Haus4"", ""Cdk5rap2"")"
"231","GOBP_POSITIVE_REGULATION_OF_MITOTIC_CELL_CYCLE_PHASE_TRANSITION","0.000463833293198419","0.00917439055433976","0.49849310876659","0.828730282894027","1.61590516572239","46","c(""Ube2c"", ""Cdk1"", ""Birc5"", ""Cdc20"", ""Ccnb1"", ""Cenpe"", ""Cdc25c"", ""Cdc25b"", ""Lmnb1"", ""Fbxo5"", ""Rrm2"", ""Cdca5"", ""Dbf4"", ""Anp32b"", ""Rrm1"", ""Stil"")"
"232","GOBP_ESTABLISHMENT_OR_MAINTENANCE_OF_CELL_POLARITY","0.000127114499150227","0.00286484930495888","0.518848077743792","0.812188046915977","1.61647456633275","60","c(""Cenpa"", ""Plk1"", ""Kif2c"", ""Kif20b"", ""Ndc80"", ""Sapcd2"", ""Spag5"", ""Mad2l1"", ""Ckap5"", ""Spdl1"", ""Nde1"", ""Gpsm2"", ""Cdk5rap2"", ""Pdzd11"", ""Wee1"")"
"233","GOBP_POSITIVE_REGULATION_OF_CHROMOSOME_SEGREGATION","0.000320730078808173","0.00665019239768801","0.49849310876659","0.894851744983611","1.61762492643682","22","c(""Cdk1"", ""Birc5"", ""Cdca8"", ""Ccnb1"", ""Cenpe"", ""Aurkb"", ""Ncapg"", ""Incenp"", ""Smc2"", ""Ncapd2"", ""Ncaph"", ""Smc4"", ""Ncaph2"", ""Ncapg2"", ""Ncapd3"")"
"234","KAMMINGA_EZH2_TARGETS","0.000103628546302362","0.00238262085087124","0.538434096309916","0.852793077407444","1.6183880849855","37","c(""Kpna2"", ""Ccnb2"", ""Prc1"", ""Aurka"", ""Nusap1"", ""Mki67"", ""Tacc3"", ""Aurkb"", ""Top2a"", ""Smc2"", ""Nek2"", ""Ect2"", ""Mad2l1"", ""Cdca5"", ""Dbf4"", ""Smc4"", ""Rrm1"", ""Gmnn"", ""Rpa3"", ""Rbl1"")"
"235","GOBP_NEURAL_PRECURSOR_CELL_PROLIFERATION","6.36437134454498e-05","0.00156420885373256","0.538434096309916","0.802644685034952","1.619628163056","71","c(""Tacc3"", ""Aspm"", ""Racgap1"", ""Shcbp1"", ""Kif14"", ""Melk"", ""Nde1"")"
"236","GOBP_CELL_CYCLE_CHECKPOINT_SIGNALING","2.83471340137233e-05","0.0007380609961016","0.575610261071129","0.790535269615836","1.62109212851299","92","c(""Cdk1"", ""Birc5"", ""Cdca8"", ""Cdc20"", ""Ccnb1"", ""Cenpe"", ""Aurka"", ""Spc24"", ""Plk1"", ""Aurkb"", ""Spc25"", ""Incenp"", ""Bub1b"", ""Ndc80"", ""Bub1"", ""Nuf2"", ""Mad2l1"", ""Bub3"", ""Ttk"", ""Fzr1"", ""Spdl1"", ""Trip13"", ""Rnaseh2b"", ""Stil"", ""Eme1"", ""Zwilch"", ""Rhno1"", ""Fancd2"", ""Kntc1"", ""Cdk5rap2"", ""Ticrr"", ""Bard1"", ""Ddx39b"")"
"237","GOBP_REGULATION_OF_CELL_CYCLE_PHASE_TRANSITION","1.39002461651341e-07","5.62122011585778e-06","0.690132458796796","0.760608650291866","1.62163079300747","186","c(""Ube2c"", ""Cdk1"", ""Birc5"", ""Cdca8"", ""Cdc20"", ""Cenpf"", ""Ccnb1"", ""Cenpe"", ""Aurka"", ""Spc24"", ""Plk1"", ""Aurkb"", ""Spc25"", ""Incenp"", ""Bub1b"", ""Ndc80"", ""Bub1"", ""Cdc25c"", ""Nuf2"", ""Kif14"", ""Cdc25b"", ""Cdkn2c"", ""Mad2l1"", ""Bub3"", ""Ttk"", ""Fam83d"", ""Fzr1"", ""Lmnb1"", ""Fbxo5"", ""Rrm2"", ""Cdca5"", ""Spdl1"", ""Dbf4"", ""Anp32b"", ""Rad21"", ""Rrm1"", ""Ezh2"", ""Cdkn2d"", ""Trip13"", ""Rnaseh2b"", ""Stil"", ""Eme1"", ""Zwilch"", ""Rhno1"", ""Fancd2"", ""Kntc1"", ""Cdk5rap2"", ""Ticrr"", ""Bard1"", ""Ddx39b"", ""Pkmyt1"", ""Rbl1"", ""Miip"", ""Anapc15"", ""E2f7"", 
""Chek2"", ""Gen1"", ""Cdc7"", ""Rbbp8"", ""Anapc5"", ""Bcl7c"")"
"238","YAMAZAKI_TCEB3_TARGETS_DN","2.35739078846395e-06","7.30534906294643e-05","0.627256739718528","0.777541360662688","1.62266813538048","121","c(""Cks2"", ""Tubb4b"", ""Kpna2"", ""Ube2s"", ""Aurka"", ""Kif11"", ""Nusap1"", ""Tuba1b"", ""Top2a"", ""Tubb5"", ""Bub1b"", ""Kif20a"", ""Nek2"", ""Ect2"", ""Arl6ip1"", ""Esco2"", ""Psrc1"", ""Dbf4"", ""G2e3"", ""Rbm3"")"
"239","GOBP_REGULATION_OF_MICROTUBULE_BASED_PROCESS","1.81178138352503e-05","0.000499071374341049","0.575610261071129","0.795543918855791","1.62360739725893","82","c(""Tpx2"", ""Plk1"", ""Tacc3"", ""Stmn1"", ""Ccnf"", ""Spag5"", ""Ckap2"", ""Kifc1"", ""Kif18a"", ""Ska1"", ""Ckap5"", ""Psrc1"", ""Ska2"", ""Ska3"", ""Poc1a"", ""Gpsm2"", ""Bora"", ""Plk4"", ""Stil"", ""Mdm1"", ""Ccsap"", ""Cdk5rap2"")"
"240","GOBP_MICROTUBULE_POLYMERIZATION_OR_DEPOLYMERIZATION","0.000236128709825233","0.00502390262471447","0.518848077743792","0.831423511186814","1.62480061082496","47","c(""Tpx2"", ""Kif2c"", ""Stmn1"", ""Kif18b"", ""Kif14"", ""Ckap2"", ""Kif18a"", ""Ska1"", ""Ckap5"", ""Psrc1"", ""Fbxo5"", ""Ska2"", ""Nde1"", ""Ska3"", ""Ccsap"", ""Cdk5rap2"", ""Tuba1a"", ""Tubg1"")"
"241","GOBP_POSITIVE_REGULATION_OF_CYTOKINESIS","0.000156073911251741","0.00344935442619157","0.518848077743792","0.914601613590245","1.62495797093973","19","c(""Birc5"", ""Cdca8"", ""Aurkb"", ""Incenp"", ""Racgap1"", ""Kif20b"", ""Ect2"", ""Kif14"", ""Cit"", ""Cdc25b"", ""Kif23"")"
"242","GOBP_ESTABLISHMENT_OF_CELL_POLARITY","0.000174477848151098","0.00382643342368293","0.518848077743792","0.826914493758711","1.62711130443698","49","c(""Cenpa"", ""Plk1"", ""Kif20b"", ""Ndc80"", ""Sapcd2"", ""Spag5"", ""Mad2l1"", ""Spdl1"", ""Nde1"", ""Gpsm2"", ""Cdk5rap2"", ""Wee1"")"
"243","DESCARTES_ORGANOGENESIS_PRIMITIVE_ERYTHROID_LINEAGE","1.4597384772104e-08","6.93619066421142e-07","0.747739663149885","0.761596789485377","1.62986323920612","201","c(""Cks2"", ""Cdca8"", ""Cenpf"", ""Tubb4b"", ""Tpx2"", ""Hmmr"", ""Cenpe"", ""Ccnb2"", ""Kif11"", ""Tuba1c"", ""Nusap1"", ""Mki67"", ""Dlgap5"", ""Aspm"", ""Cdkn3"", ""Top2a"", ""Ckap2l"", ""Ndc80"", ""Nuf2"", ""Kif18b"", ""Kif14"", ""Anln"", ""Cit"", ""Cdkn2c"", ""Diaph3"", ""Ncapd2"", ""Cenpl"", ""Ankle1"", ""Anp32b"", ""Fignl1"", ""Smc4"", ""Hdgf"", ""Nsl1"", ""Rangap1"", ""Serinc3"", ""Mrpl51"", ""Gmnn"", ""Nudt4"", ""Nt5dc2"", ""Ttf2"", ""Ncapg2"")"
"244","REACTOME_REGULATION_OF_PLK1_ACTIVITY_AT_G2_M_TRANSITION","0.000175300856868792","0.00382975281940939","0.518848077743792","0.83233868116437","1.63236700749926","48","c(""Cdk1"", ""Ccnb1"", ""Tubb4b"", ""Ccnb2"", ""Aurka"", ""Plk1"", ""Tubb5"", ""Nek2"", ""Ubb"", ""Ckap5"", ""Nde1"", ""Bora"", ""Plk4"", ""Odf2"", ""Haus4"", ""Cdk5rap2"", ""Tuba1a"", ""Cep72"", ""Dynll1"", ""Tubg1"", ""Haus5"", ""Ywhae"", ""Cep57"")"
"245","REACTOME_RECRUITMENT_OF_NUMA_TO_MITOTIC_CENTROSOMES","0.00014801429841106","0.00328395925890997","0.518848077743792","0.830322004752752","1.63606032694996","51","c(""Cdk1"", ""Tubb4b"", ""Tuba1c"", ""Plk1"", ""Tuba1b"", ""Tubb5"", ""Nek2"", ""Ckap5"", ""Nde1"", ""Plk4"", ""Odf2"", ""Tubb2a"", ""Haus4"", ""Cdk5rap2"", ""Tuba1a"", ""Cep72"", ""Dynll1"", ""Tubg1"", ""Haus5"", ""Ywhae"", ""Cep57"", ""Mzt1"", ""Haus7"", ""Ssna1"", ""Haus1"")"
"246","GOBP_CHROMOSOME_CONDENSATION","0.000133656128498849","0.00298865586157034","0.518848077743792","0.905485216320584","1.63684706952998","22","c(""Cdk1"", ""Ccnb1"", ""Nusap1"", ""Ncapg"", ""Top2a"", ""Smc2"", ""Ncapd2"", ""Cdca5"", ""Ncaph"", ""Smc4"", ""Ncaph2"", ""Ncapg2"", ""Ncapd3"")"
"247","GOBP_NEGATIVE_REGULATION_OF_CELL_CYCLE","1.66221201175581e-07","6.53650544209077e-06","0.690132458796796","0.774649740910546","1.63765483224141","161","c(""Cdk1"", ""Birc5"", ""Cdca8"", ""Cdc20"", ""Ccnb1"", ""Cenpe"", ""Aurka"", ""Spc24"", ""Plk1"", ""Aurkb"", ""Spc25"", ""Incenp"", ""Bub1b"", ""Ccnf"", ""Ndc80"", ""Nek2"", ""Bub1"", ""Nuf2"", ""Kifc1"", ""Cdkn2c"", ""Mad2l1"", ""Bub3"", ""Ttk"", ""Fzr1"", ""Fbxo5"", ""Spdl1"", ""Rad21"", ""Ezh2"", ""Cdkn2d"", ""Trip13"", ""Rnaseh2b"", ""Stil"", ""E2f8"", ""Eme1"", ""Zwilch"", ""Gmnn"", ""Rhno1"", ""Mdm1"", ""Fancd2"", ""Kntc1"", ""Cdk5rap2"", ""Ticrr"", ""Bard1"", ""Ddx39b"", ""Pkmyt1"", ""Rbl1"", ""Miip"", ""Chtf18"", ""Anapc15"", ""E2f7"", ""Chek2"", ""Gen1"")"
"248","GOBP_PROTEIN_DEPOLYMERIZATION","7.85345960486081e-05","0.00187365801953625","0.538434096309916","0.858446677834685","1.63817136847287","38","c(""Tpx2"", ""Kif2c"", ""Stmn1"", ""Kif18b"", ""Kif14"", ""Ckap2"", ""Kif18a"", ""Ccsap"")"
"249","HU_GENOTOXIC_DAMAGE_4HR","7.95105172224056e-05","0.0018811990423326","0.538434096309916","0.90829958921706","1.6416326541126","23","c(""Cks2"", ""Cdc20"", ""Kpna2"", ""Prc1"", ""Aurka"", ""Kif22"", ""Nek2"", ""Bub1"", ""Ect2"", ""Cdc25c"", ""Anln"", ""Ifnar2"")"
"250","GOBP_CELL_CYCLE_G2_M_PHASE_TRANSITION","2.28344782013494e-05","0.000620010450971878","0.575610261071129","0.806774973591476","1.64248070724219","76","c(""Cdk1"", ""Birc5"", ""Cenpf"", ""Ccnb1"", ""Ccna2"", ""Ccnb2"", ""Plk1"", ""Aurkb"", ""Ndc80"", ""Cdc25c"", ""Kif14"", ""Cit"", ""Cdc25b"", ""Foxm1"", ""Fzr1"", ""Lmnb1"", ""Fbxo5"", ""Calm2"", ""Rad21"", ""Rrm1"", ""Calm3"", ""Rnaseh2b"", ""Ticrr"", ""Bard1"", ""Pkmyt1"", ""Miip"", ""Mastl"", ""Chek2"", ""Cdc7"", ""Rbbp8"")"
"251","HALLMARK_SPERMATOGENESIS","8.5524179970607e-05","0.00201247823350601","0.538434096309916","0.853895440416956","1.6432983984006","42","c(""Cdk1"", ""Ccnb2"", ""Aurka"", ""Cdkn3"", ""Kif2c"", ""Nek2"", ""Bub1"", ""Ttk"", ""Dbf4"", ""Ncaph"", ""Ezh2"", ""Ybx2"")"
"252","GOBP_CELL_CYCLE_PHASE_TRANSITION","3.07661148473515e-10","1.80854007071751e-08","0.814035837847908","0.769203532083159","1.64500142544547","235","c(""Ube2c"", ""Cks2"", ""Cdk1"", ""Birc5"", ""Cdca8"", ""Cdc20"", ""Cenpf"", ""Ccnb1"", ""Ccna2"", ""Ube2s"", ""Cenpe"", ""Ccnb2"", ""Aurka"", ""Spc24"", ""Plk1"", ""Tacc3"", ""Aurkb"", ""Cks1b"", ""Spc25"", ""Incenp"", ""Bub1b"", ""Ccnf"", ""Ndc80"", ""Bub1"", ""Cdc25c"", ""Nuf2"", ""Kif14"", ""Cit"", ""Cdc25b"", ""Cdkn2c"", ""Foxm1"", ""Mad2l1"", ""Bub3"", ""Ttk"", ""Fam83d"", ""Fzr1"", ""Lmnb1"", ""Fbxo5"", ""Calm2"", ""Rrm2"", ""Cdca5"", ""Spdl1"", ""Dbf4"", ""Anp32b"", ""Rad21"", ""Rrm1"", ""Ezh2"", ""Iqgap3"", ""Cdkn2d"", ""Trip13"", ""Calm3"", ""Rnaseh2b"", ""Stil"", ""Eme1"", ""Zwilch"", ""Rhno1"", 
""Fancd2"", ""Kntc1"", ""Rcc1"", ""Cdk5rap2"", ""Ticrr"", ""Bard1"", ""Ddx39b"", ""Pkmyt1"", ""Rbl1"", ""Miip"", ""Mastl"")"
"253","GOBP_FEMALE_GAMETE_GENERATION","6.46723781929175e-05","0.0015826691006696","0.538434096309916","0.839550855433667","1.64797107293664","52","c(""Ccnb1"", ""Cenpe"", ""Ccnb2"", ""Aurka"", ""Plk1"", ""Aspm"", ""Top2a"", ""Ndc80"", ""Cdc25b"", ""Ubb"", ""Ttk"", ""Fbxo5"", ""Ncaph"", ""Trip13"", ""Ncaph2"", ""Ybx2"", ""Mastl"", ""Cntrl"", ""Msh5"")"
"254","GOBP_REGULATION_OF_MITOTIC_CELL_CYCLE_PHASE_TRANSITION","6.68304779665602e-08","2.91522067773268e-06","0.704975715167238","0.781458965606765","1.64830164595542","152","c(""Ube2c"", ""Cdk1"", ""Birc5"", ""Cdca8"", ""Cdc20"", ""Cenpf"", ""Ccnb1"", ""Cenpe"", ""Spc24"", ""Plk1"", ""Aurkb"", ""Spc25"", ""Incenp"", ""Bub1b"", ""Ndc80"", ""Bub1"", ""Cdc25c"", ""Nuf2"", ""Kif14"", ""Cdc25b"", ""Cdkn2c"", ""Mad2l1"", ""Bub3"", ""Ttk"", ""Fzr1"", ""Lmnb1"", ""Fbxo5"", ""Rrm2"", ""Cdca5"", ""Spdl1"", ""Dbf4"", ""Anp32b"", ""Rad21"", ""Rrm1"", ""Ezh2"", ""Cdkn2d"", ""Trip13"", ""Rnaseh2b"", ""Stil"", ""Zwilch"", ""Kntc1"", ""Cdk5rap2"", ""Ticrr"", ""Bard1"", ""Rbl1"", ""Miip"", ""Anapc15"", ""E2f7"", ""Gen1"", ""Cdc7"", ""Rbbp8"", ""Anapc5"", ""Bcl7c"")"
"255","SAP30_TARGET_GENES","4.2221229476769e-06","0.000125570576219136","0.610526878385931","0.801942423541976","1.65011458013544","95","c(""Birc5"", ""Cenpf"", ""Tpx2"", ""Ccna2"", ""Ccnb2"", ""Aurka"", ""Hmgn2"", ""Tacc3"", ""Mis18bp1"", ""Kif2c"", ""Pbk"", ""Ccnf"", ""Ndc80"", ""Kif15"", ""Cdca2"", ""Bub1"", ""Ect2"", ""Nuf2"", ""Smc4"", ""Nsl1"", ""Trip13"", ""Mtfr2"", ""Rnaseh2b"")"
"256","REACTOME_AURKA_ACTIVATION_BY_TPX2","6.79844225881994e-05","0.00165661187007655","0.538434096309916","0.854430485078637","1.65022981908601","44","c(""Cdk1"", ""Tubb4b"", ""Tpx2"", ""Hmmr"", ""Aurka"", ""Plk1"", ""Tubb5"", ""Nek2"", ""Ckap5"", ""Nde1"", ""Plk4"", ""Odf2"", ""Haus4"", ""Cdk5rap2"", ""Tuba1a"", ""Cep72"", ""Dynll1"", ""Tubg1"", ""Haus5"", ""Ywhae"", ""Cep57"")"
"257","GOBP_MITOTIC_CELL_CYCLE_CHECKPOINT_SIGNALING","2.37074250809645e-05","0.000634646656392768","0.575610261071129","0.815244742493889","1.65046521607338","72","c(""Cdk1"", ""Birc5"", ""Cdca8"", ""Cdc20"", ""Ccnb1"", ""Cenpe"", ""Spc24"", ""Plk1"", ""Aurkb"", ""Spc25"", ""Incenp"", ""Bub1b"", ""Ndc80"", ""Bub1"", ""Nuf2"", ""Mad2l1"", ""Bub3"", ""Ttk"", ""Fzr1"", ""Spdl1"", ""Trip13"", ""Stil"", ""Eme1"", ""Zwilch"", ""Fancd2"", ""Kntc1"", ""Cdk5rap2"", ""Ticrr"", ""Bard1"", ""Anapc15"", ""Chek2"", ""Gen1"")"
"258","GOBP_POSITIVE_REGULATION_OF_CHROMOSOME_SEPARATION","6.16634006355794e-05","0.00153539174857674","0.538434096309916","0.914881218038428","1.65383223681924","22","c(""Ube2c"", ""Birc5"", ""Cdca8"", ""Cdc20"", ""Cenpe"", ""Aurkb"", ""Ncapg"", ""Incenp"", ""Smc2"", ""Ncapd2"", ""Ncaph"", ""Smc4"", ""Ncaph2"", ""Ncapg2"", ""Ncapd3"")"
"259","GOBP_SPINDLE_LOCALIZATION","5.84392177120957e-05","0.00146149306751917","0.557332238758646","0.915647317467307","1.65521711597853","22","c(""Cenpa"", ""Nusap1"", ""Plk1"", ""Aspm"", ""Ndc80"", ""Sapcd2"", ""Spag5"", ""Mad2l1"", ""Spdl1"", ""Nde1"", ""Gpsm2"", ""Cdk5rap2"")"
"260","GOBP_REGULATION_OF_MICROTUBULE_CYTOSKELETON_ORGANIZATION","3.8005820641019e-05","0.000963151952422624","0.557332238758646","0.8434716167601","1.6572671141261","50","c(""Tpx2"", ""Plk1"", ""Tacc3"", ""Stmn1"", ""Spag5"", ""Ckap2"", ""Kif18a"", ""Ska1"", ""Ckap5"", ""Psrc1"", ""Ska2"", ""Ska3"", ""Gpsm2"", ""Bora"", ""Stil"", ""Ccsap"", ""Cdk5rap2"")"
"261","REACTOME_MITOTIC_G2_G2_M_PHASES","6.40574563429346e-07","2.12357916318264e-05","0.659444398037935","0.798703820899024","1.65910942783961","108","c(""Cdk1"", ""Ccnb1"", ""Tubb4b"", ""Tpx2"", ""Ccna2"", ""Hmmr"", ""Ccnb2"", ""Aurka"", ""Tuba1c"", ""Plk1"", ""Tuba1b"", ""Tubb5"", ""Nek2"", ""Cdc25c"", ""Cdc25b"", ""Foxm1"", ""Ubb"", ""Ckap5"", ""Nde1"", ""Gtse1"", ""Bora"", ""Plk4"", ""Odf2"", ""Tubb2a"", ""Haus4"", ""Cdk5rap2"", ""Psmc1"", ""Tuba1a"", ""Cep72"", ""Pkmyt1"", ""Dynll1"", ""Tubg1"", ""Wee1"", ""Haus5"", ""Ywhae"", ""Xpo1"", ""Cep57"", ""Mzt1"", ""Psmb7"", ""Psmd1"", ""Psmd14"", ""Haus7"")"
"262","GOBP_MEIOTIC_CHROMOSOME_SEGREGATION","2.91608797174212e-05","0.000754670547130303","0.575610261071129","0.861753890440697","1.65951783639812","43","c(""Cenpe"", ""Ccnb2"", ""Aurka"", ""Plk1"", ""Aspm"", ""Top2a"", ""Smc2"", ""Ndc80"", ""Nuf2"", ""Ttk"", ""Fbxo5"", ""Espl1"", ""Ncaph"", ""Smc4"", ""Cenpc1"", ""Trip13"", ""Ncaph2"", ""Terf1"", ""Fancd2"", ""Brip1"", ""Ncapd3"")"
"263","GOBP_NEGATIVE_REGULATION_OF_CELL_CYCLE_PROCESS","1.11217744494577e-07","4.52973985077201e-06","0.704975715167238","0.789205614112526","1.66138593688229","136","c(""Cdk1"", ""Birc5"", ""Cdca8"", ""Cdc20"", ""Ccnb1"", ""Cenpe"", ""Aurka"", ""Spc24"", ""Plk1"", ""Aurkb"", ""Spc25"", ""Incenp"", ""Bub1b"", ""Ccnf"", ""Ndc80"", ""Nek2"", ""Bub1"", ""Nuf2"", ""Kifc1"", ""Mad2l1"", ""Bub3"", ""Ttk"", ""Fzr1"", ""Fbxo5"", ""Spdl1"", ""Rad21"", ""Ezh2"", ""Cdkn2d"", ""Trip13"", ""Rnaseh2b"", ""Stil"", ""E2f8"", ""Eme1"", ""Zwilch"", ""Rhno1"", ""Mdm1"", ""Fancd2"", ""Kntc1"", ""Cdk5rap2"", ""Ticrr"", ""Bard1"", ""Ddx39b"", ""Pkmyt1"", ""Rbl1"", ""Miip"", ""Chtf18"", ""Anapc15"", ""E2f7"", ""Chek2"", ""Gen1"")"
"264","REACTOME_REGULATION_OF_APC_C_ACTIVATORS_BETWEEN_G1_S_AND_EARLY_ANAPHASE","2.55032407359603e-05","0.000670135846435234","0.575610261071129","0.919476289374916","1.66183307714723","23","c(""Ube2c"", ""Cdk1"", ""Cdc20"", ""Ccnb1"", ""Ccna2"", ""Ube2s"", ""Plk1"", ""Bub1b"", ""Mad2l1"", ""Ubb"", ""Bub3"", ""Fzr1"", ""Fbxo5"")"
"265","GOBP_MICROTUBULE_BASED_MOVEMENT","2.29899851418785e-06","7.16332761087385e-05","0.627256739718528","0.812455201141041","1.66270663991408","87","c(""Cenpe"", ""Kif11"", ""Kif22"", ""Kif2c"", ""Kif20a"", ""Kif20b"", ""Kif15"", ""Kif4"", ""Kif18b"", ""Kif14"", ""Kifc1"", ""Kif18a"", ""Ubb"", ""Kif23"", ""Nde1"", ""Mns1"", ""Tuba1a"", ""Dynll1"", ""Cep128"", ""Slirp"")"
"266","GOCC_SPINDLE_MIDZONE","2.42471144231953e-05","0.000646060964677848","0.575610261071129","0.917616576232991","1.66281200372561","24","c(""Cdca8"", ""Cenpe"", ""Prc1"", ""Aurka"", ""Plk1"", ""Aurkb"", ""Incenp"", ""Racgap1"", ""Kif20b"", ""Kif18b"", ""Kif14"", ""Kif18a"")"
"267","REACTOME_NUCLEAR_ENVELOPE_NE_REASSEMBLY","1.13551805650208e-05","0.000323736197908742","0.593325476396405","0.876301944251535","1.66300203765459","37","c(""Cdk1"", ""Ccnb1"", ""Tubb4b"", ""Ccnb2"", ""Tuba1c"", ""Tuba1b"", ""Lmnb1"", ""Ran"", ""Nup37"", ""Banf1"", ""Rangap1"", ""Rcc1"", ""Tubb2a"", ""Tuba1a"")"
"268","GOCC_MICROTUBULE_CYTOSKELETON","1.40883235954273e-19","5.02072632132041e-17","1.14219120216838","0.775389730776385","1.66368258265413","444","c(""Cdk1"", ""Birc5"", ""Cdca8"", ""Cdc20"", ""Cenpf"", ""Ccnb1"", ""Tubb4b"", ""Tpx2"", ""Hmmr"", ""Cenpe"", ""Ccnb2"", ""Prc1"", ""Aurka"", ""Kif11"", ""Tuba1c"", ""Nusap1"", ""Plk1"", ""Dlgap5"", ""Tacc3"", ""Aspm"", ""Aurkb"", ""Kif22"", ""Tuba1b"", ""Kif2c"", ""Stmn1"", ""Incenp"", ""Racgap1"", ""Top2a"", ""Tubb5"", ""Ckap2l"", ""Cep55"", ""Bub1b"", ""Kif20a"", ""Ccnf"", ""Kif20b"", ""Ndc80"", ""Knstrn"", ""Kif15"", ""Nek2"", ""Kif4"", ""Ect2"", ""Gas2l3"", ""Kif18b"", ""Kif14"", ""Spag5"", ""Ckap2"", ""Kifc1"", ""Cdc25b"", ""Kif18a"", ""Mad2l1"", ""Ska1"", ""Fam83d"", ""Ckap5"", ""Psrc1"", ""Fbxo5"", 
""Calm2"", ""Ska2"", ""Ran"", ""Spdl1"", ""Kif23"", ""Espl1"", ""Nde1"", ""Ska3"", ""Gtse1"", ""Cep89"", ""Poc1a"", ""Gpsm2"", ""Bora"", ""Ccdc18"", ""Nsl1"", ""Mns1"", ""Calm3"", ""Plk4"", ""Reep4"", ""Nudcd2"", ""Rangap1"", ""Stil"", ""Smtn"", ""Dsn1"", ""Cdc45"", ""Smc1a"", ""Pmf1"", ""Terf1"", ""Mdm1"", ""Odf2"", ""Kntc1"", ""Nsmce1"", ""Tubb2a"", ""Fam110a"", ""Gapdh"", ""Ccsap"", ""Haus4"", ""Cdk5rap2"", ""Tbc1d31"", ""Tuba1a"", ""Cbx3"", ""Cep72"", ""Hyls1"", ""Ccdc77"", ""Dynlt1f"", ""Rassf3"", ""Cntln"", ""Dynll1"", ""Nudt21"", ""Mdh1"", ""Mastl"", ""Tubg1"", ""Ccdc61"", ""Cep128"", ""Tubd1"", ""Haus5"", 
""Cntrl"", ""Gen1"", ""Ywhae"", ""Pkp4"", ""Cdc7"", ""Anapc5"", ""Cep57"", ""Mzt1"", ""Mast2"")"
"269","PAL_PRMT5_TARGETS_UP","2.23666342037442e-07","8.28146417076296e-06","0.690132458796796","0.795548736109994","1.66371205719194","127","c(""Cks2"", ""Cdc20"", ""Kpna2"", ""Ccnb2"", ""Hmgn2"", ""Kif11"", ""Mki67"", ""Tacc3"", ""Aurkb"", ""Cks1b"", ""Stmn1"", ""Incenp"", ""Racgap1"", ""Ect2"", ""Cdc25c"", ""Tmpo"", ""Anp32e"", ""Ttk"", ""Kif23"", ""Nde1"", ""Anp32b"", ""Fignl1"", ""Rrm1"", ""Rbm3"", ""Trip13"", ""Calm3"", ""Emp3"", ""Lsm2"", ""Tyms"", ""Gmnn"", ""Lsm3"", ""Tubb2a"")"
"270","GOBP_NEGATIVE_REGULATION_OF_MITOTIC_CELL_CYCLE","6.29109468470329e-07","2.11010717012813e-05","0.659444398037935","0.805942096781511","1.66593509913631","101","c(""Cdk1"", ""Birc5"", ""Cdca8"", ""Cdc20"", ""Ccnb1"", ""Cenpe"", ""Spc24"", ""Plk1"", ""Aurkb"", ""Spc25"", ""Incenp"", ""Bub1b"", ""Ndc80"", ""Bub1"", ""Nuf2"", ""Mad2l1"", ""Bub3"", ""Ttk"", ""Fzr1"", ""Fbxo5"", ""Spdl1"", ""Rad21"", ""Ezh2"", ""Trip13"", ""Stil"", ""Eme1"", ""Zwilch"", ""Fancd2"", ""Kntc1"", ""Cdk5rap2"", ""Ticrr"", ""Bard1"", ""Rbl1"", ""Miip"", ""Anapc15"", ""E2f7"", ""Chek2"", ""Gen1"")"
"271","GOBP_POSITIVE_REGULATION_OF_CELL_DIVISION","2.46756163646773e-05","0.00065139057644162","0.575610261071129","0.89751508097942","1.66807417461682","30","c(""Birc5"", ""Cdca8"", ""Aurkb"", ""Incenp"", ""Racgap1"", ""Kif20b"", ""Ect2"", ""Kif14"", ""Cit"", ""Cdc25b"", ""Kif23"")"
"272","GOBP_REGULATION_OF_CELL_CYCLE","6.70977363337296e-19","2.12550718097181e-16","1.12391496374483","0.778506077844529","1.67021060327207","404","c(""Ube2c"", ""Cks2"", ""Cdk1"", ""Birc5"", ""Cdca8"", ""Cdc20"", ""Cenpf"", ""Ccnb1"", ""Tpx2"", ""Ccna2"", ""Cenpe"", ""Ccnb2"", ""Prc1"", ""Aurka"", ""Kif11"", ""Spc24"", ""Nusap1"", ""Plk1"", ""Mki67"", ""Dlgap5"", ""Tacc3"", ""Aspm"", ""Aurkb"", ""Cdkn3"", ""Cks1b"", ""Kif2c"", ""Ncapg"", ""Spc25"", ""Incenp"", ""Racgap1"", ""Bub1b"", ""Kif20a"", ""Ccnf"", ""Kif20b"", ""Smc2"", ""Ndc80"", ""Knstrn"", ""Nek2"", ""Cdca2"", ""Bub1"", ""Ect2"", ""Cdc25c"", ""Nuf2"", ""Kif14"", ""Spag5"", ""Cit"", ""Kifc1"", ""Cdc25b"", ""Cdkn2c"", ""Foxm1"", ""Hmgb1"", ""Mad2l1"", ""Bub3"", ""Ttk"", ""Fam83d"", ""Fzr1"", 
""Lmnb1"", ""Prr11"", ""Ncapd2"", ""Psrc1"", ""Fbxo5"", ""Calm2"", ""Rrm2"", ""Cdca5"", ""Spdl1"", ""Kif23"", ""Dbf4"", ""Ncaph"", ""Anp32b"", ""Rad21"", ""Poc1a"", ""Gpsm2"", ""Fignl1"", ""Smc4"", ""Bora"", ""Rrm1"", ""Ezh2"", ""Rad51ap1"", ""Cdkn2d"", ""Trip13"", ""Calm3"", ""Plk4"", ""Rnaseh2b"", ""Ncaph2"", ""Stil"", ""E2f8"", ""Eme1"", ""Zwilch"", ""Gmnn"", ""Rhno1"", ""Mdm1"", ""Fancd2"", ""Kntc1"", ""Rcc1"", ""Ccsap"", ""Cdk5rap2"", ""Ncapg2"", ""Ticrr"", ""Ncapd3"", ""Rpa3"", ""Bard1"", ""Ddx39b"", ""Pkmyt1"", ""Rbl1"", ""Miip"", ""Mastl"", ""Tubg1"", ""Chtf18"", ""Brd8"", ""Anapc15"", ""E2f7"", 
""Chek2"", ""Gen1"", ""Ddias"", ""Ywhae"", ""Xpo1"", ""Pkp4"", ""Cdc7"", ""Rbbp8"", ""Anapc5"", ""Bcl7c"", ""E2f2"", ""Nup62"", ""Eif4e"", ""Blm"")"
"273","GOCC_SUPRAMOLECULAR_COMPLEX","1.04679047243151e-19","3.97919951586966e-17","1.15122052214226","0.779448031544037","1.67261408362308","421","c(""Cdk1"", ""Birc5"", ""Cdc20"", ""Cenpf"", ""Ccnb1"", ""Tubb4b"", ""Tpx2"", ""Kpna2"", ""Cenpe"", ""Prc1"", ""Aurka"", ""Kif11"", ""Tuba1c"", ""Spc24"", ""Nusap1"", ""Plk1"", ""Aspm"", ""Aurkb"", ""Kif22"", ""Tuba1b"", ""Kif2c"", ""Stmn1"", ""Spc25"", ""Incenp"", ""Tubb5"", ""Bub1b"", ""Kif20a"", ""Kif20b"", ""Ndc80"", ""Knstrn"", ""Kif15"", ""Nek2"", ""Bub1"", ""Kif4"", ""Gas2l3"", ""Nuf2"", ""Kif18b"", ""Kif14"", ""Spag5"", ""Ckap2"", ""Kifc1"", ""Kif18a"", ""Diaph3"", ""Mad2l1"", ""Ska1"", ""Bub3"", ""Cenpm"", ""Ttk"", ""Ckap5"", ""Cenpp"", ""Lmnb1"", ""Psrc1"", ""Calm2"", ""Ska2"", ""Spdl1"", ""Kif23"", 
""Cenpl"", ""Nde1"", ""Ska3"", ""Gtse1"", ""Cenpw"", ""Cenpn"", ""Nup37"", ""Cenpi"", ""Cenpc1"", ""Nsl1"", ""Dek"", ""Mns1"", ""Calm3"", ""Reep4"", ""Nudcd2"", ""Dbi"", ""Rangap1"", ""Smtn"", ""Cenpk"", ""Dsn1"", ""Lsm2"", ""Smc1a"", ""Pmf1"", ""Hnrnpa3"", ""Zwilch"", ""Lsm6"", ""Lsm3"", ""Mdm1"", ""Odf2"", ""Kntc1"", ""Apobec3"", ""Tubb2a"", ""Fam110a"", ""Ccsap"", ""Haus4"", ""Lsm4"", ""Cdk5rap2"", ""Tuba1a"", ""Ncapd3"", ""Dynlt1f"", ""Fbln1"", ""Cenph"", ""Hjurp"", ""Snrpg"", ""Rassf3"", ""Bard1"", ""Dynll1"", ""Vim"", ""Tubg1"", ""Ybx1"", ""Dcps"", ""Tubd1"")"
"274","GOBP_REGULATION_OF_MITOTIC_CELL_CYCLE","1.30027866835022e-10","8.23798774103659e-09","0.826657301178302","0.782198714077284","1.67368345306077","212","c(""Ube2c"", ""Cks2"", ""Cdk1"", ""Birc5"", ""Cdca8"", ""Cdc20"", ""Cenpf"", ""Ccnb1"", ""Cenpe"", ""Spc24"", ""Nusap1"", ""Plk1"", ""Mki67"", ""Dlgap5"", ""Aurkb"", ""Cks1b"", ""Spc25"", ""Incenp"", ""Bub1b"", ""Ndc80"", ""Cdca2"", ""Bub1"", ""Cdc25c"", ""Nuf2"", ""Kif14"", ""Cdc25b"", ""Cdkn2c"", ""Hmgb1"", ""Mad2l1"", ""Bub3"", ""Ttk"", ""Fzr1"", ""Lmnb1"", ""Fbxo5"", ""Rrm2"", ""Cdca5"", ""Spdl1"", ""Dbf4"", ""Anp32b"", ""Rad21"", ""Bora"", ""Rrm1"", ""Ezh2"", ""Cdkn2d"", ""Trip13"", ""Rnaseh2b"", ""Stil"", ""Eme1"", ""Zwilch"", ""Fancd2"", ""Kntc1"", ""Rcc1"", ""Cdk5rap2"", ""Ticrr"", ""Rpa3"", ""Bard1"", 
""Rbl1"", ""Miip"", ""Tubg1"", ""Anapc15"", ""E2f7"", ""Chek2"", ""Gen1"", ""Ywhae"", ""Cdc7"", ""Rbbp8"", ""Anapc5"", ""Bcl7c"", ""Nup62"", ""Eif4e"", ""Blm"")"
"275","GOBP_CYTOSKELETON_ORGANIZATION","1.13462958040564e-21","5.39138155622745e-19","1.20397524075264","0.780818788219666","1.6748518650034","452","c(""Cdk1"", ""Birc5"", ""Cdca8"", ""Cdc20"", ""Ccnb1"", ""Tubb4b"", ""Tpx2"", ""Cenpa"", ""Cenpe"", ""Ccnb2"", ""Prc1"", ""Aurka"", ""Kif11"", ""Tuba1c"", ""Nusap1"", ""Plk1"", ""Dlgap5"", ""Tacc3"", ""Aspm"", ""Aurkb"", ""Tuba1b"", ""Kif2c"", ""Stmn1"", ""Spc25"", ""Incenp"", ""Racgap1"", ""Tubb5"", ""Kif20a"", ""Ccnf"", ""Ndc80"", ""Knstrn"", ""Sapcd2"", ""Nek2"", ""Kif4"", ""Ect2"", ""Gas2l3"", ""Nuf2"", ""Kif18b"", ""Kif14"", ""Spag5"", ""Ckap2"", ""Anln"", ""Cit"", ""Kifc1"", ""Kif18a"", ""Diaph3"", ""Mad2l1"", ""Ska1"", ""Ckap5"", ""Psrc1"", ""Fbxo5"", ""Ska2"", ""Ran"", ""Spdl1"", ""Kif23"", ""Espl1"", 
""Nde1"", ""Ska3"", ""Poc1a"", ""Gpsm2"", ""Bora"", ""Iqgap3"", ""Mns1"", ""Plk4"", ""Stil"", ""Smtn"", ""Smc1a"", ""Mdm1"", ""Odf2"", ""Rcc1"", ""Tubb2a"", ""Fam110a"", ""Gapdh"", ""Ccsap"", ""Haus4"", ""Hsp90b1"", ""Cdk5rap2"", ""Tuba1a"", ""Cep72"", ""Dynlt1f"", ""Cenph"", ""Cntln"", ""Vim"", ""Tubg1"", ""Ccdc61"", ""Wee1"", ""Tubd1"", ""Haus5"", ""Chek2"", ""Cntrl"", ""Gen1"")"
"276","GOCC_INTERCELLULAR_BRIDGE","2.44725803693452e-05","0.000649035596586076","0.575610261071129","0.886591247844075","1.67538716809225","34","c(""Cdca8"", ""Tubb4b"", ""Tpx2"", ""Cenpe"", ""Prc1"", ""Tubb5"", ""Cep55"", ""Kif20a"", ""Kif20b"", ""Ska1"", ""Fam83d"", ""Kif23"", ""Nudcd2"", ""Ncaph2"", ""Tubb2a"", ""Snrnp25"")"
"277","GOBP_FEMALE_MEIOTIC_NUCLEAR_DIVISION","2.32606404025998e-05","0.000627826131545174","0.575610261071129","0.929480976742216","1.67647573144434","21","c(""Cenpe"", ""Ccnb2"", ""Aurka"", ""Plk1"", ""Top2a"", ""Ndc80"", ""Cdc25b"", ""Ubb"", ""Ttk"", ""Fbxo5"", ""Ncaph"", ""Trip13"", ""Ncaph2"")"
"278","GOBP_NEGATIVE_REGULATION_OF_MITOTIC_CELL_CYCLE_PHASE_TRANSITION","8.76391372201032e-07","2.87194460016683e-05","0.659444398037935","0.82068017923897","1.67719697792654","84","c(""Cdk1"", ""Birc5"", ""Cdca8"", ""Cdc20"", ""Ccnb1"", ""Cenpe"", ""Spc24"", ""Plk1"", ""Aurkb"", ""Spc25"", ""Incenp"", ""Bub1b"", ""Ndc80"", ""Bub1"", ""Nuf2"", ""Mad2l1"", ""Bub3"", ""Ttk"", ""Fzr1"", ""Fbxo5"", ""Spdl1"", ""Rad21"", ""Ezh2"", ""Trip13"", ""Zwilch"", ""Kntc1"", ""Cdk5rap2"", ""Ticrr"", ""Bard1"", ""Rbl1"", ""Miip"", ""Anapc15"", ""E2f7"", ""Gen1"")"
"279","GOCC_KINESIN_COMPLEX","7.81263340754132e-06","0.000224988059039397","0.593325476396405","0.950268001857163","1.67946347142566","18","c(""Kif22"", ""Kif2c"", ""Kif20a"", ""Kif20b"", ""Kif15"", ""Kif18b"", ""Kif14"", ""Kifc1"", ""Kif18a"", ""Kif23"", ""Nde1"")"
"280","GOBP_MITOTIC_CELL_CYCLE_PHASE_TRANSITION","1.30027866835022e-10","8.23798774103659e-09","0.826657301178302","0.786128686937979","1.68236298500073","201","c(""Ube2c"", ""Cks2"", ""Cdk1"", ""Birc5"", ""Cdca8"", ""Cdc20"", ""Cenpf"", ""Ccnb1"", ""Ccna2"", ""Ube2s"", ""Cenpe"", ""Ccnb2"", ""Spc24"", ""Plk1"", ""Tacc3"", ""Aurkb"", ""Cks1b"", ""Spc25"", ""Incenp"", ""Bub1b"", ""Ccnf"", ""Ndc80"", ""Bub1"", ""Cdc25c"", ""Nuf2"", ""Kif14"", ""Cit"", ""Cdc25b"", ""Cdkn2c"", ""Foxm1"", ""Mad2l1"", ""Bub3"", ""Ttk"", ""Fzr1"", ""Lmnb1"", ""Fbxo5"", ""Calm2"", ""Rrm2"", ""Cdca5"", ""Spdl1"", ""Dbf4"", ""Anp32b"", ""Rad21"", ""Rrm1"", ""Ezh2"", ""Iqgap3"", ""Cdkn2d"", ""Trip13"", ""Calm3"", ""Rnaseh2b"", ""Stil"", ""Zwilch"", ""Kntc1"", ""Rcc1"", ""Cdk5rap2"", ""Ticrr"", 
""Bard1"", ""Rbl1"", ""Miip"", ""Mastl"", ""Anapc15"", ""E2f7"", ""Chek2"", ""Gen1"", ""Cdc7"", ""Rbbp8"", ""Anapc5"", ""Bcl7c"", ""Eif4e"", ""Blm"")"
"281","GOBP_CHROMOSOME_ORGANIZATION","6.60339681042318e-14","6.49182217466086e-12","0.954541630725724","0.786902297548931","1.68322545027379","267","c(""Ube2c"", ""Cdk1"", ""Birc5"", ""Cdca8"", ""Cdc20"", ""Ccnb1"", ""Tpx2"", ""Cenpa"", ""Cenpe"", ""Prc1"", ""Kif11"", ""Spc24"", ""Nusap1"", ""Plk1"", ""Dlgap5"", ""Tacc3"", ""Aurkb"", ""Kif22"", ""Kif2c"", ""Ncapg"", ""Spc25"", ""Incenp"", ""Racgap1"", ""Top2a"", ""Bub1b"", ""Smc2"", ""Ndc80"", ""Knstrn"", ""Nek2"", ""Pif1"", ""Bub1"", ""Nuf2"", ""Kif18b"", ""Kif14"", ""Spag5"", ""Cit"", ""Kifc1"", ""Kif18a"", ""Hmgb1"", ""Mad2l1"", ""Esco2"", ""Bub3"", ""Ttk"", ""Cenpp"", ""Ncapd2"", ""Psrc1"", ""Fbxo5"", ""Ran"", ""Cdca5"", ""Spdl1"", ""Kif23"", ""Espl1"", ""Ncaph"", ""Rad21"", ""Cenpw"", ""Cenpn"", ""Smc4"", 
""Ezh2"", ""Oip5"", ""Cenpi"", ""Cenpc1"", ""Nsl1"", ""Trip13"", ""Ncaph2"", ""Cenpk"", ""Dsn1"", ""Cdc45"", ""Smc1a"", ""Zwilch"", ""Terf1"", ""Fancd2"", ""Kntc1"", ""Ccsap"", ""Brip1"", ""Cdk5rap2"", ""Ncapg2"", ""Ncapd3"", ""Cenph"", ""Hjurp"", ""Hnrnpd"", ""Tubg1"", ""Ccdc61"", ""Xrcc1"", ""Anapc15"", ""Mis18a"", ""Chek2"", ""Gen1"", ""Msh5"", ""Mnd1"", ""Anapc5"", ""Mzt1"", ""Bcl7c"", ""Nup62"", ""Blm"")"
"282","GOBP_MEIOSIS_I_CELL_CYCLE_PROCESS","7.64813361171044e-06","0.000221368821593771","0.593325476396405","0.853750849543667","1.6833001289051","54","c(""Cks2"", ""Birc5"", ""Cdc20"", ""Cenpe"", ""Ccnb2"", ""Aurka"", ""Plk1"", ""Top2a"", ""Ndc80"", ""Cdc25c"", ""Cdc25b"", ""Ubb"", ""Fbxo5"", ""Espl1"", ""Ankle1"", ""Cenpc1"", ""Rad51ap1"", ""Trip13"", ""Eme1"", ""Terf1"", ""Fancd2"", ""Brip1"", ""Pkmyt1"", ""Rad54b"", ""Chtf18"", ""Msh5"", ""Mnd1"")"
"283","GOCC_OUTER_KINETOCHORE","1.97950057911232e-06","6.27061794561026e-05","0.627256739718528","0.947612385416644","1.68360767810088","19","c(""Cenpf"", ""Ccnb1"", ""Cenpe"", ""Spc24"", ""Plk1"", ""Spc25"", ""Bub1b"", ""Ndc80"", ""Bub1"", ""Nuf2"", ""Ska1"", ""Ska2"", ""Spdl1"", ""Ska3"", ""Nsl1"", ""Dsn1"", ""Pmf1"")"
"284","REACTOME_CELL_CYCLE_CHECKPOINTS","7.62923454247445e-10","4.18287455396051e-08","0.801215574617779","0.798306762631513","1.68810608738367","165","c(""Ube2c"", ""Cdk1"", ""Cdca8"", ""Cdc20"", ""Cenpf"", ""Ccnb1"", ""Ccna2"", ""Cenpa"", ""Ube2s"", ""Cenpe"", ""Ccnb2"", ""Spc24"", ""Plk1"", ""Aurkb"", ""Kif2c"", ""Spc25"", ""Incenp"", ""Bub1b"", ""Ndc80"", ""Bub1"", ""Cdc25c"", ""Nuf2"", ""Kif18a"", ""Mad2l1"", ""Ubb"", ""Ska1"", ""Bub3"", ""Cenpm"", ""Ckap5"", ""Cenpp"", ""Ska2"", ""Spdl1"", ""Cenpl"", ""Nde1"", ""Gtse1"", ""Dbf4"", ""Cenpn"", ""Nup37"", ""Cenpi"", ""Cenpc1"", ""Nsl1"", ""Rangap1"", ""Cenpk"", ""Dsn1"", ""Cdc45"", ""Pmf1"", ""Zwilch"", ""Rhno1"", ""Kntc1"", ""Brip1"", ""Psmc1"", ""Rpa3"", ""Cenph"", ""Bard1"", ""Pkmyt1"", ""Dynll1"", 
""Wee1"", ""Anapc15"", ""Chek2"", ""Ywhae"", ""Xpo1"", ""Cdc7"", ""Rbbp8"", ""Anapc5"", ""Psmb7"", ""Blm"", ""Psmd1"")"
"285","REACTOME_ACTIVATION_OF_APC_C_AND_APC_C_CDC20_MEDIATED_DEGRADATION_OF_MITOTIC_PROTEINS","1.18486524520637e-05","0.000336124459112771","0.593325476396405","0.85682053362574","1.68827283193415","51","c(""Ube2c"", ""Cdk1"", ""Cdc20"", ""Ccnb1"", ""Ccna2"", ""Ube2s"", ""Plk1"", ""Bub1b"", ""Nek2"", ""Mad2l1"", ""Ubb"", ""Bub3"")"
"286","GROSS_HYPOXIA_VIA_ELK3_UP","7.99310987209694e-08","3.45278124929521e-06","0.704975715167238","0.813473484547933","1.69051656776417","109","c(""Ube2c"", ""Birc5"", ""Ccnb1"", ""Tubb4b"", ""Ccna2"", ""Kpna2"", ""Cenpa"", ""Ccnb2"", ""Tuba1c"", ""Tuba1b"", ""Stmn1"", ""Racgap1"", ""Kif20a"", ""Pbk"", ""Ndc80"", ""Spag5"", ""Arl6ip1"", ""Cdkn2c"", ""Arhgap11a"", ""Ncapd2"", ""Rrm2"", ""Cdca5"", ""Nde1"", ""Rbm3"", ""Nsl1"", ""Dbi"", ""Serinc3"")"
"287","GOBP_REGULATION_OF_CYTOKINESIS","1.42952067570599e-05","0.000401533344476628","0.593325476396405","0.902440994812239","1.69092657184623","31","c(""Birc5"", ""Cdca8"", ""Prc1"", ""Aurka"", ""Plk1"", ""Aurkb"", ""Incenp"", ""Racgap1"", ""Kif20a"", ""Kif20b"", ""Ect2"", ""Kif14"", ""Cit"", ""Cdc25b"", ""Calm2"", ""Kif23"", ""Calm3"", ""E2f8"")"
"288","GOBP_MITOTIC_SPINDLE_ASSEMBLY","7.28156924566757e-06","0.000211834223667329","0.610526878385931","0.898851543300096","1.69317349166938","32","c(""Birc5"", ""Cdca8"", ""Cdc20"", ""Tpx2"", ""Prc1"", ""Kif11"", ""Plk1"", ""Aurkb"", ""Incenp"", ""Racgap1"", ""Nek2"", ""Kifc1"", ""Kif23"", ""Smc1a"", ""Ccsap"")"
"289","GOBP_MEIOTIC_CELL_CYCLE","1.03849409256709e-07","4.29093718537502e-06","0.704975715167238","0.81746313596808","1.69379330789745","113","c(""Cks2"", ""Birc5"", ""Cdc20"", ""Cenpe"", ""Ccnb2"", ""Aurka"", ""Plk1"", ""Mki67"", ""Aspm"", ""Incenp"", ""Top2a"", ""Smc2"", ""Ndc80"", ""Nek2"", ""Cdc25c"", ""Nuf2"", ""Cdc25b"", ""Kif18a"", ""Ubb"", ""Bub3"", ""Ttk"", ""Fzr1"", ""Ncapd2"", ""Fbxo5"", ""Espl1"", ""Ankle1"", ""Ncaph"", ""Fignl1"", ""Smc4"", ""Cenpc1"", ""Rad51ap1"", ""Mns1"", ""Trip13"", ""Ncaph2"", ""Eme1"", ""Smc1a"", ""Terf1"", ""Fancd2"", ""Brip1"", ""Ncapd3"", ""Pkmyt1"", ""Mastl"", ""Tubg1"", ""Rad54b"", ""Chtf18"")"
"290","GOCC_SUPRAMOLECULAR_POLYMER","8.57327347702035e-15","1.01843344512438e-12","0.986546283587582","0.790985129117485","1.69470078429947","284","c(""Cdk1"", ""Birc5"", ""Tubb4b"", ""Tpx2"", ""Cenpe"", ""Prc1"", ""Aurka"", ""Kif11"", ""Tuba1c"", ""Nusap1"", ""Plk1"", ""Aspm"", ""Aurkb"", ""Kif22"", ""Tuba1b"", ""Kif2c"", ""Stmn1"", ""Incenp"", ""Tubb5"", ""Kif20a"", ""Kif20b"", ""Knstrn"", ""Kif15"", ""Nek2"", ""Kif4"", ""Gas2l3"", ""Kif18b"", ""Kif14"", ""Spag5"", ""Ckap2"", ""Kifc1"", ""Kif18a"", ""Diaph3"", ""Ska1"", ""Ckap5"", ""Lmnb1"", ""Psrc1"", ""Calm2"", ""Ska2"", ""Kif23"", ""Nde1"", ""Ska3"", ""Gtse1"", ""Dek"", ""Mns1"", ""Calm3"", ""Reep4"", ""Dbi"", ""Smtn"", ""Mdm1"", ""Odf2"", ""Kntc1"", ""Tubb2a"", ""Fam110a"", ""Ccsap"", ""Haus4"", 
""Cdk5rap2"", ""Tuba1a"", ""Dynlt1f"", ""Fbln1"", ""Rassf3"", ""Dynll1"", ""Vim"", ""Tubg1"", ""Tubd1"", ""Haus5"", ""Lmnb2"")"
"291","GOCC_SPINDLE_MICROTUBULE","2.02269262401675e-05","0.000554490064526131","0.575610261071129","0.899450871231188","1.69621609606092","33","c(""Cdk1"", ""Birc5"", ""Cenpe"", ""Aurka"", ""Kif11"", ""Plk1"", ""Aurkb"", ""Kif18b"", ""Kif18a"", ""Ska1"", ""Psrc1"", ""Calm2"", ""Ska2"", ""Ska3"", ""Calm3"", ""Kntc1"", ""Fam110a"", ""Ccsap"", ""Haus4"")"
"292","GOBP_MEIOTIC_CELL_CYCLE_PROCESS","1.79049032892872e-07","6.94515364323235e-06","0.690132458796796","0.828625386761655","1.69908432124122","89","c(""Cks2"", ""Birc5"", ""Cdc20"", ""Cenpe"", ""Ccnb2"", ""Aurka"", ""Plk1"", ""Aspm"", ""Incenp"", ""Top2a"", ""Smc2"", ""Ndc80"", ""Cdc25c"", ""Nuf2"", ""Cdc25b"", ""Kif18a"", ""Ubb"", ""Ttk"", ""Fzr1"", ""Ncapd2"", ""Fbxo5"", ""Espl1"", ""Ankle1"", ""Ncaph"", ""Fignl1"", ""Smc4"", ""Cenpc1"", ""Rad51ap1"", ""Trip13"", ""Ncaph2"", ""Eme1"", ""Terf1"", ""Fancd2"", ""Brip1"", ""Ncapd3"", ""Pkmyt1"", ""Mastl"", ""Tubg1"", ""Rad54b"", ""Chtf18"")"
"293","REACTOME_CELL_CYCLE","2.96861562394125e-18","8.4635231438565e-16","1.10533657731401","0.794024922806565","1.70570836637015","330","c(""Ube2c"", ""Cdk1"", ""Cdca8"", ""Cdc20"", ""Cenpf"", ""Ccnb1"", ""Tubb4b"", ""Tpx2"", ""Ccna2"", ""Cenpa"", ""Hmmr"", ""Ube2s"", ""Cenpe"", ""Ccnb2"", ""Aurka"", ""Tuba1c"", ""Spc24"", ""Plk1"", ""Aurkb"", ""Tuba1b"", ""Cks1b"", ""Mis18bp1"", ""Kif2c"", ""Ncapg"", ""Spc25"", ""Incenp"", ""Tubb5"", ""Bub1b"", ""Kif20a"", ""Smc2"", ""Ndc80"", ""Nek2"", ""Pif1"", ""Bub1"", ""Cdc25c"", ""Nuf2"", ""Cdc25b"", ""Kif18a"", ""Foxm1"", ""Mad2l1"", ""Esco2"", ""Ubb"", ""Ska1"", ""Bub3"", ""Cenpm"", ""Ckap5"", ""Fzr1"", ""Cenpp"", ""Lmnb1"", ""Ncapd2"", ""Fbxo5"", ""Ska2"", ""Ran"", ""Cdca5"", ""Spdl1"", ""Kif23"", 
""Espl1"", ""Cenpl"", ""Nde1"", ""Gtse1"", ""Dbf4"", ""Ncaph"", ""Rad21"", ""Cenpw"", ""Cenpn"", ""Smc4"", ""Bora"", ""Nup37"", ""Oip5"", ""Cenpi"", ""Cenpc1"", ""Nsl1"", ""Banf1"", ""Plk4"", ""Rangap1"", ""Ncaph2"", ""Cenpk"", ""Dsn1"", ""Cdc45"", ""Smc1a"", ""Pmf1"", ""Zwilch"", ""Gmnn"", ""Rhno1"", ""Terf1"", ""Odf2"", ""Kntc1"", ""Rcc1"", ""Tubb2a"", ""Brip1"", ""Haus4"", ""Cdk5rap2"", ""Ncapg2"", ""Psmc1"", ""Tuba1a"", ""Cep72"", ""Ncapd3"", ""Rpa3"", ""Cenph"", ""Hjurp"", ""Bard1"", ""Pkmyt1"", ""Dynll1"", ""Rbl1"", ""Mastl"", ""Tubg1"", ""Chtf18"", ""Wee1"", ""Anapc15"", ""Mis18a"", ""Haus5"", ""Chek2"", 
""Rbbp4"", ""Ywhae"", ""Xpo1"", ""Cdc7"", ""Rbbp8"", ""Anapc5"", ""Nup205"", ""Cep57"", ""Mzt1"", ""Psmb7"", ""E2f2"", ""Nup62"", ""Blm"", ""Psmd1"")"
"294","YAO_TEMPORAL_RESPONSE_TO_PROGESTERONE_CLUSTER_15","2.67372500541638e-07","9.71056049737847e-06","0.674962860011025","0.965963248247475","1.70720258600811","18","c(""Cdk1"", ""Birc5"", ""Mki67"", ""Aurkb"", ""Kif22"", ""Stmn1"")"
"295","GOCC_SPINDLE_POLE","8.83165960405423e-07","2.87760703213241e-05","0.659444398037935","0.854664549364881","1.70938391328826","65","c(""Cenpf"", ""Ccnb1"", ""Tpx2"", ""Aurka"", ""Kif11"", ""Plk1"", ""Dlgap5"", ""Aspm"", ""Aurkb"", ""Kif20b"", ""Nek2"", ""Spag5"", ""Kifc1"", ""Cdc25b"", ""Mad2l1"", ""Fam83d"", ""Ckap5"", ""Psrc1"", ""Calm2"", ""Spdl1"", ""Nde1"", ""Cep89"", ""Poc1a"", ""Gpsm2"", ""Nsl1"", ""Calm3"", ""Dsn1"", ""Smc1a"", ""Pmf1"", ""Kntc1"", ""Nsmce1"", ""Fam110a"", ""Cdk5rap2"")"
"296","GOBP_MITOTIC_METAPHASE_CHROMOSOME_ALIGNMENT","1.44115807134464e-06","4.6165636644984e-05","0.643551836150722","0.928427175772209","1.71052626983963","28","c(""Birc5"", ""Cdca8"", ""Ccnb1"", ""Cenpe"", ""Aurkb"", ""Kif22"", ""Kif2c"", ""Incenp"", ""Ndc80"", ""Nuf2"", ""Kif14"", ""Kifc1"", ""Kif18a"", ""Psrc1"", ""Cdca5"", ""Spdl1"", ""Cenpc1"")"
"297","GOBP_REGULATION_OF_CELL_CYCLE_PROCESS","2.79587596642358e-17","5.31402825351574e-15","1.06720998682811","0.798504738917719","1.71214429235905","299","c(""Ube2c"", ""Cdk1"", ""Birc5"", ""Cdca8"", ""Cdc20"", ""Cenpf"", ""Ccnb1"", ""Tpx2"", ""Cenpe"", ""Prc1"", ""Aurka"", ""Kif11"", ""Spc24"", ""Nusap1"", ""Plk1"", ""Mki67"", ""Tacc3"", ""Aurkb"", ""Kif2c"", ""Ncapg"", ""Spc25"", ""Incenp"", ""Racgap1"", ""Bub1b"", ""Kif20a"", ""Ccnf"", ""Kif20b"", ""Smc2"", ""Ndc80"", ""Knstrn"", ""Nek2"", ""Cdca2"", ""Bub1"", ""Ect2"", ""Cdc25c"", ""Nuf2"", ""Kif14"", ""Spag5"", ""Cit"", ""Kifc1"", ""Cdc25b"", ""Cdkn2c"", ""Mad2l1"", ""Bub3"", ""Ttk"", ""Fam83d"", ""Fzr1"", ""Lmnb1"", ""Ncapd2"", ""Psrc1"", ""Fbxo5"", ""Calm2"", ""Rrm2"", ""Cdca5"", ""Spdl1"", ""Kif23"", 
""Dbf4"", ""Ncaph"", ""Anp32b"", ""Rad21"", ""Poc1a"", ""Gpsm2"", ""Smc4"", ""Bora"", ""Rrm1"", ""Ezh2"", ""Rad51ap1"", ""Cdkn2d"", ""Trip13"", ""Calm3"", ""Plk4"", ""Rnaseh2b"", ""Ncaph2"", ""Stil"", ""E2f8"", ""Eme1"", ""Zwilch"", ""Rhno1"", ""Mdm1"", ""Fancd2"", ""Kntc1"", ""Rcc1"", ""Ccsap"", ""Cdk5rap2"", ""Ncapg2"", ""Ticrr"", ""Ncapd3"", ""Bard1"", ""Ddx39b"", ""Pkmyt1"", ""Rbl1"", ""Miip"", ""Tubg1"", ""Chtf18"", ""Anapc15"", ""E2f7"", ""Chek2"", ""Gen1"", ""Xpo1"", ""Pkp4"", ""Cdc7"", ""Rbbp8"", ""Anapc5"", ""Bcl7c"", ""Nup62"", ""Blm"")"
"298","REACTOME_APC_C_MEDIATED_DEGRADATION_OF_CELL_CYCLE_PROTEINS","5.36990072380754e-07","1.82256987661611e-05","0.659444398037935","0.869250794998207","1.72103046425973","58","c(""Ube2c"", ""Cdk1"", ""Cdc20"", ""Ccnb1"", ""Ccna2"", ""Ube2s"", ""Aurka"", ""Plk1"", ""Aurkb"", ""Bub1b"", ""Nek2"", ""Mad2l1"", ""Ubb"", ""Bub3"", ""Fzr1"", ""Fbxo5"")"
"299","HALLMARK_E2F_TARGETS","2.5645941630388e-11","1.78333120946918e-09","0.863415391606693","0.811074817166936","1.72119238617222","175","c(""Cks2"", ""Cdk1"", ""Birc5"", ""Cdca8"", ""Cdc20"", ""Hmgb2"", ""Cdca3"", ""Hmmr"", ""Ube2s"", ""Cenpe"", ""Ccnb2"", ""Aurka"", ""Spc24"", ""Plk1"", ""Mki67"", ""Dlgap5"", ""Tacc3"", ""Aurkb"", ""Kif22"", ""Cdkn3"", ""Cks1b"", ""Mxd3"", ""Kif2c"", ""Stmn1"", ""Depdc1a"", ""Spc25"", ""Racgap1"", ""Top2a"", ""Tubb5"", ""Bub1b"", ""Kif4"", ""Tmpo"", ""Kif18b"", ""Spag5"", ""Anp32e"", ""Cit"", ""Melk"", ""Cdc25b"", ""Cdkn2c"", ""Diaph3"", ""Mad2l1"", ""Hmgb3"", ""Cenpm"", ""Lmnb1"", ""Ncapd2"", ""Rrm2"", ""Ran"", ""Espl1"", ""Asf1b"", ""Rad21"", ""Smc4"", ""Ezh2"", ""Dek"", ""Rad51ap1"", ""Trip13"", ""Plk4"", 
""E2f8"", ""Ctcf"", ""Smc1a"", ""Exosc8"", ""Ube2t"")"
"300","GOBP_REGULATION_OF_CHROMOSOME_ORGANIZATION","1.89576470378602e-09","9.91711040457602e-08","0.774939030136436","0.827722866182198","1.72141537447729","119","c(""Ube2c"", ""Cdk1"", ""Birc5"", ""Cdca8"", ""Cdc20"", ""Ccnb1"", ""Cenpe"", ""Spc24"", ""Plk1"", ""Tacc3"", ""Aurkb"", ""Ncapg"", ""Spc25"", ""Incenp"", ""Top2a"", ""Bub1b"", ""Smc2"", ""Ndc80"", ""Nek2"", ""Pif1"", ""Bub1"", ""Nuf2"", ""Cit"", ""Mad2l1"", ""Bub3"", ""Ttk"", ""Ncapd2"", ""Fbxo5"", ""Spdl1"", ""Ncaph"", ""Rad21"", ""Smc4"", ""Trip13"", ""Zwilch"", ""Terf1"", ""Kntc1"")"
"301","MCBRYAN_PUBERTAL_BREAST_6_7WK_DN","2.50655775180401e-06","7.68408188214326e-05","0.627256739718528","0.883207452485844","1.72212783137657","46","c(""Ube2c"", ""Cdk1"", ""Cdc20"", ""Cdca3"", ""Ccnb1"", ""Mki67"", ""Kif22"")"
"302","GOBP_ATTACHMENT_OF_SPINDLE_MICROTUBULES_TO_KINETOCHORE","1.8641563007762e-07","7.13383840739994e-06","0.690132458796796","0.936323406230774","1.72408419154049","27","c(""Birc5"", ""Cdca8"", ""Ccnb1"", ""Cenpe"", ""Spc24"", ""Aurkb"", ""Kif2c"", ""Spc25"", ""Incenp"", ""Racgap1"", ""Ndc80"", ""Knstrn"", ""Nek2"", ""Ect2"", ""Nuf2"", ""Spag5"", ""Bub3"", ""Cenpc1"", ""Nsl1"", ""Dsn1"", ""Pmf1"")"
"303","GOBP_NEGATIVE_REGULATION_OF_ORGANELLE_ORGANIZATION","4.72588119126175e-10","2.69469745525745e-08","0.801215574617779","0.81792136482821","1.72548132868521","142","c(""Birc5"", ""Cdca8"", ""Cdc20"", ""Ccnb1"", ""Tpx2"", ""Cenpe"", ""Spc24"", ""Plk1"", ""Aurkb"", ""Stmn1"", ""Spc25"", ""Incenp"", ""Top2a"", ""Bub1b"", ""Ccnf"", ""Ndc80"", ""Pif1"", ""Bub1"", ""Nuf2"", ""Ckap2"", ""Kifc1"", ""Mad2l1"", ""Bub3"", ""Ttk"", ""Fbxo5"", ""Spdl1"", ""Rad21"", ""Trip13"", ""Zwilch"", ""Terf1"", ""Mdm1"", ""Kntc1"", ""Cdk5rap2"")"
"304","GOBP_MITOTIC_CYTOKINESIS","3.85761431553757e-07","1.34945502007333e-05","0.674962860011025","0.936885642623105","1.72611007665678","28","c(""Birc5"", ""Cdca8"", ""Cenpa"", ""Nusap1"", ""Plk1"", ""Aurkb"", ""Stmn1"", ""Incenp"", ""Racgap1"", ""Cep55"", ""Kif20a"", ""Kif20b"", ""Ect2"", ""Ckap2"", ""Anln"", ""Cit"", ""Kif23"", ""Iqgap3"")"
"305","HEVNER_CORTEX_RADIAL_GLIA_PROGENITORS","1.97677242000664e-17","4.1746504958807e-15","1.07686819261983","0.806293109044203","1.72689917433602","281","c(""Cdk1"", ""Birc5"", ""Cdca8"", ""Cdca3"", ""Tpx2"", ""Ccna2"", ""Cenpa"", ""Cenpe"", ""Ccnb2"", ""Prc1"", ""Aurka"", ""Kif11"", ""Spc24"", ""Nusap1"", ""Plk1"", ""Dlgap5"", ""Tacc3"", ""Aspm"", ""Aurkb"", ""Mxd3"", ""Mis18bp1"", ""Ncapg"", ""Spc25"", ""Incenp"", ""Racgap1"", ""Top2a"", ""Shcbp1"", ""Bub1b"", ""Pbk"", ""Ccnf"", ""Kif20b"", ""Ndc80"", ""Knstrn"", ""Pif1"", ""Cdca2"", ""Kif4"", ""Gas2l3"", ""Neil3"", ""Nuf2"", ""Spag5"", ""Anln"", ""Cit"", ""Melk"", ""Cdkn2c"", ""Foxm1"", ""Mad2l1"", ""Ska1"", ""Cenpm"", ""Ttk"", ""Fam83d"", ""Parpbp"", ""Cenpp"", ""Prr11"", ""Ccdc34"", ""Fbxo5"", ""Rrm2"", 
""Cdca5"", ""Kif23"", ""Espl1"", ""Cenpl"", ""Nde1"", ""Dbf4"", ""Asf1b"", ""Ncaph"", ""Cenpn"", ""Gpsm2"", ""Fignl1"", ""Oip5"", ""Cmc2"", ""Arhgef39"", ""Rad51ap1"", ""Mns1"", ""Trip13"", ""Dbi"", ""Rnaseh2b"", ""Stil"", ""E2f8"", ""Cenpk"", ""Dsn1"", ""Eme1"", ""Cdc45"", ""Tyms"", ""Zwilch"", ""Exosc8"", ""Gmnn"", ""Ube2t"", ""Fancd2"", ""Kntc1"", ""Ttf2"")"
"306","GOMF_MICROTUBULE_MOTOR_ACTIVITY","1.7866713048441e-07","6.94515364323235e-06","0.690132458796796","0.963397733702745","1.7275780396672","20","c(""Cenpe"", ""Kif11"", ""Kif22"", ""Kif2c"", ""Kif20a"", ""Kif20b"", ""Kif15"", ""Kif4"", ""Kif18b"", ""Kif14"", ""Kifc1"", ""Kif18a"", ""Kif23"")"
"307","GOBP_POSITIVE_REGULATION_OF_CELL_CYCLE","3.37866570755185e-11","2.29347046005484e-09","0.851339057116899","0.818273127293748","1.73079663760918","157","c(""Ube2c"", ""Cdk1"", ""Birc5"", ""Cdca8"", ""Cdc20"", ""Ccnb1"", ""Cenpe"", ""Aurka"", ""Nusap1"", ""Aurkb"", ""Ncapg"", ""Incenp"", ""Racgap1"", ""Kif20b"", ""Smc2"", ""Ndc80"", ""Bub1"", ""Ect2"", ""Cdc25c"", ""Kif14"", ""Spag5"", ""Cit"", ""Cdc25b"", ""Hmgb1"", ""Mad2l1"", ""Fam83d"", ""Lmnb1"", ""Ncapd2"", ""Psrc1"", ""Fbxo5"", ""Rrm2"", ""Cdca5"", ""Kif23"", ""Dbf4"", ""Ncaph"", ""Anp32b"", ""Rad21"", ""Poc1a"", ""Gpsm2"", ""Smc4"", ""Rrm1"", ""Ezh2"", ""Rad51ap1"", ""Plk4"", ""Ncaph2"", ""Stil"", ""E2f8"", ""Rhno1"", ""Ncapg2"", ""Ncapd3"", ""Bard1"", ""Ddx39b"")"
"308","REACTOME_KINESINS","9.34199212842325e-08","3.88817803768389e-06","0.704975715167238","0.93610313766924","1.73303915552001","29","c(""Tubb4b"", ""Cenpe"", ""Kif11"", ""Tuba1c"", ""Kif22"", ""Tuba1b"", ""Kif2c"", ""Racgap1"", ""Kif20a"", ""Kif20b"", ""Kif15"", ""Kif4"", ""Kif18b"", ""Kifc1"", ""Kif18a"", ""Kif23"", ""Tubb2a"", ""Tuba1a"")"
"309","GOBP_SPINDLE_CHECKPOINT_SIGNALING","4.15246702689743e-07","1.43499193862843e-05","0.674962860011025","0.917318080270064","1.73345151385227","34","c(""Birc5"", ""Cdca8"", ""Cdc20"", ""Ccnb1"", ""Cenpe"", ""Aurka"", ""Spc24"", ""Plk1"", ""Aurkb"", ""Spc25"", ""Incenp"", ""Bub1b"", ""Ndc80"", ""Bub1"", ""Nuf2"", ""Mad2l1"", ""Bub3"", ""Ttk"", ""Spdl1"", ""Trip13"", ""Stil"", ""Zwilch"", ""Kntc1"", ""Cdk5rap2"")"
"310","GOBP_NEGATIVE_REGULATION_OF_CHROMOSOME_ORGANIZATION","1.07302155319243e-07","4.40170424194479e-06","0.704975715167238","0.878369101771996","1.73354765639373","55","c(""Birc5"", ""Cdca8"", ""Cdc20"", ""Ccnb1"", ""Cenpe"", ""Spc24"", ""Plk1"", ""Aurkb"", ""Spc25"", ""Incenp"", ""Top2a"", ""Bub1b"", ""Ndc80"", ""Pif1"", ""Bub1"", ""Nuf2"", ""Mad2l1"", ""Bub3"", ""Ttk"", ""Fbxo5"", ""Spdl1"", ""Rad21"", ""Trip13"", ""Zwilch"", ""Terf1"", ""Kntc1"", ""Cdk5rap2"")"
"311","GOBP_REGULATION_OF_CELL_DIVISION","6.01209143763147e-08","2.67819885760739e-06","0.704975715167238","0.88361113679487","1.73376067642015","53","c(""Birc5"", ""Cdca8"", ""Prc1"", ""Aurka"", ""Plk1"", ""Aspm"", ""Aurkb"", ""Incenp"", ""Racgap1"", ""Kif20a"", ""Kif20b"", ""Ect2"", ""Kif18b"", ""Kif14"", ""Cit"", ""Cdc25b"", ""Calm2"", ""Kif23"", ""Calm3"", ""E2f8"")"
"312","TABULA_MURIS_SENIS_MARROW_GRANULOCYTOPOIETIC_CELL_AGEING","1.27598412226818e-08","6.11400123123793e-07","0.747739663149885","0.851502586188934","1.73511730301062","80","c(""Ube2c"", ""Cks2"", ""Cdk1"", ""Birc5"", ""Cdca8"", ""Cdca3"", ""Tuba1c"", ""Nusap1"", ""Spc25"", ""Smc2"", ""Arl6ip1"", ""Ccdc34"", ""Cdkn2d"", ""Emp3"")"
"313","GOBP_NEGATIVE_REGULATION_OF_NUCLEAR_DIVISION","2.1283198742465e-07","7.99668290663375e-06","0.690132458796796","0.91045155667654","1.73741213174836","38","c(""Birc5"", ""Cdca8"", ""Cdc20"", ""Ccnb1"", ""Cenpe"", ""Spc24"", ""Plk1"", ""Aurkb"", ""Spc25"", ""Incenp"", ""Bub1b"", ""Ndc80"", ""Bub1"", ""Nuf2"", ""Mad2l1"", ""Bub3"", ""Ttk"", ""Fbxo5"", ""Spdl1"", ""Rad21"", ""Trip13"", ""Zwilch"", ""Kntc1"", ""Cdk5rap2"")"
"314","GOBP_REGULATION_OF_MITOTIC_SISTER_CHROMATID_SEGREGATION","2.6372605336589e-07","9.63952536084812e-06","0.674962860011025","0.917848044112113","1.73856069011345","35","c(""Cdk1"", ""Birc5"", ""Cdca8"", ""Cdc20"", ""Ccnb1"", ""Cenpe"", ""Spc24"", ""Plk1"", ""Aurkb"", ""Spc25"", ""Incenp"", ""Bub1b"", ""Ndc80"", ""Bub1"", ""Nuf2"", ""Mad2l1"", ""Bub3"", ""Ttk"", ""Fbxo5"", ""Spdl1"", ""Rad21"", ""Trip13"", ""Zwilch"", ""Kntc1"", ""Cdk5rap2"")"
"315","GREENBAUM_E2A_TARGETS_UP","9.26229226715718e-08","3.88509560702139e-06","0.704975715167238","0.943753544092528","1.73876343944999","28","c(""Ccnb1"", ""Ccna2"", ""Ccnb2"", ""Aurka"", ""Kif11"", ""Nusap1"", ""Mki67"", ""Kif2c"", ""Racgap1"", ""Top2a"", ""Bub1"", ""Kif4"", ""Ect2"", ""Anln"", ""Cdkn2c"", ""Mad2l1"", ""Ttk"", ""Plk4"")"
"316","ING1_TARGET_GENES","3.90245764958292e-08","1.78014508143375e-06","0.719512826338911","0.863863473825614","1.73933319912727","70","c(""Ube2c"", ""Cdca8"", ""Cdc20"", ""Tpx2"", ""Kpna2"", ""Kif11"", ""Plk1"", ""Mki67"", ""Dlgap5"", ""Aurkb"", ""Kif2c"", ""Ckap2l"", ""Pbk"", ""Smc2"", ""Nek2"", ""Cdca2"", ""Ect2"", ""Cdc25c"", ""Foxm1"", ""Diaph3"", ""Ttk"", ""Arhgap11a"", ""Fbxo5"", ""Rrm2"", ""Cdca5"", ""Efcab11"", ""Arhgef39"", ""Ppih"", ""Lsm2"", ""Rhno1"", ""Rcc1"", ""Ncapg2"", ""Ticrr"", ""Hjurp"", ""Wee1"", ""Cep128"", ""Mis18a"", ""Lrr1"")"
"317","REACTOME_FACTORS_INVOLVED_IN_MEGAKARYOCYTE_DEVELOPMENT_AND_PLATELET_PRODUCTION","9.26608662950497e-08","3.88509560702139e-06","0.704975715167238","0.903790805275386","1.74047019498816","43","c(""Tubb4b"", ""Cenpe"", ""Kif11"", ""Tuba1c"", ""Kif22"", ""Tuba1b"", ""Kif2c"", ""Racgap1"", ""Kif20a"", ""Kif20b"", ""Kif15"", ""Kif4"", ""Kif18b"", ""Kifc1"", ""Kif18a"", ""Kif23"", ""Tubb2a"", ""Tuba1a"")"
"318","GOBP_CYTOSKELETON_DEPENDENT_CYTOKINESIS","9.26645041309907e-08","3.88509560702139e-06","0.704975715167238","0.93653349892714","1.74059174751596","30","c(""Birc5"", ""Cdca8"", ""Cenpa"", ""Nusap1"", ""Plk1"", ""Aurkb"", ""Stmn1"", ""Incenp"", ""Racgap1"", ""Cep55"", ""Kif20a"", ""Kif20b"", ""Ect2"", ""Ckap2"", ""Anln"", ""Cit"", ""Kif23"", ""Iqgap3"")"
"319","GOBP_MITOTIC_SISTER_CHROMATID_SEPARATION","3.46323206598597e-07","1.22654343107155e-05","0.674962860011025","0.909530863695561","1.74108801159365","39","c(""Ube2c"", ""Birc5"", ""Cdca8"", ""Cdc20"", ""Ccnb1"", ""Cenpe"", ""Spc24"", ""Plk1"", ""Aurkb"", ""Spc25"", ""Incenp"", ""Bub1b"", ""Ndc80"", ""Bub1"", ""Nuf2"", ""Mad2l1"", ""Bub3"", ""Ttk"", ""Fbxo5"", ""Spdl1"", ""Rad21"", ""Trip13"", ""Ncaph2"", ""Zwilch"", ""Kntc1"", ""Cdk5rap2"")"
"320","GOBP_METAPHASE_ANAPHASE_TRANSITION_OF_CELL_CYCLE","2.86519511495973e-07","1.02750582047172e-05","0.674962860011025","0.884546484718518","1.74290384056718","51","c(""Ube2c"", ""Birc5"", ""Cdca8"", ""Cdc20"", ""Ccnb1"", ""Cenpe"", ""Spc24"", ""Plk1"", ""Tacc3"", ""Aurkb"", ""Spc25"", ""Incenp"", ""Bub1b"", ""Ndc80"", ""Bub1"", ""Nuf2"", ""Cit"", ""Mad2l1"", ""Bub3"", ""Ttk"", ""Fbxo5"", ""Spdl1"", ""Rad21"", ""Trip13"", ""Zwilch"", ""Kntc1"", ""Cdk5rap2"")"
"321","REACTOME_MHC_CLASS_II_ANTIGEN_PRESENTATION","3.60838026528554e-07","1.27006075757149e-05","0.674962860011025","0.88653060162409","1.74441731825876","49","c(""Tubb4b"", ""Cenpe"", ""Kif11"", ""Tuba1c"", ""Kif22"", ""Tuba1b"", ""Kif2c"", ""Racgap1"", ""Kif20a"", ""Kif15"", ""Kif4"", ""Kif18a"", ""Kif23"", ""Tubb2a"", ""Tuba1a"", ""Dynll1"")"
"322","REACTOME_GOLGI_TO_ER_RETROGRADE_TRANSPORT","8.74771528430677e-08","3.75033628203889e-06","0.704975715167238","0.914347638721908","1.74484701410127","38","c(""Tubb4b"", ""Cenpe"", ""Kif11"", ""Tuba1c"", ""Kif22"", ""Tuba1b"", ""Kif2c"", ""Racgap1"", ""Kif20a"", ""Kif20b"", ""Kif15"", ""Kif4"", ""Kif18b"", ""Kifc1"", ""Kif18a"", ""Kif23"", ""Tubb2a"", ""Tuba1a"", ""Dynll1"")"
"323","GOBP_REGULATION_OF_SISTER_CHROMATID_SEGREGATION","1.54226731234815e-07","6.10695014931192e-06","0.690132458796796","0.885638211095748","1.74617092995876","54","c(""Ube2c"", ""Cdk1"", ""Birc5"", ""Cdca8"", ""Cdc20"", ""Ccnb1"", ""Cenpe"", ""Spc24"", ""Plk1"", ""Tacc3"", ""Aurkb"", ""Spc25"", ""Incenp"", ""Bub1b"", ""Ndc80"", ""Bub1"", ""Nuf2"", ""Cit"", ""Mad2l1"", ""Bub3"", ""Ttk"", ""Fbxo5"", ""Spdl1"", ""Rad21"", ""Trip13"", ""Zwilch"", ""Kntc1"", ""Cdk5rap2"")"
"324","REACTOME_COPI_DEPENDENT_GOLGI_TO_ER_RETROGRADE_TRAFFIC","3.23426971443477e-07","1.15261286948169e-05","0.674962860011025","0.926449641023234","1.74713132596384","33","c(""Tubb4b"", ""Cenpe"", ""Kif11"", ""Tuba1c"", ""Kif22"", ""Tuba1b"", ""Kif2c"", ""Racgap1"", ""Kif20a"", ""Kif20b"", ""Kif15"", ""Kif4"", ""Kif18b"", ""Kifc1"", ""Kif18a"", ""Kif23"", ""Tubb2a"", ""Tuba1a"")"
"325","GOBP_POSITIVE_REGULATION_OF_CELL_CYCLE_PROCESS","6.84535442447773e-11","4.53862917771768e-09","0.839088935621274","0.835838224411379","1.74754486911394","124","c(""Ube2c"", ""Cdk1"", ""Birc5"", ""Cdca8"", ""Cdc20"", ""Ccnb1"", ""Cenpe"", ""Aurka"", ""Nusap1"", ""Aurkb"", ""Ncapg"", ""Incenp"", ""Racgap1"", ""Kif20b"", ""Smc2"", ""Ndc80"", ""Bub1"", ""Ect2"", ""Cdc25c"", ""Kif14"", ""Spag5"", ""Cit"", ""Cdc25b"", ""Mad2l1"", ""Fam83d"", ""Lmnb1"", ""Ncapd2"", ""Fbxo5"", ""Rrm2"", ""Cdca5"", ""Kif23"", ""Dbf4"", ""Ncaph"", ""Anp32b"", ""Rad21"", ""Poc1a"", ""Gpsm2"", ""Smc4"", ""Rrm1"", ""Ezh2"", ""Rad51ap1"", ""Plk4"", ""Ncaph2"", ""Stil"", ""E2f8"", ""Rhno1"")"
"326","GOBP_SPINDLE_ASSEMBLY","4.22743628657211e-08","1.89801903197119e-06","0.719512826338911","0.879995331196082","1.74868577585125","59","c(""Birc5"", ""Cdca8"", ""Cdc20"", ""Tpx2"", ""Cenpe"", ""Ccnb2"", ""Prc1"", ""Aurka"", ""Kif11"", ""Plk1"", ""Aspm"", ""Aurkb"", ""Incenp"", ""Racgap1"", ""Tubb5"", ""Ndc80"", ""Nek2"", ""Spag5"", ""Kifc1"", ""Fbxo5"", ""Kif23"", ""Gpsm2"", ""Stil"", ""Smc1a"", ""Rcc1"", ""Ccsap"", ""Haus4"")"
"327","MORI_PRE_BI_LYMPHOCYTE_UP","3.08437074742668e-08","1.42984406518918e-06","0.719512826338911","0.86912668069739","1.74891489531342","69","c(""Ube2c"", ""Cdk1"", ""Cdc20"", ""Cdca3"", ""Tubb4b"", ""Kpna2"", ""Ccnb2"", ""Prc1"", ""Aurka"", ""Hmgn2"", ""Mki67"", ""Tuba1b"", ""Cks1b"", ""Stmn1"", ""Nucks1"", ""Racgap1"", ""Top2a"", ""Tubb5"", ""Ndc80"", ""Kif4"", ""Anp32e"", ""Melk"", ""Hmgb3"", ""Ttk"", ""Lmnb1"", ""Rrm2"", ""Ran"", ""Cdca5"", ""Ncaph"", ""Smc4"", ""Rrm1"", ""Dbi"", ""E2f8"", ""Emp1"", ""Prdx4"", ""Tuba1a"", ""Hjurp"", ""Txn1"", ""Phgdh"", ""Psat1"", ""Rbbp4"", ""Slc29a1"")"
"328","ISHIDA_E2F_TARGETS","2.41439344630745e-07","8.88185253602907e-06","0.674962860011025","0.889122295182542","1.74951696751926","49","c(""Cdk1"", ""Cdc20"", ""Hmgb2"", ""Ccnb1"", ""Ccna2"", ""Kpna2"", ""Ccnb2"", ""Prc1"", ""Nusap1"", ""Mki67"", ""Aurkb"", ""Kif2c"", ""Stmn1"", ""Top2a"", ""Smc2"", ""Bub1"", ""Anln"", ""Kifc1"", ""Cdkn2c"", ""Hmgb3"", ""Rrm2"", ""Dbf4"", ""Asf1b"", ""Ncaph"", ""Rrm1"", ""Ezh2"", ""Trip13"", ""E2f8"", ""Ube2t"")"
"329","YU_MYC_TARGETS_UP","1.48634924531822e-07","5.96539903372517e-06","0.690132458796796","0.914608450655775","1.75080788602247","39","c(""Cks2"", ""Cdk1"", ""Birc5"", ""Kpna2"", ""Ube2s"", ""Ccnb2"", ""Aurka"", ""Hmgn2"", ""Plk1"", ""Mki67"", ""Aspm"", ""Cdkn3"", ""Cks1b"", ""Racgap1"", ""Top2a"", ""Kif20a"", ""Bub1"", ""Ect2"", ""Anln"", ""Rrm1"", ""Nudcd2"", ""E2f8"", ""Gmnn"")"
"330","GOCC_MICROTUBULE_ASSOCIATED_COMPLEX","1.82850752478805e-07","7.04469588266314e-06","0.690132458796796","0.902053034372444","1.751771026516","45","c(""Birc5"", ""Cdca8"", ""Aurka"", ""Aurkb"", ""Kif22"", ""Kif2c"", ""Incenp"", ""Kif20a"", ""Kif20b"", ""Kif15"", ""Kif4"", ""Kif18b"", ""Kif14"", ""Kifc1"", ""Kif18a"", ""Kif23"", ""Nde1"", ""Haus4"", ""Dynlt1f"", ""Dynll1"", ""Haus5"", ""Ywhae"")"
"331","REACTOME_INTRA_GOLGI_AND_RETROGRADE_GOLGI_TO_ER_TRAFFIC","1.49605763209874e-07","5.96539903372517e-06","0.690132458796796","0.903126831408128","1.75385632135321","45","c(""Tubb4b"", ""Cenpe"", ""Kif11"", ""Tuba1c"", ""Kif22"", ""Tuba1b"", ""Kif2c"", ""Racgap1"", ""Kif20a"", ""Kif20b"", ""Kif15"", ""Kif4"", ""Kif18b"", ""Kifc1"", ""Kif18a"", ""Kif23"", ""Tubb2a"", ""Tuba1a"", ""Dynll1"")"
"332","REACTOME_SIGNALING_BY_RHO_GTPASES_MIRO_GTPASES_AND_RHOBTB3","2.36081907924854e-15","2.92638921519026e-13","1.00731795687447","0.819759949412504","1.75454913797825","214","c(""Cdca8"", ""Cdc20"", ""Cenpf"", ""Tubb4b"", ""Cenpa"", ""Cenpe"", ""Prc1"", ""Tuba1c"", ""Spc24"", ""Plk1"", ""Aurkb"", ""Tuba1b"", ""Kif2c"", ""Spc25"", ""Incenp"", ""Racgap1"", ""Bub1b"", ""Ndc80"", ""Bub1"", ""Ect2"", ""Cdc25c"", ""Nuf2"", ""Kif14"", ""Anln"", ""Depdc1b"", ""Kif18a"", ""Diaph3"", ""Mad2l1"", ""Ska1"", ""Bub3"", ""Cenpm"", ""Ckap5"", ""Arhgap11a"", ""Cenpp"", ""Lmnb1"", ""Arhgap19"", ""Calm2"", ""Ska2"", ""Spdl1"", ""Cenpl"", ""Nde1"", ""Cenpn"", ""Nup37"", ""Arhgef39"", ""Cenpi"", ""Iqgap3"", ""Cenpc1"", ""Nsl1"", ""Calm3"", ""Rangap1"", ""Cenpk"", ""Dsn1"", ""Pmf1"", ""Zwilch"", 
""Kntc1"", ""Tubb2a"", ""Tuba1a"", ""Cenph"", ""Ddx39b"", ""Dynll1"", ""Vim"")"
"333","GOCC_MITOTIC_SPINDLE","1.31697834958348e-09","7.15181957078573e-08","0.788186810800237","0.858451568681425","1.76024247409533","89","c(""Cdk1"", ""Tubb4b"", ""Tpx2"", ""Cenpe"", ""Prc1"", ""Aurka"", ""Kif11"", ""Nusap1"", ""Plk1"", ""Dlgap5"", ""Tacc3"", ""Aspm"", ""Aurkb"", ""Kif22"", ""Racgap1"", ""Tubb5"", ""Ckap2l"", ""Kif20b"", ""Knstrn"", ""Ect2"", ""Kif18b"", ""Spag5"", ""Ckap2"", ""Kifc1"", ""Kif18a"", ""Mad2l1"", ""Ska1"", ""Fam83d"", ""Kif23"", ""Espl1"", ""Ska3"", ""Gpsm2"", ""Nudcd2"", ""Rangap1"", ""Smc1a"", ""Nsmce1"", ""Tubb2a"", ""Ccsap"", ""Haus4"", ""Cdk5rap2"")"
"334","REICHERT_MITOSIS_LIN9_TARGETS","5.45775038047859e-10","3.06057798553493e-08","0.801215574617779","0.975279672805433","1.76301461981963","22","c(""Cenpf"", ""Hmgb2"", ""Ccnb1"", ""Cenpa"", ""Hmmr"", ""Cenpe"", ""Aurka"", ""Nusap1"", ""Plk1"", ""Mki67"", ""Aspm"", ""Kif2c"", ""Top2a"", ""Cep55"", ""Kif20a"", ""Ccnf"", ""Cdca2"", ""Ncapd2"", ""Fbxo5"", ""Kif23"")"
"335","GOBP_MITOTIC_CELL_CYCLE","5.9604602341407e-27","8.49663606376756e-24","1.34992572002205","0.823796131819593","1.7662649901026","379","c(""Ube2c"", ""Cks2"", ""Cdk1"", ""Birc5"", ""Cdca8"", ""Cdc20"", ""Cenpf"", ""Ccnb1"", ""Tubb4b"", ""Tpx2"", ""Ccna2"", ""Cenpa"", ""Ube2s"", ""Cenpe"", ""Ccnb2"", ""Prc1"", ""Aurka"", ""Kif11"", ""Tuba1c"", ""Spc24"", ""Nusap1"", ""Plk1"", ""Mki67"", ""Dlgap5"", ""Tacc3"", ""Aurkb"", ""Kif22"", ""Tuba1b"", ""Cks1b"", ""Kif2c"", ""Stmn1"", ""Ncapg"", ""Spc25"", ""Incenp"", ""Racgap1"", ""Tubb5"", ""Cep55"", ""Bub1b"", ""Kif20a"", ""Ccnf"", ""Kif20b"", ""Smc2"", ""Ndc80"", ""Knstrn"", ""Sapcd2"", ""Nek2"", ""Cdca2"", ""Bub1"", ""Kif4"", ""Ect2"", ""Cdc25c"", ""Nuf2"", ""Kif18b"", ""Kif14"", ""Spag5"", ""Ckap2"", 
""Anln"", ""Cit"", ""Kifc1"", ""Cdc25b"", ""Cdkn2c"", ""Kif18a"", ""Foxm1"", ""Hmgb1"", ""Mad2l1"", ""Ska1"", ""Bub3"", ""Ttk"", ""Ckap5"", ""Fzr1"", ""Lmnb1"", ""Ncapd2"", ""Psrc1"", ""Fbxo5"", ""Calm2"", ""Rrm2"", ""Ska2"", ""Ran"", ""Cdca5"", ""Spdl1"", ""Kif23"", ""Espl1"", ""Nde1"", ""Ska3"", ""Dbf4"", ""Ncaph"", ""Anp32b"", ""Rad21"", ""Cenpw"", ""Poc1a"", ""Gpsm2"", ""Smc4"", ""Bora"", ""Rrm1"", ""Ezh2"", ""Cenpi"", ""Iqgap3"", ""Cenpc1"", ""Nsl1"", ""Banf1"", ""Cdkn2d"", ""Trip13"", ""Calm3"", ""Reep4"", ""Rnaseh2b"", ""Ncaph2"", ""Stil"", ""E2f8"", ""Cenpk"", ""Dsn1"", ""Eme1"", ""Cdc45"", ""Smc1a"", 
""Zwilch"", ""Fancd2"", ""Kntc1"", ""Rcc1"", ""Tubb2a"", ""Fam110a"", ""Ccsap"", ""Cdk5rap2"", ""Ncapg2"", ""Ticrr"", ""Tuba1a"", ""Ncapd3"", ""Rpa3"", ""Cenph"", ""Bard1"", ""Rbl1"", ""Miip"", ""Mastl"", ""Tubg1"", ""Ccdc61"", ""Wee1"", ""Anapc15"", ""Tubd1"", ""E2f7"")"
"336","BURTON_ADIPOGENESIS_PEAK_AT_24HR","1.16858947996643e-08","5.64686204641403e-07","0.747739663149885","0.932818990495751","1.76691821513445","35","c(""Ube2c"", ""Cdk1"", ""Cdc20"", ""Ccnb1"", ""Ccna2"", ""Kpna2"", ""Hmmr"", ""Prc1"", ""Nusap1"", ""Aurkb"", ""Kif22"", ""Stmn1"", ""Racgap1"", ""Top2a"", ""Kif20a"", ""Bub1"", ""Cdc25c"", ""Anln"", ""Melk"", ""Cenpl"", ""Rrm1"", ""Rangap1"")"
"337","MARKEY_RB1_ACUTE_LOF_UP","3.71514507443404e-14","3.85159222080416e-12","0.965327754226083","0.831006288120555","1.76757785580928","178","c(""Cks2"", ""Cdk1"", ""Birc5"", ""Cdca3"", ""Ccna2"", ""Kpna2"", ""Cenpa"", ""Ube2s"", ""Ccnb2"", ""Prc1"", ""Aurka"", ""Hmgn2"", ""Kif11"", ""Nusap1"", ""Plk1"", ""Mki67"", ""Dlgap5"", ""Kif22"", ""Cdkn3"", ""Cks1b"", ""Mis18bp1"", ""Kif2c"", ""Stmn1"", ""Nucks1"", ""Racgap1"", ""Tubb5"", ""Ptma"", ""Kif20a"", ""Ccnf"", ""Smc2"", ""Nek2"", ""Bub1"", ""Kif4"", ""Ect2"", ""Cdc25c"", ""Tmpo"", ""Ckap2"", ""Anln"", ""Mad2l1"", ""Hmgb3"", ""Rrm2"", ""Spdl1"", ""Kif23"", ""Asf1b"", ""Anp32b"", ""Rad21"", ""Fignl1"", ""Trim59"", ""Iqgap3"", ""Dek"", ""Rad51ap1"", ""Banf1"", ""Trip13"", ""E2f8"", ""Cenpk"", ""Cdc45"", 
""Tyms"", ""Gmnn"", ""Ube2t"", ""Lsm3"")"
"338","GOBP_MITOTIC_CELL_CYCLE_PROCESS","8.47417254861453e-24","6.83994819529115e-21","1.26273988547916","0.823668986886859","1.76851572948097","332","c(""Ube2c"", ""Cks2"", ""Cdk1"", ""Birc5"", ""Cdca8"", ""Cdc20"", ""Cenpf"", ""Ccnb1"", ""Tpx2"", ""Ccna2"", ""Cenpa"", ""Ube2s"", ""Cenpe"", ""Ccnb2"", ""Prc1"", ""Aurka"", ""Kif11"", ""Spc24"", ""Nusap1"", ""Plk1"", ""Mki67"", ""Dlgap5"", ""Tacc3"", ""Aurkb"", ""Kif22"", ""Cks1b"", ""Kif2c"", ""Stmn1"", ""Ncapg"", ""Spc25"", ""Incenp"", ""Racgap1"", ""Cep55"", ""Bub1b"", ""Kif20a"", ""Ccnf"", ""Kif20b"", ""Smc2"", ""Ndc80"", ""Knstrn"", ""Sapcd2"", ""Nek2"", ""Cdca2"", ""Bub1"", ""Kif4"", ""Ect2"", ""Cdc25c"", ""Nuf2"", ""Kif18b"", ""Kif14"", ""Spag5"", ""Ckap2"", ""Anln"", ""Cit"", ""Kifc1"", ""Cdc25b"", 
""Cdkn2c"", ""Kif18a"", ""Foxm1"", ""Mad2l1"", ""Bub3"", ""Ttk"", ""Ckap5"", ""Fzr1"", ""Lmnb1"", ""Ncapd2"", ""Psrc1"", ""Fbxo5"", ""Calm2"", ""Rrm2"", ""Ran"", ""Cdca5"", ""Spdl1"", ""Kif23"", ""Espl1"", ""Nde1"", ""Dbf4"", ""Ncaph"", ""Anp32b"", ""Rad21"", ""Poc1a"", ""Gpsm2"", ""Smc4"", ""Bora"", ""Rrm1"", ""Ezh2"", ""Cenpi"", ""Iqgap3"", ""Cenpc1"", ""Nsl1"", ""Banf1"", ""Cdkn2d"", ""Trip13"", ""Calm3"", ""Reep4"", ""Rnaseh2b"", ""Ncaph2"", ""Stil"", ""Cenpk"", ""Dsn1"", ""Eme1"", ""Cdc45"", ""Smc1a"", ""Zwilch"", ""Fancd2"", ""Kntc1"", ""Rcc1"", ""Fam110a"", ""Ccsap"", ""Cdk5rap2"", ""Ncapg2"", ""Ticrr"", 
""Ncapd3"", ""Cenph"", ""Bard1"", ""Rbl1"", ""Miip"", ""Mastl"")"
"339","TABULA_MURIS_SENIS_TONGUE_BASAL_CELL_OF_EPIDERMIS_AGEING","4.03065539791597e-10","2.34518337539968e-08","0.814035837847908","0.853324682525043","1.76895223780843","105","c(""Ube2c"", ""Cks2"", ""Cdk1"", ""Birc5"", ""Cdca8"", ""Cdc20"", ""Hmgb2"", ""Cdca3"", ""Ccnb1"", ""Tubb4b"", ""Ccna2"", ""Cenpa"", ""Ube2s"", ""Ccnb2"", ""Prc1"", ""Tuba1c"", ""Spc24"", ""Nusap1"", ""Tacc3"", ""Tuba1b"", ""Cks1b"", ""Stmn1"", ""Incenp"", ""Racgap1"", ""Top2a"", ""Tubb5"", ""Ptma"", ""Pbk"", ""Smc2"", ""Arl6ip1"", ""Ran"", ""Smc4"", ""Fkbp2"", ""Rbm3"", ""Hint1"", ""Rangap1"", ""Tyms"")"
"340","GOMF_TUBULIN_BINDING","8.0508259626627e-12","5.96179345962373e-10","0.875325132024659","0.845975958705889","1.76966492170575","126","c(""Birc5"", ""Cenpe"", ""Prc1"", ""Kif11"", ""Spc24"", ""Nusap1"", ""Plk1"", ""Dlgap5"", ""Kif22"", ""Kif2c"", ""Stmn1"", ""Racgap1"", ""Kif20a"", ""Kif20b"", ""Knstrn"", ""Kif15"", ""Kif4"", ""Gas2l3"", ""Kif18b"", ""Kif14"", ""Spag5"", ""Kifc1"", ""Kif18a"", ""Ska1"", ""Fam83d"", ""Ckap5"", ""Psrc1"", ""Ska2"", ""Kif23"", ""Nde1"", ""Gtse1"", ""Hdgf"", ""Reep4"", ""Terf1"", ""Mdm1"", ""Gapdh"", ""Ccsap"", ""Haus4"", ""Cdk5rap2"")"
"341","GOBP_ORGANELLE_LOCALIZATION","2.78928946096561e-14","3.0255782616231e-12","0.97599468306432","0.830335440518986","1.77048096358003","187","c(""Birc5"", ""Cdca8"", ""Cenpf"", ""Ccnb1"", ""Cenpa"", ""Cenpe"", ""Spc24"", ""Nusap1"", ""Plk1"", ""Tacc3"", ""Aspm"", ""Aurkb"", ""Kif22"", ""Kif2c"", ""Spc25"", ""Incenp"", ""Racgap1"", ""Ndc80"", ""Knstrn"", ""Sapcd2"", ""Nek2"", ""Ect2"", ""Nuf2"", ""Kif14"", ""Spag5"", ""Kifc1"", ""Kif18a"", ""Mad2l1"", ""Ubb"", ""Bub3"", ""Fam83d"", ""Lmnb1"", ""Psrc1"", ""Ran"", ""Cdca5"", ""Spdl1"", ""Nde1"", ""Gpsm2"", ""Cenpc1"", ""Nsl1"", ""Dsn1"", ""Pmf1"", ""Terf1"", ""Cdk5rap2"", ""Tuba1a"")"
"342","GOBP_REGULATION_OF_MITOTIC_NUCLEAR_DIVISION","6.81157384301007e-09","3.37735600459508e-07","0.761460801445585","0.885528898116318","1.77111459029953","65","c(""Ube2c"", ""Birc5"", ""Cdca8"", ""Cdc20"", ""Ccnb1"", ""Cenpe"", ""Spc24"", ""Nusap1"", ""Plk1"", ""Mki67"", ""Aurkb"", ""Spc25"", ""Incenp"", ""Bub1b"", ""Ndc80"", ""Cdca2"", ""Bub1"", ""Nuf2"", ""Mad2l1"", ""Bub3"", ""Ttk"", ""Fbxo5"", ""Spdl1"", ""Rad21"", ""Bora"", ""Trip13"", ""Zwilch"", ""Kntc1"", ""Rcc1"", ""Cdk5rap2"")"
"343","GOBP_CYTOKINESIS","3.58611346799352e-08","1.64903378987896e-06","0.719512826338911","0.900708836166506","1.77231568728609","49","c(""Birc5"", ""Cdca8"", ""Cenpa"", ""Prc1"", ""Aurka"", ""Nusap1"", ""Plk1"", ""Aurkb"", ""Stmn1"", ""Incenp"", ""Racgap1"", ""Cep55"", ""Kif20a"", ""Kif20b"", ""Ect2"", ""Kif14"", ""Ckap2"", ""Anln"", ""Cit"", ""Cdc25b"", ""Calm2"", ""Kif23"", ""Iqgap3"", ""Calm3"", ""E2f8"")"
"344","GOBP_ESTABLISHMENT_OF_ORGANELLE_LOCALIZATION","2.81227021862547e-14","3.0255782616231e-12","0.97599468306432","0.838817101982074","1.773769586255","165","c(""Birc5"", ""Cdca8"", ""Cenpf"", ""Ccnb1"", ""Cenpa"", ""Cenpe"", ""Spc24"", ""Nusap1"", ""Plk1"", ""Tacc3"", ""Aurkb"", ""Kif22"", ""Kif2c"", ""Spc25"", ""Incenp"", ""Racgap1"", ""Ndc80"", ""Knstrn"", ""Sapcd2"", ""Nek2"", ""Ect2"", ""Nuf2"", ""Kif14"", ""Spag5"", ""Kifc1"", ""Kif18a"", ""Mad2l1"", ""Ubb"", ""Bub3"", ""Fam83d"", ""Lmnb1"", ""Psrc1"", ""Ran"", ""Cdca5"", ""Spdl1"", ""Nde1"", ""Gpsm2"", ""Cenpc1"", ""Nsl1"", ""Dsn1"", ""Pmf1"", ""Terf1"", ""Cdk5rap2"", ""Tuba1a"")"
"345","GOMF_CYTOSKELETAL_MOTOR_ACTIVITY","2.57302278019188e-09","1.32174557591478e-07","0.774939030136436","0.945614699784914","1.78126160537076","32","c(""Cenpe"", ""Kif11"", ""Kif22"", ""Kif2c"", ""Kif20a"", ""Kif20b"", ""Kif15"", ""Kif4"", ""Kif18b"", ""Kif14"", ""Kifc1"", ""Kif18a"", ""Kif23"")"
"346","GOCC_POLYMERIC_CYTOSKELETAL_FIBER","1.22168506623847e-16","1.9902994993405e-14","1.04762648849882","0.831512480112164","1.78209026591031","217","c(""Cdk1"", ""Birc5"", ""Tubb4b"", ""Tpx2"", ""Cenpe"", ""Prc1"", ""Aurka"", ""Kif11"", ""Tuba1c"", ""Nusap1"", ""Plk1"", ""Aspm"", ""Aurkb"", ""Kif22"", ""Tuba1b"", ""Kif2c"", ""Stmn1"", ""Incenp"", ""Tubb5"", ""Kif20a"", ""Kif20b"", ""Knstrn"", ""Kif15"", ""Nek2"", ""Kif4"", ""Gas2l3"", ""Kif18b"", ""Kif14"", ""Spag5"", ""Ckap2"", ""Kifc1"", ""Kif18a"", ""Diaph3"", ""Ska1"", ""Ckap5"", ""Lmnb1"", ""Psrc1"", ""Calm2"", ""Ska2"", ""Kif23"", ""Nde1"", ""Ska3"", ""Gtse1"", ""Mns1"", ""Calm3"", ""Reep4"", ""Smtn"", ""Mdm1"", ""Odf2"", ""Kntc1"", ""Tubb2a"", ""Fam110a"", ""Ccsap"", ""Haus4"", ""Cdk5rap2"", ""Tuba1a"", 
""Dynlt1f"", ""Rassf3"", ""Dynll1"", ""Vim"", ""Tubg1"", ""Tubd1"", ""Haus5"", ""Lmnb2"")"
"347","GOBP_REGULATION_OF_NUCLEAR_DIVISION","5.47490274508178e-10","3.06057798553493e-08","0.801215574617779","0.886594645695725","1.7851009426269","70","c(""Ube2c"", ""Birc5"", ""Cdca8"", ""Cdc20"", ""Ccnb1"", ""Cenpe"", ""Spc24"", ""Nusap1"", ""Plk1"", ""Mki67"", ""Aurkb"", ""Spc25"", ""Incenp"", ""Bub1b"", ""Ndc80"", ""Cdca2"", ""Bub1"", ""Nuf2"", ""Mad2l1"", ""Bub3"", ""Ttk"", ""Fzr1"", ""Fbxo5"", ""Spdl1"", ""Rad21"", ""Bora"", ""Rad51ap1"", ""Trip13"", ""Zwilch"", ""Kntc1"", ""Rcc1"", ""Cdk5rap2"")"
"348","GOCC_CHROMOSOMAL_REGION","1.15644752769611e-14","1.29295368684769e-12","0.986546283587582","0.843276342023381","1.78565560891829","168","c(""Birc5"", ""Cdca8"", ""Cdc20"", ""Cenpf"", ""Ccnb1"", ""Cenpa"", ""Cenpe"", ""Aurka"", ""Spc24"", ""Plk1"", ""Mki67"", ""Aurkb"", ""Mis18bp1"", ""Kif2c"", ""Ncapg"", ""Spc25"", ""Incenp"", ""Top2a"", ""Bub1b"", ""Ndc80"", ""Knstrn"", ""Nek2"", ""Pif1"", ""Bub1"", ""Nuf2"", ""Spag5"", ""Kif18a"", ""Mad2l1"", ""Esco2"", ""Ska1"", ""Bub3"", ""Cenpm"", ""Ttk"", ""Ckap5"", ""Cenpp"", ""Ncapd2"", ""Ska2"", ""Spdl1"", ""Cenpl"", ""Nde1"", ""Ska3"", ""Rad21"", ""Cenpw"", ""Cenpn"", ""Smc4"", ""Ezh2"", ""Alyref"", ""Nup37"", ""Oip5"", ""Cenpi"", ""Cenpc1"", ""Nsl1"", ""Rad51ap1"", ""Nudcd2"", ""Rangap1"", ""Cenpk"", 
""Dsn1"", ""Ctcf"", ""Smc1a"", ""Pmf1"", ""Zwilch"", ""Terf1"", ""Kntc1"", ""Nsmce1"", ""Cbx3"", ""Ncapd3"", ""Cenph"", ""Hjurp"", ""Dynll1"")"
"349","LAZARO_GENETIC_MOUSE_MODEL_HIGH_GRADE_SMALL_CELL_NEUROENDOCRINE_LUNG_CARCINOMA_UP","6.70340540210645e-30","1.2740939200937e-26","1.41727590263607","0.833014770924861","1.78647215971691","382","c(""Ube2c"", ""Cks2"", ""Cdk1"", ""Birc5"", ""Cdca8"", ""Cdc20"", ""Cenpf"", ""Hmgb2"", ""Ccnb1"", ""Tpx2"", ""Ccna2"", ""Kpna2"", ""Cenpa"", ""Hmmr"", ""Cenpe"", ""Ccnb2"", ""Prc1"", ""Aurka"", ""Hmgn2"", ""Kif11"", ""Nusap1"", ""Plk1"", ""Mki67"", ""Dlgap5"", ""Tacc3"", ""Aspm"", ""Aurkb"", ""Kif22"", ""Cdkn3"", ""Mis18bp1"", ""Kif2c"", ""Stmn1"", ""Lockd"", ""Nucks1"", ""Depdc1a"", ""Ncapg"", ""Spc25"", ""Incenp"", ""Racgap1"", ""Top2a"", ""Tubb5"", ""Ckap2l"", ""Cep55"", ""Shcbp1"", ""Bub1b"", ""Kif20a"", ""Pbk"", ""Kif20b"", ""Smc2"", ""Ndc80"", ""Knstrn"", ""Nek2"", ""Pif1"", ""Cdca2"", ""Kif4"", ""Ect2"", 
""Gas2l3"", ""Neil3"", ""Cdc25c"", ""Nuf2"", ""Tmpo"", ""Kif18b"", ""Kif14"", ""Spag5"", ""Ckap2"", ""Anln"", ""Kifc1"", ""Melk"", ""Cdc25b"", ""Depdc1b"", ""Cdkn2c"", ""Kif18a"", ""Troap"", ""Foxm1"", ""Mad2l1"", ""Ska1"", ""Cenpm"", ""Ttk"", ""Fam83d"", ""Parpbp"", ""Ckap5"", ""Arhgap11a"", ""Arhgap19"", ""Prr11"", ""Ncapd2"", ""Ska2"", ""Ran"", ""Cdca5"", ""Spdl1"", ""Kif23"", ""Cenpl"", ""Ska3"", ""Gtse1"", ""Dbf4"", ""Ncaph"", ""Cenpn"", ""Fignl1"", ""G2e3"", ""Smc4"", ""Trim59"", ""1500009L16Rik"", ""Bora"", ""Rrm1"", ""Ezh2"", ""Arhgef39"", ""Cenpi"", ""Hint1"", ""Iqgap3"", ""Ccdc18"", ""Nsl1"", 
""Cdkn2d"", ""Trip13"", ""Plk4"", ""Rnaseh2b"", ""Rangap1"", ""Stil"", ""E2f8"", ""Cenpk"", ""Cdc45"", ""Tyms"", ""Pmf1"", ""Hnrnpa3"", ""Zwilch"", ""Gmnn"", ""Neurl1b"", ""Snrpd1"", ""Fancd2"", ""Kntc1"", ""Myef2"", ""Brip1"", ""Cdk5rap2"", ""Nrm"", ""Ncapg2"", ""Hirip3"", ""Ticrr"", ""Hyls1"", ""Ncapd3"", ""Sephs1"", ""Cenph"", ""Hjurp"")"
"350","AFFAR_YY1_TARGETS_DN","5.11273742506962e-13","4.48505058426877e-11","0.921426003494898","0.849063549229157","1.7873950906887","136","c(""Birc5"", ""Cenpf"", ""Hmgb2"", ""Cdca3"", ""Ccnb1"", ""Ccna2"", ""Cenpa"", ""Hmmr"", ""Cenpe"", ""Ccnb2"", ""Prc1"", ""Aurka"", ""Kif11"", ""Plk1"", ""Mki67"", ""Tacc3"", ""Aspm"", ""Aurkb"", ""Kif22"", ""Mxd3"", ""Kif2c"", ""Stmn1"", ""Ncapg"", ""Racgap1"", ""Top2a"", ""Shcbp1"", ""Bub1b"", ""Kif20a"", ""Smc2"", ""Bub1"", ""Cdc25c"", ""Spag5"", ""Anp32e"", ""Foxm1"", ""Diaph3"", ""Hmgb1"", ""Mad2l1"", ""Hmgb3"", ""Ttk"", ""Lmnb1"", ""Kif23"", ""Rad51ap1"", ""Trip13"", ""Plk4"", ""Terf1"", ""Tubb2a"", ""Prdx4"")"
"351","GOBP_MICROTUBULE_BASED_PROCESS","3.93888904153144e-22","2.24595453148122e-19","1.22105375677186","0.835463233707772","1.78915184778798","279","c(""Cdk1"", ""Birc5"", ""Cdca8"", ""Cdc20"", ""Ccnb1"", ""Tubb4b"", ""Tpx2"", ""Cenpa"", ""Cenpe"", ""Ccnb2"", ""Prc1"", ""Aurka"", ""Kif11"", ""Tuba1c"", ""Nusap1"", ""Plk1"", ""Dlgap5"", ""Tacc3"", ""Aspm"", ""Aurkb"", ""Kif22"", ""Tuba1b"", ""Kif2c"", ""Stmn1"", ""Spc25"", ""Incenp"", ""Racgap1"", ""Tubb5"", ""Kif20a"", ""Ccnf"", ""Kif20b"", ""Ndc80"", ""Knstrn"", ""Sapcd2"", ""Kif15"", ""Nek2"", ""Kif4"", ""Gas2l3"", ""Nuf2"", ""Kif18b"", ""Kif14"", ""Spag5"", ""Ckap2"", ""Kifc1"", ""Kif18a"", ""Mad2l1"", ""Ubb"", ""Ska1"", ""Ckap5"", ""Psrc1"", ""Fbxo5"", ""Ska2"", ""Spdl1"", ""Kif23"", ""Espl1"", ""Nde1"", 
""Ska3"", ""Poc1a"", ""Gpsm2"", ""Bora"", ""Mns1"", ""Plk4"", ""Stil"", ""Smc1a"", ""Mdm1"", ""Odf2"", ""Rcc1"", ""Tubb2a"", ""Fam110a"", ""Gapdh"", ""Ccsap"", ""Haus4"", ""Cdk5rap2"", ""Tuba1a"", ""Cep72"", ""Cenph"", ""Cntln"", ""Dynll1"", ""Tubg1"", ""Ccdc61"", ""Wee1"", ""Cep128"", ""Tubd1"", ""Haus5"", ""Chek2"", ""Cntrl"", ""Gen1"")"
"352","GOCC_MIDBODY","1.59242233201269e-09","8.48597395994054e-08","0.788186810800237","0.903678553785941","1.78919401617227","58","c(""Cdk1"", ""Birc5"", ""Cdca8"", ""Cenpf"", ""Cenpe"", ""Prc1"", ""Plk1"", ""Aspm"", ""Aurkb"", ""Incenp"", ""Racgap1"", ""Cep55"", ""Kif20a"", ""Kif20b"", ""Nek2"", ""Kif4"", ""Ect2"", ""Kif14"", ""Anln"", ""Cit"", ""Psrc1"", ""Ran"", ""Kif23"", ""Rad21"", ""Cenpc1"")"
"353","MORI_IMMATURE_B_LYMPHOCYTE_DN","1.12290857255127e-10","7.27593713714473e-09","0.839088935621274","0.878287375986748","1.78969699893814","80","c(""Ube2c"", ""Cdk1"", ""Cdc20"", ""Cdca3"", ""Ccnb1"", ""Tubb4b"", ""Ccna2"", ""Kpna2"", ""Cenpa"", ""Ccnb2"", ""Prc1"", ""Hmgn2"", ""Nusap1"", ""Mki67"", ""Dlgap5"", ""Tuba1b"", ""Cdkn3"", ""Cks1b"", ""Stmn1"", ""Top2a"", ""Tubb5"", ""Smc2"", ""Ndc80"", ""Nek2"", ""Tmpo"", ""Anp32e"", ""Melk"", ""Cdkn2c"", ""Hmgb1"", ""Hmgb3"", ""Ttk"", ""Ckap5"", ""Lmnb1"", ""Rrm2"", ""Cdca5"", ""Cenpl"", ""Ncaph"", ""Smc4"", ""Rrm1"", ""Ezh2"", ""Iqgap3"", ""Lgals1"", ""E2f8"", ""Cdc45"", ""Hnrnpa3"")"
"354","GOBP_REGULATION_OF_CHROMOSOME_SEGREGATION","4.17364982444958e-10","2.40385366656682e-08","0.814035837847908","0.885681658278698","1.79306494517398","72","c(""Ube2c"", ""Cdk1"", ""Birc5"", ""Cdca8"", ""Cdc20"", ""Ccnb1"", ""Cenpe"", ""Spc24"", ""Plk1"", ""Mki67"", ""Tacc3"", ""Aurkb"", ""Kif2c"", ""Ncapg"", ""Spc25"", ""Incenp"", ""Bub1b"", ""Smc2"", ""Ndc80"", ""Cdca2"", ""Bub1"", ""Nuf2"", ""Cit"", ""Mad2l1"", ""Bub3"", ""Ttk"", ""Ncapd2"", ""Fbxo5"", ""Spdl1"", ""Ncaph"", ""Rad21"", ""Smc4"", ""Trip13"", ""Ncaph2"", ""Zwilch"", ""Kntc1"", ""Cdk5rap2"", ""Ncapg2"", ""Ncapd3"")"
"355","REACTOME_SEPARATION_OF_SISTER_CHROMATIDS","5.41116373809751e-13","4.62370236478566e-11","0.921426003494898","0.85914488050092","1.79628265769882","123","c(""Ube2c"", ""Cdca8"", ""Cdc20"", ""Cenpf"", ""Tubb4b"", ""Cenpa"", ""Ube2s"", ""Cenpe"", ""Tuba1c"", ""Spc24"", ""Plk1"", ""Aurkb"", ""Tuba1b"", ""Kif2c"", ""Spc25"", ""Incenp"", ""Bub1b"", ""Ndc80"", ""Bub1"", ""Nuf2"", ""Kif18a"", ""Mad2l1"", ""Ubb"", ""Ska1"", ""Bub3"", ""Cenpm"", ""Ckap5"", ""Cenpp"", ""Ska2"", ""Cdca5"", ""Spdl1"", ""Espl1"", ""Cenpl"", ""Nde1"", ""Rad21"", ""Cenpn"", ""Nup37"", ""Cenpi"", ""Cenpc1"", ""Nsl1"", ""Rangap1"", ""Cenpk"", ""Dsn1"", ""Smc1a"", ""Pmf1"", ""Zwilch"", ""Kntc1"", ""Tubb2a"", ""Psmc1"", ""Tuba1a"", ""Cenph"", ""Dynll1"")"
"356","BURTON_ADIPOGENESIS_3","1.71801035005679e-11","1.22451187700297e-09","0.863415391606693","0.878046867820164","1.79694136394223","87","c(""Cks2"", ""Cdk1"", ""Birc5"", ""Cdca8"", ""Cdc20"", ""Hmgb2"", ""Ccnb1"", ""Kpna2"", ""Ccnb2"", ""Prc1"", ""Aurka"", ""Kif11"", ""Nusap1"", ""Plk1"", ""Mki67"", ""Dlgap5"", ""Tacc3"", ""Kif22"", ""Cks1b"", ""Kif2c"", ""Incenp"", ""Racgap1"", ""Top2a"", ""Kif20a"", ""Ccnf"", ""Smc2"", ""Bub1"", ""Kif4"", ""Mad2l1"", ""Ttk"", ""Rrm2"", ""Asf1b"", ""Ncaph"", ""Fignl1"", ""Rrm1"", ""Ezh2"", ""Rad51ap1"", ""E2f8"", ""Cenpk"", ""Cdc45"", ""Tyms"")"
"357","GOBP_CHROMOSOME_SEPARATION","1.45021033619846e-09","7.80103711038077e-08","0.788186810800237","0.912819270876037","1.79861232896071","51","c(""Ube2c"", ""Birc5"", ""Cdca8"", ""Cdc20"", ""Ccnb1"", ""Cenpe"", ""Spc24"", ""Plk1"", ""Aurkb"", ""Ncapg"", ""Spc25"", ""Incenp"", ""Top2a"", ""Bub1b"", ""Smc2"", ""Ndc80"", ""Bub1"", ""Nuf2"", ""Mad2l1"", ""Bub3"", ""Ttk"", ""Ncapd2"", ""Fbxo5"", ""Spdl1"", ""Espl1"", ""Ncaph"", ""Rad21"", ""Smc4"", ""Trip13"", ""Ncaph2"", ""Zwilch"", ""Kntc1"", ""Cdk5rap2"", ""Ncapg2"", ""Ncapd3"")"
"358","GOCC_MICROTUBULE","1.9287282635919e-15","2.44391301311134e-13","1.00731795687447","0.852355955951845","1.80071188227426","158","c(""Cdk1"", ""Birc5"", ""Tubb4b"", ""Tpx2"", ""Cenpe"", ""Prc1"", ""Aurka"", ""Kif11"", ""Tuba1c"", ""Nusap1"", ""Plk1"", ""Aspm"", ""Aurkb"", ""Kif22"", ""Tuba1b"", ""Kif2c"", ""Stmn1"", ""Incenp"", ""Tubb5"", ""Kif20a"", ""Kif20b"", ""Knstrn"", ""Kif15"", ""Nek2"", ""Kif4"", ""Gas2l3"", ""Kif18b"", ""Kif14"", ""Spag5"", ""Ckap2"", ""Kifc1"", ""Kif18a"", ""Ska1"", ""Ckap5"", ""Psrc1"", ""Calm2"", ""Ska2"", ""Kif23"", ""Nde1"", ""Ska3"", ""Gtse1"", ""Mns1"", ""Calm3"", ""Reep4"", ""Mdm1"", ""Odf2"", ""Kntc1"", ""Tubb2a"", ""Fam110a"", ""Ccsap"", ""Haus4"", ""Cdk5rap2"", ""Tuba1a"", ""Dynlt1f"", ""Rassf3"", 
""Dynll1"")"
"359","GOBP_MITOTIC_SPINDLE_ORGANIZATION","1.33983644407796e-10","8.39532681772807e-09","0.826657301178302","0.906670813242073","1.80169405255926","59","c(""Birc5"", ""Cdca8"", ""Cdc20"", ""Ccnb1"", ""Tpx2"", ""Cenpe"", ""Prc1"", ""Aurka"", ""Kif11"", ""Plk1"", ""Dlgap5"", ""Tacc3"", ""Aurkb"", ""Stmn1"", ""Spc25"", ""Incenp"", ""Racgap1"", ""Ndc80"", ""Nek2"", ""Kif4"", ""Nuf2"", ""Kifc1"", ""Ckap5"", ""Psrc1"", ""Kif23"", ""Poc1a"", ""Gpsm2"", ""Bora"", ""Stil"", ""Smc1a"", ""Rcc1"", ""Fam110a"", ""Ccsap"")"
"360","GOMF_MICROTUBULE_BINDING","9.54004152173441e-12","6.97401496883713e-10","0.875325132024659","0.877713569763551","1.80368381529216","91","c(""Birc5"", ""Cenpe"", ""Prc1"", ""Kif11"", ""Spc24"", ""Nusap1"", ""Plk1"", ""Dlgap5"", ""Kif22"", ""Kif2c"", ""Racgap1"", ""Kif20a"", ""Kif20b"", ""Knstrn"", ""Kif15"", ""Kif4"", ""Gas2l3"", ""Kif18b"", ""Kif14"", ""Spag5"", ""Kifc1"", ""Kif18a"", ""Ska1"", ""Fam83d"", ""Ckap5"", ""Psrc1"", ""Ska2"", ""Kif23"", ""Nde1"", ""Gtse1"", ""Reep4"", ""Terf1"", ""Mdm1"", ""Gapdh"", ""Ccsap"", ""Haus4"", ""Cdk5rap2"")"
"361","REACTOME_AMPLIFICATION_OF_SIGNAL_FROM_THE_KINETOCHORES","3.36476926519565e-11","2.29347046005484e-09","0.851339057116899","0.906427908302724","1.80422638040801","63","c(""Cdca8"", ""Cdc20"", ""Cenpf"", ""Cenpa"", ""Cenpe"", ""Spc24"", ""Plk1"", ""Aurkb"", ""Kif2c"", ""Spc25"", ""Incenp"", ""Bub1b"", ""Ndc80"", ""Bub1"", ""Nuf2"", ""Kif18a"", ""Mad2l1"", ""Ska1"", ""Bub3"", ""Cenpm"", ""Ckap5"", ""Cenpp"", ""Ska2"", ""Spdl1"", ""Cenpl"", ""Nde1"", ""Cenpn"", ""Nup37"", ""Cenpi"", ""Cenpc1"", ""Nsl1"", ""Rangap1"", ""Cenpk"", ""Dsn1"", ""Pmf1"", ""Zwilch"", ""Kntc1"")"
"362","GOBP_CHROMOSOME_LOCALIZATION","3.92663226968817e-11","2.63407731785435e-09","0.851339057116899","0.920432158103799","1.80600833848857","53","c(""Birc5"", ""Cdca8"", ""Cenpf"", ""Ccnb1"", ""Cenpe"", ""Spc24"", ""Aurkb"", ""Kif22"", ""Kif2c"", ""Spc25"", ""Incenp"", ""Racgap1"", ""Ndc80"", ""Knstrn"", ""Nek2"", ""Ect2"", ""Nuf2"", ""Kif14"", ""Spag5"", ""Kifc1"", ""Kif18a"", ""Bub3"", ""Fam83d"", ""Psrc1"", ""Cdca5"", ""Spdl1"", ""Nde1"", ""Cenpc1"", ""Nsl1"", ""Dsn1"", ""Pmf1"", ""Terf1"")"
"363","LE_EGR2_TARGETS_UP","1.01579469999114e-11","7.33172326499933e-10","0.875325132024659","0.887050326669814","1.80861632632471","81","c(""Cks2"", ""Cdk1"", ""Birc5"", ""Cdca8"", ""Cdc20"", ""Ccna2"", ""Kpna2"", ""Ccnb2"", ""Prc1"", ""Aurka"", ""Kif11"", ""Nusap1"", ""Plk1"", ""Mki67"", ""Kif22"", ""Cks1b"", ""Kif2c"", ""Incenp"", ""Top2a"", ""Kif20a"", ""Smc2"", ""Bub1"", ""Ect2"", ""Mad2l1"", ""Lmnb1"", ""Rrm2"", ""Kif23"", ""Ncaph"", ""Fignl1"", ""Trim59"", ""Rrm1"", ""Ezh2"", ""Rbm3"", ""Iqgap3"", ""Plk4"", ""Lsm2"", ""Ube2t"", ""Nt5dc2"")"
"364","GOBP_SPINDLE_ORGANIZATION","4.38277677532549e-12","3.3320790897208e-10","0.887074988399873","0.884062598752952","1.8092526836948","87","c(""Birc5"", ""Cdca8"", ""Cdc20"", ""Ccnb1"", ""Tpx2"", ""Cenpe"", ""Ccnb2"", ""Prc1"", ""Aurka"", ""Kif11"", ""Plk1"", ""Dlgap5"", ""Tacc3"", ""Aspm"", ""Aurkb"", ""Stmn1"", ""Spc25"", ""Incenp"", ""Racgap1"", ""Tubb5"", ""Ndc80"", ""Knstrn"", ""Nek2"", ""Kif4"", ""Nuf2"", ""Spag5"", ""Kifc1"", ""Ckap5"", ""Psrc1"", ""Fbxo5"", ""Kif23"", ""Espl1"", ""Poc1a"", ""Gpsm2"", ""Bora"", ""Stil"", ""Smc1a"", ""Rcc1"", ""Fam110a"", ""Ccsap"", ""Haus4"", ""Cep72"", ""Cenph"", ""Tubg1"", ""Ccdc61"", ""Haus5"", ""Chek2"")"
"365","GOBERT_OLIGODENDROCYTE_DIFFERENTIATION_UP","2.36969470252659e-39","1.35119991938066e-35","1.63441895776255","0.845332068796677","1.81375143827073","444","c(""Ube2c"", ""Cks2"", ""Cdk1"", ""Birc5"", ""Cdca8"", ""Cdc20"", ""Cenpf"", ""Hmgb2"", ""Cdca3"", ""Ccnb1"", ""Tpx2"", ""Ccna2"", ""Kpna2"", ""Cenpa"", ""Hmmr"", ""Cenpe"", ""Ccnb2"", ""Prc1"", ""Aurka"", ""Hmgn2"", ""Kif11"", ""Spc24"", ""Nusap1"", ""Plk1"", ""Mki67"", ""Dlgap5"", ""Tacc3"", ""Aspm"", ""Aurkb"", ""Kif22"", ""Cdkn3"", ""Cks1b"", ""Mxd3"", ""Mis18bp1"", ""Kif2c"", ""Stmn1"", ""Lockd"", ""Nucks1"", ""Depdc1a"", ""Ncapg"", ""Spc25"", ""Incenp"", ""Racgap1"", ""Top2a"", ""Ckap2l"", ""Cep55"", ""Shcbp1"", ""Bub1b"", ""Kif20a"", ""Pbk"", ""Ccnf"", ""Kif20b"", ""Smc2"", ""Ndc80"", ""Knstrn"", 
""Nek2"", ""Pif1"", ""Cdca2"", ""Bub1"", ""Kif4"", ""Ect2"", ""Gas2l3"", ""Cdc25c"", ""Nuf2"", ""Kif18b"", ""Spag5"", ""Ckap2"", ""Anp32e"", ""Cit"", ""Melk"", ""Cdc25b"", ""Depdc1b"", ""Cdkn2c"", ""Kif18a"", ""Troap"", ""Foxm1"", ""Mad2l1"", ""Esco2"", ""Hmgb3"", ""Ska1"", ""Cenpm"", ""Ttk"", ""Fam83d"", ""Parpbp"", ""Ckap5"", ""Arhgap11a"", ""Cenpp"", ""Lmnb1"", ""Arhgap19"", ""Prr11"", ""Ccdc34"", ""Ncapd2"", ""Psrc1"", ""Fbxo5"", ""Rrm2"", ""Ska2"", ""Cdca5"", ""Spdl1"", ""Kif23"", ""Espl1"", ""Cenpl"", ""Ankle1"", ""Rdm1"", ""2610318N02Rik"", ""Ska3"", ""Gtse1"", ""Dbf4"", ""Asf1b"", ""Ncaph"", ""Cep89"", 
""Cenpw"", ""Lsm5"", ""Rnf26"", ""Cenpn"", ""Clic1"", ""Fignl1"", ""Smc4"", ""Trim59"", ""Bora"", ""Rrm1"", ""Ezh2"", ""Nup37"", ""Oip5"", ""Cmc2"", ""Arhgef39"", ""Cenpi"", ""Iqgap3"", ""Hmgn5"", ""Ccdc18"", ""Nsl1"", ""Rad51ap1"", ""Mns1"", ""Fam72a"", ""Trip13"", ""Plk4"", ""Mtfr2"", ""Rangap1"", ""Ncaph2"", ""Stil"", ""Cenpk"", ""Tmem97"", ""Eme1"", ""Lsm2"", ""Cdc45"", ""Tyms"", ""Pmf1"", ""Zwilch"", ""Emp1"", ""Exosc8"", ""Gmnn"", ""Ube2t"", ""Neurl1b"", ""Terf1"", ""Fancd2"", ""Kntc1"", ""Nt5dc2"", ""Rcc1"", ""Ttf2"", ""Fam110a"", ""Haus4"", ""Lsm4"", ""Tbc1d31"", ""Ncapg2"", ""Hirip3"", ""Ticrr"", 
""Vars"", ""Hyls1"", ""Ccdc77"", ""Sephs1"", ""Traip"", ""Cenph"", ""Hjurp"", ""Anxa2"", ""Pkmyt1"", ""Dynll1"", ""Rbl1"", ""Vim"", ""Usp1"", ""Chtf18"", ""Ccdc61"", ""Wee1"", ""Xrcc1"", ""Mis18a"", ""E2f7"", ""Ldlr"", ""Phf19"", ""Ptgr1"", ""Haus5"", ""Lrr1"", ""Lmnb2"", ""Chek2"")"
"366","GOBP_METAPHASE_CHROMOSOME_ALIGNMENT","2.88271092679199e-10","1.71221017755916e-08","0.814035837847908","0.92832602864363","1.81417133156578","47","c(""Birc5"", ""Cdca8"", ""Cenpf"", ""Ccnb1"", ""Cenpe"", ""Spc24"", ""Aurkb"", ""Kif22"", ""Kif2c"", ""Spc25"", ""Incenp"", ""Racgap1"", ""Ndc80"", ""Knstrn"", ""Nek2"", ""Ect2"", ""Nuf2"", ""Kif14"", ""Spag5"", ""Kifc1"", ""Kif18a"", ""Bub3"", ""Fam83d"", ""Psrc1"", ""Cdca5"", ""Spdl1"", ""Cenpc1"", ""Nsl1"", ""Dsn1"", ""Pmf1"")"
"367","REACTOME_M_PHASE","1.49644850349177e-18","4.49092071942635e-16","1.11466447751729","0.847975746558101","1.81471943702298","201","c(""Ube2c"", ""Cdk1"", ""Cdca8"", ""Cdc20"", ""Cenpf"", ""Ccnb1"", ""Tubb4b"", ""Cenpa"", ""Ube2s"", ""Cenpe"", ""Ccnb2"", ""Tuba1c"", ""Spc24"", ""Plk1"", ""Aurkb"", ""Tuba1b"", ""Kif2c"", ""Ncapg"", ""Spc25"", ""Incenp"", ""Tubb5"", ""Bub1b"", ""Kif20a"", ""Smc2"", ""Ndc80"", ""Nek2"", ""Bub1"", ""Nuf2"", ""Kif18a"", ""Mad2l1"", ""Ubb"", ""Ska1"", ""Bub3"", ""Cenpm"", ""Ckap5"", ""Cenpp"", ""Lmnb1"", ""Ncapd2"", ""Fbxo5"", ""Ska2"", ""Ran"", ""Cdca5"", ""Spdl1"", ""Kif23"", ""Espl1"", ""Cenpl"", ""Nde1"", ""Ncaph"", ""Rad21"", ""Cenpn"", ""Smc4"", ""Nup37"", ""Cenpi"", ""Cenpc1"", ""Nsl1"", ""Banf1"", ""Plk4"", 
""Rangap1"", ""Ncaph2"", ""Cenpk"", ""Dsn1"", ""Smc1a"", ""Pmf1"", ""Zwilch"", ""Odf2"", ""Kntc1"", ""Rcc1"", ""Tubb2a"", ""Haus4"", ""Cdk5rap2"", ""Ncapg2"", ""Psmc1"", ""Tuba1a"", ""Cep72"", ""Ncapd3"", ""Cenph"", ""Dynll1"", ""Mastl"", ""Tubg1"", ""Anapc15"", ""Haus5"", ""Ywhae"", ""Xpo1"", ""Anapc5"", ""Nup205"", ""Cep57"", ""Mzt1"", ""Psmb7"")"
"368","GOCC_SPINDLE","4.40722706640007e-16","6.61316019279295e-14","1.03769615548758","0.858477540241494","1.81487169994361","161","c(""Cdk1"", ""Birc5"", ""Cdca8"", ""Cenpf"", ""Ccnb1"", ""Tubb4b"", ""Tpx2"", ""Hmmr"", ""Cenpe"", ""Prc1"", ""Aurka"", ""Kif11"", ""Nusap1"", ""Plk1"", ""Dlgap5"", ""Tacc3"", ""Aspm"", ""Aurkb"", ""Kif22"", ""Kif2c"", ""Incenp"", ""Racgap1"", ""Tubb5"", ""Ckap2l"", ""Bub1b"", ""Kif20a"", ""Kif20b"", ""Knstrn"", ""Nek2"", ""Ect2"", ""Kif18b"", ""Kif14"", ""Spag5"", ""Ckap2"", ""Kifc1"", ""Cdc25b"", ""Kif18a"", ""Mad2l1"", ""Ska1"", ""Fam83d"", ""Ckap5"", ""Psrc1"", ""Fbxo5"", ""Calm2"", ""Ska2"", ""Spdl1"", ""Kif23"", ""Espl1"", ""Nde1"", ""Ska3"", ""Cep89"", ""Poc1a"", ""Gpsm2"", ""Bora"", ""Nsl1"", ""Calm3"", 
""Nudcd2"", ""Rangap1"", ""Dsn1"", ""Smc1a"", ""Pmf1"", ""Terf1"", ""Kntc1"", ""Nsmce1"", ""Tubb2a"", ""Fam110a"", ""Ccsap"", ""Haus4"", ""Cdk5rap2"", ""Cbx3"")"
"369","KONG_E2F3_TARGETS","4.91822827674207e-12","3.6899654781557e-10","0.887074988399873","0.889262113760824","1.81487471877201","82","c(""Ube2c"", ""Cdc20"", ""Cenpf"", ""Hmgb2"", ""Cdca3"", ""Ccnb1"", ""Tpx2"", ""Ccna2"", ""Hmmr"", ""Prc1"", ""Aurka"", ""Kif11"", ""Nusap1"", ""Plk1"", ""Mki67"", ""Dlgap5"", ""Tacc3"", ""Kif2c"", ""Depdc1a"", ""Ncapg"", ""Spc25"", ""Incenp"", ""Racgap1"", ""Top2a"", ""Shcbp1"", ""Bub1b"", ""Kif20a"", ""Pbk"", ""Ccnf"", ""Smc2"", ""Bub1"", ""Nuf2"", ""Melk"", ""Lmnb1"", ""Ncapd2"", ""Cdca5"", ""Spdl1"", ""Asf1b"", ""Ncaph"", ""Fignl1"", ""Ezh2"", ""Iqgap3"", ""Rad51ap1"", ""Cenpk"", ""Tyms"", ""Ube2t"")"
"370","GOBP_MICROTUBULE_CYTOSKELETON_ORGANIZATION","6.75818540461793e-21","2.96424409054857e-18","1.18665095279281","0.848701757810053","1.81535468648225","225","c(""Cdk1"", ""Birc5"", ""Cdca8"", ""Cdc20"", ""Ccnb1"", ""Tubb4b"", ""Tpx2"", ""Cenpa"", ""Cenpe"", ""Ccnb2"", ""Prc1"", ""Aurka"", ""Kif11"", ""Tuba1c"", ""Nusap1"", ""Plk1"", ""Dlgap5"", ""Tacc3"", ""Aspm"", ""Aurkb"", ""Tuba1b"", ""Kif2c"", ""Stmn1"", ""Spc25"", ""Incenp"", ""Racgap1"", ""Tubb5"", ""Kif20a"", ""Ccnf"", ""Ndc80"", ""Knstrn"", ""Sapcd2"", ""Nek2"", ""Kif4"", ""Gas2l3"", ""Nuf2"", ""Kif18b"", ""Kif14"", ""Spag5"", ""Ckap2"", ""Kifc1"", ""Kif18a"", ""Mad2l1"", ""Ska1"", ""Ckap5"", ""Psrc1"", ""Fbxo5"", ""Ska2"", ""Spdl1"", ""Kif23"", ""Espl1"", ""Nde1"", ""Ska3"", ""Poc1a"", ""Gpsm2"", ""Bora"", 
""Mns1"", ""Plk4"", ""Stil"", ""Smc1a"", ""Mdm1"", ""Odf2"", ""Rcc1"", ""Tubb2a"", ""Fam110a"", ""Gapdh"", ""Ccsap"", ""Haus4"", ""Cdk5rap2"", ""Tuba1a"", ""Cep72"", ""Cenph"", ""Cntln"", ""Tubg1"", ""Ccdc61"", ""Wee1"", ""Tubd1"", ""Haus5"", ""Chek2"", ""Cntrl"", ""Gen1"")"
"371","ZHENG_GLIOBLASTOMA_PLASTICITY_UP","4.87293022093123e-15","5.9117974722872e-13","0.996986217533181","0.860828705808807","1.81561893254188","144","c(""Cks2"", ""Birc5"", ""Cdca8"", ""Cdc20"", ""Cdca3"", ""Ccnb1"", ""Tpx2"", ""Ccnb2"", ""Prc1"", ""Aurka"", ""Nusap1"", ""Plk1"", ""Aspm"", ""Aurkb"", ""Kif22"", ""Cks1b"", ""Mis18bp1"", ""Spc25"", ""Incenp"", ""Racgap1"", ""Top2a"", ""Shcbp1"", ""Ccnf"", ""Smc2"", ""Ndc80"", ""Bub1"", ""Kif4"", ""Ect2"", ""Nuf2"", ""Spag5"", ""Anln"", ""Cit"", ""Melk"", ""Kif18a"", ""Mad2l1"", ""Lmnb1"", ""Rrm2"", ""Kif23"", ""Dbf4"", ""Cenpn"", ""Fignl1"", ""Rrm1"", ""Rad51ap1"", ""Plk4"", ""Cdc45"", ""Ube2t"", ""Acot7"", ""Rcc1"")"
"372","GOLDRATH_ANTIGEN_RESPONSE","9.9991976283215e-27","1.14030849753378e-23","1.34223377296446","0.84731821384761","1.81745309990159","288","c(""Cks2"", ""Cdk1"", ""Birc5"", ""Cdca8"", ""Cdc20"", ""Cdca3"", ""Ccna2"", ""Kpna2"", ""Cenpa"", ""Ccnb2"", ""Prc1"", ""Aurka"", ""Hmgn2"", ""Kif11"", ""Nusap1"", ""Plk1"", ""Mki67"", ""Dlgap5"", ""Tacc3"", ""Aspm"", ""Aurkb"", ""Kif22"", ""Cdkn3"", ""Cks1b"", ""Mxd3"", ""Mis18bp1"", ""Kif2c"", ""Stmn1"", ""Incenp"", ""Racgap1"", ""Top2a"", ""Kif20a"", ""Ccnf"", ""Nek2"", ""Bub1"", ""Kif4"", ""Ect2"", ""Cdc25c"", ""Tmpo"", ""Ckap2"", ""Anln"", ""Kifc1"", ""Cdkn2c"", ""Mad2l1"", ""Ttk"", ""Lmnb1"", ""Rrm2"", ""Ran"", ""Cdca5"", ""Spdl1"", ""Gtse1"", ""Asf1b"", ""Ncaph"", ""Rad21"", ""Fignl1"", ""Rrm1"", ""Ezh2"", 
""Rbm3"", ""Cmc2"", ""Iqgap3"", ""Rad51ap1"", ""Trip13"", ""Lgals1"", ""Plk4"", ""Dbi"", ""Emp3"", ""Rnaseh2b"", ""E2f8"", ""Tmem97"", ""Cdc45"", ""Serinc3"", ""Tyms"", ""Emp1"", ""Gmnn"", ""Ube2t"", ""Acot7"", ""Nudt4"", ""Prdx4"", ""Gapdh"")"
"373","REACTOME_MITOTIC_SPINDLE_CHECKPOINT","2.12913570286834e-11","1.49880639231546e-09","0.863415391606693","0.899180555188596","1.82039349897366","72","c(""Ube2c"", ""Cdca8"", ""Cdc20"", ""Cenpf"", ""Cenpa"", ""Ube2s"", ""Cenpe"", ""Spc24"", ""Plk1"", ""Aurkb"", ""Kif2c"", ""Spc25"", ""Incenp"", ""Bub1b"", ""Ndc80"", ""Bub1"", ""Nuf2"", ""Kif18a"", ""Mad2l1"", ""Ska1"", ""Bub3"", ""Cenpm"", ""Ckap5"", ""Cenpp"", ""Ska2"", ""Spdl1"", ""Cenpl"", ""Nde1"", ""Cenpn"", ""Nup37"", ""Cenpi"", ""Cenpc1"", ""Nsl1"", ""Rangap1"", ""Cenpk"", ""Dsn1"", ""Pmf1"", ""Zwilch"", ""Kntc1"")"
"374","HALLMARK_MITOTIC_SPINDLE","1.28200552590971e-12","1.0295768322165e-10","0.910119734774459","0.892500771711558","1.82116890310772","85","c(""Cdk1"", ""Birc5"", ""Cenpf"", ""Tpx2"", ""Cenpe"", ""Ccnb2"", ""Prc1"", ""Aurka"", ""Kif11"", ""Nusap1"", ""Plk1"", ""Dlgap5"", ""Kif22"", ""Kif2c"", ""Incenp"", ""Racgap1"", ""Top2a"", ""Kif20b"", ""Ndc80"", ""Kif15"", ""Nek2"", ""Pif1"", ""Bub1"", ""Kif4"", ""Ect2"", ""Anln"", ""Ttk"", ""Ckap5"", ""Lmnb1"", ""Fbxo5"", ""Kif23"", ""Espl1"", ""Smc4"", ""Smc1a"", ""Kntc1"", ""Cdk5rap2"", ""Cep72"")"
"375","HALLMARK_G2M_CHECKPOINT","1.85643323207778e-15","2.40576870211534e-13","1.00731795687447","0.864625981331397","1.82128324077071","141","c(""Ube2c"", ""Cks2"", ""Cdk1"", ""Birc5"", ""Cdc20"", ""Cenpf"", ""Tpx2"", ""Ccna2"", ""Cenpa"", ""Hmmr"", ""Ube2s"", ""Cenpe"", ""Ccnb2"", ""Prc1"", ""Aurka"", ""Kif11"", ""Nusap1"", ""Plk1"", ""Mki67"", ""Tacc3"", ""Aurkb"", ""Kif22"", ""Cdkn3"", ""Cks1b"", ""Kif2c"", ""Stmn1"", ""Incenp"", ""Racgap1"", ""Top2a"", ""Pbk"", ""Ccnf"", ""Kif20b"", ""Smc2"", ""Ndc80"", ""Kif15"", ""Nek2"", ""Bub1"", ""Kif4"", ""Tmpo"", ""Cdc25b"", ""Cdkn2c"", ""Troap"", ""Mad2l1"", ""Hmgb3"", ""Bub3"", ""Ttk"", ""Lmnb1"", ""Fbxo5"", ""Kif23"", ""Espl1"", ""Dbf4"", ""Rad21"", ""Smc4"", ""Ezh2"", ""Plk4"", ""Stil"", ""Ctcf"", ""Cdc45"", 
""Smc1a"", ""Snrpd1"", ""Odf2"")"
"376","REACTOME_MITOTIC_METAPHASE_AND_ANAPHASE","1.3633195232836e-15","1.80782509808444e-13","1.01754479730988","0.863971982907929","1.82262939827703","142","c(""Ube2c"", ""Cdk1"", ""Cdca8"", ""Cdc20"", ""Cenpf"", ""Ccnb1"", ""Tubb4b"", ""Cenpa"", ""Ube2s"", ""Cenpe"", ""Ccnb2"", ""Tuba1c"", ""Spc24"", ""Plk1"", ""Aurkb"", ""Tuba1b"", ""Kif2c"", ""Spc25"", ""Incenp"", ""Bub1b"", ""Ndc80"", ""Bub1"", ""Nuf2"", ""Kif18a"", ""Mad2l1"", ""Ubb"", ""Ska1"", ""Bub3"", ""Cenpm"", ""Ckap5"", ""Cenpp"", ""Lmnb1"", ""Fbxo5"", ""Ska2"", ""Ran"", ""Cdca5"", ""Spdl1"", ""Espl1"", ""Cenpl"", ""Nde1"", ""Rad21"", ""Cenpn"", ""Nup37"", ""Cenpi"", ""Cenpc1"", ""Nsl1"", ""Banf1"", ""Rangap1"", ""Cenpk"", ""Dsn1"", ""Smc1a"", ""Pmf1"", ""Zwilch"", ""Kntc1"", ""Rcc1"", ""Tubb2a"", 
""Psmc1"", ""Tuba1a"")"
"377","REACTOME_RHO_GTPASES_ACTIVATE_FORMINS","2.48214474504465e-12","1.96572074114509e-10","0.898671232061694","0.896341628889303","1.82648637234963","80","c(""Cdca8"", ""Cdc20"", ""Cenpf"", ""Tubb4b"", ""Cenpa"", ""Cenpe"", ""Tuba1c"", ""Spc24"", ""Plk1"", ""Aurkb"", ""Tuba1b"", ""Kif2c"", ""Spc25"", ""Incenp"", ""Bub1b"", ""Ndc80"", ""Bub1"", ""Nuf2"", ""Kif18a"", ""Diaph3"", ""Mad2l1"", ""Ska1"", ""Bub3"", ""Cenpm"", ""Ckap5"", ""Cenpp"", ""Ska2"", ""Spdl1"", ""Cenpl"", ""Nde1"", ""Cenpn"", ""Nup37"", ""Cenpi"", ""Cenpc1"", ""Nsl1"", ""Rangap1"", ""Cenpk"", ""Dsn1"", ""Pmf1"", ""Zwilch"", ""Kntc1"", ""Tubb2a"", ""Tuba1a"", ""Cenph"", ""Dynll1"")"
"378","GOCC_CONDENSED_CHROMOSOME","5.54936039045626e-17","9.88826654574424e-15","1.06720998682811","0.866782845830091","1.82955951082802","149","c(""Birc5"", ""Cdc20"", ""Cenpf"", ""Hmgb2"", ""Ccnb1"", ""Cenpa"", ""Cenpe"", ""Aurka"", ""Spc24"", ""Plk1"", ""Mki67"", ""Aurkb"", ""Kif2c"", ""Ncapg"", ""Spc25"", ""Incenp"", ""Top2a"", ""Bub1b"", ""Smc2"", ""Ndc80"", ""Knstrn"", ""Nek2"", ""Bub1"", ""Nuf2"", ""Spag5"", ""Kif18a"", ""Hmgb1"", ""Mad2l1"", ""Ska1"", ""Bub3"", ""Cenpm"", ""Ttk"", ""Ckap5"", ""Cenpp"", ""Ncapd2"", ""Ska2"", ""Spdl1"", ""Cenpl"", ""Nde1"", ""Ska3"", ""Ncaph"", ""Rad21"", ""Cenpw"", ""Cenpn"", ""Smc4"", ""Nup37"", ""Cenpi"", ""Cenpc1"", ""Nsl1"", ""Banf1"", ""Nudcd2"", ""Rangap1"", ""Ncaph2"", ""Cenpk"", ""Dsn1"", ""Ctcf"", ""Smc1a"", 
""Pmf1"", ""Zwilch"", ""Fancd2"", ""Kntc1"", ""Nsmce1"", ""Rcc1"", ""Ncapg2"", ""Tuba1a"", ""Cbx3"", ""Ncapd3"", ""Cenph"", ""Hjurp"", ""Dynll1"")"
"379","MORI_LARGE_PRE_BII_LYMPHOCYTE_UP","4.27613375801463e-12","3.29493441732425e-10","0.887074988399873","0.897342673090509","1.82972094105748","77","c(""Cdk1"", ""Cdc20"", ""Cdca3"", ""Ccnb1"", ""Tubb4b"", ""Ccna2"", ""Kpna2"", ""Cenpa"", ""Ube2s"", ""Cenpe"", ""Ccnb2"", ""Prc1"", ""Aurka"", ""Hmgn2"", ""Mki67"", ""Kif22"", ""Cdkn3"", ""Cks1b"", ""Stmn1"", ""Nucks1"", ""Racgap1"", ""Top2a"", ""Tubb5"", ""Smc2"", ""Ndc80"", ""Tmpo"", ""Anp32e"", ""Melk"", ""Cdkn2c"", ""Hmgb1"", ""Hmgb3"", ""Bub3"", ""Ttk"", ""Lmnb1"", ""Calm2"", ""Rrm2"", ""Ran"", ""Cdca5"", ""Kif23"", ""Cenpl"", ""Asf1b"", ""Ncaph"", ""Rad21"", ""Smc4"", ""Rrm1"", ""Alyref"", ""Cmc2"", ""Lgals1"", ""Rangap1"", ""E2f8"")"
"380","SERVITJA_LIVER_HNF1A_TARGETS_UP","2.87003404940086e-12","2.24177180132654e-10","0.898671232061694","0.918366962124834","1.83142325085188","61","c(""Ube2c"", ""Cdca8"", ""Cdc20"", ""Ccnb1"", ""Tpx2"", ""Ccna2"", ""Hmmr"", ""Ccnb2"", ""Kif11"", ""Aurkb"", ""Kif2c"", ""Stmn1"", ""Racgap1"", ""Kif20a"", ""Nek2"", ""Bub1"", ""Ect2"", ""Gas2l3"", ""Anln"", ""Mad2l1"", ""Esco2"", ""Lgals1"")"
"381","GOBP_CELL_DIVISION","1.32879471048991e-24","1.26279790653558e-21","1.28710367230144","0.858769672519627","1.83730954486208","241","c(""Ube2c"", ""Cks2"", ""Cdk1"", ""Birc5"", ""Cdca8"", ""Cdc20"", ""Cdca3"", ""Ccnb1"", ""Tpx2"", ""Ccna2"", ""Cenpa"", ""Ube2s"", ""Cenpe"", ""Ccnb2"", ""Prc1"", ""Aurka"", ""Kif11"", ""Spc24"", ""Nusap1"", ""Plk1"", ""Tacc3"", ""Aspm"", ""Aurkb"", ""Cks1b"", ""Mis18bp1"", ""Kif2c"", ""Stmn1"", ""Spc25"", ""Incenp"", ""Racgap1"", ""Top2a"", ""Cep55"", ""Bub1b"", ""Kif20a"", ""Ccnf"", ""Kif20b"", ""Smc2"", ""Ndc80"", ""Knstrn"", ""Sapcd2"", ""Nek2"", ""Cdca2"", ""Bub1"", ""Ect2"", ""Cdc25c"", ""Nuf2"", ""Kif18b"", ""Kif14"", ""Spag5"", ""Ckap2"", ""Anln"", ""Cit"", ""Cdc25b"", ""Mad2l1"", ""Ska1"", ""Bub3"", 
""Fam83d"", ""Ckap5"", ""Fzr1"", ""Ncapd2"", ""Psrc1"", ""Fbxo5"", ""Calm2"", ""Ska2"", ""Ran"", ""Cdca5"", ""Spdl1"", ""Kif23"", ""Nde1"", ""Ska3"", ""Ncaph"", ""Rad21"", ""Cenpw"", ""Gpsm2"", ""Smc4"", ""Bora"", ""Nup37"", ""Oip5"", ""Iqgap3"", ""Cenpc1"", ""Nsl1"", ""Calm3"", ""Reep4"", ""E2f8"", ""Dsn1"", ""Smc1a"", ""Pmf1"", ""Zwilch"", ""Terf1"", ""Kntc1"", ""Rcc1"", ""Ccsap"", ""Brip1"", ""Haus4"", ""Ncapg2"")"
"382","REACTOME_MITOTIC_PROMETAPHASE","1.28471435250065e-15","1.74415267570445e-13","1.01754479730988","0.878945801638863","1.83852334014578","125","c(""Cdk1"", ""Cdca8"", ""Cdc20"", ""Cenpf"", ""Ccnb1"", ""Tubb4b"", ""Cenpa"", ""Cenpe"", ""Ccnb2"", ""Tuba1c"", ""Spc24"", ""Plk1"", ""Aurkb"", ""Tuba1b"", ""Kif2c"", ""Ncapg"", ""Spc25"", ""Incenp"", ""Tubb5"", ""Bub1b"", ""Smc2"", ""Ndc80"", ""Nek2"", ""Bub1"", ""Nuf2"", ""Kif18a"", ""Mad2l1"", ""Ska1"", ""Bub3"", ""Cenpm"", ""Ckap5"", ""Cenpp"", ""Ncapd2"", ""Ska2"", ""Cdca5"", ""Spdl1"", ""Cenpl"", ""Nde1"", ""Ncaph"", ""Rad21"", ""Cenpn"", ""Smc4"", ""Nup37"", ""Cenpi"", ""Cenpc1"", ""Nsl1"", ""Plk4"", ""Rangap1"", ""Cenpk"", ""Dsn1"", ""Smc1a"", ""Pmf1"", ""Zwilch"", ""Odf2"", ""Kntc1"", ""Tubb2a"", 
""Haus4"", ""Cdk5rap2"", ""Tuba1a"", ""Cep72"", ""Cenph"", ""Dynll1"")"
"383","GOCC_CONDENSED_CHROMOSOME_CENTROMERIC_REGION","6.14948878008303e-14","6.15164649544446e-12","0.954541630725724","0.897086903830091","1.8395896733333","92","c(""Birc5"", ""Cdc20"", ""Cenpf"", ""Ccnb1"", ""Cenpa"", ""Cenpe"", ""Aurka"", ""Spc24"", ""Plk1"", ""Aurkb"", ""Kif2c"", ""Ncapg"", ""Spc25"", ""Incenp"", ""Bub1b"", ""Ndc80"", ""Knstrn"", ""Nek2"", ""Bub1"", ""Nuf2"", ""Spag5"", ""Kif18a"", ""Mad2l1"", ""Ska1"", ""Bub3"", ""Cenpm"", ""Ttk"", ""Ckap5"", ""Cenpp"", ""Ncapd2"", ""Ska2"", ""Spdl1"", ""Cenpl"", ""Nde1"", ""Ska3"", ""Cenpw"", ""Cenpn"", ""Nup37"", ""Cenpi"", ""Cenpc1"", ""Nsl1"", ""Nudcd2"", ""Rangap1"", ""Cenpk"", ""Dsn1"", ""Smc1a"", ""Pmf1"", ""Zwilch"", ""Kntc1"", ""Cbx3"", ""Ncapd3"", ""Cenph"", ""Hjurp"", ""Dynll1"")"
"384","GOBP_MICROTUBULE_CYTOSKELETON_ORGANIZATION_INVOLVED_IN_MITOSIS","9.41602219939868e-13","7.67002265442447e-11","0.910119734774459","0.907158286360482","1.84024559236776","73","c(""Cdk1"", ""Birc5"", ""Cdca8"", ""Cdc20"", ""Ccnb1"", ""Tpx2"", ""Cenpa"", ""Cenpe"", ""Prc1"", ""Aurka"", ""Kif11"", ""Nusap1"", ""Plk1"", ""Dlgap5"", ""Tacc3"", ""Aurkb"", ""Stmn1"", ""Spc25"", ""Incenp"", ""Racgap1"", ""Ndc80"", ""Sapcd2"", ""Nek2"", ""Kif4"", ""Nuf2"", ""Kifc1"", ""Mad2l1"", ""Ckap5"", ""Psrc1"", ""Spdl1"", ""Kif23"", ""Nde1"", ""Poc1a"", ""Gpsm2"", ""Bora"", ""Stil"", ""Smc1a"", ""Rcc1"", ""Fam110a"", ""Ccsap"", ""Cdk5rap2"")"
"385","GOCC_CHROMOSOME_CENTROMERIC_REGION","1.34990480952415e-16","2.13809922886297e-14","1.04762648849882","0.880660076052519","1.84125701887213","124","c(""Birc5"", ""Cdca8"", ""Cdc20"", ""Cenpf"", ""Ccnb1"", ""Cenpa"", ""Cenpe"", ""Aurka"", ""Spc24"", ""Plk1"", ""Mki67"", ""Aurkb"", ""Mis18bp1"", ""Kif2c"", ""Ncapg"", ""Spc25"", ""Incenp"", ""Top2a"", ""Bub1b"", ""Ndc80"", ""Knstrn"", ""Nek2"", ""Bub1"", ""Nuf2"", ""Spag5"", ""Kif18a"", ""Mad2l1"", ""Esco2"", ""Ska1"", ""Bub3"", ""Cenpm"", ""Ttk"", ""Ckap5"", ""Cenpp"", ""Ncapd2"", ""Ska2"", ""Spdl1"", ""Cenpl"", ""Nde1"", ""Ska3"", ""Rad21"", ""Cenpw"", ""Cenpn"", ""Smc4"", ""Ezh2"", ""Nup37"", ""Oip5"", ""Cenpi"", ""Cenpc1"", ""Nsl1"", ""Nudcd2"", ""Rangap1"", ""Cenpk"", ""Dsn1"", ""Ctcf"", ""Smc1a"", 
""Pmf1"", ""Zwilch"", ""Kntc1"", ""Nsmce1"", ""Cbx3"", ""Ncapd3"", ""Cenph"", ""Hjurp"", ""Dynll1"")"
"386","REACTOME_RHO_GTPASE_EFFECTORS","8.87429789560162e-15","1.03267850205552e-12","0.986546283587582","0.887841264394922","1.84427039615838","108","c(""Cdca8"", ""Cdc20"", ""Cenpf"", ""Tubb4b"", ""Cenpa"", ""Cenpe"", ""Prc1"", ""Tuba1c"", ""Spc24"", ""Plk1"", ""Aurkb"", ""Tuba1b"", ""Kif2c"", ""Spc25"", ""Incenp"", ""Bub1b"", ""Ndc80"", ""Bub1"", ""Cdc25c"", ""Nuf2"", ""Kif14"", ""Kif18a"", ""Diaph3"", ""Mad2l1"", ""Ska1"", ""Bub3"", ""Cenpm"", ""Ckap5"", ""Cenpp"", ""Calm2"", ""Ska2"", ""Spdl1"", ""Cenpl"", ""Nde1"", ""Cenpn"", ""Nup37"", ""Cenpi"", ""Iqgap3"", ""Cenpc1"", ""Nsl1"", ""Calm3"", ""Rangap1"", ""Cenpk"", ""Dsn1"", ""Pmf1"", ""Zwilch"", ""Kntc1"", ""Tubb2a"", ""Tuba1a"", ""Cenph"", ""Dynll1"")"
"387","REACTOME_RESOLUTION_OF_SISTER_CHROMATID_COHESION","7.63361706217855e-14","7.37743804890544e-12","0.954541630725724","0.904506100767648","1.84870278521722","83","c(""Cdk1"", ""Cdca8"", ""Cdc20"", ""Cenpf"", ""Ccnb1"", ""Tubb4b"", ""Cenpa"", ""Cenpe"", ""Ccnb2"", ""Tuba1c"", ""Spc24"", ""Plk1"", ""Aurkb"", ""Tuba1b"", ""Kif2c"", ""Spc25"", ""Incenp"", ""Bub1b"", ""Ndc80"", ""Bub1"", ""Nuf2"", ""Kif18a"", ""Mad2l1"", ""Ska1"", ""Bub3"", ""Cenpm"", ""Ckap5"", ""Cenpp"", ""Ska2"", ""Cdca5"", ""Spdl1"", ""Cenpl"", ""Nde1"", ""Rad21"", ""Cenpn"", ""Nup37"", ""Cenpi"", ""Cenpc1"", ""Nsl1"", ""Rangap1"", ""Cenpk"", ""Dsn1"", ""Smc1a"", ""Pmf1"", ""Zwilch"", ""Kntc1"", ""Tubb2a"", ""Tuba1a"", ""Cenph"", ""Dynll1"")"
"388","LAZARO_GENETIC_MOUSE_MODEL_HIGH_GRADE_LARGE_CELL_NEUROENDOCRINE_LUNG_CARCINOMA_UP","9.61003292690851e-32","2.73982038746162e-28","1.46752397671296","0.862509508440286","1.8491242306113","303","c(""Ube2c"", ""Cks2"", ""Cdk1"", ""Birc5"", ""Cdca8"", ""Cdc20"", ""Cenpf"", ""Hmgb2"", ""Ccnb1"", ""Tpx2"", ""Ccna2"", ""Kpna2"", ""Cenpa"", ""Hmmr"", ""Cenpe"", ""Ccnb2"", ""Prc1"", ""Aurka"", ""Kif11"", ""Tuba1c"", ""Spc24"", ""Nusap1"", ""Plk1"", ""Mki67"", ""Dlgap5"", ""Tacc3"", ""Aspm"", ""Aurkb"", ""Kif22"", ""Cdkn3"", ""Mis18bp1"", ""Kif2c"", ""Depdc1a"", ""Ncapg"", ""Spc25"", ""Incenp"", ""Racgap1"", ""Top2a"", ""Ckap2l"", ""Cep55"", ""Shcbp1"", ""Bub1b"", ""Kif20a"", ""Pbk"", ""Ccnf"", ""Kif20b"", ""Smc2"", ""Ndc80"", ""Knstrn"", ""Kif15"", ""Nek2"", ""Cdca2"", ""Bub1"", ""Kif4"", ""Ect2"", ""Gas2l3"", 
""Neil3"", ""Cdc25c"", ""Nuf2"", ""Kif18b"", ""Kif14"", ""Spag5"", ""Ckap2"", ""Anln"", ""Cit"", ""Kifc1"", ""Melk"", ""Cdc25b"", ""Kif18a"", ""Troap"", ""Foxm1"", ""Diaph3"", ""Mad2l1"", ""Esco2"", ""Ttk"", ""Fam83d"", ""Parpbp"", ""Arhgap11a"", ""Lmnb1"", ""Arhgap19"", ""Prr11"", ""Ccdc34"", ""Ncapd2"", ""Psrc1"", ""Fbxo5"", ""Cdca5"", ""Spdl1"", ""Kif23"", ""Cenpl"", ""Ska3"", ""Gtse1"", ""Dbf4"", ""Asf1b"", ""Ncaph"", ""Cenpn"", ""Gpsm2"", ""Fignl1"", ""Smc4"", ""Trim59"", ""Bora"", ""Rrm1"", ""Ezh2"", ""Oip5"", ""Rbm3"", ""Arhgef39"", ""Tnfaip8l1"", ""Cenpi"", ""Iqgap3"", ""Ccdc18"", ""Nsl1"", ""Trip13"", 
""Plk4"", ""Mtfr2"", ""Rnaseh2b"", ""Rangap1"", ""Stil"", ""E2f8"", ""Cenpk"", ""Dsn1"", ""Cdc45"", ""Tyms"", ""Pmf1"", ""Zwilch"", ""Snrpd1"", ""Fancd2"", ""Kntc1"", ""Brip1"", ""Cdk5rap2"", ""Nrm"", ""Ncapg2"", ""Ticrr"", ""Ncapd3"", ""Cenph"", ""Hjurp"", ""Bard1"", ""Pkmyt1"", ""Mastl"", ""Usp1"", ""Tubg1"", ""Rad54b"")"
"389","GOBP_SISTER_CHROMATID_SEGREGATION","8.30706482707571e-16","1.18417209109964e-13","1.02766987054358","0.890329941786528","1.84969949726048","114","c(""Ube2c"", ""Cdk1"", ""Birc5"", ""Cdca8"", ""Cdc20"", ""Ccnb1"", ""Tpx2"", ""Cenpe"", ""Prc1"", ""Kif11"", ""Spc24"", ""Nusap1"", ""Plk1"", ""Tacc3"", ""Aurkb"", ""Kif22"", ""Kif2c"", ""Ncapg"", ""Spc25"", ""Incenp"", ""Racgap1"", ""Top2a"", ""Bub1b"", ""Smc2"", ""Ndc80"", ""Knstrn"", ""Nek2"", ""Bub1"", ""Nuf2"", ""Kif18b"", ""Kif14"", ""Spag5"", ""Cit"", ""Kifc1"", ""Kif18a"", ""Mad2l1"", ""Bub3"", ""Ttk"", ""Ncapd2"", ""Psrc1"", ""Fbxo5"", ""Ran"", ""Cdca5"", ""Spdl1"", ""Kif23"", ""Espl1"", ""Ncaph"", ""Rad21"", ""Smc4"", ""Cenpi"", ""Cenpc1"", ""Nsl1"", ""Trip13"", ""Ncaph2"", ""Cenpk"", ""Dsn1"", ""Smc1a"", 
""Zwilch"", ""Kntc1"", ""Ccsap"", ""Cdk5rap2"", ""Ncapg2"", ""Ncapd3"")"
"390","GOBP_NUCLEAR_CHROMOSOME_SEGREGATION","9.55216777127561e-20","3.89046147370097e-17","1.15122052214226","0.882115609221645","1.86192309903844","149","c(""Ube2c"", ""Cdk1"", ""Birc5"", ""Cdca8"", ""Cdc20"", ""Cenpf"", ""Ccnb1"", ""Tpx2"", ""Cenpe"", ""Ccnb2"", ""Prc1"", ""Aurka"", ""Kif11"", ""Spc24"", ""Nusap1"", ""Plk1"", ""Tacc3"", ""Aspm"", ""Aurkb"", ""Kif22"", ""Kif2c"", ""Ncapg"", ""Spc25"", ""Incenp"", ""Racgap1"", ""Top2a"", ""Bub1b"", ""Smc2"", ""Ndc80"", ""Knstrn"", ""Nek2"", ""Bub1"", ""Kif4"", ""Ect2"", ""Nuf2"", ""Kif18b"", ""Kif14"", ""Spag5"", ""Cit"", ""Kifc1"", ""Kif18a"", ""Mad2l1"", ""Bub3"", ""Ttk"", ""Fam83d"", ""Ncapd2"", ""Psrc1"", ""Fbxo5"", ""Ran"", ""Cdca5"", ""Spdl1"", ""Kif23"", ""Espl1"", ""Ncaph"", ""Rad21"", ""Smc4"", ""Cenpi"", 
""Cenpc1"", ""Nsl1"", ""Trip13"", ""Ncaph2"", ""Cenpk"", ""Dsn1"", ""Smc1a"", ""Pmf1"", ""Zwilch"", ""Terf1"", ""Fancd2"", ""Kntc1"", ""Ccsap"", ""Brip1"", ""Cdk5rap2"", ""Ncapg2"")"
"391","GOBP_MITOTIC_SISTER_CHROMATID_SEGREGATION","7.49700967618119e-16","1.09610126086116e-13","1.02766987054358","0.902926736645621","1.86272255477098","100","c(""Ube2c"", ""Cdk1"", ""Birc5"", ""Cdca8"", ""Cdc20"", ""Ccnb1"", ""Tpx2"", ""Cenpe"", ""Prc1"", ""Kif11"", ""Spc24"", ""Nusap1"", ""Plk1"", ""Aurkb"", ""Kif22"", ""Kif2c"", ""Ncapg"", ""Spc25"", ""Incenp"", ""Racgap1"", ""Bub1b"", ""Smc2"", ""Ndc80"", ""Knstrn"", ""Nek2"", ""Bub1"", ""Nuf2"", ""Kif18b"", ""Kif14"", ""Spag5"", ""Cit"", ""Kifc1"", ""Kif18a"", ""Mad2l1"", ""Bub3"", ""Ttk"", ""Ncapd2"", ""Psrc1"", ""Fbxo5"", ""Ran"", ""Cdca5"", ""Spdl1"", ""Kif23"", ""Espl1"", ""Ncaph"", ""Rad21"", ""Smc4"", ""Cenpi"", ""Cenpc1"", ""Nsl1"", ""Trip13"", ""Ncaph2"", ""Cenpk"", ""Dsn1"", ""Smc1a"", ""Zwilch"", 
""Kntc1"", ""Ccsap"", ""Cdk5rap2"", ""Ncapg2"", ""Ncapd3"")"
"392","GAVIN_FOXP3_TARGETS_CLUSTER_P6","3.19216392468346e-14","3.37068864787872e-12","0.965327754226083","0.915113809181463","1.86319253099574","75","c(""Cdk1"", ""Birc5"", ""Cdca8"", ""Cdc20"", ""Cenpf"", ""Cdca3"", ""Ccnb1"", ""Tpx2"", ""Ccna2"", ""Hmmr"", ""Cenpe"", ""Ccnb2"", ""Aurka"", ""Spc24"", ""Nusap1"", ""Plk1"", ""Aspm"", ""Aurkb"", ""Cks1b"", ""Kif2c"", ""Ncapg"", ""Spc25"", ""Cep55"", ""Bub1b"", ""Kif20a"", ""Pbk"", ""Nek2"", ""Bub1"", ""Nuf2"", ""Spag5"", ""Rrm2"", ""Cdca5"", ""Fignl1"", ""Cenpk"", ""Tyms"", ""Acot7"")"
"393","GOBP_ORGANELLE_FISSION","5.93809648392418e-23","3.76211401681508e-20","1.23789667319529","0.871194792803306","1.8644096017492","201","c(""Ube2c"", ""Cks2"", ""Cdk1"", ""Birc5"", ""Cdca8"", ""Cdc20"", ""Ccnb1"", ""Tpx2"", ""Ube2s"", ""Cenpe"", ""Ccnb2"", ""Prc1"", ""Aurka"", ""Kif11"", ""Spc24"", ""Nusap1"", ""Plk1"", ""Mki67"", ""Aspm"", ""Aurkb"", ""Kif22"", ""Kif2c"", ""Ncapg"", ""Spc25"", ""Incenp"", ""Racgap1"", ""Top2a"", ""Bub1b"", ""Smc2"", ""Ndc80"", ""Knstrn"", ""Nek2"", ""Cdca2"", ""Bub1"", ""Nuf2"", ""Kif18b"", ""Kif14"", ""Spag5"", ""Cit"", ""Kifc1"", ""Cdc25b"", ""Kif18a"", ""Mad2l1"", ""Ubb"", ""Bub3"", ""Ttk"", ""Fzr1"", ""Ncapd2"", ""Psrc1"", ""Fbxo5"", ""Ran"", ""Cdca5"", ""Spdl1"", ""Kif23"", ""Espl1"", ""Ankle1"", ""Nde1"", 
""Ncaph"", ""Rad21"", ""Fignl1"", ""Smc4"", ""Bora"", ""Cenpi"", ""Cenpc1"", ""Nsl1"", ""Rad51ap1"", ""Banf1"", ""Trip13"", ""Reep4"", ""Mtfr2"", ""Ncaph2"", ""Cenpk"", ""Dsn1"", ""Eme1"", ""Smc1a"", ""Zwilch"", ""Terf1"", ""Fancd2"", ""Kntc1"", ""Rcc1"", ""Ccsap"", ""Brip1"", ""Cdk5rap2"", ""Ncapg2"")"
"394","GOBP_CHROMOSOME_SEGREGATION","9.59656007757439e-24","6.83994819529115e-21","1.26273988547916","0.871828305721089","1.86467470317642","202","c(""Ube2c"", ""Cdk1"", ""Birc5"", ""Cdca8"", ""Cdc20"", ""Cenpf"", ""Ccnb1"", ""Tpx2"", ""Cenpe"", ""Ccnb2"", ""Prc1"", ""Aurka"", ""Kif11"", ""Spc24"", ""Nusap1"", ""Plk1"", ""Mki67"", ""Dlgap5"", ""Tacc3"", ""Aspm"", ""Aurkb"", ""Kif22"", ""Kif2c"", ""Ncapg"", ""Spc25"", ""Incenp"", ""Racgap1"", ""Top2a"", ""Tubb5"", ""Bub1b"", ""Smc2"", ""Ndc80"", ""Knstrn"", ""Nek2"", ""Cdca2"", ""Bub1"", ""Kif4"", ""Ect2"", ""Nuf2"", ""Kif18b"", ""Kif14"", ""Spag5"", ""Cit"", ""Kifc1"", ""Kif18a"", ""Mad2l1"", ""Esco2"", ""Ska1"", ""Bub3"", ""Cenpm"", ""Ttk"", ""Fam83d"", ""Cenpp"", ""Ncapd2"", ""Psrc1"", ""Fbxo5"", ""Ska2"", 
""Ran"", ""Cdca5"", ""Spdl1"", ""Kif23"", ""Espl1"", ""Cenpl"", ""Nde1"", ""Ska3"", ""Ncaph"", ""Rad21"", ""Cenpw"", ""Cenpn"", ""Gpsm2"", ""Smc4"", ""Nup37"", ""Oip5"", ""Cenpi"", ""Cenpc1"", ""Nsl1"", ""Trip13"", ""Ncaph2"", ""Stil"", ""Cenpk"", ""Dsn1"", ""Ctcf"", ""Smc1a"", ""Pmf1"", ""Zwilch"", ""Terf1"", ""Fancd2"", ""Kntc1"", ""Rcc1"", ""Ccsap"", ""Brip1"", ""Haus4"", ""Cdk5rap2"", ""Ncapg2"", ""Ncapd3"", ""Cenph"", ""Hjurp"", ""Tubg1"", ""Chtf18"", ""Ccdc61"", ""Anapc15"", ""Mis18a"", ""Haus5"", ""Chek2"", ""Gen1"", ""Msh5"", ""Mnd1"")"
"395","HOFFMANN_LARGE_TO_SMALL_PRE_BII_LYMPHOCYTE_UP","5.75230076025729e-18","1.36665078895779e-15","1.0959292864312","0.891817942450117","1.86556002337941","126","c(""Ube2c"", ""Cks2"", ""Cdk1"", ""Cdc20"", ""Cdca3"", ""Ccnb1"", ""Tubb4b"", ""Ccna2"", ""Kpna2"", ""Cenpa"", ""Ube2s"", ""Cenpe"", ""Ccnb2"", ""Prc1"", ""Aurka"", ""Nusap1"", ""Mki67"", ""Dlgap5"", ""Aurkb"", ""Kif22"", ""Tuba1b"", ""Cdkn3"", ""Cks1b"", ""Mis18bp1"", ""Kif2c"", ""Stmn1"", ""Nucks1"", ""Incenp"", ""Racgap1"", ""Top2a"", ""Tubb5"", ""Kif20a"", ""Smc2"", ""Ndc80"", ""Nek2"", ""Bub1"", ""Kif4"", ""Ect2"", ""Cdc25c"", ""Tmpo"", ""Anln"", ""Anp32e"", ""Cit"", ""Melk"", ""Cdkn2c"", ""Hmgb3"", ""Ttk"", ""Ckap5"", ""Rrm2"", ""Cdca5"", ""Spdl1"", ""Kif23"", ""Cenpl"", ""Dbf4"", ""Ncaph"", ""Anp32b"", 
""Smc4"", ""Rrm1"", ""Trip13"", ""Plk4"", ""Ncaph2"", ""E2f8"", ""Cdc45"", ""Ube2t"", ""Nt5dc2"", ""Myef2"", ""Pih1d1"", ""Tuba1a"")"
"396","GOBP_MITOTIC_NUCLEAR_DIVISION","1.70072020455333e-19","5.70441565080182e-17","1.14219120216838","0.891662988861134","1.8772312109774","137","c(""Ube2c"", ""Cdk1"", ""Birc5"", ""Cdca8"", ""Cdc20"", ""Ccnb1"", ""Tpx2"", ""Ube2s"", ""Cenpe"", ""Prc1"", ""Aurka"", ""Kif11"", ""Spc24"", ""Nusap1"", ""Plk1"", ""Mki67"", ""Aurkb"", ""Kif22"", ""Kif2c"", ""Ncapg"", ""Spc25"", ""Incenp"", ""Racgap1"", ""Bub1b"", ""Smc2"", ""Ndc80"", ""Knstrn"", ""Nek2"", ""Cdca2"", ""Bub1"", ""Nuf2"", ""Kif18b"", ""Kif14"", ""Spag5"", ""Cit"", ""Kifc1"", ""Kif18a"", ""Mad2l1"", ""Bub3"", ""Ttk"", ""Ncapd2"", ""Psrc1"", ""Fbxo5"", ""Ran"", ""Cdca5"", ""Spdl1"", ""Kif23"", ""Espl1"", ""Nde1"", ""Ncaph"", ""Rad21"", ""Smc4"", ""Bora"", ""Cenpi"", ""Cenpc1"", ""Nsl1"", ""Banf1"", 
""Trip13"", ""Reep4"", ""Ncaph2"", ""Cenpk"", ""Dsn1"", ""Smc1a"", ""Zwilch"", ""Kntc1"", ""Rcc1"", ""Ccsap"", ""Cdk5rap2"", ""Ncapg2"")"
