"","pathway","pval","padj","log2err","ES","NES","size","leadingEdge"
"1","GOBP_MRNA_PROCESSING","2.90081670808336e-18","3.39540595681158e-15","1.10533657731401","-0.663687765033713","-2.38042247658851","162","c(""Srsf3"", ""Sfpq"", ""Hnrnpa2b1"", ""Ncl"", ""Ybx1"", ""Hnrnpm"", ""Pnn"", ""Hnrnpa3"", ""Hnrnpc"", ""Pcbp1"", ""Srsf7"", ""Snrpe"", ""Srsf9"", ""Srsf6"", ""U2af1"", ""Hnrnpa1"", ""Snrpd1"", ""Srsf1"", ""Prpf40a"", ""Phf5a"", ""Dhx9"", ""Hnrnpll"", ""Ddx39b"", ""Rbmxl1"", ""Hnrnpu"", ""Eif4a3"", ""Srsf2"", ""Thoc7"", ""Srsf10"", ""Srrm1"", ""Magoh"", ""Ddx46"", ""Clns1a"", ""Scaf11"", ""Alyref"", ""Raly"", ""Thrap3"", ""Rbm8a"", ""Larp7"", ""Ptbp1"", ""Lsm8"", ""Syncrip"", ""Rbm17"", ""Rbm3"", ""Leo1"", ""Sf3b6"", ""Snrpc"", ""U2af2"", ""Htatsf1"", ""Snrpd2"", ""Srrt"", ""Lsm3"", ""Snrpb"", ""Sf3b2"", 
""Slbp"", ""Ddx1"", ""Sf3a3"", ""Wbp11"", ""Psip1"", ""Smu1"", ""Rnps1"", ""Lsm2"", ""Luc7l"", ""Iws1"", ""Thoc6"", ""Strap"", ""Ccnb1"", ""Nudt21"", ""Polr2d"", ""Zcchc8"", ""Rbm28"", ""Prpf38a"", ""Sf3a1"", ""Srek1"", ""Snrpb2"", ""Sf3b3"", ""Snrpa"", ""Lsm5"", ""Ppil1"", ""Prpf8"", ""Zcrb1"", ""Smn1"", ""Khsrp"", ""Txnl4a"", ""Prmt5"", ""Eftud2"", ""Sf3a2"", ""Fmr1"", ""Zfp36l1"", ""Cstf2"", ""Sf3b4"", ""Ncbp1"", ""Tcerg1"", ""Arl6ip4"", ""Srsf4"", ""Prpf19"", ""Tssc4"", ""Cpsf2"", ""Thoc3"", ""Sf3b5"", ""Snrnp200"", ""Arvcf"", ""Dazap1"", ""Lsm4"", ""Snrpf"")"
"2","GOBP_RNA_SPLICING_VIA_TRANSESTERIFICATION_REACTIONS","8.13154408706619e-13","1.90359447078219e-10","0.921426003494898","-0.661208967178025","-2.2746954165364","115","c(""Srsf3"", ""Sfpq"", ""Hnrnpa2b1"", ""Ncl"", ""Hnrnpm"", ""Hnrnpa3"", ""Hnrnpc"", ""Srsf7"", ""Snrpe"", ""Srsf9"", ""Srsf6"", ""U2af1"", ""Hnrnpa1"", ""Snrpd1"", ""Srsf1"", ""Prpf40a"", ""Phf5a"", ""Dhx9"", ""Ddx39b"", ""Rbmxl1"", ""Hnrnpu"", ""Eif4a3"", ""Srsf2"", ""Srsf10"", ""Srrm1"", ""Magoh"", ""Ddx46"", ""Clns1a"", ""Scaf11"", ""Thrap3"", ""Rbm8a"", ""Larp7"", ""Ptbp1"", ""Lsm8"", ""Rbm17"", ""Rbm3"", ""Sf3b6"", ""Snrpc"", ""U2af2"", ""Htatsf1"", ""Snrpd2"", ""Lsm3"", ""Snrpb"", ""Sf3b2"", ""Sf3a3"", ""Psip1"", ""Smu1"", ""Rnps1"", ""Lsm2"", ""Luc7l"", ""Strap"", ""Prpf38a"", ""Sf3a1"", ""Snrpb2"", 
""Sf3b3"", ""Snrpa"", ""Lsm5"", ""Ppil1"", ""Prpf8"", ""Zcrb1"", ""Smn1"", ""Txnl4a"", ""Prmt5"", ""Eftud2"", ""Sf3a2"", ""Fmr1"", ""Sf3b4"", ""Ncbp1"", ""Srsf4"", ""Prpf19"", ""Tssc4"", ""Sf3b5"", ""Snrnp200"", ""Dazap1"", ""Lsm4"", ""Snrpf"")"
"3","GOBP_RNA_SPLICING","5.31250638560458e-14","2.07276290811672e-11","0.965327754226083","-0.633470814181105","-2.27058447938114","158","c(""Srsf3"", ""Sfpq"", ""Hnrnpa2b1"", ""Ncl"", ""Ybx1"", ""Hnrnpm"", ""Pnn"", ""Hnrnpa3"", ""Hnrnpc"", ""Srsf7"", ""Snrpe"", ""Srsf9"", ""Srsf6"", ""U2af1"", ""Hnrnpa1"", ""Snrpd1"", ""Srsf1"", ""Prpf40a"", ""Phf5a"", ""Dhx9"", ""Hnrnpll"", ""Ddx39b"", ""Rbmxl1"", ""Hnrnpu"", ""Eif4a3"", ""Srsf2"", ""Thoc7"", ""Srsf10"", ""Srrm1"", ""Magoh"", ""Ddx46"", ""Clns1a"", ""Scaf11"", ""Alyref"", ""Raly"", ""Thrap3"", ""Rbm8a"", ""Larp7"", ""Ptbp1"", ""Lsm8"", ""Syncrip"", ""Rbm17"", ""Rbm3"", ""Sf3b6"", ""Snrpc"", ""U2af2"", ""Htatsf1"", ""Ivns1abp"", ""Snrpd2"", ""Lsm3"", ""Snrpb"", ""Sf3b2"", ""Prmt1"", ""Ddx1"", 
""Sf3a3"", ""Wbp11"", ""Psip1"", ""Smu1"", ""Rnps1"", ""Lsm2"", ""Luc7l"", ""Iws1"", ""Thoc6"", ""Strap"", ""Eny2"", ""Zcchc8"", ""Rbm28"", ""Prpf38a"", ""Sf3a1"", ""Srek1"", ""Snrpb2"", ""Sf3b3"", ""Snrpa"", ""Lsm5"", ""Ppil1"", ""Prpf8"", ""Zcrb1"", ""Smn1"", ""Khsrp"", ""Txnl4a"", ""Taf15"", ""Prmt5"", ""Eftud2"", ""Sf3a2"", ""Fmr1"", ""Sf3b4"", ""Ncbp1"", ""Tcerg1"", ""Arl6ip4"", ""Srsf4"", ""Prpf19"", ""Tssc4"", ""Thoc3"", ""Sf3b5"", ""Snrnp200"", ""Arvcf"", ""Dazap1"", ""Lsm4"", ""Snrpf"")"
"4","GOBP_MRNA_METABOLIC_PROCESS","1.38683505967778e-16","8.11645218676421e-14","1.04762648849882","-0.613658379322887","-2.25341559908061","214","c(""Srsf3"", ""Sfpq"", ""Hnrnpab"", ""Hnrnpa2b1"", ""Anxa2"", ""Ncl"", ""Ybx1"", ""Hnrnpm"", ""Pnn"", ""Hnrnpa3"", ""Hnrnpc"", ""Pcbp1"", ""Srsf7"", ""Snrpe"", ""Srsf9"", ""Srsf6"", ""U2af1"", ""Hnrnpa1"", ""Snrpd1"", ""Srsf1"", ""Prpf40a"", ""Hnrnpdl"", ""Phf5a"", ""Caprin1"", ""Dhx9"", ""Hnrnpd"", ""Hnrnpll"", ""Ddx39b"", ""Rbmxl1"", ""Hnrnpu"", ""Eif4a3"", ""Srsf2"", ""Hnrnpr"", ""Thoc7"", ""Srsf10"", ""Srrm1"", ""Magoh"", ""Ddx46"", ""Clns1a"", ""Scaf11"", ""Alyref"", ""Raly"", ""Thrap3"", ""Rbm8a"", ""Gspt1"", ""Larp7"", ""Ptbp1"", ""Lsm8"", ""Syncrip"", ""Rbm17"", ""Rbm3"", ""Leo1"", ""Sf3b6"", 
""Snrpc"", ""Ssb"", ""U2af2"", ""Htatsf1"", ""Snrpd2"", ""Srrt"", ""Lsm3"", ""Snrpb"", ""Sf3b2"", ""Slbp"", ""Ddx1"", ""Sf3a3"", ""Wbp11"", ""Psip1"", ""Smu1"", ""Rnps1"", ""Lsm2"", ""Luc7l"", ""Iws1"", ""Thoc6"", ""Strap"", ""Ccnb1"", ""Nudt21"", ""Polr2d"", ""Zcchc8"", ""Rbm28"", ""Atf1"", ""Prpf38a"", ""Sf3a1"", ""Srek1"", ""Cebpg"", ""Exosc3"", ""Snrpb2"", ""Sf3b3"", ""Snrpa"", ""Lsm5"", ""Ppil1"", ""Prpf8"", ""Zcrb1"", ""Smn1"", ""Carhsp1"", ""Khsrp"", ""Txnl4a"", ""Taf15"", ""Prmt5"", ""Eftud2"", ""Sf3a2"", ""Fmr1"", ""Zfp36l1"", ""Cstf2"", ""Sf3b4"", ""Larp4b"", ""Ncbp1"", ""Tcerg1"", ""Rock2"", ""Arl6ip4"", 
""Srsf4"", ""Prpf19"", ""Tssc4"", ""Etf1"", ""Cpsf2"", ""Taf3"", ""Thoc3"", ""Sf3b5"", ""Snrnp200"", ""Arvcf"", ""Dazap1"", ""Lsm4"", ""Snrpf"")"
"5","GOBP_REGULATION_OF_MRNA_PROCESSING","1.18870723500801e-06","6.78722838330184e-05","0.643551836150722","-0.691760468115019","-2.04533852850464","47","c(""Srsf3"", ""Hnrnpa2b1"", ""Ncl"", ""Srsf7"", ""Srsf9"", ""Srsf6"", ""Dhx9"", ""Rbmxl1"", ""Hnrnpu"", ""Eif4a3"", ""Srsf2"", ""Srsf10"", ""Srrm1"", ""Magoh"", ""Clns1a"", ""Thrap3"", ""Rbm8a"", ""Larp7"", ""Ptbp1"", ""Rbm3"", ""Leo1"", ""U2af2"", ""Rnps1"", ""Iws1"", ""Ccnb1"", ""Prmt5"", ""Fmr1"", ""Zfp36l1"", ""Sf3b4"", ""Ncbp1"", ""Srsf4"", ""Prpf19"")"
"6","GOBP_SISTER_CHROMATID_SEGREGATION","4.86397560704532e-08","5.69328344804655e-06","0.719512826338911","-0.586766725748648","-2.02192282165481","114","c(""Anapc5"", ""Smarca5"", ""Smc4"", ""Smarcc1"", ""Smarca4"", ""Smc3"", ""Hnrnpu"", ""Bub3"", ""Stag2"", ""Rad21"", ""Bcl7c"", ""Actl6a"", ""Mad1l1"", ""Fbxo5"", ""Bcl7a"", ""Ncapd2"", ""Mzt1"", ""Smc1a"", ""Cdc16"", ""Ccnb1"", ""Baz1b"", ""Ran"", ""Nup62"", ""Nusap1"", ""Top2a"", ""Nudc"", ""Cdk1"", ""Kif11"", ""Spc24"", ""Nsmce2"", ""Cdca8"", ""Ncaph"", ""Spc25"", ""Cdc20"", ""Plk1"", ""Cenpe"", ""Ube2c"", ""Lcmt1"", ""Prc1"", ""Incenp"", ""Smc2"", ""Tubg1"", ""Drg1"", ""Ncapd3"", ""Birc5"", ""Smarcb1"", ""Kif22"", ""Tpx2"", ""Aurkb"", ""Rmi2"", ""Mad2l1"", ""Bub1b"", ""Zwint"", ""Ncapg2"", ""Hecw2"", 
""Seh1l"", ""Tacc3"", ""Kif23"", ""Mybl2"", ""Ncapg"", ""Kpnb1"", ""Cdc27"", ""Kif2c"", ""Ccdc61"", ""Cenpc1"", ""Knstrn"", ""Spdl1"", ""Kif18a"", ""Cdc6"", ""Nuf2"", ""Ndc80"", ""Kif2a"", ""Nek2"", ""Anapc1"", ""Ncaph2"", ""Cdca5"", ""Bub1"", ""Cenpk"", ""Cep192"", ""Ttk"", ""Cdk5rap2"", ""Anapc15"", ""Spag5"")"
"7","GOBP_AEROBIC_RESPIRATION","5.7037847607111e-07","4.17267503900771e-05","0.659444398037935","-0.601348113546486","-1.99761049477282","91","c(""Chchd2"", ""Atp5b"", ""Atp5h"", ""Cox7a2"", ""Cox7c"", ""Atp5k"", ""Uqcr11"", ""Uqcrq"", ""Cox6a1"", ""Atp5j2"", ""Ndufs6"", ""Uqcrb"", ""Ndufb7"", ""Atp5a1"", ""Ndufc2"", ""Atp5j"", ""Ndufb8"", ""Ndufb6"", ""Atp5o"", ""Cycs"", ""Ndufa5"", ""Dnajc15"", ""Aco2"", ""Akt1"", ""Cbfa2t3"", ""Idh2"", ""Mdh1"", ""Atp5c1"", ""Ndufc1"", ""Uqcr10"", ""Ndufs8"", ""Ccnb1"", ""Ndufb9"", ""Park7"", ""Mrps36"", ""Mdh2"", ""Cdk1"", ""Cox5a"", ""Ndufab1"", ""Dld"", ""mt-Nd1"", ""Cox5b"", ""Uqcrfs1"", ""Sdhb"", ""Atp5d"", ""Ndufa12"", ""Ndufv2"", ""Coq7"", ""Ndufb10"", ""Ndufb2"", ""Cs"", ""Bid"", ""Cyc1"", ""Acly"", 
""Msh2"", ""Dlat"", ""Idh3a"", ""Ndufs1"", ""Sdhc"", ""Gadd45gip1"", ""Idh3g"", ""Sdhd"")"
"8","GOBP_REGULATION_OF_CHROMOSOME_ORGANIZATION","6.45619597364356e-07","4.55802858590986e-05","0.659444398037935","-0.568053582754667","-1.96893542494001","119","c(""H3f3a"", ""H3f3b"", ""Sfpq"", ""Hnrnpa2b1"", ""Hnrnpc"", ""Anapc5"", ""Smarca5"", ""Trim28"", ""Lig4"", ""Smc4"", ""Smarcc1"", ""Smarca4"", ""Hnrnpd"", ""Hnrnpu"", ""Bub3"", ""Rad21"", ""Bcl7c"", ""Tcp1"", ""Cct7"", ""Actl6a"", ""Mad1l1"", ""Fbxo5"", ""Mapk1"", ""Bcl7a"", ""Ncapd2"", ""Cct2"", ""Cdc16"", ""Parp1"", ""Smc5"", ""Ccnb1"", ""Ruvbl1"", ""Baz1b"", ""Uchl5"", ""Terf1"", ""Top2a"", ""Cdk1"", ""Cct3"", ""Spc24"", ""Nsmce2"", ""Cdca8"", ""Ncaph"", ""Spc25"", ""Cdc20"", ""Plk1"", ""Cenpe"", ""Ube2c"", ""Lcmt1"", ""Incenp"", ""Cct8"", ""Smc2"", ""Cdk2"", ""Birc5"", ""Smarcb1"", ""Aurkb"", ""Rmi2"", 
""Mad2l1"", ""Bub1b"", ""Ylpm1"", ""Zwint"", ""Hecw2"", ""Tacc3"")"
"9","GOBP_REGULATION_OF_CHROMOSOME_SEGREGATION","3.1357729129256e-06","0.000155180706510125","0.627256739718528","-0.616672225204357","-1.96784105625584","72","c(""Anapc5"", ""Smc4"", ""Smarcc1"", ""Smarca4"", ""Rcc2"", ""Hnrnpu"", ""Bub3"", ""Rad21"", ""Bcl7c"", ""Actl6a"", ""Mad1l1"", ""Fbxo5"", ""Bcl7a"", ""Ncapd2"", ""Cdc16"", ""Smc5"", ""Mki67"", ""Ccnb1"", ""Cdk1"", ""Spc24"", ""Nsmce2"", ""Cdca8"", ""Ncaph"", ""Spc25"", ""Cdc20"", ""Plk1"", ""Cenpe"", ""Ube2c"", ""Lcmt1"", ""Incenp"", ""Smc2"", ""Ncapd3"", ""Birc5"", ""Smarcb1"", ""Aurkb"", ""Rmi2"", ""Mad2l1"", ""Bub1b"", ""Zwint"", ""Ncapg2"", ""Hecw2"", ""Tacc3"", ""Ncapg"", ""Cdc27"", ""Kif2c"", ""Spdl1"", ""Cdc6"", ""Nuf2"", ""Ndc80"", ""Anapc1"", ""Ncaph2"", ""Bub1"", ""Cep192"", ""Ttk"", ""Cdk5rap2"", 
""Anapc15"", ""Rad18"")"
"10","GOBP_REGULATION_OF_MRNA_SPLICING_VIA_SPLICEOSOME","3.22772303894519e-06","0.000155180706510125","0.627256739718528","-0.683588614949766","-1.95399775786363","41","c(""Srsf3"", ""Hnrnpa2b1"", ""Ncl"", ""Srsf7"", ""Srsf9"", ""Srsf6"", ""Rbmxl1"", ""Hnrnpu"", ""Eif4a3"", ""Srsf2"", ""Srsf10"", ""Srrm1"", ""Magoh"", ""Clns1a"", ""Thrap3"", ""Rbm8a"", ""Larp7"", ""Ptbp1"", ""Rbm3"", ""U2af2"")"
"11","GOBP_NUCLEAR_CHROMOSOME_SEGREGATION","7.29098889746046e-08","8.12771667093093e-06","0.704975715167238","-0.549699388494627","-1.95262846439653","149","c(""Anapc5"", ""Smarca5"", ""Smc4"", ""Smarcc1"", ""Smarca4"", ""Rcc2"", ""Smc3"", ""Hnrnpu"", ""Bub3"", ""Stag2"", ""Rad21"", ""Bcl7c"", ""Actl6a"", ""Mad1l1"", ""Fbxo5"", ""Bcl7a"", ""Ncapd2"", ""Mzt1"", ""Smc1a"", ""Cdc16"", ""Ccnb1"", ""Baz1b"", ""Ran"", ""Nup62"", ""Terf1"", ""Ddb1"", ""Nusap1"", ""Top2a"", ""Nudc"", ""Cdk1"", ""Kif11"", ""Ccne2"", ""Ccnb2"", ""Spc24"", ""Nsmce2"", ""Psmc3ip"", ""Cdca8"", ""Ncaph"", ""Spc25"", ""Aurka"", ""Cdc20"", ""Plk1"", ""Cenpe"", ""Ube2c"", ""Lcmt1"", ""Prc1"", ""Incenp"", ""Smc2"", ""Cenpq"", ""Tubg1"", ""Ect2"", ""Drg1"", ""Ncapd3"", ""Birc5"", ""Smarcb1"", 
""Kif22"", ""Syce2"", ""Tpx2"", ""Aurkb"", ""Rmi2"", ""Mad2l1"", ""Cenpf"", ""Bub1b"", ""Zwint"", ""Ncapg2"", ""Hecw2"", ""Seh1l"", ""Tacc3"", ""Kif23"", ""Mybl2"", ""Ncapg"", ""Kpnb1"", ""Ehmt2"", ""Cdc27"", ""Kif2c"", ""Ccdc61"", ""Cenpc1"", ""Kif4"", ""Knstrn"", ""Spdl1"", ""Kif18a"", ""Cdc6"", ""Nuf2"", ""Ndc80"", ""Kif2a"", ""Nek2"", ""Anapc1"", ""Ncaph2"", ""Cdca5"", ""Bub1"", ""Cenpk"", ""Cep192"", ""Ttk"", ""Cdk5rap2"", ""Anapc15"", ""Spag5"", ""Dcaf13"", ""Nsl1"", ""Psrc1"", ""Gem"")"
"12","GOBP_REGULATION_OF_MRNA_METABOLIC_PROCESS","3.63909035429508e-06","0.000170382210388096","0.627256739718528","-0.59228650761085","-1.94622795090184","84","c(""Srsf3"", ""Hnrnpab"", ""Hnrnpa2b1"", ""Ncl"", ""Ybx1"", ""Hnrnpc"", ""Srsf7"", ""Srsf9"", ""Srsf6"", ""Srsf1"", ""Caprin1"", ""Dhx9"", ""Hnrnpd"", ""Rbmxl1"", ""Hnrnpu"", ""Eif4a3"", ""Srsf2"", ""Hnrnpr"", ""Srsf10"", ""Srrm1"", ""Magoh"", ""Clns1a"", ""Thrap3"", ""Rbm8a"", ""Larp7"", ""Ptbp1"", ""Syncrip"", ""Rbm3"", ""Leo1"", ""U2af2"", ""Rnps1"", ""Iws1"", ""Ccnb1"", ""Exosc3"", ""Carhsp1"", ""Khsrp"", ""Taf15"", ""Prmt5"", ""Fmr1"", ""Zfp36l1"", ""Sf3b4"", ""Larp4b"", ""Ncbp1"", ""Rock2"", ""Srsf4"", ""Prpf19"")"
"13","GOBP_PROTEIN_DNA_COMPLEX_ORGANIZATION","8.53136604564855e-10","1.53630214714333e-07","0.801215574617779","-0.522279517534917","-1.94421180390573","231","c(""Satb1"", ""H3f3a"", ""Hmgb1"", ""H3f3b"", ""Ptma"", ""Tox"", ""Anp32e"", ""Sfpq"", ""Cbx1"", ""Mier1"", ""Cbx3"", ""Ezh2"", ""Gata3"", ""Hmgn1"", ""Lmnb1"", ""Rag1"", ""Mtf2"", ""Anp32b"", ""Smarca5"", ""Brd3"", ""Ctcf"", ""Trim28"", ""Smarcc1"", ""Smarca4"", ""Psmc6"", ""Ikzf1"", ""Dek"", ""Hnrnpu"", ""Gtf2a2"", ""Rbbp4"", ""Tcf3"", ""Hmgn2"", ""Hjurp"", ""Supt16"", ""Banf1"", ""Nr3c1"", ""Rad21"", ""Bcl7c"", ""Bcl6"", ""Morf4l2"", ""Hdac1"", ""Rag2"", ""Mbd3"", ""Kcnq1ot1"", ""Suz12"", ""Asf1a"", ""Nap1l1"", ""Tcf4"", ""Hdgf"", ""Actl6a"", ""Nasp"", ""Brd8"", ""Utp3"", ""Tdg"", ""H1f0"", ""Bcl7a"", ""Trim27"", 
""Cbx5"", ""Hcfc1"", ""Cfdp1"", ""Psip1"", ""Kdm2b"", ""Pak1"", ""Med7"", ""Iws1"", ""Uhrf1"", ""Med14"", ""Scmh1"", ""Hdac2"", ""Mki67"", ""Ruvbl1"", ""Eny2"", ""Baz1b"", ""Hmgn3"", ""Uchl5"", ""Terf1"", ""Ddb1"", ""Nucks1"", ""Hmgn5"", ""Hmga1"", ""Taf1"", ""Cebpg"", ""Padi4"", ""Nudt5"", ""Morc1"", ""Nfat5"", ""Dnmt1"", ""Cenpe"", ""Prmt5"", ""Ddx21"", ""Brcc3"", ""a"", ""Med19"", ""Set"", ""Cdk2"", ""Suv39h1"", ""Smarcb1"")"
"14","GOBP_ELECTRON_TRANSPORT_CHAIN","1.38833654820184e-05","0.000528542536271106","0.593325476396405","-0.646887771512141","-1.94305679313498","51","c(""Chchd2"", ""Cox7a2"", ""Cox7c"", ""Uqcr11"", ""Uqcrq"", ""Cox6a1"", ""Ndufs6"", ""Uqcrb"", ""Ndufc2"", ""Ndufb8"", ""Ndufb6"", ""Cycs"", ""Ndufa5"", ""Dnajc15"", ""Uqcr10"", ""Ndufs8"", ""Ccnb1"", ""Ndufb9"", ""Park7"", ""Cdk1"", ""Cox5a"", ""Dld"", ""mt-Nd1"", ""Cox5b"", ""Uqcrfs1"", ""Sdhb"", ""Ndufa12"", ""Ndufv2"", ""Coq7"", ""Bid"", ""Cyc1"", ""Ndufs1"", ""Sdhc"", ""Etfa"", ""Sdhd"")"
"15","GOBP_CHROMOSOME_ORGANIZATION","6.31735036625155e-10","1.23240976728291e-07","0.801215574617779","-0.512342800032801","-1.94302382448593","267","c(""H3f3a"", ""Hmgb1"", ""H3f3b"", ""Sfpq"", ""Hnrnpa2b1"", ""Xrcc6"", ""Ezh2"", ""Hsp90aa1"", ""Hnrnpc"", ""Anapc5"", ""Smarca5"", ""Trim28"", ""Lig4"", ""Smc4"", ""Smarcc1"", ""Smarca4"", ""Dhx9"", ""Hnrnpd"", ""Smc3"", ""Hnrnpu"", ""Bub3"", ""Mcm7"", ""Stag2"", ""Hjurp"", ""Rad21"", ""Bcl7c"", ""Tcp1"", ""Cct7"", ""Actl6a"", ""Nasp"", ""Mad1l1"", ""Fbxo5"", ""Mapk1"", ""H1f0"", ""Bcl7a"", ""Ddx1"", ""Pds5b"", ""Pds5a"", ""Ncapd2"", ""Mzt1"", ""Cct2"", ""Smc1a"", ""Cdc16"", ""Parp1"", ""Smc5"", ""Ccnb1"", ""Ruvbl1"", ""Baz1b"", ""Ssbp1"", ""Uchl5"", ""Ran"", ""Nup62"", ""Terf1"", ""Fbxw7"", ""Phb2"", ""Nusap1"", 
""Top2a"", ""Pcna"", ""Nudc"", ""Cdk1"", ""Kif11"", ""Cct3"", ""Ccne2"", ""Spc24"", ""Nsmce2"", ""Psmc3ip"", ""Cdca8"", ""Ncaph"", ""Spc25"", ""Naa50"", ""Ptges3"", ""Cdc20"", ""Plk1"", ""Cenpe"", ""Ube2c"", ""Lcmt1"", ""Prc1"", ""Incenp"", ""Cct8"", ""Smc2"", ""Tubg1"", ""Drg1"", ""Ncapd3"", ""Cdk2"", ""Itpa"", ""Birc5"", ""Suv39h1"", ""Smarcb1"", ""Kif22"", ""Syce2"", ""Tpx2"", ""Aurkb"", ""Rmi2"", ""Mad2l1"", ""Hat1"", ""Bub1b"", ""Ylpm1"", ""Zwint"", ""Ncapg2"", ""Hecw2"", ""Seh1l"", ""Tacc3"", ""Kif23"", ""Mybl2"", ""Ncapg"", ""Kpnb1"", ""Ehmt2"", ""Cdc27"", ""Msh2"", ""Kif2c"", ""Xrcc1"", ""Ccdc61"", 
""Wrn"", ""Gins1"", ""Ruvbl2"", ""Esco2"", ""Rif1"", ""Cenpp"", ""Cenpc1"", ""Cenpa"", ""Knstrn"", ""Tcf7l2"", ""Spdl1"", ""Dlgap5"", ""Mcm2"", ""Kif18a"", ""Cdc6"", ""Nuf2"", ""Recql"", ""Ndc80"", ""Ddx11"", ""Kif2a"", ""Mcm6"", ""Nek2"", ""Nup107"", ""Anapc1"", ""Ncaph2"", ""Dna2"", ""Telo2"", ""Cdca5"", ""Bub1"", ""Gins2"", ""Cenpk"", ""Pphln1"", ""Cep192"", ""Fen1"", ""Ttk"", ""Cdk5rap2"", ""Anapc15"", ""Cenpo"", ""Cenpv"", ""Spag5"", ""Terf2ip"", ""Blm"", ""Tinf2"", ""Nsl1"", ""Psrc1"", ""Gem"", ""Mis18a"", ""Naf1"", ""Rpa1"", ""Trip13"")"
"16","GOBP_MITOTIC_NUCLEAR_DIVISION","8.57004451308768e-07","5.57290950142729e-05","0.659444398037935","-0.549437867799332","-1.93253352373773","137","c(""Cd28"", ""Ube2s"", ""Anapc5"", ""Smarca5"", ""Smc4"", ""Smc3"", ""Hnrnpu"", ""Bub3"", ""Stag2"", ""Banf1"", ""Rad21"", ""Mad1l1"", ""Fbxo5"", ""Ncapd2"", ""Mzt1"", ""Smc1a"", ""Cdc16"", ""Mki67"", ""Ccnb1"", ""Nde1"", ""Baz1b"", ""Ranbp1"", ""Ran"", ""Nup62"", ""Phb2"", ""Nusap1"", ""Nudc"", ""Cdk1"", ""Kif11"", ""Reep3"", ""Reep4"", ""Pebp1"", ""Spc24"", ""Nsmce2"", ""Cdca8"", ""Ncaph"", ""Spc25"", ""Aurka"", ""Cdc20"", ""Plk1"", ""Cenpe"", ""Ube2c"", ""Lcmt1"", ""Prc1"", ""Incenp"", ""Smc2"", ""Tubg1"", ""Drg1"", ""Ncapd3"", ""Birc5"", ""Kif22"", ""Igf1r"", ""Tpx2"", ""Aurkb"", ""Mad2l1"", ""Cdkn1c"", 
""Bub1b"", ""Zwint"", ""Ncapg2"", ""Seh1l"", ""Kif23"", ""Mybl2"", ""Ncapg"", ""Rgcc"", ""Kpnb1"", ""Kif2c"", ""Ccdc61"", ""Cenpc1"", ""Knstrn"", ""Spdl1"", ""Nfia"", ""Kif18a"", ""Nuf2"", ""Ndc80"", ""Kif2a"", ""Nek2"", ""Ncaph2"", ""Rcc1"", ""Cdca5"", ""Bub1"", ""Cenpk"", ""Cep192"", ""Ttk"", ""Cdk5rap2"", ""Pdgfrb"", ""Anapc15"", ""Spag5"", ""Nsl1"", ""Psrc1"", ""Nme6"")"
"17","GOBP_ENERGY_DERIVATION_BY_OXIDATION_OF_ORGANIC_COMPOUNDS","3.60734518412245e-07","3.01599824143952e-05","0.674962860011025","-0.554294275732465","-1.9314568880909","129","c(""Hmgb1"", ""Chchd2"", ""Atp5b"", ""Atp5h"", ""Cox7a2"", ""Cox7c"", ""Atp5k"", ""Uqcr11"", ""Uqcrq"", ""Cox6a1"", ""Atp5j2"", ""Ndufs6"", ""Uqcrb"", ""Ndufb7"", ""Prelid1"", ""Atp5a1"", ""Ndufc2"", ""Atp5j"", ""Ndufb8"", ""Ndufb6"", ""Atp5o"", ""Cycs"", ""Ndufa5"", ""Dnajc15"", ""Nfatc3"", ""Aco2"", ""Akt1"", ""Cbfa2t3"", ""Idh2"", ""Mdh1"", ""Atp5c1"", ""Ndufc1"", ""Uqcr10"", ""Ndufs8"", ""Ccnb1"", ""Ndufb9"", ""Park7"", ""Mrps36"", ""Mdh2"", ""Cdk1"", ""Cox5a"", ""Ndufab1"", ""Dld"", ""mt-Nd1"", ""Cox5b"", ""Uqcrfs1"", ""Ptges3"", ""Sdhb"", ""Ppp1r2"", ""Atp5d"", ""Ndufa12"", ""Ndufv2"", ""Agl"", 
""Coq7"", ""Ndufb10"", ""Ndufb2"", ""Cs"", ""Bid"", ""Cyc1"", ""Acly"", ""Msh2"", ""Dlat"", ""Idh3a"", ""Ndufs1"", ""Nr4a3"", ""Cisd1"", ""Tcf7l2"", ""Sdhc"", ""Gadd45gip1"", ""Idh3g"", ""Etfa"", ""Sdhd"")"
"18","GOBP_OXIDATIVE_PHOSPHORYLATION","1.37565036303405e-05","0.000528542536271106","0.593325476396405","-0.601818834387911","-1.92641323631837","73","c(""Chchd2"", ""Atp5b"", ""Atp5h"", ""Cox7a2"", ""Cox7c"", ""Atp5k"", ""Uqcr11"", ""Uqcrq"", ""Cox6a1"", ""Atp5j2"", ""Ndufs6"", ""Uqcrb"", ""Ndufb7"", ""Atp5a1"", ""Ndufc2"", ""Atp5j"", ""Ndufb8"", ""Ndufb6"", ""Atp5o"", ""Cycs"", ""Ndufa5"", ""Dnajc15"", ""Atp5c1"", ""Ndufc1"", ""Uqcr10"", ""Ndufs8"", ""Ccnb1"", ""Ndufb9"", ""Park7"", ""Cdk1"", ""Cox5a"", ""Ndufab1"", ""Dld"", ""mt-Nd1"", ""Cox5b"", ""Uqcrfs1"", ""Sdhb"", ""Atp5d"", ""Ndufa12"", ""Ndufv2"", ""Coq7"", ""Ndufb10"", ""Ndufb2"")"
"19","GOBP_ALTERNATIVE_MRNA_SPLICING_VIA_SPLICEOSOME","1.44513969495718e-05","0.000528605004046057","0.593325476396405","-0.771981810348352","-1.92613371084818","24","c(""Sfpq"", ""Hnrnpm"", ""Srsf9"", ""Srsf6"", ""Hnrnpa1"", ""Srsf1"", ""Dhx9"", ""Hnrnpu"", ""Srsf2"", ""Magoh"", ""Thrap3"", ""Rbm8a"", ""Ptbp1"", ""Rbm17"", ""Rnps1"", ""Strap"")"
"20","GOBP_MITOTIC_SISTER_CHROMATID_SEGREGATION","4.13531121551776e-06","0.000186168529913982","0.610526878385931","-0.56972748334469","-1.92108500319362","100","c(""Anapc5"", ""Smarca5"", ""Smc4"", ""Smc3"", ""Hnrnpu"", ""Bub3"", ""Stag2"", ""Rad21"", ""Mad1l1"", ""Fbxo5"", ""Ncapd2"", ""Mzt1"", ""Smc1a"", ""Cdc16"", ""Ccnb1"", ""Baz1b"", ""Ran"", ""Nup62"", ""Nusap1"", ""Nudc"", ""Cdk1"", ""Kif11"", ""Spc24"", ""Nsmce2"", ""Cdca8"", ""Ncaph"", ""Spc25"", ""Cdc20"", ""Plk1"", ""Cenpe"", ""Ube2c"", ""Lcmt1"", ""Prc1"", ""Incenp"", ""Smc2"", ""Tubg1"", ""Drg1"", ""Ncapd3"", ""Birc5"", ""Kif22"", ""Tpx2"", ""Aurkb"", ""Mad2l1"", ""Bub1b"", ""Zwint"", ""Ncapg2"", ""Seh1l"", ""Kif23"", ""Mybl2"", ""Ncapg"", ""Kpnb1"", ""Kif2c"", ""Ccdc61"", ""Cenpc1"", ""Knstrn"", ""Spdl1"", 
""Kif18a"", ""Nuf2"", ""Ndc80"", ""Kif2a"", ""Nek2"", ""Ncaph2"", ""Cdca5"", ""Bub1"", ""Cenpk"", ""Cep192"", ""Ttk"", ""Cdk5rap2"", ""Anapc15"", ""Spag5"", ""Nsl1"", ""Psrc1"")"
"21","GOBP_ATP_SYNTHESIS_COUPLED_ELECTRON_TRANSPORT","2.71077003221609e-05","0.000846121686055717","0.575610261071129","-0.667934034822455","-1.91822611916348","42","c(""Chchd2"", ""Cox7a2"", ""Cox7c"", ""Uqcr11"", ""Uqcrq"", ""Cox6a1"", ""Ndufs6"", ""Uqcrb"", ""Ndufc2"", ""Ndufb8"", ""Ndufb6"", ""Cycs"", ""Dnajc15"", ""Uqcr10"", ""Ndufs8"", ""Ccnb1"", ""Ndufb9"", ""Park7"", ""Cdk1"", ""Cox5a"", ""Dld"", ""mt-Nd1"", ""Cox5b"", ""Uqcrfs1"", ""Sdhb"", ""Ndufa12"", ""Ndufv2"", ""Coq7"", ""Bid"", ""Cyc1"", ""Ndufs1"", ""Sdhc"")"
"22","GOBP_CELLULAR_RESPIRATION","1.42046595739237e-06","7.91740668156082e-05","0.643551836150722","-0.562785733955227","-1.91180981977505","110","c(""Chchd2"", ""Atp5b"", ""Atp5h"", ""Cox7a2"", ""Cox7c"", ""Atp5k"", ""Uqcr11"", ""Uqcrq"", ""Cox6a1"", ""Atp5j2"", ""Ndufs6"", ""Uqcrb"", ""Ndufb7"", ""Prelid1"", ""Atp5a1"", ""Ndufc2"", ""Atp5j"", ""Ndufb8"", ""Ndufb6"", ""Atp5o"", ""Cycs"", ""Ndufa5"", ""Dnajc15"", ""Nfatc3"", ""Aco2"", ""Akt1"", ""Cbfa2t3"", ""Idh2"", ""Mdh1"", ""Atp5c1"", ""Ndufc1"", ""Uqcr10"", ""Ndufs8"", ""Ccnb1"", ""Ndufb9"", ""Park7"", ""Mrps36"", ""Mdh2"", ""Cdk1"", ""Cox5a"", ""Ndufab1"", ""Dld"", ""mt-Nd1"", ""Cox5b"", ""Uqcrfs1"", ""Sdhb"", ""Atp5d"", ""Ndufa12"", ""Ndufv2"", ""Coq7"", ""Ndufb10"", ""Ndufb2"", ""Cs"", 
""Bid"", ""Cyc1"", ""Acly"", ""Msh2"", ""Dlat"", ""Idh3a"", ""Ndufs1"", ""Nr4a3"", ""Cisd1"", ""Sdhc"", ""Gadd45gip1"", ""Idh3g"", ""Etfa"", ""Sdhd"")"
"23","GOBP_RNA_LOCALIZATION","2.43576131914838e-05","0.000826393804076284","0.575610261071129","-0.594797117574396","-1.90393682408546","73","c(""Srsf3"", ""Hnrnpab"", ""Hnrnpa2b1"", ""Ybx1"", ""Hnrnpa3"", ""Srsf7"", ""Hnrnpa1"", ""Srsf1"", ""Dhx9"", ""Ddx39b"", ""Hnrnpu"", ""Eif4a3"", ""Ddx19a"", ""Thoc7"", ""Magoh"", ""Tcp1"", ""Alyref"", ""Rbm8a"", ""Ssb"", ""Ckap5"", ""Slbp"", ""Mrpl18"", ""Cct2"", ""Iws1"", ""Thoc6"", ""Eny2"", ""Ran"", ""Nup62"", ""Terf1"", ""Tomm20"", ""Khsrp"", ""Ranbp2"", ""Sec13"", ""Nop58"", ""Fmr1"", ""Zfp36l1"", ""Ncbp1"", ""Nxt1"", ""Seh1l"", ""Thoc3"", ""Kpnb1"", ""Magohb"", ""Nup54"", ""Pom121"")"
"24","GOBP_REGULATION_OF_SISTER_CHROMATID_SEGREGATION","2.51629763367634e-05","0.000829669402878355","0.575610261071129","-0.627290520957503","-1.90070620767726","54","c(""Anapc5"", ""Smarcc1"", ""Smarca4"", ""Hnrnpu"", ""Bub3"", ""Rad21"", ""Bcl7c"", ""Actl6a"", ""Mad1l1"", ""Fbxo5"", ""Bcl7a"", ""Cdc16"", ""Ccnb1"", ""Cdk1"", ""Spc24"", ""Nsmce2"", ""Cdca8"", ""Spc25"", ""Cdc20"", ""Plk1"", ""Cenpe"", ""Ube2c"", ""Lcmt1"", ""Incenp"", ""Birc5"", ""Smarcb1"", ""Aurkb"", ""Rmi2"", ""Mad2l1"", ""Bub1b"", ""Zwint"", ""Hecw2"", ""Tacc3"", ""Cdc27"", ""Spdl1"", ""Cdc6"", ""Nuf2"", ""Ndc80"", ""Anapc1"", ""Bub1"", ""Cep192"", ""Ttk"", ""Cdk5rap2"", ""Anapc15"")"
"25","GOBP_POSITIVE_REGULATION_OF_NUCLEOCYTOPLASMIC_TRANSPORT","2.99678434247923e-05","0.000871976255427864","0.575610261071129","-0.715208710534064","-1.89728284342966","30","c(""Ywhae"", ""Camk4"", ""Hsp90aa1"", ""Smo"", ""Anp32b"", ""Trim28"", ""Dhx9"", ""Nedd4"", ""Rapgef3"", ""Hsp90ab1"", ""Jup"", ""Xbp1"", ""Mapk1"", ""Ran"", ""Ctdspl2"", ""Cdk1"")"
"26","GOBP_NUCLEAR_TRANSCRIBED_MRNA_CATABOLIC_PROCESS","4.82732592085606e-05","0.00131404302101442","0.557332238758646","-0.683515964251588","-1.89285622116982","35","c(""Hnrnpab"", ""Ybx1"", ""Caprin1"", ""Dhx9"", ""Hnrnpd"", ""Hnrnpu"", ""Eif4a3"", ""Magoh"", ""Thrap3"", ""Rbm8a"", ""Gspt1"", ""Ptbp1"", ""Syncrip"", ""Ssb"", ""Rnps1"", ""Exosc3"", ""Zfp36l1"", ""Ncbp1"", ""Etf1"", ""Lsm4"", ""Magohb"")"
"27","GOBP_GENERATION_OF_PRECURSOR_METABOLITES_AND_ENERGY","1.66823837838892e-07","1.62722751825353e-05","0.690132458796796","-0.523434089293683","-1.88573677217119","172","c(""Hmgb1"", ""Gapdh"", ""Chchd2"", ""Atp5b"", ""Atp5h"", ""Cox7a2"", ""Cox7c"", ""Atp5k"", ""Uqcr11"", ""Uqcrq"", ""Cox6a1"", ""Atp5j2"", ""Ndufs6"", ""Uqcrb"", ""Ndufb7"", ""Prelid1"", ""Prps2"", ""Atp5a1"", ""Ndufc2"", ""Atp5j"", ""Ndufb8"", ""Ndufb6"", ""Atp5o"", ""Cycs"", ""Ndufa5"", ""Dnajc15"", ""Nfatc3"", ""Aco2"", ""Akt1"", ""Cbfa2t3"", ""Idh2"", ""Mdh1"", ""Atp5c1"", ""Ndufc1"", ""Ndufa4"", ""Uqcr10"", ""P2rx7"", ""Ndufs8"", ""Galk1"", ""Ccnb1"", ""Ndufb9"", ""Park7"", ""Mrps36"", ""Phb2"", ""Mdh2"", ""Cdk1"", ""Cox5a"", ""Ndufab1"", ""Dld"", ""mt-Nd1"", ""Cox5b"", ""Uqcrfs1"", ""Ptges3"", 
""Sdhb"", ""Ppp1r2"", ""Atp5d"", ""a"", ""Ndufa12"", ""Ndufv2"", ""Agl"", ""Pfkp"", ""Coq7"", ""Ndufb10"", ""Eif6"", ""Ndufb2"", ""Pgls"", ""Cs"", ""Aldoa"", ""Bid"", ""Rpia"", ""Cyc1"", ""Acly"", ""Msh2"", ""Sik2"", ""Dlat"", ""Idh3a"", ""Ndufs1"", ""Nr4a3"", ""Cisd1"", ""Tcf7l2"", ""Sdhc"", ""Gadd45gip1"", ""Idh3g"", ""Etfa"", ""Sdhd"")"
"28","GOBP_NEGATIVE_REGULATION_OF_MRNA_METABOLIC_PROCESS","6.59488218373672e-05","0.00167811078175301","0.538434096309916","-0.682397265033629","-1.87883332233017","34","c(""Hnrnpab"", ""Hnrnpa2b1"", ""Ybx1"", ""Hnrnpc"", ""Srsf7"", ""Srsf9"", ""Srsf6"", ""Srsf1"", ""Dhx9"", ""Hnrnpd"", ""Hnrnpu"", ""Srsf10"", ""Thrap3"", ""Ptbp1"", ""Syncrip"", ""U2af2"")"
"29","GOBP_MRNA_TRANSPORT","6.89870925745187e-05","0.00173654606147256","0.538434096309916","-0.632796983709643","-1.87128706498746","48","c(""Srsf3"", ""Hnrnpa2b1"", ""Hnrnpa3"", ""Srsf7"", ""Hnrnpa1"", ""Srsf1"", ""Dhx9"", ""Ddx39b"", ""Eif4a3"", ""Ddx19a"", ""Thoc7"", ""Magoh"", ""Alyref"", ""Rbm8a"", ""Slbp"", ""Iws1"", ""Thoc6"", ""Eny2"", ""Nup62"", ""Khsrp"", ""Ranbp2"", ""Sec13"", ""Fmr1"", ""Zfp36l1"", ""Ncbp1"", ""Nxt1"", ""Seh1l"", ""Thoc3"", ""Magohb"", ""Nup54"", ""Pom121"")"
"30","GOBP_PROTON_MOTIVE_FORCE_DRIVEN_ATP_SYNTHESIS","0.00014741692293837","0.0030540089964489","0.518848077743792","-0.654886536806581","-1.8699899602782","39","c(""Atp5b"", ""Atp5h"", ""Atp5g3"", ""Atp5k"", ""Atp5j2"", ""Ndufs6"", ""Ndufb7"", ""Atp5a1"", ""Ndufc2"", ""Atp5j"", ""Ndufb8"", ""Ndufb6"", ""Atp5o"", ""Ndufa5"", ""Atp5c1"", ""Ndufc1"", ""Ndufs8"", ""Ndufb9"", ""Ndufab1"", ""mt-Nd1"", ""Sdhb"", ""Atp5d"", ""Ndufa12"", ""Ndufv2"", ""Ndufb10"", ""Ndufb2"")"
"31","GOBP_METAPHASE_ANAPHASE_TRANSITION_OF_CELL_CYCLE","7.09722988798892e-05","0.00176751225189171","0.538434096309916","-0.622158099598668","-1.86877627784382","51","c(""Anapc5"", ""Smarcc1"", ""Smarca4"", ""Bub3"", ""Rad21"", ""Bcl7c"", ""Actl6a"", ""Mad1l1"", ""Fbxo5"", ""Bcl7a"", ""Cdc16"", ""Ccnb1"", ""Spc24"", ""Nsmce2"", ""Cdca8"", ""Spc25"", ""Cdc20"", ""Plk1"", ""Cenpe"", ""Ube2c"", ""Lcmt1"", ""Incenp"", ""Birc5"", ""Smarcb1"", ""Aurkb"", ""Mad2l1"", ""Bub1b"", ""Zwint"", ""Hecw2"", ""Tacc3"", ""Cdc27"", ""Spdl1"", ""Cdc6"", ""Nuf2"", ""Ndc80"", ""Anapc1"", ""Bub1"", ""Cep192"", ""Ttk"", ""Cdk5rap2"", ""Anapc15"")"
"32","GOBP_REGULATORY_NCRNA_MEDIATED_GENE_SILENCING","0.000186535844484682","0.00366958329360203","0.518848077743792","-0.68694009072923","-1.86775163137708","32","c(""Srsf3"", ""Hnrnpa2b1"", ""Dhx9"", ""Ddx3x"", ""Larp7"", ""Kcnq1ot1"", ""Rbm3"", ""Srrt"", ""Tdrkh"", ""Tdrd5"", ""Eri1"", ""Eif4g1"", ""Exosc3"", ""Morc1"", ""Fmr1"", ""Ncbp1"", ""Tial1"", ""Dgcr8"", ""Eif6"")"
"33","GOBP_POSITIVE_REGULATION_OF_MRNA_METABOLIC_PROCESS","0.00013433184426054","0.0028077754233386","0.518848077743792","-0.643872054152338","-1.86300898293048","43","c(""Ncl"", ""Ybx1"", ""Caprin1"", ""Dhx9"", ""Hnrnpd"", ""Rbmxl1"", ""Hnrnpu"", ""Eif4a3"", ""Hnrnpr"", ""Clns1a"", ""Thrap3"", ""Syncrip"", ""Rbm3"", ""Leo1"", ""Ccnb1"", ""Exosc3"", ""Khsrp"", ""Prmt5"", ""Zfp36l1"", ""Sf3b4"", ""Ncbp1"", ""Rock2"", ""Prpf19"")"
"34","GOBP_CHROMATIN_REMODELING","9.18676842684779e-07","5.76371647598385e-05","0.659444398037935","-0.519171085294274","-1.8619143617748","161","c(""Satb1"", ""H3f3a"", ""Hmgb1"", ""H3f3b"", ""Sfpq"", ""Mier1"", ""Cbx3"", ""Ezh2"", ""Gata3"", ""Lmnb1"", ""Mtf2"", ""Anp32b"", ""Smarca5"", ""Brd3"", ""Ctcf"", ""Trim28"", ""Smarcc1"", ""Smarca4"", ""Dek"", ""Hnrnpu"", ""Rbbp4"", ""Tcf3"", ""Hjurp"", ""Supt16"", ""Nr3c1"", ""Bcl7c"", ""Bcl6"", ""Hdac1"", ""Mbd3"", ""Kcnq1ot1"", ""Suz12"", ""Asf1a"", ""Nap1l1"", ""Hdgf"", ""Actl6a"", ""Nasp"", ""Tdg"", ""H1f0"", ""Bcl7a"", ""Trim27"", ""Hcfc1"", ""Cfdp1"", ""Psip1"", ""Kdm2b"", ""Pak1"", ""Iws1"", ""Uhrf1"", ""Scmh1"", ""Hdac2"", ""Ruvbl1"", ""Baz1b"", ""Uchl5"", ""Ddb1"", ""Cebpg"", ""Padi4"", ""Nudt5"", 
""Morc1"", ""Nfat5"", ""Dnmt1"", ""Ddx21"", ""Brcc3"", ""a"", ""Set"", ""Cdk2"", ""Suv39h1"", ""Smarcb1"", ""Pole3"", ""Wdr5"")"
"35","GOBP_AEROBIC_ELECTRON_TRANSPORT_CHAIN","0.000104218519755666","0.00236869470629139","0.538434096309916","-0.674280651192546","-1.85648598108114","34","c(""Cox7a2"", ""Cox7c"", ""Uqcr11"", ""Uqcrq"", ""Cox6a1"", ""Ndufs6"", ""Uqcrb"", ""Ndufc2"", ""Ndufb8"", ""Ndufb6"", ""Cycs"", ""Dnajc15"", ""Uqcr10"", ""Ndufs8"", ""Ndufb9"", ""Park7"", ""Cox5a"", ""Dld"", ""mt-Nd1"", ""Cox5b"", ""Uqcrfs1"", ""Sdhb"")"
"36","GOBP_NEGATIVE_REGULATION_OF_GENE_EXPRESSION_EPIGENETIC","0.000107686755088952","0.00242398743906959","0.538434096309916","-0.621597813792603","-1.8559220505641","50","c(""H3f3a"", ""Hmgb1"", ""H3f3b"", ""Cbx3"", ""Ezh2"", ""Lmnb1"", ""Smarca5"", ""Ctcf"", ""Trim28"", ""Smarca4"", ""Bcl6"", ""Hdac1"", ""Mbd3"", ""Kcnq1ot1"", ""Suz12"", ""H1f0"", ""Trim27"", ""Uhrf1"", ""Hdac2"")"
"37","GOBP_ESTABLISHMENT_OF_RNA_LOCALIZATION","5.41580281075217e-05","0.00140915269441823","0.557332238758646","-0.600655814295734","-1.85468153372816","61","c(""Srsf3"", ""Hnrnpa2b1"", ""Ybx1"", ""Hnrnpa3"", ""Srsf7"", ""Hnrnpa1"", ""Srsf1"", ""Dhx9"", ""Ddx39b"", ""Eif4a3"", ""Ddx19a"", ""Thoc7"", ""Magoh"", ""Alyref"", ""Rbm8a"", ""Ssb"", ""Slbp"", ""Mrpl18"", ""Iws1"", ""Thoc6"", ""Eny2"", ""Ran"", ""Nup62"", ""Terf1"", ""Tomm20"", ""Khsrp"", ""Ranbp2"", ""Sec13"", ""Fmr1"", ""Zfp36l1"", ""Ncbp1"", ""Nxt1"", ""Seh1l"", ""Thoc3"", ""Kpnb1"", ""Magohb"", ""Nup54"", ""Pom121"")"
"38","GOBP_MAINTENANCE_OF_CELL_NUMBER","5.38668559133952e-05","0.00140915269441823","0.557332238758646","-0.592769327503903","-1.84736085432299","63","c(""Sox4"", ""Ezh2"", ""Smo"", ""Mtf2"", ""Lig4"", ""Smarcc1"", ""Smarca4"", ""Smc3"", ""Rbbp4"", ""Stag2"", ""Bcl7c"", ""Hdac1"", ""Leo1"", ""Eif4e"", ""Pcm1"", ""Actl6a"", ""Srrt"", ""Bcl7a"", ""Kdm2b"", ""Sap30"", ""Smc1a"", ""Med7"", ""Med14"", ""Smc5"", ""Hdac2"", ""Raf1"", ""Klf10"", ""Nkap"", ""Padi4"")"
"39","GOBP_MICROTUBULE_CYTOSKELETON_ORGANIZATION_INVOLVED_IN_MITOSIS","8.51399115344131e-05","0.00201325790810163","0.538434096309916","-0.576905369746711","-1.84666560247077","73","c(""Stmn1"", ""Smc3"", ""Hnrnpu"", ""Stag2"", ""Tacc2"", ""Itgb1"", ""Ckap5"", ""Mzt1"", ""Smc1a"", ""Ccnb1"", ""Nde1"", ""Nup62"", ""Nusap1"", ""Nudc"", ""Cdk1"", ""Kif11"", ""Cdca8"", ""Spc25"", ""Aurka"", ""Cdc20"", ""Plk1"", ""Cenpe"", ""Prc1"", ""Incenp"", ""Pcnt"", ""Tubg1"", ""Drg1"", ""Birc5"", ""Tpx2"", ""Aurkb"", ""Sass6"", ""Mad2l1"", ""Tacc3"", ""Kif23"", ""Mybl2"", ""Kpnb1"", ""Spry1"", ""Ccdc61"", ""Kif4"", ""Cenpa"", ""Spdl1"", ""Dlgap5"", ""Poc1a"", ""Nuf2"", ""Ndc80"", ""Kif2a"", ""Nek2"", ""Enkd1"", ""Rcc1"", ""Cep192"", ""Cdk5rap2"", ""Gpsm2"", ""Fam110a"", ""Psrc1"")"
"40","GOBP_HETEROCHROMATIN_ORGANIZATION","0.000129596357917294","0.00275804612622169","0.518848077743792","-0.641773973576085","-1.84309757331084","42","c(""H3f3a"", ""Hmgb1"", ""H3f3b"", ""Cbx3"", ""Ezh2"", ""Lmnb1"", ""Smarca5"", ""Trim28"", ""Smarca4"", ""Bcl6"", ""Hdac1"", ""Mbd3"", ""Kcnq1ot1"", ""Suz12"", ""H1f0"", ""Uhrf1"", ""Hdac2"", ""Dnmt1"", ""Cdk2"", ""Suv39h1"", ""Pole3"", ""Hat1"")"
"41","GOBP_CHROMOSOME_SEPARATION","0.000150625583722132","0.00309310957450448","0.518848077743792","-0.61246627443718","-1.83966494269849","51","c(""Anapc5"", ""Smc4"", ""Bub3"", ""Rad21"", ""Mad1l1"", ""Fbxo5"", ""Ncapd2"", ""Cdc16"", ""Ccnb1"", ""Top2a"", ""Spc24"", ""Nsmce2"", ""Cdca8"", ""Ncaph"", ""Spc25"", ""Cdc20"", ""Plk1"", ""Cenpe"", ""Ube2c"", ""Lcmt1"", ""Incenp"", ""Smc2"", ""Ncapd3"", ""Birc5"", ""Aurkb"", ""Mad2l1"", ""Bub1b"", ""Zwint"", ""Ncapg2"", ""Ncapg"", ""Spdl1"", ""Nuf2"", ""Ndc80"", ""Ncaph2"", ""Bub1"", ""Cep192"", ""Ttk"", ""Cdk5rap2"", ""Anapc15"")"
"42","GOBP_REGULATION_OF_DNA_BINDING","0.00018987271800309","0.00370401463216412","0.518848077743792","-0.634463926022067","-1.82210399697036","42","c(""Hmgb1"", ""Txn1"", ""Gata3"", ""Smo"", ""Trim28"", ""Smarca4"", ""Hjurp"", ""Hmgb2"", ""H1f0"", ""Lef1"", ""Gzma"", ""Parp1"", ""Hdac2"", ""Park7"", ""Sumo3"", ""Fbxw7"", ""Hspa4"")"
"43","GOBP_NUCLEOBASE_CONTAINING_COMPOUND_TRANSPORT","0.000132665124133915","0.00279791941979726","0.518848077743792","-0.570877242689051","-1.82170629765815","72","c(""Srsf3"", ""Hnrnpa2b1"", ""Slc25a5"", ""Ybx1"", ""Hnrnpa3"", ""Srsf7"", ""Hnrnpa1"", ""Srsf1"", ""Dhx9"", ""Ddx39b"", ""Slc29a1"", ""Eif4a3"", ""Ddx19a"", ""Thoc7"", ""Magoh"", ""Alyref"", ""Rbm8a"", ""Ssb"", ""Slbp"", ""Mrpl18"", ""Slc35d1"", ""Iws1"", ""Thoc6"", ""P2rx7"", ""Eny2"", ""Ran"", ""Nup62"", ""Tomm20"", ""Khsrp"", ""Ranbp2"", ""Sec13"", ""Fmr1"", ""Zfp36l1"", ""Epg5"", ""Slc35b4"", ""Ncbp1"", ""Nxt1"", ""Seh1l"", ""Thoc3"", ""Kpnb1"", ""Magohb"", ""Nup54"", ""Pom121"")"
"44","GOBP_ATP_BIOSYNTHETIC_PROCESS","0.000202495984507349","0.00379234479785364","0.518848077743792","-0.606056753310071","-1.82041266414999","51","c(""Atp5b"", ""Atp5h"", ""Atp5g3"", ""Atp5k"", ""Atp5j2"", ""Ndufs6"", ""Ndufb7"", ""Atp5a1"", ""Ndufc2"", ""Atp5j"", ""Ndufb8"", ""Ndufb6"", ""Atp5o"", ""Ndufa5"", ""Atp5c1"", ""Ndufc1"", ""Parp1"", ""Ndufs8"", ""Ndufb9"", ""Ndufab1"", ""mt-Nd1"", ""Sdhb"", ""Atp5d"", ""Ndufa12"", ""Ndufv2"", ""Ndufb10"", ""Ndufb2"", ""Aldoa"")"
"45","GOBP_HISTONE_MODIFICATION","0.000114154112289234","0.00252108280065185","0.538434096309916","-0.59210355921443","-1.81159995911856","59","c(""Mier1"", ""Ezh2"", ""Smarca5"", ""Smarca4"", ""Dek"", ""Rbbp4"", ""Xbp1"", ""Ube2a"", ""Morf4l2"", ""Hdac1"", ""Mbd3"", ""Suz12"", ""Ube2n"", ""Leo1"", ""Actl6a"", ""Brd8"", ""Nfyb"", ""Hcfc1"", ""Uhrf1"", ""Hdac2"", ""Ruvbl1"", ""Eny2"", ""Baz1b"", ""Nfya"", ""Prmt5"", ""Ddx21"", ""Suv39h1"", ""Wdr5"", ""Hat1"", ""Msl3"", ""Nelfa"", ""Ehmt2"", ""Ruvbl2"", ""Rbbp7"", ""Taf5l"", ""Myo1c"", ""Sgf29"")"
"46","GOBP_POSITIVE_REGULATION_OF_ESTABLISHMENT_OF_PROTEIN_LOCALIZATION","5.26387334028951e-05","0.00140915269441823","0.557332238758646","-0.528452437442668","-1.80568424900551","112","c(""Sox4"", ""Ywhae"", ""Camk4"", ""Dynll1"", ""Hnrnpm"", ""Hsp90aa1"", ""Smo"", ""Pdcd5"", ""Anp32b"", ""Trim28"", ""Rapgef3"", ""Tomm7"", ""Hsp90ab1"", ""Jup"", ""Xbp1"", ""Tcp1"", ""Ptbp1"", ""Cct7"", ""Pcm1"", ""Mapk1"", ""Hcfc1"", ""Bsg"", ""Serp1"", ""C2cd5"", ""Pak1"", ""Cct2"", ""P2rx7"", ""Hras"", ""Ppid"", ""Ptp4a3"", ""Ran"", ""Ctdspl2"", ""Fbxw7"", ""Ptger4"", ""Glul"", ""Cdk1"", ""Cct3"", ""Vps35"", ""Bbc3"", ""Cep295"", ""Cct8"", ""Pcnt"", ""Ect2"", ""Acsl3"")"
"47","GOBP_CHROMOSOME_SEGREGATION","1.0871761391815e-06","6.36269835455972e-05","0.643551836150722","-0.491073455558173","-1.79935054839967","202","c(""Slc25a5"", ""Tubb5"", ""Anapc5"", ""Smarca5"", ""Ctcf"", ""Smc4"", ""Smarcc1"", ""Smarca4"", ""Rcc2"", ""Smc3"", ""Hnrnpu"", ""Bub3"", ""Ddx3x"", ""Stag2"", ""Hjurp"", ""Rad21"", ""Bcl7c"", ""Actl6a"", ""Mad1l1"", ""Fbxo5"", ""Bcl7a"", ""Ncapd2"", ""Mzt1"", ""Smc1a"", ""Cdc16"", ""Smc5"", ""Mki67"", ""Ccnb1"", ""Nde1"", ""Baz1b"", ""Ran"", ""Nup62"", ""Terf1"", ""Ddb1"", ""Nusap1"", ""Top2a"", ""Nudc"", ""Cdk1"", ""Haus3"", ""Kif11"", ""Ska2"", ""Ccne2"", ""Ccnb2"", ""Spc24"", ""Nsmce2"", ""Psmc3ip"", ""Cdca8"", ""Ncaph"", ""Spc25"", ""Aurka"", ""Cdc20"", ""Plk1"", ""Cenpe"", ""Cenpl"", ""Ube2c"", ""Lcmt1"", 
""Prc1"", ""Incenp"", ""Smc2"", ""Cenpq"", ""Tubg1"", ""Ect2"", ""Drg1"", ""Ncapd3"", ""Birc5"", ""Smarcb1"", ""Kif22"", ""Syce2"", ""Tpx2"", ""Aurkb"", ""Sass6"", ""Rmi2"", ""Mad2l1"", ""Haus4"", ""Cenpf"", ""Bub1b"", ""Zwint"", ""Ncapg2"", ""Hecw2"", ""Seh1l"", ""Tacc3"", ""Kif23"", ""Mybl2"", ""Ncapg"", ""Kpnb1"", ""Ppp1r7"", ""Ehmt2"", ""Cdc27"", ""Kif2c"", ""Ccdc61"", ""Esco2"", ""Cenpp"", ""Cenpc1"", ""Kif4"", ""Knstrn"", ""Ska1"", ""Spdl1"", ""Dlgap5"", ""Kif18a"", ""Cdc6"", ""Nuf2"", ""Ndc80"", ""Kif2a"", ""Nek2"", ""Anapc1"", ""Ncaph2"", ""Rcc1"", ""Cdca5"", ""Bub1"", ""Cenpk"", ""Cep192"", ""Ttk"", 
""Cdk5rap2"", ""Anapc15"", ""Cenpo"", ""Spag5"", ""Rad18"", ""Gpsm2"", ""Mapre2"", ""Dcaf13"", ""Haus2"", ""Nsl1"", ""Psrc1"", ""Gem"", ""Mis18a"", ""Trip13"", ""Haus6"", ""Stil"", ""Brca2"", ""Bex6"", ""Aspm"", ""Mre11a"", ""Cenpn"", ""Cdca2"", ""Tubgcp2"")"
"48","GOBP_POSITIVE_REGULATION_OF_INTRACELLULAR_PROTEIN_TRANSPORT","0.000326829491577983","0.0055965914254918","0.49849310876659","-0.596811223474982","-1.79187421344802","52","c(""Ywhae"", ""Camk4"", ""Hsp90aa1"", ""Smo"", ""Pdcd5"", ""Anp32b"", ""Trim28"", ""Rapgef3"", ""Tomm7"", ""Hsp90ab1"", ""Jup"", ""Xbp1"", ""Pcm1"", ""Mapk1"", ""C2cd5"", ""Pak1"", ""Hras"", ""Ran"", ""Ctdspl2"", ""Fbxw7"", ""Cdk1"", ""Bbc3"", ""Pcnt"", ""Ect2"", ""Prkcd"")"
"49","GOBP_PEPTIDYL_LYSINE_MODIFICATION","0.000249608393583529","0.00449487114906955","0.49849310876659","-0.553570812963195","-1.78998252043754","77","c(""Sox4"", ""Desi1"", ""Ezh2"", ""Smo"", ""Sumo2"", ""Smarca5"", ""Trim28"", ""Smarca4"", ""Dek"", ""Morf4l2"", ""Mbd3"", ""Suz12"", ""Actl6a"", ""Sae1"", ""Brd8"", ""Capn3"", ""Nfyb"", ""Hcfc1"", ""Uba2"", ""Egr1"", ""Smc5"", ""Hdac2"", ""Park7"", ""Ruvbl1"", ""Sumo3"", ""Baz1b"", ""P3h4"", ""Egr2"", ""Ndufab1"", ""Topors"", ""Nsmce2"", ""Nfya"", ""Ddx21"", ""Suv39h1"", ""Wdr5"", ""Hat1"", ""Msl3"", ""Dohh"", ""Nelfa"", ""Kif3a"", ""Ehmt2"")"
"50","GOBP_POSITIVE_REGULATION_OF_RESPONSE_TO_WOUNDING","0.000334479553809873","0.0055965914254918","0.49849310876659","-0.678936659597078","-1.78297240385252","29","c(""Hmgb1"", ""Cd24a"", ""Prdx2"", ""Cxcr4"", ""Xbp1"", ""Itgb1"", ""Hras"", ""Ptger4"", ""Igf1r"", ""Rreb1"", ""Vegfb"")"
"51","GOBP_NUCLEAR_TRANSPORT","3.01708999101482e-05","0.000871976255427864","0.575610261071129","-0.504226414986071","-1.78073643326374","141","c(""Txn1"", ""Ywhae"", ""Srsf3"", ""Camk4"", ""Hnrnpa2b1"", ""Desi1"", ""Hsp90aa1"", ""Smo"", ""Anp32b"", ""Trim28"", ""Dhx9"", ""Nedd4"", ""Ddx39b"", ""Rapgef3"", ""Eif4a3"", ""Ddx19a"", ""Thoc7"", ""Hsp90ab1"", ""Magoh"", ""Nfkbia"", ""Jup"", ""Xbp1"", ""Alyref"", ""Rbm8a"", ""Eif4e"", ""Ssb"", ""Akt1"", ""Mapk1"", ""Akirin2"", ""Iws1"", ""Thoc6"", ""Park7"", ""Eny2"", ""Ranbp1"", ""Ran"", ""Nup62"", ""Ctdspl2"", ""Phb2"", ""Cdk1"", ""Egr2"", ""Pkig"", ""Ptpn14"", ""Ranbp2"", ""Sec13"", ""Notch1"", ""Fmr1"", ""Ect2"", ""Ncbp1"", ""Prkcd"", ""Nxt1"", ""Xpo7"", ""Eif6"", ""Atxn1"", ""Seh1l"", ""Tnpo1"", 
""Kpna2"", ""Thoc3"", ""Nolc1"", ""Kpna3"", ""Kpnb1"", ""Syk"", ""Magohb"", ""Nup54"", ""Hspa9"", ""Cse1l"", ""Pom121"")"
"52","GOBP_ATP_METABOLIC_PROCESS","0.000312113213469267","0.0054526644233698","0.49849310876659","-0.581251213312838","-1.7783961232596","59","c(""Atpif1"", ""Atp5b"", ""Atp5h"", ""Atp5g3"", ""Atp5k"", ""Atp5j2"", ""Ndufs6"", ""Ndufb7"", ""Atp5a1"", ""Ndufc2"", ""Atp5j"", ""Ndufb8"", ""Ndufb6"", ""Atp5o"", ""Ndufa5"", ""Atp5c1"", ""Ndufc1"", ""Parp1"", ""Ndufs8"", ""Ndufb9"", ""Ndufab1"", ""Nudt5"", ""mt-Nd1"", ""Sdhb"", ""Atp5d"", ""Ndufa12"", ""Ndufv2"", ""Atp6v1a"", ""Ndufb10"", ""Ndufb2"", ""Aldoa"")"
"53","GOBP_PROTEIN_ACYLATION","0.000316247103279974","0.00548395902798829","0.49849310876659","-0.58106960148867","-1.77784046375018","59","c(""Sox4"", ""Smo"", ""Smarca5"", ""Smarca4"", ""Dek"", ""Naa15"", ""Ddx3x"", ""Xbp1"", ""Morf4l2"", ""Mbd3"", ""Actl6a"", ""Brd8"", ""Nfyb"", ""Smc5"", ""Hdac2"", ""Park7"", ""Ruvbl1"", ""Baz1b"", ""Glul"", ""Zdhhc8"", ""Nfya"", ""Dld"", ""Naa50"", ""Ddx21"", ""Cep295"", ""Hat1"", ""Nmt2"", ""Msl3"", ""Naa16"", ""Kif3a"", ""Ruvbl2"", ""Esco2"", ""Taf5l"", ""Zdhhc21"", ""Myo1c"", ""Sgf29"")"
"54","GOBP_REGULATION_OF_CIRCADIAN_RHYTHM","0.000584492686446547","0.00855185861857104","0.477270815362862","-0.645600643936609","-1.77752178225119","34","c(""Sfpq"", ""Ezh2"", ""Rorc"", ""Hnrnpd"", ""Ada"", ""Thrap3"", ""Parp1"", ""Fbxw7"", ""Ddb1"", ""Ptger4"", ""Top2a"", ""Cdk1"", ""Klf10"")"
"55","GOBP_NEGATIVE_REGULATION_OF_CHROMOSOME_ORGANIZATION","0.000754864378600048","0.0102740552924576","0.477270815362862","-0.581719790876123","-1.77300967856631","55","c(""H3f3a"", ""H3f3b"", ""Hnrnpc"", ""Smarca5"", ""Hnrnpu"", ""Bub3"", ""Rad21"", ""Mad1l1"", ""Fbxo5"", ""Parp1"", ""Ccnb1"", ""Baz1b"", ""Terf1"", ""Top2a"", ""Spc24"", ""Cdca8"", ""Spc25"", ""Cdc20"", ""Plk1"", ""Cenpe"", ""Lcmt1"", ""Incenp"", ""Birc5"", ""Aurkb"", ""Mad2l1"", ""Bub1b"", ""Zwint"", ""Xrcc1"", ""Spdl1"", ""Mcm2"", ""Nuf2"", ""Ndc80"", ""Bub1"", ""Cep192"", ""Ttk"", ""Cdk5rap2"", ""Anapc15"", ""Terf2ip"", ""Tinf2"", ""Trip13"", ""Pif1"", ""Rad50"")"
"56","GOBP_POSITIVE_REGULATION_OF_CHROMOSOME_ORGANIZATION","0.000592349404772581","0.0086129810967243","0.477270815362862","-0.59024115726867","-1.77290735847094","51","c(""Sfpq"", ""Hnrnpa2b1"", ""Trim28"", ""Lig4"", ""Smc4"", ""Hnrnpd"", ""Rad21"", ""Tcp1"", ""Cct7"", ""Actl6a"", ""Mad1l1"", ""Mapk1"", ""Ncapd2"", ""Cct2"", ""Smc5"", ""Ruvbl1"", ""Uchl5"", ""Terf1"", ""Cdk1"", ""Cct3"", ""Nsmce2"", ""Ncaph"", ""Cct8"", ""Smc2"", ""Cdk2"", ""Aurkb"")"
"57","GOBP_RHYTHMIC_PROCESS","0.000173962176380602","0.00348073038382042","0.518848077743792","-0.542396149717583","-1.77282544069946","83","c(""Sfpq"", ""Cbx3"", ""Ezh2"", ""Rorc"", ""Dhx9"", ""Hnrnpd"", ""Mat2a"", ""Hnrnpu"", ""Ada"", ""Stat5b"", ""Thrap3"", ""Hdac1"", ""Id3"", ""Runx1"", ""Egr1"", ""Parp1"", ""Stat5a"", ""Hdac2"", ""Fbxw7"", ""Ddb1"", ""Ptger4"", ""Top2a"", ""Cdk1"", ""Klf10"", ""Nfya"", ""Prmt5"", ""Suv39h1"", ""Igf1r"", ""Rock2"")"
"58","GOBP_MITOTIC_SPINDLE_ORGANIZATION","0.000390657227786214","0.00626389431676388","0.49849310876659","-0.578723262846376","-1.77066160639945","59","c(""Stmn1"", ""Smc3"", ""Hnrnpu"", ""Stag2"", ""Tacc2"", ""Ckap5"", ""Mzt1"", ""Smc1a"", ""Ccnb1"", ""Nup62"", ""Nudc"", ""Kif11"", ""Cdca8"", ""Spc25"", ""Aurka"", ""Cdc20"", ""Plk1"", ""Cenpe"", ""Prc1"", ""Incenp"", ""Pcnt"", ""Tubg1"", ""Drg1"", ""Birc5"", ""Tpx2"", ""Aurkb"", ""Sass6"", ""Tacc3"", ""Kif23"", ""Mybl2"", ""Kpnb1"", ""Ccdc61"", ""Kif4"", ""Dlgap5"", ""Poc1a"", ""Nuf2"", ""Ndc80"", ""Kif2a"", ""Nek2"", ""Rcc1"", ""Cep192"", ""Gpsm2"", ""Fam110a"", ""Psrc1"")"
"59","GOBP_NUCLEAR_EXPORT","0.000374121629821056","0.00605479798159011","0.49849310876659","-0.554805489525094","-1.77042029120381","72","c(""Txn1"", ""Ywhae"", ""Srsf3"", ""Camk4"", ""Hnrnpa2b1"", ""Desi1"", ""Anp32b"", ""Dhx9"", ""Ddx39b"", ""Rapgef3"", ""Eif4a3"", ""Ddx19a"", ""Thoc7"", ""Magoh"", ""Alyref"", ""Rbm8a"", ""Eif4e"", ""Ssb"", ""Iws1"", ""Thoc6"", ""Park7"", ""Eny2"", ""Ran"", ""Nup62"", ""Ctdspl2"", ""Egr2"", ""Ptpn14"", ""Ranbp2"", ""Fmr1"", ""Ncbp1"", ""Nxt1"", ""Xpo7"", ""Eif6"", ""Atxn1"", ""Thoc3"", ""Magohb"", ""Hspa9"", ""Cse1l"", ""Pom121"")"
"60","GOBP_PROTEIN_TARGETING_TO_MITOCHONDRION","0.000542647277116322","0.00809132022757522","0.477270815362862","-0.646653566127635","-1.76989060192563","33","c(""Atpif1"", ""Hsp90aa1"", ""Pdcd5"", ""Tomm7"", ""Mtch1"", ""Dnajc15"", ""Tomm40"", ""Timm13"", ""Romo1"", ""Fbxw7"", ""Hspa4"", ""Tomm20"", ""Hspd1"", ""Pam16"", ""Aifm1"", ""Bid"", ""Pmpcb"", ""Tomm70a"", ""Samm50"", ""Dnlz"")"
"61","GOBP_REGULATION_OF_RNA_SPLICING","0.000835677343445248","0.011044134016581","0.477270815362862","-0.579365708608957","-1.76583472817045","55","c(""Srsf3"", ""Hnrnpa2b1"", ""Ncl"", ""Srsf7"", ""Srsf9"", ""Srsf6"", ""Srsf1"", ""Hnrnpll"", ""Rbmxl1"", ""Hnrnpu"", ""Eif4a3"", ""Srsf2"", ""Srsf10"", ""Srrm1"", ""Magoh"", ""Clns1a"", ""Thrap3"", ""Rbm8a"", ""Larp7"", ""Ptbp1"", ""Rbm3"", ""U2af2"", ""Rnps1"", ""Eny2"", ""Sf3b3"", ""Smn1"", ""Prmt5"", ""Fmr1"", ""Sf3b4"", ""Ncbp1"", ""Srsf4"", ""Prpf19"")"
"62","GOBP_CHROMOSOME_CONDENSATION","0.00067709530996081","0.00960654618556519","0.477270815362862","-0.71340259724291","-1.74992595177071","22","c(""H3f3a"", ""H3f3b"", ""Smarca5"", ""Smc4"", ""H1f0"", ""Ncapd2"", ""Smc5"", ""Ccnb1"", ""Baz1b"", ""Nusap1"", ""Top2a"", ""Cdk1"", ""Ncaph"", ""Smc2"", ""Ncapd3"", ""Ncapg2"", ""Ncapg"")"
"63","GOBP_POSITIVE_REGULATION_OF_PROTEIN_LOCALIZATION","2.66826878739515e-05","0.000844110436661086","0.575610261071129","-0.486814114406849","-1.74473252346496","159","c(""Sox4"", ""Ywhae"", ""Camk4"", ""Dynll1"", ""Hnrnpm"", ""Hsp90aa1"", ""Smo"", ""Pdcd5"", ""Anp32b"", ""Trim28"", ""Cd247"", ""Rdx"", ""Rapgef3"", ""Tomm7"", ""Hsp90ab1"", ""Jup"", ""Xbp1"", ""Tcp1"", ""Larp7"", ""Ptbp1"", ""Cct7"", ""Pcm1"", ""Itgb1"", ""Akt1"", ""Mapk1"", ""Hcfc1"", ""Bsg"", ""Serp1"", ""C2cd5"", ""Pak1"", ""Pgrmc1"", ""Cct2"", ""Parp1"", ""Ccdc88a"", ""P2rx7"", ""Tfrc"", ""Park7"", ""Hras"", ""Ppid"", ""Ptp4a3"", ""Ran"", ""Nup62"", ""Ctdspl2"", ""Fbxw7"", ""Ptger4"", ""Glul"", ""Cdk1"", ""Eif4g1"", ""Cct3"", ""Vps35"", ""Bbc3"", ""Cep295"", ""Cct8"", ""Pcnt"", ""Cenpq"", ""Ect2"", ""Acsl3"", 
""Cep250"")"
"64","GOBP_POSITIVE_REGULATION_OF_INTRACELLULAR_TRANSPORT","0.000461874107075969","0.00720831523109896","0.49849310876659","-0.559168267378557","-1.74264341997006","63","c(""Ywhae"", ""Camk4"", ""Anxa2"", ""Hsp90aa1"", ""Smo"", ""Pdcd5"", ""Anp32b"", ""Trim28"", ""Rdx"", ""Dhx9"", ""Nedd4"", ""Rapgef3"", ""Tomm7"", ""Hsp90ab1"", ""Jup"", ""Xbp1"", ""Pcm1"", ""Mapk1"", ""C2cd5"", ""Pak1"", ""Hras"", ""Ran"", ""Ctdspl2"", ""Fbxw7"", ""Cdk1"", ""Bbc3"", ""Pcnt"", ""Ect2"")"
"65","GOBP_PROTEIN_ACETYLATION","0.000738486702512656","0.0101693962975419","0.477270815362862","-0.580226101874562","-1.74207881658927","52","c(""Sox4"", ""Smo"", ""Smarca5"", ""Smarca4"", ""Dek"", ""Naa15"", ""Ddx3x"", ""Xbp1"", ""Morf4l2"", ""Mbd3"", ""Actl6a"", ""Brd8"", ""Nfyb"", ""Smc5"", ""Hdac2"", ""Park7"", ""Ruvbl1"", ""Baz1b"", ""Nfya"", ""Naa50"", ""Ddx21"", ""Cep295"", ""Hat1"", ""Msl3"", ""Naa16"", ""Kif3a"", ""Ruvbl2"", ""Esco2"", ""Taf5l"", ""Myo1c"", ""Sgf29"")"
"66","GOBP_MITOTIC_SISTER_CHROMATID_SEPARATION","0.00181648916821221","0.0188159342601097","0.45505986738723","-0.609947046687706","-1.74166789131018","39","c(""Anapc5"", ""Bub3"", ""Rad21"", ""Mad1l1"", ""Fbxo5"", ""Cdc16"", ""Ccnb1"", ""Spc24"", ""Nsmce2"", ""Cdca8"", ""Spc25"", ""Cdc20"", ""Plk1"", ""Cenpe"", ""Ube2c"", ""Lcmt1"", ""Incenp"", ""Birc5"", ""Aurkb"", ""Mad2l1"", ""Bub1b"", ""Zwint"", ""Spdl1"", ""Nuf2"", ""Ndc80"", ""Ncaph2"", ""Bub1"", ""Cep192"", ""Ttk"", ""Cdk5rap2"", ""Anapc15"")"
"67","GOBP_DNA_METABOLIC_PROCESS","7.26089272646839e-09","9.99867639568382e-07","0.761460801445585","-0.441594292966262","-1.74100687858489","423","c(""Hmgb1"", ""Tcf7"", ""Cd28"", ""Tox"", ""Dntt"", ""Sfpq"", ""Hnrnpab"", ""Hnrnpa2b1"", ""Xrcc6"", ""Ezh2"", ""Gata3"", ""Hsp90aa1"", ""Hmgn1"", ""Hnrnpc"", ""Rag1"", ""Smarca5"", ""Ctcf"", ""Ptprc"", ""Trim28"", ""Lig4"", ""Smc4"", ""Smarcc1"", ""Smarca4"", ""Dhx9"", ""Gtf2h4"", ""Hnrnpd"", ""Dek"", ""Ddx39b"", ""Smc3"", ""Hnrnpu"", ""Rbbp4"", ""Nsmce1"", ""Tcf3"", ""Swi5"", ""Mcm7"", ""Supt16"", ""Banf1"", ""Rad21"", ""Bcl7c"", ""Bcl6"", ""Hmgb2"", ""Tcp1"", ""Alyref"", ""Ube2a"", ""Morf4l2"", ""Rag2"", ""Syncrip"", ""Msh6"", ""Cct7"", ""Asf1a"", ""Ube2n"", ""Id3"", ""Actl6a"", ""Akt1"", ""Nasp"", ""Brd8"", 
""Ccna2"", ""Tdg"", ""Camk2d"", ""Fbxo5"", ""Mapk1"", ""H1f0"", ""Sfr1"", ""Bcl7a"", ""Ddx1"", ""Rrm1"", ""Pds5b"", ""Pds5a"", ""Lef1"", ""Cct2"", ""Smc1a"", ""Gzma"", ""Polr2i"", ""Uhrf1"", ""Parp1"", ""Ccdc88a"", ""Smc5"", ""Usp1"", ""Rfc1"", ""Lig1"", ""Tfrc"", ""Park7"", ""Ruvbl1"", ""Eny2"", ""Hras"", ""Cdkn2d"", ""Dbf4"", ""Ssbp1"", ""Uchl5"", ""Terf1"", ""Fbxw7"", ""Ddb1"", ""Zbtb38"", ""Atf1"", ""Top2a"", ""Pcna"", ""Cdk1"", ""Nucks1"", ""Cct3"", ""Hmga1"", ""Cebpg"", ""E2f8"", ""Exosc3"", ""Sf3b3"", ""Ccne2"", ""Inip"", ""Nfatc1"", ""Nsmce2"", ""Psmc3ip"", ""Clspn"", ""Ptges3"", ""Cacybp"", ""Dnmt1"", 
""Rfc4"", ""Prmt5"", ""Rpa3"", ""Tipin"", ""Hspd1"", ""Pam16"", ""Cct8"", ""Fmr1"", ""Brcc3"", ""Smc2"", ""Lin9"", ""Cdk2"", ""Suv39h1"", ""Smarcb1"", ""Kif22"", ""Tk1"", ""Orc6"", ""Pole3"", ""Rad23b"", ""Igf1r"", ""Cst3"", ""Rbbp8"", ""Prkcd"", ""Aurkb"", ""Rmi2"", ""Dusp1"", ""Prpf19"", ""Aifm1"", ""Ylpm1"", ""Atad5"", ""Wdr18"", ""Cnbp"", ""Rhno1"", ""Rfc3"", ""Sf3b5"", ""Jade1"", ""Nsmce4a"", ""Rgcc"", ""Ehmt2"", ""Msh2"", ""Xrcc1"", ""Dnajc2"", ""Wrn"", ""Gins1"", ""Ruvbl2"", ""Esco2"", ""Topbp1"", ""Prim2"", ""Rif1"", ""Psmd14"", ""Etaa1"", ""Neil3"", ""Rnaseh2b"", ""Rfwd3"", ""Tcf7l2"", ""Rbbp7"", 
""Nudt1"", ""Gmnn"", ""Taf5l"", ""Nfia"", ""Pola1"", ""Mcm2"", ""Aunip"", ""Gtpbp4"", ""Cdc6"", ""Recql"", ""Exo1"", ""Faf1"", ""Ddx11"", ""Usp10"", ""Sgf29"", ""Mcm6"", ""Nek2"", ""Foxm1"", ""Ercc6l2"", ""Rad51ap1"", ""Usp37"", ""Rnf168"", ""Orc2"", ""Dna2"", ""Telo2"", ""Rev1"", ""Cdca5"", ""Gins2"", ""Commd1"", ""Sin3a"", ""Fen1"", ""Chaf1a"", ""Paxip1"", ""Taf5"", ""Fignl1"", ""Pdgfrb"", ""Bmi1"", ""Cdc7"", ""Tdp2"", ""Rad18"", ""Ube2t"", ""Fancm"", ""Terf2ip"", ""Pnp"", ""Blm"", ""Stub1"", ""Tinf2"")"
"68","GOBP_MICROTUBULE_BASED_PROCESS","9.60209066908885e-07","5.76371647598385e-05","0.643551836150722","-0.456892499991824","-1.73831512770969","279","c(""Ap3s1"", ""Gapdh"", ""Sfpq"", ""Dynll1"", ""Lztfl1"", ""Stmn1"", ""Mns1"", ""Tubb5"", ""Ssna1"", ""Ppp1r35"", ""Smc3"", ""Hnrnpu"", ""Tubb2a"", ""Tubb2b"", ""Stag2"", ""Ubb"", ""Pcm1"", ""Tacc2"", ""Itgb1"", ""Ckap5"", ""Tube1"", ""Fbxo5"", ""Slc16a1"", ""Pak1"", ""Mzt1"", ""Hspb11"", ""Smc1a"", ""Ccdc88a"", ""Vdac3"", ""Tuba1a"", ""Ccnb1"", ""Nde1"", ""Ranbp1"", ""Slk"", ""Tubb4b"", ""Lyst"", ""Nup62"", ""Ddb1"", ""Dynll2"", ""Nusap1"", ""Cfap20"", ""Nudc"", ""Cdk1"", ""Haus3"", ""Kif11"", ""Cep70"", ""Ska2"", ""Ift57"", ""Ccnb2"", ""Cdca8"", ""Smn1"", ""Spc25"", ""Azin1"", ""Aurka"", ""Cdc20"", ""Plk1"", 
""Cenpe"", ""Prc1"", ""Cep295"", ""Incenp"", ""Fmr1"", ""Yif1b"", ""Fkbp4"", ""Pcnt"", ""Rab1a"", ""Tubg1"", ""Drg1"", ""Cdk2"", ""Birc5"", ""Srgap2"", ""Cep250"", ""Kif22"", ""Mdm1"", ""Tpx2"", ""Aurkb"", ""Sass6"", ""Mad2l1"", ""Rock2"", ""Ccnf"", ""Dtnbp1"", ""Haus4"", ""Dnaaf2"", ""Odf2"", ""Plk4"", ""Ly6k"", ""Ppp2r3c"", ""Tacc3"", ""Kif15"", ""Kif20a"", ""Kif23"", ""Mybl2"", ""Tuba1b"", ""Sod1"", ""Kif3a"", ""Kpnb1"", ""Rpgr"", ""Spry1"", ""Ckap2"", ""Kif2c"", ""Ccdc61"", ""Kif20b"", ""Cntrob"", ""Kif4"", ""Cenpa"", ""Kifap3"", ""Knstrn"", ""Ska1"", ""Rbm14"", ""Spdl1"", ""Memo1"", ""Alms1"", ""Cep290"", 
""Dlgap5"", ""Cacna1e"", ""Aunip"", ""Map7"", ""Kif18a"", ""Atf5"", ""Poc1a"", ""Trim37"", ""Nuf2"", ""Uxt"", ""Ndc80"", ""Zbed3"", ""Ing2"", ""Fgf13"", ""Kif2a"", ""Nek2"", ""Enkd1"", ""Rcc1"", ""Sord"", ""Cep192"", ""Cep135"", ""Cdk5rap2"", ""Tuba8"", ""Poc1b"", ""Ccp110"", ""Cdc42bpa"", ""Spag5"", ""Gas2l3"", ""Ssx2ip"", ""Slirp"", ""Gpsm2"", ""Mapre2"", ""Fam110a"", ""Dcaf13"", ""Haus2"", ""Cep76"", ""Nubp1"", ""Xpo1"", ""Psrc1"", ""Mid1"", ""Stard7"", ""Ift80"")"
"69","GOBP_REGULATION_OF_INTRACELLULAR_PROTEIN_TRANSPORT","0.000219291205919002","0.00404221033902664","0.518848077743792","-0.538164058320829","-1.73720687238626","79","c(""Txn1"", ""Ywhae"", ""Camk4"", ""Atpif1"", ""Hsp90aa1"", ""Smo"", ""Pdcd5"", ""Anp32b"", ""Trim28"", ""Rapgef3"", ""Tomm7"", ""Hsp90ab1"", ""Jup"", ""Xbp1"", ""Pcm1"", ""Mapk1"", ""C2cd5"", ""Pak1"", ""Park7"", ""Hras"", ""Ran"", ""Nup62"", ""Ctdspl2"", ""Fbxw7"", ""Cdk1"", ""Pkig"", ""Ptpn14"", ""Bbc3"", ""Pcnt"", ""Ect2"", ""Prkcd"", ""Nolc1"", ""Insig1"", ""Kif3a"", ""Atp13a2"", ""Tomm70a"", ""Nup54"", ""Kif20b"", ""Angpt1"", ""Cep290"", ""Akap1"", ""Myo1c"")"
"70","GOBP_REGULATION_OF_MITOTIC_SISTER_CHROMATID_SEGREGATION","0.00115222274463009","0.0137631008528204","0.45505986738723","-0.625466815601467","-1.7321010992667","35","c(""Hnrnpu"", ""Bub3"", ""Rad21"", ""Mad1l1"", ""Fbxo5"", ""Ccnb1"", ""Cdk1"", ""Spc24"", ""Cdca8"", ""Spc25"", ""Cdc20"", ""Plk1"", ""Cenpe"", ""Lcmt1"", ""Incenp"", ""Birc5"", ""Aurkb"", ""Mad2l1"", ""Bub1b"", ""Zwint"", ""Spdl1"", ""Nuf2"", ""Ndc80"", ""Bub1"", ""Cep192"", ""Ttk"", ""Cdk5rap2"", ""Anapc15"")"
"71","GOBP_ORGANELLE_FISSION","1.53814356521872e-05","0.000545616558370259","0.575610261071129","-0.471992108549477","-1.72959642207326","201","c(""Cd28"", ""Ube2s"", ""Anapc5"", ""Smarca5"", ""Smc4"", ""Smc3"", ""Hnrnpu"", ""Bub3"", ""Stag2"", ""Banf1"", ""Ubb"", ""Rad21"", ""Mad1l1"", ""Bcl2l11"", ""Cks2"", ""Fbxo5"", ""Psmd13"", ""Ncapd2"", ""Tdrkh"", ""Mzt1"", ""Smc1a"", ""Cdc16"", ""Mki67"", ""Ccnb1"", ""Nde1"", ""Baz1b"", ""Ranbp1"", ""Ran"", ""Nup62"", ""Terf1"", ""Ddb1"", ""Phb2"", ""Nusap1"", ""Top2a"", ""Nudc"", ""Cdk1"", ""Kif11"", ""Reep3"", ""Reep4"", ""Pebp1"", ""Vps35"", ""Ccne2"", ""Ccnb2"", ""Spc24"", ""Nsmce2"", ""Psmc3ip"", ""Cdca8"", ""Ncaph"", ""Spc25"", ""Aurka"", ""Cdc20"", ""Plk1"", ""Cenpe"", ""Ube2c"", ""Lcmt1"", ""Prc1"", 
""Incenp"", ""Smc2"", ""Tubg1"", ""Drg1"", ""Ncapd3"", ""Birc5"", ""Kif22"", ""Syce2"", ""Igf1r"", ""Tpx2"", ""Aurkb"", ""Mad2l1"", ""Cdkn1c"", ""Bub1b"", ""Zwint"", ""Ncapg2"", ""Seh1l"", ""Kif23"", ""Mybl2"", ""Ncapg"", ""Rgcc"", ""Kpnb1"", ""Ehmt2"", ""Kif2c"", ""Ccdc61"", ""Topbp1"", ""Cenpc1"", ""Knstrn"", ""Spdl1"", ""Nfia"", ""Kif18a"", ""Nuf2"", ""Ndc80"", ""Ing2"", ""Kif2a"", ""Nek2"", ""Rad51ap1"", ""Ncaph2"", ""Rcc1"", ""Cdca5"", ""Bub1"", ""Cenpk"", ""Cep192"", ""Ttk"", ""Cdk5rap2"", ""Fignl1"", ""Pdgfrb"", ""Anapc15"", ""Spag5"", ""Fancm"", ""Dcaf13"", ""Nsl1"", ""Suv39h2"", ""Psrc1"", ""Nme6"", 
""Fzr1"", ""Trip13"")"
"72","GOBP_REGULATION_OF_DNA_METABOLIC_PROCESS","7.19192826289762e-06","0.000300648286847202","0.610526878385931","-0.470240398563742","-1.72623404308918","209","c(""Hmgb1"", ""Cd28"", ""Tox"", ""Hnrnpab"", ""Hnrnpa2b1"", ""Gata3"", ""Hsp90aa1"", ""Hnrnpc"", ""Smarca5"", ""Ptprc"", ""Trim28"", ""Smarcc1"", ""Smarca4"", ""Dhx9"", ""Hnrnpd"", ""Dek"", ""Ddx39b"", ""Smc3"", ""Hnrnpu"", ""Bcl7c"", ""Bcl6"", ""Tcp1"", ""Alyref"", ""Morf4l2"", ""Syncrip"", ""Msh6"", ""Cct7"", ""Ube2n"", ""Id3"", ""Actl6a"", ""Akt1"", ""Brd8"", ""Ccna2"", ""Camk2d"", ""Fbxo5"", ""Mapk1"", ""H1f0"", ""Bcl7a"", ""Pds5a"", ""Cct2"", ""Gzma"", ""Parp1"", ""Ccdc88a"", ""Usp1"", ""Tfrc"", ""Ruvbl1"", ""Eny2"", ""Hras"", ""Dbf4"", ""Ssbp1"", ""Uchl5"", ""Terf1"", ""Zbtb38"", ""Atf1"", ""Pcna"", 
""Cdk1"", ""Nucks1"", ""Cct3"", ""Cebpg"", ""E2f8"", ""Exosc3"", ""Sf3b3"", ""Nfatc1"", ""Ptges3"", ""Cacybp"", ""Rfc4"", ""Prmt5"", ""Tipin"", ""Cct8"", ""Brcc3"", ""Cdk2"", ""Suv39h1"", ""Smarcb1"", ""Pole3"", ""Igf1r"", ""Cst3"", ""Prkcd"", ""Aurkb"", ""Rmi2"", ""Dusp1"", ""Aifm1"", ""Ylpm1"", ""Atad5"", ""Rfc3"", ""Sf3b5"", ""Jade1"", ""Rgcc"", ""Ehmt2"", ""Msh2"", ""Xrcc1"", ""Dnajc2"", ""Wrn"", ""Ruvbl2"", ""Esco2"", ""Prim2"", ""Rif1"")"
"73","GOBP_DNA_MODIFICATION","0.00291374279734209","0.0258172078796625","0.431707695803346","-0.633973950719781","-1.72373966330956","32","c(""Tox"", ""Dntt"", ""Hnrnpab"", ""Ezh2"", ""Gata3"", ""Smarca5"", ""Ctcf"", ""Trim28"", ""Smarca4"", ""Syncrip"", ""Parp1"", ""Exosc3"", ""Dnmt1"", ""Prmt5"")"
"74","GOBP_POSITIVE_REGULATION_OF_CHROMOSOME_SEPARATION","0.00110621385031326","0.0134877428311632","0.45505986738723","-0.702338033943686","-1.72278536308046","22","c(""Anapc5"", ""Smc4"", ""Mad1l1"", ""Ncapd2"", ""Cdc16"", ""Nsmce2"", ""Cdca8"", ""Ncaph"", ""Cdc20"", ""Cenpe"", ""Ube2c"", ""Incenp"", ""Smc2"", ""Ncapd3"", ""Birc5"", ""Aurkb"", ""Ncapg2"", ""Ncapg"")"
"75","GOBP_EPITHELIAL_CELL_DIFFERENTIATION_INVOLVED_IN_KIDNEY_DEVELOPMENT","0.00122396300586327","0.0143264869836296","0.45505986738723","-0.737262215954483","-1.7186370524728","16","c(""Cd24a"", ""Gata3"", ""Smo"", ""Basp1"")"
"76","GOBP_REGULATION_OF_DNA_REPLICATION","0.00101032476422885","0.0127847041787013","0.45505986738723","-0.561344207994712","-1.71748865283612","59","c(""Smarca5"", ""Dhx9"", ""Smc3"", ""Id3"", ""Actl6a"", ""Ccna2"", ""Fbxo5"", ""Pds5a"", ""Ccdc88a"", ""Ruvbl1"", ""Hras"", ""Dbf4"", ""Ssbp1"", ""Uchl5"", ""Terf1"", ""Zbtb38"", ""Atf1"", ""Pcna"", ""Cdk1"", ""Nucks1"", ""E2f8"", ""Cacybp"", ""Rfc4"", ""Tipin"", ""Cdk2"", ""Pole3"", ""Cst3"", ""Atad5"", ""Rfc3"", ""Jade1"", ""Ehmt2"", ""Ruvbl2"", ""Esco2"", ""Gmnn"", ""Gtpbp4"", ""Faf1"", ""Usp37"", ""Dna2"")"
"77","GOBP_RIBOSE_PHOSPHATE_BIOSYNTHETIC_PROCESS","0.000371263871773437","0.00605479798159011","0.49849310876659","-0.51283752299125","-1.71625780218279","96","c(""Atp5b"", ""Atp5h"", ""Atp5g3"", ""Vdac1"", ""Atp5k"", ""Atp5j2"", ""Ndufs6"", ""Ada"", ""Ndufb7"", ""Prps2"", ""Atp5a1"", ""Ndufc2"", ""Atp5j"", ""Ndufb8"", ""Ndufb6"", ""Atp5o"", ""Ndufa5"", ""Atp5c1"", ""Uck2"", ""Ndufc1"", ""Parp1"", ""Mpc1"", ""Ndufs8"", ""Ndufb9"", ""Ndufab1"", ""Dld"", ""mt-Nd1"", ""Sdhb"", ""Atp5d"", ""Ndufa12"", ""Ndufv2"", ""Cmpk1"", ""Ndufb10"", ""Adssl1"", ""Ndufb2"", ""Acot7"", ""Adss"", ""Aldoa"", ""Paics"", ""Gmps"", ""Acly"", ""Dlat"", ""Dcakd"", ""Pdk3"", ""Ndufs1"", ""Sdhc"", ""Sdhd"", ""Nme1"")"
"78","GOBP_CELL_DIVISION","1.40127267882502e-05","0.000528542536271106","0.593325476396405","-0.458161385744914","-1.71366410459305","241","c(""Calm2"", ""Myb"", ""Stmn1"", ""Ube2s"", ""Ybx1"", ""Calm3"", ""Anapc5"", ""Prpf40a"", ""Lig4"", ""Smc4"", ""Ssna1"", ""Rcc2"", ""Pin1"", ""Smc3"", ""Hnrnpu"", ""Bub3"", ""Stag2"", ""Rad21"", ""Arpp19"", ""Ckap5"", ""Mad1l1"", ""Ccna2"", ""Cks2"", ""Fbxo5"", ""Cdk6"", ""Pds5b"", ""Lef1"", ""Ncapd2"", ""Smc1a"", ""Cdc16"", ""Smc5"", ""Lig1"", ""Ccnb1"", ""Cdk4"", ""Ruvbl1"", ""Nde1"", ""Ran"", ""Nup62"", ""Terf1"", ""Exoc4"", ""Nusap1"", ""Top2a"", ""Nudc"", ""Cdk1"", ""Cdc25a"", ""Haus3"", ""Kif11"", ""Reep3"", ""Reep4"", ""E2f8"", ""Ska2"", ""Ccne2"", ""Ccnb2"", ""Cdca3"", ""Spc24"", ""Nsmce2"", ""Etv5"", 
""Cdca8"", ""Ncaph"", ""Spc25"", ""Dstn"", ""Aurka"", ""Cdc20"", ""Plk1"", ""Cenpe"", ""Ube2c"", ""Tipin"", ""Prc1"", ""Notch1"", ""Incenp"", ""Brcc3"", ""Smc2"", ""Cdc123"", ""Ect2"", ""Ncapd3"", ""Cdk2"", ""Birc5"", ""Syce2"", ""Igf1r"", ""Wdr5"", ""Tpx2"", ""Rbbp8"", ""Aurkb"", ""Tial1"", ""Lrrcc1"", ""Mad2l1"", ""Rock2"", ""Ccnf"", ""Haus4"", ""Vegfb"", ""Bub1b"", ""Zwint"", ""Ncapg2"", ""Seh1l"", ""Tacc3"", ""Kif20a"", ""Kif23"", ""Cks1b"", ""Ckap2"", ""Cdc27"", ""Kif2c"", ""Anapc13"", ""Epb41l2"", ""Kif20b"", ""Cenpc1"", ""Cntrob"", ""Cenpa"", ""Mis18bp1"", ""Knstrn"", ""Ska1"", ""Spdl1"", ""Cdc6"", 
""Nuf2"", ""Anln"", ""Ndc80"", ""Ing2"", ""Fgf13"", ""Sgf29"", ""Kif2a"", ""Nek2"", ""Anapc1"", ""Usp37"", ""Ercc6l"", ""Rcc1"", ""Ccdc124"", ""Cdca5"", ""Bub1"", ""Usp39"", ""Anapc15"", ""Ccp110"", ""Bmi1"", ""Cdc7"", ""Cenpv"", ""Spag5"", ""Cetn3"", ""Gpsm2"", ""Mapre2"", ""Blm"", ""Haus2"", ""Nsl1"", ""Cdc25c"", ""Psrc1"")"
"79","GOBP_POSITIVE_REGULATION_OF_DNA_BINDING","0.00160163920408358","0.0171207186153409","0.45505986738723","-0.707777370471912","-1.7093192768467","20","c(""Hmgb1"", ""Txn1"", ""Gata3"", ""Trim28"", ""Smarca4"", ""Hmgb2"", ""H1f0"", ""Parp1"", ""Park7"")"
"80","GOBP_REGULATION_OF_NUCLEOCYTOPLASMIC_TRANSPORT","0.00123384410136971","0.0143702937378432","0.45505986738723","-0.563220878578119","-1.70657356430769","54","c(""Txn1"", ""Ywhae"", ""Camk4"", ""Hsp90aa1"", ""Smo"", ""Anp32b"", ""Trim28"", ""Dhx9"", ""Nedd4"", ""Rapgef3"", ""Hsp90ab1"", ""Jup"", ""Xbp1"", ""Mapk1"", ""Iws1"", ""Park7"", ""Ran"", ""Nup62"", ""Ctdspl2"", ""Cdk1"", ""Pkig"", ""Ptpn14"")"
"81","GOBP_CYTOKINESIS","0.00236030087718021","0.022577807998442","0.431707695803346","-0.573333829197696","-1.70625224924261","49","c(""Calm2"", ""Stmn1"", ""Calm3"", ""Prpf40a"", ""Pin1"", ""Nup62"", ""Exoc4"", ""Nusap1"", ""E2f8"", ""Cdca8"", ""Dstn"", ""Aurka"", ""Plk1"", ""Prc1"", ""Incenp"", ""Ect2"", ""Birc5"", ""Igf1r"", ""Aurkb"", ""Rock2"", ""Kif20a"", ""Kif23"", ""Ckap2"", ""Kif20b"", ""Cntrob"", ""Cenpa"", ""Cdc6"", ""Anln"")"
"82","GOBP_DNA_TEMPLATED_TRANSCRIPTION_ELONGATION","0.00108004972452864","0.0133777587572568","0.45505986738723","-0.657028553565388","-1.70537468317814","28","c(""Ezh2"", ""Ikzf1"", ""Ddx39b"", ""Hnrnpu"", ""Supt16"", ""Alyref"", ""Leo1"", ""Polr2i"", ""Med7"", ""Iws1"", ""Med14"", ""Parp1"", ""Elof1"", ""Med19"", ""Ncbp1"", ""Med30"", ""Gtf2f2"", ""Nelfa"", ""Wdr43"", ""Zc3h4"", ""Gtf2f1"", ""Med29"", ""Rnf168"")"
"83","GOBP_DENDRITIC_SPINE_DEVELOPMENT","0.00310394004101934","0.0269123097630603","0.431707695803346","-0.603755834375975","-1.70419528066499","37","c(""Marcks"", ""Caprin1"", ""Nck2"", ""Nr3c1"", ""Bhlhb9"", ""Pak1"", ""Palm"", ""Llph"", ""Hdac2"", ""Baiap2"", ""Abi2"", ""Fmr1"", ""Srgap2"", ""Dtnbp1"", ""Tiam1"", ""Eef2k"")"
"84","GOBP_NUCLEOTIDE_EXCISION_REPAIR","0.00119689297557729","0.0141511437162952","0.45505986738723","-0.682861832813487","-1.70377485376257","24","c(""Hmgb1"", ""Hmgn1"", ""Lig4"", ""Smarcc1"", ""Smarca4"", ""Gtf2h4"", ""Bcl7c"", ""Actl6a"", ""Bcl7a"", ""Polr2i"", ""Rpa3"", ""Smarcb1"", ""Rad23b"")"
"85","GOBP_POSITIVE_REGULATION_OF_CELL_CYCLE_PROCESS","0.000173641804048409","0.00348073038382042","0.518848077743792","-0.489677060467581","-1.7010910534036","124","c(""Cd28"", ""Sfpq"", ""Ezh2"", ""Lmnb1"", ""Anapc5"", ""Anp32b"", ""Smc4"", ""Rdx"", ""Rcc2"", ""Ppp1r35"", ""Ddx39b"", ""Hnrnpu"", ""Ddx3x"", ""Rad21"", ""Rrm2"", ""Larp7"", ""Akt1"", ""Mad1l1"", ""Camk2d"", ""Fbxo5"", ""Rrm1"", ""Lef1"", ""Ncapd2"", ""Cdc16"", ""Smc5"", ""Ccnb1"", ""Cdk4"", ""Dbf4"", ""Ranbp1"", ""Nup62"", ""Phb2"", ""Nusap1"", ""Cdk1"", ""Eif4g1"", ""Cdc25a"", ""E2f8"", ""Pebp1"", ""Nsmce2"", ""Cdca8"", ""Ncaph"", ""Azin1"", ""Aurka"", ""Cdc20"", ""Cenpe"", ""Ube2c"", ""Cep295"", ""Incenp"", ""Smc2"", ""Ect2"", ""Ncapd3"", ""Birc5"", ""Igf1r"", ""Aurkb"", ""Sass6"", ""Mad2l1"", ""Rock2"", 
""Plk4"", ""Ncapg2"", ""Atad5"", ""Rhno1"", ""Kif23"")"
"86","GOBP_POSITIVE_REGULATION_OF_WOUND_HEALING","0.00147372149545422","0.0161970986894757","0.45505986738723","-0.679019279921027","-1.69418748970467","24","c(""Hmgb1"", ""Prdx2"", ""Cxcr4"", ""Xbp1"", ""Itgb1"", ""Hras"", ""Ptger4"", ""Rreb1"", ""Vegfb"")"
"87","GOBP_REGULATION_OF_ESTABLISHMENT_OF_PROTEIN_LOCALIZATION","4.1153106969731e-05","0.00113340498136636","0.557332238758646","-0.465910911747192","-1.69158263680169","185","c(""Sox4"", ""Txn1"", ""Ywhae"", ""Camk4"", ""Dynll1"", ""Atpif1"", ""Hnrnpm"", ""Hsp90aa1"", ""Smo"", ""Pdcd5"", ""Anp32b"", ""Trim28"", ""Rapgef3"", ""Tomm7"", ""Hsp90ab1"", ""Jup"", ""Xbp1"", ""Tcp1"", ""Ptbp1"", ""Cct7"", ""Pcm1"", ""Idh2"", ""Mapk1"", ""Slc16a1"", ""Hcfc1"", ""Bsg"", ""Serp1"", ""C2cd5"", ""Pak1"", ""Cct2"", ""Slc7a11"", ""Hmgcr"", ""P2rx7"", ""Park7"", ""Ndufaf2"", ""Eny2"", ""Hras"", ""Ppid"", ""Hmgn3"", ""Ptp4a3"", ""Ran"", ""Nup62"", ""Terf1"", ""Ctdspl2"", ""Fbxw7"", ""Ptger4"", ""Exoc4"", ""Glul"", ""Cdk1"", ""Cct3"", ""Pkig"", ""Vps35"", ""Ptpn14"", ""Bbc3"", ""Cep295"", ""Cct8"", 
""Pcnt"", ""Ect2"", ""Birc5"", ""Acsl3"", ""Ahi1"", ""Prkcd"")"
"88","GOBP_DNA_TEMPLATED_TRANSCRIPTION_INITIATION","0.00430872521349936","0.0344256850675837","0.407017918923954","-0.592389895487372","-1.69153447944344","39","c(""Hmgb1"", ""Maz"", ""Smarca5"", ""Psmc6"", ""Ikzf1"", ""Gtf2a2"", ""Nfkbia"", ""Bclaf1"", ""Gtf2e2"", ""Ccnh"", ""Polr2i"", ""Med7"", ""Med14"", ""Polr2d"", ""Taf1"", ""Morc1"", ""Med19"", ""Med30"", ""Taf3"", ""Gtf2f2"")"
"89","GOBP_NEGATIVE_REGULATION_OF_MRNA_PROCESSING","0.00308162872930423","0.0268181890531643","0.431707695803346","-0.738233201797685","-1.6899248376308","15","c(""Hnrnpa2b1"", ""Srsf7"", ""Srsf9"", ""Srsf6"", ""Srsf10"", ""Ptbp1"", ""U2af2"", ""Rnps1"")"
"90","GOBP_TRANSPORT_ALONG_MICROTUBULE","0.0012524186453155","0.0145144160825921","0.45505986738723","-0.590693867386326","-1.68846359815618","41","c(""Ap3s1"", ""Sfpq"", ""Dynll1"", ""Ssna1"", ""Hnrnpu"", ""Ubb"", ""Pcm1"", ""Hspb11"", ""Tuba1a"", ""Nde1"", ""Ift57"", ""Fmr1"", ""Rab1a"", ""Dtnbp1"", ""Sod1"", ""Kif3a"", ""Rpgr"")"
"91","GOBP_REGULATION_OF_MITOTIC_NUCLEAR_DIVISION","0.00153639766017165","0.0166514209373233","0.45505986738723","-0.542289238823022","-1.68760196011039","65","c(""Cd28"", ""Anapc5"", ""Bub3"", ""Rad21"", ""Mad1l1"", ""Fbxo5"", ""Cdc16"", ""Mki67"", ""Ccnb1"", ""Nup62"", ""Nusap1"", ""Pebp1"", ""Spc24"", ""Nsmce2"", ""Cdca8"", ""Spc25"", ""Cdc20"", ""Plk1"", ""Cenpe"", ""Ube2c"", ""Lcmt1"", ""Incenp"", ""Tubg1"", ""Birc5"", ""Igf1r"", ""Aurkb"", ""Mad2l1"", ""Bub1b"", ""Zwint"", ""Rgcc"", ""Spdl1"", ""Nuf2"", ""Ndc80"", ""Rcc1"", ""Bub1"", ""Cep192"", ""Ttk"", ""Cdk5rap2"", ""Pdgfrb"", ""Anapc15"")"
"92","GOBP_SPLICEOSOMAL_COMPLEX_ASSEMBLY","0.00245793804973468","0.0232956800584166","0.431707695803346","-0.697620826415006","-1.68479069304776","20","c(""Srsf6"", ""Srsf1"", ""Ddx39b"", ""Srsf10"", ""Scaf11"", ""Snrpc"", ""Sf3a3"", ""Psip1"", ""Luc7l"", ""Sf3a1"", ""Sf3a2"", ""Ncbp1"", ""Prpf19"")"
"93","GOBP_POSITIVE_REGULATION_OF_DNA_METABOLIC_PROCESS","0.00027427145133715","0.00486416263318386","0.49849310876659","-0.478740607438436","-1.6838706017024","137","c(""Hmgb1"", ""Cd28"", ""Tox"", ""Hnrnpab"", ""Hnrnpa2b1"", ""Hsp90aa1"", ""Smarca5"", ""Ptprc"", ""Trim28"", ""Smarcc1"", ""Smarca4"", ""Dhx9"", ""Hnrnpd"", ""Ddx39b"", ""Bcl7c"", ""Tcp1"", ""Morf4l2"", ""Syncrip"", ""Cct7"", ""Ube2n"", ""Actl6a"", ""Akt1"", ""Brd8"", ""Ccna2"", ""Camk2d"", ""Mapk1"", ""Bcl7a"", ""Cct2"", ""Parp1"", ""Tfrc"", ""Ruvbl1"", ""Hras"", ""Dbf4"", ""Ssbp1"", ""Uchl5"", ""Terf1"", ""Atf1"", ""Pcna"", ""Cdk1"", ""Cct3"", ""Cebpg"", ""E2f8"", ""Exosc3"", ""Nfatc1"", ""Ptges3"", ""Cacybp"", ""Rfc4"", ""Cct8"", ""Brcc3"", ""Cdk2"", ""Smarcb1"", ""Igf1r"", ""Cst3"", ""Prkcd"", ""Aurkb""
)"
"94","GOBP_PROTEIN_DNA_COMPLEX_ASSEMBLY","0.00141491988368259","0.0158484566875643","0.45505986738723","-0.535647005383027","-1.68086554959584","66","c(""Hmgb1"", ""H3f3b"", ""Anp32b"", ""Smarca5"", ""Smarca4"", ""Psmc6"", ""Ikzf1"", ""Gtf2a2"", ""Rbbp4"", ""Hjurp"", ""Supt16"", ""Asf1a"", ""Nap1l1"", ""Tcf4"", ""Nasp"", ""H1f0"", ""Med7"", ""Med14"", ""Terf1"", ""Taf1"", ""Padi4"", ""Cenpe"", ""Med19"", ""Set"", ""Pole3"", ""Hat1"", ""Med30"", ""Taf3"", ""Gtf2f2"", ""Asf1b"", ""Cenpp"", ""Cenpc1"", ""Cenpa"", ""Dlgap5"", ""Mcm2"", ""Med29"", ""Cenpk"", ""Chaf1a"", ""Taf5"", ""Cenpo"", ""Cenpv"")"
"95","GOBP_MITOTIC_CELL_CYCLE","4.01582750476317e-07","3.13368406288353e-05","0.674962860011025","-0.431103037101142","-1.68000475843727","379","c(""Hmgb1"", ""Cd28"", ""Ywhae"", ""Calm2"", ""Myb"", ""Stmn1"", ""Ube2s"", ""Ezh2"", ""Calm3"", ""Tubb5"", ""Lmnb1"", ""Anapc5"", ""Anp32b"", ""Smarca5"", ""Smc4"", ""Smarcc1"", ""Rdx"", ""Smarca4"", ""Rcc2"", ""Smc3"", ""Hnrnpu"", ""Tubb2a"", ""Bub3"", ""Tcf3"", ""Tubb2b"", ""Ddx3x"", ""Stag2"", ""Banf1"", ""Rad21"", ""Bcl7c"", ""Stat5b"", ""Rrm2"", ""Ube2a"", ""Arpp19"", ""Rps27l"", ""Larp7"", ""Eif4e"", ""Tacc2"", ""Itgb1"", ""Ckap5"", ""Actl6a"", ""Akt1"", ""Nasp"", ""Mad1l1"", ""Ccna2"", ""Tube1"", ""Cks2"", ""E2f4"", ""Camk2d"", ""Fbxo5"", ""Bcl7a"", ""Cdk6"", ""Rrm1"", ""Ccnh"", ""Ncapd2"", ""Mzt1"", 
""Smc1a"", ""Cdc16"", ""Tuba1a"", ""Smc5"", ""Stat5a"", ""Mki67"", ""Lig1"", ""Ccnb1"", ""Cdk4"", ""Nde1"", ""Baz1b"", ""Cdkn2d"", ""Dbf4"", ""Ranbp1"", ""Ran"", ""Tubb4b"", ""Nup62"", ""Ddb1"", ""Exoc4"", ""Phb2"", ""Nusap1"", ""Cdkn2c"", ""Pcna"", ""Nudc"", ""Cdk1"", ""Eif4g1"", ""Cdc25a"", ""Kif11"", ""Reep3"", ""Reep4"", ""E2f8"", ""Pebp1"", ""Ska2"", ""Ccne2"", ""Ccnb2"", ""Inip"", ""Spc24"", ""Nfatc1"", ""Nsmce2"", ""Cdca8"", ""Ncaph"", ""Spc25"", ""Naa50"", ""Clspn"", ""Aurka"", ""Cdc20"", ""Plk1"", ""Cenpe"", ""Ube2c"", ""Rpa3"", ""Tipin"", ""Lcmt1"", ""Prc1"", ""Incenp"", ""Brcc3"", ""Smc2"", ""Pcnt"", 
""Zfp36l1"", ""Tubg1"", ""Ect2"", ""Drg1"", ""Ncapd3"", ""Cdk2"", ""Birc5"", ""Smarcb1"", ""Cep250"", ""Kif22"", ""Tk1"", ""Igf1r"", ""Tpx2"", ""Rbbp8"", ""Aurkb"", ""Sass6"", ""Mad2l1"", ""Rock2"", ""Ccnf"", ""Cenpf"", ""Cdkn1c"", ""Bub1b"", ""Zwint"", ""Ncapg2"", ""Atad5"", ""Hacd1"", ""Hecw2"", ""Seh1l"", ""Tacc3"", ""Kif20a"", ""Kif23"", ""Psme3"", ""Bid"", ""Mybl2"", ""Jade1"", ""Tuba1b"", ""Cks1b"", ""Ncapg"", ""Rgcc"", ""Kpnb1"", ""Skp2"", ""Spry1"", ""Ckap2"", ""Cdc27"", ""Msh2"", ""Camk2a"", ""Kif2c"", ""Ccdc61"", ""Gins1"", ""Topbp1"", ""Kif20b"", ""Cenpc1"", ""Cntrob"", ""Kif4"", ""Rnaseh2b"", 
""Cenpa"", ""Rfwd3"", ""Knstrn"", ""Ska1"", ""Spdl1"", ""Dlgap5"", ""Nfia"", ""Pola1"", ""Mcm2"", ""Kif18a"", ""Cdc6"", ""Poc1a"", ""Ctdspl"", ""Nuf2"", ""Anln"", ""Ndc80"", ""Kif2a"", ""Mcm6"", ""Nek2"", ""Hes1"", ""Foxm1"", ""Anapc1"", ""Usp37"", ""Ncaph2"", ""Enkd1"", ""Rcc1"", ""Dna2"", ""Cdca5"", ""Bub1"", ""Cenpk"", ""Sin3a"", ""Cep192"", ""Ttk"", ""Cdk5rap2"", ""Tuba8"", ""Ythdc2"", ""Pdgfrb"", ""Anapc15"", ""Cdc7"", ""Spag5"", ""Npat"", ""Rbl1"", ""Miip"", ""Gpsm2"", ""Fam110a"", ""Blm"")"
"96","GOBP_POSITIVE_REGULATION_OF_RNA_SPLICING","0.00290194697629978","0.0258172078796625","0.431707695803346","-0.695049650721782","-1.67858116960162","20","c(""Ncl"", ""Srsf1"", ""Hnrnpll"", ""Rbmxl1"", ""Eif4a3"", ""Clns1a"", ""Thrap3"", ""Rbm3"", ""U2af2"", ""Smn1"", ""Prmt5"", ""Sf3b4"", ""Ncbp1"", ""Prpf19"", ""Dazap1"")"
"97","GOBP_THYMUS_DEVELOPMENT","0.00257841062285329","0.0243389486616918","0.431707695803346","-0.667426385067928","-1.67806044618443","25","c(""Prdx2"", ""Myb"", ""Lmo4"", ""Gata3"", ""Rag1"", ""Ikzf1"", ""Nfatc3"", ""Mad1l1"", ""Bcl2l11"", ""Mapk1"", ""Raf1"", ""Ccnb2"", ""Cited2"")"
"98","GOBP_NEGATIVE_REGULATION_OF_MRNA_CATABOLIC_PROCESS","0.0026256316849483","0.0244685655093456","0.431707695803346","-0.685899015784705","-1.67663351428479","21","c(""Hnrnpab"", ""Ybx1"", ""Hnrnpc"", ""Srsf1"", ""Dhx9"", ""Hnrnpd"", ""Hnrnpu"", ""Thrap3"", ""Ptbp1"", ""Syncrip"")"
"99","GOBP_CIRCADIAN_RHYTHM","0.00192993784705289","0.0195655999223435","0.45505986738723","-0.538406844403338","-1.67602449891248","64","c(""Sfpq"", ""Ezh2"", ""Rorc"", ""Dhx9"", ""Hnrnpd"", ""Mat2a"", ""Hnrnpu"", ""Ada"", ""Thrap3"", ""Hdac1"", ""Id3"", ""Egr1"", ""Parp1"", ""Hdac2"", ""Fbxw7"", ""Ddb1"", ""Ptger4"", ""Top2a"", ""Cdk1"", ""Klf10"")"
"100","GOBP_NUCLEAR_TRANSCRIBED_MRNA_CATABOLIC_PROCESS_DEADENYLATION_DEPENDENT_DECAY","0.00218000863550082","0.0210884306434191","0.431707695803346","-0.71016802570025","-1.67426496269576","18","c(""Ybx1"", ""Caprin1"", ""Dhx9"", ""Hnrnpd"", ""Hnrnpu"", ""Syncrip"", ""Exosc3"", ""Zfp36l1"")"
"101","GOBP_NEURON_APOPTOTIC_PROCESS","0.000461137257114099","0.00720831523109896","0.49849310876659","-0.477173519856213","-1.67362207031291","132","c(""Gapdh"", ""Prdx2"", ""Myb"", ""Gata3"", ""Kras"", ""Smo"", ""Rapsn"", ""Lig4"", ""Pin1"", ""Ppt1"", ""Ube2m"", ""Hsp90ab1"", ""Ubb"", ""Nr3c1"", ""Rad21"", ""Egln3"", ""Ptprf"", ""Bhlhb9"", ""Hdgf"", ""Bcl2l11"", ""Chl1"", ""Kdm2b"", ""Egr1"", ""Parp1"", ""Tuba1a"", ""Park7"", ""Hras"", ""Fbxw7"", ""Hspa4"", ""Bbc3"", ""Ptges3"", ""Aars"", ""Hspd1"", ""Fmr1"", ""Prodh"", ""Set"", ""Birc5"", ""Bag1"", ""Nrp1"", ""Vegfb"", ""Aifm1"", ""Mybl2"", ""Cdc34"", ""Sod1"")"
"102","GOBP_REGULATION_OF_MYOBLAST_DIFFERENTIATION","0.00328283907581603","0.0282526680075771","0.431707695803346","-0.690842843672292","-1.66842151109365","20","c(""Sox4"", ""Smarcc1"", ""Smarca4"", ""Id3"", ""Actl6a"", ""Capn3"", ""Notch1"", ""Zfp36l1"", ""Smarcb1"")"
"103","GOBP_MITOTIC_CELL_CYCLE_PROCESS","2.38693876752706e-06","0.000121474427277845","0.627256739718528","-0.430359480957893","-1.66834346765324","332","c(""Cd28"", ""Calm2"", ""Myb"", ""Stmn1"", ""Ube2s"", ""Ezh2"", ""Calm3"", ""Lmnb1"", ""Anapc5"", ""Anp32b"", ""Smarca5"", ""Smc4"", ""Smarcc1"", ""Rdx"", ""Smarca4"", ""Rcc2"", ""Smc3"", ""Hnrnpu"", ""Bub3"", ""Tcf3"", ""Ddx3x"", ""Stag2"", ""Banf1"", ""Rad21"", ""Bcl7c"", ""Rrm2"", ""Ube2a"", ""Arpp19"", ""Rps27l"", ""Larp7"", ""Eif4e"", ""Tacc2"", ""Itgb1"", ""Ckap5"", ""Actl6a"", ""Akt1"", ""Nasp"", ""Mad1l1"", ""Ccna2"", ""Cks2"", ""E2f4"", ""Camk2d"", ""Fbxo5"", ""Bcl7a"", ""Cdk6"", ""Rrm1"", ""Ccnh"", ""Ncapd2"", ""Mzt1"", ""Smc1a"", ""Cdc16"", ""Smc5"", ""Mki67"", ""Lig1"", ""Ccnb1"", ""Cdk4"", ""Nde1"", 
""Baz1b"", ""Cdkn2d"", ""Dbf4"", ""Ranbp1"", ""Ran"", ""Nup62"", ""Ddb1"", ""Exoc4"", ""Phb2"", ""Nusap1"", ""Cdkn2c"", ""Pcna"", ""Nudc"", ""Cdk1"", ""Eif4g1"", ""Cdc25a"", ""Kif11"", ""Reep3"", ""Reep4"", ""Pebp1"", ""Ccne2"", ""Ccnb2"", ""Inip"", ""Spc24"", ""Nfatc1"", ""Nsmce2"", ""Cdca8"", ""Ncaph"", ""Spc25"", ""Naa50"", ""Clspn"", ""Aurka"", ""Cdc20"", ""Plk1"", ""Cenpe"", ""Ube2c"", ""Tipin"", ""Lcmt1"", ""Prc1"", ""Incenp"", ""Brcc3"", ""Smc2"", ""Pcnt"", ""Zfp36l1"", ""Tubg1"", ""Ect2"", ""Drg1"", ""Ncapd3"", ""Cdk2"", ""Birc5"", ""Smarcb1"", ""Kif22"", ""Tk1"", ""Igf1r"", ""Tpx2"", ""Rbbp8"", ""Aurkb"", 
""Sass6"", ""Mad2l1"", ""Rock2"", ""Ccnf"", ""Cenpf"", ""Cdkn1c"", ""Bub1b"", ""Zwint"", ""Ncapg2"", ""Atad5"", ""Hacd1"", ""Hecw2"", ""Seh1l"", ""Tacc3"", ""Kif20a"", ""Kif23"", ""Psme3"", ""Bid"", ""Mybl2"", ""Jade1"", ""Cks1b"", ""Ncapg"", ""Rgcc"", ""Kpnb1"", ""Skp2"", ""Spry1"", ""Ckap2"", ""Cdc27"", ""Msh2"", ""Camk2a"", ""Kif2c"", ""Ccdc61"", ""Gins1"", ""Topbp1"", ""Kif20b"", ""Cenpc1"", ""Cntrob"", ""Kif4"", ""Rnaseh2b"", ""Cenpa"", ""Rfwd3"", ""Knstrn"", ""Spdl1"", ""Dlgap5"", ""Nfia"", ""Pola1"", ""Mcm2"", ""Kif18a"", ""Cdc6"", ""Poc1a"", ""Ctdspl"", ""Nuf2"", ""Anln"", ""Ndc80"", ""Kif2a"", ""Mcm6"", 
""Nek2"", ""Foxm1"", ""Anapc1"", ""Usp37"", ""Ncaph2"", ""Enkd1"", ""Rcc1"", ""Dna2"", ""Cdca5"", ""Bub1"", ""Cenpk"", ""Sin3a"", ""Cep192"", ""Ttk"", ""Cdk5rap2"", ""Pdgfrb"", ""Anapc15"", ""Cdc7"", ""Spag5"", ""Npat"", ""Rbl1"", ""Miip"", ""Gpsm2"", ""Fam110a"", ""Blm"")"
"104","GOBP_NUCLEOSIDE_PHOSPHATE_BIOSYNTHETIC_PROCESS","0.000488733613825307","0.00752714072345423","0.477270815362862","-0.484018906689886","-1.66640027227526","117","c(""Atp5b"", ""Atp5h"", ""Atp5g3"", ""Vdac1"", ""Atp5k"", ""Dut"", ""Atp5j2"", ""Ndufs6"", ""Ada"", ""Ndufb7"", ""Prps2"", ""Atp5a1"", ""Rrm2"", ""Ndufc2"", ""Atp5j"", ""Ndufb8"", ""Ndufb6"", ""Atp5o"", ""Ndufa5"", ""Dtymk"", ""Idh2"", ""Mapk1"", ""Rrm1"", ""Atp5c1"", ""Tyms"", ""Uck2"", ""Ndufc1"", ""Parp1"", ""Mpc1"", ""Ndufs8"", ""Ndufb9"", ""Ndufab1"", ""Dld"", ""mt-Nd1"", ""Sdhb"", ""Atp5d"", ""Tk1"", ""Ndufa12"", ""Ndufv2"", ""Cmpk1"", ""Ndufb10"", ""Gars"", ""Adssl1"", ""Ndufb2"", ""Acot7"", ""Adss"", ""Aldoa"", ""Paics"", ""Gmps"", ""Acly"", ""Dlat"", ""Slc4a7"", ""Dcakd"", ""Pdk3"", ""Ndufs1"", 
""Sdhc"")"
"105","GOBP_REGULATION_OF_NUCLEAR_DIVISION","0.00264440285086051","0.0244685655093456","0.431707695803346","-0.527772491023195","-1.66491870215997","70","c(""Cd28"", ""Anapc5"", ""Bub3"", ""Rad21"", ""Mad1l1"", ""Fbxo5"", ""Cdc16"", ""Mki67"", ""Ccnb1"", ""Nup62"", ""Nusap1"", ""Pebp1"", ""Spc24"", ""Nsmce2"", ""Cdca8"", ""Spc25"", ""Cdc20"", ""Plk1"", ""Cenpe"", ""Ube2c"", ""Lcmt1"", ""Incenp"", ""Tubg1"", ""Birc5"", ""Igf1r"", ""Aurkb"", ""Mad2l1"", ""Bub1b"", ""Zwint"", ""Rgcc"", ""Spdl1"", ""Nuf2"", ""Ndc80"", ""Rad51ap1"", ""Rcc1"", ""Bub1"", ""Cep192"", ""Ttk"", ""Cdk5rap2"", ""Pdgfrb"", ""Anapc15"", ""Nme6"", ""Fzr1"", ""Trip13"")"
"106","GOBP_POSITIVE_REGULATION_OF_BLOOD_VESSEL_ENDOTHELIAL_CELL_MIGRATION","0.00259372614088793","0.0243851923526853","0.431707695803346","-0.705615093515282","-1.66353114399517","18","c(""Hmgb1"", ""Ets1"", ""Atp5b"", ""Atp5a1"", ""Akt1"", ""Stat5a"")"
"107","GOBP_RIBOSE_PHOSPHATE_METABOLIC_PROCESS","0.000407935884907476","0.00649644834400273","0.49849310876659","-0.473202290113242","-1.66017165069371","133","c(""Atpif1"", ""Atp5b"", ""Atp5h"", ""Atp5g3"", ""Vdac1"", ""Atp5k"", ""Atp5j2"", ""Ndufs6"", ""Ada"", ""Ndufb7"", ""Prps2"", ""Atp5a1"", ""Ndufc2"", ""Atp5j"", ""Ndufb8"", ""Ndufb6"", ""Atp5o"", ""Ndufa5"", ""Atp5c1"", ""Nt5c2"", ""Uck2"", ""Ndufc1"", ""Nudt4"", ""Parp1"", ""Hmgcr"", ""Mpc1"", ""Ndufs8"", ""Ndufb9"", ""Ran"", ""Ndufab1"", ""Nudt5"", ""Dld"", ""mt-Nd1"", ""Sdhb"", ""Atp5d"", ""Pmvk"", ""Itpa"", ""Acsl3"", ""Ndufa12"", ""Ndufv2"", ""Atp6v1a"", ""Cmpk1"", ""Ndufb10"", ""Adssl1"", ""Ndufb2"", ""Cs"", ""Acot7"", ""Adss"", ""Aldoa"", ""Paics"", ""Gmps"", ""Acly"", ""Pde5a"", ""Dlat"", ""Dcakd"", 
""Pdk3"", ""Ndufs1"", ""Rnaseh2b"", ""Sdhc"")"
"108","GOBP_RNA_EXPORT_FROM_NUCLEUS","0.00428096365209579","0.0343210133888913","0.407017918923954","-0.602328292974616","-1.65838072016187","34","c(""Srsf3"", ""Hnrnpa2b1"", ""Dhx9"", ""Ddx39b"", ""Eif4a3"", ""Ddx19a"", ""Thoc7"", ""Magoh"", ""Alyref"", ""Rbm8a"", ""Ssb"", ""Iws1"", ""Thoc6"", ""Eny2"", ""Nup62"", ""Fmr1"", ""Ncbp1"", ""Nxt1"", ""Thoc3"", ""Magohb"", ""Pom121"")"
"109","GOBP_TRANSLATIONAL_INITIATION","0.00440580837837863","0.0350816238564094","0.407017918923954","-0.57292754237808","-1.65773487315557","43","c(""Eif4a1"", ""Eif4h"", ""Eif3c"", ""Eif1ax"", ""Sh3bgrl"", ""Ddx3x"", ""Nck2"", ""Eif2s2"", ""Eif3a"", ""Eif5b"", ""Eif4e"", ""Mif4gd"", ""Slbp"", ""Eif1ad"", ""Eif2a"", ""Eif4g1"", ""Eif3g"", ""Fmr1"", ""Eif2s1"", ""Ncbp1"", ""Paip2b"", ""Denr"", ""Eif6"")"
"110","GOBP_MRNA_EXPORT_FROM_NUCLEUS","0.00264395675277132","0.0244685655093456","0.431707695803346","-0.639217918748978","-1.65438616512549","27","c(""Srsf3"", ""Hnrnpa2b1"", ""Ddx39b"", ""Eif4a3"", ""Ddx19a"", ""Thoc7"", ""Magoh"", ""Alyref"", ""Rbm8a"", ""Iws1"", ""Thoc6"", ""Eny2"", ""Fmr1"", ""Ncbp1"", ""Nxt1"", ""Thoc3"", ""Magohb"")"
"111","GOBP_CELL_DIFFERENTIATION_INVOLVED_IN_KIDNEY_DEVELOPMENT","0.00291197097276368","0.0258172078796625","0.431707695803346","-0.70126553497553","-1.65327679121842","18","c(""Cd24a"", ""Gata3"", ""Smo"", ""Basp1"")"
"112","GOBP_MITOCHONDRIAL_TRANSLATION","0.00196350114486442","0.0197277089275862","0.431707695803346","-0.520918599146591","-1.65208379024391","71","c(""Mrpl18"", ""Mrps28"", ""Mrpl20"", ""Mrps33"", ""Mrps14"", ""Mrpl13"", ""Mrpl51"", ""Mrpl50"", ""Mrpl49"", ""Mrpl21"", ""Mrpl34"", ""Mrps6"", ""Mrps11"", ""Mrps17"", ""Mrpl3"", ""Chchd1"", ""Mrps5"", ""Mrps12"", ""Mrpl46"", ""Gars"", ""Mrps25"", ""Mrpl41"", ""Mrpl35"", ""Mrpl15"", ""Mrpl28"", ""Mrpl36"", ""Mrpl57"", ""Mrpl12"", ""Mrpl38"", ""Mrpl45"", ""Mrpl54"", ""Aars2"", ""Mrpl27"", ""Gadd45gip1"", ""Mrpl14"", ""Mrps18c"", ""Hars"", ""Mrpl1"", ""Mrps22"", ""Mrps18a"", ""Mrpl40"", ""Mrpl2"", ""Gfm1"", ""Mrpl19"", ""Sars2"", ""Mrpl4"", ""Mrpl47"", ""Mrpl11"", ""Mrps10"", ""Tsfm"", ""Mrpl48"", 
""Uqcc2"", ""Mrpl23"", ""Mrps7"", ""Lrpprc"")"
"113","GOBP_ASSOCIATIVE_LEARNING","0.0036639342496578","0.0304158513420174","0.431707695803346","-0.64614728181632","-1.64835998399741","26","c(""Kras"", ""Rag1"", ""Rapgef3"", ""Ppt1"", ""Itgb1"", ""Ckap5"", ""Pgrmc1"", ""Slc7a11"", ""Tuba1a"", ""Hmgcr"")"
"114","GOBP_DENDRITE_DEVELOPMENT","0.00314049869534287","0.027128809763091","0.431707695803346","-0.510495753583352","-1.64746181775742","78","c(""Cux1"", ""Marcks"", ""Ezh2"", ""Caprin1"", ""Nedd4"", ""Nck2"", ""Nr3c1"", ""Ptprf"", ""Bhlhb9"", ""Itgb1"", ""Pak1"", ""Cd3e"", ""Palm"", ""Llph"", ""Hdac2"", ""Baiap2"", ""Dynlt1f"", ""Abi2"", ""Cdc20"", ""Fmr1"", ""Srgap2"", ""Dgkg"", ""Rock2"", ""Dtnbp1"", ""Tiam1"", ""Nrp1"", ""Hecw2"", ""Eef2k"")"
"115","GOBP_REGULATION_OF_ALTERNATIVE_MRNA_SPLICING_VIA_SPLICEOSOME","0.0060031190392547","0.0443321819271144","0.407017918923954","-0.718880524804123","-1.64562370155831","15","c(""Srsf6"", ""Hnrnpu"", ""Srsf2"", ""Magoh"", ""Thrap3"", ""Rbm8a"", ""Ptbp1"", ""Rnps1"")"
"116","GOBP_CYTOSKELETON_DEPENDENT_INTRACELLULAR_TRANSPORT","0.00395872708350759","0.032290523005196","0.407017918923954","-0.547724689652008","-1.64520064509537","51","c(""Ap3s1"", ""Sfpq"", ""Dynll1"", ""Ssna1"", ""Hnrnpu"", ""Ubb"", ""Pcm1"", ""Hspb11"", ""Ccdc88a"", ""Tuba1a"", ""Nde1"", ""Ift57"", ""Fmr1"", ""Rab1a"", ""Actn4"", ""Dtnbp1"", ""Sod1"", ""Kif3a"", ""Rpgr"")"
"117","GOBP_MICROTUBULE_BASED_MOVEMENT","0.00243531232137954","0.023175065627437","0.431707695803346","-0.498387072165773","-1.64504321587027","87","c(""Ap3s1"", ""Sfpq"", ""Dynll1"", ""Lztfl1"", ""Mns1"", ""Ssna1"", ""Hnrnpu"", ""Ubb"", ""Pcm1"", ""Hspb11"", ""Vdac3"", ""Tuba1a"", ""Nde1"", ""Cfap20"", ""Kif11"", ""Ift57"", ""Cenpe"", ""Fmr1"", ""Yif1b"", ""Rab1a"", ""Kif22"", ""Dtnbp1"", ""Dnaaf2"", ""Ly6k"", ""Kif15"", ""Kif20a"", ""Kif23"", ""Sod1"", ""Kif3a"", ""Kpnb1"", ""Rpgr"", ""Kif2c"", ""Kif20b"", ""Kif4"", ""Kifap3"", ""Cacna1e"", ""Kif18a"", ""Ing2"", ""Kif2a"")"
"118","GOBP_NEGATIVE_REGULATION_OF_NUCLEAR_DIVISION","0.00659933879492501","0.0475355449812906","0.407017918923954","-0.579231391972474","-1.64373322140903","38","c(""Bub3"", ""Rad21"", ""Mad1l1"", ""Fbxo5"", ""Ccnb1"", ""Spc24"", ""Cdca8"", ""Spc25"", ""Cdc20"", ""Plk1"", ""Cenpe"", ""Lcmt1"", ""Incenp"", ""Birc5"", ""Aurkb"", ""Mad2l1"", ""Bub1b"", ""Zwint"", ""Spdl1"", ""Nuf2"", ""Ndc80"", ""Bub1"", ""Cep192"", ""Ttk"", ""Cdk5rap2"", ""Anapc15"", ""Nme6"", ""Trip13"")"
"119","GOBP_POSITIVE_REGULATION_OF_CELL_CYCLE","0.00052119593788711","0.00787173993931435","0.477270815362862","-0.459442654677232","-1.64369869337996","157","c(""Hmgb1"", ""Cd28"", ""Sfpq"", ""Ezh2"", ""Lmnb1"", ""Anapc5"", ""Anp32b"", ""Smc4"", ""Rdx"", ""Rcc2"", ""Ppp1r35"", ""Ddx39b"", ""Hnrnpu"", ""Tcf3"", ""Ddx3x"", ""Rad21"", ""Stat5b"", ""Rrm2"", ""Larp7"", ""Eif4e"", ""Akt1"", ""Mad1l1"", ""Bcl2l11"", ""Camk2d"", ""Fbxo5"", ""Rrm1"", ""Lef1"", ""Ncapd2"", ""Cdc16"", ""Smc5"", ""Stat5a"", ""Ccnb1"", ""Cdk4"", ""Dbf4"", ""Ranbp1"", ""Nup62"", ""Phb2"", ""Nusap1"", ""Cdk1"", ""Eif4g1"", ""Cdc25a"", ""E2f8"", ""Pebp1"", ""Nsmce2"", ""Cdca8"", ""Cited2"", ""Ncaph"", ""Azin1"", ""Aurka"", ""Cdc20"", ""Cenpe"", ""Ube2c"", ""Cep295"", ""Incenp"", ""Smc2"", ""Ect2"", 
""Ncapd3"", ""Birc5"", ""Igf1r"", ""Aurkb"", ""Sass6"", ""Mad2l1"", ""Rock2"", ""Plk4"", ""Ncapg2"", ""Atad5"", ""Pim1"", ""Rhno1"", ""Kif23"")"
"120","GOBP_EPIDERMIS_DEVELOPMENT","0.00109304948355991","0.0134218189159243","0.45505986738723","-0.490867826508838","-1.64273419809937","96","c(""Satb1"", ""Cux1"", ""Stmn1"", ""Ybx1"", ""Ezh2"", ""Ctsl"", ""Smo"", ""Srsf6"", ""Dbi"", ""Edaradd"", ""Smarca4"", ""Nab2"", ""Gfi1"", ""Psap"", ""Hdac1"", ""Akt1"", ""Runx1"", ""Trps1"", ""Clic4"")"
"121","GOBP_REGULATION_OF_INTRACELLULAR_TRANSPORT","0.00162332612726307","0.0172471102350185","0.45505986738723","-0.484053446587961","-1.64078222042356","103","c(""Txn1"", ""Ywhae"", ""Camk4"", ""Atpif1"", ""Anxa2"", ""Hsp90aa1"", ""Smo"", ""Pdcd5"", ""Anp32b"", ""Trim28"", ""Rdx"", ""Dhx9"", ""Nedd4"", ""Rapgef3"", ""Tomm7"", ""Hsp90ab1"", ""Jup"", ""Xbp1"", ""Pcm1"", ""Mapk1"", ""C2cd5"", ""Pak1"", ""Iws1"", ""Park7"", ""Hras"", ""Ran"", ""Nup62"", ""Ctdspl2"", ""Fbxw7"", ""Cdk1"", ""Pkig"", ""Vps35"", ""Ptpn14"", ""Bbc3"")"
"122","GOBP_NUCLEOSIDE_TRIPHOSPHATE_BIOSYNTHETIC_PROCESS","0.00292249469803954","0.0258172078796625","0.431707695803346","-0.526139172044024","-1.63970850929975","63","c(""Atp5b"", ""Atp5h"", ""Atp5g3"", ""Atp5k"", ""Atp5j2"", ""Ndufs6"", ""Ndufb7"", ""Atp5a1"", ""Ndufc2"", ""Atp5j"", ""Ndufb8"", ""Ndufb6"", ""Atp5o"", ""Ndufa5"", ""Dtymk"", ""Atp5c1"", ""Uck2"", ""Ndufc1"", ""Parp1"", ""Ndufs8"", ""Ndufb9"", ""Ndufab1"", ""mt-Nd1"", ""Sdhb"", ""Atp5d"", ""Ndufa12"", ""Ndufv2"", ""Ndufb10"", ""Ndufb2"", ""Aldoa"")"
"123","GOBP_INTRACELLULAR_TRANSPORT","6.89665633552339e-07","4.61287785184579e-05","0.659444398037935","-0.415844113266274","-1.63696780405907","410","c(""Ap3s1"", ""Txn1"", ""Ywhae"", ""Srsf3"", ""Cd24a"", ""Sfpq"", ""Camk4"", ""Hnrnpa2b1"", ""Dynll1"", ""Atpif1"", ""Marcks"", ""Anxa2"", ""Slc25a5"", ""Aqp11"", ""Desi1"", ""Hsp90aa1"", ""Arl6ip1"", ""Smo"", ""Lmnb1"", ""Pdcd5"", ""Anp32b"", ""Trim28"", ""Rdx"", ""Dhx9"", ""Nedd4"", ""Ssna1"", ""Ddx39b"", ""Rapgef3"", ""Hnrnpu"", ""Eif4a3"", ""Tomm7"", ""Ddx19a"", ""Thoc7"", ""Srsf10"", ""Hsp90ab1"", ""Siva1"", ""Ubb"", ""Magoh"", ""Nfkbia"", ""Jup"", ""Xbp1"", ""Alyref"", ""Psap"", ""Ighm"", ""Mtch1"", ""Rbm8a"", ""Als2"", ""Eif4e"", ""Pcm1"", ""Tacc2"", ""Itgb1"", ""Ssb"", ""Dnajc15"", ""Akt1"", ""Bcl2l11"", 
""Mapk1"", ""Ywhaq"", ""Trim27"", ""Akirin2"", ""Mtx2"", ""C2cd5"", ""Pak1"", ""Hspb11"", ""Vdac2"", ""Tomm40"", ""Tfg"", ""Iws1"", ""Ccdc88a"", ""Tuba1a"", ""Thoc6"", ""Timm13"", ""Park7"", ""Cnih4"", ""Nde1"", ""Eny2"", ""Romo1"", ""Hras"", ""Srp68"", ""Ranbp1"", ""Sec61b"", ""Ran"", ""Lyst"", ""Rilpl2"", ""Nup62"", ""Ctdspl2"", ""Fbxw7"", ""Exoc4"", ""Phb2"", ""Hspa4"", ""Vps36"", ""Nudc"", ""Cdk1"", ""Dynlt1f"", ""Sytl3"", ""Egr2"", ""Ift57"", ""Pkig"", ""Vps35"", ""Ptpn14"", ""Bbc3"", ""Snf8"", ""Tomm20"", ""Ranbp2"", ""Sec13"", ""Hspd1"", ""Pam16"", ""Arl1"", ""Notch1"", ""Fmr1"", ""Yif1b"", ""Trappc1"", 
""Pcnt"", ""Rab1a"", ""Epg5"", ""Ect2"", ""Actn4"", ""P4hb"", ""Ncbp1"", ""Prkcd"", ""Nxt1"", ""Pex6"", ""Dtnbp1"", ""Xpo7"", ""Atp2a2"", ""Aifm1"", ""Eif6"", ""Atxn1"", ""Seh1l"", ""Tnpo1"", ""Tacc3"", ""Kpna2"", ""Tmem14c"", ""Bid"", ""Laptm4b"", ""Thoc3"", ""Nolc1"", ""Kpna3"", ""Insig1"", ""Sod1"", ""Kif3a"", ""Pex7"", ""Atp13a2"", ""Pmpcb"", ""Tmed5"", ""Kpnb1"", ""Syk"", ""Rpgr"", ""Magohb"", ""Tomm70a"", ""Nup54"", ""Hyou1"", ""Camk2a"", ""Hspa9"", ""Cse1l"", ""Samm50"", ""Pom121"", ""Dnlz"", ""Kif20b"", ""Ap1s1"")"
"124","GOBP_REGULATION_OF_DNA_TEMPLATED_TRANSCRIPTION_ELONGATION","0.0048979999287586","0.0377178218198154","0.407017918923954","-0.669468698883908","-1.63647072161089","21","c(""Ezh2"", ""Ikzf1"", ""Ddx39b"", ""Hnrnpu"", ""Alyref"", ""Leo1"", ""Med7"", ""Med14"", ""Parp1"", ""Med19"", ""Ncbp1"", ""Med30"", ""Nelfa"", ""Wdr43"", ""Zc3h4"", ""Gtf2f1"", ""Med29"", ""Rnf168"")"
"125","GOBP_POSITIVE_REGULATION_OF_CHROMOSOME_SEGREGATION","0.00408288741673678","0.03307280083938","0.407017918923954","-0.666733896466592","-1.63545094012999","22","c(""Smc4"", ""Rcc2"", ""Hnrnpu"", ""Mad1l1"", ""Ncapd2"", ""Smc5"", ""Ccnb1"", ""Cdk1"", ""Cdca8"", ""Ncaph"", ""Cenpe"", ""Incenp"", ""Smc2"", ""Ncapd3"", ""Birc5"", ""Aurkb"", ""Ncapg2"", ""Ncapg"")"
"126","GOBP_PROTEIN_SUMOYLATION","0.00590918708527859","0.0437766043248012","0.407017918923954","-0.696363244174279","-1.63521850957734","17","c(""Sumo2"", ""Trim28"", ""Sae1"", ""Capn3"", ""Uba2"", ""Egr1"", ""Park7"", ""Sumo3"", ""Egr2"", ""Topors"", ""Nsmce2"")"
"127","GOBP_PEPTIDYL_LYSINE_ACETYLATION","0.00607296435053712","0.0444930218295371","0.407017918923954","-0.593823622126665","-1.63496494784954","34","c(""Sox4"", ""Smo"", ""Smarca5"", ""Smarca4"", ""Dek"", ""Morf4l2"", ""Mbd3"", ""Actl6a"", ""Brd8"", ""Nfyb"", ""Smc5"", ""Hdac2"", ""Ruvbl1"", ""Baz1b"", ""Nfya"", ""Ddx21"", ""Hat1"", ""Msl3"", ""Kif3a"", ""Ruvbl2"", ""Taf5l"", ""Myo1c"", ""Sgf29"")"
"128","GOBP_MICROTUBULE_CYTOSKELETON_ORGANIZATION","7.53664562214208e-05","0.00183784243764944","0.538434096309916","-0.440338094742303","-1.63299163406532","225","c(""Gapdh"", ""Stmn1"", ""Mns1"", ""Tubb5"", ""Ssna1"", ""Ppp1r35"", ""Smc3"", ""Hnrnpu"", ""Tubb2a"", ""Tubb2b"", ""Stag2"", ""Pcm1"", ""Tacc2"", ""Itgb1"", ""Ckap5"", ""Tube1"", ""Fbxo5"", ""Slc16a1"", ""Pak1"", ""Mzt1"", ""Smc1a"", ""Ccdc88a"", ""Tuba1a"", ""Ccnb1"", ""Nde1"", ""Ranbp1"", ""Slk"", ""Tubb4b"", ""Nup62"", ""Ddb1"", ""Nusap1"", ""Nudc"", ""Cdk1"", ""Haus3"", ""Kif11"", ""Cep70"", ""Ska2"", ""Ccnb2"", ""Cdca8"", ""Smn1"", ""Spc25"", ""Azin1"", ""Aurka"", ""Cdc20"", ""Plk1"", ""Cenpe"", ""Prc1"", ""Cep295"", ""Incenp"", ""Fkbp4"", ""Pcnt"", ""Tubg1"", ""Drg1"", ""Cdk2"", ""Birc5"", ""Srgap2"", 
""Cep250"", ""Mdm1"", ""Tpx2"", ""Aurkb"", ""Sass6"", ""Mad2l1"", ""Rock2"", ""Ccnf"", ""Haus4"", ""Dnaaf2"", ""Odf2"", ""Plk4"", ""Ppp2r3c"", ""Tacc3"", ""Kif20a"", ""Kif23"", ""Mybl2"", ""Tuba1b"", ""Kif3a"", ""Kpnb1"", ""Spry1"", ""Ckap2"", ""Kif2c"", ""Ccdc61"", ""Cntrob"", ""Kif4"", ""Cenpa"", ""Knstrn"", ""Ska1"", ""Rbm14"", ""Spdl1"", ""Alms1"", ""Cep290"", ""Dlgap5"", ""Aunip"", ""Map7"", ""Kif18a"", ""Atf5"", ""Poc1a"", ""Trim37"", ""Nuf2"", ""Uxt"", ""Ndc80"", ""Zbed3"", ""Fgf13"", ""Kif2a"", ""Nek2"", ""Enkd1"", ""Rcc1"", ""Cep192"", ""Cep135"", ""Cdk5rap2"", ""Tuba8"", ""Poc1b"", ""Ccp110"", 
""Cdc42bpa"", ""Spag5"", ""Gas2l3"", ""Ssx2ip"", ""Gpsm2"", ""Mapre2"", ""Fam110a"", ""Dcaf13"", ""Haus2"", ""Cep76"", ""Nubp1"", ""Xpo1"", ""Psrc1"", ""Mid1"")"
"129","GOBP_TRANSCRIPTION_ELONGATION_BY_RNA_POLYMERASE_II","0.00564439507260015","0.0422157471723864","0.407017918923954","-0.648479803481855","-1.63042446735396","25","c(""Ezh2"", ""Ikzf1"", ""Hnrnpu"", ""Supt16"", ""Leo1"", ""Polr2i"", ""Med7"", ""Iws1"", ""Med14"", ""Parp1"", ""Elof1"", ""Med19"", ""Ncbp1"", ""Med30"", ""Gtf2f2"", ""Nelfa"", ""Wdr43"", ""Gtf2f1"", ""Med29"", ""Rnf168"")"
"130","GOBP_NEGATIVE_REGULATION_OF_CALCIUM_ION_TRANSPORT","0.00348837723274912","0.0293751478484377","0.431707695803346","-0.629212327751075","-1.62849028386917","27","c(""Ywhae"", ""Calm2"", ""Calm3"", ""Vdac1"", ""Akt1"", ""Trim27"")"
"131","GOBP_NEGATIVE_REGULATION_OF_CALCIUM_ION_TRANSMEMBRANE_TRANSPORT","0.0057827885795217","0.0431130830084723","0.407017918923954","-0.665712473487786","-1.62728888399133","21","c(""Ywhae"", ""Calm2"", ""Calm3"", ""Vdac1"", ""Akt1"")"
"132","GOBP_REGULATION_OF_NEURON_APOPTOTIC_PROCESS","0.00206043804463746","0.0201819475418255","0.431707695803346","-0.47094638775121","-1.62586104141458","118","c(""Prdx2"", ""Myb"", ""Gata3"", ""Kras"", ""Smo"", ""Rapsn"", ""Lig4"", ""Pin1"", ""Ppt1"", ""Ube2m"", ""Hsp90ab1"", ""Ubb"", ""Nr3c1"", ""Rad21"", ""Egln3"", ""Ptprf"", ""Bhlhb9"", ""Hdgf"", ""Bcl2l11"", ""Chl1"", ""Kdm2b"", ""Egr1"", ""Parp1"", ""Park7"", ""Hras"", ""Fbxw7"", ""Bbc3"", ""Aars"", ""Hspd1"", ""Fmr1"", ""Prodh"", ""Set"", ""Birc5"", ""Bag1"", ""Nrp1"", ""Vegfb"", ""Aifm1"", ""Mybl2"", ""Cdc34"", ""Sod1"", ""Msh2"", ""Hyou1"")"
"133","GOBP_NATURAL_KILLER_CELL_DIFFERENTIATION","0.00265768146872303","0.0244946154263016","0.431707695803346","-0.686009983150953","-1.62528904810145","19","c(""Tox"", ""Ptprc"", ""Ikzf1"", ""Tcf3"", ""Stat5b"", ""Lgals9"", ""Slamf1"", ""Slamf6"", ""Stat5a"")"
"134","GOBP_RNA_DESTABILIZATION","0.00400998953720245","0.0325950885645518","0.407017918923954","-0.62712160439756","-1.62307919683655","27","c(""Ybx1"", ""Caprin1"", ""Dhx9"", ""Hnrnpd"", ""Hnrnpu"", ""Hnrnpr"", ""Syncrip"", ""Zc3h18"", ""Exosc3"", ""Khsrp"", ""Zfp36l1"", ""Rock2"")"
"135","GOBP_METAPHASE_CHROMOSOME_ALIGNMENT","0.00471062213787275","0.0370052564589265","0.407017918923954","-0.548665872483803","-1.62224859614289","47","c(""Rcc2"", ""Hnrnpu"", ""Bub3"", ""Mad1l1"", ""Ccnb1"", ""Nup62"", ""Nudc"", ""Spc24"", ""Cdca8"", ""Spc25"", ""Cenpe"", ""Incenp"", ""Cenpq"", ""Ect2"", ""Birc5"", ""Kif22"", ""Aurkb"", ""Cenpf"", ""Seh1l"", ""Kpnb1"", ""Kif2c"", ""Cenpc1"", ""Knstrn"", ""Spdl1"", ""Kif18a"", ""Nuf2"", ""Ndc80"", ""Nek2"", ""Cdca5"", ""Spag5"", ""Nsl1"", ""Psrc1"", ""Gem"")"
"136","GOBP_POSITIVE_REGULATION_OF_RELEASE_OF_SEQUESTERED_CALCIUM_ION_INTO_CYTOSOL","0.00450947381217637","0.0356644533591381","0.407017918923954","-0.687830006940301","-1.62160170443523","18","c(""Calm2"", ""Thy1"", ""Calm3"", ""Dbi"", ""Capn3"")"
"137","GOBP_DNA_REPAIR","5.67126520748576e-05","0.00145894855502463","0.557332238758646","-0.436717410147339","-1.6215225706825","227","c(""Hmgb1"", ""Dntt"", ""Sfpq"", ""Xrcc6"", ""Hmgn1"", ""Smarca5"", ""Trim28"", ""Lig4"", ""Smc4"", ""Smarcc1"", ""Smarca4"", ""Dhx9"", ""Gtf2h4"", ""Dek"", ""Smc3"", ""Nsmce1"", ""Swi5"", ""Mcm7"", ""Supt16"", ""Rad21"", ""Bcl7c"", ""Ube2a"", ""Morf4l2"", ""Msh6"", ""Asf1a"", ""Ube2n"", ""Actl6a"", ""Brd8"", ""Tdg"", ""Sfr1"", ""Bcl7a"", ""Ddx1"", ""Rrm1"", ""Pds5b"", ""Pds5a"", ""Smc1a"", ""Polr2i"", ""Uhrf1"", ""Parp1"", ""Smc5"", ""Usp1"", ""Rfc1"", ""Lig1"", ""Park7"", ""Ruvbl1"", ""Eny2"", ""Cdkn2d"", ""Uchl5"", ""Fbxw7"", ""Ddb1"", ""Pcna"", ""Nucks1"", ""Hmga1"", ""Cebpg"", ""Sf3b3"", ""Inip"", ""Nsmce2"", 
""Clspn"", ""Rfc4"", ""Rpa3"", ""Fmr1"", ""Brcc3"", ""Smc2"", ""Cdk2"", ""Suv39h1"", ""Smarcb1"", ""Kif22"", ""Rad23b"", ""Rbbp8"", ""Rmi2"", ""Prpf19"", ""Rhno1"", ""Rfc3"", ""Sf3b5"", ""Nsmce4a"", ""Msh2"", ""Xrcc1"", ""Wrn"", ""Ruvbl2"", ""Esco2"", ""Topbp1"", ""Rif1"", ""Psmd14"", ""Etaa1"", ""Neil3"", ""Rnaseh2b"", ""Rfwd3"", ""Taf5l"", ""Pola1"", ""Mcm2"", ""Aunip"", ""Recql"", ""Exo1"", ""Ddx11"", ""Usp10"", ""Sgf29"", ""Mcm6"", ""Foxm1"", ""Ercc6l2"", ""Rad51ap1"", ""Rnf168"", ""Dna2"", ""Rev1"", ""Cdca5"", ""Gins2"", ""Commd1"", ""Fen1"", ""Chaf1a"", ""Paxip1"", ""Taf5"", ""Fignl1"", ""Cdc7"", ""Tdp2"", 
""Rad18"", ""Ube2t"", ""Fancm"", ""Terf2ip"", ""Pnp"", ""Blm"", ""Stub1"", ""Rpa1"", ""Fzr1"", ""Trip13"", ""Apex1"", ""Dtl"", ""Pif1"", ""Cdc45"", ""Fh1"", ""Rad50"", ""Brca2"", ""Spidr"", ""Mre11a"", ""Mbd4"", ""Babam1"")"
"138","GOBP_MEIOTIC_CELL_CYCLE_PROCESS","0.00201913146721773","0.0200287574777826","0.431707695803346","-0.48756505678264","-1.62051342096508","89","c(""Smc4"", ""Mcm7"", ""Ubb"", ""Bcl2l11"", ""Cks2"", ""Fbxo5"", ""Psmd13"", ""Ncapd2"", ""Tdrkh"", ""Terf1"", ""Ddb1"", ""Top2a"", ""Cdc25a"", ""Ccne2"", ""Ccnb2"", ""Psmc3ip"", ""Ncaph"", ""Aurka"", ""Cdc20"", ""Plk1"", ""Cenpe"", ""Incenp"", ""Smc2"", ""Tubg1"", ""Ncapd3"", ""Birc5"", ""Syce2"", ""Ehmt2"", ""Topbp1"", ""Cenpc1"", ""Mcm2"", ""Kif18a"", ""Nuf2"", ""Ndc80"", ""Ing2"", ""Mcm6"", ""Rad51ap1"", ""Ncaph2"", ""Ttk"", ""Fignl1"", ""Fancm"", ""Dcaf13"", ""Suv39h2"", ""Cdc25c"", ""Fzr1"", ""Trip13"", ""Rad50"", ""Brca2"", ""Aspm"", ""Mre11a"", ""Rad51"", ""Ndc1"", ""Mnd1"", ""Stra8"", ""Mastl"", 
""Espl1"", ""Rad54l"")"
"139","GOBP_REGULATION_OF_DENDRITIC_SPINE_DEVELOPMENT","0.00416314496090816","0.0334911421081993","0.407017918923954","-0.6242575814222","-1.62031477834926","28","c(""Marcks"", ""Caprin1"", ""Nr3c1"", ""Bhlhb9"", ""Palm"", ""Llph"", ""Hdac2"", ""Baiap2"", ""Fmr1"", ""Dtnbp1"", ""Tiam1"", ""Eef2k"")"
"140","GOBP_REGULATION_OF_NCRNA_TRANSCRIPTION","0.00413340821118739","0.0333665814565161","0.407017918923954","-0.565033840742208","-1.61511592466835","41","c(""Myb"", ""Ets1"", ""Ncl"", ""Gata3"", ""Ctcf"", ""Smarca4"", ""Nr3c1"", ""Larp7"", ""Nfatc3"", ""Egr1"", ""Srebf2"", ""Hdac2"")"
"141","GOBP_TRANSCRIPTION_INITIATION_AT_RNA_POLYMERASE_II_PROMOTER","0.00637270841703575","0.0461873387129433","0.407017918923954","-0.607502754771889","-1.61156392111651","30","c(""Hmgb1"", ""Maz"", ""Psmc6"", ""Ikzf1"", ""Gtf2a2"", ""Nfkbia"", ""Gtf2e2"", ""Ccnh"", ""Polr2i"", ""Med7"", ""Med14"", ""Polr2d"", ""Taf1"", ""Med19"", ""Med30"", ""Taf3"", ""Gtf2f2"")"
"142","GOBP_NEGATIVE_REGULATION_OF_RNA_CATABOLIC_PROCESS","0.004962453115717","0.0379643880519396","0.407017918923954","-0.619943968177325","-1.60911842047271","28","c(""Hnrnpab"", ""Ybx1"", ""Hnrnpc"", ""Srsf1"", ""Dhx9"", ""Hnrnpd"", ""Hnrnpu"", ""Thrap3"", ""Ptbp1"", ""Syncrip"")"
"143","GOBP_REGULATION_OF_TRANS_SYNAPTIC_SIGNALING","0.000298512376175517","0.00525426671148035","0.49849310876659","-0.457474423846027","-1.60887209219189","139","c(""Camk4"", ""Kras"", ""Dbi"", ""Rapsn"", ""Nedd4"", ""Eif4a3"", ""Tubb2b"", ""Nr3c1"", ""Slc38a1"", ""Eif4e"", ""Itgb1"", ""Ckap5"", ""Dgke"", ""Mapk1"", ""Fabp5"", ""Srgn"", ""Pak1"", ""Slc7a11"", ""Psmc5"", ""Egr1"", ""Hmgcr"", ""P2rx7"", ""P2rx1"", ""Hras"", ""Ptger4"", ""Glul"", ""Baiap2"", ""Vps35"", ""Akap12"", ""Cdc20"", ""Nrgn"", ""Fmr1"", ""Igf1r"", ""Dtnbp1"", ""Prkar2b"", ""Atp2a2"")"
"144","GOBP_SISTER_CHROMATID_COHESION","0.00498801633091849","0.0380356554745283","0.407017918923954","-0.62074685087437","-1.60658043526321","27","c(""Sfpq"", ""Smc3"", ""Stag2"", ""Rad21"", ""Pds5b"", ""Pds5a"", ""Smc1a"", ""Smc5"", ""Fbxw7"", ""Phb2"", ""Nsmce2"", ""Naa50"", ""Cdc20"", ""Kif22"", ""Bub1b"", ""Esco2"", ""Ddx11"", ""Cdca5"", ""Bub1"", ""Fen1"")"
"145","GOBP_EPIGENETIC_REGULATION_OF_GENE_EXPRESSION","0.00274843286138821","0.0249382997229062","0.431707695803346","-0.497691055885888","-1.60655902088264","79","c(""H3f3a"", ""Hmgb1"", ""H3f3b"", ""Cbx3"", ""Ezh2"", ""Lmnb1"", ""Mtf2"", ""Smarca5"", ""Ctcf"", ""Trim28"", ""Smarca4"", ""Hnrnpu"", ""Nr3c1"", ""Bcl6"", ""Hdac1"", ""Mbd3"", ""Kcnq1ot1"", ""Suz12"", ""Tdg"", ""H1f0"", ""Trim27"", ""Hcfc1"", ""Uhrf1"", ""Hdac2"", ""Ddb1"", ""Morc1"", ""Dnmt1"", ""a"", ""Cdk2"", ""Suv39h1"", ""Smarcb1"", ""Pole3"", ""Wdr5"", ""Hat1"", ""Cdkn1c"", ""Msl3"")"
"146","GOBP_NUCLEOSOME_ORGANIZATION","0.00529549881740079","0.0399904990493346","0.407017918923954","-0.618555142524088","-1.60551360285021","28","c(""Anp32b"", ""Smarca5"", ""Smarcc1"", ""Smarca4"", ""Rbbp4"", ""Supt16"", ""Asf1a"", ""Nap1l1"", ""Nasp"", ""H1f0"", ""Cebpg"", ""Padi4"", ""Set"", ""Smarcb1"", ""Pole3"", ""Hat1"")"
"147","GOBP_CILIUM_ORGANIZATION","0.00273175151726559","0.0248833863887889","0.431707695803346","-0.48219566503287","-1.60266724583035","89","c(""Dynll1"", ""Mns1"", ""Ssna1"", ""Ppp1r35"", ""Pcm1"", ""Akt1"", ""E2f4"", ""B9d2"", ""Hspb11"", ""Ccdc88a"", ""Vdac3"", ""Rilpl2"", ""Cby1"", ""Cfap20"", ""Cep70"", ""Ift57"", ""Aurka"", ""Gdi2"", ""Yif1b"", ""Pcnt"", ""Cep250"", ""Ahi1"", ""Mphosph9"", ""Cep83"", ""Dnaaf2"", ""Odf2"", ""Plk4"", ""Ablim1"", ""Sclt1"", ""Kif3a"", ""Rpgr"", ""Cntrob"", ""Kifap3"", ""Alms1"", ""Cep290"", ""Poc1a"", ""Enkd1"", ""Syne1"", ""Cep135"", ""Poc1b"", ""Tmem237"", ""Ccp110"", ""Ssx2ip"", ""Tmem107"", ""Tmem138"", ""Rpgrip1"", ""Ift80"", ""Dync2h1"", ""Tmem216"", ""Stil"", ""Hyls1"", ""Rpgrip1l"", ""Ccdc66"", 
""Limk2"", ""Cep78"", ""Odf2l"", ""Ift22"")"
"148","GOBP_REGULATION_OF_B_CELL_DIFFERENTIATION","0.00522965780190913","0.0397487951761989","0.407017918923954","-0.641454189592969","-1.60046068699765","24","c(""Cd27"", ""Cd24a"", ""Hmgb3"", ""Xbp1"", ""Bcl6"", ""Stat5b"", ""Ikzf3"", ""Stat5a"")"
"149","GOBP_INTRACELLULAR_PROTEIN_TRANSPORT","3.54002991834243e-05","0.000986572623671385","0.557332238758646","-0.428488994105185","-1.59935489912117","235","c(""Ap3s1"", ""Txn1"", ""Ywhae"", ""Cd24a"", ""Camk4"", ""Atpif1"", ""Marcks"", ""Aqp11"", ""Desi1"", ""Hsp90aa1"", ""Arl6ip1"", ""Smo"", ""Pdcd5"", ""Anp32b"", ""Trim28"", ""Nedd4"", ""Rapgef3"", ""Tomm7"", ""Hsp90ab1"", ""Nfkbia"", ""Jup"", ""Xbp1"", ""Psap"", ""Mtch1"", ""Pcm1"", ""Itgb1"", ""Dnajc15"", ""Akt1"", ""Mapk1"", ""Ywhaq"", ""Akirin2"", ""C2cd5"", ""Pak1"", ""Tomm40"", ""Tuba1a"", ""Timm13"", ""Park7"", ""Romo1"", ""Hras"", ""Srp68"", ""Sec61b"", ""Ran"", ""Rilpl2"", ""Nup62"", ""Ctdspl2"", ""Fbxw7"", ""Exoc4"", ""Phb2"", ""Hspa4"", ""Vps36"", ""Cdk1"", ""Sytl3"", ""Egr2"", ""Pkig"", ""Vps35"", 
""Ptpn14"", ""Bbc3"", ""Snf8"", ""Tomm20"", ""Ranbp2"", ""Sec13"", ""Hspd1"", ""Pam16"", ""Arl1"", ""Notch1"", ""Yif1b"", ""Pcnt"", ""Rab1a"", ""Ect2"", ""Prkcd"", ""Nxt1"", ""Pex6"", ""Xpo7"", ""Aifm1"", ""Tnpo1"", ""Kpna2"", ""Bid"", ""Nolc1"", ""Kpna3"", ""Insig1"", ""Kif3a"", ""Pex7"", ""Atp13a2"", ""Pmpcb"", ""Tmed5"", ""Kpnb1"", ""Syk"", ""Tomm70a"", ""Nup54"", ""Hspa9"", ""Cse1l"", ""Samm50"", ""Pom121"", ""Dnlz"", ""Kif20b"", ""Ap1s1"", ""Get4"", ""Angpt1"", ""Nup88"", ""Cep290"", ""Snx5"", ""Cltb"", ""Zdhhc21"", ""Trim37"", ""Chml"", ""Akap1"", ""Myo1c"")"
"150","GOBP_ATTACHMENT_OF_SPINDLE_MICROTUBULES_TO_KINETOCHORE","0.0055096318780897","0.0413398981622051","0.407017918923954","-0.616941374588222","-1.59673132569532","27","c(""Rcc2"", ""Hnrnpu"", ""Bub3"", ""Mad1l1"", ""Ccnb1"", ""Spc24"", ""Cdca8"", ""Spc25"", ""Cenpe"", ""Incenp"", ""Ect2"", ""Birc5"", ""Aurkb"", ""Seh1l"", ""Kif2c"", ""Cenpc1"", ""Knstrn"", ""Nuf2"", ""Ndc80"", ""Nek2"", ""Spag5"", ""Nsl1"")"
"151","GOBP_SYNAPTIC_SIGNALING","0.000351948686223678","0.00580219629894106","0.49849310876659","-0.438824189854423","-1.59105553947795","187","c(""Cd24a"", ""Camk4"", ""Ly6e"", ""Ezh2"", ""Kras"", ""Vdac1"", ""Dbi"", ""Rapsn"", ""Nedd4"", ""Ppt1"", ""Slc29a1"", ""Eif4a3"", ""Tubb2b"", ""Nr3c1"", ""Xbp1"", ""Slc38a1"", ""Als2"", ""Eif4e"", ""Itgb1"", ""Ckap5"", ""Dgke"", ""Mapk1"", ""Fabp5"", ""Srgn"", ""Pak1"", ""Slc7a11"", ""Psmc5"", ""Egr1"", ""Vdac3"", ""Hmgcr"", ""P2rx7"", ""P2rx1"", ""Park7"", ""Hras"", ""Ptger4"", ""Exoc4"", ""Glul"", ""Baiap2"", ""Vps35"", ""Akap12"", ""Etv5"", ""Cdc20"", ""Nrgn"", ""Fmr1"", ""Nr4a1"", ""Igf1r"", ""Dtnbp1"", ""Prkar2b"", ""Atp2a2"", ""Atxn1"", ""Kpna2"")"
"152","GOBP_INTERNAL_PROTEIN_AMINO_ACID_ACETYLATION","0.00545816772383035","0.04108543614626","0.407017918923954","-0.605562880491189","-1.59028370239131","29","c(""Smo"", ""Smarca5"", ""Smarca4"", ""Dek"", ""Morf4l2"", ""Mbd3"", ""Actl6a"", ""Brd8"", ""Nfyb"", ""Smc5"", ""Ruvbl1"", ""Baz1b"", ""Nfya"", ""Ddx21"", ""Hat1"", ""Msl3"", ""Kif3a"", ""Ruvbl2"", ""Taf5l"", ""Myo1c"", ""Sgf29"")"
"153","GOBP_POSTSYNAPSE_ORGANIZATION","0.00627207598545787","0.0455991611240897","0.407017918923954","-0.508035503144798","-1.58328857039217","63","c(""Marcks"", ""Hnrnpm"", ""Colq"", ""Rapsn"", ""Caprin1"", ""Rheb"", ""Ptprf"", ""Bhlhb9"", ""Itgb1"", ""Ckap5"", ""Akt1"", ""Srgn"", ""Slc7a11"", ""Baiap2"", ""Vps35"", ""Abi2"", ""Etv5"", ""Igf1r"", ""Rock2"", ""Dtnbp1"", ""Tiam1"", ""Nrp1"", ""Eef2k"")"
"154","GOBP_NEGATIVE_REGULATION_OF_RNA_BIOSYNTHETIC_PROCESS","1.53826112141978e-05","0.000545616558370259","0.575610261071129","-0.406062821966965","-1.57821519180675","353","c(""Satb1"", ""Hmgb1"", ""Tcf7"", ""Sox4"", ""Txn1"", ""Sfpq"", ""Hnrnpab"", ""Cux1"", ""Hnrnpa2b1"", ""Myb"", ""Cbx1"", ""Lmo4"", ""Ybx1"", ""Mier1"", ""Maz"", ""Cbx3"", ""Xrcc6"", ""Ezh2"", ""Gata3"", ""Smo"", ""Sumo2"", ""Smarca5"", ""Rorc"", ""Ctcf"", ""Trim28"", ""Eid1"", ""Smarca4"", ""Mxd4"", ""Nedd4"", ""Basp1"", ""Ikzf1"", ""Patz1"", ""Hnrnpu"", ""Rbbp4"", ""Tcf3"", ""Hmgn2"", ""Dap"", ""Nck2"", ""Nr3c1"", ""Nab2"", ""Gfi1"", ""Xbp1"", ""Bcl6"", ""Hmgb2"", ""Raly"", ""Larp7"", ""Hdac1"", ""Mbd3"", ""Suz12"", ""Tcf4"", ""Id3"", ""Bclaf1"", ""Hdgf"", ""Nfatc3"", ""Cbfa2t3"", ""Tdg"", ""Runx1"", ""Mtdh"", 
""Ywhaq"", ""Capn3"", ""Dusp5"", ""Ilf3"", ""Ybx3"", ""Cdk6"", ""Trps1"", ""Trim27"", ""Akirin2"", ""Cbx5"", ""Hcfc1"", ""Kdm2b"", ""Lef1"", ""Myef2"", ""Sap30"", ""Psmc5"", ""Uhrf1"", ""Egr1"", ""Scmh1"", ""Parp1"", ""Srebf2"", ""Rfc1"", ""Hdac2"", ""Strap"", ""Tfdp2"", ""Ppid"", ""Elk3"", ""Zbtb38"", ""Phb2"", ""Cby1"", ""Pcna"", ""Klf10"", ""Nkap"", ""Hmga1"", ""Drap1"", ""E2f8"", ""Hbp1"", ""Pkig"", ""Morc1"", ""Nfatc1"", ""Etv5"", ""Cited2"", ""Elk4"", ""Plk1"", ""Dnmt1"", ""Prmt5"", ""Notch1"", ""Cdk2"", ""Birc5"", ""Suv39h1"", ""Pole3"", ""Wdr5"", ""Pa2g4"", ""Rreb1"", ""Aurkb"", ""Tcerg1"", ""Cenpf"", 
""Coq7"", ""Cdkn1c"", ""Sox13"", ""Ylpm1"", ""Cnbp"", ""Taf3"", ""Atxn1"", ""Zfpm1"", ""Lyar"", ""Pou2f1"", ""Nelfa"", ""Cbx2"", ""Uri1"", ""Depdc1a"", ""Ehmt2"", ""Cxxc5"", ""Hivep1"", ""Nfkbie"", ""Samd1"", ""Cops2"", ""Notch3"", ""Rif1"", ""Zfp101"", ""Cbfb"", ""Nr4a3"", ""Tcf7l2"", ""Mxd3"", ""Zc3h4"", ""Rbbp7"", ""Gmnn"", ""Smad3"", ""Hoxa7"", ""Atf5"", ""Trim37"", ""Rbm15"", ""Uxt"", ""Tgif1"", ""Kctd1"", ""Ing2"", ""Bcor"", ""Pspc1"", ""Sgf29"", ""Hes1"")"
"155","GOBP_REGULATION_OF_LYMPHOCYTE_DIFFERENTIATION","0.00276227388058699","0.0249671164264639","0.431707695803346","-0.465622950663023","-1.57402002578104","105","c(""Hmgb1"", ""Tcf7"", ""Sox4"", ""Cd27"", ""Cd28"", ""Tox"", ""Cd24a"", ""Prdx2"", ""Xrcc6"", ""Gata3"", ""Hsp90aa1"", ""Rag1"", ""Rorc"", ""Ptprc"", ""Smarcc1"", ""Smarca4"", ""Hmgb3"", ""Ada"", ""Prelid1"", ""Xbp1"", ""Bcl6"", ""Dusp10"", ""Stat5b"", ""Rag2"", ""Actl6a"", ""Lgals9"", ""Ikzf3"", ""Runx1"", ""Lef1"", ""Cd1d1"")"
"156","GOBP_POSITIVE_REGULATION_OF_ORGANELLE_ORGANIZATION","0.000498782342333865","0.00763049285583324","0.477270815362862","-0.431437356475545","-1.57239800927358","192","c(""Cd28"", ""Sfpq"", ""Hnrnpa2b1"", ""Dynll1"", ""Atpif1"", ""Slc25a5"", ""Mns1"", ""Vdac1"", ""Anapc5"", ""Pdcd5"", ""Trim28"", ""Lig4"", ""Caprin1"", ""Smc4"", ""Hnrnpd"", ""Ppp1r35"", ""Rapgef3"", ""Nck2"", ""Siva1"", ""Rad21"", ""Tcp1"", ""Ptbp1"", ""Cct7"", ""Ckap5"", ""Actl6a"", ""Mad1l1"", ""Bcl2l11"", ""Fbxo5"", ""Mapk1"", ""Trim27"", ""C2cd5"", ""Pak1"", ""Ncapd2"", ""Cct2"", ""Cdc16"", ""Ccdc88a"", ""Smc5"", ""P2rx7"", ""Ruvbl1"", ""Ssbp1"", ""Uchl5"", ""Nup62"", ""Terf1"", ""Nusap1"", ""Ppm1e"", ""Baiap2"", ""Cdk1"", ""Cct3"", ""Pebp1"", ""Vps35"", ""Abi2"", ""Nsmce2"", ""Bbc3"", ""Ncaph"", 
""Cdc42ep3"", ""Dstn"", ""Aurka"", ""Cdc20"", ""Cenpe"", ""Ube2c"", ""Cep295"", ""Cct8"", ""Smc2"", ""Drg1"", ""Cdk2"", ""Igf1r"", ""Aurkb"", ""Sass6"", ""Rock2"", ""Nrp1"", ""Plk4"")"
"157","GOBP_POSITIVE_REGULATION_OF_TRANSCRIPTION_BY_RNA_POLYMERASE_II","1.27434117532262e-05","0.00050563265956445","0.593325476396405","-0.403849622969186","-1.57183946406743","377","c(""Hmgb1"", ""Sox4"", ""Cd28"", ""Ptma"", ""Sfpq"", ""Chchd2"", ""Myb"", ""Anxa2"", ""Ets1"", ""Ncl"", ""Lmo4"", ""Tcf12"", ""Ybx1"", ""Maz"", ""Xrcc6"", ""Gata3"", ""Ptov1"", ""Smo"", ""Pcbp1"", ""Sumo2"", ""Ptms"", ""Psmc3"", ""Smarca5"", ""Smarcc1"", ""Smarca4"", ""Dhx9"", ""Psmc6"", ""Ikzf1"", ""Hnrnpd"", ""Dek"", ""Patz1"", ""Pin1"", ""Rapgef3"", ""Rbmxl1"", ""Hnrnpu"", ""Gtf2a2"", ""Eif4a3"", ""Tcf3"", ""Ddx3x"", ""Ube2e1"", ""Nck2"", ""Nr3c1"", ""Ikzf2"", ""Nfkbia"", ""Jup"", ""Xbp1"", ""Hmgb2"", ""Stat5b"", ""Thrap3"", ""Larp7"", ""Hdac1"", ""Ptbp1"", ""Tcf4"", ""Bclaf1"", ""Leo1"", ""Tsc22d1"", ""Zcchc12"", 
""Hdgf"", ""Nfatc3"", ""Akt1"", ""Brd8"", ""Ikzf3"", ""Runx1"", ""E2f4"", ""Cops5"", ""Pknox1"", ""Nfyb"", ""Akirin2"", ""Hcfc1"", ""Psip1"", ""Lef1"", ""Tox2"", ""Med7"", ""Med14"", ""Egr1"", ""Klf13"", ""Parp1"", ""Srebf2"", ""Stat5a"", ""Hdac2"", ""E2f2"", ""Park7"", ""Tfdp2"", ""Fli1"", ""Baz1b"", ""Hras"", ""Hmgn3"", ""Zbed4"", ""Elk3"", ""Zbtb38"", ""Atf1"", ""Raf1"", ""Top2a"", ""Klf10"", ""Nucks1"", ""Hmga1"", ""Cebpg"", ""E2f8"", ""Egr2"", ""Mga"", ""Nfatc1"", ""Psmc3ip"", ""Etv5"", ""Cited2"", ""Nfya"", ""Elk4"", ""Nfat5"", ""Ddx21"", ""Notch1"", ""Med19"", ""Actn4"", ""Nr4a1"", ""Smarcb1"", ""Ppp2r5d"", 
""Ahi1"", ""Ncbp1"", ""Rreb1"", ""Mafg"", ""Tcerg1"", ""Coq7"", ""Med30"", ""Cnbp"", ""Atad2"", ""Taf3"", ""Atxn1"", ""Gtf2f2"", ""Zfpm1"", ""Ablim1"", ""Pou2f1"", ""Mybl2"", ""Nelfa"", ""Mafb"")"
"158","GOBP_TELOMERE_ORGANIZATION","0.00687214236127532","0.0488398481599334","0.407017918923954","-0.487287436947987","-1.57155338979961","76","c(""H3f3a"", ""H3f3b"", ""Hnrnpa2b1"", ""Xrcc6"", ""Ezh2"", ""Hsp90aa1"", ""Hnrnpc"", ""Hnrnpd"", ""Hnrnpu"", ""Tcp1"", ""Cct7"", ""Actl6a"", ""Mapk1"", ""Cct2"", ""Parp1"", ""Smc5"", ""Ruvbl1"", ""Uchl5"", ""Terf1"", ""Pcna"", ""Cct3"", ""Ccne2"", ""Nsmce2"", ""Ptges3"", ""Cct8"", ""Aurkb"", ""Hat1"", ""Ylpm1"")"
"159","GOBP_NEGATIVE_REGULATION_OF_NUCLEOBASE_CONTAINING_COMPOUND_METABOLIC_PROCESS","4.47252925127787e-06","0.0001975507731555","0.610526878385931","-0.397089642517477","-1.56581398777742","430","c(""Satb1"", ""Hmgb1"", ""Tcf7"", ""Sox4"", ""Txn1"", ""Sfpq"", ""Hnrnpab"", ""Cux1"", ""Hnrnpa2b1"", ""Myb"", ""Cbx1"", ""Lmo4"", ""Ybx1"", ""Mier1"", ""Maz"", ""Cbx3"", ""Xrcc6"", ""Ezh2"", ""Gata3"", ""Hnrnpc"", ""Smo"", ""Sumo2"", ""Srsf7"", ""Srsf9"", ""Srsf6"", ""Smarca5"", ""Rorc"", ""Ctcf"", ""Srsf1"", ""Trim28"", ""Eid1"", ""Smarca4"", ""Dhx9"", ""Mxd4"", ""Nedd4"", ""Basp1"", ""Ikzf1"", ""Hnrnpd"", ""Patz1"", ""Hnrnpu"", ""Rbbp4"", ""Tcf3"", ""Hmgn2"", ""Srsf10"", ""Dap"", ""Nck2"", ""Nr3c1"", ""Nab2"", ""Gfi1"", ""Xbp1"", ""Bcl6"", ""Hmgb2"", ""Raly"", ""Thrap3"", ""Larp7"", ""Hdac1"", ""Ptbp1"", 
""Mbd3"", ""Syncrip"", ""Suz12"", ""Msh6"", ""Tcf4"", ""Id3"", ""Bclaf1"", ""Hdgf"", ""U2af2"", ""Nfatc3"", ""Cbfa2t3"", ""Tdg"", ""Runx1"", ""Mtdh"", ""Fbxo5"", ""H1f0"", ""Ywhaq"", ""Capn3"", ""Dusp5"", ""Ilf3"", ""Ybx3"", ""Cdk6"", ""Trps1"", ""Trim27"", ""Akirin2"", ""Cbx5"", ""Hcfc1"", ""Kdm2b"", ""Pds5a"", ""Lef1"", ""Myef2"", ""Rnps1"", ""Sap30"", ""Gzma"", ""Psmc5"", ""Uhrf1"", ""Egr1"", ""Scmh1"", ""Parp1"", ""Srebf2"", ""Rfc1"", ""Hdac2"", ""Strap"", ""Tfdp2"", ""Ppid"", ""Elk3"", ""Terf1"", ""Zbtb38"", ""Phb2"", ""Cby1"", ""Pcna"", ""Klf10"", ""Nkap"", ""Hmga1"", ""Drap1"", ""E2f8"", ""Hbp1"", ""Pkig"", 
""Morc1"", ""Nfatc1"", ""Etv5"", ""Cited2"", ""Elk4"", ""Plk1"", ""Dnmt1"", ""Taf15"", ""Prmt5"", ""Tipin"", ""Notch1"", ""Fmr1"", ""Cdk2"", ""Birc5"", ""Suv39h1"", ""Pole3"", ""Larp4b"", ""Wdr5"", ""Pa2g4"", ""Rreb1"", ""Aurkb"", ""Tcerg1"", ""Rmi2"", ""Dusp1"", ""Cenpf"", ""Coq7"", ""Cdkn1c"", ""Srsf4"", ""Sox13"")"
"160","GOBP_NEGATIVE_REGULATION_OF_TRANSCRIPTION_BY_RNA_POLYMERASE_II","9.17364684343449e-05","0.00214755072604801","0.538434096309916","-0.411179060967236","-1.55697882839106","269","c(""Satb1"", ""Hmgb1"", ""Tcf7"", ""Sox4"", ""Txn1"", ""Sfpq"", ""Hnrnpab"", ""Cux1"", ""Hnrnpa2b1"", ""Myb"", ""Cbx1"", ""Lmo4"", ""Ybx1"", ""Mier1"", ""Maz"", ""Cbx3"", ""Ezh2"", ""Gata3"", ""Smo"", ""Rorc"", ""Ctcf"", ""Trim28"", ""Eid1"", ""Smarca4"", ""Mxd4"", ""Nedd4"", ""Ikzf1"", ""Patz1"", ""Hnrnpu"", ""Rbbp4"", ""Tcf3"", ""Hmgn2"", ""Nck2"", ""Nr3c1"", ""Gfi1"", ""Xbp1"", ""Bcl6"", ""Hmgb2"", ""Raly"", ""Larp7"", ""Hdac1"", ""Mbd3"", ""Suz12"", ""Tcf4"", ""Id3"", ""Hdgf"", ""Cbfa2t3"", ""Tdg"", ""Runx1"", ""Mtdh"", ""Ybx3"", ""Cdk6"", ""Trps1"", ""Trim27"", ""Akirin2"", ""Cbx5"", ""Hcfc1"", ""Kdm2b"", 
""Lef1"", ""Myef2"", ""Sap30"", ""Uhrf1"", ""Egr1"", ""Parp1"", ""Srebf2"", ""Rfc1"", ""Hdac2"", ""Strap"", ""Ppid"", ""Pcna"", ""Nkap"", ""Hmga1"", ""Drap1"", ""E2f8"", ""Hbp1"", ""Pkig"", ""Nfatc1"", ""Etv5"", ""Cited2"", ""Elk4"", ""Plk1"", ""Dnmt1"", ""Prmt5"", ""Notch1"", ""Cdk2"", ""Suv39h1"", ""Pole3"", ""Wdr5"", ""Rreb1"", ""Aurkb"", ""Tcerg1"", ""Coq7"", ""Cdkn1c"", ""Sox13"", ""Ylpm1"", ""Cnbp"", ""Taf3"", ""Atxn1"", ""Zfpm1"", ""Lyar"")"
"161","GOBP_DNA_REPLICATION","0.0010950736492702","0.0134218189159243","0.45505986738723","-0.437042125827616","-1.55663013725941","153","c(""Smarca5"", ""Lig4"", ""Dhx9"", ""Smc3"", ""Rbbp4"", ""Mcm7"", ""Supt16"", ""Alyref"", ""Asf1a"", ""Id3"", ""Actl6a"", ""Nasp"", ""Ccna2"", ""Fbxo5"", ""Rrm1"", ""Pds5a"", ""Parp1"", ""Ccdc88a"", ""Rfc1"", ""Lig1"", ""Ruvbl1"", ""Hras"", ""Dbf4"", ""Ssbp1"", ""Uchl5"", ""Terf1"", ""Zbtb38"", ""Atf1"", ""Pcna"", ""Cdk1"", ""Nucks1"", ""E2f8"", ""Ccne2"", ""Cacybp"", ""Rfc4"", ""Rpa3"", ""Tipin"", ""Cdk2"", ""Tk1"", ""Orc6"", ""Pole3"", ""Cst3"", ""Rbbp8"", ""Rmi2"", ""Atad5"", ""Wdr18"", ""Rfc3"", ""Jade1"", ""Ehmt2"", ""Dnajc2"", ""Wrn"", ""Gins1"", ""Ruvbl2"", ""Esco2"", ""Topbp1"", ""Prim2"", ""Etaa1"", 
""Rfwd3"", ""Rbbp7"", ""Gmnn"", ""Nfia"", ""Pola1"", ""Mcm2"", ""Gtpbp4"", ""Cdc6"", ""Recql"", ""Faf1"", ""Ddx11"", ""Mcm6"", ""Usp37"", ""Orc2"", ""Dna2"", ""Gins2"", ""Sin3a"", ""Fen1"", ""Chaf1a"", ""Cdc7"", ""Fancm"", ""Blm"", ""Rpa1"", ""Pole4"", ""Dtl"", ""Pif1"", ""Cdc45"", ""Rad50"", ""Brca2"", ""Mre11a"", ""Prim1"", ""Polk"", ""Bard1"", ""Pola2"", ""Noc3l"", ""Rad51"", ""Stra8"", ""Ctc1"", ""Brca1"", ""Traip"", ""Mcm10"", ""E2f7"")"
"162","GOBP_CELL_CELL_SIGNALING","3.24362342000858e-05","0.000926014930029277","0.557332238758646","-0.399120052331807","-1.55580369358156","380","c(""Tcf7"", ""Sh2d1a"", ""Sox4"", ""Cd24a"", ""Camk4"", ""Dynll1"", ""Myb"", ""Ly6e"", ""Thy1"", ""Ezh2"", ""Gata3"", ""Kras"", ""Smo"", ""Vdac1"", ""Dbi"", ""Rapsn"", ""Smarca4"", ""Nedd4"", ""Pin1"", ""Ppt1"", ""Slc29a1"", ""Eif4a3"", ""Tubb2b"", ""Ddx3x"", ""Nr3c1"", ""Jup"", ""Xbp1"", ""Atp5j"", ""Hdac1"", ""Ptbp1"", ""Slc38a1"", ""Leo1"", ""Als2"", ""Eif4e"", ""Itgb1"", ""Ckap5"", ""Dgke"", ""Runx1"", ""Mapk1"", ""Syt13"", ""Slc16a1"", ""Fabp5"", ""Srgn"", ""Hcfc1"", ""Serp1"", ""Lef1"", ""Pak1"", ""Slc7a11"", ""Psmc5"", ""Nrros"", ""Egr1"", ""Vdac3"", ""Hmgcr"", ""Hdac2"", ""P2rx7"", ""P2rx1"", ""Park7"", 
""Ndufaf2"", ""Ruvbl1"", ""Eny2"", ""Hras"", ""Hmgn3"", ""Ddb1"", ""Ptger4"", ""Exoc4"", ""Raf1"", ""Glul"", ""Cby1"", ""Baiap2"", ""Hmga1"", ""Hbp1"", ""Tnfaip3"", ""Rnf43"", ""Vps35"", ""Akap12"", ""Wnt8b"", ""Etv5"", ""Cdc20"", ""Nrgn"", ""Notch1"", ""Fmr1"", ""Rab1a"", ""Nr4a1"", ""Birc5"")"
"163","GOBP_ESTABLISHMENT_OF_PROTEIN_LOCALIZATION_TO_ORGANELLE","0.00191029290937767","0.0195283655059088","0.45505986738723","-0.435331187833404","-1.54456975385709","147","c(""Atpif1"", ""Hsp90aa1"", ""Smo"", ""Pdcd5"", ""Trim28"", ""Nedd4"", ""Tomm7"", ""Hsp90ab1"", ""Nfkbia"", ""Jup"", ""Xbp1"", ""Tcp1"", ""Mtch1"", ""Cct7"", ""Dnajc15"", ""Akt1"", ""Mapk1"", ""Akirin2"", ""Cct2"", ""Tomm40"", ""Timm13"", ""Romo1"", ""Srp68"", ""Sec61b"", ""Ran"", ""Nup62"", ""Terf1"", ""Fbxw7"", ""Phb2"", ""Hspa4"", ""Vps36"", ""Cdk1"", ""Cct3"", ""Tnfaip3"", ""Pkig"", ""Bbc3"", ""Snf8"", ""Tomm20"", ""Ranbp2"", ""Sec13"", ""Hspd1"", ""Pam16"", ""Notch1"", ""Cct8"", ""Ect2"", ""Prkcd"", ""Pex6"", ""Aifm1"", ""Tnpo1"", ""Kpna2"", ""Bid"", ""Nolc1"", ""Kpna3"", ""Pex7"", ""Pmpcb"", ""Kpnb1"", 
""Syk"", ""Tomm70a"", ""Nup54"", ""Cse1l"", ""Samm50"", ""Pom121"", ""Dnlz"", ""Ruvbl2"", ""Get4"", ""Angpt1"", ""Nup88"", ""Trim37"", ""Akap1"", ""Nup50"", ""Nup107"", ""Uaca"", ""Ubl4a"")"
"164","GOBP_DNA_RECOMBINATION","0.00340156279840439","0.0289105550631743","0.431707695803346","-0.435123487270929","-1.53255566909334","140","c(""Hmgb1"", ""Tcf7"", ""Cd28"", ""Sfpq"", ""Xrcc6"", ""Ezh2"", ""Rag1"", ""Ptprc"", ""Lig4"", ""Nsmce1"", ""Tcf3"", ""Swi5"", ""Mcm7"", ""Rad21"", ""Bcl6"", ""Hmgb2"", ""Alyref"", ""Morf4l2"", ""Rag2"", ""Msh6"", ""Ube2n"", ""Actl6a"", ""Brd8"", ""H1f0"", ""Sfr1"", ""Lef1"", ""Parp1"", ""Smc5"", ""Lig1"", ""Tfrc"", ""Ruvbl1"", ""Uchl5"", ""Top2a"", ""Nucks1"", ""Exosc3"", ""Inip"", ""Nsmce2"", ""Psmc3ip"", ""Rpa3"", ""Hspd1"", ""Rbbp8"", ""Rmi2"", ""Atad5"", ""Rhno1"", ""Msh2"", ""Xrcc1"", ""Wrn"", ""Ruvbl2"", ""Topbp1"", ""Rif1"", ""Psmd14"", ""Rfwd3"", ""Mcm2"", ""Aunip"", ""Recql"", ""Exo1"", ""Mcm6"", ""Rad51ap1"", 
""Rnf168"", ""Gins2"", ""Paxip1"", ""Fignl1"", ""Cdc7"", ""Rad18"", ""Fancm"", ""Terf2ip"", ""Blm"", ""Rpa1"", ""Trip13"", ""Apex1"", ""Pif1"", ""Cdc45"", ""Rad50"", ""Brca2"", ""Spidr"", ""Mre11a"")"
"165","GOBP_ESTABLISHMENT_OF_ORGANELLE_LOCALIZATION","0.00165840568720102","0.0174879626744936","0.45505986738723","-0.42715645589348","-1.52972806458293","165","c(""Ap3s1"", ""Dynll1"", ""Lmnb1"", ""Lat"", ""Rcc2"", ""Hnrnpu"", ""Bub3"", ""Ubb"", ""Pcm1"", ""Tacc2"", ""Itgb1"", ""Mad1l1"", ""Cops5"", ""Tuba1a"", ""Ccnb1"", ""Nde1"", ""Ran"", ""Nup62"", ""Terf1"", ""Exoc4"", ""Nusap1"", ""Nudc"", ""Spc24"", ""Cdca8"", ""Snf8"", ""Spc25"", ""Plk1"", ""Cenpe"", ""Incenp"", ""Trappc1"", ""a"", ""Cenpq"", ""Rab1a"", ""Ect2"", ""Actn4"", ""Birc5"", ""Kif22"", ""Ahi1"", ""Aurkb"", ""Mad2l1"", ""Cep83"", ""Dtnbp1"", ""Cenpf"", ""Eif6"", ""Seh1l"", ""Tacc3"", ""Sdc4"", ""Atp13a2"", ""Kpnb1"", ""Syk"", ""Spry1"", ""Kif2c"", ""Cenpc1"", ""Nr4a3"", ""Cenpa"", ""Knstrn"", ""Spdl1"", 
""Nup88"", ""Kif18a"", ""Nuf2"", ""Myo1c"", ""Ndc80"", ""Zbed3"", ""Nek2"", ""Nmd3"", ""Enkd1"", ""Cdca5"", ""Syne1"", ""Nop9"", ""Cdk5rap2"", ""Cdc42bpa"", ""Spag5"", ""Gpsm2"", ""Nsl1"", ""Xpo1"", ""Psrc1"", ""Gem"")"
"166","GOBP_PROTEIN_LOCALIZATION_TO_ORGANELLE","0.000254273400999783","0.00454392390641597","0.49849310876659","-0.399399624887563","-1.52951370037994","302","c(""Txn1"", ""Ywhae"", ""Atpif1"", ""Lztfl1"", ""Ybx1"", ""Hnrnpm"", ""Ezh2"", ""Hsp90aa1"", ""Smo"", ""Lmnb1"", ""Pdcd5"", ""Ctcf"", ""Srsf1"", ""Rapsn"", ""Trim28"", ""Rdx"", ""Dhx9"", ""Nedd4"", ""Rcc2"", ""Pin1"", ""Hnrnpu"", ""Tomm7"", ""Bub3"", ""Hsp90ab1"", ""Ddx3x"", ""Rad21"", ""Nfkbia"", ""Jup"", ""Xbp1"", ""Tcp1"", ""Mtch1"", ""Larp7"", ""Cct7"", ""Pcm1"", ""Ssb"", ""Hdgf"", ""Dnajc15"", ""Akt1"", ""Mapk1"", ""Emc8"", ""Ddx1"", ""Akirin2"", ""Srgn"", ""Lef1"", ""Pak1"", ""Cct2"", ""Tomm40"", ""Parp1"", ""Ccdc88a"", ""Smc5"", ""Tfrc"", ""Timm13"", ""Park7"", ""Romo1"", ""Sumo3"", ""Hras"", ""Srp68"", 
""Sec61b"", ""Ran"", ""Nup62"", ""Terf1"", ""Fbxw7"", ""Phb2"", ""Glul"", ""Hspa4"", ""Vps36"", ""Cdk1"", ""Cct3"", ""Tnfaip3"", ""Pkig"", ""Vps35"", ""Topors"", ""Bbc3"", ""Snf8"", ""Tomm20"", ""Aurka"", ""Plk1"", ""Ranbp2"", ""Sec13"", ""Hspd1"", ""Pam16"", ""Arl1"", ""Notch1"", ""Gdi2"", ""Cct8"", ""Cenpq"", ""Ect2"", ""Cep250"", ""Ahi1"", ""Bag1"", ""Prkcd"", ""Aurkb"", ""Rock2"", ""Pex6"", ""Cep83"", ""Nrp1"", ""Bub1b"", ""Aifm1"", ""Taf3"", ""Tnpo1"", ""Kpna2"", ""Bid"", ""Nolc1"", ""Kpna3"", ""Insig1"", ""Pex7"", ""Atp13a2"", ""Pmpcb"", ""Kpnb1"", ""Syk"", ""Tomm70a"", ""Msh2"", ""Nup54"", ""Camk2a"", 
""Cse1l"", ""Samm50"", ""Pom121"", ""Wrn"", ""Dnlz"", ""Ruvbl2"", ""Esco2"", ""Kif20b"", ""Cenpa"", ""Tcf7l2"", ""Get4"", ""Angpt1"", ""Rpf2"", ""Spdl1"", ""Nup88"")"
"167","GOBP_ESTABLISHMENT_OF_PROTEIN_LOCALIZATION","2.77495948653087e-05","0.000853397056637773","0.575610261071129","-0.384236965200646","-1.52472312221118","439","c(""Ap3s1"", ""Sox4"", ""Txn1"", ""Ywhae"", ""Cd24a"", ""Camk4"", ""Dynll1"", ""Atpif1"", ""Marcks"", ""Aqp11"", ""Hnrnpm"", ""Desi1"", ""Hsp90aa1"", ""Arl6ip1"", ""Colq"", ""Smo"", ""Pdcd5"", ""Anp32b"", ""Rapsn"", ""Trim28"", ""Rdx"", ""Nedd4"", ""Rcc2"", ""Ikzf1"", ""Rapgef3"", ""Ppt1"", ""Tomm7"", ""Hsp90ab1"", ""Nfkbia"", ""Jup"", ""Xbp1"", ""Tcp1"", ""Psap"", ""Mtch1"", ""Ptbp1"", ""Cct7"", ""Pcm1"", ""Itgb1"", ""Timm8b"", ""Dnajc15"", ""Akt1"", ""Nasp"", ""Idh2"", ""Mapk1"", ""Ywhaq"", ""Emc8"", ""Slc16a1"", ""Akirin2"", ""Hcfc1"", ""Bsg"", ""Serp1"", ""Mtx2"", ""C2cd5"", ""Pak1"", ""Cct2"", ""Hspb11"", 
""Slc7a11"", ""Tomm40"", ""Tuba1a"", ""Hmgcr"", ""P2rx7"", ""Tfrc"", ""Timm13"", ""Park7"", ""Ndufaf2"", ""Cnih4"", ""Eny2"", ""Romo1"", ""Hras"", ""Srp68"", ""Ppid"", ""Hmgn3"", ""Sec61b"", ""Ptp4a3"", ""Ran"", ""Lyst"", ""Rilpl2"", ""Nup62"", ""Terf1"", ""Ctdspl2"", ""Fbxw7"", ""Ptger4"", ""Exoc4"", ""Phb2"", ""Raf1"", ""Glul"", ""Hspa4"", ""Vps36"", ""Cdk1"", ""Dynlt1f"", ""Cct3"", ""Hmga1"", ""Sytl3"", ""Egr2"", ""Rrbp1"", ""Tnfaip3"", ""Pkig"", ""Vps35"", ""Ptpn14"", ""Bbc3"", ""Snf8"", ""Tomm20"", ""Plk1"", ""Cenpe"", ""Ranbp2"", ""Sec13"", ""Hspd1"", ""Pam16"", ""Arl1"", ""Notch1"", ""Cep295"", ""Gdi2"", 
""Cct8"", ""Yif1b"", ""Pcnt"", ""Rab1a"", ""Ect2"", ""Actn4"", ""Birc5"", ""Acsl3"", ""Ahi1"", ""Prkcd"", ""Nxt1"", ""Pex6"", ""Cenpf"", ""Tiam1"", ""Xpo7"", ""Aifm1"", ""Blk"", ""Seh1l"", ""Tnpo1"", ""Kif20a"", ""Kpna2"", ""Bid"", ""Nolc1"", ""Kpna3"", ""Insig1"", ""Kif3a"", ""Pex7"", ""Atp13a2"", ""Pmpcb"", ""Tmed5"", ""Kpnb1"", ""Syk"", ""Tomm70a"", ""Nup54"", ""Hspa9"", ""Cse1l"", ""Samm50"", ""Pom121"", ""Dnlz"", ""Ruvbl2"", ""Kif20b"", ""Ap1s1"", ""Tcf7l2"", ""Get4"", ""Angpt1"", ""Nup88"", ""Cep290"", ""Cacna1e"", ""Mtx1"", ""Snx5"", ""Cltb"", ""Zdhhc21"", ""Kif18a"", ""Trim37"", ""Adora2a"", ""Chml"", 
""Akap1"", ""Myo1c"")"
"168","GOBP_ORGANOPHOSPHATE_BIOSYNTHETIC_PROCESS","0.00130610724924906","0.0148427042256895","0.45505986738723","-0.421448108715255","-1.52227782039613","179","c(""Gapdh"", ""Atp5b"", ""Atp5h"", ""Atp5g3"", ""Vdac1"", ""Atp5k"", ""Dut"", ""Atp5j2"", ""Ndufs6"", ""Ada"", ""Ndufb7"", ""Prps2"", ""Atp5a1"", ""Rrm2"", ""Ndufc2"", ""Atp5j"", ""Ndufb8"", ""Fdps"", ""Ndufb6"", ""Atp5o"", ""Ndufa5"", ""Agpat5"", ""Dtymk"", ""Dgke"", ""Idh2"", ""Mapk1"", ""Mdh1"", ""Rrm1"", ""Atp5c1"", ""Fabp5"", ""Tyms"", ""Uck2"", ""Ndufc1"", ""Parp1"", ""Mpc1"", ""Ndufs8"", ""Ndufb9"", ""Mdh2"", ""Ndufab1"", ""Dld"", ""mt-Nd1"", ""Sdhb"", ""Atp5d"", ""Pmvk"", ""Idi1"", ""Acsl3"", ""Tk1"", ""Ndufa12"", ""Dgkg"", ""Pcyt1a"", ""Ndufv2"", ""Chka"", ""Cmpk1"", ""Ndufb10"", ""Gars"", ""Adssl1"", 
""Ndufb2"", ""Acot7"", ""Adss"", ""Aldoa"", ""Paics"", ""Gmps"", ""Acly"", ""Crls1"", ""Dlat"", ""Slc4a7"", ""Dcakd"", ""Pdk3"", ""Ndufs1"", ""Sdhc"")"
"169","GOBP_GLAND_DEVELOPMENT","0.00231189347076615","0.0222721918315372","0.431707695803346","-0.427091406005561","-1.52023141591686","154","c(""Prdx2"", ""Myb"", ""Lmo4"", ""Ly6e"", ""Ezh2"", ""Gata3"", ""Smo"", ""Rag1"", ""Edaradd"", ""Smarca4"", ""Ikzf1"", ""Ada"", ""Nr3c1"", ""Xbp1"", ""Stat5b"", ""Psap"", ""Nfatc3"", ""Mad1l1"", ""Bcl2l11"", ""Runx1"", ""Mapk1"", ""Lef1"", ""Stat5a"", ""Mki67"", ""Phb2"", ""Raf1"", ""Hmga1"", ""E2f8"", ""Tnfaip3"", ""Ccnb2"", ""Etv5"", ""Cited2"", ""Aurka"", ""Notch1"", ""Fkbp4"", ""Smarcb1"", ""Igf1r"", ""Rreb1"", ""Nrp1"", ""Cdkn1c"")"
"170","GOBP_NUCLEOBASE_CONTAINING_SMALL_MOLECULE_METABOLIC_PROCESS","0.00157439317256305","0.0169066716374775","0.45505986738723","-0.415939821611496","-1.51602295838486","195","c(""Atpif1"", ""Atp5b"", ""Atp5h"", ""Atp5g3"", ""Vdac1"", ""Atp5k"", ""Dut"", ""Atp5j2"", ""Ndufs6"", ""Ada"", ""Ndufb7"", ""Prps2"", ""Atp5a1"", ""Rrm2"", ""Ndufc2"", ""Atp5j"", ""Ndufb8"", ""Ndufb6"", ""Atp5o"", ""Ndufa5"", ""Dtymk"", ""Idh2"", ""Mapk1"", ""Mdh1"", ""Rrm1"", ""Atp5c1"", ""Nt5c3b"", ""Pcmt1"", ""Nt5c2"", ""Tyms"", ""Uck2"", ""Ndufc1"", ""Nudt4"", ""Parp1"", ""Hmgcr"", ""Mpc1"", ""Ndufs8"", ""Ndufb9"", ""Park7"", ""Ran"", ""Pmm1"", ""Mdh2"", ""Ndufab1"", ""Nudt5"", ""Dld"", ""mt-Nd1"", ""Dnph1"", ""Sdhb"", ""Atp5d"", ""Pmvk"", ""Itpa"", ""Acsl3"", ""Tk1"", ""Ndufa12"", ""Ndufv2"", ""Atp6v1a"", 
""Cmpk1"", ""Ndufb10"", ""Gars"", ""Adssl1"", ""Txnrd1"", ""Ndufb2"", ""Pgls"", ""Cs"", ""Acot7"", ""Adss"", ""Aldoa"", ""Rpia"", ""Paics"", ""Gmps"", ""Fut8"", ""Acly"", ""Pde5a"", ""Gmds"", ""Dlat"", ""Slc4a7"", ""Dcakd"", ""Pdk3"", ""Idh3a"", ""Ndufs1"", ""Rnaseh2b"", ""Sdhc"", ""Nudt1"", ""Idh3g"", ""Sdhd"", ""Nme1"")"
"171","GOBP_MITOCHONDRION_ORGANIZATION","0.00350612041001675","0.0294187379206065","0.431707695803346","-0.414848969246162","-1.49915480832756","177","c(""Cd24a"", ""Dynll1"", ""Chchd2"", ""Atpif1"", ""Marcks"", ""Slc25a5"", ""Hsp90aa1"", ""Cox7a2"", ""Vdac1"", ""Pdcd5"", ""Tomm7"", ""Ndufs6"", ""Siva1"", ""Ndufb7"", ""Prelid1"", ""Ndufc2"", ""Mtch1"", ""Ndufb8"", ""Ndufb6"", ""Ndufa5"", ""Dnajc15"", ""Akt1"", ""Bcl2l11"", ""Chchd3"", ""Rrm1"", ""Mtx2"", ""Immt"", ""Vdac2"", ""Ndufc1"", ""Tomm40"", ""Parp1"", ""P2rx7"", ""Ndufs8"", ""Tfrc"", ""Timm13"", ""Ndufb9"", ""Park7"", ""Ndufaf2"", ""Romo1"", ""Ssbp1"", ""Fbxw7"", ""Phb2"", ""Hspa4"", ""Dynlt1f"", ""Ndufab1"", ""Vps35"", ""Bbc3"", ""Tomm20"", ""mt-Nd1"", ""Aurka"", ""Rnf7"", ""Hspd1"", ""Pam16"", 
""Atp5d"", ""Ndufa12"", ""Fundc2"", ""Coq7"", ""Ndufb10"", ""Aifm1"", ""Ndufb2"", ""Bid"", ""Mrpl15"", ""Atp13a2"", ""Pmpcb"", ""Tomm70a"", ""Chchd6"", ""Camk2a"", ""Samm50"", ""Dnlz"")"
"172","GOBP_DNA_DAMAGE_RESPONSE","0.000228211581787804","0.00417377588254102","0.518848077743792","-0.386858876704459","-1.4972870676841","336","c(""Hmgb1"", ""Sox4"", ""Dntt"", ""Sfpq"", ""Cbx1"", ""Cbx3"", ""Xrcc6"", ""Hmgn1"", ""Smarca5"", ""Trim28"", ""Lig4"", ""Smc4"", ""Smarcc1"", ""Smarca4"", ""Dhx9"", ""Gtf2h4"", ""Dek"", ""Ddx39b"", ""Smc3"", ""Nsmce1"", ""Swi5"", ""Mcm7"", ""Supt16"", ""Rad21"", ""Egln3"", ""Bcl7c"", ""Bcl6"", ""Ube2a"", ""Morf4l2"", ""Rps27l"", ""Msh6"", ""Asf1a"", ""Ube2n"", ""Bclaf1"", ""Dcun1d5"", ""Actl6a"", ""Akt1"", ""Brd8"", ""Tdg"", ""Bcl2l11"", ""Fbxo5"", ""Mapk1"", ""Cops3"", ""Sfr1"", ""Bcl7a"", ""Cdk6"", ""Ddx1"", ""Rrm1"", ""Cbx5"", ""Pds5b"", ""Pds5a"", ""Pak1"", ""Smc1a"", ""Polr2i"", ""Uhrf1"", ""Parp1"", 
""Smc5"", ""Usp1"", ""Rfc1"", ""Lig1"", ""Park7"", ""Ruvbl1"", ""Eny2"", ""Baz1b"", ""Cdkn2d"", ""Uchl5"", ""Fbxw7"", ""Ddb1"", ""Zbtb38"", ""Top2a"", ""Pcna"", ""Cdk1"", ""Nucks1"", ""Hmga1"", ""Cebpg"", ""Sf3b3"", ""Topors"", ""Inip"", ""Nsmce2"", ""Bbc3"", ""Nfat5"", ""Clspn"", ""Spred1"", ""Plk1"", ""Rfc4"", ""Rpa3"", ""Tipin"", ""Fmr1"", ""Brcc3"", ""Smc2"", ""Cdk2"", ""Suv39h1"", ""Smarcb1"", ""Kif22"", ""Pole3"", ""Rad23b"", ""Rbbp8"", ""Prkcd"", ""Rmi2"", ""Prpf19"", ""Atad5"", ""Rhno1"", ""Bid"", ""Rfc3"", ""Sf3b5"", ""Nsmce4a"", ""Fbxo45"", ""Msh2"", ""Chchd6"", ""Xrcc1"", ""Wrn"", ""Ruvbl2"", ""Esco2"", 
""Topbp1"", ""Wdr76"", ""Rif1"", ""Psmd14"", ""Etaa1"", ""Neil3"", ""Rnaseh2b"", ""Rfwd3"", ""Taf5l"", ""Pola1"", ""Mcm2"", ""Aunip"", ""Recql"", ""Exo1"", ""Ddx11"", ""Usp10"", ""Ints7"", ""Sgf29"", ""Mcm6"", ""Foxm1"", ""Ercc6l2"", ""Rad51ap1"", ""Rnf168"", ""Dna2"", ""Uaca"", ""Rev1"", ""Casp3"", ""Cdca5"", ""Gins2"", ""Ash2l"", ""Commd1"", ""Fen1"", ""Chaf1a"", ""Paxip1"", ""Taf5"", ""Fignl1"", ""Rbm24"", ""Cdc7"", ""Tdp2"", ""Rad18"", ""Ube2t"", ""Fancm"", ""Terf2ip"", ""Pnp"", ""Blm"", ""Stub1"")"
"173","GOBP_RESPONSE_TO_ORGANIC_CYCLIC_COMPOUND","0.00156548151309571","0.0168884434200786","0.45505986738723","-0.406853151725075","-1.49612831008777","217","c(""Hmgb1"", ""Dntt"", ""Ezh2"", ""Smo"", ""Rorc"", ""Cxcr4"", ""Ly6d"", ""Smarca4"", ""Dhx9"", ""Nedd4"", ""Hnrnpd"", ""Mat2a"", ""Rapgef3"", ""Hnrnpu"", ""Ada"", ""Ube2l3"", ""Nr3c1"", ""Nfkbia"", ""Jup"", ""Hmgb2"", ""Stat5b"", ""Hdac1"", ""Id3"", ""Eif4e"", ""Akt1"", ""Mapk1"", ""Cdk6"", ""Slc16a1"", ""Ddx1"", ""Pak1"", ""Slc7a11"", ""Palm"", ""Egr1"", ""Parp1"", ""Stat5a"", ""Hdac2"", ""P2rx7"", ""Cdk4"", ""P2rx1"", ""Park7"", ""Cdkn2d"", ""Ranbp1"", ""Atf1"", ""Phb2"", ""Cdk1"", ""Aldh2"", ""Hmga1"", ""Vps35"", ""Ptges3"", ""Dnmt1"", ""Prmt5"", ""Ddx21"", ""Fkbp4"", ""Slc3a2"", ""Zfp36l1"", ""Idi1"", 
""Epg5"", ""Cdk2"", ""Agl"", ""Rock2"", ""Dtnbp1"", ""Hsp90b1"")"
"174","GOBP_DOUBLE_STRAND_BREAK_REPAIR","0.00693218143212184","0.0490279055365475","0.407017918923954","-0.433157324477002","-1.49260454162521","114","c(""Dntt"", ""Sfpq"", ""Xrcc6"", ""Lig4"", ""Smarcc1"", ""Smarca4"", ""Dek"", ""Nsmce1"", ""Swi5"", ""Mcm7"", ""Rad21"", ""Bcl7c"", ""Morf4l2"", ""Ube2n"", ""Actl6a"", ""Brd8"", ""Sfr1"", ""Bcl7a"", ""Ddx1"", ""Parp1"", ""Smc5"", ""Lig1"", ""Ruvbl1"", ""Nucks1"", ""Inip"", ""Nsmce2"", ""Rpa3"", ""Brcc3"", ""Smarcb1"", ""Rbbp8"", ""Rmi2"", ""Prpf19"", ""Msh2"", ""Xrcc1"", ""Wrn"", ""Ruvbl2"", ""Esco2"", ""Rif1"", ""Psmd14"", ""Rfwd3"", ""Pola1"", ""Mcm2"", ""Aunip"", ""Recql"", ""Mcm6"", ""Foxm1"", ""Rad51ap1"", ""Rnf168"", ""Dna2"", ""Cdca5"", ""Gins2"", ""Fignl1"", ""Cdc7"", ""Tdp2"", ""Fancm"", ""Terf2ip"", 
""Blm"", ""Rpa1"", ""Trip13"", ""Cdc45"", ""Fh1"", ""Rad50"", ""Brca2"", ""Spidr"", ""Mre11a"", ""Babam1"")"
"175","GOBP_REGULATION_OF_CELLULAR_LOCALIZATION","0.000235439566257592","0.00427258933805444","0.518848077743792","-0.388511093118186","-1.48858177249495","308","c(""Sox4"", ""Txn1"", ""Ywhae"", ""Hnrnpab"", ""Camk4"", ""Dynll1"", ""Atpif1"", ""Lztfl1"", ""Anxa2"", ""Hnrnpm"", ""Hsp90aa1"", ""Smo"", ""Pdcd5"", ""Anp32b"", ""Trim28"", ""Cd4"", ""Cd247"", ""Rdx"", ""Dhx9"", ""Nedd4"", ""Pin1"", ""Rapgef3"", ""Tomm7"", ""Hsp90ab1"", ""Jup"", ""Xbp1"", ""Tcp1"", ""Larp7"", ""Ptbp1"", ""Cct7"", ""Pcm1"", ""Itgb1"", ""Akt1"", ""Camk2d"", ""Idh2"", ""Mapk1"", ""Slc16a1"", ""Hcfc1"", ""Bsg"", ""Serp1"", ""C2cd5"", ""Pak1"", ""Pgrmc1"", ""Cct2"", ""Slc7a11"", ""Iws1"", ""Mmd"", ""Parp1"", ""Ccdc88a"", ""Hmgcr"", ""Rsl1d1"", ""P2rx7"", ""Tfrc"", ""Park7"", ""Ndufaf2"", ""Eny2"", 
""Sumo3"", ""Hras"", ""Ppid"", ""Hmgn3"", ""Ptp4a3"", ""Ran"", ""Nup62"", ""Terf1"", ""Ctdspl2"", ""Fbxw7"", ""Ptger4"", ""Exoc4"", ""Glul"", ""Cdk1"", ""Eif4g1"", ""Cct3"", ""Pkig"", ""Vps35"", ""Ccne2"", ""Ptpn14"", ""Bbc3"", ""Plk1"", ""Cep295"", ""Gdi2"", ""Cct8"", ""Pcnt"", ""Cenpq"", ""Zfp36l1"", ""Ect2"", ""Birc5"", ""Acsl3"", ""Cep250"")"
"176","GOBP_REGULATION_OF_CELL_CYCLE","0.000118023743214292","0.00257936551633977","0.538434096309916","-0.378226215450597","-1.48435092605645","404","c(""Hmgb1"", ""Cd28"", ""Ywhae"", ""Sfpq"", ""Calm2"", ""Ets1"", ""Ezh2"", ""Gata3"", ""Calm3"", ""Lmnb1"", ""Anapc5"", ""Anp32b"", ""Smarca5"", ""Ptprc"", ""Prpf40a"", ""Smc4"", ""Smarcc1"", ""Rdx"", ""Smarca4"", ""Rcc2"", ""Ppp1r35"", ""Ddx39b"", ""Pin1"", ""Hnrnpu"", ""Bub3"", ""Tcf3"", ""Hsp90ab1"", ""Ddx3x"", ""Rad21"", ""Bcl7c"", ""Wdr12"", ""Stat5b"", ""Rrm2"", ""Morf4l2"", ""Rps27l"", ""Larp7"", ""Eif4e"", ""Itgb1"", ""Actl6a"", ""Akt1"", ""Brd8"", ""Mad1l1"", ""Ccna2"", ""Bcl2l11"", ""Cks2"", ""E2f4"", ""Camk2d"", ""Fbxo5"", ""Bcl7a"", ""Cdk6"", ""Cops5"", ""Rrm1"", ""Lef1"", ""Ccnh"", ""Ncapd2"", 
""Cdc16"", ""Smc5"", ""Stat5a"", ""Mki67"", ""Ccnb1"", ""Cdk4"", ""E2f2"", ""Tfdp2"", ""Ruvbl1"", ""Baz1b"", ""Hras"", ""Cdkn2d"", ""Dbf4"", ""Ranbp1"", ""Uchl5"", ""Nup62"", ""Ddb1"", ""Phb2"", ""Nusap1"", ""Cdkn2c"", ""Cdk1"", ""Eif4g1"", ""Cdc25a"", ""Kif11"", ""E2f8"", ""Pebp1"", ""Tnfaip3"", ""Ccne2"", ""Ccnb2"", ""Inip"", ""Spc24"", ""Nsmce2"", ""Cdca8"", ""Cited2"", ""Ncaph"", ""Spc25"", ""Clspn"", ""Azin1"", ""Aurka"", ""Cdc20"", ""Plk1"", ""Cenpe"", ""Ube2c"", ""Rpa3"", ""Tipin"", ""Lcmt1"", ""Prc1"", ""Cep295"", ""Incenp"", ""Brcc3"", ""Smc2"", ""Lin9"", ""Zfp36l1"", ""Tubg1"", ""Ect2"", ""Drg1"", 
""Ncapd3"", ""Nr4a1"", ""Cdk2"", ""Birc5"", ""Suv39h1"", ""Smarcb1"", ""Cep250"", ""Igf1r"", ""Mdm1"", ""Wdr5"", ""Tpx2"", ""Rbbp8"", ""Aurkb"", ""Sass6"", ""Rmi2"", ""Mad2l1"", ""Rock2"", ""Ccnf"", ""Cenpf"", ""Cdkn1c"", ""Prpf19"", ""Plk4"", ""Bub1b"", ""Zwint"", ""Ncapg2"", ""Atad5"", ""Pim1"", ""Hacd1"", ""Rhno1"", ""Hecw2"", ""Tacc3"", ""Kif20a"", ""Kif23"", ""Psme3"", ""Bid"", ""Jade1"", ""Cks1b"", ""Ncapg"", ""Rgcc"", ""Skp2"", ""Cdc27"", ""Msh2"", ""Kif2c"", ""Ruvbl2"", ""Topbp1"", ""Kif20b"", ""Wdr76"", ""Etaa1"", ""Rnaseh2b"", ""Nr4a3"", ""Rfwd3"", ""Knstrn"", ""Spdl1"", ""Alms1"", ""Gmnn"", ""Dlgap5"", 
""Gtpbp4"", ""Atf5"", ""Cdc6"", ""Poc1a"", ""Ctdspl"", ""Trim37"", ""Nuf2"", ""Ndc80"", ""Ints7"", ""Sgf29"", ""Nek2"", ""Hes1"", ""Foxm1"", ""Anapc1"", ""Rad51ap1"", ""Ncaph2"", ""Rcc1"", ""Dna2"", ""Casp3"", ""Pes1"", ""Cdca5"", ""Bub1"", ""Sin3a"", ""Cep192"", ""Fen1"", ""Ttk"", ""Paxip1"", ""Cdk5rap2"", ""Fignl1"", ""Ythdc2"", ""Pdgfrb"", ""Anapc15"", ""Ccp110"", ""Cdc7"", ""Cenpv"", ""Spag5"", ""Rad18"", ""Rbl1"", ""Miip"", ""Gpsm2"", ""Blm"", ""Gadd45b"", ""Cep76"", ""Nubp1"", ""Xpo1"", ""Cdc25c"", ""Psrc1"", ""Pnpt1"", ""Nme6"")"
"177","GOBP_PURINE_CONTAINING_COMPOUND_METABOLIC_PROCESS","0.00625051197107086","0.0455839517890245","0.407017918923954","-0.413603827672098","-1.48345637762915","162","c(""Atpif1"", ""Atp5b"", ""Atp5h"", ""Atp5g3"", ""Vdac1"", ""Atp5k"", ""Atp5j2"", ""Ndufs6"", ""Ada"", ""Ndufb7"", ""Prps2"", ""Atp5a1"", ""Ndufc2"", ""Atp5j"", ""Ndufb8"", ""Ndufb6"", ""Atp5o"", ""Ndufa5"", ""Idh2"", ""Mdh1"", ""Atp5c1"", ""Pcmt1"", ""Nt5c2"", ""Ndufc1"", ""Nudt4"", ""Parp1"", ""Hmgcr"", ""Mpc1"", ""Ndufs8"", ""Ndufb9"", ""Ran"", ""Mdh2"", ""Ndufab1"", ""Nudt5"", ""Dld"", ""mt-Nd1"", ""Dnph1"", ""Sdhb"", ""Atp5d"", ""Pmvk"", ""Itpa"", ""Acsl3"", ""Ndufa12"", ""Ndufv2"", ""Atp6v1a"", ""Ndufb10"", ""Adssl1"", ""Txnrd1"", ""Ndufb2"", ""Pgls"", ""Cs"", ""Acot7"", ""Adss"", ""Aldoa"", ""Rpia"", 
""Paics"", ""Gmps"", ""Acly"", ""Pde5a"", ""Dlat"", ""Slc4a7"", ""Dcakd"", ""Pdk3"", ""Idh3a"", ""Ndufs1"", ""Sdhc"", ""Nudt1"", ""Idh3g"", ""Sdhd"", ""Nme1"")"
"178","GOBP_SEXUAL_REPRODUCTION","0.00203034886425783","0.0200550493300742","0.431707695803346","-0.388999774604193","-1.47809632205969","273","c(""H3f3a"", ""H3f3b"", ""Lztfl1"", ""Mns1"", ""Pafah1b3"", ""Eif4h"", ""Ctcf"", ""Trim28"", ""Cxcr4"", ""Smc4"", ""Patz1"", ""Smc3"", ""Bub3"", ""Ddx3x"", ""Mcm7"", ""Stag2"", ""Ubb"", ""Eif2s2"", ""Magoh"", ""Bcl6"", ""Hmgb2"", ""Tcp1"", ""Larp7"", ""Cct7"", ""Itgb1"", ""Akt1"", ""Gmcl1"", ""Bcl2l11"", ""Cks2"", ""Fbxo5"", ""Ybx3"", ""Psmd13"", ""Bsg"", ""Kdm2b"", ""Ccdc34"", ""Clic4"", ""Ncapd2"", ""Tdrkh"", ""Cct2"", ""Hspb11"", ""Smc1a"", ""Vdac2"", ""Scmh1"", ""Vdac3"", ""Tdrd5"", ""Mki67"", ""Ccnb1"", ""Park7"", ""Cep57"", ""Terf1"", ""Ddb1"", ""Top2a"", ""Cdc25a"", ""Cct3"", ""Hmga1"", ""Pebp1"", ""Ccne2"", 
""Ccnb2"", ""Morc1"", ""Psmc3ip"", ""Etv5"", ""Ncaph"", ""Dld"", ""Aurka"", ""Cdc20"", ""Plk1"", ""Cenpe"", ""Notch1"", ""Incenp"", ""Cct8"", ""Smc2"", ""Yif1b"", ""Tubg1"", ""Utp14b"", ""Ncapd3"", ""Cdk2"", ""Birc5"", ""Rad23b"", ""Syce2"", ""Golga3"", ""Igf1r"", ""Rbbp8"", ""Tial1"", ""Cdkn1c"", ""Odf2"", ""Ly6k"", ""Aldoa"", ""Gsr"", ""Sod1"", ""Dazap1"", ""Ehmt2"", ""Rgs2"", ""Pde5a"", ""Msh2"", ""Mfge8"", ""Topbp1"", ""Cenpc1"", ""Morn2"", ""Alms1"", ""Mast2"", ""Mcm2"", ""Map7"", ""Kif18a"", ""Poc1a"", ""Nuf2"", ""Ndc80"", ""Exo1"", ""Ing2"", ""Snrpa1"", ""Mcm6"", ""Nek2"", ""Rad51ap1"", ""Ncaph2"", 
""Nphp1"", ""Syne1"", ""Ttk"", ""Etv6"", ""Tuba8"", ""Fignl1"", ""Ythdc2"", ""Sfmbt1"", ""Rad18"", ""Smad1"", ""Slirp"", ""Fancm"", ""Dcaf13"", ""Suv39h2"", ""Cdc25c"", ""Crem"", ""Cyp51"", ""Rpa1"", ""Ybx2"", ""Fzr1"", ""Trip13"")"
"179","GOBP_MULTICELLULAR_ORGANISM_REPRODUCTION","0.00199535946898688","0.0199621218670867","0.431707695803346","-0.39733670869641","-1.47753092410331","230","c(""H3f3a"", ""H3f3b"", ""Lztfl1"", ""Mns1"", ""Ctsl"", ""Pafah1b3"", ""Ctcf"", ""Trim28"", ""Cxcr4"", ""Patz1"", ""Ada"", ""Ddx3x"", ""Ubb"", ""Eif2s2"", ""Nr3c1"", ""Magoh"", ""Bcl6"", ""Hmgb2"", ""Stat5b"", ""Ube2a"", ""Larp7"", ""Itgb1"", ""Akt1"", ""Gmcl1"", ""Bcl2l11"", ""Runx1"", ""Fbxo5"", ""Mapk1"", ""Ybx3"", ""Bsg"", ""Kdm2b"", ""Ccdc34"", ""Comt"", ""Tdrkh"", ""Hspb11"", ""Egr1"", ""Scmh1"", ""Parp1"", ""Vdac3"", ""Tdrd5"", ""Stat5a"", ""Hdac2"", ""Ccnb1"", ""P2rx1"", ""Cep57"", ""Ddb1"", ""Ptger4"", ""Top2a"", ""Hmga1"", ""Pebp1"", ""Ccnb2"", ""Morc1"", ""Etv5"", ""Cited2"", ""Ncaph"", ""Dld"", 
""Aurka"", ""Plk1"", ""Cenpe"", ""Notch1"", ""Yif1b"", ""Utp14b"", ""Rad23b"", ""Golga3"", ""Igf1r"", ""Tial1"")"
"180","GOBP_MONONUCLEAR_CELL_DIFFERENTIATION","0.0014569992854278","0.0161650963373766","0.45505986738723","-0.392248223521658","-1.47102469579983","243","c(""Satb1"", ""Hmgb1"", ""Tcf7"", ""Sox4"", ""Ccr9"", ""Cd27"", ""Cd28"", ""Tox"", ""Cd24a"", ""Prdx2"", ""Camk4"", ""Myb"", ""Slc25a5"", ""Themis"", ""Itm2a"", ""Cd8a"", ""Cmtm7"", ""Xrcc6"", ""Ezh2"", ""Gata3"", ""Hsp90aa1"", ""Ctsl"", ""Rag1"", ""Rorc"", ""Ptprc"", ""Lig4"", ""Smarcc1"", ""Cd4"", ""Ly6d"", ""Smarca4"", ""Ikzf1"", ""Hmgb3"", ""Patz1"", ""Tcf3"", ""Ada"", ""Prelid1"", ""Xbp1"", ""Bcl6"", ""Dusp10"", ""Stat5b"", ""Psap"", ""Cd3d"", ""Ighm"", ""Rag2"", ""Actl6a"", ""Nfatc3"", ""Lgals9"", ""Slamf1"", ""Ikzf3"", ""Runx1"", ""Cdk6"", ""Pknox1"", ""Slamf6"", ""Lef1"", ""Cd1d1"")"
"181","GOBP_CELLULAR_RESPONSE_TO_ORGANIC_CYCLIC_COMPOUND","0.0060819166960495","0.0444930218295371","0.407017918923954","-0.417161515787386","-1.46496022399436","136","c(""Ezh2"", ""Smo"", ""Rorc"", ""Smarca4"", ""Dhx9"", ""Nedd4"", ""Rapgef3"", ""Hnrnpu"", ""Ube2l3"", ""Nr3c1"", ""Nfkbia"", ""Jup"", ""Hdac1"", ""Id3"", ""Eif4e"", ""Akt1"", ""Mapk1"", ""Slc16a1"", ""Pak1"", ""Palm"", ""Egr1"", ""Parp1"", ""Stat5a"", ""Hdac2"", ""P2rx7"", ""Cdk4"", ""Park7"", ""Ranbp1"", ""Phb2"", ""Cdk1"", ""Vps35"", ""Ptges3"", ""Dnmt1"", ""Prmt5"", ""Fkbp4"", ""Zfp36l1"", ""Epg5"", ""Rock2"", ""Dtnbp1"", ""Hsp90b1"", ""Pim1"", ""Insig1"", ""Skp2"", ""Uri1"", ""Ehmt2"")"
"182","GOBP_ORGANELLE_LOCALIZATION","0.00306532338628959","0.0267758285347161","0.431707695803346","-0.402267428695454","-1.45851080130696","187","c(""Ap3s1"", ""Dynll1"", ""Lmnb1"", ""Lat"", ""Rcc2"", ""Hnrnpu"", ""Bub3"", ""Ubb"", ""Nr3c1"", ""Pcm1"", ""Tacc2"", ""Itgb1"", ""Mad1l1"", ""Cops5"", ""Tuba1a"", ""Ccnb1"", ""Nde1"", ""Ran"", ""Nup62"", ""Terf1"", ""Exoc4"", ""Nusap1"", ""Nudc"", ""Spc24"", ""Cdca8"", ""Snf8"", ""Spc25"", ""Plk1"", ""Cenpe"", ""Incenp"", ""Trappc1"", ""a"", ""Cenpq"", ""Rab1a"", ""Ect2"", ""Actn4"", ""Birc5"", ""Kif22"", ""Ahi1"", ""Aurkb"", ""Mad2l1"", ""Cep83"", ""Dtnbp1"", ""Cenpf"", ""Atp2a2"", ""Eif6"", ""Seh1l"", ""Tacc3"", ""Sdc4"", ""Atp13a2"", ""Kpnb1"", ""Syk"", ""Spry1"", ""Camk2a"", ""Kif2c"", ""Cenpc1"", ""Nr4a3"", 
""Myzap"", ""Cenpa"", ""Knstrn"", ""Tcf7l2"", ""Spdl1"", ""Nup88"", ""Cep290"", ""Kif18a"", ""Nuf2"", ""Myo1c"", ""Ndc80"", ""Zbed3"", ""Nek2"", ""Nmd3"", ""Enkd1"", ""Cdca5"", ""Syne1"", ""Nop9"", ""Sytl2"", ""Cdk5rap2"", ""Cdc42bpa"", ""Spag5"", ""Gpsm2"", ""Nsl1"", ""Xpo1"", ""Psrc1"", ""Gem"")"
"183","GOBP_CARBOHYDRATE_DERIVATIVE_BIOSYNTHETIC_PROCESS","0.0068058908712534","0.0487235184391566","0.407017918923954","-0.398319647239485","-1.44404916043886","186","c(""Gapdh"", ""Aqp11"", ""Itm2a"", ""Atp5b"", ""Atp5h"", ""Atp5g3"", ""Vdac1"", ""Atp5k"", ""Dut"", ""Atp5j2"", ""Ndufs6"", ""Ada"", ""Ndufb7"", ""Prps2"", ""Atp5a1"", ""Rrm2"", ""Ndufc2"", ""St8sia4"", ""Atp5j"", ""Ndufb8"", ""Ndufb6"", ""Atp5o"", ""Ndufa5"", ""Dtymk"", ""Mdh1"", ""Rrm1"", ""Atp5c1"", ""Phlda1"", ""Tyms"", ""Uck2"", ""Ndufc1"", ""Slc35d1"", ""Parp1"", ""Mpc1"", ""Ndufs8"", ""Ndufb9"", ""Ptger4"", ""Pmm1"", ""Mdh2"", ""Chsy1"", ""Ndufab1"", ""Dld"", ""mt-Nd1"", ""Sdhb"", ""Atp5d"", ""St6gal1"", ""Tk1"", ""Ndufa12"", ""Ndufv2"", ""Mogs"", ""Cmpk1"", ""Ndufb10"", ""Vegfb"", ""Adssl1"", ""Ndufb2"", 
""Acot7"", ""Adss"", ""Aldoa"", ""Paics"", ""Gmps"", ""Fut8"", ""Magt1"", ""Rpn1"", ""Acly"", ""Gmds"", ""Dlat"", ""Dcakd"", ""Pdk3"", ""Ndufs1"", ""Tcf7l2"", ""Sdhc"", ""Angpt1"", ""Mgat4a"")"
"184","GOBP_RNA_PROCESSING","0.00115231429609261","0.0137631008528204","0.45505986738723","-0.371227106691081","-1.43697519714031","330","c(""Srsf3"", ""Sfpq"", ""Hnrnpa2b1"", ""Ncl"", ""Ybx1"", ""Hnrnpm"", ""Pnn"", ""Hnrnpa3"", ""Hnrnpc"", ""Pcbp1"", ""Srsf7"", ""Snrpe"", ""Srsf9"", ""Srsf6"", ""U2af1"", ""Hnrnpa1"", ""Snrpd1"", ""Srsf1"", ""Prpf40a"", ""Phf5a"", ""Dhx9"", ""Hnrnpll"", ""Ddx39b"", ""Rbmxl1"", ""Hnrnpu"", ""Eif4a3"", ""Srsf2"", ""Thoc7"", ""Srsf10"", ""Ddx3x"", ""Srrm1"", ""Magoh"", ""Ddx46"", ""Wdr12"", ""Clns1a"", ""Scaf11"", ""Alyref"", ""Raly"", ""Thrap3"", ""Mettl6"", ""Rbm8a"", ""Larp7"", ""Ptbp1"", ""Lsm8"", ""Syncrip"", ""Rbm17"", ""Rbm3"", ""U2surp"", ""Leo1"", ""Sf3b6"", ""Snrpc"", ""Ssb"", ""U2af2"", ""Htatsf1"", 
""Akt1"", ""Ivns1abp"", ""Snrpd2"", ""Utp3"", ""Srrt"", ""Lsm3"", ""Snrpb"", ""Sf3b2"", ""Prmt1"", ""Slbp"", ""Ddx1"", ""Sf3a3"", ""Wbp11"", ""Psip1"", ""Smu1"", ""Fcf1"", ""Rnps1"", ""Tdrkh"", ""Lsm2"", ""Pop4"", ""Luc7l"", ""Iws1"", ""Tdrd5"", ""Rsl1d1"", ""Thoc6"", ""Strap"", ""Ccnb1"", ""Nudt21"", ""Eny2"", ""Polr2d"", ""Zcchc8"", ""Rbm28"", ""Eri1"", ""Prpf38a"", ""Sf3a1"", ""Mak16"", ""Srek1"", ""Exosc3"", ""Snrpb2"", ""Sf3b3"", ""Bms1"", ""Snrpa"", ""Lsm5"", ""Ppil1"", ""Prpf8"", ""Zcrb1"", ""Smn1"", ""Ddx10"", ""Khsrp"", ""Txnl4a"", ""Taf15"", ""Aars"", ""Prmt5"", ""Eftud2"", ""Sf3a2"", ""Nifk"", ""Ddx21"", 
""Fmr1"", ""Zfp36l1"", ""Utp14b"", ""Pop7"", ""Suv39h1"", ""Cstf2"", ""Sf3b4"", ""Kti12"", ""Brix1"", ""Ncbp1"", ""Pa2g4"", ""Tcerg1"", ""Arl6ip4"", ""Las1l"", ""Dgcr8"", ""Srsf4"", ""Ddx18"", ""Prpf19"", ""Tssc4"", ""Cpsf2"", ""Eif6"", ""Wdr18"", ""Lyar"", ""Thoc3"", ""Sf3b5"", ""Snrnp200"", ""Arvcf"", ""Dazap1"", ""Lsm4"", ""Snrpf"", ""Pdcd11"", ""Yrdc"", ""Elp5"", ""Magohb"", ""Ints1"")"
"185","GOBP_REGULATION_OF_CELL_CYCLE_PROCESS","0.00139550162009533","0.0157061023684767","0.45505986738723","-0.375074901419934","-1.4369697021349","299","c(""Cd28"", ""Sfpq"", ""Calm2"", ""Ezh2"", ""Calm3"", ""Lmnb1"", ""Anapc5"", ""Anp32b"", ""Smarca5"", ""Prpf40a"", ""Smc4"", ""Smarcc1"", ""Rdx"", ""Smarca4"", ""Rcc2"", ""Ppp1r35"", ""Ddx39b"", ""Pin1"", ""Hnrnpu"", ""Bub3"", ""Tcf3"", ""Ddx3x"", ""Rad21"", ""Bcl7c"", ""Rrm2"", ""Rps27l"", ""Larp7"", ""Actl6a"", ""Akt1"", ""Mad1l1"", ""Camk2d"", ""Fbxo5"", ""Bcl7a"", ""Cdk6"", ""Rrm1"", ""Lef1"", ""Ccnh"", ""Ncapd2"", ""Cdc16"", ""Smc5"", ""Mki67"", ""Ccnb1"", ""Cdk4"", ""Baz1b"", ""Cdkn2d"", ""Dbf4"", ""Ranbp1"", ""Nup62"", ""Ddb1"", ""Phb2"", ""Nusap1"", ""Cdkn2c"", ""Cdk1"", ""Eif4g1"", ""Cdc25a"", ""Kif11"", 
""E2f8"", ""Pebp1"", ""Inip"", ""Spc24"", ""Nsmce2"", ""Cdca8"", ""Ncaph"", ""Spc25"", ""Clspn"", ""Azin1"", ""Aurka"", ""Cdc20"", ""Plk1"", ""Cenpe"", ""Ube2c"", ""Tipin"", ""Lcmt1"", ""Prc1"", ""Cep295"", ""Incenp"", ""Brcc3"", ""Smc2"", ""Zfp36l1"", ""Tubg1"", ""Ect2"", ""Drg1"", ""Ncapd3"", ""Cdk2"", ""Birc5"", ""Smarcb1"", ""Cep250"", ""Igf1r"", ""Mdm1"", ""Tpx2"", ""Rbbp8"", ""Aurkb"", ""Sass6"", ""Rmi2"", ""Mad2l1"", ""Rock2"", ""Ccnf"", ""Cenpf"", ""Cdkn1c"", ""Prpf19"", ""Plk4"", ""Bub1b"", ""Zwint"", ""Ncapg2"", ""Atad5"", ""Hacd1"", ""Rhno1"", ""Hecw2"", ""Tacc3"", ""Kif20a"", ""Kif23"", ""Psme3"", 
""Bid"", ""Jade1"", ""Ncapg"", ""Rgcc"", ""Cdc27"", ""Msh2"", ""Kif2c"", ""Topbp1"", ""Kif20b"", ""Wdr76"", ""Etaa1"", ""Rnaseh2b"", ""Rfwd3"", ""Knstrn"", ""Spdl1"", ""Alms1"", ""Atf5"", ""Cdc6"", ""Poc1a"", ""Ctdspl"", ""Trim37"", ""Nuf2"", ""Ndc80"", ""Ints7"", ""Nek2"", ""Anapc1"", ""Rad51ap1"", ""Ncaph2"", ""Rcc1"", ""Dna2"", ""Cdca5"", ""Bub1"", ""Sin3a"", ""Cep192"", ""Fen1"", ""Ttk"", ""Paxip1"", ""Cdk5rap2"", ""Pdgfrb"", ""Anapc15"", ""Ccp110"", ""Cdc7"", ""Cenpv"", ""Spag5"", ""Rad18"", ""Rbl1"", ""Miip"", ""Gpsm2"", ""Blm"", ""Cep76"", ""Nubp1"", ""Xpo1"", ""Cdc25c"", ""Psrc1"", ""Nme6"")"
"186","GOBP_CENTRAL_NERVOUS_SYSTEM_DEVELOPMENT","0.00477541875623563","0.0370327660547988","0.407017918923954","-0.377090931072342","-1.42153313797707","259","c(""Sox4"", ""Tox"", ""Ywhae"", ""Marcksl1"", ""Marcks"", ""Lmo4"", ""Ifngr1"", ""Ezh2"", ""Hsp90aa1"", ""Kras"", ""Smo"", ""Anp32b"", ""Dbi"", ""Uqcrq"", ""Cxcr4"", ""Lig4"", ""Smarca4"", ""Ikzf1"", ""Rheb"", ""Ppt1"", ""Tubb2a"", ""Rbbp4"", ""Tubb2b"", ""Hsp90ab1"", ""Ubb"", ""Nr3c1"", ""Dusp10"", ""Psap"", ""Hdac1"", ""Suz12"", ""Id3"", ""Pcm1"", ""Tacc2"", ""Itgb1"", ""Ckap5"", ""Akt1"", ""Utp3"", ""Runx1"", ""Mapk1"", ""Akirin2"", ""Kdm2b"", ""Lef1"", ""Pak1"", ""Nav2"", ""Cd3e"", ""Slc7a11"", ""Nrros"", ""Tuba1a"", ""Hdac2"", ""Thoc6"", ""Nde1"", ""Uchl5"", ""Exoc4"", ""Nars"", ""Egr2"", ""Tspan2"", 
""Cited2"", ""Aars"", ""Rnf7"", ""Prmt5"", ""Notch1"", ""Fmr1"", ""Pcnt"")"
"187","GOBP_REGULATION_OF_CELLULAR_RESPONSE_TO_STRESS","0.00652951194008487","0.0471777390485762","0.407017918923954","-0.385736606905599","-1.41773818001217","205","c(""Hmgb1"", ""Sox4"", ""Cd27"", ""Chchd2"", ""Aqp11"", ""Thy1"", ""Vdac1"", ""Lmnb1"", ""Trim28"", ""Smarcc1"", ""Smarca4"", ""Dhx9"", ""Dek"", ""Ddx39b"", ""Nck2"", ""Bcl7c"", ""Xbp1"", ""Dusp10"", ""Ptprf"", ""Morf4l2"", ""Ube2n"", ""Actl6a"", ""Akt1"", ""Serinc3"", ""Brd8"", ""Slamf1"", ""Pbk"", ""Mapk1"", ""Prmt1"", ""Ybx3"", ""Cops3"", ""Bcl7a"", ""Cops5"", ""Slc7a11"", ""Manf"", ""Parp1"", ""Hmgcr"", ""Usp1"", ""Park7"", ""Ruvbl1"", ""Eny2"", ""Hras"", ""Cdkn2d"", ""Uchl5"", ""Eif2a"", ""Pcna"", ""Cebpg"", ""Sf3b3"", ""Spred1"", ""Prdx1"", ""Brcc3"", ""Suv39h1"", ""Smarcb1"", ""Pdia6"", ""Rell1"", 
""Igf1r"", ""Rmi2"", ""Rock2"", ""Dusp1"", ""Atad5"", ""Bid"", ""Sf3b5"", ""Insig1"", ""Fut8"", ""Hyou1"", ""Xrcc1"", ""Rtca"", ""Ruvbl2"", ""Wdr76"", ""Rif1"", ""Etaa1"", ""Rnaseh2b"", ""Rfwd3"", ""Taf5l"", ""Aunip"", ""Gch1"", ""Ankrd6"", ""Atf6"", ""Rap2a"", ""Sgf29"", ""Foxm1"", ""Rad51ap1"", ""Rnf168"")"
"188","GOBP_REPRODUCTION","0.00102537675756535","0.0129054139218305","0.45505986738723","-0.361004985465008","-1.41608801802081","400","c(""H3f3a"", ""Tcf7"", ""H3f3b"", ""H2-Q2"", ""Lztfl1"", ""Gata3"", ""Mns1"", ""Ctsl"", ""Pafah1b3"", ""Eif4h"", ""Ctcf"", ""Trim28"", ""Cxcr4"", ""Smc4"", ""Patz1"", ""Smc3"", ""Bub3"", ""Ada"", ""Ddx3x"", ""Mcm7"", ""Stag2"", ""Ubb"", ""Eif2s2"", ""Nr3c1"", ""Magoh"", ""Bcl6"", ""Hmgb2"", ""Tcp1"", ""Stat5b"", ""Ube2a"", ""Psap"", ""Larp7"", ""Cct7"", ""Itgb1"", ""Akt1"", ""Gmcl1"", ""Lgals9"", ""Bcl2l11"", ""Cks2"", ""Runx1"", ""Fbxo5"", ""Mapk1"", ""Ybx3"", ""Psmd13"", ""Bsg"", ""Kdm2b"", ""Ccdc34"", ""Clic4"", ""Comt"", ""Ncapd2"", ""Tdrkh"", ""Cct2"", ""Hspb11"", ""Smc1a"", ""Vdac2"", ""Egr1"", ""Scmh1"", 
""Parp1"", ""Vdac3"", ""Tdrd5"", ""Stat5a"", ""Hdac2"", ""Mki67"", ""Ccnb1"", ""P2rx1"", ""Park7"", ""Cep57"", ""Terf1"", ""Ddb1"", ""Ptger4"", ""Phb2"", ""Top2a"", ""Cdc25a"", ""Cct3"", ""Hmga1"", ""Dhcr24"", ""E2f8"", ""Pebp1"", ""Ccne2"", ""Ccnb2"", ""Morc1"", ""Psmc3ip"", ""Etv5"", ""Cited2"", ""Ncaph"", ""Dld"", ""Aurka"", ""Cdc20"", ""Plk1"", ""Cenpe"", ""Notch1"", ""Incenp"", ""Cct8"", ""Smc2"", ""Yif1b"", ""Fkbp4"", ""Lin9"", ""Tubg1"", ""Utp14b"", ""Ncapd3"", ""Cdk2"", ""Birc5"", ""Rad23b"", ""Syce2"", ""Golga3"", ""Igf1r"", ""Rbbp8"", ""Tial1"")"
"189","GOBP_PEPTIDYL_AMINO_ACID_MODIFICATION","0.00117166285703446","0.013923161158973","0.45505986738723","-0.368607319066822","-1.41553424978515","315","c(""Sox4"", ""Txn1"", ""Gapdh"", ""Cd24a"", ""Camk4"", ""Ncl"", ""Desi1"", ""Metap2"", ""Thy1"", ""Ezh2"", ""Hsp90aa1"", ""Smo"", ""Sumo2"", ""Smarca5"", ""Ptprc"", ""Trim28"", ""Cd4"", ""Smarca4"", ""Dek"", ""Pin1"", ""Fkbp5"", ""Naa15"", ""Hsp90ab1"", ""Nck2"", ""Egln3"", ""Morf4l2"", ""Ighm"", ""Mbd3"", ""Suz12"", ""Itgb1"", ""Actl6a"", ""Sae1"", ""Akt1"", ""Brd8"", ""Pbk"", ""Camk2d"", ""Mapk1"", ""Capn3"", ""Prmt1"", ""Samsn1"", ""Nfyb"", ""Hcfc1"", ""Pak1"", ""Uba2"", ""Cd3e"", ""Egr1"", ""Smc5"", ""Stat5a"", ""Hdac2"", ""Tfrc"", ""Park7"", ""Gfra1"", ""Ruvbl1"", ""Sumo3"", ""Baz1b"", ""Ppid"", ""Fbxw7"", 
""Ptger4"", ""Raf1"", ""Cfap20"", ""Cdk1"", ""Eif4g1"", ""P3h4"", ""Egr2"", ""Ndufab1"", ""Abi2"", ""Topors"", ""Zdhhc8"", ""Ppil1"", ""Nsmce2"", ""Nfya"", ""Clspn"", ""Spred1"", ""Aurka"", ""Plk1"", ""Ranbp2"", ""Prmt5"", ""Ddx21"", ""Fkbp4"", ""P4hb"", ""Cdk2"", ""Suv39h1"", ""Ppp2r5d"", ""Igf1r"", ""Wdr5"", ""Prkcd"", ""Rock2"", ""Hat1"", ""Nmt2"", ""Nrp1"", ""Vegfb"", ""Msl3"", ""Blk"", ""Naa16"", ""Ppih"", ""Dohh"", ""Nelfa"", ""Kif3a"", ""Atp13a2"", ""Vkorc1l1"")"
"190","GOBP_REGULATION_OF_ORGANELLE_ORGANIZATION","0.000918560161120855","0.0118803830783642","0.477270815362862","-0.358413422613225","-1.40202419820578","394","c(""H3f3a"", ""H3f3b"", ""Cd28"", ""Sfpq"", ""Hnrnpa2b1"", ""Dynll1"", ""Atpif1"", ""Stmn1"", ""Slc25a5"", ""Arl6ip1"", ""Mns1"", ""Hnrnpc"", ""Vdac1"", ""Anapc5"", ""Pdcd5"", ""Smarca5"", ""Trim28"", ""Lig4"", ""Caprin1"", ""Smc4"", ""Smarcc1"", ""Rdx"", ""Smarca4"", ""Hnrnpd"", ""Ppp1r35"", ""Rapgef3"", ""Hnrnpu"", ""Bub3"", ""Nck2"", ""Siva1"", ""Rad21"", ""Prelid1"", ""Bcl7c"", ""Tcp1"", ""Ptbp1"", ""Cct7"", ""Ckap5"", ""Actl6a"", ""Akt1"", ""Slamf1"", ""Mad1l1"", ""Bcl2l11"", ""Fbxo5"", ""Mapk1"", ""Bcl7a"", ""Trim27"", ""C2cd5"", ""Pak1"", ""Ncapd2"", ""Cct2"", ""Mtpn"", ""Cdc16"", ""Parp1"", ""Ccdc88a"", 
""Smc5"", ""Hdac2"", ""P2rx7"", ""Mki67"", ""Ccnb1"", ""Tfrc"", ""Ruvbl1"", ""Baz1b"", ""Hras"", ""Ssbp1"", ""Uchl5"", ""Nup62"", ""Terf1"", ""Fbxw7"", ""Ptger4"", ""Nusap1"", ""Ppm1e"", ""Top2a"", ""Baiap2"", ""Cdk1"", ""Dynlt1f"", ""Cct3"", ""Pebp1"", ""Cep70"", ""Ska2"", ""Vps35"", ""Abi2"", ""Spc24"", ""Nsmce2"", ""Cdca8"", ""Bbc3"", ""Ncaph"", ""Cdc42ep3"", ""Spc25"", ""Dstn"", ""Aurka"", ""Cdc20"", ""Plk1"", ""Cenpe"", ""Ube2c"", ""Lcmt1"", ""Cep295"", ""Incenp"", ""Gdi2"", ""Cct8"", ""Smc2"", ""Fkbp4"", ""Tubg1"", ""Ect2"", ""Drg1"", ""Cdk2"", ""Birc5"", ""Smarcb1"", ""Igf1r"", ""Mdm1"", ""Tpx2"", ""Prkcd"", 
""Aurkb"", ""Sass6"", ""Rmi2"", ""Mad2l1"", ""Mphosph9"", ""Rock2"", ""Ccnf"", ""Nrp1"", ""Odf2"", ""Plk4"", ""Bub1b"", ""Ylpm1"", ""Zwint"")"
"191","GOBP_CARBOHYDRATE_DERIVATIVE_METABOLIC_PROCESS","0.00476657538816853","0.0370327660547988","0.407017918923954","-0.366834307379294","-1.39593599176211","277","c(""Gapdh"", ""Atpif1"", ""Aqp11"", ""Itm2a"", ""Atp5b"", ""Atp5h"", ""Atp5g3"", ""Ctsl"", ""Vdac1"", ""Atp5k"", ""Dut"", ""Atp5j2"", ""Ndufs6"", ""Ada"", ""Ndufb7"", ""Prps2"", ""Atp5a1"", ""Rrm2"", ""Psap"", ""Ndufc2"", ""St8sia4"", ""Atp5j"", ""Ndufb8"", ""Ndufb6"", ""Atp5o"", ""Ndufa5"", ""Dtymk"", ""Mdh1"", ""Rrm1"", ""Atp5c1"", ""Pcmt1"", ""Phlda1"", ""Nt5c2"", ""Tyms"", ""Uck2"", ""Ndufc1"", ""Nudt4"", ""Slc35d1"", ""Parp1"", ""Hmgcr"", ""Mpc1"", ""Ndufs8"", ""Ndufb9"", ""Ran"", ""Ptger4"", ""Pmm1"", ""Mdh2"", ""Chsy1"", ""Ndufab1"", ""Nudt5"", ""Dld"", ""mt-Nd1"", ""Dnph1"", ""Sdhb"", ""Atp5d"", 
""Pmvk"", ""Rab1a"", ""Itpa"", ""Acsl3"", ""St6gal1"", ""Tk1"", ""Ndufa12"", ""Ndufv2"", ""Mogs"", ""Cst3"", ""Prkcd"", ""Atp6v1a"", ""Itih5"", ""Pfkp"", ""Cmpk1"", ""Ndufb10"", ""Vegfb"", ""Adssl1"", ""Ndufb2"", ""Ganc"", ""Pgls"", ""Cs"", ""Acot7"", ""Adss"", ""Aldoa"", ""Chst2"", ""Rpia"", ""Paics"", ""Gmps"", ""Fut8"", ""Magt1"", ""Rpn1"", ""Acly"", ""Pde5a"", ""Gmds"", ""Dlat"", ""Dcakd"", ""Pdk3"", ""Ndufs1"", ""Rnaseh2b"", ""Tcf7l2"", ""Sdhc"", ""Nudt1"", ""Angpt1"", ""Mgat4a"", ""Map7"", ""Sdhd"", ""Nme1"")"
"192","GOBP_POSITIVE_REGULATION_OF_PROTEIN_MODIFICATION_PROCESS","0.00495397531104698","0.0379643880519396","0.407017918923954","-0.359972949334881","-1.37911179826781","299","c(""Hmgb1"", ""Sox4"", ""Txn1"", ""Cd24a"", ""Calm2"", ""Marcks"", ""Anxa2"", ""Ube2s"", ""Xrcc6"", ""Ezh2"", ""Hsp90aa1"", ""Calm3"", ""Kras"", ""Sumo2"", ""Smarca5"", ""Ptprc"", ""Cxcr4"", ""Lat"", ""Cd4"", ""Dek"", ""Pin1"", ""Rapgef3"", ""Hsp90ab1"", ""Ddx3x"", ""Ubb"", ""Ube2l3"", ""Nab2"", ""Xbp1"", ""Ighm"", ""Ptbp1"", ""Ube2n"", ""Als2"", ""Dcun1d5"", ""Itgb1"", ""Cdk2ap1"", ""Sae1"", ""Akt1"", ""Mapk1"", ""Trib1"", ""Hcfc1"", ""Pak1"", ""Uba2"", ""Cd3e"", ""Mmd"", ""Egr1"", ""Ccdc88a"", ""Hdac2"", ""P2rx7"", ""Ccnb1"", ""Tfrc"", ""Park7"", ""Gfra1"", ""Baz1b"", ""Hras"", ""Bcl10"", ""Fbxw7"", ""Ptger4"", 
""Phb2"", ""Raf1"", ""Eif4g1"", ""Abi2"", ""Topors"", ""Cdca8"", ""Clspn"", ""Cdc20"", ""Plk1"", ""Cenpe"", ""Ddx21"", ""Cep295"", ""Incenp"", ""Fmr1"", ""Ect2"", ""Birc5"", ""Suv39h1"", ""Ppp2r5d"", ""Wdr5"", ""Tpx2"", ""Prkcd"", ""Aurkb"", ""Rock2"", ""Dtnbp1"", ""Tiam1"", ""Nrp1"", ""Vegfb"")"
"193","GOBP_ORGANOPHOSPHATE_METABOLIC_PROCESS","0.00529562353921133","0.0399904990493346","0.407017918923954","-0.364136847999827","-1.37884784706476","269","c(""Gapdh"", ""Atpif1"", ""Atp5b"", ""Atp5h"", ""Atp5g3"", ""Vdac1"", ""Atp5k"", ""Dbi"", ""Dut"", ""Atp5j2"", ""Ndufs6"", ""Ada"", ""Ndufb7"", ""Prps2"", ""Atp5a1"", ""Rrm2"", ""Ndufc2"", ""Atp5j"", ""Ndufb8"", ""Fdps"", ""Ndufb6"", ""Atp5o"", ""Ndufa5"", ""Agpat5"", ""Dtymk"", ""Dgke"", ""Idh2"", ""Mapk1"", ""Mdh1"", ""Rrm1"", ""Atp5c1"", ""Nt5c3b"", ""Fabp5"", ""Pla2g12a"", ""Nt5c2"", ""Tyms"", ""Uck2"", ""Ndufc1"", ""Nudt4"", ""Parp1"", ""Hmgcr"", ""Mpc1"", ""Ndufs8"", ""Ndufb9"", ""Park7"", ""Ran"", ""Lyst"", ""Phb2"", ""Mdh2"", ""Ndufab1"", ""Nudt5"", ""Dld"", ""mt-Nd1"", ""Dnph1"", ""Sdhb"", ""Atp5d"", 
""Pmvk"", ""Idi1"", ""Itpa"", ""Acsl3"", ""Tk1"", ""Ndufa12"", ""Dgkg"", ""Pcyt1a"", ""Ndufv2"", ""Prkcd"", ""Chka"", ""Atp6v1a"", ""Pfkp"", ""Cmpk1"", ""Ndufb10"", ""Gars"", ""Adssl1"", ""Txnrd1"", ""Ndufb2"", ""Pgls"", ""Cs"", ""Acot7"", ""Adss"", ""Aldoa"", ""Rpia"", ""Paics"", ""Gmps"", ""Acly"", ""Pde5a"", ""Crls1"", ""Dlat"", ""Slc4a7"", ""Dcakd"", ""Pdk3"", ""Idh3a"", ""Ndufs1"", ""Rnaseh2b"")"
"194","GOBP_CELL_CYCLE_PHASE_TRANSITION","0.00475969247873439","0.0370327660547988","0.407017918923954","-0.367669561233767","-1.37234356566135","235","c(""Calm2"", ""Myb"", ""Ube2s"", ""Ezh2"", ""Calm3"", ""Lmnb1"", ""Anapc5"", ""Anp32b"", ""Ptprc"", ""Smarcc1"", ""Rdx"", ""Smarca4"", ""Rcc2"", ""Ddx39b"", ""Bub3"", ""Tcf3"", ""Ddx3x"", ""Ube2l3"", ""Rad21"", ""Bcl7c"", ""Rrm2"", ""Ube2a"", ""Arpp19"", ""Rps27l"", ""Larp7"", ""Eif4e"", ""Itgb1"", ""Actl6a"", ""Akt1"", ""Nasp"", ""Mad1l1"", ""Ccna2"", ""Cks2"", ""E2f4"", ""Camk2d"", ""Fbxo5"", ""Bcl7a"", ""Cdk6"", ""Rrm1"", ""Ccnh"", ""Cdc16"", ""Smc5"", ""Ccnb1"", ""Cdk4"", ""Cdkn2d"", ""Dbf4"", ""Ddb1"", ""Phb2"", ""Cdkn2c"", ""Cdk1"", ""Eif4g1"", ""Cdc25a"", ""Ccne2"", ""Ccnb2"", ""Inip"", ""Spc24"", ""Nfatc1"", 
""Nsmce2"", ""Cdca8"", ""Spc25"", ""Clspn"", ""Aurka"", ""Cdc20"", ""Plk1"", ""Cenpe"", ""Ube2c"", ""Tipin"", ""Lcmt1"", ""Incenp"", ""Brcc3"", ""Zfp36l1"", ""Cdk2"", ""Birc5"", ""Smarcb1"", ""Rbbp8"", ""Aurkb"", ""Sass6"", ""Mad2l1"", ""Ccnf"", ""Cenpf"", ""Cdkn1c"", ""Prpf19"", ""Bub1b"", ""Zwint"", ""Atad5"", ""Hacd1"", ""Rhno1"", ""Hecw2"", ""Tacc3"", ""Psme3"", ""Bid"", ""Jade1"", ""Cks1b"", ""Rgcc"", ""Skp2"", ""Cdc27"", ""Msh2"", ""Camk2a"", ""Topbp1"", ""Wdr76"", ""Etaa1"", ""Rnaseh2b"", ""Rfwd3"", ""Spdl1"", ""Nfia"", ""Atf5"", ""Cdc6"", ""Ctdspl"", ""Nuf2"", ""Ndc80"", ""Ints7"", ""Foxm1"", ""Anapc1"", 
""Usp37"", ""Rcc1"", ""Dna2"", ""Cdca5"", ""Bub1"", ""Sin3a"", ""Cep192"", ""Ttk"", ""Paxip1"", ""Cdk5rap2"")"
"195","GOBP_POSITIVE_REGULATION_OF_PROTEIN_METABOLIC_PROCESS","0.00162819793333579","0.0172471102350185","0.45505986738723","-0.343834688774343","-1.36636703248598","453","c(""Hmgb1"", ""Sox4"", ""Txn1"", ""Cd24a"", ""Calm2"", ""Atpif1"", ""Marcks"", ""Anxa2"", ""Ube2s"", ""Ybx1"", ""Ifngr1"", ""Xrcc6"", ""Ezh2"", ""Hsp90aa1"", ""Calm3"", ""Ctsl"", ""Kras"", ""Sumo2"", ""Pdcd5"", ""Anp32b"", ""Smarca5"", ""Ptprc"", ""Cxcr4"", ""Lat"", ""Cd4"", ""Rdx"", ""Dhx9"", ""Nedd4"", ""Hnrnpd"", ""Dek"", ""Ddx39b"", ""Pin1"", ""Rapgef3"", ""Hnrnpu"", ""Eif4a3"", ""Sh3bgrl"", ""Hsp90ab1"", ""Ddx3x"", ""Dap"", ""Nck2"", ""Ubb"", ""Ube2l3"", ""Nfkbia"", ""Prelid1"", ""Nab2"", ""Xbp1"", ""Eif5a"", ""Ighm"", ""Mtch1"", ""Rps27l"", ""Ptbp1"", ""Syncrip"", ""Rbm3"", ""Ube2n"", ""Als2"", ""Dcun1d5"", 
""Cycs"", ""Itgb1"", ""Ssb"", ""Cdk2ap1"", ""Sae1"", ""Akt1"", ""Cbfa2t3"", ""Bcl2l11"", ""Mapk1"", ""Trib1"", ""Capn3"", ""Prmt1"", ""Akirin2"", ""Hcfc1"", ""Serp1"", ""Slc25a37"", ""Pak1"", ""Mtpn"", ""Uba2"", ""Cd3e"", ""Casp8ap2"", ""Mmd"", ""Uhrf1"", ""Egr1"", ""Ccdc88a"", ""Hdac2"", ""P2rx7"", ""Ccnb1"", ""Cdk4"", ""Tfrc"", ""P2rx1"", ""Park7"", ""Gfra1"", ""Sumo3"", ""Baz1b"", ""Hras"", ""Bcl10"", ""Fbxw7"", ""Ddb1"", ""Ptger4"", ""Phb2"", ""Raf1"", ""Eif2a"", ""Eif4g1"", ""Tnfaip3"", ""Ift57"", ""Vps35"", ""Abi2"", ""Topors"", ""Cdca8"", ""Bbc3"", ""Snf8"", ""Clspn"", ""Aurka"", ""Cdc20"", ""Plk1"", 
""Cenpe"", ""Rnf7"", ""Hspd1"", ""Ddx21"", ""Cep295"", ""Incenp"", ""Fmr1"", ""Rab1a"", ""Ect2"", ""Birc5"", ""Suv39h1"", ""Ppp2r5d"", ""Otud6b"", ""Larp4b"", ""Wdr5"", ""Tpx2"", ""Prkcd"", ""Aurkb"", ""Rock2"", ""Dtnbp1"", ""Tiam1"", ""Nrp1"", ""Vegfb"", ""Aifm1"", ""Eif6"", ""Pim1"", ""Cnbp"")"
"196","GOBP_LEUKOCYTE_DIFFERENTIATION","0.00263483300499036","0.0244685655093456","0.431707695803346","-0.355812354517813","-1.36329642768426","308","c(""Satb1"", ""Hmgb1"", ""Tcf7"", ""Sox4"", ""Ccr9"", ""Cd27"", ""Cd28"", ""Tox"", ""Cd24a"", ""Prdx2"", ""Camk4"", ""Myb"", ""Slc25a5"", ""Themis"", ""Itm2a"", ""Cd8a"", ""Cmtm7"", ""Xrcc6"", ""Ezh2"", ""Gata3"", ""Hsp90aa1"", ""Ctsl"", ""Rag1"", ""Rorc"", ""Ptprc"", ""Lig4"", ""Smarcc1"", ""Cd4"", ""Ly6d"", ""Smarca4"", ""Ikzf1"", ""Hmgb3"", ""Patz1"", ""Lbr"", ""Tcf3"", ""Ada"", ""Nr3c1"", ""Prelid1"", ""Xbp1"", ""Bcl6"", ""Dusp10"", ""Stat5b"", ""Psap"", ""Cd3d"", ""Ighm"", ""Rag2"", ""Actl6a"", ""Nfatc3"", ""Lgals9"", ""Slamf1"", ""Ikzf3"", ""Cbfa2t3"", ""Runx1"", ""Trib1"", ""Cdk6"", ""Pknox1"", ""Slamf6"", 
""Lef1"", ""Cd1d1"")"
"197","GOBP_POSITIVE_REGULATION_OF_CELLULAR_COMPONENT_ORGANIZATION","0.00581284996785044","0.0431996246817076","0.407017918923954","-0.342484303060324","-1.34343828326698","400","c(""Cd28"", ""Tox"", ""Cd24a"", ""Sfpq"", ""Cux1"", ""Hnrnpa2b1"", ""Dynll1"", ""Atpif1"", ""Marcks"", ""Anxa2"", ""Slc25a5"", ""Thy1"", ""Ezh2"", ""Hsp90aa1"", ""Mns1"", ""Vdac1"", ""Anapc5"", ""Pdcd5"", ""Ptprc"", ""Trim28"", ""Lig4"", ""Caprin1"", ""Smc4"", ""Psmc6"", ""Ikzf1"", ""Hnrnpd"", ""Ppp1r35"", ""Rapgef3"", ""Ppt1"", ""Tubb2b"", ""Ddx3x"", ""Nck2"", ""Siva1"", ""Rad21"", ""Tcp1"", ""Ptprf"", ""Eif5a"", ""Ighm"", ""Ptbp1"", ""Bhlhb9"", ""Cct7"", ""Itgb1"", ""Ckap5"", ""Actl6a"", ""Mad1l1"", ""Bcl2l11"", ""Fbxo5"", ""Mapk1"", ""Trim27"", ""C2cd5"", ""Pak1"", ""Ncapd2"", ""Cct2"", ""Cdc16"", ""Psmc5"", 
""Palm"", ""Ccdc88a"", ""Smc5"", ""P2rx7"", ""Tfrc"", ""Park7"", ""Ruvbl1"", ""Hras"", ""Ranbp1"", ""Ssbp1"", ""Uchl5"", ""Nup62"", ""Terf1"", ""Atf1"", ""Nusap1"", ""Ppm1e"", ""Baiap2"", ""Cdk1"", ""Eif4g1"", ""Dynlt1f"", ""Cct3"", ""Pebp1"", ""Vps35"", ""Abi2"", ""Nsmce2"", ""Bbc3"", ""Ncaph"", ""Cdc42ep3"", ""Dstn"", ""Lingo4"", ""Aurka"", ""Cdc20"", ""Cenpe"", ""Ube2c"", ""Sf3a2"", ""Cep295"", ""Cct8"", ""Fmr1"", ""Brcc3"", ""Smc2"", ""Actn4"", ""Drg1"", ""Cdk2"", ""Ppp2r5d"", ""Ahi1"", ""Igf1r"", ""Rreb1"", ""Aurkb"", ""Sass6"", ""Rock2"", ""Dtnbp1"", ""Tiam1"", ""Nrp1"")"
"198","GOBP_POSITIVE_REGULATION_OF_TRANSPORT","0.00480214684628919","0.0371017352051584","0.407017918923954","-0.349500209124336","-1.34215868956439","315","c(""Sox4"", ""Ywhae"", ""Calm2"", ""Camk4"", ""Dynll1"", ""Myb"", ""Atpif1"", ""Anxa2"", ""Hnrnpm"", ""Thy1"", ""Hsp90aa1"", ""Calm3"", ""Arl6ip1"", ""Smo"", ""Pdcd5"", ""Anp32b"", ""Dbi"", ""Ptprc"", ""Trim28"", ""Cxcr4"", ""Cd4"", ""Rdx"", ""Dhx9"", ""Nedd4"", ""Rapgef3"", ""Ppt1"", ""Tomm7"", ""Hsp90ab1"", ""Siva1"", ""Nr3c1"", ""Nfkbia"", ""Prelid1"", ""Jup"", ""Xbp1"", ""Ighm"", ""Ptbp1"", ""Slc38a1"", ""Pcm1"", ""Itgb1"", ""Ckap5"", ""Akt1"", ""Runx1"", ""Mapk1"", ""Capn3"", ""Hcfc1"", ""Bsg"", ""Serp1"", ""C2cd5"", ""Pak1"", ""Ndufa4"", ""P2rx7"", ""P2rx1"", ""Park7"", ""Hras"", ""Ppid"", ""Ran"", ""Ctdspl2"", 
""Fbxw7"", ""Ptger4"", ""Glul"", ""Cdk1"", ""Hbp1"", ""Vps35"", ""Atp2b1"", ""Zdhhc8"", ""Bbc3"", ""Snf8"")"
"199","GOBP_NEGATIVE_REGULATION_OF_PROGRAMMED_CELL_DEATH","0.00688472870259634","0.0488398481599334","0.407017918923954","-0.338049339553331","-1.31202353185245","347","c(""Tcf7"", ""Cd27"", ""Ptma"", ""Gapdh"", ""Prdx2"", ""Slc25a5"", ""Ncl"", ""Maz"", ""Gata3"", ""Arl6ip1"", ""Kras"", ""Smo"", ""Vdac1"", ""Srsf6"", ""Rag1"", ""Ptms"", ""Anp32b"", ""Rorc"", ""Lig4"", ""Smarca4"", ""Pdcd1"", ""Pin1"", ""Rapgef3"", ""Ppt1"", ""Naa15"", ""Ada"", ""Hsp90ab1"", ""Ddx3x"", ""Nr3c1"", ""Rad21"", ""Prelid1"", ""Xbp1"", ""Bcl6"", ""Hmgb2"", ""Stat5b"", ""Eif5a"", ""Hdac1"", ""Bhlhb9"", ""Rnf157"", ""Tsc22d1"", ""Itgb1"", ""Hdgf"", ""Akt1"", ""Ivns1abp"", ""Mtdh"", ""Capn3"", ""Chl1"", ""Ybx3"", ""Cops5"", ""Ptcra"", ""Cfdp1"", ""Kdm2b"", ""Lef1"", ""Pcmt1"", ""Vdac2"", ""Slc7a11"", 
""Hmgcr"", ""Stat5a"", ""Hdac2"", ""Thoc6"", ""Tfrc"", ""Park7"", ""Hras"", ""Cdkn2d"", ""Bcl10"", ""Nup62"", ""Ddb1"", ""Phb2"", ""Raf1"", ""Cdk1"", ""Aldh2"", ""Hmgn5"", ""Dhcr24"", ""Tnfaip3"", ""Cited2"", ""Aurka"", ""Plk1"", ""Dnmt1"", ""Aars"", ""Rnf7"", ""Hspd1"", ""Pam16"", ""Notch1"", ""G2e3"", ""Fmr1"", ""Pcnt"", ""Set"", ""Nr4a1"", ""Birc5"", ""St6gal1"", ""Ahi1"", ""Bag1"", ""Igf1r"", ""Pa2g4"", ""Prkcd"", ""Aurkb"", ""Mad2l1"", ""Dusp1"", ""Nrp1"", ""Api5"", ""Vegfb"", ""Atad5"", ""Pim1"")"
"200","GOBP_REGULATION_OF_CELL_ADHESION","0.00449773985570684","0.0356644533591381","0.407017918923954","0.356425544439576","1.36771066118689","330","c(""H2-K1"", ""H2-D1"", ""Slfn1"", ""Rps3"", ""Smad7"", ""Ccr7"", ""Gimap3"", ""S1pr1"", ""H2-Q7"", ""B2m"", ""Tesc"", ""Il6ra"", ""Ass1"", ""Irgm1"", ""Runx3"", ""Dtx1"", ""Irf1"", ""Adam19"", ""H2-Q4"", ""Cd9"", ""H2-T22"", ""Il7r"", ""Dapl1"", ""Crtam"", ""Vsir"", ""Pde3b"", ""Acvrl1"", ""Cxcr3"", ""Icos"", ""Tnfrsf18"", ""H2-Q6"", ""Zbtb16"", ""Itgb3"", ""Zbtb7b"", ""Gstp1"", ""Lgals1"", ""Fbln1"", ""Cdh13"", ""Gimap5"", ""Cd55"", ""Il4"", ""Pml"", ""Cd86"", ""Tdgf1"", ""Ubash3b"", ""Bcl2"", ""Foxp3"", ""Tbx21"", ""Ctla4"", ""Spn"", ""Cd160"", ""Plaur"", ""H2-DMa"")"
"201","GOBP_CELL_ADHESION","0.000817347715425686","0.0108716534193837","0.477270815362862","0.358952926796615","1.43432007919819","479","c(""H2-K1"", ""H2-D1"", ""Itgb7"", ""Slfn1"", ""Rpsa"", ""Rps3"", ""Smad7"", ""Ccr7"", ""Gimap3"", ""S1pr1"", ""H2-Q7"", ""B2m"", ""Tesc"", ""Itgae"", ""Rpl29"", ""Il6ra"", ""Ass1"", ""Irgm1"", ""Runx3"", ""Dtx1"", ""Irf1"", ""Adam19"", ""H2-Q4"", ""Cd9"", ""Lgals3bp"", ""Tspan9"", ""H2-T22"", ""Il7r"", ""Actn2"", ""Amigo2"", ""Dapl1"", ""Stk10"", ""Izumo1r"", ""Crtam"", ""Vsir"", ""Pde3b"", ""Nt5e"", ""Acvrl1"", ""Cxcr3"", ""Icos"", ""Tnfrsf18"", ""H2-Q6"", ""Zbtb16"", ""Itgb3"", ""Zbtb7b"", ""Gstp1"", ""Lgals1"", ""Fbln1"", ""Cdh13"", ""Cd226"", ""Gimap5"", ""Cd55"", ""Il4"", ""Pml"", ""Cd86"", ""Tdgf1"", 
""Ubash3b"", ""Bcl2"", ""Foxp3"", ""Tbx21"", ""Ctla4"", ""Spn"", ""Cd160"", ""Plaur"", ""Klra1"", ""H2-DMa"")"
"202","GOBP_POSITIVE_REGULATION_OF_IMMUNE_SYSTEM_PROCESS","0.000811040096512467","0.0108617816397461","0.477270815362862","0.360346227687138","1.43478520443737","455","c(""H2-K1"", ""H2-D1"", ""Rps19"", ""Rps3"", ""Ccr7"", ""Gimap3"", ""H2-Q7"", ""B2m"", ""Tesc"", ""Irf7"", ""Ifi203"", ""Zbp1"", ""Mndal"", ""Irgm1"", ""Runx3"", ""Pik3cd"", ""Klrd1"", ""Trim30a"", ""Gpr68"", ""Dhx58"", ""Irf1"", ""Oas3"", ""Clcf1"", ""H2-Q4"", ""Parp9"", ""Ifi35"", ""Ddx60"", ""Nlrc5"", ""H2-T22"", ""Oasl1"", ""Il7r"", ""Il27ra"", ""Oas1a"", ""F2rl1"", ""Ifih1"", ""Gbp2"", ""Crtam"", ""Igtp"", ""Vsir"", ""Aqp3"", ""Icos"", ""Tnfrsf18"", ""H2-Q6"", ""Trim30d"", ""Eif2ak2"", ""Mapkapk3"", ""Zbtb16"", ""Itgb3"", ""Zbtb7b"", ""Lgals1"", ""Tnfrsf4"", ""Prkch"", ""Cd226"", ""Gimap5"", ""Tmem126a"", 
""Cd55"", ""Gbp7"", ""Gbp5"", ""Il4"", ""Trim30c"", ""Cd86"", ""Bcl2"", ""Foxp3"", ""Tbx21"", ""Ctla4"", ""Spn"", ""Cd160"", ""Trim25"", ""Klrk1"", ""Ctsc"", ""H2-DMa"", ""Phb"", ""Klrb1c"", ""Klrc2"", ""Psen2"", ""Mif"", ""Rsad2"", ""Gbp3"", ""Fut7"", ""Jund"", ""Sell"", ""Lax1"", ""Adk"", ""Tnf"", ""Lta"", ""Tmem64"", ""Ccr6"", ""Hspa8"", ""Arid5a"", ""Il13"", ""Klrc1"", ""Nfatc2"", ""Rnf125"")"
"203","GOBP_NEGATIVE_REGULATION_OF_MULTICELLULAR_ORGANISMAL_PROCESS","0.000501963220759641","0.00763049285583324","0.477270815362862","0.363991229759981","1.44012527877492","431","c(""Klf2"", ""Rps19"", ""Slfn1"", ""Smad7"", ""Ccnd2"", ""Ccr7"", ""Gimap3"", ""B2m"", ""Stat1"", ""Xaf1"", ""Irgm1"", ""Bst2"", ""Gpr18"", ""Runx3"", ""Trim30a"", ""Gpr68"", ""Dhx58"", ""Dtx1"", ""Sema4a"", ""Irf1"", ""Oas3"", ""Inpp4b"", ""Cst7"", ""Cd9"", ""Rarg"", ""Sp100"", ""Foxo1"", ""Dapl1"", ""Il27ra"", ""Oas1a"", ""F2rl1"", ""Nme2"", ""Syt11"", ""Plac8"", ""Bcl3"", ""Crtam"", ""Igtp"", ""Vsir"", ""Pde3b"", ""Acvrl1"", ""Cxcr3"", ""Sorl1"", ""Zbtb7b"", ""Gstp1"", ""Fbln1"", ""Tnfrsf4"", ""Gimap5"", ""Ecm1"", ""Gbp7"", ""Il4"", ""Pml"", ""Cd86"", ""Myc"", ""Ubash3b"", ""Bcl2"", ""Foxp3"", ""Tbx21"", 
""Ctla4"", ""Spn"", ""Cd160"", ""Plaur"", ""Ctsc"", ""Pglyrp1"")"
"204","GOBP_RIBONUCLEOPROTEIN_COMPLEX_BIOGENESIS","0.00604092382934265","0.044471077624186","0.407017918923954","0.392362513719959","1.46001527689466","232","c(""Rps19"", ""Rps7"", ""Rps5"", ""Rpsa"", ""Rplp0"", ""Rps23"", ""Rpl10a"", ""Rps12"", ""Rpl14"", ""Rps6"", ""Rps16"", ""Rps8"", ""Rpl35"", ""Rps3a1"", ""Rpl5"", ""Rps25"", ""Rpl10"", ""Rps28"", ""Rpl26"", ""Rps14"", ""Rpl11"", ""Rpl23a"", ""Chd7"", ""Rpl6"", ""Isg20"")"
"205","GOBP_CELL_CELL_ADHESION","0.00143560010861512","0.0160035231155619","0.45505986738723","0.381477650502107","1.46349887738226","317","c(""H2-K1"", ""H2-D1"", ""Itgb7"", ""Slfn1"", ""Rpsa"", ""Rps3"", ""Smad7"", ""Ccr7"", ""Gimap3"", ""H2-Q7"", ""B2m"", ""Itgae"", ""Il6ra"", ""Ass1"", ""Irgm1"", ""Runx3"", ""Dtx1"", ""Irf1"", ""Adam19"", ""H2-Q4"", ""Cd9"", ""Tspan9"", ""H2-T22"", ""Il7r"", ""Amigo2"", ""Dapl1"", ""Stk10"", ""Crtam"", ""Vsir"", ""Nt5e"", ""Icos"", ""H2-Q6"", ""Zbtb16"", ""Itgb3"", ""Zbtb7b"", ""Gstp1"", ""Lgals1"", ""Cdh13"", ""Gimap5"", ""Cd55"", ""Il4"", ""Cd86"", ""Ubash3b"", ""Bcl2"", ""Foxp3"", ""Tbx21"", ""Ctla4"", ""Spn"", ""Cd160"", ""Plaur"", ""H2-DMa"")"
"206","GOBP_ADAPTIVE_IMMUNE_RESPONSE","0.00138108347535525","0.0156189198831238","0.45505986738723","0.392736333496425","1.4709674522517","246","c(""H2-K1"", ""H2-D1"", ""Slfn1"", ""Smad7"", ""Ccr7"", ""Gimap3"", ""H2-Q7"", ""Cd7"", ""B2m"", ""Irf7"", ""Il6ra"", ""Pik3cd"", ""Klrd1"", ""Il2rb"", ""Sema4a"", ""Irf1"", ""Clcf1"", ""H2-Q4"", ""H2-T22"", ""Il7r"", ""Il27ra"", ""Eomes"", ""Prr7"", ""Bcl3"", ""Crtam"", ""Vsir"", ""Pou2f2"", ""H2-Q6"", ""Zbtb7b"", ""Cd226"", ""Gimap5"", ""Cd55"", ""Il4"", ""Cd86"", ""Foxp3"", ""Tbx21"", ""Ctla4"", ""Spn"", ""Cd160"", ""Klrk1"", ""Ctsc"", ""H2-DMa"", ""Phb"", ""Bach2"", ""Mif"", ""Rsad2"", ""Fut7"", ""Slamf7"", ""Lax1"", ""Ung"", ""Gzmb"", ""Tnf"", ""Lta"", ""Ccr6"", ""Arid5a"", ""Serpinb9"", ""Tnfrsf1b"", ""Rnf125"", 
""Il18r1"", ""Ighd"", ""Ifng"")"
"207","GOBP_POSITIVE_REGULATION_OF_CYTOKINE_PRODUCTION","0.00146961049016647","0.0161970986894757","0.45505986738723","0.408154443711961","1.51861747468167","230","c(""H2-K1"", ""H2-D1"", ""Rps3"", ""Ccr7"", ""Gimap3"", ""H2-Q7"", ""B2m"", ""Irf7"", ""Stat1"", ""Ltb"", ""Isg15"", ""Il6ra"", ""Dhx58"", ""Irf1"", ""Oas3"", ""H2-Q4"", ""H2-T22"", ""Il27ra"", ""Oas1a"", ""F2rl1"", ""Ifih1"", ""Bcl3"", ""Crtam"", ""Pou2f2"", ""Oas2"", ""H2-Q6"", ""Eif2ak2"", ""Sorl1"", ""Zbtb7b"", ""Cd226"", ""Gimap5"", ""Cd55"", ""Gbp5"", ""Il4"", ""Foxp3"", ""Tbx21"", ""Spn"", ""Cd160"", ""Klrk1"", ""Phb"", ""Mif"", ""Rsad2"")"
"208","GOBP_CYTOKINE_PRODUCTION","8.49266832262522e-05","0.00201325790810163","0.538434096309916","0.397737123023398","1.54789946799672","371","c(""H2-K1"", ""H2-D1"", ""Klf2"", ""Rps3"", ""Smad7"", ""Ccr7"", ""Gimap3"", ""H2-Q7"", ""B2m"", ""Irf7"", ""Stat1"", ""Ltb"", ""Isg15"", ""Xaf1"", ""Il6ra"", ""Irgm1"", ""Bst2"", ""Gpr18"", ""Runx3"", ""Irf9"", ""Trim30a"", ""Dhx58"", ""Irf1"", ""Oas3"", ""H2-Q4"", ""H2-T22"", ""Il27ra"", ""Eomes"", ""Oas1a"", ""F2rl1"", ""Ifih1"", ""Syt11"", ""Bcl3"", ""Crtam"", ""Igtp"", ""Vsir"", ""Pou2f2"", ""Oas2"", ""H2-Q6"", ""Eif2ak2"", ""Sorl1"", ""Zbtb7b"", ""Gstp1"", ""Fbln1"", ""Tnfrsf4"", ""Cd226"", ""Gimap5"", ""Cd55"", ""Gbp7"", ""Gbp5"", ""Il4"", ""Pml"", ""Foxp3"", ""Tbx21"", ""Spn"", ""Cd160"", ""Klrk1"", 
""Phb"", ""Pglyrp1"", ""Psen2"", ""Mif"", ""Rsad2"", ""Gbp3"")"
"209","GOBP_LEUKOCYTE_MEDIATED_IMMUNITY","0.000876839289807756","0.0114674903767595","0.477270815362862","0.419398059267985","1.55342952933446","216","c(""H2-K1"", ""H2-D1"", ""Nkg7"", ""Smad7"", ""Gimap3"", ""H2-Q7"", ""B2m"", ""Irf7"", ""Bst2"", ""Klrd1"", ""Il2rb"", ""Clcf1"", ""H2-Q4"", ""H2-T22"", ""Il7r"", ""Il27ra"", ""F2rl1"", ""Bcl3"", ""Crtam"", ""Vsir"", ""Pou2f2"", ""H2-Q6"", ""Cd226"", ""Gimap5"", ""Cd55"", ""Il4"", ""Foxp3"", ""Tbx21"", ""Spn"", ""Cd160"", ""Klrk1"", ""Ctsc"", ""H2-DMa"", ""Klrb1c"", ""Klrc2"", ""Rsad2"", ""Fut7"", ""Gzmc"", ""Ung"", ""Gzmb"", ""Tnf"", ""Lta"", ""Ccr6"", ""Arid5a"", ""Il13"", ""Klrc1"", ""Serpinb9"", ""Tnfrsf1b"", ""Il18r1"", ""Ighd"", ""Ifng"")"
"210","GOBP_PRODUCTION_OF_MOLECULAR_MEDIATOR_OF_IMMUNE_RESPONSE","0.00180735084241955","0.018804481431574","0.45505986738723","0.443557566572169","1.56120690967472","149","c(""H2-K1"", ""H2-D1"", ""Smad7"", ""Gimap3"", ""H2-Q7"", ""B2m"", ""Bst2"", ""Clcf1"", ""H2-Q4"", ""Samhd1"", ""H2-T22"", ""Il7r"", ""Il27ra"", ""F2rl1"", ""Vsir"", ""Pou2f2"", ""H2-Q6"", ""Tnfrsf4"", ""Cd226"", ""Gimap5"", ""Cd55"", ""Il4"", ""Cd86"", ""Foxp3"", ""Tbx21"", ""Cd160"", ""Phb"", ""Psen2"", ""Mif"", ""Rsad2"", ""Lax1"", ""Ung"", ""Tnf"", ""Ccr6"", ""Arid5a"", ""Litaf"", ""Il13"", ""Tnfrsf1b"", ""Il18r1"", ""Ighd"", ""Ifng"")"
"211","GOBP_REGULATION_OF_LEUKOCYTE_MEDIATED_IMMUNITY","0.00204068503853631","0.0200724524168635","0.431707695803346","0.453913227928605","1.57288635965038","135","c(""H2-K1"", ""H2-D1"", ""Smad7"", ""Gimap3"", ""H2-Q7"", ""B2m"", ""Bst2"", ""Klrd1"", ""Clcf1"", ""H2-Q4"", ""H2-T22"", ""Il7r"", ""Il27ra"", ""F2rl1"", ""Crtam"", ""Vsir"", ""H2-Q6"", ""Cd226"", ""Gimap5"", ""Cd55"", ""Il4"", ""Foxp3"", ""Tbx21"", ""Spn"", ""Cd160"", ""Klrk1"", ""Klrb1c"", ""Klrc2"", ""Rsad2"", ""Fut7"", ""Tnf"", ""Lta"", ""Arid5a"", ""Il13"", ""Klrc1"", ""Serpinb9"", ""Tnfrsf1b"", ""Il18r1"", ""Ifng"")"
"212","GOBP_LYMPHOCYTE_MEDIATED_IMMUNITY","0.000676326105755628","0.00960654618556519","0.477270815362862","0.440286338617007","1.58233735883674","176","c(""H2-K1"", ""H2-D1"", ""Nkg7"", ""Smad7"", ""Gimap3"", ""H2-Q7"", ""B2m"", ""Irf7"", ""Klrd1"", ""Il2rb"", ""Clcf1"", ""H2-Q4"", ""H2-T22"", ""Il7r"", ""Il27ra"", ""Bcl3"", ""Crtam"", ""Vsir"", ""Pou2f2"", ""H2-Q6"", ""Cd226"", ""Gimap5"", ""Cd55"", ""Il4"", ""Foxp3"", ""Tbx21"", ""Spn"", ""Cd160"", ""Klrk1"", ""Ctsc"", ""H2-DMa"", ""Klrb1c"", ""Klrc2"", ""Rsad2"", ""Fut7"", ""Gzmc"", ""Ung"", ""Gzmb"", ""Tnf"", ""Lta"", ""Ccr6"", ""Arid5a"", ""Klrc1"", ""Serpinb9"", ""Tnfrsf1b"", ""Il18r1"", ""Ighd"", ""Ifng"")"
"213","GOBP_ADAPTIVE_IMMUNE_RESPONSE_BASED_ON_SOMATIC_RECOMBINATION_OF_IMMUNE_RECEPTORS_BUILT_FROM_IMMUNOGLOBULIN_SUPERFAMILY_DOMAINS","0.00103999493182063","0.0129501496563409","0.45505986738723","0.441695038378859","1.5856366193376","181","c(""H2-K1"", ""H2-D1"", ""Smad7"", ""Ccr7"", ""Gimap3"", ""H2-Q7"", ""B2m"", ""Irf7"", ""Il6ra"", ""Klrd1"", ""Il2rb"", ""Sema4a"", ""Irf1"", ""Clcf1"", ""H2-Q4"", ""H2-T22"", ""Il7r"", ""Il27ra"", ""Bcl3"", ""Vsir"", ""Pou2f2"", ""H2-Q6"", ""Zbtb7b"", ""Cd226"", ""Gimap5"", ""Cd55"", ""Il4"", ""Foxp3"", ""Tbx21"", ""Spn"", ""Ctsc"", ""H2-DMa"", ""Phb"", ""Bach2"", ""Rsad2"", ""Fut7"", ""Ung"", ""Gzmb"", ""Tnf"", ""Lta"", ""Ccr6"", ""Arid5a"", ""Serpinb9"", ""Tnfrsf1b"", ""Il18r1"", ""Ighd"", ""Ifng"")"
"214","GOBP_REGULATION_OF_IMMUNE_RESPONSE","2.84344170942957e-05","0.000853397056637773","0.575610261071129","0.404858328416045","1.58841317468292","386","c(""H2-K1"", ""H2-D1"", ""Rps19"", ""Rps3"", ""Smad7"", ""Ccr7"", ""Gimap3"", ""H2-Q7"", ""B2m"", ""Irf7"", ""Ifi203"", ""Isg15"", ""Zbp1"", ""Mndal"", ""Irgm1"", ""Klrd1"", ""Trim30a"", ""Dhx58"", ""Irf1"", ""Oas3"", ""Clcf1"", ""H2-Q4"", ""Parp14"", ""Samhd1"", ""Parp9"", ""Ifi35"", ""Ddx60"", ""Nlrc5"", ""H2-T22"", ""Oasl1"", ""Il7r"", ""Il27ra"", ""Oas1a"", ""F2rl1"", ""Ifih1"", ""Gbp2"", ""Crtam"", ""Igtp"", ""Vsir"", ""H2-Q6"", ""Trim30d"", ""Eif2ak2"", ""Mapkapk3"", ""Zbtb7b"", ""Prkch"", ""Cd226"", ""Gimap5"", ""Ecm1"", ""Tmem126a"", ""Cd55"", ""Gbp7"", ""Gbp5"", ""Il4"", ""Trim30c"", ""Cd86"", ""Bcl2"", 
""Foxp3"", ""Tbx21"", ""Ctla4"", ""Spn"", ""Cd160"", ""Trim25"", ""Klrk1"", ""H2-DMa"", ""Phb"", ""Pglyrp1"", ""Klrb1c"", ""Klrc2"", ""Psen2"", ""Mif"", ""Rsad2"", ""Gbp3"", ""Fut7"", ""Lax1"", ""Tnf"", ""Lta"", ""Trafd1"", ""Ccr6"", ""Hspa8"", ""Arid5a"", ""Il13"", ""Klrc1"", ""Serpinb9"", ""Tnfrsf1b"", ""Nfatc2"", ""Rnf125"")"
"215","GOBP_MONONUCLEAR_CELL_MIGRATION","0.00345748217928355","0.0292200930747393","0.431707695803346","0.480599355413128","1.59058896693659","96","c(""Rps19"", ""Itgb7"", ""Ccr7"", ""S1pr1"", ""Il27ra"", ""Stk10"", ""Crtam"", ""Cxcr3"", ""Itgb3"", ""Ecm1"", ""Il4"", ""Tbx21"", ""Spn"", ""Fut7"", ""Pdgfb"", ""Ccr6"")"
"216","GOBP_POSITIVE_REGULATION_OF_IMMUNE_RESPONSE","9.94641127867493e-05","0.00228279890229196","0.538434096309916","0.416343224402415","1.59445252842264","306","c(""H2-K1"", ""H2-D1"", ""Rps19"", ""Rps3"", ""Ccr7"", ""Gimap3"", ""H2-Q7"", ""B2m"", ""Irf7"", ""Ifi203"", ""Zbp1"", ""Mndal"", ""Irgm1"", ""Klrd1"", ""Trim30a"", ""Dhx58"", ""Irf1"", ""Oas3"", ""Clcf1"", ""H2-Q4"", ""Parp9"", ""Ifi35"", ""Ddx60"", ""Nlrc5"", ""H2-T22"", ""Oasl1"", ""Il27ra"", ""Oas1a"", ""F2rl1"", ""Ifih1"", ""Gbp2"", ""Crtam"", ""Igtp"", ""H2-Q6"", ""Trim30d"", ""Eif2ak2"", ""Mapkapk3"", ""Prkch"", ""Cd226"", ""Gimap5"", ""Tmem126a"", ""Cd55"", ""Gbp7"", ""Gbp5"", ""Il4"", ""Trim30c"", ""Cd86"", ""Bcl2"", ""Foxp3"", ""Tbx21"", ""Ctla4"", ""Cd160"", ""Trim25"", ""Klrk1"", ""H2-DMa"", 
""Phb"", ""Klrb1c"", ""Klrc2"", ""Psen2"", ""Mif"", ""Rsad2"", ""Gbp3"")"
"217","GOBP_REGULATION_OF_LYMPHOCYTE_MEDIATED_IMMUNITY","0.00188638110737393","0.0194538245478518","0.45505986738723","0.466848928600109","1.60017363375511","111","c(""H2-K1"", ""H2-D1"", ""Smad7"", ""Gimap3"", ""H2-Q7"", ""B2m"", ""Klrd1"", ""Clcf1"", ""H2-Q4"", ""H2-T22"", ""Il7r"", ""Il27ra"", ""Crtam"", ""Vsir"", ""H2-Q6"", ""Cd226"", ""Gimap5"", ""Cd55"", ""Il4"", ""Foxp3"", ""Tbx21"", ""Spn"", ""Cd160"", ""Klrk1"", ""Klrb1c"", ""Klrc2"", ""Rsad2"", ""Fut7"", ""Tnf"", ""Lta"", ""Arid5a"", ""Klrc1"", ""Serpinb9"", ""Tnfrsf1b"", ""Il18r1"", ""Ifng"")"
"218","GOBP_TUMOR_NECROSIS_FACTOR_SUPERFAMILY_CYTOKINE_PRODUCTION","0.0023629060058173","0.022577807998442","0.431707695803346","0.490197368921171","1.62134707175699","94","c(""H2-K1"", ""H2-D1"", ""Ccr7"", ""H2-Q7"", ""Gpr18"", ""Trim30a"", ""Oas3"", ""H2-Q4"", ""H2-T22"", ""Il27ra"", ""Oas1a"", ""Ifih1"", ""Syt11"", ""Bcl3"", ""Vsir"", ""Oas2"", ""H2-Q6"", ""Gstp1"", ""Il4"", ""Foxp3"", ""Spn"", ""Psen2"", ""Mif"")"
"219","GOBP_ALPHA_BETA_T_CELL_PROLIFERATION","0.00677575464526904","0.0486565694005363","0.407017918923954","0.570406912366621","1.62522469728175","42","c(""H2-K1"", ""H2-D1"", ""H2-Q7"", ""Irgm1"", ""Irf1"", ""H2-Q4"", ""H2-T22"", ""Vsir"", ""H2-Q6"", ""Zbtb7b"", ""Cd55"", ""Myc"", ""Foxp3"")"
"220","GOBP_SIGNAL_TRANSDUCTION_BY_P53_CLASS_MEDIATOR","0.00683535003207862","0.0487852269057806","0.407017918923954","0.534475276472079","1.62804741155335","61","c(""Rps20"", ""Rps7"", ""Rpl23"", ""Rpl5"", ""Rpl26"", ""Rpl37"", ""Rpl11"", ""Sp100"", ""Bcl3"", ""Hint1"", ""Rps15"", ""Npm1"", ""Pml"", ""Myc"", ""Mif"", ""Tfap4"", ""Bmyc"", ""Tmem109"", ""Steap3"")"
"221","GOBP_NEGATIVE_REGULATION_OF_CYTOKINE_PRODUCTION","0.000915232562036539","0.0118803830783642","0.477270815362862","0.466347816971318","1.63063471920393","139","c(""Klf2"", ""Smad7"", ""Ccr7"", ""Gimap3"", ""Xaf1"", ""Irgm1"", ""Bst2"", ""Gpr18"", ""Trim30a"", ""Dhx58"", ""Oas3"", ""Il27ra"", ""Oas1a"", ""F2rl1"", ""Syt11"", ""Bcl3"", ""Igtp"", ""Vsir"", ""Gstp1"", ""Fbln1"", ""Tnfrsf4"", ""Gimap5"", ""Gbp7"", ""Il4"", ""Pml"", ""Foxp3"", ""Tbx21"", ""Pglyrp1"", ""Gbp3"")"
"222","GOBP_RRNA_METABOLIC_PROCESS","0.0011409622818204","0.0137631008528204","0.45505986738723","0.475607310188285","1.63205838067419","126","c(""Rps19"", ""Rps7"", ""Rpl10a"", ""Rpl14"", ""Rps6"", ""Rps16"", ""Rps8"", ""Rpl35"", ""Rpl5"", ""Rps25"", ""Rps28"", ""Rpl26"", ""Slfn8"", ""Rpl11"", ""Chd7"", ""Isg20"", ""Rps15"", ""Npm1"", ""Gm2000"", ""Fbl"")"
"223","GOBP_POSITIVE_REGULATION_OF_IMMUNE_EFFECTOR_PROCESS","0.000939128127656819","0.0120796645431023","0.477270815362862","0.468501319777317","1.63291941086967","138","c(""H2-K1"", ""H2-D1"", ""Rps19"", ""Ccr7"", ""Gimap3"", ""H2-Q7"", ""B2m"", ""Klrd1"", ""Dhx58"", ""Irf1"", ""Clcf1"", ""H2-Q4"", ""Ddx60"", ""H2-T22"", ""F2rl1"", ""Crtam"", ""H2-Q6"", ""Tnfrsf4"", ""Cd226"", ""Gimap5"", ""Cd55"", ""Il4"", ""Cd86"", ""Foxp3"", ""Tbx21"", ""Cd160"", ""Klrk1"", ""Phb"", ""Klrb1c"", ""Klrc2"", ""Mif"", ""Rsad2"", ""Tnf"", ""Lta"", ""Arid5a"", ""Il13"", ""Klrc1"")"
"224","GOBP_REGULATION_OF_T_CELL_MEDIATED_IMMUNITY","0.00452563381523976","0.0356717466716373","0.407017918923954","0.556455523888499","1.64365749197399","53","c(""H2-K1"", ""H2-D1"", ""Smad7"", ""H2-Q7"", ""B2m"", ""Klrd1"", ""H2-Q4"", ""H2-T22"", ""Il7r"", ""Vsir"", ""H2-Q6"", ""Cd55"", ""Il4"", ""Foxp3"", ""Tbx21"", ""Spn"", ""Rsad2"", ""Fut7"")"
"225","GOBP_REGULATION_OF_ADAPTIVE_IMMUNE_RESPONSE","0.00130239798036043","0.0148427042256895","0.45505986738723","0.484543970478465","1.64752318096934","119","c(""H2-K1"", ""H2-D1"", ""Smad7"", ""Ccr7"", ""Gimap3"", ""H2-Q7"", ""B2m"", ""Irf7"", ""Klrd1"", ""Irf1"", ""Clcf1"", ""H2-Q4"", ""H2-T22"", ""Il7r"", ""Il27ra"", ""Vsir"", ""H2-Q6"", ""Zbtb7b"", ""Cd226"", ""Gimap5"", ""Cd55"", ""Il4"", ""Foxp3"", ""Tbx21"", ""Spn"", ""Cd160"", ""H2-DMa"", ""Mif"", ""Rsad2"", ""Fut7"", ""Tnf"", ""Lta"", ""Ccr6"", ""Arid5a"", ""Tnfrsf1b"", ""Il18r1"", ""Ifng"")"
"226","GOBP_ALPHA_BETA_T_CELL_ACTIVATION","0.000717824773535307","0.0100025463978938","0.477270815362862","0.484367102232292","1.64948094031416","120","c(""H2-K1"", ""H2-D1"", ""Nkg7"", ""Smad7"", ""Ccr7"", ""Gimap3"", ""H2-Q7"", ""Il6ra"", ""Irgm1"", ""Gpr18"", ""Rpl22"", ""Runx3"", ""Sema4a"", ""Irf1"", ""H2-Q4"", ""H2-T22"", ""Dapl1"", ""Eomes"", ""Prr7"", ""Bcl3"", ""Crtam"", ""Igtp"", ""Vsir"", ""Tnfsf8"", ""H2-Q6"", ""Zbtb16"", ""Zbtb7b"", ""Gimap5"", ""Cd55"", ""Il4"", ""Myc"", ""Bcl2"", ""Foxp3"", ""Tbx21"", ""Spn"", ""Cd160"", ""Rsad2"", ""Fut7"")"
"227","GOBP_IMMUNE_EFFECTOR_PROCESS","2.61144913708613e-05","0.000837452387660088","0.575610261071129","0.43090459019334","1.65002252614942","305","c(""H2-K1"", ""H2-D1"", ""Rps19"", ""Nkg7"", ""Smad7"", ""Lfng"", ""Ccr7"", ""Rps6"", ""Gimap3"", ""H2-Q7"", ""B2m"", ""Irf7"", ""Il6ra"", ""Bst2"", ""Klrd1"", ""Dhx58"", ""Il2rb"", ""Sema4a"", ""Irf1"", ""Clcf1"", ""H2-Q4"", ""Ifi35"", ""Ddx60"", ""H2-T22"", ""Il7r"", ""Il27ra"", ""Eomes"", ""F2rl1"", ""Bcl3"", ""Crtam"", ""Vsir"", ""Pou2f2"", ""Mfng"", ""H2-Q6"", ""Zbtb7b"", ""Lgals1"", ""Tnfrsf4"", ""Cd226"", ""Gimap5"", ""Cd55"", ""Il4"", ""Cd86"", ""Foxp3"", ""Tbx21"", ""Spn"", ""Cd160"", ""Klrk1"", ""Ctsc"", ""H2-DMa"", ""Phb"", ""Pglyrp1"", ""Klrb1c"", ""Klrc2"", ""Psen2"", ""Mif"", ""Rsad2"", ""Fut7"", 
""Gzmc"", ""Ung"", ""Gzmb"", ""Tnf"", ""Lta"", ""Ccr6"", ""Arid5a"", ""Litaf"", ""Il13"", ""Klrc1"", ""Serpinb9"", ""Tnfrsf1b"", ""Il18r1"", ""Lcp1"", ""Ighd"", ""Ifng"")"
"228","GOBP_REGULATION_OF_IMMUNE_EFFECTOR_PROCESS","0.000124806529450798","0.002680477848113","0.518848077743792","0.454035702325286","1.65239701502553","195","c(""H2-K1"", ""H2-D1"", ""Rps19"", ""Smad7"", ""Ccr7"", ""Gimap3"", ""H2-Q7"", ""B2m"", ""Bst2"", ""Klrd1"", ""Dhx58"", ""Irf1"", ""Clcf1"", ""H2-Q4"", ""Ddx60"", ""H2-T22"", ""Il7r"", ""Il27ra"", ""F2rl1"", ""Crtam"", ""Vsir"", ""H2-Q6"", ""Zbtb7b"", ""Tnfrsf4"", ""Cd226"", ""Gimap5"", ""Cd55"", ""Il4"", ""Cd86"", ""Foxp3"", ""Tbx21"", ""Spn"", ""Cd160"", ""Klrk1"", ""Phb"", ""Pglyrp1"", ""Klrb1c"", ""Klrc2"", ""Mif"", ""Rsad2"", ""Fut7"", ""Tnf"", ""Lta"", ""Ccr6"", ""Arid5a"", ""Litaf"", ""Il13"", ""Klrc1"", ""Serpinb9"", ""Tnfrsf1b"")"
"229","GOBP_RESPONSE_TO_CYTOKINE","3.24812243442808e-06","0.000155180706510125","0.627256739718528","0.423194794859822","1.66035410520638","386","c(""Rpl3"", ""Vim"", ""Rplp0"", ""Rps3"", ""Smad7"", ""Ccr7"", ""Rps2"", ""Rps16"", ""H2-Q7"", ""Irf7"", ""Ifi203"", ""Ifi47"", ""Stat1"", ""Isg15"", ""Xaf1"", ""Zbp1"", ""Capg"", ""Il6ra"", ""Mndal"", ""Ifit1"", ""Irgm1"", ""Bst2"", ""Cxcr6"", ""Ifit3"", ""Il2rb"", ""Dtx1"", ""Irf1"", ""Oas3"", ""Parp14"", ""Samhd1"", ""Parp9"", ""Tgtp2"", ""Rarg"", ""Tgtp1"", ""Nlrc5"", ""Oasl2"", ""Sp100"", ""Oasl1"", ""Il7r"", ""Iigp1"", ""Il27ra"", ""Oas1a"", ""Gbp9"", ""F2rl1"", ""Ifih1"", ""Traf5"", ""Gbp2"", ""Ldlrap1"", ""Igtp"", ""Oas2"", ""Eif2ak2"", ""Mapkapk3"", ""Traf1"", ""Ecm1"", ""Gbp7"", ""Gbp5"", ""Il4"", 
""Pml"", ""Myc"", ""Bcl2"", ""Endog"", ""Trim25"", ""Phb"", ""Pde2a"", ""Gbp3"", ""Timp2"", ""Ccrl2"", ""Sell"")"
"230","GOBP_MYELOID_LEUKOCYTE_MEDIATED_IMMUNITY","0.00340850627827258","0.0289105550631743","0.431707695803346","0.564214515981139","1.66657599118146","53","c(""H2-K1"", ""H2-D1"", ""H2-Q7"", ""H2-Q4"", ""H2-T22"", ""F2rl1"", ""H2-Q6"", ""Il4"")"
"231","GOBP_REGULATION_OF_VIRAL_INDUCED_CYTOPLASMIC_PATTERN_RECOGNITION_RECEPTOR_SIGNALING_PATHWAY","0.00387819679958096","0.0317442612161504","0.431707695803346","0.633953991341084","1.67443518051382","29","c(""Irgm1"", ""Trim30a"", ""Dhx58"", ""Ddx60"", ""Oasl1"", ""F2rl1"", ""Gbp2"", ""Igtp"", ""Eif2ak2"", ""Gbp5"", ""Rsad2"", ""Hspa8"", ""Rnf125"", ""Irgm2"")"
"232","GOBP_POSITIVE_REGULATION_OF_B_CELL_MEDIATED_IMMUNITY","0.00477740083235764","0.0370327660547988","0.407017918923954","0.607258411900839","1.67830780646728","38","c(""H2-K1"", ""H2-D1"", ""Gimap3"", ""H2-Q7"", ""Clcf1"", ""H2-Q4"", ""H2-T22"", ""H2-Q6"", ""Cd226"", ""Gimap5"", ""Il4"", ""Tbx21"", ""Tnf"", ""Lta"")"
"233","GOBP_REGULATION_OF_PRODUCTION_OF_MOLECULAR_MEDIATOR_OF_IMMUNE_RESPONSE","0.000839750471999752","0.011044134016581","0.477270815362862","0.497899984053749","1.67986789063559","104","c(""H2-K1"", ""H2-D1"", ""Smad7"", ""Gimap3"", ""H2-Q7"", ""B2m"", ""Bst2"", ""Clcf1"", ""H2-Q4"", ""H2-T22"", ""Il27ra"", ""F2rl1"", ""Vsir"", ""H2-Q6"", ""Tnfrsf4"", ""Cd226"", ""Gimap5"", ""Cd55"", ""Il4"", ""Cd86"", ""Foxp3"", ""Tbx21"", ""Cd160"", ""Phb"", ""Mif"", ""Rsad2"", ""Tnf"", ""Arid5a"", ""Litaf"", ""Il13"", ""Tnfrsf1b"", ""Il18r1"", ""Ifng"")"
"234","GOBP_POSITIVE_REGULATION_OF_CELL_KILLING","0.00378251931948537","0.0310697464102289","0.431707695803346","0.577242687323358","1.69112364886641","51","c(""H2-K1"", ""H2-D1"", ""Gimap3"", ""H2-Q7"", ""B2m"", ""Klrd1"", ""H2-Q4"", ""H2-T22"", ""F2rl1"", ""Crtam"", ""H2-Q6"", ""Cd226"", ""Gimap5"", ""Cd160"", ""Klrk1"", ""Klrb1c"", ""Klrc2"")"
"235","GOBP_REGULATION_OF_ALPHA_BETA_T_CELL_ACTIVATION","0.000982993374223538","0.0125064537448766","0.45505986738723","0.526396158640323","1.6916552892789","78","c(""H2-K1"", ""H2-D1"", ""Smad7"", ""Ccr7"", ""Gimap3"", ""H2-Q7"", ""Irgm1"", ""Runx3"", ""Irf1"", ""H2-Q4"", ""H2-T22"", ""Dapl1"", ""Crtam"", ""Vsir"", ""H2-Q6"", ""Zbtb16"", ""Zbtb7b"", ""Gimap5"", ""Cd55"", ""Il4"", ""Foxp3"", ""Tbx21"", ""Cd160"")"
"236","GOBP_POSITIVE_REGULATION_OF_ALPHA_BETA_T_CELL_ACTIVATION","0.00280767198029839","0.0252798465610713","0.431707695803346","0.575949169396923","1.6919908147697","52","c(""H2-K1"", ""H2-D1"", ""Ccr7"", ""Gimap3"", ""H2-Q7"", ""Irgm1"", ""Runx3"", ""Irf1"", ""H2-Q4"", ""H2-T22"", ""H2-Q6"", ""Zbtb16"", ""Zbtb7b"", ""Gimap5"", ""Cd55"", ""Foxp3"", ""Cd160"")"
"237","GOBP_REGULATION_OF_INFLAMMATORY_RESPONSE","0.000198767049020931","0.00375252953030645","0.518848077743792","0.474375782644254","1.70112064613064","173","c(""H2-K1"", ""H2-D1"", ""Rps19"", ""Nkg7"", ""Ccr7"", ""H2-Q7"", ""Ctss"", ""Zbp1"", ""Irgm1"", ""Ggt1"", ""Clcf1"", ""H2-Q4"", ""Cst7"", ""Ifi35"", ""H2-T22"", ""Syt11"", ""Igtp"", ""Nt5e"", ""H2-Q6"", ""Gstp1"", ""Lgals1"", ""Il4"", ""Foxp3"", ""Spn"", ""Ctsc"", ""Pglyrp1"", ""Pde2a"", ""Fut7"", ""Tnf"", ""Lta"", ""Cdh5"", ""Il13"", ""Tnfrsf1b"")"
"238","GOBP_CYTOKINE_MEDIATED_SIGNALING_PATHWAY","0.000191450564071704","0.00370401463216412","0.518848077743792","0.47496816646427","1.70324494585995","173","c(""Irf7"", ""Stat1"", ""Isg15"", ""Zbp1"", ""Il6ra"", ""Irgm1"", ""Cxcr6"", ""Il2rb"", ""Irf1"", ""Oas3"", ""Parp14"", ""Samhd1"", ""Parp9"", ""Nlrc5"", ""Oasl2"", ""Oasl1"", ""Il7r"", ""Iigp1"", ""Il27ra"", ""Oas1a"", ""F2rl1"", ""Ifih1"", ""Traf5"", ""Igtp"", ""Oas2"", ""Traf1"", ""Ecm1"", ""Il4"")"
"239","GOBP_INNATE_IMMUNE_RESPONSE_ACTIVATING_SIGNALING_PATHWAY","0.000964737794572676","0.0123412632628122","0.477270815362862","0.515303710145941","1.70544630729905","96","c(""Irf7"", ""Irgm1"", ""Klrd1"", ""Trim30a"", ""Dhx58"", ""Irf1"", ""Oas3"", ""Ifi35"", ""Ddx60"", ""Oasl1"", ""Oas1a"", ""F2rl1"", ""Ifih1"", ""Gbp2"", ""Igtp"", ""Eif2ak2"", ""Mapkapk3"", ""Tmem126a"", ""Gbp5"", ""Cd86"", ""Trim25"", ""Klrk1"", ""Phb"", ""Klrc2"", ""Rsad2"", ""Tnf"", ""Hspa8"", ""Klrc1"", ""Rnf125"", ""Irgm2"", ""Kcnj8"", ""Irak1"", ""Irf4"", ""Lbp"", ""Smpdl3b"", ""Unc93b1"")"
"240","GOBP_ADENYLATE_CYCLASE_ACTIVATING_G_PROTEIN_COUPLED_RECEPTOR_SIGNALING_PATHWAY","0.00330248483886004","0.0282526680075771","0.431707695803346","0.617089868957461","1.70547945333739","38","c(""S1pr1"", ""S1pr4"", ""Adgrg5"", ""Rapgef4"", ""Nme2"", ""Cxcr3"", ""Adgrg3"")"
"241","GOBP_ANTIVIRAL_INNATE_IMMUNE_RESPONSE","0.00291062322941175","0.0258172078796625","0.431707695803346","0.712879089668774","1.70588356655913","20","c(""Zbp1"", ""Ifit3"", ""Dhx58"", ""Ifit3b"", ""Oas1a"", ""Ifih1"", ""Eif2ak2"", ""Trim25"", ""Phb"", ""Tnf"")"
"242","GOBP_ACTIVATION_OF_INNATE_IMMUNE_RESPONSE","0.000659554996342358","0.00947250457937092","0.477270815362862","0.503299035923438","1.7159918534765","116","c(""Irf7"", ""Ifi203"", ""Zbp1"", ""Mndal"", ""Irgm1"", ""Klrd1"", ""Trim30a"", ""Dhx58"", ""Irf1"", ""Oas3"", ""Ifi35"", ""Ddx60"", ""Oasl1"", ""Oas1a"", ""F2rl1"", ""Ifih1"", ""Gbp2"", ""Igtp"", ""Trim30d"", ""Eif2ak2"", ""Mapkapk3"", ""Tmem126a"", ""Gbp7"", ""Gbp5"", ""Trim30c"", ""Cd86"", ""Trim25"", ""Klrk1"", ""Phb"", ""Klrc2"", ""Rsad2"", ""Gbp3"", ""Tnf"", ""Hspa8"", ""Klrc1"", ""Rnf125"")"
"243","GOBP_REGULATION_OF_CELL_KILLING","0.00152800560898103","0.016637493630812","0.45505986738723","0.546196803877831","1.71658368696766","71","c(""H2-K1"", ""H2-D1"", ""Gimap3"", ""H2-Q7"", ""B2m"", ""Klrd1"", ""H2-Q4"", ""H2-T22"", ""Il7r"", ""F2rl1"", ""Crtam"", ""H2-Q6"", ""Cd226"", ""Gimap5"", ""Cd55"", ""Il4"", ""Cd160"", ""Klrk1"", ""Klrb1c"", ""Klrc2"")"
"244","GOBP_REGULATION_OF_RESPONSE_TO_CYTOKINE_STIMULUS","0.00195570404029337","0.0197277089275862","0.431707695803346","0.585889891569439","1.72119410475045","52","c(""Irf7"", ""Isg15"", ""Zbp1"", ""Irgm1"", ""Oas3"", ""Parp14"", ""Samhd1"", ""Parp9"", ""Nlrc5"", ""Oas1a"", ""F2rl1"", ""Ifih1"", ""Igtp"", ""Ecm1"")"
"245","GOBP_ANTIGEN_PROCESSING_AND_PRESENTATION_OF_ENDOGENOUS_ANTIGEN","0.00358417049063033","0.0299662254234486","0.431707695803346","0.76836145847828","1.73129019446655","15","c(""H2-K1"", ""H2-D1"", ""H2-Q7"", ""B2m"", ""H2-Q4"", ""H2-T22"", ""H2-Q6"")"
"246","GOBP_B_CELL_MEDIATED_IMMUNITY","0.000628320148232664","0.00907961399390535","0.477270815362862","0.529927036710875","1.73144859409054","87","c(""H2-K1"", ""H2-D1"", ""Gimap3"", ""H2-Q7"", ""Irf7"", ""Il2rb"", ""Clcf1"", ""H2-Q4"", ""H2-T22"", ""Il27ra"", ""Bcl3"", ""Pou2f2"", ""H2-Q6"", ""Cd226"", ""Gimap5"", ""Cd55"", ""Il4"", ""Foxp3"", ""Tbx21"", ""H2-DMa"", ""Ung"", ""Tnf"", ""Lta"", ""Ccr6"")"
"247","GOBP_POSITIVE_REGULATION_OF_RESPONSE_TO_CYTOKINE_STIMULUS","0.00363075007892874","0.0302476367785487","0.431707695803346","0.686868225171756","1.73179634063498","24","c(""Irf7"", ""Zbp1"", ""Irgm1"", ""Parp14"", ""Parp9"", ""Nlrc5"", ""Ifih1"", ""Igtp"")"
"248","GOBP_NEGATIVE_REGULATION_OF_VIRAL_PROCESS","0.00200615133641354","0.0199846820363579","0.431707695803346","0.594238339339763","1.7349115837076","50","c(""Stat1"", ""Isg15"", ""Bst2"", ""Trim30a"", ""Oas3"", ""Oasl2"", ""Sp100"", ""Oasl1"", ""Oas1a"", ""Ifih1"", ""Isg20"", ""Oas2"", ""Trim30d"", ""Eif2ak2"", ""Fbln1"", ""Trim30c"", ""Trim25"", ""Rsad2"", ""Tnf"")"
"249","GOBP_REGULATION_OF_T_CELL_MEDIATED_CYTOTOXICITY","0.00374154761654863","0.0308414189096491","0.431707695803346","0.713253162575331","1.73870603471066","22","c(""H2-K1"", ""H2-D1"", ""H2-Q7"", ""B2m"", ""Klrd1"", ""H2-Q4"", ""H2-T22"", ""Il7r"", ""H2-Q6"")"
"250","GOBP_REGULATION_OF_B_CELL_MEDIATED_IMMUNITY","0.00330680522600432","0.0282526680075771","0.431707695803346","0.602341994557047","1.74301894925861","45","c(""H2-K1"", ""H2-D1"", ""Gimap3"", ""H2-Q7"", ""Clcf1"", ""H2-Q4"", ""H2-T22"", ""Il27ra"", ""H2-Q6"", ""Cd226"", ""Gimap5"", ""Cd55"", ""Il4"", ""Foxp3"", ""Tbx21"", ""Tnf"", ""Lta"")"
"251","GOBP_NEGATIVE_REGULATION_OF_CELL_KILLING","0.00369785043425411","0.0305889323907734","0.431707695803346","0.680888491944193","1.74669354464895","25","c(""H2-K1"", ""H2-D1"", ""H2-Q7"", ""Klrd1"", ""H2-Q4"", ""H2-T22"", ""Il7r"", ""H2-Q6"", ""Il4"")"
"252","GOBP_RIBOSOMAL_LARGE_SUBUNIT_ASSEMBLY","0.00267905655922128","0.0245947898240667","0.431707695803346","0.745269129585229","1.74851940851684","18","c(""Rplp0"", ""Rpl5"", ""Rpl10"", ""Rpl11"", ""Rpl23a"", ""Rpl6"", ""Rpl38"")"
"253","GOBP_REGULATION_OF_SIGNAL_TRANSDUCTION_BY_P53_CLASS_MEDIATOR","0.00302179808684938","0.0264944918401288","0.431707695803346","0.649906625343848","1.75241710433979","32","c(""Rps20"", ""Rps7"", ""Rpl23"", ""Rpl5"", ""Rpl26"", ""Rpl37"", ""Rpl11"", ""Rps15"", ""Npm1"", ""Pml"", ""Myc"", ""Mif"")"
"254","GOBP_NEGATIVE_REGULATION_OF_VIRAL_GENOME_REPLICATION","0.0026950561907263","0.0246450255566026","0.431707695803346","0.65523116002813","1.76130237171285","31","c(""Isg15"", ""Bst2"", ""Oas3"", ""Oasl2"", ""Oasl1"", ""Oas1a"", ""Ifih1"", ""Isg20"", ""Oas2"", ""Eif2ak2"", ""Rsad2"", ""Tnf"")"
"255","GOBP_ANTIGEN_PROCESSING_AND_PRESENTATION_OF_EXOGENOUS_PEPTIDE_ANTIGEN_VIA_MHC_CLASS_II","0.00298990069055814","0.0263133741225436","0.431707695803346","0.763888568846441","1.76393727476068","17","c(""B2m"", ""Ctss"", ""Ifi30"", ""H2-DMa"", ""Unc93b1"", ""H2-DMb2"", ""Ctse"", ""H2-Ob"")"
"256","GOBP_REGULATION_OF_RESPONSE_TO_EXTERNAL_STIMULUS","1.64782954477909e-08","2.03029945490939e-06","0.73376198835648","0.446192728574132","1.76398254933902","433","c(""H2-K1"", ""H2-D1"", ""Rps19"", ""Nkg7"", ""Ccr7"", ""Gimap3"", ""S1pr1"", ""H2-Q7"", ""Ctss"", ""Irf7"", ""Ifi203"", ""Stat1"", ""Isg15"", ""Zbp1"", ""Mndal"", ""Irgm1"", ""Ggt1"", ""Gpr18"", ""Klrd1"", ""Trim30a"", ""Dhx58"", ""Sema4a"", ""Irf1"", ""Oas3"", ""Clcf1"", ""H2-Q4"", ""Parp14"", ""Samhd1"", ""Cst7"", ""Parp9"", ""Cd9"", ""Ifi35"", ""Ddx60"", ""Nlrc5"", ""H2-T22"", ""Oasl1"", ""Oas1a"", ""Hopx"", ""F2rl1"", ""Ifih1"", ""Syt11"", ""Gbp2"", ""Crtam"", ""Igtp"", ""Nt5e"", ""Cxcr3"", ""H2-Q6"", ""Trim30d"", ""Eif2ak2"", ""Mapkapk3"", ""Nenf"", ""Gstp1"", ""Lgals1"", ""Cdh13"", ""Cd226"", ""Gimap5"", 
""Tmem126a"", ""Cd55"", ""Gbp7"", ""Gbp5"", ""Il4"", ""Pml"", ""Trim30c"", ""Cd86"", ""Vkorc1"", ""Ubash3b"", ""Bcl2"", ""Foxp3"", ""Spn"", ""Cd160"", ""Plaur"", ""Trim25"", ""Klrk1"", ""Ctsc"", ""Phb"", ""Pglyrp1"", ""Klrb1c"", ""Klrc2"", ""Pde2a"", ""Mif"", ""Rsad2"", ""Gbp3"", ""Fut7"", ""Sell"", ""Dtx3l"", ""Tnf"", ""Pdgfb"", ""Lta"", ""Trafd1"", ""Ccr6"", ""Inpp5f"", ""Hspa8"", ""Cdh5"", ""Il13"", ""Klrc1"", ""Serpinb9"", ""Tnfrsf1b"", ""Rnf125"")"
"257","GOBP_NEGATIVE_REGULATION_OF_RESPONSE_TO_EXTERNAL_STIMULUS","1.99756912967128e-05","0.00069795661680007","0.575610261071129","0.496926845402531","1.76738679173685","165","c(""H2-K1"", ""H2-D1"", ""Rps19"", ""H2-Q7"", ""Isg15"", ""Irgm1"", ""Gpr18"", ""Klrd1"", ""Trim30a"", ""Dhx58"", ""Sema4a"", ""Oas3"", ""H2-Q4"", ""Parp14"", ""Samhd1"", ""Cst7"", ""Cd9"", ""Nlrc5"", ""H2-T22"", ""Oas1a"", ""F2rl1"", ""Syt11"", ""Igtp"", ""Nt5e"", ""H2-Q6"", ""Nenf"", ""Gstp1"", ""Il4"", ""Ubash3b"", ""Foxp3"", ""Spn"", ""Plaur"", ""Pglyrp1"", ""Mif"", ""Tnf"", ""Pdgfb"", ""Trafd1"", ""Inpp5f"", ""Hspa8"", ""Cdh5"", ""Il13"", ""Serpinb9"", ""Tnfrsf1b"", ""Rnf125"")"
"258","GOBP_ANTIGEN_PROCESSING_AND_PRESENTATION_OF_PEPTIDE_OR_POLYSACCHARIDE_ANTIGEN_VIA_MHC_CLASS_II","0.0018964573208689","0.0194719587199741","0.45505986738723","0.755602474493426","1.77276307219433","18","c(""B2m"", ""Ctss"", ""Ifi30"", ""H2-DMa"", ""Unc93b1"", ""H2-DMb2"")"
"259","GOBP_CELL_KILLING","8.14146959850684e-05","0.00196486395155717","0.538434096309916","0.521555207979055","1.77755821491661","118","c(""H2-K1"", ""H2-D1"", ""Rps19"", ""Nkg7"", ""Gimap3"", ""H2-Q7"", ""B2m"", ""Klrd1"", ""H2-Q4"", ""H2-T22"", ""Il7r"", ""F2rl1"", ""Gbp2"", ""Crtam"", ""Igtp"", ""H2-Q6"", ""Cd226"", ""Gimap5"", ""Cd55"", ""Gbp7"", ""Gbp5"", ""Il4"", ""Cd160"", ""Klrk1"", ""Ctsc"", ""Pglyrp1"", ""Klrb1c"", ""Klrc2"", ""Gbp3"", ""Gzmc"", ""Gzmb"", ""Il13"", ""Klrc1"", ""Serpinb9"")"
"260","GOBP_POSITIVE_REGULATION_OF_NATURAL_KILLER_CELL_MEDIATED_IMMUNITY","0.00193065082531455","0.0195655999223435","0.45505986738723","0.652435905398191","1.77808109579796","34","c(""H2-K1"", ""H2-D1"", ""Gimap3"", ""H2-Q7"", ""Klrd1"", ""H2-Q4"", ""H2-T22"", ""Crtam"", ""H2-Q6"", ""Cd226"", ""Gimap5"", ""Cd160"", ""Klrk1"", ""Klrb1c"", ""Klrc2"")"
"261","GOBP_CD8_POSITIVE_ALPHA_BETA_T_CELL_ACTIVATION","0.00179463410901016","0.0187555287910392","0.45505986738723","0.667789017339243","1.77889182934105","30","c(""H2-K1"", ""H2-D1"", ""H2-Q7"", ""Gpr18"", ""Runx3"", ""Irf1"", ""H2-Q4"", ""H2-T22"", ""Dapl1"", ""Eomes"", ""Crtam"", ""Igtp"", ""Vsir"", ""Tnfsf8"", ""H2-Q6"", ""Zbtb7b"", ""Bcl2"")"
"262","GOBP_RIBOSOMAL_LARGE_SUBUNIT_BIOGENESIS","0.000772180742145467","0.0104489891177025","0.477270815362862","0.602761877555913","1.78043712999353","53","c(""Rplp0"", ""Rpl10a"", ""Rpl14"", ""Rpl35"", ""Rpl5"", ""Rpl10"", ""Rpl26"", ""Rpl11"", ""Rpl23a"", ""Rpl6"", ""Npm1"", ""Gm2000"", ""Rpl38"")"
"263","GOBP_REGULATION_OF_NATURAL_KILLER_CELL_MEDIATED_IMMUNITY","0.00207987460130387","0.0202874435068848","0.431707695803346","0.61527724926016","1.78045016651517","45","c(""H2-K1"", ""H2-D1"", ""Gimap3"", ""H2-Q7"", ""Klrd1"", ""H2-Q4"", ""H2-T22"", ""Crtam"", ""H2-Q6"", ""Cd226"", ""Gimap5"", ""Cd160"", ""Klrk1"", ""Klrb1c"", ""Klrc2"")"
"264","GOBP_NATURAL_KILLER_CELL_MEDIATED_IMMUNITY","0.000726385120350052","0.0100619382647306","0.477270815362862","0.595713986634823","1.78089722170862","56","c(""H2-K1"", ""H2-D1"", ""Nkg7"", ""Gimap3"", ""H2-Q7"", ""Klrd1"", ""H2-Q4"", ""H2-T22"", ""Crtam"", ""H2-Q6"", ""Cd226"", ""Gimap5"", ""Cd160"", ""Klrk1"", ""Klrb1c"", ""Klrc2"", ""Gzmc"", ""Gzmb"", ""Klrc1"", ""Serpinb9"")"
"265","GOBP_POSITIVE_REGULATION_OF_CD4_POSITIVE_ALPHA_BETA_T_CELL_DIFFERENTIATION","0.0021707898852611","0.021086386395835","0.431707695803346","0.77148258496713","1.78147303671172","17","c(""Ccr7"", ""Gimap3"", ""Irf1"", ""Zbtb7b"", ""Gimap5"", ""Foxp3"", ""Ifng"", ""Malt1"")"
"266","GOBP_T_CELL_MEDIATED_CYTOTOXICITY","0.00173310447827526","0.0181937111374098","0.45505986738723","0.66980936764991","1.7842737457349","30","c(""H2-K1"", ""H2-D1"", ""H2-Q7"", ""B2m"", ""Klrd1"", ""H2-Q4"", ""H2-T22"", ""Il7r"", ""H2-Q6"", ""Ctsc"", ""Gzmb"", ""Serpinb9"")"
"267","GOBP_POSITIVE_REGULATION_OF_MYELOID_LEUKOCYTE_MEDIATED_IMMUNITY","0.00130517629525147","0.0148427042256895","0.45505986738723","0.721279478714995","1.78466296853342","23","c(""H2-K1"", ""H2-D1"", ""H2-Q7"", ""H2-Q4"", ""H2-T22"", ""F2rl1"", ""H2-Q6"")"
"268","GOBP_LYMPHOCYTE_MIGRATION","0.00122173633383621","0.0143264869836296","0.45505986738723","0.591288694010398","1.78494012163645","57","c(""Itgb7"", ""Ccr7"", ""S1pr1"", ""Il27ra"", ""Stk10"", ""Crtam"", ""Cxcr3"", ""Itgb3"", ""Ecm1"", ""Tbx21"", ""Spn"", ""Fut7"", ""Ccr6"")"
"269","GOBP_REGULATION_OF_MYELOID_LEUKOCYTE_MEDIATED_IMMUNITY","0.000751609864932898","0.0102740552924576","0.477270815362862","0.653473756394387","1.78833426171435","36","c(""H2-K1"", ""H2-D1"", ""H2-Q7"", ""H2-Q4"", ""H2-T22"", ""F2rl1"", ""H2-Q6"", ""Il4"")"
"270","GOBP_NEGATIVE_REGULATION_OF_RESPONSE_TO_CYTOKINE_STIMULUS","0.00103115786026567","0.0129087729993686","0.45505986738723","0.680518919607242","1.79742510585843","29","c(""Isg15"", ""Oas3"", ""Parp14"", ""Samhd1"", ""Nlrc5"", ""Oas1a"", ""F2rl1"", ""Ecm1"")"
"271","GOBP_HYPERSENSITIVITY","0.00150313271271222","0.0164431480395295","0.45505986738723","0.755298744081672","1.79896444073617","19","c(""H2-K1"", ""H2-D1"", ""Ccr7"", ""H2-Q7"", ""H2-Q4"", ""H2-T22"", ""H2-Q6"", ""Spn"", ""Fut7"")"
"272","GOBP_LEUKOCYTE_MEDIATED_CYTOTOXICITY","0.000336317976653812","0.0055965914254918","0.49849310876659","0.559423871102247","1.80203746409477","79","c(""H2-K1"", ""H2-D1"", ""Nkg7"", ""Gimap3"", ""H2-Q7"", ""B2m"", ""Klrd1"", ""H2-Q4"", ""H2-T22"", ""Il7r"", ""F2rl1"", ""Crtam"", ""H2-Q6"", ""Cd226"", ""Gimap5"", ""Cd160"", ""Klrk1"", ""Ctsc"", ""Klrb1c"", ""Klrc2"", ""Gzmc"", ""Gzmb"", ""Klrc1"", ""Serpinb9"")"
"273","GOBP_NEGATIVE_REGULATION_OF_IMMUNE_SYSTEM_PROCESS","3.85399765844202e-06","0.000176906049380643","0.610526878385931","0.487504647408492","1.81404748895444","232","c(""H2-K1"", ""H2-D1"", ""Rps19"", ""Slfn1"", ""Smad7"", ""Gimap3"", ""H2-Q7"", ""Isg15"", ""Irgm1"", ""Bst2"", ""Gpr18"", ""Runx3"", ""Klrd1"", ""Trim30a"", ""Gpr68"", ""Dhx58"", ""Dtx1"", ""Irf1"", ""Oas3"", ""H2-Q4"", ""Parp14"", ""Samhd1"", ""Inpp4b"", ""Cst7"", ""Nlrc5"", ""H2-T22"", ""Il7r"", ""Dapl1"", ""Il27ra"", ""Oas1a"", ""F2rl1"", ""Nme2"", ""Syt11"", ""Crtam"", ""Igtp"", ""Vsir"", ""H2-Q6"", ""Zbtb7b"", ""Tnfrsf4"", ""Gimap5"", ""Cd55"", ""Tsc22d3"", ""Il4"", ""Cd86"", ""Myc"", ""Ubash3b"", ""Foxp3"", ""Tbx21"", ""Ctla4"", ""Spn"", ""Cd160"")"
"274","GOBP_REGULATION_OF_DEFENSE_RESPONSE","8.91286297413978e-08","9.07174444454836e-06","0.704975715167238","0.472271272793053","1.81466415448482","335","c(""H2-K1"", ""H2-D1"", ""Rps19"", ""Nkg7"", ""Ccr7"", ""Gimap3"", ""H2-Q7"", ""Ctss"", ""Irf7"", ""Ifi203"", ""Stat1"", ""Isg15"", ""Zbp1"", ""Mndal"", ""Irgm1"", ""Ggt1"", ""Klrd1"", ""Trim30a"", ""Dhx58"", ""Irf1"", ""Oas3"", ""Clcf1"", ""H2-Q4"", ""Parp14"", ""Samhd1"", ""Cst7"", ""Parp9"", ""Ifi35"", ""Ddx60"", ""Nlrc5"", ""H2-T22"", ""Oasl1"", ""Oas1a"", ""F2rl1"", ""Ifih1"", ""Syt11"", ""Gbp2"", ""Crtam"", ""Igtp"", ""Nt5e"", ""H2-Q6"", ""Trim30d"", ""Eif2ak2"", ""Mapkapk3"", ""Gstp1"", ""Lgals1"", ""Cd226"", ""Gimap5"", ""Tmem126a"", ""Gbp7"", ""Gbp5"", ""Il4"", ""Pml"", ""Trim30c"", ""Cd86"", ""Foxp3"", 
""Spn"", ""Cd160"", ""Trim25"", ""Klrk1"", ""Ctsc"", ""Phb"", ""Pglyrp1"", ""Klrb1c"", ""Klrc2"", ""Pde2a"", ""Rsad2"", ""Gbp3"", ""Fut7"", ""Dtx3l"", ""Tnf"", ""Lta"", ""Trafd1"", ""Hspa8"", ""Cdh5"", ""Il13"", ""Klrc1"", ""Serpinb9"", ""Tnfrsf1b"", ""Rnf125"")"
"275","GOBP_NEGATIVE_REGULATION_OF_NATURAL_KILLER_CELL_MEDIATED_IMMUNITY","0.00114068222113486","0.0137631008528204","0.45505986738723","0.762479105839883","1.81606656830604","19","c(""H2-K1"", ""H2-D1"", ""H2-Q7"", ""Klrd1"", ""H2-Q4"", ""H2-T22"", ""H2-Q6"")"
"276","GOBP_POSITIVE_REGULATION_OF_ACUTE_INFLAMMATORY_RESPONSE_TO_ANTIGENIC_STIMULUS","0.00129548931911814","0.0148427042256895","0.45505986738723","0.795336607329269","1.81626414414186","16","c(""H2-K1"", ""H2-D1"", ""Ccr7"", ""H2-Q7"", ""H2-Q4"", ""H2-T22"", ""H2-Q6"")"
"277","GOBP_POSITIVE_REGULATION_OF_INFLAMMATORY_RESPONSE","0.000572679369975409","0.00843171323970083","0.477270815362862","0.560606432892457","1.81818109873114","84","c(""H2-K1"", ""H2-D1"", ""Rps19"", ""Nkg7"", ""Ccr7"", ""H2-Q7"", ""Ctss"", ""Zbp1"", ""H2-Q4"", ""Ifi35"", ""H2-T22"", ""H2-Q6"", ""Lgals1"")"
"278","GOBP_CELLULAR_RESPONSE_TO_TYPE_II_INTERFERON","0.000470889535668907","0.00730034703974114","0.49849310876659","0.623392473121706","1.8200286841415","50","c(""Vim"", ""H2-Q7"", ""Stat1"", ""Capg"", ""Irgm1"", ""Irf1"", ""Parp14"", ""Parp9"", ""Nlrc5"", ""Gbp9"", ""Gbp2"", ""Igtp"", ""Gbp7"", ""Gbp5"", ""Gbp3"", ""Tnf"", ""Ifng"", ""Irgm2"")"
"279","GOBP_REGULATION_OF_ACUTE_INFLAMMATORY_RESPONSE_TO_ANTIGENIC_STIMULUS","0.00054716722609733","0.00810707896388513","0.477270815362862","0.763616493471518","1.82729560488556","20","c(""H2-K1"", ""H2-D1"", ""Ccr7"", ""H2-Q7"", ""H2-Q4"", ""H2-T22"", ""H2-Q6"", ""Spn"", ""Fut7"")"
"280","GOBP_HUMORAL_IMMUNE_RESPONSE","0.000375030203900285","0.00605479798159011","0.49849310876659","0.559794714979436","1.82785616645228","86","c(""H2-K1"", ""H2-D1"", ""Rps19"", ""Ccr7"", ""Gimap3"", ""H2-Q7"", ""B2m"", ""Rpl39"", ""H2-Q4"", ""H2-T22"", ""Bcl3"", ""H2-Q6"", ""Gimap5"", ""Cd55"", ""H2-DMa"", ""Phb"", ""Pglyrp1"")"
"281","GOBP_NEGATIVE_REGULATION_OF_DEFENSE_RESPONSE","3.46295813085011e-05","0.000976721082448205","0.557332238758646","0.537334610689593","1.82985837563871","120","c(""H2-K1"", ""H2-D1"", ""Rps19"", ""H2-Q7"", ""Isg15"", ""Irgm1"", ""Klrd1"", ""Trim30a"", ""Dhx58"", ""Oas3"", ""H2-Q4"", ""Parp14"", ""Samhd1"", ""Cst7"", ""Nlrc5"", ""H2-T22"", ""Oas1a"", ""F2rl1"", ""Syt11"", ""Igtp"", ""Nt5e"", ""H2-Q6"", ""Gstp1"", ""Il4"", ""Foxp3"", ""Spn"", ""Pglyrp1"", ""Trafd1"", ""Hspa8"", ""Cdh5"", ""Il13"", ""Serpinb9"", ""Tnfrsf1b"", ""Rnf125"")"
"282","GOBP_POSITIVE_REGULATION_OF_RESPONSE_TO_EXTERNAL_STIMULUS","2.56788241940679e-07","2.3120818245505e-05","0.674962860011025","0.488842753386845","1.83201603275724","267","c(""H2-K1"", ""H2-D1"", ""Rps19"", ""Nkg7"", ""Ccr7"", ""Gimap3"", ""S1pr1"", ""H2-Q7"", ""Ctss"", ""Irf7"", ""Ifi203"", ""Zbp1"", ""Mndal"", ""Irgm1"", ""Klrd1"", ""Trim30a"", ""Dhx58"", ""Irf1"", ""Oas3"", ""H2-Q4"", ""Parp9"", ""Ifi35"", ""Ddx60"", ""Nlrc5"", ""H2-T22"", ""Oasl1"", ""Oas1a"", ""F2rl1"", ""Ifih1"", ""Gbp2"", ""Crtam"", ""Igtp"", ""Cxcr3"", ""H2-Q6"", ""Trim30d"", ""Eif2ak2"", ""Mapkapk3"", ""Lgals1"", ""Cdh13"", ""Cd226"", ""Gimap5"", ""Tmem126a"", ""Gbp7"", ""Gbp5"", ""Il4"", ""Trim30c"", ""Cd86"", ""Cd160"", ""Trim25"", ""Klrk1"", ""Ctsc"", ""Phb"", ""Klrb1c"", ""Klrc2"", ""Pde2a"", 
""Mif"", ""Rsad2"", ""Gbp3"", ""Sell"", ""Tnf"", ""Pdgfb"", ""Lta"", ""Ccr6"", ""Hspa8"")"
"283","GOBP_NATURAL_KILLER_CELL_CYTOKINE_PRODUCTION","0.000452282122248097","0.00715400302826214","0.49849310876659","0.817523635568689","1.8420635735788","15","c(""H2-K1"", ""H2-D1"", ""Gimap3"", ""H2-Q7"", ""H2-Q4"", ""H2-T22"", ""H2-Q6"", ""Cd226"", ""Gimap5"", ""Cd160"")"
"284","GOBP_RIBOSOME_BIOGENESIS","4.69826590331739e-06","0.000202182514135542","0.610526878385931","0.514478728278124","1.84294115625258","177","c(""Rps19"", ""Rps7"", ""Rps5"", ""Rpsa"", ""Rplp0"", ""Rps23"", ""Rpl10a"", ""Rps12"", ""Rpl14"", ""Rps6"", ""Rps16"", ""Rps8"", ""Rpl35"", ""Rps3a1"", ""Rpl5"", ""Rps25"", ""Rpl10"", ""Rps28"", ""Rpl26"", ""Rps14"", ""Rpl11"", ""Rpl23a"", ""Chd7"", ""Rpl6"", ""Isg20"")"
"285","GOBP_NEGATIVE_REGULATION_OF_NEURON_PROJECTION_DEVELOPMENT","0.000527907387225869","0.00792199483010103","0.477270815362862","0.642933409424053","1.85007451316288","44","c(""H2-K1"", ""H2-D1"", ""Vim"", ""B2m"", ""Sema4a"", ""Lgals1"")"
"286","GOBP_POSITIVE_REGULATION_OF_SIGNAL_TRANSDUCTION_BY_P53_CLASS_MEDIATOR","0.000696287471959755","0.0098193311557698","0.477270815362862","0.801616904847945","1.8510578587069","17","c(""Rps20"", ""Rps7"", ""Rpl23"", ""Rpl26"", ""Rpl37"", ""Rpl11"", ""Rps15"", ""Pml"", ""Myc"", ""Bmyc"", ""Steap3"")"
"287","GOBP_ACUTE_INFLAMMATORY_RESPONSE_TO_ANTIGENIC_STIMULUS","0.000811965735564103","0.0108617816397461","0.477270815362862","0.715995958579814","1.85456761425442","26","c(""H2-K1"", ""H2-D1"", ""Ccr7"", ""H2-Q7"", ""H2-Q4"", ""H2-T22"", ""H2-Q6"", ""Spn"", ""Fut7"")"
"288","GOBP_T_CELL_MIGRATION","0.00070853211079161","0.00993217767283328","0.477270815362862","0.672337748351799","1.85671252539907","37","c(""Itgb7"", ""Ccr7"", ""S1pr1"", ""Il27ra"", ""Cxcr3"", ""Itgb3"", ""Ecm1"", ""Spn"", ""Fut7"", ""Ccr6"")"
"289","GOBP_INNATE_IMMUNE_RESPONSE","5.85878669133718e-09","8.57213727776272e-07","0.761460801445585","0.475493964278419","1.85706105359397","377","c(""H2-K1"", ""H2-D1"", ""Rps19"", ""Vim"", ""Nkg7"", ""Gimap3"", ""H2-Q7"", ""B2m"", ""Irf7"", ""Ifi203"", ""Stat1"", ""Rpl39"", ""Isg15"", ""Zbp1"", ""Capg"", ""Mndal"", ""Ifit1"", ""Irgm1"", ""Bst2"", ""Pik3cd"", ""Klrd1"", ""Trim30a"", ""Ifit3"", ""Dhx58"", ""Irf1"", ""Oas3"", ""Neurl3"", ""H2-Q4"", ""Parp14"", ""Samhd1"", ""Parp9"", ""Ifi35"", ""Ddx60"", ""Tgtp1"", ""Nlrc5"", ""H2-T22"", ""Oasl2"", ""Sp100"", ""Oasl1"", ""Iigp1"", ""Ifit3b"", ""Oas1a"", ""Gbp9"", ""F2rl1"", ""Ifih1"", ""Isg20"", ""Gbp2"", ""Crtam"", ""Igtp"", ""Herc6"", ""Oas2"", ""Mx1"", ""H2-Q6"", ""Trim30d"", ""Eif2ak2"", ""Mapkapk3"", 
""Sp110"", ""Cd226"", ""Gimap5"", ""Trim34a"", ""Tmem126a"", ""Cd55"", ""Gbp7"", ""Gbp5"", ""Il4"", ""Pml"", ""Trim30c"", ""Cd86"", ""Cd160"", ""Trim25"", ""Klrk1"", ""Phb"", ""Pglyrp1"", ""Klrb1c"", ""Klrc2"", ""Endod1"", ""Mif"", ""Rsad2"", ""Gbp3"", ""Gzmc"", ""Slamf7"")"
"290","GOBP_ANTIGEN_PROCESSING_AND_PRESENTATION_OF_PEPTIDE_ANTIGEN_VIA_MHC_CLASS_I","0.000336927862906191","0.0055965914254918","0.49849310876659","0.7777057350533","1.86101044661393","20","c(""H2-K1"", ""H2-D1"", ""H2-Q7"", ""B2m"", ""H2-Q4"", ""H2-T22"", ""H2-Q6"", ""Ifi30"")"
"291","GOBP_CYTOSOLIC_PATTERN_RECOGNITION_RECEPTOR_SIGNALING_PATHWAY","0.000207479558048324","0.00385483845548514","0.518848077743792","0.623880610411672","1.86510182854095","56","c(""Irf7"", ""Irgm1"", ""Trim30a"", ""Dhx58"", ""Irf1"", ""Oas3"", ""Ddx60"", ""Oasl1"", ""Oas1a"", ""F2rl1"", ""Ifih1"", ""Gbp2"", ""Igtp"", ""Eif2ak2"", ""Gbp5"", ""Cd86"", ""Trim25"", ""Phb"", ""Rsad2"", ""Tnf"", ""Hspa8"", ""Rnf125"", ""Irgm2"", ""Kcnj8"")"
"292","GOBP_REGULATION_OF_RESPONSE_TO_BIOTIC_STIMULUS","9.59944808371987e-07","5.76371647598385e-05","0.643551836150722","0.503172489104578","1.87406898763115","228","c(""H2-K1"", ""H2-D1"", ""Rps19"", ""Gimap3"", ""H2-Q7"", ""Irf7"", ""Ifi203"", ""Stat1"", ""Isg15"", ""Zbp1"", ""Mndal"", ""Irgm1"", ""Klrd1"", ""Trim30a"", ""Dhx58"", ""Irf1"", ""Oas3"", ""H2-Q4"", ""Parp14"", ""Samhd1"", ""Parp9"", ""Ifi35"", ""Ddx60"", ""Nlrc5"", ""H2-T22"", ""Oasl1"", ""Oas1a"", ""F2rl1"", ""Ifih1"", ""Syt11"", ""Gbp2"", ""Crtam"", ""Igtp"", ""H2-Q6"", ""Trim30d"", ""Eif2ak2"", ""Mapkapk3"", ""Cd226"", ""Gimap5"", ""Tmem126a"", ""Cd55"", ""Gbp7"", ""Gbp5"", ""Il4"", ""Pml"", ""Trim30c"", ""Cd86"", ""Foxp3"", ""Spn"", ""Cd160"", ""Trim25"", ""Klrk1"", ""Phb"", ""Klrb1c"", ""Klrc2"", 
""Mif"", ""Rsad2"", ""Gbp3"")"
"293","GOBP_DEFENSE_RESPONSE_TO_OTHER_ORGANISM","4.7947086056491e-11","1.02040116780223e-08","0.851339057116899","0.471344156763184","1.87700512090276","461","c(""H2-K1"", ""H2-D1"", ""Rps19"", ""Vim"", ""Nkg7"", ""Cotl1"", ""Gimap3"", ""H2-Q7"", ""Rtp4"", ""B2m"", ""Irf7"", ""Ifi203"", ""Stat1"", ""Rpl39"", ""Isg15"", ""Zbp1"", ""Capg"", ""Mndal"", ""Ifit1"", ""Irgm1"", ""Bst2"", ""Pik3cd"", ""Klrd1"", ""Trim30a"", ""Ifit3"", ""Slfn8"", ""Dhx58"", ""Irf1"", ""Oas3"", ""Ifit1bl1"", ""Neurl3"", ""H2-Q4"", ""Parp14"", ""Samhd1"", ""Parp9"", ""Ifi35"", ""Ddx60"", ""Tgtp2"", ""Tgtp1"", ""Nlrc5"", ""H2-T22"", ""Oasl2"", ""Sp100"", ""Oasl1"", ""Il7r"", ""Iigp1"", ""Ifit3b"", ""Il27ra"", ""Rnf213"", ""Oas1a"", ""Gbp9"", ""F2rl1"", ""Ifih1"", ""Isg20"", ""Syt11"", ""Plac8"", 
""Bcl3"", ""Gbp2"", ""Crtam"", ""Igtp"", ""Tnfsf8"", ""Herc6"", ""Oas2"", ""Mx1"", ""H2-Q6"", ""Trim30d"", ""Eif2ak2"", ""Mapkapk3"", ""Sp110"", ""Cd226"", ""Gimap5"", ""Trim34a"", ""Tmem126a"", ""Cd55"", ""Gbp7"", ""Gbp5"", ""Il4"", ""Pml"", ""Trim30c"", ""Cd86"", ""Bcl2"", ""Foxp3"", ""Spn"", ""Cd160"", ""Trim25"", ""Klrk1"", ""Phb"", ""Pglyrp1"", ""Klrb1c"", ""Klrc2"", ""Endod1"", ""Mif"", ""Rsad2"", ""Gbp3"", ""Gzmc"", ""Slamf7"")"
"294","GOBP_ACUTE_INFLAMMATORY_RESPONSE","0.000114020365149534","0.00252108280065185","0.538434096309916","0.636933535749043","1.88051938608284","54","c(""H2-K1"", ""H2-D1"", ""Ccr7"", ""H2-Q7"", ""H2-Q4"", ""H2-T22"", ""H2-Q6"", ""Gstp1"", ""Il4"", ""Spn"", ""Fut7"", ""Tnf"", ""Serpinb9"")"
"295","GOBP_REGULATION_OF_CD8_POSITIVE_ALPHA_BETA_T_CELL_ACTIVATION","0.000197139495520909","0.00375206145540201","0.518848077743792","0.788680396997562","1.88727225696939","20","c(""H2-K1"", ""H2-D1"", ""H2-Q7"", ""Runx3"", ""Irf1"", ""H2-Q4"", ""H2-T22"", ""Dapl1"", ""Crtam"", ""Vsir"", ""H2-Q6"", ""Zbtb7b"")"
"296","GOBP_RESPONSE_TO_INTERFERON_ALPHA","0.000329969581572463","0.0055965914254918","0.49849310876659","0.804554993178048","1.88761343378583","18","c(""Ifit1"", ""Bst2"", ""Tgtp1"", ""Oas1a"", ""Eif2ak2"", ""Myc"", ""Ifit2"")"
"297","GOBP_REGULATION_OF_INNATE_IMMUNE_RESPONSE","3.9982488371327e-07","3.13368406288353e-05","0.674962860011025","0.52393948715721","1.9018348774457","192","c(""H2-K1"", ""H2-D1"", ""Rps19"", ""Gimap3"", ""H2-Q7"", ""Irf7"", ""Ifi203"", ""Isg15"", ""Zbp1"", ""Mndal"", ""Irgm1"", ""Klrd1"", ""Trim30a"", ""Dhx58"", ""Irf1"", ""Oas3"", ""H2-Q4"", ""Parp14"", ""Samhd1"", ""Parp9"", ""Ifi35"", ""Ddx60"", ""Nlrc5"", ""H2-T22"", ""Oasl1"", ""Oas1a"", ""F2rl1"", ""Ifih1"", ""Gbp2"", ""Crtam"", ""Igtp"", ""H2-Q6"", ""Trim30d"", ""Eif2ak2"", ""Mapkapk3"", ""Cd226"", ""Gimap5"", ""Tmem126a"", ""Gbp7"", ""Gbp5"", ""Trim30c"", ""Cd86"", ""Cd160"", ""Trim25"", ""Klrk1"", ""Phb"", ""Klrb1c"", ""Klrc2"", ""Rsad2"", ""Gbp3"")"
"298","GOBP_POSITIVE_REGULATION_OF_CYTOKINE_PRODUCTION_INVOLVED_IN_IMMUNE_RESPONSE","9.63663458363203e-05","0.00223360015448342","0.538434096309916","0.64433155048086","1.90322556753933","53","c(""H2-K1"", ""H2-D1"", ""Gimap3"", ""H2-Q7"", ""B2m"", ""H2-Q4"", ""H2-T22"", ""F2rl1"", ""H2-Q6"", ""Cd226"", ""Gimap5"", ""Cd55"", ""Il4"", ""Tbx21"", ""Cd160"", ""Mif"", ""Rsad2"")"
"299","GOBP_RESPONSE_TO_BACTERIUM","1.19406261479684e-08","1.55294476735523e-06","0.747739663149885","0.499875582130915","1.91435296435859","306","c(""H2-K1"", ""H2-D1"", ""Rps19"", ""Cd52"", ""Vim"", ""Ccr7"", ""H2-Q7"", ""B2m"", ""Stat1"", ""Psmb9"", ""Rpl39"", ""Isg15"", ""Ifit1"", ""Irgm1"", ""Trim30a"", ""Ifit3"", ""Dhx58"", ""Oas3"", ""H2-Q4"", ""Tgtp1"", ""Nlrc5"", ""H2-T22"", ""Il7r"", ""Iigp1"", ""Usp18"", ""Il27ra"", ""Chd7"", ""Rnf213"", ""Oas1a"", ""Gbp9"", ""F2rl1"", ""Syt11"", ""Plac8"", ""Bcl3"", ""Gbp2"", ""Igtp"", ""Tnfsf8"", ""Herc6"", ""Oas2"", ""Ly6a"", ""H2-Q6"", ""Trim30d"", ""Eif2ak2"", ""Mapkapk3"", ""Gstp1"", ""Sp110"", ""Cmpk2"", ""Cd55"", ""Gbp7"", ""Gbp5"", ""Trim30c"", ""Cd86"", ""Rgs1"", ""Ifi44"", ""Spn"", ""Cd160"", ""Klrk1"", 
""Pglyrp1"", ""Pde2a"", ""Mif"", ""Gbp3"")"
"300","GOBP_POSITIVE_REGULATION_OF_DEFENSE_RESPONSE","2.24308629949064e-07","2.10042601084303e-05","0.690132458796796","0.51607046907338","1.91473378954773","218","c(""H2-K1"", ""H2-D1"", ""Rps19"", ""Nkg7"", ""Ccr7"", ""Gimap3"", ""H2-Q7"", ""Ctss"", ""Irf7"", ""Ifi203"", ""Zbp1"", ""Mndal"", ""Irgm1"", ""Klrd1"", ""Trim30a"", ""Dhx58"", ""Irf1"", ""Oas3"", ""H2-Q4"", ""Parp9"", ""Ifi35"", ""Ddx60"", ""Nlrc5"", ""H2-T22"", ""Oasl1"", ""Oas1a"", ""F2rl1"", ""Ifih1"", ""Gbp2"", ""Crtam"", ""Igtp"", ""H2-Q6"", ""Trim30d"", ""Eif2ak2"", ""Mapkapk3"", ""Lgals1"", ""Cd226"", ""Gimap5"", ""Tmem126a"", ""Gbp7"", ""Gbp5"", ""Trim30c"", ""Cd86"", ""Cd160"", ""Trim25"", ""Klrk1"", ""Ctsc"", ""Phb"", ""Klrb1c"", ""Klrc2"", ""Pde2a"", ""Rsad2"", ""Gbp3"")"
"301","GOBP_POSITIVE_REGULATION_OF_RESPONSE_TO_BIOTIC_STIMULUS","1.90534210641963e-06","0.000101372860707462","0.643551836150722","0.532593316376864","1.91545223083661","170","c(""H2-K1"", ""H2-D1"", ""Rps19"", ""Gimap3"", ""H2-Q7"", ""Irf7"", ""Ifi203"", ""Zbp1"", ""Mndal"", ""Irgm1"", ""Klrd1"", ""Trim30a"", ""Dhx58"", ""Irf1"", ""Oas3"", ""H2-Q4"", ""Parp9"", ""Ifi35"", ""Ddx60"", ""Nlrc5"", ""H2-T22"", ""Oasl1"", ""Oas1a"", ""F2rl1"", ""Ifih1"", ""Gbp2"", ""Crtam"", ""Igtp"", ""H2-Q6"", ""Trim30d"", ""Eif2ak2"", ""Mapkapk3"", ""Cd226"", ""Gimap5"", ""Tmem126a"", ""Gbp7"", ""Gbp5"", ""Trim30c"", ""Cd86"", ""Cd160"", ""Trim25"", ""Klrk1"", ""Phb"", ""Klrb1c"", ""Klrc2"", ""Mif"", ""Rsad2"", ""Gbp3"")"
"302","GOBP_POSITIVE_REGULATION_OF_ACUTE_INFLAMMATORY_RESPONSE","0.000337086454931373","0.0055965914254918","0.49849310876659","0.756346851985586","1.94026801672991","25","c(""H2-K1"", ""H2-D1"", ""Ccr7"", ""H2-Q7"", ""H2-Q4"", ""H2-T22"", ""H2-Q6"")"
"303","GOBP_ANTIGEN_PROCESSING_AND_PRESENTATION_OF_PEPTIDE_ANTIGEN","0.000195880401599489","0.00375206145540201","0.518848077743792","0.704344132847624","1.94510062369017","37","c(""H2-K1"", ""H2-D1"", ""H2-Q7"", ""B2m"", ""Ctss"", ""H2-Q4"", ""H2-T22"", ""H2-Q6"", ""Ifi30"", ""H2-DMa"")"
"304","GOBP_ANTIMICROBIAL_HUMORAL_RESPONSE","0.000118996785888379","0.00257936551633977","0.538434096309916","0.672229912745263","1.94668831531122","47","c(""H2-K1"", ""H2-D1"", ""Rps19"", ""H2-Q7"", ""B2m"", ""Rpl39"", ""H2-Q4"", ""H2-T22"", ""Bcl3"", ""H2-Q6"")"
"305","GOBP_NEGATIVE_REGULATION_OF_LEUKOCYTE_MEDIATED_IMMUNITY","0.00016440892358808","0.00334679382712779","0.518848077743792","0.681967014990729","1.95611433478483","43","c(""H2-K1"", ""H2-D1"", ""Smad7"", ""H2-Q7"", ""Bst2"", ""Klrd1"", ""H2-Q4"", ""H2-T22"", ""Il7r"", ""Vsir"", ""H2-Q6"", ""Foxp3"", ""Tbx21"", ""Spn"")"
"306","GOBP_RESPONSE_TO_PROTOZOAN","0.000175961939454649","0.00349090593443503","0.518848077743792","0.743340446576294","1.95637962454797","28","c(""Nkg7"", ""Tgtp2"", ""Tgtp1"", ""Iigp1"", ""Gbp9"", ""Bcl3"", ""Gbp2"", ""Igtp"", ""Gbp7"", ""Il4"", ""Spn"", ""Gbp3"", ""Ifng"", ""Irgm2"", ""Irf4"")"
"307","GOBP_RESPONSE_TO_TYPE_II_INTERFERON","2.8398978396487e-05","0.000853397056637773","0.575610261071129","0.626890930837649","1.97018865314447","71","c(""Vim"", ""H2-Q7"", ""Stat1"", ""Capg"", ""Irgm1"", ""Bst2"", ""Irf1"", ""Parp14"", ""Parp9"", ""Tgtp1"", ""Nlrc5"", ""Sp100"", ""Gbp9"", ""Gbp2"", ""Igtp"", ""Gbp7"", ""Gbp5"")"
"308","GOBP_REGULATION_OF_ACUTE_INFLAMMATORY_RESPONSE","7.27588908668157e-05","0.00179293224757069","0.538434096309916","0.729889901697433","1.98916617783316","34","c(""H2-K1"", ""H2-D1"", ""Ccr7"", ""H2-Q7"", ""H2-Q4"", ""H2-T22"", ""H2-Q6"", ""Gstp1"", ""Il4"", ""Spn"", ""Fut7"", ""Tnf"")"
"309","GOBP_NEGATIVE_REGULATION_OF_RESPONSE_TO_BIOTIC_STIMULUS","1.4223912765946e-05","0.000528542536271106","0.593325476396405","0.644088361515082","1.99232120256447","67","c(""H2-K1"", ""H2-D1"", ""Rps19"", ""H2-Q7"", ""Isg15"", ""Irgm1"", ""Klrd1"", ""Trim30a"", ""Dhx58"", ""Oas3"", ""H2-Q4"", ""Parp14"", ""Samhd1"", ""Nlrc5"", ""H2-T22"", ""Oas1a"", ""F2rl1"", ""Igtp"", ""H2-Q6"")"
"310","GOBP_DEFENSE_RESPONSE_TO_SYMBIONT","6.61994754040732e-07","4.55802858590986e-05","0.659444398037935","0.574954703442331","1.9924621279601","134","c(""H2-Q7"", ""Rtp4"", ""Irf7"", ""Stat1"", ""Isg15"", ""Zbp1"", ""Ifit1"", ""Irgm1"", ""Bst2"", ""Trim30a"", ""Ifit3"", ""Slfn8"", ""Dhx58"", ""Irf1"", ""Oas3"", ""Ifit1bl1"", ""Samhd1"", ""Parp9"", ""Ddx60"", ""Oasl2"", ""Oasl1"", ""Ifit3b"", ""Oas1a"", ""F2rl1"", ""Ifih1"", ""Isg20"", ""Igtp"", ""Oas2"", ""Trim30d"", ""Eif2ak2"", ""Trim34a"", ""Gbp7"", ""Gbp5"", ""Il4"", ""Pml"", ""Trim30c"", ""Cd86"", ""Bcl2"", ""Foxp3"", ""Spn"", ""Trim25"", ""Phb"", ""Rsad2"", ""Gbp3"")"
"311","GOBP_RESPONSE_TO_VIRUS","2.85801935889453e-07","2.4780086367304e-05","0.674962860011025","0.566088413851169","2.00092280984671","158","c(""Ifi27l2a"", ""H2-Q7"", ""Rtp4"", ""Irf7"", ""Stat1"", ""Isg15"", ""Zbp1"", ""Ifit1"", ""Irgm1"", ""Bst2"", ""Trim30a"", ""Ifit3"", ""Slfn8"", ""Dhx58"", ""Irf1"", ""Oas3"", ""Ifit1bl1"", ""Samhd1"", ""Parp9"", ""Ddx60"", ""Tgtp1"", ""Oasl2"", ""Oasl1"", ""Ifit3b"", ""Oas1a"", ""F2rl1"", ""Ifih1"", ""Isg20"", ""Bcl3"", ""Igtp"", ""Pou2f2"", ""Oas2"", ""Mx1"", ""Trim30d"", ""Eif2ak2"", ""Trim34a"", ""Gbp7"", ""Gbp5"", ""Il4"", ""Pml"", ""Trim30c"", ""Cd86"", ""Bcl2"", ""Foxp3"", ""Spn"", ""Trim25"", ""Phb"", ""Rsad2"", ""Gbp3"")"
"312","GOBP_ANTIGEN_PROCESSING_AND_PRESENTATION","2.89490991488583e-05","0.000857846089968068","0.575610261071129","0.664802536800256","2.00685846511316","57","c(""H2-K1"", ""H2-D1"", ""Ccr7"", ""H2-Q7"", ""Psme2"", ""B2m"", ""Ctss"", ""Psmb9"", ""H2-Q4"", ""H2-T22"", ""H2-Q6"", ""Ifi30"", ""H2-DMa"")"
"313","GOBP_CYTOKINE_PRODUCTION_INVOLVED_IN_IMMUNE_RESPONSE","7.74718569718151e-06","0.00031817827573863","0.593325476396405","0.62195616607101","2.01831987856437","83","c(""H2-K1"", ""H2-D1"", ""Smad7"", ""Gimap3"", ""H2-Q7"", ""B2m"", ""Bst2"", ""H2-Q4"", ""H2-T22"", ""F2rl1"", ""Vsir"", ""H2-Q6"", ""Cd226"", ""Gimap5"", ""Cd55"", ""Il4"", ""Foxp3"", ""Tbx21"", ""Cd160"", ""Psen2"", ""Mif"", ""Rsad2"", ""Tnf"", ""Arid5a"", ""Litaf"", ""Tnfrsf1b"", ""Il18r1"", ""Ifng"")"
"314","GOBP_ANTIGEN_PROCESSING_AND_PRESENTATION_OF_EXOGENOUS_ANTIGEN","5.41750288328238e-05","0.00140915269441823","0.557332238758646","0.748634527221676","2.01862836789592","32","c(""H2-K1"", ""H2-D1"", ""H2-Q7"", ""Psme2"", ""B2m"", ""Ctss"", ""H2-Q4"", ""H2-T22"", ""H2-Q6"", ""Ifi30"", ""H2-DMa"")"
"315","GOBP_NEGATIVE_REGULATION_OF_IMMUNE_EFFECTOR_PROCESS","1.11780754907899e-05","0.000451170253861019","0.593325476396405","0.647017212104375","2.02953442107185","70","c(""H2-K1"", ""H2-D1"", ""Rps19"", ""Smad7"", ""H2-Q7"", ""Bst2"", ""Klrd1"", ""Irf1"", ""H2-Q4"", ""H2-T22"", ""Il7r"", ""Vsir"", ""H2-Q6"", ""Zbtb7b"", ""Cd55"", ""Il4"", ""Foxp3"", ""Tbx21"", ""Spn"", ""Pglyrp1"")"
"316","GOBP_NEGATIVE_REGULATION_OF_IMMUNE_RESPONSE","2.24806305433855e-06","0.000116949235782368","0.627256739718528","0.615965844453746","2.02996055382659","92","c(""H2-K1"", ""H2-D1"", ""Rps19"", ""Smad7"", ""H2-Q7"", ""Isg15"", ""Klrd1"", ""Dhx58"", ""Irf1"", ""Oas3"", ""H2-Q4"", ""Parp14"", ""Samhd1"", ""Nlrc5"", ""H2-T22"", ""Il7r"", ""Il27ra"", ""Oas1a"", ""Vsir"", ""H2-Q6"", ""Zbtb7b"", ""Cd55"", ""Il4"", ""Foxp3"", ""Tbx21"", ""Spn"", ""Cd160"", ""Pglyrp1"")"
"317","GOBP_AMIDE_METABOLIC_PROCESS","5.26300547890304e-13","1.36896620290134e-10","0.921426003494898","0.51854293637569","2.03723344848948","400","c(""Rps18"", ""Rps19"", ""Rpl3"", ""Rps20"", ""Rps7"", ""Rplp1"", ""Rpl13"", ""Vim"", ""Rps5"", ""Rpsa"", ""Rpl27a"", ""Rpl23"", ""Rplp0"", ""Rps3"", ""Rps23"", ""Rpl10a"", ""Rpl32"", ""Rpl21"", ""Rps12"", ""Eef1a1"", ""Rps4x"", ""Rpl14"", ""Rpl17"", ""Rps2"", ""Rps6"", ""Rps16"", ""Rps8"", ""Rpl22l1"", ""Rpl35"", ""Rps3a1"", ""Rps27a"", ""Rpl36a"", ""Rplp2"", ""Rpl5"", ""Eef1b2"", ""Rpl19"", ""Rpl18a"", ""Rpl9"", ""Rpl18"", ""Rpl15"", ""Rpl8"", ""Rpl39"", ""Rps25"", ""Rpl10"", ""Rpl4"", ""Rps26"", ""Rpl36"", ""Rpl29"", ""Rps10"", ""Rpl41"", ""Rps28"", ""Ass1"", ""Ggt1"", ""Rpl26"", ""Rpl22"", ""Eef1g"", ""Rps14"", 
""B4galnt1"", ""Rpl37"", ""Smpdl3a"", ""Rpl11"", ""Rpl23a"", ""St8sia6"", ""Rpl6"", ""Bcl3"", ""Gm2a"", ""B4galt5"", ""Eef1d"", ""Rpl28"", ""Sgms1"", ""Rps15"", ""Eif2ak2"", ""Sorl1"", ""Npm1"", ""Hexb"", ""Prkch"", ""Pkm"", ""Gm2000"", ""Rpl31"")"
"318","GOBP_ANTIBACTERIAL_HUMORAL_RESPONSE","2.26080790060676e-05","0.000778316366958888","0.575610261071129","0.775403641057426","2.04076596551693","28","c(""H2-K1"", ""H2-D1"", ""H2-Q7"", ""B2m"", ""Rpl39"", ""H2-Q4"", ""H2-T22"", ""H2-Q6"")"
"319","GOBP_RIBOSOME_ASSEMBLY","2.57027040290506e-05","0.000835694862944548","0.575610261071129","0.742490642223346","2.05044515020499","37","c(""Rps19"", ""Rps5"", ""Rpsa"", ""Rplp0"", ""Rps6"", ""Rpl5"", ""Rps25"", ""Rpl10"", ""Rps28"", ""Rps14"", ""Rpl11"", ""Rpl23a"", ""Rpl6"", ""Rps15"", ""Rpl38"")"
"320","GOBP_NEGATIVE_REGULATION_OF_INNATE_IMMUNE_RESPONSE","2.49587790963037e-05","0.000829669402878355","0.575610261071129","0.708800052949759","2.05108050690616","45","c(""H2-K1"", ""H2-D1"", ""Rps19"", ""H2-Q7"", ""Isg15"", ""Klrd1"", ""Dhx58"", ""Oas3"", ""H2-Q4"", ""Parp14"", ""Samhd1"", ""Nlrc5"", ""H2-T22"", ""Oas1a"", ""H2-Q6"")"
"321","GOBP_DEFENSE_RESPONSE_TO_GRAM_POSITIVE_BACTERIUM","4.75012314286835e-06","0.000202182514135542","0.610526878385931","0.68344271473605","2.07795159582206","59","c(""H2-K1"", ""H2-D1"", ""H2-Q7"", ""B2m"", ""Rpl39"", ""H2-Q4"", ""H2-T22"", ""Il7r"", ""Il27ra"", ""Gbp9"", ""Gbp2"", ""Tnfsf8"", ""H2-Q6"", ""Gbp7"", ""Klrk1"", ""Pglyrp1"", ""Gbp3"", ""Tnf"", ""Lta"")"
"322","GOBP_RIBOSOMAL_SMALL_SUBUNIT_BIOGENESIS","1.51024927866299e-06","8.2220780496513e-05","0.643551836150722","0.687426087615515","2.07892365231531","60","c(""Rps19"", ""Rps7"", ""Rps5"", ""Rpsa"", ""Rps23"", ""Rps12"", ""Rps6"", ""Rps16"", ""Rps8"", ""Rps3a1"", ""Rps25"", ""Rps28"", ""Rps14"", ""Rps15"", ""Npm1"", ""Rpl38"", ""Fbl"")"
"323","GOBP_PEPTIDE_METABOLIC_PROCESS","2.10685051708735e-13","6.16517132562686e-11","0.943632225232838","0.552685057939558","2.12220947879561","328","c(""Rps18"", ""Rps19"", ""Rpl3"", ""Rps20"", ""Rps7"", ""Rplp1"", ""Rpl13"", ""Vim"", ""Rps5"", ""Rpsa"", ""Rpl27a"", ""Rpl23"", ""Rplp0"", ""Rps3"", ""Rps23"", ""Rpl10a"", ""Rpl32"", ""Rpl21"", ""Rps12"", ""Eef1a1"", ""Rps4x"", ""Rpl14"", ""Rpl17"", ""Rps2"", ""Rps6"", ""Rps16"", ""Rps8"", ""Rpl22l1"", ""Rpl35"", ""Rps3a1"", ""Rps27a"", ""Rpl36a"", ""Rplp2"", ""Rpl5"", ""Eef1b2"", ""Rpl19"", ""Rpl18a"", ""Rpl9"", ""Rpl18"", ""Rpl15"", ""Rpl8"", ""Rpl39"", ""Rps25"", ""Rpl10"", ""Rpl4"", ""Rps26"", ""Rpl36"", ""Rpl29"", ""Rps10"", ""Rpl41"", ""Rps28"", ""Ggt1"", ""Rpl26"", ""Rpl22"", ""Eef1g"", ""Rps14"", 
""Rpl37"", ""Rpl11"", ""Rpl23a"")"
"324","GOBP_AMIDE_BIOSYNTHETIC_PROCESS","1.83754777617535e-14","8.60339868805297e-12","0.97599468306432","0.55443981515045","2.12490812226366","331","c(""Rps18"", ""Rps19"", ""Rpl3"", ""Rps20"", ""Rps7"", ""Rplp1"", ""Rpl13"", ""Vim"", ""Rps5"", ""Rpsa"", ""Rpl27a"", ""Rpl23"", ""Rplp0"", ""Rps3"", ""Rps23"", ""Rpl10a"", ""Rpl32"", ""Rpl21"", ""Rps12"", ""Eef1a1"", ""Rps4x"", ""Rpl14"", ""Rpl17"", ""Rps2"", ""Rps6"", ""Rps16"", ""Rps8"", ""Rpl22l1"", ""Rpl35"", ""Rps3a1"", ""Rps27a"", ""Rpl36a"", ""Rplp2"", ""Rpl5"", ""Eef1b2"", ""Rpl19"", ""Rpl18a"", ""Rpl9"", ""Rpl18"", ""Rpl15"", ""Rpl8"", ""Rpl39"", ""Rps25"", ""Rpl10"", ""Rpl4"", ""Rps26"", ""Rpl36"", ""Rpl29"", ""Rps10"", ""Rpl41"", ""Rps28"", ""Ass1"", ""Ggt1"", ""Rpl26"", ""Rpl22"", ""Eef1g"", ""Rps14"", 
""B4galnt1"", ""Rpl37"", ""Rpl11"", ""Rpl23a"", ""St8sia6"", ""Rpl6"", ""Bcl3"", ""B4galt5"", ""Eef1d"", ""Rpl28"", ""Sgms1"", ""Rps15"", ""Eif2ak2"")"
"325","GOBP_PEPTIDE_BIOSYNTHETIC_PROCESS","7.50624360804658e-14","2.51030232663386e-11","0.954541630725724","0.571459926900094","2.17558957997234","299","c(""Rps18"", ""Rps19"", ""Rpl3"", ""Rps20"", ""Rps7"", ""Rplp1"", ""Rpl13"", ""Vim"", ""Rps5"", ""Rpsa"", ""Rpl27a"", ""Rpl23"", ""Rplp0"", ""Rps3"", ""Rps23"", ""Rpl10a"", ""Rpl32"", ""Rpl21"", ""Rps12"", ""Eef1a1"", ""Rps4x"", ""Rpl14"", ""Rpl17"", ""Rps2"", ""Rps6"", ""Rps16"", ""Rps8"", ""Rpl22l1"", ""Rpl35"", ""Rps3a1"", ""Rps27a"", ""Rpl36a"", ""Rplp2"", ""Rpl5"", ""Eef1b2"", ""Rpl19"", ""Rpl18a"", ""Rpl9"", ""Rpl18"", ""Rpl15"", ""Rpl8"", ""Rpl39"", ""Rps25"", ""Rpl10"", ""Rpl4"", ""Rps26"", ""Rpl36"", ""Rpl29"", ""Rps10"", ""Rpl41"", ""Rps28"", ""Ggt1"", ""Rpl26"", ""Rpl22"", ""Eef1g"", ""Rps14"", 
""Rpl37"", ""Rpl11"", ""Rpl23a"")"
"326","GOBP_DEFENSE_RESPONSE_TO_BACTERIUM","2.64252705719028e-09","4.12410389392164e-07","0.774939030136436","0.634639175081508","2.18828519737326","129","c(""H2-K1"", ""H2-D1"", ""Rps19"", ""H2-Q7"", ""B2m"", ""Rpl39"", ""Isg15"", ""Irgm1"", ""Oas3"", ""H2-Q4"", ""H2-T22"", ""Il7r"", ""Iigp1"", ""Il27ra"", ""Rnf213"", ""Oas1a"", ""Gbp9"", ""F2rl1"", ""Syt11"", ""Plac8"", ""Bcl3"", ""Gbp2"", ""Igtp"", ""Tnfsf8"", ""Oas2"", ""H2-Q6"", ""Gbp7"", ""Gbp5"", ""Spn"", ""Cd160"", ""Klrk1"", ""Pglyrp1"", ""Gbp3"", ""Gzmb"", ""Tnf"", ""Lta"")"
"327","GOBP_RESPONSE_TO_TYPE_I_INTERFERON","8.030557430232e-08","8.54524315644232e-06","0.704975715167238","0.874877195259488","2.20582212094105","24","c(""Irf7"", ""Stat1"", ""Isg15"", ""Zbp1"", ""Oas3"", ""Samhd1"", ""Nlrc5"", ""Sp100"", ""Oas1a"", ""Ifih1"", ""Oas2"")"
"328","GOBP_INTERFERON_MEDIATED_SIGNALING_PATHWAY","5.20336221690398e-07","3.92937772573297e-05","0.659444398037935","0.819549664391566","2.20984491268398","32","c(""Irf7"", ""Stat1"", ""Isg15"", ""Zbp1"", ""Irgm1"", ""Irf1"", ""Oas3"", ""Parp14"", ""Samhd1"", ""Parp9"", ""Nlrc5"", ""Oas1a"", ""Ifih1"", ""Igtp"", ""Oas2"")"
"329","GOBP_RESPONSE_TO_INTERFERON_BETA","1.22101261069729e-09","2.04170751545882e-07","0.788186810800237","0.836746577449055","2.31255473031939","38","c(""Ifi203"", ""Ifi47"", ""Stat1"", ""Xaf1"", ""Mndal"", ""Ifit1"", ""Irgm1"", ""Bst2"", ""Ifit3"", ""Irf1"", ""Tgtp2"", ""Tgtp1"", ""Iigp1"", ""Oas1a"", ""Gbp2"", ""Igtp"", ""Gbp7"", ""Gbp3"")"
"330","GOBP_TRANSLATION_AT_SYNAPSE","1.22819394610899e-17","9.58400675947047e-15","1.0864405425825","0.941982332172447","2.56718087332927","34","c(""Rpl13"", ""Rps5"", ""Rpl27a"", ""Rpl23"", ""Rpl10a"", ""Rpl32"", ""Rps12"", ""Rpl14"", ""Rpl17"", ""Rps16"", ""Rpl35"", ""Rps27a"", ""Rpl36a"", ""Rplp2"", ""Rpl5"", ""Rpl9"", ""Rpl15"", ""Rpl8"", ""Rpl10"", ""Rpl4"", ""Rps26"", ""Rpl36"", ""Rpl29"", ""Rps10"", ""Rps28"", ""Rpl26"", ""Rpl22"", ""Rps14"", ""Rpl37"", ""Rpl23a"", ""Rpl6"")"
"331","GOBP_CYTOPLASMIC_TRANSLATION","1.31480928963949e-20","3.07796854704604e-17","1.1778932614942","0.832879001808717","2.72423495471073","89","c(""Rps18"", ""Rps19"", ""Rpl3"", ""Rps20"", ""Rps7"", ""Rplp1"", ""Rpl13"", ""Rps5"", ""Rpsa"", ""Rpl27a"", ""Rpl23"", ""Rplp0"", ""Rps3"", ""Rps23"", ""Rpl10a"", ""Rpl32"", ""Rpl21"", ""Rps12"", ""Rps4x"", ""Rpl14"", ""Rpl17"", ""Rps2"", ""Rps6"", ""Rps16"", ""Rps8"", ""Rpl22l1"", ""Rps3a1"", ""Rps27a"", ""Rpl36a"", ""Rplp2"", ""Rpl5"", ""Rpl19"", ""Rpl18a"", ""Rpl9"", ""Rpl18"", ""Rpl15"", ""Rpl8"", ""Rpl39"", ""Rps25"", ""Rpl4"", ""Rps26"", ""Rpl36"", ""Rpl29"", ""Rps10"", ""Rpl41"", ""Rps28"", ""Rpl26"", ""Rpl22"", ""Rps14"", ""Rpl11"", ""Rpl23a"", ""Rpl6"")"
