	1	2	3	4	5	6	7	8
CGAAGGATCTAGTTCT-0	0.0	1.1648132	0.002208209	0.0	0.031169547	0.009907547	0.0	0.0
TGGGAGATCCAAGCAT-0	0.5439009	0.07653652	0.016551472	0.02184866	0.0	0.0035335857	0.0037245653	0.0
GTCAGCGCATTCCTCG-0	0.9669922	0.055220068	0.0	0.0037579278	0.015583956	0.0031877684	0.0	0.0
GGCTTGGTCGGAAACG-0	0.17025149	0.008844753	0.03966929	0.034357417	0.16894798	0.7073072	0.00029844334	0.0
TGTAAGCGTTGCTCCT-0	1.2271138	0.0348847	0.0	0.010806505	0.0	0.018077169	0.009974329	0.0047742217
ATCACGATCAACACGT-0	0.0	0.77157485	0.004476328	0.005803179	0.0	0.0	0.0	0.0015869931
CTGTGAAAGTACTGGG-0	0.9792877	0.026858736	0.0	0.0031525644	0.010984708	0.01343593	0.041534048	0.0
TGGGAGAAGTCAGCGA-0	1.0443096	0.07276673	0.019874489	0.019261535	0.0	0.0	0.0	0.0
AGACTCACACTGTGTA-0	0.051564734	0.0	0.018409738	0.0	0.0	0.98766625	0.0	0.0
TACTTCACACCAGCGT-0	0.0	0.92348427	0.019828971	0.0016764997	0.0	0.0051426017	0.042254314	0.0
TACATTCGTAGGACCA-0	0.09889109	0.0	0.6052261	0.0	0.24581718	0.025044844	0.0	0.0017682094
CAAGGGAAGTCTCGTA-0	0.73693126	0.01289653	0.04126671	0.0	0.0	0.0	0.0	0.0
GCCAGTGTCAGTCACA-0	0.07577531	0.045051884	0.0	0.7736654	0.0	0.017889379	0.008120175	0.033264972
AGCCACGAGTGCCTCG-0	0.0	0.0	0.0	0.02504439	0.0	1.0984908	0.0	0.0
TTTGTTGAGTCGCCAC-0	0.8221279	0.029665245	0.0123945195	0.013005748	0.012664157	0.0	0.0	0.0
GCAGCCACAGATCATC-0	0.0	0.017445726	0.9735768	0.0	0.0	0.01736308	0.0	0.0
TTTAGTCAGGTAGTCG-0	0.8995766	0.0	0.0191143	0.0027398819	0.0	0.0	0.0	0.0010855955
ATCTCTACACTGTGAT-0	0.4796777	0.016612673	0.019304171	0.013211198	0.0	0.018112978	0.0	0.0
GTGTCCTTCTTTGGAG-0	0.044862837	0.87536466	0.025179306	0.010356799	0.0135929	0.010964523	0.03476588	0.0
TACAGGTCAGAGGTAC-0	1.0933622	0.03921511	0.0	0.0033209105	0.004988348	0.0	0.0	0.0053125494
ATGAAAGGTGCCGTAC-0	0.99408406	0.0069700843	0.0	0.0	0.0020647936	0.0	0.021698056	0.0
GCTACAAGTGGATACG-0	0.0	1.1368493	0.0	0.0	0.0	0.0	0.009371706	0.0
CTATCTACAGTGAGCA-0	0.0	0.0	0.0	0.8816327	0.08339586	0.030858768	0.0	0.0
ACTTTCATCATGAGGG-0	0.6170791	0.07055781	0.0045011323	0.0019864806	0.022119643	0.0013327504	0.0	0.0
GCCCGAAAGTATGACA-0	0.040443324	0.89073306	0.0	0.0011477087	0.03592607	0.0	0.0	0.040455777
ATCGTAGAGCGTCAAG-0	0.0	1.180325	0.0	0.0	0.008326778	0.0	0.0	0.0
ACTCCCAGTACCAATC-0	1.1576171	0.030013818	0.0	0.0	0.022583235	0.009040448	0.0020072632	0.0
ATTCCCGCAGAATGTA-0	1.097955	0.0	0.0	0.0	0.03697407	0.016761443	0.10631412	0.0
GATTTCTAGGATGTTA-0	0.6933394	0.004093086	0.021222685	0.02695952	0.0	0.004018534	0.0	0.0
GGTAGAGCAGGCACTC-0	0.8918741	0.037005533	0.013968711	0.023607614	0.03746704	0.0037885618	0.0	0.006822628
CTGTACCGTCGTTGCG-0	0.14315082	0.93081725	0.013837591	0.0011362159	0.008056202	0.025804792	0.0	0.0
TGTACAGCACAGTATC-0	0.013529642	0.0	0.0	0.010968218	1.106039	0.039908912	0.0015877525	0.0
CTCCGATAGCCGCTTG-0	0.0	0.5711504	0.0	0.0	0.0006329009	0.010619159	0.030296652	0.0
GTACAGTTCGAACGCC-0	0.0	1.0956004	0.007635518	0.0055424855	0.0	0.010652667	0.0	0.0
CCGGGTATCACCTTAT-0	0.8574358	0.018044107	0.025002794	0.010925289	0.018770045	0.0035766787	0.0	0.0
CACGGGTGTCACAATC-0	0.052215222	0.75231326	0.02844128	0.0	0.0026196407	0.006787048	0.0	0.0
CCTCTAGCAAACACGG-0	0.16119139	0.04352236	0.076244384	0.046991512	0.001830433	0.8410955	0.0	0.0
CGTGATACAGCCATTA-0	0.06717486	0.93121123	0.03958264	0.002763513	0.0	0.031089354	0.0	0.0
TTGCTGCGTAATGCGG-0	0.97881484	0.02390472	0.0	0.0019551767	0.0	0.00637124	0.0134633705	0.0
TTTACGTAGATTGATG-0	0.0	1.0878899	0.0	0.0	0.0	0.003643568	0.0	0.0
TCAGCAATCGATGCTA-0	0.18943003	0.9037292	0.03609337	0.0028470198	0.0	0.008198457	0.0	0.0
GACCCAGAGTTGGCGA-0	1.2035353	0.0016165675	0.023862248	0.0	0.0	0.012615658	0.0	0.0
AGATGCTCACGGGCTT-0	0.05831593	0.0	0.090575695	0.03463319	0.0	1.0504907	0.0	0.0
CGGAATTAGGGCAGGA-0	0.78764623	0.011277868	0.012179611	0.0	0.017317342	0.00246999	0.006394465	0.0
TGTTACTTCCACAAGT-0	0.017868504	0.9927959	0.03106755	0.0	0.019768603	0.015039571	0.0034388336	0.00062483945
AGCTTCCAGTTGGACG-0	0.8920475	0.034525987	0.04387876	0.0	0.0060192733	0.0067862524	0.0	0.0
TCCATGCGTTCCTAGA-0	0.0	0.018359195	0.471979	0.023247637	0.5148892	0.04877007	0.0014096907	0.051667526
TGTGCGGTCTTTGGAG-0	1.108156	0.00261762	0.0129510965	0.002214016	0.016708802	0.0	0.0	0.0
AGGAAATGTGGCACTC-0	0.0	1.1322175	0.0	0.0	0.018204315	0.0009173114	0.0	0.0
GCAACATTCCAACTGA-0	1.0310713	0.008430011	0.007347511	0.007614971	0.0110304495	0.012936286	0.017231442	0.010964385
GATGCTACACGCTGCA-0	0.7670509	0.018009055	0.06279961	0.003052312	0.0	0.005426364	0.0	0.0
GGGTATTAGTGCGACA-0	0.087027326	0.05699836	0.0	0.71453243	0.028618813	0.018493198	0.0	0.017833939
TACATTCAGTTGCTGT-0	0.86592644	0.047237314	0.0	0.002862377	0.0	0.014948456	0.002621363	0.0
TGGTTAGAGCCACTCG-0	0.9089187	0.0047162184	0.010443122	0.0	0.0023145603	0.0058800057	0.0054522348	0.0
CCTCACAAGGTTGAGC-0	1.2049339	0.06487767	0.021908032	0.008137734	0.016116543	0.02238252	0.050593063	0.00124209
GGATGTTCAGCGACAA-0	0.0	0.0	0.0	1.5125575	0.0	0.0779698	0.0	0.0
ACTTTCAAGGGTGAGG-0	0.81764936	0.02090419	0.0	0.018635748	0.008848233	0.0045113596	0.0	0.0
TGGGCGTCATCGTCCT-0	0.21967055	0.026558852	0.62596875	0.037127696	0.14541344	0.031879384	0.0	0.0
TTCACCGTCCGATGCG-0	0.059489068	1.1060004	0.009693539	0.0	0.0	0.039198782	0.0	0.00049276906
AATCGTGCAAATTAGG-0	1.0903568	0.0	0.009849167	0.00093323865	0.0	0.008367291	0.0012318027	0.0
CATGCTCCATACCGTA-0	0.20319559	0.029295254	0.0009904916	0.69376093	0.21184008	0.009575867	0.0	0.0
TTCGCTGGTCGGAAAC-0	1.2247463	0.019168518	0.0	0.0049339985	0.010566262	0.01188215	0.0037228556	0.0
TGCGGGTAGCGCCTTG-0	1.1603671	0.0	0.008124091	0.013234672	0.015492503	0.006352191	0.14941202	0.0
TGGATGTGTTTCGTGA-0	0.1759851	0.78867716	0.04814645	0.015386961	0.0	0.009601347	0.0	0.0
TCTACATGTTTCTATC-0	0.71834946	0.0	0.0	0.0	0.012359558	0.0	0.0	0.05819764
ATCGTCCAGCGACTAG-0	1.0895395	0.052201424	0.025426537	0.007385476	0.008789066	0.004586337	0.0067611914	0.0
GAGGGTACATGTGTCA-0	1.0694337	0.014482923	0.0	0.012099026	0.03638673	0.027185015	0.01729166	0.02909917
AAGCGTTCACCTTCGT-0	0.9296498	0.0	0.0	0.00595713	0.008604526	0.0061786263	0.41572714	0.0
TCTCACGGTATCGCAT-0	0.9838665	0.0	0.0	0.008581462	0.0	0.0	0.0	0.002675307
ACTATTCAGGGAGGCA-0	1.0917666	0.012845788	0.0057223663	0.0	0.0	0.004246001	0.024103373	0.014389477
CGCGTGAGTCACAGAG-0	0.9954686	0.02512607	0.0035787066	0.0029134073	0.016310332	0.0	0.0	0.0
CTAGACATCGAACACT-0	1.3543357	0.028756278	0.0	0.01984603	0.04010356	0.0086293	0.026112149	0.0
AAGTTCGCACTGATTG-0	0.94097257	0.030291375	0.031946708	0.0016311184	0.0	0.0024460668	0.0	0.0
ATGAGTCTCCATAGGT-0	0.0	0.0	0.71348816	0.0	0.37903112	0.0	0.0002337643	0.0
CTCCTCCAGTCGGCAA-0	0.10181678	0.00014956942	0.009537866	0.02090925	0.023631295	0.9096006	0.0	0.0
ACGTTCCTCGTGGGTC-0	0.8985011	0.019194802	0.0	0.026111197	0.009183728	0.0	0.03548719	0.0017349153
CGCAGGTTCCTGTACC-0	0.0025693905	1.0200956	0.0008087166	0.009065307	0.0	0.0	0.014541016	0.0016200984
ATGGATCTCTCTATAC-0	0.0	1.0362068	0.006445804	0.0	0.0	0.011376196	0.0	0.0
GACGCTGCACCAAATC-0	0.8946093	0.037673697	0.0	0.009916486	0.0	0.004684189	0.0034964297	0.0
AAACGAACACCTGTCT-0	0.93211323	0.0	0.0	0.015644234	0.023764694	0.009867237	0.0050792303	0.0028017713
GATCAGTCAGAAATCA-0	1.0866879	0.014806321	0.0076667853	0.0044187983	0.015258594	0.0078120967	0.008364647	0.0
ATGAGTCCATTGTGCA-0	0.5986295	0.08055048	0.04575235	0.017354408	0.0	0.012489797	0.0	0.0
AATGAAGTCTCTGCTG-0	0.06496599	0.0	0.77360004	0.0	0.044232335	0.15421739	0.0	0.030865861
ACGGGTCAGAGCAGCT-0	0.7939752	0.042831164	0.021993643	0.0075888364	0.009410493	0.0	0.0	0.0
GGTGTTAAGCCTCTTC-0	0.021793902	1.0011232	0.04850852	0.025293177	0.011228873	0.020267922	0.0	0.0
TGCAGGCTCTGCTGAA-0	0.13872524	0.0121250115	0.23609033	0.025332563	0.76636	0.17302282	0.0	0.015735384
ACCCTCACATGTTTGG-0	0.17569886	0.025144203	0.01799936	0.0010594194	0.0764454	0.77142113	0.0	0.0
AATTTCCGTCTAACTG-0	0.843704	0.0018849538	0.01888928	0.009371987	0.0	0.0048804954	0.0	0.0
CCTCAACAGACCAAGC-0	0.9456514	0.0024222604	0.0	0.022214537	0.0	0.0	0.040393922	0.0
AGTTCGAGTGGTGATG-0	0.9817472	0.028411372	0.017960146	0.0	0.0	0.0	0.0	0.0
TCTCCGATCTTGGAAC-0	0.1304514	0.022605581	0.025076907	0.020154111	0.7268171	0.09482197	0.0034843846	0.0
AGCGATTGTCGCTGCA-0	0.16445526	0.00092027	0.0005290773	0.0	0.0	0.008230632	0.002427022	0.05029237
TTATTGCTCACTTCTA-0	0.9116111	0.015109612	0.024727318	0.0	0.0	6.436566e-05	0.0	0.0042699757
CTGCCTAAGTAAAGCT-0	1.0576464	0.054579582	0.023559596	0.0028148212	0.0064468784	0.002452499	0.057272986	0.0
CAGTTCCGTGTATTGC-0	0.1271529	0.036202826	0.81718063	0.017496632	0.07123476	0.033344824	0.0	0.0
GGGTGTCTCGACGACC-0	0.8657248	0.01822507	0.010451082	0.0019670017	0.0	0.0	0.0037209624	0.0
GCTACCTAGTGATAAC-0	0.8346516	0.020406175	0.03271192	0.022510901	0.0051627294	0.02559231	0.033194568	0.0
CTCGAGGGTAGCGTCC-0	0.8530896	0.02511491	0.028955948	0.005772674	0.019829398	0.009188856	0.0	0.0
CGATGGCAGATCACCT-0	0.7419879	0.03996805	0.008407364	0.005097884	0.01586055	0.00412574	0.00382124	0.0
ATGCCTCAGATTGATG-0	1.1667292	0.02530717	0.0	0.019514894	0.004277753	0.0	0.0	0.0016621584
CTTCTCTCAAATGGTA-0	0.64265084	0.21678099	0.02768948	0.011805421	0.0	0.009770116	0.0032059762	0.0
CCCTGATTCCTGTACC-0	0.1680059	0.0	0.0	0.0	0.0	0.009500889	0.008668797	0.059101667
GACTTCCTCGGATTAC-0	1.226781	0.048416477	0.0	0.014105343	0.011607728	0.0017937586	0.0	0.0
CCGATGGCACACAGAG-0	0.9548864	0.023613553	0.0	0.0	0.0065284455	0.0	0.024357239	0.0
TGGTAGTCAATTGCAC-0	0.0	0.0	0.0	0.84289837	0.053804133	0.0	0.26435265	0.0
GTAATGCTCGGCTTCT-0	0.838496	0.004135189	0.02071014	0.0	0.0	0.0	0.0	0.0
AACTTCTCAGCTCGGT-0	0.8293101	0.040026445	0.025808692	0.0	0.0	0.007387241	0.0	0.0
CTGTACCCACGTCTCT-0	0.12394403	0.0067692893	0.0026985994	0.0	0.0	0.0070680087	0.0	0.025661942
AGAGAGCGTGGTTCTA-0	0.0	0.0	0.39612746	0.0	0.3271909	0.13230386	0.2815942	0.0
AACAAGAAGCGGGTAT-0	0.10691028	0.9649314	0.029753352	0.011919577	0.0	0.005288871	0.0	0.0
GATAGAAGTAGGACTG-0	0.990135	0.02611234	0.013225649	0.0009940087	0.0010222332	0.01027723	0.0054681743	0.0
AGCTACAAGACAAGCC-0	0.0	0.0	0.0	0.0	0.27262568	0.76211065	0.0	0.0
GATGGAGAGTTCCAGT-0	0.8371928	0.043030996	0.008667546	0.013037888	0.0	0.006439771	0.021731377	0.0
TACTGCCTCACTAGCA-0	0.10456961	0.9319994	0.038656637	0.0051217536	0.014745659	0.0028778	0.0	0.0
TCGCAGGGTGTGGACA-0	0.74355596	0.1705323	0.021348165	0.024455918	0.02145655	7.48209e-05	0.03123896	0.0
TGTGTGATCCATTCAT-0	0.037857585	0.0	0.0	0.0	0.0	0.0065413276	0.0016218652	0.020723103
AGTCACATCTACACAG-0	1.0549368	0.0	0.0	0.0	0.0	0.0	0.14308476	0.0
CACACAATCACCTCTG-0	1.0230367	0.0	0.0	0.014299458	0.014931135	0.0017224367	0.009003778	0.0
GTAGGTTAGACATAGT-0	0.777785	0.014705995	0.007298139	0.005547934	0.0	0.006990343	0.0	0.0
TCGTAGAAGTAGACCG-0	0.0	1.121763	0.018320622	0.01735696	0.014763491	0.009468409	0.012387561	0.0
GTTGAACGTGTATCCA-0	1.1324995	0.009644862	0.00073609984	0.0	0.0122730015	0.024404902	0.012666357	0.0
ACGGAAGGTACCAGAG-0	0.16099003	0.001485505	0.0	0.0	0.0	0.0068658115	0.003804163	0.056593128
CGGGTGTAGCTTCTAG-0	0.0015792075	0.0	0.0	0.9600567	0.11402929	0.0	0.0	0.0
CATTGAGTCCCTCATG-0	0.8861309	0.017769827	0.0	0.0	0.010954763	0.03662075	0.009917927	0.0
AGGTCTAAGCACTCTA-0	0.8233186	0.0	0.0077509703	0.003482823	0.0	0.00085977855	0.0	0.0
CTATCTATCTCTAAGG-0	1.1759278	0.0	0.0	0.0	0.0014280233	0.0041179387	0.023831904	0.0
GTCAAGTCATTCATCT-0	0.78207344	0.025783584	0.0	0.0038219355	0.0022231878	0.0	0.0	0.0
GAACTGTTCCACGGAC-0	0.95891744	0.015065875	0.0	0.00024332115	0.009676278	0.0054639718	0.0	0.01291793
TTACGTTTCACCTTGC-0	0.2201672	0.7581229	0.03745047	0.013609373	0.0	0.007923608	0.0	0.0
TTGAGTGTCGACCACG-0	0.24049142	0.85767937	0.036736295	0.01710385	0.0	0.0069946474	0.00031758694	0.0
TCATACTAGATGACAT-0	0.944116	0.013659188	0.010563462	0.013904817	0.0	0.013203386	0.0	0.0
TTTGATCCACCGTCGA-0	0.9286514	0.040155698	0.011317897	0.0	0.013809769	0.0	0.0042809253	0.0
CAACAGTTCTCGTGGG-0	1.0527569	0.023828248	0.0	0.04153594	0.008216234	0.00094079867	0.0	0.0
ATCGTAGCAGCAGAAC-0	0.105585635	0.9243266	0.00983325	0.017899549	0.0056858454	0.025267547	0.0034169212	0.0
GAAACCTAGGCCCAAA-0	0.92673206	0.0	0.0	0.0	0.0	0.0	0.0146205835	0.0055419756
AACGGGAAGCATCCTA-0	1.1301267	0.0005352735	0.0	0.0	0.019560123	0.0	0.0033969686	0.007702979
AGTAACCGTACGATCT-0	0.8337024	0.0054956106	0.01269228	0.0	0.0031819982	0.0	0.0	0.02280539
CATCGCTTCAATGTCG-0	0.01123074	0.0	0.0	0.0	0.009575145	0.9131846	0.0	0.0
CCATAAGTCCTCACGT-0	0.0	0.0	0.0	0.0	0.0	1.008608	0.0	0.0
AACAACCGTTTCGACA-0	1.0542021	0.04845434	0.0012898957	0.012354553	0.012268431	0.0073378654	0.0	0.0
ATACCGACATGGGCAA-0	0.0	0.0	0.0	0.0	0.078016564	0.9039796	0.0	0.0
GCACGTGAGAGTTGCG-0	0.6139507	0.048223358	0.028821902	0.008796069	0.0	0.006978983	0.023302644	0.0
TGTTCTAGTGCGTCGT-0	0.9745081	0.01523058	0.0	0.0	0.013636824	0.0	0.00898034	0.013526719
CTATAGGGTTTGGCTA-0	0.82208306	0.025050405	0.03317229	0.009285507	0.001667039	0.010779373	0.0	0.0
CATAGACAGTTACGTC-0	0.0	0.0023845697	0.69944936	0.0147782285	0.18480387	0.122042544	0.0	0.0
AGATGAATCAGTGTGT-0	0.7918802	0.0024715138	0.0011106792	0.0003353653	0.0075194594	0.00077241415	0.0	0.0
CACTAAGAGCCATCCG-0	1.3758965	0.049732912	0.0	0.0083910385	0.030231563	0.009823386	0.0049930345	0.0
TCAAGTGAGGGAGATA-0	0.0037339309	0.0	0.3059025	0.0	0.47380963	0.0	0.0042253183	0.0
ATTCCCGCAGGCGATA-0	0.10677283	0.03657515	0.21281609	0.0019580226	0.024802366	0.570397	0.0	0.19607192
GTCAAACAGGACTGGT-0	1.004569	0.07113352	0.0	0.0	0.04219534	0.0	0.13798438	0.0
ATCGATGTCTAGACAC-0	0.17746328	0.04092615	0.09445448	0.4652513	0.018785248	0.013633614	0.0	0.0
CTTGAGAGTAACACGG-0	1.0460384	0.02433848	0.0	0.0063755596	0.0	0.0	0.0	0.0
TTCCTTCCATCTTCGC-0	0.6042583	0.0	0.0011876723	0.0	0.0	0.0	0.0	0.0
CTCATGCCAAATGAAC-0	0.86196977	0.06671373	0.024097387	0.013356284	0.0	0.0	0.0	0.0
CCTCCAATCGAGTACT-0	1.4732144	0.010395045	0.0	0.011700756	0.04194627	0.017914632	0.039854456	0.0
AACCTGATCTTGGTCC-0	0.0	0.0	0.0	0.9987706	0.13389212	0.0	0.0	0.0
TCCCATGCATTCCTAT-0	0.0	0.0	0.03070602	0.0	0.0	1.1861988	0.0	0.0
TCCTTCTCATGTGCTA-0	0.0	0.037199605	0.0	0.84564495	0.22972348	0.0	0.00068146514	0.0
TGACTCCGTAACACGG-0	0.7185769	0.032493323	0.039514143	0.007476551	0.0014746882	0.0052464735	0.0	0.0
GAGGCCTAGTCGAGGT-0	1.052801	0.04694506	0.0	0.015592535	0.009870692	0.0069686333	0.00958666	0.0036913108
ACGTACACAAGCACAG-0	0.03800583	0.004403896	0.0	0.8388069	0.164941	0.05165262	0.0	0.0019524567
TCGTGGGCAAAGCTCT-0	0.99265206	0.030538365	0.0	0.0	0.0	0.017871393	0.03603667	0.0032238432
ATCACAGTCACGGGCT-0	1.1409272	0.060236547	0.001854034	0.010176162	0.004693382	0.01999109	0.060955383	0.0
CGTGAATAGGATTCCT-0	0.94388	0.06381521	0.034707285	0.0	0.01318102	0.0	0.0	0.0
GGGTTTATCGTTCGCT-0	1.1103786	0.0	0.0	0.0	0.015367529	0.0	0.007794709	0.0
CGGGTCAAGGTCCCGT-0	0.0	0.91909635	0.029375225	0.014231942	0.0	0.010476672	0.0	0.0
ATTCAGGAGAAGGTAG-0	0.0	0.0	0.0	0.991555	0.18566914	0.0	0.0	0.0
GCATCTCAGGTACCTT-0	1.0366181	0.006787162	0.0	0.0	0.005153121	0.0	0.010894366	0.0
CACTGTCTCGTTCTGC-0	0.0	1.0842355	0.008513709	0.061445937	0.0	0.031776294	0.0	0.0029912707
AATTCCTCAGTCCCGA-0	0.08330136	0.9029474	0.050506085	0.0	0.009768954	0.011358547	0.0	0.0
AGGCTGCCAAATTAGG-0	1.195694	0.018019835	0.0	0.036831442	0.0	0.0	0.0	0.0
ATCATTCTCTAGATCG-0	0.6899746	0.014873083	0.0	0.014490234	0.0	0.0031962497	0.014218617	0.0
AACAGGGTCGGCTTGG-0	1.2431992	0.04614676	0.0	0.02096021	0.01102309	0.013731263	0.03937454	0.0
GGGTAGAAGCCAACCC-0	0.9019042	0.03441898	0.04850417	0.008644426	0.002103143	0.00216378	0.0	0.0
CCGATCTCACATTCTT-0	0.98963165	0.05994723	0.0	0.01273642	0.027062777	0.0	0.002544942	0.0
GAGTTACCACCGGTCA-0	0.9789998	0.030210774	0.0	0.012380435	0.0059204996	0.0	0.0012874685	0.0006608844
CACCAAATCAGACCCG-0	0.6858856	0.07722692	0.034254488	0.020560887	0.0028387601	0.0	0.0	0.0
AGCGATTCAGGAGACT-0	0.82872796	0.016671743	0.0	0.0	0.0	0.0	0.0	0.0018963635
GTCGCGATCCGCCTAT-0	0.03434982	0.6194735	0.0639648	0.0012033451	0.0	0.0	0.3433288	0.0
ACTCTCGTCATACGAC-0	0.12701662	0.02581026	0.0	0.026579076	0.0072031487	0.90437686	0.0	0.0
GCCAGCACAACCCGCA-0	0.8326258	0.012792465	0.03082887	0.0073141954	0.0032531288	0.00590245	0.0	0.0
GAGTCATCATAATCCG-0	0.9271783	0.00031336443	0.0	0.013456772	0.0	0.005546419	0.0	0.0052567413
GCTTCACTCGACTCCT-0	1.0410521	0.039001886	0.0	0.0	0.021660477	0.007597157	0.0	0.0
TGTGAGTTCTTGAACG-0	1.1996788	0.03505605	0.025268948	0.024853712	0.0	0.02569183	0.0011456416	0.0
AGGCTGCTCGAGTACT-0	1.1495793	0.0	0.0	0.011706627	0.009775829	0.031036953	0.0	0.0
TCCTCTTGTACAGTCT-0	1.0051531	0.016940918	0.014202842	0.0011290931	0.0	0.003223941	0.016325029	0.0
TGAGCATGTCAGCGTC-0	0.051649753	1.0193648	0.0046230615	0.0	0.049657647	0.020181492	0.0013387939	0.0
GACCGTGTCCGAGATT-0	1.0783459	0.009215337	0.00785838	0.0	0.0	0.0007977972	0.020676287	0.0
CCGGTGAAGGAACGAA-0	0.26330486	0.6508182	0.0675694	0.03422693	0.0	0.018190859	0.0	0.0
CGAAGTTAGAGCAGCT-0	0.09252319	0.0	0.0	0.0	0.0	0.018963939	0.0028971937	0.05377074
AAGCGAGTCTAGAACC-0	1.0945352	0.028746478	0.0026696948	0.009399525	0.0	0.025413577	0.0	0.0
TCGTGCTTCCGCGAGT-0	0.073347844	1.050353	0.0	0.0	0.025723863	0.010760428	0.0	0.0
GAGATGGAGAGCTGAC-0	0.036207214	0.0	0.059172835	0.0	0.15570235	0.8516008	0.0	0.0
GTAATCGAGTCACTCA-0	0.6764136	0.29786533	0.0	0.019721353	0.009567777	0.01179157	0.06224044	0.011570942
TTGTTCAGTGTTACTG-0	0.0	0.9643551	0.0	0.00031584772	0.024357215	0.0004697333	0.0	0.0
TTGAACGCATAGGAGC-0	0.027384166	0.0018425841	0.64399076	0.020762043	0.31504467	0.09349155	0.0049242587	0.0
ACCTACCCATGACCCG-0	1.1962038	0.0	0.0	0.0	0.0020372698	0.007769643	0.020150019	0.0
CGTGCTTGTACCCGCA-0	1.0115621	0.037926834	0.0	0.012742071	0.0	0.0011706762	0.0	0.0004324506
CTCCCTCAGTGTACCT-0	0.7856901	0.003804829	0.0	0.015611101	0.0	0.0016405808	0.0062892893	0.0
CGATGCGGTGAGACCA-0	1.140781	0.08835942	0.0	0.0	0.0	0.0	0.020772303	0.0
AATGCCACACTGCATA-0	0.84799665	0.010859742	0.04217089	0.0	0.0	0.0	0.0	0.0
GTCCTCATCCTAAGTG-0	0.12714732	0.8637572	0.011427164	0.013878485	0.0	0.013708306	0.0	0.008652132
TCATACTTCTTAGCTT-0	0.78862923	0.017859116	0.024311276	0.005763243	0.0	0.0042384593	0.0	0.005641976
CTGCAGGTCTACAGGT-0	0.0	0.9181111	0.012953808	0.0	0.0	0.007871956	0.0	0.0006203231
CCCTCAAAGAGGTCGT-0	0.63563144	0.028919898	0.023697926	0.016125642	0.011932823	0.004052455	0.0	0.0
TACGCTCTCATGCGGC-0	0.3691453	0.5390006	0.025029767	0.04416464	0.0	0.02468162	0.0	0.0
CAGATTGTCTGCATGA-0	0.89359874	0.0	0.0	0.0	0.0	0.0	0.0	0.0
TGGTACATCGCTAATG-0	0.21107344	0.019476553	0.0029572153	0.0020100279	0.0	0.018465793	0.0035505567	0.024454927
TGGGCTGCAACTACGT-0	1.2367336	0.02345882	0.015465532	0.023592852	0.018517349	0.0033758436	0.013732301	0.0
CTCCTCCTCGGCACTG-0	0.063744195	0.0	0.035265237	0.04130713	0.0	1.0952735	0.0	0.0
ATACCTTGTTAGGCCC-0	1.209891	0.07416807	0.0	0.011532944	0.009698455	0.008618174	0.0	0.0
TACCGGGTCGAGAAGC-0	1.200431	0.0	0.0	0.0015156708	0.0	0.016467758	0.018545976	0.0
CCGGGTAAGAGGTATT-0	0.0	0.02512247	0.0	0.0	0.15256596	0.9730149	0.0	0.0
TCATCATGTCTTAGTG-0	0.0	0.0	0.07457016	0.0	0.0	1.0804124	0.0	0.0
TTGTTTGTCACCTGGG-0	0.7740406	0.03713701	0.030368796	0.0069683	0.0	0.009132515	0.0	0.0
GTAACACTCGTCGACG-0	0.14249463	0.9743709	0.03313545	0.032949816	0.016845707	0.04094135	0.0	0.0
AGTAGCTGTGTTGCCG-0	0.89608985	0.028339807	0.0	0.0	0.020141967	0.0	0.0	0.0
CGCCAGACAGATCATC-0	0.0	0.92942756	0.0	0.0013429568	0.02579571	0.020870967	0.018429888	0.0
TCACGCTCATTGCAAC-0	0.74013484	0.05062448	0.02206308	0.018504033	0.0228558	0.007913405	0.021456538	0.0
TCTTCCTCATGGTACT-0	0.87764776	0.029019184	0.028414452	0.009056829	0.0	0.0003679344	0.0	0.0
CTAGGTACATCCCGTT-0	0.08725912	0.0	0.118139066	0.027527928	0.5996552	0.109724075	0.0	0.0
ATACTTCGTGATACCT-0	1.075788	0.0	0.018294485	0.017110087	0.0	0.0	0.0	0.0
GGGAGATAGGTGAGAA-0	0.10628845	0.021110142	0.0	0.026536893	0.22498144	0.75624096	0.0	0.0
CCTTTGGTCCCTCTTT-0	0.89669806	0.0	0.0273201	0.0	0.0	0.010138194	0.0	0.0
AGGAATAGTGCTCTCT-0	1.092096	0.05909826	0.014173467	0.005365932	0.013205454	0.0	0.0002534424	0.0
ACCTACCAGGCGTCCT-0	0.08547879	0.82478213	0.040552445	0.015673824	0.0	0.0	0.0	0.0
TTACCATAGGGTTAAT-0	0.4666519	0.36952165	0.02380986	0.029545592	0.0	8.081783e-05	0.038392857	0.0
CTTAGGAAGGTTACCT-0	1.1519536	0.0003528346	0.000590969	0.0	0.011907032	0.0072700004	0.04006196	0.001152689
TAAGCCATCATGCATG-0	0.12515546	0.93603677	0.02277465	0.023010068	0.0	0.0063640075	0.0	0.0
GCCAGGTAGGTTGGTG-0	0.012254297	1.0301445	0.017604215	0.0	0.015574976	0.014378599	0.0	0.003387601
AGAGAATTCGTTCATT-0	0.10651196	0.87224936	0.030113405	0.0	0.0	0.0	0.0	0.0
ACGTAGTAGCTATCCA-0	1.0039444	0.014035653	0.012261783	0.03176396	0.0	0.008552019	0.0066606854	0.0
ACTTCCGGTTGCTTGA-0	0.2357625	0.8845533	0.027585825	0.004604286	0.0	0.005399259	0.0037393337	0.0
TATTTCGAGGTAATCA-0	0.0	0.0	0.0	0.0	0.0	1.1454748	0.0014787792	0.0
AGGATAAGTAAGGCCA-0	0.0	1.0439634	0.0	0.0	0.0	0.0	0.0	0.0
GTGCTGGCAATGGCAG-0	0.14439103	0.024332734	0.13311923	0.029270664	0.0	0.7025965	0.0	0.0
GTAGGAGAGTTGAAGT-0	1.2747747	0.0	0.0	0.03127901	0.027311724	0.0	0.03922085	0.015374527
CAGGCCATCCGAGTGC-0	0.18152526	0.8536295	0.0	0.04089175	0.016558835	0.0	0.102708235	0.0
TACCTGCAGGGTACAC-0	0.9271057	0.07606044	0.034925222	0.021917155	0.036483604	0.02060688	0.00012329005	0.0
GGGTTATCAGGAGGAG-0	0.035534795	0.0	0.0	0.0	0.0	0.005018507	0.00032547474	0.01626354
TGACAGTGTAATTAGG-0	0.74375594	0.15816802	0.03987059	0.019120933	0.016550906	0.0	0.0	0.0
GTGGTTAAGGCACTAG-0	1.4245634	0.029545285	0.029288173	0.007303527	0.0	0.0034744258	0.0016164185	0.0
CCCTAACGTATTCCTT-0	0.83385897	0.07266688	0.0	0.030048167	0.0011431851	0.0	0.0	0.0
GTTTACTTCTCGGTAA-0	0.2465222	0.27406636	0.010603769	0.012761302	0.0	0.0	0.37733477	0.0
ATGGGTTTCCGAGATT-0	0.8997455	0.005697581	0.0	0.006529091	0.0	0.013361154	0.0	0.0
GATCGTACACGCGTCA-0	0.032538537	0.895008	0.0	0.0	0.0	0.0035275938	0.0029779293	0.0
AGGTCATTCAAACGTC-0	0.030231081	0.0017561753	0.2960329	0.002636663	0.07475014	0.7122493	0.0	0.0
CCCTGATTCGAGATAA-0	0.9933768	0.030030677	0.049147744	0.0	0.0	0.0075370306	0.0	0.0
ACTTTCAGTTCCGCAG-0	0.0	0.0	0.0	1.0640407	0.3023473	0.0	0.0	0.0
GACACGCAGCGGACAT-0	0.19432028	0.008538823	0.62483424	0.058817733	0.22917563	0.0	0.0	0.0
AGGACTTCAAACTCTG-0	0.040194247	1.0925515	0.061283767	0.019255806	0.0	0.04163743	0.0	0.0
CTGTGGGGTTGTATGC-0	0.090639666	0.049117513	0.01498776	0.024608074	0.071941696	0.93300986	0.0	0.0
CATCGCTAGAACTTCC-0	1.0944446	0.13497184	0.0029145041	0.017018912	0.032097682	0.0	0.02300471	0.0
CCGTAGGCAACCGTGC-0	0.81425595	0.047439847	0.01779665	0.003471789	0.0008029205	0.0	0.0050506787	0.0
TCACAAGGTCCAGCCA-0	0.038555935	0.0	0.5071295	0.02344241	0.23134217	0.023706757	0.0	0.0
ATCCCTGGTGTGCCTG-0	1.1307328	0.0035764666	0.0	0.0	0.013754983	0.004888464	0.0031475455	0.004787753
CAGGCCAAGTGCTAGG-0	1.2318783	0.00021465826	0.0021119402	0.008080883	0.0	0.0011781118	0.0	0.0
TAAGCACAGACTCTAC-0	0.995213	0.026115993	0.0	0.0192035	0.013891191	0.0006984102	0.0	0.0
GACATCACAGCTCGGT-0	1.3708261	0.0	0.0	0.0	0.0	0.005338262	0.0009269862	0.0
TTCGGTCAGTGCAGCA-0	0.8428225	0.036460947	0.0	0.015189292	0.0209151	0.005924192	0.0109287035	0.0
AGGTCATGTCGTATGT-0	0.9139888	0.039874144	0.03875368	0.0025186616	0.0	0.007034553	0.0012932933	0.0
TACCCGTGTCGAAACG-0	0.8491703	0.0104288	0.02654557	0.0026796348	0.001394785	0.0047768555	0.0050676293	0.0
CCGGTGATCGTTAGTG-0	0.9060662	0.039575838	0.039535176	0.00505493	0.035931267	0.0	0.012453628	0.0
CCGTTCACAGAATGTA-0	0.0	0.85551286	0.004652482	0.00072380155	0.0	0.0	0.0	0.0016352386
GTTTACTTCAAATGCC-0	0.69559956	0.029355152	0.033371665	0.028867004	0.0	0.012206443	0.044909514	0.0
TTGTGTTTCCCAAGCG-0	1.00743	0.031334467	0.018723711	0.00036658434	0.0	0.004626704	0.0	0.0
ATTCATCCAACTGTGT-0	0.73696005	0.031207863	0.052269593	0.0	0.0	0.0	0.0	0.0
AGGACTTTCCTCCACA-0	1.0817457	0.0	0.0	0.0	0.0	0.012288952	0.0	0.0
CTCCTTTGTCCGGCAT-0	0.071354985	0.01887889	0.0059800055	0.72554636	0.046416774	0.057221524	0.0	0.02399119
CTCAGAACAGGTTACT-0	0.0	1.0006168	0.006476734	0.0	0.0	0.017789552	0.0	0.00034896884
TTTGACTCAGTAGATA-0	0.20171057	0.08905174	0.030352414	0.025966622	0.13672718	0.28116953	0.0	0.058071453
AGGTTGTTCGTTACCC-0	0.0	1.1601776	0.020429641	0.0	0.0004335794	0.002595252	0.0	0.0
CCTTTGGGTTCTGAGT-0	1.1670958	0.0	0.0	0.024488315	0.0	0.011656926	0.12968263	0.0
GGCGTCACATCGTGCG-0	1.1653683	0.0024659936	0.0043410663	0.0032880954	0.0	0.006731621	0.0	0.0
ATCTCTAAGTATAGGT-0	1.226364	0.0	0.0	0.0	0.0	0.014291111	0.016570685	0.0
GGACGTCTCCCAGGCA-0	0.0	0.93139267	0.0	0.0	0.0	0.0	0.0	0.0
CAGCAGCCAGCATGCC-0	0.8474378	0.031382617	0.03365826	0.0	0.0	0.0039190957	0.0	0.0
GTAACCATCTAGAGCT-0	0.864805	0.03175204	0.024842912	0.0	0.0031775422	0.0026555394	0.015399411	0.0
CTGCCTACAGTCGGTC-0	0.03876044	0.013070233	0.6999625	0.007302158	0.14565396	0.1969555	0.0014283052	0.0
GAATAGACACGAGGTA-0	1.0405812	0.035572033	0.019707238	0.015432991	0.023171488	0.016943414	0.049103595	0.0
TGTGATGAGGTCGTAG-0	1.1329159	0.005319275	0.0033909315	0.017214494	0.016143685	0.013065418	0.0	0.0010353933
TTACTGTTCGTGCAGC-0	0.07635531	0.0	0.0	0.003918786	0.007699364	0.99393594	0.0	0.0
AACAAAGCAGCATACT-0	0.9316157	0.0	0.0	0.0	0.0	0.012164421	0.027882079	0.014494791
AACGAAATCTTGGTCC-0	0.0	0.0	0.0	0.0	0.6241661	0.4813326	0.0	0.0
GGATGTTGTGGTCCGT-0	0.062290397	0.0005253775	0.028693503	0.0014605087	0.0	1.0687062	0.0	0.0
GTAGGTTGTCCAGCCA-0	0.0	0.666906	0.03339434	0.0	0.0	0.017823638	0.40699485	0.0
ATTGTTCGTTCGTTCC-0	0.78698546	0.007467223	0.01427454	0.01754724	0.0124270795	0.0	0.0	0.0
TTGCCTGCAGGTGAGT-0	0.89966035	0.02708506	0.043631557	0.025025016	0.0	0.0	0.0	0.0
GAGTCTACAGGCAATG-0	0.95964277	0.006029878	0.008171818	0.0103438385	0.0037781138	0.0035809835	0.013736393	0.012028936
CTGGTCTCATACCACA-0	0.49505794	0.017698133	0.00323034	0.0	0.0	0.0027492149	0.0	0.014140516
TCAGCCTGTAGGGTAC-0	0.12479023	0.009322936	0.16618212	0.0070215487	0.7923887	0.0013096833	0.00607792	0.0021746978
AGGTGTTTCCCTTGGT-0	0.96601886	0.030051863	0.007388828	0.008886287	0.0	0.02323748	0.013907964	0.0020253374
TTATTGCGTACCCACG-0	0.88849455	0.022469325	0.03448739	0.01554716	0.0	0.0023608624	0.0	0.0
GTACAGTTCAGGTAAA-0	1.1719935	0.0	0.0	0.0	0.0	0.0	0.00035637023	0.0032473847
GTTTGGAGTGCTGATT-0	0.9241375	0.044910006	0.026842507	0.017016737	0.0	0.0048851827	0.0	0.0
AATAGAGCAATAACCC-0	1.0158004	0.0	0.0	0.0	0.0061383117	0.0070174853	0.0009024518	0.0
TCGCTCATCAAAGCCT-0	0.98869765	0.018571941	0.0	0.0	0.03011104	0.014958371	0.0	0.0
CGACAGCGTCACTCTC-0	0.7628195	0.0006008907	0.015434208	0.0024354688	0.02306948	9.210305e-05	0.010646293	0.0
GTAGATCGTACAACGG-0	1.0157242	0.040482156	0.0039763176	0.023334397	0.021180147	0.0015569662	0.018497653	0.0
CAAAGAACAGCACCCA-0	1.2019192	0.056314707	0.0	0.027716106	0.028013106	0.0018452548	0.002332717	0.0
GGGATCCCACAAGTTC-0	0.7113246	0.0	0.0131219225	0.0	0.0	0.0017010084	0.11960656	0.0
ACAAGCTAGCGCCTTG-0	1.277407	0.030558184	0.0	0.0093847895	0.015244685	0.0	0.038378667	0.0
CGAATTGCATTGGCAT-0	1.1509848	0.042898864	0.0	0.0	0.0	0.0	0.0041824873	0.0
TTCATTGTCCGACATA-0	0.0	0.0	0.0	0.0	0.120399155	0.8457269	0.0	0.0
TACCGAATCGCCACTT-0	0.91272986	0.016649842	0.018688666	0.008616723	0.004104619	0.0005730163	0.0041204374	0.0
TAACACGCATTCGATG-0	0.0	0.8544204	0.020356918	0.0036666011	0.0029245329	0.0040423656	0.0	0.0
CTACATTTCTCTGGTC-0	1.1377351	0.02250608	0.0	0.004164038	0.0073403213	0.0	0.0	0.0
GAATAGAGTGGGCTTC-0	0.92496836	0.008865095	0.0053857267	0.022005744	0.008326204	0.008632053	0.01898934	0.0013397787
GTTCCGTAGACTGAGC-0	0.8852359	0.036308	0.009658193	0.016733907	0.0086036865	0.0072769215	0.0	0.0
AATTTCCGTCTTTATC-0	1.119518	0.040184308	0.0	0.032558866	0.0	0.016642185	0.0	0.0
GCGATCGTCGCATGAT-0	0.048441347	0.0	0.012936573	0.80641794	0.013412224	0.053581942	0.0015119944	0.0
GCAGTTATCTATCGTT-0	1.1072568	0.06052907	0.03594657	0.007432724	0.0	0.0	0.0	0.0
CAAGCTAGTTCGGACC-0	0.007779409	0.8074357	0.016882395	0.0	0.0060944036	0.013589812	0.0	0.0
GTACAGTCAAAGACGC-0	1.1601408	0.010736954	0.015726028	0.016830297	0.0	0.005040527	0.0060361046	0.0010109884
CATTCATTCCAAGCTA-0	0.7476181	0.0	0.0071924543	0.006529531	0.0069828904	0.0014880727	0.0	0.0
GTTAGTGGTGTCCCTT-0	0.92577636	0.04492374	0.018489702	0.0009715142	0.0	0.008896277	0.0	0.0017675939
TGGGATTCAACAGTGG-0	0.9963661	0.0	0.0	0.00648758	0.008726351	0.0050583393	0.0	0.0
CTGCCATAGGTGGGTT-0	0.10853628	0.75575596	0.042186223	0.0034956494	0.0	0.029787503	0.0	0.0
GCAGGCTTCTCCTGAC-0	1.0935771	0.05601699	0.0	0.008093824	0.012619112	0.0020295223	0.0	0.0
GGGACAACACCTAAAC-0	0.799968	0.0015123561	0.0	0.015297832	0.00094415306	0.003819584	0.00026675145	0.0069295033
TAGTGCAGTATCAAGA-0	0.7655777	0.05397408	0.034576785	0.0	0.020932587	0.0028436116	0.0019892696	0.0
ATCACTTGTATGTCCA-0	0.20014508	0.003755424	0.0	0.0	0.0	0.009304602	0.010540933	0.059665915
TGGGCTGAGGTTGGAC-0	0.0	1.0824863	0.0	0.0	0.024081718	0.019589162	0.022921689	0.0
ACTGTCCAGGTCGACA-0	1.175514	0.020341987	0.0	0.0120970365	0.026735924	0.014985257	0.055976123	0.0
CTGTCGTCAGGCACTC-0	1.3266944	0.0	0.0	0.0	0.016808465	0.0	0.036797173	0.008830104
TGTGGCGTCTACGCGG-0	0.08001309	1.0609152	0.038134407	0.0	0.00012106345	0.009605931	0.028070694	0.0
TGGGTTATCGATACTG-0	0.0999452	0.027238285	0.3998924	0.030359028	0.51761997	0.0	0.0	0.0
CACTGAAGTGACGCCT-0	0.5588558	0.02682414	0.0	0.0	0.011679718	0.0	0.0011409249	0.059279483
TATTGCTCAAGTATCC-0	0.04020685	0.029637009	0.040343173	0.0	0.12972996	0.5942903	0.0	0.15524366
GCTGCAGAGCTGTTAC-0	1.0727031	0.11169671	0.02902196	0.010970423	0.0	0.02155464	0.010851112	0.011799849
GTAACACCATAACCCA-0	0.047627505	9.567874e-05	0.031270348	0.62433034	0.022907007	0.006538721	0.010375102	0.0
CACGGGTCAACGGGTA-0	0.0	0.0	0.0	0.0132372305	0.013247471	1.0761981	0.0035183474	0.0
ATCTTCAGTGTGACCC-0	1.1501294	0.010710789	0.0	0.0	0.0	0.0	0.0048456704	0.004876817
CTGCCATCATGGGCAA-0	1.0327129	0.08236766	0.0	0.056381904	0.0043157428	0.0	0.0	0.013011184
AGACCATGTGTGGACA-0	1.1191322	0.02340686	0.0	0.0	0.020985598	0.0004764789	0.035129778	0.0
TGCTCCAAGAAAGCGA-0	0.9916491	0.043760944	0.033243824	0.0092884675	0.0	0.012872244	0.0	0.0
ATACCGAGTAGGGAGG-0	1.1049087	0.0	0.0	0.0	0.0	0.0058462634	0.038919628	0.0
TCCACGTGTTGATCGT-0	0.11980698	0.0	0.020866767	0.0	0.0	0.94195104	0.0	0.0
TCTACCGAGTCGGGAT-0	0.055149544	0.0	0.0	0.75423455	0.033247627	0.0	0.0	0.0
CCGGTAGGTACGATGG-0	0.7586388	0.01818271	0.017765041	0.0	0.0	0.0	0.0001614988	0.0
AGGATCTCATCTTTCA-0	0.93499	0.042079825	0.024162944	0.0	0.0059123836	0.0	0.0	0.0
TAACGACTCATCGCTC-0	0.0	0.82825875	0.0	0.005768123	0.03059001	0.012851881	0.39682063	0.0
TAGGTACTCCCAATAG-0	0.0	0.0	0.0	0.8291326	0.0	0.04052042	0.0	0.0
TTGTGGAAGTAACCTC-0	0.7433463	0.03628419	0.015492238	0.0009078974	0.0	0.0	0.0	0.0
TATTTCGGTACCCAGC-0	1.1367364	0.012016948	0.05650393	0.0018756354	0.007938658	0.0010123637	0.08988884	0.0
CATGCAATCGCGTAGC-0	1.226548	0.024329038	0.03752815	0.022729756	0.0	0.0098054055	0.024626343	0.0
GACTGATGTTATTCTC-0	1.2467046	0.05413919	0.014411645	0.016044987	0.0	0.0	0.0	0.0
GTGAGGACATCAACCA-0	1.0405649	0.046993107	0.0	0.014240125	0.04170216	0.018596271	0.022553574	0.0
GGGACCTCAGTCGCAC-0	1.1101465	0.044313233	0.0	0.0	0.0	0.032645464	0.03774751	0.020384334
TGCCGAGTCGGCTATA-0	0.89405364	0.0	0.024089038	0.0032103925	0.0	0.0	0.01655282	0.0
GATGGAGAGAGATTCA-0	0.97623616	0.0	0.0	0.0	0.0	0.010199101	0.020193294	0.001370755
AGGTTACAGTATGATG-0	1.1488978	0.0	0.0	0.0032368717	0.0	0.0	0.21772027	0.0
CCAAGCGTCCGTACGG-0	0.7261572	0.039535794	0.00088024535	0.008546457	0.0	0.0004436787	0.0	0.0
CTCCCAAGTAGACACG-0	0.68408	0.031928092	0.0093407715	0.051090963	0.097513296	0.005940166	0.06015592	0.012565686
TCATTCACAGCTGCCA-0	0.73207927	0.103479736	0.021640994	0.014416667	0.01698002	0.0031046278	0.01053459	0.0
CGGGTCACAACCTAAC-0	0.07597204	0.0	0.0	0.0	0.0	0.93987364	0.0	0.0
CCACGAGAGTGCCGAA-0	1.1941748	0.014608487	0.0	0.028613634	0.013496489	0.008363661	0.025616731	0.0
GGTAACTGTATGTCAC-0	0.67928475	0.049922343	0.04267112	0.0015537073	0.0	0.003544343	0.0	0.0
TTCTAGTCAGCACCCA-0	1.0240934	0.0019161223	0.03804621	0.0070372825	0.0	0.019592255	0.0	0.0
ACTTCGCGTCTTCGAA-0	0.31629437	0.4030613	0.049956333	0.0	0.0	0.0	0.05285093	0.0
CCTCAACAGTAGTCTC-0	1.0772125	0.0	0.0	0.0	0.036372308	0.0	0.02314761	0.0
GAGGCCTTCTTCCCGA-0	0.0	0.6841966	0.028596606	0.018624121	0.0	0.017153202	0.2832974	0.0
GCCCAGACACTGGACC-0	0.24883944	0.60216486	0.047185887	0.02619767	0.0	0.016733585	0.0	0.0
CTCCCTCTCTCAAAGC-0	0.12641041	0.98879176	0.012296942	0.019111412	0.0	0.0	0.0	0.0
GTTGCGGTCACGGACC-0	0.0	0.87600213	0.016089926	0.014310369	0.0042775995	0.013258322	0.0056753717	0.0
AGCCACGGTCGTTATG-0	0.93629676	0.0	0.0	0.009668121	0.0	0.0	0.69399464	0.0
TGCAGTAGTCACCGCA-0	0.86358196	0.0061053047	0.0052148546	0.011320404	0.011803432	0.00810571	0.0	0.0
CGGGTGTGTGAGATAT-0	0.934846	0.0391302	0.0	0.021232998	0.012980418	0.02727644	0.014412286	0.0
TCCGATCAGGTTACAA-0	0.0	0.0	0.0	0.0	0.0	1.0875657	0.0	0.0
CAATGACCAGAAGCTG-0	0.8882306	0.017198151	0.0	0.0039846655	0.0009192128	0.0	0.030181965	0.0
TTAATCCAGAAACTAC-0	0.9934483	0.005109559	0.0	0.0	0.020664858	0.0	0.038670044	0.0
TATCAGGTCCGACATA-0	1.108196	0.04935124	0.0	0.026820183	0.010601385	0.0	0.0	0.0
CAGTGCGGTCGAACAG-0	0.92575157	0.008679718	0.0216851	0.0	0.00055225036	0.008060555	0.0	0.0
CTCATTAAGCATCGAG-0	0.88233143	0.05831802	0.031868838	0.010357432	0.0	0.013216109	0.0	0.011260028
CTCATCGTCCTCTTTC-0	1.1760851	0.027386619	0.0072443006	0.028998943	0.020168826	0.014511612	0.0016008767	0.002681535
CAGTTCCGTATCTTCT-0	0.3037581	0.030410927	0.0	0.00406042	0.005222675	0.03173515	0.010148285	0.042638738
TCTACCGAGATGTAGT-0	0.10414981	0.00054798863	0.0	0.0	0.0	0.0063208365	0.004244437	0.039635297
TATTTCGGTTTCGTAG-0	0.17159368	0.0009466302	0.0	0.0	0.0	0.008823788	0.009291595	0.053747643
TCTTCCTTCAGAGTTC-0	1.2023697	0.050551776	0.0	0.0021886486	0.0063375165	0.018616468	0.016401622	0.0062415022
CAAAGAACAGCGACCT-0	1.2153057	0.0	0.0	0.0	0.0053122747	0.0017507066	0.0	0.0
CTGCTCACATGTTCAG-0	0.0	0.9879139	0.0	0.0	0.007230457	0.006514039	0.0	0.0
TCGTCCACACTTCTCG-0	0.11240709	0.0	0.37631202	0.052608725	0.550373	0.0	0.0	0.0
CATCCCAGTTCTCGTC-0	0.9774539	0.022182474	0.0253287	0.007360762	0.0027760721	0.0015980232	0.0	0.0
GAGATGGAGGTAGCAC-0	0.0042789285	0.0	0.0	0.010249174	0.0	1.1536856	0.0	0.0
ACAGGGATCCAAGCCG-0	0.21065128	0.8927519	0.023883475	0.00338294	0.0074107763	0.013089083	0.014655516	0.0
TACAACGCAGCGTACC-0	1.1490147	0.02952703	0.0106158145	0.0	0.027818147	0.0061305445	0.009701208	0.0021852101
TGATGGTAGTAGACCG-0	1.1047162	0.004881935	0.0	0.0	0.0	0.0025431472	0.0	0.0014323525
TCATACTAGAGTCTTC-0	0.79078925	0.014975822	0.04615648	0.0027808591	0.0	0.0	0.01464764	0.0
TTCGGTCAGTGAGTGC-0	1.1076571	0.021493971	0.019849474	0.0008261477	0.0023700176	0.0010500962	0.012733726	0.0
CATGCAATCGATTCCC-0	0.81342375	0.018560525	0.03802286	0.016421113	0.024355717	0.002170777	0.0	0.0
AGAACAACACAGCCAC-0	1.0980098	0.043765698	0.0	0.0	0.01895689	0.0055681053	0.001507139	0.0075859316
AACAAGAAGGTGGGTT-0	0.0	0.0	0.0057852697	1.0697824	0.010684832	0.002925166	0.0	0.0
GACCAATAGGTATCTC-0	0.63189375	0.0	0.0	0.0	0.0	0.0	0.84105897	0.0
TGGTACACACATGACT-0	1.5473611	0.021871485	0.0	0.0073816823	0.005709669	0.0	0.0	0.0017442541
TATCCTACAACACACT-0	0.096273795	0.008000662	0.008003923	2.0073687e-05	0.014169927	0.8338366	0.0	0.0
ATTCCCGAGAATCCCT-0	1.1128346	0.017609365	0.039679185	0.008143572	0.022209914	0.006508134	0.019795788	0.0
CAGATCAGTACGTGTT-0	0.15171367	0.13109261	0.16059655	0.0083013065	0.025124157	0.42951253	0.0	0.2618401
ATTTACCTCCACGTAA-0	1.1784161	0.0	0.0	0.0	0.0	0.002512193	0.02595686	0.0
AACTTCTCAGGACGAT-0	1.0002114	0.023268726	0.0	0.00019851536	0.028416734	0.0	0.025659494	0.0
CCACTTGTCCCGAGTG-0	0.09042441	0.8063706	0.028698629	0.016067334	0.040353682	0.0128548695	0.21985795	0.0
TGATTTCGTTTACACG-0	0.12862167	0.7847982	0.0403338	0.014976945	0.0	0.02356559	0.0	0.0
AGGATCTGTATTGACC-0	0.7963244	0.011419676	0.007851274	0.011538776	0.019325497	0.007139056	0.008320155	0.0015605023
ATGTCTTTCGTGCAGC-0	0.6626058	0.0132562285	0.029267358	0.003456405	0.0	0.010032026	0.0	0.0
GCCAGTGGTATCAGGG-0	0.09712088	0.9783028	0.023829965	0.026951062	0.0	0.00038466512	0.0	0.0
ATTCCTAGTCTTGAGT-0	0.90281653	0.011126692	0.012338882	0.0	0.0	0.0	0.0	0.026351407
GATGACTTCCTGCTAC-0	0.94897044	0.017314628	0.0	0.0	0.025063515	0.0098757865	0.038778752	0.0
CGCAGGTTCCTGTTGC-0	0.27732205	0.46360326	0.042434186	0.047880333	0.0006474823	0.023835631	0.09565519	0.0
GGCTGTGTCAGAACCT-0	1.2602775	0.0058036926	0.028010186	0.0127993	0.020093601	0.012718988	0.0	0.0
AATTCCTGTGTGAATA-0	0.07052731	0.98537177	0.024867197	0.009064949	0.0	0.006069318	0.0	0.0
TCATACTTCTCGTCAC-0	1.2016232	0.055479445	0.02217138	0.0074581057	0.0115918135	0.0	0.0065141227	0.0
GTCACGGAGCAGGCAT-0	1.1853145	0.035844505	0.0041793506	0.0	0.0	0.0	0.02450959	0.0
TGCATCCCACGTCTCT-0	1.2110438	0.033484593	0.0	0.0	0.0058288965	0.0035786992	0.00061710423	0.028596394
CCGGTAGAGATACATG-0	1.2659124	0.0	0.0	0.0	0.0	0.00061076833	0.020159278	0.0005516043
ACACGCGAGCACTAAA-0	0.043257024	0.0	0.0	0.0	0.0	1.1214865	0.0	0.0
ACAGGGATCTAGCCAA-0	0.0	0.08062582	0.0	0.02151202	0.0268168	1.0024108	0.0054176953	0.0
GTGTCCTGTTGCTCAA-0	0.9391955	0.040977426	0.004563512	0.0027174214	0.010358812	0.014588872	0.035228	0.0
CCGGACAGTTGCATCA-0	1.3801938	0.0036614763	0.0	0.0	0.009297148	0.0	0.028459463	0.0
TCGCTCAAGAACCGCA-0	1.2562999	0.0	0.0	0.020039525	0.0	0.0	0.0	0.0
TACATTCGTCTAGATC-0	0.042917293	0.0024812485	0.0	0.50652266	0.111472555	0.0	0.006878358	0.5981995
TATTTCGGTAGATTAG-0	1.0630764	0.049528826	0.0	0.0	0.0	0.0	0.0	0.0
TCAATTCAGCACTTTG-0	0.15613285	0.0	0.053936098	0.57218885	0.454534	0.0029217037	0.0	0.0
AGGCTGCCACAGAGAC-0	0.72849953	0.026323918	0.0	0.00040506793	0.004681788	0.0018233433	0.0	0.0021724217
GCTGCAGTCACTTGGA-0	0.87578267	0.055519648	0.03989953	0.0037625923	0.014101523	0.0046235654	0.04502755	0.0
ATTCCCGGTAATACCC-0	1.0903666	0.038494155	0.022209488	0.00095180544	0.0	0.0011680531	0.0	0.0
ATCCTATGTTCCTACC-0	0.015326821	0.011287018	0.0	0.9273987	0.11881107	0.028864946	0.013790866	0.0
CAAGGGACAATGCAAA-0	0.17951052	0.009319556	0.23265712	0.023861486	0.32537445	0.03066182	0.0	0.0
CCGTGAGAGAAGTATC-0	0.81728077	0.007470574	0.0	0.008996761	0.008214551	0.0	0.006638932	0.044822983
GCCAGTGCAAGTGATA-0	0.042784963	1.0689156	0.006401969	0.0	0.012949232	0.00903886	0.018087499	0.0
ATTCTACTCAAAGGAT-0	1.1879702	0.0	0.0	0.014039665	0.00770101	5.7287125e-05	0.0	0.00408419
TGGAGAGAGGAGGTTC-0	1.0727062	0.03940746	0.0	0.014949956	0.006824256	0.0	0.012786217	0.0
CAGTTAGTCGTCGGGT-0	1.0840683	0.03620694	0.04981652	0.0013824508	0.0	0.0	0.0016751552	0.0
GCATTAGCAGTAACGG-0	0.0	0.7720703	0.0069267475	0.0	0.024018029	0.0034527313	0.0	0.0
ACTTAGGGTATCACCA-0	0.779347	0.022185218	0.026569648	0.0057786363	0.0	0.0033363246	0.010885215	0.0
TAGGGTTCACAGTCAT-0	0.07393236	0.016526217	0.3895808	0.031169562	0.6167922	0.0	0.0	0.017400747
TGTCCCAGTTGAGGAC-0	1.0707623	0.020811515	0.0	0.017817954	0.010773127	0.0057518375	0.0	0.0
GGGACCTTCATCGCTC-0	0.0	0.89354396	0.008595076	0.0	0.012715238	0.0029697262	0.0	0.008011201
AGGTCATGTTAGCGGA-0	0.14116979	0.04500012	0.055046085	0.6337784	0.093611576	0.026877714	0.015827594	0.0
GTAGCTAAGGGTTTCT-0	1.0273194	0.07255036	0.018570887	0.015069633	0.0	0.0	0.0	0.0032496615
ATCACAGTCCTCACGT-0	1.0902176	0.03550625	0.0	0.0011892192	0.011151629	0.0	0.015830057	0.013465691
GTTTACTCAACTCGAT-0	0.8345735	0.0	0.0	0.0019097893	0.0042383834	0.00030209098	0.018551977	0.011068373
TGTGAGTGTGAATTAG-0	1.4382691	0.019689174	0.0	0.017778723	0.0	0.0	0.009184016	0.0
CACTGGGAGCGCGTTC-0	0.79277235	0.01762258	0.04126762	0.002892963	0.0	0.003261463	0.0	0.0
GATCCCTCAACCGACC-0	0.0820536	0.78672296	0.024895513	0.0076974076	0.0	0.0	0.0	0.0
ACTGATGCAACCGTAT-0	0.7727923	0.015072286	0.0	0.0	0.0040276865	0.007040786	0.0	0.0
ATGCGATAGCTGGCTC-0	1.1403834	0.0024226734	0.02810129	0.013810957	0.00952767	0.007303126	0.0	0.0
TTACTGTAGTAAACAC-0	0.013643796	0.0	0.028395938	0.0011885496	0.8401099	0.0	0.0	0.0
TCGGGCAAGGAGTCTG-0	0.746203	0.04266224	0.016270028	0.0072857575	0.01272867	0.014239363	0.0	0.0
CTGGCAGAGCGATGCA-0	0.95001817	0.01292248	0.04279637	0.013517711	0.0005962321	0.003678352	0.0	0.0
CCAATGACACTACCCT-0	1.3189967	0.015699634	0.04305591	0.0056158225	0.03311887	0.018608965	0.015985647	0.0
GATGTTGGTCGTCATA-0	0.0	1.0662905	0.0	0.0	0.046111412	0.01630043	0.066094	0.000222409
TTGCATTTCAGCCTCT-0	1.0940237	0.0354163	0.0	0.015589987	0.0058762445	0.0010549829	0.0062212455	0.006318794
GTATTGGTCCTCTGCA-0	1.3102365	0.053191613	0.0	0.002499813	0.012239058	0.027187807	0.0	0.0
TGAATCGTCTAACGCA-0	0.88045126	0.0	0.0	0.0	1.151223e-05	0.0036789763	0.0	0.0
CAAGACTCACCAGACC-0	1.2027594	0.025961576	0.0055940156	0.0	0.030677898	0.0	0.0	0.0
CACATGACACATACTG-0	0.0	0.0	0.11122596	0.0	1.1249331	0.0	0.0	0.0
TTTCGATAGGCCTTCG-0	0.86803424	0.042316273	0.013937712	0.0021219645	0.0052621216	0.000932126	0.008243707	0.0
AAAGAACAGTACTCGT-0	0.03659134	0.058561105	0.0	0.8442461	0.038618557	0.015172235	0.0110559985	0.0
GATGTTGTCGCTTACC-0	0.42395276	0.53113705	0.014550593	0.019941993	0.023604909	0.02594503	0.069047645	0.0
ACACTGATCAGCGTCG-0	0.0	0.9652367	0.0025768853	0.0042218133	0.011730914	0.01383233	0.005017912	0.0
AGTGCCGCAGAGATGC-0	0.74751496	0.1265282	0.07160717	0.0070146616	0.0	0.0	0.0	0.0
CTGATCCTCTGGGCAC-0	0.0	1.0834923	0.0	0.0	0.01795832	0.002939714	0.0	0.0
TAAGTCGCATTGTACG-0	0.85601306	0.044627815	0.0198712	0.0	0.0	0.0029160788	0.0	0.0
TCACATTTCACAAGGG-0	0.05388419	1.055782	0.0029654382	0.0066706818	0.004379791	0.0	0.024109542	0.0
AGTCATGGTGTGGTCC-0	1.278881	0.031601675	0.0	0.0	0.015729636	0.013394507	0.006729164	0.0
CTATAGGAGGGACTGT-0	1.1157031	0.019046763	0.0	0.0066551077	0.009718317	0.0055388133	0.00964377	0.0
GAGGCCTGTTGAGTCT-0	1.1601882	0.017789016	0.017077317	0.0	0.0	0.01496492	0.0	0.0
GACTATGCAAGTATAG-0	0.6830997	0.024527688	0.029391749	0.007030609	0.0	0.0002590173	0.0	0.0
ACTTCCGAGGAAACGA-0	0.783752	0.012105359	0.0065658386	0.0049372707	0.016020834	0.0	0.0	0.0
GAAGCCCGTGACCTGC-0	0.2892631	0.025922092	0.014972309	0.006882362	0.0	0.020518685	0.0	0.026852062
ACAACCACAATACCTG-0	1.1809977	0.0	0.0	0.003468313	0.0	0.0073767216	0.0	0.0
ATCCACCGTCCGTACG-0	0.9442828	0.01483595	0.015913758	0.0	0.0	0.0	0.03003671	0.0
AACCCAAGTCCCTCAT-0	1.138439	0.058101207	0.03179345	0.01668042	0.026800016	0.0035960344	0.016125353	0.0006451617
GCCAACGGTCCTTGTC-0	0.0	0.0	0.034175366	0.0	0.0	1.0713814	0.0	0.0
CCGATGGGTAGGAGTC-0	0.95899326	0.016087987	0.016778646	0.008852161	0.01270705	0.0017588191	0.0	0.0
CTCAAGAAGTATGGAT-0	1.2949994	0.016995903	0.0	0.0051843654	0.0	0.0106906025	0.039700713	0.0001368415
GAATAGACAGTTCTAG-0	1.2797294	0.012635985	0.0042738253	0.008850009	0.023067914	0.0	0.0	0.0
TCGATTTGTAAGATTG-0	1.005765	0.0	0.0	0.0	0.0	0.0	0.35936272	0.0
TCATCATAGACCAAAT-0	0.21086287	0.93508565	0.055376053	0.0047244714	0.0	0.019220613	0.0	0.00041804992
ACATCCCTCAGCGCGT-0	0.11588004	1.2453458	0.0	0.00029443478	0.039623044	0.014098978	0.0096981805	0.0
TGGATGTAGTTCCAGT-0	0.042575028	1.000104	0.0007779516	0.003699099	0.0053856187	0.011985858	0.0014574374	0.0
CGGAGAATCGGCATAT-0	0.0	0.9295285	0.06380599	0.0040179263	0.0	0.020612353	0.0	0.0
TAGGTTGAGTGGCGAT-0	1.0209785	0.054037355	0.015640795	0.0015316536	0.017986238	0.011263431	0.012142013	0.0
GTGCTGGTCATTGAGC-0	0.14892575	0.9581855	0.01949406	0.029840875	0.01039116	0.028313069	0.06117532	0.0
TTCCACGAGCACTGGA-0	1.0784237	0.05064198	0.025275588	0.009702346	0.017564734	0.0	0.0217284	0.0
GCAGCTGTCCCATTTA-0	0.07684453	0.0015049706	0.28301942	0.051145796	0.48008248	0.0	8.238542e-06	0.0
GCCCAGATCAAGAATG-0	0.0	0.0	0.62644	0.0	0.47751197	0.07157304	0.01310454	0.0
GCATTAGGTTCTTAGG-0	0.8807496	0.0064340723	0.015948104	0.0	0.004353428	0.0	0.027149783	0.0
GTCACTCAGGCCTGCT-0	0.0	0.0	0.0	0.0	0.0	1.148938	0.0	0.0
GATTCTTGTCTCAAGT-0	0.8335422	0.03635903	0.026641898	0.023193626	0.0	0.0018427119	0.014994893	0.007096073
CGGACACCACCTGATA-0	0.26369968	0.0127908	0.0	0.0	0.0	0.023305112	0.0033511682	0.037055973
ACCTGAATCGTAACTG-0	0.026948158	0.026124611	0.0	0.0	0.06654559	0.92715067	0.0	0.0
GTAGAAACATTGCTGA-0	0.0	1.0910892	0.0	0.0	0.0	0.0011486207	0.0	0.0
ACACAGTGTGGCGTAA-0	0.89429516	0.033107843	0.0	0.019434508	0.0	0.014093197	0.023764648	0.0
GGTGATTTCCACTGGG-0	0.956912	0.03909201	0.02639001	0.033323504	0.022534303	0.007953648	0.0038639128	0.0031835902
GTGGTTAAGTTTGTCG-0	0.021143604	0.061938617	0.0	0.01517344	0.009586551	1.0287086	0.0	0.0
GGCTTTCCACCAGTAT-0	0.4973588	0.22260176	0.053078603	0.011772227	0.00090227916	0.00497845	0.0013929005	0.00050181686
CAAGCTATCGCAGATT-0	0.93380773	0.0410393	0.0	0.0117615145	0.010260186	0.0015683367	0.0013114943	0.00909612
CCTTGTGGTCAAAGTA-0	0.9462413	0.034881193	0.0	0.0	0.0047528273	0.0068966607	0.0	0.031147782
CCGTGAGTCCGAACGC-0	0.0	0.9188865	7.3033305e-05	0.0	0.01753141	0.012759692	0.0	0.0
CACCGTTTCTCCCATG-0	1.2041438	0.042112548	0.04679428	0.0	0.013408509	0.012921383	0.031023856	0.0
CAACGATTCAGGAGAC-0	1.0242194	0.033346783	0.0	0.007146706	0.0	0.0	0.0	0.0
CCATAAGGTCTCGGAC-0	0.0	1.0123042	0.0	0.0	0.0	0.028461626	0.042723715	0.0
AGACAGGCACCCTGTT-0	0.0	0.037015207	0.025715519	0.7674316	0.00882681	0.09522572	0.012085831	0.0
ATTCACTTCAAGCCAT-0	0.1693109	0.008578267	0.28673732	0.02085548	0.30847755	0.004202628	0.0	0.0
CGGGTGTCAGCTTTCC-0	0.6519787	0.06291238	0.016414316	0.0014059144	0.0	0.0051418557	0.0	0.0
TCACACCGTGGGATTG-0	0.8608775	0.05894769	0.018456755	0.0026825764	0.0	0.0108003905	0.0	0.0
CATGGATAGTAAGACT-0	1.3012959	0.059958853	0.0	0.0064015696	0.0	0.0	0.0006704374	0.0
GGGACCTGTTCACCGG-0	1.1005428	0.017725822	0.0	0.009566885	0.0103742005	0.0	0.020101914	0.0
TGTAAGCTCCTCAGAA-0	0.0	1.0683384	0.0	0.0	0.00033760953	0.012592931	0.026311839	0.0
TCCTCTTAGTTCAACC-0	0.8671668	0.022904309	0.0	0.008514242	0.023106392	0.0041352585	0.0	0.0
CGGCAGTTCCGGCAGT-0	1.1932949	0.0042820107	0.0	0.00044799954	0.0	0.0019912885	0.015799638	0.0
AAAGGATTCTCCTGCA-0	0.13421316	0.7630337	0.031630278	0.005255516	0.0	0.004509688	0.0	0.0
TTACGTTTCATGGAGG-0	0.975574	0.0037246065	0.03951149	0.0	0.0045604077	0.00605616	0.0	0.0
CTCAACCAGCATCCTA-0	1.4611527	0.020093665	0.0	0.0	0.009523404	0.0	0.005073489	0.0
AGCGTATTCCCAGGAC-0	0.17742243	0.83646107	0.022439975	0.015333914	0.0	0.011412881	0.015792608	0.0
ACTTAGGGTTGGACTT-0	1.2129174	0.0	0.034559786	0.027515836	0.0026712536	0.0018374517	0.058327235	0.0
ACGTAGTCAGCAGTGA-0	0.33021346	0.5760722	0.037117366	0.04937736	0.008013369	0.0076119397	0.2390254	0.0
CTGTAGAGTGATTAGA-0	0.80380255	0.049927626	0.03359701	0.0022688971	0.0	0.0	0.004794329	0.0
TTTGGTTGTAGGTAGC-0	0.93565595	0.020178169	0.0	0.008134101	0.003258095	0.009685229	0.0	0.00031917056
ATGTCTTGTCCGACGT-0	1.4809732	0.010888689	0.0	0.03516985	0.01739975	0.012239642	0.0770549	0.0
GTACAACGTCGCCTAG-0	1.1359361	0.044713486	0.0	0.0	0.04156431	0.011072616	0.030416692	0.0
TGTCCACAGCCAAGTG-0	0.04559999	0.0	0.16733031	0.005991141	0.54239726	0.19344182	0.0	0.0
AGGGAGTTCTAGCAAC-0	1.1488179	0.008195579	0.0	0.034967616	0.02788005	0.010489295	0.08903523	0.0
ATCGTCCTCTACAGGT-0	0.0680129	0.0	0.0	0.0	0.0	0.0048435978	0.0049141664	0.042566117
TGTAAGCAGTGTTCCA-0	0.9805817	0.06251243	0.0	0.0	0.013072747	0.0	0.009055206	0.0
CCAAGCGGTGTACAGG-0	0.0	0.97146094	0.013946927	0.0	0.0064566117	0.0	0.0	0.0
AATGACCGTATCATGC-0	0.0	0.0632907	0.0	0.0	0.0072702207	1.137563	0.0	0.0
CCTGTTGTCTGTTGGA-0	1.1822753	0.011821	0.0076996894	0.015720867	0.023401754	0.0037547224	0.015369412	0.0
ACGTACAAGGTAGCAC-0	0.8395956	0.04603857	0.0	0.021006845	0.012989564	0.0	0.0006106034	0.015570848
CGTCCATCAGTTTCGA-0	0.91756666	0.005101012	0.029981844	0.010419596	0.024091912	0.0	0.0043651373	0.0
CTATCCGGTGACATCT-0	0.95303684	0.070274286	0.045044884	0.0114035625	0.007029121	0.00027696267	0.0016554871	0.0
TCAAGTGCAATGTTGC-0	0.0	0.0	0.05259947	0.0	0.0	1.0347227	0.0006692775	0.0
GGTGTTAAGAAGCTCG-0	1.146419	0.04230103	0.016699841	0.02649805	0.014612113	0.009953538	0.03471687	0.0
CGCATGGTCATGGATC-0	0.05329158	0.0	0.0	0.9284936	0.0	0.038859047	0.006451336	0.01021166
AGAGCCCCAACAGCCC-0	0.06209012	0.0008325037	0.6646748	0.033454422	0.0	0.15043595	0.0073044617	0.004056434
ATGGTTGAGAGATTCA-0	0.8755251	0.034683283	0.0	0.0032633936	0.012812342	0.0015917885	0.044806164	0.0
CCGGTAGAGTGAATAC-0	1.3867147	0.0	0.0	0.0	0.02095882	0.0	0.0	0.0
TCCTGCACACACGGTC-0	0.0	0.72253203	0.0	0.006090181	0.0	0.0	0.4196754	0.0
AACCAACCAGGTGACA-0	0.0664125	0.9957402	0.011811554	0.017088115	0.00948305	0.030972516	0.023359234	0.0
TCCCAGTTCGATACAC-0	0.0	0.0	0.023088714	0.0	0.14548345	0.7821179	0.00581165	0.0
GTGAGTTAGAATCGCG-0	0.7972	0.0049786516	0.031533655	0.001374701	0.010528143	0.0011255976	0.0	0.0
TTTACCAAGATTGACA-0	1.3808904	0.041108053	0.0	0.032902475	0.0006619465	0.011217597	0.0	0.0
TTGTTCACAGCAGAAC-0	1.5780866	0.0	0.0	0.0	0.0017747459	0.00020423562	0.00047180787	0.0
AGGTGTTAGATAGTGT-0	1.3649113	0.013159276	0.0	0.008239466	0.0	0.013249637	0.029723685	0.0
GGGTTATGTCTCCTGT-0	1.290548	0.017576648	0.001973069	0.0	0.025522973	0.0	0.0	0.0
CTTCCGACAAGACGGT-0	0.95401937	0.0	0.0034768516	0.0	0.017257173	0.011661044	0.0	0.0
GTACAACAGCAGATAT-0	1.2357475	0.0048068874	0.026552891	0.004438292	0.012572752	0.017275663	0.0	0.0
GTCAGCGAGTCACACT-0	0.9698254	0.06570294	0.014756319	0.013062794	0.016879998	0.044684082	0.014512741	0.0
TTGTGGACATTGCTGA-0	0.14515665	0.0051973313	0.082930796	0.003054507	0.615116	0.005164815	0.0	0.0053397752
TCAGTCCCATACTGTG-0	1.1358916	0.0	0.0	0.0	0.0056324513	0.0	0.01301034	0.0
AGACAAAAGAAGTGTT-0	0.7622079	0.037637737	0.0673814	0.0	0.0	0.00090658007	0.0	0.0
CCACACTGTTACCTGA-0	1.0817823	0.0	0.00845071	0.001629418	0.022442838	0.0	0.03547029	0.0
ATCGTGATCAGTAGGG-0	1.3266935	0.0	0.0	0.016135935	0.03753959	0.012095007	0.006957637	0.0
ACCCTTGGTCACCACG-0	0.055460382	1.0433613	0.05816159	0.0106658805	0.0	0.0043532196	0.0	0.0
TCGTCCAGTCGACGCT-0	0.23939835	0.016914742	0.21796556	0.037328277	0.3612656	0.059423544	0.0	0.0
GTGAGCCCACGAAGAC-0	1.2938336	0.0	0.0084085725	0.001794806	0.0	0.00199396	0.0	0.0036754608
TCGGTCTCAAGACCGA-0	0.713128	0.29456884	0.02043992	0.053955685	0.044721603	0.007969529	0.048462402	0.0
CCAAGCGAGGTCACAG-0	1.0489357	0.018072154	0.0	0.0	0.0	0.00065942004	0.0	0.0
TTAATCCCAGAGACTG-0	0.9055334	0.0	0.0	0.0050664926	0.012573798	0.0	0.023791473	0.0
GTGGCGTGTAACACCT-0	1.062355	0.005213328	0.031799804	0.012260299	0.007726651	0.008086724	0.032913722	0.0
ACTCCCACATCATCCC-0	0.117006026	0.07890331	0.03851425	0.5981126	0.014111197	0.049885705	0.0	0.03843844
TTCACGCAGGTGGGTT-0	0.9056496	0.035051934	0.00038938285	0.01108063	0.028708208	0.011061129	0.0	0.0
TTTGATCTCCATTGCC-0	1.1353475	0.0	0.0	0.0	0.026707584	0.00075364107	0.015434335	0.0
CCCATTGGTCATCCGG-0	1.1181148	0.057489205	0.0	0.0	0.008011687	0.003841328	0.0	0.0
TTCAGGAAGATCCGAG-0	0.69669765	0.056767505	0.033951193	0.0059408033	0.0019577865	0.011327023	0.0	0.0
TGGTAGTTCAAACTGC-0	0.093549274	0.0052761105	0.0	0.00974401	0.11228781	0.81988716	0.0	0.0
CTGCAGGGTACTTGTG-0	1.0806215	0.00836979	0.011607866	0.003422182	0.011099467	0.013325833	0.0	0.0
CCTGTTGCAAATAGCA-0	0.8665461	0.046220656	0.0	0.0	0.0030570691	0.0071685156	0.00065299607	0.0
GAACACTCACCCTTAC-0	0.7315372	0.004987628	0.044125844	0.0030382546	0.0010975427	0.005291119	0.0	0.0
ACTATTCGTTGCATGT-0	0.10034115	0.97664905	0.0	0.0067659607	0.00023737189	0.0	0.026202993	0.0
TTCTCTCGTATAGCTC-0	1.0862308	0.018495997	0.006743843	0.033487532	0.020424122	0.01645955	0.023074461	0.0
TAATCTCTCAAACCCA-0	0.8876822	0.01498081	0.0034393845	0.026764585	0.01832737	0.002870719	0.05230198	0.0
GGATCTATCCTAACAG-0	0.25963774	0.041474625	0.011802757	0.0	0.0	0.010524155	0.0005357691	0.029982015
GAACACTGTGCCTTTC-0	0.0	1.0937656	0.0	0.0	0.0	0.0	0.0	0.0
CCTATCGCAGAGTGTG-0	1.1064459	0.002554268	0.0	0.0014431106	0.006676762	0.0	0.0	0.00400142
TTGGATGTCTTCGACC-0	0.77413636	0.084249645	0.010065748	0.015132129	0.01957721	0.079217225	0.0	0.0
CGAGGAAGTATTCCTT-0	1.0635368	0.013457832	0.00076738535	0.007052119	0.0	0.006416207	0.0	0.0
GATAGCTCACAAGTTC-0	1.1396714	0.0	0.0	0.0	0.0	0.01584932	0.24652617	0.0
TAACACGAGTACCGGA-0	0.88223845	0.061664086	0.04029979	0.015635027	0.012006535	0.017694099	0.0	0.0
TGATGCAAGCACACAG-0	0.6834287	0.0	0.0	0.0	0.0	0.0	0.67936516	0.0
ATCCTATCAACGTATC-0	0.0	1.0766516	0.0	0.0	0.013025984	0.0021257836	0.042790912	0.0
TTCACGCGTGTTCATG-0	0.89499015	0.0	0.020237599	0.004934403	0.0	0.0005886597	0.0	0.0
TGTTCCGTCCAAACCA-0	0.28999898	0.85935354	0.0	0.011239857	0.020527737	0.021197312	0.015138057	0.0
TAGCACACAGCGGTTC-0	1.1259413	0.024457486	0.012450154	0.004975152	0.01761682	0.0	0.0	0.0
GAAACCTTCTCGTGGG-0	1.1061326	0.0	0.0	0.005164571	0.0073765633	0.02657877	0.016380811	0.0
TGATCAGCAAGTTCCA-0	0.5875196	0.12532072	0.017688626	0.01310235	0.004520257	0.0	0.0	0.0
ACGTCCTGTAATCAGA-0	0.8415296	0.09218736	0.038391497	0.008398764	0.0	0.0	0.0	0.0
GGTAGAGAGTCATGCT-0	1.0037016	0.042485766	0.012556672	0.0020900758	0.008301487	0.0098993275	0.0	0.0
AGTCACACACTGTGAT-0	0.8865697	0.12891793	0.06608747	0.020484688	0.0	0.010046234	0.013740709	0.0
GGCTTTCTCGTGCACG-0	1.0229875	0.029590039	0.014094593	0.0071449974	0.0	0.008894277	0.0004901791	0.0
ACTGCAATCCATGATG-0	0.9632906	0.02483431	0.0	0.020234453	0.0	0.0036186618	0.004786647	0.00554105
TTGTGGAGTTCAGGTT-0	0.0	1.2396034	0.0044639506	0.0	0.0	0.0	0.0	0.014013524
CGTTAGATCTAGACAC-0	1.0218977	0.006304885	0.0	0.009656045	0.03789767	0.00041090744	0.0	0.0
ACGGTTAAGTGCTACT-0	0.040006794	0.9539989	0.04344666	0.009619022	0.025631946	0.010164411	0.0	0.0093019
TCAGGTAAGGTGGCTA-0	0.054084368	1.0102515	0.014811917	0.0	0.0	0.0	0.0	0.0
GTCCACTGTGCTCTTC-0	0.6502959	0.044659067	0.02600008	0.0041947896	0.0	0.005641845	0.011689534	0.0
CTATCCGGTGTGGACA-0	1.0580387	0.021618493	0.0	0.0	0.0	0.0055930344	0.01918182	0.0
CTGCAGGGTGTTATCG-0	1.3181279	0.07878199	0.0	0.01159246	0.016673764	0.007609337	0.041218165	0.0
AACGTCATCTTTGATC-0	0.08242684	1.0221906	0.03347157	0.0	0.011438696	0.013766074	0.0	0.0
GTTGTAGGTCGCATGC-0	0.0	1.124728	0.012422099	0.00075732876	0.0	0.007577984	0.0	0.0
GGAGGTACAAATCCCA-0	0.99565995	0.05570457	0.0	0.0073991963	0.036089044	0.0	0.007769941	0.0
TCCTAATGTGTGTGTT-0	1.0777205	0.065029286	0.0	0.0	0.012410542	0.0	0.0	0.00028706825
AGTTCGATCGACCAAT-0	1.3115457	0.0805678	0.0	0.0008262254	0.026352556	0.0	0.07398311	0.0
AGTGACTTCTCTTGCG-0	0.036967974	0.0	0.59610814	0.012859672	0.28191978	0.06530067	0.0017095606	0.0
GTGTGGCGTCTTGCTC-0	1.0867766	0.096578196	0.026849186	0.025430156	0.0	0.006245657	0.0	0.0
CACAACACAACGTATC-0	0.99804646	0.009604824	0.026595548	0.011438981	0.0	0.0	0.0	0.0
CTTCTCTAGAGTAACT-0	0.89979315	0.034285348	0.0	0.035811037	0.017597068	0.0	0.0	0.0
AGTGCCGTCAGCCTCT-0	0.0	0.0	0.0	0.0	0.2835243	0.91429645	0.0	0.0
TCTCTGGCATAGTCGT-0	0.06659811	0.021155499	0.9541168	0.04984025	0.0	0.050283365	0.0	0.00078023586
CCGCAAGAGAAGGCTC-0	0.25040534	0.8141171	0.0012918699	0.01280943	0.0	0.0003341798	0.0122155	0.0
GGTCACGTCCACAGGC-0	1.1586478	0.017872803	0.0	0.0	0.0	0.0	0.023538616	0.0
TTAATCCTCTCTCAAT-0	0.89987653	0.094016574	0.020120343	0.03092056	0.0	0.0	0.0	0.0
ATCTCTACACATCCCT-0	0.25435293	0.5265729	0.038431525	0.0	0.0	0.0010579568	0.0	0.0
TTTCACATCACTTGTT-0	0.0	0.9421566	0.021111693	0.0	0.0	0.009093844	0.0	0.0
GAAGGACCAAACACCT-0	1.004855	0.046235114	0.0	0.026255466	0.02701099	0.0012867573	0.026529778	2.0830063e-05
ATATCCTAGACCTTTG-0	0.22054334	0.00029661926	0.5862678	0.031973906	0.22360732	0.07220705	0.0	0.0
TCAGTGACATACGCAT-0	1.2407985	0.0	0.0081025725	0.0	0.0	0.011649661	0.0062972885	0.006134004
TTGACCCAGGTAAGTT-0	1.3499515	0.0010560062	0.018672217	0.0	0.0	0.0023546543	0.0	0.0
CACGAATCAGGTCCGT-0	0.0	1.0679958	0.014351022	0.0064660134	0.0	0.0048565404	0.0	0.0
TCACGCTAGCTGACTT-0	0.9441069	0.011096253	0.018373571	0.0	0.000794035	0.0013822472	0.0	0.0
GTCATTTAGAGCAACC-0	0.98632574	0.025050892	0.011997646	0.0022283809	0.0	0.0	0.0	0.0
CTGCCTAAGACTGTTC-0	0.0	0.0	0.0	0.0	0.0	0.0	1.4036685	0.0
CTACGGGCAGAGTAAT-0	1.1787523	0.013206858	0.0	0.006706778	0.00039903872	0.003925907	0.0041310596	0.0
TGTTCCGAGACCTGGA-0	0.15610076	0.057676267	0.05295678	0.66380584	0.00035330933	0.041941166	0.0	0.0
TGAGGTTTCCCATGGG-0	0.05958223	1.0124277	0.022403063	0.0	0.0	0.012050522	0.0	0.0
ACCCTCATCGTTCTCG-0	0.93953526	0.0014587136	0.014109382	0.0	0.029453501	0.0003788421	0.0	0.0
CATCCACCATCGCTGG-0	0.7286879	0.015559907	0.0093764085	0.019894464	0.0076976004	3.1125343e-05	0.0	0.0028078542
GCAACATAGCGTATAA-0	1.015082	0.0	0.0	0.01980732	0.05115605	0.0064486656	0.60829616	0.008843791
CAGCCAGAGAGAGAAC-0	0.0	0.0	0.0	1.4899703	0.06819671	0.0	0.0	0.0
GAGAGGTCATGGCTGC-0	1.0479615	0.03742248	0.0	0.008226769	0.0051375204	0.00049393176	0.011587935	0.0
TCTAACTCAGAGACTG-0	0.9151315	0.03673563	0.0	0.0	0.0	0.01424996	0.012103751	0.0
TGTCCCAGTATGTCCA-0	0.018441455	0.89603347	0.02898883	2.2227652e-05	0.00023515293	0.0057135927	0.0	0.004135031
ATCCATTTCATGAGTC-0	1.1770575	0.028789472	0.014407227	0.010956332	0.018455373	0.0	0.0	0.0
GAAGCGACATGTGACT-0	0.10583236	0.62719333	0.04598293	0.035961665	0.0	0.036460713	0.004943141	0.0
GGTAACTCATTATGCG-0	0.0	1.1228511	0.021390352	0.0	0.0	0.0046464596	0.0	0.0
GAAGCCCGTGGTCTCG-0	0.18335408	0.03794859	0.14989607	0.018994201	0.0	0.6628018	0.0	0.0
TATCGCCTCCCGGTAG-0	0.0	0.0	0.023254776	0.006029974	0.0	1.1489211	0.0	0.0
TTCATGTTCTGCATAG-0	0.1394287	0.0	0.0	0.50416917	0.0	0.03547184	0.0	0.09050642
CTCACTGTCCGTTGGG-0	0.10416095	0.018093398	0.39659533	0.04902953	0.5665461	0.0	0.0031587067	0.0
ACTGCAAAGCCAACCC-0	0.10072474	0.021068305	0.41616237	0.028265953	0.44056424	0.025148274	0.0	0.036741264
GGTGATTTCTAGAACC-0	1.1550589	0.00882402	0.0	0.027749162	0.034942657	0.008382784	0.022800727	0.0
ACGTACATCAACACGT-0	0.49006024	0.36266252	0.03893486	0.025371408	0.014671911	0.004601141	0.026553506	0.00092270295
ACTACGAAGTAATTGG-0	0.1472751	0.02003141	0.3287809	0.038700778	0.4721368	0.071729474	0.0	0.0021900134
CAATACGCATCCGCGA-0	1.1323576	0.025874652	0.0	0.009522249	0.012488708	0.002392834	0.0	0.0
GTGATGTTCTATTTCG-0	0.8924982	0.041095633	0.0079694865	0.015768338	0.0025592758	0.0	0.0081032915	0.0
GTAGGTTCAAAGTGTA-0	0.04074478	0.0032250537	0.25295132	0.015403522	0.0484161	0.7461672	0.00517096	0.0
ACCGTTCGTGTTGACT-0	0.0	0.6376237	0.01110794	0.0049469937	0.0	0.00939261	0.32061487	0.0
TAAGCGTTCTCCGAGG-0	0.07465807	0.0	0.291018	0.0009319232	0.54245347	0.0	0.020066746	0.0
TGATTTCAGTTACTCG-0	0.11617187	0.03056571	0.0	0.0	0.0	0.9609042	0.0	0.0
GTTCGCTAGGCAGGTT-0	0.0	1.1623197	0.024512768	0.0	0.025274154	0.018382654	0.0	0.00422724
GAGCTGCGTGAACCGA-0	0.9949556	0.0	0.0	0.0	0.0035485572	0.006049225	0.032425888	0.0
GTATTTCCATTGCCTC-0	0.9140337	0.037755605	0.0	0.0035210114	0.0	0.0018571604	0.0	0.0
TGAGCGCGTGCCTATA-0	1.0436033	0.06452098	0.014757377	0.015958132	0.007827523	0.008340023	0.045460265	0.0065429104
GTTGCGGGTACATTGC-0	0.062611565	0.0	0.065870665	0.0	0.0	1.0203522	0.0	0.0
TACCTGCAGCGTCTGC-0	1.1951729	0.052283123	0.015606699	0.0055080866	0.013898903	0.0	0.0	0.0
CTAACCCAGATTCGAA-0	0.93055975	0.017734725	0.012405104	0.014863379	0.00078446907	0.00081635674	0.007966538	0.0
GGGACCTAGCAGTAAT-0	0.0	0.8997223	0.002376536	0.0	0.0	0.00462223	0.0	0.0
ACTTATCTCAAGTTGC-0	0.0	0.0	0.6739476	0.0	0.4288944	0.20292859	0.0	0.0
TACAACGCACATAACC-0	0.045105476	0.942069	0.0153541565	0.0068857362	0.009901184	0.012893219	0.0	0.0
TCAGCAAGTCTTCTAT-0	1.1756572	0.051865004	0.019888338	0.0	0.0009290648	0.010933513	0.0	0.0035245284
AGAGCAGTCGGTTGTA-0	0.95809716	0.033399805	0.0	0.01232882	0.010485228	0.0137960585	0.0066951527	0.0
CAACGATCATGGCACC-0	0.21073696	0.016327439	0.018693617	0.018696012	0.0	0.81724524	0.0	0.0
ATGGGTTCAGAGTCTT-0	0.99127984	0.027567372	0.014793215	6.172277e-05	0.0	0.0	0.020448705	0.0
ATGAGGGCAGAATTCC-0	1.2832805	0.027043644	0.0	0.0	0.012629379	0.0009312134	0.0043774866	0.0
GGAATCTTCGATCCAA-0	0.16880763	0.70051557	0.039174628	0.004282291	0.0	0.0	0.0	0.0
AAACCCATCTTAGCTT-0	0.05557928	1.0386271	0.012015153	0.01392957	0.0028373776	0.005644924	0.0	0.0
CATCCGTTCGACCAAT-0	0.8328354	0.12540503	0.014046584	0.028393028	0.0050181267	0.010296813	0.0	0.0
ATGAGTCCAAGCTCTA-0	1.2697551	0.0	0.0	0.0	0.025468057	0.0087318625	0.16804338	0.0
TCATCCGCACAATGAA-0	0.0	0.0	0.76746583	0.0	0.28238598	0.06056219	0.022575382	0.0
CCGGTAGCACTTGGGC-0	1.0019276	0.041411098	0.00667794	0.0039034318	0.0	0.015154541	0.0	0.0
TTGGATGTCACGATAC-0	0.9631104	0.029680438	0.007436707	0.0	0.0	0.005489068	0.0	0.0030687542
GAGGGTAAGTCTGCAT-0	0.29442704	0.058563355	0.091152236	0.01098356	0.03892484	0.4956259	0.0	0.0
TTAATCCTCACTGCTC-0	1.0084919	0.015284191	0.033813257	0.0	0.0	0.0	0.0	0.0
TGTTTGTCAATTAGGA-0	0.98226184	0.0	0.0	0.024876509	0.002703717	0.0	0.047718532	0.0
ATTCTACAGCTTAGTC-0	0.11834682	0.7850575	0.025941892	0.017889274	0.0046034018	0.012531947	0.019553896	0.0025602488
GTTCGCTAGTAACAGT-0	0.14071721	0.7980911	0.019649705	0.009421825	0.0034762786	0.015512922	0.0	0.0
GCTTGGGTCGAACCTA-0	0.0	0.94974196	0.0	0.0070481687	0.0120892795	0.018222768	0.0	0.0
TCACAAGAGACGCTCC-0	1.1655838	0.014555743	0.0	0.017668556	0.0	0.0023285823	0.004148104	0.0
GTTGCTCGTAGCACAG-0	0.12689638	0.014320255	0.66365486	0.017521365	0.105583146	0.060115013	0.0	0.0
TGGAGAGCATTAAAGG-0	1.1271006	0.06460591	0.0	0.004226482	0.016587313	0.01601962	0.009717208	0.0091205165
AGCGCTGGTGTGGTCC-0	0.8354039	0.15457478	0.012073935	0.03780077	0.007946874	0.0026777978	0.004181247	0.0
GTGTCCTGTTAGGCCC-0	0.8033768	0.0	0.0020098104	0.004356842	0.0	0.0	0.0	0.0
TTGGGATCAGCCTTCT-0	0.009851316	0.90725946	0.01363655	0.0037886384	0.0012289109	0.011402283	0.0	0.0
TCATGTTTCTTACGTT-0	0.10588434	0.0034109326	0.47115743	0.034864187	0.22481705	0.050193682	0.0	0.0
CAGATCATCAAGGACG-0	0.95002586	0.02371187	0.0	0.0	0.016882015	0.0	0.013245599	0.0024729636
TCATCATGTCGATTCA-0	0.30170462	0.04212376	0.0081813065	0.005128469	0.0	0.012780481	0.008446878	0.03374196
TTGCGTCCACGAGGAT-0	0.7248869	0.01837916	0.003447443	0.011454397	0.0052654776	0.005262667	0.0	0.0
TGTGTGATCGCCTTTG-0	0.0	1.1455449	0.008776141	0.0	0.0	0.0	0.0	0.0
GCTTCACTCTTAATCC-0	0.016153969	0.025617538	0.0	0.7170668	0.029323515	0.022095874	0.0	0.0
GAGACTTGTAACCCTA-0	0.121615216	0.055092484	0.16618975	0.0	0.07267316	0.48877865	0.0	0.2968443
AGGAGGTGTAACCAGG-0	1.4131399	0.010889129	0.0	0.011942227	0.017767234	0.039135978	0.031087667	0.0072205164
TGGGCGTTCCGCCTAT-0	0.8881164	0.00081164483	0.006106549	0.0041307057	0.0	0.0006521198	0.0	0.0
AATAGAGAGACAAGCC-0	1.0331947	0.0	0.00068084506	0.00700416	0.02279762	0.0	0.047309145	0.0
TGACCCTCATCGGAGA-0	0.14788365	0.83113503	0.0484833	0.018464733	0.0	0.0	0.0	0.0
GGGATGATCATGGGAG-0	1.294546	0.002705768	0.0	0.0	0.025567053	0.0	0.0017008028	0.0
AAGTTCGCACCGCTAG-0	0.69193286	0.03689021	0.045443337	0.012621786	0.0	0.0	0.0	0.0
ACTTCGCAGAAGCGGG-0	0.9197926	0.06310818	0.029301634	0.018654255	0.0	6.744615e-05	0.0025769284	0.0
CTCCCAACACAAGTTC-0	0.18051806	0.01958859	0.011623007	0.027866514	0.16291459	0.692494	0.0	0.0
CTGCATCTCGTACCTC-0	1.2786993	0.015563104	0.023163408	0.009527671	0.0	0.013971491	0.0	0.0
AGTTAGCGTCAGTTTG-0	0.08770912	0.014297117	0.013808059	0.5333448	0.0062947776	0.0154274255	0.0	0.011400353
GGTGTTATCTCTGCTG-0	1.0505632	0.061104003	0.015395804	0.012722799	0.0007557825	0.0046093073	0.0	0.0
CCATAAGAGTAGAATC-0	1.25071	0.0075542564	0.0	0.03127758	0.020946672	0.007631784	0.027739512	0.0
TTGGTTTGTTGTATGC-0	0.0	0.9115739	0.0	0.016641278	0.0	0.004957957	0.022057405	0.01271439
TCGACGGGTTCGAACT-0	0.0	0.0	0.0	1.0530926	0.13436827	0.05804796	0.0	0.0
ACTACGAGTAGTGCGA-0	0.82249105	0.04291866	0.0021411937	0.00257765	0.0051040133	0.0	0.0006712343	0.0
TTCCAATAGATGCTGG-0	1.1749266	0.0	0.0	0.0070755747	0.049034204	0.02055224	0.05851923	0.0
GCCAACGCAGTAGAAT-0	0.90040356	0.05973126	0.012531828	0.009678288	0.009942607	0.015510326	0.0045823893	0.0
CTGTATTTCCCGAGTG-0	0.66779226	0.2719568	0.017049465	0.02039659	0.02058608	0.011048471	0.022706004	0.014255363
CATGGTATCTTGTTAC-0	1.0185351	0.013939398	0.0	0.01613309	0.013281268	0.0	0.0014478081	0.0
CAGATCACATCATCTT-0	0.16443948	0.038823675	0.641231	0.031583637	0.0329425	0.032101363	0.0	0.0
ATTCCATTCCGTGTGG-0	0.0	0.9304574	0.0	0.0	0.005515712	0.0	0.0	0.0
TGGGTTACACGAAAGC-0	0.0	0.0	0.0	0.8210918	0.0066133128	0.019261679	0.013004773	0.040331203
TTGGGTACACGAAAGC-0	0.062926464	0.007396046	0.7229271	0.029793553	0.07459167	0.0	0.0	0.0
TCCACGTAGACAACAT-0	0.040373508	1.1550717	0.029976344	0.018400744	0.0	0.029581312	0.0032249163	0.0
ATGCATGTCGCTGACG-0	0.14526154	0.0069411034	0.008942164	0.03201141	0.0707118	0.84462667	0.0	0.0
ATTCCATTCAATCCGA-0	0.7330656	0.0	0.023333859	0.010260814	0.0	0.0027102465	0.0	0.0
CTGAGCGAGCGAGGAG-0	0.16741504	0.047999136	0.11680017	0.015867446	0.0	0.9776467	0.0	0.0
TGTGCGGTCGCATTAG-0	0.96277624	0.033455115	0.0	0.010668202	0.048713427	0.0	0.017482055	0.002856932
AGCGTCGCATTGAGGG-0	0.9262923	0.021839852	0.0	0.0	0.0	0.0	0.0	0.0
CTTCGGTAGGATGAGA-0	0.0	1.1533594	0.0	0.0	0.0	0.0	0.0	0.0
AGAGCCCCACACACGC-0	0.9145212	0.028941024	0.0	0.0	0.0	0.0	0.0	0.023967732
CTGTCGTGTGCCTAAT-0	0.042500887	1.0135624	0.0042996695	0.006313244	0.013687397	0.013003263	0.0	0.0005280808
GTGATGTAGCATAGGC-0	0.82541627	0.04774188	0.07613723	0.0	0.0	0.0	0.0	0.0
TTTCACATCTCAATCT-0	0.043000314	0.8418461	0.012491479	0.0020805662	0.0	0.0	0.0	0.0
CAGATACGTGGCTCTG-0	0.01727307	0.97697145	0.029337795	0.0	0.0	0.013309949	0.0	0.0
CTTCCGATCATCTGTT-0	0.0	0.99562067	0.0	0.0	0.0	0.0	0.0	0.0
GGGAGATTCTGGACTA-0	0.96245486	0.085888885	0.0	0.0064434004	0.0066288766	0.03298479	0.07162941	0.0
AAAGTCCAGTCTTGGT-0	1.2301195	0.0	0.0	0.0	0.0009544925	0.00645373	0.0	0.0
GACCCTTAGCGCTGCT-0	0.1926846	0.032337938	0.44330058	0.02337028	0.29758418	0.04086182	0.0	0.0
AGCTCAATCGCACTCT-0	0.7263718	0.13376674	0.044258174	0.025721857	0.010260413	0.008444756	0.0060068783	0.0
TCGAACAAGTAGCAAT-0	1.035978	0.017939372	0.0	0.0	0.00076441973	0.0	0.019438429	0.005534521
TGGTTAGTCTTACGTT-0	1.0900905	0.0	0.018202877	0.0	0.0021363525	0.0	0.0	0.0
CAGCCAGAGGCCCGTT-0	0.0	0.98822683	0.0052347863	0.0	0.018618809	0.013376658	0.015929319	0.0
AAGCCATGTCAATCTG-0	0.0028804701	0.0	0.0	0.0	0.0	1.2158574	0.0	0.0
TCCGATCTCCGTATGA-0	0.0	1.265354	0.0056643086	0.0	0.0	0.0	0.0	0.0
TCTTGCGAGAGGCGGA-0	0.9648494	0.0404587	0.0068837865	0.009813762	0.023956686	0.0094747795	0.009506396	0.0
ATACTTCGTCGCGTTG-0	0.93214214	0.0	0.0045185704	0.0	0.022219028	0.008969827	0.045118984	0.0
GTCATGACACTAGAGG-0	1.1086508	0.033733904	0.0	0.008861876	0.0	0.0	0.004714149	0.0
GAAGGGTCACGATAGG-0	1.1670742	0.013853861	0.0	0.012342318	0.00083754916	0.0	0.0023087738	0.0
GGTCACGTCGTCTACC-0	0.73381996	0.026285827	0.044767145	0.0	0.0	0.0037485764	0.0	0.0
TGGAACTCAGGAACCA-0	0.8757244	0.051689792	0.015932793	0.0	0.0064556696	0.011935336	0.0	0.0
TGCGGGTGTGGGCTTC-0	0.0	0.0	0.05554504	0.0	0.0	1.0625412	0.0	0.0
AGCTACAAGGAAAGAC-0	0.16667901	0.015227303	0.21531498	0.020598516	0.46463054	0.14894786	0.0	0.017787727
CATGCCTCACTTCATT-0	0.066811666	1.0553135	0.031727947	0.005548408	0.0	0.0	0.0	0.0
CTCCTCCCACACGTGC-0	0.1457561	0.016041284	0.07048446	0.025125284	0.058657397	0.83590984	0.0	0.0
ATCACGATCAATGTCG-0	0.9507775	0.015338295	0.0	0.025760693	0.0036550856	0.0033307415	0.00044980086	0.0
TCGCTTGGTCGAATTC-0	0.45740125	0.57402253	0.020566128	0.017916147	0.044381868	0.017427726	0.03246434	0.0
TACTTACAGCCATTGT-0	0.025013326	0.0	0.0	0.5807384	0.02286944	0.05634279	0.0	0.0
CTGAGGCGTCTACATG-0	0.9302347	0.05057759	0.0	0.0	0.034435425	0.015995353	0.013983735	0.0
GGGATGATCTTCCGTG-0	0.888731	0.03319289	0.0	0.015018618	0.022287821	0.0005241953	0.0076430216	0.011243421
TTTACCATCTGCCCTA-0	0.86466455	0.0133919185	0.0035195095	0.0	0.00817238	0.010686881	0.0	0.0
AGGCCACCAGAATGTA-0	1.2683544	0.0	0.0	0.00039120414	0.0	0.009772519	0.0039749607	0.0
GACTCTCTCTCGGCTT-0	0.0	0.0	0.0	0.0	0.0	1.0656998	0.0	0.0
CTAAGTGAGAGAGCAA-0	0.0043132696	0.0	0.0	0.0	0.0	1.0852472	0.0	0.0
GGGTGTCTCTTGTTAC-0	1.0639774	0.0	0.0	0.007686791	0.05067347	0.0	0.0	0.0
TATTCCAGTGTCTTCC-0	0.15520304	0.014808108	0.172719	0.026443878	0.6609911	0.06576638	0.0	0.0
AAGACAAAGTATCTGC-0	0.14521922	0.02139898	0.0	0.0	0.0	0.025367906	0.009407208	0.068844736
TGCAGTAAGAAACTCA-0	1.3093586	0.0	0.0	0.0035323948	0.00086441333	0.023671262	0.033043347	0.0
GGAATGGGTGACCGAA-0	0.0	0.9752754	0.0	0.0	0.013898072	0.01434421	0.011759511	0.0
GTGTCCTAGGGTAGCT-0	0.8343935	0.0508956	0.062063232	0.0069390656	0.06268731	0.0	0.0	0.0041533955
TTGGTTTGTCTCTCTG-0	1.353977	0.011378945	0.0	0.0	0.0	0.01223127	0.0	0.0
CTTGATTTCGGAGTAG-0	0.36144584	0.6871559	0.027286422	0.028696042	0.0	0.0	0.0	0.0
CATGCAAAGTCATCCA-0	1.0640914	0.019673908	0.00020281966	0.009151934	0.0	0.006482947	0.0	0.0
TGTCCTGGTCACTCGG-0	0.052452594	0.07934707	0.02466516	0.013908752	0.012347014	0.99082834	0.011497987	0.0
CCATCACCATCCGTGG-0	0.0257526	0.0	0.038156245	1.0964216	0.077369146	0.05255133	0.017225401	0.0
GACATCATCCTTATAC-0	1.1086537	0.024159595	0.020654118	0.0	0.03544535	0.0	0.010825094	0.020433478
TTTAGTCTCTGGACCG-0	0.9527521	0.085740626	0.024200495	0.0	0.0	0.0014338209	0.0	0.0
CTGCAGGGTGGTTCTA-0	1.0554832	0.021390088	0.0	0.022284493	0.007205799	0.0	0.0051751207	0.0
CTGTAGATCACATCAG-0	0.9782918	0.0	0.00090283074	0.009994942	0.0027451552	0.004478317	0.0	0.0066892235
CAGATTGTCGTGGGTC-0	0.8558454	0.018007161	0.013369247	0.0117489835	0.0	0.009899955	0.0	0.0
TTGGGTAAGCCAGACA-0	1.1545643	0.025487166	0.0	0.0096342405	0.016092153	0.014979776	0.0040473887	0.0
AAGGAATTCTACTGAG-0	0.15884216	0.85490453	0.03106199	0.009237419	0.0038961314	0.018007047	0.0	0.023005698
CAATGACAGGCAATGC-0	0.8735949	0.13575669	0.020964364	0.005752964	0.015348866	0.004769431	0.04182	0.0
TGCGGGTAGTTGCCTA-0	0.8693505	0.021340916	0.03165732	0.0	0.005559625	0.0041527594	0.0	0.0
GGGATCCAGTAAGCAT-0	1.2236977	0.006017359	0.0	0.0106544895	0.015729483	0.017020287	0.029257836	0.0018616916
TAACACGTCAAGAGGC-0	0.047017943	0.8977989	0.036679715	0.0	0.0066584023	0.004528194	0.03095168	0.0
TCTGGCTGTAGACTGG-0	0.0	0.003120402	0.63756496	0.009128104	0.48522484	0.1137841	0.008510675	0.0
AGACCATTCTGAATGC-0	1.0608599	0.038523246	0.0	0.0042454433	0.0027486717	0.0	0.058804102	0.0
GCGAGAAGTGATGAAT-0	1.0946901	0.012786418	0.0	0.00047318716	0.004379788	0.0	0.0	0.0
CGAGTGCTCGAAATCC-0	0.66385823	0.05767485	0.017973138	0.0	0.00382856	0.0	0.0	0.0
TGTCCACCACTACTTT-0	0.9562363	0.036527805	0.03165692	0.02419472	0.032328814	0.0005812147	0.010351634	0.0
GCTTGGGTCCAACCAA-0	0.01975991	0.0025407013	0.0	0.0	0.029010512	0.92629373	0.0	0.0
TTTCACATCGCAGTCG-0	1.0062358	0.0	0.0	0.0	0.0	0.0	0.0	0.0
GTTCGCTGTGTGTGGA-0	0.95366764	0.01744799	0.0	0.0	0.02490515	0.0	0.0056232507	0.0
ACTGATGCATGCTGCG-0	0.14659359	0.7475318	0.031980477	0.008822128	0.00468745	0.0056394283	0.0133004775	0.0020159963
CTACCTGAGTGGTTGG-0	0.84547955	0.027391786	0.013151697	0.0068260715	0.0	0.014611764	0.0	0.0
GTGTGATCATGACTAC-0	0.012826907	0.0	0.4121441	0.0	0.6068596	0.0	0.0022172583	0.0
CAAGACTAGACAGTCG-0	0.16343711	0.013018146	0.12817281	0.017686259	0.058603544	0.5381529	0.0	0.0
TCCTTTCTCGAAACAA-0	1.3037957	0.0	0.0	0.0033813664	0.0024536191	0.0	0.0	0.0
ATTGGGTAGGCGAACT-0	0.91117615	0.0003991269	0.0	0.009554146	0.012320967	0.008813682	0.0006857401	0.0
AATGACCGTCAAGTTC-0	0.9239471	0.018478189	0.00026053347	0.0024782403	0.019287216	0.0005214324	0.016343636	0.0
ACAGCCGCAGGCTATT-0	0.9878154	0.03417813	0.0	0.017433697	0.03784611	0.0	0.0	0.0
GCCGTGAGTAGTCTTG-0	0.03401748	0.0	0.055631675	0.0033171866	0.38587663	0.3770163	0.004246719	0.0
TCATACTTCCCATACC-0	0.90811753	0.010848459	0.017768288	0.0018043814	0.0	0.010444268	0.0	0.0
TTTCAGTTCGAAGAAT-0	0.59887576	0.027747937	0.053106215	0.0010702874	0.024925547	0.0003570526	0.0	0.015954617
GAATCACTCCAACCGG-0	0.17557722	0.8796945	0.022571886	0.013437195	0.011067218	0.01911147	0.0	0.0
TTGCATTGTCCTGGTG-0	1.1818362	0.0	0.0	0.0	0.0	0.009055977	0.0029865126	0.0
AGGTTGTGTCGGAAAC-0	0.8821666	0.0	0.0	0.0	0.0	0.0	0.8452318	0.0
CGAAGGATCTCTTGCG-0	1.2616366	0.070344135	0.0	0.0	0.016600097	0.0079732025	0.046935637	0.0
ACAGCCGTCCTCTGCA-0	0.0	0.0	0.0	0.9820927	0.003062408	0.07378236	0.0093688425	0.0
TGCGACGGTGCTATTG-0	0.111962296	0.94398797	0.020895591	0.005220438	0.0	0.01550121	0.0048039686	0.0114266295
CTCCGATTCAGCAGAG-0	1.1939029	0.027500276	0.0082285	0.010312666	0.026606843	0.004523019	0.028782582	0.0018440019
GAGGGATAGAGTAACT-0	0.10051286	0.9018916	0.043412957	0.0058453297	0.0	0.010720212	0.0	0.0
GAACTGTCAAGAATGT-0	1.1678352	0.05751911	0.0	0.0	0.0063991393	0.0074428446	0.0	0.0
AGGGCTCCATGAAGCG-0	0.1146638	0.92816013	0.019534487	0.016171345	0.0	0.018979987	0.0	0.0
GGCGTCACATGGACAG-0	0.93602484	0.0044075344	0.014091465	0.0	0.017670829	0.0	0.19027027	0.0045875465
TCTAACTCAGTTAGGG-0	0.72872823	0.021371296	0.0	0.0062245787	0.044439834	0.0018927937	0.21036543	0.0
AGGTCTATCCTGGCTT-0	1.2446507	0.026002869	0.0	0.0	0.0014807859	0.02229002	0.0	0.0
TGGTGATGTCCACAGC-0	0.0	1.1603758	0.0339629	0.0	0.0	0.013027394	0.0	0.002519252
CCATCACTCGAATCCA-0	0.22820449	0.97894156	0.02791456	0.023975614	0.0	0.0	0.00052112964	0.0
AGTAGCTAGGTACATA-0	1.0355743	0.013220918	0.010776548	0.0	0.003618153	0.0020276231	0.0	0.0
CGGCAGTTCCTAAGTG-0	0.1563045	0.78634816	0.025967017	0.0109691955	0.0	0.008163396	0.0	0.0
TCATATCAGGAGCTGT-0	0.0	0.86489695	0.0	0.0	0.0	0.0	0.0	0.0
TCATCATGTCTTCATT-0	0.8240075	0.01715686	0.013827663	0.01434049	0.001217285	0.0	0.0	0.0
TCGGGCACAAGGATGC-0	0.18957815	0.6765252	0.03459131	0.020297876	0.0	0.01097131	0.0	0.0
ATCACAGTCGGATACT-0	1.1880418	0.035632953	0.0046208785	0.02117641	0.027483255	0.006342796	0.0	0.019666929
CGAGAAGGTTGGAGGT-0	0.1159196	1.207036	0.010526454	0.03287175	0.03872516	0.012759069	0.099652946	0.0
ATTGTTCTCTGAGAGG-0	1.0751215	0.028283091	0.002937267	0.0	0.02622788	0.016167546	0.1576611	0.0
TTCAATCTCGCGCCAA-0	0.9053437	0.030350525	0.0	0.0	0.01217026	0.0071912315	0.019022454	0.027709331
ATCGTGACAGACAAGC-0	0.926731	0.038863573	0.008771207	0.009399573	0.0	0.045898095	0.0	0.0
CGGGTGTAGGAACATT-0	1.0429776	0.0	0.0	0.0	0.0	0.0	0.0	0.0
CGGGTGTGTCCCGTGA-0	1.0245051	0.062344655	0.001045872	0.0	0.014881197	0.0013912648	0.0033189312	0.0
TCAGTTTGTGCCGTAC-0	0.857302	0.016178193	0.015563236	0.011773476	0.000303498	0.004018237	0.0	0.0
GGAGATGGTATCTCTT-0	1.2085763	0.04490688	0.0	0.007437918	0.003414875	0.004703752	0.011967655	0.0
GTGAGCCTCCGATAGT-0	0.7776143	0.036333688	0.023583734	0.012759826	0.00270358	0.001984975	0.0	0.0
AGGACTTAGGCTCCCA-0	1.10446	0.04756017	0.0	0.01675442	0.016876576	0.00095894805	0.02044467	0.009381491
TCAGCAAAGGACAGTC-0	0.8025041	0.028474065	0.015812507	0.026255714	0.0103868535	0.010995855	0.0012628338	0.0
CACAGATCAGAGTTGG-0	0.38848808	0.38812602	0.049602576	0.00938322	0.0	0.02086211	0.120731995	0.0
AACACACGTCCCACGA-0	0.11835759	0.0012632484	0.0977586	0.043868754	0.76536244	0.12337408	0.0	0.0
GCTGCAGCACATCCCT-0	0.8893375	0.0	0.027996387	0.018254105	0.0066945557	0.043530595	0.035047308	0.0
CGGGTCAGTACATTGC-0	0.4514463	0.07454687	0.029978368	0.009418812	0.022759091	0.0	0.013291644	0.045419868
TGTTCCGAGATGGCAC-0	1.1421949	0.0	0.008819127	0.017012956	0.022377752	0.008813248	0.0	0.0
GACAGCCCATGTTCGA-0	0.069519885	0.0	0.10526778	0.0	0.0	1.0790807	0.0	0.0
CAGCACGTCACTACGA-0	0.9023182	0.035787363	0.0	0.0034960085	0.012528223	0.008322964	0.0	0.0
TGTCCTGAGAGGACTC-0	0.15001917	0.0060168304	0.2957357	0.06325498	0.37231812	0.018675655	0.0	0.0
TGGTACATCATCAGTG-0	1.0188435	0.0	0.0	0.0	0.016069911	0.0	0.15485097	0.0
CATCCCAAGGTGGTTG-0	0.033856537	1.2233374	0.0	0.0	0.0	0.0	0.009722051	0.0
GACATCATCGCATAGT-0	0.17528433	0.06373467	0.50366825	0.036996916	0.33273003	0.07355243	0.0	0.018930838
GATCATGGTACCGTCG-0	0.0	0.0	0.0	0.8503604	0.10958945	0.012024964	0.49861827	0.0
CAACAGTCAAGAGGTC-0	0.7542029	0.035082884	0.025362777	0.015088233	0.0	0.023519639	0.0	0.0
GCGGATCTCGCTGACG-0	0.22648622	0.7878491	0.0112540675	0.026136344	0.022464614	0.02007168	0.0	0.0058262143
GTCAAGTGTCGAAACG-0	0.1458868	0.074470825	0.0	0.016234992	0.17517947	0.60791105	0.0	0.13707528
GAGCCTGAGGCAGCTA-0	0.99115527	0.0	0.0	0.0	0.0005078398	0.013569809	0.0	0.0
GTCTCACCATGAAAGT-0	1.2201291	0.026550246	0.030654509	0.01466705	0.0	0.010500733	0.011690658	0.0
CTTCAATGTACGGGAT-0	0.045017645	0.7194106	0.032306682	0.0	0.0030080813	0.008460389	0.0	0.0
GCCTGTTAGGAGAGTA-0	0.5942322	0.096999064	0.0	0.016268473	0.022679618	0.0	0.0	0.0
TTACAGGTCCGAGGCT-0	1.0659583	0.0	0.0	0.025327286	0.0	0.01516588	0.0	0.0
CTGGCAGGTAGTGGCA-0	0.03070259	1.0057968	0.02863091	0.011471193	0.0	0.010070386	0.0	0.0
CTGCCATTCACAGTGT-0	0.98181045	0.03990579	0.0	0.039697237	0.033336468	0.0	0.008806765	0.0
GTACAGTCACGAGGAT-0	0.7105746	0.060023904	0.006886824	0.0	0.012948076	0.0	0.0	0.0014581493
AAAGGTAGTGACTCGC-0	1.3649639	0.006016309	0.0	0.0045338473	0.022624968	0.0066601937	0.012181532	0.0
TGTCAGAGTCTGTGGC-0	1.1636217	0.001037872	0.027188284	0.014638445	0.0	0.0	0.0	0.0
CTTCTCTGTACAGGTG-0	1.2155058	0.037451606	0.0026532356	0.022214504	0.007582457	0.0	0.0	0.0
ACAGAAAAGGGAGGCA-0	0.0496214	0.0	0.36806935	0.013809167	0.66628987	0.0	0.040225524	0.0038119098
CCATAAGAGGTCACCC-0	0.8994959	0.032840524	0.0	0.0	0.060633328	0.0	0.0	0.009606875
GGGACTCGTTAGAGTA-0	0.18467009	0.01815271	0.22035722	0.015214697	0.018222718	0.7142934	0.0	0.0
GATGAGGCAGCTCCTT-0	0.18466769	0.06601133	0.06316865	0.00925158	0.18267617	0.7218464	0.0	0.0
TTTGACTCAAAGGGCT-0	1.0469986	0.055687245	0.04592268	0.0063141594	0.0	0.0016143693	0.0	0.0
TTGAGTGGTCCTGGGT-0	0.030088734	1.1003726	0.0	0.006856688	0.0	0.01748335	0.0	0.0
ATGGGAGGTTAAGAAC-0	1.2332624	0.04040197	0.0	0.01549816	0.02693674	0.013313619	0.0	0.0004381484
CGGAGAACAAGTGGTG-0	0.14368239	0.02407528	0.0	0.034075707	0.46132952	0.38144198	0.0	0.0
ATCTTCACAATTCGTG-0	1.0916278	0.027040921	0.0	0.0	0.009500024	0.011881963	0.01702396	0.04036582
ACCTACCCAAAGACGC-0	0.06514902	0.0	0.14494908	0.010015827	0.21595386	0.64023954	0.00090129866	0.0
CTTAGGATCTAACGCA-0	0.0	1.0981869	0.0	0.0	0.0011394002	0.0	0.0	0.0
ACTGTGAGTTTCCCAC-0	0.0	0.0	0.0	0.0	0.0	1.2783887	0.0	0.0
AGCGCCATCCAATCTT-0	0.7934776	0.036192466	0.006415384	0.014621509	0.016943797	0.009327272	0.0	0.0
CCCGGAATCATAGAGA-0	1.103533	0.028188795	0.0072835335	0.007166129	0.021207215	0.0035682595	0.014582781	0.0040844763
AGGATAATCTAAACGC-0	0.03307037	0.8446742	0.013786675	0.003272596	0.0	0.0075642876	0.0	0.0
CCATAAGCAAAGGTTA-0	0.16089135	0.025924068	0.74073946	0.04154604	0.05972649	0.009510585	0.0	0.0022292319
CTCATTACATAAGCGG-0	0.7593235	0.035026923	0.0010402743	0.0	0.010694741	0.0	0.0	0.0
ACTTTGTTCGGTGTAT-0	1.3494514	0.02815748	0.0	0.0027602012	0.0	0.0	0.0	0.0
AAGTTCGCAATGAGCG-0	0.60226554	0.023738287	0.013304119	0.009854908	0.015378457	0.0011330285	0.0	0.0
TGGAACTCACAGCCAC-0	1.1968893	0.0	0.0	0.0	0.0	0.0	0.0	0.0
GACTTCCTCGATGGAG-0	0.0	0.78815544	0.0	0.0	0.0	0.003919431	0.0	0.0
ACTGTGACATTGCTGA-0	1.0212622	0.027344415	0.04179251	0.025135431	0.0	0.025037274	0.0	0.0016778202
GGAGATGAGAGCATTA-0	1.2977353	0.02346652	0.0	0.00045311113	0.01584615	0.0015684232	0.023146775	0.0
TGGGCTGAGCATCGAG-0	1.1432501	0.027962698	0.01654098	0.0286673	0.014151264	0.0027851444	0.0	0.0
TTTGATCTCGATTGAC-0	0.0	1.2429472	0.0	0.0	0.0	0.0	0.008834943	0.0
GAACACTTCCGATGCG-0	0.9308649	0.013758068	0.009448328	0.010005327	0.0	0.020465838	0.0	0.0
TCAGCCTGTAGTAAGT-0	0.92758924	0.0	0.0	0.0	0.002955563	0.0	0.0	0.0
GCCATTCTCACTCCGT-0	0.6546955	0.06908528	0.022882389	0.019254662	0.0028428037	0.00034115618	0.0033179936	0.0
TTTACCAGTCCGGCAT-0	1.0910438	0.04332525	0.0	0.011554652	0.02237095	0.0049935207	0.006122254	0.012615624
AAGTACCGTGTCATGT-0	0.8093706	0.20250297	0.082869165	0.02687218	0.0	0.0019363931	0.025186064	0.0
GGGTGTCTCTGCGGCA-0	1.1372814	0.0018927936	0.004775543	0.002030866	0.0013092931	0.006779786	0.0	0.0
TCTTGCGAGCGACTGA-0	0.6921106	0.0	0.045263633	0.0060981954	0.0036550032	0.011347789	0.0	0.0
GTTAGTGCACCACTGG-0	0.66608	0.06191329	0.034852285	0.0	0.0	0.00088388537	0.0	0.0
ATGAAAGAGGCAGGGA-0	0.047960352	0.0	0.040555347	0.0	0.015173392	0.97694045	0.0018056934	0.0
CTGCATCTCGAGAGAC-0	1.3272521	0.0	0.0	0.0014906886	0.0	0.012682411	0.0053181225	0.0
CATACAGGTAGCCAGA-0	1.0592782	0.0	0.00020661004	0.0	0.0	0.0019517497	0.43260494	0.0
CTCCACATCCCTGGTT-0	0.0	0.0	0.036893807	1.0065356	0.042257775	0.0	0.007222423	0.0
GAGAGGTGTCAATCTG-0	0.0016118629	0.0	0.5601652	0.02390025	0.27356067	0.047962	0.016206749	0.0069552055
GCACTAATCCCTATTA-0	0.10660888	0.0	0.4370476	0.027124533	0.525921	0.026436534	0.02937945	0.0
AATGGCTAGAGGCGGA-0	0.0	0.0	0.1743116	0.0029127372	1.0005277	0.0	0.0	0.0
TTTACCATCTTTGCTA-0	0.88698334	0.0	0.0049656434	0.0	0.0	0.007290128	0.0	0.0
ACGGAAGAGGCGAAGG-0	0.11291629	1.074984	0.0	0.034608345	0.008086242	0.0319077	0.0	0.0012901027
TGCAGATGTTGCTCAA-0	0.87844825	0.027256237	0.06322949	0.0024239912	0.0	0.0	0.0	0.0
TAAGCCAGTCTGCCTT-0	0.025822839	0.74474734	0.016143363	0.0	0.0	0.0054594143	0.0	0.0
TCTCTGGAGGCACTCC-0	0.081993856	0.0	0.21747707	0.010988744	0.5516641	0.0	0.020655615	0.0
CGGGACTAGTTACGTC-0	0.12651175	0.93386596	0.060944926	0.0052670874	0.0	0.0063813636	0.0	0.0
CGCATAACAATCCAGT-0	0.54611975	0.0	0.0	0.0	0.0	0.0	0.0	0.0
TCCTCCCCAGCATCTA-0	0.05070516	0.8884351	0.015881715	0.0	0.009023501	0.023982977	0.009988905	0.0
TGTTCTACAGCACCCA-0	0.01797465	0.019435925	0.46652308	0.019804206	0.19378896	0.007072069	0.0	0.010150415
AATGGAACAAGATTGA-0	1.3336842	0.0	0.0	0.009851586	0.015940454	0.017546292	0.015581399	0.0
CCGAACGTCGACACCG-0	0.7952427	0.017691165	0.04556325	0.014829636	0.0	0.0	0.0	0.0
TCTTTGATCCGTGTCT-0	1.0380808	0.023381332	0.015759757	0.006277154	0.0034487913	0.00019586127	0.054907817	0.0
GCGGAAACAGCAGTAG-0	0.12567006	0.90603226	0.014548447	0.008449234	0.0	0.0054100323	0.0012673461	0.0
TCATACTAGGCCTAGA-0	0.19123898	0.80837023	0.0033973719	0.011594711	0.0	0.010965231	0.00025722646	0.0
GAGACTTGTCGGAACA-0	0.8962981	0.039578468	0.030581221	0.01647058	0.0	0.0061244704	0.029243086	0.0
CAACGGCTCATTCGGA-0	0.80629647	0.048562806	0.042862143	0.0017057535	0.020118942	0.010629666	0.0	0.005768392
TTCCGTGAGACATAGT-0	0.104601935	0.0	0.05097666	0.021637958	0.0	0.957231	0.00033432437	0.0
AGGATAAAGTGATGGC-0	0.036227845	0.013030953	0.056858204	0.001124782	0.07351482	0.6009452	0.0	0.19949685
TGTGATGTCAAAGCCT-0	0.05048473	0.8336378	0.020952895	0.0	0.0	0.007284608	0.0	0.0
GCCCGAACAGCTGAAG-0	0.9667129	0.018282337	0.02606579	0.0	0.0	0.00021589122	0.0	0.00122549
CGCGTGAAGCGTGCTC-0	0.07058995	0.07112723	0.0	0.68663126	0.0	0.011906887	0.0005563258	0.00570023
TGAGCGCAGACAGCTG-0	0.8456998	0.0	0.008650896	0.0	0.0	0.009361101	0.15872963	0.0
AGCTTCCTCCATCGTC-0	1.088615	0.0	0.0	0.00081070315	0.0061455043	0.014493447	0.09738198	0.0
TAGATCGAGATGATTG-0	0.77842236	0.03281953	0.0	0.0017187796	0.0	0.0	0.01866234	0.0
GGGAGATTCGGCTGGT-0	0.8688262	0.0050605712	0.03260509	0.0016890869	0.016939566	0.0	0.001208603	0.0
TAGGAGGTCAAGCTGT-0	0.033261903	0.0	0.010505498	0.0	0.0	1.1180334	0.0	0.0
GTGTTAGGTATCATGC-0	1.1460142	0.017231274	0.00041100098	0.0	0.030510234	0.0	0.0055529093	0.0
TCTCAGCAGTATGACA-0	0.11895292	1.0113083	0.030998653	0.00532023	0.0	0.010274911	0.0	0.0
CCTCATGCAATCGTCA-0	0.33489603	0.0	0.4305863	0.016180823	0.28329965	0.03292592	0.0	0.0
TTGTTGTGTGCCCTTT-0	1.1652087	0.007723112	0.006953426	0.009478866	0.028453968	0.0039912546	0.05383795	0.0
GAGTGTTGTTAGGGAC-0	0.0	0.0	0.0	0.0	0.05053503	1.0871295	0.0	0.0
ACACGCGGTGATACAA-0	0.0	0.0	0.0	0.0	0.0	0.9405516	0.0	0.0
GGTTGTAAGCTGCCAC-0	0.12708604	0.0	0.64343905	0.017578386	0.19732413	0.10137968	0.0	0.0
GTTTACTTCCCGTTGT-0	1.331111	0.029860962	0.0	0.0	0.0	0.043834582	0.0	0.0
GCACGGTGTAAGCTCT-0	1.0377786	0.0	0.0	0.0	0.005746424	0.0	0.008996395	0.0
GTGGGAACACTGCTTC-0	0.70794594	0.032866184	0.021785902	0.011538283	0.0	0.0	0.0	0.0
TGCTTCGAGTTAGAAC-0	1.2426876	0.0436727	0.0	0.0	0.010820793	0.0	0.009731152	0.008275204
CTATAGGCAAAGGGCT-0	0.10039467	0.8348279	0.0128442235	0.013464134	0.0	0.0	0.0	0.0
AACAAAGTCTGCTAGA-0	0.9903918	0.033372596	0.0052950615	0.018901037	0.017818978	0.0	0.015455192	0.0
ATCCATTCATAATGAG-0	0.75523436	0.12402342	0.050951846	0.017239485	0.009965083	0.0019515723	0.0	0.0
AGTCAACCACTTCAGA-0	0.020449592	0.0	0.028557578	0.012484847	0.0	1.1724913	0.0	0.0
GGTCTGGTCACCATAG-0	0.92489845	0.0009800999	0.0041244864	0.0	0.0	0.029055536	0.0	0.0
AGTACCAAGCCGCTTG-0	0.27856192	1.0321063	0.0	0.0024937175	0.009864434	0.016045453	0.005510622	0.00030725927
TTCCTAATCATTCACT-0	0.9837049	0.036099743	0.0	0.006196223	0.026364686	0.0	0.0053293607	0.0
CAGCGTGAGCATTGTC-0	0.3148625	0.7517359	0.0	0.051412236	0.018667787	0.0	0.05508023	0.0025388554
ACGCACGCACGGTCTG-0	1.2431284	0.017879529	0.0	0.0	0.0	0.016214699	0.006103646	0.0
CTAACTTCAAGTGGGT-0	1.0826458	0.025144456	0.0	0.008554235	0.010299654	0.0047925846	0.0030724113	0.0
CAACAACTCCACAGCG-0	0.14054982	0.0025466883	0.16004582	0.01297716	0.5410898	0.040420637	0.0	0.0
ACTTATCTCACGATAC-0	0.18830903	0.6852423	0.012182262	0.030397769	0.0	0.0	0.001512875	0.001028491
TTCGATTCATTCTGTT-0	1.091655	0.05227442	0.0	0.008078674	0.012328721	0.03170081	0.026482163	0.0011166281
TTGGTTTCAAGAAATC-0	0.0	1.0288609	0.0	0.0	0.0091373725	0.017844487	0.0	0.0
ACTTCCGGTAGGTCAG-0	1.2641032	0.013007408	0.0	0.0	0.0	0.0074925236	0.037577074	0.005317325
TGTTCATCAGCACGAA-0	0.0	0.0	0.0	0.0	0.093440026	1.1273141	0.015151434	0.0
ATGGAGGCACTTGAAC-0	0.0	0.7879502	0.0	0.0	0.0	0.0	0.0	0.0
TCACTATGTGCTATTG-0	0.92083746	0.03761962	0.0062621427	0.0013965656	0.016773362	0.00841901	0.019761827	0.0
GTTACCCGTTGTCTAG-0	1.0388455	0.01939037	0.027851595	0.0034994353	0.006608779	0.011544445	0.0	0.0
TCGAAGTCATCATTGG-0	0.027520437	0.0	0.0	0.0	0.006173654	0.93332237	0.0	0.0
AGGAGGTAGGTGCTGA-0	0.9536926	0.0	0.0072686304	0.008655879	0.0030021714	0.0	0.0	0.0
TGTGTGACATTCGATG-0	0.8262519	0.024299767	0.02951276	0.014415166	0.0	0.04170247	0.0	0.0
CGATGGCTCGTTCGCT-0	0.11137017	0.0	0.031694103	0.01879328	0.0	0.8926962	0.0	0.0
TTCATGTTCCAAGGGA-0	1.081744	0.027791517	0.0	0.0	0.0063847946	0.0	0.0025837552	0.0
TCTCAGCAGTAGCCAG-0	0.12589718	0.9650068	0.020828376	0.0065880446	0.0	0.0027520831	0.0	0.0
TCTGTCGGTCGTTCAA-0	0.0	0.0	0.13737091	0.0	0.06946621	0.90349007	0.0	0.0
TTAGTCTTCCATACTT-0	1.0649239	0.013198004	0.016075483	0.012618298	0.0	0.008811445	0.0	0.00435412
CTGAATGTCACTGTTT-0	0.9805535	0.0016521047	0.0	0.020374624	0.0	0.005073134	0.03393659	0.0
CCTCCAAAGAGAGCGG-0	0.0	0.0	0.67661566	0.0	0.25184408	0.05541739	0.015763296	0.0
TCATGCCGTTCGGGTC-0	1.1279801	0.01785766	0.0	0.0	0.0002934083	0.004345856	0.0	0.011324469
ACGCACGGTCCAGGTC-0	0.15458561	0.0	0.06135517	0.7943757	0.035198182	0.04025929	0.0	0.046154294
CGTTAGAAGTCACACT-0	1.2013506	0.030684283	0.0	0.0	0.0063829105	0.023606552	0.0	0.002783295
CGTTGGGTCGGATTAC-0	0.9526735	0.00832983	0.0153619945	0.0062818774	0.023815922	0.015592044	0.0	0.0
TGCGACGAGTATTCCG-0	0.07377732	0.92272127	0.044315837	0.0036608477	0.0	0.038432598	0.0	0.0
CTTAGGAGTATACAGA-0	0.0546743	1.0011173	0.02062376	0.018797148	0.0	0.028236229	0.020521283	0.0
CTGTCGTAGCGGTAAC-0	1.3388975	0.0	0.0	0.013975014	0.03230374	0.07083367	0.05743931	0.0
TGGGAAGCATAGGTAA-0	1.0887876	0.033372276	0.0	0.0	0.015501393	0.0060175215	0.05465605	0.0043363543
TCCATCGAGTCAACAA-0	0.9635622	0.018080985	0.0	0.0017777041	0.0144808125	0.000643205	0.0029252924	0.0
TATTCCAAGAAGTCTA-0	0.0	0.0	0.0	0.0	0.061982684	1.1144853	0.0	0.0
TTAGGGTTCTGTTGGA-0	0.12079403	0.83085126	0.0275605	0.018036433	0.017239185	0.021024145	0.0025359862	0.0
TCATGGAGTAACACCT-0	0.061798356	0.0	0.15914263	0.0	0.5413722	0.0	0.0	0.0
GCGGAAAGTGATACAA-0	0.2915547	0.057015378	0.30437052	0.037735537	0.2519046	0.025151772	0.0	0.000880036
ACTTCGCCAGGTGTGA-0	0.0054964484	0.8503487	0.041909922	0.0	0.0	0.03299299	0.0	0.0
AACCTGAAGCCTGGAA-0	0.068807855	0.9201577	0.029680459	0.0009541474	0.0096386885	0.008068276	0.0	0.0
TTACCATGTTAAGAAC-0	0.30012545	0.6850345	0.029544376	0.0272032	0.0	0.0	0.0270535	0.0
GCTTGGGTCCCAAGCG-0	0.0	1.3582505	0.0	0.0	0.0	0.0	0.0	0.0
TGGATCACACTACACA-0	0.054372825	0.010792952	0.6914467	0.02503771	0.096380696	0.0434402	0.0	0.009793501
GACGCTGAGTGATTCC-0	1.0313518	0.04748487	0.014364042	0.011186629	0.0	0.0022491307	0.0	0.0
TGCTCCACAGCTTTCC-0	0.113271505	0.77210516	0.041731533	0.0	0.0	0.014980931	0.0	0.0
GCGAGAACAAACTGCT-0	0.0	0.8333293	0.0	0.0	0.025592308	0.012664222	0.055962164	0.0
GGTGAAGCAGTATACC-0	0.99819255	0.040229075	0.006042586	0.016382003	0.026182374	0.0	0.0	0.0
CTTGATTTCCTCTAAT-0	1.0090789	0.06242039	0.0	0.0032788687	0.0	0.00045930926	0.0	0.0
GATTCTTCACCTATCC-0	0.94976795	0.0	0.015460081	0.009361232	0.010104093	0.0124314325	0.03528025	0.0026078548
TACCCGTAGCGAGAAA-0	0.04497252	0.89151853	0.09843648	0.0124685485	0.0	0.028575411	0.0	0.0
CTACCCAAGCATGCAG-0	1.1912869	0.010487675	0.0	0.024486994	0.011046395	0.0	0.00087955355	0.0
CTGGCAGCAAGGCAAC-0	0.17510593	0.0	0.0	0.0	0.0	0.016638385	0.003891512	0.03690746
GTCACTCAGTGGAAAG-0	0.9142278	0.009701819	0.008028993	0.0	0.014566912	0.0	0.019683052	0.0
AGTCACAAGCTCACTA-0	0.9668935	0.017507628	0.02127644	0.0	0.0	0.0	0.0	0.0
GCAGGCTAGGTCATTC-0	0.97617465	0.1005596	0.0	0.015166536	0.035209466	0.003741711	0.015512414	0.0
CGTCAAAGTCCAGCGT-0	0.16434844	0.0	0.0	0.0	0.0	0.015069172	0.0	0.053885568
TCATATCCAGATAAAC-0	1.1716999	0.0	0.0	0.007301992	0.0	0.018432833	0.0	0.0
GGGAAGTCACCTCTAC-0	0.5010425	0.48009813	0.02488074	0.046995826	0.014992335	0.0	0.059162628	0.0
TATTGCTGTACAAACA-0	0.8699181	0.0051030414	0.023089044	0.0031938797	0.0	0.03554663	0.0	0.0
TGTCCTGCACTGGCCA-0	0.6129321	0.1711541	0.052486062	0.0	0.014012194	0.0037945437	0.0	0.0020007144
CATCGTCGTGACTAAA-0	0.77089524	0.05692657	0.00028153817	0.008704281	0.010354125	0.024048112	0.00954991	0.0
TGTGTGAGTAGCTTGT-0	0.8662819	0.023796052	0.034868658	0.0067084595	0.0	0.012880846	0.0	0.0
TCGTAGATCCATTTCA-0	0.0	0.78039575	0.011293428	0.0	0.017502544	0.00622411	0.0	0.0
AAACGCTGTCTACACA-0	0.1936827	0.027561078	0.7071717	0.045105424	0.16731283	0.042890523	0.0	0.0059978645
AGCGCCAGTGGTCTTA-0	0.8249277	0.037057742	0.00012508007	0.0	0.0	0.0	0.023257595	0.0
GTGGCGTAGACCAGAC-0	0.12622511	0.037451293	0.021952627	0.0039878213	0.0	0.84870875	0.0	0.0
CGATCGGTCACTGTTT-0	1.1459484	0.021082828	0.024909563	0.0	0.0	0.004168615	0.01597573	0.0
GAAGGACCAAGCTGTT-0	0.13039972	0.0058838767	0.07007564	0.02467637	0.0	0.9850653	0.0	0.0
AAGATAGGTACAGAGC-0	0.6955885	0.06307373	0.003698573	0.010491311	0.028753528	0.0025538048	0.09684879	0.0
CTGCCATCATTAGGAA-0	0.0022342603	1.0071845	0.0	0.019055832	0.0029294747	0.009281015	0.0040103765	0.0
TTGAGTGAGGTGCTGA-0	0.0	1.0543927	0.006282324	0.0	0.0026914747	0.0	0.31289735	0.0
TAAGTCGCATGGCTGC-0	0.157284	0.0	0.11308895	0.0	0.0	0.74170685	0.0	0.0
ATAGACCCACATACTG-0	0.19469619	0.82699454	0.046592724	0.038801357	0.0073622586	0.0	0.007457314	0.0
GTGGGAACAGACCAGA-0	0.5187248	0.1669512	0.009268317	0.012515467	0.0007153893	0.0	0.019047411	0.0
GTACAGTAGGCTAGCA-0	0.33911532	0.0	0.0	0.0	0.0	0.0	0.77403396	0.0
GAGAAATGTTGGCTAT-0	0.9213664	0.114868484	0.027684513	0.0	0.012722639	0.013779946	0.023159642	0.0
CTCATGCAGACCTGGA-0	0.06926941	0.016161256	0.0	0.013646355	0.16535026	0.77165735	0.0	0.0
CAATACGAGTCACGAG-0	0.93358314	0.0023870936	0.015475171	0.005540738	0.0073020183	0.0028395625	0.039904412	0.0005434493
GTTACGAAGGATACGC-0	0.17308508	0.012716317	0.38093677	0.029871807	0.46605405	0.020208033	0.006956017	0.0
GGTCTGGTCTGCATAG-0	0.08315373	0.8176569	0.04967388	0.044934615	0.0	0.0101135615	0.0	0.0
CGTGATAAGCCATTCA-0	1.1264987	0.08993205	0.0	0.032703113	0.014711963	0.0	0.003338108	0.0
TTTATGCGTGTGTGGA-0	1.1045531	0.11478965	0.029183554	0.0	0.0	0.0	0.025735129	0.0
AGGTCTACAGTACTAC-0	0.7883296	0.017424459	0.028088972	0.015967125	0.0	0.0016988829	0.0	0.0
CAGAGCCCAGAATTCC-0	0.21401289	0.03138998	0.20942427	0.039175157	0.337716	0.0	0.0	0.0
GGTAATCAGTAAACGT-0	0.022487033	0.0	0.12561716	0.0	0.026188882	0.9062435	0.0	0.0
AGCCAATAGAGTCTTC-0	0.0299572	0.043250777	0.0	0.0	0.4344242	0.5430486	0.0	0.0
CGAATTGAGAGCAGCT-0	0.0	0.0072455304	0.0	0.94385624	0.11043332	0.0	0.0	0.0
CTTTCAACAAAGCTAA-0	0.22705206	0.0057713627	0.7700986	0.047567435	0.06421	0.031241607	0.0	0.007245246
ACGGTCGTCCGAGGCT-0	1.0637114	0.0066347374	0.029456515	0.020604445	0.0	0.0050710835	0.007540319	0.0
GCATTAGCACGTAGTT-0	1.0498005	0.04031027	0.0	0.0012599125	0.0	0.011731645	0.0	0.0018398912
GCCGATGCACTGATTG-0	1.2993805	0.028417896	0.0	0.026780622	0.031730093	0.004992852	0.037942182	0.0033353698
CAGATCAAGTGACACG-0	0.9151109	0.04610013	0.03240987	0.015615818	0.0	0.0	0.0	0.0
ACAGAAACAATTCTCT-0	1.0489383	0.055413283	0.016244423	0.0	0.036634352	0.0	0.0029130748	0.0
GTTACAGAGTCGAATA-0	0.0	0.0	0.0	1.1781778	0.0	0.0	0.0	0.06638438
GGCTTTCCATTAGGAA-0	1.0187476	0.027714528	0.021005014	0.011612698	0.0013717385	0.0008226371	0.012533335	0.0
ATCCATTTCACTCTTA-0	0.98965	0.006012016	0.0	0.005416661	0.013212098	0.0023909083	0.055959217	0.0
TGTGGCGAGCACCGAA-0	0.0	1.1394799	0.0	0.0	0.0	0.0041537383	0.0	0.0046948995
TACAACGAGTCCTGCG-0	0.059969265	0.9841015	0.025636585	0.0	0.0	0.0	0.0	0.0
GTCTACCGTCTTACTT-0	1.1421179	0.021768134	0.0	0.01939408	0.0	0.0054090954	0.0	0.00562578
TTCATTGGTTCGGCGT-0	0.17286436	0.76200515	0.030626016	0.0028619664	0.0	0.002941937	0.0	0.0
CGGAACCTCTCTTGCG-0	1.4591148	0.0048244153	0.0	0.008136028	0.008688561	0.001505353	0.045647237	0.0
CCGATGGAGGTAAACT-0	0.89900625	0.021575212	0.0025077786	0.0041378513	0.00016657924	0.0046874774	0.0	0.00020667279
GTAATCGAGGTAATCA-0	0.09945208	0.0	0.36278445	0.02390168	0.47027615	0.06364299	0.0	0.0
GAAACCTGTGCTCTCT-0	1.1148074	0.0	0.0	0.024547717	0.017054252	0.0	0.022114199	0.0
CATGCCTCACGACTAT-0	0.77372813	0.0	0.0	0.0	0.0017630865	0.0	0.37053823	0.0
GATTTCTTCGTGAGAG-0	0.0	0.0	0.0	0.0	0.00975816	1.0964986	0.0	0.0
AACCTTTAGCAAGGAA-0	1.303033	0.0	0.0	0.0	0.0	0.00013896066	0.0	0.0008033969
TACGGTATCTCTCCGA-0	1.2108301	0.038054418	0.0	0.023158597	0.0	0.0	0.016514886	0.0
GTCGAATAGATGGTAT-0	0.8218573	0.016105505	0.00695346	0.0	0.0	0.0	0.0	0.0
TGGAGAGTCGAGCCAC-0	1.1147132	0.01610225	0.017628683	0.0	0.0	0.008973702	0.0	0.0
TGGTACAAGGCACAAC-0	0.009045607	0.6597664	0.008022169	0.0	0.0	0.016823001	0.026016572	0.0
GATGACTAGTAATACG-0	0.9427102	0.0	0.0053068865	0.016154565	0.014521387	0.0028079231	0.0	0.0
GCACTAATCCTTGGAA-0	1.0615745	0.013965983	0.0	0.0	0.008719127	0.01358543	0.63975537	6.824723e-05
AGCCAATCAAGCTCTA-0	1.3427551	0.04173816	0.0	0.0	0.0	0.0	0.0	0.0069319243
CTACAGAAGACATGCG-0	1.1901058	0.0	0.00086054887	0.013178822	0.0	0.006762952	0.0	0.0
CCTCTCCTCATTCTTG-0	0.91889334	0.014731366	0.0	0.016126009	0.012090373	0.0	0.014750281	0.0015448122
TGATTTCCACTACAGT-0	0.0	1.2323779	0.0	0.0	0.01095498	0.0079465555	0.0	0.0011443378
TTGTTCACACATATGC-0	0.15600756	1.0683101	0.006555339	0.024074007	0.015923312	0.012354364	0.009912281	0.0
CATCAAGCAGCCTATA-0	0.8569993	0.0	0.0	0.0	0.0	0.0	0.5571039	0.0
CACTAAGGTTGTTGCA-0	0.84302986	0.022293381	0.0054024654	0.016452467	0.0	0.007932626	0.0	0.0
TATCAGGCACAAATCC-0	0.0	0.0	0.0	0.8533017	0.050699186	0.032466765	0.0	0.0
ACAGCCGGTTCTCCAC-0	0.96200114	0.19816126	0.0	0.020721432	0.029149832	0.0116817355	0.017154237	0.0
TACATTCTCAAGTGTC-0	0.7067656	0.0	0.039613377	0.0045057964	0.0	0.008281071	0.17072363	0.0
TTTAGTCCATGTGGTT-0	0.9391843	0.019718947	0.0	0.0	0.013068793	0.0051690578	0.0	0.0
CTACCCAGTCTAGGTT-0	0.033959087	0.9235599	0.012500776	0.00830952	0.0	0.018143343	0.0	0.0
GAAGCGAGTCATCAGT-0	0.054852203	0.034121424	0.63380337	0.038232002	0.26193818	0.0006444719	0.0	0.0
GACCAATTCGTCTACC-0	0.87271094	0.07941003	0.0	0.010577135	0.022825131	0.0	0.018391758	0.0
CAGTTCCGTTCGAACT-0	0.011110725	1.1041827	0.02711333	0.0	0.005808878	0.015669847	0.0	0.0
ATTCACTTCGAAGCCC-0	1.0740132	0.06972813	0.016196784	0.005870445	0.019208714	0.0048354315	0.0023051607	0.0
GAGGCCTCAAAGGTTA-0	0.21418118	0.019490128	0.13509338	0.56738174	0.0	0.012981667	0.0	0.2180131
ATGGGAGCATTGACTG-0	0.105432	0.92841846	0.0	0.005772969	0.0066842427	0.0	0.0	0.0
TGTGCGGAGTCGTTAC-0	1.1504306	0.021032017	0.0	0.008945644	0.013958943	0.0	0.016723637	2.2796885e-05
GTTATGGTCGATCCAA-0	0.6859771	0.017974367	0.007298885	0.004823632	0.0	0.0	0.023067685	0.0
CTTTCGGCATACATCG-0	1.0584766	0.02057962	0.016430223	0.003048833	0.0	0.007207966	0.0	0.0
ATACCGATCAAATGCC-0	0.0	0.8599755	0.000979792	0.0	0.0	0.0070066648	0.0	0.0
CTATCCGAGCGAGAAA-0	1.0069025	0.0	0.0	0.0	0.0	0.0	0.0	0.0003929752
AGACCCGCATGACTGT-0	0.88433325	0.0	0.022330437	0.0	0.0	0.0024800731	0.0	0.0
TTACAGGAGACGGAAA-0	1.4690413	0.03930627	0.0	0.022099523	0.018434742	0.0	0.013819675	0.0
TTCCACGAGAGACAAG-0	1.1078488	0.012117964	0.028561749	0.010737195	0.0	0.016912488	0.0	0.0
TAGGTACGTTTCACAG-0	0.0	1.294699	0.0	0.0	0.0	0.0	0.0	0.0
CCCTGATCACAGTCAT-0	0.11064926	0.010870965	0.0	0.006602981	0.013269733	0.91646534	0.0	0.0
AGATCGTGTATGTCCA-0	0.94530684	0.034060203	0.03994323	0.0	0.0	0.0021322817	0.0	0.0
TGAGGGAGTCCAGTTA-0	0.18640587	0.0	0.0	0.0	0.0	0.0	0.0051175295	0.14397775
CATGCTCCATAGAAAC-0	0.9565293	0.04207022	0.02466263	0.010884763	0.0013790488	0.0008164707	0.0	0.0
ATCGGATTCTTCCCGA-0	1.0776232	0.041701473	0.0	0.0	0.0070988187	0.0	0.0	0.0
CTCTGGTAGTGTCATC-0	0.12342285	0.784169	0.04994342	0.021260638	0.0	0.00053062005	0.0	0.0050767865
GGGAAGTTCATATGGC-0	0.83671075	0.022837773	0.025089815	0.0	0.0	0.009599466	0.0	0.0
GTCTTTAGTCATCCGG-0	0.9082655	0.029159764	0.026368117	0.008134406	0.0	0.0	0.0	0.0
TGATTTCCAGGACGAT-0	1.02855	0.05688121	0.007093414	0.01565154	0.025102127	0.008317689	0.0098116305	0.00010148917
CACTGGGCAAGGTCAG-0	0.11984341	0.85390794	0.010150779	0.0029921595	0.01721626	0.010334538	0.009158173	0.0
CCTAACCTCGTAGTCA-0	0.13100909	0.008228754	0.5333604	0.009543091	0.19175816	0.06885773	0.0021856523	0.008776291
ATTTCTGGTGCCCTTT-0	0.0	1.0318569	0.0017782813	0.0	0.0	0.0027385687	0.0	0.0
GTGGGAAGTATGTCTG-0	0.024383198	1.0379918	0.032449625	0.0	0.0	0.010755507	0.0	0.0
TCCTTCTAGCTCGGCT-0	1.0952973	0.023078343	0.0	0.005239994	0.014922831	0.006232918	0.045528818	0.0
TTCACGCAGACGGTTG-0	0.0	1.2123796	0.035893794	0.0	0.0	0.016577883	0.028841725	0.0
GAAGTAACAGCGTTGC-0	0.0	0.0	0.0	1.1251544	0.12630343	0.00783639	0.0	0.0
GACCCTTTCAGTGCGC-0	1.130792	0.048052035	0.00017792064	0.000986226	0.002232676	0.00655836	0.0012256167	0.005334006
ATCCATTAGAGTACCG-0	1.0653886	0.0	0.0	0.0	0.0020645147	0.0103144925	0.027140144	0.008203648
TCGGATACATAATCGC-0	1.5076977	0.0	0.0	0.037183467	0.0336521	0.009878939	0.034667313	0.0034558775
CTATCTAAGTGGTCAG-0	0.002055174	0.0	0.0	0.0	0.0	1.0452263	0.0017968434	0.0
AGACCCGCACAAGTTC-0	0.84982944	0.0	0.0	0.0	0.0	0.009289797	0.33318728	0.0
CTCGAGGTCTACACAG-0	0.25392228	0.014906484	0.0	0.0	0.0	0.0	0.0053670397	0.103965834
ACTGATGAGAACAGGA-0	0.0	0.0	0.006482525	0.036469918	0.011543581	1.0139822	0.010217965	0.0
GCCAGTGTCGCAGTCG-0	1.1977147	0.0	0.017609157	0.0	0.0	0.011949201	0.0	0.0
TGAGGTTCAAGGAGTC-0	0.8783372	0.029321965	0.0141705945	0.011584936	0.0	0.0	0.00032562262	0.0
CCATAAGAGGTAACTA-0	0.87297624	0.0	0.0	0.023533817	0.010810113	0.0	0.0	0.025224607
AAGATAGCACGCGTGT-0	0.8613834	0.01695184	0.03532108	0.0067376923	0.0	0.0	0.0	0.0
GTTAGACCAACGTATC-0	0.99582356	0.04977805	0.0	0.002449516	0.014256463	0.00037048577	0.014883676	0.00036137822
CGGGACTCAAGAATGT-0	0.892276	0.025117172	0.0	0.0	0.034244426	0.0014093317	0.00046549673	0.0
AAGCCATAGTTCATGC-0	0.94713044	0.0	0.0073096813	0.0006328093	0.019250382	0.0018487542	0.0	0.0
GGGTCTGTCCGCACGA-0	0.0	0.0	0.0	0.0	0.037656408	1.0709234	0.0	0.0
GTGATGTCATCGGATT-0	0.021740384	1.0014377	0.05448065	0.008405125	0.0	0.021378454	0.0	0.0
CTGCTCAGTCGCTGCA-0	0.9526134	0.03620882	0.05912106	0.038558356	0.0029702773	0.04295601	0.05513335	0.0
CCTCACAAGAGTAACT-0	0.84132093	0.0	0.024376873	0.045276042	0.020849517	0.044498824	0.023352375	0.0047116717
GCTGAATGTGCCTGCA-0	1.0144887	0.060426906	0.011383227	0.040837046	0.016550213	0.0033591583	0.0058683404	0.0
CTTTCGGTCCATCTCG-0	0.1211463	0.9153149	0.010532138	0.003853712	0.0	0.0	0.012126271	0.0
ACTTATCGTTAACCTG-0	0.5475149	0.034731857	0.0	0.0010768895	0.0019293476	0.0	0.0051865648	0.0
AAGTGAATCGCAAGAG-0	1.3590584	0.008040353	0.009753627	0.0	0.009038579	0.0041070604	0.021694068	0.0
GCTGCAGAGAGCAGCT-0	0.7008939	0.0	0.011385957	0.006977232	0.0	0.006466675	0.0	0.0
GATCCCTCAGTCTGGC-0	1.1827477	0.025930943	0.0037541997	0.009490482	0.0018349718	0.005929532	0.0006735633	0.0
CGAAGGATCTTCGTGC-0	1.2362738	0.030285323	0.0	0.0039113616	0.007096072	0.0061206566	0.0	0.0019071747
CTCTCAGGTTGCCATA-0	0.9226928	0.0	0.008688315	0.017387467	0.024585322	0.007414732	0.011463385	0.0
ACTATCTCAAATGAAC-0	0.98503774	0.0	0.0	0.006694259	0.0	0.0	0.0	0.0
CAGCAATCATGTCGTA-0	1.2870053	0.050519668	0.009110451	0.034178082	0.0	0.0032532893	0.0	0.0
TTTAGTCAGACTTGTC-0	0.64591306	0.027104156	0.037264816	0.0	0.0	0.00081800605	0.008403631	0.0
ACTATTCCAGGATGAC-0	1.0080727	0.0028720032	0.022251453	0.013643642	0.0	0.014523953	0.0	0.0
GTGCAGCCACCCTTGT-0	1.0174826	0.0	0.0	0.0	0.0	0.0	0.011372683	0.0
AACCCAAAGCGAGTCA-0	0.9381713	0.0	0.0011048283	0.0	0.0	0.0005743038	0.057455055	0.0
TCCCAGTAGCATCCTA-0	0.9900593	0.017918156	0.0	0.0	0.0023705272	0.00885041	0.011214742	0.0
TTGCATTCATAACTCG-0	0.7395322	0.030431904	0.025139496	0.0039770156	0.0	0.0	0.0	0.0
CCTTCAGCAGGTAGTG-0	0.14513789	0.031723045	0.68804026	0.03135309	0.30169195	0.052377064	0.0035547605	0.0
TTTACTGAGACGGTTG-0	0.99932855	0.13306876	0.023932012	0.027537964	0.0138352495	0.02920484	0.008541045	0.0
TGCTCCAAGAGTGGCT-0	0.04821516	1.1406686	0.0	0.0	0.0	0.0	0.0	0.0
TTGTTGTTCGAGCCAC-0	0.89578605	0.02477838	0.014477985	0.0	0.0	0.005271222	0.0	0.0
GGCTGTGCATCTTAGG-0	1.0611422	0.04506315	0.0	0.0	0.0043062624	0.0044338917	0.025554525	0.0
AGTGTTGAGATGTTAG-0	1.1622872	0.0077523384	0.0	0.012685228	0.019146148	0.0	0.01926521	0.0
AGAACCTCAAGACTGG-0	1.0555303	0.028716939	0.0	0.013142125	0.025321184	0.0076584443	0.0	0.0
CTCAGTCAGCACCGAA-0	0.06575213	1.1797417	0.038963877	0.010455414	0.0	0.0103582535	0.0	0.0
GGAACCCGTGCATGAG-0	1.0648103	0.0	0.0	0.0	0.007636071	0.017021444	0.03215384	2.0107274e-05
TGACAGTGTGTCACAT-0	1.19606	0.0014365385	0.0	0.0031044462	0.0	0.0055887317	0.0	0.0
AAGAACACACTACTTT-0	0.0	0.0	0.0	0.9518389	0.06057635	0.0	0.0	0.0
CTTCTCTAGTCAGGGT-0	0.14200611	0.0	0.1785988	0.028700544	0.7541304	0.003028672	0.0	0.0
GAAGGACTCTTGGAAC-0	0.75707155	0.04123997	0.0377131	0.007830777	0.0060232156	0.0008229932	0.0	0.0
TCCAGAAAGCTAATCC-0	0.776835	0.02426515	0.0	0.011069165	0.016379155	0.01057296	0.0	0.0011001666
TTGTGGACATGAAAGT-0	0.105510786	0.7798277	0.023349218	0.010053584	0.0019804917	0.0011725682	0.00054159126	0.0
TAAGTCGCAAGACCGA-0	0.0	0.0	0.0	1.1886178	0.0	0.0	0.052350506	0.0
CTTCCTTAGGTCACCC-0	0.13921158	0.033577632	0.019071955	0.052139238	0.64222634	0.26835462	0.0	0.004942726
CGCATAACAGCTACAT-0	0.06845516	1.1193669	0.02816645	0.0015831505	0.0074389568	0.03367559	0.0022029337	0.007770731
AGTCTCCTCTCCAATT-0	0.022927115	0.0	0.24455807	0.011885378	0.7691994	0.0	0.0	0.0
TCATGCCTCTGGTCAA-0	0.0	0.0	0.694973	0.015083864	0.30377185	0.058373403	0.0040548104	0.0
CAATCGACATAATCCG-0	0.03390581	0.0011026605	0.07514149	0.005344274	0.12557305	0.87062204	0.0	0.0
AGACACTTCTGGGCAC-0	0.097994015	0.9193112	0.023200395	0.029973567	0.0	0.019311575	0.004048077	0.0
TAACGACCAGCATGCC-0	0.17003171	0.9101145	0.0658579	0.019315833	0.0	0.020200247	0.0	0.0
GCCAGGTCAGTATACC-0	1.0650669	0.02073425	0.0022817012	0.009262756	0.0117935985	0.009353056	0.0	0.0
TCGGGACTCACTTTGT-0	0.2372849	0.0015524668	0.122196004	0.37706548	0.0	0.015388607	0.012066161	0.0
CCGCAAGTCTCGGGAC-0	0.37983626	0.046024915	0.009390126	0.0	0.0097218705	0.009579914	0.013079672	0.04322327
TTTGGAGAGAAGCGCT-0	0.0033993418	0.0	0.0	0.0	0.0	0.961511	0.0	0.0
CTCTCAGGTATGTGTC-0	0.9121732	0.08911603	0.045715105	0.0077698627	0.0	0.011196361	0.018472169	0.0
CACTAAGAGCAACTCT-0	0.25213546	0.058556143	0.09723852	0.0068719317	0.0	0.54768485	0.0	0.0
AAGCATCCAAACGGCA-0	0.88715136	0.0043364335	0.016370928	0.015128266	0.005594039	0.0023808135	0.025041208	0.0010325488
AATCACGTCTTGAGCA-0	0.9198886	0.0440789	0.008657979	0.0074518276	0.009264471	0.0126139745	0.0026346147	0.0
CACTGTCGTCGATTAC-0	1.1731988	0.0017499424	0.013365927	0.014401616	0.03031667	0.0	0.023708258	0.024247019
GCACGGTCAGGTGTTT-0	1.1106101	0.036233407	0.0	0.027504077	0.019539842	0.05743279	0.027700279	0.0
TGCAGATCATGAGGGT-0	1.3277076	0.043971844	0.009287793	0.0022899893	0.020481098	0.004755823	0.03057755	0.025736235
TTCCGTGGTGCTCTCT-0	0.0	0.5700066	0.019153966	0.0	0.0	0.0	0.45744136	0.0
GTTACGAGTGAGACGT-0	0.061022937	0.017980412	0.025036702	1.1229905	0.0	0.07863624	0.0	0.060221538
CAATACGAGCTTCGTA-0	0.93071467	0.028777458	0.0	0.0070685404	0.0	0.0	0.011492776	0.0
TACCCACTCAGGACGA-0	0.6609572	0.020002857	0.031438246	0.010166879	0.0071799913	0.0051143877	0.0	0.0
TACCGGGGTCAGACTT-0	0.12781014	1.0278766	0.0	0.0	0.0	0.0	0.0016435024	0.0
TACGTCCTCTACTTCA-0	0.0	1.0788598	0.0	0.0	0.009708066	0.0	0.0	0.0
ACACCAAGTCGAACAG-0	0.0	0.92960423	0.018206345	0.008886154	0.0081124175	0.028411029	0.0003108639	0.0073177796
CGGTCAGAGTTAGTAG-0	0.12494751	0.027064938	0.044785284	0.060281068	0.4732884	0.14451243	0.0	0.0
TTCTAGTTCTTTCCGG-0	1.0199035	0.0	0.0	0.0	0.025064552	0.0	0.22822706	0.0
GCAGGCTCACTGCGTG-0	0.0	1.1429529	0.0	0.0	0.019344734	0.011672829	0.0078713065	0.0
CCGGTGAAGCCACTCG-0	0.018744633	1.1600869	0.0	0.0	0.0	0.0	0.0	0.0
CCACAAACATACAGCT-0	0.16527818	0.84382993	0.0011566461	0.01513189	0.0	0.0039634556	0.011434236	0.0010914305
CATTTCACACGCTGCA-0	0.0	0.3382708	0.0	0.008887277	0.0	0.0	0.7053353	0.0
CAGTTAGTCGCAATGT-0	0.77769464	0.06769917	0.0	0.0037295767	0.0024235742	0.005287175	0.012277343	0.0
TGCTTGCCATAACAGA-0	0.049968623	0.86753577	0.012567742	0.0	0.0	0.01927081	0.0	0.0
CATGGATCAGGTTTAC-0	0.15274328	0.07788431	0.40881646	0.0023427089	0.3253784	0.056182712	0.0	0.036202963
ATCGTGACATTATGCG-0	0.0	1.0839711	0.036368016	0.0	0.008411221	0.01800159	0.0	0.0
TCTAACTGTAGACGGT-0	0.7509802	0.008313062	0.02869748	0.0041385847	0.0020277852	0.0020880515	0.0	0.0
GTACAACAGCTCTGTA-0	0.0	1.1186315	0.023727579	0.0	0.0	0.0050936555	0.0	0.0
AAACCCATCAAGCCAT-0	1.0778921	0.0	0.0	0.0004569736	0.009365088	0.0073558637	0.0	0.00021833817
ATCCATTCACAAAGCG-0	1.1854894	0.010448054	0.01582163	0.0	0.0	0.0	0.0	0.0
CACGTTCCATGACTCA-0	0.885486	0.041126043	0.0	0.00025557898	0.02109704	0.006631417	0.0	0.0
CTACCCATCATGCCAA-0	0.8582744	0.014813068	0.0	0.0055292174	0.011141321	0.0130090285	0.0	0.0
TGCTCCATCTCGGTCT-0	0.08832793	0.9228115	0.056560364	0.015368474	0.0	0.0	0.0	0.0061014844
GGTAATCTCCGGGACT-0	0.64829797	0.045220606	0.053746898	0.012647998	0.0	0.0033703025	0.0	0.0016535817
CACCAAAAGAGAGCCT-0	0.0	0.0	0.0	0.0	0.0	1.21729	0.0	0.0
GCATGATTCCGATAAC-0	1.1421125	0.0	0.0	0.0	0.007020331	0.0	0.06804807	0.003918505
CATCCGTAGTAAACAC-0	0.84471214	0.04836949	0.0	0.006978713	0.013383715	0.0	0.03809786	0.00037011033
AGAACAAAGTTGCGCC-0	0.04380527	0.0007948173	0.7709367	0.057809256	0.0735542	0.054645076	0.0	0.0
GCTGCAGTCTCACGAA-0	0.8943489	0.0	0.05291643	0.007710731	0.0	0.00265958	0.0	0.0
CGAAGTTCACAGAGAC-0	1.0013295	0.009911655	0.0038470193	0.007898864	0.0	0.0011645971	0.0	0.0
TCGTGCTCAAAGAACT-0	0.86531544	0.020573726	0.07682977	0.009629248	0.0	0.006824664	0.011298095	0.0
TCGTCCACATGCCGCA-0	1.0888711	0.00045410343	0.0	0.0063592484	0.0015322419	0.002953509	0.0	0.0
GATGATCTCTTGATTC-0	0.7579298	0.04043594	0.025255533	0.014136924	0.0	0.0	0.0	0.0
TACTTCAGTAACAGTA-0	0.98834723	0.035210967	0.03548722	0.0034832724	0.014389623	0.012539726	0.0	0.0070004896
CAAGCTATCCCGAATA-0	1.1168575	0.0	0.0	0.046202943	0.010688738	8.0656646e-05	0.11979191	0.0
GTTGCTCTCTATCACT-0	0.09692585	0.0	0.024300812	0.66174823	0.11153254	0.0	0.027225949	0.0
GATTTCTAGATTAGCA-0	0.12187124	0.0	0.011124057	0.0065100146	0.0	0.84240294	0.0	0.0
TAGATCGGTGTCCTAA-0	0.0	0.0	0.07860155	0.0	0.0009877526	1.0168844	0.0	0.0
GGTTCTCAGATGGTCG-0	0.04285771	0.0	0.06515863	0.008987882	0.85663086	0.16289382	0.0	0.0
TGTACAGGTATATGGA-0	0.9188234	0.017292269	0.01715987	0.0	0.0	0.016019054	0.0	0.0
AACCTGACAACAGCCC-0	1.2395159	0.041592248	0.0	0.028331703	0.014026363	0.0	0.007840376	0.0486974
CGGTCAGGTCCACAGC-0	0.18082464	0.00076055125	0.0	0.0	0.0	0.0058015757	0.0058110035	0.044350415
GCACGTGCAATTGTGC-0	0.0	1.179381	0.0	0.0	0.0051693143	0.020520752	0.0	0.0
TATTGGGAGAGCCCAA-0	0.7387765	0.03590753	0.0	0.004202919	0.0	0.0019332622	0.0	0.0
TGGGATTTCATTACGG-0	0.13875699	0.97822744	0.0075019896	0.002974489	0.050761547	0.035154525	0.0	0.014625298
ATGAAAGCAGCGGTTC-0	0.8643967	0.020967146	0.034908935	0.0	0.0	0.004778011	7.26527e-05	0.0
TCATGTTTCACCTCTG-0	0.6780053	0.07112234	0.0	0.008748324	0.01898159	0.0	0.0033678734	0.0
TCTTCCTGTCGTGATT-0	0.71898025	0.30320337	0.03261091	0.01673326	0.009540031	0.0	0.058019616	0.0
CTGTAGACAGTATGAA-0	1.1199955	0.11167961	0.015439209	0.0	0.03207797	0.0032468245	0.0	0.0
AAGGAATTCGCAATTG-0	0.93236303	0.020775663	0.027341273	0.0	0.008097288	0.028074786	0.0	0.0
GCCGTGATCCTTATGT-0	0.79502064	0.009837845	0.08880893	0.016585348	0.0	0.0	0.02112442	0.0
CTCCTTTCAGTAGAAT-0	1.1949415	0.06667022	0.03500215	0.0	0.017624464	0.0038759746	0.0050785765	0.0
GTCGTTCCAATTTCCT-0	0.07412658	0.01184924	0.7558291	0.0	0.08798716	0.10062698	0.0	0.0
CAGTTCCGTGGCATCC-0	0.0	0.79300135	0.013084661	0.0	0.0028661932	0.0019339714	0.294997	0.0
TCCTCGAGTGCGTCGT-0	0.9750282	0.012961617	0.0	0.013821828	0.01450999	0.00718839	0.0072393613	0.0009901574
TTCTCTCGTACGCTTA-0	0.027390191	0.97394484	0.006209085	0.007895152	0.0	0.023423823	0.0	0.0
AACCAACAGATAGTGT-0	0.0	0.0	0.0	1.1389481	0.15476763	0.0	0.0	0.0
TTCTCTCCATTATGCG-0	0.8676899	0.005035061	0.016990952	0.018950038	0.005267845	0.0	0.0	0.0023103429
CAGATCATCTCATTTG-0	1.019718	0.024813462	0.0031691042	0.008170802	0.0	0.0051142853	0.022593575	0.0
AGCTTCCGTACGCTTA-0	0.9429045	0.039576698	0.012755825	0.004891673	0.002244216	0.0038361403	0.0	0.00017640246
ACCATTTCACAAGCAG-0	0.07456358	0.0	0.0	0.0	0.0	0.013447248	0.0012368375	0.04496659
TGACGCGCAACAGCTT-0	0.027318567	0.0	0.0	0.015423298	0.7342188	0.27362525	0.008202841	0.0
GAAGGACCATCGAACT-0	1.3094853	0.030955909	0.0	0.020213662	0.0001474477	0.019632706	0.0	0.0
GTCATCCCATTAGGCT-0	0.7812879	0.0044302507	0.027457599	0.00033038904	0.008489526	0.004300366	0.0	0.0
CTTTCGGAGTCAGCGA-0	1.0193903	0.0014967794	0.0	0.0	0.0	0.0	0.0	0.0
GAGATGGAGCTTGTGT-0	0.11511113	0.025322476	0.31525967	0.044470128	0.30153105	0.04463675	0.008343414	0.0
TCATTACAGCCTCTGG-0	0.9561548	0.053958777	0.0	0.0	0.015312855	0.0025429174	0.0	0.0
TCCATGCTCTATGCCC-0	0.0	0.0	0.0	1.0096204	0.114421256	0.0	0.0	0.0
AGGCTGCAGCAAACAT-0	0.028908683	0.0047223954	0.008919191	0.0	0.0	0.9456455	0.0019269473	0.0
TGTGAGTGTGTGACCC-0	0.0	0.0	0.0	1.0212731	0.065930665	0.0	0.0	0.0
CCTCCTCTCGGCTGGT-0	0.091200545	0.013385636	0.45875368	0.05600759	0.18221311	0.1782545	0.0	0.004729794
CATTGTTGTTCTCTCG-0	0.21495546	0.029276872	0.5350286	0.05248157	0.009773927	0.029101418	0.0	0.0
CATGCGGCACCCTGTT-0	0.83871424	0.071872905	0.02374279	0.0086127175	0.03668716	0.0	0.0038751657	0.0
TCAGTGAGTGTCCATA-0	1.0404629	0.032197263	0.0	0.0034954355	0.0053427564	0.0	0.015988464	0.0
CGTAATGAGTGGACTG-0	0.08224113	0.039572828	0.46546066	0.0	0.37260237	0.057820734	0.0012247964	0.0
TAATTCCCAACGGTAG-0	0.0038134607	0.0	0.0	0.0	0.29273	0.69625956	0.0	0.0
GGAATCTGTATAATGG-0	0.9046322	0.0	0.018096836	0.015644066	0.003151264	0.021134283	0.019751983	0.0
GATGTTGAGCGACTAG-0	0.0	0.0	0.0	0.0	0.568477	0.46433595	0.0	0.0
AAGCATCTCGTGGACC-0	0.045560762	0.0	0.5232635	0.0	0.23024818	0.014182496	0.0	0.0
TGAATGCGTGCAAGAC-0	0.86346215	0.018051116	0.0	0.019506747	0.01937416	0.0	0.059704915	0.0
GACATCACAGAGACTG-0	1.1159426	0.0	0.0	0.0	0.0	0.009899778	0.028048376	0.0
CCAAGCGCAATTCTTC-0	0.0	1.1237528	0.042787492	0.012186159	0.012354457	0.02526211	0.0026318196	0.0
TGGGAAGTCCACTGAA-0	1.311495	0.05602803	0.0	0.009897161	0.008884773	0.018281968	0.009191313	0.0
TCCATGCTCCGCGAGT-0	0.035957854	0.03041568	0.6799628	0.024117282	0.085785896	0.00060744194	0.0011356288	0.0
ATGATCGAGTGTTCCA-0	1.063817	0.028441219	0.0	0.0	0.035936866	0.0	0.022516336	0.0
CATAAGCCATCACCAA-0	0.0	1.251824	0.0	0.0	0.012320939	0.03289605	0.06341956	0.0
GCATCGGCATCATCTT-0	1.1623727	0.010810742	0.0	0.010958333	0.0	0.0030748954	0.0	0.0
TTCGCTGCAAGCACAG-0	0.045763187	0.0	0.0	0.0	0.0	0.0059583616	0.0	0.031136086
ACGTCCTTCATGGAGG-0	0.7931456	0.20137623	0.06712352	0.028605767	6.539589e-05	0.0	0.011177197	0.0
CGGAACCAGTTTGAGA-0	1.1066083	0.064065985	0.0	0.011312468	0.0	0.0007877406	0.04822771	0.000110836016
GAGTCTAGTCAAGTTC-0	0.81884503	0.020661227	0.0	0.01760267	0.007228834	0.0027506084	0.0	0.0
AATGGAATCGTTCTAT-0	0.011505225	0.0	0.009920744	0.0	0.07947735	0.9743133	0.0	0.0
TTCCTAAGTTCCTTGC-0	0.15649973	0.0063210414	0.16760331	0.060873445	0.48259762	0.23906745	0.0	0.0
CTCTCGAGTATGCTAC-0	0.40255073	0.31208125	0.049116928	0.03271123	0.004961679	0.0041489876	0.05390799	0.0
TGCTGAAAGAGTTGAT-0	0.037561465	0.0	0.22163656	0.0	0.07530328	0.58855873	0.0	0.0
GGCTTTCAGTCGGCAA-0	1.0508796	0.023085594	0.0	0.0	0.029231843	0.0	0.026463404	0.0
TCATTTGGTCCTTAAG-0	1.1785018	0.0	0.013397701	0.0066459556	0.0	0.009298688	0.002230935	0.0008764829
CCACACTTCTTCTGGC-0	0.9148116	0.016007712	0.0049465676	0.0020354178	0.007658131	0.0	0.0	0.0
AGAAGTAAGCAGGTCA-0	1.0148934	0.099038556	0.05157172	0.020550434	0.015702955	0.0064601856	0.02207194	0.0
AGACAGGGTAACCCTA-0	0.66267675	0.008102142	0.0	0.0008781075	0.008063547	0.0	0.0	0.0
TCTATACAGGTGCAGT-0	0.91493434	0.0022196504	0.0026059994	0.057317052	0.0048897704	0.0020546012	0.005340325	0.006560344
GTAACACTCCACGTAA-0	0.6606488	0.07176152	0.025270188	0.01997279	0.0	0.009330726	0.0	0.0
AAAGGTATCGGCGATC-0	1.080105	0.07120849	0.0	0.0008705601	0.0025846444	0.011160903	0.019197064	0.0
TACCGAAAGTAGGTTA-0	1.3337705	0.033641856	0.0	0.0	0.0	0.0	0.0	0.0
TTAATCCAGATCGCCC-0	0.9322054	0.0041061463	0.0	0.007843223	0.008335132	0.0	0.016033534	0.0
CGGGCATAGGTAGCCA-0	0.80065936	0.041220292	0.038152944	0.013365351	0.0	0.022163697	0.0	0.0
CTATAGGAGCTGAAAT-0	0.910657	0.05253782	0.0	0.0	0.024550676	0.0	0.03488557	0.0
GGGTCTGGTATCCTTT-0	0.16742186	0.016263587	0.28484765	0.0803074	0.470302	0.012798621	0.0	0.0
TCATACTGTCGCTTGG-0	0.0	0.0	0.0	0.0	0.0	0.9260963	0.0	0.55622905
GATGGAGCAAGAAATC-0	0.0	0.0	0.28789294	0.0	0.5771017	0.0	0.0	0.0
CCCTCTCAGACGTCCC-0	0.0	0.8682558	0.0142670525	0.0	0.005198404	0.0024325328	0.0	0.0
CTGTGAATCGTCGATA-0	1.4036666	0.03729426	0.0	0.0	0.0026898405	0.0059764315	0.0121330125	0.0024497686
TCTACCGGTAAGAACT-0	0.15309551	0.0	0.0	0.0	0.0	0.0	1.3135798	0.0
TCGTAGAAGAGGTGCT-0	0.0	1.0689391	0.041002452	0.006620016	0.015304694	0.061119895	0.038054287	0.0074338466
GGGTCACCACCGAATT-0	0.21109197	1.1014527	0.0	0.0089024	0.0023704993	0.0015327885	0.022937905	0.0
TCAGCAAGTAGGACTG-0	1.0941162	0.028559102	0.0	0.0045605716	0.0	0.0	0.0	0.0
AGGATCTGTAGAATGT-0	1.0194049	0.010809964	0.0	0.00038804868	0.005432826	0.015049104	0.0	0.0
AGCTCAAGTTGAAGTA-0	0.8050134	0.020115066	0.024739994	0.009630129	0.01058802	0.0	0.022974437	0.022078393
TAAGCCAAGATGGGCT-0	1.2302994	0.06301922	0.0	0.009218509	0.0	0.009157622	0.0	0.0
CTCAAGATCAAACCTG-0	0.7762421	0.0	0.008586521	0.0	0.0009900336	0.0	0.0	0.0
GAATCACTCTGTCGTC-0	1.0642312	0.020072412	0.003209785	0.0	0.0051981113	0.005775533	0.0	0.0
CTAGACAGTGAGTAAT-0	1.1281531	0.056680325	0.0	0.0	0.022629986	0.0	0.00024108238	0.0
GCATTAGCATGACTCA-0	1.1817358	0.102711976	0.009082136	0.0045570773	0.0	0.0	0.013642824	0.0
AAGTGAAGTCACTACA-0	0.92236394	0.017644407	0.018259203	0.0092336815	0.0	0.0149585195	0.0	0.0
ATTGTTCCATTGACTG-0	0.16119835	1.0697352	0.0	0.0020695282	0.0	0.0037432641	0.0	0.0
TGGGAAGTCGCGTCGA-0	0.0	0.0	0.0	0.0	0.0	1.2506306	0.0	0.0
GTCCCATTCATCCTAT-0	1.2915335	0.0	0.0	0.014615665	0.0023593332	0.008123075	0.28205535	0.0
CTGAGGCTCCCGTTCA-0	0.15244892	0.88520306	0.0	0.015305105	0.0024864732	0.016908754	0.0186272	0.0
GTAGAGGAGTTGGACG-0	0.12950997	0.026119608	0.0	0.0034477725	0.663331	0.16576904	0.0	0.0
CGTTAGATCGTTCTCG-0	0.12050162	0.100475594	0.012289496	0.5776624	0.012862387	0.064916104	0.010313398	0.006268954
GGTGTCGGTATCCCAA-0	0.9813818	0.0	0.0	0.0014786322	0.00094145373	0.0	0.017284216	0.0
GACCAATCATGAAGCG-0	0.85487247	0.034972794	0.005519446	0.0	0.01940092	0.0007551347	0.0	0.0
CTCAGTCGTCACTTCC-0	0.07265728	0.054276127	0.0	0.8453771	0.0012164897	0.031407844	0.0	0.026485795
CTCTCAGGTGAGGCAT-0	0.93426317	0.041254517	0.0070451163	0.02154657	0.021968696	0.012730966	0.03428313	0.0
AGTGACTTCTAGTTCT-0	0.86814684	0.024791664	0.036988895	0.014550533	0.0	0.006328641	0.0	0.0
TAGCACAGTCCAGCAC-0	0.0	0.0	0.406765	0.009227695	0.6467826	0.0	0.0	0.0
GTAATGCTCGGCCAAC-0	1.2303334	0.027252717	0.048885565	0.030409927	0.0	0.0	0.0	0.0
CCTACGTCAGACCTGC-0	1.0711265	0.0	0.011022036	0.010426022	0.031304535	0.0	0.07431845	0.0
GGTAACTTCTTTGCGC-0	0.02320583	0.0	0.022257425	0.71962607	0.0	0.007744027	0.0	0.0
CTGGCAGCAACAGAGC-0	1.0505364	0.006936699	0.0	0.018449502	0.0045748185	0.01250686	0.008655458	0.0010269369
ATTATCCTCAACTGGT-0	0.794717	0.03370851	0.0	0.009250268	0.010457596	0.008234465	0.01091404	0.0
ATCCGTCCAGAGATTA-0	0.0	1.0807397	0.0061005796	0.0015267455	0.000886616	0.010922965	0.0	0.0
TTGACCCCAGTCCCGA-0	0.99519575	0.027857793	0.025976546	0.0035628215	0.0	0.0041773557	0.0	0.0
TACCTCGAGCGTGTCC-0	0.9994963	0.0060526324	0.0	0.0	0.014845921	0.0	0.0169202	0.004965073
ACGTAGTGTACTGCCG-0	1.2998329	0.010754793	0.0100637805	0.0055876984	0.01372735	0.012753848	0.017799884	0.0
GTTCGCTAGATCGCCC-0	0.0	0.969968	0.0	0.0	0.0	0.0	0.0	0.0
CATCGCTTCGCAACAT-0	0.9428127	0.0	0.016065478	0.0	0.0	0.0	0.011118791	0.0
TCACATTGTGTATCCA-0	0.9358366	0.025246054	0.0	0.013511698	0.0	0.0	0.0	0.0
GGAGCAATCGACCACG-0	0.17756608	0.035231832	0.658022	0.05618741	0.4090119	0.050206516	0.0	0.0
ATGCGATTCGAACGCC-0	1.0602462	0.015330253	0.0012780551	0.0070372266	0.011946488	0.010341714	0.026463617	0.0
TCTCCGAGTGGATCGA-0	1.2604526	0.015138931	0.02171136	0.0020791513	0.008612844	0.0013655174	0.0	0.0
CGCCAGATCCTAGCCT-0	1.2040099	0.020599792	0.0	0.0030246715	0.00048578237	0.0054197097	0.022961525	0.0
CCGTGAGTCCCGAACG-0	0.94565123	0.026078528	0.030935507	0.021001847	0.0	0.017531179	0.0	0.0
TCTCACGCACGGAAGT-0	0.89886254	0.036388975	0.0	0.013940125	0.007943464	0.0	0.020548087	0.00018198323
ACCCTTGGTCGGATTT-0	0.052140694	0.95939386	0.031701624	0.0	0.005021212	0.015361001	0.0	0.0
ATGCATGTCTTGCAAG-0	1.0623976	0.15290281	0.0	0.0	0.034576472	0.0028004928	0.033470295	0.0
TGACTCCCAACGATTC-0	1.3818995	0.0	0.0	0.0	0.0	0.0036584542	0.027410503	0.0031076828
GTTTACTCACGGTGCT-0	0.0	0.0	0.0	0.0	0.049993966	1.077761	0.0	0.0
ACGTAGTTCGCAGATT-0	0.0	0.0	0.0	1.1929691	0.0	0.0	0.0	0.0
AACCCAATCTTACGGA-0	0.14887862	0.017904509	0.2751816	0.03228758	0.56378585	0.0	0.0	0.0
GTGCTGGCATAACAGA-0	0.0	1.0975809	0.0	0.0	0.0	0.0	0.0012477055	0.0
CACTAAGAGTACTCGT-0	0.1459045	0.0	0.062082306	1.0499681	0.0	0.061138067	0.0	0.004189319
TAGGAGGTCCTCACTG-0	0.86123705	0.00982346	0.010089615	0.006764333	0.0	0.009208754	0.052616145	0.0
CTGATCCAGGGCTGAT-0	1.3483543	0.0058209654	0.0	0.0	0.0	0.0046652392	0.0	0.0
ATGTCCCCATCGGAGA-0	1.0779105	0.013731797	0.0056613414	0.0	0.0	0.0	0.0	0.0
ACGGTTATCGGATACT-0	0.96964586	0.0	0.0011036907	0.022727702	0.021149263	0.012186004	0.014782681	0.0
CGAGGCTGTGATCGTT-0	0.0	1.0665174	0.024140475	0.0	0.0	0.015087846	0.0	0.0
TCGCACTGTCCGCAGT-0	1.0123583	0.01051811	0.0	0.0	0.0	0.016522579	0.0	0.000481393
TGTCCCATCTCGAGTA-0	0.79866356	0.042039234	0.0018384341	0.0011210156	0.009353849	0.0	0.0	0.0018638918
CCAATGACAATACCTG-0	0.0	0.0	0.0	0.0	0.99037117	0.08634412	0.0	0.0
CGTTAGAGTTCGGCTG-0	0.8849289	0.030465022	0.042970937	0.0	0.0	0.01204019	0.012126652	0.0
GGGCCATTCGGAGATG-0	0.49740595	0.13742223	0.023146149	0.027395053	0.0059186984	0.0	0.02730523	0.002089994
AGACAAAGTAGATGTA-0	1.2649595	0.08569899	0.0	0.003907763	0.03847691	0.015438336	0.04369936	0.0
CCACGTTTCCGTCACT-0	0.08901777	0.9764488	0.020793714	0.027524043	0.010418382	0.012980159	0.005158194	0.0
TAATCTCTCAGGCGAA-0	1.0397873	0.048860688	0.0067443457	0.011704844	0.000113797905	0.013691862	0.0	0.0
GCATTAGTCCGATCGG-0	0.96559966	0.04183291	0.023355877	0.01895703	0.006540349	0.0047240313	0.0040060123	0.0
TCCTTTCCACCAGCGT-0	0.8415271	0.007770345	0.03360897	0.013596716	0.0	0.0049556806	0.0	0.0
ACGTTCCCAGCAGGAT-0	1.2179725	0.059558067	0.0	0.020470167	0.011275001	0.005271435	0.03662241	0.0
CTCCGATAGCCTAACT-0	0.09060644	0.9120942	0.0	0.0014497312	0.027369378	0.011310246	0.06562131	0.0
TCCATCGAGCATCCCG-0	1.1707221	0.060690034	0.02708677	0.019866018	0.0	0.028458627	0.10243516	0.0
TTACCATTCGTAACAC-0	0.07256842	0.0	0.0	0.0	0.0	0.0	1.4542545	0.0
GCTGGGTTCTGAGGTT-0	1.1732532	0.049436007	0.005325745	0.013090284	0.0062250723	0.02600295	0.019888697	0.0
CATTGCCTCAGAGTTC-0	1.015401	0.023532147	0.0	0.010805223	6.15299e-05	0.0064915237	0.0	0.0
CCACGTTCAGCGGTTC-0	0.9810587	0.02396121	0.013135186	0.0030395854	0.037801526	0.0019419894	0.0	0.002540573
GCAGCCAAGGTTGAGC-0	0.21334742	0.043565765	0.26996446	0.43712002	0.15913449	0.04105372	0.0	0.034634184
AAGTCGTGTTACGTAC-0	1.368457	0.0076862457	0.0	0.012506162	0.0	0.0023869025	0.016868621	0.0
TACAGGTGTCGTGGAA-0	0.045371067	0.011232586	0.09654028	0.03681741	0.6540162	0.16460593	0.0	0.0
ACAGAAAAGGTCGACA-0	1.000155	0.048666783	0.020780222	0.015257863	0.017094435	0.0032865843	0.029963648	0.0
ATAGGCTAGCATCAGG-0	0.0	0.0	0.019657489	1.0812347	0.006663145	0.05098492	0.0	0.022605361
TCCTGCAAGTGCTAGG-0	0.6914022	0.019101575	0.003669732	0.0	0.015804041	0.0	0.0	0.0
CTACCCAGTCCAATCA-0	0.0	0.0	0.0	1.0817974	0.044938255	0.0	0.36297983	0.0
ATCCACCGTTCCGCTT-0	0.019058138	0.95430756	0.026832502	0.0061558727	0.0029675425	0.0	0.16125508	0.0
ATGAAAGGTGGAACCA-0	0.0	1.2376121	0.0	0.0	0.0051740767	0.0	0.0	0.0
GACCGTGGTGATCGTT-0	1.0019554	0.03178918	0.0	0.0	0.0015165678	0.03152653	0.0	0.0
CTGTATTCATTGAAAG-0	0.0	1.0977523	0.0002785722	0.0	0.0073319036	0.015508523	0.0	0.0
GGAATGGAGGATTTGA-0	0.14858222	0.8916802	0.010756612	0.03041292	0.0	0.020806933	0.0	0.004905936
CATGCTCGTGAAAGTT-0	0.96901536	0.023650195	0.008706958	0.0	0.015949568	0.008317702	0.0	0.0
GACCCAGCACGACGAA-0	0.14842342	9.0202346e-05	0.016986072	0.006951805	0.0005629577	0.85783136	0.0	0.0
GCCGTGACACCATTCC-0	0.7991404	0.025623303	0.0	0.0	0.0	0.0048086946	0.0053715063	0.0
GATCCCTTCCCAATAG-0	1.0856781	0.0	0.025866853	0.012336467	0.0	0.0034889292	0.0008287607	0.0
AGGGTTTTCAGGACAG-0	1.1471208	0.029310958	0.04944609	0.012324609	0.0054313424	0.015205028	0.0	0.0
GTACAGTGTTACACTG-0	0.06637698	0.0	0.0	0.7238774	0.090658806	0.0	0.0	0.0
TTCCAATAGTCGAAGC-0	0.9460179	0.0142688975	0.0	0.023979962	0.0	0.0048651122	0.0038395415	0.008723718
CATACAGCAGGCGTTC-0	0.9748815	0.029880634	0.0	0.009492227	0.0127408495	0.015549284	0.0	0.0
GTATTGGTCATTACGG-0	1.0724692	0.030644814	0.0	0.0	0.019241862	0.0366287	0.039822355	0.0
TGGTACACAACTTCTT-0	0.3188552	0.0	0.0	0.0	0.0	0.0	0.7443462	0.0
CCTCTCCGTGGACTAG-0	1.093231	0.058603454	0.034417767	0.018799996	0.0	0.0068020537	0.0	0.0
CCTGCATCACCCAATA-0	0.57936716	0.124245815	0.04727999	0.008271856	0.0	0.0	0.0012292382	0.0
ATCGTGATCAGCGCAC-0	0.025654476	0.8245171	0.0440965	0.0011062358	0.0	0.0072683133	0.0	0.0
AAAGGTATCGAACTCA-0	0.006137991	0.9674069	0.021371529	0.0	0.0070514204	0.012684555	0.14023586	0.0
TGGAACTGTAATGCTC-0	1.3475393	0.0	0.024642082	0.0	0.012452275	0.0031965	0.0029445875	0.0017820434
TCGACCTAGCAAGTCG-0	0.02787505	0.8771154	0.014364087	0.016547585	0.018135332	0.0115384525	0.0	0.0
TATCCTACAACCTAAC-0	0.0038267104	0.0009543588	0.0	0.6778183	0.049389597	0.0	0.0	0.0
GGTAATCTCCTTTGAT-0	1.2429777	0.023115994	0.0	0.0	0.0	0.005555226	0.0	0.0
CGGAACCAGCTACAAA-0	0.9466612	0.008684516	0.009473436	0.0038430255	0.0	0.01739769	0.0	0.0
TCGCTCAAGGGTAGCT-0	0.8322043	0.043650758	0.028415484	0.0	0.0	0.014971651	0.0	0.0
TTATTGCGTAGTTAGA-0	0.88516843	0.04818316	0.04197219	0.0031222682	0.002598022	0.007943114	0.0056442204	0.0
ATGGATCAGGTTAGTA-0	0.20532976	0.021329446	0.01075711	0.0007630065	0.0017403192	0.0056886394	0.0008698493	0.025084933
AAAGGATAGAGCAAGA-0	1.1222366	0.048431706	0.0	0.0	0.0	0.0055836076	0.0055375053	0.0
TGTCCACAGCACTAGG-0	0.8568752	0.0067102215	0.008685774	0.0	0.010339053	0.0013746613	0.0	0.0
TACACCCTCAGACTGT-0	0.9898751	0.030302927	0.0	0.0	0.019940788	0.00033302457	0.0	0.0
TCCATCGAGTGGATAT-0	1.1470295	0.035776075	0.0	0.023570113	0.0	0.008059126	0.0053053317	0.0
GAGAGGTGTTCTTGTT-0	0.019138196	0.13699952	0.0	0.9772115	0.026862951	0.02644095	0.0	0.013874453
TGCAGTACATTCATCT-0	1.3584939	0.015961338	0.0	0.0	0.0	0.0041302005	0.0	0.007863921
AACAAGAGTGGTACAG-0	0.9161502	0.050244287	0.0	0.0	0.00964184	0.0	0.015151251	0.0
AGGTGTTTCCATTGCC-0	0.9755714	0.034116615	0.0	0.011248699	0.007925551	0.0046769376	0.023900328	0.0
CTTACCGCACTGCTTC-0	0.10787137	0.0	0.0	0.9721295	0.05601343	0.0	0.0	0.100659594
GATGACTCAGGGTCTC-0	0.100717016	0.87419957	0.039870836	0.0	0.0	0.0007436445	0.0	0.0
GTAAGTCTCCCGAACG-0	0.37262872	0.44540435	0.01225941	0.034273904	0.0	0.0135865165	0.15761012	0.0
TACCTCGAGTTCGCAT-0	0.81752336	0.028964957	0.020565633	0.004768984	0.0	0.004854483	0.0	0.0
AGGTCATGTCACTCTC-0	0.940605	0.009252417	0.0	0.0	0.0	0.0	0.00879496	0.0
GCATCTCTCGGCTTGG-0	0.0	1.2978343	0.0	0.0	0.019146336	0.017506666	0.010501104	0.0
ATGGGAGAGTATTGCC-0	0.72279847	0.04509781	0.018048413	0.017036907	0.0066023264	0.003249446	0.0	0.0
GTGTCCTCAATCCTTT-0	0.6183512	0.10412861	0.053914044	0.007667287	0.0	0.0014201939	0.0	0.0
GATGATCGTGGATGAC-0	0.19880818	0.03161967	0.018790226	0.05719863	0.66568726	0.11599397	0.0	0.022690687
AGTGTTGAGGTGCTAG-0	0.8831361	0.13176195	0.032944452	0.03389481	0.0	0.00097600423	0.0	0.0
ATGGGAGGTCCTGGTG-0	0.015322253	0.0	0.6718026	0.048322085	0.39001632	0.0039012393	0.13970034	0.0
TGACAGTCATCCAATG-0	1.0958973	0.04834703	0.0014666549	0.0	0.011329377	0.005892166	0.0	0.0
CTACAGATCGCAACAT-0	1.3141158	0.009226214	0.0	0.0	0.0082719335	0.0	0.0	0.0518297
GTTAGACGTTCGTGCG-0	0.0	0.0	0.038665365	0.0	0.0	1.030653	0.0	0.0
GAACGTTTCCCGTGTT-0	0.0	1.0523129	0.0	0.0	0.0	0.0071911495	0.0	0.002306254
CAGGGCTCACGTAACT-0	0.061219197	0.0	0.0	0.84931207	0.12285547	0.0	0.0	0.0
GTTGAACTCATCCTGC-0	0.9173207	0.051639587	0.01301785	0.014767961	0.009536059	0.008623879	0.0	0.0
GCCAGTGCACACCGCA-0	0.9243766	0.01703334	0.031200977	0.0027766633	0.031705808	0.0	0.0	0.0
ATCGGATAGCCAGTAG-0	0.8165959	0.016265498	0.040982574	0.0	0.0	0.0	0.0	0.0
TTATTGCAGTGTTGAA-0	1.3145963	0.015688267	0.0	0.02303565	0.017539134	0.02156508	0.043210838	0.0061677936
TCAGTTTAGCATAGGC-0	1.1477411	0.012102811	0.0	0.0	0.0	0.0	0.0	0.0
CATACCCCATGAGATA-0	1.066402	0.0	0.028016262	0.0002507706	0.017126374	0.0	0.0010151869	0.0
GAGTTGTCACGGTCTG-0	0.7792973	0.01532881	0.022843555	0.0034698592	0.0	0.0032339823	0.0	0.0
AAAGGTATCACTGGTA-0	0.0	0.0	0.0	0.0	0.0	1.2621856	0.0	0.0
AATTTCCGTACAAACA-0	0.85627794	0.03472286	0.0	0.0224226	0.016703717	0.016907157	0.001154313	0.0
GTGTTCCAGAGAGCCT-0	0.11174022	0.046210032	0.064706564	0.030904165	0.029130047	0.73867303	0.0	0.0
TCTCAGCTCAATCTTC-0	0.948864	0.02636853	0.0	0.010967013	0.0	0.01224852	0.0	0.0
TAACTTCTCCAGCACG-0	1.0261693	0.039961673	0.0	0.017081264	0.03147884	0.0	0.03123768	0.0
CTCATGCAGCTTGTTG-0	0.15636835	0.86831343	0.0039705397	0.006895821	0.0	0.012050746	0.013820557	0.0
CTCCCTCGTGGTTCTA-0	0.98054206	0.019170022	0.009370179	9.000839e-06	0.008123479	0.007055982	0.0037301441	0.0
CTTCTAACAGTATTCG-0	0.9974728	0.028089354	0.0	0.014204056	0.0	0.0	0.006093588	0.0
TCTCACGTCTGGGCCA-0	0.1704165	0.0004488035	0.0	0.003559818	0.1671452	0.6407068	0.0	0.0
CCACAAAGTAGATTAG-0	0.9355661	0.023543077	0.027338317	0.0	0.014961893	0.006670131	0.013250887	0.0
CTGTATTGTACTGCCG-0	0.9438619	0.016168427	0.016182078	0.006192201	0.0058273757	0.010939804	0.0003110013	0.0
GGTAGAGAGCTAAACA-0	0.0	0.0	0.0	1.120799	0.0	0.04519765	0.0	0.007419062
AGTTAGCAGCGGTATG-0	1.1418474	0.022269951	0.00025873	0.0	0.016056053	0.000998287	0.0	0.0
CGAGGCTTCACCCTCA-0	0.774837	0.00010340239	0.016741287	0.024012014	0.013074982	0.0	0.019229835	0.0
CCCTAACCACCTGCTT-0	0.05609681	0.9282907	0.02347479	0.010392686	0.0	0.013522049	0.0	0.0
TCGACGGAGCTGAAGC-0	1.089262	0.0007619686	0.0	0.0	0.0	0.0	0.015359943	0.0
TGCGGGTAGCGAAACC-0	0.89742035	0.088779375	0.00049884757	0.028974088	0.012927238	0.0	0.053951263	0.003774668
TACCTCGCATGACTGT-0	0.13357048	0.54073703	0.0071457303	0.0	0.0	0.0	0.021350397	0.0
AGAAGCGTCTTTGCAT-0	1.1913013	0.024751576	0.04274951	0.004283305	0.0	0.0	0.0	0.0
AATTCCTCAAATCAGA-0	1.0951165	0.00816724	0.0	0.0064328155	0.007261488	0.0	0.050793838	0.0
TCTAACTAGGAACGCT-0	0.0	0.0	0.54667896	0.0	0.4937486	0.074651316	0.008816297	0.0
CGACAGCCATTAAGCC-0	0.9955642	0.038012527	0.028017474	0.009736338	0.0	0.009875553	0.0	0.0
AGATGCTAGTTGTAGA-0	1.2199181	0.013293801	0.02303624	0.019769879	0.029860437	0.005694338	0.04721092	0.0
TTCTCTCGTGAGTTTC-0	1.0491936	0.04301213	0.010149848	0.0	0.0	0.0031346532	0.0	0.0
GGAGATGAGCTGGTGA-0	0.0	0.88610053	0.0	0.0	0.025737237	0.0044030542	0.0	0.0
CTCAAGAAGGTGATAT-0	0.78767276	0.018818839	0.027872792	0.0075678104	0.0020799115	0.0	0.0	0.0
CGTAGTAAGTATCCTG-0	0.0127495425	0.016523298	0.0	0.017127546	0.36840677	0.7382623	0.005685587	0.0
ACTCCCAGTATACCCA-0	1.2471551	0.0057357126	0.0	0.0	0.028931618	0.005050561	0.026984919	0.0070682075
CATGCGGCAACACGAG-0	0.0057349806	0.021985585	0.061204683	0.012463985	0.0	1.0077184	0.0	0.0
TTGCATTAGCATGATA-0	1.2002821	0.01735083	0.002372664	0.0	0.0	0.0082617365	0.0	0.0
TTTGACTAGCGTATGG-0	0.8478409	0.026048405	0.0136938235	0.002159241	0.0	0.004879261	0.0	0.0023375985
CAGGCCACACCCTGAG-0	0.196736	0.0	0.49476734	0.054234486	0.28805742	0.041223418	0.0	0.014836964
TGCATCCGTGGATCAG-0	0.8934955	0.035200126	0.0	0.0	0.0	0.0015409316	0.04095122	0.0
CAGTTAGGTGCGTGCT-0	0.9319574	0.011769643	0.014139548	0.0	0.0085277585	0.00078108726	0.0	0.0
TCATTCAAGACGCTCC-0	0.96729934	0.016387323	0.010506487	0.0022237552	0.022364274	0.0004205424	0.00029256043	0.0
CTCAACCGTATGATCC-0	0.9835704	0.04116124	0.0044887923	0.043733366	0.0015703109	0.03765618	0.03721713	0.0
TCTACATAGTCTGCAT-0	0.81890076	0.10951702	0.014554176	0.02789489	0.04171559	0.0	0.047865402	0.0
ACAACCACACGACGTC-0	0.0	0.9345705	0.0	0.021183781	0.01692084	0.044440664	0.0	0.0
TCAAGTGCATTAGGAA-0	0.0	0.9869305	0.009701326	0.0010840698	0.007990479	0.0020110728	0.0	0.0
CCCTCAAAGTCTGGTT-0	1.1217747	0.026332589	0.005977297	0.00040349062	0.007949767	0.0	0.0	0.0
GCCAGGTCAATACGCT-0	0.48997623	0.056734484	0.037185438	0.008845234	0.0	0.011723446	0.0	0.011084709
CCCATTGCATCCGGTG-0	0.1861453	0.0017300347	0.0	0.010018329	0.0	0.008892312	0.020063976	0.024281248
TAGTGCATCGTAACAC-0	0.8875976	0.013964528	0.0	0.015966013	0.017098416	0.007161234	0.0	0.0
ATAGAGAAGATGCTTC-0	0.024603138	0.0	0.0	0.82687986	0.0	0.0	0.0	0.0
GCCAGGTGTCACATTG-0	0.9312448	0.020411026	0.0	0.023801094	0.013285184	0.002139538	0.001293503	0.0
AGACCATTCTACTCAT-0	0.8699152	0.014764402	0.0	0.041621625	0.0030060112	0.0054314933	0.0050526517	0.0
CGTCCATCACCAGACC-0	0.0	0.917093	0.0	0.0	0.0	0.0	0.0	0.0
AATGACCGTATTGCCA-0	0.9157947	0.065954156	0.0041155987	0.018417008	0.001559138	0.021178627	0.016541211	0.0
TCCTAATTCCAGTACA-0	1.3453728	0.0	0.0	0.0	0.0	0.0057064327	0.007742605	0.0
TCCTCCCCATCTTTCA-0	0.0	0.8486295	0.017402004	0.0	0.010680174	0.009551676	0.0	0.0
AAGCCATGTTTCGTAG-0	0.0	0.99254125	0.016651075	0.0020541209	0.0075006974	0.0056443773	0.0	0.0
GTAGGTTCAAGCACAG-0	1.106491	0.044579398	0.046903998	0.017372036	0.0	0.01460295	0.019138986	0.0
GATCATGAGTCCTACA-0	0.16328473	0.0	0.0	0.0	0.0	1.0329443	0.0	0.0
GCCAGCATCAGCTGAT-0	0.0	0.0	0.03937873	0.0	0.0	1.1085116	0.0	0.0
AAGACTCCAGACACAG-0	0.1981986	1.2131505	0.0038872315	0.027663011	0.0	0.0	0.0	0.0008776178
TATCTTGAGCATAGGC-0	0.75741684	0.025467133	0.023046102	0.0	0.0	0.0041584824	0.0	0.0
TAAGCACCAGGATCTT-0	0.06361545	0.0	0.45989114	0.05065679	0.23556465	0.27822715	0.0014456181	0.0
AATGGCTTCATTCATC-0	0.8500044	0.071460485	0.03515976	0.011313344	0.0	0.0	0.0	0.0
ACCAACAAGGTAAGGA-0	0.7258587	0.012901886	0.043774355	0.0104487585	0.0	2.697897e-05	0.0	0.0
TCACTCGAGTGGAATT-0	0.783246	0.020260954	0.02818168	0.013702004	0.0	0.0015428598	0.0	0.01915716
GTGTTAGTCGGACTGC-0	0.7874767	0.0315026	0.031487446	0.0	0.0	0.00402042	0.0	0.0
GAACTGTCAACGAGGT-0	0.42062768	0.07676034	0.007435572	0.0012061483	0.003092467	0.015934741	0.016921818	0.031244848
CTCAACCGTCCGTACG-0	0.5860263	0.0	0.0	0.0	0.0	0.0	0.55445564	0.0
AGGGCTCAGCCTCGTG-0	1.194106	0.0	0.0	0.0	0.0011444882	0.0	0.049036585	0.0
GTTGCTCCAAATGCTC-0	0.9512127	0.0	0.0	0.02308043	0.015850732	0.010575282	0.44879282	0.0
TCGGGCATCTTTCGAT-0	0.9739142	0.0	0.04727028	0.018781615	0.0	8.513466e-05	0.0	0.0
GGTGTTATCGTGGCGT-0	0.04387475	0.0	0.361838	0.017989218	0.7232814	0.0	0.0	0.0
CAGATACCAAGAGCTG-0	0.8267804	0.033735465	0.06750213	0.01186356	0.0	0.00467895	0.012259579	0.0
CTGCCATGTGTAACGG-0	0.0	1.3176892	0.0	0.0	0.0	0.0098732505	0.0	0.0
CCTATCGTCCATCTCG-0	0.16136208	0.008554999	0.22691657	0.007171216	0.51464194	0.018699313	0.0	0.022278946
TACCTGCGTTAGGCCC-0	0.08799043	0.0	0.07628155	0.0136332195	0.020626811	0.848163	0.0	0.0
ATCGTCCCATGCAGCC-0	1.324845	0.044003747	0.002152728	0.0	0.0034792721	0.0	0.0	0.0
GTCTGTCTCGCACGGT-0	1.174427	0.04953565	0.0	0.025119478	0.024236122	0.001723569	0.026906392	0.0
CCCGGAAAGTGAGTGC-0	0.054810163	0.021544605	0.014635013	0.013933545	0.0	1.0246012	0.0	0.0
TACACCCTCCACGGGT-0	1.191882	0.01589229	0.0	0.0005377552	0.00841423	0.0028126265	0.005650011	0.0033342985
TGCTGAAGTTCTCGTC-0	0.0	1.1251718	0.0027057386	0.0	0.0	0.0	0.0	0.0
TAATCTCTCAAGCCAT-0	1.0610577	0.034441948	0.0	0.0	0.010010761	0.013640396	0.0	0.0
GACCTTCTCATCCTGC-0	1.1738273	0.0	0.0332837	0.006150927	0.0	0.025649173	0.0	0.0
AGACAGGCACAGAGAC-0	0.12142616	0.006353465	0.109773904	0.026139744	0.10883733	0.6423403	0.01021146	0.0
TTGCATTGTATACCCA-0	0.0	0.0	0.031946782	0.0	1.0894293	0.07803308	0.0	0.0022381125
TCAGTTTAGCAGATAT-0	1.1866312	0.0	0.018861262	0.036971092	0.029038262	0.0	0.0	0.0
CTAGGTACAGCGACAA-0	0.0	1.068065	0.0	0.0	0.024172818	0.0	0.0	0.0
ATCGTAGGTCCAGGTC-0	0.028918408	0.0028659643	0.09579073	0.04800809	0.8258114	0.0	0.0	0.0
AAGATAGTCGCATTGA-0	0.0995318	0.032134134	0.0	0.8442548	0.0	0.016117666	0.0	0.0
ATGCGATCAAGTGACG-0	0.8882113	0.0	0.0	0.020286657	0.0139425965	0.013821554	0.051541664	0.0
GTGCAGCGTAACGCGA-0	1.0997959	0.040472712	0.01673529	0.014065139	0.010825649	0.014768115	0.030806454	0.0
TCATACTTCTGTAAGC-0	0.18718845	0.88934594	0.066549726	0.0	0.0	0.009666772	0.0	0.0
TCCTTTCTCGTAGGGA-0	0.17518456	0.026400471	0.10332864	0.035381343	0.0	0.7852526	0.0	0.0
ACAAAGACATAATGCC-0	1.0718473	0.16395377	0.0	0.0	0.025042662	0.0	0.061683986	0.0
TTGAACGAGTAACGTA-0	0.059655502	0.8109018	0.034661915	0.0066253287	0.0	0.0043405984	0.0035340134	0.0
TGAGGAGCAAATTAGG-0	1.0884545	0.008520273	0.009049638	0.020178987	0.028384384	0.0	0.0	0.0027819865
CTTCCGAAGGCGACAT-0	0.874473	0.016201401	0.028915683	0.0018253421	0.0	0.022518797	0.0	0.0
GTAGCTAGTTGCGTAT-0	0.8433512	0.0	0.02087667	0.014950652	0.0	0.0	0.0	0.0
CAATACGAGCGTTAGG-0	0.06570003	0.009599322	0.0	0.014219563	0.23608808	0.8079253	0.0	0.0
TTGGGTAAGTCGCGAA-0	0.62762356	0.03030381	0.006955025	0.0	0.0047903205	0.0	0.0	0.0
CTACTATGTCAGGTAG-0	1.0602375	0.029535405	0.0	0.004864044	0.02075466	0.0	0.01774933	0.039734352
GCAGGCTAGGCTCTAT-0	0.0	1.316664	0.0	0.0	0.0168906	0.017565425	0.0	0.0
CTCAGTCCATCTAGAC-0	1.2090505	0.03657262	0.0	0.027911827	0.034065764	0.021724336	0.030619487	0.0
CTGTAGATCACTCTTA-0	0.074498475	0.039178018	0.0	0.036606375	0.18296097	0.90082777	0.0	0.0
CGGACACTCACCGGGT-0	1.1430866	0.029358922	0.0	0.0	0.043051593	0.0	0.0	0.0040462604
CCGGTGAGTTCGCGTG-0	1.0443552	0.038843732	0.03454489	0.011750306	0.0	0.0	0.0055733416	0.0
TTCTAGTAGTTGGGAC-0	0.35938993	0.035975102	0.01805515	0.0	0.0	0.0102512855	0.0	0.046111017
TACAGGTTCAAGGAGC-0	0.6945109	0.0139726065	0.0	0.0015807503	0.018930547	0.0	0.00027748768	0.06422891
TTGCGTCTCCATCGTC-0	0.12707089	0.033497103	0.0	0.0	0.0053051026	0.91880715	0.0	0.0
TTCGCTGCACGAAAGC-0	0.5413261	0.01541494	0.035390083	0.0	0.0	0.0010291794	0.0	0.0
AGTTCGACAGGTGGAT-0	0.91930634	0.018538332	0.022085287	0.006353969	0.0	0.0	0.018345445	0.0030902405
AGGGCTCTCCTCCACA-0	0.80648625	0.033420082	0.042842444	0.0	0.0012096416	0.0	0.0	0.0
AAGTCGTAGGAAAGGT-0	0.05443472	0.0005682378	0.105341494	0.03101424	0.0	1.0253252	0.0	0.0
TTCAATCTCAGACAAA-0	0.96038806	0.017680494	0.01964698	0.0050426987	0.012082184	0.024056364	0.001267029	0.0
ATGGGTTGTGAGCCAA-0	0.9043684	0.037407916	0.0	0.0095048295	0.0	0.0020637068	0.021287099	0.009502101
TGCTCCAGTCTCCTGT-0	0.05855678	0.0	0.0	0.0	0.14717367	0.8904112	0.0	0.0
GGGTCACAGTCAAGCG-0	1.08732	0.043004535	0.0	0.036394633	0.0	0.0067710634	0.01994442	0.0
TTGGGTATCAGTCTTT-0	0.7464103	0.008243862	0.046591505	0.020701513	0.0	0.0	0.0	0.0
AACCTTTCATTCTCTA-0	0.03352722	0.0	0.15774193	0.86082757	0.008350063	0.022843715	0.08698907	0.0
GTTGTAGGTAATGTGA-0	0.101631	0.018283999	0.0030107878	0.042066175	0.16133691	0.6035391	0.0	0.0
TACTTCATCATCACAG-0	0.9486045	0.0010312705	0.0	0.028815	0.013571157	0.0069386754	0.010085782	0.0027093664
GACCTTCTCGGTCTAA-0	0.20279095	0.0046278457	0.26321587	0.024254221	0.25091475	0.0743111	0.0	0.0
CCACCATGTAGACAGC-0	0.8773307	0.06006408	0.0077965674	0.023014454	0.036639977	0.0	0.00593627	0.0061920267
TCAAGTGGTGGACCTC-0	0.7661246	0.015692849	0.031153742	0.0026688068	0.0017065002	0.0	0.012958675	0.0
CTGGACGGTCCACTCT-0	0.0	1.1175959	0.0	0.0	0.010583169	0.0	0.046539534	0.0
AACAGGGCACCATTCC-0	1.2571537	0.02061112	0.0	0.027418459	0.017452426	0.009995908	0.012930759	0.008432131
TTTGGTTGTACGTAGG-0	1.017437	0.043160077	0.024141053	0.0	0.0	0.0	0.0	0.027121643
GGTGATTTCACTCACC-0	1.2351902	0.047392678	0.0	0.0	0.0	0.022513192	0.00511762	0.0
CTATAGGCAAGCTACT-0	0.88230824	0.056958612	0.014753381	0.016694102	0.015884627	0.0054246774	0.005017384	0.0
CTGGCAGAGCATTTCG-0	1.2706072	0.0	0.026711063	0.012941972	0.0	0.01273484	0.21439968	0.0
CCCTGATTCAGTCATG-0	0.124612	0.7596392	0.02423815	0.020658983	0.0	0.0	0.0	0.0
CGTTGGGCAGCAGATG-0	0.9272889	0.04349819	0.0	0.0057701864	0.0019457652	0.0	0.014176788	0.0
TCAGCCTTCTAGTGAC-0	0.97995543	0.011431616	0.003997868	0.014275342	0.0	0.0	0.0	0.0
GAATCGTGTCTTCTAT-0	0.9798229	0.017673543	0.035292976	0.0	0.0	0.0120280655	0.0	0.0
GGCGTCAAGAAATGGG-0	0.915098	0.001931383	0.00081770326	0.007952776	0.0	0.015058949	0.0	0.004243771
AGGGCTCTCAGTCCGG-0	0.9563564	0.02782148	0.014023506	0.006895925	0.0	0.0123193655	0.017372396	0.0
GACTGATCAGTGGTGA-0	0.82074594	0.023888998	0.02956939	0.0	0.009029491	0.0	0.0	0.004928359
CCCTCAACAGCTAACT-0	0.0	0.87842274	0.0043375473	0.020007987	0.02588514	0.018056095	0.0	0.0
TAAGCACTCTATTCGT-0	0.0	0.88409376	0.0	0.0	0.0	0.021631781	0.0	0.0
TCTCCGACATCTCAAG-0	0.91006505	0.0068766675	0.010691247	0.015177677	0.0055972734	0.0	0.0016644157	0.0
CCTGCATCACAACGCC-0	1.1328467	0.01874255	0.0	0.012765159	0.0	0.00514863	0.0	0.0
AAGGTAACATACAGCT-0	1.0768647	0.027746411	0.032950718	0.0	0.0015453959	0.021205002	0.0	0.0
CGAGGCTGTGAGCAGT-0	1.351095	0.0	0.0	0.0013189255	0.0	0.005557302	0.014087264	0.0
GAGTTTGCACGGGTAA-0	0.74117196	0.0	0.0	0.0096886605	0.0035917207	0.005687335	0.0	0.002732335
GACCGTGTCTTGTTAC-0	0.75239056	0.034621768	0.05876868	0.0	0.0	0.002807522	0.0	0.0
GTGTTCCTCCCGGTAG-0	0.18352062	0.0071134623	0.0	0.5425941	0.11216919	0.0	0.0	0.0
GGGAGTAGTTCAAACC-0	0.11674424	0.0042293235	0.0	0.0	0.0	0.0	0.0	0.10094554
TTCGCTGAGCACTCAT-0	0.0	0.88224685	0.0	0.0	0.0	0.006878646	0.2994437	0.0
ACTTTGTGTCCTATAG-0	1.1594316	0.02824249	0.0	0.0061962185	0.0	9.51795e-05	0.0	0.0
AATGCCACACACGCCA-0	1.1582643	0.026796937	0.0058177835	0.004908742	0.039734222	0.013988711	0.023658024	0.0
TGGAGGAGTCCTCATC-0	1.3336692	0.0	0.0	0.0	0.0	0.0	0.0015026407	0.0
GTAACACGTCGCGGTT-0	0.8803158	0.022149168	0.02937696	0.012159276	0.0	0.027469985	0.0	0.0
CCTCCAAGTGCCCACA-0	0.88749516	0.01572708	0.040681962	0.0	0.0	0.0	0.0	0.0
GAACACTAGGCGTTGA-0	0.0	0.0	0.0	0.0046795476	0.1621663	0.77754104	0.0010055271	0.0
TCACTCGTCATCTCTA-0	1.0466845	0.005029446	0.0	0.0	0.0	0.002064102	0.005260704	0.0
CAGCACGGTCGCTTAA-0	0.9058869	0.06271428	0.0070787193	0.029869758	0.004942271	0.0036565466	0.03081793	0.0
ATCGGATTCCGTGGTG-0	0.9118928	0.04263289	0.009681289	0.0	0.015481632	0.0	0.0	0.00443778
GGGACTCAGGTACAAT-0	0.9892643	0.04235123	0.010362838	0.003621055	0.00717333	0.0	0.016325166	0.0
AGGACTTGTTGCTCAA-0	1.0668601	0.0376779	0.0036363332	0.015807215	0.0	0.0045928895	0.0	0.0
GTCATGACACGAGGTA-0	0.92757195	0.015906928	0.033041183	0.005667103	0.0	0.0044757184	0.00736539	0.0
GATGCTATCCGCCTAT-0	0.0	0.0	0.0	0.0	0.0	1.0102133	0.0	0.0
AGTAGCTCACACAGCC-0	0.15789174	0.6779505	0.0056611462	0.017454352	0.0060821134	0.020180477	0.0033516288	0.0
ACTGTGATCGACATCA-0	1.420673	0.017846055	0.0	0.01765401	0.036639523	0.0	0.046460666	0.0
TGGGAGAAGAAACTGT-0	0.9727288	0.04223824	0.020937923	0.008912795	0.0	0.014030002	0.0	0.0
CTACAGAGTTTCCCAC-0	0.25708982	0.61714244	0.028103247	0.02175294	0.008825495	0.01939941	0.08553039	0.0
ATCGGATTCTTCTGGC-0	0.7156913	0.044059392	0.016906891	0.0	0.02487939	0.0	0.0044436273	0.008406594
GCCCGAAAGTTGTACC-0	0.72351	0.031545587	0.033319	0.0007116965	0.011531222	0.0	0.0	0.0
AGAACCTGTTTGGAAA-0	0.81244755	0.11638853	0.05802956	0.028153067	0.0	0.0	0.0	0.0
TCCCACACACGTTCGG-0	0.0	0.0	0.0	1.1059784	0.016446607	0.0	0.0	0.0
TATACCTAGGCCATAG-0	1.3156965	0.018207492	0.0	0.005301255	0.026052354	0.0	0.028898697	0.00050569756
CCGATGGGTTGGCTAT-0	1.0260834	0.05778732	0.011634558	0.0111650685	0.0	0.019627126	0.0	0.0
TGCGACGCAACGATTC-0	0.7844654	0.020446483	0.012425534	0.0	0.00015067535	0.012868867	0.013576062	0.0
GTAGCTACAAGTGGGT-0	0.0	0.003298979	0.0	0.0	0.010530101	1.2735499	0.0	0.0
CAGCGTGTCGCATAGT-0	0.0	1.0004737	0.0	0.00633305	0.0	0.0006381189	0.015681567	0.0
ATGATCGTCATTCACT-0	0.06644704	0.049743038	0.62956434	0.03643117	0.004534225	0.113105774	0.00047218677	0.055466782
ACGATGTAGGCTCAAG-0	0.0963586	0.8526258	0.025629543	0.016204642	0.0	0.008177307	0.0	0.0
GATAGCTTCCGACAGC-0	1.0683042	0.02668672	0.03402654	0.014784884	0.0	0.026348159	0.011093804	0.0002734363
CGTGCTTCAGTTGTTG-0	0.06814132	1.1051053	0.016841538	0.0067487704	0.023066185	0.021983547	0.02212432	0.0
ACTGTCCCACCGTGAC-0	1.0430491	0.056743722	0.0	0.0	0.0018148564	0.009031813	0.003958677	0.0
CCTTCAGAGTCTTCCC-0	0.9009309	0.030688517	0.002317322	0.02003773	0.007654899	0.008057597	0.017610237	0.0
ATACCTTAGTTCGCAT-0	0.15164906	0.9202685	0.0066869357	0.0231791	0.0	0.0057846024	0.0	0.005751146
ATCATTCTCAGCGGAA-0	0.83272856	0.014096644	0.022558723	0.0059036533	0.0016064114	0.005516998	0.0	0.0
CCACACTCAGAGTAAT-0	1.2046702	0.0023273784	0.0	0.0	0.009759499	0.0	0.030315528	0.0
TGCTTGCTCGCATTAG-0	0.68114704	0.016700394	0.031552464	0.010008039	0.009770523	0.00512202	0.0	0.0
CGAGAAGTCCCACAGG-0	0.3053577	0.46279982	0.036922235	0.026305608	0.0	0.016956085	0.11810705	0.0
TTCCTTCGTCCACATA-0	0.7993753	0.19258358	0.048466522	0.023152523	0.023287453	0.016614363	0.020810459	0.0
CTGCATCGTTATAGAG-0	1.1259353	0.057839748	0.030808304	0.0047858935	0.02483576	0.0048000272	0.0	0.0
GCGGAAAAGAATTCAG-0	0.95878947	0.0	0.0	0.010062621	0.011276197	0.0	0.0	0.0
GTACAGTTCCATTTCA-0	1.1293819	0.034379844	0.0	0.0	0.004731406	0.011437033	0.01704386	0.002961286
ATTGTTCGTCTTGAGT-0	0.8997308	0.0	0.0	0.0	0.032159872	0.0	0.014592271	0.0
TATGTTCTCTAGTACG-0	1.2105465	0.012840445	0.0017781626	0.007459865	0.0035881675	0.030516408	0.0	0.0
ATGGAGGTCCAACCGG-0	0.9289991	0.0	0.008260455	0.0068583493	0.0	3.5405617e-06	0.0	0.0
GCTACCTGTGCCCAGT-0	0.8139449	0.17446584	0.026114693	0.0254448	0.00028802996	0.00907429	0.014407744	0.0
CAACCTCCACAGAGCA-0	0.8389966	0.008954291	0.011575369	0.0	0.017791316	0.0003885166	0.0	0.0
CAAGACTAGACTTGTC-0	1.0127345	0.0066332365	0.007149743	0.020332059	0.0005542959	0.008063662	0.0	0.0
AGAGCCCCAAGCACAG-0	1.1281705	0.016658258	0.0	0.003749255	0.007984236	0.010207557	0.010315351	0.006541804
GTGGCGTAGGTTACAA-0	0.06414028	0.8623092	0.039070927	0.0027346998	0.00085243094	0.003924451	0.0	0.0
CTACATTTCATCCCGT-0	0.7236947	0.016062325	0.00022921174	0.004210451	0.0	0.009473934	0.0	0.0
TCATGTTCAAGAATAC-0	0.6987479	0.04166063	0.0	0.0	0.0	0.0004634075	0.0	0.0
CGGTCAGCAGCATTGT-0	0.8821655	0.016341485	0.0	0.01791848	0.0	0.0	0.0	0.0004949883
TTGGGATTCAGGAACG-0	0.15072043	0.053123627	0.50833917	0.026591238	0.0	0.27259642	0.0010344888	0.0
GCCATGGTCACATCAG-0	0.088199854	1.0152423	0.0	0.018127203	0.013929999	0.0059168595	0.0076359943	0.0012103644
AATCGTGAGCTGGCCT-0	0.9154803	0.0048263413	0.024367971	0.011380032	0.0	0.008605854	0.0	0.0
CCCTCAAGTGTTCATG-0	0.11445277	0.00072417414	0.6206515	0.005935938	0.24133094	0.04279845	0.0008428001	0.0026196442
GATTGGTAGAGGCCAT-0	0.08285559	0.0	0.0	0.0	0.0	0.008629183	0.0	0.055500656
CCTAAGATCAACGAGG-0	0.96724313	0.0	0.0	0.009235976	0.0007261071	0.0016406536	0.0034626364	0.0044673746
GTGCTGGTCGGCTGGT-0	0.9755933	0.028032728	0.0069618025	0.0	0.0	0.016795292	0.04593764	0.0
AAACGAACACTTCATT-0	0.049257677	0.0	0.0120929945	0.0	0.0	0.96294874	0.0	0.0
TCAGCAATCCACGAAT-0	1.0719062	0.0021051622	0.028050266	0.022640191	0.0	0.007192962	0.0024964176	0.0
ACTGTGAGTGTAGCAG-0	0.8239827	0.03017302	0.028348768	0.027807076	0.012933534	0.0043764757	0.0	0.0
TTACGCCCAGCCTTCT-0	0.23920739	0.06747058	0.030900005	0.97323793	0.006820578	0.025927188	0.0	0.03642127
TGTGTGAGTGTACATC-0	0.9897109	0.012225532	0.0	0.0055940826	0.01001193	0.0030549995	0.0	0.0061446824
CATGCGGCAGGTACGA-0	0.97191465	0.016748674	0.020815754	0.018370746	0.009788387	0.017344479	0.031820975	0.0
ATAGGCTTCAAAGAAC-0	0.9789744	0.045992907	0.0	0.001500001	0.018028755	0.0	0.0	0.0
TGATTCTCAACACAAA-0	1.0478256	0.049251247	0.0024888953	0.010823227	0.007955781	0.0014441196	0.010376486	0.0
TACCCACCATTGAGGG-0	0.0	0.9618633	0.026523642	0.0	0.0	0.008525572	0.0	0.0
TCTCTGGAGCTCGGCT-0	0.8238403	0.0091696195	0.004353453	0.01095799	0.0031334995	0.0009671323	0.004785413	0.0
GTCAAACGTCGTTCAA-0	0.17391218	0.032271635	0.33897287	0.062235948	0.2597553	0.15504695	0.0	0.0
TCGTGCTGTGGGTCAA-0	1.0836942	0.01148311	0.0	0.050717328	0.01806796	0.00027978708	0.0	0.0
TACACCCAGGATCATA-0	0.06519797	0.8744358	0.0023914257	0.0	0.0	0.0	0.0	0.0
GTAGAGGTCACCTCTG-0	1.0977687	0.014826764	0.0078325495	0.0023695168	0.019472806	0.006000447	0.00035995	0.0
TTTGTTGAGCGCTTCG-0	0.08371323	0.017566368	0.32954398	0.020399509	0.49001524	0.0	0.0	0.0
ACATCCCAGAAGTGTT-0	0.820324	0.033863578	0.030872444	0.02020714	0.0018963673	0.011663842	0.0	0.0
ATTACCTAGGATTTAG-0	1.0467684	0.010930218	0.0	0.0	0.0053794896	0.0008282986	0.0146367205	0.0
AACGTCAGTCGCACGT-0	1.5429666	0.0	0.0	0.007919147	0.0	0.0189886	0.007044492	0.0066631804
GTTGTGAGTAGCTTTG-0	0.75625604	0.07237344	0.011184304	0.008702754	0.010896706	0.04919685	0.021787478	0.0
AGCGTATGTCTAGGCC-0	0.17103373	0.05792068	0.943774	0.022882672	0.0	0.0029987525	0.0	0.01445363
AGCCAGCGTAGCGATG-0	1.0826	0.00894582	0.0	0.004589119	0.00035828457	0.0076970593	0.0009960254	0.0
GTGCAGCCACTTTAGG-0	0.13893417	0.0	0.06141532	0.8276737	0.11229044	0.053146098	0.060674336	0.006376971
GAGACTTAGAGTGAAG-0	0.96242106	0.023161735	0.0	0.0	0.011867182	0.0035393343	0.0	0.0
ATCCTATGTAGATGTA-0	1.1612949	0.043851975	0.0	0.0	0.0065071145	0.0034548852	0.00962696	0.0
ACCTGTCAGGGCTAAC-0	0.87151986	0.030279983	0.015014745	0.010608464	0.0025652128	0.019701457	0.028638905	0.0028945045
CATCGGGTCGTCCTCA-0	0.0	1.1627249	0.014747622	0.0	0.0135983005	0.019381925	0.0	0.0
GTGGAAGTCTAGAACC-0	0.1580638	1.0391788	0.0	0.0	0.023414636	0.004487142	0.045057543	0.0
GGAATCTGTTCCTAGA-0	0.097794704	0.89658517	0.036064874	0.005728979	0.0014844417	0.0040269387	0.0	0.0062003443
GACCCTTGTCGGCCTA-0	0.0	0.0	0.0	0.97017616	0.29064795	0.0	0.0	0.0
GTAGAAATCGATTGGT-0	1.084008	0.067471005	0.0	0.0	0.06205561	0.0016141728	0.029213525	0.0
TTTCATGCATAGGCGA-0	1.2414453	0.027200572	0.055338986	0.014930419	0.01403831	0.057923518	0.0029818548	0.0
TCACGGGGTGTACAGG-0	1.3067144	0.0	0.0	0.0070872465	0.0	0.002208464	0.0	0.013877051
CTCAAGACATGTTCAG-0	0.6903456	0.013321902	0.039296985	0.0	0.0	0.0030905935	0.0	0.0
GGTCTGGGTGTATCCA-0	0.71985245	0.003357312	0.033599347	0.00014055835	0.0	0.00038572215	0.0	0.0
GTGAGGACAACGTTAC-0	0.81349546	0.042861305	0.07589785	0.0060307486	0.0	0.0021714862	0.0	0.0
GGAGCAATCATCCTGC-0	1.1645689	0.016642457	0.0	0.009846793	0.0	0.0029518653	0.0	0.0
AGTGTTGCAGAACTTC-0	0.13588855	0.02200069	0.6526951	0.011082746	0.396423	0.022721881	0.0	0.0
ACTTAGGTCTTAGGAC-0	0.021208193	0.9357507	0.023272464	0.0	0.012763535	0.013389594	0.0	0.0
CATGCGGGTCCACTCT-0	0.9603613	0.05455079	0.0	0.012011582	0.010381595	0.0	0.0	0.0
GCGATCGCAAGCCCAC-0	0.9997998	0.0	0.011234997	0.010434192	0.0	0.0016180073	0.0	0.0
CAATTTCGTATCACCA-0	0.1559072	0.6686884	0.041608512	0.0070662713	0.0	0.002899902	0.0	0.0
GTCTTTACAAGGGCAT-0	0.72278506	0.012970081	0.03352255	0.0063235313	0.022675091	0.0	0.00012828251	0.0032461954
CATTGCCAGGAGACCT-0	0.74942964	0.028451687	0.039307285	0.01333094	0.0065341755	0.0	0.00053671707	0.0
TGAGGGATCTCCGTGT-0	1.0606955	0.0503944	0.0	0.037234608	0.009561655	0.025949445	0.010375195	0.0
TACGCTCTCCTCGCAT-0	0.0	0.0	0.0	1.275155	0.21003383	0.014005609	0.0	0.0
GCACATAGTTACACTG-0	0.14552067	0.015615219	0.0073810695	0.49004737	0.0056748684	0.0	0.0	0.0
GAGGCAATCCTTTGAT-0	0.9572421	0.010461145	0.0	0.0	0.0033053984	0.0	0.0042804247	0.0
CATGAGTAGCTGCCAC-0	0.9467157	0.00048630082	0.03506559	0.009818349	0.0	0.020539848	0.006365579	0.0
TCTATCACATAATGCC-0	1.6164314	0.0	0.0	0.0	0.0026363842	0.0	0.0	0.0
CATGCAATCGTAGTGT-0	0.103261836	0.9870678	0.018898444	0.016282767	0.0	0.028715027	0.0	0.0
CTTCTAAAGGCTGTAG-0	0.0	1.0454196	0.0	0.0	0.022934582	0.0	0.0	0.0
GTAGCTACAGATCATC-0	1.036109	0.034651343	0.022147646	0.011988194	0.0041347593	0.0	0.0	0.0
CGGGACTGTGATACCT-0	0.027141795	0.0	0.0	0.0	0.039794624	1.1401027	0.0	0.0
CCACAAAAGGCGTTAG-0	0.8337646	0.023782961	0.026518036	0.0	0.0	0.0	0.0	0.0
GATGGAGGTCCAAAGG-0	1.1028643	0.0	0.0	0.0	0.0	0.0007934948	0.11363496	0.0
GCTACCTGTCGTCATA-0	1.2776107	0.0	0.0	0.0	0.0	0.0	0.00965342	0.0
AACTTCTTCCAGTGTA-0	0.74366003	0.05855411	0.06818999	0.01881437	0.013063801	0.0	0.0	0.014905863
GTTGCGGCACCAAAGG-0	0.0056574713	0.007001383	0.23802261	0.016118964	0.7054854	0.05374642	0.002342353	0.0
CCTTTGGGTATGACAA-0	0.0287452	0.9396619	0.033476885	0.016710322	0.0	0.005385602	0.0	0.0
CGCCAGAAGTCGGGAT-0	1.3068575	0.007195396	0.0	0.018763743	0.016281787	0.0	0.013882154	0.0
GACCCTTTCAAGGCTT-0	0.9809558	0.0	0.0	0.0009113483	0.0	0.0062056677	0.00439751	0.0
CGCATAAAGTACGAGC-0	0.60824674	0.02668679	0.063522	0.0050859097	0.0	0.0019342381	0.0	0.0
TCAAGCAGTTGCTAGT-0	0.14144836	0.0024817172	0.03811918	0.028527604	0.7259731	0.14592499	0.0	0.0
TGCAGGCGTCCAGAAG-0	1.1176951	0.008360617	0.0	0.0	0.0014661278	0.0	0.0	0.0
GGGATGAAGGGATCAC-0	0.88497436	0.02836461	0.010166183	0.0050200615	0.0	0.0016328726	0.006158234	8.416768e-05
ATTCACTCAAATTGCC-0	0.15257567	0.03179471	0.14042565	0.030722534	0.13752535	0.7768413	0.0	0.0
ACAGGGAAGAAGTCAT-0	0.0	1.0069463	0.0	0.0	0.008406469	0.0	0.0	0.0
GGGCTCAAGCACGTCC-0	0.0	0.6736066	0.0	0.0	0.0	0.0071461196	0.5246063	0.0
CCTTCAGCAAATTGGA-0	0.04718657	0.0	0.0	0.006502514	0.17588349	0.8629475	0.0	0.0
GGAAGTGTCGAAGTGG-0	0.0	0.0	0.0	0.0	0.0	1.3316623	0.0	0.0
TGAGGTTGTCGGTACC-0	1.1307548	0.038595587	0.0	0.0010855254	0.00065856776	0.013348026	0.0	0.0
TCCAGAAAGCTACGTT-0	1.1047645	0.030942533	0.0	0.0	0.003014739	0.0	0.0	0.0
CTCAGTCAGAGTCAGC-0	0.99707824	0.026366614	0.0	0.0	0.0155061325	0.0019127489	0.0067184833	0.0
CATCGGGCACGGCACT-0	1.3278075	0.031627376	0.0	0.01473766	0.03355573	0.013618293	0.12680683	0.0
TCCGATCAGGCTTAGG-0	0.7948707	0.029533366	0.0	0.0	0.008757481	0.0	0.0048663635	0.0
AATGACCAGTAACAGT-0	1.024669	0.051613636	0.0	0.0059811613	0.0059526903	0.013028915	0.0	0.017518425
GACATCACACATACTG-0	0.0	0.0	0.0768926	0.012037346	0.0	1.0742917	0.0	0.0
TCTATACAGCGGTAAC-0	1.0134089	0.0031569707	0.052270953	0.001097088	0.0	0.007981197	0.0	0.0
TACGCTCCATTCACAG-0	0.8680697	0.021916198	0.009267896	0.016328372	0.0025669152	0.011328703	0.033689898	0.014470218
CCGGACAAGCCATTTG-0	0.75268996	0.03835494	0.030385623	0.0	0.0	0.0	0.0	0.0
TCCTAATTCAGGACAG-0	1.0521337	0.028521046	0.0086129	0.008226071	0.0044326438	0.0029454299	0.0	0.0
CTCTCAGGTGACATCT-0	0.8803594	0.0011869809	0.0014375261	0.0029690845	0.005159842	0.0	0.00047007867	0.0
TCATCATCAAATACAG-0	0.053680357	1.1093879	0.036059238	0.006599944	0.0	0.0	0.0	0.0
AAATGGAGTCTTGCGG-0	1.0821486	0.0	0.0057377736	0.0	0.0	0.0	0.0	0.0
CGCGTGAAGTCATAGA-0	0.8864835	0.034029752	0.0065888236	0.0	0.0	0.00497238	0.0	0.0
ACATGCAGTGGATTTC-0	0.9204401	0.0035544427	0.028401367	0.027718788	0.012431011	0.015655436	0.059506163	0.010563286
ATGCATGCATAACGGG-0	0.17967434	0.9174142	0.04450469	0.00949095	0.008809155	0.01082173	0.0	0.0
CGATCGGTCGTACCTC-0	1.0627847	0.044829886	0.008044091	0.0066648424	0.033736385	0.0	0.0	0.0
CTCCGATAGACAACTA-0	0.86708784	0.030324087	0.0	0.028954491	0.0233778	0.011255656	0.041608837	0.0
TTTGGTTTCTGGAGAG-0	0.12787795	0.0	0.26718357	0.018032053	0.6637064	0.02480567	0.0	0.0
AACTTCTAGACTTCAC-0	0.01686104	0.0	0.0	0.0	0.0	0.0036903396	0.00024287462	0.0139461495
GGGCTCACACACAGAG-0	1.0716246	0.019528972	0.01903152	0.0	0.015334439	0.0	0.0	0.0
GACCGTGTCGCCTTTG-0	0.012319571	0.0	0.20554765	0.0014508506	0.62668055	0.01134898	0.0064939633	0.0
ACAAAGAGTGGTTCTA-0	0.88538444	0.02685739	0.0104792295	0.008833518	0.014315093	0.025463136	0.011246301	0.0
TTCATGTCAACGTATC-0	0.9051679	0.055741705	0.06259108	0.0028289412	0.0	0.0	0.0	0.0038309658
CTCCTTTCATCAGCAT-0	0.11093549	0.0	0.072469465	0.02498811	0.0	0.9349415	0.0	0.0
CCGGTAGGTGATGGCA-0	0.10910522	0.0	0.6826636	0.015037737	0.058984246	0.059727486	0.00939211	0.0
TGGTAGTAGTCTTGGT-0	0.7500222	0.04482708	0.058357105	0.008678323	0.005168552	0.0	0.0	0.0
CGAGTTATCTGCATAG-0	0.7915105	0.0	0.00939185	0.013555184	0.0	0.0041006384	0.0	0.0
GGTCTGGTCTTGGTGA-0	0.9735064	0.0	0.021700693	0.033955384	0.0	0.0	0.03695255	0.0
GACCCTTAGGCTCCCA-0	0.0	0.97971207	0.0	0.0	0.015311094	0.0028952393	0.0	0.0
TTCATTGGTTTGGAGG-0	0.0	1.0058751	0.0	0.0	0.017226923	0.017994346	0.007973881	0.0018224478
CATGGTAAGACAACAT-0	1.5956949	0.0	0.0	0.0	0.028496891	0.0	0.038117122	0.008483422
GACCAATTCTTGGGCG-0	1.0016394	0.008969166	0.0	0.017100703	0.0	0.07191217	0.041772474	0.0
CGAAGGAAGAATAACC-0	1.4931362	0.055165518	0.0	0.0	0.0	0.010578606	0.010597518	0.0
TCGCTCAGTTCCTAGA-0	0.11897612	0.7349444	0.038574193	0.0011231145	0.0	0.011077588	0.0	0.0
AGATAGAAGCTCCGAC-0	0.1602477	0.030867623	0.17167775	0.049832672	0.40705484	0.0	0.0	0.009061218
GTTAGACAGACTGAGC-0	0.72552913	0.017605243	0.010251635	0.0016690108	0.0	0.0	0.0	0.0
GGGAGTACACTTTAGG-0	1.1998218	0.015092123	0.0	0.0024995457	0.008784119	0.013576441	0.0	0.00059240375
GACCTTCTCTCTAGGA-0	0.9457098	0.052976556	0.0066405204	0.0	0.025247082	0.0	0.015704192	0.0
GTAGTACAGCATCCCG-0	1.0620719	0.018958997	0.014291056	0.007659318	0.0	0.0	0.0	0.0
AAACGCTAGAGCCGAT-0	0.01748453	0.0018496693	0.0	1.0705231	0.0036722813	0.05364611	0.0	0.0
TCACAAGGTACAGTAA-0	1.0620878	0.045954082	0.0	6.290743e-05	0.0	0.0076131253	0.0	0.0
TCATATCAGGGCTTCC-0	0.0	0.0	0.0	1.3605287	0.024477217	0.009751295	0.0	0.0
ATCCGTCGTACTGAGG-0	0.8360144	0.022280544	0.04481505	0.008113733	0.0	0.0	0.0	0.0
AGGTAGGAGGTCCAGA-0	1.0164683	0.03183726	0.0152999805	0.013841116	0.0	0.008492308	0.0	0.0
CAACAGTCATAGACTC-0	0.01175515	0.84942424	0.029448757	0.0006815539	0.006091147	0.00832972	0.23829369	0.0
CGTAAGTCAGTGGGTA-0	0.0	0.0020573374	0.0	0.0	0.8644162	0.05873158	0.0037978897	0.0
TCATGAGAGTTTCGAC-0	1.4024997	0.0	0.0	0.002188891	0.00617262	0.0	0.026020698	0.0
GTGGGAACATGTAACC-0	0.5933183	0.22998513	0.040478308	0.006698375	0.0	0.01955695	0.0	0.0
ACCTACCAGTCGCTAT-0	0.9708897	0.04350107	0.0	0.011155127	0.016929593	0.0	0.0	0.0
CATTGTTGTGTGACCC-0	0.72144926	0.016921168	0.048493605	0.0	0.0	0.0036191694	0.0	0.0
AGTTCCCTCTGATGGT-0	0.22695339	0.019070363	0.3030042	0.03513985	0.43135357	0.0	0.0	0.0
CAAGGGACACAGTCCG-0	0.34148896	0.3953175	0.0009739543	0.05051577	0.017671758	0.010128299	0.034438428	0.0
TTATTGCTCAAGCCAT-0	0.71092325	0.029101824	0.01849407	0.011128942	0.015504042	0.0	0.0	0.0
ACGATCAAGGCATCAG-0	0.5177101	0.023419986	0.066768356	0.004410624	0.0005787211	0.0029854705	0.0032482191	0.0073635
TTTACGTTCGATACGT-0	0.046951637	1.076484	0.017938118	0.005852228	0.0	0.011236159	0.0	0.0
AGGCTGCGTCCTATAG-0	0.7636186	0.01037552	0.019441478	3.369539e-05	0.0	0.014541105	0.0	0.0017187858
GTCGTAAAGATTGTGA-0	1.031168	0.08099292	0.0	0.018088525	0.03215022	0.008238993	0.012480839	0.0
GTAGAAATCTCAACCC-0	0.10679072	0.8441491	0.041183997	0.010505666	0.0	0.009346716	0.0	0.003086554
TCGGTCTAGCGGCTCT-0	0.07387839	0.03141572	0.9085326	0.031268887	0.0	0.027557416	0.0	0.0
AGATGCTTCTTCTGTA-0	1.0364003	0.015669273	0.023748996	0.0022247785	0.0	0.00020077574	0.0066383667	0.0
GGACGTCGTCTCAAGT-0	0.6794207	0.050910577	0.0	0.03340547	0.028449293	0.0	0.0071798395	0.0
ATCTCTATCCTCTCGA-0	0.0	0.0	0.80211437	0.0	0.37579295	0.0	0.0	0.0
TCCACCAGTGCCTAAT-0	0.95850754	0.05286515	0.0	0.009176243	0.010572422	0.0	0.010633569	0.0
AGGTGTTGTCATAGTC-0	1.0679688	0.018803017	0.015608479	0.012904397	0.003940684	0.0087553635	0.0	0.0
CAACGGCCACTCTAGA-0	0.21464384	0.7800069	0.09722918	0.045157403	0.0005934711	0.03735597	0.0	0.0074925143
TGACAGTCAAGTTGGG-0	0.11350637	0.979463	0.021322621	0.023187399	0.0	0.035226457	0.023396632	0.0
CCCGGAACAGCCTACG-0	0.061241988	0.009941266	0.8781524	0.032424696	0.174602	0.012151315	0.0	0.0
TGAGGTTAGCTCCATA-0	0.16525203	0.03774171	0.056350313	0.01682284	0.030010877	0.816516	0.00028606819	0.0
AAGTACCCATGTACGT-0	1.1395652	0.013095607	0.0	0.014105355	0.01575307	0.009953171	0.0	0.0
TTAGTCTTCTGGGATT-0	0.0	0.0	0.0	0.9349054	0.0	0.032793753	0.0	0.0
CTACGGGTCCGTGTAA-0	0.0	0.0	0.0	0.0	0.13502964	1.0284733	0.0	0.0
ACTTTCACAACCCTAA-0	0.99784577	0.04382352	0.06903491	0.0	0.0	0.0	0.0	0.0
ACGATCAGTCGCATCG-0	0.027540335	0.0	0.0	0.0	0.0	1.1602991	0.0	0.0
GTGCTGGTCACTGGGC-0	0.9510871	0.030361192	0.0	0.0	0.019317951	0.0051017315	0.0	0.0
GAAACCTAGATGTAGT-0	0.32159632	0.021974778	0.0	0.0	0.0	0.01391556	0.0009798697	0.0562768
GTGCAGCGTTCTAACG-0	0.24006414	0.0	0.0	0.0	0.0	0.0	1.1809688	0.0
CATCGTCGTTGCACGC-0	0.0	1.0534116	0.0	0.0	0.022983095	0.013008832	0.014949458	0.0
GATGAGGCATACAGAA-0	1.0900058	0.008849781	0.0061990554	0.0030776607	0.015532757	0.013967813	0.0	0.0013993332
ATGGTTGGTAGTCTTG-0	1.0535595	0.041345865	0.0	0.0	0.0	0.0	0.0	0.0
CATAAGCGTATTGCCA-0	0.98796344	0.071408756	0.022736754	0.010642308	0.0	0.0	0.0	0.05129489
TGGATGTAGGTGCATG-0	0.14587964	0.85767525	0.06134458	0.0	0.008623428	0.0	0.0	0.007949076
CAAAGAATCCACGTAA-0	0.0	0.9128558	0.0059959763	0.0	0.0061971475	0.0056968755	0.09813693	0.0
GAATCACAGGAAAGTG-0	1.1623544	0.049206402	0.024967354	0.00926084	0.007885511	0.011590175	0.03314572	0.00034301978
GCGGATCCACTCAAGT-0	0.07111511	0.006997042	0.0781667	0.0	0.35042512	0.46483225	0.0	0.0
TACCGGGTCACGTAGT-0	1.2409859	0.023191713	0.0	0.002758165	0.0014530794	0.011332557	0.010423785	0.0
TGCATCCTCCGTCCTA-0	1.2458974	0.051282052	0.0	0.002152677	0.0011990485	0.016746035	0.0028843516	0.0
TACAACGGTGGGAGAG-0	0.0	0.02103293	0.0	0.0	0.0	1.2160455	0.0006247373	0.0
TCCTCCCTCCTCACCA-0	1.0071772	0.0	0.0	0.0	0.0	0.0	0.0	0.0
CTGTGAATCCTCGATC-0	0.20030399	0.5342725	0.12875736	0.016980605	0.0	0.017905774	0.0	0.0
CTAGACACAATTCGTG-0	1.1538619	0.011117194	0.0042978106	0.0	0.008756857	0.0014527717	0.0	0.0
GTATTTCAGGAACTAT-0	0.83084023	0.032468263	0.0	0.007298481	0.008312335	0.00668057	0.008592937	0.0
GGTTAACGTAGCTGTT-0	1.180706	0.017045455	0.0	0.0	0.0	0.0	0.0	0.0
ATCGGATAGACCAGAC-0	0.8703671	0.0	0.008849328	0.009770759	0.0	0.0030504707	0.0	0.0
GGTGATTGTATGTCTG-0	0.17192274	0.014098814	0.5320238	0.060647514	0.06978507	0.0239108	0.0	0.025136182
ATAGACCTCCTCACGT-0	0.068715475	0.0	0.41235396	0.017376637	0.3012253	0.023285652	0.013862169	0.0
AGACACTCAGACGCTC-0	0.9703417	0.025076691	0.010460241	0.011774734	0.0	0.0	0.0	0.0
TATCCTACACCAGCGT-0	0.90269125	0.20561063	0.0030266745	0.043148167	0.001571772	0.043635122	0.049846753	0.0
CCCTCTCGTTCTTAGG-0	0.9904026	0.022229977	0.0	0.017587079	0.0256282	0.0	0.00072984217	0.0
TCTATACGTTGGGTTT-0	0.094013326	0.0	0.0	0.0	0.0	0.0052925968	0.0039208457	0.04375187
TACCTCGCAACTTGCA-0	0.0	0.0	0.0	0.0	0.5294272	0.81912434	0.0	0.0
GCCAACGCAGCTCTGG-0	0.9470728	0.03829003	0.0054689357	0.026772672	0.03558263	0.0073637436	0.0153002655	0.0
TCTCCGACATCCTCAC-0	0.0	1.0541637	0.027519383	0.019499881	0.00906052	0.029605957	0.0	0.0
AACCAACAGGTAGGCT-0	0.0	0.0	0.6843204	0.00661533	0.2526921	0.064841874	0.013899601	0.0
ACGGAAGGTGATGGCA-0	0.08904267	1.0288529	0.0067840684	0.0	0.0017721155	0.0050666323	0.0	0.0
TGAGTCATCGGACCAC-0	0.024561819	0.0	0.012715933	0.0	0.0	1.1601821	0.0	0.0
GCCAGCACAGCTACCG-0	1.1284324	0.0	0.0	0.0058940267	0.02064577	0.0008509932	0.011740142	0.0
GCTGGGTCATGATAGA-0	1.252313	0.00052136154	0.023538994	0.009910046	0.004479354	0.004015469	0.0022327746	0.0
CCCTCAAAGATCGGTG-0	1.0243044	0.0027510035	0.035562005	0.0	0.0	0.022246387	0.0	0.0
TAGTGCATCTCATTTG-0	1.1661148	0.034286447	0.023077792	0.017741853	0.04579258	0.0	0.034608312	0.0
CGGACACCATAGTCAC-0	0.75519985	0.030436236	0.041327633	0.015041488	0.0	0.0016358314	0.0	0.0
CAAGCTATCCGAGAAG-0	0.03425859	1.0246681	0.016836904	0.0005095393	0.00014255971	0.01051133	0.0	0.00035424478
AGTACTGCACAACGCC-0	0.12170115	0.02958325	0.016146652	0.01466458	0.022183299	0.651249	0.0	0.0
AACGTCAGTGCTTCAA-0	0.0	0.0	0.0	0.00554783	0.09672219	1.0737551	0.0	0.0
ATTCCTAAGTTGCCTA-0	0.7776113	0.042197663	0.002157978	0.0	0.0020029044	0.0012983261	0.0	0.0
GAGTTGTGTCACCGCA-0	0.8958254	0.013670349	0.0	0.0038055053	0.014974223	0.0	0.047944404	0.0
AGTGACTAGGCCACTC-0	1.2223743	0.0027641684	0.0	0.0058791353	0.0	0.004315786	0.054697886	0.0
TATCTTGAGGTTATAG-0	0.96142817	0.003478705	0.010811979	0.01636582	0.010797371	0.010053913	0.028069621	0.0
TCTGTCGCAACCGGAA-0	0.92679524	0.026017997	0.039470427	0.015909117	0.032743506	0.00924311	0.0012749762	0.0
TTTACTGAGGAAAGGT-0	1.0788503	0.0	0.0	0.019762078	0.0052434616	0.0	0.013750452	0.0
CTCCAACAGGAACGTC-0	0.0	1.00314	0.02257407	0.0	0.0	0.009611323	0.0	0.0
CAGCAATCACGGTAGA-0	0.0	1.3406572	0.0	0.0	0.0	0.025249504	0.01764403	0.0
CGTGCTTCATGACTTG-0	0.0	1.0867686	0.0	0.0	0.009704955	0.014584065	0.011723623	0.0
TGGGAAGAGCCTGGAA-0	0.0	0.9673141	0.030479673	0.0054969992	0.0	0.0129425805	0.0	0.0
GTATTGGAGCAGGGAG-0	0.0	0.0	0.0	1.1045799	0.21639496	0.0	0.0	0.0
CACTGAAAGTCCTACA-0	1.2115421	0.0479118	0.037428673	0.0015056458	0.0	0.0065335524	0.0	0.0
AATGAAGAGTTCCTGA-0	0.041558556	0.0	0.11099859	0.022975823	0.021557221	0.887229	0.0	0.0
TCGATTTAGACCAGCA-0	0.06674663	0.8962611	0.0024269857	0.013622001	0.0	0.005322784	0.012881244	0.0
ATGGATCTCGAGCCAC-0	0.6018571	0.12946606	0.0	0.04201571	0.023129627	0.0	0.016412131	0.0
TTCCTTCCAAATGAGT-0	1.0535561	0.009306022	0.0	0.00916395	0.009092607	0.0	0.0	0.011262092
CTGTACCAGCTCCACG-0	1.3394508	0.017330317	0.0	0.0	0.013378183	0.01570012	0.007328529	0.011579397
GTTCTATAGCAGGTCA-0	0.7562054	0.004398869	0.012701139	0.0	0.018949555	2.1538086e-05	0.013736195	0.0
TCCATCGTCTGAGGTT-0	0.11002495	0.9067992	0.0	0.0	0.0022342117	0.0	0.0	0.01618043
GTAGCTACAGTAACAA-0	0.103634976	0.007689256	0.09686782	0.045513418	0.0	0.9959633	0.0	0.0
TGCTGAATCGCAGAGA-0	1.2659904	0.036585275	0.017435497	0.0	0.021493172	0.0	0.0	0.0
AGGCATTGTTACCCAA-0	1.1397084	0.021230064	0.0031589763	0.0	0.0052848277	0.0010111469	0.015602682	0.0
CTGATCCGTCGCTCGA-0	0.9770151	0.011681521	0.019142497	0.0	0.0	0.018290816	0.0	0.0
ATACTTCAGGCGCTTC-0	0.08954512	0.0003881801	0.0	0.0018552188	0.0	1.0066192	0.0	0.0
GATAGCTCACAGTCAT-0	1.0503731	0.03075489	0.0	0.0	0.042259496	0.0050978838	0.0	0.0
TTACAGGTCCAGTGTA-0	0.014579121	0.9464088	0.045768358	0.0	0.0076300036	0.006264261	0.0	0.0
CGTAGTATCCGTGTAA-0	1.295903	0.0060138307	0.0	0.0	0.0	0.0	0.024119921	0.0
ATTTCTGTCACCTCAC-0	0.26502866	0.8793903	0.013668716	0.012693957	0.0	0.016651498	0.0	0.0
ATCGGCGGTCTGTGAT-0	0.0	0.0	0.0	0.0	0.077564225	0.95510036	0.0	0.0
AAACCCATCGCTAAAC-0	0.77975774	0.010739985	0.0011146042	0.0057121236	0.0	0.0	0.0	0.0
CTTCTCTAGCTGTACT-0	0.0	0.0	0.7117762	0.016927825	0.49454927	0.0	0.0	0.0
AGGGAGTCATAGCACT-0	0.7520637	0.006512124	0.03575118	0.010060711	0.0	0.0	0.0	0.0143232355
GATTCTTAGAGAATCT-0	1.1899415	0.02872049	0.0	0.0136899	0.02177748	0.009370544	0.019374385	0.0
TGACGCGCAACCAATC-0	1.1619452	0.011251769	0.0	0.017262133	0.022438237	0.01576457	0.038568784	0.0014907737
TGAGACTCAAGGTACG-0	0.99946266	0.054846656	0.01203642	0.018741302	0.0	0.0029747335	0.0	0.0
GGCTTGGCACCCAAGC-0	1.1602175	0.017737709	0.0	0.008328403	0.011279938	0.0	0.010744	0.0
TGTAGACTCTTGGGCG-0	0.15307517	0.039378133	0.0	0.5085554	0.003055904	0.04501533	0.0	0.0
TGACAGTCACAACGAG-0	1.1841369	0.0	0.0	0.0	0.01696825	0.0	0.0	0.0
GATTCTTCATGCCATA-0	0.0	0.9686993	0.006490132	0.0	0.0027377703	0.0056369877	0.0	0.0
CCACGAGAGATGCAGC-0	1.2982514	0.04678576	0.005491605	0.0037444532	0.04175039	0.009247925	0.0	0.0
GTCTGTCCAGCCCAGT-0	0.5241524	0.032838933	0.0	0.013878935	0.0042869514	0.0074233795	0.0	0.0
GGGTTTAGTCGGAAAC-0	0.0	1.1006271	0.0	0.0	0.018948432	0.0036271377	0.00075129623	0.0
TCTCTGGTCGCTTGAA-0	0.020522788	0.0	0.03743443	0.0	0.0	0.9906557	0.0	0.0
AGGTGTTGTGGATACG-0	0.86199594	0.01601573	0.0068480102	0.013599141	0.00660273	0.0067644073	0.019673448	0.0013627629
TCACACCGTGCAGATG-0	0.91689235	0.009565584	0.0	0.0	0.0	0.0036793053	0.0	0.0
AGGCATTGTTCCGCAG-0	0.23049465	0.0	0.48497096	0.016008489	0.28550637	0.0	0.0	0.00024550295
CGGACACCAGCAAGAC-0	0.0	0.96381485	0.025193524	0.007884696	0.0055584433	0.0073028337	0.0	0.0
AGAGCCCAGGAACATT-0	0.75769955	0.013151326	0.028271448	0.0	0.0	0.0060009263	0.0014540255	0.0
AGGCATTAGCTAAATG-0	0.887546	0.015732039	0.007116092	0.007269907	0.007590461	0.010020023	0.0	0.0
CAGATCACACTATGTG-0	0.688278	0.0042711427	0.0	0.0	0.000630452	0.0	0.0	0.0
TACACCCCAAACCACT-0	0.06286099	0.027147409	0.0026657605	0.031154675	0.0	1.0533712	0.0	0.0
AGTAGTCAGGGCTAAC-0	0.0	1.1506969	0.0	0.0	0.021637317	0.0	0.017586373	0.00308866
GAAGCGACATGTCGTA-0	0.0	0.061226413	0.0	0.038109906	0.13206947	0.8088225	0.00590948	0.0
CAACAACTCTCTAAGG-0	1.0892341	0.0	0.0	0.0	0.0073998314	0.0	0.0	0.0
CTCAACCCATCCTAAG-0	0.75414824	0.099629514	0.03449883	0.01694708	0.0	0.006124572	0.0	0.0
CTCGAGGTCTCTCCGA-0	0.36014917	0.66806346	0.002516797	0.029830087	0.016544482	0.0	0.10127221	0.0
TCATTACTCCAGCTCT-0	0.81656265	0.010157676	0.0	0.009350744	0.027608676	0.00815037	0.029751714	0.0
CAATGACTCGGCCAAC-0	0.8243486	0.16580664	0.034668844	0.052601017	0.0077234176	0.0061134836	0.014769133	0.0
TTCTCTCAGAATTTGG-0	0.8650716	0.014728465	0.0	0.011239607	0.0059197973	0.010417658	0.0	0.0
GTGGGAATCCGCAGTG-0	1.0800421	0.03389412	0.028613824	0.0059799976	0.013811028	0.0	0.073290326	0.0
AGTGTTGCACTATCCC-0	0.86613756	0.045207754	0.025234371	0.00807962	0.008009475	0.016444674	0.0	0.0
CTGCAGGGTGTACAGG-0	0.12387697	0.010860385	0.0	0.0	0.0	0.003335696	0.002592011	0.03802836
TTTGACTAGCCATTTG-0	0.9454396	0.011386797	0.0	0.011599576	0.008436722	0.0	0.0	0.0
ACCAACAGTAGTGCGA-0	0.077482305	0.71687293	0.036335655	0.0	0.01302828	0.010246541	0.0	0.0
CCTATCGAGTCTCCTC-0	0.77159464	0.04093631	0.033117723	0.00079827395	0.025964262	0.00044805903	0.0022472371	0.0
CGTGAATAGTACTGTC-0	0.8033034	0.0	0.0	0.0	0.0	0.0	0.28782147	0.0
CCGTTCACAACTTCTT-0	0.06286993	0.00030138966	0.23754737	0.015765328	0.3489401	0.0	0.0	0.0
CACAGATGTCGACTGC-0	0.46453223	0.0	0.0	0.0	0.0	0.0	0.8839536	0.0
CTAGGTAGTGCTTATG-0	0.0	1.2654661	0.0	0.0	0.03344262	0.0	0.06699235	0.0
CCTGCATCATCCGCGA-0	1.0579497	0.042786114	0.0	0.027706835	0.0	0.0051700305	0.0	0.013486988
GATGATCCAAAGGCTG-0	0.10087357	0.02106449	0.0	0.002888126	0.0	0.9128969	0.0	0.0
TTCCAATAGCACGTCC-0	0.48023853	0.03169678	0.03722264	0.02410881	0.0	0.019304883	0.0	0.0049289293
CTTAGGAGTACAAGCG-0	0.7977352	0.041656096	0.038238063	0.016943408	0.0	0.0069709835	0.0	0.0
GTGCACGTCGTAGCTA-0	0.0	0.0	0.2809316	0.0	0.71272826	0.00855214	0.0	0.0040017823
CTGTACCAGGGACTGT-0	0.07315347	1.1750333	0.022581827	0.0034990727	0.0	0.016445175	0.009437093	0.0
CTGGACGAGACTTCCA-0	0.99036574	0.0	0.00443015	0.0	0.0	0.0	0.0	0.0
AAGGTAAAGAGAGCAA-0	0.9052111	0.040339902	0.021125585	0.0	0.0	0.0	0.0	0.0
AGCGATTAGCTAATCC-0	0.14682385	0.93261725	0.058648925	0.012031914	0.00093660154	0.0021895363	0.008974679	0.0
TCGCAGGGTGGCATCC-0	0.0	0.0	0.0	0.0	0.0	1.3051586	0.0	0.0
CCACCATTCTACAGGT-0	0.07363491	0.0	0.21289316	0.0	0.6948331	0.076810956	0.0	0.0
TCACTATTCGCCGAAC-0	0.09532634	0.037823975	0.25276378	0.025032407	0.57966065	0.1847781	0.0011664714	0.0
TCCTCTTCACGGTGCT-0	1.0016295	0.03774869	0.020874852	0.010828596	0.0	0.0020701275	0.0	0.0
AGCCAATGTATGGTTC-0	0.974687	0.014721664	0.0045886743	0.0	0.010211897	0.0049741585	0.0057992563	0.0
CTGTGGGAGACCAGAC-0	0.04744986	0.0	0.0	0.0034026757	0.28527495	0.7065767	7.977077e-05	0.0
TGATGGTCATCGATAC-0	0.50278956	0.2487355	0.03361751	0.040329095	0.03365277	0.0	0.0036265403	0.00015356335
TGGAGAGTCCGGACGT-0	0.042338125	0.0	0.0	0.0	0.0	1.039706	0.0	0.0
CTTCTAAAGCTTGTGT-0	1.0501989	0.022930603	0.012796497	0.011580869	0.00030026576	0.0008638215	0.0	0.0
TAACACGCAATTCGTG-0	0.09636726	0.0	0.07343166	0.0319113	0.0	1.0642682	0.0	0.0
AGGTGTTTCCATTCAT-0	1.1484237	0.01626128	0.0026678094	0.0	0.0	0.01778555	0.0	0.0
GTTGTAGCACGATTCA-0	0.5398677	0.0	0.0	0.0	0.0	0.0	1.1729325	0.0
CCCTAACGTTCCGCTT-0	1.4836285	0.0	0.0	0.0	0.036557697	0.0121664805	0.036852572	0.0
CCGGTAGCAGACCTAT-0	0.090465434	0.9126291	0.010344874	0.0	0.0022986038	0.0	0.0	0.0
CATGGATCAAATGCTC-0	0.09211189	0.8783851	0.052883558	0.0	0.0	0.010067481	0.121728286	0.0
TCGTGGGAGCTGACAG-0	0.83817726	0.053763654	0.015243266	0.0035444798	0.0	0.0	0.0	0.0
ACTATGGTCTTGGATG-0	0.113550425	0.63999087	0.07983861	0.024173832	0.0	0.03979882	0.3290913	0.0
GGTCACGGTATGCGTT-0	0.0	0.6481104	0.0132446885	0.006229317	0.0	0.023553489	0.35314286	0.0
GCCAGCACAATAAGGT-0	0.051655244	0.8511457	0.020944823	0.0	0.0	0.012199139	0.0018770181	0.0
CGTTCTGAGGAAGTCC-0	0.00696841	0.9176143	0.054147813	0.0	0.0	0.00448974	0.0	0.0
AAGCGTTAGGATTTCC-0	0.69173527	0.03863615	0.0056439103	0.005145229	0.0	0.008407285	0.004041563	0.0
GGGTTTACACTGATTG-0	0.8721224	0.06369907	0.0102556385	0.0	0.0	0.0059885075	0.0164357	0.0
GTTACGACACTGAATC-0	1.15726	0.0	0.023245646	0.0	0.0	0.0010623335	0.0	0.0
GCCATGGGTCCAACGC-0	0.77662617	0.043610543	0.050575305	0.028770965	0.010998723	0.0054700347	0.0009286341	0.0
TGTCAGACAACCGCCA-0	0.9594286	0.0474243	0.016535904	0.0063761896	0.017224893	0.0052027623	0.0056265313	0.0
ATTACTCTCGTCCTTG-0	0.7843197	0.071797855	0.01918024	0.024921602	0.0	0.009409205	0.0	0.0
AGTACCATCCTTCAGC-0	0.81665915	0.0	0.018070873	0.008420486	0.0073066214	0.0013900755	0.0	0.0
TCATCATCAGAAGCGT-0	0.1802204	0.022177367	0.38456646	0.03468463	0.5882374	0.042723652	0.0	0.0
CTCTCGACAAGCTGTT-0	0.75023353	0.03731758	0.04139873	0.0031393224	0.0	0.0051143076	0.0	0.0
TCTCAGCTCCTGGGAC-0	0.09404608	0.9708419	0.011552153	0.010497247	0.0055433144	0.0	0.0005477188	0.0
ATGGAGGAGAGAACCC-0	1.051889	0.018632378	0.0	0.0003329803	0.02374064	0.00092157314	0.00077568786	0.0
GTTAGTGGTATCCTCC-0	1.1072253	0.012126533	0.0	0.013198824	0.021830382	0.0	0.0	0.0
CCTTCAGCAGCTCATA-0	0.08059181	0.03104356	0.042410977	0.0	0.01841798	0.8309897	0.0	0.0
CCGGACACAGAAATTG-0	0.012095332	0.819642	0.015324769	0.004220335	0.0	0.0	0.0036695513	0.0
AGAAATGAGTAATACG-0	0.9710627	0.029081149	0.031050356	0.0062042596	0.0	0.0050116293	0.0	0.0
CATCCACGTATCCTTT-0	0.8482746	0.0022979043	0.0	0.0026956399	0.0	0.002292562	0.0045491597	0.0
ACGTAACAGCATCAGG-0	0.9652177	0.01662066	0.010355666	0.007862329	0.0027735485	0.00852781	0.011915996	0.0
TCAGGGCCAAGTGCTT-0	0.0	0.0	0.0	0.9448134	0.18667652	0.0	0.0	0.0
AACACACCAACGGCCT-0	0.9939137	0.045375086	0.0	0.0	0.0	0.0	0.0	0.0
ATCTTCAGTTCGTAAC-0	0.080069676	0.017532472	0.76030654	0.010564895	0.14214076	0.071995445	0.0	0.0
GAGTCATCAAGCCATT-0	0.6919569	0.05571343	0.018281009	0.01277938	0.0003839806	0.0052394522	0.0	0.0
TCCTTTCTCAAGTGGG-0	0.0	0.0	0.15687849	0.008224252	0.0	1.2314484	0.0	0.0
GTGTCCTTCACGGGCT-0	0.08031405	0.0	0.0	0.0	0.0	0.00944267	0.0005253385	0.0449094
CAGCAATAGTTGCGAG-0	1.1541942	0.03132704	0.0038922646	0.0	0.017744852	8.061442e-05	0.025174892	0.0
CTCCCAAGTAACCAGG-0	1.4601729	0.018518144	0.0	0.011511484	0.008378825	0.0	0.0068381852	0.0
TTAGTCTGTTCCACGG-0	1.0387065	0.0143496925	0.00965278	0.016600642	0.0	0.01855965	0.0	0.0013200215
AATGGAACACCACATA-0	0.042403784	0.9911114	0.045263678	0.0025661606	0.00034512675	0.0048248824	0.0	0.0
GAATCACCAGCTGTAT-0	0.0	0.83397657	0.0	0.0	0.0042767297	0.021358112	0.0133989835	0.0
ATGAGTCTCCTTATCA-0	0.12716606	0.6810985	0.02658406	0.017363742	0.0	0.020524472	0.0	0.0
AGTACCAAGTACAGAT-0	0.13636419	0.0031686032	0.050523866	0.029782565	0.66806394	0.14854565	0.0037468292	0.0
CTCAACCGTGGTTTGT-0	1.1434556	0.0	0.0	0.0	0.0	0.008623547	0.018047396	0.0
TCAGTCCAGCCATGCC-0	0.20174953	0.7855935	0.0	0.059443828	0.018507786	0.0	0.04310056	0.0
GGAATCTGTCATGACT-0	0.65707535	0.035495535	0.030529058	0.006179337	0.0	0.002049554	0.0	0.0
GGTTGTATCCCAGCGA-0	0.15699698	1.0518326	0.002048617	0.0057905815	0.0	0.0	0.025444755	0.0
AACAAGACAGTAGTTC-0	1.0286412	0.025236566	0.0	0.01209639	0.007637594	0.0026525757	0.0025990433	0.0
CTACGGGCAAGGTCAG-0	1.1716048	0.0054019443	0.012373335	0.033463214	0.0	0.019080898	0.016320534	0.0
AAGTACCGTTAACCTG-0	1.0998521	0.053387966	0.0022356487	0.006282546	0.016902113	0.018529052	0.017766386	0.0029943166
GCCAGGTCATAAGCAA-0	0.085862	0.019231798	0.0	0.0	0.0	0.9001154	0.0	0.0
AAAGGGCAGGATACGC-0	0.026840327	0.8899724	0.042204753	0.0062808343	0.0	0.013814121	0.0	0.0
TACCTGCGTACGATTC-0	0.046130642	0.0055075306	0.7956574	0.0055146264	0.0	0.03679303	0.0	0.0
GGTAATCCAGCGTGAA-0	0.9629726	0.0018533082	0.02283065	0.0	0.0	0.0064210356	0.0	0.0
GAGTCATTCAGCGGAA-0	0.026974414	1.0269535	0.033563454	0.020436503	0.0	0.020051494	0.0	0.0
AGAACAAAGGATGGCT-0	0.8840991	0.0489595	0.015489708	0.023962911	0.014640342	0.0	0.0	0.0151574025
TTACTGTAGAAGAACG-0	0.03265264	0.0033722476	0.033002708	0.8474375	0.01878446	0.004991184	0.0	0.0053652027
AAACGAACAAGCCATT-0	0.9932567	0.032428384	0.04046626	0.02044441	0.00045050055	0.005566707	0.012330068	0.0
TAAGCGTAGAATTGCA-0	1.223999	0.052655462	0.0	0.008104879	0.0	0.015127646	0.0	0.0
CGCCAGAAGTTTGAGA-0	0.0	1.0893949	0.0	0.0	0.007492835	0.0	0.0	0.0
TCTACCGAGTTCGGTT-0	0.7971845	0.0	0.0	0.020202499	0.03356244	0.0	0.3447113	0.0
CTACAGACAATTGGTC-0	0.0	0.0	0.0	0.014714955	0.23964785	0.7751306	0.0	0.0
GTACAACAGTAAACGT-0	0.90530366	0.0047945855	0.003861619	0.023331435	0.0	0.0021405986	0.0	8.519607e-05
CTCTCGAGTGGAAATT-0	0.9985463	0.09025587	0.0	0.0	0.054011732	0.015535328	0.030173045	0.0
CGGAACCAGTCCCTAA-0	0.0	0.0	0.0	1.1934947	0.0	0.047932137	0.009680274	0.0
TAACTTCAGTTTGGCT-0	0.11797762	1.0507076	0.0066064405	0.003943597	0.0	0.0	0.0007764867	0.0
TGACTCCAGTATAGAC-0	0.0	1.3053753	0.0	0.0	0.004615493	0.0047880816	0.0	0.0
ATCCACCAGATAGGGA-0	0.01893463	0.0	0.25654328	0.0	0.91475594	0.0	0.0021477316	0.0
AACAGGGGTGCCGTTG-0	1.0370643	0.009844147	0.0	0.01836728	0.0015639289	0.0	0.012525501	0.00241218
AGATAGACAAACGGCA-0	1.1930401	0.02317736	0.0049631647	0.0	0.041130528	0.0	0.03926277	0.0
AGACAGGAGGGTTAAT-0	0.01445849	0.012143354	0.068459734	0.95630324	0.0	0.029206261	0.0	0.0
CGACAGCAGTACCATC-0	0.70896757	0.0062245335	0.040288415	0.00034861956	0.00021308943	0.00095913553	0.0	0.0
TCTGGCTGTAACAGGC-0	1.0778811	0.065830156	0.0	0.012848312	0.014783892	0.010248832	0.044188835	0.0
AAGACAAAGAGACAAG-0	1.031924	0.032965947	0.028469305	0.0	0.0	0.0	0.0	0.0
ATACTTCGTTCCTAGA-0	0.021023937	0.9919019	0.06868597	0.010959407	0.0005777603	0.022999158	0.0	0.0
ACTATCTCAACGCATT-0	0.20549113	1.1309253	0.0	0.020686999	0.0	0.019266784	0.0	0.002924629
ATTCGTTGTGCCTGAC-0	0.9753654	0.049408972	0.0	0.0	0.037252646	0.00075568503	0.00169883	0.0006365827
AGCCACGTCACCTCGT-0	0.966148	0.0067274533	0.0025348526	0.006110346	0.016126562	0.0140883345	0.0	0.0
TGCTCGTTCGTCCTCA-0	0.18290915	0.013458772	0.5292404	0.042106926	0.24259926	0.12754293	0.0013670712	0.0
CTGCATCGTGACAGGT-0	0.76405436	0.00706466	0.0	0.006242335	0.010218345	0.0	0.007055319	0.0
CTTCCGATCCCAGTGG-0	0.81761336	0.015321022	0.008241615	0.01102247	0.021445017	0.0020313016	0.00056878856	0.0087773455
ATTCACTCAACCCGCA-0	0.057310592	0.0	0.16162536	0.42503658	0.35002556	0.0056749415	0.07502759	0.0
TATACCTAGCTCCATA-0	0.022126762	0.0025192683	0.6751112	0.02392305	0.38480988	0.1453476	0.002234776	0.0
GTCATGATCTGAACGT-0	0.8893052	0.05572938	0.0042509204	0.018210499	0.0011503537	0.01842571	0.03255338	0.007740542
ATCCATTCACTAGGTT-0	0.14654875	0.8912719	0.0077368063	0.03710129	0.017038234	0.0031809246	0.010835985	0.0
GAGGGATAGTCTAGCT-0	0.6922979	0.03319278	0.034278564	0.018227138	0.0	0.012540101	0.0	0.0
TGTCAGATCCACCTCA-0	0.6113193	0.12978502	0.033415217	0.031067628	0.00805381	0.012384052	0.0	0.0
TATCGCCTCTGCAGCG-0	0.11027001	0.0	0.009431221	0.0	0.020398805	0.8900851	0.00016265485	0.0
ACCCTTGGTGACTAAA-0	0.6094624	0.015655529	0.025788873	0.011953383	0.0	0.0036243475	0.0	0.0
AGTTCCCAGCTATCTG-0	0.9113819	0.03542449	0.011968545	0.0	0.0	0.0	0.0	0.0
TCTGGCTCACTCTAGA-0	0.9884486	0.025142247	0.0069123465	0.0	0.0	0.0	0.02002839	0.0
TTCGGTCCAAATGATG-0	0.88013947	0.017492834	0.007419992	0.0	0.0065819947	0.01451035	0.0	0.0027204158
AATTTCCCAACACGAG-0	0.3946655	0.5036125	0.022407684	0.0006767807	0.0046969517	0.007845836	0.123728365	0.0
AGCTCAAGTTACGTAC-0	0.0	0.0	0.0	0.7281453	0.010706953	0.009600975	0.0	0.0
GACCCTTCACCCAAGC-0	0.09277102	0.04231546	0.0	0.0	0.13411845	0.8807724	0.0	0.0
GTCACTCCACTGATTG-0	1.0862474	0.0	0.0	0.0018571385	0.0	0.0	0.005780384	0.0
GGTGGCTCAGTTAGAA-0	0.9054242	0.0	3.072746e-05	0.0	0.017110268	0.0	0.27044734	0.0
CCTCATGGTCGAAACG-0	0.0	0.90111655	0.03190935	0.010881573	0.0055093328	0.018599855	0.0	0.018762056
CATTTCAGTGCCTATA-0	0.6867224	0.026511677	0.01736508	0.0	0.0	0.0033353865	0.0	0.0
GCCATTCAGTAACCTC-0	0.9555953	0.044944096	0.04539682	0.014086988	0.0	0.052187867	0.014113551	0.0
TCAGCAAAGATGTTAG-0	0.16025265	0.91817176	0.043298032	0.012083354	0.0	0.021395914	0.0	0.0
CGGGTGTTCAAGTAAG-0	0.0	0.9593493	0.0072036586	0.0056221774	0.010093773	0.0043037576	0.011017133	0.0
TGATTTCGTCAAGCGA-0	0.8067693	0.0010851898	0.037623536	0.0	0.0057942127	0.0	0.012138994	0.00032790186
TGTGATGCAACGTATC-0	0.1225462	0.023332102	0.52464354	0.09448434	0.30793115	0.0	0.0	0.016207248
AGGTTACTCGGTGAAG-0	0.95594245	0.0024355217	0.0	0.0268949	0.020206658	0.021060659	0.0	0.0
GATGAGGTCTTGGGCG-0	0.91329473	0.06753428	0.006981143	0.0	0.0	0.009769668	0.01651914	0.0
TCATCATCAGCGCGTT-0	0.84508985	0.05593941	0.0	0.016943328	0.018424394	0.0	0.007666991	0.0
GTCATTTCACGACAGA-0	0.034409847	0.97557014	0.008616321	0.0	0.005508928	0.012972082	0.0	0.0
CCACTTGTCCATAGGT-0	0.06993264	0.0	0.0	0.0	0.0	1.0949198	0.0	0.0
TCTCAGCGTCGAAGCA-0	0.14030322	0.008916359	0.48877153	0.0005423473	0.21116734	0.04792465	0.005555984	0.0
GGGAGTATCCGAAGGA-0	1.3399833	0.0	0.0	0.008125587	0.01753246	0.014806444	0.028167391	0.0
TCCAGAAGTCACTGAT-0	0.9749541	0.033826772	0.0	0.027497653	0.02017232	0.0012786896	0.009059439	0.00012533502
GAATCACCAATGGCAG-0	0.0	0.9712128	0.0	0.0	0.0	0.007048478	0.0	0.0
ATTTCACAGTCAGCCC-0	1.0445734	0.0	0.014350958	0.0061565507	0.005911506	0.0	0.0	0.0
TTGCCTGAGCAGCGAT-0	1.1469859	0.01677907	0.027140655	0.0019187807	0.0	0.0013715294	0.034007315	0.0
GTGTCCTTCGGAGTGA-0	1.1130697	0.054814965	0.0	0.020539599	0.032377608	0.0027711135	0.039893564	0.0
TTAGGGTGTTTGGAAA-0	1.0565453	0.011673237	0.003367601	0.0	0.0	0.0	0.072406985	0.0
ACGTACACAAACGTGG-0	0.7336439	0.20387393	0.035903625	0.010374753	0.012866204	0.00050978037	0.0071322015	0.0
GTGGAGATCACGTCCT-0	1.0786885	0.0	0.0	0.0	0.0	0.00925839	0.016528696	0.0
CCTTCAGGTAGACGTG-0	1.2512	0.036134	0.0	0.0058570537	0.017451871	0.0	0.080511004	0.0
CTCATCGTCACGGAGA-0	0.9838105	0.05635072	0.00078221253	0.002234515	0.013448323	0.0101970155	0.0	0.0
TTTCAGTCAATTGTGC-0	0.7781061	0.042165827	0.017862262	0.0	0.005193793	0.0073605874	0.0	0.0
TCCGAAACATCGTTCC-0	0.0	0.948828	0.0	0.0	0.0	0.01385672	0.0	0.0
ACGGAAGCATCCTCAC-0	0.85813826	0.049763378	0.04183627	0.0029639162	0.0058536693	0.010635759	0.0	0.0
CACGGGTCAGACCTGC-0	1.3203899	0.045089845	0.01156114	0.0	0.036034517	0.01324875	0.02276048	0.0055665965
TAACACGCAATACCTG-0	0.10826401	0.6290575	0.03335423	0.0067638787	0.020872673	0.009772326	0.28252894	0.0
GGAGCAATCCACAAGT-0	0.16865425	0.04354157	0.047000796	0.4226988	0.0	0.0041437345	0.0	0.075875744
ATCCCTGTCCTCACTG-0	0.94461757	0.08885464	0.0	0.0009034998	0.053958666	0.0	0.0	0.025937133
CAATTTCTCATGTCTT-0	0.86276555	0.006689443	0.0007983262	0.0	0.0	0.0009022753	0.0	0.0
CACGTGGAGTCATACC-0	1.1942518	0.03652751	0.0	0.0073111188	0.0	0.0	0.013998438	0.0
AAGCGTTGTCACTCTC-0	1.1448976	0.01947515	0.0	0.021727158	0.0037519436	0.00027668357	0.002832832	0.0
CAATGACGTGGTGATG-0	0.031420004	0.91336167	0.012350357	0.0	0.0	0.0015934907	0.00022124761	0.0
CCGGTGAGTAATGTGA-0	1.1665902	0.022765774	0.022771519	0.0	0.00472969	0.009501889	0.0	0.0
ATGGAGGTCCTGGTGA-0	0.14890167	0.0	0.61564916	0.0	0.37483492	0.129913	0.022849634	0.0
CTAAGTGTCATGCGGC-0	0.0	1.0342394	0.012795822	0.0	0.03515659	0.011032453	0.2828037	0.0
GGAGATGGTAACATCC-0	0.91715866	0.053150084	0.022933219	0.006454572	0.028587261	0.002177321	0.0	0.0
TTGTTCATCGCACGGT-0	0.10516381	0.8442526	0.027199168	0.0028480664	0.0	0.0	0.0	0.0
CGAGGCTCATGTTCAG-0	0.8201485	0.0062062284	0.020528557	0.0	0.0	0.0010787201	0.0027222622	0.0
TCGCAGGGTTGGGATG-0	0.8485215	0.018390507	0.0	0.009189529	0.00035332722	0.0025147386	0.017680826	0.0
TGGTTAGGTGAATAAC-0	0.0	0.0	0.6114874	0.0128381215	0.41216484	0.045771856	0.030754486	0.0
CCACCATTCACTGGTA-0	0.04931644	0.0	0.0	0.0	0.0	0.006695577	0.005631959	0.02033544
CGCCAGATCGTAGAGG-0	0.73910296	0.029966835	0.031102562	0.01264715	0.006691499	0.007968311	0.0036382526	0.0
AGTGCCGCATCTGGGC-0	1.2867178	0.007749996	0.0	0.0	0.024600659	0.0034661589	0.0	0.0
AAGTCGTTCCACATAG-0	0.8984754	0.021044618	0.007290107	0.0047559952	0.0	0.02961605	0.0010350902	0.0
GGGATGAGTATGACAA-0	1.2153825	0.024585586	0.013387483	0.005597668	0.00827465	0.0025195288	0.0	0.0
TATCTGTAGACCATGG-0	0.0	1.1171218	0.003925906	0.0	0.035605814	0.012304193	0.03301314	0.0
CGGAACCCACCTCGTT-0	0.87399256	0.007997168	0.04414609	0.00014866905	0.0055356887	0.010520043	0.09408866	0.0
TAACTTCTCACCATCC-0	1.3544631	0.03222216	0.0	0.0	0.022097599	0.0030786267	0.0	0.0012898712
TATCCTATCTTACCGC-0	0.87337005	0.0010849085	0.0075242682	0.02031365	0.0	0.0013272425	0.0	0.0
CTGGTCTCACCGGAAA-0	1.0498303	0.056898497	0.038749903	0.015693046	0.0	0.0	0.0	0.0010029319
AGGGTTTGTCCAGCCA-0	0.0	0.0	0.16821817	0.015159967	0.0	0.89223963	0.0	0.0
GTGGGAAAGAGCCATG-0	1.0599617	0.099459134	0.0	0.0038693834	0.029201996	0.0	0.0011100301	0.0074547757
CTCAGAAAGAGCAACC-0	0.8302561	0.0052288254	0.0	0.0020199933	0.0	0.0	0.0041230526	0.0
TCTTTGAGTCGCTTGG-0	0.95662427	0.02099243	0.0072856066	0.0	0.004883542	0.012556201	0.030564671	0.0052321744
ACAACCAAGGAACTCG-0	0.81229204	0.044636127	0.02964462	0.010262897	0.0	0.0023111543	0.021118911	0.0061413446
AGGCTGCTCTAACACG-0	0.3764696	0.19331017	0.032536745	0.0	0.0	0.04464096	0.008856388	0.0
TAACCAGTCGCATTAG-0	0.0	0.6475865	0.0	0.0	0.01377226	0.0	0.34415942	0.0
GAACTGTGTGAGATAT-0	1.4647851	0.052861016	0.0	0.0	0.015121361	0.008120969	0.010198063	0.0
CCGAACGAGATGTTGA-0	0.051584307	0.007029821	0.0	0.0	0.11626027	0.99594516	0.0	0.0
CTGCCTAGTGACTGAG-0	1.2623248	0.0	0.0	0.0	0.00936711	0.0	0.011502467	0.0
GTGGAAGTCGGTCTGG-0	1.2950665	0.0542408	0.0	0.018360097	0.021085434	0.0	0.0122235445	0.0
TTCGCTGTCGTCGGGT-0	0.0	0.0	0.02942178	0.0	0.0	1.1494515	0.0	0.0
CTCAATTCAATTGCGT-0	0.96091396	0.060686566	0.0023763527	0.003463056	0.023867795	0.001700874	0.0032567473	0.0
GATTGGTGTCTAGGTT-0	0.20221084	0.65508926	0.045677185	0.0038230328	0.0	0.003363224	0.0	0.0
GAAGAATTCGCGATCG-0	0.9700605	0.058973994	0.026515812	0.01753875	0.0	0.009526775	0.0	0.0039481237
GATAGAAGTTCTCACC-0	0.91276956	0.0	0.0	0.0	0.00021730742	0.009833454	0.0	0.0
TGTTACTCAGTCGAGA-0	1.2695787	0.012822726	0.0	0.004556685	0.02712235	0.0	0.013908301	0.0
GTCATTTTCGACCATA-0	0.17358892	0.0	0.0	0.0	0.0	0.008799949	0.0007491068	0.07183034
ATTTCACCACAGTACT-0	0.81499183	0.02474209	0.04050518	0.0	0.003833896	0.0055971374	0.0	0.00029719126
CTATCTAAGCTCTTCC-0	0.7382256	0.01498399	0.0012657046	0.003373101	0.0	0.0068725897	0.0	0.0
AACAAAGGTGTACGCC-0	1.0770767	0.04605109	0.0	0.0	0.0015759625	0.010436733	0.0050045224	0.005779543
GCCCAGAAGGACAGTC-0	0.79182994	0.038756527	0.029895158	0.0072283144	0.0	0.01705879	0.0	0.0
AGCGATTCAGGCTATT-0	0.99126613	0.03914381	0.011432281	0.038069285	0.029562535	0.039308563	0.05063318	0.0
GAAGTAAGTAGTGGCA-0	0.91215855	0.040072855	0.013215137	0.011988944	0.0	0.006659607	0.00095152116	0.0011080255
CGCCATTTCTCGCTTG-0	0.96271926	0.030532097	0.018068573	0.002838385	0.015295538	0.0104453685	0.0035681045	0.0
TGGTACATCCGCAACG-0	0.37325305	0.56816053	0.008442804	0.01508187	0.026340924	0.009504398	0.122938074	0.0
CCTCATGAGTCTTGGT-0	0.6048203	0.008647498	0.020288873	0.0037938626	0.0	0.0	0.0	0.002427122
GAGGGTAAGTCCCGGT-0	0.6712342	0.051042594	0.0	0.006504025	0.014822064	0.009434282	0.0066108746	0.0
TTTACTGGTACTGCCG-0	0.93091905	0.0	0.010440712	0.012044146	0.0	0.0	0.0	0.0
GCTCAAAGTCCAACGC-0	1.1565369	0.050122388	0.014797919	0.0	0.0	0.0077987025	0.02746445	0.0
CGTTCTGCATTGACAC-0	1.1587731	0.021261634	0.0	0.0	0.0033040813	0.0	0.047301374	0.0
GGAGGATCATTGGATC-0	1.0687274	0.073395275	0.042301524	0.0	0.0	0.006321684	0.0	0.0
AGGTGTTTCCATTTAC-0	0.061298497	0.79661435	0.013003141	0.0	0.0	0.0006233149	0.0	0.0
TGTTACTGTCATATGC-0	1.0783532	0.01158507	0.010606781	0.0068545695	0.012105958	0.01267519	0.0	0.0
CCACACTAGTGGTGAC-0	0.11990118	1.1038848	0.0	0.018331863	0.018007258	0.021207105	0.0063836	0.0
TCAAGACAGTAACCTC-0	0.59545106	0.29572168	0.017250149	0.046255376	0.039282776	0.020617537	0.030154131	0.0
TTCTTGACAAATTAGG-0	0.0	0.94589674	0.0	0.003614717	0.023961639	0.0054927343	0.013392699	0.0004674071
TCACATTCATGACGGA-0	1.1958321	0.02737236	0.0111639695	0.031655528	0.0059252535	0.00035698662	0.034132697	0.0
TAGAGTCGTGGTTTGT-0	1.0376718	0.0	0.0	0.05598963	0.018351715	0.0	0.0	0.03376023
TCTTTGATCGCTTGCT-0	0.9654965	0.022536745	0.0	0.0	0.0	0.0	0.0	0.0
GGAATCTGTCCGGCAT-0	0.1688399	0.0	0.57150024	0.048217528	0.3007102	0.0	0.0	0.015723348
AATTCCTAGCGTTCAT-0	0.9967577	0.018217029	0.008900578	0.0036581936	0.0	0.00086764334	0.0035370283	0.0
CTCAACCCATGTCTAG-0	1.024294	0.038936205	0.009129778	0.03520432	0.036713526	0.012580878	0.023071826	0.0
CCTCTCCAGACGCATG-0	0.0	0.0	0.0	0.0	0.82081676	0.41656289	0.0	0.0
CCTACGTTCCCAGTGG-0	1.0733135	0.0	0.0	0.0	0.0	0.0032517072	0.035535924	0.008572292
CGACAGCAGCGCTGAA-0	0.19111903	0.9981466	0.030728186	0.021177767	0.019121058	0.008233416	0.02434998	0.0039918777
TGTGGCGAGGTGAGAA-0	1.2023013	0.0	0.0	0.0	0.0	0.0	0.0014825474	0.0
TATCTGTCAAGCACAG-0	0.09067687	0.00464499	0.04394185	0.036984254	0.0	0.99667764	0.0	0.0
GACGTTATCCGCCTAT-0	0.0	0.00451791	1.0217949	0.0	0.0	0.07298889	0.00441735	0.0
TCGTAGAGTTCCTACC-0	0.860479	0.029238818	0.025273545	6.407736e-05	0.0	0.003584538	0.0	0.0
GCTACCTTCGACATTG-0	0.96933997	0.007536384	0.017703934	0.0008313902	0.0056958147	0.0083149765	0.0	0.0
TCGCACTAGCTGTCCG-0	0.08164459	0.87282205	0.02760382	0.006098345	0.0062276255	0.011256813	0.054948665	0.0
TCCGATCCAGCAGGAT-0	0.0	1.1319295	0.0070959628	0.0	0.0031454707	0.0	0.0	0.0
TGCAGATTCTCCTGTG-0	0.15965793	0.021814032	0.481982	0.058048777	0.20481095	0.02086195	0.0	0.0018980536
AACAACCGTTGAATCC-0	0.015425927	0.0	0.0	0.0	0.0	1.0703657	0.0	0.0
GAATCACGTACAGAGC-0	1.2010956	0.00044726173	0.0	0.0	0.007735154	0.0	0.008150189	0.047491316
ACATCGAGTATTTCGG-0	0.45679888	0.059929363	0.01990904	0.0005751292	0.011349075	0.022094673	0.010037918	0.026641317
GATAGCTTCTAACGGT-0	1.2585918	0.013198493	0.0	0.0138457995	0.008609162	0.0038273013	0.0	0.0
TCTCCGAAGTGGTGGT-0	0.0	0.0	0.0	1.0074224	0.010023446	0.023899112	0.0	0.0
CCCTGATTCAATCGGT-0	1.1588584	0.07850211	0.0	0.003845596	0.02124427	0.0	0.06386779	0.0
CTGTATTGTGACACAG-0	0.98982865	0.09133033	0.0	0.0	0.0	0.002769632	0.0	0.0
CTCATGCTCGTGCACG-0	1.0388701	0.035093606	0.017159129	0.009471304	0.009157988	0.009068073	0.027092917	0.0025561897
TTGCCTGTCTACAGGT-0	0.9956384	0.03145508	0.042120222	0.010511853	0.0	0.0060934075	0.0	0.0
AGCTTCCAGGGAGGTG-0	1.164997	0.008854027	0.0	0.005197005	0.00033950564	0.004634809	0.002333512	0.006018414
ACAACCAGTGCGACAA-0	0.0	0.13180701	0.0	1.0176941	0.072803184	0.008611283	0.0037202102	0.0
AGATGCTCAAGGTACG-0	0.0	0.0	0.0	0.0	0.7883878	0.43223366	0.0	0.0
TGTTCTACAAGATTGA-0	0.6074417	0.10118809	0.023531	0.038435075	0.012459074	0.0	0.013474143	0.0
GATCACATCCCGAATA-0	0.0	0.013330548	0.0	1.1982511	0.0	0.06718699	0.0	0.0
CAGTTCCTCCACGTCT-0	0.1314321	0.8211021	0.02713528	0.006016805	0.0	0.014043345	0.0	0.0
TGCTTGCAGCAACAAT-0	0.08176712	0.9335878	0.0	0.022422416	0.0	0.02560171	0.0	0.0
CTTTCGGAGGGCTGAT-0	0.04317443	1.0060961	0.0	0.0	0.0	0.0	0.0	0.0
ACACGCGCAATCACGT-0	0.8899607	0.017649798	0.005384659	0.0015226235	0.018268825	0.0034776484	0.0	0.0
CGTAATGGTCTAGGCC-0	0.030164998	0.0	0.30833948	0.03412183	0.7292513	0.01668382	0.0	0.0
TCAGTGAGTTTCGCTC-0	0.19994026	0.072235584	0.36373883	0.056740228	0.3887621	0.038467962	0.0	0.022179289
TCAGTTTAGGTGCTGA-0	0.8973747	0.028787047	0.0	0.016118094	0.0034011803	0.003631043	0.0	0.0
AGTAGCTCAGCAGAAC-0	0.0	0.013317295	0.0077876346	0.0052176206	0.03505014	0.9836278	0.004805238	0.0
TTGCCTGGTTCCGCGA-0	0.88356507	0.050379504	0.00086530246	0.0023351184	0.030446125	0.002399097	0.008181347	0.0
GTAGGAGAGGGCATGT-0	0.29658762	0.47421876	0.09831242	0.036957443	0.0	0.033152897	0.036957737	0.008108271
CTCCATGAGGCTCAAG-0	0.0371735	0.053888764	0.11375923	0.0033500688	0.14951453	0.6670562	0.0126477145	0.03727159
AAGGAATGTGACGCCT-0	1.3739036	0.04622896	0.039555408	0.022275541	0.015147943	0.01062719	0.041503776	0.0017089713
CTCATTATCCCATGGG-0	0.118041165	0.044258736	0.0	0.027217533	0.06931194	0.90206534	0.0	0.0
TCATATCTCTGACGCG-0	1.1576389	0.06385003	0.0	0.024923319	0.0038076825	0.0038290198	0.0	0.0
CGGAATTCATGTCTAG-0	1.3986812	0.0	0.0	0.0	0.00020892073	0.008077479	0.0	0.0
ATTCTACGTGACGCCT-0	1.0923784	0.0	0.00468368	0.0	0.0	0.0030252486	0.0	0.0
TTTGACTAGAAAGTCT-0	0.14140648	0.0005526593	0.0102046095	0.634771	0.014635142	0.0	0.0	0.0
AGTTCGAAGGTTAGTA-0	0.52181	0.030565245	0.0	0.0	0.0005993711	0.0005197963	0.0	0.0
TCGGGTGAGTTGTCAC-0	1.4668139	0.034965515	0.0	0.0076830024	0.03636127	0.0	0.063616276	0.0
TCCCAGTCAAGGTCTT-0	0.8778195	0.024007643	0.0020850939	0.0	0.010970149	0.0	0.0012034418	0.0
AAAGGGCTCTCAATCT-0	0.15373039	0.021485893	0.39525652	0.02299298	0.23540907	0.22335899	0.001160531	0.0
GAGTCTATCCACTGGG-0	0.36322114	0.62892413	0.046331853	0.020243037	0.00029257327	0.0035139387	0.0	0.0
GTCAAGTTCACTTGGA-0	0.013385367	0.90951383	0.034590457	0.012978105	0.0042404756	0.011135042	0.0	0.0
CTCCCTCTCACGAGGA-0	1.104687	0.021137724	0.0	0.012823397	0.0	0.018286789	0.0	0.0
CATAAGCGTCGTCTCT-0	0.09296184	0.80413073	0.04764871	0.0	0.002795811	0.0	0.0013721453	0.0
TATTGGGCACAGAAGC-0	1.3498864	0.018831508	0.013915368	0.02132951	0.005487014	0.0033200944	0.026709715	0.0
ATGGGTTTCGAGCCAC-0	0.0	0.97755736	0.021199731	0.0	0.003531701	0.007332025	0.0	0.0
GTGACGCGTGTCACAT-0	0.9564918	0.027901325	0.0055080354	0.012164498	0.0077422103	0.019029077	0.033079717	0.0017887966
TAACTTCGTCAACACT-0	0.13549864	0.0	0.37047213	0.0386166	0.5804147	0.022799281	0.0	0.0
ATACCGACATAGATGA-0	0.1494497	0.9968261	0.0	0.0	0.0	0.0	0.012678397	0.0
AGTTCGAAGTTAGAAC-0	1.1645424	0.03238582	0.02773317	0.0055724955	0.004137755	0.0	0.0	0.0
TACGGGCAGGATTTGA-0	1.1377404	0.027200084	0.0129602505	0.0	0.008057601	0.0010504385	0.0	0.0
GTCATTTTCCTAGCCT-0	0.24064061	0.69876575	0.07228823	0.029600753	0.0	0.0006947991	0.0	0.0
GACCTTCGTAACTTCG-0	0.9244578	0.0014767727	0.045156375	0.0031274871	0.0	0.0037625462	0.0	0.0
GGCAGTCAGTATAGAC-0	1.1479858	0.024275836	0.03168969	0.0	0.001422551	0.0067328317	0.0	0.0
ATGATCGGTAGCTTTG-0	1.0388372	0.046097677	0.0	0.00070175726	0.0	0.014998389	0.0041075284	0.0
TTTACGTAGGTCTTTG-0	0.0859443	1.0920407	0.0	0.015318023	0.028789759	0.019355183	0.0	0.0
GACCGTGGTGGATGAC-0	1.208662	0.014859226	0.0010545906	0.0	0.005337302	0.0	0.0	0.0
GACCTTCAGTTGAAGT-0	0.90310544	0.0077226474	0.0	0.013079131	0.0	0.0	0.0	0.0
CCTTCAGCATAGCACT-0	0.65005064	0.037043598	0.0	0.0	0.0	0.007989569	0.002251741	0.0
CTTCTAAAGGGCCAAT-0	1.325946	0.0	0.0	0.0112587055	0.0	0.0	0.0	0.0
CCTACGTAGATGTAGT-0	1.1409372	0.028678864	0.0	0.0	0.0	0.0	0.004738455	0.0
ACGTACACATAAGCGG-0	1.1519974	0.059628025	0.0	0.011471406	0.019550629	0.006840138	0.010098177	0.0020548557
GTTATGGTCGGCTATA-0	0.92688185	0.05408804	0.011540589	0.011933333	0.0	0.019652449	0.021511482	0.0
ACTTATCAGCCTCTTC-0	0.0140294805	0.0	0.30347833	0.03707077	0.6721477	0.024149533	0.00056622404	0.0
CTCAGGGGTACTAACC-0	1.0873759	0.032441515	0.0	0.014193054	0.027027618	0.0009727925	0.029703304	0.0
TCCACGTGTCACGTGC-0	0.94157827	0.03589684	0.0	0.022954984	0.0	0.007803398	0.008834599	0.0
CGAGTGCCAGTGGTGA-0	0.9444117	0.014308469	0.023611508	0.0	0.0035568776	0.0040108296	0.0	0.0
ACAGAAAGTAACGCGA-0	0.94340986	0.0	0.0	0.0	0.0	0.0	0.41747776	0.0
CCTCCTCCAATAGTAG-0	1.0700468	0.0	0.0	0.0	0.0	0.0	0.0	0.0019628664
TTGACCCGTTATTCTC-0	0.8579801	0.055030618	0.044588916	0.0029971248	0.0	0.010127541	0.0011414042	0.0
GTGTCCTTCAGTGGGA-0	0.0	0.0	0.0	1.2554827	0.068420805	0.0	0.0	0.0
CCGTTCAGTATGCGTT-0	0.0	1.2155427	0.040456608	0.0234252	0.0	0.026070423	0.0	0.0
CGATGCGCACAACGCC-0	1.0286776	0.0	0.0	0.0	0.0	0.019561144	0.0	0.0
TGCGATACAGGCTTGC-0	0.93972903	0.028917849	0.0	0.029234283	0.022704476	0.006656404	0.018274706	4.4457163e-05
TTCAATCAGGGATGTC-0	0.120083146	0.0	0.31097385	0.0	0.56625354	0.0	0.0	0.005287965
CTGGACGTCCCTCGTA-0	0.8145223	0.060163956	0.0	0.0	0.0059696594	0.0	0.0	0.0
GCATTAGCACATGACT-0	1.04717	0.010186295	0.029636625	0.036527444	0.0	0.008489666	0.033274278	0.0
AGTCTCCCACTTCATT-0	0.95597744	0.0063155266	0.041206606	0.0015635127	0.0	0.0016790436	0.0	0.0
CCCAACTAGACCAGAC-0	0.0	0.9711229	0.0	0.0	0.0	0.0	0.0	0.0
CTCAAGACATGCCATA-0	0.95845675	0.033366513	0.0	0.0	0.011869939	0.010405956	0.0	0.008433142
CTGTGAAGTACCCGAC-0	0.0026393828	0.87047344	0.008125658	0.0063717305	0.0	0.0	0.0	0.0
AGGGTGAGTTTGGGAG-0	0.7542053	0.028630843	0.017004525	0.009132775	0.0	0.02021515	0.020523686	0.0
TACTGCCTCATAAGGA-0	0.0	0.0	0.0	0.0	0.030207913	1.1477381	0.0	0.0
GCCATTCCAAGGCGTA-0	0.89225394	0.0	0.017694894	0.014574251	0.0	0.0055676103	0.0	0.0
ATAGACCCAAGACGGT-0	0.7956314	0.03521538	0.014592926	0.008221042	0.004171148	0.00900737	0.0	0.0
TTGAACGGTGTAACGG-0	1.1325612	0.028273026	0.0	0.006754605	0.0042533516	0.0	0.0	0.008570223
CTGCCTACAGACAATA-0	0.91776055	0.038700353	0.022818938	0.0022246751	0.0	0.0031771304	0.0	0.0
GGGCTCACACACTGGC-0	0.080864064	0.0	0.0	0.0	1.0827488	0.031400885	0.0	0.0
TGTGAGTAGCTTCGTA-0	0.6407487	0.030202966	0.038036022	0.0	0.0	0.0027053175	0.0	0.0
TCCTGCAAGTCCGCCA-0	0.8762934	0.055845354	0.0	0.038230725	0.0071367137	0.012541808	0.079460844	0.0
CACTGGGAGCATTGTC-0	0.0155898975	0.0	0.0	0.011672297	0.061496854	0.9244973	0.0	0.0
AATAGAGTCAACTTTC-0	0.07126811	0.014675306	0.060045563	0.01929072	0.0011594872	0.97425956	0.0	0.0
GACGTTATCTCGAGTA-0	0.9857855	0.022303438	0.022591623	0.0	0.01062752	0.0019460728	0.0	0.0
TCGTGGGAGCATGATA-0	0.09805549	0.00065915595	0.84151465	0.0	0.13908434	0.020706818	0.0015643408	0.0
TCGGTCTAGCGCTTCG-0	0.21845995	0.7535386	0.032444928	0.0041932818	0.014937385	0.017264633	0.0	0.0
GTGGGAAAGAGTCTTC-0	1.1027074	0.010978878	0.024542315	0.0058483435	0.0	0.0	0.011895525	0.0
TAATTCCCAGTTGAAA-0	0.08963462	0.0016031225	0.0	0.0	0.0037609877	0.022901941	0.010654733	0.044527702
GGGATGATCCGAGCTG-0	0.7690625	0.020937901	0.008517715	0.0	0.004426323	0.0	0.006048252	0.0
AGGATAACACGTAGAG-0	1.0531923	0.041706745	0.0	0.0	0.0	0.017385824	0.0	0.0
TTTACGTAGCTCGTGC-0	0.89731044	0.0	0.047890417	0.0058200066	0.0	0.00063653855	0.00806478	0.0
TACAACGAGCCGGATA-0	0.9353322	0.049510375	0.0479081	0.005889716	0.0032403811	0.0001922589	0.0007392096	0.0
CACGGGTGTCCGAAGA-0	0.0	0.0	0.0	0.0	0.0	1.1177804	0.0	0.0
TGCTGAAAGGCGATAC-0	0.8690492	0.03904664	0.012338819	0.017970428	0.0	0.011554819	0.0	0.0
AAGACAAAGTCAATCC-0	1.1243169	0.029213334	0.0	0.0	0.0030808125	0.0032999665	0.0	0.0
ATGAGGGGTTCCGGTG-0	0.78990555	0.0	0.0	0.0	0.0	0.0	0.0	0.0046012904
TTGGGATCAGACCAAG-0	0.9447591	0.054557208	0.025969608	0.03199012	0.0131923035	0.021605525	0.013629919	0.0
TTCCTTCAGGAAACGA-0	0.058291472	0.0	0.0	0.0	0.0	1.2030602	0.0008383974	0.0
ATCAGGTAGGGTCACA-0	0.8635058	0.048379354	0.053705525	0.033625133	0.0	0.008251833	0.0035025168	0.0
CCGGTGAAGGTCACTT-0	0.9978338	0.0	0.036439467	0.001076418	0.0	0.0043963967	0.013469796	0.0055930517
GATCCCTGTTCGGTTA-0	0.64882517	0.1647585	0.032667145	0.05018682	9.615826e-05	0.0034718364	0.0	0.0
TACCTCGTCAGATTGC-0	1.2873136	0.0	0.029149527	0.0	0.020335883	0.0014481875	0.011372798	0.0
TCTGGCTTCGGAGATG-0	1.0911394	0.04354702	0.012091198	0.024847392	0.020499473	0.008432558	0.03047999	0.019580062
GACATCACAATCTGCA-0	0.82627064	0.012490732	0.009451994	0.008188921	0.012697447	0.0032930716	0.0	0.0
CGAATTGAGCTGAGCA-0	1.2496296	0.06100105	0.0	0.0018380691	0.010778241	0.008492122	0.029122332	0.0075997864
TTTACGTAGTTGTCGT-0	0.9651067	0.043638173	0.0	0.020904992	0.011668576	0.014142332	0.029939165	0.0
TTGTGGAAGGGACACT-0	0.99178267	0.16255212	0.0	0.011806442	0.020177376	0.0	0.05105325	0.0
CCCGAAGGTGAATGAT-0	1.0561816	0.0	0.012292152	0.0007433787	0.004785518	6.454677e-05	0.0059972294	0.0
CAAGCTACAAGGCAAC-0	0.29411402	1.078151	0.022307	0.025009615	0.0019184675	0.0	0.0	0.0
CCAATGATCTGACGCG-0	0.0	0.0	0.0	1.0081599	0.0	0.02831388	0.0	0.025919365
GGCGTCAGTATCGAAA-0	0.73198855	0.0	0.006484206	0.0	0.0	0.0	0.35468048	0.0
CAACGGCGTCGCATCG-0	0.8296116	0.050344087	0.0033116823	0.010794214	0.012316692	0.010698926	0.07811972	0.0
ATGGTTGTCTATTGTC-0	1.006309	0.03275986	0.0	0.015553292	0.03698301	0.0054916246	0.0	0.0
TTTGACTCACATGTTG-0	0.24478436	0.009654305	0.20259792	0.0	0.71901345	0.0	0.020452632	0.008364441
GTGTGGCCACGAAGAC-0	1.2306079	0.012961207	0.008266357	0.012379547	0.0	0.0	0.0	0.0
CGAGGCTGTATGACAA-0	1.2229823	0.049815994	0.0	0.026191697	0.007621955	0.013200425	0.050465368	0.010516111
TGCACGGAGATAGGGA-0	0.0	0.00022109202	0.0	0.0	0.7124511	0.023740109	0.0	0.00031115656
GAGTGAGCAACGTATC-0	1.1505677	0.0076674717	0.0	0.012371435	0.050980423	0.0075647244	0.033310298	0.004056693
GAGGGATTCGTTGTTT-0	0.8920227	0.08377805	0.0	0.00013674161	0.018903745	0.0	0.004517032	0.0
CTCAGGGGTATCGAAA-0	0.0	0.0	0.20097357	0.052016657	0.980003	0.0	0.0009598595	0.0
TTTCACAAGGTTATAG-0	0.9782728	0.07388948	0.0	0.0	0.020388696	0.011757772	0.014412171	0.0
CTCCAACGTTACACTG-0	1.1585022	0.085440114	0.0	0.041596368	0.031348873	0.0026880999	0.058551703	0.0
GTTAGTGTCTTTCAGT-0	1.1775554	0.0021831696	0.0	0.0011506759	0.0	0.0	0.0	0.0
GAGGGATTCGAGTTGT-0	1.2118542	0.031052962	0.031345345	0.0	0.0	0.0039460286	0.0	0.0
AAGTACCTCCGTCAAA-0	0.72415817	0.0150848795	0.030773796	0.008168401	0.0	0.0	0.0	0.0
GTGAGCCTCATGGCCG-0	0.24018599	0.030107213	0.07697945	0.02566611	0.006936532	0.73217756	0.0	0.0
TGAGGGATCTACTGAG-0	0.98663366	0.06802564	0.0	0.015336622	0.0	0.015075924	0.024035059	0.0011092422
TATTGGGAGGCACTAG-0	0.9675716	0.00945504	0.0	0.0	0.01289242	0.012107899	0.020372335	0.0
TACGTCCTCTCGACGG-0	1.1792547	0.0	0.0	0.0026820682	0.0	0.0028520278	0.0	0.0
TCCGGGACAGATAAAC-0	1.0286467	0.046692885	0.0026406667	0.0	0.030310802	0.006407772	0.0028386395	0.0
GCATGATTCAAGCCCG-0	0.0	0.8687326	0.017268986	0.0	0.0016775678	0.005688507	0.0	0.018337823
AGGGAGTCAGTAACGG-0	0.7312239	0.0	0.05314008	0.022278337	0.018581588	0.0	0.052219447	0.0068013505
GTTTGGATCCGATCTC-0	0.107839584	1.0099826	0.07279381	0.012693226	0.0	0.0	0.0	0.0
TATACCTCATTGGATC-0	0.13938093	0.020974752	0.06647577	0.0	0.122606665	0.72780937	0.0	0.0
TGCAGGCGTGCGTGCT-0	1.0551639	0.07085786	0.06192685	0.0019719156	0.0	0.010088228	0.060666233	0.0
GGACGTCGTCAGGTAG-0	0.0	1.2625728	0.0	0.0	0.0	0.002698759	0.0	0.0
TGCAGGCTCTAACGCA-0	1.2584019	0.030969469	0.0	0.0	0.0	0.0072097695	0.0	0.0
CTCTCAGTCTCTCGAC-0	1.0774035	0.026750145	0.0	0.0	0.0	0.004561466	0.0	0.0
ATTCTTGTCCGATAAC-0	0.045539554	0.9950244	0.013689232	0.0	0.0	0.0	0.0	0.0
AGAAGTACACCTAAAC-0	0.98916477	0.005866417	0.0	0.00019040528	0.0	0.013930115	0.0	0.0
CCTCAACTCAGTCCGG-0	0.91762537	0.014470079	0.0	0.006905542	0.001610319	0.042326123	0.009188379	0.0
ATGGGAGTCATAGACC-0	0.977229	0.017432498	0.006402137	0.0	0.02542795	0.0006055828	0.0034496973	0.005103838
TCCGTGTTCTATCCAT-0	0.62283254	0.081212044	0.0020362039	0.00351915	0.0	0.0	0.0014044737	0.0
GTCAAGTGTCACGACC-0	0.97842616	0.034819886	0.0	0.009417064	0.023838524	0.0008692764	0.013133192	0.0
TCCGAAAAGCACGATG-0	0.0	0.0	0.076431066	0.0	0.0	1.126532	0.0	0.0
CCCTAACTCCTGCCAT-0	0.16382636	0.903096	0.036810905	0.019138657	0.0	0.00921634	0.0	0.0
CACCGTTTCTCGCTTG-0	0.97022814	0.06303228	0.0	0.0	0.012081235	0.0059559443	0.025034534	0.0
CCCTTAGAGTACCGGA-0	1.1778755	0.03453162	0.0	0.0	0.009371677	0.0	0.018182557	0.0
CAGATCACAGGGACTA-0	0.15634942	0.89733875	0.05924802	0.025149437	0.0	0.030861659	0.0	0.0
GTAACACGTGGGAGAG-0	0.47141308	0.27226642	0.034375563	0.04397356	0.009968238	0.0	0.020990549	0.008450253
TCCATCGAGTTCACTG-0	0.04783566	1.0259061	0.052611515	0.033136938	0.0	0.014140023	0.0	0.0
TACCCGTTCCAAGGGA-0	0.044858396	0.0	0.023328071	0.01818957	0.0	0.87970626	0.0	0.0
CATAGACAGGTTTACC-0	0.0	0.0	0.0	0.0	0.6458376	0.44419485	0.0	0.0
TCGACCTCAGAGTAAT-0	0.18183456	0.045758553	0.0	0.5278494	0.13395262	0.014517419	0.0	0.0
AGAAATGCACCGGCTA-0	1.0243105	0.020720223	0.0	0.0	0.0	0.0	0.0	0.0
CTCTCAGTCACCATAG-0	1.1602554	0.021555219	0.0	0.027642077	0.010442321	0.0033023555	0.0	0.0053605977
CTCAAGAAGCTAGCCC-0	0.7828014	0.02434958	0.05398663	0.025745627	0.0	0.0	0.0	0.0
CCTTTGGCAGGACTAG-0	0.20718934	0.050329473	0.05742068	0.6307837	0.0	0.0034945707	0.0	0.21028449
GGGAAGTCAACGTATC-0	0.09816805	0.0	0.041919053	0.008637896	0.6963903	0.0150894215	0.0	0.0
TCCCATGAGCGTGCCT-0	1.1307591	0.023326289	0.017555278	0.008268993	0.0	0.05305359	0.0	0.001185397
CTCCTTTTCCAGTTCC-0	1.0017911	0.02471798	0.03102241	0.0039171507	0.008352388	0.009063061	0.026329895	0.0028822161
ATCGTCCAGAGAGGTA-0	0.80104154	0.013000633	0.019996483	0.0	0.0010976534	0.0	0.0	0.007038138
AAGCGAGGTAATCAAG-0	1.0205425	0.031485975	0.03783263	0.0	0.009846486	0.0	0.0036931026	0.0
CTATCTAGTCTACATG-0	0.033394076	0.010230525	0.034992922	0.0	0.05539042	0.8426548	0.0	0.04980252
AGAAGTAGTGACAGGT-0	0.89981663	0.023770845	0.02570819	0.0025011888	0.0	0.0063511604	0.0	0.0
AAGCGAGTCAAGCCCG-0	0.8522505	0.02355277	0.010621375	0.002252456	0.0	0.005868142	0.0	0.0
GATTGGTTCAAGGACG-0	0.1730272	0.84519535	0.022285614	0.008541989	0.0	0.0121287955	0.014901181	0.0
CCTAAGATCCGATGCG-0	0.923744	0.0	0.0	0.031134486	0.0	0.006124712	0.015555286	0.0
GATGCTAGTCAATGGG-0	1.1285539	0.07936539	0.0	0.033353798	0.036979754	0.01582791	0.017905783	0.0
ACGTTCCTCTACCCAC-0	1.0678613	0.016523723	0.0	0.004797812	0.0	0.0	0.0	0.0
TAAGCACCATTCCTCG-0	0.0	0.8428534	0.019657483	0.0	0.0	0.035545275	0.045369897	0.0
GACTGATCAAGCTGCC-0	0.840714	0.0117431525	9.0262765e-05	0.0035771609	0.0	0.008989712	0.0	0.0
AGGACGAAGATGTTGA-0	1.1042643	0.041165944	0.032183163	0.0064456216	0.0011807628	0.0025137076	0.0	0.0
GTCTTTAGTCCCACGA-0	0.9937514	0.051705215	0.0	0.008599842	0.012346959	0.01672714	0.025472334	0.0
ATGGGAGTCAAATAGG-0	0.69066423	0.023570701	0.019377008	0.002076154	0.0	0.01154919	0.014203853	0.0
CATAAGCAGCTAGTTC-0	0.0	0.0	0.06574285	0.0	0.89692014	0.0	0.0	0.0
CACTGTCCAGCCCACA-0	0.9583811	0.034458246	0.006194507	0.0	0.016274001	0.0065961964	0.003441515	0.0006052256
TGCGGCATCCATACAG-0	0.71424085	0.0	0.02077749	0.0055960175	0.0	0.00085554464	0.056144174	0.0013523088
AAATGGATCAAGTGTC-0	0.29237738	0.9091398	0.023292674	0.015448681	0.0	0.024007557	0.0	0.0
CTCTCGATCTCTAAGG-0	0.8242768	0.017420284	0.00022147497	0.01663584	0.02139217	0.012678055	0.0071411054	0.0
TGTTCCGGTCGATTCA-0	1.2594403	0.038072787	0.0	0.00012860601	0.0063603763	0.0	0.027130585	0.0
TCATTGTCATAAGATG-0	1.1824964	0.038050625	0.0	0.021060498	0.008029259	0.0038887637	0.0117125735	0.0
CAGATCAGTTATGTGC-0	1.0879952	0.03380538	0.028831735	0.011776966	0.01595329	0.0094547365	0.0	0.0
ATCACGATCGTCAGAT-0	0.86554646	0.0321405	0.010660483	0.0	0.0	0.0	0.020639803	0.0
CTGTATTCATAGACTC-0	0.71054304	0.0	0.0010693457	0.0	0.0	0.0	0.4738481	0.0
ACTATCTGTCAGACGA-0	0.0675074	0.042653896	0.08763649	0.03157837	0.0	0.91063476	0.0002249729	0.0
ATTTCACTCACCTCGT-0	0.07812804	0.9617012	0.07646508	0.009719454	0.0	0.011523436	0.0	0.0
TGGGATTTCCCGAGTG-0	0.8057327	0.021618994	0.0026983125	0.0018763898	0.0	0.006082439	0.0	0.0036523244
CATCCGTCAGACCCGT-0	0.8581027	0.05251505	0.0092202	0.0063057705	0.022190802	0.0	0.0008223222	0.0
GACTCAAGTCGAAGCA-0	0.72994566	0.0008130864	0.0	0.0	0.0	0.0	0.0	0.0
GTCTCACAGTGGAAGA-0	0.6605679	0.5933576	0.0	0.023233538	0.008978282	0.004144988	0.058811355	0.0
TAAGCCATCTACCACC-0	1.2145249	0.032280177	0.0	0.0	0.027872436	0.0	0.0	0.0
GTGTTCCCACGTGAGA-0	0.0	0.0043988754	0.5608943	0.0	0.43317083	0.0	0.0051663704	0.0
TACCCACCAAATTGCC-0	0.8356705	0.023519639	0.024449106	0.0106743425	0.0	0.0	0.0	0.0
GGACGTCTCCGATGTA-0	1.002461	0.13628563	0.0	0.006777588	0.028001	0.08262347	0.07157662	0.0
GTGAGTTGTAAGACCG-0	1.3964076	0.039775256	0.0	0.0076810443	0.032871492	0.0	0.03281129	0.0
TGAATCGGTCGCGTCA-0	0.020014971	1.2871284	0.0	0.0	0.0	0.0	0.011160779	0.0
CATGCTCAGCGTCAGA-0	0.09874537	0.0	0.0	0.019986782	0.8279839	0.0943197	0.0	0.0
GGCTTTCCAGTGTGGA-0	1.142015	0.0	0.022200137	0.0028368253	0.0	0.0041414085	0.11393247	0.0
GTGCACGTCACCCTGT-0	0.19253202	0.030442698	0.13958326	0.016260257	0.038046677	0.7091813	0.0	0.0
ATCTCTAGTCGGAACA-0	1.0649809	0.05052361	0.0036565945	0.0	0.0	0.005792623	0.0	0.0
TGCTCCAGTATTTCTC-0	0.07413639	0.007425324	0.00065305067	0.0	0.0	0.006953606	0.0032451767	0.01704395
GATGATCTCAAGTAAG-0	0.14735053	0.04128492	0.94953007	0.031771228	0.042967755	0.07220604	0.0	0.016550293
CATCCGTTCGATGCAT-0	0.78806746	0.01509666	0.019163413	0.0020242094	0.0	0.0	0.029203536	0.0
TCGGATAAGAGTCAGC-0	1.0540837	0.019527944	0.033838585	0.0065880055	0.0	0.015818607	0.025149697	0.0
GATTTCTTCATTGTTC-0	0.47572038	0.034130882	0.011988627	0.003131549	0.0	0.013257153	0.008886286	0.063796476
AACCCAAGTATCTCTT-0	0.0	0.8509795	0.045079466	0.0	0.0	0.0	0.13800062	0.0
TTCCGGTTCCGAGCTG-0	0.93747246	0.063354835	0.040940274	0.0114912875	0.0	0.009484363	0.0	0.0
GTGGCGTCACAGTATC-0	1.1487039	0.0	0.0148690175	0.0	0.0018288095	0.0036859086	0.0	0.013709287
AAGACAACATTATGCG-0	1.3027378	0.022206595	0.0	0.009670203	0.0	0.0035497749	0.0	0.0
ATAGACCAGTTAACGA-0	1.4845248	0.0	0.0	0.0	0.0313072	0.0	0.06188528	0.0
GTGGAAGTCGAAGAAT-0	1.0692203	0.050525233	0.0	0.0070027234	0.0	0.004159675	0.0034121058	0.0
GACCCAGGTACCCGCA-0	0.9865962	0.0	0.060639355	0.0	0.002951158	0.00320447	0.0	0.0
AGCGATTGTGGGCTCT-0	0.959365	0.0057576247	0.0	0.0	0.00812635	0.0	0.02011031	0.025501676
TTCCAATCAACCAACT-0	0.6045095	0.035025146	0.020856682	0.0075946134	0.009268928	0.00019727171	0.0	0.0
GTTATGGGTCGACTTA-0	0.043203045	0.0	0.018600432	0.9162548	0.0	0.0	0.0	0.02203243
TAAGCACGTAACGCGA-0	1.1274992	0.024485601	0.0	0.0031885547	0.017329168	0.0	0.015289257	0.0
TGCTCGTGTCGAAACG-0	0.90910095	0.08448849	0.017349565	0.018432066	0.0034347083	0.0	0.0	0.0
CATGCCTAGATGCCGA-0	0.63602513	0.01438311	0.035624623	0.0032385103	0.00033665998	0.0	0.0	0.0
ATTCGTTTCACTCACC-0	0.1863452	0.018764114	0.00025691694	0.0	0.0049065254	0.014200487	0.0023441182	0.03048531
ACAGGGAAGGTAAGTT-0	1.1776954	0.006858774	0.009676273	0.0	0.0	0.018086964	0.043453317	0.0
ATACCGATCTGCGGCA-0	0.97577757	0.07866783	0.024295017	0.0	0.0127920825	0.010566351	0.013407808	0.0
AAGGAATCACAGTCCG-0	0.84916717	0.032974023	0.026937049	0.019204954	0.012436124	0.023141807	0.0	0.0
TGAGCATAGCACCAGA-0	0.01503836	0.0	0.022686167	0.0	0.0	1.0392501	0.0	0.0
ATGGGTTAGTTTGAGA-0	1.286817	0.0	0.0	0.010112943	0.015419384	0.004019938	0.0	0.0
TAGTGCACAGCTATTG-0	0.06332735	0.021978373	0.0	0.0	0.069192976	0.8982985	0.0	0.0
GTACAACTCCCAAGCG-0	0.0	0.0	0.10228967	0.0	0.0039414265	0.93807834	0.0	0.0
TCTTTGATCTCTAAGG-0	1.0917354	0.046780292	0.004835602	0.0	0.0	0.0072889524	0.0	0.0
ACTGCAACAGCTACTA-1	0.09399021	0.067923926	0.17052093	0.5348053	0.22381568	0.0	0.0128037585	0.0
AGAACAATCTCGCTTG-1	0.0	0.24238397	0.06083421	0.43140692	0.00075899676	0.043856386	0.0	0.0973236
AGAAGCGGTCGCCACA-1	0.0	0.08995347	0.02730099	0.91185224	0.0	0.0	0.0	0.14767505
AGTACCAGTCCAGTTA-1	0.008554606	0.039882194	0.23731948	0.654667	0.0	0.011731721	0.0	0.018518822
AGTACTGTCGGCACTG-1	0.088244036	0.0	0.079958275	0.58970124	0.0	0.0	0.0	0.030401917
AGTACTGTCGTCTAAG-1	0.0	0.0	0.0	0.87853086	0.0	0.0	0.0486134	0.0
AGTGACTGTGCCGTAC-1	0.24288042	0.012892698	0.33865085	0.07769625	0.061636176	0.22313413	0.0	0.063057825
AGTTAGCAGCGTCTGC-1	0.0	0.14683649	0.25185692	0.36444107	0.16340396	0.11941649	0.06494819	0.046059333
ATCACTTTCCCTTTGG-1	0.062984906	0.0	0.06114292	0.70773375	0.04095515	0.0027099915	0.0	0.0
ATCCACCAGCTGCGAA-1	0.23864147	0.15440214	0.36549583	0.22293726	0.2489119	0.0	0.0	0.019769723
ATCCACCCAGGTCCCA-1	0.11065262	0.0	0.0	0.7954138	0.24573587	0.0	0.014451879	0.0
ATCGATGAGACGTCGA-1	0.053006615	0.0	0.0	0.45783767	0.11522855	0.0	0.0	0.35214052
ATCGATGAGACTTCCA-1	0.0	0.05494041	0.0	0.8466708	0.0	0.031058876	0.0	0.010480894
ATTCACTTCTCACCCA-1	0.088038534	0.0	0.061256114	0.50974953	0.0	0.0	0.0	0.0010085179
ATTTACCGTGTACGCC-1	0.0	0.0	0.028497985	0.9818534	0.0	0.0	0.0	0.14681779
CACATGATCCGGACTG-1	0.050213512	0.00814234	0.0	1.1089027	0.0	0.0	0.0	0.0
CACTGTCGTCATCAGT-1	0.0	0.079644024	0.05792759	0.584172	0.030897148	0.0	0.010934969	0.08519101
CATTCCGAGTCATTGC-1	0.050431676	0.04549726	0.100475356	0.47248158	0.026973553	0.03481917	0.0	0.0
CCAATGAGTATCGCAT-1	0.0	0.1716519	0.0	0.7340132	0.0	0.038591683	0.036723316	0.0
CCCGAAGGTAAGTTAG-1	0.09653943	0.0	0.18993156	0.774155	0.0063390466	0.0	0.12601765	0.0
CCCTCAACACTTCCTG-1	0.0	0.0	0.0	0.8153229	0.08695256	0.0	0.0	0.003278319
CCGTTCAGTCGTCTCT-1	0.19492735	0.002988954	0.014293172	0.6823584	0.076034784	0.022483427	0.0	0.0
CCGTTCATCTAGACAC-1	0.28021342	0.0	0.12250686	0.532375	0.036963888	0.001046567	0.0	0.0045142844
CCTATCGTCACTTGGA-1	0.07521043	0.060431067	0.0	0.85749984	0.0004932482	0.0	0.009761749	0.0015720642
CCTATCGTCTCTAGGA-1	0.097817756	0.0	0.07795343	0.7664883	0.006380251	0.06851113	0.0	0.032384202
CGGAGAACAACTCGAT-1	0.0	0.0	0.0	0.9690302	0.0	0.0	0.0	0.0
CGTGTCTCACATACGT-1	0.18309343	0.05782112	0.08494688	0.64708227	0.0	0.0	0.0	0.033298735
CTATCTAGTAACATCC-1	0.0	0.0	0.0034290373	0.73874986	0.05015725	0.0	0.0	0.009640445
CTGTACCTCGGCATTA-1	0.14276324	0.05690934	0.10154806	0.56026363	0.032013167	0.120372675	0.0	0.0
CTGTCGTAGGGCTGAT-1	0.11968375	0.0022737775	0.0	0.5872602	0.17771536	0.062188115	0.08338803	0.0
GAAGAATCAGAGACTG-1	0.1782177	0.003560337	0.0	0.76515114	0.0	0.0	0.0	0.0
GACTCTCTCAACTCTT-1	0.0	0.042565476	0.14254522	0.7211048	0.030548362	0.0	0.0063205906	0.0
GAGGCAAAGTACGAGC-1	0.0	0.0	0.17356296	0.7247164	0.029216101	0.04783963	0.0	0.0
GATTTCTAGGGACAGG-1	0.07122849	0.0	0.0	0.72021496	0.0	0.0	0.084165156	0.0
GGGCGTTCAACACAAA-1	0.14869948	0.014601503	0.07022906	0.778073	0.0	0.07633765	0.0510127	0.0
GGGCTACCACTGGATT-1	0.09256362	0.0035062972	0.07158708	0.71902084	0.0	0.05938015	0.0	0.0
GGTTCTCTCGTGGTAT-1	0.0	0.012584578	0.018250812	1.0569268	0.0	0.016161565	0.0	0.066822365
GTACAACCAGCAATTC-1	0.0	0.0	0.0	0.9551598	0.0	0.0	0.01662138	0.0
GTAGCTATCTTACACT-1	0.0	0.0	0.0	1.3269439	0.0	0.0	0.021986727	0.0
GTCGTAATCCTCGATC-1	0.0	0.11143152	0.0	0.5822398	0.019535277	0.0	0.08030681	0.14323203
GTTACAGAGTACCATC-1	0.01603704	0.0012817156	0.01515345	0.8465647	0.0	0.001838708	0.0	0.021168536
GTTACCCAGGAATCGC-1	0.0	0.0	0.0	0.82872385	0.0	0.02351723	0.0	0.03170682
GTTGAACAGAAGTCTA-1	0.16046602	0.0	0.26139337	0.3531303	0.026771426	0.020842263	0.0	0.0
GTTGCGGCACTCCTTG-1	0.0	0.05540208	0.0	0.70843583	0.059672497	0.0	0.0	0.0018087033
GTTTACTTCTTTCGAT-1	0.0	0.058250707	0.23650596	0.6853901	0.0	0.0	0.0067126737	0.05091337
TACCGAAGTACCTTCC-1	0.0	0.0	0.03011148	0.40467006	0.09075017	0.002567973	0.06307917	0.0
TACGCTCCAAGAGTTA-1	0.14332226	0.02699345	0.035749927	0.7504645	0.04317177	0.0	0.0	0.0148087125
TATCAGGCACTATCCC-1	0.061980262	0.017501738	0.17052433	0.58840305	0.0	0.0	0.0006250544	0.019743854
TCACAAGAGGATCACG-1	0.01087592	0.04030922	0.1446165	0.539426	0.0	0.0	0.0	0.050952833
TCAGCAATCCTCATAT-1	0.0	0.06938495	0.0	0.4153881	0.38320333	0.0	0.007824648	0.0
TCAGTTTAGTGAGTGC-1	0.0	0.0	0.15147546	0.88278776	0.0	0.13567683	0.0	0.0
TCCATGCTCTGGCCAG-1	0.0	0.013669979	0.0	0.7343918	0.0015566633	0.07349991	0.0	0.0
TCGACCTAGCGTCGAA-1	0.0	0.0	0.0	0.7032957	0.0	0.0	0.0	0.0
TGCAGATAGTTCGGTT-1	0.04828355	0.052399825	0.0	0.600947	0.1254605	0.0	0.0	0.015572624
TGGGATTAGTGGACTG-1	0.13795783	0.23387247	0.16312923	0.5484511	0.0	0.0	0.00333853	0.044849884
TGTCCCAAGATCCCAT-1	0.11153491	0.016552718	0.1297651	0.3635526	0.11246288	0.036800243	0.019172786	0.0
TGTGCGGTCTTAGCCC-1	0.08351322	0.040573098	0.071019314	0.5883152	0.0069397776	0.043800287	0.0015367096	0.00863671
TTAGTCTCATACACCA-1	0.08147051	0.036428057	0.034506116	0.5939468	0.0	0.0010940528	0.010387836	0.008868724
TTCTAGTAGTTGGGAC-1	0.028421575	0.0	0.09319825	0.45582914	0.13414451	0.0	0.0035171153	0.1300017
CATTGTTCATCACGGC-1	0.21249187	0.118600436	0.05760277	0.49951926	0.062064722	0.11374901	0.0	0.0
ACCTGAAAGGTTGGAC-1	0.0	0.0	0.18584977	0.66466224	0.021225851	0.009284021	0.0	0.08720879
CCTCTCCTCGTCAAAC-1	0.0	0.025623547	0.120844714	0.5150198	0.1495356	0.16695102	0.0	0.0
CTCCTCCAGCAATAAC-1	0.082459174	0.0	0.042563543	0.46311975	0.02634035	0.103631824	0.18737184	0.007658866
GTCGTTCGTGCCCTTT-1	0.01791727	0.04869189	0.073877916	0.6037	0.14214009	0.0	0.023926778	0.0
TAGACCACACCCATAA-1	0.1722956	0.010197924	0.13080063	0.6033091	0.110289	0.0015145933	0.0130981235	0.10141081
CGCCATTAGTAGCATA-1	0.0	0.042521197	0.0	1.1782949	0.044891074	0.06901403	0.0	0.0
AAGACTCAGGTCTTTG-1	0.14717953	0.0	0.06489376	1.0263289	0.021783888	0.0	0.00396425	0.0
AATTCCTTCACATCAG-1	0.19610228	0.070169434	0.18383636	0.67255867	0.08230746	0.07950023	0.009150436	0.00014872252
ACGATGTCATATTCGG-1	0.10107473	0.0	0.09951386	0.9679878	0.0	0.0	0.0	0.026508326
ATTACCTTCCATCGTC-1	0.07880526	0.0	0.18072306	0.6700772	0.009710463	0.0108629195	0.0	0.0
CAACCTCCAGTGCGCT-1	0.0	0.0	0.09726903	1.2057459	0.0	0.0	0.0	0.0011577671
CATTCCGCACGGTGCT-1	0.21923955	0.12647599	0.038817093	0.8384157	0.009897297	0.0	0.025422677	0.0
CCTAACCCAGGAGGTT-1	0.15487605	0.0	0.073948406	0.7918925	0.040885873	0.0069277612	0.054589495	0.0
CTATAGGAGATTAGAC-1	0.09407298	0.0043334016	0.083523445	1.0844028	0.0	0.0	0.0	0.0
CTCCTTTGTTGTGTAC-1	0.1639439	0.063948564	0.21212225	0.49109998	0.030715944	0.0010279382	0.035732366	0.0
GCAGCCACACTAAACC-1	0.17321418	0.027748885	0.13060226	0.5844759	0.009702077	0.021776455	0.014634201	0.0057290597
GTCAGCGCATACACCA-1	0.4182946	0.084553234	0.21964432	0.676683	0.0028940695	0.002118836	0.0	0.0
GTGAGGAAGAAGCGCT-1	0.0	0.0	0.13987479	0.9061279	0.0	0.0	0.0	0.101099536
TAGCACACACCTCTAC-1	0.043341167	0.0	0.023202574	0.98267776	0.0	0.0	0.0018502158	0.12555084
TGGGCTGGTGTACATC-1	0.0	0.0	0.0	1.2177075	0.0	0.0	0.0	0.0
TTTCACACACAGTACT-1	0.16529834	0.048947193	0.20696881	0.6551245	0.05904172	0.035296757	0.0	0.0
TTTGTTGCATTCTGTT-1	0.14448968	0.0074297385	0.20323816	0.8060401	0.0	0.0	0.007074219	0.049380336
GGGTATTCAGATCCAT-1	0.41396776	0.0	0.0	0.694171	0.08476429	0.1135633	0.12577	0.0
AACCAACTCGCGGTAC-1	0.0	0.0	0.0	1.1421158	0.0	0.0	0.0	0.0
AATCGTGCATTGCTGA-1	0.108672455	0.0068761436	0.024716854	1.0548071	0.038326897	0.0	0.0	0.0
CACTGAAGTTTGCCGG-1	0.0	0.17723797	0.18156111	0.6116615	0.0	0.0	0.0	0.2412791
GAAGCGATCATCTATC-1	0.0	0.0	0.14595856	0.62444586	0.25825208	0.0	0.0	0.0
TCATTTGTCGCGGACT-1	0.06100989	0.0028541584	0.100640304	1.0293936	0.0	0.0	0.0	0.070709854
TCTACCGGTTCTTGTT-1	0.17546208	0.006942302	0.09377794	0.80800194	0.10187049	0.0014971487	0.035001084	0.17487425
TTCAATCCAATGGCAG-1	0.23112103	0.06031275	0.1039262	0.8551075	0.0	0.0	0.0	0.0
TTCTAGTCAAACGAGC-1	0.31798947	0.0	0.03069657	0.58672935	0.029182922	0.090733	0.045237362	0.0
CTCAGAATCTCGACCT-1	0.0	0.03810732	0.0	0.8758758	0.02839222	0.09937952	0.013051943	0.0
GCCATGGTCGAAGAAT-1	0.048348755	0.0	0.05185351	0.9581256	0.009731467	0.06370565	0.03194471	0.11769186
CTAGGTATCCAACTGA-1	0.053530823	0.0	0.016800033	1.09789	0.029014504	0.0	0.0	0.103465624
CATCCGTCAGAGACTG-1	0.0	0.0	0.0	1.0001985	0.0	0.0	0.0	0.0
GCTACCTAGGGAGGGT-1	0.25780293	0.03596957	0.19737853	0.44182536	0.0417147	0.12757097	0.0	0.0
TAGATCGAGTTCGGTT-1	0.23984103	0.005662025	0.13802366	0.8229069	0.0	0.0	0.016755959	0.0
TGTTCCGCAATTGAAG-1	0.0	0.0	0.0	1.2689033	0.0074330494	0.0	6.5300475e-05	0.0
TTCGATTGTATTAAGG-1	0.085568346	0.18937947	0.11772533	0.5420928	0.0	0.02084908	0.0	0.13171034
CTGTACCTCCGAGTGC-1	0.12657061	0.0	0.74469686	0.22221091	0.14890751	0.0	0.0	0.0
ACTTCCGCAATCACGT-1	0.0	0.0529499	0.056917377	1.157093	0.0	0.024433905	0.0	0.0
AGGAGGTCAGGAACCA-1	0.0043412196	0.19606254	0.027229069	0.8744938	0.0	0.0	0.028734732	0.010567196
ATAGAGAGTACCCAGC-1	0.0	0.0	0.0	0.90212506	0.0	0.0	0.0	0.0
CATACTTCAATAGTCC-1	0.0	0.0	0.39444152	0.57025677	0.28231424	0.013457818	0.0	0.0
CCTCACACACTCGATA-1	0.2945426	0.013679806	0.30601606	0.4036955	0.2038626	0.0	0.0	0.0
CCTGTTGCAATCTGCA-1	0.0	0.0	0.002166764	0.91973954	0.058438167	0.0	0.0	0.0
GGGACTCGTGGTCCCA-1	0.34017023	0.0	0.0	0.4327601	0.10273351	0.0	0.06004255	0.015226558
TAAGTCGTCAGCAATC-1	0.27887467	0.07909395	0.2189576	0.24167053	0.06158821	0.051974457	0.14795393	0.0
TTACCATCAGCAGTAG-1	0.19801636	0.02429248	0.078072734	0.60821813	0.0	0.10599937	0.0	0.0
TTCCTTCGTTCCACGG-1	0.0	0.037085317	0.058566526	0.9250076	0.0	0.0	0.0	0.09093678
AGGATCTAGAGGATGA-1	0.0	0.040115878	0.0	0.0	1.1657741	0.0062446217	0.0	0.0
GTATTTCCACAGAGAC-1	0.0	0.04954382	0.9934933	0.016559295	0.0	0.0	0.0063486034	0.04874239
CAACAACTCGACCAAT-1	0.0	0.0	0.0	0.0	0.7356515	0.23500183	0.0	0.0
CGTTGGGTCCCTGTTG-1	0.0	0.0	0.0	0.0	0.9339804	0.022258151	0.10835139	0.0
AGTACCAGTCGGAAAC-1	0.0	0.07593116	0.53964573	0.052085835	0.4131526	0.0	0.0	0.002446299
CTAAGTGGTTCGGTAT-1	0.0	0.0	0.073263444	0.10459734	0.80080956	0.0	0.0	0.05609649
GCCATGGAGGGCCAAT-1	0.0	0.040618315	0.1707852	0.0	0.7095436	0.06769247	0.0	0.0027484058
AGATCGTGTCTGTAGT-1	0.0	0.0	0.37781087	0.0	0.86685073	0.0	0.0	0.02396528
AGATCCATCACGAACT-1	0.0	0.0716034	0.006315057	0.0	0.99620706	0.013509661	0.0057142726	0.013149431
CATCCCAAGAGATTCA-1	0.11637357	0.08115532	0.0	0.0	0.7569068	0.11115471	0.0	0.012661099
GCTTTCGTCACTGGGC-1	0.07677614	0.0	0.0	0.014883687	0.9729856	0.0040855426	0.0	0.0065393625
CGAATTGCACCCTATC-1	0.010233015	0.0	0.12629196	0.049159426	0.51668876	0.012547727	0.0	0.0
AGCTCAAGTACATACC-1	0.027879568	0.027000487	0.35912704	0.0949636	0.49182683	0.13411961	0.0	0.0
CTTTCGGAGAGAGGGC-1	0.097743794	0.0	0.34501702	0.007680097	0.65103203	0.029726734	0.00860647	0.011105698
TGTGAGTGTCTCCTGT-1	0.13989131	0.0857098	0.055510882	0.047185045	0.65000504	0.10537983	0.019091558	0.054902162
AAAGAACCAAGCCCAC-1	0.114215106	0.012833773	0.15194087	0.0	0.48751298	0.084291995	0.0	0.010448561
TCTCCGATCTACGGGC-1	0.10751862	0.004480904	0.22861181	0.0471723	0.6335767	0.038196817	0.0	0.0049019405
ATAGACCCAAGATGGC-1	0.07474639	0.0	0.19365995	0.018660357	0.769232	0.049055997	0.011704296	0.0
ATCCCTGTCATTTCCA-1	0.030056484	0.0	0.15839042	0.03015169	0.6675289	0.0	0.008645339	0.004220392
CATTTCACAAACGAGC-1	0.060487874	0.0	0.09845389	0.017166547	0.75359523	0.08456007	0.01284927	0.0
CCACACTGTCGACTTA-1	0.057211723	0.03137591	0.11872299	0.01038203	0.8714539	0.0	0.012536864	0.016978476
CCCTGATCACAAGTTC-1	0.15270366	0.025933756	0.085486	0.0	0.7514926	0.0139248455	0.0	0.019029886
CGTGTCTCATGAATAG-1	0.0	0.053346813	0.1235942	0.019061655	0.7312492	0.11426718	0.0	0.0
TTCTTCCAGGCTCTCG-1	0.01173182	0.0	0.14170423	0.0	0.9920693	0.0	0.0	0.0
CTGTGAAAGACCAAGC-1	0.15038179	0.02655778	0.17728782	0.030982023	0.46037292	0.1908937	0.0	0.018626424
CTGAGGCGTACTCGAT-1	0.020438528	0.049474742	0.0	0.05364147	0.7266017	0.17097427	0.0	0.005343997
ACTACGAGTTTGGAAA-1	0.0	0.0	0.26850256	0.0	0.5333695	0.074600264	0.0	0.0
AGGTTGTAGTAAACTG-1	0.0	0.009459522	0.14083236	0.0	0.59022593	0.17091633	0.015020116	0.056531705
GTTACAGCATAGGTTC-1	0.07397976	0.036650248	0.0	0.0	0.781813	0.18214202	0.005909079	0.06417136
TCATATCAGAAGAACG-1	0.0	0.06628258	0.0	0.043786414	0.8041391	0.22760335	0.036963664	0.0
TTGTTTGGTGTCATGT-1	0.034542114	0.0	0.091986656	0.018674396	0.6816841	0.08730389	0.0	0.0
AACCATGCATCGAACT-1	0.010440737	0.03628865	0.0	0.0	0.937214	0.122181006	0.0	0.0
GATGAGGAGCTGAGTG-1	0.0	0.032942276	0.0	0.0	1.0938014	0.103697725	0.015233682	0.0
TGGGTTACACGACGTC-1	0.020064961	0.0016852508	0.016269254	0.06078858	0.7178647	0.15490241	0.017400224	0.0
CATGGTATCTGGTCAA-1	0.0116643505	0.077496074	0.13414146	0.059903495	0.63659346	0.12175255	0.019749975	0.0
CTGAGGCAGAGGTTTA-1	0.0	0.0	0.0	0.0	0.76255786	0.2358666	0.0	0.036574416
GGCACGTAGTCTGGTT-1	0.007956372	0.18231787	0.0	0.0465433	0.9326508	0.068872705	0.0	0.0
TGCCGAGCAGGACTAG-1	0.0	0.0	0.0	0.0	1.0425267	0.04413986	0.0	0.0132176615
ACACGCGAGCTGGTGA-1	0.032662485	0.0	0.24810667	0.0	0.81830204	0.023376066	0.0	0.0033536884
CATGGTACACTGTGTA-1	0.04672618	0.007121299	0.0	0.022446552	0.691784	0.3197529	0.0	0.0
TACTTACAGAATCGAT-1	0.0	0.011589517	0.0	0.0	0.7484857	0.28262803	0.00882504	0.014117861
ACAACCAGTGACTGTT-1	0.0	0.08344295	0.0	0.078611985	0.8665621	0.07831203	0.0	0.0
ACGTAGTCACCAAATC-1	0.0	0.107719116	0.0044603883	0.11261031	0.7261328	0.12823986	0.06926294	0.03722658
TAACGACAGGAAAGGT-1	0.0	0.0	0.089557	0.0	0.8830602	0.029907715	0.109359756	0.009080361
TACCTGCAGGCCTAAG-1	0.0	0.06402675	0.0	0.0	1.3081576	0.0	0.01586202	0.0
TTGCGTCGTCCAAAGG-1	0.09033829	0.019646605	0.20625167	0.0	0.83314836	0.0	0.0	0.0
TCACATTTCCGATTAG-1	0.0	0.0	0.0	0.0	1.0414656	0.13035691	0.0058639753	0.0
TTTCCTCGTGGGCTCT-1	0.0	0.037183262	0.0	0.0	0.83550423	0.31220397	0.003273463	0.0
ACATTTCGTTCTTGTT-1	0.008993846	0.01100465	0.0	0.06482598	0.5823947	0.14079013	0.013608499	0.016565656
ACGATGTAGGCACGAT-1	0.04802198	0.085615516	0.0	0.038826294	0.84080327	0.04444268	0.0	0.020038476
AGTAACCGTCGAAGCA-1	0.0	0.17217371	0.0	0.04939789	0.820756	0.24169286	0.0019614242	0.009026864
CCTCACATCCCAATAG-1	0.11634255	0.02597049	0.027896376	0.015010965	0.80491495	0.0937598	0.0	0.0
GAGGGTATCGGACTGC-1	0.0	0.0037878992	0.0054420275	0.0032076517	0.95616364	0.071834646	0.0	0.0
GATGATCGTTGCCTAA-1	0.0	0.0	0.0	0.0	1.0243009	0.10591664	0.0	0.0
GGGAAGTAGAGGATCC-1	0.0	0.0	0.0	0.0	0.9028239	0.18719545	0.0	0.0
GGGCCATGTTCGTACA-1	0.023317615	0.003281055	0.08042213	0.0	0.77823055	0.0	0.011201989	0.0
GTCTAGACAACTCATG-1	0.0	0.028302394	0.0015598706	0.0	0.8797567	0.07245408	0.0	0.02052241
TAATTCCCAGCGACAA-1	0.0	0.04528693	0.0	0.0	0.67782223	0.14741068	0.0	0.0
TTCAATCGTAGGCAGT-1	0.0	0.01713251	0.0	0.0	0.9825118	0.065781236	0.0	0.010479828
TTCGCTGAGTCATTGC-1	0.0	0.037113093	0.0	0.04716988	0.87432694	0.050686717	0.005427816	0.016191866
TTGAACGAGCTCGAAG-1	0.0	0.01615281	0.0	0.0	0.90236443	0.23583938	0.0	0.012868601
TTTAGTCAGTGGTTGG-1	0.0	0.008619773	0.0	0.0	1.2471721	0.0	0.0	0.0
AATAGAGTCAAGAGTA-1	0.0	0.0	0.2382938	0.0	0.55574584	0.17759085	0.013262009	0.0
CATGCGGGTAGTCTGT-1	0.0	0.15312506	0.22825977	0.07719718	0.8874245	0.039488792	0.0	0.0
GCCAGTGGTACCGCGT-1	0.074556656	0.0	0.0	0.0	0.9597294	0.0	0.006876592	0.00801098
GTTGTGACACAAACGG-1	0.0	0.051928975	0.0	0.0	1.0556319	0.1535842	0.00053153065	0.0
TCCAGAACAACCGATT-1	0.0	0.0	0.0	0.0	0.75783926	0.103622526	0.0	0.0
AGGGCTCCAGAAGCGT-1	0.0	0.07027259	0.0	0.0	0.73228496	0.28437948	0.008725551	0.0
CCTTTGGCACCAGTTA-1	0.0	0.0	0.0860337	0.038116258	0.95444477	0.0	0.0	6.935442e-05
CGGAATTCACACGGTC-1	0.0	0.0	0.36272058	0.05116397	0.67838544	0.006625715	0.0	0.0
GACTGATAGGACGGAG-1	0.08991597	0.041362036	0.15442286	0.065644115	0.8292507	0.0	0.01911464	0.0
GGAGGATGTGCATGAG-1	0.0	0.0	0.02893064	0.003151109	0.9004411	0.040993985	0.008968272	0.017903443
TAGGAGGAGCCTCAGC-1	0.094397575	0.0	0.0	0.013117284	0.8661848	0.059312847	0.0	0.0
ACATCCCCAGCTGTCG-1	0.091190584	0.015506934	0.14272408	0.09286869	0.6377641	0.08865987	0.0	0.0
AACAACCCATTGACAC-1	0.0	0.0052596037	0.0	0.0	0.9978797	0.16651598	0.0	0.0
AAGCGAGCACAAACGG-1	0.0	0.0	0.0	0.0	0.92077774	0.16127092	0.0017700323	0.0
ACATCCCAGCCGAACA-1	0.09747171	0.10252071	0.12899764	0.0	0.34802088	0.14970373	0.0013730848	0.08188271
ACCTACCCAGTCTACA-1	0.0	0.0	0.0	0.0	0.85900176	0.1850575	0.0	0.0
ACCTGTCTCCGCAAAT-1	0.06659076	0.119072	0.0	0.17264731	0.37522152	0.07542954	0.0	0.33260548
ACGTAACTCACTCTTA-1	0.0	0.0	0.15598229	0.0	1.0108902	0.0	0.012319534	0.0
ACTATTCCAATTGCGT-1	0.0	0.0	0.0	0.0	1.1185144	0.0	0.0	0.0
ACTTTCAGTCACTCGG-1	0.0	0.0	0.0	0.008355776	0.78345346	0.09036417	0.0	0.0
AGAAGTATCAGAACCT-1	0.0	0.0	0.16602191	0.0	0.83322525	0.007859333	0.0	0.01881462
AGGAAATGTCTCGGAC-1	0.0	0.014508961	0.076597184	0.008590821	0.96407753	0.0	0.0	0.0
AGGTAGGCATGAGTAA-1	0.0	0.0	0.0	0.0	0.9856127	0.23245636	0.0	0.0
ATTCACTGTAGCGTTT-1	0.0	0.0	0.0	0.0	0.87985754	0.29317078	0.0	0.0
CACGTGGCACTGATTG-1	0.044728007	0.0	0.038024087	0.031304494	0.62658316	0.19446851	0.005693598	0.0
CAGATTGTCACCGGTG-1	0.0	0.0	0.0	0.0	1.0436823	0.034820903	0.0	0.0
CCTCCAATCCCTTGGT-1	0.0	0.0795173	0.12731394	0.0077693886	0.38942873	0.1335603	0.0	0.0
CCTCTCCGTCACTAGT-1	0.0	0.015063674	0.0	0.0	1.0021719	0.044714414	0.0	0.00834155
CGAGAAGAGCGCATCC-1	0.0	0.0	0.0	0.12902199	0.7880749	0.08061131	0.01658453	0.06821971
CGCATAAAGACGAAGA-1	0.04023012	0.030539474	0.32685995	0.0	0.3293079	0.14688234	0.0116668325	5.027476e-05
CGGGCATCAGTGGCTC-1	0.0	0.0	0.010961152	0.0	0.9573942	0.019914327	0.0	0.0
CTACAGAAGTCAGCGA-1	0.0	0.0	0.0	0.0	0.86787736	0.12618962	0.0	0.0
GAAATGATCCCGTGTT-1	0.0	0.0	0.0	0.0	0.70394975	0.49177697	0.0	0.012393859
GAGACCCCATGAGATA-1	0.0	0.0	0.0	0.0	0.8324796	0.19907027	0.003547218	0.0
GATGTTGCACAGACGA-1	0.0	0.0	0.009096752	0.0051180073	0.75076807	0.059028164	0.0	0.0
GCTGAATAGTATGACA-1	0.0	0.0	0.0	0.0	1.0044744	0.08710698	0.0	0.0
GGAACCCCACAAATCC-1	0.0	0.0	0.031877305	0.0	1.2789681	0.0	0.0	0.0
GGAACCCTCTAGCCAA-1	0.0	0.009000025	0.046127353	0.0	0.80213726	0.20658556	0.05705704	0.006587323
GGGTAGACAGTGTGCC-1	0.0	0.0	0.0	0.0	1.2138755	0.0	0.0	0.0
GGTGTTAGTGAAGCGT-1	0.0	0.0	0.13104832	0.030878527	0.5789477	0.272066	0.086317666	0.14106569
GTCCTCACAACCACGC-1	0.0	0.0	0.0	0.0	1.300507	0.02806049	0.0059979158	0.0
GTCGTTCTCCGTGTAA-1	0.0	0.050320428	0.0	0.0	0.793549	0.17449287	0.01639411	0.0
GTCTGTCTCCCTTTGG-1	0.049146634	0.117662676	0.051208917	0.024628974	0.7605024	0.2131445	0.0	0.015649632
GTTAGTGGTAGCGTTT-1	0.0	0.0	0.057684083	0.0	0.68671536	0.1322768	0.0	0.0
TAACCAGAGGGCAGAG-1	0.0	0.0	0.0	0.0	1.2099149	0.05832425	0.0	0.0
TACCCGTCATCATCTT-1	0.0	0.0012476203	0.18445498	0.026843084	0.4203576	0.033282716	0.0	0.0
TACCTGCTCCTGTAGA-1	0.0	0.0	0.013578898	0.0	0.7323123	0.012783159	0.0	0.05292044
TAGGTACGTGCTCTTC-1	0.0	0.0	0.3600806	0.0	0.53507996	0.08082094	0.0	0.013350909
TCACACCAGAGTCTTC-1	0.19689295	0.017943205	0.0	0.08009334	0.42540336	0.07609674	0.013108402	0.0015479694
TCCACGTTCCGCCTAT-1	0.0	0.0	0.0327268	0.0	0.7851366	0.084866524	0.0	0.02027933
TCCCAGTCAAGAGCTG-1	0.0	0.0	0.17295218	0.0	0.7466082	0.32866108	0.0030602824	0.0
TCCTCGACAGCTGTTA-1	0.023433281	0.0	0.08107539	0.17819495	0.75644505	0.0	0.004634648	0.0
TCGGGTGGTGCTTATG-1	0.0	0.017191261	0.0	0.0	0.9914236	0.1493298	0.0	0.0
TTCTTCCTCTGACCCT-1	0.0	0.0	0.1501749	0.0	0.63661253	0.044849	0.0	0.0
TTGATGGGTATCACCA-1	0.0	0.0	0.0	0.08735957	0.76502293	0.19748351	0.0	0.0062518655
AAACGAACATACAGCT-1	0.0	0.0	0.0	0.0	0.87280667	0.21057062	0.0	0.0
GGTCACGCATGGCTGC-1	0.0	0.0	0.08586797	0.0	1.1342707	0.054517366	0.113106854	0.0
TCCTAATCAGTTGTCA-1	0.0	0.0	0.0022885315	0.0	1.0163777	0.0	0.0	0.0
TGCAGTAAGCAGTCTT-1	0.0	0.08956762	0.0	0.0	1.1951513	0.0	0.0	0.0
TTTGACTCAAACCATC-1	0.0	0.018879479	0.06541523	0.0	1.1199281	0.012651682	0.0	0.0
ACCTGAATCCAACTGA-1	0.0	0.04313068	0.0	0.0	0.97093934	0.12927547	0.017599536	0.0
GACGCTGCATTCGGGC-1	0.13397565	0.037495505	0.0051338593	0.0	0.8143354	0.13178477	0.0	0.018173276
ACCATTTAGACCGTTT-1	0.0	0.0	0.055037566	0.0	0.63375527	0.09344506	0.0	0.0
GGATGTTCACTTCAGA-1	0.0	0.0	0.0	0.0	0.92697203	0.08190461	0.0	0.0
ATTCGTTAGCAGGTCA-1	0.0	0.0	0.038592193	0.0	0.869873	0.05218992	0.05168597	0.0
CTACAGATCCGATTAG-1	0.0	0.07511997	0.0	0.0	1.1510755	0.0	0.011288055	0.051291928
TTACCGCCATGACGGA-1	0.008163809	0.0	0.0	0.0	0.8756898	0.045892328	0.0	0.0
CATTTCAAGGTATTGA-1	0.0	0.0	0.27413556	0.0	0.8573432	0.0129693495	0.0	0.0
CGCCATTCAGTGACCC-1	0.003856331	0.0	0.13070884	0.0	0.85394984	0.0	0.0	0.01665268
CGTGCTTTCAGCTGAT-1	0.0	0.0	0.0	0.0	1.0473105	0.0	6.0215072e-05	0.0
GCCAGTGTCTTCCACG-1	0.026398543	0.0	0.040504355	0.0	0.8783153	0.03840749	0.0	0.00022871514
GTTCTATAGTGATTCC-1	0.10235805	0.016794559	0.32355493	0.022194834	0.6744829	0.0	0.0	0.0
AGATCGTGTTCAGGTT-1	0.021099163	0.010744684	0.23293784	0.0031560338	0.97117954	0.0	0.019833032	0.0
ATGCGATAGAGTTGTA-1	0.13356973	0.0020591773	0.004765128	0.054973412	0.7936012	0.038524777	0.0	0.032008953
CATAGACGTTCTGACA-1	0.110863365	0.0	0.0	0.0	0.9603043	0.13207076	0.024274942	0.0
GACTGATGTCCTCAGG-1	0.0	0.062487897	0.17343168	0.0	0.89471275	0.0	0.002505961	0.053267237
GGCTTGGAGATGGTAT-1	0.0	0.061905507	0.0	0.0	1.2733705	0.0	0.0	0.0
GGTTGTAGTATTGAGA-1	0.0	0.014590375	0.0	0.0	0.9228019	0.038684353	0.010896206	0.0
TGATTCTAGCATGCGA-1	0.0	0.0	0.0	0.0	1.0290245	0.030546067	0.02734206	0.016767586
ACTCTCGTCCCTCAAC-1	0.0	0.0	0.0	0.051409964	1.0659145	0.06717096	0.0	0.0
AGATCGTGTCAGACGA-1	0.0	0.0	0.0	0.024170926	0.84599966	0.17159636	0.0	0.0
AGCGATTAGACATCCT-1	0.0	0.037058096	0.0	0.047912158	0.9273816	0.20994791	0.0	0.02521631
TAACACGTCCTCACTG-1	0.048909392	0.011454129	0.11976661	0.02243842	0.9150543	0.040258333	0.0031450184	0.0
TCAGTGAAGGATATAC-1	0.0	0.0	0.0	0.0	0.85413545	0.32927474	0.0	0.02197912
AAGGAATAGGCGAACT-1	0.0	0.0	0.0	0.03136386	0.8707141	0.12552378	0.0013542467	0.093712986
AATCACGTCGGCTTGG-1	0.08583521	0.08232496	0.16121106	0.16873375	0.30370295	0.31445673	0.011669106	0.021581765
AGATGCTGTGGTTTGT-1	0.0	0.0014019567	0.0	0.0	0.7356733	0.22394678	0.0	0.0
AGGAGGTGTCTCCTGT-1	0.0	0.015723959	0.0	0.141113	1.35659	0.0	0.0	0.0
CCCTTAGGTCGATGCC-1	0.0	0.0	0.037453406	0.0	0.7880735	0.13263886	0.0	0.0
CCTATCGAGGTGCCTC-1	0.0	0.0	0.30792615	0.0	0.68428826	0.11745878	0.0021152298	0.032983955
CTCATTACAGCCTATA-1	0.0824194	0.06502303	0.0	0.05097399	0.72299665	0.12359632	0.00037053906	0.012747324
GATTCGATCCTCTGCA-1	0.0	0.01907105	0.0	0.0	0.7965359	0.21848018	0.07201626	0.0
GGGTGAAAGAAACTGT-1	0.07430341	0.13490935	0.0	0.04042535	0.61940867	0.19816373	0.048833005	0.0
GTCCCATGTAGCACAG-1	0.028761927	0.068655476	0.1231536	0.0042667864	0.50814056	0.089017324	0.0	0.0
GTGTAACAGGCTCCCA-1	0.0058927545	0.020664899	0.1350793	0.0	0.89752644	0.0	0.02597223	0.0053600664
GTTCCGTAGTGAGGTC-1	0.057802852	0.020625213	0.038995918	0.10393059	0.53457445	0.16508587	0.04483967	0.034874253
TAACCAGAGTCATGAA-1	0.0	0.0	0.0	0.0	1.0392748	0.0	0.0	0.0051456573
TATATCCGTCGAGCTC-1	0.0	0.0	0.017719306	0.0	0.7462021	0.03849974	0.0101103615	0.0
TCCGTGTCACTGAATC-1	0.0	0.0	0.048871756	0.07741527	0.43399468	0.17914684	0.0	0.061933234
TCCTCTTGTATTCCTT-1	0.0	0.0	0.0	0.0	1.1912036	0.0	0.0	0.0
TCCTGCAAGAACTTCC-1	0.0	0.0	0.2097859	0.0	1.1567228	0.0	0.0	0.0
TGGGCGTTCTGCACCT-1	0.0	0.0	0.2583401	0.0	0.8278569	0.0	0.0	0.0046102093
TTCAGGATCAGGGATG-1	0.0	0.0	0.0	0.0	0.8999565	0.067883424	0.057997175	0.0
TTTAGTCTCCGTGCGA-1	0.0	0.02881933	0.0	0.0	0.88464224	0.035869684	0.0	0.0
TGAGACTAGCATCCTA-1	0.0	0.0	0.0	0.013951084	1.0667621	0.0130589595	0.0030380965	0.0003986408
AAACCCACAAATTAGG-1	0.072741486	0.0	0.6998324	0.0	0.18348695	0.0	0.0	0.04499311
AAATGGATCCGAACGC-1	0.0	0.058535796	0.60092145	0.015867522	0.21760266	0.0	0.01225389	0.030192379
AACAAAGAGACGTCCC-1	0.0	0.0064437115	0.8390828	0.0	0.15442254	0.013819617	0.04487763	0.0
AACCATGGTAACATCC-1	0.0	0.0	0.83444697	0.024707947	0.056604806	0.0	0.0	0.0
AACGTCAAGTCGAAAT-1	0.0	0.0018460908	1.0763352	0.0	0.056921307	0.108965255	0.047929276	0.05724033
AAGACAAGTCCTCATC-1	0.103661135	0.11769985	0.75728893	0.0	0.0	0.0	0.0	0.03713699
AAGTACCGTCATCTAG-1	0.011272839	0.008622088	0.39364254	0.025785863	0.3181525	0.0	0.0	0.043679792
AATCGACAGTAACGAT-1	0.0	0.0	1.0173608	0.0	0.20340145	0.0	0.0	0.0
AATTTCCTCCGCGGAT-1	0.09201008	0.0	0.6636777	0.027432226	0.13894737	0.0	0.0018094378	0.0059088552
ACAACCAGTTTGTGGT-1	0.05554105	0.0	0.5856998	0.035350975	0.2909142	0.01035102	0.040461633	0.025081815
ACAGCCGAGGCATGGT-1	0.11902482	0.0	0.4233322	0.014692606	0.5190949	0.0	0.0	0.021423116
ACATGCATCTATTGTC-1	0.0	0.03474592	0.93260556	0.0	0.18658213	0.0	0.02340944	0.0
ACCGTTCCAGTCGAGA-1	0.1504929	0.17405832	0.45081165	0.0034776495	0.39517438	0.09270923	0.010684209	0.0
ACCTGAAAGTGTTGTC-1	0.034857344	0.0	0.5859286	0.0	0.46215954	0.0	0.011594677	0.047819976
ACGGGTCTCCATCTAT-1	0.0	0.0	0.8524336	0.0	0.34198987	0.0	0.0	0.0
ACGTAGTTCAACCGAT-1	0.017798865	0.029043933	0.81857955	0.0057591544	0.10328792	0.0	0.0	0.009109287
ACGTTCCAGACAACAT-1	0.0	0.0	0.57530326	0.032041494	0.26427728	0.0	0.0	0.0
ACTATCTAGCCAACCC-1	0.14891255	0.0017777003	0.78924996	0.0	0.18367931	0.040475957	0.019649567	0.019858994
ACTGTCCAGCAGGTCA-1	0.0	0.020290453	1.2412416	0.0	0.0	0.0	0.004753877	0.0
ACTTAGGGTAGATGTA-1	0.0	0.0	0.92636514	0.03909042	0.045422196	0.027374024	0.034448374	0.0
AGAGAATGTACCGTGC-1	0.0	0.0	1.0161579	0.00683814	0.1367022	0.0	0.0	0.0
AGAGCCCGTACTCGAT-1	0.23039657	0.0	0.78247124	0.015732318	0.09076621	0.0	0.0	0.0
AGCGCCACAATTGTGC-1	0.08704788	0.0016411295	1.0333207	0.0	0.08358708	0.0	0.0	0.0
AGCGCCACAGGTGTTT-1	0.0046102656	0.07506414	0.7928017	0.0	0.19272648	0.0	0.0068523004	0.0
AGCTACATCACTAGCA-1	0.5083488	0.03479641	0.20653541	0.034276426	0.06046279	0.0	0.0	0.0
AGGGTCCGTTGGTGTT-1	0.06770339	0.030808799	0.6887005	0.0	0.26494396	0.0	0.0057521686	0.0
ATACCGAGTTTCGATG-1	0.0	0.027547698	0.9192238	0.0	0.5899436	0.0	0.0	0.0
ATGACCATCTGTGCTC-1	0.0	0.0	1.0067229	0.0	0.0	0.0	0.0035747814	0.0
ATTCACTTCCATCGTC-1	0.0	0.0	1.2033904	0.0	0.0	0.0	0.0	0.0
ATTCACTTCTCGTTTA-1	0.28527272	0.06798647	0.44716755	0.032228336	0.04556363	0.00045307478	0.00082558417	0.0
ATTCCTAAGATGAATC-1	0.027284304	0.02990851	0.38317427	0.10795897	0.20480707	0.051423468	0.0	0.0
CACGAATAGGTTAGTA-1	0.0	0.0	1.0703406	0.0	0.122206345	0.056450393	0.0	0.0
CATACCCGTGCCTGAC-1	0.0	0.0	0.443713	0.0	0.37713906	0.0	0.10055576	0.0
CATAGACCACCGCTGA-1	0.0056011137	0.0	0.98611087	0.0	0.0	0.0035294248	0.0	0.0
CCACAAACACTGGCCA-1	0.025149636	0.018203756	0.51351386	0.110437825	0.00199138	0.0	0.0016970446	0.023381066
CCACCATGTCGAGTTT-1	0.0	0.01087464	1.0328808	0.0082894955	0.13401903	0.02258457	0.0	0.0
CCGATGGGTGCCTAAT-1	0.0	0.0	1.3467402	0.0	0.0	0.03205049	0.0	0.0
CCTCCAAGTGTTAGCT-1	0.0	0.0	1.1283379	0.0	0.023348521	0.0	0.0	0.0
CCTTCAGTCATTTCCA-1	0.11320144	0.06448904	0.37382662	0.08105688	0.08233899	0.0042672795	0.005991041	0.0
CGAAGGAAGGATTCCT-1	0.0	0.06117443	0.6474945	0.0	0.4030758	0.0	0.0	0.00089536293
CGGAATTAGAACAGGA-1	0.17384309	0.029925806	0.6240921	0.0	0.22717272	0.0	0.0	0.034852967
CGGCAGTGTAAGGCTG-1	0.0	0.04802617	0.7270199	0.0	0.120961376	0.0	0.011096219	0.009396356
CGGGTCACACCGCTAG-1	0.0	0.0	1.093385	0.0	0.0	0.0	0.0	0.0
CGTCAAAGTATTGGCT-1	0.0	0.004920161	0.9527458	0.0	0.0	0.0	0.0030803736	0.0
CTACCCAGTAGTTACC-1	0.1515624	0.0	0.4693761	0.042908784	0.21492144	0.0	0.0	0.0
CTCCCTCGTACTGGGA-1	0.005774083	0.0	0.8229031	0.026110737	0.0	0.0	0.00011255394	0.026362188
CTCCCTCGTATGTCAC-1	0.0	0.0	0.89014786	0.0	0.10588099	0.0	0.0056928173	0.0
CTGCCTACAGCGGTTC-1	0.0663525	0.002034968	0.65242285	0.0061588194	0.24230435	0.02965307	0.0022337476	0.0
CTTACCGAGGTTGACG-1	0.0	0.0	1.1782092	0.0	0.09173864	0.0	0.0	0.0
GAAGGACCACCATTCC-1	0.16358428	0.0	0.44879213	0.03186701	0.088466324	0.022538818	0.0	0.018791886
GACTCAATCTCTGGTC-1	0.0	0.0	1.0395293	0.027825277	0.0	0.0	0.00749195	0.0
GATGACTGTGTAAATG-1	0.0	0.0	1.0701602	0.026981363	0.03080565	0.0	0.0	0.0
GCAACATAGTGGCCTC-1	0.17433818	0.0073525794	0.7397708	0.029849505	0.17607097	0.0	0.0	0.005073513
GTAGATCGTCTTCTAT-1	0.04386505	0.023499545	0.7899637	0.0	0.3472469	0.0	0.0021688396	0.0
GTCTCACTCATGCAGT-1	0.18042278	0.06428399	0.70793015	0.0884676	0.0	0.02095269	0.0	0.01749231
GTGCACGTCTTGGATG-1	0.1596538	0.027249034	0.6571028	0.0037213876	0.13604923	0.0	0.0	0.0
GTTAGTGTCGCTCATC-1	0.0	0.0	0.85654974	0.022041963	0.3934473	0.0	0.0	0.029819744
GTTCATTGTCACTCGG-1	0.0	0.0	0.6851264	0.05602542	0.2760869	0.0029719172	0.0169667	0.0
GTTGCGGGTTCCACGG-1	0.08215578	0.0	0.77337945	0.06393272	0.022121249	0.03297884	0.03875767	0.0
TAAGCCAAGCAAACAT-1	0.06596374	0.0	0.8446507	0.0022860188	0.03569858	0.0	0.030690663	0.087570265
TATATCCCAGCATTGT-1	0.0	0.0	0.7080913	0.0	0.259061	0.0	0.0	0.0
TCACGCTCAGAGTGAC-1	0.0	0.0	0.89767367	0.036809634	0.06606728	0.0	0.0	0.0
TCATTCAAGGCGAAGG-1	0.0	0.063748054	0.59783614	0.03232191	0.29382908	0.0	0.0	0.0
TCCGATCTCATTACCT-1	0.0099094	0.0	0.4240239	0.09989239	0.17100282	0.0	0.0	0.0
TCCTCCCAGTATAGAC-1	0.11963865	0.0	0.8266187	0.07881632	0.133301	0.0	0.0	0.0
TGCAGGCTCAAATGCC-1	0.22506222	0.0	0.7473541	0.045828715	0.06658431	0.0	0.0	0.015729815
TGGGCTGGTTGGCCTG-1	0.031288087	0.0	0.776343	0.0	0.058704976	0.06886547	0.0	0.0
TGGTTAGTCTGGCCTT-1	0.005505152	0.0	0.7150492	0.059297703	0.0	0.0	0.012473825	0.0
TTCACCGTCCGCACGA-1	0.0	0.0	0.7307885	0.0	0.16676594	0.0	0.0	0.0
TTGCTGCTCGTTCATT-1	0.0	0.0	1.0110371	0.018823225	0.0	0.00885786	0.0	0.0
ACCAACAGTGTTTGCA-1	0.0	0.0	0.6320929	0.039278798	0.20503564	0.0	0.018287564	0.0
ATAGAGACAGTCGCAC-1	0.0	0.0	1.0128417	0.002162474	0.0	0.0	0.0	0.041610595
CGAATTGTCGTTTACT-1	0.0	0.0	0.5614354	0.0	0.42070118	0.0	0.05922253	0.073667884
CGTCCATCAATGCTCA-1	0.0	0.0	0.76191276	0.0	0.3018232	0.023287395	0.0	0.0016322436
GCAGCTGGTGGATTTC-1	0.0	0.0	0.98394936	0.0	0.18141358	0.0	0.0	0.0
AACAAAGTCGGAGATG-1	0.0	0.0	0.80096	0.044529147	0.290776	0.0	0.0	0.009394441
AACCTGAGTTCTCCAC-1	0.0	0.0	1.2811557	0.0	0.0	0.0	0.0	0.0
AAGAACATCGGTCAGC-1	0.23289658	0.0031884967	0.64162797	0.22714499	0.103902794	0.04348593	0.0	0.011228994
AAGCCATAGAAACTAC-1	0.0	0.10208533	0.5655287	0.13246572	0.13153967	0.0063350345	0.0029726643	0.0
AAGGAATGTGAGATCG-1	0.0	0.0	0.77174604	0.0	0.19032161	0.0	0.0	0.0
AATTCCTTCCCTTGGT-1	0.22022612	0.0	0.49967858	0.0026684618	0.25435698	0.0	0.0	0.0
ACATCCCCACAGCTTA-1	0.1773401	0.040459435	0.39372808	0.15550475	0.0	0.023488982	0.010484973	0.0
ACATGCACAACGACTT-1	0.1619401	0.11865709	0.70323855	0.07013314	0.4662915	0.0	0.031471338	0.09090177
ACCTACCGTATCCTTT-1	0.0	0.0	0.72010374	0.0	0.14649133	0.018641537	0.0	0.020650486
ACTATTCCAGGTTCGC-1	0.029445572	0.0	0.5706897	0.049288433	0.32205352	0.0	0.014808907	0.0
ACTTATCGTATCCTCC-1	0.40085706	0.10324242	0.30037978	0.12385347	0.08662272	0.0	0.0	0.0406279
AGAAGCGTCGTTCATT-1	0.15286124	0.022203542	0.7508485	0.0	0.08024455	0.010396506	0.0	0.012722882
AGCCACGAGGAACGCT-1	0.0	0.0	0.3622618	0.0	0.74785787	0.0	0.0	0.0
AGCTCAACAACTGCCG-1	0.0	0.0	0.8321903	0.0	0.2063286	0.0	0.0553878	0.0
AGTTCGAGTATGCGGA-1	0.0	0.0	1.1765331	0.0	0.0	0.0	0.0	0.0
ATCGGATCAGGTTCGC-1	0.0	0.04075666	0.71328914	0.012495831	0.11945948	0.0	0.028086834	0.0
ATGAAAGTCATGAAAG-1	0.063225985	0.16947897	0.5625737	0.0	0.12901686	0.1229345	0.028455982	0.0
CAATCGATCGATACGT-1	0.005968273	0.0	0.9067841	0.0	0.14542131	0.0	0.0	0.012782023
CACCAAAGTGACGTCC-1	0.17902012	0.0	0.554557	0.017920235	0.17077579	0.0	0.0022578484	0.011202528
CACGTTCAGATTGCGG-1	0.0	0.0	1.2832031	0.03338418	0.0	0.048316676	0.010449301	0.0
CAGTGCGAGCTGAGTG-1	0.0	0.0	1.01509	0.10815314	0.10590856	0.0	0.0	0.0
CATCGCTAGGGCAACT-1	0.299882	0.0	0.70996565	0.0	0.13294613	0.0	0.0	0.0
CATTCCGAGATAACAC-1	0.0	0.0053559397	0.51392907	0.0	0.18677908	0.037997957	0.13997482	0.007672881
CATTGAGCAGTTGGTT-1	0.0	0.0050325277	0.8590462	0.033376448	0.13625377	0.0	0.0	0.0
CCACCATTCCACGTCT-1	0.0	0.014363286	0.83027905	0.020872904	0.18018775	0.0	0.015847154	0.0
CCCTCAATCACTTTGT-1	0.2942188	0.06607575	0.2712787	0.0253848	0.07380523	0.0	0.0	0.0
CCGGGTAGTTATGTGC-1	0.0	0.0018148959	0.8038626	0.055000085	0.0	0.034630403	0.0	0.0
CCTCTAGCACGATTCA-1	0.02675367	0.0	0.5502669	0.052630953	0.28799632	0.033711888	0.0026866444	0.0
CCTCTCCGTCGGATTT-1	0.0	0.0	1.2269051	0.0	0.0	0.0	0.0	0.0
CCTGCATTCTGGCCAG-1	0.0	0.0	0.85859185	0.016195893	0.12902121	0.0	0.0	0.0065292805
CGAAGGAGTTTACCAG-1	0.016237456	0.11883776	0.5124089	0.06421967	0.40189198	0.0	0.016181111	0.054016765
CGTAATGGTCGAACAG-1	0.0	0.05587752	0.3806788	0.06585648	0.5283575	0.07146736	0.0	0.0
CTGGACGGTCCTATAG-1	0.0	0.07299369	0.57076985	0.0	0.094358414	0.0	0.06479128	0.0
CTGTATTAGGCCACCT-1	0.11532941	0.079670355	0.75819516	0.044368554	0.082992986	0.0	0.019435853	0.0
GAACACTCATCTCGTC-1	0.0	0.0	0.87108374	0.0	0.0	3.313855e-05	0.008372504	0.0
GACCCAGTCGCGGTAC-1	0.0	0.0060344203	0.61842847	0.08841903	0.5227446	0.0	0.023891926	0.02243426
GACCTTCTCCGTTGAA-1	0.07533159	0.036081057	0.36960074	0.0	0.25736868	0.030567557	0.0	0.0
GACGCTGAGTGGCGAT-1	0.040682465	0.091893025	0.7589188	0.0	0.04299138	0.0	0.049775954	0.0
GAGACTTCAGCTTCCT-1	0.2590955	0.040648706	0.68129474	0.0	0.085896485	0.0	0.0016785808	0.0
GAGGGTACATCCTCAC-1	0.0	0.0	0.84818053	0.14708649	0.0	0.0	0.0	0.0
GAGTTTGCAAGCCCAC-1	0.0	0.03991016	0.6888818	0.0	0.08434709	0.0	0.006744918	0.0021689506
GATCGTACAACGGTAG-1	0.0	0.0	1.2112684	0.029363798	0.0	0.0	0.0	0.1110392
GATGACTTCATTGCCC-1	0.0	0.058300253	0.92201144	0.0	0.08154586	0.05311935	0.011805603	0.0
GCAACATCATCGGCCA-1	0.0	0.016776906	0.66871	0.07083897	0.20986483	0.0	0.0	0.0
GCACGTGTCGCTATTT-1	0.24844472	0.04069284	0.79459304	0.08448952	0.0	0.004303889	0.047928322	0.0
GCCAGGTCACCGGTCA-1	0.0	0.0	1.2644597	0.03755026	0.0	0.0	0.01593432	0.0
GCCAGTGCAGTCAGTT-1	0.0	0.0	0.98001224	0.0	0.3307221	0.0	0.0	0.0
GCCCAGACACTCGATA-1	0.0	0.0	1.4562931	0.0	0.0	0.0	0.0	0.0
GCTTTCGAGGCACTAG-1	0.005531815	0.0019917667	0.881288	0.020179365	0.0014004314	0.0	0.0	0.10658849
GGGACTCAGTTCATCG-1	0.0	0.0	0.63402545	0.04961601	0.38128707	0.0	0.0	0.06249808
GGGATGAAGTCACACT-1	0.0	0.0	0.97141	0.00092183903	0.18152428	0.0	0.0	0.0
GGGCTACCATGTCGTA-1	0.0	0.0	0.78525764	0.0	0.22906701	0.0	0.0	0.0
GGGTGTCGTCTTGCGG-1	0.0	0.0	1.0954806	0.006755896	0.20835944	0.0	0.0	0.0
GGGTTTAAGTGGATAT-1	0.0	0.029037291	0.86305827	0.027456846	0.11630166	0.0	0.0	0.0
GGTCTGGCAAATAAGC-1	0.0	0.19827819	0.30364472	0.12521766	0.3904473	0.0064262664	0.0	0.0070476504
GGTTAACAGCCTATCA-1	0.0	0.0	0.9701641	0.0073066303	0.0	0.0	0.009058809	0.037468195
GTAATCGAGATTGACA-1	0.0	0.0	0.9076404	0.09304607	0.058451105	0.0154225575	0.0	0.0
GTCGTTCTCTAGATCG-1	0.0	0.01416508	1.0416548	0.064807445	0.030457715	0.0	0.0	0.0
TAACGACTCACGTCCT-1	0.0	0.0	1.0353996	0.006577206	0.1789118	0.04656375	0.006792175	0.0
TAACTTCCACTGAGGA-1	0.0	0.0	0.8897676	0.045017667	0.0	0.036926325	0.0	0.0
TACACCCGTGGATTTC-1	0.06616635	0.047632493	0.36034563	0.015119087	0.5970671	0.0	0.0	0.0076931487
TACTTACAGTACTGTC-1	0.0	0.0	1.0048854	0.0	0.15442437	0.0	0.014138515	0.0
TACTTACGTAGACGGT-1	0.0	0.0	1.0023624	0.09433909	0.0	0.037680797	0.01875572	0.0
TAGCACAAGATGGTAT-1	0.0	0.0	0.8720363	0.00016327712	0.16468391	0.091809906	0.0024146659	0.006182682
TATCGCCCAAATGGAT-1	0.006599551	0.0	0.7240152	0.012665683	0.33968392	0.0	0.016255049	0.0
TATGTTCAGGGCCCTT-1	0.17431961	0.10475314	0.085447975	0.0	0.27338055	0.0	0.0	0.0
TCACAAGTCACCGGTG-1	0.0	0.015733266	0.8701178	0.07398451	0.0	0.06814349	0.0	0.0
TCACTCGAGAGCAAGA-1	0.0	0.0	0.99878067	0.0	0.0	0.0	0.0	0.0
TCAGGGCGTCCATCTC-1	0.14878795	0.0	0.6801422	0.0	0.0	0.0	0.0	0.026868915
TCAGTCCTCTTGGATG-1	0.24180466	0.09581484	0.4773726	0.0	0.38309368	0.0	0.0	0.0
TCATCCGGTGCCTATA-1	0.13627985	0.0	0.7788402	0.0437098	0.21341279	0.0	0.0	0.0
TCATGCCTCTAGTACG-1	0.18925089	0.15640755	0.64228004	0.105423875	0.0	0.0	0.0	0.0607842
TCATTTGTCTAGATCG-1	0.0	0.0	0.8718515	0.06857863	0.10628477	0.0	0.0046936325	0.056340326
TCCGGGAAGGGAGATA-1	0.0	0.0	0.50750667	0.058248475	0.09591364	0.0	0.0	0.04190704
TCCTCTTCAGAGACTG-1	0.0	0.0	1.1900034	0.0	0.0	0.0	0.0	0.0
TCCTTTCCACTCTAGA-1	0.29544267	0.011728727	0.40941837	0.13873145	0.0062194536	0.14290372	0.0	0.0
TCGAACATCGATCCCT-1	0.25962073	0.21031618	0.24569374	0.1631348	0.0	0.0	0.0	0.033808433
TCTACCGTCTTACCGC-1	0.0	0.0074763917	0.50297546	0.0	0.19132045	0.0139195835	0.0	0.0
TCTGCCATCCGAGGCT-1	0.0	0.0	0.6613337	0.13069738	0.0	0.0	0.0	0.0
TGACCCTTCTGCTGAA-1	0.0	0.0	0.66984355	0.0	0.12480523	0.0	0.0	0.0
TGCATCCAGACCCGCT-1	0.009611241	0.032369614	0.7207667	0.07706055	0.08529734	0.0	0.0	0.0
TGCCGAGCAGACGATG-1	0.0	0.0	1.068635	0.14254537	0.05308145	0.06689111	0.004292869	0.0
TGCGACGGTTGAGTCT-1	0.12665541	0.0	0.9473236	0.039978396	0.10777108	0.03331937	0.0028109844	0.0
TGGGAGAAGCTGAGCA-1	0.088282116	0.033336066	0.86175996	0.008622072	0.3961358	0.0	0.0	0.0
TGGTAGTGTCGTCTCT-1	0.15876493	0.0	0.85409194	0.05818133	0.0	0.0021606358	0.03991361	0.0
TGGTGATTCCATCGTC-1	0.110558935	0.0	0.44503564	0.15949684	0.14057958	0.0	0.005243783	0.07560417
TGTAACGAGAGTTGAT-1	0.0	0.04866878	0.833741	0.018966796	0.21564531	0.0	0.0210065	0.0
TGTGTGAGTGAGGAAA-1	0.08498523	0.0	0.7511138	0.0	0.05534159	0.078304455	0.09362227	0.0
TTCATTGTCACCTTAT-1	0.0	0.0047758147	0.1840239	0.43485782	0.35651046	0.015662778	0.004647809	0.0
TTCCTCTTCATAGCAC-1	0.19550946	0.0	0.47246298	0.035251882	0.078913964	0.0	0.016663311	0.0
TTCGCTGAGTGCACAG-1	0.06373778	0.0	0.7103926	0.0	0.32167622	0.0	0.0	0.07200825
TTCTTGAAGTGGTCAG-1	0.056253243	0.0	0.8959375	0.014323569	0.0	0.031521	0.0	0.016359536
TTCTTGAGTCAGGTAG-1	0.0	0.0	1.061204	0.0	0.31294754	0.0	0.0	0.0
TTGGGTATCTATCGCC-1	0.11595224	0.02324721	0.6120438	0.02929681	0.0	0.0	0.028209548	0.0
TTTAGTCAGACCTTTG-1	0.0	0.0026308985	0.41682404	0.1556398	0.3980192	0.07013017	0.08835078	0.0
TTTAGTCGTATTCTCT-1	0.0	0.0	1.0440761	0.0	0.24674898	0.0	0.0	0.0
AGTTCCCCAAACACGG-1	0.0	0.0	0.64173776	0.0	0.30535883	0.0	0.0010133097	0.00061313837
GTGAGTTTCTCTAGGA-1	0.29353818	0.0	0.52884537	0.11671661	0.14374094	0.022654695	0.0	0.0
CAGTTAGAGCAACCAG-1	0.0	0.0	0.0	0.034403283	1.080366	0.009995488	0.0	0.046298
GTCCCATCACAGGATG-1	0.0	0.0	0.87791663	0.022483677	0.33129823	0.0	0.005788079	0.0
CATGCTCCAACAGATA-1	0.0	0.023361439	0.69407606	0.0	0.10798481	0.00035450314	0.0	0.0034966709
TACGTCCCATGCCGGT-1	0.0	0.13769081	0.5804877	0.18866551	0.27487358	0.0	0.0	0.0
ATTATCCCACCCAACG-1	0.0	0.038990926	0.41892266	0.07292855	0.49683642	0.0	0.0	0.093683325
CCTCAACTCAGCCTTC-1	0.08674618	0.0	0.27771676	0.037250817	0.28837523	0.0	0.0	0.0
CGACAGCCAAGTATAG-1	0.0	0.0	0.123896666	0.07182913	1.0561523	0.0	0.0	0.18080169
CTCCACAGTCCGAAAG-1	0.0	0.04511118	0.6025087	0.08736349	0.19553857	0.0	0.018855367	0.016498942
GCCAACGTCTTTCTAG-1	0.091945186	0.032116063	0.45385894	0.12450183	0.51270705	0.0	0.015433086	0.0
GGCTTGGGTTGTCTAG-1	0.0	0.0	0.37396634	0.0	0.59846044	0.0	0.0	0.24882649
TGCAGTAGTAGTATAG-1	0.0	0.049065106	0.31551385	0.0	0.5132921	0.0	0.00500398	0.02176311
ATTCCTATCACACCCT-1	0.0	0.0	0.5846091	0.0	0.50487256	0.0	0.002317589	0.0067856847
GACTGATTCCGCAGTG-1	0.09200599	0.0	0.8730868	0.05466447	0.47922856	0.0	0.007904895	0.0
CATCGCTAGGTGGTTG-1	0.0	0.013284815	0.42756134	0.16098855	0.16085252	0.07934197	0.013898468	0.0
AAACGCTCACGGTGTC-1	0.029446395	0.06120069	0.3266008	0.16588609	0.337108	0.049518183	0.037556663	0.0
ATGAGTCCATTGCCTC-1	0.012890389	0.0	0.5763993	0.0	0.23154499	0.009941579	0.037341148	0.0029177878
CTGTGGGCATGAATCC-1	0.12009459	0.014059566	0.84032404	0.0	0.0053042234	0.17069557	0.0	0.0
TTGTGTTAGCGCAATG-1	0.0	0.01827574	0.60022813	0.07638548	0.35246402	0.0	0.0	0.104682095
CATGCTCCAGCTGCCA-1	0.17187779	0.020835707	0.5946839	0.029588128	0.13421056	0.0	0.0	0.0
CCGTAGGTCATTCTTG-1	0.0	0.09355453	0.38920397	0.0	0.40615264	0.0	0.0	0.026755512
CGCGTGACAGGGTCTC-1	0.0	0.00037979323	0.33476847	0.0	0.36780137	0.0	0.0	0.032402765
TGTGATGGTCTTTATC-1	0.06395562	0.08357333	0.510267	0.11990826	0.27085635	0.09656697	0.0	0.021186097
TCTAACTAGCGGTATG-1	0.113666035	0.014863687	0.4375311	0.0029618004	0.3879726	0.11002478	0.005992566	0.0
AAGCCATCATAGTCAC-1	0.0	0.0	0.13269922	0.0	0.84274936	0.057125304	0.028479947	0.0
GGTGATTGTTGCCTAA-1	0.007019918	0.0	0.03959001	0.0	1.0258077	0.07025281	0.0	0.0
AGCGCCATCCTTATCA-1	0.0	0.0	0.4308158	0.023359489	0.7006464	0.0	0.005233803	0.0
AGGCATTAGCACACCC-1	0.0	0.025632929	0.6267643	0.07582171	0.4044085	0.0	0.0	0.02661868
CAAGGGAAGCACCCAC-1	0.0	0.0	0.39179108	0.0	0.796272	0.0	0.0	0.0
CAGCAGCTCAGCTGAT-1	0.0	0.09639002	0.05766834	0.039883107	0.8891381	0.0	0.0	0.003089765
CATCGGGAGGAAACGA-1	0.11044185	0.045983646	0.63243	0.11041335	0.26936644	0.15070838	0.0075693955	0.032105338
CATCGTCAGTAGATCA-1	0.0	0.00456777	0.4115264	0.0	0.8615461	0.024829118	0.0	0.008469868
CATGCTCAGTAGGAAG-1	0.0	0.0	0.52037185	0.0	0.81453675	0.0	0.0	0.0
CCCATTGGTATGAGGC-1	0.1648995	0.028388895	0.5041109	0.024823943	0.25234511	0.100610934	0.032296702	0.0
CCTTTGGCACCTCGTT-1	0.0	0.0	0.99916774	0.0	0.3069712	0.0	0.009529174	0.016854776
CGATGCGTCCTGCTAC-1	0.0	0.0	0.42240822	0.0	0.6082743	0.0	0.0035395788	0.060755514
CTCGAGGGTCCATAGT-1	0.0	0.08844617	0.38448593	0.020836806	0.6115347	0.0	0.021453176	0.02195616
CTGTATTTCAATCCGA-1	0.049820904	0.0	0.26066276	0.0	0.6498714	0.0	0.01665206	0.13250203
CTTGATTAGTTATGGA-1	0.0	0.0	0.7426106	0.0	0.5200057	0.0	0.0	0.039636932
GAGTGTTAGAAGAACG-1	0.0	0.25666064	0.1497179	0.0838672	0.7254503	0.0	0.0	0.024399769
GAGTTGTCAATGTCAC-1	0.0	0.0034774067	0.74390924	0.048001878	0.14557198	0.0	0.0	0.027055318
GGACGTCGTCAGTCCG-1	0.031974353	0.042514123	0.107927054	0.0075628236	0.65559447	0.002915079	0.029681975	0.09862014
GGCTTTCCACCCTAGG-1	0.01657655	0.0	0.38374144	0.03681712	0.2759878	0.0	0.0	0.03741509
GTAGGAGCAACTCCCT-1	0.0	0.0	0.3785163	0.0	0.75361025	0.0	0.0	0.016200973
GTGACGCGTGATGGCA-1	0.0	0.0	0.33189368	0.0	0.74315196	0.0	0.011482022	0.0
TAATCTCAGTATGTAG-1	0.0	0.0	0.7836431	0.014823015	0.24043296	0.0	0.03833249	0.039595976
TACGCTCGTTAACAGA-1	0.0	0.0	0.60932386	0.019971969	0.44936976	0.0	0.009296656	0.068158485
TCCCACATCCTCTAAT-1	0.006496574	0.0	0.2975896	0.0	0.7266624	0.0	0.009809251	0.0013610858
TCGGTCTGTTACCGTA-1	0.0	0.020116154	0.3983077	0.0	0.5081661	0.06305196	0.0	0.0
TGATCTTTCTACAGGT-1	0.0	0.0	0.7138956	0.07333499	0.31896535	0.0	0.0	0.0
TTACAGGAGTGACCTT-1	0.0	0.021931402	0.35378793	0.021999056	0.5723948	0.0029082699	0.021205379	0.0
GATTGGTCAGAGTTCT-1	0.00895287	0.0	0.3195995	0.02659008	0.6483569	0.014994035	0.0	0.0074973563
ATTCTACGTATGCAAA-1	0.14219691	0.03100847	0.35176927	0.0	0.61470526	0.093000576	0.003058508	0.038042523
ATTTCACTCTGAGGCC-1	0.0	0.0	0.38648382	0.0	0.65943223	0.0	0.0	0.15478301
CATTGCCGTCGCACAC-1	0.14169283	0.0	0.47963616	0.0	0.57142043	0.0	0.0	0.02501539
CCACACTAGGCACAAC-1	0.0018087976	0.06116409	0.72231066	0.06959162	0.24034835	0.042534113	0.058780298	0.023320546
CTCTCAGTCTCACCCA-1	0.00584176	0.10989509	0.38900623	0.07253947	0.3869101	0.02857489	0.0	0.01899998
GGTCACGCACACGTGC-1	0.0	0.0	0.39631376	0.0	0.7930454	0.0	0.026793916	0.05352542
TATCTGTTCTGGGTCG-1	0.24905443	0.08017097	0.13680267	0.03861951	0.39344686	0.19810125	0.0029985378	0.0
TCGAACAAGCATCCCG-1	0.0	0.056433808	0.39856184	0.061643574	0.4352182	0.0	0.0	0.0
TCTGGCTGTGCAAGAC-1	0.1438397	0.04968241	0.27774218	0.16225988	0.30603287	0.015623896	0.0	0.0
TTCTGTACAACTGCCG-1	0.11506243	0.0	0.3911731	0.0	0.42030483	0.024041157	0.0	0.0
TTTGACTGTGCCCACA-1	0.0	0.0	0.7264984	0.0	0.42219916	0.0	0.009948404	0.051153712
TTTGGAGTCAATCTCT-1	0.0	0.03460897	0.3259888	0.01885754	0.6150596	0.0	0.0047766883	0.065595716
ACTTATCGTTGGGACA-1	0.0	0.0	0.6504569	0.0	0.5157142	0.0	0.05754484	0.0
ACTTTGTCAAGCGGAT-1	0.0	0.0	0.3277185	0.0	1.0640419	0.0	0.0	0.0
AGAACCTGTGTATTCG-1	0.0	0.006872874	0.47981068	0.0	0.7527158	0.0	0.0	0.0075066146
GAAGCCCTCCTCATAT-1	0.0	0.0024701324	0.49223194	0.0	0.6011421	0.0	0.0	0.0
GATCCCTCACCAAAGG-1	0.0	0.0	0.4739908	0.011324511	0.68456805	0.031858698	0.0	0.011586495
GGGTCACTCGATTCCC-1	0.0	0.003961968	0.8007649	0.026443215	0.4142083	0.0	0.0	0.007915442
GGTGTTAGTGGCTCTG-1	0.008284967	0.050182935	0.35654795	0.027926771	0.5687192	0.00636255	0.0	0.04171477
TACAGGTGTTCCTAGA-1	0.0	0.0	0.59752417	0.0	0.33167315	0.0	0.0034311295	0.0
TCAGCCTTCATTACCT-1	0.070173986	0.0	0.4427038	0.021886976	0.2418105	0.011599636	0.0060895453	0.0
TTGAGTGGTAAGCTCT-1	0.0	0.0	0.3018658	0.046708256	0.59052426	0.15234794	0.08494326	0.0
TCTTTGAAGGTCACCC-1	0.0038047065	0.01119438	0.42344195	0.00087956066	0.42634815	0.0	0.0021529181	0.050855838
TCTGTCGGTAGACGGT-1	0.05206157	0.0	0.82436275	0.071519494	0.0	0.09585919	0.0	0.024939649
AGTTAGCGTACGCTAT-1	0.880706	0.047188334	0.0	0.0	0.023009414	0.0	0.002373724	0.006124916
GGGATGAAGTGCACAG-1	1.0475928	0.08345752	0.0	0.017052788	0.0	0.020191945	0.0	0.0062293066
TATTTCGTCCATACTT-1	0.99347913	0.0	0.0	0.0	0.038014136	0.0	0.0	0.0
TTTGGTTGTTTGTTCT-1	0.47449616	0.0	0.0	0.0	0.0	0.09049787	0.17748713	0.0
ATGGGAGCAAGTGTCT-1	0.91237456	0.0	0.0	0.0086724255	0.015569606	0.0	0.0	0.0
ATTCAGGTCCTCAGAA-1	0.7467569	0.019648166	0.0	0.010782135	0.016161535	0.0	0.010695663	0.0
CTCAGAATCTACCACC-1	0.84887356	0.02722323	0.051061187	0.03337857	0.011216492	0.00022673096	0.041029245	0.0
GACTTCCGTGACCTGC-1	0.86133176	0.0	0.0	0.00972755	0.01248754	0.0061016944	0.0	0.0
GATTCTTAGATAGTCA-1	1.032611	0.017197903	0.008544654	0.0	0.021769429	0.0	0.008350177	0.0
GCACTAACACCCTGTT-1	1.126973	0.038052004	0.0	0.0036335737	0.019856008	0.0	0.0440253	0.033860505
AACCATGTCCGAGAAG-1	0.9065736	0.0	0.0656658	0.0028976426	0.013442012	0.0	0.0	0.0
GGGACTCTCCTTATAC-1	0.7171778	0.09466991	0.036153834	0.0	0.026398549	0.0	0.0	0.0
GGGTTATGTACGCTAT-1	0.7724455	0.0008666226	0.0	0.0	0.01370027	0.0	0.0	0.0020142326
TATATCCGTACTGCCG-1	0.7123283	0.028450496	0.02971828	0.0065115076	0.005054902	0.0	0.012463366	0.0
ACGTACAAGGGACACT-1	0.95626897	0.0834414	0.0	0.012585119	0.0	0.0	0.0	0.0
TCCACCATCGAAGCCC-1	1.1729344	0.23266631	0.0	0.024499143	0.0	0.050955568	0.022200877	0.0
CCACTTGGTACGATTC-1	0.99598426	0.008833589	0.0	0.0	0.01932921	0.0	0.000570929	0.024458384
CTCCGATCAATGGCAG-1	1.0157982	0.040693857	0.0	0.0069894106	0.0033435924	0.0065396945	0.02971995	0.016460415
TTACCATGTTTCCAAG-1	0.7414603	0.0	0.00933348	0.0015068343	0.010556386	0.0	0.0	0.0
AATGACCAGTACCATC-1	0.5957404	0.04400933	0.105033696	0.0	0.0	0.0	0.0	0.01914841
AGTCACACAGCAGTAG-1	1.0588502	0.0	0.0	0.0	0.0	0.0	0.0	0.00936848
CTCAACCTCATCTCTA-1	0.7539956	0.0015338279	0.074758805	0.0	0.06680137	0.0	0.0	0.0
GAGTCTAAGTTGTCAC-1	1.1767752	0.098009795	0.0	0.0	0.0	0.0	0.09250348	0.0
GCATCTCTCCTACACC-1	0.8301108	0.0	0.0045325593	0.0	0.0088915	0.0013869371	0.0	0.0
TCAGCAAAGAATCTAG-1	0.76362425	0.0	0.007968299	0.0	0.0	0.0	0.0	0.013627998
TTCTTGATCATCACTT-1	0.78920203	0.02813557	0.0935602	0.062483586	0.0	0.0332924	0.0057477276	0.0
CAGCAATGTCACCGCA-1	1.2129811	0.1240243	0.0	0.016593317	0.0	0.0	0.020514699	0.0
TGGAGGAAGAGTATAC-1	0.6629893	0.041613992	0.0	0.0	0.0	0.038734563	0.0	0.042649865
GTAGGAGGTGGCTACC-1	0.78701496	0.0	0.0	0.0	0.0	0.0	0.0	0.10517068
TACCTCGCAAGTCCAT-1	0.83320516	0.10181696	0.025519574	0.04381309	0.054051	0.036800716	0.0	0.0
TTACTGTTCAACGCTA-1	0.78607523	0.07201401	0.0	0.041622188	0.036933083	0.0	0.0068831444	0.0
CATACAGAGAGCCATG-1	1.115221	0.1253569	0.0	0.0	0.029309355	0.01572546	0.04268283	0.0
GTTGTGAGTCCAGGTC-1	1.0026857	0.10335309	0.0	0.0	0.006927468	0.0	0.0	0.0
TCAGTCCAGTATTCCG-1	0.7120813	0.04084513	0.0	0.022127397	0.017397545	0.0	0.015917953	0.0
TGTCCACAGCTAGAGC-1	0.6599099	0.023581699	0.0	0.0	0.016882826	0.0	0.029362096	0.0
TTCACCGAGCGTGAGT-1	1.1101875	0.04117502	0.030218024	0.021171672	0.010372824	0.0012437161	0.03457442	0.008856175
CAAGACTGTTTCACTT-1	0.8126001	0.0	0.010476695	0.023251941	0.0	0.0	0.022403048	0.0
CCACGTTCATAGCTGT-1	1.0360816	0.0077146925	0.014907616	0.0	0.0	0.0	0.0	0.0
GACTATGGTATGCTTG-1	1.1367856	0.0	0.009721935	0.0031195346	0.00806692	0.0	0.0	0.0
GCCAGGTTCGTTCTCG-1	1.1069962	0.07102139	0.046518657	0.016078128	0.0	0.033311486	0.002848508	0.0072075063
GCCATGGTCTCAGTCC-1	0.9977221	0.0	0.0	0.0056580286	0.0	0.0	0.0	0.0
TATCAGGCACACACGC-1	0.71830875	0.034209203	0.0	0.008849889	0.020675303	0.0	0.014166818	0.00730407
TCGACGGTCTTCCCGA-1	0.59470886	0.008707549	0.09093801	0.0	0.012178365	0.02326746	0.0	0.0
TTAATCCGTCTAGTGT-1	1.1074522	0.019696383	0.0128843365	0.016113581	0.0194555	0.0	0.0	0.0
TTTAGTCAGCAGATAT-1	0.8886686	0.06318211	0.10153157	0.08316901	0.0	0.022617554	0.0	0.0
GAAGTAATCACGAACT-1	0.89644426	0.0058623655	0.0	0.10160706	0.006863271	0.0	0.0	0.0
GACCCAGTCAACTGGT-1	0.75829124	0.022736639	0.0	0.01179628	0.033991035	0.0	0.031496093	0.0
GGGTTATAGGGATGTC-1	1.2372025	0.0	0.09319604	0.0	0.0	0.0	0.046635028	0.0
TCCTTCTGTCAGTCTA-1	1.4588207	0.0	0.0	0.0	0.0	0.0	0.0	0.0
TTCCACGGTCCTACAA-1	0.66533154	0.0	0.0336836	0.0	0.0	0.0	0.0	0.0
GGGCTACTCTATCCAT-1	0.6210678	0.0	0.0110655865	0.0	0.0	0.0	0.0	0.0
CAATGACCAGGCATTT-1	0.6421874	0.02031657	0.0	0.0	0.06696431	0.0	0.0	0.18847887
GAAGCCCTCGGCTGAC-1	0.6603484	0.036180392	0.0	0.0026364191	0.0	0.0	0.0	0.004280471
ATTGGGTCACGACCTG-1	0.7254635	0.019673727	0.0	0.012049531	0.011930541	0.004246249	0.021420734	0.0065904194
TACGGGCCATATCTCT-1	0.9765709	0.005553944	0.024372302	0.011040319	0.011651279	0.0	0.0	0.007917882
TCCCAGTTCATTATCC-1	0.69034225	0.017102981	0.033132244	0.0	0.003897813	0.0	0.0	0.003366276
GACCCAGTCGCTTGCT-1	0.7517662	0.018565407	0.049092993	0.012506113	0.05029288	0.0	0.028562393	0.0
AGTGCCGTCTCGCTTG-1	1.3402067	0.0	0.0	0.10258051	0.0	0.0	0.0	0.0
AATAGAGCATGTGCCG-1	0.90292686	0.0	0.0	0.0	0.008118422	0.0	0.0	0.00019449067
ATAGAGAGTTTCCCAC-1	1.3684748	0.06955927	0.0	0.0	0.0	0.0049056727	0.0	0.0
CATAGACGTGAAAGTT-1	1.2772368	0.063848116	0.0964783	0.023046039	0.0	0.0	0.0	0.0
CCACACTTCGCTACAA-1	0.6954952	0.04133905	0.027498478	0.03287813	0.0	0.0	0.0	0.0
CTCAGTCTCAGACATC-1	0.97754824	0.001939752	0.032408275	0.013125675	0.0	0.0	0.0	0.0
GGGATCCCAGACATCT-1	0.9106388	0.06882366	0.0	0.038377628	0.0	0.0	0.0	0.0044866423
GTCCTCACACGACGAA-1	0.71786547	0.060687907	0.046147425	0.0	0.0	0.0	0.05781863	0.0
AGGTTACCACATTCTT-1	0.6346377	0.0	0.0114792455	0.014404587	0.0	0.0	0.0	0.006046266
GAGAGGTGTACCTGTA-1	0.6679362	0.18296397	0.0	0.037043348	0.022490589	0.043442957	0.05716025	0.07048391
CACCAAACAAACGGCA-1	0.83446026	0.0	0.0	0.08729547	0.14756493	0.0	0.1345742	0.12521571
CCTTGTGAGTCACAGG-1	0.9038887	0.19739488	0.06309251	0.018915446	0.0	0.0	0.027783038	0.0
AACCACAGTCATCTAG-1	1.1180223	0.06675734	0.0	0.01737734	0.011544039	0.0	0.03544931	0.006637084
AATTCCTAGACGCTCC-1	0.7113245	0.061713375	0.09189742	0.019428624	0.0	0.018428149	0.05486874	0.06899848
AGCCAATCAACTGCCG-1	1.5433968	0.0	0.0	0.0	0.044225108	0.018288335	0.0	0.0
AGGCTGCGTTCTTCAT-1	1.0862951	0.08979403	0.09929156	0.0013340563	0.01078182	0.0	0.046057202	0.00047263375
CCTCACAGTCATATGC-1	1.0446069	0.03546762	0.05463094	0.0	0.0	0.0	0.03826802	0.009052738
CGTGATAGTACAGAGC-1	0.92340016	0.21802282	0.12860005	0.03395914	0.003665123	0.043178394	0.0062119667	0.0
CTGTGAAAGTCCTGTA-1	1.162742	0.0	0.0	0.056330334	0.02615945	0.023435999	0.010837608	0.010588044
CTTCGGTCATAGTCAC-1	1.0172683	0.016315201	0.04732768	0.0	0.03809522	0.0	0.020863775	0.0
GATCAGTTCTGCACCT-1	0.7627676	0.07440277	0.0	0.0	0.03208133	0.0	0.0	0.028264234
GTTAGACGTTGCATCA-1	0.7071655	0.007888693	0.05295547	0.029200679	0.0	0.0	0.0	0.0
TCAATCTGTCGCATGC-1	0.798763	0.0	0.0	0.022116186	0.0	0.0	0.008580825	0.0
TCACACCTCGAACGCC-1	0.8724499	0.04308051	0.025075452	0.01465347	0.016111173	0.0	0.06440689	0.0
TCTACCGCACAATTCG-1	1.2054712	0.007580053	0.0	0.0	0.020695737	0.0	0.015825672	0.0
TTTAGTCCAGCGAACA-1	1.07351	0.0	0.0	0.01889489	0.0	0.0	0.0	0.031004023
ATCTTCATCGATACTG-1	1.2629923	0.06522628	0.0070614344	0.0	0.0	0.005848193	0.01259469	0.022211317
AACACACAGAGTCGAC-1	0.78491664	0.08783745	0.07257973	0.0	0.0	0.022317728	0.22943139	0.00014216051
TAATCTCAGGTAGACC-1	1.0234679	0.09092557	0.0	0.0	0.12336408	0.0	0.0	0.0
TCGAACAAGCTCGTGC-1	1.1402578	0.094727546	0.0	0.031008262	0.017667947	0.002709061	0.0013503256	0.0
ACCCTTGTCGGAGATG-1	1.0091821	0.0	0.0	0.0	0.0	0.0	0.0	0.0
GATCACAGTTTGATCG-1	0.6110964	0.033856004	0.0	0.0	0.0051674233	0.0	0.0	0.0
TTCTCTCGTACAAACA-1	0.49143484	0.028407803	0.01187084	0.0353632	0.034086697	0.00744866	0.0	0.0
CCATCACGTCTTACTT-1	0.53374153	0.0	0.0002840848	0.0	0.004833764	0.0	0.0	0.0
AGAGAGCGTACATACC-1	1.0825663	0.036397528	0.020828543	0.0	0.04493067	0.026964918	0.023433309	0.0
CCTCTAGAGTGCCAGA-1	0.0894691	0.9211996	0.039997034	0.01121622	0.0	0.0	0.060091026	0.0
TGCAGGCAGACGCCAA-1	0.0	1.6216071	0.0	0.0	0.0	0.0	0.0	0.0
AACTTCTGTAGTCTGT-1	0.21887206	0.59426	0.04541143	0.0149730295	0.0	0.0	0.0	0.0
AATCACGTCTCCCAAC-1	0.08091147	0.9601552	0.0	0.0	0.053594656	0.0	0.04862672	0.0
ACACAGTTCTGTAACG-1	0.0	1.2256854	0.0	0.0	0.0	0.044001307	0.05514479	0.0
ACACGCGTCCTCACTG-1	0.0	1.023404	0.0072354227	0.0	0.053702146	0.0	0.0	0.0
AGAAGTAAGATGATTG-1	0.07658209	0.8275968	0.0	0.04814427	0.006989026	0.0	0.00076603045	0.050852202
ATCCGTCTCTGAACGT-1	0.057581577	0.68092775	0.044711594	0.012561653	0.0030733878	0.0	0.0	0.0
CACAGATCATTATGCG-1	0.21308726	0.8846935	0.033959117	0.0	0.0	0.0	0.0	0.0006332615
CACTTCGCACACAGAG-1	0.09436995	1.1005392	0.00393103	0.0	0.0	0.0	0.02327156	0.0
CAGATTGCACTGTCCT-1	0.42594153	0.4421637	0.028635431	0.03487996	0.06418737	0.00018413193	0.0	0.0004149944
CATACAGGTGGCTACC-1	0.20111279	0.47745913	0.058741	0.014787834	0.0	0.00035142942	0.0	0.05283072
CATTCTACATGACCCG-1	0.059832383	0.85745525	0.0	0.061434988	0.0	0.0	0.00633637	0.0
CCCTTAGGTCATGACT-1	0.12644693	0.70400167	0.06837078	0.017757636	0.08668596	0.0	0.0025823016	0.0
CCGAACGAGTGTTGAA-1	0.22800039	1.0463904	0.080821015	0.0	0.0	0.0	0.0	0.0
CCGTGAGAGGGTCAAC-1	0.27357545	0.7647627	0.0	0.0	0.0	0.0	0.005436744	0.0
CGGAGAAGTGTAGGAC-1	0.2134917	0.98495555	0.0530619	0.0	0.0	0.0	0.0	0.03176794
CGGGTCAGTTCAATCG-1	0.02826972	0.8851067	0.0	0.0	0.0	0.0	0.0	0.041287385
CTGTGAACAAGGAGTC-1	0.3487164	0.7102749	0.031099139	0.0	0.0	0.0	0.0	0.0
CTTGATTTCGGATAAA-1	0.0	0.7434011	0.0	0.018666046	0.0	0.058307976	0.05984241	0.0
GCGATCGTCTCTTCAA-1	0.14677335	1.0722876	0.0	0.0	0.0	0.010431198	0.03250261	0.0
GCGTGCAGTTCCGCAG-1	0.0866504	0.91125643	0.0	0.0	0.0	0.0	0.044371586	0.02447445
GGCACGTCAGTTGCGC-1	0.03762741	1.0873826	0.02182526	0.0	0.0	0.0	0.008321942	0.0
GGTTAACTCACGATCA-1	0.26758504	0.7082814	0.010117359	0.07131296	0.0	0.0	0.0	0.0077856113
GTATTGGTCGTCACCT-1	0.14118434	0.41284156	0.33467424	0.039156638	0.0	0.0	0.0	0.016360998
GTGTGATGTTCTCAGA-1	0.14345886	0.79261565	0.0046377513	0.045785714	0.0132388985	0.008446258	0.053135823	0.0
TATCGCCCAGAAACCG-1	0.4554919	0.78000873	0.028015353	0.007748135	0.0	0.0	0.0	0.0
TCATCATGTGGTCTAT-1	0.0	1.1829182	0.0	0.0	0.018692423	0.018295733	0.0	0.018091371
TCCATGCGTACTGAGG-1	0.12081406	1.0414299	0.024940992	0.04329421	0.0	0.0	0.0	0.0
TCCTCGACATCTGGGC-1	0.44789338	0.57798475	0.14122075	0.016227888	0.0	0.0	0.0	0.008720358
TCGAAGTAGCGTTCCG-1	0.20758308	0.9611227	0.0	0.0	0.0	0.0	0.0	0.00015381092
TCTATCACAATAGGGC-1	0.14784874	0.71465445	0.023371574	0.031745356	0.0	0.0	0.027814409	0.0
TGGCGTGAGAGATCGC-1	0.23312522	0.64435315	0.058830183	0.010773072	0.0	0.0	0.0	0.0
TGGTTAGTCGTCGACG-1	0.09587676	0.80806905	0.060038127	0.004429939	0.0	0.011855498	0.0	0.0
TGTTCCGGTTCCCACT-1	0.12266718	0.9350055	0.0	0.022279514	0.0	0.0	0.0	0.0
TCGGGTGGTGGCCCAT-1	0.25633937	0.81500685	0.0	0.028234703	0.0	0.0	0.00025643635	0.013094352
AGCGCCAAGGTGAGAA-1	0.0804246	0.72075534	0.0017934756	0.036703363	0.064549096	0.0	0.0	0.01605553
TACGCTCTCAAGAAAC-1	0.17261642	0.8614401	0.0	0.043302286	0.0	0.0	0.0	0.0037466078
GAGTTGTCACTAGAGG-1	0.34029433	0.68711144	0.076222464	0.034844216	0.0	0.0	0.053096086	0.007840826
TGAATGCGTTTCGTAG-1	0.630314	0.40791115	0.0	0.016552346	0.010896346	0.08446616	0.13378987	0.0
TAAGCGTGTTCTCAGA-1	0.0	1.1568179	0.0	0.0066633727	0.03625629	0.0	0.0	0.0
TGCAGGCTCACATCAG-1	0.2491689	0.6089486	0.0	0.0	0.026028983	0.0	0.029079026	0.0
TAAGTCGAGATACATG-1	0.0	1.2436152	0.14229098	0.002109555	0.0	0.0	0.020548848	0.0
AACAAGACACCAATTG-1	0.0	1.0103482	0.0	0.06498473	0.0046723764	0.0	0.0	0.008501943
AATAGAGAGGGAGGAC-1	0.0	0.9721178	0.0	0.0	0.0	0.0	0.0	0.0
AATGGAACACGTATAC-1	0.0	1.0906589	0.0	0.016079009	0.0	0.03167489	0.0	0.0
AGAGAGCGTGATACTC-1	0.0	1.155047	0.005520726	0.01586093	0.0	0.02850586	0.0	0.0
ATTCCTAGTCCACATA-1	0.0	1.007355	0.0	0.0057236105	0.0	0.0	0.0254523	0.0
CAATCGACAGGCAATG-1	0.13523892	1.0566579	0.0	0.006391116	0.12847158	0.09728777	0.0	0.0
CCTACGTTCTTTCTAG-1	0.07003165	0.7997992	0.0	0.06184633	0.1683146	0.014815058	0.037618216	0.0
CCTCACAAGATAACAC-1	0.0	0.8944214	0.069443494	0.099404186	0.0573586	0.0	0.035388667	0.0
CCTTGTGTCAAATGAG-1	0.0	1.1256407	0.0	0.0	0.01123799	0.0	0.0	0.0
CCTTTGGGTCCGTTTC-1	0.11355484	0.91413	0.03997485	0.0	0.0024399376	0.0	0.0	0.0067154565
CTCCGATGTGATACTC-1	0.22961299	0.6316331	0.0	0.0	0.20394814	0.0	0.0	0.020983523
CTGAATGCAGGATGAC-1	0.2342495	1.1484381	0.0	0.0	0.0	0.0	0.0005013717	0.0
CTGCAGGAGGAGTCTG-1	0.35178578	0.8637652	0.0	0.0	0.08837104	0.017265536	0.018444628	0.009209025
CTGCGAGAGACCAACG-1	0.053995043	0.6496454	0.07388655	0.027630728	0.00012518586	0.0	0.046296302	0.0077591822
GATCGTAAGGTCATTC-1	0.33689922	0.9797986	0.05504396	0.0	0.0	0.0949033	0.044996455	0.045558676
GTGTAACAGTCCGCGT-1	0.0	0.9506892	0.10589966	0.0	0.10389276	0.0	0.0	0.0
TAAGCCAGTTTGTGGT-1	0.09021644	0.8465163	0.0031145148	0.0	0.024236202	0.018629292	0.00880648	0.070986204
TACCGAAAGCCGGATA-1	0.47018868	0.37864333	0.14001387	0.09706424	0.06294507	0.0	0.0062087676	0.0
TCGATTTTCTCGTCAC-1	0.06927298	0.5453033	0.035174083	0.102717586	0.033457432	0.0	0.010285557	0.0
TGGGAGAGTTGTGGCC-1	0.17421044	0.8195137	0.0	0.07203817	0.0	0.0	0.07504449	0.0
TGGTAGTCAACACAGG-1	0.22714913	0.8615798	0.038680594	0.10872251	0.040685505	0.0	0.034603372	0.0
TTACCATTCCTATGGA-1	0.019084472	0.9674683	0.006789546	0.0	0.0	0.0	0.0	0.0
TTTACTGAGGCCCGTT-1	0.27977931	0.5774145	0.027288692	0.05106844	0.18067938	0.018706188	0.0	0.02061736
TGGATGTGTGACGCCT-1	0.008154403	1.0291839	0.0	0.0	0.034105457	0.011690597	0.0010848127	0.0
CACTGGGGTATCGTGT-1	0.0	1.5530466	0.0	0.0	0.0	0.0	0.0	0.0
GAAGCGAAGGGAGGAC-1	0.0	0.9977441	0.011846195	0.040773235	0.033141274	0.016420275	0.012544099	0.009324724
GTAGATCTCGCCTAGG-1	0.0	0.9878884	0.0	0.0	0.0	0.0	0.0	0.025700215
GTCTAGATCATGCCGG-1	0.0	1.2479472	0.0	0.043548144	0.006918886	0.0	0.0	0.12369775
TGCAGATTCACCCATC-1	0.0	1.2405072	0.0	0.0	0.0	0.0	0.0	0.0
TTACAGGAGAACGTGC-1	0.0	0.9108389	0.005296826	0.0	0.0	0.01390643	0.09976736	0.017242668
ACAGCCGTCATTCGGA-1	0.16366597	0.79822737	0.12293318	0.019239713	0.012679023	0.03204136	0.009975014	0.022484403
CAGCAATGTGTCCAAT-1	0.018556898	1.0407255	0.00047817337	0.0028201975	0.061116178	0.0	0.0	0.0003631025
TGTGAGTAGTACCATC-1	0.014696219	0.8701392	0.0	0.054839116	0.03654144	0.0	0.048923735	0.0
TTCCAATTCCGAGGCT-1	0.25769368	0.97156036	0.09863934	0.025885047	0.03560138	0.0	0.0	0.0
CTCAGGGCACACCGCA-1	0.20835339	0.5728803	0.06825612	0.00724326	0.0	0.00030778747	0.0	0.0
TCAGTGACACCCAAGC-1	0.26492605	0.51721877	0.042063717	0.025747312	0.0076970533	0.0	0.013667942	0.028214138
CTTAGGAAGACATAGT-2	1.328245	0.0	0.0	0.002322435	0.007508914	0.0	0.0	0.0
CTCATGCCAAGTCATC-2	0.0	0.0	0.9696591	0.03379184	0.096000694	0.0	0.0	0.0
TCGGGCAGTACGGCAA-2	0.08697184	0.022953767	0.09618646	0.6441161	0.0	0.019006155	0.0	0.028116237
CGGGCATGTTCCGGTG-2	0.10715086	0.034861438	0.35961953	0.022943953	0.53108644	0.0	0.0	0.0094444305
TCCTCGAGTAGTGCGA-2	0.7828963	0.041954402	0.011050699	0.0	0.0033989456	0.0	0.0	0.00915219
CCTCCAAGTACGGTTT-2	0.5952034	0.0	0.037972692	0.005785161	0.0	0.0013764336	0.0	0.0
AAAGAACTCCCTCATG-2	0.0	0.002102067	0.88551503	0.004017108	0.100091055	0.04472753	0.0	0.0043092724
TCCTCGACACACGCCA-2	0.07201758	0.0578388	0.7812729	0.027981116	0.067204595	0.011833811	0.0	0.085989505
CCTACGTTCTCGTTTA-2	0.6621474	0.0075035044	0.0	0.0	0.0	0.0036642184	0.0	0.0
TTAGTCTTCTATACTC-2	0.8948904	0.03843427	0.069506265	0.0	0.0	0.0	0.0	0.0
TTGGATGTCATGAAAG-2	0.0	0.015653303	0.8132468	0.0	0.3180034	0.03997948	0.0	0.0
GAAATGAGTTCACCGG-2	0.0	0.008097786	0.44574755	0.0	0.5972528	0.013107441	0.014453633	0.045319006
CGTGAATGTGCCGAAA-2	0.0	0.054576404	0.059564285	0.0	0.87252074	0.02754171	0.06162427	0.0
CCAAGCGGTCGGCACT-2	0.03445966	0.053080846	0.0	1.0267979	0.0	0.025541194	0.0026162402	0.0
TTCCTAAAGTACAGCG-2	0.0	0.021401985	0.31092852	0.0	0.64491093	0.029127542	0.006308063	0.0072396533
GAAGAATCATGTCTAG-2	0.8050374	0.025268316	0.0	0.0029212462	0.0	0.0021657902	0.0	0.0
GCATGATAGATAGGGA-2	1.0233295	0.058395796	0.03568311	0.0	0.0	0.011725822	0.0	0.0
TGGAGGAAGCTGCCAC-2	0.99681693	0.0119813625	0.0050423765	0.0010511742	0.0	0.0	0.0	0.020689445
GTAAGTCTCCCATTCG-2	0.97481924	0.021180782	0.031858146	0.012845212	0.0	0.0	0.0059513045	0.011486292
AGTACCAAGAAAGCGA-2	0.90264726	0.0	0.01628008	0.0	0.0	0.0	0.023532595	0.0
ATACCTTCACGGTCTG-2	1.0800656	0.0	0.01121687	0.016765721	0.0051472723	0.0	0.019353848	0.0
TTTACGTAGTCGTCTA-2	0.96302396	0.0	0.015342685	0.0036722713	0.0	0.0009024934	0.0	0.0
CAACCTCAGAAACACT-2	0.9971347	0.15519486	0.056545477	0.019747645	0.0	0.0012046628	0.021733018	0.0
GATTCTTCACAAATGA-2	0.9985165	0.019409766	0.0	0.012401955	0.0	0.0	0.00042135938	0.0
TGACGCGAGCCTATCA-2	1.4410188	0.0	0.012250604	0.0	0.011447993	0.0044024615	0.27376962	0.016934171
TTGATGGTCACCCTGT-2	0.94528997	0.04818011	0.045292232	0.0	0.0	0.0028802105	0.0	0.0
GACTCAACAAAGGGCT-2	1.1132156	0.0	0.0	0.013957458	0.0	0.0	0.009964324	0.0
ATCCATTGTCGCATTA-2	0.7134088	0.041209605	0.0076056197	0.008563106	0.0029618123	0.0056828214	0.0	0.0
TGGATGTAGGGTCTTT-2	0.0	0.023392497	0.0062837084	1.1357642	0.0	0.048027996	0.0	0.06429616
CTGCTCACAGCGGATA-2	0.0	0.0	0.0	0.0	0.0	0.0	1.3378543	0.0
ACTTCGCAGTACAGCG-2	0.9193032	0.02946382	0.046056714	0.022129629	0.0	0.00020122212	0.0	0.009880422
GTCAAGTAGAGGCGGA-2	0.0	0.008979644	0.035155136	1.043755	0.0	0.0	0.017907448	0.077946074
CCTCAACTCACCATGA-2	0.0	0.0	0.0026635923	1.1555057	0.0	0.006983371	0.0061081047	0.04992316
TTGTGGACAATGAACA-2	0.26858327	0.039693914	0.652127	0.020126345	0.0515685	0.023250232	0.0	0.0
ATCACGACAGAGTTCT-2	0.0	0.0	0.5021614	0.03724471	0.6455559	0.06224995	0.0031414952	0.0
CAACGATTCGGCTGAC-2	1.2701839	0.0011111693	0.04348869	0.014548733	0.0	0.020459961	0.0	0.0
GACCAATAGCTCTTCC-2	0.69615775	0.0030175974	0.01171809	0.009238753	0.02127914	0.0	0.0024319717	0.0
AATGGCTAGTTGTCAC-2	0.7337933	0.0	0.021579958	0.008759067	0.0	0.0	0.0	0.0
TAGAGTCTCGCTTGAA-2	0.0	0.0	0.65226215	0.056202974	0.23940472	0.06471881	0.0020005817	0.009949112
TTTCGATTCTGAACGT-2	0.15864623	0.024303176	0.72217673	0.038473416	0.0	0.036918495	0.0	0.002113717
GAGTCATTCCGACGGT-2	0.0835558	0.0	0.91529435	0.03425881	0.0	0.05546613	0.004105085	0.0027571116
GTCATCCAGGTAAGAG-2	1.1425736	0.027568877	0.024109075	0.00874745	0.0037926668	0.010903945	0.0	0.0
ATTACCTGTAACACGG-2	0.69129664	0.014102324	0.023043986	0.0	0.013525725	0.0	0.0015442662	0.0
TTCTGTAAGCACGATG-2	0.0	0.0	1.1552336	0.016398206	0.08327578	0.029189538	0.0041091745	0.0
AAGTCGTGTGTAGCAG-2	0.037011594	0.0	0.0	0.0	0.0	0.000185407	0.0063489657	0.04797523
GTTACAGGTACCCACG-2	0.0	0.7863314	6.98488e-05	0.0	0.015636863	0.015439767	0.0	0.021776807
GCTACAAGTAATGCTC-2	0.0	0.0	0.0	1.2359955	0.04537237	0.0	0.0	0.015344655
TCAAGACTCATACAGC-2	1.1511989	0.0	0.0	0.0	0.0	0.0	0.003305893	0.0
TTCAATCTCTGCCTCA-2	1.2159086	0.0	0.0	0.0	0.0016117267	0.0	0.06296048	0.0
GCATCTCAGTTCATGC-2	1.105242	0.0	0.0	0.011401129	0.0	0.0046479823	0.0	0.0
ATGTCTTGTGTAGTGG-2	0.9808322	0.0	0.0	0.0	0.0	0.0	0.05716271	0.0
CGGGACTGTTAAGCAA-2	0.0	0.054474726	0.0	0.0	0.25211522	0.50186485	0.100599706	0.41676575
GTAACCAAGTGCCGAA-2	0.0	0.0	0.034718934	0.0	1.0689399	0.06457361	0.012031751	0.0
CGTCCATGTTAGTCGT-2	0.87106043	0.025492618	0.04787709	0.0024858478	0.0	0.0	0.0	0.0
GTTAGTGTCAGTCATG-2	1.0238321	0.0	0.03205205	0.005741528	0.008126786	0.011491867	0.03187096	0.006045128
TCATTGTAGAATAACC-2	0.5133381	0.0	0.0011789175	0.0036976333	0.007920861	0.0	0.018699942	0.0
CAGCCAGAGTACCCTA-2	0.7584956	0.0	0.0196285	0.0	0.0	0.0	0.010070117	0.0
GAACACTAGCTTAAGA-2	0.0594153	0.025735937	0.22054288	0.0	0.0	0.41657132	0.0	0.2653528
GATAGAAAGATGCTGG-2	0.0	0.0	1.1464849	5.6802357e-05	0.15602161	0.033043597	0.0	0.0
TCGACGGCAAGAAACT-2	0.0	0.0	1.1559726	0.0	0.2347365	0.006273085	0.021799684	0.0
CGTCAAAGTCCCTGTT-2	0.06914689	0.0	0.0069336765	0.53440845	0.0	0.0	0.0	0.8908881
TCCTTTCCATCGTGGC-2	0.88500416	0.06152774	0.06737165	0.0	0.0	0.0	0.0	0.0
ATAGACCAGTGCTAGG-2	0.83792055	0.002082719	0.008111668	0.004175723	0.0	0.0	0.0	0.0
TTAGTCTAGTCTCCTC-2	0.55603033	0.0	0.019757872	0.00045083344	0.014513309	0.0029495342	0.0024276923	0.00019820053
AGGACTTCAGTAGATA-2	0.10076328	0.014430382	0.679868	0.016647225	0.13578264	0.0	0.0	0.0
GTGTGATCACCACATA-2	0.241002	0.021024518	0.4631945	0.021765988	0.4221397	0.01664333	0.0	0.017459253
AGATCCAAGGTTCTAC-2	0.89979315	0.0	0.009632093	0.022012446	0.0	0.0032887713	0.022492161	0.00051706843
TCGTCCAGTTGCTAGT-2	0.8829217	0.03744356	0.0	0.0	0.0	0.0032897252	0.0	0.0
GTTAGTGGTATGGAAT-2	0.0	0.030577524	0.024443377	1.2894099	0.0	0.05396372	0.0	0.1688254
TGCATCCCAAGCAGGT-2	0.03310751	0.034025166	1.0910348	0.0	0.0	0.04214084	0.0	0.0446149
TTGGGTATCGGTGTAT-2	1.0706518	0.009146788	0.049927283	0.009090617	0.0	0.0016154695	0.0	0.0
AAGCGTTCACAGCTGC-2	0.8410298	0.0	0.033463746	0.0	0.0	0.005304074	0.0	0.0
AGTCTCCTCGGCTTCT-2	1.1572906	0.0	0.0	0.0	0.0	0.013014345	0.0	0.011323008
CCGATGGAGCCAAGCA-2	0.05030603	0.006265289	0.84571284	0.0	0.25294256	0.0	0.0017775728	0.0
CAGTGCGCAGGTTCCG-2	0.09184067	0.0	0.0	0.0	0.0	0.009944335	0.00814713	0.04154484
TAACTTCTCTTCTAAC-2	0.83643943	0.021605691	0.0	0.0	0.009139903	0.0	0.03522871	0.0016612562
CCCATTGCAAAGCTAA-2	0.086868905	0.038041547	0.011839152	0.80996156	0.0	0.0	0.0058565233	0.12548065
AGGATCTCACCGTGCA-2	0.0	0.02024791	0.17537083	0.022282721	0.75166345	0.012529139	0.012390371	0.012069359
TCAGCAATCAACACGT-2	0.70638037	0.026434237	0.010730863	0.0	0.0010606238	0.0	0.004957509	0.0026104841
GCAGTTACAGAACTCT-2	1.010216	0.017883824	0.061085768	0.0036659352	0.0	0.006673893	0.0017208253	0.0
GGCTGTGGTTCTCTCG-2	0.6558539	0.0053936774	0.031435736	0.0	0.0	0.0	0.012884971	0.0
CAACAGTTCCTTATAC-2	0.0	0.0	0.0	1.1928215	0.32335034	0.0	0.16398983	0.0
CGATGCGGTACGTACT-2	1.2107782	0.012792884	0.0013579064	0.025099935	0.0059451857	0.041288055	0.0018334403	0.0
TAAGTCGGTTGGGTAG-2	1.1438744	0.020998862	0.016687319	0.0067614918	0.0	0.0054673445	0.0	0.0094933715
TGACTCCGTTGACGGA-2	0.0	0.01292156	0.0	3.8706614e-05	0.05048962	0.98444784	0.0013959212	0.0
TGGATGTGTCCTCCAT-2	1.2766095	0.04456313	0.048770048	0.0010652544	0.0	0.0	0.008333299	0.0
GCAACCGCAGGCTATT-2	1.1137735	0.048258636	0.038323246	0.0	0.0	0.0103114955	0.08978329	0.00790305
TCCCAGTCATTCCTCG-2	1.0059183	0.03421869	0.06298588	0.0048856717	0.0	0.0002478964	0.0	0.0
GGTTAACGTTAGAAAC-2	0.7191048	0.005859497	0.0023811632	0.0	0.00204715	0.0	0.0	0.0064528026
CCCGAAGAGCATGTTC-2	0.9624286	0.021160318	0.034323722	0.0021607871	0.0	0.003516696	0.0	0.0
TCTAACTAGTCGGGAT-2	1.154738	0.0046745734	0.034969814	0.005492696	0.0	0.011875012	0.0089195445	0.009888105
AGAAATGCACAGTATC-2	0.57020664	0.14454941	0.041768044	0.019828167	0.007073537	0.0	0.01818936	0.0
CATTTCATCACCGCTT-2	0.83919066	0.022294313	0.022289336	0.03003242	0.0	0.0	0.0	0.0
CTTCCTTGTGTCCGTG-2	0.8137725	0.046802048	0.037636448	0.0	0.004175558	0.00041006354	0.01314544	0.0
AGCCACGGTTGCAAGG-2	0.10529727	0.0	0.0	0.0	0.0	0.005402669	0.0037940748	0.059206825
AGATCGTCAGGGACTA-2	0.124900706	0.09778182	0.815655	0.0	0.08450618	0.042351853	0.0	0.046073362
CATGCGGGTACGACAG-2	1.0380125	0.018590119	0.016952232	0.020996956	0.0	0.001039271	0.0025992608	0.0
CATGCGGCAAATGAGT-2	0.02914551	0.02225112	0.7225348	0.0	0.27487147	0.0	0.011830097	0.013149993
GAGGCAAAGAGTTGTA-2	1.1150346	0.045875803	0.01966186	0.012597777	0.0	0.0	0.0	0.0
AAGAACAAGGTAGCCA-2	0.0010956399	0.059253115	0.80954504	0.0	0.109023534	0.0754867	0.0	0.1803125
AACAACCGTACTCGCG-2	0.0	0.0	0.0	1.0899962	0.0073732925	0.0	0.0	0.0
TCATTCAGTAGACACG-2	0.69489217	0.011576572	0.023878321	0.005410419	0.0	0.0	0.0	0.0
CATCCGTTCTTCACAT-2	1.0038998	0.009173719	0.032722946	0.008660427	0.005722427	0.0063574607	0.018971216	0.0012299559
CAGCCAGTCTGGCTGG-2	1.1317725	0.044254724	0.0	0.013042999	0.004400773	0.0	0.10069205	0.0
CATGGTATCCATACTT-2	0.9647855	0.016073624	0.027577167	0.024034351	0.007915606	0.00042365378	0.0	0.0007768882
TGTGCGGCAATAGGAT-2	1.0600994	0.0	0.0	0.04342851	0.0190712	0.0	0.03880115	0.0
ATATCCTAGGCCTTGC-2	0.0	0.0	0.42300144	0.0	0.7035759	0.0	0.024827821	0.0091533875
AGTCATGCAACTCGTA-2	0.46672666	0.11841592	0.040308144	0.07762629	0.0053862697	0.0	0.02453937	0.010852818
GAGACTTTCGAGTGAG-2	0.057997942	0.028673429	0.47555396	0.01337667	0.42400867	0.06080629	0.007405494	0.0
GCAGGCTGTCAGCTTA-2	0.12739393	0.014446784	0.42576572	0.0050839474	0.44565636	0.0	0.0	0.0
ATCGTAGTCGAACGGA-2	1.1651773	0.0049841213	0.021673601	0.0	0.0	0.0	0.0	0.0
GACACGCGTATACCCA-2	0.65659875	0.03957807	0.030211208	0.0	0.0	0.011121431	0.0	0.0
TCTACCGGTAGGCAAC-2	0.9356225	0.0	0.0	0.005733859	0.0026651127	0.004159664	0.0	0.00077649846
AGAAGTATCTGTGTGA-2	0.84722835	0.018149644	0.02460829	0.017963152	0.0	0.0016940078	0.009996518	0.010527065
CTGGTCTCACAAGCTT-2	0.73893905	0.0038643014	0.0	0.0019668501	0.0	0.006014787	0.0	0.0
AACCATGCAGGTTCCG-2	1.1193808	0.0	0.014236727	0.0	0.0	0.0	0.0	0.0052786623
ATTTCTGGTCCATCTC-2	0.0	0.0086139	0.18679228	0.043525696	0.07791943	0.48963222	0.0	0.39662495
AGGTTACCACGCCACA-2	0.6247478	0.039959684	0.013811754	0.022893628	0.009976416	0.0010070248	0.0011384146	0.011288333
TGGGCTGTCGGAGTAG-2	0.0	1.0331194	0.0	0.013740019	0.048921872	0.01194802	0.049490843	0.0
AGGCATTGTCAAAGCG-2	0.047174852	0.04426076	0.13684757	0.8623376	0.0	0.0	0.01498389	0.18404377
AGAGCAGGTTGGTGTT-2	1.0386947	0.013044893	0.01232564	0.0053060427	0.004696141	0.0	9.136492e-05	0.0
AGACAAAAGACGGATC-2	1.1361592	0.034601554	0.030966878	0.005089831	0.008603274	0.003271246	0.0	0.0
TGATCTTCAGAGGTAC-2	0.9609504	0.0056583155	0.0034398343	0.0	0.0	0.0007757605	0.0	0.0
GTGGGAACACGACAAG-2	0.0435311	0.9039224	0.0	0.0	0.006387606	0.0	0.0	0.0038607176
GTCAAACCAATGAACA-2	0.76868755	0.16977862	0.04268862	0.025423536	0.00010800014	0.0	0.017168343	0.0
GGATGTTAGTTGGAAT-2	0.8988379	0.018112116	0.0	0.056299265	0.0075125312	0.0021552304	0.034321904	0.0
TCCTTTCGTGCCGTAC-2	0.9096605	0.00897988	0.019783048	0.0025850052	0.0	0.0	0.0	0.0
AAGCGAGCATGACGTT-2	0.74207187	0.0	0.036263444	0.00035404274	0.0	0.0	0.0	0.0
TCAAGTGTCGGTCATA-2	0.0	0.0	0.51232094	0.013315528	0.5065071	0.0	0.002780291	0.01708991
CACTGGGAGCTCCGAC-2	0.68187976	0.009956392	0.020473527	0.0	0.0	0.0	0.0	0.0
TCGAACACATGTGACT-2	0.96914	0.024140818	0.0	0.0	0.0	0.0	0.025606662	0.0
AGCTACAGTCGCTGCA-2	0.95806974	0.03398538	0.0053852485	0.0	0.009846491	0.025564713	0.010058302	0.0
TTGGATGGTACTGCCG-2	0.9239405	0.006030229	0.07206724	0.0	0.0	0.00764664	0.0	0.0
CCTCAGTGTACTGAGG-2	0.9668864	0.037152488	0.012201774	0.009313759	0.010829581	0.0	0.025459835	0.010655418
GAAGCGACAAACCATC-2	1.3461429	0.042953566	0.0	0.0242974	0.014176816	0.0060571725	0.070606224	0.0
CTCAGGGTCTAGTACG-2	1.016214	0.022330394	0.0	0.0	0.0066040084	0.0	0.0	0.00420744
CATCCACTCATCCTGC-2	0.9536811	0.06394136	0.0	0.00042514983	0.019274645	0.0	0.061940193	0.0
TCATCCGAGCACTCAT-2	0.13987559	0.0	0.70304334	0.04581405	0.1584944	0.022666428	0.0	0.007564681
CGATGCGAGCTTAAGA-2	0.79267335	0.0	0.0144799845	0.006021814	0.0	0.0	0.0	0.0
CGGGTGTCACCTCTGT-2	0.0	0.008369513	0.8643918	0.001462356	0.0	0.020432713	0.0	0.026264926
CGCGTGAGTTCTCAGA-2	0.7606513	0.019610027	0.02116044	0.0	0.0	0.0	0.0	0.0
TAAGCGTCATGCCATA-2	0.84332144	0.051720075	0.10097099	0.0	0.0	0.0044748746	0.0	0.0
AAGTTCGCACCGTGGT-2	0.9721727	0.019335398	0.024712075	0.014139605	0.0	0.004761025	0.0	0.0
AACCATGCAATCTCTT-2	0.8601013	0.020261377	0.01659286	0.0019056544	0.0	0.0	0.0	0.005830955
CCTCAGTGTTCTTGCC-2	0.8254987	0.01858008	0.031663302	0.005034374	0.0	0.0	0.0	0.0
GACCTTCAGCGATGAC-2	0.0	0.0	0.38900766	0.00514787	0.43330288	0.0	0.0	0.0039539384
AACAACCTCCCGTTGT-2	1.1500928	0.013776587	0.0	0.0008749934	0.0014889884	0.0013610072	0.0	0.008865397
GCGGATCTCCAAGCTA-2	0.89849293	0.00627508	0.03560756	0.0076912795	0.0	0.0	0.048664857	0.0
ACGGGTCAGAGCTGAC-2	0.08571287	0.0	0.0	0.0	0.0	0.0058664833	0.010889564	0.050660394
ATACTTCCACGCCACA-2	1.203175	0.0	0.01889685	0.026366292	0.0	0.0023214102	0.0	0.003511896
ATTACCTGTGAGTTTC-2	0.0	0.0061507113	0.0	0.9999724	0.014853879	0.07283709	0.0033436078	0.023640353
ATTCCATCATGCGGTC-2	0.0	0.0	0.086748235	1.23249	0.0	0.028273141	0.0120224	0.0
GGGACTCCACCTATCC-2	0.9828541	0.0034461468	0.005759693	0.0022110934	0.014927143	0.0011735188	0.0	0.0
TCATGTTTCTTGTGCC-2	1.2022837	0.06529703	0.07477246	0.0	0.0	0.016539404	0.0	0.0
CGTAATGGTAGAGACC-2	0.8395294	0.0	0.013810272	0.0011140325	0.0	0.0	0.31505513	0.0
GCGTGCAGTTGTGCCG-2	0.1010186	0.0	0.0	0.0	0.0	0.013305025	0.0033827845	0.08261051
TCTCTGGAGAGTTGCG-2	0.06165275	0.0	0.0	0.0	0.0	0.0033145535	0.0	0.060474593
TCCTGCATCCTGGGTG-2	0.0	0.0	0.0	1.1247522	0.0	0.0	0.0	0.0
CGTCCATGTTTCGATG-2	1.1273949	0.013767213	0.03554078	0.016240604	0.034393318	0.0	0.05943501	0.0
GGGCTCACAATAGGGC-2	0.033121474	0.019676838	0.18750873	0.032267958	0.5228537	0.03842733	0.0060751135	0.015112603
ACATCCCGTGCATTTG-2	1.0326667	0.0	0.0027448174	0.0	0.014609694	0.0	0.013334949	0.0023736379
TATCGCCCACGACCTG-2	1.0033886	0.026296083	0.0075939572	0.021240463	0.00718407	0.0	0.0	0.0
AAGTGAAAGCTCTATG-2	0.0	0.02112162	0.04748143	0.000126804	0.0	0.95007825	0.0013506656	0.0
CTAGACAAGCTGTTAC-2	0.889748	0.0	0.03566649	0.0	0.006243979	0.013839361	0.5147066	0.0
CCTTGTGTCGGTAGGA-2	0.010799868	0.012005215	0.5293478	0.0	0.0036283187	0.33019552	0.010862962	0.0
TACAGGTAGCAATAGT-2	1.0202976	0.0045806356	0.0	0.0	0.0	0.0	0.0	0.0
AGGGTGATCCTAGCTC-2	0.7301978	0.014799753	0.01690889	0.0	0.0	0.0	0.0	0.0
GTGCTTCGTTCGGCTG-2	0.0	0.0071909926	0.20785977	0.0	0.71268034	0.0	0.006964737	0.025155691
TGGGCTGCAAGTGATA-2	0.9510241	0.08733105	0.008575104	0.00024819482	0.025045907	0.02204785	0.066551685	0.030614967
TGACGCGTCCGATCTC-2	0.0	1.288928	0.0046161967	0.0009937783	0.008607809	0.0027648236	0.0	0.008432265
GAGACCCAGACTCAAA-2	0.17225865	0.040951427	0.096194796	0.7443222	0.0	0.0	0.0018949711	0.09985691
TGCGGCACAAAGACGC-2	0.66497856	0.24513915	0.0011876917	0.05216752	0.027821602	0.030581059	0.039934028	0.011713429
CCACCATGTCGGTAAG-2	0.96676064	0.013982327	0.075806364	0.017888056	0.0	0.0	0.0070663043	0.0
GATGATCTCGCGGACT-2	1.0305318	0.001902142	0.0	0.007790929	0.0	0.0025086044	0.0	0.0
ATAGGCTTCTTGGTCC-2	0.8990661	0.018606	0.018206974	0.0	0.0	0.0	0.0	0.0046015447
TGCAGTACAGTCACGC-2	0.9800409	0.003321783	0.040686145	0.0	0.0	0.0015848373	0.0	0.0
CGTCCATAGGTACATA-2	0.11083026	0.053478323	0.49242175	0.036186628	0.35306364	0.050542545	0.010983996	0.07318505
GTAACCATCCGGACTG-2	0.9292498	0.025198862	0.031365093	0.005106535	0.0	0.0	0.0	0.0
TGCTGAATCAGTAGGG-2	0.064259484	0.016505485	0.44338506	0.53141135	0.07938292	0.007755598	0.016726222	0.01679093
GTGGGAAGTCCTACAA-2	0.62742585	0.017157862	0.04321938	0.005805208	0.0	0.0011167927	0.0	0.0
TCGCTTGTCCATTCGC-2	0.007911626	0.0	0.6893822	0.0	0.22607535	0.0039413697	0.0	0.0
TTATTGCGTCGTTCAA-2	1.18297	0.0	0.00678876	0.02074101	0.0	0.0	0.0	0.0
AGAGCAGTCGTGTTCC-2	1.0935874	0.039971177	0.009850988	0.035137806	0.0	0.01429143	0.00033748394	0.023366569
TTACCATCAAATAGCA-2	0.06533263	0.06625542	0.13249455	0.74589545	0.0	0.0	0.0	0.00898916
ACAGGGATCTCAACGA-2	0.0	0.0	1.1806881	0.0	0.0	0.0	0.0	0.0020681878
GTCATGACATCCGATA-2	1.0356488	0.03669652	0.0072561647	0.0	0.027510637	0.00031517228	0.0	0.0
ACCAACATCGGTCACG-2	1.2499676	0.022691645	0.0	0.0005631729	0.024488917	0.0045160577	0.032144032	0.0
CGTGAATTCATGCATG-2	0.96433413	0.033737276	0.016647892	0.03950198	0.0020050146	0.008747509	0.024872622	0.0
TGTGAGTGTGTAACGG-2	1.1332469	0.019135753	0.013260489	0.010811373	0.030242475	0.018304294	0.03363058	0.0
TATTGGGAGACCAAAT-2	0.7080273	0.08310301	0.06718008	0.0101374015	0.008778463	0.00716208	0.0	0.0
GCGGATCAGTACGAGC-2	0.9793206	0.043607	0.042413928	0.002256013	0.0	0.0037919504	0.0	0.0
AATGACCCAGACGGAT-2	0.8461449	0.03373808	0.039496146	0.0091411965	0.0	0.016468912	0.0	0.0
TTCAATCTCGCTCCTA-2	0.06774165	0.0	0.0	0.0	0.0	0.01541161	0.0024169802	0.05409132
TTCCACGAGATTGACA-2	0.95566094	0.010008804	0.03445076	0.0	0.0	0.0068375133	0.0	0.0027515523
GGTGATTCAGAGTAAT-2	0.89268917	0.0	0.057016157	0.02429639	0.0	0.0072008176	0.0	0.0028250315
GTTTACTTCCACTGGG-2	0.9994505	0.031716943	0.038108498	0.021827979	0.0	0.012478064	0.0	0.0
TAGCACAAGCCTCAGC-2	0.8318189	0.02975204	0.03230017	0.0	0.0	0.0070306296	0.0	0.0
CATCAAGGTGCCTAAT-2	0.0	0.0	0.7357419	0.0	0.12992342	0.041926924	0.0	0.01625328
TGCAGGCCAGTTACCA-2	0.18504761	0.044843085	0.58054477	0.056288153	0.14555603	0.051162466	0.0028132196	0.0
GCCAACGTCAGCTGAT-2	0.82750434	0.0	0.0125776995	0.0062741814	0.011334076	0.0	0.0	0.0
TCGAACACATAGGCGA-2	0.9934987	0.0313277	0.0006265165	0.013530603	0.0	0.0	0.0	0.00878927
CCTCATGCACCTCTAC-2	0.2020874	0.045707647	0.6852872	0.042499628	0.022972649	0.03386395	0.0	0.029186824
TGCGGCATCGTTGTGA-2	0.9295251	0.0	0.0	0.027981976	0.054992195	0.0	0.102577284	0.0
ATGGATCCACTGCACG-2	0.9853281	0.034345824	0.035587717	0.0	0.003936442	0.0019824149	0.0047969525	0.0
AGAACAATCAGATGCT-2	1.0953732	0.0	0.0	0.0	0.029573498	0.0	0.2070262	0.01044068
ATCGATGCAGGTGAGT-2	0.0	0.061285477	0.26095232	0.0	0.92671067	0.0	0.015329957	0.06167358
CCTCCTCAGTTTAGGA-2	0.04612019	0.0	0.0	0.0	0.0	0.022990717	0.0016896402	0.022821572
TCTGCCAGTCGTACAT-2	1.1585687	0.011754468	0.0	0.014345959	0.0	0.008089588	0.01534827	0.0016349211
TCCCACACAGTTTGGT-2	1.3707585	0.0	0.0	0.0	0.0	0.0	0.04996908	0.0
TTCTAGTTCGCTTGAA-2	0.204573	0.038111504	0.62401754	0.010229984	0.035831455	0.025899338	0.0	0.0
TTCGATTGTCCGTACG-2	0.0	0.0	0.08209173	0.0	0.0	1.1775768	0.0	0.0
TTGTTCAGTATGGAAT-2	0.79537094	0.010856736	0.028854916	0.014335131	0.0	0.0	0.0007864169	0.0
TTCCTTCGTTTCGTGA-2	1.1269689	0.0	0.0	0.011598795	0.0	0.0	0.0	0.0
CATCCACTCTATTTCG-2	0.871146	0.004400046	0.027106911	0.006571767	0.0	0.008983503	0.0082115	0.0008898858
TACATTCTCGGCATTA-2	0.91932815	0.041858703	0.0	0.0	0.0	0.0	0.0011374252	0.0047752294
CACGTGGTCAAGAATG-2	1.0305221	0.0	0.0	0.027598912	0.011888692	0.0	0.010512266	0.0
GTGTTCCGTGTGTCCG-2	0.0	0.0	1.0361339	0.0	0.21486983	0.0	0.0	0.0
TTGTTGTAGAATCGTA-2	0.7576652	0.0	0.024245651	0.004652797	0.00044715204	0.009922907	0.04317135	0.0
TCGATTTGTTACCCAA-2	1.5136697	0.006596868	0.0	0.0	0.0005762704	0.0	0.0	0.0
AGCTTCCAGAGTAACT-2	1.0847213	0.0	0.0005282394	0.0	0.0	0.0059497296	0.050305113	0.0
ACCACAATCGTCAGAT-2	1.1228935	0.0	0.0	0.009219835	0.0	0.0013282809	0.018671894	0.0
GTCACGGGTTTGAAAG-2	0.7670384	0.012426027	0.038603168	0.00447648	0.0	2.7291188e-05	0.0	0.0
TCCACGTCAGGGATAC-2	1.353176	0.0037066075	0.0	0.0193559	0.018718928	0.0	0.012207546	0.0
AGTTCCCAGGATTACA-2	0.7657852	0.026717935	0.0598101	0.015009605	0.0	0.0039415197	0.0	0.0
GTTAGTGGTCTACTGA-2	0.11181621	0.0	0.0	0.0	0.0	0.007477268	0.006087746	0.055305973
AGTCAACCATGGAGAC-2	0.0	0.0691152	0.0	0.93112767	0.05653585	0.022551604	0.008142774	0.007944498
CATCGGGTCCGCGGAT-2	0.0	0.007628634	0.36956456	0.0	0.8783016	0.0	0.0017829307	0.020492531
CTCCGATCATAGGTAA-2	0.76134527	0.0	0.014940753	0.012335818	0.011078393	0.0	0.008007944	0.0
GTAGGTTTCCTACCAC-2	0.98798436	0.037160568	0.018536732	0.03932849	0.0	0.0	0.0	0.0
CCTCACAAGGGTAGCT-2	0.07090175	0.07101628	0.110533275	0.5904556	0.0	0.0	0.0	0.39832
TTTACTGGTAGTGATA-2	0.99601537	0.0015445178	0.015213907	0.019680507	0.012553662	0.0066593597	0.019405134	0.0
ACCTGTCCATGGCACC-2	0.9365389	0.028424593	0.048223913	0.0010625453	0.0	0.005782099	0.0	0.00022374906
GGGTAGACACCAGTTA-2	0.96953887	0.025573978	0.02076695	0.0	0.0	0.0	0.0	0.0
GTCTACCCAGGCGTTC-2	0.06879744	0.04000782	0.8706251	0.016972726	0.077005416	0.0016678835	0.0	0.012710823
CGAATTGAGTAATCCC-2	0.7984493	0.03040287	0.022640772	0.0012197932	0.0	0.007437887	0.0	0.0
GCCTGTTTCACTTATC-2	0.9878766	0.015130141	0.021642193	0.0020481267	0.0	0.0	0.005307738	0.0
CATCGTCAGGGTCAAC-2	0.15912315	0.0	0.84814525	0.018991383	0.0	0.006212674	0.0	0.0
TACGTCCTCAAACGAA-2	0.87105936	0.01681411	0.043729793	0.009105815	0.0	0.0	0.0	0.0
GGGTCACCAAGAGGCT-2	1.3934171	0.0	0.010595555	0.0055670617	0.0	0.007728684	0.0	0.0
GGGAAGTGTTTGGGAG-2	0.8861513	0.036041517	0.030461187	0.010816239	0.010109161	0.0	0.0	0.0
GCATTAGAGAGCACTG-2	0.9491652	0.0	0.0	0.0	0.0	0.006339759	0.0	0.0034172453
CTGTACCGTCCTTGTC-2	1.0260268	0.003345815	0.023792127	0.005060065	0.004041566	0.00014227032	0.0	0.0
AGGTTACGTGGCTAGA-2	0.75427896	0.016255762	0.036479793	0.0	0.0	0.00061946316	0.0	0.0028854548
TTGTTCACACATACTG-2	0.69181204	0.11551027	0.037711002	0.028782729	0.0	0.0	0.04046164	0.0
GTGTGGCCAGTATTCG-2	0.023045976	0.059700046	0.029978987	0.73187006	0.0	0.0	0.008885753	0.08634972
CGGGCATTCAGGCGAA-2	0.80249846	0.0	0.019068893	0.010803241	0.0	0.009528973	0.01985705	0.0
GCAGCCACATATCTGG-2	0.78530174	0.0	0.009502443	0.0	0.0011430403	0.008268204	0.019349724	0.0
TTGTGGACAAGTTCGT-2	1.1479337	0.00019338643	0.045276977	0.0	0.0	0.0	0.009460656	0.0
CAACGGCCAAAGACTA-2	0.10350258	0.0076119783	0.008950993	0.91348976	0.0	0.0	0.0	0.12468545
ACTGATGAGTAGAGTT-2	0.838802	0.07771256	0.0	0.009852556	0.0	0.0	0.0072596665	0.0042418293
AGCCACGCACACACGC-2	0.20522837	0.11263338	0.19617772	0.06061342	0.07775222	0.5835957	0.0	0.011677341
ATTTCACAGAGCCATG-2	0.0	0.0	0.0	1.1009196	0.21533342	0.0	0.007794281	0.0
ACGGTCGCACTCACTC-2	0.953288	0.02497874	0.061805915	0.026127769	0.0013496188	0.0	0.0052479072	0.0
GAGAGGTAGGGCAATC-2	1.0683482	0.001935671	0.0042276843	0.04463171	0.0	0.0051917555	0.0	0.0
GGTGTCGTCAAGAGTA-2	0.87168723	0.035895854	0.031103048	0.0	0.0	0.0057318616	0.0	0.0
TCACTATTCCGACATA-2	0.8987171	0.018059837	0.045109868	0.0065291044	0.0	0.020546809	0.011144091	0.004685073
AAGACTCTCGATCCAA-2	0.9248151	0.038618617	0.04637255	0.008057786	0.021033539	0.013523282	0.0	0.0
CATTCTAAGAGCAGCT-2	0.0	0.0	0.22637092	0.0	0.6281926	0.1607414	0.013382945	0.04655066
CGAGAAGCATAGAATG-2	0.11573546	0.06952409	0.35322365	0.0	0.5073985	0.023571292	0.0008913896	0.040132895
TTGTGTTAGATCCCAT-2	0.9967057	0.03402318	0.028526919	0.009565475	0.0	0.0	0.0	0.0
TCTCTGGGTTAGTCGT-2	1.0055833	0.013032149	0.056634683	0.0	0.0	0.015469938	0.0	0.009686256
GTTGAACTCAGCTGTA-2	0.9357909	0.028856408	0.026170107	0.010345834	0.0	0.00066862203	0.0	0.0
CGGTCAGAGTACCGGA-2	0.0	0.021187933	0.29912066	0.0	0.64830124	0.0	0.0	0.0
AGAGAATCACACGTGC-2	0.8967553	0.02631225	0.011643926	0.03543181	0.0	0.0	0.020847695	0.0028735695
GACCCTTTCTTGGTGA-2	0.84214896	0.0	0.032883465	0.0	0.0	0.0019860347	0.0	0.0037613818
AGGTCATTCTAGTTCT-2	0.39299121	0.056249578	0.047704335	0.020859063	0.015538745	0.0011072874	0.011982846	0.0
TTACTGTCACGCGCAT-2	0.83243215	0.0	0.0	0.007233607	0.043808512	0.0	0.016730474	0.004755431
CCGGTGATCCTTCACG-2	0.0	0.0	0.78370655	0.48481455	0.0	0.034925308	0.0	0.00430937
CTACATTTCCGATCTC-2	1.1508386	0.0	0.0	0.0	0.0	0.0	0.0	0.024995059
TGTTCATCACATACGT-2	1.1024262	0.0071753915	0.04493734	0.008761717	0.0	0.0	0.0	0.0026751482
GAAGTAACATCTAGAC-2	0.9466457	0.047989566	0.066823386	0.0	0.0	0.006790055	0.0	0.0
CAACAACCACCTCGTT-2	0.06257677	0.015365372	0.7289106	0.034044378	0.14555754	0.06544392	0.00714067	0.007563856
TGAATGCGTGTTGACT-2	0.82042843	0.0	0.013453488	0.0013518896	0.016981062	0.0	0.0	0.0
AGACTCACAGCTACTA-2	0.8813376	0.026907202	0.010167407	0.00792482	0.0	0.0	0.0	0.0008824874
GAATAGATCGTCAACA-2	1.0277431	0.0	0.0	0.023759808	0.017658662	0.0036325376	0.0055660047	0.0072993217
GAGCTGCCACAGGATG-2	0.068502344	0.03216173	0.102143176	0.777323	0.0	0.0	0.0	0.17848897
TAAGCGTAGATCCTAC-2	0.9167692	0.04363595	0.019424146	0.0017761978	0.0021752995	0.0	0.0	0.00039564402
GTACAACCAACTCGTA-2	0.9339729	0.0035401348	0.04527536	0.00929647	0.0	0.0	0.0	0.0
GTAACACTCCTCACTG-2	0.035058644	0.0	0.0	0.72480696	0.11038885	0.0	0.0	0.0
AACAAAGAGACCCGCT-2	0.9527795	0.010328725	0.0028419136	0.016111894	0.013353837	0.0	0.0	0.015309616
TTCAGGACAGGAGGAG-2	0.79749113	0.041439407	0.05461092	0.0	0.017896943	0.0039030372	0.023273606	0.0
CATAGACTCGTGAGAG-2	0.9130951	0.006559219	0.09328007	0.0	0.0	0.0	0.0	0.0
TTGTTGTTCGTGCACG-2	0.95368123	0.014033946	0.0	0.0	0.0	0.01502011	0.0	0.0009072071
AGGTCATTCCCGTAAA-2	0.0	0.0	0.0	1.4700583	0.026968282	0.0	0.0	0.0
GACGCTGTCCATTTCA-2	0.4241771	0.055642024	0.0009685005	0.022564447	0.010747165	0.0	0.024859058	0.0
CTGTACCCAATACGAA-2	0.09551417	0.01671633	0.8293007	0.06389762	0.06848979	0.0	0.0	0.026886102
CTGAGGCCAGGAGGAG-2	0.1815378	0.060905024	0.2438179	0.02992274	0.23867539	0.11243077	0.0017390857	0.080847226
AATGGCTAGGTAACTA-2	0.9936212	0.0065008863	0.0034134032	0.0	0.0	0.0	5.1717348e-06	0.0
TGCGGCAGTTAGAGTA-2	0.96094245	0.0030051346	0.039357286	0.0044119214	0.0	0.0	0.0	0.0
ATGTCTTCAGCTCCTT-2	0.8779792	0.00023941632	0.0126196435	0.0	0.012435968	0.01081258	0.0069834897	0.0005122394
GAGTGAGCAGTATTCG-2	1.2908127	0.0	0.0	0.010220529	0.00733753	0.0	0.085116684	0.0
TACGGGCCACTCCGGA-2	0.0	0.0	1.211758	0.0	0.0	0.012101822	0.0	0.0
CCTGCATTCCGTACGG-2	0.8710367	0.0	0.036826883	0.0	0.0	0.00017790998	0.0	0.0
ATTGGGTTCCTTACCG-2	0.96231973	0.0	0.033597283	0.0	0.004162433	0.0	0.0	0.0
CGTGCTTAGACCGTTT-2	1.006478	0.012960208	0.023388406	0.023424	0.0	0.0	0.0	0.0
TGGCGTGCATGAGGGT-2	0.0	0.0	0.10966108	0.0	1.0994123	0.0	0.0052384296	0.024197107
GCTGCAGAGGCTATCT-2	0.6343462	0.02678157	0.012511442	0.0	0.0	0.0	0.0017705167	0.0
GAAGCGACAATAGTCC-2	1.0098562	0.0	0.0039208164	0.0	0.0	0.00071454135	0.0	0.0
TTGGGCGAGCCTGGAA-2	0.0	0.0	0.0	0.044396076	1.1409464	0.0	0.0038562198	0.008353838
TGAACGTTCACTGGGC-2	0.8044211	0.07540553	0.022206897	0.0	0.0	0.00013780351	0.0	0.0010490603
CAAGGGATCGGAGATG-2	0.95041883	0.027993128	0.015790679	0.0073572537	0.0081528565	0.0	0.0020196415	0.0004227289
TCTGCCATCTATACTC-2	1.1706029	0.041635282	0.03754283	0.00016492732	0.0	0.016956959	0.0	0.0
CTCAGAAGTAGCGCCT-2	1.2733735	0.0	0.03026833	0.003784236	0.019115394	0.0	0.0	0.010026417
GTTGAACGTCGCATTA-2	0.0	0.0068140826	0.09468684	1.0210134	0.0	0.0	0.0	0.011378831
TCCTCCCAGTCCGTCG-2	0.75998294	0.0	0.03590643	0.013065967	0.0	0.009802736	0.0	0.0
TGGATGTCAAGTTTGC-2	0.9056412	0.010364317	0.023888545	0.0	0.0	0.0	0.0	0.0
GTCTACCGTCCAGCGT-2	0.91629815	0.019073434	0.042817075	0.0032011282	0.0	0.008319612	0.0	0.0
TGTGATGGTCCAGCAC-2	0.123639114	0.0	0.0	0.0	0.0	0.009068896	0.0024927098	0.04466959
GTCCTCATCAAATAGG-2	0.0	0.037147444	0.0	0.015745616	0.0005324534	0.9698421	0.005702784	0.0
AACCACAGTTAAGAAC-2	0.95502687	0.0	0.0035794426	0.00041714657	0.0	0.0	0.0	0.0
GTTCATTTCGCTACGG-2	1.0573997	0.0	0.011674962	0.0	0.0049454714	0.0	0.0017155914	0.0055587995
TTAGGCACATATGGCT-2	0.9879308	0.017653186	0.0016040931	0.0	0.0	7.129236e-05	0.0	0.006655049
TGCTCCACACAAACGG-2	0.8209945	0.0	0.017826825	0.029888663	0.0195339	0.0	0.022724167	0.0
TTTATGCAGAGGCGTT-2	1.0103946	0.041802984	0.0	0.0	0.0	0.0	0.0	0.007763524
AATGCCAGTCAAGGCA-2	0.078147314	0.0	0.0	0.0	0.0	0.0	0.0051231342	0.05076577
AAGTTCGGTTCTATCT-2	0.8363362	0.0	0.02550431	0.011040066	0.0	0.0017359396	0.0	0.0006472626
TCGTAGAGTGTAGGAC-2	0.48673987	0.1333725	0.011594746	0.028488567	0.0077352277	0.0	0.015774928	0.0
TCAAGACTCAGCATTG-2	0.047986057	0.0	0.0	0.8257878	0.08774106	0.0	0.0	0.0
ACATGCACAAAGCTCT-2	0.0	0.0066743214	1.2880354	0.0	0.0	0.044293836	0.0	0.016152065
TGGAGAGCATAGAAAC-2	0.0	0.0	0.03553115	1.4571453	0.0	0.0	0.0	0.0
ATCGGATGTCCAGTTA-2	1.4402859	0.02966863	0.0046508033	0.011481462	0.0	0.0066916156	0.0	0.005865147
ACATTTCAGACTCATC-2	0.21782517	0.034188014	0.5026858	0.021588882	0.24779454	0.039440595	0.0	0.0
TGGATGTCAATACAGA-2	0.07551986	0.0	0.0	0.0	0.0	0.01989917	0.008010563	0.045978136
CAGATACTCATGAGAA-2	0.9454444	0.0	0.05093928	0.0068718903	0.0	0.0	0.0	0.0
CTGGTCTCACATGTTG-2	0.0	0.0	0.9242123	0.0	0.22902502	0.021930782	0.006875764	0.0
TAACTTCAGGATACAT-2	0.9972668	0.0	0.0	0.00090851926	0.0	0.0009683686	0.020402765	0.0
CTCCAACGTTGTCCCT-2	0.9002265	0.023601733	0.024694849	0.0	0.0	0.00959386	0.0	0.0
TGTAAGCCAAAGCGTG-2	0.040743433	0.007922062	0.2443993	0.01770312	0.034772806	0.77096474	0.008197518	0.0
GATCCCTGTGTAGCAG-2	0.85084146	0.15154533	0.0	0.053082004	0.0	0.0025306668	0.034504395	0.0
ATTCAGGTCCATGAGT-2	1.1375966	0.014727913	0.0	0.012659275	0.06274674	0.009535515	0.0	0.0
TAATTCCCACGTAGAG-2	0.85750055	0.004970086	0.0034403813	0.021069262	0.020801809	0.0	0.07090978	0.0040580095
TAGGTACTCGAGTGAG-2	0.0	0.0	1.1424297	0.014767295	0.0	0.0	0.006852874	0.0
GCTTCACAGTATGGAT-2	0.96065927	0.011086269	0.06446503	0.0	0.0	0.004871553	0.0037739882	0.0
GTAGGTTGTCGTTGCG-2	0.0	0.026825093	0.97116035	0.029143954	0.030899527	0.14108382	0.0026303886	0.030826613
GCCAGGTTCTGCTTTA-2	0.8539918	0.07836192	0.0	0.029847223	0.0	0.0	0.018270524	0.0
TGGAACTCAACACACT-2	0.6302192	0.22331446	0.018528456	0.02931125	0.015158828	0.0	0.021458676	0.018712284
TGCCGAGAGGAAGTGA-2	1.0102103	0.079250135	0.0	0.0012757968	0.016460717	0.0021273529	0.0015288455	0.0
GAGTCTAGTTCAAACC-2	1.25505	0.023291016	0.06200456	0.0	0.008567009	0.011693705	0.021546444	0.0
CGAGAAGTCCATTGCC-2	0.8869681	0.012377045	0.009918629	0.0016091284	0.0	0.0	0.0	0.0
TAAGCCAGTACCATAC-2	1.2724086	0.008439878	0.0	0.0	0.0	0.0	0.048617788	0.0
CAACAGTGTCGTATTG-2	0.0	0.0	0.0	1.3312156	0.0	0.0	0.0	0.0
CAGCGTGCATGCCGGT-2	0.0	0.017703678	0.0	0.6845703	0.06630248	0.093481906	0.010534727	0.0
GCAACCGCAAGCGCAA-2	0.8382501	0.016701631	0.028807636	0.0006249082	0.0	0.003094812	0.0	0.0
TCTCTGGAGGCCCAAA-2	1.1856401	0.043138195	0.050740745	0.0	0.0	0.010885788	0.0	0.065090224
TCATCCGCACACCTGG-2	1.0976076	0.003871838	0.016706508	0.0	0.0	0.0015187607	0.0	0.005770535
GTAGGAGTCATATGGC-2	0.9073126	0.0	0.005596999	0.0	0.0	0.0	0.0	0.0
TACTTACAGTGCGCTC-2	0.65891266	0.17725772	0.023444958	0.0	0.08711671	0.0	0.03345539	0.007545527
GGTAGAGAGTGCAGCA-2	0.03729647	0.0	0.0	0.0	0.0	0.009873421	0.0009424616	0.03381407
CCCATTGTCTCAAAGC-2	0.95995796	0.011434573	0.022849858	0.019321742	0.0	0.0	0.0	0.0
GCATCTCTCACTAGCA-2	0.81920135	0.09013686	0.06396828	0.012482061	0.0	0.01938119	0.0	0.002572242
AGCCAGCGTGTAAACA-2	0.014965907	0.011341869	0.283466	0.0	0.0	0.69544154	0.0	0.0
AGATAGAGTCATTGCA-2	1.0774751	0.031276215	0.016479352	0.0015503995	0.01000834	0.0077190455	0.0076891277	0.0
GGAATCTCAAGTGATA-2	1.0577481	0.010738842	0.00083846005	0.009756874	0.0028948884	0.0	0.0	0.0
ATTCAGGTCTTCCCAG-2	0.8512443	0.040244404	0.006999404	0.004036336	0.0	0.0	0.0	0.003174841
GTAATCGCATAGGTTC-2	1.0846001	0.0	0.014748443	0.0	0.0020675354	0.0042455415	0.0	0.003499862
AGCGTATAGGTCCCGT-2	0.0	0.01677842	0.918201	0.0	0.28372467	0.0	0.0	0.0
ATCTCTAGTTCAATCG-2	0.0	0.92900753	0.076598614	0.001675602	0.08146643	0.0	0.016676035	0.0
TTGAGTGAGGAGGCAG-2	0.07071473	0.024152504	0.80350554	0.023702772	0.2465054	0.0	0.0039838543	0.009148362
GTCCTCACACTATGTG-2	0.89149123	0.018343896	0.0015826888	0.0100711	0.017920064	0.0	0.006825635	0.0072953207
AGGCCACCAGTTAGAA-2	1.3311722	0.032833066	0.0	0.0	0.01902818	0.0	0.010879789	0.0
TGGTGATAGTTAGTGA-2	0.8431725	0.049466405	0.0039519253	0.0	0.0047193733	0.006303939	0.09578583	0.0
GTGTGATGTACTGTTG-2	1.1296694	0.07192353	0.0	0.018755933	0.0	0.0	0.042851947	0.0
GTGTTCCTCAGACAAA-2	0.783971	0.08918432	0.048374396	0.008994649	0.0	0.00248434	0.008205659	0.0
TTACTGTAGTCAGAGC-2	0.024209592	0.025762433	0.15037854	0.0	0.5036059	0.18286304	0.005585015	0.06441077
GTGAGCCGTGGGACAT-2	0.98801565	0.024129672	0.039620575	0.008001165	0.0	0.0	0.0	0.0016730069
GCTTCACGTACGATCT-2	0.53593075	0.15560715	0.06216721	0.03272083	0.0	0.0	0.021780387	0.0
CCGTGAGCAAGTTGGG-2	0.0	0.0	0.0005493194	0.9500118	0.16078836	0.0	0.0026391163	0.0
GGCAGTCGTATGAAAC-2	0.0	0.0	0.0	0.0068802633	0.0	0.0	0.0	2.3266518
CTGAGCGTCCACGAAT-2	0.009601255	0.0	0.0	0.006940397	0.0	0.0	1.3342404	0.0
TCCAGAATCATGCTAG-2	1.0364867	0.0	0.0	0.0	0.0	0.0	0.04796363	0.0
GATCAGTAGTAGGAAG-2	1.1363215	0.038024977	0.026077224	0.0019957435	0.0	0.0028816974	0.0	0.0
TTGTGTTTCGTTCCCA-2	0.071549736	1.1026015	0.003944791	0.015279981	0.0	0.0	0.009710088	0.0
GTAGGTTTCCGCGAGT-2	1.1024278	0.012449878	0.00032765698	0.0	0.0	0.0	0.01617164	0.0
GTTTACTGTGTGTTTG-2	1.0307865	0.005391617	0.029504118	0.0135447895	0.0	0.0	0.0	0.003809801
TATCAGGCAGCGTTTA-2	0.0	0.0	0.46356636	0.019943932	0.15540555	0.3418497	0.0	0.08644337
CAGCGTGGTGAATATG-2	0.06854404	0.045038782	0.17171642	0.024380041	0.6950777	0.017010432	0.0	0.0
CTTACCGTCTGAGTCA-2	1.0186554	0.010445978	0.0	0.0	0.0	0.0	0.0	0.01375145
ATCGTAGAGTCCGCGT-2	0.7875242	0.0016440112	0.008388046	0.0069094677	0.008567241	0.0	0.0	0.0
CAGTGCGTCCTCTAGC-2	1.0298142	0.008688819	0.0037282496	0.013884961	0.0017037411	0.004064021	0.020868737	0.0063180528
ATCATTCAGGATATAC-2	0.9815861	0.033378724	0.072917886	0.014764624	0.0017096796	0.0	0.0	0.010874259
ATGCATGCAGTTCCAA-2	1.0243481	0.010238312	0.0	0.0	0.0	0.0	0.016496288	0.0
AAGTGAATCGAGAGCA-2	0.11476678	0.78411627	0.027310384	0.10446647	0.050475862	0.0028925126	0.21033625	0.0414409
TACCCACAGCCTATCA-2	0.0	0.0	1.213695	0.0	0.0	0.0	0.0	0.0
GGGTGTCGTAAGTTAG-2	1.1239604	0.020303838	0.023617722	0.0	0.0	0.0023250994	0.008790203	0.0
TTAGGCAGTCGAGTGA-2	0.0336222	0.0	0.0	0.0	0.0	0.006792567	0.0027705494	0.020735184
ACGGTTAAGAATAACC-2	1.0643575	0.019944903	0.030495156	0.0	0.009919919	0.0063840374	0.0	0.0
TCTCCGATCATCGACA-2	1.2037314	0.0	0.0017601297	0.0	0.0	0.0	0.0	0.0035162917
CATGGTACATAGAGGC-2	1.0846928	0.0020320693	0.019346775	0.007475663	0.019553248	0.00017972427	0.0	0.019219115
GAAACCTGTTCGGTTA-2	0.57482153	0.011487179	0.09108959	0.019120503	0.0	0.0	0.0	0.0
ACGTTCCCACCGGAAA-2	0.9865106	0.0	0.0	0.0	0.0	0.0	0.023004683	0.0016503722
CTCATGCCAATCGAAA-2	0.21869284	0.021879055	0.56257683	0.03020126	0.07529156	0.052898027	0.0	0.00022801693
CCCAACTTCGGATACT-2	0.012646973	0.7126474	0.04103363	0.008621263	0.0	0.0026172337	0.006075774	0.003796587
AGATGAAAGCTGAAAT-2	0.14821641	0.06636881	0.05236847	0.7164628	0.0	0.0	0.0	0.105089
GGTAGAGTCAGCACCG-2	1.0107116	0.015635047	0.03251358	0.0	0.0	0.0	0.0	0.0
ATTCAGGTCACTAGCA-2	0.019183042	0.99804604	0.03294221	0.0010441359	0.020803608	0.0	0.008468546	0.0
TGTAGACTCATAGGCT-2	0.5316034	0.19260442	0.029455949	0.09057859	0.001173472	0.018302603	0.034609977	0.0
TCAGTCCAGACCATTC-2	1.2787267	0.005068003	0.006314785	0.0032767921	0.0	0.0	0.0	0.0060638567
ACGTAGTAGTCTTGGT-2	1.3674052	0.010982975	0.013959557	0.00446634	0.0	0.017050212	0.002722358	0.0
GTATTTCTCTTGAGCA-2	0.9646011	0.031319626	0.0036946023	0.000998547	0.018834036	0.004257466	0.015111901	0.006534486
CCTCATGAGGAAGAAC-2	0.93421906	0.010277691	0.0064786114	0.006992719	0.027970435	0.009056127	0.015162989	0.0
AGCATCAGTACGTGAG-2	0.0	0.0	0.19647327	0.0	0.91385365	0.0	0.004590272	0.0035715816
ACTACGAAGCTTGTGT-2	0.96076983	0.011471846	0.020752396	0.00030568257	0.02030735	0.0	0.044585977	0.01901806
AAGTCGTCACAAACGG-2	0.9527771	0.005606461	0.023293762	0.0068879775	0.0015410343	0.0037675372	0.0	0.002792329
TTACAGGTCATACGGT-2	0.7831967	0.0007203836	0.029749015	0.0027125413	0.0	9.735934e-05	0.0	0.0
GGGTTATCAAACACCT-2	0.0	0.08310129	0.19799228	0.950601	0.0	0.0059154686	0.03318491	0.0
ATAGACCGTTGATCGT-2	0.7412786	0.019847814	0.037628077	0.0	0.0	0.0	0.0	1.0133563e-05
CCGGGTATCACAATGC-2	1.1502805	0.024097905	0.00705258	0.0	0.00866967	0.0018460674	0.011840954	0.0022051753
GGTGAAGAGATAGCAT-2	0.78138965	0.0	0.04310458	0.0030908955	0.0070394203	0.0	0.0038824063	0.0
GATTGGTAGGTAGGCT-2	1.1861354	0.011457286	0.023660593	8.2410064e-05	0.0	0.0094603365	0.0	0.0
CATGGATAGCTGGCCT-2	0.1606299	0.0	0.055235934	0.55844814	0.036868997	0.010171584	0.0	0.0
GTTAGTGGTGGGTATG-2	0.7148311	0.026999228	0.057212867	0.0	0.0	0.004882881	0.0	0.0
GACTGATCACGTTGGC-2	0.029504364	0.0005065337	0.0	0.0	0.036093622	0.9621092	0.0	0.0
GTGTGGCGTTCATCGA-2	0.9381097	0.005133584	0.029625187	0.00032646063	0.0	0.004232433	0.0	0.0
TGTGTGACAATTGCGT-2	0.0	0.0	0.0	0.0	0.8123315	0.102666445	0.0079852	0.0
ACTTCCGGTAGACAGC-2	1.0440664	0.0066502295	0.0	0.0058157896	0.009925286	0.01954965	0.0	0.0
CGGCAGTAGGTTCATC-2	0.0	0.0	0.0	1.1130668	0.09096801	0.002594918	0.0	0.0
CTACCTGGTCAGACTT-2	0.056361	0.019525014	0.66552204	0.025270376	0.28164664	0.007455707	0.0	0.010799167
CGCAGGTCATAGAAAC-2	0.12344177	0.059151296	0.03676809	0.002594396	0.20845076	0.6202619	0.0	0.0
TCGCAGGAGGGAGTTC-2	0.0	0.011162925	0.8225974	0.0	0.07233298	0.0	0.007259193	0.0
GGAGCAAGTGTGTGTT-2	0.0	0.0	1.1734066	0.0	0.0	0.009192792	0.0	0.028335199
ATGCGATTCCAGGACC-2	0.0	0.028913934	0.15014835	0.90235496	0.0	0.0	0.026488302	0.044643253
GCTCAAAAGAAGTGTT-2	1.4470483	0.0	0.0	0.04644	0.0	0.005156868	0.015044081	0.0
GGGATGAAGCGGTAAC-2	0.041162536	0.053459913	0.057044152	0.06433196	0.48750797	0.30552307	0.016180383	0.0
TACCCGTAGCATGAAT-2	0.16916893	0.91896856	0.010801651	0.022045791	0.0	0.0	0.035098244	0.0
GCCATGGGTCAACATC-2	1.1238434	0.015494171	0.01769702	0.0	0.0	0.0	0.0	0.0
ACCAAACTCATGCCGG-2	0.738348	0.009247965	0.036574338	0.00070724956	0.0	0.01053799	0.0	0.0
ACTATGGGTGAGACGT-2	0.0	0.0014478959	0.31201	0.0029577247	0.80680525	0.0	0.010040716	0.010203652
GAGTGTTGTTTACGAC-2	0.0	0.0	1.3076714	0.0	0.09447268	0.0	0.0	0.0
TAAGCACTCCGTAATG-2	0.12696755	0.01228872	0.8379807	0.0	0.10758561	0.014098887	0.0	0.0
TATTTCGAGCCGCTTG-2	0.0	0.0	0.94144213	0.0	0.085466355	0.058379043	0.0	0.0
TTCACCGAGCGTATGG-2	0.7911039	0.017532837	0.01760961	0.0016208685	0.0	0.0037295502	0.0	0.0
GCAGTTAAGGTTACCT-2	0.948384	0.06916467	0.0	0.011884191	0.018962579	0.0	0.021565162	0.0046456982
CGAAGGAGTTAGGGTG-2	1.0223614	0.0007181182	0.015281795	0.01810985	0.0	0.0	0.0022886132	0.03488388
GTTACAGAGATGGTAT-2	0.682573	0.013440672	0.053222515	0.00898195	0.0010398007	0.0	0.0	0.0
AGTGCCGCAAATGCTC-2	0.87378144	0.007668485	0.04596523	0.030502293	0.0	0.0006583865	0.0	0.0
GTATTTCAGCTCTGTA-2	0.11144553	0.009879799	0.859699	0.021498991	0.09913344	0.0086400965	0.0	0.0
ACGTACAGTCCGGATC-2	0.8571982	0.009887502	0.02453533	0.0016337134	0.0080841305	0.00013983001	0.0075812447	0.0
CAATTTCCATGGCCAC-2	0.0	0.03949044	0.007815006	0.89680576	0.0	0.0	0.0	0.13913003
CTCTCAGTCGACATCA-2	1.2054526	0.09955715	0.02214149	0.0035923948	0.00031676458	0.0	0.0	0.010759651
CATTGTTCAGCCGTTG-2	0.7268841	0.008440213	0.07910699	0.0019902096	0.0	0.0	0.0	0.0
TTGAACGGTTAAGACA-2	1.171334	0.0	0.008090465	0.0004733686	0.0	0.0	0.0	0.0
AGGTAGGAGCGACATG-2	0.95211196	0.021990044	0.04805311	0.0	0.0002609753	0.007044323	0.0	0.0
CGCAGGTGTGCAGATG-2	0.0	0.039605755	0.0	0.013959657	0.0	1.0186988	0.004625113	0.0
TATCGCCAGATAGCAT-2	1.074479	0.032281782	0.017384905	0.0	0.0	0.0070321406	0.0	0.0
CACGAATCACGACGAA-2	1.1552444	0.0008587695	0.017438147	0.00239397	0.0	0.0037069945	0.0	0.0
CGCCATTAGGATTCCT-2	0.676919	0.022788411	0.060294304	0.0	0.0	0.0	0.0	0.000312598
TGTTTGTTCCGTCCTA-2	0.7236329	0.0	0.019296993	0.009219441	0.0	0.0	0.0	0.0
CACAGGCTCCAAAGGG-2	0.0	0.0	0.20399114	0.0	0.68607223	0.10822083	0.0	0.0
CCTGTTGAGAGCTTTC-2	0.0	0.0	0.0	0.0	0.29218322	0.63649744	0.0	0.0
GCAACCGCACGCTATA-2	0.73279136	0.0	0.04730795	0.0	0.002962772	0.0	0.038218103	0.009587429
GGTTAACTCTTCTGGC-2	0.0	0.0	0.012025255	1.1728377	0.010425527	0.020198489	0.0	0.0
TTCACCGTCTCGTCAC-2	1.0936399	0.018714905	0.053542517	0.0	0.0	0.006272587	0.0	0.0
CACAGGCAGCTGGAGT-2	0.840794	0.023438407	0.027125962	0.0	0.0	0.0	0.0	0.034711976
GGGATGACATGTTCAG-2	0.0972063	0.110871166	0.11297792	0.72020686	0.0	0.0	0.0	0.13917086
GGAATCTTCGCATTAG-2	0.0	0.013942494	1.1299105	0.026939241	0.0	0.031244341	0.0	0.016432459
CCGATGGTCAAATGCC-2	0.9231255	0.06477099	0.07514765	0.0	0.0	0.0	0.0	0.0
TAGTGCATCCACTGAA-2	1.1613622	0.01328341	0.07192111	0.0060494253	0.0	0.017962607	0.0	0.0
AGTAGCTAGCCTTCTC-2	0.7818823	0.007167954	0.01791425	0.0	0.0	0.00080818054	0.0	0.0
CATCGCTGTATGGTTC-2	0.80006254	0.038429003	0.067814656	0.014154201	0.0	0.013414813	0.0	0.0
GATGAGGCACCGGAAA-2	0.8621861	0.01987421	0.023933027	0.0028448482	0.0025846162	0.0076249945	0.014984558	0.0021113027
TTTGTTGCAAGCACCC-2	0.82368153	0.015358361	0.04853436	0.008654546	0.0	0.0	0.0	0.0
CCACGTTGTCACCGAC-2	0.97510594	0.0149825895	0.034395084	0.00080439064	0.0	0.0	0.0	0.0
CGGGACTGTCTCTCCA-2	1.0881951	0.026977813	0.027590275	0.01706592	0.0	0.0	0.0	0.0
CTGAGGCTCTCGTCGT-2	0.02539797	0.0	0.63135	0.0	0.2828954	0.0	0.0	0.0
TCCTCGAAGGAGAATG-2	0.15007004	0.1588646	0.27055654	0.08266886	0.09042707	0.29682833	0.0	0.051618047
TCACAAGCAACCAACT-2	1.0020303	0.0	0.0	0.016312376	0.016902735	0.02505837	0.036054727	0.018055515
ATTGGGTGTCGGATTT-2	1.1531851	0.016367346	0.0149104865	0.008885347	0.045495816	0.019892484	0.027418735	0.0
GCGTGCAAGAAGCCAC-2	0.06909793	0.04269455	0.2817058	0.011192648	0.4196746	0.00918988	0.0	0.047150463
GAGTTTGCAGGCTATT-2	1.000271	0.0	0.04895358	0.006995252	0.0	0.0023390872	0.0035295223	0.0
AGTAACCGTACAGTTC-2	0.0	0.0	0.0	1.2340953	0.0	0.079701506	0.0071988152	0.0
TGATCTTTCGGAATTC-2	0.6830702	0.010147911	0.0	0.0	0.00858628	0.00038491248	0.011918733	0.0
TTGTTCACACTCATAG-2	0.046436172	0.9424534	0.0	0.004565124	0.02434215	0.006443824	0.042149004	0.0
GACATCATCAGCTGTA-2	0.11768697	0.019651808	0.32928365	0.021507056	0.21583757	0.1635738	0.0	0.019492509
TGTTTGTGTTGCTAGT-2	0.0	0.0	1.145994	0.0	0.0	0.046677887	0.00928592	0.0
GACGTTACACGTCGTG-2	0.49436486	0.26302075	0.03842293	0.041350722	0.006500021	0.0	0.027188329	0.0
GAGTCTAGTCGCAACC-2	0.0	0.026170421	1.0325314	0.0	0.04550391	0.07646265	0.007325942	0.0
CGTAGTACAGTAGTGG-2	0.046579655	0.0	0.0	0.0	0.0	0.0048263073	0.0	0.028482297
CCCATTGCATCTAGAC-2	0.0	0.0	0.0	0.8134019	0.0	0.0	0.0	0.0
GTCAAACAGCAGCCCT-2	1.2023801	0.008719605	0.0	0.0	0.0	0.0	0.021141725	0.0
GTCATGATCCATTTAC-2	0.020039495	0.027774325	0.100339785	1.0576451	0.0	0.021071477	0.003022571	0.0042061354
ATGGTTGAGATCGACG-2	0.09141439	0.0048652235	0.099568054	0.5908366	0.003958666	0.0	0.0	0.024110507
AGGGAGTAGAGGTCAC-2	0.67524004	0.22363892	0.013685486	0.03047513	0.0	0.0	0.020193696	0.0077439374
CTGCCATAGTCACAGG-2	0.9898467	0.026041	0.015781129	0.005779971	0.0	0.0013398515	0.0	0.0
CATTGCCGTTGTAAAG-2	0.8293388	0.029624857	0.031727795	0.006466622	0.0	0.0013236381	0.011515837	0.0
AGGAATATCTCCGAGG-2	0.80947715	0.0101979105	0.003546969	0.00067434233	0.0	0.0	0.0	0.0
CGAGAAGAGGATAATC-2	0.80508816	0.013782765	0.0	0.01445307	0.020206371	0.0	0.0	0.00041222092
CGAAGTTGTTAAGGAT-2	0.88557935	0.0050026746	0.008514384	0.0027272613	0.0	0.0021783737	0.0	0.0
TAACGACAGGACATCG-2	0.74485123	0.019214392	0.041378297	0.0059062084	0.0	0.0043538357	0.0	0.0
ATTCCATTCGAGAAAT-2	0.0	0.0	1.3357798	0.0	0.0	0.0	0.0	0.044445246
GAATCACAGCTGAAGC-2	0.8502938	0.03840972	0.04025269	0.0038952557	0.0	0.0051818485	0.0	0.0056972723
GAGACCCTCCGGTTCT-2	0.0	0.0	0.4371972	0.025051285	0.6046992	0.0	0.011513954	0.017268898
CTGCGAGCACAGTGTT-2	0.67139	0.13614057	0.0923244	0.04152839	0.0	0.0	0.0	0.0
CAGTTAGTCCGAGAAG-2	1.0096899	0.0	0.0	0.0	0.014263775	0.0	0.2616293	0.0
TCACTATAGCGCCATC-2	0.8186088	0.03276432	0.0044660503	0.029907981	0.01668163	0.0	0.017254002	0.0
TGCTGAACAGATGCGA-2	0.0	0.013738381	0.64233625	0.026992746	0.009915904	0.13287097	0.0	0.0808493
TCGTCCAAGTATGGAT-2	0.0	0.0	0.30566734	0.0	0.86844724	0.0	5.355032e-05	0.01079824
ACCATTTCAGGCCCTA-2	1.033374	0.016893279	0.06618132	0.0	0.0	0.00031527274	0.0	0.00010857791
AGAGCAGCAGGTAGTG-2	0.0	0.040079724	0.6368975	0.0	0.4527284	0.0	0.0	0.109455414
CTGCGAGCATCATGAC-2	0.009250366	0.0018390651	0.8494019	0.0	0.11650732	0.0100035705	0.0026727417	0.0
GATTTCTGTGGAAGTC-2	0.7772092	0.05884526	0.024386674	0.005057586	0.0	0.0	0.0077679725	0.0058408063
TAAGCGTAGCATCGAG-2	0.0010272384	0.047114447	0.49160296	0.044432875	0.015272582	0.40562755	0.0	0.27502066
CCATAAGCAACAAAGT-2	0.0	0.0	0.1724414	1.194198	0.0	0.053337965	0.003732694	0.026781194
GCAACCGCAACGCATT-2	0.9655069	0.020764975	0.034673154	0.010838927	0.00090439396	0.005102797	0.0	0.0003636828
GTAACCAGTTCGGTAT-2	0.627341	0.09348874	0.09462921	0.043068696	0.0010330789	0.01479092	0.0057535223	0.007671246
CTACCCAAGAGCACTG-2	0.08382168	0.023609998	0.06985999	0.8812364	0.0	0.00067132385	1.9852718e-05	0.035949416
AATCACGCACGAAAGC-2	0.8607143	0.0	0.017825373	0.005750582	0.0	0.00037349132	0.0	0.0
GTATTGGCACCCTAAA-2	0.0	0.0023872743	0.7062588	0.0	0.20291783	0.0	0.0038683242	0.00434465
CTAACCCTCGCGCCAA-2	0.75815254	0.0045681726	0.06366185	0.01511607	0.0	0.0	0.0	0.0
TCATGCCTCAAGCTTG-2	0.86587167	0.018514637	0.007704545	0.007452897	0.009308156	0.0	0.008143623	0.0
TCCATCGAGAGAGCAA-2	0.6797958	0.09682267	0.041628174	0.0038790854	0.0	0.0	0.011728993	0.0
CCTTTGGAGCGGACAT-2	0.94012153	0.0	0.0	0.0073728	0.005029381	0.0	0.02318428	0.010679334
GTACAACGTTCAAGTC-2	1.0784084	0.03370059	0.04508968	0.011090808	0.0018702357	0.01811055	0.0	0.0
ACCTACCGTGAATTAG-2	0.7877271	0.03822263	0.050228585	0.0013309238	0.0	0.0	0.0	0.0
AATCGACTCGTGGTAT-2	1.2579801	0.028316252	0.021302672	0.02189164	0.039744742	0.00039162324	0.022770979	0.013754916
GCATTAGCACTAACCA-2	1.1688354	0.0247136	0.0	0.0	0.0	0.0	0.0	0.0
TACATTCGTGGCTACC-2	0.0	0.0	0.46353862	0.0	0.6890146	0.0	0.0	0.0
AGTAACCGTGATACCT-2	0.0	0.0	0.8850321	0.0	0.25111988	0.0122541115	0.00607818	0.0
CTATAGGTCTTGCGCT-2	0.6306412	0.00011300332	0.034955245	0.018081695	0.0	0.008195465	0.03559062	0.0
CTTTCGGGTTGGCCGT-2	1.1614224	0.0	0.0	0.0	0.0	0.0	0.013339795	0.0
TTCAATCTCCGTATAG-2	0.76193464	0.0	0.020230955	0.0067386236	0.0	0.0	0.0	0.0
CGTTAGACAAGCGGAT-2	0.0	1.0608402	0.00709363	0.0	0.0303108	0.010735081	0.040214512	0.030583175
AGGCTGCAGCAAGTGC-2	0.0	0.033673435	0.0	0.0	0.17126238	0.90345275	0.0	0.0
GCTCAAACACGCTATA-2	0.9481849	0.016826933	0.0	0.0	0.0	0.0	0.01190008	0.0
TGGTGATTCGCGCTGA-2	0.61946076	0.11673678	0.017434437	0.034512408	0.004664424	0.0	0.017679894	0.0072759585
GGAACCCCACGGTAGA-2	0.8152225	0.029397555	0.023162453	0.0050064865	0.0	0.018021874	0.0048563764	0.0006603321
ATCGGATCACGGCGTT-2	0.0	0.012466619	1.1133376	0.02397216	0.0	0.04030454	0.0035441888	0.003325538
CCACCATCAAGCTACT-2	0.9428908	0.045708384	0.03793968	0.0	0.0	0.010602531	0.0031916664	0.0
CAGGCCAAGGGCAGTT-2	1.0856092	0.0	0.011623608	0.0026957707	0.0	0.0	0.03735305	0.0
AGGAGGTAGAGAGTTT-2	0.96269065	0.0005356201	0.029628579	0.0134585565	0.038792904	0.0	0.055052564	0.0
AAACGCTCAGGCGAAT-2	0.7598272	0.13218452	0.007526097	0.051903903	0.0	0.0	0.026024474	0.015365736
CGGGTCAGTGCTGATT-2	0.77373457	0.0	0.015531515	0.0	0.0	0.0	0.025647992	0.0
ATTTCTGAGTCAGAGC-2	0.12811452	0.0	0.054065973	0.37866858	0.059859242	0.0	0.005243841	0.0
CCTTGTGGTCTGTGTA-2	1.0879173	0.01133332	0.0	0.0	0.007867564	0.0	0.033616602	0.053214803
AAGAACAGTTCGTTCC-2	0.0	0.0	0.5310474	0.0	0.56108254	0.0	0.007507143	0.012769475
TTTGTTGCAGTAGATA-2	0.033671763	0.0	0.0	0.0	0.0	0.005202958	0.0007021144	0.014620359
AACCTGATCACCTGGG-2	1.0432614	0.0	0.04932955	0.013987125	0.0067555476	0.005601758	0.0066256486	0.0
ATGCGATCAACCGCCA-2	0.018356996	0.0	0.5297546	0.0	0.18393882	0.0	0.005946313	0.0
ACTACGAAGGCCACCT-2	0.027691446	0.06760847	0.42652595	0.49755648	0.11649766	0.0	0.006680859	0.039502203
GTTCTATGTCCTTGTC-2	0.98453254	0.016316978	0.0	2.865088e-05	0.0	0.0	0.0	0.0
CATTCATGTACCTAGT-2	0.03160628	0.025168233	0.947641	0.043615874	0.0	0.020588454	0.022551857	0.009808849
GAGGCAATCGTTCCCA-2	0.9936861	0.0	0.03324043	0.0	0.0	0.0011001446	0.0	0.0
CTACAGACAAGGTCGA-2	0.0	0.0	0.5750146	0.009099649	0.32504344	0.016962688	0.006154421	0.0134439515
AACGAAACACTGGATT-2	0.73035437	0.0	0.01770317	0.008030521	0.0	0.0052901846	0.0	0.004495204
TGAGACTCAGTAGAAT-2	0.8239066	0.03151367	0.05231126	0.0050453204	0.0	0.0027319991	0.0028207826	0.0
ACTATGGCAATCTCGA-2	0.12927243	0.014043626	0.70544136	0.0113893	0.14429495	0.0	0.0	0.009669534
AACTTCTGTTAGTTCG-2	0.48701718	0.14086069	0.0040561664	0.008521118	0.03756917	0.0	0.031244846	0.027686514
TGTGCGGAGTAAGCAT-2	1.2357376	0.009735096	0.043166194	0.008541558	0.0	0.0	0.0	0.0
CCTTGTGGTAGCGCCT-2	0.0	0.0	0.0	1.4761152	0.052046824	0.008086937	0.0	0.0
TGCGATACAACGGCCT-2	0.84502155	0.020324837	0.031428803	0.023412185	0.0	0.0	0.0	0.0
GGAATCTAGTTTGCTG-2	0.89308614	0.0	0.0	0.011370969	0.0	0.0	0.0	0.0
CCTTCAGTCCCGTTCA-2	0.0080868	0.025143214	0.004127857	0.48868522	0.016471313	0.0	0.0	0.17535317
CAACAACAGTCGAGGT-2	0.885942	0.0	0.050198544	0.0011354	0.0	0.0	0.0	0.0
GAGACTTTCCGATCGG-2	1.1036905	0.019214554	0.0	0.051966198	0.03073724	0.00641917	0.0	0.0
CTCCAACCATCGGATT-2	0.59619474	0.067975335	0.050976895	0.036261227	0.0	0.009234893	0.017806714	0.0
GCAGTTACAAGGATGC-2	1.0416876	0.026969358	0.01639229	0.058913328	0.011839131	0.006986025	0.017908672	0.014504989
CCACCATTCATTGTGG-2	0.9376495	0.026383607	0.012956074	0.007633569	0.019052023	0.0028448086	0.030289438	0.0
ACATTTCCAACAGCTT-2	0.9317216	0.010036255	0.020215696	0.0	0.0	0.0	0.0	0.0
TTGTTTGGTGAGTAGC-2	0.76797897	0.08410077	0.031121317	0.005628552	0.0	0.0	0.008484911	0.0
ACGTACAGTAGACTGG-2	0.77938247	0.049505632	0.06802009	0.010418575	0.0	0.0046490454	0.0	0.0
ACAGCCGGTATCGTTG-2	0.9100343	0.019176433	0.006655512	0.0	0.0	0.0016176039	0.0	0.002811106
TTGACCCGTGTCCAAT-2	0.9109622	0.005005275	0.050951954	0.0063126795	0.0	0.0005461398	0.0	0.0
CGGGTGTGTGAACCGA-2	1.1862013	0.0	0.0	0.0	0.0	0.0034599223	0.0	0.0004890439
GACCTTCCAAACTAGA-2	0.8950807	0.0	0.06474389	0.0	0.013687837	0.0	0.0	0.0
CTAACTTCAAGCGATG-2	0.09518127	0.054084383	0.3611633	0.034552213	0.4671065	0.04668385	0.0	0.0
AAATGGATCGGACAAG-2	1.2845502	0.006337574	0.0	0.02959439	0.014309581	0.0	0.08376059	0.0010634905
GGTGTTAAGTTACGTC-2	0.9239966	0.0	0.0	0.0022491687	0.022500344	0.002242896	0.0	0.0010744596
TCGAAGTAGAGTGTTA-2	0.0	0.0	0.84239477	0.053971376	0.16475263	0.0	0.040597655	0.008424313
GGTGAAGGTCGTTGGC-2	0.0	0.0	0.0	0.0	0.61129355	0.35869354	0.0	0.0
GTGAGCCCAACGACTT-2	0.0	0.0	0.25169787	0.022220764	0.48258832	0.057885315	0.011110719	0.003772391
CAGTTCCAGAGGGTGG-2	0.75706774	0.0069419267	0.0115155	0.0001486	0.0	0.0	0.0	0.0044434583
TCATTGTAGTAGTCTC-2	0.9171141	0.041627534	0.0	0.0	0.0	0.0	0.0	0.0130782
CTACCCAGTGATTAGA-2	0.9952343	0.0	0.017883465	0.003565619	0.0	0.0	0.0012761059	0.0
AAGTTCGAGGTGCATG-2	0.0	0.0	0.12764175	0.0	1.0566206	0.009385388	0.007052052	0.0
TGAATGCGTCGGAACA-2	0.0477554	0.06651216	0.10427949	0.0	0.5048792	0.04472588	0.0	0.027075153
GACGCTGTCCAATCTT-2	0.8746722	0.0	0.021430869	0.0036379388	0.0027286457	0.0	0.013726781	0.0
TGCTTGCAGCGAGTAC-2	0.0	0.0	0.8461914	0.0046363464	0.09493505	0.03637068	0.030942494	0.006022598
AACCTTTGTGTCCACG-2	1.2352738	0.0	0.0	0.0037477561	0.0	0.0036500755	0.0	0.0043964293
TTCAATCAGGGTGGGA-2	1.1553882	0.0	0.0	0.0	0.0	0.0	0.010876706	0.0
CGAGTTATCCTTGACC-2	0.8458778	0.0	0.0030042685	0.00038594363	0.0	0.0	0.0	0.0080137905
AACCTGATCCTAACAG-2	1.054187	0.03477416	0.04267038	0.004731494	0.0	0.0	0.0	0.0
ACTATTCTCCTACCGT-2	0.19196887	0.050549027	0.54831606	0.031565983	0.28763607	0.01041434	0.0	0.020484412
ACATGCATCGGCATAT-2	0.0	1.3469721	0.0	0.0	0.0	0.0	0.0	0.0065161493
TACTGCCCAGACGGAT-2	0.97140783	0.0	0.032464042	0.018319616	0.0	0.01162542	0.0	0.0001784762
TCTATACGTGCATTTG-2	0.94110894	0.032061674	0.044353146	0.00027573959	0.0	0.0	0.0	0.0
TCAGTGAGTCTTCATT-2	0.7760698	0.05254587	0.035681065	0.033769395	0.0	0.014762327	0.0015313101	0.0074922703
TGCTTCGGTCTACGTA-2	1.2815078	0.008324091	0.0	0.016005225	0.0020681175	0.0014790156	0.14953326	0.00030557494
TCAATCTCACCCTAGG-2	0.6909162	0.011010537	0.015957318	0.00332322	0.0	0.0054172077	0.0	0.0
TCGGGACCACAACATC-2	0.7609632	0.0	0.0	0.0019071068	0.0016062012	0.0	0.0	0.0029357043
GAGTGTTTCGGAAGGT-2	0.94511324	0.012587069	0.02347102	0.00352929	0.0	0.00081090414	0.00041521178	0.0040069623
CATACCCGTTCTTGTT-2	0.0	0.0	0.10954328	0.001365188	0.0	1.0329435	0.0	0.0
GTAATGCCATCGCTAA-2	0.0	0.0	0.92089343	0.027862314	0.16471532	0.031045098	0.03862199	0.0
CTGTAGATCCGGACGT-2	1.1890064	0.035218317	0.0	0.026999168	0.0018001567	0.0	0.012642142	0.011134053
CCTCCAATCATTGCCC-2	1.121906	0.0062915557	0.04977598	0.004182096	0.0	0.001961507	0.0	0.0
GGTGATTTCCCGAGAC-2	0.69373214	0.012883684	0.04294353	0.005396026	0.0	0.0	0.0	0.0
TGCTCGTTCCCTCTTT-2	0.0	0.0	0.9458154	0.02380901	0.13248502	0.0	0.0	0.056386974
CAGTGCGTCATCGTAG-2	0.062542036	0.0	0.03804822	0.7317611	0.0	0.0	0.0076363394	0.0
TGAATGCGTACAGTAA-2	0.80541116	0.0	0.0	0.0028154603	0.038897045	0.0	0.007389834	0.0024560709
TACCTCGCATTCAGGT-2	1.0421919	0.0008481569	0.062200822	0.021126969	0.0	0.0	0.0	0.0
CGCATAAGTCGGCTAC-2	1.1306617	0.03254436	0.0	0.0	0.0060129184	0.004562886	0.0193588	0.0
CCTCAACCATGTGCTA-2	0.9769189	0.01246419	0.037998296	0.0013823117	0.0	0.004566064	0.0	0.0
ACACCAAAGTCCCAGC-2	0.0	0.0	0.3802801	0.0047842893	0.61214745	0.002396657	0.013918827	0.0020021696
TCATGGAAGAAAGTCT-2	0.0	0.0	0.04496523	0.009559491	0.7546499	0.17087555	0.30188432	0.0
CAAAGAAAGGTCATAA-2	0.14073089	0.031286146	0.010073778	1.0193247	0.0	0.018981062	0.0014128234	0.013737811
TTAGGGTTCACTCACC-2	0.09604966	0.069218926	0.04678455	0.014592077	0.16135953	0.7583067	0.0	0.0
GGTTGTAGTGAGCGAT-2	0.95855016	0.03543424	0.057881504	0.006123843	0.0	0.0	0.004982457	0.0
TCGACGGCAGCGGATA-2	0.9352715	0.0064860377	0.047991887	0.017052256	0.0	0.0	0.014910576	0.0
AGTAGCTCACCCTATC-2	1.067281	0.012777708	0.0	0.0	0.0	0.0	0.0036517787	0.0
ACAGAAAGTGAGCTCC-2	1.0678871	0.039213672	0.0029928137	0.0	0.03644771	0.0	0.0042871404	0.0
ATCTCTAAGCTACAAA-2	0.9599752	0.01438636	0.0053642564	0.0	0.0	0.0	0.0	0.0
AGGCATTCAAGGTCGA-2	0.0	0.0	0.005437831	1.1890938	0.0	0.0	0.0	0.0
TCTCACGTCTAGGAAA-2	0.0	0.014328499	0.4004021	0.0	0.5402411	0.01067162	0.0	0.008578255
AGTACTGTCTGCTTTA-2	0.0	0.0	0.70164907	0.0	0.49365583	0.0	0.016287474	0.038427755
ATTCGTTGTAGGAAAG-2	1.1359774	0.008029525	0.049762104	0.017362792	0.012800457	0.0	0.02509797	0.0
AGCTCAATCCGTCACT-2	0.859791	0.011513231	0.051910926	0.012179669	0.0	0.0	0.0	0.0
CCCTAACCAAGAAATC-2	1.1530837	0.07693004	0.08474151	0.0061667874	0.0	0.0090293065	0.0	0.0
TCCCAGTTCACTGAAC-2	0.1348156	0.027276423	0.7041955	0.028544854	0.14092505	0.0437724	0.0	0.0
AACGTCATCAAACGAA-2	0.0	0.0	0.47819206	0.0	0.40865806	0.025016254	0.0015608724	0.0
CCTCCAACACATGAAA-2	0.54769796	0.0	0.010765827	0.0	0.0024797309	0.0065228543	0.001303325	0.0
GTCAGCGGTAAGGTCG-2	0.83379304	0.04446048	0.051053748	0.011552253	0.030879814	0.0	0.0	0.0
GTTACCCTCTCCGTGT-2	1.102382	0.0023505953	0.0064922394	0.0	0.0	0.0	0.0	0.0
TCAGTGAGTCACAGAG-2	0.85134643	0.0	0.017993303	0.02777958	0.0	0.0	0.0	0.0
GTGGTTAGTACGTGTT-2	0.026370926	0.0	0.53375155	0.0	0.34184864	0.0	0.0	0.0
TCATCCGGTACGCTAT-2	0.05285166	0.03931688	0.734537	0.017876364	0.24468046	0.14957489	0.0	0.027300233
TGGAGGACATGTGACT-2	0.33781618	0.12562175	0.068213135	0.021080531	0.017306166	0.0	0.0256753	0.0
AAGTCGTTCACTTGGA-2	0.0	0.029126985	0.0	0.0	0.0	1.1514004	0.0	0.0
ACCCTTGAGTATTAGG-2	1.0785228	0.0	0.0	0.0	0.0	0.0	0.0044172686	0.008862853
AACCCAATCATGGGAG-2	0.15678637	0.029887984	0.026664877	0.686393	0.0	0.0	0.0	0.07814422
CAGGGCTGTTGTGGCC-2	0.1549379	0.05929978	0.26340955	0.027929032	0.40840676	0.033431366	0.0	0.024365708
CCACACTCAACACAAA-2	0.9588521	0.01228099	0.034245342	0.026828475	0.0	0.014590901	0.0	0.0
CTTCTAAAGCAATAGT-2	1.0727582	0.0	0.0035065087	0.0047788504	0.0056552277	0.010601937	0.0	0.015821528
AGGAAATTCGGTCAGC-2	0.82638234	0.004806311	0.030332062	0.0019435738	0.0	0.0013235471	0.0	0.0
TCCTGCAAGGATGAGA-2	0.0	0.0	1.3632746	0.0	0.0	0.0	0.0	0.006563227
ATGACCACACATTCGA-2	0.7624661	0.12177782	0.04193787	0.04144676	0.0128322225	0.0	0.0	0.0
GCAACATCAGCTTTCC-2	0.97881836	0.0034659256	0.0055798236	0.027037548	0.017907526	0.0	0.018970724	0.0
TCCCATGAGTTGGAAT-2	0.798956	0.0	0.0	0.011444035	0.0050133145	0.0034939153	0.004395777	0.0
TACTTCAAGTCCGCGT-2	0.9657037	0.008450854	0.029933857	0.0031280802	0.0	0.0	0.0	0.0
TGCTTGCCAGCGTAGA-2	0.050048083	0.0	0.0	0.0	0.0	0.007545104	0.006000205	0.04380391
TCCATGCGTCCGAAAG-2	0.9606937	0.032280814	0.0071539185	0.008359614	0.0	0.0	0.0	0.013990303
GGTTCTCCAAGTGGTG-2	0.02102095	0.0	0.0	0.0	0.0	0.004926412	0.00020426896	0.014813103
CGTGCTTTCCACCTGT-2	1.2011333	0.0007022216	0.0	0.0043933038	0.018772168	0.0	0.044083413	0.0074015516
GGGACTCGTTGTCTAG-2	0.8905545	0.021623526	0.04330408	0.030800844	0.04345552	0.008823313	0.034564864	0.0
CAACGATAGACTCCGC-2	0.7848903	0.015672766	0.02667124	0.0	0.0	0.0	0.0	0.012173552
CAGAGCCCAGAGTCTT-2	0.08252848	0.022572652	0.41188192	0.32496402	0.030260833	0.029618388	0.00833166	0.011231502
GTCTACCGTACCTATG-2	1.1134295	0.0	0.0	0.019871596	0.017768934	0.0	0.0	0.0034615216
CTGGTCTAGGTACCTT-2	0.76890725	0.029758396	0.049069986	0.00693686	0.0	0.0017308139	0.0	0.0
GCTACAACATAGCTGT-2	1.0834552	0.015168387	0.024165487	0.0007913482	0.0	0.0	0.0	0.0
GTGACGCTCTTGATTC-2	1.1209506	0.01731423	0.0	0.042279113	0.0	0.0	0.0034091438	0.0
AAAGTGAAGGTTGACG-2	0.70774263	0.01156764	0.057789575	0.004944312	0.015795926	0.0	0.0	0.0
GTGGCGTTCATGAGTC-2	0.9268876	0.0005325387	0.007530865	0.030034987	0.0054225666	0.0	0.0	0.0
CTCCACAAGGGTTGCA-2	0.9862037	0.030550305	0.005266348	0.0	0.003642899	0.0	0.045297466	0.0
AGGGTCCCAAAGCTCT-2	0.7613446	0.0030538647	0.025332216	0.016156476	0.0074614948	0.0015990603	0.0019452344	0.004934733
CCGGTAGCAGCGCTTG-2	1.0379876	0.00056269	0.056866646	0.012523245	0.0	0.0	0.0	0.0
ATGAGGGGTATCAAGA-2	0.083980486	0.031517737	0.47144035	0.037570965	0.18830846	0.2871751	0.008232838	0.039849788
TTTGGAGCACAGTCCG-2	0.9117028	0.0	0.0	0.0	0.0	0.0	0.0	0.0
TGAGACTGTCTCTCAC-2	0.0	0.0	0.0	0.0	0.10848814	0.962892	0.0	0.14879127
CAAAGAAGTCCACGCA-2	0.0	0.024128104	0.9386459	0.021777965	0.0	0.007673117	0.0013177482	0.008543907
CGTTGGGGTCCTTTGC-2	0.0	0.016442543	0.39316428	0.0	0.0	0.21863084	0.019697303	0.28221804
GTACAACAGGCCTAAG-2	1.0715744	0.0067548975	0.010983846	0.019546622	0.019868493	0.003965544	0.0	0.0041756714
GTCCACTGTTAACCTG-2	1.1282818	0.0	0.0	0.0068998723	0.012547415	0.0031486629	0.035763882	0.0
TTATTGCCACAATTCG-2	0.68993735	0.01478246	0.028171554	0.015464676	0.0	0.012396805	0.0046997294	0.0
CGCATAATCCTCAGAA-2	1.5129	0.0	0.0	0.007998251	0.0019480014	0.0	0.008892307	0.009843065
GCTTGGGTCTAACACG-2	0.9292425	0.037041858	0.0	0.0	0.0	0.0	0.0	0.0
TCTTCCTCAAACTAGA-2	0.9734336	0.0035105252	0.03863524	0.0	0.0	0.0	0.014599954	0.0
TTCCGGTCAAGTGACG-2	0.9566483	0.032208655	0.016591426	0.00013806853	0.0	0.0	0.0	0.003583679
CGGAATTGTCATAGTC-2	1.1116489	0.0028661175	0.012538988	0.0013909136	0.0	0.0	0.0	0.0
TCGCTCACAGTAGAGC-2	0.34533682	0.171373	0.0	0.061738197	0.0	0.07239923	0.0062069283	0.0
GGGTCACAGCCAAGTG-2	0.011758861	0.005540327	0.4808466	0.0	0.26793322	0.027594067	0.0023851618	0.0
GAGTCTAAGGCGTTAG-2	0.96809435	0.027427629	0.0	0.00082533254	0.0	0.0	0.038108073	0.0
GTCCTCAAGATCGCTT-2	1.084288	0.015841281	0.038308676	0.016773455	0.0	0.0070537534	0.0	0.0
ATGGGAGTCAAAGCCT-2	0.85571814	0.0038638923	0.02665629	0.01196335	0.0	0.011966357	0.012446831	0.0
TTGCGTCGTTAGAAGT-2	1.0493891	0.02142464	0.0	0.02409146	0.026972083	0.011559542	0.005160867	0.0
GGGTATTAGCACTCAT-2	0.95771486	0.0	0.0	0.0	0.0	0.0	0.0	0.0
TCGAACAGTGCCGTTG-2	0.0	0.005762075	0.0	0.0	0.10045397	1.1031109	0.0	0.030393556
CCACGTTGTAGTGATA-2	0.0	0.0	0.036730852	0.0	0.9387605	0.0077560702	0.0036943038	0.0
TGGGCTGCAGGTCAGA-2	1.4438783	0.04945364	0.0	0.014397055	0.029645994	0.0071130097	0.0	0.0036210483
GTCACTCTCGCGATCG-2	1.3776807	0.034524847	0.0	0.015005309	0.016026448	0.009290449	0.019815179	0.0
TTTCCTCTCCACCCTA-2	0.35613143	0.021611	0.044718396	0.000708138	0.0	0.010432951	0.0	0.01942346
AGGGTGATCTAAACGC-2	1.051031	0.0	0.009248794	0.0	0.0	0.0	0.0	0.0
TGTTCCGTCGCGCCAA-2	0.798439	0.000817014	0.026991706	0.0062506814	0.0	0.009624049	0.00033470654	0.0
TTCACCGGTCCGGATC-2	1.1565704	0.021765778	0.004099792	0.0058094794	0.019188901	0.0	0.0038360034	0.004840905
TACTTACGTCAGTTTG-2	0.23126133	0.7699142	0.0069095846	0.01096541	0.0	0.0322174	0.002726469	0.015333585
CAACCTCTCCACAGGC-2	0.018277846	0.0	0.0	0.0	0.0	0.0019927125	0.0013108529	0.019536318
ACAACCAAGAGGTGCT-2	1.2307678	0.034544513	0.0	0.008028676	0.024732085	0.00035524298	0.0	0.0
ATTGGGTAGCACAAAT-2	0.7672735	0.015355348	0.053365856	0.0	0.0	0.0019905898	0.0024216026	0.0
AGCTTCCGTTCTAACG-2	0.06964732	0.012139661	0.03364548	0.6450092	0.16902705	0.0	0.0072882944	0.0
AGGCTGCTCCGCTGTT-2	1.0836945	0.0071822973	0.0	0.012610696	0.0046007717	0.00072296563	0.0021102778	0.020019209
CTACCCACACAGTCCG-2	0.93086654	0.028208457	0.055340037	0.0	0.0	0.003551008	0.0	0.0
GACCTTCCATGTGCTA-2	0.0	0.019213013	0.0	0.0	0.05652335	1.2015822	0.0	0.0
GTAACACTCTCATTTG-2	0.099456385	0.0044023516	0.4987023	0.031157127	0.11193746	0.03713375	0.00889901	0.012722626
ATGTCTTAGACGGTCA-2	0.0	0.0	0.0	1.3536439	0.0	0.0	0.0	0.0
CGTAAGTGTGAATATG-2	0.938271	0.15377773	0.086479954	0.014533678	0.0	0.007785424	0.013644485	0.0
ACCCAAAGTTGCTCCT-2	0.0	0.0	0.0	1.4646863	0.17713264	0.0	0.0	0.0
GAAGGACAGAGTGACC-2	1.069285	0.036019687	0.029139105	0.0	0.0	0.0013331246	0.0	0.0
CTAGGTAGTCTCAAGT-2	1.1595494	0.0061865184	0.0	0.0	0.0	0.0	0.0	0.0
TATCAGGTCTGCCCTA-2	0.9399235	0.14376208	0.055776663	0.0034298054	0.0	0.0	0.0	0.0
TCATCATGTTGCGGCT-2	0.93563795	0.010184013	0.02471378	0.0025821489	0.0	0.015080113	0.0	0.0
GTCATTTGTATAGGAT-2	0.033477094	0.0	0.0	0.0	0.0	0.009443021	0.0008422073	0.026801117
ACACAGTGTTCGAACT-2	0.6975943	0.14372955	0.0040648393	0.008983846	0.016846752	0.0	0.13455142	0.024179842
CAAGACTTCATCGACA-2	0.0	0.0	0.0	1.3006027	0.0	0.0	0.0	0.0
CTGTATTCACCGTGCA-2	1.1659158	0.0	0.011249979	0.0	0.0	0.0	0.0	0.009362263
TCGACCTCACCCGTAG-2	0.0	0.0	0.0	1.4285644	0.0	0.0	0.0	0.0
GCCAGTGTCTGGGTCG-2	0.0	0.03442679	0.63724	0.016563712	0.29010218	0.0	0.0046255197	0.0
TAGGAGGAGCGTATAA-2	0.70502424	0.017605292	0.0	0.0	0.0224441	0.0	0.00081286376	0.0
CATCGTCGTACCGCGT-2	0.11598014	0.006681219	0.0	0.0	0.0	0.015464408	0.014338596	0.05125388
AGTCACATCTTCCACG-2	0.11248093	0.020260135	0.6195049	0.42725447	0.0	0.025170328	0.0008470403	0.0044517275
TTCGCTGCAGTGCGCT-2	1.0277674	0.028218776	0.0	0.0	0.0	0.0	0.0	0.0
CTCCCAATCGTTAGAC-2	1.012536	0.0	0.025449915	0.0	0.0	0.0	0.0	0.0
AGATCCAGTGCGGATA-2	1.2350837	0.020427626	0.0	0.0	0.0	0.0	0.0	0.07896271
CATGCCTCATTACTCT-2	0.9242317	0.0071976306	0.046154466	0.0	0.0	0.0004276925	0.0	0.0
ATTCATCTCAAAGCCT-2	0.0	0.002615113	0.98786163	0.00162208	0.0	0.04035187	0.014580881	0.0
ACTTCGCCAGTGTACT-2	0.06110473	0.0	0.0	0.0	0.0	0.009655586	0.004021181	0.04059219
AATGGAACACTTGAAC-2	1.0823848	0.013646975	0.018076325	0.0052138604	0.016178576	0.0	0.0	0.0
TTCTGTAAGGAGCAAA-2	0.73913074	0.0	0.0	0.0	0.0	0.001461669	0.0	0.0023671247
TTCAGGATCTTCGGTC-2	0.8572515	0.027857818	0.02255659	0.016027896	0.017833268	0.0	0.0	0.0019208696
GGGATGAAGCGCCTCA-2	0.5821742	0.15095782	0.042757485	0.023872688	0.005480645	0.0	0.008509134	0.0037275401
AAGGTAACAATCCTAG-2	0.0	0.050711323	0.23407274	0.83958054	0.0	0.011094894	0.0	0.09225575
AAAGGTACACGGCTAC-2	0.0	0.0	0.0	1.3881533	0.2503441	0.0	0.0	0.0
GTGAGGATCGGCCCAA-2	1.2630787	0.0	0.0	0.0	0.0	0.0	0.011186059	0.0
CATCGTCTCTGGTGCG-2	0.90772563	0.011182101	0.0	0.027717642	0.0032896516	0.0	0.0	0.0
CTGATCCCAGCTGAAG-2	0.0	0.0	0.40399238	0.0	0.8627674	0.0	0.0022018831	0.025158523
TCAGGTAGTTTGCAGT-2	0.8482948	0.0	0.047710672	0.0	0.0	2.129821e-05	0.0	0.005198015
ACGTTCCGTGGAACCA-2	0.55716026	0.15406457	0.05375155	0.022742348	0.0	0.0	0.019329255	0.0
TAATTCCTCTGGGAGA-2	0.6726735	0.019442556	0.06458064	0.0011846612	0.0	0.00307695	0.0	0.0
GGTGTCGTCCACGGAC-2	0.03615412	0.0	0.30991706	0.010941062	0.27511123	0.0	0.0	0.0
GATGTTGAGTTGTCGT-2	1.1665565	0.0	0.0	0.0	0.0	0.0	0.004430723	0.0
GTAAGTCTCCTCTTTC-2	1.2171603	0.0	0.0	0.016586443	0.0	0.019705124	0.0	0.0
CTAACTTCAACATACC-2	0.964032	0.0	0.047462054	0.0124838855	0.0	0.0	0.0321563	0.033000354
GTTCCGTGTGCTATTG-2	0.80743927	0.012667244	0.05189267	0.0075666904	0.0	0.0028686905	0.0	0.0
GGGAAGTTCACAAGGG-2	0.14568877	0.0	0.0	0.0	0.0	0.0013560139	0.0026701014	0.0435655
CTGAATGGTATGATCC-2	0.0480122	0.09491507	0.013528589	0.9681924	0.0	0.0	0.0	0.07457889
GCCAGCAGTTGTGTAC-2	0.9402314	0.017067978	0.05654526	0.00022171145	0.0	0.0	0.0	0.0
CATGCCTCAACCACGC-2	0.0066135065	0.058547918	0.69307494	0.011732225	0.12788258	0.028841432	0.0004934014	0.0
AAGATAGTCTCCTACG-2	0.8713064	0.0066448264	0.036736783	0.0034812742	0.0071167243	0.0	0.0	0.011753749
GCTGCAGTCAAGAAAC-2	0.89692146	0.009348253	0.08497249	0.0016165191	0.0	4.0767405e-05	0.01606728	0.0
AATGAAGTCCCGTGTT-2	1.0803965	0.027499128	0.015663918	0.0	0.0	0.0017549994	0.0014911139	0.008453733
TGCTCGTTCAGAGTGG-2	1.1145188	0.0	0.020342894	0.001929443	0.0	0.0	0.0	0.0
CGGGTGTTCCCATAAG-2	0.82956547	0.0	0.024604065	0.012569877	0.0	0.0	0.0	0.0
GAATAGATCGGCTGTG-2	0.0	0.01762464	0.050915137	0.010619054	0.36773783	0.4444421	0.0032800704	0.10760758
CAACCTCCAGCTATAC-2	0.66387415	0.073240854	0.012665008	0.01926681	0.027617171	0.0	0.0	0.0
TTCCAATTCGAGAATA-2	0.9968288	0.021400277	0.052699104	0.0	0.0	0.0	0.0	0.0
CACTTCGGTTAGGCTT-2	0.029038472	0.038641445	0.6438071	0.044529084	0.29686874	0.0020526343	0.0	0.040179033
CTCGAGGCATTCTCCG-2	0.81072634	0.018833932	0.00854663	0.0	0.022652945	0.007073405	0.0018742116	0.0
GTGATGTTCTTCGGTC-2	0.09534278	0.021079276	0.5867755	0.023865655	0.17532119	0.007460651	0.0	0.026628738
GGGATCCTCCAGTTCC-2	0.0	0.012925429	0.52583754	0.0	0.443392	0.0	0.0	0.0051822946
GCAGCTGAGGCACTCC-2	0.9818761	0.043771427	0.013966613	0.04373917	0.00788381	0.0	0.018232826	0.0
GTGTGGCGTACTCGCG-2	0.0	0.0	0.09081254	0.0	0.12677087	0.605541	0.0	0.35951123
CAGTGCGCAATCTCGA-2	0.83804375	0.0077392957	0.05047617	0.006910629	0.0	0.0	0.008874373	0.0
TGCAGATGTCTAGATC-2	1.144871	0.013442569	0.0	0.0	0.038986675	0.0	0.0	0.0
TGTTCATCACACACTA-2	0.02359784	0.0	0.29528862	0.012437889	0.77243066	0.0	0.0	0.0
AGGTAGGAGGGTAATT-2	0.96296275	0.0	0.01680138	0.0021840793	0.0	0.005270635	0.0011756434	0.0008383362
GATCACATCCTCGATC-2	0.8879403	0.027805658	0.029742604	0.0	0.0	0.0041270466	0.0	0.0
GGGTTATTCTGTCTCG-2	0.78229785	0.0	0.0	0.00034869649	0.0	0.0	0.0	0.0
CCGGTAGAGTGCACAG-2	0.70654243	0.02613618	0.04622979	0.0	0.0	0.0049652234	0.0	0.0
GACCGTGAGGAACTCG-2	0.67440766	0.039952043	0.029661251	0.004006095	0.010948546	0.0049324147	0.0	0.0
CCCGAAGGTTTCGACA-2	0.79421306	0.0	0.0	0.0041380953	0.006560577	0.0030307167	0.0	0.0
AGAGAATTCCATTCAT-2	1.0795624	0.0192883	0.013795766	0.0005755903	0.009602454	0.0021461209	0.000601083	0.003891889
ACTTTCAGTCGAAGCA-2	0.0	0.0	0.0	1.2738425	0.0	0.0	0.0	0.0
TGTCCACGTAGACGGT-2	0.9183627	0.061560817	0.0	0.0	0.0	0.00025974406	0.030271204	0.00837336
CTAGGTACAGCACACC-2	0.0	0.0	0.8330022	0.0	0.22508705	0.0	0.0	0.0
TTCAATCCAAGAGTGC-2	0.1298703	0.021434676	0.6198014	0.012064314	0.09284584	0.08556241	0.0	0.07348437
TACCTCGGTGCGGCTT-2	1.058134	0.007536805	0.016885746	0.020194987	0.028858928	0.015438749	0.0	0.0
GTGAGCCCAGTTGAAA-2	0.49260125	0.10834913	0.051234014	0.036538206	0.0	0.013557531	0.022636281	0.020059569
TCGACCTCAAGAAACT-2	1.1180569	0.011392897	0.0036670861	0.0	0.0	0.011765799	0.0	0.0034348161
GTTACGAAGCTCGACC-2	0.9658519	0.0117438575	0.03769657	0.0	0.0	0.0028561028	0.0	0.0
AGTTAGCCATAATCGC-2	0.1297251	0.03332376	0.82212466	0.0043079196	0.0	0.0664051	0.0	0.0034557828
TCATCATTCTCGCTCA-2	0.6831195	0.15972933	0.0916915	0.03705559	0.0	0.01578684	0.07087409	0.0
CAGGCCAAGTGAGCCA-2	1.1835682	0.060349192	0.06171744	0.011638391	0.0	0.0	0.008909097	0.0
CTCAACCTCCGATGTA-2	1.3455715	0.054007504	0.0	0.0046050586	0.001412295	0.0	0.036914706	0.0
TGACAGTCAAGCCATT-2	1.0025918	0.0040291664	0.010566512	0.0	0.025329698	0.0096064955	0.0	0.010182047
CAGCCAGAGGTTTGAA-2	0.9199703	0.0	0.0027114854	0.012419322	0.0009913719	0.0057362053	0.0	0.0023910254
TTGATGGAGTATGCAA-2	0.9194616	0.0054743886	0.048788775	0.0	0.0	4.9374044e-05	0.0	0.0
GTAAGTCTCTCCGTGT-2	0.950136	0.0	0.0	0.0	0.020688878	0.0	0.010213667	0.0
ATCGTAGCATGTTTGG-2	1.115409	0.003100272	0.04253242	0.018805008	0.0	0.0	0.0	0.0
TATCGCCTCCCTGTTG-2	0.9829292	0.0	0.011723337	0.0	0.0047867266	0.000967248	0.0	0.0015239216
ACTATGGTCCAAGCAT-2	0.80111176	0.0	0.03668849	0.0028109665	0.0	0.009887972	0.0025978268	0.0
ACCTGTCTCATGTCAG-2	1.1535212	0.0	0.014337965	0.0	0.0	0.009327271	0.029208845	0.0
TTTCAGTCAACACAAA-2	1.0480257	0.023545688	0.0	0.00046065426	0.002022965	0.0	0.0	0.0
TGAGGTTGTGGCTACC-2	0.0	0.0	0.047056377	0.95800066	0.0	0.0	0.0	0.0
ATTCCCGTCTAGGAAA-2	1.0265657	0.048572887	0.002665373	0.002806239	0.013450502	0.006338129	0.06707565	0.0
AGGTCTACAATCGAAA-2	1.0615453	0.016458118	0.0	0.0070618065	0.0	0.0	0.005278312	0.023069909
AGTTCGAAGTGCAAAT-2	0.18896505	0.05744035	0.114226915	0.55574214	0.0	0.007562719	0.0	0.1250788
GGCTGTGAGGAATCGC-2	1.2162389	0.0	0.014208248	0.016038127	0.027121488	0.0	0.006168583	0.003714559
GAGAAATTCGTACACA-2	1.3077669	0.02258425	0.021575537	0.0	0.0	0.0057059997	0.0	0.0026067381
TACAACGTCCGCGATG-2	0.062684245	0.0	0.0	0.0	0.0	0.007449679	0.0	0.046619084
ATGTCTTAGGTTCCAT-2	0.04093148	0.016830238	0.79744416	0.015784552	0.059709355	0.024621205	0.0	0.004542341
GTCTCACTCAACTGGT-2	1.0727228	0.04112847	0.0	0.014742843	0.0074234162	0.0013344351	0.070497945	0.0023784179
AGAGAGCTCCGACGGT-2	1.1144674	0.011788257	0.01699212	0.0	0.0	0.0	0.0	0.0
GGTGTCGAGTGCTAGG-2	0.0	0.0008233086	0.829646	0.0	0.14265968	0.0	0.008323639	0.0
TACTTCAAGTGGATAT-2	0.0	0.0	1.0887443	0.0	0.1326986	0.0	0.001410051	0.016523326
CGGAATTGTGGTCTGC-2	1.1093521	0.037381645	0.036439624	0.001768291	0.0	0.0	0.0	0.0030353428
GGGCCATAGCTGCCTG-2	0.31392354	1.0116	0.0	0.015124831	0.011236471	0.0	0.045555387	0.0025967804
TTGTTTGGTTGAGTCT-2	0.0	0.0	0.0	1.215371	0.0	0.0	0.0	0.10107196
GAGGCCTCATCCTAAG-2	0.6404314	0.008205026	0.020612488	0.0	0.0	0.0009649748	0.0	0.0003237252
TAACCAGGTCGCGGTT-2	0.82978153	0.030051518	0.0	0.0152008915	0.0	0.0	0.0	0.008043831
GGGCGTTCAACTGGTT-2	0.0	0.0	0.03422715	0.25481322	0.060309753	0.0	0.0	0.864875
TACTTACTCCTATGGA-2	1.1214004	0.027558625	0.069930404	0.005356382	0.0	0.00490254	0.036746368	0.0
TATCTTGTCCTAAGTG-2	0.0	0.038795535	0.03336592	1.2273734	0.0	0.0	0.0	0.0
AATGGAAAGTTCCATG-2	0.93807966	0.0014707918	0.0	0.032667357	0.0106635345	0.0037356627	0.0	0.0016831838
GGCTTTCAGGGATCGT-2	0.9773135	0.040014237	0.04352508	0.0	0.0	0.0	0.0	0.0
TACTTCATCGCATTGA-2	1.0377817	0.0051520304	0.0315611	0.020944305	0.03370895	0.021479059	0.0072192885	0.0043538283
CTAGACAGTACCTAAC-2	0.7311917	0.0	0.0032422272	0.0	0.0	0.0	0.0158614	0.0
ATGCCTCGTCTTGTCC-2	0.10875065	1.045755	0.0	0.008302964	0.0854092	0.022995695	0.08418344	0.0
CGGAATTGTTGTGTAC-2	1.1535339	0.0	0.024451239	0.022367002	0.0	0.0011926303	0.012769862	0.0013064473
CAACAGTAGGGTCACA-2	0.0690765	0.05244913	0.082699195	0.6157234	0.0	0.06839688	0.0	0.09596858
GCATCTCCAACAGATA-2	0.88439566	0.061653864	0.021169813	0.013906659	0.0	0.0025391274	0.0039283964	0.002636135
TATACCTCAAATACAG-2	0.018082874	0.007634124	0.68945104	0.0	0.3213382	0.0	0.010971131	0.027232496
CTACCCACAACGTAAA-2	0.8228207	0.028906621	0.041323572	0.0	0.0	0.009264057	0.0	0.0
AGTGTTGAGAGGCCAT-2	0.16708371	0.07606537	0.09390628	0.6342308	0.0	0.0	0.00076033856	0.17277417
ATCCATTCATCACCAA-2	0.94601023	0.025284879	0.0	0.009412911	0.022852575	0.016207151	0.023315238	0.0
AGATCGTGTGTCATTG-2	0.0	0.020849662	0.0	0.0	0.14067683	0.8556584	0.0	0.0
CCCTAACGTAGGCAAC-2	0.78372276	0.010734794	0.03768218	0.0034781927	0.0036180192	0.008931496	0.013140173	0.0
CAGTTCCTCGGTATGT-2	0.7165113	0.0	0.019371355	0.0	0.004381953	0.0	0.0	0.007150282
GCATCGGTCAAGGAGC-2	0.0	0.0	0.7312968	0.0	0.38801032	0.0018367408	0.023295702	0.0
GTCATTTTCCCTCGTA-2	0.8084786	0.041679014	0.035122983	0.0	0.0	0.008311463	0.0	0.0
TGGTTAGGTTATCTGG-2	0.750054	0.021033857	0.030160619	0.0063174176	0.0016473955	0.002948649	0.0	0.0
GCAGCTGGTATCTCTT-2	0.8562834	0.005314658	0.03038553	0.0035970758	0.010377239	0.0	0.0	0.0
GTTATGGTCTACCCAC-2	0.91115403	0.009322996	0.0049354034	0.0049000406	0.0	7.189294e-05	0.0	0.0
CTGAGGCGTTGGACTT-2	0.8222584	0.0007811228	0.02895719	0.0	0.0	0.0	0.0	0.0
CGAAGTTTCCCTCGTA-2	1.0294483	0.01982887	0.08153577	0.003968243	0.0	0.0	0.0	0.0
CATTGCCAGAGGGTAA-2	0.0	0.0	0.052883517	0.0	0.25986588	0.29591504	0.0	0.2354524
AACACACTCCCGAGTG-2	0.0	0.0	0.13565665	0.0	0.0	1.0813024	0.005116958	0.0
GACCCAGTCTCATTAC-2	1.067157	0.008400887	0.015147351	0.0037224884	0.0	0.038831595	0.10103379	0.008554782
GGGCGTTGTATGGAGC-2	0.9753357	0.030553546	0.034966324	0.0	0.0010883649	0.0	0.0010165959	0.0
AGGGTGACAACAGCTT-2	0.06739496	0.014741694	0.67514807	0.025097875	0.052860983	0.0016820398	0.0	0.0
GTGATGTTCACTGATG-2	0.8237439	0.004742192	0.009750113	0.017751062	0.0	0.0	0.0	0.0
GTCCACTCACGCACCA-2	0.67825395	0.008502578	0.044291258	0.0	0.0	0.0	0.0	0.0
TTCTGTATCGACGTCG-2	0.0	0.0	0.9558068	0.027609369	0.18307115	0.0123374015	0.032442994	0.006054846
ACGGAAGTCTCCGAAA-2	0.97408724	0.049430195	0.01893228	0.009810122	0.0	0.0060928403	0.0014899306	0.0
ACTTCGCTCTAGTGAC-2	0.0	0.0	0.0	1.0206685	0.09735745	0.057129584	0.008699957	0.0
CGAGTGCAGATGATTG-2	1.2713443	0.026170876	0.0	0.0	0.0	0.0	0.0023544547	0.0016602877
ACTTTGTTCTGAATCG-2	0.0	0.0	1.4049591	0.0	0.0	0.032494865	0.0	0.0
ACTTCGCAGTCGAATA-2	0.6531937	0.0	0.05506447	0.0072872587	0.0	0.00014986265	0.0	0.0
TGTACAGTCAACCCGG-2	0.6863166	0.0	0.031572178	0.0	0.0	0.0	0.010768629	0.03389722
TGTTCTATCGCTCCTA-2	0.9645613	0.09247298	0.0	0.027317202	0.07373719	0.03979031	0.0959279	0.024980906
CATGCCTTCCCGAACG-2	1.02819	0.040589727	0.08234201	0.015432095	0.0	0.0	0.0	0.0
CCTAACCGTGAGGCAT-2	0.0	0.009579342	0.5323499	0.0064258655	0.5618148	0.0	0.009578932	0.008621255
CGATGCGTCTCGTCAC-2	1.1382962	0.0	0.03402887	0.0	0.0	0.0	0.0	0.0
TGGTAGTGTTCTGACA-2	0.9500176	0.07082923	0.0	0.0	0.0	0.009349912	0.0	0.0029220202
CTTAGGACAGCATACT-2	0.9969258	0.023593225	0.0	0.0	0.018071204	0.023758678	0.023243112	0.0
GCAGGCTCAAACTAGA-2	1.1237452	0.0014162355	0.017040275	0.0	0.005031442	0.00015021596	0.0	0.009421215
GACACGCCACTCCCTA-2	0.9952292	0.02970062	0.09875369	0.0	0.0	0.0	0.0	0.0
TCTTCCTTCAAGAGTA-2	1.0402466	0.049943402	0.0	0.0	0.0	0.0	0.0	0.0
AGAACAAAGTCACAGG-2	0.0	0.0	0.9354855	0.008966431	0.15038888	0.11162116	0.016871732	0.058020208
CAGATACAGTACAGCG-2	0.9269349	0.009211259	0.04284036	0.0	0.0	0.0	0.0	0.0
AGACCCGGTCCTTGTC-2	0.04352541	0.0	0.0	0.9733137	0.07322496	0.0	0.0043961876	0.011928132
TGCTGAAGTACGAGTG-2	0.0	0.0	0.84717613	0.0	0.2026276	0.0	0.0029792932	0.0
GTTCGCTGTCGTGCCA-2	0.9108935	0.014342093	0.0	0.0014163601	0.022144135	0.0	0.022626368	0.0
GGGTTATTCCTGTTAT-2	0.82669395	0.0	0.001986489	0.0	0.0	0.0	0.0	0.0
GTAGAGGCACATACTG-2	0.0	0.016280051	0.6390684	0.075881146	0.42169592	0.0	0.0018341962	0.037041564
ACGCACGTCCTGCTAC-2	0.014095528	0.058402553	0.45222342	0.026717613	0.2644466	0.0	0.0041505806	0.120063215
GGTTCTCGTCGAATTC-2	1.4407667	0.03359855	0.03817193	0.0	0.0	0.0	0.0038144577	0.0141009465
CTCCACACACGACTAT-2	0.0	0.0	0.6427184	0.02924225	0.3222357	0.057493255	0.008159705	0.009166698
GAGAGGTGTATCGTGT-2	0.0718441	0.01836916	0.6985174	0.022533964	0.3241093	0.0	0.005365298	0.036332246
GCCCGAAAGGGCCTCT-2	1.0885776	0.0070198993	0.034108125	0.0	0.013019731	0.0006282168	0.007145398	0.0
TGACAGTGTGTCCACG-2	0.86508304	0.0017884013	0.040243004	0.006278636	0.0	0.001264608	0.0	0.0032679827
TCGACGGAGGGATCGT-2	0.88659763	0.012800995	0.021156933	0.039694764	0.0	0.00084369356	0.0	0.0
ACCCAAACATGTCGTA-2	0.82992977	0.006934835	0.0	0.019203238	0.0	0.0	0.0	0.0
TTCCTTCTCAACTCTT-2	0.44645417	0.14061725	0.052319143	0.040353443	0.0127107445	0.0	0.018711798	0.0017347817
TCTTGCGCACTGATTG-2	1.0875572	0.0	0.11377938	0.041040413	0.0	0.0	0.13793783	0.0
ATGGGTTTCAAACGAA-2	0.910145	0.035729058	0.0	0.0	0.0	0.0	0.01622057	0.00140027
AGCCAATTCCTCAGGG-2	1.1877565	0.011747993	0.053121388	0.0	0.0	0.0	0.0	0.0
CCCTTAGTCCTGTAAG-2	1.1103802	0.06732193	0.023042751	0.0	0.007585703	0.012314182	0.0	0.0
GAGGCCTCAAGTGGTG-2	0.4499547	0.17359237	0.0	0.05229658	0.0	0.0	0.077156946	0.004391263
GAAGCGAGTAGGCTGA-2	1.0163344	0.0	0.0	0.0	0.0	0.0012970673	0.0	0.0
TGAATGCAGAAGGTAG-2	1.2141497	0.0042985445	0.0	0.0044017565	0.0	0.0	0.005052007	0.0010694815
GAACACTCATCAGCTA-2	0.6130208	0.033586938	0.0	0.0982513	0.0	0.0	0.060578395	0.089012
GAATCGTAGAATCGAT-2	0.079283446	0.012395982	0.17153618	0.0120616825	0.0	0.39769936	0.017013783	0.36660692
AATCGTGCAGGTCTCG-2	0.8793249	0.0	0.021464976	0.0	0.0	0.0	0.0	0.0019692723
GCCATGGGTAGCGTAG-2	0.78018534	0.032783344	0.030936759	0.005884029	0.0	0.0	0.0	0.001992954
CTGGCAGCAGAGGACT-2	0.906723	0.0	0.0	0.0	0.0	0.0112255765	0.105245546	0.0
GGCTGTGTCCGGTTCT-2	0.45803097	0.12999544	0.19496167	0.101370886	0.0089824395	0.0	0.3438461	0.0
TACGGTACAGTTTGGT-2	1.0960951	0.010438117	0.008386272	0.0	0.0	0.0055058664	0.0	0.0
TGATGGTAGAATACAC-2	0.38419637	0.024558114	0.022964522	0.0	0.0	0.013493208	0.0	0.043109138
TCATACTCAGTGACCC-2	0.046630014	0.041635547	0.0062691798	0.93764794	0.014565421	0.016494341	0.0	0.018189715
AGCGTCGTCAAAGCCT-2	0.1357229	0.06144865	0.8455512	0.0	0.1570112	0.0	0.0	0.034112353
ACGTAGTTCGAAGTGG-2	0.0	0.025241433	0.94900304	0.026852418	0.027951682	0.09722621	0.012851316	0.0
GGAAGTGAGGTTACAA-2	1.0824455	0.012157328	0.018588414	0.0	0.0	0.0025514786	0.021342184	0.0
TGGATCACATGACTAC-2	0.049046483	0.043693054	0.08085624	0.004704628	0.19914043	0.30385682	0.0013081606	0.23470077
TTCTGTAAGTACAGAT-2	0.08532347	0.094945505	0.041309632	0.7370025	0.0	0.0	0.00981736	0.16766329
TACCCGTAGGGTGAGG-2	0.0	0.039032217	0.0	0.9148551	0.0	0.0	0.0	0.26157698
TTCCGGTCAGCTCGGT-2	0.0	0.0	0.02657567	0.0	1.0568873	0.0	0.007877698	0.0
CCAATTTAGTTAGTAG-2	1.0362376	0.0074440665	0.0	0.006093632	0.0032235545	0.005162867	0.0	0.0035339156
TTCAATCAGGCCCAAA-2	0.8385167	0.01279476	0.004433384	0.009464065	0.00788724	0.0	0.0	0.0028044549
AGGATCTAGACTAGAT-2	1.0918715	0.0009677474	0.0	0.0	0.0	0.0	0.0	0.0
CCACCATGTGATTCTG-2	0.0066946545	0.8836934	0.04515431	0.03329489	0.0	0.0	0.0022499429	0.012556616
GATGATCAGGGCAATC-2	0.7585471	0.0	0.0075069796	0.0071806475	0.0	0.0	0.0	0.0
TACAACGGTCCCGCAA-2	0.08132127	0.0	0.0	0.0	0.0	0.002391172	0.0028031347	0.06371921
AAGCGAGGTGGACAGT-2	0.83383864	0.0	0.0	0.0	0.0	0.0	0.6081692	0.0
GCGATCGGTGCGAGTA-2	0.9623775	0.0047618416	0.0	0.0	0.008461939	0.0031331745	0.0	0.0
CTCAGAACAAGTTGGG-2	1.0294815	0.005948046	0.024550809	0.0034533152	0.0	0.0	0.0	0.0
TCACGGGAGAAACTAC-2	0.82851183	0.004314401	0.03534463	0.0	0.0051269676	0.0	0.0	0.0
TTGTTCAGTCTGTGGC-2	0.06579562	0.036797203	0.036503512	0.55358034	0.008107323	0.0	0.0	0.16558291
GCTTCACGTCGTCATA-2	1.1937792	0.0	0.0	0.0	0.0	0.0	0.0	0.00835238
CAGCCAGCAAGCTACT-2	0.0	0.0	1.02112	0.0	0.19050136	0.0	0.0024359524	0.0
GTTGTCCAGGCCCACT-2	0.0	0.0	0.0	1.0884721	0.031133581	0.0	0.00084277644	0.0
CTGCAGGCACTGAATC-2	0.0	0.020306831	0.9398484	0.0	0.2894852	0.0	0.0019605248	0.0
TCATTTGTCTACCAGA-2	0.16655412	0.061771955	0.8159687	0.025126282	0.04101633	0.026221346	0.0	0.0
TCCGGGATCACCTACC-2	0.13082047	0.026641143	0.0699666	0.87640625	0.009985735	0.010438767	0.0	0.0
ATCCTATGTGTCACAT-2	0.042552456	0.0	0.6742089	0.040989444	0.33778688	0.02592543	0.008462986	0.0073100724
AAGCATCTCAAGAGGC-2	0.14127211	0.0822758	0.3950225	0.02120077	0.44750795	0.012202538	0.0	0.100913435
TGGAGGAGTAGAGATT-2	0.10230739	0.0	0.0	0.80368686	0.15730056	0.0	0.02146249	0.0
GCGGATCCAAGCAATA-2	0.92993003	0.045220282	0.0	0.035646133	0.023417735	0.0	0.01552214	0.003217824
ATTTCACCAATAGTGA-2	0.0	0.0	1.2074807	0.0	0.0	0.016113749	0.0022045337	0.0
AATCACGAGGTCCCGT-2	0.93056387	0.19523503	0.00795857	0.014222183	0.0	0.0	0.018452913	0.0
GTTGTGAAGCTGACCC-2	1.0346389	0.0035182822	0.022002406	0.03098055	0.0	0.0	0.020592008	0.0
ACTATCTAGTATCTGC-2	1.0093366	0.0	0.0	0.011764266	0.0	0.0014089382	0.0	0.0084864255
TACTGCCGTGGCTTAT-2	0.6459512	0.018772177	0.01790335	0.0	0.0	0.0	0.0	0.0
CGAGTGCTCTGTCTCG-2	0.22376381	0.0	0.77690285	0.08848578	0.11441645	0.053523887	0.006507846	0.0110429
CTTCTAATCAGGGATG-2	1.1772716	0.0	0.006864314	0.0012754458	7.0454465e-05	0.0	0.025185948	0.0032053876
GGGACTCCATGTCAGT-2	0.0	0.0	0.0	0.0	0.0	0.6743896	0.0	0.30441028
TAGGTTGCAAATGCTC-2	0.07037442	0.009677602	0.81777805	0.031351697	0.10244734	0.0	0.0	0.0
TAGGGTTCAGGGTCTC-2	1.0926912	0.032249834	0.017624661	0.06508275	0.025592556	0.0	0.0	0.0
TTACGCCCAAGTTCCA-2	0.9716312	0.025306854	0.048017517	0.0005428132	0.0	0.008728995	0.0	0.0
TACGGTAGTGGGATTG-2	0.8473622	0.025205668	0.050047375	0.04932439	0.0	0.0058102314	0.0	0.036626462
GTGGCGTAGTCTAACC-2	0.7995396	0.0030536992	0.0012071617	0.0	0.0	0.0	0.0	0.040303018
CGTCCATGTGGGAGAG-2	1.0291572	0.018559502	0.0038565286	0.024078803	0.021164684	0.002862805	0.008326132	0.024293182
GAGGGTATCCAACCAA-2	0.8932478	0.01878065	0.03236361	0.0122172	0.0	0.0	0.0	0.0
TTGCCTGGTCCGACGT-2	0.088573895	0.063663624	0.1804453	0.7784303	0.0	0.0	0.0	0.020187186
AGGTCTACAGAGGTTG-2	0.6961865	0.0	0.004609782	0.014605605	0.0	0.0	0.0	0.0
GCACGTGTCAAGTCGT-2	0.17430912	0.11887047	0.16916467	0.015469968	0.49918723	0.17537917	0.008601638	0.0018197754
ATGTCCCTCCAAGCTA-2	0.6180529	0.14197654	0.05730491	0.03324358	0.0020290434	0.0	0.0113847805	0.007929841
AGTCTCCTCGTAATGC-2	0.0	0.0	0.0	1.1320062	0.0	0.0	0.0	0.0
ACGGAAGTCCCGTGAG-2	0.8257868	0.0035242655	0.045449104	0.0	0.0	0.0	0.0	0.0
ATCTTCATCTCGCAGG-2	0.09166784	0.022501433	0.45462638	0.42671937	0.15610558	0.0	0.013635565	0.016145958
GCGTGCACAGGAGGAG-2	0.0	0.00828206	0.08009403	0.015095539	0.17394763	0.8130613	0.0	0.17884092
GCACGGTAGAGAGCGG-2	0.11842122	0.054153822	0.06437026	0.8829389	0.0	0.0	0.021109156	0.06186067
GTTACCCCAAAGTATG-2	0.6592002	0.0039078873	0.007865276	0.024293324	0.020720128	0.00044907743	0.0	0.0040338268
ATCGGCGGTTAGCTAC-2	0.09489919	0.08096708	0.6896538	0.07562728	0.05784357	0.08866744	0.0	0.10307269
AGGCATTCAATGGCCC-2	1.2193892	0.0	0.0	0.0	0.0	0.0	0.0	0.0153051065
TATTGGGGTCATCCGG-2	0.7623919	0.010762356	0.02776973	0.005523172	0.0	0.0	0.01741711	0.00716417
TGCGATACACTTGAGT-2	0.99766594	0.0	0.002369992	0.0	0.012114291	0.0	0.08184458	0.0
ATTATCCGTTTGGAGG-2	0.93687797	0.11282121	0.00023947857	0.103117876	0.007479034	0.0068358034	0.012778401	0.019021071
AGGCTGCAGCCTGTGC-2	0.72811955	0.040084355	0.0915585	0.0	0.0	0.005929538	0.018815756	0.0022332259
TGTCCACTCCATCGTC-2	0.01818194	0.010062595	0.5254077	0.5482233	0.029463	0.0019683407	0.009983516	0.042101286
TTGTTGTAGAGGCGGA-2	0.77332866	0.0	0.0	0.0	0.0	0.0	0.006559224	0.0
ATCACAGGTTATGACC-2	0.67272735	0.024410535	0.05045076	0.012037092	0.0	0.0	0.0	0.0
CCACGAGCATCCGAAT-2	0.0	0.0744504	0.0	0.0	0.26311907	1.1039046	0.0	0.0
GCCATGGAGTCTAGCT-2	0.56146115	0.15521984	0.0	0.018411225	0.030890297	0.0	0.015391671	0.012811316
ACGGTTAAGTGACACG-2	0.026475938	0.0	0.0	0.0	0.0	0.005398249	0.0013415692	0.016167853
TCCCAGTAGGTTATAG-2	0.94128597	0.0	0.0070704166	0.008827758	0.007842947	0.0019606524	0.051662844	0.0
ATTCCATAGCTTCTAG-2	1.3461909	0.0014802279	0.0	0.0	0.0	0.0	0.00706831	0.0
CAACCTCCAAATCAGA-2	0.82452434	0.0029903413	0.0012224284	0.006664193	0.0	0.0	0.0039479355	0.0005245889
CGAGAAGGTGTCCATA-2	1.3304926	0.0	0.0	0.033373185	0.0	0.013654777	0.020786067	0.0
AATAGAGGTAACACGG-2	0.8066898	0.055985387	0.049670093	0.0	0.010727066	0.0019844912	0.00021165407	0.00068750884
TTGAACGTCGTAGGGA-2	1.1153643	0.0	0.0	0.016063882	0.0060890247	0.0	0.0249072	0.0044036387
TTTACTGCACTTCATT-2	0.7262367	0.006378909	0.025360506	0.0	0.0	0.0	0.0	0.0
GTTACCCCAAAGGGCT-2	0.037772927	0.036718376	0.009851905	0.7645111	0.0	0.0	0.0	0.18407577
AGGTAGGTCCGCAGTG-2	0.95782167	0.0	0.02993961	0.0	0.0	0.0019349429	0.0	0.0
GGTGTTATCGCCTTGT-2	1.1532791	0.010283962	0.0	0.013902073	0.0015666276	0.0041429508	0.0015099865	0.0
GGTTGTAGTCATCACA-2	0.95690614	0.0001487982	0.0011338061	0.0	0.0	0.0	0.0	0.0
GGTTCTCTCGAGTCCG-2	0.79005426	0.03356043	0.0	0.044388708	0.021166284	0.0	0.021224447	0.0
TATCGCCTCTGTAACG-2	0.7846485	0.03757313	0.019813584	0.004705847	0.0	0.0041168868	0.0	0.0
TCGGGACGTAGAGGAA-2	1.0170485	0.0	0.014016442	0.0323149	0.0	0.0029112042	0.0017244654	0.0
TTGCTGCTCGTGGGTC-2	1.0796108	0.0	0.03427733	0.019409914	0.016746482	0.0	0.0	0.0010580203
TTAGGCAGTTACACTG-2	1.3304298	0.0	0.0	0.021781458	0.00739608	0.0	0.023256755	0.0
CACGTTCTCGTGTGGC-2	0.06149336	0.0	0.0	0.0	0.0	0.0064780577	0.002117351	0.03793155
TGGAGAGCAGACACAG-2	0.9552642	0.013650668	0.013631268	0.0076364297	0.0	0.0133771645	0.0041823327	0.0
TTGCTGCAGGATGAGA-2	0.0	0.0	0.43059483	0.0	0.8317431	0.0	0.0	0.02305336
ATTCCCGCAACCCTAA-2	1.1848475	0.0	0.0	0.0	0.010436398	0.0	0.02453347	0.0057935696
ATCTTCATCACTACTT-2	0.0	0.016011551	0.6070833	0.0048019253	0.3708223	0.062310036	0.0077413917	0.0
TATCTTGGTTCAGGTT-2	0.77028775	0.039533623	0.019568268	0.010806679	0.002688564	0.0	0.0041699205	0.0
TCTTCCTTCCGCACGA-2	0.77009267	0.01878457	0.050028827	0.0	0.0039966316	0.0054032994	0.0	0.0
CCTAACCGTGGCATCC-2	0.0019972757	0.0	0.18848157	0.024348978	0.7727107	0.0	0.009490516	0.034157015
CGTGAATGTGGATACG-2	0.0	0.0	1.0690233	0.0	0.0	0.08806003	0.0	0.07190575
TGCTCCAAGGTACTGG-2	1.0319794	0.02130837	0.028809987	0.052732095	0.005870861	0.0017637359	0.01808821	0.0
CACGTGGTCACGGTCG-2	0.0	0.002788743	0.6551904	0.0	0.45900077	0.0	0.010393647	0.0
GTTCCGTCACAGCTGC-2	0.8310796	0.02522844	0.051964976	0.007807269	0.0	0.0029612177	0.0	0.0
GAGGCAACACAGACGA-2	1.1928116	0.0	0.0	0.0	0.0	0.0019107537	0.0095921615	0.007394136
GAGACCCCACTTGTCC-2	0.64778394	0.07483652	0.04372311	0.033460334	0.0	0.006730471	0.0032234588	0.0
AGGGCTCTCCACAGCG-2	1.0313638	0.014740635	0.0	0.0	0.0	0.015447375	0.015060228	0.0039879438
GACTATGGTCCGTACG-2	0.89980114	0.0	0.0150758475	0.013898562	0.0	0.0	0.0	0.0
CGGTCAGTCCATATGG-2	0.970785	0.045319006	0.06803064	0.0	0.0	0.009825653	0.0	0.0032843486
AGACTCATCTATCCAT-2	0.9375733	0.0	0.01694112	0.0	0.0	0.034771193	0.014489223	0.0
GTGCGTGGTGCGTGCT-2	1.1697289	0.0	0.0	0.0	0.0017934252	0.0025173079	0.0	0.009313996
TCAGGTACACTCATAG-2	1.3595527	0.0065463376	0.0	0.0	0.0	0.0	0.0	0.0075419066
TCCTCTTCACCAGCCA-2	1.1112528	0.0	0.012040709	0.0	0.0	0.0	0.0	0.007268016
GGTCTGGAGATTAGCA-2	0.055895288	0.01757496	0.07971689	0.89506215	0.0	0.0	0.0	0.0
AAACGCTTCTAAGAAG-2	0.021638662	0.011715157	0.7055473	0.0033115717	0.186812	0.00339123	0.0	0.011498847
TGCTCCATCCTTGGAA-2	0.033065483	0.028670749	0.083179735	0.003529956	0.0047793933	0.9441751	0.005540181	0.0
TATATCCTCAAATGAG-2	1.0277892	0.004663126	0.0	0.0	0.0	0.0020250096	0.0021643757	0.0
GGACGTCAGGGCATGT-2	1.3448908	0.0	0.0	0.0	0.0	0.014249637	0.004800466	0.0
AGACTCATCATTGCCC-2	1.0959502	0.01612564	0.0023032238	0.0	0.031574175	0.031209713	0.02179204	0.046860352
TCCTCTTTCAGCAGAG-2	0.7423038	0.008542165	0.01953516	0.02074849	0.007742414	0.0	0.0	0.0
CGTAAGTGTTCCACAA-2	1.052686	0.027295802	0.0	0.0045316615	0.0	0.0	0.02269249	0.0
CGCATGGTCTAGGCCG-2	1.267798	0.027413443	0.034715466	0.0	0.0	0.0	0.0	0.0
GCAGCCATCACGATCA-2	0.90317655	0.01643324	0.013165054	0.0007468529	0.0	0.0073448946	0.0	0.0
CAGGTATCACAACCGC-2	0.033082746	0.009682104	0.0	0.8978434	0.104043245	0.0	0.0	0.0
TCCTCTTAGCTAGATA-2	1.2038805	0.01937687	0.0	0.023921236	0.0015904186	0.020852095	0.0	0.008941509
CAACAGTGTTTACACG-2	0.85372967	0.027270606	0.014084014	0.0051483763	0.0	0.00065627653	0.0	0.0
ATGGGAGCAAGTGACG-2	0.8835062	0.0	0.0	0.0	0.0	0.030900197	0.0015235331	0.0
CATCCACGTACGAGTG-2	1.1836251	0.016969126	0.021433633	0.0032208508	0.029332297	0.012343474	0.0	0.0015093202
CACACAAGTAGCGCTC-2	1.1644052	0.0	0.0	0.0	0.001094963	0.0	0.05458	0.004450757
TGAATGCAGATGATTG-2	1.0558285	0.0	0.0047193863	0.007638375	0.025616735	0.0	0.0	0.0
ATTGTTCGTGAACTAA-2	0.0	0.014913191	0.80876464	0.05053483	0.27266005	0.0	0.0056520095	0.01691395
AGATCCAGTCAACCTA-2	0.94115174	0.00567497	0.03612533	0.008558918	0.0	0.0	0.0	0.021778073
CGTAAGTAGGAACTAT-2	0.0	0.0	1.1799419	0.0	0.0	0.016691951	0.0	0.0
CTAGACAGTTTAGAGA-2	1.1308047	0.033796567	0.0	0.0058550523	0.0	0.021529315	0.001983862	0.0
GCAGGCTGTGGCTTAT-2	0.15369655	0.069083974	0.78414255	0.044003777	0.022220265	0.015840324	0.0	0.01977782
GCCTGTTTCCTTATGT-2	0.0	0.0	0.0	0.013746531	0.0	1.13088	0.0	0.0
CAGTTAGAGCAAGGAA-2	0.8030569	0.015982501	0.03812507	0.0	0.0	0.0	0.040478352	0.0
TGTTGAGGTATTCTCT-2	0.9286718	0.016149798	0.0	0.011890913	0.0050771195	0.0	0.04980064	0.016272195
AGGAAATTCGCTGTTC-2	0.022284342	0.0	0.0	0.0	0.0	0.0056263665	0.001519555	0.018910902
ACTCCCACAGTATGAA-2	1.2127209	0.026590012	0.0	0.0055051777	0.0	0.0	0.0026398937	0.0122453235
AGTGCCGAGCTCGGCT-2	1.0866815	0.0072947526	0.00931545	0.015431245	0.017357277	0.00049740105	0.0	0.0012607661
CACGGGTCAGTGAGCA-2	1.1696068	0.011695123	0.017967638	0.0	0.025897691	0.0	0.0025828688	0.0
CCATCACAGTGGAAAG-2	0.9828108	0.049860213	0.0	0.005935255	0.0009530752	0.007891014	0.17170584	0.0
GGCTTTCTCACAAGAA-2	1.2545155	0.017097954	0.025191378	0.016906213	0.004196846	0.00018104335	0.0	0.0
TTCCGTGTCAGTCACA-2	0.841915	0.017263593	0.0015491649	0.009647523	0.0	0.0	0.012472495	0.0
TTCCACGCAGTCGCAC-2	0.72270256	0.0	0.0	0.03904649	0.0	0.0	0.0102933105	0.011163311
CACTGAAAGTGAGCCA-2	0.84151024	0.047937896	0.061188955	0.021271912	0.0	0.007432837	0.0	0.0
AAGCCATAGATCCCGC-2	0.81858385	0.0	0.026744071	0.0	0.0	0.0	0.0	0.0
TTGGGCGTCGGTTGTA-2	0.8907627	0.017161988	0.0476334	0.010710289	0.020314276	0.010051568	0.041262954	0.002842604
CTAACCCTCGGAATGG-2	0.12548126	0.039566774	0.0	0.6707524	0.0	0.0	0.0	0.4065628
CAGGCCAGTCACTAGT-2	0.06622293	0.04916643	0.104185335	0.74036974	0.0	0.0	0.0	0.22535256
CAACCAATCATTCATC-2	0.7903147	0.0	0.04414877	0.0	0.0	0.0	0.0	0.0
CAGTTAGCACGTCATA-2	0.97426575	0.0	0.0	0.0075325524	0.0	0.0	0.0	0.0
CAACCAAAGCTGTACT-2	0.95762384	0.013636163	0.01232211	0.014244592	0.002399345	0.0	0.009245318	0.0
CATCCGTTCCTGGGTG-2	1.0144454	0.012153773	0.009432576	0.0	0.0	0.003680066	0.0	0.0
GACTTCCTCCGGACTG-2	0.66823643	0.0	0.04168806	0.014962432	0.0	0.0	0.009029235	0.0
GACTATGCAATCTCTT-2	0.0	0.012710377	0.20125245	0.0	0.0	0.4249987	0.0	0.47915757
TCACATTCATGACTAC-2	0.9467908	0.0026992403	0.0016503547	0.011589656	0.014930854	0.008774362	0.0	0.0011539278
AGAGCCCAGGTGCTGA-2	0.7928751	0.0024739876	0.0	0.011774886	0.0038407391	0.0	0.0	0.0027401533
CTCTCGATCCTACGGG-2	0.8715409	0.05304995	0.0	0.046702158	0.026046347	0.0	0.029834388	0.008999194
GATCGTATCTGAATGC-2	0.14906868	0.02170716	0.8757796	0.012593151	0.071424656	0.039928656	0.0	0.0
TTGTTTGAGATTACCC-2	0.78884363	0.014377455	0.040547818	0.00874622	0.0	0.0	0.00044204466	0.00017818822
CTACAGATCCACTGAA-2	0.09383437	0.01829141	0.8327973	0.0096984105	0.0	0.051589414	0.0003982744	0.016967945
GACCAATGTATAGGAT-2	1.1004611	0.026729885	0.016504278	0.0131689375	0.0016758746	0.0	0.0	0.0
TTTGGAGAGTGGTGGT-2	1.2589942	0.013160865	0.0	0.0	0.0	0.006485987	0.060793012	0.019605558
ATCCGTCCATCGCTAA-2	0.92285115	0.0051526907	0.0	0.0035424521	0.0	0.0	0.0	0.0
TTTGTTGTCAGTCAGT-2	0.45287755	0.13451801	0.029558003	0.031714663	0.020882446	0.0	0.021546124	0.008767074
TAGTGCAGTAGCGCCT-2	0.0	0.06350495	0.084540196	0.0	0.0	1.0076087	0.0	0.0
TCAAGACAGTAGCTCT-2	0.0	0.0	0.0	0.0	0.26070482	0.6105189	0.0	0.15435964
ACCCTTGTCTAGAACC-2	1.084897	0.005985657	0.0	0.0	0.01000577	0.0	0.01333168	0.017655
ACATTTCAGAACTGAT-2	0.0	0.0	0.0	1.1644461	0.0	0.0	0.0044387444	0.0
GTGCGTGCATCGAGCC-2	0.95690984	0.004167246	0.017163984	0.010701652	0.0025026472	0.0	0.0051683076	0.0
CAAGAGGGTAGCCCTG-2	0.01714798	0.011649655	0.8382678	0.009539245	0.095277	0.03341306	0.0093055	0.004565435
CGTGATATCGCAATGT-2	0.0	0.0	0.67515355	0.016084494	0.2726243	0.0043441346	0.0	0.08649828
AGTGTTGGTTAGTTCG-2	1.0594813	0.0	0.00062564644	0.0	0.013194983	0.0	0.0011309606	0.00089355966
AGCATCACATCTATCT-2	0.007081145	0.019060701	0.0	0.0	0.124676935	1.0417217	0.0	0.0
TTCATTGAGAGCCCAA-2	0.70349777	0.0085006915	0.029023932	0.008901073	0.0	0.003044756	0.0	0.0
AGAGAATGTTAGAGAT-2	0.876009	0.039852332	0.0	0.004195077	0.0025266642	0.0019160223	0.0054494264	0.0
TAAGCCACAACCGACC-2	0.98975843	0.011255804	0.011508937	0.015145969	0.01446845	0.0	0.0	0.0
CTGTCGTTCCATGCAA-2	0.029273635	0.038440544	0.020565635	0.88929313	0.0	0.0	0.0	0.19103517
CAACAACCAGGCCTGT-2	0.13031463	0.056491613	0.22684471	0.015590363	0.18672758	0.17061004	0.0	0.14360008
GTCTCACGTGCGGATA-2	0.948309	0.0052384217	0.019309383	0.0014106781	0.0	0.0075390507	0.007713921	0.0
TGGGAAGTCAAGGAGC-2	1.0492252	0.004861935	0.0	0.0	0.0	0.0	0.013845782	0.0
TACCCGTTCTCTAGGA-2	0.0	0.011328474	0.024810985	0.9044559	0.009940531	0.014990697	0.0	0.0
AGGCCACAGTTGGGAC-2	0.8483527	0.0	0.0	0.0066233077	0.007627548	0.005752058	0.0014228654	0.0
ACAAGCTAGTGCTAGG-2	1.1531239	0.024922315	0.0	0.0	0.0033117381	0.024623146	0.008198671	0.0
CTCATCGGTGAGTTTC-2	1.162049	0.011591148	0.014094453	0.0	0.0	0.0	0.010284431	0.008584866
ACCCTTGAGCTCGTGC-2	1.1195419	0.0	0.0007570068	0.0	0.0	0.008688509	0.0	0.0
ACCATTTAGAATTTGG-2	0.0	0.028516093	1.0757209	0.0	0.0	0.017146736	0.0	0.02666634
ATCCCTGTCTAGACCA-2	0.0	0.027209068	0.9337475	0.0017086816	0.2715703	0.016456395	0.012341137	0.0
AGGTCTATCCCTAGGG-2	0.16941212	0.0321853	0.8614861	0.0	0.0	0.0	0.0	0.0
TCAGCAATCTGGACCG-2	1.1698625	0.0016710717	0.0	0.012101407	0.042677406	0.0	0.11601892	0.0014952659
GTTCCGTAGTGACCTT-2	0.6292815	0.02831478	0.013098629	0.0	0.0034660634	1.7877177e-06	0.019349767	0.0
GACAGCCCATCGGAAG-2	0.8331798	0.064789414	0.0	0.0	0.0	0.0	0.005025498	0.0
TTCCAATAGATGCTTC-2	0.115413524	0.0056113517	0.17306714	0.7369185	0.0	0.03632029	0.0	0.03387766
GTCCCATCATAGCACT-2	0.0	0.030705761	0.33824444	0.058315657	0.22601801	0.336489	0.0	0.019603701
TGGGAAGAGGCTATCT-2	0.8354874	0.009880458	0.048078	0.010348334	0.0	0.0	0.0	0.0
CGAGAAGCAGCGTTTA-2	1.0385972	0.029733	0.035128232	0.006777855	0.0	0.01457375	0.0	0.014533182
TTCTAACGTCCGGTCA-2	1.1495584	0.03232278	0.009675717	0.0	0.007529074	0.0	0.04451915	0.0052123093
TACACCCTCGTGTGAT-2	1.356434	0.0009940987	0.0	0.008226894	0.0	0.0	0.008885165	0.004178992
CAAGGGAAGGACATCG-2	1.2065551	0.0	0.0	0.0	0.001496741	0.0010597	0.011226949	0.0
GTAGATCGTATGTGTC-2	0.8222805	0.002821611	0.0	0.0	0.0	0.0028714638	0.01697678	0.023690993
CTCCATGAGAAGGCTC-2	1.1511337	0.033963546	0.0064565027	0.0027391294	0.03089976	0.0	0.0136411395	0.0
CTGTCGTGTCAATGGG-2	1.1950864	0.0	0.0069982777	0.00040305924	0.0	0.0	0.014424257	0.0
TCGGATACATGGGCAA-2	1.0272206	0.0	0.021720344	0.0146063445	0.051498536	0.0	0.058777094	0.0
ACTTAGGAGTGATGGC-2	1.0790718	0.0	0.08495824	0.00024201807	0.0	0.0	0.0	0.0
AGGCATTAGTTTAGGA-2	0.0	0.0	0.87759364	0.0	0.21813004	0.0	0.0	0.0
TATCTTGAGAGTATAC-2	1.0998504	0.038223535	0.035815436	0.0	0.0080475565	0.0031977897	0.0	0.0
CAGCAGCAGACTCTAC-2	0.08367	0.075225286	0.5195118	0.001155769	0.4493982	0.0	0.0	0.0165817
AGATAGATCTGAGATC-2	1.1637918	0.0	0.023977099	0.0	0.03324195	0.019240785	0.017123373	0.009420934
TCAGTTTGTTGGCCGT-2	0.87818986	0.027846342	0.042219467	0.0008808052	0.0	0.008171449	0.0	0.0044690077
CAACCTCTCTTCCAGC-2	0.0	0.0	0.46480522	0.0	0.603292	0.0	0.0	0.0018916408
ACGATCACAATACGCT-2	0.24503624	0.045907512	0.4745344	0.022312097	0.2861826	0.07062423	0.0	0.016919456
AGTAACCCAGGATCTT-2	0.78910035	0.012259052	0.033767387	0.0	0.01345219	0.0	0.01259226	0.003447137
GCTTCACCACGTACTA-2	0.0	0.025643662	0.49592885	0.013484241	0.30280986	0.010034379	0.004614039	0.043906067
AAAGAACTCCGATGTA-2	0.8149824	0.011194929	0.044892114	0.0	0.0016064645	0.0	0.0	0.0
TGATTTCGTCGAGTGA-2	1.028521	0.015630418	0.060151387	0.0	0.012112224	0.009323811	0.09092984	0.0
TTCTTCCTCCGTACGG-2	1.1255137	0.0038685743	0.0	0.0	0.0044686594	0.006296884	0.0	0.0012960776
CACAGGCAGCGGGTTA-2	0.0	0.0054432885	0.48629075	0.008605863	0.6456614	0.011780256	0.009609985	0.0
GTCTTTAAGTATAACG-2	0.82978976	0.038348377	0.04542584	0.003569473	0.0061917854	0.0	0.0	0.0
CCGTGAGGTGAGCAGT-2	1.4177206	0.052779593	0.0	0.012340854	0.023502197	0.0	0.025352048	0.0
CTCACTGTCGTCTAAG-2	0.012087539	0.027589416	0.0	0.89960796	0.0	0.0	0.0	0.19204621
AAGAACATCGTTCGCT-2	0.0	0.0	0.5731109	0.0	0.29201245	0.0	0.0097122695	0.0
TTGATGGTCCAAGCAT-2	0.0074496972	0.0021442107	0.13512538	0.0	0.0	0.9676174	0.006391518	0.0036446715
TGTAAGCTCTTTCTAG-2	0.92156315	0.025806436	0.012089812	0.007875914	0.005475721	0.0	0.0004186739	0.006107912
CTGAGCGAGTAGTCCT-2	1.0934358	0.0	0.0069174804	0.02751664	0.0036989527	0.0033260237	0.191856	0.0
TCCGAAACAGACATCT-2	1.070007	0.04224281	0.01781665	0.017276417	0.010195246	0.0060777226	0.0	0.014243534
CAGCAATTCACTACGA-2	1.1169275	0.010568802	0.016156286	4.0013125e-05	0.0	0.003958573	0.0	0.004125921
AGGATAACAAGAGGCT-2	0.12711102	0.038343593	0.7436569	0.0	0.08448674	0.041070446	0.0	0.0
GTACAGTCAAACAGGC-2	0.0	0.0	0.0917098	1.0437019	0.0	0.04083906	0.0012565235	0.039857052
ACTGTGATCGTAGCCG-2	0.14669184	0.06812354	0.5287523	0.022139695	0.0712971	0.03390294	0.0	0.053779576
ACTATTCCAACACGTT-2	1.0235006	0.0	0.0	0.0041733077	0.0	0.009216616	0.0	0.010287287
ACGTAACCAGGCCCTA-2	0.6798942	0.24123305	0.052718967	0.007481112	0.0	0.0	0.007930587	0.0
GATTGGTCAGGCGAAT-2	0.0	0.0	0.019487295	0.71763086	0.0	0.011848232	0.0	0.0
TTGTGGACAGACAATA-2	0.87712336	0.0046932353	0.015613461	0.0	0.015207011	0.0	0.017370202	0.0
TGAACGTCACCGCTAG-2	0.85704166	0.0679437	0.019632239	0.0054776473	0.009233096	0.0	0.0021653944	0.0037143358
GAATCACTCACCTCGT-2	1.0281856	0.032627147	0.03259199	0.0045201005	0.0073601096	0.004731207	0.018654563	0.0
GAGCTGCGTCAATGGG-2	1.1624845	0.037486162	0.0022312186	0.0	0.013906061	0.00031572787	0.0031677037	0.0
GACCTTCCAAATGATG-2	1.0442977	0.0076893833	0.020391708	0.013606778	0.0	0.0025186513	0.0	0.0
TAAGTCGAGTATTCCG-2	0.9932491	0.0	0.0	0.018584155	0.0	0.0045770225	0.008608054	0.0013803256
ACGTAGTCATGCAGCC-2	0.8554544	0.021453865	0.044467915	0.00020161497	0.0	0.0	0.0	0.0
TCATTACAGATAGTGT-2	0.5794674	0.0962653	0.027197184	0.03143891	0.0	0.023952246	0.010963435	0.019829387
TACGGTATCACGACTA-2	0.0	0.0	0.36057195	0.01701415	0.6711834	0.036117844	0.00876124	0.0
ACCTGTCAGCTTCTAG-2	1.142625	0.0	0.0	0.012266175	0.0	0.0007739143	0.0	0.006010236
ACTTTCATCGAGAGCA-2	1.152458	0.020712193	0.02638223	0.0	0.0	0.0	0.0	0.0
GTATTTCTCACTGAAC-2	0.022052012	0.0	0.6929946	0.0022926254	0.23206435	0.0	0.0	0.0
GTAATCGTCGTCGCTT-2	1.1963952	0.0014866693	0.0	0.0	0.0	0.0	0.057490002	0.0017113587
CTCCACAAGGATTACA-2	0.0	0.0	0.0	1.1974057	0.058747437	0.0	0.0	0.0
GATGATCTCGTGCAGC-2	0.01904361	0.012603801	0.5830705	0.0	0.121627785	0.0	0.0	0.14838412
CTAGACATCGTGTTCC-2	1.1773458	0.0	0.014339505	0.0	0.0	0.022556473	0.0	0.0
CGAGTTATCTAGTGAC-2	0.14393331	0.038085077	0.5463158	0.048608266	0.27538443	0.004968591	0.0	0.006404349
GTAGCTAGTGCCTAAT-2	0.84080976	0.013878973	0.03774715	0.012231685	3.8144484e-05	0.0073690545	0.01684448	0.0
CTACAGAAGGTGCGAT-2	0.0	0.0	0.7767715	0.028577998	0.1606483	0.0	0.003663335	0.0
CTCAAGACAAGATGTA-2	1.3669865	0.029895745	0.06089727	0.020258095	0.0	0.0	0.0	0.009615205
CTCCTTTAGAGTTGAT-2	0.0	0.0	0.41134518	0.0	0.8993114	0.0	0.0019018414	0.0
TTCGCTGAGCCGAACA-2	1.051825	0.0	0.026609333	0.014673461	0.014499427	0.0037001977	0.0	0.0017679905
ATAGACCCAAATGAAC-2	0.754475	0.07059555	0.010876449	0.0063337004	0.0	0.0	0.0	0.0
TGTGGCGAGCGTATGG-2	0.48718292	0.11803603	0.042038802	0.032136694	0.004855977	0.0	0.022109928	0.0
AGCTTCCGTCCATACA-2	0.8262328	0.011188084	0.05990661	0.028570509	0.0	0.0023795555	0.0	0.0
TTCAATCTCGCCGAAC-2	0.023180105	0.038079556	0.8013606	0.01350237	0.118256845	0.0	0.0	0.00084072584
GGTCTGGGTGGCAGAT-2	0.8972622	0.010037968	0.012431019	0.0017007701	0.0	0.0	0.017876219	0.0
GCCTGTTCAACGTATC-2	0.66694796	0.009486086	0.046768155	0.0041740933	0.0	0.0030241932	0.0	0.0
GCATCTCCATGTTTGG-2	1.0637883	0.004909372	0.05510175	0.0056234766	0.0	0.007089867	0.010577928	0.0
GCATCGGAGCTACTGT-2	0.7423819	0.036222175	0.019961312	0.004918138	0.0057201935	0.0056362026	0.0	0.02300604
ACATTTCGTCTTGCGG-2	1.1406286	0.028455548	0.040445745	0.0	0.003629217	0.012732934	0.023892445	0.0
TTCCTAAGTCGTATGT-2	1.1089611	0.0	0.06510908	0.005702731	0.0	0.0	0.0	0.0
AGGGTCCAGCAGCACA-2	1.3219026	0.0	0.0	0.00030868006	0.010526097	0.008251088	0.026770942	0.0
GACACGCAGCGTATGG-2	1.2245593	0.0	0.0	0.0	0.0	0.0	0.0	0.0
TGCAGGCGTAATGCGG-2	0.6718941	0.23556173	0.030199496	0.017965691	0.009253431	0.0077002007	0.03633185	0.0
ATACCTTAGGTCATTC-2	1.0339335	0.00384347	0.0287566	0.010816035	0.02436077	0.0	0.085874975	0.0
TTCTCTCCAAGACGGT-2	0.0	1.1496816	0.0	0.0	0.0	0.03140893	0.0020061233	0.0
CTCAGGGAGATAACGT-2	1.0353643	0.0	0.0	0.005100123	0.00012202369	0.0	0.0	0.0
TACAGGTCATGCAGGA-2	0.14242603	0.09147313	0.75899595	0.039909776	0.014130523	0.045019295	0.0	0.08663387
AGTCTCCTCTGTCGCT-2	0.08376844	0.023087194	0.40098944	0.02225033	0.28684863	0.12405223	0.0039235847	0.08981274
AGACCATGTACGTACT-2	0.70491797	0.03614842	0.041080624	0.040796295	0.0	0.010906917	0.016903136	0.0
CCTATCGCAGGGATAC-2	0.14165403	0.06006954	0.06803091	0.68273807	0.0	0.0	0.0	0.08449955
TTTCCTCAGTCTGCAT-2	0.012831134	0.0	0.0	0.12878485	0.0	0.0	0.0	1.4587796
CGAAGGAGTTTAGACC-2	1.0461195	0.01992038	0.017426252	0.009124288	0.0035217707	0.0	0.0	0.0
CATTCCGCAACCGTGC-2	1.0689971	0.056063477	0.0	0.02641244	0.0116191795	0.0	0.06121228	0.0
AACTTCTTCGTGTCAA-2	1.0960392	0.015122824	0.023968307	0.004929292	0.0	0.0	0.0	0.0
CTGTAGATCTTAGTTC-2	0.0	0.037392132	0.069399014	0.0	0.06261414	1.1562767	0.0	0.0
CTAGACACACCAGTTA-2	0.7770186	0.032468855	0.022777554	0.0	0.002521665	0.0	0.0	0.017801255
GCACGGTAGGGTCTTT-2	0.77931285	0.0	0.0555521	0.0	0.0	0.0	0.0	0.0
CTCAGGGGTCGAATTC-2	1.006828	0.0	0.055648822	0.004639909	0.00516031	0.010271768	0.05786036	0.0
AGAAGTAGTCTTCCGT-2	0.83329386	0.016080255	0.0	0.0	0.0	0.0018823254	0.0	0.0
CGGGACTCAGAAACCG-2	1.0246798	0.010548161	0.02494556	0.0	0.0	0.0078030927	0.0	0.0
AGATCCATCAGACAAA-2	1.0009972	0.0019467763	0.0	0.010593122	0.00557423	0.0	0.0042017577	0.0062521882
TTGTGGAAGCGAGGAG-2	0.0110799335	0.01756104	0.1967543	0.9488161	0.0	0.022575658	0.013914327	0.06253397
ATTTCTGTCTGTCGTC-2	0.43540764	0.21092552	0.0	0.066997126	0.009212803	0.0	0.020526795	0.0
CCTATCGTCTTCCAGC-2	0.0	0.0	0.9786036	0.0	0.0	0.014200848	0.0	0.0
ACATCCCTCCACGTGG-2	0.0	0.0	1.2985549	0.0	0.0	0.0	0.0	0.0
TATATCCAGGACAACC-2	0.6146298	0.08724617	0.05723883	0.028134681	0.00873134	0.00046426998	0.0	0.0
TGCATGAAGGCACCAA-2	1.0035545	0.24706219	0.02034786	0.04320226	0.0	0.0	0.027044903	0.0021032866
ATTCTTGTCTGTCCCA-2	0.9956356	0.0	0.0	0.0048631304	0.0	0.0	0.054629795	0.0069458946
TCACAAGGTACTTCCC-2	1.1054934	0.0	0.0	0.0	0.0	0.0	0.0	0.0059180255
AAGGAATGTAAGAACT-2	0.71417534	0.10026918	0.044636905	0.018207476	0.00704606	0.0	0.05440042	0.0
TAATTCCGTACGATCT-2	0.032173265	0.0	0.6549006	0.03668955	0.40588143	0.0	0.0	0.021988392
GTGCAGCAGGACACTG-2	0.6189079	0.005487742	0.03428452	0.0	0.0	0.0	0.00044786598	0.0
ACTTCGCCAACAACAA-2	1.1163054	0.031221677	0.026287967	0.041585613	0.0	0.0	0.005416975	0.0
ATTGGGTAGCCAACCC-2	1.0720788	0.03631869	0.035705317	0.0	0.0	0.0027882732	0.0	0.0
GCTTCACCATCAGTCA-2	1.1500155	0.0	0.0	0.005616786	0.0	0.0	0.006614378	0.0
TCTGTCGAGAAGTGTT-2	0.9727334	0.006607707	0.0	0.0096155135	0.00090666354	0.0	0.0	0.0
CACATGAGTAGTAAGT-2	0.96187437	0.0	0.0	0.02089785	0.0	0.014560291	0.0	0.0
GGGCCATAGACCACGA-2	0.84835863	0.03463328	0.002734607	0.012994402	0.0027819893	0.0	0.016255153	0.0
GTGAGTTAGCCGGATA-2	0.18439169	0.0	0.0	0.0	0.0	0.01763315	0.0	0.06439829
CGGAACCCAACTCATG-2	0.0	0.0	1.3744267	0.0	0.0	0.0	0.0	0.0
TTTGGAGAGGCATGGT-2	1.0989407	0.0	0.0	0.0	0.0	0.0	0.006418038	0.01148492
TCTTTGATCTCAAAGC-2	0.96245617	0.043540042	0.017573439	0.020933188	0.055187296	0.0	0.005608367	0.0
TGCGGGTTCGCGCTGA-2	0.7741279	0.023626227	0.015504344	0.004483003	0.0	0.0040664035	0.01634596	0.0
CTCTCGATCCGGCTTT-2	0.87391776	0.023251804	0.054890774	0.011359675	0.0	0.010340956	0.0044355425	0.0
GCTTGGGAGTTGGAGC-2	0.83695537	0.007372607	0.058145702	0.0	0.0	0.0057065315	0.0	0.0
CCTCCTCGTAATGCTC-2	0.9419596	0.03743856	0.020379992	0.0063494905	0.0	0.0045936755	0.0008968727	0.0053213327
TCAGTGACATCCGGCA-2	0.8917923	0.011365746	0.05013073	0.008098505	0.008809215	0.00089192286	0.0	0.0
TCATGCCAGGAGACCT-2	0.89999217	0.0	0.061809488	0.006122301	0.0	0.0	0.0	0.0
AAAGGTAGTCCACTTC-2	0.0	0.0	0.46221215	0.0	0.7544375	0.0	0.0	0.0
GAACTGTAGGAGGTTC-2	0.6484657	0.109903015	0.04626495	0.0	0.004928207	0.04242586	0.0	0.01170641
GACCGTGAGAAGCCTG-2	0.6773265	0.011812996	0.021244239	0.007634604	0.0	0.0041857823	0.0	0.0
CTGTGAAGTCGGCCTA-2	0.0	0.0	0.6111147	0.0	0.22343838	0.017426182	0.017302947	0.0
GGAATCTGTACTCGCG-2	0.9152546	0.0035109133	0.0	0.0	0.0	0.0	0.0	0.0
ATTCTTGGTCAAGTTC-2	0.92083687	0.0	0.003415824	0.0027526368	0.011749116	0.0	0.0	0.0
GACCTTCAGACGAGCT-2	1.3231616	0.0	0.0	0.0	0.001195244	0.0	0.017099014	0.0
GAGTTTGGTGCATTTG-2	0.038396038	0.0	0.0	0.0	0.0	0.0035296765	0.0015573142	0.032925345
TGGAGGACAATCGAAA-2	0.8927944	0.00081426994	0.0	0.013325308	0.0	0.0	0.019958453	0.0023243725
GCATCTCTCGCATGAT-2	0.82478905	0.055651426	0.0062552895	0.0071741175	0.0054810247	0.0	0.0	0.0
TACAACGGTAGGTTTC-2	1.098674	0.01814414	0.02656282	0.02190072	0.0	0.0	0.0	0.0
TGTCAGAGTATGCGTT-2	0.8027522	0.014475058	0.026867395	0.0057967785	0.0	0.0030334287	0.0	0.0
CCCTTAGCAACTCGTA-2	0.79343534	0.10117218	0.05841219	0.019032821	0.0	0.0	0.0	0.0
CCTATCGCACGACCTG-2	1.2784344	0.052729137	0.004194909	0.025768243	0.039322987	0.0078642	0.0719027	0.004470149
TATCAGGTCACAGTGT-2	0.607099	0.040271312	0.02935904	0.012922185	0.0	0.0	0.0	0.008629117
CCTCCTCGTGCTATTG-2	0.092945024	0.0043587773	0.5616227	0.0	0.33141756	0.0	0.0	0.071975045
TCGTGGGCAAGTAGTA-2	1.2985895	0.050102536	0.014643098	0.0	0.0	0.0013824997	0.0	0.049642935
GGGTGTCCACTACGGC-2	0.19477098	0.033176877	0.023341615	0.7995619	0.010168921	0.005333795	0.0	0.012854158
CGCAGGTCAGTCTGGC-2	0.7065257	0.01727366	0.053906452	0.0	0.0039321883	0.0	0.022123579	0.0
CCTAACCTCTCGACCT-2	0.0	0.0	0.3694843	0.0012923563	0.60510707	0.082871586	0.0	0.01773787
TATCTGTTCTAGATCG-2	0.21744998	0.041958746	0.668072	0.06102215	0.013268889	0.030499952	0.0	0.010235399
CTCCTTTCATGTTCGA-2	0.0	0.0	0.11841858	1.074864	0.0	0.0	0.0	0.04331899
GATTGGTTCGTAGTGT-2	0.0	0.019866182	0.85223854	0.0	0.20460561	0.0	0.002048388	0.0033366506
GAATCACAGTATGATG-2	0.7091339	0.03858711	0.023926092	0.0	0.0	0.0013289942	0.0	0.0
TCGGTCTCAAGGCTTT-2	1.0134043	0.049341884	0.07771004	0.008543116	0.030340651	0.0	0.0	0.0076420587
CTTTCGGGTTGTACGT-2	0.16968937	0.038998317	0.5575816	0.005517126	0.027897317	0.01837724	0.0	0.016566321
TTGCTGCAGGGATGTC-2	0.0	0.031605065	0.38124627	0.060116597	0.5736634	0.0	0.022176381	0.023560863
AAGGAATGTTAGGAGC-2	0.0	0.0	0.67393047	0.034931947	0.40202904	0.0	0.0011290936	0.057042237
CCGTTCAGTGAGCGAT-2	0.0	0.0	0.8739851	0.0	0.04706545	0.0041163857	0.007627589	0.0
TCCGATCCAATGCAAA-2	0.030658113	0.024476236	0.61666954	0.0	0.5752537	0.036317937	0.014870795	0.051531646
AAGGAATCAGAGAAAG-2	0.013477574	0.01641542	0.73766655	0.0	0.2828581	0.0	0.014145374	0.0060643805
CAACGGCAGAAACCCG-2	0.0	0.018344091	0.56891364	0.0059299604	0.29298815	0.021055747	0.006584005	0.0063762465
GTTACAGAGTAAGGGA-2	0.0	0.041839037	0.0	0.0	0.054065406	1.08121	0.0117555065	0.0
AGGCCACAGGTAGTCG-2	0.04493515	0.0	0.2212508	0.045429256	0.59376025	0.0	0.0070834835	0.03918594
TAATTCCTCTACACAG-2	0.93543005	0.096762046	0.030599494	0.010029125	0.0	0.0	0.014225243	0.0
TGCAGGCAGCACACAG-2	0.8499766	0.0	0.03495281	0.029080076	0.0	0.0	0.0	0.0
ATGCGATCATGTCTAG-2	1.0361042	0.0	0.03910096	0.0	0.0	0.0	0.0	0.0
CTCCTCCAGACTGTTC-2	1.2378997	0.011563754	0.06953721	0.0	0.0	0.007805644	0.0	0.0
GTCAAACCAGCAGTCC-2	0.0	0.005191	0.0	0.0	0.0	1.0752065	0.0	0.0
GTGAGTTGTCCAGCCA-2	0.0	0.0063717747	0.0	1.146906	0.008596805	0.0	0.010079926	0.0
CGTTCTGTCAGACCGC-2	0.08809968	0.04262892	0.02251212	0.79103345	0.0	0.014629591	0.0	0.0032454852
GACTATGCAGACTGCC-2	0.87020874	0.0	0.019053139	0.002353291	0.0016080134	0.0027357254	0.0	0.0020376677
GTGTAACTCGAGTACT-2	0.0	0.0	0.0	1.1402105	0.062270526	0.0	0.0	0.0
AACGAAATCTGGGAGA-2	1.1097597	0.04284397	0.044087097	0.005611217	0.0	0.003204628	0.0	0.0
ATCGTAGCAATGGGTG-2	1.1135106	0.006669746	0.027096447	0.019944973	0.0	0.0	0.0	0.0
GAATAGAAGGCGAAGG-2	0.0	0.0	0.055773813	0.0	0.84603685	0.060433295	0.0024881267	0.024679545
TATTTCGGTCGGAAAC-2	1.0755457	0.0	0.0	0.01925896	0.0	0.0	0.0	0.0035967708
TAACGACAGGCACTAG-2	0.8484779	0.0	0.007081664	0.012048682	0.0	0.0	0.017102614	0.0004778505
TAAGCGTTCTATCCAT-2	1.1428282	0.009496231	0.0	0.013141164	0.0	0.0055416506	0.0	0.016185867
GAGTGAGAGGAGCTGT-2	1.1434408	0.0	0.0	0.0032713863	0.04877589	0.0	0.0	0.0
CGAAGTTCATGCCGAC-2	0.0032240031	0.0012191633	0.76458687	0.016595641	0.13218279	0.045111317	0.008977337	0.0
TGGTAGTCAAATCGTC-2	1.3374108	0.0	0.04713078	0.015069686	0.0	0.0	0.012219984	0.0
GTAATCGGTTCCATTT-2	0.9296073	0.0	0.0	0.0	0.0	0.0	0.0	0.0008561684
CCTACGTCACTCCGAG-2	0.16195129	0.03398665	0.06812992	0.6049371	0.0	0.0	0.0	0.35149452
GTAATCGGTCCACTTC-2	0.0	0.0	0.8683705	0.01217802	0.25039527	0.0	0.003547604	0.0
GGTAATCGTTGAGAGC-2	0.6859358	0.046687875	0.01038409	0.015741395	0.0	0.0	0.0	0.0
ATAGACCGTCAGTCTA-2	0.0	0.0	0.0	1.259634	0.0	0.0	0.0	0.0
AAAGGTAAGACATGCG-2	1.1429541	0.0058904868	0.0	0.024357973	0.0	0.0010227193	0.030613184	0.0003884222
TCCCACAGTCTTGAGT-2	0.05961386	0.053604517	0.6603521	0.025460757	0.13291009	0.04305655	0.0	0.08059461
CGGCAGTCAGCCTTCT-2	0.8335001	0.006401294	0.009954457	0.024592413	0.0	0.0065779467	0.008433234	0.0
CTTCAATCATGAATCC-2	0.7887458	0.018366156	0.07201234	0.014366922	0.0	0.0031704353	0.0010137444	0.0026788574
TCGGGTGCATGGCCCA-2	0.7463256	0.0035999557	0.021328444	0.0003400557	0.0	0.0	0.0	0.0
CATTCTACATGGGCAA-2	0.047079314	0.05689442	0.13560171	0.88043445	0.0	0.027724508	0.0043544476	0.091301106
TCCTCTTCAAGATTGA-2	0.9633822	0.009872503	0.01311684	0.0032794962	0.009749061	0.012938126	0.0	0.0019546077
GTACAACAGCCTTTGA-2	0.8598472	0.010078292	0.0	0.004154427	0.0	0.002741501	0.0	0.0
AGTCTCCCACAGAAGC-2	0.8329357	0.06791852	0.07737138	0.0144135095	0.0	0.0	0.0067135934	0.0
TCTGCCATCAGCCTCT-2	0.8753407	0.0092041455	0.040883046	0.0007130649	0.001167834	0.013124227	0.0	0.0
CAACGATTCATCGCTC-2	0.61659557	0.16508876	0.07729494	0.09990674	0.0	0.0030742052	0.03313031	0.0
ACGATGTCATTCTCCG-2	0.20377833	0.04300113	0.0	0.0	0.0	0.0	0.007885895	0.028049402
ACACGCGCACCTCTGT-2	1.2082	0.025573608	0.0	0.018175064	0.0	0.0	0.005689019	0.0015178222
GTTGTGAAGCGCTGCT-2	0.95124197	0.039344527	0.05693391	0.0031798452	0.0	0.0	0.03543916	0.0
ACTACGAAGTAGCCAG-2	0.9223845	0.0	0.0	0.0	0.01549902	0.0	0.0	0.00526387
CAGAGCCTCAGTGCGC-2	0.58239317	0.017186146	0.049417164	0.0049938164	0.0	0.006919486	0.0	0.0
AGGGTTTGTCTCTCCA-2	0.94740486	0.0	0.0	0.0038960103	0.0	0.0	0.5415569	0.0
TCATCCGAGCTGAGTG-2	0.86652756	0.009318087	0.013967835	0.0011998739	0.0	0.0	0.0	0.0
AGGGAGTGTCGTAATC-2	1.5228143	0.020773426	0.0	0.0047053336	0.0	0.0	0.04230269	0.053315517
CGATGGCAGTAGGTTA-2	0.92357296	0.079193376	0.020128516	0.013155778	0.0	0.0	0.013340528	0.0
ATTACCTGTTGGGTAG-2	0.22867444	0.68747824	0.0	0.0007316538	0.0946009	0.045526132	0.051137447	0.004358145
CTTCGGTCAAAGACTA-2	0.7534986	0.024514128	0.0	0.11597794	0.038092848	0.01958575	0.026688773	0.005797617
CATTGTTGTTGCCATA-2	0.0	0.0	1.0806072	0.0	0.02476197	0.03442264	0.003160407	0.0
CGAGAAGGTAATGCGG-2	1.3154103	0.0	0.0	0.0	0.0	0.0	0.0072117858	0.0
CCTATCGCATAATGCC-2	0.0	0.0	0.4536265	0.0	0.4377305	0.0	0.00344707	0.0046018534
CCTAAGATCCCGGTAG-2	0.0	0.0	0.0	0.049250364	0.0	0.0	0.0	1.8869799
CATACCCCATCTCAAG-2	0.1571941	0.0	0.0	0.0	0.0	0.0	0.0129904365	0.08514916
CTACAGAGTACGACAG-2	0.07426399	0.08843754	0.038363248	0.0	0.042431023	0.69076854	0.009074473	0.0
TGACGCGTCATCTATC-2	1.000019	0.0021892015	0.026081298	0.0	0.0	0.00029662336	0.0	0.0014438729
AGTCACACACAGTACT-2	1.0150445	0.024456168	0.0005754317	0.009130612	0.030797493	0.0030567292	0.014528987	0.0
CTACCTGGTACCACGC-2	0.04260572	0.033596054	0.071100816	0.013867285	0.0	0.9491965	0.0	0.0
TTTGGAGAGCAACCAG-2	0.95842975	0.012386993	0.03987275	0.030431315	0.0	0.0018491199	0.0	0.0
GCGATCGTCAAATGAG-2	0.98239124	0.039574128	0.0101172505	0.0	0.0061576935	0.0	0.013702809	0.006322696
GCTTGGGTCGGCAGTC-2	0.76557004	0.010364647	0.028325388	0.0070238383	0.0016683461	0.0	0.0	0.0
GTCGCGAAGTCTCGTA-2	1.2842928	0.0	0.007828888	0.015592307	0.0	0.0014760472	0.0	0.0
ATTCGTTAGTCGGCCT-2	0.7760127	0.0072281193	0.009249298	0.011537063	0.0	0.0034349144	0.0	0.0
GACATCATCAGCTTGA-2	0.060920082	0.0	0.09418532	0.6434062	0.00041723726	0.05312041	0.0017010885	0.03742835
TGGGTTATCCTGGGTG-2	1.1060582	0.032561444	0.0	0.0	0.020083012	0.0	0.0	0.005717612
CTCCATGAGAACCCGA-2	1.0101273	0.035254102	0.0	0.0	0.0	0.0	0.0035208408	0.0
AGGCATTTCGTGGCGT-2	1.1070535	0.0	0.0017751477	0.011655823	0.0	0.0	0.007666298	0.0
GGGACTCGTCGAGCTC-2	0.79313743	0.004141261	0.030202923	0.002645952	0.0	0.0030631488	0.0	0.0
AATGACCAGAGTCACG-2	1.2108172	0.014130099	0.0	0.016459491	0.028487168	0.01978587	0.04332804	0.005345336
TATCAGGAGGTGGTTG-2	0.97334665	0.020389777	0.00940349	0.011851878	0.0	0.012996998	0.0	0.0016072334
ATCACGATCTTGCGCT-2	0.0	0.0	0.20239493	1.1136675	0.0	0.06341653	0.017365286	0.0
TCGTCCAGTGCAGATG-2	0.0	0.0	0.6662581	0.012397954	0.32953468	0.014434937	0.0532335	0.0
GAAGCCCTCCGAGGCT-2	0.850096	0.0063790614	0.04107818	0.0022738702	0.0	0.0	0.004626966	0.0
AATCACGCACAAATGA-2	0.86300117	0.07437339	0.02180805	0.0	0.0	0.0	0.0	0.024246346
TCTTAGTTCTGCTTAT-2	1.1379533	0.019082122	0.0	0.0	0.0	0.01618648	0.0074583404	0.0
CTGTGGGAGCTGGTGA-2	0.8105358	0.0361885	0.0023480929	0.0	0.0051783356	0.0041151927	0.00025055028	0.0
TTCAGGAAGGTAAAGG-2	0.015578684	0.02221563	0.118897915	0.051406965	0.78766143	0.06960793	0.0048477356	0.0
GAAATGATCCTGTAGA-2	0.12744379	0.023868714	0.2221082	0.0	0.43942687	0.060289882	0.0	0.00953761
GCCAACGTCAGGTAAA-2	0.20529765	0.042250704	0.24823025	0.49823442	0.0	0.0034480183	0.0	0.0014616677
TGGAGAGTCGGCCAAC-2	0.07030083	0.041918125	0.7119531	0.0	0.20373462	0.02290131	0.0	0.04058528
AACAAAGAGTCGCTAT-2	0.09416508	0.03437482	0.74987984	0.040436115	0.07270181	0.013298047	0.0	0.017092537
TAACCAGCAATACGAA-2	1.0901401	0.0	0.029666454	0.0039268616	0.0	0.0	0.0	0.0
AGACCCGGTCCATCTC-2	1.1513481	0.060144022	0.011054001	0.007798393	0.0022257376	0.0058011445	0.0	0.0
CGTGCTTAGTGGCCTC-2	1.2009768	0.013848676	0.00014709118	0.0057558203	0.024613991	0.0	0.042386062	0.0022761056
GTATTGGTCGCAGTGC-2	0.912994	0.03992761	0.088314086	0.022326702	0.0	0.0	0.0	0.0
GGTCTGGTCTGGCCTT-2	1.0788565	0.0051766955	0.021646285	0.0007632905	0.010065274	0.0049836244	0.0	0.0
CTTCTCTCACACCTAA-2	0.03255452	0.0	0.0	0.0059139994	0.20203874	0.6552622	0.00071533746	0.0
ACCCTCATCTACACAG-2	0.0	0.0	0.8446275	0.0	0.08313975	0.0	0.0	0.0
TCCGATCAGCTTTCCC-2	1.1270006	0.023030099	0.0042725615	0.022764564	0.0	0.006787685	0.058615863	0.05613204
ATGTCTTTCTGATGGT-2	0.8405931	0.035646632	0.047062524	0.008113595	0.0	0.014660531	0.0	0.0
CTCATTAGTAACGGTG-2	0.7323843	0.0	0.022532985	0.0034471233	0.008452378	0.002137725	0.0	0.0
ACATCCCAGTTGTCGT-2	0.7779178	0.017913206	0.016732587	0.0	0.0	0.0005688964	0.029425265	0.0
CTATAGGCACTGTGTA-2	0.16898851	0.07209092	0.91340256	0.0	0.0	0.023118684	0.0	0.029486088
CTGCGAGTCTGCCTGT-2	0.11384169	0.026175102	0.34006977	0.0	0.43415123	0.05956789	0.0	0.0
TCGCTTGCATACCACA-2	1.0660015	0.042419877	0.0011026099	0.015883122	0.009407668	0.0	0.0	0.003320963
TTGCTGCAGCACTGGA-2	0.92698455	0.0	0.033318635	0.0	0.0	0.0	0.0	0.0
CTCTGGTCACCGTGAC-2	0.07894624	0.02895228	0.0	0.0	0.03374514	0.72952324	0.0	0.0
ATAGAGAAGTCATGCT-2	0.0	0.0	0.74138397	0.0	0.44465974	0.0	0.00364015	0.0
GGGCGTTTCTTCTTCC-2	0.90299547	0.00077575666	0.006114091	0.0	0.0	8.253112e-05	0.0	0.0
AGGTCTAAGATGGTAT-2	0.0	0.7486067	0.0	0.0	0.0	0.0024389238	0.0	0.0
CGGGTCAAGATACGAT-2	1.013401	0.013854937	0.04249534	0.0	0.0	0.002483223	0.0	0.0
GAGGGTATCAATGCAC-2	1.0098361	0.03195626	0.047775358	0.0022647865	0.0	0.0	0.0040794793	0.007552468
ATCACAGTCTAACGCA-2	0.0	0.0	0.0	0.0	0.41512758	0.68053955	0.0	0.0
AGGTTGTGTCTGTAAC-2	0.14327368	0.049141467	0.0	0.7485595	0.0	0.016708005	0.0	0.03258126
GGGTAGACACTGTGTA-2	0.0	0.0009440881	0.0	0.0	0.025346728	0.8496162	0.0	0.0
AATCGTGCACGTAGTT-2	0.83551645	0.004003685	0.026487617	0.0	0.0	0.0	0.0	0.025797129
TACGTCCTCACTACGA-2	0.0	0.009453933	0.0	1.194211	0.071166135	0.0	3.748347e-05	0.0
TTTGGTTAGACGCCCT-2	0.84838974	0.049685348	0.019247962	0.002058166	0.0032444557	0.011814526	0.012127311	0.0046999427
CGCATGGCACCCAAGC-2	0.0	0.0	0.5991009	0.0	0.24410363	0.0600601	0.0	0.0
CTCTGGTTCTGTCTCG-2	0.18883532	0.051346574	0.06678688	0.655762	0.019823866	0.010940154	0.0051340368	0.009570251
GAGTGAGTCAGGAAGC-2	1.1970651	0.0	0.0	0.0	0.009534642	0.0	0.050324015	0.0016363413
TGCAGATAGAAGCCAC-2	0.86007154	0.0033804562	0.008645719	0.012243787	0.0076178918	0.0	0.009281441	0.0
CTCCAACAGATCACTC-2	1.0643426	0.019102978	0.01242895	0.010908203	0.0	0.0	0.028804244	0.0
AGGTAGGGTCGCATGC-2	1.2668283	0.02186787	0.0	0.0026699093	8.326263e-05	0.002973693	0.0	0.0
CGTCCATGTGCACATT-2	1.1181102	0.076899014	0.020818321	0.011483997	0.0033441256	0.0	0.0	0.0
AGTCATGTCGCCGATG-2	1.2259853	0.014913281	0.0	0.0	0.008042805	0.0064042583	0.0010745593	0.008247021
GTGGAGATCATGCAGT-2	0.0	0.01024095	0.0	0.9077424	0.0	0.0	0.0	0.0
ACGTCCTTCGACGTCG-2	0.6838968	0.0	0.04253301	0.00477194	0.0	0.0005414346	0.0013690441	0.0
AAGTGAACAAGGCAAC-2	1.2146403	0.023918489	0.027815629	0.0	0.0	0.008186334	0.009580422	0.0
ACGGTTACAACGACAG-2	0.9695864	0.0	0.0018938222	0.0	0.0	0.0017231161	0.017209122	0.0
ACTTAGGGTCTGGTTA-2	0.8780563	0.061426934	0.0	0.012304193	0.0	0.0	0.012810542	0.0041337595
CTTTCGGCAAGTAGTA-2	0.0	0.012519755	0.92377394	0.0	0.1046167	0.035350636	0.0014542942	0.0
AGATGCTGTCTTGTCC-2	0.014005029	0.05009455	0.10136602	1.1400115	0.0	0.03567669	0.0	0.014052827
TAACACGGTCCATACA-2	0.91748595	0.008522309	0.021162845	0.0007847345	0.0	0.0038728684	0.0	0.0030409268
ATGGGTTGTTGATCGT-2	0.015426286	0.03947416	1.0306325	0.031946607	0.1535859	0.0	0.014635544	0.025002308
TACCGAACAGATCCTA-2	0.7561657	0.0	0.03168496	0.0	0.0	0.0	0.0	0.0
ATGAAAGGTCCATCTC-2	1.2108916	0.0	0.0	0.0068348567	0.00041877344	0.0	0.018957777	0.0013837158
AGGCCACAGCACGTCC-2	1.26649	0.0	0.0	0.0	0.021770539	0.0	0.10734137	0.0
TGGGCTGAGCTCGAAG-2	0.62156326	0.19524533	0.053080745	0.005120281	0.0	0.0	0.020749994	0.014606192
GCCAGGTGTCAGGAGT-2	0.08920598	1.0070847	0.010169803	0.008508919	0.0	0.0	0.011216886	0.0
ATTCTTGCACAGCCAC-2	1.0672033	0.0048266393	0.0	0.011035919	0.0	0.0036519833	0.017530901	0.009085515
TGGGATTTCAAGTAAG-2	1.0525444	0.0015369072	0.0	0.0	0.0	0.0003327981	0.013411178	0.0
TCGCAGGGTATTGACC-2	0.0	0.0	0.90795994	0.0	0.104365595	0.015768355	0.0	0.0
CGAGTGCCAGGCATGA-2	0.028391913	0.0	0.0484783	0.9782642	0.0	0.0	0.0	0.008631149
ACTCCCATCACGGAGA-2	0.82521755	0.02215719	0.013780954	0.0030305164	0.012486574	0.019264698	0.0074867746	0.008931962
TGCATCCAGCGAGTAC-2	1.0246655	0.04088119	0.0	0.0	0.00064150826	0.0	0.0	0.0073100263
AAGCCATCAGAGGCAT-2	0.20797393	0.02774579	0.7264745	0.028197205	0.06379778	0.0	0.0	0.0
CCGGTGAGTGAATGTA-2	0.0	0.024762867	1.1243505	0.0	0.0	0.0	0.0	0.0
ATGCATGCAGGGAGAG-2	0.5285792	0.44889867	0.08416809	0.029828243	0.0	0.00091426115	0.0	0.0
ACTTTGTCACAGAAGC-2	0.048903644	0.04733363	0.8333503	0.05810937	0.11395844	0.0	0.0	0.03309554
TCGCTTGCACGATTCA-2	0.031569563	0.0	0.0	0.0	0.0	0.0042139282	0.0030585714	0.02085164
GAGGGTAAGGTCATTC-2	1.0798521	0.01015806	0.03469251	0.0	0.0	0.0	0.0	0.017020397
CGATGGCCACTTCCTG-2	0.0	0.061502934	0.0	0.8959111	0.0	0.0	0.0011525415	0.20706595
TGATCTTTCTCTGACC-2	1.2026178	0.0	0.0	0.020620925	0.0	0.0067373537	0.007972695	0.0069650835
AGTGACTCAATCTGCA-2	0.93472385	0.01641041	0.024861095	0.016211653	0.018645108	0.0	0.0	0.0
CGTAATGAGCATAGGC-2	0.0	0.0	0.0	1.4110482	0.1058288	0.003815954	0.0	0.0
CGTAATGGTGAACGGT-2	1.0127552	0.015307037	0.016172102	0.0	0.0	0.012612719	0.0032790506	0.0
ATGAAAGTCGGTGCAC-2	1.3014961	0.008240589	0.0	0.0	0.0	0.0	0.0	0.0061517362
ACAGCCGTCGTTCTAT-2	0.70476836	0.019506495	0.07081262	0.0	0.001013958	0.0	0.004120648	0.0
TCACGGGTCCCATGGG-2	0.66487885	0.0040462576	0.011161949	0.0	0.002082474	0.0	0.025873998	0.00029469436
TAAGCACTCTCTGACC-2	1.313685	0.023955652	0.015307298	0.0	0.0	0.0	0.0	0.0
AGACACTCAGGAATAT-2	1.1850471	0.0	0.0067028287	0.035000477	0.0	0.0	0.043955967	0.0
AGGTTGTTCTGTCCCA-2	0.13193749	0.086397134	0.022428254	0.8679487	0.0	0.0	0.0	0.10236603
TCAAGTGGTCTGATCA-2	0.0	0.0	0.0	1.2947747	0.023909329	0.0	0.0	0.0
GAAGCGAAGAACGTGC-2	0.84648776	0.0	0.019521857	0.005776046	0.0	0.003203037	0.0	0.0
GACTCTCCAGTAACCT-2	0.8507436	0.0	0.034910355	0.0033037357	0.005589096	0.002157565	0.0	0.0
GAAGGGTAGCCGAATG-2	0.79698795	0.049816266	0.047025837	0.017509228	0.0	0.017407421	0.028701138	0.033733953
TGGAGAGGTCGCCACA-2	1.2015876	0.04076286	0.0	0.008607997	0.0049714	0.0020547535	0.0	0.0079823
GTGTAACAGAGTGACC-2	0.16328198	0.075218365	0.60067916	0.021241153	0.14375566	0.037514348	0.0	0.013523603
TACAGGTGTATGAAAC-2	0.19907819	1.1342888	0.02073852	0.0654363	0.0	0.0	0.0	0.023806948
CTCATGCTCGAAATCC-2	1.0031157	0.0	0.057394188	0.0	0.0	0.011734594	0.0	0.020101607
GGAGATGAGAGGACTC-2	1.1332818	0.006473025	0.051767122	0.0	0.0	0.007836372	0.0	0.0
CGAAGTTTCGGAGCAA-2	1.0510025	0.010579574	0.023311514	0.025174495	0.0	0.027945673	0.0	0.0
GGGCGTTGTTCCTTGC-2	0.9538468	0.0	0.017158985	0.0	0.0	0.0	0.0	0.0
CTCAGGGGTGATACAA-2	0.075585485	0.021444378	0.7241964	0.010490717	0.22852142	0.04981221	0.0	0.01553232
CTGATCCAGTAGCAAT-2	0.0	0.013638826	0.40152472	0.0	0.71128273	0.0466166	0.00474965	0.010830761
AAAGAACCAATTGTGC-2	0.0	0.009417631	1.2132006	0.0	0.0	0.0058650915	0.0	0.0
TCACTATTCAAAGCCT-2	0.6918582	0.00051107054	0.027685696	0.009392321	0.0	0.0064653023	0.0	0.0
TGTAACGCAAATCGGG-2	0.0	1.0828462	0.0	0.0	0.06435707	0.0	0.034059297	0.0
AGTCAACTCTTACACT-2	0.0	0.0	0.0	0.8629487	0.0	0.0	0.007158875	0.11427767
ACGTAGTCACTAACCA-2	1.1260229	0.023361107	0.0	0.01719321	0.0074500483	0.00777075	0.01702366	0.0
TCCCATGTCTGCGGAC-2	0.9000361	0.0	0.010230406	0.03979699	0.0	0.0	0.019975116	0.0
TCATGTTCAAAGGATT-2	0.017668126	0.002823138	0.70121354	0.04010414	0.24796513	0.0	0.0	0.03957014
GTATTGGAGCACTAGG-2	1.0029283	0.0	0.023484014	0.008464726	0.0	0.006650978	0.0	0.0025925916
GCAGCCAGTTGCATGT-2	0.89509463	0.009053994	0.044112958	0.0020373315	0.0	0.0003900621	0.0	0.0
TCATACTAGTTCACTG-2	0.82072157	0.010608097	0.0	0.023908107	0.013136303	0.0	0.019113779	0.0
GTGTAACTCGCTGTTC-2	0.93203723	0.0061775977	0.016324189	0.0	0.0	0.008796587	0.0	0.004354083
TGTCCACGTCTTGCGG-2	1.3361814	0.017824933	0.0	0.0	0.0	0.015150288	0.025594292	0.0075756735
ATTCCTAAGCACTGGA-2	0.8427267	0.04844178	0.0034299372	0.0039703483	0.014062605	0.0	0.0053938394	0.0
AACCTTTTCAGCGCGT-2	0.6927829	0.15987942	0.058145955	0.009704049	0.008431819	0.0	0.014219476	0.0
CCCTCAAAGACCATGG-2	0.76935196	0.054718103	0.031132935	0.009839268	0.0	0.00510815	0.0	0.0028649073
TTGGATGGTCTACATG-2	0.0	0.00040551854	1.1215394	0.0	0.09055546	0.0	0.0026238088	0.0
CACCGTTCAGTTGTTG-2	0.8764766	0.02349473	0.020102687	0.0	0.0	0.0	0.0	0.0
AGTTCCCAGCGCCCAT-2	0.0	0.004931361	0.42798063	0.01623698	0.6362206	0.0	0.0076102708	0.0
CCACGAGAGATGCTGG-2	1.0877829	0.00054636574	0.026412785	0.035876	0.0107292	0.011739331	0.0	0.0
ACTTCCGGTCCCGCAA-2	0.2383447	0.03735162	0.3973878	0.016113367	0.21072322	0.0	0.0	0.018810885
GAAATGATCCCGTGAG-2	0.0	0.0	0.0	1.4427545	0.0	0.0	0.0	0.085962154
GTCAGCGGTTTGGAGG-2	0.07086257	0.0	0.17247178	0.017065592	0.2605154	0.28032935	0.0132335955	0.023612386
CTGCTCATCAACTTTC-2	0.9201884	0.024348754	0.04900256	0.0055168187	0.0	0.0	0.0	0.0
AACACACGTGTGTTTG-2	0.14746006	0.028797772	0.9589745	0.03170375	0.015646942	0.013138183	0.0	0.0
CATCGGGGTAAGGCTG-2	0.0408234	0.00040785654	0.683696	0.024320533	0.10993529	0.0	0.0	0.0
TCGTGCTTCGTTCTCG-2	0.05597847	0.0	0.0	0.0	0.0	0.009018095	0.0010491229	0.04944048
TAGCACACAATAACCC-2	0.0	0.0	0.0	1.0061742	0.122451834	0.007579381	0.0	0.0
GCTTCACTCTCCTACG-2	0.0	0.0	0.0	0.116682395	0.0	0.0	0.0	1.3906109
TTTACCATCCGCACTT-2	0.88314575	0.0	0.0	0.006251971	0.006423067	0.001360905	0.004034614	0.004341656
GACGTTAGTTTGGAAA-2	1.1125597	0.0	0.011607458	0.0	0.00079345895	0.0	0.0	0.0013276269
AAAGGGCCAGGTCAAG-2	1.1176181	0.01897311	0.0139439665	0.039899062	0.0046630334	0.0068771816	0.019070052	0.0
ACAACCATCTGTCGCT-2	0.866785	0.020594228	0.024256615	0.004803549	0.007046723	0.0	0.0	0.0
CGCATAATCAACCGAT-2	0.9129558	0.019067913	0.013102001	0.026395084	0.002069157	0.0	0.03793485	0.007174314
CATCCGTTCCCATTCG-2	0.9715359	0.0	0.043151524	0.0081717875	0.0	0.0054915426	0.0	0.0
CAACCTCTCGAGCCAC-2	0.23914638	0.033131983	0.5724143	0.017338654	0.011518859	0.037207797	0.0	0.014824236
CATCCCAGTCCGGACT-2	1.029893	0.0	0.033048	0.028351875	0.0	0.0034787315	0.0010554888	0.0
CTTGAGACATCCTGTC-2	0.56183034	0.0	0.024654849	0.0	0.0	0.0016724983	0.0	0.0
TTCTGTATCCCGATCT-2	0.05292175	0.0	0.29204646	0.024796754	0.687169	0.0045001954	0.0	0.008885212
GGTAGAGTCGACGACC-2	0.92150325	0.00640873	0.0029107828	0.007360172	0.014863419	0.0	0.0	0.0
GCAGCCACAGAACTAA-2	0.66367924	0.01608428	0.043673556	0.009178647	0.0	0.0	0.0	0.0
AGGCTGCTCATTTGTC-2	0.62781894	0.0002914966	0.020318843	0.013827505	0.0064635514	0.0	0.0	0.0
TCCCAGTGTGGTCCCA-2	0.7757934	0.0012570517	0.015883211	0.0	0.0031769287	0.0	0.0	0.0
GAGGGTAGTCGCAACC-2	0.7422942	0.0	0.036174938	0.0029179102	0.009166224	0.0	0.0016466923	0.0056947344
CTCCTTTTCCCTCTTT-2	0.89315414	0.018253386	0.0030761429	0.008527278	0.0	0.00030293662	0.014758644	0.0
AGCGCCAAGGATTCCT-2	0.0	0.0	0.21697155	1.0121475	0.0	0.1382692	0.012108629	0.01829739
CGCAGGTCACATGTTG-2	0.0	0.04765036	0.11783935	0.011757847	0.032644372	0.5334305	0.0	0.36901504
CAGGTATGTCGCGTCA-2	1.2391821	0.0	0.0	0.0	0.0	0.0	0.026976604	0.0
TACGCTCTCCACAGCG-2	0.0	0.05138789	0.0	0.0	0.09513175	0.9598601	0.009384706	0.0
ATGTCTTCAGTAGATA-2	0.77416337	0.0069109043	0.0	0.0101008685	0.0	0.010127711	0.0	0.036842857
TGCATCCTCCCATAAG-2	0.028011747	0.03384238	0.6701672	0.1161343	0.17191909	0.03059576	0.0077479626	0.08155617
GGGAGTAAGTCTACCA-2	0.8415798	0.004082001	0.043137968	0.0	0.0	0.0	0.0	0.0
TACCCGTCAGTTGTCA-2	0.0	0.0	0.32994956	0.0	0.6089461	0.060294952	0.006205644	0.0
GATCAGTTCTATACTC-2	0.96956193	0.01266066	0.0	0.0	0.0	0.0	0.0	0.0
TCGACGGTCGAGATGG-2	0.41991964	0.18344614	0.0	0.06151689	0.0388414	0.0	0.043060075	0.0007147784
TGCAGATTCATTACCT-2	0.8553623	0.0	0.00736354	0.011923041	0.011197584	0.0010417174	0.0	0.0035649743
ATGGATCGTCTGTGAT-2	0.03355912	0.0	0.0	0.0	0.0	0.0012668576	0.004559628	0.026668875
AAACGCTAGGGTCACA-2	0.95115566	0.0	0.0	0.0037603788	0.0038090686	0.011157103	0.0	0.0
CACAGATAGTCATGAA-2	0.9196039	0.04032091	0.0	0.024826061	0.02635335	0.007716555	0.02196092	0.0
CTCCCTCGTAGCACAG-2	1.1111546	0.0512705	0.044528235	0.0	0.0	0.0048222733	0.0	0.0
TCCACGTTCGCCGTGA-2	0.0	0.038234994	0.11151904	0.7660882	0.0	0.054372635	0.019630933	0.013127623
GGTGTCGAGCTCCGAC-2	0.88084626	0.00060399575	0.039509024	0.0015487907	0.0	0.0	0.008148147	0.00227712
GAACGTTCAGAGGGTT-2	1.2442313	0.0	0.0	0.012493279	0.022308692	0.0	0.114482045	0.017994108
GGAACCCGTCCTACGG-2	0.86930084	0.028259605	0.045675956	0.0009853303	0.0	0.00947633	0.016261522	0.001552323
CGCATAACAGCGCTTG-2	1.0540372	0.027592259	0.0	0.0	0.0063909777	0.0	0.021988804	0.07515032
CGGAGAAGTGCGCTCA-2	1.070284	0.009687296	0.0	0.0	0.0	0.0	0.0	0.0
GCGAGAACAGCAGATG-2	0.09460131	0.007092113	0.50090593	0.034972806	0.375321	0.0036786005	0.0	0.01537125
GAGTGAGTCGCTACAA-2	0.08789429	0.0	0.62980384	0.0035554748	0.13657114	0.04832716	0.0	0.0
ATTCAGGAGTACCGGA-2	0.9916756	0.024068834	0.04047115	0.0	0.0026631444	0.0070241382	0.0	0.0
AAAGTCCCATGTGGCC-2	0.0	0.015180439	0.7217525	0.0	0.23509715	0.047383033	0.0065365937	0.033451006
CCGTGAGGTTACACTG-2	0.068340376	0.03143715	0.8614871	0.008773539	0.0	0.1421506	0.0	0.013178036
CACGAATGTGAATATG-2	0.043717194	0.0	0.0	0.0	0.0	0.007886883	0.0	0.02781824
TGAGGGATCACTTCTA-2	0.17712376	0.039380945	0.7360112	0.012536532	0.004904043	0.025830932	0.0	0.023603445
AACAGGGCATGCGTGC-2	1.0424064	0.0	0.002598382	0.0	0.0	0.0012191776	0.0	0.0
TCTACATCACCTGTCT-2	0.92354685	0.006136154	0.0	0.0	0.0	0.0	0.0	0.0
TTCACCGGTAACGGTG-2	0.20125434	0.059262563	0.7668743	0.05426198	0.1425871	0.04918992	0.0	0.037247006
GCCATTCGTACCCACG-2	0.012664126	0.0056326897	0.10120124	0.96440834	0.0	0.0	0.0	0.121621996
TCTAACTCAACCGTGC-2	0.0	0.0	1.0827084	0.009471809	0.07947158	0.026730834	0.0032693609	0.0
GTAGAAAAGGGCCCTT-2	0.7548322	0.020933708	0.015186178	0.0012580014	0.00792236	0.0	0.0	0.0032759549
TCGACGGCACCTCTGT-2	0.87569654	0.02101465	0.00991819	0.0	0.0	0.0	0.0	0.004276051
CCTCCTCTCCGCGAGT-2	0.0	0.0	0.8507064	0.0	0.17581207	0.006648763	0.08345559	0.0
ATTGTTCAGCACCGTC-2	0.9860172	0.007155322	0.037487302	0.0062240437	0.0	0.0040040407	0.007873378	0.003708508
CACATGAGTTCCGGTG-2	0.0	0.0	0.36302602	0.0	0.91401637	0.0	0.0	0.0
CCGATCTGTACCCAGC-2	0.8303121	0.0031084751	0.015648616	0.0075906776	0.0	0.01676099	0.0	0.0
TGTGATGTCACTGTTT-2	0.0	0.049319476	0.0040831845	0.8270801	0.0	0.0	0.0010706208	0.10156834
CGACAGCTCTGCATAG-2	1.2559735	0.001319472	0.0	0.0	0.0	0.00076406985	0.015778907	0.013880093
TAACTTCCACAATGCT-2	0.9730054	0.0	0.0048316396	0.0	0.0	0.001473771	0.0	0.0
CGGAACCAGGTCGCCT-2	0.8831205	0.025183534	0.107202396	0.015159768	0.00016458872	0.00074202224	0.00011054421	0.0
TTTGTTGCAGCTCATA-2	1.2758461	0.0	9.974754e-06	0.047936328	0.00887697	0.02046766	0.032455634	0.0028535228
TAACACGGTTTGGGTT-2	0.8407916	0.029955395	0.025123373	0.009051647	0.002699124	0.003368226	0.0	0.0020211786
GTGAGGACATCCGGTG-2	0.6225771	0.020242924	0.041451752	0.0	0.0	0.002138796	0.002735701	0.0
TCCAGAACAATGAGCG-2	1.0225415	0.0054169088	0.025036853	0.008931226	0.0	0.0031451513	0.0	0.0
TTGTTGTGTGGTCCCA-2	1.0278481	0.0	0.027107103	0.0	0.0	0.0112537425	0.0	0.00057475566
TGCATCCTCACAGTGT-2	0.06819562	0.02704066	0.6949859	0.006358099	0.13058753	0.06124486	0.010085045	0.009884639
ACAAAGAAGACGGATC-2	1.238298	0.041797977	0.027589912	0.020672895	0.013671879	0.0	0.0	0.0
GTACAGTTCAGACATC-2	0.6612411	0.006381205	0.051721077	0.0	0.00437804	0.0064002876	0.0	0.0
TCCAGAACACGTATAC-2	0.6736156	0.0	0.006075157	0.0035757467	0.0	0.0	0.0	0.0
AAAGGGCCACAAGCCC-2	0.92397517	0.019680401	0.016503546	0.001428575	0.0	0.0	0.0	0.0
AGGAAATCACCGTGCA-2	1.1046824	0.011644247	0.011212136	0.0	0.0036318437	0.0	0.0	0.009290943
AATTCCTAGTATGAAC-2	0.0	0.0	0.0	1.014243	0.019061932	0.0019487704	0.0	0.0
GGGACTCAGGTGCAGT-2	0.0	0.0	0.915049	0.0	0.23647018	0.021435486	0.2305946	0.0011327225
CCTTTGGAGTCCCAAT-2	0.6839059	0.02046288	0.06349674	0.0	0.0	0.0	0.0	0.0
GAGTTACCACATGACT-2	1.1643533	0.0058639846	0.03542384	0.017099697	0.0	0.0013988767	0.0122215245	0.0064399815
GCATTAGGTGCCTTCT-2	0.87100744	0.0063707754	0.018086415	0.0	0.018936893	0.0047582793	0.008998727	0.0
GTTACGATCCAATGCA-2	0.088817604	0.007494015	0.02411273	0.8823614	0.019963909	0.0	0.0	0.0
CTGATCCGTAATGCGG-2	0.0	0.039920025	0.16509698	0.0	0.76349396	0.06877873	0.01592059	0.020323602
GAGGGATGTGCATCTA-2	1.0187464	0.024037989	0.047721867	0.0	0.0	7.800596e-05	0.0	0.0
TCTCAGCGTCGTTGCG-2	0.09422798	0.0049443427	1.1742632	0.016144115	0.0	0.0	0.0	0.0
TTCATGTAGTCATCCA-2	0.9038254	0.0	0.050099187	0.007298491	0.0	0.02096971	0.0	0.0
TGCTGAAAGCCGATCC-2	0.9908743	0.018582856	0.04816612	0.0	0.0	0.0	0.0	0.0
GTCTACCCATACGCAT-2	0.0	0.0	1.2945346	0.0	0.0	0.0	0.0	0.0
TGCTTCGCACACTTAG-2	0.02377734	0.0	0.0	0.0	0.0	0.0036988298	0.0	0.017786646
CTCCACAAGACTGGGT-2	0.06114017	0.024431013	0.7724851	0.008889024	0.06392402	0.011473152	0.0	0.0
TTGTTTGGTAACCAGG-2	1.0100478	0.035773076	0.0	0.021166356	0.0	0.009629	0.0	0.0
TGGCGTGTCGCTTTAT-2	1.1416981	0.012750768	0.040710516	0.0016875289	0.0	0.0045757703	0.0	0.0
ACGATCAGTCGTCGGT-2	0.0	0.0037181685	0.0	0.0	0.10908273	0.97339815	0.012204975	0.0
TCATTGTAGAGCAGCT-2	1.0069996	0.034014754	0.005111758	0.0	0.0	0.013133115	0.0	0.0
TCAGCCTGTGAGTAAT-2	0.79001963	0.017798329	0.02884286	0.010594459	0.0	0.008976637	0.0065471	0.0
AACGTCAAGCAATTCC-2	1.0034224	0.0032235987	0.0	0.0	0.0	0.0040744166	0.028660657	0.0
CAAAGAAAGTTCCTGA-2	0.93968993	0.022149773	0.011333118	0.0	0.0	0.0	0.0	0.0
CTCAAGACAGCGCTTG-2	1.0534391	0.0	0.014139384	0.0	0.0	0.0017337231	0.0007699605	0.0
AAGCGTTTCGGCTCTT-2	0.72121376	0.19892111	0.028668053	0.018291578	0.0	0.014995487	0.030606588	0.0025575352
GGTGGCTCACAAACGG-2	0.0	0.0	0.7715267	0.020487495	0.27790806	0.085939065	0.14903915	0.0
CCTTTGGGTATCGATC-2	0.9980805	0.035291135	0.033141077	0.0048956363	0.0	0.004215742	0.0	0.0
CTCTCGATCATGACAC-2	0.8891555	0.028636144	0.009008457	0.0	0.0	0.0	0.0	0.0
TATATCCGTAGTCCTA-2	0.0	0.036393955	1.1194762	0.0	0.08718009	0.0	0.0	0.0
TGAATCGGTTGCCTAA-2	1.4066983	0.0	0.0	0.0	0.0	0.0017002663	0.0	0.0020303265
GCCAGGTAGCTGTCCG-2	0.060831178	0.05545765	0.045835394	0.8361423	0.0061650705	0.024048636	0.0109857395	0.072477564
AGATCGTGTCGAAACG-2	0.22756211	0.03882135	0.06641559	0.6767279	0.0	0.0	0.023386585	0.14656523
CAATGACTCTCACTCG-2	0.0	0.020975688	1.1995312	0.0	0.0625861	0.015008883	0.016432254	0.0
GGAGGATTCAGGAGAC-2	0.8028081	0.19365491	0.06094945	0.011197513	0.0	0.0	0.0110834595	0.0
GTGGTTACACACAGAG-2	0.06296167	0.0	0.7705322	0.0	0.16721426	0.0	0.0014704324	0.0
GTAGATCTCCCGGTAG-2	1.0082268	0.0250984	0.01871547	0.0	0.0025893243	0.0	0.0	0.0
GATCACACATCAGCTA-2	0.9310784	0.010688835	0.036354877	0.011016195	0.0	0.0	0.0	0.0
ACAGGGACAGTCGAGA-2	0.9265969	0.0505461	0.069555506	0.018164197	0.0	0.007998136	0.030727537	0.009096426
TAACTTCCATAGAGGC-2	1.0227714	0.0058327136	0.0	0.0	0.0	0.0	0.0	0.0
TCCACGTTCCACAAGT-2	0.9446375	0.0	0.0	0.0	0.0069777393	0.0	0.0066394694	0.0
CTCCGATTCTTCGGAA-2	1.0945284	0.044879187	0.029206961	0.0030698571	0.0	0.011422905	0.0	0.0
CGTGCTTAGCGTTCCG-2	0.10571102	0.08149241	0.60925084	0.029701915	0.10415799	0.013042202	0.0	0.013681573
TGTCCACTCTGCTAGA-2	0.60038537	0.016795712	0.03909244	0.0	0.0	0.0	0.0	0.0
CATAGACCATGGGATG-2	0.7617859	0.0	0.0	0.0	2.2829221e-05	0.0018726768	0.0	0.0
AGGTGTTCAGTATACC-2	0.06059466	0.0	0.0	0.0	0.0	0.0	0.009044187	0.104646504
GTAGCTACACCCATAA-2	0.0	0.0	0.7175306	0.0	0.56185156	0.0	0.011917799	0.0
CACTGAACAGTTGTCA-2	0.48680717	0.10246176	0.012479443	0.039796893	0.00096016616	0.0	0.02103089	0.0027148244
TTCCAATAGTGTTCCA-2	0.0	0.0029832267	0.634832	0.019438261	0.3171929	0.0	0.0036488448	0.0
TTTATGCCATTATGCG-2	1.3045391	0.07132326	0.0	0.0	0.0016274572	0.019175027	0.016220154	0.0
GCCATTCTCTCGCAGG-2	1.0721463	0.018997254	0.02231658	0.019408302	0.0	0.0	0.0069543025	0.0
TCCTGCACAGGCCCTA-2	0.0	0.0	0.07201413	1.058536	0.0	0.013940904	0.00056143315	0.0
GTAGAAACATCATCCC-2	0.14296249	0.04866714	0.4684413	0.02106029	0.4009379	0.01581157	0.0064615957	0.009243828
ATAGAGACACGAGGAT-2	0.12925844	0.128978	0.0	0.83266485	0.0	0.0	0.00026549603	0.0358204
CCCGGAAAGCGAACTG-2	1.1443789	0.018271433	0.0	0.0	0.0	0.0049559167	0.0	0.0
GGGAAGTAGCGCCATC-2	0.6042552	0.0	0.0	0.0012643662	0.0	0.0	0.0	0.0
AGTCATGAGGCAATGC-2	1.0256093	0.008771964	0.028968332	0.0	0.0	0.0	0.0	0.0
ACCGTTCGTCGGTAAG-2	0.0	0.011131511	0.6104139	0.008673136	0.6468157	0.0	0.008483331	0.049278542
CAGTTCCTCGATGGAG-2	1.0532707	0.025166376	0.0	0.0019000765	0.0028236886	0.00397684	0.0	0.005872458
CGGGCATTCAACGCTA-2	0.8226623	0.020815285	0.05087767	0.0	0.0	0.0	0.0	0.0
AGGTTGTAGTCGAAAT-2	1.028175	0.0	0.013197132	0.011153194	0.0063983235	0.008618648	0.0452896	0.011608102
GTGATGTGTGGCTTGC-2	0.0	0.0	0.0	1.0942873	0.0	0.0	0.0	0.0
TTACGCCAGCTGACCC-2	0.000106706946	0.039251395	0.36697397	0.026930872	0.28237402	0.17087886	0.0	0.08292623
TTAGTCTGTGGAACCA-2	0.9497812	0.00153007	0.028720422	0.016856711	0.0	0.0	0.019285815	0.0
TCAATCTTCTCCCAAC-2	1.1755743	0.022818875	0.0	0.0027860976	0.0	0.0	0.0	0.0
GATTCGATCCATTCAT-2	0.0	0.0	0.09204787	0.0	0.9537323	0.00075628154	0.0	0.0011673127
AATAGAGTCCTTCAGC-2	0.61834973	0.21593621	0.02266543	0.043636657	0.02599523	0.0	0.05990429	0.0075979144
GCAACCGCATGTGACT-2	0.14165336	0.009002623	0.8646451	0.026029577	0.06706007	0.06789064	0.0	0.0
CTGGTCTTCGAGAACG-2	0.9466221	0.0016542276	0.026865838	0.0019807005	0.0	0.0058192154	0.0	0.0
TCGAACAGTTGGGTTT-2	1.1663219	0.027414782	0.009306062	0.0	0.059574034	0.0	0.00090193335	0.0
CATTCTAGTTCTCAGA-2	0.92783046	0.17180695	0.008992486	0.019228784	0.0	0.0	0.036046665	0.0
CTTCCTTTCCGTGGGT-2	0.07583827	0.03481296	0.04825675	0.705521	0.0	0.0	0.0	0.16089484
TCACGCTGTATGACAA-2	0.01068403	0.059976798	0.00468775	0.9492049	0.0	0.0	0.0	0.098280996
TCGGTCTAGGTCATTC-2	0.22362483	0.05768792	0.7113892	0.008256241	0.30810758	0.0	0.0	0.0
TCAAGACTCTCATGCC-2	0.6384825	0.028913204	0.026864551	0.02107448	0.011365358	0.0015691281	0.0126928175	0.0
AGGAGGTTCTGTGCAA-2	0.9102476	0.039487533	0.026352199	0.0042303763	0.0	0.00614781	0.0	0.0
GAGCCTGAGAGATTCA-2	0.77394307	0.004494333	0.042664215	0.002535832	0.0	0.0	0.0110454485	0.0
GGAGCAAGTAGGCTCC-2	0.70319086	0.13116534	0.06847804	0.03915293	0.0	0.0	0.0035068693	0.0
TCGTCCAGTTGGAGAC-2	0.00034779529	0.032537155	0.71536845	0.0	0.18043488	0.0	0.0	0.038400833
CAGATCATCTACCTTA-2	1.0067592	0.0	0.0031147182	0.0	0.008732312	0.0	0.0	0.0069542434
TTTGACTCAGCGATTT-2	0.5161359	0.23998892	0.010326128	0.035475858	0.013371228	0.0	0.024284676	0.014344701
CCTCTAGCAGCCGTTG-2	0.07192522	0.0035877756	0.71791995	0.022754103	0.35881618	0.0	0.0	0.016614527
ACTCTCGAGACACACG-2	0.9178451	0.0403418	0.04423471	0.007183814	0.0	0.0074805245	0.019826172	0.0
ACCTACCCATAACGGG-2	0.8952921	0.022565074	0.06113918	0.0	0.0	0.015992476	0.0010643302	0.0
CTCATTATCTTCACAT-2	0.96881956	0.0070270146	0.032818347	0.0	0.0	0.0067585427	0.0	0.0
AAAGTGACACCTGTCT-2	1.1082412	0.0	0.0	0.0	0.0	0.0	0.0	0.023929667
CTACATTGTGGGTATG-2	0.06505622	0.0	0.0	0.0	0.0	0.013474837	0.00032124456	0.036795355
GTTGTAGAGTGAGTGC-2	0.07213589	0.0	0.0	0.0	2.712649e-05	0.011338726	0.0049636364	0.033965625
CGTTGGGCATTGAGCT-2	0.1640963	0.08375531	0.0	0.7410477	0.044471703	0.016345788	0.014336299	0.023943711
TTTGGAGTCATTTGGG-2	0.8428174	0.15926197	0.037570678	0.018916199	0.0	0.0	0.058377173	0.0
GATCGTAAGTCTCGTA-2	0.0	0.0017910287	0.214194	0.0	0.66499126	0.08925365	0.0046431376	0.014473415
ACCCAAAAGCTGAGTG-2	1.1636132	0.05366515	0.0	0.0	0.0010876663	0.0004122869	0.014474262	0.0
ACGGTCGGTATTTCTC-2	0.90908873	0.032247476	0.03905273	0.02426275	0.0057764794	0.0	0.0	0.0
TCTACATAGCACACAG-2	1.0065119	0.0	0.0	0.0	0.0	0.0028125672	0.0	0.0
GAGGGTAGTGGAAATT-2	0.9878258	0.0	0.0	0.0026007155	0.0	0.0	0.0	0.011123502
GTCTCACAGTATCTGC-2	0.89178944	0.023081714	0.0036349879	0.0	0.004972618	0.0017552725	0.031623155	0.002112912
TGGGCGTCAAACACGG-2	0.7778925	0.08321283	0.05906955	0.00041774614	0.0	0.0049015773	0.0018560998	0.0
TCGGGTGCATCCGTTC-2	1.2744244	0.003913423	0.006853377	0.021940984	0.008630358	0.00488746	0.0280502	0.0
GAAGTAACAACCGACC-2	1.0767905	0.03711762	0.010701843	0.0	0.0	0.0	0.0	0.0050506224
TCGCAGGAGCCATGCC-2	0.9693231	0.01929129	0.011735529	0.0	0.006261097	0.0	0.0	0.0034756504
CGGGTGTAGGTTACCT-2	0.0	0.116080746	0.54619235	0.019315083	0.19588704	0.018897034	0.005635732	0.016157983
GGGATGAAGTATGATG-2	1.1382889	0.0	0.01293986	0.03561903	0.0	0.0	0.008704848	0.0014402646
GTTACAGCAGGCACTC-2	0.83819103	0.0	0.0	0.0	0.013392041	0.0	0.018052459	0.0
GTTCTATGTGGGATTG-2	0.0	0.0020017803	0.029096236	1.0600214	0.0	0.0	0.008160799	0.0065072575
GAAGAATTCGTCCATC-2	0.9122208	0.0	0.0	0.009313152	0.0	0.006066827	0.0	0.0008800735
ACTTTCAGTGCGCTCA-2	0.07975823	0.0	0.0	0.0	0.0	0.017900068	0.003046646	0.051813524
AACCATGCAGAAGCGT-2	0.0	0.0	0.0	1.0973679	0.1599895	0.0	0.0	0.0
ACATTTCGTGCATACT-2	1.1072218	0.0022709041	0.0	0.0	0.0	0.009126548	0.02829102	0.0
CGTCCATGTTGCACGC-2	1.0336539	0.024896855	0.09541199	0.0124889845	0.0	0.004956813	0.0018729916	0.0
CTAAGTGAGGAGATAG-2	1.1968138	0.0	0.010018804	0.0	0.0	0.0014234975	0.05550648	0.0
GAGGCAATCCGTCCTA-2	0.0	0.0	0.9771572	0.0	0.211126	0.0	0.0	0.0
AATGGCTGTGGTCCCA-2	0.0	0.0	0.75986034	0.0	0.43790781	0.0	0.022240616	0.0
CTTCTAAAGCAAGCCA-2	0.20052484	0.034801245	0.0518353	0.8331216	0.0	0.0	0.0	0.14443116
TACCCGTCACCCTCTA-2	0.85282695	0.016796688	0.028398354	0.0	0.0	0.013215558	0.06720095	0.0
GGTTCTCGTTCTCAGA-2	0.07468357	0.027841749	0.97874904	0.0	0.0	0.0	0.0	0.0
TGACTCCCACCGGCTA-2	1.0036608	0.0	0.034489103	0.06505294	0.017254917	0.0	0.06318155	0.0
AGAGAATTCTCGCTTG-2	0.0	0.0	0.7531911	0.015514843	0.39395875	0.0	0.0018195275	0.0
CGGCAGTTCGGTAAGG-2	0.9826131	0.0	0.0	0.037127204	0.010958375	0.0020494894	0.03351844	0.0
GTCGTAATCCCGTGTT-2	1.0227941	0.0	0.0	0.0	0.0	0.0	0.0	0.016339088
TATTCCAGTATGTCTG-2	1.1587772	0.0029271103	0.033193305	0.0	0.009743246	0.001214535	0.0	0.0
AGATCGTTCAACCGAT-2	0.17380045	0.95587194	0.011624505	0.0012060005	0.0	0.0	0.0	0.0020845118
AGCGTCGAGGGTCTTT-2	1.1638074	0.034834597	0.0	0.0	0.0	0.0	0.019604573	0.0
AACACACTCATGAGAA-2	0.0	0.0	0.0	1.033496	0.060736284	0.0	0.0	0.0
GATGAGGAGTCTTGGT-2	0.0	0.0	1.0294024	0.0	0.0	0.04637588	0.022849694	0.053673804
GGGTGAAAGTGTAGAT-2	0.0	0.0	0.5236682	0.0	0.5978112	0.0	0.0143231405	0.048197247
ACCTGAAGTCGCGGTT-2	1.1477808	0.003688816	0.0	0.011540705	0.024340386	0.0	0.0006007388	0.002998967
ACCAAACTCTTGGTCC-2	1.2403166	0.049545996	0.0	0.02867501	0.010877248	0.006474596	0.024052331	0.0
ATCCCTGTCTTCCGTG-2	0.8418692	0.063482895	0.07761327	0.0	0.0	0.0062071285	0.0	0.0
TCCTTCTGTACGATCT-2	0.82228583	0.0062363697	0.0	0.011656721	0.0	0.0	0.0	0.0
AGTTCGATCTCGAGTA-2	1.2379661	0.045647535	0.027641963	0.0	0.0030839997	0.010068468	0.022988765	0.041331567
ACCAACATCCGATCTC-2	1.0094727	0.0	0.049586236	0.0	0.0	0.009340337	0.0	0.0
TTGGGTAGTTGTCTAG-2	0.98973656	0.0	0.0	0.0	0.0	0.0	0.0	0.0
GGGTGTCAGCGCTGAA-2	1.101423	0.06902959	0.06967696	0.0	0.0	0.0	0.0	0.0
CTAAGTGAGGAACATT-2	0.0	0.0	0.0036902628	0.0	0.0012180292	1.0443157	0.0	0.0
GAGGGATTCTCGCGTT-2	0.0071650012	0.0	0.9333874	0.0029397747	0.06775018	0.0	0.016069544	0.0
AACAAAGGTATACCCA-2	0.9324767	0.022902915	0.02272069	0.014820366	0.0	0.010219897	0.0	0.0
CTCACTGAGCGCCTAC-2	0.0	0.0	0.37134928	0.0	0.8018912	0.0	0.0049782954	0.0
GTGATGTGTGGTAATA-2	1.1507632	0.046901226	0.023491252	0.028368974	0.0	0.0025303806	0.0	0.0
TCAAGCACAACACACT-2	0.20323901	0.05865465	0.07391377	0.8545147	0.0	0.0	0.0	0.2105863
TGATTCTTCGGACCAC-2	0.0	0.0	0.8749036	0.1846394	0.009512827	0.003087308	0.012645966	0.0
AGTGTTGAGGCTCCCA-2	0.0	0.0	0.0	0.01292905	0.9156797	0.21692817	0.012195536	0.0
ATCACAGCAAGCTGTT-2	1.1050919	0.0	0.011104487	0.0	0.0	0.0	0.0	0.0
AAGCATCAGCTGCCAC-2	0.9395185	0.008270909	0.0	0.02389753	0.024609633	0.007024702	0.034344107	0.0027851816
TTGATGGCACTTGGCG-2	0.04994865	0.0	1.0750995	0.0	0.03138834	0.046703365	0.0	0.0
TCACGCTAGGACATCG-2	0.12208793	0.027730597	0.38954085	0.03857905	0.37586758	0.100631855	0.018816987	0.0
CCACCATAGCGTGTCC-2	1.0352608	0.0159976	0.018317215	0.005310439	0.0	0.0	0.0	0.0
CAGAGCCTCATTGCGA-2	1.306577	0.0019909265	0.011640443	0.035624374	0.0	0.002740658	0.0	0.0
GTCGAATCAGAGACTG-2	0.86621094	0.050166126	0.074734226	0.003255479	0.0	0.004963502	0.028941032	0.0029322936
AACACACAGTTTGGCT-2	1.0096502	0.0	0.007780409	0.01619321	0.0	0.0008273421	0.018879747	6.237151e-05
GAGTCATCAAAGGAGA-2	0.65396535	0.13900425	0.034535773	0.024061847	0.0	0.0	0.0106768245	0.008798675
GTTCCGTCATCGTCCT-2	0.07347244	0.01199972	0.6680488	0.00814145	0.20543242	0.0	0.0042328956	0.0
ATGAGGGAGTACAGAT-2	1.0130436	0.0	0.0	0.0	0.0	0.002839819	0.002932682	0.011607167
CTTCCTTAGGCATCTT-2	1.0854656	0.0	0.0	0.015739538	0.0	0.014622574	0.0	0.0
GGAGGTAGTACAGCGA-2	0.92306894	0.037878726	0.066491306	0.016207324	0.0	0.0	0.0	0.0
CAATACGCAAGCGAAC-2	0.8249602	0.04000201	0.011560261	0.0	0.0073805763	0.0012660219	0.0	0.0
TCTATCAAGATCACTC-2	0.04895384	0.050414875	0.039400768	0.75689435	0.04597122	0.012701225	0.006368797	0.01587025
ATTCACTAGCATGCGA-2	0.7394966	0.0691208	0.050588142	0.03010708	0.0	0.0	0.0	0.0
CATGCCTAGACATCCT-2	0.21849597	0.067627616	0.5019594	0.010848491	0.39837843	0.01144875	0.0	0.025672475
ACTGATGAGTCGCCCA-2	1.3030457	0.06286684	0.0054352046	0.016413597	0.0	0.0	0.0	0.0
CACAACAAGGAACTAT-2	0.17408878	0.0091140475	0.060118373	0.39517075	0.0	0.0	0.0	0.8332185
TTCCACGGTAGGTTTC-2	0.79820687	0.029597212	0.034440726	0.0	0.0027099603	0.0	0.0	0.0
CGTAATGGTAGGCAGT-2	0.5644597	0.0	0.0	0.0	0.0	0.0	0.86700135	0.0
AGTCAACCAGGTGACA-2	0.0	0.0107142	0.0	0.0	0.0	1.1058843	0.0	0.0
CCCATTGTCAGCTGAT-2	0.9023395	0.0055060396	0.024905052	0.008067666	0.0	0.007982402	0.0	0.0011081749
TCTGCCAGTAACTTCG-2	0.698772	0.018816598	0.03586843	0.0	0.0	0.0035768382	0.006044309	0.0
CCCGAAGGTGTGCCTG-2	1.0945566	0.026664006	0.026354756	0.0	0.012256987	0.0018511025	0.006013891	0.00027846143
ATGCATGGTCACTTCC-2	0.0	0.01417536	0.66523194	0.0068270313	0.27302656	0.060664687	0.018116193	0.11220688
CGTGCTTTCAAGTGTC-2	1.0908906	0.005339738	0.008491013	0.0111437645	0.0063855983	0.0022062967	0.0025133581	0.0
TTGACCCGTGTAAACA-2	0.0	0.054339863	0.035997033	0.0069613145	0.2380558	0.5808743	0.0038048667	0.0
GGGTCACCACGGCACT-2	0.0	0.029926063	0.96527165	0.0127360225	0.022221267	0.008324777	0.0	0.010252852
CATTCATTCGTTCAGA-2	0.16520604	0.037858196	0.33851013	0.007680114	0.4549416	0.09678855	0.0	0.0
CATTCTATCGCAACAT-2	0.6833144	0.038410507	0.030878277	0.0	0.010496879	0.0008809093	0.0	0.0
TGCATGAAGTAAACAC-2	0.9838835	0.023540316	0.026973655	0.00076148513	0.0	0.005361398	0.0	0.0
AGTAGCTTCGCTAGCG-2	0.9142796	0.021363175	0.017489783	0.0035480785	0.0	0.014193021	0.0	0.004396194
AATGCCATCCCGAAAT-2	0.14802846	0.061641935	0.6933363	0.030497983	0.042319674	0.028053153	0.0	0.0047822413
AATCGACAGGAACTCG-2	1.1945488	0.012838074	0.02304682	0.0	0.0	0.005574967	0.0	0.0
TCTACATCAACCTATG-2	0.07825597	0.0	0.0	0.0	0.0	0.0073980135	0.008163308	0.06699425
TAAGCACAGAGAGCGG-2	0.69098675	0.014594917	0.04765231	0.015121451	0.0	0.00024660886	0.007948669	0.0
ATGGATCAGCAGCCCT-2	0.5403414	0.030239165	0.018681161	0.005429053	0.0052289716	0.0	0.0018783379	0.0033175233
CATTGTTTCGTGTGAT-2	0.9844927	0.025691457	0.035668433	0.0	0.0	0.0	0.0	0.0
TATGTTCAGTGTTCAC-2	0.9953067	0.03801487	0.014144747	0.0	0.0	0.010225491	0.0	0.0
TCCTGCAAGTTGTCGT-2	0.07925499	0.0011923185	0.8412844	0.05383309	0.008095357	0.07015569	0.0	0.0
TTTGACTGTTAAGACA-2	0.8211693	0.0	0.013269662	0.0	0.0	0.0	0.0	0.0
TACTTCACAATGTGGG-2	0.030502912	0.020920131	0.58890724	0.010042784	0.08296585	0.008479117	0.0	0.025203992
TGTCCCAGTAGCACAG-2	0.0	0.0	0.99517715	0.0	0.0	0.0	0.0	0.0
GTGGCGTGTGTCTTGA-2	1.0025367	0.028721027	0.06500129	0.009247176	0.0	0.0	0.0	0.0
ACTCTCGGTACGGTTT-2	1.3533665	0.019650197	0.027677236	0.019231983	0.0	0.009916195	0.0	0.004943556
ACCACAAAGAGAAGGT-2	0.0	0.0	0.22706483	0.0	0.75135356	0.0	0.004334969	0.0
GTGCTTCGTAGGAGGG-2	0.0	0.0	0.24646345	0.670967	0.16569537	0.0	0.14281587	0.018856766
GATGTTGTCGTGCACG-2	0.0	0.0	0.0	1.4352436	0.0	0.0	0.0	0.0
CTTCCGACATGCCGAC-2	0.13433118	0.0	0.11167258	0.96095544	0.0013704513	0.0	0.009928193	0.0
TCCTTCTGTCCTACAA-2	0.88596386	0.0034022445	0.022233361	0.0023107019	0.0	0.0007337995	0.0016955482	0.0
GTGCTGGGTGCCTGAC-2	0.5120838	0.0	0.018465994	0.00081049843	0.0	0.001322718	0.0	0.0
GACCTTCGTAACATGA-2	0.94307727	0.039706856	0.0	0.023427224	0.020789709	0.0	0.020156788	0.029456433
GGTCTGGCAGAGGAAA-2	1.2368805	0.0	0.0	0.0	0.0	0.0	0.0	0.0
GAGTCTAAGCTGCCTG-2	0.17365901	0.060205787	0.011336608	0.6944247	0.038599253	0.023630064	0.0	0.006025859
CCGATGGCACCTGTCT-2	1.0490401	0.0	0.0	0.010086836	0.0	0.0015786536	0.0	0.0
CCGGTAGCATGACGTT-2	1.2779449	0.0	0.010012458	0.008962028	0.019357584	0.0	0.0	0.0
CGGGTCAGTAGGCAGT-2	0.87682986	0.0120012015	0.012739391	0.0	0.0	0.0	0.0052805785	0.0
AGACCATGTCGTTATG-2	0.0	0.0	0.0	0.0	0.042694364	1.0464401	0.0	0.0
GATGCTAGTGTCTAAC-2	0.0	0.0	0.0	0.011977228	0.87714165	0.14556228	0.007329502	0.0
ACTGCAACAACCGTAT-2	0.031241098	0.0	0.0	0.0	0.0	0.0032693334	0.0012411899	0.029377345
GTGCGTGGTCAACGCC-2	0.5224246	0.17331256	0.022356369	0.026017053	0.005732804	0.0	0.11271916	0.016099725
CTTTCGGAGTGGACGT-2	0.054210287	0.02080261	0.74573004	0.0016958514	0.1452357	0.01128757	0.00037202518	0.004562146
TGCGGGTTCATTACTC-2	1.1237733	0.014623386	0.007782812	0.0046528787	0.0	0.0006558814	0.0	0.0
CCTAACCAGCGTCAAG-2	0.0	0.0	0.33799905	0.0	0.7893736	0.0	0.0	0.0
AAGACTCGTACGTGAG-2	0.8901556	0.01603214	0.03094618	0.0057727266	0.0	0.0	0.000951347	0.0
AGTGACTTCGTTCAGA-2	0.0	0.0	0.03932768	0.99496675	0.0	0.0	0.0	0.0
TGGGCTGAGAGAACCC-2	1.1368468	0.045471683	0.026807673	0.0044223513	0.0	0.008036737	0.020329338	0.0
CGAAGTTGTTCTTCAT-2	0.8910425	0.0	0.0	0.005542419	0.003579757	0.0	0.0	0.0
AGATGCTGTCGCAACC-2	1.1993208	0.011972644	0.0	0.033343267	0.023258235	0.005193931	0.03731813	0.003805382
AACTTCTGTGAGATTA-2	1.2738001	0.0	0.0	0.0005036934	0.0	0.0	0.009656929	0.01929963
TCGGGCAGTATGCTTG-2	0.08811134	0.02691879	0.6649001	0.030170782	0.23845838	0.019016912	0.0	0.0
GAAACCTAGGTGCTTT-2	0.8677712	0.011118557	0.04744721	0.025137689	0.0	0.0	0.0	0.0
TTGGGTACAATCGCAT-2	0.7416082	0.04497563	0.03680365	0.022848196	0.012323386	0.013127846	0.0	0.0
CCGGGTAGTCCAGCAC-2	0.0	0.0027897484	0.813011	0.009982255	0.2070029	0.0	0.0023541737	0.009710309
CCTCAACGTGAGCTCC-2	0.0	0.071053155	0.26513526	0.012885422	0.42997217	0.0	0.019927057	0.012644006
TCAATCTTCTTCACGC-2	0.7296179	0.002993743	0.010205342	0.018014267	0.0	0.00012152557	0.0	0.0
AGGGTGAAGCTAGATA-2	0.9162538	0.012123966	0.0	0.034472052	0.028032126	0.051397827	0.03529144	0.026506739
GGCTGTGGTCGTATTG-2	0.16083744	0.06713992	0.7793872	0.07499817	0.016222715	0.10113661	0.0	0.08391229
GTTATGGTCTGAGAGG-2	0.8536425	0.13985464	0.024539446	0.022815837	0.009260257	0.0	0.030091565	0.0
GACCGTGCAACCTAAC-2	0.82263416	0.011804759	0.001760136	0.011721474	0.00084508315	0.009371313	0.0034438602	0.0052759196
ACTACGACAAGAGGCT-2	0.8953816	0.04685769	0.014239948	0.0135829095	0.0029991772	0.022468645	0.024815429	0.042592224
GTAATGCCATCAGTGT-2	0.5919135	0.0048878724	0.07051669	0.0013410166	0.0	0.0023380795	0.0	0.0
ACATGCATCACTTGGA-2	1.2055666	0.013702078	0.0	0.007954089	0.0	0.006761956	0.027738294	0.0
AGGTTGTGTCGAGATG-2	0.87575036	0.022555657	0.012973968	0.022503883	0.018647352	0.010694796	0.0077357953	0.0030212367
ATGAGGGTCCAAGAGG-2	1.1298757	0.014053118	0.0	0.001360165	0.0	0.01150248	0.0	0.00079468486
ACTGATGAGGCCTTCG-2	0.0	0.0	0.040944967	0.88151234	0.0	0.0	0.0	0.05679907
AAAGAACTCAGAGCGA-2	0.0	0.0	0.9864277	0.0	0.2110029	0.048254274	0.017515691	0.0
TCATCCGCAAAGGCTG-2	1.0627986	0.041136913	0.033812813	0.015782386	0.0	0.0	0.0	0.0015115974
CTATCTATCGCTACGG-2	0.5473653	0.2319216	0.0	0.023762926	0.0	0.0034751804	0.037902385	0.014988395
CATACAGAGGATTTCC-2	0.96340626	0.040107857	0.0	0.0	0.018784195	0.0	0.0	0.0
GAGTTGTGTCTCACAA-2	0.8953145	0.13854358	0.0610375	0.013318724	0.0	0.0	0.09916288	0.0042286008
GTGGTTAAGACCGCCT-2	1.0425006	0.0142485015	0.056308504	0.0	0.0	0.0043447553	0.0	0.0
CAATGACTCCTCTAGC-2	0.87950903	0.058147322	0.0	0.0011952915	0.0	0.006118259	0.0	0.0062564965
TAGGTACGTTGGACCC-2	1.0078069	0.022946278	0.05420706	0.0	0.0	0.001018738	0.0	0.0
CTTCGGTTCGAGCACC-2	0.0	0.0	0.0	1.0493581	0.07799098	0.0	0.0	0.0
TCAAGCAGTAACTGCT-2	0.8556286	0.043719374	0.04602098	0.034320664	0.024987921	0.0059273234	0.03859533	0.0
GGCAGTCAGATGGCGT-2	1.0139587	0.013760098	0.0080036605	0.0	0.019321417	0.0	0.026686423	0.0002899914
GTGAGCCGTAAGGTCG-2	0.7934947	0.029043805	0.08053426	0.0177212	0.0	0.002621827	0.0	0.0
TTGACCCAGGTGTGAC-2	0.7942762	0.041569714	0.04801247	0.0071473657	0.01513489	0.0	0.0	0.002079576
TTGGGATCATGGCTGC-2	0.10496539	0.02969111	0.13310163	0.86405665	0.0	0.013630036	0.002589867	0.0
GCCCAGAGTGGTTTGT-2	0.0	0.0	0.85852903	0.011949408	0.23348202	0.00039147795	0.01179651	0.0
AATGAAGAGTTATGGA-2	0.060234185	0.0	0.0	0.0	0.0	0.00083920907	0.004144632	0.049621623
TTCACCGAGTACTGGG-2	0.0	0.0	0.0	1.1233555	0.0	0.0	0.0	0.0
CATCCGTCAGGTGTGA-2	0.17027232	0.93237686	0.033591546	0.012770955	0.0	0.0	0.0	0.004088394
ACAAAGAGTCTAGTGT-2	0.031047057	0.052115604	0.26003048	0.0	0.37589484	0.14418355	0.0	0.083676845
CTCACTGGTTCCTAGA-2	1.258893	0.023568323	0.0	0.0	0.0	0.0	0.0	0.0
GCACATACACTCCCTA-2	0.0	0.021057602	0.8106291	0.0	0.17809545	0.0	0.0014849475	0.057796147
TCGTCCAAGGGAACAA-2	0.97991276	0.015445695	0.014700524	0.0	0.0	0.0	0.0	0.0
CGTAGTAAGCCTTTCC-2	1.2914823	0.027878745	0.0	0.0	0.0	0.012933609	0.0	0.010120674
TGCGGGTCACGGTGCT-2	0.93176967	0.039514404	0.033528555	0.0	0.0	0.004764063	0.0	0.0
CACTAAGGTATTGACC-2	1.1133306	0.0	0.018524097	0.010087017	0.0	0.007405133	0.0	0.0
CACTGTCGTACGATTC-2	0.93178713	0.009583808	0.045060385	0.024562659	0.0	0.0	0.0	0.0
CTACCCAGTCCAATCA-2	0.8747945	0.02023484	0.024829792	0.029030481	0.005099439	0.0	0.0027185834	0.0
AAAGTGAAGCAGGTCA-2	0.007843676	0.014239563	0.80910933	0.023660695	0.06680454	0.12744296	0.015124399	0.009408111
CTGCTCACAAGTCGTT-2	0.6441923	0.01518996	0.060819183	0.0	0.009416506	0.0010202007	0.0	0.0
ACATCCCGTCCACACG-2	0.7567184	0.06847251	0.051213652	0.014196237	0.0	0.0037278184	0.0036867885	0.0
TCGATTTGTATTGCCA-2	0.0631431	0.0	0.0	0.7407186	0.0	0.01155084	0.02592453	0.03380844
GCCCAGAGTCGGTACC-2	1.0482851	0.0	0.0	0.00730324	0.016301315	0.0	0.0	0.0
GTGGGAACATGAGTAA-2	1.1582104	0.0038313686	0.0	0.0	0.009522206	0.0005923328	0.009852428	0.0
TATCTGTAGAGTCACG-2	1.3379251	0.0	0.0	0.0057755364	0.0	0.0	0.033393748	0.0055291033
CAGTTAGTCAAGTAAG-2	1.4002569	0.0013221486	0.0	0.0	0.017933689	0.0017462802	9.511053e-06	0.0
TCGGGCATCTTGAGCA-2	0.0	0.0	0.0	1.3611888	0.010780896	0.0	0.0	0.0
CTTACCGGTCGTCATA-2	1.2198068	0.0	0.00535757	0.014577872	0.013420136	0.0	0.004845458	0.0
ATCTCTACACCAGACC-2	0.975925	0.0	0.017905675	0.027707674	0.0056438916	0.0	0.023439622	0.0021061867
AGCTCAACATGATGCT-2	1.349613	0.018804936	0.041147646	0.008783673	0.0	0.008014965	0.0	0.0
CACGAATAGTTCTACG-2	0.77887625	0.008866077	0.042008568	0.005408464	0.0	0.0044171396	0.011237243	0.0
AAAGTCCAGATGTTCC-2	0.18025553	0.04201992	0.06419233	0.5710474	0.0	0.0	0.0	0.06819517
GAGTGTTGTCGGCTAC-2	0.7974663	0.007979139	0.029490884	0.010721967	0.0	0.0	0.0	0.0011487536
ACGTTCCTCTACCTTA-2	0.0	0.011621594	0.9080549	0.015493203	0.11478875	0.04096948	0.0068583847	0.0
AACCCAAGTAACATGA-2	0.0	0.0	0.58832574	0.0	0.6608388	0.0	0.006541926	0.03205496
GCTTCACGTCGAACAG-2	1.1455255	0.0	0.0	0.015381493	0.0	0.0	0.012311083	0.0
CACACAATCAAAGGTA-2	0.9505772	0.0013034061	0.03926197	3.5553847e-05	0.0	0.0006536439	0.023571499	0.0
TAAGTCGGTTTACGTG-2	1.0695249	0.035880886	0.0	0.0	0.0	0.0	0.0	0.0
GGGACAAAGTGAGCCA-2	0.63845056	0.0	0.04817736	0.0	0.0	0.0	0.0	0.0013066396
TGATTCTTCCGGGACT-2	0.0	0.665379	0.014111478	0.00070533354	0.0	0.0	0.29010472	0.0
AGACTCAAGTATTAGG-2	0.03166301	0.018926961	0.107199356	0.0	0.5736132	0.06593904	0.0	0.031551916
CATGCAAAGTTATGGA-2	0.85381204	0.20428458	0.0	0.01187941	0.016436718	0.10416981	0.04307506	0.027747568
GCGGATCTCCGTGTAA-2	1.1657172	0.06425213	0.0	0.035773754	0.007923464	0.008918175	0.035360906	0.0
GACCAATAGATAGTGT-2	1.0288174	0.0	0.0	0.0	0.0	0.01003837	0.0034310897	0.0
TATACCTAGGCATTTC-2	1.0587041	0.046111338	0.0010504033	0.016265439	0.0070515624	0.0069989767	0.007408537	0.014341367
TCGAACACACATTGTG-2	0.6593705	0.008520169	0.053541813	0.0	0.0	0.0	0.0	0.0
TACATTCAGGAAACGA-2	0.9385125	0.0	0.0	0.010627977	0.0	0.0052187596	0.0	0.0
GTGAGCCTCCAGGACC-2	0.87979096	0.110666186	0.0	0.021813268	0.009030054	0.0	0.0014473152	0.003956727
GAGTCTAGTGGCAGAT-2	0.0	0.0	0.0	1.2134727	0.102963224	0.0	0.0	0.0
TGGGAAGGTATCGGTT-2	0.75285333	0.0	0.0	0.0	0.0	0.0	0.899938	0.0
ATAGGCTGTGGAACAC-2	0.025393507	0.0	0.0	0.0	0.0	0.0014380586	0.0023507804	0.027931014
TCTCCGAAGCGGACAT-2	1.1760044	0.0066421228	0.0076762186	0.0	0.005658091	0.0	0.0	0.002346839
CCCTCTCGTGTCTTCC-2	0.8333103	0.017370738	0.0010619359	0.007836832	0.008841881	0.0	0.047555182	0.0
ACGTAACGTAGATTAG-2	0.91138303	0.0017858997	0.025892083	0.034368113	0.0	0.0011985464	0.0	0.008514353
TTCCTAAGTCACTACA-2	0.96087843	0.03969217	0.045010906	0.006874125	0.0	0.0	0.0	0.0
CTACCTGGTACCTAAC-2	0.81542736	0.04242253	0.034187615	0.022707498	0.0	0.0056576175	0.0	0.0
AGCCAGCTCCATACTT-2	0.0	0.0	1.3003988	0.0	0.0	0.0035884813	0.0	0.0
CCTCTCCCAGCAGACA-2	0.0	0.0	0.0	0.011347332	0.05703222	1.0689962	0.0	0.0
AGACCATCACAACCGC-2	0.885359	0.041451454	0.07018294	0.0	0.0	0.0	0.0	0.0014695963
TCCCAGTCAGAGTTCT-2	1.2449695	0.0075985547	0.0	0.0	0.0011051883	0.0	0.03608851	0.00038746552
CATCGTCGTCGAAGCA-2	0.79821503	0.021078106	0.009753832	0.0	0.0	0.0	0.0	0.0
AGAAGTAGTACGACAG-2	0.0	0.0	0.77856946	0.0	0.40999773	0.0	0.0	0.0
TTGTGTTCAAGATCCT-2	1.2688506	0.0	0.0	0.0	0.0	0.006366477	0.0	0.003973324
ATCCACCAGGCTTCCG-2	0.97737646	0.0	0.0097568175	0.0	0.0030230605	0.0	0.0	0.0
GCGTTTCGTGGATCAG-2	1.0363678	0.006848242	0.0018910136	0.0	0.0	0.009798562	0.0	0.0070721046
TTCTTGACACCTGCTT-2	0.24061507	0.028953956	0.47974908	0.03768674	0.022513816	0.0	0.0	0.0
GCAACCGAGTCTGCGC-2	1.0255302	0.021919893	0.024932317	0.0	0.0	0.012314454	0.0	0.0
GAAGGACGTAGCTGTT-2	1.3386122	0.0	0.0	0.020138932	0.0	0.022505486	0.039251193	0.0
TTGTGTTCAAGCGCAA-2	0.12930848	0.039125897	0.59715056	0.03746129	0.35349151	0.028795527	0.0	0.061423462
GATAGAATCTTCCCGA-2	0.092520155	0.08374854	0.060785774	0.57422936	0.0	0.0	0.0	0.15613648
TATATCCTCCTTATGT-2	0.90434796	0.024924569	0.051929623	0.0028071585	0.0	0.0	0.0	0.0
AGGTAGGAGCGACCCT-2	0.17679471	0.07106959	0.32042566	0.05781699	0.08725254	0.24645963	0.0	0.26781294
GCATTAGAGGAAAGGT-2	0.8714216	0.03617288	0.06778343	0.0	0.0	0.004005596	0.0	0.0
AGACCATTCCCGTTCA-2	1.155803	0.02108266	0.03507102	0.0	0.0	0.0	0.0	0.009851036
TCAGGTACAAAGGCGT-2	1.1409116	0.0	0.0154680675	0.009285744	0.0	0.009767029	0.026681498	0.01905071
CACTGGGAGAAGCCTG-2	1.0572208	0.07214643	0.0	0.0	0.026652548	0.0009572955	0.022480486	0.009784731
TAGCACAGTAGTCACT-2	1.174327	0.0	0.0	0.0	0.0	0.0	0.0	0.002509517
TTTGACTAGGAGGCAG-2	1.3056886	0.0374153	0.012602917	0.01238211	0.0	0.00095283036	0.0	0.0
CTCCATGCACGTCATA-2	0.97352123	0.01155103	0.03678852	0.008509036	0.015556397	0.0	0.02428807	0.012138914
ACTGTGACATGAATAG-2	0.9340003	0.027251171	0.034729995	0.0	0.0	0.0037834863	0.0	0.0
CAGCCAGCATCCGTTC-2	0.8505051	0.0	0.026310058	0.0073954295	0.00060755824	0.004902727	0.0	0.0
GGGTAGATCGTGTGGC-2	0.8717316	0.0	0.02523878	0.0	0.0	0.0041228263	0.0	0.0
GGGACCTAGGTACCTT-2	0.81945395	0.023761231	0.0	0.0	0.0	0.0017351741	0.009328153	0.0
ACACTGAAGTGTAGAT-2	0.885492	0.0049168267	0.0	0.0015600517	0.011016116	0.0	0.0	0.0
GTGACGCCATACTTTC-2	0.35698226	0.022183713	0.0187487	0.014992602	0.0024032914	0.0	0.013284073	0.012533621
TGGAGGACAAAGTGTA-2	1.146178	0.019109888	0.003937148	0.0	0.0051786993	0.0034500058	0.007030435	0.0
TCATTACCACGACGTC-2	0.08503534	0.029437974	0.0	0.81316864	0.003679273	0.0	0.0	0.0
TTCATGTGTGTGCCTG-2	0.75596696	0.0	0.08509359	0.0	0.0	0.0	0.0	0.0
GTGCAGCAGGCTAGCA-2	1.0217727	0.022214444	0.05900486	0.0131605705	0.0	0.0001470068	0.0	0.0
GGGAAGTAGCCTATTG-2	1.0943953	0.0	0.013111741	0.0	0.024915572	0.0	0.0	0.0049152886
CTTTCAATCTGTCTCG-2	0.025144985	0.009358147	0.34822556	0.023920616	0.64899796	0.03394017	0.0	0.028490392
GAACTGTTCCAGCCTT-2	1.0525286	0.0064916257	0.028396321	0.004489676	0.0	0.0024885419	0.0	0.0
AGTGTTGTCGGCCTTT-2	0.0	0.023333559	0.06946317	0.7276123	0.0	0.0	0.0	0.2203278
CAGCCAGGTACCATAC-2	0.95928216	0.021991389	0.037412774	0.0	0.0007384509	0.00246438	0.01947872	0.0
ACACGCGAGAGAGCAA-2	0.9042586	0.017091148	0.0049536293	0.0	0.0	0.006173444	0.0	0.0
CAACAACTCGATCCCT-2	1.0710205	0.008284289	0.028766343	0.010705976	0.005071926	0.0027427902	0.0	0.0
CATCCACTCGTGCTCT-2	0.8994917	0.016650198	0.0	0.0022595127	0.013452619	0.0067210915	0.011011629	0.0
TTTCATGCAGCGTGAA-2	0.0	0.02760006	0.23823698	0.0	0.7068623	0.0020640083	0.006555806	0.013376026
AGAACCTAGTGTTCAC-2	0.14924374	0.0	0.0	0.0	0.002371637	0.021558877	0.005929771	0.066561386
GACGCTGGTTCTATCT-2	0.71114546	0.019786738	0.050103962	0.0	0.008359572	0.0007775058	0.0	0.0
AGGAATATCCGGTAAT-2	0.0	0.0042947996	0.8064515	0.0012775252	0.20049971	0.026216093	0.005072999	7.584927e-05
ACTCCCATCCGCACGA-2	0.006993757	0.0	0.88427234	0.0	0.072416514	0.0014896283	0.00015212841	0.0
TATTGGGCATGGACAG-2	0.94046295	0.0	0.0	0.0049939803	0.0	0.0	0.0	0.0
TGTTACTCAACAAGAT-2	0.8643706	0.004789321	0.020426992	0.0	0.0	0.0	0.0	0.0
CAATTTCTCGAGTGGA-2	0.7120373	0.17864184	0.012119832	0.03368462	0.0050257347	0.0052253217	0.026111625	0.0
CATCCGTAGTCATGAA-2	1.1532297	0.0015573254	0.020351905	0.0	0.0016143767	0.0017912722	0.08705309	0.0
ACCACAATCGCTGCGA-2	0.8148779	0.0	0.012128638	0.0059701838	0.0	0.0019116611	0.0	0.0
CGTTCTGAGCTATCCA-2	1.1181654	0.016424721	0.004255909	0.0013260269	0.03544911	0.0	0.0	0.0
TTCTCTCGTACTTGTG-2	0.11201833	0.009649912	0.41228107	0.0034834924	0.64934325	0.0	0.0	0.0
TTCTCTCAGTCGAGGT-2	1.0176631	0.023760254	0.035470117	0.0051638694	0.0061701643	0.0	0.0	0.0
AAAGGGCTCCCTTCCC-2	0.0	0.0	0.0	0.0	0.05617172	1.1026849	0.0	0.0
AGCGATTCATGACTGT-2	0.64187324	0.18206443	0.01185124	0.045954064	0.06769641	0.0	0.057872944	0.006865954
ACCCTCATCTCGGCTT-2	0.9580632	0.050384168	0.016074147	0.0057789492	0.025539486	0.0	0.031397555	0.0
CTCAAGAGTACCGGCT-2	1.2199807	0.0012844759	0.042086132	0.0	0.0	0.0112877255	0.0	0.0
AAGAACATCACGGTCG-2	0.90406865	0.038472727	0.0039236206	0.0	0.0	0.0	0.0	0.0011427441
TCGATTTAGACCGCCT-2	0.0	0.03183528	0.98539305	0.0	0.0	0.0	0.0019982324	0.0
CTCACTGAGCTTACGT-2	0.19049622	0.052245844	0.30449396	0.029494906	0.34317282	0.098449506	0.0	0.0
TTCATTGCATGACAAA-2	0.7866446	0.0	0.012092913	0.014275167	0.0044724974	0.0	0.0	0.0
GACGCTGTCATAGGCT-2	0.8869904	0.034312166	0.059899855	0.008904364	0.0	0.0014644715	0.0	0.0
GTAGAGGTCGACGATT-2	0.020186864	0.015400865	0.7605205	0.028919172	0.3417114	0.0	0.011285782	0.022313775
ATCGGCGGTCCATACA-2	1.099306	0.0	0.0	0.0	0.0	3.868185e-05	0.09448914	0.0013176282
GGGTCTGGTTGTAAAG-2	1.3055407	0.04502714	0.0	0.0	0.0	0.0	0.0016359192	0.028337216
ATCCATTCAGGACGAT-2	0.9393076	0.032276433	0.06810253	0.0	0.0	0.0019491615	0.0	0.0
GACTATGGTACCCACG-2	0.87912357	0.019102864	0.0	0.014829372	0.015153257	0.0	0.0	0.0
TCATGCCGTCTACAGT-2	0.0	0.0	0.18189494	0.012824927	0.7739989	0.22968163	0.012183021	0.0
GGAATGGAGCCTCAAT-2	0.3200693	0.20043473	0.0031051284	0.031813584	0.0028934237	0.0	0.02190788	0.0
CGTGCTTTCTGGGCAC-2	0.30604148	0.03818006	0.0	0.0	0.01885481	0.04209746	0.013980637	0.06097457
GACACGCTCTGGGTCG-2	1.1901515	0.008111434	0.014590694	0.0	0.013332239	0.008690627	0.0	0.0
ACTGATGCAAGCGCTC-2	0.05598288	0.019158019	0.14795026	0.0	0.5635449	0.0	0.0	0.015455441
CGAAGGACATAGGTTC-2	0.0	0.0	0.26289758	0.023771454	0.89007694	0.0	0.015798705	0.011368551
GTGGTTAGTCTTCATT-2	0.7752574	0.0059096175	0.00963513	0.0036463563	0.0	0.0	0.0	0.0
CCTTCAGAGATCGCCC-2	0.015474744	0.00059423747	0.3241206	0.011219565	0.70413166	0.001213414	0.0007009113	0.0017466508
TTACCGCAGATTTGCC-2	0.8084028	0.02775806	0.012648627	0.007973884	0.002059162	0.00019486959	0.0038468055	0.004001025
GTTCGCTGTCGCGTTG-2	0.9300626	0.023409648	0.031221945	0.0	0.0	0.0024408575	0.0023608021	0.0
ATGGTTGGTCCTGGTG-2	1.139038	0.024797011	0.035579726	0.024451619	0.0	0.0	0.0	0.0
ACACAGTCACCTGAAT-2	1.1502042	0.009223521	0.0	0.005707628	0.00084188685	0.0025859377	0.011361553	0.0037885199
CATTTCACAGGTTCGC-2	0.721968	0.02254445	0.0	0.023065241	0.034598988	0.0	0.027171196	0.0
AGCATCATCAACACGT-2	0.98524946	0.0	0.0259825	0.014386248	0.00483168	0.0	0.08718246	0.0
GTCTACCTCCATTGTT-2	0.0	0.0	0.8641191	0.0	0.05805179	0.042063836	0.00044891846	0.012718156
GAGCCTGTCGGAACTT-2	1.1162783	0.0041128756	0.0	0.009309309	0.0	0.0	0.0	0.0
CACTTCGGTTTGACAC-2	0.94472396	0.0	0.018684741	0.003699549	0.0	0.00566186	0.01763753	0.0
CCATCACGTTACGTAC-2	0.83882344	0.0013130226	0.024423579	0.0	0.0	0.0013102007	0.0	0.0
AAACGCTTCCATCTAT-2	0.22417308	0.059108593	0.38266915	0.04044872	0.24990308	0.0039502126	0.0	0.05636035
CATCGGGCAACTTGCA-2	0.98249805	0.007916026	0.0	0.017367156	0.0034465194	0.0	0.016056355	0.0
TGCAGTAAGGATTTGA-2	0.9732633	0.03839599	0.026223622	0.015130242	0.022366924	0.0055137887	0.01943947	0.0012944301
AGGCATTGTCCTATAG-2	0.23734714	0.062385585	0.09866171	0.8237782	0.0	0.0	0.0	0.17064643
TTCGGTCCACTTGTGA-2	0.1382663	0.06216585	0.18140654	0.07184769	0.15355259	0.272603	0.0	0.03710324
AGTTAGCCACGTTGGC-2	0.97894025	0.05758817	0.052302577	0.0009076634	0.0	0.02366629	0.009662607	0.00030441125
GAGTTGTGTGATAGAT-2	0.0	0.0	1.1743914	0.0	0.0	0.018334974	0.0017430484	0.0
TTACCATTCCTTCTAA-2	0.856242	0.0040313946	0.0	0.00067824556	0.0	0.035851557	0.0	0.0014769501
TTCTTCCTCAATCTTC-2	0.8908723	0.008583141	0.04270623	0.0	0.0	0.0028529637	0.0	0.0
CTCAATTCACTGTGAT-2	1.08466	0.0	0.029141502	0.011541807	0.0	0.0	0.0	0.0
GCGGATCAGAGTCTGG-2	0.0059157386	0.022043549	0.24629863	0.0051916502	0.7096703	0.057299126	0.008879756	0.0
TTTACGTTCTTGGGCG-2	0.7818675	0.16045941	0.069769055	0.034108378	0.0	0.0	0.028896807	0.0
GGGTAGAGTGTCACAT-2	0.051119532	0.017732847	0.7167964	0.021187097	0.051317677	0.045552246	0.004328015	0.00072579645
ATCGTAGGTGCTGCAC-2	0.8258091	0.0	0.03353657	0.012110287	0.0005250277	0.0054998957	0.0070277588	0.0
AAGACAAAGGAGGTTC-2	1.0985984	0.031129567	0.07837754	0.0	0.0	0.020343013	0.0	0.0
GCCTGTTTCACCACAA-2	0.109454766	0.0	0.0	0.0	0.0	0.0	1.1481116	0.0
AGACAAATCTTCTCAA-2	1.0081079	0.0	0.016515706	0.0021013743	0.018575333	0.0	0.0	0.0
AATTCCTAGAGGTTTA-2	0.0	0.0	0.0	0.0061909035	0.3611879	0.6666616	0.0	0.23320837
CACCGTTCATCAACCA-2	0.7727578	0.0	0.029293982	0.0	0.0	0.0	0.38299116	0.0
TGCACGGCATGAGAAT-2	0.0	0.0	1.0970336	0.012950194	0.0	0.020483531	0.0015148745	0.016344987
AGGTCATGTGATAGAT-2	0.9506797	0.009015752	0.0012736227	0.0064574815	0.021690806	0.0	0.003457393	0.0
CAGCGTGAGAATCCCT-2	0.8247504	0.0	0.042278834	0.009400623	0.0	0.0107238535	0.0	0.0
TGATGCATCCCTTTGG-2	0.0	0.0	0.0	0.7594806	0.08138818	0.0	0.0	0.0
GGGACTCCATGAGAAT-2	0.0	0.0	0.0	0.9899336	0.07328131	0.0	0.0	0.0
TTCTTGAAGGGTTTCT-2	0.0	0.023763899	0.81583554	0.027957005	0.13789834	0.033071954	0.010476002	0.023237562
CTGAGCGTCCTTGACC-2	0.0	0.0035524883	0.5025538	0.0	0.36394498	0.026760155	0.007684516	0.017489415
TGAGACTTCCACCTGT-2	0.77829486	0.0	0.007673735	0.0060033225	0.008777624	0.0	0.0	0.0
ACATTTCGTAGGAGTC-2	1.0451888	0.059747692	0.0	0.0	0.022771418	0.00033847868	0.13802274	0.011363202
CTACATTTCCTCACGT-2	1.0403208	0.04215934	0.013107618	0.011663469	0.0	0.006227171	0.0	0.0
TGGGTTAAGGGCCCTT-2	1.1921611	0.0	0.009927186	0.0074355663	0.011762636	0.0	0.0068511716	0.0
TTCCACGAGCTCACTA-2	0.7966205	0.017765278	0.041465145	0.0038797217	0.00689718	0.008786452	0.0	0.0
ACTACGACACGTTCGG-2	1.2160763	0.032315377	0.018288298	0.008637482	0.030939179	0.0	0.06555091	0.013250127
CAGATACCATTGAGGG-2	0.0	1.0849617	0.0	0.010123417	0.0073028062	0.0013122619	0.0	0.0
GTTAGACCATAGAGGC-2	0.072368994	0.0366405	0.018624127	0.5685215	0.021164713	0.0	0.0	0.1921708
GTGCAGCCATACAGGG-2	0.049756788	0.0	0.0	0.0	0.0	0.006569242	0.0012601402	0.022544902
TGACCCTCAATAAGGT-2	0.7462277	0.001562823	0.05305827	0.009631859	0.0	0.0	0.0	0.0
TCACGCTTCTACCCAC-2	0.47878143	0.27265266	0.0	0.038145777	0.0020383243	0.012929138	0.23723848	0.024117436
CCGAACGTCAAGAGGC-2	0.18698263	0.040563777	0.029923772	0.0	0.031812083	0.017142942	0.0	0.009862112
CATCCGTAGCGGGTTA-2	0.0	0.9030808	0.0	0.028931139	0.04837918	0.0070153098	0.08467579	0.0
GACGCTGTCAACCGAT-2	0.30966157	0.6801475	0.0	0.094916396	0.15357307	0.0	0.03016772	0.0
TAGACCATCCGTGACG-2	0.6092329	0.0	0.0	0.0	0.0	0.0	0.36325172	0.0
ATCCGTCGTGCTTCAA-2	1.3026576	0.009952775	0.0	0.018766426	0.0	0.0	0.11740104	0.0
AATGGCTGTTCAGCGC-2	0.20539518	0.060075093	0.69634485	0.0	0.07649409	0.01991236	0.0	0.0
CTCAACCGTGAGACGT-2	0.9978928	0.017928617	0.012397607	0.0	0.00530185	0.011240503	8.347567e-05	0.0
CCGATGGGTCCCAAAT-2	1.1179821	0.008888861	0.0	0.0	0.0031793292	0.0	0.0030538002	0.0025765535
ATTCCCGTCCGATAAC-2	0.16105962	0.014845431	0.0	0.0	0.0	0.01806254	0.0	0.02447601
CCACAAAAGTTGTAAG-2	0.899832	0.055133592	0.0225901	0.0	0.0019260386	0.0020717122	0.0	0.0
CAGGCCAAGGTTGTTC-2	1.0543367	0.02524535	0.007355927	0.0018468014	0.008003685	0.007770509	0.0	0.0
CGTAGTATCTGAATCG-2	0.95406485	0.0	0.0	0.0067467573	0.0029413432	0.009619559	0.0005229607	0.0
CCACACTGTATGAGCG-2	1.0199813	0.032751054	0.07778026	0.0	0.0	0.0074904235	0.0	0.0
AGAAGTATCTGAGAGG-2	0.99111223	0.087717704	0.0508505	0.025897764	0.0037774425	0.015630389	0.0	0.005476377
GAGGGATAGTTACGGG-2	0.9018535	0.0	0.0	0.012573438	0.003499724	0.0	0.0682706	0.0042915954
GGGTCACGTGAGATCG-2	0.98102385	0.0	0.053083207	0.0	0.0	0.0065809754	0.0	0.0
GTGTAACAGTGGTGGT-2	0.0	0.0	0.89072543	0.0	0.0	0.13607027	0.0	0.50371027
GAGACTTCATGCCGGT-2	0.45517534	0.012108221	0.0	0.0	0.0	0.0	0.0	0.0
ACACGCGTCTGTACAG-2	1.0048698	0.04806075	0.0427169	0.019649943	0.016978329	0.0013561698	0.028245116	0.0
ACCGTTCGTCAGGTAG-2	0.985437	0.0	0.02847656	0.0	0.0	0.0067720306	0.016082462	0.0
AGGTCATCATACTTTC-2	1.0877024	0.0	0.0	0.0	0.0	0.0	0.0	0.0
AGACCATGTATCGAAA-2	0.106756635	0.04309532	0.7158125	0.02971604	0.1487602	0.0	0.0	0.0
GCATCGGTCATACGAC-2	1.0650375	0.0	0.022501994	0.006881466	0.05065776	0.031171994	0.066169836	0.0
TCTACATGTTCTCCTG-2	0.040668417	0.07533468	0.06789291	0.79627585	0.0	0.0	0.0013547577	0.01723065
ACCTGAATCAAGTTGC-2	0.0	0.0	0.94654584	0.0	0.0	0.021088498	0.0039164564	0.0
CATCGGGAGGGTTGCA-2	0.0	0.0	1.0575385	0.0	0.032137997	0.0	0.0035805649	0.0
ACCTGAATCTTACGTT-2	0.0	0.0	0.0	1.1155181	0.0	0.0	0.0	0.0
CCTCTAGAGATGTTCC-2	0.0	0.02121711	0.95346385	0.039935246	0.10857129	0.0	0.0	0.016816635
CGTTAGAGTAGCTGAG-2	0.9134401	0.023965007	0.05066953	0.0	0.013233976	0.0009722911	0.0	0.0034507043
GTAGAGGGTTATTCCT-2	1.4796637	0.069500126	0.0	0.0	0.0	0.0	0.0068954644	0.0
ACTTTCATCGCGATCG-2	0.3419528	0.098252945	0.053215086	0.62569404	0.0	0.0	0.0	0.08990999
TCACAAGGTGATAGTA-2	0.8065473	0.061323058	0.052140735	0.026044007	0.0	0.0	0.0	0.0
TGCATGAGTATGGGAC-2	0.0	0.0	0.05405689	0.047149252	0.115837745	0.8092659	0.0	0.10045244
GCCCAGAAGTGTTCCA-2	0.0	0.0	0.71585387	0.0	0.30826616	0.0	0.011144339	0.0
CCCTGATGTACTCAAC-2	0.0	0.0	0.8977892	0.0	0.18294854	0.0	0.0056618764	0.0
TGCAGTAAGCAGCACA-2	0.92770416	0.11784011	0.046301633	0.0	0.0	0.0019536917	0.01691163	0.0
TTAGGGTCAGAACTCT-2	0.10647395	0.012076377	0.8954548	0.02805394	0.031460725	0.07476086	0.011694207	0.017161522
TCCACCAAGGATATAC-2	0.6347154	0.00083448354	0.018462779	0.0	0.0	0.0	0.0	0.02281606
CAACCAATCGATTGGT-2	1.2531427	0.04276979	0.040558334	0.0021078258	0.0	0.0065229577	0.0	0.0
CAGGGCTAGTCTAGAA-2	0.054875534	0.012163823	1.0428437	0.02932142	0.0	0.026825272	0.0	0.0
CGAGGAAGTTCTCTAT-2	0.0	0.03826695	0.40374377	0.0	0.58291256	0.018502701	0.011880907	0.030808987
GCAACATAGTACAACA-2	1.3101335	0.02897527	0.04753229	0.00016005404	0.0	0.0	0.0036604381	0.0
GTCCTCATCGCACGAC-2	0.88951486	0.036215506	0.009575015	0.014929933	0.0034331207	0.0045368765	0.0	0.0
GGGTTTAAGAAGGATG-2	0.0	0.0	0.87077844	0.0	0.44740713	0.0	0.0	0.0
GACATCACAGCTTCGG-2	0.7053174	0.033309534	0.04730575	0.03232329	0.0	0.0034403175	0.008411878	0.00079271646
TAAGCACAGAGGCTGT-2	0.94116944	0.030353678	0.035361685	0.0075943093	0.0	0.0039338884	0.021417398	0.0
AACTTCTAGCCGGAAT-2	0.7071728	0.0	0.0	0.0	0.02023021	0.0	0.0044906097	0.0
ACAGAAAGTCACTGAT-2	0.80736357	0.011224246	0.0	0.0051685753	0.0	0.0	0.0	0.0
CGAGGAAAGTTACGAA-2	0.9339806	0.0	0.0	0.0	0.0	0.01876714	0.0064016585	0.0036188408
GGAGATGGTCGTCTCT-2	0.9778878	0.008796008	0.043022577	0.0	0.0	0.0018717046	0.0	0.0
ACGTACACAGGAATAT-2	1.1874952	0.0	0.0	0.0	0.0	0.0	0.0	0.0016310525
CTGGACGGTCGCGTCA-2	1.0448216	0.0	0.011944296	0.0	0.028363865	0.0	0.0	0.0
GTCAAACCAAGGTCGA-2	0.9357442	0.011935051	0.0026506109	0.00034573177	0.0	0.0	0.0	0.0
TGGCGTGTCTCTCAAT-2	0.0	0.0037865834	0.70939404	0.35334635	0.124575295	0.0	0.009294851	0.028937902
TAAGCACAGCATGGGT-2	0.0063572484	0.019667903	0.05228822	0.0037242111	0.0	0.86497146	0.0	0.3635986
CTTTCAAAGTTCCATG-2	0.8431978	0.028799938	0.027897546	0.0	0.0	0.0019064186	0.0	0.0
AGGATCTAGCGACATG-2	1.0811605	0.02881033	0.021370934	0.0	0.0	0.003922447	0.0	0.0022906016
AACGTCAAGGTCCCTG-2	0.0063918354	0.007247781	0.6796274	0.02575261	0.25429973	0.015848402	0.006575049	0.048012316
CTGCCATTCCTCACTG-2	1.0878658	0.0075804065	0.014819296	0.0039744573	0.0	0.0110368095	0.0	0.0
GTGCTGGAGATGTTAG-2	0.0	0.0	0.0	1.2412523	0.13935333	0.0	0.0	0.0
ATCTTCAGTTCGCGTG-2	0.093847625	0.0	0.105586916	0.016041331	0.471866	0.17613897	0.0	0.07834132
TGCTCCATCGGATAAA-2	1.030387	0.0023703845	0.029706905	0.0	0.007540908	0.0	0.0	0.0
AAGTTCGCACTTGAAC-2	1.2573316	0.0	0.0	0.00038785586	0.013389198	0.0061173365	0.056564026	0.0
CACAGATGTAGACACG-2	0.09941265	0.051385675	0.16720153	0.01812791	0.29121485	0.18341205	0.0	0.07299165
AAGGAATTCAGAACCT-2	0.84045774	0.015956191	0.011048683	0.0	0.0	0.0	0.0	0.014551233
CATCGCTGTTGGGATG-2	0.07494533	0.028203296	0.07818314	0.90095073	0.0	0.011839029	0.0071532377	0.012900303
TTACGCCTCCACTTTA-2	1.1164807	0.030087108	0.0	0.0	0.018602816	0.0	0.020506926	0.0
GAGTTGTCACTTTATC-2	1.0287377	0.011269438	0.016378812	0.019329797	0.0	0.005218052	0.0	0.0
TGACGCGTCGAGCCTG-2	1.0234487	0.00893279	0.01495298	0.0	0.0	0.0	0.0	0.0
TTTATGCGTGATGTAA-2	1.2271131	4.652037e-06	0.0	0.001276653	0.0	0.0	0.041708812	0.0008115164
TCAGCCTTCCACATAG-2	0.0	0.0	0.7403577	0.0	0.21131226	0.0	0.003961036	0.0
TTAGGGTAGGTAAGGA-2	0.0	0.0	0.9952623	0.0	0.050647218	0.024171732	0.00043939776	0.0
ACCACAAGTTGCTGAT-2	0.7738073	0.0	0.0011206012	0.0	0.0	0.009235224	0.017727729	0.0
TCAGTGAGTGTAGGAC-2	0.1331708	0.039368033	0.5890801	0.055751152	0.46082875	0.027708199	0.011053017	0.009940805
GCTTTCGGTGCAATAA-2	0.86341983	0.0	0.014725558	0.0	0.0	0.001513649	0.0036523158	0.0024592995
GTACAACCATCTGCGG-2	0.9902406	0.011588291	0.0043707653	0.0	0.03294001	0.0	0.054673675	0.008079706
GAAGCCCAGGCATCGA-2	0.6790025	0.000317853	0.018864296	0.013874707	0.0	0.0	0.0	0.0
GTCGAATCATCGTCCT-2	0.8980852	0.11659566	0.042804707	0.03885979	0.007672035	0.0017690357	0.033929616	0.0
GTCGCGAAGAAGTCTA-2	1.0790833	0.018333279	0.0	0.009853568	0.0	0.0	0.07910562	0.0022237038
AGGCATTAGTTCCTGA-2	1.035009	0.039481197	0.046342213	0.0	0.0	0.0	0.0	0.0
TAGGTTGGTCCTGTCT-2	0.95826685	0.028280267	0.022313748	0.008556946	0.010017861	0.0034612266	0.0	0.0
TGTGTGACATTCCTCG-2	0.79792684	0.01920663	0.047215417	0.017728778	0.0062512546	0.0	0.0	0.0
GGGTTATAGGCTGTAG-2	1.3959222	0.011648554	0.0	0.0	0.0	0.0	0.0047736824	0.0
TTAGGGTCAAGCAATA-2	0.87044215	0.012495492	0.037765723	0.0	0.0	0.009422615	0.0	0.0
GGTTCTCCATACCATG-2	0.04427278	0.0	0.0	0.0	0.0	0.0074058147	0.0010590935	0.01777104
TAATCTCCACCAGCTG-2	0.8555451	0.0	0.0321859	0.009641124	0.0	0.00042077526	0.0	0.0
CATAGACCATACGCAT-2	1.093563	0.0019734574	0.0	0.0	0.0	0.001190719	0.0	0.0
TGCAGATCATCCGCGA-2	0.18567395	0.045630097	0.53524446	0.028419534	0.1855441	0.0	0.0	0.002674765
TCTATCACAATCTCTT-2	1.4305685	0.024939343	0.022853915	0.015143127	0.02148175	0.0	0.0	0.0
CTCAGTCAGACTGAGC-2	0.0	0.0	0.7028114	0.0	0.41333613	0.0	0.0	0.0
TCCTCCCGTCGAGTTT-2	1.0685369	0.0	0.0	0.0	0.0	0.0	0.005675756	0.008613111
AGATAGAGTCGCCTAG-2	0.15813833	0.009313942	0.7240545	0.0	0.09590575	0.0024040325	0.0	0.0
CGTCCATAGGCGTTGA-2	1.037961	0.026620071	0.020398038	0.0	0.0	0.0	0.0	0.0
GTCATTTTCAACTACG-2	1.1711305	0.05022089	0.02975238	0.024106368	0.0	0.0	0.0	0.0051224288
ACTCTCGAGATCACCT-2	0.0	0.0	0.068933755	0.9120382	0.0	0.0	0.03819818	0.0003365171
ACAACCATCTACTGAG-2	1.1449889	0.019703103	0.014428426	0.0	0.0	0.008928529	0.0	0.0
CGCGTGACATGGAAGC-2	0.04237436	0.8927059	0.007044866	0.00054539513	0.018833576	0.0	0.0148518635	0.0
CATCGTCTCCTCGCAT-2	1.0058722	0.00956565	0.069048055	0.015621827	0.0	0.002477006	0.0	0.0
TCCCACATCTCTCGCA-2	0.9797749	0.011916942	0.03280942	0.016994597	0.0	0.0	0.0	0.0
AGGACGAGTTAAGTCC-2	0.0	0.039028313	0.5931754	0.042919423	0.4820975	0.0	0.017177757	0.011239493
GGTCTGGCATCCCGTT-2	0.6437902	0.017380089	0.053279575	0.013538911	0.0	0.001273113	0.0	0.0
ACCATTTTCGCCAACG-2	1.1840494	0.0	0.0024179074	0.0022327367	0.0	0.0	0.0	0.0
TTCATGTAGTAACCGG-2	0.0	0.008297335	0.34910974	0.1905061	0.5790993	0.009827558	0.012063075	0.008707853
TATCTTGAGGCCTGAA-2	0.028407272	0.0356602	0.54943776	0.023807326	0.5077991	0.0	0.0	0.012499059
TAACCAGTCGTTGCCT-2	0.061745357	0.0	0.0	0.0	0.0	0.0048800344	0.0	0.04549771
CGAGTGCTCTGGGAGA-2	0.0	0.048216876	0.21219593	0.0	0.8694236	0.0	0.0	0.012922155
AGGTGTTAGTCCCAAT-2	1.1214546	0.01378056	0.0	0.0	0.035515465	0.0	0.021204019	0.009643952
TTAGTCTTCACCTTAT-2	0.6635396	0.03379475	0.042276423	0.0	0.008793691	0.0050286953	0.0	0.0
ACTACGATCGGACCAC-2	0.061083086	0.026895467	0.7881341	0.023473836	0.07174376	0.023753684	0.008878646	0.0
TAGCACAGTAGATTAG-2	1.106643	0.022187633	0.020461328	0.011050462	0.0	0.0030504267	0.0	0.0
GAAATGACAGGCCTGT-2	0.026142223	0.0	0.027155727	0.6383616	0.0	0.0	0.0	0.28997517
ACCTGTCTCCTGATAG-2	1.0707128	0.0	0.0	0.0434031	0.008204776	0.0	0.005732661	0.001010133
CGCGTGAAGCGCGTTC-2	1.0610043	0.015854469	0.023566462	0.027330607	0.0	0.0016317032	0.0	0.0
CTAACTTTCTGGGATT-2	0.76552624	0.031903308	0.025508663	0.0	0.0	0.0	0.0	0.0006232859
GTCTGTCGTCTGATCA-2	0.7799595	0.08150279	0.07028051	0.0	0.0	0.0035770892	0.0	0.0
TCTACATTCTTCACAT-2	0.26522988	0.0534684	0.4313911	0.03484469	0.027222347	0.021780252	0.0	0.0
CCTATCGGTTGGACTT-2	0.3705225	0.15368856	0.0	0.0	0.0	0.0	0.014106663	0.09473063
CGTCCATCAGACCCGT-2	0.8151884	0.0	0.03056991	0.0	0.0	0.008634993	0.0	0.0
TGGGAAGCAAGTTCCA-2	0.96647626	0.011492508	0.02099394	0.022062775	0.005464918	0.0059345867	0.0	0.0
TGTCCTGCAACAGAGC-2	0.71302116	0.0	0.020313334	0.002659837	0.0	0.0007380012	0.005036688	0.0023867951
TCATGAGCAGCTTCCT-2	0.8071154	0.028448626	0.040393103	0.0	0.0	0.010481635	0.0	0.0
GAGACCCTCTGCGGAC-2	0.8615305	0.0	0.0029193163	0.0	0.0	0.0	0.0	0.0
TCGCACTGTCTACTGA-2	0.9839174	0.044946	0.0079681175	0.009380195	0.0	0.0	0.011207782	0.0
TGCTCGTTCATGGCCG-2	0.80213624	0.033112936	0.051485773	0.0033556884	0.0	0.0024407436	0.0	0.0
AATCGACCATAAGATG-2	0.007662361	0.016135838	0.8947827	0.025626414	0.108302936	0.0	0.017469002	0.0
GTGCTGGGTCCGCAGT-2	0.7819287	0.0	0.019682612	0.0	0.0	0.007860638	0.0053739045	0.0
AACAGGGCACTGCTTC-2	0.0	0.0007919699	0.08079445	0.94093204	0.0	0.00061821216	0.0	0.0
CATTTCACAAATGGCG-2	0.06299996	0.0	0.14987278	0.11282092	0.07390265	0.32144824	0.0	0.15261365
GACCCTTCAGCAGAAC-2	1.1240567	0.008479652	0.015575928	0.0	0.0	0.009920659	0.019367004	0.0
ATGTCCCCAACCCTAA-2	0.030013047	0.023084972	0.6460493	0.49998862	0.0	0.0	0.0025797307	0.018230362
CATCGGGAGCTACTGT-2	0.78837866	0.045495126	0.060684692	0.011100009	0.0024437206	0.0010722515	0.0	0.0
CAACGGCCACGCGTCA-2	1.0995103	0.019153716	0.0060047745	0.0	0.00033038663	0.0024767122	0.009662759	0.0
AGGTTGTAGCAACCAG-2	0.0	0.0019253793	0.88979286	0.0	0.0	0.05052349	0.020804986	0.0
TCAAGACAGAAACCCG-2	0.753788	0.11258165	0.045603905	0.02497609	0.0	0.0	0.0	0.0
GTGTTAGCAGAGAGGG-2	0.8819042	0.024305673	0.034945223	0.018820113	0.0	0.010057809	0.017598314	0.0027092732
GTCGAATCAGTAACGG-2	1.0431234	0.038338628	0.0	0.0	0.020425934	0.0	0.026921386	0.0027452973
GAGTGTTCAGCTTTCC-2	0.98593205	0.03708812	0.03362921	0.022302823	0.0022277373	0.0065254183	0.023164753	0.0
CACTTCGCATAATGAG-2	1.0123773	0.035400774	0.0	0.0	0.0	0.0	0.0	0.0
CTGAATGAGCTCTGTA-2	1.0900397	0.0	0.0	0.0	0.029195206	0.0	0.0	0.0
TTCAGGAGTACGGCAA-2	1.1674223	0.0	0.008345465	0.0018935659	0.0	0.0074417796	0.0	0.0
GCCAGGTTCCCTCATG-2	0.022700496	0.011904772	0.7444271	0.013811143	0.24312532	0.0	0.004451059	0.0
GTGCGTGGTTACTCAG-2	0.85164773	0.012731936	0.023295078	0.01204484	0.0	0.003492158	0.0	0.0
GCATCGGCAAATCAGA-2	0.89839816	0.0	0.031564683	0.06711633	0.001640455	0.0	0.02865069	0.0
GGAATCTTCGCCTTGT-2	1.4614136	0.0	0.0	0.0036481412	0.032742586	0.0	0.0	0.0
GCACTAAAGGTATCTC-2	0.13036227	0.021361148	0.7070865	0.009051961	0.076251	0.032051954	0.0	0.0
AGGACTTAGTAACCTC-2	0.97810304	0.0	0.04026046	0.017353807	0.00032629314	0.0032248457	0.008370329	0.0
TCCACGTAGATTGGGC-2	0.9243811	0.048926394	0.015295694	0.0008433221	0.004879251	0.00908735	0.008176244	0.0
TTTATGCTCGATGCTA-2	0.8101185	0.01774716	0.053487856	0.0	0.0	0.0	0.0	0.0
AGCGTATCACATGTTG-2	1.0971624	0.0	0.0	0.0	0.0	0.010388624	0.0	0.0
AACAAAGTCGTTCTCG-2	0.7520218	0.04351721	0.03955565	0.0	0.0068563414	0.009346262	0.0	0.005224062
CCTGTTGTCCTAGCCT-2	0.04266793	0.012146739	0.6095036	0.001611238	0.06890598	0.0	0.0	0.004612681
CACAACAAGAGGCCAT-2	0.0	0.0	0.7800283	0.0	0.30782822	0.0	0.0034794915	0.0065081683
ATTCCTAGTTTCTATC-2	0.18239908	0.18183798	0.6623913	0.03104746	0.007333559	0.04537321	0.0	0.13308217
TCATCATAGCAATAAC-2	0.06352708	0.03525554	0.2130844	0.012779983	0.5219301	0.13397764	0.0	0.016121477
TCGAACAGTAGAATGT-2	1.1430564	0.021642094	0.0	0.0	0.0	0.0	0.034330543	0.0
GGTGTTACATCCGATA-2	0.68332446	0.012476239	0.004380743	0.013892108	0.010765652	0.0002876992	0.005103714	0.000621638
CGTCCATCATCATTGG-2	1.0217848	0.0	0.028680386	0.0101069845	0.0	0.0	0.0	0.0
TGCATCCGTGATTGGG-2	1.0076008	0.022269057	0.0066682715	0.0	0.0	0.0062538492	0.05599144	0.0
TACAGGTAGGTCTACT-2	0.7978811	0.006639499	0.03157299	0.0	0.0	0.003113449	0.0	0.0
ATCGATGTCTCGTTTA-2	1.1727786	0.010073385	0.005907824	0.005036865	0.0	0.012588504	0.0	0.0005191143
ATGATCGTCGTCTCAC-2	1.2400396	0.0	0.0	0.0	0.0	0.0	0.0	0.0
GTAATCGAGCAACAAT-2	0.0042352113	0.03730758	0.8840014	0.0	0.115765646	0.0	0.0	0.004324796
AGGGTGAAGCCAAGTG-2	0.9169592	0.0	0.02327218	0.0	0.0	0.0030086976	0.0	0.0052896347
TGGTGATTCTGAGGCC-2	0.08950893	0.031142276	0.79959303	0.02326156	0.08835168	0.0	0.0	0.007836336
TTCAGGACATCAGCTA-2	0.0	0.0	1.0373933	0.019000845	0.045353517	0.0011174374	0.0	0.03246922
GATCCCTGTTGGTAGG-2	1.0873575	0.011137585	0.04596902	0.0029729595	0.0	0.0053134044	0.0	0.0
GCAGTTAGTAATGCTC-2	0.13662355	0.0	0.0	0.0	0.0	0.023385689	0.004744244	0.0566027
GTCTACCCAACTTGCA-2	0.5813094	0.11866768	0.053283397	0.025714558	0.0069071227	0.0	0.015517096	0.006230167
GTTAGTGCAGCACCCA-2	0.895014	0.09951386	0.054860964	0.0	0.0	0.0	0.0	0.0
ACTTTCACACGCAGTC-2	0.04403749	0.03194997	0.8887473	0.022455707	0.031028658	0.020221822	0.004054017	0.0
CGTGTCTCAAGACCGA-2	0.0	0.0	1.4949803	0.0	0.0	0.0	0.0	0.0
TTGGGATTCTCAGTCC-2	0.0	0.040908743	0.84502745	0.07227275	0.077171385	0.034474313	0.013459477	0.026244704
CGTAGTAAGGCATGGT-2	1.0640478	0.0	0.0	0.0	0.0	0.0048249457	0.0	0.0
GTTCATTGTGTCATCA-2	0.8484764	0.14789689	0.02432359	0.04001146	0.013242111	0.0064536924	0.010004397	0.0064534275
ACATCGAAGTACTGGG-2	0.0	0.006428093	1.0999326	0.0068613347	0.0	0.015829684	0.0014351596	0.009814859
ACGGAAGCAAGCGCAA-2	1.2654786	0.0	0.0	0.025871618	0.0	0.0	0.06511945	0.015681276
GTTGCGGGTATATGGA-2	0.9600207	0.038109846	0.04749547	0.0	0.0034546256	0.004178012	0.0	0.0
TGATTTCCATTCATCT-2	0.0	0.014472873	0.0	0.021468505	0.267384	0.84177643	0.012934958	0.0
GGGTATTTCAAAGACA-2	0.678297	0.20867477	0.023779131	0.06485268	0.042529587	0.0	0.028620278	0.00083828386
GTGCAGCAGCATGGGT-2	0.13087164	0.019625876	0.5684091	0.024031185	0.104730956	0.07195824	0.0	0.021501
CAACGATAGGGTTAGC-2	0.47407576	0.0137742255	0.020025304	0.009820972	0.0	0.014731025	0.0009524501	0.0
TGGTGATCAAATGGTA-2	0.8250211	0.042755816	0.0	0.046316177	0.03577277	0.0	0.023587387	0.00091631943
TACCCACAGATTAGTG-2	0.6654865	0.1740117	0.050319396	0.013143498	0.007773662	0.0	0.022568904	0.001736523
GTGGAGACAATGCTCA-2	1.3584048	0.0	0.0	0.0036470576	0.0025974142	0.0050792694	0.057893034	0.0
TGTGATGAGGCATGGT-2	1.1312002	0.009880648	0.026350679	0.0	0.0	0.0	0.009561046	0.0
GATTCTTGTTCGGCCA-2	0.23466958	0.10463227	0.51902807	0.123234086	0.07795194	0.11111349	0.0	0.063812666
CCTTGTGTCTGCGTCT-2	1.0367903	0.01083562	0.0	0.0	0.018384624	0.0	0.008985912	0.0008040474
ATACTTCTCCGCAGTG-2	0.004891083	0.0023000059	0.78626204	0.0	0.19981582	0.014217523	0.0012512866	0.0
GGGTCTGCACACGGAA-2	0.904932	0.0	0.041604567	0.0	0.0072849547	0.005743114	0.0	0.0
AGGTGTTTCTACGGTA-2	0.0	0.0	0.69805384	0.014678379	0.39234516	0.0	0.00013944593	0.007437718
ATCGGATTCACCCTGT-2	0.9445961	0.0	0.00784424	0.0	0.0	0.0040585822	0.005331356	0.0
TGCTTCGCATAGGAGC-2	1.2060069	0.033831898	0.0	0.0	0.0	0.0	0.021700814	0.0
AACCACAGTGGGAGAG-2	0.7896801	0.03969072	0.0013816174	0.0	0.0	0.010357005	0.01861707	0.0
TGATGGTAGTCGTCTA-2	0.7889964	0.13736407	0.058860973	0.01730934	0.0	0.0	0.042974845	0.0
ATAGACCTCACCCTCA-2	0.0957653	0.0	0.0	0.14779197	0.0	0.0	0.0	1.2290322
CTGCTCAAGAGGCGTT-2	0.8364709	0.027891329	0.03766603	0.0	0.0	0.0	0.0	0.05366215
AAATGGATCTGCATAG-2	0.10651477	0.0	0.0	0.0	0.0	0.0	0.005044012	0.059636083
GTGCACGCAGACCTGC-2	1.0027194	0.02242537	0.07276568	0.021564214	0.0	0.0	0.0	0.0
TGTGGCGAGAATTCAG-2	1.0032134	0.0051934244	0.025629973	0.0	0.0	0.0	0.04430416	0.0
AGTACCATCGCAAGAG-2	0.91537	0.012069919	0.0	0.038808197	0.043624245	0.0	0.011734966	0.0
GAGTTGTCAAGAGAGA-2	0.0145886345	0.009544981	0.0	1.0581636	0.0015435066	0.008054886	0.0	0.0
CCTCACATCCCATTCG-2	0.06861342	0.0	0.0	0.0	0.0	0.007934687	0.00021111917	0.030466055
CTACTATGTGCCCGTA-2	0.86368674	0.019403696	0.0011959308	0.030971201	0.012855847	0.00014753522	0.0	0.011573463
TCATTGTAGCTCGAAG-2	0.025708653	0.08438422	0.36553377	0.046068475	0.10952229	0.26343128	0.03484334	0.21260662
AGCGCTGCAGGGAATC-2	0.0	0.08447073	0.74098927	0.0	0.16015437	0.09520484	0.017460855	0.05037884
TAAGCACGTACGTGTT-2	0.1536568	0.0883219	0.6713538	0.03767618	0.16980982	0.068034545	0.0	0.04304629
TCGCAGGTCGTCGGGT-2	0.88225776	0.021894947	0.03300316	0.02408718	0.011753135	0.0	0.0	0.0
CCAATGACATCCGGTG-2	0.75510246	0.0	0.0	0.0	0.008577732	0.0	0.0	0.0020285277
CTCAGAATCGGCATAT-2	0.05279721	0.0	0.0	0.0	0.0	0.012031743	0.0025956417	0.029150834
CTACAGAGTAGGTCAG-2	0.0	0.03645424	0.7317416	0.0	0.071657665	0.14439058	0.0070277983	0.06215896
ACGTAGTGTTGGAGGT-2	1.0808837	0.0	0.0030266186	0.011009055	0.0	0.00058491755	0.00050808274	0.0038951705
GAGCTGCTCCGATCTC-2	0.9292133	0.0	0.0	0.0042158547	0.004554808	0.0	0.040772345	0.0027194854
GTCACTCAGCAACCAG-2	0.07894402	0.0077690477	0.0	0.0	0.001852734	0.016661335	0.0075247693	0.030739179
TCCTCGATCGTTCAGA-2	0.0	0.061867077	0.4558885	0.05356743	0.42356142	0.0	0.016311258	0.069639765
ATAGACCCACTACCCT-2	0.067496784	0.032630622	0.8463322	0.06328738	0.029243799	0.050063875	0.008063889	0.067545496
CTTCCGACATAGACTC-2	0.029860502	0.0	0.78953683	0.0034382716	0.24677306	0.0	0.0	0.0
GGTTGTATCTGACGCG-2	0.0	0.016226873	0.9322429	0.0	0.0	0.0116909705	0.00443391	0.0
AGTCAACGTGTCTAAC-2	0.87184626	0.012378319	0.017998807	0.008179695	0.0	0.0059836353	0.0	0.0
ATCATTCGTTAATGAG-2	0.31371683	0.9660422	0.03032019	0.0052815247	0.006138936	0.0	0.0	0.02113909
ACGATCATCATCTATC-2	1.0260004	0.04174482	0.047278985	0.0	0.0	0.0	0.0004996768	0.0
TACTTGTAGGACCCAA-2	1.0058748	0.0	0.032327745	0.00616212	0.0	0.006331204	0.0066748853	0.0
GACCCAGCAAGAGTGC-2	0.9519538	0.02143595	0.0	0.018692335	0.016448632	0.006637793	0.006699352	0.00969924
GTAACCAGTCCTCCAT-2	0.74337435	0.024549346	0.037062433	0.030725636	0.014461238	0.0	0.0	0.019227333
ATGCATGAGTAGAGTT-2	1.2194113	0.020719465	0.0	0.018868364	0.026540428	0.014442907	0.009148125	0.0
TACCCACAGTTGTCAC-2	0.14868475	0.07664934	0.88479966	0.04741689	0.15369342	0.0	0.0	0.0108671365
CCCTAACAGGTGCAGT-2	0.9045127	0.024258967	0.0	0.014137846	0.00029509535	0.020696107	0.020053543	0.0030003088
TGCTCCAAGACAGTCG-2	0.018270297	0.13338141	0.89156383	0.0920274	0.0	0.07540505	0.0	0.1478935
CCGGACAAGGAGAATG-2	0.96638954	0.013825946	0.020805338	0.008114816	0.018027203	0.004753786	0.0	0.0066425656
CCTCAACCAGACGGAT-2	0.006675195	0.0	0.0	0.043160833	0.6662187	0.355841	0.00054359634	0.0
GATCATGTCAATCCGA-2	0.6335888	0.012067419	0.019546999	0.0016694381	0.005869363	0.0045089647	0.0018855847	0.00016652324
ATCGTAGGTCCATAGT-2	1.4391577	0.056103766	0.018264677	0.0016985001	0.054006837	0.05794609	0.19450893	0.0
GTAGAAACAGGTCTCG-2	0.8259805	0.0	0.03465696	0.0	0.0040337676	0.0015778888	0.0	0.0
ATCTTCATCATGCCAA-2	1.122153	0.06502251	0.03231735	0.021541815	0.0	0.002490132	0.016858583	0.0030871963
TTTGGTTGTCCATACA-2	0.0	0.0	0.90193737	0.0	0.12241863	0.0	0.0084590325	0.0
TTTGACTAGGGTACAC-2	0.0	1.2708105	0.0	0.009541671	0.0	0.0	0.051934242	0.0066921413
GGTGAAGCAACTTGGT-2	0.9009382	0.027109137	0.0	0.0006043458	0.012496828	0.0	0.035226498	0.022972263
TGCTTCGGTGTCCGTG-2	0.081169054	0.0	0.0	0.97307146	0.0	0.0	0.0	0.0
TGTGAGTGTTAGGCTT-2	0.0	0.0	0.71698177	0.012707755	0.2622932	0.14200117	0.010912634	0.0
ATCCACCTCTCCAATT-2	1.0996491	0.0	0.025437929	0.009915162	0.0065943804	0.003946648	0.0	0.0
TCGCTTGGTCCAGCGT-2	0.701951	0.03183621	0.003068819	0.0	0.02856944	0.0042295093	0.008820326	0.0024005002
TGGATGTGTCTGTGAT-2	0.91076845	0.0	0.035901275	0.0	0.0014993834	0.0070561133	0.0	0.0
CGTAGTAAGGACTGGT-2	0.14908221	0.07847547	0.13235661	0.74866164	0.0	0.0	0.0	0.2577969
TACCCACAGCAAGTCG-2	0.0	0.0	0.15288189	1.0383037	0.015436389	0.0074505517	0.025859749	0.03795052
GATCAGTGTTCTCCCA-2	0.71323943	0.0	0.00072921376	0.0	0.005839271	0.0036638016	0.0	0.0
TTTACTGGTCACAATC-2	1.0813802	0.0113126105	0.013255306	0.007631396	0.0	0.0	0.0	0.0
GTAGGAGAGATTGATG-2	0.90026546	0.008594608	0.04751642	0.015300002	0.0	0.012907515	0.026705809	0.0068768538
GAGAAATTCTCTGCTG-2	0.0	0.0	0.4207766	0.012568938	0.91408414	0.0	0.012550228	0.0070538637
GAATCGTCATTAGGCT-2	0.0	0.0	1.0479531	0.018590344	0.0	0.06603545	0.0	0.0
AGGTCTATCAGTCACA-2	0.0	0.0	1.0401624	0.019274538	0.36887264	0.0	0.0	0.0
GAGTCATAGTGCAGGT-2	1.0687197	0.012046674	0.02100057	0.0	0.0	0.00046522377	0.0076367273	0.0
CATCGCTCAAACCACT-2	1.1154454	0.012846348	0.0	0.0	0.004161005	0.0	0.0232945	0.0
ACTTCGCTCCACGTGG-2	0.0	0.0037666154	0.5330099	0.0	0.7154261	0.0	0.011044218	0.0005217629
GATGTTGGTACAAGCG-2	0.8020826	0.0	0.00485157	0.0037764215	0.0	0.0	0.0053742286	0.0
TAATCTCAGAAGAACG-2	0.68071055	0.016429685	0.010230941	0.0	0.0	0.0	0.0	0.0007078809
AACAACCGTGTTTACG-2	0.0	0.039210983	0.0	0.35075402	0.0	0.0	0.0	1.5195283
TACAGGTTCGCACGGT-2	1.0338163	0.029262405	0.004839971	0.0	0.0	0.0	0.0	0.0
TGATTCTTCTTGCAGA-2	1.1619668	0.016135547	0.0	0.014470963	0.0	0.00088998413	0.0	0.0
AGGTAGGCATGATCTG-2	1.0045556	0.0	0.0	0.0	0.013495168	0.0	0.02628519	0.0
AGTCACACAGGACTAG-2	1.0364914	0.050840173	0.016923897	0.007774009	0.0	0.00281486	0.0	0.0
GTCATTTTCGGAATTC-2	0.5929767	0.009957646	0.030348388	0.006953162	0.0	0.0	0.0	0.0
CGTGAATAGTCTAGCT-2	0.7160177	0.019790133	0.0	0.004858938	0.0	0.0	0.0014323866	0.003982012
ACTATTCGTGCGTGCT-2	0.1095044	0.019413898	0.0	0.90944207	0.0	0.0	0.006250256	0.16332148
TTCTCTCGTGCCCACA-2	0.09133599	0.0013201683	0.3512318	0.046574514	0.3461231	0.020489674	0.0	0.0025637387
TAGACTGAGCAGGCTA-2	0.7566578	0.02006128	0.029380681	0.0	0.0	0.004534961	0.0	0.0
TCCTAATCAACTGCCG-2	0.09082677	0.0	0.0	0.0	0.0	0.011775778	0.0033086801	0.050711256
TGAGGTTAGCCTTTCC-2	0.5602983	0.0050690877	0.079413965	0.0	0.0	0.0	0.0	0.0012133883
GCATCTCCACAGCTGC-2	0.0	0.0015455954	0.86454195	0.009049676	0.22537474	0.0	0.0070030065	0.012271875
TACCTCGAGTTGTACC-2	0.82399154	0.017972598	0.06691946	0.011725061	0.0	0.0	0.0	0.0
AACCACATCTGCAGCG-2	0.7478063	0.054539222	0.013825463	0.0	0.0	0.0	0.0032349746	0.0
GAACTGTAGCATGGGT-2	0.87742454	0.009643503	0.032686397	0.01550658	0.0	0.0	0.0	0.0
ATTCAGGCAGTCTACA-2	0.9605869	0.02621131	0.027030742	0.0	0.0	0.01714282	0.0	0.0
CACGTGGTCATCACCC-2	0.05572895	0.032995746	0.90077627	0.03967339	0.0	0.07069711	0.0	0.013612813
TGTACAGTCATGAGAA-2	0.607268	0.19978726	0.05626495	0.061199248	0.0	0.0	0.054884776	0.00087320915
ATTTACCAGTAGCATA-2	1.1095865	0.017073974	0.030371903	0.0	0.0	0.0	0.0	0.0
TCATGTTGTCACTAGT-2	0.0	0.0	0.0	0.0	0.28441983	0.739688	0.0	0.0
AGTTCGATCAACACCA-2	0.08698322	0.03194914	0.8498774	0.0	0.0	0.007837705	0.0	0.006847606
GTGTTAGCATAGGTAA-2	0.76578736	0.0	0.05993204	0.0	0.0	0.00040255577	0.0	0.0
AGAAGTAAGGCAGCTA-2	0.10979815	0.01928263	0.0	0.8081573	0.09048495	0.0	0.0	0.0
CAAAGAAGTGTCTAAC-2	0.9478735	0.02046636	0.009304358	0.011952628	0.027686961	0.005133544	0.010290837	0.0
CATGCGGGTACTTCCC-2	0.7387466	0.0057999054	0.032823835	0.00022394482	0.0	0.0029737721	0.0	0.0
GAAGCGAAGCGTCGAA-2	0.91447586	0.014939988	0.015496801	0.0142032765	0.0	0.0	0.0	0.0016790248
CTTCTCTTCGGTCGAC-2	0.8577229	0.0	0.05024651	0.0075519923	0.0	0.0015582443	0.0	0.0
GGGAGATTCTCAATCT-2	0.07749934	0.0	0.0	0.0	0.0	0.022539664	0.0	0.08383505
GGGCCATCAATTTCTC-2	1.0013798	0.0	0.0	0.0	0.0	0.0	0.0	0.0
CATTCATTCCCGTAAA-2	0.08999387	0.66922915	0.075482056	0.025592621	0.0	0.0	0.0012850539	0.016375856
AAAGGATAGACTTCGT-2	1.2337118	0.0	0.0	0.0	0.0	0.0	0.060708433	0.0019139058
TGAACGTGTGAGATAT-2	0.98827404	0.0	0.0	0.0	0.0	0.0	0.0	0.006669808
TCAGTTTTCCGAAATC-2	0.081657894	0.03176762	0.947603	0.029675685	0.08971606	0.0065029436	0.0016113711	0.014557878
ACCAACACAGCGTAGA-2	0.102627136	0.0456949	0.10006352	1.0202183	0.0	0.022136657	0.0	0.0030594324
CCGTGAGAGCTTGTTG-2	1.1519308	0.025545334	0.02304641	0.013026771	0.0	0.0051911427	0.0	0.009152987
AGTAGCTCAACGCATT-2	0.9382451	0.01426292	0.031394053	0.025797665	0.0034093396	0.0036322076	0.005408522	0.0
GTGGTTACATAACAGA-2	0.14769834	0.08825301	0.043818843	0.71319103	0.0	0.0	0.013696816	0.09424528
TACGGGCTCCTTTGAT-2	1.156842	0.0	0.016882159	0.0	0.0	0.0	0.0	0.0
TGCAGGCAGTAAGACT-2	0.0107906945	0.018495923	1.0244502	0.010394488	0.06757725	0.0	0.0	0.0
ATGCATGTCGTCGACG-2	1.0658617	0.0081867855	0.039495993	0.008250751	0.0	0.0	0.0	0.0
GTCGAATTCCGAACGC-2	1.1914644	0.0	0.015958706	0.0045457617	0.017566008	0.0030264473	0.012467879	0.0
AATGGAAAGCAACTTC-2	0.09464824	0.039970133	0.48849645	0.04163649	0.40460756	0.0	0.0	0.0
TTGCCTGAGTAGGCCA-2	0.0	0.0	1.0733365	0.0	0.0	0.0	0.0	0.0
TGAATCGTCTGGGAGA-2	0.9322185	0.011445749	0.010554314	0.0	0.00659853	0.001496565	0.0	0.002282075
CCTCAACTCCAACACA-2	0.0	0.0	0.8875126	0.0	0.1354462	0.026806593	0.17878409	0.0
ACTGTGATCATTTCCA-2	0.9940527	0.006271073	0.004709142	0.027124979	0.015152586	0.0	0.0013449108	0.006142453
TGAGGAGTCGGCATAT-2	1.3678446	0.0	0.0	0.0	0.0	0.0	0.080533035	0.0049267695
ATACCTTTCCGTTGGG-2	1.1649125	0.0	0.041102823	0.0	0.0	0.0013951652	0.0	0.0
TCTTAGTAGGCTGTAG-2	1.1179212	0.09140865	0.053193446	0.004798669	0.0073824497	0.013645516	0.0043620886	0.0
TAGCACACAAGGACAC-2	1.0658827	0.0	0.014522947	0.006722426	0.0	0.011469491	0.01958422	0.0
ACTACGATCGACCACG-2	0.85601526	0.11444202	0.03312292	0.028147368	0.008967811	0.0	0.0029357714	0.0
AACCCAATCTTGAACG-2	1.0210983	0.030445233	0.021419853	0.010353005	0.0	0.0	0.0	0.00042367706
AAACGAATCGGCACTG-2	0.069618635	0.0	0.0	0.0	0.0	0.009140236	0.0012300644	0.04103061
TACTTCAGTAACTTCG-2	1.1127933	0.0	0.014174768	0.00608141	0.0	0.0008344249	0.0001422722	0.0
AGGCTGCAGATGTTCC-2	0.8756067	0.0	0.026477655	0.01897317	0.0	0.0	0.0	0.0035786554
CCTCACATCCTATTGT-2	1.0184617	0.0031825404	0.00829153	0.0048191817	0.0	0.008192602	0.0049309945	0.0
GCCCAGACAACAACAA-2	0.0	0.0	1.334906	0.0	0.0	0.0031606432	0.0	0.015687367
GAATCGTTCGTGTGAT-2	0.06540332	0.042400885	0.64203507	0.03822615	0.104286775	0.004307603	0.0016247585	0.025737075
TACAGGTTCCACCTGT-2	1.0249428	0.0	0.026478494	0.0024995317	0.0057815467	0.0040648775	0.0	0.0
CTCAAGAAGATCGACG-2	0.6296879	0.35794547	0.03004647	0.023198314	0.0056993095	0.0	0.071828626	0.023643503
TACGGTACACTCCCTA-2	0.8618724	0.011804453	0.043230698	0.0	0.0	0.0071192817	0.0026878966	0.0
TTCTAACGTACTGAGG-2	1.0459495	0.082467265	0.011796524	0.05117815	0.020791229	0.0072811525	0.017687134	0.0044527687
TTACGCCTCCAGCTCT-2	0.7271464	0.0	0.027286777	0.002655742	0.0	0.0	0.0	0.0
TATTCCAAGCATTGTC-2	0.0879533	0.9791063	0.0	0.042076547	0.0	0.0	0.05627639	0.0
TTCATTGTCACTGCTC-2	1.1148229	0.01613468	0.008747481	0.0	0.0070033586	0.011316646	0.0056535215	0.0
TCATCATGTGCTAGCC-2	0.78888243	0.002344935	0.040699136	0.0065000746	0.0	0.009997514	0.0	0.0
CTGCCTAGTTAAGAAC-2	0.82905006	0.055459958	0.0	8.998037e-05	0.012344997	0.0	0.0	0.0
CATCCACAGCGTGCCT-2	0.87162256	0.020563748	0.036697216	0.0	0.0012354145	0.0	0.0	0.0
GAATCGTAGTCTGGTT-2	0.0	0.07297012	0.27059633	0.038158793	0.04857343	0.83696115	0.047046233	0.0
CGGGTGTAGTGAACAT-2	0.7232651	0.0057284	0.05392762	0.0	0.0	0.0	0.006351276	0.0
GCACATATCGGAGATG-2	1.2191883	0.0	0.0060084774	0.0	0.0	0.00042456595	0.0	0.0
TGTACAGTCGATTGGT-2	0.9509788	0.011055605	0.06366412	0.0	0.0	0.0	0.0	0.0
TCCGTGTTCACGGACC-2	0.695663	0.00918362	0.013604348	0.0	0.0	0.0033575105	0.0	0.002329576
CAGATACAGTCAGCCC-2	0.03298059	0.0	0.0	0.0	0.0	0.0	0.0031856296	0.049101662
CTTTCGGAGTCCGCGT-2	0.6736518	0.008471664	0.0033476017	0.015917486	0.0065198117	0.0	0.0048350706	0.011597101
ATGCGATCATGTAACC-2	0.99726266	0.0	0.004259513	0.035947233	0.0	0.0	0.017837692	0.030105336
GTAACACTCGCCGATG-2	1.1592253	0.0	0.0	0.0	0.0	0.0014036727	0.0	0.0
CTATCTACACACGGTC-2	0.05586251	0.010469389	0.7099787	0.009216209	0.21864119	0.03272212	0.012526955	0.0
GCCGTGACAACCGCTG-2	0.94438654	0.108530335	0.108724594	0.0	0.0	0.0	0.008879908	0.0
TGTTGAGAGTGAGTGC-2	0.028330682	0.0496655	0.0	0.0	0.8598378	0.31782207	0.0034073093	0.0
ACTTCGCTCCAAGCTA-2	0.7819932	0.010582509	0.03797451	0.0	0.0	0.0	0.0	0.0
CGGACACTCTTCCCGA-2	0.14101061	0.028654015	0.44115257	0.012878054	0.20341027	0.0036975504	0.0	0.0
GTCTTTAAGTAAATGC-2	0.9499367	0.0069818436	0.0	0.014620218	0.017320141	0.0	0.0010122996	0.0
ATCGTCCGTGATACAA-2	0.5175579	0.24195337	0.026164517	0.05129345	0.0034205802	0.0011391917	0.020876205	0.0
TGTTACTCAGCATCTA-2	1.1012484	0.030289596	0.05992981	0.009074042	0.0	0.0067696655	0.0	0.0
GCCCGAACATTCCTCG-2	0.06452602	0.0	0.0	0.0	0.0	0.014630854	0.0008810031	0.033654265
TTGTGGATCTCCCATG-2	0.78630275	0.0	0.017990682	0.01517042	0.008306224	0.0	0.0	0.0
CCACACTCAAGTTCCA-2	0.06429585	0.024536079	0.6139832	0.08060491	0.16007887	0.0	0.003989572	0.0412217
GTTAGTGCAAACTAGA-2	0.003715857	0.019022383	0.19208157	0.009597714	0.62854236	0.05032224	0.010415996	0.0
ACTCTCGCACATTCTT-2	0.10503299	0.057269014	0.02470163	0.75627965	0.0	0.0004054238	0.0	0.12661839
GCCCGAACAGCATCTA-2	1.0082475	0.0	0.0	0.0054413066	0.0	0.0	0.008971237	0.005503217
CATTGCCTCCCTCAAC-2	0.089885354	0.024876598	0.5171708	0.445384	0.04384011	0.021593448	0.014920112	0.007879771
GTACAACGTTATCTTC-2	0.96000963	0.026828093	0.029805077	0.0	0.0	0.0	0.036090653	0.0
TTAATCCAGCGACCCT-2	0.067522295	0.05423354	0.9152742	0.04719051	0.0	0.04993479	0.011194151	0.0073558586
CATACAGTCGTTCTAT-2	0.0	1.00465	0.03705211	0.001736154	0.0	0.0	0.0	0.0
CCGTGAGGTCGTACAT-2	1.0223902	0.19869845	0.081824325	0.0018900315	0.0	0.0	0.00753531	0.0
ATATCCTGTCTGTGAT-2	0.8877016	0.0	0.0	0.0	0.2544523	0.0	0.11200955	0.034600038
CTACAGAGTTGTTTGG-2	0.04821938	0.039383963	0.4386643	0.078671746	0.36229226	0.00090285804	0.014429546	0.0472855
ATGAAAGGTGTTCAGT-2	1.0191749	0.008660561	0.014051903	0.0	0.0	0.0	0.0	0.0
TCTTAGTAGATGCTTC-2	0.48648998	0.15110795	0.05634569	0.044944376	0.001227666	0.0	0.026097674	0.0
CCTCATGCAAGTGACG-2	1.0257831	0.016915265	0.0	0.0	0.0	0.0017045374	0.0	0.0
TCAGCCTAGCAACAGC-2	0.7380994	0.13040179	0.024256058	0.013590992	0.0024775697	0.0	0.0	0.0
CACAGATCATCTCATT-2	0.061674517	0.090955764	0.26998278	0.03670821	0.067130074	0.46736902	0.0	0.17789625
GACGTTACAGGCATTT-2	0.9095883	0.02414148	0.020583054	0.031441137	0.0	0.0	0.0	0.008152134
CATAAGCCATTCGATG-2	1.1617712	0.0	0.013163082	0.0	0.027005639	0.0067408467	0.18574409	0.0
AGGGCCTCAACACACT-2	1.0939642	0.021568429	0.034536242	0.0	0.0	0.0	0.0	0.0
GTGTTAGTCTTAGCTT-2	0.010675997	0.050264046	0.10335966	0.9371382	0.0	0.10549714	0.0	0.0
AACAAAGAGGTAAGGA-2	1.063826	0.0011236321	0.012481949	0.0037157694	0.02062697	0.001900448	0.0	0.0
CAATTTCTCTACACTT-2	0.0	1.178736	0.016428452	0.0	0.0	0.010647168	0.0	0.0
CAGGTATCAGTCAACT-2	0.0	0.0	1.2047368	0.0	0.030591834	0.017729763	0.0	0.0070009776
GAGCCTGCACCTGCTT-2	1.1065292	0.0063244416	0.023894092	0.03199995	0.00023677945	0.0058836504	0.0	0.0050056037
CATCGGGTCCGCTAGG-2	0.7967058	0.0	0.017431218	0.010978914	0.017867444	0.0	0.0	0.0
TCAGTGAGTCTGTAAC-2	0.8895382	0.010311363	0.010192851	0.0	0.0	0.0048915744	0.013670703	0.0
GTGTTAGTCCTGGGAC-2	0.691437	0.038871955	0.030075887	0.0	0.0	0.0	0.0	0.0
AGACAAATCTAGTTCT-2	0.9735954	0.0006989409	0.0	0.0	0.011361937	0.0	0.010657934	0.003776413
ATGACCATCTCATTAC-2	1.038337	0.014454991	0.043452647	0.0017774825	0.0	0.006873085	0.0	0.0
TAAGCGTAGAAGTCCG-2	0.0	0.0800984	0.004292861	0.94046736	0.0721495	0.026487539	0.028560914	0.036141925
GTATTTCCAAGCACAG-2	0.0033999102	0.08645948	0.0	0.0	0.095656484	0.7417682	0.0	0.0
TCTTCCTCAGACCATT-2	1.2535393	0.03186358	0.0	0.0059111086	0.0066878977	0.0	0.0	0.0057042516
CGGGTCATCCATATGG-2	1.2149059	0.052139424	0.005113802	0.0	0.0	0.0	0.0	0.0
ACCAACATCCTATGGA-2	1.1425866	0.007335939	0.0	0.006949707	0.010385557	0.0013943977	0.0072855405	0.0021324924
CCACGAGAGAAGGATG-2	0.08481113	0.03441905	0.51895773	0.0	0.42102966	0.0	0.0	0.017321236
TGCCGAGTCCCGTTGT-2	1.0832695	0.011952986	0.018027669	0.021779193	0.0006088685	0.0015956645	0.0	0.0
GATAGAAAGTGCGACA-2	0.0	0.0	0.0849775	0.9286938	0.0	0.0	0.0	0.0
AACAGGGGTGCGGATA-2	1.0447947	0.013653472	0.0	0.0	0.0	0.0	0.05734908	0.0
AGTACCAGTGCCTGCA-2	1.1767597	0.014021117	0.0	0.0	0.0	0.0	0.0	0.0
GATAGAAAGAGTCACG-2	1.1344553	0.0	0.0	0.0	0.0	0.0	0.0016651534	0.00073459704
GCAGCTGTCAAGCTTG-2	0.0	0.0020029878	0.9507472	0.007203421	0.19738345	0.0	0.0084367655	0.010702425
TCAGGTAAGGACTTCT-2	0.25131086	0.12985171	0.07137258	0.004141891	0.002036115	0.013949118	0.05913208	0.0
ACTGATGAGGTGCGAT-2	1.1355786	0.00055823725	0.0	0.009260277	0.0	0.0016433273	0.0	0.0010669758
ACGATCAAGCTGTACT-2	0.07363539	0.0	0.39033526	0.026767146	0.32904106	0.017909013	0.0	0.0
TATCAGGAGGGAACAA-2	1.060569	0.0	0.0	0.0	0.029530097	0.0	0.009874852	0.0
GCAACATGTCTGATCA-2	0.029027553	0.035390005	0.07520822	0.018021116	0.0	1.0034624	0.0058695883	0.0
TACGTCCGTTCTCACC-2	0.83761245	0.03437775	0.035671804	0.0062470497	0.008452179	0.0019111722	0.0	0.0
TTTGTTGTCAGTGTGT-2	0.0	0.0	0.15471879	0.019652672	0.90237105	0.07420101	0.008115189	0.0
CCACTTGGTACCCACG-2	0.9698403	0.0022808877	0.0011100369	0.005898295	0.0	0.0	0.0	0.0
TCCTCTTAGGCCATAG-2	0.585448	0.016623365	0.0	0.015350108	0.019094085	3.1185467e-05	0.005880813	0.0010520756
TCCTCGATCGCAAGAG-2	0.032032482	0.04593278	0.0	1.0575866	0.007133037	0.0	0.0047884877	0.027364977
AAGCATCCAGTCAGCC-2	1.0015664	0.034525327	0.0	0.003893503	0.00073729217	0.0	0.01989024	0.007567637
TCAATCTAGCTGCCAC-2	0.8507337	0.009429619	0.018724661	0.0011194512	0.0030806006	0.0	0.0	0.0
TTGTTGTCATACTTTC-2	1.1562406	0.0026724318	0.0012864614	0.0	0.0027018746	0.0033689812	0.060874134	0.0
CTGTCGTGTTACGTAC-2	0.109409615	0.076127544	1.0178506	0.04106697	0.023384014	0.04772664	0.0	0.0022919641
GAGGCCTAGCGGATCA-2	0.0	0.0	0.49692675	0.0	0.4526701	0.0	0.0	0.0
CGTGCTTCAAATTGCC-2	1.0013809	0.019111784	0.0	0.0	0.009599184	0.0	0.0049348976	0.0022825557
GATTCTTGTCGGTGTC-2	1.1677215	0.01621923	0.0	0.0	0.0111136185	0.0005736216	0.01682375	0.000577716
CATCCACCAGGTGTGA-2	0.88267916	0.014865826	0.0	0.05788889	0.008183297	0.0	0.002749582	0.0
AACAAGACATCGTGGC-2	0.8031807	0.046606757	0.008542676	0.022271514	0.008153375	0.0	0.00038714387	0.0
TGCGATAAGCTGACAG-2	0.0059983553	0.014660644	0.84260494	0.0039041506	0.3690587	0.0	0.0051703085	0.0066428594
TGCGATACAGCTACTA-2	0.6417501	0.036666248	0.008461672	0.016714932	0.0065970886	0.0011027034	0.0004774132	0.0007540838
TATCTTGAGTGAACAT-2	0.04009069	0.0	0.828513	0.023200925	0.15248528	0.0	0.0	0.005040119
GTTCCGTAGTATAGAC-2	0.71027774	0.031046553	0.042461235	0.0	9.6254495e-05	0.0	0.0017958558	0.0
TTCCACGGTCCCTCAT-2	0.98272216	0.0	0.0	0.0	0.0	0.0	0.005482516	0.0
CTATCCGGTAGTCGTT-2	0.75366145	0.0016887505	0.022215059	0.01684762	0.008387438	0.0077950004	0.0	0.008769613
TTGGGCGAGCATGAAT-2	0.06371514	0.017762825	0.76668876	0.010656876	0.0909309	0.013753634	0.0	0.0
TCACAAGTCTCGCTTG-2	0.77077377	0.022589935	0.049235146	0.0039180517	0.009018988	0.00040392298	0.0	0.0
GCCATTCTCGCAAGAG-2	0.029268226	0.04482245	0.17406268	0.83165455	0.0	0.0	0.01040736	0.0
TACATTCGTAACCAGG-2	0.16686156	0.051736865	0.51716834	0.028038355	0.2200624	0.050664086	0.0	0.0011284618
CGGGTCATCGCTCTAC-2	1.0684221	0.0019412606	0.02405651	0.0005664001	0.0	0.0	0.0	0.0
CCTTGTGAGAGATCGC-2	0.2851504	0.010157473	0.0	0.0	0.016597068	0.029810915	0.022803534	0.050355993
TGAATGCAGTGTTGTC-2	0.0	0.0	0.15634458	0.0	1.0719149	0.0	0.0	0.0
TTCTTGAGTCAAACGG-2	0.9090449	0.032832183	0.0030259602	0.01842397	0.018541047	0.0016141721	0.0	0.00513917
TACACCCAGATACAGT-2	0.84247947	0.0	0.018112244	0.0	0.0	0.0019646299	0.0	0.0019954133
TTAGGGTGTTATTCCT-2	0.8460837	0.009098756	0.04323671	0.012447938	0.0	0.0	0.0	0.0
TATCTGTTCAAACTGC-2	0.0	0.008789069	0.96891034	0.02111073	0.0	0.023233788	0.0	0.010186606
GTTCGCTAGGAACATT-2	1.0644343	0.0110110035	0.0	0.0013419362	0.0	0.0064151185	0.037793353	0.0
TTGCGTCGTACGGCAA-2	0.0	0.029984878	0.0	0.0	0.18393888	0.8571988	0.007637198	0.0
TAGGGTTGTACCTAGT-2	0.8939322	0.026340762	0.022765016	0.0	0.0052465224	0.0	0.0	0.0
AGTACTGGTCGAACAG-2	0.0	0.0	0.76263326	0.013822726	0.06654411	0.05085776	0.011461361	0.0
CACACAAGTTTGGGTT-2	0.9635489	0.16606177	0.001029995	0.02737894	0.010347135	0.0	0.0036328495	0.0
ACTATGGCACATCATG-2	0.8313257	0.0	0.021411885	0.0024270588	0.0	0.0	0.0	0.0
GCCGATGCAGAGTAAT-2	1.2401373	0.0	0.0	0.0	0.0057316427	0.0	0.01400972	0.0
TGATCTTAGAAGCCAC-2	0.06821235	0.02630579	0.54867435	0.017025623	0.087826796	0.009206912	0.0	0.00023195852
GAATCACAGAGTCAGC-2	0.7742033	0.035625782	0.04795269	0.014324324	0.0031262338	0.0	0.0	0.0
GACCAATCAAGTGGTG-2	0.8487995	0.0016658145	0.040350664	0.009923704	0.0	0.0	0.024102872	0.0
CAACGGCTCGAAGTGG-2	0.0	0.0	0.3967046	2.4748837e-05	0.5845786	0.0	0.016187878	0.00983426
GTCTAGATCGTTCCCA-2	0.0	0.0	0.76917595	0.0	0.4189354	0.0	0.034884248	0.0
CGTAATGAGCTGCCAC-2	0.0	0.0056301556	1.0818514	0.015116681	0.0	0.0066203363	0.0	0.013781915
GTCGCGATCTCTATGT-2	0.0	0.049556103	0.0	0.0	0.04704776	1.1531545	0.0	0.0
CTGGCAGAGCTAAACA-2	1.1484699	0.011688789	0.0	0.0036778175	0.008731476	0.0	0.018610941	0.0005796496
CCACTTGCAAGAATGT-2	0.0	0.0	0.0	1.1743941	0.0	0.0	0.0	0.0
CTGCGAGCACAGCCTG-2	1.1133432	0.0	0.005778938	0.00079170533	0.0	0.0	0.0	0.0
CGAGTGCGTCTTCGAA-2	0.02894433	0.0	0.0	0.0	0.0	0.0022974592	0.0	0.035624627
GGGTAGACAGCTCATA-2	0.0	0.0	0.23554529	0.0	0.939403	0.0	0.008071855	0.0
GTGCGTGCAGGAAGTC-2	0.9682947	0.029332064	0.025172327	0.006216206	0.0	0.0017719752	0.0	0.0028109637
ACCCTTGAGTAAAGCT-2	0.0	0.01677052	0.11570096	0.9178912	0.0	0.0010918494	0.0036132215	0.0
TGCAGATGTATTTCGG-2	1.2433963	0.0650405	0.0054507204	0.020111473	0.002854277	0.0	0.0	0.00050481665
TAATCTCGTGTCTTGA-2	1.0825334	0.029585691	0.034673322	0.022975279	0.008697949	0.0	0.008529032	0.008590586
GGGACCTAGATTGACA-2	0.0	0.0	0.0	0.26255816	0.0	0.0	0.0	1.6726837
AGATAGATCACTCTTA-2	1.023202	0.015024946	0.035688747	0.0	0.0	0.002319628	0.0	0.0
TTCTAACCACACAGCC-2	0.5096971	0.0036262812	0.0	0.0	0.011501121	0.0	0.0	0.0020226615
CATCGTCTCGTTCCTG-2	0.06341177	0.0	0.008366533	0.5073965	0.039871495	0.0	0.0	0.008234314
TGCTTGCTCAGGAAGC-2	0.0	0.020622825	0.0	0.9239109	0.0	0.0229602	0.0	0.029878832
GCGTTTCTCTAACACG-2	0.897506	0.015338104	0.02517433	0.037449658	0.0136605045	0.012925488	0.019552598	0.0
ATTCCTACAGCGTAGA-2	0.12286321	0.04285956	0.97953933	0.021229066	0.089120165	0.0075065764	0.0	0.006244133
GCCAGGTCATAAGATG-2	0.9449982	0.0034096038	0.0016774591	0.0	0.0	0.0011831756	0.0	0.0059692482
CACAGGCCAGACCATT-2	0.020627463	0.018656533	0.1588836	0.005295083	0.0	0.3832875	0.0	0.262719
GTCTGTCCAACAAAGT-2	0.210481	1.0432289	0.03492163	0.02873636	0.0	0.0	0.0	0.023441909
TCCCATGAGCCTATCA-2	0.9457762	0.0	0.004109993	0.005466527	0.011739278	0.0	0.0	0.0
GTCACGGTCACCTGTC-2	0.11134466	0.0	0.0	0.0	0.0	0.022363525	0.00080812484	0.04646531
ATTCTACAGGGTGAAA-2	0.74919367	0.0009523099	0.038589098	0.0016004401	0.0	0.0	0.0	0.0
AATGCCATCCGATCTC-2	0.0	0.05761008	0.0	1.0314791	0.05958623	0.0050321235	0.0	0.0
GTTACCCCAGCAGAAC-2	0.05182831	0.025210496	0.57616204	0.0041601937	0.065382406	0.039727192	0.001639257	0.0
GAAACCTTCCGCATAA-2	1.2838943	0.0065310923	0.0	0.0	0.0	0.036235232	0.0	0.0
AACTTCTGTGATTCTG-2	1.0063636	0.026874417	0.051261272	0.0014706852	0.0	0.0024254636	0.0	0.0
AACCAACTCTGAGGTT-2	1.1428362	0.0	0.0	0.019255618	0.0	0.0004685857	0.0	0.0037276428
TGACCCTAGGACAAGA-2	1.091174	0.004329371	0.0	0.06320452	0.0	0.013861125	0.038828164	0.002334733
ACCCTTGGTGTTCCTC-2	1.0666337	0.009029083	0.013266133	0.0	0.0054861964	0.0	0.0	0.0
GTCATGAGTCGGTAAG-2	0.0	0.024309818	0.77435756	0.0	0.29573116	0.073238544	0.008245253	0.054486066
GTATTTCTCCCATAAG-2	0.85400426	0.0	0.0	0.02093493	0.0023203392	0.0	0.0	0.0
GATTGGTCAGCTGTTA-2	0.0	1.0840772	0.003182201	0.0	0.0	0.007183832	0.0012500093	0.0
AATGACCAGTTGTCAC-2	0.12600023	0.0596123	0.17357695	0.025084035	0.6629115	0.04967908	0.0	0.019929558
AGTGATCAGAAGATCT-2	1.0445951	0.025872692	0.0	0.0	0.0012283247	0.0050914586	0.0	0.018024484
AAGTACCCATCCTTGC-2	1.2857159	0.0	0.0	0.0	0.0	0.01287903	0.0	0.011511354
ATCAGGTAGTGGTTCT-2	1.1773062	0.01659531	0.02042092	0.0	0.0025527354	0.00043386008	0.0	0.0
CTCATGCAGCGTCTCG-2	0.009478785	0.0	1.0729738	0.0	0.0953861	0.007403149	0.0	0.0074767545
CCTCTAGTCTGCCTGT-2	0.83788204	0.019364627	0.020430593	0.011017309	0.007035152	0.0	0.0	0.0
AATGCCAAGCGTGTTT-2	0.72992617	0.0	0.023133717	0.0071781357	0.0	0.0	0.0	0.0040177135
AGTCATGCACTAGGTT-2	0.09163145	0.0	0.0	0.0	0.0	0.015206081	0.006062452	0.046923928
CTGGACGTCGAAGTGG-2	1.087568	0.035682626	0.043776035	0.0	0.0	0.0056762146	0.02711961	0.0
TTAGGCAAGCTAGCCC-2	1.1261607	0.018789612	0.023296645	0.0	0.0	0.009590385	0.0	0.006497705
GGTAGAGGTGTTGCCG-2	0.10556866	0.08398748	0.10741008	0.53949565	0.0	0.0	0.0	0.19332165
AGAGCCCCAAGATCCT-2	0.92194265	0.002132937	0.03378632	0.013050253	0.0	0.0	0.0	0.0
CTGGCAGGTCCAGCCA-2	0.029669506	0.027751928	0.4517916	0.0	0.1892715	0.20869744	0.00035507217	0.032049127
TTACAGGAGTTGCTGT-2	1.0061285	0.0	0.0	0.0	0.0	0.0	0.022681668	0.0
AAAGTGACACGGGCTT-2	1.15006	0.036847726	0.016171692	0.0	0.016120827	0.008672504	0.0	0.005086443
ATACTTCAGACCAACG-2	1.13308	0.0	0.0	0.0060559358	0.008105568	0.0	0.019341527	0.0
CCTCATGAGATTAGTG-2	0.164729	0.031531025	0.39046872	0.020896858	0.34882385	0.0	0.0	0.036158632
TTCAGGACACCAGCTG-2	0.9509832	0.020460714	0.063751295	0.0	0.0	0.013631424	0.0	0.0005294984
GTTTGGACAAGTTTGC-2	0.0	0.0	0.022360206	1.3767536	0.0	0.0	6.221508e-05	0.071550205
AGAACAAGTCCCGTGA-2	0.848334	0.0	0.014117476	0.015466531	0.0	0.006264271	0.04048432	0.0
CACGAATAGGTAAGAG-2	0.9770322	0.07817206	0.0018942172	0.0	0.0	0.00014274177	0.0	0.0011683377
ACTTCGCCAAGTCATC-2	0.92235655	0.005260712	0.0	0.0	0.0	0.0	0.0	0.0
TGCTCCACATGACTTG-2	0.91039467	0.02534529	0.04933965	0.016231753	0.0	0.0	0.0	0.0071305768
CCCTGATAGGTCTACT-2	0.0	0.008468904	1.018016	0.02989863	0.11381938	0.0013082639	0.00922796	0.0
TCAGCCTTCCGTAATG-2	1.2374063	0.0	0.0	0.013026728	0.0	0.0	0.0	0.0
ATCACAGGTTGCATGT-2	0.9495888	0.009095775	0.0	0.0	0.0	0.0	0.00014564939	0.006313852
AATTCCTCAAGCACAG-2	0.0	0.0	0.072740585	0.0	0.0	1.0391558	0.0	0.0
GTGCTGGTCTGGTGCG-2	1.3536068	0.003100955	0.0	0.0	0.0	0.008247502	0.0056548896	0.010469737
CATCCCACAATTGCCA-2	0.8412794	0.004210052	0.050024252	0.011193814	0.0	0.0	0.008361529	0.0
TCGGGTGTCGACATCA-2	0.0	0.0	1.0438352	0.0	0.114275835	0.058167666	0.0	0.0
AGGAAATGTCCTGTCT-2	0.4844538	0.20589577	0.03750512	0.015048931	0.0	0.0023814533	0.002464391	0.0
TTCCACGTCCGTAATG-2	0.0	0.11483079	0.54224765	0.0	0.14499521	0.09138035	0.0	0.17744933
TTGACCCGTTGTGTAC-2	0.68947524	0.021532724	0.056961387	0.0	0.0	0.0031691804	0.0	0.0
TGTTCTATCGTCACCT-2	0.052090693	0.04169372	0.003942573	0.0	0.43183059	0.40567625	0.0	0.0
CCACCATCAGGAGGTT-2	0.7962508	0.025832402	0.018085144	0.012619107	0.0129881995	0.012802764	0.0032919352	0.0
ATTCTACAGGCTTTCA-2	0.9567299	0.0	0.0134225525	0.0	0.0	0.0027736996	0.0	0.0
TTGACCCAGAGAGTTT-2	1.2400846	0.0	0.0	0.007686521	0.0	0.00048300778	0.0	0.0
GGGACTCCATTGAAGA-2	0.0	0.008721743	0.53175604	0.0058930432	0.47934878	0.012201774	0.0	0.0
CCATAAGAGGGCCCTT-2	1.072245	0.0	0.0	0.0	0.020530691	0.0	0.004410813	0.0
CCCGAAGGTACGCTAT-2	0.025154058	0.021700256	0.037621353	0.81845534	0.07319463	0.0	0.0068850825	0.0
TATACCTGTGGGCTCT-2	0.011429803	0.0	0.62930936	0.0	0.23231012	0.03398768	0.021722922	0.0
ATCGGCGTCCATCTGC-2	0.774018	0.1327077	0.054979876	0.0338062	0.0	0.012413871	0.015639484	0.0
CAACAACAGTCCGCCA-2	1.4048405	0.012162412	0.02476421	0.009806319	0.010444444	0.0	0.015910573	0.0
AGACAAATCGAGCCAC-2	0.9879002	0.034473486	0.049759746	0.0	0.0	0.005422133	0.0	0.006801105
TGCTCGTCAGCTGTGC-2	0.90407205	0.0	0.02923228	0.0014179654	0.0	0.0018687816	0.0	0.0
CCTTGTGAGCATGTTC-2	0.95565397	0.0	0.013022402	0.014134309	0.0	0.0	0.0	0.0
GTAGATCCAAGATGTA-2	0.048317228	0.9804253	0.0	0.022672571	0.004654217	0.0	0.010797067	0.04175575
AGTGTTGCAGGACAGT-2	0.22022457	0.03689881	0.44476697	0.016725345	0.32573092	0.049311407	0.0	0.018664619
AGCTCAACAACTTGCA-2	0.0	0.0	0.7823965	0.0	0.41639152	0.0	0.0	0.0
CCTGCATAGAGTTCGG-2	0.0	0.0	0.08540145	0.0	0.8110851	0.041741144	0.0019258113	0.03346317
ACTGTCCAGGTTTGAA-2	0.005106716	0.0	0.41350162	0.024525907	0.5650384	0.0	0.0053220633	0.0
GTCTTTACAACCAACT-2	0.0	0.0	0.90565944	0.0	0.0009791431	0.01280326	0.016681764	0.0014372247
TCCACGTAGCGTCAAG-2	0.8417606	0.09210612	0.0014095226	0.011378434	0.00804082	0.0	0.021104893	0.0
TAGGTACTCTGGTCAA-2	0.13048613	0.0598743	0.05985021	0.74447733	0.0	0.0	0.0	0.15020305
TGGGATTAGAACAAGG-2	0.0	0.0	0.0	0.27919295	0.0	0.0	0.0	1.4253359
TACGGTAGTTGCAAGG-2	1.1438655	0.06585434	0.03326274	0.012893169	0.016549088	0.0	0.04700875	0.0
ATTGTTCTCGTAGAGG-2	1.0792626	0.0076697543	0.0	0.0	0.0	0.0	0.00036947508	0.017588893
GTCCCATTCTCCTGTG-2	0.0	0.0	0.0	1.1824839	0.0	0.0	0.0	0.0
CGAATTGTCGGAGTGA-2	0.0	0.04168374	1.0208659	0.0	0.0	0.07589778	0.0017616535	0.10982059
TCTACCGTCCTCTAGC-2	1.2989228	0.013571847	0.019056888	0.00014590273	0.0	0.0	0.0	0.0
GGTGAAGTCTCCTGCA-2	0.0	0.0	0.63042086	0.008359183	0.4195161	0.0	0.0	0.0
AGTCATGTCCTAACAG-2	0.56958175	0.09754648	0.055450197	0.030041097	0.0	0.017208593	0.0	0.0
CGTGTCTCAGTTGTCA-2	0.10715244	0.033855427	0.028083159	0.8720039	0.0	0.0050050905	0.01581495	0.13359378
CGAGAAGAGCCAGACA-2	0.8876911	0.022314733	0.0	0.0601969	0.013494709	0.0055381926	0.021003114	0.0030869336
TCGACGGCAATGCTCA-2	0.82915205	0.013717401	0.0	0.0	0.0	0.013258446	0.0	0.0
ACATCGACACTTGGCG-2	0.8904615	0.020969858	0.054455135	0.0029997036	0.0	0.0	0.0	0.0
TCAGCCTTCTGGGCGT-2	0.0	0.0	0.0	1.122236	0.0006647447	0.030841365	0.0	0.013945208
CTACTATTCCTGATAG-2	0.93100125	0.0	0.009304565	0.005388488	0.0	0.0	0.012843592	0.0
TTCATTGGTACTGTTG-2	0.9916878	0.016140684	0.030737825	0.0	0.0	0.023522228	0.02249452	0.0
TTTCACACAAGCACAG-2	0.87344337	0.005931442	0.05208331	0.0047180215	0.0	0.0	0.003206512	0.0005946143
TAGTGCAGTAGACAGC-2	1.1922728	0.027818501	0.018942803	0.0008674722	0.007497133	0.011485923	0.0	0.01378699
GACTATGGTTCGGCTG-2	0.0	0.0	0.7087322	0.006732634	0.243208	0.037556954	0.056718495	0.0
CTTCCTTGTGCGGTAA-2	1.117839	0.01863143	0.06722755	0.0009405455	0.0	0.003462544	0.0	6.609133e-05
CAGATACTCATCTACT-2	0.0	0.0	1.162383	0.020475933	0.0	0.0	0.010190855	0.015036392
AGACCATTCCCTTGGT-2	0.877784	0.022445407	0.062154874	0.0	0.0	0.0	0.0013879404	0.009610738
ACTATTCAGCCGGAAT-2	0.13774437	0.06813632	0.0925543	0.5881437	0.0	0.0	0.0	0.13157411
TGGCGTGAGGTAGTCG-2	0.04411523	0.0	0.35701635	0.0	0.70429265	0.025568934	0.0	0.011492126
ATTTACCCATGAAAGT-2	1.0850394	0.0	0.013116367	0.0	0.005632783	0.0	0.0024402097	0.0
ATTCCCGCAGGCTACC-2	0.14135964	0.01569436	0.5398707	0.0	0.36992055	0.027145306	0.0	0.0055408394
ACTTTCACAGGCTATT-2	0.3756629	0.0	0.0	1.15349785e-05	0.0069327336	0.0008650814	0.0	0.0
CTTAGGAGTGAAAGTT-2	0.7300694	0.15821247	0.03994419	0.014739907	0.0	0.0	0.005647936	0.0
GGAATGGCACAGTACT-2	0.0017226834	0.018247757	0.38493815	0.051309347	0.6026713	0.0	0.00899088	0.016025236
CAATCGACAAAGCGTG-2	0.878286	0.0	0.030737791	0.0060531213	0.0	0.003292211	0.0	0.0
TGCGACGGTCCCTAAA-2	1.1351207	0.038410608	0.031275406	0.0	0.0	0.0	0.0	0.0
GGGTAGAAGTTGAAGT-2	0.031123668	0.0256153	0.12036025	0.030611679	0.096468836	0.5956785	0.0	0.3741803
CTCATTAAGCATTGTC-2	0.77827895	0.028854942	0.029854584	0.01956745	0.008850295	0.0012519666	0.0	0.0
AGATCGTTCCGTGACG-2	0.12966755	0.05474975	0.048755866	0.03202558	0.26824903	0.5341246	0.0	0.021580243
TACGCTCAGCAGCAGT-2	0.84300274	0.007017598	0.02771893	0.0	0.0	0.0058036125	0.0030369689	0.0
GTCGTTCGTATGTCCA-2	0.8915555	0.0	0.0053705443	0.0027271295	0.0050404053	0.0026782448	0.0	0.0
GCAACCGCACTGCGTG-2	0.36573824	0.17505367	0.00729831	0.044327226	0.010772734	0.0	0.026501374	0.0
ACATCGATCATTTGCT-2	0.0	0.0	0.8044839	0.0	0.40661788	0.0	0.0023264429	0.0
TGAGCGCAGCGCCTCA-2	0.0	0.0040853596	0.7716703	0.0	0.3500976	0.0	0.0010999409	0.048508056
TAAGCACGTGACCTGC-2	1.034475	0.030624103	0.0	0.008063725	0.0	0.0	0.042790674	0.0
TGACTCCAGTATCTGC-2	0.38986003	0.11737218	0.00010336564	0.030501952	0.009843586	0.0	0.03054318	0.0
CGAAGTTTCGGAATTC-2	0.9850663	0.0	0.0	0.0	0.0	0.0	0.0	0.0
AGAACAATCCCTGTTG-2	0.8453443	0.009263868	0.026574995	0.0	0.0	0.0	0.0	0.0
TCTAACTAGAATACAC-2	0.13668099	0.02135709	0.78489447	0.00993872	0.0	0.0051479307	0.0	0.0
GTGACGCTCGAACACT-2	0.8832677	0.0	0.0	0.006525967	0.0	0.0	0.0097652795	0.010851093
GATAGCTTCCTCACCA-2	0.0	0.051984757	0.07640931	0.93942285	0.0	0.035309307	0.013076132	0.0122736525
GGAATGGGTACGTGTT-2	0.0	0.044549882	0.31242514	0.0012341762	0.40752044	0.044141855	0.0032571156	0.040423878
ATGGGTTCATTAAGCC-2	0.8234409	0.05246127	0.034238636	0.0	0.0	0.0	0.0	0.0
TCATGGATCTCATGGA-2	0.0	0.0	1.2812511	0.0	0.0	0.0018037593	0.0	0.0
AGGTCTACATCGTCCT-2	0.881409	0.0	0.03211564	0.002049716	0.011548754	0.014313689	0.0	0.0
TAGACCAGTTGTACGT-2	0.88632435	0.0	0.0	0.05746505	0.01692945	0.004546131	0.13283895	0.005352016
AACGTCACACGTTCGG-2	1.2344179	0.0	0.013838685	0.021221656	0.0	0.0071048667	0.024646515	0.0
TCAATTCTCTCAATCT-2	0.0	0.013415249	0.0	0.0	0.28177264	0.84027064	0.011601559	0.0
GAACGTTAGTTAGTGA-2	0.79830486	0.0024665904	0.009614321	0.0	0.0	2.326888e-05	0.0	0.0
TCGAAGTAGCCATGCC-2	0.73424536	0.07152254	0.059169017	0.03205398	0.00027649748	0.0	0.0	0.0
GTGAGTTCAGTCGAGA-2	0.9400637	0.0007164944	0.025698092	0.02533954	0.0	0.0	0.0	0.0
AAGCGAGCAGGAGGTT-2	0.864678	0.17575897	0.02291326	0.020773705	0.0	0.0012339343	0.045486595	0.0
CGTTAGACAAAGTGTA-2	0.9187928	0.034686554	0.047909312	0.0	0.0	0.025692705	0.018576201	0.0011665714
TTGTGTTTCACCTTAT-2	0.7249003	0.035727497	0.0	0.0068071024	0.00044035647	0.00788167	0.0	0.0
ATATCCTCACCGCTAG-2	0.19887131	0.117142506	0.09526366	0.6010992	0.016048156	0.007810084	0.0	0.06301839
TTCATGTGTTTGAAAG-2	0.6189224	0.0	0.0032277715	0.034755964	0.021059567	0.0	0.01890671	0.0
CAGATCACATACAGAA-2	0.8992795	0.028363315	0.06203604	0.0048087058	0.013805791	0.011610554	0.0	0.0
CCCATTGAGGGTAGCT-2	0.13966978	0.053273123	0.4672107	0.014531933	0.3268637	0.02367186	0.0	0.0046313815
CCGAACGTCCTACCGT-2	0.5360349	0.10351208	0.014923568	0.03529892	0.049341436	0.0	0.035508033	0.030454574
AAACGAACAGCGAGTA-2	1.0667027	0.0	0.0	0.0037845748	0.0	0.00839257	0.0	0.0
AATGAAGCACAAAGCG-2	0.0	1.2827572	0.0	0.0	0.0	0.0	0.0	0.0
CTCAAGACAGCTGAGA-2	1.2464439	0.015017219	0.01699253	0.0003954472	0.0	0.0	0.0	0.0
GCGAGAACAACCCGCA-2	1.0136708	0.2697508	0.09431315	0.04548958	0.012234592	0.009932381	0.0	0.010254767
ACCAAACCATCCTGTC-2	0.9014867	0.0025085206	0.0060459166	0.03709253	0.026992565	0.0	0.009789365	0.0
TTGCATTGTATTCCGA-2	1.0722686	0.0	0.015302236	0.007977743	0.0	0.0008577661	0.0	0.0
GTACAGTCATGTGGTT-2	0.9894294	0.026289806	0.01097886	0.0	0.0008352271	0.0	0.0	0.0
GATAGCTGTCAAGGCA-2	0.0	0.074664295	0.41594982	0.0	0.5878614	0.0	0.014757447	0.008517767
AAAGAACAGCAGTCTT-2	0.0	0.0	0.0	1.1981721	0.0	0.0	0.0	0.0
AATCGACCACTACGGC-2	0.7602514	0.0526281	0.022535166	0.007002491	0.017845416	0.0	0.01391774	0.014275354
ACCATTTAGGTCTGGA-2	0.9583804	0.0	0.0	0.0	0.0	0.0	0.0014866189	0.0
AATGGCTAGTAGGTTA-2	1.2903465	0.0	0.0	0.0	0.0	0.0	0.0	0.013205801
CACTAAGTCTTGGTCC-2	1.0377136	0.0	0.0	0.0	0.00314285	0.0	0.0	0.0032725222
ACTTCGCGTGGCTGAA-2	0.048535068	0.031788345	0.88207173	0.04789574	0.029703991	0.05262193	0.0	0.0013282046
GCCATTCGTTCCTTGC-2	0.6390778	0.0	0.03929879	0.0037717852	0.0	0.0	0.0	0.0
TTCGCTGCATCGGATT-2	1.3162371	0.0	0.008372831	0.0072203605	0.009895821	0.008176293	0.087986834	0.015930593
TTTGTTGGTATTTCCT-2	1.1198802	0.021206219	0.016151553	0.006440339	0.0	0.00787158	0.0	0.0009522551
TCCGTGTGTCGGTACC-2	0.7729832	0.033910766	0.061279148	0.00083965884	0.0	0.0	0.0	0.0
GTAGGAGTCCGTGTGG-2	0.01921709	0.0	0.0	0.0	0.0	0.0040287594	0.00079582806	0.013310107
GGGATCCGTTTAGAGA-2	0.84939384	0.04687842	0.0	0.005914847	0.017074512	0.0	0.019462362	0.0
TCCAGAATCGCTGTTC-2	1.0415406	0.03745902	0.037654165	0.005936627	0.0	0.0	0.0034423773	0.017853463
TTTCAGTGTATGCGGA-2	1.0867627	0.01288489	0.0	0.010566336	0.043543663	0.038037457	0.015765667	0.0
TATACCTCAGCGCGTT-2	1.2199938	0.0	0.02115946	0.0	0.0	0.0	0.0	0.0
CTAGGTAGTAGCGCTC-2	1.0666014	0.0	0.05139889	0.0	0.0	0.0	0.028140575	0.0
TCAATCTCATGAGGGT-2	0.9676293	0.042485155	0.05225467	0.004942734	0.0	0.0	0.0	0.0
GGTAGAGAGCAGCCTC-2	1.0087622	0.0	0.033519726	0.0	0.0	0.0	0.0	0.0
TGCAGATGTAGACACG-2	0.028765168	0.02920081	0.5616483	0.0	0.38717458	0.0	0.0	0.014333895
GGGAGTAGTCTACTGA-2	0.15772653	0.025781194	0.5160249	0.029107494	0.32546702	0.0034280708	0.0	0.012999008
TTGCTGCGTCTAACTG-2	0.08426808	0.0005341584	0.67345935	0.0	0.27842307	0.026026329	0.0038083452	0.008488736
TCGACGGTCAGCCTCT-2	0.0	0.041948315	0.006115849	0.83213884	0.03156209	0.0390787	0.0006489904	0.015718749
AGGTTGTCATATCTGG-2	0.12349223	0.016745482	0.43481436	0.048704658	0.11331623	0.080405466	0.0011457904	0.077511
CTGTCGTCATTCAGGT-2	1.26882	0.0	0.0	0.00586018	0.0	0.0046016388	0.039545674	0.0
TGCGACGGTCCAGCAC-2	0.028269023	0.049911667	0.26243603	0.38774678	0.34068325	0.0	0.027369257	0.008806686
GTGTAACTCTCCTGCA-2	0.07280912	0.024852607	0.33747742	0.0	0.47277388	0.04640363	0.056243826	0.0
GCATGATCATCCTCAC-2	1.1559567	0.0	0.0	0.0	0.009823582	0.0	0.014143237	0.0
CAACCTCGTCATCGCG-2	0.0	0.0	0.04960466	0.00947592	0.44873342	0.4289194	0.0	0.0742896
AAATGGATCGTTATCT-2	0.85133094	0.0	0.046915498	0.018736728	0.028064778	0.014140398	0.065563515	0.0018494796
CTCCAACTCCGTGGTG-2	0.9540596	0.025498621	0.0	0.01370019	0.0052124322	0.020588303	0.017350797	0.00128921
ACAAGCTCACGATAGG-2	0.74745643	0.0	0.020019513	0.024920559	0.003651382	0.0	0.008610756	0.0
ACGCACGTCAACCTCC-2	0.63342834	0.00855885	0.021781402	0.021238016	0.0	0.0024819542	0.003884161	0.0051523093
TAATTCCTCATAGACC-2	1.0188718	0.0	0.0	0.0	0.0	0.0	0.0	0.0
CCGTGAGGTCTTGCGG-2	0.04215464	0.0	0.0	0.0	0.0	0.005276467	0.003251371	0.03334356
GATGGAGGTACGGGAT-2	1.114792	0.0076794527	0.0	0.0	0.0	0.0	0.0	0.0
CGCATGGAGCGGTAGT-2	0.09566072	0.0	0.0	0.0	0.004097624	0.24016555	0.0	0.0
ATCGGATGTGAATATG-2	1.0249593	0.020127384	0.019252868	0.0	0.020034747	0.0015368538	0.018123377	0.00061672955
TCACGCTGTCTGTAAC-2	0.9413824	0.0	0.007960516	0.0	0.00280366	0.0	0.04471982	0.0
GTGGAGATCGCCTCTA-2	1.1066753	0.0	0.002850779	0.027308498	0.0	0.00796621	0.003406762	0.0
GGCACGTGTTGCATAC-2	0.20125328	0.91792846	0.0	0.0	0.0	0.0	0.035540324	0.0
GAGATGGGTCAGGCAA-2	0.0	0.020578427	0.7814505	0.0	0.1908988	0.0050928737	0.01937546	0.0
CAAGACTGTACTGAGG-2	1.0017614	0.0	0.050140012	0.0067879525	0.0	0.0	0.0	0.0
CTTCCTTCACCGTCTT-2	0.0	0.0	0.76980656	0.030686399	0.28233054	0.05851379	0.002885384	0.0
GGAGCAAAGGCTGAAC-2	0.0	0.014133235	0.9880136	0.0082879355	0.0	0.018787444	0.0	0.0
TAGGGTTAGTCTGGTT-2	0.0	1.1891428	0.0	0.0027215113	0.0026137116	0.019077811	0.0	0.0020701506
CGGAATTTCGGCTGTG-2	0.7896019	0.037159894	0.036508694	0.0016404268	0.0	0.00293834	0.0	0.0016951811
ACCCTCAGTGTTTACG-2	0.0	0.0	0.003046716	1.3717673	0.0	0.0	0.0	0.0
AACTTTCGTGCGAAAC-3	0.0	0.05396046	0.040932283	0.7999138	0.04326942	0.0077940812	0.04097513	0.08515303
AAGTCTGGTCGATTGT-3	0.0	0.05309227	0.010500289	0.8522172	0.025654383	0.048867904	0.008143745	0.09980153
AATCCAGCAATAGCAA-3	0.020469096	0.0	0.0	0.98141015	0.0	0.0	0.009011288	0.06306042
ACACCCTCACCGTTGG-3	0.0	0.0	0.0	0.99163556	0.05223974	0.041040353	0.0	0.0
ACACCGGAGCGTCAAG-3	0.0	0.0	0.022762088	0.87689924	0.014352069	0.0	0.04590547	0.024895018
ACACTGACATGCTGGC-3	0.1486783	0.013506087	0.035039477	0.64317733	0.0	0.011685699	0.0099987	0.24548845
ACATCAGCAGCCTTGG-3	0.057435453	0.0	0.0	0.6885303	0.0	0.057282787	0.0010009084	0.049137913
ACCAGTAAGGTGCACA-3	0.0	0.02736882	0.05329798	0.87401956	0.0	0.0	0.0013000482	0.036239557
ACCCACTTCGGTCTAA-3	0.045809645	0.0	0.0063866964	0.66920066	0.0	0.0	0.0014948816	0.087238446
ACGAGCCGTGTGGTTT-3	0.0	0.045490015	0.0049829017	0.8310488	0.0	0.0	0.008686017	0.12964088
ACGGGCTCACGCGAAA-3	0.0	0.024934981	0.028399695	0.79047143	0.0	0.03495788	0.016349537	0.09719852
ACTGTCCGTGAGTGAC-3	0.0	0.043905094	0.0	0.6331509	0.03023116	0.006405774	0.014973976	0.039803445
AGCAGCCTCCATGAAC-3	0.0	0.033409312	0.039052557	0.72815526	0.050603494	0.031490523	0.014375569	0.056160342
AGCTCCTCATTAGGCT-3	0.0	0.016123941	0.0	0.8505047	0.0	0.0	0.03529678	0.061020166
AGCTCTCAGAGCCCAA-3	0.038349915	0.023243433	0.0005027963	0.49496144	0.0008298107	0.028619044	0.015485729	0.027562762
ATCCACCAGAGTACCG-3	0.099022515	0.010460791	0.063134	0.68455344	0.0	0.06814831	0.0	0.12497105
CAGAATCAGAACTCGG-3	0.0	0.0	0.021057457	0.7596711	0.0	0.0	0.019373853	0.09436405
CATATGGGTCTGGTCG-3	0.067810565	0.020817524	0.040840544	0.55135036	0.03779789	0.0	0.02465899	0.038403478
CATCAGACAGTAACGG-3	0.01893482	0.03409736	0.08667852	0.5983034	0.0077706976	0.012206398	0.027200235	0.07454321
CCACCTACATTAACCG-3	0.0	0.05920204	0.0	0.8906689	0.0	0.0796927	0.0078311935	0.09697559
CCCTCCTCACCGTTGG-3	0.09412217	0.016041389	0.030748628	0.6202072	0.0022580617	0.0	0.009301087	0.012874865
CCCTCCTTCCTACAGA-3	0.0	0.053545367	0.0746214	0.7270932	0.0	0.0017404677	0.02472213	0.11297839
CCTAAAGTCACTATTC-3	0.0023700483	0.011423003	0.11507934	0.72829133	0.0	0.0053622574	0.0076742065	0.20248057
CCTTTCTTCTAAGCCA-3	0.08272698	0.020094264	0.0	0.46856827	0.0	0.03997726	0.010101177	0.07763275
CGATTGAGTAATAGCA-3	0.07195053	0.06769221	0.0125514	0.70699686	0.0281383	0.019045148	0.03294457	0.11557683
CGCCAAGAGGGAACGG-3	0.031213984	0.03187887	0.0056733703	0.8066371	0.08990394	0.0	0.035789475	0.074915856
CGCCAAGTCTAACTCT-3	0.10304629	0.10584419	0.019757707	0.5572728	0.0047149304	0.019938515	0.01217717	0.043798883
CGGACGTTCGAGAACG-3	0.0	0.022700531	0.0	0.7239745	0.040469054	0.03928384	0.02346221	0.07889315
CGTGTAATCACATACG-3	0.0	0.0	0.0	1.0729147	0.0	0.0	0.0	0.13807206
CGTTGGGGTGCCTGGT-3	0.13293798	0.048793606	0.11441932	0.54121804	0.044992153	0.023550116	0.004850282	0.07042237
CTAGTGACAAGCTGGA-3	0.08543529	0.011957774	0.025198698	0.61779654	0.0	0.017211074	0.008736447	0.06358043
CTAGTGATCTACCAGA-3	0.0	0.01925976	0.07903808	0.7300629	0.010645351	0.0	0.032519504	0.015849888
CTCAGAAAGACCGGAT-3	0.02978632	0.038939573	0.0040580975	0.64148265	0.0	0.0	0.01646904	0.13768607
CTCATTATCGCACTCT-3	0.013586701	0.018150685	0.0	0.805597	0.0	0.0	0.015597144	0.33678123
CTCGAAACACTTAAGC-3	0.16714793	0.0153407315	0.22883224	0.32778963	0.0	0.0055044233	0.008301835	0.031121973
CTCGTCAAGTACGCCC-3	0.038888983	0.05351345	0.03171665	0.7699481	0.011497536	0.007451891	0.010287678	0.05926646
CTGGTCTAGATGTTAG-3	0.0	0.038154267	0.0	0.98369414	0.0	0.0	0.04987078	0.09836434
CTGTTTAGTCAACATC-3	0.038280614	0.08468292	0.0	0.8851993	0.0	0.0	0.015144303	0.16361307
GAACGGACAAGCCTAT-3	0.0	0.0	0.022817876	1.0940698	0.0	0.0	0.008345975	0.02723382
GAATAAGAGAACAACT-3	0.12295044	0.15079531	0.059780896	0.6000501	0.0	0.033374134	0.09552979	0.14399539
GACTACAAGGCCGAAT-3	0.013219841	0.014075725	0.0093355505	0.92731434	0.0	0.0	0.0033368394	0.08391513
GATTCAGCATGCGCAC-3	0.16330294	0.06256326	0.056121368	0.6758064	0.0	0.0	0.009658317	0.11219947
GCACATAAGTGTGGCA-3	0.0	0.018724415	0.018957673	0.861169	0.03406838	0.09858217	0.009016602	0.091401994
GCTGCTTCATGGTTGT-3	0.0	0.0	0.0	0.7344819	0.010174666	0.014827201	0.013850129	0.02673986
GCTTCCACACGAGAGT-3	0.0	0.07040937	0.06582173	0.720177	0.0	0.0	0.010600239	0.218111
GGAACTTAGCTTATCG-3	0.0	0.01957885	0.0	0.95477897	0.0	0.0134634245	0.009020426	0.069186166
GGACATTGTACGAAAT-3	0.0	0.01853639	0.0	0.7636077	0.0	0.02366595	0.00794215	0.114510484
GGCAATTTCACCCTCA-3	0.0	0.057123553	0.06045448	0.887222	0.0	0.0	0.009638528	0.16609302
GGCGTGTAGTCGATAA-3	0.07098808	0.048287135	0.014197065	0.6980304	0.0233676	0.0	0.0	0.14169751
GTAGTCAAGATCGGGT-3	0.0	0.0	0.0	0.87454915	0.0	0.0	0.019701345	0.17583883
GTAGTCAGTAGCGATG-3	0.07576978	0.009285713	0.06850115	0.67316526	0.0004550645	0.03890765	0.004902774	0.0352449
GTCACAAGTTATCCGA-3	0.0	0.11090919	0.0	0.76734257	0.15515009	0.0070712143	0.024893936	0.0614939
GTGTGCGTCTAGCACA-3	0.0	0.048665464	0.0	0.9013007	0.030201202	0.0	0.012691865	0.08417245
TAAGAGAGTGCAGGTA-3	0.0	0.023325099	0.041519877	0.7814028	0.0	0.0047647627	0.0022527943	0.046660356
TACCTTAAGTTACCCA-3	0.06815039	0.0018546021	0.041577965	0.32994497	0.0	0.0	0.0058045606	0.01247226
TACTTGTAGCCTATGT-3	0.032366432	0.09321432	0.06572247	0.7538998	0.0	0.033659503	0.0034420744	0.2572596
TAGCCGGGTACTCAAC-3	0.109105214	0.055401552	0.046948608	0.8058116	0.0	0.024543047	0.008849945	0.10156351
TCAGGTACAAAGGTGC-3	0.0	0.018182805	0.0	0.8480269	0.0	0.0	0.038884297	0.28854993
TCCACACGTCATGCCG-3	0.0	0.031933412	0.09419133	0.6976763	0.020255776	0.0	0.012449949	0.06372177
TCCCGATGTGTTCTTT-3	0.078548424	0.021578442	0.0	0.8188426	0.0	0.028586626	0.00848325	0.06564154
TCTCTAATCGTGGGAA-3	0.0	0.05718078	0.07595208	0.7563862	0.026227964	0.0	0.019331459	0.13405524
TGGCTGGAGTGGTAGC-3	0.042044647	0.015991244	0.1011231	0.97512794	0.0	0.0	0.0055727107	0.046221104
TGGCTGGGTGTCCTCT-3	0.0	0.027591728	0.0	1.1760699	0.0	0.0745581	0.019586492	0.09182432
TTCTACATCGAGGTAG-3	0.049207535	0.0077089714	0.0055228868	0.7148333	0.0	0.0	0.014839535	0.21311752
TTCTACATCTTCTGGC-3	0.035283767	0.069203064	0.07570796	0.77607536	0.011264633	0.0060136835	0.024748415	0.09041966
TTGAACGTCAGCTGGC-3	0.062094327	0.008638422	0.029662803	0.83764756	0.0	0.0	0.021168616	0.09850064
TTGCCGTCATCGTCGG-3	0.0	0.0	0.0	0.94469774	0.0	0.0	0.01579757	0.011825241
TTTGGTTAGCCGGTAA-3	0.005836947	0.06524459	0.060588583	0.87409127	0.0	0.0	0.00081022	0.109588295
GAACATCTCTTGCAAG-3	0.050408233	0.0029498767	0.0	0.4906314	0.0	0.0	0.013469547	0.02611217
ACACCGGGTATGAAAC-3	0.0	0.0	0.0	0.8177186	0.010466919	0.02907253	0.039267074	0.08701934
GTTAAGCGTTGGAGGT-3	0.0	0.0	0.0	1.0150913	0.0	0.0	0.0	0.05176796
ACGCCGATCGGACAAG-3	0.111125045	0.0	0.0	0.7019917	0.016677506	0.0	0.004501586	0.03377216
GATCGATTCATAGCAC-3	0.03807077	0.031256005	0.0	0.898241	0.023894113	0.0	0.020690778	0.0
CTACGTCCAAGGTTCT-3	0.0	0.00895433	0.060680535	0.76673067	0.0	0.015761647	0.013086896	0.0029215387
AGTAGTCAGTCTCCTC-3	0.12620829	0.0	0.045859043	0.32330897	0.04474324	0.0251937	0.005639068	0.020854607
GGTGTTATCAGTTGAC-3	0.02838138	0.0	0.0	0.73608845	0.080048494	0.0010961547	0.053595167	0.0
GTACTCCAGACAATAC-3	0.024606677	0.0	0.0	0.952393	0.04220579	0.0	0.0072451006	0.0
ACGGGTCCAGCTTAAC-3	0.02292206	0.0032501912	0.033081222	0.708034	0.027172716	0.0	0.007808548	0.0
AAATGCCTCCTTGACC-3	0.0	0.0	0.0	1.1425027	0.041947957	0.025487654	0.03988421	0.0
AGCGGTCCACACGCTG-3	0.006339224	0.0	0.0037185708	0.84485227	0.016970705	0.022595199	0.018502608	0.042087745
AGTAGTCAGGGTTTCT-3	0.03543981	0.0	0.00051018276	0.52288413	0.05600035	0.005088141	0.0023846817	0.0
ATCACGATCAAACAAG-3	0.0	0.0	0.0	0.8502347	0.06407595	0.0	0.0	0.0
ATGCGATGTCTCAACA-3	0.061790112	0.0	0.0	0.92967904	0.0050593517	0.0	0.0	0.0041852356
ATGCGATGTGCGGTAA-3	0.0	0.0	0.0	0.9650112	0.049804855	0.06565872	0.0035637792	0.015449419
CCGTACTGTTGTACAC-3	0.0	0.0	0.0	0.7348788	0.048952583	0.11079154	0.017180588	0.04814712
CCTTACGGTCTAAAGA-3	0.0	0.0	0.0	1.1797227	0.041130222	0.05038726	0.029545266	0.06390525
TAGGCATCAACTGCGC-3	0.0	0.0	0.0	0.9377806	0.0742051	0.1348293	0.04071848	0.08483452
TCTGAGATCGTTGACA-3	0.07239952	0.047838934	0.037845273	0.9588203	0.0	0.0045208265	0.0	0.023098517
TGAGGGAAGAGTGAGA-3	0.0	0.0	0.0	1.1315186	0.061303064	0.0	0.017955884	0.0
TGCGCAGTCAGATAAG-3	0.0	0.0	0.0	1.1096572	0.030222785	0.020236235	0.009351299	0.0
TTAACTCGTCTCTCTG-3	0.0	0.0	0.027616372	0.90930676	0.007101851	0.0	0.005227737	0.0075047226
TTCTCAATCCTTGCCA-3	0.0	0.0	0.0	0.9127821	0.057236787	0.023082258	0.0010577625	0.0
AAAGCAAAGATAGGAG-3	0.0	0.03534338	0.028136471	0.6491339	0.09886633	0.047744174	0.022465039	0.060467117
ATCTGCCCACTGTTAG-3	0.0	0.0	0.0	1.1755015	0.0	0.0	0.0	0.0
ATTACTCTCGGTGTTA-3	0.0	0.0	0.0	1.1487958	0.0	0.0	0.009172849	0.024182094
CAGCTAAGTTCAGTAC-3	0.0	0.0	0.043027773	0.79405195	0.014111644	0.0	0.023408743	0.0
CCTTCGATCGCTAGCG-3	0.0	0.0	0.0	1.1663116	0.0	0.0	0.00032576756	0.008494872
GATCGCGCAAGAGGCT-3	0.0	0.0	0.0	1.2903317	0.044806298	0.0	0.0	0.0
GGCGACTCATTGGCGC-3	0.0	0.0	0.0	1.5126309	0.0	0.0	0.00301979	0.0
GGGTTGCGTACTCGCG-3	0.020756453	0.01037299	0.052735664	0.71015525	0.0	0.02584278	0.0	0.011881282
GGGACCTCACATAACC-3	0.037550777	0.0023421973	0.0	0.9601053	0.0	0.00619233	0.0047055506	0.008218123
AAAGATGGTCCGAAGA-3	0.0	0.016962636	0.00536116	0.96573216	0.013864081	0.03329595	0.0	0.096583575
ACAGCCGCATGGAATA-3	0.0032859216	0.030681023	0.020775078	0.7069985	0.018469991	0.016554141	0.0044109942	0.0
ACGAGGAGTACGACCC-3	0.024986688	0.023729272	0.026620239	0.8412781	0.0	0.044858754	0.012975949	0.079777874
ACGATACGTCTCAACA-3	0.0	0.0	0.1168381	0.88972783	0.0	0.14553612	0.033811323	0.1042291
AGACGTTGTACCGCTG-3	0.0	0.0	0.02294107	0.93818486	0.048136976	0.0	0.011315573	0.0
ATTATCCCATGGTCTA-3	0.0	0.0	0.0	1.1204356	0.08763243	0.029645432	0.0003732844	0.0
CAGCATACATTGGGCC-3	0.0	0.0	0.0	1.1846577	0.0	0.0	0.0010076273	0.07524443
CAGTCCTGTAGAGCTG-3	0.12155295	0.102565065	0.12251924	0.555405	0.0	0.07645622	0.07086557	0.15506177
CCCATACGTTCGAATC-3	0.0	0.0	0.0	1.3207986	0.0	0.0602809	0.0	0.0
CTCACACAGATGGCGT-3	0.0	0.0	0.03912047	0.8323944	0.0	0.0	0.0	0.0
CTCGGAGTCGTGGTCG-3	0.0	0.0	0.0	1.2191536	0.0	0.0	0.041031376	0.044975188
CTCGGGAGTTCATGGT-3	0.097783946	0.05641605	0.057994705	0.53452325	0.0	0.017698292	0.032394018	0.003465367
CTTAACTTCCCACTTG-3	0.0	0.0	0.087666094	1.1823529	0.0	0.0	0.0	0.0320196
GACGGCTCAGCTGCTG-3	0.0032016675	0.0	0.0	0.7748241	0.0	0.0040849256	0.0030135226	0.02729071
GCATGCGTCTGCCCTA-3	0.0	0.0	0.0	1.1960567	0.0	0.119581625	0.0	0.003342404
GCCAAATTCGGCTTGG-3	0.0	0.0	0.021038305	0.70568633	0.0	0.010176378	0.0030013537	0.0071515837
GCGCAGTTCGGACAAG-3	0.13838431	0.011719352	0.39712268	0.19896826	0.0	0.062293652	0.015779812	0.046251193
TACCTTATCGGTTCGG-3	0.0	0.0	0.07280434	0.77185714	0.0	0.06750277	0.027274596	0.10853648
GTCGGGTCACCTATCC-3	0.072264254	0.10165123	0.13133463	0.0	0.0	0.2818755	0.012383626	0.5624375
CCTCAGTAGGTAGCTG-3	0.0	0.0	0.0	0.0	0.15233296	0.7236812	0.060166962	0.29954672
AACTCTTCACAACGTT-3	0.0	0.043896656	0.070648104	0.017715517	0.054934304	0.45847896	0.0	0.40652674
ACACTGATCGGACAAG-3	0.0	0.010015871	0.0	0.0	0.0	0.87061614	0.0020671277	0.45995322
ACGATACCAAGGGTCA-3	0.0	0.10764173	0.2047836	0.0	0.0	0.38114706	0.03454294	0.48044595
ACTTACTTCGCAGGCT-3	0.0	0.111906774	0.0	0.0	0.20331559	0.31462374	0.066829465	0.56956595
AGCATACCAATAGAGT-3	0.0	0.05448009	0.0	0.0	0.10591414	0.56008404	0.009163549	0.6371004
AGCATACGTCGCGAAA-3	0.0	0.0	0.0	0.0	0.0	0.5851719	0.0	0.6148036
AGCCTAAGTAAGTTCC-3	0.0	0.0471752	0.031928513	0.0	0.0	0.6503287	0.0141718555	0.51873934
ATCATCTGTGTGAAAT-3	0.0	0.12640628	0.051251885	0.05199196	0.17250767	0.3746243	0.010665284	0.19453512
ATCTGCCCATGATCCA-3	0.0	0.0	0.026312651	0.0	0.0	0.63470334	0.0	0.7612134
ATTATCCGTCCAGTTA-3	0.0	0.0018902606	0.06984054	0.0	0.0	0.60386145	0.0	0.676923
CAGCAGCGTTCCGGCA-3	0.00643793	0.0	0.09791468	0.0	0.0	0.52170277	0.0067858617	0.5458487
CAGCTAAAGGAGCGAG-3	0.0	0.034025334	0.0	0.0	0.0	0.37235287	0.0	0.67726755
CATGCCTGTTACCAGT-3	0.07559204	0.029223414	0.1474536	0.020592188	0.0	0.1875257	0.0	0.37940902
CCACCTAGTCGCATCG-3	0.060281973	0.026220705	0.058306906	0.0	0.17095621	0.3774271	0.01778245	0.20675305
CCACCTATCAACACCA-3	0.0	0.0	0.0	0.0	0.041744955	0.6778566	0.0	0.40108314
CCACTACAGGTAGCTG-3	0.05926426	0.02638766	0.10012272	0.027891818	0.09028057	0.52911633	0.005912409	0.17438166
CGAATGTGTTATGCGT-3	0.008333586	0.109839335	0.059559487	0.0	0.0019344141	0.68103164	0.0053729606	0.5040385
CGAATGTTCAGCGACC-3	0.0	0.0026889567	0.0	0.0	0.0	0.63736135	0.0032116096	0.5628479
CGAGCCATCCATGAGT-3	0.0070217783	0.118371755	0.06664944	0.0	0.1102288	0.57322544	0.0	0.5561892
CGATGTAAGGTAGCTG-3	0.0091493325	0.12615632	0.009161728	0.0	0.08051993	0.4949768	0.009210739	0.36762694
CGCTGGAGTACGACCC-3	0.0	0.015902603	0.060691644	0.0	0.0	0.4235612	0.0	0.55057555
CGGAGCTGTCTAAAGA-3	0.0	0.0685385	0.025553167	0.0	0.0	0.7200284	0.0046310276	0.58362514
CGTCCATAGGGATCTG-3	0.019039612	0.052803352	0.071179405	0.00478996	0.0	0.50329286	0.0013709107	0.5616561
CTCACACTCTTTAGGG-3	0.11540607	0.014383638	0.0	0.024741076	0.07798877	0.6406487	0.023817586	0.26179993
CTCTAATTCAGGTAAA-3	0.01196474	0.08825863	0.0873843	0.0	0.037531212	0.47917503	0.0	0.5909019
CTGAAGTAGCTAGGCA-3	0.123325996	0.07006415	0.016677625	0.085360125	0.10316015	0.3937384	0.03777494	0.35835937
GAATAAGAGACAAGCC-3	0.0	0.036549963	0.0	0.0	0.0	0.7084908	0.015328551	0.6184176
GAATGAAGTGCACGAA-3	0.0	0.044009767	0.05044958	0.0	0.0	0.76013136	0.02969723	0.48102736
GACCTGGCACGGCCAT-3	0.07595144	0.023246044	0.0018184882	0.0	0.08219121	0.39650047	0.008150534	0.25693363
GAGGTGATCGACAGCC-3	0.031080788	0.0	0.19276167	0.0	0.07001556	0.44471124	2.543108e-06	0.5182198
GATCAGTTCATCTGCC-3	0.076458015	0.017295847	0.075049296	0.0	0.0	0.4581999	0.0	0.36046344
GATTCAGAGAGACGAA-3	0.0	0.05719208	0.021420011	0.0	0.074896194	0.42905188	0.0122447135	0.478563
GCATGTAAGCTGAACG-3	0.046982985	0.023266356	0.11098945	0.0	0.099155925	0.52609444	0.0015300534	0.5538226
GCGCGATTCCGTTGCT-3	0.0	0.044062942	0.04409491	0.0	0.041946784	0.5550626	0.0	0.5814124
GCTCCTAAGCGTCTAT-3	0.0	0.030892057	0.05294465	0.0	0.0	0.633963	0.0	0.63423026
GCTGCAGTCGCATGGC-3	0.0	0.010955867	0.24356686	0.0	0.0169088	0.5771828	0.0	0.49056363
GGATTACTCTCCGGTT-3	0.0633903	0.08958161	0.11727063	0.0	0.035448316	0.56943965	0.03709148	0.5137607
GGGATGAGTTACGGAG-3	0.0	0.0	0.0	0.0	0.0	0.52221775	0.0066655786	0.74049777
GGTGAAGCAATGAATG-3	0.10993088	0.06556919	0.074079216	0.0	0.04204925	0.3259784	0.0056164125	0.26151258
GTAACTGTCACGAAGG-3	0.2031105	0.18186226	0.0	0.0	0.06474418	0.59564674	0.011346314	0.2121485
GTACGTATCGTTTAGG-3	0.0	0.0	0.0	0.0	0.0	0.5328885	0.002499218	0.7490029
GTGAAGGCATGGTAGG-3	0.0	0.04412644	0.0	0.018883413	0.20602901	0.62207067	0.008454333	0.22805718
GTTCATTGTCGCATCG-3	0.015230115	0.033034645	0.21792553	0.0014249163	0.06551371	0.45311752	0.012614314	0.42191795
TACGGGCAGTGAAGTT-3	0.050858326	0.119817935	0.03443343	0.021495258	0.11339768	0.474749	0.025900872	0.34286848
TAGACCACAAGTACCT-3	0.0	0.082025684	0.042108852	0.0	0.0	0.67156774	0.011156573	0.43356907
TAGCCGGAGACAGACC-3	0.0	0.0084838215	0.0	0.0	0.0	0.4999579	0.0	0.7368366
TCATTTGAGTTGTAGA-3	0.0	0.0	0.0	0.0	0.0	0.5834183	0.01372	0.627212
TCGCGTTGTCAGCTAT-3	0.042458978	0.032551114	0.12242031	0.0	0.070995055	0.7055652	0.014482568	0.36809704
TCTCATAGTGCGAAAC-3	0.22731829	0.0010556418	0.0	0.0	0.13964535	0.42417434	0.0049161464	0.3006246
TCTGAGAAGATGAGAG-3	0.0	0.017932441	0.0	0.0	0.11773704	0.46484664	0.0337473	0.6786638
TCTTTCCCAGCCTGTG-3	0.0	0.084707744	0.0	0.0	0.08582994	0.4389767	0.022019628	0.6892461
AAATGCCCAGCAGTTT-3	0.053845026	0.051339164	0.086526066	0.04419979	0.31386858	0.28710878	0.09357442	0.09995334
AACCATGCAGCTGCTG-3	0.103457406	0.21184103	0.12122412	0.039821096	0.09538963	0.45110238	0.0012518351	0.24143575
AGTCTTTAGAGACTTA-3	0.14076899	0.09946924	0.09922375	0.032166064	0.07855388	0.4765663	0.0	0.34620038
ATCACGATCCACTGGG-3	0.014927928	0.02210331	0.0006168807	0.0	0.06996011	0.5713131	0.006671142	0.5698621
CACACCTTCCCAAGAT-3	0.0	0.18489896	0.08578705	0.0	0.17738566	0.43929982	0.0	0.21481656
CAGCTGGCATCCCATC-3	0.074562624	0.11922234	0.13497028	0.012183496	0.04052343	0.43589804	0.0054537593	0.36259738
CATCGAAGTAAACGCG-3	0.015428942	0.036054734	0.052950736	0.0	0.13763663	0.53696734	0.0	0.45892575
CCTTACGCAAGGTGTG-3	0.03867061	0.007435017	0.00622234	0.0	0.12470111	0.47842318	0.013885684	0.47130948
CGGAGTCTCAGGATCT-3	0.075696014	0.09504346	0.0	0.0049328026	0.14562269	0.46560356	0.021791482	0.27771375
CGTTGGGGTATCAGTC-3	0.1620405	0.0	0.14924721	0.037633393	0.06152411	0.39123785	0.008392928	0.17347293
GAACATCGTTAAGACA-3	0.11512426	0.038071103	0.103097804	0.0	0.020146627	0.30936807	0.0	0.31278324
GAAGCAGTCCTGTACC-3	0.09707231	0.0023086856	0.016684512	0.0	0.06835513	0.5840373	0.0	0.43536937
GATCGATGTTTGGGCC-3	0.044900667	0.03208961	0.10664423	0.0	0.0	0.49898577	0.010416182	0.36656094
GATTCAGGTCTCTTAT-3	0.0	0.040435273	0.11049182	0.03597736	0.049582083	0.554414	0.01569418	0.33703268
GCATGTAGTGCTCTTC-3	0.10549956	0.22321807	0.082963884	0.012968551	0.09053791	0.43644208	0.005353877	0.2821173
GGAACTTCACGTAAGG-3	0.083714746	0.0648338	0.0577743	0.0	0.0	0.42166206	0.0133104725	0.44092888
GGACGTCCAGTATAAG-3	0.0	0.06043054	0.16116405	0.010733122	0.05406177	0.46270066	0.0	0.55793077
GGGTCTGAGAGCTGGT-3	0.016848803	0.10276844	0.14845912	0.0	0.071211144	0.48368034	0.02425264	0.31962484
GTGCTTCTCCGTTGCT-3	0.0	0.051389083	0.0	0.0	0.0	0.758296	0.0	0.66693395
TAAGCGTCAAGTTAAG-3	0.1903441	0.052805766	0.21178214	0.0	0.0	0.17497568	0.0	0.31237197
TCAACGAAGCCAGAAC-3	0.0	0.09876705	0.0313489	0.0	0.13024269	0.7383397	0.022827592	0.36584562
TCGTAGACACCTTGTC-3	0.059000496	0.072160445	0.089352	0.0	0.0	0.44038096	0.0	0.3909591
TTAACTCAGTTCCACA-3	0.13001513	0.18962874	0.023977373	0.042276543	0.027994314	0.24862994	0.0071546296	0.3812835
TTATGCTTCCCGGATG-3	0.118148126	0.04484075	0.12896553	0.019214934	0.15033548	0.29006037	0.021110892	0.35174575
TCGTAGATCAGTCAGT-3	0.10802895	0.12097911	0.19988792	0.039543957	0.060517937	0.14720733	0.0005633277	0.3499757
CCTTACGAGGCCCTTG-3	0.0	0.0	0.0	0.0	0.18367082	0.5040013	0.0	0.627708
GCCTCTAGTAGTGAAT-3	0.0	0.07191482	0.0	0.03753779	0.22254044	0.61198574	0.054296244	0.4897154
GTAGGCCCATGGATGG-3	0.0	0.13287286	0.073489726	0.0	0.060772777	0.3847477	0.0010754635	0.42223877
GTCTTCGGTTGGAGGT-3	0.0	0.10773068	0.0	0.014946841	0.0	0.82493305	0.038320318	0.25439066
CTAATGGAGATGAGAG-3	0.2024554	0.13153318	0.0	0.030440291	0.11148575	0.5960253	0.0	0.013451359
CTACCCAAGAATGTTG-3	0.020153193	0.08531945	0.07072375	0.014991004	0.20743342	0.30815512	0.03424122	0.27941942
GCGCCAAGTAGGCATG-3	0.011159354	0.14881687	0.046796683	0.0	0.0	0.590295	0.010471292	0.29889894
TACTCATGTTACGACT-3	0.13822338	0.016160766	0.25663227	0.0030595753	0.0	0.25877655	0.008432538	0.2928648
GTTCTCGTCCAAACTG-3	0.15379857	0.036405753	0.14793879	0.036724165	0.24560799	0.25743905	0.0010406574	0.07452978
CAGCCGAGTGCGAAAC-3	0.117649145	0.03578065	0.17816009	0.041071977	0.14639235	0.18446831	0.0071437443	0.0
GTACTTTGTTGGTAAA-3	0.17542009	0.035537522	0.0	0.010542628	0.060981862	0.38303408	0.011128297	0.28968045
AAAGTAGAGCTAACTC-3	0.0	0.0	0.0	0.0	0.68144995	0.12299013	0.017409563	0.028963966
GGGCACTCACATAACC-3	0.11144274	0.039297763	0.0	0.0332226	0.37490508	0.23717871	0.023155402	0.01842474
GGTGTTATCCGGCACA-3	0.073471494	0.07454032	0.013275014	0.083989345	0.12709862	0.44590464	0.019482195	0.24896929
ACTGATGAGTATCGAA-3	0.046756003	0.043911073	0.0	0.0055520013	0.06654432	0.4226452	0.03659535	0.39525852
CTCGTCACATCACGTA-3	0.0	0.0057397895	0.0	0.0052992753	0.09475893	0.7295241	0.02968527	0.5468779
GTAGGCCTCCTCAATT-3	0.0	0.0	0.0	0.0	0.30528122	0.48948753	0.013438718	0.26732838
TAGCCGGTCCAGGGCT-3	0.0	0.0	0.084748685	0.0	0.06861486	0.6718155	0.0053041684	0.42855835
TGACTTTGTGTTTGTG-3	0.0	0.0	0.00826864	0.0	0.0	0.86125153	0.0	0.58787227
TTTGCGCCATACTACG-3	0.0	0.0	0.0	0.0	0.038205534	0.5937398	0.031333655	0.3560847
TCCACACTCTATCCTA-3	0.19679867	0.012171014	0.060498334	0.04411223	0.091504075	0.4660492	0.030810079	0.18386379
GTATCTTAGCAGACTG-3	0.0413479	0.11918401	0.0	0.0	0.090149455	0.7242972	0.016192771	0.4361302
AGAGTGGCACTTGGAT-3	0.09955196	0.014243079	0.0	0.045995325	0.076171696	0.64491785	0.018119419	0.19357294
ATTGGACTCCTCATTA-3	0.09633589	0.017027296	0.087465905	0.027533099	0.0	0.46091858	0.03528914	0.082339786
CAAGGCCCAACGATGG-3	0.05891839	0.051443387	0.10249519	0.031087026	0.10199704	0.45053115	0.049515445	0.06265533
TGCTGCTAGTTCGCGC-3	0.0	0.0	0.03548338	0.0	0.13663433	0.6038829	0.027675506	0.44715533
ACGGCCAGTTAAGATG-3	0.0	0.0	0.0	0.0	0.046385605	0.99941915	0.016079377	0.16474813
GCAGCCAGTGCGATAG-3	0.0	0.0008726344	0.15689166	0.0	0.0	0.9775442	0.016348502	0.16217606
GTGGGTCGTGTCTGAT-3	0.0006789642	0.0	0.1415487	0.0	0.18500987	0.70229733	0.015325232	0.0
ACGATGTGTGCAGACA-3	0.0	0.037096612	0.10565853	0.0019689861	0.0	0.6539091	0.03364867	0.07733272
CTCGAAAGTTCATGGT-3	0.017019246	0.09080982	0.0062525943	0.045321893	0.0	0.9270585	0.055245902	0.0
TCAGGTAAGAGCCCAA-3	0.027788293	0.0057918485	0.0029673316	0.023390433	0.44597048	0.32785538	0.036563206	0.039464734
GCGAGAACATCACCCT-3	0.038725995	0.008380034	0.10257514	0.045796946	0.0	0.71231914	0.056417126	0.4020683
GGACAGATCCGTAGTA-3	0.0	0.0	0.0	0.0	0.04916129	0.9041038	0.02003933	0.2510934
GGAGCAACACACGCTG-3	0.0	0.0	0.0	0.0	0.14701101	0.63410014	0.039465196	0.49747595
TACTCATCAGCGTAAG-3	0.06656091	0.06384413	0.0	0.04530814	0.05171789	0.601669	0.012349369	0.35562047
TCTTCGGCACCCATGG-3	0.0	0.0074106064	0.0	0.0	0.112751186	0.68430054	0.023342608	0.4519112
ACTTACTGTTGAGGTG-3	0.0	0.0	0.0	0.0	0.1514907	0.77788264	0.021458682	0.021845568
CTCACACGTTGATTCG-3	0.04924089	0.0	0.0	0.026352964	0.26673904	0.57551944	0.05797879	0.003377947
GAAGCAGTCATGTCCC-3	0.0	0.0	0.0	0.012620114	0.09586472	0.88516	0.093277484	0.0071421647
ACTTTCATCATGCATG-3	0.0	0.061886385	0.11382199	0.019089188	0.12552075	0.79988146	0.019420767	8.185253e-05
TCGGGACCAGTCGATT-3	0.06530838	0.056853436	0.0101104025	0.00689034	0.10991592	0.6156677	0.029745044	0.10157409
TTTATGCAGCCGCCTA-3	0.13908395	0.08178468	0.042296443	0.038801987	0.014431266	0.731862	0.026260162	0.015016964
CAAGTTGTCGATCCCT-3	0.021953898	0.03442393	0.0	0.0	0.04875772	0.45060804	0.028683022	0.48667306
CTGATAGGTACCGTTA-3	0.0	0.01387897	0.0	0.0	0.052746274	0.58193123	0.026971607	0.5009601
CGTGTAAGTTTCCACC-3	0.06655154	0.0	0.080749795	0.0	0.0	0.7397449	0.0261223	0.0
AAACCTGTCAGCTGGC-3	0.0	0.0	0.0	0.0	0.16613494	0.5679787	0.026159408	0.023936564
ACACCCTCATTACGAC-3	0.0	0.0	0.0	0.035994355	0.0026035476	0.74811417	0.0	0.07552039
ACACCGGGTTCTGTTT-3	0.0	0.010885321	0.0	0.0	0.06653855	0.81910986	0.0037331677	0.08937415
ACACCGGTCCCATTTA-3	0.0	0.0	0.08366839	0.0	0.043634437	0.7713046	0.017285505	0.13317774
AGGCCACCAATACGCT-3	0.0	0.006639171	0.036243357	0.0015725578	0.026302934	0.88567746	0.032307774	0.064325355
ATCCACCCACTCGACG-3	0.02413604	0.057575766	0.01509601	0.053065054	0.13868357	0.57432014	0.041418552	0.1574475
ATCCGAATCACCTTAT-3	0.0	0.0	0.021767437	0.0	0.022040568	0.7937845	0.028022176	0.095067285
CAGCTGGAGGCTATCT-3	0.0	0.0	0.0	0.0	0.0	0.9176135	0.010838542	0.077156566
CATATGGTCGGATGGA-3	0.0	0.060287397	0.01379759	0.0	0.21415278	0.6831387	0.012735034	0.10181411
CATCAGATCATGTCTT-3	0.0	0.084536284	0.0	0.0	0.08009804	0.81375206	0.015402713	0.14188334
CATCGGGCAGCCTGTG-3	0.0	0.0	0.0	0.0	0.04304493	0.76373297	0.012936598	0.054303896
CATGACACATATACCG-3	0.041621856	0.013821579	0.024587799	0.03543234	0.036781996	0.7448264	0.034992673	0.3790787
CATGCCTAGGAGTTTA-3	0.0	0.0	0.0	0.0	0.12837419	0.675771	0.00018700298	0.16311657
CGATGGCGTGCACCAC-3	0.0	0.0	0.0	0.0	0.002217646	0.9517301	0.038062528	0.072554134
CGATTGATCACGAAGG-3	0.0	0.0	0.0	0.025225233	0.078942396	0.8671825	0.0	0.10056061
CGGACACTCATCTGCC-3	0.026137646	0.0386226	0.0	0.0	0.09476331	0.62230605	0.04459887	0.4846694
CGTAGCGAGTGATCGG-3	0.0	0.0	0.0	0.0	0.0	0.9965472	0.0072995014	0.11481119
CTAATGGCAGCAGTTT-3	0.15347621	0.071248725	0.03815935	0.062295653	0.1207848	0.45054922	0.007513389	0.18345009
CTGCGGAGTGACAAAT-3	0.020419853	0.045926183	0.11354609	0.019502493	0.04659708	0.70292926	0.02070736	0.2123303
CTTGGCTTCTGTACGA-3	0.0	0.0	0.0	0.0	0.041424368	0.8882263	0.016161948	0.22633643
GACACGCCAGGCTCAC-3	0.0	0.021773586	0.0	0.0	0.0	1.0816202	0.01629784	0.1376869
GACCTGGTCCAAACTG-3	0.0	0.0	0.0	0.0016280392	0.08074828	0.81058085	0.013168139	0.21245602
GCCAAATGTTGGACCC-3	0.008891665	0.0	0.0012826882	0.03003337	0.09856006	0.6761501	0.021869024	0.05282153
GTCACGGCAAACCCAT-3	0.0	0.0	0.0	0.0	0.0	0.86441994	0.026248675	0.20343922
TAGACCATCTGATACG-3	0.0	0.0	0.0	0.0	0.0	1.0417709	0.008412294	0.11855013
TCAATCTAGGTTCCTA-3	0.0	0.0	0.03503334	0.018240938	0.030966071	0.83850676	0.027892323	0.06005877
TCATTTGAGTCTTGCA-3	0.0	0.0	0.0	0.0	0.0	0.8702405	0.0	0.2014362
TCGCGAGCACGACGAA-3	0.089169234	0.011705026	0.0	0.09775875	0.16039705	0.5851848	0.0	0.08189374
TGCGCAGTCAGTTTGG-3	0.07583581	0.05185546	0.0865667	0.033255167	0.029711418	0.51976854	0.017533278	0.30311394
TTTGCGCTCAGCGACC-3	0.0	0.0	0.0	0.0	0.037774436	0.7381471	0.009266191	0.12218852
ACGGGTCAGTCTCGGC-3	0.0	0.052641947	0.12206673	0.051844656	0.0	0.77781445	0.018330853	0.0
ACTGATGTCAGTTTGG-3	0.0	0.07532958	0.01705959	0.01717713	0.07137174	0.9143703	0.021405896	0.0
AGATCTGTCGGAGCAA-3	0.07543447	0.044458237	0.09051198	0.0	0.024695957	0.4249484	0.007305327	0.09962402
AGCGTATGTCCAGTTA-3	0.0	0.082961805	0.066323005	0.056807406	0.1019844	0.68916756	0.03215557	0.02052822
AGCGTCGCAGGTTTCA-3	0.0	0.0	0.0	0.052754223	0.0	1.0391631	0.014142616	0.005035511
ATCGAGTTCAGTCAGT-3	0.0	0.02643871	0.0	0.018595869	0.100056574	0.9785137	0.015332634	0.0
CAACTAGAGTACTTGC-3	0.0	0.06958221	0.0	0.02303387	0.21512876	0.8300337	0.0	0.0
CCACGGAAGGGCTCTC-3	0.0026148749	0.021107273	0.0	0.03884607	0.16903496	0.9288303	0.015114412	0.0
CCTACCAGTCACCCAG-3	0.0	0.0	0.0	0.0	0.0	1.2567204	0.00791299	0.0
CGACTTCAGTATCGAA-3	0.0	0.0921246	0.09545896	0.028272664	0.0	1.0315758	0.020576995	0.0
CGATCGGAGTGACTCT-3	0.0	0.055074792	0.0	0.0	0.0	1.2205249	0.017074244	0.0
CGCGGTAGTATAAACG-3	0.0	0.0081605455	0.013460611	0.0056127743	0.09761949	0.9114408	0.030833334	0.0
CGGAGTCGTACGACCC-3	0.0	0.0	0.0	0.0	0.0	1.212604	0.0	0.0
CGTGTAAGTAGCGTCC-3	0.0049641454	0.02981252	0.0	0.025904858	0.10489112	0.7577747	0.0081867175	0.026786184
CTGAAACAGATCCTGT-3	0.07495666	0.08365302	0.052808877	0.038687017	0.18049768	0.57311463	0.010154771	0.0
CTGAAACGTGTCCTCT-3	0.0	0.049197886	0.009681426	0.0	0.0	1.1080165	0.017944343	0.0
CTGCTGTTCACGCGGT-3	0.0	0.0	0.0	0.0	0.0	1.321361	0.0	0.0
GAACCTAAGCAACGGT-3	0.10624219	0.09816671	0.10160795	0.0002131569	0.072815314	0.7028197	0.019586414	0.0
GACGGCTCACGACTCG-3	0.0	0.0	0.0	0.0	0.0	1.145687	0.020864394	0.0
GCGAGAACAGAAGCAC-3	0.0	0.008191875	0.13824892	0.050547916	0.0	0.7777864	0.019009024	0.0
GCTGCAGGTACGACCC-3	0.0	0.04767765	0.018414589	0.022237318	0.1033374	0.923155	0.02904988	0.0
GCTTCCAGTAGCTAAA-3	0.046458304	0.06816616	0.10457638	0.041491605	0.13259451	0.56518686	0.017067675	0.01490302
GCTTGAACACTATCTT-3	0.0	0.019176092	0.16512515	0.013216548	0.02619171	0.8120819	0.012440515	0.0
GGACAGATCACGATGT-3	0.0	0.016646162	0.093193926	0.0	0.0	1.0116303	0.03013954	0.0
GGCTCGAAGGACAGCT-3	0.0	0.0036357022	0.0	0.013485706	0.0414954	0.9813859	0.007427427	0.0
GGTGTTAAGGGAACGG-3	0.0	0.06013865	0.10700482	0.057105567	0.0141117	0.8784624	0.046199784	0.0
GGTGTTATCCGTTGCT-3	0.024058357	0.10549643	0.0	0.0	0.20965332	0.81126237	0.031984117	0.030347519
GTAGTCATCCTAGTGA-3	0.0	0.014914881	0.01690714	0.05379328	0.022621393	0.9546137	0.027714659	0.0
GTCCTCATCAATCACG-3	0.06297401	0.0018789876	0.031915966	0.044174414	0.0	1.0043457	0.02379496	0.0
TATCTCAAGCATCATC-3	0.0	0.0	0.031025134	0.011769245	0.091673404	0.95912683	0.007567734	0.0
TATCTCACACCTGGTG-3	0.0	0.004266754	0.024366925	0.0	0.00063495024	1.1527646	0.027649583	0.0
TATCTCATCCGCGGTA-3	0.083454885	0.06614165	0.0	0.024201788	0.0	1.0111443	0.008229814	0.0
TTCCCAGTCATCTGTT-3	0.0	0.083677	0.01701432	0.012314978	0.17797752	0.7761501	0.02026478	0.0
AAAGATGCATGCATGT-3	0.0	0.048445564	0.5303851	0.11206885	0.059813764	0.025204733	0.00833007	0.046337385
AACTGGTCAATCGGTT-3	0.07534641	0.008247497	0.6850118	0.042752016	0.0	0.022899376	0.017468972	0.13924041
ACAGCCGAGACAAAGG-3	0.049802203	0.039757058	0.68873084	0.049211908	0.0	0.15392916	0.0071262894	0.1195501
ACAGCCGTCTTGACGA-3	0.0	0.0	0.8531782	0.0	0.0	0.039582994	0.0189372	0.0
ACATCAGCATAACCTG-3	0.0	0.0	0.7393588	0.0	0.0	0.119775906	0.025916168	0.08863377
ACATCAGGTGACTCAT-3	0.0	0.0	0.8472724	0.0	0.023916105	0.07592055	0.062255453	0.0
ACCCACTAGCCCAACC-3	0.033184614	0.010860332	0.646079	0.00017880666	0.0	0.1078623	0.0056591714	0.039175007
ACGTCAAGTGTCAATC-3	0.044067442	0.057813626	0.5431729	0.01959931	0.0	0.12142146	0.019181356	0.12896219
ACTATCTAGAAGGTTT-3	0.024833558	0.0	0.65565497	0.04136514	0.2265965	0.024902673	0.010705876	0.010585491
AGAGCTTAGCTACCGC-3	0.0	0.0036864893	0.23500639	0.015100061	0.20986567	0.11699788	0.04134325	0.05284183
AGCTCCTCAGATGGGT-3	0.048961386	0.021075739	0.23556718	0.07044307	0.32127413	0.049781147	0.013409816	0.010624718
AGCTCTCGTAGTGAAT-3	0.0	0.0	0.93537337	0.0	0.0	0.023069939	0.021234868	0.15534423
AGGGAGTCAGCCTGTG-3	0.08388058	0.09713531	0.5380181	0.055358436	0.0	0.31494343	0.030425899	0.04757131
AGTAGTCTCCGAAGAG-3	0.08001302	0.0	0.48041126	0.0	0.0	0.092927895	0.048024036	0.008762227
ATAGACCTCTACTCAT-3	0.0	0.0	0.8245093	0.0	0.15055154	0.023116443	0.019727882	0.0
ATCTACTCAGTGGGAT-3	0.0	0.0	0.8878144	0.03344557	0.024228945	0.048627347	0.005985857	0.013572071
ATGAGGGAGTGACTCT-3	0.04143446	0.07046406	0.4232992	0.0023926871	0.3133969	0.022965912	0.023028402	0.046102017
ATGAGGGAGTTTCCTT-3	0.0	0.0	1.3526658	0.0	0.0	0.04570011	0.021017171	0.08482698
CAACCTCTCTGTTGAG-3	0.0	0.0	0.74157757	0.016540296	0.0	0.010215966	0.02119696	0.102268
CAAGGCCCAGATCCAT-3	0.0	0.0	0.6675103	0.0054678326	0.2251274	0.008963669	0.01106123	0.011658672
CAGAGAGAGTCAAGGC-3	0.0	0.0	0.829875	0.014077124	0.29936057	0.022766411	0.022549398	0.02570157
CAGATCAAGGCGATAC-3	0.0	0.056580637	0.43258518	0.024619551	0.28174585	0.2149563	0.030761868	0.08464789
CAGTCCTAGAAGGCCT-3	0.028649382	0.027027627	0.7288609	0.011948625	0.0	0.020135622	0.011732956	0.039438326
CATGACAGTGATGCCC-3	0.0070352075	0.0	0.32863507	0.0	0.13124067	0.051888343	0.023376284	0.022223935
CCAGCGATCTGTGCAA-3	0.0	0.0	0.83644134	0.049175516	0.0	0.06658548	0.0123377405	0.053370427
CCCAGTTCAAGTTCTG-3	0.0	0.0	0.61894464	0.013147099	0.13544904	0.12978509	0.026317693	0.041343626
CCGTGGACATACAGCT-3	0.15308574	0.058039274	0.32632232	0.047516298	0.23699787	0.0614524	0.01732081	0.078870706
CCTTACGTCCATGAAC-3	0.0	0.0	0.8658068	0.023543177	0.0	0.041876227	0.032116745	0.13221306
CCTTCCCCAAGGGTCA-3	0.0	0.0	0.7764446	0.07602062	0.06292859	0.09311041	0.019035578	0.010208849
CGAATGTAGAACTGTA-3	0.0024143409	0.0	0.8310985	0.021052364	0.0	0.04110957	0.01594029	0.012316313
CGAGCACCAGCCTGTG-3	0.15616599	0.03225637	0.55008394	0.030319622	0.0	0.10030976	0.012995098	0.0024966954
CGAGCCAAGAGACTTA-3	0.0	0.0	0.9135841	0.039588265	0.24091777	0.06146341	0.023919245	0.0
CGGACGTCATTAGGCT-3	0.22102113	0.04747318	0.7158876	0.09255164	0.004966465	0.064316064	0.010142426	0.06707799
CGTAGCGTCCATGAAC-3	0.0	0.030994004	0.5506553	0.0	0.11223959	0.01187611	0.018374199	0.045359433
CGTCCATAGTACGCCC-3	0.016473502	0.0	0.4498001	0.033578627	0.13421836	0.047340028	0.022804828	0.0
CTAAGACAGGACATTA-3	0.0	0.0	0.60555017	0.06761007	0.0	0.048227787	0.0143906865	0.032243755
CTAAGACGTATTACCG-3	0.0	0.0	0.78372025	0.0	0.0	0.102572985	0.013371223	0.06343494
CTACCCAAGCATGGCA-3	0.0	0.0	0.6927147	0.010636788	0.0	0.053560287	0.011076005	0.064790376
CTCATTAGTAACGCGA-3	0.0	0.030609362	0.7487761	0.0	0.03804989	0.036764745	0.038025726	0.0
CTCGGAGTCTATGTGG-3	0.0	0.0072407224	0.5109478	0.028426956	0.16099602	0.10875072	0.029698476	0.023397556
CTCGTCATCAGGCGAA-3	0.0	0.029415179	0.70046586	0.02292331	0.0	0.017576909	0.0018744996	0.06882543
CTCTGGTTCACGGTTA-3	0.023845078	0.019130083	0.68834656	0.049655095	0.19346999	0.060395774	0.009676889	0.0
GAAATGAGTCTCACCT-3	0.005192635	0.045297656	0.7104001	0.018769989	0.0	0.024197537	0.01566431	0.03748114
GAAGCAGCATATGAGA-3	0.0	0.05388477	0.79107666	0.0135253435	0.042440154	0.049489237	0.0033679449	0.10373385
GAAGCAGTCCACGTGG-3	0.0	0.0	0.8838214	0.0	0.0	0.07375613	0.0076568867	0.019795664
GAAGCAGTCTCCGGTT-3	0.027504008	0.0	0.5333543	0.12833087	0.087138094	0.0	0.0	0.0
GACGGCTCACGTTGGC-3	0.0	0.0	0.8663281	0.07953947	0.1599516	0.040520858	0.024276404	0.0
GACGGCTGTAGCCTAT-3	0.0690088	0.06501582	0.86872613	0.00699869	0.0	0.0930162	0.0	0.11918052
GCAATCATCCTAGGGC-3	0.0	0.0	0.7848613	0.005623099	0.14369392	0.0832909	0.022339705	0.05052189
GCAGCCAAGACTAAGT-3	0.078285515	0.0	0.5807682	0.029338868	0.0	0.13490438	0.008084968	0.0765865
GCATGCGAGTAGCGGT-3	0.0	0.029474081	0.4484632	0.049585156	0.26932722	0.11320743	0.014725032	0.02213695
GCTCCTACACAGGCCT-3	0.05643764	0.0	0.6537949	0.07013528	0.065687746	0.021120127	0.0020124798	0.043744113
GCTCTGTCACAGTCGC-3	0.0	0.0	0.6051135	0.031025348	0.0	0.0027930224	0.025723485	0.030442242
GCTGCAGGTGTGAAAT-3	0.0	0.015268114	0.80172914	0.0	0.0	0.09714246	0.0	0.09980172
GCTGCTTTCTGCTGCT-3	0.0	0.0	0.93961406	0.0	0.0	0.042560145	0.006710419	0.031537227
GGGTCTGGTCTAGTGT-3	0.03749421	0.0036321757	0.47007862	0.0	0.24038364	0.07964753	0.021228103	0.060272742
GGTGCGTGTTCCACGG-3	0.059519995	0.0	0.8850547	0.043585368	0.10397624	0.116718106	0.071776986	0.0
GTACGTACACTGTGTA-3	0.0	0.0	1.0801829	0.01161282	0.0	0.030169029	0.010673011	0.053859696
GTCACAAAGAGGGCTT-3	0.057983395	0.07276459	0.85122716	0.067876376	0.012426706	0.13470194	0.008319267	0.0
GTGCTTCAGCGTTGCC-3	0.0	0.068893895	0.32121053	0.011818006	0.2968998	0.10091308	0.032645427	0.013945622
GTGGGTCGTAAAGGAG-3	0.0	0.0	0.7763083	0.018604651	0.0	0.044960022	0.0040888563	0.08973018
GTTACAGCATGGATGG-3	0.0	0.0146315545	0.5729833	0.047540843	0.1350449	0.028633343	0.03896375	0.0
GTTACAGGTAGTACCT-3	0.0	0.0	0.9461385	0.015229763	0.0	0.09990605	0.0059726983	0.04110697
GTTCATTCAGATGGCA-3	0.017988998	0.014875309	0.34611008	0.012936061	0.1764482	0.11928982	0.013611584	0.0
TAAGCGTGTTCGGCAC-3	0.031349953	0.017850373	0.60865396	0.063307755	0.013597634	0.07881313	0.00013452236	0.068415105
TAAGTGCAGCTACCGC-3	0.019714465	0.00848971	0.6204593	0.015306609	0.0	0.034980908	0.020400828	0.03808101
TACACGATCTTGAGGT-3	0.0	0.0	0.97166395	0.0	0.0	0.09239735	0.0061339266	0.027320452
TACCTTATCGGCATCG-3	0.096186966	0.03572729	0.5822546	0.02712171	0.0	0.08651466	0.017090198	0.061244044
TAGACCACATATACGC-3	0.094653286	0.0	0.31737274	0.0	0.01745836	0.05868207	0.010731917	0.02193457
TCAACGAGTGTCTGAT-3	0.0	0.0	0.7472673	0.0029241764	0.0	0.029873105	0.013747886	0.025773106
TCACAAGGTGACTCAT-3	0.010110766	0.0	0.87983847	0.034191966	0.0	0.08289628	0.015299731	0.043663945
TCGAGGCCATAAAGGT-3	0.06647674	0.00078585587	0.5841205	0.038066078	0.12632412	0.13859594	0.013709558	0.026750023
TCTATTGTCTCGAGTA-3	0.0	0.000555563	0.8152118	0.09769896	0.0	0.05658124	0.021811847	0.06154737
TCTGGAAGTCCTGCTT-3	0.0	0.0	0.8891341	0.0	0.04062641	0.082717486	0.017830081	0.0
TGAAAGAGTTATTCTC-3	0.0	0.023447653	0.49907872	0.007178435	0.22074288	0.048995532	0.008977235	0.01970094
TGTATTCGTAGGACAC-3	0.029557252	0.19426776	0.5323683	0.081302516	0.06156056	0.1305253	0.01507856	0.019753344
TTAGGCACACAGGTTT-3	0.12416674	0.0023804281	0.47632858	0.041389104	0.15212598	0.0069917124	0.013735364	0.02334446
TTCGAAGCATGGTTGT-3	0.0	0.016983422	1.1093141	0.0	0.0	0.017728034	0.011120866	0.0
TTCTCCTGTTCCACGG-3	0.12116325	0.023663074	0.39590755	0.043127947	0.06624898	0.029934619	0.005980741	0.0120367035
AGCGTATCAGGTCTCG-3	0.0	0.0062940214	0.47473678	0.025216438	0.28237715	0.169914	0.04194807	0.01236563
CCTATTAGTTGAACTC-3	0.0	0.020726424	0.4889062	0.03639139	0.15274742	0.07113774	0.0049264035	0.044885714
CCTTCGAAGAGACTAT-3	0.04274262	0.0	0.13978833	0.059897017	0.67866385	0.14515105	0.011455528	0.010424558
GTTCGGGAGTGTTAGA-3	0.0	0.0	0.6258086	0.0	0.37969947	0.0112740435	0.04398187	0.015543141
AAATGCCAGGGAACGG-3	0.0	0.034138445	0.7189612	0.0	0.0	0.023829462	0.036488038	0.19355324
AGGGATGAGCAACGGT-3	0.049822364	0.11307563	0.22015515	0.18086201	0.1532847	0.062778994	0.019587263	0.116286024
GTTCTCGCAAGCTGGA-3	0.008779609	0.017892808	0.41014305	0.0024123753	0.25473556	0.07558162	0.02429397	0.006991955
CGATTGATCTTGACGA-3	0.0	0.0	0.52179664	0.060660996	0.31078574	0.0	0.009384882	0.025964227
ACATACGGTCCGAGTC-3	0.0	0.06771835	0.2606838	0.060104143	0.27607796	0.118868604	0.03303206	0.036528446
ACTGCTCCAGTAGAGC-3	0.0	0.018963438	0.0	0.03869506	0.84375155	0.06566351	0.008590862	0.0009618519
ACTGCTCTCGCCAAAT-3	0.010278015	0.004910693	0.026450736	0.0	0.3849791	0.10141657	0.0073679877	0.0
ACTTACTCAGCTGCTG-3	0.0	0.0	0.31424063	0.09772569	0.6264207	0.0	0.026723858	0.026687592
AGCGTCGCAGATAATG-3	0.06542527	0.019936467	0.19388309	0.043803472	0.53755295	0.0636108	0.016604604	0.072378024
ATTTCTGTCACCGGGT-3	0.0	0.0	0.0	0.05004525	0.76057595	0.080549315	0.042658	0.010542874
CATTATCTCGCATGGC-3	0.13566081	0.012759783	0.14059548	0.018645052	0.55785954	0.13715073	0.009131571	0.05483132
CGAACATCACGCGAAA-3	0.0	0.0	0.26454002	0.0032358838	0.60008997	0.03308686	0.0015830616	0.02255724
CTAGTGAGTTAAGAAC-3	0.0	0.0	0.0	0.011644397	1.0971097	0.03803969	0.0107863685	0.05146065
CTTTGCGTCTTACCTA-3	0.014170963	0.030293517	0.08896487	0.0	0.5908156	0.117158085	0.019910498	0.047943298
GCTCCTACAATCACAC-3	0.0	0.0	0.18112807	0.02335218	0.52768606	0.15107745	0.033459656	0.06576402
GTACTCCCAGTCAGAG-3	0.0	0.0004797521	0.13858213	0.031795245	0.6806987	0.13021864	0.025081785	0.0007977863
TCAGCTCAGTCATGCT-3	0.0	0.0	0.2890216	0.023239745	0.642264	0.103535876	0.059323363	0.0
TTTACTGCATAGTAAG-3	0.08199026	0.11051427	0.17858945	0.040094476	0.40490302	0.00022773388	0.0043465127	0.059969574
AATCGGTAGGTGCAAC-3	0.006894164	0.06713867	0.0010589085	0.021601	0.56348383	0.18728991	0.021447249	0.056128398
ATTACTCCACTACAGT-3	0.006565555	0.029595332	0.48750317	0.05592561	0.2858078	0.13719426	0.046731904	0.07481679
TCAGGTAGTCCATCCT-3	0.03847524	0.0028128906	0.39571795	0.051018648	0.35456097	0.17068177	0.019474305	0.03087342
TTCGGTCAGTACACCT-3	0.0	0.03927452	0.16475087	0.034629993	0.61779976	0.15050113	0.029581545	0.061309766
GGCAATTCACATCTTT-3	0.017172119	0.10422532	0.23791939	0.03206171	0.2185627	0.114592284	0.03225073	0.18809913
AAACCTGTCTTACCTA-3	0.10978449	0.009371568	0.026672566	0.023614215	0.41099668	0.11713326	0.017603727	0.023891097
ACACTGATCGGAAATA-3	0.0	0.02005103	0.51029766	0.035003655	0.3761812	0.08227847	0.0	0.12300703
AGATTGCAGACACGAC-3	0.056323472	0.05678774	0.35465416	0.1332642	0.20447804	0.062305894	0.014684846	0.1134005
AGCAGCCTCTTCGGTC-3	0.038154144	0.0	0.3952603	0.0	0.3200458	0.12008545	0.009893014	0.07163335
ATCACGATCTGTGCAA-3	0.0	0.015292481	0.4803015	0.011306483	0.5142034	0.0	0.010192233	0.11178975
ATGAGGGAGCACACAG-3	0.007266559	0.051696196	0.32269967	0.053578246	0.45797315	0.06260872	0.007184245	0.044950563
CAAGATCCATGCTAGT-3	0.0	0.014636141	0.45828477	0.04037931	0.1300162	0.17798199	0.012803431	0.20388831
CATCAAGCACGCATCG-3	0.016819913	0.05185885	0.32685927	0.033023912	0.50757754	0.044210915	0.0063995677	0.041882936
CATTATCAGGCTCAGA-3	0.09577794	0.021613399	0.25038272	0.0575747	0.28645155	0.028399378	0.0	0.078912005
CCTACCACACTGTTAG-3	0.059894264	0.057163447	0.20516984	0.07358659	0.36778778	0.06844265	0.023033293	0.08237237
CCTCAGTCAAGCGAGT-3	0.0045655686	0.017295804	0.32809448	0.02703703	0.44293392	0.1473308	0.018407779	0.101614796
CTCATTATCTTTACGT-3	0.066429585	0.005132007	0.20043837	0.016164549	0.38336635	0.15581878	0.0	0.043751284
GAAACTCTCGCGCCAA-3	0.14301997	0.026930764	0.3007347	0.081100814	0.21567753	0.025986418	0.0	0.10427822
GAACATCTCCTAGGGC-3	0.0	0.010343229	0.44277734	0.0	0.22466385	0.11841713	0.02885194	0.044875007
GCTGCTTCATAAGACA-3	0.06604052	0.055734187	0.44450876	0.1480135	0.0	0.08087243	0.0050779753	0.12574643
CAGAATCAGCGTGAGT-3	0.0	0.0	0.0	0.76900077	0.04757785	0.060784135	0.06661671	0.18915455
CCCAGTTGTAATCGTC-3	0.0	0.0	0.0	1.0374025	0.05136589	0.06512833	0.13554713	0.07404437
CGATCGGAGGTGCAAC-3	0.12877147	0.063515924	0.13653304	0.27967927	0.066940024	0.11064505	0.046445385	0.46946856
TCTGGAAAGGCTCTTA-3	0.0	0.0	0.0	0.0	0.14026646	0.58668804	0.33410764	0.14517374
GCACTCTGTGGGTCAA-3	0.0	0.0	0.2650246	0.0	0.5395887	0.15510157	0.05989471	0.0
AACTCAGGTCTAGTCA-3	0.44989458	0.15341693	0.0	0.013994017	0.0	0.007477711	0.030871052	0.028259259
ACCCACTGTTGAGTTC-3	0.525223	0.13254498	0.0014246008	0.009141636	0.0	0.01625182	0.12051543	0.021963531
ATTCTACAGGACACCA-3	0.48204646	0.07384751	0.00057755475	0.019516261	0.0	0.017422074	0.019412247	0.0077161286
CCATGTCTCCGTCATC-3	0.65769833	0.09690105	0.0021809307	0.045069516	0.0	0.04608821	0.04285112	0.026463622
CTCGAGGTCTCCAACC-3	0.48929164	0.059351157	0.0030884303	0.02867153	0.0015784464	0.0	0.01725571	0.0
CTGTTTATCGGCGCAT-3	0.4489747	0.14293388	0.004295355	0.0013381985	0.0	0.0	0.05641595	0.088493444
GTTTCTATCGCCCTTA-3	0.6879584	0.14803545	0.047264118	0.0068739196	0.009313119	0.0	0.055525713	0.04025547
TAGTGGTCAAGCTGTT-3	0.76054555	0.13779806	0.047784146	0.040187974	0.013839703	0.0	0.030431801	0.0
TCAGCTCTCCTCAACC-3	0.47698915	0.049041383	0.008751558	0.014793167	0.006346892	0.022764089	0.040975202	0.00277595
TCGGTAAGTAGGGACT-3	0.44303343	0.13069738	0.07934515	0.0	0.0	0.0	0.11483079	0.0011190875
TCGTACCAGTACGTTC-3	0.5711122	0.18522999	0.0	0.0009374917	0.0	0.0	0.03992221	0.030703533
TGAGGGAAGATCACGG-3	0.3159048	0.14093925	0.0010083773	0.03252049	0.024293594	0.0	0.057332266	0.0011259658
AACCGCGAGCATCATC-3	0.49512172	0.13550785	0.038342215	0.022173986	0.0	0.0	0.20904563	0.029378131
ACCAGTAAGCTGTCTA-3	0.4855248	0.035708725	0.0076460624	0.00960894	0.0	0.107027695	0.16690606	0.0
ACGGGCTCAGCCAATT-3	0.5443057	0.22757955	0.03313658	0.038833756	0.0	0.0	0.041754086	0.015676154
ACTGTCCCAACCGCCA-3	0.5034815	0.1620282	0.0	0.01402948	0.0029443519	0.0	0.111652665	0.01679978
AGAATAGGTACCGGCT-3	0.5451628	0.115480244	0.034244146	0.0023096402	0.0	0.0	0.033385832	0.027523858
AGACGTTAGGATCGCA-3	0.2975945	0.045650057	0.028383605	0.0197037	0.0015597028	0.0014062925	0.023308512	0.00892498
AGACGTTGTTCTGAAC-3	0.7569598	0.11119283	0.021047816	0.06252224	0.009308309	0.0	0.10185863	0.022908866
AGATTGCGTCACAAGG-3	0.5243746	0.07464143	0.053336423	0.0	0.015706703	0.030148502	0.02941396	0.0024145734
AGCTTGAAGCCGTCGT-3	0.4692917	0.10989398	0.0	0.020427546	0.017580569	0.0	0.059091024	0.008313567
ATCTGCCCACCCTATC-3	0.4554141	0.05413215	0.0	0.039259236	0.0061014895	0.023531983	0.03808485	0.013949033
ATGGGAGGTTTCCACC-3	0.5571153	0.12066132	0.0081719505	0.011865744	0.0	0.0	0.1967179	0.0023669605
CATCGGGCAGCCTATA-3	0.48510304	0.248227	0.0	0.010925627	7.634953e-05	0.0	0.07450945	0.043663293
CCACGGAAGACACGAC-3	0.50722134	0.12539215	0.0	0.0561312	0.0208862	0.0	0.046459313	0.030023614
CCCTCCTTCCGAATGT-3	0.4207203	0.08910014	0.004170302	0.023321124	0.014172801	0.011413903	0.08688958	0.043034386
CCTTCGACATGTCCTC-3	0.5053619	0.12427232	0.045715887	0.054027583	0.04662801	0.007634674	0.03830299	0.0070274556
CCTTTCTTCTGTCCGT-3	0.6113855	0.156048	0.028546697	0.01956417	0.01054701	0.019307729	0.07335974	0.015587385
CGACCTTTCAGCAACT-3	0.5844566	0.09200396	0.011579183	0.015873179	0.026110725	0.0	0.06537491	0.023413196
CGAGCACGTACAGACG-3	0.37191996	0.21638006	0.003961487	0.021149822	0.0028572662	0.0	0.046332885	0.006161077
CGAGCACTCCATTCTA-3	0.457038	0.155635	0.008297107	0.022391016	0.0	0.0	0.03011985	0.024598872
CGTTAGACATGTAGTC-3	0.73058814	0.18040037	0.0	0.023409516	0.0	0.0	0.01948318	0.015251767
CTACGTCAGAATGTTG-3	0.56472033	0.11580154	0.0	0.006271829	0.0	0.027055714	0.05648646	0.030556733
CTCCTAGGTTAAAGTG-3	1.2088393	0.13844949	0.012746752	0.0	0.030367512	0.0	0.040527925	0.01787329
CTCGAAAGTACACCGC-3	0.41813013	0.12611446	0.0	0.021683069	0.02426806	0.0	0.09083781	0.033220377
CTCTACGAGGGTTTCT-3	0.49219874	0.1348185	0.0	0.020004457	0.012369461	0.0	0.04868366	0.012134757
CTGAAGTCAGTCAGAG-3	0.44916677	0.079646915	0.0	0.0020137252	0.008209312	0.0	0.053735822	0.06296353
CTGCCTACATCCGCGA-3	0.6029643	0.061580207	0.0	0.0	0.055968456	0.0	0.03874668	0.00036676624
GAACCTACATCGGACC-3	0.5382372	0.0724279	0.0	0.0007677999	0.00045863402	0.008964234	0.059139717	0.0648135
GAACCTATCACTTACT-3	0.563591	0.11856563	0.0037869795	0.009083609	0.02235691	0.0003866853	0.036278088	0.031479817
GAATAAGCACGACGAA-3	0.59622264	0.19102117	0.0	0.03139774	0.037882578	0.0	0.21551915	0.040518418
GAATGAACAGGATTGG-3	0.45277005	0.21403363	0.0	0.045283817	0.0	0.0	0.030167434	0.0020948106
GACCAATTCGCATGAT-3	0.5417193	0.1505569	0.028724987	0.019305268	0.0	0.0	0.045598537	0.017944995
GATGCTAGTTCAGCGC-3	0.43047532	0.13001545	0.0	0.0055560768	0.0117714815	0.0	0.043778613	0.022375204
GCAATCAGTGTGTGCC-3	0.4299648	0.09854949	0.05473809	0.063094996	0.0	0.0	0.08200853	0.050219964
GCCAAATGTCCGAATT-3	0.48403263	0.19198628	0.01655952	0.017224262	0.0	0.0	0.047901705	0.0069971057
GCCTCTAGTTATCGGT-3	0.7910431	0.119819805	0.033312593	0.0	0.031167412	0.018982662	0.041557845	0.013169451
GCTCTGTCACGAAGCA-3	0.4891084	0.07922527	0.011255944	0.025427222	0.0	0.0033991511	0.034892093	0.006524405
GGCGACTAGGTGCAAC-3	0.4043094	0.11909855	0.013177946	0.018259386	0.0063834377	0.01824298	0.09869961	0.0012371168
GTACTCCGTAGGGACT-3	0.36130702	0.15107425	0.0	0.03298887	0.0	0.027686916	0.05427097	0.01648546
GTCTTCGAGACCTTTG-3	0.3843524	0.1285172	0.0	0.042024575	0.0005976817	0.0	0.062217318	0.03291904
TAAGAGAAGACGACGT-3	0.28705794	0.30339572	0.0	0.062182877	0.0	0.01802693	0.17680685	0.016589297
TAGAGCTCAGGGCATA-3	0.37077862	0.17256007	0.0	0.0	0.0	0.005907716	0.047610123	0.0023389081
TAGTTGGCACACCGAC-3	0.68460685	0.3353503	0.0	0.031431682	0.0	0.0	0.059740968	0.019488102
TCAACGACATCGATGT-3	0.4404478	0.09153585	0.0	0.0	0.0	0.0	0.089304045	0.023252873
TCCACACAGAACAACT-3	0.32373056	0.10050597	0.006887408	0.09430207	0.012177617	0.032318465	0.32476184	0.012150609
TCGGGACGTTCCACAA-3	0.37500474	0.035173073	0.016732318	0.013518957	0.0	0.0032825712	0.044819716	0.048626523
TCTCTAATCAGCATGT-3	0.48345223	0.3096738	0.0	0.0348433	0.0	0.005443066	0.10860938	0.06553695
TCTGGAAGTTGCTCCT-3	0.33935654	0.09735032	0.0006943671	0.007200309	0.0103671495	0.0	0.094453685	0.01768776
TGAAAGAAGATCTGCT-3	0.5632723	0.12886292	0.008950601	0.03603851	0.010295407	0.0	0.07082793	0.011936453
TGCGCAGGTGCATCTA-3	0.45705375	0.13621984	0.007660248	0.0103779	0.0024551046	0.0	0.0377809	0.014185491
TGCGTGGTCGTCACGG-3	0.7093002	0.19879667	0.0	0.034902994	0.0064929696	0.010124167	0.07867624	0.06523224
TGCTGCTCACTGTCGG-3	0.4890193	0.1106379	0.0	0.0555129	0.0	0.0	0.028655434	0.0
TGGGAAGGTATATGGA-3	0.43654376	0.15730758	0.02553983	0.03007665	0.0	0.008226206	0.058067106	0.0071618683
TGGTTCCAGTACGACG-3	0.42260635	0.19799471	0.041849084	0.0040483186	0.014577428	0.00096314895	0.070238076	0.04401718
TGTCCCAAGCTAAGAT-3	0.3529347	0.055031657	0.040799808	0.035303626	0.0	0.0047196746	0.023715267	0.01748068
TGTGGTAAGGCCCGTT-3	0.6037246	0.19009309	0.0	0.049137946	0.021629816	0.0	0.089502	0.056698482
TTCTCAACACTCAGGC-3	0.5271532	0.14655	0.0	0.050757665	0.017217053	0.0	0.14867239	0.06529984
TTCTTAGCATGTCCTC-3	0.47143048	0.19756019	0.0	0.03610744	0.0030560624	0.0	0.028086986	0.023713157
TTGCCGTTCTTCGAGA-3	0.6324999	0.17849563	0.0	0.03930568	0.010681865	0.0	0.04415415	0.036744636
AACCGCGCATGCCTTC-3	0.5191981	0.13657664	0.022192668	0.034252428	0.0076291724	0.004848586	0.06587656	0.010545281
AACTCTTCACCAGTTA-3	0.468986	0.1776665	0.016015826	0.00023947962	0.0	0.0	0.03206564	0.010167093
AACTGGTGTCTCCCTA-3	0.45594227	0.103624925	0.062359948	0.009630095	0.0	0.0	0.007644955	0.0
AATCCAGAGGTAGCTG-3	0.5419372	0.13032635	0.0	0.04708111	0.029634321	0.0	0.022720415	0.011591156
AATCGGTTCGTATCAG-3	0.64759976	0.10088735	0.0	0.02834842	0.0	0.00050919474	0.03248228	0.018297931
ACCCACTGTAAATACG-3	0.45133063	0.15699427	0.041528307	0.0	0.0	0.037128545	0.045597676	0.033528857
ACGATACCAGATGGGT-3	0.47736746	0.11793498	0.015207931	0.022198703	0.007198686	0.0	0.023922848	0.016544562
ACGCAGCCATCGATTG-3	0.54526407	0.24960087	0.0	0.034300417	0.0	0.0	0.030888453	0.0
ACGTCAACATCATCCC-3	0.4544009	0.111541405	0.026252551	0.0066785235	0.0	0.0	0.032545943	0.00612622
ACTGCTCAGTCATGCT-3	0.58748966	0.11344498	0.008671929	0.059387352	0.0	0.0	0.019326681	0.011688707
AGGCCACAGAACTGTA-3	0.5159225	0.078023426	0.022494342	0.022988776	0.0	0.0	0.071324445	0.0052783974
AGGTCATAGCCTCGTG-3	0.5352882	0.07047063	0.021174818	0.0066215205	0.0	0.0	0.017231219	9.2909904e-05
AGGTCCGTCTGGGCCA-3	0.4482628	0.085864305	0.007533159	0.03560963	0.0	0.0	0.08256843	0.016437052
AGTGTCAGTAGAAAGG-3	0.6702593	0.14994276	0.041667577	0.0	0.0	0.0	0.040337566	0.0
ATAAGAGAGGTGACCA-3	0.48602852	0.15632878	0.0	0.11867444	0.039817043	0.0	0.092809625	0.01306842
ATTACTCCAGCTGCTG-3	0.3442766	0.19687757	0.030100819	0.031588543	0.0039904914	0.0	0.01186959	0.0
ATTATCCGTAGCCTCG-3	0.7478018	0.036946215	0.016379531	0.037168562	0.010983501	0.0	0.048402797	0.018496344
ATTGGACAGGACAGAA-3	0.6100025	0.15602261	0.0	0.030375453	0.0	0.016022626	0.038329773	0.0173522
CAACCAACATGCGCAC-3	0.41823697	0.13934916	0.024335593	0.01627475	0.0	0.012003705	0.12806043	0.0029798308
CACACTCGTTGTACAC-3	0.69242585	0.104253344	0.026619008	0.029505268	0.0	0.00026757747	0.08204434	0.0
CACCTTGTCCTCCTAG-3	0.68364793	0.07208293	0.0	0.02900811	0.0055546802	0.0	0.039750963	0.001618098
CAGCATATCCAGGGCT-3	0.6071913	0.099201925	0.013281976	0.0003048474	0.023299012	0.0	0.053679463	0.011652655
CAGCTAACACATAACC-3	0.6378783	0.123396374	0.00942092	0.0	0.0	0.034022816	0.017069882	0.023364102
CATGCCTTCACGATGT-3	0.45354354	0.09656784	0.019860914	0.024287796	0.0054511316	0.0	0.049791925	0.03959701
CATGGCGCACATGGGA-3	0.58472455	0.18613221	0.020674936	0.016122144	0.0	0.018532278	0.13958827	0.0341369
CATTCGCTCCAAAGTC-3	0.5528892	0.19887154	0.0030286359	0.026469668	0.044158366	0.0	0.03280922	0.011135766
CCACCTACATAGACTC-3	0.33459875	0.10006746	0.022607831	0.011867403	0.0	0.0	0.051911104	0.013056662
CCATTCGCAGATCCAT-3	0.7484571	0.08131476	0.0	0.016861008	0.0	0.035316247	0.014973969	0.0
CCGTGGATCGCAAACT-3	0.5305226	0.09662409	0.03978464	0.02442367	0.0	0.0	0.04353124	0.016176881
CCTAAAGCAGGCTCAC-3	0.82418245	0.07904484	0.0758648	0.0082503725	0.0	4.7684058e-05	0.04235395	0.02970075
CCTTCGAGTGACAAAT-3	0.55384195	0.11492588	0.011242828	0.0073358784	0.017178325	0.014314507	0.022669341	0.00084290444
CGAACATGTTATCCGA-3	0.56562644	0.05606867	0.02127143	0.016831562	0.0060840906	0.0	0.048667938	0.01204955
CGAGAAGAGTTTGCGT-3	0.7469096	0.12987942	0.036592744	0.0037136718	0.0	0.0	0.010012287	0.015911432
CGAGCCAGTCGAGTTT-3	0.5800431	0.097527266	0.010535287	0.038542144	0.04092427	0.0	0.050764937	0.01377698
CGAGCCAGTGGTCCGT-3	0.66796935	0.21017762	0.009079101	0.0055342424	0.014989852	0.0	0.025319848	0.010868716
CGCCAAGGTTGTGGAG-3	0.5831898	0.14716274	0.00532704	0.01606801	0.0027306175	0.0015777745	0.0	0.02180549
CGGACACAGTATGACA-3	0.6791349	0.08582366	0.0058531286	0.038025796	0.0	0.0	0.012636967	0.019775657
CGTCACTAGGGTCTCC-3	0.70507854	0.11504248	0.0	0.0	0.0058778864	0.0	0.07379222	0.043215763
CGTTAGACACTATCTT-3	0.54829115	0.06975806	0.056855604	0.029008146	0.0058694086	0.005885251	0.0079084085	0.015186163
CTACCCACATGATCCA-3	0.4081956	0.2576528	0.0018479833	0.02316108	0.0	0.017889844	0.09860514	0.0084113395
CTCACACAGCCACGTC-3	0.79900384	0.15858743	0.006048713	0.06809106	0.026701715	0.0068265432	0.18175524	0.05539247
CTCCTAGAGTGTACGG-3	0.6955524	0.10315806	0.045962267	0.039720066	0.0	0.03759362	0.058045708	0.010576396
CTTGGCTTCGCCTGTT-3	0.67143905	0.056283046	0.010483931	0.0	0.0	0.0	0.0	0.0107674245
CTTTGCGGTCTCTCTG-3	0.51102805	0.060340185	0.0	0.03305847	0.0	0.001248521	0.021685073	0.028425867
GAATAAGCACGCATCG-3	0.53227013	0.20024891	0.03409372	0.0	0.0	0.0	0.045222756	0.013608716
GACCTGGCAGACGCTC-3	0.4317276	0.09207172	0.015584461	0.0148141375	0.0	0.011340602	0.023962075	0.023397338
GAGGTGAGTTCAACCA-3	0.8531046	0.109016426	0.029372783	0.011272839	0.051337298	0.00030614797	0.037918564	0.0
GATGCTATCGGTCTAA-3	0.7091131	0.027402278	0.028061926	0.0	0.011358812	0.0	0.09472638	0.021735186
GCACTCTAGTCCCACG-3	0.73756427	0.2827753	0.013971607	0.011634671	0.028136874	0.0	0.06886598	0.008710792
GCACTCTCAGCCACCA-3	0.56002057	0.0028594637	0.009778746	0.005345063	0.0	0.0	0.0073502054	0.026248705
GCATGATTCCTTCAAT-3	0.42420593	0.047450997	0.0056617325	0.029106341	0.017917829	0.017982582	0.037807077	0.013546603
GCCTCTATCCTCAATT-3	0.816275	0.094242774	0.0	0.011776049	0.013839152	0.0	0.032890398	0.0037192672
GGCAATTTCTAACTGG-3	0.7922878	0.07101839	0.0	0.018852886	0.01418458	0.0023528968	0.008852561	0.011413366
GGCAATTTCTGTCCGT-3	0.54755455	0.039640483	0.0025818942	0.014077365	0.0029915052	0.00022507296	0.0068418984	0.01142999
GGCTGGTAGGTGTGGT-3	0.61831206	0.10073796	0.007420714	0.012334947	0.0	0.0	0.038119018	0.04087385
GTAACTGTCTTCCTTC-3	0.4672941	0.060609024	0.00395731	0.0049509197	0.0	0.020993873	0.04195816	0.002589691
GTCAAGTAGAACAACT-3	0.51223683	0.033217184	0.008805856	0.04393063	0.0	0.0	0.045768164	0.0033721358
GTCACAACATACAGCT-3	0.63977796	0.15030909	0.05667615	0.043061197	0.0	0.0	0.02250796	0.02827211
GTTACAGTCCGTAGTA-3	0.56703806	0.106133975	0.026810447	0.007131856	0.0010922155	0.013525549	0.016886344	0.010285117
GTTCGGGCAATGGACG-3	0.39636654	0.08634511	0.02318901	0.019010171	0.0	0.0069312104	0.024515307	0.0042465194
TAGTTGGAGAGTAAGG-3	0.63638276	0.14464664	0.0	0.00039100612	0.0	0.0	0.033212032	0.0
TATCAGGGTTCAGGCC-3	0.6442521	0.17996049	0.0007128202	0.01723881	0.025008228	0.0	0.046971798	0.037624303
TCAGCAATCATCGGAT-3	0.5850627	0.07857429	0.0	0.02881469	0.0	0.001998406	0.02716702	0.017503232
TCATTTGGTCGGCACT-3	0.6791102	0.25572076	0.0	0.03810927	0.0065389345	0.0	0.078214444	0.019513126
TCCACACAGACGCTTT-3	0.5511368	0.16558295	0.0	0.020697547	0.02745173	0.0	0.058662217	0.020991081
TCGAGGCTCCAAACAC-3	0.65946734	0.096933976	0.018349586	0.0051258546	0.0	0.0	0.021036457	0.014261105
TCTCATAGTCCATCCT-3	0.34632704	0.11493784	0.0029097197	0.012486026	0.002435155	0.0	0.025861662	0.0059606843
TCTGAGATCCAAGTAC-3	0.715123	0.07952095	0.0	0.025396239	0.0	0.0027970232	0.047730837	0.04025705
TGAGCCGTCGCGCCAA-3	0.6631656	0.06760564	0.0	0.028462132	0.0	0.01726936	0.057323672	0.022405943
TGATTTCCAATAACGA-3	0.8412288	0.086015165	0.014067457	0.0060586743	0.0	0.00045820072	0.0	0.01619129
TGATTTCTCAATCTCT-3	0.4628384	0.15823054	0.020962691	0.042003404	0.01195951	0.003844763	0.0132184	0.01626387
TGCCCATAGCAACGGT-3	0.76912224	0.059568964	0.0	0.013452103	0.0	0.0	0.04286925	0.016871884
TGCTGCTAGTGGTCCC-3	0.6052343	0.07876027	0.0	0.0	0.0	0.0	0.03125308	0.043876927
TGGCCAGAGGCGATAC-3	0.63852936	0.16126838	0.048126157	0.00042498604	0.0	0.0	0.03569316	0.0066693597
TTCTCCTTCTAACTTC-3	0.5978812	0.1022781	0.0	0.008561661	0.015253345	0.0	0.017292082	0.005551894
AAGGCAGCAAAGGAAG-3	0.61743087	0.066802524	0.008141959	0.0020062868	0.0	0.05357021	0.020651298	0.0
AATCGGTGTAGGGACT-3	0.61002034	0.11895999	0.0	0.0036984482	0.0118080815	0.0	0.009390318	0.014927898
ACCCACTTCGTACCGG-3	0.56532717	0.2437819	0.0	0.0033491058	0.0	0.0	0.086562365	0.07311631
ACGATACGTCTTCGTC-3	0.60789543	0.23780632	0.0	0.008014419	0.0	0.0	0.08951706	0.056068495
AGCAGCCAGCTAGCCC-3	0.73322654	0.1019669	0.039467566	0.031665884	0.0	0.0049503846	0.027244797	0.009762923
AGTGAGGAGTGGTCCC-3	0.7015833	0.15456715	0.04941577	0.027102241	0.009202468	0.0	0.088146865	0.00807859
ATGGGAGAGCCTATGT-3	0.9633449	0.1327543	0.0	0.07049328	0.0	0.0004840037	0.10062258	0.011608003
CACACTCAGGTAGCCA-3	0.5560282	0.16291322	0.0	0.031119585	0.0	0.0	0.04788013	0.0037855157
CAGCCGATCCATTCTA-3	0.4775395	0.06678941	0.022946341	0.018655816	0.0	0.0	0.017344497	0.001954911
CAGGTGCCAAGGTTTC-3	0.666832	0.08695864	0.034909964	0.004163988	0.0	0.0044097207	0.026983706	0.011033387
CATATGGAGAATTCCC-3	0.56019956	0.15537916	0.0	0.014489104	0.0061434484	0.012051313	0.062038016	0.006683809
CATCAGATCTGGTTCC-3	0.5256758	0.06844797	0.0	0.008495505	0.009304013	0.0	0.02378895	0.017033774
CCCAGTTGTTACCAGT-3	0.6220668	0.12959187	0.001493129	0.029837178	0.033805136	0.0015550046	0.026195293	0.008449617
CGTCAGGAGGTGACCA-3	0.69492835	0.084762566	0.0	0.011202416	0.06017987	0.0	0.0103050405	0.011459266
CTACATTGTCAAGCGA-3	0.49993595	0.12076893	0.010219487	0.0	0.005004203	0.0	0.026801692	0.10796891
GAACGGACATTACCTT-3	0.71852714	0.060576078	0.0	0.029601188	0.0	0.0	0.06692495	0.012395933
GAGTCCGCAGCCTGTG-3	0.5156021	0.19499612	0.009215701	0.026303178	0.031273507	0.012826432	0.030433062	0.027517838
GCAATCATCAGTTGAC-3	0.73672587	0.17466748	0.0	0.05705664	0.0	0.011815457	0.0890099	0.05706749
GCAGTTACACGGCGTT-3	0.6167753	0.12285561	0.0	0.06607028	0.054526284	0.0052497266	0.045921758	0.014272091
GCTTCCATCAAGGTAA-3	0.85020846	0.12919796	0.0	0.0	0.0	0.0	0.035908032	0.021413941
GGCCGATGTCTGGAGA-3	0.73996073	0.13080776	0.029453816	0.021990137	0.0055023376	0.0	0.086998545	0.0064967438
GGCCGATGTGGGTCAA-3	0.555277	0.09894182	0.024613936	0.029992625	0.0	0.002908202	0.062106542	0.012760533
GTAGGCCGTCTAGCGC-3	0.63934404	0.12921056	0.017125104	0.006162674	0.0	0.0076958435	0.05786378	0.03887693
TACGGTACATCGATGT-3	0.70277387	0.15053222	0.0	0.058301672	0.015527985	0.024650685	0.07615405	0.048748292
TACGGTACATGTCCTC-3	0.6907903	0.09975335	0.026665587	0.012691535	0.0	0.0026822563	0.036565017	0.026229
TAGGCATCAAACCCAT-3	0.8248061	0.10578559	0.0	0.060158152	0.021110443	0.0	0.037497923	0.011718422
TGCGTGGGTAGTAGTA-3	0.76764	0.047925472	0.009389036	0.0	0.0	0.0	0.12991652	0.014757637
TGCTACCCAATGAATG-3	0.5908274	0.08499688	0.0013434762	0.033390746	0.0001571879	0.0	0.021846699	0.007228399
TGGACGCGTTACTGAC-3	0.7574725	0.2142607	0.0	0.032082852	0.0	0.0	0.017481064	0.0015460802
TGGACGCGTTCCACGG-3	0.46970204	0.08990974	0.025783345	0.024957767	0.0	0.0036050598	0.023670318	0.014861402
TTGCCGTTCGGCTTGG-3	0.59041643	0.061215717	0.008599023	0.001238721	0.0045547336	0.0004197806	0.07367275	0.027641566
AACTTTCAGAATGTTG-3	0.6142212	0.20628679	0.059338048	0.010221836	0.0	0.00124577	0.031457197	0.0
AACTTTCTCTCTGCTG-3	0.5942522	0.18245034	0.0	0.0	0.023367366	0.0	0.04799942	0.043512277
ACCAGTAGTCATATCG-3	0.505965	0.0075214207	0.011583149	0.0	0.03187286	0.0007621614	0.053929664	0.032733425
ACGGCCACAGATCGGA-3	0.744007	0.15485984	0.0	0.0	0.0	0.0	0.038813006	0.037089907
AGCTTGACAGTAAGAT-3	0.3433677	0.16019043	0.0	0.042548478	0.0109998295	0.0	0.071698554	0.03655692
AGGCCGTGTACTTGAC-3	1.0669692	0.14617588	0.0	0.030893208	0.0	0.00016658945	0.0644389	0.008251463
ATCCACCTCGTCCAGG-3	0.4488984	0.16111326	0.0	0.019996539	0.0	0.0	0.14876398	0.045281734
ATCTGCCCAGCTGTAT-3	0.5964595	0.13914494	0.010672447	0.011260235	0.012523505	0.0	0.037795052	0.02512846
ATTCTACTCTGTTTGT-3	0.54865444	0.19138308	0.015172616	0.02633283	0.0038348997	0.0	0.039011948	0.008050422
CATCGGGAGAATAGGG-3	0.7152404	0.07109698	0.0	0.06141284	0.07278277	0.0	0.04067982	0.0
CCATTCGGTTGCTCCT-3	0.25866544	0.10754221	0.02253265	0.0048314407	0.0	0.0	0.026908472	0.018804863
CCTATTAGTTCCACTC-3	0.6645329	0.118534006	0.0	0.05503446	0.06892478	0.025646375	0.10948931	0.014585447
CCTCAGTAGGGTTTCT-3	0.6566581	0.12259784	0.001555858	0.0	0.0	0.011021958	0.12847699	0.026063537
CCTTCGAGTATTAGCC-3	0.5215404	0.123544246	0.044829004	0.006544111	0.0	0.0047883727	0.030693632	0.033230085
CCTTTCTTCGCAAACT-3	0.43321744	0.12162763	0.0	0.028461039	0.0005118431	0.0	0.040606212	0.018027995
CGCGGTAGTATGAATG-3	0.4089381	0.17269333	0.022270393	0.03173649	0.0	0.013710378	0.07843496	0.022387046
CGGACTGCAATAGCAA-3	0.7066564	0.21028282	0.0	0.04895325	0.0076450566	0.0006426809	0.06556057	0.07462972
CGTGTAACAAGCCCAC-3	0.7503079	0.066010624	0.0	0.0	0.0	0.0	0.024576837	0.112719595
CTCTACGCACGACGAA-3	0.7280271	0.09286163	0.0	0.032439165	0.0	0.0	0.012738486	0.010352943
GACACGCGTCGAAAGC-3	0.43312326	0.11927118	0.0	0.027583595	0.011826868	0.0	0.11709767	0.028658649
GAGCAGACATGGATGG-3	0.5053851	0.038397547	0.08365235	0.074178174	0.033848234	0.0	0.026982483	0.0014504486
GCATACATCTGAGTGT-3	0.45517436	0.13967735	0.020762473	0.01228992	0.0	0.0	0.03186246	2.8113129e-05
GCCAAATGTAGCGATG-3	0.43336263	0.0708996	0.012318415	0.003754745	0.000120688186	0.0	0.016220428	0.010917386
GCTGCGACAAGGACTG-3	0.3702004	0.15597281	0.0	0.0004214883	0.0	0.028897805	0.010200709	0.0045166863
GTAGTCAAGTAGGTGC-3	0.66782606	0.21056539	0.024024758	0.03216992	0.022013409	0.0	0.06568079	0.020453561
GTCACAATCGGCGGTT-3	0.452517	0.08586373	0.041448463	0.011058287	0.0	0.0	0.12161702	0.002140142
TACGGGCCATAGACTC-3	0.5892499	0.14319055	0.0	0.0	0.0	0.0	0.045904975	0.10858129
TCGAGGCTCACCTTAT-3	0.5212893	0.101958096	0.0	0.010401184	0.0005776183	0.0	0.039948545	0.02331118
TCTATTGTCTGCTGCT-3	0.38060617	0.09421763	0.034059364	0.022304896	0.0	0.038669217	0.058296263	0.014657712
TGAAAGATCTGGTATG-3	0.67015713	0.17521393	0.016536396	0.028679192	0.024346482	0.0	0.0785939	0.004812601
TGCTACCGTTCTGTTT-3	0.7293125	0.1880868	0.010909	0.02341527	0.0061480743	0.0	0.017266218	0.012983985
TTAGGCAGTGCACGAA-3	0.58711904	0.23517925	0.030042285	0.015846336	0.008960498	0.0	0.060528215	0.0021729227
TTTATGCGTGTGCGTC-3	0.52418655	0.0868049	0.00882345	0.042278677	0.030030064	0.011149247	0.032949675	0.0075510875
TTTGGTTGTAGTACCT-3	0.4840981	0.04612178	0.026758429	0.03451351	0.0	0.013768287	0.061981555	0.0113722095
ACCGTAAGTGGTACAG-3	0.8389476	0.19240233	0.0	0.026444526	0.0	0.0015647348	0.015280499	0.004156524
AGTTGGTAGTTTGCGT-3	0.52010876	0.11759584	0.0030877632	0.025532326	0.0	0.0	0.05363851	0.006400833
ATCTACTTCTCCCTGA-3	0.43534607	0.10328377	0.00033163384	0.012271088	0.0014817244	0.0	0.049909387	0.002774191
ATTATCCTCTTGACGA-3	0.6022828	0.12788041	0.032512747	0.0	0.0	0.0	0.053920466	0.003385079
CAACCAAGTACAGCAG-3	0.30120173	0.1073398	0.016790442	0.025921961	0.0	0.006075718	0.022694776	0.015673427
CATATGGGTCAGCTAT-3	0.66346455	0.24995185	0.008172738	0.022674866	0.0	0.0	0.0655637	0.021883616
CATCAGAGTATAATGG-3	0.56999284	0.13748002	0.0	0.023294361	0.0033864847	0.0	0.04873702	0.022260746
CATGGCGTCGCCCTTA-3	0.54815924	0.07889864	0.0	0.060481485	0.016215134	0.0	0.11647286	0.0
CCACCTACACACTGCG-3	0.7935114	0.0615571	0.0	0.0057319165	0.02504813	0.0	0.028945517	0.0071620345
CCAGCGAGTTCGGGCT-3	0.48801702	0.08767873	0.024984503	0.10612801	0.028786154	0.006361261	0.04107421	0.0011212371
CGACCTTAGGTCGGAT-3	0.49728373	0.08263528	0.018423637	0.020415809	0.0031777178	0.0	0.015224008	0.006858702
CTAATGGCAGCCTATA-3	0.5537937	0.11532154	0.013186734	0.013815778	0.0	0.0	0.007633135	0.014063745
CTCCTAGCAACACCCG-3	0.5038344	0.15964971	0.004077991	0.03432402	0.015670564	0.0	0.014464455	0.005690106
CTGCCTAGTCTCTCTG-3	0.41391712	0.17930683	0.03980472	0.025164733	0.0	0.008524935	0.032732558	0.0
GATGAAACATCGGTTA-3	0.9190466	0.15090507	0.0	0.009847156	0.0	0.0061329766	0.059311844	0.037751056
GCTGGGTGTTAAGATG-3	0.6595937	0.035962272	0.028611863	0.02657427	0.0	0.0063691973	0.025167122	0.02714291
GGGCATCCACTGAAGG-3	0.73534566	0.2392639	0.004986658	0.014199278	0.0	0.0073164636	0.10880508	0.057641014
GGTATTGTCTTGTCAT-3	0.5246682	0.13162673	0.0077060065	0.020017223	0.0	0.0	0.0244749	0.0041313968
GTAACTGCAAATCCGT-3	0.67166895	0.14305875	0.031192869	0.07976798	0.021528283	0.0	0.02518351	0.0144845825
GTGCTTCGTACGCACC-3	0.4379311	0.0912554	0.03070279	0.039803077	0.0	0.0007967485	0.07255171	0.032793768
GTGTTAGCAAGGCTCC-3	0.7084507	0.18085656	0.0	0.0	0.001995898	0.0	0.032406226	0.028722126
TAGCCGGTCCTCAATT-3	0.58659524	0.035565164	0.037138283	0.010539878	0.0	0.0	0.020953314	0.00635936
TCACGAAGTTCAGACT-3	0.4987207	0.11773099	0.0	0.031543396	0.0	0.0	0.027646737	0.024963098
TCAGCTCCACACATGT-3	0.5139313	0.11214202	0.021733703	0.0103266565	0.00046137275	2.8937955e-06	0.04052645	0.009413959
TCATTTGTCAAACGGG-3	0.41375235	0.13843116	0.0	0.06606143	0.0018940702	0.0	0.03540716	0.007085125
TCGGTAATCATCTGCC-3	0.4175046	0.09962758	0.0	0.0011640225	0.0028417306	0.0	0.025140254	0.008234201
TTCGGTCGTTACCAGT-3	0.5072877	0.09823315	0.032238632	0.01673342	0.0	0.0	0.037220035	0.0023103752
TTGGAACTCCTCGCAT-3	0.8737888	0.18676884	0.0	0.040976238	0.0	0.04099306	0.04853026	0.03829599
CAGATCACACGGATAG-3	0.49065432	0.22357617	0.08924071	0.13435315	0.0	0.0	0.06599168	0.04848415
CTGCTGTTCACATGCA-3	0.503075	0.1913548	0.0	0.020120462	0.0	0.0	0.036559124	0.016895978
CTTGGCTTCTTGACGA-3	0.45658448	0.17082267	0.013847891	0.00049384864	0.0	0.0	0.021811925	0.00019852656
TAAACCGAGTGGTAAT-3	0.69374865	0.21940245	0.044756837	0.03726823	0.0	0.0	0.08612632	0.04296389
CTCATTACAATGTTGC-3	0.57363456	0.08034928	0.022449436	0.0	0.013033051	0.0	0.05413704	0.03832264
GGATGTTCAATAAGCA-3	0.44104016	0.1608691	0.0022203587	0.026485823	0.0	0.0	0.09665009	0.007112083
GGTGTTAAGGGAGTAA-3	0.4102673	0.10730897	0.008098729	0.0021067078	0.0	0.0	0.028116224	0.01705421
TATTACCAGGACACCA-3	0.65730876	0.09379614	0.0059025153	0.0	0.0036506054	0.011777488	0.02905695	0.0033764176
TCTGGAATCGTCCAGG-3	0.55521125	0.14332214	0.017304732	0.0362779	0.021757444	0.0	0.017560262	0.022952093
TGCGCAGAGGTCGGAT-3	0.8756637	0.04409304	0.008500219	0.024601826	0.111227505	0.0	0.04895826	0.0042024897
TGCTACCCAGGGTTAG-3	0.49290952	0.13755485	0.01582107	0.028932994	0.0	0.05432309	0.15650612	0.021510037
AACACGTCACTATCTT-3	0.61718845	0.34193948	0.0205983	0.047969032	0.0	0.0	0.07487684	0.025262728
ACACCCTTCGTACGGC-3	0.3885439	0.11870679	0.0	0.010866556	0.0	0.0063685663	0.07705468	0.008643056
ACATGGTTCAACACAC-3	0.6707056	0.11703462	0.057481024	0.00952693	0.02491725	0.0	0.017686438	0.010231953
ACGCAGCAGGAGTAGA-3	0.60798776	0.16507377	0.003196801	0.022354783	0.0	0.0064261183	0.022983616	0.054277528
ACGGAGACACTTGGAT-3	0.9243563	0.055900365	0.06576082	0.00759271	0.0	0.0	0.0003741599	0.00078484195
AGAGCGACATCGATTG-3	0.4701607	0.06330518	0.0	0.0061136023	0.0	0.0	0.017385967	0.004141785
AGAGCTTGTTACTGAC-3	0.51499224	0.12179853	0.0	0.051788058	0.035073664	0.0	0.09258142	0.008238826
AGGTCCGCATGCTAGT-3	0.5360921	0.13237993	0.0	0.0	0.0	0.0	0.0044839606	0.024550496
ATCATCTAGATGAGAG-3	0.6917334	0.101710975	0.06093214	0.008731352	0.04415957	0.0	0.034454204	0.050283134
CAACCTCAGAGTCTGG-3	0.55217654	0.19440871	0.0	0.010600422	0.0	0.0	0.039253272	0.015195956
CAAGAAATCCCTAACC-3	0.80666155	0.10212038	0.016057115	0.03074008	0.0	0.005932662	0.0454374	0.050107438
CAAGGCCAGAATCTCC-3	0.5576934	0.088325806	0.0073124957	0.019287998	0.00068528025	0.0044209603	0.053459287	0.014532449
CACCACTAGGACCACA-3	0.5254986	0.14278446	0.004493894	0.03224049	0.030544085	0.0	0.063985914	0.016098607
CAGCCGAAGATCGATA-3	0.5270669	0.09584348	0.0	0.015815275	0.0	0.011791148	0.04584484	0.0
CATGACAGTATAAACG-3	0.34142995	0.14337815	0.0	0.030887168	0.0	0.0	0.058212303	0.020676464
CCACCTACACCATCCT-3	0.49451998	0.061948355	0.018389072	0.0	0.0	0.0028142456	0.01938353	0.0210997
CCGGTAGCATCCTTGC-3	0.5893304	0.12698153	0.039074205	0.051027037	0.0	0.0	0.031676292	0.0
CCTAGCTCACCGAATT-3	0.57802236	0.09967294	0.0	0.029304244	0.0118068075	0.0	0.010723128	0.0032720412
CCTATTATCATGCATG-3	0.5974536	0.22755519	0.021015296	0.02551748	0.0	0.023451695	0.116764665	0.024304718
CGAGCCATCTTCTGGC-3	0.358727	0.046595104	0.042002454	0.035217058	0.0	3.197014e-05	0.0510437	0.03459585
CTAAGACTCCGAACGC-3	0.40379024	0.100467086	0.012900189	0.018178338	0.017668359	0.0	0.014610369	0.0031885644
CTACCCATCTGATTCT-3	0.5391237	0.20275855	0.0	0.04664714	0.0	0.013040426	0.03589677	0.0
CTCGAGGCAAGTTCTG-3	0.54824305	0.24170499	0.0	0.05423054	0.0	0.0	0.04571648	0.029030483
CTCTACGCATTTCACT-3	0.47154582	0.25366527	0.0	0.0	0.0	0.0	0.08917398	0.0
CTGAAACGTTGAGGTG-3	0.62420994	0.044533715	0.045838963	0.03404799	0.0	0.0	0.035103656	0.0
CTGAAGTGTAAGTTCC-3	0.30669814	0.095891245	0.02554054	0.031447947	0.008086376	0.0	0.02717325	0.01882605
CTTCTCTCATCTGGTA-3	0.34022805	0.1803412	0.06771529	0.03820632	0.0017091258	0.022537645	0.06426456	0.0
GATCGATAGGCTCATT-3	0.5088998	0.023942426	0.048674017	0.02137396	0.0	0.012224795	0.0066381213	0.0020740097
GGAATAATCCCTCAGT-3	0.6604579	0.096452534	0.046033278	0.00010956379	0.0	0.014786145	0.08864299	0.036834296
GGAGCAACAACACGCC-3	0.7849962	0.12175773	0.0	0.011865341	0.0	0.0	0.11439809	0.025009476
GGAGCAAGTACTCTCC-3	0.5359104	0.08725059	0.0	0.060957655	0.0	0.0	0.078149624	0.07456297
GTATCTTGTAATAGCA-3	0.56702214	0.08099299	0.02008368	0.028088177	0.0	0.0047111465	0.051630974	0.04960089
GTGTTAGTCCATGCTC-3	0.856268	0.12306935	0.0	0.045741253	0.0	0.0	0.03117107	0.02559441
TCAGGATCATATGCTG-3	0.7457749	0.1948751	0.007580346	0.0	0.02223438	0.0	0.04751892	0.0629081
TCATTACAGTCTCAAC-3	0.5437501	0.1980946	0.0045861076	0.02001499	0.0	0.0	0.049620353	0.009458234
TCGAGGCAGGATTCGG-3	0.47090116	0.15340362	0.008213949	0.020340914	0.01586504	0.0	0.09251456	0.010799452
TCGAGGCGTCTGGTCG-3	0.59599704	0.1692118	0.024533566	0.004001523	0.0	0.0	0.047182962	0.022739867
TGAAAGATCGCCAAAT-3	0.75800276	0.16106412	0.009466612	0.071252584	0.028970933	0.022282995	0.032943543	0.017118864
TGACTAGAGACGCAAC-3	0.34883264	0.21781665	0.0	0.015779886	0.0	0.0	0.048122555	0.0
TGAGAGGTCCCGACTT-3	0.70875	0.15965176	0.0	0.04197651	0.0	0.0	0.05115242	0.013460661
TGCTACCGTCTCATCC-3	0.5369324	0.116614446	0.0	0.014480655	0.0	0.007938568	0.04859354	0.08262218
TGGCCAGAGTGAATTG-3	0.5918641	0.15544981	0.0015549875	0.017902723	0.025254475	0.0	0.013275543	0.020443633
TTGCCGTGTCGCATCG-3	0.6830934	0.16644314	0.050851103	0.0	0.0	0.0	0.06742214	0.009486625
TTTATGCTCAGCATGT-3	0.38551274	0.049956482	0.013504379	0.053688478	0.0	0.0	0.07311409	0.048366435
AAATGCCCATCCCACT-3	0.49022645	0.1377679	0.022252416	0.033567075	0.0	0.006954815	0.010513478	0.004813474
AAGGTTCTCGCGTTTC-3	0.45086724	0.104316376	0.009785503	0.028140532	0.0	0.0	0.022956675	0.006403036
ACACCCTTCTTCATGT-3	0.6625179	0.1985716	0.016354665	0.004913438	0.022459265	0.0	0.02503099	0.0
ACACCGGGTCGGCTCA-3	0.41889736	0.025252827	0.09030867	0.07324641	0.0	0.021334032	0.043811858	0.01773048
ACGATGTAGACCTAGG-3	0.5968779	0.08225301	0.028021138	0.030066453	0.0049814763	0.008973833	0.02917927	0.0
ACGATGTAGCCGATTT-3	0.51311827	0.084984004	0.007864548	0.050217405	0.0	0.0	0.037986483	0.006545836
ACTGCTCGTAAGTGGC-3	0.4279712	0.27341017	0.0	0.0	0.025729299	0.0	0.08376545	0.058697924
AGCTTGATCTTCTGGC-3	0.5045985	0.084502704	0.015027666	0.038424335	0.04618629	0.0	0.019121524	0.016665405
ATCTACTTCACTTATC-3	0.39063475	0.11541417	0.0	0.030929543	0.04941582	0.0	0.092107676	0.017371593
CAAGATCGTCGTTGTA-3	0.29438573	0.21071754	0.0	0.040510014	0.0	0.0	0.06481943	0.017818691
CACAAACAGGTACTCT-3	0.30258977	0.1318551	0.010788597	0.0008127292	0.0	0.008429072	0.03356949	0.020101694
CACAGGCCAGTGGAGT-3	0.5248719	0.063401006	0.0	0.01775936	0.018015666	0.012599246	0.045944087	0.026362753
CCACTACGTGGTTTCA-3	0.64999795	0.061855264	0.021442939	0.06536028	0.01003265	0.006211289	0.050050594	0.0
CCTACCAAGGCTCATT-3	0.6164307	0.19875196	0.0	0.021137454	0.0	0.0	0.06449461	0.017404724
CCTATTAGTGTGACCC-3	0.32453096	0.16456114	0.003862257	0.0	0.0077293753	0.0	0.028580798	0.030030256
CGAGCCATCTGGAGCC-3	0.4820275	0.12782893	0.0	0.0298828	0.0	0.00097441906	0.021911263	0.004263863
CGATGGCTCATCGCTC-3	0.28485173	0.33161935	0.0	0.022479469	0.03454882	0.004461152	0.0865563	0.016554968
CTAACTTAGCAATCTC-3	0.7114181	0.15199316	0.0	0.0022493359	0.0	0.0	0.015068292	0.18962145
CTACACCCACAGTCGC-3	0.5107432	0.10266005	0.039027296	0.010092465	0.0	0.0	0.03119996	0.0
CTAGCCTGTCGAGTTT-3	0.61598665	0.08090066	0.022196256	0.026734307	0.0013931704	0.0	0.04426645	0.03308131
CTCACACCATCCTTGC-3	0.8848315	0.102536626	0.019859135	0.12411951	0.0	0.001758807	0.09856362	0.009803986
CTCGTACGTAGGCATG-3	0.36017638	0.11919004	0.0	0.010290828	0.041901324	0.0	0.110406205	0.016525941
CTCGTCAAGAACAATC-3	0.4817995	0.18565473	0.0	0.0	0.052480157	0.0023064958	0.07807366	0.017690878
CTTACCGGTCCAGTTA-3	0.9353826	0.026066408	0.0	0.08677294	0.04278414	0.0	0.037812836	0.00980566
GACGTGCCAAGCTGGA-3	0.30826566	0.12379749	0.039271805	0.0	0.0081811	0.0	0.02192207	0.06391205
GACGTTATCTCTTATG-3	0.4201941	0.18413018	0.0	0.008265808	0.0037321127	0.015606578	0.18867262	0.08076558
GACTACAAGTCAAGCG-3	0.47743598	0.16934824	0.0	0.06011799	0.0	0.005719492	0.04183817	0.03164858
GCTGCGACATGTCCTC-3	0.50535643	0.09444599	0.052952122	0.012695743	0.0	0.003929545	0.06563078	0.04117154
GCTGGGTTCACTCTTA-3	0.6271093	0.1240589	0.0	0.075746186	0.039305698	0.019726606	0.046486203	0.00080617634
GGAACTTTCCTTTACA-3	0.49666163	0.26341733	0.0	0.0	0.0	0.0	0.09056447	0.010756451
GGCGACTTCCGCATCT-3	0.38049	0.16210727	0.0	0.04404479	0.025507422	0.0	0.052939303	0.009323578
GGGACCTGTCTCCATC-3	0.4743527	0.057300407	0.006661335	0.0	0.0	0.0	0.04532544	0.09996898
GGGCATCCACGGTTTA-3	0.6339293	0.29485655	0.03358915	0.15984398	0.0	0.0	0.06591722	0.022570428
GTCACAAGTTCAGCGC-3	0.4898839	0.051526695	0.0	0.04481449	0.0	0.0	0.11802374	0.0071598548
TACAGTGCAGCTCCGA-3	0.5589038	0.30838457	0.0	0.056462128	0.0	0.0	0.079404965	0.010712659
TATCTCAAGTAAGTAC-3	0.34854308	0.20910533	0.0	0.0070539834	0.014637001	0.0	0.04243625	0.0040358827
TATGCCCCACATCTTT-3	0.4613833	0.13512523	0.0	0.047004797	0.061223194	0.0	0.10222681	0.086084895
TCGGGACAGTAGGTGC-3	0.59631664	0.11651518	0.0	0.01565032	0.0	0.0	0.040950134	0.034658242
TCGGTAACATGCATGT-3	0.62485933	0.1487139	0.0047122845	0.00734894	0.0	0.0	0.0492941	0.011909616
TGCACCTTCCCTGACT-3	0.4920547	0.17223532	0.014055566	0.00891019	0.0	0.0	0.042836316	0.018879462
TGCCAAAGTCGACTGC-3	0.32156315	0.18338142	0.0	0.042867944	0.0	0.0	0.027959783	0.0031306539
TGGTTAGAGTATGACA-3	0.723747	0.09806017	0.037925128	0.0014097014	0.0	0.0059095547	0.037013438	0.020118779
TGTGTTTGTCAGGACA-3	0.46753073	0.1985526	0.0	0.014174816	0.0029596356	0.0	0.120046735	0.0030588203
TTAACTCTCAGCAACT-3	0.52687216	0.22004168	0.0	0.06560914	0.008518664	0.0	0.038560957	0.07871821
ACATGGTCAGGACGTA-3	0.302548	0.19703197	0.027341	0.06282377	0.0	0.034298874	0.028201805	0.0015568904
AGAGTGGTCATCATTC-3	0.49834815	0.0067194146	0.04419983	0.023117393	0.0022797743	0.0	0.041588742	0.0022454532
ATAGACCAGTTAAGTG-3	0.666951	0.17980869	0.005269922	0.019727672	0.0	0.009712167	0.088913485	0.0
ATCCGAAAGAATGTGT-3	0.8014407	0.020927522	0.0	0.009488709	0.0	0.0123389475	0.011766199	0.0085619865
ATCTACTGTCACAAGG-3	0.5985535	0.09060003	0.01140437	0.009118754	0.0031444773	0.012975283	0.045867074	0.025343278
CACAAACTCCAGAAGG-3	0.57085335	0.088661484	0.0	0.009668022	0.0	0.0	0.026763303	0.01654259
CTCACACGTAAGTAGT-3	0.64532655	0.19631842	0.0	0.088412665	0.0	0.0	0.07162444	0.023698825
CTGCGGATCGAATGGG-3	0.3773462	0.13138558	0.009875278	0.025107516	0.0	0.018197708	0.022521432	0.016119432
GGCTGGTAGATGCCAG-3	0.43772668	0.12983048	0.026503185	0.019970743	0.01851829	0.0	0.035227604	0.036259778
GGGAATGGTAGCCTCG-3	0.4941799	0.16440506	0.0	0.017221628	0.04104772	0.0	0.027064217	0.023039874
GTAGGCCGTAGTAGTA-3	0.65033233	0.09229372	0.0	0.04689205	0.0	0.0073930644	0.050599363	0.022518793
TCAGGTATCCCACTTG-3	0.29353786	0.17007549	0.0	0.0	0.0	0.0	0.07284258	0.008574243
TCGAGGCTCTACCAGA-3	0.74432576	0.11989653	0.0	0.041073736	0.050381236	0.0	0.13673052	0.0
TGTTCCGAGGCATGTG-3	0.6977172	0.06251477	0.046872232	0.036768597	0.0	0.0	0.0011877989	0.0
TTGCCGTCAATGTAAG-3	0.5429825	0.16041009	0.044746704	0.008162217	0.0	0.0	0.045899794	0.007932071
ACGCCAGGTCGGATCC-3	0.74481666	0.054791167	0.06301136	0.046915185	0.0012637017	0.016519206	0.037527937	0.0
AGCATACCAATGGAAT-3	0.5018408	0.039803494	0.0	0.0067403014	0.0	0.026406607	0.046979625	0.0075791213
AGTGAGGCACTGTGTA-3	0.6593549	0.22021848	0.0	0.04378353	0.025477313	0.0	0.0	0.01563867
CACCTTGCAGGAATCG-3	0.4817721	0.026396146	0.007548692	0.0	0.0	0.04886907	0.08558666	0.036542322
CAGTCCTCAGGAATCG-3	0.45621538	0.0533526	0.01471244	0.0	0.0	0.0	0.028079892	0.03409063
CCGTTCAAGTCCTCCT-3	0.5691248	0.09859053	0.06261482	0.065202005	0.03321541	0.0024448435	0.06374377	0.0
CGTCTACCATGTAAGA-3	0.6033128	0.12147222	0.0	0.0	0.0	0.0	0.0050027766	0.008873471
CTACCCATCAACTCTT-3	0.5999515	0.08629237	0.015219923	0.0031932069	0.01944351	0.0071150833	0.09740736	0.02023152
CTCACACCACCCAGTG-3	0.6324799	0.056848157	0.03979037	0.0	0.0	0.0	0.02083063	0.0047679804
GATCTAGAGACTTTCG-3	0.44393447	0.12360064	0.018251188	0.029489668	0.0	0.0068924106	0.052876826	0.015883965
GATCTAGTCCGCGCAA-3	0.718974	0.17428935	0.0	0.051716708	0.0	0.0	0.058084495	0.033511207
GATCTAGTCGCAAGCC-3	0.60232145	0.27282307	0.0	0.03196825	0.0	0.0	0.025563907	0.042368144
GATGAAACACGAAACG-3	0.58144766	0.107381	0.0156407	0.019476706	0.00028582785	0.0	0.049851816	0.0
GCATGTATCCAAGCCG-3	0.7108651	0.25542057	0.0	0.0	0.0	0.0	0.17752555	0.016672513
GCTGCAGTCCGAAGAG-3	0.71959996	0.08101244	0.0	0.042613123	0.0	0.0	0.07098332	0.023289476
GGCTGGTTCGTGGGAA-3	0.79148585	0.2117787	0.01252951	0.013403597	0.0	0.0	0.034903076	0.003275304
GTATTCTCAGACTCGC-3	0.47515714	0.12111388	0.012469214	0.03293925	0.0051307483	0.020699754	0.037131947	0.0
TAAGCGTAGTACGTAA-3	0.64466214	0.1059013	0.011979648	0.010871018	0.0	0.05687232	0.048697095	0.026030406
TACTTGTTCCGCGCAA-3	0.4148729	0.12224714	0.015784452	0.00825011	0.00987933	0.0015042595	0.010776065	0.016058883
TCCACACCAAGTAGTA-3	0.70820147	0.03882547	0.01185716	0.02787638	0.0	0.0	0.03873972	0.0102523295
TCGGGACTCGCCTGTT-3	0.6912203	0.06886699	0.009720083	0.0	0.056895114	0.0	0.06436972	0.07433248
TCGGTAAGTCCAACTA-3	0.72744226	0.2151347	0.0	0.05403662	0.016888414	0.0	0.06248246	0.004880515
TCTCTAAGTTGCCTCT-3	0.67350864	0.19915168	0.0	0.019375745	0.0	0.021748902	0.03413359	0.044736452
TGAGCCGAGATCGGGT-3	0.6119764	0.20166974	0.0	0.0	0.0	0.0	0.010293546	0.008115679
TGCGCAGCAGATGAGC-3	0.74855584	0.2514714	0.0	0.006145177	0.026283631	0.0	0.065609865	0.029673496
TGGCTGGCACGGCCAT-3	0.38236794	0.14183958	0.015910285	0.019581916	0.0	0.0021250322	0.0473664	0.04001188
TGGGCGTCAGCCTGTG-3	0.6529628	0.23631677	0.026030498	0.050514735	0.0	0.0	0.12990354	0.023909956
TTCTCCTCACAACGTT-3	0.97105205	0.061004683	0.016985299	0.079908594	0.0	0.0	0.017398	0.015285812
TTTCCTCGTACCGAGA-3	0.67167306	0.10418928	0.0	0.027623298	0.10497424	0.03194055	0.0345045	0.046046857
TTTCCTCTCAGTCAGT-3	0.53512263	0.04568875	0.0	0.0	0.018818038	0.0	0.022619037	0.016209103
AAGGCAGAGCGTAATA-3	0.6030971	0.19841662	0.0	0.016752584	0.0	0.0	0.07550877	0.0
ACGGAGATCGAGCCCA-3	0.39519495	0.12564592	0.005769024	0.06536543	0.0	0.0	0.051733304	0.01178965
ACTGAGTGTCAGAGGT-3	0.70953745	0.00743272	0.0	0.0	0.07679088	0.0	0.064319864	0.011253571
AGCTTGACAACCGCCA-3	0.67232937	0.33833635	0.00040508359	0.019114364	0.007686896	0.0	0.07171556	0.015641037
AGCTTGATCTAACTTC-3	0.68475145	0.010871901	0.015536758	0.018742336	0.0	0.0036555503	0.03959139	0.044623274
CACAGGCCAAGACACG-3	0.5130438	0.20292693	0.0	0.010196259	0.006148817	0.0020505497	0.063117735	0.016610721
CACCTTGTCTCGTTTA-3	0.5240963	0.19243477	0.024033675	0.010851892	0.0	0.0	0.009281473	0.023597337
CAGCCGAAGTCCCACG-3	0.4248802	0.076892644	0.024333023	0.0051173656	0.0	0.0	0.01103928	0.0534471
CATCAAGGTTCCAACA-3	0.54363614	0.059945855	0.0162021	0.027189866	0.024290564	0.0	0.043855123	0.013870951
CATGGCGAGGAATCGC-3	0.64859915	0.19461353	0.028614964	0.039344426	0.0	0.0	0.036400862	0.0
CCCTCCTCAGAAGCAC-3	0.38090777	0.102305315	0.03184168	0.029617172	0.0	0.0	0.026041519	0.0229412
CCTATTACAGACTCGC-3	0.44162396	0.22598006	0.10581721	0.03657107	0.0	0.0	0.08798312	0.062520735
CCTATTAGTCCTCCAT-3	0.72787356	0.15704288	0.107610755	0.080903076	0.0	0.013894856	0.027167097	0.0
CCTCAGTCATTTGCTT-3	0.5588669	0.15750003	0.0	0.040512502	0.0	0.0	0.04990486	0.027825592
CCTTCGATCTTAACCT-3	0.7001063	0.24193674	0.0	0.015488258	0.0	0.006523882	0.052768167	0.06949699
CGAACATGTTATGTGC-3	0.74567074	0.030128863	0.011064902	0.0	0.0036387139	0.09274348	0.09652369	0.0051561925
CGATGGCGTCGAGATG-3	0.5206667	0.12007711	0.0	0.04283678	0.0	0.0	0.04015447	0.0026339302
CTACACCGTGATAAGT-3	0.47716695	0.13087195	0.0	0.01274413	0.036645643	0.0	0.03145302	0.005774079
GACAGAGGTTCAGTAC-3	0.8152246	0.19359863	0.0	0.02961415	0.0	0.0	0.060789667	0.019709194
GACCTGGCACCATGTA-3	0.6411797	0.12844749	0.0	0.05957401	0.0	0.0	0.07643349	0.0
GAGTCCGCACAGAGGT-3	0.8844074	0.09438989	0.0	0.04440603	0.0	0.0194116	0.04276282	0.012711731
GATCGATAGACATAAC-3	0.6634142	0.07071115	0.020143395	0.006988162	0.0	0.0	0.016861342	0.008119906
GATCTAGGTCCGTTAA-3	0.69582766	0.0664795	0.0	0.0094332695	0.030206228	0.0	0.077998705	0.020583957
GCGCAACCACTGTGTA-3	0.61501443	0.09775959	0.0	0.07549366	0.0	0.0	0.04185046	0.006714421
GGACAGAAGAGAGCTC-3	0.38403785	0.25382504	0.0	0.05623251	0.0	0.008358707	0.21100852	0.04343919
GGTGTTACATCGATGT-3	0.5698778	0.07332902	0.0	0.03892237	0.020635322	8.8105364e-05	0.08205259	0.015248502
GTGAAGGCATACGCTA-3	0.6622219	0.1898425	0.0	0.0	0.037046097	0.0	0.08988503	0.02279787
GTTCATTAGCGCCTCA-3	0.63760114	0.22425315	0.0	0.0065640113	0.0	0.0	0.045463905	0.055010732
TACTCATCATTCTTAC-3	0.8031274	0.25271928	0.11413848	0.020594753	0.030552458	0.0	0.053085122	0.0
TCAGCAACAATTCCTT-3	0.6470681	0.08028905	0.0	0.024514202	0.0	0.02343763	0.0344984	0.061697416
TCCACACGTTGTGGCC-3	0.49195376	0.09630508	0.013112835	0.013114094	0.051404055	0.039459474	0.033936456	0.010303691
TCTCATAAGTCCGTAT-3	0.49235016	0.087359175	0.0	0.03441429	0.026884027	0.0	0.02491304	0.0
TGAGCCGCATTACGAC-3	0.5660511	0.2566401	0.020192062	0.025477262	0.0	0.0	0.027459536	0.010891731
AACACGTCAGGATCGA-3	0.36710247	0.10766463	0.008454588	0.039612338	0.0	0.019904012	0.011841347	0.0018618819
AAGACCTGTCATATCG-3	0.39582607	0.1009469	0.036858402	0.023003941	0.021093853	0.0	0.022711232	0.002487377
ACCAGTAAGTACGATA-3	0.5468314	0.13637903	0.012123592	0.0	0.0	0.0	0.044355754	0.09166256
ACTGCTCGTGACTCAT-3	0.61880255	0.16320673	0.0	0.026548715	0.010970334	0.0	0.045312013	0.023910547
AGACGTTCAAATACAG-3	0.8655944	0.08753512	0.05402133	0.0	0.0	0.0041190833	0.000275894	0.026766911
AGAGCTTGTCCAACTA-3	0.5472538	0.08204279	0.015015057	0.017825877	0.0	0.020908544	0.023544341	0.01164475
CAGCAGCGTGCAGGTA-3	0.4413641	0.12212128	0.0	0.033123776	0.0	0.0004175502	0.04067781	0.04721426
CAGCATACATCCCATC-3	0.5200517	0.056000814	0.010068413	0.0	0.0	0.0	0.019585488	0.03982665
CAGCTAATCAGCTCGG-3	0.6688481	0.16890997	0.0	0.0	0.0	0.002047517	0.017687432	0.11782563
CATCCACAGTGAAGAG-3	0.31575426	0.25736064	0.0	0.058898788	0.037545513	0.0028003477	0.08914411	0.03690916
CATTCGCCATTTGCCC-3	0.5475777	0.18548039	0.0	0.022485526	0.0	0.0	0.025874933	0.014228688
CCACCTAAGTAAGTAC-3	0.6418702	0.06940589	0.0	0.0015090253	0.0	0.02108991	0.069349244	0.005139563
CCACGGAGTCCAGTGC-3	0.7604208	0.06435734	0.043137413	0.010606187	0.0	0.0	0.0063082874	0.0099284705
CGAGCCATCTTTACAC-3	0.6383956	0.061931286	0.0	0.03735524	0.0	0.0	0.05530625	0.037581522
CGCTATCGTTGTGGAG-3	0.56275374	0.14330094	0.0045562177	0.008034567	0.001037585	0.0	0.008414823	0.013858093
CGCTGGAAGGGAAACA-3	0.40506688	0.18270136	0.0	0.022889636	0.044184003	0.0	0.039774008	0.009872014
CGGACGTTCCGCATCT-3	0.7710326	0.2802233	0.0	0.021657992	0.05530502	0.0	0.041299853	0.002117814
CGGTTAACATTACCTT-3	0.7797645	0.10366078	0.045373194	0.023180015	0.022487933	0.0	0.064223774	0.005295214
CGTGTCTAGCAGGTCA-3	0.7099762	0.13792121	0.0	0.03383998	0.039174262	0.0	0.07406985	0.049241688
CTAACTTTCCCAAGTA-3	0.82049614	0.19210693	0.037617497	0.09220333	0.0	0.008025911	0.09250494	0.0045209266
CTACATTCATATGCTG-3	0.6021286	0.082930535	0.0	0.04545301	0.0	0.0	0.1428133	0.035867747
CTCCTAGCAAGTCATC-3	0.7356748	0.15404041	0.019620016	0.05236423	0.0	0.0	0.029067561	0.014695064
GAACGGATCCGCATAA-3	0.36077598	0.14629996	0.005077869	0.10166637	0.0	0.04055089	0.0436281	0.021020748
GAGCAGACAAGCCTAT-3	1.0294051	0.1324943	0.0	0.012232778	0.0	0.0014651152	0.039076757	0.0
GAGGTGATCCTCATTA-3	0.6964574	0.12748355	0.0	0.049701944	0.0	0.0	0.055103622	0.00319688
GATCGCGAGATGAGAG-3	0.6009987	0.15785299	0.005751777	0.011918093	0.0	0.01977464	0.04571126	0.018147642
GATGAGGAGATGAGAG-3	0.8043093	0.14975113	0.05004133	0.009716223	0.0	0.011207453	0.051940218	0.0038669547
GCACATAAGTTCGCAT-3	0.6707626	0.12442133	0.0	0.050054714	0.0026193901	0.009463827	0.021358164	0.0041744355
GCTGCTTTCGCCTGAG-3	0.43698946	0.12513788	0.02008665	0.013485039	0.0	0.0020748526	0.022934351	0.014308435
GGTATTGCATCGATTG-3	0.64132136	0.09187075	0.0	0.03492538	0.0	0.0	0.057368528	0.007265393
GTAACGTAGCAGGTCA-3	0.45351717	0.1967649	0.0010846835	0.0	0.0	0.0	0.03439691	0.02984275
GTAACTGGTGACTCAT-3	0.29675168	0.09888475	0.04363438	0.006300509	0.0	0.0024288679	0.057500627	0.01743644
GTGCATAAGGCTATCT-3	0.57466096	0.05002034	0.0	0.016428754	0.0043998137	0.003931593	0.05850054	0.029024567
TACGGGCGTCTACCTC-3	0.5909763	0.05265515	0.008349175	0.008518898	0.0	0.0006037401	0.01426232	0.0034175664
TACTTACTCCGGGTGT-3	0.7024557	0.24145785	0.028600078	0.025519947	0.0	0.00017702472	0.09696999	0.017018326
TAGCCGGAGTACGTAA-3	0.51484066	0.16170034	0.0	0.0674536	0.0017191806	0.0	0.04429782	0.08523588
TAGTGGTGTTCCACAA-3	0.6226897	0.0907337	0.0067330347	0.03215396	0.0	0.009114293	0.018407188	0.009693874
TAGTTGGAGTAACCCT-3	0.5581417	0.09705209	0.01043595	0.023231128	0.0	0.0	0.035082046	0.09060396
TCCACACGTAAGTTCC-3	0.45806175	0.12498101	0.0	0.012222998	0.0014022663	0.015569279	0.0851763	0.05874015
TCGGGACCAGGATTGG-3	0.6408997	0.025036732	0.03250228	0.054326337	0.0	0.0	0.015701463	0.0
TGAGCATAGAACTGTA-3	0.582226	0.11831581	0.0	0.067758955	0.0	0.016348127	0.06455772	0.07050222
TGAGCATTCGCAAACT-3	0.59630126	0.1908712	0.036337413	0.11017553	0.0016543684	0.0	0.21940763	0.06042371
TGCCAAATCAGAGCTT-3	0.67978454	0.18309586	0.0	0.017950922	0.0	0.0	0.02157736	0.0074622263
TGCTGCTGTCTAGTCA-3	0.7051689	0.1539092	0.0045210538	0.02621862	0.0	0.006605338	0.06469687	0.030774137
TGGACGCGTGCCTTGG-3	0.5381211	0.22377345	0.011213701	0.008054147	0.02038634	0.0	0.06065817	0.02655973
AGCTCCTAGCGAAGGG-3	0.56155413	0.12535104	0.0	0.033963498	0.0	0.0	0.05487029	0.0015531947
AGGGATGCAGATCTGT-3	0.4922376	0.09569588	0.011383336	0.012302301	0.0030686005	0.0	0.044247486	0.023662338
CTCATTACAGCCTTGG-3	0.83383936	0.06005356	0.032012798	0.0	0.0	0.0063584736	0.03104122	0.026224837
CTTCTCTTCGTCCGTT-3	0.52384657	0.2109057	0.0	0.044325877	0.023691112	0.0003981306	0.0862053	0.011198462
GACCAATCAGACGCTC-3	0.57899195	0.092216484	0.0	0.07686558	0.0	0.0	0.03880843	0.015324862
GGGACCTAGGACCACA-3	0.6971482	0.18256806	0.0	0.008419846	0.0	0.014050412	0.058487795	0.016489984
TATTACCGTGGGTCAA-3	0.6421871	0.021492258	0.00987233	0.0413501	0.012297386	0.0	0.0401759	0.033342022
TTTCCTCCATGACGGA-3	0.39809188	0.1492155	0.016624987	0.009140369	0.0	0.0	0.00043851972	0.0291189
ACACCAAAGGTGTGGT-3	0.6599558	0.1164001	0.0	0.0053458796	0.0053280657	0.0143669695	0.09193401	0.008466164
ACACCAATCTGGTGTA-3	0.5826368	0.055958338	0.0	0.03942644	0.0	0.0	0.022875117	0.01665114
CACCACTGTTCATGGT-3	0.67732453	0.081559815	0.019935079	0.005768257	0.0	0.0	0.019366378	0.0
CAGTAACTCTCTGAGA-3	0.48507783	0.2107709	0.0	0.0	0.0	0.0072560306	0.051702667	0.06820259
CTTAACTGTGATGTGG-3	0.52682155	0.08131827	0.0	0.1024081	0.01674455	0.0	0.07909033	0.04912438
CTTCTCTGTATGAAAC-3	0.41403118	0.19159211	0.006345586	0.013939169	0.0	0.0	0.088332705	0.0041261106
GCAATCATCGGCATCG-3	0.8042281	0.16040617	0.0	0.04420306	0.0	0.045304798	0.14668389	0.012557183
GGCTCGATCTTCATGT-3	0.32627678	0.3033884	0.0	0.028625831	0.029932985	0.0	0.05614526	0.027411811
TCACAAGCACATCCAA-3	0.3962149	0.11984413	0.031563424	0.03780047	0.0027316557	0.0	0.042150956	0.00019607344
TCCACACCAAGTAATG-3	0.46970692	0.1100376	0.02865752	0.06175341	0.0	0.0	0.07760739	0.016432509
TGGCTGGAGAGGTTGC-3	0.49040875	0.3496403	0.0041580456	0.026414154	0.0	0.016060948	0.105445676	0.040146094
TTGCCGTAGGTAGCCA-3	0.6648441	0.033523537	0.0	0.03211215	0.044587582	0.0	0.026773376	0.0
TTTATGCCAAGTTAAG-3	0.626931	0.18842424	0.011121179	0.011661023	0.0	0.014118048	0.08082997	0.025755106
CGTTAGACAAACGCGA-3	0.35170048	0.080660455	0.0	0.0	0.0	0.060051527	0.041571572	0.052975506
CTCGTACGTAAGGATT-3	0.3716581	0.11527799	0.0	0.042825762	0.0	0.003782009	0.052766517	0.018023573
AGAGCTTTCCTTCAAT-3	0.2020033	0.017311148	0.0	0.0	0.00796291	0.009153027	0.01992738	0.06941336
CTAATGGAGCTAGTCT-3	0.100154765	0.0	0.0	0.0	0.0	0.0	0.012852993	0.0606646
CAACCTCGTGCCTTGG-3	0.18860467	0.030786458	0.0	0.02590073	0.0	0.0048223073	0.014178844	0.02922908
ATCCGAAGTGCACTTA-3	0.30062205	0.027789203	0.0	0.0	0.0	0.003239917	0.041793007	0.09886913
CCTTACGCAATCTACG-3	0.16017437	0.0019752765	0.0	0.0	0.010040186	0.0095054805	0.028141346	0.048152428
GACTACACAAAGGAAG-3	0.18013962	0.027286101	0.011915725	0.004374936	0.0063585835	0.024039285	0.020405717	0.047865994
TTAGGACCAAAGCAAT-3	0.2842372	0.008520495	0.0	0.0	0.0	0.01282237	0.031520233	0.05861008
AAAGCAATCCTAGTGA-3	0.33751512	0.02291334	0.009161175	0.0	0.0073994193	0.012647768	0.03666755	0.042901944
AACACGTCAGACTCGC-3	0.2885988	0.017485794	0.0	0.0	0.0020634646	0.013148337	0.016369715	0.056629978
ACGCCGAAGTCATGCT-3	0.15724155	0.0049969456	0.0	0.0	0.0	0.006231628	0.028984	0.056622826
ATTGGACCAGCTATTG-3	0.27496806	0.026314003	0.0	0.0	0.0075152256	0.0	0.023478583	0.0819095
CATTATCCAACGCACC-3	0.3300325	0.042237353	0.0	0.0	0.017968886	0.0	0.02797952	0.10379
CGATTGACAAGGGTCA-3	0.16830622	0.0018476413	0.0	0.0	0.0033248274	0.006129353	0.024192348	0.053679537
CTACATTGTTGTTTGG-3	0.21095464	0.026521303	0.0	0.0	0.0003024042	0.0	0.026346205	0.06761041
CTGGTCTAGTCACGCC-3	0.27076158	0.016296035	0.007772905	0.0019515257	0.0	0.005790587	0.023072636	0.03966455
GAACATCTCTGTTGAG-3	0.28866985	0.0027382374	0.0	0.0	4.9292965e-05	0.013930986	0.045202207	0.09066784
GACTGCGGTGACGCCT-3	0.10987646	0.0	0.0	0.0	0.0	0.008317776	0.09833739	0.054686043
GATGAGGAGGTCGGAT-3	0.1307303	0.0056740157	0.0	0.0	0.0	0.00491314	0.01019486	0.046111897
GCTCCTATCGATCCCT-3	0.327739	0.02678622	0.0017900104	0.0	0.014291783	0.010111981	0.031084508	0.063921295
GTTAAGCCACGGCTAC-3	0.1321617	0.0044026277	0.0	0.0	0.0	0.0027778924	0.016466675	0.046248198
TACTTACAGCTTTGGT-3	0.28314406	0.03484007	0.011391395	0.0	0.008407791	0.015126477	0.041783396	0.06630307
TAGGCATGTATTCGTG-3	0.23164107	0.020577865	0.0	0.0	0.0	0.0013206969	0.02202218	0.08623148
TCTCATAAGAGTACCG-3	0.19297466	0.022860987	0.0	0.002696066	0.0028745048	0.0019877485	0.0761461	0.03803689
TCTCATAAGTGGTCCC-3	0.29875675	0.018118745	0.0	0.0	0.0	0.012564891	0.14663233	0.15018244
TCTCTAATCCGTCATC-3	0.28953475	0.023984678	0.0	0.0	0.015582657	0.016768657	0.034460817	0.07124107
TGACTAGGTGCTTCTC-3	0.12239814	0.0	0.0	0.0	0.0036035983	0.0046494864	0.02150449	0.026247287
TGAGCATGTCGGATCC-3	0.20516828	0.016255144	0.0	0.00018206447	0.0	0.0022057232	0.025860485	0.031509437
TGGTTCCCATTAACCG-3	0.19792998	0.01606254	0.0	0.00031108793	0.0	0.006414253	0.028174603	0.03693544
TGTTCCGCATCGTCGG-3	0.21038517	0.018953418	0.0016682096	0.005201791	0.01110608	0.0	0.016253512	0.027993115
ACACCGGCACCATCCT-3	0.33701238	0.021343669	0.0	0.0	0.0077509847	0.0	0.040297806	0.12201795
GACTGCGAGCTGCAAG-3	0.2894823	0.008040863	0.0	0.0014024766	0.013971365	0.0031961773	0.040213343	0.041456882
TAAGCGTTCCTTAATC-3	0.26876724	0.104907416	0.0	0.08605351	0.10694501	0.014839953	0.023070637	0.07668527
TCAACGACATAGGATA-3	0.07132532	0.028525745	0.0	0.0	0.0008655314	0.0055495477	0.052286614	0.048909135
CGCGTTTGTATCACCA-3	0.60329235	0.035980247	0.0	0.0	0.025841638	0.0	0.018779678	0.04159728
AAGCCGCTCGTACGGC-3	0.9355439	0.025984855	0.0	0.03704382	0.0	0.0	0.021298593	0.0
TTTGTCATCTTGTACT-3	0.76237464	0.04499087	0.0	0.0	0.033449594	0.0	0.0	0.0150661245
AGAGCTTCACGCCAGT-3	0.5799436	0.0281529	0.0	0.022230906	0.0	0.03685585	0.019052569	0.017474964
CGGAGCTGTGCGGTAA-3	0.651203	0.004501861	0.0	0.0	0.0	0.014933917	0.08179522	0.092286415
GGCTCGAGTGCACGAA-3	0.76218414	0.06071877	0.0	0.0040649218	0.028685238	0.0	0.001645449	0.03393871
AAAGATGCATGCCCGA-3	0.79996085	0.08418923	0.0	0.0	0.012507944	0.0	0.0029829922	0.018132469
AACTCCCCATGTTGAC-3	0.7098595	0.02247862	0.0	0.021652538	0.019465383	0.0	0.03463973	0.012175231
CGGTTAAGTGCCTGTG-3	0.8894966	0.05475834	0.0037543233	0.0015243874	0.0	0.0	0.0	0.0073735565
CGTCAGGTCTCAACTT-3	0.7321934	0.076182984	0.0	0.015324459	0.010382029	0.0024598234	0.011962289	0.018645993
GCTGCTTCAGCCAATT-3	0.9581613	0.0	0.0	0.06074988	0.020845437	0.0	0.05473452	0.013233941
GGCAATTCATCACGTA-3	0.6835395	0.052152447	0.0	0.0	0.010735769	0.0	0.011113406	0.03474622
GTACTTTCATTGGCGC-3	0.6812258	0.027218439	0.0	0.0	0.05002864	0.0	0.011998071	0.0
TACGGATTCGGCCGAT-3	0.825858	0.075520284	0.0	0.0043033883	0.0	0.0	0.03432527	0.021017915
TACTCGCGTAATTGGA-3	0.65178484	0.07902662	0.0	0.008453031	0.012380929	0.0019082597	0.013435206	0.025601622
TCAACGACAAGAGTCG-3	1.0519197	0.050975434	0.0	0.011582854	0.004698715	0.033272613	0.04149479	0.0154690435
TGTGTTTGTAGCGTAG-3	0.8225642	0.07481454	0.0	0.0	0.022717714	0.0	0.0	0.024721537
TTAGGACAGTGCGTGA-3	0.81703156	0.08175771	0.04356557	0.0	0.0018422146	0.0	0.054951135	0.0072113313
ATCCGAACAGATAATG-3	0.6996821	0.05252965	0.0	0.0043182443	0.009980697	0.0	0.037134916	0.026965607
ATCTACTTCGTGACAT-3	0.80873513	0.047667846	0.0	0.0135047315	0.0	0.014860425	0.0047190487	0.013755002
ATTACTCGTGTTGGGA-3	0.74903125	0.027926372	0.013140374	0.0005839303	0.048705455	0.018975655	0.13131602	0.008316505
CCAATCCGTCTCCCTA-3	0.62317806	0.01173796	0.010129419	0.0	0.009540807	0.0	0.03729277	0.0031745678
CTACACCAGGAGTCTG-3	0.6614361	0.015082174	0.0	0.0	0.0	0.012169082	0.025564393	0.024554485
GACTGCGGTACGAAAT-3	0.8891547	0.0	0.0	0.010788756	0.012440114	0.0	0.0027640206	0.0
GATCTAGAGGTGATAT-3	0.9442296	0.0	0.0	0.004244565	0.017807664	0.0	0.061215796	0.021856202
GTACTCCGTGATGTGG-3	1.1085079	0.05602575	0.0	0.0	0.009581762	0.0	0.04316192	0.051973253
GTCAAGTTCGTCACGG-3	0.979152	0.087093644	0.049869545	0.0	0.0	0.011352256	0.018622609	0.014223094
TCACGAAGTTCGCGAC-3	0.8146466	0.06065587	0.022697955	0.007382679	0.0	0.0027284455	0.048708588	0.03786768
TCCCGATCAACCGCCA-3	0.7178596	0.0051265564	0.0	0.0	0.0021079401	0.0	0.009021883	0.011037526
AACTCAGTCATGTAGC-3	0.8754907	0.034175746	0.0	0.019104416	0.0042598736	0.012703294	0.037195817	0.0071212645
TGTCCCAAGGCCCTTG-3	0.7730219	0.027675921	0.0	0.00076080323	0.008343209	0.027167864	0.01110798	0.005356703
TTAACTCAGGATATAC-3	0.51804405	0.04607312	0.0	0.008856914	0.0	0.008105997	0.008386184	0.0051637436
CGGAGCTGTATTCGTG-3	0.7826884	0.0	0.0	0.0	0.03943313	0.00989435	0.043604005	0.00021267853
GACTGCGAGGCGATAC-3	0.8442134	0.07237147	0.0	0.0009431324	0.012285569	0.0072546527	0.05702158	0.033526808
GATCTAGGTAGCTGCC-3	0.9925369	0.039731115	0.053298753	0.047701124	0.0058542243	0.07942829	0.03814315	0.015932078
CCCTCCTAGTGTTTGC-3	0.5635377	0.062909536	0.0	0.021682283	0.0	0.0109409895	0.025115753	0.011445048
ATCTACTAGACCGGAT-3	0.58636916	0.045268156	0.0	0.0	0.012509873	0.0	0.01055576	0.016192213
CCTAAAGAGGGTCTCC-3	0.8381391	0.047163993	0.0	0.0	0.028307581	0.0	0.08066428	0.0064163604
CACACTCTCATCTGCC-3	0.7650371	0.034184944	0.0	0.0	0.0	0.0	0.033662144	0.0
TAAGCGTGTTAAGTAG-3	0.6490853	0.0	0.0	0.0	0.0	0.007820063	0.0	0.021609781
AGATCTGAGCTGAACG-3	0.88256663	0.038022216	0.0	0.0	0.009186386	0.016867343	0.08876158	0.03509052
ACGTCAAAGCGGCTTC-3	0.73268276	0.10802825	0.0	0.0062337723	0.01549654	0.009182427	0.03364913	0.023907334
CGGAGTCTCACAGGCC-3	0.6132121	0.06305275	0.012298352	0.0038487883	0.0	0.005619667	0.008174239	0.0
CGTTAGAAGACCTAGG-3	1.0151813	0.011939947	0.0	0.0	0.0010337728	0.0	0.027950063	0.01956936
GTGCGGTTCCGCGGTA-3	0.76735955	0.06651899	0.0	0.018746179	0.01244106	0.007952189	0.0075623677	0.0
TTGAACGCACAACGCC-3	0.7682591	0.07936757	0.008174604	0.0	0.023270702	0.00097150763	0.03246412	0.030009834
AAATGCCTCATGCATG-3	0.7761533	0.038463168	0.0	0.0	0.03698627	0.0	0.029735822	0.026881404
AACCATGCACGGCTAC-3	0.7959427	0.06117452	0.005759865	0.045478724	0.0	0.0018837777	0.00787187	0.0244181
ACGCAGCCATGCCTAA-3	0.6301652	0.09491198	0.0	0.0	0.0	0.0	0.037370775	0.05717336
AGGGTGACACCTATCC-3	0.6205438	0.043462224	0.005534424	0.0	0.005888935	0.014833019	0.019072961	0.027287276
ATTGGTGGTTAGGGTG-3	0.7406523	0.020824676	0.0	0.0008078569	0.0	0.0	0.009903877	0.15708429
CACAAACAGATACACA-3	0.91506094	0.054024745	0.0	0.0036969932	0.019725058	0.0	0.013044538	0.018769922
CACCACTTCGCATGAT-3	0.5661005	0.079442784	0.0	0.033165753	0.0265333	0.0	0.0052996245	0.011506548
CAGTCCTGTCTAGCCG-3	0.9332917	0.12023334	0.0	0.007302417	0.032483384	0.0	0.03325988	0.016365802
CCGTACTAGGCTCTTA-3	0.79202443	0.10598551	0.0	0.030342072	0.014395345	0.0075997366	0.054832026	0.03229297
CGGACGTGTGATGATA-3	0.7479582	0.0	0.0	0.0	0.010807545	0.0007020373	0.019054968	0.013984247
CTAATGGGTGCTGTAT-3	0.8119666	0.03906291	0.0	0.0	0.003978004	0.0077021006	0.02282438	0.007996242
GACCTGGCAATGGATA-3	0.8924956	0.0043695346	0.0	0.0	0.02266703	0.0	0.02449993	0.052761268
GAGGTGACAAGCTGTT-3	0.80096644	0.1596048	0.0	0.001799058	0.0019242335	0.0	0.0	0.040458173
GTATTCTCAAGCCGCT-3	1.013589	0.027220363	0.0	0.0	0.0049716653	0.011822028	0.049217124	0.0154506685
GTCACGGAGAGTGAGA-3	0.53185725	0.11657702	0.044112206	0.019319607	0.020345498	0.0	0.020543223	0.010481173
GTGCTTCTCGGCGGTT-3	0.9285798	0.045045916	0.0	0.01707782	0.0076251333	0.0	0.014999914	0.0097975945
TCTCTAAAGTCACGCC-3	0.69427264	0.19038841	0.0	0.0	0.0	0.0	0.0	0.11008815
CGAGCACAGGGCTTCC-3	0.51745015	0.017444972	0.0	0.012309198	0.001075566	0.0	0.11216764	0.012790832
GAAACTCAGGGAACGG-3	0.76128566	0.020916251	0.0	0.0	0.0	0.0	0.08641215	0.007196299
TGGCTGGTCATATCGG-3	0.8088495	0.039070368	0.0	0.0	0.0	0.0017652715	0.014902016	0.01852648
AAGGTTCCATCCGTGG-3	0.928326	0.03546486	0.0	0.0	0.0018354286	0.018396288	0.061070915	0.015943196
ACCCACTAGTCGAGTG-3	0.85727966	0.0408021	0.0	0.0076359664	0.023333926	0.017862415	0.013144411	0.00859701
AGCGGTCAGGCTAGAC-3	1.03551	0.02458323	0.0	0.0	0.014402743	0.0	0.027672693	0.017375624
AGCGTCGGTCGCTTTC-3	1.2413204	0.0	0.0	0.0	0.0	0.04973222	0.027372604	0.0023284624
ATGCGATAGTACGCGA-3	0.70319915	0.117011175	0.0	0.00045607454	0.04100354	0.0	0.03973897	0.023750797
CGAGCACTCCACGTTC-3	0.8793903	0.07941329	0.0	0.0047675683	0.028289963	0.0	0.058450952	0.0038948709
CGATCGGCAAATTGCC-3	0.88279504	0.059596732	0.002556481	0.0	0.00014357369	0.0	0.017078342	0.008113999
GGGTCTGAGGCCGAAT-3	0.6651789	0.09085871	0.0	0.0	0.02978991	0.01219911	0.051554054	0.016847096
GGTGTTATCAGGCAAG-3	1.0664486	0.058906257	0.0	0.0	0.018457346	0.010778556	0.117516495	0.0035774533
GTAACGTTCCCTCAGT-3	0.7289425	0.07558318	0.0	0.0	0.0	0.0	0.004771881	0.0067996904
TACCTTAGTGACGGTA-3	0.8827973	0.043616205	0.0	0.06373621	0.006951253	0.0	0.117152736	0.037080854
TGTTCCGGTGAACCTT-3	0.8750128	0.09127095	0.0	0.037845455	0.0	0.06678989	0.17096992	0.011110764
TTCGAAGGTTGTCTTT-3	0.683205	0.01981493	0.012166388	0.0	0.017056368	0.0	0.012703176	0.006818242
ACAGCCGGTTAAAGAC-3	0.7535708	0.09488708	0.0	0.0	0.0	0.0	0.13538186	0.014464322
TAGTTGGCAGGACGTA-3	0.6769455	0.09431663	0.0	0.0	0.013704653	0.0	0.024404142	0.0026101992
AACTTTCTCAGTTTGG-3	0.7239223	0.0	0.0	0.009572232	0.0	0.040441345	0.023425708	0.021031536
ACACCCTGTGTGACCC-3	1.082937	0.0103119835	0.0	0.0	0.015715504	0.003994892	0.096440725	0.019782951
ACACCGGAGAAGGCCT-3	0.60273623	0.012547425	0.0	0.0	0.0	0.004176934	0.0243936	0.0052215895
AGATCTGGTCGGATCC-3	1.0947468	0.00717894	0.0	0.028379092	0.0	0.009249231	0.049202845	0.013945711
AGGCCACCAGTGGGAT-3	0.92068255	0.0	0.0	0.020025145	0.0527762	0.0	0.085489266	0.0012732228
ATTGGACCAAGGACAC-3	0.9916193	0.034710106	0.0	0.061678242	0.0	0.0014698282	0.04529153	0.014480595
CATCAGAAGAGCTTCT-3	1.2170876	0.10320564	0.0	0.0044010733	0.0	0.0017419559	0.05974034	0.036336377
CGACCTTGTAAGAGGA-3	0.57341826	1.2539861e-05	0.0	0.0	0.0	0.0	0.0021667809	0.025322534
CGAGCACCATGTTGAC-3	0.84911096	0.019323917	0.0	0.009678751	0.032195214	0.0	0.03053125	0.00396687
CGAGCCATCCATGAAC-3	0.9854994	0.088861406	0.0	0.0075016045	0.08072324	0.020854924	0.1978812	0.021959985
CGCGGTATCACAACGT-3	0.57705957	0.26197773	0.0	0.008995286	0.003114245	0.0	0.11925558	0.0
CGGAGTCCATGACGGA-3	0.6518928	0.023948941	0.0	0.0011442963	0.0039416673	0.0	0.035202548	0.008215899
CGTAGCGGTAGAGCTG-3	0.82313323	0.03182467	0.0	0.0	0.0	0.0	0.065303154	0.02205037
CGTAGCGGTTGAGTTC-3	1.2273977	0.017537575	0.0	0.0	0.0	0.0	0.08140348	0.029778281
CGTCCATAGGTGACCA-3	1.069618	0.0	0.012980993	0.0	0.0	0.0	0.017184408	0.0
CGTGTAAAGCGTAATA-3	0.7557348	0.06072257	0.0	0.0027734316	0.0	0.008144991	0.030218067	0.002522188
CGTTGGGGTCGCGAAA-3	1.1852189	0.0	0.0	0.041413933	0.02624091	0.0	0.056342233	0.007820427
CTTAGGAGTAAATGAC-3	0.9865766	0.0	0.0	0.0	0.0	0.0	0.05033405	0.0
GACTACAAGCGACGTA-3	0.9966434	0.0	0.0	0.0	0.008819634	0.0	0.023636172	0.0
GATGAGGAGAACAATC-3	1.0499774	0.0570652	0.0	0.02122189	0.0	0.0	0.035399836	0.019864602
GGACATTCACCAGGCT-3	1.2049714	0.0	0.0	0.0	0.0	0.0	0.15200143	0.017378416
GGACGTCCATAGACTC-3	1.0904483	0.054086056	0.0	0.0	0.0015079199	0.0	0.054892004	0.010391105
TACGGATAGATCGGGT-3	0.6283331	0.013076916	0.0	0.0	0.0	0.036594138	0.0437399	0.028704071
TAGTTGGTCTGGTATG-3	0.6494722	0.0	0.008235178	0.0	0.0	0.003425834	0.08848977	0.032975174
TCACAAGAGGCAGGTT-3	1.3133839	0.077857144	0.0	0.0	0.0	0.0	0.18967532	0.0
TGAAAGACAGGTTTCA-3	1.117689	0.063913964	0.0	0.0	0.0	0.0	0.045101494	0.012150879
TGACAACTCGTTTAGG-3	0.7174014	0.0036285245	0.0	0.0	0.0	0.021263845	0.09297795	0.02027638
TGAGCATCAACGATCT-3	1.213967	0.14007668	0.0	0.03429259	0.031492244	0.004325572	0.06247778	0.006939852
TTAGGACTCCACTCCA-3	1.0651612	0.0	0.0	0.001079631	0.016448325	0.0	0.07917762	0.021049716
TGCGGGTCAACTTGAC-3	1.3814601	0.0	0.0	0.0	0.0	0.0	0.13206851	0.017545208
CGAGAAGTCAGTTCGA-3	0.9065073	0.15026753	0.0	0.0	0.060967434	0.0	0.07142382	0.10889337
CGGTTAACAAGTCTAC-3	0.7144504	0.0	0.029723119	0.055715308	0.13928564	0.0067859697	0.26331684	0.043583676
GCATGTAAGGAGTACC-3	0.7964666	0.09060177	0.0	0.0	0.037457056	0.0	0.04604119	0.007898023
TAAACCGTCGCCGTGA-3	1.0550382	0.028267715	0.0	0.0	0.012652485	0.0	0.0019468139	0.0061601317
CTGGTCTCAGGGATTG-3	0.8508469	0.034485094	0.0	0.009047879	0.023065016	0.006248054	0.049772277	0.016575197
CTCGAAAGTCTAGAGG-3	1.0500152	0.030256081	0.0	0.0	0.0050917165	0.0	0.08320151	0.0
GGATTACCATGGAATA-3	0.9619466	0.012389443	0.0	0.018602423	0.013883106	0.0	0.10817566	0.0
AGTGTCAGTACAGTGG-3	1.2601569	0.07954533	0.003738766	0.027848437	0.002339111	0.0075871623	0.039685413	0.00013968007
GTAACTGAGCACCGTC-3	0.635641	0.04508954	0.0	0.0	0.0	0.031595293	0.0	0.015002689
CGTCAGGTCTTATCTG-3	0.7744926	0.032111585	0.0	0.0046343696	0.0043819514	0.0034281292	0.027600698	0.0022652606
ATCTGCCTCTCTTGAT-3	0.53202206	0.012723262	0.0090853665	0.001475912	0.006430008	0.0	0.078373745	0.015385724
CGTAGGCAGTTTGCGT-3	1.4799541	0.10405793	0.0	0.0	0.0	0.0	0.00555593	0.005150975
TGGTTAGGTGGACGAT-3	0.7047032	0.057635833	0.037680615	0.006079794	0.0	0.018152928	0.16487344	0.00902118
GGATTACGTGTGACCC-3	1.0724597	0.07107484	0.0	0.033172056	0.0	0.03225922	0.0	0.041672874
AGATCTGGTAACGCGA-3	0.866914	0.07661427	0.0336172	0.013112866	0.0	0.0	0.026194908	0.004450459
CAACCAAAGACAAAGG-3	0.53541636	0.056389235	0.0	0.0036549226	0.0	0.0	0.0060667493	0.014691123
CCGTGGAGTAGCTCCG-3	0.5263391	0.027442582	0.01800385	0.0	0.0	0.0	0.017910056	0.014032585
GACAGAGGTCGGCTCA-3	0.8506859	0.024848858	0.0	0.008075993	0.0	0.0	0.002158932	0.0
GAACGGAAGCTCAACT-3	0.8188631	0.047932453	0.00677758	0.040871065	0.029199641	0.0	0.0064437804	0.04928102
TACACGAAGTTAGCGG-3	1.0803919	0.0	0.0	0.026378408	0.0	0.0099467505	0.0	0.05575657
CTTAACTAGCGTAATA-3	0.9482921	0.0186993	0.0	0.0	0.0	0.0	0.096367516	0.048669476
GTGTTAGTCTACTTAC-3	0.89827365	0.026713131	0.0	0.047183637	0.0564542	0.0	0.051235538	0.03539206
ACATGGTTCACCGTAA-3	0.7560751	0.052394535	0.0	0.010376604	0.0	0.00083100115	0.01130244	0.005303236
ACGGAGATCTGCAGTA-3	0.80425066	0.0	0.0	0.047790617	0.0	0.015338079	0.0	0.0
AGCAGCCAGCTGAACG-3	0.864453	0.0137115	0.0	0.021161772	0.0	0.0	0.02762933	0.019212766
AGTAGTCTCCTTGGTC-3	0.7758025	0.026143622	0.0	0.028298292	0.003992123	0.00060405885	0.0074780975	0.0023778516
AGTGAGGTCGCTTAGA-3	0.7682077	0.06574862	0.013664327	0.013960521	0.0	0.0	0.01911961	0.001920601
AGTGTCAAGCGATATA-3	0.8800999	0.021909203	0.0	0.03668461	0.0	0.0	0.10148648	0.002802334
AGTTGGTAGTCAAGGC-3	0.8059656	0.050936494	0.0	0.040473305	0.0	0.0	0.014483054	0.02879118
CAAGGCCCAGGTTTCA-3	0.64226305	0.0	0.0	0.0	0.0	0.0006189812	0.023078853	0.0027063093
CACATAGAGCTAGTCT-3	0.90279007	0.020832922	0.0	0.018916778	0.0	0.0063041328	0.03698743	0.010562993
CACATTTGTTACGCGC-3	0.65988207	0.032037728	0.0	0.0	0.017636336	0.0	0.033958975	0.006374435
CAGCTAAAGACTCGGA-3	0.96104026	0.04700313	0.0	0.0	0.0	0.0	0.036404837	0.005539897
CATTATCAGTTTAGGA-3	0.4712673	0.020092798	0.006758823	0.0088521065	0.00881159	0.010774393	0.02909257	0.016658867
CCACCTATCCTATTCA-3	0.5493343	0.008828525	0.0	0.0	0.0	0.0	0.0058925445	0.03774088
CCACCTATCTTATCTG-3	0.753093	0.011646713	0.0	0.036697786	0.0	0.025408657	0.048629466	0.0050961557
CCATTCGGTATTAGCC-3	0.47999087	0.0046310094	0.00090605335	0.009515095	0.0	0.0022872766	0.005732537	0.005886044
CGTTAGACATTCTTAC-3	0.5318472	0.0016001981	0.0	0.031669438	0.0	0.0	0.033900063	0.03468613
CTCGGGAGTGTCAATC-3	1.0477605	0.0	0.0	0.0082813585	0.0	0.020820247	0.033942427	0.008897488
CTCGTCAAGAGGGCTT-3	0.84181845	0.030018168	0.039719943	0.018284494	0.0	0.0	0.01689959	0.02426623
CTCGTCATCTTTCCTC-3	0.70903045	0.01813347	0.0	0.039315224	0.01319715	0.006194745	0.0076992945	0.021135118
CTTGGCTGTGGCCCTA-3	0.4523902	0.016690752	0.020737663	0.004571402	0.003719492	0.0041719973	0.00578932	0.0097353915
GACAGAGGTATATGGA-3	0.63013273	0.0	0.0148437	0.001817679	0.011071838	0.0	0.06297872	0.018632038
GACAGAGTCACCCGAG-3	0.7263133	0.105503716	0.0	0.0	0.0	0.0	0.007530321	0.0
GAGGTGATCTCCAACC-3	0.743271	0.022723345	0.013058772	0.042494725	0.0	0.0	0.048246376	0.0077842535
GCAGCCAAGCTGCCCA-3	0.644586	0.0	0.039279304	0.008068076	0.0	0.0018736384	0.021773426	0.01048628
GCTCCTACAGATGAGC-3	0.83605295	0.0	0.0	0.034201615	0.0	0.0	0.0	0.009321974
GCTGCTTCAATAACGA-3	0.67361116	0.0	0.0	0.017071368	0.00089603144	0.0	0.023356462	0.025399547
GCTTCCAGTGTGCCTG-3	0.6428224	0.0	0.0	0.0077454657	0.00493034	0.013018371	0.0	0.0
GGACAGACAGCGTAAG-3	0.96909636	0.006453113	0.0	0.0	0.0	0.07320636	0.2230913	0.025787273
GTAACTGCAATCACAC-3	0.8087311	0.02357924	0.0	0.010357377	0.0	0.0	0.014313784	0.038860936
GTTCTCGAGCACCGTC-3	1.2195168	0.0	0.0	0.0	0.0	0.0	0.046506066	0.037367374
GTTCTCGCAAACCTAC-3	0.61543673	0.09538172	0.021196226	0.0	0.0	0.0	0.038216416	0.024779744
TACCTATAGCTCAACT-3	0.83006376	0.038405355	0.024360577	0.013649178	0.0	0.013110864	0.026500562	0.0048640263
TACGGATGTAAACCTC-3	0.8879648	0.0228929	0.0014553983	0.0013397965	0.0	0.0035534524	0.017858742	0.035420816
TACGGTAGTACTCTCC-3	0.72690386	0.028367776	0.018154811	4.3630993e-05	0.0	0.0037194723	0.022545807	0.005036325
TATCAGGCACATGACT-3	0.7601699	0.083541565	0.014072937	0.0	0.003045209	0.0018550197	0.007347607	0.029516473
TCAGGTACACCGCTAG-3	0.78546613	0.017012633	0.014982051	0.0	0.010099007	0.0022675553	0.03259146	0.0041682487
TGAGAGGCAGACGCAA-3	0.8161058	0.05807296	0.006812394	0.0	0.0	0.0	0.01142002	0.030089175
TGAGCATAGACTTGAA-3	0.55864716	0.0	0.04999966	0.0	0.0	0.037238196	0.03313287	0.012186108
TGTCCCAGTTGTCTTT-3	0.75892425	0.026975697	0.0	0.006276052	0.005715224	0.0	0.020648146	0.020093055
TGTGTTTAGCTCCTTC-3	0.41024384	0.041597616	0.02507736	0.031637076	0.01628216	0.011845353	0.0075847125	0.0074270023
TTAGGCATCACAGGCC-3	0.7938848	0.0	0.0	0.016213972	0.0	0.020742886	0.0	0.020519331
TTGACTTAGCAAATCA-3	0.8755895	0.06118511	0.0	0.029974455	0.0	0.05317978	0.057866607	0.029815126
TTGTAGGAGACCTAGG-3	0.750472	0.08047317	0.00082519	0.0	0.006785895	0.001817815	0.026134882	0.009051218
TTTCCTCTCACCATAG-3	0.7921956	0.074627325	0.0	0.008683908	0.0	1.8873448e-05	0.03914084	0.015675617
CGCCAAGCAAGGTTCT-3	0.74629277	0.09899171	0.0	0.0	0.0	0.0	0.01912357	0.04758488
CTCTACGTCTGAAAGA-3	0.83483845	0.04987215	0.04002024	0.040615536	0.0	0.008704314	0.086519495	0.0036523743
ACATCAGCATTTCAGG-3	0.72018176	0.06366836	0.0	0.010118209	0.0	0.005233792	0.019435616	0.029569648
ACGATACTCCGCAAGC-3	0.73415357	0.02972418	0.009353971	0.0	0.0	0.0	0.016942013	0.010984104
AGGGATGCAGCTGTAT-3	0.583258	0.019950602	0.0	0.0	0.0	0.0	0.009538414	0.014381511
CACCACTCACGAAAGC-3	0.89118093	0.02597626	0.0	0.064900234	0.007533189	0.0034714008	0.0068026627	0.026058877
CGTCACTTCACCAGGC-3	0.50126207	0.067612916	0.0	0.0	0.008352511	0.0	0.050965562	0.0024478836
GACGTGCAGTAGTGCG-3	0.47074515	0.08714084	0.0	0.0	0.0	0.0	0.08866374	0.019516164
GCTTCCAAGCGCCTTG-3	0.5300524	0.045133345	0.0	0.003888401	0.009125367	0.008362455	0.059211347	0.015180065
GTATCTTTCTTTCCTC-3	1.227865	0.00808706	0.09821532	0.0	0.0	0.0015603096	0.047365505	0.022992384
GTATTCTAGATCCCGC-3	0.75980395	0.04509299	0.0	0.02419956	0.0	0.021083115	0.0794268	0.0437213
GTGCATAAGTACATGA-3	0.5080688	0.022462321	0.026244929	0.015999656	0.0	0.011550195	0.02365845	0.012175773
TCTTCGGGTCGAGATG-3	0.7034826	0.040943217	0.034255058	0.0281	0.0	0.0	0.083232425	0.0065239114
TCTTTCCGTCCGAACC-3	0.73889565	0.025513157	0.0	0.006874431	0.019976085	0.0	0.04203109	0.018944556
TGCACCTGTTCCCTTG-3	0.79311764	0.013873716	0.049276065	0.0	0.0	0.03347077	0.018230276	0.008732687
TGGACGCCACTGTGTA-3	0.6284238	0.0	0.0	0.04926202	0.0	0.0	0.03399223	0.01721974
TGGACGCCAGGACCCT-3	0.7611869	0.02049431	0.0	0.0	0.004293502	0.0	0.0253583	0.020017399
TTGTAGGCATTAGGCT-3	0.678698	0.016436765	0.021297146	0.0041429913	0.0	0.0	0.032668386	0.025586827
CACACTCCAAGTCTAC-3	0.6527589	0.06527673	0.0	0.019638518	0.015017478	0.0071488395	0.0050205993	0.0060463906
CACCACTTCGGTTAAC-3	0.8503156	0.002153387	0.0	0.0	0.0	0.01877682	0.0	0.0007556857
AAAGTAGGTGGTCTCG-3	1.0675863	0.11092932	0.0	0.0	0.032503217	0.0055335104	0.10692682	0.042214166
GACTGCGCATGACGGA-3	0.71601844	0.060907453	0.0023511173	0.0145734055	0.0	0.013916333	0.0	0.009985228
TTGAACGCACTCTGTC-3	0.6910676	0.07601593	0.015103747	0.015016419	0.0	0.006266945	0.14613166	0.004893334
ACACCCTGTGAAGGCT-3	0.6197861	0.038257312	0.0	0.0	0.009750531	0.0037074382	0.035037395	0.057106517
CTCTGGTAGTGTGGCA-3	0.6606622	0.044708803	0.011851272	0.029464612	0.009002233	0.017501483	0.04843124	0.004183082
GACTACAAGCTGCAAG-3	0.81912714	0.052266084	0.0	0.0	0.0	0.0	0.019722924	0.003956194
TTGCGTCTCACAGGCC-3	0.7658513	0.0	0.0	0.006201738	0.0	0.0039198245	0.015122497	0.0030244333
CCCAGTTTCTTTCCTC-3	0.6068999	0.015446327	0.015486845	0.009348051	0.0	0.014170719	0.014638079	0.004530245
CTGAAACCATGTTGAC-3	0.7809339	0.05203845	0.0	0.0021443039	0.0	0.0	0.02471506	0.0110268025
TATCTCATCGAATGCT-3	0.6873557	0.0	0.0	0.0	0.0	0.0	0.03639721	0.14710702
CTCCTAGTCATGTCCC-3	0.74401695	0.019875264	0.0	0.0	0.0	0.042903587	0.10580257	0.029887192
TCTCATAGTAAGTAGT-3	0.6487244	0.07674346	0.019331057	0.023811782	0.059686724	0.00058557256	0.03713562	0.00478418
GAAATGAGTGGTCTCG-3	0.7716483	0.009021712	0.0	0.0010532679	0.0	0.0	0.07709023	0.057449095
GCTGCTTAGTCGTTTG-3	0.8001593	0.010367453	0.03412385	0.008370178	0.009491267	0.0	0.090615526	0.0019399641
TCTATTGTCCATGCTC-3	0.7985236	0.016622992	0.022925222	0.040564056	0.0	0.007380525	0.047095127	0.009786965
CAACCAATCGTCACGG-3	0.8888549	0.026130518	0.022381755	0.028264632	0.024461238	0.0014513561	0.060368434	0.021206725
CATATTCGTCAAAGCG-3	1.1837065	0.030880768	0.0	0.05643132	0.0	0.041229248	0.17922862	0.008073728
CTGGTCTTCTGTACGA-3	1.0179347	0.030388692	0.0	0.0	0.0	0.010906555	0.034098007	0.022570431
TCCCGATAGCAATCTC-3	0.8959861	0.0	0.0	0.0	0.0011885182	0.0	0.16179477	0.020371372
CGATGGCCAAGTCTAC-3	0.819182	0.030293485	0.0	0.0076871174	0.028776066	0.01606361	0.0074958475	0.0001236129
TCAGATGCAGCTGCTG-3	0.28422287	0.013394233	0.0	0.053280987	0.0005525788	0.0075651146	0.21618514	0.07499199
CACATAGGTGTGGTTT-3	0.7522542	0.0069548246	0.0	0.0	0.01003862	0.0	0.058251664	0.047828224
CAAGGCCCAGTATGCT-3	1.009206	0.0057087727	0.0	0.013443562	0.0	0.002901373	0.022710854	0.007955558
CGGACTGGTAGGAGTC-3	0.32957175	0.11751866	0.022118473	0.014686224	0.0060454938	0.0	0.010009647	0.023703814
TTAACTCTCCGGCACA-3	1.0169541	0.041095063	0.0	0.019636966	0.0	0.0	0.026329622	0.00682058
AAGACCTAGTTTGCGT-3	0.89183515	0.010064503	0.0	0.0	0.0	0.0	0.0	0.0
ACAGCTACACAGCCCA-3	1.0035627	0.0006439057	0.0	0.0026006803	0.016727753	0.0076134373	0.02436737	0.00094733847
AGCTCTCGTTCGTCTC-3	0.66766495	0.0	0.0060044574	0.0017089362	0.0	0.0018062126	0.037554342	0.040688906
ATCATGGCACCAGTTA-3	0.60388684	0.12381805	0.030975292	0.042391635	0.020504862	0.007967697	0.027216015	0.0176491
ATGAGGGAGAAGGTTT-3	0.58107126	0.007075882	0.04987914	0.011972018	0.0	0.0	0.018512469	0.012709627
CACAGGCCAGTATCTG-3	0.53399366	0.037683852	0.022352418	0.006970608	0.034440823	0.003847943	0.008170605	0.013095112
CCAATCCGTAAGGATT-3	0.77706224	0.022297291	0.0	0.0070017	0.0	0.0	0.012034491	0.0152624175
CGATGTAGTACTCGCG-3	0.7487942	0.0036470038	0.0	0.073293604	0.0	0.0013508465	0.058225024	0.0
CGGTTAAGTTATCGGT-3	0.9719832	0.15683986	0.014997102	0.0	0.030943172	0.0029646426	0.15068135	0.0
CGTCTACAGGCGTACA-3	0.69731504	0.060979653	0.0	0.0018102607	0.0	0.017594216	0.02368993	0.039971262
CTCGGAGAGTCACGCC-3	0.9881952	0.0	0.0	0.0050823283	0.0	0.0	0.04259089	0.0066948244
GAATGAAAGACAGACC-3	0.74645466	0.07236963	0.011408551	0.010097957	0.007756944	0.0	0.03168614	0.013754746
GACGTTACAGGAACGT-3	0.7468796	0.026784435	0.0	0.00046091617	0.0	0.0	0.0040627713	0.013929566
GAGTCCGTCTAACTGG-3	0.95615166	0.0	0.0	0.0037420029	0.0	0.0	0.01978172	0.0060865837
GCATGCGTCGTGGGAA-3	0.7749195	0.0036983876	0.0	0.025453491	0.012247183	0.0	0.072031505	0.02883187
GCTCCTAAGTGAACAT-3	1.0259242	0.021423474	0.0	0.0	0.0	0.0	0.033442	0.021530995
GGACAGAGTCTCATCC-3	0.8590013	0.020122837	0.0	0.0	0.046358764	0.010603369	0.1959204	0.02511442
GGCCGATGTAGGCATG-3	1.0155162	0.08237619	0.0	0.0	0.0037739887	0.0	0.0	0.007047247
TAGTTGGGTCCTAGCG-3	0.93190503	0.030643577	0.0	0.007473763	0.0	0.016243717	0.070030876	0.0060061743
TCGAGGCTCAGAGACG-3	0.60044616	0.017148877	0.0	0.0	0.0	0.011766214	0.0	0.013515971
TCTTCGGGTGAGGCTA-3	0.78378356	0.060001638	0.0	0.0	0.0	0.032104515	0.086751595	0.0012539433
TGGGAAGCATTGCGGC-3	1.0265964	0.042763736	0.0	0.0	0.0	0.011248694	0.05962518	0.0051299906
TTGCCGTTCTCTTATG-3	0.7027551	0.0	0.0	0.003932879	0.0	0.018305987	0.022136997	0.003312988
TTGTAGGCATAGGATA-3	1.2595294	0.026076172	0.0	0.0	0.030144706	0.0	0.05060761	0.028846318
TTTGTCATCGCGCCAA-3	1.0994757	0.0033641076	0.0	0.006344214	0.0	0.0	0.10460659	0.018248754
AAGTCTGCAATGAATG-3	1.0458516	0.09202193	0.0	0.0	0.04355981	0.059504088	0.038721442	0.0
CGCGGTACAATCCAAC-3	0.84083784	0.01996183	0.0	0.02168046	0.006279184	0.012515858	0.1212928	0.010527959
GCAATCAAGCGTCTAT-3	0.906034	0.05664597	0.0	0.0	0.0	0.0021141467	0.062024154	0.0063002314
TTGCGTCGTTGCGCAC-3	1.083873	0.07078017	0.0	0.0	0.0	0.011615791	0.057066064	0.018898543
GCCTCTACAATACGCT-3	1.3702173	0.0	0.0	0.013506232	0.012667343	0.0	0.057562176	0.04417219
TGGGAAGGTCGCATAT-3	0.7425836	0.0077548474	0.0	0.049662653	0.0	0.008511659	0.046071712	0.0012949163
AAACCTGCAACACCCG-3	1.0249085	0.0	0.0	0.0	0.0	0.0	0.05483995	0.0149989985
AATCGGTCAAGCGATG-3	1.0423983	0.02250974	0.0	0.0	0.015186473	0.0044940393	0.098060854	0.0036431132
ACGATACAGAACTCGG-3	0.8033438	0.038723253	0.0062358137	0.010715189	0.0010404	0.0	0.015867108	0.022283435
AGCGTCGTCCAACCAA-3	1.0630893	0.16456404	0.0	0.042374305	0.0045573125	0.0	0.056558292	0.003335087
AGCTCCTTCAAGGCTT-3	0.85233426	0.0	3.6908055e-05	0.013175412	0.0	0.0	0.076489225	0.0
ATGGGAGAGCGGATCA-3	1.0944914	0.024326082	0.0	0.0	0.0	0.0	5.9885242e-05	0.0037446602
ATTTCTGAGTAACCCT-3	0.89508486	0.027289692	0.0	0.0065216604	0.022115797	0.0	0.08881115	0.029792188
CAGCGACAGTGCCATT-3	0.8695681	0.0	0.0	0.0063860477	0.00086530234	0.0097750155	0.03514207	0.017011661
CAGGTGCAGAGGTAGA-3	1.0689819	0.0	0.0	0.0	0.0	0.0	0.042310413	0.018798687
CAGTAACCAAACCCAT-3	0.9409575	0.0	0.0	0.03107747	0.0	0.0	0.12346684	0.036652505
CATCAGAAGCTGCCCA-3	1.0433288	0.03101863	0.0	0.0	0.0	0.0	0.069284976	0.039624166
CCTTTCTAGAGATGAG-3	0.58155525	0.0522195	0.0238053	0.0034249641	0.016320795	0.013658346	0.01358549	0.019989895
CGATGTATCCGCATAA-3	0.94748914	0.0	0.025144821	0.0	0.0	0.000118884425	0.06533002	0.019483985
CGGCTAGCAGCTCGCA-3	0.7066459	0.0	0.06370452	0.0	0.0	0.0045039942	0.117269926	0.0010111025
CGTGTCTAGCACAGGT-3	0.94959235	0.0	0.0	0.0	0.0	0.0	0.14081489	0.002014431
CTCGTACGTAGGGTAC-3	0.81747216	0.07115744	0.0	0.0	0.005385062	0.00053458975	0.022706293	0.0057886476
GATCGATAGCCAGGAT-3	0.8004775	0.050402004	0.0	0.022781797	0.0	0.038896866	0.1303711	0.0
GCGAGAAGTCCCGACA-3	0.89668137	0.0	0.0	0.0	0.0	0.0	0.07604899	0.008178685
GCGCGATGTGTGTGCC-3	0.86366767	0.06553751	0.0	0.002033879	0.0	0.0	0.03142162	0.0
GCTGCGAAGGCAAAGA-3	1.2167053	0.043902766	0.0	0.0	0.0	0.0	0.03240869	0.07086105
GTACTTTCAGACGCTC-3	1.224045	0.037641037	0.0	0.0	0.023940003	0.0	0.08272506	0.0
GTCTCGTCATGCATGT-3	1.2615944	0.042592753	0.0	0.0	0.0	0.0	0.040695544	0.013480749
GTTCGGGGTTACCGAT-3	0.72226834	0.06431391	0.075538754	0.006482953	0.006497629	0.0	0.049585912	0.0060557975
TACAGTGAGAAAGTGG-3	0.89929307	0.076617956	0.0	0.03274207	0.0	0.0	0.03969212	0.007882614
TACCTTAAGACTAGGC-3	0.9300591	0.004809273	0.0	0.03048349	0.0	0.01997346	0.048224	0.032874033
TCAACGATCGCGGATC-3	0.89321744	0.035097227	0.00056104886	0.015549831	0.014365363	0.0	0.09037411	0.022751214
TCTATTGAGACACTAA-3	1.3062348	0.0	0.0	0.0	0.0	0.0	0.029297123	0.0
TCTGAGATCACTTCAT-3	1.1946818	0.034684323	0.0018795014	0.028542023	0.0	0.0	0.08726381	0.051595215
TGACGGCAGTAGCCGA-3	1.0776259	0.0680844	0.06842686	0.04725353	0.0131215695	0.03420497	0.07821844	0.03525778
AGGGAGTGTCAAAGCG-3	0.63370144	0.00029410076	0.017855398	0.014121822	0.0029419586	0.0	0.011670301	0.0034456472
GGCGTGTGTGTCAATC-3	1.0020325	0.08371185	0.007367498	0.012838972	0.007815718	0.0	0.016858246	0.0103867855
GTAACGTAGGCTATCT-3	0.60525364	0.13595285	0.027388899	0.03036859	0.041870933	0.009224544	0.105775714	0.005321647
CCTACCAGTTTGACTG-3	0.72437227	0.08849643	0.0033010205	0.0	0.029856447	0.010689946	0.022627292	0.010807977
CTAACTTAGGATGGAA-3	0.96669406	0.04576564	0.0	0.0	0.020070644	0.0	0.051080074	0.00040151578
TACTCGCGTTAAAGAC-3	0.78405833	0.042438943	0.026665783	0.015566283	0.0	0.004861902	0.011305559	0.0077731824
CCACCTACACCTTGTC-3	0.75158787	0.048926458	0.0	0.008253284	0.007619295	0.001047439	0.0	0.04423756
AGCTCCTGTTCTGTTT-3	0.7187936	0.06351374	0.0	0.0	0.0	0.0	0.014990257	0.034338042
AGCGTATCACGGTTTA-3	0.5144425	0.058040027	0.0	0.0	0.0	0.021849634	0.031983048	0.0
CAGCGACAGAAGGGTA-3	0.7487087	0.051267173	0.0	0.016658291	0.0017174125	0.02566229	0.030272478	0.016243804
GTCATTTAGTCAAGGC-3	0.6206553	0.07983601	0.0	0.0	0.0130795725	0.0	0.02499989	0.0
GGTATTGTCAGTCCCT-3	0.88885325	0.14506076	0.019511865	0.026375093	0.0056948485	0.0013842181	0.021251135	0.0015171997
TCAACGAGTTGGAGGT-3	0.97880524	0.03146587	0.0	0.0	0.0	0.0	0.005044328	0.0088932235
ATCTACTCAGTGGAGT-3	0.8287703	0.045186304	0.0	0.0	0.012618774	0.0003824278	0.04601609	0.0023951596
CATATTCAGGTGCACA-3	0.69918525	0.0	0.0	0.0	0.0	0.029476138	0.13266328	0.010347551
ACACCGGAGGTAAACT-3	0.7648745	0.06865364	0.01977745	0.020907685	0.01534116	0.0	0.010507567	0.025451139
GGGCATCTCACCCGAG-3	0.46444556	0.017231828	0.0035137357	0.0071115987	0.010679987	0.006013692	0.047872957	0.01776732
TGGGCGTAGACTTGAA-3	0.8039308	0.055758566	0.0	0.008951898	0.0	0.012868924	0.031034047	0.014873885
AACCATGAGCTAACAA-3	0.6064277	0.030290822	0.013795505	0.0012031384	0.011727103	0.0036035087	0.09459941	0.0065169516
ACATGGTGTTTGGCGC-3	1.1027211	0.08822192	0.0	0.0142034	0.0	0.0	0.0	0.012086568
AGCCTAATCCTGCCAT-3	1.055118	0.066600464	0.0	0.0	0.0071261507	0.0	0.0013056651	0.0055263266
AGCGTATCAACACCTA-3	0.7441121	0.08641156	0.0	0.015405974	0.02125197	0.0	0.02379917	0.02045584
AGGGATGCAACACCTA-3	0.9428494	0.019738948	0.019347692	0.0	0.0	0.008422584	0.008301488	0.013574634
CACCACTCATAGTAAG-3	1.071425	0.055850055	0.057809673	0.05466357	0.0	0.0	0.0792365	0.021155823
CATTCGCAGCCCAGCT-3	0.91024435	0.08628492	0.0	0.038055327	0.0	0.00512726	0.005772625	0.0
CCTATTAGTCCGAGTC-3	0.80632484	0.04438178	0.0	0.017612131	0.0	0.009803882	0.027488954	0.016182669
CGTCAGGGTACAGTTC-3	0.9928075	0.038618177	0.0	0.014048828	0.00089404825	0.006428094	0.04068237	0.0010179363
CTAATGGTCGGTGTTA-3	0.8768015	0.047974356	0.0	0.0	0.0	0.0	0.03873824	0.008933292
CTCGGAGCAATAAGCA-3	0.8507013	0.04992716	0.0	0.0	0.0	0.0	0.015167288	0.031419482
CTCGGGAGTCAATGTC-3	0.5602306	0.10833622	0.0	0.024758037	0.006923352	0.002536656	0.013422268	0.004387189
CTCGTCACAAGTAATG-3	0.6679384	0.06641975	0.0	0.0	0.0	0.0093688555	0.00071084115	0.031988375
CTGCCTAGTCTGATTG-3	1.0173961	0.06977163	0.0	0.0008716846	0.0	0.014544473	0.021217871	0.021327877
CTTACCGAGGCTATCT-3	1.046821	0.033737514	0.0	0.0	0.0047905887	0.0	0.29389134	0.026815424
GCGCAGTGTGTTCGAT-3	0.88388383	0.06802861	0.0	0.0	0.009304444	0.0	0.019386072	0.006294956
GGAACTTAGTTTAGGA-3	0.69772947	0.06342872	0.0023881646	0.007210356	0.0	0.0	0.021243244	0.030551169
GGGACCTTCCCACTTG-3	0.80392545	0.06461172	0.0	0.0	0.0	0.0	0.06743896	0.03312296
GGTGAAGGTCATACTG-3	0.9309116	0.14342667	0.0	0.001578687	0.0	0.0310463	0.012992719	0.018061683
TACACGAAGGCTCTTA-3	0.8633853	0.0	0.0	0.0	0.0	0.017273972	0.035736576	0.047770295
TAGAGCTTCCACTCCA-3	0.79474777	0.02985347	0.0	0.03479484	0.0	0.0	0.0165795	0.0
TCACAAGTCTATCCCG-3	0.7665123	0.013643393	0.0	0.0	0.05106769	0.0	0.13824058	0.029241038
TGGCCAGAGTGCCATT-3	0.6683458	0.05909622	0.0	0.024472194	0.0	0.0	0.045236923	0.03026929
TGTATTCGTGAAGGCT-3	0.9348281	0.0951747	0.0	0.00014358359	0.0	0.014618876	0.0	0.017708194
TTGCGTCGTAAGGGCT-3	0.72807944	0.03870279	0.0045953	0.0	0.0	0.0	0.010205774	0.0
TTGGCAACACACAGAG-3	0.6197481	0.017163798	0.0	0.0	0.0124540925	0.0	0.026289804	0.008162342
GAAATGATCGTTGACA-3	0.96043295	0.0	0.0	0.036959663	0.0	0.058256466	0.48118743	0.02218648
AACACGTCAAGTCATC-3	0.5401526	0.0	0.0	0.040618487	0.0	0.0	0.64564645	0.0
ACATACGTCTGATACG-3	0.38290438	0.0	0.0	0.0	0.0	0.0	0.66860455	0.018806752
ACGGGCTGTCAAACTC-3	0.008552212	0.0	0.0011236917	0.0	0.0	0.0	0.90952146	0.0
AGAGCGAAGTTCGATC-3	0.0049046357	0.0	0.0	0.04390468	0.0	0.0	1.1163449	0.0
AGAGCTTTCGGTCTAA-3	0.2973813	0.22911054	0.06647038	0.0	0.0	0.0057811188	0.50314254	0.04245068
AGGGAGTCAGTTAACC-3	0.44925368	0.0	0.0	0.0	0.0	0.0	0.84385747	0.0
ATAACGCGTGTTTGTG-3	0.5285116	0.039494347	0.0	0.04915322	0.03185537	0.003584208	0.4123098	0.016820023
ATCATCTAGTCTCAAC-3	0.0	0.0	0.0	0.0	0.0	0.0	1.6988183	0.0
ATCCACCTCTGTTGAG-3	0.11625414	0.0	0.0	0.0	0.0	0.0	1.0127139	0.0
CACCTTGTCCCAGGTG-3	0.0	0.0	0.0	0.0	0.0	0.0	1.4733748	0.0
CCTACACAGACTGTAA-3	0.9158713	0.0	0.0020235758	0.0	0.0	0.0	0.48694387	0.0025533754
CCTCAGTGTTGACGTT-3	0.7696268	0.0	0.0	0.0	0.0	0.0	0.34136102	0.0
CGGAGCTGTAGCTGCC-3	0.5232041	0.0	0.068289235	0.04487609	0.0	0.015655559	0.39226347	0.07526538
CTCCTAGGTCACACGC-3	0.490072	0.0	0.0	0.0	0.0	0.004072193	0.7856462	0.014547622
GGTGCGTGTGGCTCCA-3	0.0	0.0	0.0	0.0	0.0	0.0	1.1883997	0.05331691
GTGTGCGCAATCAGAA-3	0.89312106	0.051930297	0.0	0.034575485	0.052627806	0.013272815	0.08395774	0.019809164
TTCCCAGTCCCTTGCA-3	0.43463823	0.0	0.0	0.0	0.0	0.042965394	0.7992778	0.0
CATATTCAGCGATCCC-3	0.58216476	0.021464143	0.0	0.031098004	0.0	0.0	0.07809697	0.00081165246
GGGTTGCGTTCGGGCT-3	0.8984755	0.08504614	0.0	0.0	0.013556606	0.025324082	0.039023932	0.01135089
GTCATTTGTATCACCA-3	0.65946865	0.044796344	0.0	0.004319197	0.024420151	0.0	0.012589511	0.014328534
TGTATTCCACAGTCGC-3	0.44404614	0.025882557	0.0	0.008473424	0.035527892	0.0	0.013806588	0.016036049
AGAGCTTAGAAGAAGC-3	0.688367	0.03070038	0.0	0.0	0.06270748	0.0	0.055261485	0.011280698
CGTAGCGCACTGTCGG-3	0.61250025	0.04601659	0.0	0.006827377	0.056269366	0.0	0.036814615	0.0028507963
TTTATGCTCATGGTCA-3	0.65736616	0.0	0.0	0.0	0.011857747	0.0063888924	0.008127699	0.0454953
GTCGTAACATGCATGT-3	0.8955634	0.039960984	0.0	0.0	0.048175294	0.0	0.003977779	0.05894271
GTCTTCGCAAGTTGTC-3	0.506094	0.118049055	0.0	0.005061504	0.06734932	0.0	0.08492436	0.0044100424
CCTCAGTGTATGGTTC-3	0.95800114	0.08202807	0.0	0.0048461836	0.0034748642	0.0	0.014112449	0.021053866
AACTCCCTCAAGAAGT-3	0.69520986	0.09197767	0.0	0.0	0.005929319	0.0	0.033429366	0.0
AACTCCCTCAGCTCTC-3	0.5107132	0.027483152	0.0	0.0	0.015734171	0.0	0.006515622	0.020016797
AAGACCTTCACTCTTA-3	0.6001559	0.0	0.0	0.0	0.0058120466	0.027601773	0.025155641	0.032395676
AATCGGTTCCAAACAC-3	0.66024065	0.014848781	0.0	0.0	0.020572396	0.00040143915	0.00953998	0.054236956
ACCTTTACACCAGTTA-3	0.3981783	0.03878695	0.0	0.0	0.0	0.0	0.02391278	0.0014338776
ACGTCAAGTTGAGGTG-3	0.6613397	0.045797892	0.0	0.0	0.012166906	0.0013046906	0.042826656	0.045709558
ACTGCTCGTAGGGTAC-3	0.67525417	0.0	0.0	0.0	0.0	0.0	0.02717011	0.017400576
AGCGGTCAGAAACCAT-3	0.8453822	0.0	0.0	0.0007810069	0.006561066	0.0	0.039612323	0.013649002
ATCACGACACGTTGGC-3	0.7564233	0.10940445	0.0	0.01074049	0.012992202	0.0	0.033921823	0.014872813
ATTACTCCATAAGACA-3	0.69017303	0.110262305	0.0	0.010001487	0.06460452	0.0008609996	0.041259855	0.031900212
CACACTCCACCCAGTG-3	0.6106181	0.0	0.0	0.0049067927	0.0	0.0	0.020207087	0.03408688
CACATAGAGCTGTCTA-3	0.76747745	0.0077039613	0.0	0.006886798	0.028031176	0.0010595329	0.023344304	0.021324031
CACATAGAGTTGCAGG-3	0.7748601	0.108743824	0.0	0.0005026144	0.014861314	0.0038352332	0.018646836	0.020415846
CACTCCAAGCCCAATT-3	0.4980164	0.06936101	0.0	0.008556743	0.017071797	0.0004391494	0.0040996564	0.00032107427
CAGATCATCTTTAGGG-3	0.74629056	0.050753802	0.0	0.015527378	0.004959322	0.0	0.0064113233	0.01860294
CATATGGGTTCACGGC-3	0.6173461	0.0116829	0.0	0.017136456	0.0012811073	0.027182817	0.07068393	0.018842507
CATATTCGTACCGTAT-3	0.67488873	0.08172764	0.0	0.0	0.053301975	0.0024492794	0.06483509	0.015586576
CATATTCGTCGCTTCT-3	0.4725561	0.06258623	0.0	0.0	0.015298537	0.0	0.016904954	0.07506044
CATATTCGTCGCTTTC-3	0.5909471	0.11551594	0.0	0.0	0.0048480793	0.0	0.03380846	0.009378696
CATCAGATCTATCGCC-3	0.56806594	0.06585633	0.0	0.04246999	0.0007011291	0.009225191	0.08261013	0.03804204
CCACCTAAGATAGGAG-3	0.6516942	0.021430273	0.0	0.0	0.0081272395	0.0	0.015594482	0.023714734
CCATTCGTCCATTCTA-3	0.4477875	0.062693074	0.0	0.0	0.04027966	0.0	0.016254239	0.016031334
CCCAATCCAGATCTGT-3	0.8901942	0.050464485	0.0	0.0	0.008115547	0.0	0.0025691309	0.020508688
CCGGGATGTTAAGACA-3	1.1534623	0.03771453	0.0	0.0	0.012113874	0.0	0.0325686	0.017310478
CCTACCAAGACAAGCC-3	0.7773372	0.10713114	0.0	0.0	0.0	0.0	0.064550474	0.042677563
CCTTACGAGCTAGTCT-3	0.69514036	0.05064119	0.0	0.00018983176	0.0	0.0	0.084697515	0.0347767
CGAGAAGGTAAGTGTA-3	0.72542715	0.08390873	0.0	0.012756712	0.0	0.0	0.016157042	0.008295579
CGATTGATCGAATCCA-3	1.0164702	0.03268827	0.0	0.0	0.0452485	0.0	0.07008966	0.009600316
CGTCACTCACTTCTGC-3	0.8977826	0.048415605	0.0	0.0	0.004874672	0.0	0.08381204	0.01817528
CTACACCAGAAGCCCA-3	0.830513	0.07663096	0.0	0.0	0.043131944	0.0	0.029038852	0.01464669
CTACATTAGCAGATCG-3	0.46214354	0.0	0.0	0.065970354	0.021000963	0.021977419	0.35497415	0.0057572476
CTAGCCTAGATCTGCT-3	0.6178696	0.067855515	0.0	0.0	0.010148854	0.0	0.0011442024	0.005144243
CTCGGAGAGCCACGCT-3	0.628546	0.04297268	0.028998168	0.025862757	0.0	0.0	0.029820401	0.008707312
CTGGTCTTCTCTGAGA-3	0.52288306	0.056293644	0.0	0.010091467	0.016637702	0.0	0.07948242	0.000710887
GAACGGAGTATAATGG-3	0.6899743	0.05245575	0.0	0.0036929082	0.018171746	0.0	0.010906505	0.016464183
GACCAATGTTCTGTTT-3	0.7723245	0.032367602	0.0	0.0	0.078695334	0.0	0.045091618	0.027938928
GAGCAGAAGAAGGTGA-3	0.82861286	0.06036617	0.0	0.0	0.0	0.028905693	0.05009238	0.043820903
GAGGTGATCATTGCCC-3	0.7325217	0.060637977	0.043033265	0.006770902	0.0	0.09244405	0.11130072	0.020674486
GATCGATTCCCTCTTT-3	0.81350476	0.02830881	0.0	0.0057930923	0.04591275	0.0	0.0846245	0.027998526
GCACTCTCACCCTATC-3	0.7461359	0.078939766	0.0	0.021384424	0.029706042	0.0	0.019577656	0.032587327
GCATACAGTTTGTTGG-3	0.5504454	0.110414095	0.0	0.0	0.05138082	0.0	0.050791077	0.0053026597
GCGACCAGTTGGTGGA-3	0.5868847	0.056448214	0.0	0.019666946	0.032191582	0.0	0.08685175	0.0033917292
GCTCCTACATGAGCGA-3	0.65905434	0.0	0.0	0.0	0.0	0.0077171405	0.116341434	0.025701175
GCTGCGATCTCGTATT-3	0.80068976	0.08876708	0.0	0.0	0.015106222	0.005748563	0.020971412	0.019780053
GGAATAAGTGCACGAA-3	0.5349888	0.0052651535	0.0	0.0021184618	0.036081113	0.0025703304	0.019079642	0.006223106
GGACATTAGCTGCCCA-3	0.6151892	0.042147204	0.0	0.0	0.01127333	0.0	0.045411333	0.01012562
GGATGTTGTCATGCCG-3	0.653727	0.032672033	0.0	0.0	0.020960458	0.0	0.021258626	0.0012907328
GGCTCGACAACACGCC-3	0.73082876	0.03478347	0.0	0.0	0.0168953	0.0	0.060821876	0.008175273
GTAACTGAGTTACGGG-3	1.1153842	0.070174895	0.0	0.0	0.0	0.0	0.03312685	0.027651837
GTAACTGGTGCAACTT-3	0.46741647	0.022428956	0.00094934704	0.0008198821	0.041481145	0.0	0.040648196	0.016284442
GTACTTTAGTGCTGCC-3	0.900155	0.12448752	0.0	0.0	0.03249189	0.0	0.03987101	0.0
GTATCTTAGGGTTCCC-3	0.79391855	0.0521597	0.0	0.0	0.0	0.0	0.033711076	0.04904199
GTATCTTCAAAGAATC-3	0.6038065	0.08406054	0.0	0.025377037	0.018276077	0.0	0.037501063	0.0069937436
GTCGGGTCAGCTTAAC-3	0.58820564	0.08492034	0.0	0.03487357	0.025190294	0.01803154	0.019051883	0.022815524
GTGCTTCAGTGGGTTG-3	0.5990144	0.06043484	0.0	0.0	0.0052067093	0.021951642	0.040542923	0.020501317
GTGGGTCGTCGGATCC-3	0.68179363	0.02674666	0.0	0.0	0.0	0.0	0.016572215	0.008748839
TACACGAAGGCCCTTG-3	0.57826614	0.029216833	0.0	0.0	0.0005208676	0.010331518	0.009296052	0.025034213
TACTCATTCGGAAATA-3	0.55371565	0.08447814	0.0	0.0	0.0082004415	0.0	0.04337511	0.00945765
TCAATCTGTGAGTGAC-3	0.75844425	0.050118364	0.0	0.008375856	0.023981376	0.0	0.05235731	0.028338151
TCGTACCTCCTTTCTC-3	0.51799995	0.009221259	0.0	0.010553179	0.04319369	0.023608737	0.030554688	0.019005533
TCTTCGGTCCAAACAC-3	0.60731786	0.08857876	0.0	0.01021969	0.05720353	0.0046507786	0.012892772	0.012445808
TCTTTCCTCCTACAGA-3	0.8981548	0.0	0.0	0.0	0.043424148	0.0	0.038550228	0.04185642
TGTTCCGTCGATCCCT-3	0.4687764	0.05383325	0.0064720176	0.0	0.03499996	0.009135484	0.016845651	0.0016114988
TTGCCGTCAGCCAATT-3	0.6422255	0.0020206	0.0	0.0	0.0	0.0	0.051435698	0.16979223
TTTGTCACATGACGGA-3	0.6847939	0.011489561	0.0	0.000576912	0.0432626	0.0	0.020905431	0.016484955
AAACGGGCATGCCCGA-3	0.0	0.9474334	0.029217755	0.00040799705	0.008582561	0.0	0.048808355	0.046882562
AGCGTATGTCAACATC-3	0.09442401	0.8946416	0.0	0.055661816	0.0	0.021157037	0.037155934	0.006804581
CATCGGGCAACCGCCA-3	0.0	1.1812013	0.0	0.0068313773	0.0014254448	0.006166068	0.0	0.024713919
CCGTGGAGTCGCGAAA-3	0.2374767	0.68583727	0.0172682	0.031012598	0.023766665	0.0	0.049647845	0.018425109
CGATTGACAAGTAGTA-3	0.18174379	0.6717551	0.0	0.0	0.0	0.0	0.067626715	0.18565898
CGCTTCACAGCTATTG-3	0.0	1.0698221	0.021902021	0.020007407	0.0064034695	0.010361821	0.031575415	0.022740321
CGGACTGGTAGGGACT-3	0.09744629	1.0020626	0.0075252037	0.0	0.0032788967	0.019068448	0.012325756	0.022277858
CGTAGCGCACCAGGCT-3	0.0	0.94886816	0.0	0.047025327	0.015359076	0.0029049825	0.025161467	0.008623953
CGTCACTTCGCTGATA-3	0.058574833	0.7080356	0.024956642	0.0	0.022704821	0.026603004	0.037517026	0.023586165
CTCTAATGTAGGAGTC-3	0.1371456	0.67835927	0.0	0.035165913	0.0081300605	0.053958844	0.0	0.021208024
CTTGGCTCACCTTGTC-3	0.16002153	0.71539074	0.032055493	0.0	0.0	0.0050029852	0.009328731	0.0013844217
GAAACTCAGTATGACA-3	0.06087097	0.75075036	0.019986372	0.011376088	0.0	0.001767096	0.01540586	0.014744908
GAAATGACAAGTACCT-3	0.0	1.1816257	0.0	0.0	0.023642434	0.006275235	0.0	0.045053497
GGATTACGTCGGCACT-3	0.0	0.9982803	0.0	0.012191992	0.015515507	0.0	0.015783235	0.0
GGTGAAGGTCCGAATT-3	0.0	0.90172666	0.014429089	0.013425182	0.0	0.019544048	0.047052003	0.0
GTCGGGTAGGACCACA-3	0.0	0.9617242	0.008445713	0.003958417	0.0	0.048038464	0.003783265	0.0358132
GTGCAGCGTGATGCCC-3	0.111829415	0.8112313	0.01884344	0.025085019	0.018310705	0.0055744327	0.02338145	0.03461994
TCAGATGCATGGGAAC-3	0.008168954	0.8399006	0.0	0.0	0.010385777	0.0	0.020701393	0.0
TCTCTAATCTACTATC-3	0.5476258	0.5543979	0.029008621	0.03373572	0.0	0.0	0.005772986	0.015292259
AAGGAGCCACAGACTT-3	0.0	0.69232315	0.0	0.0	0.0	0.0	0.038374886	0.0
AATCCAGCATAAAGGT-3	0.045381628	0.90022355	0.0	0.03642396	0.044616472	0.027079856	0.21046396	0.0
ATCTGCCCAGGTCGTC-3	0.18427013	0.8689423	0.0	0.01842458	0.0067563388	0.0108183725	0.1757879	0.011683883
CACTCCATCCGCAGTG-3	0.02319188	0.95419455	0.01701454	0.0	0.0060828496	0.0079197865	0.05176765	0.0116609335
CCAATCCGTCGCGTGT-3	0.0	1.0181979	0.0	0.005224807	0.016406855	0.022301616	0.031660814	0.0
GTATCTTCAATGACCT-3	0.00748679	0.7855832	0.0027211274	0.029730314	0.001332739	0.02104979	0.03321879	0.0
TCAATCTTCCATGAGT-3	0.0	0.7554767	0.0	0.013733047	0.012738984	0.0010334123	0.04323949	0.00023303146
TGAGCCGAGACTAAGT-3	0.006114432	0.9030571	0.0	0.023956724	0.0008270624	0.0	0.07694976	0.0006284117
AAAGCAAGTAACGCGA-3	0.22390698	0.8517884	0.0	0.0	0.0	0.0	0.0	0.0
AAATGCCAGTGTTTGC-3	0.0	1.1796085	0.009582598	0.0	0.0058261566	0.0	0.08939254	0.0
AACTGGTGTCCGTGAC-3	0.09772009	0.75245386	0.008555488	0.03650355	0.018980978	0.029619215	0.21771602	0.027499463
ACCTTTAAGACGCACA-3	0.032738905	0.9555904	0.0	0.0	0.0	0.0	0.050346695	0.0
ACGCCAGAGTTGTAGA-3	0.20173271	0.79044724	0.014491981	0.023986083	0.0	0.011566018	0.0027444663	0.011180419
ACGCCGAAGCTACCGC-3	0.0	1.0017859	0.0	0.0	0.0	0.0	0.07253929	0.0
AGCGGTCGTGGTACAG-3	0.0	0.88891214	0.0	0.0	0.01955951	0.017276654	0.1083279	0.0
AGGGTGACAAATTGCC-3	0.0	0.9225565	0.0	0.077558845	0.0	0.0053482377	0.07193235	0.0
ATCGAGTTCACATGCA-3	0.112159945	0.95998174	0.0	0.024520347	0.03338068	0.0	0.028930444	0.031307478
ATTATCCTCCGCAAGC-3	0.20307364	0.63912714	0.0	0.018418316	0.0	0.0	0.0364977	0.0012926821
ATTTCTGGTCGCTTTC-3	0.13487878	0.7262597	0.0	0.0	0.0	0.0	0.043034703	0.013663954
CAACCAATCATTCACT-3	0.38590646	0.5179887	0.0	0.0029421055	0.0	0.0	0.0017542252	0.07797249
CCACGGAAGGATATAC-3	0.13332187	0.67529255	0.0	0.0	0.017196836	0.0027798961	0.038624745	0.014217427
CCGTACTGTATGAATG-3	0.0	1.0343292	0.0	0.0	0.0	0.0	0.102369964	0.0
CCTAGCTGTTATCGGT-3	0.30245823	0.55885404	0.0	0.061915915	0.009768039	0.03505465	0.0	0.00057790306
CGAACATAGTGCTGCC-3	0.06709907	0.8372988	0.0	0.030570617	0.04810312	0.0020363617	0.07547958	0.0075054555
CGCGGTATCCAGATCA-3	0.0	0.8717782	0.0	0.015327974	0.0	0.0085056005	0.083293535	0.0
CGGACTGCATATGAGA-3	0.2596836	0.68424124	0.0	0.0	0.0	0.0	0.13039334	0.029214704
CGGCTAGGTGTATGGG-3	0.045023657	0.70328885	0.0	0.050732527	0.0	0.02382827	0.08596481	0.0025613382
CGTAGCGAGATGCCAG-3	0.14235531	0.91355187	0.0	0.030243808	0.0	0.0	0.06358222	0.0003847896
CGTAGCGTCTTATCTG-3	0.07349499	0.80369914	0.00083187467	0.025960077	0.015228601	0.014373951	0.099621244	0.028064776
CTCTACGAGAAAGTGG-3	0.07798085	0.95795625	0.01377955	0.0	0.0	0.020387376	0.05224584	0.0
CTGAAACAGGGCTCTC-3	0.058893412	0.7669469	0.0	0.028253367	0.008661395	0.0	0.07909498	0.0
CTGCCTATCACCTTAT-3	0.027071726	0.8591847	0.0	0.019432483	0.011149307	0.0	0.015687656	0.015927725
GAACGGAGTGAAAGAG-3	0.019384244	1.1833414	0.0	0.0	0.0	0.0	0.03830905	0.0
GATGAAACAGACAGGT-3	0.12308922	0.8984031	0.0	0.009364048	0.0	0.010182631	0.009337815	0.004236491
GCTCCTAGTGTGCCTG-3	0.0075576953	0.89281815	0.0	0.02672082	0.0	0.0	0.07086948	0.0
GGCCGATTCAACGGCC-3	0.13761505	0.59854716	0.0	0.019024175	0.0	0.017192056	0.0034382776	0.0
GGGAGATCAATGTTGC-3	0.20663798	0.7448719	0.0	0.007875287	0.024660591	0.00027533912	0.045130804	0.008227732
GGGCACTCATGCCACG-3	0.1982868	0.60698193	0.0	0.010288302	0.0026883185	0.0	0.09918151	0.0020083678
GGGCATCAGGCGATAC-3	0.114827804	0.89773947	0.0	0.015219089	0.0	0.0	0.0045306734	0.015049425
GTTAAGCGTCAGATAA-3	0.060325906	0.5850915	0.0	0.034142733	0.025460124	0.12434569	0.16839616	0.0
GTTCGGGTCAGCTGGC-3	0.019070458	0.9064765	0.0	0.019986648	0.0	0.0	0.03924926	0.023065578
TAAACCGAGCCACCTG-3	0.17478973	1.0561486	0.0	0.040936243	0.051950105	0.0	0.13045238	0.009447512
TAAGTGCGTTCCATGA-3	0.0	0.9281427	0.0	0.0	0.0	0.0	0.009250725	0.019481355
TATCTCATCTTGGGTA-3	0.20262387	0.7956794	0.0	0.021830268	0.0	0.0	0.04060291	0.0
TCACAAGGTTCTGAAC-3	0.103410214	0.81990415	0.0	0.01784601	0.0	0.022069573	0.1485821	0.0
TCGCGAGAGCACCGCT-3	0.08415557	0.8113916	0.0	0.006902433	0.0	0.0	0.0037479803	0.012787629
TGTCCCACACCAGCAC-3	0.29832065	1.0248106	0.0	0.0014562481	0.020905925	0.0	0.16319187	0.0
TTATGCTCATTGAGCT-3	0.10320072	0.7757543	0.0	0.0	0.020110434	0.0006311407	0.20320289	0.0
TTCGGTCCACCCTATC-3	0.23906402	0.34105712	0.001451203	0.023595216	0.0071835015	0.0047342456	0.012220551	0.01675168
TTCTCAACATGGTCTA-3	0.053052656	0.82081825	0.0	0.010266518	0.0	0.0011214084	0.009924031	0.0
TTGGAACCATGCCTAA-3	0.0	0.9878477	0.0	0.0047627813	0.0	0.0	0.13868591	0.002673247
GATCGTACATCGGACC-3	0.26260126	0.8454498	0.0	0.0019378165	0.01750341	0.0033309578	0.16726877	0.031235974
TACGGATCAGGCGATA-3	0.16688897	0.72598755	0.0	0.0	0.0	0.0	0.06828673	0.023826852
CATCAAGCAGCAGTTT-3	0.022270055	0.8792548	0.011521128	0.011437825	0.0	0.0	0.09964925	0.040629838
GCACTCTTCCTTGGTC-3	0.0	0.87230754	0.0	0.05753319	0.0	0.021482266	0.3197415	0.0
CTACATTTCCTGCCAT-3	0.32472086	0.45049185	0.004499969	0.00543448	0.0	0.0	0.01596804	0.010016326
ATCTACTCAAAGTGCG-3	0.09812262	0.9323274	0.0	0.0	0.0	0.032097038	0.08233525	0.010971971
GAGTCCGAGCTGGAAC-3	0.14428952	0.88660485	0.0	0.026468262	0.0	0.0	0.037487753	0.00094692793
ACACCAAAGGACACCA-3	0.0	0.9928803	0.0	0.0	0.0	0.0	0.03133524	0.050099406
ACACCGGCATCGATTG-3	0.0	1.424904	0.0	0.0	0.0	0.0	0.0	0.021613663
ACACTGAAGTTCCACA-3	0.32786274	0.6194398	0.0	0.0	0.0	0.04547581	0.020841045	0.0
ACATCAGTCTGTTTGT-3	0.0	0.9459079	0.0010030282	0.00038817056	0.010625628	0.039734878	0.025095997	0.005962006
AGAGCGACACCTATCC-3	0.068763465	0.78633946	0.0	0.0	0.00261001	0.042344518	0.03704398	0.0
AGCAGCCCAAATCCGT-3	0.0	0.94887453	0.0	0.041909046	0.0	0.010183289	0.022125678	0.0
AGCGTATTCTCGGACG-3	0.055224247	0.7311147	0.0	0.012732675	0.0	0.0260248	0.008063457	0.056679934
ATCACGACACAGGAGT-3	0.050856113	0.73339146	0.0	0.018234177	0.01175451	0.0	0.015169623	0.0
CCACGGATCTTAACCT-3	0.0	0.9394382	0.0	0.004036857	0.0	0.020604895	0.068870984	0.0
CCCAATCGTTTCGCTC-3	0.27060023	0.6327661	0.010239306	0.1101738	0.0	0.0	0.010425269	0.016053857
CGTAGGCAGCCACGTC-3	0.19737086	0.68170995	0.0	0.022358065	0.0	0.0	0.041843288	0.008154471
CTAATGGCACGGCGTT-3	0.0	0.89457333	0.0	0.0005937115	0.0	0.0052661146	0.038230333	0.0
GACGTGCTCCACTCCA-3	0.064200595	0.8310331	0.0068807686	0.0	0.05975587	0.0	0.086562	0.040595047
GTACGTAGTTGCGTTA-3	0.50203335	0.2511264	0.0	0.07244033	0.0	0.011768586	0.15472622	0.013014834
TACGGGCGTAGCCTCG-3	0.0	1.2239716	0.0	0.0	0.0	0.0	0.0	0.0
TACTCGCAGTTGTCGT-3	0.023271179	0.98560196	0.010536794	0.068863556	0.008116711	0.0	0.02667699	0.11996858
TAGCCGGAGAATCTCC-3	0.0	0.83880335	0.0	0.003543759	0.027923295	0.0018031414	0.0	0.027666796
TCACAAGAGTCAAGGC-3	0.0	1.0752356	0.0	0.006107498	0.0	0.04981185	0.0	0.06077111
TCAGGTATCGACCAGC-3	0.0	0.9604755	0.0	0.0	0.0	0.004693524	0.00034065254	0.0037181189
TCGTAGAAGGCCGAAT-3	0.0	0.96780205	0.0	0.0068120817	0.01751965	0.0	0.02251018	0.0
TTAGGACTCGGATGTT-3	0.0	0.97594875	0.0	0.011786561	0.0110305585	0.0	0.019600507	0.018922605
ACAGCCGTCAGTGCAT-3	0.0	0.9061784	0.0	0.019669529	0.010184003	0.015002825	0.059664436	0.0041503757
ACCAGTAGTAGGGACT-3	0.057129126	0.69466895	0.0	0.0	0.0	0.012949558	0.042837203	0.011433889
AGCAGCCCACGGCCAT-3	0.0936735	0.69037765	0.036738023	0.014915597	0.0	0.026800144	0.06948708	0.020430176
ATCATGGCATACTACG-3	0.0	0.7098947	0.0	0.01669613	0.0	0.0	0.05849181	0.0
CGGACGTAGGACATTA-3	0.0	0.7721891	0.0	0.048244875	0.0022143673	0.06281957	0.10032472	0.0
CTGTTTAGTCAAACTC-3	0.06745137	0.7671811	0.0	0.009002229	0.005984464	0.026172046	0.14833386	0.0009758017
GGATGTTGTCCGTCAG-3	0.056285933	0.64440423	0.0	0.0017978157	0.0	0.020872336	0.10275181	0.026202496
TTCTCAAAGCAATATG-3	0.0	0.7402107	0.0	0.0	0.0	0.023610635	0.06845899	0.0
AGACGTTTCGTTACAG-3	0.0	0.9048973	0.0	0.0	0.008282024	0.0033518851	0.06913837	0.0
AGTTGGTCAAGCTGGA-3	0.18494758	0.67203856	0.05289817	0.00029474276	0.0	0.0018234984	0.014576731	0.0
ATCACGATCTTTACAC-3	0.0	0.95554066	0.0	0.0011631167	0.057709355	0.016546914	0.083856	0.025677305
CACAGTAGTCCGTGAC-3	0.0	0.9562937	0.0	0.016796881	0.004089414	0.017396323	0.04742211	0.0
CAGATCATCAACGGCC-3	0.0	0.8584476	0.0042838627	0.033603135	0.025936972	0.040206734	0.20755501	0.0
CCGTGGACAACCGCCA-3	0.0	0.74858487	0.014917461	0.011009059	0.0	0.014417038	0.05051138	0.010041802
CGATGTACATCATCCC-3	0.0	0.8599382	0.035377663	0.054674286	0.014909756	0.043451037	0.05785814	0.0
CGCTATCTCGGAGGTA-3	0.0	0.9596111	0.0	0.027338658	0.045454457	0.0	0.024547834	0.008936778
CGGAGCTAGATCGGGT-3	0.0	0.6845332	0.0	0.0	0.10008745	0.014432036	0.038786676	0.0
CGTTAGACAGGCAGTA-3	0.0	0.8744229	0.0	0.0	0.017538453	0.0054623946	0.02401421	0.0067499164
CTCTACGAGGCGTACA-3	0.0	0.9642061	0.0	0.0	0.019464333	0.0	0.052020792	0.0551467
CTGCGGATCTGGAGCC-3	0.0	1.1426466	0.015653746	0.0060710874	0.00166614	0.030766714	0.044311672	0.008804272
GACGTGCCATTGGGCC-3	0.0	0.760697	0.037759494	0.024573687	0.013841339	0.013392868	0.030844731	0.026831588
GCATACACATGGTAGG-3	0.1494057	0.9001567	0.00603774	0.07334363	0.04916362	0.0	0.07335207	0.012612189
GGTATTGAGCTACCTA-3	0.0	1.1871597	0.0	0.0	0.07178542	0.0	0.009624783	0.01771584
GTGTTAGTCTCGCTTG-3	0.0	1.0868508	0.0	0.012359386	0.01418592	0.0018052759	0.0	0.0
TAGTTGGGTCAGCTAT-3	0.0	0.9507246	0.0	0.0	0.02654894	0.0	0.0	0.020100258
TCATTACTCGTGGTCG-3	0.0	0.60399014	0.0	0.011106928	0.03189325	0.018378455	0.04987867	0.010235074
TCATTTGCATGCCTAA-3	0.0	1.014139	0.0	0.0	0.05313922	0.026935108	0.06385256	0.004180191
TTTACTGCAAACTGTC-3	0.0	0.78804654	0.0033562325	0.0	0.0	0.002249704	0.0	0.0068491823
AACTCAGCATGACATC-3	0.34971052	0.42292586	0.25604346	0.024889478	0.12845193	0.14664903	0.040840358	0.005646264
ACCAGTATCCCTCTTT-3	0.49455252	0.012254373	0.09448294	0.058001902	0.15537317	0.085849375	0.24721862	0.024112776
AACTCTTGTGAGTGAC-3	0.0	0.8229673	0.0029239014	0.015362943	0.003991255	0.027643846	0.0292573	0.0
ACTGATGAGTACGTAA-3	0.0	1.1395863	0.022306683	0.03609457	0.0031890685	0.013848138	0.058618624	0.0
CACCACTGTTGGACCC-3	0.0	1.1126181	0.0	0.016670892	0.0129962005	0.0	0.073457904	0.015945882
CCACCTATCAGCACAT-3	0.0006421978	0.79480773	0.0012646746	0.018639127	0.041853223	0.020306049	0.057461374	0.0071184044
CCGTTCACAATGGAGC-3	0.0	0.9939763	0.0	0.0027712493	0.015560289	0.0	0.0	0.0008343969
GATCGTAGTCGACTAT-3	0.0	0.9569703	0.0	0.0	0.0	0.0	0.019243188	0.0
GTCCTCACACACTGCG-3	0.0	0.9658597	0.0	0.0	0.019604435	0.0	0.018568154	0.051491007
GTGCATAAGTTGAGAT-3	0.0	1.1850681	0.0	0.0	0.0	0.0	0.0	0.0
TAGACCATCATCGGAT-3	0.09334698	0.6956621	0.022616738	0.02190539	0.022284804	0.028820928	0.0	0.03686016
TCTTTCCTCAACCAAC-3	0.0	0.81679755	0.06655984	0.0	0.01704875	0.014338737	0.044137407	0.0
TGCTACCAGAAACGAG-3	0.0	0.9786768	0.0	0.0	0.0	0.0005963118	0.04590318	0.0050598723
TTCTCCTGTTCTGGTA-3	0.0	0.9963822	0.0	0.015586585	0.0	0.022343153	0.055920802	0.0
AACTCTTAGGGCTTCC-3	0.009304989	0.80257547	0.0	0.03727322	0.022292167	0.02827432	0.07508545	0.011143315
AACTCTTGTGGCTCCA-3	0.0	0.9625838	0.0	0.0	0.02269545	0.0	0.100151315	0.0
AAACCTGTCGTACCGG-3	0.0	1.0611413	0.0047071315	0.0	0.0	0.0	0.070269	0.0
ATCTGCCTCCAAACTG-3	0.004491477	0.7683972	0.00286871	0.006503333	0.0	0.013775798	0.060310107	0.009510504
CATCGGGTCAGTTTGG-3	0.0	0.7237966	0.0	0.0	0.00082425534	0.00058013847	0.03371129	0.0
CGAACATTCGCCGTGA-3	0.0	1.2269987	0.0	0.0	0.0	0.0	0.03694873	0.006866963
CGAGAAGAGAGGTACC-3	0.0	0.8754504	0.0	0.023508688	0.028275382	0.016554575	0.07665188	0.0
CGAGCCAAGTACATGA-3	0.0	1.0983869	0.0	0.0	0.0	0.0	0.00609731	0.0
CGGAGCTAGAGTCGGT-3	0.0	1.2029587	0.0	0.0	0.0	0.0	0.009388546	0.0008362363
CGGAGTCAGATCTGAA-3	0.0	0.79225254	0.0	0.056613006	0.0	0.0	0.036621258	0.02521363
CTCAGAATCTCAAGTG-3	0.054893795	1.0349679	0.01205159	0.0	0.062168468	0.022181151	0.06497909	0.0
CTGATCCAGGATGGTC-3	0.0	0.99940515	0.014472276	0.034003716	0.003038169	0.028397122	0.0	0.006069624
GACAGAGGTGTAATGA-3	0.0	0.970694	0.0	0.0030372853	0.0017728945	0.020239603	0.053353034	0.03277139
GACGGCTGTTGACGTT-3	0.032262124	0.8470905	0.012461293	0.0074753226	0.014385542	0.047371984	0.0	0.0
GCTGCGAAGAAACGCC-3	0.0	0.80660844	0.0	0.0313831	0.01646219	0.0	0.011291339	0.0052705696
GGACATTAGTGAACAT-3	0.0	1.063487	0.0	0.018881068	0.062654994	0.03115104	0.038167715	0.038307324
GTATTCTTCCAACCAA-3	0.0	0.92869455	0.003989986	0.0	0.0	0.026639424	0.07288793	0.001976107
TACTTACGTCTCTTTA-3	0.0	0.90131396	0.0	0.033992585	0.008343708	0.0002180032	0.06719921	0.024490649
TATTACCCAGTAAGAT-3	0.0	1.0348312	0.0	0.0033142013	0.0	0.005832664	0.053018887	0.0
TTGGCAAAGCAGATCG-3	0.0	0.51847506	0.0	0.0	0.010947086	0.011065309	0.038934506	0.008163318
CATGACATCGTAGGAG-3	0.070062645	0.60074914	0.021420566	0.0	0.030537345	0.02348673	0.033803236	0.005585427
GAATAAGGTGAAATCA-3	0.0	1.2476302	0.0	0.0	0.0	0.0	0.0	0.040131588
AACACGTTCCTTCAAT-3	0.034544993	1.0237607	0.0	0.0	0.023085402	0.0	0.0	0.020719178
AAGCCGCTCGCCTGAG-3	0.11082621	0.8911937	0.0	0.016170295	0.07737741	0.013249305	0.028194306	0.020458031
ACACCCTGTTCACCTC-3	0.21289851	0.5457337	0.09894393	0.113254465	0.0692758	0.05167664	0.11259575	0.055023547
ACGAGGAAGTGTCTCA-3	0.1529982	0.7554897	0.0	0.0	0.032503277	0.011150964	0.0	0.04088387
ACGGCCACACAGAGGT-3	0.17989622	1.0040237	0.0	0.009921026	0.028263748	0.013984507	0.1637986	0.0
ACGGCCATCAAGATCC-3	0.0	0.58083683	0.008769459	0.014021854	0.016017783	0.016370237	0.031270828	0.006252512
ACTTGTTGTAGCAAAT-3	0.0	0.8177128	0.031352535	0.034148272	0.0	0.01869509	0.025416167	0.026970807
AGCTCCTCACAAGACG-3	0.0	1.305554	0.0	0.0	0.0	0.0	0.0	0.03391879
AGCTCCTCAGTCAGAG-3	0.0	1.1504288	0.0	0.03592468	0.0	0.0012726985	0.0	0.032006755
AGCTCTCTCAGGTTCA-3	0.0	0.81467265	0.0	0.015924599	0.018384105	0.0	0.016023044	0.030299397
AGTGGGAGTACAGCAG-3	0.0	1.2624023	0.0	0.0	0.0112979105	0.0	0.0	0.012778782
CATGGCGCAATGCCAT-3	0.054412253	0.69851726	0.0	0.061448038	0.020298032	0.015805922	0.054862417	0.022057647
CGGGTCACAATAGCAA-3	0.22977032	0.80709296	0.009947491	0.0319305	0.014829163	0.0	0.09749264	0.012728613
CGGTTAACAGATGGCA-3	0.20464025	0.58177394	0.0	0.0	0.04098698	0.004066152	0.13401294	0.034770817
CGTCTACGTACATGTC-3	0.0	0.9338171	0.0	0.0	0.0	0.006438397	0.017004224	0.0053193676
CTCCTAGTCTTTACGT-3	0.119254746	0.8041201	0.0085607	0.05140382	0.0	0.001179307	0.0013491184	0.011363924
CTCTGGTCACCAACCG-3	0.14089741	0.6680957	0.09695596	0.022731937	0.0	0.053804897	0.0013386991	0.099440806
GCCAAATCATCATCCC-3	0.19388612	0.82318807	0.011449627	0.015936801	0.0037399076	0.0042415718	0.0	0.044498555
GTACTCCCACTACAGT-3	0.0	0.9799195	0.0	0.0	0.007850603	0.008545619	0.03271871	0.0013110695
GTGTTAGTCAAGATCC-3	0.020063413	0.7245917	0.022201251	0.009030683	0.040534537	0.0	0.0092801275	0.02726482
TAAACCGTCAGTTGAC-3	0.024424866	0.7604991	0.0	0.06175766	0.01058557	0.010883835	0.053577524	0.025766132
TAAACCGTCATTGCGA-3	0.0	0.68622017	0.0	0.017985526	0.03565874	0.0	0.060150053	0.030055985
TACGGATAGTTTAGGA-3	0.03633401	0.76314825	0.0	0.009863219	0.0005913065	0.013798463	0.014969378	0.0
TAGGCATAGGTTACCT-3	0.0	1.1328311	0.0010317251	0.0	0.0	0.0	0.011438555	0.031865954
AGGTCCGGTGCAGGTA-3	0.06986116	0.68976897	0.011225792	0.042814802	0.0030766653	0.013232155	0.044202928	0.016182529
TAGTGGTTCTTCTGGC-3	0.19219352	0.7523897	0.0	0.009105928	0.043972127	0.0	0.035186376	0.032456513
TGGTTAGCACCCATGG-3	0.029451653	0.5900001	0.0	0.0011934276	0.0066640503	0.0	0.07228964	0.0
AAAGCAACATTCCTGC-3	0.0	0.809284	0.0	0.031097937	0.0035753832	0.018770523	0.026449393	0.034292325
ACATCAGGTGATGCCC-3	0.0	0.9910603	0.0	0.032098215	0.033584055	0.0	0.017074484	0.016690169
ACTTTCAAGAATGTGT-3	0.0	1.2252166	0.0	0.0009976848	0.065645926	0.010401416	0.03137532	0.040669244
AGGGAGTGTTACCGAT-3	0.035847723	0.7426889	0.11433448	0.009578369	0.0	0.030309735	0.08729837	0.063248485
ATAAGAGTCGTCTGAA-3	0.0	0.9128133	0.0	0.0	0.04735053	0.032227222	0.031267516	0.029642299
ATCCACCAGCGCCTCA-3	0.0	0.99249744	0.0	0.019648839	0.08429667	0.0	0.033649184	0.012747115
ATCGAGTAGGATCGCA-3	0.0	0.8669835	0.0	0.026938604	0.02580884	0.034864664	0.1027969	0.0
ATTGGACGTGATAAGT-3	0.0	0.8862092	0.0052733733	0.007034658	0.014377077	0.02047102	0.06843422	0.0
CACACTCCAGACACTT-3	0.0	0.8233044	0.0	0.0029964088	0.028338252	0.041357886	0.052410044	0.024101814
CACTCCAGTATAGGTA-3	0.0	0.8271013	0.0	0.004352053	0.02286269	0.0016305171	0.016354408	0.024068393
CCTCTGAAGTTAACGA-3	0.0	1.0405018	0.0	0.023513224	0.0673738	0.022493549	0.03576069	0.03225193
CGCGGTAGTGCAACGA-3	0.0	0.95399153	0.0	0.0	0.09642961	0.026172489	0.036099337	0.0263412
CGCGTTTAGCACAGGT-3	0.0135545265	0.86851925	0.056862086	0.0	0.0	0.020330504	0.08638945	0.01344324
CGGTTAAGTTGACGTT-3	0.016080579	0.99386066	0.0	0.011085017	0.026261592	0.010790418	0.025960641	0.008836806
CGTTGGGGTCTTGCGG-3	0.08075147	0.6762318	0.0	0.0	0.027460685	0.012695421	0.060882688	0.0264412
CTCGAAATCGGAGCAA-3	0.018267198	0.75300014	0.0	0.038414557	0.07881073	0.017742423	0.054476794	0.010942227
GACTAACGTCGAAAGC-3	0.0	0.8537183	0.0	0.0	0.025309011	0.03182687	0.060069915	0.019049592
GCTTCCATCGTACCGG-3	0.0	1.0663353	0.0	0.0	0.018154018	0.021864219	0.035153113	0.0
GGACATTTCCGGGTGT-3	0.0	0.8937727	0.0	0.0	0.00591356	0.0	0.036315724	0.020206656
GGCGACTGTCATGCAT-3	0.0	0.85691	0.0	0.01768379	0.07736156	0.0	0.043128513	0.02050891
GGCTCGAGTCCATGAT-3	0.0	0.63875246	0.0	0.015592392	0.078151554	0.0	0.054372143	0.024136053
GGGCACTCAGACAAAT-3	0.0	1.0094647	0.0	0.0	0.03575921	0.004826083	0.030370157	0.013401097
GGGTTGCCAAGGACTG-3	0.0	1.1593587	0.0	0.0	0.0077662976	0.0	0.004179266	0.0023781776
GTGCTTCAGGCATGGT-3	0.0	0.5924344	0.0	0.00796609	0.0	0.040488753	0.047666267	0.021790909
TCACAAGAGGATGGTC-3	0.0	0.90322006	0.0	0.0	0.0	0.0	0.060325194	0.015880868
TCAGCAAGTGCTTCTC-3	0.0	0.6950262	0.0	0.0	0.080466904	0.014395273	0.020666784	0.0
TCGCGAGCAGACAGGT-3	0.0	0.93562764	0.0	0.0	0.037823517	0.0	0.030927446	0.0299591
TCGGGACAGTGGTAGC-3	0.06696268	0.72340405	0.0	0.007924895	0.05172568	0.020896647	0.12026733	0.0
TGACTTTGTGCACTTA-3	0.0	0.5994133	0.0	0.005090633	0.006822212	0.067849144	0.086775266	0.015119741
TGGGCGTCACATGTGT-3	0.0	1.0507046	0.0	0.00824664	0.12983033	0.010234856	0.033023994	0.012107978
TTGCGTCGTGAGCGAT-3	0.0	0.9513959	0.0	0.0	0.047208875	0.0	0.06584452	0.013120878
CATGACAGTATATGGA-3	0.0	1.1751888	0.0	0.0097388895	0.08708097	0.010609042	0.0612493	0.015314029
CATTCGCGTTCAACCA-3	0.0	0.55309254	0.0	0.0	0.03744673	0.008304663	0.07344193	0.0
CTAAGACTCTTCAACT-3	0.103471026	0.78019273	0.028319215	0.0	0.00037701588	0.0	0.0	0.0
AAGACCTTCTCTAAGG-3	0.037161026	1.0448668	0.025216065	0.0062389025	0.0	0.0	0.0	0.0
ACATACGAGGTGATAT-3	0.20393106	0.68159825	0.0004105354	0.0014950694	0.0	0.02261648	0.06250982	0.037050426
ACATCAGGTACTCGCG-3	0.0	0.9356968	0.08603575	0.046840537	0.0	0.0	0.07537417	0.028919276
ACATGGTTCGTGGTCG-3	0.12624584	0.8074839	0.0	0.009350541	0.0	0.0	0.0026306228	0.015190873
ACTGATGAGAAGGTGA-3	0.17717566	0.8830972	0.0	0.04986617	0.0	0.025607204	0.00066707446	0.061059345
AGATCTGTCTATCGCC-3	0.109115005	0.8995331	0.0	0.01551636	0.0	0.03633289	0.0	0.092554495
AGCAGCCAGGCCCTTG-3	0.20694196	0.7441629	0.0	0.0	0.0	0.009272171	0.0	0.038005535
ATAAGAGGTTTAGGAA-3	0.13900232	1.0456004	0.0	0.0039655203	0.0	0.016767288	0.0	0.014216643
ATCGAGTTCATGTGGT-3	0.28799823	0.5499261	0.0016442973	0.011297166	0.0	0.04761858	0.009735023	0.0292421
CAACCAAAGCAGATCG-3	0.0	1.321714	0.0	0.0	0.014619384	0.007661101	0.0017473496	0.0506909
CATATTCTCCTTTCGG-3	0.13175061	0.72880495	0.0	0.03432359	0.0	0.0	0.0	0.027367644
CATTATCGTACCTACA-3	0.018519195	0.74014753	0.0	0.0	0.030993123	0.011728181	0.0	0.09276358
CCTTCGAGTAAGTTCC-3	0.23766576	0.6459215	0.0	0.017464286	0.0	0.04969049	0.0	0.08169208
CGACCTTTCATCATTC-3	0.16878578	0.7413467	0.0	0.03604412	0.0	0.011483559	0.0	0.034880437
CGAGCACGTGCGCTTG-3	0.0	0.9714509	0.0	0.0	0.0	0.0	0.0	0.021588761
CGGACGTTCCTGCAGG-3	0.14551336	0.90269387	0.0	0.0	0.00806264	0.0	0.026754051	0.053462397
CGGTTAAAGAAACGAG-3	0.20368043	0.68826425	0.01697785	0.04277282	0.0	0.070188746	0.0	0.048459485
CGTCAGGAGCGATTCT-3	0.036211878	0.963904	0.041727595	0.0	0.016786167	0.0	0.0052967584	0.09508784
CGTCTACTCCGAACGC-3	0.27602676	0.58168334	0.017289523	0.035483994	0.0	0.008761933	0.020200467	0.015685152
CTCAGAAAGGATGGTC-3	0.17986228	0.54135936	0.0	0.0	0.012966777	0.006435297	0.0077162264	0.005528992
GAAGCAGTCTTGTTTG-3	0.1683938	0.92673755	0.00043199744	0.0	0.019777114	0.0024923324	0.0	0.022088049
GACCAATGTCAATGTC-3	0.10362918	1.0891248	0.0	0.010385237	0.0	0.0	0.0	0.0093754465
GACGGCTTCAGAGACG-3	0.1877243	0.8796216	0.0	0.0023491664	0.022256942	0.01919946	0.0	0.009274214
GATCAGTGTTAGAACA-3	0.25895855	0.78541046	0.0108934725	0.016344178	0.0	0.02459254	0.03917117	0.018397331
GCTCCTACAATGGATA-3	0.070769615	1.1081825	0.0	0.0	0.0	0.0	0.0	0.13962848
GCTCTGTTCGGCGCTA-3	0.28325135	0.49984795	0.0034589174	0.0027499972	0.00553087	0.0020805881	0.08652255	0.008550564
GCTGCTTCAGTGACAG-3	0.028312754	0.8994112	0.0032262518	0.0	0.014148555	0.0	0.0	0.0006169066
GGCGTGTCAGTGAGTG-3	0.113105215	0.632266	0.0	0.012546132	0.01771364	0.0	0.0	0.0
GGTGTTAAGTCGTTTG-3	0.046352856	0.96879333	0.0	0.016521985	0.0	0.010550866	0.006026816	0.0
GTACGTAGTCCAACTA-3	0.4572981	0.5483452	0.0	0.026129939	0.05845625	0.0	0.021732297	0.055602938
GTACTCCTCCTGCTTG-3	0.0	0.9814785	0.0	0.0	0.0	0.0002124686	0.05043077	0.023823118
GTAGTCACAACTGCGC-3	0.15933263	0.714979	0.0	0.010903935	0.0332478	0.00046664028	0.08959197	0.01407605
GTATCTTCACGTAAGG-3	0.052034393	0.82350177	0.0	0.0	0.0	0.0	0.04626515	0.001211589
GTGCAGCAGACAGAGA-3	0.07787796	0.6729977	0.0	0.06468159	0.055262327	0.012601528	0.05820771	0.042132895
GTTAAGCTCGTGGACC-3	0.052352812	1.0006707	0.0	0.0018706617	0.0	0.0	0.0	0.03261676
TACAGTGAGCTGAACG-3	0.20350723	0.8294511	0.0	0.0041105878	0.0	0.0005740678	0.021708231	0.019341087
TACCTATTCGGCGCAT-3	0.19335134	0.69126403	0.0	0.05236263	0.0072237602	0.0021864907	0.0040114964	0.008873155
TCCACACGTTCGAATC-3	0.28312552	0.74703026	0.0	0.009818814	0.026696784	0.0	0.02842338	0.037330147
TCGGGACGTGCCTTGG-3	0.21289207	0.6976752	0.030692037	0.03566755	0.0	0.0	0.0	0.0057796184
TGCCCATTCCTCGCAT-3	0.268749	0.2887334	0.008554741	0.017960606	0.0	0.0	0.015804803	0.026929216
TTAACTCCACTTGGAT-3	0.29444897	0.6644755	0.0	0.0051297783	0.0	0.0	0.036524117	0.04684334
TTCTCAACAGTAACGG-3	0.14944875	0.65957063	0.0071767783	0.020220684	0.0	0.0	0.0	0.0
CCTAGCTGTGACTCAT-3	0.20352414	0.603599	0.0	0.004467194	0.02812873	0.0	0.02197858	0.012645028
CTAGTGAGTGTGACCC-3	0.23388496	0.7308942	0.013229981	0.032961443	0.0	0.0	0.02155552	0.019005427
TAAGCGTCACATGTGT-3	0.2009397	0.7336967	0.0	0.056890942	0.0	0.008601472	0.10140751	0.0015780006
AACACGTCATTGGCGC-3	0.18856825	0.5732684	0.0	0.019505786	0.022497222	0.04330446	0.02147254	0.020006942
AACTCCCTCATAGCAC-3	0.20463471	0.5049045	0.0	0.0	0.0049894704	0.0079093	0.017174195	0.014830996
AAGGTTCTCCCTCTTT-3	0.1719535	0.6563358	0.0	0.022089373	0.0	0.0	0.0	0.01607292
ACACCGGTCCATGCTC-3	0.16625504	1.0857319	0.0	0.0043968535	0.0	0.0	0.0	0.022205632
ACCAGTAAGATCTGCT-3	0.17278224	0.7953075	0.02779242	0.042337805	0.0	0.00044479998	0.00034556168	0.006604231
ACGAGGAAGTATCTCG-3	0.15375006	0.639812	0.0014870453	0.029985677	0.0	0.038505398	0.010737817	0.03078399
ACGCCAGCACAAGCCC-3	0.13707584	0.6670729	0.025979225	0.0	0.0	0.0	0.026532387	0.013960994
ACGGCCATCTGCCCTA-3	0.25486442	0.82474977	0.0	0.07406803	0.008368602	0.0	0.012347667	0.039403934
AGAGCTTAGGACATTA-3	0.0	1.0223149	0.0	0.023423063	0.0	0.0	0.028819961	0.05153989
AGCGTCGCAAGTCATC-3	0.111965925	1.0647191	0.0	0.018897427	0.0016319893	0.0023518659	0.009428823	0.0
AGGGATGTCGTTACGA-3	0.13013095	0.70751184	0.0	0.015603487	0.026826778	5.1381503e-05	0.022875695	0.0092031155
AGTGAGGTCAATACCG-3	0.14308512	0.6738657	0.0	0.0	0.033721875	0.017340817	0.0	0.03730806
ATAACGCAGCGTAGTG-3	0.0	1.1724046	0.0023556172	0.0029101504	0.0	0.0	0.02929834	0.0
ATCATCTCAATCTACG-3	0.08831919	0.79287505	0.0	0.011363246	0.0	0.0	0.010462534	0.0
ATCTACTAGATAGCAT-3	0.27091053	0.8215375	0.0	0.0013304573	0.0	0.009684011	0.044352874	0.062085904
ATTTCTGCAAACCTAC-3	0.08706624	0.9942223	0.0	0.0	0.0	0.016532239	0.011535194	0.009120783
CAAGAAACACGAAAGC-3	0.12190812	0.68674886	0.0259891	0.034495328	0.008284991	0.015882239	0.0653753	0.026032152
CACCACTTCTCGCTTG-3	0.2988542	0.7284415	0.0	0.01309043	0.0	0.0	0.010212753	0.0013591287
CACCAGGGTCCCTTGT-3	0.03059522	0.7761222	0.0	0.0	0.0	0.03278875	0.017492034	0.032312904
CACTCCATCGGTTAAC-3	0.069939435	0.86081845	0.0	0.0	0.0	0.019730737	0.011966658	0.00026882088
CAGCAGCGTGATAAGT-3	0.11103014	0.8485543	0.0	0.024285821	0.0	0.0	0.0	0.007200937
CAGCAGCTCTCGAGTA-3	0.045949418	0.78509307	0.0077413456	0.011035446	0.0055513955	0.0	0.0002895747	0.0
CAGCATAGTATCGCAT-3	0.042081993	0.8837451	0.0	0.029243387	0.013112782	0.0	0.0069587496	0.023536157
CAGCTAAAGTGAAGAG-3	0.20865646	0.81690156	0.0	0.059414364	0.0030073465	0.0	0.0	0.030049458
CAGTCCTGTAGGGACT-3	0.060915433	0.7145539	0.0	0.023492828	0.0	0.0068964986	0.021276357	0.010626953
CAGTCCTTCGCACTCT-3	0.1929174	0.822833	0.0	0.0022273215	0.0017464962	0.007825744	0.022873815	0.029209672
CATTCGCGTGCTGTAT-3	0.054369703	1.0439633	0.0	0.03387607	0.0	0.0	0.0	0.012599221
CCCTCCTTCAATCTCT-3	0.06650353	0.8044254	0.0	0.0	0.0	0.0	0.0	0.0
CCTATTACATCGTCGG-3	0.26415297	0.9592507	0.0	0.015024059	0.0	0.00015398009	0.0	0.017111018
CCTTACGCAATCGAAA-3	0.0	1.047239	0.0	0.0	0.0	0.037454847	0.031213867	0.017809981
CGACCTTGTCTGCAAT-3	0.23451637	0.86706203	0.0	0.10230826	0.0	0.01279684	0.0	0.0029022126
CGAGAAGTCGGTGTTA-3	0.0	0.91436315	0.0	0.0	0.0	0.02773562	0.0	0.0006429781
CGATCGGCAGGTCCAC-3	0.0	0.8957848	0.0	0.0	0.0	0.0	0.0	0.0
CGCTGGAAGCAGCGTA-3	0.09799245	0.7657443	0.013156204	0.026211701	0.0	0.010349559	0.015374832	0.0021001187
CGGACGTGTACGACCC-3	0.16248257	0.9580553	0.0	0.0	0.0	0.0	0.01829168	0.019748673
CGGAGCTAGAAGGTTT-3	0.20659497	0.71637726	0.0	0.012965725	0.0	0.022510998	0.029585445	0.045611586
CGGAGTCAGATAGGAG-3	0.07560268	0.7488011	0.023637017	0.004465154	0.0	0.0	0.0	0.027680567
CGGCTAGCATTCCTCG-3	0.06260717	0.686174	0.0	0.040477365	0.0	0.099326946	0.043135043	0.015986634
CGTTCTGGTAGCGCAA-3	0.330865	0.5637859	0.0	0.05913954	0.019648727	0.025577433	0.019903895	0.0064390954
CTCGGAGAGTACGCGA-3	0.16955172	0.657797	0.0014130502	0.0378303	0.0	0.023599125	0.060982354	0.015001155
CTCGTACAGTCTTGCA-3	0.3513428	0.40400004	0.021436853	0.027519125	0.001848857	0.0	0.03964914	0.024675593
CTGCTGTTCCTAGAAC-3	0.33284652	0.6299592	0.018375315	0.027622975	0.0	0.019454991	0.0	0.012105358
CTGTGCTGTCTGATCA-3	0.14515372	0.7499658	0.0	0.0	0.003336231	0.0	0.038087986	0.010304339
CTTGGCTAGAGCCCAA-3	0.21892849	0.86774606	0.0	0.0830493	0.0	0.0	0.03270593	0.009388954
GAACATCTCGCCAAAT-3	0.16737054	0.9241614	0.0	0.067118794	0.011059992	0.0027407252	0.021286467	0.034886062
GAACCTACAGGCAGTA-3	0.18577097	0.9469183	0.0	0.011038115	0.0	0.031719416	0.005476978	0.01674315
GATTCAGCAAACCTAC-3	0.0	0.6676854	0.0	0.0	0.0	0.0	0.01804409	0.029734148
GCAATCACAGTCACTA-3	0.0	0.8715135	0.0	0.0	0.0	0.025040653	0.0	0.0
GCATGTAGTAGCACGA-3	0.19637197	0.5749367	0.0	0.058252357	0.0	0.0	0.0	0.030190837
GCGCAGTGTCGCGGTT-3	0.10911138	0.65322614	0.0	0.0	0.007826932	0.0	0.0	0.0
GCGCGATCAAGGTTCT-3	0.31204718	0.7226803	0.0	0.06442326	0.0	0.0	0.038983043	0.06130295
GCGGGTTTCTACGAGT-3	0.18791564	0.7592352	0.0	0.013747496	0.0038041577	0.016725615	0.0	0.019532371
GGACAAGGTTTGTTTC-3	0.17940624	0.9304568	0.0	0.009612283	0.0	0.00022403915	0.009723615	0.011332177
GGAGCAAAGTCAAGGC-3	0.21513072	0.8822948	0.00040861472	0.0	0.0	0.0	0.018598575	0.040468093
GGATGTTAGGCAGGTT-3	0.22307731	0.47839186	0.02232415	0.0	0.0	0.011576141	0.02152538	0.008697359
GGCGTGTGTGTCTGAT-3	0.08279248	0.8440398	0.0	0.0	0.0	0.0	0.0	0.03499774
GGGAATGGTGTGGTTT-3	0.19903469	0.8005917	0.095092155	0.024343582	0.0	0.033027608	0.0	0.044178773
GGGAGATTCAACTCTT-3	0.0	1.0370891	0.0	0.01827002	0.0	0.0	0.0	0.012336704
GGTGAAGAGACTGGGT-3	0.0	0.6996019	0.0	0.0	0.014156009	0.0052566435	0.0	0.057284206
GGTGAAGAGCTCAACT-3	0.0	0.892614	0.0	0.0	0.0	0.008690802	0.06997766	0.0
GTACGTAGTGAACCTT-3	0.12697402	0.82145864	0.0	0.013008486	0.0	0.0038655945	0.0	0.03862317
GTAGGCCCACCCATTC-3	0.2694076	0.84745616	0.0	0.008589459	0.0	0.0046433075	0.0067163683	0.01722491
GTCAAGTTCGCAGGCT-3	0.07312693	1.0105964	0.04432765	0.05720031	0.0	0.014159281	0.0184345	0.022954682
GTCTCGTGTCCAAGTT-3	0.34210622	0.69645035	0.0	0.014509636	0.015823033	0.0	0.0	0.02895839
GTGTGCGTCGGCGCAT-3	0.16532531	0.6501829	0.0487243	0.017612662	0.0	0.022064496	0.0056024687	0.055470347
GTTACAGTCAGCTCTC-3	0.41436508	0.5216709	0.02938887	0.011423679	0.018755222	0.008896637	0.014099991	0.0076572592
TACTTGTAGGCCCTCA-3	0.24186946	0.5834184	0.0	0.0	0.023075035	0.01935272	0.015014285	0.00015231517
TCAGCAATCAGAGCTT-3	0.0569689	0.8318133	0.0	0.0077667385	0.0	0.02687893	0.0	0.016378734
TCAGGATGTCCGCTGA-3	0.11026404	0.720841	0.0	0.029988538	0.019109948	0.013716587	0.046032526	0.026982592
TGAAAGATCACAAACC-3	0.0001628586	0.8760297	0.0	0.001246109	0.0	0.010027369	0.0019574747	0.0
TGAGAGGTCCCTAATT-3	0.011942082	0.82988137	0.0	0.0	0.0	0.0	0.020886986	0.0
TGAGCCGAGAGCTGCA-3	0.09268438	1.0027882	0.0	0.0068782037	0.011185318	0.03755169	0.016719922	0.00056033325
TGAGGGAGTTATGTGC-3	0.13919476	0.96032	0.0	0.014472287	0.0	0.0	0.039751377	0.13296649
TTCGAAGTCACAAACC-3	0.30951756	0.81231076	0.004089604	0.021874305	0.0	0.0	0.0	0.012667226
TTCGAAGTCCACTCCA-3	0.3663967	0.6023905	0.007040897	0.024089178	0.050301623	0.0	0.07484179	0.06145513
CAAGAAAAGCGAGAAA-3	0.32352045	0.71548617	0.0	0.0	0.033499077	0.0	0.013663456	0.08909658
CTCTACGTCTCTTATG-3	0.1759719	0.71154284	0.0	0.0	0.00081043947	0.0	0.040193584	0.046779167
GCTCCTAAGGCATTGG-3	0.14405544	0.5665465	0.00762364	0.047505677	0.0	0.0083875805	0.021145532	0.015627451
TCTATTGAGGGCACTA-3	0.2407768	0.6135298	0.0073513906	0.017625729	0.0	0.0	0.021427574	0.0
TGGCTGGAGCGGATCA-3	0.04551711	1.34358	0.036641337	0.028441243	0.0	0.02811937	0.023343064	0.024285294
CACCACTAGGCGCTCT-3	0.12674588	0.99906456	0.0	0.0	0.01256989	0.00032535446	0.009849424	0.027263591
CAGCTAAGTTCCTCCA-3	0.036236122	0.6813274	0.0	0.0	0.0030251348	0.0	0.0	0.04176327
CGAACATTCAGGTTCA-3	0.091699414	0.78699213	2.9483355e-05	0.0	0.024007937	0.0	0.020941203	0.042858444
CTACGTCAGTACGCCC-3	0.11991405	1.0372065	0.0	0.0	0.0	0.0	0.027790317	0.030880082
CTTAGGAGTCGCATAT-3	0.19060048	0.949697	0.00024660805	0.06451201	0.0	0.0	0.009860321	0.030968342
CTTAGGAGTTCAGCGC-3	0.026832499	0.87861294	0.0	0.021430207	0.0	0.0	0.14398496	0.000790685
GGACGTCCAGTCGATT-3	0.0	0.97578347	0.0	0.0030222284	0.0	0.00041937956	0.07511928	0.031510204
GGGAATGCAGATGAGC-3	0.20427026	0.6413653	0.007003188	0.0233809	0.029616103	0.0	0.015288638	0.047417447
TAGTTGGGTCCCTTGT-3	0.1265354	0.7729957	0.0	0.024779769	0.0	0.0	0.023289647	0.05884467
AAGACCTGTCCGCTGA-3	0.0	1.0614704	0.0036374426	0.0043358854	0.039773945	0.012683028	0.041841295	0.037920505
ACAGCCGGTTTAGCTG-3	0.017052235	0.94688624	0.041059997	0.0	0.0	0.040228266	0.0	0.030696219
ACCTTTACAGACGCCT-3	0.097178005	0.6462685	0.028065545	0.0	0.012857474	0.0059486437	0.08291018	0.07794853
ATCACGACACCAACCG-3	0.0	0.9529703	0.0	0.0	0.0	0.0	0.047626484	0.0
ATTATCCTCTTACCGC-3	0.0	0.888355	0.029449102	0.0	0.0	0.0	0.07063515	0.06670866
CCACTACAGCCTATGT-3	0.0	1.2487878	0.0	0.009917768	0.020684954	0.035165805	0.09940421	0.0
CTTAACTGTTCCACAA-3	0.0	0.9490087	0.0	0.009838917	0.00070394354	0.012038938	0.08501825	0.0
GGAAAGCGTCAGAAGC-3	0.0	1.1257548	0.0025352973	0.0	0.0	0.0	0.0	0.03999958
GTCTTCGGTCTTGCGG-3	0.0	1.3130038	0.0	0.0	0.0	0.0	0.0	0.06387014
TACTTACCAAGCCATT-3	0.0	1.0157424	0.0	0.0	0.014512376	0.0	0.05917314	0.016683234
TATGCCCCACTTAAGC-3	0.0	1.0997733	0.021411149	0.0	0.02840403	0.0	0.104718566	0.0
TCTGAGATCTAACTGG-3	0.086283155	0.917494	0.0	0.009387629	0.017637942	0.003767841	0.029855648	0.02054764
TGACTAGTCACCTCGT-3	0.096351035	1.0398993	0.0	0.0	0.013177907	0.013246772	0.0681805	0.033883896
CAGCATAGTTCAGACT-3	0.010751956	0.7056241	0.015048632	0.02706308	0.007497913	0.011212254	0.24926051	0.0
GAGCAGACAGCATGAG-3	0.09005985	0.87860316	0.0	0.03277866	0.006207044	0.0298095	0.12044038	0.0
TACCTTAGTAAGAGGA-3	0.0	0.8638774	0.0073343082	0.062133998	0.0	0.034315597	0.33305934	0.0
GAAGCAGCAGTGAGTG-3	0.0	0.6086418	0.016977573	0.009270791	0.0	0.007744191	0.5116294	0.024580853
ACAGCCGAGTGGCACA-3	0.0	0.5419004	0.0	0.011180387	0.0	0.011912695	0.2796058	0.0
CATCGGGGTAGGGTAC-3	0.0	0.8641776	0.0	0.0	0.0	0.03459628	0.31390503	0.0
GCGACCAGTTATTCTC-3	0.0	1.128972	0.0	0.0	0.028826723	0.0	0.20042649	0.0
AAAGCAAGTCTAACGT-3	0.08373207	0.44477537	0.011061928	0.039858807	0.0	0.008728354	0.27423617	0.0014776842
AACTGGTTCAGTTTGG-3	0.0	0.6382908	0.0	0.019212317	0.008699387	0.02996111	0.1925359	0.0030809562
ACATGGTTCCTAGTGA-3	0.0	0.90554965	0.0	0.020504445	0.0	0.020301463	0.23860458	0.0061408575
ACGAGCCAGAGCTTCT-3	0.0	0.41024747	0.0	0.0	0.0	0.007553145	0.07641004	0.0
AGATCTGCACGAGGTA-3	0.0	0.64899176	0.005408651	0.013875111	0.0	0.0	0.55394465	0.0
AGCCTAACACATGGGA-3	0.0	0.86358035	0.0	0.0	0.0	0.013409888	0.43205416	0.0
AGGCCGTTCCTTAATC-3	0.0	0.7510967	0.0	0.0023258612	0.0	0.0	0.46128207	0.0
CACCACTAGGCCCTCA-3	0.0	0.4989643	0.0	0.0	0.0	0.0	0.9477341	0.0
CAGCAGCAGAGGGCTT-3	0.0	0.75589484	0.0	0.018874265	0.0	0.007048409	0.3228071	0.0
CATGCCTGTACAGTTC-3	0.0	0.51362914	0.0	0.0	0.0	0.01606277	0.55940694	0.0
CCACCTACATACAGCT-3	0.0	0.7882517	0.0	0.0	0.0	0.014546655	0.3755848	0.0
CCGGTAGGTTACAGAA-3	0.0	0.64249897	0.0	0.0	0.0	0.0	0.23106498	0.01124677
CGTGAGCGTTGTCGCG-3	0.0	0.81141603	0.0	0.0	0.0	0.0	0.490967	0.013345663
CTACGTCTCCCGGATG-3	0.0	0.97426844	0.0	0.0	0.0	0.0035667678	0.26415855	0.0
CTGATCCAGGCCGAAT-3	0.0	0.33899623	0.005436234	0.0	0.0	0.0	0.55941254	0.0
GACAGAGAGGAGCGAG-3	0.024978854	0.68957925	0.0068688435	0.033322074	0.0	0.034038324	0.18114305	0.0
GACCAATTCCTAGGGC-3	0.0	0.6898085	0.0	0.0	0.033137966	0.03780999	0.32040724	0.0
GTCCTCACATTCCTCG-3	0.0	0.544692	0.0	0.0	0.0	0.0024617205	0.5562552	0.0
GTCGTAAAGCGACGTA-3	0.0	0.6664289	0.0	0.012856555	0.0	0.0020424665	0.375757	0.0
GTCGTAAGTGTGGCTC-3	0.0	0.7238239	0.0	0.0	0.0	0.01613211	0.27759784	0.0
TACGGGCAGGACATTA-3	0.0	0.33239454	0.0	0.0	0.0	0.0	0.8325942	0.0
TCACGAAAGCCAGTTT-3	0.0	0.6902166	0.0	0.023485677	0.0	0.0	0.42330232	0.0
TCTCATATCGTTACGA-3	0.0	0.50443447	0.0	0.0	0.0015927827	0.0	0.4672471	0.0
CTCGAAAAGCCAGAAC-3	0.0	1.0013924	0.0	0.004089905	0.014904634	0.0	0.06712033	0.0
ATCTACTCATCTCCCA-3	0.0	0.82851785	0.0	0.022496913	0.04519114	0.032978743	0.09604654	0.0
GGAAAGCCAATAACGA-3	0.32811096	0.5077872	0.02984326	0.034968227	0.029415691	0.0	0.03972862	0.011087461
AACTTTCGTTGAGGTG-3	0.0	0.9605901	0.0	0.0	0.0	0.0	0.113035575	0.0
AGTCTTTGTCATGCCG-3	0.160194	0.8363353	0.00049754843	0.0	0.0	0.025792139	0.023897287	0.03983526
ATCATGGCACCACCAG-3	0.28113875	0.64674324	0.0	0.02507608	0.01703015	0.0	0.029063024	0.011864163
ATCTACTAGTGCGTGA-3	0.40725088	0.7676868	0.0	0.000530195	0.0	0.0026938398	0.027031181	0.0095975995
CACATAGGTGTCAATC-3	0.38971335	0.5058175	0.0	0.07185276	0.0	0.0	0.054401934	0.050228212
CAGAGAGGTGTGGTTT-3	0.073280625	0.84787637	0.0	0.022518959	0.0	0.0	0.061159916	0.013546993
CCACCTACAACACGCC-3	0.09491975	0.8611182	0.0	0.0010768211	0.005748866	0.0	0.05109346	0.0010223277
CCTCTGACACCACGTG-3	0.26902825	0.79214865	0.0	0.015783522	0.0	0.0	0.006204716	0.0024319328
CCTTACGCATTAACCG-3	0.0	1.1921688	0.0	0.0	0.0	0.0	0.03645102	0.0056294645
GCACTCTTCATTATCC-3	0.29101568	0.7361759	0.0	0.030460583	0.013445419	0.0	0.082549036	0.031822145
GCTCTGTAGTGCAAGC-3	0.1800524	0.77486837	0.0	0.016738813	0.007196483	0.0	0.070726186	0.014015974
GTACGTAGTGTTCTTT-3	0.33740416	0.62634337	0.008927994	0.016832737	0.009672806	0.0	0.007075777	0.034273725
TACGGATTCCTTCAAT-3	0.2753668	0.6939657	0.036312845	0.07739234	0.0	0.0	0.07596214	0.0
TGTCCCAAGGAATTAC-3	0.11162784	0.7691373	0.014567836	0.006387702	0.0	0.009542145	0.028363686	0.049002666
TGTCCCACATGCATGT-3	0.15816195	0.6678607	0.0	0.0034836477	0.0	0.0	0.046095967	0.02775803
AAAGATGAGGTGCTTT-3	0.49961084	0.32307765	0.01080405	0.029838277	0.017999139	0.0070150383	0.09235086	0.012520256
AAAGATGCAGACGCAA-3	0.3854355	0.20747837	0.004916592	0.063381486	0.023749541	0.0	0.049760673	0.0144734485
AAGCCGCCAGGGCATA-3	0.50025016	0.25596237	0.0	0.041627277	0.064308204	0.019799815	0.14435622	0.028394405
AGAATAGCAGGCTCAC-3	0.69815975	0.20344171	0.02953444	0.032944705	0.12831849	0.0342394	0.16103327	0.0
AGAGTGGAGCACCGCT-3	0.6312105	0.26739737	0.0	0.015824033	0.017947702	0.0035540888	0.04077667	0.016016157
AGGGTGAGTATATGGA-3	0.537903	0.3117381	0.0	0.020720635	0.019249741	0.0	0.08451461	0.02165279
ATCTACTCAGGATCGA-3	0.35019797	0.3544152	0.0	0.0	0.04995949	0.0	0.056496084	0.00184907
CAGCGACTCTGCGGCA-3	0.42957276	0.2547331	0.0	0.06133353	0.056657948	0.0	0.12390012	0.036243733
CCAGCGACAAAGGCGT-3	0.52348953	0.2018989	0.0	0.02170337	0.05717035	0.0	0.13056085	0.0033174753
CCCATACTCAACGAAA-3	0.4993635	0.3040203	0.0	0.0639537	0.042553056	0.0	0.09829769	0.005913241
CCGGGATAGTGTACTC-3	0.30067673	0.28426144	0.014956556	0.044866245	0.013688869	0.015792165	0.04042791	0.027315935
CCTCTGAAGCCCAATT-3	0.526559	0.15627702	0.0131008895	0.116719246	0.08805608	0.06610149	0.20427145	0.013525464
CGAACATTCACAACGT-3	0.3528521	0.41563937	0.0	0.055251043	0.029235082	0.01585502	0.086737074	0.045285072
CGGAGCTTCATGCATG-3	0.44750074	0.19669576	0.015707344	0.04119609	0.031724017	0.008188965	0.08184273	0.0044808877
CTAATGGAGGCTCATT-3	0.17478448	0.1718691	0.0	0.0717825	0.05985632	0.009101478	0.34806558	0.0053131864
CTCGGGATCAAACGGG-3	0.5217921	0.2586784	0.0010018137	0.034563016	0.0112177245	0.008147503	0.063344575	0.004511777
GACGTTAAGACAGAGA-3	0.2937941	0.27301848	0.0	0.0892402	0.03945734	0.017786449	0.069286175	0.038436785
GAGCAGAGTACACCGC-3	0.41477755	0.16866	0.006651741	0.026318641	0.025026232	0.041714642	0.07920407	0.0014186088
GAGTCCGTCTTACCTA-3	0.39872378	0.23701607	0.0	0.044011325	0.0053678774	0.014131057	0.10982438	0.0021883382
GATGAAATCTCGTTTA-3	0.61890924	0.19529109	0.0	0.012396782	0.044642523	0.0	0.101053834	0.0077778273
GCACATAAGATGTGTA-3	0.4007656	0.25520304	0.087574035	0.0017436205	0.041310057	0.023704408	0.13497727	0.036755558
GCATACACACTGAAGG-3	0.31239742	0.17431659	0.0	0.046131503	0.0144088585	0.0	0.16329595	0.0
GCGCAACAGGGTCGAT-3	0.4341243	0.10428996	0.00011992718	0.04561545	0.026923845	0.0	0.15380612	0.011902377
GGGCATCAGGCAAAGA-3	0.48545662	0.38107392	0.0	0.040209558	0.036209024	0.0	0.12594722	0.0033797494
GGTATTGAGAAGGTGA-3	0.51912826	0.16701326	0.0	0.034048848	0.06122632	0.022267554	0.07168501	0.004088451
GGTGTTAGTAATCACC-3	0.51524484	0.17316838	0.02688859	0.059724092	0.023335181	0.008364259	0.10075224	0.022421993
GTATTCTAGCTTATCG-3	0.5394779	0.17351846	0.0	0.031527672	0.010032334	0.00045646634	0.07843799	0.024445573
GTGTGCGTCCCTGACT-3	0.47497478	0.23862314	0.011208774	0.05968097	0.021383978	0.025248108	0.12727344	0.00951561
TAGGCATCACCCATGG-3	0.5800952	0.38837957	0.026043314	0.0	0.06505805	0.023980375	0.082178	0.0687072
TATGCCCAGAATGTGT-3	0.4715807	0.2414401	0.0	0.021903072	0.10576973	0.0	0.105390646	0.027246535
TGTGGTACAATAGCAA-3	0.35671437	0.2358074	0.0	0.04682905	0.027254581	0.0029224723	0.18595874	0.009290649
TTTCCTCAGGGCACTA-3	0.3730237	0.24896778	0.019405823	0.0078968685	0.042519715	0.0074078566	0.04312448	0.014811985
TTTGTCAGTAAACGCG-3	0.54315186	0.29569054	0.0	0.013160048	0.08134167	0.0	0.111454464	0.010401824
AAGGCAGTCATCGCTC-3	0.26104707	0.49302524	0.015503929	0.054231968	0.0	0.009594675	0.11561049	0.001767407
CACCTTGTCCTAGGGC-3	0.26995552	0.6116036	0.0	0.01274153	0.0	0.0	0.1189416	0.0
GGACATTTCCCTAACC-3	0.4078276	0.3913529	0.0	0.087216645	0.028925952	0.0	0.0972425	0.0
TGCCCATAGGGCTTGA-3	0.1130127	0.452308	0.015928674	0.06426935	0.007986644	0.0	0.22338928	0.024480704
CGGACACCAGCGATCC-3	0.0	0.12194307	0.0	0.0	0.0	0.0	1.0312518	0.0
ACGGCCAAGCCGCCTA-3	0.047911834	0.84370124	0.007878996	0.07115639	0.015089392	0.0	0.04529254	0.017522885
CAAGAAAGTACATCCA-3	0.30203012	0.20058455	0.0136002535	0.019144425	0.01758649	0.0	0.015087428	0.005411417
CATGCCTTCCGGGTGT-3	0.22364736	0.12924923	0.051026154	0.015444226	0.0	0.0029206323	0.0060039624	0.0032415723
CTCGAAAAGAGGGATA-3	0.14921747	0.23064062	0.0	0.1117521	0.01910031	0.0	0.069299035	0.0
TAGACCACATCGATGT-3	0.37165862	0.6732335	0.0	0.0016563664	0.0076413355	0.0	0.088901415	0.041976407
TTAGGCAGTCGTGGCT-3	0.23677635	0.4536316	0.016050471	0.04297835	0.02499567	0.0	0.08216011	0.007364667
TTAGGCAGTGACTCAT-3	0.24769138	0.7832633	0.0	0.008898313	0.007304461	0.0	0.06835886	0.014198799
CCTTCGAGTGTGAATA-3	0.13754247	0.12690471	0.3452549	0.20551986	0.024195451	0.0	0.0	0.08837657
GCACATAAGTAACCCT-3	0.16671187	0.0	0.0	0.23347339	0.0	0.023842202	0.427846	0.28958997
CACACCTTCTTCAACT-3	0.0	0.0037181966	0.14062238	0.3401318	0.0	0.058649696	0.45100304	0.095463015
CATGGCGCATGATCCA-3	0.05404463	0.037033543	0.08845418	0.014782324	0.028787863	0.3792699	0.19956066	0.31529367
GTAGTCACACATTTCT-3	0.0	0.0	0.06993206	0.4075565	0.0	0.09709538	0.64537096	0.24219495
TGAGGGAAGGAATGGA-3	0.036646478	0.014032024	0.17106275	0.0	0.0	0.2075242	0.6831201	0.17214999
CTGAAACGTGTGAATA-3	0.36742687	0.18480605	0.01134391	0.047812022	0.0012526771	0.030842831	0.014033062	0.011234349
