	1	2	3	4	5	6	7
CGAAGGATCTAGTTCT-0	0.3769565	0.16214398	0.0	0.3985787	0.036509864	0.017651392	0.0
TGGGAGATCCAAGCAT-0	0.014713294	0.5592658	0.21806006	0.16401753	0.019498885	0.0	0.0
GTCAGCGCATTCCTCG-0	0.54373914	0.3979216	0.0	0.08794408	0.050848387	0.0	0.0
GGCTTGGTCGGAAACG-0	0.0	0.2883448	0.09649427	0.11032919	0.33556426	0.18476225	0.0
TGTAAGCGTTGCTCCT-0	0.62756705	0.21846615	0.07212592	0.10159953	0.0	0.027935393	0.013291411
ATCACGATCAACACGT-0	0.33720082	0.36243367	0.0	0.25797722	0.0	0.0	0.008268306
CTGTGAAAGTACTGGG-0	0.63919127	0.43271223	0.0	0.012609467	0.006916081	0.0	0.002343721
TGGGAGAAGTCAGCGA-0	0.05675736	0.23797588	0.44337994	0.2760578	0.16651976	0.020407077	0.0
AGACTCACACTGTGTA-0	0.10919312	0.6167295	0.014462792	0.008609385	0.314768	0.06703249	0.0045172647
TACTTCACACCAGCGT-0	0.0	0.3556586	0.025691945	0.6936565	0.05442384	0.0	0.03542098
TACATTCGTAGGACCA-0	0.15778008	0.35073176	0.053525303	0.08041944	0.005039037	0.0	0.017858101
CAAGGGAAGTCTCGTA-0	0.4974695	0.37434602	0.0	0.0	0.0	0.0	0.0
GCCAGTGTCAGTCACA-0	0.038875792	0.017660597	0.38012728	0.20127161	0.26526752	0.0	0.04514694
AGCCACGAGTGCCTCG-0	0.5459703	0.4413667	0.0	0.1766407	0.056279566	0.009458229	0.0
TTTGTTGAGTCGCCAC-0	0.070539616	0.1494017	0.21840578	0.3832547	0.022823367	0.09063488	0.0044145337
GCAGCCACAGATCATC-0	0.29126135	0.78992736	0.035998177	0.0	0.0	0.0	0.0029444501
TTTAGTCAGGTAGTCG-0	0.33251432	0.5417032	0.0133701265	0.0	0.0	0.007572875	0.0
ATCTCTACACTGTGAT-0	0.6620257	0.20558396	0.0	0.14721578	0.016415339	0.044625472	0.0
GTGTCCTTCTTTGGAG-0	0.4049151	0.59340674	0.0	0.15083155	0.031406645	0.011300844	0.017152177
TACAGGTCAGAGGTAC-0	0.37739265	0.23976125	0.04067615	0.17443378	0.0031944502	0.0	0.0
ATGAAAGGTGCCGTAC-0	0.20355354	0.44522893	0.036007103	0.21492754	0.033938665	0.0	0.0
GCTACAAGTGGATACG-0	0.5051346	0.07696875	0.0	0.19495706	0.007371031	0.0	0.0
CTATCTACAGTGAGCA-0	0.47755066	0.33504775	0.044332076	0.0	0.06697471	0.029029643	0.0
ACTTTCATCATGAGGG-0	0.072087735	0.4574275	0.03153588	0.11773229	0.052241117	0.0	0.01716229
GCCCGAAAGTATGACA-0	0.52442074	0.32286707	0.004680225	0.17042659	0.011041565	0.0	0.014218857
ATCGTAGAGCGTCAAG-0	0.3847387	0.27829906	0.0	0.16615133	0.015526468	0.0	0.0
ACTCCCAGTACCAATC-0	0.29383057	0.055871237	0.0	0.5576132	0.11701885	0.058559153	0.034307797
ATTCCCGCAGAATGTA-0	0.10614064	0.19125117	0.43874106	0.24217139	0.109457	0.26924023	0.029629968
GATTTCTAGGATGTTA-0	0.17007588	0.40332952	0.22580495	0.17087308	0.01181927	0.06878011	0.0
GGTAGAGCAGGCACTC-0	0.12328641	0.46352825	0.0	0.51205486	0.01305857	0.0	0.003917463
CTGTACCGTCGTTGCG-0	0.0	0.0	0.0894963	0.7015062	0.16276832	0.098500684	0.0
TGTACAGCACAGTATC-0	0.37963492	0.29496068	0.1370426	0.039919216	0.07165016	0.0017647491	0.024963647
CTCCGATAGCCGCTTG-0	0.4802714	0.08253057	0.0	0.40512118	0.050689436	0.18862917	0.0
GTACAGTTCGAACGCC-0	0.45168	0.38882434	0.05539395	0.28290722	0.06376778	0.0	0.009048596
CCGGGTATCACCTTAT-0	0.0	0.1017897	0.32542306	0.16126056	0.0	0.064967036	0.0
CACGGGTGTCACAATC-0	0.19899945	0.19050914	0.004053929	0.7298798	0.06087062	0.046470124	0.0
CCTCTAGCAAACACGG-0	0.2678309	0.5785347	0.0	0.0	0.18529464	0.0	0.0
CGTGATACAGCCATTA-0	0.49186683	0.49381223	0.0	0.087172225	0.009941774	0.023345223	0.0
TTGCTGCGTAATGCGG-0	0.28835857	0.12474702	0.12004528	0.35979012	0.07097251	0.16925319	0.0
TTTACGTAGATTGATG-0	0.0	0.0	0.3102322	0.12624316	0.5693432	0.0	0.0
TCAGCAATCGATGCTA-0	0.0	0.4651806	0.07789103	0.27577072	0.10123451	0.0	0.0
GACCCAGAGTTGGCGA-0	0.7211394	0.4484063	0.0	0.0	0.0	0.0	0.0
AGATGCTCACGGGCTT-0	0.0	0.07443572	0.18855438	0.0	0.9225001	0.0	0.0
CGGAATTAGGGCAGGA-0	0.29231957	0.5493113	0.0	0.0074585704	0.0	0.043619912	0.0
TGTTACTTCCACAAGT-0	0.32273635	0.35628852	0.0	0.2731278	0.030679895	0.0	0.0
AGCTTCCAGTTGGACG-0	0.20043159	0.21020077	0.17968506	0.049313396	0.11141339	0.0	0.0018117273
TCCATGCGTTCCTAGA-0	0.51193863	0.3318026	0.15725595	0.089026645	0.018311348	0.0	0.003549546
TGTGCGGTCTTTGGAG-0	0.47393948	0.579095	0.0	0.0074144574	0.0	0.026830189	0.0
AGGAAATGTGGCACTC-0	0.48542026	0.15786082	0.013736641	0.35564113	0.052131232	0.0	0.0
GCAACATTCCAACTGA-0	0.2636161	0.30368108	0.31532612	0.07800714	0.0	0.13474886	0.017260225
GATGCTACACGCTGCA-0	0.20085017	0.76827914	0.0	0.0	0.021971203	0.0	0.0
GGGTATTAGTGCGACA-0	0.372121	0.47252235	0.026171234	0.10997849	0.048586812	0.0	0.001615548
TACATTCAGTTGCTGT-0	0.6401604	0.3897348	0.0	0.0	0.0	0.04930954	0.0054755686
TGGTTAGAGCCACTCG-0	0.17877129	0.58633065	0.0	0.20592526	0.039060656	0.058688726	0.017637927
CCTCACAAGGTTGAGC-0	0.55344087	0.18119842	0.0	0.20905428	0.0	0.0	0.049053118
GGATGTTCAGCGACAA-0	0.2534805	0.0	0.18326937	0.14204861	0.24800678	0.080233045	0.0
ACTTTCAAGGGTGAGG-0	0.23062204	0.5679882	0.073135935	0.03819584	0.0011718577	0.21507664	0.01563677
TGGGCGTCATCGTCCT-0	0.13321298	0.79137594	0.045203283	0.039190575	0.016648738	0.0048162392	0.0019185047
TTCACCGTCCGATGCG-0	0.45128214	0.42407778	0.0	0.2078699	0.01382616	0.06272245	0.0
AATCGTGCAAATTAGG-0	0.3189878	0.73267186	0.0	0.10047309	0.028805494	0.05455545	0.0
CATGCTCCATACCGTA-0	0.24373144	0.67114586	0.0	0.019698571	0.028657965	0.04826087	0.0
TTCGCTGGTCGGAAAC-0	0.60630906	0.45953277	0.0	0.060287397	0.08603323	0.0	0.0
TGCGGGTAGCGCCTTG-0	0.3629505	0.35685712	0.0	0.16868263	0.021509431	0.0	0.16926695
TGGATGTGTTTCGTGA-0	0.12195114	0.7687752	0.025958043	0.09474164	0.023256635	0.0	0.0
TCTACATGTTTCTATC-0	0.59403235	0.27051002	0.0	0.11376584	0.007043862	0.0	0.011614228
ATCGTCCAGCGACTAG-0	0.39246154	0.75919634	0.019723559	0.04126203	0.03254509	0.04257827	0.0
GAGGGTACATGTGTCA-0	0.25891903	0.021204796	0.2080359	0.7275757	0.017708773	0.006271889	0.001869645
AAGCGTTCACCTTCGT-0	0.16262376	0.12530671	0.11764569	0.34681314	0.11681743	0.09083184	0.4274479
TCTCACGGTATCGCAT-0	0.45867234	0.29768735	0.06530898	0.018243516	0.011782834	0.0129435165	0.0
ACTATTCAGGGAGGCA-0	0.37207356	0.5146434	0.0	0.07033456	0.005224003	0.0	0.017242573
CGCGTGAGTCACAGAG-0	0.0	0.4625551	0.09387376	0.23578544	0.13374388	0.06516116	0.0
CTAGACATCGAACACT-0	0.60634613	0.46223304	0.0	0.16925593	0.0570158	0.061732784	0.0
AAGTTCGCACTGATTG-0	0.36752158	0.39329746	0.05396029	0.022182057	0.027648052	0.0055912496	0.0
ATGAGTCTCCATAGGT-0	0.24400803	0.3753847	0.04211913	0.0	0.0	0.0	0.0
CTCCTCCAGTCGGCAA-0	0.31331128	0.56970614	0.0	0.0	0.07724607	0.0	0.0
ACGTTCCTCGTGGGTC-0	0.44317958	0.5715232	0.028096903	0.032827776	0.0599789	0.0	0.0
CGCAGGTTCCTGTACC-0	0.18992898	0.14982161	0.13214001	0.25534526	0.07387913	0.0	0.011709355
ATGGATCTCTCTATAC-0	0.27183822	0.48372206	9.160065e-05	0.00096696336	0.029003454	0.0	0.0
GACGCTGCACCAAATC-0	0.38536212	0.5930847	0.0	0.116931364	0.03570287	0.12942268	0.0054632565
AAACGAACACCTGTCT-0	0.3817493	0.18000963	0.02547216	0.0738385	0.0	0.06304743	0.010263591
GATCAGTCAGAAATCA-0	0.27780533	0.27381963	0.022440748	0.16638558	0.037062753	0.0	0.009126915
ATGAGTCCATTGTGCA-0	0.0	0.41222733	0.3396961	0.07406552	0.0	0.0	0.0
AATGAAGTCTCTGCTG-0	0.11431548	0.52428687	0.15802544	0.089300476	0.1017213	0.00873562	0.0
ACGGGTCAGAGCAGCT-0	0.018848427	0.44367683	0.17601718	0.24123088	0.1718067	0.0	0.0
GGTGTTAAGCCTCTTC-0	0.34003046	0.14598969	0.0	0.64035213	0.07458828	0.0	0.0
TGCAGGCTCTGCTGAA-0	0.34940013	0.8366204	0.0	0.0053811576	0.053904492	0.034205258	0.008133727
ACCCTCACATGTTTGG-0	0.2939399	0.6585781	0.0	0.0	0.08902821	0.0	0.0
AATTTCCGTCTAACTG-0	0.0	0.32758456	0.47902185	0.22608688	0.10285128	0.0	0.0
CCTCAACAGACCAAGC-0	0.31992516	0.33779293	0.19873577	0.16160005	0.032439355	0.0	0.0
AGTTCGAGTGGTGATG-0	0.37689123	0.44342345	0.0	0.024095397	0.0	0.0053663654	0.0
TCTCCGATCTTGGAAC-0	0.5606287	0.48724702	0.0	0.0	0.03073351	0.0	0.008123413
AGCGATTGTCGCTGCA-0	0.25494692	0.213077	0.1790214	0.0	0.046523996	0.04530324	0.0
TTATTGCTCACTTCTA-0	0.6206836	0.47041684	0.0	0.0	0.029425338	0.035200715	0.0
CTGCCTAAGTAAAGCT-0	0.24341092	0.5339841	0.0	0.23918514	0.06908048	0.0	0.041341048
CAGTTCCGTGTATTGC-0	0.0	0.5961366	0.3522775	0.13430528	0.028783232	0.0	0.0006435517
GGGTGTCTCGACGACC-0	0.30079573	0.39795873	0.048934426	0.16288237	0.05929519	0.053436235	0.0
GCTACCTAGTGATAAC-0	0.32141557	0.48557013	0.0	0.0	0.22241849	0.038667887	0.04297126
CTCGAGGGTAGCGTCC-0	0.10021036	0.79919475	0.0	0.015306124	0.06951005	0.013561935	0.014077217
CGATGGCAGATCACCT-0	0.19465952	0.4034427	0.09708473	0.03684212	0.0143923275	0.06980979	0.0
ATGCCTCAGATTGATG-0	0.31025898	0.6959282	0.0	0.0	0.008906623	0.0039983983	0.0
CTTCTCTCAAATGGTA-0	0.08254937	0.63951373	0.04947617	0.04837956	0.018362787	0.0873141	0.008581803
CCCTGATTCCTGTACC-0	0.51265883	0.2256594	0.08062698	0.0	0.0	0.0719012	0.012582095
GACTTCCTCGGATTAC-0	0.18567583	0.6079312	0.059933458	0.16317257	0.051282078	0.0	0.009065735
CCGATGGCACACAGAG-0	0.29565454	0.49230704	0.0	0.29556912	0.06019304	0.0	0.013449959
TGGTAGTCAATTGCAC-0	0.18211488	0.6775589	0.06958443	0.0	0.026494041	0.0	0.21375312
GTAATGCTCGGCTTCT-0	0.0	0.26535574	0.4257398	0.17290989	0.010825062	0.012666157	0.0
AACTTCTCAGCTCGGT-0	0.14155696	0.25331423	0.15187243	0.31194797	0.00807075	0.0	0.0
CTGTACCCACGTCTCT-0	0.17990862	0.40283576	0.17371199	0.03185942	0.070036694	0.040205333	0.0
AGAGAGCGTGGTTCTA-0	0.38650694	0.12304325	0.06415324	0.0	0.03463568	0.0	0.51882845
AACAAGAAGCGGGTAT-0	0.0	0.0	0.1567767	0.8940205	0.1265937	0.0	0.0
GATAGAAGTAGGACTG-0	0.2369712	0.49603713	0.21126057	0.20252745	0.08173765	0.0790359	0.030240536
AGCTACAAGACAAGCC-0	0.31524098	0.3282376	0.0	0.12957472	0.06318054	0.015135102	0.0
GATGGAGAGTTCCAGT-0	0.28283495	0.5026407	0.13825141	0.021420931	0.022499438	0.017283155	0.0077822777
TACTGCCTCACTAGCA-0	0.0	0.0	0.27624586	0.8213793	0.15715314	0.019392734	0.0
TCGCAGGGTGTGGACA-0	0.3236494	0.39629287	0.014313781	0.1493802	0.0	0.0	0.0
TGTGTGATCCATTCAT-0	1.2394464	0.032923702	0.0	0.025105096	0.02606428	0.009271673	0.102570035
AGTCACATCTACACAG-0	0.27347592	0.32509315	0.026652241	0.15760504	0.07420716	0.0	0.11111392
CACACAATCACCTCTG-0	0.54238766	0.35202804	0.037451472	0.0	0.0	0.0	0.0
GTAGGTTAGACATAGT-0	0.0	0.39564627	0.3861635	0.23395362	0.13043042	0.037124224	0.005032388
TCGTAGAAGTAGACCG-0	0.410015	0.4689771	0.0	0.22877549	0.063011765	0.0	0.043194316
GTTGAACGTGTATCCA-0	0.523589	0.28459182	0.12898514	0.25188157	0.017336987	0.0	0.019808574
ACGGAAGGTACCAGAG-0	0.22907689	0.40072298	0.04824173	0.047982637	0.011451075	0.0	0.0
CGGGTGTAGCTTCTAG-0	0.38978747	0.47812968	0.018740945	0.028635398	0.009764398	0.0	0.0
CATTGAGTCCCTCATG-0	0.39515096	0.4834815	0.055080373	0.060781937	0.009726969	0.09005584	0.030597698
AGGTCTAAGCACTCTA-0	0.33479467	0.69099945	0.0	0.0	0.0	0.001091409	0.00042595627
CTATCTATCTCTAAGG-0	0.41119277	0.68145365	0.036718592	0.0	0.15595017	0.0	0.0025796948
GTCAAGTCATTCATCT-0	0.42304307	0.54798037	0.0	0.0	0.0	0.0	0.0
GAACTGTTCCACGGAC-0	0.33658433	0.6978152	0.0	0.052478723	0.03673445	0.020997634	0.0037952925
TTACGTTTCACCTTGC-0	0.0	0.50335014	0.31221172	0.119824044	0.13811174	0.0	0.0
TTGAGTGTCGACCACG-0	0.0	0.18575859	0.4066981	0.38074723	0.2109281	0.0	0.0
TCATACTAGATGACAT-0	0.23911229	0.15444621	0.3891305	0.029466147	0.2969357	0.0031332076	0.0
TTTGATCCACCGTCGA-0	0.4513187	0.3624224	0.0	0.18097867	0.002970024	0.018725274	0.011037324
CAACAGTTCTCGTGGG-0	0.23373206	0.19014756	0.07343202	0.13498075	0.057153467	0.05591042	0.0
ATCGTAGCAGCAGAAC-0	0.3276383	0.50269574	0.0	0.15020178	0.029898768	0.0	0.009707315
GAAACCTAGGCCCAAA-0	0.7381478	0.3427971	0.0	0.14128926	0.006748703	0.0	0.0
AACGGGAAGCATCCTA-0	0.24782425	0.26308182	0.008948069	0.05320616	0.02228954	0.0	0.0
AGTAACCGTACGATCT-0	0.31767845	0.33525136	0.023114873	0.09603121	0.0	0.0	0.0
CATCGCTTCAATGTCG-0	0.14213681	0.40802407	0.09885538	0.0	0.28547063	0.0	0.0
CCATAAGTCCTCACGT-0	0.33911768	0.42916194	0.0	0.0	0.22330727	0.0	0.0
AACAACCGTTTCGACA-0	0.32577562	0.5996969	0.0	0.0054834625	0.003883137	0.0559101	0.0
ATACCGACATGGGCAA-0	0.33128965	0.38712052	0.0	0.15429196	0.06434785	0.011870457	0.0
GCACGTGAGAGTTGCG-0	0.2127448	0.049142927	0.18783219	0.5082113	0.07704861	0.032580037	0.009047855
TGTTCTAGTGCGTCGT-0	0.4740571	0.38363853	0.0	0.07320239	0.0	0.032028746	0.0017483628
CTATAGGGTTTGGCTA-0	0.34826052	0.44937864	0.012012134	0.081867084	0.015785683	0.04459081	0.004989346
CATAGACAGTTACGTC-0	0.0	0.47134918	0.08459015	0.33247808	0.025756193	0.0	0.0
AGATGAATCAGTGTGT-0	0.21248922	0.40628687	0.122834474	0.12013151	0.027890192	0.0	0.0
CACTAAGAGCCATCCG-0	0.5424253	0.54024833	0.0	0.0	0.025080753	0.0070259576	0.0
TCAAGTGAGGGAGATA-0	0.36272657	0.1730543	0.22296546	0.047064647	0.050200187	0.038096547	0.0
ATTCCCGCAGGCGATA-0	0.0	0.3024401	0.0	0.0	0.43970037	0.0	0.0
GTCAAACAGGACTGGT-0	0.77797383	0.18776259	0.028810311	0.033324696	0.030393112	0.0	0.02171808
ATCGATGTCTAGACAC-0	0.0	0.28787354	0.27248088	0.0	0.21670288	0.0	0.0
CTTGAGAGTAACACGG-0	0.42199624	0.10549596	0.0937153	0.17415	0.047754604	0.08368501	0.0
TTCCTTCCATCTTCGC-0	0.6363442	0.54228544	0.0	0.0	0.010787329	0.020789767	0.0
CTCATGCCAAATGAAC-0	0.0	0.57512283	0.017010156	0.43098912	0.0	0.0	0.0
CCTCCAATCGAGTACT-0	0.748737	0.10558316	0.0	0.25555563	0.0	0.0	0.012739104
AACCTGATCTTGGTCC-0	0.31672102	0.3218722	0.07832748	0.17644857	0.005341132	0.046618797	0.0
TCCCATGCATTCCTAT-0	0.35118112	0.8296024	0.0	0.0	0.050613184	0.018500078	0.0
TCCTTCTCATGTGCTA-0	0.28064287	0.0	0.51699406	0.0	0.1345749	0.0	0.015785813
TGACTCCGTAACACGG-0	0.19931968	0.6052414	0.0	0.1486904	0.022190109	0.0	0.013572403
GAGGCCTAGTCGAGGT-0	0.69741076	0.23251869	0.026096221	0.019703964	0.053527646	0.034525532	0.0
ACGTACACAAGCACAG-0	0.63763666	0.5388425	0.0	0.032479033	0.049317107	0.009797831	0.041065436
TCGTGGGCAAAGCTCT-0	0.43802872	0.43051472	0.0	0.030774213	0.06727063	0.12479272	0.0
ATCACAGTCACGGGCT-0	0.6073476	0.26889202	0.15494098	0.0	0.031323064	0.042211857	0.0
CGTGAATAGGATTCCT-0	0.1396554	0.5458759	0.078204416	0.024659785	0.021156171	0.07844591	0.0
GGGTTTATCGTTCGCT-0	0.15061903	0.33883122	0.08873608	0.20294273	0.100434996	0.029945754	0.0
CGGGTCAAGGTCCCGT-0	0.020586185	0.03869897	0.25226766	0.6676303	0.14479901	0.056108166	0.0
ATTCAGGAGAAGGTAG-0	0.2868059	0.7447781	0.05039842	0.0	0.049416345	0.11066782	0.00344073
GCATCTCAGGTACCTT-0	0.28476942	0.2716875	0.03443434	0.3122076	0.06375584	0.0	0.010858285
CACTGTCTCGTTCTGC-0	0.17020315	0.059754744	0.2235281	0.68353915	0.11670872	0.0	0.0
AATTCCTCAGTCCCGA-0	0.096306935	0.39498273	0.048551045	0.31335026	0.04379284	0.0	0.0
AGGCTGCCAAATTAGG-0	0.5623132	0.28469446	0.009220152	0.053450983	0.0	0.02322977	0.0
ATCATTCTCTAGATCG-0	0.0	0.0	0.76127136	0.23885861	0.0	0.19251618	0.052983094
AACAGGGTCGGCTTGG-0	0.47390893	0.5602148	0.0	0.042545043	0.056889296	0.0	0.0
GGGTAGAAGCCAACCC-0	0.16578296	0.6208928	0.0027692146	0.06116905	0.026562342	0.0	0.0
CCGATCTCACATTCTT-0	0.036709707	0.4162955	0.108417615	0.18500184	0.048456036	0.0	0.018471912
GAGTTACCACCGGTCA-0	0.6194147	0.4163957	0.009976249	0.10523737	0.045723315	0.0	0.0
CACCAAATCAGACCCG-0	0.13559988	0.796973	0.0	0.067780815	0.0	0.0	0.024886802
AGCGATTCAGGAGACT-0	0.22951005	0.38609812	0.037867296	0.15144354	0.0	0.0	0.020932693
GTCGCGATCCGCCTAT-0	0.0	0.24118777	0.2991963	0.16977982	0.37396926	0.024207624	0.10897728
ACTCTCGTCATACGAC-0	0.37273368	0.5137971	0.0	0.06004426	0.08303167	0.015778108	0.025716927
GCCAGCACAACCCGCA-0	0.0	0.394137	0.17686728	0.33294252	0.07660038	0.016788187	0.0
GAGTCATCATAATCCG-0	0.46911767	0.33688343	0.07957811	0.1491445	0.073568866	0.04082798	0.0
GCTTCACTCGACTCCT-0	0.50173444	0.2990722	0.0	0.045750875	0.0	0.0	0.0048109684
TGTGAGTTCTTGAACG-0	0.45461518	0.8036634	0.0	0.0	0.0020612078	0.0002967654	0.0
AGGCTGCTCGAGTACT-0	0.56953794	0.542272	0.0	0.11368788	0.02150957	0.0	0.028376117
TCCTCTTGTACAGTCT-0	0.3565958	0.61377394	0.0	0.035667814	0.0	0.0	0.020905318
TGAGCATGTCAGCGTC-0	0.27216905	0.14633854	0.14316879	0.37850294	0.095014706	0.1374202	0.0
GACCGTGTCCGAGATT-0	0.063990355	0.7182112	0.060421195	0.06748377	0.023762979	0.012500058	0.010106594
CCGGTGAAGGAACGAA-0	0.0	0.39583912	0.06361579	0.41600838	0.05164426	0.0	0.0
CGAAGTTAGAGCAGCT-0	1.1175904	0.0	0.0	0.005222832	0.0	0.050514642	0.0030226957
AAGCGAGTCTAGAACC-0	0.4942165	0.64776325	0.0	0.14872463	0.0	0.0	0.0
TCGTGCTTCCGCGAGT-0	0.19848284	0.3362557	0.011426213	0.4216021	0.03126209	0.0	0.0077220555
GAGATGGAGAGCTGAC-0	0.40959233	0.4012008	0.023752332	0.094454885	0.20397489	0.041439306	0.017115045
GTAATCGAGTCACTCA-0	0.4800888	0.25960335	0.0	0.24185237	0.0	0.0	0.027891058
TTGTTCAGTGTTACTG-0	0.19291747	0.3542149	0.03235238	0.28590578	0.074045084	0.070378274	0.0
TTGAACGCATAGGAGC-0	0.23363338	0.47351667	0.05861749	0.2715362	0.025136875	0.007935626	0.018876247
ACCTACCCATGACCCG-0	0.45006114	0.6850525	0.0	0.0	0.08125843	0.10094751	0.08240013
CGTGCTTGTACCCGCA-0	0.32148924	0.16685645	0.30741853	0.11075985	0.0	0.049271762	0.0
CTCCCTCAGTGTACCT-0	0.45636648	0.4478472	0.0	0.0	0.0	0.015577324	0.0
CGATGCGGTGAGACCA-0	0.48574597	0.24604455	0.16254814	0.0	0.19819379	0.020064324	0.047507886
AATGCCACACTGCATA-0	0.4265677	0.5579042	0.013988106	0.0	0.0121255675	0.0	0.0
GTCCTCATCCTAAGTG-0	0.14633642	0.16292602	0.0	0.7637914	0.03296481	0.008482932	0.0
TCATACTTCTTAGCTT-0	0.1942366	0.5189745	0.035916366	0.027011871	0.0	0.03122626	0.0
CTGCAGGTCTACAGGT-0	0.16055764	0.49920663	0.05544039	0.18674304	0.018837161	0.0	0.0
CCCTCAAAGAGGTCGT-0	0.08036913	0.3511535	0.06146098	0.20163035	0.0	0.04101748	0.0
TACGCTCTCATGCGGC-0	0.0	0.14813697	0.6345649	0.19664349	0.2388789	0.0	0.0
CAGATTGTCTGCATGA-0	0.2771811	0.43663138	0.04758267	0.20863527	0.0	0.0	0.0
TGGTACATCGCTAATG-0	0.4594166	0.34955308	0.06919094	0.02259365	0.0	0.03856417	0.008264688
TGGGCTGCAACTACGT-0	0.006413674	0.20135744	0.05550783	0.1610416	0.25853205	0.32481673	0.0
CTCCTCCTCGGCACTG-0	0.50594246	0.5236982	0.0	0.0	0.0900025	0.0019350247	0.0036391334
ATACCTTGTTAGGCCC-0	0.4508775	0.26121393	0.039981887	0.15013851	0.11954798	0.026164114	0.007413294
TACCGGGTCGAGAAGC-0	0.52318114	0.25295308	0.0	0.0	0.0	0.0	0.0058869054
CCGGGTAAGAGGTATT-0	0.15413348	0.17009655	0.0	0.0	0.6223126	0.073876195	0.0
TCATCATGTCTTAGTG-0	0.793291	0.3263591	0.0	0.0	0.0540936	0.036985904	0.0017175775
TTGTTTGTCACCTGGG-0	0.37293696	0.46364024	0.16253604	0.0	0.08275696	0.06307427	0.0
GTAACACTCGTCGACG-0	0.0585172	0.4425619	0.037278216	0.06978333	0.46315655	0.14447582	0.0
AGTAGCTGTGTTGCCG-0	0.23584165	0.46987525	0.11949894	0.068709314	0.04035257	0.14753844	0.0
CGCCAGACAGATCATC-0	0.42774948	0.22591697	0.0	0.2782623	0.056585997	0.0534167	0.0
TCACGCTCATTGCAAC-0	0.056563854	0.50724584	0.08119681	0.28352305	0.04361438	0.052231994	0.0
TCTTCCTCATGGTACT-0	0.14325428	0.31680986	0.20918006	0.17209385	0.044097632	0.0	0.02418321
CTAGGTACATCCCGTT-0	0.19227438	0.5954678	0.03836072	0.10169248	0.045348067	0.050644364	0.006582245
ATACTTCGTGATACCT-0	0.09393588	0.27036887	0.23595582	0.26473224	0.008490482	0.057980478	0.06738096
GGGAGATAGGTGAGAA-0	0.67160577	0.46365234	0.0	0.0	0.0	0.0	0.0
CCTTTGGTCCCTCTTT-0	0.14220814	0.37288013	0.11771719	0.2372171	0.053663705	0.08904395	0.02037436
AGGAATAGTGCTCTCT-0	0.85767406	0.23191778	0.0	0.0	0.0	0.0	0.0
ACCTACCAGGCGTCCT-0	0.2655785	0.63732845	0.0	0.17824021	0.0	0.0	0.0071381736
TTACCATAGGGTTAAT-0	0.111486845	0.6168858	0.049388293	0.20578049	0.0	0.0	0.029808145
CTTAGGAAGGTTACCT-0	0.62841105	0.52730197	0.0	0.0	0.0	0.0	0.0
TAAGCCATCATGCATG-0	0.14368269	0.45570964	0.010018591	0.53094274	0.05648223	0.0	0.0
GCCAGGTAGGTTGGTG-0	0.13260184	0.0	0.11966321	0.42619038	0.31262636	0.07338798	0.0
AGAGAATTCGTTCATT-0	0.0	0.48191607	0.17722347	0.15666182	0.14735423	0.0	0.0
ACGTAGTAGCTATCCA-0	0.0	0.092647254	0.2228343	0.46016178	0.0749391	0.13710605	0.0
ACTTCCGGTTGCTTGA-0	0.03945322	0.44532508	0.059811372	0.48003563	0.0869662	0.0	0.008969928
TATTTCGAGGTAATCA-0	0.9362909	0.13684456	0.0	0.0	0.021232998	0.0	0.0
AGGATAAGTAAGGCCA-0	0.5791085	0.14922127	0.038564805	0.2292267	0.0020954574	0.0	0.0
GTGCTGGCAATGGCAG-0	0.41428974	0.53723633	0.0	0.0036216048	0.06983684	0.015245482	0.0038893747
GTAGGAGAGTTGAAGT-0	0.86272234	0.42380628	0.0	0.0	0.0	0.0	0.031623375
CAGGCCATCCGAGTGC-0	0.17161605	0.48810253	0.0	0.26009688	0.036186587	0.0	0.006566481
TACCTGCAGGGTACAC-0	0.30924234	0.68068665	0.014337316	0.060569186	0.08904645	0.0	0.0022779626
GGGTTATCAGGAGGAG-0	0.32996762	0.3083623	0.0023717906	0.09898574	0.0076911636	0.024574595	0.0
TGACAGTGTAATTAGG-0	0.106487796	0.86336684	0.0	0.1984568	0.0	0.0	0.0
GTGGTTAAGGCACTAG-0	0.16997786	0.1507349	0.42294294	0.29670462	0.0	0.1718692	0.012527062
CCCTAACGTATTCCTT-0	0.10664962	0.47211453	0.13935842	0.24815832	0.044833124	0.062921904	0.0
GTTTACTTCTCGGTAA-0	0.0	0.84847397	0.0	0.14731167	0.0	0.0	0.04648017
ATGGGTTTCCGAGATT-0	0.04373253	0.4463398	0.13808091	0.34589997	0.006558046	0.014882721	0.0
GATCGTACACGCGTCA-0	0.22498825	0.30334455	0.04011649	0.14438285	0.012033874	0.0	0.0
AGGTCATTCAAACGTC-0	0.010323325	0.26903033	0.008601707	0.0	0.84161204	0.0	0.0
CCCTGATTCGAGATAA-0	0.19666485	0.5602049	0.0	0.16889162	0.0	0.02922893	0.0
ACTTTCAGTTCCGCAG-0	0.5235852	0.65232044	0.0	0.0	0.0	0.0	0.047313526
GACACGCAGCGGACAT-0	0.0	0.6308744	0.12614697	0.23203008	0.0	0.0043123886	0.0
AGGACTTCAAACTCTG-0	0.41677144	0.45453513	0.0	0.10909074	0.0	0.0	0.0
CTGTGGGGTTGTATGC-0	0.61738986	0.4177944	0.0	0.034731656	0.021462297	0.023568481	0.0
CATCGCTAGAACTTCC-0	0.18956812	0.7288269	0.047455464	0.09277214	0.04397891	0.015107188	0.0
CCGTAGGCAACCGTGC-0	0.20295815	0.4693805	0.025333444	0.15796275	0.0023151336	0.0	0.023762079
TCACAAGGTCCAGCCA-0	0.23009562	0.3724943	0.06120349	0.0	0.0054044537	0.0	0.0
ATCCCTGGTGTGCCTG-0	0.43417257	0.4702323	0.0	0.057176787	0.067588106	0.014601357	0.0
CAGGCCAAGTGCTAGG-0	0.38551536	0.25515428	0.02742183	0.4497551	0.035656054	0.09010691	0.0
TAAGCACAGACTCTAC-0	0.52298313	0.3929655	0.008301635	0.17832561	0.0	0.0017779871	0.0
GACATCACAGCTCGGT-0	0.39630923	0.57323223	0.0	0.10092669	0.0	0.08412409	0.0
TTCGGTCAGTGCAGCA-0	0.52355856	0.27146924	0.032488998	0.32524896	0.05908785	0.03562288	0.0
AGGTCATGTCGTATGT-0	0.036497433	0.27189356	0.22968468	0.18759759	0.0141264405	0.0	0.0
TACCCGTGTCGAAACG-0	0.3490281	0.44985119	0.0	0.0	0.0	0.0	0.0
CCGGTGATCGTTAGTG-0	0.10485205	0.04539213	0.48367727	0.16591829	0.11970047	0.0	0.0
CCGTTCACAGAATGTA-0	0.13580278	0.36051008	0.020503454	0.38705373	0.044069856	0.010454733	0.0
GTTTACTTCAAATGCC-0	0.40562528	0.31522542	0.014163015	0.08708199	0.022591375	0.007730678	0.0
TTGTGTTTCCCAAGCG-0	0.34096712	0.64361596	0.019572418	0.0847884	0.027603284	0.017647147	0.0
ATTCATCCAACTGTGT-0	0.17120212	0.57272065	0.028313633	0.15473376	0.02573298	0.006865676	0.026195062
AGGACTTTCCTCCACA-0	0.21769895	0.3307632	0.1561153	0.13128355	0.04801712	0.1424654	0.00025902613
CTCCTTTGTCCGGCAT-0	0.06343346	0.73621935	0.10875265	0.0	0.09874587	0.017809907	0.0063560135
CTCAGAACAGGTTACT-0	0.22075513	0.24984722	0.0	0.29070318	0.012370018	0.0	0.0
TTTGACTCAGTAGATA-0	0.13092932	0.43965212	0.03404013	0.28727338	0.05784432	0.0	0.0
AGGTTGTTCGTTACCC-0	0.0	0.12963893	0.39042178	0.3748907	0.16101357	0.024033137	0.0
CCTTTGGGTTCTGAGT-0	0.5798842	0.24411146	0.017357215	0.16014409	0.070574135	0.019545218	0.0006050084
GGCGTCACATCGTGCG-0	0.40017694	0.85219264	0.0	0.042396773	0.011908683	0.05876174	0.038734645
ATCTCTAAGTATAGGT-0	0.42613056	0.45973313	0.07354416	0.047067877	0.026454423	0.0	0.0
GGACGTCTCCCAGGCA-0	0.22701542	0.3484933	0.05656968	0.21494782	0.042936258	0.0	0.0
CAGCAGCCAGCATGCC-0	0.091635175	0.55237335	0.13592817	0.19206746	0.06365839	0.039538097	0.046360333
GTAACCATCTAGAGCT-0	0.48139977	0.26072112	0.03507079	0.23559786	0.01209561	0.0	0.032322656
CTGCCTACAGTCGGTC-0	0.0	0.19715798	0.5311227	0.12259416	0.19309744	0.0	0.0
GAATAGACACGAGGTA-0	0.37169918	0.35192475	0.07649934	0.19527479	0.06605227	0.0	0.015902651
TGTGATGAGGTCGTAG-0	0.29926077	0.59310883	0.012243802	0.03443648	0.018337214	0.058784503	0.0028038325
TTACTGTTCGTGCAGC-0	0.3916408	0.51564646	0.0	0.0	0.050503246	0.0	0.0
AACAAAGCAGCATACT-0	0.5521519	0.37767002	0.0	0.036625866	0.0	0.0120471	0.006909483
AACGAAATCTTGGTCC-0	0.8531443	0.08032203	0.0	0.18111183	0.10583748	0.010261148	0.056024004
GGATGTTGTGGTCCGT-0	0.0	0.0	0.0	0.0	1.3132863	0.0	0.0
GTAGGTTGTCCAGCCA-0	0.5069748	0.50227195	0.0	0.0	0.0057890397	0.020644728	0.35347712
ATTGTTCGTTCGTTCC-0	0.093232326	0.42126805	0.08881782	0.17384927	0.028545486	0.05211604	0.0
TTGCCTGCAGGTGAGT-0	0.5223435	0.5965889	0.0	0.07379243	0.0	0.029778305	0.0
GAGTCTACAGGCAATG-0	0.18133742	0.56776786	0.048879586	0.1193916	0.0	0.031994235	0.012890571
CTGGTCTCATACCACA-0	0.15645088	0.19266152	0.5785118	0.23756626	0.005507964	0.03986354	0.020618359
TCAGCCTGTAGGGTAC-0	0.6427489	0.33450413	0.06894119	0.029493792	0.017070873	0.004821801	0.0507143
AGGTGTTTCCCTTGGT-0	0.38271886	0.45822158	0.0	0.17723463	0.009050615	0.09101895	0.0
TTATTGCGTACCCACG-0	0.22339144	0.2817977	0.01896512	0.25485566	0.043889005	0.12864323	0.0
GTACAGTTCAGGTAAA-0	0.3636497	0.23424393	0.0	0.19265193	0.0044633397	0.0	0.0
GTTTGGAGTGCTGATT-0	0.2873404	0.6580852	0.045642246	0.04297779	0.023425644	0.0	0.027143613
AATAGAGCAATAACCC-0	0.058001626	0.23915872	0.18105096	0.28160843	0.017862257	0.21871072	0.0
TCGCTCATCAAAGCCT-0	0.45747438	0.6620247	0.024973786	0.0	0.005479639	0.0	0.0
CGACAGCGTCACTCTC-0	0.1851327	0.0625085	0.13771196	0.5511489	0.03428865	0.009527441	0.0
GTAGATCGTACAACGG-0	0.23012722	0.5294517	0.0	0.2645831	0.003523781	0.08503038	0.013358746
CAAAGAACAGCACCCA-0	0.3069413	0.45979607	0.020330792	0.0364509	0.06145589	0.058593072	0.005568194
GGGATCCCACAAGTTC-0	0.039231427	0.27672625	0.0	0.08242095	0.0	0.0	0.46098736
ACAAGCTAGCGCCTTG-0	0.41410932	0.3375134	0.0	0.2502965	0.14554207	0.0	0.02307726
CGAATTGCATTGGCAT-0	0.13259193	0.3760439	0.16377345	0.1818725	0.08258342	0.06920432	0.0015083356
TTCATTGTCCGACATA-0	0.049554452	0.25288963	0.038221363	0.08889792	0.519701	0.0	0.0
TACCGAATCGCCACTT-0	0.19640529	0.7464891	0.0	0.14429542	0.075604595	0.07431825	0.011980403
TAACACGCATTCGATG-0	0.30585712	0.35235888	0.0	0.5211901	0.0	0.0	0.0061265607
CTACATTTCTCTGGTC-0	0.33378306	0.51362365	0.035632275	0.006314037	0.03422132	0.0076707564	0.0
GAATAGAGTGGGCTTC-0	0.1955852	0.26618937	0.09878808	0.12257578	0.021684315	0.012744032	0.0
GTTCCGTAGACTGAGC-0	0.1382069	0.54432744	0.13344933	0.13311212	0.08079369	0.0	0.009001775
AATTTCCGTCTTTATC-0	0.25186226	0.22242375	0.117965356	0.17822988	0.018071704	0.063050315	0.0
GCGATCGTCGCATGAT-0	0.057371337	0.29838288	0.17160952	0.3318196	0.17478144	0.004759542	0.0022405307
GCAGTTATCTATCGTT-0	0.39583126	0.37929338	0.0	0.31242624	0.02390589	0.0	0.020659247
CAAGCTAGTTCGGACC-0	0.1768949	0.27059078	0.080572054	0.43916062	0.10881401	0.048305467	0.0
GTACAGTCAAAGACGC-0	0.11250421	0.50958997	0.094859146	0.16603613	0.08803699	0.023637604	0.031284805
CATTCATTCCAAGCTA-0	0.3901427	0.447263	0.0	0.11816188	0.015454782	0.006050674	0.0
GTTAGTGGTGTCCCTT-0	0.0	0.0	0.8127923	0.08864757	0.3162612	0.18016851	0.0
TGGGATTCAACAGTGG-0	0.2582628	0.55351216	0.043802276	0.11200869	0.03215288	0.0	0.0
CTGCCATAGGTGGGTT-0	0.106153175	0.36836076	0.08920095	0.22389694	0.109633125	0.0	0.0029654007
GCAGGCTTCTCCTGAC-0	0.34874436	0.38711005	0.03839139	0.0041018324	0.018366227	0.0	0.00018286052
GGGACAACACCTAAAC-0	0.26598498	0.2622216	0.097943746	0.1897431	0.036728837	0.0	0.018163914
TAGTGCAGTATCAAGA-0	0.17880024	0.42317405	0.0	0.64855236	0.0	0.03344428	0.0
ATCACTTGTATGTCCA-0	0.08261898	0.22731654	0.12551306	0.037187465	0.035812005	0.014356645	0.0
TGGGCTGAGGTTGGAC-0	0.4501913	0.1486298	0.0	0.22476046	0.17974998	0.045611426	0.0
ACTGTCCAGGTCGACA-0	0.31434616	0.0	0.08293917	0.40863597	0.046877168	0.05944159	0.0
CTGTCGTCAGGCACTC-0	0.96804476	0.32108223	0.0	0.0	0.0	0.0	0.0
TGTGGCGTCTACGCGG-0	0.3513775	0.6328793	0.0	0.07266472	0.026144568	0.0	0.027415158
TGGGTTATCGATACTG-0	0.24965121	0.5099547	0.05955015	0.062646195	0.03273574	0.0	0.006103923
CACTGAAGTGACGCCT-0	0.2433705	0.17742023	0.13957185	0.11154799	0.041089244	0.0	0.0009128004
TATTGCTCAAGTATCC-0	0.010940541	0.60544556	0.031654153	0.0595235	0.15885673	0.0	0.0
GCTGCAGAGCTGTTAC-0	0.2161192	0.5602746	0.15992865	0.27797693	0.11714937	0.0	0.011888075
GTAACACCATAACCCA-0	0.12811384	0.3175916	0.22587597	0.06352227	0.0686434	0.0	0.013096305
CACGGGTCAACGGGTA-0	0.7743618	0.1203903	0.0	0.09338308	0.10650206	0.010755614	0.019862166
ATCTTCAGTGTGACCC-0	0.22307622	0.60268724	0.11147647	0.07149307	0.10659252	0.093623765	0.005664291
CTGCCATCATGGGCAA-0	0.4623121	0.57509726	0.0	0.0	0.0	0.0	0.0
AGACCATGTGTGGACA-0	0.43540728	0.5862952	0.0	0.040983353	0.012661092	0.0	0.010378865
TGCTCCAAGAAAGCGA-0	0.11537631	0.70480573	0.0	0.17295395	0.0	0.0	0.02852465
ATACCGAGTAGGGAGG-0	0.18671668	0.40012512	0.2738675	0.15799761	0.1799114	0.0	0.009437792
TCCACGTGTTGATCGT-0	0.2726354	0.35477763	0.09084915	0.13484336	0.193311	0.0064713275	0.0012864035
TCTACCGAGTCGGGAT-0	0.24737316	0.1650386	0.18832912	0.22236082	0.03509924	0.0	0.001206895
CCGGTAGGTACGATGG-0	0.17769277	0.4232287	0.0	0.098682135	0.007813093	0.0	0.009755906
AGGATCTCATCTTTCA-0	0.14429101	0.22263518	0.04573767	0.2583808	0.01697555	0.0	0.014507581
TAACGACTCATCGCTC-0	0.3229056	0.42352977	0.0	0.18587054	0.0067041265	0.0	0.12996918
TAGGTACTCCCAATAG-0	0.29813164	0.19320397	0.108322784	0.13308062	0.047631893	0.0	0.0020754142
TTGTGGAAGTAACCTC-0	0.21051767	0.43364027	0.0	0.48616377	0.0	0.0	0.0
TATTTCGGTACCCAGC-0	0.20209563	0.6898471	0.0	0.023603722	0.010501252	0.0	0.029671477
CATGCAATCGCGTAGC-0	0.17933865	0.21135464	0.26045763	0.53698796	0.03913202	0.013797181	0.0
GACTGATGTTATTCTC-0	0.43242344	0.41879588	0.0	0.11100377	0.0	0.0043624593	0.027718872
GTGAGGACATCAACCA-0	0.526004	0.19483127	0.0	0.43346256	0.033904724	0.027629098	0.0
GGGACCTCAGTCGCAC-0	0.4566721	0.27683094	0.0	0.21467209	0.0	0.0	0.0
TGCCGAGTCGGCTATA-0	0.21892563	0.55671453	0.020775212	0.18105234	0.018563563	3.289034e-07	0.0
GATGGAGAGAGATTCA-0	0.34210247	0.24826773	0.22202069	0.05562826	0.07984255	0.10143025	0.02026085
AGGTTACAGTATGATG-0	0.34979987	0.37686238	0.0	0.033109944	0.00913354	0.058018982	0.40059912
CCAAGCGTCCGTACGG-0	0.18155167	0.315903	0.028758392	0.23767471	0.0	0.0	0.00010816114
CTCCCAAGTAGACACG-0	0.23396726	0.073516004	0.24843308	0.4136073	0.14352259	0.09557571	0.0
TCATTCACAGCTGCCA-0	0.4037694	0.20759831	0.09852674	0.1503507	0.010533254	0.0	0.0
CGGGTCACAACCTAAC-0	0.3041759	0.5630209	0.0	0.040782843	0.13855985	0.031150343	7.4087555e-05
CCACGAGAGTGCCGAA-0	0.77410865	0.32205936	0.0	0.025770394	0.035397362	0.044245414	0.032454412
GGTAACTGTATGTCAC-0	0.0	0.36305663	0.4075573	0.21143399	0.09877512	0.042091195	0.0
TTCTAGTCAGCACCCA-0	0.26863456	0.24013118	0.1212537	0.2759798	0.052097213	0.06578425	0.0
ACTTCGCGTCTTCGAA-0	0.0	0.8002449	0.050104	0.0	0.046152174	0.0	0.017886505
CCTCAACAGTAGTCTC-0	0.40712544	0.16037728	0.15568887	0.19407962	0.2024747	0.02338847	0.012048767
GAGGCCTTCTTCCCGA-0	0.0	0.13931885	0.10390257	0.3754611	0.13459776	0.0	0.43506125
GCCCAGACACTGGACC-0	0.0	0.3657243	0.146063	0.07127399	0.2212825	0.08214873	0.0
CTCCCTCTCTCAAAGC-0	0.38728535	0.46547723	0.0	0.39108443	0.0014017135	0.0	0.002071704
GTTGCGGTCACGGACC-0	0.27739242	0.1334807	0.00018688492	0.37658483	0.103172325	0.14693843	0.0
AGCCACGGTCGTTATG-0	0.14863557	0.25643462	0.296984	0.0	0.19638914	0.00074205495	0.4164849
TGCAGTAGTCACCGCA-0	0.0	0.27666372	0.6582516	0.11687876	0.07926072	0.19821304	0.0
CGGGTGTGTGAGATAT-0	0.084999286	0.24318433	0.22864138	0.17309396	0.15005957	0.015534465	0.0
TCCGATCAGGTTACAA-0	0.5355239	0.42857042	0.0	0.0	0.11091819	0.029165614	0.0
CAATGACCAGAAGCTG-0	0.0	0.0	0.6376252	0.22167215	0.38205016	0.0	0.0002762066
TTAATCCAGAAACTAC-0	0.32098553	0.4380897	0.17225413	0.1958522	0.07998853	0.019971028	0.05863932
TATCAGGTCCGACATA-0	0.3769705	0.13449888	0.09990432	0.23328374	0.039507475	0.031423695	0.0
CAGTGCGGTCGAACAG-0	0.2723277	0.4432135	0.16345318	0.15516241	0.053655513	0.0	0.0
CTCATTAAGCATCGAG-0	0.33812147	0.4824349	0.0	0.06857153	0.0	0.0	0.0
CTCATCGTCCTCTTTC-0	0.42670944	0.49172044	0.0	0.16736065	0.0	0.0	0.0
CAGTTCCGTATCTTCT-0	0.33622763	0.219604	0.13429663	0.043842014	0.005401131	0.00701181	0.0
TCTACCGAGATGTAGT-0	0.4208698	0.41756928	0.015314285	0.027354533	0.0	0.03604661	0.0
TATTTCGGTTTCGTAG-0	0.22821432	0.22328818	0.067888886	0.17024812	0.0	0.0052828905	0.0
TCTTCCTTCAGAGTTC-0	0.5518439	0.18335423	0.0	0.14228085	0.14133584	0.03361791	0.0
CAAAGAACAGCGACCT-0	0.11332628	0.070027165	0.70692986	0.21231224	0.0755626	0.20274681	0.0031879365
CTGCTCACATGTTCAG-0	0.69440085	0.07392822	0.0	0.39350578	0.056845084	0.035915274	0.0
TCGTCCACACTTCTCG-0	0.031287238	0.26448187	0.07985515	0.12596898	0.0	0.0	0.0004526221
CATCCCAGTTCTCGTC-0	0.34005985	0.4185733	0.013505884	0.35450184	0.012308823	0.046017624	0.0
GAGATGGAGGTAGCAC-0	0.29445183	0.46585083	0.05867335	0.017885212	0.25394568	0.0022615972	0.0037925062
ACAGGGATCCAAGCCG-0	0.26049232	0.6547663	0.0	0.23214747	0.004816688	0.0	0.0
TACAACGCAGCGTACC-0	0.3934188	0.50212425	0.021739574	0.0351113	0.041443728	0.014671558	0.0
TGATGGTAGTAGACCG-0	0.0	0.4183521	0.46216986	0.058897752	0.062465288	0.034561876	0.0
TCATACTAGAGTCTTC-0	0.0	0.80274	0.10984596	0.11356394	0.023602469	0.037430845	0.0
TTCGGTCAGTGAGTGC-0	0.18956716	0.72062254	0.0	0.17016941	0.010657839	0.03715796	0.015133677
CATGCAATCGATTCCC-0	0.26248738	0.54535365	0.19229963	0.08198313	0.042053323	0.050569545	0.0
AGAACAACACAGCCAC-0	0.14943546	0.597205	0.035022985	0.07081408	0.0	0.0	0.0055367528
AACAAGAAGGTGGGTT-0	0.32022846	0.7335693	0.14979576	0.029538631	0.19469588	0.013464927	0.013898529
GACCAATAGGTATCTC-0	0.6606615	0.26637915	0.0	0.0	0.0330675	0.0	0.31586838
TGGTACACACATGACT-0	0.6060518	0.30068946	0.0	0.23759326	0.06362214	0.0	0.0
TATCCTACAACACACT-0	0.23448052	0.4780756	0.051724005	0.0	0.1438632	0.0	0.0
ATTCCCGAGAATCCCT-0	0.23952183	0.3964644	0.14512767	0.094327465	0.012189261	0.05159994	0.0
CAGATCAGTACGTGTT-0	0.31150562	0.53348285	0.0	0.049948253	0.017221432	0.0	0.03678937
ATTTACCTCCACGTAA-0	0.19548754	0.06156212	0.23134455	0.05514948	0.05486134	0.18623129	0.016290441
AACTTCTCAGGACGAT-0	0.05768134	0.0	0.62878954	0.21919903	0.09188926	0.08848078	0.066135116
CCACTTGTCCCGAGTG-0	0.0065436903	0.45343614	0.26226497	0.14731252	0.21986821	0.030558623	0.05214368
TGATTTCGTTTACACG-0	0.0	0.23430407	0.33075726	0.30257633	0.25051194	0.0	0.0
AGGATCTGTATTGACC-0	0.19015543	0.36574852	0.06393156	0.08115645	0.0	0.0	0.0074013923
ATGTCTTTCGTGCAGC-0	0.09564061	0.57019305	0.18257363	0.21447049	0.020301066	0.0	0.0064984765
GCCAGTGGTATCAGGG-0	0.33671707	0.6327144	0.0	0.021658823	0.021637736	0.0	0.0
ATTCCTAGTCTTGAGT-0	0.0	0.17071508	0.24019603	0.026040701	0.12126326	0.09138654	0.0
GATGACTTCCTGCTAC-0	0.33561617	0.5759229	0.0	0.0	0.013255695	0.0	0.011058944
CGCAGGTTCCTGTTGC-0	0.06197577	0.46770602	0.0	0.30315474	0.0	0.0	0.024814442
GGCTGTGTCAGAACCT-0	0.0	0.38427463	0.16360645	0.54814523	0.016867168	0.2533885	0.0
AATTCCTGTGTGAATA-0	0.15746717	0.50757337	0.05697514	0.11727325	0.109826624	0.0	0.0
TCATACTTCTCGTCAC-0	0.2773815	0.3475187	0.1131353	0.20770645	0.032401066	0.009156816	0.0
GTCACGGAGCAGGCAT-0	0.09590512	0.21506123	0.375883	0.30847877	0.166048	0.0	0.021049177
TGCATCCCACGTCTCT-0	0.7141821	0.47444808	0.0	0.069113255	0.0	0.0069813277	0.0
CCGGTAGAGATACATG-0	0.5714009	0.20690334	0.0	0.1392031	0.0	0.0	0.0
ACACGCGAGCACTAAA-0	0.5379573	0.50415844	0.0	0.0	0.10954708	0.038049772	0.018286267
ACAGGGATCTAGCCAA-0	1.0561769	0.073338956	0.0	0.0	0.021377487	0.0	0.0
GTGTCCTGTTGCTCAA-0	0.48255673	0.39593473	0.0	0.20985974	0.041098297	0.054903176	0.0
CCGGACAGTTGCATCA-0	0.46553615	0.42884645	0.0	0.0	0.0	0.0	0.027103549
TCGCTCAAGAACCGCA-0	0.08607138	0.20267665	0.31944397	0.1819362	0.0	0.16715582	0.0
TACATTCGTCTAGATC-0	1.0853226	0.1348771	0.0	0.012941886	0.03457185	0.01072013	0.0
TATTTCGGTAGATTAG-0	0.41600004	0.5814753	0.0	0.07987807	0.011074309	0.0	0.029911691
TCAATTCAGCACTTTG-0	0.51779616	0.71261054	0.0	0.0	0.016067587	0.024000179	0.004729325
AGGCTGCCACAGAGAC-0	0.12966146	0.3715426	0.09872782	0.23615295	0.0	0.0032058517	0.005035869
GCTGCAGTCACTTGGA-0	0.36413327	0.39778104	0.08628768	0.07551045	0.034194585	0.0	0.0
ATTCCCGGTAATACCC-0	0.38716942	0.4117664	0.0	0.22917713	0.016312037	0.0	0.0
ATCCTATGTTCCTACC-0	0.5003385	0.38022035	0.0	0.07482687	0.06304939	0.03212898	0.0
CAAGGGACAATGCAAA-0	0.0	0.2607454	0.34901193	0.08886727	0.2285412	0.0	0.0
CCGTGAGAGAAGTATC-0	0.40807492	0.45206836	0.044547327	0.1576597	0.02613204	0.0099197	0.0
GCCAGTGCAAGTGATA-0	0.0	0.2918427	0.19399549	0.35420796	0.24415998	0.031235473	0.0
ATTCTACTCAAAGGAT-0	0.05479536	0.31837037	0.2204662	0.3579042	0.022482455	0.1292744	0.0
TGGAGAGAGGAGGTTC-0	0.13649862	0.2560808	0.17264792	0.061798744	0.23752487	0.032659166	0.0
CAGTTAGTCGTCGGGT-0	0.24182232	0.54178506	0.16408673	0.11233909	0.018475758	0.0	0.0
GCATTAGCAGTAACGG-0	0.5130263	0.3026706	0.0	0.2403449	0.03165515	0.0	0.0
ACTTAGGGTATCACCA-0	0.323491	0.63780797	0.0	0.09382235	0.041322317	0.0	0.064215176
TAGGGTTCACAGTCAT-0	0.0	0.37411943	0.641205	0.08303076	0.20169513	0.0018135516	0.008295377
TGTCCCAGTTGAGGAC-0	0.5172884	0.31357518	0.0	0.0	0.015658135	0.007767364	0.0
GGGACCTTCATCGCTC-0	0.3174506	0.025340043	0.0018185502	0.5079039	0.02903691	0.0	0.0044313883
AGGTCATGTTAGCGGA-0	0.71249646	0.047943614	0.19752626	0.047216006	0.0014633995	0.04046834	0.015404436
GTAGCTAAGGGTTTCT-0	0.44815594	0.33831048	0.025037361	0.0	0.007960081	0.0	0.0061282716
ATCACAGTCCTCACGT-0	0.34923247	0.009556431	0.014184052	0.54236394	0.08093745	0.13606426	0.0069079637
GTTTACTCAACTCGAT-0	0.53418696	0.3883983	0.13652258	0.07047761	0.017048968	0.057726674	0.0
TGTGAGTGTGAATTAG-0	0.25306386	0.5075753	0.0	0.0	0.0	0.04855083	0.0
CACTGGGAGCGCGTTC-0	0.014522456	0.73320824	0.07520565	0.20991656	0.00036378228	0.03611315	0.020801501
GATCCCTCAACCGACC-0	0.23858643	0.63738406	0.06075525	0.27063218	0.040509935	0.0	0.007912013
ACTGATGCAACCGTAT-0	0.1212459	0.2568555	0.19087243	0.073758684	0.11426166	0.011888048	0.0
ATGCGATAGCTGGCTC-0	0.39445233	0.3711392	0.012895127	0.0147593375	0.008438695	0.00902408	0.0
TTACTGTAGTAAACAC-0	0.24192107	0.32919675	0.045407828	0.082290545	0.015931496	0.0	0.013315317
TCGGGCAAGGAGTCTG-0	0.42596233	0.72073436	0.0	0.0011943844	0.010443784	0.0	0.0
CTGGCAGAGCGATGCA-0	0.103157416	0.31132337	0.3580309	0.32308033	0.008006711	0.0	0.0
CCAATGACACTACCCT-0	0.30561343	0.62479323	0.0	0.022273198	0.013985532	0.0	0.011936008
GATGTTGGTCGTCATA-0	0.46342137	0.0	0.042733468	0.6560662	0.05285252	0.0	0.0
TTGCATTTCAGCCTCT-0	0.5797144	0.27099293	0.023959754	0.047261365	0.123978406	0.01048715	0.032428745
GTATTGGTCCTCTGCA-0	0.42788818	0.52374375	0.005528243	0.14428587	0.0020298555	0.0073173726	0.0
TGAATCGTCTAACGCA-0	0.0	0.0	0.3743119	0.43259433	0.33312517	0.0	0.0152551625
CAAGACTCACCAGACC-0	0.39938492	0.48862168	0.0	0.051666293	0.0	0.0	0.035816696
CACATGACACATACTG-0	0.6651342	0.26558456	0.06103363	0.09601388	0.024492946	0.0058196634	0.05052639
TTTCGATAGGCCTTCG-0	0.0	0.2964289	0.22400264	0.12459208	0.15828869	0.14458314	0.0
AAAGAACAGTACTCGT-0	0.80357593	0.09795864	0.0	0.033051834	0.051859476	0.09028674	0.0
GATGTTGTCGCTTACC-0	0.07348927	0.70644855	0.0042322036	0.20072263	0.01736962	0.0	0.011542607
ACACTGATCAGCGTCG-0	0.40514258	0.69612765	0.0	0.0	0.0	0.0	0.0010755061
AGTGCCGCAGAGATGC-0	0.11278411	0.69252384	0.026560873	0.09226414	0.020099381	0.0	0.0
CTGATCCTCTGGGCAC-0	0.66045994	0.37596685	0.0	0.101254776	0.027981695	0.0	0.0
TAAGTCGCATTGTACG-0	0.004228486	0.56782854	0.15362968	0.3196181	0.04967187	0.016025146	0.0
TCACATTTCACAAGGG-0	0.11071417	0.348594	0.081623256	0.4018433	0.07683961	0.0	0.0
AGTCATGGTGTGGTCC-0	0.34740725	0.20256418	0.0	0.39226073	0.028194183	0.0	0.036356278
CTATAGGAGGGACTGT-0	0.25781482	0.4879199	0.10962466	0.12469781	0.037535552	0.011070971	0.0
GAGGCCTGTTGAGTCT-0	0.5270055	0.5360617	0.0884053	0.06597982	0.017137146	0.04981382	0.0
GACTATGCAAGTATAG-0	0.26723617	0.4243581	0.0	0.16194461	0.053362653	0.0	0.006565621
ACTTCCGAGGAAACGA-0	0.237585	0.39089614	0.032195825	0.25877857	0.003146258	0.0068641924	0.0053177946
GAAGCCCGTGACCTGC-0	0.0020524687	0.50497526	0.09801346	0.1461385	0.0063000075	0.0	0.0
ACAACCACAATACCTG-0	0.3407231	0.3259233	0.072950035	0.114503905	0.028110227	0.013584256	0.0
ATCCACCGTCCGTACG-0	0.21112345	0.42151862	0.0405091	0.38847536	0.0	0.0	0.0005193996
AACCCAAGTCCCTCAT-0	0.19432785	0.0	0.0	0.26846197	0.35114473	0.30350837	0.0
GCCAACGGTCCTTGTC-0	0.83529073	0.28175023	0.0	0.0	0.036938593	0.0	0.0
CCGATGGGTAGGAGTC-0	0.102201395	0.5085873	0.048027653	0.16649821	0.05066337	0.051741168	0.0057316297
CTCAAGAAGTATGGAT-0	0.38548204	0.52468145	0.0024383552	0.07084719	0.087742135	0.041666538	0.0035217097
GAATAGACAGTTCTAG-0	0.35989207	0.37649485	0.004224936	0.11837751	0.018030876	0.023288269	0.0
TCGATTTGTAAGATTG-0	0.0	0.3960091	0.12662989	0.08706251	0.18323465	0.10191852	0.23195526
TCATCATAGACCAAAT-0	0.14758655	0.5192718	0.041745964	0.17146172	0.05865357	0.03259413	0.0
ACATCCCTCAGCGCGT-0	0.3467198	0.6011339	0.0	0.1230159	0.062198006	0.011685521	0.0
TGGATGTAGTTCCAGT-0	0.044144128	0.3762381	0.22433299	0.17634794	0.24535139	0.0	0.0038709228
CGGAGAATCGGCATAT-0	0.20776416	0.81388366	0.0065232487	0.14481464	0.02365307	0.0	0.0
TAGGTTGAGTGGCGAT-0	0.1541625	0.69079167	0.017094584	0.1249589	0.041021504	0.0	0.09087344
GTGCTGGTCATTGAGC-0	0.012804137	0.39178184	0.14334722	0.5181961	0.07860771	0.0	0.008665346
TTCCACGAGCACTGGA-0	0.0	0.27735585	0.3214304	0.33727697	0.1322279	0.0	0.0044451957
GCAGCTGTCCCATTTA-0	0.1060536	0.20133694	0.2619935	0.13742386	0.069150664	0.0	0.020950906
GCCCAGATCAAGAATG-0	0.20760466	0.34844202	0.09743504	0.15399855	0.041820314	0.004703294	0.020632735
GCATTAGGTTCTTAGG-0	0.16141999	0.29528597	0.0	0.39021063	0.0	0.051595263	0.030387476
GTCACTCAGGCCTGCT-0	0.40703642	0.41151813	0.023229085	0.0	0.13598882	0.0	0.0021975907
GATTCTTGTCTCAAGT-0	0.16518967	0.2914468	0.0	0.24084362	0.052863378	0.0	0.05911553
CGGACACCACCTGATA-0	0.28298664	0.23552696	0.017235028	0.19367115	0.0	0.0017685461	0.0
ACCTGAATCGTAACTG-0	0.077005975	0.0	0.018837739	0.0	0.89340883	0.0	0.0
GTAGAAACATTGCTGA-0	0.4420486	0.23529907	0.034633547	0.21914087	0.057307396	0.0	0.02549632
ACACAGTGTGGCGTAA-0	0.37078872	0.39931238	0.03261813	0.44389355	0.0	0.0	0.01817241
GGTGATTTCCACTGGG-0	0.287954	0.5259309	0.029011164	0.10712773	0.013854091	0.03514953	0.034293294
GTGGTTAAGTTTGTCG-0	0.58871645	0.49289334	0.0	0.0	0.04235533	0.019596092	0.0
GGCTTTCCACCAGTAT-0	0.0	0.55874574	0.12294525	0.23325856	0.005464199	0.0	0.019820614
CAAGCTATCGCAGATT-0	0.6024321	0.1702251	0.019712413	0.07009557	0.018514097	0.03922817	0.0
CCTTGTGGTCAAAGTA-0	0.64067864	0.1867466	0.0	0.0	0.0049149888	0.0	0.0
CCGTGAGTCCGAACGC-0	0.55657226	0.46780565	0.0	0.20697607	0.033977177	0.007885223	0.018888135
CACCGTTTCTCCCATG-0	1.0654782	0.14186688	0.0	0.0	0.0	0.026699873	0.0
CAACGATTCAGGAGAC-0	0.1319566	0.48711294	0.0	0.20300111	0.027500534	0.005648219	0.007808352
CCATAAGGTCTCGGAC-0	0.40528208	0.33385357	0.10553543	0.029719768	0.1798917	0.0	0.0360576
AGACAGGCACCCTGTT-0	0.42394206	0.09050221	0.23245339	0.12519336	0.0857356	0.0	0.0
ATTCACTTCAAGCCAT-0	0.0507504	0.35899568	0.19120178	0.15133193	0.035874553	0.0	0.0
CGGGTGTCAGCTTTCC-0	0.0	0.46979865	0.23730685	0.12804024	0.0	0.15416342	0.0024187558
TCACACCGTGGGATTG-0	0.08903306	0.34728473	0.2722655	0.20898762	0.13664743	0.008267238	0.0
CATGGATAGTAAGACT-0	0.3661869	0.7920647	0.0	0.0	0.0	0.014085363	0.0
GGGACCTGTTCACCGG-0	0.0	0.18287703	0.54496354	0.07194779	0.13794906	0.105442576	0.008285287
TGTAAGCTCCTCAGAA-0	0.2066891	0.33238712	0.066543	0.46855167	0.038375255	0.004043549	0.009895173
TCCTCTTAGTTCAACC-0	0.22732338	0.6415568	0.0	0.0	0.015901392	0.0	0.022408037
CGGCAGTTCCGGCAGT-0	0.33410335	0.36876294	0.0	0.0	0.0	0.0	0.0
AAAGGATTCTCCTGCA-0	0.26422933	0.6647086	0.0	0.23686872	0.0	0.0	0.020848619
TTACGTTTCATGGAGG-0	0.54968137	0.5274795	0.0	0.1508334	0.0071114628	0.0	0.0
CTCAACCAGCATCCTA-0	0.3524992	0.2101489	0.0035101944	0.4617028	0.09944143	0.022740139	0.0
AGCGTATTCCCAGGAC-0	0.15571883	0.560901	0.06499695	0.34285942	0.030341925	0.03797057	0.016523661
ACTTAGGGTTGGACTT-0	0.7905952	0.19569774	0.024478992	0.021785662	0.0	0.055939063	0.0
ACGTAGTCAGCAGTGA-0	0.07655711	0.69700456	0.0	0.21181059	0.0	0.0	0.053723894
CTGTAGAGTGATTAGA-0	0.42125508	0.5868433	0.0	0.03713321	0.0	0.0	0.01710718
TTTGGTTGTAGGTAGC-0	0.1618168	0.3585142	0.034370076	0.44298527	0.024655199	0.0	0.009548855
ATGTCTTGTCCGACGT-0	0.7552093	0.19056636	0.0	0.16929688	0.008716677	0.0	0.0036126364
GTACAACGTCGCCTAG-0	0.016281912	0.2314978	0.21317919	0.3311046	0.22489432	0.13204683	0.005193699
TGTCCACAGCCAAGTG-0	0.15638934	0.38222367	0.03873039	0.3157473	0.08567054	0.07100309	0.0050291126
AGGGAGTTCTAGCAAC-0	0.45340666	0.20462495	0.20821352	0.0410387	0.05180082	0.13711926	0.0111266775
ATCGTCCTCTACAGGT-0	0.53156996	0.050343376	0.013944771	0.12410426	0.0	0.13825387	0.044457864
TGTAAGCAGTGTTCCA-0	0.24775614	0.15996705	0.16054524	0.25984907	0.032340724	0.0	0.0
CCAAGCGGTGTACAGG-0	0.24212226	0.2066181	0.049267665	0.43736577	0.09545057	0.035417307	0.0
AATGACCGTATCATGC-0	0.5702513	0.3901319	0.0	0.0	0.14687467	0.021310382	0.0
CCTGTTGTCTGTTGGA-0	0.48996118	0.46110433	0.0	0.0	0.0	0.0	0.0
ACGTACAAGGTAGCAC-0	0.57859886	0.5105971	0.0	0.0154942395	0.0	0.0	0.0
CGTCCATCAGTTTCGA-0	0.710634	0.2783768	0.013091214	0.0063472902	0.000119059994	0.0020723795	0.0
CTATCCGGTGACATCT-0	0.19750911	0.25829515	0.084038064	0.36914918	0.06469112	0.0	0.0064873137
TCAAGTGCAATGTTGC-0	0.86207646	0.39112633	0.0	0.0	0.014244621	0.0	0.0180914
GGTGTTAAGAAGCTCG-0	0.24569221	0.14333333	0.016083583	0.1458993	0.2395943	0.12205966	0.06827006
CGCATGGTCATGGATC-0	0.47643673	0.44077733	0.0894371	0.0434025	0.12859188	0.0	0.00034638064
AGAGCCCCAACAGCCC-0	0.29393917	0.39315706	0.19266135	0.11998688	0.012874762	0.0	0.028602635
ATGGTTGAGAGATTCA-0	0.3878087	0.054076906	0.029796163	0.2843642	0.0	0.03348897	0.0
CCGGTAGAGTGAATAC-0	0.27861068	0.26276565	0.0	0.12740983	0.05457714	0.027234169	0.0
TCCTGCACACACGGTC-0	0.0	0.39382556	0.0	0.06106012	0.0	0.0	0.47744787
AACCAACCAGGTGACA-0	0.0920182	0.11514845	0.16701472	0.4120755	0.15561031	0.016848406	0.0
TCCCAGTTCGATACAC-0	0.6677503	0.43583626	0.0	0.0	0.10088429	0.054045603	0.020781152
GTGAGTTAGAATCGCG-0	0.040734924	0.42318135	0.10457446	0.34071591	0.0	0.0	0.009942124
TTTACCAAGATTGACA-0	0.32178095	0.16366535	0.0	0.5567537	0.12047126	0.050438184	0.0
TTGTTCACAGCAGAAC-0	0.4143127	0.35455796	0.024872795	0.029829869	0.0253947	0.0067160917	0.01460644
AGGTGTTAGATAGTGT-0	0.51421463	0.22704352	0.030666005	0.10240235	0.0	0.0	0.014399682
GGGTTATGTCTCCTGT-0	0.04150151	0.6993376	0.0	0.13349035	0.13535474	0.0	0.018734934
CTTCCGACAAGACGGT-0	0.057585914	0.7236766	0.12117194	0.051382672	0.002831914	0.0027043642	0.028999731
GTACAACAGCAGATAT-0	0.30470878	0.67826116	0.0	0.11159118	0.015069804	0.0	0.05047008
GTCAGCGAGTCACACT-0	0.15700038	0.28067175	0.099544615	0.19997823	0.118865624	0.05582675	0.006605449
TTGTGGACATTGCTGA-0	0.01410496	0.41453445	0.25479415	0.14441016	0.09702473	0.004819813	0.0080691185
TCAGTCCCATACTGTG-0	0.36010447	0.28788853	0.0	0.194494	0.0240001	0.0	0.00039321647
AGACAAAAGAAGTGTT-0	0.0	0.38518828	0.34688	0.03782335	0.14564261	0.12845293	0.0
CCACACTGTTACCTGA-0	0.10718623	0.1675282	0.18187775	0.2500414	0.36541176	0.11341026	0.027784642
ATCGTGATCAGTAGGG-0	0.2751028	0.55778605	0.12713422	0.19138868	0.0	0.08865944	0.0
ACCCTTGGTCACCACG-0	0.0	0.14417799	0.27626294	0.39945695	0.17484464	0.0	0.008140016
TCGTCCAGTCGACGCT-0	0.16573004	0.6989212	0.0	0.41162202	0.023549553	0.0060880636	0.037389733
GTGAGCCCACGAAGAC-0	0.42176917	0.6751469	0.0	0.00074183586	0.0027611472	0.052136514	0.0
TCGGTCTCAAGACCGA-0	0.016555307	0.6494059	0.041544866	0.20555785	0.015351731	0.0	0.0070645744
CCAAGCGAGGTCACAG-0	0.51349443	0.52222407	0.0	0.001152309	0.0	0.0	0.020919034
TTAATCCCAGAGACTG-0	0.018997679	0.4311332	0.1770013	0.24222934	0.051673554	0.09849575	0.0
GTGGCGTGTAACACCT-0	0.08723971	0.1885834	0.28596452	0.26519415	0.089668944	0.11969026	0.0
ACTCCCACATCATCCC-0	0.11382774	0.8374833	0.0	0.016259223	0.021867448	0.0	0.0
TTCACGCAGGTGGGTT-0	0.3650162	0.4915197	0.1124001	0.07491433	0.02619275	0.054906867	0.0053797318
TTTGATCTCCATTGCC-0	0.11969295	0.2495881	0.18848574	0.20301491	0.089700505	0.012788765	0.061806116
CCCATTGGTCATCCGG-0	0.0	0.0	1.4548455	0.0	0.30072695	0.0	0.0
TTCAGGAAGATCCGAG-0	0.10907619	0.8535013	0.0	0.04061368	0.02034299	0.0	0.042229936
TGGTAGTTCAAACTGC-0	0.25551766	0.54439974	0.0	0.1080387	0.15615	0.02628802	0.0
CTGCAGGGTACTTGTG-0	0.0	0.41778877	0.27907023	0.2710187	0.038762454	0.07729921	0.015375492
CCTGTTGCAAATAGCA-0	0.34403047	0.45483986	0.0058264825	0.3274831	0.0135453185	0.0	0.0
GAACACTCACCCTTAC-0	0.0	0.22475842	0.23436445	0.29516083	0.058987714	0.043186247	0.0
ACTATTCGTTGCATGT-0	0.0	0.11467853	0.28805462	0.55379665	0.11955542	0.02854757	0.0
TTCTCTCGTATAGCTC-0	0.12180646	0.33618847	0.13193937	0.14345361	0.013833886	0.015749706	0.0
TAATCTCTCAAACCCA-0	0.7855248	0.127991	0.0	0.331705	0.060276423	0.0	0.07073076
GGATCTATCCTAACAG-0	0.06200829	0.39578354	0.061701655	0.024413172	0.001103966	0.0	0.0
GAACACTGTGCCTTTC-0	0.15000942	0.47298694	0.047771998	0.14615558	0.027453305	0.0	0.0
CCTATCGCAGAGTGTG-0	0.2930774	0.4795175	0.15991388	0.0	0.027127378	0.026961014	0.0
TTGGATGTCTTCGACC-0	0.5005536	0.4609385	0.0	0.0	0.09038706	0.0	0.0
CGAGGAAGTATTCCTT-0	0.45350087	0.21764049	0.059677683	0.42226303	0.020043714	0.076047346	0.0
GATAGCTCACAAGTTC-0	0.7657838	0.3197253	0.018104952	0.0	0.036799174	0.019320833	0.21102518
TAACACGAGTACCGGA-0	0.17455591	0.3729399	0.019458167	0.23147301	0.09697692	0.020393234	0.00051191787
TGATGCAAGCACACAG-0	0.30900547	0.49078515	0.0	0.0	0.004411929	0.0	0.46205688
ATCCTATCAACGTATC-0	0.5246211	0.0	0.026719997	0.37652865	0.1422928	0.04144217	0.04425785
TTCACGCGTGTTCATG-0	0.06821639	0.36886835	0.022453988	0.2024308	0.019033566	0.0	0.0
TGTTCCGTCCAAACCA-0	0.19055417	0.56786317	0.07327158	0.31635377	0.06042367	0.044121344	0.0
TAGCACACAGCGGTTC-0	0.35691634	0.336395	0.0262461	0.08111498	0.0040893303	0.0	0.0
GAAACCTTCTCGTGGG-0	0.4867187	0.6115838	0.0	0.035655834	0.017543267	0.0	0.047192775
TGATCAGCAAGTTCCA-0	0.11383124	0.6449982	0.02684173	0.13375284	0.004219465	0.0	0.0031156477
ACGTCCTGTAATCAGA-0	0.32995555	0.600916	0.0	0.0	0.0	0.0	0.09594826
GGTAGAGAGTCATGCT-0	0.6535852	0.39259732	0.0	0.0	0.0	0.0	0.0
AGTCACACACTGTGAT-0	0.017094605	0.7177424	0.0	0.081240304	0.0	0.0	0.0
GGCTTTCTCGTGCACG-0	0.5023835	0.598014	0.0099802315	0.15652333	0.0	0.01351554	0.0015732328
ACTGCAATCCATGATG-0	0.0	0.2642963	0.54588336	0.026567847	0.15106027	0.0	0.0
TTGTGGAGTTCAGGTT-0	0.3519759	0.5856641	0.0	0.21428716	0.11375768	0.0	0.0
CGTTAGATCTAGACAC-0	0.5375093	0.4544413	0.0	0.0	0.020975187	0.028082933	0.013849259
ACGGTTAAGTGCTACT-0	0.35301757	0.7020713	0.0	0.061739128	0.0	0.0	0.0
TCAGGTAAGGTGGCTA-0	0.15581769	0.2989452	0.0	0.65320593	0.0	0.0	7.6268675e-06
GTCCACTGTGCTCTTC-0	0.4053559	0.4283766	0.0	0.045394752	0.032032434	0.0	0.00061999745
CTATCCGGTGTGGACA-0	0.7181172	0.22352798	0.0	0.084052876	0.0	0.0	0.0019115396
CTGCAGGGTGTTATCG-0	0.52796227	0.50926596	0.0	0.0	0.0	0.0	0.030268202
AACGTCATCTTTGATC-0	0.45134562	0.56259084	0.0	0.09037597	0.016577937	0.0	0.0
GTTGTAGGTCGCATGC-0	0.25319552	0.23302454	0.14862266	0.14538805	0.087310255	0.0	0.009306069
GGAGGTACAAATCCCA-0	0.2619527	0.53595585	0.0	0.018788278	0.03301553	0.009786551	0.054100495
TCCTAATGTGTGTGTT-0	0.79139507	0.24058463	0.0	0.0	0.0	0.0	0.0
AGTTCGATCGACCAAT-0	0.51625013	0.0554668	0.06180935	0.338594	0.0455354	0.06290641	0.032677405
AGTGACTTCTCTTGCG-0	0.12805879	0.29643735	0.20842874	0.21047935	0.078322135	0.0	0.0
GTGTGGCGTCTTGCTC-0	0.027926913	0.8628075	0.07611148	0.3331931	0.008879477	0.0	0.04229532
CACAACACAACGTATC-0	0.033592757	0.54640794	0.046063676	0.34073812	0.051878016	0.0	0.0
CTTCTCTAGAGTAACT-0	0.22964603	0.5098643	0.016327774	0.15352961	0.06821774	0.01612577	0.006676291
AGTGCCGTCAGCCTCT-0	0.7348076	0.30719543	0.0	0.027585106	0.0803073	0.0079354625	0.0
TCTCTGGCATAGTCGT-0	0.16396058	0.6384535	0.07736655	0.08001268	0.0	0.014176375	0.008195806
CCGCAAGAGAAGGCTC-0	0.11158453	0.6567422	0.021302847	0.33206642	0.055131137	0.0	0.0
GGTCACGTCCACAGGC-0	0.21695639	0.34229586	0.06781311	0.101152666	0.006565214	0.09008186	0.030890645
TTAATCCTCTCTCAAT-0	0.2490939	0.5709919	0.022282483	0.12171274	0.045978792	0.0	0.0
ATCTCTACACATCCCT-0	0.0	0.9624038	0.0	0.07562834	0.004413096	0.0	0.0013568526
TTTCACATCACTTGTT-0	0.4387758	0.57348794	0.0	0.12867194	0.0064599	0.0	0.0059099514
GAAGGACCAAACACCT-0	0.33336705	0.13024499	0.038445167	0.1649479	0.06959635	0.0	0.030174559
ATATCCTAGACCTTTG-0	0.0	0.6719823	0.13210392	0.059310906	0.016634893	0.007811376	0.0
TCAGTGACATACGCAT-0	0.71526194	0.43555957	0.0	0.0	0.0	0.0	0.07238895
TTGACCCAGGTAAGTT-0	0.57928056	0.4691665	0.0	0.093909875	0.011118033	0.011707149	0.0
CACGAATCAGGTCCGT-0	0.112025976	0.7045252	0.0167371	0.08221816	0.04032215	0.0	0.0
TCACGCTAGCTGACTT-0	0.0678272	0.52105093	0.08963514	0.470069	0.039186668	0.0	0.025347566
GTCATTTAGAGCAACC-0	0.31410572	0.33686298	0.1016047	0.562206	0.0	0.03859069	0.05156844
CTGCCTAAGACTGTTC-0	0.0	0.24811131	0.0	0.0	0.0	0.0	0.8348293
CTACGGGCAGAGTAAT-0	0.6229587	0.3542912	0.019114533	0.074133985	0.023323039	0.08933149	0.0
TGTTCCGAGACCTGGA-0	0.061954346	0.37699357	0.28308436	0.23530127	0.12412396	0.0	0.0
TGAGGTTTCCCATGGG-0	0.0	0.16208306	0.2587236	0.24114637	0.43830714	0.015106737	0.0
ACCCTCATCGTTCTCG-0	0.5986859	0.4098939	0.0	0.101465486	0.02245605	0.0	0.028548721
CATCCACCATCGCTGG-0	0.21519972	0.4641525	0.013271562	0.23032637	0.0	0.0	0.0
GCAACATAGCGTATAA-0	0.73030096	0.0	0.079212636	0.0072346297	0.1475038	0.20010245	0.19481605
CAGCCAGAGAGAGAAC-0	0.47627524	0.4290573	0.10480037	0.025451582	0.06556843	0.12256312	0.003516648
GAGAGGTCATGGCTGC-0	0.43709627	0.36493975	0.0	0.16610979	0.0	0.0	0.0
TCTAACTCAGAGACTG-0	0.84181637	0.50815177	0.0	0.0	0.0	0.0	0.027794808
TGTCCCAGTATGTCCA-0	0.40025055	0.58616656	0.00547795	0.055890102	0.01228732	0.0	0.0
ATCCATTTCATGAGTC-0	0.053062923	0.80831665	0.10155596	0.017055951	0.048821386	0.0	0.029668124
GAAGCGACATGTGACT-0	0.18903919	0.0	0.15340494	0.3198581	0.01864865	0.023203759	0.0
GGTAACTCATTATGCG-0	0.16744009	0.51313317	0.011410211	0.27052638	0.054843344	0.009432667	0.0
GAAGCCCGTGGTCTCG-0	0.0	0.15378685	0.0	0.0	1.1652621	0.0	0.0
TATCGCCTCCCGGTAG-0	0.68082213	0.52724326	0.0	0.0	0.0890346	0.0	0.010427306
TTCATGTTCTGCATAG-0	0.07683287	0.5833455	0.00888696	0.09816878	0.0	0.0	0.0
CTCACTGTCCGTTGGG-0	0.29971293	0.2948227	0.08923277	0.068670124	0.038018733	0.0	0.0
ACTGCAAAGCCAACCC-0	0.16374856	0.7675609	0.032519333	0.04232785	0.029231464	0.009702707	0.020446906
GGTGATTTCTAGAACC-0	0.50019443	0.60985506	0.0	0.0	0.010291256	0.010462894	0.0
ACGTACATCAACACGT-0	0.0	0.2314812	0.1692941	0.44469792	0.021547563	0.0	0.0
ACTACGAAGTAATTGG-0	0.31098834	0.59855336	0.019255167	0.20391034	0.025178893	0.03233102	0.013633977
CAATACGCATCCGCGA-0	0.29714486	0.54242676	0.011286679	0.1101021	0.044136472	0.0076329196	0.0
GTGATGTTCTATTTCG-0	0.15700068	0.3068947	0.19085462	0.13050875	0.17075786	0.04961779	0.0019601416
GTAGGTTCAAAGTGTA-0	0.27796844	0.40487683	0.08574006	0.12187455	0.10650909	0.17557374	0.00052552606
ACCGTTCGTGTTGACT-0	0.0	0.40579405	0.04085064	0.024742622	0.2612575	0.04689645	0.11872774
TAAGCGTTCTCCGAGG-0	0.32800102	0.54851514	0.0	0.019884825	0.0040635527	0.0	0.0
TGATTTCAGTTACTCG-0	0.5353101	0.41035938	0.0	0.0	0.047222916	0.0	0.0
GTTCGCTAGGCAGGTT-0	0.15664837	0.57028604	0.0	0.39359313	0.02072062	0.0077842074	0.0
GAGCTGCGTGAACCGA-0	0.61752236	0.45858684	0.0	0.025757851	0.0	0.041392483	0.020413596
GTATTTCCATTGCCTC-0	0.3887441	0.4701436	0.0	0.14897315	0.024845745	0.032303356	0.0
TGAGCGCGTGCCTATA-0	0.38088512	0.27890325	0.12076551	0.14950772	0.1555896	0.0	0.0029986498
GTTGCGGGTACATTGC-0	0.29678097	0.71447015	0.0	0.0	0.026211917	0.00548415	0.003769517
TACCTGCAGCGTCTGC-0	0.0	0.0	0.5765412	0.4065885	0.24685204	0.18288499	0.0
CTAACCCAGATTCGAA-0	0.7299136	0.37544057	0.0	0.108093984	0.0009083324	0.017401095	0.04309698
GGGACCTAGCAGTAAT-0	0.0	0.108971804	0.48949698	0.03431625	0.32421756	0.0	0.02037915
ACTTATCTCAAGTTGC-0	0.2935011	0.14250053	0.22415239	0.17650515	0.04254453	0.009307102	0.023712208
TACAACGCACATAACC-0	0.33235547	0.3388738	0.0	0.32899818	0.0635085	0.060691953	0.0
TCAGCAAGTCTTCTAT-0	0.16389984	0.4674565	0.10616654	0.09237094	0.050436743	0.058919292	0.0
AGAGCAGTCGGTTGTA-0	0.20485573	0.6954325	0.028467668	0.2523225	0.033838984	0.006176083	0.04081052
CAACGATCATGGCACC-0	0.69819945	0.40208608	0.0	0.0	0.0	0.0	0.0
ATGGGTTCAGAGTCTT-0	0.3837755	0.49976587	0.09705427	0.02054641	0.026742721	0.0	0.03429236
ATGAGGGCAGAATTCC-0	0.3118596	0.6626214	0.0	0.07106192	0.0	0.0	0.0
GGAATCTTCGATCCAA-0	0.0	0.12329229	0.16112728	0.60349756	0.100425795	0.0	0.0
AAACCCATCTTAGCTT-0	0.10066664	0.30779594	0.06243087	0.54611886	0.072942376	0.0	0.0
CATCCGTTCGACCAAT-0	0.04482271	0.681175	0.16481675	0.2333947	0.0	0.0	0.013836836
ATGAGTCCAAGCTCTA-0	0.6744088	0.32602885	0.0	0.14988329	0.011040074	0.0017451653	0.014112095
TCATCCGCACAATGAA-0	0.3126619	0.0	0.6600736	0.0	0.11325957	0.0042827222	0.046199095
CCGGTAGCACTTGGGC-0	0.0	0.85422873	0.092881724	0.1958089	0.070618555	0.030378934	0.06232701
TTGGATGTCACGATAC-0	0.22511502	0.42117238	0.101757325	0.28070053	0.0	0.02980447	0.011070994
GAGGGTAAGTCTGCAT-0	0.1220953	0.7785135	0.0	0.0	0.024469497	0.0	0.0
TTAATCCTCACTGCTC-0	0.16674936	0.5044834	0.14605163	0.17198215	0.009019475	0.0009327678	0.0
TGTTTGTCAATTAGGA-0	0.40371212	0.0071974806	0.37258545	0.21702506	0.042236365	0.01144847	0.0
ATTCTACAGCTTAGTC-0	0.5567358	0.57134974	0.0	0.008306136	0.012166544	0.050064124	0.02462446
GTTCGCTAGTAACAGT-0	0.20512755	0.36105326	0.0	0.42004701	0.0	0.0	0.0071286485
GCTTGGGTCGAACCTA-0	0.43396538	0.5620437	0.0	0.12805486	0.005485178	0.0	0.003805635
TCACAAGAGACGCTCC-0	0.0	0.097062394	0.51784784	0.1000709	0.3944903	0.0	0.0
GTTGCTCGTAGCACAG-0	0.0	0.8603322	0.06321964	0.06467969	0.0	0.00503773	0.004785823
TGGAGAGCATTAAAGG-0	0.64145875	0.37663534	0.0	0.0	0.0	0.0	0.026197
AGCGCTGGTGTGGTCC-0	0.2621209	0.4036594	0.17433535	0.07623347	0.03536459	0.0763543	0.0
GTGTCCTGTTAGGCCC-0	0.20715809	0.4149746	0.03390033	0.0	0.036638994	0.04161384	0.005313081
TTGGGATCAGCCTTCT-0	0.5968039	0.28624347	0.0	0.24821265	0.0029111349	0.0	0.0
TCATGTTTCTTACGTT-0	0.09410617	0.5988192	0.09996747	0.027756821	0.0075876396	0.0	0.0
CAGATCATCAAGGACG-0	0.087100714	0.20717622	0.48815987	0.0	0.20216343	0.066495135	0.0
TCATCATGTCGATTCA-0	0.11941574	0.2673755	0.07718254	0.08474308	0.04018139	0.0	0.0010492938
TTGCGTCCACGAGGAT-0	0.13864571	0.6002497	0.09729716	0.12930006	0.0530944	0.0	0.0
TGTGTGATCGCCTTTG-0	0.25771242	0.53155917	0.09379681	0.2635546	0.030270347	0.0035520836	0.010448379
GCTTCACTCTTAATCC-0	0.088332124	0.17942815	0.15905304	0.10757345	0.056970757	0.0	0.0013615985
GAGACTTGTAACCCTA-0	0.09091238	0.42536968	0.0	0.18306193	0.21098574	0.01122543	0.0
AGGAGGTGTAACCAGG-0	0.38603535	0.58423734	0.0599502	0.06961421	0.008540462	0.013722899	0.0
TGGGCGTTCCGCCTAT-0	0.32527822	0.7847202	0.0	0.0	0.0	0.060947917	0.03316894
AATAGAGAGACAAGCC-0	0.11493668	0.50510734	0.067541376	0.29918155	0.031267665	0.050853934	0.0010969405
TGACCCTCATCGGAGA-0	0.0	0.73456764	0.0526639	0.28827134	0.01640781	0.0	0.0047560507
GGGATGATCATGGGAG-0	0.38275412	0.32945865	0.0	0.35465413	0.049849488	0.0	0.0
AAGTTCGCACCGCTAG-0	0.101422675	0.27791214	0.20688835	0.12086275	0.0	0.0	0.020418972
ACTTCGCAGAAGCGGG-0	0.36867118	0.4801872	0.014174703	0.0015908265	0.0	0.0	0.0
CTCCCAACACAAGTTC-0	0.18231761	0.7013674	0.0	0.0	0.25738898	0.048971597	0.0
CTGCATCTCGTACCTC-0	0.040011566	0.5123355	0.09897564	0.19863345	0.042446878	0.07805983	0.0
AGTTAGCGTCAGTTTG-0	0.80365616	0.42252895	0.0	0.0	0.0	0.0	0.0
GGTGTTATCTCTGCTG-0	0.2203514	0.6702148	0.0	0.023318386	0.023386119	0.02369765	0.0
CCATAAGAGTAGAATC-0	0.44793513	0.42115325	0.07254855	0.0	0.044640664	0.007832525	0.035219133
TTGGTTTGTTGTATGC-0	0.06620863	0.085504174	0.26059875	0.27409145	0.18193279	0.035390973	0.0
TCGACGGGTTCGAACT-0	1.1363786	0.13112906	0.0	0.0	0.0	0.0	0.0
ACTACGAGTAGTGCGA-0	0.36690804	0.28485617	0.07979707	0.17633581	0.07821471	0.008966271	0.0
TTCCAATAGATGCTGG-0	0.44345158	0.11614807	0.04156083	0.3397282	0.00785768	0.0	0.0
GCCAACGCAGTAGAAT-0	0.2395258	0.21241531	0.24097407	0.2746446	0.032625675	0.0	0.0
CTGTATTTCCCGAGTG-0	0.38283706	0.22619875	0.06960304	0.119132176	0.0	0.0	0.02927787
CATGGTATCTTGTTAC-0	0.29876456	0.80039346	0.0	0.06871064	0.031622723	0.068435565	0.0
CAGATCACATCATCTT-0	0.0	0.6882234	0.2618308	0.0	0.0	0.022784995	0.0
ATTCCATTCCGTGTGG-0	0.084736735	0.06381473	0.4534494	0.11881876	0.162792	0.0	0.0
TGGGTTACACGAAAGC-0	0.08306849	0.39290327	0.1455113	0.17581058	0.13555561	0.019522373	0.016743133
TTGGGTACACGAAAGC-0	0.10932125	0.8471835	0.06868528	0.044258907	0.0	0.0	0.0
TCCACGTAGACAACAT-0	0.006000802	0.3205856	0.093291216	0.38533577	0.109125145	0.04653798	0.0
ATGCATGTCGCTGACG-0	0.33708924	0.6068579	0.0	0.0	0.13525924	0.014898427	0.0010686483
ATTCCATTCAATCCGA-0	0.35821202	0.50983626	0.0	0.076227635	0.0	0.05107063	0.0
CTGAGCGAGCGAGGAG-0	0.46249256	0.3762826	0.06701782	0.0772794	0.11132565	0.19083817	0.0049769436
TGTGCGGTCGCATTAG-0	0.25042585	0.2070105	0.039018102	0.35328263	0.10955083	0.0766488	0.0021033078
AGCGTCGCATTGAGGG-0	0.4288325	0.40953106	0.0	0.05955413	0.0	0.0	0.0027043459
CTTCGGTAGGATGAGA-0	0.34579483	0.42480728	0.0	0.10198587	0.004855234	0.0	0.0
AGAGCCCCACACACGC-0	0.26829228	0.39077905	0.073929965	0.23056754	0.0043225526	0.02987488	0.0
CTGTCGTGTGCCTAAT-0	0.38854638	0.19753659	0.0056735296	0.2917458	0.01776577	0.08600587	0.0
GTGATGTAGCATAGGC-0	0.013237931	0.16327275	0.33293116	0.25054434	0.06180064	0.0	0.0
TTTCACATCTCAATCT-0	0.0	0.27793303	0.2194064	0.14917678	0.087778434	0.0	0.0
CAGATACGTGGCTCTG-0	0.32776806	0.54486996	0.0	0.2216495	0.0	0.0	0.018279621
CTTCCGATCATCTGTT-0	0.26533285	0.36916095	0.04479054	0.11339579	0.014811383	0.0	0.0
GGGAGATTCTGGACTA-0	0.7672175	0.34063232	0.0	0.032688636	0.0095186345	0.0	0.0
AAAGTCCAGTCTTGGT-0	0.26792488	1.0318459	0.0	0.0	0.0	0.012272405	0.0
GACCCTTAGCGCTGCT-0	0.40591052	0.65910566	0.0	0.08296335	0.0019176462	0.0	0.036055945
AGCTCAATCGCACTCT-0	0.09355431	0.76850367	0.0	0.14771064	0.0	0.0	0.009587197
TCGAACAAGTAGCAAT-0	0.4057395	0.3753924	0.0	0.20236214	0.04079633	0.0	0.007701845
TGGTTAGTCTTACGTT-0	0.4142441	0.6716026	0.0	0.008539759	0.0	0.040902946	0.0
CAGCCAGAGGCCCGTT-0	0.3855374	0.14886923	0.0	0.47631544	0.0	0.0	0.018890357
AAGCCATGTCAATCTG-0	0.0	0.0	0.0	0.0	1.289983	0.0	0.0
TCCGATCTCCGTATGA-0	0.18339476	0.43825155	0.004151714	0.34228042	0.013272014	0.0	0.03668704
TCTTGCGAGAGGCGGA-0	0.16549881	0.5254736	0.12761518	0.017234799	0.23353185	0.090871096	0.021139001
ATACTTCGTCGCGTTG-0	0.50144553	0.5423972	0.0	0.0	0.0	0.0	0.0
GTCATGACACTAGAGG-0	0.43232983	0.27200228	0.0	0.41288948	0.03530593	0.08206265	0.0
GAAGGGTCACGATAGG-0	0.73076177	0.42780164	0.0	0.0	0.0	0.029605517	0.009219348
GGTCACGTCGTCTACC-0	0.11827961	0.4848533	0.0	0.18884552	0.023020763	0.0	0.0042804144
TGGAACTCAGGAACCA-0	0.40300402	0.44946852	0.0050642057	0.05591194	0.0	0.05410759	0.0
TGCGGGTGTGGGCTTC-0	0.049040616	0.3096143	0.062473115	0.00031446322	0.51162314	0.09244668	0.008925288
AGCTACAAGGAAAGAC-0	0.7066537	0.5480093	0.0	0.0	0.0	0.0	0.0
CATGCCTCACTTCATT-0	0.0077285375	0.3739878	0.29863155	0.16269895	0.16560961	0.016389765	0.0
CTCCTCCCACACGTGC-0	0.5371856	0.6518893	0.0	0.0	0.007731326	0.022668004	0.0
ATCACGATCAATGTCG-0	0.0	0.09381878	0.26287428	0.100211725	0.39948198	0.0	0.0
TCGCTTGGTCGAATTC-0	0.23472357	0.14202853	0.0074010803	0.63187605	0.04732627	0.0	0.0033740492
TACTTACAGCCATTGT-0	0.30378744	0.53981024	0.018844232	0.0037520423	0.045543026	0.02345126	0.0
CTGAGGCGTCTACATG-0	0.21078181	0.0	0.028332243	0.6374406	0.0	0.0	0.0
GGGATGATCTTCCGTG-0	0.44181642	0.44265267	0.0	0.034845535	0.01408345	0.020689767	0.0
TTTACCATCTGCCCTA-0	0.085764654	0.31247288	0.17923048	0.09473222	0.01971172	0.0	0.0
AGGCCACCAGAATGTA-0	0.43589398	0.22389135	0.13575193	0.04865128	0.039261747	0.06002113	0.0053812214
GACTCTCTCTCGGCTT-0	0.5247272	0.30882427	0.032215152	0.010311069	0.1405725	0.017742125	0.012584113
CTAAGTGAGAGAGCAA-0	0.5313115	0.3480874	0.0	0.12585731	0.18852793	0.041895207	0.0
GGGTGTCTCTTGTTAC-0	0.14533666	0.5106587	0.11242589	0.10549032	0.038520887	0.0	0.0
TATTCCAGTGTCTTCC-0	0.11335973	0.4978481	0.2329226	0.0685378	0.09576509	0.0822229	0.019579446
AAGACAAAGTATCTGC-0	0.48403665	0.0	0.12929337	0.2688904	0.0	0.07701533	0.02534779
TGCAGTAAGAAACTCA-0	0.60778874	0.4382751	0.0	0.0	0.00638188	0.0	0.0
GGAATGGGTGACCGAA-0	0.45604762	0.1940973	0.0	0.2892945	0.08171396	0.0	0.011446836
GTGTCCTAGGGTAGCT-0	0.20922926	0.7123839	0.035556797	0.060813062	0.05016814	0.0020276343	0.0039616637
TTGGTTTGTCTCTCTG-0	0.3661316	0.43456727	0.0	0.0	0.0013470793	0.0009206278	0.0
CTTGATTTCGGAGTAG-0	0.0	0.9087434	0.0	0.061428994	0.0022278342	0.0	0.0
CATGCAAAGTCATCCA-0	0.24825945	0.7575063	0.008908033	0.06879792	0.02273555	0.060147077	0.0
TGTCCTGGTCACTCGG-0	0.4890023	0.25528383	0.0	0.0734373	0.30426717	0.03452316	0.002161516
CCATCACCATCCGTGG-0	0.6399572	0.26253211	0.0	0.061108597	0.07227945	0.0	0.010494991
GACATCATCCTTATAC-0	0.48523206	0.57045805	0.0	0.0	0.0	0.0	0.0
TTTAGTCTCTGGACCG-0	0.18235347	0.5824429	0.09473483	0.15372732	0.034449603	0.0	0.0
CTGCAGGGTGGTTCTA-0	0.06481275	0.36020374	0.23178078	0.0	0.0	0.14684482	0.03958866
CTGTAGATCACATCAG-0	0.0	0.43349472	0.30131626	0.22988026	0.07122873	0.12638476	0.044122994
CAGATTGTCGTGGGTC-0	0.38127175	0.45467758	0.078098744	0.07385259	0.06250201	0.043788005	0.03946301
TTGGGTAAGCCAGACA-0	0.42415842	0.48417124	0.0	0.019459212	0.017255642	0.003320782	0.0
AAGGAATTCTACTGAG-0	0.023422416	0.32423782	0.0	0.6152787	0.115017556	0.06005245	0.0
CAATGACAGGCAATGC-0	0.26821074	0.45927903	0.0	0.48666593	0.0	0.0	0.016725132
TGCGGGTAGTTGCCTA-0	0.0	0.51886374	0.1605141	0.371388	0.13780867	0.0	0.03029099
GGGATCCAGTAAGCAT-0	0.45410383	0.24721004	0.0	0.3759697	0.0127780195	0.08713649	0.0
TAACACGTCAAGAGGC-0	0.29880926	0.4677855	0.0	0.2559069	0.08468799	0.06718599	0.02332143
TCTGGCTGTAGACTGG-0	0.37501448	0.6388486	0.0	0.0	0.0	0.0	0.0
AGACCATTCTGAATGC-0	0.53954554	0.21557179	0.087528884	0.18306372	0.06233555	0.089957215	0.017269764
GCGAGAAGTGATGAAT-0	0.203196	0.43804482	0.040955298	0.28551602	0.016285928	0.034162965	0.0
CGAGTGCTCGAAATCC-0	0.14832275	0.22419637	0.118900605	0.30399194	0.0	0.0	0.0
TGTCCACCACTACTTT-0	0.38903537	0.42673504	0.118892536	0.061730295	0.13998778	0.0035638905	0.06327372
GCTTGGGTCCAACCAA-0	0.09848946	0.62975276	0.0	0.0	0.29103154	0.0	0.016113834
TTTCACATCGCAGTCG-0	0.21015325	0.34419617	0.12522338	0.08233694	0.044240955	0.083094	0.0
GTTCGCTGTGTGTGGA-0	0.33311865	0.16792099	0.019293994	0.29927868	0.04588174	0.0	0.0
ACTGATGCATGCTGCG-0	0.31484392	0.2876857	0.040844865	0.15978715	0.07931115	0.08142494	0.0
CTACCTGAGTGGTTGG-0	0.20176318	0.41570336	0.13506368	0.1490014	0.048950765	0.049868245	0.0
GTGTGATCATGACTAC-0	0.5600489	0.3713106	0.06480699	0.04814842	0.024312854	0.0	0.024490885
CAAGACTAGACAGTCG-0	0.45306093	0.4370331	0.0	0.0	0.01001068	0.0	0.0
TCCTTTCTCGAAACAA-0	0.6217403	0.3405575	0.013487257	0.0	0.030788833	0.00097026536	0.0040860516
ATTGGGTAGGCGAACT-0	0.22522034	0.37775788	0.089579865	0.16414343	0.0698272	0.0	0.0
AATGACCGTCAAGTTC-0	0.09371794	0.0	0.27973574	0.7591286	0.09709246	0.050459344	0.0062177936
ACAGCCGCAGGCTATT-0	0.27931583	0.1304412	0.3277877	0.21413094	0.13467915	0.08795918	0.0
GCCGTGAGTAGTCTTG-0	0.19834742	0.40189794	0.11795722	0.11143538	0.12401318	0.0	0.0
TCATACTTCCCATACC-0	0.33627516	0.41883594	0.058152564	0.2340952	0.024807	0.0027356767	0.0023155794
TTTCAGTTCGAAGAAT-0	0.18500645	0.30592263	0.12590505	0.15545596	0.11133084	0.00018004338	0.0
GAATCACTCCAACCGG-0	0.12219783	0.32688373	0.06540179	0.44090644	0.058363203	0.057128318	0.0
TTGCATTGTCCTGGTG-0	0.24214691	0.45337594	0.106056884	0.18926099	0.016724447	0.03076755	0.0
AGGTTGTGTCGGAAAC-0	0.5848734	0.016687635	0.0	0.0	0.0	0.0	0.6638667
CGAAGGATCTCTTGCG-0	0.18272616	0.53110474	0.0	0.18879244	0.13654913	0.08586998	0.0
ACAGCCGTCCTCTGCA-0	0.47254765	0.020578653	0.08269986	0.09864901	0.09384205	0.0733819	0.022704275
TGCGACGGTGCTATTG-0	0.4435326	0.48246554	0.0	0.13674541	0.033958223	0.038127683	0.010111905
CTCCGATTCAGCAGAG-0	0.42031774	0.57901764	0.0	0.0	0.120410465	0.0	0.0014146285
GAGGGATAGAGTAACT-0	0.09291404	0.40444073	0.052207585	0.61230284	0.058043648	0.004478051	0.0
GAACTGTCAAGAATGT-0	0.0	0.31002417	0.76741046	0.013149366	0.029910985	0.0027249097	0.06046967
AGGGCTCCATGAAGCG-0	0.2601119	0.66399455	0.0	0.13237387	0.0	0.0	0.005248127
GGCGTCACATGGACAG-0	0.33533514	0.3989995	0.061396185	0.20613644	0.102020584	0.0	0.12644114
TCTAACTCAGTTAGGG-0	0.24766038	0.0	0.09189132	0.33354834	0.025920155	0.017952755	0.06779505
AGGTCTATCCTGGCTT-0	0.35278413	0.5464985	0.09088824	0.14508307	0.01892992	0.026354942	0.0074347374
TGGTGATGTCCACAGC-0	0.18354316	0.11164621	0.0	0.75143075	0.058331463	0.0	0.009113867
CCATCACTCGAATCCA-0	0.0	0.19664185	0.17619202	0.6389861	0.084919184	0.050157044	0.0
AGTAGCTAGGTACATA-0	0.29941487	0.63032967	0.0	0.06357846	0.0016285109	0.0	0.015390377
CGGCAGTTCCTAAGTG-0	0.28949448	0.6233912	0.0	0.28533792	0.02110214	0.0	0.016615966
TCATATCAGGAGCTGT-0	0.43182382	0.09750746	0.0	0.36087832	0.011141672	0.0	0.0
TCATCATGTCTTCATT-0	0.28302455	0.6171977	0.0	0.031263687	0.0	0.016724324	0.0
TCGGGCACAAGGATGC-0	0.16158894	0.5329515	0.07345545	0.2914082	0.047621734	0.0	0.0
ATCACAGTCGGATACT-0	0.0	0.45392042	0.24761726	0.041679036	0.17786399	0.017735967	0.019982146
CGAGAAGGTTGGAGGT-0	0.438781	0.8204781	0.0	0.0	0.0	0.009029199	0.0006534673
ATTGTTCTCTGAGAGG-0	0.55128455	0.31364143	0.0	0.0	0.026455233	0.0	0.3692584
TTCAATCTCGCGCCAA-0	0.642402	0.09185624	0.011555869	0.03247206	0.023877129	0.0	0.0
ATCGTGACAGACAAGC-0	0.13469066	0.73428583	0.03642877	0.13590547	0.031200858	0.037039418	0.001144556
CGGGTGTAGGAACATT-0	0.11038009	0.30225703	0.13019598	0.2814845	0.028322084	0.05305486	0.0
CGGGTGTGTCCCGTGA-0	0.39055255	0.37220365	0.0	0.0	0.06790382	0.0	0.0042470195
TCAGTTTGTGCCGTAC-0	0.16306083	0.562875	0.121760145	0.094179265	0.10037383	0.035234652	0.0
GGAGATGGTATCTCTT-0	0.54228795	0.4950886	0.0	0.027652968	0.02428756	0.0	0.0
GTGAGCCTCCGATAGT-0	0.23305622	0.26710415	0.07364123	0.3376025	0.1457216	0.046444997	0.0
AGGACTTAGGCTCCCA-0	0.3439386	0.3649135	0.0825344	0.28689897	0.045564573	0.0	0.0
TCAGCAAAGGACAGTC-0	0.24014162	0.41952357	0.0	0.2144986	0.10786952	0.0	0.0020357543
CACAGATCAGAGTTGG-0	0.045912765	0.4757833	0.00635333	0.2995719	0.0	0.0	0.010389509
AACACACGTCCCACGA-0	0.27338248	0.41657287	0.0	0.073842004	0.012091205	0.006420036	0.0
GCTGCAGCACATCCCT-0	0.37223855	0.4015478	0.0027126963	0.23278815	0.010926364	0.045346856	0.0017356459
CGGGTCAGTACATTGC-0	0.15655667	0.40824926	0.08990416	0.21414621	0.05993169	0.0	0.00803538
TGTTCCGAGATGGCAC-0	0.29084185	0.38497657	0.0	0.4386051	0.013329743	0.0	0.0014279218
GACAGCCCATGTTCGA-0	0.35900193	0.5178861	0.024606513	0.0	0.14896412	0.069190815	0.009160894
CAGCACGTCACTACGA-0	0.17958778	0.7599953	0.0	0.13269706	0.0	0.0	0.0
TGTCCTGAGAGGACTC-0	0.43160993	0.30381313	0.011090144	0.057017908	0.0018164428	0.0	0.0
TGGTACATCATCAGTG-0	0.7540889	0.28407067	0.0	0.0	0.0	0.0	0.20442455
CATCCCAAGGTGGTTG-0	0.23028846	0.26817113	0.041420057	0.6022225	0.12068831	0.04987106	0.0
GACATCATCGCATAGT-0	0.06904311	0.6324678	0.1016346	0.09051954	0.033294838	0.010798041	0.003492505
GATCATGGTACCGTCG-0	0.3121516	0.48124704	0.0	0.0	0.0	0.0	0.40416464
CAACAGTCAAGAGGTC-0	0.24475211	0.0	0.11952506	0.2514941	0.01306491	0.0	0.0
GCGGATCTCGCTGACG-0	0.14483874	0.49172315	0.033694655	0.44375288	0.023608292	0.0	0.0
GTCAAGTGTCGAAACG-0	0.0564598	0.78682595	0.0	0.0	0.2365479	0.021442866	0.0095326565
GAGCCTGAGGCAGCTA-0	0.03999012	0.20418254	0.34876126	0.18443969	0.11651941	0.14496808	0.0
GTCTCACCATGAAAGT-0	0.2655756	0.43883157	0.03744838	0.18574782	0.039943945	0.15689974	0.0
CTTCAATGTACGGGAT-0	0.33208218	0.4342092	0.0	0.2016698	0.00680709	0.0	0.0
GCCTGTTAGGAGAGTA-0	0.34366044	0.1566145	0.03222758	0.20323037	0.053090017	0.05980506	0.0
TTACAGGTCCGAGGCT-0	0.4279105	0.35501286	0.0	0.14578708	0.0039390973	0.009813409	0.0
CTGGCAGGTAGTGGCA-0	0.0983686	0.28747284	0.22234678	0.30097288	0.13305804	0.0	0.0
CTGCCATTCACAGTGT-0	0.5494648	0.18557091	0.021192655	0.21867476	0.0	0.037553288	0.06773276
GTACAGTCACGAGGAT-0	0.39026645	0.16545036	0.041523598	0.342398	0.0059602405	0.0	0.0
AAAGGTAGTGACTCGC-0	0.33516538	0.48381492	0.12460613	0.0	0.043228596	0.09371583	0.008663728
TGTCAGAGTCTGTGGC-0	0.32983032	0.426522	0.11073419	0.055311013	0.06308194	0.05610387	0.0
CTTCTCTGTACAGGTG-0	0.28464368	0.63338655	0.0	0.14119339	0.030260611	0.02306161	0.00037809642
ACAGAAAAGGGAGGCA-0	0.27731845	0.72660387	0.03648278	0.0	0.030628577	0.0	0.20431991
CCATAAGAGGTCACCC-0	0.17998655	0.32826194	0.12195556	0.14398912	0.02397906	0.0	0.015317058
GGGACTCGTTAGAGTA-0	0.0	0.40501454	0.24447428	0.043349337	0.3602235	0.0	0.0
GATGAGGCAGCTCCTT-0	0.5637438	0.62104344	0.0	0.0	0.07151604	0.0	0.0
TTTGACTCAAAGGGCT-0	0.0	0.51767707	0.0	0.66347605	0.035447627	0.0	0.004372957
TTGAGTGGTCCTGGGT-0	0.38925114	0.27983302	0.1053361	0.15531965	0.09532429	0.053928114	0.0
ATGGGAGGTTAAGAAC-0	0.51426834	0.3417	0.007678021	0.13256106	0.024515357	0.073128186	0.006255121
CGGAGAACAAGTGGTG-0	0.49818623	0.7239954	0.0	0.0039812294	0.034210842	0.0007852048	0.004490784
ATCTTCACAATTCGTG-0	0.5736919	0.33633226	0.0	0.061839767	0.039549455	0.0	0.063619405
ACCTACCCAAAGACGC-0	0.7556903	0.25593135	0.0	0.05140539	0.080857806	0.0	0.008724099
CTTAGGATCTAACGCA-0	0.15820287	0.0	0.21565616	0.73468006	0.061109323	0.02787991	0.0
ACTGTGAGTTTCCCAC-0	0.16888618	0.09076196	0.01263495	0.08604756	0.79435	0.024331192	0.007242423
AGCGCCATCCAATCTT-0	0.21473803	0.33728707	0.025134081	0.064980805	0.014708973	0.0	0.0
CCCGGAATCATAGAGA-0	0.0	0.100852706	0.28978586	0.46674716	0.19556947	0.03983926	0.0
AGGATAATCTAAACGC-0	0.04234168	0.12026895	0.20013459	0.6995801	0.11760958	0.008048769	0.0030205476
CCATAAGCAAAGGTTA-0	0.0	0.88367796	0.014728195	0.21242924	0.0	0.0	0.0062317164
CTCATTACATAAGCGG-0	0.0	0.2725084	0.28640887	0.24351479	0.10761633	0.0	0.0
ACTTTGTTCGGTGTAT-0	0.35979554	0.42204857	0.0	0.01962392	0.0	0.0	0.0
AAGTTCGCAATGAGCG-0	0.42173547	0.26943156	0.0	0.17978333	0.028401852	0.0	0.021763114
TGGAACTCACAGCCAC-0	0.13445182	0.4843367	0.18707684	0.18685664	0.017559245	0.17022231	0.0
GACTTCCTCGATGGAG-0	0.1471865	0.41352198	0.025658451	0.4521217	0.054087892	0.047511864	0.0
ACTGTGACATTGCTGA-0	0.011925385	0.569011	0.06771573	0.43947586	0.006453875	0.0	0.0
GGAGATGAGAGCATTA-0	0.32765535	0.40652642	0.076374516	0.21126927	0.09288451	0.0	0.015738247
TGGGCTGAGCATCGAG-0	0.1179252	0.4030137	0.24819516	0.089301676	0.027808417	0.08874353	0.010948209
TTTGATCTCGATTGAC-0	0.32243764	0.08507269	0.0	0.43875453	0.08288806	0.07388355	0.011554829
GAACACTTCCGATGCG-0	0.0	0.0	0.7942556	0.048035465	0.088206895	0.13718021	0.0
TCAGCCTGTAGTAAGT-0	0.6201016	0.5690099	0.0	0.0	0.026924286	0.030054962	0.02549345
GCCATTCTCACTCCGT-0	0.0	0.36100844	0.08067497	0.40961087	0.0	0.0	0.00695006
TTTACCAGTCCGGCAT-0	0.1258419	0.2046358	0.102388546	0.271213	0.1287117	0.11972197	0.0
AAGTACCGTGTCATGT-0	0.04420188	0.5252893	0.03145314	0.16835241	0.0	0.0	0.013377274
GGGTGTCTCTGCGGCA-0	0.3577483	0.49887273	0.0	0.0	0.0	0.0059554307	0.0
TCTTGCGAGCGACTGA-0	0.025152035	0.44776058	0.12012364	0.3652194	0.01881683	0.0	0.0
GTTAGTGCACCACTGG-0	0.0	0.5031568	0.15896507	0.12593499	0.08421522	0.0	0.0024079455
ATGAAAGAGGCAGGGA-0	0.6779517	0.3105753	0.0	0.031298432	0.12469668	0.048607368	0.0
CTGCATCTCGAGAGAC-0	0.13955796	0.36772615	0.008921037	0.4125938	0.07709386	0.02407431	0.016654994
CATACAGGTAGCCAGA-0	0.34119496	0.8500293	0.0	0.0	0.0014599395	0.011993098	0.24990208
CTCCACATCCCTGGTT-0	0.46215987	0.35140088	0.033856258	0.11352894	0.042982604	0.02058628	0.0
GAGAGGTGTCAATCTG-0	0.52847016	0.34623054	0.0	0.08484159	0.0	0.0	0.0
GCACTAATCCCTATTA-0	0.20044164	0.77592826	0.18601274	0.0	0.062300775	0.03404504	0.13512254
AATGGCTAGAGGCGGA-0	0.2642488	0.38781413	0.12836388	0.1310789	0.07481416	0.031020278	0.01577965
TTTACCATCTTTGCTA-0	0.5043972	0.561199	0.0	0.0	0.0	0.0	0.0
ACGGAAGAGGCGAAGG-0	0.07802267	0.3184368	0.1288378	0.23767842	0.35881615	0.18795934	0.0
TGCAGATGTTGCTCAA-0	0.070273995	0.6342785	0.07562966	0.23350157	0.02847667	0.0	0.0
TAAGCCAGTCTGCCTT-0	0.16779496	0.42772442	0.03725401	0.27930743	0.083789356	0.00021408677	0.0
TCTCTGGAGGCACTCC-0	0.2229783	0.22103421	0.07876669	0.09673486	0.0	0.0	0.0070677907
CGGGACTAGTTACGTC-0	0.06981855	0.30280474	0.20736943	0.34862465	0.11290956	0.022560006	0.0
CGCATAACAATCCAGT-0	0.0	0.8303737	0.18370162	0.15300204	0.045522787	0.038051095	0.005879081
TCCTCCCCAGCATCTA-0	0.018012585	0.2197084	0.0887353	0.58540946	0.14602502	0.059180055	0.0
TGTTCTACAGCACCCA-0	0.11307033	0.44979233	0.1608595	0.15379092	0.017768016	0.0	0.013435735
AATGGAACAAGATTGA-0	0.36735114	0.36884394	0.04422367	0.21912774	0.042190447	0.028478516	0.0
CCGAACGTCGACACCG-0	0.29397488	0.5786342	0.028042577	0.07937023	0.0	0.0	0.0
TCTTTGATCCGTGTCT-0	0.0	0.0	0.6841506	0.095839515	0.25537434	0.0	0.015759127
GCGGAAACAGCAGTAG-0	0.083006844	0.639476	0.0	0.42162895	0.034046207	0.05288824	0.0
TCATACTAGGCCTAGA-0	0.09812636	0.6088906	0.0059550097	0.18716648	0.00089996395	0.0	0.0
GAGACTTGTCGGAACA-0	0.3349315	0.34517753	0.05687218	0.12381129	0.026502589	0.0015412219	0.0
CAACGGCTCATTCGGA-0	0.30853814	0.40337795	0.0	0.27529338	0.0047943536	0.032452427	0.0
TTCCGTGAGACATAGT-0	0.22727378	0.70214367	0.0	0.0	0.16418032	0.0126101775	0.0
AGGATAAAGTGATGGC-0	0.24031664	0.40133357	0.015354333	0.033118714	0.09253629	0.0	0.0040180604
TGTGATGTCAAAGCCT-0	0.20450619	0.36953634	0.0	0.52153206	0.0036122827	0.0	0.0067771873
GCCCGAACAGCTGAAG-0	0.06348773	0.33083788	0.22806628	0.22490089	0.045135032	0.15885426	0.0
CGCGTGAAGCGTGCTC-0	0.12362962	0.19272919	0.27170983	0.20157596	0.19721249	0.0	0.0
TGAGCGCAGACAGCTG-0	0.0	0.62375504	0.0	0.0	0.052060224	0.0	0.45320767
AGCTTCCTCCATCGTC-0	0.059185363	0.33028844	0.11264876	0.31542054	0.06773302	0.106822036	0.12763529
TAGATCGAGATGATTG-0	0.21644437	0.22542393	0.10842947	0.3654872	0.027722858	0.0	0.08208108
GGGAGATTCGGCTGGT-0	0.45831263	0.39535728	0.011509377	0.01029151	0.02415792	0.0	0.005265782
TAGGAGGTCAAGCTGT-0	0.46024927	0.39766052	0.0	0.009195254	0.18397692	0.014141432	0.0
GTGTTAGGTATCATGC-0	0.4711246	0.36100933	0.020224132	0.07111651	0.0	0.08890997	0.0
TCTCAGCAGTATGACA-0	0.055858742	0.51523405	0.10599536	0.16984165	0.067077875	0.0	0.0
CCTCATGCAATCGTCA-0	0.10788013	1.0675495	0.009386405	0.021387566	0.00820133	0.0	0.0
TTGTTGTGTGCCCTTT-0	0.25138	0.46153626	0.0	0.09504049	0.11785847	0.058357127	0.0
GAGTGTTGTTAGGGAC-0	0.6172843	0.3145824	0.0	0.046674937	0.13040179	0.021477543	0.038251016
ACACGCGGTGATACAA-0	0.22928195	0.19895732	0.0	0.27207112	0.08914004	0.0	0.0029289576
GGTTGTAAGCTGCCAC-0	0.0	0.029550653	0.822236	0.0	0.12343053	0.0	0.0
GTTTACTTCCCGTTGT-0	0.44594574	0.26787078	0.113750696	0.09659744	0.23281157	0.1309326	0.0065429695
GCACGGTGTAAGCTCT-0	0.45310172	0.4903923	0.016841477	0.037381433	0.06214987	0.01819369	0.005089651
GTGGGAACACTGCTTC-0	0.035573225	0.33724073	0.13149942	0.16887394	0.024156628	0.019102609	0.0
TGCTTCGAGTTAGAAC-0	0.36668175	0.7291673	0.0	0.0	0.011906653	0.0	0.028285073
CTATAGGCAAAGGGCT-0	0.25622514	0.31829742	0.0	0.3420074	0.0	0.0	0.01735415
AACAAAGTCTGCTAGA-0	0.29184094	0.24495812	0.0	0.038249493	0.22242218	0.0	0.008261516
ATCCATTCATAATGAG-0	0.0	1.1574552	0.0	0.039022993	0.0	0.0	0.0
AGTCAACCACTTCAGA-0	0.0	0.0	0.0	0.0	1.3752131	0.0	0.0
GGTCTGGTCACCATAG-0	0.5104634	0.13409115	0.14691275	0.14347687	0.008814139	0.11398847	0.008829699
AGTACCAAGCCGCTTG-0	0.0089725545	0.7194136	0.10607923	0.24755064	0.1579962	0.068183385	0.0
TTCCTAATCATTCACT-0	0.2733423	0.29587018	0.20481662	0.08504647	0.021084731	0.021020805	0.0029214895
CAGCGTGAGCATTGTC-0	0.3937377	0.485604	0.0	0.2877896	0.04502885	0.003947647	0.0005477773
ACGCACGCACGGTCTG-0	0.2241789	0.11076194	0.27136016	0.09214516	0.18853658	0.0043847207	0.0
CTAACTTCAAGTGGGT-0	0.5733892	0.38414606	0.039358098	0.13391744	0.0	0.07342132	0.0045665987
CAACAACTCCACAGCG-0	0.0	0.0	0.62952226	0.0	0.5780736	0.0	0.0
ACTTATCTCACGATAC-0	0.0	0.33510235	0.119049385	0.21557786	0.03546918	0.0	0.0
TTCGATTCATTCTGTT-0	0.9237717	0.032636654	0.0	0.0	0.0	0.0	0.0
TTGGTTTCAAGAAATC-0	0.43557987	0.060659863	0.1009361	0.3287997	0.15410927	0.09226207	0.0
ACTTCCGGTAGGTCAG-0	0.36293796	0.12138046	0.065084144	0.37472424	0.10772243	0.08491001	0.0
TGTTCATCAGCACGAA-0	1.3186476	0.0	0.0	0.0	0.05798214	0.027680581	0.0
ATGGAGGCACTTGAAC-0	0.68900084	0.0	0.0	0.26213256	0.04280224	0.0	0.0
TCACTATGTGCTATTG-0	0.6034073	0.38802794	0.0	0.0	0.0	0.0	0.0
GTTACCCGTTGTCTAG-0	0.27137393	0.37532493	0.0	0.35209516	0.062802866	0.017090177	0.046616577
TCGAAGTCATCATTGG-0	0.41916594	0.37301138	0.01603973	0.024004309	0.16335051	0.0	0.0
AGGAGGTAGGTGCTGA-0	0.0	0.41683266	0.49419504	0.18322599	0.11476773	0.05639921	0.0
TGTGTGACATTCGATG-0	0.006119709	0.22225341	0.43415162	0.17819913	0.098775	0.0	0.0
CGATGGCTCGTTCGCT-0	0.0	0.4445309	0.0	0.0	0.5126749	0.0	0.0
TTCATGTTCCAAGGGA-0	0.6635638	0.41273993	0.0	0.05600279	0.0	0.0	0.0
TCTCAGCAGTAGCCAG-0	0.51450956	0.6407728	0.0	0.0	0.0	0.0	0.0
TCTGTCGGTCGTTCAA-0	0.35504842	0.43462282	0.0	0.29476768	0.1700124	0.025682643	0.0
TTAGTCTTCCATACTT-0	0.075043246	0.42936292	0.25252396	0.009859034	0.06801471	0.09078513	0.0
CTGAATGTCACTGTTT-0	0.5857434	0.36081094	0.0	0.0817131	0.0	0.079001606	0.049182266
CCTCCAAAGAGAGCGG-0	0.5117823	0.55275166	0.0	0.0	0.0	0.0	0.065323874
TCATGCCGTTCGGGTC-0	0.29855946	0.54765207	0.0	0.0	0.0	0.0	0.0
ACGCACGGTCCAGGTC-0	0.13138056	0.7519003	0.059473485	0.033401597	0.033600867	0.0	0.0
CGTTAGAAGTCACACT-0	0.48243603	0.2626211	0.12799071	0.11930776	0.049538895	0.042176075	0.028601307
CGTTGGGTCGGATTAC-0	0.13965897	0.28405988	0.17497869	0.16320133	0.055683836	0.06260234	0.0
TGCGACGAGTATTCCG-0	0.21041659	0.78055656	0.0	0.14904855	0.0	0.0	0.008447227
CTTAGGAGTATACAGA-0	0.12691467	0.4480932	0.0	0.5329741	0.16559188	0.12030032	0.0006235589
CTGTCGTAGCGGTAAC-0	0.24588874	0.616382	0.0	0.13627702	0.054941893	0.024157636	0.017337248
TGGGAAGCATAGGTAA-0	0.7411424	0.3926731	0.0	0.0	0.0	0.0	0.0
TCCATCGAGTCAACAA-0	0.21012577	0.6060401	0.2289203	0.019305455	0.12203748	0.1944557	0.0
TATTCCAAGAAGTCTA-0	0.07637865	0.0	0.0	0.42348874	0.69223565	0.18289667	0.0
TTAGGGTTCTGTTGGA-0	0.13033399	0.37237322	0.07693834	0.3473815	0.09766699	0.030306878	0.0015987109
TCATGGAGTAACACCT-0	0.1876489	0.3965058	0.08513316	0.22534741	0.0	0.0	0.018424207
GCGGAAAGTGATACAA-0	0.020403272	0.40723908	0.12629734	0.103870966	0.018151434	0.0	0.0
ACTTCGCCAGGTGTGA-0	0.38610575	0.3364518	0.0	0.30125278	0.020793607	0.0025586009	0.039731923
AACCTGAAGCCTGGAA-0	0.0026368801	0.34214225	0.24137904	0.031970218	0.3667008	0.0	0.0
TTACCATGTTAAGAAC-0	0.07494343	0.5257034	0.11610203	0.13511394	0.055098485	0.0	0.0
GCTTGGGTCCCAAGCG-0	0.38344595	0.08543464	0.017431036	0.38567984	0.0062908037	0.0	0.012119708
TGGATCACACTACACA-0	0.075885236	0.8913487	0.0	0.05393263	0.0	0.013259849	0.006378658
GACGCTGAGTGATTCC-0	0.033978183	0.70705646	0.13656792	0.13999392	0.03178698	0.08923531	0.0007963105
TGCTCCACAGCTTTCC-0	0.16070926	0.4412997	0.0010850923	0.4880803	0.05196837	0.011574105	0.007206408
GCGAGAACAAACTGCT-0	1.1219323	0.0	0.0	0.056176938	0.04364904	0.10466617	0.012819866
GGTGAAGCAGTATACC-0	0.28309125	0.38377708	0.03170994	0.21801849	0.068773374	0.0	0.017928738
CTTGATTTCCTCTAAT-0	0.0	0.47576723	0.1556163	0.14249684	0.110223725	0.007359988	0.012849799
GATTCTTCACCTATCC-0	0.16717435	0.36403215	0.108388424	0.12457501	0.05107588	0.092622854	0.0
TACCCGTAGCGAGAAA-0	0.1551973	0.19258688	0.067616366	0.46773055	0.08175509	0.0	0.0
CTACCCAAGCATGCAG-0	0.5431295	0.4836912	0.0	0.0	0.01467001	0.0049284124	0.0
CTGGCAGCAAGGCAAC-0	0.06748286	0.42129233	0.02089969	0.09680711	0.0	0.0	0.0
GTCACTCAGTGGAAAG-0	0.0	0.0	0.31317145	0.22526969	0.2901605	0.029870765	0.0
AGTCACAAGCTCACTA-0	0.0	0.31768325	0.09115634	0.61042374	0.066755086	0.010626913	0.002010221
GCAGGCTAGGTCATTC-0	0.43187714	0.27535707	0.0	0.19586608	0.07790559	0.0	0.0
CGTCAAAGTCCAGCGT-0	0.1727055	0.22483775	0.07519227	0.09139666	0.018876798	0.017321043	0.0
TCATATCCAGATAAAC-0	0.026790095	0.31321222	0.2632095	0.2238313	0.032636203	0.13798088	0.0
GGGAAGTCACCTCTAC-0	0.062698424	0.61229795	0.020842224	0.20801798	0.0036207642	0.0	0.046900228
TATTGCTGTACAAACA-0	0.15068986	0.5282766	0.06693876	0.23447268	0.0	0.049473867	0.0059269085
TGTCCTGCACTGGCCA-0	0.0	0.6634523	0.15596335	0.17630999	0.040508848	0.001587768	0.0
CATCGTCGTGACTAAA-0	0.07625213	0.1241139	0.0	0.9261464	0.04545146	0.02390638	0.0
TGTGTGAGTAGCTTGT-0	0.28591114	0.51221246	0.08436955	0.0	0.018052025	0.015005903	0.0634743
TCGTAGATCCATTTCA-0	0.43977126	0.27673054	0.007472636	0.2858889	0.057249073	0.10742094	0.0
AAACGCTGTCTACACA-0	0.22016068	0.861504	0.024388142	0.0	0.0	0.016159283	0.0023833774
AGCGCCAGTGGTCTTA-0	0.19047013	0.3905866	0.17780036	0.39491513	0.07175435	0.00094596384	0.013122832
GTGGCGTAGACCAGAC-0	0.37277958	0.56741184	0.0	0.0	0.08546333	0.0	0.0
CGATCGGTCACTGTTT-0	0.44548216	0.5147001	0.0	0.11089981	0.063399956	0.034734316	0.012328483
GAAGGACCAAGCTGTT-0	0.10506041	0.6624185	0.015674759	0.0	0.32188916	0.0014817418	0.0004249769
AAGATAGGTACAGAGC-0	0.38823956	0.12136122	0.014267597	0.25739413	0.046121318	0.0	0.021594845
CTGCCATCATTAGGAA-0	0.16344196	0.84895694	0.0	0.0	0.03062738	0.008168763	0.004524871
TTGAGTGAGGTGCTGA-0	0.42510882	0.482476	0.0	0.01897345	0.009512044	0.0	0.23155317
TAAGTCGCATGGCTGC-0	0.49462116	0.57431513	0.0	0.0	0.028704101	0.0	0.0
ATAGACCCACATACTG-0	0.1972987	0.6284313	0.016601756	0.3777563	0.03883905	0.07715783	0.016381484
GTGGGAACAGACCAGA-0	0.017220424	0.55170095	0.09354608	0.14462183	0.040326893	0.0	0.0
GTACAGTAGGCTAGCA-0	0.0	0.14416535	0.0	0.0	0.0	0.0	0.95102125
GAGAAATGTTGGCTAT-0	0.33925405	0.2461324	0.070064835	0.34101984	0.011693027	0.0	0.093075894
CTCATGCAGACCTGGA-0	0.8791299	0.30238327	0.0	0.0	0.027972182	0.0045192926	0.0
CAATACGAGTCACGAG-0	0.4598436	0.5601838	0.06314608	0.07326272	0.048597626	0.0	0.059455287
GTTACGAAGGATACGC-0	0.28156376	0.5744523	0.0	0.12106123	0.0	0.02033519	0.10504389
GGTCTGGTCTGCATAG-0	0.35601848	0.49514142	0.0	0.19610488	0.05724013	0.0	0.0
CGTGATAAGCCATTCA-0	0.0	0.0	1.0171151	0.000113650865	0.108683676	0.23595619	0.0
TTTATGCGTGTGTGGA-0	0.6685755	0.20138444	0.0	0.099722326	0.0	0.033380456	0.025408572
AGGTCTACAGTACTAC-0	0.2413041	0.25651798	0.0	0.39417177	0.01801176	0.07398617	0.0
CAGAGCCCAGAATTCC-0	0.10659131	0.58469105	0.12769496	0.0807874	0.0	0.0	0.0048941798
GGTAATCAGTAAACGT-0	0.43347335	0.39955956	0.0036496995	0.027954968	0.10314569	0.0	0.011054993
AGCCAATAGAGTCTTC-0	0.8928779	0.38343838	0.0	0.0	0.0044343527	0.0	0.0
CGAATTGAGAGCAGCT-0	0.9173681	0.12386694	0.0	0.114522316	0.015537103	0.0046993	0.0
CTTTCAACAAAGCTAA-0	0.074519925	0.7002074	0.066024244	0.0014701543	0.0	0.0	0.0
ACGGTCGTCCGAGGCT-0	0.07515297	0.15469761	0.11350981	0.6303705	0.03067266	0.0	0.0
GCATTAGCACGTAGTT-0	0.21477339	0.5140705	0.0	0.043621965	0.015046416	0.0	0.011624482
GCCGATGCACTGATTG-0	0.64075017	0.15415223	0.047539923	0.1158245	0.01563969	0.12378438	0.038562227
CAGATCAAGTGACACG-0	0.11335174	0.7188986	0.0	0.0	0.0	0.0	0.0
ACAGAAACAATTCTCT-0	0.44583213	0.22951315	0.13247585	0.38093954	0.061034754	0.0	0.013066209
GTTACAGAGTCGAATA-0	0.08710205	0.163433	0.361458	0.06272675	0.19835505	0.0	0.020075303
GGCTTTCCATTAGGAA-0	0.11278835	0.0	0.22551456	0.6206643	0.1648276	0.2538511	0.0
ATCCATTTCACTCTTA-0	0.3656425	0.46487057	0.0	0.09189862	0.008633742	0.05429725	0.0
TGTGGCGAGCACCGAA-0	0.47692686	0.10553554	0.041922912	0.48615617	0.08631574	0.0	0.013690152
TACAACGAGTCCTGCG-0	0.22838865	0.49591303	0.02478706	0.29698548	0.035904124	0.0	0.0
GTCTACCGTCTTACTT-0	0.29323226	0.70852613	0.0	0.2338831	0.0	0.05711205	0.0
TTCATTGGTTCGGCGT-0	0.5096059	0.4550271	0.0	0.10089578	0.0	0.0	0.0
CGGAACCTCTCTTGCG-0	0.71434283	0.47802165	0.0	0.0	0.01519003	0.0	0.0
CCGATGGAGGTAAACT-0	0.38521242	0.29883125	0.0020238464	0.28229952	0.008366483	0.028161518	0.012809847
GTAATCGAGGTAATCA-0	0.27209288	0.3784328	0.07421657	0.2764217	0.024040045	0.055854365	0.0
GAAACCTGTGCTCTCT-0	0.31532112	0.20429191	0.009208796	0.55509454	0.016570007	0.033437856	0.0
CATGCCTCACGACTAT-0	0.0	0.0	0.47563925	0.0	0.5294709	0.044713613	0.22761886
GATTTCTTCGTGAGAG-0	0.28230277	0.4486063	0.0	0.10804829	0.17523582	0.08215872	0.0
AACCTTTAGCAAGGAA-0	0.5623528	0.084691495	0.0	0.18188168	0.039277386	0.035517525	0.0
TACGGTATCTCTCCGA-0	0.39301836	0.5699788	0.0	0.14921345	0.013189657	0.0	0.0
GTCGAATAGATGGTAT-0	0.28856456	0.4193979	0.0	0.30483496	0.022583395	0.0	0.006938887
TGGAGAGTCGAGCCAC-0	0.0	0.11741251	0.29319766	0.17433235	0.1986433	0.020771656	0.0
TGGTACAAGGCACAAC-0	0.018140256	0.13703424	0.0	0.019768758	0.5304758	0.09308396	0.0
GATGACTAGTAATACG-0	0.117981054	0.11166032	0.009219209	0.8196901	0.022929436	0.078117594	0.0
GCACTAATCCTTGGAA-0	0.58568496	0.0	0.062607065	0.0	0.3661713	0.27590823	0.11896871
AGCCAATCAAGCTCTA-0	0.43414637	0.25380126	0.05734454	0.22652936	0.003545508	0.12252233	0.018766927
CTACAGAAGACATGCG-0	0.04828216	0.10680242	0.0	0.69021964	0.0	0.24267285	0.009343573
CCTCTCCTCATTCTTG-0	0.4687395	0.3823606	0.0	0.05244655	0.0	0.02286798	0.0
TGATTTCCACTACAGT-0	0.7922603	0.0	0.0	0.28919175	0.017274367	0.014789083	0.0
TTGTTCACACATATGC-0	0.47384086	0.37800786	0.0	0.2446486	0.045409676	0.016857835	0.0
CATCAAGCAGCCTATA-0	0.74295104	0.49797153	0.0	0.0	0.0	0.0	0.100477666
CACTAAGGTTGTTGCA-0	0.43923888	0.29164356	0.0	0.0030345113	0.0	0.0	0.0
TATCAGGCACAAATCC-0	0.25582492	0.5197053	0.08164196	0.019472195	0.0657441	0.017027711	0.0
ACAGCCGGTTCTCCAC-0	0.44734934	0.106399976	0.042336	0.24439107	0.035327606	0.0	0.019966977
TACATTCTCAAGTGTC-0	0.5547435	0.45969325	0.029847195	0.12051418	0.010614125	0.056480847	0.085418716
TTTAGTCCATGTGGTT-0	0.2639161	0.40725917	0.0	0.10530507	0.0	0.0	0.03704933
CTACCCAGTCTAGGTT-0	0.345184	0.65226454	0.0	0.056216065	0.0	0.0	0.0
GAAGCGAGTCATCAGT-0	0.08852128	0.64507186	0.04602048	0.19992442	0.020518811	0.0	0.0021920064
GACCAATTCGTCTACC-0	0.045278277	0.2935224	0.31447306	0.3430134	0.1423795	0.0	0.0
CAGTTCCGTTCGAACT-0	0.32846862	0.4711185	0.023337446	0.2556509	0.039964177	0.016024332	0.0
ATTCACTTCGAAGCCC-0	0.5967971	0.2627591	0.0	0.056403246	0.013042082	0.0	0.020884594
GAGGCCTCAAAGGTTA-0	0.12083241	0.6589891	0.012553257	0.0	0.05553162	0.0	0.0
ATGGGAGCATTGACTG-0	0.08367688	0.7805171	0.0	0.1683114	0.0	0.0	0.0
TGTGCGGAGTCGTTAC-0	0.5169866	0.45470554	0.027941123	0.13539958	0.0021747423	0.0	0.008844573
GTTATGGTCGATCCAA-0	0.5088021	0.3212633	0.0	0.0	0.016300848	0.0	0.012712821
CTTTCGGCATACATCG-0	0.51750004	0.37476662	0.0	0.033355303	0.0	0.04507558	0.0
ATACCGATCAAATGCC-0	0.23194122	0.0	0.12565796	0.7002435	0.11093554	0.0026714941	0.019260162
CTATCCGAGCGAGAAA-0	0.019613924	0.22670917	0.2659791	0.21180888	0.1814025	0.0	0.0
AGACCCGCATGACTGT-0	0.27600154	0.38860154	0.020775022	0.026436174	0.009158475	0.0	0.0
TTACAGGAGACGGAAA-0	0.66737056	0.43362075	0.0	0.0	0.024760565	0.0	0.0023319002
TTCCACGAGAGACAAG-0	0.1227267	0.2728392	0.12689368	0.44396338	0.044913825	0.069101155	0.0056201513
TAGGTACGTTTCACAG-0	0.12043125	0.0	0.12765083	0.79114324	0.11152605	0.014364129	0.0
CCCTGATCACAGTCAT-0	0.094251275	0.5671049	0.01594087	0.0	0.41868606	0.054147694	0.0
AGATCGTGTATGTCCA-0	0.020876303	0.7752626	0.0	0.13467875	0.03711213	0.0	0.021290606
TGAGGGAGTCCAGTTA-0	0.27802154	0.31629878	0.092606135	0.11689848	0.0115709035	0.018223759	0.0060965996
CATGCTCCATAGAAAC-0	0.32731608	0.45299342	0.20909293	0.0	0.052582037	0.09503511	0.0
ATCGGATTCTTCCCGA-0	0.4171512	0.40297955	0.0	0.0	0.02466149	0.0	0.03195372
CTCTGGTAGTGTCATC-0	0.16365334	0.5146644	0.0	0.39222658	0.0	0.0	0.019755283
GGGAAGTTCATATGGC-0	0.15457676	0.5283887	0.15593289	0.1968956	0.0	0.03532294	0.0
GTCTTTAGTCATCCGG-0	0.047438964	0.18212748	0.24241166	0.21359876	0.0	0.0	0.0
TGATTTCCAGGACGAT-0	0.47792676	0.4449379	0.1003171	0.061162136	0.08872628	0.0	0.050300445
CACTGGGCAAGGTCAG-0	0.34216008	0.30550545	0.0	0.22346133	0.019981233	0.0	0.0
CCTAACCTCGTAGTCA-0	0.11844053	0.43426514	0.09200535	0.024231426	0.05537382	0.0	0.0
ATTTCTGGTGCCCTTT-0	0.08841008	0.2502815	0.16222219	0.38946015	0.21888568	0.05337645	0.0017707146
GTGGGAAGTATGTCTG-0	0.1616407	0.6185458	0.0	0.31022924	0.012007456	0.0	0.0
TCCTTCTAGCTCGGCT-0	0.15865444	0.027238542	0.039438628	0.092427075	0.7319316	0.05196733	0.0
TTCACGCAGACGGTTG-0	0.0	0.0	0.46458283	0.18990877	0.6199565	0.09976174	0.0
GAAGTAACAGCGTTGC-0	0.44487515	0.67962295	0.0	0.15369253	0.06290633	0.11111717	0.0
GACCCTTTCAGTGCGC-0	0.17826913	0.58071464	0.12390962	0.10055795	0.06868325	0.0663063	0.0005375081
ATCCATTAGAGTACCG-0	0.47540197	0.17377822	0.033643674	0.29916272	0.032503895	0.029758545	0.01233366
TCGGATACATAATCGC-0	0.40122113	0.5075505	0.024014998	0.03948301	0.005734023	0.032969914	0.022682969
CTATCTAAGTGGTCAG-0	0.53252506	0.45578712	0.0	0.0	0.11645443	0.014392217	0.0
AGACCCGCACAAGTTC-0	0.22182937	0.015474106	0.0	0.0	0.0	0.0	0.85292184
CTCGAGGTCTACACAG-0	0.34019995	0.14339232	0.081965744	0.110734165	0.0	0.03358606	0.0057437066
ACTGATGAGAACAGGA-0	0.51741356	0.44011807	0.0	0.034578003	0.24683319	0.024721367	0.01798019
GCCAGTGTCGCAGTCG-0	0.2450161	0.4970136	0.0	0.20132783	0.013528554	0.105158545	0.0
TGAGGTTCAAGGAGTC-0	0.27492267	0.48033217	0.012106786	0.052456915	0.011189604	0.0	0.0
CCATAAGAGGTAACTA-0	0.22215773	0.20963469	0.020422209	0.27289107	0.09865197	0.1266437	0.0
AAGATAGCACGCGTGT-0	0.6332578	0.4445541	0.0	0.0	0.0	0.0	0.0
GTTAGACCAACGTATC-0	0.5870862	0.37820604	0.083663024	0.35522866	0.02519164	0.0	0.028034572
CGGGACTCAAGAATGT-0	0.18303107	0.489141	0.11549614	0.2573732	0.108161196	0.024815984	0.0
AAGCCATAGTTCATGC-0	0.32723325	0.55983937	0.11420768	0.14315295	0.021675128	0.12559175	0.0
GGGTCTGTCCGCACGA-0	0.5995391	0.47448578	0.0	0.0	0.053536046	0.0	0.0
GTGATGTCATCGGATT-0	0.22778082	0.28453526	0.12057567	0.40655655	0.08321398	0.00064422924	0.025720704
CTGCTCAGTCGCTGCA-0	0.3781869	0.4529093	0.04247939	0.24372847	0.053074855	0.07906693	0.025265735
CCTCACAAGAGTAACT-0	0.72778076	0.3018085	0.0	0.0	0.0	0.0	0.0
GCTGAATGTGCCTGCA-0	0.35647145	0.7654753	0.0	0.0	0.0	0.022979068	0.0
CTTTCGGTCCATCTCG-0	0.0	0.17557324	0.2934265	0.09388186	0.18213241	0.0	0.0
ACTTATCGTTAACCTG-0	0.40700585	0.42726508	0.0	0.08419647	0.03042688	0.0	0.01563597
AAGTGAATCGCAAGAG-0	0.46769592	0.540087	0.0	0.0	0.024817027	0.0	0.011599182
GCTGCAGAGAGCAGCT-0	0.2908069	0.7401643	0.0	0.0	0.0	0.028347893	0.0
GATCCCTCAGTCTGGC-0	0.14681737	0.076054394	0.0	0.6686943	0.04893718	0.0832546	0.0
CGAAGGATCTTCGTGC-0	0.7013912	0.3159889	0.0	0.018442053	0.0025718645	0.05258912	0.0
CTCTCAGGTTGCCATA-0	0.38741612	0.62828046	0.0	0.012610796	0.0044333707	0.099937625	0.018201582
ACTATCTCAAATGAAC-0	0.0	0.44067442	0.28213972	0.33012512	0.09099993	0.115408584	0.0
CAGCAATCATGTCGTA-0	0.29390925	0.28146043	0.116170965	0.0	0.0187394	0.17617135	0.0
TTTAGTCAGACTTGTC-0	0.24922557	0.49335003	0.04988913	0.10977913	0.014537127	0.0035887768	0.008179479
ACTATTCCAGGATGAC-0	0.0	0.05888896	0.82467353	0.17410706	0.11078151	0.21193214	0.026461141
GTGCAGCCACCCTTGT-0	0.25945413	0.6163753	0.0	0.0678718	0.012083908	0.0	0.0
AACCCAAAGCGAGTCA-0	0.04940734	0.63656104	0.015101268	0.1759139	0.0060952497	0.0015495387	0.01801612
TCCCAGTAGCATCCTA-0	0.247042	0.22719994	0.053681817	0.17493911	0.009599904	0.030840797	0.0
TTGCATTCATAACTCG-0	0.15193008	0.61436707	0.00736931	0.0	0.02479029	0.0	0.032964308
CCTTCAGCAGGTAGTG-0	0.0	0.6941079	0.01173396	0.32115194	0.011717995	0.019369261	0.020426441
TTTACTGAGACGGTTG-0	0.0	0.3907735	0.3055822	0.4733666	0.013227301	0.0	0.0
TGCTCCAAGAGTGGCT-0	0.21068475	0.7812633	0.0	0.024549982	0.018053262	0.0	0.0053853663
TTGTTGTTCGAGCCAC-0	0.116729185	0.55777067	0.07523783	0.18239644	0.04187077	0.033732895	0.016979935
GGCTGTGCATCTTAGG-0	0.11313559	0.3551116	0.20920362	0.015464357	0.057641555	0.30378938	0.0045231236
AGTGTTGAGATGTTAG-0	0.7245847	0.29763037	0.0	0.0	0.0	0.0	0.03372753
AGAACCTCAAGACTGG-0	0.53426915	0.51065904	0.0	0.010117581	0.002327895	0.06674174	0.0
CTCAGTCAGCACCGAA-0	0.37103382	0.5687273	0.0	0.15387924	0.021660173	0.0	0.0
GGAACCCGTGCATGAG-0	0.36087024	0.5471636	0.0	0.0464845	0.008539187	0.021335142	0.013943087
TGACAGTGTGTCACAT-0	0.36258796	0.5212725	0.0	0.16692217	0.020248773	0.014175096	0.0
AAGAACACACTACTTT-0	0.30959594	0.32261348	0.044203103	0.09437095	0.08644959	0.0	0.0
CTTCTCTAGTCAGGGT-0	0.11875713	0.57189405	0.034712736	0.061195884	0.04500366	0.0	0.0
GAAGGACTCTTGGAAC-0	0.0	0.31479597	0.16049515	0.52416337	0.11850761	0.0	0.0
TCCAGAAAGCTAATCC-0	0.052895255	0.42044136	0.026411714	0.2058849	0.002102728	0.0	0.0
TTGTGGACATGAAAGT-0	0.36501566	0.53414637	0.0	0.121855006	0.0	0.0	0.010348904
TAAGTCGCAAGACCGA-0	0.2333401	0.4364164	0.0	0.2520211	0.09543349	0.0	0.0890472
CTTCCTTAGGTCACCC-0	0.08379226	0.65217376	0.018484395	0.1658181	0.12607701	0.04569049	0.0
CGCATAACAGCTACAT-0	0.6017578	0.39749953	0.0	0.03001129	0.034222864	0.00652585	0.0
AGTCTCCTCTCCAATT-0	0.14898767	0.16440332	0.20101087	0.037846133	0.10854462	0.0	0.0
TCATGCCTCTGGTCAA-0	0.2802896	0.40726689	0.07158063	0.012486499	0.0	0.0	0.0
CAATCGACATAATCCG-0	0.4356734	0.44316843	0.0	0.045228202	0.05708999	0.0	0.0
AGACACTTCTGGGCAC-0	0.1963921	0.4379518	0.045517594	0.4583726	0.04126499	0.023426	0.0
TAACGACCAGCATGCC-0	0.0	0.35912907	0.3064725	0.46257937	0.17405519	0.0	0.0
GCCAGGTCAGTATACC-0	0.0	0.41184953	0.24047174	0.21398462	0.11367986	0.10784771	0.0
TCGGGACTCACTTTGT-0	0.0	0.5551094	0.10596066	0.0488986	0.042109717	0.0	0.0
CCGCAAGTCTCGGGAC-0	0.12474195	0.42241544	0.013693084	0.045776494	0.0286871	0.0	0.0
TTTGGAGAGAAGCGCT-0	0.122731425	0.34903413	0.0	0.027788807	0.64626986	0.06007132	0.0
CTCTCAGGTATGTGTC-0	0.5917177	0.5030199	0.0	0.055572495	0.0	0.0	0.030403744
CACTAAGAGCAACTCT-0	0.2591417	0.71070564	0.0	0.0	0.1211032	0.0	0.0
AAGCATCCAAACGGCA-0	0.45964247	0.10990726	0.29958242	0.093782745	0.065914236	0.07437854	0.0
AATCACGTCTTGAGCA-0	0.31974223	0.43002617	0.009990444	0.15624523	0.023831304	0.07131397	0.0
CACTGTCGTCGATTAC-0	0.2823439	0.03362557	0.44230914	0.33390468	0.23457219	0.04122271	0.0
GCACGGTCAGGTGTTT-0	0.5496352	0.65304625	0.0	0.0	0.010583244	0.06982724	0.0
TGCAGATCATGAGGGT-0	0.5153516	0.2942135	0.0	0.23446436	0.047993053	0.034224905	0.0
TTCCGTGGTGCTCTCT-0	0.15892956	0.32783028	0.0	0.14908823	0.04223281	0.0	0.4414978
GTTACGAGTGAGACGT-0	0.17561144	0.6961531	0.0	0.0	0.0029032296	0.0	0.0
CAATACGAGCTTCGTA-0	0.22562796	0.41488078	0.0	0.10959287	0.0058874195	0.0	0.010501068
TACCCACTCAGGACGA-0	0.011856237	0.22895029	0.0	0.65668064	0.022068134	0.124256186	0.021628523
TACCGGGGTCAGACTT-0	0.3035685	0.54057395	0.0065375254	0.19191356	0.006049389	0.0	0.00068755203
TACGTCCTCTACTTCA-0	0.3174893	0.08387347	0.0	0.6046159	0.047239743	0.0	0.0
ACACCAAGTCGAACAG-0	0.74736255	0.22521354	0.0	0.20243931	0.02155023	0.033278268	0.0
CGGTCAGAGTTAGTAG-0	0.0	0.16386214	0.22606765	0.0	0.4206344	0.0	0.0
TTCTAGTTCTTTCCGG-0	0.80218726	0.029564317	0.0	0.0	0.05310826	0.0	0.07319144
GCAGGCTCACTGCGTG-0	0.2523436	0.02306211	0.023267742	0.28822258	0.20153505	0.16733886	0.0
CCGGTGAAGCCACTCG-0	0.09549604	0.27418047	0.0	0.81008255	0.00015760132	0.0	0.0
CCACAAACATACAGCT-0	0.117025025	0.7187137	0.0	0.21451108	0.03178184	0.0060385205	0.0
CATTTCACACGCTGCA-0	0.0	0.5918111	0.0	0.3291481	0.0	0.0	0.25074643
CAGTTAGTCGCAATGT-0	0.67207474	0.08061651	0.02582475	0.16168424	0.04856708	0.0	0.013602655
TGCTTGCCATAACAGA-0	0.15944594	0.38189375	0.0	0.388602	0.10030582	0.0	0.017707555
CATGGATCAGGTTTAC-0	0.28098154	0.65231997	0.033555318	0.05790683	0.024358356	0.025945848	0.008315499
ATCGTGACATTATGCG-0	0.24934962	0.54946095	0.010071341	0.058034822	0.06762365	0.053942308	0.0014885995
TCTAACTGTAGACGGT-0	0.06301839	0.31209788	0.22900006	0.110602565	0.11109152	0.029025573	0.0
GTACAACAGCTCTGTA-0	0.6515573	0.26964352	0.0	0.19264449	0.009802559	0.025018767	0.0073008784
AAACCCATCAAGCCAT-0	0.21707265	0.3550024	0.019259743	0.30474144	0.1050892	0.0	0.0
ATCCATTCACAAAGCG-0	0.088204	0.5936717	0.3973156	0.07064366	0.0	0.095960535	0.0025782064
CACGTTCCATGACTCA-0	0.21143979	0.31496558	0.09330652	0.1625905	0.006933322	0.025441755	0.0
CTACCCATCATGCCAA-0	0.2943722	0.31991646	0.22287941	0.112108946	0.0	0.038840316	0.0
TGCTCCATCTCGGTCT-0	0.07764123	0.63733375	0.021946598	0.26078293	0.03671102	0.0	0.00833605
GGTAATCTCCGGGACT-0	0.026476253	0.45586696	0.04085478	0.3036318	0.0030747305	0.0	0.08130844
CACCAAAAGAGAGCCT-0	0.20398384	0.09073832	0.046926558	0.0	0.39725265	0.0	0.0
GCATGATTCCGATAAC-0	0.40015393	0.44043416	0.06585369	0.089716166	0.043132503	0.01690331	0.031055653
CATCCGTAGTAAACAC-0	0.9830803	0.16417444	0.0	0.0	0.0	0.0	0.0130579015
AGAACAAAGTTGCGCC-0	0.14090812	0.5059929	0.040709198	0.025211131	0.004406461	0.0	0.005100221
GCTGCAGTCTCACGAA-0	0.12170636	0.56020534	0.15621373	0.092378266	0.074586526	0.028691776	0.0140113225
CGAAGTTCACAGAGAC-0	0.11535245	0.44987378	0.075553946	0.016692659	0.034727875	0.100001015	8.941195e-06
TCGTGCTCAAAGAACT-0	0.12867591	0.19200397	0.35599226	0.17035416	0.041648105	0.08353107	0.041095216
TCGTCCACATGCCGCA-0	0.0	0.7046782	0.0	0.47881567	0.03658279	0.001846381	0.0
GATGATCTCTTGATTC-0	0.0	0.05226381	0.69297075	0.3072625	0.016401371	0.18212627	0.0
TACTTCAGTAACAGTA-0	0.0	0.17847271	0.15378964	0.66736424	0.0	0.0	0.0
CAAGCTATCCCGAATA-0	0.14074607	0.0	0.24169448	0.39797992	0.37226692	0.0	0.007686743
GTTGCTCTCTATCACT-0	0.058754716	0.45502293	0.0659935	0.16275485	0.00895424	0.0	0.0
GATTTCTAGATTAGCA-0	0.57775867	0.56490296	0.0	0.0	0.004755191	0.0	0.0
TAGATCGGTGTCCTAA-0	0.32375282	0.76076066	0.0	0.0	0.051578715	0.0	0.0
GGTTCTCAGATGGTCG-0	0.4475057	0.73526317	0.0	0.0	0.013221964	0.0	0.007058884
TGTACAGGTATATGGA-0	0.17667693	0.4044022	0.153223	0.14107077	0.0	0.0	0.0
AACCTGACAACAGCCC-0	0.18873496	0.4391667	0.05374827	0.16971132	0.07158293	0.018198365	0.0
CGGTCAGGTCCACAGC-0	0.3042383	0.42953485	0.011583535	0.0	0.0	0.0	0.0
GCACGTGCAATTGTGC-0	0.019852545	0.13005382	0.34355262	0.10370285	0.33438522	0.0038010338	0.0
TATTGGGAGAGCCCAA-0	0.05603273	0.057053678	0.061028942	0.7501827	0.06705537	0.12424854	0.0
TGGGATTTCATTACGG-0	0.10436051	0.074964955	0.17738244	0.41396463	0.20938377	0.0	0.0
ATGAAAGCAGCGGTTC-0	0.23108543	0.49585623	0.024058675	0.013622016	0.018650685	0.0	0.0
TCATGTTTCACCTCTG-0	0.36396945	0.027907142	0.2630614	0.1311265	0.028012158	0.0	0.019904576
TCTTCCTGTCGTGATT-0	0.0	0.45396447	0.20966214	0.40989962	0.07581826	0.0	0.0
CTGTAGACAGTATGAA-0	0.4022203	0.52884614	0.055013727	0.086989336	0.0	0.0957238	0.0
AAGGAATTCGCAATTG-0	0.21377286	0.49514818	0.038047463	0.07264195	0.14456318	0.0	0.0
GCCGTGATCCTTATGT-0	0.0	0.41196173	0.513156	0.15569177	0.09019248	0.0	0.0
CTCCTTTCAGTAGAAT-0	0.29506245	0.47134912	0.0	0.27112085	0.014235241	0.0	0.027493145
GTCGTTCCAATTTCCT-0	0.43333104	0.5691114	0.0	0.0029705702	0.018845718	0.00053755165	0.0
CAGTTCCGTGGCATCC-0	0.31029934	0.41222087	0.04457293	0.0	0.05727064	0.0	0.38146305
TCCTCGAGTGCGTCGT-0	0.0	0.6325823	0.22065428	0.028092511	0.0	0.03653165	0.030597677
TTCTCTCGTACGCTTA-0	0.012128227	0.48892084	0.17777298	0.12551543	0.21013345	9.236804e-05	0.0070624896
AACCAACAGATAGTGT-0	0.0	0.0	0.6758807	0.0	0.781055	0.0	0.0
TTCTCTCCATTATGCG-0	0.11229522	0.5176209	0.20417672	0.061796367	0.0	0.1600802	0.0038370353
CAGATCATCTCATTTG-0	0.5695471	0.5566297	0.0	0.0568891	0.024303248	0.0	0.0
AGCTTCCGTACGCTTA-0	0.27247724	0.605428	0.008307594	0.020560075	0.0	0.010366422	0.015913993
ACCATTTCACAAGCAG-0	0.8195226	0.070716105	0.03838027	0.10579753	0.0	0.0	0.0379194
TGACGCGCAACAGCTT-0	0.45969015	0.6989261	0.0	0.0	0.049972177	0.033379976	0.011018174
GAAGGACCATCGAACT-0	0.32348186	0.25607938	0.12736712	0.21748184	0.051150393	0.002823286	0.0
GTCATCCCATTAGGCT-0	0.09149599	0.4681357	0.12127608	0.2350986	0.06695392	0.073393635	0.0
CTTTCGGAGTCAGCGA-0	0.30551466	0.4672457	0.015153012	0.054509573	0.031062638	0.060221534	0.0
GAGATGGAGCTTGTGT-0	0.23782077	0.24175382	0.26263303	0.0	0.08610506	0.0	0.0048071127
TCATTACAGCCTCTGG-0	0.4919754	0.43799785	0.0	0.0	0.0	0.014618419	0.020163108
TCCATGCTCTATGCCC-0	0.2825087	0.40545583	0.028234368	0.2673927	0.015102687	0.04076638	0.0
AGGCTGCAGCAAACAT-0	0.0087027615	0.0	0.0	0.22465687	0.88479847	0.05674492	0.0
TGTGAGTGTGTGACCC-0	0.3663072	0.34998852	0.078329	0.09511658	0.09096071	0.07773104	0.01639508
CCTCCTCTCGGCTGGT-0	0.4371358	0.58722186	0.0	0.0	0.0	0.0025527058	0.0
CATTGTTGTTCTCTCG-0	0.0	0.45205814	0.17714123	0.11487769	0.0	0.0	0.0
CATGCGGCACCCTGTT-0	0.061826553	0.53557134	0.0	0.025623463	0.043032113	0.0	0.016731711
TCAGTGAGTGTCCATA-0	0.083114006	0.2638	0.2585594	0.1907764	0.03467191	0.16851732	0.023399962
CGTAATGAGTGGACTG-0	0.12389811	0.42020696	0.31530383	0.16676135	0.114478216	0.0	0.0021845088
TAATTCCCAACGGTAG-0	0.0792611	0.41347262	0.046197902	0.0	0.6662413	0.0	0.0
GGAATCTGTATAATGG-0	0.14216396	0.47003174	0.15807429	0.022955567	0.0021218727	0.0	0.0059103128
GATGTTGAGCGACTAG-0	0.6303526	0.18982811	0.048730016	0.016946608	0.2649758	0.009280488	0.0020802296
AAGCATCTCGTGGACC-0	0.18732265	0.48865315	0.116818585	0.10637343	0.009128	0.0	0.0
TGAATGCGTGCAAGAC-0	0.14502892	0.25050652	0.1822833	0.07211992	0.30617303	0.0	0.009105316
GACATCACAGAGACTG-0	0.68618685	0.23626003	0.0	0.108729765	0.03640597	0.09429568	0.06745236
CCAAGCGCAATTCTTC-0	0.13624571	0.48777878	0.042613372	0.12491356	0.0775247	0.038109988	0.00038979054
TGGGAAGTCCACTGAA-0	0.7263542	0.50168526	0.0	0.0	0.0	0.0	0.0
TCCATGCTCCGCGAGT-0	0.26285604	0.6291234	0.053958997	0.0662017	0.0	0.0	0.0
ATGATCGAGTGTTCCA-0	0.30159298	0.31358042	0.040559582	0.09130938	0.026114354	0.023678659	0.035703238
CATAAGCCATCACCAA-0	0.6068205	0.28804234	0.0	0.07124237	0.0	0.0	0.07522701
GCATCGGCATCATCTT-0	0.39193207	0.6319522	0.003593353	0.0	0.01852922	0.13853177	0.0
TTCGCTGCAAGCACAG-0	0.49554634	0.18807703	0.0026896344	0.00837855	0.014124083	0.043060847	0.0029370466
ACGTCCTTCATGGAGG-0	0.008749316	0.5484775	0.122272156	0.2762495	0.0	0.0	0.0075145373
CGGAACCAGTTTGAGA-0	0.3330089	0.56506634	0.0	0.18408208	0.0	0.0	0.043913767
GAGTCTAGTCAAGTTC-0	0.21648353	0.2430932	0.07436757	0.13914269	0.03392402	0.12824292	0.0
AATGGAATCGTTCTAT-0	0.41704074	0.2983198	0.0	0.0	0.045068968	0.0	0.0
TTCCTAAGTTCCTTGC-0	0.16013893	0.64841217	0.0	0.009758009	0.06759383	0.05138996	0.00064657896
CTCTCGAGTATGCTAC-0	0.0038197632	0.42656788	0.021941476	0.37177947	0.0	0.0	0.012570759
TGCTGAAAGAGTTGAT-0	0.275178	0.40030527	0.0031434598	0.04117025	0.03317552	0.0060415985	0.013844442
GGCTTTCAGTCGGCAA-0	0.50770277	0.2653306	0.087277174	0.18371005	0.13169368	0.0	0.03325653
TCATTTGGTCCTTAAG-0	0.3246195	0.49852923	0.020741967	0.12805267	0.060491692	0.09177994	0.0
CCACACTTCTTCTGGC-0	0.5155803	0.42359862	0.0	0.08533356	0.0	0.0	0.0
AGAAGTAAGCAGGTCA-0	0.4898425	0.5067021	0.0	0.0	0.0	0.0	0.0
AGACAGGGTAACCCTA-0	0.0	0.0012235097	0.7192997	0.1459731	0.2053768	0.007310802	0.0
TCTATACAGGTGCAGT-0	0.15720473	0.32444796	0.02546964	0.18013144	0.010830205	0.09476999	0.0
GTAACACTCCACGTAA-0	0.26922995	0.59659076	0.0	0.022303903	0.0056526917	0.0	0.02244027
AAAGGTATCGGCGATC-0	0.37071764	0.4412393	0.0012758563	0.195002	0.04432265	0.046859186	0.0
TACCGAAAGTAGGTTA-0	0.35143647	0.4568388	0.016292756	0.040334497	0.0	0.064339586	0.0
TTAATCCAGATCGCCC-0	0.26548564	0.30717802	0.19575587	0.10315473	0.034269962	0.06379855	0.012020414
CGGGCATAGGTAGCCA-0	0.32255915	0.22562154	0.039757628	0.22134967	0.020787405	0.0	0.0
CTATAGGAGCTGAAAT-0	0.06608693	0.03417199	0.50394815	0.38330925	0.16937722	0.0032317974	0.0
GGGTCTGGTATCCTTT-0	0.14706868	0.77445805	0.0	0.0	0.0	0.026630683	0.0029297383
TCATACTGTCGCTTGG-0	0.31808355	0.5076716	0.012072522	0.06471016	0.021101547	0.025862869	0.0
GATGGAGCAAGAAATC-0	0.19060601	0.18061446	0.12058043	0.14553146	0.025161345	0.0	0.0
CCCTCTCAGACGTCCC-0	0.052565973	0.123886295	0.0	0.70907557	0.06669337	0.0	0.0
CTGTGAATCGTCGATA-0	0.47698322	0.3319379	0.028669925	0.072450325	0.045021143	0.092150666	0.0
TCTACCGGTAAGAACT-0	0.03505176	0.14956056	0.0	0.0	0.0	0.0	0.9993376
TCGTAGAAGAGGTGCT-0	0.55076367	0.5127323	0.0	0.0	0.08437322	0.056176342	0.030700713
GGGTCACCACCGAATT-0	0.13002592	0.5353631	0.0	0.09312898	0.070521414	0.0054135807	0.00746531
TCAGCAAGTAGGACTG-0	0.5123515	0.3170304	0.0	0.19337381	0.0	0.0069326996	0.0
AGGATCTGTAGAATGT-0	0.16089565	0.21042684	0.0695217	0.26977253	0.0	0.0	0.0
AGCTCAAGTTGAAGTA-0	0.53706753	0.008496966	0.08876409	0.13453321	0.0	0.0	0.00027197038
TAAGCCAAGATGGGCT-0	0.3977385	0.32041827	0.0	0.19994487	0.0	0.0	0.0023519348
CTCAAGATCAAACCTG-0	0.043532543	0.20688869	0.1117561	0.10934791	0.04230582	0.0	0.0
GAATCACTCTGTCGTC-0	0.5316499	0.33676815	0.0	0.09292614	0.0	0.0	0.0
CTAGACAGTGAGTAAT-0	0.58441526	0.59841424	0.0	0.10999973	0.0	0.022978412	0.0
GCATTAGCATGACTCA-0	0.32271174	0.44975963	0.0	0.12548323	0.1906334	0.014188387	0.010408961
AAGTGAAGTCACTACA-0	0.084006965	0.63972473	0.1212094	0.04618306	0.0039349427	0.029661648	0.0021125006
ATTGTTCCATTGACTG-0	0.048892204	0.47092384	0.015582299	0.48353878	0.091087446	0.057539407	0.0
TGGGAAGTCGCGTCGA-0	0.15989417	0.60408473	0.0	0.0	0.30435637	0.0	0.0076025175
GTCCCATTCATCCTAT-0	0.9023887	0.0	0.0	0.29481906	0.07650811	0.022957291	0.15005359
CTGAGGCTCCCGTTCA-0	0.22086602	0.45859745	0.0056634434	0.46855745	0.030407432	0.0	0.0009977756
GTAGAGGAGTTGGACG-0	0.3793918	0.5059464	0.0	0.15615351	0.021832231	0.007995222	0.0
CGTTAGATCGTTCTCG-0	0.5151292	0.3995277	0.0	0.0	0.018606357	0.0	0.0
GGTGTCGGTATCCCAA-0	0.33388624	0.5014095	0.0	0.2033881	0.0333922	0.04624674	0.0
GACCAATCATGAAGCG-0	0.018639877	0.84890765	0.0020142242	0.093107015	0.037284363	0.018193936	0.009967033
CTCAGTCGTCACTTCC-0	0.040613715	0.46586308	0.21157414	0.13178512	0.16114968	0.0	0.0
CTCTCAGGTGAGGCAT-0	0.1786991	0.13526982	0.04826127	0.5280299	0.021941366	0.0	0.0
AGTGACTTCTAGTTCT-0	0.60696715	0.3515049	0.066031225	0.025160829	0.02320225	0.0052476684	0.0
TAGCACAGTCCAGCAC-0	0.32842156	0.17495862	0.2623845	0.112429716	0.11817584	0.009514159	0.022786487
GTAATGCTCGGCCAAC-0	0.047943674	0.3847906	0.32370484	0.084963605	0.017490137	0.14784513	0.0
CCTACGTCAGACCTGC-0	0.5406972	0.5655571	0.0	0.049734574	0.03730953	0.0	0.010862631
GGTAACTTCTTTGCGC-0	0.38122582	0.36946762	0.05496024	0.069391	0.03948357	0.006267505	0.0
CTGGCAGCAACAGAGC-0	0.6456794	0.32511714	0.0	0.1538298	0.0	0.0	0.024980802
ATTATCCTCAACTGGT-0	0.34415826	0.05595439	0.117434844	0.29745385	0.050409533	0.0	0.04860816
ATCCGTCCAGAGATTA-0	0.34077168	0.5744718	0.0	0.05955468	0.0937159	0.06679663	0.0035842417
TTGACCCCAGTCCCGA-0	0.2314136	0.51154244	0.019278357	0.08043065	0.015258862	0.019439155	0.018806862
TACCTCGAGCGTGTCC-0	0.14926147	0.0	0.1205969	0.40135267	0.031781886	0.16542491	0.04603225
ACGTAGTGTACTGCCG-0	0.02553658	0.34467107	0.1422692	0.2581598	0.0	0.0	0.0010591642
GTTCGCTAGATCGCCC-0	0.25848544	0.48197892	0.052269664	0.19138846	0.04842964	0.0	0.0
CATCGCTTCGCAACAT-0	0.42671654	0.2918862	0.0	0.19755039	0.0	0.0	0.0
TCACATTGTGTATCCA-0	0.89002913	0.19462489	0.0	0.0	0.0	0.0	0.009418361
GGAGCAATCGACCACG-0	0.0	0.7198077	0.16094115	0.15196195	0.053445708	0.0038841942	0.01840039
ATGCGATTCGAACGCC-0	0.4187817	0.38658944	0.021732096	0.029524364	0.056177348	0.011394275	0.028105117
TCTCCGAGTGGATCGA-0	0.42212158	0.4836095	0.0	0.049769003	0.000119046	0.016126735	0.0
CGCCAGATCCTAGCCT-0	0.26064456	0.3817129	0.040257763	0.12525742	0.026818303	0.08901804	0.018083408
CCGTGAGTCCCGAACG-0	0.0	0.0	0.44008762	0.17913942	0.11255458	0.33193058	0.0
TCTCACGCACGGAAGT-0	0.13383237	0.0	0.6424505	0.022397272	0.214139	0.0033506902	0.0
ACCCTTGGTCGGATTT-0	0.20943703	0.27495626	0.12357167	0.29605114	0.16972841	0.1397572	0.0
ATGCATGTCTTGCAAG-0	0.20821854	0.3910101	0.079789765	0.27426675	0.023591967	0.099281654	0.0
TGACTCCCAACGATTC-0	0.20688884	0.38658902	0.072978586	0.18715627	0.027722333	0.018933494	0.0
GTTTACTCACGGTGCT-0	0.46443358	0.20504838	0.069327526	0.0	0.26144713	0.016725453	0.0
ACGTAGTTCGCAGATT-0	0.2598409	0.29842728	0.17231847	0.06224391	0.15473366	0.0029926004	0.024534807
AACCCAATCTTACGGA-0	0.43964028	0.49255908	0.0049894247	0.028081387	0.013214604	0.0	0.017437596
GTGCTGGCATAACAGA-0	0.4533063	0.45278046	0.0	0.045762025	0.026793571	0.028423358	0.0
CACTAAGAGTACTCGT-0	0.31517535	0.8939749	0.0059383875	0.0	0.04590212	0.06274114	0.031891976
TAGGAGGTCCTCACTG-0	0.03274402	0.34667057	0.038318902	0.33806193	0.017723216	0.0	0.013627713
CTGATCCAGGGCTGAT-0	0.09686608	0.5807155	0.1116251	0.1609375	0.031068051	0.02533141	0.0
ATGTCCCCATCGGAGA-0	0.34296262	0.5368764	0.0	0.14202261	0.03725487	0.010665722	0.018853083
ACGGTTATCGGATACT-0	0.5115119	0.34526694	0.05581687	0.060323473	0.031360306	0.0	3.0869323e-05
CGAGGCTGTGATCGTT-0	0.19821112	0.50563735	0.044151537	0.18417096	0.0491232	0.0	0.0
TCGCACTGTCCGCAGT-0	0.3431605	0.2967248	0.16304676	0.112000726	0.10052966	0.06007649	0.029761875
TGTCCCATCTCGAGTA-0	0.14432615	0.22005883	0.0	0.39501727	0.068993114	0.01574221	0.0
CCAATGACAATACCTG-0	0.5281129	0.14842369	0.09393762	0.012174049	0.027241888	0.040047053	0.0037628794
CGTTAGAGTTCGGCTG-0	0.053027056	0.17984639	0.33531693	0.25526643	0.02787429	0.059141163	0.041655526
GGGCCATTCGGAGATG-0	0.34254947	0.3903844	0.04143875	0.2563945	0.021679498	0.0	0.0037348808
AGACAAAGTAGATGTA-0	0.5408978	0.10924335	0.0	0.23247002	0.0	0.0	0.0
CCACGTTTCCGTCACT-0	0.52484214	0.3941965	0.0	0.12095344	0.027463919	0.0	0.0
TAATCTCTCAGGCGAA-0	0.25157726	0.34320945	0.011279256	0.2978509	0.08878634	0.009295331	0.0
GCATTAGTCCGATCGG-0	0.38599482	0.5450051	0.0	0.0	0.011517352	0.0	0.0
TCCTTTCCACCAGCGT-0	0.24802974	0.41870883	0.0	0.08791116	0.036217235	0.00050792773	0.0
ACGTTCCCAGCAGGAT-0	0.33534575	0.49535358	0.19009472	0.04065392	0.0913446	0.07396723	0.08018712
CTCCGATAGCCTAACT-0	0.06547868	0.1638432	0.23661238	0.44006652	0.17260155	0.08236771	0.016074488
TCCATCGAGCATCCCG-0	0.0	0.0	0.13925037	0.4211458	0.53547007	0.15786548	0.0
TTACCATTCGTAACAC-0	0.0	0.04015271	0.106002465	0.0	0.22852442	0.0	0.6880001
GCTGGGTTCTGAGGTT-0	0.18568823	0.7014198	0.0246064	0.0	0.0	0.02468972	0.02534121
CATTGCCTCAGAGTTC-0	0.48644236	0.4758065	0.0	0.0	0.0	0.03630961	0.0
CCACGTTCAGCGGTTC-0	0.19224058	0.33698872	0.19793531	0.20047672	0.08117294	0.047975656	0.038790464
GCAGCCAAGGTTGAGC-0	0.10787972	0.5563563	0.2236407	0.17371409	0.15788996	0.0	0.027601901
AAGTCGTGTTACGTAC-0	0.3746611	0.304567	0.13160478	0.14059393	0.041909073	0.09350089	0.0
TACAGGTGTCGTGGAA-0	0.42503107	0.58514786	0.0	0.14927423	0.099345796	0.028964791	0.0
ACAGAAAAGGTCGACA-0	0.50956434	0.48603535	0.039401196	0.012607273	0.0	0.0	0.0029747814
ATAGGCTAGCATCAGG-0	0.25856626	0.24107918	0.030615943	0.5237261	0.123856	0.0034864724	0.0
TCCTGCAAGTGCTAGG-0	0.15573868	0.71857333	0.0	0.0	0.03746149	0.0	0.016313987
CTACCCAGTCCAATCA-0	0.20065603	0.40374392	0.0	0.0	0.093527354	0.0	0.49747443
ATCCACCGTTCCGCTT-0	0.30946985	0.28635144	0.015078673	0.3260576	0.026748542	0.0	0.08214375
ATGAAAGGTGGAACCA-0	0.56210893	0.23068339	0.0	0.25476742	0.01279762	0.0	0.0
GACCGTGGTGATCGTT-0	0.08085906	0.22633955	0.59736955	0.0	0.0	0.14117475	0.0
CTGTATTCATTGAAAG-0	0.40524298	0.09133648	0.0	0.5017795	0.15889557	0.009093148	0.0
GGAATGGAGGATTTGA-0	0.19773854	0.68758464	0.037552908	0.0804926	0.029716397	0.040454607	0.0
CATGCTCGTGAAAGTT-0	0.32565558	0.49621275	0.0	0.020462545	0.0	0.0	0.0
GACCCAGCACGACGAA-0	0.0939977	0.36699292	0.0	0.10382531	0.30795395	0.08725359	0.0
GCCGTGACACCATTCC-0	0.22162972	0.29830018	0.04311504	0.31444547	0.043442003	0.0	0.0026091768
GATCCCTTCCCAATAG-0	0.30437165	0.41662875	0.0	0.21956605	0.049302522	0.0	0.023693893
AGGGTTTTCAGGACAG-0	0.08189164	0.50875765	0.25492	0.23906873	0.07348601	0.020843709	0.0
GTACAGTGTTACACTG-0	0.06721018	0.21900915	0.14553787	0.3395301	0.03297363	0.0222581	0.0
TTCCAATAGTCGAAGC-0	0.14381953	0.29302898	0.058367286	0.40196607	0.1567093	0.05584247	0.018478753
CATACAGCAGGCGTTC-0	0.7427559	0.42185834	0.0	0.0	0.012345286	0.0	0.067788
GTATTGGTCATTACGG-0	0.6732957	0.1286039	0.0	0.22333261	0.009368188	0.0	0.0
TGGTACACAACTTCTT-0	0.0	0.32913902	0.0	0.0	0.0	0.0	0.6820698
CCTCTCCGTGGACTAG-0	0.04027518	0.7016364	0.0	0.22812231	0.008937485	0.052459825	0.0
CCTGCATCACCCAATA-0	0.13231939	0.51024646	0.023682334	0.24569634	0.0068351454	0.0	0.0
ATCGTGATCAGCGCAC-0	0.32289284	0.38472465	0.0	0.14213197	0.0	0.0	0.014153194
AAAGGTATCGAACTCA-0	0.22789699	0.21713886	0.011096046	0.2659957	0.16228373	0.08200955	0.22762997
TGGAACTGTAATGCTC-0	0.12769298	0.46148193	0.122286245	0.12633838	0.110484086	0.0	0.0
TCGACCTAGCAAGTCG-0	0.517728	0.33597496	0.0	0.1493004	0.0104376925	0.03660028	0.009498641
TATCCTACAACCTAAC-0	0.31769717	0.28820577	0.11224327	0.03613443	0.13737145	0.0	0.009706824
GGTAATCTCCTTTGAT-0	0.3153731	0.67775524	0.0	0.24012151	0.011828131	0.005925086	0.010973195
CGGAACCAGCTACAAA-0	0.82336295	0.20680761	0.0	0.06275309	0.0	0.0	0.0
TCGCTCAAGGGTAGCT-0	0.41342467	0.39353654	0.043961342	0.022924049	0.008497217	0.003505979	0.012375733
TTATTGCGTAGTTAGA-0	0.0	0.6000884	0.094430916	0.0	0.07045336	0.073853746	0.0
ATGGATCAGGTTAGTA-0	0.19593306	0.3208924	0.0032628842	0.057296395	0.006624461	0.0	0.0
AAAGGATAGAGCAAGA-0	0.9124701	0.3783242	0.0	0.0	0.0	0.0	0.0
TGTCCACAGCACTAGG-0	0.27495795	0.7811597	0.0	0.11868884	0.0	0.0	0.0
TACACCCTCAGACTGT-0	0.0	0.33777946	0.3848583	0.18039896	0.0093599195	0.0126905395	0.0
TCCATCGAGTGGATAT-0	0.3867156	0.3991069	0.1518975	0.17222619	0.008092695	0.0	0.012807174
GAGAGGTGTTCTTGTT-0	0.3918582	0.35090438	0.14404702	0.21619356	0.076586194	0.0	0.0012190081
TGCAGTACATTCATCT-0	0.26000494	0.27039498	0.14717956	0.12947182	0.0	0.11803529	0.007085386
AACAAGAGTGGTACAG-0	0.27457	0.3462108	0.008244285	0.0	0.0	0.0	0.0
AGGTGTTTCCATTGCC-0	0.20897065	0.74857724	0.0	0.0	0.0	0.016759617	0.0
CTTACCGCACTGCTTC-0	0.64186287	0.3034324	0.0	0.015324469	0.0039850757	0.0	0.0179316
GATGACTCAGGGTCTC-0	0.15548767	0.42828143	0.10591981	0.40123343	0.014517486	0.0	0.0
GTAAGTCTCCCGAACG-0	0.0415469	0.6320952	0.16781095	0.102993935	0.017894417	0.0	0.009857249
TACCTCGAGTTCGCAT-0	0.4228659	0.5153592	0.017183114	0.048629265	0.0	0.009464964	0.0047549824
AGGTCATGTCACTCTC-0	0.3843268	0.5062919	0.0	0.060013723	0.070651755	0.0	0.002381772
GCATCTCTCGGCTTGG-0	0.7960415	0.07077	0.0	0.288614	0.05327947	0.0	0.0
ATGGGAGAGTATTGCC-0	0.31549194	0.30050433	0.05414773	0.0075285602	0.061957456	0.0	0.027939396
GTGTCCTCAATCCTTT-0	0.0	0.52184916	0.081193835	0.025629878	0.022357684	0.0061796587	0.0
GATGATCGTGGATGAC-0	0.30912516	0.7136801	0.0	0.047200836	0.09582706	0.037146814	0.0
AGTGTTGAGGTGCTAG-0	0.05031331	0.72050184	0.0658675	0.42282876	0.06051863	0.0	0.0120005235
ATGGGAGGTCCTGGTG-0	0.2408927	0.72695565	0.03513251	0.0	0.008307259	0.0	0.27515677
TGACAGTCATCCAATG-0	0.3143728	0.40653434	0.16139126	0.18233998	0.0	0.05087894	0.010765361
CTACAGATCGCAACAT-0	0.8146532	0.3723583	0.0	0.01747558	0.0	0.0	0.0
GTTAGACGTTCGTGCG-0	0.7389797	0.20275553	0.005747575	0.0	0.18743041	0.05645226	0.015960868
GAACGTTTCCCGTGTT-0	0.20949607	0.19020237	0.043254517	0.53293073	0.12747765	0.02809755	0.0043522534
CAGGGCTCACGTAACT-0	0.5520926	0.23986529	0.0	0.0	0.0	0.0	0.0
GTTGAACTCATCCTGC-0	0.50614744	0.4854415	0.0	0.13679641	0.017542034	0.07624068	0.0
GCCAGTGCACACCGCA-0	0.019689465	0.3460232	0.08786376	0.36701968	0.1845898	0.0	0.0
ATCGGATAGCCAGTAG-0	0.11998147	0.71804667	0.027654095	0.05441523	0.006490241	0.0	0.008818452
TTATTGCAGTGTTGAA-0	0.67413473	0.036649287	0.07903126	0.16811456	0.054945223	0.07316122	0.14540802
TCAGTTTAGCATAGGC-0	0.25354996	0.394936	0.24759783	0.22754921	0.0	0.026070012	0.031140087
CATACCCCATGAGATA-0	0.0054480135	0.2315324	0.030954586	0.52475476	0.017616266	0.02812287	0.0
GAGTTGTCACGGTCTG-0	0.3072431	0.49718633	0.12314599	0.0	0.06708373	0.11513403	0.0
AAAGGTATCACTGGTA-0	0.5598132	0.22828601	0.0	0.016375942	0.1951592	0.027959988	0.0055522434
AATTTCCGTACAAACA-0	0.06737476	0.41254473	0.24927378	0.13443229	0.031235471	0.032196727	0.0010467222
GTGTTCCAGAGAGCCT-0	0.085130066	0.49168867	0.004690652	0.007764613	0.24252027	0.012248839	0.0
TCTCAGCTCAATCTTC-0	0.093461245	0.6919382	0.06087243	0.069091186	0.0	0.062341593	2.9606521e-05
TAACTTCTCCAGCACG-0	0.58969444	0.471445	0.0	0.0025938624	0.1399235	0.0	0.0044076266
CTCATGCAGCTTGTTG-0	0.11568351	0.12782677	0.070520744	0.86581033	0.007593577	0.0	0.0
CTCCCTCGTGGTTCTA-0	0.5243356	0.81474674	0.0	0.031139523	0.0	0.082425654	0.0
CTTCTAACAGTATTCG-0	0.30977458	0.78682035	0.0	0.0065148934	0.0033944102	0.048509315	0.017547997
TCTCACGTCTGGGCCA-0	0.5494837	0.3509245	0.0	0.0	0.0039084186	0.0	0.0
CCACAAAGTAGATTAG-0	0.37542686	0.45850828	0.03713879	0.19377328	0.06837962	0.0	0.014077967
CTGTATTGTACTGCCG-0	0.35833713	0.43882787	0.0	0.1379142	0.060808685	0.010487964	0.03733887
GGTAGAGAGCTAAACA-0	0.49442282	0.14297464	0.04780676	0.17012335	0.15770711	0.0	0.0
AGTTAGCAGCGGTATG-0	0.20946482	0.5464498	0.0	0.11688439	0.0	0.07599215	0.0
CGAGGCTTCACCCTCA-0	0.6524125	0.42774817	0.0	0.0	0.0	0.0	0.0
CCCTAACCACCTGCTT-0	0.22882013	0.5307589	0.013861293	0.22514276	0.055981543	0.0128149055	0.0
TCGACGGAGCTGAAGC-0	0.17959145	0.4269616	0.04739921	0.015331955	0.30963364	0.037344057	0.015247335
TGCGGGTAGCGAAACC-0	0.25122938	0.39215162	0.0249308	0.057509817	0.0	0.04166119	0.0
TACCTCGCATGACTGT-0	0.084430836	0.6346928	0.0	0.25927252	0.0028733043	0.0	0.08464926
AGAAGCGTCTTTGCAT-0	0.4060429	0.6005481	0.054820962	0.0141567085	0.004868797	0.0	0.0
AATTCCTCAAATCAGA-0	0.6107531	0.40905803	0.03936174	0.020910954	0.043928247	0.040558454	2.240775e-05
TCTAACTAGGAACGCT-0	0.4074325	0.37540126	0.058858417	0.0	0.02102052	0.0	0.04621349
CGACAGCCATTAAGCC-0	0.21700497	0.3374694	0.20915687	0.3553674	0.046740122	0.028746363	0.0
AGATGCTAGTTGTAGA-0	0.33518726	0.44926092	0.0	0.15885253	0.033585005	0.016498035	0.0
TTCTCTCGTGAGTTTC-0	0.3288258	0.407261	0.0	0.048493017	0.041311804	0.0	0.017304713
GGAGATGAGCTGGTGA-0	0.25058854	0.44014278	0.05590819	0.08389451	0.07215849	0.0	0.008453203
CTCAAGAAGGTGATAT-0	0.014788713	0.47438124	0.43885842	0.1538607	0.020957183	0.10619328	0.0
CGTAGTAAGTATCCTG-0	0.25639734	0.1783477	0.12696312	0.16240038	0.37148252	0.0042358926	0.0067008
ACTCCCAGTATACCCA-0	0.7812141	0.005633581	0.047827307	0.19907323	0.051569056	0.0	0.043352004
CATGCGGCAACACGAG-0	0.81499904	0.2634249	0.0	0.0	0.007736648	0.0	0.0
TTGCATTAGCATGATA-0	0.17563342	0.4994348	0.024849907	0.028236123	0.024439529	0.020760885	0.008569513
TTTGACTAGCGTATGG-0	0.21400099	0.49064326	0.0067479326	0.044663917	0.015593231	0.0005939296	0.0
CAGGCCACACCCTGAG-0	0.0	1.0692219	0.002200772	0.009078198	0.013926809	0.018633656	0.0
TGCATCCGTGGATCAG-0	0.32237858	0.2067396	0.042580508	0.24162105	0.0	0.01326029	0.0
CAGTTAGGTGCGTGCT-0	0.09481878	0.3312765	0.3050669	0.31338534	0.057687193	0.0	0.050074104
TCATTCAAGACGCTCC-0	0.0	0.6488789	0.2329098	0.0	0.1519683	0.12478222	0.0018913478
CTCAACCGTATGATCC-0	0.0028613869	0.0103526	0.78326416	0.10998673	0.20408295	0.024360051	0.022498785
TCTACATAGTCTGCAT-0	0.16804537	0.3579019	0.0	0.29474095	0.0	0.0	0.0
ACAACCACACGACGTC-0	0.5365918	0.37590367	0.0	0.20639205	0.091687806	0.05388642	0.027669366
TCAAGTGCATTAGGAA-0	0.086361565	0.3956507	0.027697854	0.5166296	0.045009807	0.0	0.03211296
CCCTCAAAGTCTGGTT-0	0.8032761	0.36668417	0.0	0.0	0.0	0.0	0.0
GCCAGGTCAATACGCT-0	0.090435654	0.41671702	0.09135376	0.09087818	0.0034331796	0.012519685	0.0
CCCATTGCATCCGGTG-0	0.3554019	0.60628873	0.03885553	0.0	0.00779875	0.042299986	0.0
TAGTGCATCGTAACAC-0	0.69250524	0.39556196	0.0	0.15600675	0.0	0.0	0.0
ATAGAGAAGATGCTTC-0	0.34139588	0.3464848	0.06771221	0.19590822	0.041666154	0.0	0.001445587
GCCAGGTGTCACATTG-0	0.3495241	0.33606225	0.12238029	0.16677596	0.028140664	0.00094411237	0.0
AGACCATTCTACTCAT-0	0.13534917	0.15801531	0.18742765	0.39517593	0.041106984	0.0	0.0
CGTCCATCACCAGACC-0	0.25787714	0.45740122	0.0	0.2346431	0.0056835264	0.0	0.0
AATGACCGTATTGCCA-0	0.0	0.11285703	0.18407707	0.39290634	0.3135607	0.036830824	0.0
TCCTAATTCCAGTACA-0	0.27418157	0.575614	0.056343436	0.16110007	0.10538442	0.0	0.0
TCCTCCCCATCTTTCA-0	0.2749681	0.31496516	0.22684833	0.25453544	0.20547383	0.0	0.0
AAGCCATGTTTCGTAG-0	0.07128842	0.3776734	0.2151028	0.24121547	0.17263371	0.08365	0.0
GTAGGTTCAAGCACAG-0	0.5978818	0.3056795	0.10454147	0.18856247	0.024475798	0.025690582	0.0
GATCATGAGTCCTACA-0	0.32074216	0.6427927	0.0	0.0002904663	0.15495275	0.017276496	0.0011396144
GCCAGCATCAGCTGAT-0	0.005750208	0.2776057	0.04287859	0.2846904	0.5072444	0.045986388	0.0
AAGACTCCAGACACAG-0	0.018946696	0.520639	0.11789193	0.2987325	0.06716367	0.0	0.0
TATCTTGAGCATAGGC-0	0.0	0.4583007	0.29808328	0.12106252	0.106143445	0.026670005	0.0
TAAGCACCAGGATCTT-0	0.22791986	0.45841667	0.01797187	0.28406072	0.07217549	0.03148788	0.020001171
AATGGCTTCATTCATC-0	0.0	0.43593717	0.23993859	0.14384924	0.018485887	0.0	0.0
ACCAACAAGGTAAGGA-0	0.17238738	0.4956068	0.0	0.16391857	0.0103099095	0.0	0.007459553
TCACTCGAGTGGAATT-0	0.21721865	0.5541638	0.0	0.0	0.0032230276	0.0	0.011331916
GTGTTAGTCGGACTGC-0	0.20356643	0.45654356	0.04143272	0.04868971	0.022557331	0.0	0.0
GAACTGTCAACGAGGT-0	0.09838904	0.4106198	0.1817023	0.16217545	0.03005142	0.0	0.0
CTCAACCGTCCGTACG-0	0.12414741	0.5633767	0.0	0.0	0.015374706	0.0	0.19674991
AGGGCTCAGCCTCGTG-0	0.2780533	0.35401765	0.20578708	0.14970495	0.15962103	0.009582662	0.027510924
GTTGCTCCAAATGCTC-0	0.05825968	0.4009426	0.17449422	0.0	0.0659639	0.0	0.42127487
TCGGGCATCTTTCGAT-0	0.36542884	0.2621307	0.20595704	0.12274713	0.0	0.13275336	0.0
GGTGTTATCGTGGCGT-0	0.29253373	0.33892512	0.03457116	0.06995524	0.062216904	0.00278936	0.0041088606
CAGATACCAAGAGCTG-0	0.060338467	0.21672255	0.2795498	0.5159438	0.046936046	0.0	0.0
CTGCCATGTGTAACGG-0	0.053296946	0.4053995	0.017374724	0.2535634	0.028294953	0.0	0.0
CCTATCGTCCATCTCG-0	0.20359601	0.5907947	0.043167252	0.14811738	0.03210661	0.0	0.0
TACCTGCGTTAGGCCC-0	0.61857253	0.5406921	0.0	0.0	0.004315682	0.0	0.0
ATCGTCCCATGCAGCC-0	0.47570047	0.25671795	0.0	0.0038396283	0.04474959	0.0	0.0
GTCTGTCTCGCACGGT-0	0.7032009	0.54640144	0.0	0.0	0.0	0.098999955	0.012546876
CCCGGAAAGTGAGTGC-0	0.25277096	0.71079135	0.0	0.0	0.03655902	0.0	0.0
TACACCCTCCACGGGT-0	0.2901829	0.4792165	0.058483224	0.115887985	0.087551564	0.035134554	0.0032654686
TGCTGAAGTTCTCGTC-0	0.28796574	0.2527906	0.010816873	0.27664623	0.0	0.0	0.014378135
TAATCTCTCAAGCCAT-0	0.041068323	0.17172149	0.28839284	0.4981354	0.06575027	0.06887304	0.04848401
GACCTTCTCATCCTGC-0	0.15974033	0.66665745	0.0	0.2051755	0.040756892	0.03696182	0.0
AGACAGGCACAGAGAC-0	0.35526904	0.42394796	0.0016215761	0.08063535	0.10647394	0.031567987	0.00626165
TTGCATTGTATACCCA-0	0.3490897	0.016332401	0.27965248	0.099340305	0.22912472	0.056430943	0.022626515
TCAGTTTAGCAGATAT-0	0.08451038	0.31474325	0.19616662	0.13976781	0.062039334	0.029314006	0.0
CTAGGTACAGCGACAA-0	0.42325988	0.28265148	0.0	0.28558737	0.010543572	0.0	0.013593453
ATCGTAGGTCCAGGTC-0	0.25069538	0.37851164	0.028513141	0.024196586	0.010505793	0.0002518354	0.0
AAGATAGTCGCATTGA-0	0.053420655	0.0	0.27127722	0.1275748	0.33510104	0.0	0.0
ATGCGATCAAGTGACG-0	0.37651992	0.23700154	0.2683725	0.05512091	0.095580526	0.030823128	0.027551504
GTGCAGCGTAACGCGA-0	0.00010081988	0.25145516	0.045085907	0.77231747	0.07005924	0.050206434	0.0
TCATACTTCTGTAAGC-0	0.08263233	0.46439973	0.037419118	0.46014056	0.023849811	0.0	0.0058991346
TCCTTTCTCGTAGGGA-0	0.30314916	0.7182875	0.0	0.0	0.11287523	0.0	0.0
ACAAAGACATAATGCC-0	0.3833292	0.13161397	0.06326581	0.13608757	0.03952031	0.04960003	0.015381571
TTGAACGAGTAACGTA-0	0.36889964	0.618572	0.0	0.15251745	0.026028514	0.0	0.0053447606
TGAGGAGCAAATTAGG-0	0.63761824	0.3120488	0.0	0.112019375	0.019139986	0.0	0.0
CTTCCGAAGGCGACAT-0	0.13693969	0.29859594	0.12242943	0.026549563	0.035908647	0.0	0.0064965687
GTAGCTAGTTGCGTAT-0	0.0	0.18232062	0.78547055	0.0	0.04834221	0.0	0.0
CAATACGAGCGTTAGG-0	0.46653032	0.4175363	0.0	0.01995142	0.13945691	0.036808386	0.019613879
TTGGGTAAGTCGCGAA-0	0.28593966	0.5563627	0.03387897	0.23571914	0.0	0.0	0.00019246181
CTACTATGTCAGGTAG-0	0.53254694	0.44599077	0.0	0.1668475	0.044014607	0.0	0.0016415991
GCAGGCTAGGCTCTAT-0	0.5257371	0.0	0.027693281	0.43088648	0.05947586	0.08133396	0.048349027
CTCAGTCCATCTAGAC-0	0.576123	0.27794853	0.02352326	0.24300459	0.0	0.0040571596	0.0
CTGTAGATCACTCTTA-0	0.45676008	0.6210089	0.0	0.0	0.08674269	0.015985861	0.0
CGGACACTCACCGGGT-0	0.9576017	0.3528012	0.0	0.0	0.0	0.0	0.002547195
CCGGTGAGTTCGCGTG-0	0.6830522	0.37143984	0.0	0.0	0.0	0.0	0.0
TTCTAGTAGTTGGGAC-0	0.115531206	0.32545182	0.12485009	0.029412631	0.0367786	0.0	0.0
TACAGGTTCAAGGAGC-0	0.30311552	0.5989414	0.014004041	0.07491805	0.01294762	0.0067320024	0.014184446
TTGCGTCTCCATCGTC-0	0.0	0.22938217	0.0	0.0	1.0736367	0.0	0.0
TTCGCTGCACGAAAGC-0	0.0	0.3354028	0.0785799	0.3145939	0.039446253	0.0	0.0
AGTTCGACAGGTGGAT-0	0.10379339	0.3983799	0.4144891	0.07693411	0.04701429	0.19176978	0.0
AGGGCTCTCCTCCACA-0	0.15310171	0.5276885	0.051790033	0.22088689	0.031502165	0.0	0.0
AAGTCGTAGGAAAGGT-0	0.55267465	0.5848609	0.0	0.0	0.042880487	0.0	0.0
TTCAATCTCAGACAAA-0	0.26468584	0.016717087	0.18074113	0.41396454	0.059801605	0.06932419	0.0
ATGGGTTGTGAGCCAA-0	0.23795243	0.5914739	0.12353821	0.059173636	0.0017477693	0.056082588	0.0
TGCTCCAGTCTCCTGT-0	0.73464143	0.51850057	0.0	0.0	0.0	0.0	0.0
GGGTCACAGTCAAGCG-0	0.22804904	0.24192506	0.22093256	0.38392794	0.0020769245	0.0	0.057166077
TTGGGTATCAGTCTTT-0	0.3235627	0.379475	0.0	0.16091144	7.2458985e-05	0.0	0.0
AACCTTTCATTCTCTA-0	0.70783246	0.1555879	0.0	0.0014301537	0.15932916	0.0	0.0
GTTGTAGGTAATGTGA-0	0.22969545	0.702553	0.0	0.015074667	0.14848834	0.020686304	0.017127216
TACTTCATCATCACAG-0	0.597144	0.45825532	0.0	0.0	0.0010069286	0.09255915	0.026007326
GACCTTCTCGGTCTAA-0	0.20004442	0.34412158	0.06316057	0.05469504	0.0	0.0	0.0
CCACCATGTAGACAGC-0	0.35736763	0.43842185	0.03754317	0.05546716	0.0018666752	0.0	0.0
TCAAGTGGTGGACCTC-0	0.023960808	0.36697063	0.1691321	0.33745956	0.0086601265	0.0	0.0018684067
CTGGACGGTCCACTCT-0	0.5998562	0.0	0.0	0.55604684	0.031057645	0.0	0.0
AACAGGGCACCATTCC-0	0.35492378	0.2611637	0.064295165	0.2458741	0.00069878367	0.137423	0.02060482
TTTGGTTGTACGTAGG-0	0.40678307	0.48020247	0.0	0.07198628	0.0033376266	0.025654241	0.0
GGTGATTTCACTCACC-0	0.92469376	0.23708531	0.0	0.0	0.0	0.0	0.0
CTATAGGCAAGCTACT-0	0.49946555	0.5711487	0.0	0.0	0.0	0.0	0.0
CTGGCAGAGCATTTCG-0	0.4499558	0.43011835	0.0	0.025706263	0.041264173	0.04556544	0.014556552
CCCTGATTCAGTCATG-0	0.008563744	0.4612923	0.109714285	0.5034236	0.052887302	0.0	0.0
CGTTGGGCAGCAGATG-0	0.6242147	0.23683149	0.0	0.0	0.0	0.0	0.0
TCAGCCTTCTAGTGAC-0	0.4701163	0.55835974	0.0	0.04755806	0.0	0.059718188	0.0
GAATCGTGTCTTCTAT-0	0.33537325	0.53573924	0.0	0.0380679	0.0	0.04356862	0.0
GGCGTCAAGAAATGGG-0	0.18610421	0.35207468	0.21275148	0.23918661	0.060022302	0.007596033	0.011977979
AGGGCTCTCAGTCCGG-0	0.29647565	0.4576682	0.0038767566	0.11544122	0.018938867	0.0	0.0
GACTGATCAGTGGTGA-0	0.2541995	0.5891378	0.06496189	0.10012622	0.045414884	0.0	0.0
CCCTCAACAGCTAACT-0	0.14181238	0.18939403	0.0	0.83860976	0.107297726	0.11441431	0.0
TAAGCACTCTATTCGT-0	0.0	0.12577246	0.24832581	0.35856023	0.287971	0.06371209	0.0
TCTCCGACATCTCAAG-0	0.18709387	0.08308911	0.15651494	0.11204869	0.14217643	0.044545107	0.0
CCTGCATCACAACGCC-0	0.3438559	0.7348648	0.0	0.0	0.0	0.019968366	0.0
AAGGTAACATACAGCT-0	0.34360957	0.53648835	0.0	0.01848302	0.021976057	0.033044647	0.005730033
CGAGGCTGTGAGCAGT-0	0.65691906	0.6402729	0.0	0.0	0.0	0.0	0.0031249335
GAGTTTGCACGGGTAA-0	0.101694755	0.33808908	0.22241092	0.0	0.12099897	0.15912314	0.0
GACCGTGTCTTGTTAC-0	0.046882853	0.5662831	0.087426566	0.40884918	0.053991884	0.035346273	0.028673915
GTGTTCCTCCCGGTAG-0	0.342538	0.26741874	0.13880135	0.11495736	0.0012138457	0.06554866	0.019395003
GGGAGTAGTTCAAACC-0	0.9032886	0.27535066	0.0	0.0	0.0	0.0	0.0
TTCGCTGAGCACTCAT-0	0.28498515	0.0	0.0	0.1935553	0.0	0.0	0.54931617
ACTTTGTGTCCTATAG-0	0.17446539	0.48552483	0.08137335	0.259663	0.021543158	0.034286413	0.0
AATGCCACACACGCCA-0	0.50111675	0.28451115	0.0	0.38461772	0.0134004	0.0	0.021169042
TGGAGGAGTCCTCATC-0	0.24075828	0.4297824	0.15099558	0.09751044	0.08183633	0.11539586	0.01875109
GTAACACGTCGCGGTT-0	0.7293224	0.5651047	0.005575605	0.06246431	0.042725302	0.0037165005	0.0
CCTCCAAGTGCCCACA-0	0.42879808	0.49086544	0.03883128	0.11312009	0.0	0.013916411	0.015495747
GAACACTAGGCGTTGA-0	0.5602332	0.1885622	0.0	0.11298085	0.20817123	0.0	0.0022273539
TCACTCGTCATCTCTA-0	0.3199686	0.2512591	0.05907017	0.10301888	0.0016302591	0.04889611	0.0
CAGCACGGTCGCTTAA-0	0.49180457	0.40687668	0.0	0.05702775	0.012592014	0.02962165	0.024117013
ATCGGATTCCGTGGTG-0	0.049292747	0.41802838	0.07115382	0.21858363	0.0	0.0	0.008446299
GGGACTCAGGTACAAT-0	0.450233	0.3863277	0.0	0.01712094	0.019245226	0.0	0.0
AGGACTTGTTGCTCAA-0	0.28289577	0.71396506	0.0	0.05772658	0.0019340102	0.02129851	0.0
GTCATGACACGAGGTA-0	0.66669697	0.3942338	0.0	0.0	0.0	0.0	0.044189278
GATGCTATCCGCCTAT-0	0.60453707	0.3641832	0.0	0.0	0.09958212	0.012532524	0.0
AGTAGCTCACACAGCC-0	0.03403021	0.07815179	0.0	0.9356925	0.15089248	0.0	0.0
ACTGTGATCGACATCA-0	0.6528734	0.37188303	0.0	0.058448803	0.0	0.018291162	0.0
TGGGAGAAGAAACTGT-0	0.34934852	0.2983974	0.010355779	0.18789265	0.0	0.111064	0.0
CTACAGAGTTTCCCAC-0	0.06117663	0.63843775	0.0	0.20098649	0.012331282	0.0	0.10195064
ATCGGATTCTTCTGGC-0	0.5992328	0.24758807	0.0023685868	0.0	0.021870397	0.060294624	0.0
GCCCGAAAGTTGTACC-0	0.3649758	0.7063428	0.0	0.121290654	0.0	0.0	0.0
AGAACCTGTTTGGAAA-0	0.0050312122	0.48905578	0.008687225	0.09543798	0.010778008	0.0	0.0
TCCCACACACGTTCGG-0	0.7907247	0.36134908	0.0	0.0	0.011194503	2.7110052e-06	0.01361219
TATACCTAGGCCATAG-0	0.2930125	0.47316432	0.10618021	0.063437566	0.059894986	0.044534534	0.00129675
CCGATGGGTTGGCTAT-0	0.0	0.603218	0.11478465	0.37207296	0.021487944	0.0	0.008121625
TGCGACGCAACGATTC-0	0.116660245	0.71221143	0.046032175	0.14370088	0.042796955	0.013931452	0.057586465
GTAGCTACAAGTGGGT-0	1.156259	0.16840832	0.0	0.0	0.0031506144	0.0	0.0
CAGCGTGTCGCATAGT-0	0.14010935	0.4265634	0.09133059	0.3051392	0.1350517	0.0	0.0
ATGATCGTCATTCACT-0	0.17073475	0.77403057	0.0	0.0	0.0	0.03253488	0.0
ACGATGTAGGCTCAAG-0	0.18012378	0.57661563	0.0117842425	0.12125861	0.015428476	0.0	0.0
GATAGCTTCCGACAGC-0	0.25148752	0.32005802	0.057885475	0.023164194	0.06675301	0.0	0.0
CGTGCTTCAGTTGTTG-0	0.8580662	0.0	0.0	0.2633193	0.0	0.0	0.0
ACTGTCCCACCGTGAC-0	0.3872261	0.43482798	0.0	0.24096261	0.07073336	0.0	0.02451266
CCTTCAGAGTCTTCCC-0	0.5085849	0.54783916	0.026367173	0.0	0.011212141	0.039037272	0.014806341
ATACCTTAGTTCGCAT-0	0.12271179	0.627276	0.041325197	0.18520594	0.082563825	0.0	0.0010485201
ATCATTCTCAGCGGAA-0	0.35705873	0.297647	0.24553554	0.28052402	0.02265609	0.0	0.0005326418
CCACACTCAGAGTAAT-0	0.050009295	0.3989905	0.10791109	0.31033793	0.066750064	0.10770515	0.10391963
TGCTTGCTCGCATTAG-0	0.20004238	0.31721577	0.086779736	0.07257887	0.03584242	0.0	0.0
CGAGAAGTCCCACAGG-0	0.087974705	0.40249702	0.0019811466	0.4074203	0.0	0.0	0.015407375
TTCCTTCGTCCACATA-0	0.0	0.7192654	0.1750293	0.09109399	0.06136298	0.0	0.021533435
CTGCATCGTTATAGAG-0	0.4689776	0.35092285	0.0	0.21860723	0.050581984	0.0	0.0
GCGGAAAAGAATTCAG-0	0.6122677	0.40079808	0.0	0.0	0.0	0.03438421	0.0
GTACAGTTCCATTTCA-0	0.16435273	0.3872857	0.19938113	0.10007439	0.13537464	0.06010626	0.0013106811
ATTGTTCGTCTTGAGT-0	0.3943452	0.5210136	0.02499848	0.12990737	0.018315192	0.0	0.14767885
TATGTTCTCTAGTACG-0	0.3424438	0.6081813	0.041988887	0.24645664	0.0	0.019318117	0.0
ATGGAGGTCCAACCGG-0	0.0	0.34427097	0.0	0.49377704	0.075957485	0.12711538	0.0
GCTACCTGTGCCCAGT-0	0.1593658	0.48824504	0.058863424	0.1757911	0.0	0.0	0.005514489
CAACCTCCACAGAGCA-0	0.0730533	0.7142821	0.17911002	0.03336715	0.03880237	0.006362374	0.0
CAAGACTAGACTTGTC-0	0.4190922	0.59899104	0.0	0.042505305	0.0	0.04755901	0.0
AGAGCCCCAAGCACAG-0	0.17573191	0.072112516	0.22196637	0.23903342	0.30017757	0.05814804	0.0
GTGGCGTAGGTTACAA-0	0.061476756	0.48540774	0.09637604	0.1943525	0.046658993	0.008828656	0.0
CTACATTTCATCCCGT-0	0.65514404	0.24771416	0.0	0.0	0.0	0.0059800814	0.0
TCATGTTCAAGAATAC-0	0.25621292	0.3505812	0.09449802	0.19098042	0.020529825	0.0	0.0
CGGTCAGCAGCATTGT-0	0.18171886	0.79434854	0.0	0.0	0.0	0.030925447	0.0
TTGGGATTCAGGAACG-0	0.0907755	0.33942118	0.12088614	0.35483393	0.12970331	0.057589557	0.0
GCCATGGTCACATCAG-0	0.05613871	0.49123758	0.06035831	0.3443905	0.06516296	0.0	0.0
AATCGTGAGCTGGCCT-0	0.13079348	0.70825845	0.0	0.09599554	0.0029667309	0.045217045	0.008366258
CCCTCAAGTGTTCATG-0	0.07280579	0.68663764	0.0	0.27310687	0.0058818334	0.0013637196	0.006114508
GATTGGTAGAGGCCAT-0	0.73292017	0.0	0.0	0.3465127	0.0	0.044285405	0.014019502
CCTAAGATCAACGAGG-0	0.46891773	0.22772425	0.068811975	0.03450166	0.031504106	0.113962226	0.004406165
GTGCTGGTCGGCTGGT-0	0.5617354	0.38400108	0.0	0.0	0.0	0.0	0.0
AAACGAACACTTCATT-0	0.58748674	0.15244234	0.0	0.016254934	0.0	0.0	0.0
TCAGCAATCCACGAAT-0	0.4928337	0.61504406	0.008754986	0.0	0.0	0.025582409	0.0
ACTGTGAGTGTAGCAG-0	0.096385315	0.3218415	0.26265514	0.0	0.02873972	0.14859977	0.0
TTACGCCCAGCCTTCT-0	0.0	0.8758279	0.13851337	0.16419166	0.1017784	0.0058287596	5.7900554e-05
TGTGTGAGTGTACATC-0	0.37049782	0.63903224	0.037184022	0.015427461	0.023032175	0.0	0.0
CATGCGGCAGGTACGA-0	0.06443879	0.31277362	0.07610417	0.030960923	0.26802	0.0	0.0
ATAGGCTTCAAAGAAC-0	0.0	0.0	0.49906212	0.36127865	0.13421415	0.14778338	0.0
TGATTCTCAACACAAA-0	0.2080412	0.22759539	0.11772811	0.17417504	0.025689654	0.029830845	0.0
TACCCACCATTGAGGG-0	0.1037036	0.33483195	0.10177773	0.3257811	0.11206681	0.06725684	0.0
TCTCTGGAGCTCGGCT-0	0.26389837	0.21656781	0.17679435	0.24088342	0.19055589	0.049314536	0.0
GTCAAACGTCGTTCAA-0	0.26022717	0.5741228	0.0	0.039332014	0.018339897	0.038178943	0.0007463054
TCGTGCTGTGGGTCAA-0	0.41103888	0.32436305	0.0	0.14849612	0.015536306	0.07416277	0.03543989
TACACCCAGGATCATA-0	0.21011071	0.6885548	0.0	0.07328197	0.0	0.0	0.0
GTAGAGGTCACCTCTG-0	0.39782408	0.38408422	0.0	0.10963575	0.034307964	0.15525495	0.0
TTTGTTGAGCGCTTCG-0	0.119727865	0.6649121	0.053550627	0.07209316	0.049013026	0.0	0.008467041
ACATCCCAGAAGTGTT-0	0.0	0.1144421	0.46922138	0.0	0.2708472	0.0	0.0
ATTACCTAGGATTTAG-0	0.2812761	0.38230383	0.0	0.12938267	0.0024186708	0.089704774	0.0
AACGTCAGTCGCACGT-0	0.4182263	0.19508904	0.09619025	0.18813221	0.030256916	0.0	0.0
GTTGTGAGTAGCTTTG-0	0.5130891	0.07587363	0.07280469	0.29485345	0.19357209	0.0	0.0
AGCGTATGTCTAGGCC-0	0.0	1.0031229	0.011951312	0.017437642	0.0	0.02291603	0.002688373
AGCCAGCGTAGCGATG-0	0.2233864	0.305341	0.019748809	0.16192038	0.03491241	0.04074924	0.0
GTGCAGCCACTTTAGG-0	0.21026596	0.96712196	0.0	0.043941416	0.0	0.0018629119	0.08142799
GAGACTTAGAGTGAAG-0	0.36906993	0.32992047	0.05016577	0.19903925	0.0	0.054534655	0.009618203
ATCCTATGTAGATGTA-0	0.28428924	0.40514272	0.061250646	0.04110367	0.036876835	0.0004642733	0.0055813235
ACCTGTCAGGGCTAAC-0	0.4299647	0.47275046	0.0	0.0	0.0	0.0	0.0
CATCGGGTCGTCCTCA-0	0.38814786	0.48006272	0.010982191	0.18194044	0.025814991	0.03219008	0.0
GTGGAAGTCTAGAACC-0	0.0075221187	0.17204025	0.21654645	0.40085772	0.20483819	0.025324533	0.0
GGAATCTGTTCCTAGA-0	0.18532066	0.5635129	0.00029790352	0.35999396	0.00039267854	0.0	0.024919143
GACCCTTGTCGGCCTA-0	0.42666364	0.5908232	0.0	0.0	0.0	0.036445823	0.014422625
GTAGAAATCGATTGGT-0	0.5592626	0.70800054	0.0	0.061425317	0.0061868518	0.0	0.066130996
TTTCATGCATAGGCGA-0	0.0	0.4349952	0.19274059	0.068571664	0.28764525	0.16862766	0.0
TCACGGGGTGTACAGG-0	0.24412861	0.6207281	0.14341052	0.059886854	0.0	0.07863002	0.016508171
CTCAAGACATGTTCAG-0	0.06993644	0.40004885	0.03865036	0.3069996	0.02472335	0.009179029	0.0
GGTCTGGGTGTATCCA-0	0.19089665	0.5900824	0.0	0.09219637	0.013563867	0.0	0.012450114
GTGAGGACAACGTTAC-0	0.0	0.16887677	0.43693337	0.25562778	0.060428385	0.0065134168	0.0
GGAGCAATCATCCTGC-0	0.5117731	0.4075883	0.0	0.116582476	0.0	0.052224033	0.0
AGTGTTGCAGAACTTC-0	0.14698207	0.6956874	0.027425256	0.12181105	0.021188758	0.023730911	0.0
ACTTAGGTCTTAGGAC-0	0.24612609	0.28436363	0.015492048	0.30691993	0.038826115	0.0153513625	0.006167898
CATGCGGGTCCACTCT-0	0.31234512	0.36717793	0.0007432077	0.24855782	0.0133958	0.0	0.034219023
GCGATCGCAAGCCCAC-0	0.054877736	0.5830122	0.016990133	0.24643244	0.20201708	0.074980855	0.014825756
CAATTTCGTATCACCA-0	0.15126958	0.41378456	0.0	0.41635975	0.0	0.0	0.0
GTCTTTACAAGGGCAT-0	0.48126638	0.17299391	0.08354561	0.0037557795	0.018297404	0.0	0.017002363
CATTGCCAGGAGACCT-0	0.089787886	0.28622752	0.11815174	0.18640633	0.05090222	0.035049856	0.012124762
TGAGGGATCTCCGTGT-0	0.25581792	0.08432617	0.35227984	0.09185209	0.051204212	0.05349093	0.051103894
TACGCTCTCCTCGCAT-0	0.37569788	0.42837653	0.0	0.0026830032	0.07863391	0.06944803	0.0
GCACATAGTTACACTG-0	0.23675127	0.43802655	0.028164722	0.07182151	0.022673376	0.0	0.0
GAGGCAATCCTTTGAT-0	0.08891549	0.07027914	0.27206692	0.6211549	0.072344996	0.019129217	0.024767924
CATGAGTAGCTGCCAC-0	0.6672044	0.43630078	0.0	0.01570199	0.04194107	0.0	0.0
TCTATCACATAATGCC-0	0.021141833	0.29058906	0.5071307	0.16937186	0.0	0.07717295	0.0
CATGCAATCGTAGTGT-0	0.088926956	0.3403631	0.028697686	0.36772537	0.048796806	0.022550553	0.0
CTTCTAAAGGCTGTAG-0	0.115222506	0.0	0.032072645	0.59510475	0.30218923	0.0	0.0
GTAGCTACAGATCATC-0	0.28747767	0.5058339	0.04073948	0.06326601	0.0	0.03338157	0.0
CGGGACTGTGATACCT-0	0.41665572	0.8890511	0.0	0.0	0.016026093	0.0	0.0
CCACAAAAGGCGTTAG-0	0.08333105	0.7129102	0.0	0.2427523	0.06030247	0.0	0.03972841
GATGGAGGTCCAAAGG-0	0.39132926	0.23719855	0.0	0.30913362	0.007428882	0.025728617	0.025911499
GCTACCTGTCGTCATA-0	0.26761392	0.32509598	0.15683794	0.29624784	0.03381936	0.13584588	0.004838732
AACTTCTTCCAGTGTA-0	0.50058955	0.52123547	0.06761545	0.03951239	0.0	0.0	0.0030785939
GTTGCGGCACCAAAGG-0	0.3653823	0.4868663	0.17973079	0.1532853	0.19159517	0.0	0.019099537
CCTTTGGGTATGACAA-0	0.2674439	0.46805125	0.09477429	0.13633709	0.111082844	0.0	0.0
CGCCAGAAGTCGGGAT-0	0.5798783	0.60328627	0.0	0.0	0.0	0.0	0.0
GACCCTTTCAAGGCTT-0	0.36378035	0.0	0.108548746	0.7100591	0.048068278	0.049748175	0.0
CGCATAAAGTACGAGC-0	0.0	0.7791201	0.072049126	0.12518537	0.0	0.0	0.0
TCAAGCAGTTGCTAGT-0	0.23955363	0.555422	0.04593183	0.065876946	0.10093037	0.01004644	0.022794347
TGCAGGCGTCCAGAAG-0	0.6325551	0.39870703	0.0	0.11360484	0.0016641817	0.027996164	0.0060573313
GGGATGAAGGGATCAC-0	0.0	0.22606383	0.38718355	0.105215915	0.08470609	0.21506482	0.0
ATTCACTCAAATTGCC-0	0.57800627	0.5878618	0.0	0.018223474	0.010829453	0.063385	0.0
ACAGGGAAGAAGTCAT-0	0.1302455	0.42282483	0.0679666	0.47818005	0.072299995	0.014032265	0.016276991
GGGCTCAAGCACGTCC-0	0.0	0.0	0.0	0.17790274	0.032857545	0.0	0.9482569
CCTTCAGCAAATTGGA-0	0.0	0.059166342	0.05084685	0.0	0.81014764	0.0	0.0
GGAAGTGTCGAAGTGG-0	0.78115445	0.12705378	0.0	0.1012105	0.09147919	0.0	0.0076548588
TGAGGTTGTCGGTACC-0	0.045337368	0.59853196	0.14107272	0.07192975	0.07305485	0.026185675	0.010811871
TCCAGAAAGCTACGTT-0	0.3484337	0.2902795	0.0	0.51072395	0.02396007	0.05017539	0.0026189021
CTCAGTCAGAGTCAGC-0	0.30034295	0.7961164	0.0	0.08275212	0.0	0.0	0.050217904
CATCGGGCACGGCACT-0	0.22663985	0.211042	0.22394446	0.24898168	0.17336407	0.0	0.0
TCCGATCAGGCTTAGG-0	0.6431491	0.2091204	0.05193382	0.10593348	0.0	0.0	0.016184822
AATGACCAGTAACAGT-0	0.3722204	0.6929036	0.0	0.0	0.0	0.06933359	0.0
GACATCACACATACTG-0	0.3799854	0.5691957	0.0	0.0	0.04085204	0.0	0.0029086838
TCTATACAGCGGTAAC-0	0.31714258	0.6555196	0.0	0.03833206	0.023491992	0.015511268	0.0
TACGCTCCATTCACAG-0	0.7722648	0.22672883	0.0	0.31775653	0.010226651	0.053294457	0.023586836
CCGGACAAGCCATTTG-0	0.3413448	0.35756078	0.0	0.16312155	0.016142791	0.0	0.034680054
TCCTAATTCAGGACAG-0	0.2918189	0.53158927	0.0	0.10950891	0.006706114	0.05239555	0.0
CTCTCAGGTGACATCT-0	0.40140688	0.45830452	0.0	0.05848059	0.026498822	0.0	0.0
TCATCATCAAATACAG-0	0.2899425	0.48898295	0.0	0.2544537	0.0028358223	0.0	0.014776076
AAATGGAGTCTTGCGG-0	0.051437665	0.24530245	0.1429998	0.18184254	0.3431629	0.0	0.0
CGCGTGAAGTCATAGA-0	0.0	0.19899529	0.43833095	0.3105452	0.09931967	0.0	0.0
ACATGCAGTGGATTTC-0	0.51368725	0.072647035	0.0	0.35330322	0.016551005	0.024531517	0.0012756778
ATGCATGCATAACGGG-0	0.11984345	0.55101985	0.16091569	0.21638466	0.08248967	0.0	0.0029748706
CGATCGGTCGTACCTC-0	0.64511615	0.4315291	0.0	0.0	0.0	0.0	0.0
CTCCGATAGACAACTA-0	0.23728153	0.3980382	0.0	0.54400617	0.07532062	0.02992021	0.0
TTTGGTTTCTGGAGAG-0	0.29061654	0.61568934	0.03915165	0.08047303	0.029049994	0.0	0.011713412
AACTTCTAGACTTCAC-0	0.9721669	0.20923246	0.0	0.0	0.0	0.0	0.0
GGGCTCACACACAGAG-0	0.049234744	0.22140189	0.114620924	0.4148486	0.032601386	0.016822679	0.0
GACCGTGTCGCCTTTG-0	0.52294856	0.21152388	0.018347045	0.023273047	0.023020068	0.0	0.0
ACAAAGAGTGGTTCTA-0	0.21103945	0.46195143	0.116621025	0.048703685	0.041364077	0.033318058	0.0
TTCATGTCAACGTATC-0	0.0	0.73535824	0.09926249	0.08249849	0.039959498	0.0	0.004317187
CTCCTTTCATCAGCAT-0	0.5079516	0.6907283	0.0	0.0	0.019437972	0.01157139	0.0
CCGGTAGGTGATGGCA-0	0.17603758	0.4567014	0.19588155	0.10195218	0.0	0.047177482	0.059499063
TGGTAGTAGTCTTGGT-0	0.34372658	0.6215966	0.0	0.0	0.0	0.0	0.0
CGAGTTATCTGCATAG-0	0.26450393	0.3759019	0.03533835	0.10663115	0.0	0.035749346	0.0
GGTCTGGTCTTGGTGA-0	0.36967263	0.24313983	0.038940888	0.15227568	0.055820912	0.12480534	0.0
GACCCTTAGGCTCCCA-0	0.98492664	0.040003847	0.0	0.14275251	0.0	0.0	0.0
TTCATTGGTTTGGAGG-0	0.40755084	0.21909007	0.0	0.24351652	0.16013737	0.042625543	0.0
CATGGTAAGACAACAT-0	0.3738222	0.29269043	0.0070481068	0.14668162	0.03258293	0.0	0.0
GACCAATTCTTGGGCG-0	0.09701072	0.44340593	0.059312783	0.3276125	0.0819471	0.053383667	0.004666829
CGAAGGAAGAATAACC-0	0.36404794	0.58371645	0.0	0.073060185	0.0	0.122037046	0.05231396
TCGCTCAGTTCCTAGA-0	0.17011496	0.4388647	0.0583289	0.18809158	0.035545703	0.0	0.0035045275
AGATAGAAGCTCCGAC-0	0.2285226	0.22028463	0.048956413	0.07902744	0.011439143	0.0	0.0
GTTAGACAGACTGAGC-0	0.16251086	0.619566	0.0	0.29309294	0.012356742	0.0	0.0
GGGAGTACACTTTAGG-0	0.20580344	0.32577163	0.19666024	0.12143832	0.11921072	0.036889013	0.0
GACCTTCTCTCTAGGA-0	0.24258275	0.27610072	0.0	0.22279267	0.09669234	0.0	0.0
GTAGTACAGCATCCCG-0	0.31407943	0.18259867	0.0	0.56152916	0.0	0.17071961	0.0
AAACGCTAGAGCCGAT-0	0.45000598	0.20747183	0.003770971	0.083626494	0.000644536	0.0	0.0
TCACAAGGTACAGTAA-0	0.37884104	0.3383899	0.0	0.41033447	0.047916573	0.002301981	0.063258044
TCATATCAGGGCTTCC-0	0.59918725	0.38807967	0.0	0.0	0.0	0.05883716	0.0
ATCCGTCGTACTGAGG-0	0.23866075	0.46741584	0.086510964	0.016776968	0.015827306	0.027270148	0.025553955
AGGTAGGAGGTCCAGA-0	0.34990856	0.33122152	0.0	0.23579685	0.0	0.069323145	0.005463561
CAACAGTCATAGACTC-0	0.49137926	0.37919378	0.0	0.120724715	0.0	0.0	0.26719108
CGTAAGTCAGTGGGTA-0	0.4384268	0.37707967	0.041395344	0.0	0.037930302	0.016145332	0.0066860374
TCATGAGAGTTTCGAC-0	0.48018634	0.47825244	0.0	0.20666292	0.055398338	0.052289724	0.0
GTGGGAACATGTAACC-0	0.0058352025	0.7909217	0.027970223	0.019631619	0.0	0.0	0.0
ACCTACCAGTCGCTAT-0	0.27744362	0.5099162	0.028348723	0.18731034	0.034346618	0.0	0.0
CATTGTTGTGTGACCC-0	0.35206506	0.68753195	0.0	0.0	0.0	0.0	0.0
AGTTCCCTCTGATGGT-0	0.087488554	0.4740187	0.027835017	0.067783795	0.00033620017	0.0	0.0
CAAGGGACACAGTCCG-0	0.042507958	0.49083012	0.08602226	0.31683522	0.077837914	0.0012938977	0.009008765
TTATTGCTCAAGCCAT-0	0.58827406	0.33005154	0.0	0.0	0.0	0.0	0.0
ACGATCAAGGCATCAG-0	0.1336668	0.37078348	0.0	0.049556717	0.0	0.0	0.057603773
TTTACGTTCGATACGT-0	0.0	0.2571878	0.36506942	0.114619754	0.2969519	0.0	0.0
AGGCTGCGTCCTATAG-0	0.082173795	0.49337357	0.15792143	0.11974845	0.0	0.11809745	0.0
GTCGTAAAGATTGTGA-0	0.5393061	0.22988714	0.0	0.27632347	0.05555366	0.0	0.0
GTAGAAATCTCAACCC-0	0.14798811	0.49001166	0.038903315	0.16437246	0.051929403	0.0	0.0
TCGGTCTAGCGGCTCT-0	0.20140672	0.37825066	0.039767798	0.023219347	0.0	0.0035590804	0.0
AGATGCTTCTTCTGTA-0	0.36464646	0.6411107	0.0	0.0	0.034501355	0.08801268	0.0
GGACGTCGTCTCAAGT-0	0.43973085	0.4703266	0.029985301	0.10869817	0.07275613	0.0	0.056787662
ATCTCTATCCTCTCGA-0	0.17009386	0.28150338	0.09521472	0.09169545	0.008295912	0.0019769436	0.011345484
TCCACCAGTGCCTAAT-0	0.32877856	0.45101658	0.028405448	0.114049315	0.011966275	0.0	0.008069048
AGGTGTTGTCATAGTC-0	0.5098618	0.5770336	0.0	0.0	0.0069218404	0.018037247	0.062239587
CAACGGCCACTCTAGA-0	0.0	0.18963237	0.066623054	0.88689893	0.101578295	0.0	0.0
TGACAGTCAAGTTGGG-0	0.3865014	0.6112062	0.0	0.043396	0.059868325	0.020133937	0.016213728
CCCGGAACAGCCTACG-0	0.07371267	0.5427139	0.23185268	0.1078393	0.018300213	0.00477989	0.0
TGAGGTTAGCTCCATA-0	0.32129854	0.6763857	0.0	0.0	0.073959365	0.12861586	0.024101937
AAGTACCCATGTACGT-0	0.49813953	0.2423457	0.0	0.12033302	0.061787356	0.04193341	0.0
TTAGTCTTCTGGGATT-0	0.47184223	0.2576356	0.0	0.15856127	0.008986101	0.0	0.0
CTACGGGTCCGTGTAA-0	0.5565364	0.062398855	0.03206641	0.011927865	0.20367408	0.023263194	0.0
ACTTTCACAACCCTAA-0	0.3052746	0.6416063	0.0069089425	0.08393415	0.026324091	0.0	0.019795977
ACGATCAGTCGCATCG-0	0.3824038	0.55204064	0.0	0.0	0.0672737	0.0	0.0061680763
GTGCTGGTCACTGGGC-0	0.26775047	0.6079834	0.0	0.18700223	0.03497453	0.0	0.04656345
GAAACCTAGATGTAGT-0	0.0	0.47628275	0.196605	0.12468313	0.0684719	0.013027441	0.0
GTGCAGCGTTCTAACG-0	0.0	0.16200706	0.0	0.0	0.0	0.0	0.8333822
CATCGTCGTTGCACGC-0	0.5988743	0.24281743	0.0	0.23382434	0.06994938	0.015377864	0.008741285
GATGAGGCATACAGAA-0	0.54364616	0.36114934	0.0033676354	0.0	0.0	0.022377785	0.0
ATGGTTGGTAGTCTTG-0	0.42162827	0.5003543	0.0	0.15537082	0.04872741	0.04695955	0.00039851916
CATAAGCGTATTGCCA-0	0.10888938	0.98451734	0.0	0.13165967	0.026853027	0.039539523	3.0826632e-06
TGGATGTAGGTGCATG-0	0.25543478	0.19314489	0.0	0.6795618	0.078368135	0.0	0.021598114
CAAAGAATCCACGTAA-0	0.38254008	0.27040863	0.103879526	0.19042382	0.0903328	0.03729908	0.16076125
GAATCACAGGAAAGTG-0	0.32346967	0.47531286	0.10815898	0.065743916	0.13305366	0.018573133	0.018901585
GCGGATCCACTCAAGT-0	0.0	0.37988803	0.20976515	0.15447599	0.37904236	0.038959287	0.019366281
TACCGGGTCACGTAGT-0	0.37343478	0.77215225	0.0	0.0	0.0115072625	0.12594484	0.0
TGCATCCTCCGTCCTA-0	0.4994788	0.56011844	0.0	0.045796603	0.0	0.04907327	0.0010630224
TACAACGGTGGGAGAG-0	0.40816748	0.32135046	0.0	0.0	0.48983514	0.07459228	0.0078018736
TCCTCCCTCCTCACCA-0	0.22731838	0.49540022	0.0	0.07218239	0.0	0.030685447	0.0
CTGTGAATCCTCGATC-0	0.0	0.4208721	0.07988185	0.3571891	0.0041751456	0.0	0.0
CTAGACACAATTCGTG-0	0.4601596	0.5604294	0.0	0.0	0.0	0.0	0.022176456
GTATTTCAGGAACTAT-0	0.55392736	0.16286202	0.066557325	0.31894374	0.10724988	0.0004357119	0.034815453
GGTTAACGTAGCTGTT-0	0.36900613	0.47677824	0.0	0.2031731	0.0	0.110558875	0.0
ATCGGATAGACCAGAC-0	0.29222104	0.5077985	0.0	0.15831982	0.0	0.028772796	0.016723713
GGTGATTGTATGTCTG-0	0.0	0.60496503	0.04338929	0.24832524	0.0	0.034883257	0.0
ATAGACCTCCTCACGT-0	0.6564465	0.36364874	0.007660334	0.0	0.0	0.0	0.0
AGACACTCAGACGCTC-0	0.10827994	0.3198396	0.25269765	0.17484346	0.05516119	0.1035698	0.0
TATCCTACACCAGCGT-0	0.1809905	0.60183394	0.0	0.25237912	0.0	0.0	0.022462716
CCCTCTCGTTCTTAGG-0	0.2903572	0.35169372	0.0064562447	0.2940533	0.048999473	0.0	0.0
TCTATACGTTGGGTTT-0	0.42053774	0.23093998	0.07544113	0.006764144	0.046809334	0.0073423386	0.0051536937
TACCTCGCAACTTGCA-0	0.9854187	0.0	0.0	0.15759267	0.15559854	0.0050478675	0.068476126
GCCAACGCAGCTCTGG-0	0.62064946	0.37409097	0.072017714	0.05373602	0.0	0.0	0.0014819785
TCTCCGACATCCTCAC-0	0.20717406	0.19764088	0.05019796	0.72270787	0.052718993	0.0	0.0
AACCAACAGGTAGGCT-0	0.4186819	0.16263546	0.1843363	0.13538598	0.034262855	0.0	0.034250963
ACGGAAGGTGATGGCA-0	0.20420526	0.3363269	0.037832994	0.20780145	0.048527226	0.0040947106	0.0
TGAGTCATCGGACCAC-0	0.049328674	0.5298071	0.0	0.0	0.43367177	0.05707269	0.018523442
GCCAGCACAGCTACCG-0	0.2929912	0.4364015	0.0	0.19091108	0.01631949	0.029517682	0.0
GCTGGGTCATGATAGA-0	0.077814914	0.90012014	0.16816117	0.0	0.08810522	0.04551874	0.0065346896
CCCTCAAAGATCGGTG-0	0.52596724	0.36146465	0.0047881203	0.044471733	0.02336395	0.10442934	0.0
TAGTGCATCTCATTTG-0	0.1465367	0.30488846	0.045585833	0.17083266	0.3206418	0.0	0.0
CGGACACCATAGTCAC-0	0.12591206	0.2786121	0.13311258	0.6486455	0.0016642234	0.0	0.0
CAAGCTATCCGAGAAG-0	0.16666731	0.33699256	0.099250406	0.49718508	0.089250684	0.010622906	0.004357825
AGTACTGCACAACGCC-0	0.40052757	0.6669521	0.0	0.0	0.013088949	0.0	0.0
AACGTCAGTGCTTCAA-0	0.49706116	0.5544597	0.0	0.0	0.083583504	0.0	0.0
ATTCCTAAGTTGCCTA-0	0.23541486	0.25395614	0.08235764	0.14728384	0.04271442	0.0023926806	0.008111868
GAGTTGTGTCACCGCA-0	0.25349897	0.14949445	0.10833096	0.29726288	0.079646245	0.0	0.0040112296
AGTGACTAGGCCACTC-0	0.5591219	0.122094676	0.09374765	0.2022851	0.0	0.0	0.0
TATCTTGAGGTTATAG-0	0.28658885	0.4937792	0.13825935	0.0	0.0	0.014831885	0.006736922
TCTGTCGCAACCGGAA-0	0.3396482	0.0	0.24636333	0.15097095	0.065328345	0.07127823	0.02388193
TTTACTGAGGAAAGGT-0	0.34736612	0.38114554	0.0	0.45557404	0.0	0.11935515	0.0
CTCCAACAGGAACGTC-0	0.31598982	0.46256614	0.0	0.13683124	0.038514927	0.0	0.0
CAGCAATCACGGTAGA-0	1.0220011	0.21849337	0.0	0.083459176	0.0	0.0	0.0047502723
CGTGCTTCATGACTTG-0	0.32403395	0.08134956	0.0	0.53480273	0.06424869	0.0	0.0
TGGGAAGAGCCTGGAA-0	0.441555	0.605737	0.0	0.0	0.0	0.0	0.009198982
GTATTGGAGCAGGGAG-0	0.65446377	0.45742533	0.114350714	0.0	0.0	0.1141925	0.0
CACTGAAAGTCCTACA-0	0.34181926	0.2605477	0.024135785	0.3105139	0.01701925	0.008647583	0.017898489
AATGAAGAGTTCCTGA-0	0.33707258	0.6436504	0.0	0.0	0.0825663	0.0	0.0016332343
TCGATTTAGACCAGCA-0	0.31120038	0.26460212	0.04482243	0.3835485	0.13262527	0.087627225	0.008706415
ATGGATCTCGAGCCAC-0	0.0	0.60442233	0.13481858	0.0538089	0.0071714744	0.0	0.0
TTCCTTCCAAATGAGT-0	0.10738808	0.0	0.7041894	0.0	0.19186786	0.33488494	0.0
CTGTACCAGCTCCACG-0	0.0	0.14934374	0.0542819	0.04773437	0.79096544	0.10576383	0.0
GTTCTATAGCAGGTCA-0	0.090295374	0.23354468	0.25422004	0.290326	0.07502165	0.022374967	0.0
TCCATCGTCTGAGGTT-0	0.7315006	0.2989876	0.0	0.044793293	0.0	0.0	0.0274522
GTAGCTACAGTAACAA-0	0.44126174	0.6047747	0.0	0.0	0.032636832	0.0	0.0041695847
TGCTGAATCGCAGAGA-0	0.32695124	0.49965402	0.0052396036	0.036484957	0.062772185	0.0	0.017784933
AGGCATTGTTACCCAA-0	0.4274053	0.50568324	0.0	0.0	0.0	0.021156425	0.03206474
CTGATCCGTCGCTCGA-0	0.36996064	0.15849906	0.15226318	0.038520515	0.0	0.03220895	0.053882916
ATACTTCAGGCGCTTC-0	0.36180368	0.35424614	0.0	0.10099393	0.2230326	0.0	0.0
GATAGCTCACAGTCAT-0	0.7592286	0.39377135	0.0	0.047786806	0.0144711025	0.0	0.0
TTACAGGTCCAGTGTA-0	0.0	0.0	0.21745285	0.5946472	0.1105919	0.0	0.0
CGTAGTATCCGTGTAA-0	0.0	0.0	0.49905398	0.41125822	0.2714254	0.027493374	0.0
ATTTCTGTCACCTCAC-0	0.10907177	0.8995719	0.0	0.029002532	0.024922764	0.02574543	0.0
ATCGGCGGTCTGTGAT-0	0.41062608	0.21417023	0.0	0.0	0.29901454	0.0	0.011974183
AAACCCATCGCTAAAC-0	0.06787981	0.23906039	0.04031786	0.556522	0.034875978	0.014445594	0.0
CTTCTCTAGCTGTACT-0	0.1179862	0.008413973	0.49623972	0.040016666	0.18817112	0.0	0.0
AGGGAGTCATAGCACT-0	0.11858001	0.7041265	0.11397684	0.034640685	0.0010334445	0.089048184	0.0
GATTCTTAGAGAATCT-0	0.6399936	0.13990249	0.06001658	0.0006580194	0.07909511	0.054175068	0.0
TGACGCGCAACCAATC-0	0.3760179	0.22145076	0.026936414	0.02470258	0.0	0.0	0.0
TGAGACTCAAGGTACG-0	0.0	0.0	1.0393592	0.07785017	0.124583855	0.073100656	0.0
GGCTTGGCACCCAAGC-0	0.67365855	0.31047097	0.0	0.0	0.0	0.0	0.0
TGTAGACTCTTGGGCG-0	0.0	0.36156067	0.28316104	0.05684722	0.0059099165	0.0	0.0
TGACAGTCACAACGAG-0	0.123637505	0.11478278	0.26006466	0.046426896	0.0893207	0.0	0.0
GATTCTTCATGCCATA-0	0.62769026	0.13935803	0.03825798	0.21711133	0.022270225	0.009498527	0.017989503
CCACGAGAGATGCAGC-0	0.39225128	0.4136077	0.023767177	0.19600204	0.042901743	0.027992794	0.006850259
GTCTGTCCAGCCCAGT-0	0.26731527	0.39776105	0.05874242	0.12633725	0.0	0.0	0.0
GGGTTTAGTCGGAAAC-0	0.47356218	0.3280173	0.0	0.14402638	0.08519758	0.0882028	0.0
TCTCTGGTCGCTTGAA-0	0.0	0.0	0.0	0.0	1.1846244	0.0	0.0
AGGTGTTGTGGATACG-0	0.54346144	0.4496473	0.0	0.039233737	0.0041062054	0.0	0.0
TCACACCGTGCAGATG-0	0.31468347	0.44367492	0.09360032	0.20042723	0.008139348	0.0	0.02734001
AGGCATTGTTCCGCAG-0	0.011432816	0.38214627	0.15685509	0.15142283	0.056610886	0.0	0.0
CGGACACCAGCAAGAC-0	0.09331715	0.31460813	0.0928321	0.52712363	0.043535165	0.0	0.0016856856
AGAGCCCAGGAACATT-0	0.22256161	0.30897057	0.18468271	0.06563775	0.012788606	0.0	0.0
AGGCATTAGCTAAATG-0	0.10793819	0.39354262	0.0	0.2879295	0.0	0.0	0.0
CAGATCACACTATGTG-0	0.3393079	0.5579062	0.0	0.113986276	0.0	0.0	0.031247193
TACACCCCAAACCACT-0	0.52215743	0.62561876	0.0	0.0	0.16185115	0.029009683	0.005850829
AGTAGTCAGGGCTAAC-0	0.0	0.1133201	0.14844376	0.5544361	0.22482015	0.046694554	0.0
GAAGCGACATGTCGTA-0	0.63208073	0.6084763	0.0	0.0	0.10355687	0.011360014	0.0
CAACAACTCTCTAAGG-0	0.17083438	0.49948537	0.050014824	0.08469072	0.028812993	0.051474392	0.0
CTCAACCCATCCTAAG-0	0.0	0.2995819	0.46806183	0.40853634	0.03617645	0.0	0.0039082933
CTCGAGGTCTCTCCGA-0	0.0	0.45827317	0.49862403	0.11789997	0.05029492	0.008877207	0.026286047
TCATTACTCCAGCTCT-0	0.40645748	0.10286766	0.12105031	0.27988273	0.023533192	0.00949797	0.0
CAATGACTCGGCCAAC-0	0.2426945	0.602544	0.0	0.05643837	0.02599759	0.018085264	0.025511565
TTCTCTCAGAATTTGG-0	0.24898311	0.60975695	0.13131209	0.0	0.047038443	0.050199687	0.0
GTGGGAATCCGCAGTG-0	0.50752145	0.6004435	0.0	0.06635559	0.1032557	0.0	0.027818244
AGTGTTGCACTATCCC-0	0.32405603	0.7040819	0.0	0.0	0.0029673502	0.0	0.0
CTGCAGGGTGTACAGG-0	0.10134556	0.39479038	0.049081724	0.02357247	0.00897857	0.0	0.0
TTTGACTAGCCATTTG-0	0.22915414	0.3183917	0.0019662082	0.48531574	0.010998099	0.0	0.03315733
ACCAACAGTAGTGCGA-0	0.028798888	0.55054396	0.046552744	0.27154377	0.11797607	0.012430315	0.0
CCTATCGAGTCTCCTC-0	0.09530116	0.3121575	0.1491813	0.16773596	0.096155725	0.0	0.09295396
CGTGAATAGTACTGTC-0	0.5077972	0.14193156	0.0	0.10207505	0.0	0.0	0.07021367
CCGTTCACAACTTCTT-0	0.19211382	0.25961736	0.09839531	0.116404854	0.0033125994	0.0	0.0
CACAGATGTCGACTGC-0	0.2454699	0.24499644	0.0	0.0	0.0	0.0	0.60116744
CTAGGTAGTGCTTATG-0	0.05814286	0.0	0.095506996	0.8085057	0.2733856	0.0	0.016096637
CCTGCATCATCCGCGA-0	0.23283514	0.60912144	0.0	0.2854864	0.011210899	0.0005770493	0.0052210446
GATGATCCAAAGGCTG-0	0.28278112	0.43521032	0.0	0.16970761	0.09649939	0.07792518	0.0
TTCCAATAGCACGTCC-0	0.12570556	0.24199986	0.3625166	0.1867342	0.024166912	0.0	0.0
CTTAGGAGTACAAGCG-0	0.0	0.09561563	0.48343828	0.1874568	0.09404173	0.05987642	0.0
GTGCACGTCGTAGCTA-0	0.9903792	0.13055372	0.0	0.0	0.0	0.0	0.0
CTGTACCAGGGACTGT-0	0.0	0.2743233	0.15623868	0.5674404	0.18860604	0.058911193	0.0
CTGGACGAGACTTCCA-0	0.09609253	0.49332184	0.0	0.055325974	0.011696461	0.011237996	0.010026525
AAGGTAAAGAGAGCAA-0	0.04634248	0.40926895	0.08792205	0.35777804	0.06349776	0.0	0.0
AGCGATTAGCTAATCC-0	0.1814811	0.14206558	0.14271098	0.614021	0.050953817	0.0	0.012190226
TCGCAGGGTGGCATCC-0	0.2730615	0.39510205	0.0	0.094178624	0.17760229	0.0	0.0033447584
CCACCATTCTACAGGT-0	0.5170641	0.5339629	0.0	0.0	0.012570174	0.0	0.0
TCACTATTCGCCGAAC-0	0.20840865	0.60061973	0.18570425	0.09755509	0.16615924	0.085155636	0.0
TCCTCTTCACGGTGCT-0	0.058893684	0.45597798	0.21397401	0.16361444	0.12923011	0.05804353	0.0
AGCCAATGTATGGTTC-0	0.0	0.21058372	0.36417347	0.5772618	0.0	0.013820145	0.0
CTGTGGGAGACCAGAC-0	0.88542867	0.38354334	0.0	0.0	0.08545628	0.0	0.0
TGATGGTCATCGATAC-0	0.0	0.3255796	0.0033737654	0.5927946	0.0	0.0	0.0
TGGAGAGTCCGGACGT-0	0.5708515	0.65683466	0.0	0.0	0.12129007	0.033187848	0.0045477
CTTCTAAAGCTTGTGT-0	0.16214941	0.5980063	0.10834878	0.053521745	0.016685743	0.06525713	0.033531602
TAACACGCAATTCGTG-0	0.463358	0.6710767	0.0	0.0	0.041928373	0.054113865	0.0073818336
AGGTGTTTCCATTCAT-0	0.14683473	0.49984887	0.15642898	0.11358977	0.122033	0.08997576	0.04221462
GTTGTAGCACGATTCA-0	0.7133859	0.06551189	0.0	0.0	0.0	0.0	0.6636411
CCCTAACGTTCCGCTT-0	0.44190234	0.6014584	0.0	0.027967177	0.046905305	0.0803799	0.020761777
CCGGTAGCAGACCTAT-0	0.33184764	0.3771209	0.0	0.28688052	0.0	0.0	0.0
CATGGATCAAATGCTC-0	0.121883035	0.5337613	0.0	0.4241292	0.013202707	0.0	0.2088352
TCGTGGGAGCTGACAG-0	0.13086	0.70996886	0.00950569	0.23099671	0.012216276	0.0	0.0
ACTATGGTCTTGGATG-0	0.20304886	0.46816352	0.016592085	0.26224715	0.062683746	0.006337838	0.1252462
GGTCACGGTATGCGTT-0	0.0	0.0	0.0	0.016854992	0.32914653	0.6909403	0.1334156
GCCAGCACAATAAGGT-0	0.0	0.24121661	0.5060054	0.2613266	0.21910246	0.006162924	0.0
CGTTCTGAGGAAGTCC-0	0.39712757	0.68410623	0.0	0.09279695	0.0	0.0	0.018322272
AAGCGTTAGGATTTCC-0	0.67411727	0.37154695	0.0	0.003923154	0.0	0.0	0.0
GGGTTTACACTGATTG-0	0.528705	0.29408967	0.016812732	0.15236582	0.0	0.0	0.0
GTTACGACACTGAATC-0	0.09267513	0.37675345	0.12264093	0.064029515	0.12799633	0.049637116	0.0032413052
GCCATGGGTCCAACGC-0	0.117410436	0.0	0.2999087	0.1742432	0.035579547	0.0	0.015284227
TGTCAGACAACCGCCA-0	0.2472582	0.44288117	0.045438148	0.17823166	0.017253207	0.0	0.00296931
ATTACTCTCGTCCTTG-0	0.080478415	0.30581507	0.10710171	0.24398613	0.0	0.0	0.0045617125
AGTACCATCCTTCAGC-0	0.03601607	0.18951765	0.12909804	0.6356898	0.06820539	0.18703306	0.0
TCATCATCAGAAGCGT-0	0.059579723	0.80013555	0.15043028	0.040697265	0.034157034	0.067014635	0.013614867
CTCTCGACAAGCTGTT-0	0.15853289	0.1631595	0.21716532	0.10528004	0.12278317	0.12767471	0.0
TCTCAGCTCCTGGGAC-0	0.14901197	0.5409326	0.0	0.2761227	0.01718047	0.0	0.0043875743
ATGGAGGAGAGAACCC-0	0.9645591	0.30764845	0.0	0.0	0.0	0.0	0.0
GTTAGTGGTATCCTCC-0	0.016224103	0.09111341	0.38863474	0.0	0.34190288	0.0066891457	0.0
CCTTCAGCAGCTCATA-0	0.6123355	0.2846527	0.0	0.010452576	0.049064625	0.017730461	0.0
CCGGACACAGAAATTG-0	0.3645386	0.5904009	0.0	0.0	0.008792679	0.0	0.0
AGAAATGAGTAATACG-0	0.33836758	0.4078229	0.026790474	0.36321467	0.016970439	0.016187254	0.0
CATCCACGTATCCTTT-0	0.12462586	0.27203104	0.14433122	0.3643521	0.042026415	0.0	0.0
ACGTAACAGCATCAGG-0	0.26094195	0.7756124	0.0	0.028640043	0.0	0.0	0.0
TCAGGGCCAAGTGCTT-0	0.22959368	0.42695963	0.06732518	0.0573296	0.01521832	0.022942105	0.005958927
AACACACCAACGGCCT-0	0.4057913	0.12519042	0.10702127	0.34639862	0.0	0.05042937	0.0040285666
ATCTTCAGTTCGTAAC-0	0.06998855	0.35982907	0.17967883	0.4106606	0.04730913	0.0	0.0011673012
GAGTCATCAAGCCATT-0	0.0	0.5761482	0.049773447	0.19488578	0.0	0.0	0.016869081
TCCTTTCTCAAGTGGG-0	0.94682455	0.027505128	0.0	0.03878844	0.026545582	0.01395458	0.0
GTGTCCTTCACGGGCT-0	0.515681	0.0	0.07946181	0.089263454	0.0115685845	0.075062044	0.008684803
CAGCAATAGTTGCGAG-0	0.3671348	0.5490636	0.04221883	0.0811178	0.071464166	0.0	0.014166434
CTCCCAAGTAACCAGG-0	0.32208744	0.051469423	0.0	0.56755877	0.1065871	0.10505049	0.0
TTAGTCTGTTCCACGG-0	0.14468455	0.17014864	0.28295988	0.23268205	0.0	0.15078452	0.0
AATGGAACACCACATA-0	0.09719857	0.5732013	0.09529865	0.34071875	0.08695162	0.022762854	0.01656064
GAATCACCAGCTGTAT-0	0.5464928	0.12553562	0.0	0.26812592	0.08298161	0.08969124	0.0
ATGAGTCTCCTTATCA-0	0.21008708	0.58725435	0.0	0.17605618	0.0	0.0	0.0
AGTACCAAGTACAGAT-0	0.07572591	0.27429086	0.1375532	0.07588528	0.20319085	0.0	0.026280567
CTCAACCGTGGTTTGT-0	0.54173595	0.4901482	0.0	0.0	0.04795993	0.0	0.0
TCAGTCCAGCCATGCC-0	0.24158415	0.54464996	0.0	0.22761026	0.015862495	0.0	0.0
GGAATCTGTCATGACT-0	0.37679756	0.59988546	0.0	0.06033525	0.0	0.0	0.0
GGTTGTATCCCAGCGA-0	0.0	0.7643079	0.0	0.4839853	0.0	0.0	0.0
AACAAGACAGTAGTTC-0	0.19968416	0.2616727	0.23003466	0.27481577	0.019338038	0.079729356	0.04494618
CTACGGGCAAGGTCAG-0	0.32444018	0.58330476	0.062355015	0.077686906	0.08782921	0.021511089	0.0
AAGTACCGTTAACCTG-0	0.6497676	0.0	0.03918517	0.23897068	0.024335694	0.0	0.0
GCCAGGTCATAAGCAA-0	0.6719978	0.33138093	0.0	0.0	0.0	0.0	0.0
AAAGGGCAGGATACGC-0	0.24545386	0.42870873	0.024894688	0.2577271	0.06329787	0.00032655292	0.009132267
TACCTGCGTACGATTC-0	0.06899332	0.53023595	0.0185663	0.26288432	0.0	0.0	0.012771554
GGTAATCCAGCGTGAA-0	0.23132071	0.7046019	0.023114692	0.0032652535	0.0	0.033817865	0.0
GAGTCATTCAGCGGAA-0	0.09536673	0.3737016	0.080491714	0.39453435	0.05624381	0.027261883	0.03512957
AGAACAAAGGATGGCT-0	0.050113842	0.597854	0.12899649	0.15289323	0.021947378	0.0	0.0
TTACTGTAGAAGAACG-0	0.25635192	0.5016663	0.0	0.038068354	0.0	0.02897264	0.0
AAACGAACAAGCCATT-0	0.5002821	0.44396046	0.0	0.08321717	0.0	0.0	0.12611467
TAAGCGTAGAATTGCA-0	1.0201924	0.058308665	0.0	0.0	0.018241333	0.020741	0.0
CGCCAGAAGTTTGAGA-0	0.30588034	0.24919473	0.0	0.36044338	0.0	0.0	0.012980925
TCTACCGAGTTCGGTT-0	0.019039875	0.0	0.32609522	0.0	0.12372598	0.0	0.5065331
CTACAGACAATTGGTC-0	0.55631566	0.2622015	0.0	0.0	0.05393727	0.0	0.016595244
GTACAACAGTAAACGT-0	0.3172155	0.42525265	0.0022561073	0.028378852	0.0013037912	0.033287458	0.0
CTCTCGAGTGGAAATT-0	0.2675049	0.15778345	0.09854224	0.090109594	0.13927607	0.23615122	0.0
CGGAACCAGTCCCTAA-0	0.0	0.0	0.6836389	0.0	0.42620397	0.0	0.015692146
TAACTTCAGTTTGGCT-0	0.26897216	0.8319417	0.0	0.07416894	0.0	0.0	0.0
TGACTCCAGTATAGAC-0	0.3885539	0.22339422	0.041307908	0.25880888	0.0124895265	0.0	0.011436144
ATCCACCAGATAGGGA-0	0.33556092	0.38008684	0.05694715	0.0461144	0.035293452	0.0	0.0041439836
AACAGGGGTGCCGTTG-0	0.5880558	0.27079138	0.1494284	0.10367357	0.022016896	0.010445786	0.0
AGATAGACAAACGGCA-0	0.013384825	0.72941184	0.0	0.34453136	0.014973249	0.2763692	0.0
AGACAGGAGGGTTAAT-0	0.0	0.6162645	0.24179222	0.011477544	0.09763902	0.0	0.0
CGACAGCAGTACCATC-0	0.27128604	0.34774405	0.2419255	0.17903163	0.04280469	0.037643973	0.039795995
TCTGGCTGTAACAGGC-0	0.7400583	0.016178781	0.05269465	0.019757235	0.001093338	0.033858225	0.0
AAGACAAAGAGACAAG-0	0.064782664	0.43446642	0.14775433	0.10224072	0.07681741	0.026950266	0.0
ATACTTCGTTCCTAGA-0	0.30172753	0.60651577	0.0052831834	0.10558466	0.0	0.0	0.0
ACTATCTCAACGCATT-0	0.0005090013	0.60452	0.039143745	0.3659518	0.038710233	0.011538965	0.0
ATTCGTTGTGCCTGAC-0	0.442545	0.22027986	0.1433034	0.26996428	0.0023625565	0.07649328	0.030536419
AGCCACGTCACCTCGT-0	0.26968116	0.13910636	0.16715434	0.20902166	0.063532405	0.0	0.0
TGCTCGTTCGTCCTCA-0	0.0	0.7199418	0.26803404	0.0073166178	0.07521386	0.0	0.00014253621
CTGCATCGTGACAGGT-0	0.5533689	0.4259865	0.0	0.0	0.017620457	0.015223255	0.0
CTTCCGATCCCAGTGG-0	0.08114747	0.42758533	0.0	0.34936476	0.006777757	0.0	0.009391515
ATTCACTCAACCCGCA-0	0.24275143	0.30947986	0.1454598	0.10183604	0.07104974	0.00632317	0.14470473
TATACCTAGCTCCATA-0	0.18233146	0.503161	0.021209652	0.12018029	0.018256208	0.0065065688	0.019477475
GTCATGATCTGAACGT-0	0.30312192	0.43859303	0.09003092	0.044212714	0.0411372	0.060632344	0.0
ATCCATTCACTAGGTT-0	0.47522947	0.5766087	0.0	0.03832839	0.04750969	0.10797576	0.018656258
GAGGGATAGTCTAGCT-0	0.26304045	0.65549845	0.0	0.13446833	0.0	0.0	0.0
TGTCAGATCCACCTCA-0	0.16368876	0.6961386	0.038291	0.07859678	0.0	0.0	0.0056999438
TATCGCCTCTGCAGCG-0	0.5285337	0.58566797	0.0	0.0	0.0521116	0.018384995	0.0
ACCCTTGGTGACTAAA-0	0.117421545	0.66184866	0.048085853	0.060258716	0.017802874	0.0	0.0
AGTTCCCAGCTATCTG-0	0.034100957	0.42700213	0.26712835	0.05761434	0.011509879	0.052270815	0.0
TCTGGCTCACTCTAGA-0	0.26670054	0.3902309	0.0	0.22182277	0.0	0.009101861	0.0
TTCGGTCCAAATGATG-0	0.1472196	0.7693033	0.017067239	0.06470845	0.13131693	0.0	0.015407949
AATTTCCCAACACGAG-0	0.0046646856	0.3601007	0.059772577	0.44858384	0.0	0.0	0.024700359
AGCTCAAGTTACGTAC-0	0.5796157	0.23131528	0.0029709516	0.0010216761	0.0	0.0	0.0
GACCCTTCACCCAAGC-0	0.26927373	0.37657803	0.0	0.06124356	0.14767358	0.0016339801	0.0
GTCACTCCACTGATTG-0	0.18772414	0.3500496	0.16850764	0.24765542	0.007049756	0.07187618	0.00470535
GGTGGCTCAGTTAGAA-0	0.31079292	0.18474445	0.01337655	0.0442958	0.33527383	0.019753871	0.11862867
CCTCATGGTCGAAACG-0	0.013824526	0.18460496	0.092260554	0.28663865	0.35345533	0.12232755	0.0
CATTTCAGTGCCTATA-0	0.06824345	0.40989754	0.122131325	0.21390972	0.032280378	0.055703294	0.0
GCCATTCAGTAACCTC-0	0.1729145	0.351952	0.15432948	0.22022814	0.0	0.03144309	0.0
TCAGCAAAGATGTTAG-0	0.22931898	0.536713	0.0	0.507425	0.015986348	0.0	0.0
CGGGTGTTCAAGTAAG-0	0.10077539	0.19736123	0.07912951	0.2755883	0.22009479	0.0	0.0
TGATTTCGTCAAGCGA-0	0.4302962	0.37639368	0.0	0.0668095	0.013620253	0.0	0.0
TGTGATGCAACGTATC-0	0.25235865	0.56312084	0.0	0.0024177846	0.0	0.014602896	0.0026176039
AGGTTACTCGGTGAAG-0	0.34675056	0.5848543	0.0	0.0	0.031285774	0.0	0.0
GATGAGGTCTTGGGCG-0	0.32587653	0.08105424	0.16888605	0.26952386	0.043268442	0.0	0.023952618
TCATCATCAGCGCGTT-0	0.28461325	0.35166135	0.0	0.23125719	0.033582296	0.0	0.0
GTCATTTCACGACAGA-0	0.2777213	0.40799308	0.0144030135	0.22051416	0.029248964	0.006771668	0.0
CCACTTGTCCATAGGT-0	0.4574689	0.57375395	0.0	0.0	0.067106895	0.00316813	0.0
TCTCAGCGTCGAAGCA-0	0.057729088	0.5925182	0.18328819	0.22768405	0.026339244	0.0031242317	0.0
GGGAGTATCCGAAGGA-0	0.66476077	0.38452417	0.0	0.006384396	0.0	0.0028718913	0.0
TCCAGAAGTCACTGAT-0	0.39550078	0.13727689	0.22765139	0.24707793	0.050486878	0.026948318	0.03771939
GAATCACCAATGGCAG-0	0.012884736	0.0	0.23896435	0.33986506	0.5015406	0.16127087	0.0
ATTTCACAGTCAGCCC-0	0.08045141	0.3865925	0.0	0.45277527	0.0	0.0	0.0
TTGCCTGAGCAGCGAT-0	0.24457365	0.5908598	0.03930798	0.2496051	0.017231863	0.08036915	0.027811997
GTGTCCTTCGGAGTGA-0	0.40956372	0.36170688	0.0	0.007610303	0.02453524	0.0	0.02912026
TTAGGGTGTTTGGAAA-0	0.0	0.0	0.6674905	0.31374502	0.07900545	0.031358078	0.040184185
ACGTACACAAACGTGG-0	0.1010946	0.20378934	0.15582505	0.3147609	0.04328002	0.0	0.026780041
GTGGAGATCACGTCCT-0	0.28713515	0.321963	0.01984667	0.16447777	0.0521492	0.00087046076	1.1795364e-05
CCTTCAGGTAGACGTG-0	0.5189932	0.35082307	0.09657567	0.008447925	0.07771385	0.0015840108	0.09645321
CTCATCGTCACGGAGA-0	0.0	0.5206471	0.3604905	0.13324118	0.14577463	0.025921267	0.020470358
TTTCAGTCAATTGTGC-0	0.5077147	0.69577646	0.0	0.0	0.072802745	0.0	0.0
TCCGAAACATCGTTCC-0	0.5011206	0.17232363	0.0	0.22776738	0.0149715515	0.0	0.0
ACGGAAGCATCCTCAC-0	0.44296777	0.3728953	0.0	0.0862521	0.038746346	0.0	0.010774555
CACGGGTCAGACCTGC-0	0.46419108	0.38318905	0.0	0.0	0.0042802636	0.0	0.0
TAACACGCAATACCTG-0	0.53093565	0.28396243	0.0	0.0	0.0034986273	0.0	0.5064565
GGAGCAATCCACAAGT-0	0.24590309	0.60943747	0.0	0.083442025	0.0	0.0	0.009142894
ATCCCTGTCCTCACTG-0	0.4022934	0.74302566	0.0	0.0	0.0148874	0.047835167	0.026656492
CAATTTCTCATGTCTT-0	0.04572412	0.4030715	0.010565421	0.41437554	0.06016148	0.0	0.021124192
CACGTGGAGTCATACC-0	0.41130567	0.11423435	0.0	0.38443094	0.0	0.0	0.0077430937
AAGCGTTGTCACTCTC-0	0.30269814	0.4252475	0.04971128	0.27640942	0.08148544	0.084179476	0.0
CAATGACGTGGTGATG-0	0.19292258	0.36971882	0.04511495	0.1733514	0.033208556	0.0	0.0
CCGGTGAGTAATGTGA-0	0.34887093	0.57525533	0.00311636	0.108693264	2.3893215e-05	0.03977423	0.0
ATGGAGGTCCTGGTGA-0	0.43398222	0.36534798	0.10534807	0.12573956	0.060433466	0.07479337	0.021506773
CTAAGTGTCATGCGGC-0	0.71521914	0.3003222	0.0	0.0	0.0342819	0.0	0.23497981
GGAGATGGTAACATCC-0	0.5196235	0.45489696	0.0	0.028034413	0.01858867	0.018700385	0.038196806
TTGTTCATCGCACGGT-0	0.0	0.09251243	0.5678566	0.10591781	0.16352904	0.0	0.0
CGAGGCTCATGTTCAG-0	0.14622897	0.42734468	0.05645808	0.170592	0.055243257	0.0	0.030234706
TCGCAGGGTTGGGATG-0	0.0	0.4545017	0.29305083	0.27972916	0.0	0.0	0.0
TGGTTAGGTGAATAAC-0	0.3126632	0.33885896	0.153679	0.19554996	0.08798724	0.017120136	0.061978847
CCACCATTCACTGGTA-0	0.13725393	0.0604572	0.17905365	0.35647067	0.084504575	0.065042056	0.016524069
CGCCAGATCGTAGAGG-0	0.12058236	0.323014	0.17934947	0.02345509	0.10490431	0.045817584	0.025678912
AGTGCCGCATCTGGGC-0	0.2715897	0.51827824	0.0	0.0	0.048712637	0.06090122	0.0
AAGTCGTTCCACATAG-0	0.8572293	0.21262743	0.0	0.0	0.0	0.0121740205	0.0
GGGATGAGTATGACAA-0	0.6295069	0.37606564	0.0	0.17804888	0.0	0.0	0.020252652
TATCTGTAGACCATGG-0	0.5988108	0.18564627	0.0	0.18001214	0.05279087	0.01684766	0.0016177793
CGGAACCCACCTCGTT-0	0.38537508	0.59798837	0.0	0.0	0.01999763	0.06235519	0.030670978
TAACTTCTCACCATCC-0	0.26985544	0.5248231	0.027940646	0.0	0.053947102	0.0426495	0.0
TATCCTATCTTACCGC-0	0.2166448	0.39412805	0.017764661	0.08915737	0.048174676	0.0	0.0
CTGGTCTCACCGGAAA-0	0.0	0.15149887	0.3026356	0.28057858	0.0	0.20735116	0.0
AGGGTTTGTCCAGCCA-0	0.34193045	0.3868418	0.021431858	0.21615297	0.2172384	0.06902966	0.0007883574
GTGGGAAAGAGCCATG-0	0.1584119	0.08329383	0.21486849	0.11774492	0.113416806	0.32622448	0.0
CTCAGAAAGAGCAACC-0	0.5622342	0.11279581	0.05103924	0.23926081	0.0	0.0	0.07339104
TCTTTGAGTCGCTTGG-0	0.29935533	0.4578398	0.015374975	0.13865787	0.04329478	0.024101904	0.0
ACAACCAAGGAACTCG-0	0.3120876	0.49956408	0.0	0.08079861	0.0	0.0	0.0
AGGCTGCTCTAACACG-0	0.23254195	0.23853147	0.2752319	0.16212563	0.0	0.0018073817	0.017221475
TAACCAGTCGCATTAG-0	0.034294195	0.0	0.05870898	0.74980897	0.0407604	0.0	0.143908
GAACTGTGTGAGATAT-0	0.6565728	0.2871449	0.042309776	0.032574978	0.0140661625	0.03827708	0.0
CCGAACGAGATGTTGA-0	0.49538562	0.6600169	0.0	0.0	0.016098194	0.0	0.0
CTGCCTAGTGACTGAG-0	0.5787285	0.34999892	0.0	0.0	0.0	0.0	0.0
GTGGAAGTCGGTCTGG-0	0.23753797	0.33052826	0.09031571	0.1810837	0.110544346	0.039414212	0.0
TTCGCTGTCGTCGGGT-0	0.3103249	0.64396393	0.0	0.0	0.18961069	0.0	0.0
CTCAATTCAATTGCGT-0	0.0	0.18563934	0.16324015	0.38542768	0.122419305	0.1755817	0.03194924
GATTGGTGTCTAGGTT-0	0.18002403	0.5730267	0.039819468	0.1746327	0.0382606	0.0	0.0015571418
GAAGAATTCGCGATCG-0	0.46877995	0.38916278	0.09670557	0.024138242	0.025040071	0.0	0.06658982
GATAGAAGTTCTCACC-0	0.37274063	0.40000284	0.0	0.25455055	0.0	0.0	0.0074010156
TGTTACTCAGTCGAGA-0	0.4777653	0.03544776	0.011354745	0.28775066	0.0	0.0	0.023264255
GTCATTTTCGACCATA-0	0.23221312	0.38777614	0.068849966	0.03211217	0.026454147	0.024793273	0.0
ATTTCACCACAGTACT-0	0.3447538	0.24636242	0.057458214	0.2831561	0.11646459	0.046915192	0.019199234
CTATCTAAGCTCTTCC-0	0.24980392	0.0	0.28351673	0.26604784	0.03373709	0.0	0.033632
AACAAAGGTGTACGCC-0	0.23024432	0.44536147	0.13235694	0.16114822	0.052902617	0.023765963	0.030366829
GCCCAGAAGGACAGTC-0	0.0	0.0	0.5466454	0.20668405	0.09062642	0.251515	0.0
AGCGATTCAGGCTATT-0	0.26027432	0.07978953	0.13731217	0.36220652	0.19513658	0.13934192	0.016695911
GAAGTAAGTAGTGGCA-0	0.008151075	0.574725	0.17434989	0.07637928	0.0078575695	0.048110202	0.0
CGCCATTTCTCGCTTG-0	0.3596644	0.49297455	0.02349167	0.13043547	0.0	0.0	0.017562624
TGGTACATCCGCAACG-0	0.44919625	0.24336118	0.017456643	0.0	0.015245578	0.0	0.0028526282
CCTCATGAGTCTTGGT-0	0.25630438	0.4240477	0.12473315	0.12475324	0.0	0.0023273597	0.0
GAGGGTAAGTCCCGGT-0	0.9481398	0.20105498	0.0	0.050007727	0.025400005	0.0	0.027165402
TTTACTGGTACTGCCG-0	0.21666212	0.5520475	0.0	0.07421168	0.0	0.11793727	0.0
GCTCAAAGTCCAACGC-0	0.55486935	0.31732383	0.0	0.24847615	0.0	0.0	0.01955513
CGTTCTGCATTGACAC-0	0.46993077	0.2332884	0.0	0.2730205	0.19470593	0.059331354	0.002066794
GGAGGATCATTGGATC-0	0.35640395	0.5506485	0.0	0.24101095	0.013911728	0.0	0.0
AGGTGTTTCCATTTAC-0	0.40377212	0.57956964	0.0	0.09993512	0.0033517305	0.0	0.0
TGTTACTGTCATATGC-0	0.3050705	0.45369092	0.13126332	0.025151517	0.05543445	0.020110168	0.023358524
CCACACTAGTGGTGAC-0	0.28504127	0.4020215	0.0	0.23295185	0.062250704	0.07140294	0.0
TCAAGACAGTAACCTC-0	0.11931443	0.90273374	0.0	0.1151981	0.0036647194	0.020557683	0.012452778
TTCTTGACAAATTAGG-0	0.47540358	0.39127624	0.0	0.10595182	0.01438933	0.0	0.0
TCACATTCATGACGGA-0	0.62630534	0.16428286	0.03720873	0.13658084	0.013918012	0.0	0.0
TAGAGTCGTGGTTTGT-0	0.18697728	0.27115655	0.011829066	0.20068365	0.235993	0.098771736	0.009622133
TCTTTGATCGCTTGCT-0	0.17015712	0.37488458	0.055915784	0.2161374	0.022853576	0.0	0.0
GGAATCTGTCCGGCAT-0	0.0	1.003614	0.19489472	0.0	0.024517214	0.0	0.0
AATTCCTAGCGTTCAT-0	0.084071755	0.0	0.33607438	0.22267097	0.443889	0.0761824	0.0
CTCAACCCATGTCTAG-0	0.35382903	0.5752228	0.063796796	0.094053015	0.025696017	0.0	0.0
CCTCTCCAGACGCATG-0	0.671748	0.21181886	0.045657672	0.16912772	0.057884987	0.10881304	0.07148514
CCTACGTTCCCAGTGG-0	0.27925536	0.22799072	0.05389012	0.34601992	0.019271756	0.067851715	0.0
CGACAGCAGCGCTGAA-0	0.0	0.4945312	0.20309705	0.12545352	0.26784426	0.0	0.0032231503
TGTGGCGAGGTGAGAA-0	0.8412949	0.17922266	0.0	0.0	0.0	0.0	0.0
TATCTGTCAAGCACAG-0	0.15277447	0.5378136	0.04691088	0.09812302	0.159757	0.051908117	0.0
GACGTTATCCGCCTAT-0	0.26519665	0.3244892	0.14946142	0.13238487	0.021798585	0.010021711	0.029780718
TCGTAGAGTTCCTACC-0	0.19490977	0.46969017	0.17261349	0.020255951	0.02010187	0.0	0.0
GCTACCTTCGACATTG-0	0.37876353	0.40629938	0.0	0.25775656	0.039527435	0.0	0.0
TCGCACTAGCTGTCCG-0	0.42249933	0.47015235	0.0	0.08829529	0.059322763	0.014195749	0.008503313
TCCGATCCAGCAGGAT-0	0.5866027	0.3357516	0.0	0.07579199	0.008597528	0.0	0.00974362
TGCAGATTCTCCTGTG-0	0.17207217	0.665251	0.0	0.0	0.0	0.009623678	0.0037550547
AACAACCGTTGAATCC-0	0.40152475	0.37087226	0.0	0.0	0.117089145	0.010869702	0.0
GAATCACGTACAGAGC-0	0.19373634	0.3151673	0.0072688903	0.057734266	0.0	0.3682553	0.0
ACATCGAGTATTTCGG-0	0.4293527	0.28952816	0.045841955	0.018494101	0.0	0.040416986	0.0
GATAGCTTCTAACGGT-0	0.27702552	0.31779963	0.06897928	0.1683486	0.02376741	0.027126135	0.03399771
TCTCCGAAGTGGTGGT-0	0.46139377	0.32197958	0.0068600364	0.10442285	0.002293131	0.04802626	0.012698933
CCCTGATTCAATCGGT-0	0.0	0.0	0.45652756	0.5182783	0.08946455	0.085890725	0.0012514411
CTGTATTGTGACACAG-0	0.60824144	0.29585856	0.0	0.00026797422	0.0	0.018430755	0.0
CTCATGCTCGTGCACG-0	0.3177748	0.27872008	0.10471542	0.0074962117	0.11885411	0.0	0.09078325
TTGCCTGTCTACAGGT-0	0.18427815	0.3353932	0.07837093	0.091355145	0.02153697	0.0	0.0
AGCTTCCAGGGAGGTG-0	0.36451814	0.09038184	0.080645435	0.16734615	0.013799002	0.013846853	0.0
ACAACCAGTGCGACAA-0	0.52429754	0.16228704	0.05633023	0.108289026	0.17726061	0.0	0.08963011
AGATGCTCAAGGTACG-0	0.47110856	0.39770022	0.09540686	0.0013143575	0.13462748	0.0	0.009126513
TGTTCTACAAGATTGA-0	0.10296697	0.48837644	0.13475685	0.2320042	0.07490852	0.0	0.0065552336
GATCACATCCCGAATA-0	0.41022214	0.28409636	0.0	0.025334598	0.013443562	0.0	0.0
CAGTTCCTCCACGTCT-0	0.03144469	0.52075875	0.09082129	0.12256843	0.10098042	0.0	0.0
TGCTTGCAGCAACAAT-0	0.110251896	0.40110067	0.0	0.5379049	0.07482339	0.04105137	0.0
CTTTCGGAGGGCTGAT-0	0.0	0.12633614	0.6700849	0.073100425	0.45319813	0.0	0.0
ACACGCGCAATCACGT-0	0.26047373	0.28396094	0.022436518	0.44195673	0.035585597	0.060705494	0.0035764321
CGTAATGGTCTAGGCC-0	0.0	0.3678165	0.36923045	0.0039024048	0.35396215	0.0	0.0
TCAGTGAGTTTCGCTC-0	0.16861436	0.70066714	0.047558654	0.018635115	0.04542444	0.0	0.002528538
TCAGTTTAGGTGCTGA-0	0.32931504	0.4115909	0.04262999	0.123576656	0.048131466	0.031495567	0.0
AGTAGCTCAGCAGAAC-0	0.66655236	0.2050114	0.0	0.13768762	0.07355258	0.05469247	0.0036088182
TTGCCTGGTTCCGCGA-0	0.075857565	0.21501313	0.3126135	0.2385954	0.25640002	0.07900835	0.0
GTAGGAGAGGGCATGT-0	0.0507845	0.2858306	0.26534337	0.11381045	0.16533104	0.0	0.011935652
CTCCATGAGGCTCAAG-0	0.1593907	0.015210867	0.25606152	0.011210899	0.4449546	0.10608006	0.024404138
AAGGAATGTGACGCCT-0	0.4792795	0.53907734	0.0	0.08909013	0.02796885	0.05145677	0.0
CTCATTATCCCATGGG-0	0.31613734	0.5700116	0.0	0.14597337	0.16042535	0.09680688	0.0
TCATATCTCTGACGCG-0	0.2791798	0.29462305	0.15750039	0.1865828	0.02075434	0.038416803	0.0
CGGAATTCATGTCTAG-0	0.49249336	0.4414247	0.0	0.15765928	0.0	0.054626364	0.022284588
ATTCTACGTGACGCCT-0	0.030425297	0.2767922	0.29166406	0.3662698	0.036541726	0.2399073	0.03404653
TTTGACTAGAAAGTCT-0	0.1863199	0.4277271	0.049839888	0.07695995	0.0	0.0	0.0
AGTTCGAAGGTTAGTA-0	0.17644656	0.69976693	0.041697305	0.1578408	0.02892115	0.0	0.013509927
TCGGGTGAGTTGTCAC-0	0.33861724	0.16121139	0.09829191	0.1845706	0.3193953	0.05640167	0.027501076
TCCCAGTCAAGGTCTT-0	0.0	0.0	0.72671694	0.084914654	0.2617541	0.023232065	0.0008742176
AAAGGGCTCTCAATCT-0	0.18688756	0.417169	0.1929405	0.009034748	0.14131694	0.0	0.0
GAGTCTATCCACTGGG-0	0.0	0.14120838	0.24254367	0.40914914	0.24480128	0.06769371	0.0
GTCAAGTTCACTTGGA-0	0.0	0.36408317	0.17865956	0.6819061	0.112834044	0.025199173	0.0
CTCCCTCTCACGAGGA-0	0.26781708	0.69631296	0.0	0.12010643	0.026276616	0.0	0.0
CATAAGCGTCGTCTCT-0	0.29259816	0.36334762	0.034834344	0.06974713	0.06038334	0.0	0.004594549
TATTGGGCACAGAAGC-0	0.29077736	0.7114636	0.060449753	0.109281644	0.0064584287	0.0	0.0077758003
ATGGGTTTCGAGCCAC-0	0.31374654	0.32215497	0.04515146	0.1768698	0.037825294	0.032200146	0.0
GTGACGCGTGTCACAT-0	0.6745766	0.40065312	0.0	0.02694562	0.025824018	0.0	0.026593838
TAACTTCGTCAACACT-0	0.20258024	0.62421215	0.12515947	0.023769652	0.0773673	0.01264841	0.004447684
ATACCGACATAGATGA-0	0.22053593	0.29319277	0.08103963	0.64804655	0.031363055	0.0	0.0
AGTTCGAAGTTAGAAC-0	0.0	0.15676378	0.5761272	0.34497517	0.075092465	0.019558256	0.0
TACGGGCAGGATTTGA-0	0.48627058	0.458894	0.0	0.0	0.02579815	0.0	0.003024703
GTCATTTTCCTAGCCT-0	0.14786194	0.42221117	0.0	0.65118575	0.0	0.0	0.0
GACCTTCGTAACTTCG-0	0.15363501	0.31699723	0.044372972	0.14225139	0.0	0.02313278	0.006492825
GGCAGTCAGTATAGAC-0	0.29039913	0.08802789	0.14111303	0.42131022	0.0	0.0	0.013474169
ATGATCGGTAGCTTTG-0	0.17185536	0.17283125	0.1017242	0.33154628	0.037973937	0.07250095	0.0
TTTACGTAGGTCTTTG-0	0.46040797	0.366458	0.0	0.37053144	0.014978565	0.0021968835	0.0
GACCGTGGTGGATGAC-0	0.3042264	0.42029572	0.028388834	0.07109895	1.6039292e-05	0.0	0.0016846613
GACCTTCAGTTGAAGT-0	0.35829332	0.6350423	0.0	0.20417383	0.019332353	0.00034476002	0.0
CCTTCAGCATAGCACT-0	0.40535432	0.69483465	0.0	0.04596142	0.0	0.0	0.0050279447
CTTCTAAAGGGCCAAT-0	0.23483096	0.5627684	0.05230314	0.021246644	0.0	0.068459116	0.0
CCTACGTAGATGTAGT-0	0.04132464	0.22806755	0.25822484	0.27238104	0.1404008	0.0055951606	0.008944721
ACGTACACATAAGCGG-0	0.4210903	0.2922081	0.10112891	0.058097757	0.05802709	0.097496256	0.016596861
GTTATGGTCGGCTATA-0	0.62285227	0.56782424	0.0	0.0	0.0	0.0	0.0
ACTTATCAGCCTCTTC-0	0.64785165	0.19203018	0.07251245	0.048494566	0.013657857	0.0	0.0
CTCAGGGGTACTAACC-0	0.2855054	0.26508364	0.17622	0.19807573	0.035288673	0.017660012	0.03474017
TCCACGTGTCACGTGC-0	0.052799594	0.14403345	0.37861398	0.13125359	0.03676778	0.010654482	0.0
CGAGTGCCAGTGGTGA-0	0.0	0.19128226	0.4448589	0.22790241	0.036823492	0.10580653	0.0
ACAGAAAGTAACGCGA-0	0.86292475	0.2237262	0.0	0.0	0.026635962	0.0	0.21824513
CCTCCTCCAATAGTAG-0	0.69006795	0.32676482	0.0	0.0	0.0	0.0	0.0
TTGACCCGTTATTCTC-0	0.05253133	0.101611964	0.5193856	0.030280136	0.026527839	0.13615394	0.003083523
GTGTCCTTCAGTGGGA-0	0.26667875	0.017855348	0.30692622	0.23840107	0.21658908	0.10404869	0.008587689
CCGTTCAGTATGCGTT-0	0.26765177	0.26587948	0.07382789	0.16376014	0.18551306	0.059028346	0.026924953
CGATGCGCACAACGCC-0	0.29486036	0.36881372	0.025525909	0.23721693	0.105137736	0.0	0.013672459
TGCGATACAGGCTTGC-0	0.5337587	0.3624259	0.0	0.075307235	0.006620506	0.0	0.0
TTCAATCAGGGATGTC-0	0.356066	0.671314	0.0	0.10092306	0.015229192	0.0	0.04837256
CTGGACGTCCCTCGTA-0	0.14727616	0.37750924	0.14642785	0.16097356	0.09700909	0.022649266	0.016964303
GCATTAGCACATGACT-0	0.52129394	0.56286216	0.0	0.13683464	0.031355884	0.0	0.027240494
AGTCTCCCACTTCATT-0	0.35072514	0.3304916	0.024791218	0.06751079	0.0	0.029327538	0.0
CCCAACTAGACCAGAC-0	0.036888234	0.0013376558	0.2575604	0.36077458	0.29502305	0.0	0.0
CTCAAGACATGCCATA-0	0.32887092	0.63777	0.0	0.18672816	0.07878831	0.0	0.0007285779
CTGTGAAGTACCCGAC-0	0.23088819	0.3660711	0.0	0.2961586	0.0	0.0	0.024781983
AGGGTGAGTTTGGGAG-0	0.26693228	0.4713773	0.07039539	0.26433295	0.04055664	0.0	0.00079459103
TACTGCCTCATAAGGA-0	0.095057644	0.009181489	0.0	0.16404778	0.6177691	0.0	0.0
GCCATTCCAAGGCGTA-0	0.08181094	0.4226518	0.080591165	0.3374465	0.13175313	0.018936154	0.039115094
ATAGACCCAAGACGGT-0	0.33585444	0.6135953	0.0	0.08230477	0.00983439	0.0	0.0
TTGAACGGTGTAACGG-0	0.16589594	0.55265945	0.11088897	0.42390814	0.03855956	0.080556065	0.0
CTGCCTACAGACAATA-0	0.0	0.59507036	0.34148872	0.0	0.033582337	0.18636918	0.0
GGGCTCACACACTGGC-0	0.16865483	0.20296563	0.2348315	0.21146089	0.10777954	0.039847013	0.009312889
TGTGAGTAGCTTCGTA-0	0.23643701	0.45584694	0.0	0.094550215	0.034087773	0.0	0.0
TCCTGCAAGTCCGCCA-0	0.26068074	0.34324405	0.08557878	0.21399073	0.013410029	0.044681314	0.04180256
CACTGGGAGCATTGTC-0	0.035756305	0.43380263	0.0667022	0.06968397	0.27740815	0.09375759	0.0
AATAGAGTCAACTTTC-0	0.23792347	0.37911665	0.0	0.09891152	0.2985379	0.0	0.0
GACGTTATCTCGAGTA-0	0.30903473	0.43808347	0.0	0.0	0.0	0.0	0.0
TCGTGGGAGCATGATA-0	0.11919305	0.65384144	0.03455077	0.03164825	0.017409764	0.0038615095	0.009231681
TCGGTCTAGCGCTTCG-0	0.028801465	0.3203445	0.10164955	0.20415899	0.21918689	0.077862285	0.03473646
GTGGGAAAGAGTCTTC-0	0.37501353	0.18367033	0.23241231	0.20551716	0.0	0.064615965	0.0052225883
TAATTCCCAGTTGAAA-0	0.86118793	0.026115192	0.0583949	0.0014159811	0.022519737	0.038709342	0.047639515
GGGATGATCCGAGCTG-0	0.2824323	0.3222798	0.12021991	0.18800953	0.025795652	0.062541164	0.021910474
AGGATAACACGTAGAG-0	0.31787574	0.42446584	0.03511048	0.3300041	0.04854904	0.0	0.020845689
TTTACGTAGCTCGTGC-0	0.18524429	0.6334782	0.0	0.12120617	0.031337958	0.015051797	0.0
TACAACGAGCCGGATA-0	0.2274605	0.29250103	0.21089675	0.4498719	0.06683679	0.0	0.0008297405
CACGGGTGTCCGAAGA-0	1.1078993	0.08652709	0.0	0.0	0.015949652	0.0	0.0
TGCTGAAAGGCGATAC-0	0.26384872	0.36519253	0.078098595	0.12942682	0.00984417	0.04421716	0.0
AAGACAAAGTCAATCC-0	0.13837068	0.82044613	0.0	0.016270084	0.0	0.10496177	0.014442136
ATGAGGGGTTCCGGTG-0	0.33655378	0.7967607	0.0	0.019785104	0.0	0.0	0.0
TTGGGATCAGACCAAG-0	0.4178483	0.44726807	0.013063781	0.23393635	0.053200264	0.032428943	0.0
TTCCTTCAGGAAACGA-0	0.68562156	0.39917377	0.0	0.0	0.065438844	0.0	0.0
ATCAGGTAGGGTCACA-0	0.6766906	0.13031608	0.024032658	0.15022124	0.00930543	0.0023011412	0.0
CCGGTGAAGGTCACTT-0	0.22808602	0.3731638	0.07878024	0.3467684	0.0	0.057974167	0.061669387
GATCCCTGTTCGGTTA-0	0.23403072	0.47393954	0.038804393	0.25164756	0.0	0.0	0.0
TACCTCGTCAGATTGC-0	0.26014736	0.23586766	0.20183435	0.17363107	0.07942019	0.0	0.049624413
TCTGGCTTCGGAGATG-0	0.3062077	0.36736074	0.014745299	0.31358302	0.04174046	0.0	0.0
GACATCACAATCTGCA-0	0.22338359	0.44107974	0.03966085	0.15932415	0.0	0.07187988	0.0
CGAATTGAGCTGAGCA-0	0.92500144	0.28513584	0.0	0.0	0.0	0.0	0.0
TTTACGTAGTTGTCGT-0	0.2925282	0.22824563	0.19214673	0.081330724	0.1043692	0.0073191496	0.022571808
TTGTGGAAGGGACACT-0	0.0032272968	0.035544395	0.4772936	0.16339459	0.24975395	0.07700266	0.0
CCCGAAGGTGAATGAT-0	0.33546594	0.37861305	0.0	0.26202893	0.0	0.020269651	0.0
CAAGCTACAAGGCAAC-0	0.24528517	0.6691528	0.0	0.100458	0.0	0.0041363556	0.0
CCAATGATCTGACGCG-0	0.33947632	0.41716525	0.060628735	0.10130376	0.099038415	0.0	0.0
GGCGTCAGTATCGAAA-0	0.0	0.3281035	0.0	0.0	0.005492131	0.0	0.76007426
CAACGGCGTCGCATCG-0	0.2293308	0.7077929	0.03461175	0.09633252	0.005326465	0.0	0.017336588
ATGGTTGTCTATTGTC-0	0.1157582	0.3345014	0.0	0.2816599	0.09387034	0.09863469	0.0
TTTGACTCACATGTTG-0	0.2659365	0.4459323	0.02396149	0.024172487	0.015670775	0.0	0.0
GTGTGGCCACGAAGAC-0	0.33619523	0.6390901	0.049921352	0.009867685	0.0	0.051367637	0.013051013
CGAGGCTGTATGACAA-0	0.67271197	0.050664604	0.039110474	0.32705748	0.054841634	0.042598728	0.043922585
TGCACGGAGATAGGGA-0	0.52573264	0.2635446	0.07230937	0.025371803	0.0	0.0	0.0
GAGTGAGCAACGTATC-0	0.4763166	0.0	0.0711955	0.037938055	0.027158774	0.3779324	0.0
GAGGGATTCGTTGTTT-0	0.48824874	0.5407951	0.0	0.0	0.051537465	0.08584246	0.009246747
CTCAGGGGTATCGAAA-0	0.97923243	0.38423008	0.0	0.04979742	0.018711297	0.029378744	0.027346505
TTTCACAAGGTTATAG-0	0.7424515	0.36028293	0.008997823	0.0	0.03154072	0.0	0.0
CTCCAACGTTACACTG-0	0.7249797	0.28087112	0.0	0.0	0.007392655	0.0	0.0036992135
GTTAGTGTCTTTCAGT-0	0.27765423	0.46932408	0.14805526	0.22915861	0.0	0.09767306	0.009402026
GAGGGATTCGAGTTGT-0	0.37962765	0.2739576	0.1096257	0.11917209	0.0	0.0	0.0
AAGTACCTCCGTCAAA-0	0.12068301	0.54976845	0.090249725	0.055791948	0.01226169	0.008357868	0.0
GTGAGCCTCATGGCCG-0	0.27702972	0.6557087	0.0	0.0	0.10417772	0.011555441	0.0
TGAGGGATCTACTGAG-0	0.6856735	0.53039855	0.0	0.0	0.0	0.022649208	0.0
TATTGGGAGGCACTAG-0	0.44097683	0.51234865	0.0	0.0	0.04908929	0.0	0.017348502
TACGTCCTCTCGACGG-0	0.24280713	0.39367297	0.1521874	0.21357296	0.104564555	0.11492853	0.0
TCCGGGACAGATAAAC-0	0.53026706	0.4891315	0.0	0.11185508	0.0	0.0	0.0040162336
GCATGATTCAAGCCCG-0	0.04030284	0.34670857	0.082845695	0.34774518	0.059163235	0.0	0.0
AGGGAGTCAGTAACGG-0	0.42103022	0.2871339	0.0	0.30438343	0.004406615	0.015997985	0.0
GTTTGGATCCGATCTC-0	0.047449343	0.5323426	0.035627052	0.20518687	0.073003925	0.001992408	0.0
TATACCTCATTGGATC-0	0.46795103	0.43121016	0.0	0.0	0.16558406	0.0	0.0
TGCAGGCGTGCGTGCT-0	0.32558477	0.6473765	0.061242007	0.023447867	0.032132663	0.049428713	0.010979094
GGACGTCGTCAGGTAG-0	0.17046812	0.249572	0.19335467	0.098507755	0.068704486	0.0	0.008333848
TGCAGGCTCTAACGCA-0	0.304304	0.6728212	0.0	0.064045034	0.0	0.048552264	0.011278691
CTCTCAGTCTCTCGAC-0	0.4723496	0.6338124	0.0	0.0	0.0023629302	0.031036522	0.0
ATTCTTGTCCGATAAC-0	0.27658	0.6594616	0.0638042	0.28506657	0.020032678	0.0	0.0
AGAAGTACACCTAAAC-0	0.34513268	0.4004857	0.0	0.07358642	0.0	0.0	0.0
CCTCAACTCAGTCCGG-0	0.45993838	0.45758843	0.0	0.040145624	0.026086716	0.038422275	0.0
ATGGGAGTCATAGACC-0	0.33921	0.4623201	0.0	0.0	0.016035281	0.024204824	0.006006925
TCCGTGTTCTATCCAT-0	0.0	0.0	0.2607188	0.43336126	0.095429674	0.3432464	0.0
GTCAAGTGTCACGACC-0	0.445248	0.6960738	0.0	0.0	0.0	0.0	0.0021986247
TCCGAAAAGCACGATG-0	0.65341896	0.19916269	0.0076430556	0.041014645	0.24174947	0.07844812	0.007522873
CCCTAACTCCTGCCAT-0	0.3309178	0.6282132	0.0	0.03314081	0.021110661	0.0102470545	0.0
CACCGTTTCTCGCTTG-0	0.09049134	0.29328558	0.012169895	0.3054486	0.07976214	0.0	0.0
CCCTTAGAGTACCGGA-0	0.34221455	0.33236808	0.07486508	0.115346655	0.0073533487	0.005874361	0.0
CAGATCACAGGGACTA-0	0.00068469835	0.3318038	0.18441996	0.44249308	0.16079211	0.04832599	0.0
GTAACACGTGGGAGAG-0	0.15101138	0.37370202	0.06720083	0.06808283	0.029256478	0.0	0.0
TCCATCGAGTTCACTG-0	0.014320053	0.41165683	0.0570724	0.5400361	0.02077267	0.011329707	0.017964797
TACCCGTTCCAAGGGA-0	0.14643997	0.5275316	0.0	0.12504761	0.19206592	0.0	0.0036482455
CATAGACAGGTTTACC-0	0.4126778	0.48448464	0.0	0.020692145	0.059921548	0.0	0.0161987
TCGACCTCAGAGTAAT-0	0.40599924	0.55657005	0.038389623	0.0	0.0	0.022585759	0.00086395413
AGAAATGCACCGGCTA-0	0.31860843	0.1198713	0.04713242	0.3248084	0.12619402	0.012624084	0.03959805
CTCTCAGTCACCATAG-0	0.34599057	0.4416624	0.0	0.091268666	0.0	0.02495555	0.012502959
CTCAAGAAGCTAGCCC-0	0.0	0.6259168	0.16123937	0.22673745	0.049928956	0.0	0.0
CCTTTGGCAGGACTAG-0	0.17454974	0.5161285	0.12676993	0.10446917	0.08749935	0.0	0.017128898
GGGAAGTCAACGTATC-0	0.5555973	0.58214766	0.0	0.0	0.0	0.0	0.0
TCCCATGAGCGTGCCT-0	0.16760917	0.36483455	0.2109251	0.13781714	0.084323145	0.028840147	0.0
CTCCTTTTCCAGTTCC-0	0.0	0.024320034	0.12570816	0.6269544	0.17656593	0.1918575	0.0
ATCGTCCAGAGAGGTA-0	0.053320117	0.61441	0.06483307	0.29570246	0.021766847	0.0	0.0
AAGCGAGGTAATCAAG-0	0.0	0.0	0.3528334	0.42461374	0.17646334	0.1381932	0.0
CTATCTAGTCTACATG-0	0.36006585	0.44448912	0.0	0.0	0.084180914	0.0	0.0
AGAAGTAGTGACAGGT-0	0.042044353	0.46212217	0.16613618	0.32401028	0.11294952	0.0	0.006510226
AAGCGAGTCAAGCCCG-0	0.1709093	0.47503564	0.0	0.14114115	0.009995259	0.005358234	0.0
GATTGGTTCAAGGACG-0	0.15256232	0.37763458	0.0	0.39678207	0.0	0.0	0.0
CCTAAGATCCGATGCG-0	0.084727354	0.45019853	0.3169057	0.049440354	0.15755461	0.0148093775	0.0
GATGCTAGTCAATGGG-0	0.8000731	0.36292264	0.0	0.0	0.0072587277	0.0	0.0
ACGTTCCTCTACCCAC-0	0.42915988	0.53786755	0.0	0.0	0.0	0.0	0.0
TAAGCACCATTCCTCG-0	0.58784646	0.0	0.0	0.14114894	0.163475	0.3408581	0.017878518
GACTGATCAAGCTGCC-0	0.34032235	0.57456774	0.0	0.0	0.030014794	0.0	0.0
AGGACGAAGATGTTGA-0	0.30126968	0.047386277	0.43859163	0.3377267	0.0	0.05297727	0.0047821803
GTCTTTAGTCCCACGA-0	0.45029563	0.15312967	0.0	0.53012395	0.0	0.0	0.0
ATGGGAGTCAAATAGG-0	0.38709015	0.43478057	0.0	0.061919663	0.007723123	0.0	0.06976044
CATAAGCAGCTAGTTC-0	0.27922934	0.2773206	0.09232588	0.06687139	0.027422963	0.0	0.0
CACTGTCCAGCCCACA-0	0.5656393	0.5302637	0.0	0.08022376	0.01362921	0.009971404	0.0126757715
TGCGGCATCCATACAG-0	0.42550626	0.39265704	0.043508038	0.1283332	0.010712968	0.0	0.057331204
AAATGGATCAAGTGTC-0	0.33854467	0.80338866	0.0	0.15936133	0.0062424955	0.0	0.01115685
CTCTCGATCTCTAAGG-0	0.4106174	0.28991374	0.08644218	0.10845596	0.006954184	0.03487101	0.0068556373
TGTTCCGGTCGATTCA-0	0.13358767	0.092490256	0.23052551	0.49292383	0.086215265	0.019217156	0.012630349
TCATTGTCATAAGATG-0	0.18994837	0.34442523	0.31774426	0.230433	0.0	0.022746535	0.04998922
CAGATCAGTTATGTGC-0	0.28904033	0.55181414	0.023369964	0.073512815	0.08417898	0.042668696	0.0
ATCACGATCGTCAGAT-0	0.3085007	0.48073876	0.0	0.08371923	0.023613507	0.0	0.002487125
CTGTATTCATAGACTC-0	0.109288305	0.55065876	0.0	0.0	0.0	0.0	0.47183424
ACTATCTGTCAGACGA-0	0.24231033	0.37486172	0.0	0.02649126	0.16601846	0.018385235	0.0
ATTTCACTCACCTCGT-0	0.37415668	0.53056985	0.0	0.18175526	0.039214563	0.0	0.0
TGGGATTTCCCGAGTG-0	0.44971976	0.53851527	0.0	0.14064568	0.014204543	0.005128022	0.0
CATCCGTCAGACCCGT-0	0.36123365	0.58324283	0.0	0.017636532	0.020174893	0.0	0.0061322525
GACTCAAGTCGAAGCA-0	0.14373428	0.15498425	0.1553344	0.4787799	0.07007762	0.0	0.0
GTCTCACAGTGGAAGA-0	0.0	0.9606717	0.0	0.0	0.019194681	0.0	0.020354148
TAAGCCATCTACCACC-0	0.5083822	0.35159928	0.0	0.14117469	0.0	0.0	0.0029072983
GTGTTCCCACGTGAGA-0	0.47180346	0.41125697	0.037378088	0.12277451	0.0018461328	0.0	0.010861766
TACCCACCAAATTGCC-0	0.21431541	0.4323876	0.004682529	0.041621163	0.0	0.0	0.0
GGACGTCTCCGATGTA-0	0.69921464	0.014391715	0.0037267748	0.13780275	0.022242753	0.0	0.0006429873
GTGAGTTGTAAGACCG-0	0.7316726	0.11622321	0.0	0.0541178	0.02005753	0.0	0.0032441386
TGAATCGGTCGCGTCA-0	0.0	0.38751385	0.34010085	0.19818518	0.17401016	0.0	0.0
CATGCTCAGCGTCAGA-0	0.28918347	0.5682254	0.096931554	0.031579368	0.08410485	0.008893203	0.01420461
GGCTTTCCAGTGTGGA-0	0.19576192	0.1554489	0.0	0.80383486	0.012502104	0.01596383	0.03947736
GTGCACGTCACCCTGT-0	0.2775657	0.70859796	0.0	0.02541938	0.091361456	0.013402455	0.0
ATCTCTAGTCGGAACA-0	0.33226454	0.5463417	0.0	0.17539324	0.010450105	0.0	0.029312223
TGCTCCAGTATTTCTC-0	0.2519104	0.31149265	0.08295189	0.18769005	0.012056799	0.0	0.004301835
GATGATCTCAAGTAAG-0	0.0	0.58313644	0.3449614	0.07000271	0.05075552	0.0	0.0
CATCCGTTCGATGCAT-0	0.12924145	0.16119355	0.111844525	0.10849041	0.008479691	0.0	0.0
TCGGATAAGAGTCAGC-0	0.35851744	0.39238727	0.0938147	0.0	0.0141019095	0.036442075	0.004559369
GATTTCTTCATTGTTC-0	0.21506251	0.4725886	0.04264273	0.03173336	0.03313465	0.0	0.0
AACCCAAGTATCTCTT-0	0.25639722	0.50934285	0.0	0.015035627	0.005698434	0.0	0.19731954
TTCCGGTTCCGAGCTG-0	0.18643613	0.16218504	0.21884291	0.19286618	0.032880716	0.058618262	0.016179215
GTGGCGTCACAGTATC-0	0.31874797	0.42404535	0.0	0.33296207	0.04603534	0.017254222	0.0
AAGACAACATTATGCG-0	0.56215894	0.39027664	0.0	0.030845633	0.0	0.10325583	0.0
ATAGACCAGTTAACGA-0	0.4133625	0.43138686	0.0	0.027020132	0.018535292	0.0	0.006198538
GTGGAAGTCGAAGAAT-0	0.33267418	0.46790466	0.0	0.0	0.0	0.0	0.019985307
GACCCAGGTACCCGCA-0	0.336822	0.34824386	0.053461894	0.10023684	0.006000587	0.0	0.0
AGCGATTGTGGGCTCT-0	0.35282725	0.38004827	0.037751786	0.010611806	0.0	0.023571964	0.0
TTCCAATCAACCAACT-0	0.05846069	0.3599913	0.22962038	0.27752426	0.055801097	0.0068444097	0.0
GTTATGGGTCGACTTA-0	0.22154115	0.33208382	0.27390498	0.038261756	0.09585844	0.0	0.0
TAAGCACGTAACGCGA-0	0.5322845	0.6061034	0.0	0.0	0.0	0.03940702	0.0
TGCTCGTGTCGAAACG-0	0.33714604	0.35116246	0.024120811	0.24598318	0.0	0.0	0.0
CATGCCTAGATGCCGA-0	0.10343647	0.2449669	0.15256731	0.30372593	0.0	0.0	0.0
ATTCGTTTCACTCACC-0	0.28417954	0.26861683	0.055372834	0.05540427	0.019874034	0.014189808	0.0
ACAGGGAAGGTAAGTT-0	0.28527185	0.5281801	0.0	0.05534919	0.057216104	0.010577635	0.048409943
ATACCGATCTGCGGCA-0	0.40393198	0.4240499	0.016687851	0.056875948	0.1624145	0.018397585	0.05840142
AAGGAATCACAGTCCG-0	0.4528788	0.6939394	0.0	0.0	0.021257967	0.0	0.0
TGAGCATAGCACCAGA-0	0.52224773	0.4373045	0.0	0.0364887	0.092696786	0.029438922	0.0
ATGGGTTAGTTTGAGA-0	0.29696637	0.20991409	0.11143149	0.10074029	0.061983816	0.05585889	0.0
TAGTGCACAGCTATTG-0	0.673453	0.4240658	0.0	0.0	0.0	0.0	0.0
GTACAACTCCCAAGCG-0	0.47308993	0.30057764	0.0145732295	0.0	0.081488505	0.039414268	0.030591663
TCTTTGATCTCTAAGG-0	0.0	0.51004094	0.6120189	0.06400671	0.124063045	0.17866834	0.0
ACTGCAACAGCTACTA-1	0.5274493	0.34091035	0.0	0.064589664	0.0	0.0	0.10188109
AGAACAATCTCGCTTG-1	0.0	0.37668726	0.35109478	0.17439204	0.014873269	0.0	0.15800026
AGAAGCGGTCGCCACA-1	0.3180021	0.6795756	0.053578462	0.0	0.0142452605	0.0	0.0017546691
AGTACCAGTCCAGTTA-1	0.19502218	0.09620455	0.6749271	0.0442214	0.0	0.0	0.0
AGTACTGTCGGCACTG-1	0.23382294	0.16186517	0.52556694	0.052316066	0.0	0.0	0.0
AGTACTGTCGTCTAAG-1	0.0	0.22975484	0.84035134	0.0	0.14835407	0.0	0.0
AGTGACTGTGCCGTAC-1	0.42093146	0.0	0.037925184	0.3940175	0.29884955	0.0	0.0
AGTTAGCAGCGTCTGC-1	0.61605245	0.26689646	0.13853025	0.0	0.053855855	0.057983443	0.029508982
ATCACTTTCCCTTTGG-1	0.49852943	0.2763283	0.0	0.10814813	0.0	0.0	0.0
ATCCACCAGCTGCGAA-1	0.18132558	0.8374447	0.055387266	0.054006286	0.0029290887	0.030402582	0.036570635
ATCCACCCAGGTCCCA-1	0.0	0.50429076	0.41515318	0.22610727	0.0	0.0	0.0105792
ATCGATGAGACGTCGA-1	0.03451822	0.086820915	0.15821028	0.6563674	0.0	0.15865359	0.01041918
ATCGATGAGACTTCCA-1	0.47770175	0.31854352	0.014976689	0.0	0.011113963	0.0	0.0
ATTCACTTCTCACCCA-1	0.0	0.0	1.3624946	0.26030624	0.03761518	0.0	0.0
ATTTACCGTGTACGCC-1	0.27670756	0.0	0.28956014	0.33499938	0.0	0.23332684	0.0
CACATGATCCGGACTG-1	0.22822943	0.0	0.39314592	0.33370417	0.0	0.011896484	0.027912106
CACTGTCGTCATCAGT-1	0.1704183	0.3238521	0.060772825	0.10185123	0.0	0.0	0.0065009813
CATTCCGAGTCATTGC-1	0.58313125	0.14478245	0.043900423	0.2713162	0.018655352	0.0009489556	0.018808499
CCAATGAGTATCGCAT-1	0.7211931	0.48510736	0.0	0.0	0.0	0.0	0.0
CCCGAAGGTAAGTTAG-1	0.2105515	0.29653364	0.48169047	0.0060854475	0.059387162	0.0	0.017733363
CCCTCAACACTTCCTG-1	0.7382482	0.2227703	0.10270677	0.05951269	0.0	0.0	0.010087823
CCGTTCAGTCGTCTCT-1	0.12806347	0.0	0.5392539	0.032057963	0.0	0.007854813	0.0
CCGTTCATCTAGACAC-1	0.17603599	0.16976717	0.38464352	0.0	0.019545063	0.0	0.0019397729
CCTATCGTCACTTGGA-1	0.8679782	0.109694414	0.055992194	0.0	0.0	0.0	0.0
CCTATCGTCTCTAGGA-1	0.37757364	0.41623133	0.03153826	0.13583326	0.0	0.0	0.016988521
CGGAGAACAACTCGAT-1	0.52055246	0.17030418	0.087375715	0.3088104	0.02166694	0.0	0.004592656
CGTGTCTCACATACGT-1	0.0	0.46635476	0.5319323	0.060810864	0.02338879	0.006039822	0.0038004008
CTATCTAGTAACATCC-1	0.0	0.0	1.4671974	0.022443729	0.022601072	0.0	0.0
CTGTACCTCGGCATTA-1	0.5991644	0.086421214	0.21631673	0.31972143	0.0	0.0	0.11319945
CTGTCGTAGGGCTGAT-1	0.059861943	0.44954294	0.16612352	0.333868	0.0	0.10900475	0.0
GAAGAATCAGAGACTG-1	0.17708717	0.07552522	0.68099433	0.0	0.04455	0.100300215	0.0
GACTCTCTCAACTCTT-1	0.29579657	0.15252611	0.28124246	0.056116898	0.09599505	0.0	0.0
GAGGCAAAGTACGAGC-1	0.0	0.0	0.7013911	0.29280126	0.0042090607	0.1305854	0.027852943
GATTTCTAGGGACAGG-1	0.0	0.51655024	0.56946737	0.145401	0.0	0.0	0.0
GGGCGTTCAACACAAA-1	0.023014907	0.06357385	0.76975065	0.17623852	0.0	0.0058287033	0.0142652765
GGGCTACCACTGGATT-1	0.22512184	0.7762976	0.037925564	0.16372658	0.0	0.0062504415	0.0
GGTTCTCTCGTGGTAT-1	0.057692178	0.07355186	0.5819682	0.14275473	0.089879744	0.0	0.0
GTACAACCAGCAATTC-1	0.52940094	0.24165109	0.019608296	0.15774792	0.018319223	0.0	0.0
GTAGCTATCTTACACT-1	0.4289875	0.09996605	0.1701979	0.4348242	0.0	0.0	0.0065383078
GTCGTAATCCTCGATC-1	0.2553313	0.2105996	0.0	0.14283766	0.016660359	0.0	0.013940202
GTTACAGAGTACCATC-1	0.19746493	0.39106286	0.06809298	0.16823804	0.0054425895	0.0	0.0053465622
GTTACCCAGGAATCGC-1	0.36318558	0.0	0.4603253	0.0	0.0	0.0	0.08657946
GTTGAACAGAAGTCTA-1	0.16093448	0.36079141	0.45561698	0.20508774	0.080968805	0.0	0.04108173
GTTGCGGCACTCCTTG-1	0.46652484	0.10432879	0.28526303	0.15092853	0.0	0.0	0.0
GTTTACTTCTTTCGAT-1	0.5578655	0.46951512	0.15019797	0.14782433	0.0	0.0	0.042160735
TACCGAAGTACCTTCC-1	0.0	0.0	1.1865252	0.0	0.14297707	0.0	0.0
TACGCTCCAAGAGTTA-1	0.0	0.25492588	0.50775623	0.41233447	0.0018459759	0.0	0.0
TATCAGGCACTATCCC-1	0.0	0.43895358	0.25485912	0.14794126	0.040150546	0.0	0.0046997415
TCACAAGAGGATCACG-1	0.1186615	0.64348626	0.10582601	0.1459866	0.0	0.0	0.08121363
TCAGCAATCCTCATAT-1	0.14155217	0.91431016	0.0	0.09200467	0.0	0.0	0.052466784
TCAGTTTAGTGAGTGC-1	0.5251403	0.0	0.63996553	0.0	0.0	0.0	0.0
TCCATGCTCTGGCCAG-1	0.11856754	0.0	0.56461126	0.2850358	0.19656053	0.0	0.0
TCGACCTAGCGTCGAA-1	0.81419843	0.006303121	0.0	0.16192627	0.0	0.0	0.019488042
TGCAGATAGTTCGGTT-1	0.55887216	0.36802566	0.13759965	0.0	0.0	0.11631092	0.041151997
TGGGATTAGTGGACTG-1	0.0	0.44816065	0.5521124	0.0	0.13003866	0.0	0.0
TGTCCCAAGATCCCAT-1	0.3734366	0.0	0.67819184	0.0	0.03579784	0.0	0.0
TGTGCGGTCTTAGCCC-1	0.0	0.0	1.4386752	0.0	0.268058	0.0	0.0
TTAGTCTCATACACCA-1	0.0	0.0	1.1337904	0.1460815	0.052828267	0.0	0.0
TTCTAGTAGTTGGGAC-1	0.054062463	0.0	0.9269863	0.03947376	0.014672122	0.0	0.013795844
CATTGTTCATCACGGC-1	0.3001483	0.4016323	0.0	0.0	0.0	0.641565	0.0
ACCTGAAAGGTTGGAC-1	0.23884693	0.2331015	0.09909151	0.4608566	0.0	0.0	0.0037369863
CCTCTCCTCGTCAAAC-1	0.0	0.4574996	0.5369606	0.0	0.030400826	0.08360702	0.008045162
CTCCTCCAGCAATAAC-1	0.5678098	0.0	0.45345148	0.39872268	0.0	0.0	0.0
GTCGTTCGTGCCCTTT-1	0.04929536	0.0	0.8278754	0.0	0.0	0.086918116	0.008956425
TAGACCACACCCATAA-1	0.0	0.7628602	0.17295624	0.23275892	0.0	0.0	0.0
CGCCATTAGTAGCATA-1	0.1460879	0.6413342	0.25247437	0.16702636	0.0	0.0	0.03594988
AAGACTCAGGTCTTTG-1	0.0	0.95094925	0.17836341	0.0	0.0	0.1749532	0.0
AATTCCTTCACATCAG-1	0.0	0.0	1.937653	0.0	0.0	0.0	0.0
ACGATGTCATATTCGG-1	0.0	0.0	1.7129861	0.0	0.0	0.0	0.0
ATTACCTTCCATCGTC-1	0.7082091	0.25272956	0.15181175	0.0	0.0	0.072944954	0.03171954
CAACCTCCAGTGCGCT-1	0.0	0.0	1.524678	0.0	0.11494687	0.0	0.0
CATTCCGCACGGTGCT-1	0.0	0.0	0.96095973	0.21505736	0.09914969	0.008605264	0.0
CCTAACCCAGGAGGTT-1	0.26789993	0.23139995	0.21939236	0.0	0.0	0.27429315	0.0
CTATAGGAGATTAGAC-1	0.0	0.0	0.85936165	0.025186418	0.27361903	0.35105067	0.0
CTCCTTTGTTGTGTAC-1	0.17601128	1.0044829	0.15650594	0.0	0.0	0.0	0.037194002
GCAGCCACACTAAACC-1	0.15601614	0.20261197	0.59290576	0.0	0.08658295	0.08852877	0.029288696
GTCAGCGCATACACCA-1	0.5815669	0.20184207	0.26520482	0.0	0.0	0.19217052	0.055818014
GTGAGGAAGAAGCGCT-1	0.0	0.0	1.3501866	0.0	0.34803358	0.0	0.0
TAGCACACACCTCTAC-1	0.06859563	0.15274487	0.37715656	0.17122267	0.06784061	0.0	0.0018218138
TGGGCTGGTGTACATC-1	0.23679198	0.19279881	0.4395504	0.06737721	0.047481388	0.013783845	0.012127994
TTTCACACACAGTACT-1	0.14064409	0.09740027	0.52283996	0.2476511	0.0147951525	0.0	0.013450016
TTTGTTGCATTCTGTT-1	0.0	0.0	1.0737189	0.11278078	0.0	0.0	0.0
GGGTATTCAGATCCAT-1	0.3074383	0.75559175	0.0	0.0	0.13498783	0.2395124	0.012132217
AACCAACTCGCGGTAC-1	0.0	0.0	0.8282591	0.4134247	0.29384547	0.0	0.0
AATCGTGCATTGCTGA-1	0.15226653	0.40023965	0.0	0.466317	0.06831752	0.10210887	0.0
CACTGAAGTTTGCCGG-1	0.5335267	0.24516112	0.0	0.19121137	0.29412457	0.0	0.007646738
GAAGCGATCATCTATC-1	0.59931415	0.5835615	0.09623362	0.037567668	0.0	0.07829712	0.007941704
TCATTTGTCGCGGACT-1	0.4084087	0.2649306	0.046755414	0.0	0.0	0.24495003	0.0
TCTACCGGTTCTTGTT-1	0.0	0.34325042	0.17461939	0.0	0.33830008	0.16073914	0.0
TTCAATCCAATGGCAG-1	0.42022443	0.5813228	0.20486757	0.11894131	0.0	0.015751569	0.021964934
TTCTAGTCAAACGAGC-1	0.2611688	0.11479205	0.3937744	0.014822914	0.028155973	0.16079016	0.0
CTCAGAATCTCGACCT-1	0.9083719	0.01122586	0.0033576312	0.022662157	0.0	0.07389392	0.0
GCCATGGTCGAAGAAT-1	0.45241714	0.26600626	0.5109773	0.0	0.0	0.0	0.0
CTAGGTATCCAACTGA-1	0.0	0.0	0.8266458	0.20037672	0.17468493	0.0655262	0.015057755
CATCCGTCAGAGACTG-1	0.0	0.0	0.44930005	0.0	0.92795414	0.0	0.0
GCTACCTAGGGAGGGT-1	0.2674868	0.5592549	0.034493532	0.0	0.0	0.28937685	0.105767764
TAGATCGAGTTCGGTT-1	0.16496715	0.24179003	0.80885464	0.0	0.0	0.042567402	0.1419731
TGTTCCGCAATTGAAG-1	0.6911096	0.5245851	0.0	0.0	0.0	0.13122557	0.0
TTCGATTGTATTAAGG-1	0.0	0.0	1.4887189	0.0	0.20896195	0.0	0.0
CTGTACCTCCGAGTGC-1	0.11967109	0.46640065	0.41164473	0.0	0.0	0.0	0.01909376
ACTTCCGCAATCACGT-1	0.41094565	0.0	0.60019475	0.0	0.096913725	0.044647127	0.032061066
AGGAGGTCAGGAACCA-1	0.0	0.0070631485	0.74110895	0.0	0.06826016	0.087233335	0.2501062
ATAGAGAGTACCCAGC-1	0.0	0.0	1.4450353	0.0	0.12818964	0.0	0.0
CATACTTCAATAGTCC-1	0.7021187	0.6559892	0.0	0.0	0.0	0.0	0.0
CCTCACACACTCGATA-1	0.33498675	0.0	0.41239884	0.096833564	0.03568628	0.06961757	0.0
CCTGTTGCAATCTGCA-1	0.46743217	0.06682666	0.27350053	0.0	0.0	0.098096274	0.076240964
GGGACTCGTGGTCCCA-1	0.7668679	0.14368859	0.0018561772	0.0	0.021767378	0.0	0.117404304
TAAGTCGTCAGCAATC-1	0.5314944	0.083333254	0.12276485	0.057151824	0.04753013	0.24663945	0.0
TTACCATCAGCAGTAG-1	0.27772954	0.0	0.09250984	0.66781205	0.0	0.082984984	0.0
TTCCTTCGTTCCACGG-1	0.53634685	0.0	0.32415497	0.0627113	0.091476806	0.04848625	0.0
AGGATCTAGAGGATGA-1	0.9593574	0.12406799	0.037387837	0.0	0.055429086	0.0	0.009298046
GTATTTCCACAGAGAC-1	0.0	0.31081346	0.78984976	0.05673072	0.0	0.027719012	0.0
CAACAACTCGACCAAT-1	0.70686495	0.11343958	0.0	0.0	0.07136926	0.032519814	0.031568307
CGTTGGGTCCCTGTTG-1	0.5650485	0.15031974	0.18539447	0.0	0.022290533	0.0	0.023577437
AGTACCAGTCGGAAAC-1	0.0	0.73312765	0.12040226	0.0	0.0	0.34198257	0.035039935
CTAAGTGGTTCGGTAT-1	0.22602217	0.16445088	0.41818276	0.0	0.17449595	0.18574102	0.049357597
GCCATGGAGGGCCAAT-1	0.4364091	0.41305217	0.18907459	0.0	0.0733891	0.021932373	0.02094987
AGATCGTGTCTGTAGT-1	0.017569877	0.17390732	0.7825326	0.07440423	0.37687856	0.0	0.0007850916
AGATCCATCACGAACT-1	0.53541607	0.3731227	0.13510013	0.0	0.036407582	0.0004966938	0.0
CATCCCAAGAGATTCA-1	0.055181496	0.0	0.69559604	0.025482573	0.48867092	0.03417934	0.0
GCTTTCGTCACTGGGC-1	0.21985611	0.39693782	0.32354882	0.0	0.09360575	0.029370397	0.0735447
CGAATTGCACCCTATC-1	0.13517927	0.0	0.6350504	0.0	0.36520332	0.0	0.0
AGCTCAAGTACATACC-1	0.105238736	0.0	0.585373	0.2953918	0.20996585	0.1357474	0.041522034
CTTTCGGAGAGAGGGC-1	0.7168427	0.45772398	0.1321549	0.12306111	0.0	0.0	0.0
TGTGAGTGTCTCCTGT-1	0.48110676	0.055494804	0.019049618	0.18398225	0.12904803	0.24872918	0.038927156
AAAGAACCAAGCCCAC-1	0.0	0.0	0.59816635	0.15643634	0.2527799	0.038356718	0.0
TCTCCGATCTACGGGC-1	0.42563143	0.2603077	0.1453649	0.2765164	0.024937898	0.031742293	0.0
ATAGACCCAAGATGGC-1	0.30307537	0.0	0.7061759	0.0	0.36497208	0.0	0.010007421
ATCCCTGTCATTTCCA-1	0.19586661	0.5781952	0.25892076	0.0	0.09483195	0.0	0.0065429267
CATTTCACAAACGAGC-1	0.5322931	0.34797975	0.12037044	0.0	0.0629328	0.013858118	0.011885787
CCACACTGTCGACTTA-1	0.6588964	0.45962527	0.0	0.0	0.03317492	0.0	0.0
CCCTGATCACAAGTTC-1	0.0	0.01171411	0.6719375	0.0	0.52441734	0.0	0.013605221
CGTGTCTCATGAATAG-1	0.0	0.0	1.0438998	0.0	0.48755643	0.0	0.019884765
TTCTTCCAGGCTCTCG-1	0.37254214	0.39740807	0.20996092	0.0	0.07658083	0.026192475	0.01307104
CTGTGAAAGACCAAGC-1	0.39444995	0.16474034	0.17136237	0.14486405	0.082774065	0.062316045	0.0
CTGAGGCGTACTCGAT-1	0.6853971	0.0	0.0964741	0.0	0.050214916	0.06726254	0.0
ACTACGAGTTTGGAAA-1	0.44365254	0.1351391	0.29565236	0.057194304	0.08271699	0.0	0.0074387705
AGGTTGTAGTAAACTG-1	0.32651457	0.0	0.0	0.0	0.81864965	0.0	0.0
GTTACAGCATAGGTTC-1	0.0	0.0	0.24048194	0.0	0.7105607	0.05321895	0.0
TCATATCAGAAGAACG-1	1.1921484	0.0	0.14575739	0.009814781	0.037014306	0.07513349	0.0039058386
TTGTTTGGTGTCATGT-1	0.0	0.0	0.23905618	0.0	1.2828748	0.0	0.0
AACCATGCATCGAACT-1	0.6976106	0.1690481	0.048834804	0.0	0.03682327	0.0	0.0
GATGAGGAGCTGAGTG-1	0.46335986	0.32979074	0.0	0.0	0.0054706344	0.0	0.03479521
TGGGTTACACGACGTC-1	1.0690763	0.2901916	0.0	0.0	0.0	9.579594e-05	0.0
CATGGTATCTGGTCAA-1	0.40750954	0.16635352	0.3003702	0.0348262	0.056446876	0.0	0.0
CTGAGGCAGAGGTTTA-1	1.1165099	0.018447848	0.0	0.0	0.010640396	0.0	0.022620577
GGCACGTAGTCTGGTT-1	0.22759052	0.0	0.40907577	0.0	0.41923544	0.43832794	0.0
TGCCGAGCAGGACTAG-1	0.503723	0.0	0.041926112	0.42933288	0.10191444	0.1318805	0.0
ACACGCGAGCTGGTGA-1	0.0	0.48712346	0.3877076	0.0040835454	0.16687123	0.0	0.0
CATGGTACACTGTGTA-1	0.0	0.0	0.88053244	0.0	0.6049944	0.0	0.0
TACTTACAGAATCGAT-1	0.38128936	0.23022889	0.026315851	0.60309166	0.07360892	0.0	0.013654954
ACAACCAGTGACTGTT-1	0.27531	0.31081292	0.033373006	0.021416355	0.036261775	0.012642373	0.004448944
ACGTAGTCACCAAATC-1	0.53183097	0.0	0.5768319	0.014251781	0.46063033	0.0	0.0
TAACGACAGGAAAGGT-1	1.0670123	0.18180369	0.0	0.0	0.037996534	0.0	0.0
TACCTGCAGGCCTAAG-1	0.8716063	0.0	0.028941166	0.044344764	0.0	0.06280992	0.16836752
TTGCGTCGTCCAAAGG-1	0.46299753	0.7117626	0.0	0.0	0.0	0.0	0.01823314
TCACATTTCCGATTAG-1	0.086051315	0.0	0.74358696	0.0	0.5665283	0.0	0.028715162
TTTCCTCGTGGGCTCT-1	0.508608	0.0	0.31485704	0.0	0.014224377	0.39463803	0.0062124585
ACATTTCGTTCTTGTT-1	0.5746143	0.103677586	0.15432096	0.25184414	0.06928932	0.037837274	0.0075900042
ACGATGTAGGCACGAT-1	0.1265742	0.25550255	0.3383072	0.061504703	0.13765074	0.0	0.0
AGTAACCGTCGAAGCA-1	0.8349989	0.08082908	0.14038043	0.14333671	0.062254556	0.0	0.0
CCTCACATCCCAATAG-1	0.21537349	0.0	0.6755113	0.0	0.2508818	0.0	0.0
GAGGGTATCGGACTGC-1	0.0	0.0	0.4103521	0.0	0.65716934	0.13074581	0.0
GATGATCGTTGCCTAA-1	0.45495793	0.0	0.28363097	0.27362058	0.1723965	0.050527763	0.0
GGGAAGTAGAGGATCC-1	0.76571894	0.0	0.36966783	0.0	0.08939887	0.014220116	0.0
GGGCCATGTTCGTACA-1	1.3940942	0.0	0.009109371	0.0	0.03880751	0.0	0.0
GTCTAGACAACTCATG-1	0.068967976	0.0	0.85601354	0.006902874	0.2716898	0.032830346	0.0
TAATTCCCAGCGACAA-1	0.4604549	0.2917839	0.16414683	0.0	0.036617532	0.07432297	0.0041627176
TTCAATCGTAGGCAGT-1	0.47476247	0.0045675724	0.18916477	0.37789145	0.008500285	0.07060458	0.023039129
TTCGCTGAGTCATTGC-1	0.7451843	0.2551942	0.0	0.0015795175	0.028061874	0.0	0.0
TTGAACGAGCTCGAAG-1	0.55515516	0.03094248	0.34410366	0.0	0.2446843	0.0	0.0
TTTAGTCAGTGGTTGG-1	0.0	0.0	0.7732473	0.0	0.75886565	0.0	0.0
AATAGAGTCAAGAGTA-1	0.0	0.0	1.4622281	0.0	0.05753431	0.042859253	0.011468612
CATGCGGGTAGTCTGT-1	1.7237827	0.0	0.0	0.0	0.0	0.0	0.04916568
GCCAGTGGTACCGCGT-1	0.36421162	0.0	0.5236609	0.0	0.32965225	0.0	0.0017860439
GTTGTGACACAAACGG-1	0.532358	0.17653382	0.30503142	0.010246383	0.008852247	0.0	0.05286508
TCCAGAACAACCGATT-1	0.18724303	0.61198115	0.15931053	0.0	0.14136922	0.0	0.013392565
AGGGCTCCAGAAGCGT-1	0.43807945	0.0	0.52925164	0.0	0.0419421	0.24777588	0.0
CCTTTGGCACCAGTTA-1	0.1457937	0.052416395	0.58209634	0.0	0.11848629	0.08859601	0.0
CGGAATTCACACGGTC-1	0.120250225	0.015243945	0.27844828	0.4252301	0.21835636	0.0	0.01112757
GACTGATAGGACGGAG-1	0.0	0.0	0.63287556	0.0	0.5621419	0.0	0.016181566
GGAGGATGTGCATGAG-1	0.18084362	0.0	0.81427443	0.0	0.323768	0.0	0.050294533
TAGGAGGAGCCTCAGC-1	0.6511695	0.41252154	0.0	0.0	0.015948037	0.0852034	0.018059185
ACATCCCCAGCTGTCG-1	0.03960166	0.40874946	0.22253558	0.09585955	0.05461524	0.13648124	0.034331
AACAACCCATTGACAC-1	0.5522354	0.21027446	0.0	0.0	0.21440227	0.10603894	0.085409455
AAGCGAGCACAAACGG-1	0.48491633	0.0	0.40555087	0.0	0.3336477	0.42492124	0.061751056
ACATCCCAGCCGAACA-1	0.0	0.0	0.9473784	0.0	0.50579184	0.0	0.0
ACCTACCCAGTCTACA-1	0.6589632	0.09121601	0.12278433	0.0	0.20479885	0.0	0.0
ACCTGTCTCCGCAAAT-1	0.029090734	0.0	0.2877018	0.0	1.146833	0.0	0.0
ACGTAACTCACTCTTA-1	0.9680432	0.0	0.16492604	0.0	0.19368182	0.0	0.0060439585
ACTATTCCAATTGCGT-1	0.98495996	0.10532838	0.32414958	0.0	0.034550223	0.0	0.0
ACTTTCAGTCACTCGG-1	0.306004	0.0	0.28554678	0.16159129	0.17744991	0.0	0.012340227
AGAAGTATCAGAACCT-1	0.0	0.0	0.6931032	0.0	0.37979215	0.0	0.0
AGGAAATGTCTCGGAC-1	0.61196804	0.49629688	0.16192406	0.0	0.094314806	0.0	0.014829822
AGGTAGGCATGAGTAA-1	0.70737547	0.0	0.1359324	0.48257166	0.0	0.07455689	0.029545924
ATTCACTGTAGCGTTT-1	0.33750373	0.0	0.7681093	0.008398195	0.21248658	0.0	0.067943454
CACGTGGCACTGATTG-1	0.0	0.0	1.0572945	0.0	0.25361603	0.0	0.074783824
CAGATTGTCACCGGTG-1	0.78339005	0.0	0.26609656	0.0	0.07308574	0.0	0.18457592
CCTCCAATCCCTTGGT-1	0.8386964	0.22661117	0.07383275	0.0	0.0	0.0	0.0
CCTCTCCGTCACTAGT-1	0.3516012	0.0	0.72447443	0.0	0.15533586	0.0	0.0
CGAGAAGAGCGCATCC-1	0.0	0.003951753	0.81718427	0.0	0.275736	0.0	0.0
CGCATAAAGACGAAGA-1	0.13275805	0.0	0.13829325	0.48780155	0.35957652	0.09801325	0.0
CGGGCATCAGTGGCTC-1	0.48768613	0.15591756	0.024814209	0.13505569	0.17902127	0.0	0.0152172055
CTACAGAAGTCAGCGA-1	0.0	0.0	0.7543149	0.0	0.63118076	0.0	0.029814636
GAAATGATCCCGTGTT-1	0.52102154	0.0	0.21001351	0.0	0.1924496	0.1391197	0.20318575
GAGACCCCATGAGATA-1	0.9028094	0.0	0.17653723	0.0	0.1691353	0.0	0.09376452
GATGTTGCACAGACGA-1	1.0238811	0.0	0.0050545787	0.17755035	0.0334967	0.0	0.088984855
GCTGAATAGTATGACA-1	1.002671	0.0	0.0	0.17951956	0.11842993	0.04883757	0.0
GGAACCCCACAAATCC-1	0.29064354	0.099778414	0.17888966	0.0	0.18906373	0.06161956	0.03619056
GGAACCCTCTAGCCAA-1	0.5843833	0.0	0.65621257	0.0	0.3185897	0.0	0.036081072
GGGTAGACAGTGTGCC-1	0.8847513	0.0	0.0	0.029908285	0.06122118	0.095361896	0.031147307
GGTGTTAGTGAAGCGT-1	0.1650185	0.0	0.7936985	0.0	0.10965891	0.004148789	0.16393629
GTCCTCACAACCACGC-1	0.9244308	0.08616712	0.0	0.0	0.0	0.0	0.045064874
GTCGTTCTCCGTGTAA-1	0.71550363	0.20277031	0.0035422223	0.0	0.0107260905	0.0	0.046710357
GTCTGTCTCCCTTTGG-1	0.7731923	0.23540589	0.028948436	0.0	0.014811081	0.113212265	0.061096597
GTTAGTGGTAGCGTTT-1	0.61349505	0.16356571	0.14390181	0.18686405	0.0	0.0	0.032312848
TAACCAGAGGGCAGAG-1	0.467657	0.0	0.4523856	0.0043109804	0.122349426	0.2538848	0.07293532
TACCCGTCATCATCTT-1	0.35151663	0.14549373	0.0	0.06807669	0.0046523134	0.0	0.0
TACCTGCTCCTGTAGA-1	0.27624583	0.4347208	0.12672581	0.0	0.0	0.0022951001	0.005529697
TAGGTACGTGCTCTTC-1	0.43703192	0.17840396	0.14866032	0.07305179	0.0	0.0	0.0047345306
TCACACCAGAGTCTTC-1	0.42824548	0.013563886	0.11635992	0.34922916	0.12465131	0.13071942	0.0
TCCACGTTCCGCCTAT-1	0.75584465	0.14269763	0.16265221	0.006201059	0.121822976	0.0	0.0
TCCCAGTCAAGAGCTG-1	0.6255804	0.38124368	0.24314375	0.014837224	0.073513135	0.0	0.0
TCCTCGACAGCTGTTA-1	0.8405475	0.0	0.19533044	0.12365798	0.030620048	0.09770172	0.0
TCGGGTGGTGCTTATG-1	0.4782951	0.08524564	0.026424589	0.1620432	0.16767675	0.0	0.0
TTCTTCCTCTGACCCT-1	0.20112519	0.13882796	0.08185682	0.07090401	0.0014787259	0.0	0.0
TTGATGGGTATCACCA-1	0.23606129	0.28136522	0.24258484	0.059992075	0.110377274	0.05284325	0.021865014
AAACGAACATACAGCT-1	1.0026258	0.0	0.12959562	0.07258535	0.055231933	0.0	0.08617653
GGTCACGCATGGCTGC-1	0.3132044	0.06988076	0.36140898	0.0	0.24781492	0.22946493	0.054417077
TCCTAATCAGTTGTCA-1	0.6764365	0.020649796	0.40349284	0.0	0.10545935	0.0	0.12497386
TGCAGTAAGCAGTCTT-1	0.3469499	0.0	0.7208043	0.0	0.3207273	0.0	0.027108856
TTTGACTCAAACCATC-1	0.19731727	0.21370387	0.45930147	0.0	0.16557392	0.0	0.060660962
ACCTGAATCCAACTGA-1	0.9575674	0.0	0.01569948	0.17418137	0.039332196	0.09133532	0.0
GACGCTGCATTCGGGC-1	0.17880663	0.009219011	0.4834238	0.0	0.41976497	0.0	0.0
ACCATTTAGACCGTTT-1	0.2529868	0.0	0.5528326	0.0022860954	0.109113246	0.0	0.0
GGATGTTCACTTCAGA-1	0.27257624	0.0	0.6123667	0.014164445	0.19660366	0.0	0.10294229
ATTCGTTAGCAGGTCA-1	0.5449803	0.0	0.26004532	0.21197906	0.058460146	0.17710972	0.06809632
CTACAGATCCGATTAG-1	0.16661546	0.12547688	0.36547342	0.095387325	0.22079371	0.0046623778	0.04129005
TTACCGCCATGACGGA-1	0.8693755	0.34998935	0.0	0.0	0.006238589	0.0	0.0
CATTTCAAGGTATTGA-1	0.46534616	0.3318951	0.10638349	0.0069370316	0.010208377	0.039979648	0.01617613
CGCCATTCAGTGACCC-1	0.051736593	0.5403018	0.17950329	0.0	0.07615316	0.012192943	0.001539636
CGTGCTTTCAGCTGAT-1	1.2318046	0.0	0.059230268	0.061873563	0.0045058094	0.0	0.12954853
GCCAGTGTCTTCCACG-1	0.18296467	0.64875305	0.07159164	0.035877626	0.09264612	0.0024028765	0.0
GTTCTATAGTGATTCC-1	0.10296552	0.22446604	0.31305915	0.03519514	0.38675478	0.07778981	0.002521967
AGATCGTGTTCAGGTT-1	0.44948775	0.12535521	0.3924314	0.0	0.0249839	0.25812978	0.0
ATGCGATAGAGTTGTA-1	0.034477282	0.0	0.65823144	0.0	0.36785027	0.074720666	0.0
CATAGACGTTCTGACA-1	0.61336696	0.0	0.35792443	0.0208313	0.124262735	0.21743791	0.0012161958
GACTGATGTCCTCAGG-1	0.91826653	0.0	0.14968397	0.0	0.0	0.11210484	0.04131358
GGCTTGGAGATGGTAT-1	0.21853617	0.0	0.35195595	0.050472654	0.29839152	0.0	0.1736347
GGTTGTAGTATTGAGA-1	0.13857643	0.0	0.9505316	0.0	0.10300007	0.06648389	0.0057468214
TGATTCTAGCATGCGA-1	0.32890537	0.0	0.6051383	0.10854862	0.1950586	0.0	0.0
ACTCTCGTCCCTCAAC-1	0.67627287	0.0	0.029035063	0.0	0.024654333	0.00373469	0.0
AGATCGTGTCAGACGA-1	0.30178314	0.0	0.84255826	0.03483446	0.0712565	0.026211606	0.0
AGCGATTAGACATCCT-1	0.0	0.0	0.7137885	0.0	0.4725581	0.0	0.0
TAACACGTCCTCACTG-1	0.6846727	0.119286984	0.280569	0.0	0.1382584	0.0	0.022560958
TCAGTGAAGGATATAC-1	1.3051805	0.049472455	0.0	0.0	0.0	0.0	0.01462336
AAGGAATAGGCGAACT-1	1.4133531	0.0	0.0	0.0	0.021841723	0.026682394	0.0068095294
AATCACGTCGGCTTGG-1	0.46063963	0.0	0.20518759	0.0	0.18336815	0.13340753	0.0
AGATGCTGTGGTTTGT-1	1.1232287	0.0	0.0	0.0	0.0	0.0	0.0
AGGAGGTGTCTCCTGT-1	0.43933794	0.0	0.4362327	0.0	0.28201455	0.0	0.24225347
CCCTTAGGTCGATGCC-1	0.38126165	0.06276333	0.26381078	0.053108864	0.14445636	0.07344563	0.0
CCTATCGAGGTGCCTC-1	0.0	0.0	0.8760325	0.0	0.069157936	0.18424737	0.12110344
CTCATTACAGCCTATA-1	0.17909417	0.0	0.24741484	0.0	0.58349824	0.0	0.0
GATTCGATCCTCTGCA-1	0.07650221	0.0	0.9034066	0.0	0.43879858	0.0	0.028731221
GGGTGAAAGAAACTGT-1	0.30564913	0.0	0.48190257	0.018291712	0.14889778	0.0	0.07069359
GTCCCATGTAGCACAG-1	0.70444393	0.072081044	0.13380831	0.22128916	0.13809855	0.0	0.0
GTGTAACAGGCTCCCA-1	1.0351572	0.00044000125	0.07844148	0.0	0.0	0.14339952	0.053782135
GTTCCGTAGTGAGGTC-1	0.37810472	0.6683606	0.028677331	0.0	0.022918586	0.0	0.0
TAACCAGAGTCATGAA-1	1.0023142	0.0	0.17634861	0.0	0.21382251	0.045724306	0.04260215
TATATCCGTCGAGCTC-1	0.97524697	0.03762935	0.0	0.18756774	0.0	0.0	0.0
TCCGTGTCACTGAATC-1	0.5338433	0.03238498	0.096470386	0.14659388	0.0283658	0.0	0.0023031123
TCCTCTTGTATTCCTT-1	0.31546322	0.097290605	0.8530263	0.0	0.0	0.0	0.004663733
TCCTGCAAGAACTTCC-1	1.0488594	0.0045552244	0.05650612	0.0	0.017187748	0.0	0.07065473
TGGGCGTTCTGCACCT-1	0.56838965	0.0	0.22921091	0.012111993	0.16090532	0.0	0.07042954
TTCAGGATCAGGGATG-1	0.0	0.05928356	0.47643724	0.0	0.5486744	0.0	0.05367087
TTTAGTCTCCGTGCGA-1	0.24026377	0.0	0.7907398	0.1410118	0.0	0.12837756	0.07035538
TGAGACTAGCATCCTA-1	0.079240024	0.0	0.39066485	0.0	0.36571327	0.0	0.0
AAACCCACAAATTAGG-1	0.0	0.4853862	0.7479649	0.0	0.0	0.0	0.0
AAATGGATCCGAACGC-1	0.67645955	0.31643155	0.1066258	0.0030515825	0.0441023	0.0023171476	0.039124295
AACAAAGAGACGTCCC-1	0.27028653	0.37311232	0.21036403	0.09838975	0.0	0.0	0.007262402
AACCATGGTAACATCC-1	0.0	0.0	1.7313169	0.0	0.0	0.0	0.0
AACGTCAAGTCGAAAT-1	0.55243146	0.7311673	0.0026316806	0.0	0.0	0.0825677	0.068701036
AAGACAAGTCCTCATC-1	0.019521521	0.34043646	0.66046524	0.0	0.0	0.13424955	0.1074226
AAGTACCGTCATCTAG-1	0.43887392	0.516399	0.038069163	0.0	0.0	0.017622516	0.0074659027
AATCGACAGTAACGAT-1	0.29709655	0.37720954	0.24186206	0.0	0.0	0.0	0.0
AATTTCCTCCGCGGAT-1	0.19425128	0.41743222	0.018791862	0.07081119	0.0	0.019598886	0.0012897166
ACAACCAGTTTGTGGT-1	0.44857794	0.46265438	0.0	0.10483385	0.0	0.03670924	0.030830156
ACAGCCGAGGCATGGT-1	0.23202345	0.45298865	0.063021615	0.11374057	0.0	0.008091448	0.0
ACATGCATCTATTGTC-1	0.024719486	0.0	0.5916512	0.0	0.0	0.0	0.0
ACCGTTCCAGTCGAGA-1	0.21942317	0.0	1.1262212	0.036289148	0.0	0.0	0.052838452
ACCTGAAAGTGTTGTC-1	0.18251985	0.637525	0.23637258	0.1275932	0.0	0.028105518	0.036844235
ACGGGTCTCCATCTAT-1	0.0	0.045762036	1.0743972	0.0	0.0	0.0	0.0
ACGTAGTTCAACCGAT-1	0.0	0.0	1.1193811	0.0	0.036825586	0.0	0.0
ACGTTCCAGACAACAT-1	0.15984519	0.30498064	0.17350002	0.12771423	0.0	0.0	0.0
ACTATCTAGCCAACCC-1	0.0	0.3403448	0.72907174	0.0	0.0	0.0	0.0
ACTGTCCAGCAGGTCA-1	0.0	0.41462427	0.2625056	0.27139503	0.01586156	0.0	0.0
ACTTAGGGTAGATGTA-1	0.55144376	0.50453496	0.13822235	0.0	0.0	0.0	0.0758959
AGAGAATGTACCGTGC-1	0.0	0.0	1.470178	0.0	0.01359923	0.0	0.0
AGAGCCCGTACTCGAT-1	0.073172405	0.3146842	0.56176335	0.063250564	0.0	0.007790212	0.025207557
AGCGCCACAATTGTGC-1	0.37636092	0.34794062	0.020083722	0.06817486	0.0	0.0	0.021276953
AGCGCCACAGGTGTTT-1	0.1790597	0.17740598	0.1446916	0.064918	0.0	0.12695928	0.009544029
AGCTACATCACTAGCA-1	0.07769697	0.51847076	0.18605655	0.0	0.0	0.0	0.0
AGGGTCCGTTGGTGTT-1	0.03550977	0.43182495	0.47893995	0.0	0.0	0.06900442	0.028932134
ATACCGAGTTTCGATG-1	0.6651003	0.2328771	0.20832473	0.0	0.0	0.0	0.013574984
ATGACCATCTGTGCTC-1	0.1781761	0.4272681	0.38716942	0.0	0.0	0.007796429	0.0
ATTCACTTCCATCGTC-1	0.41510376	0.07871778	0.51380414	0.0	0.031837724	0.007285296	0.0119428495
ATTCACTTCTCGTTTA-1	0.06794334	0.3799794	0.3915283	0.082524806	0.0	0.0	0.0
ATTCCTAAGATGAATC-1	0.0	0.0	1.4428134	0.0	0.0	0.0	0.0
CACGAATAGGTTAGTA-1	0.0	0.0	1.4849786	0.0	0.0	0.0	0.0
CATACCCGTGCCTGAC-1	0.37675148	0.12572922	0.2213794	0.19107711	0.040861316	0.07308243	0.0
CATAGACCACCGCTGA-1	0.0	0.09951929	1.1642371	0.0	0.0	0.0	0.0129837645
CCACAAACACTGGCCA-1	0.0	0.57597274	0.20997316	0.18636036	0.0	0.037814807	0.0
CCACCATGTCGAGTTT-1	0.36021784	0.69386697	0.03983201	0.02489228	0.0	0.0	0.0019584768
CCGATGGGTGCCTAAT-1	0.015772942	1.0451964	0.009416619	0.0052848402	0.0	0.08621901	0.016959475
CCTCCAAGTGTTAGCT-1	0.06021903	0.38971764	0.6834467	0.0	0.0	0.0	0.0078149205
CCTTCAGTCATTTCCA-1	0.053764112	0.27377963	0.46435955	0.0	0.0	0.0	0.0
CGAAGGAAGGATTCCT-1	0.0	0.9031617	0.17781572	0.029043373	0.0	0.04369738	0.153735
CGGAATTAGAACAGGA-1	0.0	0.7029123	0.3496548	0.0	0.0	0.0	0.00052082934
CGGCAGTGTAAGGCTG-1	0.114464745	0.31676704	0.24056156	0.0995709	0.0	0.07669091	0.019453235
CGGGTCACACCGCTAG-1	0.12774985	0.69683313	0.27868322	0.052382395	0.008973929	0.0031076923	0.0045049028
CGTCAAAGTATTGGCT-1	0.21065572	0.31602192	0.20846207	0.0	0.0	0.034641933	0.016182525
CTACCCAGTAGTTACC-1	0.0	0.83167684	0.19290912	0.035271827	0.0019077301	0.008777961	0.0
CTCCCTCGTACTGGGA-1	0.0	0.0	1.483221	0.0	0.0	0.0	0.0
CTCCCTCGTATGTCAC-1	0.3233804	0.34029013	0.098858155	0.006880398	0.0	0.0	0.0
CTGCCTACAGCGGTTC-1	0.47333017	0.13949066	0.09940999	0.023531465	0.0	0.0	0.0
CTTACCGAGGTTGACG-1	0.61419916	0.0	0.52377653	0.0	0.09680891	0.0	0.005601164
GAAGGACCACCATTCC-1	0.0	0.043708965	0.58956516	0.06898157	0.0	0.0	0.0
GACTCAATCTCTGGTC-1	0.007960815	0.27681622	0.4896515	0.075907886	0.0	0.0	0.049871217
GATGACTGTGTAAATG-1	0.09926726	0.4660716	0.17417715	0.0	0.0	0.0	0.0
GCAACATAGTGGCCTC-1	0.0	0.10205222	1.0819958	0.0	0.0	0.0	0.0
GTAGATCGTCTTCTAT-1	0.0	0.55168086	0.33748367	0.35200116	0.0	0.11517506	0.0
GTCTCACTCATGCAGT-1	0.0	0.26967496	0.34066635	0.14366247	0.0073880577	0.0	0.0
GTGCACGTCTTGGATG-1	0.0	0.56587195	0.41148356	0.07971108	0.011973216	0.0	0.0
GTTAGTGTCGCTCATC-1	0.20930229	0.0	1.0124274	0.036241565	0.0	0.014034957	0.008768331
GTTCATTGTCACTCGG-1	0.36506984	0.5007825	0.06621573	0.19832082	0.0	0.0	0.0
GTTGCGGGTTCCACGG-1	0.23005708	0.32134748	0.23703071	0.030825414	0.06136759	0.0	0.0
TAAGCCAAGCAAACAT-1	0.0	0.72074634	0.038059276	0.14266764	0.0	0.0	0.0
TATATCCCAGCATTGT-1	0.2878492	0.3492926	0.2873288	0.0	0.0	0.0	0.0
TCACGCTCAGAGTGAC-1	0.14237645	0.5396417	0.22256888	0.18660566	0.0	0.06302558	0.0
TCATTCAAGGCGAAGG-1	0.35867125	0.7069082	0.043345053	0.0	0.0	0.0	0.07126161
TCCGATCTCATTACCT-1	0.10540226	0.26396933	0.08876436	0.13222905	0.0	0.0	0.0035150074
TCCTCCCAGTATAGAC-1	0.4839459	0.34726888	0.24535792	0.0	0.0	0.047354404	0.060803656
TGCAGGCTCAAATGCC-1	0.0	0.44952065	0.4327059	0.022501688	0.014949004	0.0	0.0
TGGGCTGGTTGGCCTG-1	0.0	0.36433908	0.9380161	0.0	0.0	0.0085251285	0.0
TGGTTAGTCTGGCCTT-1	0.0	6.821082e-05	0.5556574	0.21770272	0.16242975	0.0	0.043062463
TTCACCGTCCGCACGA-1	0.12571317	0.31442693	0.31694898	0.07431122	0.0	0.015748255	0.01101977
TTGCTGCTCGTTCATT-1	0.0	0.14570363	0.676028	0.0	0.0	0.0	0.0
ACCAACAGTGTTTGCA-1	0.3254865	0.0	0.41544458	0.46112505	0.03630637	0.0	0.0
ATAGAGACAGTCGCAC-1	0.0	0.0	1.2264274	0.0	0.0	0.0	0.00914217
CGAATTGTCGTTTACT-1	0.55330527	0.26831102	0.05865187	0.01207416	0.0	0.04607405	0.0
CGTCCATCAATGCTCA-1	0.3361337	0.5129369	0.0020707857	0.024393843	0.0	0.0	0.005582314
GCAGCTGGTGGATTTC-1	0.30971658	0.32347217	0.29851782	0.0	0.0	0.018779477	0.025165733
AACAAAGTCGGAGATG-1	0.4452104	0.0	0.7126744	0.0	0.0	0.0	0.11876387
AACCTGAGTTCTCCAC-1	0.0	0.0	1.2645316	0.0	0.0	0.0	0.0
AAGAACATCGGTCAGC-1	0.7475546	0.7082716	0.0	0.0	0.0	0.0	0.08599749
AAGCCATAGAAACTAC-1	0.82572633	0.21389261	0.0	0.0	0.0	0.0	0.10396182
AAGGAATGTGAGATCG-1	0.1818239	0.27023917	0.32279217	0.1037014	0.016381007	0.020676974	0.048200715
AATTCCTTCCCTTGGT-1	0.26654738	0.70262355	0.2345415	0.0	0.0	0.0	0.01131771
ACATCCCCACAGCTTA-1	0.35438216	0.40692595	0.29033017	0.0	0.0	0.0	0.036910173
ACATGCACAACGACTT-1	0.0	0.44294783	0.33427092	0.0	0.0	0.0	0.0
ACCTACCGTATCCTTT-1	0.094301686	0.48210236	0.0662338	0.29763246	0.014382964	0.0	0.018226175
ACTATTCCAGGTTCGC-1	0.5146612	0.20889273	0.101554684	0.0	0.0	0.0	0.024524923
ACTTATCGTATCCTCC-1	0.0	0.0	1.4109094	0.0	0.0	0.0	0.0
AGAAGCGTCGTTCATT-1	0.0	0.16713214	0.6712844	0.085151106	0.044962224	0.0	0.0
AGCCACGAGGAACGCT-1	0.055993456	0.21068121	0.8665048	0.0	0.0	0.1368107	0.016864568
AGCTCAACAACTGCCG-1	0.6459369	0.4115909	0.0	0.0	0.0	0.0	0.038334247
AGTTCGAGTATGCGGA-1	0.1201496	0.28983176	0.5520556	0.0	0.059584532	0.0	0.0
ATCGGATCAGGTTCGC-1	0.14815001	0.3853644	0.44994983	0.10804953	0.0	0.0	0.080568574
ATGAAAGTCATGAAAG-1	0.0	0.9298623	0.40893987	0.0	0.0	0.0	0.0
CAATCGATCGATACGT-1	0.5347342	0.68539596	0.0	0.0	0.0	0.0	0.0314468
CACCAAAGTGACGTCC-1	0.13251694	0.47629794	0.3625445	0.0	0.0	0.0031350637	0.045483805
CACGTTCAGATTGCGG-1	0.046342686	0.68355525	0.24012803	0.0	0.0	0.0	0.0481702
CAGTGCGAGCTGAGTG-1	0.0	0.27042145	0.36374807	0.44992578	0.0	0.0	0.0
CATCGCTAGGGCAACT-1	0.17961282	0.49126458	0.32247213	0.0	0.0	0.0	0.011081611
CATTCCGAGATAACAC-1	0.06573365	0.5747594	0.44883955	0.0	0.0	0.0	0.0
CATTGAGCAGTTGGTT-1	0.6306322	0.31087428	0.22124353	0.0	0.0	0.010705247	0.0019940245
CCACCATTCCACGTCT-1	0.39992175	0.22733171	0.13470379	0.009714141	0.0	0.0	0.0126547385
CCCTCAATCACTTTGT-1	0.0	0.0	0.90973794	0.0	0.21762986	0.0	0.0
CCGGGTAGTTATGTGC-1	0.0	0.0	1.4140031	0.0	0.08285013	0.0	0.0
CCTCTAGCACGATTCA-1	0.29187545	0.14474899	0.13181	0.36207324	0.03401962	0.030176533	0.0
CCTCTCCGTCGGATTT-1	0.0	0.18332155	0.98295385	0.0	0.0	0.0	0.0
CCTGCATTCTGGCCAG-1	0.09106194	0.6338293	0.19679067	0.0	0.03235798	0.0	0.06358516
CGAAGGAGTTTACCAG-1	0.0	0.31913897	0.8503504	0.028662832	0.0	0.0	0.008568754
CGTAATGGTCGAACAG-1	0.30188626	0.10757789	0.5366507	0.10268868	0.0	0.16001469	0.08401418
CTGGACGGTCCTATAG-1	0.009738349	0.37176612	0.69997936	0.0	0.02290365	0.08547304	0.0
CTGTATTAGGCCACCT-1	0.0	0.05136749	0.76757705	0.0	0.0005832726	0.0	0.0
GAACACTCATCTCGTC-1	0.0	0.84091425	0.1996851	0.0	0.0	0.0	0.08510133
GACCCAGTCGCGGTAC-1	0.0	0.0	1.0946445	0.0	0.0	0.020518893	0.0075631416
GACCTTCTCCGTTGAA-1	0.3552945	0.49096623	0.25915474	0.0	0.0	0.018365316	0.0
GACGCTGAGTGGCGAT-1	0.3049651	0.7642889	0.25427127	0.045722287	0.0	0.009421426	0.0033771852
GAGACTTCAGCTTCCT-1	0.10092695	0.30197188	0.09186341	0.3798263	0.0	0.0	0.0
GAGGGTACATCCTCAC-1	0.0	0.0	1.0233254	0.0	0.0	0.0	0.0
GAGTTTGCAAGCCCAC-1	0.11661453	0.48991942	0.29229277	0.16156001	0.0	0.0	0.0022062128
GATCGTACAACGGTAG-1	0.25479212	0.32188082	0.32372147	0.0	0.0	0.2872584	0.018868612
GATGACTTCATTGCCC-1	0.34169352	0.3071915	0.15718599	0.05327134	0.0	0.057269834	0.017221553
GCAACATCATCGGCCA-1	0.105630375	0.29409564	0.74493873	0.0	0.0	0.081265636	0.062279202
GCACGTGTCGCTATTT-1	0.8426309	0.3541828	0.07841307	0.0	0.0	0.087505184	0.107800834
GCCAGGTCACCGGTCA-1	0.18214834	0.38998735	0.5573384	0.0	0.0	0.038688105	0.007646484
GCCAGTGCAGTCAGTT-1	0.07679437	0.4392484	0.0	0.56160975	0.041906826	0.038342666	0.14701642
GCCCAGACACTCGATA-1	0.3578748	0.067388155	0.8476215	0.0	0.0	0.0	0.0
GCTTTCGAGGCACTAG-1	0.36857772	0.6524155	0.031632163	0.0	0.0	0.035248406	0.0
GGGACTCAGTTCATCG-1	0.100309126	0.5724571	0.21347383	0.028797757	0.0	0.0	0.012064355
GGGATGAAGTCACACT-1	0.25310317	0.41929403	0.2108635	0.35571665	0.0	0.12889977	0.0
GGGCTACCATGTCGTA-1	0.05530185	0.25091642	0.3724909	0.0	0.0	0.0	0.0046653724
GGGTGTCGTCTTGCGG-1	0.44489938	0.015696453	0.38282993	0.0	0.0	0.046359215	0.0
GGGTTTAAGTGGATAT-1	0.025131518	0.23808213	0.2825921	0.04939089	0.0	0.07382071	0.0
GGTCTGGCAAATAAGC-1	0.0	0.0	0.5229622	0.4333734	0.057327494	0.028942823	0.019874038
GGTTAACAGCCTATCA-1	0.0	0.41561618	0.47301498	0.0	0.0	0.0	0.09077775
GTAATCGAGATTGACA-1	0.36324307	0.5438412	0.40825891	0.09265717	0.019363783	0.0	0.0
GTCGTTCTCTAGATCG-1	0.0	0.59230876	0.3339807	0.0	0.0	0.039545227	0.0
TAACGACTCACGTCCT-1	0.0060929037	0.0	0.888742	0.0	0.0664076	0.0	0.0
TAACTTCCACTGAGGA-1	0.0	0.0	1.2988206	0.0	0.07816062	0.0	0.0
TACACCCGTGGATTTC-1	0.16968173	0.044682052	0.41719136	0.0	0.0	0.067290366	0.045033503
TACTTACAGTACTGTC-1	0.259944	0.39852062	0.37456542	0.0	0.016904013	0.0	0.017026953
TACTTACGTAGACGGT-1	0.045867477	0.4643008	0.37699404	0.0	0.0	0.0426943	0.073831156
TAGCACAAGATGGTAT-1	0.34784266	0.6675653	0.062048614	0.038161095	0.0	0.0	0.008810003
TATCGCCCAAATGGAT-1	0.0	0.26388893	0.61714417	0.0	0.0	0.0	0.0
TATGTTCAGGGCCCTT-1	0.050154295	0.21524957	0.0937597	0.06324101	0.0	0.0	0.0
TCACAAGTCACCGGTG-1	0.14148162	0.22147976	0.45450675	0.040437065	0.0	0.017158238	0.025932975
TCACTCGAGAGCAAGA-1	0.21043442	0.5099269	0.15788898	0.0	0.0	0.034367777	0.04619081
TCAGGGCGTCCATCTC-1	0.0	0.7690218	0.21742675	0.03803934	0.017852914	0.0	0.008269344
TCAGTCCTCTTGGATG-1	0.0	0.24071951	0.54043967	0.24517755	0.0	0.0	0.0
TCATCCGGTGCCTATA-1	0.13229685	0.66044605	0.049526095	0.0	0.0	0.0	0.010615946
TCATGCCTCTAGTACG-1	0.2184758	0.67928106	0.053165097	0.02067804	0.017874235	0.07212106	0.014341757
TCATTTGTCTAGATCG-1	0.21473806	0.0	0.75293595	0.2713105	0.0	0.0503662	0.023552492
TCCGGGAAGGGAGATA-1	0.0	0.0	1.1939188	0.0	0.0	0.0	0.0
TCCTCTTCAGAGACTG-1	0.0	0.0	1.1502912	0.0	0.0	0.0	0.0
TCCTTTCCACTCTAGA-1	0.21327618	0.3606336	0.10579935	0.068400584	0.0	0.0	0.0
TCGAACATCGATCCCT-1	0.24255168	0.59746313	0.36751655	0.06966041	0.0	0.0	0.031227037
TCTACCGTCTTACCGC-1	0.0	0.0	1.3865643	0.0	0.0	0.0	0.0
TCTGCCATCCGAGGCT-1	0.06275683	0.19360738	0.2942364	0.34501454	0.0	0.035921223	0.041433327
TGACCCTTCTGCTGAA-1	0.24000473	0.6682157	0.056263477	0.083336055	0.0	0.0034078	0.016931593
TGCATCCAGACCCGCT-1	0.06818259	0.53598386	0.19160038	0.0	0.0	0.0	0.016703002
TGCCGAGCAGACGATG-1	0.0	0.0	1.1451161	0.0	0.0	0.0	0.046833444
TGCGACGGTTGAGTCT-1	0.0	0.0	1.5765142	0.0	0.0	0.0	0.0
TGGGAGAAGCTGAGCA-1	0.09496292	0.56656134	0.621674	0.0	0.006748938	0.0	0.04925006
TGGTAGTGTCGTCTCT-1	0.61353576	0.4563251	0.13707434	0.1544626	0.0	0.09049871	0.049077768
TGGTGATTCCATCGTC-1	0.11552584	0.72804743	0.27131027	0.25083625	0.0	0.0	0.0
TGTAACGAGAGTTGAT-1	0.7575885	0.19611329	0.0	0.0	0.0	0.0	0.08553508
TGTGTGAGTGAGGAAA-1	0.2691418	0.1603103	0.5187616	0.0	0.0	0.049710076	0.006277466
TTCATTGTCACCTTAT-1	0.2320132	0.33674544	0.15173152	0.110219404	0.0	0.0	0.03587627
TTCCTCTTCATAGCAC-1	0.3345308	0.37327984	0.1487508	0.013077022	0.0	0.0	0.0
TTCGCTGAGTGCACAG-1	0.20462547	0.904731	0.0125764515	0.0	0.029114103	0.0	0.027403954
TTCTTGAAGTGGTCAG-1	0.07252773	0.42885303	0.20995325	0.115451135	0.0108178165	0.039377663	0.0013924292
TTCTTGAGTCAGGTAG-1	0.56667495	0.36542797	0.12853393	0.04021101	0.0049311346	0.0	0.024362892
TTGGGTATCTATCGCC-1	0.43302393	0.30401018	0.107636124	0.2022118	0.0	0.07502156	0.01834446
TTTAGTCAGACCTTTG-1	0.0	0.7081646	0.31484973	0.0	0.03893542	0.0	0.06783083
TTTAGTCGTATTCTCT-1	0.31018895	0.3103991	0.36662498	0.0	0.0	0.0	0.01967276
AGTTCCCCAAACACGG-1	0.083295874	0.52061814	0.2451201	0.081094824	0.0	0.0	0.0
GTGAGTTTCTCTAGGA-1	0.044506475	0.24093242	0.49448514	0.08396605	0.03634554	0.0016095268	0.0006707737
CAGTTAGAGCAACCAG-1	0.8269482	0.48645586	0.0	0.0	0.0	0.0	0.0
GTCCCATCACAGGATG-1	0.0	0.0	1.6112894	0.0	0.0	0.0	0.0
CATGCTCCAACAGATA-1	0.346354	0.33746523	0.078101	0.005337622	0.0	0.01914413	0.0
TACGTCCCATGCCGGT-1	0.036548816	0.04595011	0.9269812	0.10162023	0.0029468345	0.0	0.0
ATTATCCCACCCAACG-1	0.1872239	0.12481675	0.5327278	0.0043316274	0.048031576	0.0	0.0
CCTCAACTCAGCCTTC-1	0.12795335	0.28613448	0.18681316	0.0519425	0.0021973213	0.009250418	0.0
CGACAGCCAAGTATAG-1	0.19436878	0.012959839	0.5072049	0.0063532484	0.09355602	0.0	0.24921477
CTCCACAGTCCGAAAG-1	0.119821854	0.13408762	0.81134593	0.0	0.06710892	0.0	0.0
GCCAACGTCTTTCTAG-1	0.10887965	0.17160966	0.6524511	0.0	0.19875444	0.0	0.0
GGCTTGGGTTGTCTAG-1	0.6704798	0.0	0.3954961	0.1119968	0.060012165	0.009529414	0.024949659
TGCAGTAGTAGTATAG-1	0.31753305	0.23934168	0.559845	0.0030402234	0.0	0.19634129	0.09751066
ATTCCTATCACACCCT-1	0.22127473	0.12069114	0.4927834	0.0	0.0	0.0	0.0
GACTGATTCCGCAGTG-1	0.246055	0.51291764	0.20553768	0.09642315	0.011421017	0.0032744294	0.0070860083
CATCGCTAGGTGGTTG-1	0.0	0.0	0.91466314	0.0	0.11373988	0.0	0.0
AAACGCTCACGGTGTC-1	0.21024562	0.5569644	0.15954268	0.022618767	0.0	0.0	0.0
ATGAGTCCATTGCCTC-1	0.0	0.0	1.6501225	0.0	0.013736304	0.0	0.0
CTGTGGGCATGAATCC-1	0.5893732	0.30027434	0.0	0.014897188	0.0	0.0	0.017115708
TTGTGTTAGCGCAATG-1	0.14389315	0.0	0.53223443	0.32706818	0.13200067	0.0	0.0
CATGCTCCAGCTGCCA-1	0.0	0.16121238	0.6706286	0.11802278	0.0	0.0	0.0
CCGTAGGTCATTCTTG-1	0.19444747	0.20140715	0.25302628	0.0066291443	0.122100025	0.0	0.0
CGCGTGACAGGGTCTC-1	0.25334528	0.13114026	0.11025294	0.71400344	0.0	0.0	0.0
TGTGATGGTCTTTATC-1	0.0	0.0	1.3736876	0.0	0.14320922	0.0	0.0
TCTAACTAGCGGTATG-1	0.8505887	0.043566946	0.080732405	0.05932158	0.0	0.0	0.0
AAGCCATCATAGTCAC-1	0.45549232	0.3136473	0.1268181	0.24803174	0.061487183	0.093285486	0.009546937
GGTGATTGTTGCCTAA-1	0.42455146	0.45628378	0.17994635	0.0	0.038304254	0.02288226	0.010603128
AGCGCCATCCTTATCA-1	0.7395118	0.13728605	0.3822439	0.0	0.0	0.0	0.0
AGGCATTAGCACACCC-1	0.93002445	0.06714873	0.07188097	0.081269704	0.0	0.0	0.12281766
CAAGGGAAGCACCCAC-1	0.0	0.16455036	0.6839015	0.19062361	0.03973656	0.0	0.0
CAGCAGCTCAGCTGAT-1	0.37411135	0.0	0.56161183	0.032179922	0.057807922	0.0	0.0
CATCGGGAGGAAACGA-1	0.017885111	0.0	0.8677662	0.38629133	0.08926575	0.0	0.0
CATCGTCAGTAGATCA-1	0.03783481	0.0	1.2119269	0.08723076	0.03499562	0.0	0.035624925
CATGCTCAGTAGGAAG-1	0.0	0.0	1.2051718	0.0	0.0	0.0	0.09704663
CCCATTGGTATGAGGC-1	0.0	0.0	1.0815743	0.0	0.0	0.0	0.0
CCTTTGGCACCTCGTT-1	0.35638514	0.0	0.6850749	0.28072596	0.09452569	0.0	0.0
CGATGCGTCCTGCTAC-1	1.1112579	0.0	0.20575991	0.020358527	0.0	0.061367232	0.0
CTCGAGGGTCCATAGT-1	0.8463931	0.34485433	0.0	0.0	0.0	0.0	0.0
CTGTATTTCAATCCGA-1	0.44091538	0.24804954	0.05579393	0.0	0.0	0.0	0.0
CTTGATTAGTTATGGA-1	0.31831446	0.015458085	0.6946722	0.0	0.0	0.0	0.0
GAGTGTTAGAAGAACG-1	0.17954536	0.0	0.8568287	0.0	0.2903915	0.0	0.11762388
GAGTTGTCAATGTCAC-1	1.1693845	0.15290454	0.044776876	0.0	0.0	0.0	0.0
GGACGTCGTCAGTCCG-1	0.40132248	0.21123841	0.5270831	0.0067311386	0.0082582785	0.0	0.033220764
GGCTTTCCACCCTAGG-1	0.1403791	0.0	1.2125034	0.12314821	0.022541313	0.0	0.0
GTAGGAGCAACTCCCT-1	0.41181582	0.37658286	0.116324246	0.0	0.0	0.0	0.0
GTGACGCGTGATGGCA-1	0.55943793	0.0	0.5732564	0.0	0.050951123	0.0	0.025925843
TAATCTCAGTATGTAG-1	0.089250855	0.39634433	0.3562781	0.0	0.0	0.0	0.10828713
TACGCTCGTTAACAGA-1	0.0	0.0	0.9406763	0.31036645	0.0	0.25628927	0.0
TCCCACATCCTCTAAT-1	0.0	0.0	1.1312578	0.0	0.0	0.0	0.0
TCGGTCTGTTACCGTA-1	0.81921226	0.3805372	0.032200057	0.0	0.0	0.09238729	0.0
TGATCTTTCTACAGGT-1	0.48646426	0.37677228	0.06128444	0.04663417	0.0	0.0389745	0.0
TTACAGGAGTGACCTT-1	0.24152654	0.20788147	0.8235505	0.0	0.0	0.0	0.01303558
GATTGGTCAGAGTTCT-1	0.15970017	0.48774692	0.08079478	0.16956595	0.0059795673	0.01527926	0.016628612
ATTCTACGTATGCAAA-1	0.8667806	0.21781123	0.11749436	0.01094182	0.0072418717	0.019779745	0.007051846
ATTTCACTCTGAGGCC-1	0.5975361	0.25545663	0.09374057	0.24298896	0.0	0.0	0.023446145
CATTGCCGTCGCACAC-1	0.10559759	0.040140126	0.9225263	0.036969382	0.0	0.0	0.0
CCACACTAGGCACAAC-1	0.23666646	0.0	1.2893951	0.0	0.038721208	0.0	0.0
CTCTCAGTCTCACCCA-1	0.38897094	0.53521276	0.09741808	0.05017271	0.0	0.0	0.04811671
GGTCACGCACACGTGC-1	0.0	0.0	1.702734	0.0	0.0	0.0	0.0
TATCTGTTCTGGGTCG-1	0.8173771	0.24133606	0.23782295	0.0	0.0	0.0	0.045321222
TCGAACAAGCATCCCG-1	0.18418644	0.71402836	0.37336946	0.0	0.0	0.037957024	0.038508482
TCTGGCTGTGCAAGAC-1	0.62369037	0.33132157	0.08683562	0.21744125	0.0	0.004545954	0.0
TTCTGTACAACTGCCG-1	0.5852391	0.27745205	0.15208018	0.062215358	0.0	0.021447532	0.050743014
TTTGACTGTGCCCACA-1	0.156072	0.5046455	0.39794832	0.0069784583	0.030758051	0.018591791	0.0
TTTGGAGTCAATCTCT-1	0.89716095	0.098713644	0.025492668	0.04119155	0.0	0.0	0.0
ACTTATCGTTGGGACA-1	0.07724126	0.06585364	0.80053765	0.0	0.08128482	0.016938198	0.05763807
ACTTTGTCAAGCGGAT-1	0.0	0.0	1.2069881	0.0	0.03343639	0.0	0.0056964117
AGAACCTGTGTATTCG-1	0.45020497	0.1869876	0.17011547	0.0	0.0	0.0	0.015470129
GAAGCCCTCCTCATAT-1	0.21168573	0.19939066	0.2729637	0.018001836	0.0	0.0	0.0
GATCCCTCACCAAAGG-1	0.4980418	0.04893874	0.7065554	0.0	0.016803127	0.045090828	0.022708658
GGGTCACTCGATTCCC-1	0.39923185	0.16156718	0.41229865	0.0	0.048300955	0.0	0.0
GGTGTTAGTGGCTCTG-1	0.47445405	0.4637566	0.0780273	0.0857189	0.009098992	0.0	0.0
TACAGGTGTTCCTAGA-1	0.0	0.5194359	0.45179752	0.12646417	0.0	0.0	0.0
TCAGCCTTCATTACCT-1	0.36769268	0.11803883	0.059053723	0.010959164	0.0	0.0	0.0
TTGAGTGGTAAGCTCT-1	0.0	0.0	1.1203502	0.32154197	0.0	0.0	0.0
TCTTTGAAGGTCACCC-1	0.360469	0.79196393	0.078034714	0.032698784	0.0	0.0	0.017905673
TCTGTCGGTAGACGGT-1	0.0	0.4019448	0.1752886	0.5657612	0.05942686	0.0	0.0
AGTTAGCGTACGCTAT-1	0.07670088	0.40902746	0.08717993	0.40454096	0.0	0.022624014	0.00746994
GGGATGAAGTGCACAG-1	0.23555234	0.574614	0.18881658	0.00081986544	0.0	0.12045135	0.0
TATTTCGTCCATACTT-1	0.038653627	0.4966301	0.28233778	0.49306235	0.035244405	0.0	0.0
TTTGGTTGTTTGTTCT-1	0.26333734	0.13423418	0.3901286	0.4321286	0.07837312	0.0	0.0
ATGGGAGCAAGTGTCT-1	0.45330092	0.37032422	0.083479896	0.256922	0.0	0.0	0.019902162
ATTCAGGTCCTCAGAA-1	0.5236407	0.0	0.18366806	0.23755677	0.0	0.014996322	0.0
CTCAGAATCTACCACC-1	0.4322285	0.45842484	0.0	0.11422588	0.0	0.045608915	0.0
GACTTCCGTGACCTGC-1	0.08535065	0.22238271	0.522283	0.15071398	0.0	0.061072994	0.0
GATTCTTAGATAGTCA-1	0.71307015	0.3230073	0.0	0.0	0.0	0.13195162	0.02384061
GCACTAACACCCTGTT-1	0.258243	0.6029205	0.0	0.114388	0.0	0.0189309	0.0
AACCATGTCCGAGAAG-1	0.0	0.47830796	0.37616765	0.13098146	0.0	0.06370609	0.0056168986
GGGACTCTCCTTATAC-1	0.10327034	0.9729665	0.048091855	0.013102311	0.0	0.033018705	0.05421044
GGGTTATGTACGCTAT-1	0.5065213	0.43849695	0.0	0.0	0.0	0.069005504	0.022538578
TATATCCGTACTGCCG-1	0.07212357	0.55008924	0.171966	0.16281733	0.0014985919	0.0938893	0.03512967
ACGTACAAGGGACACT-1	0.5237885	0.15555447	0.19283953	0.0	0.0	0.11013442	0.0059490553
TCCACCATCGAAGCCC-1	0.35071906	0.0	0.2573912	0.02437878	0.39175653	0.10855694	0.027471542
CCACTTGGTACGATTC-1	0.028284075	0.33800086	0.32267907	0.21357924	0.053651266	0.0	0.00069340307
CTCCGATCAATGGCAG-1	0.28911564	0.4575004	0.0	0.0	0.04611273	0.0	0.07306462
TTACCATGTTTCCAAG-1	0.27873808	0.50163287	0.09090509	0.14464402	0.011083291	0.0	0.0
AATGACCAGTACCATC-1	0.0	0.09445822	1.3292465	0.0	0.0	0.028546974	0.0
AGTCACACAGCAGTAG-1	0.09127878	0.0	0.998243	0.015847685	0.08137748	0.0	0.07358652
CTCAACCTCATCTCTA-1	0.29292464	0.1741685	0.38075456	0.07788183	0.0	0.18426354	0.0
GAGTCTAAGTTGTCAC-1	0.23295148	0.33920696	0.26998922	0.34575325	0.0	0.038653582	0.09537434
GCATCTCTCCTACACC-1	0.43134347	0.31782717	0.25268173	0.0	0.0	0.0	0.0
TCAGCAAAGAATCTAG-1	0.0	0.0	0.61734086	0.5068994	0.0	0.14689617	0.0
TTCTTGATCATCACTT-1	0.59783834	0.0987026	0.11271444	0.0	0.0	0.040051833	0.0
CAGCAATGTCACCGCA-1	0.5625977	0.39236066	0.0	0.0	0.02946728	0.04999962	0.07821116
TGGAGGAAGAGTATAC-1	0.0	0.9165014	0.034948584	0.0	0.13273646	0.0	0.0065263067
GTAGGAGGTGGCTACC-1	0.0	0.0	0.3787851	0.559326	0.0	0.3105174	0.0
TACCTCGCAAGTCCAT-1	0.28901523	0.24299783	0.07207255	0.099739246	0.0	0.0	0.0
TTACTGTTCAACGCTA-1	0.121029094	0.09830099	0.16465476	0.66526943	0.0	0.0	0.014271542
CATACAGAGAGCCATG-1	0.6899117	0.078109875	0.0	0.0	0.0	0.23610409	0.11570799
GTTGTGAGTCCAGGTC-1	0.6909986	0.26291105	0.07022296	0.0	0.0	0.0	0.07140408
TCAGTCCAGTATTCCG-1	0.29056877	0.0	0.7156524	0.19064696	0.100671984	0.051900804	0.006250286
TGTCCACAGCTAGAGC-1	0.7868029	0.23526645	0.0	0.09996626	0.0	0.073051736	0.026674319
TTCACCGAGCGTGAGT-1	0.1398937	0.0	0.5088366	0.52501816	0.033514243	0.052911956	0.026173703
CAAGACTGTTTCACTT-1	0.0	0.0	0.94766957	0.0	0.064221576	0.0	0.0
CCACGTTCATAGCTGT-1	0.044040274	0.02334042	0.35989675	0.4780866	0.0	0.0	0.0
GACTATGGTATGCTTG-1	0.3857659	0.46013004	0.271555	0.20638274	0.0	0.110453315	0.0
GCCAGGTTCGTTCTCG-1	0.04335767	0.0	1.0618074	0.0	0.0	0.08152889	0.0
GCCATGGTCTCAGTCC-1	0.45250174	0.54360676	0.14208618	0.0	0.0028744903	0.06394979	0.0
TATCAGGCACACACGC-1	0.4211297	0.0	0.20257369	0.23885457	0.0	0.07174754	0.0
TCGACGGTCTTCCCGA-1	0.52475786	0.10856775	0.0	0.3689791	0.0	0.14555539	0.0
TTAATCCGTCTAGTGT-1	0.5680773	0.47135073	0.046994735	0.0	0.0	0.14733182	0.0
TTTAGTCAGCAGATAT-1	0.3522589	0.13963658	0.33319008	0.0	0.0635201	0.24575537	0.0
GAAGTAATCACGAACT-1	0.0	0.20467263	0.29347655	0.434756	0.0	0.0	0.11085126
GACCCAGTCAACTGGT-1	0.15260653	0.009792504	0.903996	0.0	0.0	0.0	0.031895768
GGGTTATAGGGATGTC-1	0.0	0.0	0.05741927	0.0	0.29688764	0.47139257	0.19681503
TCCTTCTGTCAGTCTA-1	0.093888484	0.015467254	0.9090226	0.0	0.0	0.0	0.0
TTCCACGGTCCTACAA-1	0.23063125	0.43210882	0.0	0.24779983	0.0	0.0	0.0036397213
GGGCTACTCTATCCAT-1	0.018698055	0.4043124	0.23180686	0.4459231	0.045515332	0.0	0.0
CAATGACCAGGCATTT-1	0.2256646	0.3364291	0.45502436	0.019739673	0.0518565	0.0	0.022879364
GAAGCCCTCGGCTGAC-1	0.13438247	0.0	0.6726619	0.19201864	0.0	0.0	0.0
ATTGGGTCACGACCTG-1	0.45308068	0.31009778	0.08258771	0.0	0.0	0.19424313	0.0
TACGGGCCATATCTCT-1	0.2986284	0.26428095	0.3076571	0.0	0.0	0.0	0.0
TCCCAGTTCATTATCC-1	0.0033126154	0.38682324	0.34931186	0.14975046	0.0	0.0	0.0
GACCCAGTCGCTTGCT-1	0.0	0.28823456	0.7194058	0.1017088	0.0	0.0	0.045141153
AGTGCCGTCTCGCTTG-1	0.0	0.5301608	0.41765612	0.122920044	0.0	0.085130125	0.0
AATAGAGCATGTGCCG-1	0.16774581	0.09360401	0.07413668	0.17348385	0.0029598896	0.03615467	0.07577082
ATAGAGAGTTTCCCAC-1	0.0	0.0	0.9739595	0.0	0.3074857	0.0	0.0
CATAGACGTGAAAGTT-1	0.0	0.19890608	0.19225505	0.55851895	0.015708974	0.08435253	0.11517211
CCACACTTCGCTACAA-1	0.07807882	0.6043611	0.17551303	0.10729934	0.0	0.07921396	0.0018343772
CTCAGTCTCAGACATC-1	0.0	0.0	1.013284	0.21612902	0.21458568	0.034138083	0.0
GGGATCCCAGACATCT-1	0.0	0.44225395	0.34524307	0.3646114	0.2518381	0.0	0.0
GTCCTCACACGACGAA-1	0.18147145	0.61571455	0.0	0.12579282	0.0	0.005289411	0.0
AGGTTACCACATTCTT-1	0.091186	0.28768796	0.6139128	0.17088145	0.109523214	0.0	0.0
GAGAGGTGTACCTGTA-1	0.5599975	0.3248415	0.07028747	0.0	0.003269296	0.010004662	0.0
CACCAAACAAACGGCA-1	0.5528818	0.5362145	0.0	0.0	0.08165442	0.0	0.008824669
CCTTGTGAGTCACAGG-1	0.21589825	0.5030327	0.12570502	0.08053386	0.24476855	0.0	0.0
AACCACAGTCATCTAG-1	0.7987635	0.27706048	0.0	0.0	0.0	0.15369397	0.0
AATTCCTAGACGCTCC-1	0.02210315	0.029709198	1.0055822	0.0	0.0	0.06043909	0.0071763042
AGCCAATCAACTGCCG-1	0.61430055	0.5997685	0.0	0.0	0.0	0.0107362745	0.0
AGGCTGCGTTCTTCAT-1	0.7430623	0.06593888	0.030137386	0.13898863	0.013648796	0.08028261	0.11261358
CCTCACAGTCATATGC-1	0.0	0.0	0.92563313	0.0	0.25230244	0.019879946	0.015863156
CGTGATAGTACAGAGC-1	0.68094003	0.41229314	0.058453437	0.0	0.0	0.0809746	0.01090219
CTGTGAAAGTCCTGTA-1	0.62157476	0.3505974	0.0	0.0	0.0	0.0	0.018163325
CTTCGGTCATAGTCAC-1	0.5110698	0.26608172	0.10093449	0.027323363	0.0	0.082733735	0.007135519
GATCAGTTCTGCACCT-1	0.38121623	0.46470636	0.0	0.0	0.0	0.0	0.18339726
GTTAGACGTTGCATCA-1	0.09898979	0.058244787	0.20649852	0.32228974	0.04548597	0.11152707	0.0
TCAATCTGTCGCATGC-1	0.12848999	0.0	0.81160855	0.0	0.011142551	0.16467525	0.0
TCACACCTCGAACGCC-1	0.65901935	0.2691761	0.029886805	0.0	0.10366362	0.04252194	0.008272481
TCTACCGCACAATTCG-1	0.13634962	0.0	1.0382059	0.0	0.0020408463	0.0	0.0
TTTAGTCCAGCGAACA-1	0.5091601	0.00223081	0.0016676593	0.33058727	0.0	0.025210697	0.036853906
ATCTTCATCGATACTG-1	0.7645083	0.30244106	0.09043121	0.0	0.0	0.0	0.0
AACACACAGAGTCGAC-1	0.13146158	0.35936388	0.6858213	0.0	0.0	0.006550781	0.0
TAATCTCAGGTAGACC-1	0.492297	0.07900956	0.10406262	0.043348942	0.036128175	0.09199214	0.050838534
TCGAACAAGCTCGTGC-1	0.11269534	0.45862168	0.09420402	0.20558694	0.008503702	0.0	0.02435284
ACCCTTGTCGGAGATG-1	0.30364525	0.45083988	0.16063216	0.3763345	0.0	0.28842902	0.0
GATCACAGTTTGATCG-1	0.61030465	0.638287	0.0	0.0	0.01155149	0.0	0.0
TTCTCTCGTACAAACA-1	0.28418088	0.5442906	0.04369718	0.06074143	0.0	0.0	0.0
CCATCACGTCTTACTT-1	0.23623198	0.23521237	0.15594377	0.17617878	0.05663055	0.005842512	0.03311117
AGAGAGCGTACATACC-1	0.0	0.5979318	0.046829153	0.52779436	0.0	0.0	0.0
CCTCTAGAGTGCCAGA-1	0.013781026	0.12317009	0.10822402	0.14460689	0.0	0.5754035	0.0
TGCAGGCAGACGCCAA-1	0.14706858	0.0	0.86976784	0.3570727	0.046145175	0.10326941	0.0
AACTTCTGTAGTCTGT-1	0.027639234	0.49645022	0.023643231	0.3874316	0.0	0.0	0.0
AATCACGTCTCCCAAC-1	0.19293721	0.3149615	0.1439009	0.23609722	0.008611337	0.0	0.0044246064
ACACAGTTCTGTAACG-1	0.0	0.0	0.9401149	0.2090554	0.0	0.0	0.0
ACACGCGTCCTCACTG-1	0.0	0.23892564	0.02321657	0.6669181	0.0	0.0	0.025142686
AGAAGTAAGATGATTG-1	0.1322277	0.07899231	0.31969035	0.45934835	0.0	0.0	0.0
ATCCGTCTCTGAACGT-1	0.0	0.25904393	0.49912223	0.13784482	0.0	0.0	0.0
CACAGATCATTATGCG-1	0.0	0.49163073	0.515328	0.13469143	0.009280164	0.0	0.0
CACTTCGCACACAGAG-1	0.0	0.0	0.5971637	0.34500712	0.014659125	0.06486728	0.09802859
CAGATTGCACTGTCCT-1	0.05848512	0.060885374	0.48871198	0.5666723	0.012844692	0.0	0.0
CATACAGGTGGCTACC-1	0.0	0.13077793	0.4900029	0.1634425	0.0	0.0	0.0
CATTCTACATGACCCG-1	0.112914644	0.0	0.5233533	0.31709084	0.009202416	0.0	0.02285307
CCCTTAGGTCATGACT-1	0.0	0.0	1.0232196	0.21734539	0.0	0.0	0.0
CCGAACGAGTGTTGAA-1	0.0	0.5394877	0.13805403	0.35966986	0.0	0.0	0.0
CCGTGAGAGGGTCAAC-1	0.0	0.41963843	0.23800223	0.37219802	0.0	0.0	0.0
CGGAGAAGTGTAGGAC-1	0.0	0.3982185	0.3585316	0.094935	0.016860675	0.0	0.0
CGGGTCAGTTCAATCG-1	0.2970846	0.34114307	0.13399427	0.268386	0.0	0.0	0.0
CTGTGAACAAGGAGTC-1	0.0	0.6842072	0.16604106	0.29103303	0.00055864063	0.0	0.0
CTTGATTTCGGATAAA-1	0.31869644	0.0	0.4675453	0.0032012432	0.18237248	0.0	0.0
GCGATCGTCTCTTCAA-1	0.29990482	0.25445762	0.1723113	0.08147253	0.01343442	0.0	0.058112644
GCGTGCAGTTCCGCAG-1	0.0	0.5505496	0.050745767	0.5933397	0.0	0.0	0.0
GGCACGTCAGTTGCGC-1	0.038760155	0.0	0.3336147	0.69710124	0.044759814	0.046495706	0.0
GGTTAACTCACGATCA-1	0.19165425	0.8392488	0.09611156	0.0	0.019044338	0.0	0.0
GTATTGGTCGTCACCT-1	0.0	0.34958538	0.08079461	0.8238417	0.0	0.0	0.0
GTGTGATGTTCTCAGA-1	0.0	0.0	0.19140157	0.73206276	0.2507853	0.32496545	0.0
TATCGCCCAGAAACCG-1	0.0	0.50213945	0.32880175	0.35809785	0.0028159462	0.0	0.0
TCATCATGTGGTCTAT-1	0.059686333	0.0	0.0	1.2118275	0.0	0.0	0.11492321
TCCATGCGTACTGAGG-1	0.08396465	0.050084434	0.25520262	0.32075042	0.1326402	0.0810104	0.0
TCCTCGACATCTGGGC-1	0.0	0.4503906	0.42379156	0.24512446	0.0032451183	0.0	0.0
TCGAAGTAGCGTTCCG-1	0.08280361	0.54171425	0.0	0.5929355	0.0	0.0	0.030529594
TCTATCACAATAGGGC-1	0.12334578	0.7386948	0.0	0.21200919	0.0	0.0	0.006476365
TGGCGTGAGAGATCGC-1	0.0	0.5554151	0.42459282	0.17074512	0.0041139317	0.036678784	0.0
TGGTTAGTCGTCGACG-1	0.0	0.29614028	0.0	0.8596124	0.0	0.0	0.0
TGTTCCGGTTCCCACT-1	0.33693203	0.686113	0.0	0.0	0.0	0.0	0.0
TCGGGTGGTGGCCCAT-1	0.0	0.10668406	0.93863595	0.058770135	0.0	0.020751847	0.0
AGCGCCAAGGTGAGAA-1	0.0	0.16424637	0.569577	0.43899858	0.084518775	0.0	0.0
TACGCTCTCAAGAAAC-1	0.0	0.63635236	0.009911425	0.41231117	0.0	0.0	0.0
GAGTTGTCACTAGAGG-1	0.0	0.0	0.9942933	0.0	0.0	0.0	0.0
TGAATGCGTTTCGTAG-1	0.834905	0.029614199	0.035793524	0.15365192	0.0	0.0	0.017156478
TAAGCGTGTTCTCAGA-1	0.25364968	0.3380991	0.2416632	0.11166989	0.0	0.06400497	0.0
TGCAGGCTCACATCAG-1	0.13101225	0.3809149	0.21597184	0.27161857	0.0	0.0	0.0
TAAGTCGAGATACATG-1	0.388419	0.0	0.0	0.7280143	0.08828996	0.10509303	0.0
AACAAGACACCAATTG-1	0.0	0.0	0.19295932	1.0232557	0.0	0.0	0.0
AATAGAGAGGGAGGAC-1	0.6066056	0.05174172	0.0	0.20292732	0.06433554	0.088073924	0.0
AATGGAACACGTATAC-1	0.39061204	0.21280041	0.0	0.4946356	0.0	0.1905797	0.0
AGAGAGCGTGATACTC-1	0.5431824	0.0	0.04792824	0.3000997	0.0	0.14360562	0.0
ATTCCTAGTCCACATA-1	0.5159505	0.001520893	0.0	0.7249491	0.0	0.0	0.021488745
CAATCGACAGGCAATG-1	0.5993605	0.0	0.0	0.27598125	0.08595037	0.15034059	0.0
CCTACGTTCTTTCTAG-1	0.16729455	0.36261043	0.045309518	0.31096894	0.05193058	0.080027305	0.0
CCTCACAAGATAACAC-1	0.8726914	0.0	0.18466073	0.0	0.13343176	0.12340177	0.0
CCTTGTGTCAAATGAG-1	0.85643554	0.05429967	0.0	0.1591703	0.0049520647	0.09178546	0.031498417
CCTTTGGGTCCGTTTC-1	0.38255626	0.0	0.19197074	0.2772697	0.029452676	0.11306711	0.0
CTCCGATGTGATACTC-1	0.5729565	0.09681249	0.35955405	0.11560233	0.0026689686	0.0	0.012128474
CTGAATGCAGGATGAC-1	0.22783974	0.0	0.21696298	0.62724906	0.002800968	0.08983237	0.05725738
CTGCAGGAGGAGTCTG-1	0.153202	0.0	0.645937	0.0	0.16582347	0.0	0.060586642
CTGCGAGAGACCAACG-1	0.58718055	0.4023986	0.0	0.0	0.0	0.35277614	0.0
GATCGTAAGGTCATTC-1	0.3658016	0.21935302	0.39332488	0.0	0.17395236	0.0	0.0
GTGTAACAGTCCGCGT-1	0.07188644	0.0	0.86254877	0.3333587	0.011879195	0.0	0.0
TAAGCCAGTTTGTGGT-1	0.23129912	0.37086767	0.0	0.038292903	0.071875855	0.31370977	0.0
TACCGAAAGCCGGATA-1	0.47990787	0.0	0.3746399	0.15546972	0.18730682	0.13148767	0.0
TCGATTTTCTCGTCAC-1	0.42576644	0.11145944	0.0	0.11709074	0.0	0.2474404	0.01632113
TGGGAGAGTTGTGGCC-1	0.12817681	0.0	0.59787524	0.14571382	0.09952683	0.027832475	0.07127314
TGGTAGTCAACACAGG-1	0.07949151	0.372608	0.02344616	0.21952067	0.07914574	0.10437585	0.0
TTACCATTCCTATGGA-1	0.0	0.0	0.66228336	0.0	1.030888	0.0	0.0
TTTACTGAGGCCCGTT-1	0.30092338	0.6211318	0.0	0.05185253	0.02031842	0.13406226	0.0057694735
TGGATGTGTGACGCCT-1	0.33340463	0.5538012	0.028838243	0.30651054	0.0	0.0	0.0
CACTGGGGTATCGTGT-1	0.05027281	0.0	1.2024357	0.0	0.23967257	0.0	0.0
GAAGCGAAGGGAGGAC-1	0.0	0.0	0.511957	0.61658424	0.008871148	0.21730343	0.0
GTAGATCTCGCCTAGG-1	0.39612037	0.21815334	0.07518518	0.3897334	0.091693014	0.0	0.0
GTCTAGATCATGCCGG-1	0.83287305	0.0	0.0	0.30139747	0.0	0.03154036	0.0
TGCAGATTCACCCATC-1	0.28070456	0.0	0.41323078	0.29556692	0.04675791	0.024696797	0.0
TTACAGGAGAACGTGC-1	1.2531497	0.025218729	0.0072974735	0.058574196	0.0	0.015822936	0.0
ACAGCCGTCATTCGGA-1	0.56825024	0.08865976	0.0	0.3444767	0.0	0.0	0.0
CAGCAATGTGTCCAAT-1	0.0	0.0	0.36604574	0.6174096	0.22055769	0.24832244	0.0
TGTGAGTAGTACCATC-1	0.5590401	0.0	0.19161569	0.26452032	0.31778005	0.0	0.0
TTCCAATTCCGAGGCT-1	0.0	0.39472803	0.23181526	0.3105622	0.14650477	0.13911748	0.0
CTCAGGGCACACCGCA-1	0.0	0.0	0.9957094	0.0	0.0	0.0	0.0
TCAGTGACACCCAAGC-1	0.0844715	0.14901145	0.41510165	0.28841287	0.0019692855	0.0021068451	0.0
CTTAGGAAGACATAGT-2	0.12330325	0.0	0.4063427	0.5681543	0.0030696401	0.095196724	0.017246898
CTCATGCCAAGTCATC-2	0.21652173	0.50890565	0.119413875	0.10380772	0.0	0.0	0.0066988324
TCGGGCAGTACGGCAA-2	0.13619998	0.25477946	0.42120954	0.0	0.08061183	0.06917339	0.0
CGGGCATGTTCCGGTG-2	0.2946773	0.53363115	0.072481014	0.0	0.0	0.0	0.004644938
TCCTCGAGTAGTGCGA-2	0.055609416	0.2870194	0.5966042	0.31313413	0.0	0.0	0.008156888
CCTCCAAGTACGGTTT-2	0.21671885	0.44802037	0.051305052	0.059292216	0.018985145	0.0	0.0
AAAGAACTCCCTCATG-2	0.13411534	0.5251142	0.29190108	0.0	0.0	0.0	0.004864978
TCCTCGACACACGCCA-2	0.0	0.5907879	0.5254836	0.0	0.0	0.015850466	0.0
CCTACGTTCTCGTTTA-2	0.0	0.37575212	0.37694168	0.37024286	0.0	0.0093017565	0.0
TTAGTCTTCTATACTC-2	0.04662819	0.9559087	0.060620792	0.006583065	0.0	0.0	0.0
TTGGATGTCATGAAAG-2	0.6156107	0.42801476	0.080879144	0.10278458	0.0	0.0	0.041777864
GAAATGAGTTCACCGG-2	0.47057796	0.20433736	0.19387798	0.13900849	0.014368647	0.0	0.0
CGTGAATGTGCCGAAA-2	1.0262407	0.0	0.08539954	0.0	0.049524017	0.0	0.12440484
CCAAGCGGTCGGCACT-2	0.0	0.077783994	0.60157937	0.027267242	0.26920608	0.0	0.0
TTCCTAAAGTACAGCG-2	0.12014958	0.116312124	0.51817906	0.0	0.43362045	0.0	0.015851034
GAAGAATCATGTCTAG-2	0.44193125	0.40629616	0.11836355	0.0	0.0	0.0	0.0
GCATGATAGATAGGGA-2	0.29959452	0.57688254	0.032941367	0.10939707	0.029660182	0.0	0.040944166
TGGAGGAAGCTGCCAC-2	0.023844317	0.06215811	0.46209678	0.4679037	0.05492388	0.0	0.0
GTAAGTCTCCCATTCG-2	0.11716145	0.0	0.60612667	0.32173386	0.0133735025	0.019736357	0.0
AGTACCAAGAAAGCGA-2	0.396287	0.3856759	0.0	0.019623391	0.0	0.0	0.0
ATACCTTCACGGTCTG-2	0.72950816	0.09813753	0.012572492	0.107618034	0.049326353	0.0	0.0
TTTACGTAGTCGTCTA-2	0.0	0.28637543	0.5926055	0.12260933	0.0	0.046359062	0.023642529
CAACCTCAGAAACACT-2	0.0	0.8248608	0.23967247	0.05040664	0.0	0.0	0.016400024
GATTCTTCACAAATGA-2	0.17480664	0.24592766	0.31651813	0.32828784	0.055613108	0.019519782	0.042204753
TGACGCGAGCCTATCA-2	0.7419435	0.33123758	0.07247701	0.0	0.0	0.06025241	0.01934472
TTGATGGTCACCCTGT-2	0.39812636	0.7387378	0.005135836	0.0	0.0	0.018492669	0.0432286
GACTCAACAAAGGGCT-2	0.16722928	0.5230272	0.007086011	0.14788218	0.03593737	0.0	0.034046255
ATCCATTGTCGCATTA-2	0.22706069	0.24122638	0.09802038	0.28202572	0.027978634	0.0	0.0
TGGATGTAGGGTCTTT-2	0.4321217	0.046845805	0.58732605	0.0	0.10434825	0.102087244	0.025338233
CTGCTCACAGCGGATA-2	0.48018178	0.23774444	0.0	0.0	0.0	0.0	0.47281677
ACTTCGCAGTACAGCG-2	0.31454515	0.12596613	0.3553658	0.11898013	0.045472782	0.0723528	0.010716556
GTCAAGTAGAGGCGGA-2	0.068205744	0.20309584	0.55480784	0.057314146	0.05904003	0.0	0.041179497
CCTCAACTCACCATGA-2	1.2878176	0.13861415	0.0	0.0	0.0	0.0	0.0067787166
TTGTGGACAATGAACA-2	0.0037083342	0.9994333	0.06692242	0.008985523	0.0	0.0	0.0030360075
ATCACGACAGAGTTCT-2	0.5054269	0.252358	0.14657725	0.23344207	0.0059524756	0.03196374	0.06602952
CAACGATTCGGCTGAC-2	0.19509088	0.43219203	0.0884554	0.039060242	0.0	0.011884041	0.019345092
GACCAATAGCTCTTCC-2	0.07344678	0.0	0.54860306	0.17760122	0.0	0.0	0.0
AATGGCTAGTTGTCAC-2	0.27158478	0.4432365	0.10365005	0.016029961	0.011979416	0.011598301	0.0
TAGAGTCTCGCTTGAA-2	0.53724456	0.5356756	0.07134897	0.0	0.0	0.03793689	0.04934395
TTTCGATTCTGAACGT-2	0.0	0.85230494	0.19410615	0.00033081684	0.0	0.030963378	0.0
GAGTCATTCCGACGGT-2	0.12733495	0.64116263	0.06799245	0.01665428	0.0019974378	0.0	0.015048756
GTCATCCAGGTAAGAG-2	0.080791734	0.2539444	0.4180488	0.15475261	0.0	0.06901069	0.016309066
ATTACCTGTAACACGG-2	0.08141232	0.6642278	0.20908442	0.057645172	0.0	0.0	0.025943719
TTCTGTAAGCACGATG-2	0.0	0.2373319	0.9620432	0.0	0.008370566	0.0	0.0
AAGTCGTGTGTAGCAG-2	1.3423876	0.0	0.040472146	0.0	0.0	0.0	0.017816875
GTTACAGGTACCCACG-2	0.5207071	0.29694104	0.059948806	0.025852203	0.01113441	0.0	0.0
GCTACAAGTAATGCTC-2	0.8998607	0.32140052	0.0	0.0	0.0	0.0	0.0
TCAAGACTCATACAGC-2	0.0385406	0.10074618	0.46420428	0.19525711	0.16124894	0.1764419	0.0
TTCAATCTCTGCCTCA-2	0.45822948	0.53976065	0.0	0.0	0.0	0.0	0.069346085
GCATCTCAGTTCATGC-2	0.35821357	0.5737498	0.28449443	0.03466811	0.0	0.032705337	0.020337105
ATGTCTTGTGTAGTGG-2	0.58548045	0.08608872	0.36156246	0.0	0.1315901	0.09629848	0.0037716592
CGGGACTGTTAAGCAA-2	0.8497692	0.010239784	0.0	0.0	0.24494572	0.0	0.0
GTAACCAAGTGCCGAA-2	0.95189077	0.2276272	0.1828062	0.0	0.038105868	0.0	0.0429878
CGTCCATGTTAGTCGT-2	0.12933679	0.39364994	0.2590739	0.054908432	0.0	0.04182441	0.049285803
GTTAGTGTCAGTCATG-2	0.31685838	0.14781843	0.15219474	0.117383614	0.01448119	0.0	0.027534423
TCATTGTAGAATAACC-2	0.0	0.0	0.78185004	0.023391766	0.0	0.061407078	0.0
CAGCCAGAGTACCCTA-2	0.26054332	0.38411927	0.22839823	0.23180042	0.0	0.0	0.0
GAACACTAGCTTAAGA-2	0.08965069	0.29929075	0.10755854	0.0	0.14933158	0.03944317	0.0
GATAGAAAGATGCTGG-2	0.60365975	0.32829145	0.18053977	0.0	0.0	0.016442869	0.03447148
TCGACGGCAAGAAACT-2	0.2074023	0.0	1.0099238	0.0	0.0	0.0	0.020509604
CGTCAAAGTCCCTGTT-2	0.065033816	0.23226875	0.3202256	0.0	0.2235446	0.0	0.0014240101
TCCTTTCCATCGTGGC-2	0.16828464	0.4409479	0.36796492	0.3080879	0.0475309	0.03383834	0.0
ATAGACCAGTGCTAGG-2	0.0	0.0	0.8835668	0.0	0.11442672	0.1734498	0.004290054
TTAGTCTAGTCTCCTC-2	0.20997089	0.15937555	0.26436225	0.0	0.0	0.0	0.0009769622
AGGACTTCAGTAGATA-2	0.14585438	0.48686776	0.39385542	0.019721813	0.0	0.0	0.0012026606
GTGTGATCACCACATA-2	0.13950528	0.7588278	0.07966624	0.0	0.0	0.0	0.0
AGATCCAAGGTTCTAC-2	0.33893096	0.1758726	0.16274165	0.14783628	0.0	0.0	0.0
TCGTCCAGTTGCTAGT-2	0.41953278	0.63253975	0.030763827	0.0	0.0	0.0028302462	0.0
GTTAGTGGTATGGAAT-2	0.08825373	0.28556356	0.4582355	0.0	0.14267163	0.0	0.02204688
TGCATCCCAAGCAGGT-2	0.15980874	0.67042524	0.11942381	0.09146008	0.0	0.0	0.0
TTGGGTATCGGTGTAT-2	0.08480942	0.29583618	0.34168482	0.11221964	0.057214033	0.006605458	0.0018584601
AAGCGTTCACAGCTGC-2	0.1224417	0.80667806	0.09634914	0.0	0.0	0.03356016	0.0
AGTCTCCTCGGCTTCT-2	0.6764483	0.47192973	0.006502596	0.0	0.0	0.0	0.006806375
CCGATGGAGCCAAGCA-2	0.19180278	0.39440706	0.3072838	0.0188058	0.0	0.0	0.004300979
CAGTGCGCAGGTTCCG-2	0.29682463	0.25208676	0.32286882	0.0	0.035986695	0.021518065	0.012657499
TAACTTCTCTTCTAAC-2	0.33392355	0.28267017	0.08662319	0.08772568	0.0	0.037630852	0.0014865991
CCCATTGCAAAGCTAA-2	0.17278297	0.2343658	0.20776328	0.44498637	0.0	0.0	0.033482857
AGGATCTCACCGTGCA-2	0.58728856	0.13295041	0.17460127	0.0	0.018024623	0.0	0.006671069
TCAGCAATCAACACGT-2	0.34887087	0.10606089	0.15834545	0.22413346	0.0	0.010654875	0.0
GCAGTTACAGAACTCT-2	0.20022601	0.74973154	0.03346741	0.0033182574	0.0	0.030488648	0.022400983
GGCTGTGGTTCTCTCG-2	0.72205687	0.0	0.24721809	0.14407538	0.0	0.0	0.0
CAACAGTTCCTTATAC-2	0.7761896	0.0	0.0044077486	0.0	0.0	0.046951182	0.48430362
CGATGCGGTACGTACT-2	0.37272438	0.3031416	0.113843985	0.0	0.031433724	0.024557455	0.0075332643
TAAGTCGGTTGGGTAG-2	0.20804016	0.88300866	0.014100409	0.0	0.0	0.024975946	0.031049682
TGACTCCGTTGACGGA-2	1.0601723	0.15862758	0.0	0.0	0.0019011409	0.0	0.0
TGGATGTGTCCTCCAT-2	0.24617864	0.7240698	0.0445611	0.12238826	0.0	0.0257559	0.049704764
GCAACCGCAGGCTATT-2	0.60889405	0.06758735	0.29831842	0.024879903	0.00845515	0.0047068913	0.0
TCCCAGTCATTCCTCG-2	0.3244965	0.45008484	0.11804757	0.069420725	0.0	0.0	0.019766923
GGTTAACGTTAGAAAC-2	0.33738887	0.7188714	0.0	0.0	0.0	0.0	0.0
CCCGAAGAGCATGTTC-2	0.5352879	0.5605757	0.0	0.0	0.0	0.0	0.0
TCTAACTAGTCGGGAT-2	0.23027126	0.5559506	0.014830452	0.03982406	0.0	0.0	0.0
AGAAATGCACAGTATC-2	0.0	0.28497836	0.3837716	0.023178186	0.029628828	0.0	0.015994553
CATTTCATCACCGCTT-2	0.34929064	0.5810396	0.023048019	0.0	0.00125718	0.0	0.0
CTTCCTTGTGTCCGTG-2	0.2896521	0.5517398	0.062444724	0.0	0.011186049	0.0	0.0066449223
AGCCACGGTTGCAAGG-2	0.6401564	0.0	0.22091703	0.0	0.05990631	0.0	0.02153047
AGATCGTCAGGGACTA-2	0.0	0.78176826	0.23655403	0.15519711	0.0	0.0	0.0
CATGCGGGTACGACAG-2	0.1366352	0.55146265	0.17707062	0.06738622	0.0	0.0	0.0
CATGCGGCAAATGAGT-2	0.2477842	0.44618163	0.08507381	0.0885375	0.0	0.0	0.026011957
GAGGCAAAGAGTTGTA-2	0.41276616	0.43565008	0.083478205	0.0	0.0	0.0	0.024060456
AAGAACAAGGTAGCCA-2	0.33554387	0.41643724	0.25705108	0.11642119	0.05140914	0.034469858	0.0064294236
AACAACCGTACTCGCG-2	0.5927832	0.4393914	0.0	0.0	0.0	0.0	0.0
TCATTCAGTAGACACG-2	0.19011874	0.16929476	0.17087501	0.21945181	0.0	0.019453013	0.0031350972
CATCCGTTCTTCACAT-2	0.26625755	0.17340931	0.15206045	0.1432137	0.0	0.12384816	0.025004838
CAGCCAGTCTGGCTGG-2	0.7120949	0.37538627	0.016397431	0.0	0.0	0.0	0.016868388
CATGGTATCCATACTT-2	0.17330976	0.5243777	0.22615093	0.03078958	0.0	0.036012027	0.0
TGTGCGGCAATAGGAT-2	0.007771597	0.0	0.91414624	0.0	0.14753093	0.0	0.04781338
ATATCCTAGGCCTTGC-2	0.2946494	0.07656615	0.41019627	0.0446161	0.0506894	0.0	0.0293184
AGTCATGCAACTCGTA-2	0.09667619	0.0	0.56711316	0.39830753	0.0	0.0	0.021527572
GAGACTTTCGAGTGAG-2	0.39008385	0.47477615	0.109702654	0.019773502	0.0	0.05089073	0.0070734425
GCAGGCTGTCAGCTTA-2	0.0	0.13886878	0.6446005	0.040491443	0.1568205	0.0	0.003656937
ATCGTAGTCGAACGGA-2	0.045349218	0.3520284	0.64000756	0.055086873	0.0	0.0872018	0.0050518755
GACACGCGTATACCCA-2	0.3921358	0.43608186	0.013928145	0.057852797	0.0032704184	0.0	0.016349737
TCTACCGGTAGGCAAC-2	0.12433187	0.19795236	0.14838001	0.052280687	0.007616788	0.0	0.0039255084
AGAAGTATCTGTGTGA-2	0.3742266	0.23627271	0.15688379	0.0	0.0	0.037805513	0.0
CTGGTCTCACAAGCTT-2	0.0	0.8279217	0.117643446	0.07060986	0.037870526	0.018862117	0.0021024828
AACCATGCAGGTTCCG-2	0.0	0.0	1.0454836	0.0	0.0	0.08056365	0.0
ATTTCTGGTCCATCTC-2	0.322903	0.15141447	0.13195497	0.0	0.5945373	0.0	0.0
AGGTTACCACGCCACA-2	0.71748596	0.17006409	0.049953092	0.0	0.0	0.0	0.0
TGGGCTGTCGGAGTAG-2	0.38695672	0.0	0.27192938	0.22694796	0.3230309	0.13718422	0.019836165
AGGCATTGTCAAAGCG-2	0.5796507	0.4554644	0.18660566	0.0	0.0	0.051780183	0.0
AGAGCAGGTTGGTGTT-2	0.26160175	0.7294789	0.11268778	0.0	0.0	0.0	0.0
AGACAAAAGACGGATC-2	0.020382877	0.24397504	0.3664206	0.08389289	0.0	0.0069771498	0.0013276781
TGATCTTCAGAGGTAC-2	0.15786481	0.5429965	0.10747044	0.14037573	0.0	0.0	0.034567405
GTGGGAACACGACAAG-2	0.27075535	0.2653468	0.36946192	0.048034612	0.055289607	0.0	0.0
GTCAAACCAATGAACA-2	0.07558023	0.7812277	0.0	0.16615571	0.0	0.0	0.020692432
GGATGTTAGTTGGAAT-2	0.65922934	0.23783225	0.13509177	0.15067007	0.0	0.0	0.0
TCCTTTCGTGCCGTAC-2	0.39508137	0.6359234	0.0	0.0	0.0	0.0	0.0022049374
AAGCGAGCATGACGTT-2	0.40803266	0.3659139	0.052633107	0.0	0.0	0.0	0.0
TCAAGTGTCGGTCATA-2	0.54405516	0.29472446	0.037362397	0.0	0.00058178575	0.0	0.0
CACTGGGAGCTCCGAC-2	0.24528861	0.5177469	0.0	0.09762526	0.0	0.0	0.0
TCGAACACATGTGACT-2	0.49591485	0.06844869	0.21511108	0.10217065	0.0	0.0	0.023448784
AGCTACAGTCGCTGCA-2	0.32823187	0.36097428	0.10157807	0.07910568	0.0	0.121001236	0.005897896
TTGGATGGTACTGCCG-2	0.0	0.87626445	0.07255191	0.0	0.0	0.0	0.0013198981
CCTCAGTGTACTGAGG-2	0.08359159	0.0	0.72547925	0.3475447	0.04534193	0.0	0.02108183
GAAGCGACAAACCATC-2	0.03379534	0.0	0.5344343	0.17957921	0.33348382	0.07530638	0.0
CTCAGGGTCTAGTACG-2	0.40223354	0.40256503	0.034596324	0.0012760665	0.0	0.027190335	0.016462097
CATCCACTCATCCTGC-2	1.156249	0.0	0.0	0.0	0.0	0.0	0.022284133
TCATCCGAGCACTCAT-2	0.0	0.3314416	0.8180443	0.0012741312	0.0	0.0	0.0
CGATGCGAGCTTAAGA-2	0.2198477	0.5639629	0.054807205	0.26735434	0.0	0.043436155	0.015258185
CGGGTGTCACCTCTGT-2	0.56394345	0.395841	0.04965482	0.0	0.0	0.0	0.018208813
CGCGTGAGTTCTCAGA-2	0.26718578	0.35831174	0.15067632	0.2806205	0.0	0.0	0.07343678
TAAGCGTCATGCCATA-2	0.27797875	0.38928214	0.1997761	0.09630802	0.052334175	0.033433367	0.0
AAGTTCGCACCGTGGT-2	0.024853144	0.42085347	0.35539505	0.2949417	0.0	0.070700265	0.0024733816
AACCATGCAATCTCTT-2	0.40281582	0.25879407	0.31019172	0.014449077	0.0	0.0	0.011334489
CCTCAGTGTTCTTGCC-2	0.069383994	0.57665807	0.18279195	0.26128042	0.0	0.021557266	0.0
GACCTTCAGCGATGAC-2	0.29097578	0.38269615	0.22742562	0.0	0.034204822	0.0	0.014904711
AACAACCTCCCGTTGT-2	0.4038458	0.697372	0.0	0.0	0.0	0.006372615	0.0012596534
GCGGATCTCCAAGCTA-2	0.0	0.53547007	0.5712756	0.0	0.08814762	0.09679384	0.0
ACGGGTCAGAGCTGAC-2	0.94821435	0.0	0.0	0.027198981	0.0	0.0	0.021337608
ATACTTCCACGCCACA-2	0.0	0.4633324	0.37037754	0.0761977	0.025695601	0.12490635	0.009550357
ATTACCTGTGAGTTTC-2	0.5563685	0.2253516	0.24931073	0.09685559	0.0	0.07914545	0.017877933
ATTCCATCATGCGGTC-2	0.17160557	0.78120226	0.18357296	0.0	0.03447546	0.035522748	0.018437225
GGGACTCCACCTATCC-2	0.76073766	0.23687287	0.0	0.054822203	0.0127253225	0.0	0.014514405
TCATGTTTCTTGTGCC-2	0.5134171	0.47145972	0.0	0.06255651	0.0	0.0	0.0
CGTAATGGTAGAGACC-2	0.0	0.0	1.0381496	0.0	0.013400694	0.0	0.33790734
GCGTGCAGTTGTGCCG-2	0.43929562	0.0	0.21635327	0.0023490961	0.0	0.0	0.020652315
TCTCTGGAGAGTTGCG-2	0.7147645	0.10388456	0.06708264	0.011105723	0.0	0.04885373	0.009709492
TCCTGCATCCTGGGTG-2	0.5598384	0.453685	0.0	0.0	0.0	0.0	0.0
CGTCCATGTTTCGATG-2	0.44515216	0.07775045	0.36779395	0.07918925	0.1523974	0.051936954	0.012998849
GGGCTCACAATAGGGC-2	0.15653977	0.4020515	0.120666645	0.0	0.013021167	0.0	0.0028604977
ACATCCCGTGCATTTG-2	0.19323143	0.31141052	0.36851728	0.056968205	0.060777664	0.028491478	0.04048136
TATCGCCCACGACCTG-2	0.0	0.0	1.4517635	0.0	0.15994623	0.08688555	0.0
AAGTGAAAGCTCTATG-2	0.009681285	0.0	0.372541	0.0	0.8489961	0.0	0.0
CTAGACAAGCTGTTAC-2	0.36730397	0.31338972	0.17319295	0.0	0.18800108	0.070654295	0.09823254
CCTTGTGTCGGTAGGA-2	0.70457375	0.12765522	0.037559263	0.036919557	0.03822241	0.013238717	0.015228932
TACAGGTAGCAATAGT-2	0.36751127	0.4888018	0.0	0.008421057	0.0	0.0	0.051145032
AGGGTGATCCTAGCTC-2	0.14436527	0.38328692	0.038427908	0.023909368	0.0021215924	0.0	0.003808503
GTGCTTCGTTCGGCTG-2	0.5087142	0.011923136	0.4684334	0.0	0.094990484	0.0	0.01761824
TGGGCTGCAAGTGATA-2	0.21825318	0.0	0.8864922	0.0	0.24890617	0.0	0.0028451139
TGACGCGTCCGATCTC-2	0.0	0.0	0.6482087	0.23995355	0.37417454	0.0	0.0
GAGACCCAGACTCAAA-2	0.42159656	0.5588029	0.0	0.0	0.0	0.0	0.05127196
TGCGGCACAAAGACGC-2	0.13846223	0.43981695	0.26972392	0.16053528	0.0	0.0	0.022870654
CCACCATGTCGGTAAG-2	0.1814079	0.4128193	0.15702046	0.18790437	0.0	0.0045408932	0.022789173
GATGATCTCGCGGACT-2	0.26121673	0.32302567	0.25258315	0.10660429	0.020059125	0.14394458	0.0
ATAGGCTTCTTGGTCC-2	0.13414285	0.57072306	0.08910731	0.09367397	0.0	0.0	0.015393261
TGCAGTACAGTCACGC-2	0.24444053	0.507682	0.055430286	0.24441645	0.0	0.0	0.0031848531
CGTCCATAGGTACATA-2	0.9294696	0.42896304	0.0	0.0	0.0	0.0	0.0
GTAACCATCCGGACTG-2	0.16929568	0.23544851	0.32458842	0.046118703	0.0	0.044658475	0.010522856
TGCTGAATCAGTAGGG-2	0.40826172	0.29294655	0.27078515	0.083846115	0.0013746702	0.0108946655	0.083243996
GTGGGAAGTCCTACAA-2	0.074833035	0.4313411	0.20985489	0.11084038	0.0	0.0	0.0
TCGCTTGTCCATTCGC-2	0.37414104	0.32011962	0.1904711	0.037380327	0.0	0.0	0.0035748999
TTATTGCGTCGTTCAA-2	0.3892767	0.0	0.23453316	0.0	0.059101567	0.14254358	0.0
AGAGCAGTCGTGTTCC-2	0.5927546	0.55957514	0.0	0.0	0.03857458	0.062795244	0.0
TTACCATCAAATAGCA-2	0.456343	0.6342145	0.09500933	0.08571739	0.0	0.035639588	0.013609798
ACAGGGATCTCAACGA-2	0.45726237	0.46504158	0.14665261	0.04317232	0.0	0.0	0.027019726
GTCATGACATCCGATA-2	0.47304112	0.6293207	0.0	0.0	0.0	0.015785767	0.0024392577
ACCAACATCGGTCACG-2	0.7868371	0.13961068	0.0	0.03367636	0.0	0.0	0.02705384
CGTGAATTCATGCATG-2	0.39622933	0.373382	0.27872658	0.04164037	0.09530218	0.0	0.0
TGTGAGTGTGTAACGG-2	0.55386823	0.29255208	0.093102835	0.05673391	0.0	0.0	0.004111503
TATTGGGAGACCAAAT-2	0.12733252	0.6633618	0.07120574	0.03389248	0.0	0.0	0.0021198909
GCGGATCAGTACGAGC-2	0.5427155	0.37874717	0.0	0.021698132	0.0	0.027160004	0.0013625807
AATGACCCAGACGGAT-2	0.2291045	0.4677084	0.15527949	0.22393285	0.0	0.0	0.0
TTCAATCTCGCTCCTA-2	0.876881	0.14826512	0.04857273	0.0	0.0	0.0	0.013607441
TTCCACGAGATTGACA-2	0.0	0.1777642	0.59609556	0.20457798	0.0	0.053897165	0.0
GGTGATTCAGAGTAAT-2	0.05659334	0.86156887	0.2244349	0.0	0.0	0.0655473	0.0
GTTTACTTCCACTGGG-2	0.376812	0.4861827	0.0	0.024567304	0.0	0.02423378	0.0
TAGCACAAGCCTCAGC-2	0.10185118	0.937587	0.0	0.0	0.0	0.0	0.0031285328
CATCAAGGTGCCTAAT-2	0.0067366795	0.107956395	0.67330223	0.0	0.048178885	0.0	0.0
TGCAGGCCAGTTACCA-2	0.18774357	0.42494312	0.2477434	0.091110416	0.0	0.0	0.0015258482
GCCAACGTCAGCTGAT-2	0.38161314	0.70785296	0.09887596	0.0	0.0	0.046338905	0.034691077
TCGAACACATAGGCGA-2	0.45290872	0.24934785	0.14368394	0.0	0.06760044	0.0049089068	0.0
CCTCATGCACCTCTAC-2	0.21210831	0.60517585	0.03677954	0.0	0.0	0.0	0.0
TGCGGCATCGTTGTGA-2	0.0	0.0	1.1925496	0.0	0.29602602	0.0	0.0
ATGGATCCACTGCACG-2	0.119470015	0.3675132	0.47975025	0.15000659	0.06849759	0.0	0.01071097
AGAACAATCAGATGCT-2	0.4290981	0.0	0.2459435	0.0	0.23912026	0.017107667	0.20813763
ATCGATGCAGGTGAGT-2	1.0097436	0.039570972	0.034657534	0.0	0.0	0.0	0.016675388
CCTCCTCAGTTTAGGA-2	0.65499705	0.11057474	0.24899358	0.0	0.0	0.020722171	0.015430183
TCTGCCAGTCGTACAT-2	0.7444698	0.64421374	0.0	0.0	0.0	0.0	0.0
TCCCACACAGTTTGGT-2	0.70449555	0.34724894	0.07014073	0.0	0.0	0.06660646	0.02730552
TTCTAGTTCGCTTGAA-2	0.0	0.65464157	0.21341833	0.0179052	0.01575119	0.0	0.0077606714
TTCGATTGTCCGTACG-2	0.41002247	0.18525836	0.14187816	0.0	0.10451215	0.0	0.0045162034
TTGTTCAGTATGGAAT-2	0.1999581	0.49962738	0.04585849	0.0	0.0084236935	0.0	0.0
TTCCTTCGTTTCGTGA-2	0.3805639	0.3682841	0.07111275	0.0	0.0	0.005675074	0.0
CATCCACTCTATTTCG-2	0.5649771	0.2552657	0.1560401	0.0	0.0	0.05585875	0.0
TACATTCTCGGCATTA-2	0.29729292	0.0	0.56729865	0.09587566	0.043045983	0.0	0.012100699
CACGTGGTCAAGAATG-2	1.0743316	0.0	0.0	0.16147372	0.0	0.0	0.04584263
GTGTTCCGTGTGTCCG-2	0.22501545	0.45544314	0.10744249	0.03684279	0.0	0.0	0.026031818
TTGTTGTAGAATCGTA-2	0.42510208	0.3935291	0.0	0.0	0.0	0.0	0.0
TCGATTTGTTACCCAA-2	0.56266904	0.44580674	0.030360296	0.0	0.0	0.039937712	0.0
AGCTTCCAGAGTAACT-2	0.33293617	0.36969936	0.08723579	4.2982283e-06	0.0	0.024377149	0.016409615
ACCACAATCGTCAGAT-2	0.5163745	0.3927387	0.057552647	0.093167976	0.025507366	0.07147536	0.0
GTCACGGGTTTGAAAG-2	0.3392928	0.27108967	0.17385599	0.18792151	0.026942965	0.0050180107	0.0
TCCACGTCAGGGATAC-2	0.24471247	0.7740038	0.0	0.0	0.0	0.09760907	0.017976122
AGTTCCCAGGATTACA-2	0.17327873	0.34666893	0.48881602	0.0	0.0	0.0	0.001949124
GTTAGTGGTCTACTGA-2	0.97895527	0.0	0.08155368	0.0	0.0	0.0	0.01579682
AGTCAACCATGGAGAC-2	0.18290162	0.38755313	0.25021407	0.0	0.06206547	0.0	0.021660158
CATCGGGTCCGCGGAT-2	0.5293946	0.123364255	0.34700274	0.0017756771	0.039493926	0.014090962	0.079504184
CTCCGATCATAGGTAA-2	0.49229333	0.17960012	0.0043825246	0.22554313	0.0	0.0	0.018972557
GTAGGTTTCCTACCAC-2	0.28267473	0.04724045	0.5053014	0.16232473	0.0	0.032702513	0.0
CCTCACAAGGGTAGCT-2	0.098837554	0.86338663	0.0	0.021743655	0.0	0.0	0.022236481
TTTACTGGTAGTGATA-2	0.5435046	0.11912165	0.17380813	0.08584891	0.0	0.008267601	0.028280385
ACCTGTCCATGGCACC-2	0.29027894	0.7476606	0.0	0.034636643	0.004717272	0.019042335	0.036239516
GGGTAGACACCAGTTA-2	0.0	0.75227207	0.30999503	0.04476488	0.0672263	0.0	0.016585868
GTCTACCCAGGCGTTC-2	0.0	0.3383416	0.63199794	0.09778946	0.012503132	0.013269136	0.01461323
CGAATTGAGTAATCCC-2	0.055351317	0.8810464	0.12675333	0.012700456	0.0	0.08414678	0.07472549
GCCTGTTTCACTTATC-2	0.40019417	0.34486425	0.23249647	0.0	0.019171776	0.04362973	0.028305711
CATCGTCAGGGTCAAC-2	0.13546297	0.71975744	0.14418799	0.0	0.00022273866	0.0	0.0075482894
TACGTCCTCAAACGAA-2	0.37495837	0.34836784	0.17338873	0.0	0.0	0.050405577	0.0
GGGTCACCAAGAGGCT-2	0.3378975	0.48524264	0.13093364	0.037104633	0.0	0.11995548	0.0486327
GGGAAGTGTTTGGGAG-2	0.072842576	0.7281877	0.0	0.63398254	0.0	0.0	0.009615412
GCATTAGAGAGCACTG-2	0.13925047	0.5961866	0.26283553	0.0	0.0	0.0668915	0.033020385
CTGTACCGTCCTTGTC-2	0.2557676	0.0	0.45932966	0.14028874	0.0	0.12607683	0.016806595
AGGTTACGTGGCTAGA-2	0.47875342	0.39866924	0.019447811	0.012153151	0.0	0.0	0.0123718
TTGTTCACACATACTG-2	0.3534446	0.13985063	0.06313845	0.14313784	0.0	0.0	0.0
GTGTGGCCAGTATTCG-2	0.44577625	0.45059788	0.022479475	0.020529402	0.0	0.0	0.01869535
CGGGCATTCAGGCGAA-2	0.24629337	0.6217197	0.119327314	0.0	0.0	0.0	0.0
GCAGCCACATATCTGG-2	0.0	0.3343615	0.66349727	0.015267491	0.0	0.09569432	0.0
TTGTGGACAAGTTCGT-2	0.3637202	0.24095216	0.2875767	0.060961954	0.0059439065	0.0	0.060083184
CAACGGCCAAAGACTA-2	0.32039434	0.7759791	0.0020069783	0.039230015	0.0	0.0	0.025121007
ACTGATGAGTAGAGTT-2	0.38960898	0.15053026	0.25222966	0.02154958	0.04965166	0.0	0.0
AGCCACGCACACACGC-2	0.25240916	0.51504254	0.08871211	0.046165794	0.14300151	0.05161927	0.0
ATTTCACAGAGCCATG-2	0.2623896	0.08840054	0.6259639	0.03700142	0.11659444	0.02462544	0.0
ACGGTCGCACTCACTC-2	0.23425733	0.2923669	0.23986132	0.24986355	0.025069714	0.0	0.0
GAGAGGTAGGGCAATC-2	0.22251655	0.56618273	0.0055943616	0.0	0.0	0.0	0.0
GGTGTCGTCAAGAGTA-2	0.4234193	0.38820478	0.046822175	0.029720087	0.010692528	0.0	0.007071953
TCACTATTCCGACATA-2	0.36813456	0.6966614	0.0	0.0	0.0	0.0011259813	0.0019363454
AAGACTCTCGATCCAA-2	0.030450072	0.33966586	0.1505042	0.33424622	0.0	0.0	0.0
CATTCTAAGAGCAGCT-2	0.41400167	0.1604258	0.30190203	0.0	0.18649255	0.0	0.052322574
CGAGAAGCATAGAATG-2	0.3446263	0.5638071	0.23157565	0.0	0.057990268	0.0	0.024144027
TTGTGTTAGATCCCAT-2	0.5633123	0.4181878	0.061504412	0.0	0.0	0.0	0.0
TCTCTGGGTTAGTCGT-2	0.25148594	0.5569094	0.08404236	0.013635101	0.036232088	0.04569654	0.010877661
GTTGAACTCAGCTGTA-2	0.4958376	0.6131218	0.0	0.0	0.0	0.0	0.0
CGGTCAGAGTACCGGA-2	0.8441987	0.21818468	0.014490079	0.0	0.0	0.0	0.04825327
AGAGAATCACACGTGC-2	0.42477655	0.29132077	0.2639653	0.01087248	0.004279287	0.009683789	0.0046160435
GACCCTTTCTTGGTGA-2	0.33786806	0.5244856	0.0	0.0	0.0	0.0	0.0
AGGTCATTCTAGTTCT-2	0.0	0.0	1.3640211	0.0	0.0	0.0	0.0
TTACTGTCACGCGCAT-2	0.41428903	0.0	0.30117586	0.092151836	0.0	0.0037262726	0.0
CCGGTGATCCTTCACG-2	0.39172786	0.5051046	0.058707353	0.0	0.0	0.012414842	0.017302418
CTACATTTCCGATCTC-2	0.43526754	0.55968183	0.0037192102	0.0	0.0	0.0	0.0
TGTTCATCACATACGT-2	0.33457294	0.51482296	0.12818308	0.056264948	0.0	0.0	0.0
GAAGTAACATCTAGAC-2	0.22067823	0.57524604	0.08077112	0.0	0.009390646	0.01625981	0.026723867
CAACAACCACCTCGTT-2	0.29622245	0.41338295	0.07395235	0.084907465	0.0	0.0	0.0
TGAATGCGTGTTGACT-2	0.19193296	0.3967771	0.058181185	0.0	0.0121126175	0.017316598	0.0
AGACTCACAGCTACTA-2	0.46204373	0.53911936	0.0	0.060450166	0.0	0.0	0.0046209125
GAATAGATCGTCAACA-2	0.19220893	0.123410344	0.49465743	0.13512242	0.04834891	0.0802475	0.0067164535
GAGCTGCCACAGGATG-2	0.19079077	0.492076	0.12015204	0.29355523	0.0	0.0	0.018376749
TAAGCGTAGATCCTAC-2	0.0	0.25058487	0.36674744	0.11243063	0.02012854	0.054235894	0.0
GTACAACCAACTCGTA-2	0.38084304	0.37121242	0.079299316	0.0	0.002614376	0.0	0.0032569629
GTAACACTCCTCACTG-2	0.44180924	0.23358928	0.15809716	0.007169843	0.0	0.03794284	0.0
AACAAAGAGACCCGCT-2	0.0	0.0	1.1491475	0.002821012	0.0	0.13713199	0.0
TTCAGGACAGGAGGAG-2	0.17792666	0.52643996	0.23406683	0.0	0.014271871	0.0	0.030170433
CATAGACTCGTGAGAG-2	0.007994341	0.60092354	0.26509196	0.11285612	0.0030426194	0.0	0.0
TTGTTGTTCGTGCACG-2	0.66641796	0.06955998	0.13451649	0.20679463	0.0	0.0	0.04573872
AGGTCATTCCCGTAAA-2	0.5310406	0.45449775	0.14242043	0.014402258	0.038372573	0.035298105	0.010771167
GACGCTGTCCATTTCA-2	0.034247465	0.08784965	0.37129524	0.22712764	0.0	0.0	0.0072548236
CTGTACCCAATACGAA-2	0.18016873	0.49094838	0.11007585	0.0025251927	0.0	0.0	0.012282256
CTGAGGCCAGGAGGAG-2	0.543816	0.64307743	0.0	0.0	0.0	0.0	0.0
AATGGCTAGGTAACTA-2	0.2835162	0.6322429	0.0037219638	0.030978607	0.0	0.04515442	0.007200266
TGCGGCAGTTAGAGTA-2	0.17524211	0.41397342	0.2307386	0.0620967	0.012442966	0.0	0.027062448
ATGTCTTCAGCTCCTT-2	0.30529806	0.48680016	0.050325602	0.22739467	0.0	0.0	0.046010923
GAGTGAGCAGTATTCG-2	0.97080284	0.055230297	0.0	0.0	0.0	0.008065781	0.0
TACGGGCCACTCCGGA-2	0.20588519	0.562278	0.0	0.011383586	0.0	0.0	0.023921156
CCTGCATTCCGTACGG-2	0.21263096	0.27318367	0.23433283	0.074043624	0.0	0.0	0.0
ATTGGGTTCCTTACCG-2	0.4229312	0.23151998	0.124948665	0.095423214	0.0	0.0	0.04648908
CGTGCTTAGACCGTTT-2	0.45908958	0.21419455	0.15502782	0.1875274	0.0	0.010744313	0.0
TGGCGTGCATGAGGGT-2	0.53545564	0.27249116	0.0	0.0	0.0026923204	0.0	0.0029159056
GCTGCAGAGGCTATCT-2	0.41758308	0.14929983	0.38847712	0.045461044	0.0	0.0	0.024914928
GAAGCGACAATAGTCC-2	0.0	0.0	0.8501525	0.2065666	0.04749266	0.0071495594	0.0
TTGGGCGAGCCTGGAA-2	0.30394658	0.28802863	0.26079297	0.0	0.07253598	0.0	0.01962623
TGAACGTTCACTGGGC-2	0.10551126	0.42590246	0.35140994	0.27540264	0.02049956	0.0	0.0007471083
CAAGGGATCGGAGATG-2	0.24660794	0.16398498	0.59930325	0.033485677	0.027560435	0.13022587	0.0228588
TCTGCCATCTATACTC-2	0.46353108	0.4636176	0.12037206	0.0	0.0	0.028728424	0.027679957
CTCAGAAGTAGCGCCT-2	0.26800212	0.44594747	0.07716765	0.08226214	0.0	0.04320108	0.0118615
GTTGAACGTCGCATTA-2	0.45881227	0.16483325	0.037271578	0.21204178	0.0	0.0	0.031367578
TCCTCCCAGTCCGTCG-2	0.0	0.0	0.9155762	0.22127278	0.0	0.017886162	0.0
TGGATGTCAAGTTTGC-2	0.19031172	0.3514896	0.3364828	0.13868569	0.0	0.052477796	0.0
GTCTACCGTCCAGCGT-2	0.4705426	0.4511479	0.0101393005	0.0	0.0	0.010443707	0.05068502
TGTGATGGTCCAGCAC-2	0.35828766	0.44350538	0.0779375	0.0	0.0	0.0	0.0056333756
GTCCTCATCAAATAGG-2	0.636252	0.3171069	0.051925894	0.0	0.16578801	0.011172254	0.023535093
AACCACAGTTAAGAAC-2	0.09697594	0.49804577	0.12875183	0.30270758	0.0	0.066507496	0.008100073
GTTCATTTCGCTACGG-2	0.6508193	0.32985097	0.03584038	0.0	0.0	0.0	0.0
TTAGGCACATATGGCT-2	0.051933065	0.5386983	0.035030432	0.33725968	0.0	0.0	0.048284013
TGCTCCACACAAACGG-2	0.0	0.0	1.0124472	0.017084217	0.119293734	0.0	0.004110286
TTTATGCAGAGGCGTT-2	0.35158414	0.71459234	0.0	0.039456412	0.0	0.0	0.017683696
AATGCCAGTCAAGGCA-2	0.5845384	0.0	0.43510798	0.0	0.06365131	0.0	0.0455943
AAGTTCGGTTCTATCT-2	0.38110188	0.23609808	0.165696	0.040742643	0.0	0.05890394	0.018373372
TCGTAGAGTGTAGGAC-2	0.22206277	0.52918243	0.116697915	0.16331245	0.0	0.0	0.0071078306
TCAAGACTCAGCATTG-2	0.0	0.0	1.424479	0.0	0.0702768	0.0	0.0
ACATGCACAAAGCTCT-2	0.0	0.64179516	0.5713841	0.0	0.0	0.0	0.0
TGGAGAGCATAGAAAC-2	0.8507725	0.28245392	0.06934474	0.0	0.014372355	0.0	0.0054933876
ATCGGATGTCCAGTTA-2	0.16179888	1.0829979	0.0	0.03032401	0.023353737	0.014499218	0.03612018
ACATTTCAGACTCATC-2	0.16183826	0.6162142	0.053823065	0.009136661	0.0	0.004920857	0.00012496894
TGGATGTCAATACAGA-2	0.66089004	0.06505729	0.124391034	0.0	0.0	0.02800471	0.008351069
CAGATACTCATGAGAA-2	0.1555036	0.4996279	0.19098304	0.049726535	0.0	0.0	0.0
CTGGTCTCACATGTTG-2	0.42456725	0.27641013	0.1209191	0.22317387	0.0	0.0	0.03098756
TAACTTCAGGATACAT-2	0.5044313	0.56272006	0.08176713	0.0	0.008828579	0.070020676	0.0016237762
CTCCAACGTTGTCCCT-2	0.22699441	0.89974725	0.16571507	0.0	0.0	0.019540709	0.031845212
TGTAAGCCAAAGCGTG-2	0.7992457	0.20602623	0.0	0.0	0.0542685	0.0	0.0
GATCCCTGTGTAGCAG-2	0.022701366	0.96644074	0.037248824	0.02444767	0.0	0.01162576	0.014873953
ATTCAGGTCCATGAGT-2	0.45101696	0.45482147	0.11197533	0.09788874	0.0	0.0	0.031512562
TAATTCCCACGTAGAG-2	0.34521237	0.0	0.26381713	0.08332751	0.10659849	0.0	0.0
TAGGTACTCGAGTGAG-2	0.5481449	0.25292775	0.061736684	0.01596891	0.0	0.002434702	0.012700611
GCTTCACAGTATGGAT-2	0.21008131	0.69609326	0.024507295	0.0	0.0	0.0	0.0
GTAGGTTGTCGTTGCG-2	0.33128133	0.45259368	0.25684234	0.01702137	0.0085687665	0.010152966	0.007686078
GCCAGGTTCTGCTTTA-2	0.4485131	0.16670027	0.20640337	0.007759325	0.03535832	0.0	0.042685237
TGGAACTCAACACACT-2	0.00058983394	0.70982766	0.22993861	0.10852739	0.0	0.0	0.05738265
TGCCGAGAGGAAGTGA-2	0.0	0.28766844	0.74107826	0.066680126	0.19688468	0.132603	0.017378725
GAGTCTAGTTCAAACC-2	0.15999077	0.035153087	0.33562055	0.13309054	0.030612951	0.0	0.009193116
CGAGAAGTCCATTGCC-2	0.3645719	0.4851969	0.07402383	0.0	0.012246107	0.018633725	0.0
TAAGCCAGTACCATAC-2	0.0056617777	0.26792243	0.5588709	0.07178849	0.052737128	0.0	0.0
CAACAGTGTCGTATTG-2	0.25969914	0.34603962	0.28267005	0.0	0.08221342	0.00302629	0.010864538
CAGCGTGCATGCCGGT-2	0.20943612	0.0	0.05715641	0.51210046	0.21205059	0.0	0.0
GCAACCGCAAGCGCAA-2	0.0	0.26245776	0.63719255	0.13577254	0.0071930746	0.04651497	0.0010637031
TCTCTGGAGGCCCAAA-2	0.37043223	0.39317212	0.11085864	0.0	0.0	0.022715958	0.013494391
TCATCCGCACACCTGG-2	0.2080047	0.8221937	0.03148343	0.0	0.0	0.019319054	0.0
GTAGGAGTCATATGGC-2	0.47271726	0.0	0.11663542	0.034611087	0.0	0.0359955	0.0029492748
TACTTACAGTGCGCTC-2	0.85379636	0.20180167	0.10054646	0.0	0.018602481	0.0	0.08475798
GGTAGAGAGTGCAGCA-2	0.40448526	0.18480578	0.1904747	0.082096376	0.06592032	0.067218795	0.0
CCCATTGTCTCAAAGC-2	0.0	0.38472474	0.6727619	0.0765149	0.0	0.113551095	0.048745833
GCATCTCTCACTAGCA-2	0.08398083	0.51061153	0.08461541	0.0762093	0.0	0.0	0.0060818135
AGCCAGCGTGTAAACA-2	0.98165214	0.12317519	0.0	0.0	0.0	0.0	0.0
AGATAGAGTCATTGCA-2	0.0	0.013672764	0.6429479	0.4032495	0.0	0.21437994	0.0
GGAATCTCAAGTGATA-2	0.0	0.1276	0.65012366	0.1830763	0.0	0.1819705	0.005015299
ATTCAGGTCTTCCCAG-2	0.25387254	0.6967882	0.05045731	0.14972366	0.0	0.0	0.01820127
GTAATCGCATAGGTTC-2	0.44989708	0.37380072	0.0	0.21711646	0.0	0.0	0.061866883
AGCGTATAGGTCCCGT-2	0.0	0.15263161	0.79539233	0.0	0.042188603	0.0	0.0
ATCTCTAGTTCAATCG-2	0.6118509	0.028290369	0.23326904	0.1746185	0.073621325	0.0	0.0
TTGAGTGAGGAGGCAG-2	0.13909855	0.538801	0.13877039	0.0	0.0	0.006819311	0.018683441
GTCCTCACACTATGTG-2	0.24033108	0.54951143	0.064538166	0.02801475	0.0	0.035579707	0.0
AGGCCACCAGTTAGAA-2	0.37879956	0.28355902	0.31846482	0.0	0.06028077	0.06853716	0.0
TGGTGATAGTTAGTGA-2	0.52815896	0.044345636	0.03923641	0.28297508	0.0	0.0	0.10449745
GTGTGATGTACTGTTG-2	0.43882057	0.117685884	0.23961277	0.16614178	0.0	0.0018567402	0.013295593
GTGTTCCTCAGACAAA-2	0.18460922	0.37092924	0.12769851	0.17984368	0.0	0.022380818	0.02792208
TTACTGTAGTCAGAGC-2	0.313412	0.4183425	0.19229297	0.0	0.15494215	0.0	0.0006269248
GTGAGCCGTGGGACAT-2	0.5152998	0.34308112	0.007364225	0.15474221	0.0	0.0	0.0
GCTTCACGTACGATCT-2	0.0	0.3511914	0.5812928	0.09625363	0.0	0.0	0.0
CCGTGAGCAAGTTGGG-2	0.6667214	0.0	0.42870736	0.0	0.011588683	0.012242545	0.10216889
GGCAGTCGTATGAAAC-2	0.25155324	0.39470026	0.25491634	0.0	0.26861843	0.003883021	0.029415151
CTGAGCGTCCACGAAT-2	0.60087675	0.0	0.0	0.0	0.0	0.0	0.6151876
TCCAGAATCATGCTAG-2	0.7136346	0.43277103	0.0	0.039603654	0.0	0.0	0.039274286
GATCAGTAGTAGGAAG-2	0.4617184	0.38553232	0.02368119	0.0	0.0	0.013985327	0.000436332
TTGTGTTTCGTTCCCA-2	0.15278268	0.4798833	0.058739796	0.50608903	0.0049367673	0.0	0.009131295
GTAGGTTTCCGCGAGT-2	0.064720035	0.0	0.68330735	0.21345943	0.17875424	0.0	0.0022280088
GTTTACTGTGTGTTTG-2	0.1441584	0.34515196	0.44624558	0.0	0.0	0.26924294	0.0045158877
TATCAGGCAGCGTTTA-2	0.50353295	0.3580879	0.013082579	0.0	0.028262299	0.0009938407	0.0
CAGCGTGGTGAATATG-2	0.53970534	0.39493248	0.063905835	0.0	0.016560692	0.004627606	0.015976744
CTTACCGTCTGAGTCA-2	0.37662044	0.36479998	0.08682361	0.07132549	0.009628876	0.010560495	0.084425196
ATCGTAGAGTCCGCGT-2	0.30044043	0.41926208	0.15665093	0.05906761	0.0	0.0	0.0
CAGTGCGTCCTCTAGC-2	0.25457957	0.14445421	0.5916514	0.037569325	0.018403433	0.06536726	0.07632768
ATCATTCAGGATATAC-2	0.05543737	0.22434078	0.5973758	0.12889719	0.0	0.03997234	0.023777228
ATGCATGCAGTTCCAA-2	0.7156063	0.29036573	0.0	0.059483573	0.002980664	0.0	0.039910845
AAGTGAATCGAGAGCA-2	0.384325	0.19474475	0.07260729	0.36213756	0.10817441	0.0	0.10069568
TACCCACAGCCTATCA-2	0.30763727	0.45285237	0.029830411	0.0	0.0	0.0	0.0
GGGTGTCGTAAGTTAG-2	0.254959	0.66293675	0.0	0.0	0.0	0.0205978	0.015011475
TTAGGCAGTCGAGTGA-2	0.48559588	0.16585253	0.13928351	0.0	0.0	5.3708345e-06	0.0
ACGGTTAAGAATAACC-2	0.1545037	0.25452808	0.29596055	0.1897751	0.0	0.15081339	0.0
TCTCCGATCATCGACA-2	0.30164814	0.097527124	0.48843154	0.046387512	0.036181137	0.059182	0.0
CATGGTACATAGAGGC-2	0.0	0.0	1.3256665	0.059084117	0.0	0.013583448	0.0
GAAACCTGTTCGGTTA-2	0.0	0.36363748	0.1901532	0.008296856	0.03041798	0.0	0.0
ACGTTCCCACCGGAAA-2	0.26240873	0.40154913	0.061601114	0.0	0.0	0.0	0.0
CTCATGCCAATCGAAA-2	0.32438964	0.6894531	0.0	0.0	0.0	0.0	0.0
CCCAACTTCGGATACT-2	0.2254375	0.29113957	0.09785076	0.26917785	0.0	0.0	0.0036052188
AGATGAAAGCTGAAAT-2	0.24148709	0.62128854	0.01977143	0.1385148	0.0	0.0	0.02753102
GGTAGAGTCAGCACCG-2	0.18610679	0.38793004	0.23894759	0.06927853	0.0	0.0	0.0
ATTCAGGTCACTAGCA-2	0.1724953	0.32179645	0.16635619	0.28548735	0.027676601	0.0	0.003617544
TGTAGACTCATAGGCT-2	0.40155163	0.0	0.33080438	0.28020662	0.0	0.0	0.02032268
TCAGTCCAGACCATTC-2	0.0	0.7037799	0.38124937	0.029457262	0.0	0.12603843	0.00050083175
ACGTAGTAGTCTTGGT-2	0.41172656	0.47660857	0.06638909	0.0	0.0	0.05034536	0.0
GTATTTCTCTTGAGCA-2	0.27574444	0.25196138	0.236593	0.0021263168	0.0	0.12267413	0.00040556423
CCTCATGAGGAAGAAC-2	0.0	0.5843793	0.3437543	0.07217636	0.006679596	0.091804735	0.011234444
AGCATCAGTACGTGAG-2	0.281386	0.14546853	0.19587594	0.0	0.060855664	0.07511763	0.006623021
ACTACGAAGCTTGTGT-2	0.23463891	0.4653052	0.20398013	0.0	0.034054574	0.0	0.0051733223
AAGTCGTCACAAACGG-2	0.28471804	0.9027201	0.014992456	0.0	0.0	0.014697689	0.0
TTACAGGTCATACGGT-2	0.3101215	0.32473657	0.31933713	0.0	0.0045239627	0.01135804	0.0015080563
GGGTTATCAAACACCT-2	0.60529774	0.24564451	0.19228974	0.010427241	0.0121984435	0.005768545	0.0
ATAGACCGTTGATCGT-2	0.2135203	0.4442864	0.19710463	0.07816919	0.011899291	0.004303312	0.0
CCGGGTATCACAATGC-2	0.6067189	0.33895737	0.0014093476	0.0	0.007765055	0.0057452563	0.0
GGTGAAGAGATAGCAT-2	0.20269887	0.3863724	0.10404325	0.14574505	0.0	0.0	0.0
GATTGGTAGGTAGGCT-2	0.07568917	0.45418283	0.4221978	0.00044921748	0.0	0.050901745	0.01851649
CATGGATAGCTGGCCT-2	0.4086249	0.24158137	0.12862839	0.011632905	0.0	0.0	0.0
GTTAGTGGTGGGTATG-2	0.1935629	0.5626744	0.034928158	0.16057467	0.0	0.0	0.008644984
GACTGATCACGTTGGC-2	0.52973676	0.21115997	0.05034336	0.0	0.09478795	0.0	0.0
GTGTGGCGTTCATCGA-2	0.35995278	0.54254097	0.072422035	0.0	0.0	0.0	0.0
TGTGTGACAATTGCGT-2	0.3980217	0.27102807	0.12850869	0.03120351	0.08066422	0.0	0.005209603
ACTTCCGGTAGACAGC-2	0.041861974	0.02538166	0.80298615	0.1056485	0.17470354	0.13842602	0.0
CGGCAGTAGGTTCATC-2	0.5381487	0.31995395	0.010954313	0.045188453	0.008289201	0.0	0.0
CTACCTGGTCAGACTT-2	0.4804473	0.36315024	0.068330914	0.067200005	0.0	0.0	0.015125615
CGCAGGTCATAGAAAC-2	0.6387607	0.19510534	0.0	0.0	0.06487161	0.0	0.0
TCGCAGGAGGGAGTTC-2	0.35165042	0.5846514	0.124172986	0.0	0.0	0.0	0.055487607
GGAGCAAGTGTGTGTT-2	0.37651426	0.57010627	0.0785421	0.0	0.0	0.0	0.013364289
ATGCGATTCCAGGACC-2	0.63010913	0.35112688	0.03539529	0.0	0.0	0.0	0.0
GCTCAAAAGAAGTGTT-2	0.42290285	0.0	0.09889826	0.32925925	0.0	0.0	0.0
GGGATGAAGCGGTAAC-2	0.5614286	0.3790948	0.14322552	0.0	0.08388167	0.063696206	0.027900487
TACCCGTAGCATGAAT-2	0.1306518	0.73917633	0.20931959	0.17591931	0.0028030083	0.0	0.016058438
GCCATGGGTCAACATC-2	0.0	0.24415343	0.53570646	0.06134712	0.0	0.077554815	0.0
ACCAAACTCATGCCGG-2	0.34883478	0.3318925	0.019275531	0.041800454	0.0	0.0	0.0085247485
ACTATGGGTGAGACGT-2	0.6199891	0.4958678	0.030334182	0.0	0.0087596085	0.0070841834	0.0037135824
GAGTGTTGTTTACGAC-2	0.28479537	0.52585924	0.20113702	0.0	0.0	0.0	0.04857968
TAAGCACTCCGTAATG-2	0.12766269	0.793456	0.077964485	0.02082507	0.0	0.0	0.016524289
TATTTCGAGCCGCTTG-2	0.5178947	0.27483237	0.33358356	0.0	0.006447362	0.0050450056	0.010859228
TTCACCGAGCGTATGG-2	0.26297018	0.3107016	0.1251297	0.0778866	0.0	0.0	0.0
GCAGTTAAGGTTACCT-2	0.5243553	0.04612584	0.050735347	0.0	0.0	0.0	0.0
CGAAGGAGTTAGGGTG-2	0.731054	0.3872078	0.0	0.0	0.0	0.0	0.0
GTTACAGAGATGGTAT-2	0.038246494	0.31004936	0.16725802	0.12605801	0.0	0.0	0.008232106
AGTGCCGCAAATGCTC-2	0.17250395	0.62621194	0.10258968	0.014885573	0.0	0.0	0.01324315
GTATTTCAGCTCTGTA-2	0.3335307	0.7338268	0.068985045	0.011064243	0.0	0.0	0.008285577
ACGTACAGTCCGGATC-2	0.34913322	0.0	0.46086898	0.062267672	0.07253881	0.011937706	0.000998885
CAATTTCCATGGCCAC-2	0.0132042	0.060741268	0.5336889	0.29037878	0.084616765	0.0	0.0039079185
CTCTCAGTCGACATCA-2	0.1296194	0.6739987	0.20962341	0.14280744	0.0	0.066536754	0.004475704
CATTGTTCAGCCGTTG-2	0.0	0.7532804	0.26061454	0.045638833	0.0	0.0	0.0
TTGAACGGTTAAGACA-2	0.4340586	0.93783015	0.0	0.0	0.0	0.0	0.0
AGGTAGGAGCGACATG-2	0.42961842	0.42942545	0.06347461	0.03853459	0.008503699	0.0	0.0071206307
CGCAGGTGTGCAGATG-2	0.61871654	0.5099824	0.0	0.0	0.00675206	0.0	0.00013479401
TATCGCCAGATAGCAT-2	0.2416623	0.77888757	0.0	0.0	0.0	0.0	0.001849532
CACGAATCACGACGAA-2	0.22772428	0.39868113	0.2073672	0.0	0.0	0.0	0.0
CGCCATTAGGATTCCT-2	0.31060714	0.45311868	0.09861006	0.0	0.0	0.0	0.0
TGTTTGTTCCGTCCTA-2	0.40767333	0.21571274	0.0	0.0	0.0	0.0	0.0
CACAGGCTCCAAAGGG-2	0.28508425	0.21454355	0.3054541	0.0045290412	0.042397916	0.0	0.008775893
CCTGTTGAGAGCTTTC-2	0.52943194	0.3530171	0.0	0.0	0.048777636	0.011009672	0.0
GCAACCGCACGCTATA-2	0.0	0.7576707	0.22859639	0.053934406	0.0	0.03161983	0.030193731
GGTTAACTCTTCTGGC-2	0.32350844	0.12342491	0.41538674	0.0	0.107097305	0.0470499	0.0
TTCACCGTCTCGTCAC-2	0.5357621	0.29953846	0.3269942	0.0031913249	0.002146379	0.017764995	0.08069616
CACAGGCAGCTGGAGT-2	0.28340495	0.2907974	0.19672686	0.06648314	0.0	0.0	0.019715097
GGGATGACATGTTCAG-2	0.21704374	0.7100907	0.12942713	0.050236322	0.00015053905	0.0	0.013788675
GGAATCTTCGCATTAG-2	0.13612753	0.59301865	0.34315884	0.02229051	0.0	0.0	0.003841452
CCGATGGTCAAATGCC-2	0.01775375	0.6500238	0.11384302	0.03067838	0.059473515	0.0	0.017572246
TAGTGCATCCACTGAA-2	0.09225362	0.77646536	0.0514364	0.0	0.0	0.056230545	0.0
AGTAGCTAGCCTTCTC-2	0.26135626	0.3970843	0.19760115	0.0	0.0025253026	0.0	0.0
CATCGCTGTATGGTTC-2	0.052331105	0.2860704	0.2585043	0.10800174	0.0	0.0083262995	0.0
GATGAGGCACCGGAAA-2	0.46423644	0.033348046	0.114742585	0.3472191	0.0	0.0	0.02840789
TTTGTTGCAAGCACCC-2	0.117591456	0.7015424	0.26468292	0.0	0.0	0.051363945	0.015428548
CCACGTTGTCACCGAC-2	0.082540885	0.049793914	0.6427016	0.2672522	0.006111523	0.062005844	0.049421906
CGGGACTGTCTCTCCA-2	0.4628613	0.6862034	0.028578836	0.0	0.0	0.044180255	0.017241728
CTGAGGCTCTCGTCGT-2	0.22907995	0.3002072	0.23858257	0.02284401	0.0	0.0	0.020022295
TCCTCGAAGGAGAATG-2	0.39427122	0.64771444	0.039348114	0.013309192	0.061171755	0.030647818	0.0
TCACAAGCAACCAACT-2	0.23728219	0.14236246	0.33394566	0.1330651	0.0	0.0027813953	0.016177282
ATTGGGTGTCGGATTT-2	0.5937658	0.70634866	0.0	0.0	0.0	0.00845992	0.0
GCGTGCAAGAAGCCAC-2	0.0	0.09380321	0.81643224	0.0	0.28518644	0.0	0.0
GAGTTTGCAGGCTATT-2	0.2642692	0.5149807	0.050477996	0.0	0.0	0.0	0.027175047
AGTAACCGTACAGTTC-2	0.8630277	0.29004923	0.0	0.0	0.0	0.0	0.0
TGATCTTTCGGAATTC-2	0.110948525	0.007672146	0.33643773	0.02660472	0.005785638	0.0	0.0
TTGTTCACACTCATAG-2	1.065114	0.0	0.084245294	0.020172706	0.0038651344	0.11269984	0.0039520296
GACATCATCAGCTGTA-2	0.23439194	0.48454037	0.14171483	0.0	0.07265987	0.050357483	0.0
TGTTTGTGTTGCTAGT-2	0.23491822	0.38896117	0.5135513	0.0	0.0	0.032895885	0.027565127
GACGTTACACGTCGTG-2	0.12707055	0.5301884	0.09110639	0.24062945	0.0	0.0	0.03939451
GAGTCTAGTCGCAACC-2	0.09478462	0.30722722	0.6673325	0.042033464	0.0	0.0	0.07679018
CGTAGTACAGTAGTGG-2	0.52547663	0.252514	0.08842631	0.0054179635	0.0	0.0363279	0.014356679
CCCATTGCATCTAGAC-2	0.52250075	0.21395811	0.020490753	0.06303357	0.0	0.0	0.0
GTCAAACAGCAGCCCT-2	0.5137047	0.1681344	0.13570338	0.17693534	0.02516904	0.0	0.040246844
GTCATGATCCATTTAC-2	0.25897184	0.601769	0.11310744	0.05103379	0.0	0.0	0.040507585
ATGGTTGAGATCGACG-2	0.025656918	0.5991238	0.21842611	0.01497042	0.03163682	0.0	0.004691951
AGGGAGTAGAGGTCAC-2	0.13012329	0.12543015	0.85894006	0.044106394	0.0	0.0	0.0327878
CTGCCATAGTCACAGG-2	0.22687912	0.7783413	0.09110937	0.021243911	0.0	0.008562297	0.0
CATTGCCGTTGTAAAG-2	0.28307223	0.2153995	0.25194526	0.065185465	0.03288257	0.0	0.020598572
AGGAATATCTCCGAGG-2	0.30272293	0.15571174	0.1706224	0.15516257	0.0	0.028141694	0.0
CGAGAAGAGGATAATC-2	0.0	0.0	1.0344908	0.010260185	0.022935543	0.100476444	0.0
CGAAGTTGTTAAGGAT-2	0.4062558	0.31390357	0.052897315	0.015993379	0.0	0.0	0.0061372393
TAACGACAGGACATCG-2	0.44317797	0.5484801	0.0	0.0	0.0	0.0	0.0
ATTCCATTCGAGAAAT-2	0.33274698	0.7061376	0.052697837	0.0	0.0	0.0	0.020113587
GAATCACAGCTGAAGC-2	0.21667613	0.37621227	0.29608318	0.0056296242	0.0075417445	0.083670974	0.0
GAGACCCTCCGGTTCT-2	0.48439848	0.1155099	0.3721242	0.0	0.046373997	0.0	0.016584052
CTGCGAGCACAGTGTT-2	0.09356427	0.33881444	0.23044375	0.026615757	0.0	0.0	0.0
CAGTTAGTCCGAGAAG-2	0.65818816	0.0	0.20574945	0.0	0.0019658192	0.0	0.27138272
TCACTATAGCGCCATC-2	0.33823612	0.28615686	0.25904217	0.08108673	0.0	0.030051552	0.0
TGCTGAACAGATGCGA-2	0.22108397	0.14247818	0.5898206	0.021318825	0.07527704	0.0	0.0
TCGTCCAAGTATGGAT-2	0.7763425	0.0	0.28746054	0.0	0.033627357	0.0029847708	0.030728996
ACCATTTCAGGCCCTA-2	0.1666271	0.40806165	0.1021991	0.19581315	0.00028931705	0.007966136	0.014227361
AGAGCAGCAGGTAGTG-2	0.3151225	0.0	0.31109238	0.10199649	0.10953713	0.0	0.009989444
CTGCGAGCATCATGAC-2	0.10870786	0.25466993	0.52564824	0.12076119	0.0	0.0	0.004081671
GATTTCTGTGGAAGTC-2	0.31877047	0.25751463	0.08434726	0.31658378	0.019885635	0.0	0.011614751
TAAGCGTAGCATCGAG-2	0.22570987	0.4027962	0.116063245	0.07982346	0.089976184	0.0	0.0
CCATAAGCAACAAAGT-2	0.43065032	0.01920853	0.3646193	0.0	0.07084068	0.0	7.258774e-05
GCAACCGCAACGCATT-2	0.0	0.0	1.3338115	0.0	0.0	0.03538648	0.0
GTAACCAGTTCGGTAT-2	0.23647635	0.50016165	0.05230481	0.0	0.0	0.0	0.0
CTACCCAAGAGCACTG-2	0.42103246	0.36610842	0.113999546	0.0	0.0	0.015506554	0.0
AATCACGCACGAAAGC-2	0.0	0.07669002	0.6335731	0.20471016	0.0	0.18004459	0.0
GTATTGGCACCCTAAA-2	0.16295132	0.0	0.98944944	0.0	0.03375631	0.0	0.019149195
CTAACCCTCGCGCCAA-2	0.18884929	0.5613428	0.39395633	0.010085007	0.0	0.0	0.049282085
TCATGCCTCAAGCTTG-2	0.4503811	0.5065262	0.047427196	0.034304906	0.001991288	0.0	0.0
TCCATCGAGAGAGCAA-2	0.111893624	0.48831138	0.2143695	0.16731574	0.0	0.010411363	0.0
CCTTTGGAGCGGACAT-2	0.49304834	0.36185318	0.033962134	0.01441438	0.0	0.11117741	0.0
GTACAACGTTCAAGTC-2	0.20172875	0.6186598	0.078361936	0.0	0.0	0.0	0.0
ACCTACCGTGAATTAG-2	0.0904052	0.14582527	0.534804	0.22930752	0.0	0.0010269313	0.0
AATCGACTCGTGGTAT-2	0.19446836	0.4644331	0.1867385	0.1523188	0.0	0.010139444	0.0
GCATTAGCACTAACCA-2	0.549015	0.5035796	0.0	0.0	0.0	0.0	0.0
TACATTCGTGGCTACC-2	0.38443023	0.06428846	0.2709817	0.0	0.07232249	0.0	0.0060980474
AGTAACCGTGATACCT-2	0.3371437	0.42326474	0.07116657	0.009836614	0.0	0.0	0.0
CTATAGGTCTTGCGCT-2	0.107204586	0.21939956	0.36528754	0.082104616	0.0	0.013462169	0.0
CTTTCGGGTTGGCCGT-2	0.67296124	0.29134494	0.011422783	0.0	0.004574194	0.0	0.039634563
TTCAATCTCCGTATAG-2	0.075925075	0.72808754	0.22437592	0.11350354	0.0	0.036427595	0.0
CGTTAGACAAGCGGAT-2	0.833118	0.0	0.07720722	0.0	0.052378245	0.00420972	0.061786775
AGGCTGCAGCAAGTGC-2	0.23854789	0.0	0.38694295	0.0	0.63363403	0.03637818	0.031095482
GCTCAAACACGCTATA-2	0.40480232	0.65323836	0.0	0.0	0.0041381805	0.0	0.007151107
TGGTGATTCGCGCTGA-2	0.07305769	0.21341102	0.18653017	0.074191496	0.0	0.0	0.0006400839
GGAACCCCACGGTAGA-2	0.20805147	0.5266894	0.1449858	0.05661527	0.0	0.022020806	0.06978388
ATCGGATCACGGCGTT-2	0.04407421	0.2747584	0.6858982	0.0	0.0	0.03765552	0.02211466
CCACCATCAAGCTACT-2	0.4067282	0.7057789	0.043612007	0.0	0.0	0.0	0.029875044
CAGGCCAAGGGCAGTT-2	0.3284429	0.5794052	0.072179124	0.07942382	0.010729639	0.02534896	0.054421674
AGGAGGTAGAGAGTTT-2	0.116071016	0.0	0.7890491	0.1786049	0.044237256	0.0626152	0.0
AAACGCTCAGGCGAAT-2	0.18301411	0.83972734	0.0	0.020650974	0.0	0.0	0.059180167
CGGGTCAGTGCTGATT-2	0.51067597	0.0359524	0.17994949	0.23694654	0.008777539	0.0	0.050331444
ATTTCTGAGTCAGAGC-2	0.10895389	0.29112235	0.19872668	0.033108905	0.0025383644	0.0	0.0
CCTTGTGGTCTGTGTA-2	0.544403	0.020326883	0.17555022	0.2691512	0.026034009	0.0	0.01562161
AAGAACAGTTCGTTCC-2	0.5538509	0.38531083	0.09905085	0.0	0.0	0.0011092008	0.0
TTTGTTGCAGTAGATA-2	0.5123087	0.30872303	0.0	0.0	0.0	0.0	0.0
AACCTGATCACCTGGG-2	0.2601857	0.37715298	0.19312148	0.09542059	0.0	0.023727732	0.018265612
ATGCGATCAACCGCCA-2	0.18159087	0.29177585	0.35594064	0.0	0.0	0.0	0.0
ACTACGAAGGCCACCT-2	0.2403508	0.40368053	0.13290118	0.033430323	0.004102489	0.0	0.021967987
GTTCTATGTCCTTGTC-2	0.79346544	0.31111807	0.049314003	0.0	0.0	0.0	0.0
CATTCATGTACCTAGT-2	0.16969827	0.5772239	0.115433656	0.0	0.0	0.0075981794	0.032377657
GAGGCAATCGTTCCCA-2	0.29723233	0.37299657	0.1705146	0.0429001	0.047783248	0.0002564754	0.0
CTACAGACAAGGTCGA-2	0.0796611	0.31697708	0.21271482	0.08286908	0.0	0.0	0.008084225
AACGAAACACTGGATT-2	0.3376597	0.47444382	0.08608129	0.0	0.0	0.0	0.0
TGAGACTCAGTAGAAT-2	0.18483847	0.5250816	0.074393146	0.29365492	0.007692518	0.0	0.0028086975
ACTATGGCAATCTCGA-2	0.0	0.4065547	0.996477	0.0	0.0067021335	0.0	0.0
AACTTCTGTTAGTTCG-2	0.6045893	0.05358707	0.0	0.12515089	0.0	0.0	0.0
TGTGCGGAGTAAGCAT-2	0.2972816	0.29603708	0.24779153	0.17559922	0.053035695	0.0030657572	0.0034933737
CCTTGTGGTAGCGCCT-2	0.6853895	0.35980994	0.0	0.0	0.0	0.0	0.0018772718
TGCGATACAACGGCCT-2	0.15689115	0.69541997	0.07693327	0.0	0.0	0.013449048	0.0
GGAATCTAGTTTGCTG-2	0.34665063	0.5935079	0.010772784	0.0	0.0	0.023979183	0.0
CCTTCAGTCCCGTTCA-2	0.18568484	0.2633893	0.27346176	0.1408746	0.05608088	0.0	0.020865574
CAACAACAGTCGAGGT-2	0.21842998	0.4938538	0.1759789	0.0	0.0	0.061605155	0.002621386
GAGACTTTCCGATCGG-2	0.16923134	0.8731644	0.022291109	0.11974767	0.0	0.056721304	0.041486733
CTCCAACCATCGGATT-2	0.0	0.14927062	0.56585205	0.091166906	0.009939698	0.0	0.0021663753
GCAGTTACAAGGATGC-2	0.47089028	0.19316077	0.09551893	0.29704386	0.0	0.053604934	0.012092239
CCACCATTCATTGTGG-2	0.41556165	0.3321329	0.29151204	0.19287291	0.0073563564	0.0	0.010480923
ACATTTCCAACAGCTT-2	0.122288294	0.8381183	0.054637093	0.20055814	0.0	0.08611448	0.0025240069
TTGTTTGGTGAGTAGC-2	0.0	0.21466394	0.6469647	0.16470106	0.0	0.0	0.006313716
ACGTACAGTAGACTGG-2	0.3032021	0.66612965	0.0390608	0.0	0.0046796077	0.0	0.0073844623
ACAGCCGGTATCGTTG-2	0.0	0.0	0.92714	0.0	0.26329586	0.0444327	0.0
TTGACCCGTGTCCAAT-2	0.0	0.2823961	0.5450803	0.091683745	0.0	0.07428328	0.0
CGGGTGTGTGAACCGA-2	0.50055414	0.63537604	0.0	0.0	0.0	0.0028241836	0.029496761
GACCTTCCAAACTAGA-2	0.16301285	0.0	0.49462858	0.18887329	0.0	0.024358131	0.010863746
CTAACTTCAAGCGATG-2	0.20762885	0.2469912	0.33390942	0.006926848	0.05438199	0.0	0.0
AAATGGATCGGACAAG-2	0.8552571	0.109249994	0.08994293	0.042826366	0.0064305263	0.022880336	0.012583313
GGTGTTAAGTTACGTC-2	0.6432313	0.2999091	0.057321664	0.02804457	0.0049092816	0.038455926	0.014254407
TCGAAGTAGAGTGTTA-2	0.3356976	0.10019416	0.41213134	0.13498645	0.009613015	0.03632471	0.03224342
GGTGAAGGTCGTTGGC-2	0.60718906	0.34507176	0.0054943576	0.0	0.036463015	0.0	0.005088516
GTGAGCCCAACGACTT-2	0.48055404	0.32979771	0.075493164	0.0	0.010379904	0.0	0.0
CAGTTCCAGAGGGTGG-2	0.5459339	0.64116186	0.0	0.0	0.0	0.0	0.0066402224
TCATTGTAGTAGTCTC-2	0.16418645	0.6559658	0.16062808	0.0067478567	0.0	0.03828933	0.023004837
CTACCCAGTGATTAGA-2	0.3026987	0.6387158	0.0	0.100018024	0.0	0.014343329	0.0
AAGTTCGAGGTGCATG-2	0.9181079	0.06648504	0.058047023	0.0	0.031808954	0.0	0.009798976
TGAATGCGTCGGAACA-2	0.6535874	0.2879488	0.016243711	0.0	0.0	0.0	0.0
GACGCTGTCCAATCTT-2	0.056908328	0.13183118	0.8096573	0.0	0.0	0.09708347	0.0
TGCTTGCAGCGAGTAC-2	0.25044805	0.48735785	0.38381475	0.0	0.0	0.0	0.026772255
AACCTTTGTGTCCACG-2	0.26777497	0.72221404	0.25509495	0.0	0.0	0.022231221	0.033153404
TTCAATCAGGGTGGGA-2	1.020616	0.11266148	0.0	0.0	0.0	0.0	0.0
CGAGTTATCCTTGACC-2	0.34280795	0.18765637	0.38850152	0.13236667	0.0	0.06065434	0.006610186
AACCTGATCCTAACAG-2	0.0	0.23840299	0.5860483	0.017241554	0.06832425	0.02707075	0.0
ACTATTCTCCTACCGT-2	0.119078666	0.4829735	0.19686256	0.12394449	0.0	0.0	0.007844747
ACATGCATCGGCATAT-2	0.06885347	0.0	0.56951165	0.27387986	0.09120398	0.0	0.0
TACTGCCCAGACGGAT-2	0.26030886	0.1877744	0.18843265	0.030038128	0.0	0.0	0.0
TCTATACGTGCATTTG-2	0.031571515	0.4705765	0.33398324	0.13566214	0.0	0.0	0.008741172
TCAGTGAGTCTTCATT-2	0.4673972	0.33309594	0.0097676795	0.0	0.0	0.0	0.0
TGCTTCGGTCTACGTA-2	0.5529836	0.21305506	0.3287003	0.0	0.06824133	0.028210815	0.101445206
TCAATCTCACCCTAGG-2	0.31456327	0.5496917	0.023979701	0.0037417617	0.03375153	0.044519823	0.019858094
TCGGGACCACAACATC-2	0.6827715	0.19320811	0.20903279	0.0	0.0	0.011668404	2.8330469e-05
GAGTGTTTCGGAAGGT-2	0.0	0.15814237	0.8138606	0.06886091	0.0060263285	0.17705278	0.0
CATACCCGTTCTTGTT-2	0.6018786	0.0	0.07106304	0.0	0.22026688	0.10999106	0.007735248
GTAATGCCATCGCTAA-2	0.44148815	0.5177211	0.19371875	0.0	0.0	0.0	0.074918464
CTGTAGATCCGGACGT-2	0.22530818	0.20571113	0.12595528	0.41858777	0.0	0.0	0.0
CCTCCAATCATTGCCC-2	0.016139962	1.0376753	0.093958616	0.0	0.0	0.07533094	0.034651488
GGTGATTTCCCGAGAC-2	0.0	0.0	0.84645164	0.015537198	0.09622432	0.0	0.0
TGCTCGTTCCCTCTTT-2	0.28747535	0.29099953	0.067247145	0.0	0.0	0.0	0.0
CAGTGCGTCATCGTAG-2	0.3077155	0.19322944	0.35124493	0.0	0.04002112	0.0	0.0
TGAATGCGTACAGTAA-2	0.5011883	0.0	0.1399966	0.18024853	0.079366185	0.0	0.0
TACCTCGCATTCAGGT-2	0.2889668	0.2531613	0.04403785	2.6028756e-05	0.0	0.0	0.0
CGCATAAGTCGGCTAC-2	0.0	0.0	1.020011	0.059118316	0.11543924	0.14802092	0.0
CCTCAACCATGTGCTA-2	0.48717612	0.038768027	0.14018838	0.28503376	0.0067531425	0.049947158	0.0
ACACCAAAGTCCCAGC-2	0.34073797	0.3310984	0.2350017	0.0010044721	0.03691622	0.0	0.025771478
TCATGGAAGAAAGTCT-2	0.48955813	0.0	0.19239636	0.0	0.05989071	0.0142590245	0.38967425
CAAAGAAAGGTCATAA-2	0.068762064	0.8238532	0.08268431	0.09537435	0.011298375	0.0	0.008807724
TTAGGGTTCACTCACC-2	0.7240989	0.21114568	0.0009266102	0.019505631	0.18929811	0.029146966	0.0
GGTTGTAGTGAGCGAT-2	0.10693563	0.37294453	0.3939543	0.080800615	0.15841192	0.09758686	0.0124028195
TCGACGGCAGCGGATA-2	0.0	0.614783	0.46986243	0.13349997	0.0	0.06289632	0.056032278
AGTAGCTCACCCTATC-2	0.7858257	0.3060969	0.05255917	0.0	0.085106455	0.0	0.0
ACAGAAAGTGAGCTCC-2	0.37298238	0.26045337	0.26236448	0.09194524	0.0	0.095594965	0.04667844
ATCTCTAAGCTACAAA-2	0.1891022	0.58559585	0.16764216	0.06906514	0.05912697	0.008511819	0.022593042
AGGCATTCAAGGTCGA-2	0.5135387	0.37930164	0.06683425	0.0015757327	0.0	0.0	0.019273005
TCTCACGTCTAGGAAA-2	0.922879	0.0	0.0	0.0	0.0	0.0	0.0
AGTACTGTCTGCTTTA-2	0.6940662	0.40114522	0.0	0.0	0.0	0.0	0.013393848
ATTCGTTGTAGGAAAG-2	0.30479786	0.56231457	0.16850783	0.0	0.0	0.0	0.08739832
AGCTCAATCCGTCACT-2	0.23576437	0.4085747	0.038944688	0.1314833	0.0	0.0	0.0
CCCTAACCAAGAAATC-2	0.11898404	0.896582	0.09190189	0.07576763	0.0	0.0	0.01909572
TCCCAGTTCACTGAAC-2	0.22654207	0.6837582	0.16898939	0.0	0.0	0.0	0.001781525
AACGTCATCAAACGAA-2	0.47601148	0.25366896	0.24118453	0.054563977	0.0	0.0	0.026941739
CCTCCAACACATGAAA-2	0.40870136	0.06697982	0.20868231	0.31877938	0.036319997	0.0	0.027699705
GTCAGCGGTAAGGTCG-2	0.21320109	0.0	0.6970133	0.0	0.0	0.0	0.0
GTTACCCTCTCCGTGT-2	0.18332136	0.2665697	0.17110291	0.29864737	0.0	0.0	0.047162976
TCAGTGAGTCACAGAG-2	0.49290243	0.07112391	0.19656943	0.18297519	0.0	0.021730077	0.0
GTGGTTAGTACGTGTT-2	0.25287625	0.19046944	0.19209558	0.08916944	0.0	0.0	0.0
TCATCCGGTACGCTAT-2	0.070327714	0.40772456	0.5948611	0.0	0.0900046	0.0	0.019180708
TGGAGGACATGTGACT-2	0.68175846	0.356515	0.16420949	0.010706316	0.0	0.0	0.035124615
AAGTCGTTCACTTGGA-2	0.6509817	0.35929897	0.025957864	0.0026590573	0.07974089	0.033068128	0.0
ACCCTTGAGTATTAGG-2	0.37699237	0.18276693	0.30415618	0.085255	0.012172594	0.0865051	0.0
AACCCAATCATGGGAG-2	0.14988604	0.51569206	0.07454918	0.08954068	0.0	0.0	0.0027947207
CAGGGCTGTTGTGGCC-2	0.5329665	0.32732782	0.01796009	0.0	0.0123054795	0.0	0.0
CCACACTCAACACAAA-2	0.6004044	0.847082	0.026640752	0.0	0.007959538	0.0030715468	0.0031873612
CTTCTAAAGCAATAGT-2	0.7213766	0.33311328	0.0885051	0.0	0.0	0.0	0.041180722
AGGAAATTCGGTCAGC-2	0.3591903	0.60635257	0.0	0.060543343	0.0	0.0	0.02833327
TCCTGCAAGGATGAGA-2	0.57307017	0.496358	0.18660253	0.0	0.0	0.03596488	0.00093269726
ATGACCACACATTCGA-2	0.0063913157	0.5620209	0.06832182	0.4102347	0.0	0.0	0.025522891
GCAACATCAGCTTTCC-2	0.047841825	0.08372132	0.67529726	0.050894093	0.0	0.026521929	0.0
TCCCATGAGTTGGAAT-2	0.3908374	0.41784424	0.0	0.15111218	0.0	0.0	0.011455532
TACTTCAAGTCCGCGT-2	0.036729764	0.43486607	0.3075882	0.2256891	0.0	0.06217614	0.0
TGCTTGCCAGCGTAGA-2	1.1909856	0.0	0.0	0.0	0.0	0.0	0.005968017
TCCATGCGTCCGAAAG-2	0.2114013	0.14107755	0.26180276	0.3014795	0.016755426	0.038141735	0.0
GGTTCTCCAAGTGGTG-2	0.9265939	0.18849668	0.047953065	0.0	0.0	0.0	0.01609175
CGTGCTTTCCACCTGT-2	0.7174815	0.09655507	0.1799785	0.0	0.013311763	0.039578237	0.0
GGGACTCGTTGTCTAG-2	0.32095844	0.31665897	0.2500561	0.050911993	0.052230112	0.04390476	0.027792254
CAACGATAGACTCCGC-2	0.19182856	0.5372244	0.06503978	0.0	0.0	0.0	0.0
CAGAGCCCAGAGTCTT-2	0.26147684	0.4929005	0.014382662	0.0	0.0	0.0	0.0
GTCTACCGTACCTATG-2	0.01555912	0.22589746	0.5077651	0.0	0.0	0.11422236	0.0
CTGGTCTAGGTACCTT-2	0.1982168	0.45117897	0.11105616	0.0072021647	0.0013612674	0.0	0.016011983
GCTACAACATAGCTGT-2	0.0	0.32062802	0.29346842	0.118843324	0.0059419465	0.019916119	0.0
GTGACGCTCTTGATTC-2	0.28446406	0.54734844	0.005798817	0.0	0.005412252	0.0	0.0
AAAGTGAAGGTTGACG-2	0.072595	0.57309836	0.22085148	0.058093835	0.0038663333	0.002837772	0.013899898
GTGGCGTTCATGAGTC-2	0.0	0.0	0.8516289	0.29689002	0.0	0.0	0.020339422
CTCCACAAGGGTTGCA-2	0.63059974	0.066335246	0.077143155	0.00604037	0.0	0.0	0.008580497
AGGGTCCCAAAGCTCT-2	0.4714629	0.0	0.3146386	0.020315703	0.0	0.07857863	0.0
CCGGTAGCAGCGCTTG-2	0.2524138	0.4094572	0.18196435	0.024534833	0.03263017	0.025863983	0.0033220504
ATGAGGGGTATCAAGA-2	0.34376392	0.4773532	0.011352736	0.0	0.053163316	0.044640657	0.0
TTTGGAGCACAGTCCG-2	0.1623193	0.10175429	0.40122113	0.12509637	0.0	0.061361283	0.03825527
TGAGACTGTCTCTCAC-2	0.72123456	0.0160608	0.056019735	0.0	0.07966214	0.0	0.084277175
CAAAGAAGTCCACGCA-2	0.15145817	0.93704927	0.13144772	0.0	0.0	0.0	0.03833588
CGTTGGGGTCCTTTGC-2	0.019812915	0.35447207	0.20951502	0.0	0.23112889	0.0	0.0
GTACAACAGGCCTAAG-2	0.40980345	0.1839993	0.15139106	0.18035077	0.0024706358	0.020700742	0.0
GTCCACTGTTAACCTG-2	0.57867897	0.30401534	0.19275062	0.0013907966	0.07745607	0.0	0.037058342
TTATTGCCACAATTCG-2	0.17392543	0.31509098	0.14572959	0.13531971	0.0	0.0	0.009804079
CGCATAATCCTCAGAA-2	0.5691765	0.3066671	0.17596053	0.021636285	0.0	0.041931804	0.001310037
GCTTGGGTCTAACACG-2	0.027413616	0.41814578	0.39441472	0.1357624	0.0	0.07390779	0.0006225931
TCTTCCTCAAACTAGA-2	0.26965207	0.3985602	0.1826751	0.15895377	0.009987303	0.034903213	0.0
TTCCGGTCAAGTGACG-2	0.213255	0.31068903	0.31845912	0.11081015	0.0845569	0.029061612	0.05138137
CGGAATTGTCATAGTC-2	0.5709942	0.4807715	0.0	0.0	0.0	0.0	0.0
TCGCTCACAGTAGAGC-2	0.0	0.24190547	0.5550652	0.05049981	0.0	0.015498543	0.0
GGGTCACAGCCAAGTG-2	0.20257977	0.0	0.3182396	0.03985309	0.0138022825	0.0	0.0
GAGTCTAAGGCGTTAG-2	0.31699908	0.5675429	0.0	0.03290946	0.027155919	0.0	0.015272622
GTCCTCAAGATCGCTT-2	0.0	0.40491644	0.49981892	0.15406331	0.03227963	0.0	0.016116103
ATGGGAGTCAAAGCCT-2	0.24846043	0.15892361	0.44295102	0.13669026	0.033416055	0.051713504	0.060458172
TTGCGTCGTTAGAAGT-2	0.84052896	0.13474303	0.021135062	0.0	0.0	0.0	0.031114228
GGGTATTAGCACTCAT-2	0.06007415	0.40108573	0.28042144	0.130942	0.0048379726	0.07766324	0.0
TCGAACAGTGCCGTTG-2	0.56928426	0.28928858	0.034854222	0.0	0.05147554	0.0	0.0
CCACGTTGTAGTGATA-2	0.63806134	0.21776804	0.1955073	0.0	0.020763202	0.020581597	0.027075596
TGGGCTGCAGGTCAGA-2	0.5500304	0.61556315	0.0	0.0	0.0	0.0	0.022266243
GTCACTCTCGCGATCG-2	0.6740257	0.47029105	0.082897	0.0034051936	0.0	0.018003775	0.0155708175
TTTCCTCTCCACCCTA-2	0.31462517	0.6077674	0.07503994	0.0	0.0	0.0	0.0
AGGGTGATCTAAACGC-2	0.15450162	0.33380437	0.32043406	0.3034836	0.0063993926	0.05790164	0.016313322
TGTTCCGTCGCGCCAA-2	0.10568949	0.0	0.58348536	0.04230576	0.0027998118	0.19045283	0.0179012
TTCACCGGTCCGGATC-2	0.6310023	0.0	0.20375498	0.10441007	0.009535272	0.10431504	0.026792465
TACTTACGTCAGTTTG-2	0.24518067	0.5062344	0.023860456	0.0052755233	0.033265688	0.0	0.0
CAACCTCTCCACAGGC-2	0.7028146	0.0	0.1922612	0.0	0.0	0.038761828	0.08043748
ACAACCAAGAGGTGCT-2	0.29586393	0.6316465	0.1531289	0.0	0.0024439394	0.035832282	0.0010246271
ATTGGGTAGCACAAAT-2	0.34565398	0.57171243	0.02595595	0.10007889	0.0	0.029459802	0.0
AGCTTCCGTTCTAACG-2	0.22025797	0.38719854	0.11548528	0.0023191436	0.003934001	0.0	0.0
AGGCTGCTCCGCTGTT-2	0.004739934	0.7338278	0.35668916	0.10551697	0.003326879	0.051618908	0.032289684
CTACCCACACAGTCCG-2	0.10993101	0.56544614	0.11150043	0.0	0.02232711	0.0	0.0
GACCTTCCATGTGCTA-2	0.9795173	0.0	0.1303695	0.0	0.21740553	0.038008917	0.0
GTAACACTCTCATTTG-2	0.16937597	0.3407626	0.23599836	0.17197104	0.0	0.0	0.002243279
ATGTCTTAGACGGTCA-2	0.63924354	0.21431361	0.16380131	0.031213691	0.059876584	0.061260294	0.04380657
CGTAAGTGTGAATATG-2	0.0	0.93318164	0.074359685	0.07989638	0.009646851	0.04617908	0.002722683
ACCCAAAGTTGCTCCT-2	0.62497985	0.3980971	0.009678646	0.0	0.0	0.0	0.027066376
GAAGGACAGAGTGACC-2	0.42401358	0.07847349	0.3376298	0.12382259	0.0	0.14552735	0.0
CTAGGTAGTCTCAAGT-2	0.27321106	0.022190794	0.11495195	0.2630441	0.03251149	0.0	0.010541594
TATCAGGTCTGCCCTA-2	0.090834446	0.7192836	0.13801144	0.021133553	0.0	0.0041933004	0.025147224
TCATCATGTTGCGGCT-2	0.09900896	0.1869061	0.5570266	0.097239584	0.0	0.08500314	0.0
GTCATTTGTATAGGAT-2	0.54341984	0.09426142	0.16341881	0.0	0.0	0.017584864	0.02571913
ACACAGTGTTCGAACT-2	0.57345843	0.30840293	0.0	0.06228779	0.0	0.0	0.09447988
CAAGACTTCATCGACA-2	0.544493	0.2247756	0.1877013	0.066818014	0.034054648	0.0022114224	0.022945896
CTGTATTCACCGTGCA-2	0.25466603	0.06109408	0.25294298	0.37644204	0.029120322	0.06529184	0.015434717
TCGACCTCACCCGTAG-2	0.45708203	0.05391136	0.5657872	0.11362083	0.042272873	0.0	0.0050268825
GCCAGTGTCTGGGTCG-2	0.16130728	0.36758053	0.15654972	0.08242147	0.0	0.0	0.028979676
TAGGAGGAGCGTATAA-2	0.3684608	0.425606	0.09512443	0.08108712	0.0	0.0	0.03408399
CATCGTCGTACCGCGT-2	0.29802904	0.14908272	0.4162265	0.0	0.012696347	0.058613773	0.027821576
AGTCACATCTTCCACG-2	0.0	0.69177854	0.5598676	0.03320802	0.0	0.0468392	0.05105352
TTCGCTGCAGTGCGCT-2	0.35758704	0.59389335	0.048489556	0.012917384	0.013035618	0.0038775443	0.03998145
CTCCCAATCGTTAGAC-2	0.2795816	0.17477974	0.17227615	0.071384005	0.0	0.0	0.0
AGATCCAGTGCGGATA-2	0.37364027	0.041211598	0.61698014	0.0	0.0297117	0.090755716	0.0035843474
CATGCCTCATTACTCT-2	0.15565538	0.89991647	0.081469275	0.0	0.0	0.020110777	0.029249921
ATTCATCTCAAAGCCT-2	0.41630417	0.44100416	0.060145453	0.0	0.0	0.0	0.0
ACTTCGCCAGTGTACT-2	0.08880237	0.0	0.66502297	0.0	0.2818606	0.07651834	0.018381529
AATGGAACACTTGAAC-2	0.5372072	0.3807294	0.0	0.0	0.0	0.0	0.0
TTCTGTAAGGAGCAAA-2	0.3349146	0.7333567	0.04306257	0.0	0.0	0.050779313	0.020683642
TTCAGGATCTTCGGTC-2	0.0	0.110565536	0.9699745	0.0	0.0	0.1306878	0.0
GGGATGAAGCGCCTCA-2	0.06166208	0.52609277	0.2229915	0.05556414	0.0	0.0	0.0056161038
AAGGTAACAATCCTAG-2	0.25988123	0.63048184	0.053953446	0.0	0.012293212	0.00048177913	0.0012445737
AAAGGTACACGGCTAC-2	0.6149552	0.37514526	0.23592645	0.0	0.01897407	0.042450212	0.032657303
GTGAGGATCGGCCCAA-2	0.3006993	0.48663634	0.3756792	0.008543466	0.017284717	0.010790388	0.008604555
CATCGTCTCTGGTGCG-2	0.38263145	0.156088	0.06681088	0.01927664	0.0	0.0	0.03834477
CTGATCCCAGCTGAAG-2	1.0895994	0.17832258	0.0	0.0	0.0	0.0	0.0
TCAGGTAGTTTGCAGT-2	0.20715214	0.44416258	0.15092213	0.09192475	0.0003300366	0.022802858	0.0
ACGTTCCGTGGAACCA-2	0.0	0.6890475	0.17275573	0.2377383	0.0	0.0	0.0
TAATTCCTCTGGGAGA-2	0.43760487	0.21575314	0.10180667	0.07139338	0.0	0.0	0.0069489535
GGTGTCGTCCACGGAC-2	0.46421733	0.21006924	0.2542508	0.0	0.0	0.02383662	0.020709472
GATGTTGAGTTGTCGT-2	0.52353793	0.6972086	0.0	0.0	0.0	0.0	0.010074763
GTAAGTCTCCTCTTTC-2	0.13572025	0.57996833	0.33760154	0.01582814	0.0	0.052031323	0.01464981
CTAACTTCAACATACC-2	0.30682263	0.31474504	0.2604682	0.0	0.0037529843	0.0985629	0.0
GTTCCGTGTGCTATTG-2	0.193993	0.68661153	0.1449699	0.06884204	0.021549294	0.024376327	0.0
GGGAAGTTCACAAGGG-2	0.22892596	0.23829515	0.09756753	0.0	0.0	0.0	0.0
CTGAATGGTATGATCC-2	0.020913625	0.83468425	0.0	0.0	0.0	0.0	0.008990164
GCCAGCAGTTGTGTAC-2	0.06536667	0.32699233	0.4380616	0.16031301	0.02137534	0.027204832	0.046976898
CATGCCTCAACCACGC-2	0.2950534	0.22093594	0.09364798	0.15091759	0.0	0.0	0.009220274
AAGATAGTCTCCTACG-2	0.051330525	0.41349587	0.36032608	0.26982334	0.026819658	0.028256848	0.0
GCTGCAGTCAAGAAAC-2	0.3981431	0.53326076	0.041247424	0.0	0.0	0.0	0.0026456974
AATGAAGTCCCGTGTT-2	0.4965265	0.6622377	0.0	0.0	0.0	0.0	0.0
TGCTCGTTCAGAGTGG-2	0.0	0.20286879	0.6201664	0.13442348	0.020337943	0.21055426	0.0
CGGGTGTTCCCATAAG-2	0.22260164	0.32218307	0.25056154	0.0	0.03593843	0.022386178	0.0
GAATAGATCGGCTGTG-2	0.5264181	0.48160318	0.0	0.0	0.0	0.0	0.0
CAACCTCCAGCTATAC-2	0.15312946	0.4706804	0.23070775	0.11526652	0.0	0.0	0.013520864
TTCCAATTCGAGAATA-2	0.12463134	0.6868565	0.0100444965	0.04315298	0.0	0.0	0.021265695
CACTTCGGTTAGGCTT-2	0.29838955	0.450256	0.14092211	0.036223784	0.0	0.0006886869	0.008783454
CTCGAGGCATTCTCCG-2	0.054112654	0.38303974	0.37116316	0.01244088	0.0	0.0	0.0
GTGATGTTCTTCGGTC-2	0.25284478	0.5402735	0.14955364	0.0	0.007338504	0.0033017544	0.0
GGGATCCTCCAGTTCC-2	0.33291852	0.4154702	0.18732089	0.10716403	0.0019844156	0.0	0.025012309
GCAGCTGAGGCACTCC-2	0.019639501	0.09041468	0.35768512	0.4431993	0.165414	0.12382895	0.02744687
GTGTGGCGTACTCGCG-2	0.5287386	0.33770022	0.027977092	0.0	0.10401616	0.0038967875	0.0
CAGTGCGCAATCTCGA-2	0.19171211	0.5437278	0.28391507	0.06889006	0.008332868	0.0	0.042640824
TGCAGATGTCTAGATC-2	0.1304836	0.8133568	0.0	0.058718264	0.0	0.030865083	0.011064178
TGTTCATCACACACTA-2	0.2593973	0.28568283	0.3041644	0.069523804	0.0	0.0	0.0040006884
AGGTAGGAGGGTAATT-2	0.51290447	0.08236991	0.09718505	0.24402454	0.0026882805	0.0	0.01229011
GATCACATCCTCGATC-2	0.03723439	0.60218096	0.5088773	0.0	0.0	0.13057487	0.010939135
GGGTTATTCTGTCTCG-2	0.5313656	0.55867785	0.0	0.0	0.0	0.0	0.0
CCGGTAGAGTGCACAG-2	0.027939891	0.19087474	0.5793418	0.17444415	0.0	0.0	0.011328683
GACCGTGAGGAACTCG-2	0.20557688	0.29459375	0.069611475	0.111278646	0.0	0.010221978	0.02326843
CCCGAAGGTTTCGACA-2	0.06449439	0.22216803	0.40499902	0.0	0.20600918	0.0	0.00071848487
AGAGAATTCCATTCAT-2	0.09652254	0.06905893	0.53630763	0.0919027	0.0	0.2051235	0.0
ACTTTCAGTCGAAGCA-2	0.35055226	0.23926452	0.04472996	0.035003696	0.0	0.0	0.0
TGTCCACGTAGACGGT-2	0.5781918	0.012888303	0.112035185	0.060090728	0.0	0.084744185	0.0
CTAGGTACAGCACACC-2	0.43290728	0.23362182	0.09799381	0.02689752	0.0	0.0	0.0022712876
TTCAATCCAAGAGTGC-2	0.25392085	0.59517896	0.07257067	0.10852748	0.00058438384	0.0	0.011573114
TACCTCGGTGCGGCTT-2	0.08444027	0.28802282	0.14379266	0.39106274	0.14165819	0.041036844	0.012346521
GTGAGCCCAGTTGAAA-2	0.29648706	0.14917511	0.22710498	0.11516399	0.0	0.0	0.023710636
TCGACCTCAAGAAACT-2	0.23076622	0.5501113	0.34566456	0.023816727	0.0	0.14270839	0.037638567
GTTACGAAGCTCGACC-2	0.2710489	0.8910117	0.0	0.0	0.0	0.0	0.036187947
AGTTAGCCATAATCGC-2	0.18659765	0.6173071	0.104947805	0.0	0.0	0.0	0.0
TCATCATTCTCGCTCA-2	0.076826915	0.6227546	0.06318827	0.18340439	0.0	0.0	0.0
CAGGCCAAGTGAGCCA-2	0.0	0.5030159	0.40377223	0.22532508	0.010929317	0.0	0.0
CTCAACCTCCGATGTA-2	0.5646899	0.38807565	0.031129822	0.0	0.035095464	0.0	0.03810332
TGACAGTCAAGCCATT-2	0.0	0.0	1.1642559	0.0	0.0	0.34383526	0.0
CAGCCAGAGGTTTGAA-2	0.55314845	0.3599027	0.0771652	0.0	0.0	0.02366661	0.0
TTGATGGAGTATGCAA-2	0.0	0.304362	0.85868305	0.0817598	0.029310787	0.13814144	0.0
GTAAGTCTCTCCGTGT-2	0.12512793	0.07326737	0.73195136	0.037896756	0.041840598	0.0	0.03383913
ATCGTAGCATGTTTGG-2	0.03498349	0.648376	0.21446335	0.0	0.030499786	0.0	0.0
TATCGCCTCCCTGTTG-2	0.3017479	0.39649725	0.21044831	0.019136013	0.0	0.0	0.0017640687
ACTATGGTCCAAGCAT-2	0.0	0.6073607	0.42551908	0.20672865	0.0	0.0050738426	0.019474832
ACCTGTCTCATGTCAG-2	0.51645887	0.32486135	0.11332805	0.19459732	0.0	0.0	0.020282594
TTTCAGTCAACACAAA-2	0.6602719	0.47089022	0.0	0.0	0.0	0.0	0.0
TGAGGTTGTGGCTACC-2	0.24946655	0.066948146	0.5653939	0.22506571	0.0	0.0	0.03106905
ATTCCCGTCTAGGAAA-2	0.33566946	0.185584	0.36153084	0.0	0.22754808	0.0	0.0090427
AGGTCTACAATCGAAA-2	0.4203301	0.17943293	0.20864053	0.016092148	0.06744924	0.10610742	0.0009854181
AGTTCGAAGTGCAAAT-2	0.21598293	0.94490063	0.0	0.0	0.0	0.0	0.0066658165
GGCTGTGAGGAATCGC-2	0.39711902	0.34654605	0.38312688	0.07009598	0.0	0.028085886	0.023843456
GAGAAATTCGTACACA-2	0.0	0.09367187	0.8432048	0.20855576	0.0	0.059486933	0.0057654893
TACAACGTCCGCGATG-2	0.18870251	0.0	0.6459228	0.10333013	0.13195968	0.06118049	0.023442674
ATGTCTTAGGTTCCAT-2	0.21596311	0.4245362	0.13959001	0.057803575	0.0	0.0	0.0
GTCTCACTCAACTGGT-2	0.4541424	0.0	0.23510022	0.39638227	0.0	0.0	0.05499095
AGAGAGCTCCGACGGT-2	0.22621746	0.015494024	0.35183516	0.0638158	0.0	0.060471892	0.010514396
GGTGTCGAGTGCTAGG-2	0.0	0.084025495	1.0314926	0.015367449	0.0	0.0	0.010939801
TACTTCAAGTGGATAT-2	0.05946162	0.04919041	0.96060777	0.0	0.0	0.0	0.010524588
CGGAATTGTGGTCTGC-2	0.0	0.27591315	0.65218335	0.039221603	0.113657214	0.09914658	0.0
GGGCCATAGCTGCCTG-2	0.017045124	0.5957584	0.14570107	0.30700198	0.02698617	0.0	0.017294286
TTGTTTGGTTGAGTCT-2	0.5173485	0.45022625	0.0	0.13378872	0.0	0.0	0.02818446
GAGGCCTCATCCTAAG-2	0.0	0.63797945	0.372547	0.060610216	0.0	0.0	0.019292207
TAACCAGGTCGCGGTT-2	0.32107204	0.07254648	0.4912679	0.0	0.0	0.03848114	0.0
GGGCGTTCAACTGGTT-2	0.54398704	0.22198974	0.12948368	0.05344538	0.06905633	0.026608843	0.00496856
TACTTACTCCTATGGA-2	0.38155073	0.37337005	0.1403723	0.11454297	0.0	0.025334561	0.00033107214
TATCTTGTCCTAAGTG-2	0.5856611	0.35265675	0.056076735	0.004666727	0.0	0.0	0.016536308
AATGGAAAGTTCCATG-2	0.5526795	0.19596769	0.1922405	0.17782359	0.0	0.060704343	0.0
GGCTTTCAGGGATCGT-2	0.28466618	0.44927695	0.063867465	0.23067202	0.0044371053	0.014157813	0.0
TACTTCATCGCATTGA-2	0.06099761	0.0	0.5972066	0.0	0.36177006	0.11937395	0.0
CTAGACAGTACCTAAC-2	0.28414503	0.26640075	0.2592385	0.0065379213	0.0	0.013531327	0.018970089
ATGCCTCGTCTTGTCC-2	0.37844172	0.330269	0.087478556	0.0	0.0017732169	0.0	0.06655551
CGGAATTGTTGTGTAC-2	0.15514508	0.0	1.227999	0.014654383	0.0	0.061132338	0.0035189504
CAACAGTAGGGTCACA-2	0.2147715	0.91402125	0.0	0.0	0.0	0.0	0.0054788706
GCATCTCCAACAGATA-2	0.68814033	0.26123413	0.0	0.0	0.0	0.0	0.0
TATACCTCAAATACAG-2	0.2570861	0.5489095	0.2934132	0.05644542	0.0	0.0	0.010517303
CTACCCACAACGTAAA-2	0.31192273	0.7562404	0.0	0.053469952	0.0	0.0	0.008561243
AGTGTTGAGAGGCCAT-2	0.090568565	0.45743507	0.22784008	0.007754568	0.03578449	0.0	0.024353629
ATCCATTCATCACCAA-2	0.5417392	0.0	0.40493357	0.0	0.0	0.08818779	0.0
AGATCGTGTGTCATTG-2	0.99163884	0.30273104	0.0	0.0	0.036713485	0.0059044906	0.0016079597
CCCTAACGTAGGCAAC-2	0.06380111	0.14776602	0.16176657	0.23657116	0.0	0.013490319	0.010744619
CAGTTCCTCGGTATGT-2	0.31123555	0.29480398	0.10868942	0.19343255	0.0	0.0	0.0342051
GCATCGGTCAAGGAGC-2	0.69755495	0.13364157	0.13829711	0.013297429	0.0	0.0	0.0
GTCATTTTCCCTCGTA-2	0.0	0.4435671	0.31364498	0.3118141	0.0012001079	0.0	0.004657824
TGGTTAGGTTATCTGG-2	0.0	0.17420463	0.6236058	0.20489831	0.014630024	0.0	0.0
GCAGCTGGTATCTCTT-2	0.38652575	0.34897155	0.041184984	0.061368622	0.0018987769	0.0	0.03063818
GTTATGGTCTACCCAC-2	0.0	0.6525176	0.41672978	0.0	0.0	0.087619595	0.0
CTGAGGCGTTGGACTT-2	0.0	0.5812513	0.1695083	0.3691519	0.0	0.075838976	0.0011062351
CGAAGTTTCCCTCGTA-2	0.0	0.5499318	0.34313112	0.24658863	0.0	0.00037257455	0.0
CATTGCCAGAGGGTAA-2	0.0	0.0	0.42510548	0.0	0.820908	0.0	0.0
AACACACTCCCGAGTG-2	0.6898638	0.0	0.054213643	0.0	0.41872928	0.08420946	0.0
GACCCAGTCTCATTAC-2	0.0	0.0	0.54064125	0.49753538	0.0007212048	0.078585275	0.12066713
GGGCGTTGTATGGAGC-2	0.26111358	0.37933213	0.34971908	0.023580521	0.0	0.04405035	0.038369223
AGGGTGACAACAGCTT-2	0.66952115	0.30181643	0.05511849	0.00044012963	0.0	0.0	0.017107688
GTGATGTTCACTGATG-2	0.3111563	0.42137355	0.00080660003	0.0	0.0	0.0035463115	0.0
GTCCACTCACGCACCA-2	0.17634831	0.5804864	0.038292766	0.06727558	0.0	0.01918283	0.0
TTCTGTATCGACGTCG-2	0.9103694	0.39174616	0.0	0.0	0.0	0.0	0.020990234
ACGGAAGTCTCCGAAA-2	0.32005984	0.32018	0.0262129	0.08774594	0.0	0.0	0.017871559
ACTTCGCTCTAGTGAC-2	0.4608283	0.23418117	0.19269069	0.0	0.05420722	0.0028542248	0.019827172
CGAGTGCAGATGATTG-2	0.39751524	0.12795675	0.25793174	0.10835506	0.0	0.08943786	0.03933034
ACTTTGTTCTGAATCG-2	0.58289546	0.029107105	0.5313787	0.022950388	0.0	0.0	0.020056477
ACTTCGCAGTCGAATA-2	0.3666916	0.214498	0.18449454	0.0	0.0022086252	0.03120812	0.0
TGTACAGTCAACCCGG-2	0.4967616	0.15377863	0.0794632	0.07490332	0.0	0.0	0.0
TGTTCTATCGCTCCTA-2	1.0639014	0.0	0.01421231	0.0	0.023494111	0.0	0.26061866
CATGCCTTCCCGAACG-2	0.0	0.5939235	0.6463763	0.0	0.0	0.21000957	0.0
CCTAACCGTGAGGCAT-2	0.0	0.0	0.95967185	0.17742583	0.10922865	0.00987726	0.0
CGATGCGTCTCGTCAC-2	0.2600358	0.5994645	0.2044329	0.16312118	0.0	0.0	0.0
TGGTAGTGTTCTGACA-2	0.36867407	0.41357157	0.15533748	0.083656535	0.0	0.021548923	0.0
CTTAGGACAGCATACT-2	0.6698089	0.291566	0.0	0.0	0.0	0.0	0.0
GCAGGCTCAAACTAGA-2	0.3555729	0.3810765	0.10330306	0.1366758	0.0	0.05474803	0.0113047715
GACACGCCACTCCCTA-2	0.17594787	0.48215923	0.23893128	0.27198595	0.049807243	0.028727304	0.0
TCTTCCTTCAAGAGTA-2	0.79009223	0.09952652	0.039539564	0.0	0.001892432	0.0	0.046099156
AGAACAAAGTCACAGG-2	0.64449483	0.22630918	0.42498502	0.0	0.0037002924	0.04004131	0.03597179
CAGATACAGTACAGCG-2	0.0	0.4237137	0.5551905	0.16742392	0.0	0.11862047	0.0
AGACCCGGTCCTTGTC-2	0.0	0.39814597	0.6041968	0.0	0.14498217	0.0	0.0
TGCTGAAGTACGAGTG-2	0.68682903	0.39176163	0.0	0.0	0.0	0.0	0.02197026
GTTCGCTGTCGTGCCA-2	0.19852139	0.27013755	0.24053504	0.099568434	0.0	0.0	0.017282821
GGGTTATTCCTGTTAT-2	0.0	0.47148666	0.56490123	0.0150503265	0.004281114	0.058369122	0.0
GTAGAGGCACATACTG-2	0.6450243	0.19022612	0.15837856	0.0	0.0	0.0	0.0
ACGCACGTCCTGCTAC-2	0.19095603	0.05843153	0.6858508	0.0	0.069550015	0.0	0.0
GGTTCTCGTCGAATTC-2	0.73220015	0.4673691	0.0	0.0	0.0	0.0	0.0
CTCCACACACGACTAT-2	0.21826804	0.2958754	0.21078418	0.074929066	0.06307537	0.01686402	0.004256051
GAGAGGTGTATCGTGT-2	0.46600217	0.5653828	0.025201337	0.0	0.0	0.0	0.0
GCCCGAAAGGGCCTCT-2	0.1414032	0.2760675	0.13849463	0.04822249	0.0	0.0567053	0.0
TGACAGTGTGTCCACG-2	0.14732942	0.37772024	0.13417305	0.006712798	0.025033312	0.037925687	0.0
TCGACGGAGGGATCGT-2	0.36902723	0.12166694	0.1729244	0.27869222	0.0	0.0	0.017916657
ACCCAAACATGTCGTA-2	0.016247014	0.2304824	0.38784465	0.0	0.044923678	0.0011225933	0.021810343
TTCCTTCTCAACTCTT-2	0.058242723	0.29779947	0.1441255	0.11704095	0.0	0.0	0.0
TCTTGCGCACTGATTG-2	0.34266824	0.15889582	0.08970665	0.267167	0.0017505025	0.0	0.0
ATGGGTTTCAAACGAA-2	0.41749826	0.29820755	0.08968081	0.1029094	0.0	0.0038438544	0.029515665
AGCCAATTCCTCAGGG-2	0.1595995	0.5324124	0.1714492	0.13926546	0.0	0.042099938	0.0
CCCTTAGTCCTGTAAG-2	0.14897154	0.6732349	0.16319832	0.17604761	0.0018103853	0.05823571	0.01193195
GAGGCCTCAAGTGGTG-2	0.077808365	0.15142389	0.29766193	0.1225453	0.0	0.0	0.0
GAAGCGAGTAGGCTGA-2	0.36750343	0.29967323	0.1971917	0.30553818	0.03194353	0.021680554	0.0
TGAATGCAGAAGGTAG-2	0.6732855	0.12038122	0.2621786	0.046646357	0.0	0.08673458	0.0
GAACACTCATCAGCTA-2	0.37358212	0.5520762	0.14310913	0.099446766	0.079481065	0.0	0.030041829
GAATCGTAGAATCGAT-2	0.41412604	0.30665395	0.11736519	0.035944305	0.0	0.0	0.0
AATCGTGCAGGTCTCG-2	0.0	0.24116614	0.28672922	0.23717707	0.053674724	0.0	0.0
GCCATGGGTAGCGTAG-2	0.0	0.56154114	0.43260115	0.073966876	0.023751207	0.0	0.017560031
CTGGCAGCAGAGGACT-2	0.5018365	0.0	0.28521657	0.09219593	0.0	0.06172216	0.0
GGCTGTGTCCGGTTCT-2	0.18344845	0.0	0.70424366	0.0007272666	0.0	0.17095612	0.047798667
TACGGTACAGTTTGGT-2	0.33125302	0.547928	0.21849625	0.07980891	0.0	0.012730568	0.034614798
TGATGGTAGAATACAC-2	0.2718076	0.4570808	0.26934338	0.0	0.006820875	0.005094479	0.0
TCATACTCAGTGACCC-2	0.010278562	0.16208428	0.42449746	0.03829829	0.2967529	0.0	0.0
AGCGTCGTCAAAGCCT-2	0.22560675	0.5351076	0.106797434	0.2283236	0.0	0.0	0.007513923
ACGTAGTTCGAAGTGG-2	0.22970824	0.26746565	0.28708503	0.3215285	0.012444519	0.00541863	0.00801668
GGAAGTGAGGTTACAA-2	0.1301434	0.13258383	0.654495	0.0	0.0	0.08604619	0.0
TGGATCACATGACTAC-2	0.44180667	0.36005467	0.05806222	0.008668277	0.03930594	0.0	0.0013120156
TTCTGTAAGTACAGAT-2	0.10888118	0.5808384	0.24632478	0.08614811	0.0	0.0	0.03435375
TACCCGTAGGGTGAGG-2	0.0	0.1879833	0.710685	0.07044676	0.15057148	0.0	0.0
TTCCGGTCAGCTCGGT-2	0.64359224	0.31834927	0.17078471	0.015487968	0.0	0.013445388	0.06882248
CCAATTTAGTTAGTAG-2	0.10861277	0.73889637	0.059758183	0.0	0.0	0.0	0.0
TTCAATCAGGCCCAAA-2	0.16440973	0.057124015	0.43864754	0.32028812	0.009864532	0.07449198	0.0
AGGATCTAGACTAGAT-2	0.48562354	0.6556923	0.0	0.0	0.0	0.0	0.0
CCACCATGTGATTCTG-2	0.21244574	0.57308924	0.20382935	0.11235356	0.037412744	0.0	0.012098653
GATGATCAGGGCAATC-2	0.2647744	0.6260515	0.09544809	0.0	0.0	0.023831073	0.0
TACAACGGTCCCGCAA-2	0.4158803	0.24403715	0.13560832	0.04487945	0.0	0.035467297	0.017268945
AAGCGAGGTGGACAGT-2	0.0	0.10038788	0.5275635	0.0	0.07614373	0.0	0.41238895
GCGATCGGTGCGAGTA-2	0.27878192	0.25508195	0.34250596	0.032463286	0.039191734	0.1300696	0.004380566
CTCAGAACAAGTTGGG-2	0.0	0.82638174	0.13926719	0.0	0.012595168	0.0	0.0025835426
TCACGGGAGAAACTAC-2	0.06847681	0.11072927	0.5555938	0.07330533	0.0021364065	0.0374031	0.0014480437
TTGTTCAGTCTGTGGC-2	0.024927514	0.7834236	0.070580214	0.106755964	0.0	0.0	0.02798302
GCTTCACGTCGTCATA-2	0.4883665	0.31003448	0.053024728	0.0	0.0	0.007824016	0.0
CAGCCAGCAAGCTACT-2	0.6516556	0.47818422	0.07172984	0.06685883	0.0	0.002747326	0.019277327
GTTGTCCAGGCCCACT-2	0.83290094	0.33826256	0.0	0.017064108	0.0	0.0	0.008452521
CTGCAGGCACTGAATC-2	0.14220704	0.58074516	0.05931591	0.052475378	0.0	0.0	0.021992791
TCATTTGTCTACCAGA-2	0.041852005	1.0477173	0.07686307	0.0	0.0	0.0	0.0
TCCGGGATCACCTACC-2	0.47333345	0.5174302	0.0	0.0	0.0	0.0	0.0
ATCCTATGTGTCACAT-2	0.0639117	0.3357106	0.6235863	0.056271747	0.024087815	0.07447709	0.022359047
AAGCATCTCAAGAGGC-2	0.37511507	0.36151206	0.14453971	0.08645666	0.027968502	0.0	0.0037455244
TGGAGGAGTAGAGATT-2	0.33016047	0.60809386	0.031425294	0.0	0.023582866	0.058537517	0.036728762
GCGGATCCAAGCAATA-2	0.20797993	0.08634444	0.15495957	0.05432307	0.0	0.000807421	0.0
ATTTCACCAATAGTGA-2	0.21340743	0.29864	0.20705125	0.016903108	0.0	0.0	0.006497065
AATCACGAGGTCCCGT-2	0.08791459	0.90102804	0.041964464	0.109393135	0.0	0.0	0.02625078
GTTGTGAAGCTGACCC-2	0.0	0.0	1.1418774	0.11909427	0.0	0.19661783	0.0
ACTATCTAGTATCTGC-2	0.82955986	0.022858284	0.36294273	0.0	0.06635388	0.10571522	0.0113374805
TACTGCCGTGGCTTAT-2	0.17904668	0.5527329	0.19638374	0.08623572	0.0	0.0	0.0
CGAGTGCTCTGTCTCG-2	0.05398687	0.54939836	0.24768613	0.0	0.0	0.0041352254	0.00786568
CTTCTAATCAGGGATG-2	0.3514299	0.20305645	0.37873143	0.0	0.09913052	0.008440338	0.02749619
GGGACTCCATGTCAGT-2	0.5865577	0.49581814	0.0	0.0	0.015645554	0.0	0.0
TAGGTTGCAAATGCTC-2	0.0	0.7414171	0.31889334	0.1412229	0.0	0.0	0.006992242
TAGGGTTCAGGGTCTC-2	0.55020934	0.28001916	0.012423715	0.19058919	0.0	0.0	0.0
TTACGCCCAAGTTCCA-2	0.26687104	0.5455355	0.24104221	0.017995883	0.0	0.1336441	0.06146138
TACGGTAGTGGGATTG-2	0.44729245	0.3894046	0.01896622	0.0	0.09549554	0.0	0.0
GTGGCGTAGTCTAACC-2	0.22110428	0.3009838	0.03482922	0.13514797	0.0	0.0	0.0012047165
CGTCCATGTGGGAGAG-2	0.8359414	0.29854083	0.0	0.0	0.0	0.06703788	0.0
GAGGGTATCCAACCAA-2	0.34345782	0.4934994	0.04919697	0.0	0.0	0.05764244	0.017024381
TTGCCTGGTCCGACGT-2	0.36547893	0.40569854	0.20167732	0.07667343	0.0	0.0	0.007474203
AGGTCTACAGAGGTTG-2	0.24206421	0.22263366	0.08874298	0.14560273	0.0	0.0	0.0
GCACGTGTCAAGTCGT-2	0.369809	0.53571117	0.04119045	0.0	0.047483552	0.0	0.008473828
ATGTCCCTCCAAGCTA-2	0.3632603	0.6550014	0.009302212	0.015162965	0.0	0.0	0.0
AGTCTCCTCGTAATGC-2	0.39738825	0.628897	0.0	0.0	0.0	0.0	0.004495603
ACGGAAGTCCCGTGAG-2	0.30056337	0.5384189	0.21173	0.0	0.025437674	0.0	0.022068493
ATCTTCATCTCGCAGG-2	0.28437635	0.6941691	0.0124684395	0.0	0.0	0.0	0.030310696
GCGTGCACAGGAGGAG-2	1.1136395	0.0	0.0	0.0	0.07132103	0.0	0.016672887
GCACGGTAGAGAGCGG-2	0.08311411	0.96911633	0.046762273	0.08099524	0.01174599	0.0	0.03271067
GTTACCCCAAAGTATG-2	0.5672243	0.08622753	0.047569413	0.0	0.0	0.0	0.015051514
ATCGGCGGTTAGCTAC-2	0.20114769	0.4372964	0.2792465	0.0	0.020611666	0.0	0.0
AGGCATTCAATGGCCC-2	0.5664253	0.2587125	0.03786213	0.16935843	0.0	0.032312717	0.0
TATTGGGGTCATCCGG-2	0.14072308	0.4258394	0.1955082	0.051919263	0.0013169155	0.0	0.030613055
TGCGATACACTTGAGT-2	0.48394862	0.32479888	0.0	0.0	0.0	0.0	0.12860955
ATTATCCGTTTGGAGG-2	0.7928913	0.26791298	0.0	0.0	0.009897653	0.054835755	0.0
AGGCTGCAGCCTGTGC-2	0.0	0.1595427	0.7265574	0.16315514	0.018873554	0.0	0.0
TGTCCACTCCATCGTC-2	0.0	0.0	1.5811731	0.0	0.04505228	0.0	0.0
TTGTTGTAGAGGCGGA-2	0.35942897	0.44478154	0.08760883	0.039687674	0.08879881	0.0016878474	0.030602645
ATCACAGGTTATGACC-2	0.043768447	0.12106041	0.37092277	0.033073805	0.036648415	0.065468356	0.0
CCACGAGCATCCGAAT-2	0.717926	0.0	0.14699095	0.0	0.4528207	0.11342472	0.07156757
GCCATGGAGTCTAGCT-2	0.6072234	0.31705436	0.16768175	0.0	0.0	0.0	0.0013745556
ACGGTTAAGTGACACG-2	0.7435142	0.009209838	0.21774827	0.0	0.07321192	0.056973223	0.08230474
TCCCAGTAGGTTATAG-2	0.19671364	0.5084839	0.30351678	0.08633352	0.13188496	0.027971992	0.04690017
ATTCCATAGCTTCTAG-2	0.20253853	0.2881217	0.091077015	0.068524666	0.0	0.1336825	0.066622
CAACCTCCAAATCAGA-2	0.39100704	0.7291941	0.0	0.0	0.027581258	0.087319225	0.0
CGAGAAGGTGTCCATA-2	0.5207125	0.38284495	0.04203317	0.0	0.0	0.00065327744	0.0
AATAGAGGTAACACGG-2	0.25207287	0.42088217	0.23422009	0.13931559	0.067420356	0.06737686	0.0
TTGAACGTCGTAGGGA-2	0.22200574	0.38988256	0.5063911	0.0	0.04640147	0.047730446	0.033139255
TTTACTGCACTTCATT-2	0.30640543	0.354646	0.068139456	0.35822558	0.015226827	0.08694866	0.023943353
GTTACCCCAAAGGGCT-2	0.16320565	0.22873332	0.25425267	0.16499788	0.008015959	0.0	0.00763817
AGGTAGGTCCGCAGTG-2	0.3696024	0.39061612	0.08299253	0.13662729	0.0	0.0	0.044068392
GGTGTTATCGCCTTGT-2	0.8923618	0.33424726	0.0	0.0	0.0	0.0	0.0
GGTTGTAGTCATCACA-2	0.3360037	0.38851008	0.16960599	0.13590354	0.0093769105	0.053444136	0.013753817
GGTTCTCTCGAGTCCG-2	0.4096497	0.03285065	0.07043704	0.12168433	0.00030989363	0.040227663	0.0
TATCGCCTCTGTAACG-2	0.227442	0.22997628	0.0	0.03710563	0.0081479	0.0	0.0047158957
TCGGGACGTAGAGGAA-2	0.38101682	0.3480445	0.14873691	0.054561365	0.024792543	0.0	0.0038246496
TTGCTGCTCGTGGGTC-2	0.04519815	0.1332622	0.6879469	0.08808636	0.045202054	0.06629614	0.0
TTAGGCAGTTACACTG-2	0.4077406	0.0	0.58140403	0.18767877	0.0	0.023405708	0.001149009
CACGTTCTCGTGTGGC-2	1.2482084	0.0	0.0012445317	0.0	0.0	0.0	0.0
TGGAGAGCAGACACAG-2	0.09333596	0.08687618	0.20653449	0.038046394	0.024668705	0.0054674097	0.0075954054
TTGCTGCAGGATGAGA-2	0.84282726	0.0	0.1441082	0.06904906	0.0021481751	0.043571483	0.0446088
ATTCCCGCAACCCTAA-2	0.3759359	0.09018155	0.37002435	0.04216109	0.0	0.04307677	0.008445053
ATCTTCATCACTACTT-2	0.36409006	0.016073879	0.31406024	0.0	0.033788946	0.0	0.0
TATCTTGGTTCAGGTT-2	0.0	0.0	0.80542177	0.17060696	0.08307119	0.0616562	0.0
TCTTCCTTCCGCACGA-2	0.3356722	0.38000226	0.126429	0.12819184	0.0	0.0	0.0
CCTAACCGTGGCATCC-2	0.8338462	0.2095517	0.043664027	0.0	0.009701431	0.0010910045	0.008137873
CGTGAATGTGGATACG-2	0.2684594	0.27082375	0.53695285	0.009570949	0.0872978	0.0	0.0
TGCTCCAAGGTACTGG-2	0.7389298	0.12719296	0.05532633	0.0	0.0	0.0	0.004087397
CACGTGGTCACGGTCG-2	0.41371325	0.23428613	0.08735321	0.0	0.0	0.0	0.0
GTTCCGTCACAGCTGC-2	0.09728492	0.33735988	0.3448462	0.14842908	0.0	0.0	0.0064501287
GAGGCAACACAGACGA-2	0.14037243	0.29282162	0.31143036	0.037679184	0.0	0.24344082	0.00080637523
GAGACCCCACTTGTCC-2	0.016651083	0.5862246	0.32081687	0.09288299	0.0	0.0	0.0038579314
AGGGCTCTCCACAGCG-2	0.64480215	0.09187178	0.09861375	0.22395222	0.023240777	0.0	0.10155792
GACTATGGTCCGTACG-2	0.025322082	0.59495586	0.30948246	0.0512779	0.0	0.0	0.0
CGGTCAGTCCATATGG-2	0.30417868	0.35399806	0.18328056	0.0	0.0	0.0	0.0060132667
AGACTCATCTATCCAT-2	0.1368104	0.6531102	0.14097263	0.018688578	0.0	0.024011258	0.013767434
GTGCGTGGTGCGTGCT-2	0.17724052	0.34247914	0.51005864	0.0	0.0	0.16498111	0.0
TCAGGTACACTCATAG-2	0.041397132	0.78564984	0.26946178	0.027405418	0.0	0.021871952	0.0010488109
TCCTCTTCACCAGCCA-2	0.5655493	0.4825416	0.15027757	0.0	0.0067637935	0.029692499	0.014476419
GGTCTGGAGATTAGCA-2	0.42670035	0.49540722	0.0	0.0	0.0	0.0	0.004424714
AAACGCTTCTAAGAAG-2	0.0	0.53251445	0.49823302	0.03366832	0.041541457	0.0	0.0
TGCTCCATCCTTGGAA-2	0.7214082	0.06352171	0.08475873	0.0	0.20593862	0.10687962	0.015679566
TATATCCTCAAATGAG-2	0.40448016	0.3228824	0.10629294	0.0	0.0	0.04481068	0.0
GGACGTCAGGGCATGT-2	0.043820072	0.074861676	0.80049056	0.0	0.0	0.17374864	0.0
AGACTCATCATTGCCC-2	0.34609133	0.3202965	0.29581475	0.020950083	0.028953504	0.0024361468	0.007876321
TCCTCTTTCAGCAGAG-2	0.27306998	0.54686534	0.038944654	0.0	0.0	0.028964005	0.0
CGTAAGTGTTCCACAA-2	0.9376649	0.11549426	0.0	0.0	0.0	0.0	0.039821405
CGCATGGTCTAGGCCG-2	0.10638398	0.47803634	0.24389775	0.22701934	0.0	0.04138468	0.030983713
GCAGCCATCACGATCA-2	0.2717227	0.40081763	0.1737849	0.15694526	0.0	0.0081023425	0.0068230703
CAGGTATCACAACCGC-2	0.5953109	0.62577975	0.0	0.0	0.0	0.0	0.0
TCCTCTTAGCTAGATA-2	0.28034917	0.18044999	0.42628157	0.30826905	0.0	0.062273588	0.009074645
CAACAGTGTTTACACG-2	0.32558623	0.67150587	0.025377227	0.06286071	0.0021629748	0.0	0.0
ATGGGAGCAAGTGACG-2	0.31200767	0.0	0.7314899	0.041772015	0.03791728	0.020551361	0.016152
CATCCACGTACGAGTG-2	0.6861711	0.22763972	0.05809711	0.0	0.0	0.00011454118	0.0
CACACAAGTAGCGCTC-2	0.27617645	0.54106987	0.07881864	0.070075355	0.0	0.027940385	0.012001948
TGAATGCAGATGATTG-2	0.5331974	0.350354	0.0	0.0	0.0	0.0	0.0
ATTGTTCGTGAACTAA-2	0.49480128	0.3200898	0.06723724	0.0	0.0	0.0	0.0
AGATCCAGTCAACCTA-2	0.19507907	0.614065	0.16825542	0.0	0.0	0.0020209993	0.0
CGTAAGTAGGAACTAT-2	0.42262492	0.68675506	0.016229708	0.0	0.0	0.0	0.007017488
CTAGACAGTTTAGAGA-2	0.24084254	0.398039	0.42419276	0.03316795	0.024066318	0.037488002	0.067235105
GCAGGCTGTGGCTTAT-2	0.07714025	0.9946167	0.061150048	0.0	0.0	0.013559485	0.017002434
GCCTGTTTCCTTATGT-2	0.7756154	0.14494331	0.04270155	0.0	0.15301275	0.049361315	0.010890822
CAGTTAGAGCAAGGAA-2	0.42949694	0.0	0.14276038	0.47422117	0.0	0.0	0.03186233
TGTTGAGGTATTCTCT-2	0.6300149	0.0	0.14923136	0.0	0.0	0.019116132	0.005803519
AGGAAATTCGCTGTTC-2	0.7590673	0.08724614	0.06427132	0.0	0.0	0.01903571	0.0
ACTCCCACAGTATGAA-2	0.556212	0.37088853	0.05670087	0.0	0.0	0.0	0.0
AGTGCCGAGCTCGGCT-2	0.5726315	0.5536913	0.0	0.0	0.0	0.0	0.0
CACGGGTCAGTGAGCA-2	0.19186375	0.3507633	0.20682076	0.07242473	0.005221297	0.10127674	0.0
CCATCACAGTGGAAAG-2	0.79636335	0.17475414	0.006781761	0.02726684	0.00972689	0.0	0.093804866
GGCTTTCTCACAAGAA-2	0.06942235	0.34802726	0.5650182	0.036529705	0.0	0.09027491	0.012811191
TTCCGTGTCAGTCACA-2	0.1724285	0.21241805	0.30434337	0.054025352	0.0	0.009527294	0.0047028447
TTCCACGCAGTCGCAC-2	0.3239632	0.0	0.3406209	0.37091845	0.0	0.0	0.0
CACTGAAAGTGAGCCA-2	0.07024846	0.7819936	0.12587665	0.116383456	0.0	0.06928382	0.008826051
AAGCCATAGATCCCGC-2	0.37994796	0.56035644	0.031384476	0.008232488	0.0	0.027290054	0.0
TTGGGCGTCGGTTGTA-2	0.5032577	0.34384355	0.0	0.0	0.0	0.0	0.002462508
CTAACCCTCGGAATGG-2	0.0	0.1783186	0.5469804	0.0	0.30014232	0.0	0.0
CAGGCCAGTCACTAGT-2	0.0	0.456583	0.48277494	0.056502827	0.07396852	0.0	0.0
CAACCAATCATTCATC-2	0.083270565	0.730254	0.17129034	0.08421356	0.0	0.010305173	0.03879751
CAGTTAGCACGTCATA-2	0.27228993	0.5614694	0.0	0.0	0.0	0.006035572	0.0
CAACCAAAGCTGTACT-2	0.14654113	0.040510252	0.5437083	0.24795128	0.18227479	0.13248235	0.0
CATCCGTTCCTGGGTG-2	0.2669115	0.112626284	0.3475489	0.27774122	0.0	0.06906575	0.0003663794
GACTTCCTCCGGACTG-2	0.7281891	0.1246851	0.06150588	0.0	0.006159502	0.0	0.0
GACTATGCAATCTCTT-2	0.5142656	0.17994669	0.011953422	0.27211845	0.0	0.0	0.012463869
TCACATTCATGACTAC-2	0.5181887	0.11065372	0.20345014	0.05297835	0.0	0.016604373	0.0
AGAGCCCAGGTGCTGA-2	0.61061126	0.0	0.32037446	0.13071053	0.04423014	0.0	0.032959692
CTCTCGATCCTACGGG-2	0.25290644	0.31685463	0.45958763	0.09928033	0.0	0.035242904	0.047884274
GATCGTATCTGAATGC-2	0.11042067	0.45689416	0.099724114	0.09393314	0.0	0.0	0.007238665
TTGTTTGAGATTACCC-2	0.26557803	0.4208151	0.10672144	0.038036235	0.016465351	0.013009707	0.012713455
CTACAGATCCACTGAA-2	0.0	0.65733176	0.378887	0.012808803	0.0	0.0	0.008007957
GACCAATGTATAGGAT-2	0.19533798	0.40886462	0.35256857	0.042184684	0.0	0.043778326	0.009207672
TTTGGAGAGTGGTGGT-2	0.49846527	0.08391156	0.271195	0.04317478	0.19263269	0.09650972	0.062239315
ATCCGTCCATCGCTAA-2	0.20386827	0.5788647	0.13782634	0.1380532	0.0	0.07242539	0.026214933
TTTGTTGTCAGTCAGT-2	0.3902894	0.30593327	0.022125743	0.06404082	0.0	0.0	0.025262976
TAGTGCAGTAGCGCCT-2	0.47554982	0.41335034	0.08237965	0.0	0.09779856	0.0	0.010388918
TCAAGACAGTAGCTCT-2	0.7806943	0.101849146	0.008448875	0.08917258	0.11715362	0.0	0.0055029206
ACCCTTGTCTAGAACC-2	0.115406215	0.5564489	0.14214136	0.01863476	0.0	0.041267682	0.018471796
ACATTTCAGAACTGAT-2	0.5727301	0.17973784	0.12776798	0.0	0.0	0.0	0.004067322
GTGCGTGCATCGAGCC-2	0.6744574	0.45797294	0.05934696	0.0029081097	0.0	0.0	0.010208725
CAAGAGGGTAGCCCTG-2	0.18025711	0.82981604	0.15103047	0.0036825482	0.0	0.008600608	0.028914524
CGTGATATCGCAATGT-2	0.08365785	0.018614141	0.8384133	0.0352657	0.059949804	0.0	0.0
AGTGTTGGTTAGTTCG-2	0.20387821	0.0	0.56732816	0.08628018	0.16909601	0.050893657	0.033755757
AGCATCACATCTATCT-2	0.922373	0.15082176	0.01721855	0.0	0.18798481	0.034956533	0.0
TTCATTGAGAGCCCAA-2	0.12669191	0.47868717	0.2484652	0.051282194	0.041290354	0.0	0.0
AGAGAATGTTAGAGAT-2	0.017417714	0.0	0.76810825	0.3471501	0.010113619	0.0028284963	0.0134838605
TAAGCCACAACCGACC-2	0.1744055	0.5918219	0.024710337	0.0224866	0.017425876	0.0	0.008869909
CTGTCGTTCCATGCAA-2	0.107039765	0.47756776	0.29126185	0.071421556	0.022841778	0.0	0.00987901
CAACAACCAGGCCTGT-2	0.2420964	0.45920876	0.10419849	0.007514684	0.04574639	0.011657643	0.0
GTCTCACGTGCGGATA-2	0.23248811	0.8857189	0.0	0.026403787	0.0	0.0	0.012828307
TGGGAAGTCAAGGAGC-2	0.1569857	0.019726759	0.7586042	0.20600681	0.0	0.0	0.015493614
TACCCGTTCTCTAGGA-2	0.61882216	0.21195571	0.10751016	0.1366656	0.0	0.0	0.009330492
AGGCCACAGTTGGGAC-2	0.5110728	0.09857184	0.065171845	0.0	0.0	0.0	0.0
ACAAGCTAGTGCTAGG-2	0.4684246	0.75825423	0.0	0.0	0.01067268	0.0	0.0016909465
CTCATCGGTGAGTTTC-2	0.43327707	0.22951584	0.3635655	0.0	0.0	0.0	0.0
ACCCTTGAGCTCGTGC-2	0.0	0.14350052	1.1910119	0.0	0.0	0.15066409	0.003010408
ACCATTTAGAATTTGG-2	0.024242286	1.020526	0.074740596	0.0	0.0	0.0	0.0
ATCCCTGTCTAGACCA-2	0.6176427	0.1822974	0.15641755	0.011273386	0.0	0.0	0.004018604
AGGTCTATCCCTAGGG-2	0.0	0.23846471	0.8566896	0.0	0.0	0.0	0.0
TCAGCAATCTGGACCG-2	0.5797768	0.0	0.23789701	0.07974431	0.09556855	0.03745932	0.16087024
GTTCCGTAGTGACCTT-2	0.2958092	0.32175088	0.13514814	0.08619542	0.0	0.0	0.0
GACAGCCCATCGGAAG-2	0.035523497	0.1300455	0.47320655	0.2771629	0.022534495	0.0001632377	0.02199614
TTCCAATAGATGCTTC-2	0.10917283	0.21924047	0.6032285	0.104523525	0.15734155	0.043363776	0.0072863665
GTCCCATCATAGCACT-2	0.26352683	0.1683882	0.2625577	0.0	0.26810268	0.0	0.0
TGGGAAGAGGCTATCT-2	0.31011605	0.3247829	0.179865	0.08119297	0.0	0.0	0.023520516
CGAGAAGCAGCGTTTA-2	0.568343	0.0	0.23963408	0.098249875	0.01067782	0.0	0.009045861
TTCTAACGTCCGGTCA-2	0.54273194	0.14709751	0.29373437	0.10304601	0.050763965	0.046703577	0.011276789
TACACCCTCGTGTGAT-2	0.46816686	0.28246146	0.16733626	0.0041824216	0.0019368564	0.0	0.0
CAAGGGAAGGACATCG-2	0.65453774	0.32649815	0.12142433	0.019059816	0.0	0.0	0.0
GTAGATCGTATGTGTC-2	0.8951833	0.08878836	0.0	0.0	0.0	0.0	0.0060592773
CTCCATGAGAAGGCTC-2	0.3726515	0.54504925	0.0	0.0	0.005958159	0.0	0.0
CTGTCGTGTCAATGGG-2	0.49367037	0.13337165	0.2261549	0.08188773	0.0	0.19710042	0.009397775
TCGGATACATGGGCAA-2	0.49775517	0.4183257	0.06890579	0.03327107	0.0	0.0	0.0014998884
ACTTAGGAGTGATGGC-2	0.25537878	0.47614065	0.111739285	0.14778589	0.0	0.0	0.0039960146
AGGCATTAGTTTAGGA-2	0.43870407	0.23740327	0.18705773	0.0	0.0	0.0	0.0037082464
TATCTTGAGAGTATAC-2	0.22449175	0.7412445	0.09220695	0.016296891	0.014735092	0.0	0.03907212
CAGCAGCAGACTCTAC-2	0.33095852	0.2939216	0.0886116	0.0	0.0	0.01662106	0.0
AGATAGATCTGAGATC-2	0.66534704	0.5093692	0.0	0.024697693	0.04071105	0.0	0.048235163
TCAGTTTGTTGGCCGT-2	0.5414399	0.32740432	0.053486206	0.06333263	0.0	0.0	0.029914992
CAACCTCTCTTCCAGC-2	0.28904647	0.30415967	0.123035744	0.024009705	0.010912495	0.0	0.012500081
ACGATCACAATACGCT-2	0.0	0.4291988	0.5441604	0.0	0.15037416	0.040654164	0.0
AGTAACCCAGGATCTT-2	0.27707362	0.6701077	0.06295154	0.0	0.0	0.0074295113	0.0
GCTTCACCACGTACTA-2	0.20971036	0.2949184	0.46900025	0.0	0.043588337	0.0	0.024131982
AAAGAACTCCGATGTA-2	0.10466971	0.08035538	0.5670667	0.120843194	0.009063426	0.1017148	0.0
TGATTTCGTCGAGTGA-2	0.0	0.13507539	0.18936068	0.0	0.07476213	0.0	0.7284142
TTCTTCCTCCGTACGG-2	0.25915727	0.4332963	0.37955493	0.067628115	0.010516003	0.08562819	0.0
CACAGGCAGCGGGTTA-2	0.52721846	0.2694936	0.042370196	0.0037811813	0.0	0.0	0.0048307967
GTCTTTAAGTATAACG-2	0.12688486	0.3157298	0.3405378	0.2608781	0.0	0.0	0.0074575385
CCGTGAGGTGAGCAGT-2	0.5800498	0.20316145	0.06845822	0.0040419074	0.0054801796	0.029908674	0.021480372
CTCACTGTCGTCTAAG-2	0.20505425	0.34774128	0.190473	0.16796654	0.0	0.0	0.013545494
AAGAACATCGTTCGCT-2	0.011968593	0.35944918	0.35501695	0.06318593	0.0	0.0	0.0019310649
TTGATGGTCCAAGCAT-2	0.6167449	0.0	0.0	0.0	0.05735913	0.0	0.0
TGTAAGCTCTTTCTAG-2	0.0	0.0	0.76872665	0.13231301	0.066578776	0.2094927	0.0
CTGAGCGAGTAGTCCT-2	1.0552897	0.0	0.18549646	0.0065675545	0.0	0.0	0.073032625
TCCGAAACAGACATCT-2	0.45767665	0.164601	0.16913465	0.15794922	0.0	0.0	0.004242933
CAGCAATTCACTACGA-2	0.06753628	0.87254226	0.08858041	0.0	0.0	0.0	0.038182184
AGGATAACAAGAGGCT-2	0.09106968	0.32074764	0.3459304	0.0	0.026344122	0.0	0.004960447
GTACAGTCAAACAGGC-2	0.39601436	0.10410951	0.25721294	0.0	0.09205134	0.004997652	0.0
ACTGTGATCGTAGCCG-2	0.0	0.6785784	0.17342912	0.009413842	0.0	0.013405518	0.0055454136
ACTATTCCAACACGTT-2	0.3254101	0.3859307	0.4092353	0.0	0.0	0.097273305	0.006960835
ACGTAACCAGGCCCTA-2	0.0	0.5576774	0.18139939	0.080857605	0.0	0.0	0.01240595
GATTGGTCAGGCGAAT-2	0.49682197	0.11258168	0.21902734	0.0027089787	0.015030471	0.0	0.0
TTGTGGACAGACAATA-2	0.27518353	0.47652072	0.19150391	0.0	0.0014465601	0.09849642	0.03065606
TGAACGTCACCGCTAG-2	0.32801694	0.27782756	0.22892669	0.07613162	0.0	0.0	0.036589134
GAATCACTCACCTCGT-2	0.35979152	0.3521831	0.20654175	0.11811573	0.0031157732	0.0	0.0063564507
GAGCTGCGTCAATGGG-2	0.19821776	0.79418	0.09648419	0.1013585	0.0	0.051287092	0.054352876
GACCTTCCAAATGATG-2	0.17607133	0.78766537	0.0	0.0	0.0	0.0	0.00028417737
TAAGTCGAGTATTCCG-2	0.06165196	0.0	0.009504103	0.7378309	0.0	0.18664268	0.0
ACGTAGTCATGCAGCC-2	0.31347263	0.32689992	0.20523238	0.028045971	0.0	0.0	0.0
TCATTACAGATAGTGT-2	0.2029467	0.51006687	0.09189101	0.033796594	0.0	0.0	0.0034075822
TACGGTATCACGACTA-2	0.3142722	0.1813207	0.3922878	0.0042069806	0.0517725	0.0	0.0
ACCTGTCAGCTTCTAG-2	0.27629986	0.4096066	0.11884772	0.35534385	0.0	0.085534714	0.041348834
ACTTTCATCGAGAGCA-2	0.32733446	0.42699593	0.14400049	0.021467108	0.0	0.07497815	0.0051870793
GTATTTCTCACTGAAC-2	0.18414642	0.4600182	0.07865124	0.0	0.0	0.0	0.0
GTAATCGTCGTCGCTT-2	0.36363217	0.47896633	0.18223648	0.0	0.0	0.026779154	0.0078103296
CTCCACAAGGATTACA-2	0.9192725	0.3527628	0.0	0.0	0.0	0.0	0.055174783
GATGATCTCGTGCAGC-2	0.20705862	0.43378672	0.19375269	0.10193179	0.0	0.0	0.019378154
CTAGACATCGTGTTCC-2	0.40518326	0.5658993	0.0	0.0	0.0043925596	0.0	0.0
CGAGTTATCTAGTGAC-2	0.163725	0.5894859	0.14065078	0.06750003	0.0	0.0	0.014795789
GTAGCTAGTGCCTAAT-2	0.0	0.20845225	0.88643444	0.03294469	0.0	0.112440646	0.00038785613
CTACAGAAGGTGCGAT-2	0.40010327	0.6745953	0.044881694	0.0	0.0	0.0	0.0061747306
CTCAAGACAAGATGTA-2	0.0	0.5346691	0.40237615	0.059760485	0.0	0.0	0.021144977
CTCCTTTAGAGTTGAT-2	1.1969473	0.01611547	0.016005035	0.0	0.045718044	0.0	0.0
TTCGCTGAGCCGAACA-2	0.15774788	0.18923229	0.2964975	0.07940147	0.023356568	0.02971644	0.011536678
ATAGACCCAAATGAAC-2	0.4193766	0.29325947	0.0	0.19823322	0.0	0.0	0.0108299
TGTGGCGAGCGTATGG-2	0.16977926	0.26749235	0.15168129	0.16336651	0.0	0.0	0.02762574
AGCTTCCGTCCATACA-2	0.0	0.0	1.3722516	0.0	0.0	0.0	0.0
TTCAATCTCGCCGAAC-2	0.0	0.17626874	0.78334975	0.0	0.0	0.0	0.0
GGTCTGGGTGGCAGAT-2	0.7350452	0.0	0.055949926	0.007415128	0.0	0.0025381644	0.0
GCCTGTTCAACGTATC-2	0.32774472	0.073177725	0.09898345	0.10285222	0.0	0.0	0.0021805067
GCATCTCCATGTTTGG-2	0.38685998	0.45321754	0.15957834	0.07500226	0.015068298	0.0	0.0
GCATCGGAGCTACTGT-2	0.49867496	0.23343505	0.038961608	0.18830073	0.0	0.0	0.0
ACATTTCGTCTTGCGG-2	0.4732313	0.36876372	0.0	0.0	0.0	0.0	0.036585018
TTCCTAAGTCGTATGT-2	0.10399143	0.28875086	0.30608016	0.051106278	0.0021479528	0.0	0.009929614
AGGGTCCAGCAGCACA-2	0.17598797	0.170066	0.36194932	0.02195474	0.0	0.2662731	0.0
GACACGCAGCGTATGG-2	0.5233038	0.34144735	0.096491836	0.0	0.053476587	0.0	0.0
TGCAGGCGTAATGCGG-2	0.0	0.38697365	0.8038608	0.06071197	0.0	0.0	0.019993143
ATACCTTAGGTCATTC-2	0.3447421	0.08466472	0.29455367	0.19250251	0.141579	0.02491644	0.008691522
TTCTCTCCAAGACGGT-2	1.3420931	0.0	0.0	0.0	0.0	0.0	0.0
CTCAGGGAGATAACGT-2	0.0	0.092831716	0.9998958	0.17036852	0.033527017	0.0	0.0
TACAGGTCATGCAGGA-2	0.0	0.58934957	0.72231764	0.0	0.018459974	0.0	0.0
AGTCTCCTCTGTCGCT-2	0.3041953	0.32114428	0.063250266	0.014597115	0.005371877	0.016318142	0.0020835511
AGACCATGTACGTACT-2	0.0987688	0.42494228	0.20087264	0.028168548	0.0	0.17857747	0.0
CCTATCGCAGGGATAC-2	0.1727133	0.6357226	0.16873658	0.1704654	0.034038797	0.0	0.0244011
TTTCCTCAGTCTGCAT-2	0.99327713	0.2242789	0.0	0.0	0.0	0.0	0.0
CGAAGGAGTTTAGACC-2	0.9247325	0.014177662	0.07408772	0.0	0.0	0.0	0.0
CATTCCGCAACCGTGC-2	0.0	0.0	1.0210118	0.0	0.08207123	0.0	0.0
AACTTCTTCGTGTCAA-2	0.6256032	0.24260071	0.061923813	0.0	0.0	0.04592059	0.0
CTGTAGATCTTAGTTC-2	1.2594659	0.0	0.0	0.0	0.037543364	0.0	0.0
CTAGACACACCAGTTA-2	0.15425628	0.4564609	0.18628016	0.2789503	0.03993155	0.018111063	0.01365134
GCACGGTAGGGTCTTT-2	0.0	0.25659359	0.7760921	0.0	0.022091236	0.0	0.0
CTCAGGGGTCGAATTC-2	0.101312235	0.06332041	0.4945345	0.06302195	0.24250376	0.06968781	0.0070225387
AGAAGTAGTCTTCCGT-2	0.6243319	0.30602804	0.0	0.0	0.0	0.0	0.0
CGGGACTCAGAAACCG-2	0.12556843	0.38014984	0.0776217	0.06948116	0.0	0.06480705	0.007195823
AGATCCATCAGACAAA-2	0.048035007	0.17479143	0.48596615	0.084876575	0.1022069	0.13316448	0.0
TTGTGGAAGCGAGGAG-2	0.81485415	0.10641517	0.11491457	0.0	0.0	0.0	0.021673014
ATTTCTGTCTGTCGTC-2	0.2756412	0.28067434	0.014801652	0.2715803	0.0	0.0	0.03680686
CCTATCGTCTTCCAGC-2	0.21074548	0.4257948	0.18381765	0.0	0.0	0.0	0.0054280027
ACATCCCTCCACGTGG-2	0.5316166	0.44906476	0.017992973	0.0	0.0	0.0	0.0
TATATCCAGGACAACC-2	0.14682968	0.5021249	0.08983174	0.15960152	0.0	0.0	0.036751207
TGCATGAAGGCACCAA-2	0.295482	0.25524765	0.15108933	0.0	0.109944664	0.0011441595	0.029121226
ATTCTTGTCTGTCCCA-2	0.7307748	0.14548391	0.13345128	0.12364814	0.0	0.053776857	0.0069129583
TCACAAGGTACTTCCC-2	0.32709688	0.22777294	0.31494436	0.10387176	0.0043081595	0.01481673	0.0069609187
AAGGAATGTAAGAACT-2	0.13602334	0.4758615	0.032177582	0.3088454	0.0	0.0	0.022378685
TAATTCCGTACGATCT-2	0.11767612	0.68310064	0.09463796	0.0	0.0	0.0	0.012824998
GTGCAGCAGGACACTG-2	0.14916874	0.23157261	0.3057095	0.102809794	0.010455684	0.0	0.003596124
ACTTCGCCAACAACAA-2	0.04055888	0.2873807	0.2296471	0.4974098	0.0	0.013595156	0.042914882
ATTGGGTAGCCAACCC-2	0.0	0.67547286	0.19986214	0.1321657	0.033198915	0.0	0.0
GCTTCACCATCAGTCA-2	0.6249654	0.0025275096	0.2521075	0.16044131	0.0033632328	0.0	0.018765075
TCTGTCGAGAAGTGTT-2	0.4309985	0.08832043	0.18403289	0.0	0.0	0.037997097	0.0
CACATGAGTAGTAAGT-2	0.0	0.056216728	0.8684073	0.1314572	0.028226875	0.0	0.0
GGGCCATAGACCACGA-2	0.6234812	0.24185233	0.033749186	0.0210409	0.0	0.0	0.0
GTGAGTTAGCCGGATA-2	0.35556096	0.08012296	0.16604532	0.09077263	0.0	0.0	0.0
CGGAACCCAACTCATG-2	0.30238533	0.4340776	0.16200833	0.0	0.0	0.0	0.010314308
TTTGGAGAGGCATGGT-2	0.16722864	0.8364812	0.10743044	0.0	0.0	0.0703481	0.012451436
TCTTTGATCTCAAAGC-2	0.0	0.0	0.6557886	0.0	0.27026823	0.13130891	0.0
TGCGGGTTCGCGCTGA-2	0.26462904	0.111091934	0.22717646	0.078204505	0.0	0.027661035	0.0
CTCTCGATCCGGCTTT-2	0.10331341	0.2083739	0.16359302	0.44108585	0.026445273	0.0	0.0044965334
GCTTGGGAGTTGGAGC-2	0.19301417	0.32418466	0.19615245	0.35789135	0.0	0.0	0.0
CCTCCTCGTAATGCTC-2	0.6870259	0.0	0.0969883	0.03660328	0.0	0.0	0.018796397
TCAGTGACATCCGGCA-2	0.12770462	0.7743679	0.14103802	0.0	0.0	0.03408388	0.004275632
TCATGCCAGGAGACCT-2	0.12771933	0.609461	0.20204933	0.00912251	0.00047580528	0.0	0.0065124636
AAAGGTAGTCCACTTC-2	0.48069713	0.40014294	0.10418723	0.0	0.0	0.0	0.020353701
GAACTGTAGGAGGTTC-2	0.26430234	0.5364141	0.0	0.0	0.0045317668	0.0	0.03065868
GACCGTGAGAAGCCTG-2	0.0	0.0	1.0097716	0.0	0.14574744	0.027954606	0.0
CTGTGAAGTCGGCCTA-2	0.0813074	0.0	0.6388947	0.097911686	0.033913285	0.046968322	0.0036492408
GGAATCTGTACTCGCG-2	0.3267152	0.22856444	0.3299012	0.08480074	0.0	0.108247176	0.0046255537
ATTCTTGGTCAAGTTC-2	0.06344987	0.03731566	0.6845093	0.097345	0.07060843	0.22643188	0.0
GACCTTCAGACGAGCT-2	0.39528137	0.16617556	0.2735848	0.073869176	0.075292654	0.0	0.019258304
GAGTTTGGTGCATTTG-2	0.6215332	0.06976082	0.105658054	0.0	0.0	0.0034347302	0.0
TGGAGGACAATCGAAA-2	0.3921497	0.23155095	0.24719404	0.04261855	0.037268072	0.0	0.01774207
GCATCTCTCGCATGAT-2	0.0	0.0	1.0820501	0.0	0.0	0.10993014	0.0
TACAACGGTAGGTTTC-2	0.23261417	0.9794603	0.0	0.0	0.0	0.05436904	8.949086e-05
TGTCAGAGTATGCGTT-2	0.271744	0.5010554	0.15683302	0.022950508	0.009430618	0.09022978	0.0
CCCTTAGCAACTCGTA-2	0.0	0.7827167	0.19465849	0.1823389	0.0	0.0	0.02310745
CCTATCGCACGACCTG-2	0.81963235	0.10997702	0.011262262	0.0	0.009684164	0.08508963	0.021528646
TATCAGGTCACAGTGT-2	0.31422126	0.29803213	0.09997721	0.09445217	0.005551584	0.0	0.0
CCTCCTCGTGCTATTG-2	0.2714418	0.32569137	0.2786134	0.0	0.0	0.0	0.0041896235
TCGTGGGCAAGTAGTA-2	0.39868325	0.7433824	0.0	0.0	0.0	0.0277241	0.02251067
GGGTGTCCACTACGGC-2	0.16634795	0.6020737	0.16141321	0.09017191	0.010745581	0.0	0.01752742
CGCAGGTCAGTCTGGC-2	0.18269631	0.15270884	0.46579903	0.009544199	0.0	0.019220078	0.0
CCTAACCTCTCGACCT-2	0.63776106	0.21169882	0.11772064	0.014325315	0.013673804	0.0	0.008216239
TATCTGTTCTAGATCG-2	0.02982314	0.77050614	0.06595376	0.048149943	0.0	0.0	0.00854913
CTCCTTTCATGTTCGA-2	0.55758905	0.04139224	0.1082197	0.25800565	0.0	0.0	0.030697748
GATTGGTTCGTAGTGT-2	0.49103197	0.16045327	0.3036034	0.0	0.0	0.00029878257	0.0054710936
GAATCACAGTATGATG-2	0.14949687	0.25332752	0.25815004	0.04197609	0.050259996	0.024913786	0.01702178
TCGGTCTCAAGGCTTT-2	0.16420719	0.5596362	0.15307538	0.0	0.0	0.0	0.0012107594
CTTTCGGGTTGTACGT-2	0.0	0.60667884	0.1792454	0.14800605	0.0	0.0	0.0
TTGCTGCAGGGATGTC-2	0.9525132	0.3345773	0.05815385	0.0	0.0	0.0	0.0
AAGGAATGTTAGGAGC-2	0.5178344	0.5445387	0.18033038	0.0	0.005896158	0.0	0.0
CCGTTCAGTGAGCGAT-2	0.0	0.0	1.2054821	0.0	0.0	0.0	0.0
TCCGATCCAATGCAAA-2	0.47586638	0.31466752	0.31097907	0.028904209	0.07356694	0.0	0.011316809
AAGGAATCAGAGAAAG-2	0.035614014	0.13404419	0.6867446	0.0	0.028996909	0.0	0.029646361
CAACGGCAGAAACCCG-2	0.28325307	0.2624802	0.092008635	0.0	0.0032426082	0.0	0.0
GTTACAGAGTAAGGGA-2	0.388315	0.057511732	0.13669783	0.0	0.51871663	0.0	0.025408799
AGGCCACAGGTAGTCG-2	0.6218488	0.35540858	0.04472975	0.038419902	0.014106932	0.009679083	0.0
TAATTCCTCTACACAG-2	0.49095073	0.19564071	0.40353096	0.0	0.023292681	0.0	0.0013001818
TGCAGGCAGCACACAG-2	0.45244175	0.10774816	0.38606012	0.0522031	0.0	0.011964791	0.0
ATGCGATCATGTCTAG-2	0.3235324	0.63463193	0.10501761	0.0	0.0	0.0	0.016744915
CTCCTCCAGACTGTTC-2	0.40823627	0.4264324	0.14371489	0.0	0.0	0.0399998	0.006038836
GTCAAACCAGCAGTCC-2	0.31790182	0.16721864	0.103278495	0.0	0.4141421	0.05486217	0.0029159284
GTGAGTTGTCCAGCCA-2	0.53865963	0.39209765	0.0433636	0.029102165	0.036094047	0.0	0.0038632362
CGTTCTGTCAGACCGC-2	0.13601184	0.5158224	0.30461603	0.0	0.036802415	0.007897968	0.0
GACTATGCAGACTGCC-2	0.12761542	0.06349884	0.4037575	0.59098727	0.01581472	0.0	0.0
GTGTAACTCGAGTACT-2	0.0	0.026988992	0.9392724	0.0	0.064655066	0.0	0.009665922
AACGAAATCTGGGAGA-2	0.56733125	0.43622196	0.16429973	0.0	0.0	0.0	0.0
ATCGTAGCAATGGGTG-2	0.26877132	0.4008719	0.20809999	0.07324149	0.0060842633	0.0799583	4.822498e-05
GAATAGAAGGCGAAGG-2	0.68975383	0.20730707	0.102063894	0.0	0.06339751	0.0	0.025254164
TATTTCGGTCGGAAAC-2	0.68945056	0.41753888	0.0	0.0	0.0	0.0	0.016883707
TAACGACAGGCACTAG-2	0.43929216	0.59725904	0.06612405	0.0	0.0	0.015253527	0.0
TAAGCGTTCTATCCAT-2	0.0	0.0	1.0432808	0.0	0.091520324	0.0	0.0
GAGTGAGAGGAGCTGT-2	0.0	0.06362072	0.18997063	0.9053347	0.0	0.0	0.0
CGAAGTTCATGCCGAC-2	0.07424162	0.3285512	0.502098	0.0021300584	0.04514501	0.0	0.030433679
TGGTAGTCAAATCGTC-2	0.5066029	0.47184536	0.0	0.0	0.0	0.1069507	0.0
GTAATCGGTTCCATTT-2	0.29745066	0.42192018	0.07102649	0.13584703	0.022480663	0.0050394493	0.02077623
CCTACGTCACTCCGAG-2	0.0	0.77427334	0.3496053	0.027544059	0.019534556	0.0	0.014926786
GTAATCGGTCCACTTC-2	0.36317456	0.35604143	0.1415013	0.0	0.0	0.0063306023	0.0012046669
GGTAATCGTTGAGAGC-2	0.34544528	0.12696645	0.23644395	0.03948916	0.0	0.018778471	0.035464883
ATAGACCGTCAGTCTA-2	0.49427605	0.49922857	0.02055812	0.0	0.0	0.0	0.007875294
AAAGGTAAGACATGCG-2	0.10991825	0.0	0.56733227	0.06547394	0.041119892	0.1185604	0.0
TCCCACAGTCTTGAGT-2	0.20463975	0.6305694	0.053980283	0.0	0.0	0.0	0.0007227664
CGGCAGTCAGCCTTCT-2	0.39151308	0.1480431	0.25021565	0.12769403	0.0	0.0	0.0
CTTCAATCATGAATCC-2	0.70191544	0.1795516	0.0	0.0	0.0	0.0	0.0
TCGGGTGCATGGCCCA-2	0.3151207	0.81393355	0.0	0.03901878	0.0	0.0238882	0.029084817
CATTCTACATGGGCAA-2	0.10596718	0.2981793	0.38908142	0.066482574	0.08294373	0.1040394	0.0023367682
TCCTCTTCAAGATTGA-2	0.0	0.90628463	0.18751648	0.082686305	0.0030745892	0.012781155	0.00036760874
GTACAACAGCCTTTGA-2	0.26093704	0.37968844	0.13100696	0.0	0.002016056	0.046710454	0.00843605
AGTCTCCCACAGAAGC-2	0.0	0.44756693	0.8347015	0.0	0.0	0.0	0.0
TCTGCCATCAGCCTCT-2	0.3278564	0.13207287	0.10354979	0.21338618	0.0	0.0	0.029658362
CAACGATTCATCGCTC-2	0.20308885	0.51384765	0.1505935	0.025722656	0.0	0.0	0.0039207446
ACGATGTCATTCTCCG-2	0.41462445	0.0	0.05062428	0.46852562	0.0	0.0	0.166718
ACACGCGCACCTCTGT-2	0.7406185	0.31056523	0.0	0.0	0.0	0.038812414	0.0
GTTGTGAAGCGCTGCT-2	0.33601087	0.58908856	0.1396071	0.036267534	0.029364144	0.0	0.0
ACTACGAAGTAGCCAG-2	0.26966527	0.7015592	0.045924917	0.0	0.0	0.023490924	0.0
CAGAGCCTCAGTGCGC-2	0.30120954	0.15708186	0.11115404	0.118917204	0.0	0.0	0.0
AGGGTTTGTCTCTCCA-2	0.42067894	0.0	0.51257104	0.0	0.0	0.11506307	0.21418849
TCATCCGAGCTGAGTG-2	0.53987813	0.45606086	0.1128861	0.0	0.0	0.055010986	0.0
AGGGAGTGTCGTAATC-2	0.41161326	0.6528373	0.15384904	0.0	0.016781786	0.059931416	0.03595828
CGATGGCAGTAGGTTA-2	0.75659865	0.089656524	0.09525637	0.085913815	0.0	0.0	0.0
ATTACCTGTTGGGTAG-2	0.5787988	0.14035687	0.21272092	0.023184055	0.0	0.08315037	0.019763052
CTTCGGTCAAAGACTA-2	0.38706616	0.0	0.31111813	0.0	0.0	0.030212788	0.0022197594
CATTGTTGTTGCCATA-2	0.108978376	0.0	0.892376	0.0	0.0	0.0	0.01157327
CGAGAAGGTAATGCGG-2	0.20719954	0.16583085	0.46668637	0.326061	0.0	0.0	0.035188623
CCTATCGCATAATGCC-2	0.39072588	0.10933801	0.14085151	0.06627465	0.0	0.0	0.0
CCTAAGATCCCGGTAG-2	0.37482882	0.28738984	0.22014697	0.0	0.09277085	0.04130232	0.0
CATACCCCATCTCAAG-2	0.42078504	0.23345657	0.15372612	0.0	0.0	0.019247804	0.009875885
CTACAGAGTACGACAG-2	0.5823535	0.3904179	0.041653518	0.0	0.08645279	0.0032928213	0.0
TGACGCGTCATCTATC-2	0.004250052	0.42664012	0.28873685	0.13163587	0.08830832	0.009693995	0.0066243513
AGTCACACACAGTACT-2	0.45949838	0.47956017	0.2770823	0.0	0.0	0.059973188	0.0
CTACCTGGTACCACGC-2	0.36488423	0.54432297	0.058768008	0.0	0.12671073	0.01886292	0.0021104566
TTTGGAGAGCAACCAG-2	0.15601352	0.84235305	0.13293606	0.0	0.0	0.052509848	0.0
GCGATCGTCAAATGAG-2	0.31967902	0.0	0.75180614	0.0021845615	0.018164176	0.0	0.009766731
GCTTGGGTCGGCAGTC-2	0.03080828	0.26796848	0.52718115	0.0	0.019116333	0.075715825	0.0
GTCGCGAAGTCTCGTA-2	0.01374544	0.0	0.5984015	0.32387426	0.058692597	0.23163915	0.0
ATTCGTTAGTCGGCCT-2	0.0	0.0	1.0100074	0.032891437	0.027965192	0.123455085	0.0
GACATCATCAGCTTGA-2	0.2741802	0.6692135	0.0	0.0	0.0	0.0	0.0
TGGGTTATCCTGGGTG-2	0.0	0.0	1.0498747	0.13446626	0.0	0.10562781	0.0
CTCCATGAGAACCCGA-2	0.0	0.0	0.8318109	0.37970978	0.08791155	0.1051095	0.02407058
AGGCATTTCGTGGCGT-2	0.46978164	0.40333512	0.1998958	0.0	0.0	0.0	0.024548985
GGGACTCGTCGAGCTC-2	0.0	0.20974533	0.81635016	0.01217156	0.064035855	0.07015141	0.0
AATGACCAGAGTCACG-2	0.74006206	0.0	0.1689318	0.3003163	0.0	0.0	0.0083851805
TATCAGGAGGTGGTTG-2	0.31571758	0.81505924	0.017054318	0.0	0.0	0.06856829	0.03358981
ATCACGATCTTGCGCT-2	0.6721148	0.25562677	0.15788311	0.0	0.038603935	0.050906677	0.024655994
TCGTCCAGTGCAGATG-2	0.12526545	0.1277982	0.49974662	0.0	0.03349998	0.007603913	0.047738377
GAAGCCCTCCGAGGCT-2	0.648847	0.049000207	0.041258004	0.0	0.0	0.0	0.0
AATCACGCACAAATGA-2	0.05692605	0.36850783	0.18612117	0.122086816	0.010198089	0.016684894	0.0
TCTTAGTTCTGCTTAT-2	0.19929144	0.15493415	0.22897503	0.25128487	0.22776917	0.018929096	0.011014926
CTGTGGGAGCTGGTGA-2	0.4691739	0.26259986	0.0698601	0.03270359	0.0	0.0	0.013329278
TTCAGGAAGGTAAAGG-2	0.21288218	0.5173237	0.13369803	0.076047815	0.024870621	0.1117546	0.0028128894
GAAATGATCCTGTAGA-2	0.017191788	0.37497488	0.5937702	0.0005084481	0.17973	0.0	0.004382945
GCCAACGTCAGGTAAA-2	0.014709937	0.547921	0.11487423	0.0	0.0	0.0	0.0
TGGAGAGTCGGCCAAC-2	0.121361874	0.41876847	0.47422913	0.0	0.061525203	0.0	0.00018691186
AACAAAGAGTCGCTAT-2	0.0070181056	0.98100966	0.08634055	0.0	0.0014958044	0.0	0.0
TAACCAGCAATACGAA-2	0.0	1.1665311	0.07136233	0.03217128	0.0	0.035386045	0.009730458
AGACCCGGTCCATCTC-2	0.0	0.51880914	0.32847825	0.079362616	0.0	0.10074667	0.018385503
CGTGCTTAGTGGCCTC-2	0.38069502	0.47102743	0.12636007	0.0	0.0	0.084155954	0.017082874
GTATTGGTCGCAGTGC-2	0.17595556	0.3911218	0.1734283	0.037872672	0.00556503	0.0	0.0
GGTCTGGTCTGGCCTT-2	0.04389448	0.6854104	0.1636665	0.0	0.009745321	0.012304452	0.0
CTTCTCTCACACCTAA-2	0.6577805	0.38093835	0.05711357	0.0	0.024325252	0.0029752783	0.0058302823
ACCCTCATCTACACAG-2	0.35438034	0.21059349	0.019022994	0.0	0.0	0.0	0.0
TCCGATCAGCTTTCCC-2	0.44544187	0.09194209	0.29254177	0.018873882	0.05028084	0.0066725966	0.0
ATGTCTTTCTGATGGT-2	0.073919825	0.7225303	0.2817712	0.028737169	0.02257301	0.003820777	0.0
CTCATTAGTAACGGTG-2	0.0	0.0	0.9040663	0.1095458	0.0	0.07931786	0.0
ACATCCCAGTTGTCGT-2	0.5377032	0.32211566	0.019318424	0.0055601234	0.0	0.0	0.018372243
CTATAGGCACTGTGTA-2	0.04880075	0.7300903	0.10603054	0.019874033	0.0	0.0	0.013438365
CTGCGAGTCTGCCTGT-2	0.24572119	0.3242208	0.03606726	0.0	0.0	0.0	0.0
TCGCTTGCATACCACA-2	0.31751245	0.43689042	0.06670652	0.0	0.017894847	0.0	0.002033173
TTGCTGCAGCACTGGA-2	0.40110868	0.43085745	0.09773474	0.046373367	0.0	0.0	0.0
CTCTGGTCACCGTGAC-2	0.43884373	0.3925406	0.0	0.04598791	0.013458601	0.0011439058	0.0
ATAGAGAAGTCATGCT-2	0.39148203	0.0	0.18148638	0.018851222	0.0	0.0	0.0008287821
GGGCGTTTCTTCTTCC-2	0.29490352	0.25376287	0.12553439	0.036097404	0.0	0.0	0.0
AGGTCTAAGATGGTAT-2	0.23268443	0.14497758	0.3545308	0.053226	0.06315071	0.023549885	0.0
CGGGTCAAGATACGAT-2	0.2487936	0.8828273	0.0	0.0	0.0	0.0	0.041580345
GAGGGTATCAATGCAC-2	0.42703363	0.33016914	0.16069397	0.0	0.0	0.0	0.0
ATCACAGTCTAACGCA-2	0.62889355	0.35491222	0.016261013	0.0	0.045510456	0.010533288	0.011475633
AGGTTGTGTCTGTAAC-2	0.1893038	0.757743	0.11122602	0.047852553	0.0	0.0	0.025648104
GGGTAGACACTGTGTA-2	0.93018615	0.24064788	0.0	0.0	0.0	0.0	0.0
AATCGTGCACGTAGTT-2	0.0	0.64546835	0.38937885	0.04009074	0.0	0.0	0.0020059245
TACGTCCTCACTACGA-2	0.25801614	0.18372716	0.4055017	0.0	0.17164207	0.0	0.0
TTTGGTTAGACGCCCT-2	0.06673165	0.7960547	0.085090056	0.0	0.0	0.09988968	0.0057647657
CGCATGGCACCCAAGC-2	0.796566	0.0	0.25015175	0.0	0.0	0.02505217	0.0
CTCTGGTTCTGTCTCG-2	0.11618767	0.44004026	0.19696511	0.21833043	0.03062033	0.0	0.012080202
GAGTGAGTCAGGAAGC-2	0.83177954	0.16271421	0.0	0.0	0.0	0.0	0.0
TGCAGATAGAAGCCAC-2	0.26436338	0.50265324	0.19456029	0.0	0.0	0.07409954	0.0
CTCCAACAGATCACTC-2	0.0	0.0	1.1345955	0.0	0.27375507	0.17707348	0.0
AGGTAGGGTCGCATGC-2	0.07232986	0.61990136	0.26941887	0.006581206	0.0	0.065425254	0.0020661461
CGTCCATGTGCACATT-2	0.0	0.45389813	0.668403	0.0	0.039356526	0.049034465	0.05485579
AGTCATGTCGCCGATG-2	0.617327	0.4418456	0.025239045	0.0	0.027927013	0.015165546	0.11119965
GTGGAGATCATGCAGT-2	0.5989359	0.30404475	0.0	0.10131268	0.0	0.0	0.0
ACGTCCTTCGACGTCG-2	0.057120234	0.69288427	0.15959424	0.0	0.016038576	0.0	0.006543691
AAGTGAACAAGGCAAC-2	0.49416822	0.18037961	0.10617181	0.32968864	0.0	0.1047916	0.015687654
ACGGTTACAACGACAG-2	0.33423677	0.33855405	0.22433443	0.022645634	0.052882884	0.0	0.020275619
ACTTAGGGTCTGGTTA-2	0.2784182	0.35732844	0.108546086	0.0	0.014342956	0.0022891678	0.0
CTTTCGGCAAGTAGTA-2	0.08717606	0.53316987	0.15189789	0.039429866	0.0060325623	0.0	0.0073769903
AGATGCTGTCTTGTCC-2	0.0	0.19316858	0.653503	0.110861614	0.16389531	0.0830465	0.0
TAACACGGTCCATACA-2	0.17566158	0.6305303	0.104863025	0.023924137	0.0	0.025493272	0.0
ATGGGTTGTTGATCGT-2	0.14874607	0.33050552	0.35550642	0.049867574	0.0	0.045442972	0.00670728
TACCGAACAGATCCTA-2	0.045992605	0.30142763	0.26319844	0.02733281	0.0	0.043331947	0.0
ATGAAAGGTCCATCTC-2	0.31639987	0.7377774	0.08457887	0.0	0.0	0.0	0.01602689
AGGCCACAGCACGTCC-2	0.80780864	0.22203892	0.0432048	0.04095525	0.04725751	0.02651613	0.07929659
TGGGCTGAGCTCGAAG-2	0.12236521	0.2250815	0.26246053	0.16808502	0.0	0.0	0.0
GCCAGGTGTCAGGAGT-2	0.0	0.44811627	0.3687876	0.0	0.10072389	0.0	0.0
ATTCTTGCACAGCCAC-2	0.37523812	0.45274338	0.023246974	0.0	0.008919412	0.0	0.0
TGGGATTTCAAGTAAG-2	0.32334694	0.3570964	0.21768402	0.17970176	0.0144275995	0.070634626	0.015402263
TCGCAGGGTATTGACC-2	0.600721	0.23848444	0.00021241062	0.1960182	0.0	0.0	0.02174541
CGAGTGCCAGGCATGA-2	0.26685065	0.68164593	0.20568469	0.064390145	0.0	0.011722922	0.038686402
ACTCCCATCACGGAGA-2	0.23313254	0.0	0.54103404	0.16108072	0.0	0.0	0.0044478853
TGCATCCAGCGAGTAC-2	0.02992411	0.7478063	0.21946383	0.11421981	0.0	0.038760472	0.02758949
AAGCCATCAGAGGCAT-2	0.080676734	0.9331151	0.18114907	0.0	0.0	0.01652158	0.04086509
CCGGTGAGTGAATGTA-2	0.08248802	0.8567086	0.19031863	0.0	0.0	0.0	0.012544628
ATGCATGCAGGGAGAG-2	0.0	0.7857743	0.07342091	0.0	0.0	0.016681973	0.00768878
ACTTTGTCACAGAAGC-2	0.0	0.39544752	0.5453308	0.08067682	0.0	0.0	8.465517e-05
TCGCTTGCACGATTCA-2	0.43076512	0.14177462	0.08097988	0.0	0.022360215	0.0	0.006308953
GAGGGTAAGGTCATTC-2	0.09842531	0.58894	0.21286187	0.060910873	0.0	0.0	0.005715438
CGATGGCCACTTCCTG-2	0.7333088	0.38415688	0.005279995	0.08603976	0.0	0.0	0.0027758935
TGATCTTTCTCTGACC-2	0.5706945	0.55760056	0.16659671	0.0	0.0	0.0	0.014225122
AGTGACTCAATCTGCA-2	0.19914064	0.21544878	0.40707216	0.18138447	0.0	0.0	0.008601476
CGTAATGAGCATAGGC-2	0.80578274	0.5244407	0.0	0.0	0.0	0.010594476	0.01642908
CGTAATGGTGAACGGT-2	0.05950866	0.4884672	0.21562049	0.034656245	0.0	0.057337563	0.0
ATGAAAGTCGGTGCAC-2	0.17200229	0.23534861	0.13242242	0.42446467	0.0	0.0	0.0405155
ACAGCCGTCGTTCTAT-2	0.16440704	0.38322166	0.42595366	0.0	0.0	0.0004466945	0.0
TCACGGGTCCCATGGG-2	0.40310535	0.44740093	0.03067501	0.0	0.012857752	0.0	0.056542728
TAAGCACTCTCTGACC-2	0.24589211	0.7495502	0.076544	0.050520986	0.0	0.012590113	0.02713129
AGACACTCAGGAATAT-2	0.0	0.0	0.6834678	0.11171764	0.033739958	0.12844852	0.0
AGGTTGTTCTGTCCCA-2	0.332085	0.56478125	0.0208696	0.16748784	0.0	0.0	0.016161256
TCAAGTGGTCTGATCA-2	0.3308855	0.47777638	0.050011232	0.021180859	0.0	0.017127642	0.016266746
GAAGCGAAGAACGTGC-2	0.17590138	0.7705461	0.11689798	0.0	0.0	0.0	0.0
GACTCTCCAGTAACCT-2	0.18665114	0.34454373	0.20657142	0.118585505	0.0	0.0	0.0
GAAGGGTAGCCGAATG-2	0.60186696	0.26882276	0.05199705	0.041212946	0.0	0.055429667	0.0
TGGAGAGGTCGCCACA-2	0.41305125	0.5525185	0.0	0.010836757	0.0	0.066648826	0.0063757803
GTGTAACAGAGTGACC-2	0.09902668	0.57549435	0.10081427	0.19879073	0.0	0.0	0.0
TACAGGTGTATGAAAC-2	0.16042475	0.7914616	0.033631183	0.16421326	0.0	0.031335056	0.0
CTCATGCTCGAAATCC-2	0.16752174	0.4218083	0.17686957	0.0	0.0	0.045879934	0.0052983672
GGAGATGAGAGGACTC-2	0.42271966	0.297825	0.21170725	0.0	0.04108969	0.0	0.0
CGAAGTTTCGGAGCAA-2	0.31965318	0.2507572	0.3476985	0.1407482	0.0	0.01070376	0.013956588
GGGCGTTGTTCCTTGC-2	0.61742854	0.47407147	0.0	0.0	0.0	0.0	0.0
CTCAGGGGTGATACAA-2	0.0	0.0	1.2542311	0.018767485	0.119515136	0.0	0.0
CTGATCCAGTAGCAAT-2	0.8167044	0.18650576	0.089254476	0.0	0.0	0.024757529	0.0
AAAGAACCAATTGTGC-2	0.01750432	0.67504936	0.09726633	0.12281596	0.0	0.0	0.004395126
TCACTATTCAAAGCCT-2	0.08734043	0.07970098	0.50053215	0.11460338	0.13030845	0.0	0.0
TGTAACGCAAATCGGG-2	0.82606345	0.0	0.16376147	0.09218574	0.08385135	0.033737753	0.04133428
AGTCAACTCTTACACT-2	0.33223212	0.55271757	0.087774865	0.13226414	0.0	0.0	0.033745617
ACGTAGTCACTAACCA-2	0.5976736	0.3322323	0.030053392	0.0	0.0	0.0	0.0
TCCCATGTCTGCGGAC-2	0.4500102	0.25304812	0.036951322	0.0037764525	0.0	0.07041713	0.0025058265
TCATGTTCAAAGGATT-2	0.093875915	0.9607522	0.03397728	0.03240204	0.0	0.038936563	0.010523231
GTATTGGAGCACTAGG-2	0.09310865	0.56673723	0.10266802	0.1010847	0.0	0.10530466	0.0
GCAGCCAGTTGCATGT-2	0.0	0.54430085	0.13862881	0.02775347	0.008602219	0.0067169648	0.0
TCATACTAGTTCACTG-2	0.0	0.51054156	0.5492208	0.028473761	0.0672814	0.04777731	0.0
GTGTAACTCGCTGTTC-2	0.43389824	0.13747597	0.20907226	0.3180233	0.0053712046	0.0236295	0.00213157
TGTCCACGTCTTGCGG-2	0.46973577	0.3889097	0.05784262	0.0	0.0069224634	0.012987817	0.024888754
ATTCCTAAGCACTGGA-2	0.0	0.0	1.1570693	0.16048194	0.011616045	0.11254908	0.009037384
AACCTTTTCAGCGCGT-2	0.0	0.08501171	0.5285589	0.25326118	0.050332084	0.0	0.05782879
CCCTCAAAGACCATGG-2	0.17946343	0.284507	0.3716205	0.04121032	0.0	0.0	0.0
TTGGATGGTCTACATG-2	0.0057742335	0.32817903	0.6951946	0.029985534	0.0	0.0	0.011915351
CACCGTTCAGTTGTTG-2	0.48178932	0.6090365	0.003004015	0.0	0.0	0.0	0.0
AGTTCCCAGCGCCCAT-2	0.2307735	0.28913325	0.39104462	0.0	0.039601706	0.0	0.017359171
CCACGAGAGATGCTGG-2	0.5134631	0.45516863	0.15747038	0.0	0.0	0.039537035	0.0
ACTTCCGGTCCCGCAA-2	0.024343343	0.56919086	0.1212934	0.0	0.0	0.0	0.0
GAAATGATCCCGTGAG-2	0.13322908	0.0	0.96482134	0.0	0.0839533	0.052602567	0.04558471
GTCAGCGGTTTGGAGG-2	0.54641634	0.037728883	0.08825648	0.10608498	0.06956329	0.043103818	0.0022526283
CTGCTCATCAACTTTC-2	0.18301485	0.28568462	0.31285775	0.011565158	0.0	0.05779808	0.0010909118
AACACACGTGTGTTTG-2	0.081604026	0.75405693	0.14567448	0.0	0.0	0.0	0.015006032
CATCGGGGTAAGGCTG-2	0.21240848	0.69139576	0.08386094	0.08203113	0.0	0.0	0.0058920663
TCGTGCTTCGTTCTCG-2	0.69068176	0.0	0.17173937	0.0	0.0	0.06458897	0.03025468
TAGCACACAATAACCC-2	0.866964	0.24911542	0.0	0.003357324	0.0	0.0	0.006780293
GCTTCACTCTCCTACG-2	0.076161526	0.40066287	0.25884026	0.022604136	0.1220114	0.019942055	0.0050840196
TTTACCATCCGCACTT-2	0.36835977	0.0	0.36964557	0.37991184	0.0	0.0	0.00989974
GACGTTAGTTTGGAAA-2	0.19433482	0.38700804	0.3491389	0.12701872	0.0	0.09576963	0.0
AAAGGGCCAGGTCAAG-2	0.39326075	0.18277708	0.4506664	0.004320548	0.0	0.08243176	0.0
ACAACCATCTGTCGCT-2	0.16838503	0.6971372	0.094590805	0.0	0.0	0.037696216	0.0
CGCATAATCAACCGAT-2	0.35063666	0.36217204	0.08624296	0.0815053	0.0	0.0	0.00079168205
CATCCGTTCCCATTCG-2	0.22784035	0.62335056	0.018934062	0.11707917	0.0	0.07374357	0.0
CAACCTCTCGAGCCAC-2	0.0	0.8311869	0.091487855	0.0	0.004649991	0.0	0.0
CATCCCAGTCCGGACT-2	0.5747731	0.4654961	0.056982484	0.0	0.0	0.058632206	0.026423607
CTTGAGACATCCTGTC-2	0.25191757	0.21166469	0.4700196	0.033997633	0.0	0.0	0.0
TTCTGTATCCCGATCT-2	0.44689968	0.5707208	0.0	0.0	0.0	0.0033196574	0.0
GGTAGAGTCGACGACC-2	0.3643168	0.19025376	0.23244378	0.22924703	0.014814071	0.0	0.0084077185
GCAGCCACAGAACTAA-2	0.18287729	0.006881809	0.102106586	0.4436485	0.06695515	0.0	0.0
AGGCTGCTCATTTGTC-2	0.378892	0.4497552	0.14607523	0.01405255	0.0	0.0	0.0
TCCCAGTGTGGTCCCA-2	0.0	0.07072531	0.72857594	0.019064818	0.108288966	0.1707582	0.0
GAGGGTAGTCGCAACC-2	0.45193347	0.096883506	0.059163634	0.0851338	0.0	0.0	0.0006459025
CTCCTTTTCCCTCTTT-2	0.3654372	0.26998284	0.14428161	0.008047265	0.0023665254	0.028735355	0.008656159
AGCGCCAAGGATTCCT-2	0.0	0.09893564	0.8859671	0.0	0.2567423	0.007909663	0.0016148572
CGCAGGTCACATGTTG-2	0.21732932	0.166388	0.28270668	0.091069214	0.21198325	0.019924546	0.0
CAGGTATGTCGCGTCA-2	0.51962173	0.40372825	0.17869653	0.0	0.018922376	0.02630426	0.040397123
TACGCTCTCCACAGCG-2	0.9893943	0.13037434	0.0	0.0	0.006827484	0.0	0.0
ATGTCTTCAGTAGATA-2	0.119504936	0.61700493	0.07317494	0.26452783	0.0	0.0	0.0
TGCATCCTCCCATAAG-2	0.13357118	0.24582838	0.32376787	0.0	0.028100267	0.0	0.0
GGGAGTAAGTCTACCA-2	0.2802785	0.4253072	0.05004913	0.027305754	0.019879747	0.0	0.07587055
TACCCGTCAGTTGTCA-2	0.4778678	0.0	0.4035489	0.0	0.22908835	0.0	0.027366757
GATCAGTTCTATACTC-2	0.4839071	0.3539898	0.0011330179	0.0	0.0025968188	0.0	0.00973652
TCGACGGTCGAGATGG-2	0.27801025	0.051106688	0.10468817	0.25181222	0.0	0.0	0.025497258
TGCAGATTCATTACCT-2	0.20569426	0.09415261	0.54286444	0.015007936	0.04345891	0.020686172	0.0
ATGGATCGTCTGTGAT-2	1.1738894	0.01119571	0.09038207	0.0	0.0	0.0056607528	0.00048282676
AAACGCTAGGGTCACA-2	0.68608624	0.0	0.10277355	0.19347776	0.0	0.0	0.001707163
CACAGATAGTCATGAA-2	0.4611748	0.56718546	0.0	0.11232283	0.058261536	0.0	0.019756056
CTCCCTCGTAGCACAG-2	0.043105237	0.4645612	0.23775746	0.14437938	0.0	0.042750735	0.0
TCCACGTTCGCCGTGA-2	0.801283	0.24842466	0.0	0.019790908	0.020667309	0.0	0.031709787
GGTGTCGAGCTCCGAC-2	0.0	0.0	1.0103915	0.14459647	0.08646215	0.1591394	0.0
GAACGTTCAGAGGGTT-2	0.341907	0.13856493	0.33174825	0.13524453	0.048772477	0.06888931	0.026980618
GGAACCCGTCCTACGG-2	0.0	0.122405976	0.6519948	0.22145052	0.111022934	0.06328958	0.0
CGCATAACAGCGCTTG-2	0.34181216	0.0	0.5762445	0.0071110376	0.05822124	0.02936543	0.057880126
CGGAGAAGTGCGCTCA-2	0.2699406	0.8889015	0.0	0.0	0.0	0.0	0.009917448
GCGAGAACAGCAGATG-2	0.15024425	0.7348318	0.04102699	0.0	0.0	0.0	0.013625324
GAGTGAGTCGCTACAA-2	0.20860034	0.20212184	0.35497537	0.042705525	0.00073255546	0.0	0.018521188
ATTCAGGAGTACCGGA-2	0.17363124	0.43415362	0.053645335	0.0	0.018394684	0.0	0.0055676308
AAAGTCCCATGTGGCC-2	0.49428	0.26992685	0.09914076	0.0	0.0	0.0	0.0
CCGTGAGGTTACACTG-2	0.14343475	0.38224173	0.109509505	0.0	0.0	0.0	0.0
CACGAATGTGAATATG-2	0.75354534	0.20337634	0.08770582	0.0	0.0	0.0	0.065660514
TGAGGGATCACTTCTA-2	0.0	0.68801147	0.09046321	0.05032959	0.0	0.0	0.0
AACAGGGCATGCGTGC-2	0.10511749	0.3813485	0.3681134	0.18474573	0.04137938	0.0062554087	0.0
TCTACATCACCTGTCT-2	0.43122342	0.49723428	0.0	0.045507856	0.0048148627	0.022974519	0.005718525
TTCACCGGTAACGGTG-2	0.10051007	0.79907435	0.15614565	0.0	0.0	0.025739007	0.0
GCCATTCGTACCCACG-2	0.18368061	0.40301004	0.26152724	0.1055714	0.030469684	0.0	0.011678428
TCTAACTCAACCGTGC-2	0.16961648	0.6124967	0.20712747	0.0	0.0	0.0	0.027511
GTAGAAAAGGGCCCTT-2	0.27812865	0.20686544	0.19368733	0.013078811	0.0	0.0	0.00081115257
TCGACGGCACCTCTGT-2	0.42077675	0.2234649	0.3360493	0.07193029	0.0	0.101960376	0.043105304
CCTCCTCTCCGCGAGT-2	0.059906933	0.14862104	0.44132787	0.13568133	0.0	0.0	0.12362189
ATTGTTCAGCACCGTC-2	0.36868903	0.55650645	0.0061972192	0.0	0.0	0.013172054	0.0
CACATGAGTTCCGGTG-2	0.69364613	0.18479204	0.16879135	0.0	0.078584194	0.0	0.0
CCGATCTGTACCCAGC-2	0.023310818	0.08604212	0.381793	0.17063636	0.0	0.044648226	0.003969233
TGTGATGTCACTGTTT-2	0.3979538	0.4055179	0.036904886	0.20357405	0.0	0.0	0.03881242
CGACAGCTCTGCATAG-2	0.65617937	0.0	0.1464163	0.010119071	0.0	0.03557465	0.0
TAACTTCCACAATGCT-2	0.015290222	0.73374385	0.1039012	0.0	0.022233855	0.0	0.01721452
CGGAACCAGGTCGCCT-2	0.32907513	0.51767856	0.06312521	0.0	0.0	0.0	0.009955608
TTTGTTGCAGCTCATA-2	0.5396316	0.40082157	0.22121786	0.0	0.031029737	0.0	0.010410898
TAACACGGTTTGGGTT-2	0.010529206	0.30392712	0.40987712	0.09290814	0.0	0.08440402	0.009162246
GTGAGGACATCCGGTG-2	0.10338101	0.63801515	0.084715426	0.0	0.0	0.0	0.0
TCCAGAACAATGAGCG-2	0.267888	0.4574647	0.17786834	0.09037967	0.0	0.04756336	0.005747437
TTGTTGTGTGGTCCCA-2	0.24120678	0.33129567	0.14632176	0.09977959	0.0	0.02388918	0.0
TGCATCCTCACAGTGT-2	0.07818799	0.3971319	0.35925412	0.0	0.003499725	0.0	0.002388125
ACAAAGAAGACGGATC-2	0.073033825	0.31935385	0.7631584	0.00019154687	0.0	0.12055196	0.004656516
GTACAGTTCAGACATC-2	0.19843374	0.18286048	0.2783108	0.058304142	0.0	0.0436643	0.00081001665
TCCAGAACACGTATAC-2	0.13982752	0.0	0.5441637	0.23917955	0.14966261	0.009057353	0.0
AAAGGGCCACAAGCCC-2	0.0	0.35520858	0.5656496	0.13998097	0.0	0.082916275	0.025538044
AGGAAATCACCGTGCA-2	0.08579295	0.8167178	0.007937091	0.0	0.0	0.080498	0.015365765
AATTCCTAGTATGAAC-2	0.318668	0.26546776	0.26660675	0.0	0.02616469	0.042587377	0.0
GGGACTCAGGTGCAGT-2	0.18951766	0.16071998	0.3403748	0.0	0.00028506573	0.0	0.34665474
CCTTTGGAGTCCCAAT-2	0.17351523	0.69328266	0.0	0.0	0.0	0.0	0.0051642186
GAGTTACCACATGACT-2	0.5456161	0.21841012	0.14589228	0.017920798	0.0	0.056796294	0.02034066
GCATTAGGTGCCTTCT-2	0.4331282	0.30815253	0.2083129	0.0	0.016858676	0.05674193	0.0
GTTACGATCCAATGCA-2	0.21595818	0.49497494	0.23427616	0.007891782	0.025340628	0.01165482	0.0
CTGATCCGTAATGCGG-2	0.45574668	0.0	0.42202887	0.014379535	0.08411123	0.00032028378	0.017362779
GAGGGATGTGCATCTA-2	0.0	0.56118613	0.30669424	0.36943084	0.0	0.0	0.0
TCTCAGCGTCGTTGCG-2	0.0	0.92856544	0.08315342	0.0	0.0	0.0	0.0
TTCATGTAGTCATCCA-2	0.39724115	0.54433995	0.0	0.0	0.0	0.0	0.0
TGCTGAAAGCCGATCC-2	0.0	0.2578726	0.43339595	0.1449693	0.031860366	0.067426994	0.0
GTCTACCCATACGCAT-2	0.31204343	0.02542044	0.6152382	0.028993253	0.0	0.013594781	0.026059546
TGCTTCGCACACTTAG-2	0.9863432	0.0695904	0.0	0.0	0.0	0.0	0.0069847223
CTCCACAAGACTGGGT-2	0.09414908	0.50991243	0.17190325	0.0	0.0	0.0	0.0
TTGTTTGGTAACCAGG-2	0.7582068	0.22790633	0.022331705	0.015492194	0.015368445	0.0	0.044322133
TGGCGTGTCGCTTTAT-2	0.42776588	0.25584042	0.32535672	0.0	0.0	0.017038407	0.0
ACGATCAGTCGTCGGT-2	0.9410699	0.0	0.059536994	0.0	0.11568957	0.0	0.0
TCATTGTAGAGCAGCT-2	0.08705965	0.5170796	0.24523188	0.0	0.0	0.03391057	0.013733885
TCAGCCTGTGAGTAAT-2	0.07402874	0.090434946	0.49480945	0.10549474	0.0	0.02438377	0.0
AACGTCAAGCAATTCC-2	0.3500182	0.39167044	0.08958244	0.16101092	0.0	0.06539507	0.009171278
CAAAGAAAGTTCCTGA-2	0.13336985	0.16439311	0.36029875	0.17431428	0.0	0.07999299	0.014019978
CTCAAGACAGCGCTTG-2	0.4835425	0.7223684	0.07609463	0.0	0.012937491	0.0	0.011010488
AAGCGTTTCGGCTCTT-2	0.37677756	0.55181247	0.00036810225	0.08981652	0.0	0.0	0.005374821
GGTGGCTCACAAACGG-2	0.581966	0.46079218	0.077064104	0.0	0.0	0.0	0.11426343
CCTTTGGGTATCGATC-2	0.36153406	0.39076582	0.09550418	0.15310867	0.0	0.0	0.0
CTCTCGATCATGACAC-2	0.25456142	0.8135328	0.0	0.0	0.012857002	0.0	0.02190789
TATATCCGTAGTCCTA-2	0.07861364	0.4932959	0.44089773	0.027498208	0.0	0.0	0.018201731
TGAATCGGTTGCCTAA-2	0.47998953	0.26787087	0.07751372	0.046985496	0.0	0.042649377	0.0
GCCAGGTAGCTGTCCG-2	0.21868347	0.5978673	0.121795245	0.012652598	0.032072242	0.0033080296	0.020406593
AGATCGTGTCGAAACG-2	0.43688896	0.6801615	0.0	0.0	0.0	0.0	0.04537064
CAATGACTCTCACTCG-2	0.30558416	0.39701673	0.08189525	0.010581707	0.0	0.009439328	0.009241183
GGAGGATTCAGGAGAC-2	0.0	0.58538693	0.21546897	0.11287261	0.0	0.0	0.0
GTGGTTACACACAGAG-2	0.19893503	0.4906243	0.06007131	0.0	0.0	0.0	0.0
GTAGATCTCCCGGTAG-2	0.3210143	0.3671008	0.20370252	0.0	0.0	0.0	0.034231413
GATCACACATCAGCTA-2	0.006487584	0.41445088	0.39480928	0.098216586	0.0008655804	0.07599177	0.0
ACAGGGACAGTCGAGA-2	0.54265594	0.25980404	0.017574323	0.0	0.007411967	0.0	0.008287476
TAACTTCCATAGAGGC-2	0.5447104	0.2912419	0.2248477	0.01574738	0.0	0.057850484	0.0
TCCACGTTCCACAAGT-2	0.55960524	0.3856934	0.11117612	0.043118406	0.0	0.03326335	0.022343917
CTCCGATTCTTCGGAA-2	0.20985213	0.53928906	0.026736641	0.014556105	0.0	0.029964922	0.0120184
CGTGCTTAGCGTTCCG-2	0.04581183	0.4282381	0.05575053	0.28501064	0.0	0.0	0.026203204
TGTCCACTCTGCTAGA-2	0.10050138	0.4459553	0.16663393	0.07882351	0.0	0.0	0.0
CATAGACCATGGGATG-2	0.29887974	0.7635053	0.0	0.007816372	0.0	0.0	0.04214241
AGGTGTTCAGTATACC-2	1.2993058	0.0	0.0	0.0	0.0	0.0	0.0
GTAGCTACACCCATAA-2	0.47592083	0.1846001	0.13133843	0.0	0.0	0.0	0.0
CACTGAACAGTTGTCA-2	0.22095113	0.0	0.23899494	0.49693435	0.0	0.0	0.0
TTCCAATAGTGTTCCA-2	0.21011238	0.16749181	0.2831509	0.021102019	0.0	0.0	0.0068100626
TTTATGCCATTATGCG-2	0.39728948	0.04192188	0.5054347	0.045432657	0.009845451	0.0	0.0
GCCATTCTCTCGCAGG-2	0.31024784	0.62628067	0.27483094	0.0	0.0	0.024399105	0.059654713
TCCTGCACAGGCCCTA-2	0.9821223	0.4119254	0.0	0.0	0.0	0.0	0.025180805
GTAGAAACATCATCCC-2	0.2834598	0.65911084	0.028487751	0.0	0.0	0.0	0.0
ATAGAGACACGAGGAT-2	0.17943123	0.8064319	0.0	0.066214845	0.0	0.0	0.039538395
CCCGGAAAGCGAACTG-2	0.3361677	0.82341784	0.09733259	0.0	0.0048215627	0.011177247	0.04067106
GGGAAGTAGCGCCATC-2	0.4357511	0.536328	0.0	0.0	0.0	0.0	0.0
AGTCATGAGGCAATGC-2	0.0	0.4142311	0.29708108	0.07049581	0.0	0.02091519	0.022365412
ACCGTTCGTCGGTAAG-2	0.25928426	0.48690805	0.2013082	0.0	0.05091924	0.09661208	0.018731825
CAGTTCCTCGATGGAG-2	0.24691571	0.096322685	0.23779188	0.123191625	0.0	0.14508212	0.0
CGGGCATTCAACGCTA-2	0.23944409	0.6730405	0.047194473	0.0	0.0	0.0	0.0
AGGTTGTAGTCGAAAT-2	0.6999904	0.24098949	0.15185267	0.023692403	0.0070027886	0.01956	0.0
GTGATGTGTGGCTTGC-2	0.8091928	0.23405981	0.15101655	0.0	0.026020687	0.0	0.004977962
TTACGCCAGCTGACCC-2	0.1166466	0.0	0.6540401	0.0	0.12000352	0.0	0.0
TTAGTCTGTGGAACCA-2	0.0	0.0	0.9034581	0.0	0.0	0.12292413	0.0
TCAATCTTCTCCCAAC-2	0.38638157	0.3817687	0.02297805	0.0	0.0	0.014551879	0.0
GATTCGATCCATTCAT-2	0.63202304	0.27058312	0.0	0.0	0.0	0.0	0.0
AATAGAGTCCTTCAGC-2	0.26182646	0.3750162	0.22996736	0.08084837	0.0	0.0	0.03763644
GCAACCGCATGTGACT-2	0.0	0.7040984	0.5179467	0.0	0.0	0.0023196707	0.0
CTGGTCTTCGAGAACG-2	0.0	0.5489798	0.22451885	0.14281785	0.009229336	0.055920802	0.0016955542
TCGAACAGTTGGGTTT-2	0.25107655	0.124755345	0.33166453	0.16188264	0.0	0.0	0.048771016
CATTCTAGTTCTCAGA-2	0.0	0.94952804	0.11310966	0.10853881	0.0	0.011354763	0.036451377
CTTCCTTTCCGTGGGT-2	0.1395666	0.521256	0.0045444607	0.27190495	0.0	0.0	0.0064988853
TCACGCTGTATGACAA-2	0.27830598	0.44838187	0.1981793	0.023384718	0.029219655	0.0	0.012651084
TCGGTCTAGGTCATTC-2	0.16042958	0.7825881	0.028269533	0.0	0.0	0.005408634	0.0
TCAAGACTCTCATGCC-2	0.56311613	0.34840307	0.1036616	0.067114316	0.0	0.0009074272	0.0
AGGAGGTTCTGTGCAA-2	0.03269724	0.57875603	0.29439354	0.041070428	0.08635511	0.09152062	0.016356867
GAGCCTGAGAGATTCA-2	0.27819782	0.08537344	0.1352747	0.08898592	0.0	0.0	0.0
GGAGCAAGTAGGCTCC-2	0.024623917	0.49983016	0.41869193	0.0337876	0.002700106	0.0	0.0
TCGTCCAGTTGGAGAC-2	0.118011795	0.3726812	0.15912323	0.15150933	0.0	0.0	0.0072237896
CAGATCATCTACCTTA-2	0.29405427	0.45100287	0.1758153	0.036593076	0.0	0.024859566	0.0
TTTGACTCAGCGATTT-2	0.011421289	0.31845605	0.40687996	0.14917874	0.0	0.0	0.0
CCTCTAGCAGCCGTTG-2	0.29858354	0.8409089	0.037946135	0.0027575346	0.0	0.016176289	0.015406007
ACTCTCGAGACACACG-2	0.6227455	0.5049203	0.0	0.0	0.0	0.0	0.0
ACCTACCCATAACGGG-2	0.20680703	0.1064005	0.49835983	0.061448548	0.0	0.0	0.0
CTCATTATCTTCACAT-2	0.25448692	0.4294123	0.11921949	0.1586118	0.06299242	0.033159222	0.010278276
AAAGTGACACCTGTCT-2	0.48095196	0.3841263	0.081854336	0.08751946	0.0	0.032205958	0.029222695
CTACATTGTGGGTATG-2	0.7157153	0.31388766	0.043028917	0.0	0.0	0.0	0.0
GTTGTAGAGTGAGTGC-2	0.8567189	0.26732233	0.0	0.0	0.004145014	0.0	0.0064319554
CGTTGGGCATTGAGCT-2	0.29690126	0.3960747	0.15893659	0.122355975	0.028068645	0.0	0.02470082
TTTGGAGTCATTTGGG-2	0.0	0.39599836	0.14507045	0.52156675	0.0	0.0	0.013855598
GATCGTAAGTCTCGTA-2	0.6045489	0.30916747	0.0	0.0	0.0	0.0	0.0
ACCCAAAAGCTGAGTG-2	0.13930224	0.11139236	0.45607054	0.28918988	0.027247703	0.18449566	0.039065905
ACGGTCGGTATTTCTC-2	0.26834565	0.7406373	0.09716986	0.04574911	0.0	0.0	0.0
TCTACATAGCACACAG-2	0.80359083	0.3298217	0.0	0.0	0.0	0.0056034424	0.0
GAGGGTAGTGGAAATT-2	0.2124757	0.34142292	0.101468764	0.1717465	0.06827708	0.07154301	0.0
GTCTCACAGTATCTGC-2	0.69329244	0.4166806	0.0	0.0	0.0	0.0	0.0
TGGGCGTCAAACACGG-2	0.32243496	0.5274566	0.07392828	0.10139632	0.0	0.028662851	0.010547669
TCGGGTGCATCCGTTC-2	0.5894698	0.51674503	0.0	0.0	0.0137275485	0.0	0.0
GAAGTAACAACCGACC-2	0.123083934	0.25433445	0.39390886	0.55427414	0.007381309	0.014414512	0.0045494945
TCGCAGGAGCCATGCC-2	0.5395824	0.52208215	0.0	0.0	0.0	0.0	0.0
CGGGTGTAGGTTACCT-2	0.3431665	0.22070484	0.14660783	0.28018755	0.0	0.0	0.011435186
GGGATGAAGTATGATG-2	0.76071686	0.23890392	0.05029808	0.0	0.0	0.0011400048	0.0
GTTACAGCAGGCACTC-2	0.6155706	0.098861516	0.0	0.037711903	0.0	0.0	0.0
GTTCTATGTGGGATTG-2	0.2484409	0.8819282	0.14361244	0.0	0.0	0.006577204	0.015638713
GAAGAATTCGTCCATC-2	0.0	0.062698446	0.77509725	0.0	0.1247115	0.06691177	0.0
ACTTTCAGTGCGCTCA-2	0.42935824	0.19917652	0.27228963	0.052101158	0.0	0.059688188	0.021843825
AACCATGCAGAAGCGT-2	0.0	0.0	0.8418733	0.0	0.0	0.01197386	0.0066265496
ACATTTCGTGCATACT-2	0.3018096	0.28133377	0.2097325	0.039925974	0.017090002	0.00066961726	0.043922406
CGTCCATGTTGCACGC-2	0.09725793	0.40522936	0.19567199	0.021109473	0.032819133	0.009368129	0.0
CTAAGTGAGGAGATAG-2	0.07372117	0.5404847	0.363135	0.06681934	0.0	0.16611573	0.019332573
GAGGCAATCCGTCCTA-2	0.56893635	0.018426947	0.50266093	0.0	0.035014343	0.0	0.030269394
AATGGCTGTGGTCCCA-2	0.0	0.0	1.1719854	0.0	0.04919704	0.0	0.017869513
CTTCTAAAGCAAGCCA-2	0.049696546	0.78656083	0.14993072	0.0	0.0104893595	0.0	0.018459462
TACCCGTCACCCTCTA-2	0.44265956	0.362792	0.0832106	0.0	0.0	0.0	0.024438556
GGTTCTCGTTCTCAGA-2	0.13592859	0.831087	0.117877215	0.0	0.0	0.0	0.009113137
TGACTCCCACCGGCTA-2	0.0	0.0	1.4723955	0.0	0.056115396	0.0	0.021672836
AGAGAATTCTCGCTTG-2	0.3941158	0.21967831	0.3407431	0.0	0.008284916	0.0	0.040116116
CGGCAGTTCGGTAAGG-2	0.5801308	0.0	0.2506287	0.12985076	0.09194614	0.0020519441	0.023347603
GTCGTAATCCCGTGTT-2	0.511118	0.204	0.20814042	0.0	0.056411445	0.009760182	0.050491
TATTCCAGTATGTCTG-2	0.33180943	0.32441115	0.2772834	0.045500554	0.0	0.0134441685	0.005141317
AGATCGTTCAACCGAT-2	0.15610951	0.9002495	0.01647427	0.077335864	0.0	0.010160599	0.0080713285
AGCGTCGAGGGTCTTT-2	0.18812509	0.36632714	0.12515171	0.43772417	0.047650315	0.0	0.07233091
AACACACTCATGAGAA-2	0.23080559	0.0	0.87518746	0.0	0.1366406	0.03486345	0.020594906
GATGAGGAGTCTTGGT-2	0.71878004	0.20430398	0.12396408	0.0	0.0	0.0	0.008285391
GGGTGAAAGTGTAGAT-2	0.39064866	0.21693714	0.32884377	0.0	0.017486498	0.0	0.004134391
ACCTGAAGTCGCGGTT-2	0.53789204	0.31607512	0.013828822	0.07629559	0.0	0.0	0.0
ACCAAACTCTTGGTCC-2	0.26458248	0.28780034	0.41694075	0.0	0.115949914	0.023291623	0.012299887
ATCCCTGTCTTCCGTG-2	0.28896317	0.5048529	0.14032497	0.07865013	0.0	0.0	0.0017628882
TCCTTCTGTACGATCT-2	0.0	0.23116374	0.75394076	0.20750713	0.10578809	0.039904755	0.0
AGTTCGATCTCGAGTA-2	0.27606997	0.5181628	0.37292874	0.0	0.0	0.08498652	0.018815795
ACCAACATCCGATCTC-2	0.338007	0.3397944	0.3156143	0.0	0.0	0.026653158	0.03700712
TTGGGTAGTTGTCTAG-2	0.23831499	0.67734665	0.016181204	0.0	0.0	0.035743956	0.0
GGGTGTCAGCGCTGAA-2	0.080800585	0.74195355	0.16181752	0.30973077	0.0	0.05037077	0.018162273
CTAAGTGAGGAACATT-2	0.6133654	0.40286705	0.0	0.0	0.06831546	0.0	0.0
GAGGGATTCTCGCGTT-2	0.0	0.6759482	0.3762984	0.0	0.0	0.0	0.008188696
AACAAAGGTATACCCA-2	0.43889287	0.45707488	0.09727147	0.065497346	0.010590698	0.02031052	0.021327833
CTCACTGAGCGCCTAC-2	0.56788516	0.58040124	0.0	0.0	0.0	0.0	0.054746024
GTGATGTGTGGTAATA-2	0.29972053	0.13345072	0.3480993	0.24975729	0.0	0.03244986	0.03978609
TCAAGCACAACACACT-2	0.19426179	0.9980048	0.0	0.036818687	0.0	0.0	0.032515157
TGATTCTTCGGACCAC-2	0.67073065	0.21706581	0.19985147	0.027634222	0.0	0.0029218544	0.056117643
AGTGTTGAGGCTCCCA-2	0.40025842	0.49196348	0.18933797	0.0	0.068026446	0.0	0.029514277
ATCACAGCAAGCTGTT-2	0.3591702	0.6666582	0.0	0.04851293	0.0	0.049997225	0.037318565
AAGCATCAGCTGCCAC-2	0.46190283	0.19224656	0.109500945	0.017750986	0.056530856	0.0	0.0
TTGATGGCACTTGGCG-2	0.5477634	0.51733804	0.0	0.0	0.0	0.0	0.025177905
TCACGCTAGGACATCG-2	0.27397165	0.16796926	0.28342065	0.02520422	0.1117696	0.06989856	0.010212134
CCACCATAGCGTGTCC-2	0.36307228	0.12049274	0.12634212	0.12656179	0.0	0.050172694	0.00084529276
CAGAGCCTCATTGCGA-2	0.03286297	0.3113354	0.25808206	0.11084925	0.0	0.07855679	0.0021878215
GTCGAATCAGAGACTG-2	0.22097757	0.52231973	0.13995841	0.0	0.062739156	0.074257314	0.03760853
AACACACAGTTTGGCT-2	0.21795022	0.45550424	0.3201103	0.0	0.0	0.09040572	0.018051459
GAGTCATCAAAGGAGA-2	0.018768817	0.110551156	0.6440933	0.13365088	0.0106221335	0.0	0.0
GTTCCGTCATCGTCCT-2	0.08228302	0.9609844	0.0	0.16142945	0.0	0.0	0.038206503
ATGAGGGAGTACAGAT-2	0.3386798	0.75435984	0.03282464	0.049993485	0.0	0.0	0.02173227
CTTCCTTAGGCATCTT-2	0.5760349	0.45863086	0.0	0.0	0.0	0.03581515	0.0
GGAGGTAGTACAGCGA-2	0.14790544	0.23689584	0.31227624	0.052053455	0.0	0.011185626	0.0
CAATACGCAAGCGAAC-2	0.17883511	0.4137891	0.1351555	0.25269	0.0	0.0	0.009249185
TCTATCAAGATCACTC-2	0.24642248	0.0	0.621146	0.029429745	0.057127923	0.0064154924	0.009977049
ATTCACTAGCATGCGA-2	0.0	0.9689111	0.061427798	0.029081771	0.0	0.014058947	0.027668836
CATGCCTAGACATCCT-2	0.046866443	0.44041333	0.3804205	0.13270429	0.035873596	0.0	0.0
ACTGATGAGTCGCCCA-2	0.15971436	0.42761505	0.13431622	0.0	0.021560118	0.020663163	0.020660153
CACAACAAGGAACTAT-2	0.46078873	0.5392939	0.16805208	0.0	0.063988246	0.0	0.004706922
TTCCACGGTAGGTTTC-2	0.20719202	0.6523192	0.12305252	0.15230946	0.0	0.0073260535	0.0
CGTAATGGTAGGCAGT-2	0.17152143	0.117847	0.21550605	0.0	0.0	0.0	0.6102482
AGTCAACCAGGTGACA-2	0.84698546	0.17884873	0.02603894	0.0	0.12892626	0.031419955	0.0
CCCATTGTCAGCTGAT-2	0.33656666	0.35173395	0.31326282	0.10952478	0.0	0.031043848	0.054698594
TCTGCCAGTAACTTCG-2	0.34357646	0.41413137	0.0	0.10518793	0.0	0.0	0.0
CCCGAAGGTGTGCCTG-2	0.0	0.0	1.2875072	0.0	0.0	0.09211261	0.0
ATGCATGGTCACTTCC-2	0.3878537	0.56743115	0.08705613	0.00058036315	0.00500809	0.0	0.0027163026
CGTGCTTTCAAGTGTC-2	0.122691914	0.46181586	0.3448091	0.0	0.09906247	0.16241597	0.0
TTGACCCGTGTAAACA-2	0.47768232	0.0	0.2564585	0.0	0.25257576	0.031328995	0.0
GGGTCACCACGGCACT-2	0.3906908	0.3668941	0.081004605	0.059481483	0.0	0.0	0.0
CATTCATTCGTTCAGA-2	0.09175411	0.7135623	0.10990058	0.0	0.0179873	0.024527501	0.0028215998
CATTCTATCGCAACAT-2	0.014371249	0.05970114	0.62963814	0.1711375	0.030893834	0.0	0.0017695735
TGCATGAAGTAAACAC-2	0.15814827	0.85640013	0.090045005	0.0	0.0	0.031112207	0.04320537
AGTAGCTTCGCTAGCG-2	0.44917646	0.2948967	0.1010247	0.03466126	0.0	0.07104549	0.0
AATGCCATCCCGAAAT-2	0.10109226	0.81466156	0.040618967	0.0022905574	0.0	0.0	0.0034269483
AATCGACAGGAACTCG-2	0.22305265	0.593581	0.06518486	0.0	0.0	0.18691604	0.008273229
TCTACATCAACCTATG-2	0.8500341	0.0	0.29156002	0.0	0.027722603	0.0	0.13479869
TAAGCACAGAGAGCGG-2	0.17381355	0.35640344	0.3372383	0.052472655	0.0038495723	0.0	0.0058421222
ATGGATCAGCAGCCCT-2	0.42219028	0.3188537	0.031223984	0.0	0.0	0.0	0.0
CATTGTTTCGTGTGAT-2	0.25548923	0.6610511	0.0	0.12988433	0.006763692	0.0	0.0019300876
TATGTTCAGTGTTCAC-2	0.41548696	0.34944564	0.14968577	0.10185122	0.03893952	0.106934495	0.010491588
TCCTGCAAGTTGTCGT-2	0.023196386	0.1658624	0.6263345	0.05113678	0.009055068	0.0	0.0
TTTGACTGTTAAGACA-2	0.01885523	0.61680436	0.17355688	0.06840673	0.0	2.4250785e-05	0.018596308
TACTTCACAATGTGGG-2	0.06289188	0.48215765	0.18319616	0.018954303	0.0	0.0	0.0
TGTCCCAGTAGCACAG-2	0.0	0.4935026	0.6053307	0.0	0.0	0.0	0.001369581
GTGGCGTGTGTCTTGA-2	0.0	0.50857514	0.5387791	0.15783967	0.0	0.050845116	0.0
ACTCTCGGTACGGTTT-2	0.3437801	0.90820676	0.0	0.0	0.0	0.011284596	0.0049767466
ACCACAAAGAGAAGGT-2	0.5669189	0.30409247	0.0037191324	0.0	0.0023011314	0.0	0.0
GTGCTTCGTAGGAGGG-2	0.773567	0.0	0.08095407	0.0	0.0	0.02714563	0.3491582
GATGTTGTCGTGCACG-2	0.26280183	0.11162632	0.51768845	0.07273931	0.097009115	0.068928406	0.0034236426
CTTCCGACATGCCGAC-2	0.0957179	0.32882974	0.26700753	0.02740539	0.06176471	0.0	0.029716663
TCCTTCTGTCCTACAA-2	0.0	0.43279403	0.46834752	0.09269795	0.0	0.053339314	0.0
GTGCTGGGTGCCTGAC-2	0.70955914	0.19533046	0.020955866	0.05205076	0.0	0.0	0.005376645
GACCTTCGTAACATGA-2	0.45226067	0.077036895	0.25654808	0.18752088	0.0	0.020533215	0.00070486404
GGTCTGGCAGAGGAAA-2	0.52596194	0.60639036	0.038604576	0.0	0.0	0.014664087	0.007496348
GAGTCTAAGCTGCCTG-2	0.22401196	0.41053453	0.26672632	0.05384998	0.056969587	0.0	0.011696426
CCGATGGCACCTGTCT-2	0.27159408	0.03094837	0.36530906	0.090684965	0.009135914	0.0	0.0
CCGGTAGCATGACGTT-2	0.60653925	0.30224863	0.018123357	0.0	0.002932036	0.0	0.0029739095
CGGGTCAGTAGGCAGT-2	0.14546594	0.2319335	0.3450163	0.15267706	0.0	0.0	0.0
AGACCATGTCGTTATG-2	1.0168878	0.21966441	0.0	0.0	0.004047799	0.0	0.0
GATGCTAGTGTCTAAC-2	0.8880566	0.2573303	0.004353856	0.0	0.011657702	0.0	0.022607578
ACTGCAACAACCGTAT-2	0.90609115	0.15074018	0.06349768	0.0	0.0	0.0	0.006922212
GTGCGTGGTCAACGCC-2	0.2731812	0.20857467	0.36814335	0.026810847	0.0	0.0	0.014254323
CTTTCGGAGTGGACGT-2	0.22584684	0.4478454	0.13055865	0.06681017	0.0	0.0	0.0
TGCGGGTTCATTACTC-2	0.12725587	0.82834715	0.08329131	0.052034162	0.0	0.0	0.026087059
CCTAACCAGCGTCAAG-2	0.68418264	0.21692947	0.101263925	0.0	0.017292675	0.0	0.025025548
AAGACTCGTACGTGAG-2	0.20154767	0.5064038	0.12765788	0.09121831	0.0	0.049639817	0.017404374
AGTGACTTCGTTCAGA-2	0.6937882	0.42702734	0.0	0.0	0.0	0.0	0.0
TGGGCTGAGAGAACCC-2	0.0	0.68247575	0.41799417	0.0	0.018422792	0.1309654	0.0
CGAAGTTGTTCTTCAT-2	0.6636561	0.023057487	0.31908953	0.07005824	0.0	0.0	0.01169633
AGATGCTGTCGCAACC-2	0.47398633	0.19164996	0.2553617	0.0	0.0	0.15761381	0.0
AACTTCTGTGAGATTA-2	0.6061974	0.38386306	0.0	0.0	0.0	0.06214022	0.0
TCGGGCAGTATGCTTG-2	0.012153104	0.32970375	0.3958222	0.061569933	0.013256898	0.0	0.006752886
GAAACCTAGGTGCTTT-2	0.19164553	0.56935924	0.1109043	0.060497265	0.0	0.0	0.0
TTGGGTACAATCGCAT-2	0.63186604	0.44779524	0.0	0.009874695	0.0	0.0	0.0
CCGGGTAGTCCAGCAC-2	0.5231167	0.24695016	0.06231301	0.0	0.0	0.0	0.0
CCTCAACGTGAGCTCC-2	0.29887596	0.58759004	0.143867	0.0	0.037581	0.0	0.0007236362
TCAATCTTCTTCACGC-2	0.30334783	0.3498945	0.0877689	0.25758392	0.0	0.0	0.012992784
AGGGTGAAGCTAGATA-2	1.0537804	0.026315512	0.0	0.0	0.0	0.0	0.0
GGCTGTGGTCGTATTG-2	0.03511038	0.58306336	0.28716582	0.020776	0.0	0.07862873	0.0
GTTATGGTCTGAGAGG-2	0.07095592	0.7103801	0.064299874	0.16742483	0.0	0.0	0.03343703
GACCGTGCAACCTAAC-2	0.6354122	0.23198366	0.08820234	0.13780448	0.0	0.038102373	0.0
ACTACGACAAGAGGCT-2	0.15963508	0.27480432	0.25299564	0.4175848	0.04434232	0.042485658	0.0058633797
GTAATGCCATCAGTGT-2	0.319481	0.23638491	0.17917885	0.018320844	0.0	0.0	0.0
ACATGCATCACTTGGA-2	0.72660786	0.20943952	0.097745255	0.0929383	0.0	0.0	0.034991104
AGGTTGTGTCGAGATG-2	0.40260217	0.5641886	0.0	0.0	0.0	0.0	0.032713134
ATGAGGGTCCAAGAGG-2	0.0	0.2778872	0.77698314	0.054659247	0.053776436	0.04872428	0.039859354
ACTGATGAGGCCTTCG-2	0.2663256	0.5785625	0.04854519	0.09685112	0.009178723	0.0	0.04643524
AAAGAACTCAGAGCGA-2	0.7670602	0.11791055	0.101631984	0.025013773	0.0	0.0	0.02362591
TCATCCGCAAAGGCTG-2	0.003960346	0.10732408	0.64801633	0.162	0.0	0.0	0.019457977
CTATCTATCGCTACGG-2	0.4255843	0.36465958	0.0	0.0	0.0	0.0	0.0
CATACAGAGGATTTCC-2	0.12290803	0.4888419	0.25821057	0.06939218	0.01680278	0.014746437	0.008705677
GAGTTGTGTCTCACAA-2	1.1256875	0.0	0.0	0.0	0.0	0.0	0.024441618
GTGGTTAAGACCGCCT-2	0.24036713	0.64891374	0.08674062	0.0	0.019702747	0.0	0.0
CAATGACTCCTCTAGC-2	0.0	0.29504845	0.95963156	0.044284727	0.08310765	0.034479804	0.009093542
TAGGTACGTTGGACCC-2	0.2936573	0.5807435	0.10983087	0.036389697	0.0	0.058775842	0.0
CTTCGGTTCGAGCACC-2	0.51014966	0.22740822	0.11897302	0.0	0.017727748	0.0	0.0
TCAAGCAGTAACTGCT-2	0.3310722	0.06996443	0.5287563	0.20011209	0.0	0.0	0.07719171
GGCAGTCAGATGGCGT-2	0.65030736	0.22718728	0.06507444	0.0	0.0	0.020763569	0.0
GTGAGCCGTAAGGTCG-2	0.17286664	0.3658007	0.3404776	0.09291201	0.0	0.0070785256	0.020473618
TTGACCCAGGTGTGAC-2	0.26085156	0.87667114	0.055738658	0.0	0.0	0.0	0.011582642
TTGGGATCATGGCTGC-2	0.63660675	0.49137965	0.0	0.0	0.0	0.0	0.0
GCCCAGAGTGGTTTGT-2	0.4707452	0.30541813	0.11848164	0.06636623	0.0	0.0	0.022165997
AATGAAGAGTTATGGA-2	0.7439223	0.0	0.180652	0.037083343	0.0	0.030111998	0.024171896
TTCACCGAGTACTGGG-2	0.41182524	0.23622231	0.29774383	0.045844506	0.07496676	0.0	0.008552349
CATCCGTCAGGTGTGA-2	0.0	1.1035141	0.0029806842	0.0	0.009607026	0.0	0.00029032739
ACAAAGAGTCTAGTGT-2	0.32474023	0.5440627	0.00055107294	0.030735595	0.013650408	0.018677527	0.000103553335
CTCACTGGTTCCTAGA-2	0.42038107	0.086133145	0.1269987	0.10850445	0.0	0.11027546	0.029985754
GCACATACACTCCCTA-2	0.5357638	0.5348306	0.0	0.0	0.0	0.0	0.0
TCGTCCAAGGGAACAA-2	0.1578125	0.19948758	0.3155264	0.3267717	0.013278623	0.07558364	0.0
CGTAGTAAGCCTTTCC-2	0.24845378	0.6056589	0.08439332	0.0	0.0	0.1523725	0.009944062
TGCGGGTCACGGTGCT-2	0.09975747	0.7290407	0.15555407	0.1509777	0.0	0.004209538	0.039144106
CACTAAGGTATTGACC-2	0.19385254	0.6604177	0.13503785	0.029994706	0.0	0.06589263	0.0
CACTGTCGTACGATTC-2	0.0	0.38409853	0.46960282	0.03753799	0.0	0.01570723	0.0
CTACCCAGTCCAATCA-2	0.27291554	0.28432631	0.24501699	0.11500082	0.0	0.032194823	0.021347156
AAAGTGAAGCAGGTCA-2	0.41804835	0.5236485	0.0	0.034365475	0.0	0.0	0.0
CTGCTCACAAGTCGTT-2	0.18285221	0.47169203	0.10803457	0.14218941	0.0061459322	0.0	0.0024659995
ACATCCCGTCCACACG-2	0.11949178	0.33092365	0.35535845	0.020896195	0.02603259	0.0	0.029173447
TCGATTTGTATTGCCA-2	0.35422385	0.09848007	0.42889318	0.015371599	0.047714666	0.016658865	0.0
GCCCAGAGTCGGTACC-2	0.34614703	0.18296479	0.15103367	0.0	0.013590043	0.02594051	0.0
GTGGGAACATGAGTAA-2	0.17620084	0.49488765	0.24388441	0.33440465	0.0	0.0853188	0.0
TATCTGTAGAGTCACG-2	0.36609262	0.25363266	0.35730982	0.0	0.007919062	0.0	0.074019566
CAGTTAGTCAAGTAAG-2	0.38872725	0.6307476	0.0	0.0	0.0	0.0	0.0
TCGGGCATCTTGAGCA-2	0.31189948	0.05046678	0.2948207	0.06803624	0.10296638	0.027953543	0.0027087068
CTTACCGGTCGTCATA-2	0.18933454	0.5656808	0.28390104	0.0	0.0	0.10885684	0.0
ATCTCTACACCAGACC-2	0.291852	0.62137574	0.0017389675	0.0	0.0	0.015540409	0.0
AGCTCAACATGATGCT-2	0.12140941	0.28520718	0.48231298	0.11131631	0.0	0.07586024	0.03579735
CACGAATAGTTCTACG-2	0.6756417	0.21779457	0.08382369	0.0	0.0	0.0404577	0.0
AAAGTCCAGATGTTCC-2	0.44825622	0.44619864	0.110568464	0.14501448	0.0	0.0	0.035916697
GAGTGTTGTCGGCTAC-2	0.23490855	0.5188784	0.061174758	0.30707455	0.0	0.046182606	0.023627976
ACGTTCCTCTACCTTA-2	0.13063125	0.2535452	0.069611624	0.14160638	0.0	0.0	0.014339622
AACCCAAGTAACATGA-2	0.46333387	0.3356013	0.18192752	0.0	0.0039273216	0.0	0.024484862
GCTTCACGTCGAACAG-2	0.70796096	0.37171513	0.0	0.0	0.0	0.0	0.0
CACACAATCAAAGGTA-2	0.080709346	0.1389422	0.37931097	0.21437773	0.006765044	0.051006872	0.017484257
TAAGTCGGTTTACGTG-2	0.20884983	0.80920684	0.10081937	0.0	0.005816022	0.08753138	0.0
GGGACAAAGTGAGCCA-2	0.3632547	0.432505	0.024433922	0.0	0.0	0.0	0.0
TGATTCTTCCGGGACT-2	0.2472987	0.35362017	0.095519684	0.0	0.016708082	0.0	0.20724219
AGACTCAAGTATTAGG-2	0.44802448	0.17384788	0.26302636	0.057340592	0.06583432	0.0	0.0
CATGCAAAGTTATGGA-2	1.3136239	0.0	0.0	0.0	0.0	0.0	0.0
GCGGATCTCCGTGTAA-2	0.030900087	0.31870922	0.38334578	0.13843192	0.020739704	0.016477007	0.0
GACCAATAGATAGTGT-2	0.18292443	0.48734656	0.16828625	0.1854645	0.0	0.11251113	0.0062403274
TATACCTAGGCATTTC-2	0.33593738	0.5325388	0.04145999	0.0	0.042113394	0.009380163	0.029046096
TCGAACACACATTGTG-2	0.06811214	0.5157411	0.2119893	0.13710053	0.0	0.0	0.0
TACATTCAGGAAACGA-2	0.2954293	0.7198565	0.002589481	0.08227933	0.0	0.0	0.0059245806
GTGAGCCTCCAGGACC-2	0.0	0.0	0.7838923	0.021370785	0.13691868	0.031109227	0.036329474
GAGTCTAGTGGCAGAT-2	1.1774119	0.0	0.07475929	0.0	0.0	0.0	0.06366939
TGGGAAGGTATCGGTT-2	0.08888728	0.0	0.14086418	0.0	0.0	0.0	0.884377
ATAGGCTGTGGAACAC-2	0.49068728	0.0	0.21737903	0.16245504	0.07117986	0.08256463	0.02195166
TCTCCGAAGCGGACAT-2	0.0	0.0	1.5295789	0.0	0.07725937	0.023252215	0.0
CCCTCTCGTGTCTTCC-2	0.41526324	0.47819567	0.049124394	0.0	0.060487743	0.0	0.006716934
ACGTAACGTAGATTAG-2	0.6645391	0.5938637	0.0	0.0	0.0	9.1869435e-05	0.024866816
TTCCTAAGTCACTACA-2	0.43799007	0.33458078	0.035895154	0.169674	0.0	0.0	0.04190666
CTACCTGGTACCTAAC-2	0.17548294	0.3361336	0.13478877	0.2730153	0.0	0.087082446	0.0
AGCCAGCTCCATACTT-2	0.46110454	0.54640317	0.091645174	0.0	0.0	0.0	0.0
CCTCTCCCAGCAGACA-2	0.7589057	0.14785513	0.0	0.0	0.07585142	0.0	0.0
AGACCATCACAACCGC-2	0.19844125	0.76157135	0.18687622	0.026502822	0.058273453	0.04866022	0.020951163
TCCCAGTCAGAGTTCT-2	0.60502803	0.30252016	0.0	0.0	0.0	0.0	0.0
CATCGTCGTCGAAGCA-2	0.06613604	0.41934296	0.3519509	0.14321135	0.00559407	0.009917063	0.026980001
AGAAGTAGTACGACAG-2	0.2313931	0.42160657	0.07432947	0.029685749	0.0	0.0	0.0026671875
TTGTGTTCAAGATCCT-2	0.556791	0.37815532	0.009019359	0.07834979	0.0	0.0	0.049220663
ATCCACCAGGCTTCCG-2	0.805683	0.5174762	0.0	0.0	0.0	0.0	0.0
GCGTTTCGTGGATCAG-2	0.13937168	0.07865043	0.5525379	0.067213535	0.20272708	0.0600169	0.0
TTCTTGACACCTGCTT-2	0.0067993524	0.7643382	0.098875254	0.07983166	0.0	0.056778975	0.0029212045
GCAACCGAGTCTGCGC-2	0.23726757	0.30365828	0.318625	0.07065402	0.0	0.032077197	0.01348636
GAAGGACGTAGCTGTT-2	0.59181845	0.0	0.1651095	0.42137164	0.015153432	0.0	0.025838213
TTGTGTTCAAGCGCAA-2	0.23092838	0.5977162	0.030847082	0.12411284	0.0	0.0	0.010244877
GATAGAATCTTCCCGA-2	0.14262852	0.5486292	0.1803576	0.0779192	0.014729575	0.0	0.0025206585
TATATCCTCCTTATGT-2	0.14688307	0.5482828	0.16884577	0.017774448	0.0	0.037585024	0.0
AGGTAGGAGCGACCCT-2	0.40743458	0.47760662	0.17274015	0.0	0.030961098	0.07261304	0.0
GCATTAGAGGAAAGGT-2	0.0	0.88087314	0.20063776	0.11140795	0.0	0.0	0.0015209218
AGACCATTCCCGTTCA-2	0.063365184	0.0	0.99969894	0.15508811	0.0	0.12533043	0.0
TCAGGTACAAAGGCGT-2	0.07272632	0.380002	0.4149957	0.030799542	0.0	0.0	0.0
CACTGGGAGAAGCCTG-2	0.66411805	0.28992683	0.0	0.0	0.0	0.0	0.0015249142
TAGCACAGTAGTCACT-2	0.0	0.044657737	0.73033375	0.07530957	0.0	0.16159943	0.0
TTTGACTAGGAGGCAG-2	0.14380509	0.67471427	0.31384397	0.083005615	0.0	0.06814972	0.020926164
CTCCATGCACGTCATA-2	0.82391375	0.3908756	0.06449908	0.0	0.0	0.0	0.0
ACTGTGACATGAATAG-2	0.0	0.65670115	0.13510773	0.22019775	0.0	0.0064875465	0.008769569
CAGCCAGCATCCGTTC-2	0.10780437	0.3799485	0.2868485	0.19781433	0.01446316	0.0	0.0
GGGTAGATCGTGTGGC-2	0.0	0.0	0.75946844	0.27605328	0.17413345	0.14024308	0.0
GGGACCTAGGTACCTT-2	0.59912574	0.15670389	0.023609992	0.052159242	0.0	0.0	0.0
ACACTGAAGTGTAGAT-2	0.22337078	0.41898862	0.48157	0.038630284	0.0	0.028413685	0.008052709
GTGACGCCATACTTTC-2	0.28186628	0.17799276	0.082555346	0.31788304	0.0	0.0	0.0051798304
TGGAGGACAAAGTGTA-2	0.033275004	0.0	0.86923903	0.24699654	0.15539588	0.14519474	0.0
TCATTACCACGACGTC-2	0.3542131	0.21605714	0.22994035	0.0	0.02903347	0.018580195	0.0
TTCATGTGTGTGCCTG-2	0.0	0.1187594	1.3249803	0.0	0.0	0.0	0.07050779
GTGCAGCAGGCTAGCA-2	0.1289972	0.57466525	0.10996001	0.22052586	0.0	0.023934528	0.0
GGGAAGTAGCCTATTG-2	0.03088674	0.07521707	0.72935057	0.0	0.0	0.09238469	0.0
CTTTCAATCTGTCTCG-2	0.29875666	0.5171322	0.07107124	0.042786006	0.015086769	0.0073513296	0.012013825
GAACTGTTCCAGCCTT-2	0.0494465	0.62262166	0.10035364	0.06087923	0.0	0.085182354	0.0
AGTGTTGTCGGCCTTT-2	0.32543555	0.3538074	0.08081398	0.17879269	0.0	0.0	0.025673712
CAGCCAGGTACCATAC-2	0.36429298	0.5982138	0.08212075	0.03925277	0.0	0.0046276255	0.017701974
ACACGCGAGAGAGCAA-2	0.42974937	0.58532804	0.0	0.022099812	0.0	0.0	0.035072807
CAACAACTCGATCCCT-2	0.2298668	0.34925193	0.14604709	0.17233583	0.0	0.0	0.0083227195
CATCCACTCGTGCTCT-2	0.043021824	0.3463793	0.065871485	0.56809074	0.0	0.057505313	0.0
TTTCATGCAGCGTGAA-2	0.5321703	0.17733409	0.055854212	0.05563542	0.029515116	0.0	0.0
AGAACCTAGTGTTCAC-2	0.5677429	0.21773224	0.21040249	0.0	0.052891962	0.03500716	0.029942766
GACGCTGGTTCTATCT-2	0.20271938	0.3336584	0.23580372	0.1053613	0.013766257	0.0	0.0
AGGAATATCCGGTAAT-2	0.38868585	0.30076456	0.075267345	0.11731634	0.0	0.0	0.0
ACTCCCATCCGCACGA-2	0.078477666	0.658631	0.18421187	0.0	0.0	0.0	0.008042099
TATTGGGCATGGACAG-2	0.08162649	0.31400442	0.35296154	0.13908784	0.0	0.029463962	0.0
TGTTACTCAACAAGAT-2	0.16007087	0.7321177	0.0	0.0	0.0	0.021995896	0.0044060033
CAATTTCTCGAGTGGA-2	0.0	1.214918	0.0	0.0	0.0	0.0	0.029339189
CATCCGTAGTCATGAA-2	0.29804248	0.42825374	0.09112649	0.0050607454	0.0032824837	0.024349444	0.0
ACCACAATCGCTGCGA-2	0.32251787	0.5318898	0.0	0.0	0.0	0.015285698	0.0069087525
CGTTCTGAGCTATCCA-2	0.38087037	0.44053206	0.10881671	0.01962212	0.0	0.05003384	0.01952435
TTCTCTCGTACTTGTG-2	0.39183936	0.6415398	0.0	0.0	0.0	0.0	0.008664913
TTCTCTCAGTCGAGGT-2	0.43323484	0.30530155	0.12267283	0.21140252	0.023524754	0.0	0.018812647
AAAGGGCTCCCTTCCC-2	0.88103604	0.13953993	0.02708494	0.0	0.03704627	0.0	0.022247208
AGCGATTCATGACTGT-2	0.33254445	0.13626033	0.11608029	0.119277805	0.0	0.0	0.0
ACCCTCATCTCGGCTT-2	0.27002928	0.39459768	0.09769176	0.0	0.021866135	0.0	0.027694518
CTCAAGAGTACCGGCT-2	0.4742426	0.6526931	0.09158218	0.11478865	0.0	0.04174453	0.017005233
AAGAACATCACGGTCG-2	0.3755717	0.17887414	0.23022579	0.14000265	0.0	0.016757913	0.027541172
TCGATTTAGACCGCCT-2	0.10733382	0.73301846	0.100771084	0.04920637	0.0	0.0	0.025018346
CTCACTGAGCTTACGT-2	0.2701046	0.5144268	0.061420348	0.0	0.0	0.0	0.015656518
TTCATTGCATGACAAA-2	0.2567464	0.16711776	0.34129158	0.07411639	0.0	0.0	0.0
GACGCTGTCATAGGCT-2	0.06933729	0.79704106	0.17532243	0.07099386	0.0	0.0	0.01723495
GTAGAGGTCGACGATT-2	0.055286575	0.5608979	0.4617376	0.009134636	0.0043337992	0.06990029	0.029045425
ATCGGCGGTCCATACA-2	0.8514048	0.07257424	0.0701713	0.034268353	0.0	0.0	0.0
GGGTCTGGTTGTAAAG-2	0.4690956	0.24311702	0.10534272	0.12539646	0.0	0.010409575	0.0
ATCCATTCAGGACGAT-2	0.13326195	0.7846764	0.050557744	0.083303176	0.012725867	0.0	0.03333291
GACTATGGTACCCACG-2	0.22743277	0.7167847	0.005966871	0.0021003443	0.0	0.0	0.0017673096
TCATGCCGTCTACAGT-2	0.56435853	0.5287502	0.05879498	0.0	0.01582981	0.03815494	0.030814396
GGAATGGAGCCTCAAT-2	0.31317052	0.29066908	0.0	0.30794495	0.0	0.0	0.018783862
CGTGCTTTCTGGGCAC-2	0.37250704	0.10763981	0.15569691	0.010384639	0.0	0.007888624	0.0016138748
GACACGCTCTGGGTCG-2	0.17551339	0.5295799	0.29066044	0.0	0.011691608	0.1165945	0.0
ACTGATGCAAGCGCTC-2	0.32910267	0.30772743	0.046482448	0.012602075	0.039263763	0.0	0.0
CGAAGGACATAGGTTC-2	0.8500933	0.2657756	0.0046614907	0.0	0.005567817	0.0	0.010368002
GTGGTTAGTCTTCATT-2	0.0	0.072384	0.88618237	0.013906555	0.03341933	0.13242227	0.0
CCTTCAGAGATCGCCC-2	0.3301222	0.34473744	0.27890137	0.01773124	0.053920787	0.013199716	0.025343312
TTACCGCAGATTTGCC-2	0.54539603	0.456653	0.041690964	0.0	0.0	0.0	0.0
GTTCGCTGTCGCGTTG-2	0.03607945	0.38593796	0.31676626	0.023383452	0.0	0.09182394	0.0
ATGGTTGGTCCTGGTG-2	0.3313513	0.8021318	0.029996958	0.0	0.0	0.0049913144	0.04817539
ACACAGTCACCTGAAT-2	0.25635678	0.37216333	0.33152574	0.15560913	0.05542915	0.15546083	0.030206759
CATTTCACAGGTTCGC-2	0.6759313	0.20711038	0.086737566	0.07472465	0.022211878	0.0	0.013471419
AGCATCATCAACACGT-2	0.19777553	0.0	0.19527139	0.17881955	0.0	0.0	0.57359326
GTCTACCTCCATTGTT-2	0.2219156	0.26127294	0.2984353	0.0	0.0	0.0	0.010192714
GAGCCTGTCGGAACTT-2	0.44857848	0.398505	0.05418057	0.032448564	0.0	0.055911608	0.0
CACTTCGGTTTGACAC-2	0.22267371	0.1869739	0.5082782	0.09875874	0.05905465	0.022925448	0.007883386
CCATCACGTTACGTAC-2	0.44125333	0.5530991	0.0	0.0	0.0	0.0	0.0
AAACGCTTCCATCTAT-2	0.018307997	0.9147278	0.042565223	0.0	0.026444025	0.0	0.0
CATCGGGCAACTTGCA-2	0.66515076	0.4421074	0.09365112	0.0	0.03345371	0.0	0.02897318
TGCAGTAAGGATTTGA-2	0.257345	0.5738532	0.12491699	0.06813347	0.009150191	0.06917601	0.01200005
AGGCATTGTCCTATAG-2	0.033922944	0.71441853	0.29251942	0.09250069	0.0063130045	0.0	0.023920413
TTCGGTCCACTTGTGA-2	0.5101253	0.3866602	0.038848825	0.0	0.003390578	0.040712066	0.0
AGTTAGCCACGTTGGC-2	0.08369559	0.778195	0.17701131	0.033779804	0.0	0.03195578	0.0
GAGTTGTGTGATAGAT-2	0.616135	0.19848125	0.3183863	0.0	0.0	0.0	0.019146383
TTACCATTCCTTCTAA-2	0.5908585	0.20272648	0.07209788	0.0	0.0	0.0021303128	0.010009823
TTCTTCCTCAATCTTC-2	0.23310995	0.24850409	0.060891397	0.25419617	0.0	0.023740865	0.0
CTCAATTCACTGTGAT-2	0.2556044	0.84260106	0.0024747637	0.0	0.0	0.0	0.013236638
GCGGATCAGAGTCTGG-2	0.3148511	0.045369677	0.44315088	0.0066105006	0.30552706	0.111797616	0.018423636
TTTACGTTCTTGGGCG-2	0.0	0.58679163	0.19628671	0.084107816	0.0	0.0	0.0036176546
GGGTAGAGTGTCACAT-2	0.24870111	0.60481775	0.054237712	0.036002394	0.0	0.0	5.3346266e-05
ATCGTAGGTGCTGCAC-2	0.45905718	0.33329862	0.14300866	0.07452687	0.0	0.0	0.020499004
AAGACAAAGGAGGTTC-2	0.36865097	0.4836086	0.14928986	0.08519579	0.0	0.08009759	0.026324034
GCCTGTTTCACCACAA-2	0.022943445	0.0	0.0	0.0	0.0	0.0	0.98929983
AGACAAATCTTCTCAA-2	0.110350765	0.5680473	0.30195156	0.0	0.0	0.1025258	0.02024426
AATTCCTAGAGGTTTA-2	0.7907261	0.38513622	0.0	0.0	0.036698475	0.0	0.027342062
CACCGTTCATCAACCA-2	0.27790853	0.53931046	0.23113325	0.0	0.005520139	0.0	0.13554189
TGCACGGCATGAGAAT-2	0.20300142	0.75444967	0.02283755	0.0	0.0	0.0020247083	0.0
AGGTCATGTGATAGAT-2	0.4097419	0.21283574	0.3251582	0.12161424	0.0	0.0	0.018662356
CAGCGTGAGAATCCCT-2	0.0	0.5713558	0.19776018	0.14509538	0.0	0.0	0.0
TGATGCATCCCTTTGG-2	0.37938192	0.14768606	0.10729539	0.045375474	0.0	0.0	0.001956924
GGGACTCCATGAGAAT-2	0.7082896	0.21695404	0.14755097	1.9852809e-05	0.0042187707	0.0	0.0
TTCTTGAAGGGTTTCT-2	0.3429686	0.12851568	0.3778784	0.048003204	0.0	0.01406751	0.0054372647
CTGAGCGTCCTTGACC-2	0.41601282	0.3321945	0.019925358	0.0	0.0	0.0	0.0
TGAGACTTCCACCTGT-2	0.2521444	0.008165144	0.15638047	0.40552694	0.0	0.0	0.0
ACATTTCGTAGGAGTC-2	0.44913432	0.0	0.30093148	0.1718687	0.041286323	0.0	0.09856591
CTACATTTCCTCACGT-2	0.52499115	0.32782745	0.0007360662	0.0	0.0	0.0	0.0
TGGGTTAAGGGCCCTT-2	0.071859606	0.5442059	0.1388248	0.0	0.0	0.12890331	0.07973901
TTCCACGAGCTCACTA-2	0.5026147	0.49497217	0.089583516	0.0	0.0	0.0	0.0
ACTACGACACGTTCGG-2	0.66562253	0.025645118	0.05424664	0.11520935	0.013564885	0.008556482	0.057387155
CAGATACCATTGAGGG-2	0.4267809	0.17736186	3.6946112e-05	0.213446	0.0	0.0	0.0071667354
GTTAGACCATAGAGGC-2	0.3222587	0.5679502	0.015522292	0.0778999	0.0	0.0	0.0050393925
GTGCAGCCATACAGGG-2	0.5631689	0.0150459455	0.2790257	0.07744059	0.05572784	0.0039503276	0.022175435
TGACCCTCAATAAGGT-2	0.0	0.7515488	0.4498112	0.015782597	0.0	0.07722611	0.0074322238
TCACGCTTCTACCCAC-2	0.56010914	0.50124174	0.14283998	0.0	0.079122484	0.0	0.06512849
CCGAACGTCAAGAGGC-2	0.06664303	0.471979	0.106098175	0.04644193	0.0	0.0	0.0
CATCCGTAGCGGGTTA-2	0.5887674	0.46336526	0.20739557	0.0	0.054583997	0.021136006	0.07153217
GACGCTGTCAACCGAT-2	0.9449233	0.2656528	0.0	0.0	0.0	0.0	0.0069701844
TAGACCATCCGTGACG-2	0.0	0.05656506	0.07468775	0.0	0.013550038	0.0	0.9275208
ATCCGTCGTGCTTCAA-2	0.6294661	0.0060817017	0.12637758	0.09575373	0.0	0.06212721	0.030863626
AATGGCTGTTCAGCGC-2	0.044784736	0.63408285	0.082408056	0.03207661	0.0	0.0	0.0
CTCAACCGTGAGACGT-2	0.4616143	0.12703061	0.21042438	0.019371124	0.0	0.0073115253	0.0
CCGATGGGTCCCAAAT-2	0.34398615	0.25127608	0.2765894	0.25179124	0.0	0.029003529	0.028201753
ATTCCCGTCCGATAAC-2	0.06572417	0.56589997	0.19757341	0.03703567	0.0	0.030193513	0.011897617
CCACAAAAGTTGTAAG-2	0.2220425	0.0	0.6007312	0.058729574	0.007947585	0.18343128	0.0
CAGGCCAAGGTTGTTC-2	0.42865485	0.637602	0.0	0.0	0.0	0.0	0.0
CGTAGTATCTGAATCG-2	0.5388311	0.0	0.18452244	0.2226166	0.045375593	0.0	0.0
CCACACTGTATGAGCG-2	0.2216057	0.7143213	0.06549445	0.0	0.015252596	0.030483129	0.0
AGAAGTATCTGAGAGG-2	0.24011336	0.5290078	0.28679013	0.049376097	0.05399082	0.057416927	0.014620135
GAGGGATAGTTACGGG-2	0.66473	0.39001697	0.09365367	0.0	0.0	0.0	0.0422427
GGGTCACGTGAGATCG-2	0.15018225	0.39198902	0.24780263	0.03969663	0.008901348	0.0075045642	0.0
GTGTAACAGTGGTGGT-2	0.45969638	0.15028591	0.4015639	0.00087804056	0.0064712325	0.0	0.078469135
GAGACTTCATGCCGGT-2	0.054327894	0.6406176	0.06666057	0.06269	0.0	0.0	0.004421527
ACACGCGTCTGTACAG-2	0.05790149	0.6429489	0.12934078	0.11037004	0.0019263462	0.0046377676	0.03471685
ACCGTTCGTCAGGTAG-2	0.25801632	0.36720288	0.13115056	0.13059404	0.0	0.048234366	0.0023250694
AGGTCATCATACTTTC-2	0.5422152	0.32037786	0.10915896	0.049036138	0.0	0.09432981	0.0
AGACCATGTATCGAAA-2	0.27037552	0.6159686	0.0793396	0.038443252	0.0	0.0	0.006879636
GCATCGGTCATACGAC-2	0.3644892	0.2390511	0.29127795	0.124940455	0.09514937	0.022826638	0.0
TCTACATGTTCTCCTG-2	0.44536817	0.37960348	0.2054463	0.024941202	0.0052935462	0.0	0.0
ACCTGAATCAAGTTGC-2	0.5795941	0.24543072	0.19421004	0.028353821	0.0	0.0	0.010932997
CATCGGGAGGGTTGCA-2	0.18093511	0.69545805	0.15536593	0.016246108	0.0	0.0	0.0139204515
ACCTGAATCTTACGTT-2	0.8024746	0.23034479	0.0	0.04977878	0.0	0.0	0.0
CCTCTAGAGATGTTCC-2	0.0	0.4469476	0.7125561	0.0	0.00748329	0.0	0.005449629
CGTTAGAGTAGCTGAG-2	0.0	0.0	0.706676	0.17276515	0.0	0.06670367	0.0
GTAGAGGGTTATTCCT-2	0.52391994	0.3180249	0.24260667	0.0	0.0062203975	0.09726051	0.0
ACTTTCATCGCGATCG-2	0.23707587	0.6939111	0.009239777	0.008099489	0.0	0.0	0.0073839165
TCACAAGGTGATAGTA-2	0.12035705	0.57750016	0.073750295	0.42220634	0.0	0.0	0.03138558
TGCATGAGTATGGGAC-2	0.47793323	0.47430307	0.0	0.0	0.09349122	0.0	0.0017325355
GCCCAGAAGTGTTCCA-2	0.5259353	0.36622635	0.07126559	0.0	0.0	0.0	0.0
CCCTGATGTACTCAAC-2	0.5549245	0.22659655	0.31029895	0.0	0.0	0.0	0.020164631
TGCAGTAAGCAGCACA-2	0.14497279	0.30685228	0.1606946	0.31664583	0.0	0.0	0.031505655
TTAGGGTCAGAACTCT-2	0.3440878	0.44378227	0.055940084	0.0	0.0	0.0	0.017715923
TCCACCAAGGATATAC-2	0.08096638	0.59828854	0.0839852	0.022253387	0.0066532968	0.0	0.0
CAACCAATCGATTGGT-2	0.35319752	0.23634481	0.33856326	0.1363618	0.0	0.07476304	0.008894705
CAGGGCTAGTCTAGAA-2	0.0	0.3972749	0.6568699	0.0	0.0	0.0	0.0
CGAGGAAGTTCTCTAT-2	0.5050186	0.3500855	0.31485608	0.0	0.0047156317	0.029075833	0.0
GCAACATAGTACAACA-2	0.0	0.0	0.9086146	0.0	0.0	0.03238599	0.0
GTCCTCATCGCACGAC-2	0.1306527	0.5891224	0.029426573	0.0	0.021457385	0.0	0.0046802643
GGGTTTAAGAAGGATG-2	0.008495014	0.15369414	0.61746246	0.021263486	0.03448738	0.012223826	0.011182674
GACATCACAGCTTCGG-2	0.2379187	0.2733976	0.39861482	0.056048915	0.031464588	0.0	0.0
TAAGCACAGAGGCTGT-2	0.089396216	0.46449855	0.23348114	0.0014636951	0.049750358	0.044135038	0.0
AACTTCTAGCCGGAAT-2	0.42689046	0.20978487	0.19111587	0.114796095	0.032551497	0.014815351	0.038067065
ACAGAAAGTCACTGAT-2	0.15471202	0.061805353	0.46993238	0.3198187	0.0	0.0	0.016222572
CGAGGAAAGTTACGAA-2	0.45677513	0.39340428	0.021125987	0.0	0.0	0.02512064	0.0
GGAGATGGTCGTCTCT-2	0.07867691	0.73751295	0.10045944	0.0	0.013295594	0.0	0.0026232798
ACGTACACAGGAATAT-2	0.45393246	0.53610414	0.0	0.06876705	0.0	0.039311774	0.0
CTGGACGGTCGCGTCA-2	0.38193482	0.66850424	0.121940956	0.0	0.0	0.06932752	0.070182934
GTCAAACCAAGGTCGA-2	0.2889049	0.54325485	0.13975734	0.0	0.0	0.027190229	0.0
TGGCGTGTCTCTCAAT-2	0.057749838	0.12765262	0.8795975	0.0	0.06976543	0.0	0.04365292
TAAGCACAGCATGGGT-2	0.42509022	0.48441324	0.06453599	0.048695605	0.09542864	0.046703096	0.0
CTTTCAAAGTTCCATG-2	0.07078215	0.1884576	0.2903899	0.41552946	0.002971074	0.0	0.0
AGGATCTAGCGACATG-2	0.033472624	0.6679637	0.2622428	0.12627783	0.03777876	0.16255097	0.0048053954
AACGTCAAGGTCCCTG-2	0.26058272	0.48446217	0.1751667	0.0069550234	0.030691834	0.0	0.07130927
CTGCCATTCCTCACTG-2	0.21246384	0.525716	0.1918998	0.0	0.0	0.051665373	0.0
GTGCTGGAGATGTTAG-2	0.4389597	0.5831155	0.008722035	0.0	0.0	0.043052897	0.026831565
ATCTTCAGTTCGCGTG-2	0.5690801	0.54715747	0.0	0.022751853	0.019374853	0.005842828	0.0
TGCTCCATCGGATAAA-2	0.42133328	0.17750202	0.2376981	0.013623939	0.0	0.0	0.028289644
AAGTTCGCACTTGAAC-2	1.3593627	0.0	0.0	0.0	0.0	0.0	0.02489747
CACAGATGTAGACACG-2	0.48342896	0.35678014	0.0	0.0	0.0	0.0	0.0
AAGGAATTCAGAACCT-2	0.17896181	0.7257909	0.15444742	0.0	0.03615474	0.014501273	0.01466321
CATCGCTGTTGGGATG-2	0.26817715	0.5341272	0.19799693	0.0	0.045479897	0.01925029	0.0
TTACGCCTCCACTTTA-2	0.19967426	0.05612117	0.65654236	0.10473108	0.0	0.1216093	0.0
GAGTTGTCACTTTATC-2	0.1895924	0.27593797	0.49363434	0.0	0.0	0.0	0.009725453
TGACGCGTCGAGCCTG-2	0.011584649	0.37755257	0.25324827	0.3699311	0.02473132	0.04674038	0.053057756
TTTATGCGTGATGTAA-2	0.5574171	0.06710787	0.16055305	0.118256375	0.0	0.0	0.059090737
TCAGCCTTCCACATAG-2	0.45331207	0.28799462	0.12373953	0.0	0.0	0.003996145	0.0
TTAGGGTAGGTAAGGA-2	0.050715152	0.0	1.166759	0.017168907	0.015673941	0.0	0.0033549897
ACCACAAGTTGCTGAT-2	0.2056893	0.06268002	0.26819408	0.41101736	0.0	0.03512711	0.0031536543
TCAGTGAGTGTAGGAC-2	0.24425119	0.8308198	0.08196512	0.0	0.0	0.0022705426	0.015012927
GCTTTCGGTGCAATAA-2	0.22061798	0.3809192	0.11618733	0.3450287	0.0	0.0	0.016344588
GTACAACCATCTGCGG-2	0.4364045	0.41520175	0.22496253	0.0	0.0218434	0.0060668197	0.06846327
GAAGCCCAGGCATCGA-2	0.2399483	0.26497653	0.31119582	0.06673421	0.03156761	0.0	0.0
GTCGAATCATCGTCCT-2	0.10033605	0.08517309	0.19209535	0.357512	0.0	0.0	0.0050600995
GTCGCGAAGAAGTCTA-2	0.38267896	0.10134768	0.4015711	0.2193797	0.008993204	0.0	0.061976798
AGGCATTAGTTCCTGA-2	0.19316174	0.337585	0.14746243	0.2496069	0.0	0.0	0.0
TAGGTTGGTCCTGTCT-2	0.30639485	0.29096335	0.31357783	0.117425084	0.009021571	0.020923017	0.0
TGTGTGACATTCCTCG-2	0.0	0.6021341	0.23943727	0.134487	0.0	0.0	0.0
GGGTTATAGGCTGTAG-2	0.035588678	0.22097611	0.4582796	0.2126589	0.08845523	0.12767524	0.0070514726
TTAGGGTCAAGCAATA-2	0.016048273	0.5210033	0.2185647	0.07107447	0.0	0.023116002	0.0061749476
GGTTCTCCATACCATG-2	0.25346333	0.026024172	0.41061917	0.083148584	0.026412414	0.005834101	0.0
TAATCTCCACCAGCTG-2	0.22146581	0.09243012	0.2214266	0.033227913	0.0	0.0014349559	0.0
CATAGACCATACGCAT-2	0.08530018	0.52908367	0.28912568	0.08801199	0.0	0.07084691	0.0
TGCAGATCATCCGCGA-2	0.03575991	0.7846647	0.21607822	0.09950894	0.0	0.0	0.0044644265
TCTATCACAATCTCTT-2	0.21503487	0.3873639	0.59161747	0.053271994	0.0	0.1384212	0.0
CTCAGTCAGACTGAGC-2	0.16496047	0.33946425	0.3660287	0.032327205	0.0113087045	0.0	0.0027276387
TCCTCCCGTCGAGTTT-2	0.12373488	0.268818	0.13914558	0.041516013	0.07361541	0.0	0.083940536
AGATAGAGTCGCCTAG-2	0.08754207	0.6048211	0.15029548	0.12608369	0.0	0.0	0.009793521
CGTCCATAGGCGTTGA-2	0.047334723	0.85476685	0.11155393	0.034086306	0.0	0.018502183	0.0035556813
GTCATTTTCAACTACG-2	0.36016768	0.42128944	0.2563065	0.15452418	0.0	0.036663804	0.00716829
ACTCTCGAGATCACCT-2	0.46021384	0.22100985	0.19174454	0.0	0.017335957	0.0	0.0
ACAACCATCTACTGAG-2	0.21891324	0.5137597	0.16561307	0.002865394	0.015819928	0.06385526	0.0
CGCGTGACATGGAAGC-2	0.3855753	0.2983666	0.18098928	0.036263883	0.03842209	0.014724771	0.008842788
CATCGTCTCCTCGCAT-2	0.0	0.12835103	0.8616692	0.062372737	0.0062233824	0.0	0.0
TCCCACATCTCTCGCA-2	0.23220259	0.3814717	0.31936786	0.09368853	0.0	0.10461847	0.033493582
AGGACGAGTTAAGTCC-2	0.5034546	0.5403606	0.05796133	0.08038395	0.0015897498	0.030543294	0.0014348951
GGTCTGGCATCCCGTT-2	0.14780334	0.26592147	0.09838604	0.26589155	0.0	0.0	0.0051659006
ACCATTTTCGCCAACG-2	0.40702647	0.41112852	0.20294517	0.0	0.0	0.13293782	0.01262916
TTCATGTAGTAACCGG-2	0.8891934	0.25943953	0.061983567	0.0	0.0	0.0	0.01677276
TATCTTGAGGCCTGAA-2	0.22942281	0.43793988	0.1524786	0.010178218	0.00032077596	0.0	0.0012873715
TAACCAGTCGTTGCCT-2	1.2511035	0.0	0.051167067	0.0	0.0	0.0	0.0
CGAGTGCTCTGGGAGA-2	1.3127868	0.0	0.0	0.0	0.005338302	0.0	0.0
AGGTGTTAGTCCCAAT-2	0.23884584	0.0	0.44919252	0.12850729	0.107228495	0.069650136	0.0
TTAGTCTTCACCTTAT-2	0.0	0.0	1.0330906	0.0	0.048997853	0.07688943	0.0
ACTACGATCGGACCAC-2	0.47887784	0.6128412	0.02848665	0.07361694	0.0	0.0	0.0
TAGCACAGTAGATTAG-2	0.13825043	0.39848757	0.07305956	0.46272507	0.0	0.0	0.013371153
GAAATGACAGGCCTGT-2	0.33079803	0.40943888	0.079803206	0.21431743	0.0	0.0	0.036509104
ACCTGTCTCCTGATAG-2	0.33042353	0.37312302	0.049953494	0.0	0.010378827	0.012494053	0.0
CGCGTGAAGCGCGTTC-2	0.24041332	0.34563962	0.30064052	0.056340892	0.0	0.0030356993	0.012769745
CTAACTTTCTGGGATT-2	0.42307147	0.14267369	0.25162858	0.06598928	0.0	0.046886474	0.0
GTCTGTCGTCTGATCA-2	0.0	0.70944744	0.4013261	0.07899881	0.0	0.06590108	0.0
TCTACATTCTTCACAT-2	0.051552277	0.7689813	0.051136628	0.07276388	0.0	0.0	0.013535559
CCTATCGGTTGGACTT-2	0.4303667	0.0	0.1560808	0.0020410717	0.033225928	0.008667983	0.0
CGTCCATCAGACCCGT-2	0.2147674	0.23925395	0.325814	0.16466254	0.0	0.0	0.010920538
TGGGAAGCAAGTTCCA-2	0.0	0.34053847	0.50347525	0.14942749	0.0	0.10531619	0.0
TGTCCTGCAACAGAGC-2	0.390696	0.28915662	0.02191208	0.0	0.023824716	0.0	0.0
TCATGAGCAGCTTCCT-2	0.35987684	0.331232	0.03846044	0.0	0.0	0.0	0.0
GAGACCCTCTGCGGAC-2	0.3306677	0.35207906	0.059810285	0.048994493	0.014068922	0.0	0.0
TCGCACTGTCTACTGA-2	0.0	0.07994645	0.72305757	0.18485767	0.13382122	0.0	0.016169995
TGCTCGTTCATGGCCG-2	0.10075002	0.56121296	0.3014714	0.04231552	0.012290643	0.0	0.0
AATCGACCATAAGATG-2	0.15312006	0.4841131	0.22225922	0.08442098	0.010118201	0.0	0.020838028
GTGCTGGGTCCGCAGT-2	0.0	0.20024492	0.42292884	0.15434633	0.0	0.028967952	0.0
AACAGGGCACTGCTTC-2	0.38109037	0.5300721	0.052301854	0.0	0.013685296	0.0	0.0
CATTTCACAAATGGCG-2	0.23102735	0.27061233	0.09832832	0.08121127	0.027328378	0.04100946	0.0
GACCCTTCAGCAGAAC-2	0.26652226	0.29051074	0.14481026	0.07928871	0.0	0.0	0.077333115
ATGTCCCCAACCCTAA-2	0.16568367	0.59174806	0.22089893	0.008897571	0.0	0.040226534	0.02692039
CATCGGGAGCTACTGT-2	0.0	0.21617591	0.72611547	0.05455014	0.0	0.012985936	0.0
CAACGGCCACGCGTCA-2	0.31238133	0.46662107	0.0076623373	0.0	0.0	0.0	0.01889825
AGGTTGTAGCAACCAG-2	0.41615605	0.30069166	0.20722632	0.0	0.0	0.0	0.056514915
TCAAGACAGAAACCCG-2	0.0	0.8293889	0.1889368	0.14628552	0.0	0.0	0.0
GTGTTAGCAGAGAGGG-2	0.2774215	0.42067873	0.111779355	0.07777712	0.00912445	0.0	0.0065836147
GTCGAATCAGTAACGG-2	0.32584035	0.08295356	0.21423459	0.06941704	0.013251859	0.11041761	0.03237578
GAGTGTTCAGCTTTCC-2	0.050372094	0.16337463	0.7060681	0.04145791	0.11743321	0.0	0.02836051
CACTTCGCATAATGAG-2	0.5342013	0.47826555	0.0	0.0	0.0	0.0	0.01091984
CTGAATGAGCTCTGTA-2	0.045178767	0.5476195	0.5323974	0.0	0.030972304	0.008188726	0.0
TTCAGGAGTACGGCAA-2	0.037278358	0.3928063	0.45479843	0.10516127	0.0	0.10123936	0.0
GCCAGGTTCCCTCATG-2	0.005172601	0.30476624	0.418704	0.0029959774	0.009054126	0.0	0.0
GTGCGTGGTTACTCAG-2	0.21822228	0.2794708	0.10143812	0.09105256	0.0	0.0	0.0075625144
GCATCGGCAAATCAGA-2	0.43175396	0.0	0.39373338	0.1468391	0.0	0.05496566	0.0
GGAATCTTCGCCTTGT-2	0.049878806	0.0	0.8775106	0.14856292	0.0728894	0.109500326	0.094672576
GCACTAAAGGTATCTC-2	0.09293144	0.6630835	0.10752537	0.009752324	0.0	0.0	0.012161081
AGGACTTAGTAACCTC-2	0.48029795	0.5157146	0.062090036	0.03863125	0.010320067	0.0	0.012925561
TCCACGTAGATTGGGC-2	0.2165607	0.07903546	0.5531644	0.20703225	0.0	0.07177407	0.002913162
TTTATGCTCGATGCTA-2	0.17759904	0.36514968	0.34475246	0.26636335	0.0	0.0	0.042889237
AGCGTATCACATGTTG-2	0.08146519	0.0	0.7533809	0.04240539	0.15231301	0.18876462	0.0
AACAAAGTCGTTCTCG-2	0.081119314	0.39538312	0.11203407	0.21623057	0.0134871565	0.01954011	0.02499528
CCTGTTGTCCTAGCCT-2	0.30434483	0.383324	0.0706492	0.0	0.0	0.0	0.0
CACAACAAGAGGCCAT-2	0.053101495	0.0	1.0238227	0.0	0.05198447	0.0	0.03204352
ATTCCTAGTTTCTATC-2	0.15741174	1.0082029	0.04337145	0.0	0.0	0.0	0.0
TCATCATAGCAATAAC-2	0.0	0.0	0.6790672	0.0	0.4977157	0.0	0.0
TCGAACAGTAGAATGT-2	0.22649582	0.3510167	0.12049255	0.26390174	0.0	0.0	0.008933661
GGTGTTACATCCGATA-2	0.2357184	0.0	0.61761796	0.20580715	0.0	0.0	0.0
CGTCCATCATCATTGG-2	0.052302368	0.13026218	0.4047702	0.19102593	0.0	0.20119789	0.0
TGCATCCGTGATTGGG-2	0.02492212	0.0	0.6263408	0.26513547	0.083257325	0.022750659	0.016409187
TACAGGTAGGTCTACT-2	0.075998455	0.5525905	0.16159096	0.24028556	0.0	0.0	0.007630985
ATCGATGTCTCGTTTA-2	0.2771055	0.70716625	0.0061911866	0.0	0.0	0.0	0.0
ATGATCGTCGTCTCAC-2	0.2233511	0.33871135	0.1957853	0.19438484	0.0	0.09476041	0.003223725
GTAATCGAGCAACAAT-2	0.16600999	0.12465721	0.21458238	0.07762623	0.0	0.0	0.0
AGGGTGAAGCCAAGTG-2	0.0	0.24133712	0.6422106	0.12279687	0.0	0.030252969	0.0
TGGTGATTCTGAGGCC-2	0.21609579	0.40011853	0.36605412	0.0	0.0	0.0	0.0042157923
TTCAGGACATCAGCTA-2	0.26137125	0.60952646	0.3443975	0.0	0.0	0.0	0.0032314977
GATCCCTGTTGGTAGG-2	0.5629638	0.45966157	0.013599898	0.01018939	0.0	0.010507684	0.03918934
GCAGTTAGTAATGCTC-2	0.057375383	0.0	0.7630118	0.0	0.12319257	0.0	0.0
GTCTACCCAACTTGCA-2	0.18276745	0.34747827	0.059539035	0.250486	0.0	0.0	0.035053633
GTTAGTGCAGCACCCA-2	0.0	0.5993692	0.54113275	0.2110393	0.0	0.03773351	0.0
ACTTTCACACGCAGTC-2	0.10454259	0.6217556	0.32651344	0.0	0.0	0.016151113	0.014565361
CGTGTCTCAAGACCGA-2	0.0	0.0	1.6686295	0.0	0.0	0.0	0.0
TTGGGATTCTCAGTCC-2	0.1695623	0.81322795	0.17071965	0.017413305	0.0	0.0	0.008984467
CGTAGTAAGGCATGGT-2	0.49514169	0.5834458	0.0	0.07847808	0.0	0.0032922921	0.027730558
GTTCATTGTGTCATCA-2	0.27461872	0.5315353	0.06816997	0.27009276	0.0	0.0	0.04034066
ACATCGAAGTACTGGG-2	0.43925592	0.6957152	0.0	0.0	0.0	0.0	0.0
ACGGAAGCAAGCGCAA-2	0.57081187	0.30655274	0.1288456	0.0	0.0057742666	0.09869467	0.041715372
GTTGCGGGTATATGGA-2	0.0	0.1715126	0.8259013	0.013760929	0.076752655	0.057594616	0.0
TGATTTCCATTCATCT-2	1.0493695	0.043939393	0.0	0.0	0.0	0.0	0.0
GGGTATTTCAAAGACA-2	0.1517336	0.37081096	0.124656335	0.04809435	0.0	0.0	0.0
GTGCAGCAGCATGGGT-2	0.082184635	0.48156935	0.10138534	0.13993049	0.0	0.0	0.019719519
CAACGATAGGGTTAGC-2	0.2786376	0.3948129	0.11591826	0.06958706	0.0	0.0	0.0
TGGTGATCAAATGGTA-2	0.7839896	0.13564558	0.021222174	0.079260826	0.0	0.0	0.010356768
TACCCACAGATTAGTG-2	0.16632952	0.5115489	0.06942533	0.20204903	0.0	0.0	0.007528133
GTGGAGACAATGCTCA-2	0.39626226	0.014247858	0.6032155	0.06310853	0.05264219	0.1606556	0.0
TGTGATGAGGCATGGT-2	0.23152874	0.36497825	0.046023406	0.025216898	0.053323127	0.08404641	0.0
GATTCTTGTTCGGCCA-2	0.27938673	0.71893424	0.032521334	0.07697175	0.0	0.0	0.0048593385
CCTTGTGTCTGCGTCT-2	0.28172562	0.2509855	0.42615572	0.0	0.07586524	0.056159467	0.0
ATACTTCTCCGCAGTG-2	0.52476126	0.3481317	0.079762354	0.0108885905	0.0	0.0	0.019787077
GGGTCTGCACACGGAA-2	0.0	0.094181344	0.7910558	0.0	0.08377588	0.32761434	0.014264192
AGGTGTTTCTACGGTA-2	0.14721033	0.29265028	0.28681013	0.08128211	0.0	0.0	0.033165246
ATCGGATTCACCCTGT-2	0.56985605	0.35440522	0.07625374	0.0	0.0	0.049061935	0.0
TGCTTCGCATAGGAGC-2	0.6275615	0.22802234	0.0	0.10296369	0.0	0.0	0.0
AACCACAGTGGGAGAG-2	0.57229286	0.428224	0.10289024	0.052770372	0.014810563	0.0	0.0015301628
TGATGGTAGTCGTCTA-2	0.0	1.067529	0.08000633	0.15659201	0.0	0.0	0.020047521
ATAGACCTCACCCTCA-2	0.38894236	0.6598828	0.075396754	0.0	0.056469094	0.042510077	0.008426465
CTGCTCAAGAGGCGTT-2	0.13008152	0.6172745	0.12319665	0.11688982	0.0036177211	0.060811352	0.00094284385
AAATGGATCTGCATAG-2	0.2290213	0.42360684	0.39017382	0.0	0.012284792	0.031757228	0.011585167
GTGCACGCAGACCTGC-2	0.081215315	0.6708593	0.26846543	0.11175698	0.0	0.0	0.041630212
TGTGGCGAGAATTCAG-2	0.10197547	0.8058133	0.041365027	0.2807652	0.0	0.0	0.036874242
AGTACCATCGCAAGAG-2	0.10974935	0.0	1.031861	0.2294801	0.0	0.0	0.030794166
GAGTTGTCAAGAGAGA-2	0.5989026	0.40066323	0.0	0.02146922	0.0	0.0	0.009869447
CCTCACATCCCATTCG-2	0.07182553	0.0	1.0263221	0.0	0.12931527	0.0	0.017064838
CTACTATGTGCCCGTA-2	0.20382424	0.2511051	0.26489753	0.0	0.004452503	0.108149216	0.0
TCATTGTAGCTCGAAG-2	0.6492279	0.29812878	0.0	0.0	0.018008342	0.0	0.0
AGCGCTGCAGGGAATC-2	0.64184356	0.33329988	0.08973626	0.0	0.026400251	0.0	0.001423575
TAAGCACGTACGTGTT-2	0.03849289	0.69203043	0.3612454	0.0	0.05602597	0.0	0.008757735
TCGCAGGTCGTCGGGT-2	0.12391521	0.63582355	0.18199654	0.0	0.031790376	0.025924385	0.0070868866
CCAATGACATCCGGTG-2	0.39092773	0.29137275	0.15459499	0.0	0.0033471251	0.010420226	0.07863668
CTCAGAATCGGCATAT-2	0.4650991	0.49059016	0.021491945	0.0	0.0	0.050307292	0.0068042423
CTACAGAGTAGGTCAG-2	0.055942416	0.16461353	0.7842378	0.06167761	0.080805264	0.0	0.03503099
ACGTAGTGTTGGAGGT-2	0.0662274	0.036279496	0.46986896	0.2831326	0.067156345	0.003468075	0.09632171
GAGCTGCTCCGATCTC-2	0.47105032	0.07841628	0.14847882	0.049896456	0.0	0.0	0.0
GTCACTCAGCAACCAG-2	0.40904412	0.15935506	0.30597195	0.05688679	0.011063142	0.042022776	0.03296959
TCCTCGATCGTTCAGA-2	0.0	0.0	0.9833636	0.0	0.43510374	0.0	0.0
ATAGACCCACTACCCT-2	0.39239866	0.45837936	0.051654562	0.0	0.0	0.0	0.0
CTTCCGACATAGACTC-2	0.116875835	0.6249284	0.3340848	0.025143862	0.0	0.0	0.012305883
GGTTGTATCTGACGCG-2	0.39702278	0.32638782	0.20706907	0.019573413	0.0	0.01550909	0.010414717
AGTCAACGTGTCTAAC-2	0.13356154	0.48999175	0.26035592	0.1049498	0.0	0.02006827	0.039656986
ATCATTCGTTAATGAG-2	0.0	0.7704127	0.00033860072	0.20845255	0.0	0.0	0.0045888308
ACGATCATCATCTATC-2	0.47315645	0.27980432	0.006674126	0.0	0.0	0.0	0.0
TACTTGTAGGACCCAA-2	0.54344374	0.2635103	0.067302294	0.012329325	0.0	0.0	0.024492366
GACCCAGCAAGAGTGC-2	0.7324777	0.22918443	0.082421325	0.0	0.0	0.005724367	0.0
GTAACCAGTCCTCCAT-2	0.15813395	0.17285074	0.2927512	0.07340712	0.0	0.03324523	0.0320116
ATGCATGAGTAGAGTT-2	0.8064527	0.42144507	0.0	0.0	0.0	0.0	0.0
TACCCACAGTTGTCAC-2	0.0	1.0761375	0.0013391665	0.0	0.0	0.03663214	0.028525777
CCCTAACAGGTGCAGT-2	0.26541424	0.61031663	0.114329144	0.04892841	0.0037872433	0.017112464	0.047841094
TGCTCCAAGACAGTCG-2	0.0	0.38219497	0.9287321	0.0	0.14938754	0.0	0.0
CCGGACAAGGAGAATG-2	0.50863105	0.29724184	0.09140756	0.026781622	0.04254134	0.048902355	0.0
CCTCAACCAGACGGAT-2	0.1548515	0.1340661	0.57855403	0.0	0.22159708	0.0	0.018724281
GATCATGTCAATCCGA-2	0.5293773	0.31441385	0.13581257	0.08812843	0.009809848	0.0	0.0
ATCGTAGGTCCATAGT-2	0.95398253	0.0	0.0	0.0	0.06233061	0.1114881	0.18705139
GTAGAAACAGGTCTCG-2	0.23533297	0.40262777	0.099219136	0.023635447	0.0	0.045173228	0.0056821234
ATCTTCATCATGCCAA-2	0.49211663	0.4782564	0.044869784	0.0	0.029070918	0.0	0.0017455723
TTTGGTTGTCCATACA-2	0.22336891	0.21568567	0.34869426	0.0059287585	0.0	0.0	0.03376447
TTTGACTAGGGTACAC-2	0.29558113	0.027062483	0.21641608	0.084249556	0.111183986	0.0	0.08429979
GGTGAAGCAACTTGGT-2	0.7420414	0.4375837	0.0	0.0	0.0	0.0	0.056133162
TGCTTCGGTGTCCGTG-2	0.4479029	0.6529039	0.0	0.0	0.0	0.0	0.0
TGTGAGTGTTAGGCTT-2	0.33691534	0.3385387	0.14961544	0.0	0.002635498	0.0	0.0
ATCCACCTCTCCAATT-2	0.32495183	0.390474	0.2524359	0.0	0.0	0.03488975	0.0
TCGCTTGGTCCAGCGT-2	0.38976696	0.587324	0.013114856	0.11595813	0.0	0.12975933	0.0
TGGATGTGTCTGTGAT-2	0.3213497	0.81279093	0.0	0.0	0.0	0.0	0.0
CGTAGTAAGGACTGGT-2	0.12455801	0.70595455	0.09891757	0.0	0.024849487	0.0	0.01736202
TACCCACAGCAAGTCG-2	0.7615844	0.14491624	0.21814376	0.0	0.037884403	0.06714737	0.00999375
GATCAGTGTTCTCCCA-2	0.24874061	0.3000782	0.0	0.41083232	0.0	0.0	0.039727446
TTTACTGGTCACAATC-2	0.495878	0.40454432	0.21420696	0.05382252	0.0	0.053389568	0.019561704
GTAGGAGAGATTGATG-2	0.49682358	0.47380608	0.0	0.0	0.0	0.0	0.0015882517
GAGAAATTCTCTGCTG-2	0.46908686	0.33275273	0.17453012	0.0	0.0	0.0	0.02762961
GAATCGTCATTAGGCT-2	0.38860208	0.27050126	0.07548686	0.0	0.0	0.0	0.016092535
AGGTCTATCAGTCACA-2	0.31960663	0.3399073	0.16393565	0.045281954	0.0	0.0	0.013772769
GAGTCATAGTGCAGGT-2	0.3405476	0.42410225	0.05654673	0.078892924	0.0	0.0	0.0049725077
CATCGCTCAAACCACT-2	0.3167267	0.0	0.3126139	0.2644067	0.04978666	0.0	0.0178167
ACTTCGCTCCACGTGG-2	0.35232776	0.23407327	0.272007	0.118635	0.04361778	0.0	0.021963378
GATGTTGGTACAAGCG-2	0.13306043	0.83632344	0.00061400863	0.0	0.0011133743	0.0	0.0355072
TAATCTCAGAAGAACG-2	0.3648622	0.320765	0.093607135	0.13368525	0.0	0.0	0.0
AACAACCGTGTTTACG-2	0.47359926	0.24930577	0.20707348	0.0	0.18516606	0.010960123	0.03048147
TACAGGTTCGCACGGT-2	0.4306389	0.3611319	0.0017391315	0.15078586	0.0	0.0	0.033480734
TGATTCTTCTTGCAGA-2	0.0	0.38934526	0.45264378	0.026589861	0.03548046	0.20744357	0.0
AGGTAGGCATGATCTG-2	0.34430987	0.0	0.21519475	0.5600705	0.0	0.0	0.020255284
AGTCACACAGGACTAG-2	0.0	0.87372994	0.10515518	0.22804257	0.0046432763	0.012019301	0.0032462487
GTCATTTTCGGAATTC-2	0.057856288	0.44648018	0.25990328	0.12677017	0.0	0.0	0.0
CGTGAATAGTCTAGCT-2	0.3266266	0.21483117	0.3054687	0.15314767	0.0	0.0	0.009155559
ACTATTCGTGCGTGCT-2	0.016778683	0.8575121	0.1335156	0.013333223	0.03563412	0.0	0.023177806
TTCTCTCGTGCCCACA-2	0.3293011	0.2840979	0.16870928	0.051332887	0.0	0.0	0.010573512
TAGACTGAGCAGGCTA-2	0.3635681	0.45305642	0.13292995	0.072095945	0.0	0.0	0.018887646
TCCTAATCAACTGCCG-2	0.95441675	0.07571397	0.15336615	0.0	0.0	0.030907545	0.01614846
TGAGGTTAGCCTTTCC-2	0.058797933	0.41304907	0.18806511	0.03551559	0.0041556405	0.034748126	0.0
GCATCTCCACAGCTGC-2	0.14207684	0.33447224	0.36005107	0.14333464	0.0073286328	0.0	0.022571567
TACCTCGAGTTGTACC-2	0.060043488	0.50824857	0.15965842	0.25594646	0.0	0.0069672028	0.00074868294
AACCACATCTGCAGCG-2	0.4000187	0.24604997	0.21857478	0.24800539	0.0	0.0	0.02134886
GAACTGTAGCATGGGT-2	0.1005139	0.7599808	0.122774415	0.008049404	0.003997897	0.0	0.0025045886
ATTCAGGCAGTCTACA-2	0.3440645	0.36713663	0.18066536	0.0	0.0	0.0	0.031732205
CACGTGGTCATCACCC-2	0.0	0.744979	0.16294843	0.0	0.0	0.0	0.0
TGTACAGTCATGAGAA-2	0.07725362	0.33139053	0.20480621	0.24346521	0.0	0.0	0.054352295
ATTTACCAGTAGCATA-2	0.23029663	0.74605006	0.039861903	0.0	0.0	0.0	0.023657272
TCATGTTGTCACTAGT-2	1.0051426	0.0	0.0	0.0	0.0	0.0	0.0
AGTTCGATCAACACCA-2	0.0	0.8332965	0.05928189	0.0	0.0	0.007521353	0.0
GTGTTAGCATAGGTAA-2	0.3176676	0.2551712	0.36170256	0.12456811	0.0	0.0	0.0
AGAAGTAAGGCAGCTA-2	0.6449643	0.31665123	0.010988913	0.038762506	0.0	0.0	0.013600463
CAAAGAAGTGTCTAAC-2	0.2525557	0.6118801	0.09597085	0.12963083	0.0	0.0059601753	0.013846859
CATGCGGGTACTTCCC-2	0.3013229	0.4545037	0.06961997	0.23550378	0.0	0.0	0.049337838
GAAGCGAAGCGTCGAA-2	0.0	0.0	1.4664826	0.0	0.00835679	0.29406705	0.0
CTTCTCTTCGGTCGAC-2	0.30890802	0.5443101	0.0041872663	0.062228125	0.0	0.0	0.021409426
GGGAGATTCTCAATCT-2	0.6577461	0.114887446	0.07079867	0.0	0.0	0.0	0.01626639
GGGCCATCAATTTCTC-2	0.4241846	0.7406883	0.0	0.0	0.0	0.026843213	0.0060561392
CATTCATTCCCGTAAA-2	0.18182363	0.29397345	0.39342654	0.3217564	0.042784404	0.0	0.009923771
AAAGGATAGACTTCGT-2	0.6138672	0.34779936	0.0	0.0	0.0	0.0	0.0
TGAACGTGTGAGATAT-2	0.17893328	0.5842487	0.058524113	0.0	0.0012135337	0.020699363	0.002326643
TCAGTTTTCCGAAATC-2	0.2066257	0.6982096	0.11809389	0.03323143	0.0	0.0	0.015401052
ACCAACACAGCGTAGA-2	0.0	0.23812795	0.77135724	0.0	0.10399603	0.0	0.0
CCGTGAGAGCTTGTTG-2	0.133336	0.7043913	0.3864998	0.0	0.0	0.080863155	0.0
AGTAGCTCAACGCATT-2	0.49280512	0.3718179	0.03216946	0.0	0.0	0.0	0.00761987
GTGGTTACATAACAGA-2	0.07969522	0.61905324	0.22691458	0.09913017	0.04216734	0.0	0.03277269
TACGGGCTCCTTTGAT-2	0.19966929	0.7367585	0.0	0.0	0.0	0.087526836	0.0
TGCAGGCAGTAAGACT-2	0.2667829	0.68255824	0.028532613	0.0013860925	0.0	0.0	0.00021581266
ATGCATGTCGTCGACG-2	0.0	0.9720419	0.18897596	0.010554305	0.0	0.028286356	0.030440189
GTCGAATTCCGAACGC-2	0.5372485	0.34090936	0.08487448	0.0	0.0	0.0	0.023218649
AATGGAAAGCAACTTC-2	0.33581996	0.6282614	0.0	0.0	0.0	0.0	0.0
TTGCCTGAGTAGGCCA-2	0.25200942	0.48706698	0.06584594	0.0	0.0	0.0	0.0009262081
TGAATCGTCTGGGAGA-2	0.4674475	0.48223835	0.16011068	0.0	0.052520785	0.0	0.008352906
CCTCAACTCCAACACA-2	0.27254844	0.12244131	0.37459248	0.0	0.0	0.0	0.3534754
ACTGTGATCATTTCCA-2	0.4963516	0.13659051	0.04676748	0.0	0.0	0.0	0.0
TGAGGAGTCGGCATAT-2	0.9320681	0.08275649	0.10524855	0.0	0.0058601224	0.051524546	0.06702888
ATACCTTTCCGTTGGG-2	0.0	0.0	1.73384	0.0	0.060192313	0.0	0.0
TCTTAGTAGGCTGTAG-2	0.21006918	0.5064073	0.14193061	0.045962956	0.02728199	0.04460005	0.018267475
TAGCACACAAGGACAC-2	0.074812	0.16264005	0.39224285	0.20565557	0.0	0.22367871	0.0
ACTACGATCGACCACG-2	0.110585384	0.63065535	0.11383771	0.010424182	0.0	0.0	0.0
AACCCAATCTTGAACG-2	0.4203998	0.2644118	0.06735749	0.19462332	0.0	0.0	0.019405968
AAACGAATCGGCACTG-2	0.6154026	0.0	0.40038565	0.0	0.0	0.0031117194	0.07816881
TACTTCAGTAACTTCG-2	0.36081475	0.6651174	0.009570292	0.0	0.0	0.01687405	0.0032598288
AGGCTGCAGATGTTCC-2	0.055564728	0.1507851	0.3680169	0.10539175	0.02000459	0.093480274	0.0
CCTCACATCCTATTGT-2	0.4576564	0.36967885	0.029118301	0.08671246	0.0	0.0	0.010594633
GCCCAGACAACAACAA-2	0.008467408	0.33144933	0.7896098	0.0	0.0	0.0	0.0020179495
GAATCGTTCGTGTGAT-2	0.25467825	0.85837114	0.015878908	0.0	0.0	0.0	0.0
TACAGGTTCCACCTGT-2	0.35170397	0.5548602	0.0	0.0	0.0	0.0041212	0.0
CTCAAGAAGATCGACG-2	0.4005909	0.40821144	0.09827066	0.0	0.0	0.0	0.004679013
TACGGTACACTCCCTA-2	0.06651837	0.2515761	0.30352128	0.15162265	0.0	0.059681542	0.009385175
TTCTAACGTACTGAGG-2	0.3248178	0.6208591	0.03802891	0.0	0.0	0.11929907	0.0019741575
TTACGCCTCCAGCTCT-2	0.18346989	0.49239576	0.17695628	0.22766759	0.0	0.0	0.0041417493
TATTCCAAGCATTGTC-2	0.41115212	0.28093874	0.100440904	0.14628366	0.0	0.0	0.020949157
TTCATTGTCACTGCTC-2	0.36372036	0.0	0.51281154	0.0	0.023702767	0.11650005	0.018110534
TCATCATGTGCTAGCC-2	0.55836195	0.3013009	0.0	0.02005113	0.0	0.0	0.0
CTGCCTAGTTAAGAAC-2	0.125327	0.36342397	0.5674159	0.019051936	0.0021582379	0.031448252	0.0
CATCCACAGCGTGCCT-2	0.13245535	0.5970741	0.23640555	0.05779861	0.024190169	0.0025868253	0.010854357
GAATCGTAGTCTGGTT-2	1.2386575	0.0	0.0	0.0	0.0	0.04686179	0.12993576
CGGGTGTAGTGAACAT-2	0.5182287	0.11476764	0.17441252	0.01947651	0.0	0.0	0.007006885
GCACATATCGGAGATG-2	0.38566333	0.1593479	0.5740947	0.0	0.049343415	0.035670206	0.0
TGTACAGTCGATTGGT-2	0.4216538	0.48497748	0.0	0.0	0.0	0.012027955	0.0
TCCGTGTTCACGGACC-2	0.32033497	0.40915462	0.060537413	0.18927474	0.00019335125	0.034142766	0.0
CAGATACAGTCAGCCC-2	0.2712594	0.05322729	0.442729	0.0	0.06249854	0.040309746	0.020943306
CTTTCGGAGTCCGCGT-2	0.35813814	0.14237976	0.031767678	0.0	0.0	0.0	0.0
ATGCGATCATGTAACC-2	0.64055395	0.39739606	0.06783629	0.042253707	0.0027163783	0.019233728	0.0009660095
GTAACACTCGCCGATG-2	0.40155143	0.67933	0.0	0.0	0.0	0.029512413	0.0
CTATCTACACACGGTC-2	0.4222004	0.33427614	0.10911129	0.01646592	0.0	0.0	0.019800298
GCCGTGACAACCGCTG-2	0.121645905	0.42653462	0.28490785	0.16107644	0.0	0.017649338	0.0030644257
TGTTGAGAGTGAGTGC-2	0.7681085	0.4574483	0.0	0.0	0.0	0.0	0.0
ACTTCGCTCCAAGCTA-2	0.1842582	0.60456204	0.15404855	0.09122028	0.0	0.0	0.0
CGGACACTCTTCCCGA-2	0.2316655	0.40748483	0.06413578	0.07952728	0.0	0.0	0.0
GTCTTTAAGTAAATGC-2	0.09606333	0.16837582	0.5343028	0.07922141	0.0019571057	0.07321923	0.023003098
ATCGTCCGTGATACAA-2	0.08210578	0.6642659	0.09759971	0.12276302	0.0	0.0	0.029717006
TGTTACTCAGCATCTA-2	0.0	0.47605544	0.35777655	0.27487576	0.0062163775	0.0896016	0.0
GCCCGAACATTCCTCG-2	1.0357469	0.035673503	0.0	0.0	0.0	0.0	0.0
TTGTGGATCTCCCATG-2	0.66038215	0.0	0.12982422	0.10613892	0.0	0.013248608	0.0
CCACACTCAAGTTCCA-2	0.29925132	0.5490612	0.071345955	0.0	0.0	0.0	0.0
GTTAGTGCAAACTAGA-2	0.20311737	0.0	0.44275892	0.1777299	0.26366422	0.0	0.015133007
ACTCTCGCACATTCTT-2	0.15805474	0.7044597	0.22176172	0.113102175	0.0	0.0	0.029952765
GCCCGAACAGCATCTA-2	0.4720455	0.014546264	0.11315647	0.4112492	0.0	0.0	0.00458631
CATTGCCTCCCTCAAC-2	0.4894435	0.22253163	0.064112686	0.13631956	0.0	0.0	0.02520044
GTACAACGTTATCTTC-2	0.35596517	0.30583087	0.18388419	0.012378228	0.015895844	0.03381017	0.021873483
TTAATCCAGCGACCCT-2	0.13503993	0.3478131	0.5452709	0.09631262	0.0	0.0	0.0
CATACAGTCGTTCTAT-2	0.44923946	0.3963845	0.11634138	0.07205213	0.0	0.0	0.013548201
CCGTGAGGTCGTACAT-2	0.0	0.8001892	0.31802213	0.0	0.0	0.0	0.008732787
ATATCCTGTCTGTGAT-2	0.54221725	0.11674814	0.24874584	0.0	0.0	0.0	0.1681615
CTACAGAGTTGTTTGG-2	0.36842716	0.43999785	0.19590303	0.02725773	0.041139353	0.0	0.0
ATGAAAGGTGTTCAGT-2	0.004255843	0.21008557	0.5507323	0.07747956	0.0017133266	0.07074097	0.00038184036
TCTTAGTAGATGCTTC-2	0.2103939	0.08462524	0.47884062	0.20928174	0.020317202	0.0	0.007821184
CCTCATGCAAGTGACG-2	0.27718392	0.26510212	0.20372203	0.013168326	0.023944855	0.1027883	0.0048033004
TCAGCCTAGCAACAGC-2	0.0	0.84450316	0.16482374	0.06992311	0.0	0.0	0.002101924
CACAGATCATCTCATT-2	0.29127264	0.45495638	0.03667818	0.0	0.0019213209	0.0	0.0
GACGTTACAGGCATTT-2	0.19216326	0.5001414	0.20203558	0.034176018	0.0	0.12763119	0.0
CATAAGCCATTCGATG-2	0.43341246	0.18900284	0.15626055	0.0	0.016202025	0.0101167485	0.29194233
AGGGCCTCAACACACT-2	0.11072862	0.2978553	0.15653296	0.025860492	0.0	0.0	0.0
GTGTTAGTCTTAGCTT-2	0.4930155	0.43595272	0.12594044	0.0	0.029880397	0.04216441	0.023322115
AACAAAGAGGTAAGGA-2	0.18549624	0.32622692	0.451275	0.053431053	0.0	0.019933544	0.020372985
CAATTTCTCTACACTT-2	0.31046718	0.122106254	0.15284681	0.31301546	0.051992565	0.076113865	0.0
CAGGTATCAGTCAACT-2	0.10331163	0.5435227	0.20239556	0.0	0.0	0.028881544	0.0009908486
GAGCCTGCACCTGCTT-2	0.15280198	0.34930634	0.21975471	0.20406117	0.10941334	0.0053646616	0.00027145175
CATCGGGTCCGCTAGG-2	0.50216675	0.14892033	0.07350247	0.0	0.0	0.0	0.0
TCAGTGAGTCTGTAAC-2	0.48032996	0.33490628	0.057316195	0.0	0.0045967065	0.0	0.0545325
GTGTTAGTCCTGGGAC-2	0.08506317	0.2196905	0.63622946	0.045866173	0.0	0.044467703	0.013095132
AGACAAATCTAGTTCT-2	0.5314809	0.18199253	0.088620014	0.13239385	0.0	0.0	0.004269839
ATGACCATCTCATTAC-2	0.36882257	0.5696587	0.042278554	0.0	0.01578	0.009634112	0.0
TAAGCGTAGAAGTCCG-2	0.72661585	0.23432384	0.10097369	0.07552622	0.032337967	0.0	0.06286023
GTATTTCCAAGCACAG-2	0.55110157	0.32080346	0.03119796	0.0	0.09515053	0.005629719	0.0
TCTTCCTCAGACCATT-2	0.603249	0.4575594	0.0030308224	0.02419498	0.0	0.0	0.015111016
CGGGTCATCCATATGG-2	0.16382205	0.0	0.6116963	0.18453836	0.055762183	0.04497084	0.07572976
ACCAACATCCTATGGA-2	0.4800512	0.0	0.4818194	0.34437275	0.0	0.0	0.025829168
CCACGAGAGAAGGATG-2	0.32039005	0.3897163	0.116376	0.0	0.008005112	0.0	0.011083841
TGCCGAGTCCCGTTGT-2	0.28934768	0.75863594	0.06486974	0.13930881	0.0	0.090545446	0.011023129
GATAGAAAGTGCGACA-2	0.70690686	0.07739386	0.033854894	0.0	0.0	0.08603888	0.0
AACAGGGGTGCGGATA-2	0.30818254	0.5919964	0.02798967	0.20835093	0.0	0.07549294	0.043383908
AGTACCAGTGCCTGCA-2	0.64735407	0.59788173	0.015243006	0.0	0.0	0.0	0.002174462
GATAGAAAGAGTCACG-2	0.3172674	0.15217358	0.4298891	0.18550523	0.0	0.030444985	0.0
GCAGCTGTCAAGCTTG-2	0.19751278	0.49327463	0.14964737	0.035374444	0.0	0.0	0.011116455
TCAGGTAAGGACTTCT-2	0.0	0.039696176	0.5443338	0.69526696	0.0	0.0	0.0
ACTGATGAGGTGCGAT-2	0.50966537	0.29031697	0.027743222	0.0	0.0	0.08135557	0.0
ACGATCAAGCTGTACT-2	0.13272096	0.2787794	0.18972853	0.2263962	0.0	0.0	0.004391613
TATCAGGAGGGAACAA-2	0.2094935	0.10672467	0.6674337	0.0	0.0	0.039344583	0.06145453
GCAACATGTCTGATCA-2	0.8232026	0.255459	0.012238214	0.0	0.1264601	0.067346625	0.025867421
TACGTCCGTTCTCACC-2	0.21458605	0.6557303	0.053012367	0.0	0.0116775725	0.0	0.0
TTTGTTGTCAGTGTGT-2	0.6631899	0.22302458	0.041967485	0.0	0.018198613	0.0008955679	0.018264681
CCACTTGGTACCCACG-2	0.30272794	0.091866724	0.4437825	0.0	0.2399627	0.033907052	0.01257235
TCCTCTTAGGCCATAG-2	0.26929265	0.0948116	0.16958834	0.010158712	0.008136194	0.0	0.0
TCCTCGATCGCAAGAG-2	0.115792684	0.30780408	0.25589296	0.09263039	0.07619591	0.0	0.009960007
AAGCATCCAGTCAGCC-2	0.0	0.36003536	0.59540063	0.0	0.15576833	0.013741304	0.0
TCAATCTAGCTGCCAC-2	0.0	0.22207719	0.583845	0.0	0.0014674608	0.1480933	0.0
TTGTTGTCATACTTTC-2	0.45681137	0.47706997	0.0	0.0	0.014675691	0.03445484	0.014622244
CTGTCGTGTTACGTAC-2	0.24809267	0.46840972	0.13862997	0.025664408	0.0	0.0	0.008795277
GAGGCCTAGCGGATCA-2	0.026049312	0.058935583	0.73532045	0.0	0.07045986	0.0	0.0051627895
CGTGCTTCAAATTGCC-2	0.66332173	0.3188052	0.042338204	0.12004746	0.013075844	0.0	0.0
GATTCTTGTCGGTGTC-2	0.28086457	0.23521991	0.47423682	0.0	0.0	0.0	0.036541063
CATCCACCAGGTGTGA-2	0.60437584	0.06477367	0.2720295	0.0	0.023171317	0.0	0.0
AACAAGACATCGTGGC-2	0.80635905	0.10255377	0.0	0.0	0.0	0.0	0.0
TGCGATAAGCTGACAG-2	0.28135297	0.41295806	0.30068952	0.009396969	0.005533324	0.011882422	0.0055380245
TGCGATACAGCTACTA-2	0.38667423	0.28421605	0.11990936	0.36031672	0.0	0.0	0.0
TATCTTGAGTGAACAT-2	0.16070572	0.33822137	0.34145594	0.08412335	0.0	0.0	0.022818334
GTTCCGTAGTATAGAC-2	0.38721597	0.11268277	0.1845559	0.13685083	0.0	0.0039273133	0.017235842
TTCCACGGTCCCTCAT-2	0.4167433	0.15170753	0.20513672	0.15426156	0.0136317955	0.0	0.07487483
CTATCCGGTAGTCGTT-2	0.17438331	0.5471541	0.1045538	0.0	0.015064912	0.0	0.00016092356
TTGGGCGAGCATGAAT-2	0.18569428	0.7528177	0.0	0.0	0.0	0.0	0.010219023
TCACAAGTCTCGCTTG-2	0.0929423	0.27905753	0.33491394	0.18364339	0.0	0.0	0.0035211963
GCCATTCTCGCAAGAG-2	0.5313298	0.27633598	0.048064545	0.0114560705	0.0	0.0	0.0
TACATTCGTAACCAGG-2	0.09582905	0.38884062	0.4810313	0.0	0.008897019	0.0	0.0
CGGGTCATCGCTCTAC-2	0.06023774	0.078344665	0.47516787	0.14425154	0.1316066	0.108910665	0.018334983
CCTTGTGAGAGATCGC-2	0.6167699	0.5148643	0.017886102	0.0	0.0	0.0	0.0
TGAATGCAGTGTTGTC-2	0.8679255	0.18905425	0.0061954283	0.0	0.0	0.0	0.021944366
TTCTTGAGTCAAACGG-2	0.31341764	0.17068422	0.07731836	0.012827611	0.0	0.0	0.0
TACACCCAGATACAGT-2	0.0	1.0497384	0.10128951	0.0	0.0	0.0	0.016839085
TTAGGGTGTTATTCCT-2	0.0022894202	0.64881754	0.3407607	0.033828367	0.0	0.022457568	0.004156623
TATCTGTTCAAACTGC-2	0.21491848	0.9533577	0.0353542	0.0	0.0	0.009665131	0.0
GTTCGCTAGGAACATT-2	0.5285098	0.27834168	0.1460607	0.0	0.0037891022	0.06729188	0.0
TTGCGTCGTACGGCAA-2	1.0546547	0.09382868	0.0	0.0	0.0	0.0	0.0
TAGGGTTGTACCTAGT-2	0.42988747	0.5317331	0.023839783	0.0	0.0	0.0	0.018594166
AGTACTGGTCGAACAG-2	0.093345	0.27327645	0.22456631	0.0	0.0	0.0	0.0
CACACAAGTTTGGGTT-2	0.1955969	0.85866106	0.0	0.113623716	0.0	0.0	0.033197887
ACTATGGCACATCATG-2	0.1786388	0.21258448	0.18432057	0.2403051	0.0	0.02525661	0.014418513
GCCGATGCAGAGTAAT-2	0.4123816	0.5576655	0.06734583	0.0	0.038154252	0.0	0.024590809
TGATCTTAGAAGCCAC-2	0.21218063	0.6197087	0.02203172	0.009153484	0.0	0.0	0.0022513333
GAATCACAGAGTCAGC-2	0.104486816	0.51482177	0.1741561	0.052429385	0.0283844	0.0	0.014141304
GACCAATCAAGTGGTG-2	0.49463135	0.34901354	0.16909288	0.0	0.0065162596	0.027050383	0.0052385787
CAACGGCTCGAAGTGG-2	0.49483958	0.47644833	0.06467473	0.0	0.0	0.0	0.0
GTCTAGATCGTTCCCA-2	1.3608195	0.043730963	0.0	0.0	0.0	0.0	0.0065438915
CGTAATGAGCTGCCAC-2	0.27569914	0.37101328	0.046317853	0.0	0.0	0.0	0.0
GTCGCGATCTCTATGT-2	0.8860115	0.15706736	0.0	0.0	0.007884732	0.0	0.011487447
CTGGCAGAGCTAAACA-2	0.19620566	0.3356916	0.25779766	0.11824088	0.08653455	0.0075381426	0.014426909
CCACTTGCAAGAATGT-2	0.4974443	0.23743644	0.07172571	0.16544592	0.0	0.0	0.025887368
CTGCGAGCACAGCCTG-2	0.5510678	0.27473676	0.0067378706	0.042790405	0.0	0.0	0.0
CGAGTGCGTCTTCGAA-2	0.47942972	0.0	0.36026	0.0	0.063194856	0.083745606	0.019701226
GGGTAGACAGCTCATA-2	0.32914454	0.0	0.38735524	0.23842438	0.1197429	0.07187779	0.011252355
GTGCGTGCAGGAAGTC-2	0.073607646	0.53203917	0.27954543	0.24424013	0.037465002	0.0054861507	0.0073616505
ACCCTTGAGTAAAGCT-2	0.0	0.0	1.2028545	0.0	0.18866386	0.0	0.0
TGCAGATGTATTTCGG-2	0.12915637	0.3706861	0.21788232	0.24287601	0.0	0.03124956	0.03750249
TAATCTCGTGTCTTGA-2	0.012086306	0.60065025	0.5055202	0.0	0.02336463	0.112282425	0.0
GGGACCTAGATTGACA-2	0.5843902	0.24120416	0.14362675	0.0	0.06553124	0.053530503	0.0019582643
AGATAGATCACTCTTA-2	0.0	0.7362224	0.113545455	0.18942793	0.0	0.0	0.0
TTCTAACCACACAGCC-2	0.6953907	0.25910926	0.04064727	0.07559437	0.033301134	0.0	0.05419639
CATCGTCTCGTTCCTG-2	0.878717	0.09734466	0.010133302	0.0	0.0	0.0	0.0
TGCTTGCTCAGGAAGC-2	0.40942988	0.15553059	0.19827323	0.009029149	0.06531194	0.0	0.0
GCGTTTCTCTAACACG-2	0.34494188	0.7603995	0.057787362	0.0	0.0	0.013809052	0.02768088
ATTCCTACAGCGTAGA-2	0.0	0.7805497	0.37740657	0.0	0.0	0.03777908	0.01593358
GCCAGGTCATAAGATG-2	0.20786397	0.47988257	0.18880177	0.0	0.0	0.037659362	0.024613414
CACAGGCCAGACCATT-2	0.20562702	0.33752418	0.057324827	0.061880276	0.044057276	0.047063034	0.004118022
GTCTGTCCAACAAAGT-2	0.0	0.49544087	0.35325766	0.24633479	0.010300938	0.0	0.007932074
TCCCATGAGCCTATCA-2	0.48058203	0.621016	0.0	0.0	0.0	0.0	0.0
GTCACGGTCACCTGTC-2	0.30151397	0.0	0.18136401	0.21478538	0.09746303	0.07935438	0.0
ATTCTACAGGGTGAAA-2	0.16584939	0.307724	0.1827016	0.4225624	0.0	0.019165535	0.01622642
AATGCCATCCGATCTC-2	0.22541365	0.18453695	0.5556061	0.07231134	0.11313722	0.03309517	0.00540383
GTTACCCCAGCAGAAC-2	0.38504258	0.4251554	0.025700983	0.0	0.0	0.0	0.0
GAAACCTTCCGCATAA-2	0.42216715	0.51266116	0.10036348	0.0	0.0	0.040637486	0.0
AACTTCTGTGATTCTG-2	0.06585715	0.77019906	0.086497575	0.009349778	0.0	0.012549093	0.0
AACCAACTCTGAGGTT-2	0.53577745	0.32901236	0.015054906	0.07830925	0.0	0.026996328	0.0
TGACCCTAGGACAAGA-2	0.29940784	0.0	0.6592164	0.13382731	0.0	0.08860641	0.06683517
ACCCTTGGTGTTCCTC-2	0.11273493	0.27668282	0.4283948	0.060060278	0.03322677	0.015267808	0.0
GTCATGAGTCGGTAAG-2	0.73666483	0.30671895	0.03828881	0.0	0.0	0.0	0.0
GTATTTCTCCCATAAG-2	0.15923858	0.16743791	0.4488821	0.1806036	0.012892227	0.06104556	0.0077243247
GATTGGTCAGCTGTTA-2	0.02788221	0.11922282	0.7497029	0.038551528	0.24894214	0.11120025	0.007221353
AATGACCAGTTGTCAC-2	0.12753205	0.6786431	0.12208732	0.0	0.046239913	0.023303023	0.0
AGTGATCAGAAGATCT-2	0.57591	0.30629247	0.16688651	0.0	0.0	0.0	0.013171265
AAGTACCCATCCTTGC-2	0.16382529	0.6972104	0.09395572	0.0	0.0	0.054396585	0.0038202456
ATCAGGTAGTGGTTCT-2	0.13115902	0.11980082	0.73270494	0.0005206907	0.08034058	0.030234024	0.011335291
CTCATGCAGCGTCTCG-2	0.24055621	0.38529146	0.100970194	0.14210904	0.0	0.0	0.019718496
CCTCTAGTCTGCCTGT-2	0.41507995	0.31206787	0.11692328	0.009306162	0.0	0.0	0.010551711
AATGCCAAGCGTGTTT-2	0.45775336	0.28703836	0.15221302	0.021526618	0.007915477	0.0	0.010069187
AGTCATGCACTAGGTT-2	1.1598676	0.0	0.09317407	0.0	0.0	0.0	0.0015631352
CTGGACGTCGAAGTGG-2	0.4608277	0.15657184	0.24633127	0.14998096	0.0	0.0	0.058243245
TTAGGCAAGCTAGCCC-2	0.4645518	0.35882273	0.0112550575	0.08400563	0.0	0.055102114	0.0
GGTAGAGGTGTTGCCG-2	0.16155984	0.8387969	0.016326785	0.0	0.0	0.0	0.0008930207
AGAGCCCCAAGATCCT-2	0.38188037	0.44847235	0.05990027	0.037765503	0.0	0.0039608404	0.080604695
CTGGCAGGTCCAGCCA-2	0.4040757	0.20586625	0.21187195	0.11239182	0.0048766257	0.0	0.0050847093
TTACAGGAGTTGCTGT-2	0.49353474	0.6374044	0.0	0.0	0.018225342	0.042895965	0.0025110207
AAAGTGACACGGGCTT-2	0.12354924	0.81458545	0.0	0.0	0.0	0.026121741	0.0
ATACTTCAGACCAACG-2	0.26745996	0.29126424	0.25841945	0.041547596	0.036728814	0.0	0.0029338384
CCTCATGAGATTAGTG-2	0.027364712	0.3314673	0.41254213	0.1317725	0.08047489	0.013569486	0.0
TTCAGGACACCAGCTG-2	0.58404344	0.1919862	0.04598879	0.0	0.0	0.0	0.0
GTTTGGACAAGTTTGC-2	1.0367236	0.1556015	0.07112259	0.0	0.0	0.0	0.0
AGAACAAGTCCCGTGA-2	0.32923278	0.5861585	0.1659157	0.0	0.016939815	0.0	0.0137762185
CACGAATAGGTAAGAG-2	0.0	0.42067635	0.3274085	0.0	0.012800943	0.2343323	0.009597469
ACTTCGCCAAGTCATC-2	0.37420338	0.033434603	0.11238599	0.37067223	0.0	0.0	0.030055583
TGCTCCACATGACTTG-2	0.15654428	0.0	0.48902997	0.3244635	0.0	0.034412373	0.013330773
CCCTGATAGGTCTACT-2	0.5116218	0.7393167	0.0	0.0	0.0	0.0	0.0
TCAGCCTTCCGTAATG-2	0.2106049	0.5079593	0.20610459	0.0	0.009544293	0.06137893	0.056984115
ATCACAGGTTGCATGT-2	0.4115331	0.2654198	0.1609406	0.0	0.0	0.0	0.0
AATTCCTCAAGCACAG-2	1.0398449	0.0	0.0	0.1234676	0.08950069	0.005818111	0.032220706
GTGCTGGTCTGGTGCG-2	0.47142208	0.09839724	0.13185517	0.050710965	0.0	0.1346484	0.0
CATCCCACAATTGCCA-2	0.32856208	0.55303174	0.062805675	0.0	0.0	0.0	0.0
TCGGGTGTCGACATCA-2	0.078291185	0.19087145	0.47108993	0.07741319	0.014895247	0.005568155	0.006299159
AGGAAATGTCCTGTCT-2	0.10546595	0.59125835	0.2995181	0.0	0.0	0.0	0.0
TTCCACGTCCGTAATG-2	0.33984348	0.6464715	0.05244285	0.0	0.0	0.0	0.0
TTGACCCGTTGTGTAC-2	0.10336866	0.22179672	0.0	0.4885227	0.0	0.0	0.01668369
TGTTCTATCGTCACCT-2	0.38103235	0.5039377	0.10394487	0.0	0.09917482	0.0028372249	0.06182502
CCACCATCAGGAGGTT-2	0.69271153	0.1994347	0.14138867	0.0	0.0	0.0	0.0
ATTCTACAGGCTTTCA-2	0.3514677	0.4452607	0.030834485	0.031211283	0.0	0.0	0.0
TTGACCCAGAGAGTTT-2	0.35978264	0.5616431	0.00034050873	0.0	0.0	0.014278522	0.0
GGGACTCCATTGAAGA-2	0.5899201	0.29455042	0.19032422	0.0	0.0	0.0	0.0
CCATAAGAGGGCCCTT-2	0.30122373	0.39563614	0.14102025	0.0	0.14761503	0.0	0.022902226
CCCGAAGGTACGCTAT-2	0.4177587	0.2792154	0.0006989594	0.0	0.0	0.0	0.001757439
TATACCTGTGGGCTCT-2	0.17221697	0.13586554	0.0922714	0.0047015767	0.0	0.0	0.0
ATCGGCGTCCATCTGC-2	0.23022626	0.66598636	0.0	0.00014956051	0.0	0.0	0.024618154
CAACAACAGTCCGCCA-2	0.13106461	0.6271362	0.038598366	0.10537861	0.0	0.14748837	0.002411805
AGACAAATCGAGCCAC-2	0.40018654	0.24547522	0.029122556	0.05550952	0.0	0.0	0.0118323
TGCTCGTCAGCTGTGC-2	0.12089622	0.69072616	0.20618731	0.111552216	0.0	0.017266996	0.0
CCTTGTGAGCATGTTC-2	0.28918964	0.7425805	0.0041925125	0.0	0.0	0.020379877	0.0
GTAGATCCAAGATGTA-2	0.30994287	0.47923484	0.04762317	0.18292747	0.0	0.0	0.010278521
AGTGTTGCAGGACAGT-2	0.5219788	0.49476787	0.034663633	0.077729896	0.0	0.0	0.0
AGCTCAACAACTTGCA-2	0.0778797	0.0	0.7765072	0.026226738	0.0	0.0	0.0
CCTGCATAGAGTTCGG-2	0.8126994	0.1942027	0.029150553	0.0	0.018462528	0.0	0.0
ACTGTCCAGGTTTGAA-2	0.5787058	0.2685356	0.121820614	0.0	0.0	0.0	0.042039122
GTCTTTACAACCAACT-2	0.002011565	0.0	0.88873607	0.0	0.0	0.0	0.007905335
TCCACGTAGCGTCAAG-2	1.0433674	0.0	0.0	0.0	0.0	0.0	0.0
TAGGTACTCTGGTCAA-2	0.12045053	0.87298006	0.08236584	0.019223649	0.0	0.0	0.022267746
TGGGATTAGAACAAGG-2	0.6862845	0.2602448	0.003902998	0.0	0.00579377	0.0	0.0
TACGGTAGTTGCAAGG-2	0.79778564	0.37019858	0.0	0.035802454	0.0	0.0	0.04652456
ATTGTTCTCGTAGAGG-2	0.15157095	0.3091506	0.26295346	0.0	0.011950522	0.061371103	0.0053936704
GTCCCATTCTCCTGTG-2	0.46264523	0.5748404	0.0	0.00046584767	0.0	0.0	0.007676459
CGAATTGTCGGAGTGA-2	0.1655711	0.44524038	0.48480594	0.0	0.0	0.051809482	0.027165309
TCTACCGTCCTCTAGC-2	0.07903685	0.3877822	0.37048793	0.06014468	0.019601466	0.02050628	0.0
GGTGAAGTCTCCTGCA-2	0.407214	0.28547433	0.08673336	0.0	0.0	0.0	0.0
AGTCATGTCCTAACAG-2	0.14822562	0.5750361	0.08238673	0.0	0.0	0.0	0.0
CGTGTCTCAGTTGTCA-2	0.31791735	0.59955704	0.0172041	0.0	0.006674648	0.0	0.010552689
CGAGAAGAGCCAGACA-2	0.7308397	0.0037910205	0.06751497	0.0	0.023752807	0.034367483	0.024115967
TCGACGGCAATGCTCA-2	0.704943	0.24626496	0.08647467	0.0	0.0	0.0	0.029936403
ACATCGACACTTGGCG-2	0.24608943	0.043101814	0.40041608	0.05830043	0.01718932	0.02820061	0.0
TCAGCCTTCTGGGCGT-2	0.6039127	0.11672285	0.10211904	0.24463594	0.0055282754	0.0	0.006752413
CTACTATTCCTGATAG-2	0.3130096	0.46414366	0.08899139	0.01521077	0.0	0.03625644	0.019802943
TTCATTGGTACTGTTG-2	0.3720037	0.08468293	0.13711119	0.10088112	0.048807804	0.0	0.0
TTTCACACAAGCACAG-2	0.4445958	0.120979026	0.07440591	0.14254071	0.012671883	0.017524287	0.03876583
TAGTGCAGTAGACAGC-2	0.18294922	0.21666431	0.32267442	0.023718381	0.0	0.09607188	0.0
GACTATGGTTCGGCTG-2	0.30621576	0.12818642	0.53665674	0.015582836	0.047764644	0.0	0.036112785
CTTCCTTGTGCGGTAA-2	0.17462769	0.75100327	0.01413913	0.087123156	0.0	0.0492597	0.0
CAGATACTCATCTACT-2	0.22118932	0.87685305	0.00034007718	0.0	0.0	0.03000503	0.020586371
AGACCATTCCCTTGGT-2	0.077423744	0.66626316	5.743904e-05	0.0	0.01074518	0.0	0.0
ACTATTCAGCCGGAAT-2	0.0	0.478219	0.450188	0.07958138	0.07053462	0.0	0.0011734088
TGGCGTGAGGTAGTCG-2	0.34712023	0.7790711	0.14559221	0.0	0.025232399	0.0	0.0
ATTTACCCATGAAAGT-2	0.53202534	0.3718496	0.09102478	0.14217474	0.0	0.01840019	0.0
ATTCCCGCAGGCTACC-2	0.2433345	0.5074983	0.13091347	0.0	0.0030488784	0.0	0.0
ACTTTCACAGGCTATT-2	0.21568082	0.0	0.5637994	0.066946976	0.0	0.0	0.0032220513
CTTAGGAGTGAAAGTT-2	0.036694083	0.40122223	0.22511168	0.2557888	0.0	0.0	0.0
GGAATGGCACAGTACT-2	0.7051266	0.29832527	0.037125193	0.0	0.0	0.0	0.0
CAATCGACAAAGCGTG-2	0.40240538	0.5825375	0.0	0.042407386	0.0	0.0	0.018657831
TGCGACGGTCCCTAAA-2	0.3066547	0.41288328	0.27258447	0.0437227	0.03848306	0.024363749	0.022745391
GGGTAGAAGTTGAAGT-2	0.6652891	0.4374244	0.0	0.0	0.051416155	0.0	0.0
CTCATTAAGCATTGTC-2	0.46384028	0.18916865	0.018272284	0.0	0.0	0.0	0.0
AGATCGTTCCGTGACG-2	0.8182652	0.43313465	0.0	0.0	0.0	0.0	0.0
TACGCTCAGCAGCAGT-2	0.13023345	0.47877038	0.18111157	0.00044614915	0.016198885	0.016104171	0.0
GTCGTTCGTATGTCCA-2	0.616414	0.7171728	0.0	0.0	0.0	0.057009365	0.0
GCAACCGCACTGCGTG-2	0.2693516	0.22326984	0.06927117	0.22718	0.0	0.0	0.039431464
ACATCGATCATTTGCT-2	0.45833853	0.28272912	0.348029	0.0	0.0	0.0	0.023641737
TGAGCGCAGCGCCTCA-2	0.020380925	0.18014343	0.6596767	0.0	0.06559336	0.0	0.017641325
TAAGCACGTGACCTGC-2	0.46604452	0.0	0.25063765	0.13336769	0.00014408512	0.0	0.043365534
TGACTCCAGTATCTGC-2	0.1522039	0.20705529	0.17353718	0.095858924	0.0	0.0	0.0
CGAAGTTTCGGAATTC-2	0.3831893	0.38750818	0.2739158	0.073659964	0.03318025	0.06521705	0.027192783
AGAACAATCCCTGTTG-2	0.2194959	0.62215114	0.13929218	0.0	0.028305044	0.047063507	0.0
TCTAACTAGAATACAC-2	0.12544025	0.5420231	0.25836173	0.029336758	0.0	0.0	0.0
GTGACGCTCGAACACT-2	0.35175872	0.60090697	0.30764326	0.0	0.0	0.062308386	0.0
GATAGCTTCCTCACCA-2	0.524438	0.38820922	0.13875024	0.033838283	0.04274109	0.0140502285	0.01000517
GGAATGGGTACGTGTT-2	0.31797168	0.26459405	0.041316457	0.04326164	0.01509242	0.0	0.0
ATGGGTTCATTAAGCC-2	0.0	0.48817852	0.48467287	0.28396663	0.0	0.0	0.0149533
TCATGGATCTCATGGA-2	0.28606904	0.34191605	0.16871695	0.0	0.0	0.007068277	0.003216861
AGGTCTACATCGTCCT-2	0.1929559	0.38069907	0.08850683	0.0	0.017422447	0.0	0.0
TAGACCAGTTGTACGT-2	0.04941757	0.0	0.5618079	0.26381487	0.024989722	0.1041433	0.05994941
AACGTCACACGTTCGG-2	0.15488912	0.21743509	0.48479822	0.08801551	0.0	0.061633352	0.009767809
TCAATTCTCTCAATCT-2	1.1693269	0.09306624	0.0	0.0	0.034983598	0.0	0.005296329
GAACGTTAGTTAGTGA-2	0.0	0.22242281	0.56950814	0.031967133	0.056852367	0.0	0.0
TCGAAGTAGCCATGCC-2	0.0	0.5848517	0.05930557	0.16139838	0.0	0.0	0.0045886077
GTGAGTTCAGTCGAGA-2	0.21081105	1.0596371	0.0	0.0	0.0	0.0	0.031602282
AAGCGAGCAGGAGGTT-2	0.0	0.45266867	0.72310674	0.117963195	0.0	0.0	0.0044250167
CGTTAGACAAAGTGTA-2	0.8029567	0.0	0.024565713	0.21459135	0.022071388	0.0	0.015346136
TTGTGTTTCACCTTAT-2	0.14023682	0.5989173	0.13725677	0.2105837	0.017735478	0.0	0.014027162
ATATCCTCACCGCTAG-2	0.19940539	0.61393124	0.0	0.07676523	0.0	0.0	0.015292428
TTCATGTGTTTGAAAG-2	0.35662597	0.0	0.67105037	0.0	0.0	0.010688636	0.014137625
CAGATCACATACAGAA-2	0.0	0.5503992	0.57523096	0.017010253	0.036050063	0.038169783	0.0
CCCATTGAGGGTAGCT-2	0.39632604	0.2441068	0.08021416	0.2179549	0.0	0.0	0.033290647
CCGAACGTCCTACCGT-2	0.11855512	0.05315113	0.36983433	0.1048687	0.030276222	0.0	0.0
AAACGAACAGCGAGTA-2	0.34247983	0.49588284	0.039056886	0.0997869	0.0054223626	0.0122476	0.0065139467
AATGAAGCACAAAGCG-2	0.65825397	0.0	0.2534755	0.2077344	0.02572469	0.0	0.0
CTCAAGACAGCTGAGA-2	0.029727802	0.5673198	0.32727963	0.0	0.0	0.109115764	0.0
GCGAGAACAACCCGCA-2	0.024707286	0.9138103	0.09646162	0.20363073	0.064131126	0.0035225651	0.0130922
ACCAAACCATCCTGTC-2	0.53170824	0.15606524	0.18103497	0.0	0.0	0.010589652	0.016671628
TTGCATTGTATTCCGA-2	0.30895004	0.40657997	0.1553858	0.034432657	0.0	0.060854167	0.0
GTACAGTCATGTGGTT-2	0.22587076	0.16827455	0.4408639	0.1444779	0.0	0.0	0.0
GATAGCTGTCAAGGCA-2	0.7653018	0.5021547	0.0	0.0	0.0	0.0	0.0
AAAGAACAGCAGTCTT-2	0.78066105	0.3056559	0.0	0.0	0.0	0.0	0.0
AATCGACCACTACGGC-2	0.22330591	0.2508907	0.26160255	0.15004875	0.0	0.0	0.012936792
ACCATTTAGGTCTGGA-2	0.0	0.0	0.6339694	0.31714505	0.124648325	0.071673684	0.0
AATGGCTAGTAGGTTA-2	0.34560516	0.46667725	0.0	0.047483716	0.0	0.073737025	0.0
CACTAAGTCTTGGTCC-2	0.7420973	0.4704233	0.0	0.0	0.0	0.0	0.015186806
ACTTCGCGTGGCTGAA-2	0.21362545	0.76996756	0.05361485	0.0	0.0	0.0	0.0013977555
GCCATTCGTTCCTTGC-2	0.073754966	0.529977	0.25337854	0.0	0.0	0.0	0.0
TTCGCTGCATCGGATT-2	0.0	0.0	1.1488334	0.0	0.2837675	0.0049209143	0.016299888
TTTGTTGGTATTTCCT-2	0.24412322	0.44533092	0.11145868	0.21068832	0.0	0.044279695	0.003731084
TCCGTGTGTCGGTACC-2	0.09317284	0.25648287	0.39413	0.0	0.008060222	0.0	0.009943507
GTAGGAGTCCGTGTGG-2	0.6679426	0.15906629	0.1583962	0.0	0.0	0.0	0.01910791
GGGATCCGTTTAGAGA-2	0.57947826	0.28469816	0.0009108021	0.0	0.0	0.0	0.0
TCCAGAATCGCTGTTC-2	0.49370486	0.3317055	0.10915858	0.2706753	0.014395194	0.0	0.0016575347
TTTCAGTGTATGCGGA-2	0.06317431	0.038062118	0.59229606	0.0	0.061233345	0.0938427	0.001516881
TATACCTCAGCGCGTT-2	0.2163967	0.6471618	0.21747713	0.06236128	0.0	0.11405384	0.023394737
CTAGGTAGTAGCGCTC-2	0.31535918	0.0	0.6642272	0.0038927079	0.0	0.027816394	0.02825881
TCAATCTCATGAGGGT-2	0.04962237	0.52497035	0.22847058	0.08454149	0.034138143	0.027793339	0.00039469573
GGTAGAGAGCAGCCTC-2	0.068457775	0.23749453	0.32382527	0.08426373	0.0	0.015414397	0.0060297865
TGCAGATGTAGACACG-2	0.31911615	0.33691344	0.25836265	0.02096876	0.01640883	0.0	0.008494567
GGGAGTAGTCTACTGA-2	0.47591537	0.23188047	0.23894387	0.0	0.011058155	0.011789851	0.0
TTGCTGCGTCTAACTG-2	0.18425485	0.514327	0.11168491	0.035761163	0.0	0.0	0.0062283254
TCGACGGTCAGCCTCT-2	0.6371877	0.046627168	0.33588976	0.0	0.029138992	0.020600209	0.004760473
AGGTTGTCATATCTGG-2	0.20213306	0.3947701	0.06847204	0.0	0.017040648	0.0	0.0
CTGTCGTCATTCAGGT-2	0.4291267	0.1486359	0.35833162	0.0709704	0.0	0.117302954	0.07319202
TGCGACGGTCCAGCAC-2	0.43910924	0.35086796	0.16403957	0.0	0.033994075	0.0	0.022320531
GTGTAACTCTCCTGCA-2	0.22001798	0.3495893	0.19775379	0.03530467	0.026439391	0.0	0.0
GCATGATCATCCTCAC-2	0.46165472	0.17032185	0.052098233	0.0	0.0	0.016826162	0.0
CAACCTCGTCATCGCG-2	0.6346372	0.5197314	0.0	0.0	0.037374634	0.0	0.0
AAATGGATCGTTATCT-2	0.151744	0.08420037	0.5977471	0.17537731	0.10771789	0.0	0.0
CTCCAACTCCGTGGTG-2	0.53901285	0.0	0.20962091	0.19376686	0.028951459	0.072241925	0.0066583296
ACAAGCTCACGATAGG-2	0.63229907	0.070668206	0.10097754	0.16191016	0.0	0.0	0.0
ACGCACGTCAACCTCC-2	0.20113827	0.67983145	0.0	0.02757353	0.009955242	0.0	0.0
TAATTCCTCATAGACC-2	0.19468416	0.5896504	0.024728414	0.015671419	0.0	0.013261118	0.0
CCGTGAGGTCTTGCGG-2	0.23507027	0.0	0.5608567	0.041767195	0.15805961	0.115686186	0.026238127
GATGGAGGTACGGGAT-2	0.31158346	0.8291592	0.10304194	0.0	0.0013971574	0.006506328	0.011504686
CGCATGGAGCGGTAGT-2	0.25418565	0.3681678	0.036170088	0.0	0.0070330873	0.0	0.0
ATCGGATGTGAATATG-2	0.7822045	0.0	0.19395564	0.0	0.024755858	0.0	0.026467294
TCACGCTGTCTGTAAC-2	0.21003193	0.4629584	0.11889046	0.13436042	0.0	0.0	0.021944063
GTGGAGATCGCCTCTA-2	0.49247253	0.4685311	0.08026289	0.0	0.0	0.034163225	0.01592991
GGCACGTGTTGCATAC-2	0.0718664	0.71272427	0.22473139	0.12217947	0.0	0.0	0.0037238027
GAGATGGGTCAGGCAA-2	0.41903833	0.5320904	0.023758575	0.0	0.0	0.0	0.0
CAAGACTGTACTGAGG-2	0.0	0.1615221	0.87195414	0.17227378	0.0	0.0668399	0.0
CTTCCTTCACCGTCTT-2	0.4631067	0.2380394	0.3884425	0.0	0.05530803	0.0	0.01243834
GGAGCAAAGGCTGAAC-2	0.0	0.49744406	0.6547354	0.0076400065	0.0	0.0	0.0
TAGGGTTAGTCTGGTT-2	0.4857825	0.10813394	0.056578625	0.0	0.001957006	0.0	0.0
CGGAATTTCGGCTGTG-2	0.39686581	0.41267303	0.056160264	0.0650835	0.0	0.0	0.00010349445
ACCCTCAGTGTTTACG-2	0.7340831	0.029059019	0.12586108	0.13922001	0.0	0.0	0.0013104045
AACTTTCGTGCGAAAC-3	0.11339629	0.055398308	0.1604221	0.3414403	0.057714228	0.07803586	0.0738038
AAGTCTGGTCGATTGT-3	0.31400025	0.048952337	0.0	0.61934286	0.0	0.0	0.12907949
AATCCAGCAATAGCAA-3	0.0065325443	0.029782703	0.5106231	0.20799276	0.15621474	0.13955028	0.052533336
ACACCCTCACCGTTGG-3	0.13887875	0.12459775	0.14014234	0.29293168	0.032103375	0.029647699	0.07175551
ACACCGGAGCGTCAAG-3	0.34728622	0.15697074	0.0	0.35380504	0.0	0.013368377	0.06937129
ACACTGACATGCTGGC-3	0.35655025	0.06425841	0.0	0.55271786	0.0	0.0	0.060748976
ACATCAGCAGCCTTGG-3	0.09009921	0.18950818	0.1990796	0.2331144	0.0	0.011049034	0.03638666
ACCAGTAAGGTGCACA-3	0.056265745	0.21745145	0.10003059	0.32188696	0.027360981	0.0738516	0.014129731
ACCCACTTCGGTCTAA-3	0.02015411	0.0	0.42994857	0.17617881	0.24879043	0.060674775	0.02733939
ACGAGCCGTGTGGTTT-3	0.22231853	0.26479036	0.010013158	0.28275457	0.0	0.0	0.042740054
ACGGGCTCACGCGAAA-3	0.16049403	0.13982078	0.0	0.5023467	0.0	0.0	0.07485635
ACTGTCCGTGAGTGAC-3	0.50253725	0.14914916	0.0	0.28371647	0.0	0.0	0.072131194
AGCAGCCTCCATGAAC-3	0.2305788	0.089771055	0.13828059	0.33942014	0.04305766	0.05267567	0.070361264
AGCTCCTCATTAGGCT-3	0.16865313	0.40771094	0.11011799	0.10448453	0.04144186	0.03885	0.055294447
AGCTCTCAGAGCCCAA-3	0.16143884	0.22424135	0.01704243	0.15153298	0.0	0.0	0.026076209
ATCCACCAGAGTACCG-3	0.0	0.102230534	0.49729744	0.4290356	0.023104701	0.07805571	0.0
CAGAATCAGAACTCGG-3	0.11182112	0.1918283	0.0	0.48143354	0.0	0.0	0.08305336
CATATGGGTCTGGTCG-3	0.34009555	0.18340188	0.0	0.20321345	0.0	0.0	0.026065035
CATCAGACAGTAACGG-3	0.22389905	0.2149902	0.09477384	0.1768024	0.011617918	0.044413995	0.03335806
CCACCTACATTAACCG-3	0.05585145	0.24764727	0.0	0.66618913	0.0	0.0	0.045246556
CCCTCCTCACCGTTGG-3	0.07983021	0.06885059	0.121718995	0.43425372	0.0062850253	0.029800527	0.01908057
CCCTCCTTCCTACAGA-3	0.0	0.0	0.7318374	0.02233273	0.16676435	0.14342572	0.029045828
CCTAAAGTCACTATTC-3	0.15419629	0.25435054	0.0	0.3789002	0.0	0.0	0.043119926
CCTTTCTTCTAAGCCA-3	0.22149822	0.14324367	0.036389314	0.3486829	0.0	0.022538159	0.02754062
CGATTGAGTAATAGCA-3	0.3760699	0.34028977	0.0	0.1392911	0.0	0.02414954	0.054830372
CGCCAAGAGGGAACGG-3	0.19561587	0.17984018	0.0	0.3781991	0.0	0.0	0.051292803
CGCCAAGTCTAACTCT-3	0.20002139	0.16685091	0.0	0.44568756	0.0	0.0	0.038646296
CGGACGTTCGAGAACG-3	0.45343223	0.08556399	0.0	0.34844428	0.0	0.0	0.067971475
CGTGTAATCACATACG-3	0.09816824	0.23355836	0.05995332	0.3009187	0.077941515	0.025444211	0.032847017
CGTTGGGGTGCCTGGT-3	0.09885495	0.25836438	0.106885426	0.26662073	0.03872951	0.083024204	0.010889187
CTAGTGACAAGCTGGA-3	0.09616189	0.06414353	0.12775597	0.54905194	0.1282338	0.0	0.04996564
CTAGTGATCTACCAGA-3	0.28130874	0.27320343	0.0	0.34284315	0.0	0.0	0.071167596
CTCAGAAAGACCGGAT-3	0.14729097	0.15728456	0.085734226	0.32974955	0.08897612	0.0	0.065306626
CTCATTATCGCACTCT-3	0.17390242	0.4152639	0.09920769	0.20110065	0.028365834	0.055216294	0.08287976
CTCGAAACACTTAAGC-3	0.066525124	0.08284549	0.12793474	0.1712323	0.0	0.0	0.015400323
CTCGTCAAGTACGCCC-3	0.24716412	0.42969945	0.032065287	0.33953124	0.0	0.010146938	0.06498144
CTGGTCTAGATGTTAG-3	0.09010406	0.15202214	0.0	0.42749524	0.0	0.0	0.05905075
CTGTTTAGTCAACATC-3	0.21148415	0.5190505	0.0	0.40895826	0.0	0.0	0.039970044
GAACGGACAAGCCTAT-3	0.0	0.0	0.4453259	0.0	0.39162356	0.0	0.026317734
GAATAAGAGAACAACT-3	0.08401351	0.0	0.11666044	0.53867686	0.12150897	0.056707263	0.17472933
GACTACAAGGCCGAAT-3	0.0040834243	0.30045927	0.11655052	0.3337211	0.005140224	0.09524485	0.028461272
GATTCAGCATGCGCAC-3	0.08069969	0.39781916	0.050164342	0.42094928	0.0	0.0	0.074177176
GCACATAAGTGTGGCA-3	0.20346202	0.0647712	0.07480817	0.3372461	0.0073527563	0.01208554	0.09036184
GCTGCTTCATGGTTGT-3	0.22861218	0.16047099	0.0	0.4501409	0.0	0.0	0.056780297
GCTTCCACACGAGAGT-3	0.22815579	0.23413636	0.0	0.5088103	0.0	0.0	0.078285456
GGAACTTAGCTTATCG-3	0.20385751	0.017604895	0.025114521	0.6845998	0.0	0.0	0.05544481
GGACATTGTACGAAAT-3	0.28519467	0.44434	0.0	0.100575134	0.0047622193	0.0	0.048815276
GGCAATTTCACCCTCA-3	0.08939293	0.20362957	0.084647454	0.17230839	0.0029556956	0.009207265	0.01607054
GGCGTGTAGTCGATAA-3	0.1756627	0.16163856	0.0434365	0.40308896	0.0	0.044193354	0.016996976
GTAGTCAAGATCGGGT-3	0.47630885	0.21413223	0.0	0.3605844	0.0	0.0	0.09795658
GTAGTCAGTAGCGATG-3	0.0891814	0.029883964	0.27704287	0.4928303	0.0	0.04838404	0.048370413
GTCACAAGTTATCCGA-3	0.24071693	0.0	0.0	0.9218608	0.0	0.014766473	0.10326086
GTGTGCGTCTAGCACA-3	0.44462764	0.23198996	0.0	0.28705102	0.0	0.0	0.06067852
TAAGAGAGTGCAGGTA-3	0.1307568	0.2584026	0.042140014	0.27844724	0.0	0.059197806	0.030312106
TACCTTAAGTTACCCA-3	0.11884596	0.17082343	0.053869806	0.24107705	0.037905004	0.0	0.029669352
TACTTGTAGCCTATGT-3	0.034252837	0.16201387	0.15000133	0.36546442	0.003357656	0.012395984	0.03466862
TAGCCGGGTACTCAAC-3	0.08922745	0.14564134	0.1061975	0.37050587	0.08590384	0.09474949	0.041085348
TCAGGTACAAAGGTGC-3	0.122976944	0.10022492	0.14446905	0.27650777	0.010919462	0.0058667907	0.034733646
TCCACACGTCATGCCG-3	0.25224242	0.32051784	0.08627609	0.26767406	0.05331846	0.0408842	0.0260527
TCCCGATGTGTTCTTT-3	0.0	0.15373878	0.32604337	0.13444845	0.22290014	0.07190643	0.013669466
TCTCTAATCGTGGGAA-3	0.15828565	0.08985501	0.124453105	0.20936581	0.13766871	0.11371991	0.03745391
TGGCTGGAGTGGTAGC-3	0.13263302	0.25059816	0.0	0.42619777	0.0	0.0	0.036849532
TGGCTGGGTGTCCTCT-3	0.38301617	0.0522465	0.0	0.5535002	0.0	0.0	0.028293153
TTCTACATCGAGGTAG-3	0.09071566	0.2742889	0.0	0.34581065	0.0	0.0	0.045802057
TTCTACATCTTCTGGC-3	0.20186125	0.22135127	0.0	0.34984937	0.0	0.0	0.04917437
TTGAACGTCAGCTGGC-3	0.04720842	0.25353953	0.0	0.6032965	0.0	0.0	0.033440102
TTGCCGTCATCGTCGG-3	0.0	0.05564411	0.4463619	0.15826903	0.016608581	0.067983404	0.08376007
TTTGGTTAGCCGGTAA-3	0.29859787	0.510143	0.0	0.35746422	0.0	0.0	0.051038764
GAACATCTCTTGCAAG-3	0.077777736	0.4402111	0.019303411	0.13068207	0.0	0.04492461	0.009115473
ACACCGGGTATGAAAC-3	0.13855065	0.22167648	0.071355715	0.57792455	0.007009024	0.012213689	0.035642453
GTTAAGCGTTGGAGGT-3	0.31214273	0.23188722	0.008728928	0.1482706	0.0	0.0	0.007817263
ACGCCGATCGGACAAG-3	0.059054088	0.43638012	0.0	0.21932164	0.0	0.10158544	0.09188561
GATCGATTCATAGCAC-3	0.5680967	0.0	0.0	0.3669865	0.0	0.0	0.051701147
CTACGTCCAAGGTTCT-3	0.10973807	0.32261047	0.0039970633	0.26549172	0.0	0.012896524	0.042057022
AGTAGTCAGTCTCCTC-3	0.26866177	0.03385352	0.058796678	0.24398212	0.0	0.0	0.023369305
GGTGTTATCAGTTGAC-3	0.058199678	0.12988281	0.04246174	0.47920308	0.003001545	0.045432877	0.06351134
GTACTCCAGACAATAC-3	0.087666065	0.26315057	0.04651712	0.37623316	0.16246335	0.0	0.05819605
ACGGGTCCAGCTTAAC-3	0.049553752	0.22925602	0.057537083	0.19919446	0.0	0.0	0.024042811
AAATGCCTCCTTGACC-3	0.13252997	0.0633449	0.121350385	0.2066289	0.03130553	0.13650598	0.050733805
AGCGGTCCACACGCTG-3	0.31198376	0.0	0.0	0.5863917	0.06055085	0.026677433	0.044195887
AGTAGTCAGGGTTTCT-3	0.15315333	0.23748037	0.12329948	0.09423349	0.0	0.11730126	0.025715403
ATCACGATCAAACAAG-3	0.26720542	0.036843855	0.07946583	0.029508024	0.18773031	0.09720018	0.022645429
ATGCGATGTCTCAACA-3	0.07094327	0.047553755	0.28212088	0.28462318	0.06581421	0.19654746	0.026731605
ATGCGATGTGCGGTAA-3	0.0	0.0	0.7158725	0.0	0.2824414	0.0	0.0
CCGTACTGTTGTACAC-3	0.19539042	0.16144492	0.0935318	0.40634245	0.027394999	0.023694184	0.044550728
CCTTACGGTCTAAAGA-3	0.2372141	0.33692226	0.016291618	0.09972394	0.032723006	0.12728849	0.03994583
TAGGCATCAACTGCGC-3	0.4665371	0.029989634	0.0	0.38068786	0.0	0.13032454	0.13298564
TCTGAGATCGTTGACA-3	0.17172967	0.447425	0.0	0.2466168	0.0	0.09285282	0.045702893
TGAGGGAAGAGTGAGA-3	0.37304458	0.0	0.05832992	0.20450397	0.056778047	0.252634	0.15424922
TGCGCAGTCAGATAAG-3	0.35619962	0.067615844	0.0	0.4669931	0.0	0.0	0.07916576
TTAACTCGTCTCTCTG-3	0.46127397	0.3429213	0.0	0.11734089	0.0	0.099340454	0.040909644
TTCTCAATCCTTGCCA-3	0.29296243	0.19591634	0.0	0.28404292	0.0	0.033593416	0.039775036
AAAGCAAAGATAGGAG-3	0.41021088	0.0	0.03908218	0.23177831	0.16619807	0.18083878	0.05565826
ATCTGCCCACTGTTAG-3	0.019912973	0.098617844	0.15900809	0.46028617	0.040316492	0.23040871	0.0
ATTACTCTCGGTGTTA-3	0.0	0.09090011	0.47903022	0.23779196	0.048785016	0.30562943	0.06335627
CAGCTAAGTTCAGTAC-3	0.26149818	0.4098904	0.048779845	0.010601741	0.0	0.115584575	0.02525385
CCTTCGATCGCTAGCG-3	0.1014638	0.27987304	0.0	0.48806533	0.0	0.0	0.05359279
GATCGCGCAAGAGGCT-3	0.4291362	0.19418721	0.0045974916	0.24279962	0.027895063	0.062190164	0.05543831
GGCGACTCATTGGCGC-3	0.23394908	0.22212979	0.0	0.39409912	0.024671078	0.0378864	0.069719024
GGGTTGCGTACTCGCG-3	0.38274416	0.4279242	0.060780786	0.22382627	0.041262604	0.07699383	0.07280227
GGGACCTCACATAACC-3	0.42976207	0.2871933	0.0	0.19040707	0.0	0.13782313	0.02707292
AAAGATGGTCCGAAGA-3	0.44900954	0.08204891	0.0019773794	0.25533655	0.03406084	0.09392224	0.10418441
ACAGCCGCATGGAATA-3	0.40373722	0.21399146	0.05496118	0.0	0.0	0.081373	0.009255566
ACGAGGAGTACGACCC-3	0.36879653	0.13264628	0.022977501	0.023603981	0.20386045	0.25156534	0.04360454
ACGATACGTCTCAACA-3	0.30967164	0.08838622	0.12484986	0.22861575	0.0	0.100342646	0.04171583
AGACGTTGTACCGCTG-3	0.23960885	0.018150201	0.19169416	0.29959077	0.031972926	0.10796176	0.12128327
ATTATCCCATGGTCTA-3	0.22845754	0.0	0.021963172	0.40976727	0.10445316	0.3902665	0.08058748
CAGCATACATTGGGCC-3	0.43248966	0.013748106	0.055952292	0.22911058	0.055185884	0.14667901	0.028142693
CAGTCCTGTAGAGCTG-3	0.26566315	0.13815619	0.083079755	0.42718238	0.0	0.033776227	0.062190052
CCCATACGTTCGAATC-3	0.14016862	0.21102032	0.31032842	0.17222416	0.05065753	0.15293649	0.0970797
CTCACACAGATGGCGT-3	0.20846614	0.41055167	0.035158053	0.120769285	0.03286169	0.08875362	0.020007454
CTCGGAGTCGTGGTCG-3	0.84859735	0.17157473	0.017488554	0.0	0.0	0.04937048	0.10258167
CTCGGGAGTTCATGGT-3	0.2889072	0.16573395	0.031112147	0.36330405	0.020012267	0.10338578	0.04952535
CTTAACTTCCCACTTG-3	0.16439031	0.25926083	0.1972372	0.2631038	0.019308602	0.13641302	0.05730702
GACGGCTCAGCTGCTG-3	0.21374655	0.17844771	0.0	0.6522101	0.0	0.0	0.018945955
GCATGCGTCTGCCCTA-3	0.3297752	0.4761404	0.062466785	0.0	0.0	0.24763617	0.047751933
GCCAAATTCGGCTTGG-3	0.24052174	0.40985537	0.09291291	0.35761935	0.0	0.032573536	0.026116734
GCGCAGTTCGGACAAG-3	0.10568822	0.12224876	0.13732311	0.27545625	0.0	0.0	0.028888071
TACCTTATCGGTTCGG-3	0.08137793	0.11991423	0.11185633	0.12323186	0.038575012	0.13176635	0.031997547
GTCGGGTCACCTATCC-3	0.0	0.12333102	0.0	0.0	0.6790812	0.14163016	0.0042273314
CCTCAGTAGGTAGCTG-3	0.18089081	0.0	0.0	0.0	0.4289498	0.43487078	0.10914732
AACTCTTCACAACGTT-3	0.50351316	0.08603632	0.0	0.17038822	0.067821644	0.032485034	0.016642908
ACACTGATCGGACAAG-3	0.3345311	0.1978351	0.0	0.2770957	0.17117758	0.1700851	0.05680861
ACGATACCAAGGGTCA-3	0.41319025	0.24489756	0.02768237	0.081380084	0.037729587	0.07461255	0.0045993887
ACTTACTTCGCAGGCT-3	0.49381703	0.0038030243	0.060199782	0.101899035	0.14499475	0.15795754	0.062592424
AGCATACCAATAGAGT-3	0.43991914	0.14731748	0.0	0.099425785	0.05346022	0.10792136	0.017942395
AGCATACGTCGCGAAA-3	0.32709566	0.13514474	0.0046364656	0.2151586	0.08213688	0.09905736	0.01579629
AGCCTAAGTAAGTTCC-3	0.470261	0.092076674	0.0	0.09965055	0.05099766	0.12493507	0.007088568
ATCATCTGTGTGAAAT-3	0.7157383	0.0	0.0	0.0	0.12481067	0.18495563	0.0120567465
ATCTGCCCATGATCCA-3	0.20974734	0.26850834	0.051048923	0.11463153	0.14975345	0.08033372	0.03632346
ATTATCCGTCCAGTTA-3	0.0	0.0	0.0	0.6663799	0.26686257	0.3034293	0.019043474
CAGCAGCGTTCCGGCA-3	0.19594309	0.47315872	0.0	0.13427995	0.10145139	0.19970958	0.03284369
CAGCTAAAGGAGCGAG-3	0.49194264	0.4364566	0.0	0.0	0.0326378	0.041736457	0.013553416
CATGCCTGTTACCAGT-3	0.13184229	0.28630623	0.08281569	0.064968094	0.06586359	0.23895524	0.0
CCACCTAGTCGCATCG-3	0.41778666	0.16784155	0.01988874	0.08296868	0.05158185	0.01985396	0.018025054
CCACCTATCAACACCA-3	0.36714858	0.10113752	0.0	0.2266351	0.04400983	0.08074045	0.029041642
CCACTACAGGTAGCTG-3	0.0981429	0.28740644	0.027372288	0.2663787	0.053516194	0.09562558	0.034827273
CGAATGTGTTATGCGT-3	0.10299244	0.06648315	0.0	0.035511427	0.4964261	0.11746245	0.0107677495
CGAATGTTCAGCGACC-3	0.21561618	0.10322336	0.0	0.090524234	0.14186405	0.09718971	0.01224261
CGAGCCATCCATGAGT-3	0.4508929	0.26343435	0.0	0.14217837	0.030140111	0.046773378	0.034246035
CGATGTAAGGTAGCTG-3	0.5087267	0.0	0.018830685	0.22756575	0.063944295	0.10029143	0.020688912
CGCTGGAGTACGACCC-3	0.23656206	0.28725538	0.00973467	0.12471974	0.033999413	0.077946335	0.013088682
CGGAGCTGTCTAAAGA-3	0.33489853	0.1908977	0.0	0.3872215	0.040987954	0.07058149	0.018468231
CGTCCATAGGGATCTG-3	0.38884073	0.0085409125	0.0	0.14001597	0.036796965	0.34238207	0.07052167
CTCACACTCTTTAGGG-3	0.0	0.0	0.0	0.0	1.2792203	0.075649016	0.0053764167
CTCTAATTCAGGTAAA-3	0.47593343	0.30590332	0.0	0.1120319	0.017915014	0.03371125	0.031653084
CTGAAGTAGCTAGGCA-3	0.51071256	0.41003796	0.0	0.0014625473	0.0	0.018075293	0.008963405
GAATAAGAGACAAGCC-3	0.45508844	0.21066806	0.0	0.06399468	0.080146104	0.06872515	0.01352426
GAATGAAGTGCACGAA-3	0.45221114	0.15193355	0.0	0.021149494	0.078091495	0.06583092	0.011751784
GACCTGGCACGGCCAT-3	0.2640227	0.07257076	0.017407713	0.19695765	0.027892478	0.035184804	0.038740836
GAGGTGATCGACAGCC-3	0.15903556	0.39169422	0.0	0.045608263	0.18674695	0.08300281	0.03619041
GATCAGTTCATCTGCC-3	0.20051159	0.3573787	0.028898736	0.3731786	0.013673673	0.088793814	0.052262142
GATTCAGAGAGACGAA-3	0.31905296	0.10583327	0.0	0.090237826	0.1548836	0.14862753	0.030708356
GCATGTAAGCTGAACG-3	0.0	0.30285606	0.13767724	0.01390252	0.4033649	0.12387442	0.020511184
GCGCGATTCCGTTGCT-3	0.080550194	0.19920072	0.0	0.10533827	0.22447196	0.06891966	0.030313535
GCTCCTAAGCGTCTAT-3	0.54131925	0.3266108	0.0	0.115734935	0.07664174	0.06774541	0.049402308
GCTGCAGTCGCATGGC-3	0.3832127	0.0	0.0	0.3779526	0.06011947	0.0	0.036214396
GGATTACTCTCCGGTT-3	0.20138596	0.027932161	0.0	0.2323933	0.09706047	0.181356	0.04148653
GGGATGAGTTACGGAG-3	0.0	0.0	0.0	0.19244708	0.85646886	0.10826112	0.071285926
GGTGAAGCAATGAATG-3	0.100713834	0.1292673	0.016267978	0.4869672	0.0920519	0.047658637	0.053929374
GTAACTGTCACGAAGG-3	0.44730088	0.31917426	0.0	0.07562222	0.0	0.19072923	0.03989927
GTACGTATCGTTTAGG-3	0.0	0.0	0.0	0.055985067	0.5866992	0.2368196	0.04697464
GTGAAGGCATGGTAGG-3	0.0	0.024528556	0.073626116	0.07004001	0.58317435	0.32199064	0.006121968
GTTCATTGTCGCATCG-3	0.21248691	0.23734023	0.0	0.22950113	0.15738292	0.16148631	0.012202928
TACGGGCAGTGAAGTT-3	0.12066009	0.17788306	0.027149018	0.12312199	0.14326863	0.07096065	0.013589965
TAGACCACAAGTACCT-3	0.29090133	0.13843355	0.013895406	0.21252543	0.15629904	0.14107443	0.033991072
TAGCCGGAGACAGACC-3	0.4684387	0.34773943	0.0	0.13829091	0.027831826	0.08921154	0.033635482
TCATTTGAGTTGTAGA-3	0.36515105	0.17724767	0.0	0.07724264	0.049678896	0.061035357	0.015624033
TCGCGTTGTCAGCTAT-3	0.015131263	0.3251134	0.0	0.31849778	0.07367882	0.2731934	0.027711542
TCTCATAGTGCGAAAC-3	0.19563007	0.23568289	0.0	0.19693851	0.14250587	0.015332518	0.0052168304
TCTGAGAAGATGAGAG-3	0.27777028	0.0	0.0	0.0	0.36220986	0.33215144	0.052155916
TCTTTCCCAGCCTGTG-3	0.0	0.0	0.0	0.0	0.87004507	0.29219025	0.0
AAATGCCCAGCAGTTT-3	0.39480922	0.015666958	0.29159564	0.20226888	0.11188945	0.046150286	0.034098152
AACCATGCAGCTGCTG-3	0.08526557	0.21638712	0.0	0.20498417	0.14055064	0.18345147	0.00020682049
AGTCTTTAGAGACTTA-3	0.21481079	0.49349895	0.0	0.22345255	0.031177742	0.035090934	0.033898465
ATCACGATCCACTGGG-3	0.3385436	0.2909087	0.0	0.058143787	0.1862607	0.15459076	0.043083567
CACACCTTCCCAAGAT-3	0.30801725	0.34411615	0.018158829	0.07656265	0.04844361	0.110990204	0.05880283
CAGCTGGCATCCCATC-3	0.19630662	0.5369822	0.0	0.07936117	0.016072268	0.121526025	0.00978888
CATCGAAGTAAACGCG-3	0.12484563	0.31383225	0.0	0.27572814	0.2581038	0.033218995	0.014407068
CCTTACGCAAGGTGTG-3	0.02564124	0.33065903	0.0	0.22928037	0.4109644	0.13068509	0.03932803
CGGAGTCTCAGGATCT-3	0.30033207	0.22805373	0.0	0.08521102	0.015389888	0.01781741	0.0237931
CGTTGGGGTATCAGTC-3	0.0	0.3473509	0.0	0.08379481	0.13354768	0.08711354	0.0
GAACATCGTTAAGACA-3	0.0019308315	0.41062948	0.077003494	0.13783325	0.050734013	0.0323541	0.0047054994
GAAGCAGTCCTGTACC-3	0.21910258	0.41493008	0.0	0.2152724	0.0074562677	0.0	0.032461736
GATCGATGTTTGGGCC-3	0.052626558	0.30618763	0.0	0.101428494	0.11685457	0.067224614	0.019450739
GATTCAGGTCTCTTAT-3	0.27754948	0.5015037	0.0	0.11768711	0.0	0.054118447	0.024505164
GCATGTAGTGCTCTTC-3	0.0	0.0	0.08293981	0.0	0.8937926	0.28607893	0.0
GGAACTTCACGTAAGG-3	0.12996504	0.18851295	0.0	0.19938181	0.23133779	0.17623796	0.05981165
GGACGTCCAGTATAAG-3	0.0109784445	0.22233269	0.0	0.13214259	0.50787276	0.10120776	0.029648233
GGGTCTGAGAGCTGGT-3	0.1452635	0.04420995	0.0	0.4291552	0.16796774	0.10193196	0.060550805
GTGCTTCTCCGTTGCT-3	0.2761792	0.26927593	0.0	0.16434635	0.01742256	0.04116402	0.011526147
TAAGCGTCAAGTTAAG-3	0.0	0.32689795	0.10202313	0.12715429	0.07048594	0.12795718	0.00050534477
TCAACGAAGCCAGAAC-3	0.53172785	0.0805246	0.0	0.20338657	0.08175254	0.10580226	0.03497611
TCGTAGACACCTTGTC-3	0.039689418	0.2447839	0.09587952	0.088075325	0.058629803	0.13804366	0.011451396
TTAACTCAGTTCCACA-3	0.26634938	0.35104552	0.0	0.17822264	0.021439966	0.09181693	0.022702208
TTATGCTTCCCGGATG-3	0.10036594	0.26266915	0.045931842	0.09310259	0.0	0.103892006	0.0
TCGTAGATCAGTCAGT-3	0.0	0.170599	0.06305578	0.27634287	0.14753082	0.23003867	0.0
CCTTACGAGGCCCTTG-3	0.48492762	0.09484682	0.0	0.0	0.23196179	0.2905162	0.04718829
GCCTCTAGTAGTGAAT-3	0.30380264	0.15793487	0.012305462	0.0955205	0.1931819	0.11199029	0.03469595
GTAGGCCCATGGATGG-3	0.89649945	0.0	0.0	0.020054588	0.022034641	0.0024725252	0.008371752
GTCTTCGGTTGGAGGT-3	0.94054925	0.06351622	0.0	0.0	0.0	0.15792634	0.043812074
CTAATGGAGATGAGAG-3	0.3650526	0.0	0.0	0.29491273	0.31831902	0.10297219	0.039153118
CTACCCAAGAATGTTG-3	0.8453962	0.057154033	0.0	0.091971576	0.0	0.0	0.026191056
GCGCCAAGTAGGCATG-3	0.29212126	0.4951	0.030667016	0.1391906	0.017709138	0.087293744	0.060006216
TACTCATGTTACGACT-3	0.21488751	0.29066053	0.04180607	0.21761176	0.010816987	0.0093990825	0.036802016
GTTCTCGTCCAAACTG-3	0.055203754	0.2542055	0.0	0.38840628	0.01583102	0.13665998	0.01622323
CAGCCGAGTGCGAAAC-3	0.3556911	0.13855599	0.008935811	0.02904757	0.056449555	0.049118854	0.014892009
GTACTTTGTTGGTAAA-3	0.45395327	0.3156906	0.0045656236	0.0	0.02027141	0.11528588	0.037622083
AAAGTAGAGCTAACTC-3	0.34181464	0.26602963	0.14653511	0.16130446	0.10892815	0.09404879	0.07369445
GGGCACTCACATAACC-3	0.03744611	0.0	0.15708302	0.14183319	0.2580135	0.04523207	0.045952734
GGTGTTATCCGGCACA-3	0.39353704	0.1115145	0.0	0.24803095	0.07140316	0.21193185	0.012236342
ACTGATGAGTATCGAA-3	0.31547326	0.094346985	0.02441794	0.051633824	0.057921525	0.084232576	0.019736778
CTCGTCACATCACGTA-3	0.7327787	0.011824761	0.0	0.0	0.19829218	0.12152509	0.03553284
GTAGGCCTCCTCAATT-3	0.5910458	0.07926724	0.0	0.10006364	0.0	0.019086793	0.05149091
TAGCCGGTCCAGGGCT-3	0.29194403	0.38292363	0.0	0.117296614	0.0012931719	0.062503755	0.032737467
TGACTTTGTGTTTGTG-3	0.22857666	0.2320176	0.0	0.27366504	0.13417882	0.14266253	0.030706868
TTTGCGCCATACTACG-3	0.6896821	0.0	0.0	0.18584684	0.18227571	0.020875683	0.11415089
TCCACACTCTATCCTA-3	0.21849443	0.08445642	0.07362673	0.16122228	0.11374065	0.08761538	0.023659896
GTATCTTAGCAGACTG-3	0.0	0.0	0.0	0.37760586	0.50558245	0.4422543	0.0
AGAGTGGCACTTGGAT-3	0.13831139	0.03209131	0.0	0.26741195	0.104206495	0.28698385	0.015775034
ATTGGACTCCTCATTA-3	0.18612772	0.026252128	0.0	0.036420092	0.10489479	0.22051197	0.0
CAAGGCCCAACGATGG-3	0.4862889	0.16339715	0.0	0.0	0.052390233	0.30278102	0.027770251
TGCTGCTAGTTCGCGC-3	0.6476736	0.037327703	0.0	0.07060132	0.084670626	0.08431284	0.04547829
ACGGCCAGTTAAGATG-3	0.36035365	0.09599215	0.11549731	0.0	0.21475364	0.0	0.098565035
GCAGCCAGTGCGATAG-3	0.4895352	0.0	0.0	0.23001796	0.24259329	0.0810393	0.069233716
GTGGGTCGTGTCTGAT-3	0.3534039	0.0	0.05688543	0.2181489	0.0	0.16792057	0.015203313
ACGATGTGTGCAGACA-3	0.33610263	0.0	0.0	0.0	0.32479888	0.27431569	0.0133879315
CTCGAAAGTTCATGGT-3	0.352473	0.016458098	0.024460685	0.03240854	0.042437326	0.0458672	0.007544048
TCAGGTAAGAGCCCAA-3	0.0	0.050781198	0.14548473	0.16816036	0.3881373	0.1421237	0.069123685
GCGAGAACATCACCCT-3	0.22220331	0.21428935	0.0	0.086926915	0.11272427	0.3829828	0.037417136
GGACAGATCCGTAGTA-3	0.54243624	0.10804003	0.0	0.13449399	0.06588171	0.02245598	0.04060319
GGAGCAACACACGCTG-3	0.52279603	0.0075436286	0.0	0.015756708	0.25987446	0.26476863	0.07739877
TACTCATCAGCGTAAG-3	0.18693414	0.26564768	0.0	0.10226594	0.1479576	0.13648255	0.040513836
TCTTCGGCACCCATGG-3	0.0	0.0	0.0	0.0	1.5548711	0.0	0.0
ACTTACTGTTGAGGTG-3	0.41626936	0.0	0.0	0.054129988	0.13781433	0.31324422	0.06698128
CTCACACGTTGATTCG-3	0.31103632	0.0	0.0	0.0	0.026905864	0.05284423	0.62753934
GAAGCAGTCATGTCCC-3	0.23749106	0.0	0.0	0.12865809	0.057621114	0.09269624	0.57026374
ACTTTCATCATGCATG-3	0.0	0.0	0.0	0.0	1.0183955	0.117909186	0.0
TCGGGACCAGTCGATT-3	0.0	0.0	0.0	0.0	0.8029779	0.23619452	0.0
TTTATGCAGCCGCCTA-3	0.06272689	0.1622752	0.0	0.2660353	0.31496027	0.15640837	0.021235276
CAAGTTGTCGATCCCT-3	0.3986748	0.41079718	0.0	0.0	0.06932412	0.13798146	0.06936952
CTGATAGGTACCGTTA-3	0.33103147	0.07706815	0.0	0.0	0.24089912	0.36910152	0.14092563
CGTGTAAGTTTCCACC-3	0.40337873	0.022668943	0.09226305	0.0	0.030453194	0.12940007	0.0
AAACCTGTCAGCTGGC-3	0.57228136	0.10511997	0.0	0.14337195	0.017989151	0.02533221	0.022906557
ACACCCTCATTACGAC-3	0.1275928	0.07940835	0.08686958	0.16296935	0.17054291	0.09307672	0.027895357
ACACCGGGTTCTGTTT-3	0.30014253	0.13513055	0.019617809	0.10674549	0.164407	0.057520624	0.036109213
ACACCGGTCCCATTTA-3	0.42811763	0.19764656	0.0	0.13268973	0.07021441	0.0	0.023217425
AGGCCACCAATACGCT-3	0.63440824	0.0	0.0	0.03255464	0.025293114	0.058523413	0.026910858
ATCCACCCACTCGACG-3	0.25299588	0.13872133	0.0	0.22281276	0.036793217	0.11316747	0.036107115
ATCCGAATCACCTTAT-3	0.42189312	0.11001344	0.0	0.15658955	0.1262362	0.13676591	0.042044416
CAGCTGGAGGCTATCT-3	0.33790815	0.21912096	0.0	0.22176203	0.073447905	0.040020123	0.04463987
CATATGGTCGGATGGA-3	0.72691184	0.10646808	0.0	0.033016745	0.03715259	0.022461439	0.041481446
CATCAGATCATGTCTT-3	0.34156027	0.11391538	0.0	0.12088945	0.3250095	0.25808504	0.011348898
CATCGGGCAGCCTGTG-3	0.095688626	0.12679517	0.013797406	0.086370185	0.45601824	0.14608423	0.057252526
CATGACACATATACCG-3	0.0	0.0077024223	0.0	0.308239	0.3030171	0.5591483	0.0
CATGCCTAGGAGTTTA-3	0.0	0.09613613	0.058141552	0.37169915	0.047485813	0.07788238	0.0
CGATGGCGTGCACCAC-3	0.23429166	0.0	0.0	0.42676258	0.13023318	0.11980469	0.061813872
CGATTGATCACGAAGG-3	0.2868312	0.11276119	0.0	0.29284343	0.1458604	0.10343037	0.047955148
CGGACACTCATCTGCC-3	0.4711208	0.2052428	0.0	0.06386274	0.06899219	0.21096945	0.1093138
CGTAGCGAGTGATCGG-3	0.17651595	0.15833375	0.0	0.04501356	0.23974144	0.10831467	0.09009027
CTAATGGCAGCAGTTT-3	0.30912742	0.33931872	0.0	0.141467	0.038631707	0.036339115	0.016425312
CTGCGGAGTGACAAAT-3	0.2939296	0.25562665	0.0	0.05528276	0.0540379	0.12635629	0.045452345
CTTGGCTTCTGTACGA-3	0.67431283	0.12263687	0.0	0.0026267683	0.039339222	0.036049977	0.042045776
GACACGCCAGGCTCAC-3	0.17040369	0.016074583	0.0	0.26918712	0.29395902	0.23965506	0.024282712
GACCTGGTCCAAACTG-3	0.4472827	0.17149448	0.0051158797	0.06222044	0.08896253	0.09605527	0.05022617
GCCAAATGTTGGACCC-3	0.2674856	0.022524403	0.010631123	0.26530024	0.14188482	0.16946866	0.0548855
GTCACGGCAAACCCAT-3	0.6230013	0.109728344	0.0	0.0	0.028646536	0.016347034	0.035667825
TAGACCATCTGATACG-3	0.23734081	0.062135033	0.0	0.36022276	0.010499631	0.08955037	0.035297334
TCAATCTAGGTTCCTA-3	0.015917344	0.05001887	0.0	0.0	0.720519	0.10296159	0.0512988
TCATTTGAGTCTTGCA-3	0.0	0.0	0.0	0.0	0.93662983	0.0	0.0
TCGCGAGCACGACGAA-3	0.07590109	0.3472651	0.0	0.18403174	0.08569562	0.16741636	0.001107368
TGCGCAGTCAGTTTGG-3	0.0	0.061403513	0.0	0.15814985	0.5446128	0.23473321	0.039582208
TTTGCGCTCAGCGACC-3	0.35588136	0.18009236	0.0	0.025995057	0.06102959	0.14438747	0.060825907
ACGGGTCAGTCTCGGC-3	0.50731117	0.0	0.0	0.0152139515	0.37407473	0.23736003	0.06815749
ACTGATGTCAGTTTGG-3	0.5470783	0.0	0.0	0.14611533	0.049697287	0.12887767	0.014139788
AGATCTGTCGGAGCAA-3	0.010197623	0.16972317	0.0	0.0	0.4183641	0.04808476	0.03325147
AGCGTATGTCCAGTTA-3	0.27934515	0.20836075	0.0007169052	0.11345727	0.007532917	0.120944835	0.020560754
AGCGTCGCAGGTTTCA-3	0.32984155	0.0	0.0	0.09753427	0.4882524	0.24753232	0.026758803
ATCGAGTTCAGTCAGT-3	0.37284476	0.06290961	0.0	0.18971753	0.029555632	0.028956516	0.016707243
CAACTAGAGTACTTGC-3	0.85855585	0.13326576	0.0	0.0	0.14912598	0.024009582	0.01828386
CCACGGAAGGGCTCTC-3	0.14000073	0.0	0.0	0.3895062	0.31529987	0.2182091	0.013387848
CCTACCAGTCACCCAG-3	0.33550817	0.035091262	0.0	0.09805312	0.38732198	0.15262045	0.054141384
CGACTTCAGTATCGAA-3	0.4955061	0.0	0.0	0.24694403	0.0805343	0.257103	0.005323676
CGATCGGAGTGACTCT-3	0.059803102	0.0	0.0	0.0	0.65923667	0.29385105	0.020989405
CGCGGTAGTATAAACG-3	0.26369628	0.0	0.0	0.25555822	0.10981868	0.19296584	0.04311781
CGGAGTCGTACGACCC-3	0.6525406	0.0	0.0	0.0071614725	0.1302313	0.11331419	0.055046733
CGTGTAAGTAGCGTCC-3	0.2919853	0.0	0.033284012	0.20765775	0.28772146	0.16627157	0.021147327
CTGAAACAGATCCTGT-3	0.41663393	0.0	0.0	0.30052957	0.05988595	0.15572806	0.004815642
CTGAAACGTGTCCTCT-3	0.52698886	0.07700551	0.0	0.09595033	0.17364387	0.17454568	0.0
CTGCTGTTCACGCGGT-3	0.41352755	0.041253444	0.0	0.5552269	0.07618535	0.072775245	0.012790352
GAACCTAAGCAACGGT-3	0.26916283	0.0	0.0	0.015136197	0.10483898	0.50793153	0.0
GACGGCTCACGACTCG-3	0.24537255	0.0	0.046303097	0.12085118	0.23831198	0.4175289	0.05052323
GCGAGAACAGAAGCAC-3	0.10935038	0.07843754	0.0	0.235701	0.31326157	0.27109653	0.020604616
GCTGCAGGTACGACCC-3	0.47587934	0.0	0.0	0.0	0.28245786	0.20107067	0.052971408
GCTTCCAGTAGCTAAA-3	0.6628346	0.0	0.0	0.09465819	0.12530155	0.19939508	0.030510874
GCTTGAACACTATCTT-3	0.16491444	0.0	0.0	0.016129749	0.38347954	0.40241608	0.0
GGACAGATCACGATGT-3	0.06821042	0.0	0.0	0.0	0.71343726	0.3227657	0.045146808
GGCTCGAAGGACAGCT-3	0.31854334	0.0	0.0	0.05094819	0.20311016	0.2659342	0.009304741
GGTGTTAAGGGAACGG-3	1.0504942	0.0	0.0	0.0	0.018252954	0.08381274	0.03605612
GGTGTTATCCGTTGCT-3	0.5983802	0.03132664	0.0	0.06908386	0.039173547	0.15384002	0.0058835987
GTAGTCATCCTAGTGA-3	0.53453517	0.0	0.0	0.28003344	0.1543304	0.20629673	0.028237706
GTCCTCATCAATCACG-3	0.40421638	0.0013406654	0.0	0.06487221	0.053274125	0.30834535	0.006150694
TATCTCAAGCATCATC-3	0.18455903	0.015873102	0.037563164	0.13640739	0.08055862	0.055688366	0.015790598
TATCTCACACCTGGTG-3	0.41328987	0.0	0.0	0.12693954	0.20820662	0.19686575	0.03940157
TATCTCATCCGCGGTA-3	0.29950017	0.009089611	0.0	0.18283841	0.42537686	0.115056306	0.0061801397
TTCCCAGTCATCTGTT-3	0.44065294	0.0	0.086865686	0.11582989	0.27379015	0.22461618	0.021282434
AAAGATGCATGCATGT-3	0.0	0.11818012	0.26595	0.2020431	0.0	0.010691143	0.02445197
AACTGGTCAATCGGTT-3	0.10101885	0.69200253	0.0033701449	0.15397377	0.0	0.014928213	0.06918737
ACAGCCGAGACAAAGG-3	0.07228386	0.39387795	0.028374264	0.1939981	0.0	0.024261035	0.025857927
ACAGCCGTCTTGACGA-3	0.011195724	0.0	0.71389097	0.0030651297	0.0	0.048089772	0.040201
ACATCAGCATAACCTG-3	0.04593727	0.33287978	0.26743662	0.0790044	0.0	0.08719634	0.021547846
ACATCAGGTGACTCAT-3	0.524234	0.21686584	0.0	0.10555204	0.0006738179	0.025341822	0.1511413
ACCCACTAGCCCAACC-3	0.01456908	0.13751216	0.23127133	0.22706649	0.0	0.0	0.0045533977
ACGTCAAGTGTCAATC-3	0.018674036	0.20358054	0.14416838	0.30577534	0.09322278	0.0	0.011376466
ACTATCTAGAAGGTTT-3	0.054562543	0.4370693	0.19951311	0.12136996	0.0	0.08282182	0.029364727
AGAGCTTAGCTACCGC-3	0.12074092	0.17623425	0.0	0.18989156	0.0	0.021312373	0.022908134
AGCTCCTCAGATGGGT-3	0.045873545	0.053203996	0.3042037	0.16512004	0.07552457	0.080349416	0.01316789
AGCTCTCGTAGTGAAT-3	0.26787993	0.48719558	0.08347869	0.2854162	0.0	0.025502913	0.043974675
AGGGAGTCAGCCTGTG-3	0.1278356	0.31018278	0.0	0.28483462	0.0	0.0	0.057170555
AGTAGTCTCCGAAGAG-3	0.0051596523	0.0	0.5232102	0.12964527	0.03503831	0.0	0.021782989
ATAGACCTCTACTCAT-3	0.1622335	0.0732202	0.23755011	0.21849428	0.0	0.028661959	0.053450096
ATCTACTCAGTGGGAT-3	0.18506792	0.45126772	0.0	0.14148371	0.0	0.0	0.026992844
ATGAGGGAGTGACTCT-3	0.1850606	0.2667279	0.062276382	0.26190394	0.0	0.0010080829	0.03254477
ATGAGGGAGTTTCCTT-3	0.06106516	0.4910854	0.0	0.49706173	0.0	0.008107282	0.03224254
CAACCTCTCTGTTGAG-3	0.06139841	0.011133311	0.54872024	0.051951863	0.021438707	0.0	0.03160372
CAAGGCCCAGATCCAT-3	0.0	0.0	0.60737044	0.1551623	0.0463421	0.0	0.02246482
CAGAGAGAGTCAAGGC-3	0.21025379	0.17848556	0.045598444	0.29449093	0.0	0.008448829	0.04809111
CAGATCAAGGCGATAC-3	0.377035	0.27375335	0.0	0.13169572	0.0	0.055111796	0.029128158
CAGTCCTAGAAGGCCT-3	0.031970814	0.28584197	0.1682636	0.2543387	0.0	0.06554167	0.056050908
CATGACAGTGATGCCC-3	0.21237181	0.0041643046	0.16078813	0.3389091	0.024001341	0.035628803	0.088964686
CCAGCGATCTGTGCAA-3	0.22828355	0.26793897	0.025773717	0.15211229	0.0	0.0	0.031183492
CCCAGTTCAAGTTCTG-3	0.20902169	0.10417594	0.03648574	0.32930356	0.0	0.0	0.022659618
CCGTGGACATACAGCT-3	0.22572441	0.34989208	0.0	0.30297348	0.0	0.074634805	0.072459765
CCTTACGTCCATGAAC-3	0.19072378	0.21477123	0.0026496723	0.2610305	0.0	0.0	0.039036468
CCTTCCCCAAGGGTCA-3	0.1200813	0.20083442	0.30922246	0.093534775	0.0	0.025602598	0.024779264
CGAATGTAGAACTGTA-3	0.07112209	0.02847967	0.32713127	0.31752545	0.037850816	0.0655119	0.02727928
CGAGCACCAGCCTGTG-3	0.08044522	0.38115302	0.0	0.25645038	0.0	0.011592267	0.009088772
CGAGCCAAGAGACTTA-3	0.24664673	0.4892591	0.0	0.06949306	0.0	0.005959611	0.048186414
CGGACGTCATTAGGCT-3	0.0	0.29548585	0.1413363	0.08159776	0.0	0.07450563	0.024952639
CGTAGCGTCCATGAAC-3	0.09328422	0.36340356	0.020411117	0.23628573	0.0	0.0016982058	0.058604445
CGTCCATAGTACGCCC-3	0.09927388	0.17851979	0.0380296	0.13195106	0.0	0.0	0.008379067
CTAAGACAGGACATTA-3	0.13302	0.40568313	0.09494612	0.22409385	0.0	0.0900369	0.053103972
CTAAGACGTATTACCG-3	0.22763596	0.15087505	0.15948628	0.12343503	0.0	0.06691306	0.054220475
CTACCCAAGCATGGCA-3	0.22864191	0.22732131	0.005482207	0.42221862	0.0	0.0	0.040089965
CTCATTAGTAACGCGA-3	0.0	0.0	1.0239786	0.0	0.01234578	0.0	0.061511785
CTCGGAGTCTATGTGG-3	0.1022287	0.13909884	0.09261916	0.18979171	0.0	0.00049052073	0.019727137
CTCGTCATCAGGCGAA-3	0.0	0.0	0.86356753	0.20984776	0.0	0.0	0.04517171
CTCTGGTTCACGGTTA-3	0.027883671	0.24513172	0.10694661	0.602948	0.0	0.028993929	0.024241142
GAAATGAGTCTCACCT-3	0.024523733	0.25771165	0.3185761	0.28671125	0.030033832	0.021622106	0.01956
GAAGCAGCATATGAGA-3	0.15480436	0.6855179	0.0	0.14620106	0.0	0.004862962	0.04331499
GAAGCAGTCCACGTGG-3	0.07298618	0.49829355	0.16415489	0.13512908	0.0	0.011993041	0.037402682
GAAGCAGTCTCCGGTT-3	0.27762595	0.09341699	0.15871604	0.39137387	0.0	0.054387316	0.061892543
GACGGCTCACGTTGGC-3	0.31797218	0.36719006	0.0	0.07964024	0.0	0.0369562	0.03137614
GACGGCTGTAGCCTAT-3	0.10332591	0.30291954	0.06285538	0.28811267	0.0	0.036973186	0.055405308
GCAATCATCCTAGGGC-3	0.17381269	0.092260264	0.6743039	0.09033176	0.03345316	0.015200221	0.07964654
GCAGCCAAGACTAAGT-3	0.05298039	0.17780963	0.13146085	0.25600466	0.0	0.0	0.0036213794
GCATGCGAGTAGCGGT-3	0.24275069	0.0	0.12989505	0.24110897	0.0655977	0.111492656	0.03891914
GCTCCTACACAGGCCT-3	0.0	0.04522067	0.4477051	0.09793885	0.0	0.041696116	0.008757386
GCTCTGTCACAGTCGC-3	0.05340596	0.25681266	0.45427546	0.070408516	0.021210745	0.030876713	0.0048600645
GCTGCAGGTGTGAAAT-3	0.0	0.27840316	0.45239288	0.15502775	0.00013919988	0.09012322	0.0
GCTGCTTTCTGCTGCT-3	0.14860913	0.09617409	0.047415778	0.39374766	0.0	0.021671081	0.017010294
GGGTCTGGTCTAGTGT-3	0.3677743	0.092539236	0.07863802	0.2940054	0.0	0.0010726016	0.042393394
GGTGCGTGTTCCACGG-3	0.28259993	0.16464593	0.0	0.48183182	0.0	0.0	0.10697629
GTACGTACACTGTGTA-3	0.12001115	0.131842	0.30445012	0.0897827	0.0	0.057805046	0.107660316
GTCACAAAGAGGGCTT-3	0.10295722	0.45211974	0.0	0.40253437	0.0	0.07347865	0.01842292
GTGCTTCAGCGTTGCC-3	0.13627398	0.0	0.09317476	0.16054372	0.12749769	0.078011	0.050494365
GTGGGTCGTAAAGGAG-3	0.10357946	0.3102171	0.4510953	0.015163155	0.0	0.040140938	0.054088123
GTTACAGCATGGATGG-3	0.20370407	0.18514869	0.0	0.08453998	0.0	0.015215414	0.01863111
GTTACAGGTAGTACCT-3	0.101682134	0.18597253	0.27079177	0.18953924	0.037363794	0.068588495	0.010951976
GTTCATTCAGATGGCA-3	0.034188274	0.0	0.31679994	0.097087145	0.045952417	0.17019051	0.0013575613
TAAGCGTGTTCGGCAC-3	0.20532079	0.37036577	0.009020807	0.22129256	0.0	0.0	0.023615044
TAAGTGCAGCTACCGC-3	0.0	0.20810817	0.29410928	0.22768477	0.037499256	0.069305226	0.008353686
TACACGATCTTGAGGT-3	0.3815437	0.19481827	0.016431116	0.16163392	0.0	0.0	0.0380938
TACCTTATCGGCATCG-3	0.12475938	0.09812747	0.07625358	0.54230905	0.006191987	0.02555768	0.060587805
TAGACCACATATACGC-3	0.0	0.0	0.3675252	0.42715874	0.057809804	0.060922205	0.00019015584
TCAACGAGTGTCTGAT-3	0.093366906	0.30304435	0.15860201	0.05908448	0.0	0.05318077	0.016721096
TCACAAGGTGACTCAT-3	0.099795625	0.2062076	0.09451105	0.05329867	0.0	0.0	0.0
TCGAGGCCATAAAGGT-3	0.2013494	0.18359542	0.11560446	0.40502992	0.0	0.0	0.07276177
TCTATTGTCTCGAGTA-3	0.17408304	0.16707143	0.15048987	0.060275942	0.0	0.14417745	0.02856202
TCTGGAAGTCCTGCTT-3	0.16503707	0.15944347	0.121250816	0.04908887	0.0	0.05471725	0.043155547
TGAAAGAGTTATTCTC-3	0.058396224	0.12840708	0.017929923	0.30148622	0.0	0.0	0.012432847
TGTATTCGTAGGACAC-3	0.026330238	0.2162877	0.0	0.73684394	0.0	0.0	0.04109196
TTAGGCACACAGGTTT-3	0.10334	0.3828932	0.037607368	0.2941936	0.0	0.0	0.039913733
TTCGAAGCATGGTTGT-3	0.20792185	0.109564416	0.1254399	0.18102184	0.011320824	0.10141758	0.06669419
TTCTCCTGTTCCACGG-3	0.14013945	0.1837148	0.07474233	0.14050502	0.0	0.085143864	0.0
AGCGTATCAGGTCTCG-3	0.030872012	0.0	0.49692556	0.320582	0.07749332	0.14463735	0.05334115
CCTATTAGTTGAACTC-3	0.11416895	0.17918198	0.07366346	0.26195034	0.0	0.0	0.010565979
CCTTCGAAGAGACTAT-3	0.1491592	0.07026991	0.17724566	0.25792682	0.12907262	0.09196625	0.19448376
GTTCGGGAGTGTTAGA-3	0.22777046	0.0	0.29983595	0.2952592	0.014995844	0.074116446	0.096325755
AAATGCCAGGGAACGG-3	0.0	0.3423362	0.52038753	0.19228292	0.0	0.093061574	0.02278322
AGGGATGAGCAACGGT-3	0.17966431	0.47720104	0.013363509	0.07735397	0.0	0.0942641	0.098170646
GTTCTCGCAAGCTGGA-3	0.39355263	0.018007388	0.1321391	0.18937986	0.0	0.021739628	0.035367366
CGATTGATCTTGACGA-3	0.054552514	0.38522425	0.120167315	0.11856162	0.0	0.07483879	0.034414764
ACATACGGTCCGAGTC-3	0.1918838	0.021989252	0.14296287	0.29424968	0.06387803	0.061571535	0.019867815
ACTGCTCCAGTAGAGC-3	0.086050466	0.40746814	0.15786943	0.285533	0.13316001	0.13633944	0.043086868
ACTGCTCTCGCCAAAT-3	0.03165954	0.0	0.19164793	0.14997517	0.11108825	0.028671624	0.0
ACTTACTCAGCTGCTG-3	0.32783464	0.10385842	0.06364108	0.21561955	0.0021753928	0.042175412	0.020218197
AGCGTCGCAGATAATG-3	0.20156853	0.009953438	0.0	0.4265953	0.0	0.05045669	0.060173176
ATTTCTGTCACCGGGT-3	0.489874	0.09433758	0.11250076	0.029335061	0.0012321823	0.071677454	0.17210492
CATTATCTCGCATGGC-3	0.14270446	0.17727932	0.077390626	0.3315958	0.13259947	0.11164715	0.048144434
CGAACATCACGCGAAA-3	0.21099149	0.005914958	0.18726115	0.19120188	0.04244865	0.043766923	0.034887437
CTAGTGAGTTAAGAAC-3	0.37639248	0.08403317	0.027610214	0.031141346	0.0	0.027550275	0.0020627622
CTTTGCGTCTTACCTA-3	0.55356216	0.35861236	0.0	0.15422685	0.0	0.075353175	0.026150815
GCTCCTACAATCACAC-3	0.34991455	0.47589645	0.0	0.10646621	0.0	0.03786231	0.0746389
GTACTCCCAGTCAGAG-3	0.49418482	0.2107736	0.0	0.02483655	0.0	0.061938614	0.099718206
TCAGCTCAGTCATGCT-3	0.36057207	0.068682484	0.15180136	0.117518544	0.04982453	0.09008589	0.07060905
TTTACTGCATAGTAAG-3	0.09999621	0.34906977	0.0	0.1688655	0.0	0.0	0.010845523
AATCGGTAGGTGCAAC-3	0.11296442	0.0	0.2927264	0.0	0.36861882	0.2403733	0.034654297
ATTACTCCACTACAGT-3	0.10174809	0.22081165	0.1196826	0.31589618	0.0046540573	0.054459915	0.045205016
TCAGGTAGTCCATCCT-3	0.20896962	0.13264707	0.23521082	0.10141638	0.058172863	0.13740592	0.05524205
TTCGGTCAGTACACCT-3	0.033404935	0.0	0.19194163	0.3700646	0.32673782	0.1806134	0.03437762
GGCAATTCACATCTTT-3	0.0	0.0	0.3106541	0.18163013	0.3713901	0.036586754	0.005639417
AAACCTGTCTTACCTA-3	0.057074334	0.005859132	0.07719512	0.4556071	0.12765509	0.14009078	0.025594408
ACACTGATCGGAAATA-3	0.46993884	0.37083033	0.0	0.13848732	0.0	0.018552957	0.023326907
AGATTGCAGACACGAC-3	0.20173815	0.35998815	0.0	0.1279686	0.0	0.01723857	0.04191549
AGCAGCCTCTTCGGTC-3	0.3429193	0.21161427	0.11250581	0.21527347	0.08265988	0.023594007	0.053283103
ATCACGATCTGTGCAA-3	0.3145728	0.113724604	0.00096826005	0.37417075	0.0	0.0	0.0645039
ATGAGGGAGCACACAG-3	0.26507312	0.19364811	0.034147386	0.23889114	0.0037814325	0.0	0.03164041
CAAGATCCATGCTAGT-3	0.056962315	0.09144359	0.15778875	0.39286384	0.13512413	0.13509326	0.057553817
CATCAAGCACGCATCG-3	0.118110955	0.3042831	0.056541815	0.59010905	0.00543717	0.070473604	0.042943984
CATTATCAGGCTCAGA-3	0.0	0.32861733	0.117671676	0.24769656	0.0	0.02144348	0.028713735
CCTACCACACTGTTAG-3	0.19839053	0.27679086	0.15037821	0.05107492	0.047592428	0.04539701	0.02156238
CCTCAGTCAAGCGAGT-3	0.21272671	0.29403514	0.027034536	0.2821234	0.0	0.019183068	0.0505842
CTCATTATCTTTACGT-3	0.22086573	0.31382936	0.07547844	0.123957865	0.04144107	0.03775477	0.011372055
GAAACTCTCGCGCCAA-3	0.027147839	0.3248279	0.13157539	0.1325967	0.0005523674	0.026990382	0.03174708
GAACATCTCCTAGGGC-3	0.56700057	0.035806797	0.011029756	0.034129616	0.045401867	0.053176712	0.0643701
GCTGCTTCATAAGACA-3	0.0	0.19836354	0.25282887	0.32448113	0.0012987874	0.0	0.0
CAGAATCAGCGTGAGT-3	0.33257818	0.10649091	0.0	0.11145163	0.017227909	0.087537475	0.26669377
CCCAGTTGTAATCGTC-3	0.24906859	0.045435425	0.0	0.0	0.21928842	0.28910387	0.3019109
CGATCGGAGGTGCAAC-3	0.12393159	0.0	0.12952322	0.21856678	0.38669264	0.3202846	0.010096098
TCTGGAAAGGCTCTTA-3	0.02435753	0.027766524	0.0	0.0	0.336957	0.13986471	0.5355811
GCACTCTGTGGGTCAA-3	0.17191406	0.06623403	0.15690163	0.15220496	0.09644906	0.2530845	0.10150604
AACTCAGGTCTAGTCA-3	0.09340501	0.18460166	0.0075926175	0.23751426	0.0	0.0	0.009401074
ACCCACTGTTGAGTTC-3	0.0	0.27355203	0.24649562	0.3931493	0.0	0.030844621	0.07946977
ATTCTACAGGACACCA-3	0.011906014	0.0794867	0.16724615	0.5245572	0.0	0.062424935	0.12560277
CCATGTCTCCGTCATC-3	0.04433859	0.14075926	0.26606563	0.27673596	0.0	0.009898083	0.0026117417
CTCGAGGTCTCCAACC-3	0.04995557	0.07845156	0.10568154	0.18071185	0.0	0.0	0.019618688
CTGTTTATCGGCGCAT-3	0.0	0.0	0.28478587	0.40857074	0.037375294	0.0	0.0
GTTTCTATCGCCCTTA-3	0.23649538	0.40714207	0.0	0.3037539	0.0	0.0	0.0362005
TAGTGGTCAAGCTGTT-3	0.14162152	0.13726977	0.09580641	0.23875669	0.0	0.02705655	0.028289897
TCAGCTCTCCTCAACC-3	0.12774712	0.34768778	0.0631579	0.18495154	0.0	0.0741138	0.037789047
TCGGTAAGTAGGGACT-3	0.11352859	0.31134546	0.31891546	0.23611273	0.0	0.0	0.04304228
TCGTACCAGTACGTTC-3	0.06284052	0.29239315	0.082615666	0.26521808	0.0	0.037289344	0.023146018
TGAGGGAAGATCACGG-3	0.0	0.15433384	0.4486298	0.53050214	0.0	0.18575954	0.013052342
AACCGCGAGCATCATC-3	0.21994723	0.0	0.039503887	0.5396338	0.0	0.0	0.032148037
ACCAGTAAGCTGTCTA-3	0.105249874	0.0	0.35021502	0.12283222	0.13918716	0.038022563	0.05948399
ACGGGCTCAGCCAATT-3	0.045637928	0.0	0.22407463	0.3416963	0.0	0.08804137	0.0062604323
ACTGTCCCAACCGCCA-3	0.024529865	0.18174498	0.123979926	0.32645673	0.0	0.05591395	0.091361545
AGAATAGGTACCGGCT-3	0.043724533	0.17654759	0.10339726	0.34215933	0.015886588	0.0	0.03271156
AGACGTTAGGATCGCA-3	0.36685732	0.05460204	0.0955182	0.23378813	0.0	0.0	0.051892404
AGACGTTGTTCTGAAC-3	0.08450451	0.0	0.21719864	0.18227428	0.003927891	0.31796983	0.0
AGATTGCGTCACAAGG-3	0.101866834	0.07755447	0.19506511	0.10390247	0.0	0.06897905	0.020001762
AGCTTGAAGCCGTCGT-3	0.0	0.036839716	0.13357027	0.3070808	0.014332136	0.113157995	0.032784738
ATCTGCCCACCCTATC-3	0.16626684	0.015469399	0.16711569	0.12547974	0.0	0.021665504	0.027708564
ATGGGAGGTTTCCACC-3	0.11474299	0.21415591	0.1044477	0.30914658	0.0	0.1275774	0.014554996
CATCGGGCAGCCTATA-3	0.039273914	0.0	0.122035764	0.17877139	0.011417371	0.13368939	0.0004183801
CCACGGAAGACACGAC-3	0.3048622	0.08432137	0.11871573	0.21943818	0.09678703	0.025144424	0.107140675
CCCTCCTTCCGAATGT-3	0.21635002	0.0050160107	0.0	0.48014367	0.13547614	0.15542851	0.0023600445
CCTTCGACATGTCCTC-3	0.16230962	0.29981294	0.0	0.34264264	0.013988287	0.027918348	0.087627605
CCTTTCTTCTGTCCGT-3	0.30454406	0.0	0.10622864	0.20739509	0.0	0.078240156	0.0134177115
CGACCTTTCAGCAACT-3	0.28050047	0.022473851	0.048179224	0.48188722	0.0	0.026847579	0.026684394
CGAGCACGTACAGACG-3	0.18569747	0.093958944	0.039344087	0.34274366	0.0	0.0010025374	0.023138456
CGAGCACTCCATTCTA-3	0.18894058	0.0	0.41547346	0.41272965	0.0	0.00681072	0.0074030566
CGTTAGACATGTAGTC-3	0.44000217	0.018801928	0.07283455	0.25177297	0.004077761	0.002462783	0.034765508
CTACGTCAGAATGTTG-3	0.24340865	0.10671515	0.032012567	0.38701123	0.0	0.0	0.01725067
CTCCTAGGTTAAAGTG-3	0.3563903	0.20065108	0.07441728	0.13996747	0.13076088	0.10943603	0.02220535
CTCGAAAGTACACCGC-3	0.2562734	0.11852236	0.15359789	0.35280487	0.0	0.0	0.018126093
CTCTACGAGGGTTTCT-3	0.20702071	0.0	0.38739702	0.39851934	0.0	0.0	0.082699955
CTGAAGTCAGTCAGAG-3	0.32754448	0.035994336	0.12753835	0.029659742	0.18477	0.08867716	0.071553394
CTGCCTACATCCGCGA-3	0.0	0.0	0.5239105	0.1812154	0.022141606	0.162136	0.005367706
GAACCTACATCGGACC-3	0.48978606	0.039624546	0.0	0.16715923	0.0	0.0	0.0018469598
GAACCTATCACTTACT-3	0.12712647	0.10969946	0.051651996	0.28536153	0.0	0.0	0.022387482
GAATAAGCACGACGAA-3	0.56403506	0.09149704	0.0	0.08222411	0.0	0.0	0.07521533
GAATGAACAGGATTGG-3	0.16112132	0.22798094	0.10114529	0.11797987	0.0	0.122542426	0.041956548
GACCAATTCGCATGAT-3	0.19647136	0.09497984	0.037216667	0.3598341	0.0	0.0	0.046385493
GATGCTAGTTCAGCGC-3	0.13201636	0.0	0.3461347	0.16528079	0.18328634	0.014660616	0.043523043
GCAATCAGTGTGTGCC-3	0.401544	0.0	0.0	0.26981866	0.0	0.0	0.07861925
GCCAAATGTCCGAATT-3	0.0958518	0.053802837	0.18963382	0.45958385	0.0	0.019828206	0.06911076
GCCTCTAGTTATCGGT-3	0.17523566	0.04040931	0.050364792	0.10608125	0.0	0.0	0.07397608
GCTCTGTCACGAAGCA-3	0.22722678	0.003096566	0.14091045	0.41400498	0.0	0.00066853256	0.017328175
GGCGACTAGGTGCAAC-3	0.393366	0.106442645	0.054809418	0.3564253	0.0	0.20368397	0.0
GTACTCCGTAGGGACT-3	0.0	0.0	0.020691816	0.84290016	0.0	0.02989922	0.042205483
GTCTTCGAGACCTTTG-3	0.0	0.0	0.90519106	0.019278446	0.1556263	0.0067692506	0.0
TAAGAGAAGACGACGT-3	0.3016711	0.0	0.052382234	0.25144538	0.0	0.041501205	0.063378856
TAGAGCTCAGGGCATA-3	0.27911487	0.079100974	0.033785537	0.32997704	0.11025881	0.009283738	0.060000233
TAGTTGGCACACCGAC-3	0.18694435	0.01241287	0.029778922	0.34380522	0.0	0.0	0.1899584
TCAACGACATCGATGT-3	0.31688577	0.10055509	0.05395737	0.23914972	0.0	0.0543883	0.052500956
TCCACACAGAACAACT-3	0.3338833	0.20146275	0.0	0.09241089	0.0	0.0	0.029879553
TCGGGACGTTCCACAA-3	0.034438487	0.31370538	0.15366209	0.27690172	0.0	0.026863419	0.031675655
TCTCTAATCAGCATGT-3	0.16534016	0.057571195	0.11470996	0.42083162	0.0	0.0	0.06018251
TCTGGAAGTTGCTCCT-3	0.117154315	0.01964716	0.23352593	0.23599824	0.0	0.0	0.14349818
TGAAAGAAGATCTGCT-3	0.17155626	0.3094568	0.0	0.4706704	0.0	0.0	0.024399599
TGCGCAGGTGCATCTA-3	0.12890115	0.0	0.23308341	0.38405925	0.0	0.25344658	0.18789138
TGCGTGGTCGTCACGG-3	0.2367785	0.29927853	0.0034538915	0.47644573	0.0	0.0	0.07847899
TGCTGCTCACTGTCGG-3	0.2074623	0.0	0.20613828	0.44373935	0.0	0.0	0.1213744
TGGGAAGGTATATGGA-3	0.00213689	0.0	0.10106498	0.7250372	0.0	0.0	0.0078013954
TGGTTCCAGTACGACG-3	0.119538955	0.0	0.35981154	0.25008604	0.20053579	0.0	0.12214474
TGTCCCAAGCTAAGAT-3	0.0	0.0	0.16443898	0.4962071	0.084749915	0.14006957	0.010659492
TGTGGTAAGGCCCGTT-3	0.0046316236	0.0055777724	0.098901376	0.58298105	0.0	0.0	0.022218682
TTCTCAACACTCAGGC-3	0.25791395	0.027105087	0.1320081	0.33364013	0.010958759	0.28984907	0.0
TTCTTAGCATGTCCTC-3	0.31233218	0.38807514	0.0	0.15697138	0.0	0.027156906	0.03888119
TTGCCGTTCTTCGAGA-3	0.0	0.0	0.3296547	0.62135696	0.089832015	0.0	0.05131484
AACCGCGCATGCCTTC-3	0.0	0.24893676	0.1669903	0.41280085	0.0	0.036643468	0.036025688
AACTCTTCACCAGTTA-3	0.0	0.0	0.17779349	0.74997395	0.021936413	0.13537282	0.0
AACTGGTGTCTCCCTA-3	0.0	0.23717707	0.0	0.35258853	0.08109981	0.14788134	0.026890837
AATCCAGAGGTAGCTG-3	0.13465734	0.036760908	0.05265847	0.47276586	0.0	0.050359566	0.06944793
AATCGGTTCGTATCAG-3	0.0	0.0	0.97266424	0.1561142	0.084402405	0.0	0.036512394
ACCCACTGTAAATACG-3	0.07249803	0.52065706	0.0	0.4440211	0.0	0.0	0.056228004
ACGATACCAGATGGGT-3	0.10775621	0.3079701	0.034576055	0.18579598	0.0	0.0	0.03790763
ACGCAGCCATCGATTG-3	0.15192933	0.45273054	0.0	0.3402376	0.0	0.0	0.014164667
ACGTCAACATCATCCC-3	0.13401517	0.13890764	0.12589906	0.25701845	0.0	0.008501261	0.031884503
ACTGCTCAGTCATGCT-3	0.0	0.3643385	0.28566062	0.41615474	0.0	0.044198696	0.03596105
AGGCCACAGAACTGTA-3	0.11831453	0.28258088	0.0	0.29135212	0.0	0.0	0.019453116
AGGTCATAGCCTCGTG-3	0.21553075	0.21143197	0.030025061	0.44020382	0.0	0.0	0.09935803
AGGTCCGTCTGGGCCA-3	0.031247227	0.061395224	0.29261604	0.17766203	0.00037203592	0.03659886	0.016968567
AGTGTCAGTAGAAAGG-3	0.041437484	0.29569054	0.049743354	0.512144	0.0	0.0	0.049377237
ATAAGAGAGGTGACCA-3	0.073599614	0.5060162	0.008194001	0.24191909	0.0	0.0	0.033811163
ATTACTCCAGCTGCTG-3	0.11558838	0.16121328	0.045466173	0.32389754	0.0	0.0	0.044168852
ATTATCCGTAGCCTCG-3	0.0	0.6774084	0.02961673	0.18499987	0.0	0.05338999	0.03742216
ATTGGACAGGACAGAA-3	0.027829617	0.22663686	0.050870713	0.6920287	0.0	0.0	0.013978724
CAACCAACATGCGCAC-3	0.0	0.0	0.7254668	0.30079037	0.19812505	0.0	0.020730088
CACACTCGTTGTACAC-3	0.11043703	0.14099829	0.0	0.53451043	0.0	0.0	0.030526033
CACCTTGTCCTCCTAG-3	0.109613836	0.1525497	0.20905039	0.26502162	0.0	0.0	0.017172895
CAGCATATCCAGGGCT-3	0.1580752	0.10230207	0.14853118	0.22140272	0.0	0.06265214	0.048632342
CAGCTAACACATAACC-3	0.100014046	0.12502578	0.002731807	0.45138004	0.0	0.0	0.030174734
CATGCCTTCACGATGT-3	0.19505392	0.17993179	0.0	0.41520655	0.0	0.0	0.022665652
CATGGCGCACATGGGA-3	0.10487377	0.23663075	0.0	0.6729105	0.0	0.0	0.06579501
CATTCGCTCCAAAGTC-3	0.08223007	0.27977943	0.13118204	0.73826545	0.0	0.02777859	0.051915165
CCACCTACATAGACTC-3	0.0660955	0.34295574	0.027528217	0.16153751	0.0	0.35522658	0.0047953874
CCATTCGCAGATCCAT-3	0.0	0.32457647	0.07878818	0.30539194	0.0	0.0	0.0011103853
CCGTGGATCGCAAACT-3	0.0027878387	0.2750192	0.07856574	0.23704302	0.0	0.0	0.031665552
CCTAAAGCAGGCTCAC-3	0.06996349	0.33381304	0.025671681	0.28002483	0.0	0.0	0.003477324
CCTTCGAGTGACAAAT-3	0.0	0.13988563	0.2422892	0.34063673	0.0	0.0063531906	0.058522165
CGAACATGTTATCCGA-3	0.16279109	0.2107198	0.12865385	0.3620579	0.0	0.021840515	0.035216995
CGAGAAGAGTTTGCGT-3	0.12911147	0.42028213	0.12150027	0.086859114	0.0	0.043840032	0.09910208
CGAGCCAGTCGAGTTT-3	0.14292105	0.3521336	0.0147141395	0.22044048	0.0	0.0	0.009982426
CGAGCCAGTGGTCCGT-3	0.013838653	0.22571911	0.016048463	0.29449296	0.0	0.0077060084	0.02894494
CGCCAAGGTTGTGGAG-3	0.24172553	0.14046712	0.0	0.43109864	0.06542323	0.04934493	0.026943415
CGGACACAGTATGACA-3	0.017007856	0.6090323	0.0	0.44047597	0.0	0.0	0.045249294
CGTCACTAGGGTCTCC-3	0.11510928	0.4379582	0.0	0.22266378	0.0	0.01628947	0.057494536
CGTTAGACACTATCTT-3	0.12966773	0.30849656	0.03493848	0.2944498	0.0	0.0006470803	0.043427758
CTACCCACATGATCCA-3	0.075882494	0.16596778	0.11266823	0.44511658	0.0	0.0	0.03243098
CTCACACAGCCACGTC-3	0.18478344	0.22759098	0.13595487	0.23075953	0.034647275	0.0713448	0.03835324
CTCCTAGAGTGTACGG-3	0.15563868	0.18102446	0.0	0.09050448	0.0	0.096081965	0.030539138
CTTGGCTTCGCCTGTT-3	0.024744617	0.1493222	0.07586079	0.7034456	0.0	0.0	0.03317126
CTTTGCGGTCTCTCTG-3	0.14252028	0.2630921	0.11725639	0.116439186	0.0011700965	0.043245267	0.038825285
GAATAAGCACGCATCG-3	0.23294331	0.094419554	0.0	0.5145093	0.0	0.0	0.04405162
GACCTGGCAGACGCTC-3	0.11091741	0.116107054	0.26416793	0.15153535	0.0	0.13581756	0.046841543
GAGGTGAGTTCAACCA-3	0.038481947	0.0	0.0	0.8450099	0.0	0.0	0.06799761
GATGCTATCGGTCTAA-3	0.0	0.6585762	0.0	0.31249574	0.0	0.0	0.08374152
GCACTCTAGTCCCACG-3	0.15236361	0.15559556	0.07031624	0.5257898	0.0	0.0	0.03569688
GCACTCTCAGCCACCA-3	0.00044374348	0.3978213	0.0	0.4479689	0.0	0.0	0.03435106
GCATGATTCCTTCAAT-3	0.32866004	0.27950382	0.0579471	0.3200617	0.0	0.0	0.05646287
GCCTCTATCCTCAATT-3	0.0	0.30274838	0.0	0.49097148	0.0	0.3190759	0.0
GGCAATTTCTAACTGG-3	0.121174425	0.33033675	0.021662895	0.26597938	0.0	0.0	0.06897694
GGCAATTTCTGTCCGT-3	0.05029515	0.2251784	0.17251624	0.29243168	0.0	0.0	0.032727815
GGCTGGTAGGTGTGGT-3	0.20164257	0.26281366	0.0	0.36843377	0.0	0.0	0.024830628
GTAACTGTCTTCCTTC-3	0.07387757	0.15611662	0.0	0.3943727	0.0	0.00080712733	0.0991608
GTCAAGTAGAACAACT-3	0.16860622	0.14853784	0.0	0.20402424	0.0	0.00956421	0.0
GTCACAACATACAGCT-3	0.090110496	0.44446203	0.0	0.3222757	0.0	0.0	0.028047353
GTTACAGTCCGTAGTA-3	0.0	0.321378	0.17175496	0.56711984	0.0074843965	0.0	0.0033102378
GTTCGGGCAATGGACG-3	0.08180413	0.097181655	0.093984224	0.38993436	0.0	0.0	0.013405744
TAGTTGGAGAGTAAGG-3	0.32175678	0.31242642	0.0	0.32842705	0.0	0.0	0.023226153
TATCAGGGTTCAGGCC-3	0.1353961	0.18229209	0.0	0.47496423	0.0	0.0	0.024572454
TCAGCAATCATCGGAT-3	0.0	0.2831762	0.20597184	0.32004592	0.0	0.042522125	0.008166078
TCATTTGGTCGGCACT-3	0.066074245	0.057640225	0.19570701	0.21223839	0.0	0.13873078	0.011815456
TCCACACAGACGCTTT-3	0.0	0.03181694	0.28016105	0.20540556	0.02879198	0.090577	0.12002546
TCGAGGCTCCAAACAC-3	0.033751693	0.2501896	0.15726429	0.13465983	0.02837943	0.077087544	0.028692812
TCTCATAGTCCATCCT-3	0.040776197	0.50262505	0.04992908	0.11882436	0.0	0.009620973	0.026803765
TCTGAGATCCAAGTAC-3	0.13792638	0.13178656	0.12738365	0.09658853	0.06747526	0.06285104	0.049681388
TGAGCCGTCGCGCCAA-3	0.24500164	0.26163924	0.0	0.5634566	0.0	0.0	0.08456183
TGATTTCCAATAACGA-3	0.13707542	0.2699431	0.11150726	0.25731882	0.0	0.0	0.03055327
TGATTTCTCAATCTCT-3	0.061560396	0.40527344	0.03149236	0.22389075	0.0	0.04267125	0.006128172
TGCCCATAGCAACGGT-3	0.014699389	0.29393658	0.08300187	0.2341128	0.0	0.21880406	0.049939975
TGCTGCTAGTGGTCCC-3	0.01997181	0.21060975	0.30831438	0.1550998	0.0	0.05177128	0.015992643
TGGCCAGAGGCGATAC-3	0.15501998	0.23888913	0.08602804	0.22657858	0.0	0.0	0.024312213
TTCTCCTTCTAACTTC-3	0.04014762	0.300192	0.052830845	0.3565321	0.0	0.030521732	0.00013082799
AAGGCAGCAAAGGAAG-3	0.0	0.26146254	0.0	0.37652773	0.0	0.0	0.03648617
AATCGGTGTAGGGACT-3	0.12997006	0.27312803	0.1624004	0.3945303	0.0	0.019833235	0.030796861
ACCCACTTCGTACCGG-3	0.2805721	0.16236511	0.10391112	0.21122767	0.0	0.0	0.044912178
ACGATACGTCTTCGTC-3	0.0	0.18094832	0.10810505	0.28104883	0.0	0.009130977	0.025514595
AGCAGCCAGCTAGCCC-3	0.18003944	0.14430255	0.21411726	0.112261735	0.0	0.025301846	0.021435186
AGTGAGGAGTGGTCCC-3	0.0	0.026845021	0.07867235	0.8450834	0.0	0.0	0.07582136
ATGGGAGAGCCTATGT-3	0.3069852	0.28487277	0.1705119	0.3149807	0.0	0.059280466	0.01880911
CACACTCAGGTAGCCA-3	0.0	0.12260661	0.38681686	0.49545223	0.0	0.07191246	0.009149739
CAGCCGATCCATTCTA-3	0.0	0.035271123	0.34618032	0.46282378	0.0	0.0	0.019970173
CAGGTGCCAAGGTTTC-3	0.23507525	0.335499	0.0	0.21385956	0.0	0.0	0.027448466
CATATGGAGAATTCCC-3	0.15469411	0.19925174	0.047182385	0.37761864	0.0	0.019527964	0.030034125
CATCAGATCTGGTTCC-3	0.0	0.033266496	0.25726023	0.5389829	0.054621954	0.10569896	0.07214852
CCCAGTTGTTACCAGT-3	0.095738746	0.04158103	0.07409284	0.3281197	0.0	0.050966028	0.01984282
CGTCAGGAGGTGACCA-3	0.0	0.0	0.8312321	0.02496085	0.0	0.1124162	0.0
CTACATTGTCAAGCGA-3	0.0	0.2299649	0.087379	0.42422417	0.0	0.021388134	0.073102556
GAACGGACATTACCTT-3	0.15074793	0.18461503	0.036208563	0.35474893	0.06373144	0.0	0.01638154
GAGTCCGCAGCCTGTG-3	0.063467994	0.30875695	0.02803193	0.18895902	0.0	0.05367558	0.009309658
GCAATCATCAGTTGAC-3	0.18661259	0.29036424	0.0	0.23728998	0.0	0.056279913	0.09208163
GCAGTTACACGGCGTT-3	0.020165771	0.0	0.42505816	0.44323048	0.03579292	0.08577651	0.028157217
GCTTCCATCAAGGTAA-3	0.0	0.61038566	0.0	0.5013739	0.0	0.0	0.02943385
GGCCGATGTCTGGAGA-3	0.0	0.0074448646	0.27981982	0.43567622	0.0	0.06064645	0.027399989
GGCCGATGTGGGTCAA-3	0.0	0.20031375	0.22822416	0.40016663	0.0	0.14898528	0.035815075
GTAGGCCGTCTAGCGC-3	0.036424216	0.07331346	0.37045822	0.3303707	0.018985048	0.09846425	0.09833725
TACGGTACATCGATGT-3	0.33676797	0.41486585	0.0	0.099258736	0.0	0.0043697534	0.059050575
TACGGTACATGTCCTC-3	0.0	0.024577145	0.23230612	0.526931	0.0	0.19795376	0.009542669
TAGGCATCAAACCCAT-3	0.002629916	0.32639372	0.054040316	0.6263536	0.0	0.110686935	0.013550836
TGCGTGGGTAGTAGTA-3	0.069891825	0.12305718	0.16087133	0.18752982	0.0	0.08657377	0.04139598
TGCTACCCAATGAATG-3	0.11563272	0.09850417	0.21639866	0.43549138	0.0	0.058964964	0.041771527
TGGACGCGTTACTGAC-3	0.14899632	0.29122263	0.0	0.39746836	0.0	0.0	0.05542593
TGGACGCGTTCCACGG-3	0.08446632	0.31057763	0.044974145	0.20134807	0.0	0.0	0.002025633
TTGCCGTTCGGCTTGG-3	0.32636222	0.33917454	0.009689787	0.10150872	0.0	0.0	0.0071401615
AACTTTCAGAATGTTG-3	0.03813744	0.1999416	0.018169712	0.4544868	0.0	0.026626186	0.011633168
AACTTTCTCTCTGCTG-3	0.0	0.0	0.0	0.8211404	0.0	0.14274596	0.16677803
ACCAGTAGTCATATCG-3	0.19521777	0.37451237	0.00079805276	0.22733481	0.0	0.0	0.034138907
ACGGCCACAGATCGGA-3	0.17677224	0.60683966	0.079502225	0.06629865	0.0	0.1987203	0.040570337
AGCTTGACAGTAAGAT-3	0.31794372	0.07407772	0.13781121	0.122043915	0.0	0.10181591	0.03209746
AGGCCGTGTACTTGAC-3	0.0	0.1778845	0.27181226	0.0	0.19781522	0.4024356	0.03244434
ATCCACCTCGTCCAGG-3	0.04222269	0.0	0.36207244	0.3374938	0.0	0.15803064	0.023349266
ATCTGCCCAGCTGTAT-3	0.08514469	0.18761458	0.10751198	0.39037085	0.0	0.0	0.056527585
ATTCTACTCTGTTTGT-3	0.0	0.0	0.2763317	0.3067647	0.15808094	0.0	0.0
CATCGGGAGAATAGGG-3	0.0	0.10311888	0.0	0.8213937	0.0	0.0	0.026233759
CCATTCGGTTGCTCCT-3	0.08202849	0.1917395	0.0	0.3375685	0.0	0.0	0.014531058
CCTATTAGTTCCACTC-3	0.0	0.0	0.49623945	0.0	0.23193653	0.6810007	0.0
CCTCAGTAGGGTTTCT-3	0.0	0.22684738	0.22012223	0.104883164	0.0	0.037602715	0.004703341
CCTTCGAGTATTAGCC-3	0.015283509	0.1250838	0.24713749	0.5003044	0.03686478	0.0	0.049527787
CCTTTCTTCGCAAACT-3	0.09559721	0.2777182	0.103289895	0.43356425	0.0	0.0	0.013054027
CGCGGTAGTATGAATG-3	0.19811727	0.073106565	0.078088745	0.6730747	0.0	0.0	0.06512244
CGGACTGCAATAGCAA-3	0.20491509	0.16472149	0.028132131	0.35301945	0.0	0.0	0.028384555
CGTGTAACAAGCCCAC-3	0.16986156	0.15679175	0.01949933	0.2868992	0.0	0.012875381	0.076089844
CTCTACGCACGACGAA-3	0.023051554	0.095512725	0.18903425	0.25029442	0.0	0.059622154	0.027016485
GACACGCGTCGAAAGC-3	0.08446058	0.0	0.3608464	0.35857537	0.07112547	0.058338027	0.036445443
GAGCAGACATGGATGG-3	0.005929781	0.47827336	0.0	0.39030316	0.0	0.018512156	0.05728407
GCATACATCTGAGTGT-3	0.07248936	0.0	0.0	0.74531186	0.0	0.128819	0.0068347338
GCCAAATGTAGCGATG-3	0.09007117	0.21308559	0.082306266	0.19688392	0.0	0.022073407	0.0061436566
GCTGCGACAAGGACTG-3	0.0018905322	0.0	0.38623703	0.10828145	0.16390483	0.23839198	0.19821087
GTAGTCAAGTAGGTGC-3	0.023908801	0.0	0.17143121	0.69926023	0.0	0.0056274924	0.009876021
GTCACAATCGGCGGTT-3	0.08551396	0.2502079	0.061821267	0.2005972	0.0	0.0	0.04634165
TACGGGCCATAGACTC-3	0.06320069	0.123591855	0.03733974	0.38833162	0.0	0.0	0.026312416
TCGAGGCTCACCTTAT-3	0.004931776	0.11537721	0.02676721	0.4300754	0.0	0.11614942	0.020575473
TCTATTGTCTGCTGCT-3	0.3279841	0.043305382	0.0	0.5615321	0.0	0.0	0.017087212
TGAAAGATCTGGTATG-3	0.2797122	0.43582943	0.04015571	0.19574133	0.0	0.046690967	0.046367437
TGCTACCGTTCTGTTT-3	0.2608435	0.18450545	0.0	0.42231745	0.0053208387	0.0	0.08288826
TTAGGCAGTGCACGAA-3	0.0	0.21652736	0.028428858	0.4247364	0.0	0.0	0.0
TTTATGCGTGTGCGTC-3	0.13998784	0.112611964	0.14355017	0.4169944	0.08056449	0.0	0.022014013
TTTGGTTGTAGTACCT-3	0.31601697	0.13377143	0.19994155	0.16084535	0.031613115	0.0	0.10191303
ACCGTAAGTGGTACAG-3	0.0	0.0	0.36243245	0.16267827	0.02811696	0.48674658	0.25054088
AGTTGGTAGTTTGCGT-3	0.0	0.36462212	0.005755372	0.38706005	0.0	0.0	0.12024649
ATCTACTTCTCCCTGA-3	0.36579797	0.08873069	0.056392457	0.38672817	0.0	0.0	0.03537877
ATTATCCTCTTGACGA-3	0.33233938	0.29910985	0.11077998	0.16231816	0.03330218	0.0	0.043056834
CAACCAAGTACAGCAG-3	0.09792793	0.43146133	0.026776087	0.22592801	0.0	0.0	0.013832001
CATATGGGTCAGCTAT-3	0.086155124	0.14521556	0.18226081	0.25798607	0.0	0.10649293	0.041852195
CATCAGAGTATAATGG-3	0.31165916	0.13631749	0.05398221	0.09879745	0.0	0.0077261007	0.011453496
CATGGCGTCGCCCTTA-3	0.16868818	0.30251488	0.0	0.25076044	0.0	0.010246117	0.04436005
CCACCTACACACTGCG-3	0.0070017064	0.43337488	0.04760176	0.027394813	0.016055418	0.24061544	0.0042914725
CCAGCGAGTTCGGGCT-3	0.0	0.17322786	0.22888511	0.4555758	0.0023009588	0.16980368	0.037519466
CGACCTTAGGTCGGAT-3	0.5637033	0.045062482	0.042019878	0.22527948	0.0	0.0	0.017897358
CTAATGGCAGCCTATA-3	0.048200604	0.2121592	0.051320143	0.35895982	0.0	0.03955896	0.027727244
CTCCTAGCAACACCCG-3	0.07273056	0.09155446	0.16532752	0.43724355	0.0	0.0	0.0043146024
CTGCCTAGTCTCTCTG-3	0.13588661	0.38885695	0.0	0.53642815	0.019113556	0.0	0.03435213
GATGAAACATCGGTTA-3	0.42278856	0.18819976	0.0	0.006495707	0.029975276	0.017415922	0.12578487
GCTGGGTGTTAAGATG-3	0.07456622	0.38154227	0.0	0.16328363	0.0	0.0	0.011310294
GGGCATCCACTGAAGG-3	0.33725655	0.33461094	0.0	0.4104357	0.0	0.00104731	0.07314425
GGTATTGTCTTGTCAT-3	0.13730215	0.39983708	0.06375193	0.0	0.0	0.27775073	0.0
GTAACTGCAAATCCGT-3	0.05403183	0.24806097	0.019351868	0.33666894	0.0	0.026343158	0.05806704
GTGCTTCGTACGCACC-3	0.0010341855	0.37595403	0.056647368	0.7237754	0.0005781917	0.0	0.052668773
GTGTTAGCAAGGCTCC-3	0.075927414	0.23514676	0.040065907	0.36997443	0.0	0.0	0.04813457
TAGCCGGTCCTCAATT-3	0.18581286	0.18446577	0.0	0.44410893	0.0	0.0	0.044499602
TCACGAAGTTCAGACT-3	0.2758611	0.12628219	0.03517694	0.5378391	0.0014836859	0.16190262	0.022312723
TCAGCTCCACACATGT-3	0.054788385	0.11969938	0.014251704	0.8041689	0.0	0.012353997	0.007439889
TCATTTGTCAAACGGG-3	0.2504195	0.18995227	0.05307927	0.1711385	0.0	0.0	0.029280076
TCGGTAATCATCTGCC-3	0.3524476	0.5156311	0.0	0.12726155	0.0	0.0	0.04636077
TTCGGTCGTTACCAGT-3	0.37922928	0.5923401	0.0	0.14794226	0.0	0.02082999	0.027045308
TTGGAACTCCTCGCAT-3	0.04212552	0.1268951	0.101119645	0.3039044	0.0	0.12426614	0.032176998
CAGATCACACGGATAG-3	0.121808544	0.55265874	0.0	0.2902959	0.0	0.0876276	0.090318345
CTGCTGTTCACATGCA-3	0.28955173	0.40573075	0.0	0.07751902	0.0	0.1082616	0.041501362
CTTGGCTTCTTGACGA-3	0.3103996	0.43832728	0.015501342	0.14566875	0.0	0.017127134	0.038410574
TAAACCGAGTGGTAAT-3	0.0	0.0	0.029192545	0.8581431	0.0	0.19248946	0.04363644
CTCATTACAATGTTGC-3	0.09714825	0.33705515	0.07801767	0.22713935	0.0	0.019563908	0.034700304
GGATGTTCAATAAGCA-3	0.0680612	0.35669866	0.14151214	0.0010464464	0.0	0.16324857	0.2575803
GGTGTTAAGGGAGTAA-3	0.20255484	0.23646961	0.030887282	0.33950436	0.0	0.0	0.015067581
TATTACCAGGACACCA-3	0.09883866	0.1550616	0.017998738	0.63655275	0.0	0.07273133	0.017104523
TCTGGAATCGTCCAGG-3	0.08700612	0.2766358	0.04088071	0.4371839	0.0	0.0	0.09882645
TGCGCAGAGGTCGGAT-3	0.26517087	0.09767942	0.0026127554	0.20277287	0.0	0.17624334	0.052507587
TGCTACCCAGGGTTAG-3	0.0	0.0	0.55196244	0.29571548	0.10476562	0.0	0.0877393
AACACGTCACTATCTT-3	0.29928815	0.11189443	0.1437079	0.49321082	0.0	0.015569428	0.08968186
ACACCCTTCGTACGGC-3	0.18319418	0.06244491	0.23381792	0.29930878	0.018200416	0.010264507	0.03270785
ACATGGTTCAACACAC-3	0.12695941	0.39521375	0.0	0.5192055	0.0	0.0	0.21891905
ACGCAGCAGGAGTAGA-3	0.016361313	0.13255095	0.47319967	0.38750383	0.0	0.0	0.030265259
ACGGAGACACTTGGAT-3	0.12226485	0.3178508	0.062429596	0.14879572	0.0	0.07135233	0.04638308
AGAGCGACATCGATTG-3	0.38603544	0.11483325	0.14337093	0.3796239	0.0	0.0	0.025476433
AGAGCTTGTTACTGAC-3	0.29086247	0.5980075	0.0	0.0	0.0	0.046711948	0.06663321
AGGTCCGCATGCTAGT-3	0.2449928	0.4226423	0.0	0.19518961	0.0	0.0	0.03459952
ATCATCTAGATGAGAG-3	0.18632516	0.21792552	0.22375008	0.3669486	0.0	0.0	0.022246324
CAACCTCAGAGTCTGG-3	0.040129885	0.18751493	0.0	0.3725576	0.0	0.13421592	0.05654916
CAAGAAATCCCTAACC-3	0.09722355	0.18315557	0.012078791	0.4866575	0.0	0.0	0.039967228
CAAGGCCAGAATCTCC-3	0.0	0.0	0.8412445	0.3731388	0.0	0.0	0.025223913
CACCACTAGGACCACA-3	0.3115199	0.35857606	0.0	0.051298615	0.0	0.0033635686	0.08011564
CAGCCGAAGATCGATA-3	0.031060455	0.1825964	0.32750893	0.6049215	0.0	0.0	0.056207154
CATGACAGTATAAACG-3	0.22889616	0.15050063	0.01979174	0.47524863	0.0	0.0	0.01967348
CCACCTACACCATCCT-3	0.028781524	0.3525734	0.13427503	0.25814396	0.0	0.17309943	0.04410891
CCGGTAGCATCCTTGC-3	0.11186506	0.2958176	0.0	0.09954521	0.042441864	0.18929659	0.080596805
CCTAGCTCACCGAATT-3	0.29100987	0.73679495	0.0	0.21591632	0.0	0.05272702	0.011947791
CCTATTATCATGCATG-3	0.098142296	0.38072872	0.0	0.44424438	0.0	0.0	0.0891642
CGAGCCATCTTCTGGC-3	0.0	0.16063322	0.005258983	0.3122995	0.0	0.0	0.055365104
CTAAGACTCCGAACGC-3	0.0	0.50685936	0.14995815	0.14872079	0.035846304	0.06453436	0.0
CTACCCATCTGATTCT-3	0.0	0.35691154	0.0	0.4546304	0.0	0.0	0.055625375
CTCGAGGCAAGTTCTG-3	0.045784984	0.0	0.2603565	0.56425184	0.0	0.11253073	0.022223702
CTCTACGCATTTCACT-3	0.16062962	0.12157891	0.05789589	0.4211814	0.0	0.0	0.016729673
CTGAAACGTTGAGGTG-3	0.14003389	0.30285558	0.24121307	0.35887566	0.0	0.0	0.021089915
CTGAAGTGTAAGTTCC-3	0.11435158	0.25961253	0.0116683375	0.19988665	0.0	0.0	0.040043034
CTTCTCTCATCTGGTA-3	0.09502471	0.12945189	0.006608856	0.30880773	0.0	0.0	0.04602823
GATCGATAGGCTCATT-3	0.12133068	0.21276037	0.07566927	0.2218987	0.0	0.0	0.05375136
GGAATAATCCCTCAGT-3	0.06831876	0.4311897	0.0	0.2787433	0.016874464	0.0	0.053219568
GGAGCAACAACACGCC-3	0.21350186	0.06849874	0.0	0.55763286	0.0	0.0	0.06262622
GGAGCAAGTACTCTCC-3	0.32951036	0.2662747	0.23822802	0.20109789	0.0014652867	0.0	0.15508737
GTATCTTGTAATAGCA-3	0.16947933	0.27972275	0.035356224	0.4613486	0.0	0.0	0.0044429544
GTGTTAGTCCATGCTC-3	0.0	0.1322112	0.14211163	0.6806923	0.0	0.0	0.029585471
TCAGGATCATATGCTG-3	0.39766207	0.09315293	0.0	0.51414	0.0	0.0	0.057589103
TCATTACAGTCTCAAC-3	0.14689009	0.5324897	0.0	0.33878702	0.0	0.0	0.0037650862
TCGAGGCAGGATTCGG-3	0.0	0.43398494	0.03772443	0.3078062	0.0	0.0	0.021516314
TCGAGGCGTCTGGTCG-3	0.063172214	0.3017135	0.04964087	0.3894972	0.0	0.0	0.044370443
TGAAAGATCGCCAAAT-3	0.048538897	0.15469871	0.021164391	0.46582568	0.0	0.0	0.117354706
TGACTAGAGACGCAAC-3	0.0	0.17359461	0.29398397	0.1134648	0.0005695401	0.065579265	0.099873535
TGAGAGGTCCCGACTT-3	0.0	0.0	0.7179288	0.25631273	0.0	0.38288215	0.06400571
TGCTACCGTCTCATCC-3	0.0	0.0	0.94761044	0.3896871	0.06479179	0.0	0.0
TGGCCAGAGTGAATTG-3	0.47467396	0.257291	0.011732325	0.27415717	0.0	0.01646559	0.0612004
TTGCCGTGTCGCATCG-3	0.15564251	0.15696152	0.048767816	0.26526085	0.0	0.015071093	0.024648435
TTTATGCTCAGCATGT-3	0.0	0.0	0.39499524	0.37481415	0.018618066	0.026339287	0.08127928
AAATGCCCATCCCACT-3	0.012395005	0.4340963	0.100994445	0.24016157	0.0	0.0	0.06256142
AAGGTTCTCGCGTTTC-3	0.0053101457	0.043756884	0.44321015	0.27342376	0.036148798	0.028709833	0.0262697
ACACCCTTCTTCATGT-3	0.5166647	0.0	0.0	0.356765	0.0	0.0	0.03185607
ACACCGGGTCGGCTCA-3	0.20773213	0.0	0.05417643	0.35930654	0.0	0.090542555	0.024672884
ACGATGTAGACCTAGG-3	0.16469847	0.0	0.07863089	0.5015227	0.0	0.0	0.047475882
ACGATGTAGCCGATTT-3	0.2576075	0.18421896	0.19643013	0.30992168	0.0	0.0	0.028534295
ACTGCTCGTAAGTGGC-3	0.30709177	0.08719389	0.037230883	0.2565013	0.0	0.0	0.045801476
AGCTTGATCTTCTGGC-3	0.0477742	0.0	0.25062832	0.38291526	0.0	0.16291405	0.017548084
ATCTACTTCACTTATC-3	0.13633962	0.13758509	0.041943826	0.15984999	0.0	0.0	0.055929895
CAAGATCGTCGTTGTA-3	0.40174344	0.05244826	0.031747974	0.3653404	0.0	0.0	0.0416074
CACAAACAGGTACTCT-3	0.43402302	0.3449174	0.0	0.20363186	0.0	0.0	0.02913751
CACAGGCCAGTGGAGT-3	0.13363618	0.022087997	0.047348946	0.5911326	0.0	0.0	0.034408808
CCACTACGTGGTTTCA-3	0.030732447	0.38450757	0.075646475	0.5043148	0.0	0.0	0.08156375
CCTACCAAGGCTCATT-3	0.6155636	0.21440667	0.0	0.4128123	0.0	0.0	0.14275135
CCTATTAGTGTGACCC-3	0.26109698	0.0	0.03392591	0.5701316	0.003448061	0.0021393143	0.062497314
CGAGCCATCTGGAGCC-3	0.051982984	0.0	0.46861276	0.51654685	0.0	0.0	0.012827303
CGATGGCTCATCGCTC-3	0.0	0.0	0.0	1.2071669	0.0	0.0	0.020647943
CTAACTTAGCAATCTC-3	0.25582123	0.12786289	0.25332135	0.34467	0.0	0.020755846	0.02343844
CTACACCCACAGTCGC-3	0.28805563	0.20221478	0.0	0.23506044	0.017641911	0.0	0.17143457
CTAGCCTGTCGAGTTT-3	0.21108626	0.01157797	0.058304157	0.46177718	0.0	0.0	0.03345782
CTCACACCATCCTTGC-3	0.22453253	0.12107472	0.06067046	0.31364554	0.0	0.08143242	0.021042615
CTCGTACGTAGGCATG-3	0.4068647	0.0	0.21917284	0.2978473	0.0	0.0	0.0558558
CTCGTCAAGAACAATC-3	0.0	0.0	0.4741286	0.029743114	0.0	0.25930628	0.04903761
CTTACCGGTCCAGTTA-3	0.38560617	0.17107506	0.0	0.3144979	0.0	0.008006144	0.052951306
GACGTGCCAAGCTGGA-3	0.22429839	0.29273036	0.0	0.0	0.0	0.45913488	0.0458177
GACGTTATCTCTTATG-3	0.05056531	0.016828451	0.03284704	0.9463948	0.03756624	0.030757444	0.014734663
GACTACAAGTCAAGCG-3	0.2327975	0.031697135	0.0	0.39638022	0.01677174	0.0	0.08287182
GCTGCGACATGTCCTC-3	0.39410588	0.21776715	0.040517677	0.100145824	0.05552076	0.059139073	0.04157179
GCTGGGTTCACTCTTA-3	0.07527209	0.25230518	0.25535262	0.057026315	0.03380559	0.0	0.09440257
GGAACTTTCCTTTACA-3	0.3067629	0.08265284	0.0	0.37901816	0.0	0.0	0.038248084
GGCGACTTCCGCATCT-3	0.22927901	0.15003912	0.10533663	0.3140535	0.0	0.0	0.08453873
GGGACCTGTCTCCATC-3	0.22466764	0.0	0.13693176	0.053491957	0.005272057	0.19977258	0.20020843
GGGCATCCACGGTTTA-3	0.10137175	0.014357387	0.10112211	0.6122774	0.0	0.0	0.02780734
GTCACAAGTTCAGCGC-3	0.1401197	0.14004813	0.0	0.40757355	0.0	0.0	0.014363936
TACAGTGCAGCTCCGA-3	0.016814774	0.36775443	0.036765665	0.3188399	0.0	0.09518494	0.0
TATCTCAAGTAAGTAC-3	0.39342234	0.07034357	0.036498103	0.29510546	0.0	0.0028388926	0.058672
TATGCCCCACATCTTT-3	0.11745888	0.0	0.23305383	0.4622152	0.0491314	0.050718755	0.0138264485
TCGGGACAGTAGGTGC-3	0.1478519	0.3139017	0.0	0.23971473	0.0	0.0	0.064172536
TCGGTAACATGCATGT-3	0.323895	0.25628892	0.020235796	0.39111158	0.0	0.0	0.0403953
TGCACCTTCCCTGACT-3	0.28598788	0.0	0.030198788	0.53965545	0.0	0.0	0.05853453
TGCCAAAGTCGACTGC-3	0.16029768	0.2911821	0.03325661	0.3072259	0.0	0.18014832	0.043566156
TGGTTAGAGTATGACA-3	0.091084436	0.42903444	0.0062617743	0.13918263	0.0	0.0	0.018926838
TGTGTTTGTCAGGACA-3	0.1440281	0.0	0.052710447	0.4550817	0.0	0.05629334	0.04371878
TTAACTCTCAGCAACT-3	0.0	0.13077568	0.08850978	0.6424392	0.0	0.0	0.14252928
ACATGGTCAGGACGTA-3	0.0	0.41587064	0.13116515	0.35660964	0.0	0.0	0.055551287
AGAGTGGTCATCATTC-3	0.18589634	0.4282376	0.0	0.119807616	0.0	0.0456628	0.029109681
ATAGACCAGTTAAGTG-3	0.23677582	0.34641352	0.22401454	0.22610874	0.06484965	0.066084675	0.043334752
ATCCGAAAGAATGTGT-3	0.0	0.3357824	0.35409272	0.23784736	0.064806156	0.3158258	0.0039048197
ATCTACTGTCACAAGG-3	0.063851416	0.08973383	0.26082176	0.21346353	0.0072106486	0.1160011	0.020523084
CACAAACTCCAGAAGG-3	0.06426459	0.33412006	0.1797991	0.32218307	0.02085352	0.07334989	0.03080791
CTCACACGTAAGTAGT-3	0.0	0.28177157	0.043571007	0.41627252	0.0	0.06911422	0.068189874
CTGCGGATCGAATGGG-3	0.20118886	0.31758097	0.24200678	0.3306167	0.00932036	0.0	0.02941183
GGCTGGTAGATGCCAG-3	0.057947166	0.2800243	0.41785634	0.202493	0.0	0.021319868	0.008295338
GGGAATGGTAGCCTCG-3	0.14898093	0.18021996	0.10384303	0.48645452	0.0	0.0	0.028151166
GTAGGCCGTAGTAGTA-3	0.08957516	0.41507107	0.007018605	0.18087862	0.0	0.0	0.004688821
TCAGGTATCCCACTTG-3	0.26166463	0.32868066	0.0	0.3997199	0.0	0.0	0.05963982
TCGAGGCTCTACCAGA-3	0.0	0.0	0.07277959	0.47673294	0.06410268	0.23865895	0.0820573
TGTTCCGAGGCATGTG-3	0.10957078	0.21164942	0.060758498	0.20678917	0.0	0.050951805	0.0456801
TTGCCGTCAATGTAAG-3	0.1613805	0.008080203	0.015438052	0.81509423	0.0	0.0	0.104569554
ACGCCAGGTCGGATCC-3	0.24760078	0.26044896	0.038820945	0.20961381	0.0	0.0	0.04026218
AGCATACCAATGGAAT-3	0.0	0.19999234	0.31062806	0.16790815	0.0	0.24371372	0.11292531
AGTGAGGCACTGTGTA-3	0.0	0.22711	0.08432389	0.2266173	0.14818646	0.22808668	0.0
CACCTTGCAGGAATCG-3	0.2962113	0.2081269	0.007103944	0.35976723	0.0	0.1273671	0.03741565
CAGTCCTCAGGAATCG-3	0.23663954	0.028803715	0.07579787	0.31563532	0.0	0.0	0.06884243
CCGTTCAAGTCCTCCT-3	0.013898113	0.09863912	0.20181954	0.19808091	0.0	0.02518294	0.017252574
CGTCTACCATGTAAGA-3	0.20106795	0.14379796	0.3278783	0.4393618	0.0	0.024119882	0.041011542
CTACCCATCAACTCTT-3	0.0	0.33296198	0.30208877	0.16125041	0.0055548893	0.07737334	0.012294737
CTCACACCACCCAGTG-3	0.19006658	0.25030056	0.017728321	0.24714406	0.0	0.020196322	0.044073686
GATCTAGAGACTTTCG-3	0.05617283	0.0	0.41476807	0.13959408	0.0	0.25888917	0.017011447
GATCTAGTCCGCGCAA-3	0.16637745	0.1182931	0.0	0.63158345	0.0	0.0	0.05469299
GATCTAGTCGCAAGCC-3	0.0	0.02644546	0.34799048	0.14936405	0.0015651037	0.3143518	0.07038054
GATGAAACACGAAACG-3	0.17116544	0.23426543	0.0	0.39380604	0.0	0.0	0.03559262
GCATGTATCCAAGCCG-3	0.1406902	0.47312638	0.0	0.37376335	0.0	0.07211028	0.14953
GCTGCAGTCCGAAGAG-3	0.17586803	0.43129516	0.041397545	0.3623319	0.084956124	0.0	0.06819852
GGCTGGTTCGTGGGAA-3	0.21803056	0.30512202	0.09320612	0.0153298825	0.0	0.0	0.17740104
GTATTCTCAGACTCGC-3	0.18251333	0.25100726	0.009903456	0.27349144	0.0	0.0	0.033574075
TAAGCGTAGTACGTAA-3	0.074916415	0.2058947	0.0642749	0.24128833	0.0	0.0	0.067115486
TACTTGTTCCGCGCAA-3	0.1300289	0.0	0.2506121	0.23560172	0.0	0.040580146	0.043480203
TCCACACCAAGTAGTA-3	0.096041635	0.22913909	0.097165376	0.3895362	0.0	0.0	0.0541558
TCGGGACTCGCCTGTT-3	0.017753689	0.0	0.1834138	0.31354627	0.25713742	0.12810196	0.04738314
TCGGTAAGTCCAACTA-3	0.15583564	0.17536314	0.070080705	0.3360899	0.0	0.03482573	0.040735018
TCTCTAAGTTGCCTCT-3	0.0	0.15059167	0.06040793	0.20210996	0.0	0.36279497	0.061558224
TGAGCCGAGATCGGGT-3	0.0689201	0.06517458	0.32198304	0.22909287	0.07772516	0.023507616	0.0295735
TGCGCAGCAGATGAGC-3	0.3192612	0.07988394	0.07049699	0.47343525	0.0	0.040796958	0.17440541
TGGCTGGCACGGCCAT-3	0.037786424	0.13332304	0.22682728	0.22668289	0.042173557	0.0214119	0.1181856
TGGGCGTCAGCCTGTG-3	0.0	0.28380486	0.0	0.47494978	0.0	0.0	0.022249661
TTCTCCTCACAACGTT-3	0.009515989	0.20322286	0.22752841	0.6248942	0.0	0.0	0.059941642
TTTCCTCGTACCGAGA-3	0.068627164	0.3848752	0.17936277	0.30317217	0.0	0.0	0.03294098
TTTCCTCTCAGTCAGT-3	0.0	0.15164925	0.17049132	0.39363828	0.016596498	0.0	0.014086643
AAGGCAGAGCGTAATA-3	0.03003179	0.19622537	0.0	0.78751934	0.0	0.0	0.076763794
ACGGAGATCGAGCCCA-3	0.17297721	0.0	0.21379144	0.37295356	0.0	0.0	0.056419212
ACTGAGTGTCAGAGGT-3	0.298138	0.13092592	0.09326488	0.29605168	0.01043459	0.113911934	0.025580503
AGCTTGACAACCGCCA-3	0.21601777	0.1985773	0.025670668	0.37890714	0.0	0.0	0.059607968
AGCTTGATCTAACTTC-3	0.0	0.7171307	0.02871838	0.1805802	0.0	0.13224676	0.0141025735
CACAGGCCAAGACACG-3	0.1316785	0.1975258	0.03293148	0.45560497	0.0	0.0	0.07122421
CACCTTGTCTCGTTTA-3	0.397968	0.18254092	0.0	0.47204393	0.0	0.0	0.060160235
CAGCCGAAGTCCCACG-3	0.025081828	0.41297954	0.0	0.37434122	0.0	0.0	0.0013443544
CATCAAGGTTCCAACA-3	0.24631307	0.0	0.08751831	0.5192461	0.01326282	0.0	0.09097599
CATGGCGAGGAATCGC-3	0.11823947	0.3385091	0.27128583	0.13112009	0.0	0.13161038	0.080417976
CCCTCCTCAGAAGCAC-3	0.48704183	0.26633537	0.0	0.44648838	0.0	0.026808154	0.07424337
CCTATTACAGACTCGC-3	0.11996282	0.3856308	0.0026039898	0.29644543	0.0	0.0	0.04496087
CCTATTAGTCCTCCAT-3	0.17775707	0.28025275	0.0	0.45814264	0.0	0.0	0.02297173
CCTCAGTCATTTGCTT-3	0.0	0.32135734	0.017254459	0.36777797	0.0	0.0	0.026912842
CCTTCGATCTTAACCT-3	0.21880826	0.24696691	0.0	0.4495529	0.0	0.0	0.08288649
CGAACATGTTATGTGC-3	0.14452057	0.15513623	0.1332349	0.43909913	0.0	0.02713979	0.078347154
CGATGGCGTCGAGATG-3	0.08442056	0.56767607	0.0	0.23266782	0.0	0.0	0.15371291
CTACACCGTGATAAGT-3	0.29915288	0.0	0.084447496	0.3274093	0.0	0.0	0.09559947
GACAGAGGTTCAGTAC-3	0.22226647	0.23787013	0.07801914	0.25021315	0.0	0.14914209	0.026101828
GACCTGGCACCATGTA-3	0.0	0.0	0.12351973	1.0028037	0.0	0.12910582	0.080043234
GAGTCCGCACAGAGGT-3	0.21756113	0.39872465	0.033474684	0.15331541	0.0	0.032211173	0.08512578
GATCGATAGACATAAC-3	0.43784082	0.33759925	0.0	0.16917354	0.0	0.0	0.072786406
GATCTAGGTCCGTTAA-3	0.06530689	0.26743853	0.09930013	0.5556709	0.0	0.0	0.09234514
GCGCAACCACTGTGTA-3	0.018002717	0.06719727	0.14109638	0.71023405	0.0	0.13575344	0.06250872
GGACAGAAGAGAGCTC-3	0.43785524	0.0	0.059905495	0.25363818	0.0	0.0	0.089059964
GGTGTTACATCGATGT-3	0.0	0.13604118	0.57915473	0.14879285	0.20585011	0.08449246	0.027975367
GTGAAGGCATACGCTA-3	0.0	0.27630335	0.49907872	0.26730245	0.0	0.1960975	0.07136275
GTTCATTAGCGCCTCA-3	0.12977196	0.3072533	0.06979086	0.30593315	0.0	0.1915817	0.03554747
TACTCATCATTCTTAC-3	0.105742306	0.09744602	0.011435867	0.2224701	0.0	0.2136226	0.007988087
TCAGCAACAATTCCTT-3	0.11401615	0.13754976	0.1202948	0.33584324	0.0	0.021254981	0.035533983
TCCACACGTTGTGGCC-3	0.08327064	0.24999504	0.014910358	0.18125315	0.0	0.012150292	0.17211546
TCTCATAAGTCCGTAT-3	0.0	0.033654924	0.109437205	1.055269	0.0	0.0	0.0
TGAGCCGCATTACGAC-3	0.0	0.07998802	0.28373918	0.39470437	0.0	0.15198791	0.0
AACACGTCAGGATCGA-3	0.20209262	0.5069727	0.0	0.25533438	0.0	0.0	0.017735839
AAGACCTGTCATATCG-3	0.0892983	0.37137327	0.18026672	0.50744754	0.0	0.0	0.022082664
ACCAGTAAGTACGATA-3	0.069083445	0.20016046	0.036135614	0.28963882	0.0	0.028511334	0.13111202
ACTGCTCGTGACTCAT-3	0.08240716	0.25311074	0.010056163	0.5509052	0.0	0.15077877	0.0
AGACGTTCAAATACAG-3	0.02171384	0.24351346	0.0	0.5723093	0.020173624	0.0	0.100499414
AGAGCTTGTCCAACTA-3	0.24712038	0.31602088	0.0	0.07114023	0.0	0.0	0.037803035
CAGCAGCGTGCAGGTA-3	0.099879354	0.0	0.43587467	0.3940557	0.0	0.0	0.054865748
CAGCATACATCCCATC-3	0.0	0.2562677	0.3639076	0.35041103	0.0	0.03027601	0.03873276
CAGCTAATCAGCTCGG-3	0.08548327	0.33755958	0.19326176	0.22092363	0.0	0.11956386	0.0
CATCCACAGTGAAGAG-3	0.2133552	0.08314202	0.0080407	0.5524403	0.0	0.0	0.019237664
CATTCGCCATTTGCCC-3	0.07653019	0.30252376	0.2075821	0.2728411	0.018981542	0.0	0.041259326
CCACCTAAGTAAGTAC-3	0.0	0.66713184	0.0	0.73017704	0.0	0.0	0.009883554
CCACGGAGTCCAGTGC-3	0.077339835	0.2840882	0.12060412	0.3504451	0.0	0.014233348	0.040445883
CGAGCCATCTTTACAC-3	0.069897555	0.18538661	0.0	0.6443653	0.0	0.0	0.020212958
CGCTATCGTTGTGGAG-3	0.20003366	0.058396548	0.0	0.672885	0.0	0.024581693	0.02575182
CGCTGGAAGGGAAACA-3	0.3185875	0.24588084	0.0	0.30051145	0.0	0.0	0.033561353
CGGACGTTCCGCATCT-3	0.0	0.02600318	0.14097688	0.78738105	0.0	0.26221672	0.0
CGGTTAACATTACCTT-3	0.024534723	0.13447237	0.1758516	0.23362763	0.025589237	0.07848347	0.013253255
CGTGTCTAGCAGGTCA-3	0.38445774	0.4263422	0.0	0.2042985	0.0	0.0014998249	0.053911813
CTAACTTTCCCAAGTA-3	0.15166593	0.51980335	0.0	0.2751337	0.0	0.0	0.012953684
CTACATTCATATGCTG-3	0.0	0.2635355	0.09771383	0.31085208	0.0	0.0	0.04724682
CTCCTAGCAAGTCATC-3	0.2059841	0.26819378	0.0	0.21558021	0.0	0.0	0.022508502
GAACGGATCCGCATAA-3	0.26632854	0.17094532	0.03410634	0.2257828	0.032330777	0.0043764715	0.029199295
GAGCAGACAAGCCTAT-3	0.15107659	0.43262765	0.030292232	0.40926865	0.0	0.0	0.078263044
GAGGTGATCCTCATTA-3	0.17356549	0.11533675	0.14308158	0.35581732	0.0	0.0	0.02714487
GATCGCGAGATGAGAG-3	0.06581364	0.1245413	0.35516956	0.21343903	0.044526126	0.08511427	0.01711559
GATGAGGAGATGAGAG-3	0.07537449	0.5756853	0.061312083	0.36436805	0.0	0.0072671324	0.017797109
GCACATAAGTTCGCAT-3	0.26152602	0.0	0.0	0.5883684	0.0	0.0	0.07571064
GCTGCTTTCGCCTGAG-3	0.0	0.1349505	0.32028148	0.2593355	0.22090438	0.0	0.0102689415
GGTATTGCATCGATTG-3	0.17202422	0.12347182	0.0	0.50232697	0.0	0.0	0.02827685
GTAACGTAGCAGGTCA-3	0.0	0.0	0.3277993	0.039990257	0.0	0.8366507	0.0
GTAACTGGTGACTCAT-3	0.19601315	0.2639186	0.12343494	0.36353853	0.0	0.08241501	0.04470122
GTGCATAAGGCTATCT-3	0.17046128	0.13653478	0.0	0.67286104	0.0	0.0	0.1004349
TACGGGCGTCTACCTC-3	0.6417003	0.20698486	0.0	0.3619193	0.0	0.0	0.04267546
TACTTACTCCGGGTGT-3	0.25091648	0.81846577	0.0	0.16495316	0.0	0.020998754	0.022679873
TAGCCGGAGTACGTAA-3	0.07673968	0.44416794	0.0	0.22626685	0.0	0.0	0.011923887
TAGTGGTGTTCCACAA-3	0.09097321	0.47165126	0.0	0.38602844	0.0	0.0	0.0285261
TAGTTGGAGTAACCCT-3	0.17262885	0.14834474	0.0	0.090661295	0.047956992	0.024447868	0.04765184
TCCACACGTAAGTTCC-3	0.06188622	0.005179732	0.4237382	0.36842453	0.0	0.069968134	0.040905744
TCGGGACCAGGATTGG-3	0.047463745	0.40155336	0.14022163	0.106598236	0.0	0.09699052	0.041439537
TGAGCATAGAACTGTA-3	0.0	0.5577784	0.039267592	0.26205215	0.0	0.10925366	0.0
TGAGCATTCGCAAACT-3	0.19897902	0.0	0.1685583	0.42925474	0.0	0.016808746	0.11834554
TGCCAAATCAGAGCTT-3	0.01874431	0.45748016	0.0	0.5530367	0.0	0.0	0.10409818
TGCTGCTGTCTAGTCA-3	0.0	0.0	0.6154204	0.23880534	0.0	0.24304028	0.0
TGGACGCGTGCCTTGG-3	0.13023901	0.21575502	0.09251761	0.18953046	0.009258693	0.02078106	0.023413623
AGCTCCTAGCGAAGGG-3	0.22333014	0.60346144	0.0	0.23145059	0.0	0.0	0.08433824
AGGGATGCAGATCTGT-3	0.087994635	0.0	0.05248865	0.9186777	0.032504544	0.0	0.025848484
CTCATTACAGCCTTGG-3	0.28533325	0.29629228	0.0	0.413253	0.0	0.0	0.03532293
CTTCTCTTCGTCCGTT-3	0.3746437	0.4466762	0.0	0.08870551	0.0	0.0	0.025853978
GACCAATCAGACGCTC-3	0.11961329	0.54119563	0.0	0.35555294	0.0	0.0	0.038996547
GGGACCTAGGACCACA-3	0.025117429	0.20436312	0.10905077	0.25344998	0.0	0.0	0.0149701
TATTACCGTGGGTCAA-3	0.12592752	0.30700615	0.20975745	0.31110007	0.0	0.0	0.079160154
TTTCCTCCATGACGGA-3	0.07699113	0.21544535	0.0	0.5180888	0.0	0.0	0.0744814
ACACCAAAGGTGTGGT-3	0.21630356	0.21177362	0.0757185	0.39362928	0.069049254	0.0	0.02381329
ACACCAATCTGGTGTA-3	0.105445445	0.49018094	0.08587699	0.38848865	0.0	0.060307797	0.034120176
CACCACTGTTCATGGT-3	0.078690246	0.008221651	0.0	0.6157423	0.0	0.0	0.07507944
CAGTAACTCTCTGAGA-3	0.0042190314	0.36656898	0.2427937	0.22082669	0.0	0.09422696	0.093934834
CTTAACTGTGATGTGG-3	0.24500214	0.37946397	0.013343718	0.13630715	0.0068697818	0.052514486	0.05168164
CTTCTCTGTATGAAAC-3	0.0	0.0	0.20599903	0.74167424	0.0	0.0	0.032724023
GCAATCATCGGCATCG-3	0.0	0.0	0.5532948	0.15966408	0.15512931	0.123736314	0.036482755
GGCTCGATCTTCATGT-3	0.08493405	0.0	0.0	0.64590687	0.0	0.0	0.15277927
TCACAAGCACATCCAA-3	0.07247431	0.28406566	0.17926116	0.37405235	0.008743338	0.0	0.03344441
TCCACACCAAGTAATG-3	0.073168814	0.3330421	0.13873136	0.21715215	0.0	0.011362525	0.0106587205
TGGCTGGAGAGGTTGC-3	0.3674991	0.34591484	0.0	0.16956164	0.0	0.0	0.027495384
TTGCCGTAGGTAGCCA-3	0.6083283	0.0	0.010154661	0.3812764	0.0	0.0	0.06012669
TTTATGCCAAGTTAAG-3	0.17217651	0.3432715	0.0	0.4331127	0.0	0.0	0.028297007
CGTTAGACAAACGCGA-3	0.36994615	0.105929695	0.034367833	0.0	0.009875869	0.03643297	0.00014958071
CTCGTACGTAAGGATT-3	0.1455704	0.6441448	0.0	0.33032763	0.0	0.0	0.04304732
AGAGCTTTCCTTCAAT-3	0.5227292	0.0	0.028438076	0.09955941	0.0	0.0	0.013376581
CTAATGGAGCTAGTCT-3	0.21577074	0.016049843	0.31431943	0.0	0.032210764	0.05879094	0.03219624
CAACCTCGTGCCTTGG-3	0.25336048	0.08530047	0.10800761	0.07079307	0.0	0.031513274	0.016624311
ATCCGAAGTGCACTTA-3	0.19728822	0.049450774	0.09481566	0.12651095	0.0	0.09605116	0.0010428635
CCTTACGCAATCTACG-3	0.03464758	0.025463782	0.17440139	0.1688186	0.024889182	0.1629504	0.061171878
GACTACACAAAGGAAG-3	0.17150596	0.0	0.1535061	0.23791388	0.013627992	0.1700036	0.01797878
TTAGGACCAAAGCAAT-3	0.07970237	0.10905401	0.06769689	0.06915554	0.014169107	0.06658604	0.0
AAAGCAATCCTAGTGA-3	0.23167929	0.034528445	0.0725341	0.079158425	0.0	0.04887212	0.010564985
AACACGTCAGACTCGC-3	0.3615099	0.16903225	0.036379974	0.06185731	0.0	0.06948039	0.009236914
ACGCCGAAGTCATGCT-3	0.1746778	0.09798401	0.08361028	0.06231535	0.0051626344	0.051286362	0.0
ATTGGACCAGCTATTG-3	0.19025514	0.06966166	0.04315157	0.09426464	0.0	0.046541583	0.00733781
CATTATCCAACGCACC-3	0.12930015	0.17842075	0.12220118	0.048649218	0.04825475	0.08670927	0.008239442
CGATTGACAAGGGTCA-3	0.2042369	0.0	0.0592105	0.17122327	0.061015163	0.22221541	0.027696298
CTACATTGTTGTTTGG-3	0.24542959	0.041796263	0.18479823	0.06549529	0.0	0.09215728	0.023246901
CTGGTCTAGTCACGCC-3	0.16564082	0.1810487	0.02480787	0.08617447	0.0025234018	0.03797062	0.010206776
GAACATCTCTGTTGAG-3	0.39489642	0.0	0.05487709	0.3489844	0.0011050841	0.09655408	0.045449067
GACTGCGGTGACGCCT-3	0.35692286	0.09447287	0.031903766	0.0	0.0016939833	0.11321879	0.29970318
GATGAGGAGGTCGGAT-3	0.25919	0.021842219	0.0396408	0.4016344	0.0	0.031554718	0.01652533
GCTCCTATCGATCCCT-3	0.20174627	0.010196749	0.082695596	0.02784853	0.0	0.2132354	0.020690078
GTTAAGCCACGGCTAC-3	0.2005912	0.14546005	0.07031002	0.13632458	0.0	0.18360873	0.020853544
TACTTACAGCTTTGGT-3	0.30490166	0.03607787	0.044116616	0.052825492	0.0	0.068626955	0.0022220837
TAGGCATGTATTCGTG-3	0.23523778	0.10771007	0.0788651	0.1278289	0.012334809	0.074417576	0.031002734
TCTCATAAGAGTACCG-3	0.14106196	0.2942075	0.038236916	0.022847047	0.0	0.055202905	0.11615696
TCTCATAAGTGGTCCC-3	0.21503605	0.112258516	0.04513636	0.07755823	0.19631964	0.1310818	0.04572855
TCTCTAATCCGTCATC-3	0.47129083	0.07956854	0.0	0.024829062	0.0	0.10515804	0.07643964
TGACTAGGTGCTTCTC-3	0.5174838	0.3385695	0.0	0.0	0.0	0.0375202	0.021424692
TGAGCATGTCGGATCC-3	0.16781928	0.23523736	0.047181215	0.067582265	0.0	0.01970977	0.0057441094
TGGTTCCCATTAACCG-3	0.19086225	0.19436847	0.07547299	0.07840289	0.015206583	0.08633554	0.009029226
TGTTCCGCATCGTCGG-3	0.27264494	0.14077136	0.04193878	0.09273122	0.0	0.103917584	0.0139285615
ACACCGGCACCATCCT-3	0.27987903	0.0	0.055261128	0.26679444	0.0	0.12699012	0.022447797
GACTGCGAGCTGCAAG-3	0.26915488	0.056088403	0.06756187	0.0779985	0.0	0.10298046	0.02199615
TAAGCGTTCCTTAATC-3	0.20149389	0.22496952	0.07428516	0.15251288	0.093958795	0.10879539	0.0
TCAACGACATAGGATA-3	0.0	0.0	0.0	0.0	0.024276251	0.07964037	0.89948356
CGCGTTTGTATCACCA-3	0.0	0.0	0.28188467	0.6067827	0.0	0.3533259	0.11567572
AAGCCGCTCGTACGGC-3	0.2182695	0.055475675	0.0	0.42818743	0.010769115	0.3381248	0.032930005
TTTGTCATCTTGTACT-3	0.0	0.08426341	0.39022714	0.38181454	0.0542782	0.31846204	0.014828968
AGAGCTTCACGCCAGT-3	0.44809344	0.17015646	0.0	0.22198677	0.0	0.018036008	0.06930857
CGGAGCTGTGCGGTAA-3	0.33344945	0.29855472	0.07724135	0.08031729	0.027816545	0.12492072	0.026119009
GGCTCGAGTGCACGAA-3	0.05542023	0.24511462	0.0	0.1141442	0.0	0.36823925	0.0
AAAGATGCATGCCCGA-3	0.0	0.0	0.7049316	0.16369723	0.18778753	0.29491308	0.0
AACTCCCCATGTTGAC-3	0.03739918	0.20810871	0.13020343	0.0	0.015722837	0.5204868	0.18610202
CGGTTAAGTGCCTGTG-3	0.19771206	0.17204422	0.08492058	0.09463261	0.015441637	0.010028231	0.003056478
CGTCAGGTCTCAACTT-3	0.15918426	0.007107821	0.22048597	0.25205824	0.02586976	0.29455402	0.041167002
GCTGCTTCAGCCAATT-3	0.33932352	0.027667632	0.14405693	0.17499198	0.011606141	0.027908005	0.0014986948
GGCAATTCATCACGTA-3	0.22906548	0.0	0.25176743	0.3457907	0.0	0.1451011	0.08604276
GTACTTTCATTGGCGC-3	0.0	0.0	0.24867368	0.06311594	0.0	0.21544744	0.09123349
TACGGATTCGGCCGAT-3	0.19734076	0.6246682	0.0	0.0693872	0.004613048	0.112081654	0.0021606602
TACTCGCGTAATTGGA-3	0.08348016	0.0	0.39801535	0.1857233	0.24156034	0.049723692	0.048388936
TCAACGACAAGAGTCG-3	0.2230387	0.23184446	0.10227964	0.13899747	0.07006639	0.099295	0.09584049
TGTGTTTGTAGCGTAG-3	0.1600759	0.30985525	0.0	0.38310352	0.0	0.022044174	0.14840856
TTAGGACAGTGCGTGA-3	0.14616576	0.034755036	0.2801934	0.2684661	0.0	0.06066971	0.13689151
ATCCGAACAGATAATG-3	0.0	0.19253877	0.039864928	0.508143	0.0	0.038034335	0.05390811
ATCTACTTCGTGACAT-3	0.22214042	0.30301192	0.0	0.13444996	0.0	0.1607614	0.20850511
ATTACTCGTGTTGGGA-3	0.41672	0.0	0.0379886	0.26146686	0.047692675	0.019659717	0.25834507
CCAATCCGTCTCCCTA-3	0.23887756	0.09666244	0.014519313	0.18879351	0.05159282	0.10472062	0.023848271
CTACACCAGGAGTCTG-3	0.27064595	0.30305287	0.07601654	0.24408552	0.015986003	0.0	0.17204152
GACTGCGGTACGAAAT-3	0.117220916	0.5019181	0.0	0.16302884	0.0	0.0	0.065576576
GATCTAGAGGTGATAT-3	0.58898044	0.37701997	0.0	0.017570147	0.0	0.0	0.26988873
GTACTCCGTGATGTGG-3	0.22401793	0.46581897	0.075930186	0.11219963	0.10777807	0.096132904	0.11525679
GTCAAGTTCGTCACGG-3	0.0	0.0152795445	0.27086473	0.3266767	0.0	0.37989113	0.030286875
TCACGAAGTTCGCGAC-3	0.500682	0.4750432	0.060271952	0.25788993	0.012454078	0.0026393346	0.032734994
TCCCGATCAACCGCCA-3	0.042359903	0.0	0.2078162	0.45450705	0.31555033	0.26157066	0.08044438
AACTCAGTCATGTAGC-3	0.21169926	0.3921549	0.0006260862	0.015827078	0.0	0.34011382	0.093033075
TGTCCCAAGGCCCTTG-3	0.23806027	0.37523404	0.02786481	0.38564464	0.0	0.09988906	0.0058962563
TTAACTCAGGATATAC-3	0.0	0.0	0.7456323	0.14096014	0.15928607	0.2606367	0.0
CGGAGCTGTATTCGTG-3	0.0097043915	0.0	0.12732133	0.49498963	0.023224112	0.18741763	0.09451079
GACTGCGAGGCGATAC-3	0.04200338	0.0	0.15352884	0.52252847	0.0	0.2175996	0.10146265
GATCTAGGTAGCTGCC-3	0.0	0.034869242	0.4910924	0.0	0.002986626	0.40824902	0.05544405
CCCTCCTAGTGTTTGC-3	0.2452763	0.2318952	0.022068663	0.54232913	0.0	0.0	0.016941827
ATCTACTAGACCGGAT-3	0.16033027	0.15839054	0.0	0.23654953	0.0	0.0	0.00415701
CCTAAAGAGGGTCTCC-3	0.043037597	0.2876144	0.031093476	0.2566616	0.0	0.21279255	0.050623678
CACACTCTCATCTGCC-3	0.23017858	0.49217552	0.05837743	0.12531132	0.0	0.050348036	0.01702442
TAAGCGTGTTAAGTAG-3	0.04194072	0.5505854	0.0	0.24766599	0.0	0.07644339	0.014519825
AGATCTGAGCTGAACG-3	0.45958313	0.20644733	0.012903028	0.30606887	0.031246804	0.0	0.014382706
ACGTCAAAGCGGCTTC-3	0.17457859	0.0	0.20892502	0.3660726	0.0	0.18371508	0.00091210316
CGGAGTCTCACAGGCC-3	0.25464407	0.0	0.13876566	0.0	0.18512055	0.26496068	0.017317329
CGTTAGAAGACCTAGG-3	0.3429841	0.0	0.06300799	0.07526403	0.10797998	0.24288073	0.11577974
GTGCGGTTCCGCGGTA-3	0.26891053	0.14950658	0.05648342	0.042739198	0.0	0.0	0.07693212
TTGAACGCACAACGCC-3	0.15676373	0.0	0.294865	0.2952791	0.12946016	0.13576819	0.052398946
AAATGCCTCATGCATG-3	0.0	0.0	0.051927045	0.4869967	0.047069937	0.06507509	0.01696475
AACCATGCACGGCTAC-3	0.08355264	0.4225751	0.021209957	0.3736238	0.0	0.02752998	0.035029087
ACGCAGCCATGCCTAA-3	0.47981423	0.079566635	0.0	0.101195976	0.018096395	0.010664384	0.13008592
AGGGTGACACCTATCC-3	0.33121055	0.17473713	0.08075543	0.08486323	0.05397766	0.07467131	0.055707537
ATTGGTGGTTAGGGTG-3	0.35600924	0.0	0.085065074	0.3147474	0.0	0.033515155	0.06783626
CACAAACAGATACACA-3	0.0	0.09804985	0.24940865	0.24470648	0.08124973	0.08662265	0.05431473
CACCACTTCGCATGAT-3	0.033211585	0.12684816	0.11335012	0.3508636	0.0	0.0	0.07327233
CAGTCCTGTCTAGCCG-3	0.0	0.0	0.3276771	0.24512058	0.16260993	0.22313467	0.037577964
CCGTACTAGGCTCTTA-3	0.027993815	0.36653635	0.1480067	0.16270296	0.0	0.15608674	0.047295358
CGGACGTGTGATGATA-3	0.0070410008	0.3391624	0.28454572	0.12686652	0.008809718	0.38376668	0.04168318
CTAATGGGTGCTGTAT-3	0.50096714	0.1506666	0.11079754	0.46936452	0.027576014	0.03444645	0.03563888
GACCTGGCAATGGATA-3	0.0	0.0	0.0	0.5886854	0.003413875	0.3308031	0.15349692
GAGGTGACAAGCTGTT-3	0.0	0.06029336	0.11471051	0.6923985	0.0	0.3599884	0.0
GTATTCTCAAGCCGCT-3	0.03910885	0.051169995	0.25075692	0.2304386	0.07021806	0.34614384	0.047137104
GTCACGGAGAGTGAGA-3	0.13244522	0.08496991	0.16651753	0.3175756	0.0	0.0	0.017492922
GTGCTTCTCGGCGGTT-3	0.13351744	0.0	0.15679489	0.20962831	0.04664253	0.22998841	0.018804003
TCTCTAAAGTCACGCC-3	0.049294204	0.07555746	0.24245323	0.09410212	0.083015725	0.25567824	0.0
CGAGCACAGGGCTTCC-3	0.021001562	0.0	0.38040268	0.0	0.0	0.3032689	0.0064724595
GAAACTCAGGGAACGG-3	0.06267075	0.16848233	0.0337624	0.5183278	0.00018680436	0.0	0.06122077
TGGCTGGTCATATCGG-3	0.0	0.0	0.24543335	0.18616897	0.0	0.5757246	0.0
AAGGTTCCATCCGTGG-3	0.39134288	0.25410357	0.028177842	0.06451604	0.0	0.09931084	0.017460769
ACCCACTAGTCGAGTG-3	0.14281332	0.18607642	0.0	0.29421702	0.0	0.075347535	0.14977667
AGCGGTCAGGCTAGAC-3	0.31602475	0.2883808	0.0	0.38541174	0.0	0.0142224915	0.03775518
AGCGTCGGTCGCTTTC-3	0.11074388	0.0	0.23909749	0.28896132	0.18424246	0.0	0.03935885
ATGCGATAGTACGCGA-3	0.16562985	0.082988314	0.33056644	0.18619184	0.102452196	0.061234877	0.12593511
CGAGCACTCCACGTTC-3	0.17383705	0.0	0.18098646	0.35587305	0.14125904	0.3464066	0.06548454
CGATCGGCAAATTGCC-3	0.0	0.0	0.0	1.431851	0.0	0.28106073	0.0
GGGTCTGAGGCCGAAT-3	0.8729994	0.0	0.016916944	0.03748151	0.0	0.040333793	0.026066264
GGTGTTATCAGGCAAG-3	0.13373148	0.0	0.19480234	0.62199855	0.0	0.19585077	0.21169935
GTAACGTTCCCTCAGT-3	0.24067669	0.0	0.1421664	0.47564042	0.048675198	0.120033555	0.024526503
TACCTTAGTGACGGTA-3	0.4531486	0.027236497	0.0	0.22863576	0.009907867	0.08823594	0.1000506
TGTTCCGGTGAACCTT-3	0.1531767	0.0	0.18467307	0.2792878	0.19370621	0.1995352	0.08611724
TTCGAAGGTTGTCTTT-3	0.18391672	0.0012831277	0.5566115	0.19098692	0.16829062	0.104177035	0.028261194
ACAGCCGGTTAAAGAC-3	0.32553622	0.0	0.18472973	0.62258273	0.03528469	0.008529633	0.16555014
TAGTTGGCAGGACGTA-3	0.0	0.0	0.38790286	0.41312817	0.13229515	0.21299475	0.0
AACTTTCTCAGTTTGG-3	0.45335057	0.14547968	0.00036553026	0.0	0.01862713	0.35110867	0.1000133
ACACCCTGTGTGACCC-3	0.34463385	0.0	0.24370325	0.5219279	0.12992844	0.03193109	0.04542466
ACACCGGAGAAGGCCT-3	0.0	0.0	0.31198043	0.22219324	0.36807165	0.1282836	0.12146761
AGATCTGGTCGGATCC-3	0.27238607	0.15155105	0.054020792	0.20502765	0.024415234	0.018459631	0.043200932
AGGCCACCAGTGGGAT-3	0.075606	0.0	0.17560656	0.4068631	0.19774711	0.38155973	0.03518476
ATTGGACCAAGGACAC-3	0.0	0.0	0.29688385	0.10873188	0.63594544	0.17198573	0.0076841493
CATCAGAAGAGCTTCT-3	0.3080204	0.14013681	0.020407548	0.46605855	0.031255122	0.0	0.021361941
CGACCTTGTAAGAGGA-3	0.20984156	0.0	0.0	0.8618214	0.0	0.0	0.05795092
CGAGCACCATGTTGAC-3	0.12189567	0.10198825	0.0	0.60442245	0.0	0.148026	0.03909465
CGAGCCATCCATGAAC-3	0.30652782	0.0	0.0	0.5263178	0.0062269922	0.03341806	0.05418143
CGCGGTATCACAACGT-3	0.30690926	0.0	0.05133304	0.3373824	0.05339332	0.0	0.054210745
CGGAGTCCATGACGGA-3	0.43954244	0.3160954	0.01959511	0.08682689	0.044653784	0.045909546	0.05194369
CGTAGCGGTAGAGCTG-3	0.3730079	0.045058563	0.0	0.47751176	0.0	0.041124333	0.022886274
CGTAGCGGTTGAGTTC-3	0.0	0.0	0.25531617	0.15929115	0.5017262	0.094872154	0.07038641
CGTCCATAGGTGACCA-3	0.29072288	0.21503727	0.0	0.10772182	0.0	0.078011185	0.2527562
CGTGTAAAGCGTAATA-3	0.011785865	0.50674015	0.0	0.20716867	0.009986645	0.07957215	0.100081645
CGTTGGGGTCGCGAAA-3	0.33395723	0.0	0.1235928	0.3690415	0.03488059	0.0	0.27363592
CTTAGGAGTAAATGAC-3	0.3538053	0.20907167	0.05775969	0.08310987	0.03064325	0.00891676	0.022742592
GACTACAAGCGACGTA-3	0.751896	0.065110505	0.009878152	0.032660756	0.0046306076	0.06051382	0.08527103
GATGAGGAGAACAATC-3	0.73774046	0.0	0.0	0.0	0.18683401	0.0815366	0.01057591
GGACATTCACCAGGCT-3	0.19934586	0.0	0.20481129	0.1143237	0.16842334	0.19928361	0.05020376
GGACGTCCATAGACTC-3	0.5921237	0.20240805	0.0	0.03143412	0.0	0.0	0.04405896
TACGGATAGATCGGGT-3	0.6660039	0.093260884	0.0	0.09303215	0.0	0.117780454	0.0945698
TAGTTGGTCTGGTATG-3	0.40847355	0.09435506	0.17373684	0.0	0.10168243	0.1116378	0.050700657
TCACAAGAGGCAGGTT-3	0.42527243	0.0	0.107721664	0.12952255	0.08414532	0.0	0.12880823
TGAAAGACAGGTTTCA-3	0.06904723	0.0	0.33406228	0.3411811	0.14989275	0.077742144	0.055315576
TGACAACTCGTTTAGG-3	0.31872788	0.015964622	0.049351137	0.5548204	0.09992393	0.04986508	0.006349039
TGAGCATCAACGATCT-3	0.49497357	0.0	0.0767558	0.22013049	0.114717156	0.040757507	0.068499826
TTAGGACTCCACTCCA-3	0.0	0.0	0.13436857	0.0	0.5437792	0.48219702	0.021660786
TGCGGGTCAACTTGAC-3	0.31687418	0.0	0.0	0.47945735	0.10412739	0.0	0.053011104
CGAGAAGTCAGTTCGA-3	0.0	0.0	0.4194832	0.040854264	0.1778284	0.50810283	0.008882215
CGGTTAACAAGTCTAC-3	0.11334348	0.08044323	0.14499383	0.48924282	0.028806059	0.039006066	0.05182549
GCATGTAAGGAGTACC-3	0.21683574	0.070190094	0.016803898	0.5285541	0.27672607	0.092752375	0.030335544
TAAACCGTCGCCGTGA-3	0.38686955	0.16364525	0.0	0.28053805	0.0	0.017372267	0.0640012
CTGGTCTCAGGGATTG-3	0.5436402	0.19395651	0.03556741	0.16146685	0.0	0.014098532	0.09034276
CTCGAAAGTCTAGAGG-3	0.32371747	0.0	0.07074055	0.37964246	0.06499312	0.0048389034	0.034109786
GGATTACCATGGAATA-3	0.6921121	0.19059497	0.0	0.038628537	0.0	0.0	0.008258718
AGTGTCAGTACAGTGG-3	0.55657965	0.0065114414	0.0	0.28070766	0.0	0.09723647	0.010793808
GTAACTGAGCACCGTC-3	0.0	0.02801016	0.09913908	0.52947927	0.017418928	0.06444966	0.04046445
CGTCAGGTCTTATCTG-3	0.076956645	0.14684656	0.22823988	0.41076985	0.029864788	0.2664778	0.050570693
ATCTGCCTCTCTTGAT-3	0.3700146	0.2713139	0.0	0.0897947	0.0	0.004656855	0.079482436
CGTAGGCAGTTTGCGT-3	0.0	0.041704714	0.0	0.53597677	0.0	0.5137347	0.0
TGGTTAGGTGGACGAT-3	0.25036037	0.04444135	0.24071592	0.36325827	0.0	0.04949753	0.033478916
GGATTACGTGTGACCC-3	0.28643695	0.19239634	0.0	0.06702272	0.0	0.024075348	0.037516877
AGATCTGGTAACGCGA-3	0.0	0.0	0.41658115	0.2398905	0.0	0.15230297	0.0010290688
CAACCAAAGACAAAGG-3	0.12098557	0.3084396	0.04529159	0.1384386	0.0	0.0	0.014548878
CCGTGGAGTAGCTCCG-3	0.16910394	0.3323794	0.0	0.17248309	0.0	0.0	0.031150399
GACAGAGGTCGGCTCA-3	0.07119466	0.10761021	0.22513796	0.18295577	0.0	0.15945096	0.020609234
GAACGGAAGCTCAACT-3	0.046762764	0.04888007	0.0061344313	1.0381014	0.0	0.07339824	0.0
TACACGAAGTTAGCGG-3	0.16970874	0.0	0.15868513	0.15149635	0.0	0.24496536	0.009291291
CTTAACTAGCGTAATA-3	0.31126565	0.32345626	0.0	0.13550022	0.0	0.09026911	0.00032070768
GTGTTAGTCTACTTAC-3	0.36940223	0.12335291	0.070674635	0.10480853	0.0	0.037966475	0.01593195
ACATGGTTCACCGTAA-3	0.0	0.042770796	0.5346046	0.0586191	0.0	0.34397194	0.037747286
ACGGAGATCTGCAGTA-3	0.1681185	0.15845215	0.3103414	0.047585465	0.0	0.14911135	0.0
AGCAGCCAGCTGAACG-3	0.14879249	0.12572274	0.06779503	0.20845248	0.0	0.13321616	0.06547051
AGTAGTCTCCTTGGTC-3	0.35784253	0.12859523	0.016103616	0.07559126	0.0	0.010857176	0.010692893
AGTGAGGTCGCTTAGA-3	0.05145668	0.24160741	0.033502955	0.37371024	0.0	0.086547785	0.0
AGTGTCAAGCGATATA-3	0.1493936	0.21812364	0.097313866	0.20280246	0.0	0.0413814	0.022102492
AGTTGGTAGTCAAGGC-3	0.094893254	0.18571758	0.0	0.5043324	0.0	0.05967297	0.12354872
CAAGGCCCAGGTTTCA-3	0.38562006	0.09797317	0.19643246	0.20001116	0.0	0.15303148	0.004252504
CACATAGAGCTAGTCT-3	0.2826364	0.20883092	0.033586826	0.11352377	0.004885303	0.053252324	0.036245372
CACATTTGTTACGCGC-3	0.017093005	0.17819583	0.094241865	0.16930413	0.0	0.06193785	0.023498205
CAGCTAAAGACTCGGA-3	0.02508736	0.2470975	0.1373483	0.045454472	0.0	0.23489794	0.010056324
CATTATCAGTTTAGGA-3	0.38153225	0.2825038	0.043894045	0.020526126	0.0	0.04017095	0.05945727
CCACCTATCCTATTCA-3	0.35778165	0.061447475	0.0	0.13039504	0.009997868	0.05299759	0.0
CCACCTATCTTATCTG-3	0.28172714	0.3895289	0.0	0.28446725	0.0	0.08107432	0.0137663465
CCATTCGGTATTAGCC-3	0.19101065	0.1981845	0.2163422	0.14210008	0.0	0.11295035	0.0027480607
CGTTAGACATTCTTAC-3	0.15807699	0.0	0.3876669	0.22677763	0.0	0.11280535	0.02713317
CTCGGGAGTGTCAATC-3	0.29017913	0.05470695	0.18280602	0.36721885	0.0	0.16116495	0.13931371
CTCGTCAAGAGGGCTT-3	0.0898752	0.013957555	0.11774599	0.3901847	0.0	0.27400717	0.0
CTCGTCATCTTTCCTC-3	0.44095775	0.039424542	0.0	0.08997814	0.0029451784	0.13281645	0.074988045
CTTGGCTGTGGCCCTA-3	0.14176899	0.091786906	0.0310493	0.079696186	0.0	0.40179226	0.0013937665
GACAGAGGTATATGGA-3	0.18635604	0.39393014	0.0	0.22149947	0.0	0.12804435	0.044241033
GACAGAGTCACCCGAG-3	0.0	0.17182584	0.043756243	0.13043343	0.0	0.04356484	0.031515483
GAGGTGATCTCCAACC-3	0.08565928	0.16711785	0.26467076	0.16924675	0.11539751	0.12172209	0.06981776
GCAGCCAAGCTGCCCA-3	0.0	0.0	0.5188549	0.41130435	0.0	0.14658569	0.11341767
GCTCCTACAGATGAGC-3	0.0	0.0	0.12347739	0.39777356	0.0	0.27111587	0.01748925
GCTGCTTCAATAACGA-3	0.11575262	0.06901747	0.0	0.5003478	0.0	0.20735717	0.0
GCTTCCAGTGTGCCTG-3	0.20416446	0.16810578	0.19319054	0.08550594	0.0765358	0.10637515	0.013770043
GGACAGACAGCGTAAG-3	0.7371458	0.13170414	0.0	0.0	0.0	0.02690887	0.031057244
GTAACTGCAATCACAC-3	0.054343488	0.35967952	0.03471226	0.0914368	0.0	0.14628522	0.09582953
GTTCTCGAGCACCGTC-3	0.4540083	0.17900343	0.017680833	0.0	0.009803019	0.24139197	0.0077144145
GTTCTCGCAAACCTAC-3	0.16886167	0.17527974	0.0	0.0	0.01787038	0.15198049	0.0020080616
TACCTATAGCTCAACT-3	0.0	0.17576413	0.059915286	0.025150195	0.0	0.29236352	0.0
TACGGATGTAAACCTC-3	0.17486235	0.0999145	0.05644859	0.08889196	0.0	0.05666034	0.010148773
TACGGTAGTACTCTCC-3	0.17606317	0.12725732	0.04728358	0.2687115	0.0	0.06293855	0.0055390964
TATCAGGCACATGACT-3	0.17520061	0.0	0.3396491	0.233591	0.012157023	0.22943759	0.0
TCAGGTACACCGCTAG-3	0.0	0.0	0.6382951	0.056090523	0.08851232	0.27884528	0.0
TGAGAGGCAGACGCAA-3	0.0362308	0.0	0.0	0.026976347	0.0	0.8380527	0.0
TGAGCATAGACTTGAA-3	0.30961055	0.28681317	0.07195763	0.07330618	0.0	0.06607436	0.0
TGTCCCAGTTGTCTTT-3	0.48727733	0.10513485	0.0	0.16855015	0.0	0.022003762	0.08193257
TGTGTTTAGCTCCTTC-3	0.08308758	0.017030107	0.29411662	0.023102222	0.0966843	0.09839179	0.0
TTAGGCATCACAGGCC-3	0.14665191	0.10643001	0.0739007	0.3676782	0.035087973	0.13432527	0.021046543
TTGACTTAGCAAATCA-3	0.36605087	0.1278427	0.06980671	0.33087504	0.0	0.048780583	0.0
TTGTAGGAGACCTAGG-3	0.6223398	0.15312622	0.022828901	0.017124772	0.0	0.042943973	0.05376463
TTTCCTCTCACCATAG-3	0.11799369	0.0497271	0.07294884	0.407874	0.005015178	0.048185207	0.03076753
CGCCAAGCAAGGTTCT-3	0.12659085	0.21571591	0.06684112	0.20611627	0.008500546	0.034827076	0.029351393
CTCTACGTCTGAAAGA-3	0.17170872	0.15837747	0.030790515	0.15407376	0.0	0.11788618	0.049539853
ACATCAGCATTTCAGG-3	0.059430826	0.0	0.28485793	0.37280905	0.0006900445	0.30215886	0.03351116
ACGATACTCCGCAAGC-3	0.0	0.17367725	0.049825974	0.49782282	0.0	0.14539415	0.0068365186
AGGGATGCAGCTGTAT-3	0.067804836	0.027199283	0.0	0.5549643	0.011078717	0.2538224	0.0
CACCACTCACGAAAGC-3	0.4206266	0.1751499	0.0	0.2614256	0.0	0.00077359803	0.028827826
CGTCACTTCACCAGGC-3	0.035285883	0.0	0.23154257	0.20066476	0.15209097	0.08421626	0.014570177
GACGTGCAGTAGTGCG-3	0.0	0.3214737	0.043799635	0.36529446	0.0	0.30709898	0.018782347
GCTTCCAAGCGCCTTG-3	0.014686678	0.21556705	0.04260982	0.14408582	0.01210154	0.09678433	0.0026373416
GTATCTTTCTTTCCTC-3	0.10587157	0.48302627	0.023760121	0.0711814	0.0	0.072968334	0.022102203
GTATTCTAGATCCCGC-3	0.0013402123	0.44380707	0.07852304	0.25018892	0.0	0.03639038	0.03359973
GTGCATAAGTACATGA-3	0.21959421	0.072299615	0.03626814	0.17278469	0.0	0.0	0.003757085
TCTTCGGGTCGAGATG-3	0.0	0.26124215	0.097934894	0.18544361	0.0	0.3549193	0.1643784
TCTTTCCGTCCGAACC-3	0.22765002	0.0	0.0	0.45682356	0.11806869	0.061063297	0.013316823
TGCACCTGTTCCCTTG-3	0.04395948	0.24569127	0.041776124	0.17826565	0.0	0.038589645	0.006319001
TGGACGCCACTGTGTA-3	0.21501127	0.23958106	0.07675345	0.13571562	0.0	0.00912081	0.061456718
TGGACGCCAGGACCCT-3	0.0	0.0	0.31083298	0.0	0.000274422	0.47439042	0.0
TTGTAGGCATTAGGCT-3	0.40252694	0.4343345	0.049386665	0.031667467	0.0	0.20389782	0.014302082
CACACTCCAAGTCTAC-3	0.13010426	0.16262579	0.08256868	0.2897686	0.0	0.12612906	0.030491097
CACCACTTCGGTTAAC-3	0.062198415	0.26328	0.09266979	0.22881128	0.0	0.29237652	0.03300339
AAAGTAGGTGGTCTCG-3	0.24062967	0.0	0.0	0.21914816	0.028336994	0.3004907	0.19043304
GACTGCGCATGACGGA-3	0.09533955	0.09172372	0.11526925	0.14531498	0.0	0.13413267	0.0
TTGAACGCACTCTGTC-3	0.2379867	0.23325092	0.09896405	0.07767094	0.05316556	0.095256686	0.043545004
ACACCCTGTGAAGGCT-3	0.28179407	0.0	0.022336075	0.5082969	0.045295708	0.2898623	0.0
CTCTGGTAGTGTGGCA-3	0.17958538	0.15540875	0.15237075	0.21188186	0.0	0.037354294	0.022247706
GACTACAAGCTGCAAG-3	0.025688644	0.034357037	0.17008884	0.102255814	0.04073748	0.26611036	0.0
TTGCGTCTCACAGGCC-3	0.0	0.0	0.304127	0.0	0.00660607	0.40155828	0.0
CCCAGTTTCTTTCCTC-3	0.4154867	0.05186752	0.04870414	0.062480386	0.0	0.0	0.0
CTGAAACCATGTTGAC-3	0.011482176	0.050518513	0.19102369	0.20231642	0.0	0.26376048	0.011073114
TATCTCATCGAATGCT-3	0.30237916	0.09338361	0.08914602	0.26745787	0.0	0.16995259	0.040819257
CTCCTAGTCATGTCCC-3	0.0	0.0	0.20903067	0.31314012	0.0	0.20774451	0.0003195488
TCTCATAGTAAGTAGT-3	0.27982193	0.11205621	0.01139799	0.09038564	0.0016088859	0.22845007	0.039115902
GAAATGAGTGGTCTCG-3	0.0	0.0	0.26077378	0.0	0.25250617	0.43966416	0.046227615
GCTGCTTAGTCGTTTG-3	0.5667602	0.20983903	0.0	0.16052598	0.0	0.0	0.044739366
TCTATTGTCCATGCTC-3	0.29386348	0.0	0.030604612	0.04231904	0.047968492	0.12917389	0.0
CAACCAATCGTCACGG-3	0.40482223	0.0399518	0.08216864	0.2284626	0.051739316	0.01188551	0.11012993
CATATTCGTCAAAGCG-3	0.5463352	0.0	0.05069345	0.22242083	0.0	0.12775896	0.073031485
CTGGTCTTCTGTACGA-3	0.347321	0.0	0.17632891	0.06797307	0.0	0.43310395	0.0010501429
TCCCGATAGCAATCTC-3	0.28777096	0.0	0.12911214	0.2725848	0.0	0.1125918	0.06373918
CGATGGCCAAGTCTAC-3	0.31868112	0.0	0.11295855	0.15633461	0.033896964	0.1815948	0.055908345
TCAGATGCAGCTGCTG-3	0.09595983	0.0	0.17438747	0.04435493	0.07871065	0.49282202	0.0
CACATAGGTGTGGTTT-3	0.54303473	0.2455251	0.04504424	0.18572687	0.0	0.1501193	0.054560926
CAAGGCCCAGTATGCT-3	0.20087002	0.37552452	0.05313093	0.07552488	0.0	0.26736507	0.0031606464
CGGACTGGTAGGAGTC-3	0.08634964	0.48108584	0.0	0.3894629	0.0	0.0	0.044176135
TTAACTCTCCGGCACA-3	0.2976898	0.17757477	0.08148423	0.18054967	0.0	0.06171781	0.013884227
AAGACCTAGTTTGCGT-3	0.7854421	0.0	0.030788444	0.0	0.022550259	0.0693547	0.040020328
ACAGCTACACAGCCCA-3	0.2996134	0.078546174	0.0	0.15736285	0.11861753	0.103791304	0.0
AGCTCTCGTTCGTCTC-3	0.040702675	0.017746354	0.055447135	0.61352736	0.06632862	0.0	0.00516448
ATCATGGCACCAGTTA-3	0.24208899	0.0	0.0	0.5177464	0.0	0.030453257	0.015353513
ATGAGGGAGAAGGTTT-3	0.106662534	0.0982192	0.037177265	0.259061	0.0	0.0	0.0018078362
CACAGGCCAGTATCTG-3	0.0	0.0	0.0	0.0	0.796271	0.5532503	0.0
CCAATCCGTAAGGATT-3	0.082405336	0.1361257	0.010513842	0.15144968	0.0	0.12825327	0.0
CGATGTAGTACTCGCG-3	0.41749623	0.0	0.0497746	0.26212195	0.0	0.029716393	0.015386195
CGGTTAAGTTATCGGT-3	0.03973388	0.051158883	0.07113023	0.51867485	0.2063151	0.0	0.027084818
CGTCTACAGGCGTACA-3	0.38633585	0.13938268	0.08331273	0.10940916	0.0	0.111133516	0.035038847
CTCGGAGAGTCACGCC-3	0.5317967	0.0	0.1116386	0.2461889	0.0	0.1612457	2.2524935e-05
GAATGAAAGACAGACC-3	0.6140545	0.05728382	0.0017452873	0.024893234	0.0	0.12726662	0.025132356
GACGTTACAGGAACGT-3	0.2615416	0.07195972	0.055182602	0.045654662	0.0	0.049795397	0.0
GAGTCCGTCTAACTGG-3	0.36197257	0.1407202	0.024540182	0.10697651	0.047331035	0.060587592	0.01901665
GCATGCGTCGTGGGAA-3	0.036156524	0.0	0.01508032	0.4415318	0.013391461	0.36971477	0.09193269
GCTCCTAAGTGAACAT-3	0.46013287	0.1464264	0.040390797	0.15120788	0.0	0.079790555	0.0013642212
GGACAGAGTCTCATCC-3	0.1813323	0.048007254	0.16030674	0.2521391	0.06611794	0.13919367	0.017608454
GGCCGATGTAGGCATG-3	0.07680125	0.11025014	0.0	0.71354467	0.0	0.1605201	0.046400614
TAGTTGGGTCCTAGCG-3	0.1697487	0.0	0.102650486	0.019832041	0.387354	0.06879931	0.017076628
TCGAGGCTCAGAGACG-3	0.36740378	0.0	0.039197173	0.31349397	0.0	0.1404547	0.028099423
TCTTCGGGTGAGGCTA-3	0.35734197	0.15003616	0.019086467	0.1559857	0.0	0.15271223	0.046110895
TGGGAAGCATTGCGGC-3	0.32248035	0.0	0.2904251	0.24912432	0.061571874	0.23531349	0.0
TTGCCGTTCTCTTATG-3	0.5590823	0.016880114	0.0	0.0	0.0	0.13005759	0.0
TTGTAGGCATAGGATA-3	1.0630862	0.0	0.0	0.0575388	0.0	0.0	0.0
TTTGTCATCGCGCCAA-3	0.12437705	0.044641715	0.09871364	0.24745387	0.044392854	0.11005483	0.057564523
AAGTCTGCAATGAATG-3	0.087994784	0.06500026	0.0	0.21592052	0.025366884	0.17147438	0.04797492
CGCGGTACAATCCAAC-3	0.17653099	0.016016021	0.0	0.0	0.085018836	0.46206117	0.13506618
GCAATCAAGCGTCTAT-3	0.2986341	0.09691845	0.016465824	0.0	0.0	0.51223224	0.019783078
TTGCGTCGTTGCGCAC-3	0.0	0.0	0.15129739	0.4580974	0.14150363	0.043338247	0.0
GCCTCTACAATACGCT-3	0.6487974	0.0	0.0	0.67024237	0.16907471	0.013350561	0.016445423
TGGGAAGGTCGCATAT-3	1.0396906	0.0	0.0	0.0	0.04958099	0.0	0.00662869
AAACCTGCAACACCCG-3	0.5419495	0.26987004	0.07402989	0.25052005	0.0	0.08028902	0.049752105
AATCGGTCAAGCGATG-3	0.24005294	0.13743106	0.030839393	0.008896557	0.15391742	0.0	0.02839787
ACGATACAGAACTCGG-3	0.082702935	0.17077024	0.17417763	0.29199904	0.0	0.18870021	0.043685768
AGCGTCGTCCAACCAA-3	0.46675697	0.11963965	0.0	0.06996306	0.097945325	0.2099078	0.03137749
AGCTCCTTCAAGGCTT-3	0.6085633	0.1073329	0.0	0.28224754	0.0	0.06653732	0.026924232
ATGGGAGAGCGGATCA-3	0.26853985	0.1725335	0.048225116	0.2516797	0.019858213	0.10758562	0.07075112
ATTTCTGAGTAACCCT-3	0.28855482	0.0	0.0	0.18148234	0.23909792	0.093636595	0.060283594
CAGCGACAGTGCCATT-3	0.6713469	0.095029674	0.0	0.04875783	0.0	0.051940463	0.08194899
CAGGTGCAGAGGTAGA-3	0.16434565	0.29549134	0.11098406	0.019667648	0.0	0.47045118	0.07097251
CAGTAACCAAACCCAT-3	0.10812679	0.030639848	0.3875466	0.36113098	0.025843767	0.24474843	0.062120646
CATCAGAAGCTGCCCA-3	0.26049978	0.059477936	0.0064918636	0.50470537	0.0	0.0	0.06446539
CCTTTCTAGAGATGAG-3	0.1966702	0.030810606	0.0	0.2772977	0.08432138	0.2897336	0.0
CGATGTATCCGCATAA-3	0.24828048	0.24257927	0.00838453	0.22542813	0.010915236	0.10539186	0.050757807
CGGCTAGCAGCTCGCA-3	0.62105155	0.29788938	0.037286095	0.06969543	0.0	0.09165693	0.03460187
CGTGTCTAGCACAGGT-3	0.0010061109	0.030226005	0.2837647	0.14956369	0.1530703	0.17206264	0.044502404
CTCGTACGTAGGGTAC-3	0.2502981	0.09349001	0.03667982	0.15205806	0.0	0.27782395	0.119477704
GATCGATAGCCAGGAT-3	0.12024071	0.2329156	0.040372264	0.29592	0.0	0.0	0.049384464
GCGAGAAGTCCCGACA-3	0.16975246	0.0	0.0885539	0.25939026	0.16942568	0.3358044	0.041622516
GCGCGATGTGTGTGCC-3	0.118806615	0.0	0.20063138	0.32952785	0.058420386	0.061642572	0.035394102
GCTGCGAAGGCAAAGA-3	0.32505473	0.31185082	0.04389041	0.046960995	0.0146033885	0.08736049	0.03037331
GTACTTTCAGACGCTC-3	0.46406844	0.18282802	0.0	0.092632055	0.07723877	0.1486716	0.069369115
GTCTCGTCATGCATGT-3	0.04596479	0.64682037	0.0	0.26172996	0.0	0.0	0.04000382
GTTCGGGGTTACCGAT-3	0.34634754	0.19087912	0.0	0.23042248	0.053754326	0.3484529	0.0740152
TACAGTGAGAAAGTGG-3	0.061409626	0.0	0.18516624	0.47921136	0.09601978	0.26760888	0.01564026
TACCTTAAGACTAGGC-3	0.3757304	0.06042153	0.009960658	0.07854031	0.2075503	0.051083174	0.050368957
TCAACGATCGCGGATC-3	0.21896403	0.17305952	0.0	0.056066956	0.0	0.37949395	0.059523497
TCTATTGAGACACTAA-3	0.1586042	0.0016328368	0.0	0.8226936	0.15551421	0.0	0.0
TCTGAGATCACTTCAT-3	0.55845845	0.11559877	0.0	0.0	0.0	0.18167192	0.0
TGACGGCAGTAGCCGA-3	0.47609487	0.23262206	0.0	0.015390391	0.044023607	0.12814187	0.13513677
AGGGAGTGTCAAAGCG-3	0.1818415	0.4388334	0.019724544	0.17778042	0.015128976	0.0035249095	0.008516748
GGCGTGTGTGTCAATC-3	0.05492851	0.10909023	0.30713746	0.2114066	0.03646289	0.34873635	0.0
GTAACGTAGGCTATCT-3	0.08023129	0.0	0.15690668	0.08840281	0.24569693	0.18983212	0.102740504
CCTACCAGTTTGACTG-3	0.027713759	0.0	0.22349998	0.6318028	0.16310029	0.16170761	0.0071183266
CTAACTTAGGATGGAA-3	0.012632895	0.0	0.06811339	0.6675894	0.038959514	0.06885147	0.027721493
TACTCGCGTTAAAGAC-3	0.22632152	0.3650468	0.0	0.14277858	0.0	0.11405444	0.03398773
CCACCTACACCTTGTC-3	0.2793805	0.055847075	0.0	0.6939375	0.0	0.0	0.0
AGCTCCTGTTCTGTTT-3	0.14854619	0.31338936	0.48881903	0.03696646	0.13986598	0.18450356	0.0071562068
AGCGTATCACGGTTTA-3	0.19603373	0.0015913858	0.27114832	0.37995425	0.0	0.18280663	0.091104254
CAGCGACAGAAGGGTA-3	0.38668725	0.053868275	0.13415149	0.15241052	0.07125433	0.0	0.14872123
GTCATTTAGTCAAGGC-3	0.35288483	0.27094364	0.0	0.1440737	0.0035092607	0.0	0.06836062
GGTATTGTCAGTCCCT-3	0.40669656	0.2600815	0.034392312	0.07724845	0.016206164	0.11297051	0.10775456
TCAACGAGTTGGAGGT-3	0.29643267	0.08387978	0.0	0.8914181	0.0	0.0	0.016771562
ATCTACTCAGTGGAGT-3	0.19196759	0.12233955	0.0	0.25032395	0.07838965	0.1751266	0.03421709
CATATTCAGGTGCACA-3	0.050628915	0.27685565	0.34624633	0.27580228	0.0	0.088023014	0.080419675
ACACCGGAGGTAAACT-3	0.0	0.3226222	0.104543224	0.3868826	0.0	0.3014154	0.028902784
GGGCATCTCACCCGAG-3	0.079516076	0.35611874	0.0	0.27972412	0.0	0.040616754	0.013345471
TGGGCGTAGACTTGAA-3	0.30695572	0.22625889	0.061162904	0.40701687	0.06960005	0.014029753	0.0039397706
AACCATGAGCTAACAA-3	0.21908687	0.44547138	0.0	0.23764822	0.0	0.026899243	0.044933748
ACATGGTGTTTGGCGC-3	0.16095403	0.0710958	0.26491174	0.51877856	0.0	0.12315446	0.040698435
AGCCTAATCCTGCCAT-3	0.0	0.0	0.350716	0.10436297	0.07966598	0.71870524	0.030995289
AGCGTATCAACACCTA-3	0.6506586	0.0	0.06967611	0.13657746	0.044819422	0.002671876	0.10256475
AGGGATGCAACACCTA-3	0.26657063	0.3286482	0.16257343	0.17238332	0.031969093	0.0	0.028162375
CACCACTCATAGTAAG-3	0.282592	0.3257593	0.0	0.26098475	0.0018146397	0.019315282	0.029556192
CATTCGCAGCCCAGCT-3	0.071358785	0.2883476	0.0	0.52636445	0.0	0.052796006	0.022847127
CCTATTAGTCCGAGTC-3	0.13288979	0.0	0.26566932	0.084608845	0.065252595	0.29597804	0.04877663
CGTCAGGGTACAGTTC-3	0.08125267	0.0	0.26261115	0.2520483	0.038412325	0.21800396	0.15307818
CTAATGGTCGGTGTTA-3	0.0	0.0	0.2740045	0.11395038	0.0	0.57295203	0.06772763
CTCGGAGCAATAAGCA-3	0.01943383	0.3457952	0.28772613	0.2533842	0.081750475	0.16623653	0.0
CTCGGGAGTCAATGTC-3	0.20409855	0.020551221	0.08065666	0.47155866	0.025222676	0.10612138	0.036738984
CTCGTCACAAGTAATG-3	0.2610439	0.04304917	0.119178	0.1982239	0.013960669	0.022126969	0.0077592074
CTGCCTAGTCTGATTG-3	0.02698193	0.090907484	0.25473535	0.19290164	0.023691647	0.15849519	0.0068027987
CTTACCGAGGCTATCT-3	0.268419	0.22804171	0.0	0.28095594	0.0	0.058806714	0.34221518
GCGCAGTGTGTTCGAT-3	0.0	0.20702487	0.07721271	0.481648	0.033466727	0.10659826	0.0
GGAACTTAGTTTAGGA-3	0.06566705	0.1834291	0.1623593	0.13089004	0.0	0.22617184	0.0054739243
GGGACCTTCCCACTTG-3	0.3092929	0.38123867	0.0	0.17576587	0.0	0.049620073	0.033022854
GGTGAAGGTCATACTG-3	0.2205438	0.19432475	0.074670576	0.20854224	0.05239089	0.21429092	0.12356478
TACACGAAGGCTCTTA-3	0.25964558	0.041778866	0.0	0.45688248	0.0	0.0	0.021507194
TAGAGCTTCCACTCCA-3	0.3477104	0.38515872	0.094042115	0.22800112	0.0026627416	0.09454121	0.097597376
TCACAAGTCTATCCCG-3	0.004899646	0.19475882	0.1369521	0.22711177	0.015348317	0.2673482	0.07653085
TGGCCAGAGTGCCATT-3	0.0	0.23973243	0.16267997	0.17605096	0.08444248	0.101290144	0.01533652
TGTATTCGTGAAGGCT-3	0.20248118	0.3286064	0.0	0.3073609	0.0	0.05062386	0.030601721
TTGCGTCGTAAGGGCT-3	0.0	0.0822501	0.31817016	0.107955754	0.057887573	0.4046974	0.0
TTGGCAACACACAGAG-3	0.05060222	0.1319704	0.25010607	0.19779642	0.10268031	0.07108726	0.0
GAAATGATCGTTGACA-3	0.20157614	0.0	0.14543907	0.2200599	0.056682006	0.24981591	0.3328633
AACACGTCAAGTCATC-3	0.0	0.0	0.0	0.0	0.0	0.0	1.4441677
ACATACGTCTGATACG-3	0.0	0.0	0.0	0.0	0.0727898	0.0	1.236851
ACGGGCTGTCAAACTC-3	0.18967049	0.0	0.0	0.15583594	0.0	0.0	0.63282704
AGAGCGAAGTTCGATC-3	0.0	0.0	0.014230206	0.09430169	0.045479704	0.15559073	0.6757697
AGAGCTTTCGGTCTAA-3	0.0	0.0	0.09981465	0.13639936	0.0	0.0	0.88699263
AGGGAGTCAGTTAACC-3	0.6896757	0.0	0.0	0.003368794	0.0	0.0	0.3922242
ATAACGCGTGTTTGTG-3	0.0	0.0	0.36566538	0.350958	0.032891307	0.07835463	0.44477743
ATCATCTAGTCTCAAC-3	0.0	0.0	0.0	0.0	0.0	0.19795728	0.899332
ATCCACCTCTGTTGAG-3	0.6125515	0.0	0.0	0.09292594	0.0	0.05910174	0.17954567
CACCTTGTCCCAGGTG-3	0.14472176	0.21756428	0.0	0.0	0.0	0.0	0.6403657
CCTACACAGACTGTAA-3	0.2099782	0.0	0.11736891	0.0	0.009232235	0.45167643	0.41141662
CCTCAGTGTTGACGTT-3	0.054076992	0.20856848	0.019111114	0.09602087	0.018689172	0.018952668	0.6554375
CGGAGCTGTAGCTGCC-3	0.04356456	0.3351271	0.0	0.18925188	0.0	0.17895293	0.19200473
CTCCTAGGTCACACGC-3	0.12137789	0.0	0.060588058	0.0016607159	0.0	0.07471726	0.73671895
GGTGCGTGTGGCTCCA-3	0.0	0.0	0.0	0.0	0.0	0.0	1.7660661
GTGTGCGCAATCAGAA-3	0.4255541	0.062499493	0.0	0.2909878	0.032359038	0.16660823	0.17582133
TTCCCAGTCCCTTGCA-3	0.24212228	0.0	0.0	0.50894916	0.008194799	0.1701862	0.29296228
CATATTCAGCGATCCC-3	0.54449636	0.0	0.0	0.10299598	0.0	0.0	0.28385115
GGGTTGCGTTCGGGCT-3	0.41574714	0.0	0.0	0.36534202	0.0007794319	0.17930384	0.24645154
GTCATTTGTATCACCA-3	0.41853517	0.029268596	0.036955517	0.1428595	0.0	0.011734967	0.17199269
TGTATTCCACAGTCGC-3	0.10406085	0.28766823	0.011715203	0.28128684	0.0	0.0	0.0330178
AGAGCTTAGAAGAAGC-3	0.014846605	0.0	0.3136779	0.5296005	0.040179305	0.0	0.0012028157
CGTAGCGCACTGTCGG-3	0.5028267	0.0	0.0	0.3060817	0.039714094	0.0	0.049893692
TTTATGCTCATGGTCA-3	0.0	0.0	0.0	0.7002106	0.0	0.23428044	0.008071681
GTCGTAACATGCATGT-3	0.7781448	0.0	0.0	0.31353894	0.025940586	0.0	0.03179523
GTCTTCGCAAGTTGTC-3	0.41626295	0.0	0.0779393	0.72595847	0.0	0.13080354	0.07478358
CCTCAGTGTATGGTTC-3	0.30552402	0.12846442	0.072472006	0.18653262	0.0	0.11734324	0.12557079
AACTCCCTCAAGAAGT-3	0.20010494	0.0	0.15464936	0.11398551	0.21633314	0.10694404	0.08635906
AACTCCCTCAGCTCTC-3	0.3686112	0.0	0.01392761	0.468157	0.008386688	0.012908584	0.15381259
AAGACCTTCACTCTTA-3	0.0	0.20918742	0.22397965	0.16898003	0.09171691	0.1120604	0.023799146
AATCGGTTCCAAACAC-3	0.4088473	0.0	0.0	0.22816464	0.03243185	0.0	0.070755795
ACCTTTACACCAGTTA-3	0.0	0.0	0.5347329	0.2901498	0.0	0.33339554	0.031781226
ACGTCAAGTTGAGGTG-3	0.17690988	0.0	0.210539	0.17689033	0.0	0.0	0.09787172
ACTGCTCGTAGGGTAC-3	0.7995082	0.0	0.0	0.083796546	0.029384436	0.0	0.10804696
AGCGGTCAGAAACCAT-3	0.0	0.0	0.19624385	0.8713373	0.006892997	0.096388526	0.0038684167
ATCACGACACGTTGGC-3	0.40696266	0.08739527	0.05854361	0.124562606	0.0	0.012301552	0.026723614
ATTACTCCATAAGACA-3	0.2824763	0.0	0.1296616	0.23923132	0.023807388	0.0	0.014551735
CACACTCCACCCAGTG-3	0.4345	0.0	0.0069329776	0.34754297	0.0	0.0036605254	0.025675597
CACATAGAGCTGTCTA-3	0.3062751	0.0	0.0	0.52477944	0.0	0.05917284	0.018610936
CACATAGAGTTGCAGG-3	0.49751037	0.0	0.11831966	0.38701403	0.0	0.06009661	0.048149273
CACTCCAAGCCCAATT-3	0.23741294	0.0	0.08250078	0.33322692	0.0	0.14537936	0.029678449
CAGATCATCTTTAGGG-3	0.24944612	0.0	0.09721685	0.27580673	0.036805045	0.12827913	0.022893725
CATATGGGTTCACGGC-3	0.0	0.0	0.45486066	0.39754698	0.03781772	0.19682725	0.030673018
CATATTCGTACCGTAT-3	0.56231964	0.05767733	0.13870369	0.23595455	0.027985316	0.0	0.01573721
CATATTCGTCGCTTCT-3	0.1988478	0.0	0.0070123454	0.16873892	0.17749856	0.23660164	0.20690319
CATATTCGTCGCTTTC-3	0.031263944	0.0	0.236088	0.46235213	0.13511427	0.16306217	0.027388664
CATCAGATCTATCGCC-3	0.26258028	0.015592588	0.027846461	0.64726734	0.051651806	0.0	0.044103134
CCACCTAAGATAGGAG-3	0.31372648	0.12816744	0.03526546	0.22535947	0.008944035	0.0077521	0.020971065
CCATTCGTCCATTCTA-3	0.0	0.0	0.43242356	0.3887669	0.21605738	0.29891667	0.0
CCCAATCCAGATCTGT-3	0.1925409	0.0	0.042356864	0.5416889	0.04442012	0.013028891	0.018972497
CCGGGATGTTAAGACA-3	0.6773725	0.0	0.09231815	0.04912536	0.050249238	0.0	0.10283979
CCTACCAAGACAAGCC-3	0.40128526	0.0	0.0	0.38436922	0.047581155	0.026559612	0.06435721
CCTTACGAGCTAGTCT-3	0.31235704	0.16162583	0.04924115	0.20100339	0.039202143	0.0	0.03748269
CGAGAAGGTAAGTGTA-3	0.24742499	0.0	0.03039069	0.29420882	0.036263127	0.0	0.0724479
CGATTGATCGAATCCA-3	0.25590327	0.0	0.3390576	0.10676255	0.0	0.37467474	0.15679659
CGTCACTCACTTCTGC-3	0.14030477	0.0	0.0	0.6584787	0.0	0.20880029	0.025387665
CTACACCAGAAGCCCA-3	0.4072221	0.0	0.0	0.49095076	0.06045741	0.012098457	0.012617417
CTACATTAGCAGATCG-3	0.0005675969	0.0	0.0	0.9479706	0.022191722	0.038070522	0.31071413
CTAGCCTAGATCTGCT-3	0.3359906	0.0	0.0	0.56731606	0.0	0.0	0.04711038
CTCGGAGAGCCACGCT-3	0.1553653	0.0	0.033963386	0.619674	0.1170641	0.036752377	0.05665031
CTGGTCTTCTCTGAGA-3	0.41759324	0.0	0.0	0.56271046	0.0037962294	0.0	0.03173928
GAACGGAGTATAATGG-3	0.13260306	0.0	0.0	0.7941035	0.14369161	0.11664376	0.029371517
GACCAATGTTCTGTTT-3	0.3415986	0.0088113	0.030062046	0.29806137	0.016726943	0.0	0.0462566
GAGCAGAAGAAGGTGA-3	0.19235228	0.0	0.0	0.9570325	0.0	0.0	0.08298555
GAGGTGATCATTGCCC-3	0.19377044	0.14302622	0.023389893	0.35830486	0.028765664	0.0	0.19664149
GATCGATTCCCTCTTT-3	0.40334922	0.02538963	0.14697169	0.08545414	0.08659882	0.0	0.08052824
GCACTCTCACCCTATC-3	0.0	0.0	0.12254915	0.0	0.19731747	0.37027186	0.11683013
GCATACAGTTTGTTGG-3	0.31167287	0.13847852	0.0	0.213271	0.0	0.00871295	0.023376388
GCGACCAGTTGGTGGA-3	0.2099747	0.0	0.0	0.73778945	0.0	0.0618799	0.048718654
GCTCCTACATGAGCGA-3	0.48555169	0.0	0.007048018	0.35806102	0.0058935783	0.023333814	0.07450926
GCTGCGATCTCGTATT-3	0.6086891	0.08942274	0.0	0.20630313	0.0	0.0	0.047047433
GGAATAAGTGCACGAA-3	0.25697702	0.25699177	0.033476636	0.1386606	0.0	0.016306015	0.013672013
GGACATTAGCTGCCCA-3	0.26317942	0.022267424	0.012949547	0.49797088	0.0	0.08111183	0.023498865
GGATGTTGTCATGCCG-3	0.09070433	0.0	0.5029931	0.109588705	0.0	0.23102954	0.05304913
GGCTCGACAACACGCC-3	0.45007882	0.0	0.000711057	0.23533525	0.0	0.0027948227	0.048027575
GTAACTGAGTTACGGG-3	0.0049111038	0.0	0.2831342	0.3523137	0.0	0.4124563	0.16940033
GTAACTGGTGCAACTT-3	0.3145054	0.08696055	0.14510398	0.11798009	0.03050881	0.0	0.076754175
GTACTTTAGTGCTGCC-3	0.03291567	0.0	0.3678323	0.41268048	0.07765919	0.08352085	0.015537499
GTATCTTAGGGTTCCC-3	0.17346045	0.0	0.0564156	0.44003344	0.0	0.07943056	0.038511317
GTATCTTCAAAGAATC-3	0.39396775	0.014396109	0.0	0.44248676	0.0	0.037200514	0.045240834
GTCGGGTCAGCTTAAC-3	0.1913807	0.0	0.07414293	0.5179834	0.06525272	0.027191874	0.22429886
GTGCTTCAGTGGGTTG-3	0.14866967	0.0	0.11106098	0.33505496	0.01781499	0.04680548	0.04781305
GTGGGTCGTCGGATCC-3	0.46056503	0.40343115	0.0	0.01336419	0.03087375	0.0	0.04909337
TACACGAAGGCCCTTG-3	0.09627398	0.00012995242	0.0	0.41512454	0.0	0.14422625	0.01018883
TACTCATTCGGAAATA-3	0.1788202	0.2778375	0.0	0.2800633	0.016036697	0.13544753	0.013811206
TCAATCTGTGAGTGAC-3	0.20591532	0.0	0.07516578	0.4032789	0.0	0.043183025	0.06911929
TCGTACCTCCTTTCTC-3	0.21051566	0.02117	0.106858954	0.3197511	0.016003491	0.08087009	0.026728613
TCTTCGGTCCAAACAC-3	0.6850443	0.0	0.0	0.07444435	0.09227292	0.031819668	0.0
TCTTTCCTCCTACAGA-3	0.036398776	0.0	0.07581404	0.293701	0.16042063	0.06670413	0.01970771
TGTTCCGTCGATCCCT-3	0.35628068	0.0	0.0	0.63444066	0.008417387	0.0	0.0030628194
TTGCCGTCAGCCAATT-3	0.08134858	0.0	0.073916696	0.44544968	0.058547087	0.28314126	0.10413594
TTTGTCACATGACGGA-3	0.19147763	0.2784378	0.0	0.49462813	0.04776489	0.031803325	0.084538326
AAACGGGCATGCCCGA-3	0.024075989	0.18129642	0.0	0.2632818	0.0017326613	0.3907419	0.13845302
AGCGTATGTCAACATC-3	0.0	0.0	0.14920051	1.007789	0.20692104	0.20828488	0.0
CATCGGGCAACCGCCA-3	0.221772	0.337423	0.0	0.41384286	0.0	0.0	0.03218999
CCGTGGAGTCGCGAAA-3	0.0	0.12761497	0.12393487	0.18727536	0.36857083	0.0	0.08868126
CGATTGACAAGTAGTA-3	0.0	0.26060057	0.15387985	0.35861683	0.0	0.023653252	0.045131173
CGCTTCACAGCTATTG-3	0.079554796	0.20216076	0.0	0.5799227	0.031259034	0.13350669	0.03755763
CGGACTGGTAGGGACT-3	0.0	0.10082421	0.00332219	0.62826043	0.00016549786	0.08638945	0.0517125
CGTAGCGCACCAGGCT-3	0.27289093	0.24278092	0.0	0.27036306	0.0	0.108477704	0.026707273
CGTCACTTCGCTGATA-3	0.28953084	0.3146993	0.0	0.29237375	0.0	0.0	0.0053392313
CTCTAATGTAGGAGTC-3	0.0	0.0	0.19364807	0.0017845542	0.2710617	0.42937887	0.0066194707
CTTGGCTCACCTTGTC-3	0.0	0.17641032	0.0	0.44622687	0.0	0.29476172	0.010329663
GAAACTCAGTATGACA-3	0.0664233	0.121622704	0.0	0.49687028	0.0	0.08719704	0.0045354045
GAAATGACAAGTACCT-3	0.18568942	0.15656592	0.035806246	0.21866691	0.014079336	0.03719732	0.0068199523
GGATTACGTCGGCACT-3	0.039433245	0.121821366	0.34649193	0.44114658	0.08924599	0.118100286	0.04578687
GGTGAAGGTCCGAATT-3	0.09282875	0.10645002	0.093734995	0.38037068	0.0	0.024507036	0.028197011
GTCGGGTAGGACCACA-3	0.13447177	0.028776005	0.0072504757	0.5762189	0.0	0.3016275	0.079253286
GTGCAGCGTGATGCCC-3	0.3470863	0.19852778	0.0	0.31619224	0.0	0.06931206	0.046696536
TCAGATGCATGGGAAC-3	0.35159695	0.24410404	0.0	0.4369556	0.0	0.0	0.023315772
TCTCTAATCTACTATC-3	0.053277135	0.5277077	0.0	0.09506326	0.0	0.0027140412	0.03219351
AAGGAGCCACAGACTT-3	0.35641295	0.0	0.013099368	0.50662005	0.039139803	0.06154902	0.06724641
AATCCAGCATAAAGGT-3	0.4673198	0.06974991	0.0	0.72329444	0.0	0.0069755656	0.06490358
ATCTGCCCAGGTCGTC-3	0.34305665	0.22569342	0.0	0.44645083	0.0	0.11964725	0.113088004
CACTCCATCCGCAGTG-3	0.1036285	0.21771137	0.14567296	0.2736793	0.043534692	0.15118308	0.056677375
CCAATCCGTCGCGTGT-3	0.30115438	0.08541325	0.068037346	0.18065146	0.058195285	0.13898315	0.012982258
GTATCTTCAATGACCT-3	0.2594857	0.15788707	0.0643043	0.15085594	0.10095593	0.06842281	0.0055777347
TCAATCTTCCATGAGT-3	0.22401854	0.0	0.0	0.5303639	0.0	0.12101509	0.020800296
TGAGCCGAGACTAAGT-3	0.086165756	0.0	0.119420126	0.7162489	0.0	0.2119273	0.13629076
AAAGCAAGTAACGCGA-3	0.064128995	0.2998303	0.08205084	0.39914355	0.06903454	0.0012378631	0.020600539
AAATGCCAGTGTTTGC-3	0.49021837	0.0	0.0	0.3254191	0.0	0.0	0.18451758
AACTGGTGTCCGTGAC-3	0.0149189625	0.0	0.0	0.47466913	0.19582391	0.26489875	0.09335911
ACCTTTAAGACGCACA-3	0.14748909	0.038765162	0.046458725	0.63097745	0.0	0.0	0.055123504
ACGCCAGAGTTGTAGA-3	0.13922733	0.2609102	0.04487493	0.38846505	0.0	0.03239749	0.060800698
ACGCCGAAGCTACCGC-3	0.11919896	0.0	0.0	1.2290566	0.0	0.0	0.079866886
AGCGGTCGTGGTACAG-3	0.5372431	0.0	0.0	0.43840402	0.0	0.0	0.09955987
AGGGTGACAAATTGCC-3	0.26480263	0.15834077	0.019144021	0.28683603	0.05615648	0.05933564	0.07424311
ATCGAGTTCACATGCA-3	0.1287159	0.27323732	0.07049603	0.31991616	0.058157947	0.13709553	0.042275146
ATTATCCTCCGCAAGC-3	0.13440856	0.15000124	0.074930795	0.227192	0.0	0.0	0.031723425
ATTTCTGGTCGCTTTC-3	0.13024499	0.42867613	0.0	0.3192747	0.0	0.0	0.04162273
CAACCAATCATTCACT-3	0.0	0.341802	0.32495344	0.32999507	0.017265044	0.09297942	0.0015450284
CCACGGAAGGATATAC-3	0.23378533	0.053412493	0.0	0.6701898	0.0	0.0	0.045930117
CCGTACTGTATGAATG-3	0.33549884	0.07950864	0.0	0.503327	0.0	0.0	0.042979848
CCTAGCTGTTATCGGT-3	0.030327452	0.3564955	0.21628368	0.5086313	0.0	0.06752319	0.014025837
CGAACATAGTGCTGCC-3	0.24157256	0.23580746	0.012241905	0.14064206	0.020332085	0.10671392	0.059922777
CGCGGTATCCAGATCA-3	0.10355763	0.0	0.0	1.0111486	0.0	0.23303567	0.029352583
CGGACTGCATATGAGA-3	0.0	0.24879639	0.23122543	0.29562262	0.0030303726	0.10232825	0.05332776
CGGCTAGGTGTATGGG-3	0.25941408	0.0	0.0	0.53282905	0.0	0.058152247	0.06555821
CGTAGCGAGATGCCAG-3	0.0	0.0	0.0	1.15587	0.0	0.0	0.0058956486
CGTAGCGTCTTATCTG-3	0.116817206	0.2239516	0.0	0.56843346	0.041212797	0.2430016	0.013252646
CTCTACGAGAAAGTGG-3	0.21672475	0.016812408	0.059223667	0.49099004	0.0	0.20425196	0.091837205
CTGAAACAGGGCTCTC-3	0.5755757	0.16554706	0.0	0.18296099	0.08875194	0.027539385	0.017217021
CTGCCTATCACCTTAT-3	0.2075373	0.3221478	0.0	0.26737827	0.0	0.052973874	0.01555661
GAACGGAGTGAAAGAG-3	0.0	0.0	0.25330728	0.6182475	0.05388719	0.0073312493	0.011186245
GATGAAACAGACAGGT-3	0.60954434	0.28143284	0.0	0.36511704	0.0	0.0	0.044582453
GCTCCTAGTGTGCCTG-3	0.09124841	0.0	0.0	0.88850254	0.0	0.0	0.056279134
GGCCGATTCAACGGCC-3	0.0	0.029018248	0.45329854	0.45369622	0.030511681	0.0	0.0
GGGAGATCAATGTTGC-3	0.01684401	0.027102897	0.044746127	0.7052028	0.0	0.0	0.059805386
GGGCACTCATGCCACG-3	0.01771236	0.00048786504	0.06638987	0.8980742	0.0	0.18939458	0.022605427
GGGCATCAGGCGATAC-3	0.0	0.029169057	0.31730887	0.16818528	0.27502045	0.10399308	0.03933356
GTTAAGCGTCAGATAA-3	0.0	0.0	0.09131966	0.3220928	0.27377966	0.317033	0.036465846
GTTCGGGTCAGCTGGC-3	0.118450046	0.13410263	0.0	0.53597116	0.0	0.0	0.06504831
TAAACCGAGCCACCTG-3	0.2721633	0.0	0.0	0.7129906	0.0	0.17511739	0.06507647
TAAGTGCGTTCCATGA-3	0.13264391	0.27610308	0.01916676	0.44020686	0.0	0.0	0.037613176
TATCTCATCTTGGGTA-3	0.0	0.0	0.09501855	1.2227087	0.13433191	0.012837957	0.008484087
TCACAAGGTTCTGAAC-3	0.46217266	0.004849279	0.008122547	0.35193327	0.0	0.052884582	0.11406635
TCGCGAGAGCACCGCT-3	0.0	0.0	0.65507925	0.3032379	0.120787285	0.050997604	0.013422917
TGTCCCACACCAGCAC-3	0.38551724	0.0	0.0	0.85735923	0.0	0.0	0.097686
TTATGCTCATTGAGCT-3	0.0	0.0	0.0	0.5969359	0.5140068	0.21662617	0.00092235167
TTCGGTCCACCCTATC-3	0.0	0.06178145	0.141814	0.21530055	0.04837797	0.07010671	0.0
TTCTCAACATGGTCTA-3	0.047337003	0.283742	0.00051686174	0.9077496	0.0	0.0	0.041131712
TTGGAACCATGCCTAA-3	0.109706774	0.0	0.11699918	0.60071266	0.067196265	0.10297044	0.05231062
GATCGTACATCGGACC-3	0.032411624	0.0	0.0	0.967084	0.0	0.0	0.04327442
TACGGATCAGGCGATA-3	0.13836108	0.28213346	0.0057084654	0.26196346	0.0	0.05638208	0.03600811
CATCAAGCAGCAGTTT-3	0.5037068	0.19873737	0.0	0.079500735	0.01401991	0.11826122	0.01900084
GCACTCTTCCTTGGTC-3	0.23846798	0.0	0.1819033	0.21902323	0.21165073	0.15011905	0.105328664
CTACATTTCCTGCCAT-3	0.091529235	0.32269222	0.0	0.19860275	0.0	0.09708575	0.0039105327
ATCTACTCAAAGTGCG-3	0.1977829	0.0	0.036373455	0.49112284	0.01799201	0.060048703	0.021060739
GAGTCCGAGCTGGAAC-3	0.0	0.0	0.49173644	0.6526668	0.18224493	0.030987825	0.0
ACACCAAAGGACACCA-3	0.15414594	0.0	0.19522996	0.07159562	0.031966913	0.2717518	0.015219916
ACACCGGCATCGATTG-3	0.27622446	0.24519116	0.022122838	0.3040336	0.0	0.09079835	0.028571583
ACACTGAAGTTCCACA-3	0.1077937	0.5194622	0.0	0.16578995	0.0	0.11404102	0.0249027
ACATCAGTCTGTTTGT-3	0.369649	0.0	0.0	0.4422339	0.063981086	0.10672295	0.036305107
AGAGCGACACCTATCC-3	0.0	0.0	0.088832736	0.281877	0.4576771	0.06189534	0.0366879
AGCAGCCCAAATCCGT-3	0.0	0.0	0.0	1.0583112	0.13148493	0.27726412	0.0
AGCGTATTCTCGGACG-3	0.17415515	0.32692444	0.0	0.1133085	0.0	0.07833903	0.033511784
ATCACGACACAGGAGT-3	0.15549372	0.18627739	0.031500254	0.35403794	0.0	0.082304195	0.007876457
CCACGGATCTTAACCT-3	0.71794593	0.0	0.0	0.2226654	0.0077241124	0.00159072	0.042733625
CCCAATCGTTTCGCTC-3	0.13232486	0.32676026	0.027990058	0.27163187	0.010190945	0.21327227	0.0051675583
CGTAGGCAGCCACGTC-3	0.0	0.0	0.112301566	0.76567054	0.06291386	0.0	0.12829332
CTAATGGCACGGCGTT-3	0.0	0.0	0.0	0.9812916	0.060112335	0.2825897	0.041326955
GACGTGCTCCACTCCA-3	0.32470393	0.0	0.053451736	0.5492209	0.0	0.008216272	0.15379618
GTACGTAGTTGCGTTA-3	0.0	0.0	0.0	0.4049392	0.0	0.949565	0.09071478
TACGGGCGTAGCCTCG-3	0.17207126	0.024374004	0.0	0.77862823	0.0	0.0	0.04085731
TACTCGCAGTTGTCGT-3	0.0	0.0	0.0	1.1956071	0.0	0.03108176	0.027911255
TAGCCGGAGAATCTCC-3	0.18049982	0.08646904	0.1675193	0.35274142	0.0	0.027885523	0.046716217
TCACAAGAGTCAAGGC-3	0.048497643	0.0	0.67969453	0.106930174	0.08165188	0.12825663	0.05838022
TCAGGTATCGACCAGC-3	0.217773	0.0	0.07847567	0.25772095	0.09440184	0.32485625	0.014758993
TCGTAGAAGGCCGAAT-3	0.31967008	0.03962317	0.011732159	0.33729374	0.066317156	0.105601385	0.046502076
TTAGGACTCGGATGTT-3	0.9388996	0.002118535	0.0	0.09700916	0.0	0.018864144	0.04935013
ACAGCCGTCAGTGCAT-3	0.031304345	0.0	0.0	0.9767624	0.06356904	0.16350374	0.006061615
ACCAGTAGTAGGGACT-3	0.16152775	0.0	0.021226618	0.45734102	0.06574462	0.11359014	0.028556468
AGCAGCCCACGGCCAT-3	0.21084008	0.0	0.16580187	0.59724236	0.011950403	0.026835425	0.0443038
ATCATGGCATACTACG-3	0.17163827	0.0050647394	0.103310995	0.44018504	0.0690912	0.0	0.037980463
CGGACGTAGGACATTA-3	0.0	0.0	0.32302585	0.25691855	0.25467944	0.13737981	0.0
CTGTTTAGTCAAACTC-3	0.278504	0.0	0.11479566	0.45654207	0.02648425	0.14798506	0.06423556
GGATGTTGTCCGTCAG-3	0.109876394	0.0	0.04221101	0.6624153	0.017286526	0.21321593	0.021896407
TTCTCAAAGCAATATG-3	0.0	0.0	0.12997948	0.6054147	0.12414103	0.31380057	0.09652519
AGACGTTTCGTTACAG-3	0.14573845	0.005056677	0.038500328	0.35531914	0.17801091	0.24432604	0.057737455
AGTTGGTCAAGCTGGA-3	0.0	0.0	0.2608744	0.268747	0.3073894	0.0	0.0
ATCACGATCTTTACAC-3	0.26230147	0.0	0.049474016	0.31462464	0.029837945	0.1775698	0.023443677
CACAGTAGTCCGTGAC-3	0.2553746	0.0	0.0	0.57769716	0.09188271	0.16479757	0.04727832
CAGATCATCAACGGCC-3	0.20477103	0.0	0.04620453	0.25027108	0.13655736	0.14838949	0.067591794
CCGTGGACAACCGCCA-3	0.0	0.0	0.0	1.2454097	0.011606138	0.08073045	0.007527923
CGATGTACATCATCCC-3	0.0	0.0	0.14621907	0.3295665	0.37387523	0.21906246	0.08256867
CGCTATCTCGGAGGTA-3	0.37257874	0.0042913426	0.020269025	0.18963332	0.0	0.06794156	0.027382996
CGGAGCTAGATCGGGT-3	0.26404515	0.0	0.0	0.22645581	0.24780843	0.2600718	0.018009806
CGTTAGACAGGCAGTA-3	0.6188795	0.0	0.08509358	0.10690606	0.0	0.1597983	0.028919049
CTCTACGAGGCGTACA-3	0.40960258	0.0	0.0	0.4081354	0.0	0.09774423	0.0042614546
CTGCGGATCTGGAGCC-3	0.16563892	0.0	0.0	0.6462247	0.04422153	0.08340294	0.046040986
GACGTGCCATTGGGCC-3	0.14583065	0.0	0.0027748004	0.649962	0.03766469	0.14299494	0.042905632
GCATACACATGGTAGG-3	0.32472554	0.044776972	0.0	0.33547872	0.0	0.0	0.026204608
GGTATTGAGCTACCTA-3	0.37036017	0.018065432	0.010110348	0.24031909	0.006584808	0.090055585	0.023279913
GTGTTAGTCTCGCTTG-3	0.29776976	0.0308422	0.04197916	0.35984254	0.0	0.0	0.014346139
TAGTTGGGTCAGCTAT-3	0.037393507	0.028556103	0.35316518	0.31083718	0.12140142	0.16153954	0.031169064
TCATTACTCGTGGTCG-3	0.2561108	0.13657239	0.09068468	0.054991845	0.025930196	0.1312008	0.028306372
TCATTTGCATGCCTAA-3	0.8009715	0.097021975	0.0	0.06271286	0.0	0.052986633	0.020065399
TTTACTGCAAACTGTC-3	0.0	0.0	0.05150134	0.58172613	0.15653943	0.15019222	0.01822944
AACTCAGCATGACATC-3	0.05269105	0.0	0.0	0.090650804	0.123885535	0.49602833	0.11102875
ACCAGTATCCCTCTTT-3	0.05557446	0.020031346	0.0	0.30823043	0.0104755005	0.06954624	0.3642084
AACTCTTGTGAGTGAC-3	0.40353578	0.0	0.015603035	0.4614988	0.0050749355	0.012426627	0.10433607
ACTGATGAGTACGTAA-3	0.17308089	0.0	0.0	0.6658442	0.101093546	0.211364	0.0011145072
CACCACTGTTGGACCC-3	0.08569499	0.0429735	0.15867117	0.42804143	0.00632996	0.1604202	0.02993545
CCACCTATCAGCACAT-3	0.17027216	0.0	0.0	0.4140057	0.06730905	0.10344265	0.08809373
CCGTTCACAATGGAGC-3	0.13620429	0.0016144399	0.053242356	0.709802	0.0	0.0	0.1188809
GATCGTAGTCGACTAT-3	0.0	0.0	0.15477233	0.47152945	0.11913376	0.13950415	0.0
GTCCTCACACACTGCG-3	0.04589269	0.2540081	0.42766955	0.11335371	0.04057833	0.21022928	0.07348761
GTGCATAAGTTGAGAT-3	0.22587843	0.44170082	0.027647449	0.033294413	0.0	0.021611512	0.01547058
TAGACCATCATCGGAT-3	0.06688649	0.18132113	0.0024941785	0.26336533	0.0040386715	0.02242972	0.0
TCTTTCCTCAACCAAC-3	0.08053501	0.0	0.0	0.5447565	0.0	0.21599877	0.024686094
TGCTACCAGAAACGAG-3	0.0	0.0	0.038059343	1.0763808	0.10244947	0.08545938	0.011674936
TTCTCCTGTTCTGGTA-3	0.47523302	0.01192294	0.0014632649	0.39822912	0.0	0.016077554	0.041820277
AACTCTTAGGGCTTCC-3	0.29990643	0.0	0.011406061	0.47789928	0.07476133	0.041818153	0.083307885
AACTCTTGTGGCTCCA-3	0.0	0.0	0.026634127	0.36916354	0.44150522	0.2427103	0.04198729
AAACCTGTCGTACCGG-3	0.39156663	0.0	0.050369166	0.31922534	0.09935517	0.040294264	0.05680214
ATCTGCCTCCAAACTG-3	0.0	0.0	0.07733398	0.43321586	0.2373939	0.26271954	0.0
CATCGGGTCAGTTTGG-3	0.39194986	0.052289873	0.0	0.38073492	0.089649394	0.14078762	0.018666381
CGAACATTCGCCGTGA-3	0.5587594	0.0	0.024606414	0.30186233	0.0042616483	0.09627465	0.04825689
CGAGAAGAGAGGTACC-3	0.59814155	0.0	0.0	0.45583642	0.06305595	0.083082214	0.05768081
CGAGCCAAGTACATGA-3	0.17013343	0.0	0.0	0.8027561	0.0	0.13211653	0.019968387
CGGAGCTAGAGTCGGT-3	0.5754953	0.084154524	0.0	0.16387461	0.0	0.0	0.041738357
CGGAGTCAGATCTGAA-3	0.26068076	0.0	0.014004511	0.4001541	0.030839248	0.037921652	0.026810713
CTCAGAATCTCAAGTG-3	0.0	0.0	0.0	0.45237568	0.26492652	0.28946236	0.055298857
CTGATCCAGGATGGTC-3	0.23502967	0.06520677	0.06321243	0.3008504	0.036594078	0.053660654	0.009814041
GACAGAGGTGTAATGA-3	0.16637012	0.0	0.07193449	0.47425228	0.0	0.08355642	0.0067257597
GACGGCTGTTGACGTT-3	0.40520552	0.059982695	0.011393212	0.12302475	0.039082978	0.05795695	0.013673553
GCTGCGAAGAAACGCC-3	0.14289007	0.1982886	0.05391919	0.3291324	0.0	0.027772857	0.04364593
GGACATTAGTGAACAT-3	0.028044758	0.0	0.0	0.99844533	0.017876156	0.10273683	0.020459635
GTATTCTTCCAACCAA-3	0.060707074	0.0	0.0	0.18272991	0.39123666	0.41179666	0.031505328
TACTTACGTCTCTTTA-3	0.22735697	0.36568666	0.0	0.09672396	0.0	0.036546487	0.03243087
TATTACCCAGTAAGAT-3	0.088132285	0.0	0.10362288	0.38691172	0.14077638	0.16994576	0.00018141016
TTGGCAAAGCAGATCG-3	0.53685135	0.103985384	0.0006720381	0.050225362	0.0	0.2509183	0.028795708
CATGACATCGTAGGAG-3	0.2147605	0.0295215	0.06184333	0.24827793	0.0	0.0	0.028473005
GAATAAGGTGAAATCA-3	0.1373078	0.0	0.0	0.95998514	0.0	0.06422151	0.03360957
AACACGTTCCTTCAAT-3	0.4437541	0.26742792	0.0	0.327818	0.0	0.059711024	0.06892179
AAGCCGCTCGCCTGAG-3	0.4255332	0.15216692	0.07928545	0.049092356	0.009380027	0.15401217	0.023053374
ACACCCTGTTCACCTC-3	0.11317591	0.29389632	0.03777316	0.31881264	0.017365795	0.20427284	0.06811911
ACGAGGAAGTGTCTCA-3	0.19309618	0.22633989	0.013619367	0.1582254	0.0	0.10281768	0.024117758
ACGGCCACACAGAGGT-3	0.44024095	0.0	0.0	0.31961206	0.14082842	0.12761456	0.2921707
ACGGCCATCAAGATCC-3	0.110287495	0.0	0.0	0.9505078	0.0	0.17700322	0.020400187
ACTTGTTGTAGCAAAT-3	0.10598462	0.19549009	0.15831082	0.1862473	0.0	0.12602828	0.043119334
AGCTCCTCACAAGACG-3	0.212695	0.0	0.0	0.69515705	0.009296309	0.045520876	0.02489328
AGCTCCTCAGTCAGAG-3	0.0	0.02488857	0.18455866	0.4929378	0.07326358	0.17303824	0.031133886
AGCTCTCTCAGGTTCA-3	0.010223904	0.11241412	0.03899858	0.55677134	0.08049539	0.23868743	0.02295293
AGTGGGAGTACAGCAG-3	0.31691685	0.39931467	0.0	0.16815524	0.0	0.054308817	0.027097324
CATGGCGCAATGCCAT-3	0.0	0.0	0.045135025	0.17636718	0.11263888	0.42474362	0.028487554
CGGGTCACAATAGCAA-3	0.0	0.0	0.3575674	0.0	0.32692817	0.15479496	0.0045313346
CGGTTAACAGATGGCA-3	0.117707595	0.3725839	0.15614659	0.23526472	0.0054778024	0.0	0.08058613
CGTCTACGTACATGTC-3	0.4807432	0.076255046	0.0	0.111837514	0.005641031	0.12768787	0.0053572147
CTCCTAGTCTTTACGT-3	0.22691952	0.20123564	0.13305786	0.25105274	0.027279235	0.08494253	0.028661143
CTCTGGTCACCAACCG-3	0.3051487	0.27553678	0.0	0.18189755	0.015991477	0.11298165	0.03439058
GCCAAATCATCATCCC-3	0.0	0.041631445	0.030518742	0.71527	0.038451675	0.34888336	0.0
GTACTCCCACTACAGT-3	0.024603892	0.0	0.0	0.30969086	0.17932293	0.53626996	0.021279244
GTGTTAGTCAAGATCC-3	0.05835272	0.0	0.12247299	0.49048796	0.010834667	0.11933668	0.02227498
TAAACCGTCAGTTGAC-3	0.34439403	0.26654148	0.01099923	0.35896802	0.0	0.15844578	0.03445114
TAAACCGTCATTGCGA-3	0.3057172	0.09856341	0.0	0.18680611	0.0	0.11268267	0.0
TACGGATAGTTTAGGA-3	0.3472406	0.12022653	0.0	0.3936313	0.025643505	0.21861823	0.023613013
TAGGCATAGGTTACCT-3	0.21902254	0.0	0.0031939787	0.5485106	0.0	0.09869198	0.031240888
AGGTCCGGTGCAGGTA-3	0.37868682	0.047550388	0.03303825	0.30060768	0.042900845	0.21580216	0.03011092
TAGTGGTTCTTCTGGC-3	0.0	0.1071732	0.0	0.7473837	0.016056761	0.22662161	0.0010521073
TGGTTAGCACCCATGG-3	0.29370445	0.0	0.037269402	0.75212455	0.004543552	0.056147296	0.07029163
AAAGCAACATTCCTGC-3	0.53751045	0.034887474	0.054862063	0.09046032	0.010563157	0.1302347	0.019419651
ACATCAGGTGATGCCC-3	0.27363676	0.0	0.040724643	0.2709843	0.028928382	0.16058421	0.0
ACTTTCAAGAATGTGT-3	0.024084633	0.0	0.041582454	0.2447773	0.29456118	0.5000927	0.06390614
AGGGAGTGTTACCGAT-3	0.030002426	0.0	0.19810048	0.25884902	0.17100948	0.28272268	0.05560405
ATAAGAGTCGTCTGAA-3	0.13211809	0.0	0.051641062	0.403835	0.030227816	0.25051805	0.0
ATCCACCAGCGCCTCA-3	0.667949	0.2664782	0.0	0.05170728	0.027998654	0.08079991	0.018396249
ATCGAGTAGGATCGCA-3	0.4985643	0.0	0.0	0.38718522	0.043143336	0.23635918	0.08747675
ATTGGACGTGATAAGT-3	0.0	0.0	0.0	0.8624987	0.12900762	0.21078748	0.0103257615
CACACTCCAGACACTT-3	1.0497833	0.0	0.0	0.02689956	0.0	0.11695152	0.0006122387
CACTCCAGTATAGGTA-3	0.34496838	0.0	0.0	0.33452362	0.0070477994	0.2430093	0.05116243
CCTCTGAAGTTAACGA-3	0.3001811	0.0	0.0	0.3567528	0.0	0.19787689	0.0
CGCGGTAGTGCAACGA-3	0.6450861	0.0057006152	0.0	0.055701345	0.0	0.131484	0.018065725
CGCGTTTAGCACAGGT-3	0.027273927	0.0	0.19271815	0.47444838	0.101330414	0.39106402	0.009179371
CGGTTAAGTTGACGTT-3	0.49748257	0.45251217	0.0	0.0	0.0	0.075311475	0.0018331157
CGTTGGGGTCTTGCGG-3	0.281735	0.0057455543	0.0	0.16924024	0.09807646	0.1763189	0.0046590623
CTCGAAATCGGAGCAA-3	0.120096706	0.0	0.023525951	0.07874948	0.078325994	0.43102217	0.0027967002
GACTAACGTCGAAAGC-3	0.56986195	0.035484724	0.0	0.12529406	0.00013067936	0.17489983	0.01928842
GCTTCCATCGTACCGG-3	0.51825845	0.0	0.0012419479	0.101797365	0.06837188	0.080601655	0.009058855
GGACATTTCCGGGTGT-3	0.5255739	0.03576067	0.0	0.0823661	0.0028161942	0.1435087	0.057097368
GGCGACTGTCATGCAT-3	0.26398003	0.0	0.03633919	0.4722092	0.0	0.14998323	0.05799805
GGCTCGAGTCCATGAT-3	0.13387635	0.0	0.026633207	0.004824361	0.14004439	0.70021707	0.042342372
GGGCACTCAGACAAAT-3	0.5822438	0.0	0.0	0.31413826	0.0	0.19763291	0.008194914
GGGTTGCCAAGGACTG-3	0.3655031	0.22779185	0.0	0.16803887	0.0	0.013892852	0.048213165
GTGCTTCAGGCATGGT-3	0.7703795	0.11056504	0.0	0.08258262	0.0	0.057969425	0.034639377
TCACAAGAGGATGGTC-3	0.6268553	0.0	0.0	0.30341396	0.00863169	0.08773915	0.050159663
TCAGCAAGTGCTTCTC-3	0.7816613	0.0	0.0	0.050765857	0.0	0.16621947	0.016374541
TCGCGAGCAGACAGGT-3	0.7541094	0.0	0.0	0.13785361	0.003601701	0.099728234	0.04175742
TCGGGACAGTGGTAGC-3	0.26570857	0.11331997	0.0	0.3542239	0.097404435	0.17338203	0.048807252
TGACTTTGTGCACTTA-3	0.3462884	0.0	0.0	0.10161182	0.089534074	0.2277035	0.0
TGGGCGTCACATGTGT-3	0.12373525	0.0	0.0	0.720083	0.10036674	0.26328275	0.0
TTGCGTCGTGAGCGAT-3	0.51104194	0.0	0.0	0.29020533	0.0	0.21412835	0.026013438
CATGACAGTATATGGA-3	0.30046955	0.0	0.0	0.25439262	0.091849074	0.42759198	0.16097553
CATTCGCGTTCAACCA-3	0.5060914	0.0	0.0	0.11177489	0.04985332	0.49735224	0.08585335
CTAAGACTCTTCAACT-3	0.0	0.07135466	0.27671313	0.2864689	0.0	0.22270507	0.012508949
AAGACCTTCTCTAAGG-3	0.0	0.033993483	0.04703297	0.8018457	0.0	0.0	0.013883444
ACATACGAGGTGATAT-3	0.1709447	0.24204496	0.12458222	0.32971343	0.0	0.0	0.006731236
ACATCAGGTACTCGCG-3	0.1682781	0.13420738	0.055379674	0.21462984	0.013690644	0.011467533	0.013948309
ACATGGTTCGTGGTCG-3	0.03299293	0.26352462	0.27214035	0.3369274	0.0	0.06517863	0.041922506
ACTGATGAGAAGGTGA-3	0.17380498	0.13849854	0.17604522	0.38236803	0.053541016	0.04494316	0.012854401
AGATCTGTCTATCGCC-3	0.027572451	0.1507488	0.04609887	0.42031038	0.001899764	0.18720753	0.023175044
AGCAGCCAGGCCCTTG-3	0.12771174	0.47391456	0.01942149	0.425035	0.0	0.032195434	0.03353882
ATAAGAGGTTTAGGAA-3	0.0	0.10782093	0.18197012	0.13707961	0.18755747	0.10702676	0.017150126
ATCGAGTTCATGTGGT-3	0.09149383	0.38513052	0.0	0.2603153	0.11677051	0.09656181	0.0
CAACCAAAGCAGATCG-3	0.17017396	0.0	0.18342152	0.5625153	0.0025605853	0.10013276	0.025859825
CATATTCTCCTTTCGG-3	0.0	0.22051327	0.0	0.7654506	0.0	0.28976238	0.0
CATTATCGTACCTACA-3	0.0	0.0	0.18033013	0.49266022	0.10963793	0.3426811	0.0
CCTTCGAGTAAGTTCC-3	0.0	0.36098567	0.055426914	0.6456071	0.0032893491	0.22892745	0.0
CGACCTTTCATCATTC-3	0.047432464	0.041329663	0.050933696	0.85251826	0.09935612	0.11332898	0.00049426954
CGAGCACGTGCGCTTG-3	0.055300463	0.25094157	0.0	0.7930383	0.0	0.15054011	0.0
CGGACGTTCCTGCAGG-3	0.0	0.34797266	0.0	0.64012665	0.0	0.022037232	0.031478364
CGGTTAAAGAAACGAG-3	0.22819075	0.3136182	0.0	0.4063076	0.023666281	0.14473791	0.004727127
CGTCAGGAGCGATTCT-3	0.0	0.0	0.19112103	0.85400033	0.0071338834	0.100736775	0.0
CGTCTACTCCGAACGC-3	0.20532039	0.5355099	0.0	0.17080644	0.0	0.032744225	0.01155729
CTCAGAAAGGATGGTC-3	0.005739218	0.029938126	0.23261522	0.34191212	0.02744106	0.0	0.0056201327
GAAGCAGTCTTGTTTG-3	0.04237031	0.219328	0.07546228	0.3259518	0.11615755	0.10340005	0.02421837
GACCAATGTCAATGTC-3	0.116101995	0.2914374	0.030132474	0.6646447	0.010443546	0.008337633	0.02773248
GACGGCTTCAGAGACG-3	0.0	0.21845105	0.23449916	0.22289978	0.0	0.12462343	0.02938396
GATCAGTGTTAGAACA-3	0.07423695	0.012172354	0.0	0.9785873	0.0	0.0	0.0112042595
GCTCCTACAATGGATA-3	0.06838505	0.07056906	0.005396156	0.5794332	0.013169307	0.22171547	0.0
GCTCTGTTCGGCGCTA-3	0.0	0.0	0.27953082	0.5198815	0.27776426	0.11704742	0.0
GCTGCTTCAGTGACAG-3	0.15966244	0.34384108	0.0	0.41014382	0.0	0.073451355	0.027355121
GGCGTGTCAGTGAGTG-3	0.0	0.0	0.0	1.4515978	0.0	0.0	0.015587019
GGTGTTAAGTCGTTTG-3	0.30360875	0.26672226	0.0	0.2113162	0.0	0.003884827	0.009605514
GTACGTAGTCCAACTA-3	0.025074327	0.3430225	0.01891894	0.23730636	0.0	0.06376113	0.02304188
GTACTCCTCCTGCTTG-3	0.2708055	0.0	0.0	0.87444615	0.0	0.0	0.072825685
GTAGTCACAACTGCGC-3	0.0	0.0	0.0119496025	0.8619366	0.16024946	0.3624726	0.0
GTATCTTCACGTAAGG-3	0.15330523	0.365616	0.0	0.3687813	0.0	0.077996425	0.018744646
GTGCAGCAGACAGAGA-3	0.0	0.0	0.4447944	0.26655328	0.62418866	0.0	0.01580939
GTTAAGCTCGTGGACC-3	0.09231719	0.3024408	0.11266906	0.26363543	0.05046934	0.09358848	0.02640576
TACAGTGAGCTGAACG-3	0.051467583	0.121821515	0.0	0.47884232	0.090224035	0.0	0.019042045
TACCTATTCGGCGCAT-3	0.11209322	0.18311669	0.0	0.58144766	0.022994583	0.0	0.019548588
TCCACACGTTCGAATC-3	0.05340112	0.28221875	0.0	0.7848987	0.0	0.10471437	0.0
TCGGGACGTGCCTTGG-3	0.04021486	0.28879333	0.036569584	0.30122167	0.0	0.03416592	0.037192207
TGCCCATTCCTCGCAT-3	0.03248098	0.33712342	0.0	0.3958825	0.0	0.0	0.012289489
TTAACTCCACTTGGAT-3	0.0	0.18269134	0.1349555	0.7888888	0.0	0.033724178	0.047977168
TTCTCAACAGTAACGG-3	0.14450829	0.16771461	0.05112315	0.39389348	0.0410402	0.0	0.030807404
CCTAGCTGTGACTCAT-3	0.0	0.17639437	0.20322412	0.54716074	0.010294378	0.10603121	0.027571864
CTAGTGAGTGTGACCC-3	0.08955252	0.17275617	0.0079437345	0.69924533	0.0	0.01569025	0.03248228
TAAGCGTCACATGTGT-3	0.3518006	0.38482937	0.0	0.34311232	0.0	0.0	0.027659716
AACACGTCATTGGCGC-3	0.030068738	0.18101601	0.05252257	0.6062188	0.0	0.008255471	0.024443397
AACTCCCTCATAGCAC-3	0.010024233	0.0	0.36110887	0.17017405	0.16719326	0.0	0.09110779
AAGGTTCTCCCTCTTT-3	0.0	0.24705178	0.12486387	0.46017537	0.0033929117	0.065051734	0.0
ACACCGGTCCATGCTC-3	0.0	0.032834228	0.057061587	0.62560403	0.105982855	0.11273582	0.0
ACCAGTAAGATCTGCT-3	0.0	0.17024602	0.0	1.0542301	0.024735743	0.0	0.0
ACGAGGAAGTATCTCG-3	0.0	0.07437757	0.0	0.7217506	0.0	0.25168094	0.0
ACGCCAGCACAAGCCC-3	0.04684192	0.021041617	0.13952532	0.5665867	0.01856454	0.037695628	0.027471542
ACGGCCATCTGCCCTA-3	0.0	0.098250024	0.0	1.1036302	0.0	0.0	0.0
AGAGCTTAGGACATTA-3	0.16931213	0.5813111	0.0	0.13598846	0.0	0.02340784	0.044794273
AGCGTCGCAAGTCATC-3	0.0	0.0	0.077973895	0.8145687	0.0	0.1800324	0.0
AGGGATGTCGTTACGA-3	0.030188724	0.21216623	0.052512176	0.15468128	0.033324316	0.06771474	0.0074969367
AGTGAGGTCAATACCG-3	0.053075146	0.3485883	0.0	0.65621	0.039837934	0.005752321	0.028620448
ATAACGCAGCGTAGTG-3	0.0	0.11425901	0.042635787	0.79000247	0.0	0.0	0.002914349
ATCATCTCAATCTACG-3	0.0	0.08176304	0.22218752	0.6679636	0.04683302	0.13541509	0.0
ATCTACTAGATAGCAT-3	0.0	0.2540946	0.21734703	0.21238257	0.08934573	0.25641033	0.020450067
ATTTCTGCAAACCTAC-3	0.15762146	0.19462761	0.05784174	0.3813241	0.0	0.005145434	0.022755558
CAAGAAACACGAAAGC-3	0.35891002	0.009718917	0.10415075	0.17448647	0.0	0.023154458	0.0025006738
CACCACTTCTCGCTTG-3	0.042663824	0.10191427	0.0	0.77429414	0.0	0.0	0.001053789
CACCAGGGTCCCTTGT-3	0.42334995	0.17149912	0.02018134	0.50533044	0.013282012	0.014470616	0.03748189
CACTCCATCGGTTAAC-3	0.35387698	0.036216684	0.0	0.7488903	0.0	0.0	0.07025438
CAGCAGCGTGATAAGT-3	0.107966565	0.3638892	0.0	0.28614	0.09049138	0.03485887	0.022493199
CAGCAGCTCTCGAGTA-3	0.23197363	0.09169666	0.08697444	0.1299719	0.03587008	0.0	0.02621157
CAGCATAGTATCGCAT-3	0.089011684	0.26478606	0.0	0.56720746	0.12267045	0.09134863	0.0065257642
CAGCTAAAGTGAAGAG-3	0.06940924	0.10669785	0.050388206	0.40122992	0.0	0.025200367	0.010107814
CAGTCCTGTAGGGACT-3	0.057221945	0.33108643	0.15199031	0.34101212	0.045556482	0.053138945	0.027387103
CAGTCCTTCGCACTCT-3	0.0	0.0	0.0	1.1551194	0.0	0.032678995	0.0012126908
CATTCGCGTGCTGTAT-3	0.0	0.043138288	0.1234386	1.0099076	0.0	0.042212617	0.0
CCCTCCTTCAATCTCT-3	0.022177706	0.2262996	0.07410347	0.37875578	0.0	0.0	0.011197754
CCTATTACATCGTCGG-3	0.056256752	0.18861008	0.100295514	0.6709242	0.0	0.12497574	0.0
CCTTACGCAATCGAAA-3	0.31160387	0.3453165	0.0	0.3304685	0.0	0.030684669	0.023420481
CGACCTTGTCTGCAAT-3	0.0	0.021339996	0.0	0.91146475	0.0	0.24395216	0.0
CGAGAAGTCGGTGTTA-3	0.0	0.10476397	0.17856723	0.6344631	0.023137009	0.086572364	0.0
CGATCGGCAGGTCCAC-3	0.0	0.15535195	0.011074362	0.7616963	0.0	0.027085437	0.033307064
CGCTGGAAGCAGCGTA-3	0.16758591	0.20378503	0.0	0.65978825	0.0	0.0	0.0
CGGACGTGTACGACCC-3	0.0	0.0	0.01968118	0.69910395	0.015383111	0.10145009	0.011445491
CGGAGCTAGAAGGTTT-3	0.06394758	0.025306912	0.0	0.79413205	0.0	0.0	0.051924866
CGGAGTCAGATAGGAG-3	0.0	0.60762	0.0	0.44154936	0.0	0.045526598	0.011514783
CGGCTAGCATTCCTCG-3	0.0	0.07387353	0.06510141	0.8119215	0.0	0.09639863	0.0
CGTTCTGGTAGCGCAA-3	0.0	0.0	0.14886388	0.45565248	0.3411813	0.2062353	0.0
CTCGGAGAGTACGCGA-3	0.13044061	0.13808075	0.020151539	0.5662766	0.0	0.043755166	0.036041576
CTCGTACAGTCTTGCA-3	0.30717883	0.24112903	0.0	0.17416303	0.0	0.0	0.011519809
CTGCTGTTCCTAGAAC-3	0.04811706	0.16667087	0.0	0.99478686	0.0	0.09760224	0.041006807
CTGTGCTGTCTGATCA-3	0.37147588	0.08661035	0.012168548	0.22491992	0.0	0.0	0.020272145
CTTGGCTAGAGCCCAA-3	0.0	0.0	0.12920126	0.93712044	0.0	0.11501276	0.0
GAACATCTCGCCAAAT-3	0.06943547	0.55453444	0.0	0.3922746	0.0	0.0	0.019539239
GAACCTACAGGCAGTA-3	0.0	0.21972997	0.06768727	0.58825624	0.0	0.112656094	0.0
GATTCAGCAAACCTAC-3	0.0	0.06944126	0.0015780667	1.0075171	0.021886144	0.10707087	0.0047372226
GCAATCACAGTCACTA-3	0.0	0.31921178	0.114094324	0.110216685	0.26619455	0.011912918	0.011571101
GCATGTAGTAGCACGA-3	0.2940019	0.23172513	0.0	0.64461195	0.0	0.0	0.021783108
GCGCAGTGTCGCGGTT-3	0.09296933	0.4235517	0.14393349	0.25764582	0.070397615	0.12648344	0.0
GCGCGATCAAGGTTCT-3	0.0	0.2546849	0.061619364	0.69238317	0.0	0.14000879	0.0
GCGGGTTTCTACGAGT-3	0.019523509	0.36963072	0.023103625	0.35199243	0.0	0.104001194	0.0
GGACAAGGTTTGTTTC-3	0.099310085	0.26015493	0.019774105	0.37609583	0.0	0.0	0.016730206
GGAGCAAAGTCAAGGC-3	0.2493465	0.28118524	0.0	0.33807343	0.0	0.0	0.046914645
GGATGTTAGGCAGGTT-3	0.1294343	0.03927997	0.0	0.6728213	0.115477234	0.035736453	0.015660465
GGCGTGTGTGTCTGAT-3	0.15083951	0.09854259	0.107866704	0.16509828	0.18410258	0.055534087	0.037389416
GGGAATGGTGTGGTTT-3	0.06833391	0.44749296	0.0	0.32297227	0.05254862	0.008206572	0.0048972815
GGGAGATTCAACTCTT-3	0.0	0.120045654	0.19210148	0.28296128	0.0	0.23508686	0.010180558
GGTGAAGAGACTGGGT-3	0.02741935	0.22688518	0.019795105	0.5288262	0.0	0.26143652	0.010158531
GGTGAAGAGCTCAACT-3	0.09178752	0.21368723	0.10042258	0.24268849	0.17638075	0.058578815	0.054059405
GTACGTAGTGAACCTT-3	0.0	0.25922415	0.0	0.72252935	0.0	0.23132434	0.0
GTAGGCCCACCCATTC-3	0.0	0.24049869	0.0	0.8633186	0.0	0.0	0.0
GTCAAGTTCGCAGGCT-3	0.0	0.4188267	0.08261628	0.36891723	0.0	0.14480402	0.019104915
GTCTCGTGTCCAAGTT-3	0.041304156	0.114827015	0.0	0.8767961	0.0	0.01199516	0.017209312
GTGTGCGTCGGCGCAT-3	0.0	0.14954025	0.0	0.7946909	0.044922166	0.0912377	0.0
GTTACAGTCAGCTCTC-3	0.0	0.03328497	0.26341698	0.3511668	0.20179784	0.12570344	0.04689322
TACTTGTAGGCCCTCA-3	0.03694118	0.0	0.06340527	0.91993785	0.02602975	0.25776687	0.00026494297
TCAGCAATCAGAGCTT-3	0.0	0.019195998	0.46831897	0.12018745	0.22271578	0.085769996	0.0
TCAGGATGTCCGCTGA-3	0.19153267	0.49223998	0.0	0.2603303	0.0	0.0068444503	0.009126703
TGAAAGATCACAAACC-3	0.093613714	0.10537179	0.014572928	0.3038411	0.0	0.018582622	0.0065649766
TGAGAGGTCCCTAATT-3	0.14429814	0.10798779	0.14572747	0.2502303	0.0	0.009815526	0.0601582
TGAGCCGAGAGCTGCA-3	0.2140894	0.19353487	0.009678236	0.32385772	0.0	0.0	0.030128175
TGAGGGAGTTATGTGC-3	0.0	0.12215385	0.0	0.9959979	0.0	0.07515139	0.0
TTCGAAGTCACAAACC-3	0.0	0.41569397	0.0	0.5379409	0.0	0.01793706	0.0166818
TTCGAAGTCCACTCCA-3	0.17162646	0.34297496	0.0	0.59112674	0.0	0.0	0.01758863
CAAGAAAAGCGAGAAA-3	0.13034007	0.21467173	0.002176094	0.42764366	0.05120651	0.048024327	0.0
CTCTACGTCTCTTATG-3	0.32319158	0.096123025	0.0	0.31651405	0.0	0.0	0.03466749
GCTCCTAAGGCATTGG-3	0.0	0.43617213	0.040662136	0.4200034	0.017679328	0.11040205	0.0
TCTATTGAGGGCACTA-3	0.25068197	0.21224892	0.0	0.3119501	0.0	0.016687155	0.0073511335
TGGCTGGAGCGGATCA-3	0.0	0.0	0.13926949	0.8385682	0.13152133	0.04207321	0.022308227
CACCACTAGGCGCTCT-3	0.15293372	0.0	0.0	0.55085945	0.0	0.22187012	0.024254339
CAGCTAAGTTCCTCCA-3	0.079302356	0.29063168	0.10122741	0.32712457	0.049251575	0.05610102	0.0
CGAACATTCAGGTTCA-3	0.00048365764	0.0	0.13151334	0.74246716	0.014351571	0.2670336	0.0
CTACGTCAGTACGCCC-3	0.0	0.0	0.3558189	0.6895187	0.11053681	0.31064954	0.0
CTTAGGAGTCGCATAT-3	0.0	0.14447166	0.0	0.7792649	0.0	0.274604	0.046910573
CTTAGGAGTTCAGCGC-3	0.0	0.0	0.0	0.36524314	0.32828712	0.5578911	0.0003779704
GGACGTCCAGTCGATT-3	0.5350456	0.022861926	0.0	0.32194132	0.0	0.11334828	0.02658031
GGGAATGCAGATGAGC-3	0.12940033	0.0	0.47268748	0.22151309	0.07796838	0.040122133	0.030829394
TAGTTGGGTCCCTTGT-3	0.08111279	0.012597938	0.00308047	0.68519264	0.0	0.0	0.04006864
AAGACCTGTCCGCTGA-3	0.19935493	0.059581067	0.0	0.5594778	0.045510862	0.10260042	0.007561699
ACAGCCGGTTTAGCTG-3	0.0	0.11854437	0.217675	0.29710162	0.15611129	0.14373952	0.043716908
ACCTTTACAGACGCCT-3	0.04369814	0.0	0.22858284	0.1143645	0.13714992	0.3874512	0.0
ATCACGACACCAACCG-3	0.0	0.0	0.0	0.39297572	0.3872178	0.37301204	0.0
ATTATCCTCTTACCGC-3	0.07892036	0.0	0.0	0.18373264	0.18834284	0.30830923	0.0012076644
CCACTACAGCCTATGT-3	0.31158704	0.0	0.0	0.5967169	0.10399437	0.24064426	0.0071073268
CTTAACTGTTCCACAA-3	0.0	0.0	0.15654632	0.53331345	0.19621193	0.19489986	0.059903074
GGAAAGCGTCAGAAGC-3	0.19982284	0.104296304	0.08680529	0.3089514	0.0019441886	0.033700425	0.03911565
GTCTTCGGTCTTGCGG-3	0.23382646	0.17429547	0.0	0.20147146	0.0	0.026562681	0.009364238
TACTTACCAAGCCATT-3	0.38746658	0.0	0.0	0.40502608	0.0057580997	0.08074977	0.02157459
TATGCCCCACTTAAGC-3	0.43884188	0.0	0.00046863107	0.498288	0.02376077	0.030429399	0.04257046
TCTGAGATCTAACTGG-3	0.0	0.0	0.32187787	0.28218842	0.085708365	0.40135166	0.0
TGACTAGTCACCTCGT-3	0.0	0.0	0.022593096	0.8316286	0.06431508	0.12219889	0.025015486
CAGCATAGTTCAGACT-3	0.15224238	0.18516688	0.0	0.11730371	0.017233916	0.09310551	0.25438616
GAGCAGACAGCATGAG-3	0.54335946	0.067018285	0.0	0.2980476	0.0	0.0	0.087998495
TACCTTAGTAAGAGGA-3	0.0	0.0	0.24413085	0.059862826	0.43255216	0.27873173	0.26593688
GAAGCAGCAGTGAGTG-3	0.23635012	0.121019885	0.0	0.0	0.022296786	0.0	0.7197858
ACAGCCGAGTGGCACA-3	0.0	0.0	0.0031862257	0.1694134	0.33718103	0.5815231	0.40684628
CATCGGGGTAGGGTAC-3	0.57322174	0.0	0.0	0.12278737	0.050801978	0.035241123	0.29909182
GCGACCAGTTATTCTC-3	0.0	0.0	1.2480696e-05	0.59725696	0.4982817	0.15539272	0.14642154
AAAGCAAGTCTAACGT-3	0.36259523	0.06994197	0.0	0.016924871	0.017778376	0.23823845	0.25408238
AACTGGTTCAGTTTGG-3	0.0	0.0	0.0	0.30231613	0.0	0.38078108	0.34023583
ACATGGTTCCTAGTGA-3	0.0	0.0	0.0	0.108310536	0.41211548	0.25548777	0.3661058
ACGAGCCAGAGCTTCT-3	0.0	0.0	0.117131084	0.13448939	0.0	0.29385358	0.25240198
AGATCTGCACGAGGTA-3	0.0	0.0	0.058913767	0.6227018	0.12626454	0.18565454	0.38517725
AGCCTAACACATGGGA-3	0.08217181	0.08179005	0.015872592	0.13364373	0.045810327	0.03097388	0.54664093
AGGCCGTTCCTTAATC-3	0.0	0.0	0.0	0.0	0.0	0.0	1.6785712
CACCACTAGGCCCTCA-3	0.0	0.0	0.0	0.13125135	0.04844015	0.039955497	1.056394
CAGCAGCAGAGGGCTT-3	0.16063356	0.0	0.0	0.33879796	0.04482725	0.18601252	0.37392282
CATGCCTGTACAGTTC-3	0.19450872	0.0	0.018238362	0.42123505	0.03933359	0.03444432	0.18710555
CCACCTACATACAGCT-3	0.28498352	0.0	0.015223353	0.23679014	0.008839756	0.12417189	0.2919395
CCGGTAGGTTACAGAA-3	0.0	0.0	0.112435594	0.36650506	0.08406529	0.26368955	0.27869633
CGTGAGCGTTGTCGCG-3	0.0	0.0	0.1865993	0.08580962	0.23076968	0.4115058	0.35802436
CTACGTCTCCCGGATG-3	0.35686243	0.0	0.0	0.33743617	0.0	0.04364691	0.41365123
CTGATCCAGGCCGAAT-3	0.0	0.0	0.0	0.83848494	0.0154885445	0.0	0.36244145
GACAGAGAGGAGCGAG-3	0.18467398	0.03392596	0.0	0.072211	0.06971035	0.14934081	0.3231109
GACCAATTCCTAGGGC-3	0.21867466	0.0	0.0	0.32001448	0.15688847	0.21463193	0.27122235
GTCCTCACATTCCTCG-3	0.1810506	0.0	0.0	0.44630805	0.0	0.0	0.34758404
GTCGTAAAGCGACGTA-3	0.0	0.0	0.0	0.304559	0.08333653	0.5681976	0.42565757
GTCGTAAGTGTGGCTC-3	0.0	0.0	0.09711538	0.31139538	0.030417603	0.20139427	0.53803885
TACGGGCAGGACATTA-3	0.0	0.0	0.0	0.0	0.0	0.010070811	1.1265281
TCACGAAAGCCAGTTT-3	0.085266925	0.07901985	0.0	0.30285242	0.05468691	0.05814111	0.49254024
TCTCATATCGTTACGA-3	0.0	0.0	0.06272223	0.0	0.28583467	0.19720468	0.5715861
CTCGAAAAGCCAGAAC-3	0.32622024	0.0	0.0	0.5095042	0.0	0.0	0.040047426
ATCTACTCATCTCCCA-3	0.0	0.0	0.0	1.278723	0.11498573	0.040740456	0.010206398
GGAAAGCCAATAACGA-3	0.0	0.17909642	0.11454948	0.3006043	0.034614712	0.09213275	0.0
AACTTTCGTTGAGGTG-3	0.41682777	0.13348569	0.0	0.18435057	0.081134476	0.020772899	0.045626633
AGTCTTTGTCATGCCG-3	0.014718231	0.37465483	0.20797357	0.41369277	0.0307275	0.102207415	0.01939982
ATCATGGCACCACCAG-3	0.14081815	0.20916666	0.0	0.6983764	0.0	0.0	0.055020873
ATCTACTAGTGCGTGA-3	0.0	0.0	0.16020894	0.7589077	0.05931862	0.19792338	0.0
CACATAGGTGTCAATC-3	0.013225865	0.15757039	0.0	0.76366293	0.08078434	0.051226616	0.018738093
CAGAGAGGTGTGGTTT-3	0.20605354	0.28824598	0.0067088148	0.43080723	0.0	0.0	0.04200187
CCACCTACAACACGCC-3	0.11165392	0.18993548	0.2442655	0.3135332	0.035478797	0.05054085	0.028084915
CCTCTGACACCACGTG-3	0.17617014	0.14630546	0.032729585	0.5784077	0.0	0.02488519	0.043908585
CCTTACGCATTAACCG-3	0.16123344	0.3121782	0.0	0.3140069	0.0	0.0	0.029166797
GCACTCTTCATTATCC-3	0.0	0.0	0.31121993	0.60217994	0.09948988	0.27560622	0.04963467
GCTCTGTAGTGCAAGC-3	0.1656983	0.34203705	0.03542416	0.33163232	0.1131296	0.028276682	0.043327443
GTACGTAGTGTTCTTT-3	0.071450844	0.28314295	0.042852473	0.3555467	0.004695865	0.05454368	0.056173347
TACGGATTCCTTCAAT-3	0.0	0.0	0.15259144	0.7287339	0.03560979	0.09486807	0.0
TGTCCCAAGGAATTAC-3	0.030243127	0.08111084	0.0	0.57792294	0.0	0.021869197	0.0122397095
TGTCCCACATGCATGT-3	0.19694336	0.07899235	0.07755049	0.4470608	0.036946554	0.045928743	0.072257005
AAAGATGAGGTGCTTT-3	1.8929066e-05	0.17226389	0.11425555	0.23814464	0.0	0.08407996	0.10816943
AAAGATGCAGACGCAA-3	0.21102524	0.06943974	0.0	0.78455466	0.0	0.004996083	0.04554193
AAGCCGCCAGGGCATA-3	0.061398387	0.47793174	0.24396284	0.16043405	0.02611982	0.12107956	0.13380344
AGAATAGCAGGCTCAC-3	0.30882347	0.49126336	0.0	0.22831044	0.0	0.0	0.026872579
AGAGTGGAGCACCGCT-3	0.0	0.16942877	0.16951746	0.08188887	0.1562407	0.21981172	0.0040750983
AGGGTGAGTATATGGA-3	0.16525044	0.0	0.038127426	0.7267178	0.0	0.0	0.10906898
ATCTACTCAGGATCGA-3	0.11777431	0.12637457	0.072352976	0.2600172	0.0	0.14282292	0.0701123
CAGCGACTCTGCGGCA-3	0.0	0.006040578	0.0	0.85243034	0.0110845985	0.12592278	0.2877199
CCAGCGACAAAGGCGT-3	0.47097304	0.38362408	0.0	0.100991905	0.0	0.058674403	0.054952353
CCCATACTCAACGAAA-3	0.11475475	0.29482836	0.0	0.37892783	0.0	0.0	0.05063391
CCGGGATAGTGTACTC-3	0.022518357	0.031820703	0.12952012	0.56395835	0.03327652	0.20854004	0.061103866
CCTCTGAAGCCCAATT-3	0.07984162	0.0	0.32149673	0.1644041	0.15100792	0.21985938	0.048902784
CGAACATTCACAACGT-3	0.15052357	0.33172965	0.0	0.29516232	0.0	0.071007386	0.043048684
CGGAGCTTCATGCATG-3	0.0	0.30438763	0.02248234	0.39865956	0.0	0.060591146	0.057737906
CTAATGGAGGCTCATT-3	0.033498317	0.1827852	0.3007145	0.46642017	0.0	0.14546508	0.02753825
CTCGGGATCAAACGGG-3	0.08646071	0.45353365	0.0	0.2870001	0.0	0.0	0.05117954
GACGTTAAGACAGAGA-3	0.20364808	0.31403825	0.017405363	0.25961122	0.0	0.051320057	0.040573068
GAGCAGAGTACACCGC-3	0.33764312	0.29210147	0.043250795	0.18731056	0.016692188	0.03400072	0.0394767
GAGTCCGTCTTACCTA-3	0.0	0.12313024	0.002138285	0.7456617	0.06795756	0.075373754	0.0389124
GATGAAATCTCGTTTA-3	0.018837756	0.20396672	0.16151887	0.18448983	0.0050267735	0.22142865	0.0
GCACATAAGATGTGTA-3	0.03647085	0.0	0.48647866	0.40200952	0.10696676	0.082458	0.14712782
GCATACACACTGAAGG-3	0.047408316	0.2940029	0.18352963	0.106491804	0.02157009	0.06948825	0.033246294
GCGCAACAGGGTCGAT-3	0.24331158	0.23168574	0.08057951	0.19686602	0.0062810415	0.04063202	0.043944634
GGGCATCAGGCAAAGA-3	0.09106528	0.21899788	0.0723826	0.7064339	0.008786549	0.08109418	0.048928905
GGTATTGAGAAGGTGA-3	0.14630485	0.5965314	0.0	0.17490995	0.0	0.11040139	0.05686228
GGTGTTAGTAATCACC-3	0.025390947	0.28500903	0.06288518	0.37693384	0.014443541	0.18806936	0.10448056
GTATTCTAGCTTATCG-3	0.009079138	0.20380412	0.24591734	0.10648125	0.0	0.13117336	0.0061502587
GTGTGCGTCCCTGACT-3	0.22991863	0.3715445	0.0	0.36917567	0.009050184	0.0	0.036445566
TAGGCATCACCCATGG-3	0.10674499	0.13937108	0.2731257	0.24043542	0.11734455	0.08265534	0.07625151
TATGCCCAGAATGTGT-3	0.0	0.0	0.7696321	0.19888508	0.027601536	0.17966013	0.033592597
TGTGGTACAATAGCAA-3	0.20945811	0.46621075	0.0	0.18325794	0.0	0.050625335	0.11174891
TTTCCTCAGGGCACTA-3	0.115455955	0.23529522	0.12515236	0.19597363	0.0	0.0092431465	0.14382404
TTTGTCAGTAAACGCG-3	0.31492853	0.08167848	0.045106784	0.2962647	0.0	0.0	0.17716694
AAGGCAGTCATCGCTC-3	0.025401397	0.35165054	0.0	0.595686	0.0	0.0	0.07271737
CACCTTGTCCTAGGGC-3	0.033168707	0.19527379	0.0	0.631526	0.0	0.0	0.08068096
GGACATTTCCCTAACC-3	0.04874132	0.18620157	0.03657495	0.30550668	0.0	0.0	0.016737908
TGCCCATAGGGCTTGA-3	0.0	0.0	0.18125083	0.6865757	0.0	0.08760396	0.22697422
CGGACACCAGCGATCC-3	0.0	0.30636603	0.030817209	0.0669333	0.0	0.0	0.45709053
ACGGCCAAGCCGCCTA-3	0.12634346	0.28613418	0.113677904	0.14514807	0.037355054	0.12307602	0.021061424
CAAGAAAGTACATCCA-3	0.0	0.23928943	0.25524795	0.17679068	0.011170986	0.07433535	0.0
CATGCCTTCCGGGTGT-3	0.041448377	0.191389	0.06977923	0.13981993	0.0	0.008936137	0.008857655
CTCGAAAAGAGGGATA-3	0.11521626	0.2636965	0.041177467	0.18383056	0.0	0.0	0.10612773
TAGACCACATCGATGT-3	0.1660588	0.15523711	0.0	0.40610445	0.0	0.0	0.04166963
TTAGGCAGTCGTGGCT-3	0.17254415	0.10933949	0.0	0.642052	0.0	0.010389168	0.031765375
TTAGGCAGTGACTCAT-3	0.0	0.0720534	0.14970298	0.6901001	0.03993138	0.05895907	0.043108128
CCTTCGAGTGTGAATA-3	0.0	0.3181099	0.0	0.31059158	0.03826868	0.10037438	0.0
GCACATAAGTAACCCT-3	0.2516413	0.1642505	0.0	0.30719343	0.0	0.043339416	0.24701384
CACACCTTCTTCAACT-3	0.0	0.0	0.23709252	0.0	0.15619706	0.12437508	0.96037847
CATGGCGCATGATCCA-3	0.40027422	0.11551458	0.0	0.13607216	0.0	0.0	0.33442065
GTAGTCACACATTTCT-3	0.0	0.0	0.0	0.0	0.0	0.17921853	1.103358
TGAGGGAAGGAATGGA-3	0.29638487	0.0	0.0	0.20925632	0.0	0.22592391	0.3463945
CTGAAACGTGTGAATA-3	0.14944293	0.2680692	0.0	0.29543927	0.002526807	0.0	0.046196178
