"","pathway","pval","padj","log2err","ES","NES","size","leadingEdge"
"1","GOBP_CIRCULATORY_SYSTEM_DEVELOPMENT","2.1293116110282e-16","3.10453632887912e-13","1.04762648849882","-0.483168653910631","-2.2516399762301","304","c(""CALD1"", ""SPARC"", ""TPM1"", ""COL18A1"", ""CAV1"", ""SERPINF1"", ""COL4A2"", ""COL1A2"", ""NR2F2"", ""FN1"", ""COL3A1"", ""PRRX1"", ""MCAM"", ""PDLIM1"", ""COL4A1"", ""PDGFRB"", ""GPNMB"", ""TGFBI"", ""THY1"", ""EPAS1"", ""FBN1"", ""COL1A1"", ""HES1"", ""NOTCH3"", ""ADAMTS1"", ""CPE"", ""PDLIM3"", ""MYLK"", ""ACTA2"", ""PTK2"", ""CLIC4"", ""CDH11"", ""APOE"", ""ENG"", ""SMOC2"", ""ADGRF5"", ""NRP2"", ""MMP2"", ""ANTXR1"", ""COL5A1"", ""PGF"", ""EFEMP2"", ""MDK"", ""FAP"", ""JAG1"", ""DCN"", ""GJA4"", ""DLC1"", ""CYBB"", ""SULF1"", ""EMILIN1"", ""KLF4"", ""PECAM1"", ""THBS2"", ""HSPG2"", ""CTSH"", ""ID3"", 
""ITGAV"", ""ANGPT2"", ""GJA1"", ""PLPP3"", ""TJP1"", ""SLIT3"", ""RRAS"", ""ANGPTL4"", ""FKBP10"", ""HSPB1"", ""PLXDC1"", ""FKBP1A"", ""EDNRA"", ""PDGFA"", ""RAMP2"", ""ADAMTS9"", ""KCNJ8"", ""CLEC14A"", ""FHL2"", ""LOXL2"", ""ECM1"", ""THBS1"", ""SNAI2"", ""PARVA"", ""VCAM1"", ""CALCRL"", ""TNFAIP2"", ""PDGFRA"", ""MSX1"", ""PRKG1"", ""SPHK1"", ""EGFL7"", ""GJC1"", ""RHOJ"", ""ADGRA2"", ""SFRP2"", ""PXDN"", ""CREB3L1"", ""AQP1"", ""INSR"", ""LOXL1"", ""COL11A1"", ""ADM"", ""ABCC9"", ""PDPN"", ""TGFB3"", ""LIPA"", ""COL8A1"", ""COL15A1"", ""CD34"", ""ENPEP"", ""TWIST1"", ""PTK7"", ""PTPRB"", ""CCL2"", ""WNT2"", 
""ID1"", ""FOXC2"", ""CDH13"", ""PLN"", ""HMOX1"", ""HEG1"", ""C3"", ""TNFRSF12A"", ""NXN"", ""MMP19"", ""ADAM15"", ""PTPRM"", ""VEGFC"", ""SERPINE1"", ""SOX18"", ""ANPEP"", ""LOX"", ""ANK2"", ""NOTCH4"", ""PRCP"", ""C5AR1"", ""MYH11"", ""CSPG4"", ""CDH5"", ""CD40"", ""FOXC1"", ""F3"", ""PDLIM4"", ""SPRY1"", ""MMRN2"", ""EFNA1"", ""IL18"", ""TBX3"", ""CYP1B1"", ""ITGA5"", ""SEMA5A"", ""FOXS1"", ""NTRK2"", ""GPR4"", ""SOD2"", ""INHBA"", ""ECE1"", ""ELN"", ""TEAD2"", ""HEY1"", ""MEOX2"", ""STAB1"", ""APLNR"", ""SEMA3C"")"
"2","GOBP_VASCULATURE_DEVELOPMENT","4.23877250178177e-14","3.09006515379891e-11","0.965327754226083","-0.495094784482448","-2.24315203994456","238","c(""CALD1"", ""SPARC"", ""COL18A1"", ""CAV1"", ""SERPINF1"", ""COL4A2"", ""COL1A2"", ""NR2F2"", ""FN1"", ""COL3A1"", ""PRRX1"", ""MCAM"", ""COL4A1"", ""PDGFRB"", ""GPNMB"", ""TGFBI"", ""THY1"", ""EPAS1"", ""COL1A1"", ""HES1"", ""NOTCH3"", ""ADAMTS1"", ""MYLK"", ""ACTA2"", ""PTK2"", ""CLIC4"", ""APOE"", ""ENG"", ""SMOC2"", ""ADGRF5"", ""NRP2"", ""MMP2"", ""ANTXR1"", ""COL5A1"", ""PGF"", ""EFEMP2"", ""MDK"", ""FAP"", ""JAG1"", ""DCN"", ""GJA4"", ""CYBB"", ""SULF1"", ""EMILIN1"", ""KLF4"", ""PECAM1"", ""THBS2"", ""HSPG2"", ""CTSH"", ""ITGAV"", ""ANGPT2"", ""PLPP3"", ""TJP1"", ""RRAS"", ""ANGPTL4"", ""FKBP10"", 
""HSPB1"", ""PLXDC1"", ""EDNRA"", ""PDGFA"", ""RAMP2"", ""ADAMTS9"", ""KCNJ8"", ""CLEC14A"", ""LOXL2"", ""ECM1"", ""THBS1"", ""PARVA"", ""CALCRL"", ""TNFAIP2"", ""PDGFRA"", ""SPHK1"", ""EGFL7"", ""GJC1"", ""RHOJ"", ""ADGRA2"", ""SFRP2"", ""PXDN"", ""CREB3L1"", ""AQP1"", ""LOXL1"", ""ADM"", ""ABCC9"", ""PDPN"", ""LIPA"", ""COL8A1"", ""COL15A1"", ""CD34"", ""ENPEP"", ""TWIST1"", ""PTK7"", ""PTPRB"", ""CCL2"", ""WNT2"", ""ID1"", ""FOXC2"", ""CDH13"", ""HMOX1"", ""HEG1"", ""C3"", ""TNFRSF12A"", ""MMP19"", ""ADAM15"", ""PTPRM"", ""VEGFC"", ""SERPINE1"", ""SOX18"", ""ANPEP"", ""LOX"", ""NOTCH4"", ""PRCP"", ""C5AR1"", 
""CSPG4"", ""CDH5"", ""CD40"", ""FOXC1"", ""F3"", ""MMRN2"", ""EFNA1"", ""IL18"", ""TBX3"", ""CYP1B1"", ""ITGA5"", ""SEMA5A"", ""FOXS1"", ""NTRK2"", ""GPR4"", ""SOD2"")"
"3","GOBP_EXTERNAL_ENCAPSULATING_STRUCTURE_ORGANIZATION","8.09454055473104e-10","9.83486677399821e-08","0.801215574617779","-0.53523476900018","-2.22228716668724","116","c(""GSN"", ""COL18A1"", ""CAV1"", ""COL4A2"", ""COL1A2"", ""COL5A2"", ""COL3A1"", ""COL4A1"", ""TGFBI"", ""COL1A1"", ""ADAMTS1"", ""AEBP1"", ""ENG"", ""SMOC2"", ""ADAMTS4"", ""COL12A1"", ""LUM"", ""OLFML2B"", ""COL14A1"", ""NID1"", ""MMP2"", ""ANTXR1"", ""COL5A1"", ""CRISPLD2"", ""EFEMP2"", ""CCDC80"", ""FAP"", ""SULF1"", ""EMILIN1"", ""CTSK"", ""CTSS"", ""POSTN"", ""FKBP10"", ""RAMP2"", ""ADAMTS9"", ""LOXL2"", ""FBLN1"", ""ECM2"", ""PDGFRA"", ""SFRP2"", ""PXDN"", ""CREB3L1"", ""VWA1"", ""COL10A1"", ""LOXL1"", ""SULF2"", ""COL11A1"", ""NID2"", ""OLFML2A"", ""PDPN"", ""COL8A1"", ""COL15A1"", ""FOXC2"", 
""MMP11"", ""MMP19"", ""ADAM15"", ""LOX"", ""MYH11"", ""FOXC1"", ""EGFLAM"", ""CYP1B1"", ""COL5A3"", ""EGFL6"", ""ELN"", ""ADAMTS2"", ""ABI3BP"")"
"4","GOBP_COLLAGEN_FIBRIL_ORGANIZATION","1.44265517632468e-06","6.57309764712932e-05","0.643551836150722","-0.686926368297505","-2.20549486162525","29","c(""COL18A1"", ""COL1A2"", ""COL5A2"", ""COL3A1"", ""COL1A1"", ""AEBP1"", ""COL12A1"", ""LUM"", ""COL14A1"", ""COL5A1"", ""EFEMP2"", ""EMILIN1"", ""FKBP10"", ""LOXL2"", ""SFRP2"", ""PXDN"", ""LOXL1"", ""COL11A1"", ""FOXC2"", ""MMP11"", ""LOX"", ""FOXC1"", ""CYP1B1"", ""COL5A3"", ""ADAMTS2"", ""DPT"", ""GREM1"", ""TNXB"")"
"5","GOBP_TUBE_MORPHOGENESIS","1.27024244704355e-12","3.08668914631583e-10","0.910119734774459","-0.47806700166507","-2.17321510896146","242","c(""CALD1"", ""SPARC"", ""COL18A1"", ""CAV1"", ""SERPINF1"", ""COL4A2"", ""NR2F2"", ""FN1"", ""COL3A1"", ""PRRX1"", ""MCAM"", ""COL4A1"", ""PDGFRB"", ""GPNMB"", ""TGFBI"", ""CTSZ"", ""THY1"", ""EPAS1"", ""HES1"", ""NOTCH3"", ""ADAMTS1"", ""MYLK"", ""PTK2"", ""CLIC4"", ""APOE"", ""ENG"", ""SMOC2"", ""ADGRF5"", ""NRP2"", ""MMP2"", ""CTHRC1"", ""PGF"", ""EFEMP2"", ""NFIB"", ""MDK"", ""FAP"", ""JAG1"", ""DCN"", ""DLC1"", ""CYBB"", ""SULF1"", ""EMILIN1"", ""KLF4"", ""THBS2"", ""HSPG2"", ""CTSH"", ""ITGAV"", ""ANGPT2"", ""TJP1"", ""RRAS"", ""ANGPTL4"", ""FKBP10"", ""HSPB1"", ""PLXDC1"", ""EDNRA"", ""PDGFA"", ""RAMP2"", 
""ADAMTS9"", ""CLEC14A"", ""LOXL2"", ""ECM1"", ""THBS1"", ""PARVA"", ""CALCRL"", ""TNFAIP2"", ""PDGFRA"", ""SPHK1"", ""EGFL7"", ""PBX1"", ""GJC1"", ""RHOJ"", ""ADGRA2"", ""SFRP2"", ""PXDN"", ""CREB3L1"", ""AQP1"", ""ADM"", ""TGM2"", ""COL8A1"", ""COL15A1"", ""CD34"", ""ENPEP"", ""PODXL"", ""TWIST1"", ""PTK7"", ""PTPRB"", ""CSF1R"", ""CCL2"", ""WNT2"", ""ID1"", ""FOXC2"", ""CDH13"", ""HMOX1"", ""HEG1"", ""C3"", ""TNFRSF12A"", ""MMP19"", ""ADAM15"", ""PTPRM"", ""VEGFC"", ""SERPINE1"", ""SOX18"", ""ANPEP"", ""LOX"", ""NOTCH4"", ""PRCP"", ""C5AR1"", ""CSPG4"", ""CDH5"", ""CD40"", ""FOXC1"", ""F3"", ""SPRY1"", 
""MMRN2"", ""EFNA1"", ""IL18"", ""TBX3"", ""LAMA5"", ""CYP1B1"", ""ITGA5"", ""SEMA5A"", ""NTRK2"", ""GPR4"", ""TEAD2"", ""TNC"", ""TACSTD2"", ""HEY1"", ""MEOX2"", ""STAB1"")"
"6","GOBP_BLOOD_VESSEL_MORPHOGENESIS","8.5739273371646e-12","1.2500786057586e-09","0.875325132024659","-0.483416488891216","-2.147747604359","205","c(""CALD1"", ""SPARC"", ""COL18A1"", ""CAV1"", ""SERPINF1"", ""COL4A2"", ""NR2F2"", ""FN1"", ""COL3A1"", ""PRRX1"", ""MCAM"", ""COL4A1"", ""PDGFRB"", ""GPNMB"", ""TGFBI"", ""THY1"", ""EPAS1"", ""HES1"", ""NOTCH3"", ""ADAMTS1"", ""MYLK"", ""PTK2"", ""CLIC4"", ""APOE"", ""ENG"", ""SMOC2"", ""ADGRF5"", ""NRP2"", ""MMP2"", ""PGF"", ""EFEMP2"", ""MDK"", ""FAP"", ""JAG1"", ""DCN"", ""CYBB"", ""SULF1"", ""EMILIN1"", ""KLF4"", ""THBS2"", ""HSPG2"", ""CTSH"", ""ITGAV"", ""ANGPT2"", ""TJP1"", ""RRAS"", ""ANGPTL4"", ""FKBP10"", ""HSPB1"", ""PLXDC1"", ""EDNRA"", ""PDGFA"", ""RAMP2"", ""ADAMTS9"", ""CLEC14A"", ""LOXL2"", 
""ECM1"", ""THBS1"", ""PARVA"", ""CALCRL"", ""TNFAIP2"", ""PDGFRA"", ""SPHK1"", ""EGFL7"", ""GJC1"", ""RHOJ"", ""ADGRA2"", ""SFRP2"", ""PXDN"", ""CREB3L1"", ""AQP1"", ""ADM"", ""COL8A1"", ""COL15A1"", ""CD34"", ""ENPEP"", ""TWIST1"", ""PTPRB"", ""CCL2"", ""ID1"", ""FOXC2"", ""CDH13"", ""HMOX1"", ""HEG1"", ""C3"", ""TNFRSF12A"", ""MMP19"", ""ADAM15"", ""PTPRM"", ""VEGFC"", ""SERPINE1"", ""SOX18"", ""ANPEP"", ""LOX"", ""NOTCH4"", ""PRCP"", ""C5AR1"", ""CSPG4"", ""CDH5"", ""CD40"", ""FOXC1"", ""F3"", ""MMRN2"", ""EFNA1"", ""IL18"", ""CYP1B1"", ""ITGA5"", ""SEMA5A"", ""NTRK2"")"
"7","GOBP_TUBE_DEVELOPMENT","7.6145979404659e-13","2.22041675943986e-10","0.921426003494898","-0.459106104930425","-2.12671242543193","289","c(""CALD1"", ""SPARC"", ""COL18A1"", ""CAV1"", ""SERPINF1"", ""COL4A2"", ""NR2F2"", ""FN1"", ""COL3A1"", ""PRRX1"", ""MCAM"", ""COL4A1"", ""PDGFRB"", ""GPNMB"", ""TGFBI"", ""CTSZ"", ""THY1"", ""EPAS1"", ""HES1"", ""NOTCH3"", ""ADAMTS1"", ""MYLK"", ""PTK2"", ""CLIC4"", ""APOE"", ""ENG"", ""SMOC2"", ""ADGRF5"", ""NRP2"", ""MMP2"", ""CTHRC1"", ""PGF"", ""CRISPLD2"", ""EFEMP2"", ""RARRES2"", ""NFIB"", ""MDK"", ""FAP"", ""JAG1"", ""DCN"", ""DLC1"", ""CYBB"", ""SULF1"", ""EMILIN1"", ""KLF4"", ""THBS2"", ""HSPG2"", ""RCN3"", ""CTSH"", ""ITGAV"", ""ANGPT2"", ""WWTR1"", ""TJP1"", ""RRAS"", ""ANGPTL4"", ""FKBP10"", 
""HSPB1"", ""PLXDC1"", ""EDNRA"", ""PDGFA"", ""RAMP2"", ""ADAMTS9"", ""CLEC14A"", ""LOXL2"", ""ECM1"", ""THBS1"", ""PARVA"", ""CALCRL"", ""TNFAIP2"", ""PDGFRA"", ""SPHK1"", ""EDNRB"", ""EGFL7"", ""PBX1"", ""GJC1"", ""RHOJ"", ""ADGRA2"", ""SFRP2"", ""PXDN"", ""CREB3L1"", ""AQP1"", ""ADM"", ""TGM2"", ""PDPN"", ""TGFB3"", ""LIPA"", ""COL8A1"", ""COL15A1"", ""CD34"", ""ENPEP"", ""PODXL"", ""TWIST1"", ""PTK7"", ""PTPRB"", ""CSF1R"", ""CCL2"", ""WNT2"", ""ID1"", ""FOXC2"", ""CDH13"", ""CLMP"", ""HMOX1"", ""HEG1"", ""C3"", ""TNFRSF12A"", ""IGFBP5"", ""MMP19"", ""ADAM15"", ""PTPRM"", ""VEGFC"", ""SERPINE1"", ""SOX18"", 
""ANPEP"", ""LOX"", ""NOTCH4"", ""FGF7"", ""PRCP"", ""C5AR1"", ""CSPG4"", ""CDH5"", ""CD40"", ""FOXC1"", ""F3"", ""SPRY1"", ""MMRN2"", ""EFNA1"", ""IL18"", ""TBX3"", ""LAMA5"", ""CYP1B1"", ""ITGA5"", ""SEMA5A"", ""NTRK2"", ""GPR4"", ""ECE1"", ""ADAMTS2"", ""SDC1"", ""TEAD2"", ""TNC"", ""TACSTD2"", ""HEY1"", ""MEOX2"", ""STAB1"", ""APLNR"", ""SEMA3C"")"
"8","GOBP_GLOMERULUS_DEVELOPMENT","9.92284406375179e-06","0.000314511014020655","0.593325476396405","-0.659851532351147","-2.1185664595215","29","c(""PDGFRB"", ""HES1"", ""NOTCH3"", ""ACTA2"", ""NID1"", ""JAG1"", ""SULF1"", ""PECAM1"", ""ANGPT2"", ""WWTR1"", ""EDNRA"", ""PDGFA"", ""PDGFRA"", ""EDNRB"", ""AQP1"", ""SULF2"", ""CD34"", ""ENPEP"", ""PODXL"", ""FOXC2"", ""FOXC1"", ""GPR4"", ""HEYL"", ""ANGPT1"", ""PDGFB"", ""BASP1"")"
"9","GOBP_ANATOMICAL_STRUCTURE_FORMATION_INVOLVED_IN_MORPHOGENESIS","3.67207328519272e-12","6.78649364007848e-10","0.887074988399873","-0.44684379306515","-2.07390284390304","299","c(""CALD1"", ""SPARC"", ""TPM1"", ""COL18A1"", ""MYL9"", ""CAV1"", ""SERPINF1"", ""COL4A2"", ""COL5A2"", ""COL6A1"", ""FN1"", ""COL3A1"", ""MCAM"", ""COL4A1"", ""PDGFRB"", ""GPNMB"", ""TGFBI"", ""THY1"", ""EPAS1"", ""CD9"", ""COL1A1"", ""HES1"", ""NOTCH3"", ""ADAMTS1"", ""PTK2"", ""CSRP2"", ""CLIC4"", ""TYROBP"", ""CDH11"", ""ENG"", ""SMOC2"", ""COL12A1"", ""EHD2"", ""NRP2"", ""MMP2"", ""CTHRC1"", ""COL5A1"", ""PGF"", ""NFIB"", ""MDK"", ""FAP"", ""JAG1"", ""DCN"", ""DLC1"", ""CYBB"", ""SULF1"", ""EMILIN1"", ""KLF4"", ""ITGB5"", ""THBS2"", ""HSPG2"", ""CTSH"", ""ITGAV"", ""ANGPT2"", ""GJA1"", ""TJP1"", ""TNFSF13B"", 
""RRAS"", ""CSRP1"", ""ANGPTL4"", ""HSPB1"", ""PLXDC1"", ""FKBP1A"", ""EDNRA"", ""PDGFA"", ""RAMP2"", ""ADAMTS9"", ""CLEC14A"", ""FHL2"", ""LOXL2"", ""ECM1"", ""THBS1"", ""SNAI2"", ""PARVA"", ""CALCRL"", ""TNFAIP2"", ""PDGFRA"", ""MSX1"", ""SPHK1"", ""EGFL7"", ""RHOJ"", ""ADGRA2"", ""SFRP2"", ""PXDN"", ""CREB3L1"", ""EPB41L3"", ""TM4SF1"", ""ETS2"", ""AQP1"", ""COL11A1"", ""ADM"", ""TGM2"", ""PDPN"", ""TGFB3"", ""COL8A1"", ""LMOD1"", ""COL15A1"", ""CD34"", ""ENPEP"", ""PODXL"", ""TWIST1"", ""PTK7"", ""PTPRB"", ""CCL2"", ""WNT2"", ""ID1"", ""FOXC2"", ""CDH13"", ""PLN"", ""HMOX1"", ""C3"", ""TREM2"", ""TNFRSF12A"", 
""MMP19"", ""ADAM15"", ""PTPRM"", ""VEGFC"", ""SERPINE1"", ""SOX18"", ""ANPEP"", ""ANK2"", ""NOTCH4"", ""PRCP"", ""C5AR1"", ""MYH11"", ""CSPG4"", ""CDH5"", ""CD40"", ""FOXC1"", ""F3"", ""SPRY1"", ""MMRN2"", ""EFNA1"", ""IL18"", ""TBX3"", ""CYP1B1"", ""CD36"")"
"10","GOBP_ARTERY_MORPHOGENESIS","3.07526419449093e-05","0.000786620209748733","0.557332238758646","-0.639838077040506","-2.07014380264994","30","c(""COL3A1"", ""PRRX1"", ""PDGFRB"", ""HES1"", ""NOTCH3"", ""MYLK"", ""APOE"", ""ENG"", ""ADGRF5"", ""EFEMP2"", ""MDK"", ""JAG1"", ""FKBP10"", ""EDNRA"", ""ADAMTS9"")"
"11","GOBP_REGULATION_OF_COAGULATION","4.58723107898535e-05","0.00103228771620171","0.557332238758646","-0.664778506992479","-2.0489740880225","26","c(""CAV1"", ""CD9"", ""APOE"", ""TFPI"", ""PLAU"", ""FAP"", ""EMILIN1"", ""C1QTNF1"", ""PLAT"", ""PDGFA"", ""THBS1"", ""THBD"", ""PLAUR"", ""PDGFRA"", ""PRKG1"", ""VKORC1"", ""SERPINE1"", ""F3"", ""CD36"")"
"12","GOBP_NEGATIVE_REGULATION_OF_COAGULATION","3.86537830035092e-05","0.000923888780641253","0.557332238758646","-0.701132621471271","-2.01105450085401","20","c(""CD9"", ""APOE"", ""TFPI"", ""PLAU"", ""FAP"", ""C1QTNF1"", ""PLAT"", ""PDGFA"", ""THBS1"", ""THBD"", ""PLAUR"", ""PDGFRA"", ""PRKG1"")"
"13","GOBP_SENSORY_SYSTEM_DEVELOPMENT","1.05821484412926e-05","0.000321919224970437","0.593325476396405","-0.532095081046415","-1.98504675980553","64","c(""SERPINF1"", ""COL5A2"", ""COL4A1"", ""PDGFRB"", ""THY1"", ""FBN1"", ""HES1"", ""CLIC4"", ""C1QA"", ""COL5A1"", ""NFIB"", ""JAG1"", ""KLF4"", ""CRYAB"", ""PDGFRA"", ""PBX1"", ""RHOJ"", ""PXDN"", ""AQP1"", ""MFAP5"", ""NES"", ""COL8A1"", ""TWIST1"", ""WNT2"", ""FOXC2"", ""C3"", ""PTPRM"", ""FOXC1"", ""SPRY1"", ""CYP1B1"", ""MFAP2"", ""NTRK2"", ""INHBA"", ""EFEMP1"", ""FLT1"", ""KDR"", ""COL8A2"", ""CACNA1C"", ""TWSG1"", ""FJX1"", ""DLL4"", ""WNT6"", ""ITGAM"")"
"14","GOBP_SUBSTRATE_ADHESION_DEPENDENT_CELL_SPREADING","7.05563922280759e-05","0.00142876694261854","0.538434096309916","-0.704944272270804","-1.97441893646384","18","c(""FN1"", ""PTK2"", ""FERMT2"", ""ANTXR1"", ""MDK"", ""POSTN"", ""ITGAV"", ""FBLN1"", ""PARVA"", ""PDPN"", ""GBP1"", ""SPRY4"", ""EFNA1"", ""LAMA5"", ""TACSTD2"")"
"15","GOBP_HEART_MORPHOGENESIS","1.23247324780891e-05","0.00035938919906108","0.593325476396405","-0.517818400000702","-1.96691496719873","69","c(""TPM1"", ""HES1"", ""ADAMTS1"", ""CPE"", ""PTK2"", ""ENG"", ""NRP2"", ""COL5A1"", ""JAG1"", ""DLC1"", ""SLIT3"", ""FKBP1A"", ""EDNRA"", ""KCNJ8"", ""FHL2"", ""SNAI2"", ""PARVA"", ""MSX1"", ""SFRP2"", ""INSR"", ""COL11A1"", ""ABCC9"", ""TGFB3"", ""TWIST1"", ""WNT2"", ""FOXC2"", ""HEG1"", ""ADAM15"", ""SOX18"", ""FOXC1"", ""SPRY1"", ""EFNA1"", ""TBX3"", ""ELN"", ""TEAD2"", ""HEY1"", ""APLNR"", ""SEMA3C"", ""HEYL"", ""ADAMTS5"")"
"16","GOBP_SENSORY_ORGAN_DEVELOPMENT","6.23446014725037e-06","0.000211391695225373","0.610526878385931","-0.496536484798772","-1.96502429312576","86","c(""SERPINF1"", ""COL5A2"", ""PRRX1"", ""COL4A1"", ""PDGFRB"", ""THY1"", ""FBN1"", ""HES1"", ""CLIC4"", ""CTHRC1"", ""COL5A1"", ""CEBPD"", ""NFIB"", ""JAG1"", ""KLF4"", ""FRZB"", ""EDNRA"", ""CRYAB"", ""PDGFRA"", ""MSX1"", ""PBX1"", ""RHOJ"", ""PXDN"", ""AQP1"", ""COL11A1"", ""MFAP5"", ""NES"", ""TGFB3"", ""COL8A1"", ""TWIST1"", ""PTK7"", ""WNT2"", ""FOXC2"", ""PTPRM"", ""FOXC1"", ""SPRY1"", ""TBX3"", ""CYP1B1"", ""MFAP2"", ""NTRK2"", ""INHBA"", ""ECE1"", ""EFEMP1"", ""FLT1"", ""GJB2"", ""KDR"", ""COL8A2"", ""CACNA1C"", ""TWSG1"", ""FJX1"", ""DLL4"", ""WNT6"")"
"17","GOBP_NEPHRON_DEVELOPMENT","4.92017345529487e-05","0.00107068849221193","0.557332238758646","-0.565906437436325","-1.95556972288013","43","c(""PDGFRB"", ""HES1"", ""NOTCH3"", ""ACTA2"", ""NID1"", ""JAG1"", ""SULF1"", ""PECAM1"", ""ANGPT2"", ""WWTR1"", ""EDNRA"", ""PDGFA"", ""PDGFRA"", ""EDNRB"", ""PBX1"", ""AQP1"", ""SULF2"", ""CD34"", ""ENPEP"", ""PODXL"", ""FOXC2"", ""FOXC1"", ""LAMA5"", ""GPR4"", ""TACSTD2"", ""HEYL"", ""MYC"", ""GREM1"", ""ANGPT1"", ""PDGFB"", ""BASP1"")"
"18","GOBP_HEMOSTASIS","3.61283514491438e-05","0.000877918940214194","0.557332238758646","-0.532644933096398","-1.94056970256234","58","c(""MYL9"", ""CAV1"", ""COL3A1"", ""CD9"", ""APOE"", ""FCER1G"", ""TFPI"", ""PLAU"", ""FAP"", ""VCL"", ""EMILIN1"", ""C1QTNF1"", ""CSRP1"", ""HSPB1"", ""PLAT"", ""PDGFA"", ""THBS1"", ""FBLN1"", ""THBD"", ""SERPINA1"", ""PLAUR"", ""PDGFRA"", ""PRKG1"", ""PDPN"", ""VKORC1"", ""SERPINE1"", ""CD40"", ""F3"", ""CD36"", ""VWF"")"
"19","GOBP_AORTA_MORPHOGENESIS","0.000212880056650981","0.00341732388732225","0.518848077743792","-0.708452008230582","-1.93448417347016","16","c(""COL3A1"", ""PDGFRB"", ""HES1"", ""MYLK"", ""ENG"", ""EFEMP2"", ""JAG1"", ""FKBP10"", ""ADAMTS9"")"
"20","GOBP_WOUND_HEALING","2.24900806522398e-06","9.36872502599019e-05","0.627256739718528","-0.469362387286487","-1.92739859656754","110","c(""TPM1"", ""TIMP1"", ""MYL9"", ""CAV1"", ""DST"", ""FN1"", ""COL3A1"", ""MCAM"", ""CD9"", ""MYLK"", ""PTK2"", ""APOE"", ""FERMT2"", ""FCER1G"", ""SMOC2"", ""TFPI"", ""COL5A1"", ""PLAU"", ""FAP"", ""VCL"", ""EMILIN1"", ""PLPP3"", ""C1QTNF1"", ""CSRP1"", ""FKBP10"", ""HSPB1"", ""PLAT"", ""PDGFA"", ""THBS1"", ""FBLN1"", ""THBD"", ""SERPINA1"", ""PLAUR"", ""PDGFRA"", ""PRKG1"", ""AQP1"", ""PDPN"", ""CD34"", ""PTK7"", ""VKORC1"", ""FOXC2"", ""SLC11A1"", ""HMOX1"", ""TNFRSF12A"", ""SERPINE1"", ""NOTCH4"", ""PRCP"", ""CD40"", ""F3"", ""HBEGF"", ""CD36"", ""VWF"", ""ITGA5"", ""WFDC1"", ""GPR4"", ""CLEC7A"")"
"21","GOBP_CELLULAR_RESPONSE_TO_VASCULAR_ENDOTHELIAL_GROWTH_FACTOR_STIMULUS","0.00054979076582794","0.00734423606039915","0.477270815362862","-0.61780269138407","-1.90418566912368","26","c(""CD63"", ""PDGFRB"", ""SMOC2"", ""NRP2"", ""PGF"", ""DCN"", ""EMILIN1"", ""PTP4A3"", ""HSPB1"", ""RAMP2"", ""VCAM1"", ""PDGFRA"", ""SPHK1"", ""ADGRA2"", ""GAS1"", ""VEGFC"", ""FOXC1"")"
"22","GOBP_RESPONSE_TO_WOUNDING","2.77201808509813e-06","0.000112266732446474","0.627256739718528","-0.442299430097947","-1.88569279996739","146","c(""TPM1"", ""TIMP1"", ""MYL9"", ""CAV1"", ""DST"", ""FN1"", ""COL3A1"", ""MCAM"", ""CD9"", ""MAP1B"", ""MYLK"", ""PTK2"", ""TYROBP"", ""APOE"", ""FERMT2"", ""FCER1G"", ""SMOC2"", ""MMP2"", ""TFPI"", ""COL5A1"", ""PLAU"", ""NFIB"", ""MDK"", ""FAP"", ""VCL"", ""EMILIN1"", ""KLF4"", ""PLPP3"", ""C1QTNF1"", ""DPYSL3"", ""CSRP1"", ""FKBP10"", ""HSPB1"", ""PLAT"", ""NREP"", ""EDNRA"", ""PDGFA"", ""THBS1"", ""FBLN1"", ""THBD"", ""SERPINA1"", ""PLAUR"", ""PDGFRA"", ""PRKG1"", ""AQP1"", ""SULF2"", ""PDPN"", ""CD34"", ""PTN"", ""PTK7"", ""VKORC1"", ""FOXC2"", ""SLC11A1"", ""HMOX1"", ""TREM2"", ""TNFRSF12A"", ""SERPINE1"", 
""NOTCH4"", ""FGF7"", ""PRCP"", ""CD40"", ""F3"", ""HBEGF"", ""CD36"", ""VWF"", ""ITGA5"", ""WFDC1"", ""GPR4"", ""SOD2"", ""INHBA"", ""CLEC7A"", ""TNC"")"
"23","GOBP_HEART_DEVELOPMENT","1.76922001782786e-06","7.64835278692573e-05","0.643551836150722","-0.444605270044914","-1.88488332285572","142","c(""TPM1"", ""FN1"", ""COL3A1"", ""PDLIM1"", ""PDGFRB"", ""FBN1"", ""HES1"", ""ADAMTS1"", ""CPE"", ""PDLIM3"", ""PTK2"", ""CDH11"", ""ENG"", ""NRP2"", ""MMP2"", ""COL5A1"", ""JAG1"", ""DLC1"", ""EMILIN1"", ""ID3"", ""GJA1"", ""SLIT3"", ""FKBP1A"", ""EDNRA"", ""RAMP2"", ""ADAMTS9"", ""KCNJ8"", ""FHL2"", ""SNAI2"", ""PARVA"", ""VCAM1"", ""CALCRL"", ""PDGFRA"", ""MSX1"", ""PRKG1"", ""GJC1"", ""SFRP2"", ""INSR"", ""COL11A1"", ""ADM"", ""ABCC9"", ""TGFB3"", ""TWIST1"", ""PTK7"", ""WNT2"", ""FOXC2"", ""PLN"", ""HEG1"", ""ADAM15"", ""SOX18"", ""LOX"", ""ANK2"", ""MYH11"", ""FOXC1"", ""PDLIM4"", ""SPRY1"", ""EFNA1"", 
""TBX3"", ""SOD2"", ""INHBA"", ""ECE1"", ""ELN"", ""TEAD2"", ""HEY1"", ""APLNR"", ""SEMA3C"", ""SORBS2"", ""HEYL"", ""ADAMTS5"", ""GREM1"", ""RGS4"", ""TIE1"", ""PDGFB"", ""NOX4"", ""CLDN5"", ""BASP1"", ""KDR"", ""CACNA1C"", ""BICC1"", ""SAV1"", ""DLL4"", ""PCSK5"", ""ADAMTS6"", ""SOX17"", ""IGF1"", ""RBP4"")"
"24","GOBP_REGULATION_OF_RESPONSE_TO_WOUNDING","0.000110556542418758","0.00214921918462065","0.538434096309916","-0.527601407847993","-1.87772774204937","52","c(""CAV1"", ""CD9"", ""MYLK"", ""PTK2"", ""APOE"", ""FERMT2"", ""SMOC2"", ""TFPI"", ""PLAU"", ""MDK"", ""FAP"", ""EMILIN1"", ""KLF4"", ""C1QTNF1"", ""PLAT"", ""PDGFA"", ""THBS1"", ""THBD"", ""PLAUR"", ""PDGFRA"", ""PRKG1"", ""PTN"", ""VKORC1"", ""FOXC2"", ""TNFRSF12A"", ""SERPINE1"", ""F3"", ""HBEGF"", ""CD36"", ""WFDC1"", ""CLEC7A"", ""SPP1"", ""ALOX5"")"
"25","GOBP_NEGATIVE_REGULATION_OF_CELLULAR_RESPONSE_TO_GROWTH_FACTOR_STIMULUS","0.000744299476613035","0.00924922887493269","0.477270815362862","-0.581409795572696","-1.86671581673629","29","c(""FBN1"", ""HTRA1"", ""DCN"", ""SULF1"", ""EMILIN1"", ""THBS1"", ""TNFAIP6"", ""ADGRA2"", ""SFRP2"", ""CREB3L1"", ""SULF2"", ""CRIM1"", ""SPRY4"", ""HTRA3"", ""SPRY1"", ""MMRN2"", ""NBL1"")"
"26","GOBP_ANIMAL_ORGAN_MORPHOGENESIS","3.12777706694272e-07","1.57251688400086e-05","0.674962860011025","-0.418492433798129","-1.86576274518041","214","c(""TPM1"", ""COL18A1"", ""TMEM176B"", ""MGP"", ""CAV1"", ""COL1A2"", ""COL5A2"", ""COL3A1"", ""PRRX1"", ""CTSZ"", ""THY1"", ""FBN1"", ""COL1A1"", ""HES1"", ""ADAMTS1"", ""CPE"", ""MYLK"", ""ACTA2"", ""PTK2"", ""ENG"", ""NRP2"", ""MMP2"", ""CTHRC1"", ""COL5A1"", ""EFEMP2"", ""NFIB"", ""MDK"", ""JAG1"", ""DCN"", ""DLC1"", ""SULF1"", ""HYAL2"", ""CTSH"", ""ID3"", ""FRZB"", ""ID4"", ""WWTR1"", ""SLIT3"", ""FKBP1A"", ""EDNRA"", ""PDGFA"", ""KCNJ8"", ""FHL2"", ""SNAI2"", ""PARVA"", ""PDGFRA"", ""MSX1"", ""PBX1"", ""SFRP2"", ""AQP1"", ""INSR"", ""SULF2"", ""COL11A1"", ""ASPN"", ""MFAP5"", ""ADM"", ""ABCC9"", ""TGM2"", 
""TGFB3"", ""LIPA"", ""COL8A1"", ""CD34"", ""PTN"", ""TWIST1"", ""PTK7"", ""CSF1R"", ""CCL2"", ""WNT2"", ""FOXC2"", ""HEG1"", ""IGFBP5"", ""ADAM15"", ""PTPRM"", ""VEGFC"", ""SERPINE1"", ""SOX18"", ""FGF7"", ""FOXC1"", ""SPRY1"", ""EFNA1"", ""TBX3"", ""LAMA5"", ""MFAP2"", ""NTRK2"", ""NBL1"", ""CHSY1"", ""INHBA"", ""ELN"", ""PHLDA2"", ""TEAD2"", ""TNC"", ""FST"", ""TACSTD2"", ""HEY1"", ""APLNR"", ""SEMA3C"", ""SLC40A1"", ""EFEMP1"", ""HEYL"", ""MYC"", ""ADAMTS5"", ""GREM1"", ""DACT1"", ""HGF"", ""CLDN5"", ""BASP1"", ""KDR"", ""COL8A2"", ""TWSG1"", ""SAV1"", ""SHANK3"", ""FJX1"", ""DLL4"", ""WNT6"", ""ALPL"", 
""ACP5"", ""SNX10"", ""SOX17"", ""RBP4"", ""IL6"", ""EPHA2"", ""S1PR1"", ""COMP"", ""RSPO3"", ""CSF3R"", ""ITGA6"", ""TLE1"", ""EFNB2"", ""HOXC9"", ""HIF1A"", ""STC1"", ""FGF1"", ""GPC3"", ""SFRP4"", ""HYAL1"", ""DCHS1"", ""EDN1"", ""CEBPB"", ""HOXC8"")"
"27","GOBP_VASCULAR_ENDOTHELIAL_GROWTH_FACTOR_SIGNALING_PATHWAY","0.00048594504021633","0.00674769398700389","0.49849310876659","-0.675316234297496","-1.86542619198967","17","c(""CD63"", ""PDGFRB"", ""SMOC2"", ""NRP2"", ""PGF"", ""DCN"", ""EMILIN1"", ""PTP4A3"", ""HSPB1"", ""PDGFRA"", ""ADGRA2"", ""VEGFC"", ""FOXC1"", ""FLT1"", ""TNXB"", ""KDR"")"
"28","GOBP_CELL_SUBSTRATE_ADHESION","4.49303860151129e-05","0.00103228771620171","0.557332238758646","-0.462267460134641","-1.86258519243423","99","c(""CD63"", ""FN1"", ""COL3A1"", ""THY1"", ""COL1A1"", ""PTK2"", ""CDH11"", ""FERMT2"", ""NID1"", ""ANTXR1"", ""EFEMP2"", ""PLAU"", ""CCDC80"", ""MDK"", ""JAG1"", ""DLC1"", ""VCL"", ""EMILIN1"", ""ITGB5"", ""FBLN2"", ""POSTN"", ""ITGAV"", ""ANGPT2"", ""RRAS"", ""ADAMTS9"", ""THBS1"", ""FBLN1"", ""ECM2"", ""PARVA"", ""VCAM1"", ""NID2"", ""BCAM"", ""PDPN"", ""COL8A1"", ""CD34"", ""ITGBL1"", ""CDH13"", ""ADAM15"", ""ITGA1"", ""SERPINE1"", ""SORBS3"", ""GBP1"", ""SPRY4"", ""EGFLAM"", ""EFNA1"", ""ITGA11"", ""LAMA5"", ""COL5A3"", ""CD36"", ""VWF"", ""ITGA5"", ""EGFL6"", ""ABI3BP"", ""TACSTD2"", ""GREM1"", ""ARHGAP6"", 
""TNXB"", ""SPOCK1"", ""ANGPT1"", ""PDGFB"", ""JUP"", ""KDR"")"
"29","GOBP_REGULATION_OF_WOUND_HEALING","0.000273499529628881","0.00411095169277225","0.49849310876659","-0.536361645705682","-1.85347351694371","43","c(""CAV1"", ""CD9"", ""MYLK"", ""PTK2"", ""APOE"", ""FERMT2"", ""SMOC2"", ""TFPI"", ""PLAU"", ""FAP"", ""EMILIN1"", ""C1QTNF1"", ""PLAT"", ""PDGFA"", ""THBS1"", ""THBD"", ""PLAUR"", ""PDGFRA"", ""PRKG1"", ""VKORC1"", ""FOXC2"", ""TNFRSF12A"", ""SERPINE1"", ""F3"", ""HBEGF"", ""CD36"", ""WFDC1"", ""CLEC7A"")"
"30","GOBP_NEGATIVE_REGULATION_OF_LOCOMOTION","0.000125905734208577","0.0023236779807102","0.518848077743792","-0.459588960502863","-1.81953029833918","88","c(""TPM1"", ""TIMP1"", ""SERPINF1"", ""NR2F2"", ""COL3A1"", ""THY1"", ""CLIC4"", ""CDH11"", ""APOE"", ""ENG"", ""BST2"", ""JAG1"", ""DCN"", ""DLC1"", ""VCL"", ""SULF1"", ""CD74"", ""EMILIN1"", ""KLF4"", ""HYAL2"", ""ANGPT2"", ""GJA1"", ""DPYSL3"", ""RRAS"", ""CXCL12"", ""ADAMTS9"", ""THBS1"", ""FBLN1"", ""PTPRG"", ""TNFAIP6"", ""PRKG1"", ""SFRP2"", ""SLAMF8"", ""PODN"", ""CCL2"", ""HMOX1"", ""IGFBP5"", ""ADAM15"", ""PTPRM"", ""SERPINE1"", ""MMRN2"", ""CYGB"", ""CYP1B1"", ""SEMA5A"", ""NBL1"", ""TACSTD2"", ""MEOX2"", ""SEMA3C"")"
"31","GOBP_RENAL_SYSTEM_VASCULATURE_DEVELOPMENT","0.000994039278908639","0.0115024545130857","0.45505986738723","-0.64743343967971","-1.81334169761504","18","c(""PDGFRB"", ""HES1"", ""NOTCH3"", ""ACTA2"", ""PECAM1"", ""ANGPT2"", ""EDNRA"", ""PDGFA"", ""PDGFRA"", ""AQP1"", ""CD34"", ""FOXC2"", ""GPR4"", ""ANGPT1"", ""PDGFB"")"
"32","GOBP_REGULATION_OF_BODY_FLUID_LEVELS","0.000190194564688295","0.00318739856684522","0.518848077743792","-0.464921367335101","-1.80784650621297","79","c(""MYL9"", ""CAV1"", ""COL3A1"", ""CD9"", ""APOE"", ""FCER1G"", ""TFPI"", ""PLAU"", ""FAP"", ""VCL"", ""EMILIN1"", ""HYAL2"", ""C1QTNF1"", ""CSRP1"", ""HSPB1"", ""PLAT"", ""PDGFA"", ""THBS1"", ""FBLN1"", ""THBD"", ""CCND1"", ""SERPINA1"", ""PLAUR"", ""PDGFRA"", ""PRKG1"", ""EDNRB"", ""AQP1"", ""ADM"", ""PDPN"", ""VKORC1"", ""ANO1"", ""HEG1"", ""SERPINE1"", ""CD40"", ""F3"", ""CD36"", ""VWF"")"
"33","GOBP_AMEBOIDAL_TYPE_CELL_MIGRATION","3.53273520621585e-05","0.000873004734010629","0.557332238758646","-0.431924595776955","-1.80199078124045","125","c(""SPARC"", ""TIMP1"", ""SERPINF1"", ""NR2F2"", ""FN1"", ""PDLIM1"", ""LGMN"", ""FSTL1"", ""ACTA2"", ""PTK2"", ""APOE"", ""ENG"", ""SMOC2"", ""NRP2"", ""FAP"", ""DCN"", ""KLF4"", ""HYAL2"", ""CTSH"", ""PTP4A3"", ""ANGPT2"", ""GJA1"", ""AKAP12"", ""PLPP3"", ""RRAS"", ""HSPB1"", ""EDNRA"", ""ADAMTS9"", ""CLEC14A"", ""LOXL2"", ""THBS1"", ""SNAI2"", ""PTPRG"", ""EDNRB"", ""RHOJ"", ""CD248"", ""ADGRA2"", ""AQP1"", ""PTN"", ""TWIST1"", ""ID1"", ""FOXC2"", ""CDH13"", ""HMOX1"", ""PTPRM"", ""VEGFC"", ""SOX18"", ""FGF7"", ""PRCP"", ""CDH5"", ""CD40"", ""MMRN2"", ""CYGB"", ""EFNA1"", ""LAMA5"", ""HBEGF"", ""CYP1B1"", 
""KITLG"", ""SEMA5A"")"
"34","GOBP_ARTERY_DEVELOPMENT","0.00108714538889366","0.0120996792137936","0.45505986738723","-0.538385450674167","-1.79953919142329","36","c(""COL3A1"", ""PRRX1"", ""PDGFRB"", ""HES1"", ""NOTCH3"", ""MYLK"", ""APOE"", ""ENG"", ""ADGRF5"", ""EFEMP2"", ""MDK"", ""JAG1"", ""FKBP10"", ""EDNRA"", ""ADAMTS9"", ""LOXL1"", ""FOXC2"", ""LOX"", ""FOXC1"")"
"35","GOBP_MUSCLE_STRUCTURE_DEVELOPMENT","1.87403540014215e-05","0.000505989558038379","0.575610261071129","-0.423197730606363","-1.79412705704037","142","c(""TPM1"", ""MYL9"", ""CAV1"", ""LGALS1"", ""NUPR1"", ""NR2F2"", ""COL3A1"", ""PDLIM1"", ""PDGFRB"", ""TAGLN"", ""EPAS1"", ""CD9"", ""HES1"", ""COL6A3"", ""PDLIM3"", ""MYLK"", ""CSRP2"", ""ENG"", ""ZFHX3"", ""EHD2"", ""NID1"", ""EFEMP2"", ""JAG1"", ""ID3"", ""CSRP1"", ""FKBP1A"", ""EDNRA"", ""RAMP2"", ""KCNJ8"", ""FHL2"", ""CRYAB"", ""PDGFRA"", ""MSX1"", ""PRKG1"", ""EDNRB"", ""COL11A1"", ""ADM"", ""LMOD1"", ""TWIST1"", ""RCAN1"", ""WNT2"", ""FOXC2"", ""HEG1"", ""IGFBP5"", ""LOX"", ""ANK2"", ""MYH11"", ""FOXC1"", ""PDLIM4"", ""ITGA11"", ""IL18"", ""TBX3"", ""LAMA5"", ""HBEGF"", ""SOD2"", ""ELN"", ""SDC1"", 
""AVPR1A"", ""HEY1"", ""MEOX2"", ""APLNR"", ""SORBS2"", ""HEYL"", ""ADAMTS5"", ""GREM1"", ""RGS4"", ""CXCL9"", ""PDGFB"", ""NOX4"")"
"36","GOBP_CARDIAC_CHAMBER_MORPHOGENESIS","0.000907111248999881","0.0105805456083346","0.477270815362862","-0.526546561922921","-1.79231471142976","40","c(""TPM1"", ""HES1"", ""ADAMTS1"", ""CPE"", ""ENG"", ""NRP2"", ""JAG1"", ""SLIT3"", ""FKBP1A"", ""EDNRA"", ""FHL2"", ""PARVA"", ""SFRP2"", ""COL11A1"", ""WNT2"", ""FOXC2"", ""HEG1"", ""FOXC1"", ""TBX3"", ""HEY1"", ""APLNR"", ""SEMA3C"", ""HEYL"")"
"37","GOBP_NEGATIVE_REGULATION_OF_WOUND_HEALING","0.00130870531475931","0.0140300908008755","0.45505986738723","-0.586128258940554","-1.79146106463697","25","c(""CD9"", ""APOE"", ""TFPI"", ""PLAU"", ""FAP"", ""C1QTNF1"", ""PLAT"", ""PDGFA"", ""THBS1"", ""THBD"", ""PLAUR"", ""PDGFRA"", ""PRKG1"")"
"38","GOBP_ENDODERMAL_CELL_DIFFERENTIATION","0.0016816881880352","0.0161309301194429","0.45505986738723","-0.614633837577932","-1.78449605596905","21","c(""COL4A2"", ""COL5A2"", ""COL6A1"", ""FN1"", ""COL12A1"", ""MMP2"", ""COL5A1"", ""ITGB5"", ""ITGAV"", ""COL11A1"", ""COL8A1"")"
"39","GOBP_RENAL_SYSTEM_DEVELOPMENT","0.000251270236613191","0.00385633689454771","0.49849310876659","-0.461010847486367","-1.77929724281061","76","c(""SERPINF1"", ""COL4A1"", ""PDGFRB"", ""FBN1"", ""HES1"", ""NOTCH3"", ""ADAMTS1"", ""ACTA2"", ""NID1"", ""JAG1"", ""SULF1"", ""PECAM1"", ""HYAL2"", ""CTSH"", ""ID3"", ""ANGPT2"", ""WWTR1"", ""EDNRA"", ""PDGFA"", ""KCNJ8"", ""PDGFRA"", ""EDNRB"", ""PBX1"", ""AQP1"", ""SULF2"", ""CD34"", ""ENPEP"", ""PODXL"", ""PTK7"", ""FOXC2"", ""FOXC1"", ""SPRY1"", ""LAMA5"", ""GPR4"", ""SDC1"", ""TACSTD2"", ""HEYL"", ""MYC"", ""GREM1"", ""ANGPT1"", ""PDGFB"", ""BASP1"", ""BICC1"", ""WNT6"", ""PCSK5"", ""ADAMTS6"", ""SOX17"", ""RBP4"")"
"40","GOBP_CONNECTIVE_TISSUE_DEVELOPMENT","0.000571838160920496","0.00744410748769716","0.477270815362862","-0.473429300744751","-1.76618678299413","64","c(""BGN"", ""MGP"", ""TIMP1"", ""COL3A1"", ""PRRX1"", ""PDGFRB"", ""TGFBI"", ""COL1A1"", ""ACTA2"", ""COL5A1"", ""NFIB"", ""MDK"", ""SULF1"", ""CTSK"", ""HYAL2"", ""FRZB"", ""ID4"", ""PDGFA"", ""LOXL2"", ""ECM1"", ""SNAI2"", ""MSX1"", ""SFRP2"", ""SULF2"", ""COL11A1"", ""LIPA"", ""CD34"")"
"41","GOBP_MUSCLE_ORGAN_DEVELOPMENT","0.000387425629909509","0.00560044581332978","0.49849310876659","-0.479788241758477","-1.76554603077988","61","c(""TPM1"", ""CAV1"", ""NUPR1"", ""NR2F2"", ""COL3A1"", ""TAGLN"", ""COL6A3"", ""MYLK"", ""ENG"", ""ZFHX3"", ""EFEMP2"", ""ID3"", ""FKBP1A"", ""EDNRA"", ""CRYAB"", ""MSX1"", ""COL11A1"", ""TWIST1"", ""RCAN1"", ""WNT2"", ""FOXC2"", ""HEG1"", ""LOX"", ""FOXC1"", ""ITGA11"", ""LAMA5"", ""HBEGF"")"
"42","GOBP_NEGATIVE_REGULATION_OF_RESPONSE_TO_WOUNDING","0.00323146590622011","0.024538944225359","0.431707695803346","-0.544343411194721","-1.76117861633098","30","c(""CD9"", ""APOE"", ""TFPI"", ""PLAU"", ""MDK"", ""FAP"", ""C1QTNF1"", ""PLAT"", ""PDGFA"", ""THBS1"", ""THBD"", ""PLAUR"", ""PDGFRA"", ""PRKG1"")"
"43","GOBP_CARDIAC_CHAMBER_DEVELOPMENT","0.000545320777633061","0.00734423606039915","0.477270815362862","-0.503885726514275","-1.75836648049666","47","c(""TPM1"", ""HES1"", ""ADAMTS1"", ""CPE"", ""ENG"", ""NRP2"", ""JAG1"", ""SLIT3"", ""FKBP1A"", ""EDNRA"", ""KCNJ8"", ""FHL2"", ""PARVA"", ""SFRP2"", ""COL11A1"", ""PTK7"", ""WNT2"", ""FOXC2"", ""HEG1"", ""ANK2"", ""FOXC1"", ""TBX3"", ""HEY1"", ""APLNR"", ""SEMA3C"", ""HEYL"")"
"44","GOBP_CARTILAGE_DEVELOPMENT","0.000793922778646503","0.00964616176055501","0.477270815362862","-0.502362569838086","-1.75711306620439","48","c(""BGN"", ""MGP"", ""TIMP1"", ""COL3A1"", ""PRRX1"", ""TGFBI"", ""COL1A1"", ""NFIB"", ""MDK"", ""SULF1"", ""CTSK"", ""HYAL2"", ""FRZB"", ""LOXL2"", ""ECM1"", ""SNAI2"", ""MSX1"", ""SFRP2"", ""SULF2"", ""COL11A1"")"
"45","GOBP_ENDOTHELIAL_CELL_MIGRATION","0.000504333647019394","0.00687213511546052","0.477270815362862","-0.451823757233693","-1.75691645583199","79","c(""SPARC"", ""SERPINF1"", ""NR2F2"", ""LGMN"", ""FSTL1"", ""PTK2"", ""APOE"", ""SMOC2"", ""NRP2"", ""FAP"", ""DCN"", ""KLF4"", ""PTP4A3"", ""ANGPT2"", ""PLPP3"", ""RRAS"", ""HSPB1"", ""ADAMTS9"", ""CLEC14A"", ""LOXL2"", ""THBS1"", ""SNAI2"", ""RHOJ"", ""ADGRA2"", ""PTN"", ""ID1"", ""FOXC2"", ""CDH13"", ""HMOX1"", ""PTPRM"", ""VEGFC"", ""SOX18"", ""PRCP"", ""CDH5"", ""CD40"", ""MMRN2"", ""EFNA1"", ""CYP1B1"", ""SEMA5A"")"
"46","GOBP_INTEGRIN_MEDIATED_SIGNALING_PATHWAY","0.00168147006358636","0.0161309301194429","0.45505986738723","-0.533935735157416","-1.75611968286517","32","c(""CD63"", ""TIMP1"", ""DST"", ""FN1"", ""COL3A1"", ""THY1"", ""ADAMTS1"", ""PTK2"", ""FERMT2"", ""NID1"", ""ITGB5"", ""ITGAV"", ""PLPP3"", ""FBLN1"", ""PTN"", ""ITGBL1"", ""ADAM15"", ""ITGA1"", ""ITGA11"", ""LAMA5"", ""ITGA5"")"
"47","GOBP_PLATELET_AGGREGATION","0.00211288085979905","0.0187840261804086","0.431707695803346","-0.604819168347464","-1.75600065356584","21","c(""MYL9"", ""CD9"", ""VCL"", ""EMILIN1"", ""C1QTNF1"", ""CSRP1"", ""HSPB1"", ""PDGFRA"", ""PRKG1"", ""PDPN"")"
"48","GOBP_CELL_MOTILITY","1.42278782897873e-07","7.97855636404229e-06","0.690132458796796","-0.367549095764344","-1.74941569907639","391","c(""CD63"", ""SPARC"", ""TPM1"", ""TIMP1"", ""CAV1"", ""SERPINF1"", ""DST"", ""NR2F2"", ""FN1"", ""COL3A1"", ""MCAM"", ""PDLIM1"", ""PDGFRB"", ""GPNMB"", ""PALLD"", ""THY1"", ""CD9"", ""MAP1B"", ""LGMN"", ""EPS8"", ""SDC2"", ""COL1A1"", ""HES1"", ""ADAMTS1"", ""MYLK"", ""LAMA4"", ""FSTL1"", ""ACTA2"", ""PTK2"", ""CLIC4"", ""CDH11"", ""APOE"", ""FERMT2"", ""ENG"", ""FCER1G"", ""SMOC2"", ""BST2"", ""NRP2"", ""MMP2"", ""COL5A1"", ""PGF"", ""PLAU"", ""RARRES2"", ""RND3"", ""MDK"", ""FAP"", ""JAG1"", ""DCN"", ""DLC1"", ""ENAH"", ""VCL"", ""SULF1"", ""CD74"", ""EMILIN1"", ""KLF4"", ""ITGB5"", ""PECAM1"", ""HYAL2"", 
""CTSH"", ""PTP4A3"", ""POSTN"", ""ITGAV"", ""ANGPT2"", ""GJA1"", ""AKAP12"", ""PLPP3"", ""ABL2"", ""DPYSL3"", ""MTUS1"", ""TJP1"", ""PLTP"", ""SLIT3"", ""RRAS"", ""HSPB1"", ""PLAT"", ""EDNRA"", ""CXCL12"", ""PDGFA"", ""ADAMTS9"", ""CLEC14A"", ""LOXL2"", ""ECM1"", ""THBS1"", ""SNAI2"", ""FBLN1"", ""PTPRG"", ""PARVA"", ""VCAM1"", ""PDGFRA"", ""TNFAIP6"", ""PLVAP"", ""PRKG1"", ""SPHK1"", ""EDNRB"", ""RHOJ"", ""CD248"", ""SWAP70"", ""ADGRA2"", ""SFRP2"", ""AQP1"", ""INSR"", ""PDPN"", ""CD34"", ""SLAMF8"", ""ENPEP"", ""PODXL"", ""PTN"", ""LRRC15"", ""PODN"", ""ITGBL1"", ""TWIST1"", ""PTK7"", ""PTPRB"", ""CSF1R"", 
""CCL2"", ""HEXB"", ""ID1"", ""FOXC2"", ""CDH13"", ""HSD3B7"", ""HMOX1"", ""TREM2"", ""IGFBP5"", ""ADAM15"", ""ITGA1"", ""PTPRM"", ""VEGFC"", ""SERPINE1"", ""SOX18"", ""LOX"", ""FGF7"", ""PRCP"", ""C5AR1"", ""CSPG4"", ""CDH5"", ""CD40"", ""CXCL16"", ""FOXC1"", ""F3"", ""MMRN2"", ""CYGB"", ""EFNA1"", ""ITGA11"", ""LAMA5"", ""HBEGF"", ""CYP1B1"", ""KITLG"", ""GPC4"", ""DCLK1"", ""ITGA5"", ""SEMA5A"", ""NTRK2"", ""NBL1"")"
"49","GOBP_MUSCLE_ORGAN_MORPHOGENESIS","0.00260995540747704","0.0213579283537328","0.431707695803346","-0.590380120463628","-1.74648881319773","22","c(""TPM1"", ""COL3A1"", ""MYLK"", ""ENG"", ""EFEMP2"", ""FKBP1A"", ""EDNRA"", ""COL11A1"", ""WNT2"", ""FOXC2"", ""HEG1"", ""FOXC1"")"
"50","GOBP_REGULATION_OF_ANATOMICAL_STRUCTURE_MORPHOGENESIS","2.37859912981584e-05","0.000630545005685726","0.575610261071129","-0.395142181519926","-1.74545488017534","198","c(""SPARC"", ""TPM1"", ""SERPINF1"", ""COL4A2"", ""FN1"", ""GPNMB"", ""THY1"", ""MAP1B"", ""EPS8"", ""SDC2"", ""HES1"", ""ADAMTS1"", ""PTK2"", ""FERMT2"", ""ENG"", ""SMOC2"", ""CTHRC1"", ""PGF"", ""MDK"", ""JAG1"", ""DCN"", ""DLC1"", ""CYBB"", ""SULF1"", ""EMILIN1"", ""KLF4"", ""THBS2"", ""HSPG2"", ""CTSH"", ""ANGPT2"", ""GJA1"", ""TJP1"", ""TNFSF13B"", ""RRAS"", ""ANGPTL4"", ""HSPB1"", ""CXCL12"", ""PALMD"", ""PDGFA"", ""RAMP2"", ""ADAMTS9"", ""ECM1"", ""THBS1"", ""SNAI2"", ""PARVA"", ""MSX1"", ""SPHK1"", ""RHOJ"", ""ADGRA2"", ""SFRP2"", ""CREB3L1"", ""EPB41L3"", ""AQP1"", ""ADM"", ""PDPN"", ""CD34"", ""TWIST1"", 
""PTK7"", ""CSF1R"", ""CCL2"", ""WNT2"", ""HEXB"", ""FOXC2"", ""HMOX1"", ""C3"", ""RHOQ"", ""PTPRM"", ""VEGFC"", ""SERPINE1"", ""FGF7"", ""C5AR1"", ""CDH5"", ""CD40"", ""FOXC1"", ""F3"", ""SPRY1"", ""MMRN2"", ""EFNA1"", ""CYP1B1"", ""ITGA5"", ""SEMA5A"", ""NTRK2"", ""GPR4"", ""TACSTD2"", ""STAB1"", ""APLNR"", ""SEMA3C"", ""SPP1"", ""ALOX5"", ""SEMA3F"", ""FLT1"", ""GREM1"", ""CHN1"", ""DACT1"", ""TIE1"", ""MYH10"", ""HECW2"", ""HGF"", ""CLDN5"", ""JUP"", ""KDR"")"
"51","GOBP_COMPLEMENT_ACTIVATION_CLASSICAL_PATHWAY","0.00301451763559839","0.023254850331759","0.431707695803346","-0.638357432681314","-1.74308539772975","16","c(""C1R"", ""C1S"", ""C1QC"", ""C1QA"", ""C1QB"", ""C3"", ""TREM2"")"
"52","GOBP_REGULATION_OF_PLATELET_ACTIVATION","0.00219911959074859","0.0190852164482824","0.431707695803346","-0.622137813532294","-1.74249331251605","18","c(""CD9"", ""APOE"", ""FCER1G"", ""EMILIN1"", ""C1QTNF1"", ""PDGFA"", ""THBD"", ""PDGFRA"", ""PRKG1"", ""PDPN"")"
"53","GOBP_CIRCULATORY_SYSTEM_PROCESS","0.000196611361987093","0.0032370643962217","0.518848077743792","-0.419597093542822","-1.74219198901643","118","c(""GSN"", ""TPM1"", ""CAV1"", ""COL1A2"", ""NR2F2"", ""SOD3"", ""CTSZ"", ""EPAS1"", ""ACTA2"", ""APOE"", ""FERMT2"", ""MMP2"", ""KCNE4"", ""EMILIN1"", ""PTP4A3"", ""POSTN"", ""GJA1"", ""AKAP12"", ""WWTR1"", ""TJP1"", ""EDNRA"", ""CXCL12"", ""RAMP2"", ""KCNJ8"", ""PLVAP"", ""PRKG1"", ""EDNRB"", ""GJC1"", ""INSR"", ""ADM"", ""ABCC9"", ""RAMP3"", ""ENPEP"", ""OLR1"", ""FOXC2"", ""PLN"", ""HEG1"", ""ITGA1"", ""VEGFC"", ""ANK2"", ""PRCP"", ""CDH5"", ""FOXC1"", ""HBEGF"", ""CD36"", ""GPR4"", ""SOD2"", ""ECE1"", ""ELN"", ""KCNMA1"", ""AVPR1A"", ""SLC29A1"", ""SLCO2B1"", ""RGS4"", ""PTAFR"", ""SUCNR1"", ""ANGPT1"", 
""PDGFB"", ""NOX4"", ""SLCO3A1"", ""CLDN5"", ""JUP"", ""FABP5"", ""CACNA1C"", ""SLC7A8"", ""DLL4"", ""KCNE3"", ""PCSK5"", ""CACNA1H"", ""ADRA2A"", ""PTGS2"", ""C3AR1"")"
"54","GOBP_PROTEIN_PROCESSING","0.00343023201375149","0.0253871993708105","0.431707695803346","-0.513484634408459","-1.73257067825938","38","c(""GSN"", ""C1R"", ""CTSZ"", ""LGMN"", ""CPE"", ""AEBP1"", ""CTSL"", ""PLAU"", ""CTSS"", ""CTSH"", ""PLAT"", ""THBS1"", ""THBD"", ""PLAUR"", ""ENPEP"", ""GAS1"", ""SERPINE1"", ""F3"", ""BACE2"", ""ECE1"", ""ADAMTS2"", ""PLA2G7"")"
"55","GOBP_SENSORY_ORGAN_MORPHOGENESIS","0.00155621769149601","0.0156480372013875","0.45505986738723","-0.505184800603836","-1.73189807819414","41","c(""COL5A2"", ""PRRX1"", ""THY1"", ""FBN1"", ""CTHRC1"", ""COL5A1"", ""JAG1"", ""FRZB"", ""EDNRA"", ""MSX1"", ""AQP1"", ""COL11A1"", ""MFAP5"", ""COL8A1"", ""TWIST1"", ""PTK7"", ""WNT2"", ""PTPRM"", ""TBX3"", ""MFAP2"", ""NTRK2"")"
"56","GOBP_VENTRICULAR_CARDIAC_MUSCLE_TISSUE_DEVELOPMENT","0.00262213249335952","0.0213579283537328","0.431707695803346","-0.62675481809217","-1.73128498064479","17","c(""TPM1"", ""ENG"", ""FKBP1A"", ""EDNRA"", ""ADAMTS9"", ""KCNJ8"", ""COL11A1"", ""FOXC2"", ""HEG1"", ""FOXC1"", ""TBX3"")"
"57","GOBP_REGULATION_OF_VASCULATURE_DEVELOPMENT","0.00055912908278759","0.00734423606039915","0.477270815362862","-0.428984040663063","-1.72607339529602","95","c(""SPARC"", ""SERPINF1"", ""COL4A2"", ""GPNMB"", ""ADAMTS1"", ""ENG"", ""SMOC2"", ""PGF"", ""MDK"", ""DCN"", ""CYBB"", ""SULF1"", ""EMILIN1"", ""KLF4"", ""THBS2"", ""HSPG2"", ""CTSH"", ""ANGPT2"", ""TJP1"", ""RRAS"", ""ANGPTL4"", ""HSPB1"", ""RAMP2"", ""ADAMTS9"", ""ECM1"", ""THBS1"", ""SPHK1"", ""RHOJ"", ""ADGRA2"", ""SFRP2"", ""CREB3L1"", ""AQP1"", ""ADM"", ""CD34"", ""TWIST1"", ""FOXC2"", ""HMOX1"", ""C3"", ""PTPRM"", ""VEGFC"", ""SERPINE1"", ""C5AR1"", ""CDH5"", ""CD40"", ""FOXC1"", ""F3"", ""EFNA1"", ""CYP1B1"", ""ITGA5"", ""SEMA5A"", ""GPR4"", ""STAB1"", ""APLNR"", ""ALOX5"", ""FLT1"", ""GREM1"", ""TIE1"", 
""CLDN5"", ""JUP"", ""KDR"")"
"58","GOBP_CELLULAR_RESPONSE_TO_ACID_CHEMICAL","0.0027940739489648","0.0217848118587737","0.431707695803346","-0.624189542068334","-1.72419891808401","17","c(""COL1A2"", ""COL5A2"", ""COL6A1"", ""COL3A1"", ""COL4A1"", ""COL1A1"", ""MMP2"", ""CYBB"")"
"59","GOBP_AORTA_DEVELOPMENT","0.00358314024499216","0.0262523541567768","0.431707695803346","-0.579520400859422","-1.71436310613917","22","c(""COL3A1"", ""PDGFRB"", ""HES1"", ""MYLK"", ""ENG"", ""EFEMP2"", ""JAG1"", ""FKBP10"", ""EDNRA"", ""ADAMTS9"", ""LOXL1"", ""LOX"", ""HEY1"", ""APLNR"")"
"60","GOBP_MORPHOGENESIS_OF_A_BRANCHING_STRUCTURE","0.00137047478287564","0.0145181453615252","0.45505986738723","-0.465117234904298","-1.71086661126876","60","c(""COL4A1"", ""CTSZ"", ""CLIC4"", ""ENG"", ""MDK"", ""SULF1"", ""CTSH"", ""EDNRA"", ""PDGFA"", ""SNAI2"", ""PBX1"", ""SFRP2"", ""ADM"", ""TGM2"", ""WNT2"", ""FOXC2"", ""NOTCH4"", ""FGF7"", ""SPRY1"", ""TBX3"", ""LAMA5"", ""TNC"", ""TACSTD2"", ""SEMA3C"", ""MYC"", ""MET"", ""GREM1"", ""TIE1"", ""HGF"", ""KDR"", ""RASIP1"", ""DLL4"", ""WNT6"", ""EPHA2"", ""RSPO3"", ""FGF1"", ""GPC3"", ""DCHS1"", ""EDN1"", ""ST14"", ""SFRP1"", ""MAP3K13"", ""BMP4"", ""SPINT2"", ""COL13A1"", ""FGF2"")"
"61","GOBP_RENAL_SYSTEM_PROCESS","0.0064948466840973","0.0408616027727811","0.407017918923954","-0.532233646962686","-1.70882736161307","29","c(""GSN"", ""MCAM"", ""LGMN"", ""ADGRF5"", ""SULF1"", ""HYAL2"", ""EDNRA"", ""EDNRB"", ""AQP1"", ""SULF2"", ""ADM"", ""CD34"")"
"62","GOBP_REGULATION_OF_LOCOMOTION","1.08407659566462e-05","0.000322568097240616","0.593325476396405","-0.371720265398062","-1.70869024566184","265","c(""SPARC"", ""TPM1"", ""TIMP1"", ""CAV1"", ""SERPINF1"", ""NR2F2"", ""FN1"", ""COL3A1"", ""MCAM"", ""PDGFRB"", ""GPNMB"", ""THY1"", ""CD9"", ""LGMN"", ""COL1A1"", ""ADAMTS1"", ""MYLK"", ""LAMA4"", ""ACTA2"", ""PTK2"", ""CLIC4"", ""CDH11"", ""APOE"", ""FERMT2"", ""ENG"", ""SMOC2"", ""BST2"", ""NRP2"", ""MMP2"", ""PGF"", ""PLAU"", ""RARRES2"", ""MDK"", ""JAG1"", ""DCN"", ""DLC1"", ""VCL"", ""SULF1"", ""CD74"", ""EMILIN1"", ""KLF4"", ""PECAM1"", ""HYAL2"", ""CTSH"", ""POSTN"", ""ITGAV"", ""ANGPT2"", ""GJA1"", ""AKAP12"", ""PLPP3"", ""ABL2"", ""DPYSL3"", ""MTUS1"", ""TJP1"", ""RRAS"", ""HSPB1"", ""CXCL12"", ""PDGFA"", 
""ADAMTS9"", ""ECM1"", ""THBS1"", ""SNAI2"", ""FBLN1"", ""PTPRG"", ""PDGFRA"", ""TNFAIP6"", ""PLVAP"", ""PRKG1"", ""SPHK1"", ""RHOJ"", ""SWAP70"", ""ADGRA2"", ""SFRP2"", ""AQP1"", ""INSR"", ""PDPN"", ""SLAMF8"", ""PODXL"", ""PTN"", ""LRRC15"", ""PODN"", ""TWIST1"", ""CSF1R"", ""CCL2"", ""FOXC2"", ""CDH13"", ""HMOX1"", ""TREM2"", ""IGFBP5"", ""ADAM15"", ""PTPRM"", ""VEGFC"", ""SERPINE1"", ""FGF7"", ""PRCP"", ""C5AR1"", ""CDH5"", ""CD40"", ""CXCL16"", ""F3"", ""MMRN2"", ""CYGB"", ""EFNA1"", ""LAMA5"", ""HBEGF"", ""CYP1B1"", ""KITLG"", ""ITGA5"", ""SEMA5A"", ""NBL1"", ""SOD2"", ""PHLDA2"", ""CLEC7A"", ""TNC"", 
""TACSTD2"", ""MEOX2"", ""PLA2G7"", ""PHACTR1"", ""SEMA3C"", ""ACKR3"", ""SEMA3F"", ""MET"", ""FLT1"", ""GREM1"", ""PTAFR"", ""TIE1"", ""SUCNR1"", ""TNXB"", ""ANGPT1"", ""PDGFB"", ""TWIST2"", ""HGF"", ""CLDN5"", ""JUP"", ""KDR"")"
"63","GOBP_SPROUTING_ANGIOGENESIS","0.00210152464029267","0.0187840261804086","0.431707695803346","-0.491911987878185","-1.70173593289327","44","c(""ENG"", ""PGF"", ""KLF4"", ""TJP1"", ""RAMP2"", ""ADAMTS9"", ""CLEC14A"", ""LOXL2"", ""THBS1"", ""PARVA"", ""RHOJ"", ""ADGRA2"", ""CREB3L1"", ""FOXC2"", ""CDH13"", ""HMOX1"", ""VEGFC"", ""MMRN2"", ""ITGA5"", ""SEMA5A"", ""MEOX2"", ""APLNR"", ""ALOX5"", ""GREM1"", ""ANGPT1"", ""KDR"", ""DLL4"", ""PTGS2"", ""EPHA2"", ""RSPO3"", ""EFNB2"", ""FGF1"")"
"64","GOBP_REGULATION_OF_CELLULAR_RESPONSE_TO_GROWTH_FACTOR_STIMULUS","0.00158129737894717","0.0157913121815409","0.45505986738723","-0.439981325027827","-1.69884577620921","75","c(""CD63"", ""FBN1"", ""HES1"", ""FSTL1"", ""HTRA1"", ""ENG"", ""SMOC2"", ""DKK3"", ""DCN"", ""SULF1"", ""EMILIN1"", ""PTP4A3"", ""FKBP1A"", ""NREP"", ""THBS1"", ""LTBP1"", ""VASN"", ""TNFAIP6"", ""MSX1"", ""ADGRA2"", ""SFRP2"", ""CREB3L1"", ""SULF2"", ""ASPN"", ""TGFB3"", ""CRIM1"", ""VEGFC"", ""LOX"", ""SPRY4"", ""CDH5"", ""HTRA3"", ""SPRY1"", ""MMRN2"", ""ITGA5"", ""NBL1"")"
"65","GOBP_CELLULAR_COMPONENT_ASSEMBLY_INVOLVED_IN_MORPHOGENESIS","0.00477227806002536","0.033291777088598","0.407017918923954","-0.555476263210938","-1.69777532936414","25","c(""TPM1"", ""MYL9"", ""PDGFRB"", ""CD9"", ""CSRP2"", ""CSRP1"", ""PDGFRA"", ""EPB41L3"", ""LMOD1"", ""PLN"", ""ANK2"", ""MYH11"")"
"66","GOBP_TISSUE_MORPHOGENESIS","0.000232253638912098","0.00364113769391225","0.518848077743792","-0.398819442299918","-1.69056357202339","143","c(""TPM1"", ""COL3A1"", ""COL4A1"", ""CTSZ"", ""HES1"", ""MYLK"", ""ACTA2"", ""CLIC4"", ""FERMT2"", ""ENG"", ""NRP2"", ""MMP2"", ""CTHRC1"", ""COL5A1"", ""EFEMP2"", ""MDK"", ""JAG1"", ""DLC1"", ""VCL"", ""SULF1"", ""KLF4"", ""CTSH"", ""FRZB"", ""GJA1"", ""ID4"", ""FKBP1A"", ""EDNRA"", ""PDGFA"", ""SNAI2"", ""MSX1"", ""PBX1"", ""SFRP2"", ""COL11A1"", ""ADM"", ""TGM2"", ""PDPN"", ""TGFB3"", ""PODXL"", ""TWIST1"", ""PTK7"", ""CSF1R"", ""WNT2"", ""FOXC2"", ""HEG1"", ""IGFBP5"", ""VEGFC"", ""SOX18"", ""NOTCH4"", ""FGF7"", ""FOXC1"", ""SPRY1"", ""MMRN2"", ""TBX3"", ""LAMA5"", ""HBEGF"", ""ITGA5"", ""INHBA"", ""TEAD2"", 
""TNC"", ""FST"", ""TACSTD2"", ""HEY1"", ""APLNR"", ""SEMA3C"", ""HEYL"", ""MYC"", ""MET"", ""ADAMTS5"", ""GREM1"", ""DACT1"", ""TIE1"")"
"67","GOBP_NEURON_PROJECTION_REGENERATION","0.00496672925525621","0.0341579776139791","0.407017918923954","-0.633460084805804","-1.69023053283846","15","c(""PRRX1"", ""THY1"", ""MAP1B"", ""MMP2"", ""KLF4"", ""NREP"", ""ADM"", ""PTN"", ""TNC"", ""SPP1"")"
"68","GOBP_MUSCLE_CELL_DEVELOPMENT","0.00259861835774587","0.0213579283537328","0.431707695803346","-0.48380424917268","-1.68950111173907","46","c(""TPM1"", ""MYL9"", ""PDGFRB"", ""HES1"", ""CSRP2"", ""ENG"", ""EFEMP2"", ""CSRP1"", ""EDNRA"", ""RAMP2"", ""FHL2"", ""PDGFRA"", ""PRKG1"", ""ADM"", ""LMOD1"", ""RCAN1"", ""LOX"", ""ANK2"", ""MYH11"", ""TBX3"")"
"69","GOBP_CARDIAC_VENTRICLE_DEVELOPMENT","0.00559384207085952","0.0377584339783018","0.407017918923954","-0.507485111417437","-1.6879793378153","34","c(""TPM1"", ""HES1"", ""CPE"", ""ENG"", ""JAG1"", ""SLIT3"", ""FKBP1A"", ""EDNRA"", ""SFRP2"", ""COL11A1"", ""PTK7"", ""FOXC2"", ""HEG1"", ""FOXC1"", ""TBX3"", ""HEY1"", ""APLNR"", ""SEMA3C"", ""HEYL"")"
"70","GOBP_POSITIVE_REGULATION_OF_PEPTIDASE_ACTIVITY","0.00852797094789392","0.0474571818398066","0.380730400722792","-0.525352472713568","-1.68673417208245","29","c(""GSN"", ""UACA"", ""LGMN"", ""CTSL"", ""CTSD"", ""DLC1"", ""CTSK"", ""CTSS"", ""RCN3"", ""CTSH"")"
"71","GOBP_PLATELET_ACTIVATION","0.00678224133814336","0.0408616027727811","0.407017918923954","-0.4988989737625","-1.68335657083561","38","c(""MYL9"", ""COL3A1"", ""CD9"", ""APOE"", ""FCER1G"", ""VCL"", ""EMILIN1"", ""C1QTNF1"", ""CSRP1"", ""HSPB1"", ""PDGFA"", ""THBD"", ""PDGFRA"", ""PRKG1"", ""PDPN"", ""CD40"", ""VWF"", ""PDGFB"", ""PLEK"", ""SAA1"", ""ADRA2A"", ""F2RL3"", ""IL6"", ""COMP"", ""SELP"", ""PEAR1"", ""F2R"")"
"72","GOBP_POSITIVE_REGULATION_OF_VASCULATURE_DEVELOPMENT","0.00239816476692068","0.0204475101179553","0.431707695803346","-0.45329907322324","-1.67878154286911","62","c(""ENG"", ""SMOC2"", ""PGF"", ""MDK"", ""CYBB"", ""EMILIN1"", ""KLF4"", ""CTSH"", ""ANGPT2"", ""TJP1"", ""RRAS"", ""ANGPTL4"", ""HSPB1"", ""RAMP2"", ""ECM1"", ""THBS1"", ""SPHK1"", ""SFRP2"", ""AQP1"", ""ADM"", ""CD34"", ""TWIST1"", ""FOXC2"", ""HMOX1"", ""C3"", ""VEGFC"", ""SERPINE1"", ""C5AR1"", ""CDH5"", ""CD40"", ""F3"", ""CYP1B1"", ""ITGA5"", ""SEMA5A"", ""APLNR"", ""FLT1"", ""GREM1"", ""TIE1"", ""JUP"", ""KDR"")"
"73","GOBP_ENZYME_LINKED_RECEPTOR_PROTEIN_SIGNALING_PATHWAY","3.32424120950088e-05","0.000835645462664187","0.557332238758646","-0.379600488693105","-1.67874316741185","195","c(""CD63"", ""IGFBP4"", ""COL4A2"", ""COL1A2"", ""COL3A1"", ""COL4A1"", ""PDGFRB"", ""FBN1"", ""LGMN"", ""COL1A1"", ""HES1"", ""FSTL1"", ""HTRA1"", ""PTK2"", ""FERMT2"", ""ENG"", ""SMOC2"", ""DKK3"", ""NRP2"", ""MMP2"", ""CTSD"", ""PGF"", ""RARRES2"", ""RBPMS"", ""DCN"", ""SULF1"", ""EMILIN1"", ""ITGB5"", ""PTP4A3"", ""ANGPT2"", ""PDK4"", ""WWTR1"", ""HSPB1"", ""FKBP1A"", ""PLAT"", ""NREP"", ""PDGFA"", ""CLEC14A"", ""THBS1"", ""LTBP1"", ""LTBP2"", ""PTPRG"", ""PLAUR"", ""VASN"", ""PDGFRA"", ""TNFAIP6"", ""MSX1"", ""ADGRA2"", ""SFRP2"", ""CREB3L1"", ""INSR"", ""SULF2"", ""ASPN"", ""TGFB3"", ""PTN"", ""CRIM1"", 
""CSF1R"", ""ID1"", ""FOXC2"", ""PDGFRL"", ""CDH13"", ""RHOQ"", ""IGFBP5"", ""ITGA1"", ""VEGFC"", ""LOX"", ""FGF7"", ""SPRY4"", ""CSPG4"", ""CDH5"", ""HTRA3"", ""FOXC1"", ""F3"", ""TRIO"", ""SPRY1"", ""MMRN2"", ""EFNA1"", ""HBEGF"", ""ITGA5"", ""NTRK2"", ""NBL1"", ""INHBA"", ""IGFBP2"", ""FST"", ""IGFBP6"", ""GPRC5A"", ""EFEMP1"", ""MET"", ""FLT1"", ""GREM1"", ""CHN1"", ""DACT1"", ""TIE1"", ""TNXB"", ""ANGPT1"", ""PDGFB"", ""HGF"", ""CLDN5"")"
"74","GOBP_SUPRAMOLECULAR_FIBER_ORGANIZATION","0.000102723282109322","0.00202392628804583","0.538434096309916","-0.388133335398655","-1.67677827879372","160","c(""CALD1"", ""GSN"", ""TPM1"", ""CNN3"", ""TPM2"", ""COL18A1"", ""MYL9"", ""COL1A2"", ""COL5A2"", ""COL3A1"", ""PDLIM1"", ""PDGFRB"", ""MAP1B"", ""EPS8"", ""COL1A1"", ""AEBP1"", ""CSRP2"", ""APOE"", ""FERMT2"", ""COL12A1"", ""LUM"", ""MYO1B"", ""COL14A1"", ""COL5A1"", ""EFEMP2"", ""RND3"", ""DLC1"", ""ENAH"", ""EMILIN1"", ""TPPP3"", ""ITGB5"", ""DPYSL3"", ""TJP1"", ""CSRP1"", ""FKBP10"", ""FKBP1A"", ""CXCL12"", ""SYNPO2"", ""LOXL2"", ""CRYAB"", ""LTBP2"", ""PDGFRA"", ""TNFAIP6"", ""RHOJ"", ""SWAP70"", ""SFRP2"", ""PXDN"", ""SYNPO"", ""LOXL1"", ""COL11A1"", ""MFAP5"", ""TGFB3"", ""LMOD1"", ""FOXC2"", ""MMP11"", 
""TREM2"", ""RHOQ"", ""LOX"", ""PAWR"", ""SORBS3"", ""MYH11"", ""CDH5"", ""FOXC1"", ""CYP1B1"", ""COL5A3"", ""CD36"", ""SEMA5A"", ""ELN"", ""ADAMTS2"", ""TACSTD2"", ""PHACTR1"", ""DPT"", ""NOSTRIN"", ""CLU"", ""MET"", ""GREM1"", ""RGS4"", ""ARHGAP6"", ""CNN1"", ""TNXB"")"
"75","GOBP_REGULATION_OF_CELL_SUBSTRATE_ADHESION","0.00276424565659292","0.0217848118587737","0.431707695803346","-0.447940675565169","-1.67109830233176","64","c(""FN1"", ""THY1"", ""COL1A1"", ""PTK2"", ""FERMT2"", ""NID1"", ""EFEMP2"", ""PLAU"", ""CCDC80"", ""MDK"", ""JAG1"", ""DLC1"", ""VCL"", ""EMILIN1"", ""FBLN2"", ""POSTN"", ""ANGPT2"", ""RRAS"", ""THBS1"", ""FBLN1"", ""ECM2"", ""PDPN"", ""COL8A1"", ""CDH13"", ""ADAM15"", ""SERPINE1"", ""GBP1"", ""SPRY4"", ""EGFLAM"", ""CD36"", ""ITGA5"", ""EGFL6"", ""ABI3BP"", ""TACSTD2"", ""GREM1"", ""ARHGAP6"", ""SPOCK1"", ""PDGFB"", ""JUP"", ""KDR"")"
"76","GOBP_RECEPTOR_MEDIATED_ENDOCYTOSIS","0.00254488031194315","0.0212024885417892","0.431707695803346","-0.458385483404452","-1.67002242191251","58","c(""CD63"", ""CAV1"", ""CD9"", ""CTSL"", ""APOE"", ""FCER1G"", ""SCARB2"", ""MSR1"", ""FCGR1A"", ""HSPG2"", ""ITGAV"", ""CD14"", ""APOC1"", ""RAMP2"", ""CALCRL"", ""INSR"", ""ADM"", ""RAMP3"", ""LILRB4"", ""C3"", ""SERPINE1"", ""CXCL16"", ""CD36"", ""SGIP1"", ""SDC1"", ""STAB1"", ""MRC1"", ""ACKR3"", ""CLU"", ""FCGR2B"", ""MARCO"", ""GREM1"", ""ANGPT1"", ""RAMP1"")"
"77","GOBP_RETINA_DEVELOPMENT_IN_CAMERA_TYPE_EYE","0.00632886111620565","0.0402946703381128","0.407017918923954","-0.575028347092409","-1.66950752581483","21","c(""SERPINF1"", ""COL4A1"", ""PDGFRB"", ""THY1"", ""HES1"", ""CLIC4"", ""NFIB"", ""PDGFRA"", ""RHOJ"", ""PTPRM"", ""CYP1B1"", ""NTRK2"")"
"78","GOBP_REGULATION_OF_PEPTIDASE_ACTIVITY","0.002755757068869","0.0217848118587737","0.431707695803346","-0.464116694582433","-1.66939845952979","55","c(""GSN"", ""TIMP1"", ""CAV1"", ""SERPINF1"", ""TIMP3"", ""UACA"", ""LGMN"", ""CTSL"", ""CTSD"", ""DLC1"", ""KLF4"", ""CTSK"", ""CTSS"", ""RCN3"", ""CTSH"", ""CSTB"", ""ECM1"", ""THBS1"", ""SERPINA1"", ""PLAUR"")"
"79","GOBP_FIBROBLAST_PROLIFERATION","0.00827686231842936","0.0462362653650192","0.380730400722792","-0.503494116033269","-1.6665708294648","33","c(""CAV1"", ""NUPR1"", ""FN1"", ""COL3A1"", ""CD74"", ""PDGFA"", ""KCNJ8"", ""PDGFRA"", ""SPHK1"", ""CD248"", ""AQP1"", ""ABCC9"", ""WNT2"", ""PAWR"", ""IFI30"", ""SOD2"")"
"80","GOBP_COLLAGEN_CATABOLIC_PROCESS","0.00610614193394253","0.0399226678909785","0.407017918923954","-0.580732626856432","-1.66571191707168","20","c(""CTSB"", ""CTSL"", ""MMP2"", ""FAP"", ""CTSK"", ""CTSS"", ""MMP11"", ""MMP19"", ""ADAM15"", ""ADAMTS2"")"
"81","GOBP_HOMOTYPIC_CELL_CELL_ADHESION","0.00671996712281414","0.0408616027727811","0.407017918923954","-0.544438305301059","-1.66403856351635","25","c(""MYL9"", ""CD9"", ""VCL"", ""EMILIN1"", ""PLPP3"", ""C1QTNF1"", ""CSRP1"", ""HSPB1"", ""PLAUR"", ""PDGFRA"", ""PRKG1"", ""PDPN"")"
"82","GOBP_MESENCHYME_DEVELOPMENT","0.00182968681612624","0.017389541427049","0.45505986738723","-0.424321824777882","-1.66293708571702","83","c(""FN1"", ""COL1A1"", ""HES1"", ""ACTA2"", ""PTK2"", ""FERMT2"", ""ENG"", ""NRP2"", ""MDK"", ""JAG1"", ""FRZB"", ""WWTR1"", ""EDNRA"", ""LOXL2"", ""SNAI2"", ""VASN"", ""MSX1"", ""EDNRB"", ""SFRP2"", ""PDPN"", ""TGFB3"", ""TWIST1"", ""PTK7"", ""WNT2"", ""FOXC2"", ""ADAM15"", ""NOTCH4"", ""FOXC1"", ""SPRY1"", ""EFNA1"", ""TBX3"", ""LAMA5"", ""KITLG"", ""SEMA5A"", ""TEAD2"", ""HEY1"", ""APLNR"", ""SEMA3C"", ""HEYL"", ""SEMA3F"", ""MYC"", ""ADAMTS5"", ""GREM1"", ""TNXB"", ""HGF"", ""BASP1"")"
"83","GOBP_TISSUE_MIGRATION","0.00216557237453048","0.0190205091690689","0.431707695803346","-0.410405055790798","-1.65361926966142","99","c(""SPARC"", ""SERPINF1"", ""NR2F2"", ""LGMN"", ""FSTL1"", ""ACTA2"", ""PTK2"", ""APOE"", ""SMOC2"", ""NRP2"", ""FAP"", ""DCN"", ""KLF4"", ""CTSH"", ""PTP4A3"", ""ANGPT2"", ""PLPP3"", ""RRAS"", ""HSPB1"", ""ADAMTS9"", ""CLEC14A"", ""LOXL2"", ""THBS1"", ""SNAI2"", ""PTPRG"", ""RHOJ"", ""ADGRA2"", ""PTN"", ""ID1"", ""FOXC2"", ""CDH13"", ""HMOX1"", ""PTPRM"", ""VEGFC"", ""SOX18"", ""FGF7"", ""PRCP"", ""CDH5"", ""CD40"", ""MMRN2"", ""EFNA1"", ""HBEGF"", ""CYP1B1"", ""KITLG"", ""SEMA5A"")"
"84","GOBP_EPITHELIAL_CELL_DIFFERENTIATION_INVOLVED_IN_KIDNEY_DEVELOPMENT","0.00652041746773001","0.0408616027727811","0.407017918923954","-0.618331556084157","-1.64986382027741","15","c(""ACTA2"", ""JAG1"", ""WWTR1"", ""EDNRA"", ""EDNRB"", ""CD34"", ""PODXL"", ""FOXC2"", ""GPR4"", ""GREM1"", ""PDGFB"", ""BASP1"")"
"85","GOBP_OVULATION_CYCLE","0.00773440240582764","0.0444110990501349","0.407017918923954","-0.574375305983214","-1.64747725166896","20","c(""SERPINF1"", ""A2M"", ""ADAMTS1"", ""MMP2"", ""MDK"", ""SLIT3"", ""PDGFRA"", ""TNFAIP6"", ""TGFB3"", ""PTN"", ""CYP1B1"", ""INHBA"")"
"86","GOBP_CELL_MATRIX_ADHESION","0.00219802881054243","0.0190852164482824","0.431707695803346","-0.429171728787491","-1.64493453276956","73","c(""CD63"", ""FN1"", ""COL3A1"", ""THY1"", ""PTK2"", ""CDH11"", ""FERMT2"", ""NID1"", ""EFEMP2"", ""PLAU"", ""JAG1"", ""DLC1"", ""VCL"", ""EMILIN1"", ""ITGB5"", ""POSTN"", ""ITGAV"", ""RRAS"", ""ADAMTS9"", ""THBS1"", ""ECM2"", ""VCAM1"", ""NID2"", ""BCAM"", ""CD34"", ""ITGBL1"", ""CDH13"", ""ADAM15"", ""ITGA1"", ""SERPINE1"", ""ITGA11"", ""COL5A3"", ""CD36"", ""ITGA5"")"
"87","GOBP_RESPONSE_TO_ACID_CHEMICAL","0.00685599606398034","0.041135976383882","0.407017918923954","-0.555979736029528","-1.64472406113142","22","c(""COL18A1"", ""COL1A2"", ""COL5A2"", ""COL6A1"", ""COL3A1"", ""COL4A1"", ""COL1A1"", ""MMP2"", ""CYBB"")"
"88","GOBP_MUSCLE_CONTRACTION","0.00373036334726232","0.027059053533873","0.431707695803346","-0.440337731075899","-1.64273457400387","64","c(""CALD1"", ""GSN"", ""TPM1"", ""TPM2"", ""MYL9"", ""CAV1"", ""MYLK"", ""ACTA2"", ""SULF1"", ""KCNE4"", ""GJA1"", ""EDNRA"", ""KCNJ8"", ""CRYAB"", ""PRKG1"", ""SPHK1"", ""EDNRB"", ""GJC1"", ""SULF2"", ""ABCC9"", ""SSTR2"", ""LMOD1"", ""PLN"", ""ANK2"", ""MYH11"", ""TBX3"")"
"89","GOBP_CELLULAR_COMPONENT_MORPHOGENESIS","0.00066481426025874","0.00842868862136733","0.477270815362862","-0.393735955879752","-1.64266765466767","125","c(""TPM1"", ""MYL9"", ""FN1"", ""PDGFRB"", ""PALLD"", ""THY1"", ""CD9"", ""MAP1B"", ""SDC2"", ""NOTCH3"", ""PTK2"", ""CSRP2"", ""CDH11"", ""APOE"", ""NRP2"", ""NFIB"", ""MDK"", ""ENAH"", ""VCL"", ""POSTN"", ""SLIT3"", ""CSRP1"", ""EDNRA"", ""CXCL12"", ""PDGFRA"", ""PRKG1"", ""EPB41L3"", ""NRN1"", ""NES"", ""APLP2"", ""PDPN"", ""LMOD1"", ""PTN"", ""PTK7"", ""CSF1R"", ""PLN"", ""ANO1"", ""ITGA1"", ""PTPRM"", ""ANK2"", ""MYH11"", ""TRIO"", ""EFNA1"", ""NFASC"", ""DCLK1"", ""SEMA5A"", ""NTRK2"", ""NBL1"", ""ECE1"", ""PHACTR1"", ""SEMA3C"", ""PREX2"", ""SPP1"", ""RAPH1"", ""TLR2"", ""SEMA3F"")"
"90","GOBP_POSITIVE_REGULATION_OF_RESPONSE_TO_WOUNDING","0.00708644437729872","0.0418301048668079","0.407017918923954","-0.554991429831758","-1.64180040964217","22","c(""MYLK"", ""PTK2"", ""FERMT2"", ""SMOC2"", ""PLAU"", ""MDK"", ""EMILIN1"", ""PLAT"", ""THBS1"", ""THBD"", ""PTN"", ""FOXC2"", ""SERPINE1"", ""F3"", ""HBEGF"", ""CD36"", ""CLEC7A"")"
"91","GOBP_METANEPHROS_DEVELOPMENT","0.00615512424474667","0.0400632640573243","0.407017918923954","-0.549261440537901","-1.64027452157577","23","c(""PDGFRB"", ""FBN1"", ""HES1"", ""CTSH"", ""ID3"", ""WWTR1"", ""PDGFA"", ""PDGFRA"", ""AQP1"", ""CD34"", ""FOXC2"", ""SPRY1"", ""MYC"", ""GREM1"", ""PDGFB"", ""BASP1"")"
"92","GOBP_NEGATIVE_REGULATION_OF_CELL_SUBSTRATE_ADHESION","0.00627016997757005","0.0402946703381128","0.407017918923954","-0.549072723072931","-1.6397109494283","23","c(""COL1A1"", ""JAG1"", ""DLC1"", ""POSTN"", ""ANGPT2"", ""THBS1"", ""FBLN1"", ""ADAM15"", ""SERPINE1"", ""GBP1"", ""SPRY4"", ""TACSTD2"", ""ARHGAP6"", ""SPOCK1"")"
"93","GOBP_TRANSFORMING_GROWTH_FACTOR_BETA_RECEPTOR_SIGNALING_PATHWAY","0.00404985613663268","0.0289445600353453","0.407017918923954","-0.469460807180225","-1.63941213208695","46","c(""COL1A2"", ""COL3A1"", ""FBN1"", ""HTRA1"", ""PTK2"", ""FERMT2"", ""ENG"", ""DKK3"", ""EMILIN1"", ""ITGB5"", ""FKBP1A"", ""NREP"", ""THBS1"", ""LTBP1"", ""LTBP2"", ""VASN"", ""ASPN"", ""TGFB3"", ""ID1"", ""LOX"", ""CDH5"", ""HTRA3"", ""SPRY1"")"
"94","GOBP_COLLAGEN_METABOLIC_PROCESS","0.00523141763809491","0.0356420883941232","0.407017918923954","-0.476905060508216","-1.63494815518598","41","c(""CTSB"", ""COL1A2"", ""PCOLCE"", ""COL1A1"", ""CTSL"", ""ENG"", ""MMP2"", ""COL5A1"", ""FAP"", ""EMILIN1"", ""CTSK"", ""CTSS"", ""RCN3"", ""CREB3L1"", ""TGFB3"", ""MMP11"", ""MMP19"", ""ADAM15"", ""CYGB"", ""INHBA"", ""ADAMTS2"")"
"95","GOBP_CELL_DIFFERENTIATION_INVOLVED_IN_KIDNEY_DEVELOPMENT","0.00862441330225143","0.0478113862915688","0.380730400722792","-0.591471393551069","-1.63382156878038","17","c(""HES1"", ""ACTA2"", ""JAG1"", ""WWTR1"", ""EDNRA"", ""EDNRB"", ""CD34"", ""PODXL"", ""FOXC2"", ""GPR4"", ""GREM1"", ""PDGFB"", ""BASP1"")"
"96","GOBP_RESPONSE_TO_GROWTH_FACTOR","0.000305513796003947","0.00449938499569449","0.49849310876659","-0.375428208918999","-1.63283865241121","176","c(""CD63"", ""CAV1"", ""COL4A2"", ""COL1A2"", ""COL3A1"", ""PDGFRB"", ""FBN1"", ""MAP1B"", ""LGMN"", ""COL1A1"", ""HES1"", ""FSTL1"", ""HTRA1"", ""ACTA2"", ""PTK2"", ""FERMT2"", ""ENG"", ""SMOC2"", ""ZFHX3"", ""DKK3"", ""NRP2"", ""PGF"", ""DCN"", ""SULF1"", ""EMILIN1"", ""MXRA5"", ""KLF4"", ""CTSK"", ""ITGB5"", ""HYAL2"", ""PTP4A3"", ""POSTN"", ""ANGPT2"", ""HSPB1"", ""FKBP1A"", ""NREP"", ""RAMP2"", ""THBS1"", ""LTBP1"", ""LTBP2"", ""SNAI2"", ""VCAM1"", ""VASN"", ""PDGFRA"", ""TNFAIP6"", ""MSX1"", ""SPHK1"", ""ADGRA2"", ""SFRP2"", ""CREB3L1"", ""INSR"", ""SULF2"", ""ASPN"", ""TGFB3"", ""TWIST1"", ""CRIM1"", 
""CCL2"", ""WNT2"", ""ID1"", ""GAS1"", ""VEGFC"", ""LOX"", ""FGF7"", ""SPRY4"", ""CDH5"", ""HTRA3"", ""FOXC1"", ""SPRY1"", ""MMRN2"")"
"97","GOBP_KIDNEY_EPITHELIUM_DEVELOPMENT","0.00716589206030293","0.0421285105803293","0.407017918923954","-0.489081591083508","-1.63277017084154","35","c(""HES1"", ""JAG1"", ""PECAM1"", ""WWTR1"", ""EDNRA"", ""EDNRB"", ""PBX1"", ""AQP1"", ""CD34"", ""PODXL"", ""FOXC2"", ""FOXC1"", ""SPRY1"", ""LAMA5"", ""SDC1"", ""TACSTD2"", ""HEYL"", ""MYC"", ""GREM1"", ""BASP1"", ""WNT6"", ""EFNB2"", ""FGF1"", ""GPC3"", ""DCHS1"", ""SFRP1"", ""HES5"", ""BMP4"", ""FGF2"", ""EPCAM"", ""BMP2"")"
"98","GOBP_ACTIN_FILAMENT_BASED_PROCESS","0.00103171130631294","0.0117518365984708","0.45505986738723","-0.380337031127177","-1.63234509461587","152","c(""CALD1"", ""GSN"", ""TPM1"", ""CNN3"", ""TPM2"", ""MYL9"", ""CAV1"", ""PDLIM1"", ""PDGFRB"", ""PALLD"", ""EPS8"", ""PDLIM3"", ""ACTA2"", ""CSRP2"", ""TYROBP"", ""FERMT2"", ""MYO1B"", ""EHD2"", ""BST2"", ""ANTXR1"", ""RND3"", ""DLC1"", ""ENAH"", ""KCNE4"", ""ITGB5"", ""GJA1"", ""ABL2"", ""DPYSL3"", ""TJP1"", ""CSRP1"", ""CXCL12"", ""SYNPO2"", ""PDGFA"", ""KCNJ8"", ""PARVA"", ""PDGFRA"", ""PRKG1"", ""GJC1"", ""RHOJ"", ""SWAP70"", ""EPB41L3"", ""SYNPO"", ""AQP1"", ""ABCC9"", ""PDPN"", ""TGFB3"", ""LMOD1"", ""ARHGEF17"", ""PTK7"", ""CSF1R"", ""PLN"", ""RHOQ"", ""ANK2"", ""PAWR"", ""FGF7"", ""SORBS3"", ""MYH11"", 
""EPB41L1"", ""PDLIM4"")"
"99","GOBP_MULTICELLULAR_ORGANISMAL_LEVEL_CHEMICAL_HOMEOSTASIS","0.00732823687580387","0.0427382774596882","0.407017918923954","-0.61097082380179","-1.63022353867779","15","c(""EPAS1"", ""ADGRF5"", ""HYAL2"", ""RCN3"", ""CTSH"", ""AQP1"", ""LIPA"", ""SLC11A1"", ""HMOX1"", ""SOD2"", ""SLC40A1"", ""KDR"")"
"100","GOBP_BRANCHING_MORPHOGENESIS_OF_AN_EPITHELIAL_TUBE","0.00590855398568412","0.0392558782530436","0.407017918923954","-0.472777227942225","-1.62901929649413","42","c(""COL4A1"", ""CTSZ"", ""CLIC4"", ""ENG"", ""MDK"", ""CTSH"", ""EDNRA"", ""PBX1"", ""SFRP2"", ""WNT2"", ""FOXC2"", ""NOTCH4"", ""SPRY1"", ""TBX3"", ""LAMA5"", ""TNC"", ""TACSTD2"", ""MYC"", ""MET"", ""GREM1"", ""TIE1"", ""KDR"", ""RASIP1"", ""DLL4"", ""WNT6"", ""EPHA2"", ""FGF1"", ""GPC3"", ""DCHS1"", ""EDN1"")"
"101","GOBP_EPITHELIUM_DEVELOPMENT","0.000160221084623044","0.00278098025452855","0.518848077743792","-0.36054521999414","-1.62357790935822","228","c(""PSAP"", ""CNN3"", ""COL18A1"", ""CAV1"", ""CTSB"", ""NR2F2"", ""COL4A1"", ""TAGLN"", ""PALLD"", ""CTSZ"", ""EPAS1"", ""MAP1B"", ""HES1"", ""FSTL1"", ""ACTA2"", ""CLIC4"", ""FERMT2"", ""ENG"", ""MMP2"", ""CTHRC1"", ""COL5A1"", ""NFIB"", ""MDK"", ""JAG1"", ""GJA4"", ""DLC1"", ""VCL"", ""SULF1"", ""KLF4"", ""PECAM1"", ""RCN3"", ""CTSH"", ""ID3"", ""FRZB"", ""GJA1"", ""ID4"", ""WWTR1"", ""TJP1"", ""EDNRA"", ""PDGFA"", ""SNAI2"", ""CCND1"", ""MSX1"", ""EDNRB"", ""PBX1"", ""SFRP2"", ""AQP1"", ""ADM"", ""TGM2"", ""PDPN"", ""LIPA"", ""CD34"", ""PODXL"", ""TWIST1"", ""PTK7"", ""CSF1R"", ""WNT2"", ""FOXC2"", ""HEG1"", 
""C3"", ""IGFBP5"", ""VEGFC"", ""SERPINE1"", ""SOX18"", ""NOTCH4"", ""FGF7"", ""CDH5"", ""FOXC1"", ""SPRY1"", ""MMRN2"", ""IL18"", ""TBX3"", ""LAMA5"", ""HBEGF"", ""ITGA5"", ""S1PR3"", ""GPR4"", ""INHBA"", ""ECE1"", ""SDC1"", ""TEAD2"", ""TNC"", ""FST"", ""TACSTD2"", ""HEY1"", ""MEOX2"", ""CSTA"", ""APLNR"", ""SEMA3C"", ""SLC40A1"", ""HEYL"", ""FRMD6"", ""MYC"", ""MET"", ""GREM1"", ""UGCG"", ""DACT1"", ""TIE1"", ""PDGFB"", ""HGF"", ""CLDN5"", ""BASP1"", ""KDR"")"
"102","GOBP_MESENCHYMAL_CELL_DIFFERENTIATION","0.003548770725524","0.0261318571606767","0.431707695803346","-0.426568258420544","-1.62030451605839","69","c(""FN1"", ""COL1A1"", ""HES1"", ""PTK2"", ""FERMT2"", ""ENG"", ""NRP2"", ""MDK"", ""JAG1"", ""FRZB"", ""WWTR1"", ""EDNRA"", ""LOXL2"", ""SNAI2"", ""VASN"", ""MSX1"", ""EDNRB"", ""SFRP2"", ""PDPN"", ""TGFB3"", ""TWIST1"", ""WNT2"", ""FOXC2"", ""ADAM15"", ""NOTCH4"", ""FOXC1"", ""SPRY1"", ""EFNA1"", ""TBX3"", ""LAMA5"", ""KITLG"", ""SEMA5A"", ""HEY1"", ""SEMA3C"", ""HEYL"", ""SEMA3F"", ""GREM1"", ""TNXB"", ""HGF"")"
"103","GOBP_MUSCLE_TISSUE_DEVELOPMENT","0.004269259902798","0.0303638094550219","0.407017918923954","-0.408176670655162","-1.61962667798862","89","c(""TPM1"", ""CAV1"", ""NUPR1"", ""NR2F2"", ""COL3A1"", ""PDGFRB"", ""MYLK"", ""CSRP2"", ""ENG"", ""EFEMP2"", ""GJA1"", ""CSRP1"", ""FKBP1A"", ""EDNRA"", ""ADAMTS9"", ""KCNJ8"", ""FHL2"", ""PDGFRA"", ""MSX1"", ""PRKG1"", ""GJC1"", ""COL11A1"", ""TWIST1"", ""RCAN1"", ""WNT2"", ""FOXC2"", ""PLN"", ""HEG1"", ""IGFBP5"", ""LOX"", ""MYH11"", ""FOXC1"", ""TBX3"", ""ELN"", ""HEY1"", ""MEOX2"", ""SEMA3C"", ""SORBS2"", ""HEYL"", ""GREM1"", ""RGS4"")"
"104","GOBP_EPITHELIAL_TUBE_MORPHOGENESIS","0.00278562159736527","0.0217848118587737","0.431707695803346","-0.424987382869607","-1.61809095835303","71","c(""COL4A1"", ""CTSZ"", ""HES1"", ""CLIC4"", ""ENG"", ""CTHRC1"", ""MDK"", ""DLC1"", ""CTSH"", ""EDNRA"", ""PBX1"", ""SFRP2"", ""ADM"", ""PODXL"", ""TWIST1"", ""PTK7"", ""CSF1R"", ""WNT2"", ""FOXC2"", ""SOX18"", ""NOTCH4"", ""SPRY1"", ""MMRN2"", ""TBX3"", ""LAMA5"", ""TEAD2"", ""TNC"", ""TACSTD2"", ""APLNR"", ""MYC"", ""MET"", ""GREM1"", ""TIE1"", ""KDR"", ""RASIP1"", ""DLL4"", ""WNT6"", ""SOX17"", ""EPHA2"", ""CXCL10"", ""EFNB2"", ""HIF1A"", ""FGF1"", ""GPC3"", ""RGMA"", ""DCHS1"", ""EDN1"", ""ST14"", ""SFRP1"", ""HES5"", ""BMP4"", ""SPINT2"", ""FGF2"")"
"105","GOBP_CARDIAC_VENTRICLE_MORPHOGENESIS","0.00811090804403183","0.0455068177980742","0.380730400722792","-0.540317270533588","-1.61356430110162","23","c(""TPM1"", ""CPE"", ""ENG"", ""JAG1"", ""FKBP1A"", ""EDNRA"", ""SFRP2"", ""COL11A1"", ""FOXC2"", ""HEG1"", ""FOXC1"", ""HEY1"", ""SEMA3C"", ""HEYL"")"
"106","GOBP_LOCOMOTION","5.06618591359835e-05","0.0010862498620627","0.557332238758646","-0.343273571903026","-1.6071089189908","323","c(""SPARC"", ""TPM1"", ""TIMP1"", ""CAV1"", ""SERPINF1"", ""NR2F2"", ""FN1"", ""COL3A1"", ""MCAM"", ""PDGFRB"", ""GPNMB"", ""THY1"", ""CD9"", ""LGMN"", ""COL1A1"", ""ADAMTS1"", ""MYLK"", ""LAMA4"", ""ACTA2"", ""PTK2"", ""CLIC4"", ""CDH11"", ""APOE"", ""FERMT2"", ""ENG"", ""FCER1G"", ""SMOC2"", ""BST2"", ""NRP2"", ""MMP2"", ""PGF"", ""PLAU"", ""RARRES2"", ""MDK"", ""JAG1"", ""DCN"", ""DLC1"", ""VCL"", ""SULF1"", ""CD74"", ""EMILIN1"", ""KLF4"", ""PECAM1"", ""HYAL2"", ""CTSH"", ""POSTN"", ""ITGAV"", ""ANGPT2"", ""GJA1"", ""AKAP12"", ""PLPP3"", ""ABL2"", ""DPYSL3"", ""MTUS1"", ""TJP1"", ""SLIT3"", ""RRAS"", ""HSPB1"", 
""CXCL12"", ""PDGFA"", ""ADAMTS9"", ""ECM1"", ""THBS1"", ""SNAI2"", ""FBLN1"", ""PTPRG"", ""PARVA"", ""VCAM1"", ""PLAUR"", ""PDGFRA"", ""TNFAIP6"", ""PLVAP"", ""PRKG1"", ""SPHK1"", ""EDNRB"", ""RHOJ"", ""SWAP70"", ""ADGRA2"", ""SFRP2"", ""AQP1"", ""INSR"", ""PDPN"", ""SLAMF8"", ""PODXL"", ""PTN"", ""LRRC15"", ""PODN"", ""TWIST1"", ""RCAN1"", ""CSF1R"", ""CCL2"", ""FOXC2"", ""CDH13"", ""HSD3B7"", ""HMOX1"", ""TREM2"", ""IGFBP5"", ""FPR3"", ""ADAM15"", ""ITGA1"", ""PTPRM"", ""VEGFC"", ""SERPINE1"", ""LOX"", ""FGF7"", ""PRCP"", ""C5AR1"", ""CDH5"", ""CD40"", ""CXCL16"", ""F3"", ""MMRN2"", ""CYGB"", ""EFNA1"", 
""LAMA5"", ""HBEGF"", ""CYP1B1"", ""KITLG"", ""ITGA5"", ""SEMA5A"", ""NBL1"", ""SOD2"", ""PHLDA2"", ""CLEC7A"", ""TNC"", ""TACSTD2"", ""MEOX2"", ""PLA2G7"", ""PHACTR1"", ""SEMA3C"", ""ALOX5"", ""ACKR3"", ""SEMA3F"", ""MET"", ""FLT1"", ""GREM1"", ""CXCL2"", ""CXCL9"", ""PTAFR"", ""TIE1"", ""SUCNR1"", ""TNXB"", ""ANGPT1"", ""PDGFB"", ""TWIST2"", ""FPR1"", ""HGF"", ""CLDN5"", ""JUP"", ""ADGRE2"", ""KDR"")"
"107","GOBP_RESPONSE_TO_TRANSFORMING_GROWTH_FACTOR_BETA","0.00342231764737744","0.0253871993708105","0.431707695803346","-0.421972072524019","-1.60661050833619","71","c(""CAV1"", ""COL4A2"", ""COL1A2"", ""COL3A1"", ""FBN1"", ""COL1A1"", ""HTRA1"", ""ACTA2"", ""PTK2"", ""FERMT2"", ""ENG"", ""ZFHX3"", ""DKK3"", ""EMILIN1"", ""MXRA5"", ""CTSK"", ""ITGB5"", ""HYAL2"", ""POSTN"", ""FKBP1A"", ""NREP"", ""THBS1"", ""LTBP1"", ""LTBP2"", ""VASN"", ""ASPN"", ""TGFB3"", ""WNT2"", ""ID1"", ""LOX"", ""CDH5"", ""HTRA3"", ""SPRY1"")"
"108","GOBP_SKELETAL_SYSTEM_DEVELOPMENT","0.00161923675764346","0.0159516702205687","0.45505986738723","-0.383027881637329","-1.59505253088931","120","c(""COL18A1"", ""BGN"", ""MGP"", ""TIMP1"", ""COL1A2"", ""COL5A2"", ""COL3A1"", ""PRRX1"", ""TGFBI"", ""FBN1"", ""COL1A1"", ""TYROBP"", ""CDH11"", ""VCAN"", ""ENG"", ""ADAMTS4"", ""MMP2"", ""NFIB"", ""MDK"", ""SULF1"", ""CTSK"", ""HYAL2"", ""FRZB"", ""GJA1"", ""KIAA1217"", ""EDNRA"", ""LOXL2"", ""ECM1"", ""SNAI2"", ""PDGFRA"", ""MSX1"", ""PBX1"", ""SFRP2"", ""ETS2"", ""COL10A1"", ""SULF2"", ""COL11A1"", ""TGM2"", ""TGFB3"", ""LIPA"", ""TWIST1"", ""HEXB"", ""VKORC1"", ""FOXC2"")"
"109","GOBP_NEGATIVE_REGULATION_OF_DEVELOPMENTAL_PROCESS","0.000503105086606664","0.00687213511546052","0.477270815362862","-0.365132103404672","-1.59430460297845","183","c(""SPARC"", ""TMEM176B"", ""CAV1"", ""SERPINF1"", ""COL4A2"", ""COL5A2"", ""THY1"", ""FBN1"", ""LGMN"", ""TMEM176A"", ""HES1"", ""NOTCH3"", ""ADAMTS1"", ""FERMT2"", ""C1QC"", ""COL5A1"", ""NFIB"", ""MDK"", ""JAG1"", ""DCN"", ""SULF1"", ""CD74"", ""EMILIN1"", ""KLF4"", ""CTSK"", ""THBS2"", ""HSPG2"", ""ID3"", ""ITGAV"", ""FRZB"", ""ANGPT2"", ""ID4"", ""WWTR1"", ""ADAMTS9"", ""LOXL2"", ""ECM1"", ""THBS1"", ""SNAI2"", ""CCND1"", ""VASN"", ""TNFAIP6"", ""MSX1"", ""EDNRB"", ""PBX1"", ""SFRP2"", ""CREB3L1"", ""ASPN"", ""LILRB4"", ""PTN"", ""TWIST1"", ""CRIM1"", ""FOXC2"", ""MMP11"", ""TREM2"", ""IGFBP5"", ""PTPRM"", 
""VEGFC"", ""SERPINE1"", ""NOTCH4"", ""FOXC1"", ""TRIO"", ""SPRY1"", ""EFNA1"", ""IL18"", ""TBX3"", ""S1PR3"", ""SEMA5A"", ""GPR4"", ""SOD2"", ""INHBA"", ""FGL2"", ""FST"", ""TACSTD2"", ""HEY1"", ""STAB1"", ""SEMA3C"", ""SPP1"", ""ALOX5"", ""TLR2"", ""EFEMP1"", ""SEMA3F"", ""MYC"", ""FCGR2B"", ""GREM1"", ""RGS4"", ""TIE1"", ""PDGFB"", ""TWIST2"")"
"110","GOBP_REGENERATION","0.00668020129310905","0.0408616027727811","0.407017918923954","-0.456349162498848","-1.59362473293989","46","c(""NNMT"", ""PRRX1"", ""THY1"", ""CD9"", ""MAP1B"", ""MMP2"", ""NFIB"", ""MDK"", ""KLF4"", ""HSPG2"", ""POSTN"", ""ANGPT2"", ""NREP"", ""CXCL12"", ""CCND1"", ""SULF2"", ""ADM"", ""PTN"")"
"111","GOBP_MORPHOGENESIS_OF_AN_EPITHELIUM","0.00250930724970186","0.0210262641957776","0.431707695803346","-0.384703552366169","-1.59149512381564","113","c(""COL4A1"", ""CTSZ"", ""HES1"", ""CLIC4"", ""FERMT2"", ""ENG"", ""MMP2"", ""CTHRC1"", ""COL5A1"", ""MDK"", ""JAG1"", ""DLC1"", ""VCL"", ""SULF1"", ""KLF4"", ""CTSH"", ""FRZB"", ""GJA1"", ""ID4"", ""EDNRA"", ""PDGFA"", ""SNAI2"", ""PBX1"", ""SFRP2"", ""ADM"", ""TGM2"", ""PDPN"", ""PODXL"", ""TWIST1"", ""PTK7"", ""CSF1R"", ""WNT2"", ""FOXC2"", ""IGFBP5"", ""VEGFC"", ""SOX18"", ""NOTCH4"", ""FGF7"", ""SPRY1"", ""MMRN2"", ""TBX3"", ""LAMA5"", ""HBEGF"", ""ITGA5"", ""TEAD2"", ""TNC"", ""FST"", ""TACSTD2"", ""APLNR"", ""SEMA3C"", ""MYC"", ""MET"", ""GREM1"", ""DACT1"", ""TIE1"", ""HGF"", ""KDR"", ""RASIP1"", ""DLL4"", 
""WNT6"", ""CA2"", ""SOX17"", ""EPHA2"", ""RSPO3"", ""CXCL10"", ""EFNB2"", ""HIF1A"", ""FGF1"", ""GPC3"", ""RGMA"", ""DCHS1"", ""EDN1"")"
"112","GOBP_CELL_JUNCTION_ASSEMBLY","0.00763313662849254","0.0441631476362783","0.407017918923954","-0.402037762193919","-1.5691384109614","82","c(""CAV1"", ""DST"", ""FN1"", ""THY1"", ""CD9"", ""MAP1B"", ""PTK2"", ""CDH11"", ""FERMT2"", ""GJA4"", ""DLC1"", ""VCL"", ""PECAM1"", ""THBS2"", ""GJA1"", ""TJP1"", ""RAMP2"", ""KCNJ8"", ""THBS1"", ""SNAI2"", ""GJC1"", ""EPB41L3"", ""CDH13"", ""ANK2"", ""CDH5"", ""GPC4"", ""ITGA5"", ""NTRK2"", ""PCDH17"", ""NEGR1"", ""APLNR"", ""TLR2"", ""GREM1"", ""ARHGAP6"", ""CLDN5"", ""GJB2"", ""JUP"", ""KDR"", ""LGI2"", ""TLN2"")"
"113","GOBP_TRANSMEMBRANE_RECEPTOR_PROTEIN_SERINE_THREONINE_KINASE_SIGNALING_PATHWAY","0.0063250115850101","0.0402946703381128","0.407017918923954","-0.401972903184217","-1.56599975244769","80","c(""COL1A2"", ""COL3A1"", ""FBN1"", ""HES1"", ""FSTL1"", ""HTRA1"", ""PTK2"", ""FERMT2"", ""ENG"", ""DKK3"", ""RBPMS"", ""SULF1"", ""EMILIN1"", ""ITGB5"", ""WWTR1"", ""FKBP1A"", ""NREP"", ""THBS1"", ""LTBP1"", ""LTBP2"", ""VASN"", ""TNFAIP6"", ""MSX1"", ""SFRP2"", ""ASPN"", ""TGFB3"", ""CRIM1"", ""ID1"", ""LOX"", ""CDH5"", ""HTRA3"", ""SPRY1"", ""NBL1"", ""INHBA"")"
"114","GOBP_EMBRYONIC_ORGAN_DEVELOPMENT","0.00586564751281152","0.0392298810719229","0.407017918923954","-0.396000205293503","-1.56319620609398","87","c(""COL18A1"", ""A2M"", ""NR2F2"", ""PRRX1"", ""EPAS1"", ""FBN1"", ""HES1"", ""ENG"", ""CTHRC1"", ""RARRES2"", ""ID3"", ""FRZB"", ""EDNRA"", ""PDGFA"", ""PDGFRA"", ""MSX1"", ""PBX1"", ""COL11A1"", ""MFAP5"", ""ADM"", ""NES"", ""TGFB3"", ""TWIST1"", ""PTK7"", ""WNT2"", ""FOXC2"", ""SOX18"", ""FOXC1"", ""EFNA1"", ""TBX3"", ""KITLG"", ""MFAP2"", ""ECE1"", ""PHLDA2"", ""TEAD2"", ""HEY1"", ""APLNR"", ""EFEMP1"", ""PCDH12"", ""PDGFB"", ""KDR"", ""CXCL8"", ""PCSK5"", ""SOX17"", ""RBP4"", ""EPHA2"", ""RSPO3"", ""CEBPA"", ""KRT8"", ""HOXC9"", ""HIF1A"", ""TEAD3"", ""HYAL1"", ""EDN1"", ""CEBPB"", ""ST14"")"
"115","GOBP_REGULATION_OF_ENDOTHELIAL_CELL_MIGRATION","0.00797138492813032","0.0453995282234922","0.380730400722792","-0.429036204538716","-1.5630950528154","58","c(""SPARC"", ""SERPINF1"", ""NR2F2"", ""LGMN"", ""PTK2"", ""APOE"", ""SMOC2"", ""NRP2"", ""DCN"", ""KLF4"", ""ANGPT2"", ""PLPP3"", ""RRAS"", ""HSPB1"", ""ADAMTS9"", ""THBS1"", ""RHOJ"", ""ADGRA2"", ""PTN"", ""FOXC2"", ""HMOX1"", ""PTPRM"", ""VEGFC"", ""PRCP"", ""CD40"", ""MMRN2"", ""EFNA1"", ""SEMA5A"", ""MEOX2"", ""MET"", ""ANGPT1"", ""PDGFB"", ""JUP"", ""KDR"")"
"116","GOBP_MUSCLE_SYSTEM_PROCESS","0.00674318494438618","0.0408616027727811","0.407017918923954","-0.40075527213959","-1.56125612445846","80","c(""CALD1"", ""GSN"", ""TPM1"", ""TPM2"", ""MYL9"", ""CAV1"", ""MYLK"", ""ACTA2"", ""SULF1"", ""KCNE4"", ""GJA1"", ""EDNRA"", ""KCNJ8"", ""CRYAB"", ""LMCD1"", ""PRKG1"", ""SPHK1"", ""EDNRB"", ""GJC1"", ""SULF2"", ""ABCC9"", ""SSTR2"", ""LMOD1"", ""PLN"", ""HMOX1"", ""IGFBP5"", ""ANK2"", ""MYH11"")"
"117","GOBP_VASCULAR_PROCESS_IN_CIRCULATORY_SYSTEM","0.00676195430980056","0.0408616027727811","0.407017918923954","-0.424138102592531","-1.56076218289592","61","c(""CAV1"", ""SOD3"", ""ACTA2"", ""APOE"", ""FERMT2"", ""MMP2"", ""PTP4A3"", ""AKAP12"", ""TJP1"", ""EDNRA"", ""RAMP2"", ""KCNJ8"", ""PLVAP"", ""PRKG1"", ""EDNRB"", ""INSR"", ""ADM"", ""ABCC9"", ""FOXC2"", ""ITGA1"", ""CDH5"", ""FOXC1"", ""CD36"", ""GPR4"", ""SOD2"", ""ECE1"", ""KCNMA1"", ""AVPR1A"", ""SLC29A1"", ""SLCO2B1"", ""ANGPT1"", ""SLCO3A1"", ""CLDN5"", ""FABP5"", ""SLC7A8"", ""ADRA2A"", ""PTGS2"", ""COMP"", ""PDE2A"")"
"118","GOBP_CELL_MORPHOGENESIS","0.0024264919090358","0.0205687511824081","0.431707695803346","-0.356987008023311","-1.54387112261497","158","c(""SPARC"", ""TPM1"", ""COL18A1"", ""FN1"", ""PALLD"", ""THY1"", ""MAP1B"", ""EPS8"", ""SDC2"", ""HES1"", ""NOTCH3"", ""PTK2"", ""CLIC4"", ""CDH11"", ""APOE"", ""FERMT2"", ""NRP2"", ""NFIB"", ""MDK"", ""DLC1"", ""ENAH"", ""VCL"", ""POSTN"", ""SLIT3"", ""EDNRA"", ""CXCL12"", ""PALMD"", ""PARVA"", ""MSX1"", ""PRKG1"", ""RHOJ"", ""EPB41L3"", ""NRN1"", ""NES"", ""APLP2"", ""PDPN"", ""LIPA"", ""PTN"", ""PTK7"", ""CSF1R"", ""CCL2"", ""HEXB"", ""CDH13"", ""ANO1"", ""HEG1"", ""RHOQ"", ""ITGA1"", ""PTPRM"", ""CDH5"", ""TRIO"", ""EFNA1"", ""NFASC"", ""DCLK1"", ""SEMA5A"", ""NTRK2"", ""NBL1"", ""ECE1"", ""FRY"", ""PHACTR1"", 
""SEMA3C"", ""PREX2"", ""SPP1"", ""RAPH1"", ""CLU"", ""SEMA3F"", ""FRMD6"", ""MET"", ""GREM1"", ""CHN1"", ""MYH10"", ""NOX4"", ""ZNF385A"", ""HECW2"", ""HGF"", ""FEZ1"", ""CNTN1"", ""KDR"")"
"119","GOBP_RESPONSE_TO_OXYGEN_LEVELS","0.00806567701188365","0.0455068177980742","0.380730400722792","-0.398102683926682","-1.54193787050786","77","c(""CAV1"", ""PDLIM1"", ""SOD3"", ""EPAS1"", ""COL1A1"", ""MMP2"", ""PGF"", ""PLAU"", ""CYBB"", ""HSPG2"", ""PLOD2"", ""POSTN"", ""ANGPT2"", ""ANGPTL4"", ""PLAT"", ""EDNRA"", ""CXCL12"", ""KCNJ8"", ""LOXL2"", ""THBS1"", ""CRYAB"", ""VCAM1"", ""VASN"", ""AQP1"", ""ADM"", ""PDPN"", ""TGFB3"", ""TWIST1"", ""HMOX1"", ""TREM2"", ""ADAM15"", ""VEGFC"")"
"120","GOBP_RESPONSE_TO_ENDOGENOUS_STIMULUS","0.000390090712683021","0.00560044581332978","0.49849310876659","-0.327851653577766","-1.5357430140913","334","c(""CD63"", ""IGFBP7"", ""TIMP1"", ""CAV1"", ""SERPINF1"", ""COL4A2"", ""A2M"", ""CTSB"", ""COL1A2"", ""COL5A2"", ""TIMP3"", ""COL6A1"", ""COL3A1"", ""COL4A1"", ""PDGFRB"", ""CD9"", ""FBN1"", ""MAP1B"", ""LGMN"", ""COL1A1"", ""HES1"", ""FSTL1"", ""HTRA1"", ""ACTA2"", ""PTK2"", ""CTSL"", ""APOE"", ""FERMT2"", ""ENG"", ""FCER1G"", ""SMOC2"", ""ZFHX3"", ""CD68"", ""DKK3"", ""NRP2"", ""MMP2"", ""TFPI"", ""CTSD"", ""PGF"", ""RARRES2"", ""DCN"", ""CYBB"", ""SULF1"", ""EMILIN1"", ""MXRA5"", ""KLF4"", ""CTSK"", ""ITGB5"", ""CTSS"", ""HYAL2"", ""CTSH"", ""PTP4A3"", ""POSTN"", ""ANGPT2"", ""GJA1"", ""PDK4"", ""SLIT3"", 
""RBFOX2"", ""HSPB1"", ""FKBP1A"", ""NREP"", ""EDNRA"", ""CXCL12"", ""RAMP2"", ""KCNJ8"", ""FHL2"", ""THBS1"", ""LTBP1"", ""LTBP2"", ""SNAI2"", ""CCND1"", ""VCAM1"", ""PLPP1"", ""VASN"", ""PDGFRA"", ""TNFAIP6"", ""MSX1"", ""SPHK1"", ""EDNRB"", ""ADGRA2"", ""SFRP2"", ""CREB3L1"", ""AQP1"", ""INSR"", ""SULF2"", ""ASPN"", ""ADM"", ""TGM2"", ""TGFB3"", ""RAMP3"", ""SSTR2"", ""RERG"", ""TWIST1"", ""CRIM1"", ""CCL2"", ""WNT2"", ""ID1"", ""FOXC2"", ""CDH13"", ""ANO1"", ""TREM2"", ""RHOQ"", ""LMO2"", ""GAS1"", ""IGFBP5"", ""VEGFC"", ""LOX"", ""FGF7"", ""PRCP"", ""SPRY4"", ""CDH5"", ""HTRA3"", ""FOXC1"", ""FIBIN"", ""SPRY1"", 
""MMRN2"", ""FBP1"", ""CYP1B1"", ""CD36"")"
"121","GOBP_CELL_JUNCTION_ORGANIZATION","0.00283536797367568","0.0219891835405273","0.431707695803346","-0.362347528412818","-1.53402125891518","137","c(""SPARCL1"", ""CAV1"", ""DST"", ""FN1"", ""COL4A1"", ""THY1"", ""CD9"", ""MAP1B"", ""LGMN"", ""PTK2"", ""CDH11"", ""APOE"", ""FERMT2"", ""C1QC"", ""C1QA"", ""NRP2"", ""GJA4"", ""DLC1"", ""VCL"", ""C1QB"", ""PECAM1"", ""THBS2"", ""GJA1"", ""TJP1"", ""RAMP2"", ""KCNJ8"", ""THBS1"", ""SNAI2"", ""GJC1"", ""EPB41L3"", ""SYNPO"", ""INSR"", ""TGFB3"", ""PTK7"", ""CSF1R"", ""CDH13"", ""HEG1"", ""C3"", ""TREM2"", ""SNCG"", ""ANK2"", ""C5AR1"", ""CDH5"", ""EFNA1"", ""LAMA5"", ""GPC4"", ""ITGA5"", ""NTRK2"", ""PCDH17"", ""TNC"", ""NEGR1"", ""APLNR"", ""LILRB2"", ""TLR2"", ""SEMA3F"", ""FCGR2B"", ""GREM1"", ""ARHGAP6"", 
""CLDN5"", ""GJB2"", ""JUP"", ""KDR"", ""LGI2"", ""PFN2"", ""TLN2"", ""WASF3"", ""SHANK3"", ""CX3CL1"")"
"122","GOBP_CELL_MORPHOGENESIS_INVOLVED_IN_NEURON_DIFFERENTIATION","0.00660405458102196","0.0408616027727811","0.407017918923954","-0.386922161587112","-1.53122976929989","86","c(""FN1"", ""PALLD"", ""THY1"", ""MAP1B"", ""SDC2"", ""HES1"", ""NOTCH3"", ""PTK2"", ""CDH11"", ""APOE"", ""NRP2"", ""NFIB"", ""ENAH"", ""VCL"", ""SLIT3"", ""EDNRA"", ""CXCL12"", ""PRKG1"", ""APLP2"", ""PTN"", ""PTK7"", ""CSF1R"", ""PTPRM"", ""TRIO"", ""EFNA1"", ""NFASC"", ""DCLK1"", ""SEMA5A"", ""NTRK2"", ""ECE1"", ""PHACTR1"", ""SEMA3C"", ""PREX2"", ""SPP1"", ""RAPH1"", ""SEMA3F"", ""CHN1"", ""HECW2"", ""FEZ1"", ""CNTN1"", ""SHANK3"", ""ARHGEF25"", ""CRABP2"", ""ROBO4"", ""NGF"", ""SEMA3G"", ""ARTN"", ""EFNB2"", ""UCHL1"", ""ARC"", ""RGMA"", ""EDN1"")"
"123","GOBP_TRANSMEMBRANE_RECEPTOR_PROTEIN_TYROSINE_KINASE_SIGNALING_PATHWAY","0.00565148372495781","0.0379717201428041","0.407017918923954","-0.364378066663557","-1.52808952829725","127","c(""CD63"", ""IGFBP4"", ""COL4A2"", ""COL4A1"", ""PDGFRB"", ""LGMN"", ""COL1A1"", ""PTK2"", ""SMOC2"", ""NRP2"", ""MMP2"", ""CTSD"", ""PGF"", ""RARRES2"", ""DCN"", ""SULF1"", ""EMILIN1"", ""PTP4A3"", ""ANGPT2"", ""PDK4"", ""HSPB1"", ""PLAT"", ""PDGFA"", ""CLEC14A"", ""THBS1"", ""PTPRG"", ""PLAUR"", ""PDGFRA"", ""ADGRA2"", ""CREB3L1"", ""INSR"", ""SULF2"", ""CRIM1"", ""CSF1R"", ""FOXC2"", ""PDGFRL"", ""CDH13"", ""RHOQ"", ""IGFBP5"", ""ITGA1"", ""VEGFC"", ""LOX"", ""FGF7"", ""SPRY4"", ""CSPG4"", ""FOXC1"", ""F3"", ""SPRY1"", ""MMRN2"", ""EFNA1"", ""HBEGF"", ""ITGA5"", ""NTRK2"", ""IGFBP2"", ""IGFBP6"", ""GPRC5A"", 
""EFEMP1"", ""MET"", ""FLT1"", ""CHN1"", ""TIE1"", ""TNXB"", ""ANGPT1"", ""PDGFB"")"
"124","GOBP_CELL_ADHESION","0.000557451069110975","0.00734423606039915","0.477270815362862","-0.311795280959551","-1.47165082309423","360","c(""CD63"", ""IGFBP7"", ""TPM1"", ""SPARCL1"", ""CNN3"", ""COL18A1"", ""MYL9"", ""CAV1"", ""LGALS1"", ""COL6A2"", ""DST"", ""COL6A1"", ""FN1"", ""COL3A1"", ""MCAM"", ""PDLIM1"", ""GPNMB"", ""TGFBI"", ""PALLD"", ""THY1"", ""CD9"", ""FBN1"", ""COL1A1"", ""HES1"", ""COL6A3"", ""LAMA4"", ""PTK2"", ""CDH11"", ""VCAN"", ""FERMT2"", ""ENG"", ""ZFHX3"", ""COL12A1"", ""COL14A1"", ""NID1"", ""NRP2"", ""MMP2"", ""ANTXR1"", ""MXRA8"", ""COL5A1"", ""EFEMP2"", ""PLAU"", ""RND3"", ""CCDC80"", ""MDK"", ""FAP"", ""JAG1"", ""DLC1"", ""VCL"", ""CD74"", ""EMILIN1"", ""KLF4"", ""ITGB5"", ""ISLR"", ""PECAM1"", ""THBS2"", ""HSPG2"", 
""FBLN2"", ""POSTN"", ""ITGAV"", ""ANGPT2"", ""PLPP3"", ""C1QTNF1"", ""ABL2"", ""TJP1"", ""CD93"", ""TNFSF13B"", ""RRAS"", ""CSRP1"", ""HSPB1"", ""CXCL12"", ""ADAMTS9"", ""NUAK1"", ""THBS1"", ""SNAI2"", ""FBLN1"", ""ECM2"", ""CERCAM"", ""PTPRG"", ""PARVA"", ""VCAM1"", ""PLAUR"", ""PDGFRA"", ""TNFAIP6"", ""PRKG1"", ""EGFL7"", ""SWAP70"", ""SFRP2"", ""PXDN"", ""NID2"", ""BCAM"", ""PCDH7"", ""TGM2"", ""PDPN"", ""SRPX"", ""COL8A1"", ""LILRB4"", ""COL15A1"", ""CD34"", ""PODXL"", ""ITGBL1"", ""PTK7"", ""OLR1"", ""CCL2"", ""FOXC2"", ""CDH13"", ""TNFRSF12A"", ""ADAM15"", ""ITGA1"", ""PTPRM"", ""SERPINE1"", ""NOTCH4"", 
""PAWR"", ""SORBS3"", ""GBP1"", ""SPRY4"", ""CDH5"", ""EGFLAM"", ""MMRN2"", ""EFNA1"", ""ITGA11"", ""IL18"", ""LAMA5"", ""CYP1B1"", ""COL5A3"", ""CD36"", ""KITLG"", ""VWF"", ""NFASC"", ""GPC4"", ""ITGA5"", ""SEMA5A"", ""GPR4"", ""EGFL6"", ""VSIG4"", ""NTM"", ""FGL2"", ""PCDH17"", ""SCARF2"", ""TNC"", ""IGFBP2"", ""NEGR1"", ""ABI3BP"", ""TACSTD2"", ""CSTA"", ""STAB1"", ""CD86"", ""OMD"", ""SPP1"", ""LILRB2"", ""ALOX5"", ""NT5E"", ""DPT"", ""ACKR3"", ""SPON2"", ""THEMIS2"", ""FCGR2B"", ""GREM1"", ""ARHGAP6"", ""PCDH12"", ""PTAFR"", ""TNXB"", ""MYH10"", ""SPOCK1"", ""ANGPT1"", ""PDGFB"", ""AOC3"", ""CLDN5"", 
""FEZ1"", ""JUP"", ""CNTN1"", ""ADGRE2"", ""KDR"", ""PLEK"", ""TNFRSF21"", ""TLN2"", ""MPZL2"", ""COL8A2"", ""MFAP4"")"
"125","GOBP_EMBRYO_DEVELOPMENT","0.00260026019449016","0.0213579283537328","0.431707695803346","-0.331949300375836","-1.46937358859054","199","c(""COL18A1"", ""COL4A2"", ""A2M"", ""COL5A2"", ""NR2F2"", ""COL6A1"", ""FN1"", ""COL3A1"", ""PRRX1"", ""EPAS1"", ""FBN1"", ""COL1A1"", ""HES1"", ""LAMA4"", ""ENG"", ""COL12A1"", ""ADGRF5"", ""NRP2"", ""MMP2"", ""CTHRC1"", ""COL5A1"", ""RARRES2"", ""JAG1"", ""DLC1"", ""SULF1"", ""KLF4"", ""ITGB5"", ""ID3"", ""ITGAV"", ""FRZB"", ""GJA1"", ""PLPP3"", ""KIAA1217"", ""FKBP10"", ""EDNRA"", ""PDGFA"", ""PDGFRA"", ""MSX1"", ""PBX1"", ""SFRP2"", ""TM4SF1"", ""ETS2"", ""INSR"", ""SULF2"", ""COL11A1"", ""MFAP5"", ""ADM"", ""NES"", ""TGFB3"", ""COL8A1"", ""TWIST1"", ""PTK7"", ""WNT2"", ""FOXC2"", ""HEG1"", ""NXN"", ""VEGFC"", 
""SOX18"", ""FOXC1"", ""PLPP4"", ""EFNA1"", ""TBX3"", ""LAMA5"", ""KITLG"", ""MFAP2"", ""ITGA5"", ""INHBA"", ""ECE1"", ""PHLDA2"", ""TEAD2"", ""HEY1"", ""MEOX2"", ""APLNR"", ""SEMA3C"", ""EFEMP1"", ""SEMA3F"", ""FLT1"", ""GREM1"", ""DACT1"", ""PCDH12"", ""TIE1"", ""ANGPT1"", ""PDGFB"", ""BASP1"", ""KDR"", ""GPR161"", ""CACNA1C"", ""CXCL8"", ""TWSG1"", ""DLL4"", ""WNT6"", ""PCSK5"", ""SOX17"", ""CRABP2"", ""IGF1"", ""RBP4"", ""UGDH"", ""EPHA2"", ""RSPO3"", ""IL1RN"", ""CEBPA"", ""KRT8"", ""HOXC9"", ""HIF1A"", ""GPC3"", ""TEAD3"", ""RGMA"", ""HYAL1"", ""DCHS1"", ""EDN1"", ""CEBPB"", ""ST14"", ""PHGDH"")"
"126","GOBP_NEGATIVE_REGULATION_OF_CELL_POPULATION_PROLIFERATION","0.00495265068724321","0.0341579776139791","0.407017918923954","-0.328170375053853","-1.44886180453326","193","c(""IGFBP7"", ""SPARC"", ""TPM1"", ""COL18A1"", ""CAV1"", ""SERPINF1"", ""NUPR1"", ""NR2F2"", ""GPNMB"", ""THY1"", ""CD9"", ""HES1"", ""ADAMTS1"", ""TYROBP"", ""APOE"", ""EFEMP2"", ""NFIB"", ""FAP"", ""DLC1"", ""SULF1"", ""KLF4"", ""HSPG2"", ""FRZB"", ""DPYSL3"", ""MNDA"", ""SLIT3"", ""THBS1"", ""SNAI2"", ""FBLN1"", ""PTPRG"", ""PLPP1"", ""MSX1"", ""PRKG1"", ""NDRG2"", ""IFIT3"", ""SFRP2"", ""ADM"", ""PDPN"", ""TGFB3"", ""SRPX"", ""SSTR2"", ""LILRB4"", ""RARRES1"", ""PTN"", ""PODN"", ""RERG"", ""CSF1R"", ""CCL2"", ""CDH13"", ""HMOX1"", ""TREM2"", ""IGFBP5"", ""ITGA1"", ""PTPRM"", ""PAWR"", ""CDH5"", ""SPRY1"", 
""MMRN2"", ""IFI30"", ""EFNA1"", ""TBX3"", ""CYP1B1"", ""SEMA5A"", ""SOD2"", ""INHBA"", ""VSIG4"", ""TACSTD2"", ""CD86"", ""SEMA3C"", ""SPP1"", ""LILRB2"", ""ALOX5"", ""DPT"", ""TLR2"", ""IGFBP6"", ""ACKR3"", ""SEMA3F"", ""MYC"", ""FCGR2B"", ""FLT1"", ""GREM1"", ""CNN1"", ""SPOCK1"", ""NOX4"")"
"127","GOBP_GROWTH","0.00773691300324709","0.0444110990501349","0.407017918923954","-0.331024768835475","-1.42780943038472","165","c(""IGFBP7"", ""PSAP"", ""IGFBP4"", ""FN1"", ""COL3A1"", ""CD9"", ""MAP1B"", ""LGMN"", ""CLIC4"", ""APOE"", ""BST2"", ""NRP2"", ""MDK"", ""VCL"", ""HYAL2"", ""POSTN"", ""FRZB"", ""GJA1"", ""MT2A"", ""WWTR1"", ""SLIT3"", ""MT1E"", ""EDNRA"", ""CXCL12"", ""KCNJ8"", ""ECM1"", ""CRYAB"", ""TNFAIP6"", ""MSX1"", ""PRKG1"", ""SPHK1"", ""SFRP2"", ""INSR"", ""ADM"", ""NRN1"", ""MT1M"", ""PTN"", ""RERG"", ""PTK7"", ""WNT2"", ""MEG3"", ""FOXC2"", ""HEG1"", ""GAS1"", ""IGFBP5"", ""ADAM15"", ""FGF7"", ""CXCL16"", ""FOXC1"", ""SPRY1"", ""HBEGF"", ""FBP1"", ""DCLK1"", ""SEMA5A"", ""WFDC1"", ""FOXS1"", ""INHBA"", ""PHLDA2"", 
""TNC"", ""AVPR1A"", ""SEMA3C"", ""SPP1"", ""RAPH1"", ""SORBS2"", ""SEMA3F"", ""GREM1"", ""RGS4"", ""MT1A"", ""SPOCK1"")"
"128","GOBP_GENERATION_OF_NEURONS","0.0060814090373991","0.0399226678909785","0.407017918923954","-0.31967050418419","-1.42255164195179","209","c(""SERPINF1"", ""NR2F2"", ""FN1"", ""COL3A1"", ""PRRX1"", ""PALLD"", ""THY1"", ""MAP1B"", ""SDC2"", ""HES1"", ""NOTCH3"", ""PTK2"", ""CDH11"", ""VCAN"", ""APOE"", ""ZFHX3"", ""C1QA"", ""NRP2"", ""MMP2"", ""CTHRC1"", ""NFIB"", ""MDK"", ""SCARB2"", ""JAG1"", ""ENAH"", ""VCL"", ""KLF4"", ""POSTN"", ""ID3"", ""ID4"", ""ABL2"", ""DPYSL3"", ""SLIT3"", ""NREP"", ""EDNRA"", ""CXCL12"", ""PTPRG"", ""CCND1"", ""VCAM1"", ""EFHD1"", ""PRKG1"", ""EDNRB"", ""PBX1"", ""SFRP2"", ""EPB41L3"", ""ADM"", ""NRN1"", ""APLP2"", ""PTN"", ""TWIST1"", ""PTK7"", ""CSF1R"", ""WNT2"", ""C3"", ""ITGA1"", ""PTPRM"", ""VEGFC"", ""TRIO"", ""EFNA1"", 
""SERPINI1"", ""NFASC"", ""DCLK1"", ""SEMA5A"", ""NTRK2"", ""NBL1"", ""SOD2"", ""INHBA"", ""ECE1"", ""NTM"", ""FRY"", ""TNC"", ""NEGR1"", ""HEY1"", ""PHACTR1"", ""SEMA3C"", ""PREX2"", ""SPP1"", ""RAPH1"", ""HEYL"", ""SEMA3F"", ""MET"", ""CHN1"", ""UGCG"", ""PCDH12"", ""TNXB"", ""SPOCK1"", ""HECW2"", ""FEZ1"", ""CNTN1"", ""TNFRSF21"", ""SHANK3"", ""CX3CL1"", ""DLL4"", ""NR2F1"", ""WNT6"", ""S100A9"", ""ARHGEF25"", ""CRABP2"", ""ROBO4"", ""UGDH"", ""IL6"", ""EPHA2"", ""NGF"", ""S1PR1"", ""SEMA3G"", ""ARTN"", ""ITGA6"", ""EFNB2"", ""HIF1A"", ""ASAP1"", ""UCHL1"", ""TEAD3"", ""ARC"", ""RGMA"", ""EDN1"", ""CEBPB"", 
""HOXC8"", ""ENC1"", ""CSNK1E"", ""PHGDH"")"
"129","GOBP_CELLULAR_RESPONSE_TO_STRESS","0.00330616800114934","0.0248473863179161","0.431707695803346","0.272102173337973","1.36475550261376","241","c(""RGCC"", ""DNAJB1"", ""EZR"", ""CD27"", ""PTPN22"", ""REL"", ""HSPA1A"", ""SQSTM1"", ""ZFP36"", ""HSPA1B"", ""MALAT1"", ""YWHAZ"", ""HSPA5"", ""PTTG1"", ""KDM6B"", ""SLAMF1"", ""PPP1R15A"", ""IER5"", ""GADD45A"", ""NFKB1"", ""WNK1"", ""JUNB"", ""NR4A2"", ""HMGB2"", ""FBXO45"", ""CCR7"", ""RNF103"", ""XBP1"", ""ERN1"", ""SLC38A2"", ""DDIT3"", ""PCNA"", ""TNF"", ""EP300"", ""PLIN2"", ""BRD4"", ""CDC45"", ""TP53INP1"", ""GINS2"", ""CCNA2"", ""BBC3"", ""PTK2B"", ""YPEL3"", ""FNIP1"", ""MCM7"", ""TRAF4"", ""RB1CC1"", ""ST8SIA1"", ""DEK"", ""JUN"", ""REC8"", ""ERCC5"", ""CLSPN"", ""NFATC2"", ""IL1A"")"
"130","GOBP_POSITIVE_REGULATION_OF_CYTOKINE_PRODUCTION","0.00868646442861619","0.047972974003494","0.380730400722792","0.3116291804952","1.40963083231186","123","c(""CD2"", ""PTPRC"", ""CD3E"", ""RGCC"", ""TIGIT"", ""PTPN22"", ""HSPA1A"", ""LTB"", ""HSPA1B"", ""SLAMF1"", ""HMGB2"", ""TRAF3IP3"", ""MBP"", ""CRTAM"", ""IFNG"", ""CCR7"", ""EBI3"", ""XBP1"", ""CD40LG"", ""DDIT3"", ""TNF"", ""XCL1"", ""RFTN1"", ""NMB"")"
"131","GOBP_MACROMOLECULE_CATABOLIC_PROCESS","0.00320712386141238","0.024481605182928","0.431707695803346","0.307100738572605","1.43694209556143","144","c(""EZR"", ""CNOT6L"", ""ZFP36L2"", ""HSPA1A"", ""ZC3H12D"", ""EIF4A3"", ""SQSTM1"", ""ZFP36"", ""HSPA1B"", ""HSPA5"", ""ZFAND2A"", ""RYBP"", ""TIPARP"", ""VPS37B"", ""IFNG"", ""FBXO45"", ""MYLIP"", ""RNF103"", ""XBP1"", ""ERN1"", ""ISG20"", ""GZMA"", ""YME1L1"", ""CSNK1D"", ""NEAT1"", ""DDIT3"", ""TNF"", ""ROCK1"", ""PTK2B"", ""WDR82"", ""TRAF4"", ""RB1CC1"", ""HMMR"", ""MAD2L1"", ""GSK3A"", ""TCIRG1"", ""RNF4"", ""FAM83D"", ""ZFP36L1"", ""AURKA"")"
"132","GOBP_POSITIVE_REGULATION_OF_RNA_METABOLIC_PROCESS","0.000748565848588517","0.00924922887493269","0.477270815362862","0.289884468827247","1.45213616517525","235","c(""JUND"", ""RGCC"", ""CREM"", ""CNOT6L"", ""RUNX3"", ""ZFP36L2"", ""REL"", ""HSPA1A"", ""ZC3H12D"", ""SQSTM1"", ""ZFP36"", ""HSPA5"", ""CSRNP1"", ""KDM6B"", ""IER5"", ""NFKB1"", ""WNK1"", ""RYBP"", ""JUNB"", ""NR4A2"", ""HMGB2"", ""POLR2A"", ""FOSB"", ""CHD3"", ""ZNF292"", ""SERTAD1"", ""PIM2"", ""NFKBIZ"", ""XBP1"", ""ERN1"", ""SLC38A2"", ""NEAT1"", ""DDIT3"", ""NCOA1"", ""TNF"", ""EP300"", ""ROCK1"", ""PCBP1"", ""BRD4"", ""TP53INP1"", ""CCNA2"", ""HIVEP3"", ""JADE1"", ""KLF13"", ""NFATC1"", ""CD4"", ""DEK"", ""JUN"", ""GSK3A"", ""BCL9L"", ""NFATC2"", ""ZEB2"", ""NFATC3"", ""CALCOCO1"", ""IL1A"", ""ICE2"", 
""RNF4"", ""MED25"", ""ZFP36L1"")"
"133","GOBP_HEMOPOIESIS","0.00124812629580823","0.0135803592484209","0.45505986738723","0.311543965040457","1.50782117502555","183","c(""CD2"", ""PTPRC"", ""CD3D"", ""CD3E"", ""CD27"", ""RUNX3"", ""ITM2A"", ""ZFP36L2"", ""PTPN22"", ""HSPA1A"", ""TNFRSF9"", ""ZFP36"", ""IL7R"", ""HSPA1B"", ""CD8A"", ""IL2RA"", ""SLAMF1"", ""JUNB"", ""LAG3"", ""TIPARP"", ""HMGB2"", ""CRTAM"", ""TNFSF9"", ""IFNG"", ""DOCK2"", ""CCR7"", ""NFKBIZ"", ""XBP1"", ""CD40LG"", ""TESPA1"", ""TNF"", ""EP300"")"
"134","GOBP_MITOTIC_CELL_CYCLE","0.00309730288311793","0.0237677242293997","0.431707695803346","0.332799758164666","1.51072645540285","131","c(""RGCC"", ""TUBA4A"", ""ZFP36L2"", ""HSPA1A"", ""HSPA1B"", ""CCND2"", ""WNK1"", ""TUBA1A"", ""CCNI"", ""TUBB2A"", ""PIM2"", ""NUSAP1"", ""IQGAP2"", ""PCNA"", ""TNF"", ""ROCK1"", ""STMN1"", ""BRD4"", ""NDC80"", ""CDC45"", ""CENPE"", ""CCNA2"", ""GEM"", ""NCAPG"", ""CENPF"", ""JADE1"", ""KIF23"", ""MAD2L1"", ""NCAPH"", ""AURKB"", ""ANKLE2"", ""CLSPN"", ""IL1A"", ""SPC25"", ""ZFP36L1"", ""AURKA"", ""CEP55"", ""STAG1"", ""KIF2C"", ""TUBA1C"", ""UNC119"", ""MKI67"", ""CCNB2"", ""DLGAP5"", ""PBRM1"", ""CDC20"", ""SMPD3"", ""NUF2"", ""TK1"", ""CDK1"", ""GTSE1"", ""ANKRD17"", ""TPX2"", ""CDC34"", ""ZWINT"")"
"135","GOBP_PROTEIN_LOCALIZATION_TO_ORGANELLE","0.00791745416701517","0.0452692085314044","0.380730400722792","0.352479598440287","1.52058307796183","85","c(""EZR"", ""RAC2"", ""SQSTM1"", ""YWHAZ"", ""HSPA5"", ""ZFAND2A"", ""PPP1R15A"", ""WNK1"", ""VPS37B"", ""IFNG"", ""FAM53C"", ""CSNK1D"", ""DDIT3"", ""EP300"", ""MAPRE2"", ""BBC3"", ""ARL5B"", ""GRPEL2"", ""AURKB"", ""GSK3A"", ""TCIRG1"", ""RNF4"", ""FAM83D"", ""AURKA"", ""SYNE1"", ""TSPAN17"", ""GZMB"", ""RAB8A"", ""SYT11"", ""KLHL21"", ""BAG3"", ""TERF2"", ""CDK1"", ""SESN2"", ""ZBTB7A"")"
"136","GOBP_REGULATION_OF_CATABOLIC_PROCESS","0.00187842552909014","0.0176412121413223","0.45505986738723","0.337697853773668","1.53459003147743","128","c(""EZR"", ""CNOT6L"", ""ZFP36L2"", ""PTPN22"", ""HSPA1A"", ""ZC3H12D"", ""EIF4A3"", ""SQSTM1"", ""ZFP36"", ""HSPA1B"", ""ZFAND2A"", ""PDE3B"", ""WNK1"", ""RYBP"", ""TIPARP"", ""IFNG"", ""PIM2"", ""IRS2"", ""MYLIP"", ""ERN1"", ""CSNK1D"", ""NEAT1"", ""DDIT3"", ""TNF"", ""EP300"", ""ROCK1"", ""HPGD"", ""TP53INP1"", ""PTK2B"", ""SLC25A4"", ""RB1CC1"")"
"137","GOBP_CELL_KILLING","0.00366827092626635","0.0267416950524817","0.431707695803346","0.414195418772774","1.58421567066221","53","c(""CD2"", ""PTPRC"", ""IL7R"", ""SH2D1A"", ""LAG3"", ""CRTAM"", ""IFNG"", ""GZMA"", ""NKG7"", ""GZMH"", ""XCL1"", ""KLRD1"", ""GNLY"", ""IL21"", ""IL13"", ""GZMB"", ""KLRC1"", ""SLAMF7"")"
"138","GOBP_REGULATION_OF_CELL_CYCLE_PROCESS","0.00386052248837756","0.0278645633072004","0.431707695803346","0.366627496571428","1.58556171170245","91","c(""RGCC"", ""ZFP36L2"", ""HSPA1A"", ""HSPA1B"", ""CCND2"", ""WNK1"", ""NUSAP1"", ""TNF"", ""BRD4"", ""NDC80"", ""CDC45"", ""CENPE"", ""NCAPG"", ""CENPF"", ""JADE1"", ""KIF23"", ""MAD2L1"", ""NCAPH"", ""AURKB"", ""CLSPN"", ""IL1A"", ""RNF4"", ""FAM83D"", ""SPC25"", ""ZFP36L1"", ""AURKA"", ""KIF2C"", ""MKI67"", ""KLHL21"", ""DLGAP5"", ""PBRM1"", ""TERF2"", ""CDC20"", ""SMPD3"", ""NUF2"", ""CDK1"", ""GTSE1"", ""ANKRD17"", ""TPX2"", ""ZWINT"")"
"139","GOBP_PEPTIDE_BIOSYNTHETIC_PROCESS","0.00671830797358757","0.0408616027727811","0.407017918923954","0.431879819973504","1.59929213316198","42","c(""CNOT6L"", ""ZFP36L2"", ""ZC3H12D"", ""EIF4A3"", ""ZFP36"", ""CCL5"", ""PPP1R15A"", ""TNF"", ""ROCK1"", ""PTK2B"", ""TYMS"", ""ZFP36L1"", ""GZMB"", ""TNRC6C"", ""SESN2"", ""RGS2"")"
"140","GOBP_REGULATION_OF_CELL_CELL_ADHESION","0.000400883446723598","0.00567464141090297","0.49849310876659","0.359887897794652","1.60786600526804","118","c(""PTPRC"", ""CD3E"", ""RGCC"", ""ICOS"", ""CD27"", ""TIGIT"", ""RUNX3"", ""PTPN22"", ""IL7R"", ""IL2RA"", ""SLAMF1"", ""CCL5"", ""WNK1"", ""LAG3"", ""MBP"", ""PAG1"", ""CRTAM"", ""TNFSF9"", ""IFNG"", ""CCR7"", ""NFKBIZ"", ""EBI3"", ""TNFSF14"", ""XBP1"", ""CD40LG"", ""TESPA1"", ""ITGB2"", ""TNF"", ""XCL1"")"
"141","GOBP_REGULATION_OF_LEUKOCYTE_DIFFERENTIATION","0.00340231907062363","0.0253871993708105","0.431707695803346","0.386421687846299","1.61097929935857","70","c(""CD2"", ""PTPRC"", ""CD27"", ""RUNX3"", ""ZFP36L2"", ""IL7R"", ""IL2RA"", ""JUNB"", ""LAG3"", ""CRTAM"", ""TNFSF9"", ""IFNG"", ""NFKBIZ"", ""XBP1"", ""TESPA1"", ""TNF"")"
"142","GOBP_LEUKOCYTE_PROLIFERATION","0.00224358865415647","0.0193559305192907","0.431707695803346","0.374400094133136","1.61917602925791","91","c(""PTPRC"", ""CD3E"", ""SH2D2A"", ""PTPN22"", ""RAC2"", ""TNFRSF9"", ""IL7R"", ""IL2RA"", ""SLAMF1"", ""CCL5"", ""TNFRSF4"", ""JUNB"", ""CRTAM"", ""TNFSF9"", ""IRS2"", ""DOCK2"", ""NFKBIZ"", ""EBI3"", ""TNFSF14"", ""CD40LG"", ""XCL1"", ""NMB"")"
"143","GOBP_REGULATION_OF_IMMUNE_EFFECTOR_PROCESS","0.00402888061054338","0.0289364922668584","0.407017918923954","0.377115964207212","1.62370299025732","82","c(""PTPRC"", ""PTPN22"", ""RAC2"", ""CD96"", ""IL7R"", ""SH2D1A"", ""SLAMF1"", ""TNFRSF4"", ""JUNB"", ""LAG3"", ""CRTAM"", ""CD177"", ""IFNG"", ""NFKBIZ"", ""XBP1"", ""CD40LG"", ""ITGB2"", ""TNF"", ""XCL1"", ""KLRD1"")"
"144","GOBP_MITOTIC_CELL_CYCLE_PROCESS","0.00106776845701966","0.0120119830400014","0.45505986738723","0.367080695745405","1.62404306478447","110","c(""RGCC"", ""ZFP36L2"", ""HSPA1A"", ""HSPA1B"", ""CCND2"", ""WNK1"", ""CCNI"", ""PIM2"", ""NUSAP1"", ""IQGAP2"", ""PCNA"", ""TNF"", ""ROCK1"", ""STMN1"", ""BRD4"", ""NDC80"", ""CDC45"", ""CENPE"", ""CCNA2"", ""NCAPG"", ""CENPF"", ""JADE1"", ""KIF23"", ""MAD2L1"", ""NCAPH"", ""AURKB"", ""ANKLE2"", ""CLSPN"", ""IL1A"", ""SPC25"", ""ZFP36L1"", ""AURKA"", ""CEP55"", ""STAG1"", ""KIF2C"", ""UNC119"", ""MKI67"", ""CCNB2"", ""DLGAP5"", ""PBRM1"", ""CDC20"", ""SMPD3"", ""NUF2"", ""TK1"", ""CDK1"", ""GTSE1"", ""ANKRD17"", ""TPX2"", ""CDC34"", ""ZWINT"")"
"145","GOBP_POSITIVE_REGULATION_OF_LEUKOCYTE_PROLIFERATION","0.00451096083118568","0.0317728545500904","0.407017918923954","0.428812324038422","1.62804881762833","49","c(""PTPRC"", ""CD3E"", ""PTPN22"", ""RAC2"", ""IL2RA"", ""SLAMF1"", ""CCL5"", ""TNFRSF4"", ""TNFSF9"", ""IRS2"", ""EBI3"", ""CD40LG"", ""XCL1"", ""NMB"", ""IL21"", ""NFATC2"", ""IL1A"", ""IL13"")"
"146","GOBP_CELL_ACTIVATION_INVOLVED_IN_IMMUNE_RESPONSE","0.00592338354984197","0.0392558782530436","0.407017918923954","0.406323992235387","1.63904186724816","62","c(""PTPRC"", ""ITM2A"", ""LAT"", ""LCP1"", ""RAC2"", ""SLAMF1"", ""JUNB"", ""CD177"", ""IFNG"", ""DOCK2"", ""NFKBIZ"", ""XBP1"", ""CD40LG"", ""NKG7"", ""ITGB2"", ""TNF"")"
"147","GOBP_IMMUNE_EFFECTOR_PROCESS","0.000121447171221301","0.00229634316022596","0.538434096309916","0.352266850368902","1.63960180291398","147","c(""CD2"", ""PTPRC"", ""RGCC"", ""CD27"", ""ITM2A"", ""PTPN22"", ""LAT"", ""LCP1"", ""RAC2"", ""CD96"", ""IL21R"", ""IL7R"", ""SH2D1A"", ""CD8A"", ""SLAMF1"", ""TNFRSF4"", ""JUNB"", ""LAG3"", ""CRTAM"", ""CD177"", ""IFNG"", ""DOCK2"", ""NFKBIZ"", ""XBP1"", ""CD40LG"", ""NKG7"", ""ITGB2"", ""TNF"", ""XCL1"", ""KLRD1"", ""RFTN1"", ""PTK2B"")"
"148","GOBP_POSITIVE_REGULATION_OF_HEMOPOIESIS","0.0051583352430704","0.0353091680018622","0.407017918923954","0.442554956447996","1.64716722863584","43","c(""PTPRC"", ""CD27"", ""RUNX3"", ""IL7R"", ""IL2RA"", ""TNFSF9"", ""IFNG"", ""NFKBIZ"", ""XBP1"", ""TESPA1"", ""TNF"")"
"149","GOBP_DEPHOSPHORYLATION","0.00697846632652934","0.0415289955268562","0.407017918923954","0.435847841735236","1.65238406294481","47","c(""PTPRC"", ""DUSP4"", ""DUSP2"", ""PTPN22"", ""PPP1R2"", ""PTPN7"", ""PPP1R15A"", ""PTP4A2"", ""SEMA4D"", ""IFNG"", ""DUSP8"", ""PTP4A1"", ""TNF"", ""ROCK1"")"
"150","GOBP_NEGATIVE_REGULATION_OF_GENE_EXPRESSION","0.00019759858111367","0.0032370643962217","0.518848077743792","0.355783661504596","1.65280236422344","146","c(""PTPRC"", ""CD3E"", ""RGCC"", ""EZR"", ""CNOT6L"", ""TIGIT"", ""ZFP36L2"", ""PTPN22"", ""REL"", ""HSPA1A"", ""CD96"", ""ZC3H12D"", ""EIF4A3"", ""ZFP36"", ""HSPA1B"", ""SLAMF1"", ""SPTY2D1"", ""CST7"", ""NFKB1"", ""LAG3"", ""TIPARP"", ""HMGB2"", ""MIR155HG"", ""IFNG"", ""CCR7"", ""ERN1"", ""NEAT1"", ""DDIT3"", ""TNF"", ""ROCK1"", ""XCL1"", ""TP53INP1"", ""NMB"")"
"151","GOBP_POSITIVE_REGULATION_OF_CELLULAR_CATABOLIC_PROCESS","0.00547890162804725","0.0371545980171762","0.407017918923954","0.435170240037156","1.65509138932346","48","c(""CNOT6L"", ""ZFP36L2"", ""ZC3H12D"", ""SQSTM1"", ""ZFP36"", ""IFNG"", ""PIM2"", ""IRS2"", ""NEAT1"", ""TNF"", ""ROCK1"", ""TP53INP1"", ""SLC25A4"", ""RB1CC1"", ""GSK3A"", ""ZFP36L1"", ""ZBTB20"", ""BAG3"", ""TNRC6C"")"
"152","GOBP_REGULATION_OF_STRESS_ACTIVATED_PROTEIN_KINASE_SIGNALING_CASCADE","0.00663736450402627","0.0408616027727811","0.407017918923954","0.46454559321505","1.66109290744031","35","c(""EZR"", ""CD27"", ""PTPN22"", ""SLAMF1"", ""GADD45A"", ""CCR7"", ""TNF"", ""PTK2B"", ""TRAF4"", ""RB1CC1"", ""IL1A"")"
"153","GOBP_POST_TRANSCRIPTIONAL_REGULATION_OF_GENE_EXPRESSION","0.0064289926292578","0.0407542228411212","0.407017918923954","0.438364631455205","1.66192570299631","47","c(""CNOT6L"", ""ZFP36L2"", ""ZC3H12D"", ""EIF4A3"", ""ZFP36"", ""CCL5"", ""PPP1R15A"", ""MIR155HG"", ""YTHDC1"", ""NEAT1"", ""TNF"", ""ROCK1"", ""PTK2B"")"
"154","GOBP_LEUKOCYTE_MEDIATED_IMMUNITY","0.00102922085929332","0.0117518365984708","0.45505986738723","0.381356794939443","1.67080084110779","102","c(""CD2"", ""PTPRC"", ""CD27"", ""LAT"", ""RAC2"", ""CD96"", ""IL21R"", ""IL7R"", ""SH2D1A"", ""CD8A"", ""SLAMF1"", ""LAG3"", ""CRTAM"", ""CD177"", ""NFKBIZ"", ""CD40LG"", ""NKG7"", ""ITGB2"", ""TNF"", ""XCL1"", ""KLRD1"", ""RFTN1"")"
"155","GOBP_POST_TRANSLATIONAL_PROTEIN_MODIFICATION","0.00267157045367427","0.0216397206747616","0.431707695803346","0.41216704551132","1.68266622701369","66","c(""PTPN22"", ""HSPA1A"", ""SQSTM1"", ""BIRC3"", ""HSPA1B"", ""HSPA5"", ""KDM6B"", ""WNK1"", ""FBXO45"", ""MYLIP"", ""RNF103"", ""EP300"", ""KLHL24"", ""CCNA2"", ""MAD2L1"", ""DEK"", ""AURKB"", ""GSK3A"", ""RNF4"", ""TSPAN17"", ""KLHL21"", ""ASH1L"", ""OTUD1"", ""CDC20"")"
"156","GOBP_REGULATION_OF_HEMOPOIESIS","0.00149155643804318","0.0152076173892794","0.45505986738723","0.388837323667189","1.69153459480252","88","c(""CD2"", ""PTPRC"", ""CD27"", ""RUNX3"", ""ZFP36L2"", ""HSPA1A"", ""ZFP36"", ""IL7R"", ""HSPA1B"", ""IL2RA"", ""JUNB"", ""LAG3"", ""HMGB2"", ""CRTAM"", ""TNFSF9"", ""IFNG"", ""NFKBIZ"", ""XBP1"", ""TESPA1"", ""TNF"")"
"157","GOBP_STRESS_ACTIVATED_PROTEIN_KINASE_SIGNALING_CASCADE","0.00272524593110167","0.0217848118587737","0.431707695803346","0.45680070269063","1.69157653691901","42","c(""EZR"", ""CD27"", ""PTPN22"", ""ZFP36"", ""SLAMF1"", ""GADD45A"", ""NFKB1"", ""CCR7"", ""TNF"", ""PTK2B"", ""TRAF4"", ""RB1CC1"", ""IL1A"", ""ZFP36L1"")"
"158","GOBP_B_CELL_DIFFERENTIATION","0.00811507038923133","0.0455068177980742","0.380730400722792","0.472144536558033","1.69755262781009","36","c(""PTPRC"", ""CD27"", ""ITM2A"", ""ZFP36L2"", ""NFKBIZ"", ""XBP1"", ""CD40LG"", ""EP300"", ""PTK2B"", ""FNIP1"", ""IL21"", ""TCIRG1"", ""ZFP36L1"")"
"159","GOBP_NEGATIVE_REGULATION_OF_CYTOKINE_PRODUCTION","0.00198876020451156","0.018010014771291","0.431707695803346","0.42878363109841","1.69813593982737","58","c(""PTPRC"", ""RGCC"", ""EZR"", ""TIGIT"", ""PTPN22"", ""REL"", ""CD96"", ""ZFP36"", ""SLAMF1"", ""NFKB1"", ""LAG3"", ""IFNG"", ""CCR7"", ""DDIT3"", ""TNF"", ""XCL1"", ""NMB"")"
"160","GOBP_LEUKOCYTE_DIFFERENTIATION","0.000118680293283806","0.00227678773168143","0.538434096309916","0.374708071251286","1.70146673440978","132","c(""CD2"", ""PTPRC"", ""CD3D"", ""CD3E"", ""CD27"", ""RUNX3"", ""ITM2A"", ""ZFP36L2"", ""PTPN22"", ""TNFRSF9"", ""IL7R"", ""CD8A"", ""IL2RA"", ""SLAMF1"", ""JUNB"", ""LAG3"", ""CRTAM"", ""TNFSF9"", ""IFNG"", ""DOCK2"", ""CCR7"", ""NFKBIZ"", ""XBP1"", ""CD40LG"", ""TESPA1"", ""TNF"", ""EP300"")"
"161","GOBP_CELL_DIVISION","0.000837663280679913","0.0100107628133714","0.477270815362862","0.394039385362542","1.70176816102013","86","c(""ZFP36L2"", ""PTTG1"", ""CCND2"", ""WNK1"", ""TUBA1A"", ""NUSAP1"", ""IQGAP2"", ""ROCK1"", ""STMN1"", ""NDC80"", ""CENPE"", ""CCNA2"", ""MAPRE2"", ""NCAPG"", ""CENPF"", ""KIF23"", ""MAD2L1"", ""NCAPH"", ""AURKB"", ""ANKLE2"", ""IL1A"", ""FAM83D"", ""SPC25"", ""AURKA"", ""CEP55"", ""STAG1"", ""KIF2C"", ""PARD6G"", ""TUBA1C"", ""UNC119"", ""CCNB2"", ""KLHL21"", ""CDC20"", ""NUF2"", ""CDK1"", ""TOP2A"", ""TPX2"", ""ZWINT"", ""ASPM"", ""CCNB1"")"
"162","GOBP_REGULATION_OF_LEUKOCYTE_MEDIATED_IMMUNITY","0.00194754550650294","0.0179716541043119","0.45505986738723","0.443829162607919","1.70179444534332","51","c(""PTPRC"", ""RAC2"", ""CD96"", ""IL7R"", ""SH2D1A"", ""SLAMF1"", ""LAG3"", ""CRTAM"", ""CD177"", ""ITGB2"", ""TNF"", ""XCL1"", ""KLRD1"")"
"163","GOBP_B_CELL_ACTIVATION","0.00196660240055691","0.018010014771291","0.431707695803346","0.437306473426864","1.7090821027463","56","c(""PTPRC"", ""SAMSN1"", ""CD27"", ""ITM2A"", ""ZFP36L2"", ""IL7R"", ""TNFRSF4"", ""TBC1D10C"", ""SH3KBP1"", ""IRS2"", ""NFKBIZ"", ""XBP1"", ""CD40LG"", ""EP300"", ""PTK2B"", ""FNIP1"", ""IL21"", ""NFATC2"", ""TCIRG1"", ""ZFP36L1"", ""IL13"")"
"164","GOBP_POSITIVE_REGULATION_OF_CATABOLIC_PROCESS","0.00183675540450311","0.017389541427049","0.45505986738723","0.401543383664335","1.71466366037132","79","c(""EZR"", ""CNOT6L"", ""ZFP36L2"", ""HSPA1A"", ""ZC3H12D"", ""SQSTM1"", ""ZFP36"", ""HSPA1B"", ""ZFAND2A"", ""TIPARP"", ""IFNG"", ""PIM2"", ""IRS2"", ""MYLIP"", ""CSNK1D"", ""NEAT1"", ""TNF"", ""ROCK1"", ""TP53INP1"", ""PTK2B"", ""SLC25A4"", ""RB1CC1"")"
"165","GOBP_LYMPHOCYTE_MEDIATED_IMMUNITY","0.00130218063056718","0.0140300908008755","0.45505986738723","0.402434051025303","1.71634665621017","77","c(""CD2"", ""PTPRC"", ""CD27"", ""CD96"", ""IL21R"", ""IL7R"", ""SH2D1A"", ""CD8A"", ""SLAMF1"", ""LAG3"", ""CRTAM"", ""NFKBIZ"", ""CD40LG"", ""NKG7"", ""TNF"", ""XCL1"", ""KLRD1"", ""RFTN1"")"
"166","GOBP_B_CELL_RECEPTOR_SIGNALING_PATHWAY","0.0081079885826343","0.0455068177980742","0.380730400722792","0.52617170233614","1.71733554880838","25","c(""PTPRC"", ""PTPN22"", ""NFKB1"", ""NFKBIZ"", ""RFTN1"", ""NFATC2"")"
"167","GOBP_ORGANIC_CYCLIC_COMPOUND_CATABOLIC_PROCESS","0.000767293082674308","0.00940095222301799","0.477270815362862","0.451581279870825","1.72720920542467","53","c(""APOBEC3G"", ""CNOT6L"", ""ZFP36L2"", ""HSPA1A"", ""ZC3H12D"", ""EIF4A3"", ""ZFP36"", ""HSPA1B"", ""ERN1"", ""ISG20"", ""NEAT1"", ""ROCK1"", ""WDR82"")"
"168","GOBP_ORGANELLE_LOCALIZATION","0.00143258887404914","0.0149193898454546","0.45505986738723","0.437149733373287","1.72963746932616","59","c(""EZR"", ""LAT"", ""RAC2"", ""YWHAZ"", ""TUBA1A"", ""IFNG"", ""NUSAP1"", ""CSNK1D"", ""NDC80"", ""CENPE"", ""VMP1"", ""GEM"", ""CENPF"", ""MAD2L1"", ""AURKB"", ""TCIRG1"", ""FAM83D"", ""SPC25"", ""IL13"", ""CEP55"", ""KIF2C"", ""RAB8A"", ""SYT11"", ""DLGAP5"", ""SMPD3"", ""NUF2"")"
"169","GOBP_POSITIVE_REGULATION_OF_CELL_CELL_ADHESION","0.00107102729437598","0.0120119830400014","0.45505986738723","0.405971404186745","1.73143316356462","77","c(""PTPRC"", ""CD3E"", ""ICOS"", ""CD27"", ""RUNX3"", ""PTPN22"", ""IL7R"", ""IL2RA"", ""SLAMF1"", ""CCL5"", ""TNFSF9"", ""IFNG"", ""CCR7"", ""NFKBIZ"", ""EBI3"", ""TNFSF14"", ""XBP1"", ""CD40LG"", ""TESPA1"", ""ITGB2"", ""TNF"", ""XCL1"")"
"170","GOBP_POSITIVE_REGULATION_OF_IMMUNE_EFFECTOR_PROCESS","0.00148100161362255","0.0152063405117019","0.45505986738723","0.433210865464377","1.73382644996595","61","c(""PTPRC"", ""PTPN22"", ""RAC2"", ""SH2D1A"", ""SLAMF1"", ""TNFRSF4"", ""LAG3"", ""CRTAM"", ""CD177"", ""IFNG"", ""NFKBIZ"", ""XBP1"", ""ITGB2"", ""TNF"", ""XCL1"", ""KLRD1"")"
"171","GOBP_ORGANELLE_FISSION","0.0019788173222995","0.018010014771291","0.431707695803346","0.430016740253367","1.73461438251607","62","c(""RGCC"", ""HSPA1A"", ""HSPA1B"", ""PTTG1"", ""NUSAP1"", ""TNF"", ""NDC80"", ""CENPE"", ""NCAPG"", ""CENPF"", ""KIF23"", ""MAD2L1"", ""NCAPH"", ""AURKB"", ""ANKLE2"", ""REC8"", ""IL1A"", ""SPC25"", ""AURKA"", ""CEP55"", ""STAG1"", ""KIF2C"", ""MND1"", ""MKI67"", ""CCNB2"", ""DLGAP5"", ""CDC20"", ""SMPD3"", ""NUF2"", ""CDK1"", ""TOP2A"", ""TPX2"", ""ZWINT"", ""ASPM"", ""CCNB1"")"
"172","GOBP_REGULATION_OF_CYCLIN_DEPENDENT_PROTEIN_KINASE_ACTIVITY","0.00723264636357374","0.0423501943698414","0.407017918923954","0.576385889759054","1.73582674721676","18","c(""RGCC"", ""CCND2"", ""GADD45A"", ""CCNI"", ""SERTAD1"", ""CCNA2"")"
"173","GOBP_REGULATION_OF_ORGANELLE_ASSEMBLY","0.00664334223740223","0.0408616027727811","0.407017918923954","0.532763060924543","1.73884862974479","25","c(""EZR"", ""CNOT6L"", ""LCP1"", ""HSPA1A"", ""HSPA1B"", ""TBC1D10C"", ""TNF"", ""PTK2B"")"
"174","GOBP_DNA_METABOLIC_PROCESS","0.00039180073591196","0.00560044581332978","0.49849310876659","0.40369193742649","1.74843555505357","93","c(""PTPRC"", ""RGCC"", ""APOBEC3G"", ""IL7R"", ""PTTG1"", ""GADD45A"", ""HMGB2"", ""NFKBIZ"", ""ISG20"", ""GZMA"", ""CD40LG"", ""PCNA"", ""TNF"", ""CDC45"", ""GINS2"", ""CCNA2"", ""PTK2B"", ""MCM7"", ""CENPF"", ""JADE1"", ""NFATC1"", ""DEK"", ""AURKB"", ""REC8"", ""ERCC5"", ""CLSPN"", ""TYMS"", ""POLG"", ""MND1"", ""PBRM1"", ""TERF2"", ""SMPD3"", ""IL2"", ""TK1"", ""CDK1"", ""SESN2"", ""ANKRD17"", ""ZBTB7A"", ""TOP2A"", ""RNASEH2A"", ""CDC34"", ""ESCO2"")"
"175","GOBP_T_CELL_MEDIATED_IMMUNITY","0.00703670538146759","0.0417053514072347","0.407017918923954","0.525194325145461","1.7514720582711","27","c(""PTPRC"", ""IL7R"", ""CD8A"", ""SLAMF1"", ""CRTAM"", ""NFKBIZ"", ""XCL1"", ""KLRD1"", ""RFTN1"")"
"176","GOBP_POSITIVE_REGULATION_OF_B_CELL_ACTIVATION","0.0063093464186454","0.0402946703381128","0.407017918923954","0.581990541979577","1.75270555255548","18","c(""PTPRC"", ""CD27"", ""TNFRSF4"", ""SH3KBP1"", ""IRS2"", ""XBP1"", ""IL21"", ""NFATC2"", ""IL13"")"
"177","GOBP_DOUBLE_STRAND_BREAK_REPAIR","0.0063093464186454","0.0402946703381128","0.407017918923954","0.582241777904728","1.75346216725839","18","c(""HMGB2"", ""CDC45"", ""GINS2"", ""MCM7"", ""DEK"", ""REC8"", ""ERCC5"", ""PBRM1"", ""ZBTB7A"", ""ESCO2"", ""OTUB2"", ""FEN1"")"
"178","GOBP_INTERLEUKIN_2_PRODUCTION","0.00662790244590203","0.0408616027727811","0.407017918923954","0.575366404728131","1.75444389126654","19","c(""PTPRC"", ""CD3E"", ""EZR"", ""ZFP36"", ""LAG3"", ""XCL1"", ""CD4"", ""IL1A"")"
"179","GOBP_REGULATION_OF_ANTIGEN_RECEPTOR_MEDIATED_SIGNALING_PATHWAY","0.00689873076614469","0.0412227436763892","0.407017918923954","0.59883465971025","1.75787485038125","16","c(""PTPRC"", ""EZR"", ""PTPN22"", ""SH2D1A"", ""TRAT1"", ""CCR7"", ""TESPA1"")"
"180","GOBP_REGULATION_OF_POST_TRANSLATIONAL_PROTEIN_MODIFICATION","0.005978575898779","0.0394423695041619","0.407017918923954","0.529342807245141","1.76530684310016","27","c(""PTPN22"", ""HSPA1A"", ""SQSTM1"", ""BIRC3"", ""HSPA1B"", ""HSPA5"", ""WNK1"", ""MAD2L1"", ""DEK"", ""GSK3A"")"
"181","GOBP_NON_CANONICAL_NF_KAPPAB_SIGNAL_TRANSDUCTION","0.0032999060273495","0.0248473863179161","0.431707695803346","0.523695244080203","1.76894552630273","28","c(""EZR"", ""CD27"", ""PTPN22"", ""REL"", ""BIRC3"", ""NFKB1"", ""TNFSF14"", ""TNF"", ""EP300"")"
"182","GOBP_MITOTIC_NUCLEAR_DIVISION","0.00213557936928073","0.0188707558812806","0.431707695803346","0.467957448605943","1.77411783693654","47","c(""RGCC"", ""HSPA1A"", ""HSPA1B"", ""NUSAP1"", ""TNF"", ""NDC80"", ""CENPE"", ""NCAPG"", ""CENPF"", ""KIF23"", ""MAD2L1"", ""NCAPH"", ""AURKB"", ""ANKLE2"", ""IL1A"", ""SPC25"", ""AURKA"", ""CEP55"", ""STAG1"", ""KIF2C"", ""MKI67"", ""DLGAP5"", ""CDC20"", ""SMPD3"", ""NUF2"", ""CDK1"", ""TPX2"", ""ZWINT"")"
"183","GOBP_POSITIVE_REGULATION_OF_T_CELL_PROLIFERATION","0.00480810035946245","0.0333819539242679","0.407017918923954","0.52144616490334","1.77895742210833","29","c(""PTPRC"", ""CD3E"", ""PTPN22"", ""IL2RA"", ""SLAMF1"", ""CCL5"", ""TNFSF9"", ""EBI3"", ""CD40LG"", ""XCL1"", ""IL21"", ""IL1A"")"
"184","GOBP_MRNA_PROCESSING","0.00472148914470293","0.0330958229470042","0.407017918923954","0.591860715093678","1.78243027482146","18","c(""CNOT6L"", ""EIF4A3"", ""PRMT9"", ""ERN1"", ""YTHDC1"", ""ZFP36L1"", ""SRRT"", ""CPSF7"", ""ZBTB7A"", ""GCFC2"")"
"185","GOBP_REGULATION_OF_CELL_CYCLE","1.55957367667386e-05","0.00043728046549817","0.575610261071129","0.388677074738454","1.78568434710949","137","c(""JUND"", ""PTPRC"", ""RGCC"", ""RUNX3"", ""ZFP36L2"", ""HSPA1A"", ""BIRC3"", ""HSPA1B"", ""CCND2"", ""PPP1R15A"", ""GADD45A"", ""WNK1"", ""JUNB"", ""CCNI"", ""SERTAD1"", ""PIM2"", ""NUSAP1"", ""DDIT3"", ""TNF"", ""BRD4"", ""HPGD"", ""NDC80"", ""CDC45"", ""TP53INP1"", ""CENPE"", ""CCNA2"", ""NCAPG"", ""CENPF"", ""JADE1"", ""KIF23"", ""MAD2L1"", ""NCAPH"", ""AURKB"", ""JUN"", ""CLSPN"", ""IL1A"", ""RNF4"", ""FAM83D"", ""SPC25"", ""ZFP36L1"", ""AURKA"", ""KIF2C"", ""MKI67"", ""CCNB2"", ""KLHL21"", ""DLGAP5"", ""PBRM1"", ""TERF2"", ""CDC20"", ""SMPD3"", ""NUF2"", ""CDK1"", ""GTSE1"", ""ANKRD17"")"
"186","GOBP_REGULATION_OF_IMMUNE_SYSTEM_PROCESS","5.74259260940173e-08","3.64030435848162e-06","0.719512826338911","0.347698159177041","1.79965124085649","315","c(""CD2"", ""PTPRC"", ""TRAC"", ""CD3D"", ""SAMSN1"", ""TRBC2"", ""CD3E"", ""RGCC"", ""EZR"", ""ICOS"", ""CD27"", ""TIGIT"", ""RUNX3"", ""TNFRSF18"", ""ZFP36L2"", ""PTPN22"", ""LAT"", ""HSPA1A"", ""RAC2"", ""CD96"", ""TRBC1"", ""TNFRSF9"", ""ZFP36"", ""IL7R"", ""BIRC3"", ""SH2D1A"", ""HSPA1B"", ""CD8A"", ""YWHAZ"", ""IL2RA"", ""HCST"", ""SLAMF1"", ""CCL5"", ""TRAT1"", ""TNFRSF4"", ""CST7"", ""TBC1D10C"", ""NFKB1"", ""WNK1"", ""TRGC2"", ""JUNB"", ""LAG3"", ""HMGB2"", ""PAG1"", ""CRTAM"", ""CD177"", ""TNFSF9"", ""IFNG"", ""SH3KBP1"", ""IRS2"", ""CCR7"", ""NFKBIZ"", ""EBI3"", ""TNFSF14"", ""XBP1"", ""CD40LG"", 
""XCL2"", ""TESPA1"", ""ITGB2"", ""TNF"", ""EP300"", ""XCL1"", ""KLRD1"", ""CCL4"", ""LRCH4"", ""RFTN1"")"
"187","GOBP_CELL_CYCLE_CHECKPOINT_SIGNALING","0.00741727795189907","0.0430852241189994","0.407017918923954","0.581703726168108","1.80027013466291","20","c(""NDC80"", ""CDC45"", ""CENPF"", ""MAD2L1"", ""AURKB"", ""CLSPN"", ""SPC25"", ""CDC20"", ""NUF2"", ""CDK1"", ""GTSE1"", ""ZWINT"", ""CCNB1"", ""MDC1"", ""BIRC5"", ""PLK1"")"
"188","GOBP_REGULATION_OF_CELL_KILLING","0.00250872439588991","0.0210262641957776","0.431707695803346","0.534470270524975","1.80534156969004","28","c(""PTPRC"", ""IL7R"", ""SH2D1A"", ""LAG3"", ""CRTAM"", ""IFNG"", ""XCL1"", ""KLRD1"", ""IL21"", ""IL13"", ""KLRC1"")"
"189","GOBP_ESTABLISHMENT_OF_ORGANELLE_LOCALIZATION","0.000636411923010776","0.00813937354166414","0.477270815362862","0.476132068512563","1.80770516079513","49","c(""EZR"", ""LAT"", ""RAC2"", ""YWHAZ"", ""TUBA1A"", ""IFNG"", ""NUSAP1"", ""CSNK1D"", ""NDC80"", ""CENPE"", ""GEM"", ""CENPF"", ""MAD2L1"", ""AURKB"", ""TCIRG1"", ""FAM83D"", ""SPC25"", ""IL13"", ""CEP55"", ""KIF2C"", ""SYT11"", ""SMPD3"", ""NUF2"")"
"190","GOBP_ACTIVATION_OF_IMMUNE_RESPONSE","6.0261424278115e-05","0.00125515937996417","0.557332238758646","0.4116256972909","1.80959349940612","105","c(""PTPRC"", ""TRAC"", ""CD3D"", ""TRBC2"", ""CD3E"", ""RGCC"", ""EZR"", ""PTPN22"", ""LAT"", ""HSPA1A"", ""TRBC1"", ""BIRC3"", ""SH2D1A"", ""HSPA1B"", ""CD8A"", ""TRAT1"", ""NFKB1"", ""WNK1"", ""TRGC2"", ""CCR7"", ""NFKBIZ"", ""TESPA1"", ""TNF"", ""EP300"", ""KLRD1"", ""LRCH4"", ""RFTN1"")"
"191","GOBP_TUMOR_NECROSIS_FACTOR_MEDIATED_SIGNALING_PATHWAY","0.00441308938302569","0.0312343899051042","0.407017918923954","0.617360614113731","1.81225765671539","16","c(""TNFRSF18"", ""HSPA1A"", ""BIRC3"", ""HSPA1B"", ""TNFRSF4"", ""TNF"", ""PTK2B"")"
"192","GOBP_REGULATION_OF_CELL_ACTIVATION","3.32716409515847e-06","0.000127658032914238","0.627256739718528","0.389703416977525","1.81833457170662","154","c(""CD2"", ""PTPRC"", ""SAMSN1"", ""CD3E"", ""ICOS"", ""CD27"", ""TIGIT"", ""RUNX3"", ""ZFP36L2"", ""PTPN22"", ""LAT"", ""RAC2"", ""TNFRSF9"", ""IL7R"", ""IL2RA"", ""SLAMF1"", ""CCL5"", ""TNFRSF4"", ""CST7"", ""TBC1D10C"", ""JUNB"", ""LAG3"", ""PAG1"", ""CRTAM"", ""CD177"", ""TNFSF9"", ""IFNG"", ""SH3KBP1"", ""IRS2"", ""CCR7"", ""NFKBIZ"", ""EBI3"", ""TNFSF14"", ""XBP1"", ""CD40LG"", ""TESPA1"", ""ITGB2"", ""TNF"", ""XCL1"", ""KLRD1"")"
"193","GOBP_MICROTUBULE_BASED_PROCESS","0.000156288691792723","0.00274540858594928","0.518848077743792","0.42262118492556","1.82520657425451","86","c(""EZR"", ""TUBA4A"", ""HSPA1A"", ""HSPA1B"", ""GADD45A"", ""TUBA1A"", ""CHD3"", ""TUBB2A"", ""NUSAP1"", ""CSNK1D"", ""ROCK1"", ""STMN1"", ""NDC80"", ""CENPE"", ""MAPRE2"", ""KIF21B"", ""KIF23"", ""MAD2L1"", ""AURKB"", ""RNF4"", ""SPC25"", ""AURKA"", ""STAG1"", ""KIF2C"", ""PARD6G"", ""TUBA1C"", ""CCNB2"", ""BAG3"", ""ASH1L"", ""DLGAP5"", ""TERF2"", ""CDC20"", ""NUF2"", ""CEP44"", ""CDK1"", ""GTSE1"", ""TPX2"", ""IQCG"", ""ASPM"", ""CCNB1"")"
"194","GOBP_CD4_POSITIVE_ALPHA_BETA_T_CELL_ACTIVATION","0.00277698862349173","0.0217848118587737","0.431707695803346","0.57328792957944","1.82891705945885","23","c(""CD3E"", ""RUNX3"", ""IL2RA"", ""JUNB"", ""IFNG"", ""NFKBIZ"", ""NKG7"", ""XCL1"", ""IL21"", ""TCIRG1"")"
"195","GOBP_REGULATION_OF_LYMPHOCYTE_MEDIATED_IMMUNITY","0.00138080855330038","0.0145181453615252","0.45505986738723","0.513458845186954","1.83599383668615","35","c(""PTPRC"", ""CD96"", ""IL7R"", ""SH2D1A"", ""SLAMF1"", ""LAG3"", ""CRTAM"", ""TNF"", ""XCL1"", ""KLRD1"")"
"196","GOBP_LEUKOCYTE_MEDIATED_CYTOTOXICITY","0.00273651088566247","0.0217848118587737","0.431707695803346","0.517691338791981","1.83730423229261","34","c(""CD2"", ""PTPRC"", ""IL7R"", ""SH2D1A"", ""LAG3"", ""CRTAM"", ""NKG7"", ""XCL1"", ""KLRD1"", ""IL21"", ""GZMB"", ""KLRC1"", ""SLAMF7"")"
"197","GOBP_CELL_ACTIVATION","1.59204805315924e-07","8.5970594870599e-06","0.690132458796796","0.369527434609394","1.86133349084334","249","c(""CD2"", ""PTPRC"", ""TRAC"", ""CD3D"", ""SAMSN1"", ""TRBC2"", ""CD3E"", ""RGCC"", ""ICOS"", ""CD27"", ""SH2D2A"", ""TIGIT"", ""RUNX3"", ""ITM2A"", ""ZFP36L2"", ""PTPN22"", ""CD7"", ""LAT"", ""LCP1"", ""RAC2"", ""TRBC1"", ""TNFRSF9"", ""IL21R"", ""IL7R"", ""CD8A"", ""IL2RA"", ""SLAMF1"", ""CCL5"", ""TNFRSF4"", ""CST7"", ""TBC1D10C"", ""JUNB"", ""LAG3"", ""PAG1"", ""CRTAM"", ""CD177"", ""TNFSF9"", ""IFNG"", ""SH3KBP1"", ""IRS2"", ""DOCK2"", ""CCR7"", ""JAML"", ""NFKBIZ"", ""EBI3"", ""TNFSF14"", ""XBP1"", ""CD40LG"", ""NKG7"", ""TESPA1"", ""ITGB2"", ""TNF"", ""EP300"", ""XCL1"", ""KLRD1"")"
"198","GOBP_POSITIVE_REGULATION_OF_CELL_ACTIVATION","4.13807135256261e-05","0.000973114198715529","0.557332238758646","0.436057314805927","1.88582631943799","91","c(""CD2"", ""PTPRC"", ""CD3E"", ""ICOS"", ""CD27"", ""RUNX3"", ""PTPN22"", ""IL7R"", ""IL2RA"", ""SLAMF1"", ""CCL5"", ""TNFRSF4"", ""CD177"", ""TNFSF9"", ""IFNG"", ""SH3KBP1"", ""IRS2"", ""CCR7"", ""NFKBIZ"", ""EBI3"", ""TNFSF14"", ""XBP1"", ""CD40LG"", ""TESPA1"", ""ITGB2"", ""TNF"", ""XCL1"")"
"199","GOBP_REGULATION_OF_JNK_CASCADE","0.00153662094373173","0.0155582870552838","0.45505986738723","0.592123247041607","1.8890059461238","23","c(""CD27"", ""PTPN22"", ""SLAMF1"", ""GADD45A"", ""CCR7"", ""TNF"", ""PTK2B"", ""TRAF4"", ""RB1CC1"", ""IL1A"")"
"200","GOBP_NATURAL_KILLER_CELL_ACTIVATION","0.00232410420711688","0.0199326113763318","0.431707695803346","0.644243888292547","1.89117331533426","16","c(""CD2"", ""PTPRC"", ""PTPN22"", ""IL21R"", ""SLAMF1"", ""NKG7"", ""KLRD1"")"
"201","GOBP_NUCLEOBASE_CONTAINING_COMPOUND_TRANSPORT","0.00161266453523854","0.0159516702205687","0.45505986738723","0.630240360576153","1.89801328329002","18","c(""EIF4A3"", ""ZFP36"", ""WNK1"", ""YTHDC1"", ""RFTN1"", ""SLC25A33"", ""SLC25A4"", ""ZFP36L1"", ""ZC3H11A"", ""UPF1"", ""FYTTD1"", ""SLC28A3"")"
"202","GOBP_POSITIVE_REGULATION_OF_IMMUNE_RESPONSE","7.04597059223009e-07","3.31387907208757e-05","0.659444398037935","0.407743139663805","1.89973281161014","145","c(""PTPRC"", ""TRAC"", ""CD3D"", ""TRBC2"", ""CD3E"", ""RGCC"", ""EZR"", ""PTPN22"", ""LAT"", ""HSPA1A"", ""TRBC1"", ""BIRC3"", ""SH2D1A"", ""HSPA1B"", ""CD8A"", ""SLAMF1"", ""CCL5"", ""TRAT1"", ""NFKB1"", ""WNK1"", ""TRGC2"", ""LAG3"", ""HMGB2"", ""CRTAM"", ""CD177"", ""IFNG"", ""CCR7"", ""NFKBIZ"", ""XBP1"", ""TESPA1"", ""ITGB2"", ""TNF"", ""EP300"", ""XCL1"", ""KLRD1"", ""LRCH4"", ""RFTN1"")"
"203","GOBP_T_CELL_PROLIFERATION","0.000213863050791316","0.00341732388732225","0.518848077743792","0.487713822120342","1.90291445249138","55","c(""PTPRC"", ""CD3E"", ""SH2D2A"", ""PTPN22"", ""RAC2"", ""TNFRSF9"", ""IL2RA"", ""SLAMF1"", ""CCL5"", ""TNFRSF4"", ""CRTAM"", ""TNFSF9"", ""DOCK2"", ""EBI3"", ""TNFSF14"", ""CD40LG"", ""XCL1"")"
"204","GOBP_POSITIVE_REGULATION_OF_TYPE_II_INTERFERON_PRODUCTION","0.00146029009701185","0.0151000210031438","0.45505986738723","0.633564665818242","1.90802466291894","18","c(""CD2"", ""CD3E"", ""PTPN22"", ""SLAMF1"", ""CRTAM"", ""EBI3"", ""TNF"", ""IL21"")"
"205","GOBP_POSITIVE_REGULATION_OF_CELL_KILLING","0.00138410302143484","0.0145181453615252","0.45505986738723","0.635518281136702","1.91390811319731","18","c(""PTPRC"", ""SH2D1A"", ""LAG3"", ""CRTAM"", ""IFNG"", ""XCL1"", ""KLRD1"", ""IL21"", ""KLRC1"")"
"206","GOBP_POSITIVE_REGULATION_OF_LEUKOCYTE_CELL_CELL_ADHESION","0.000144033908975148","0.00259261036155267","0.518848077743792","0.468239032150671","1.92128422049192","67","c(""PTPRC"", ""CD3E"", ""ICOS"", ""CD27"", ""RUNX3"", ""PTPN22"", ""IL7R"", ""IL2RA"", ""SLAMF1"", ""CCL5"", ""TNFSF9"", ""IFNG"", ""CCR7"", ""NFKBIZ"", ""EBI3"", ""TNFSF14"", ""XBP1"", ""CD40LG"", ""TESPA1"", ""ITGB2"", ""TNF"", ""XCL1"")"
"207","GOBP_POSITIVE_REGULATION_OF_LYMPHOCYTE_ACTIVATION","9.60778366054587e-05","0.00191892446261313","0.538434096309916","0.454937120120371","1.92334448956566","72","c(""PTPRC"", ""CD3E"", ""ICOS"", ""CD27"", ""RUNX3"", ""PTPN22"", ""IL7R"", ""IL2RA"", ""SLAMF1"", ""CCL5"", ""TNFRSF4"", ""TNFSF9"", ""IFNG"", ""SH3KBP1"", ""IRS2"", ""CCR7"", ""NFKBIZ"", ""EBI3"", ""TNFSF14"", ""XBP1"", ""CD40LG"", ""TESPA1"", ""XCL1"")"
"208","GOBP_POSITIVE_REGULATION_OF_IMMUNE_SYSTEM_PROCESS","5.27439238402043e-08","3.49548367995536e-06","0.719512826338911","0.386503298189748","1.93293016722672","232","c(""CD2"", ""PTPRC"", ""TRAC"", ""CD3D"", ""TRBC2"", ""CD3E"", ""RGCC"", ""EZR"", ""ICOS"", ""CD27"", ""RUNX3"", ""TNFRSF18"", ""PTPN22"", ""LAT"", ""HSPA1A"", ""RAC2"", ""TRBC1"", ""IL7R"", ""BIRC3"", ""SH2D1A"", ""HSPA1B"", ""CD8A"", ""IL2RA"", ""SLAMF1"", ""CCL5"", ""TRAT1"", ""TNFRSF4"", ""NFKB1"", ""WNK1"", ""TRGC2"", ""LAG3"", ""HMGB2"", ""CRTAM"", ""CD177"", ""TNFSF9"", ""IFNG"", ""SH3KBP1"", ""IRS2"", ""CCR7"", ""NFKBIZ"", ""EBI3"", ""TNFSF14"", ""XBP1"", ""CD40LG"", ""XCL2"", ""TESPA1"", ""ITGB2"", ""TNF"", ""EP300"", ""XCL1"", ""KLRD1"", ""CCL4"", ""LRCH4"", ""RFTN1"")"
"209","GOBP_REGULATION_OF_SISTER_CHROMATID_SEGREGATION","0.00111825816557518","0.0122588000406663","0.45505986738723","0.643507159974787","1.9379671851035","18","c(""NDC80"", ""CENPE"", ""CENPF"", ""MAD2L1"", ""AURKB"", ""SPC25"", ""DLGAP5"", ""PBRM1"", ""CDC20"", ""NUF2"", ""CDK1"", ""ZWINT"", ""CCNB1"", ""BIRC5"", ""PLK1"")"
"210","GOBP_NEGATIVE_REGULATION_OF_ADAPTIVE_IMMUNE_RESPONSE","0.00188753710154066","0.0176412121413223","0.45505986738723","0.666420602350158","1.93895683992021","15","c(""PTPRC"", ""SAMSN1"", ""IL7R"", ""SLAMF1"", ""XCL1"", ""KLRD1"", ""KLRC1"", ""IL1RL1"", ""IL2"")"
"211","GOBP_REGULATION_OF_PROTEIN_UBIQUITINATION","0.000864891134172927","0.0102521241758059","0.477270815362862","0.620363742228002","1.95362742418453","22","c(""PTPN22"", ""HSPA1A"", ""SQSTM1"", ""BIRC3"", ""HSPA1B"", ""HSPA5"", ""WNK1"", ""MAD2L1"", ""GSK3A"")"
"212","GOBP_JNK_CASCADE","0.000705193187063064","0.00886354885118921","0.477270815362862","0.591699855955186","1.95672811679443","26","c(""CD27"", ""PTPN22"", ""SLAMF1"", ""GADD45A"", ""NFKB1"", ""CCR7"", ""TNF"", ""PTK2B"", ""TRAF4"", ""RB1CC1"", ""IL1A"")"
"213","GOBP_LEUKOCYTE_CELL_CELL_ADHESION","4.8099961481923e-06","0.000175324359601609","0.610526878385931","0.445100181831662","1.95675440315827","105","c(""PTPRC"", ""CD3E"", ""EZR"", ""ICOS"", ""CD27"", ""TIGIT"", ""RUNX3"", ""PTPN22"", ""RAC2"", ""IL7R"", ""IL2RA"", ""SLAMF1"", ""CCL5"", ""WNK1"", ""LAG3"", ""PAG1"", ""CRTAM"", ""SEMA4D"", ""CD177"", ""TNFSF9"", ""IFNG"", ""CCR7"", ""NFKBIZ"", ""EBI3"", ""TNFSF14"", ""XBP1"", ""CD40LG"", ""TESPA1"", ""ITGB2"", ""TNF"", ""ROCK1"", ""XCL1"")"
"214","GOBP_CYTOKINESIS","0.000890818555523041","0.0104743020480048","0.477270815362862","0.624895674741673","1.9611945792417","21","c(""WNK1"", ""NUSAP1"", ""IQGAP2"", ""ROCK1"", ""STMN1"", ""KIF23"", ""AURKB"", ""AURKA"", ""CEP55"", ""UNC119"", ""KLHL21"")"
"215","GOBP_REGULATION_OF_IMMUNE_RESPONSE","1.34749301829248e-07","7.85857928268172e-06","0.690132458796796","0.409988671878949","1.96874934635061","174","c(""PTPRC"", ""TRAC"", ""CD3D"", ""SAMSN1"", ""TRBC2"", ""CD3E"", ""RGCC"", ""EZR"", ""PTPN22"", ""LAT"", ""HSPA1A"", ""RAC2"", ""CD96"", ""TRBC1"", ""IL7R"", ""BIRC3"", ""SH2D1A"", ""HSPA1B"", ""CD8A"", ""YWHAZ"", ""HCST"", ""SLAMF1"", ""CCL5"", ""TRAT1"", ""NFKB1"", ""WNK1"", ""TRGC2"", ""JUNB"", ""LAG3"", ""HMGB2"", ""CRTAM"", ""CD177"", ""IFNG"", ""CCR7"", ""NFKBIZ"", ""XBP1"", ""TESPA1"", ""ITGB2"", ""TNF"", ""EP300"", ""XCL1"", ""KLRD1"", ""LRCH4"", ""RFTN1"")"
"216","GOBP_POSITIVE_REGULATION_OF_LYMPHOCYTE_DIFFERENTIATION","0.000814554794354997","0.00981504867908749","0.477270815362862","0.590520740672201","1.96932930840495","27","c(""PTPRC"", ""CD27"", ""RUNX3"", ""IL7R"", ""IL2RA"", ""TNFSF9"", ""IFNG"", ""NFKBIZ"", ""XBP1"", ""TESPA1"")"
"217","GOBP_POSITIVE_REGULATION_OF_JNK_CASCADE","0.00208132024584888","0.01873188221264","0.431707695803346","0.662545367591724","1.98107609027138","17","c(""CD27"", ""SLAMF1"", ""GADD45A"", ""CCR7"", ""TNF"", ""PTK2B"", ""TRAF4"", ""RB1CC1"", ""IL1A"")"
"218","GOBP_IMMUNE_RESPONSE_REGULATING_SIGNALING_PATHWAY","1.0598163785035e-05","0.000321919224970437","0.593325476396405","0.458037758692278","1.98381346915172","93","c(""PTPRC"", ""TRAC"", ""CD3D"", ""TRBC2"", ""CD3E"", ""EZR"", ""PTPN22"", ""LAT"", ""HSPA1A"", ""TRBC1"", ""BIRC3"", ""SH2D1A"", ""HSPA1B"", ""CD8A"", ""TRAT1"", ""NFKB1"", ""WNK1"", ""TRGC2"", ""CCR7"", ""NFKBIZ"", ""TESPA1"", ""TNF"", ""EP300"", ""KLRD1"", ""LRCH4"", ""RFTN1"")"
"219","GOBP_REGULATION_OF_LEUKOCYTE_MEDIATED_CYTOTOXICITY","0.00111516905462055","0.0122588000406663","0.45505986738723","0.641332523833324","1.98481071567257","20","c(""PTPRC"", ""IL7R"", ""SH2D1A"", ""LAG3"", ""CRTAM"", ""XCL1"", ""KLRD1"", ""IL21"", ""KLRC1"")"
"220","GOBP_CHROMATIN_REMODELING","0.000301450590165476","0.00448484653531903","0.49849310876659","0.551341100528169","1.98683170382496","37","c(""KDM6B"", ""SPTY2D1"", ""RYBP"", ""HMGB2"", ""CHD3"", ""NFKBIZ"", ""YTHDC1"", ""NCOA1"", ""EP300"", ""JADE1"", ""DEK"", ""GSK3A"", ""AURKA"", ""ASH1L"", ""PBRM1"", ""CDK1"", ""ZBTB7A"")"
"221","GOBP_CELL_CYCLE_PROCESS","3.95633242420857e-07","1.92277755816537e-05","0.674962860011025","0.426882201265311","1.98708736230126","150","c(""PTPRC"", ""RGCC"", ""EZR"", ""ZFP36L2"", ""HSPA1A"", ""HSPA1B"", ""PTTG1"", ""CCND2"", ""GADD45A"", ""WNK1"", ""TUBA1A"", ""CCNI"", ""CHD3"", ""PIM2"", ""NUSAP1"", ""IQGAP2"", ""CSNK1D"", ""PCNA"", ""TNF"", ""ROCK1"", ""STMN1"", ""BRD4"", ""NDC80"", ""CDC45"", ""CENPE"", ""CCNA2"", ""MAPRE2"", ""CENPM"", ""GEM"", ""NCAPG"", ""CENPF"", ""JADE1"", ""KIF23"", ""MAD2L1"", ""NCAPH"", ""AURKB"", ""ANKLE2"", ""REC8"", ""CLSPN"", ""IL1A"", ""RNF4"", ""FAM83D"", ""SPC25"", ""ZFP36L1"", ""AURKA"", ""CEP55"", ""STAG1"", ""KIF2C"", ""MND1"", ""PARD6G"", ""UNC119"", ""MKI67"", ""CCNB2"", ""CENPU"", ""KLHL21"", ""DLGAP5"", 
""PBRM1"", ""TERF2"", ""CDC20"", ""SMPD3"", ""NUF2"", ""CEP44"", ""TK1"", ""CDK1"", ""GTSE1"", ""ANKRD17"", ""TOP2A"", ""TPX2"", ""CDC34"", ""ZWINT"", ""ESCO2"", ""ASPM"")"
"222","GOBP_MONONUCLEAR_CELL_DIFFERENTIATION","5.23069809461922e-06","0.000186008727364752","0.610526878385931","0.452870324790456","1.98939358497046","101","c(""CD2"", ""PTPRC"", ""CD3D"", ""CD3E"", ""CD27"", ""RUNX3"", ""ITM2A"", ""ZFP36L2"", ""PTPN22"", ""TNFRSF9"", ""IL7R"", ""CD8A"", ""IL2RA"", ""SLAMF1"", ""JUNB"", ""LAG3"", ""CRTAM"", ""TNFSF9"", ""IFNG"", ""DOCK2"", ""CCR7"", ""NFKBIZ"", ""XBP1"", ""CD40LG"", ""TESPA1"", ""EP300"")"
"223","GOBP_IMMUNE_RESPONSE_REGULATING_CELL_SURFACE_RECEPTOR_SIGNALING_PATHWAY","2.46678460286888e-05","0.000642244991246935","0.575610261071129","0.466484327267816","1.98951558209528","77","c(""PTPRC"", ""TRAC"", ""CD3D"", ""TRBC2"", ""CD3E"", ""EZR"", ""PTPN22"", ""LAT"", ""TRBC1"", ""SH2D1A"", ""CD8A"", ""TRAT1"", ""NFKB1"", ""WNK1"", ""TRGC2"", ""CCR7"", ""NFKBIZ"", ""TESPA1"", ""EP300"", ""KLRD1"", ""RFTN1"")"
"224","GOBP_REGULATION_OF_MRNA_METABOLIC_PROCESS","0.00190255889174197","0.0176683494532471","0.45505986738723","0.665898855190271","1.99110334942293","17","c(""CNOT6L"", ""ZFP36L2"", ""ZC3H12D"", ""EIF4A3"", ""ZFP36"", ""YTHDC1"", ""ROCK1"", ""ZFP36L1"", ""TNRC6C"", ""ZBTB7A"")"
"225","GOBP_HETEROCYCLE_CATABOLIC_PROCESS","0.000167719903668009","0.00287688964174067","0.518848077743792","0.533953202276133","1.99942884977394","44","c(""APOBEC3G"", ""CNOT6L"", ""ZFP36L2"", ""HSPA1A"", ""ZC3H12D"", ""EIF4A3"", ""ZFP36"", ""HSPA1B"", ""ERN1"", ""ISG20"", ""NEAT1"", ""ROCK1"", ""WDR82"")"
"226","GOBP_CELL_CYCLE","1.31115709280735e-08","1.12451002430184e-06","0.747739663149885","0.408459762140703","2.00083202074751","205","c(""JUND"", ""PTPRC"", ""RGCC"", ""EZR"", ""TUBA4A"", ""RUNX3"", ""ZFP36L2"", ""HSPA1A"", ""BIRC3"", ""HSPA1B"", ""PTTG1"", ""CCND2"", ""PPP1R15A"", ""GADD45A"", ""WNK1"", ""TUBA1A"", ""JUNB"", ""CCNI"", ""CHD3"", ""SERTAD1"", ""TUBB2A"", ""PIM2"", ""NUSAP1"", ""IQGAP2"", ""PTP4A1"", ""CSNK1D"", ""DDIT3"", ""PCNA"", ""TNF"", ""EP300"", ""ROCK1"", ""STMN1"", ""BRD4"", ""HPGD"", ""NDC80"", ""CDC45"", ""TP53INP1"", ""CENPE"", ""CCNA2"", ""MAPRE2"", ""CENPM"", ""GEM"", ""NCAPG"", ""MCM7"", ""CENPF"", ""JADE1"", ""KIF23"", ""RB1CC1"", ""MAD2L1"", ""NCAPH"", ""AURKB"", ""ANKLE2"", ""JUN"", ""REC8"", ""CLSPN"", 
""IL1A"", ""RNF4"", ""FAM83D"", ""SPC25"", ""ZFP36L1"", ""AURKA"", ""CEP55"", ""STAG1"", ""KIF2C"", ""MND1"", ""PARD6G"", ""TUBA1C"", ""UNC119"", ""MKI67"", ""CCNB2"", ""CENPU"", ""KLHL21"", ""MAPK6"", ""DLGAP5"", ""PBRM1"", ""TERF2"", ""CDC20"", ""SMPD3"", ""NUF2"", ""CEP44"", ""TK1"", ""CDK1"", ""GTSE1"", ""ANKRD17"", ""TOP2A"", ""RGS2"", ""TPX2"", ""CDC34"", ""ZWINT"")"
"227","GOBP_CYTOSKELETON_DEPENDENT_CYTOKINESIS","0.00167272325024491","0.0161309301194429","0.45505986738723","0.67049090295614","2.00483402581029","17","c(""WNK1"", ""NUSAP1"", ""IQGAP2"", ""ROCK1"", ""STMN1"", ""KIF23"", ""AURKB"", ""CEP55"", ""UNC119"")"
"228","GOBP_MITOTIC_CYTOKINESIS","0.00167272325024491","0.0161309301194429","0.45505986738723","0.67049090295614","2.00483402581029","17","c(""WNK1"", ""NUSAP1"", ""IQGAP2"", ""ROCK1"", ""STMN1"", ""KIF23"", ""AURKB"", ""CEP55"", ""UNC119"")"
"229","GOBP_TYPE_II_INTERFERON_PRODUCTION","0.000405276086524304","0.00568165898223496","0.49849310876659","0.603346781654384","2.01210290919036","27","c(""CD2"", ""CD3E"", ""PTPN22"", ""CD96"", ""SLAMF1"", ""CRTAM"", ""CCR7"", ""EBI3"", ""DDIT3"", ""TNF"", ""XCL1"")"
"230","GOBP_ADAPTIVE_IMMUNE_RESPONSE","3.01346513568677e-07","1.56915434565404e-05","0.674962860011025","0.458706048036965","2.03765288246054","116","c(""PTPRC"", ""TRAC"", ""CD3D"", ""SAMSN1"", ""TRBC2"", ""CD3E"", ""CD27"", ""CD7"", ""LAT"", ""TRBC1"", ""IL21R"", ""IL7R"", ""SH2D1A"", ""CD8A"", ""SLAMF1"", ""TRAT1"", ""TRGC2"", ""JUNB"", ""LAG3"", ""PAG1"", ""CRTAM"", ""IFNG"", ""NFKBIZ"", ""EBI3"", ""CD40LG"", ""TNF"", ""XCL1"", ""KLRD1"", ""RFTN1"", ""PTK2B"", ""TRAV17"")"
"231","GOBP_REGULATION_OF_CD4_POSITIVE_ALPHA_BETA_T_CELL_ACTIVATION","0.00060711576877926","0.00783340522902798","0.477270815362862","0.700614990604826","2.03844572540703","15","c(""CD3E"", ""RUNX3"", ""IL2RA"", ""JUNB"", ""IFNG"", ""NFKBIZ"", ""XCL1"")"
"232","GOBP_MICROTUBULE_CYTOSKELETON_ORGANIZATION_INVOLVED_IN_MITOSIS","0.000235385935248864","0.00365098610205153","0.518848077743792","0.593090101678442","2.04373136038033","30","c(""HSPA1A"", ""HSPA1B"", ""NUSAP1"", ""STMN1"", ""NDC80"", ""CENPE"", ""KIF23"", ""MAD2L1"", ""AURKB"", ""SPC25"", ""AURKA"", ""STAG1"", ""DLGAP5"", ""CDC20"", ""NUF2"", ""CDK1"", ""TPX2"", ""CCNB1"", ""MYBL2"", ""PRC1"", ""BIRC5"", ""PLK1"", ""CENPA"", ""MAP9"", ""DCTN1"")"
"233","GOBP_RNA_PROCESSING","0.000149543518340529","0.00265895670415233","0.518848077743792","0.569732601392099","2.04842161617041","36","c(""CNOT6L"", ""HSPA1A"", ""EIF4A3"", ""CLK1"", ""POLR2A"", ""PRMT9"", ""HNRNPUL1"", ""WDR74"", ""ERN1"", ""ISG20"", ""SLC38A2"", ""YTHDC1"", ""METTL15"", ""ZFP36L1"", ""SRRT"")"
"234","GOBP_REGULATION_OF_CHROMOSOME_ORGANIZATION","0.000215633606058743","0.00341732388732225","0.518848077743792","0.60137799492346","2.05165157895069","29","c(""NDC80"", ""CENPE"", ""NCAPG"", ""CENPF"", ""MAD2L1"", ""NCAPH"", ""AURKB"", ""RNF4"", ""SPC25"", ""DLGAP5"", ""PBRM1"", ""TERF2"", ""CDC20"", ""NUF2"", ""CDK1"", ""TOP2A"", ""ZWINT"", ""CCNB1"", ""UPF1"", ""FEN1"", ""TFPT"", ""BIRC5"", ""PLK1"", ""SIRT6"")"
"235","GOBP_MICROTUBULE_CYTOSKELETON_ORGANIZATION","1.33753060129865e-05","0.000382376395430085","0.593325476396405","0.499908145009881","2.06500713589548","68","c(""EZR"", ""TUBA4A"", ""HSPA1A"", ""HSPA1B"", ""GADD45A"", ""TUBA1A"", ""CHD3"", ""TUBB2A"", ""NUSAP1"", ""CSNK1D"", ""ROCK1"", ""STMN1"", ""NDC80"", ""CENPE"", ""MAPRE2"", ""KIF23"", ""MAD2L1"", ""AURKB"", ""RNF4"", ""SPC25"", ""AURKA"", ""STAG1"", ""KIF2C"", ""PARD6G"", ""TUBA1C"", ""CCNB2"", ""DLGAP5"", ""CDC20"", ""NUF2"", ""CEP44"", ""CDK1"", ""TPX2"", ""IQCG"", ""ASPM"", ""CCNB1"")"
"236","GOBP_DNA_RECOMBINATION","0.000132520031795089","0.0024151775794655","0.518848077743792","0.633570820337268","2.06786812673895","25","c(""PTPRC"", ""IL7R"", ""HMGB2"", ""NFKBIZ"", ""CD40LG"", ""CDC45"", ""GINS2"", ""MCM7"", ""REC8"", ""ERCC5"", ""MND1"", ""TERF2"", ""IL2"", ""TOP2A"")"
"237","GOBP_NATURAL_KILLER_CELL_MEDIATED_IMMUNITY","0.000267273607267528","0.00405921791037558","0.49849310876659","0.718190190106943","2.10824215417055","16","c(""CD2"", ""CD96"", ""SH2D1A"", ""LAG3"", ""CRTAM"", ""NKG7"", ""KLRD1"", ""IL21"", ""GZMB"", ""KLRC1"", ""SLAMF7"")"
"238","GOBP_DNA_REPAIR","5.51485160921402e-05","0.00116531212264261","0.557332238758646","0.595815210687641","2.13047854736647","35","c(""PTTG1"", ""GADD45A"", ""HMGB2"", ""PCNA"", ""CDC45"", ""GINS2"", ""MCM7"", ""DEK"", ""REC8"", ""ERCC5"", ""CLSPN"", ""POLG"", ""PBRM1"", ""TERF2"", ""CDK1"", ""ZBTB7A"", ""RNASEH2A"", ""ESCO2"", ""OTUB2"", ""UPF1"", ""TIGAR"", ""FEN1"", ""MDC1"")"
"239","GOBP_MRNA_METABOLIC_PROCESS","4.67290735729171e-05","0.00103228771620171","0.557332238758646","0.598938504005645","2.14164662312516","35","c(""CNOT6L"", ""ZFP36L2"", ""HSPA1A"", ""ZC3H12D"", ""EIF4A3"", ""ZFP36"", ""HSPA1B"", ""PRMT9"", ""NFKBIZ"", ""ERN1"", ""YTHDC1"", ""NCOA1"", ""ROCK1"")"
"240","GOBP_POSITIVE_REGULATION_OF_ALPHA_BETA_T_CELL_ACTIVATION","0.00017871086136928","0.00302977251019081","0.518848077743792","0.737113338475115","2.14463800247547","15","c(""PTPRC"", ""CD3E"", ""RUNX3"", ""PTPN22"", ""IFNG"", ""NFKBIZ"", ""EBI3"", ""XCL1"")"
"241","GOBP_REGULATION_OF_CHROMOSOME_SEGREGATION","6.79195695917597e-05","0.00139474271077163","0.538434096309916","0.682050735719497","2.14788990923509","22","c(""NDC80"", ""CENPE"", ""NCAPG"", ""CENPF"", ""MAD2L1"", ""NCAPH"", ""AURKB"", ""SPC25"", ""KIF2C"", ""MKI67"", ""DLGAP5"", ""PBRM1"", ""CDC20"", ""NUF2"", ""CDK1"", ""ZWINT"", ""CCNB1"")"
"242","GOBP_PROTEIN_DNA_COMPLEX_ORGANIZATION","9.13108911303361e-06","0.000295847287262289","0.593325476396405","0.56185821702764","2.14969751476768","50","c(""KDM6B"", ""SPTY2D1"", ""RYBP"", ""HMGB2"", ""CHD3"", ""NFKBIZ"", ""YTHDC1"", ""NCOA1"", ""EP300"", ""BRD4"", ""CDC45"", ""CENPE"", ""CENPF"", ""JADE1"", ""DEK"", ""GSK3A"", ""RNF4"", ""MED25"", ""AURKA"", ""BCORL1"", ""MKI67"", ""ASH1L"", ""DLGAP5"", ""PBRM1"", ""CDK1"", ""ZBTB7A"")"
"243","GOBP_REGULATION_OF_LYMPHOCYTE_ACTIVATION","1.45217854529368e-08","1.17626462168788e-06","0.747739663149885","0.497159502784788","2.19957583565164","111","c(""CD2"", ""PTPRC"", ""SAMSN1"", ""CD3E"", ""ICOS"", ""CD27"", ""TIGIT"", ""RUNX3"", ""ZFP36L2"", ""PTPN22"", ""LAT"", ""RAC2"", ""TNFRSF9"", ""IL7R"", ""IL2RA"", ""SLAMF1"", ""CCL5"", ""TNFRSF4"", ""TBC1D10C"", ""JUNB"", ""LAG3"", ""PAG1"", ""CRTAM"", ""TNFSF9"", ""IFNG"", ""SH3KBP1"", ""IRS2"", ""CCR7"", ""NFKBIZ"", ""EBI3"", ""TNFSF14"", ""XBP1"", ""CD40LG"", ""TESPA1"", ""XCL1"", ""KLRD1"")"
"244","GOBP_RNA_SPLICING","0.000122849634086162","0.00229634316022596","0.518848077743792","0.737605737814277","2.20551401112701","17","c(""HSPA1A"", ""EIF4A3"", ""CLK1"", ""POLR2A"", ""ERN1"", ""SLC38A2"", ""YTHDC1"")"
"245","GOBP_REGULATION_OF_T_CELL_ACTIVATION","9.4966034231625e-08","5.76918657957122e-06","0.704975715167238","0.515139479159966","2.22477243819764","86","c(""CD2"", ""PTPRC"", ""CD3E"", ""ICOS"", ""CD27"", ""TIGIT"", ""RUNX3"", ""PTPN22"", ""LAT"", ""RAC2"", ""TNFRSF9"", ""IL7R"", ""IL2RA"", ""SLAMF1"", ""CCL5"", ""JUNB"", ""LAG3"", ""PAG1"", ""CRTAM"", ""TNFSF9"", ""IFNG"", ""CCR7"", ""NFKBIZ"", ""EBI3"", ""TNFSF14"", ""XBP1"", ""CD40LG"", ""TESPA1"", ""XCL1"")"
"246","GOBP_CHROMOSOME_SEPARATION","4.65886641477864e-05","0.00103228771620171","0.557332238758646","0.769032839096022","2.23750808157789","15","c(""NDC80"", ""NCAPG"", ""CENPF"", ""MAD2L1"", ""NCAPH"", ""AURKB"", ""SPC25"", ""DLGAP5"", ""CDC20"", ""NUF2"", ""ZWINT"", ""CCNB1"", ""BIRC5"", ""PLK1"")"
"247","GOBP_REGULATION_OF_LYMPHOCYTE_DIFFERENTIATION","4.60992047811551e-06","0.000172340104028011","0.610526878385931","0.608234134958798","2.24468834858749","40","c(""CD2"", ""PTPRC"", ""CD27"", ""RUNX3"", ""ZFP36L2"", ""IL7R"", ""IL2RA"", ""JUNB"", ""LAG3"", ""CRTAM"", ""TNFSF9"", ""IFNG"", ""NFKBIZ"", ""XBP1"", ""TESPA1"")"
"248","GOBP_T_CELL_DIFFERENTIATION_IN_THYMUS","1.61971941373068e-05","0.000445575642494214","0.575610261071129","0.750558578573695","2.26036008026816","18","c(""PTPRC"", ""CD3D"", ""CD3E"", ""ZFP36L2"", ""TNFRSF9"", ""IL7R"", ""DOCK2"", ""CCR7"", ""TESPA1"", ""IL1A"", ""ZFP36L1"")"
"249","GOBP_RNA_CATABOLIC_PROCESS","8.0980254744852e-06","0.000268339116859078","0.593325476396405","0.724181637375228","2.3103018263685","23","c(""CNOT6L"", ""ZFP36L2"", ""HSPA1A"", ""ZC3H12D"", ""EIF4A3"", ""ZFP36"", ""HSPA1B"", ""ERN1"", ""ISG20"", ""NEAT1"", ""ROCK1"", ""WDR82"")"
"250","GOBP_REGULATION_OF_ALPHA_BETA_T_CELL_ACTIVATION","6.14110659444816e-06","0.000211391695225373","0.610526878385931","0.734124110265315","2.3118775275591","22","c(""PTPRC"", ""CD3E"", ""RUNX3"", ""PTPN22"", ""IL2RA"", ""JUNB"", ""CRTAM"", ""IFNG"", ""NFKBIZ"", ""EBI3"", ""XCL1"")"
"251","GOBP_SPINDLE_ASSEMBLY","3.25039634808301e-06","0.000127658032914238","0.627256739718528","0.749505629601288","2.35227484730606","21","c(""HSPA1A"", ""HSPA1B"", ""CSNK1D"", ""NDC80"", ""MAPRE2"", ""KIF23"", ""AURKB"", ""RNF4"", ""AURKA"", ""STAG1"", ""CCNB2"", ""CDC20"", ""TPX2"", ""ASPM"", ""MYBL2"", ""PRC1"", ""BIRC5"", ""PLK1"")"
"252","GOBP_LYMPHOCYTE_ACTIVATION","5.41964724208384e-13","1.97546141973956e-10","0.921426003494898","0.508159681590045","2.37671284233175","158","c(""CD2"", ""PTPRC"", ""TRAC"", ""CD3D"", ""SAMSN1"", ""TRBC2"", ""CD3E"", ""ICOS"", ""CD27"", ""SH2D2A"", ""TIGIT"", ""RUNX3"", ""ITM2A"", ""ZFP36L2"", ""PTPN22"", ""CD7"", ""LAT"", ""LCP1"", ""RAC2"", ""TRBC1"", ""TNFRSF9"", ""IL21R"", ""IL7R"", ""CD8A"", ""IL2RA"", ""SLAMF1"", ""CCL5"", ""TNFRSF4"", ""TBC1D10C"", ""JUNB"", ""LAG3"", ""PAG1"", ""CRTAM"", ""TNFSF9"", ""IFNG"", ""SH3KBP1"", ""IRS2"", ""DOCK2"", ""CCR7"", ""JAML"", ""NFKBIZ"", ""EBI3"", ""TNFSF14"", ""XBP1"", ""CD40LG"", ""NKG7"", ""TESPA1"", ""EP300"", ""XCL1"", ""KLRD1"")"
"253","GOBP_MITOTIC_SPINDLE_ORGANIZATION","1.78356649352178e-06","7.64835278692573e-05","0.643551836150722","0.755543417288542","2.37933044712742","22","c(""HSPA1A"", ""HSPA1B"", ""STMN1"", ""NDC80"", ""CENPE"", ""KIF23"", ""AURKB"", ""SPC25"", ""AURKA"", ""STAG1"", ""DLGAP5"", ""CDC20"", ""NUF2"", ""TPX2"", ""CCNB1"", ""MYBL2"", ""PRC1"", ""BIRC5"", ""PLK1"")"
"254","GOBP_T_CELL_DIFFERENTIATION","1.66295707973311e-08","1.2761007485531e-06","0.73376198835648","0.604565943327695","2.41841494245462","60","c(""CD2"", ""PTPRC"", ""CD3D"", ""CD3E"", ""CD27"", ""RUNX3"", ""ZFP36L2"", ""PTPN22"", ""TNFRSF9"", ""IL7R"", ""CD8A"", ""IL2RA"", ""JUNB"", ""LAG3"", ""CRTAM"", ""TNFSF9"", ""IFNG"", ""DOCK2"", ""CCR7"", ""NFKBIZ"", ""XBP1"", ""TESPA1"")"
"255","GOBP_T_CELL_ACTIVATION","4.72276550692832e-12","7.65088012122389e-10","0.887074988399873","0.542682256359113","2.4327866552907","120","c(""CD2"", ""PTPRC"", ""TRAC"", ""CD3D"", ""TRBC2"", ""CD3E"", ""ICOS"", ""CD27"", ""SH2D2A"", ""TIGIT"", ""RUNX3"", ""ZFP36L2"", ""PTPN22"", ""CD7"", ""LAT"", ""LCP1"", ""RAC2"", ""TRBC1"", ""TNFRSF9"", ""IL7R"", ""CD8A"", ""IL2RA"", ""SLAMF1"", ""CCL5"", ""TNFRSF4"", ""JUNB"", ""LAG3"", ""PAG1"", ""CRTAM"", ""TNFSF9"", ""IFNG"", ""DOCK2"", ""CCR7"", ""JAML"", ""NFKBIZ"", ""EBI3"", ""TNFSF14"", ""XBP1"", ""CD40LG"", ""NKG7"", ""TESPA1"")"
"256","GOBP_ANTIGEN_RECEPTOR_MEDIATED_SIGNALING_PATHWAY","9.4161608814043e-09","9.15250837672498e-07","0.747739663149885","0.654159848332183","2.50284815208339","50","c(""PTPRC"", ""TRAC"", ""CD3D"", ""TRBC2"", ""CD3E"", ""EZR"", ""PTPN22"", ""LAT"", ""TRBC1"", ""SH2D1A"", ""CD8A"", ""TRAT1"", ""NFKB1"", ""WNK1"", ""TRGC2"", ""CCR7"", ""NFKBIZ"", ""TESPA1"", ""RFTN1"")"
"257","GOBP_SISTER_CHROMATID_SEGREGATION","5.02086983204239e-08","3.48591819767514e-06","0.719512826338911","0.721487587354402","2.51542923516892","32","c(""HSPA1A"", ""HSPA1B"", ""NUSAP1"", ""NDC80"", ""CENPE"", ""NCAPG"", ""CENPF"", ""KIF23"", ""MAD2L1"", ""NCAPH"", ""AURKB"", ""SPC25"", ""CEP55"", ""STAG1"", ""KIF2C"", ""DLGAP5"", ""PBRM1"", ""CDC20"", ""NUF2"", ""CDK1"", ""TOP2A"", ""TPX2"", ""ZWINT"", ""CCNB1"")"
"258","GOBP_T_CELL_RECEPTOR_SIGNALING_PATHWAY","4.86756385403581e-08","3.48591819767514e-06","0.719512826338911","0.722156958552413","2.51776296330253","32","c(""PTPRC"", ""TRAC"", ""CD3D"", ""TRBC2"", ""CD3E"", ""EZR"", ""PTPN22"", ""LAT"", ""TRBC1"", ""SH2D1A"", ""CD8A"", ""TRAT1"", ""WNK1"", ""TRGC2"", ""CCR7"", ""NFKBIZ"", ""TESPA1"", ""RFTN1"")"
"259","GOBP_ALPHA_BETA_T_CELL_ACTIVATION","4.72089124995403e-09","4.91647103030926e-07","0.761460801445585","0.716731729764251","2.58283904912719","37","c(""PTPRC"", ""TRAC"", ""CD3D"", ""TRBC2"", ""CD3E"", ""RUNX3"", ""PTPN22"", ""TRBC1"", ""IL2RA"", ""JUNB"", ""CRTAM"", ""IFNG"", ""DOCK2"", ""NFKBIZ"", ""EBI3"", ""NKG7"", ""XCL1"")"
"260","GOBP_MITOTIC_SISTER_CHROMATID_SEGREGATION","1.00455023404032e-08","9.15396400769245e-07","0.747739663149885","0.772884273594705","2.61065990875354","28","c(""HSPA1A"", ""HSPA1B"", ""NUSAP1"", ""NDC80"", ""CENPE"", ""NCAPG"", ""CENPF"", ""KIF23"", ""MAD2L1"", ""NCAPH"", ""AURKB"", ""SPC25"", ""CEP55"", ""STAG1"", ""KIF2C"", ""DLGAP5"", ""CDC20"", ""NUF2"", ""CDK1"", ""TPX2"", ""ZWINT"", ""CCNB1"", ""MYBL2"", ""PRC1"", ""BIRC5"", ""PLK1"")"
"261","GOBP_SPINDLE_ORGANIZATION","4.29443040098057e-09","4.81636886509975e-07","0.761460801445585","0.768061104547235","2.66078844232397","31","c(""EZR"", ""HSPA1A"", ""HSPA1B"", ""CHD3"", ""CSNK1D"", ""STMN1"", ""NDC80"", ""CENPE"", ""MAPRE2"", ""KIF23"", ""AURKB"", ""RNF4"", ""SPC25"", ""AURKA"", ""STAG1"", ""CCNB2"", ""DLGAP5"", ""CDC20"", ""NUF2"", ""TPX2"", ""ASPM"", ""CCNB1"")"
"262","GOBP_CHROMOSOME_ORGANIZATION","3.72372764887708e-12","6.78649364007848e-10","0.887074988399873","0.695986254022942","2.67948014801599","54","c(""HSPA1A"", ""HSPA1B"", ""PTTG1"", ""HMGB2"", ""NUSAP1"", ""PCNA"", ""NDC80"", ""CDC45"", ""GINS2"", ""CENPE"", ""GEM"", ""NCAPG"", ""MCM7"", ""CENPF"", ""KIF23"", ""MAD2L1"", ""NCAPH"", ""AURKB"", ""REC8"", ""RNF4"", ""SPC25"", ""CEP55"", ""STAG1"", ""KIF2C"", ""MND1"", ""DLGAP5"", ""PBRM1"", ""TERF2"", ""CDC20"", ""NUF2"", ""CDK1"", ""TOP2A"", ""TPX2"", ""ZWINT"", ""ESCO2"", ""CCNB1"", ""UPF1"", ""FEN1"", ""MYBL2"")"
"263","GOBP_NUCLEAR_CHROMOSOME_SEGREGATION","3.23455768945582e-11","4.28725919202417e-09","0.851339057116899","0.74642004651866","2.75466351734117","40","c(""HSPA1A"", ""HSPA1B"", ""PTTG1"", ""NUSAP1"", ""NDC80"", ""CENPE"", ""GEM"", ""NCAPG"", ""CENPF"", ""KIF23"", ""MAD2L1"", ""NCAPH"", ""AURKB"", ""REC8"", ""FAM83D"", ""SPC25"", ""AURKA"", ""CEP55"", ""STAG1"", ""KIF2C"", ""MND1"", ""CCNB2"", ""DLGAP5"", ""PBRM1"", ""CDC20"", ""NUF2"", ""CDK1"", ""TOP2A"", ""TPX2"", ""ZWINT"", ""ASPM"", ""CCNB1"")"
"264","GOBP_CHROMOSOME_SEGREGATION","8.70006708629115e-14","4.2282326039375e-11","0.954541630725724","0.753320256911117","2.88224081276774","50","c(""HSPA1A"", ""HSPA1B"", ""PTTG1"", ""NUSAP1"", ""CSNK1D"", ""NDC80"", ""CENPE"", ""MAPRE2"", ""CENPM"", ""GEM"", ""NCAPG"", ""CENPF"", ""KIF23"", ""MAD2L1"", ""NCAPH"", ""AURKB"", ""REC8"", ""RNF4"", ""FAM83D"", ""SPC25"", ""AURKA"", ""CEP55"", ""STAG1"", ""KIF2C"", ""MND1"", ""MKI67"", ""CCNB2"", ""CENPU"", ""DLGAP5"", ""PBRM1"", ""CDC20"", ""NUF2"", ""CDK1"", ""TOP2A"", ""TPX2"", ""ZWINT"", ""ESCO2"", ""ASPM"", ""CCNB1"")"
